arm,init,seed,eval,seconds,best_cv_mse
none,hot,0,0,0.0000,0.006256
none,hot,1,0,0.0000,0.005528
none,hot,2,0,0.0000,0.006182
none,hot,3,0,0.0000,0.005990
none,hot,4,0,0.0000,0.007497
none,hot,5,0,0.0000,0.006414
none,hot,6,0,0.0000,0.006464
none,hot,7,0,0.0000,0.006181
none,hot,8,0,0.0000,0.006707
none,hot,9,0,0.0000,0.006677
opt-ga,hot,0,0,0.0000,0.006256
opt-ga,hot,0,1,0.0761,0.005616
opt-ga,hot,0,57,0.8470,0.005496
opt-ga,hot,0,115,1.6375,0.005456
opt-ga,hot,0,165,2.3069,0.005335
opt-ga,hot,0,225,3.0902,0.005261
opt-ga,hot,0,294,3.9951,0.005259
opt-ga,hot,0,300,4.0755,0.005242
opt-ga,hot,0,370,5.0200,0.005225
opt-ga,hot,0,455,6.1300,0.005209
opt-ga,hot,0,457,6.1691,0.005171
opt-ga,hot,0,551,7.4429,0.005161
opt-ga,hot,0,582,7.8514,0.005139
opt-ga,hot,0,663,9.0385,0.005000
opt-ga,hot,0,919,12.7552,0.004913
opt-ga,hot,0,923,12.8091,0.004903
opt-ga,hot,0,1013,14.0190,0.004826
opt-ga,hot,0,1115,15.4131,0.004819
opt-ga,hot,0,1127,15.5882,0.004816
opt-ga,hot,0,1133,15.6653,0.004813
opt-ga,hot,0,1138,15.7302,0.004792
opt-ga,hot,0,1214,16.7297,0.004787
opt-ga,hot,0,1304,17.9498,0.004781
opt-ga,hot,0,1325,18.2282,0.004776
opt-ga,hot,0,1363,18.7514,0.004752
opt-ga,hot,0,1388,19.0901,0.004732
opt-ga,hot,0,1398,19.2262,0.004694
opt-ga,hot,0,1469,20.1512,0.004680
opt-ga,hot,0,1485,20.3719,0.004677
opt-ga,hot,0,1600,21.9273,0.004675
opt-ga,hot,0,1682,23.0100,0.004642
opt-ga,hot,0,1863,25.3781,0.004633
opt-ga,hot,0,1878,25.6233,0.004618
opt-ga,hot,0,1885,25.7836,0.004604
opt-ga,hot,0,1941,26.6471,0.004593
opt-ga,hot,0,1986,27.2379,0.004590
opt-ga,hot,0,1990,27.2907,0.004588
opt-ga,hot,1,0,0.0000,0.005528
opt-ga,hot,1,26,0.4202,0.005226
opt-ga,hot,1,211,2.9205,0.005189
opt-ga,hot,1,328,4.4099,0.005097
opt-ga,hot,1,406,5.4470,0.005034
opt-ga,hot,1,467,6.2712,0.004825
opt-ga,hot,1,642,8.6726,0.004822
opt-ga,hot,1,669,9.0411,0.004779
opt-ga,hot,1,735,9.9720,0.004776
opt-ga,hot,1,809,11.4361,0.004763
opt-ga,hot,1,815,11.5532,0.004725
opt-ga,hot,1,1001,14.4054,0.004722
opt-ga,hot,1,1006,14.4694,0.004709
opt-ga,hot,1,1029,14.7774,0.004708
opt-ga,hot,1,1039,14.9192,0.004673
opt-ga,hot,1,1066,15.3037,0.004669
opt-ga,hot,1,1116,16.0699,0.004633
opt-ga,hot,1,1125,16.1954,0.004590
opt-ga,hot,1,1206,17.2546,0.004589
opt-ga,hot,1,1243,17.7357,0.004572
opt-ga,hot,1,1308,18.6096,0.004537
opt-ga,hot,1,1435,20.3580,0.004534
opt-ga,hot,1,1470,20.8203,0.004499
opt-ga,hot,1,1575,22.2214,0.004484
opt-ga,hot,1,1586,22.3682,0.004483
opt-ga,hot,1,1601,22.5661,0.004469
opt-ga,hot,1,1718,24.1520,0.004401
opt-ga,hot,1,1870,26.2136,0.004388
opt-ga,hot,1,1872,26.2453,0.004305
opt-ga,hot,2,0,0.0000,0.006182
opt-ga,hot,2,1,0.0609,0.005669
opt-ga,hot,2,17,0.2782,0.005661
opt-ga,hot,2,67,0.9640,0.005574
opt-ga,hot,2,91,1.3083,0.005513
opt-ga,hot,2,138,1.9330,0.005246
opt-ga,hot,2,417,5.9447,0.005208
opt-ga,hot,2,462,6.5728,0.005198
opt-ga,hot,2,546,7.7379,0.005191
opt-ga,hot,2,564,7.9772,0.005183
opt-ga,hot,2,586,8.2632,0.005181
opt-ga,hot,2,638,8.9297,0.005159
opt-ga,hot,2,667,9.3308,0.005155
opt-ga,hot,2,769,10.6842,0.005141
opt-ga,hot,2,786,10.9188,0.005083
opt-ga,hot,2,900,12.4829,0.005075
opt-ga,hot,2,933,12.9123,0.004943
opt-ga,hot,2,990,13.6823,0.004933
opt-ga,hot,2,1003,13.8690,0.004899
opt-ga,hot,2,1068,14.7461,0.004855
opt-ga,hot,2,1181,16.3140,0.004844
opt-ga,hot,2,1226,16.9072,0.004832
opt-ga,hot,2,1303,17.9111,0.004827
opt-ga,hot,2,1426,19.6713,0.004798
opt-ga,hot,2,1490,20.5168,0.004796
opt-ga,hot,2,1512,20.8164,0.004755
opt-ga,hot,2,1569,21.6054,0.004751
opt-ga,hot,2,1685,23.4234,0.004707
opt-ga,hot,2,1740,24.1757,0.004669
opt-ga,hot,2,1865,25.8879,0.004637
opt-ga,hot,2,1991,27.7691,0.004633
opt-ga,hot,3,0,0.0000,0.005990
opt-ga,hot,3,4,0.0974,0.005722
opt-ga,hot,3,23,0.3484,0.005496
opt-ga,hot,3,152,2.0428,0.005474
opt-ga,hot,3,186,2.4821,0.005469
opt-ga,hot,3,265,3.5214,0.005468
opt-ga,hot,3,307,4.0736,0.005428
opt-ga,hot,3,421,5.5442,0.005410
opt-ga,hot,3,462,6.0962,0.005291
opt-ga,hot,3,477,6.2834,0.005266
opt-ga,hot,3,660,8.7412,0.005193
opt-ga,hot,3,661,8.7533,0.005168
opt-ga,hot,3,801,10.5386,0.005161
opt-ga,hot,3,814,10.6982,0.005104
opt-ga,hot,3,855,11.2340,0.005018
opt-ga,hot,3,953,12.4855,0.004991
opt-ga,hot,3,1011,13.2638,0.004990
opt-ga,hot,3,1045,13.7154,0.004963
opt-ga,hot,3,1084,14.2237,0.004912
opt-ga,hot,3,1142,14.9816,0.004886
opt-ga,hot,3,1206,15.8142,0.004885
opt-ga,hot,3,1230,16.1202,0.004880
opt-ga,hot,3,1261,16.5139,0.004816
opt-ga,hot,3,1291,16.8978,0.004814
opt-ga,hot,3,1372,18.0090,0.004787
opt-ga,hot,3,1390,18.2434,0.004754
opt-ga,hot,3,1395,18.3151,0.004746
opt-ga,hot,3,1464,19.2240,0.004682
opt-ga,hot,3,1488,19.5563,0.004663
opt-ga,hot,3,1533,20.1412,0.004633
opt-ga,hot,3,1667,21.9113,0.004626
opt-ga,hot,3,1739,22.8276,0.004596
opt-ga,hot,3,1805,23.7960,0.004587
opt-ga,hot,3,1821,23.9997,0.004583
opt-ga,hot,3,1900,25.0016,0.004551
opt-ga,hot,3,1930,25.3835,0.004484
opt-ga,hot,3,1976,25.9663,0.004478
opt-ga,hot,4,0,0.0000,0.007497
opt-ga,hot,4,1,0.0567,0.006125
opt-ga,hot,4,6,0.1202,0.006074
opt-ga,hot,4,7,0.1337,0.005989
opt-ga,hot,4,10,0.1709,0.005593
opt-ga,hot,4,16,0.2466,0.005505
opt-ga,hot,4,47,0.6280,0.005363
opt-ga,hot,4,182,2.3821,0.005329
opt-ga,hot,4,299,3.8840,0.005189
opt-ga,hot,4,369,4.7506,0.005186
opt-ga,hot,4,412,5.2929,0.005165
opt-ga,hot,4,431,5.5258,0.005161
opt-ga,hot,4,470,6.0271,0.005129
opt-ga,hot,4,495,6.3398,0.004911
opt-ga,hot,4,677,8.6535,0.004782
opt-ga,hot,4,856,10.9629,0.004756
opt-ga,hot,4,1107,14.2559,0.004746
opt-ga,hot,4,1143,14.7265,0.004725
opt-ga,hot,4,1185,15.2932,0.004711
opt-ga,hot,4,1313,16.9649,0.004680
opt-ga,hot,4,1343,17.3495,0.004678
opt-ga,hot,4,1360,17.5779,0.004666
opt-ga,hot,4,1487,19.2610,0.004650
opt-ga,hot,4,1560,20.2349,0.004635
opt-ga,hot,4,1625,21.0924,0.004635
opt-ga,hot,4,1629,21.1428,0.004632
opt-ga,hot,4,1707,22.1682,0.004614
opt-ga,hot,4,1773,23.0155,0.004592
opt-ga,hot,4,1853,24.0705,0.004590
opt-ga,hot,4,1936,25.1624,0.004575
opt-ga,hot,5,0,0.0000,0.006414
opt-ga,hot,5,1,0.0663,0.005702
opt-ga,hot,5,3,0.0976,0.005695
opt-ga,hot,5,11,0.2108,0.005662
opt-ga,hot,5,34,0.5296,0.005553
opt-ga,hot,5,84,1.2199,0.005254
opt-ga,hot,5,426,5.6626,0.005253
opt-ga,hot,5,427,5.6752,0.005246
opt-ga,hot,5,429,5.7017,0.005237
opt-ga,hot,5,462,6.1358,0.005233
opt-ga,hot,5,569,7.5250,0.005176
opt-ga,hot,5,702,9.2972,0.005155
opt-ga,hot,5,751,9.9993,0.005145
opt-ga,hot,5,768,10.2345,0.005138
opt-ga,hot,5,849,11.3429,0.005102
opt-ga,hot,5,1000,13.2973,0.005093
opt-ga,hot,5,1041,13.8297,0.005061
opt-ga,hot,5,1116,14.8002,0.005051
opt-ga,hot,5,1207,15.9713,0.005039
opt-ga,hot,5,1524,20.2957,0.005038
opt-ga,hot,5,1536,20.4529,0.005034
opt-ga,hot,5,1537,20.4661,0.005024
opt-ga,hot,5,1566,20.8708,0.005011
opt-ga,hot,5,1631,21.7486,0.004979
opt-ga,hot,5,1683,22.4707,0.004971
opt-ga,hot,5,1739,23.2878,0.004941
opt-ga,hot,5,1873,25.2279,0.004927
opt-ga,hot,5,1947,26.2731,0.004920
opt-ga,hot,5,1961,26.5186,0.004880
opt-ga,hot,6,0,0.0000,0.006464
opt-ga,hot,6,1,0.0835,0.006399
opt-ga,hot,6,2,0.0994,0.006269
opt-ga,hot,6,4,0.1319,0.006248
opt-ga,hot,6,8,0.1966,0.006030
opt-ga,hot,6,16,0.3264,0.005949
opt-ga,hot,6,21,0.4049,0.005715
opt-ga,hot,6,45,0.8147,0.005700
opt-ga,hot,6,66,1.1576,0.005668
opt-ga,hot,6,127,2.0456,0.005586
opt-ga,hot,6,173,2.6762,0.005574
opt-ga,hot,6,253,3.8446,0.005540
opt-ga,hot,6,285,4.3146,0.005538
opt-ga,hot,6,303,4.5544,0.005442
opt-ga,hot,6,353,5.2702,0.005339
opt-ga,hot,6,481,7.2023,0.005282
opt-ga,hot,6,575,8.5377,0.005276
opt-ga,hot,6,658,9.6343,0.005248
opt-ga,hot,6,705,10.2473,0.005206
opt-ga,hot,6,746,10.7759,0.005172
opt-ga,hot,6,779,11.2124,0.005160
opt-ga,hot,6,784,11.2802,0.005155
opt-ga,hot,6,831,11.9057,0.005143
opt-ga,hot,6,859,12.2860,0.005009
opt-ga,hot,6,934,13.3086,0.004856
opt-ga,hot,6,1095,15.4545,0.004797
opt-ga,hot,6,1101,15.5363,0.004777
opt-ga,hot,6,1157,16.2587,0.004750
opt-ga,hot,6,1183,16.6033,0.004729
opt-ga,hot,6,1333,18.5967,0.004668
opt-ga,hot,6,1505,20.8619,0.004666
opt-ga,hot,6,1510,20.9255,0.004643
opt-ga,hot,6,1561,21.6008,0.004642
opt-ga,hot,6,1618,22.4619,0.004569
opt-ga,hot,6,1700,23.5483,0.004516
opt-ga,hot,6,1951,26.8725,0.004497
opt-ga,hot,6,1985,27.3295,0.004467
opt-ga,hot,7,0,0.0000,0.006181
opt-ga,hot,7,1,0.0605,0.005992
opt-ga,hot,7,2,0.0727,0.005881
opt-ga,hot,7,4,0.0976,0.005647
opt-ga,hot,7,13,0.2198,0.005588
opt-ga,hot,7,57,0.7810,0.005548
opt-ga,hot,7,112,1.4891,0.005506
opt-ga,hot,7,180,2.4198,0.005490
opt-ga,hot,7,219,2.9254,0.005428
opt-ga,hot,7,259,3.4499,0.005321
opt-ga,hot,7,313,4.1569,0.005249
opt-ga,hot,7,347,4.6265,0.005063
opt-ga,hot,7,506,6.7575,0.004899
opt-ga,hot,7,542,7.2483,0.004898
opt-ga,hot,7,628,8.4066,0.004823
opt-ga,hot,7,674,9.0182,0.004716
opt-ga,hot,7,709,9.4861,0.004699
opt-ga,hot,7,768,10.2597,0.004695
opt-ga,hot,7,777,10.5020,0.004694
opt-ga,hot,7,807,10.9026,0.004678
opt-ga,hot,7,821,11.1024,0.004678
opt-ga,hot,7,861,11.6219,0.004651
opt-ga,hot,7,888,11.9841,0.004650
opt-ga,hot,7,900,12.1533,0.004590
opt-ga,hot,7,988,13.3958,0.004578
opt-ga,hot,7,1025,13.9066,0.004547
opt-ga,hot,7,1028,13.9455,0.004513
opt-ga,hot,7,1106,14.9863,0.004438
opt-ga,hot,7,1178,15.9507,0.004356
opt-ga,hot,7,1384,18.6834,0.004323
opt-ga,hot,7,1420,19.1707,0.004294
opt-ga,hot,7,1665,22.5376,0.004250
opt-ga,hot,7,1693,22.8878,0.004245
opt-ga,hot,7,1787,24.1182,0.004227
opt-ga,hot,7,1929,26.0264,0.004181
opt-ga,hot,7,1989,26.9563,0.004171
opt-ga,hot,8,0,0.0000,0.006707
opt-ga,hot,8,1,0.0590,0.005884
opt-ga,hot,8,14,0.2518,0.005811
opt-ga,hot,8,123,1.8213,0.005773
opt-ga,hot,8,134,1.9681,0.005707
opt-ga,hot,8,227,3.2096,0.005659
opt-ga,hot,8,282,3.9062,0.005658
opt-ga,hot,8,309,4.2402,0.005497
opt-ga,hot,8,357,4.8977,0.005346
opt-ga,hot,8,433,5.9194,0.005295
opt-ga,hot,8,585,8.0033,0.005290
opt-ga,hot,8,587,8.0321,0.005262
opt-ga,hot,8,603,8.2535,0.005204
opt-ga,hot,8,703,9.6271,0.005193
opt-ga,hot,8,754,10.3022,0.005190
opt-ga,hot,8,777,10.6128,0.005170
opt-ga,hot,8,802,10.9545,0.005103
opt-ga,hot,8,905,12.3314,0.004929
opt-ga,hot,8,1105,15.0026,0.004919
opt-ga,hot,8,1170,15.8655,0.004878
opt-ga,hot,8,1178,15.9709,0.004766
opt-ga,hot,8,1278,17.4033,0.004627
opt-ga,hot,8,1400,19.0393,0.004570
opt-ga,hot,8,1434,19.5001,0.004530
opt-ga,hot,8,1454,19.7649,0.004525
opt-ga,hot,8,1530,20.7748,0.004463
opt-ga,hot,8,1635,22.1600,0.004392
opt-ga,hot,8,1741,23.5262,0.004360
opt-ga,hot,8,1908,25.7378,0.004332
opt-ga,hot,8,1981,26.6787,0.004314
opt-ga,hot,8,1992,26.8240,0.004282
opt-ga,hot,9,0,0.0000,0.006677
opt-ga,hot,9,1,0.0614,0.006271
opt-ga,hot,9,4,0.1031,0.006040
opt-ga,hot,9,11,0.1974,0.006019
opt-ga,hot,9,24,0.3734,0.005457
opt-ga,hot,9,127,1.7595,0.005428
opt-ga,hot,9,160,2.1995,0.005239
opt-ga,hot,9,273,3.7077,0.005146
opt-ga,hot,9,409,5.8013,0.005127
opt-ga,hot,9,542,7.5843,0.005101
opt-ga,hot,9,585,8.1590,0.005056
opt-ga,hot,9,616,8.5760,0.004997
opt-ga,hot,9,726,10.0654,0.004993
opt-ga,hot,9,753,10.4288,0.004899
opt-ga,hot,9,846,11.6847,0.004854
opt-ga,hot,9,877,12.0847,0.004809
opt-ga,hot,9,978,13.4521,0.004808
opt-ga,hot,9,1002,13.7827,0.004671
opt-ga,hot,9,1200,16.4622,0.004663
opt-ga,hot,9,1221,16.7336,0.004637
opt-ga,hot,9,1290,17.6883,0.004569
opt-ga,hot,9,1496,20.4355,0.004541
opt-ga,hot,9,1541,21.0465,0.004522
opt-ga,hot,9,1660,22.7547,0.004492
opt-ga,hot,9,1771,24.2501,0.004475
opt-ga,hot,9,1786,24.4561,0.004437
opt-ga,hot,9,1913,26.1363,0.004425
opt-ga,hot,9,1949,26.5874,0.004424
opt-ga,hot,9,1960,26.7336,0.004412
opt-ga,hot,9,1965,26.7998,0.004381
scipy-lbfgsb,hot,0,0,0.0000,0.006256
scipy-lbfgsb,hot,0,3,0.0588,0.006256
scipy-lbfgsb,hot,0,71,1.0493,0.006255
scipy-lbfgsb,hot,0,146,2.1091,0.005904
scipy-lbfgsb,hot,0,148,2.1357,0.005904
scipy-lbfgsb,hot,0,177,2.5197,0.005904
scipy-lbfgsb,hot,0,184,2.6119,0.005904
scipy-lbfgsb,hot,0,223,3.1156,0.005904
scipy-lbfgsb,hot,0,436,5.9587,0.005830
scipy-lbfgsb,hot,0,438,5.9857,0.005829
scipy-lbfgsb,hot,0,474,6.4555,0.005829
scipy-lbfgsb,hot,0,513,6.9752,0.005829
scipy-lbfgsb,hot,0,581,7.8900,0.005429
scipy-lbfgsb,hot,0,583,7.9170,0.005429
scipy-lbfgsb,hot,0,591,8.0250,0.005429
scipy-lbfgsb,hot,0,624,8.4687,0.005429
scipy-lbfgsb,hot,0,658,8.9099,0.005428
scipy-lbfgsb,hot,0,871,11.8850,0.005424
scipy-lbfgsb,hot,0,873,11.9118,0.005424
scipy-lbfgsb,hot,0,881,12.0179,0.005424
scipy-lbfgsb,hot,0,914,12.4549,0.005423
scipy-lbfgsb,hot,0,948,12.9246,0.005423
scipy-lbfgsb,hot,0,1161,15.8200,0.005421
scipy-lbfgsb,hot,0,1163,15.8486,0.005420
scipy-lbfgsb,hot,0,1171,15.9557,0.005420
scipy-lbfgsb,hot,0,1204,16.4068,0.005420
scipy-lbfgsb,hot,0,1238,16.8904,0.005420
scipy-lbfgsb,hot,0,1451,19.7597,0.005418
scipy-lbfgsb,hot,0,1453,19.7879,0.005418
scipy-lbfgsb,hot,0,1461,19.8943,0.005418
scipy-lbfgsb,hot,0,1494,20.3299,0.005418
scipy-lbfgsb,hot,0,1528,20.7976,0.005417
scipy-lbfgsb,hot,0,1743,23.8004,0.005417
scipy-lbfgsb,hot,0,1751,23.9189,0.005417
scipy-lbfgsb,hot,0,1784,24.4158,0.005417
scipy-lbfgsb,hot,0,1818,24.9329,0.005416
scipy-lbfgsb,hot,1,0,0.0000,0.005528
scipy-lbfgsb,hot,1,4,0.0644,0.005528
scipy-lbfgsb,hot,1,11,0.1636,0.005528
scipy-lbfgsb,hot,1,19,0.2692,0.005528
scipy-lbfgsb,hot,1,23,0.3196,0.005528
scipy-lbfgsb,hot,1,61,0.8486,0.005527
scipy-lbfgsb,hot,1,144,2.0420,0.005003
scipy-lbfgsb,hot,1,147,2.0901,0.005003
scipy-lbfgsb,hot,1,152,2.1710,0.005003
scipy-lbfgsb,hot,1,154,2.2018,0.005003
scipy-lbfgsb,hot,1,166,2.3830,0.005003
scipy-lbfgsb,hot,1,198,2.8711,0.005003
scipy-lbfgsb,hot,1,206,2.9865,0.005003
scipy-lbfgsb,hot,1,287,4.1717,0.004575
scipy-lbfgsb,hot,1,290,4.2127,0.004575
scipy-lbfgsb,hot,1,294,4.2687,0.004575
scipy-lbfgsb,hot,1,297,4.3115,0.004575
scipy-lbfgsb,hot,1,330,4.7551,0.004575
scipy-lbfgsb,hot,1,410,5.9350,0.004575
scipy-lbfgsb,hot,1,411,5.9488,0.004574
scipy-lbfgsb,hot,1,430,6.2339,0.004293
scipy-lbfgsb,hot,1,432,6.2675,0.004292
scipy-lbfgsb,hot,1,473,6.8662,0.004292
scipy-lbfgsb,hot,1,553,7.9567,0.004292
scipy-lbfgsb,hot,1,554,7.9692,0.004292
scipy-lbfgsb,hot,1,573,8.2428,0.004253
scipy-lbfgsb,hot,1,574,8.2668,0.004252
scipy-lbfgsb,hot,1,575,8.2906,0.004250
scipy-lbfgsb,hot,1,716,10.3247,0.004137
scipy-lbfgsb,hot,1,718,10.3564,0.004136
scipy-lbfgsb,hot,1,859,12.5745,0.004058
scipy-lbfgsb,hot,1,861,12.6043,0.004058
scipy-lbfgsb,hot,1,933,13.6037,0.004058
scipy-lbfgsb,hot,1,977,14.2212,0.004057
scipy-lbfgsb,hot,1,1002,14.5904,0.003903
scipy-lbfgsb,hot,1,1005,14.6625,0.003903
scipy-lbfgsb,hot,1,1006,14.6765,0.003903
scipy-lbfgsb,hot,1,1012,14.7532,0.003903
scipy-lbfgsb,hot,1,1014,14.7776,0.003903
scipy-lbfgsb,hot,1,1288,18.8168,0.003860
scipy-lbfgsb,hot,1,1291,18.8558,0.003860
scipy-lbfgsb,hot,1,1292,18.8685,0.003860
scipy-lbfgsb,hot,1,1298,18.9507,0.003860
scipy-lbfgsb,hot,1,1300,18.9762,0.003859
scipy-lbfgsb,hot,1,1574,22.6362,0.003852
scipy-lbfgsb,hot,1,1577,22.6810,0.003852
scipy-lbfgsb,hot,1,1578,22.6944,0.003852
scipy-lbfgsb,hot,1,1584,22.7730,0.003852
scipy-lbfgsb,hot,1,1586,22.7981,0.003851
scipy-lbfgsb,hot,1,1860,26.7272,0.003850
scipy-lbfgsb,hot,1,1863,26.7857,0.003850
scipy-lbfgsb,hot,1,1864,26.8071,0.003850
scipy-lbfgsb,hot,1,1870,26.9288,0.003850
scipy-lbfgsb,hot,1,1872,26.9700,0.003850
scipy-lbfgsb,hot,2,0,0.0000,0.006182
scipy-lbfgsb,hot,2,3,0.0575,0.006182
scipy-lbfgsb,hot,2,10,0.1606,0.006182
scipy-lbfgsb,hot,2,27,0.3987,0.006182
scipy-lbfgsb,hot,2,28,0.4121,0.006182
scipy-lbfgsb,hot,2,57,0.8139,0.006182
scipy-lbfgsb,hot,2,69,0.9898,0.006181
scipy-lbfgsb,hot,2,146,2.1009,0.005571
scipy-lbfgsb,hot,2,148,2.1295,0.005570
scipy-lbfgsb,hot,2,156,2.2464,0.005570
scipy-lbfgsb,hot,2,214,3.0608,0.005570
scipy-lbfgsb,hot,2,291,4.2495,0.004902
scipy-lbfgsb,hot,2,293,4.2767,0.004902
scipy-lbfgsb,hot,2,373,5.4066,0.004901
scipy-lbfgsb,hot,2,436,6.2697,0.004710
scipy-lbfgsb,hot,2,440,6.3234,0.004710
scipy-lbfgsb,hot,2,441,6.3360,0.004710
scipy-lbfgsb,hot,2,442,6.3486,0.004710
scipy-lbfgsb,hot,2,446,6.4116,0.004710
scipy-lbfgsb,hot,2,451,6.4826,0.004710
scipy-lbfgsb,hot,2,500,7.2020,0.004709
scipy-lbfgsb,hot,2,538,7.8316,0.004709
scipy-lbfgsb,hot,2,550,8.0084,0.004709
scipy-lbfgsb,hot,2,581,8.4748,0.004468
scipy-lbfgsb,hot,2,586,8.5783,0.004468
scipy-lbfgsb,hot,2,591,8.6868,0.004468
scipy-lbfgsb,hot,2,593,8.7308,0.004468
scipy-lbfgsb,hot,2,596,8.7998,0.004468
scipy-lbfgsb,hot,2,610,9.1105,0.004468
scipy-lbfgsb,hot,2,626,9.4685,0.004468
scipy-lbfgsb,hot,2,645,9.8709,0.004467
scipy-lbfgsb,hot,2,726,11.0718,0.004315
scipy-lbfgsb,hot,2,727,11.0962,0.004315
scipy-lbfgsb,hot,2,738,11.2607,0.004315
scipy-lbfgsb,hot,2,740,11.2915,0.004315
scipy-lbfgsb,hot,2,871,13.1644,0.004132
scipy-lbfgsb,hot,2,873,13.2127,0.004132
scipy-lbfgsb,hot,2,883,13.3678,0.004132
scipy-lbfgsb,hot,2,887,13.4252,0.004132
scipy-lbfgsb,hot,2,898,13.5800,0.004132
scipy-lbfgsb,hot,2,901,13.6194,0.004131
scipy-lbfgsb,hot,2,1016,15.1798,0.004021
scipy-lbfgsb,hot,2,1018,15.2279,0.004021
scipy-lbfgsb,hot,2,1028,15.3744,0.004021
scipy-lbfgsb,hot,2,1032,15.4270,0.004020
scipy-lbfgsb,hot,2,1041,15.5426,0.004020
scipy-lbfgsb,hot,2,1043,15.5691,0.004020
scipy-lbfgsb,hot,2,1046,15.6078,0.004020
scipy-lbfgsb,hot,2,1062,15.8268,0.004020
scipy-lbfgsb,hot,2,1098,16.3333,0.004020
scipy-lbfgsb,hot,2,1306,19.2835,0.003949
scipy-lbfgsb,hot,2,1308,19.3096,0.003949
scipy-lbfgsb,hot,2,1309,19.3227,0.003949
scipy-lbfgsb,hot,2,1315,19.4004,0.003949
scipy-lbfgsb,hot,2,1318,19.4381,0.003949
scipy-lbfgsb,hot,2,1319,19.4514,0.003948
scipy-lbfgsb,hot,2,1320,19.4646,0.003948
scipy-lbfgsb,hot,2,1451,21.4918,0.003861
scipy-lbfgsb,hot,2,1452,21.5248,0.003861
scipy-lbfgsb,hot,2,1454,21.5628,0.003861
scipy-lbfgsb,hot,2,1456,21.5975,0.003861
scipy-lbfgsb,hot,2,1463,21.7097,0.003861
scipy-lbfgsb,hot,2,1465,21.7440,0.003860
scipy-lbfgsb,hot,2,1509,22.4448,0.003860
scipy-lbfgsb,hot,2,1596,23.7897,0.003802
scipy-lbfgsb,hot,2,1598,23.8374,0.003802
scipy-lbfgsb,hot,2,1599,23.8610,0.003802
scipy-lbfgsb,hot,2,1601,23.9029,0.003802
scipy-lbfgsb,hot,2,1606,23.9781,0.003802
scipy-lbfgsb,hot,2,1631,24.3303,0.003802
scipy-lbfgsb,hot,2,1632,24.3446,0.003802
scipy-lbfgsb,hot,2,1660,24.7549,0.003802
scipy-lbfgsb,hot,2,1678,25.0001,0.003801
scipy-lbfgsb,hot,2,1741,25.8724,0.003744
scipy-lbfgsb,hot,2,1744,25.9439,0.003744
scipy-lbfgsb,hot,2,1746,25.9761,0.003744
scipy-lbfgsb,hot,2,1751,26.0502,0.003744
scipy-lbfgsb,hot,2,1776,26.4006,0.003744
scipy-lbfgsb,hot,2,1777,26.4141,0.003744
scipy-lbfgsb,hot,2,1786,26.5395,0.003744
scipy-lbfgsb,hot,2,1835,27.2641,0.003744
scipy-lbfgsb,hot,2,1886,28.1038,0.003730
scipy-lbfgsb,hot,2,1888,28.1528,0.003730
scipy-lbfgsb,hot,2,1889,28.1764,0.003730
scipy-lbfgsb,hot,2,1899,28.3154,0.003730
scipy-lbfgsb,hot,2,1932,28.8140,0.003729
scipy-lbfgsb,hot,3,0,0.0000,0.005990
scipy-lbfgsb,hot,3,3,0.0552,0.005989
scipy-lbfgsb,hot,3,7,0.1104,0.005987
scipy-lbfgsb,hot,3,142,1.9751,0.005189
scipy-lbfgsb,hot,3,143,1.9892,0.005189
scipy-lbfgsb,hot,3,144,2.0031,0.005188
scipy-lbfgsb,hot,3,160,2.2232,0.005188
scipy-lbfgsb,hot,3,280,3.8557,0.005188
scipy-lbfgsb,hot,3,283,3.8942,0.004871
scipy-lbfgsb,hot,3,284,3.9077,0.004871
scipy-lbfgsb,hot,3,285,3.9212,0.004871
scipy-lbfgsb,hot,3,348,4.7725,0.004871
scipy-lbfgsb,hot,3,396,5.4430,0.004870
scipy-lbfgsb,hot,3,397,5.4570,0.004870
scipy-lbfgsb,hot,3,424,5.8414,0.004465
scipy-lbfgsb,hot,3,425,5.8552,0.004465
scipy-lbfgsb,hot,3,431,5.9381,0.004465
scipy-lbfgsb,hot,3,474,6.6186,0.004464
scipy-lbfgsb,hot,3,486,6.7975,0.004464
scipy-lbfgsb,hot,3,565,7.9387,0.004252
scipy-lbfgsb,hot,3,566,7.9628,0.004252
scipy-lbfgsb,hot,3,572,8.0672,0.004252
scipy-lbfgsb,hot,3,573,8.0806,0.004252
scipy-lbfgsb,hot,3,627,8.9342,0.004252
scipy-lbfgsb,hot,3,679,9.6471,0.004252
scipy-lbfgsb,hot,3,706,10.0265,0.004045
scipy-lbfgsb,hot,3,707,10.0509,0.004045
scipy-lbfgsb,hot,3,713,10.1712,0.004045
scipy-lbfgsb,hot,3,714,10.1849,0.004045
scipy-lbfgsb,hot,3,820,11.6347,0.004045
scipy-lbfgsb,hot,3,988,13.8915,0.003947
scipy-lbfgsb,hot,3,989,13.9056,0.003947
scipy-lbfgsb,hot,3,995,13.9887,0.003947
scipy-lbfgsb,hot,3,996,14.0050,0.003947
scipy-lbfgsb,hot,3,1072,15.0661,0.003946
scipy-lbfgsb,hot,3,1102,15.4940,0.003946
scipy-lbfgsb,hot,3,1129,15.8871,0.003817
scipy-lbfgsb,hot,3,1130,15.9110,0.003817
scipy-lbfgsb,hot,3,1134,15.9883,0.003817
scipy-lbfgsb,hot,3,1136,16.0158,0.003817
scipy-lbfgsb,hot,3,1139,16.0574,0.003817
scipy-lbfgsb,hot,3,1155,16.2854,0.003817
scipy-lbfgsb,hot,3,1213,17.0997,0.003817
scipy-lbfgsb,hot,3,1217,17.1546,0.003817
scipy-lbfgsb,hot,3,1243,17.5250,0.003817
scipy-lbfgsb,hot,3,1270,17.9430,0.003652
scipy-lbfgsb,hot,3,1271,17.9667,0.003652
scipy-lbfgsb,hot,3,1275,18.0452,0.003652
scipy-lbfgsb,hot,3,1284,18.1824,0.003651
scipy-lbfgsb,hot,3,1394,19.7048,0.003651
scipy-lbfgsb,hot,3,1411,19.9584,0.003530
scipy-lbfgsb,hot,3,1412,19.9831,0.003530
scipy-lbfgsb,hot,3,1429,20.2344,0.003530
scipy-lbfgsb,hot,3,1441,20.3924,0.003530
scipy-lbfgsb,hot,3,1452,20.5436,0.003530
scipy-lbfgsb,hot,3,1487,21.0338,0.003530
scipy-lbfgsb,hot,3,1489,21.0633,0.003530
scipy-lbfgsb,hot,3,1552,21.9347,0.003460
scipy-lbfgsb,hot,3,1553,21.9589,0.003460
scipy-lbfgsb,hot,3,1557,22.0392,0.003460
scipy-lbfgsb,hot,3,1570,22.2271,0.003460
scipy-lbfgsb,hot,3,1573,22.2735,0.003460
scipy-lbfgsb,hot,3,1628,23.0922,0.003460
scipy-lbfgsb,hot,3,1682,23.8719,0.003460
scipy-lbfgsb,hot,3,1693,24.0344,0.003372
scipy-lbfgsb,hot,3,1694,24.0588,0.003372
scipy-lbfgsb,hot,3,1698,24.1351,0.003372
scipy-lbfgsb,hot,3,1715,24.3734,0.003371
scipy-lbfgsb,hot,3,1834,26.1028,0.003334
scipy-lbfgsb,hot,3,1835,26.1268,0.003334
scipy-lbfgsb,hot,3,1844,26.2736,0.003334
scipy-lbfgsb,hot,3,1855,26.4184,0.003334
scipy-lbfgsb,hot,3,1866,26.5677,0.003334
scipy-lbfgsb,hot,3,1873,26.6638,0.003334
scipy-lbfgsb,hot,3,1975,28.1427,0.003267
scipy-lbfgsb,hot,3,1976,28.1676,0.003267
scipy-lbfgsb,hot,3,1985,28.3163,0.003267
scipy-lbfgsb,hot,3,1996,28.4758,0.003267
scipy-lbfgsb,hot,4,0,0.0000,0.007497
scipy-lbfgsb,hot,4,2,0.0450,0.007497
scipy-lbfgsb,hot,4,4,0.0741,0.007497
scipy-lbfgsb,hot,4,7,0.1197,0.007497
scipy-lbfgsb,hot,4,23,0.3614,0.007497
scipy-lbfgsb,hot,4,60,0.9007,0.007497
scipy-lbfgsb,hot,4,63,0.9457,0.007497
scipy-lbfgsb,hot,4,145,2.1544,0.007497
scipy-lbfgsb,hot,4,291,4.2165,0.007487
scipy-lbfgsb,hot,4,292,4.2304,0.007487
scipy-lbfgsb,hot,4,294,4.2585,0.007487
scipy-lbfgsb,hot,4,297,4.2996,0.007487
scipy-lbfgsb,hot,4,313,4.5288,0.007486
scipy-lbfgsb,hot,4,350,5.0440,0.007486
scipy-lbfgsb,hot,4,353,5.0872,0.007486
scipy-lbfgsb,hot,4,435,6.1677,0.007486
scipy-lbfgsb,hot,4,581,8.2411,0.007484
scipy-lbfgsb,hot,4,582,8.2550,0.007484
scipy-lbfgsb,hot,4,584,8.2822,0.007484
scipy-lbfgsb,hot,4,587,8.3247,0.007484
scipy-lbfgsb,hot,4,603,8.5520,0.007484
scipy-lbfgsb,hot,4,640,9.0953,0.007484
scipy-lbfgsb,hot,4,643,9.1362,0.007484
scipy-lbfgsb,hot,4,725,10.3121,0.007484
scipy-lbfgsb,hot,4,726,10.3271,0.007482
scipy-lbfgsb,hot,4,727,10.3419,0.007482
scipy-lbfgsb,hot,4,729,10.3687,0.007482
scipy-lbfgsb,hot,4,732,10.4105,0.007482
scipy-lbfgsb,hot,4,748,10.6270,0.007482
scipy-lbfgsb,hot,4,785,11.1479,0.007482
scipy-lbfgsb,hot,4,788,11.1916,0.007481
scipy-lbfgsb,hot,4,870,12.3647,0.007481
scipy-lbfgsb,hot,4,1016,14.4931,0.007476
scipy-lbfgsb,hot,4,1017,14.5073,0.007476
scipy-lbfgsb,hot,4,1019,14.5347,0.007476
scipy-lbfgsb,hot,4,1022,14.5746,0.007476
scipy-lbfgsb,hot,4,1038,14.7921,0.007476
scipy-lbfgsb,hot,4,1075,15.3211,0.007476
scipy-lbfgsb,hot,4,1078,15.3606,0.007476
scipy-lbfgsb,hot,4,1160,16.5547,0.007476
scipy-lbfgsb,hot,4,1161,16.5680,0.007471
scipy-lbfgsb,hot,4,1162,16.5813,0.007471
scipy-lbfgsb,hot,4,1164,16.6067,0.007471
scipy-lbfgsb,hot,4,1167,16.6469,0.007471
scipy-lbfgsb,hot,4,1183,16.8600,0.007471
scipy-lbfgsb,hot,4,1220,17.3654,0.007471
scipy-lbfgsb,hot,4,1223,17.4054,0.007471
scipy-lbfgsb,hot,4,1305,18.4973,0.007471
scipy-lbfgsb,hot,4,1457,20.6120,0.007470
scipy-lbfgsb,hot,4,1473,20.8361,0.007470
scipy-lbfgsb,hot,4,1510,21.3389,0.007470
scipy-lbfgsb,hot,4,1513,21.3793,0.007470
scipy-lbfgsb,hot,4,1595,22.4963,0.007470
scipy-lbfgsb,hot,4,1602,22.5896,0.007470
scipy-lbfgsb,hot,4,1618,22.8033,0.007470
scipy-lbfgsb,hot,4,1655,23.4457,0.007470
scipy-lbfgsb,hot,4,1658,23.4846,0.007470
scipy-lbfgsb,hot,4,1740,24.6181,0.007470
scipy-lbfgsb,hot,5,0,0.0000,0.006414
scipy-lbfgsb,hot,5,3,0.0564,0.006414
scipy-lbfgsb,hot,5,15,0.2183,0.006414
scipy-lbfgsb,hot,5,17,0.2467,0.006414
scipy-lbfgsb,hot,5,19,0.2725,0.006413
scipy-lbfgsb,hot,5,142,1.9196,0.005758
scipy-lbfgsb,hot,5,144,1.9462,0.005758
scipy-lbfgsb,hot,5,146,1.9716,0.005758
scipy-lbfgsb,hot,5,158,2.1317,0.005758
scipy-lbfgsb,hot,5,283,3.9916,0.005272
scipy-lbfgsb,hot,5,285,4.0197,0.005272
scipy-lbfgsb,hot,5,287,4.0477,0.005272
scipy-lbfgsb,hot,5,339,4.7414,0.005271
scipy-lbfgsb,hot,5,424,5.9797,0.004880
scipy-lbfgsb,hot,5,428,6.0367,0.004879
scipy-lbfgsb,hot,5,430,6.0685,0.004879
scipy-lbfgsb,hot,5,433,6.1161,0.004879
scipy-lbfgsb,hot,5,439,6.2047,0.004879
scipy-lbfgsb,hot,5,440,6.2175,0.004879
scipy-lbfgsb,hot,5,446,6.3021,0.004879
scipy-lbfgsb,hot,5,466,6.5969,0.004878
scipy-lbfgsb,hot,5,508,7.2207,0.004875
scipy-lbfgsb,hot,5,565,8.0779,0.004296
scipy-lbfgsb,hot,5,569,8.1653,0.004296
scipy-lbfgsb,hot,5,570,8.1787,0.004296
scipy-lbfgsb,hot,5,607,8.7017,0.004296
scipy-lbfgsb,hot,5,631,9.0541,0.004296
scipy-lbfgsb,hot,5,661,9.4745,0.004296
scipy-lbfgsb,hot,5,706,10.1965,0.004249
scipy-lbfgsb,hot,5,710,10.2512,0.004249
scipy-lbfgsb,hot,5,711,10.2645,0.004249
scipy-lbfgsb,hot,5,748,10.7750,0.004249
scipy-lbfgsb,hot,5,772,11.0976,0.004249
scipy-lbfgsb,hot,5,988,14.2303,0.003957
scipy-lbfgsb,hot,5,990,14.2621,0.003957
scipy-lbfgsb,hot,5,992,14.2910,0.003957
scipy-lbfgsb,hot,5,994,14.3182,0.003957
scipy-lbfgsb,hot,5,1054,15.1489,0.003957
scipy-lbfgsb,hot,5,1270,18.2840,0.003903
scipy-lbfgsb,hot,5,1272,18.3247,0.003903
scipy-lbfgsb,hot,5,1312,18.8590,0.003903
scipy-lbfgsb,hot,5,1336,19.2038,0.003903
scipy-lbfgsb,hot,5,1552,22.3263,0.003851
scipy-lbfgsb,hot,5,1554,22.3510,0.003851
scipy-lbfgsb,hot,5,1558,22.4018,0.003851
scipy-lbfgsb,hot,5,1594,22.8587,0.003851
scipy-lbfgsb,hot,5,1618,23.1701,0.003850
scipy-lbfgsb,hot,5,1975,28.0733,0.003850
scipy-lbfgsb,hot,5,1977,28.1008,0.003850
scipy-lbfgsb,hot,5,1981,28.1561,0.003850
scipy-lbfgsb,hot,6,0,0.0000,0.006464
scipy-lbfgsb,hot,6,2,0.0422,0.006464
scipy-lbfgsb,hot,6,3,0.0554,0.006464
scipy-lbfgsb,hot,6,27,0.4181,0.006464
scipy-lbfgsb,hot,6,28,0.4329,0.006464
scipy-lbfgsb,hot,6,29,0.4473,0.006464
scipy-lbfgsb,hot,6,30,0.4611,0.006464
scipy-lbfgsb,hot,6,92,1.3355,0.006463
scipy-lbfgsb,hot,6,148,2.1363,0.005936
scipy-lbfgsb,hot,6,149,2.1495,0.005936
scipy-lbfgsb,hot,6,150,2.1640,0.005936
scipy-lbfgsb,hot,6,174,2.5081,0.005936
scipy-lbfgsb,hot,6,176,2.5365,0.005936
scipy-lbfgsb,hot,6,177,2.5512,0.005936
scipy-lbfgsb,hot,6,178,2.5654,0.005936
scipy-lbfgsb,hot,6,295,4.1312,0.005388
scipy-lbfgsb,hot,6,296,4.1436,0.005388
scipy-lbfgsb,hot,6,297,4.1566,0.005388
scipy-lbfgsb,hot,6,301,4.2080,0.005388
scipy-lbfgsb,hot,6,419,5.7875,0.005388
scipy-lbfgsb,hot,6,421,5.8138,0.005387
scipy-lbfgsb,hot,6,442,6.1067,0.004969
scipy-lbfgsb,hot,6,443,6.1203,0.004969
scipy-lbfgsb,hot,6,447,6.1780,0.004969
scipy-lbfgsb,hot,6,464,6.4205,0.004969
scipy-lbfgsb,hot,6,483,6.6749,0.004969
scipy-lbfgsb,hot,6,508,7.0200,0.004969
scipy-lbfgsb,hot,6,589,8.2509,0.004572
scipy-lbfgsb,hot,6,594,8.3476,0.004571
scipy-lbfgsb,hot,6,667,9.4450,0.004571
scipy-lbfgsb,hot,6,736,10.5341,0.004394
scipy-lbfgsb,hot,6,738,10.5627,0.004394
scipy-lbfgsb,hot,6,739,10.5769,0.004394
scipy-lbfgsb,hot,6,745,10.6603,0.004394
scipy-lbfgsb,hot,6,752,10.7570,0.004394
scipy-lbfgsb,hot,6,754,10.7843,0.004394
scipy-lbfgsb,hot,6,778,11.1127,0.004393
scipy-lbfgsb,hot,6,883,12.6673,0.004270
scipy-lbfgsb,hot,6,884,12.6817,0.004270
scipy-lbfgsb,hot,6,885,12.6948,0.004270
scipy-lbfgsb,hot,6,919,13.1577,0.004270
scipy-lbfgsb,hot,6,949,13.5691,0.004270
scipy-lbfgsb,hot,6,1008,14.3998,0.004270
scipy-lbfgsb,hot,6,1009,14.4153,0.004269
scipy-lbfgsb,hot,6,1030,14.7311,0.004032
scipy-lbfgsb,hot,6,1032,14.7790,0.004031
scipy-lbfgsb,hot,6,1117,16.0044,0.004031
scipy-lbfgsb,hot,6,1118,16.0195,0.004031
scipy-lbfgsb,hot,6,1177,16.8550,0.003944
scipy-lbfgsb,hot,6,1179,16.9033,0.003944
scipy-lbfgsb,hot,6,1180,16.9275,0.003944
scipy-lbfgsb,hot,6,1245,17.8263,0.003943
scipy-lbfgsb,hot,6,1324,18.9678,0.003853
scipy-lbfgsb,hot,6,1326,19.0153,0.003853
scipy-lbfgsb,hot,6,1327,19.0394,0.003853
scipy-lbfgsb,hot,6,1392,19.9415,0.003853
scipy-lbfgsb,hot,6,1438,20.5589,0.003853
scipy-lbfgsb,hot,6,1471,21.0110,0.003756
scipy-lbfgsb,hot,6,1472,21.0349,0.003756
scipy-lbfgsb,hot,6,1474,21.0830,0.003755
scipy-lbfgsb,hot,6,1476,21.1129,0.003755
scipy-lbfgsb,hot,6,1477,21.1286,0.003755
scipy-lbfgsb,hot,6,1490,21.3033,0.003755
scipy-lbfgsb,hot,6,1581,22.5322,0.003755
scipy-lbfgsb,hot,6,1618,23.0428,0.003653
scipy-lbfgsb,hot,6,1619,23.0667,0.003653
scipy-lbfgsb,hot,6,1621,23.1148,0.003653
scipy-lbfgsb,hot,6,1622,23.1283,0.003652
scipy-lbfgsb,hot,6,1623,23.1411,0.003652
scipy-lbfgsb,hot,6,1637,23.3171,0.003652
scipy-lbfgsb,hot,6,1712,24.3187,0.003652
scipy-lbfgsb,hot,6,1728,24.5435,0.003652
scipy-lbfgsb,hot,6,1912,27.2399,0.003569
scipy-lbfgsb,hot,6,1913,27.2550,0.003569
scipy-lbfgsb,hot,6,1916,27.2983,0.003569
scipy-lbfgsb,hot,7,0,0.0000,0.006181
scipy-lbfgsb,hot,7,2,0.0412,0.006181
scipy-lbfgsb,hot,7,9,0.1358,0.006180
scipy-lbfgsb,hot,7,142,1.8805,0.005446
scipy-lbfgsb,hot,7,146,1.9306,0.005446
scipy-lbfgsb,hot,7,150,1.9801,0.005445
scipy-lbfgsb,hot,7,283,3.8102,0.004822
scipy-lbfgsb,hot,7,287,3.8682,0.004822
scipy-lbfgsb,hot,7,288,3.8831,0.004822
scipy-lbfgsb,hot,7,290,3.9096,0.004822
scipy-lbfgsb,hot,7,298,4.0128,0.004821
scipy-lbfgsb,hot,7,317,4.2586,0.004821
scipy-lbfgsb,hot,7,373,5.0202,0.004821
scipy-lbfgsb,hot,7,424,5.7275,0.004388
scipy-lbfgsb,hot,7,426,5.7541,0.004388
scipy-lbfgsb,hot,7,439,5.9302,0.004388
scipy-lbfgsb,hot,7,548,7.7730,0.004388
scipy-lbfgsb,hot,7,565,8.0736,0.004225
scipy-lbfgsb,hot,7,566,8.0977,0.004225
scipy-lbfgsb,hot,7,567,8.1214,0.004225
scipy-lbfgsb,hot,7,609,8.7442,0.004225
scipy-lbfgsb,hot,7,614,8.8231,0.004224
scipy-lbfgsb,hot,7,661,9.4919,0.004224
scipy-lbfgsb,hot,7,667,9.5763,0.004224
scipy-lbfgsb,hot,7,706,10.1335,0.003914
scipy-lbfgsb,hot,7,709,10.2059,0.003914
scipy-lbfgsb,hot,7,713,10.2648,0.003914
scipy-lbfgsb,hot,7,723,10.4052,0.003914
scipy-lbfgsb,hot,7,728,10.4757,0.003914
scipy-lbfgsb,hot,7,729,10.4906,0.003913
scipy-lbfgsb,hot,7,732,10.5364,0.003913
scipy-lbfgsb,hot,7,738,10.6215,0.003913
scipy-lbfgsb,hot,7,744,10.7052,0.003913
scipy-lbfgsb,hot,7,754,10.8454,0.003913
scipy-lbfgsb,hot,7,756,10.8734,0.003913
scipy-lbfgsb,hot,7,836,11.9488,0.003913
scipy-lbfgsb,hot,7,847,12.1092,0.003854
scipy-lbfgsb,hot,7,848,12.1338,0.003854
scipy-lbfgsb,hot,7,854,12.2413,0.003854
scipy-lbfgsb,hot,7,864,12.3852,0.003854
scipy-lbfgsb,hot,7,870,12.4679,0.003854
scipy-lbfgsb,hot,7,873,12.5095,0.003854
scipy-lbfgsb,hot,7,896,12.8270,0.003854
scipy-lbfgsb,hot,7,927,13.3876,0.003853
scipy-lbfgsb,hot,7,943,13.6077,0.003853
scipy-lbfgsb,hot,7,988,14.2533,0.003764
scipy-lbfgsb,hot,7,991,14.3256,0.003764
scipy-lbfgsb,hot,7,995,14.3791,0.003764
scipy-lbfgsb,hot,7,1003,14.4894,0.003764
scipy-lbfgsb,hot,7,1010,14.5897,0.003764
scipy-lbfgsb,hot,7,1036,14.9548,0.003764
scipy-lbfgsb,hot,7,1038,14.9813,0.003763
scipy-lbfgsb,hot,7,1129,16.2216,0.003686
scipy-lbfgsb,hot,7,1130,16.2455,0.003686
scipy-lbfgsb,hot,7,1131,16.2692,0.003686
scipy-lbfgsb,hot,7,1152,16.5614,0.003685
scipy-lbfgsb,hot,7,1178,16.9063,0.003685
scipy-lbfgsb,hot,7,1225,17.5506,0.003685
scipy-lbfgsb,hot,7,1270,18.1813,0.003615
scipy-lbfgsb,hot,7,1271,18.2052,0.003615
scipy-lbfgsb,hot,7,1272,18.2294,0.003615
scipy-lbfgsb,hot,7,1277,18.3061,0.003615
scipy-lbfgsb,hot,7,1287,18.4374,0.003615
scipy-lbfgsb,hot,7,1293,18.5184,0.003615
scipy-lbfgsb,hot,7,1384,19.8171,0.003615
scipy-lbfgsb,hot,7,1552,22.2277,0.003566
scipy-lbfgsb,hot,7,1555,22.2672,0.003566
scipy-lbfgsb,hot,7,1557,22.2948,0.003566
scipy-lbfgsb,hot,7,1559,22.3218,0.003566
scipy-lbfgsb,hot,7,1568,22.4490,0.003566
scipy-lbfgsb,hot,7,1602,22.9044,0.003566
scipy-lbfgsb,hot,7,1622,23.1873,0.003566
scipy-lbfgsb,hot,7,1666,23.8257,0.003566
scipy-lbfgsb,hot,7,1693,24.2253,0.003499
scipy-lbfgsb,hot,7,1697,24.3121,0.003499
scipy-lbfgsb,hot,7,1698,24.3293,0.003499
scipy-lbfgsb,hot,7,1700,24.3572,0.003499
scipy-lbfgsb,hot,7,1708,24.4796,0.003499
scipy-lbfgsb,hot,7,1709,24.4963,0.003497
scipy-lbfgsb,hot,7,1834,26.2855,0.003462
scipy-lbfgsb,hot,7,1836,26.3333,0.003461
scipy-lbfgsb,hot,7,1849,26.5182,0.003461
scipy-lbfgsb,hot,7,1964,28.1336,0.003461
scipy-lbfgsb,hot,7,1975,28.3013,0.003392
scipy-lbfgsb,hot,7,1979,28.3897,0.003392
scipy-lbfgsb,hot,7,1980,28.4048,0.003392
scipy-lbfgsb,hot,7,1982,28.4348,0.003392
scipy-lbfgsb,hot,7,1990,28.5457,0.003392
scipy-lbfgsb,hot,8,0,0.0000,0.006707
scipy-lbfgsb,hot,8,4,0.0727,0.006707
scipy-lbfgsb,hot,8,26,0.3810,0.006707
scipy-lbfgsb,hot,8,27,0.3937,0.006706
scipy-lbfgsb,hot,8,33,0.4818,0.006706
scipy-lbfgsb,hot,8,45,0.6524,0.006706
scipy-lbfgsb,hot,8,144,2.1142,0.006025
scipy-lbfgsb,hot,8,150,2.1914,0.006025
scipy-lbfgsb,hot,8,153,2.2332,0.006025
scipy-lbfgsb,hot,8,154,2.2459,0.006024
scipy-lbfgsb,hot,8,188,2.7021,0.006024
scipy-lbfgsb,hot,8,250,3.5191,0.006024
scipy-lbfgsb,hot,8,287,4.0058,0.005295
scipy-lbfgsb,hot,8,288,4.0183,0.005295
scipy-lbfgsb,hot,8,294,4.1052,0.005295
scipy-lbfgsb,hot,8,319,4.4385,0.005295
scipy-lbfgsb,hot,8,331,4.5991,0.005295
scipy-lbfgsb,hot,8,332,4.6132,0.005294
scipy-lbfgsb,hot,8,341,4.7424,0.005294
scipy-lbfgsb,hot,8,363,5.0323,0.005294
scipy-lbfgsb,hot,8,409,5.6552,0.005294
scipy-lbfgsb,hot,8,430,5.9267,0.004858
scipy-lbfgsb,hot,8,431,5.9397,0.004858
scipy-lbfgsb,hot,8,433,5.9669,0.004858
scipy-lbfgsb,hot,8,434,5.9803,0.004858
scipy-lbfgsb,hot,8,465,6.3855,0.004858
scipy-lbfgsb,hot,8,480,6.5812,0.004858
scipy-lbfgsb,hot,8,513,7.0370,0.004858
scipy-lbfgsb,hot,8,520,7.1376,0.004856
scipy-lbfgsb,hot,8,573,7.8956,0.004426
scipy-lbfgsb,hot,8,574,7.9196,0.004426
scipy-lbfgsb,hot,8,582,8.0567,0.004426
scipy-lbfgsb,hot,8,583,8.0710,0.004426
scipy-lbfgsb,hot,8,598,8.2820,0.004426
scipy-lbfgsb,hot,8,599,8.2962,0.004426
scipy-lbfgsb,hot,8,623,8.6297,0.004426
scipy-lbfgsb,hot,8,645,8.9231,0.004426
scipy-lbfgsb,hot,8,647,8.9499,0.004426
scipy-lbfgsb,hot,8,691,9.5449,0.004426
scipy-lbfgsb,hot,8,716,9.9031,0.004244
scipy-lbfgsb,hot,8,717,9.9273,0.004243
scipy-lbfgsb,hot,8,718,9.9511,0.004243
scipy-lbfgsb,hot,8,725,10.0590,0.004243
scipy-lbfgsb,hot,8,726,10.0733,0.004243
scipy-lbfgsb,hot,8,734,10.1922,0.004243
scipy-lbfgsb,hot,8,742,10.2984,0.004243
scipy-lbfgsb,hot,8,753,10.4454,0.004243
scipy-lbfgsb,hot,8,834,11.5360,0.004243
scipy-lbfgsb,hot,8,859,11.8792,0.003997
scipy-lbfgsb,hot,8,860,11.9031,0.003997
scipy-lbfgsb,hot,8,861,11.9271,0.003997
scipy-lbfgsb,hot,8,877,12.1440,0.003997
scipy-lbfgsb,hot,8,897,12.4034,0.003997
scipy-lbfgsb,hot,8,1145,15.9316,0.003949
scipy-lbfgsb,hot,8,1146,15.9449,0.003949
scipy-lbfgsb,hot,8,1155,16.0628,0.003949
scipy-lbfgsb,hot,8,1163,16.1825,0.003949
scipy-lbfgsb,hot,8,1207,16.7933,0.003949
scipy-lbfgsb,hot,8,1229,17.0924,0.003949
scipy-lbfgsb,hot,8,1288,18.0311,0.003896
scipy-lbfgsb,hot,8,1289,18.0552,0.003896
scipy-lbfgsb,hot,8,1298,18.1949,0.003896
scipy-lbfgsb,hot,8,1306,18.2994,0.003896
scipy-lbfgsb,hot,8,1350,18.8873,0.003896
scipy-lbfgsb,hot,8,1431,20.0592,0.003809
scipy-lbfgsb,hot,8,1432,20.0838,0.003808
scipy-lbfgsb,hot,8,1441,20.2252,0.003808
scipy-lbfgsb,hot,8,1468,20.6120,0.003808
scipy-lbfgsb,hot,8,1515,21.2953,0.003808
scipy-lbfgsb,hot,8,1574,22.0922,0.003740
scipy-lbfgsb,hot,8,1577,22.1638,0.003740
scipy-lbfgsb,hot,8,1578,22.1770,0.003740
scipy-lbfgsb,hot,8,1584,22.2540,0.003740
scipy-lbfgsb,hot,8,1612,22.6211,0.003739
scipy-lbfgsb,hot,8,1717,24.0321,0.003671
scipy-lbfgsb,hot,8,1718,24.0562,0.003671
scipy-lbfgsb,hot,8,1721,24.1191,0.003671
scipy-lbfgsb,hot,8,1725,24.1741,0.003671
scipy-lbfgsb,hot,8,1727,24.2015,0.003671
scipy-lbfgsb,hot,8,1735,24.3082,0.003671
scipy-lbfgsb,hot,8,1792,25.0689,0.003671
scipy-lbfgsb,hot,8,1793,25.0836,0.003671
scipy-lbfgsb,hot,8,1860,26.0434,0.003609
scipy-lbfgsb,hot,8,1864,26.1292,0.003609
scipy-lbfgsb,hot,8,1870,26.2089,0.003609
scipy-lbfgsb,hot,8,1878,26.3155,0.003609
scipy-lbfgsb,hot,8,1936,27.1495,0.003609
scipy-lbfgsb,hot,8,1950,27.3442,0.003609
scipy-lbfgsb,hot,9,0,0.0000,0.006677
scipy-lbfgsb,hot,9,4,0.0709,0.006677
scipy-lbfgsb,hot,9,5,0.0906,0.006677
scipy-lbfgsb,hot,9,11,0.1848,0.006677
scipy-lbfgsb,hot,9,40,0.5821,0.006677
scipy-lbfgsb,hot,9,60,0.8561,0.006677
scipy-lbfgsb,hot,9,69,0.9745,0.006677
scipy-lbfgsb,hot,9,291,4.2041,0.006648
scipy-lbfgsb,hot,9,294,4.2481,0.006648
scipy-lbfgsb,hot,9,295,4.2623,0.006648
scipy-lbfgsb,hot,9,301,4.3461,0.006648
scipy-lbfgsb,hot,9,330,4.7395,0.006648
scipy-lbfgsb,hot,9,350,5.0221,0.006648
scipy-lbfgsb,hot,9,359,5.1542,0.006648
scipy-lbfgsb,hot,9,436,6.4219,0.006489
scipy-lbfgsb,hot,9,437,6.4361,0.006489
scipy-lbfgsb,hot,9,440,6.4789,0.006489
scipy-lbfgsb,hot,9,446,6.5645,0.006489
scipy-lbfgsb,hot,9,514,7.5358,0.006489
scipy-lbfgsb,hot,9,726,10.4079,0.006395
scipy-lbfgsb,hot,9,727,10.4220,0.006394
scipy-lbfgsb,hot,9,730,10.4626,0.006394
scipy-lbfgsb,hot,9,736,10.5430,0.006394
scipy-lbfgsb,hot,9,804,11.4793,0.006394
scipy-lbfgsb,hot,9,858,12.1896,0.006394
scipy-lbfgsb,hot,9,1016,14.3788,0.006379
scipy-lbfgsb,hot,9,1017,14.3923,0.006379
scipy-lbfgsb,hot,9,1020,14.4339,0.006379
scipy-lbfgsb,hot,9,1026,14.5163,0.006378
scipy-lbfgsb,hot,9,1094,15.4588,0.006378
scipy-lbfgsb,hot,9,1148,16.1669,0.006378
scipy-lbfgsb,hot,9,1306,18.2745,0.006373
scipy-lbfgsb,hot,9,1307,18.2890,0.006373
scipy-lbfgsb,hot,9,1310,18.3304,0.006373
scipy-lbfgsb,hot,9,1316,18.4300,0.006372
scipy-lbfgsb,hot,9,1384,19.3925,0.006372
scipy-lbfgsb,hot,9,1436,20.1059,0.006372
scipy-lbfgsb,hot,9,1438,20.1339,0.006372
scipy-lbfgsb,hot,9,1596,22.3053,0.006370
scipy-lbfgsb,hot,9,1597,22.3204,0.006370
scipy-lbfgsb,hot,9,1600,22.3643,0.006370
scipy-lbfgsb,hot,9,1606,22.5632,0.006370
scipy-lbfgsb,hot,9,1674,23.5057,0.006370
scipy-lbfgsb,hot,9,1726,24.1803,0.006370
scipy-lbfgsb,hot,9,1728,24.2082,0.006370
scipy-lbfgsb,hot,9,1886,26.3891,0.006369
scipy-lbfgsb,hot,9,1887,26.4031,0.006369
scipy-lbfgsb,hot,9,1890,26.4422,0.006369
scipy-lbfgsb,hot,9,1896,26.5204,0.006368
scipy-lbfgsb,hot,9,1964,27.4330,0.006368
none,cold,0,0,0.0000,0.006495
none,cold,1,0,0.0000,0.006025
none,cold,2,0,0.0000,0.006439
none,cold,3,0,0.0000,0.006382
none,cold,4,0,0.0000,0.006222
none,cold,5,0,0.0000,0.006533
none,cold,6,0,0.0000,0.005782
none,cold,7,0,0.0000,0.005357
none,cold,8,0,0.0000,0.006406
none,cold,9,0,0.0000,0.006225
opt-ga,cold,0,0,0.0000,0.006495
opt-ga,cold,0,1,0.0612,0.005616
opt-ga,cold,0,57,0.8404,0.005496
opt-ga,cold,0,115,1.6124,0.005456
opt-ga,cold,0,165,2.2538,0.005335
opt-ga,cold,0,225,3.0225,0.005261
opt-ga,cold,0,294,3.9240,0.005259
opt-ga,cold,0,300,4.0035,0.005242
opt-ga,cold,0,370,4.9213,0.005225
opt-ga,cold,0,455,6.1480,0.005209
opt-ga,cold,0,457,6.1800,0.005171
opt-ga,cold,0,551,7.4625,0.005161
opt-ga,cold,0,582,7.9126,0.005139
opt-ga,cold,0,663,8.9938,0.005000
opt-ga,cold,0,919,12.4167,0.004913
opt-ga,cold,0,923,12.4679,0.004903
opt-ga,cold,0,1013,13.7682,0.004826
opt-ga,cold,0,1115,15.3790,0.004819
opt-ga,cold,0,1127,15.5904,0.004816
opt-ga,cold,0,1133,15.6974,0.004813
opt-ga,cold,0,1138,15.7822,0.004792
opt-ga,cold,0,1214,16.7818,0.004787
opt-ga,cold,0,1304,17.9793,0.004781
opt-ga,cold,0,1325,18.2550,0.004776
opt-ga,cold,0,1363,18.7770,0.004752
opt-ga,cold,0,1388,19.1013,0.004732
opt-ga,cold,0,1398,19.2331,0.004694
opt-ga,cold,0,1469,20.1999,0.004680
opt-ga,cold,0,1485,20.4254,0.004677
opt-ga,cold,0,1600,21.9902,0.004675
opt-ga,cold,0,1682,23.1867,0.004642
opt-ga,cold,0,1863,25.7907,0.004633
opt-ga,cold,0,1878,26.0102,0.004618
opt-ga,cold,0,1885,26.1020,0.004604
opt-ga,cold,0,1941,26.8313,0.004593
opt-ga,cold,0,1986,27.4369,0.004590
opt-ga,cold,0,1990,27.4924,0.004588
opt-ga,cold,1,0,0.0000,0.006025
opt-ga,cold,1,3,0.0799,0.005951
opt-ga,cold,1,4,0.0920,0.005660
opt-ga,cold,1,18,0.2619,0.005623
opt-ga,cold,1,26,0.3655,0.005226
opt-ga,cold,1,142,1.8817,0.005170
opt-ga,cold,1,243,3.2172,0.005018
opt-ga,cold,1,303,4.0206,0.005004
opt-ga,cold,1,432,5.6958,0.004999
opt-ga,cold,1,523,6.8724,0.004913
opt-ga,cold,1,559,7.3371,0.004894
opt-ga,cold,1,613,8.0375,0.004833
opt-ga,cold,1,642,8.4148,0.004814
opt-ga,cold,1,789,10.4301,0.004794
opt-ga,cold,1,790,10.4427,0.004773
opt-ga,cold,1,867,11.4119,0.004646
opt-ga,cold,1,1120,14.7299,0.004639
opt-ga,cold,1,1154,15.1819,0.004612
opt-ga,cold,1,1200,15.8175,0.004606
opt-ga,cold,1,1268,16.8516,0.004553
opt-ga,cold,1,1287,17.1149,0.004527
opt-ga,cold,1,1416,18.8552,0.004520
opt-ga,cold,1,1476,19.6687,0.004412
opt-ga,cold,1,1738,23.1143,0.004403
opt-ga,cold,1,1932,25.6667,0.004353
opt-ga,cold,2,0,0.0000,0.006439
opt-ga,cold,2,1,0.0604,0.005669
opt-ga,cold,2,17,0.2760,0.005661
opt-ga,cold,2,67,0.9737,0.005574
opt-ga,cold,2,91,1.3036,0.005513
opt-ga,cold,2,138,1.9052,0.005246
opt-ga,cold,2,277,3.6723,0.005243
opt-ga,cold,2,354,4.6833,0.005234
opt-ga,cold,2,388,5.1244,0.005131
opt-ga,cold,2,426,5.6222,0.005091
opt-ga,cold,2,462,6.1032,0.005089
opt-ga,cold,2,527,6.9680,0.004990
opt-ga,cold,2,647,8.6995,0.004978
opt-ga,cold,2,770,10.3745,0.004955
opt-ga,cold,2,849,11.4130,0.004950
opt-ga,cold,2,917,12.2911,0.004944
opt-ga,cold,2,941,12.6159,0.004910
opt-ga,cold,2,994,13.3176,0.004845
opt-ga,cold,2,1003,13.4447,0.004845
opt-ga,cold,2,1016,13.6268,0.004763
opt-ga,cold,2,1202,16.0775,0.004727
opt-ga,cold,2,1246,16.6420,0.004703
opt-ga,cold,2,1303,17.3741,0.004694
opt-ga,cold,2,1421,18.9367,0.004677
opt-ga,cold,2,1505,20.0719,0.004634
opt-ga,cold,2,1517,20.2255,0.004633
opt-ga,cold,2,1574,21.0086,0.004608
opt-ga,cold,2,1603,21.4060,0.004579
opt-ga,cold,2,1689,22.5333,0.004576
opt-ga,cold,2,1729,23.0694,0.004569
opt-ga,cold,2,1732,23.1102,0.004537
opt-ga,cold,2,1753,23.3911,0.004525
opt-ga,cold,2,1784,23.8227,0.004476
opt-ga,cold,2,1986,26.5882,0.004427
opt-ga,cold,3,0,0.0000,0.006382
opt-ga,cold,3,1,0.0563,0.006195
opt-ga,cold,3,4,0.0922,0.005722
opt-ga,cold,3,23,0.3333,0.005496
opt-ga,cold,3,152,2.0388,0.005474
opt-ga,cold,3,186,2.4912,0.005469
opt-ga,cold,3,257,3.4273,0.005468
opt-ga,cold,3,260,3.4647,0.005268
opt-ga,cold,3,317,4.2247,0.005187
opt-ga,cold,3,595,7.8901,0.005182
opt-ga,cold,3,688,9.1471,0.004925
opt-ga,cold,3,825,10.9778,0.004913
opt-ga,cold,3,949,12.7670,0.004898
opt-ga,cold,3,1045,14.0564,0.004870
opt-ga,cold,3,1088,14.6441,0.004826
opt-ga,cold,3,1124,15.1365,0.004783
opt-ga,cold,3,1207,16.3872,0.004773
opt-ga,cold,3,1342,18.2432,0.004755
opt-ga,cold,3,1396,18.9766,0.004744
opt-ga,cold,3,1397,18.9891,0.004715
opt-ga,cold,3,1480,20.1083,0.004688
opt-ga,cold,3,1612,21.8986,0.004672
opt-ga,cold,3,1732,23.5501,0.004647
opt-ga,cold,3,1812,24.6368,0.004621
opt-ga,cold,3,1870,25.4499,0.004608
opt-ga,cold,3,1902,25.8890,0.004594
opt-ga,cold,3,1976,26.8412,0.004569
opt-ga,cold,4,0,0.0000,0.006222
opt-ga,cold,4,1,0.0635,0.006125
opt-ga,cold,4,6,0.1366,0.006074
opt-ga,cold,4,7,0.1518,0.005989
opt-ga,cold,4,10,0.1941,0.005593
opt-ga,cold,4,16,0.2754,0.005505
opt-ga,cold,4,47,0.7296,0.005363
opt-ga,cold,4,198,2.8234,0.005345
opt-ga,cold,4,281,3.9529,0.005317
opt-ga,cold,4,300,4.2528,0.005303
opt-ga,cold,4,321,4.5518,0.005235
opt-ga,cold,4,327,4.6363,0.005155
opt-ga,cold,4,390,5.5413,0.005109
opt-ga,cold,4,413,5.8756,0.004998
opt-ga,cold,4,613,9.3122,0.004989
opt-ga,cold,4,679,10.2333,0.004956
opt-ga,cold,4,759,11.4299,0.004888
opt-ga,cold,4,856,12.9051,0.004873
opt-ga,cold,4,890,13.4139,0.004870
opt-ga,cold,4,894,13.4765,0.004826
opt-ga,cold,4,940,14.1671,0.004763
opt-ga,cold,4,1173,17.5637,0.004740
opt-ga,cold,4,1235,18.4492,0.004697
opt-ga,cold,4,1277,19.0697,0.004684
opt-ga,cold,4,1334,19.8913,0.004653
opt-ga,cold,4,1376,20.4889,0.004637
opt-ga,cold,4,1509,22.3749,0.004635
opt-ga,cold,4,1560,23.1388,0.004619
opt-ga,cold,4,1657,24.4916,0.004581
opt-ga,cold,4,1661,24.5591,0.004567
opt-ga,cold,4,1662,24.5749,0.004559
opt-ga,cold,4,1716,25.3326,0.004523
opt-ga,cold,4,1796,26.6066,0.004488
opt-ga,cold,4,1966,29.0145,0.004487
opt-ga,cold,5,0,0.0000,0.006533
opt-ga,cold,5,1,0.0587,0.005702
opt-ga,cold,5,3,0.0865,0.005695
opt-ga,cold,5,11,0.1969,0.005662
opt-ga,cold,5,34,0.5122,0.005553
opt-ga,cold,5,84,1.2133,0.005254
opt-ga,cold,5,358,5.2238,0.005179
opt-ga,cold,5,437,6.3844,0.005178
opt-ga,cold,5,460,6.7391,0.005165
opt-ga,cold,5,509,7.4879,0.005108
opt-ga,cold,5,564,8.3075,0.005092
opt-ga,cold,5,757,11.1571,0.005090
opt-ga,cold,5,780,11.4838,0.005060
opt-ga,cold,5,849,12.4808,0.005031
opt-ga,cold,5,1063,15.7905,0.004939
opt-ga,cold,5,1254,18.5920,0.004931
opt-ga,cold,5,1319,19.5476,0.004900
opt-ga,cold,5,1546,22.8903,0.004889
opt-ga,cold,5,1569,23.2382,0.004837
opt-ga,cold,5,1601,23.7271,0.004828
opt-ga,cold,5,1739,25.8100,0.004827
opt-ga,cold,5,1809,26.8776,0.004799
opt-ga,cold,5,1974,29.3660,0.004794
opt-ga,cold,6,0,0.0000,0.005782
opt-ga,cold,6,21,0.3702,0.005715
opt-ga,cold,6,45,0.7243,0.005700
opt-ga,cold,6,66,1.0315,0.005668
opt-ga,cold,6,127,1.9502,0.005586
opt-ga,cold,6,173,2.6492,0.005574
opt-ga,cold,6,209,3.3000,0.005545
opt-ga,cold,6,224,3.5388,0.005519
opt-ga,cold,6,236,3.7300,0.005484
opt-ga,cold,6,322,5.0463,0.005391
opt-ga,cold,6,386,6.0378,0.005318
opt-ga,cold,6,474,7.4112,0.005009
opt-ga,cold,6,1157,17.8648,0.004908
opt-ga,cold,6,1208,18.6434,0.004880
opt-ga,cold,6,1390,21.5275,0.004874
opt-ga,cold,6,1428,22.1574,0.004867
opt-ga,cold,6,1429,22.1738,0.004820
opt-ga,cold,6,1541,24.3148,0.004776
opt-ga,cold,6,1658,26.1051,0.004763
opt-ga,cold,6,1787,28.0597,0.004699
opt-ga,cold,6,1913,29.9602,0.004635
opt-ga,cold,7,0,0.0000,0.005357
opt-ga,cold,7,198,3.0285,0.005259
opt-ga,cold,7,201,3.0732,0.005241
opt-ga,cold,7,262,4.0008,0.005236
opt-ga,cold,7,283,4.3249,0.005195
opt-ga,cold,7,311,4.7396,0.005131
opt-ga,cold,7,354,5.4202,0.005122
opt-ga,cold,7,376,5.7370,0.005084
opt-ga,cold,7,478,7.2492,0.005075
opt-ga,cold,7,484,7.3413,0.005028
opt-ga,cold,7,535,8.1217,0.005018
opt-ga,cold,7,547,8.3015,0.004982
opt-ga,cold,7,567,8.6072,0.004907
opt-ga,cold,7,585,8.8790,0.004893
opt-ga,cold,7,645,9.7655,0.004887
opt-ga,cold,7,651,9.8560,0.004877
opt-ga,cold,7,724,10.9457,0.004850
opt-ga,cold,7,777,11.8385,0.004848
opt-ga,cold,7,799,12.1748,0.004761
opt-ga,cold,7,865,13.2078,0.004727
opt-ga,cold,7,1010,15.3682,0.004726
opt-ga,cold,7,1028,15.6289,0.004717
opt-ga,cold,7,1037,15.7594,0.004708
opt-ga,cold,7,1104,16.7511,0.004694
opt-ga,cold,7,1110,16.8410,0.004679
opt-ga,cold,7,1160,17.6101,0.004670
opt-ga,cold,7,1240,18.8084,0.004633
opt-ga,cold,7,1252,18.9864,0.004588
opt-ga,cold,7,1306,19.7909,0.004581
opt-ga,cold,7,1330,20.1506,0.004562
opt-ga,cold,7,1466,22.2126,0.004524
opt-ga,cold,7,1494,22.6268,0.004518
opt-ga,cold,7,1543,23.3834,0.004500
opt-ga,cold,7,1574,23.8540,0.004499
opt-ga,cold,7,1601,24.2758,0.004496
opt-ga,cold,7,1607,24.3730,0.004491
opt-ga,cold,7,1627,24.6787,0.004486
opt-ga,cold,7,1649,25.0006,0.004475
opt-ga,cold,7,1664,25.2258,0.004446
opt-ga,cold,7,1744,26.4583,0.004439
opt-ga,cold,7,1789,27.1364,0.004436
opt-ga,cold,7,1795,27.2258,0.004426
opt-ga,cold,7,1847,28.0339,0.004425
opt-ga,cold,7,1855,28.1537,0.004366
opt-ga,cold,8,0,0.0000,0.006406
opt-ga,cold,8,1,0.0634,0.005884
opt-ga,cold,8,14,0.2575,0.005811
opt-ga,cold,8,123,2.0065,0.005773
opt-ga,cold,8,134,2.1781,0.005707
opt-ga,cold,8,229,3.6437,0.005456
opt-ga,cold,8,360,5.5753,0.005382
opt-ga,cold,8,377,5.8185,0.005372
opt-ga,cold,8,413,6.3640,0.005358
opt-ga,cold,8,528,8.0840,0.005296
opt-ga,cold,8,598,9.1397,0.005225
opt-ga,cold,8,600,9.1686,0.005200
opt-ga,cold,8,714,10.9089,0.005151
opt-ga,cold,8,911,13.9466,0.005113
opt-ga,cold,8,1003,15.3392,0.005078
opt-ga,cold,8,1053,16.0530,0.005072
opt-ga,cold,8,1068,16.2835,0.005017
opt-ga,cold,8,1257,19.1816,0.005014
opt-ga,cold,8,1288,19.6907,0.004999
opt-ga,cold,8,1331,20.3329,0.004997
opt-ga,cold,8,1434,21.8968,0.004976
opt-ga,cold,8,1438,21.9577,0.004955
opt-ga,cold,8,1505,23.0067,0.004882
opt-ga,cold,8,1608,24.7563,0.004846
opt-ga,cold,8,1730,26.8482,0.004811
opt-ga,cold,8,1758,27.2797,0.004798
opt-ga,cold,8,1797,27.8797,0.004740
opt-ga,cold,8,1947,30.1738,0.004715
opt-ga,cold,8,1992,30.8750,0.004704
opt-ga,cold,9,0,0.0000,0.006225
opt-ga,cold,9,4,0.1155,0.006040
opt-ga,cold,9,11,0.2357,0.006019
opt-ga,cold,9,24,0.4398,0.005457
opt-ga,cold,9,127,2.1109,0.005428
opt-ga,cold,9,160,2.6418,0.005239
opt-ga,cold,9,462,7.5652,0.005165
opt-ga,cold,9,708,11.4072,0.005133
opt-ga,cold,9,736,11.8280,0.005123
opt-ga,cold,9,742,11.9139,0.005101
opt-ga,cold,9,781,12.5215,0.005088
opt-ga,cold,9,808,12.9139,0.005021
opt-ga,cold,9,834,13.3010,0.005012
opt-ga,cold,9,873,13.8835,0.004911
opt-ga,cold,9,1130,17.8038,0.004875
opt-ga,cold,9,1131,17.8197,0.004874
opt-ga,cold,9,1133,17.8504,0.004865
opt-ga,cold,9,1138,17.9246,0.004864
opt-ga,cold,9,1149,18.0860,0.004843
opt-ga,cold,9,1218,19.1440,0.004834
opt-ga,cold,9,1253,19.6791,0.004791
opt-ga,cold,9,1303,20.4958,0.004763
opt-ga,cold,9,1511,23.7980,0.004762
opt-ga,cold,9,1544,24.3073,0.004737
opt-ga,cold,9,1624,25.5136,0.004727
opt-ga,cold,9,1663,26.2518,0.004726
opt-ga,cold,9,1684,26.6745,0.004724
opt-ga,cold,9,1699,26.9121,0.004713
opt-ga,cold,9,1728,27.3788,0.004642
opt-ga,cold,9,1844,29.2272,0.004631
opt-ga,cold,9,1890,29.9175,0.004617
opt-ga,cold,9,1981,31.3558,0.004558
scipy-lbfgsb,cold,0,0,0.0000,0.006495
scipy-lbfgsb,cold,0,3,0.0684,0.006495
scipy-lbfgsb,cold,0,5,0.1039,0.006495
scipy-lbfgsb,cold,0,13,0.2297,0.006495
scipy-lbfgsb,cold,0,17,0.2929,0.006495
scipy-lbfgsb,cold,0,18,0.3095,0.006495
scipy-lbfgsb,cold,0,22,0.3759,0.006495
scipy-lbfgsb,cold,0,23,0.3928,0.006495
scipy-lbfgsb,cold,0,40,0.6769,0.006495
scipy-lbfgsb,cold,0,57,0.9590,0.006495
scipy-lbfgsb,cold,0,58,0.9760,0.006495
scipy-lbfgsb,cold,0,146,2.3408,0.006471
scipy-lbfgsb,cold,0,148,2.3731,0.006471
scipy-lbfgsb,cold,0,150,2.4040,0.006471
scipy-lbfgsb,cold,0,158,2.5275,0.006471
scipy-lbfgsb,cold,0,162,2.5889,0.006471
scipy-lbfgsb,cold,0,163,2.6047,0.006471
scipy-lbfgsb,cold,0,167,2.6678,0.006471
scipy-lbfgsb,cold,0,168,2.6835,0.006471
scipy-lbfgsb,cold,0,185,2.9624,0.006471
scipy-lbfgsb,cold,0,202,3.2497,0.006471
scipy-lbfgsb,cold,0,203,3.2646,0.006471
scipy-lbfgsb,cold,0,291,4.6722,0.006445
scipy-lbfgsb,cold,0,293,4.7041,0.006445
scipy-lbfgsb,cold,0,295,4.7352,0.006445
scipy-lbfgsb,cold,0,303,4.8669,0.006445
scipy-lbfgsb,cold,0,307,4.9309,0.006445
scipy-lbfgsb,cold,0,308,4.9468,0.006445
scipy-lbfgsb,cold,0,312,5.0119,0.006445
scipy-lbfgsb,cold,0,313,5.0275,0.006445
scipy-lbfgsb,cold,0,330,5.2976,0.006445
scipy-lbfgsb,cold,0,347,5.5871,0.006445
scipy-lbfgsb,cold,0,348,5.6034,0.006445
scipy-lbfgsb,cold,0,436,7.0121,0.006332
scipy-lbfgsb,cold,0,438,7.0442,0.006332
scipy-lbfgsb,cold,0,440,7.0760,0.006332
scipy-lbfgsb,cold,0,453,7.2722,0.006332
scipy-lbfgsb,cold,0,457,7.3308,0.006332
scipy-lbfgsb,cold,0,458,7.3465,0.006332
scipy-lbfgsb,cold,0,475,7.6102,0.006331
scipy-lbfgsb,cold,0,492,7.8799,0.006331
scipy-lbfgsb,cold,0,493,7.8957,0.006331
scipy-lbfgsb,cold,0,581,9.2717,0.005945
scipy-lbfgsb,cold,0,583,9.3035,0.005945
scipy-lbfgsb,cold,0,585,9.3354,0.005945
scipy-lbfgsb,cold,0,598,9.5371,0.005945
scipy-lbfgsb,cold,0,602,9.6013,0.005945
scipy-lbfgsb,cold,0,603,9.6178,0.005945
scipy-lbfgsb,cold,0,620,9.8929,0.005945
scipy-lbfgsb,cold,0,637,10.1632,0.005945
scipy-lbfgsb,cold,0,638,10.1794,0.005945
scipy-lbfgsb,cold,0,726,11.5563,0.005445
scipy-lbfgsb,cold,0,728,11.5875,0.005445
scipy-lbfgsb,cold,0,730,11.6183,0.005445
scipy-lbfgsb,cold,0,750,11.9270,0.005445
scipy-lbfgsb,cold,0,752,11.9584,0.005445
scipy-lbfgsb,cold,0,753,11.9736,0.005445
scipy-lbfgsb,cold,0,754,11.9884,0.005445
scipy-lbfgsb,cold,0,765,12.1572,0.005445
scipy-lbfgsb,cold,0,796,12.6352,0.005445
scipy-lbfgsb,cold,0,871,13.9145,0.005435
scipy-lbfgsb,cold,0,872,13.9431,0.005435
scipy-lbfgsb,cold,0,874,13.9851,0.005435
scipy-lbfgsb,cold,0,878,14.0558,0.005435
scipy-lbfgsb,cold,0,895,14.3388,0.005435
scipy-lbfgsb,cold,0,897,14.3725,0.005435
scipy-lbfgsb,cold,0,898,14.3886,0.005435
scipy-lbfgsb,cold,0,899,14.4039,0.005435
scipy-lbfgsb,cold,0,911,14.6008,0.005435
scipy-lbfgsb,cold,0,941,15.0874,0.005435
scipy-lbfgsb,cold,0,1016,16.3431,0.005312
scipy-lbfgsb,cold,0,1017,16.3771,0.005312
scipy-lbfgsb,cold,0,1019,16.4243,0.005312
scipy-lbfgsb,cold,0,1023,16.4921,0.005312
scipy-lbfgsb,cold,0,1040,16.7709,0.005312
scipy-lbfgsb,cold,0,1042,16.8038,0.005312
scipy-lbfgsb,cold,0,1043,16.8198,0.005312
scipy-lbfgsb,cold,0,1044,16.8360,0.005312
scipy-lbfgsb,cold,0,1056,17.0557,0.005312
scipy-lbfgsb,cold,0,1161,18.9478,0.005229
scipy-lbfgsb,cold,0,1162,18.9641,0.005229
scipy-lbfgsb,cold,0,1164,18.9946,0.005229
scipy-lbfgsb,cold,0,1168,19.0559,0.005229
scipy-lbfgsb,cold,0,1185,19.3285,0.005229
scipy-lbfgsb,cold,0,1187,19.3633,0.005229
scipy-lbfgsb,cold,0,1188,19.3805,0.005229
scipy-lbfgsb,cold,0,1230,20.0552,0.005229
scipy-lbfgsb,cold,0,1306,21.2533,0.005123
scipy-lbfgsb,cold,0,1307,21.2774,0.005123
scipy-lbfgsb,cold,0,1309,21.3279,0.005123
scipy-lbfgsb,cold,0,1313,21.3932,0.005123
scipy-lbfgsb,cold,0,1330,21.6666,0.005123
scipy-lbfgsb,cold,0,1332,21.6980,0.005123
scipy-lbfgsb,cold,0,1333,21.7140,0.005123
scipy-lbfgsb,cold,0,1596,26.0683,0.004910
scipy-lbfgsb,cold,0,1597,26.0847,0.004910
scipy-lbfgsb,cold,0,1599,26.1241,0.004910
scipy-lbfgsb,cold,0,1603,26.1886,0.004910
scipy-lbfgsb,cold,0,1620,26.5144,0.004910
scipy-lbfgsb,cold,0,1622,26.5609,0.004910
scipy-lbfgsb,cold,0,1623,26.5848,0.004910
scipy-lbfgsb,cold,0,1634,26.8010,0.004910
scipy-lbfgsb,cold,0,1636,26.8302,0.004910
scipy-lbfgsb,cold,0,1665,27.3659,0.004910
scipy-lbfgsb,cold,0,1686,27.7175,0.004910
scipy-lbfgsb,cold,0,1886,30.9879,0.004882
scipy-lbfgsb,cold,0,1887,31.0046,0.004882
scipy-lbfgsb,cold,0,1889,31.0352,0.004882
scipy-lbfgsb,cold,0,1893,31.1015,0.004882
scipy-lbfgsb,cold,0,1910,31.3941,0.004882
scipy-lbfgsb,cold,0,1912,31.4272,0.004882
scipy-lbfgsb,cold,0,1913,31.4429,0.004882
scipy-lbfgsb,cold,0,1924,31.6266,0.004882
scipy-lbfgsb,cold,0,1955,32.1520,0.004882
scipy-lbfgsb,cold,1,0,0.0000,0.006025
scipy-lbfgsb,cold,1,3,0.0621,0.006025
scipy-lbfgsb,cold,1,30,0.5114,0.006025
scipy-lbfgsb,cold,1,32,0.5559,0.006025
scipy-lbfgsb,cold,1,35,0.6147,0.006025
scipy-lbfgsb,cold,1,41,0.7345,0.006025
scipy-lbfgsb,cold,1,53,0.9791,0.006025
scipy-lbfgsb,cold,1,98,1.7072,0.006024
scipy-lbfgsb,cold,1,144,2.4483,0.006023
scipy-lbfgsb,cold,1,146,2.4810,0.006023
scipy-lbfgsb,cold,1,173,2.9195,0.006023
scipy-lbfgsb,cold,1,175,2.9543,0.006023
scipy-lbfgsb,cold,1,178,3.0026,0.006023
scipy-lbfgsb,cold,1,179,3.0188,0.006023
scipy-lbfgsb,cold,1,184,3.0976,0.006023
scipy-lbfgsb,cold,1,196,3.2880,0.006023
scipy-lbfgsb,cold,1,241,4.1077,0.006023
scipy-lbfgsb,cold,1,287,4.8240,0.005878
scipy-lbfgsb,cold,1,288,4.8411,0.005878
scipy-lbfgsb,cold,1,289,4.8570,0.005878
scipy-lbfgsb,cold,1,298,5.0120,0.005878
scipy-lbfgsb,cold,1,300,5.0438,0.005878
scipy-lbfgsb,cold,1,301,5.0590,0.005878
scipy-lbfgsb,cold,1,320,5.3745,0.005878
scipy-lbfgsb,cold,1,385,6.3601,0.005878
scipy-lbfgsb,cold,1,430,7.0532,0.005811
scipy-lbfgsb,cold,1,431,7.0695,0.005811
scipy-lbfgsb,cold,1,440,7.2142,0.005811
scipy-lbfgsb,cold,1,528,8.5581,0.005811
scipy-lbfgsb,cold,1,573,9.2270,0.005650
scipy-lbfgsb,cold,1,574,9.2581,0.005650
scipy-lbfgsb,cold,1,582,9.3867,0.005650
scipy-lbfgsb,cold,1,606,9.7346,0.005650
scipy-lbfgsb,cold,1,611,9.8082,0.005650
scipy-lbfgsb,cold,1,671,10.7053,0.005650
scipy-lbfgsb,cold,1,716,11.4339,0.005557
scipy-lbfgsb,cold,1,717,11.4489,0.005557
scipy-lbfgsb,cold,1,725,11.5695,0.005557
scipy-lbfgsb,cold,1,749,11.9184,0.005557
scipy-lbfgsb,cold,1,813,12.7931,0.005557
scipy-lbfgsb,cold,1,859,13.5213,0.005422
scipy-lbfgsb,cold,1,860,13.5355,0.005422
scipy-lbfgsb,cold,1,861,13.5500,0.005422
scipy-lbfgsb,cold,1,868,13.6519,0.005421
scipy-lbfgsb,cold,1,869,13.6659,0.005421
scipy-lbfgsb,cold,1,1288,20.0636,0.005287
scipy-lbfgsb,cold,1,1290,20.0913,0.005287
scipy-lbfgsb,cold,1,1298,20.2042,0.005287
scipy-lbfgsb,cold,1,1321,20.5266,0.005287
scipy-lbfgsb,cold,1,1325,20.5805,0.005287
scipy-lbfgsb,cold,1,1385,21.4250,0.005287
scipy-lbfgsb,cold,1,1431,22.0855,0.005261
scipy-lbfgsb,cold,1,1433,22.1117,0.005261
scipy-lbfgsb,cold,1,1441,22.2196,0.005261
scipy-lbfgsb,cold,2,0,0.0000,0.006439
scipy-lbfgsb,cold,2,2,0.0448,0.006439
scipy-lbfgsb,cold,2,3,0.0614,0.006439
scipy-lbfgsb,cold,2,9,0.1554,0.006439
scipy-lbfgsb,cold,2,58,1.0695,0.006439
scipy-lbfgsb,cold,2,60,1.0954,0.006439
scipy-lbfgsb,cold,2,74,1.2860,0.006439
scipy-lbfgsb,cold,2,76,1.3144,0.006439
scipy-lbfgsb,cold,2,128,2.0785,0.006439
scipy-lbfgsb,cold,2,143,2.2628,0.006439
scipy-lbfgsb,cold,2,146,2.3015,0.006416
scipy-lbfgsb,cold,2,147,2.3147,0.006416
scipy-lbfgsb,cold,2,148,2.3280,0.006416
scipy-lbfgsb,cold,2,154,2.4061,0.006416
scipy-lbfgsb,cold,2,203,3.0491,0.006416
scipy-lbfgsb,cold,2,205,3.0751,0.006416
scipy-lbfgsb,cold,2,219,3.2617,0.006416
scipy-lbfgsb,cold,2,221,3.2878,0.006416
scipy-lbfgsb,cold,2,273,3.9539,0.006416
scipy-lbfgsb,cold,2,288,4.1484,0.006416
scipy-lbfgsb,cold,2,291,4.1893,0.005885
scipy-lbfgsb,cold,2,293,4.2165,0.005885
scipy-lbfgsb,cold,2,348,4.9578,0.005885
scipy-lbfgsb,cold,2,350,4.9839,0.005885
scipy-lbfgsb,cold,2,364,5.1747,0.005885
scipy-lbfgsb,cold,2,422,5.9901,0.005883
scipy-lbfgsb,cold,2,436,6.2108,0.005684
scipy-lbfgsb,cold,2,438,6.2671,0.005684
scipy-lbfgsb,cold,2,493,7.4858,0.005684
scipy-lbfgsb,cold,2,495,7.5308,0.005684
scipy-lbfgsb,cold,2,509,8.0038,0.005684
scipy-lbfgsb,cold,2,567,10.8380,0.005684
scipy-lbfgsb,cold,2,581,11.4634,0.005673
scipy-lbfgsb,cold,2,583,11.5319,0.005673
scipy-lbfgsb,cold,2,638,13.5758,0.005672
scipy-lbfgsb,cold,2,640,13.6877,0.005672
scipy-lbfgsb,cold,2,654,14.6281,0.005672
scipy-lbfgsb,cold,2,713,16.6674,0.005672
scipy-lbfgsb,cold,2,726,16.9517,0.005634
scipy-lbfgsb,cold,2,728,17.0398,0.005634
scipy-lbfgsb,cold,2,783,18.4177,0.005634
scipy-lbfgsb,cold,2,785,18.4435,0.005634
scipy-lbfgsb,cold,2,799,18.6317,0.005634
scipy-lbfgsb,cold,2,854,19.3427,0.005634
scipy-lbfgsb,cold,2,858,19.3943,0.005633
scipy-lbfgsb,cold,2,1161,24.0883,0.005512
scipy-lbfgsb,cold,2,1163,24.1146,0.005512
scipy-lbfgsb,cold,2,1218,24.8375,0.005512
scipy-lbfgsb,cold,2,1220,24.8627,0.005512
scipy-lbfgsb,cold,2,1251,25.2675,0.005512
scipy-lbfgsb,cold,2,1273,25.5528,0.005512
scipy-lbfgsb,cold,2,1289,25.7607,0.005512
scipy-lbfgsb,cold,2,1292,25.7999,0.005512
scipy-lbfgsb,cold,2,1596,30.0214,0.005479
scipy-lbfgsb,cold,2,1598,30.0497,0.005479
scipy-lbfgsb,cold,2,1653,30.8474,0.005479
scipy-lbfgsb,cold,2,1655,30.8782,0.005479
scipy-lbfgsb,cold,2,1686,31.3370,0.005479
scipy-lbfgsb,cold,2,1708,31.6408,0.005479
scipy-lbfgsb,cold,2,1724,31.8708,0.005479
scipy-lbfgsb,cold,2,1727,31.9147,0.005479
scipy-lbfgsb,cold,2,1886,34.2368,0.005465
scipy-lbfgsb,cold,2,1888,34.2630,0.005465
scipy-lbfgsb,cold,2,1943,35.0113,0.005465
scipy-lbfgsb,cold,2,1945,35.0385,0.005465
scipy-lbfgsb,cold,2,1972,35.3912,0.005465
scipy-lbfgsb,cold,2,1976,35.4438,0.005465
scipy-lbfgsb,cold,2,1977,35.4563,0.005465
scipy-lbfgsb,cold,3,0,0.0000,0.006382
scipy-lbfgsb,cold,3,4,0.0652,0.006382
scipy-lbfgsb,cold,3,10,0.1385,0.006382
scipy-lbfgsb,cold,3,26,0.3403,0.006382
scipy-lbfgsb,cold,3,27,0.3527,0.006382
scipy-lbfgsb,cold,3,59,0.7644,0.006382
scipy-lbfgsb,cold,3,64,0.8298,0.006381
scipy-lbfgsb,cold,3,142,1.8801,0.006282
scipy-lbfgsb,cold,3,145,1.9254,0.006282
scipy-lbfgsb,cold,3,151,2.0082,0.006282
scipy-lbfgsb,cold,3,155,2.0633,0.006282
scipy-lbfgsb,cold,3,167,2.2426,0.006282
scipy-lbfgsb,cold,3,168,2.2567,0.006282
scipy-lbfgsb,cold,3,205,2.7918,0.006282
scipy-lbfgsb,cold,3,283,3.8373,0.006118
scipy-lbfgsb,cold,3,296,4.1565,0.006118
scipy-lbfgsb,cold,3,308,4.3224,0.006118
scipy-lbfgsb,cold,3,347,4.8127,0.006118
scipy-lbfgsb,cold,3,424,5.8273,0.005852
scipy-lbfgsb,cold,3,435,5.9811,0.005852
scipy-lbfgsb,cold,3,453,6.2195,0.005852
scipy-lbfgsb,cold,3,455,6.2457,0.005852
scipy-lbfgsb,cold,3,469,6.4433,0.005852
scipy-lbfgsb,cold,3,475,6.5296,0.005852
scipy-lbfgsb,cold,3,485,6.6632,0.005851
scipy-lbfgsb,cold,3,565,7.7752,0.005782
scipy-lbfgsb,cold,3,576,7.9497,0.005782
scipy-lbfgsb,cold,3,590,8.1344,0.005782
scipy-lbfgsb,cold,3,591,8.1480,0.005782
scipy-lbfgsb,cold,3,610,8.4050,0.005782
scipy-lbfgsb,cold,3,616,8.4920,0.005782
scipy-lbfgsb,cold,3,629,8.6738,0.005782
scipy-lbfgsb,cold,3,655,9.0292,0.005781
scipy-lbfgsb,cold,3,706,9.7768,0.005667
scipy-lbfgsb,cold,3,717,9.9936,0.005667
scipy-lbfgsb,cold,3,731,10.2066,0.005667
scipy-lbfgsb,cold,3,732,10.2214,0.005667
scipy-lbfgsb,cold,3,757,10.5799,0.005667
scipy-lbfgsb,cold,3,770,10.7683,0.005667
scipy-lbfgsb,cold,3,796,11.1404,0.005667
scipy-lbfgsb,cold,3,988,13.8363,0.005535
scipy-lbfgsb,cold,3,999,13.9827,0.005535
scipy-lbfgsb,cold,3,1013,14.1753,0.005535
scipy-lbfgsb,cold,3,1028,14.3715,0.005535
scipy-lbfgsb,cold,3,1033,14.4366,0.005535
scipy-lbfgsb,cold,3,1039,14.5160,0.005535
scipy-lbfgsb,cold,3,1042,14.5549,0.005535
scipy-lbfgsb,cold,3,1129,15.7917,0.005460
scipy-lbfgsb,cold,3,1140,15.9820,0.005460
scipy-lbfgsb,cold,3,1163,16.3187,0.005460
scipy-lbfgsb,cold,3,1169,16.4043,0.005460
scipy-lbfgsb,cold,3,1174,16.4745,0.005460
scipy-lbfgsb,cold,3,1180,16.5611,0.005460
scipy-lbfgsb,cold,3,1183,16.6001,0.005460
scipy-lbfgsb,cold,3,1191,16.7055,0.005460
scipy-lbfgsb,cold,3,1270,17.7754,0.005422
scipy-lbfgsb,cold,3,1281,17.9503,0.005422
scipy-lbfgsb,cold,3,1304,18.2489,0.005422
scipy-lbfgsb,cold,3,1315,18.3945,0.005422
scipy-lbfgsb,cold,3,1321,18.4776,0.005422
scipy-lbfgsb,cold,3,1324,18.5179,0.005422
scipy-lbfgsb,cold,3,1331,18.6119,0.005422
scipy-lbfgsb,cold,3,1332,18.6249,0.005422
scipy-lbfgsb,cold,3,1411,19.7576,0.005360
scipy-lbfgsb,cold,3,1422,19.9017,0.005360
scipy-lbfgsb,cold,3,1436,20.0846,0.005360
scipy-lbfgsb,cold,3,1445,20.1979,0.005360
scipy-lbfgsb,cold,3,1456,20.3354,0.005360
scipy-lbfgsb,cold,3,1462,20.4133,0.005360
scipy-lbfgsb,cold,3,1468,20.4900,0.005360
scipy-lbfgsb,cold,3,1472,20.5422,0.005360
scipy-lbfgsb,cold,3,1693,23.6891,0.005320
scipy-lbfgsb,cold,3,1704,23.8314,0.005320
scipy-lbfgsb,cold,3,1718,24.0096,0.005320
scipy-lbfgsb,cold,3,1744,24.3585,0.005320
scipy-lbfgsb,cold,3,1750,24.4405,0.005320
scipy-lbfgsb,cold,3,1756,24.5204,0.005320
scipy-lbfgsb,cold,3,1757,24.5325,0.005320
scipy-lbfgsb,cold,3,1834,25.5613,0.005266
scipy-lbfgsb,cold,3,1845,25.7402,0.005266
scipy-lbfgsb,cold,3,1864,25.9870,0.005266
scipy-lbfgsb,cold,3,1868,26.0376,0.005266
scipy-lbfgsb,cold,3,1879,26.1824,0.005266
scipy-lbfgsb,cold,3,1885,26.2596,0.005266
scipy-lbfgsb,cold,3,1891,26.3424,0.005266
scipy-lbfgsb,cold,3,1897,26.4196,0.005266
scipy-lbfgsb,cold,3,1898,26.4332,0.005266
scipy-lbfgsb,cold,3,1975,27.5491,0.005183
scipy-lbfgsb,cold,3,1977,27.5762,0.005183
scipy-lbfgsb,cold,3,1980,27.6157,0.005183
scipy-lbfgsb,cold,3,1981,27.6285,0.005183
scipy-lbfgsb,cold,3,1982,27.6410,0.005183
scipy-lbfgsb,cold,3,1986,27.6944,0.005183
scipy-lbfgsb,cold,4,0,0.0000,0.006222
scipy-lbfgsb,cold,4,2,0.0423,0.006222
scipy-lbfgsb,cold,4,4,0.0705,0.006222
scipy-lbfgsb,cold,4,11,0.1655,0.006222
scipy-lbfgsb,cold,4,17,0.2495,0.006222
scipy-lbfgsb,cold,4,33,0.4566,0.006222
scipy-lbfgsb,cold,4,34,0.4695,0.006222
scipy-lbfgsb,cold,4,41,0.5618,0.006222
scipy-lbfgsb,cold,4,43,0.5881,0.006222
scipy-lbfgsb,cold,4,146,1.9599,0.006188
scipy-lbfgsb,cold,4,147,1.9722,0.006188
scipy-lbfgsb,cold,4,149,1.9972,0.006188
scipy-lbfgsb,cold,4,156,2.0850,0.006188
scipy-lbfgsb,cold,4,162,2.1647,0.006188
scipy-lbfgsb,cold,4,178,2.3774,0.006188
scipy-lbfgsb,cold,4,179,2.3906,0.006188
scipy-lbfgsb,cold,4,186,2.4841,0.006188
scipy-lbfgsb,cold,4,188,2.5109,0.006188
scipy-lbfgsb,cold,4,291,3.8483,0.005283
scipy-lbfgsb,cold,4,292,3.8605,0.005283
scipy-lbfgsb,cold,4,294,3.8854,0.005283
scipy-lbfgsb,cold,4,301,3.9722,0.005283
scipy-lbfgsb,cold,4,307,4.0535,0.005283
scipy-lbfgsb,cold,4,322,4.2610,0.005283
scipy-lbfgsb,cold,4,356,4.7174,0.005283
scipy-lbfgsb,cold,4,436,5.8102,0.005181
scipy-lbfgsb,cold,4,437,5.8234,0.005181
scipy-lbfgsb,cold,4,439,5.8491,0.005181
scipy-lbfgsb,cold,4,446,5.9414,0.005181
scipy-lbfgsb,cold,4,452,6.0229,0.005181
scipy-lbfgsb,cold,4,467,6.2225,0.005181
scipy-lbfgsb,cold,4,581,7.7765,0.005033
scipy-lbfgsb,cold,4,582,7.8005,0.005033
scipy-lbfgsb,cold,4,584,7.8486,0.005033
scipy-lbfgsb,cold,4,591,7.9487,0.005033
scipy-lbfgsb,cold,4,597,8.0387,0.005033
scipy-lbfgsb,cold,4,614,8.2884,0.005033
scipy-lbfgsb,cold,4,619,8.3596,0.005033
scipy-lbfgsb,cold,4,649,8.7751,0.005033
scipy-lbfgsb,cold,4,726,10.0674,0.004922
scipy-lbfgsb,cold,4,727,10.0815,0.004922
scipy-lbfgsb,cold,4,729,10.1079,0.004922
scipy-lbfgsb,cold,4,736,10.2009,0.004922
scipy-lbfgsb,cold,4,742,10.2782,0.004922
scipy-lbfgsb,cold,4,758,10.4895,0.004922
scipy-lbfgsb,cold,4,871,12.1522,0.004859
scipy-lbfgsb,cold,4,872,12.1652,0.004859
scipy-lbfgsb,cold,4,874,12.1906,0.004859
scipy-lbfgsb,cold,4,881,12.2840,0.004859
scipy-lbfgsb,cold,4,887,12.3657,0.004859
scipy-lbfgsb,cold,4,903,12.5848,0.004859
scipy-lbfgsb,cold,4,1016,14.3164,0.004811
scipy-lbfgsb,cold,4,1017,14.3403,0.004811
scipy-lbfgsb,cold,4,1019,14.3884,0.004811
scipy-lbfgsb,cold,4,1026,14.4902,0.004811
scipy-lbfgsb,cold,4,1032,14.5758,0.004811
scipy-lbfgsb,cold,4,1048,14.8024,0.004811
scipy-lbfgsb,cold,4,1055,14.9062,0.004811
scipy-lbfgsb,cold,4,1057,14.9330,0.004811
scipy-lbfgsb,cold,4,1083,15.3026,0.004811
scipy-lbfgsb,cold,4,1161,16.2965,0.004714
scipy-lbfgsb,cold,4,1162,16.3203,0.004714
scipy-lbfgsb,cold,4,1164,16.3683,0.004714
scipy-lbfgsb,cold,4,1171,16.4538,0.004714
scipy-lbfgsb,cold,4,1177,16.5272,0.004714
scipy-lbfgsb,cold,4,1192,16.7204,0.004714
scipy-lbfgsb,cold,4,1228,17.1987,0.004713
scipy-lbfgsb,cold,4,1306,18.3165,0.004631
scipy-lbfgsb,cold,4,1307,18.3405,0.004631
scipy-lbfgsb,cold,4,1309,18.3882,0.004631
scipy-lbfgsb,cold,4,1316,18.4808,0.004631
scipy-lbfgsb,cold,4,1322,18.5564,0.004631
scipy-lbfgsb,cold,4,1337,18.7571,0.004631
scipy-lbfgsb,cold,4,1451,20.2763,0.004574
scipy-lbfgsb,cold,4,1452,20.3005,0.004574
scipy-lbfgsb,cold,4,1454,20.3483,0.004574
scipy-lbfgsb,cold,4,1461,20.4623,0.004574
scipy-lbfgsb,cold,4,1467,20.5420,0.004574
scipy-lbfgsb,cold,4,1482,20.7340,0.004574
scipy-lbfgsb,cold,4,1586,22.1199,0.004574
scipy-lbfgsb,cold,4,1596,22.3045,0.004523
scipy-lbfgsb,cold,4,1597,22.3283,0.004523
scipy-lbfgsb,cold,4,1599,22.3769,0.004523
scipy-lbfgsb,cold,4,1606,22.4715,0.004523
scipy-lbfgsb,cold,4,1612,22.5529,0.004523
scipy-lbfgsb,cold,4,1615,22.5928,0.004523
scipy-lbfgsb,cold,4,1628,22.7736,0.004523
scipy-lbfgsb,cold,4,1683,23.5314,0.004523
scipy-lbfgsb,cold,4,1741,24.3442,0.004504
scipy-lbfgsb,cold,4,1742,24.3688,0.004504
scipy-lbfgsb,cold,4,1744,24.4165,0.004504
scipy-lbfgsb,cold,4,1751,24.5173,0.004504
scipy-lbfgsb,cold,4,1757,24.6066,0.004504
scipy-lbfgsb,cold,4,1760,24.6500,0.004504
scipy-lbfgsb,cold,4,1774,24.8588,0.004504
scipy-lbfgsb,cold,4,1808,25.3236,0.004504
scipy-lbfgsb,cold,4,1829,25.5969,0.004504
scipy-lbfgsb,cold,4,1877,26.2183,0.004504
scipy-lbfgsb,cold,4,1886,26.3487,0.004494
scipy-lbfgsb,cold,4,1887,26.3723,0.004494
scipy-lbfgsb,cold,4,1889,26.4204,0.004494
scipy-lbfgsb,cold,4,1896,26.5155,0.004494
scipy-lbfgsb,cold,4,1902,26.5995,0.004494
scipy-lbfgsb,cold,4,1905,26.6448,0.004494
scipy-lbfgsb,cold,4,1918,26.8243,0.004494
scipy-lbfgsb,cold,4,1953,27.2971,0.004494
scipy-lbfgsb,cold,4,1954,27.3100,0.004494
scipy-lbfgsb,cold,4,1974,27.5734,0.004494
scipy-lbfgsb,cold,5,0,0.0000,0.006533
scipy-lbfgsb,cold,5,3,0.0542,0.006533
scipy-lbfgsb,cold,5,111,1.5882,0.006533
scipy-lbfgsb,cold,5,113,1.6165,0.006533
scipy-lbfgsb,cold,5,142,2.0411,0.006525
scipy-lbfgsb,cold,5,144,2.0709,0.006525
scipy-lbfgsb,cold,5,252,3.5111,0.006525
scipy-lbfgsb,cold,5,254,3.5398,0.006525
scipy-lbfgsb,cold,5,283,3.9204,0.006516
scipy-lbfgsb,cold,5,285,3.9471,0.006516
scipy-lbfgsb,cold,5,393,5.5480,0.006516
scipy-lbfgsb,cold,5,395,5.5758,0.006515
scipy-lbfgsb,cold,5,424,5.9604,0.006477
scipy-lbfgsb,cold,5,426,5.9872,0.006477
scipy-lbfgsb,cold,5,534,7.3978,0.006477
scipy-lbfgsb,cold,5,536,7.4241,0.006477
scipy-lbfgsb,cold,5,565,7.8171,0.006330
scipy-lbfgsb,cold,5,567,7.8445,0.006330
scipy-lbfgsb,cold,5,603,8.3301,0.006330
scipy-lbfgsb,cold,5,605,8.3579,0.006330
scipy-lbfgsb,cold,5,675,9.2645,0.006330
scipy-lbfgsb,cold,5,677,9.2901,0.006330
scipy-lbfgsb,cold,5,706,9.6624,0.006034
scipy-lbfgsb,cold,5,711,9.7290,0.006034
scipy-lbfgsb,cold,5,722,9.8794,0.006034
scipy-lbfgsb,cold,5,723,9.8921,0.006034
scipy-lbfgsb,cold,5,724,9.9054,0.006034
scipy-lbfgsb,cold,5,725,9.9180,0.006034
scipy-lbfgsb,cold,5,728,9.9557,0.006034
scipy-lbfgsb,cold,5,736,10.0579,0.006034
scipy-lbfgsb,cold,5,738,10.0839,0.006033
scipy-lbfgsb,cold,5,988,13.5076,0.006030
scipy-lbfgsb,cold,5,995,13.6008,0.006030
scipy-lbfgsb,cold,5,1016,13.8751,0.006030
scipy-lbfgsb,cold,5,1017,13.8876,0.006030
scipy-lbfgsb,cold,5,1018,13.9018,0.006030
scipy-lbfgsb,cold,5,1020,13.9294,0.006029
scipy-lbfgsb,cold,5,1129,15.4127,0.005878
scipy-lbfgsb,cold,5,1134,15.5112,0.005878
scipy-lbfgsb,cold,5,1136,15.5357,0.005878
scipy-lbfgsb,cold,5,1162,15.8757,0.005878
scipy-lbfgsb,cold,5,1164,15.9017,0.005878
scipy-lbfgsb,cold,5,1166,15.9277,0.005878
scipy-lbfgsb,cold,5,1411,19.1048,0.005731
scipy-lbfgsb,cold,5,1416,19.1812,0.005731
scipy-lbfgsb,cold,5,1418,19.2080,0.005731
scipy-lbfgsb,cold,5,1443,19.5261,0.005731
scipy-lbfgsb,cold,5,1444,19.5379,0.005731
scipy-lbfgsb,cold,5,1446,19.5631,0.005731
scipy-lbfgsb,cold,5,1448,19.5886,0.005731
scipy-lbfgsb,cold,5,1484,20.0332,0.005731
scipy-lbfgsb,cold,5,1485,20.0454,0.005731
scipy-lbfgsb,cold,5,1552,20.8930,0.005576
scipy-lbfgsb,cold,5,1553,20.9175,0.005576
scipy-lbfgsb,cold,5,1583,21.3164,0.005576
scipy-lbfgsb,cold,5,1584,21.3286,0.005576
scipy-lbfgsb,cold,5,1590,21.4048,0.005576
scipy-lbfgsb,cold,5,1693,22.7496,0.005407
scipy-lbfgsb,cold,5,1700,22.8784,0.005407
scipy-lbfgsb,cold,5,1728,23.2412,0.005407
scipy-lbfgsb,cold,5,1731,23.2789,0.005407
scipy-lbfgsb,cold,5,1733,23.3053,0.005407
scipy-lbfgsb,cold,5,1766,23.8550,0.005407
scipy-lbfgsb,cold,5,1794,24.2322,0.005407
scipy-lbfgsb,cold,5,1834,24.8383,0.005292
scipy-lbfgsb,cold,5,1841,24.9299,0.005292
scipy-lbfgsb,cold,5,1867,25.2884,0.005292
scipy-lbfgsb,cold,5,1869,25.3151,0.005292
scipy-lbfgsb,cold,5,1871,25.3419,0.005292
scipy-lbfgsb,cold,5,1975,26.7698,0.005252
scipy-lbfgsb,cold,5,1982,26.8887,0.005252
scipy-lbfgsb,cold,5,1991,27.0071,0.005252
scipy-lbfgsb,cold,5,1992,27.0202,0.005252
scipy-lbfgsb,cold,5,1994,27.0445,0.005252
scipy-lbfgsb,cold,5,1997,27.0840,0.005252
scipy-lbfgsb,cold,6,0,0.0000,0.005782
scipy-lbfgsb,cold,6,2,0.0431,0.005782
scipy-lbfgsb,cold,6,10,0.1518,0.005782
scipy-lbfgsb,cold,6,11,0.1648,0.005782
scipy-lbfgsb,cold,6,12,0.1783,0.005782
scipy-lbfgsb,cold,6,26,0.3752,0.005782
scipy-lbfgsb,cold,6,27,0.3885,0.005782
scipy-lbfgsb,cold,6,148,1.9831,0.005768
scipy-lbfgsb,cold,6,149,1.9978,0.005768
scipy-lbfgsb,cold,6,157,2.1161,0.005768
scipy-lbfgsb,cold,6,158,2.1293,0.005768
scipy-lbfgsb,cold,6,159,2.1433,0.005768
scipy-lbfgsb,cold,6,173,2.3326,0.005768
scipy-lbfgsb,cold,6,174,2.3462,0.005768
scipy-lbfgsb,cold,6,295,4.0352,0.005754
scipy-lbfgsb,cold,6,296,4.0498,0.005754
scipy-lbfgsb,cold,6,304,4.1605,0.005754
scipy-lbfgsb,cold,6,305,4.1743,0.005754
scipy-lbfgsb,cold,6,306,4.1880,0.005754
scipy-lbfgsb,cold,6,320,4.3851,0.005754
scipy-lbfgsb,cold,6,321,4.4004,0.005754
scipy-lbfgsb,cold,6,442,6.0069,0.005700
scipy-lbfgsb,cold,6,443,6.0225,0.005700
scipy-lbfgsb,cold,6,451,6.1357,0.005700
scipy-lbfgsb,cold,6,452,6.1492,0.005700
scipy-lbfgsb,cold,6,453,6.1630,0.005700
scipy-lbfgsb,cold,6,467,6.3520,0.005700
scipy-lbfgsb,cold,6,468,6.3658,0.005700
scipy-lbfgsb,cold,6,589,7.9975,0.005621
scipy-lbfgsb,cold,6,590,8.0159,0.005621
scipy-lbfgsb,cold,6,598,8.1224,0.005621
scipy-lbfgsb,cold,6,599,8.1355,0.005621
scipy-lbfgsb,cold,6,600,8.1488,0.005621
scipy-lbfgsb,cold,6,614,8.3361,0.005621
scipy-lbfgsb,cold,6,615,8.3492,0.005621
scipy-lbfgsb,cold,6,625,8.4835,0.005621
scipy-lbfgsb,cold,6,883,11.8912,0.005599
scipy-lbfgsb,cold,6,884,11.9042,0.005599
scipy-lbfgsb,cold,6,892,12.0059,0.005599
scipy-lbfgsb,cold,6,893,12.0189,0.005599
scipy-lbfgsb,cold,6,894,12.0309,0.005599
scipy-lbfgsb,cold,6,908,12.2067,0.005599
scipy-lbfgsb,cold,6,910,12.2309,0.005599
scipy-lbfgsb,cold,6,918,12.3341,0.005599
scipy-lbfgsb,cold,6,919,12.3475,0.005599
scipy-lbfgsb,cold,6,1030,13.7685,0.005592
scipy-lbfgsb,cold,6,1031,13.7818,0.005592
scipy-lbfgsb,cold,6,1039,13.8809,0.005592
scipy-lbfgsb,cold,6,1040,13.8933,0.005592
scipy-lbfgsb,cold,6,1041,13.9053,0.005592
scipy-lbfgsb,cold,6,1055,14.2106,0.005592
scipy-lbfgsb,cold,6,1057,14.2365,0.005592
scipy-lbfgsb,cold,6,1116,15.0197,0.005592
scipy-lbfgsb,cold,6,1177,15.8155,0.005584
scipy-lbfgsb,cold,6,1178,15.8968,0.005584
scipy-lbfgsb,cold,6,1186,16.0301,0.005584
scipy-lbfgsb,cold,6,1187,16.0445,0.005584
scipy-lbfgsb,cold,6,1188,16.0578,0.005584
scipy-lbfgsb,cold,6,1202,16.2542,0.005584
scipy-lbfgsb,cold,6,1204,16.2841,0.005584
scipy-lbfgsb,cold,6,1263,17.0717,0.005584
scipy-lbfgsb,cold,6,1324,17.8719,0.005584
scipy-lbfgsb,cold,6,1325,17.9079,0.005584
scipy-lbfgsb,cold,6,1333,18.0295,0.005584
scipy-lbfgsb,cold,6,1334,18.0438,0.005584
scipy-lbfgsb,cold,6,1335,18.0570,0.005584
scipy-lbfgsb,cold,6,1349,18.2542,0.005584
scipy-lbfgsb,cold,6,1351,18.2833,0.005584
scipy-lbfgsb,cold,6,1360,18.4103,0.005584
scipy-lbfgsb,cold,6,1361,18.4248,0.005584
scipy-lbfgsb,cold,6,1362,18.4383,0.005584
scipy-lbfgsb,cold,6,1471,19.9965,0.005556
scipy-lbfgsb,cold,6,1472,20.0206,0.005556
scipy-lbfgsb,cold,6,1480,20.1559,0.005556
scipy-lbfgsb,cold,6,1481,20.1700,0.005556
scipy-lbfgsb,cold,6,1482,20.1840,0.005556
scipy-lbfgsb,cold,6,1496,20.3925,0.005556
scipy-lbfgsb,cold,6,1498,20.4245,0.005556
scipy-lbfgsb,cold,6,1507,20.5627,0.005556
scipy-lbfgsb,cold,6,1508,20.5774,0.005556
scipy-lbfgsb,cold,6,1509,20.5921,0.005556
scipy-lbfgsb,cold,6,1618,22.2608,0.005528
scipy-lbfgsb,cold,6,1619,22.2849,0.005528
scipy-lbfgsb,cold,6,1627,22.4223,0.005528
scipy-lbfgsb,cold,6,1628,22.4363,0.005528
scipy-lbfgsb,cold,6,1629,22.4510,0.005528
scipy-lbfgsb,cold,6,1643,22.6652,0.005528
scipy-lbfgsb,cold,6,1645,22.6963,0.005528
scipy-lbfgsb,cold,6,1765,24.5539,0.005497
scipy-lbfgsb,cold,6,1766,24.5878,0.005497
scipy-lbfgsb,cold,6,1774,24.9871,0.005497
scipy-lbfgsb,cold,6,1775,25.0037,0.005497
scipy-lbfgsb,cold,6,1776,25.0169,0.005497
scipy-lbfgsb,cold,6,1790,25.2158,0.005497
scipy-lbfgsb,cold,6,1792,25.2453,0.005497
scipy-lbfgsb,cold,6,1912,26.9892,0.005445
scipy-lbfgsb,cold,6,1913,27.0256,0.005445
scipy-lbfgsb,cold,6,1921,27.1542,0.005445
scipy-lbfgsb,cold,6,1922,27.1694,0.005445
scipy-lbfgsb,cold,6,1923,27.1844,0.005445
scipy-lbfgsb,cold,6,1937,27.3834,0.005445
scipy-lbfgsb,cold,6,1939,27.4115,0.005445
scipy-lbfgsb,cold,6,1997,28.2670,0.005445
scipy-lbfgsb,cold,7,0,0.0000,0.005357
scipy-lbfgsb,cold,7,2,0.0438,0.005357
scipy-lbfgsb,cold,7,6,0.1061,0.005357
scipy-lbfgsb,cold,7,27,0.4124,0.005357
scipy-lbfgsb,cold,7,142,2.0638,0.005323
scipy-lbfgsb,cold,7,143,2.0785,0.005323
scipy-lbfgsb,cold,7,147,2.1355,0.005323
scipy-lbfgsb,cold,7,168,2.4353,0.005323
scipy-lbfgsb,cold,7,283,4.3137,0.005268
scipy-lbfgsb,cold,7,284,4.3285,0.005268
scipy-lbfgsb,cold,7,288,4.3810,0.005268
scipy-lbfgsb,cold,7,309,4.6648,0.005268
scipy-lbfgsb,cold,7,424,6.2588,0.005199
scipy-lbfgsb,cold,7,425,6.2723,0.005199
scipy-lbfgsb,cold,7,429,6.3256,0.005199
scipy-lbfgsb,cold,7,450,6.6241,0.005199
scipy-lbfgsb,cold,7,495,7.2399,0.005199
scipy-lbfgsb,cold,7,496,7.2566,0.005198
scipy-lbfgsb,cold,7,565,8.2607,0.004954
scipy-lbfgsb,cold,7,566,8.2851,0.004954
scipy-lbfgsb,cold,7,568,8.3329,0.004954
scipy-lbfgsb,cold,7,590,8.6708,0.004954
scipy-lbfgsb,cold,7,616,9.0263,0.004954
scipy-lbfgsb,cold,7,617,9.0399,0.004954
scipy-lbfgsb,cold,7,706,10.2968,0.004920
scipy-lbfgsb,cold,7,707,10.3205,0.004920
scipy-lbfgsb,cold,7,709,10.3687,0.004919
scipy-lbfgsb,cold,7,749,10.9282,0.004919
scipy-lbfgsb,cold,7,751,10.9581,0.004919
scipy-lbfgsb,cold,7,774,11.2786,0.004919
scipy-lbfgsb,cold,7,778,11.3346,0.004919
scipy-lbfgsb,cold,7,847,12.4071,0.004888
scipy-lbfgsb,cold,7,848,12.4227,0.004888
scipy-lbfgsb,cold,7,850,12.4535,0.004888
scipy-lbfgsb,cold,7,892,13.0907,0.004888
scipy-lbfgsb,cold,7,914,13.4088,0.004887
scipy-lbfgsb,cold,7,988,14.5571,0.004827
scipy-lbfgsb,cold,7,989,14.6135,0.004827
scipy-lbfgsb,cold,7,991,14.6527,0.004827
scipy-lbfgsb,cold,7,1013,15.0079,0.004827
scipy-lbfgsb,cold,7,1039,15.3493,0.004827
scipy-lbfgsb,cold,7,1040,15.3624,0.004827
scipy-lbfgsb,cold,7,1129,16.6378,0.004770
scipy-lbfgsb,cold,7,1130,16.6532,0.004770
scipy-lbfgsb,cold,7,1132,16.6785,0.004770
scipy-lbfgsb,cold,7,1154,16.9805,0.004770
scipy-lbfgsb,cold,7,1174,17.2541,0.004770
scipy-lbfgsb,cold,7,1177,17.2929,0.004770
scipy-lbfgsb,cold,7,1181,17.3435,0.004770
scipy-lbfgsb,cold,7,1411,20.6195,0.004743
scipy-lbfgsb,cold,7,1412,20.6339,0.004743
scipy-lbfgsb,cold,7,1414,20.6616,0.004743
scipy-lbfgsb,cold,7,1456,21.2851,0.004743
scipy-lbfgsb,cold,7,1463,21.4107,0.004743
scipy-lbfgsb,cold,7,1480,21.6710,0.004743
scipy-lbfgsb,cold,7,1552,22.7935,0.004726
scipy-lbfgsb,cold,7,1553,22.8230,0.004726
scipy-lbfgsb,cold,7,1555,22.8661,0.004726
scipy-lbfgsb,cold,7,1597,23.4118,0.004726
scipy-lbfgsb,cold,7,1602,23.4816,0.004726
scipy-lbfgsb,cold,7,1621,23.7526,0.004726
scipy-lbfgsb,cold,7,1693,24.7950,0.004677
scipy-lbfgsb,cold,7,1694,24.8083,0.004677
scipy-lbfgsb,cold,7,1743,25.4891,0.004677
scipy-lbfgsb,cold,7,1834,26.7069,0.004635
scipy-lbfgsb,cold,7,1835,26.7454,0.004634
scipy-lbfgsb,cold,7,1884,27.4176,0.004634
scipy-lbfgsb,cold,7,1901,27.6534,0.004634
scipy-lbfgsb,cold,7,1975,28.7960,0.004558
scipy-lbfgsb,cold,7,1976,28.8358,0.004558
scipy-lbfgsb,cold,8,0,0.0000,0.006406
scipy-lbfgsb,cold,8,6,0.1150,0.006406
scipy-lbfgsb,cold,8,24,0.4045,0.006406
scipy-lbfgsb,cold,8,144,2.3840,0.006394
scipy-lbfgsb,cold,8,149,2.4596,0.006394
scipy-lbfgsb,cold,8,167,2.7233,0.006394
scipy-lbfgsb,cold,8,287,4.5490,0.006382
scipy-lbfgsb,cold,8,292,4.6315,0.006382
scipy-lbfgsb,cold,8,310,4.9161,0.006382
scipy-lbfgsb,cold,8,430,6.7468,0.006370
scipy-lbfgsb,cold,8,440,6.8968,0.006370
scipy-lbfgsb,cold,8,446,6.9912,0.006370
scipy-lbfgsb,cold,8,452,7.0848,0.006370
scipy-lbfgsb,cold,8,453,7.1006,0.006370
scipy-lbfgsb,cold,8,573,9.0295,0.006357
scipy-lbfgsb,cold,8,583,9.1845,0.006357
scipy-lbfgsb,cold,8,589,9.2819,0.006357
scipy-lbfgsb,cold,8,595,9.3769,0.006357
scipy-lbfgsb,cold,8,596,9.3929,0.006357
scipy-lbfgsb,cold,8,716,11.4767,0.006307
scipy-lbfgsb,cold,8,726,11.6385,0.006307
scipy-lbfgsb,cold,8,738,11.8273,0.006307
scipy-lbfgsb,cold,8,739,11.8430,0.006307
scipy-lbfgsb,cold,8,859,13.9591,0.006213
scipy-lbfgsb,cold,8,869,14.1133,0.006213
scipy-lbfgsb,cold,8,881,14.3644,0.006213
scipy-lbfgsb,cold,8,882,14.3799,0.006213
scipy-lbfgsb,cold,8,883,14.3959,0.006213
scipy-lbfgsb,cold,8,1002,16.3779,0.006158
scipy-lbfgsb,cold,8,1012,16.6472,0.006158
scipy-lbfgsb,cold,8,1024,16.9687,0.006158
scipy-lbfgsb,cold,8,1028,17.0372,0.006158
scipy-lbfgsb,cold,8,1029,17.0568,0.006158
scipy-lbfgsb,cold,8,1047,17.4212,0.006158
scipy-lbfgsb,cold,8,1145,19.6297,0.005987
scipy-lbfgsb,cold,8,1155,19.8658,0.005987
scipy-lbfgsb,cold,8,1167,20.1933,0.005987
scipy-lbfgsb,cold,8,1168,20.2332,0.005987
scipy-lbfgsb,cold,8,1288,23.2300,0.005850
scipy-lbfgsb,cold,8,1293,23.3700,0.005850
scipy-lbfgsb,cold,8,1294,23.3936,0.005850
scipy-lbfgsb,cold,8,1311,23.6905,0.005850
scipy-lbfgsb,cold,8,1574,29.7825,0.005754
scipy-lbfgsb,cold,8,1579,29.8776,0.005754
scipy-lbfgsb,cold,8,1597,30.1607,0.005754
scipy-lbfgsb,cold,8,1717,31.9891,0.005644
scipy-lbfgsb,cold,8,1727,32.1621,0.005644
scipy-lbfgsb,cold,8,1740,32.3434,0.005644
scipy-lbfgsb,cold,8,1776,32.8532,0.005644
scipy-lbfgsb,cold,8,1860,34.0679,0.005633
scipy-lbfgsb,cold,8,1865,34.1396,0.005633
scipy-lbfgsb,cold,8,1883,34.4003,0.005633
scipy-lbfgsb,cold,9,0,0.0000,0.006225
scipy-lbfgsb,cold,9,11,0.1823,0.006225
scipy-lbfgsb,cold,9,15,0.2414,0.006225
scipy-lbfgsb,cold,9,20,0.3128,0.006225
scipy-lbfgsb,cold,9,21,0.3264,0.006225
scipy-lbfgsb,cold,9,22,0.3405,0.006225
scipy-lbfgsb,cold,9,23,0.3545,0.006225
scipy-lbfgsb,cold,9,24,0.3691,0.006225
scipy-lbfgsb,cold,9,28,0.4254,0.006224
scipy-lbfgsb,cold,9,146,2.2960,0.006214
scipy-lbfgsb,cold,9,156,2.4489,0.006214
scipy-lbfgsb,cold,9,160,2.5077,0.006214
scipy-lbfgsb,cold,9,165,2.5821,0.006214
scipy-lbfgsb,cold,9,166,2.5965,0.006214
scipy-lbfgsb,cold,9,167,2.6115,0.006214
scipy-lbfgsb,cold,9,168,2.6265,0.006214
scipy-lbfgsb,cold,9,169,2.6419,0.006214
scipy-lbfgsb,cold,9,173,2.6995,0.006214
scipy-lbfgsb,cold,9,291,4.3975,0.006192
scipy-lbfgsb,cold,9,293,4.4250,0.006192
scipy-lbfgsb,cold,9,297,4.4805,0.006192
scipy-lbfgsb,cold,9,310,4.6856,0.006192
scipy-lbfgsb,cold,9,312,4.7133,0.006192
scipy-lbfgsb,cold,9,317,4.7835,0.006192
scipy-lbfgsb,cold,9,436,6.4682,0.005876
scipy-lbfgsb,cold,9,443,6.5689,0.005876
scipy-lbfgsb,cold,9,444,6.5828,0.005876
scipy-lbfgsb,cold,9,446,6.6122,0.005876
scipy-lbfgsb,cold,9,450,6.6717,0.005876
scipy-lbfgsb,cold,9,455,6.7404,0.005876
scipy-lbfgsb,cold,9,457,6.7683,0.005876
scipy-lbfgsb,cold,9,460,6.8120,0.005876
scipy-lbfgsb,cold,9,462,6.8408,0.005876
scipy-lbfgsb,cold,9,464,6.8687,0.005876
scipy-lbfgsb,cold,9,581,8.6034,0.005741
scipy-lbfgsb,cold,9,582,8.6271,0.005741
scipy-lbfgsb,cold,9,584,8.6750,0.005741
scipy-lbfgsb,cold,9,608,9.0220,0.005741
scipy-lbfgsb,cold,9,634,9.4075,0.005741
scipy-lbfgsb,cold,9,645,9.5705,0.005741
scipy-lbfgsb,cold,9,699,10.3539,0.005741
scipy-lbfgsb,cold,9,703,10.4094,0.005741
scipy-lbfgsb,cold,9,712,10.5317,0.005741
scipy-lbfgsb,cold,9,715,10.5715,0.005740
scipy-lbfgsb,cold,9,726,10.7314,0.005622
scipy-lbfgsb,cold,9,727,10.7552,0.005622
scipy-lbfgsb,cold,9,729,10.8024,0.005622
scipy-lbfgsb,cold,9,753,11.1389,0.005622
scipy-lbfgsb,cold,9,760,11.2447,0.005622
scipy-lbfgsb,cold,9,761,11.2586,0.005622
scipy-lbfgsb,cold,9,779,11.5315,0.005622
scipy-lbfgsb,cold,9,788,11.6632,0.005622
scipy-lbfgsb,cold,9,792,11.7182,0.005622
scipy-lbfgsb,cold,9,844,12.4979,0.005622
scipy-lbfgsb,cold,9,848,12.5524,0.005622
scipy-lbfgsb,cold,9,862,12.7461,0.005622
scipy-lbfgsb,cold,9,871,12.8748,0.005550
scipy-lbfgsb,cold,9,874,12.9483,0.005550
scipy-lbfgsb,cold,9,898,13.3041,0.005550
scipy-lbfgsb,cold,9,905,13.4032,0.005550
scipy-lbfgsb,cold,9,906,13.4175,0.005550
scipy-lbfgsb,cold,9,924,13.6731,0.005550
scipy-lbfgsb,cold,9,937,13.8611,0.005550
scipy-lbfgsb,cold,9,989,14.7029,0.005550
scipy-lbfgsb,cold,9,993,14.7576,0.005550
scipy-lbfgsb,cold,9,1007,14.9500,0.005550
scipy-lbfgsb,cold,9,1016,15.1107,0.005500
scipy-lbfgsb,cold,9,1019,15.1789,0.005500
scipy-lbfgsb,cold,9,1050,15.5739,0.005500
scipy-lbfgsb,cold,9,1051,15.5892,0.005500
scipy-lbfgsb,cold,9,1069,15.8386,0.005500
scipy-lbfgsb,cold,9,1151,17.1107,0.005500
scipy-lbfgsb,cold,9,1152,17.1257,0.005500
scipy-lbfgsb,cold,9,1306,19.7304,0.005490
scipy-lbfgsb,cold,9,1309,19.7779,0.005490
scipy-lbfgsb,cold,9,1341,20.2693,0.005490
scipy-lbfgsb,cold,9,1359,20.5428,0.005490
scipy-lbfgsb,cold,9,1441,21.8523,0.005490
scipy-lbfgsb,cold,9,1451,22.0230,0.005464
scipy-lbfgsb,cold,9,1454,22.1013,0.005464
scipy-lbfgsb,cold,9,1487,22.5922,0.005464
scipy-lbfgsb,cold,9,1504,22.8458,0.005464
scipy-lbfgsb,cold,9,1546,23.4770,0.005464
scipy-lbfgsb,cold,9,1550,23.5369,0.005464
scipy-lbfgsb,cold,9,1582,24.0334,0.005464
scipy-lbfgsb,cold,9,1596,24.2705,0.005436
scipy-lbfgsb,cold,9,1599,24.3701,0.005436
scipy-lbfgsb,cold,9,1631,24.8632,0.005436
scipy-lbfgsb,cold,9,1632,24.8795,0.005436
scipy-lbfgsb,cold,9,1634,24.9132,0.005436
scipy-lbfgsb,cold,9,1649,25.1514,0.005436
scipy-lbfgsb,cold,9,1695,25.8753,0.005436
scipy-lbfgsb,cold,9,1731,26.3856,0.005436
scipy-lbfgsb,cold,9,1741,26.5385,0.005408
scipy-lbfgsb,cold,9,1744,26.6174,0.005408
scipy-lbfgsb,cold,9,1776,27.0400,0.005408
scipy-lbfgsb,cold,9,1794,27.2622,0.005408
scipy-lbfgsb,cold,9,1874,28.2850,0.005408
scipy-lbfgsb,cold,9,1875,28.2965,0.005408
scipy-lbfgsb,cold,9,1886,28.4425,0.005365
scipy-lbfgsb,cold,9,1889,28.5142,0.005365
scipy-lbfgsb,cold,9,1922,28.9469,0.005365
scipy-lbfgsb,cold,9,1939,29.1720,0.005365
scipy-lbfgsb,cold,9,1981,29.7205,0.005365
none,kmeans,0,0,0.0000,0.006495
none,kmeans,1,0,0.0000,0.005449
none,kmeans,2,0,0.0000,0.006190
none,kmeans,3,0,0.0000,0.006129
none,kmeans,4,0,0.0000,0.007274
none,kmeans,5,0,0.0000,0.005857
none,kmeans,6,0,0.0000,0.006787
none,kmeans,7,0,0.0000,0.006489
none,kmeans,8,0,0.0000,0.006376
none,kmeans,9,0,0.0000,0.006096
opt-ga,kmeans,0,0,0.0000,0.006495
opt-ga,kmeans,0,1,0.0610,0.005616
opt-ga,kmeans,0,57,0.8630,0.005496
opt-ga,kmeans,0,115,1.6937,0.005456
opt-ga,kmeans,0,165,2.3981,0.005335
opt-ga,kmeans,0,225,3.3981,0.005261
opt-ga,kmeans,0,294,4.4446,0.005259
opt-ga,kmeans,0,300,4.5363,0.005242
opt-ga,kmeans,0,370,5.5829,0.005225
opt-ga,kmeans,0,455,6.8094,0.005209
opt-ga,kmeans,0,457,6.8366,0.005171
opt-ga,kmeans,0,551,8.2256,0.005161
opt-ga,kmeans,0,582,8.6851,0.005139
opt-ga,kmeans,0,663,9.8701,0.005000
opt-ga,kmeans,0,919,13.7505,0.004913
opt-ga,kmeans,0,923,13.8080,0.004903
opt-ga,kmeans,0,1013,15.1361,0.004826
opt-ga,kmeans,0,1115,16.6373,0.004819
opt-ga,kmeans,0,1127,16.8223,0.004816
opt-ga,kmeans,0,1133,16.9075,0.004813
opt-ga,kmeans,0,1138,16.9759,0.004792
opt-ga,kmeans,0,1214,18.0821,0.004787
opt-ga,kmeans,0,1304,19.4311,0.004781
opt-ga,kmeans,0,1325,19.7474,0.004776
opt-ga,kmeans,0,1363,20.3289,0.004752
opt-ga,kmeans,0,1388,20.7034,0.004732
opt-ga,kmeans,0,1398,20.8637,0.004694
opt-ga,kmeans,0,1469,21.9271,0.004680
opt-ga,kmeans,0,1485,22.1670,0.004677
opt-ga,kmeans,0,1600,24.0154,0.004675
opt-ga,kmeans,0,1682,25.2120,0.004642
opt-ga,kmeans,0,1863,27.8697,0.004633
opt-ga,kmeans,0,1878,28.0847,0.004618
opt-ga,kmeans,0,1885,28.1811,0.004604
opt-ga,kmeans,0,1941,29.0225,0.004593
opt-ga,kmeans,0,1986,29.7322,0.004590
opt-ga,kmeans,0,1990,29.7932,0.004588
opt-ga,kmeans,1,0,0.0000,0.005449
opt-ga,kmeans,1,26,0.4629,0.005226
opt-ga,kmeans,1,243,3.8240,0.005170
opt-ga,kmeans,1,301,4.7092,0.005116
opt-ga,kmeans,1,394,6.1028,0.005040
opt-ga,kmeans,1,467,7.2222,0.005031
opt-ga,kmeans,1,528,8.1271,0.004946
opt-ga,kmeans,1,669,10.1950,0.004917
opt-ga,kmeans,1,744,11.3125,0.004896
opt-ga,kmeans,1,783,11.9034,0.004849
opt-ga,kmeans,1,833,12.6600,0.004848
opt-ga,kmeans,1,854,12.9918,0.004743
opt-ga,kmeans,1,1039,15.9959,0.004734
opt-ga,kmeans,1,1066,16.4141,0.004710
opt-ga,kmeans,1,1123,17.2819,0.004707
opt-ga,kmeans,1,1144,17.5925,0.004664
opt-ga,kmeans,1,1182,18.1617,0.004636
opt-ga,kmeans,1,1227,18.8211,0.004623
opt-ga,kmeans,1,1264,19.3680,0.004602
opt-ga,kmeans,1,1368,20.9007,0.004585
opt-ga,kmeans,1,1464,22.3676,0.004584
opt-ga,kmeans,1,1480,22.6064,0.004532
opt-ga,kmeans,1,1611,24.5480,0.004516
opt-ga,kmeans,1,1618,24.6513,0.004488
opt-ga,kmeans,1,1754,26.6234,0.004464
opt-ga,kmeans,1,1778,26.9690,0.004441
opt-ga,kmeans,1,1820,27.5744,0.004439
opt-ga,kmeans,1,1883,28.4824,0.004411
opt-ga,kmeans,1,1921,29.0357,0.004410
opt-ga,kmeans,1,1924,29.0780,0.004410
opt-ga,kmeans,1,1971,29.7655,0.004380
opt-ga,kmeans,1,1987,29.9996,0.004362
opt-ga,kmeans,2,0,0.0000,0.006190
opt-ga,kmeans,2,1,0.0624,0.005669
opt-ga,kmeans,2,17,0.3075,0.005661
opt-ga,kmeans,2,67,1.0944,0.005574
opt-ga,kmeans,2,91,1.4656,0.005513
opt-ga,kmeans,2,138,2.1798,0.005246
opt-ga,kmeans,2,403,6.3245,0.005241
opt-ga,kmeans,2,417,6.5335,0.005192
opt-ga,kmeans,2,432,6.7497,0.005112
opt-ga,kmeans,2,462,7.2060,0.005057
opt-ga,kmeans,2,533,8.2750,0.004794
opt-ga,kmeans,2,845,13.1119,0.004734
opt-ga,kmeans,2,941,14.5592,0.004600
opt-ga,kmeans,2,1003,15.5025,0.004593
opt-ga,kmeans,2,1029,15.8960,0.004572
opt-ga,kmeans,2,1030,15.9119,0.004563
opt-ga,kmeans,2,1140,17.6207,0.004525
opt-ga,kmeans,2,1254,19.4095,0.004518
opt-ga,kmeans,2,1302,20.1604,0.004472
opt-ga,kmeans,2,1554,23.9717,0.004458
opt-ga,kmeans,2,1685,26.1101,0.004449
opt-ga,kmeans,2,1701,26.3486,0.004411
opt-ga,kmeans,2,1987,30.9559,0.004365
opt-ga,kmeans,3,0,0.0000,0.006129
opt-ga,kmeans,3,4,0.1276,0.005722
opt-ga,kmeans,3,23,0.4767,0.005496
opt-ga,kmeans,3,152,2.5421,0.005474
opt-ga,kmeans,3,186,3.0723,0.005469
opt-ga,kmeans,3,291,4.7647,0.005438
opt-ga,kmeans,3,307,5.0207,0.005425
opt-ga,kmeans,3,334,5.4545,0.005383
opt-ga,kmeans,3,429,6.9493,0.005365
opt-ga,kmeans,3,462,7.5045,0.005195
opt-ga,kmeans,3,661,10.6678,0.005110
opt-ga,kmeans,3,814,13.0501,0.005070
opt-ga,kmeans,3,919,14.7880,0.005059
opt-ga,kmeans,3,949,15.4236,0.005057
opt-ga,kmeans,3,950,15.4415,0.005014
opt-ga,kmeans,3,1038,16.8855,0.004972
opt-ga,kmeans,3,1045,16.9950,0.004831
opt-ga,kmeans,3,1084,17.6122,0.004729
opt-ga,kmeans,3,1142,18.5534,0.004728
opt-ga,kmeans,3,1252,20.3020,0.004718
opt-ga,kmeans,3,1307,21.1952,0.004711
opt-ga,kmeans,3,1393,22.6203,0.004704
opt-ga,kmeans,3,1538,24.9585,0.004700
opt-ga,kmeans,3,1546,25.0904,0.004690
opt-ga,kmeans,3,1585,25.7041,0.004671
opt-ga,kmeans,3,1614,26.1764,0.004639
opt-ga,kmeans,3,1738,28.2536,0.004632
opt-ga,kmeans,3,1805,29.4907,0.004578
opt-ga,kmeans,3,1905,31.1845,0.004547
opt-ga,kmeans,4,0,0.0000,0.007274
opt-ga,kmeans,4,1,0.0672,0.006125
opt-ga,kmeans,4,6,0.1544,0.006074
opt-ga,kmeans,4,7,0.1720,0.005989
opt-ga,kmeans,4,10,0.2236,0.005593
opt-ga,kmeans,4,16,0.3291,0.005505
opt-ga,kmeans,4,47,0.8518,0.005363
opt-ga,kmeans,4,198,3.3345,0.005345
opt-ga,kmeans,4,281,4.6590,0.005338
opt-ga,kmeans,4,317,5.2145,0.005334
opt-ga,kmeans,4,321,5.3911,0.005265
opt-ga,kmeans,4,324,5.4358,0.005241
opt-ga,kmeans,4,345,5.7716,0.005188
opt-ga,kmeans,4,433,7.3502,0.005179
opt-ga,kmeans,4,462,7.8373,0.005149
opt-ga,kmeans,4,522,9.0831,0.005128
opt-ga,kmeans,4,573,9.9073,0.005121
opt-ga,kmeans,4,581,10.0460,0.004992
opt-ga,kmeans,4,602,10.3991,0.004970
opt-ga,kmeans,4,636,10.9318,0.004894
opt-ga,kmeans,4,724,12.5402,0.004858
opt-ga,kmeans,4,755,13.1922,0.004794
opt-ga,kmeans,4,844,14.9619,0.004791
opt-ga,kmeans,4,893,15.7391,0.004776
opt-ga,kmeans,4,966,16.9163,0.004769
opt-ga,kmeans,4,1008,17.5837,0.004750
opt-ga,kmeans,4,1130,19.5341,0.004737
opt-ga,kmeans,4,1142,19.7188,0.004701
opt-ga,kmeans,4,1232,21.1555,0.004661
opt-ga,kmeans,4,1297,22.2154,0.004658
opt-ga,kmeans,4,1384,23.6166,0.004635
opt-ga,kmeans,4,1393,23.7544,0.004594
opt-ga,kmeans,4,1515,25.6245,0.004593
opt-ga,kmeans,4,1560,26.3428,0.004561
opt-ga,kmeans,4,1663,28.1196,0.004548
opt-ga,kmeans,4,1893,31.7409,0.004547
opt-ga,kmeans,4,1899,31.8340,0.004541
opt-ga,kmeans,4,1939,32.4512,0.004540
opt-ga,kmeans,4,1945,32.5419,0.004537
opt-ga,kmeans,4,1969,32.9101,0.004528
opt-ga,kmeans,5,0,0.0000,0.005857
opt-ga,kmeans,5,1,0.0649,0.005702
opt-ga,kmeans,5,3,0.0949,0.005695
opt-ga,kmeans,5,11,0.2182,0.005662
opt-ga,kmeans,5,34,0.5813,0.005553
opt-ga,kmeans,5,84,1.3570,0.005254
opt-ga,kmeans,5,358,5.5016,0.005244
opt-ga,kmeans,5,437,6.6734,0.005243
opt-ga,kmeans,5,440,6.7185,0.005216
opt-ga,kmeans,5,537,8.2414,0.005148
opt-ga,kmeans,5,579,8.9019,0.005134
opt-ga,kmeans,5,769,11.8294,0.005100
opt-ga,kmeans,5,895,13.7826,0.005090
opt-ga,kmeans,5,986,15.1897,0.005065
opt-ga,kmeans,5,1065,16.4430,0.005031
opt-ga,kmeans,5,1170,18.1399,0.005028
opt-ga,kmeans,5,1219,18.8886,0.005027
opt-ga,kmeans,5,1232,19.0797,0.005003
opt-ga,kmeans,5,1330,20.5673,0.005000
opt-ga,kmeans,5,1348,20.8353,0.004993
opt-ga,kmeans,5,1380,21.3257,0.004979
opt-ga,kmeans,5,1432,22.1045,0.004948
opt-ga,kmeans,5,1613,24.8755,0.004942
opt-ga,kmeans,5,1622,25.0162,0.004904
opt-ga,kmeans,5,1736,26.7745,0.004898
opt-ga,kmeans,5,1750,26.9924,0.004829
opt-ga,kmeans,5,1851,28.5484,0.004825
opt-ga,kmeans,6,0,0.0000,0.006787
opt-ga,kmeans,6,1,0.0642,0.006399
opt-ga,kmeans,6,2,0.0800,0.006269
opt-ga,kmeans,6,4,0.1096,0.006248
opt-ga,kmeans,6,8,0.1708,0.006030
opt-ga,kmeans,6,16,0.2956,0.005949
opt-ga,kmeans,6,21,0.3712,0.005715
opt-ga,kmeans,6,45,0.7470,0.005700
opt-ga,kmeans,6,66,1.0997,0.005668
opt-ga,kmeans,6,127,2.1062,0.005586
opt-ga,kmeans,6,173,2.8362,0.005574
opt-ga,kmeans,6,224,3.6790,0.005510
opt-ga,kmeans,6,228,3.7579,0.005406
opt-ga,kmeans,6,452,7.4379,0.005354
opt-ga,kmeans,6,541,9.0465,0.005335
opt-ga,kmeans,6,553,9.2331,0.005246
opt-ga,kmeans,6,700,11.6066,0.005243
opt-ga,kmeans,6,761,12.5806,0.005211
opt-ga,kmeans,6,894,14.7447,0.005206
opt-ga,kmeans,6,910,14.9959,0.005200
opt-ga,kmeans,6,945,15.5524,0.005092
opt-ga,kmeans,6,988,16.2265,0.005079
opt-ga,kmeans,6,1095,17.8934,0.005071
opt-ga,kmeans,6,1103,18.0218,0.005041
opt-ga,kmeans,6,1125,18.3944,0.005019
opt-ga,kmeans,6,1255,20.3750,0.004988
opt-ga,kmeans,6,1347,21.8224,0.004988
opt-ga,kmeans,6,1370,22.1755,0.004970
opt-ga,kmeans,6,1403,22.6796,0.004962
opt-ga,kmeans,6,1430,23.1258,0.004958
opt-ga,kmeans,6,1446,23.3685,0.004940
opt-ga,kmeans,6,1452,23.4623,0.004899
opt-ga,kmeans,6,1463,23.6354,0.004852
opt-ga,kmeans,6,1516,24.4575,0.004835
opt-ga,kmeans,6,1520,24.5176,0.004835
opt-ga,kmeans,6,1541,24.8386,0.004823
opt-ga,kmeans,6,1558,25.1043,0.004823
opt-ga,kmeans,6,1604,25.8537,0.004822
opt-ga,kmeans,6,1679,26.9928,0.004796
opt-ga,kmeans,6,1807,28.9647,0.004786
opt-ga,kmeans,6,1821,29.1763,0.004773
opt-ga,kmeans,6,1829,29.2956,0.004763
opt-ga,kmeans,6,1861,29.7851,0.004735
opt-ga,kmeans,6,1975,31.6626,0.004682
opt-ga,kmeans,7,0,0.0000,0.006489
opt-ga,kmeans,7,1,0.0615,0.005992
opt-ga,kmeans,7,2,0.0770,0.005881
opt-ga,kmeans,7,4,0.1050,0.005647
opt-ga,kmeans,7,13,0.2402,0.005588
opt-ga,kmeans,7,57,0.9158,0.005548
opt-ga,kmeans,7,112,1.7814,0.005506
opt-ga,kmeans,7,180,2.8523,0.005490
opt-ga,kmeans,7,219,3.4562,0.005428
opt-ga,kmeans,7,231,3.6540,0.005418
opt-ga,kmeans,7,259,4.1042,0.005321
opt-ga,kmeans,7,291,4.6493,0.005274
opt-ga,kmeans,7,344,5.5834,0.005227
opt-ga,kmeans,7,346,5.6160,0.005166
opt-ga,kmeans,7,452,7.2034,0.005146
opt-ga,kmeans,7,463,7.3759,0.005087
opt-ga,kmeans,7,541,8.5864,0.005042
opt-ga,kmeans,7,593,9.4033,0.005032
opt-ga,kmeans,7,628,9.9399,0.004668
opt-ga,kmeans,7,894,14.0173,0.004595
opt-ga,kmeans,7,957,14.9695,0.004585
opt-ga,kmeans,7,1026,16.0406,0.004556
opt-ga,kmeans,7,1178,18.4012,0.004544
opt-ga,kmeans,7,1185,18.5212,0.004525
opt-ga,kmeans,7,1276,19.9591,0.004506
opt-ga,kmeans,7,1333,20.8655,0.004427
opt-ga,kmeans,7,1417,22.3178,0.004398
opt-ga,kmeans,7,1597,25.3165,0.004373
opt-ga,kmeans,7,1604,25.4450,0.004362
opt-ga,kmeans,7,1665,26.4498,0.004332
opt-ga,kmeans,7,1796,28.5383,0.004302
opt-ga,kmeans,7,1952,31.0065,0.004230
opt-ga,kmeans,8,0,0.0000,0.006376
opt-ga,kmeans,8,1,0.0645,0.005884
opt-ga,kmeans,8,14,0.2997,0.005811
opt-ga,kmeans,8,123,2.0606,0.005773
opt-ga,kmeans,8,134,2.2291,0.005707
opt-ga,kmeans,8,193,3.1646,0.005514
opt-ga,kmeans,8,312,5.0532,0.005415
opt-ga,kmeans,8,348,5.6206,0.005365
opt-ga,kmeans,8,417,6.7137,0.005105
opt-ga,kmeans,8,541,8.5799,0.005104
opt-ga,kmeans,8,663,10.4075,0.005096
opt-ga,kmeans,8,687,10.7745,0.005082
opt-ga,kmeans,8,689,10.8055,0.004906
opt-ga,kmeans,8,904,14.2983,0.004734
opt-ga,kmeans,8,995,15.6852,0.004728
opt-ga,kmeans,8,1105,17.4011,0.004726
opt-ga,kmeans,8,1191,18.7750,0.004718
opt-ga,kmeans,8,1198,18.8843,0.004713
opt-ga,kmeans,8,1213,19.1288,0.004697
opt-ga,kmeans,8,1331,20.9629,0.004664
opt-ga,kmeans,8,1347,21.2020,0.004642
opt-ga,kmeans,8,1382,21.7391,0.004610
opt-ga,kmeans,8,1447,22.7144,0.004576
opt-ga,kmeans,8,1497,23.4727,0.004567
opt-ga,kmeans,8,1549,24.2745,0.004553
opt-ga,kmeans,8,1579,24.7106,0.004536
opt-ga,kmeans,8,1613,25.2111,0.004516
opt-ga,kmeans,8,1667,25.9786,0.004480
opt-ga,kmeans,8,1758,27.3000,0.004455
opt-ga,kmeans,8,1771,27.5012,0.004440
opt-ga,kmeans,8,1961,30.2853,0.004435
opt-ga,kmeans,8,1967,30.3701,0.004430
opt-ga,kmeans,9,0,0.0000,0.006096
opt-ga,kmeans,9,4,0.1073,0.006040
opt-ga,kmeans,9,11,0.2134,0.006019
opt-ga,kmeans,9,24,0.4027,0.005457
opt-ga,kmeans,9,127,1.9254,0.005428
opt-ga,kmeans,9,160,2.3999,0.005239
opt-ga,kmeans,9,462,6.9603,0.005165
opt-ga,kmeans,9,594,8.9552,0.005102
opt-ga,kmeans,9,742,11.1902,0.005048
opt-ga,kmeans,9,903,13.6365,0.005025
opt-ga,kmeans,9,938,14.1640,0.005021
opt-ga,kmeans,9,946,14.2929,0.004983
opt-ga,kmeans,9,1096,16.5822,0.004972
opt-ga,kmeans,9,1246,18.8201,0.004878
opt-ga,kmeans,9,1386,20.8910,0.004868
opt-ga,kmeans,9,1517,22.8746,0.004864
opt-ga,kmeans,9,1544,23.2887,0.004853
opt-ga,kmeans,9,1621,24.4464,0.004830
opt-ga,kmeans,9,1890,28.5679,0.004821
opt-ga,kmeans,9,1919,29.1405,0.004817
scipy-lbfgsb,kmeans,0,0,0.0000,0.006495
scipy-lbfgsb,kmeans,0,2,0.0512,0.006495
scipy-lbfgsb,kmeans,0,7,0.1342,0.006495
scipy-lbfgsb,kmeans,0,56,0.9424,0.006495
scipy-lbfgsb,kmeans,0,69,1.1563,0.006495
scipy-lbfgsb,kmeans,0,146,2.3629,0.005985
scipy-lbfgsb,kmeans,0,147,2.3779,0.005985
scipy-lbfgsb,kmeans,0,148,2.3931,0.005985
scipy-lbfgsb,kmeans,0,150,2.4262,0.005984
scipy-lbfgsb,kmeans,0,156,2.5212,0.005977
scipy-lbfgsb,kmeans,0,175,2.8201,0.005976
scipy-lbfgsb,kmeans,0,176,2.8354,0.005976
scipy-lbfgsb,kmeans,0,291,4.6742,0.005563
scipy-lbfgsb,kmeans,0,292,4.6896,0.005563
scipy-lbfgsb,kmeans,0,297,4.7685,0.005562
scipy-lbfgsb,kmeans,0,322,5.1742,0.005562
scipy-lbfgsb,kmeans,0,334,5.3609,0.005562
scipy-lbfgsb,kmeans,0,436,6.8954,0.005277
scipy-lbfgsb,kmeans,0,438,6.9266,0.005277
scipy-lbfgsb,kmeans,0,442,6.9891,0.005277
scipy-lbfgsb,kmeans,0,475,7.5013,0.005277
scipy-lbfgsb,kmeans,0,479,7.5640,0.005277
scipy-lbfgsb,kmeans,0,540,8.5220,0.005276
scipy-lbfgsb,kmeans,0,726,11.5015,0.005232
scipy-lbfgsb,kmeans,0,728,11.5331,0.005232
scipy-lbfgsb,kmeans,0,732,11.5941,0.005232
scipy-lbfgsb,kmeans,0,765,12.1379,0.005232
scipy-lbfgsb,kmeans,0,769,12.2052,0.005232
scipy-lbfgsb,kmeans,0,830,13.1750,0.005232
scipy-lbfgsb,kmeans,0,1161,18.2573,0.005229
scipy-lbfgsb,kmeans,0,1163,18.2909,0.005229
scipy-lbfgsb,kmeans,0,1167,18.3503,0.005229
scipy-lbfgsb,kmeans,0,1189,18.6938,0.005229
scipy-lbfgsb,kmeans,0,1200,18.8733,0.005229
scipy-lbfgsb,kmeans,0,1204,18.9354,0.005228
scipy-lbfgsb,kmeans,0,1265,19.9762,0.005228
scipy-lbfgsb,kmeans,0,1306,20.6433,0.005189
scipy-lbfgsb,kmeans,0,1308,20.6747,0.005189
scipy-lbfgsb,kmeans,0,1312,20.7379,0.005189
scipy-lbfgsb,kmeans,0,1334,21.0857,0.005189
scipy-lbfgsb,kmeans,0,1345,21.2727,0.005189
scipy-lbfgsb,kmeans,0,1349,21.3386,0.005188
scipy-lbfgsb,kmeans,0,1410,22.4180,0.005188
scipy-lbfgsb,kmeans,0,1451,23.0650,0.005146
scipy-lbfgsb,kmeans,0,1453,23.0958,0.005146
scipy-lbfgsb,kmeans,0,1457,23.1580,0.005146
scipy-lbfgsb,kmeans,0,1479,23.5082,0.005146
scipy-lbfgsb,kmeans,0,1490,23.6806,0.005146
scipy-lbfgsb,kmeans,0,1494,23.7440,0.005145
scipy-lbfgsb,kmeans,0,1524,24.2239,0.005145
scipy-lbfgsb,kmeans,0,1555,24.7292,0.005145
scipy-lbfgsb,kmeans,1,0,0.0000,0.005449
scipy-lbfgsb,kmeans,1,2,0.0461,0.005449
scipy-lbfgsb,kmeans,1,11,0.1860,0.005449
scipy-lbfgsb,kmeans,1,13,0.2155,0.005449
scipy-lbfgsb,kmeans,1,61,0.9772,0.005449
scipy-lbfgsb,kmeans,1,141,2.2048,0.005448
scipy-lbfgsb,kmeans,1,144,2.2515,0.005051
scipy-lbfgsb,kmeans,1,145,2.2667,0.005051
scipy-lbfgsb,kmeans,1,154,2.4071,0.005051
scipy-lbfgsb,kmeans,1,260,4.0408,0.005051
scipy-lbfgsb,kmeans,1,287,4.4874,0.004780
scipy-lbfgsb,kmeans,1,288,4.5036,0.004780
scipy-lbfgsb,kmeans,1,290,4.5352,0.004780
scipy-lbfgsb,kmeans,1,291,4.5514,0.004780
scipy-lbfgsb,kmeans,1,303,4.7454,0.004779
scipy-lbfgsb,kmeans,1,317,4.9840,0.004779
scipy-lbfgsb,kmeans,1,351,5.5342,0.004779
scipy-lbfgsb,kmeans,1,430,6.8304,0.004134
scipy-lbfgsb,kmeans,1,432,6.8609,0.004134
scipy-lbfgsb,kmeans,1,433,6.8785,0.004134
scipy-lbfgsb,kmeans,1,434,6.8975,0.004133
scipy-lbfgsb,kmeans,1,573,9.2173,0.003870
scipy-lbfgsb,kmeans,1,575,9.2651,0.003870
scipy-lbfgsb,kmeans,1,576,9.2893,0.003870
scipy-lbfgsb,kmeans,1,577,9.3052,0.003870
scipy-lbfgsb,kmeans,1,581,9.3687,0.003869
scipy-lbfgsb,kmeans,1,716,11.7273,0.003699
scipy-lbfgsb,kmeans,1,718,11.7633,0.003699
scipy-lbfgsb,kmeans,1,719,11.7802,0.003699
scipy-lbfgsb,kmeans,1,726,11.8956,0.003699
scipy-lbfgsb,kmeans,1,736,12.0672,0.003699
scipy-lbfgsb,kmeans,1,759,12.4586,0.003698
scipy-lbfgsb,kmeans,1,822,13.5033,0.003698
scipy-lbfgsb,kmeans,1,859,14.1462,0.003582
scipy-lbfgsb,kmeans,1,861,14.1932,0.003582
scipy-lbfgsb,kmeans,1,862,14.2177,0.003582
scipy-lbfgsb,kmeans,1,863,14.2401,0.003582
scipy-lbfgsb,kmeans,1,866,14.2946,0.003582
scipy-lbfgsb,kmeans,1,869,14.3485,0.003582
scipy-lbfgsb,kmeans,1,879,14.5391,0.003582
scipy-lbfgsb,kmeans,1,888,14.6971,0.003582
scipy-lbfgsb,kmeans,1,889,14.7143,0.003581
scipy-lbfgsb,kmeans,1,1145,19.1297,0.003525
scipy-lbfgsb,kmeans,1,1147,19.1637,0.003525
scipy-lbfgsb,kmeans,1,1148,19.1805,0.003525
scipy-lbfgsb,kmeans,1,1149,19.1966,0.003525
scipy-lbfgsb,kmeans,1,1152,19.2475,0.003525
scipy-lbfgsb,kmeans,1,1174,19.6085,0.003525
scipy-lbfgsb,kmeans,1,1175,19.6242,0.003525
scipy-lbfgsb,kmeans,1,1189,19.8438,0.003525
scipy-lbfgsb,kmeans,1,1431,23.8282,0.003494
scipy-lbfgsb,kmeans,1,1433,23.8587,0.003494
scipy-lbfgsb,kmeans,1,1434,23.8758,0.003494
scipy-lbfgsb,kmeans,1,1435,23.8926,0.003493
scipy-lbfgsb,kmeans,1,1438,23.9393,0.003493
scipy-lbfgsb,kmeans,1,1461,24.3039,0.003493
scipy-lbfgsb,kmeans,1,1475,24.5268,0.003493
scipy-lbfgsb,kmeans,1,1574,26.1452,0.003488
scipy-lbfgsb,kmeans,1,1575,26.1690,0.003488
scipy-lbfgsb,kmeans,1,1577,26.2173,0.003488
scipy-lbfgsb,kmeans,1,1578,26.2340,0.003488
scipy-lbfgsb,kmeans,1,1582,26.3023,0.003487
scipy-lbfgsb,kmeans,1,1860,30.9197,0.003482
scipy-lbfgsb,kmeans,1,1861,30.9357,0.003482
scipy-lbfgsb,kmeans,1,1863,30.9689,0.003482
scipy-lbfgsb,kmeans,1,1864,30.9851,0.003482
scipy-lbfgsb,kmeans,1,1868,31.0484,0.003481
scipy-lbfgsb,kmeans,2,0,0.0000,0.006190
scipy-lbfgsb,kmeans,2,3,0.0624,0.006190
scipy-lbfgsb,kmeans,2,6,0.1071,0.006190
scipy-lbfgsb,kmeans,2,9,0.1532,0.006190
scipy-lbfgsb,kmeans,2,12,0.1995,0.006190
scipy-lbfgsb,kmeans,2,26,0.4130,0.006190
scipy-lbfgsb,kmeans,2,69,1.0649,0.006189
scipy-lbfgsb,kmeans,2,146,2.2335,0.005619
scipy-lbfgsb,kmeans,2,147,2.2487,0.005619
scipy-lbfgsb,kmeans,2,151,2.3119,0.005619
scipy-lbfgsb,kmeans,2,171,2.6404,0.005619
scipy-lbfgsb,kmeans,2,174,2.6866,0.005619
scipy-lbfgsb,kmeans,2,214,3.3187,0.005619
scipy-lbfgsb,kmeans,2,436,6.9927,0.005524
scipy-lbfgsb,kmeans,2,437,7.0079,0.005524
scipy-lbfgsb,kmeans,2,441,7.0689,0.005524
scipy-lbfgsb,kmeans,2,464,7.4488,0.005524
scipy-lbfgsb,kmeans,2,504,8.1031,0.005524
scipy-lbfgsb,kmeans,2,726,11.9600,0.005507
scipy-lbfgsb,kmeans,2,727,11.9772,0.005507
scipy-lbfgsb,kmeans,2,731,12.0447,0.005507
scipy-lbfgsb,kmeans,2,754,12.4316,0.005507
scipy-lbfgsb,kmeans,2,794,13.1273,0.005507
scipy-lbfgsb,kmeans,2,1016,17.0342,0.005500
scipy-lbfgsb,kmeans,2,1017,17.0533,0.005500
scipy-lbfgsb,kmeans,2,1021,17.1200,0.005500
scipy-lbfgsb,kmeans,2,1044,17.5351,0.005500
scipy-lbfgsb,kmeans,2,1084,18.2575,0.005500
scipy-lbfgsb,kmeans,2,1306,21.9284,0.005494
scipy-lbfgsb,kmeans,2,1307,21.9450,0.005494
scipy-lbfgsb,kmeans,2,1311,22.0110,0.005494
scipy-lbfgsb,kmeans,2,1334,22.3939,0.005494
scipy-lbfgsb,kmeans,2,1374,23.0896,0.005494
scipy-lbfgsb,kmeans,2,1451,24.4736,0.005399
scipy-lbfgsb,kmeans,2,1452,24.4925,0.005399
scipy-lbfgsb,kmeans,2,1456,24.5667,0.005399
scipy-lbfgsb,kmeans,2,1460,24.6364,0.005399
scipy-lbfgsb,kmeans,2,1479,24.9646,0.005399
scipy-lbfgsb,kmeans,2,1519,25.6629,0.005399
scipy-lbfgsb,kmeans,2,1524,25.7468,0.005399
scipy-lbfgsb,kmeans,2,1886,31.8230,0.005390
scipy-lbfgsb,kmeans,2,1887,31.8403,0.005390
scipy-lbfgsb,kmeans,2,1891,31.9040,0.005390
scipy-lbfgsb,kmeans,2,1895,31.9653,0.005390
scipy-lbfgsb,kmeans,2,1914,32.3909,0.005390
scipy-lbfgsb,kmeans,2,1935,32.7332,0.005390
scipy-lbfgsb,kmeans,2,1954,33.0330,0.005390
scipy-lbfgsb,kmeans,2,1959,33.1126,0.005390
scipy-lbfgsb,kmeans,3,0,0.0000,0.006129
scipy-lbfgsb,kmeans,3,3,0.0676,0.006127
scipy-lbfgsb,kmeans,3,142,2.3724,0.005367
scipy-lbfgsb,kmeans,3,147,2.4544,0.005367
scipy-lbfgsb,kmeans,3,151,2.5226,0.005367
scipy-lbfgsb,kmeans,3,156,2.6155,0.005367
scipy-lbfgsb,kmeans,3,162,2.7126,0.005367
scipy-lbfgsb,kmeans,3,176,2.9398,0.005367
scipy-lbfgsb,kmeans,3,190,3.1668,0.005367
scipy-lbfgsb,kmeans,3,211,3.5091,0.005366
scipy-lbfgsb,kmeans,3,212,3.5248,0.005366
scipy-lbfgsb,kmeans,3,214,3.5578,0.005366
scipy-lbfgsb,kmeans,3,283,4.7002,0.004808
scipy-lbfgsb,kmeans,3,288,4.7811,0.004807
scipy-lbfgsb,kmeans,3,289,4.7974,0.004807
scipy-lbfgsb,kmeans,3,295,4.8935,0.004807
scipy-lbfgsb,kmeans,3,296,4.9091,0.004807
scipy-lbfgsb,kmeans,3,421,6.8746,0.004807
scipy-lbfgsb,kmeans,3,424,6.9260,0.004460
scipy-lbfgsb,kmeans,3,428,6.9878,0.004460
scipy-lbfgsb,kmeans,3,429,7.0027,0.004460
scipy-lbfgsb,kmeans,3,430,7.0178,0.004460
scipy-lbfgsb,kmeans,3,436,7.1071,0.004460
scipy-lbfgsb,kmeans,3,437,7.1224,0.004460
scipy-lbfgsb,kmeans,3,456,7.4202,0.004460
scipy-lbfgsb,kmeans,3,487,7.9189,0.004460
scipy-lbfgsb,kmeans,3,565,9.1536,0.004203
scipy-lbfgsb,kmeans,3,566,9.1775,0.004203
scipy-lbfgsb,kmeans,3,570,9.2592,0.004203
scipy-lbfgsb,kmeans,3,575,9.3398,0.004202
scipy-lbfgsb,kmeans,3,641,10.4194,0.004202
scipy-lbfgsb,kmeans,3,706,11.4775,0.003988
scipy-lbfgsb,kmeans,3,707,11.5016,0.003988
scipy-lbfgsb,kmeans,3,716,11.6598,0.003987
scipy-lbfgsb,kmeans,3,847,13.7777,0.003892
scipy-lbfgsb,kmeans,3,848,13.8015,0.003892
scipy-lbfgsb,kmeans,3,852,13.8824,0.003892
scipy-lbfgsb,kmeans,3,856,13.9518,0.003891
scipy-lbfgsb,kmeans,3,868,14.2057,0.003891
scipy-lbfgsb,kmeans,3,886,14.4943,0.003891
scipy-lbfgsb,kmeans,3,988,16.2052,0.003777
scipy-lbfgsb,kmeans,3,989,16.2297,0.003777
scipy-lbfgsb,kmeans,3,993,16.3119,0.003777
scipy-lbfgsb,kmeans,3,1009,16.5721,0.003777
scipy-lbfgsb,kmeans,3,1012,16.6205,0.003777
scipy-lbfgsb,kmeans,3,1028,16.8820,0.003776
scipy-lbfgsb,kmeans,3,1129,18.6022,0.003693
scipy-lbfgsb,kmeans,3,1130,18.6259,0.003693
scipy-lbfgsb,kmeans,3,1134,18.7073,0.003693
scipy-lbfgsb,kmeans,3,1151,19.0067,0.003693
scipy-lbfgsb,kmeans,3,1270,20.9893,0.003615
scipy-lbfgsb,kmeans,3,1271,21.0133,0.003615
scipy-lbfgsb,kmeans,3,1275,21.0936,0.003615
scipy-lbfgsb,kmeans,3,1279,21.1568,0.003615
scipy-lbfgsb,kmeans,3,1350,22.4292,0.003615
scipy-lbfgsb,kmeans,3,1411,23.5293,0.003567
scipy-lbfgsb,kmeans,3,1412,23.5533,0.003567
scipy-lbfgsb,kmeans,3,1416,23.6314,0.003567
scipy-lbfgsb,kmeans,3,1420,23.6942,0.003566
scipy-lbfgsb,kmeans,3,1457,24.2671,0.003566
scipy-lbfgsb,kmeans,3,1507,25.0122,0.003566
scipy-lbfgsb,kmeans,3,1552,25.6853,0.003488
scipy-lbfgsb,kmeans,3,1553,25.7095,0.003488
scipy-lbfgsb,kmeans,3,1557,25.7883,0.003488
scipy-lbfgsb,kmeans,3,1561,25.8538,0.003488
scipy-lbfgsb,kmeans,3,1648,27.2132,0.003487
scipy-lbfgsb,kmeans,3,1693,27.9175,0.003438
scipy-lbfgsb,kmeans,3,1694,27.9419,0.003438
scipy-lbfgsb,kmeans,3,1703,28.1021,0.003436
scipy-lbfgsb,kmeans,3,1834,30.2547,0.003398
scipy-lbfgsb,kmeans,3,1835,30.2707,0.003398
scipy-lbfgsb,kmeans,3,1839,30.3347,0.003398
scipy-lbfgsb,kmeans,3,1844,30.4170,0.003397
scipy-lbfgsb,kmeans,3,1930,31.7494,0.003397
scipy-lbfgsb,kmeans,3,1975,32.4653,0.003377
scipy-lbfgsb,kmeans,3,1976,32.4892,0.003377
scipy-lbfgsb,kmeans,3,1981,32.5835,0.003377
scipy-lbfgsb,kmeans,3,1985,32.6493,0.003377
scipy-lbfgsb,kmeans,4,0,0.0000,0.007274
scipy-lbfgsb,kmeans,4,2,0.0449,0.007274
scipy-lbfgsb,kmeans,4,12,0.2029,0.007274
scipy-lbfgsb,kmeans,4,14,0.2347,0.007273
scipy-lbfgsb,kmeans,4,23,0.3751,0.007273
scipy-lbfgsb,kmeans,4,60,0.9577,0.007273
scipy-lbfgsb,kmeans,4,146,2.2450,0.007219
scipy-lbfgsb,kmeans,4,147,2.2606,0.007219
scipy-lbfgsb,kmeans,4,150,2.3064,0.007219
scipy-lbfgsb,kmeans,4,159,2.4450,0.007219
scipy-lbfgsb,kmeans,4,285,4.4592,0.006863
scipy-lbfgsb,kmeans,4,286,4.4768,0.006862
scipy-lbfgsb,kmeans,4,291,4.5612,0.005054
scipy-lbfgsb,kmeans,4,292,4.5788,0.005054
scipy-lbfgsb,kmeans,4,295,4.6277,0.005054
scipy-lbfgsb,kmeans,4,298,4.6799,0.005054
scipy-lbfgsb,kmeans,4,304,4.7774,0.005054
scipy-lbfgsb,kmeans,4,313,4.9155,0.005054
scipy-lbfgsb,kmeans,4,334,5.2541,0.005054
scipy-lbfgsb,kmeans,4,358,5.6382,0.005054
scipy-lbfgsb,kmeans,4,1161,19.1896,0.004903
scipy-lbfgsb,kmeans,4,1162,19.2081,0.004903
scipy-lbfgsb,kmeans,4,1167,19.2928,0.004903
scipy-lbfgsb,kmeans,4,1168,19.3099,0.004902
scipy-lbfgsb,kmeans,4,1171,19.3614,0.004902
scipy-lbfgsb,kmeans,4,1173,19.3962,0.004902
scipy-lbfgsb,kmeans,4,1207,19.9737,0.004902
scipy-lbfgsb,kmeans,4,1221,20.2161,0.004902
scipy-lbfgsb,kmeans,4,1306,21.6241,0.004515
scipy-lbfgsb,kmeans,4,1307,21.6493,0.004515
scipy-lbfgsb,kmeans,4,1313,21.7676,0.004515
scipy-lbfgsb,kmeans,4,1324,21.9629,0.004514
scipy-lbfgsb,kmeans,4,1406,23.3152,0.004512
scipy-lbfgsb,kmeans,4,1451,24.0528,0.004341
scipy-lbfgsb,kmeans,4,1453,24.1001,0.004341
scipy-lbfgsb,kmeans,4,1454,24.1242,0.004341
scipy-lbfgsb,kmeans,4,1457,24.1724,0.004341
scipy-lbfgsb,kmeans,4,1458,24.1897,0.004341
scipy-lbfgsb,kmeans,4,1459,24.2066,0.004341
scipy-lbfgsb,kmeans,4,1460,24.2241,0.004340
scipy-lbfgsb,kmeans,4,1469,24.3875,0.004340
scipy-lbfgsb,kmeans,4,1596,26.5371,0.004276
scipy-lbfgsb,kmeans,4,1598,26.5851,0.004276
scipy-lbfgsb,kmeans,4,1599,26.6089,0.004276
scipy-lbfgsb,kmeans,4,1602,26.6648,0.004276
scipy-lbfgsb,kmeans,4,1603,26.6821,0.004276
scipy-lbfgsb,kmeans,4,1604,26.7004,0.004276
scipy-lbfgsb,kmeans,4,1677,27.9399,0.004276
scipy-lbfgsb,kmeans,4,1695,28.2469,0.004276
scipy-lbfgsb,kmeans,4,1698,28.2997,0.004276
scipy-lbfgsb,kmeans,4,1720,28.6780,0.004276
scipy-lbfgsb,kmeans,4,1741,29.0366,0.004179
scipy-lbfgsb,kmeans,4,1743,29.0844,0.004179
scipy-lbfgsb,kmeans,4,1747,29.1604,0.004179
scipy-lbfgsb,kmeans,4,1748,29.1766,0.004179
scipy-lbfgsb,kmeans,4,1749,29.1927,0.004179
scipy-lbfgsb,kmeans,4,1823,30.4531,0.004179
scipy-lbfgsb,kmeans,4,1840,30.7531,0.004179
scipy-lbfgsb,kmeans,4,1886,31.5443,0.004089
scipy-lbfgsb,kmeans,4,1888,31.5928,0.004089
scipy-lbfgsb,kmeans,4,1889,31.6165,0.004089
scipy-lbfgsb,kmeans,4,1890,31.6325,0.004089
scipy-lbfgsb,kmeans,4,1893,31.6834,0.004089
scipy-lbfgsb,kmeans,4,1903,31.8492,0.004089
scipy-lbfgsb,kmeans,4,1953,32.7021,0.004089
scipy-lbfgsb,kmeans,4,1967,32.9356,0.004089
scipy-lbfgsb,kmeans,5,0,0.0000,0.005857
scipy-lbfgsb,kmeans,5,2,0.0524,0.005857
scipy-lbfgsb,kmeans,5,8,0.1600,0.005857
scipy-lbfgsb,kmeans,5,15,0.2818,0.005857
scipy-lbfgsb,kmeans,5,17,0.3165,0.005855
scipy-lbfgsb,kmeans,5,142,2.5290,0.005263
scipy-lbfgsb,kmeans,5,143,2.5455,0.005263
scipy-lbfgsb,kmeans,5,146,2.5993,0.005263
scipy-lbfgsb,kmeans,5,162,2.8637,0.005263
scipy-lbfgsb,kmeans,5,198,3.4683,0.005263
scipy-lbfgsb,kmeans,5,283,4.8899,0.004921
scipy-lbfgsb,kmeans,5,284,4.9081,0.004921
scipy-lbfgsb,kmeans,5,287,4.9616,0.004921
scipy-lbfgsb,kmeans,5,288,4.9784,0.004921
scipy-lbfgsb,kmeans,5,289,4.9947,0.004920
scipy-lbfgsb,kmeans,5,345,5.9128,0.004920
scipy-lbfgsb,kmeans,5,424,7.2100,0.004517
scipy-lbfgsb,kmeans,5,425,7.2267,0.004517
scipy-lbfgsb,kmeans,5,428,7.2748,0.004517
scipy-lbfgsb,kmeans,5,434,7.3695,0.004517
scipy-lbfgsb,kmeans,5,458,7.7840,0.004517
scipy-lbfgsb,kmeans,5,465,7.9010,0.004517
scipy-lbfgsb,kmeans,5,522,8.8292,0.004517
scipy-lbfgsb,kmeans,5,550,9.2925,0.004516
scipy-lbfgsb,kmeans,5,565,9.5434,0.004455
scipy-lbfgsb,kmeans,5,566,9.5675,0.004455
scipy-lbfgsb,kmeans,5,569,9.6310,0.004455
scipy-lbfgsb,kmeans,5,575,9.7273,0.004455
scipy-lbfgsb,kmeans,5,606,10.2238,0.004455
scipy-lbfgsb,kmeans,5,663,11.1309,0.004454
scipy-lbfgsb,kmeans,5,847,14.3301,0.004415
scipy-lbfgsb,kmeans,5,848,14.3477,0.004415
scipy-lbfgsb,kmeans,5,851,14.4000,0.004415
scipy-lbfgsb,kmeans,5,857,14.5100,0.004415
scipy-lbfgsb,kmeans,5,888,15.0709,0.004415
scipy-lbfgsb,kmeans,5,945,16.0910,0.004415
scipy-lbfgsb,kmeans,5,1129,19.2497,0.004406
scipy-lbfgsb,kmeans,5,1130,19.2664,0.004406
scipy-lbfgsb,kmeans,5,1133,19.3180,0.004406
scipy-lbfgsb,kmeans,5,1139,19.4229,0.004406
scipy-lbfgsb,kmeans,5,1170,19.9354,0.004406
scipy-lbfgsb,kmeans,5,1227,20.8915,0.004405
scipy-lbfgsb,kmeans,5,1270,21.6361,0.004256
scipy-lbfgsb,kmeans,5,1272,21.6722,0.004256
scipy-lbfgsb,kmeans,5,1274,21.7080,0.004256
scipy-lbfgsb,kmeans,5,1280,21.8165,0.004256
scipy-lbfgsb,kmeans,5,1311,22.3731,0.004256
scipy-lbfgsb,kmeans,5,1349,23.0405,0.004256
scipy-lbfgsb,kmeans,5,1364,23.2859,0.004256
scipy-lbfgsb,kmeans,5,1368,23.3569,0.004256
scipy-lbfgsb,kmeans,5,1372,23.4238,0.004256
scipy-lbfgsb,kmeans,5,1396,23.8374,0.004256
scipy-lbfgsb,kmeans,5,1693,28.8965,0.004252
scipy-lbfgsb,kmeans,5,1695,28.9317,0.004252
scipy-lbfgsb,kmeans,5,1697,28.9658,0.004252
scipy-lbfgsb,kmeans,5,1703,29.0712,0.004252
scipy-lbfgsb,kmeans,5,1734,29.6309,0.004252
scipy-lbfgsb,kmeans,5,1772,30.2975,0.004252
scipy-lbfgsb,kmeans,5,1787,30.5601,0.004252
scipy-lbfgsb,kmeans,5,1791,30.6283,0.004252
scipy-lbfgsb,kmeans,5,1795,30.6992,0.004252
scipy-lbfgsb,kmeans,5,1819,31.1097,0.004252
scipy-lbfgsb,kmeans,5,1975,33.7669,0.004251
scipy-lbfgsb,kmeans,5,1977,33.8035,0.004251
scipy-lbfgsb,kmeans,5,1979,33.8391,0.004251
scipy-lbfgsb,kmeans,5,1985,33.9509,0.004251
scipy-lbfgsb,kmeans,6,0,0.0000,0.006787
scipy-lbfgsb,kmeans,6,2,0.0551,0.006787
scipy-lbfgsb,kmeans,6,19,0.3616,0.006786
scipy-lbfgsb,kmeans,6,65,1.1819,0.006786
scipy-lbfgsb,kmeans,6,148,2.6624,0.005909
scipy-lbfgsb,kmeans,6,149,2.6822,0.005909
scipy-lbfgsb,kmeans,6,166,2.9946,0.005909
scipy-lbfgsb,kmeans,6,176,3.1663,0.005909
scipy-lbfgsb,kmeans,6,178,3.1995,0.005908
scipy-lbfgsb,kmeans,6,235,4.1771,0.005908
scipy-lbfgsb,kmeans,6,278,4.9016,0.005908
scipy-lbfgsb,kmeans,6,295,5.2083,0.005559
scipy-lbfgsb,kmeans,6,296,5.2270,0.005559
scipy-lbfgsb,kmeans,6,313,5.5292,0.005559
scipy-lbfgsb,kmeans,6,334,5.9076,0.005558
scipy-lbfgsb,kmeans,6,335,5.9259,0.005558
scipy-lbfgsb,kmeans,6,442,7.7692,0.005207
scipy-lbfgsb,kmeans,6,443,7.7865,0.005207
scipy-lbfgsb,kmeans,6,448,7.8715,0.005207
scipy-lbfgsb,kmeans,6,456,8.0103,0.005207
scipy-lbfgsb,kmeans,6,490,8.6183,0.005207
scipy-lbfgsb,kmeans,6,530,9.3367,0.005206
scipy-lbfgsb,kmeans,6,589,10.4128,0.004823
scipy-lbfgsb,kmeans,6,590,10.4362,0.004823
scipy-lbfgsb,kmeans,6,595,10.5389,0.004823
scipy-lbfgsb,kmeans,6,603,10.6871,0.004822
scipy-lbfgsb,kmeans,6,735,13.0286,0.004822
scipy-lbfgsb,kmeans,6,736,13.0518,0.004623
scipy-lbfgsb,kmeans,6,737,13.0766,0.004623
scipy-lbfgsb,kmeans,6,740,13.1418,0.004623
scipy-lbfgsb,kmeans,6,742,13.1769,0.004623
scipy-lbfgsb,kmeans,6,775,13.7634,0.004623
scipy-lbfgsb,kmeans,6,776,13.7829,0.004622
scipy-lbfgsb,kmeans,6,883,15.8199,0.004396
scipy-lbfgsb,kmeans,6,887,15.9099,0.004396
scipy-lbfgsb,kmeans,6,889,15.9465,0.004395
scipy-lbfgsb,kmeans,6,970,17.4284,0.004395
scipy-lbfgsb,kmeans,6,1030,18.5442,0.004181
scipy-lbfgsb,kmeans,6,1033,18.6157,0.004181
scipy-lbfgsb,kmeans,6,1036,18.6688,0.004181
scipy-lbfgsb,kmeans,6,1047,18.8675,0.004181
scipy-lbfgsb,kmeans,6,1094,19.7076,0.004181
scipy-lbfgsb,kmeans,6,1107,19.9367,0.004180
scipy-lbfgsb,kmeans,6,1108,19.9543,0.004179
scipy-lbfgsb,kmeans,6,1177,21.1679,0.003870
scipy-lbfgsb,kmeans,6,1178,21.1923,0.003870
scipy-lbfgsb,kmeans,6,1179,21.2160,0.003869
scipy-lbfgsb,kmeans,6,1255,22.5152,0.003869
scipy-lbfgsb,kmeans,6,1265,22.6817,0.003869
scipy-lbfgsb,kmeans,6,1274,22.8344,0.003869
scipy-lbfgsb,kmeans,6,1324,23.6995,0.003862
scipy-lbfgsb,kmeans,6,1329,23.8081,0.003862
scipy-lbfgsb,kmeans,6,1330,23.8263,0.003862
scipy-lbfgsb,kmeans,6,1341,24.0152,0.003862
scipy-lbfgsb,kmeans,6,1412,25.2769,0.003861
scipy-lbfgsb,kmeans,6,1618,28.6131,0.003815
scipy-lbfgsb,kmeans,6,1623,28.6941,0.003815
scipy-lbfgsb,kmeans,6,1624,28.7104,0.003815
scipy-lbfgsb,kmeans,6,1635,28.8904,0.003815
scipy-lbfgsb,kmeans,6,1705,30.0215,0.003814
scipy-lbfgsb,kmeans,6,1765,31.0045,0.003703
scipy-lbfgsb,kmeans,6,1766,31.0601,0.003703
scipy-lbfgsb,kmeans,6,1767,31.0992,0.003702
scipy-lbfgsb,kmeans,6,1912,33.4356,0.003604
scipy-lbfgsb,kmeans,6,1913,33.4597,0.003604
scipy-lbfgsb,kmeans,6,1914,33.4837,0.003603
scipy-lbfgsb,kmeans,7,0,0.0000,0.006489
scipy-lbfgsb,kmeans,7,2,0.0479,0.006488
scipy-lbfgsb,kmeans,7,37,0.6157,0.006488
scipy-lbfgsb,kmeans,7,80,1.3647,0.006488
scipy-lbfgsb,kmeans,7,81,1.3836,0.006488
scipy-lbfgsb,kmeans,7,142,2.3525,0.006122
scipy-lbfgsb,kmeans,7,143,2.3693,0.006122
scipy-lbfgsb,kmeans,7,144,2.3854,0.006122
scipy-lbfgsb,kmeans,7,148,2.4455,0.006122
scipy-lbfgsb,kmeans,7,173,2.8527,0.006122
scipy-lbfgsb,kmeans,7,174,2.8763,0.006122
scipy-lbfgsb,kmeans,7,196,3.2527,0.006122
scipy-lbfgsb,kmeans,7,212,3.6185,0.006122
scipy-lbfgsb,kmeans,7,251,4.2087,0.006122
scipy-lbfgsb,kmeans,7,283,4.8257,0.005811
scipy-lbfgsb,kmeans,7,284,4.8413,0.005811
scipy-lbfgsb,kmeans,7,337,5.6529,0.005811
scipy-lbfgsb,kmeans,7,359,5.9982,0.005811
scipy-lbfgsb,kmeans,7,424,7.0649,0.005356
scipy-lbfgsb,kmeans,7,425,7.0826,0.005355
scipy-lbfgsb,kmeans,7,426,7.1017,0.005354
scipy-lbfgsb,kmeans,7,440,7.3031,0.005350
scipy-lbfgsb,kmeans,7,565,9.0665,0.004800
scipy-lbfgsb,kmeans,7,566,9.0977,0.004800
scipy-lbfgsb,kmeans,7,581,9.3291,0.004800
scipy-lbfgsb,kmeans,7,645,10.2561,0.004799
scipy-lbfgsb,kmeans,7,706,11.1044,0.004646
scipy-lbfgsb,kmeans,7,707,11.1505,0.004646
scipy-lbfgsb,kmeans,7,722,11.3518,0.004646
scipy-lbfgsb,kmeans,7,727,11.4153,0.004646
scipy-lbfgsb,kmeans,7,847,13.0246,0.004234
scipy-lbfgsb,kmeans,7,849,13.0879,0.004234
scipy-lbfgsb,kmeans,7,869,13.3711,0.004233
scipy-lbfgsb,kmeans,7,1270,19.0436,0.004224
scipy-lbfgsb,kmeans,7,1272,19.0713,0.004224
scipy-lbfgsb,kmeans,7,1290,19.3386,0.004224
scipy-lbfgsb,kmeans,7,1292,19.3684,0.004222
scipy-lbfgsb,kmeans,7,1552,23.5477,0.004206
scipy-lbfgsb,kmeans,7,1554,23.5771,0.004205
scipy-lbfgsb,kmeans,7,1571,23.8178,0.004205
scipy-lbfgsb,kmeans,7,1572,23.8338,0.004205
scipy-lbfgsb,kmeans,7,1574,23.8643,0.004204
scipy-lbfgsb,kmeans,7,1975,29.5061,0.004203
scipy-lbfgsb,kmeans,7,1977,29.5343,0.004203
scipy-lbfgsb,kmeans,7,1980,29.5768,0.004203
scipy-lbfgsb,kmeans,7,1992,29.7442,0.004203
scipy-lbfgsb,kmeans,7,1994,29.7725,0.004203
scipy-lbfgsb,kmeans,7,1995,29.7868,0.004202
scipy-lbfgsb,kmeans,7,1997,29.8162,0.004201
scipy-lbfgsb,kmeans,8,0,0.0000,0.006376
scipy-lbfgsb,kmeans,8,2,0.0438,0.006375
scipy-lbfgsb,kmeans,8,3,0.0579,0.006375
scipy-lbfgsb,kmeans,8,10,0.1628,0.006375
scipy-lbfgsb,kmeans,8,13,0.2266,0.006375
scipy-lbfgsb,kmeans,8,19,0.3289,0.006375
scipy-lbfgsb,kmeans,8,45,0.6932,0.006375
scipy-lbfgsb,kmeans,8,66,0.9921,0.006375
scipy-lbfgsb,kmeans,8,80,1.1772,0.006375
scipy-lbfgsb,kmeans,8,103,1.4894,0.006375
scipy-lbfgsb,kmeans,8,111,1.5955,0.006375
scipy-lbfgsb,kmeans,8,144,2.0494,0.005444
scipy-lbfgsb,kmeans,8,145,2.0630,0.005444
scipy-lbfgsb,kmeans,8,146,2.0765,0.005444
scipy-lbfgsb,kmeans,8,148,2.1040,0.005444
scipy-lbfgsb,kmeans,8,155,2.1950,0.005444
scipy-lbfgsb,kmeans,8,170,2.4173,0.005444
scipy-lbfgsb,kmeans,8,218,3.1167,0.005443
scipy-lbfgsb,kmeans,8,219,3.1313,0.005443
scipy-lbfgsb,kmeans,8,287,4.0769,0.004566
scipy-lbfgsb,kmeans,8,288,4.0917,0.004566
scipy-lbfgsb,kmeans,8,289,4.1067,0.004566
scipy-lbfgsb,kmeans,8,291,4.1368,0.004566
scipy-lbfgsb,kmeans,8,313,4.4560,0.004566
scipy-lbfgsb,kmeans,8,317,4.5116,0.004566
scipy-lbfgsb,kmeans,8,341,4.8535,0.004566
scipy-lbfgsb,kmeans,8,361,5.1474,0.004566
scipy-lbfgsb,kmeans,8,366,5.2208,0.004566
scipy-lbfgsb,kmeans,8,430,6.1015,0.004383
scipy-lbfgsb,kmeans,8,431,6.1149,0.004383
scipy-lbfgsb,kmeans,8,432,6.1285,0.004383
scipy-lbfgsb,kmeans,8,435,6.1676,0.004383
scipy-lbfgsb,kmeans,8,436,6.1814,0.004383
scipy-lbfgsb,kmeans,8,480,6.7820,0.004382
scipy-lbfgsb,kmeans,8,523,7.3723,0.004382
scipy-lbfgsb,kmeans,8,524,7.3867,0.004380
scipy-lbfgsb,kmeans,8,573,8.0209,0.004060
scipy-lbfgsb,kmeans,8,574,8.0334,0.004060
scipy-lbfgsb,kmeans,8,575,8.0463,0.004060
scipy-lbfgsb,kmeans,8,578,8.0854,0.004060
scipy-lbfgsb,kmeans,8,652,9.0704,0.004060
scipy-lbfgsb,kmeans,8,667,9.2718,0.004059
scipy-lbfgsb,kmeans,8,693,9.6516,0.004059
scipy-lbfgsb,kmeans,8,716,9.9630,0.003867
scipy-lbfgsb,kmeans,8,717,9.9758,0.003867
scipy-lbfgsb,kmeans,8,718,9.9897,0.003867
scipy-lbfgsb,kmeans,8,720,10.0163,0.003867
scipy-lbfgsb,kmeans,8,721,10.0298,0.003867
scipy-lbfgsb,kmeans,8,722,10.0441,0.003866
scipy-lbfgsb,kmeans,8,766,10.6629,0.003866
scipy-lbfgsb,kmeans,8,796,11.0786,0.003866
scipy-lbfgsb,kmeans,8,859,12.0112,0.003696
scipy-lbfgsb,kmeans,8,860,12.0276,0.003696
scipy-lbfgsb,kmeans,8,861,12.0426,0.003696
scipy-lbfgsb,kmeans,8,881,12.3357,0.003696
scipy-lbfgsb,kmeans,8,896,12.5556,0.003696
scipy-lbfgsb,kmeans,8,909,12.7747,0.003695
scipy-lbfgsb,kmeans,8,1002,14.2047,0.003607
scipy-lbfgsb,kmeans,8,1003,14.2287,0.003607
scipy-lbfgsb,kmeans,8,1004,14.2529,0.003607
scipy-lbfgsb,kmeans,8,1006,14.2911,0.003607
scipy-lbfgsb,kmeans,8,1024,14.5307,0.003607
scipy-lbfgsb,kmeans,8,1052,14.9238,0.003607
scipy-lbfgsb,kmeans,8,1145,16.2568,0.003478
scipy-lbfgsb,kmeans,8,1147,16.3050,0.003478
scipy-lbfgsb,kmeans,8,1149,16.3407,0.003478
scipy-lbfgsb,kmeans,8,1151,16.3687,0.003478
scipy-lbfgsb,kmeans,8,1248,17.7887,0.003478
scipy-lbfgsb,kmeans,8,1265,18.0550,0.003477
scipy-lbfgsb,kmeans,8,1288,18.3886,0.003395
scipy-lbfgsb,kmeans,8,1290,18.4411,0.003395
scipy-lbfgsb,kmeans,8,1292,18.4791,0.003395
scipy-lbfgsb,kmeans,8,1299,18.5813,0.003395
scipy-lbfgsb,kmeans,8,1310,18.7386,0.003395
scipy-lbfgsb,kmeans,8,1323,18.9135,0.003395
scipy-lbfgsb,kmeans,8,1380,19.6966,0.003395
scipy-lbfgsb,kmeans,8,1391,19.8477,0.003395
scipy-lbfgsb,kmeans,8,1431,20.4690,0.003341
scipy-lbfgsb,kmeans,8,1433,20.5166,0.003341
scipy-lbfgsb,kmeans,8,1435,20.5549,0.003341
scipy-lbfgsb,kmeans,8,1436,20.5680,0.003341
scipy-lbfgsb,kmeans,8,1466,20.9688,0.003341
scipy-lbfgsb,kmeans,8,1469,21.0078,0.003341
scipy-lbfgsb,kmeans,8,1493,21.3209,0.003341
scipy-lbfgsb,kmeans,8,1574,22.5422,0.003243
scipy-lbfgsb,kmeans,8,1576,22.5681,0.003243
scipy-lbfgsb,kmeans,8,1579,22.6059,0.003243
scipy-lbfgsb,kmeans,8,1636,23.3459,0.003243
scipy-lbfgsb,kmeans,8,1678,23.9053,0.003243
scipy-lbfgsb,kmeans,8,1717,24.5149,0.003186
scipy-lbfgsb,kmeans,8,1718,24.5282,0.003186
scipy-lbfgsb,kmeans,8,1719,24.5416,0.003186
scipy-lbfgsb,kmeans,8,1722,24.5810,0.003186
scipy-lbfgsb,kmeans,8,1725,24.6198,0.003186
scipy-lbfgsb,kmeans,8,1748,24.9268,0.003186
scipy-lbfgsb,kmeans,8,1779,25.3634,0.003186
scipy-lbfgsb,kmeans,8,1781,25.3943,0.003186
scipy-lbfgsb,kmeans,8,1784,25.4385,0.003186
scipy-lbfgsb,kmeans,8,1860,26.6105,0.003114
scipy-lbfgsb,kmeans,8,1861,26.6244,0.003114
scipy-lbfgsb,kmeans,8,1862,26.6386,0.003114
scipy-lbfgsb,kmeans,8,1865,26.6801,0.003114
scipy-lbfgsb,kmeans,8,1867,26.7063,0.003114
scipy-lbfgsb,kmeans,8,1868,26.7198,0.003114
scipy-lbfgsb,kmeans,9,0,0.0000,0.006096
scipy-lbfgsb,kmeans,9,2,0.0453,0.006096
scipy-lbfgsb,kmeans,9,3,0.0595,0.006096
scipy-lbfgsb,kmeans,9,69,1.2267,0.006095
scipy-lbfgsb,kmeans,9,291,4.3114,0.006025
scipy-lbfgsb,kmeans,9,292,4.3272,0.006025
scipy-lbfgsb,kmeans,9,293,4.3421,0.006025
scipy-lbfgsb,kmeans,9,359,5.2907,0.006024
scipy-lbfgsb,kmeans,9,431,6.3461,0.006024
scipy-lbfgsb,kmeans,9,436,6.4226,0.005797
scipy-lbfgsb,kmeans,9,438,6.4516,0.005797
scipy-lbfgsb,kmeans,9,442,6.5132,0.005797
scipy-lbfgsb,kmeans,9,447,6.7391,0.005797
scipy-lbfgsb,kmeans,9,466,7.0010,0.005797
scipy-lbfgsb,kmeans,9,478,7.1748,0.005797
scipy-lbfgsb,kmeans,9,495,7.4075,0.005797
scipy-lbfgsb,kmeans,9,510,7.6305,0.005797
scipy-lbfgsb,kmeans,9,576,8.5503,0.005797
scipy-lbfgsb,kmeans,9,871,12.7084,0.005791
scipy-lbfgsb,kmeans,9,873,12.7382,0.005791
scipy-lbfgsb,kmeans,9,877,12.7963,0.005790
scipy-lbfgsb,kmeans,9,882,12.8676,0.005790
scipy-lbfgsb,kmeans,9,901,13.1266,0.005790
scipy-lbfgsb,kmeans,9,913,13.2891,0.005790
scipy-lbfgsb,kmeans,9,945,13.7171,0.005790
scipy-lbfgsb,kmeans,9,1011,14.5801,0.005790
scipy-lbfgsb,kmeans,9,1072,15.3874,0.005688
scipy-lbfgsb,kmeans,9,1116,15.9769,0.005688
none,fcm,0,0,0.0000,0.006542
none,fcm,1,0,0.0000,0.006131
none,fcm,2,0,0.0000,0.006340
none,fcm,3,0,0.0000,0.006088
none,fcm,4,0,0.0000,0.006669
none,fcm,5,0,0.0000,0.006009
none,fcm,6,0,0.0000,0.008529
none,fcm,7,0,0.0000,0.006890
none,fcm,8,0,0.0000,0.006381
none,fcm,9,0,0.0000,0.007663
opt-ga,fcm,0,0,0.0000,0.006542
opt-ga,fcm,0,1,0.0597,0.005616
opt-ga,fcm,0,57,0.8807,0.005496
opt-ga,fcm,0,115,1.8170,0.005456
opt-ga,fcm,0,165,2.5894,0.005335
opt-ga,fcm,0,225,3.4961,0.005261
opt-ga,fcm,0,294,4.5373,0.005259
opt-ga,fcm,0,300,4.6282,0.005242
opt-ga,fcm,0,370,5.6812,0.005225
opt-ga,fcm,0,455,6.9525,0.005209
opt-ga,fcm,0,457,6.9832,0.005171
opt-ga,fcm,0,551,8.4569,0.005161
opt-ga,fcm,0,582,8.9327,0.005139
opt-ga,fcm,0,663,10.1626,0.005000
opt-ga,fcm,0,919,14.1495,0.004913
opt-ga,fcm,0,923,14.2078,0.004903
opt-ga,fcm,0,1013,15.5485,0.004826
opt-ga,fcm,0,1115,17.0892,0.004819
opt-ga,fcm,0,1127,17.2809,0.004816
opt-ga,fcm,0,1133,17.3694,0.004813
opt-ga,fcm,0,1138,17.4453,0.004792
opt-ga,fcm,0,1214,18.6732,0.004787
opt-ga,fcm,0,1304,19.9454,0.004781
opt-ga,fcm,0,1325,20.2385,0.004776
opt-ga,fcm,0,1363,20.7699,0.004752
opt-ga,fcm,0,1388,21.1069,0.004732
opt-ga,fcm,0,1398,21.2453,0.004694
opt-ga,fcm,0,1469,22.2095,0.004680
opt-ga,fcm,0,1485,22.4396,0.004677
opt-ga,fcm,0,1600,24.0292,0.004675
opt-ga,fcm,0,1682,25.1427,0.004642
opt-ga,fcm,0,1863,27.7657,0.004633
opt-ga,fcm,0,1878,27.9701,0.004618
opt-ga,fcm,0,1885,28.0634,0.004604
opt-ga,fcm,0,1941,28.8428,0.004593
opt-ga,fcm,0,1986,29.4525,0.004590
opt-ga,fcm,0,1990,29.5096,0.004588
opt-ga,fcm,1,0,0.0000,0.006131
opt-ga,fcm,1,3,0.0849,0.005951
opt-ga,fcm,1,4,0.0993,0.005660
opt-ga,fcm,1,18,0.2905,0.005623
opt-ga,fcm,1,26,0.3994,0.005226
opt-ga,fcm,1,243,3.3088,0.005170
opt-ga,fcm,1,336,4.5462,0.005133
opt-ga,fcm,1,347,4.7026,0.004958
opt-ga,fcm,1,528,7.3206,0.004888
opt-ga,fcm,1,608,8.4347,0.004823
opt-ga,fcm,1,656,9.2174,0.004818
opt-ga,fcm,1,728,10.2640,0.004761
opt-ga,fcm,1,771,10.8907,0.004683
opt-ga,fcm,1,835,11.7764,0.004636
opt-ga,fcm,1,908,12.8155,0.004524
opt-ga,fcm,1,1210,17.1164,0.004512
opt-ga,fcm,1,1254,17.7229,0.004426
opt-ga,fcm,1,1598,22.5028,0.004375
opt-ga,fcm,1,1769,24.9183,0.004372
opt-ga,fcm,1,1867,26.3323,0.004348
opt-ga,fcm,1,1971,27.8382,0.004317
opt-ga,fcm,2,0,0.0000,0.006340
opt-ga,fcm,2,1,0.0696,0.005669
opt-ga,fcm,2,17,0.3123,0.005661
opt-ga,fcm,2,67,1.0437,0.005574
opt-ga,fcm,2,91,1.3918,0.005513
opt-ga,fcm,2,138,2.0720,0.005246
opt-ga,fcm,2,367,5.7808,0.005093
opt-ga,fcm,2,494,7.7754,0.004973
opt-ga,fcm,2,598,9.4328,0.004954
opt-ga,fcm,2,666,10.5007,0.004945
opt-ga,fcm,2,733,11.5513,0.004925
opt-ga,fcm,2,786,12.3604,0.004907
opt-ga,fcm,2,890,13.9767,0.004890
opt-ga,fcm,2,916,14.3665,0.004780
opt-ga,fcm,2,960,15.0487,0.004779
opt-ga,fcm,2,990,15.6817,0.004773
opt-ga,fcm,2,1032,16.3380,0.004770
opt-ga,fcm,2,1189,18.7374,0.004750
opt-ga,fcm,2,1209,19.0383,0.004737
opt-ga,fcm,2,1210,19.0538,0.004722
opt-ga,fcm,2,1285,20.2032,0.004689
opt-ga,fcm,2,1358,21.3064,0.004641
opt-ga,fcm,2,1454,22.7821,0.004617
opt-ga,fcm,2,1556,24.5596,0.004530
opt-ga,fcm,2,1634,25.7572,0.004529
opt-ga,fcm,2,1672,26.4694,0.004528
opt-ga,fcm,2,1743,27.5513,0.004523
opt-ga,fcm,2,1842,29.0706,0.004512
opt-ga,fcm,2,1921,30.2589,0.004490
opt-ga,fcm,3,0,0.0000,0.006088
opt-ga,fcm,3,4,0.1141,0.005722
opt-ga,fcm,3,23,0.4224,0.005496
opt-ga,fcm,3,152,2.4940,0.005474
opt-ga,fcm,3,186,2.9936,0.005469
opt-ga,fcm,3,291,4.5141,0.005438
opt-ga,fcm,3,307,4.7472,0.005428
opt-ga,fcm,3,332,5.1055,0.005416
opt-ga,fcm,3,334,5.1343,0.005383
opt-ga,fcm,3,356,5.4731,0.005382
opt-ga,fcm,3,374,5.7992,0.005354
opt-ga,fcm,3,394,6.1020,0.005303
opt-ga,fcm,3,429,6.6342,0.005299
opt-ga,fcm,3,431,6.6658,0.005289
opt-ga,fcm,3,484,7.4328,0.005282
opt-ga,fcm,3,494,7.6076,0.005227
opt-ga,fcm,3,663,10.0851,0.005194
opt-ga,fcm,3,672,10.2175,0.005193
opt-ga,fcm,3,764,11.5791,0.005177
opt-ga,fcm,3,825,12.4651,0.005161
opt-ga,fcm,3,844,12.8264,0.005127
opt-ga,fcm,3,855,12.9882,0.005083
opt-ga,fcm,3,1031,15.3184,0.005082
opt-ga,fcm,3,1038,15.4095,0.005081
opt-ga,fcm,3,1045,15.5011,0.004983
opt-ga,fcm,3,1084,16.0302,0.004885
opt-ga,fcm,3,1142,16.8230,0.004879
opt-ga,fcm,3,1225,18.0563,0.004863
opt-ga,fcm,3,1260,18.5322,0.004859
opt-ga,fcm,3,1262,18.5624,0.004852
opt-ga,fcm,3,1283,18.8412,0.004818
opt-ga,fcm,3,1368,20.0354,0.004749
opt-ga,fcm,3,1493,21.7693,0.004691
opt-ga,fcm,3,1609,23.3976,0.004677
opt-ga,fcm,3,1624,23.6024,0.004643
opt-ga,fcm,3,1751,25.3028,0.004617
opt-ga,fcm,3,1795,25.9081,0.004584
opt-ga,fcm,3,1922,27.6378,0.004558
opt-ga,fcm,3,1967,28.2795,0.004551
opt-ga,fcm,3,1969,28.3071,0.004516
opt-ga,fcm,4,0,0.0000,0.006669
opt-ga,fcm,4,1,0.0659,0.006125
opt-ga,fcm,4,6,0.1391,0.006074
opt-ga,fcm,4,7,0.1531,0.005989
opt-ga,fcm,4,10,0.1953,0.005593
opt-ga,fcm,4,16,0.2839,0.005505
opt-ga,fcm,4,47,0.7644,0.005363
opt-ga,fcm,4,182,2.7972,0.005218
opt-ga,fcm,4,281,4.2537,0.005197
opt-ga,fcm,4,349,5.2279,0.005193
opt-ga,fcm,4,369,5.5068,0.005188
opt-ga,fcm,4,428,6.3386,0.005163
opt-ga,fcm,4,431,6.3811,0.005132
opt-ga,fcm,4,470,6.9433,0.005060
opt-ga,fcm,4,611,8.9099,0.005033
opt-ga,fcm,4,614,8.9528,0.005032
opt-ga,fcm,4,617,8.9943,0.005028
opt-ga,fcm,4,648,9.4179,0.005024
opt-ga,fcm,4,728,10.6618,0.004985
opt-ga,fcm,4,735,10.7579,0.004935
opt-ga,fcm,4,848,12.4013,0.004913
opt-ga,fcm,4,851,12.4464,0.004907
opt-ga,fcm,4,856,12.5244,0.004890
opt-ga,fcm,4,979,14.3088,0.004868
opt-ga,fcm,4,994,14.5217,0.004867
opt-ga,fcm,4,1013,14.8147,0.004828
opt-ga,fcm,4,1114,16.3436,0.004791
opt-ga,fcm,4,1244,18.2909,0.004757
opt-ga,fcm,4,1256,18.4644,0.004719
opt-ga,fcm,4,1345,19.7272,0.004716
opt-ga,fcm,4,1350,19.8091,0.004700
opt-ga,fcm,4,1476,21.6253,0.004669
opt-ga,fcm,4,1554,22.7600,0.004628
opt-ga,fcm,4,1628,23.8343,0.004610
opt-ga,fcm,4,1718,25.1233,0.004540
opt-ga,fcm,5,0,0.0000,0.006009
opt-ga,fcm,5,1,0.0592,0.005702
opt-ga,fcm,5,3,0.0875,0.005695
opt-ga,fcm,5,11,0.1941,0.005662
opt-ga,fcm,5,34,0.5081,0.005553
opt-ga,fcm,5,84,1.1838,0.005254
opt-ga,fcm,5,437,6.1133,0.005246
opt-ga,fcm,5,440,6.1531,0.005174
opt-ga,fcm,5,537,7.5580,0.005128
opt-ga,fcm,5,757,10.6103,0.005120
opt-ga,fcm,5,768,10.7773,0.005096
opt-ga,fcm,5,849,11.9069,0.005076
opt-ga,fcm,5,922,12.9237,0.005060
opt-ga,fcm,5,1055,14.7379,0.005029
opt-ga,fcm,5,1116,15.5597,0.005020
opt-ga,fcm,5,1207,16.8901,0.005014
opt-ga,fcm,5,1291,18.0524,0.005006
opt-ga,fcm,5,1299,18.1627,0.005004
opt-ga,fcm,5,1367,19.1259,0.005003
opt-ga,fcm,5,1383,19.3538,0.004967
opt-ga,fcm,5,1514,21.1796,0.004958
opt-ga,fcm,5,1546,21.6449,0.004952
opt-ga,fcm,5,1597,22.3429,0.004951
opt-ga,fcm,5,1615,22.5901,0.004950
opt-ga,fcm,5,1649,23.0427,0.004931
opt-ga,fcm,5,1694,23.7842,0.004923
opt-ga,fcm,5,1720,24.1556,0.004921
opt-ga,fcm,5,1739,24.4202,0.004905
opt-ga,fcm,5,1750,24.5693,0.004850
opt-ga,fcm,5,1770,24.8565,0.004830
opt-ga,fcm,6,0,0.0000,0.008529
opt-ga,fcm,6,1,0.0626,0.006399
opt-ga,fcm,6,2,0.0778,0.006269
opt-ga,fcm,6,4,0.1084,0.006248
opt-ga,fcm,6,8,0.1652,0.006030
opt-ga,fcm,6,16,0.2798,0.005949
opt-ga,fcm,6,21,0.3520,0.005715
opt-ga,fcm,6,45,0.7002,0.005700
opt-ga,fcm,6,66,0.9851,0.005668
opt-ga,fcm,6,127,1.8650,0.005586
opt-ga,fcm,6,173,2.5318,0.005574
opt-ga,fcm,6,253,3.6282,0.005540
opt-ga,fcm,6,285,4.0675,0.005538
opt-ga,fcm,6,303,4.3061,0.005442
opt-ga,fcm,6,353,4.9930,0.005339
opt-ga,fcm,6,481,6.8216,0.005282
opt-ga,fcm,6,613,8.6878,0.005256
opt-ga,fcm,6,715,10.2047,0.005242
opt-ga,fcm,6,725,10.3460,0.005107
opt-ga,fcm,6,789,11.2705,0.005097
opt-ga,fcm,6,866,12.3904,0.005094
opt-ga,fcm,6,881,12.6134,0.005054
opt-ga,fcm,6,905,12.9404,0.004963
opt-ga,fcm,6,945,13.5074,0.004919
opt-ga,fcm,6,1055,15.1301,0.004879
opt-ga,fcm,6,1078,15.5274,0.004827
opt-ga,fcm,6,1138,16.5151,0.004773
opt-ga,fcm,6,1212,17.8202,0.004764
opt-ga,fcm,6,1260,18.6033,0.004709
opt-ga,fcm,6,1281,18.9224,0.004678
opt-ga,fcm,6,1426,21.2733,0.004600
opt-ga,fcm,6,1579,23.5561,0.004577
opt-ga,fcm,6,1601,23.8674,0.004479
opt-ga,fcm,6,1698,25.2217,0.004441
opt-ga,fcm,6,1857,27.5061,0.004429
opt-ga,fcm,6,1861,27.5611,0.004371
opt-ga,fcm,6,1938,28.6170,0.004293
opt-ga,fcm,7,0,0.0000,0.006890
opt-ga,fcm,7,1,0.0605,0.005992
opt-ga,fcm,7,2,0.0748,0.005881
opt-ga,fcm,7,4,0.1023,0.005647
opt-ga,fcm,7,13,0.2209,0.005588
opt-ga,fcm,7,57,0.8417,0.005548
opt-ga,fcm,7,112,1.6515,0.005506
opt-ga,fcm,7,180,2.6028,0.005490
opt-ga,fcm,7,219,3.1475,0.005428
opt-ga,fcm,7,231,3.3201,0.005418
opt-ga,fcm,7,261,3.7348,0.005348
opt-ga,fcm,7,283,4.0620,0.005348
opt-ga,fcm,7,291,4.1722,0.005274
opt-ga,fcm,7,327,4.6832,0.005231
opt-ga,fcm,7,346,4.9767,0.005158
opt-ga,fcm,7,490,7.0403,0.005131
opt-ga,fcm,7,561,8.0701,0.005051
opt-ga,fcm,7,585,8.4024,0.005003
opt-ga,fcm,7,628,8.9917,0.004875
opt-ga,fcm,7,674,9.6108,0.004768
opt-ga,fcm,7,716,10.1710,0.004757
opt-ga,fcm,7,777,11.1070,0.004756
opt-ga,fcm,7,828,11.8036,0.004649
opt-ga,fcm,7,888,12.6486,0.004597
opt-ga,fcm,7,957,13.6409,0.004542
opt-ga,fcm,7,1195,17.2346,0.004525
opt-ga,fcm,7,1267,18.2427,0.004521
opt-ga,fcm,7,1270,18.2855,0.004446
opt-ga,fcm,7,1365,19.7287,0.004424
opt-ga,fcm,7,1374,19.8660,0.004415
opt-ga,fcm,7,1418,20.5212,0.004389
opt-ga,fcm,7,1420,20.5601,0.004379
opt-ga,fcm,7,1544,22.3613,0.004346
opt-ga,fcm,7,1567,22.6767,0.004330
opt-ga,fcm,7,1649,23.9067,0.004325
opt-ga,fcm,7,1650,23.9208,0.004325
opt-ga,fcm,7,1665,24.1446,0.004299
opt-ga,fcm,7,1728,25.1782,0.004254
opt-ga,fcm,7,1828,26.6694,0.004240
opt-ga,fcm,7,1846,26.9300,0.004216
opt-ga,fcm,7,1986,28.9363,0.004214
opt-ga,fcm,7,1992,29.0189,0.004194
opt-ga,fcm,8,0,0.0000,0.006381
opt-ga,fcm,8,1,0.0621,0.005884
opt-ga,fcm,8,14,0.2517,0.005811
opt-ga,fcm,8,123,1.8591,0.005773
opt-ga,fcm,8,134,2.0207,0.005707
opt-ga,fcm,8,293,4.3593,0.005705
opt-ga,fcm,8,300,4.4526,0.005695
opt-ga,fcm,8,324,4.7986,0.005658
opt-ga,fcm,8,342,5.0707,0.005556
opt-ga,fcm,8,357,5.2840,0.005545
opt-ga,fcm,8,383,5.8236,0.005514
opt-ga,fcm,8,440,6.6305,0.005453
opt-ga,fcm,8,564,8.4484,0.005357
opt-ga,fcm,8,655,9.7737,0.005303
opt-ga,fcm,8,756,11.1643,0.005220
opt-ga,fcm,8,889,13.0206,0.005075
opt-ga,fcm,8,1173,16.9508,0.005073
opt-ga,fcm,8,1201,17.3392,0.005043
opt-ga,fcm,8,1250,18.0315,0.005008
opt-ga,fcm,8,1307,18.8838,0.004970
opt-ga,fcm,8,1371,19.8176,0.004960
opt-ga,fcm,8,1400,20.2376,0.004920
opt-ga,fcm,8,1483,21.4573,0.004914
opt-ga,fcm,8,1491,21.5702,0.004899
opt-ga,fcm,8,1516,21.9207,0.004897
opt-ga,fcm,8,1530,22.1275,0.004891
opt-ga,fcm,8,1564,22.6124,0.004888
opt-ga,fcm,8,1600,23.1321,0.004872
opt-ga,fcm,8,1690,24.4760,0.004824
opt-ga,fcm,8,1762,25.5123,0.004781
opt-ga,fcm,8,1785,25.8457,0.004776
opt-ga,fcm,8,1840,26.6121,0.004774
opt-ga,fcm,8,1868,26.9953,0.004720
opt-ga,fcm,8,1967,28.4258,0.004717
opt-ga,fcm,8,1979,28.6023,0.004666
opt-ga,fcm,9,0,0.0000,0.007663
opt-ga,fcm,9,1,0.0623,0.006271
opt-ga,fcm,9,4,0.1086,0.006040
opt-ga,fcm,9,11,0.2205,0.006019
opt-ga,fcm,9,24,0.4238,0.005457
opt-ga,fcm,9,127,2.1334,0.005428
opt-ga,fcm,9,160,2.6277,0.005239
opt-ga,fcm,9,462,7.0292,0.005165
opt-ga,fcm,9,587,8.8307,0.005119
opt-ga,fcm,9,642,9.5959,0.004967
opt-ga,fcm,9,753,11.1948,0.004944
opt-ga,fcm,9,926,13.7652,0.004872
opt-ga,fcm,9,978,14.5870,0.004860
opt-ga,fcm,9,1018,15.2155,0.004834
opt-ga,fcm,9,1130,17.0766,0.004780
opt-ga,fcm,9,1219,18.5067,0.004733
opt-ga,fcm,9,1386,21.1120,0.004729
opt-ga,fcm,9,1431,21.7763,0.004718
opt-ga,fcm,9,1497,22.8206,0.004696
opt-ga,fcm,9,1525,23.2422,0.004669
opt-ga,fcm,9,1634,24.8983,0.004663
opt-ga,fcm,9,1643,25.0303,0.004628
opt-ga,fcm,9,1654,25.1957,0.004618
opt-ga,fcm,9,1685,25.6667,0.004614
opt-ga,fcm,9,1769,27.0475,0.004608
opt-ga,fcm,9,1794,27.4320,0.004571
opt-ga,fcm,9,1801,27.5365,0.004537
opt-ga,fcm,9,1844,28.1856,0.004529
opt-ga,fcm,9,1878,28.7138,0.004525
scipy-lbfgsb,fcm,0,0,0.0000,0.006542
scipy-lbfgsb,fcm,0,2,0.0479,0.006542
scipy-lbfgsb,fcm,0,3,0.0645,0.006542
scipy-lbfgsb,fcm,0,56,0.9067,0.006541
scipy-lbfgsb,fcm,0,63,1.0132,0.006541
scipy-lbfgsb,fcm,0,69,1.1066,0.006540
scipy-lbfgsb,fcm,0,436,6.9778,0.006508
scipy-lbfgsb,fcm,0,437,6.9922,0.006508
scipy-lbfgsb,fcm,0,438,7.0069,0.006507
scipy-lbfgsb,fcm,0,491,7.8378,0.006507
scipy-lbfgsb,fcm,0,498,7.9437,0.006506
scipy-lbfgsb,fcm,0,504,8.0334,0.006506
scipy-lbfgsb,fcm,0,581,9.2629,0.006479
scipy-lbfgsb,fcm,0,582,9.2784,0.006479
scipy-lbfgsb,fcm,0,583,9.2931,0.006478
scipy-lbfgsb,fcm,0,636,10.1050,0.006478
scipy-lbfgsb,fcm,0,643,10.2082,0.006477
scipy-lbfgsb,fcm,0,871,13.9099,0.006473
scipy-lbfgsb,fcm,0,872,13.9253,0.006473
scipy-lbfgsb,fcm,0,873,13.9419,0.006473
scipy-lbfgsb,fcm,0,926,14.8440,0.006472
scipy-lbfgsb,fcm,0,933,14.9556,0.006471
scipy-lbfgsb,fcm,0,1016,16.2983,0.006432
scipy-lbfgsb,fcm,0,1017,16.3164,0.006432
scipy-lbfgsb,fcm,0,1018,16.3327,0.006431
scipy-lbfgsb,fcm,0,1071,17.2739,0.006431
scipy-lbfgsb,fcm,0,1078,17.3888,0.006430
scipy-lbfgsb,fcm,0,1161,18.6966,0.006380
scipy-lbfgsb,fcm,0,1162,18.7133,0.006380
scipy-lbfgsb,fcm,0,1163,18.7291,0.006380
scipy-lbfgsb,fcm,0,1216,19.5970,0.006379
scipy-lbfgsb,fcm,0,1223,19.7129,0.006379
scipy-lbfgsb,fcm,0,1513,24.3568,0.006378
scipy-lbfgsb,fcm,0,1596,25.6367,0.006378
scipy-lbfgsb,fcm,0,1597,25.6517,0.006378
scipy-lbfgsb,fcm,0,1598,25.6678,0.006377
scipy-lbfgsb,fcm,0,1651,26.4527,0.006377
scipy-lbfgsb,fcm,0,1658,26.5539,0.006376
scipy-lbfgsb,fcm,0,1741,27.7948,0.006363
scipy-lbfgsb,fcm,0,1742,27.8102,0.006363
scipy-lbfgsb,fcm,0,1743,27.8253,0.006362
scipy-lbfgsb,fcm,0,1796,28.5996,0.006362
scipy-lbfgsb,fcm,0,1803,28.7180,0.006361
scipy-lbfgsb,fcm,1,0,0.0000,0.006131
scipy-lbfgsb,fcm,1,2,0.0465,0.006131
scipy-lbfgsb,fcm,1,9,0.1453,0.006130
scipy-lbfgsb,fcm,1,22,0.3193,0.006130
scipy-lbfgsb,fcm,1,23,0.3332,0.006129
scipy-lbfgsb,fcm,1,144,2.0676,0.005554
scipy-lbfgsb,fcm,1,145,2.0840,0.005554
scipy-lbfgsb,fcm,1,152,2.1875,0.005554
scipy-lbfgsb,fcm,1,153,2.2028,0.005554
scipy-lbfgsb,fcm,1,208,3.0114,0.005553
scipy-lbfgsb,fcm,1,430,6.3925,0.005416
scipy-lbfgsb,fcm,1,431,6.4079,0.005416
scipy-lbfgsb,fcm,1,438,6.5149,0.005416
scipy-lbfgsb,fcm,1,439,6.5317,0.005416
scipy-lbfgsb,fcm,1,494,7.3860,0.005415
scipy-lbfgsb,fcm,1,716,10.8750,0.005386
scipy-lbfgsb,fcm,1,717,10.8916,0.005386
scipy-lbfgsb,fcm,1,724,10.9994,0.005386
scipy-lbfgsb,fcm,1,725,11.0154,0.005386
scipy-lbfgsb,fcm,1,780,11.8641,0.005386
scipy-lbfgsb,fcm,1,1002,15.5220,0.005228
scipy-lbfgsb,fcm,1,1003,15.5393,0.005228
scipy-lbfgsb,fcm,1,1010,15.6513,0.005228
scipy-lbfgsb,fcm,1,1011,15.6665,0.005228
scipy-lbfgsb,fcm,1,1016,15.7601,0.005228
scipy-lbfgsb,fcm,1,1095,16.9690,0.005228
scipy-lbfgsb,fcm,1,1574,24.6377,0.005213
scipy-lbfgsb,fcm,1,1575,24.6524,0.005212
scipy-lbfgsb,fcm,1,1582,24.7607,0.005212
scipy-lbfgsb,fcm,1,1583,24.7757,0.005212
scipy-lbfgsb,fcm,1,1588,24.8511,0.005212
scipy-lbfgsb,fcm,1,1638,25.5956,0.005212
scipy-lbfgsb,fcm,1,1667,26.0326,0.005212
scipy-lbfgsb,fcm,2,0,0.0000,0.006340
scipy-lbfgsb,fcm,2,3,0.0647,0.006340
scipy-lbfgsb,fcm,2,75,1.2506,0.006339
scipy-lbfgsb,fcm,2,291,4.7189,0.006296
scipy-lbfgsb,fcm,2,293,4.7530,0.006295
scipy-lbfgsb,fcm,2,581,9.3647,0.006275
scipy-lbfgsb,fcm,2,583,9.3961,0.006273
scipy-lbfgsb,fcm,2,726,11.6455,0.006114
scipy-lbfgsb,fcm,2,728,11.6750,0.006111
scipy-lbfgsb,fcm,2,1161,18.1864,0.006106
scipy-lbfgsb,fcm,2,1163,18.2176,0.006103
scipy-lbfgsb,fcm,2,1451,22.5856,0.006103
scipy-lbfgsb,fcm,2,1453,22.6143,0.006100
scipy-lbfgsb,fcm,2,1743,26.8414,0.006098
scipy-lbfgsb,fcm,3,0,0.0000,0.006088
scipy-lbfgsb,fcm,3,3,0.0627,0.006087
scipy-lbfgsb,fcm,3,7,0.1207,0.006087
scipy-lbfgsb,fcm,3,42,0.6403,0.006087
scipy-lbfgsb,fcm,3,56,0.8544,0.006087
scipy-lbfgsb,fcm,3,63,0.9661,0.006086
scipy-lbfgsb,fcm,3,486,7.8097,0.006085
scipy-lbfgsb,fcm,3,565,9.0281,0.006080
scipy-lbfgsb,fcm,3,567,9.0591,0.006080
scipy-lbfgsb,fcm,3,571,9.1231,0.006080
scipy-lbfgsb,fcm,3,606,9.6903,0.006080
scipy-lbfgsb,fcm,3,620,9.9150,0.006080
scipy-lbfgsb,fcm,3,627,10.0235,0.006078
scipy-lbfgsb,fcm,3,706,11.2464,0.006055
scipy-lbfgsb,fcm,3,708,11.2766,0.006054
scipy-lbfgsb,fcm,3,712,11.3381,0.006054
scipy-lbfgsb,fcm,3,747,11.8659,0.006054
scipy-lbfgsb,fcm,3,761,12.0787,0.006054
scipy-lbfgsb,fcm,3,768,12.1858,0.006053
scipy-lbfgsb,fcm,3,1050,16.4006,0.006052
scipy-lbfgsb,fcm,3,1129,17.5600,0.006051
scipy-lbfgsb,fcm,3,1131,17.5901,0.006051
scipy-lbfgsb,fcm,3,1135,17.6494,0.006051
scipy-lbfgsb,fcm,3,1170,18.1630,0.006051
scipy-lbfgsb,fcm,3,1184,18.3667,0.006051
scipy-lbfgsb,fcm,3,1191,18.4674,0.006050
scipy-lbfgsb,fcm,3,1270,19.6281,0.006045
scipy-lbfgsb,fcm,3,1272,19.6578,0.006045
scipy-lbfgsb,fcm,3,1276,19.7147,0.006045
scipy-lbfgsb,fcm,3,1311,20.2468,0.006045
scipy-lbfgsb,fcm,3,1325,20.4812,0.006045
scipy-lbfgsb,fcm,3,1344,20.7654,0.006045
scipy-lbfgsb,fcm,3,1390,21.4649,0.006044
scipy-lbfgsb,fcm,4,0,0.0000,0.006669
scipy-lbfgsb,fcm,4,2,0.0483,0.006669
scipy-lbfgsb,fcm,4,8,0.1362,0.006669
scipy-lbfgsb,fcm,4,9,0.1504,0.006669
scipy-lbfgsb,fcm,4,10,0.1651,0.006669
scipy-lbfgsb,fcm,4,16,0.2556,0.006669
scipy-lbfgsb,fcm,4,19,0.2998,0.006664
scipy-lbfgsb,fcm,4,146,2.2656,0.005312
scipy-lbfgsb,fcm,4,147,2.2808,0.005312
scipy-lbfgsb,fcm,4,153,2.3723,0.005312
scipy-lbfgsb,fcm,4,161,2.4926,0.005312
scipy-lbfgsb,fcm,4,168,2.6003,0.005312
scipy-lbfgsb,fcm,4,174,2.6879,0.005312
scipy-lbfgsb,fcm,4,204,3.1312,0.005312
scipy-lbfgsb,fcm,4,210,3.2206,0.005312
scipy-lbfgsb,fcm,4,212,3.2502,0.005311
scipy-lbfgsb,fcm,4,436,6.6734,0.005238
scipy-lbfgsb,fcm,4,437,6.6908,0.005238
scipy-lbfgsb,fcm,4,443,6.7881,0.005238
scipy-lbfgsb,fcm,4,451,6.9198,0.005238
scipy-lbfgsb,fcm,4,458,7.0330,0.005238
scipy-lbfgsb,fcm,4,494,7.6206,0.005238
scipy-lbfgsb,fcm,4,500,7.7201,0.005238
scipy-lbfgsb,fcm,4,581,9.0357,0.005120
scipy-lbfgsb,fcm,4,582,9.0509,0.005120
scipy-lbfgsb,fcm,4,588,9.1477,0.005120
scipy-lbfgsb,fcm,4,596,9.2797,0.005120
scipy-lbfgsb,fcm,4,603,9.3923,0.005120
scipy-lbfgsb,fcm,4,639,9.9664,0.005120
scipy-lbfgsb,fcm,4,871,13.5807,0.005056
scipy-lbfgsb,fcm,4,872,13.5965,0.005056
scipy-lbfgsb,fcm,4,878,13.6911,0.005056
scipy-lbfgsb,fcm,4,886,13.8181,0.005056
scipy-lbfgsb,fcm,4,893,13.9277,0.005056
scipy-lbfgsb,fcm,4,929,14.4611,0.005056
scipy-lbfgsb,fcm,4,1016,15.8060,0.004890
scipy-lbfgsb,fcm,4,1017,15.8210,0.004890
scipy-lbfgsb,fcm,4,1023,15.9173,0.004890
scipy-lbfgsb,fcm,4,1031,16.0440,0.004890
scipy-lbfgsb,fcm,4,1067,16.5929,0.004890
scipy-lbfgsb,fcm,4,1074,16.7082,0.004890
scipy-lbfgsb,fcm,4,1104,17.3362,0.004890
scipy-lbfgsb,fcm,4,1306,20.8656,0.004851
scipy-lbfgsb,fcm,4,1307,20.8827,0.004851
scipy-lbfgsb,fcm,4,1313,20.9832,0.004851
scipy-lbfgsb,fcm,4,1321,21.1171,0.004851
scipy-lbfgsb,fcm,4,1357,21.7241,0.004851
scipy-lbfgsb,fcm,4,1596,25.8085,0.004842
scipy-lbfgsb,fcm,4,1597,25.8276,0.004842
scipy-lbfgsb,fcm,4,1603,25.9358,0.004842
scipy-lbfgsb,fcm,4,1611,26.0752,0.004842
scipy-lbfgsb,fcm,4,1647,26.7171,0.004842
scipy-lbfgsb,fcm,4,1886,30.7747,0.004837
scipy-lbfgsb,fcm,4,1887,30.7919,0.004837
scipy-lbfgsb,fcm,4,1893,30.8913,0.004837
scipy-lbfgsb,fcm,4,1901,31.0235,0.004837
scipy-lbfgsb,fcm,4,1937,31.6303,0.004837
scipy-lbfgsb,fcm,5,0,0.0000,0.006009
scipy-lbfgsb,fcm,5,2,0.0518,0.006009
scipy-lbfgsb,fcm,5,8,0.1489,0.006009
scipy-lbfgsb,fcm,5,17,0.3031,0.006007
scipy-lbfgsb,fcm,5,142,2.3660,0.005550
scipy-lbfgsb,fcm,5,143,2.3833,0.005550
scipy-lbfgsb,fcm,5,146,2.4334,0.005550
scipy-lbfgsb,fcm,5,149,2.4841,0.005550
scipy-lbfgsb,fcm,5,168,2.7938,0.005550
scipy-lbfgsb,fcm,5,176,2.9237,0.005550
scipy-lbfgsb,fcm,5,194,3.2118,0.005550
scipy-lbfgsb,fcm,5,209,3.4621,0.005550
scipy-lbfgsb,fcm,5,212,3.5121,0.005550
scipy-lbfgsb,fcm,5,214,3.5452,0.005550
scipy-lbfgsb,fcm,5,227,3.7593,0.005550
scipy-lbfgsb,fcm,5,264,4.4157,0.005550
scipy-lbfgsb,fcm,5,283,4.7550,0.005188
scipy-lbfgsb,fcm,5,284,4.7730,0.005188
scipy-lbfgsb,fcm,5,286,4.8073,0.005188
scipy-lbfgsb,fcm,5,287,4.8229,0.005187
scipy-lbfgsb,fcm,5,565,9.6658,0.004845
scipy-lbfgsb,fcm,5,566,9.6829,0.004845
scipy-lbfgsb,fcm,5,568,9.7161,0.004845
scipy-lbfgsb,fcm,5,569,9.7336,0.004845
scipy-lbfgsb,fcm,5,606,10.5222,0.004845
scipy-lbfgsb,fcm,5,677,11.7993,0.004844
scipy-lbfgsb,fcm,5,847,14.7698,0.004798
scipy-lbfgsb,fcm,5,848,14.7870,0.004798
scipy-lbfgsb,fcm,5,850,14.8227,0.004798
scipy-lbfgsb,fcm,5,851,14.8408,0.004797
scipy-lbfgsb,fcm,5,888,15.4800,0.004797
scipy-lbfgsb,fcm,5,1129,19.4780,0.004791
scipy-lbfgsb,fcm,5,1130,19.4959,0.004791
scipy-lbfgsb,fcm,5,1132,19.5351,0.004791
scipy-lbfgsb,fcm,5,1133,19.5557,0.004791
scipy-lbfgsb,fcm,5,1170,20.1925,0.004791
scipy-lbfgsb,fcm,5,1411,24.3116,0.004788
scipy-lbfgsb,fcm,5,1412,24.3282,0.004788
scipy-lbfgsb,fcm,5,1414,24.3636,0.004788
scipy-lbfgsb,fcm,5,1415,24.3809,0.004788
scipy-lbfgsb,fcm,5,1452,25.0092,0.004788
scipy-lbfgsb,fcm,5,1552,26.7192,0.004716
scipy-lbfgsb,fcm,5,1553,26.7375,0.004716
scipy-lbfgsb,fcm,5,1555,26.7737,0.004716
scipy-lbfgsb,fcm,5,1556,26.7907,0.004716
scipy-lbfgsb,fcm,5,1574,27.1137,0.004715
scipy-lbfgsb,fcm,5,1593,27.4518,0.004715
scipy-lbfgsb,fcm,5,1834,31.5132,0.004707
scipy-lbfgsb,fcm,5,1835,31.5301,0.004707
scipy-lbfgsb,fcm,5,1837,31.5626,0.004707
scipy-lbfgsb,fcm,5,1838,31.5794,0.004707
scipy-lbfgsb,fcm,5,1856,31.8733,0.004707
scipy-lbfgsb,fcm,5,1875,32.1827,0.004707
scipy-lbfgsb,fcm,6,0,0.0000,0.008529
scipy-lbfgsb,fcm,6,2,0.0525,0.008529
scipy-lbfgsb,fcm,6,4,0.0870,0.008529
scipy-lbfgsb,fcm,6,8,0.1554,0.008529
scipy-lbfgsb,fcm,6,15,0.2756,0.008529
scipy-lbfgsb,fcm,6,19,0.3440,0.008528
scipy-lbfgsb,fcm,6,148,2.7121,0.007085
scipy-lbfgsb,fcm,6,149,2.7294,0.007085
scipy-lbfgsb,fcm,6,151,2.7648,0.007085
scipy-lbfgsb,fcm,6,158,2.8987,0.007085
scipy-lbfgsb,fcm,6,162,2.9715,0.007085
scipy-lbfgsb,fcm,6,166,3.0414,0.007085
scipy-lbfgsb,fcm,6,237,4.2542,0.007085
scipy-lbfgsb,fcm,6,295,5.2477,0.006722
scipy-lbfgsb,fcm,6,296,5.2664,0.006721
scipy-lbfgsb,fcm,6,309,5.4884,0.006721
scipy-lbfgsb,fcm,6,442,7.7207,0.005918
scipy-lbfgsb,fcm,6,443,7.7386,0.005917
scipy-lbfgsb,fcm,6,470,8.1818,0.005917
scipy-lbfgsb,fcm,6,566,9.9324,0.005917
scipy-lbfgsb,fcm,6,736,12.9442,0.005548
scipy-lbfgsb,fcm,6,737,12.9606,0.005548
scipy-lbfgsb,fcm,6,778,13.6144,0.005548
scipy-lbfgsb,fcm,6,1030,17.9067,0.005534
scipy-lbfgsb,fcm,6,1031,17.9225,0.005534
scipy-lbfgsb,fcm,6,1072,18.5937,0.005533
scipy-lbfgsb,fcm,6,1324,23.0457,0.005531
scipy-lbfgsb,fcm,6,1325,23.0629,0.005530
scipy-lbfgsb,fcm,6,1366,23.7541,0.005530
scipy-lbfgsb,fcm,6,1471,25.5551,0.005495
scipy-lbfgsb,fcm,6,1472,25.5729,0.005495
scipy-lbfgsb,fcm,6,1513,26.2867,0.005494
scipy-lbfgsb,fcm,6,1807,31.5779,0.005494
scipy-lbfgsb,fcm,6,1912,33.4269,0.005491
scipy-lbfgsb,fcm,6,1913,33.4456,0.005491
scipy-lbfgsb,fcm,6,1954,34.2027,0.005491
scipy-lbfgsb,fcm,7,0,0.0000,0.006890
scipy-lbfgsb,fcm,7,3,0.0660,0.006889
scipy-lbfgsb,fcm,7,69,1.1434,0.006889
scipy-lbfgsb,fcm,7,283,4.8252,0.006777
scipy-lbfgsb,fcm,7,285,4.8597,0.006776
scipy-lbfgsb,fcm,7,351,5.9633,0.006775
scipy-lbfgsb,fcm,7,565,9.5059,0.006681
scipy-lbfgsb,fcm,7,567,9.5410,0.006680
scipy-lbfgsb,fcm,7,633,10.7087,0.006680
scipy-lbfgsb,fcm,7,706,11.9712,0.006423
scipy-lbfgsb,fcm,7,708,12.0055,0.006423
scipy-lbfgsb,fcm,7,774,13.0314,0.006422
scipy-lbfgsb,fcm,7,1129,18.6976,0.006418
scipy-lbfgsb,fcm,7,1131,18.7329,0.006418
scipy-lbfgsb,fcm,7,1197,19.7980,0.006418
scipy-lbfgsb,fcm,7,1411,23.1145,0.006417
scipy-lbfgsb,fcm,7,1413,23.1449,0.006416
scipy-lbfgsb,fcm,7,1479,24.1580,0.006416
scipy-lbfgsb,fcm,7,1695,27.4567,0.006416
scipy-lbfgsb,fcm,7,1761,28.4524,0.006416
scipy-lbfgsb,fcm,7,1834,29.5875,0.006413
scipy-lbfgsb,fcm,7,1836,29.6160,0.006412
scipy-lbfgsb,fcm,7,1902,30.6375,0.006412
scipy-lbfgsb,fcm,8,0,0.0000,0.006381
scipy-lbfgsb,fcm,8,2,0.0466,0.006381
scipy-lbfgsb,fcm,8,10,0.1677,0.006381
scipy-lbfgsb,fcm,8,11,0.1819,0.006381
scipy-lbfgsb,fcm,8,15,0.2467,0.006381
scipy-lbfgsb,fcm,8,53,0.8404,0.006381
scipy-lbfgsb,fcm,8,287,4.4444,0.006297
scipy-lbfgsb,fcm,8,288,4.4601,0.006297
scipy-lbfgsb,fcm,8,296,4.5950,0.006297
scipy-lbfgsb,fcm,8,297,4.6106,0.006297
scipy-lbfgsb,fcm,8,301,4.6735,0.006297
scipy-lbfgsb,fcm,8,339,5.2869,0.006296
scipy-lbfgsb,fcm,8,430,6.7222,0.006075
scipy-lbfgsb,fcm,8,431,6.7374,0.006075
scipy-lbfgsb,fcm,8,439,6.8605,0.006075
scipy-lbfgsb,fcm,8,440,6.8758,0.006075
scipy-lbfgsb,fcm,8,444,6.9369,0.006075
scipy-lbfgsb,fcm,8,716,11.1421,0.006071
scipy-lbfgsb,fcm,8,717,11.1574,0.006071
scipy-lbfgsb,fcm,8,725,11.2760,0.006071
scipy-lbfgsb,fcm,8,726,11.2899,0.006071
scipy-lbfgsb,fcm,8,730,11.3474,0.006071
scipy-lbfgsb,fcm,9,0,0.0000,0.007663
scipy-lbfgsb,fcm,9,2,0.0475,0.007663
scipy-lbfgsb,fcm,9,3,0.0623,0.007663
scipy-lbfgsb,fcm,9,42,0.6814,0.007663
scipy-lbfgsb,fcm,9,56,0.9139,0.007662
scipy-lbfgsb,fcm,9,63,1.0274,0.007662
scipy-lbfgsb,fcm,9,69,1.1264,0.007661
scipy-lbfgsb,fcm,9,146,2.5579,0.007443
scipy-lbfgsb,fcm,9,147,2.5748,0.007443
scipy-lbfgsb,fcm,9,148,2.5909,0.007442
scipy-lbfgsb,fcm,9,166,2.8744,0.007442
scipy-lbfgsb,fcm,9,202,3.4313,0.007442
scipy-lbfgsb,fcm,9,291,4.8904,0.006953
scipy-lbfgsb,fcm,9,292,4.9087,0.006953
scipy-lbfgsb,fcm,9,293,4.9253,0.006953
scipy-lbfgsb,fcm,9,299,5.0215,0.006953
scipy-lbfgsb,fcm,9,310,5.2085,0.006953
scipy-lbfgsb,fcm,9,311,5.2251,0.006952
scipy-lbfgsb,fcm,9,436,7.2611,0.006458
scipy-lbfgsb,fcm,9,438,7.2936,0.006457
scipy-lbfgsb,fcm,9,581,9.6850,0.006003
scipy-lbfgsb,fcm,9,583,9.7143,0.006003
scipy-lbfgsb,fcm,9,590,9.8186,0.006003
scipy-lbfgsb,fcm,9,601,9.9877,0.006003
scipy-lbfgsb,fcm,9,635,10.4915,0.006003
scipy-lbfgsb,fcm,9,711,11.6818,0.006002
scipy-lbfgsb,fcm,9,726,11.9340,0.005768
scipy-lbfgsb,fcm,9,728,11.9673,0.005768
scipy-lbfgsb,fcm,9,735,12.0914,0.005768
scipy-lbfgsb,fcm,9,747,12.2865,0.005768
scipy-lbfgsb,fcm,9,748,12.3025,0.005767
scipy-lbfgsb,fcm,9,871,14.2624,0.005410
scipy-lbfgsb,fcm,9,873,14.3039,0.005410
scipy-lbfgsb,fcm,9,878,14.3896,0.005410
scipy-lbfgsb,fcm,9,879,14.4059,0.005410
scipy-lbfgsb,fcm,9,880,14.4217,0.005409
scipy-lbfgsb,fcm,9,947,15.5108,0.005408
scipy-lbfgsb,fcm,9,1016,16.6279,0.005201
scipy-lbfgsb,fcm,9,1018,16.6592,0.005201
scipy-lbfgsb,fcm,9,1021,16.7112,0.005201
scipy-lbfgsb,fcm,9,1023,16.7427,0.005201
scipy-lbfgsb,fcm,9,1024,16.7598,0.005201
scipy-lbfgsb,fcm,9,1025,16.7753,0.005200
scipy-lbfgsb,fcm,9,1078,17.6153,0.005200
scipy-lbfgsb,fcm,9,1161,18.9593,0.005083
scipy-lbfgsb,fcm,9,1162,18.9834,0.005082
scipy-lbfgsb,fcm,9,1168,19.0961,0.005082
scipy-lbfgsb,fcm,9,1169,19.1118,0.005082
scipy-lbfgsb,fcm,9,1223,19.9797,0.005082
scipy-lbfgsb,fcm,9,1244,20.3167,0.005082
scipy-lbfgsb,fcm,9,1247,20.3647,0.005082
scipy-lbfgsb,fcm,9,1306,21.3353,0.005021
scipy-lbfgsb,fcm,9,1307,21.3593,0.005021
scipy-lbfgsb,fcm,9,1314,21.4864,0.005021
scipy-lbfgsb,fcm,9,1316,21.5193,0.005021
scipy-lbfgsb,fcm,9,1326,21.6812,0.005020
scipy-lbfgsb,fcm,9,1328,21.7138,0.005020
scipy-lbfgsb,fcm,9,1451,23.6591,0.004924
scipy-lbfgsb,fcm,9,1452,23.6835,0.004924
scipy-lbfgsb,fcm,9,1459,23.8189,0.004924
scipy-lbfgsb,fcm,9,1461,23.8484,0.004924
scipy-lbfgsb,fcm,9,1596,25.9470,0.004828
scipy-lbfgsb,fcm,9,1598,26.1691,0.004828
scipy-lbfgsb,fcm,9,1605,26.2751,0.004828
scipy-lbfgsb,fcm,9,1650,26.9821,0.004828
scipy-lbfgsb,fcm,9,1741,28.3687,0.004745
scipy-lbfgsb,fcm,9,1743,28.4317,0.004745
scipy-lbfgsb,fcm,9,1750,28.5392,0.004744
scipy-lbfgsb,fcm,9,1795,29.2059,0.004744
scipy-lbfgsb,fcm,9,1825,29.6859,0.004744
scipy-lbfgsb,fcm,9,1843,29.9641,0.004744
scipy-lbfgsb,fcm,9,1886,30.6325,0.004642
scipy-lbfgsb,fcm,9,1888,30.6938,0.004642
scipy-lbfgsb,fcm,9,1895,30.7960,0.004641
scipy-lbfgsb,fcm,9,1915,31.0887,0.004641
scipy-lbfgsb,fcm,9,1936,31.4074,0.004641
scipy-lbfgsb,fcm,9,1970,31.9041,0.004641
scipy-lbfgsb,fcm,9,1988,32.1623,0.004641
