arm,init,seed,eval,seconds,best_obj
none,hot,0,0,0.0000,0.009248
scipy-lbfgsb,hot,0,0,0.0000,0.009248
scipy-lbfgsb,hot,0,12,0.3855,0.009248
scipy-lbfgsb,hot,0,14,0.4446,0.009248
scipy-lbfgsb,hot,0,22,0.6774,0.009248
scipy-lbfgsb,hot,0,58,1.7250,0.009247
scipy-lbfgsb,hot,0,102,3.0062,0.009179
scipy-lbfgsb,hot,0,113,3.3223,0.009178
scipy-lbfgsb,hot,0,129,3.7785,0.009178
scipy-lbfgsb,hot,0,153,4.4617,0.009178
scipy-lbfgsb,hot,0,203,5.9047,0.003306
scipy-lbfgsb,hot,0,214,6.2261,0.003306
scipy-lbfgsb,hot,0,230,6.6917,0.003306
scipy-lbfgsb,hot,0,254,7.3906,0.003305
scipy-lbfgsb,hot,0,405,11.8186,0.001484
scipy-lbfgsb,hot,0,408,11.9128,0.001484
scipy-lbfgsb,hot,0,409,11.9437,0.001484
scipy-lbfgsb,hot,0,417,12.1747,0.001484
scipy-lbfgsb,hot,0,433,12.6386,0.001484
scipy-lbfgsb,hot,0,457,13.3612,0.001484
scipy-lbfgsb,hot,0,462,13.5147,0.001482
scipy-lbfgsb,hot,0,463,13.5440,0.001478
scipy-lbfgsb,hot,0,506,14.8155,0.001088
scipy-lbfgsb,hot,0,515,15.0796,0.001088
scipy-lbfgsb,hot,0,518,15.1697,0.001088
scipy-lbfgsb,hot,0,534,15.6428,0.001088
scipy-lbfgsb,hot,0,558,16.3551,0.001088
scipy-lbfgsb,hot,0,603,17.6762,0.001088
scipy-lbfgsb,hot,0,604,17.7053,0.001088
scipy-lbfgsb,hot,0,607,17.7916,0.000997
scipy-lbfgsb,hot,0,610,17.8789,0.000997
scipy-lbfgsb,hot,0,611,17.9069,0.000997
scipy-lbfgsb,hot,0,619,18.1353,0.000997
scipy-lbfgsb,hot,0,635,18.5988,0.000997
scipy-lbfgsb,hot,0,659,19.3038,0.000997
scipy-lbfgsb,hot,0,664,19.4589,0.000997
scipy-lbfgsb,hot,0,665,19.4895,0.000997
scipy-lbfgsb,hot,0,704,20.6583,0.000996
scipy-lbfgsb,hot,0,705,20.6878,0.000996
scipy-lbfgsb,hot,0,708,20.7769,0.000946
scipy-lbfgsb,hot,0,711,20.8642,0.000946
scipy-lbfgsb,hot,0,712,20.8934,0.000946
scipy-lbfgsb,hot,0,720,21.1379,0.000946
scipy-lbfgsb,hot,0,736,21.6150,0.000946
scipy-lbfgsb,hot,0,760,22.3358,0.000946
scipy-lbfgsb,hot,0,765,22.4878,0.000946
scipy-lbfgsb,hot,0,805,23.7066,0.000946
scipy-lbfgsb,hot,0,806,23.7378,0.000946
scipy-lbfgsb,hot,0,809,23.8282,0.000869
scipy-lbfgsb,hot,0,812,23.9171,0.000869
scipy-lbfgsb,hot,0,813,23.9462,0.000869
scipy-lbfgsb,hot,0,858,25.3294,0.000869
scipy-lbfgsb,hot,0,866,25.5707,0.000869
scipy-lbfgsb,hot,0,910,26.9245,0.000832
scipy-lbfgsb,hot,0,913,27.0117,0.000832
scipy-lbfgsb,hot,0,914,27.0419,0.000832
scipy-lbfgsb,hot,0,919,27.1887,0.000832
scipy-lbfgsb,hot,0,935,27.6591,0.000832
scipy-lbfgsb,hot,0,959,28.3742,0.000832
scipy-lbfgsb,hot,0,967,28.6045,0.000832
scipy-lbfgsb,hot,0,1011,29.8985,0.000801
scipy-lbfgsb,hot,0,1014,29.9966,0.000801
scipy-lbfgsb,hot,0,1015,30.0279,0.000801
scipy-lbfgsb,hot,0,1020,30.1818,0.000801
scipy-lbfgsb,hot,0,1036,30.6491,0.000801
scipy-lbfgsb,hot,0,1060,31.3676,0.000801
scipy-lbfgsb,hot,0,1213,35.8768,0.000763
scipy-lbfgsb,hot,0,1216,35.9689,0.000763
scipy-lbfgsb,hot,0,1217,35.9991,0.000763
scipy-lbfgsb,hot,0,1222,36.1436,0.000763
scipy-lbfgsb,hot,0,1238,36.6196,0.000763
scipy-lbfgsb,hot,0,1262,37.3288,0.000763
scipy-lbfgsb,hot,0,1415,41.9169,0.000762
scipy-lbfgsb,hot,0,1418,42.0057,0.000762
scipy-lbfgsb,hot,0,1419,42.0357,0.000762
scipy-lbfgsb,hot,0,1424,42.1861,0.000762
scipy-lbfgsb,hot,0,1440,42.6695,0.000762
scipy-lbfgsb,hot,0,1464,43.3716,0.000762
scipy-lbfgsb,hot,0,1617,48.0240,0.000758
scipy-lbfgsb,hot,0,1627,48.3414,0.000758
scipy-lbfgsb,hot,0,1643,48.8393,0.000758
scipy-lbfgsb,hot,0,1667,49.5695,0.000758
scipy-lbfgsb,hot,0,1718,51.1408,0.000756
scipy-lbfgsb,hot,0,1721,51.2308,0.000756
scipy-lbfgsb,hot,0,1722,51.2610,0.000756
scipy-lbfgsb,hot,0,1727,51.4080,0.000756
scipy-lbfgsb,hot,0,1743,51.8877,0.000756
scipy-lbfgsb,hot,0,1767,52.5890,0.000756
scipy-lbfgsb,hot,0,1819,54.1851,0.000756
scipy-lbfgsb,hot,0,1822,54.2774,0.000756
scipy-lbfgsb,hot,0,1823,54.3089,0.000756
scipy-lbfgsb,hot,0,1828,54.4626,0.000756
scipy-lbfgsb,hot,0,1844,54.9642,0.000756
scipy-lbfgsb,hot,0,1868,55.7056,0.000756
scipy-lbfgsb,hot,0,1920,57.7578,0.000755
scipy-lbfgsb,hot,0,1930,58.1752,0.000755
scipy-lbfgsb,hot,0,1933,58.2987,0.000755
scipy-lbfgsb,hot,0,1941,58.6260,0.000755
scipy-powell,hot,0,0,0.0000,0.009248
scipy-powell,hot,0,94,3.0468,0.002567
scipy-powell,hot,0,97,3.1419,0.002053
scipy-powell,hot,0,98,3.1726,0.001811
scipy-powell,hot,0,99,3.2039,0.001583
scipy-powell,hot,0,102,3.2975,0.001583
scipy-powell,hot,0,103,3.3291,0.001583
scipy-powell,hot,0,104,3.3597,0.001583
scipy-powell,hot,0,105,3.3908,0.001583
scipy-powell,hot,0,106,3.4222,0.001583
scipy-powell,hot,0,119,3.8362,0.001583
scipy-powell,hot,0,120,3.8662,0.001583
scipy-powell,hot,0,121,3.8962,0.001583
scipy-powell,hot,0,122,3.9270,0.001583
scipy-powell,hot,0,123,3.9578,0.001583
scipy-powell,hot,0,124,3.9890,0.001583
scipy-powell,hot,0,128,4.1202,0.001583
scipy-powell,hot,0,135,4.3349,0.001583
scipy-powell,hot,0,136,4.3648,0.001583
scipy-powell,hot,0,137,4.3977,0.001583
scipy-powell,hot,0,144,4.6296,0.001583
scipy-powell,hot,0,165,5.3406,0.001583
scipy-powell,hot,0,166,5.3752,0.001583
scipy-powell,hot,0,167,5.4092,0.001583
scipy-powell,hot,0,168,5.4465,0.001583
scipy-powell,hot,0,171,5.5481,0.001583
scipy-powell,hot,0,178,5.7910,0.001583
scipy-powell,hot,0,179,5.8241,0.001583
scipy-powell,hot,0,183,5.9528,0.001583
scipy-powell,hot,0,276,9.0037,0.001476
scipy-powell,hot,0,279,9.1132,0.001475
scipy-powell,hot,0,280,9.1496,0.001474
scipy-powell,hot,0,281,9.1845,0.001473
scipy-powell,hot,0,282,9.2202,0.001473
scipy-powell,hot,0,283,9.2553,0.001473
scipy-powell,hot,0,284,9.2896,0.001473
scipy-powell,hot,0,285,9.3250,0.001473
scipy-powell,hot,0,401,12.7998,0.001346
scipy-powell,hot,0,404,12.8967,0.001340
scipy-powell,hot,0,406,12.9577,0.001339
scipy-powell,hot,0,407,12.9888,0.001339
scipy-powell,hot,0,408,13.0196,0.001339
scipy-powell,hot,0,409,13.0508,0.001339
scipy-powell,hot,0,410,13.0806,0.001339
scipy-powell,hot,0,411,13.1118,0.001339
scipy-powell,hot,0,412,13.1424,0.001339
scipy-powell,hot,0,413,13.1736,0.001339
scipy-powell,hot,0,414,13.2065,0.001339
scipy-powell,hot,0,418,13.3255,0.001339
scipy-powell,hot,0,468,14.8196,0.001211
scipy-powell,hot,0,471,14.9077,0.001210
scipy-powell,hot,0,473,14.9683,0.001210
scipy-powell,hot,0,474,14.9988,0.001210
scipy-powell,hot,0,681,21.3202,0.001071
scipy-powell,hot,0,682,21.3508,0.001069
scipy-powell,hot,0,684,21.4097,0.001067
scipy-powell,hot,0,686,21.4743,0.001067
scipy-powell,hot,0,688,21.5365,0.001066
scipy-powell,hot,0,689,21.5672,0.001066
scipy-powell,hot,0,690,21.5967,0.001066
scipy-powell,hot,0,692,21.6567,0.001066
scipy-powell,hot,0,694,21.7171,0.001066
scipy-powell,hot,0,695,21.7463,0.001066
scipy-powell,hot,0,696,21.7758,0.001066
scipy-powell,hot,0,820,25.5779,0.001014
scipy-powell,hot,0,823,25.6720,0.001009
scipy-powell,hot,0,825,25.7315,0.001008
scipy-powell,hot,0,826,25.7605,0.001008
scipy-powell,hot,0,827,25.7898,0.001008
scipy-powell,hot,0,828,25.8196,0.001008
scipy-powell,hot,0,829,25.8500,0.001008
scipy-powell,hot,0,830,25.8799,0.001008
scipy-powell,hot,0,831,25.9092,0.001008
scipy-powell,hot,0,952,29.5233,0.000900
scipy-powell,hot,0,953,29.5529,0.000898
scipy-powell,hot,0,956,29.6397,0.000898
scipy-powell,hot,0,957,29.6701,0.000898
scipy-powell,hot,0,959,29.7287,0.000898
scipy-powell,hot,0,960,29.7581,0.000898
scipy-powell,hot,0,961,29.7882,0.000898
scipy-powell,hot,0,962,29.8175,0.000898
scipy-powell,hot,0,963,29.8466,0.000898
scipy-powell,hot,0,1020,31.5447,0.000898
scipy-powell,hot,0,1021,31.5736,0.000898
scipy-powell,hot,0,1022,31.6043,0.000898
scipy-powell,hot,0,1023,31.6347,0.000898
scipy-powell,hot,0,1024,31.6647,0.000898
scipy-powell,hot,0,1039,32.1089,0.000898
scipy-powell,hot,0,1047,32.3449,0.000896
scipy-powell,hot,0,1048,32.3748,0.000894
scipy-powell,hot,0,1050,32.4340,0.000894
scipy-powell,hot,0,1051,32.4643,0.000894
scipy-powell,hot,0,1052,32.4938,0.000894
scipy-powell,hot,0,1054,32.5528,0.000894
scipy-powell,hot,0,1056,32.6125,0.000894
scipy-powell,hot,0,1057,32.6439,0.000894
scipy-powell,hot,0,1058,32.6739,0.000894
scipy-powell,hot,0,1066,32.9116,0.000894
scipy-powell,hot,0,1072,33.0869,0.000894
scipy-powell,hot,0,1083,33.4123,0.000823
scipy-powell,hot,0,1085,33.4720,0.000819
scipy-powell,hot,0,1087,33.5309,0.000819
scipy-powell,hot,0,1088,33.5599,0.000819
scipy-powell,hot,0,1089,33.5889,0.000819
scipy-powell,hot,0,1090,33.6191,0.000819
scipy-powell,hot,0,1091,33.6484,0.000819
scipy-powell,hot,0,1145,35.2339,0.000819
scipy-powell,hot,0,1147,35.2919,0.000819
scipy-powell,hot,0,1148,35.3210,0.000819
scipy-powell,hot,0,1149,35.3501,0.000819
scipy-powell,hot,0,1150,35.3795,0.000819
scipy-powell,hot,0,1156,35.5566,0.000819
scipy-powell,hot,0,1166,35.8506,0.000819
scipy-powell,hot,0,1167,35.8799,0.000819
scipy-powell,hot,0,1168,35.9090,0.000819
scipy-powell,hot,0,1169,35.9382,0.000819
scipy-powell,hot,0,1170,35.9678,0.000819
scipy-powell,hot,0,1171,35.9972,0.000819
scipy-powell,hot,0,1183,36.3559,0.000819
scipy-powell,hot,0,1184,36.3856,0.000819
scipy-powell,hot,0,1185,36.4158,0.000819
scipy-powell,hot,0,1186,36.4467,0.000819
scipy-powell,hot,0,1187,36.4766,0.000819
scipy-powell,hot,0,1192,36.6257,0.000819
scipy-powell,hot,0,1199,36.8339,0.000819
scipy-powell,hot,0,1202,36.9226,0.000819
scipy-powell,hot,0,1203,36.9520,0.000819
scipy-powell,hot,0,1204,36.9819,0.000819
scipy-powell,hot,0,1230,37.7685,0.000819
scipy-powell,hot,0,1231,37.7983,0.000819
scipy-powell,hot,0,1232,37.8287,0.000819
scipy-powell,hot,0,1233,37.8604,0.000819
scipy-powell,hot,0,1234,37.8908,0.000819
scipy-powell,hot,0,1235,37.9217,0.000819
scipy-powell,hot,0,1236,37.9525,0.000819
scipy-powell,hot,0,1252,38.4376,0.000819
scipy-powell,hot,0,1278,39.2309,0.000819
scipy-powell,hot,0,1287,39.5020,0.000819
scipy-powell,hot,0,1297,39.8036,0.000819
scipy-powell,hot,0,1299,39.8647,0.000819
scipy-powell,hot,0,1306,40.0815,0.000818
scipy-powell,hot,0,1307,40.1120,0.000813
scipy-powell,hot,0,1308,40.1430,0.000802
scipy-powell,hot,0,1309,40.1733,0.000791
scipy-powell,hot,0,1311,40.2335,0.000791
scipy-powell,hot,0,1312,40.2640,0.000791
scipy-powell,hot,0,1313,40.2940,0.000791
scipy-powell,hot,0,1314,40.3334,0.000791
scipy-powell,hot,0,1315,40.3631,0.000791
scipy-powell,hot,0,1371,42.0376,0.000791
scipy-powell,hot,0,1372,42.0676,0.000791
scipy-powell,hot,0,1373,42.0978,0.000791
scipy-powell,hot,0,1375,42.1576,0.000791
scipy-powell,hot,0,1376,42.1873,0.000791
scipy-powell,hot,0,1388,42.5675,0.000791
scipy-powell,hot,0,1389,42.5987,0.000791
scipy-powell,hot,0,1390,42.6289,0.000791
scipy-powell,hot,0,1391,42.6593,0.000791
scipy-powell,hot,0,1392,42.6903,0.000791
scipy-powell,hot,0,1393,42.7209,0.000791
scipy-powell,hot,0,1394,42.7517,0.000791
scipy-powell,hot,0,1400,42.9430,0.000791
scipy-powell,hot,0,1404,43.0685,0.000791
scipy-powell,hot,0,1414,43.3696,0.000791
scipy-powell,hot,0,1415,43.4002,0.000791
scipy-powell,hot,0,1423,43.6432,0.000791
scipy-powell,hot,0,1424,43.6748,0.000791
scipy-powell,hot,0,1432,43.9245,0.000791
scipy-powell,hot,0,1433,43.9546,0.000791
scipy-powell,hot,0,1519,46.5628,0.000759
scipy-powell,hot,0,1522,46.6604,0.000758
scipy-powell,hot,0,1523,46.6922,0.000748
scipy-powell,hot,0,1525,46.7543,0.000748
scipy-powell,hot,0,1527,46.8186,0.000748
scipy-powell,hot,0,1529,46.8847,0.000748
scipy-powell,hot,0,1530,46.9160,0.000748
scipy-powell,hot,0,1644,50.4148,0.000657
scipy-powell,hot,0,1647,50.5049,0.000656
scipy-powell,hot,0,1648,50.5349,0.000650
scipy-powell,hot,0,1649,50.5668,0.000649
scipy-powell,hot,0,1650,50.5983,0.000648
scipy-powell,hot,0,1652,50.6620,0.000648
scipy-powell,hot,0,1653,50.6918,0.000648
scipy-powell,hot,0,1655,50.7565,0.000648
scipy-powell,hot,0,1656,50.7881,0.000648
scipy-powell,hot,0,1657,50.8235,0.000648
scipy-powell,hot,0,1658,50.8565,0.000648
scipy-powell,hot,0,1659,50.8873,0.000648
scipy-powell,hot,0,1660,50.9183,0.000648
scipy-powell,hot,0,1937,59.3383,0.000648
scipy-powell,hot,0,1942,59.4909,0.000647
scipy-powell,hot,0,1944,59.5518,0.000647
scipy-powell,hot,0,1945,59.5821,0.000647
scipy-powell,hot,0,1946,59.6119,0.000647
scipy-powell,hot,0,1947,59.6422,0.000647
scipy-powell,hot,0,1948,59.6731,0.000647
scipy-powell,hot,0,1949,59.7036,0.000647
scipy-powell,hot,0,1956,59.9111,0.000647
scipy-de,hot,0,0,0.0000,0.009248
opt-ga,hot,0,0,0.0000,0.009248
opt-ga,hot,0,281,5.5142,0.003000
opt-ga,hot,0,540,11.6024,0.001324
opt-ga,hot,0,869,21.2558,0.001273
opt-ga,hot,0,955,23.9161,0.001118
opt-ga,hot,0,1180,30.9761,0.001067
opt-ga,hot,0,1385,37.3177,0.001011
opt-ga,hot,0,1518,41.4312,0.000960
opt-ga,hot,0,1711,47.5238,0.000930
opt-ga,hot,0,1810,50.6723,0.000881
opt-pso,hot,0,0,0.0000,0.009248
opt-aco,hot,0,0,0.0000,0.009248
opt-aco,hot,0,465,8.9884,0.008538
opt-aco,hot,0,1248,23.9536,0.008464
opt-aco,hot,0,1271,24.3964,0.008121
opt-aco,hot,0,1284,24.6466,0.007330
opt-aco,hot,0,1349,25.9229,0.006192
opt-aco,hot,0,1889,36.2521,0.002975
opt-gd,hot,0,0,0.0000,0.009248
opt-gd,hot,0,12,0.3943,0.009248
opt-gd,hot,0,14,0.4564,0.009248
opt-gd,hot,0,22,0.7072,0.009248
opt-gd,hot,0,32,1.0240,0.009248
opt-gd,hot,0,33,1.0563,0.009248
opt-gd,hot,0,37,1.1813,0.009248
opt-gd,hot,0,65,2.0481,0.009248
opt-gd,hot,0,102,3.1965,0.009214
opt-gd,hot,0,113,3.5378,0.009214
opt-gd,hot,0,129,4.0400,0.009214
opt-gd,hot,0,133,4.1582,0.009214
opt-gd,hot,0,134,4.1883,0.009214
opt-gd,hot,0,138,4.3054,0.009214
opt-gd,hot,0,166,5.1344,0.009214
opt-gd,hot,0,304,9.3195,0.001926
opt-gd,hot,0,307,9.4089,0.001926
opt-gd,hot,0,308,9.4388,0.001926
opt-gd,hot,0,316,9.6836,0.001926
opt-gd,hot,0,332,10.1630,0.001926
opt-gd,hot,0,356,10.8815,0.001926
opt-gd,hot,0,361,11.0340,0.001926
opt-gd,hot,0,362,11.0648,0.001926
opt-gd,hot,0,405,12.3814,0.001597
opt-gd,hot,0,416,12.7058,0.001597
opt-gd,hot,0,432,13.1871,0.001597
opt-gd,hot,0,456,13.8981,0.001597
opt-gd,hot,0,506,15.3998,0.001488
opt-gd,hot,0,509,15.4895,0.001488
opt-gd,hot,0,510,15.5191,0.001488
opt-gd,hot,0,518,15.7557,0.001488
opt-gd,hot,0,534,16.2256,0.001488
opt-gd,hot,0,558,16.9454,0.001488
opt-gd,hot,0,563,17.1031,0.001488
opt-gd,hot,0,564,17.1333,0.001488
opt-gd,hot,0,708,21.5044,0.001279
opt-gd,hot,0,711,21.6016,0.001279
opt-gd,hot,0,712,21.6308,0.001279
opt-gd,hot,0,720,21.8691,0.001279
opt-gd,hot,0,736,22.3536,0.001279
opt-gd,hot,0,760,23.0854,0.001279
opt-gd,hot,0,765,23.2351,0.001279
opt-gd,hot,0,766,23.2657,0.001279
opt-gd,hot,0,809,24.5724,0.001229
opt-gd,hot,0,812,24.6647,0.001229
opt-gd,hot,0,813,24.6944,0.001229
opt-gd,hot,0,821,24.9357,0.001229
opt-gd,hot,0,837,25.4131,0.001229
opt-gd,hot,0,861,26.1312,0.001229
opt-gd,hot,0,866,26.2906,0.001229
opt-gd,hot,0,867,26.3217,0.001229
opt-gd,hot,0,910,27.6563,0.000966
opt-gd,hot,0,913,27.7552,0.000966
opt-gd,hot,0,914,27.7875,0.000966
opt-gd,hot,0,967,29.5084,0.000966
opt-gd,hot,0,968,29.5415,0.000966
opt-gd,hot,0,1011,30.9405,0.000930
opt-gd,hot,0,1014,31.0365,0.000930
opt-gd,hot,0,1015,31.0688,0.000930
opt-gd,hot,0,1068,32.7952,0.000930
opt-gd,hot,0,1112,34.1766,0.000849
opt-gd,hot,0,1115,34.2688,0.000849
opt-gd,hot,0,1116,34.2997,0.000849
opt-gd,hot,0,1169,36.0058,0.000849
opt-gd,hot,0,1213,37.4162,0.000843
opt-gd,hot,0,1216,37.5111,0.000843
opt-gd,hot,0,1217,37.5412,0.000843
opt-gd,hot,0,1314,40.5346,0.000839
opt-gd,hot,0,1317,40.6329,0.000839
opt-gd,hot,0,1318,40.6642,0.000839
opt-gd,hot,0,1415,43.6628,0.000820
opt-gd,hot,0,1418,43.7533,0.000820
opt-gd,hot,0,1419,43.7830,0.000820
opt-gd,hot,0,1424,43.9361,0.000820
opt-gd,hot,0,1430,44.1172,0.000820
opt-gd,hot,0,1464,45.1750,0.000820
opt-gd,hot,0,1516,46.6995,0.000780
opt-gd,hot,0,1519,46.7920,0.000780
opt-gd,hot,0,1520,46.8214,0.000780
opt-gd,hot,0,1525,46.9715,0.000780
opt-gd,hot,0,1531,47.1487,0.000780
opt-gd,hot,0,1565,48.1559,0.000780
opt-gd,hot,0,1718,52.7694,0.000775
opt-gd,hot,0,1721,52.8668,0.000775
opt-gd,hot,0,1722,52.8984,0.000775
opt-gd,hot,0,1727,53.0644,0.000775
opt-gd,hot,0,1733,53.2504,0.000775
opt-gd,hot,0,1819,55.8495,0.000763
opt-gd,hot,0,1824,56.0045,0.000763
opt-gd,hot,0,1829,56.1593,0.000763
opt-gd,hot,0,1869,57.3500,0.000763
opt-gd,hot,0,1920,58.8902,0.000758
opt-gd,hot,0,1923,58.9831,0.000758
opt-gd,hot,0,1924,59.0141,0.000758
opt-gd,hot,0,1929,59.1703,0.000758
opt-gd,hot,0,1935,59.3632,0.000758
opt-gd,hot,0,1969,60.4111,0.000758
none,hot,1,0,0.0000,0.008828
scipy-lbfgsb,hot,1,0,0.0000,0.008828
scipy-lbfgsb,hot,1,12,0.4199,0.008828
scipy-lbfgsb,hot,1,14,0.4803,0.008828
scipy-lbfgsb,hot,1,22,0.7219,0.008828
scipy-lbfgsb,hot,1,60,1.8696,0.008828
scipy-lbfgsb,hot,1,102,3.1629,0.008765
scipy-lbfgsb,hot,1,113,3.5138,0.008765
scipy-lbfgsb,hot,1,129,4.0152,0.008765
scipy-lbfgsb,hot,1,137,4.2629,0.008765
scipy-lbfgsb,hot,1,203,6.2667,0.003735
scipy-lbfgsb,hot,1,214,6.5986,0.003734
scipy-lbfgsb,hot,1,230,7.0768,0.003734
scipy-lbfgsb,hot,1,238,7.3213,0.003734
scipy-lbfgsb,hot,1,405,12.5538,0.001411
scipy-lbfgsb,hot,1,408,12.6472,0.001411
scipy-lbfgsb,hot,1,409,12.6778,0.001411
scipy-lbfgsb,hot,1,417,12.9261,0.001411
scipy-lbfgsb,hot,1,433,13.4201,0.001411
scipy-lbfgsb,hot,1,441,13.6720,0.001411
scipy-lbfgsb,hot,1,442,13.7039,0.001411
scipy-lbfgsb,hot,1,464,14.4030,0.001409
scipy-lbfgsb,hot,1,465,14.4348,0.001407
scipy-lbfgsb,hot,1,506,15.7620,0.001165
scipy-lbfgsb,hot,1,513,15.9919,0.001165
scipy-lbfgsb,hot,1,518,16.1492,0.001165
scipy-lbfgsb,hot,1,534,16.6665,0.001165
scipy-lbfgsb,hot,1,541,16.8825,0.001165
scipy-lbfgsb,hot,1,607,18.9331,0.001010
scipy-lbfgsb,hot,1,610,19.0551,0.001010
scipy-lbfgsb,hot,1,611,19.0866,0.001010
scipy-lbfgsb,hot,1,619,19.3354,0.001010
scipy-lbfgsb,hot,1,635,19.8346,0.001010
scipy-lbfgsb,hot,1,643,20.0694,0.001010
scipy-lbfgsb,hot,1,644,20.0988,0.001010
scipy-lbfgsb,hot,1,645,20.1282,0.001010
scipy-lbfgsb,hot,1,704,21.9814,0.001010
scipy-lbfgsb,hot,1,705,22.0121,0.001010
scipy-lbfgsb,hot,1,708,22.1057,0.000978
scipy-lbfgsb,hot,1,711,22.1990,0.000978
scipy-lbfgsb,hot,1,712,22.2286,0.000978
scipy-lbfgsb,hot,1,720,22.4646,0.000978
scipy-lbfgsb,hot,1,736,22.9406,0.000978
scipy-lbfgsb,hot,1,744,23.1819,0.000978
scipy-lbfgsb,hot,1,745,23.2123,0.000978
scipy-lbfgsb,hot,1,746,23.2425,0.000978
scipy-lbfgsb,hot,1,767,23.8927,0.000978
scipy-lbfgsb,hot,1,805,25.0588,0.000978
scipy-lbfgsb,hot,1,806,25.0894,0.000978
scipy-lbfgsb,hot,1,809,25.1798,0.000905
scipy-lbfgsb,hot,1,812,25.2760,0.000905
scipy-lbfgsb,hot,1,813,25.3069,0.000905
scipy-lbfgsb,hot,1,845,26.2924,0.000905
scipy-lbfgsb,hot,1,846,26.3245,0.000905
scipy-lbfgsb,hot,1,868,27.0345,0.000905
scipy-lbfgsb,hot,1,906,28.2353,0.000905
scipy-lbfgsb,hot,1,910,28.3542,0.000884
scipy-lbfgsb,hot,1,913,28.4442,0.000884
scipy-lbfgsb,hot,1,914,28.4740,0.000884
scipy-lbfgsb,hot,1,917,28.5668,0.000884
scipy-lbfgsb,hot,1,931,28.9881,0.000884
scipy-lbfgsb,hot,1,932,29.0189,0.000884
scipy-lbfgsb,hot,1,969,30.1461,0.000883
scipy-lbfgsb,hot,1,1007,31.3181,0.000883
scipy-lbfgsb,hot,1,1011,31.4390,0.000873
scipy-lbfgsb,hot,1,1014,31.5345,0.000873
scipy-lbfgsb,hot,1,1015,31.5655,0.000873
scipy-lbfgsb,hot,1,1018,31.6595,0.000873
scipy-lbfgsb,hot,1,1036,32.2081,0.000873
scipy-lbfgsb,hot,1,1070,33.2462,0.000873
scipy-lbfgsb,hot,1,1112,34.5338,0.000866
scipy-lbfgsb,hot,1,1115,34.6232,0.000866
scipy-lbfgsb,hot,1,1116,34.6526,0.000866
scipy-lbfgsb,hot,1,1119,34.7441,0.000866
scipy-lbfgsb,hot,1,1133,35.1717,0.000866
scipy-lbfgsb,hot,1,1134,35.2025,0.000866
scipy-lbfgsb,hot,1,1213,37.6528,0.000863
scipy-lbfgsb,hot,1,1216,37.7440,0.000863
scipy-lbfgsb,hot,1,1217,37.7739,0.000863
scipy-lbfgsb,hot,1,1220,37.8676,0.000863
scipy-lbfgsb,hot,1,1235,38.3211,0.000863
scipy-lbfgsb,hot,1,1314,40.7858,0.000860
scipy-lbfgsb,hot,1,1322,41.0459,0.000860
scipy-lbfgsb,hot,1,1340,41.6229,0.000860
scipy-lbfgsb,hot,1,1415,44.0358,0.000855
scipy-lbfgsb,hot,1,1418,44.1259,0.000855
scipy-lbfgsb,hot,1,1419,44.1558,0.000855
scipy-lbfgsb,hot,1,1422,44.2473,0.000855
scipy-lbfgsb,hot,1,1440,44.7868,0.000855
scipy-lbfgsb,hot,1,1446,44.9639,0.000855
scipy-lbfgsb,hot,1,1617,50.0940,0.000851
scipy-lbfgsb,hot,1,1620,50.1871,0.000851
scipy-lbfgsb,hot,1,1621,50.2166,0.000851
scipy-lbfgsb,hot,1,1624,50.3060,0.000851
scipy-lbfgsb,hot,1,1642,50.8529,0.000851
scipy-lbfgsb,hot,1,1718,53.1626,0.000850
scipy-lbfgsb,hot,1,1721,53.2527,0.000850
scipy-lbfgsb,hot,1,1722,53.2824,0.000850
scipy-lbfgsb,hot,1,1725,53.3741,0.000850
scipy-lbfgsb,hot,1,1743,53.9166,0.000850
scipy-lbfgsb,hot,1,1755,54.2796,0.000850
scipy-lbfgsb,hot,1,1756,54.3091,0.000850
scipy-lbfgsb,hot,1,1819,56.1870,0.000849
scipy-lbfgsb,hot,1,1827,56.4261,0.000849
scipy-lbfgsb,hot,1,1845,56.9916,0.000849
scipy-lbfgsb,hot,1,1920,59.2934,0.000848
scipy-lbfgsb,hot,1,1926,59.4720,0.000848
scipy-lbfgsb,hot,1,1928,59.5331,0.000848
scipy-lbfgsb,hot,1,1933,59.6850,0.000848
scipy-lbfgsb,hot,1,1941,59.9376,0.000848
scipy-powell,hot,1,0,0.0000,0.008828
scipy-powell,hot,1,101,3.0676,0.002705
scipy-powell,hot,1,104,3.1588,0.001993
scipy-powell,hot,1,105,3.1896,0.001790
scipy-powell,hot,1,106,3.2201,0.001580
scipy-powell,hot,1,109,3.3096,0.001579
scipy-powell,hot,1,110,3.3390,0.001579
scipy-powell,hot,1,111,3.3690,0.001579
scipy-powell,hot,1,112,3.3986,0.001579
scipy-powell,hot,1,113,3.4289,0.001579
scipy-powell,hot,1,123,3.7378,0.001579
scipy-powell,hot,1,124,3.7681,0.001579
scipy-powell,hot,1,125,3.8056,0.001579
scipy-powell,hot,1,126,3.8432,0.001579
scipy-powell,hot,1,127,3.8825,0.001579
scipy-powell,hot,1,128,3.9215,0.001579
scipy-powell,hot,1,129,3.9589,0.001579
scipy-powell,hot,1,140,4.3063,0.001579
scipy-powell,hot,1,141,4.3368,0.001579
scipy-powell,hot,1,142,4.3668,0.001579
scipy-powell,hot,1,146,4.4860,0.001579
scipy-powell,hot,1,162,4.9604,0.001579
scipy-powell,hot,1,174,5.3567,0.001579
scipy-powell,hot,1,175,5.3866,0.001579
scipy-powell,hot,1,176,5.4156,0.001579
scipy-powell,hot,1,177,5.4446,0.001579
scipy-powell,hot,1,184,5.6583,0.001579
scipy-powell,hot,1,203,6.2272,0.001463
scipy-powell,hot,1,206,6.3156,0.001462
scipy-powell,hot,1,207,6.3446,0.001461
scipy-powell,hot,1,208,6.3748,0.001461
scipy-powell,hot,1,209,6.4044,0.001461
scipy-powell,hot,1,210,6.4339,0.001461
scipy-powell,hot,1,211,6.4640,0.001461
scipy-powell,hot,1,212,6.4938,0.001461
scipy-powell,hot,1,431,13.1016,0.001327
scipy-powell,hot,1,432,13.1339,0.001320
scipy-powell,hot,1,435,13.2279,0.001319
scipy-powell,hot,1,436,13.2576,0.001319
scipy-powell,hot,1,437,13.2872,0.001319
scipy-powell,hot,1,438,13.3167,0.001319
scipy-powell,hot,1,439,13.3471,0.001319
scipy-powell,hot,1,440,13.3785,0.001319
scipy-powell,hot,1,441,13.4096,0.001319
scipy-powell,hot,1,442,13.4407,0.001319
scipy-powell,hot,1,443,13.4717,0.001319
scipy-powell,hot,1,587,17.8699,0.001195
scipy-powell,hot,1,590,17.9614,0.001195
scipy-powell,hot,1,591,17.9915,0.001195
scipy-powell,hot,1,592,18.0224,0.001195
scipy-powell,hot,1,593,18.0539,0.001195
scipy-powell,hot,1,594,18.0851,0.001195
scipy-powell,hot,1,595,18.1164,0.001195
scipy-powell,hot,1,729,22.1935,0.001111
scipy-powell,hot,1,730,22.2286,0.001091
scipy-powell,hot,1,731,22.2623,0.001057
scipy-powell,hot,1,734,22.3605,0.001057
scipy-powell,hot,1,735,22.3931,0.001057
scipy-powell,hot,1,736,22.4230,0.001057
scipy-powell,hot,1,737,22.4546,0.001057
scipy-powell,hot,1,738,22.4856,0.001057
scipy-powell,hot,1,854,26.0507,0.000994
scipy-powell,hot,1,857,26.1426,0.000990
scipy-powell,hot,1,859,26.2045,0.000989
scipy-powell,hot,1,860,26.2360,0.000989
scipy-powell,hot,1,861,26.2671,0.000988
scipy-powell,hot,1,862,26.2978,0.000988
scipy-powell,hot,1,863,26.3293,0.000988
scipy-powell,hot,1,864,26.3614,0.000988
scipy-powell,hot,1,865,26.3924,0.000988
scipy-powell,hot,1,1001,30.5497,0.000872
scipy-powell,hot,1,1004,30.6384,0.000872
scipy-powell,hot,1,1005,30.6680,0.000871
scipy-powell,hot,1,1007,30.7277,0.000871
scipy-powell,hot,1,1009,30.7894,0.000871
scipy-powell,hot,1,1010,30.8187,0.000871
scipy-powell,hot,1,1011,30.8493,0.000871
scipy-powell,hot,1,1012,30.8790,0.000871
scipy-powell,hot,1,1013,30.9094,0.000871
scipy-powell,hot,1,1014,30.9409,0.000871
scipy-powell,hot,1,1068,32.5505,0.000864
scipy-powell,hot,1,1070,32.6111,0.000864
scipy-powell,hot,1,1072,32.6698,0.000863
scipy-powell,hot,1,1073,32.6992,0.000863
scipy-powell,hot,1,1074,32.7287,0.000863
scipy-powell,hot,1,1075,32.7583,0.000863
scipy-powell,hot,1,1076,32.7880,0.000863
scipy-powell,hot,1,1077,32.8189,0.000863
scipy-powell,hot,1,1078,32.8500,0.000863
scipy-powell,hot,1,1268,38.7038,0.000863
scipy-powell,hot,1,1269,38.7345,0.000853
scipy-powell,hot,1,1271,38.8001,0.000853
scipy-powell,hot,1,1272,38.8320,0.000853
scipy-powell,hot,1,1273,38.8640,0.000853
scipy-powell,hot,1,1274,38.8961,0.000853
scipy-powell,hot,1,1275,38.9285,0.000853
scipy-powell,hot,1,1277,38.9920,0.000853
scipy-powell,hot,1,1337,40.8499,0.000853
scipy-powell,hot,1,1338,40.8808,0.000853
scipy-powell,hot,1,1339,40.9108,0.000853
scipy-powell,hot,1,1340,40.9412,0.000853
scipy-powell,hot,1,1352,41.3119,0.000853
scipy-powell,hot,1,1358,41.5008,0.000853
scipy-powell,hot,1,1365,41.7218,0.000853
scipy-powell,hot,1,1366,41.7540,0.000853
scipy-powell,hot,1,1367,41.7851,0.000853
scipy-powell,hot,1,1369,41.8468,0.000853
scipy-powell,hot,1,1370,41.8774,0.000853
scipy-powell,hot,1,1371,41.9078,0.000853
scipy-powell,hot,1,1391,42.5416,0.000848
scipy-powell,hot,1,1393,42.6046,0.000848
scipy-powell,hot,1,1394,42.6358,0.000848
scipy-powell,hot,1,1395,42.6666,0.000848
scipy-powell,hot,1,1396,42.6965,0.000848
scipy-powell,hot,1,1397,42.7268,0.000848
scipy-powell,hot,1,1398,42.7568,0.000848
scipy-powell,hot,1,1455,44.5574,0.000847
scipy-powell,hot,1,1457,44.6194,0.000847
scipy-powell,hot,1,1458,44.6510,0.000847
scipy-powell,hot,1,1459,44.6816,0.000847
scipy-powell,hot,1,1460,44.7129,0.000847
scipy-powell,hot,1,1461,44.7435,0.000847
scipy-powell,hot,1,1473,45.1166,0.000847
scipy-powell,hot,1,1474,45.1481,0.000847
scipy-powell,hot,1,1475,45.1791,0.000847
scipy-powell,hot,1,1477,45.2401,0.000847
scipy-powell,hot,1,1479,45.3031,0.000847
scipy-powell,hot,1,1480,45.3339,0.000847
scipy-powell,hot,1,1481,45.3644,0.000847
scipy-powell,hot,1,1495,45.7927,0.000847
scipy-powell,hot,1,1496,45.8240,0.000847
scipy-powell,hot,1,1497,45.8548,0.000847
scipy-powell,hot,1,1500,45.9453,0.000847
scipy-powell,hot,1,1510,46.2479,0.000847
scipy-powell,hot,1,1511,46.2788,0.000847
scipy-powell,hot,1,1512,46.3088,0.000847
scipy-powell,hot,1,1513,46.3392,0.000847
scipy-powell,hot,1,1531,46.8841,0.000847
scipy-powell,hot,1,1532,46.9139,0.000847
scipy-powell,hot,1,1533,46.9440,0.000847
scipy-powell,hot,1,1534,46.9737,0.000847
scipy-powell,hot,1,1535,47.0044,0.000847
scipy-powell,hot,1,1551,47.4858,0.000847
scipy-powell,hot,1,1558,47.7163,0.000847
scipy-powell,hot,1,1559,47.7468,0.000847
scipy-powell,hot,1,1560,47.7770,0.000847
scipy-powell,hot,1,1561,47.8069,0.000847
scipy-powell,hot,1,1562,47.8365,0.000847
scipy-powell,hot,1,1563,47.8669,0.000847
scipy-powell,hot,1,1564,47.8981,0.000847
scipy-powell,hot,1,1565,47.9283,0.000847
scipy-powell,hot,1,1590,48.6821,0.000847
scipy-powell,hot,1,1591,48.7127,0.000847
scipy-powell,hot,1,1592,48.7433,0.000847
scipy-powell,hot,1,1593,48.7735,0.000847
scipy-powell,hot,1,1596,48.8625,0.000847
scipy-powell,hot,1,1610,49.2807,0.000847
scipy-powell,hot,1,1612,49.3402,0.000847
scipy-powell,hot,1,1639,50.1523,0.000847
scipy-powell,hot,1,1648,50.4236,0.000847
scipy-powell,hot,1,1659,50.7507,0.000847
scipy-powell,hot,1,1660,50.7799,0.000846
scipy-powell,hot,1,1661,50.8096,0.000846
scipy-powell,hot,1,1662,50.8400,0.000846
scipy-powell,hot,1,1664,50.9058,0.000846
scipy-powell,hot,1,1665,50.9360,0.000846
scipy-powell,hot,1,1666,50.9656,0.000846
scipy-powell,hot,1,1667,50.9951,0.000846
scipy-powell,hot,1,1668,51.0250,0.000846
scipy-powell,hot,1,1673,51.1728,0.000846
scipy-powell,hot,1,1947,59.3678,0.000846
scipy-powell,hot,1,1949,59.4279,0.000846
scipy-powell,hot,1,1951,59.4882,0.000846
scipy-powell,hot,1,1952,59.5177,0.000846
scipy-powell,hot,1,1953,59.5474,0.000846
scipy-powell,hot,1,1955,59.6064,0.000846
scipy-powell,hot,1,1956,59.6363,0.000846
scipy-powell,hot,1,1957,59.6668,0.000846
scipy-powell,hot,1,1958,59.6965,0.000846
scipy-de,hot,1,0,0.0000,0.008828
opt-ga,hot,1,0,0.0000,0.008828
opt-ga,hot,1,341,6.5153,0.007733
opt-ga,hot,1,461,9.2502,0.004601
opt-ga,hot,1,531,11.0317,0.002982
opt-ga,hot,1,540,11.2789,0.001888
opt-ga,hot,1,588,12.5180,0.001609
opt-ga,hot,1,758,17.2976,0.001551
opt-ga,hot,1,923,22.1264,0.001548
opt-ga,hot,1,992,24.2295,0.001370
opt-ga,hot,1,1341,34.6394,0.001327
opt-ga,hot,1,1543,40.6655,0.001325
opt-ga,hot,1,1548,40.8236,0.001305
opt-ga,hot,1,1632,43.4162,0.001212
opt-ga,hot,1,1802,48.6168,0.001106
opt-ga,hot,1,1920,52.2037,0.000865
opt-pso,hot,1,0,0.0000,0.008828
opt-aco,hot,1,0,0.0000,0.008828
opt-aco,hot,1,1677,30.7116,0.007783
opt-aco,hot,1,1837,33.5451,0.006800
opt-aco,hot,1,1952,35.6153,0.006692
opt-gd,hot,1,0,0.0000,0.008828
opt-gd,hot,1,12,0.4365,0.008828
opt-gd,hot,1,14,0.5057,0.008828
opt-gd,hot,1,22,0.7425,0.008828
opt-gd,hot,1,40,1.2876,0.008828
opt-gd,hot,1,41,1.3178,0.008828
opt-gd,hot,1,44,1.4093,0.008828
opt-gd,hot,1,45,1.4389,0.008828
opt-gd,hot,1,63,1.9935,0.008828
opt-gd,hot,1,102,3.1977,0.008796
opt-gd,hot,1,113,3.5289,0.008796
opt-gd,hot,1,129,4.0103,0.008796
opt-gd,hot,1,137,4.2505,0.008796
opt-gd,hot,1,141,4.3696,0.008796
opt-gd,hot,1,142,4.3989,0.008796
opt-gd,hot,1,145,4.4871,0.008796
opt-gd,hot,1,146,4.5172,0.008796
opt-gd,hot,1,164,5.0573,0.008796
opt-gd,hot,1,304,9.3096,0.001517
opt-gd,hot,1,307,9.4066,0.001517
opt-gd,hot,1,308,9.4393,0.001517
opt-gd,hot,1,316,9.7025,0.001517
opt-gd,hot,1,332,10.1948,0.001517
opt-gd,hot,1,340,10.4377,0.001517
opt-gd,hot,1,341,10.4673,0.001517
opt-gd,hot,1,363,11.1392,0.001517
opt-gd,hot,1,364,11.1704,0.001517
opt-gd,hot,1,506,15.5553,0.001278
opt-gd,hot,1,509,15.6471,0.001278
opt-gd,hot,1,510,15.6779,0.001278
opt-gd,hot,1,518,15.9253,0.001278
opt-gd,hot,1,534,16.4176,0.001278
opt-gd,hot,1,542,16.6633,0.001278
opt-gd,hot,1,565,17.3574,0.001278
opt-gd,hot,1,566,17.3872,0.001278
opt-gd,hot,1,607,18.6219,0.001219
opt-gd,hot,1,610,18.7151,0.001219
opt-gd,hot,1,611,18.7456,0.001219
opt-gd,hot,1,619,18.9860,0.001219
opt-gd,hot,1,635,19.4634,0.001219
opt-gd,hot,1,643,19.7015,0.001219
opt-gd,hot,1,644,19.7318,0.001219
opt-gd,hot,1,666,20.3886,0.001219
opt-gd,hot,1,667,20.4182,0.001219
opt-gd,hot,1,708,21.6690,0.001148
opt-gd,hot,1,711,21.7628,0.001148
opt-gd,hot,1,712,21.7940,0.001148
opt-gd,hot,1,720,22.0349,0.001148
opt-gd,hot,1,736,22.5166,0.001148
opt-gd,hot,1,744,22.7572,0.001148
opt-gd,hot,1,745,22.7883,0.001148
opt-gd,hot,1,767,23.4442,0.001148
opt-gd,hot,1,768,23.4734,0.001148
opt-gd,hot,1,809,24.7134,0.001024
opt-gd,hot,1,812,24.8021,0.001024
opt-gd,hot,1,813,24.8322,0.001024
opt-gd,hot,1,845,25.7799,0.001024
opt-gd,hot,1,846,25.8093,0.001024
opt-gd,hot,1,868,26.4847,0.001024
opt-gd,hot,1,869,26.5169,0.001024
opt-gd,hot,1,910,27.7691,0.000959
opt-gd,hot,1,913,27.8600,0.000959
opt-gd,hot,1,914,27.8911,0.000959
opt-gd,hot,1,931,28.4667,0.000959
opt-gd,hot,1,932,28.4997,0.000959
opt-gd,hot,1,969,29.6225,0.000959
opt-gd,hot,1,1011,30.8874,0.000911
opt-gd,hot,1,1014,30.9771,0.000911
opt-gd,hot,1,1015,31.0064,0.000911
opt-gd,hot,1,1032,31.5212,0.000911
opt-gd,hot,1,1033,31.5523,0.000911
opt-gd,hot,1,1070,32.7055,0.000911
opt-gd,hot,1,1112,33.9570,0.000895
opt-gd,hot,1,1115,34.0486,0.000895
opt-gd,hot,1,1116,34.0792,0.000895
opt-gd,hot,1,1133,34.5970,0.000895
opt-gd,hot,1,1134,34.6287,0.000895
opt-gd,hot,1,1213,37.0330,0.000886
opt-gd,hot,1,1216,37.1238,0.000886
opt-gd,hot,1,1217,37.1544,0.000886
opt-gd,hot,1,1314,40.0959,0.000885
opt-gd,hot,1,1317,40.1879,0.000885
opt-gd,hot,1,1318,40.2189,0.000885
opt-gd,hot,1,1415,43.3289,0.000882
opt-gd,hot,1,1418,43.4283,0.000882
opt-gd,hot,1,1419,43.4653,0.000882
opt-gd,hot,1,1436,44.0105,0.000882
opt-gd,hot,1,1437,44.0397,0.000882
opt-gd,hot,1,1617,49.5075,0.000879
opt-gd,hot,1,1620,49.5974,0.000879
opt-gd,hot,1,1621,49.6275,0.000879
opt-gd,hot,1,1819,55.6719,0.000879
opt-gd,hot,1,1822,55.7705,0.000879
opt-gd,hot,1,1823,55.8032,0.000879
opt-gd,hot,1,1920,59.0088,0.000878
opt-gd,hot,1,1923,59.1099,0.000878
opt-gd,hot,1,1924,59.1435,0.000878
none,hot,2,0,0.0000,0.011620
scipy-lbfgsb,hot,2,0,0.0000,0.011620
scipy-lbfgsb,hot,2,8,0.2866,0.011620
scipy-lbfgsb,hot,2,10,0.3509,0.011620
scipy-lbfgsb,hot,2,16,0.5394,0.011620
scipy-lbfgsb,hot,2,58,1.9406,0.011620
scipy-lbfgsb,hot,2,102,3.3593,0.011520
scipy-lbfgsb,hot,2,109,3.5824,0.011520
scipy-lbfgsb,hot,2,125,4.0928,0.011520
scipy-lbfgsb,hot,2,151,4.9472,0.011520
scipy-lbfgsb,hot,2,203,6.6282,0.003079
scipy-lbfgsb,hot,2,210,6.8549,0.003079
scipy-lbfgsb,hot,2,226,7.3696,0.003079
scipy-lbfgsb,hot,2,252,8.2131,0.003079
scipy-lbfgsb,hot,2,405,13.1644,0.001804
scipy-lbfgsb,hot,2,406,13.1976,0.001804
scipy-lbfgsb,hot,2,407,13.2305,0.001804
scipy-lbfgsb,hot,2,408,13.2626,0.001804
scipy-lbfgsb,hot,2,409,13.2956,0.001804
scipy-lbfgsb,hot,2,413,13.4275,0.001803
scipy-lbfgsb,hot,2,429,13.9639,0.001803
scipy-lbfgsb,hot,2,455,14.8333,0.001803
scipy-lbfgsb,hot,2,462,15.0723,0.001801
scipy-lbfgsb,hot,2,463,15.1050,0.001797
scipy-lbfgsb,hot,2,506,16.5533,0.001069
scipy-lbfgsb,hot,2,507,16.5873,0.001069
scipy-lbfgsb,hot,2,508,16.6228,0.001069
scipy-lbfgsb,hot,2,509,16.6573,0.001069
scipy-lbfgsb,hot,2,510,16.6915,0.001069
scipy-lbfgsb,hot,2,514,16.8239,0.001069
scipy-lbfgsb,hot,2,530,17.3602,0.001069
scipy-lbfgsb,hot,2,556,18.2579,0.001069
scipy-lbfgsb,hot,2,563,18.5043,0.001069
scipy-lbfgsb,hot,2,564,18.5397,0.001069
scipy-lbfgsb,hot,2,583,19.1924,0.001069
scipy-lbfgsb,hot,2,584,19.2258,0.001068
scipy-lbfgsb,hot,2,607,20.0126,0.000890
scipy-lbfgsb,hot,2,608,20.0464,0.000890
scipy-lbfgsb,hot,2,609,20.0798,0.000890
scipy-lbfgsb,hot,2,610,20.1116,0.000890
scipy-lbfgsb,hot,2,611,20.1447,0.000890
scipy-lbfgsb,hot,2,615,20.2754,0.000890
scipy-lbfgsb,hot,2,631,20.7842,0.000890
scipy-lbfgsb,hot,2,657,21.6064,0.000890
scipy-lbfgsb,hot,2,664,21.8326,0.000889
scipy-lbfgsb,hot,2,665,21.8643,0.000889
scipy-lbfgsb,hot,2,684,22.4743,0.000889
scipy-lbfgsb,hot,2,685,22.5054,0.000889
scipy-lbfgsb,hot,2,708,23.2268,0.000763
scipy-lbfgsb,hot,2,709,23.2583,0.000763
scipy-lbfgsb,hot,2,710,23.2895,0.000763
scipy-lbfgsb,hot,2,711,23.3207,0.000763
scipy-lbfgsb,hot,2,712,23.3521,0.000763
scipy-lbfgsb,hot,2,732,23.9847,0.000763
scipy-lbfgsb,hot,2,758,24.8192,0.000763
scipy-lbfgsb,hot,2,765,25.0465,0.000763
scipy-lbfgsb,hot,2,766,25.0787,0.000763
scipy-lbfgsb,hot,2,785,25.6937,0.000763
scipy-lbfgsb,hot,2,786,25.7274,0.000763
scipy-lbfgsb,hot,2,809,26.4676,0.000710
scipy-lbfgsb,hot,2,810,26.5006,0.000710
scipy-lbfgsb,hot,2,811,26.5344,0.000710
scipy-lbfgsb,hot,2,812,26.5677,0.000710
scipy-lbfgsb,hot,2,813,26.6004,0.000710
scipy-lbfgsb,hot,2,859,28.1638,0.000710
scipy-lbfgsb,hot,2,866,28.3961,0.000709
scipy-lbfgsb,hot,2,886,29.0741,0.000709
scipy-lbfgsb,hot,2,910,29.8491,0.000671
scipy-lbfgsb,hot,2,911,29.8806,0.000671
scipy-lbfgsb,hot,2,912,29.9119,0.000671
scipy-lbfgsb,hot,2,913,29.9431,0.000671
scipy-lbfgsb,hot,2,914,29.9743,0.000671
scipy-lbfgsb,hot,2,967,31.6954,0.000671
scipy-lbfgsb,hot,2,1011,33.1093,0.000645
scipy-lbfgsb,hot,2,1012,33.1419,0.000645
scipy-lbfgsb,hot,2,1013,33.1735,0.000645
scipy-lbfgsb,hot,2,1014,33.2057,0.000645
scipy-lbfgsb,hot,2,1015,33.2363,0.000645
scipy-lbfgsb,hot,2,1024,33.5256,0.000645
scipy-lbfgsb,hot,2,1030,33.7179,0.000645
scipy-lbfgsb,hot,2,1068,34.9732,0.000645
scipy-lbfgsb,hot,2,1112,36.3850,0.000620
scipy-lbfgsb,hot,2,1113,36.4175,0.000620
scipy-lbfgsb,hot,2,1114,36.4507,0.000620
scipy-lbfgsb,hot,2,1115,36.4828,0.000620
scipy-lbfgsb,hot,2,1116,36.5145,0.000620
scipy-lbfgsb,hot,2,1121,36.6737,0.000620
scipy-lbfgsb,hot,2,1125,36.8015,0.000620
scipy-lbfgsb,hot,2,1131,36.9994,0.000620
scipy-lbfgsb,hot,2,1314,42.8251,0.000619
scipy-lbfgsb,hot,2,1315,42.8563,0.000619
scipy-lbfgsb,hot,2,1316,42.8873,0.000619
scipy-lbfgsb,hot,2,1317,42.9188,0.000619
scipy-lbfgsb,hot,2,1318,42.9498,0.000619
scipy-lbfgsb,hot,2,1323,43.1092,0.000619
scipy-lbfgsb,hot,2,1327,43.2385,0.000619
scipy-lbfgsb,hot,2,1333,43.4283,0.000619
scipy-lbfgsb,hot,2,1516,49.3870,0.000600
scipy-lbfgsb,hot,2,1517,49.4200,0.000600
scipy-lbfgsb,hot,2,1518,49.4532,0.000600
scipy-lbfgsb,hot,2,1519,49.4868,0.000600
scipy-lbfgsb,hot,2,1520,49.5193,0.000600
scipy-lbfgsb,hot,2,1525,49.6809,0.000600
scipy-lbfgsb,hot,2,1529,49.8089,0.000600
scipy-lbfgsb,hot,2,1535,50.0012,0.000600
scipy-lbfgsb,hot,2,1718,56.0174,0.000599
scipy-lbfgsb,hot,2,1719,56.0514,0.000599
scipy-lbfgsb,hot,2,1720,56.0846,0.000599
scipy-lbfgsb,hot,2,1725,56.2518,0.000599
scipy-lbfgsb,hot,2,1727,56.3187,0.000599
scipy-lbfgsb,hot,2,1733,56.5168,0.000599
scipy-lbfgsb,hot,2,1797,58.5985,0.000599
scipy-lbfgsb,hot,2,1819,59.3053,0.000594
scipy-lbfgsb,hot,2,1820,59.3388,0.000594
scipy-lbfgsb,hot,2,1821,59.3713,0.000594
scipy-lbfgsb,hot,2,1826,59.5336,0.000594
scipy-lbfgsb,hot,2,1828,59.5968,0.000594
scipy-lbfgsb,hot,2,1833,59.7560,0.000594
scipy-lbfgsb,hot,2,1839,59.9523,0.000594
scipy-lbfgsb,hot,2,1898,61.8811,0.000594
scipy-lbfgsb,hot,2,1920,62.6010,0.000584
scipy-lbfgsb,hot,2,1921,62.6334,0.000584
scipy-lbfgsb,hot,2,1922,62.6654,0.000584
scipy-lbfgsb,hot,2,1927,62.8272,0.000584
scipy-lbfgsb,hot,2,1929,62.8948,0.000584
scipy-lbfgsb,hot,2,1934,63.0636,0.000584
scipy-lbfgsb,hot,2,1940,63.2624,0.000584
scipy-lbfgsb,hot,2,1999,65.1532,0.000584
scipy-powell,hot,2,0,0.0000,0.011620
scipy-powell,hot,2,7,0.2691,0.011620
scipy-powell,hot,2,8,0.3026,0.011620
scipy-powell,hot,2,9,0.3356,0.011620
scipy-powell,hot,2,10,0.3677,0.011620
scipy-powell,hot,2,11,0.3998,0.011620
scipy-powell,hot,2,14,0.4956,0.011620
scipy-powell,hot,2,15,0.5287,0.011620
scipy-powell,hot,2,31,1.0563,0.011620
scipy-powell,hot,2,32,1.0884,0.011620
scipy-powell,hot,2,33,1.1202,0.011620
scipy-powell,hot,2,34,1.1526,0.011620
scipy-powell,hot,2,35,1.1850,0.011620
scipy-powell,hot,2,36,1.2175,0.011620
scipy-powell,hot,2,37,1.2503,0.011620
scipy-powell,hot,2,44,1.4834,0.011620
scipy-powell,hot,2,46,1.5508,0.011620
scipy-powell,hot,2,51,1.7157,0.002675
scipy-powell,hot,2,55,1.8436,0.002323
scipy-powell,hot,2,59,1.9721,0.002306
scipy-powell,hot,2,60,2.0035,0.002306
scipy-powell,hot,2,61,2.0362,0.002306
scipy-powell,hot,2,63,2.0992,0.002306
scipy-powell,hot,2,64,2.1307,0.002306
scipy-powell,hot,2,65,2.1626,0.002306
scipy-powell,hot,2,66,2.1942,0.002306
scipy-powell,hot,2,67,2.2257,0.002306
scipy-powell,hot,2,81,2.6779,0.002305
scipy-powell,hot,2,82,2.7101,0.002305
scipy-powell,hot,2,83,2.7417,0.002305
scipy-powell,hot,2,84,2.7737,0.002305
scipy-powell,hot,2,85,2.8058,0.002305
scipy-powell,hot,2,86,2.8394,0.002305
scipy-powell,hot,2,87,2.8715,0.002305
scipy-powell,hot,2,257,8.3022,0.001900
scipy-powell,hot,2,259,8.3642,0.001444
scipy-powell,hot,2,262,8.4580,0.001441
scipy-powell,hot,2,263,8.4892,0.001439
scipy-powell,hot,2,266,8.5813,0.001439
scipy-powell,hot,2,268,8.6429,0.001439
scipy-powell,hot,2,269,8.6748,0.001439
scipy-powell,hot,2,270,8.7067,0.001439
scipy-powell,hot,2,271,8.7387,0.001439
scipy-powell,hot,2,274,8.8316,0.001439
scipy-powell,hot,2,394,12.6356,0.001213
scipy-powell,hot,2,395,12.6673,0.001165
scipy-powell,hot,2,398,12.7652,0.001165
scipy-powell,hot,2,399,12.7970,0.001165
scipy-powell,hot,2,400,12.8287,0.001165
scipy-powell,hot,2,401,12.8612,0.001165
scipy-powell,hot,2,402,12.8931,0.001165
scipy-powell,hot,2,447,14.3596,0.000980
scipy-powell,hot,2,452,14.5172,0.000980
scipy-powell,hot,2,456,14.6451,0.000980
scipy-powell,hot,2,458,14.7091,0.000980
scipy-powell,hot,2,459,14.7407,0.000980
scipy-powell,hot,2,460,14.7730,0.000980
scipy-powell,hot,2,461,14.8046,0.000980
scipy-powell,hot,2,546,17.4767,0.000848
scipy-powell,hot,2,548,17.5377,0.000844
scipy-powell,hot,2,549,17.5684,0.000844
scipy-powell,hot,2,550,17.5988,0.000844
scipy-powell,hot,2,551,17.6293,0.000844
scipy-powell,hot,2,552,17.6600,0.000844
scipy-powell,hot,2,553,17.6905,0.000844
scipy-powell,hot,2,728,23.4641,0.000757
scipy-powell,hot,2,731,23.5856,0.000751
scipy-powell,hot,2,733,23.6572,0.000751
scipy-powell,hot,2,734,23.6925,0.000751
scipy-powell,hot,2,735,23.7248,0.000750
scipy-powell,hot,2,736,23.7575,0.000750
scipy-powell,hot,2,737,23.7903,0.000750
scipy-powell,hot,2,738,23.8225,0.000750
scipy-powell,hot,2,739,23.8538,0.000750
scipy-powell,hot,2,740,23.8857,0.000750
scipy-powell,hot,2,741,23.9181,0.000750
scipy-powell,hot,2,742,23.9503,0.000750
scipy-powell,hot,2,866,27.9595,0.000701
scipy-powell,hot,2,869,28.0588,0.000700
scipy-powell,hot,2,871,28.1265,0.000700
scipy-powell,hot,2,872,28.1596,0.000700
scipy-powell,hot,2,873,28.1921,0.000700
scipy-powell,hot,2,874,28.2244,0.000700
scipy-powell,hot,2,875,28.2568,0.000700
scipy-powell,hot,2,876,28.2883,0.000700
scipy-powell,hot,2,925,29.8765,0.000700
scipy-powell,hot,2,926,29.9098,0.000696
scipy-powell,hot,2,928,29.9747,0.000696
scipy-powell,hot,2,929,30.0073,0.000696
scipy-powell,hot,2,930,30.0402,0.000696
scipy-powell,hot,2,931,30.0728,0.000696
scipy-powell,hot,2,932,30.1042,0.000696
scipy-powell,hot,2,933,30.1365,0.000696
scipy-powell,hot,2,934,30.1687,0.000696
scipy-powell,hot,2,1005,32.4894,0.000696
scipy-powell,hot,2,1006,32.5215,0.000695
scipy-powell,hot,2,1007,32.5536,0.000695
scipy-powell,hot,2,1008,32.5861,0.000695
scipy-powell,hot,2,1009,32.6179,0.000695
scipy-powell,hot,2,1010,32.6503,0.000695
scipy-powell,hot,2,1011,32.6823,0.000695
scipy-powell,hot,2,1079,34.9007,0.000695
scipy-powell,hot,2,1080,34.9333,0.000695
scipy-powell,hot,2,1081,34.9652,0.000695
scipy-powell,hot,2,1082,34.9971,0.000695
scipy-powell,hot,2,1083,35.0284,0.000695
scipy-powell,hot,2,1084,35.0600,0.000695
scipy-powell,hot,2,1089,35.2212,0.000695
scipy-powell,hot,2,1095,35.4232,0.000695
scipy-powell,hot,2,1098,35.5164,0.000695
scipy-powell,hot,2,1099,35.5479,0.000695
scipy-powell,hot,2,1100,35.5791,0.000695
scipy-powell,hot,2,1101,35.6107,0.000695
scipy-powell,hot,2,1107,35.8063,0.000695
scipy-powell,hot,2,1116,36.1017,0.000695
scipy-powell,hot,2,1117,36.1338,0.000695
scipy-powell,hot,2,1118,36.1653,0.000695
scipy-powell,hot,2,1119,36.1982,0.000695
scipy-powell,hot,2,1120,36.2283,0.000695
scipy-powell,hot,2,1124,36.3491,0.000695
scipy-powell,hot,2,1136,36.7223,0.000695
scipy-powell,hot,2,1146,37.0268,0.000695
scipy-powell,hot,2,1147,37.0592,0.000695
scipy-powell,hot,2,1148,37.0897,0.000695
scipy-powell,hot,2,1149,37.1198,0.000695
scipy-powell,hot,2,1151,37.1810,0.000695
scipy-powell,hot,2,1152,37.2110,0.000695
scipy-powell,hot,2,1181,38.1177,0.000695
scipy-powell,hot,2,1182,38.1494,0.000695
scipy-powell,hot,2,1183,38.1808,0.000695
scipy-powell,hot,2,1184,38.2128,0.000695
scipy-powell,hot,2,1189,38.3703,0.000695
scipy-powell,hot,2,1220,39.3808,0.000695
scipy-powell,hot,2,1221,39.4137,0.000695
scipy-powell,hot,2,1228,39.6404,0.000695
scipy-powell,hot,2,1232,39.7714,0.000695
scipy-powell,hot,2,1250,40.3626,0.000694
scipy-powell,hot,2,1251,40.3946,0.000694
scipy-powell,hot,2,1252,40.4266,0.000694
scipy-powell,hot,2,1253,40.4579,0.000694
scipy-powell,hot,2,1254,40.4894,0.000694
scipy-powell,hot,2,1255,40.5214,0.000694
scipy-powell,hot,2,1256,40.5528,0.000694
scipy-powell,hot,2,1257,40.5853,0.000694
scipy-powell,hot,2,1258,40.6168,0.000694
scipy-powell,hot,2,1259,40.6496,0.000694
scipy-powell,hot,2,1317,42.5452,0.000693
scipy-powell,hot,2,1319,42.6094,0.000693
scipy-powell,hot,2,1320,42.6423,0.000693
scipy-powell,hot,2,1321,42.6754,0.000693
scipy-powell,hot,2,1322,42.7086,0.000693
scipy-powell,hot,2,1332,43.0301,0.000693
scipy-powell,hot,2,1336,43.1577,0.000693
scipy-powell,hot,2,1344,43.4131,0.000693
scipy-powell,hot,2,1347,43.5061,0.000693
scipy-powell,hot,2,1349,43.5679,0.000693
scipy-powell,hot,2,1350,43.6001,0.000693
scipy-powell,hot,2,1351,43.6333,0.000693
scipy-powell,hot,2,1352,43.6666,0.000693
scipy-powell,hot,2,1366,44.1228,0.000693
scipy-powell,hot,2,1367,44.1552,0.000693
scipy-powell,hot,2,1368,44.1878,0.000693
scipy-powell,hot,2,1369,44.2210,0.000693
scipy-powell,hot,2,1373,44.3521,0.000693
scipy-powell,hot,2,1375,44.4152,0.000693
scipy-powell,hot,2,1391,44.9598,0.000693
scipy-powell,hot,2,1392,44.9919,0.000693
scipy-powell,hot,2,1393,45.0239,0.000693
scipy-powell,hot,2,1394,45.0574,0.000693
scipy-powell,hot,2,1396,45.1224,0.000693
scipy-powell,hot,2,1410,45.5781,0.000638
scipy-powell,hot,2,1412,45.6433,0.000633
scipy-powell,hot,2,1413,45.6763,0.000627
scipy-powell,hot,2,1414,45.7097,0.000621
scipy-powell,hot,2,1416,45.7762,0.000620
scipy-powell,hot,2,1417,45.8111,0.000620
scipy-powell,hot,2,1418,45.8453,0.000620
scipy-powell,hot,2,1419,45.8788,0.000620
scipy-powell,hot,2,1420,45.9112,0.000620
scipy-powell,hot,2,1421,45.9441,0.000620
scipy-powell,hot,2,1422,45.9767,0.000620
scipy-powell,hot,2,1423,46.0093,0.000620
scipy-powell,hot,2,1598,51.7108,0.000604
scipy-powell,hot,2,1601,51.8024,0.000597
scipy-powell,hot,2,1602,51.8348,0.000592
scipy-powell,hot,2,1604,51.8971,0.000592
scipy-powell,hot,2,1606,51.9587,0.000592
scipy-powell,hot,2,1608,52.0206,0.000592
scipy-powell,hot,2,1609,52.0516,0.000592
scipy-powell,hot,2,1898,61.4561,0.000591
scipy-powell,hot,2,1899,61.4879,0.000591
scipy-powell,hot,2,1900,61.5201,0.000591
scipy-powell,hot,2,1901,61.5541,0.000591
scipy-powell,hot,2,1902,61.5861,0.000591
scipy-powell,hot,2,1903,61.6184,0.000591
scipy-powell,hot,2,1904,61.6505,0.000591
scipy-powell,hot,2,1905,61.6824,0.000591
scipy-powell,hot,2,1908,61.7824,0.000591
scipy-powell,hot,2,1914,61.9837,0.000591
scipy-powell,hot,2,1978,64.1252,0.000591
scipy-powell,hot,2,1979,64.1570,0.000591
scipy-powell,hot,2,1980,64.1884,0.000591
scipy-powell,hot,2,1981,64.2201,0.000591
scipy-powell,hot,2,1982,64.2514,0.000591
scipy-powell,hot,2,1983,64.2829,0.000591
scipy-powell,hot,2,1984,64.3146,0.000591
scipy-powell,hot,2,1985,64.3462,0.000591
scipy-powell,hot,2,1986,64.3778,0.000591
scipy-powell,hot,2,1988,64.4414,0.000591
scipy-powell,hot,2,1990,64.5073,0.000591
scipy-de,hot,2,0,0.0000,0.011620
opt-ga,hot,2,0,0.0000,0.011620
opt-ga,hot,2,121,2.3966,0.010365
opt-ga,hot,2,131,2.6131,0.007772
opt-ga,hot,2,292,5.8907,0.006639
opt-ga,hot,2,387,8.2167,0.006253
opt-ga,hot,2,408,8.7877,0.005878
opt-ga,hot,2,451,10.0635,0.005076
opt-ga,hot,2,525,12.4072,0.005075
opt-ga,hot,2,540,12.9332,0.003387
opt-ga,hot,2,669,17.1616,0.002862
opt-ga,hot,2,745,19.6197,0.001869
opt-ga,hot,2,770,20.3789,0.001772
opt-ga,hot,2,805,21.4100,0.001024
opt-ga,hot,2,1263,35.4687,0.000875
opt-ga,hot,2,1660,47.5492,0.000853
opt-ga,hot,2,1698,48.7014,0.000843
opt-ga,hot,2,1864,53.8648,0.000833
opt-ga,hot,2,1881,54.3614,0.000810
opt-pso,hot,2,0,0.0000,0.011620
opt-aco,hot,2,0,0.0000,0.011620
opt-aco,hot,2,655,12.3660,0.008435
opt-gd,hot,2,0,0.0000,0.011620
opt-gd,hot,2,8,0.3203,0.011620
opt-gd,hot,2,10,0.3907,0.011620
opt-gd,hot,2,16,0.6026,0.011620
opt-gd,hot,2,32,1.1490,0.011620
opt-gd,hot,2,45,1.5902,0.011620
opt-gd,hot,2,102,3.5062,0.011574
opt-gd,hot,2,109,3.7400,0.011574
opt-gd,hot,2,125,4.2718,0.011574
opt-gd,hot,2,133,4.5444,0.011574
opt-gd,hot,2,146,4.9752,0.011574
opt-gd,hot,2,304,10.2350,0.001837
opt-gd,hot,2,305,10.2716,0.001837
opt-gd,hot,2,306,10.3060,0.001837
opt-gd,hot,2,307,10.3392,0.001837
opt-gd,hot,2,308,10.3722,0.001837
opt-gd,hot,2,312,10.5086,0.001837
opt-gd,hot,2,328,11.0486,0.001837
opt-gd,hot,2,354,11.9065,0.001837
opt-gd,hot,2,361,12.1376,0.001837
opt-gd,hot,2,362,12.1708,0.001837
opt-gd,hot,2,506,16.9108,0.001611
opt-gd,hot,2,507,16.9435,0.001611
opt-gd,hot,2,508,16.9768,0.001611
opt-gd,hot,2,514,17.1715,0.001611
opt-gd,hot,2,550,18.3415,0.001611
opt-gd,hot,2,607,20.2302,0.001225
opt-gd,hot,2,608,20.2651,0.001225
opt-gd,hot,2,609,20.2999,0.001225
opt-gd,hot,2,610,20.3348,0.001225
opt-gd,hot,2,611,20.3686,0.001225
opt-gd,hot,2,615,20.5054,0.001225
opt-gd,hot,2,631,21.0571,0.001225
opt-gd,hot,2,657,21.9422,0.001225
opt-gd,hot,2,664,22.1780,0.001225
opt-gd,hot,2,665,22.2123,0.001225
opt-gd,hot,2,684,22.8526,0.001225
opt-gd,hot,2,685,22.8869,0.001225
opt-gd,hot,2,708,23.6607,0.001052
opt-gd,hot,2,709,23.6939,0.001052
opt-gd,hot,2,710,23.7257,0.001052
opt-gd,hot,2,711,23.7581,0.001052
opt-gd,hot,2,712,23.7904,0.001052
opt-gd,hot,2,716,23.9202,0.001052
opt-gd,hot,2,732,24.4439,0.001052
opt-gd,hot,2,758,25.3081,0.001052
opt-gd,hot,2,765,25.5352,0.001052
opt-gd,hot,2,766,25.5672,0.001052
opt-gd,hot,2,786,26.2191,0.001052
opt-gd,hot,2,809,26.9923,0.000950
opt-gd,hot,2,810,27.0260,0.000950
opt-gd,hot,2,811,27.0597,0.000950
opt-gd,hot,2,812,27.0932,0.000950
opt-gd,hot,2,813,27.1257,0.000950
opt-gd,hot,2,833,27.8021,0.000950
opt-gd,hot,2,859,28.6512,0.000950
opt-gd,hot,2,866,28.8787,0.000950
opt-gd,hot,2,867,28.9116,0.000950
opt-gd,hot,2,910,30.3338,0.000816
opt-gd,hot,2,911,30.3681,0.000816
opt-gd,hot,2,912,30.4016,0.000816
opt-gd,hot,2,913,30.4350,0.000816
opt-gd,hot,2,914,30.4683,0.000816
opt-gd,hot,2,967,32.1995,0.000816
opt-gd,hot,2,968,32.2319,0.000816
opt-gd,hot,2,1011,33.6258,0.000735
opt-gd,hot,2,1012,33.6592,0.000735
opt-gd,hot,2,1013,33.6922,0.000735
opt-gd,hot,2,1014,33.7270,0.000735
opt-gd,hot,2,1015,33.7658,0.000735
opt-gd,hot,2,1068,35.5358,0.000735
opt-gd,hot,2,1112,36.9548,0.000691
opt-gd,hot,2,1113,36.9884,0.000691
opt-gd,hot,2,1114,37.0205,0.000691
opt-gd,hot,2,1115,37.0523,0.000691
opt-gd,hot,2,1116,37.0841,0.000691
opt-gd,hot,2,1169,38.8039,0.000691
opt-gd,hot,2,1213,40.3033,0.000676
opt-gd,hot,2,1214,40.3372,0.000676
opt-gd,hot,2,1215,40.3723,0.000676
opt-gd,hot,2,1216,40.4069,0.000676
opt-gd,hot,2,1217,40.4421,0.000676
opt-gd,hot,2,1314,43.7465,0.000671
opt-gd,hot,2,1315,43.7801,0.000671
opt-gd,hot,2,1316,43.8132,0.000671
opt-gd,hot,2,1317,43.8464,0.000671
opt-gd,hot,2,1318,43.8798,0.000671
opt-gd,hot,2,1415,47.1456,0.000668
opt-gd,hot,2,1416,47.1791,0.000668
opt-gd,hot,2,1417,47.2111,0.000668
opt-gd,hot,2,1418,47.2446,0.000668
opt-gd,hot,2,1419,47.2774,0.000668
opt-gd,hot,2,1516,50.4634,0.000659
opt-gd,hot,2,1517,50.4969,0.000659
opt-gd,hot,2,1518,50.5298,0.000659
opt-gd,hot,2,1519,50.5628,0.000659
opt-gd,hot,2,1520,50.5954,0.000659
opt-gd,hot,2,1617,53.8754,0.000642
opt-gd,hot,2,1618,53.9089,0.000642
opt-gd,hot,2,1619,53.9436,0.000642
opt-gd,hot,2,1620,53.9784,0.000642
opt-gd,hot,2,1621,54.0127,0.000642
opt-gd,hot,2,1630,54.3158,0.000642
opt-gd,hot,2,1665,55.4704,0.000642
opt-gd,hot,2,1718,57.2041,0.000635
opt-gd,hot,2,1719,57.2382,0.000635
opt-gd,hot,2,1720,57.2724,0.000635
opt-gd,hot,2,1721,57.3061,0.000635
opt-gd,hot,2,1722,57.3399,0.000635
opt-gd,hot,2,1731,57.6503,0.000635
opt-gd,hot,2,1765,58.8053,0.000635
opt-gd,hot,2,1766,58.8381,0.000635
opt-gd,hot,2,1819,60.6217,0.000613
opt-gd,hot,2,1820,60.6548,0.000613
opt-gd,hot,2,1821,60.6878,0.000613
opt-gd,hot,2,1822,60.7225,0.000613
opt-gd,hot,2,1823,60.7554,0.000613
opt-gd,hot,2,1832,61.0549,0.000613
opt-gd,hot,2,1866,62.1826,0.000613
opt-gd,hot,2,1867,62.2158,0.000613
opt-gd,hot,2,1920,63.9956,0.000608
opt-gd,hot,2,1921,64.0315,0.000608
opt-gd,hot,2,1922,64.0653,0.000608
opt-gd,hot,2,1923,64.0992,0.000608
opt-gd,hot,2,1924,64.1327,0.000608
opt-gd,hot,2,1929,64.3213,0.000608
opt-gd,hot,2,1933,64.4650,0.000608
opt-gd,hot,2,1967,65.7421,0.000608
opt-gd,hot,2,1968,65.7762,0.000608
none,hot,3,0,0.0000,0.010282
scipy-lbfgsb,hot,3,0,0.0000,0.010282
scipy-lbfgsb,hot,3,12,0.4258,0.010282
scipy-lbfgsb,hot,3,14,0.4942,0.010281
scipy-lbfgsb,hot,3,22,0.7530,0.010281
scipy-lbfgsb,hot,3,60,1.9700,0.010281
scipy-lbfgsb,hot,3,63,2.0689,0.010281
scipy-lbfgsb,hot,3,102,3.3064,0.010181
scipy-lbfgsb,hot,3,113,3.6485,0.010180
scipy-lbfgsb,hot,3,129,4.1669,0.010180
scipy-lbfgsb,hot,3,137,4.4153,0.010180
scipy-lbfgsb,hot,3,203,6.4532,0.001739
scipy-lbfgsb,hot,3,214,6.8022,0.001738
scipy-lbfgsb,hot,3,230,7.2930,0.001738
scipy-lbfgsb,hot,3,238,7.5360,0.001738
scipy-lbfgsb,hot,3,405,12.7614,0.001144
scipy-lbfgsb,hot,3,408,12.8559,0.001144
scipy-lbfgsb,hot,3,409,12.8865,0.001144
scipy-lbfgsb,hot,3,417,13.1305,0.001144
scipy-lbfgsb,hot,3,433,13.6280,0.001144
scipy-lbfgsb,hot,3,441,13.8805,0.001144
scipy-lbfgsb,hot,3,442,13.9130,0.001144
scipy-lbfgsb,hot,3,464,14.5963,0.001142
scipy-lbfgsb,hot,3,465,14.6269,0.001137
scipy-lbfgsb,hot,3,506,15.9168,0.000697
scipy-lbfgsb,hot,3,509,16.0078,0.000697
scipy-lbfgsb,hot,3,510,16.0389,0.000697
scipy-lbfgsb,hot,3,518,16.2923,0.000697
scipy-lbfgsb,hot,3,534,16.7984,0.000697
scipy-lbfgsb,hot,3,542,17.0456,0.000697
scipy-lbfgsb,hot,3,543,17.0765,0.000697
scipy-lbfgsb,hot,3,544,17.1068,0.000697
scipy-lbfgsb,hot,3,589,18.4768,0.000697
scipy-lbfgsb,hot,3,590,18.5093,0.000697
scipy-lbfgsb,hot,3,607,19.0361,0.000682
scipy-lbfgsb,hot,3,610,19.1302,0.000682
scipy-lbfgsb,hot,3,611,19.1623,0.000682
scipy-lbfgsb,hot,3,619,19.4106,0.000682
scipy-lbfgsb,hot,3,635,19.9100,0.000682
scipy-lbfgsb,hot,3,643,20.1549,0.000682
scipy-lbfgsb,hot,3,644,20.1850,0.000682
scipy-lbfgsb,hot,3,690,21.5751,0.000682
scipy-lbfgsb,hot,3,691,21.6058,0.000682
scipy-lbfgsb,hot,3,708,22.1275,0.000628
scipy-lbfgsb,hot,3,711,22.2228,0.000628
scipy-lbfgsb,hot,3,712,22.2548,0.000628
scipy-lbfgsb,hot,3,720,22.5096,0.000628
scipy-lbfgsb,hot,3,736,23.0228,0.000628
scipy-lbfgsb,hot,3,744,23.2829,0.000628
scipy-lbfgsb,hot,3,745,23.3159,0.000628
scipy-lbfgsb,hot,3,767,24.0303,0.000628
scipy-lbfgsb,hot,3,792,24.8427,0.000628
scipy-lbfgsb,hot,3,809,25.3848,0.000609
scipy-lbfgsb,hot,3,812,25.4789,0.000609
scipy-lbfgsb,hot,3,813,25.5085,0.000609
scipy-lbfgsb,hot,3,845,26.4678,0.000609
scipy-lbfgsb,hot,3,846,26.4988,0.000609
scipy-lbfgsb,hot,3,868,27.1655,0.000609
scipy-lbfgsb,hot,3,910,28.4435,0.000603
scipy-lbfgsb,hot,3,913,28.5400,0.000603
scipy-lbfgsb,hot,3,914,28.5712,0.000603
scipy-lbfgsb,hot,3,919,28.7264,0.000603
scipy-lbfgsb,hot,3,933,29.1592,0.000603
scipy-lbfgsb,hot,3,946,29.5589,0.000603
scipy-lbfgsb,hot,3,947,29.5905,0.000603
scipy-lbfgsb,hot,3,969,30.2693,0.000603
scipy-lbfgsb,hot,3,1011,31.5820,0.000602
scipy-lbfgsb,hot,3,1020,31.8572,0.000602
scipy-lbfgsb,hot,3,1034,32.2855,0.000602
scipy-lbfgsb,hot,3,1042,32.5296,0.000602
scipy-lbfgsb,hot,3,1047,32.6868,0.000602
scipy-lbfgsb,hot,3,1070,33.4072,0.000602
scipy-lbfgsb,hot,3,1112,34.7300,0.000602
scipy-lbfgsb,hot,3,1123,35.0732,0.000602
scipy-lbfgsb,hot,3,1139,35.5780,0.000602
scipy-lbfgsb,hot,3,1167,36.4402,0.000602
scipy-lbfgsb,hot,3,1171,36.5622,0.000602
scipy-lbfgsb,hot,3,1213,37.8280,0.000601
scipy-lbfgsb,hot,3,1224,38.1608,0.000601
scipy-lbfgsb,hot,3,1232,38.4033,0.000601
scipy-lbfgsb,hot,3,1246,38.8291,0.000601
scipy-lbfgsb,hot,3,1268,39.5047,0.000601
scipy-lbfgsb,hot,3,1272,39.6253,0.000601
scipy-lbfgsb,hot,3,1314,40.8881,0.000601
scipy-lbfgsb,hot,3,1325,41.2185,0.000601
scipy-lbfgsb,hot,3,1327,41.2773,0.000601
scipy-lbfgsb,hot,3,1343,41.7554,0.000601
scipy-lbfgsb,hot,3,1373,42.6541,0.000601
scipy-lbfgsb,hot,3,1415,44.0018,0.000601
scipy-lbfgsb,hot,3,1418,44.0996,0.000601
scipy-lbfgsb,hot,3,1419,44.1306,0.000601
scipy-lbfgsb,hot,3,1428,44.4158,0.000601
scipy-lbfgsb,hot,3,1444,44.9243,0.000601
scipy-lbfgsb,hot,3,1474,45.8379,0.000601
scipy-lbfgsb,hot,3,1498,46.5649,0.000601
scipy-lbfgsb,hot,3,1516,47.1221,0.000600
scipy-lbfgsb,hot,3,1519,47.2141,0.000600
scipy-lbfgsb,hot,3,1520,47.2438,0.000600
scipy-lbfgsb,hot,3,1529,47.5176,0.000600
scipy-lbfgsb,hot,3,1545,48.0016,0.000600
scipy-lbfgsb,hot,3,1575,48.9000,0.000600
scipy-lbfgsb,hot,3,1599,49.6429,0.000600
scipy-lbfgsb,hot,3,1617,50.1978,0.000599
scipy-lbfgsb,hot,3,1650,51.2200,0.000599
scipy-lbfgsb,hot,3,1652,51.2861,0.000599
scipy-lbfgsb,hot,3,1654,51.3477,0.000599
scipy-lbfgsb,hot,3,1700,52.7806,0.000599
scipy-lbfgsb,hot,3,1718,53.3416,0.000599
scipy-lbfgsb,hot,3,1729,53.6799,0.000599
scipy-lbfgsb,hot,3,1745,54.1860,0.000599
scipy-lbfgsb,hot,3,1819,56.4550,0.000599
scipy-lbfgsb,hot,3,1830,56.7947,0.000599
scipy-lbfgsb,hot,3,1846,57.3022,0.000599
scipy-lbfgsb,hot,3,1920,59.7834,0.000598
scipy-lbfgsb,hot,3,1931,60.1189,0.000598
scipy-lbfgsb,hot,3,1947,60.6076,0.000598
scipy-powell,hot,3,0,0.0000,0.010282
scipy-powell,hot,3,92,2.8952,0.001736
scipy-powell,hot,3,95,2.9884,0.001689
scipy-powell,hot,3,96,3.0186,0.001151
scipy-powell,hot,3,97,3.0500,0.001098
scipy-powell,hot,3,98,3.0824,0.001070
scipy-powell,hot,3,99,3.1132,0.001069
scipy-powell,hot,3,100,3.1445,0.001068
scipy-powell,hot,3,102,3.2074,0.001068
scipy-powell,hot,3,103,3.2379,0.001068
scipy-powell,hot,3,104,3.2681,0.001068
scipy-powell,hot,3,108,3.3894,0.001068
scipy-powell,hot,3,110,3.4546,0.001068
scipy-powell,hot,3,120,3.7716,0.001068
scipy-powell,hot,3,121,3.8030,0.001068
scipy-powell,hot,3,122,3.8336,0.001068
scipy-powell,hot,3,123,3.8649,0.001068
scipy-powell,hot,3,124,3.8973,0.001068
scipy-powell,hot,3,125,3.9281,0.001068
scipy-powell,hot,3,135,4.2384,0.001068
scipy-powell,hot,3,136,4.2689,0.001068
scipy-powell,hot,3,137,4.2989,0.001068
scipy-powell,hot,3,152,4.7702,0.001068
scipy-powell,hot,3,166,5.2047,0.001068
scipy-powell,hot,3,167,5.2356,0.001068
scipy-powell,hot,3,168,5.2670,0.001068
scipy-powell,hot,3,169,5.2975,0.001068
scipy-powell,hot,3,172,5.3894,0.001068
scipy-powell,hot,3,176,5.5145,0.001068
scipy-powell,hot,3,274,8.6146,0.000997
scipy-powell,hot,3,277,8.7128,0.000995
scipy-powell,hot,3,278,8.7451,0.000994
scipy-powell,hot,3,279,8.7766,0.000994
scipy-powell,hot,3,280,8.8076,0.000994
scipy-powell,hot,3,281,8.8384,0.000994
scipy-powell,hot,3,282,8.8688,0.000994
scipy-powell,hot,3,283,8.8986,0.000994
scipy-powell,hot,3,284,8.9289,0.000994
scipy-powell,hot,3,400,12.5138,0.000926
scipy-powell,hot,3,401,12.5437,0.000922
scipy-powell,hot,3,403,12.6053,0.000907
scipy-powell,hot,3,404,12.6355,0.000902
scipy-powell,hot,3,406,12.6987,0.000902
scipy-powell,hot,3,407,12.7317,0.000901
scipy-powell,hot,3,408,12.7636,0.000901
scipy-powell,hot,3,409,12.7939,0.000901
scipy-powell,hot,3,410,12.8255,0.000901
scipy-powell,hot,3,411,12.8553,0.000901
scipy-powell,hot,3,412,12.8856,0.000901
scipy-powell,hot,3,413,12.9155,0.000901
scipy-powell,hot,3,414,12.9456,0.000901
scipy-powell,hot,3,415,12.9757,0.000901
scipy-powell,hot,3,424,13.2527,0.000901
scipy-powell,hot,3,559,17.4719,0.000821
scipy-powell,hot,3,564,17.6260,0.000821
scipy-powell,hot,3,565,17.6570,0.000821
scipy-powell,hot,3,566,17.6869,0.000821
scipy-powell,hot,3,684,21.3851,0.000735
scipy-powell,hot,3,688,21.5142,0.000729
scipy-powell,hot,3,689,21.5454,0.000728
scipy-powell,hot,3,690,21.5772,0.000727
scipy-powell,hot,3,694,21.7023,0.000727
scipy-powell,hot,3,696,21.7639,0.000727
scipy-powell,hot,3,697,21.7965,0.000727
scipy-powell,hot,3,698,21.8283,0.000727
scipy-powell,hot,3,751,23.4715,0.000694
scipy-powell,hot,3,754,23.5618,0.000689
scipy-powell,hot,3,756,23.6220,0.000687
scipy-powell,hot,3,757,23.6539,0.000687
scipy-powell,hot,3,758,23.6843,0.000687
scipy-powell,hot,3,759,23.7155,0.000687
scipy-powell,hot,3,760,23.7475,0.000687
scipy-powell,hot,3,761,23.7781,0.000687
scipy-powell,hot,3,762,23.8083,0.000687
scipy-powell,hot,3,970,30.3490,0.000638
scipy-powell,hot,3,971,30.3813,0.000637
scipy-powell,hot,3,973,30.4459,0.000621
scipy-powell,hot,3,974,30.4777,0.000614
scipy-powell,hot,3,975,30.5090,0.000614
scipy-powell,hot,3,976,30.5412,0.000613
scipy-powell,hot,3,980,30.6702,0.000613
scipy-powell,hot,3,981,30.7017,0.000613
scipy-powell,hot,3,982,30.7338,0.000613
scipy-powell,hot,3,985,30.8247,0.000613
scipy-powell,hot,3,1042,32.5836,0.000613
scipy-powell,hot,3,1045,32.6772,0.000613
scipy-powell,hot,3,1046,32.7062,0.000613
scipy-powell,hot,3,1047,32.7359,0.000613
scipy-powell,hot,3,1048,32.7652,0.000613
scipy-powell,hot,3,1050,32.8241,0.000613
scipy-powell,hot,3,1282,39.9886,0.000613
scipy-powell,hot,3,1285,40.0782,0.000613
scipy-powell,hot,3,1286,40.1080,0.000613
scipy-powell,hot,3,1287,40.1377,0.000613
scipy-powell,hot,3,1288,40.1679,0.000613
scipy-powell,hot,3,1289,40.2025,0.000613
scipy-powell,hot,3,1351,42.1486,0.000613
scipy-powell,hot,3,1352,42.1782,0.000613
scipy-powell,hot,3,1353,42.2078,0.000613
scipy-powell,hot,3,1354,42.2376,0.000613
scipy-powell,hot,3,1355,42.2675,0.000613
scipy-powell,hot,3,1358,42.3568,0.000613
scipy-powell,hot,3,1361,42.4494,0.000613
scipy-powell,hot,3,1378,42.9826,0.000613
scipy-powell,hot,3,1379,43.0155,0.000613
scipy-powell,hot,3,1380,43.0483,0.000613
scipy-powell,hot,3,1384,43.1787,0.000613
scipy-powell,hot,3,1401,43.7080,0.000602
scipy-powell,hot,3,1404,43.7996,0.000599
scipy-powell,hot,3,1406,43.8621,0.000598
scipy-powell,hot,3,1407,43.8926,0.000598
scipy-powell,hot,3,1408,43.9226,0.000598
scipy-powell,hot,3,1409,43.9541,0.000598
scipy-powell,hot,3,1410,43.9842,0.000598
scipy-powell,hot,3,1411,44.0155,0.000598
scipy-powell,hot,3,1412,44.0460,0.000598
scipy-powell,hot,3,1468,45.7738,0.000598
scipy-powell,hot,3,1470,45.8362,0.000598
scipy-powell,hot,3,1471,45.8672,0.000598
scipy-powell,hot,3,1472,45.8994,0.000598
scipy-powell,hot,3,1473,45.9316,0.000598
scipy-powell,hot,3,1474,45.9629,0.000598
scipy-powell,hot,3,1499,46.7763,0.000598
scipy-powell,hot,3,1500,46.8087,0.000598
scipy-powell,hot,3,1501,46.8397,0.000598
scipy-powell,hot,3,1502,46.8710,0.000598
scipy-powell,hot,3,1503,46.9031,0.000598
scipy-powell,hot,3,1504,46.9348,0.000598
scipy-powell,hot,3,1505,46.9665,0.000598
scipy-powell,hot,3,1527,47.6804,0.000598
scipy-powell,hot,3,1528,47.7119,0.000598
scipy-powell,hot,3,1532,47.8456,0.000598
scipy-powell,hot,3,1544,48.2274,0.000598
scipy-powell,hot,3,1546,48.2891,0.000598
scipy-powell,hot,3,1547,48.3200,0.000598
scipy-powell,hot,3,1548,48.3518,0.000598
scipy-powell,hot,3,1553,48.5154,0.000598
scipy-powell,hot,3,1577,49.2816,0.000598
scipy-powell,hot,3,1578,49.3138,0.000598
scipy-powell,hot,3,1579,49.3462,0.000598
scipy-powell,hot,3,1580,49.3789,0.000598
scipy-powell,hot,3,1581,49.4102,0.000598
scipy-powell,hot,3,1583,49.4717,0.000598
scipy-powell,hot,3,1589,49.6549,0.000598
scipy-powell,hot,3,1619,50.6408,0.000598
scipy-powell,hot,3,1630,50.9875,0.000594
scipy-powell,hot,3,1631,51.0183,0.000592
scipy-powell,hot,3,1632,51.0490,0.000592
scipy-powell,hot,3,1634,51.1104,0.000592
scipy-powell,hot,3,1635,51.1415,0.000592
scipy-powell,hot,3,1636,51.1726,0.000592
scipy-powell,hot,3,1637,51.2039,0.000592
scipy-powell,hot,3,1638,51.2360,0.000592
scipy-powell,hot,3,1698,53.1303,0.000591
scipy-powell,hot,3,1699,53.1617,0.000591
scipy-powell,hot,3,1700,53.1935,0.000591
scipy-powell,hot,3,1701,53.2249,0.000591
scipy-powell,hot,3,1702,53.2565,0.000591
scipy-powell,hot,3,1704,53.3208,0.000591
scipy-powell,hot,3,1705,53.3528,0.000591
scipy-powell,hot,3,1706,53.3860,0.000591
scipy-powell,hot,3,1710,53.5189,0.000591
scipy-powell,hot,3,1713,53.6178,0.000591
scipy-powell,hot,3,1718,53.7817,0.000591
scipy-powell,hot,3,1719,53.8133,0.000591
scipy-powell,hot,3,1720,53.8466,0.000591
scipy-powell,hot,3,1721,53.8780,0.000591
scipy-powell,hot,3,1722,53.9095,0.000591
scipy-powell,hot,3,1738,54.4201,0.000591
scipy-powell,hot,3,1758,55.0623,0.000591
scipy-powell,hot,3,1766,55.3109,0.000591
scipy-powell,hot,3,1804,56.5202,0.000591
scipy-de,hot,3,0,0.0000,0.010282
opt-ga,hot,3,0,0.0000,0.010282
opt-ga,hot,3,339,6.5631,0.004931
opt-ga,hot,3,557,12.1373,0.004405
opt-ga,hot,3,605,13.4539,0.003687
opt-ga,hot,3,698,15.9874,0.002681
opt-ga,hot,3,750,17.5508,0.001279
opt-ga,hot,3,976,24.1229,0.001237
opt-ga,hot,3,1005,24.9724,0.000820
opt-ga,hot,3,1551,41.2563,0.000779
opt-ga,hot,3,1566,41.7158,0.000733
opt-ga,hot,3,1613,43.1196,0.000704
opt-ga,hot,3,1965,53.6984,0.000668
opt-pso,hot,3,0,0.0000,0.010282
opt-aco,hot,3,0,0.0000,0.010282
opt-aco,hot,3,455,8.4669,0.006823
opt-aco,hot,3,1720,32.6597,0.006372
opt-aco,hot,3,1985,37.6214,0.006309
opt-gd,hot,3,0,0.0000,0.010282
opt-gd,hot,3,12,0.4011,0.010282
opt-gd,hot,3,14,0.4642,0.010282
opt-gd,hot,3,22,0.7195,0.010282
opt-gd,hot,3,40,1.2991,0.010282
opt-gd,hot,3,47,1.5283,0.010282
opt-gd,hot,3,63,2.0497,0.010282
opt-gd,hot,3,102,3.2578,0.010234
opt-gd,hot,3,113,3.5920,0.010234
opt-gd,hot,3,129,4.0802,0.010234
opt-gd,hot,3,137,4.3223,0.010234
opt-gd,hot,3,141,4.4450,0.010234
opt-gd,hot,3,148,4.6581,0.010234
opt-gd,hot,3,164,5.1655,0.010234
opt-gd,hot,3,304,9.5692,0.001205
opt-gd,hot,3,307,9.6650,0.001205
opt-gd,hot,3,308,9.6965,0.001205
opt-gd,hot,3,316,9.9470,0.001205
opt-gd,hot,3,332,10.4536,0.001205
opt-gd,hot,3,340,10.7067,0.001205
opt-gd,hot,3,341,10.7379,0.001205
opt-gd,hot,3,363,11.4267,0.001205
opt-gd,hot,3,364,11.4583,0.001205
opt-gd,hot,3,506,15.9104,0.000794
opt-gd,hot,3,515,16.1922,0.000794
opt-gd,hot,3,518,16.2865,0.000794
opt-gd,hot,3,534,16.7802,0.000794
opt-gd,hot,3,541,17.0022,0.000794
opt-gd,hot,3,607,19.0809,0.000764
opt-gd,hot,3,610,19.1750,0.000764
opt-gd,hot,3,611,19.2073,0.000764
opt-gd,hot,3,619,19.4653,0.000764
opt-gd,hot,3,635,19.9761,0.000764
opt-gd,hot,3,643,20.2262,0.000764
opt-gd,hot,3,644,20.2569,0.000764
opt-gd,hot,3,645,20.2876,0.000764
opt-gd,hot,3,666,20.9379,0.000764
opt-gd,hot,3,667,20.9683,0.000764
opt-gd,hot,3,691,21.7113,0.000764
opt-gd,hot,3,708,22.2415,0.000726
opt-gd,hot,3,711,22.3365,0.000726
opt-gd,hot,3,712,22.3693,0.000726
opt-gd,hot,3,720,22.6221,0.000726
opt-gd,hot,3,736,23.1561,0.000726
opt-gd,hot,3,744,23.4660,0.000726
opt-gd,hot,3,745,23.4978,0.000726
opt-gd,hot,3,767,24.2061,0.000726
opt-gd,hot,3,768,24.2368,0.000726
opt-gd,hot,3,809,25.4957,0.000679
opt-gd,hot,3,812,25.5883,0.000679
opt-gd,hot,3,813,25.6192,0.000679
opt-gd,hot,3,845,26.6145,0.000679
opt-gd,hot,3,846,26.6472,0.000679
opt-gd,hot,3,868,27.3186,0.000679
opt-gd,hot,3,869,27.3482,0.000679
opt-gd,hot,3,910,28.5680,0.000639
opt-gd,hot,3,913,28.6573,0.000639
opt-gd,hot,3,914,28.6875,0.000639
opt-gd,hot,3,946,29.6771,0.000639
opt-gd,hot,3,947,29.7070,0.000639
opt-gd,hot,3,969,30.3744,0.000639
opt-gd,hot,3,1011,31.7032,0.000614
opt-gd,hot,3,1014,31.7969,0.000614
opt-gd,hot,3,1015,31.8288,0.000614
opt-gd,hot,3,1048,32.8622,0.000614
opt-gd,hot,3,1070,33.5427,0.000614
opt-gd,hot,3,1112,34.8587,0.000607
opt-gd,hot,3,1115,34.9541,0.000607
opt-gd,hot,3,1116,34.9859,0.000607
opt-gd,hot,3,1149,36.0564,0.000607
opt-gd,hot,3,1171,36.7702,0.000607
opt-gd,hot,3,1213,38.0667,0.000605
opt-gd,hot,3,1216,38.1592,0.000605
opt-gd,hot,3,1217,38.1898,0.000605
opt-gd,hot,3,1272,39.8871,0.000605
opt-gd,hot,3,1314,41.1700,0.000604
opt-gd,hot,3,1317,41.2636,0.000604
opt-gd,hot,3,1318,41.2950,0.000604
opt-gd,hot,3,1373,43.0419,0.000604
opt-gd,hot,3,1415,44.3645,0.000604
opt-gd,hot,3,1418,44.4561,0.000604
opt-gd,hot,3,1419,44.4860,0.000604
opt-gd,hot,3,1474,46.2175,0.000604
opt-gd,hot,3,1516,47.5570,0.000604
opt-gd,hot,3,1521,47.7055,0.000604
opt-gd,hot,3,1547,48.4709,0.000604
opt-gd,hot,3,1555,48.7067,0.000604
opt-gd,hot,3,1575,49.3183,0.000604
opt-gd,hot,3,1577,49.3781,0.000604
opt-gd,hot,3,1617,50.6177,0.000603
opt-gd,hot,3,1628,50.9438,0.000603
opt-gd,hot,3,1630,51.0027,0.000603
opt-gd,hot,3,1638,51.2441,0.000603
opt-gd,hot,3,1718,53.6461,0.000603
opt-gd,hot,3,1721,53.7393,0.000603
opt-gd,hot,3,1722,53.7702,0.000603
opt-gd,hot,3,1731,54.0636,0.000603
opt-gd,hot,3,1739,54.3224,0.000603
opt-gd,hot,3,1801,56.3061,0.000603
opt-gd,hot,3,1819,56.9210,0.000602
opt-gd,hot,3,1822,57.0218,0.000602
opt-gd,hot,3,1823,57.0565,0.000602
opt-gd,hot,3,1832,57.3498,0.000602
opt-gd,hot,3,1840,57.6190,0.000602
none,hot,4,0,0.0000,0.015801
scipy-lbfgsb,hot,4,0,0.0000,0.015801
scipy-lbfgsb,hot,4,12,0.4294,0.015801
scipy-lbfgsb,hot,4,14,0.5007,0.015801
scipy-lbfgsb,hot,4,22,0.7572,0.015801
scipy-lbfgsb,hot,4,58,1.8543,0.015801
scipy-lbfgsb,hot,4,86,2.7134,0.015764
scipy-lbfgsb,hot,4,87,2.7447,0.015655
scipy-lbfgsb,hot,4,100,3.1520,0.006511
scipy-lbfgsb,hot,4,111,3.4910,0.006511
scipy-lbfgsb,hot,4,127,3.9801,0.006511
scipy-lbfgsb,hot,4,135,4.2308,0.006511
scipy-lbfgsb,hot,4,185,5.8011,0.006511
scipy-lbfgsb,hot,4,186,5.8341,0.006511
scipy-lbfgsb,hot,4,188,5.8972,0.006511
scipy-lbfgsb,hot,4,194,6.0894,0.006457
scipy-lbfgsb,hot,4,397,12.4870,0.005826
scipy-lbfgsb,hot,4,408,12.8122,0.005826
scipy-lbfgsb,hot,4,424,13.3246,0.005826
scipy-lbfgsb,hot,4,432,13.5776,0.005826
scipy-lbfgsb,hot,4,482,15.1071,0.005826
scipy-lbfgsb,hot,4,483,15.1368,0.005826
scipy-lbfgsb,hot,4,485,15.1971,0.005826
scipy-lbfgsb,hot,4,490,15.3491,0.005818
scipy-lbfgsb,hot,4,496,15.5333,0.005499
scipy-lbfgsb,hot,4,507,15.8776,0.005499
scipy-lbfgsb,hot,4,523,16.3683,0.005499
scipy-lbfgsb,hot,4,531,16.6068,0.005499
scipy-lbfgsb,hot,4,589,18.4165,0.005494
scipy-lbfgsb,hot,4,595,18.6031,0.005356
scipy-lbfgsb,hot,4,606,18.9531,0.005356
scipy-lbfgsb,hot,4,622,19.4492,0.005356
scipy-lbfgsb,hot,4,630,19.6970,0.005356
scipy-lbfgsb,hot,4,688,21.5301,0.005354
scipy-lbfgsb,hot,4,689,21.5637,0.005353
scipy-lbfgsb,hot,4,694,21.7233,0.005324
scipy-lbfgsb,hot,4,705,22.0571,0.005324
scipy-lbfgsb,hot,4,721,22.5333,0.005324
scipy-lbfgsb,hot,4,729,22.7721,0.005324
scipy-lbfgsb,hot,4,787,24.5337,0.005323
scipy-lbfgsb,hot,4,788,24.5636,0.005322
scipy-lbfgsb,hot,4,793,24.7152,0.005225
scipy-lbfgsb,hot,4,804,25.0409,0.005225
scipy-lbfgsb,hot,4,820,25.5025,0.005225
scipy-lbfgsb,hot,4,828,25.7938,0.005225
scipy-lbfgsb,hot,4,886,27.6445,0.005222
scipy-lbfgsb,hot,4,892,27.8576,0.004533
scipy-lbfgsb,hot,4,903,28.2045,0.004533
scipy-lbfgsb,hot,4,919,28.6708,0.004533
scipy-lbfgsb,hot,4,927,28.9026,0.004533
scipy-lbfgsb,hot,4,985,30.6174,0.004528
scipy-lbfgsb,hot,4,991,30.7937,0.002463
scipy-lbfgsb,hot,4,995,30.9086,0.002463
scipy-lbfgsb,hot,4,996,30.9375,0.002463
scipy-lbfgsb,hot,4,997,30.9673,0.002463
scipy-lbfgsb,hot,4,1000,31.0531,0.002463
scipy-lbfgsb,hot,4,1008,31.2881,0.002463
scipy-lbfgsb,hot,4,1019,31.6088,0.002463
scipy-lbfgsb,hot,4,1027,31.8437,0.002463
scipy-lbfgsb,hot,4,1048,32.4952,0.002463
scipy-lbfgsb,hot,4,1080,33.4576,0.002463
scipy-lbfgsb,hot,4,1085,33.6053,0.002463
scipy-lbfgsb,hot,4,1090,33.7563,0.001989
scipy-lbfgsb,hot,4,1093,33.8474,0.001989
scipy-lbfgsb,hot,4,1094,33.8775,0.001989
scipy-lbfgsb,hot,4,1095,33.9082,0.001989
scipy-lbfgsb,hot,4,1096,33.9379,0.001989
scipy-lbfgsb,hot,4,1127,34.8821,0.001989
scipy-lbfgsb,hot,4,1128,34.9142,0.001989
scipy-lbfgsb,hot,4,1147,35.4997,0.001987
scipy-lbfgsb,hot,4,1148,35.5298,0.001985
scipy-lbfgsb,hot,4,1288,39.7591,0.001713
scipy-lbfgsb,hot,4,1291,39.8491,0.001713
scipy-lbfgsb,hot,4,1292,39.8811,0.001713
scipy-lbfgsb,hot,4,1293,39.9108,0.001713
scipy-lbfgsb,hot,4,1294,39.9405,0.001713
scipy-lbfgsb,hot,4,1325,40.9276,0.001713
scipy-lbfgsb,hot,4,1326,40.9591,0.001713
scipy-lbfgsb,hot,4,1345,41.5804,0.001712
scipy-lbfgsb,hot,4,1346,41.6119,0.001712
scipy-lbfgsb,hot,4,1386,42.8891,0.001711
scipy-lbfgsb,hot,4,1585,49.2278,0.001646
scipy-lbfgsb,hot,4,1588,49.3217,0.001646
scipy-lbfgsb,hot,4,1589,49.3530,0.001646
scipy-lbfgsb,hot,4,1590,49.3840,0.001646
scipy-lbfgsb,hot,4,1591,49.4147,0.001646
scipy-lbfgsb,hot,4,1622,50.3470,0.001646
scipy-lbfgsb,hot,4,1623,50.3776,0.001646
scipy-lbfgsb,hot,4,1642,50.9526,0.001645
scipy-lbfgsb,hot,4,1643,50.9850,0.001645
scipy-lbfgsb,hot,4,1669,51.8861,0.001645
scipy-lbfgsb,hot,4,1683,52.3128,0.001645
scipy-lbfgsb,hot,4,1783,55.5582,0.001578
scipy-lbfgsb,hot,4,1786,55.6504,0.001578
scipy-lbfgsb,hot,4,1787,55.6798,0.001578
scipy-lbfgsb,hot,4,1788,55.7090,0.001578
scipy-lbfgsb,hot,4,1789,55.7390,0.001578
scipy-lbfgsb,hot,4,1820,56.6542,0.001578
scipy-lbfgsb,hot,4,1840,57.2538,0.001577
scipy-lbfgsb,hot,4,1879,58.3911,0.001577
scipy-lbfgsb,hot,4,1882,58.4809,0.001496
scipy-lbfgsb,hot,4,1885,58.5679,0.001496
scipy-lbfgsb,hot,4,1886,58.5974,0.001496
scipy-lbfgsb,hot,4,1887,58.6263,0.001496
scipy-lbfgsb,hot,4,1888,58.6553,0.001496
scipy-lbfgsb,hot,4,1907,59.2209,0.001496
scipy-lbfgsb,hot,4,1919,59.5775,0.001496
scipy-lbfgsb,hot,4,1920,59.6082,0.001496
scipy-lbfgsb,hot,4,1939,60.1807,0.001496
scipy-lbfgsb,hot,4,1940,60.2131,0.001496
scipy-lbfgsb,hot,4,1979,61.4113,0.001495
scipy-lbfgsb,hot,4,1980,61.4427,0.001495
scipy-powell,hot,4,0,0.0000,0.015801
scipy-powell,hot,4,108,3.3339,0.015801
scipy-powell,hot,4,109,3.3683,0.015801
scipy-powell,hot,4,110,3.4020,0.015801
scipy-powell,hot,4,112,3.4639,0.015801
scipy-powell,hot,4,113,3.4933,0.015801
scipy-powell,hot,4,114,3.5240,0.015801
scipy-powell,hot,4,144,4.4731,0.015801
scipy-powell,hot,4,145,4.5026,0.015801
scipy-powell,hot,4,146,4.5325,0.015801
scipy-powell,hot,4,147,4.5621,0.015801
scipy-powell,hot,4,148,4.5921,0.015801
scipy-powell,hot,4,149,4.6223,0.015801
scipy-powell,hot,4,150,4.6520,0.015801
scipy-powell,hot,4,163,5.0623,0.015801
scipy-powell,hot,4,166,5.1530,0.003402
scipy-powell,hot,4,170,5.2823,0.003024
scipy-powell,hot,4,172,5.3474,0.003024
scipy-powell,hot,4,174,5.4104,0.003024
scipy-powell,hot,4,175,5.4401,0.003024
scipy-powell,hot,4,176,5.4703,0.003024
scipy-powell,hot,4,177,5.4997,0.003024
scipy-powell,hot,4,178,5.5299,0.003024
scipy-powell,hot,4,194,6.0354,0.003023
scipy-powell,hot,4,195,6.0674,0.003023
scipy-powell,hot,4,196,6.0976,0.003023
scipy-powell,hot,4,197,6.1292,0.003023
scipy-powell,hot,4,198,6.1603,0.003023
scipy-powell,hot,4,209,6.4937,0.003023
scipy-powell,hot,4,210,6.5237,0.003023
scipy-powell,hot,4,290,8.9770,0.002811
scipy-powell,hot,4,294,9.1036,0.002789
scipy-powell,hot,4,295,9.1349,0.002695
scipy-powell,hot,4,297,9.1983,0.002690
scipy-powell,hot,4,298,9.2295,0.002688
scipy-powell,hot,4,300,9.2944,0.002688
scipy-powell,hot,4,301,9.3255,0.002688
scipy-powell,hot,4,302,9.3560,0.002688
scipy-powell,hot,4,432,13.3667,0.002304
scipy-powell,hot,4,435,13.4617,0.002287
scipy-powell,hot,4,436,13.4936,0.002280
scipy-powell,hot,4,439,13.5896,0.002280
scipy-powell,hot,4,440,13.6218,0.002280
scipy-powell,hot,4,442,13.6850,0.002280
scipy-powell,hot,4,444,13.7460,0.002280
scipy-powell,hot,4,445,13.7763,0.002280
scipy-powell,hot,4,446,13.8069,0.002280
scipy-powell,hot,4,447,13.8367,0.002280
scipy-powell,hot,4,453,14.0185,0.002280
scipy-powell,hot,4,568,17.5682,0.002032
scipy-powell,hot,4,569,17.5986,0.001987
scipy-powell,hot,4,571,17.6595,0.001986
scipy-powell,hot,4,572,17.6925,0.001986
scipy-powell,hot,4,573,17.7243,0.001986
scipy-powell,hot,4,574,17.7656,0.001986
scipy-powell,hot,4,575,17.8048,0.001986
scipy-powell,hot,4,576,17.8427,0.001986
scipy-powell,hot,4,704,21.9573,0.001512
scipy-powell,hot,4,710,22.1516,0.001512
scipy-powell,hot,4,711,22.1847,0.001512
scipy-powell,hot,4,713,22.2492,0.001512
scipy-powell,hot,4,714,22.2805,0.001512
scipy-powell,hot,4,715,22.3118,0.001512
scipy-powell,hot,4,717,22.3758,0.001512
scipy-powell,hot,4,718,22.4076,0.001512
scipy-powell,hot,4,719,22.4395,0.001512
scipy-powell,hot,4,721,22.5014,0.001512
scipy-powell,hot,4,839,26.1205,0.001414
scipy-powell,hot,4,842,26.2140,0.001413
scipy-powell,hot,4,843,26.2451,0.001413
scipy-powell,hot,4,844,26.2759,0.001413
scipy-powell,hot,4,845,26.3062,0.001413
scipy-powell,hot,4,846,26.3361,0.001413
scipy-powell,hot,4,966,30.2185,0.001254
scipy-powell,hot,4,968,30.2821,0.001252
scipy-powell,hot,4,971,30.3748,0.001252
scipy-powell,hot,4,972,30.4061,0.001252
scipy-powell,hot,4,973,30.4375,0.001252
scipy-powell,hot,4,974,30.4689,0.001252
scipy-powell,hot,4,975,30.4995,0.001252
scipy-powell,hot,4,976,30.5311,0.001252
scipy-powell,hot,4,1100,34.3875,0.001245
scipy-powell,hot,4,1103,34.4775,0.001231
scipy-powell,hot,4,1104,34.5078,0.001228
scipy-powell,hot,4,1107,34.6017,0.001228
scipy-powell,hot,4,1108,34.6340,0.001228
scipy-powell,hot,4,1109,34.6647,0.001228
scipy-powell,hot,4,1110,34.6947,0.001228
scipy-powell,hot,4,1228,38.2314,0.001228
scipy-powell,hot,4,1229,38.2611,0.001211
scipy-powell,hot,4,1230,38.2925,0.001200
scipy-powell,hot,4,1232,38.3545,0.001200
scipy-powell,hot,4,1234,38.4151,0.001200
scipy-powell,hot,4,1236,38.4765,0.001200
scipy-powell,hot,4,1237,38.5063,0.001200
scipy-powell,hot,4,1288,40.0847,0.001164
scipy-powell,hot,4,1290,40.1472,0.001163
scipy-powell,hot,4,1292,40.2111,0.001163
scipy-powell,hot,4,1293,40.2422,0.001163
scipy-powell,hot,4,1294,40.2724,0.001163
scipy-powell,hot,4,1295,40.3061,0.001163
scipy-powell,hot,4,1296,40.3395,0.001163
scipy-powell,hot,4,1362,42.4721,0.001163
scipy-powell,hot,4,1363,42.5033,0.001163
scipy-powell,hot,4,1364,42.5358,0.001163
scipy-powell,hot,4,1365,42.5674,0.001163
scipy-powell,hot,4,1366,42.5990,0.001163
scipy-powell,hot,4,1386,43.2204,0.001162
scipy-powell,hot,4,1387,43.2500,0.001162
scipy-powell,hot,4,1388,43.2798,0.001162
scipy-powell,hot,4,1389,43.3102,0.001162
scipy-powell,hot,4,1391,43.3715,0.001162
scipy-powell,hot,4,1392,43.4014,0.001162
scipy-powell,hot,4,1393,43.4314,0.001162
scipy-powell,hot,4,1404,43.7651,0.001162
scipy-powell,hot,4,1406,43.8292,0.001161
scipy-powell,hot,4,1407,43.8597,0.001161
scipy-powell,hot,4,1408,43.8908,0.001161
scipy-powell,hot,4,1409,43.9237,0.001161
scipy-powell,hot,4,1410,43.9565,0.001161
scipy-powell,hot,4,1417,44.1723,0.001161
scipy-powell,hot,4,1418,44.2031,0.001161
scipy-powell,hot,4,1419,44.2337,0.001161
scipy-powell,hot,4,1420,44.2641,0.001161
scipy-powell,hot,4,1421,44.2945,0.001161
scipy-powell,hot,4,1422,44.3258,0.001161
scipy-powell,hot,4,1423,44.3559,0.001161
scipy-powell,hot,4,1435,44.7242,0.001161
scipy-powell,hot,4,1436,44.7561,0.001161
scipy-powell,hot,4,1437,44.7880,0.001161
scipy-powell,hot,4,1438,44.8185,0.001161
scipy-powell,hot,4,1443,44.9722,0.001161
scipy-powell,hot,4,1460,45.4950,0.001161
scipy-powell,hot,4,1461,45.5252,0.001161
scipy-powell,hot,4,1462,45.5558,0.001161
scipy-powell,hot,4,1463,45.5863,0.001161
scipy-powell,hot,4,1497,46.6373,0.001161
scipy-powell,hot,4,1499,46.7027,0.001161
scipy-powell,hot,4,1500,46.7352,0.001161
scipy-powell,hot,4,1501,46.7663,0.001161
scipy-powell,hot,4,1502,46.7966,0.001161
scipy-powell,hot,4,1505,46.8858,0.001161
scipy-powell,hot,4,1518,47.2861,0.001161
scipy-powell,hot,4,1520,47.3468,0.001161
scipy-powell,hot,4,1521,47.3768,0.001161
scipy-powell,hot,4,1538,47.8880,0.001149
scipy-powell,hot,4,1541,47.9785,0.001149
scipy-powell,hot,4,1542,48.0081,0.001149
scipy-powell,hot,4,1544,48.0677,0.001149
scipy-powell,hot,4,1545,48.0979,0.001149
scipy-powell,hot,4,1546,48.1281,0.001149
scipy-powell,hot,4,1547,48.1586,0.001149
scipy-powell,hot,4,1548,48.1889,0.001149
scipy-powell,hot,4,1606,49.9707,0.001149
scipy-powell,hot,4,1607,50.0010,0.001149
scipy-powell,hot,4,1628,50.6311,0.001149
scipy-powell,hot,4,1629,50.6606,0.001149
scipy-powell,hot,4,1630,50.6913,0.001149
scipy-powell,hot,4,1631,50.7208,0.001149
scipy-powell,hot,4,1636,50.8728,0.001149
scipy-powell,hot,4,1648,51.2368,0.001148
scipy-powell,hot,4,1649,51.2679,0.001148
scipy-powell,hot,4,1650,51.3004,0.001147
scipy-powell,hot,4,1651,51.3315,0.001147
scipy-powell,hot,4,1652,51.3629,0.001147
scipy-powell,hot,4,1653,51.3928,0.001147
scipy-powell,hot,4,1655,51.4550,0.001147
scipy-powell,hot,4,1656,51.4865,0.001147
scipy-powell,hot,4,1669,51.8771,0.001147
scipy-powell,hot,4,1670,51.9073,0.001146
scipy-powell,hot,4,1671,51.9404,0.001145
scipy-powell,hot,4,1672,51.9748,0.001145
scipy-powell,hot,4,1673,52.0080,0.001145
scipy-powell,hot,4,1674,52.0411,0.001145
scipy-powell,hot,4,1675,52.0755,0.001145
scipy-powell,hot,4,1676,52.1105,0.001144
scipy-powell,hot,4,1677,52.1429,0.001144
scipy-powell,hot,4,1678,52.1769,0.001144
scipy-powell,hot,4,1679,52.2101,0.001144
scipy-powell,hot,4,1680,52.2436,0.001144
scipy-powell,hot,4,1681,52.2783,0.001144
scipy-powell,hot,4,1682,52.3110,0.001144
scipy-powell,hot,4,1683,52.3441,0.001144
scipy-powell,hot,4,1684,52.3774,0.001144
scipy-powell,hot,4,1685,52.4109,0.001144
scipy-powell,hot,4,1686,52.4425,0.001144
scipy-powell,hot,4,1687,52.4719,0.001144
scipy-powell,hot,4,1688,52.5023,0.001144
scipy-powell,hot,4,1689,52.5316,0.001144
scipy-powell,hot,4,1690,52.5619,0.001144
scipy-powell,hot,4,1691,52.5914,0.001144
scipy-powell,hot,4,1692,52.6210,0.001144
scipy-powell,hot,4,1693,52.6504,0.001144
scipy-powell,hot,4,1694,52.6801,0.001144
scipy-powell,hot,4,1695,52.7095,0.001144
scipy-powell,hot,4,1696,52.7393,0.001144
scipy-powell,hot,4,1697,52.7687,0.001144
scipy-powell,hot,4,1698,52.7983,0.001144
scipy-powell,hot,4,1699,52.8287,0.001144
scipy-powell,hot,4,1700,52.8590,0.001144
scipy-powell,hot,4,1701,52.8894,0.001144
scipy-powell,hot,4,1702,52.9189,0.001144
scipy-powell,hot,4,1703,52.9485,0.001144
scipy-powell,hot,4,1704,52.9786,0.001144
scipy-powell,hot,4,1705,53.0079,0.001144
scipy-de,hot,4,0,0.0000,0.015801
opt-ga,hot,4,0,0.0000,0.015801
opt-ga,hot,4,907,17.2718,0.015773
opt-ga,hot,4,1070,20.5485,0.015680
opt-ga,hot,4,1118,21.4372,0.015536
opt-ga,hot,4,1147,22.0109,0.015492
opt-ga,hot,4,1213,23.2916,0.015132
opt-ga,hot,4,1249,24.0140,0.014924
opt-ga,hot,4,1283,24.7180,0.014596
opt-ga,hot,4,1360,26.3569,0.014492
opt-ga,hot,4,1475,28.8530,0.014492
opt-ga,hot,4,1476,28.8746,0.014446
opt-ga,hot,4,1508,29.5840,0.014267
opt-ga,hot,4,1517,29.7798,0.014140
opt-ga,hot,4,1526,29.9746,0.014000
opt-ga,hot,4,1542,30.3238,0.013707
opt-ga,hot,4,1568,30.8693,0.013487
opt-ga,hot,4,1741,34.6691,0.013431
opt-ga,hot,4,1781,35.5383,0.013224
opt-ga,hot,4,1796,35.8479,0.012896
opt-ga,hot,4,1887,37.7304,0.012728
opt-pso,hot,4,0,0.0000,0.015801
opt-aco,hot,4,0,0.0000,0.015801
opt-gd,hot,4,0,0.0000,0.015801
opt-gd,hot,4,12,0.3934,0.015801
opt-gd,hot,4,14,0.4522,0.015801
opt-gd,hot,4,22,0.6865,0.015801
opt-gd,hot,4,42,1.2952,0.015801
opt-gd,hot,4,45,1.3879,0.015801
opt-gd,hot,4,48,1.4773,0.015801
opt-gd,hot,4,70,2.1508,0.015801
opt-gd,hot,4,86,2.6521,0.015801
opt-gd,hot,4,87,2.6830,0.015801
opt-gd,hot,4,100,3.0829,0.006528
opt-gd,hot,4,111,3.4261,0.006528
opt-gd,hot,4,127,3.9092,0.006528
opt-gd,hot,4,135,4.1496,0.006528
opt-gd,hot,4,142,4.3629,0.006528
opt-gd,hot,4,144,4.4230,0.006528
opt-gd,hot,4,147,4.5133,0.006528
opt-gd,hot,4,169,5.1809,0.006528
opt-gd,hot,4,185,5.6666,0.006528
opt-gd,hot,4,186,5.6980,0.006528
opt-gd,hot,4,188,5.7581,0.006528
opt-gd,hot,4,194,5.9393,0.006527
opt-gd,hot,4,397,12.1256,0.005871
opt-gd,hot,4,408,12.4667,0.005871
opt-gd,hot,4,424,12.9762,0.005871
opt-gd,hot,4,432,13.2279,0.005871
opt-gd,hot,4,438,13.4262,0.005871
opt-gd,hot,4,439,13.4593,0.005871
opt-gd,hot,4,440,13.4909,0.005871
opt-gd,hot,4,441,13.5245,0.005871
opt-gd,hot,4,444,13.6218,0.005871
opt-gd,hot,4,466,14.3061,0.005871
opt-gd,hot,4,482,14.8015,0.005871
opt-gd,hot,4,483,14.8338,0.005871
opt-gd,hot,4,485,14.8964,0.005871
opt-gd,hot,4,490,15.0513,0.005871
opt-gd,hot,4,496,15.2380,0.005538
opt-gd,hot,4,507,15.5805,0.005538
opt-gd,hot,4,523,16.0852,0.005538
opt-gd,hot,4,531,16.3372,0.005538
opt-gd,hot,4,537,16.5291,0.005538
opt-gd,hot,4,538,16.5613,0.005538
opt-gd,hot,4,539,16.5920,0.005538
opt-gd,hot,4,540,16.6235,0.005538
opt-gd,hot,4,543,16.7167,0.005538
opt-gd,hot,4,565,17.4027,0.005538
opt-gd,hot,4,585,18.0294,0.005538
opt-gd,hot,4,589,18.1524,0.005538
opt-gd,hot,4,595,18.3380,0.005391
opt-gd,hot,4,606,18.6838,0.005391
opt-gd,hot,4,622,19.1807,0.005391
opt-gd,hot,4,630,19.4333,0.005391
opt-gd,hot,4,637,19.6551,0.005391
opt-gd,hot,4,638,19.6857,0.005391
opt-gd,hot,4,639,19.7168,0.005391
opt-gd,hot,4,642,19.8096,0.005391
opt-gd,hot,4,664,20.5090,0.005391
opt-gd,hot,4,684,21.1460,0.005391
opt-gd,hot,4,688,21.2729,0.005391
opt-gd,hot,4,689,21.3043,0.005391
opt-gd,hot,4,694,21.4642,0.005364
opt-gd,hot,4,705,21.8114,0.005364
opt-gd,hot,4,721,22.4149,0.005364
opt-gd,hot,4,729,22.6643,0.005364
opt-gd,hot,4,736,22.8805,0.005364
opt-gd,hot,4,737,22.9112,0.005364
opt-gd,hot,4,738,22.9418,0.005364
opt-gd,hot,4,741,23.0347,0.005364
opt-gd,hot,4,763,23.7177,0.005364
opt-gd,hot,4,783,24.3471,0.005364
opt-gd,hot,4,787,24.4753,0.005364
opt-gd,hot,4,793,24.6672,0.005023
opt-gd,hot,4,804,25.0267,0.005023
opt-gd,hot,4,820,25.5345,0.005023
opt-gd,hot,4,828,25.7905,0.005023
opt-gd,hot,4,834,25.9825,0.005023
opt-gd,hot,4,835,26.0144,0.005023
opt-gd,hot,4,836,26.0456,0.005023
opt-gd,hot,4,837,26.0768,0.005023
opt-gd,hot,4,840,26.1715,0.005023
opt-gd,hot,4,862,26.8676,0.005023
opt-gd,hot,4,882,27.5130,0.005023
opt-gd,hot,4,886,27.6412,0.005023
opt-gd,hot,4,892,27.8360,0.003707
opt-gd,hot,4,903,28.1969,0.003707
opt-gd,hot,4,919,28.7135,0.003707
opt-gd,hot,4,927,28.9855,0.003707
opt-gd,hot,4,933,29.1845,0.003707
opt-gd,hot,4,934,29.2176,0.003707
opt-gd,hot,4,935,29.2497,0.003707
opt-gd,hot,4,936,29.2820,0.003707
opt-gd,hot,4,939,29.3724,0.003707
opt-gd,hot,4,961,30.0474,0.003707
opt-gd,hot,4,981,30.6732,0.003707
opt-gd,hot,4,985,30.7981,0.003707
opt-gd,hot,4,991,30.9880,0.003215
opt-gd,hot,4,1002,31.3287,0.003215
opt-gd,hot,4,1018,31.8994,0.003215
opt-gd,hot,4,1026,32.1577,0.003215
opt-gd,hot,4,1032,32.3425,0.003215
opt-gd,hot,4,1033,32.3735,0.003215
opt-gd,hot,4,1034,32.4043,0.003215
opt-gd,hot,4,1035,32.4351,0.003215
opt-gd,hot,4,1038,32.5262,0.003215
opt-gd,hot,4,1060,33.1871,0.003215
opt-gd,hot,4,1080,33.7928,0.003215
opt-gd,hot,4,1084,33.9133,0.003215
opt-gd,hot,4,1189,37.0966,0.003128
opt-gd,hot,4,1200,37.4416,0.003128
opt-gd,hot,4,1216,37.9571,0.003128
opt-gd,hot,4,1224,38.2368,0.003128
opt-gd,hot,4,1230,38.4194,0.003128
opt-gd,hot,4,1232,38.4847,0.003128
opt-gd,hot,4,1233,38.5192,0.003128
opt-gd,hot,4,1236,38.6109,0.003128
opt-gd,hot,4,1258,39.3096,0.003128
opt-gd,hot,4,1278,39.9291,0.003128
opt-gd,hot,4,1282,40.0525,0.003128
opt-gd,hot,4,1288,40.2343,0.002987
opt-gd,hot,4,1299,40.5704,0.002987
opt-gd,hot,4,1315,41.0582,0.002987
opt-gd,hot,4,1323,41.3063,0.002987
opt-gd,hot,4,1329,41.4897,0.002987
opt-gd,hot,4,1330,41.5197,0.002987
opt-gd,hot,4,1331,41.5533,0.002987
opt-gd,hot,4,1332,41.5829,0.002987
opt-gd,hot,4,1335,41.6754,0.002987
opt-gd,hot,4,1357,42.3598,0.002987
opt-gd,hot,4,1377,42.9677,0.002987
opt-gd,hot,4,1381,43.0858,0.002987
opt-gd,hot,4,1387,43.2667,0.002641
opt-gd,hot,4,1396,43.5431,0.002641
opt-gd,hot,4,1404,43.7817,0.002641
opt-gd,hot,4,1422,44.3157,0.002641
opt-gd,hot,4,1428,44.4929,0.002641
opt-gd,hot,4,1429,44.5234,0.002641
opt-gd,hot,4,1430,44.5552,0.002641
opt-gd,hot,4,1431,44.5865,0.002641
opt-gd,hot,4,1434,44.6973,0.002641
opt-gd,hot,4,1456,45.3974,0.002641
opt-gd,hot,4,1476,46.0221,0.002641
opt-gd,hot,4,1478,46.0920,0.002641
opt-gd,hot,4,1480,46.1635,0.002641
opt-gd,hot,4,1486,46.3504,0.002516
opt-gd,hot,4,1495,46.6186,0.002516
opt-gd,hot,4,1503,46.8539,0.002516
opt-gd,hot,4,1521,47.3910,0.002516
opt-gd,hot,4,1527,47.5663,0.002516
opt-gd,hot,4,1528,47.5969,0.002516
opt-gd,hot,4,1529,47.6279,0.002516
opt-gd,hot,4,1530,47.6586,0.002516
opt-gd,hot,4,1533,47.7479,0.002516
opt-gd,hot,4,1555,48.4095,0.002516
opt-gd,hot,4,1575,49.0209,0.002516
opt-gd,hot,4,1577,49.0831,0.002516
opt-gd,hot,4,1579,49.1450,0.002516
opt-gd,hot,4,1585,49.3276,0.002470
opt-gd,hot,4,1594,49.5944,0.002470
opt-gd,hot,4,1602,49.8335,0.002470
opt-gd,hot,4,1626,50.5493,0.002470
opt-gd,hot,4,1627,50.5796,0.002470
opt-gd,hot,4,1628,50.6089,0.002470
opt-gd,hot,4,1629,50.6386,0.002470
opt-gd,hot,4,1654,51.3890,0.002470
opt-gd,hot,4,1670,51.8970,0.002470
opt-gd,hot,4,1676,52.0770,0.002470
opt-gd,hot,4,1678,52.1405,0.002470
opt-gd,hot,4,1684,52.3315,0.002413
opt-gd,hot,4,1693,52.6099,0.002413
opt-gd,hot,4,1701,52.8609,0.002413
opt-gd,hot,4,1725,53.6113,0.002413
opt-gd,hot,4,1726,53.6422,0.002413
opt-gd,hot,4,1727,53.6738,0.002413
opt-gd,hot,4,1728,53.7038,0.002413
opt-gd,hot,4,1769,54.9963,0.002413
opt-gd,hot,4,1781,55.3640,0.002413
opt-gd,hot,4,1882,58.5066,0.002388
opt-gd,hot,4,1885,58.6008,0.002388
opt-gd,hot,4,1886,58.6331,0.002388
opt-gd,hot,4,1887,58.6645,0.002388
opt-gd,hot,4,1888,58.6946,0.002388
opt-gd,hot,4,1939,60.2848,0.002388
opt-gd,hot,4,1976,61.4892,0.002388
opt-gd,hot,4,1981,61.6497,0.002327
opt-gd,hot,4,1984,61.7433,0.002327
opt-gd,hot,4,1985,61.7743,0.002327
opt-gd,hot,4,1986,61.8044,0.002327
opt-gd,hot,4,1987,61.8345,0.002327
none,cold,0,0,0.0000,13.094357
scipy-lbfgsb,cold,0,0,0.0000,13.094357
scipy-lbfgsb,cold,0,2,0.0637,13.094355
scipy-lbfgsb,cold,0,3,0.0850,13.094355
scipy-lbfgsb,cold,0,8,0.1865,13.094354
scipy-lbfgsb,cold,0,17,0.3706,13.094353
scipy-lbfgsb,cold,0,19,0.4089,13.094322
scipy-lbfgsb,cold,0,56,1.0826,13.093504
scipy-lbfgsb,cold,0,57,1.1000,13.090981
scipy-lbfgsb,cold,0,102,1.9271,11.805187
scipy-lbfgsb,cold,0,107,2.0406,11.805187
scipy-lbfgsb,cold,0,115,2.2217,11.805187
scipy-lbfgsb,cold,0,158,3.1858,11.805187
scipy-lbfgsb,cold,0,203,4.1923,11.805187
scipy-lbfgsb,cold,0,208,4.3070,11.805187
scipy-lbfgsb,cold,0,216,4.4867,11.805187
scipy-lbfgsb,cold,0,259,5.4620,11.805187
scipy-lbfgsb,cold,0,304,6.4675,11.805185
scipy-lbfgsb,cold,0,309,6.5786,11.805185
scipy-lbfgsb,cold,0,317,6.7548,11.805185
scipy-lbfgsb,cold,0,405,8.7159,11.805180
scipy-lbfgsb,cold,0,410,8.8186,11.805180
scipy-lbfgsb,cold,0,418,8.9924,11.805180
scipy-lbfgsb,cold,0,506,10.8257,11.805160
scipy-lbfgsb,cold,0,511,10.9307,11.805160
scipy-lbfgsb,cold,0,519,11.0999,11.805160
scipy-lbfgsb,cold,0,607,12.9722,11.805079
scipy-lbfgsb,cold,0,612,13.0616,11.805079
scipy-lbfgsb,cold,0,620,13.2032,11.805079
scipy-lbfgsb,cold,0,708,14.7529,11.752686
scipy-lbfgsb,cold,0,709,14.7722,11.752686
scipy-lbfgsb,cold,0,715,14.8918,11.752686
scipy-lbfgsb,cold,0,717,14.9286,11.752686
scipy-lbfgsb,cold,0,722,15.0228,11.748837
scipy-lbfgsb,cold,0,910,18.4808,11.681940
scipy-lbfgsb,cold,0,911,18.4984,11.681940
scipy-lbfgsb,cold,0,917,18.6047,11.681940
scipy-lbfgsb,cold,0,919,18.6402,11.681940
scipy-lbfgsb,cold,0,924,18.7327,11.679448
scipy-lbfgsb,cold,0,1112,22.2890,11.668997
scipy-lbfgsb,cold,0,1113,22.3088,11.668997
scipy-lbfgsb,cold,0,1119,22.4236,11.668997
scipy-lbfgsb,cold,0,1121,22.4605,11.668997
scipy-lbfgsb,cold,0,1126,22.5551,11.667156
scipy-lbfgsb,cold,0,1314,26.1504,3.730866
scipy-lbfgsb,cold,0,1315,26.1716,3.730866
scipy-lbfgsb,cold,0,1321,26.3037,3.730861
scipy-lbfgsb,cold,0,1323,26.3453,3.730860
scipy-lbfgsb,cold,0,1328,26.4503,3.730858
scipy-lbfgsb,cold,0,1331,26.5095,3.730834
scipy-lbfgsb,cold,0,1335,26.5908,3.730797
scipy-lbfgsb,cold,0,1336,26.6105,3.730388
scipy-lbfgsb,cold,0,1366,27.1961,3.727703
scipy-lbfgsb,cold,0,1415,28.1572,0.908181
scipy-lbfgsb,cold,0,1416,28.1773,0.908180
scipy-lbfgsb,cold,0,1422,28.2979,0.908177
scipy-lbfgsb,cold,0,1424,28.3372,0.908177
scipy-lbfgsb,cold,0,1432,28.4953,0.908167
scipy-lbfgsb,cold,0,1436,28.5765,0.908103
scipy-lbfgsb,cold,0,1437,28.5964,0.907765
scipy-lbfgsb,cold,0,1516,30.1941,0.599927
scipy-lbfgsb,cold,0,1517,30.2139,0.599927
scipy-lbfgsb,cold,0,1523,30.3339,0.599924
scipy-lbfgsb,cold,0,1525,30.3764,0.599923
scipy-lbfgsb,cold,0,1533,30.5422,0.599915
scipy-lbfgsb,cold,0,1537,30.6215,0.599895
scipy-lbfgsb,cold,0,1538,30.6418,0.599816
scipy-lbfgsb,cold,0,1574,31.3519,0.599802
scipy-lbfgsb,cold,0,1617,32.1975,0.484970
scipy-lbfgsb,cold,0,1618,32.2183,0.484969
scipy-lbfgsb,cold,0,1624,32.3423,0.484966
scipy-lbfgsb,cold,0,1626,32.3853,0.484966
scipy-lbfgsb,cold,0,1634,32.5508,0.484959
scipy-lbfgsb,cold,0,1638,32.6348,0.484947
scipy-lbfgsb,cold,0,1639,32.6551,0.484905
scipy-lbfgsb,cold,0,1675,33.4045,0.484904
scipy-lbfgsb,cold,0,1718,34.3193,0.401218
scipy-lbfgsb,cold,0,1719,34.3397,0.401217
scipy-lbfgsb,cold,0,1725,34.4555,0.401215
scipy-lbfgsb,cold,0,1727,34.4923,0.401214
scipy-lbfgsb,cold,0,1735,34.6412,0.401209
scipy-lbfgsb,cold,0,1740,34.7342,0.401203
scipy-lbfgsb,cold,0,1775,35.4190,0.401202
scipy-lbfgsb,cold,0,1776,35.4399,0.401192
scipy-lbfgsb,cold,0,1819,36.2353,0.369288
scipy-lbfgsb,cold,0,1820,36.2543,0.369287
scipy-lbfgsb,cold,0,1826,36.3700,0.369285
scipy-lbfgsb,cold,0,1828,36.4082,0.369284
scipy-lbfgsb,cold,0,1836,36.5595,0.369279
scipy-lbfgsb,cold,0,1877,37.3311,0.369278
scipy-lbfgsb,cold,0,1920,38.1428,0.343029
scipy-lbfgsb,cold,0,1921,38.1642,0.343029
scipy-lbfgsb,cold,0,1927,38.2800,0.343027
scipy-lbfgsb,cold,0,1929,38.3177,0.343027
scipy-lbfgsb,cold,0,1937,38.4652,0.343022
scipy-powell,cold,0,0,0.0000,13.094357
scipy-powell,cold,0,4,0.0894,12.928498
scipy-powell,cold,0,5,0.1080,12.818532
scipy-powell,cold,0,6,0.1247,12.811329
scipy-powell,cold,0,7,0.1418,12.811084
scipy-powell,cold,0,14,0.2604,12.811084
scipy-powell,cold,0,15,0.2774,12.811084
scipy-powell,cold,0,16,0.2940,12.811084
scipy-powell,cold,0,17,0.3110,12.811084
scipy-powell,cold,0,18,0.3279,12.811084
scipy-powell,cold,0,19,0.3456,12.811084
scipy-powell,cold,0,20,0.3634,12.811084
scipy-powell,cold,0,21,0.3805,12.811084
scipy-powell,cold,0,22,0.3978,12.811084
scipy-powell,cold,0,23,0.4163,12.811084
scipy-powell,cold,0,24,0.4337,12.811084
scipy-powell,cold,0,25,0.4517,12.811084
scipy-powell,cold,0,26,0.4690,12.811084
scipy-powell,cold,0,27,0.4859,12.811084
scipy-powell,cold,0,28,0.5026,12.811084
scipy-powell,cold,0,29,0.5204,12.811084
scipy-powell,cold,0,30,0.5375,12.811084
scipy-powell,cold,0,31,0.5545,12.811084
scipy-powell,cold,0,32,0.5714,12.811084
scipy-powell,cold,0,35,0.6228,12.810862
scipy-powell,cold,0,36,0.6410,12.810262
scipy-powell,cold,0,37,0.6601,12.809943
scipy-powell,cold,0,38,0.6792,12.809750
scipy-powell,cold,0,39,0.6975,11.369811
scipy-powell,cold,0,40,0.7161,8.909821
scipy-powell,cold,0,41,0.7350,7.150067
scipy-powell,cold,0,42,0.7546,5.893534
scipy-powell,cold,0,43,0.7763,5.079478
scipy-powell,cold,0,44,0.7978,4.533715
scipy-powell,cold,0,45,0.8179,4.164525
scipy-powell,cold,0,46,0.8365,3.928985
scipy-powell,cold,0,47,0.8548,3.793488
scipy-powell,cold,0,48,0.8731,3.716743
scipy-powell,cold,0,49,0.8936,3.669011
scipy-powell,cold,0,50,0.9112,3.639402
scipy-powell,cold,0,51,0.9294,3.621216
scipy-powell,cold,0,52,0.9471,3.609965
scipy-powell,cold,0,53,0.9647,3.603069
scipy-powell,cold,0,54,0.9821,3.598826
scipy-powell,cold,0,55,1.0000,3.596201
scipy-powell,cold,0,56,1.0175,3.594579
scipy-powell,cold,0,57,1.0360,3.593579
scipy-powell,cold,0,58,1.0532,3.592962
scipy-powell,cold,0,59,1.0723,3.592581
scipy-powell,cold,0,60,1.0904,3.592345
scipy-powell,cold,0,61,1.1095,3.592199
scipy-powell,cold,0,62,1.1277,3.592109
scipy-powell,cold,0,63,1.1451,3.592053
scipy-powell,cold,0,64,1.1623,3.592019
scipy-powell,cold,0,65,1.1813,3.591998
scipy-powell,cold,0,66,1.2001,3.591985
scipy-powell,cold,0,67,1.2184,3.591977
scipy-powell,cold,0,68,1.2356,3.591972
scipy-powell,cold,0,69,1.2536,3.591968
scipy-powell,cold,0,70,1.2723,3.591967
scipy-powell,cold,0,71,1.2902,3.591965
scipy-powell,cold,0,132,2.3811,3.524848
scipy-powell,cold,0,134,2.4154,3.487475
scipy-powell,cold,0,135,2.4329,3.460900
scipy-powell,cold,0,136,2.4517,3.443196
scipy-powell,cold,0,137,2.4698,3.431779
scipy-powell,cold,0,138,2.4869,3.424545
scipy-powell,cold,0,139,2.5044,3.420007
scipy-powell,cold,0,140,2.5226,3.417177
scipy-powell,cold,0,141,2.5417,3.415419
scipy-powell,cold,0,142,2.5587,3.414329
scipy-powell,cold,0,143,2.5759,3.413653
scipy-powell,cold,0,144,2.5926,3.413235
scipy-powell,cold,0,145,2.6095,3.412977
scipy-powell,cold,0,146,2.6267,3.412817
scipy-powell,cold,0,147,2.6446,3.412718
scipy-powell,cold,0,148,2.6619,3.412657
scipy-powell,cold,0,149,2.6791,3.412619
scipy-powell,cold,0,150,2.6976,3.412596
scipy-powell,cold,0,151,2.7160,3.412582
scipy-powell,cold,0,152,2.7339,3.412573
scipy-powell,cold,0,153,2.7526,3.412567
scipy-powell,cold,0,154,2.7705,3.412564
scipy-powell,cold,0,155,2.7892,3.412562
scipy-powell,cold,0,156,2.8070,3.412560
scipy-powell,cold,0,157,2.8241,3.412559
scipy-powell,cold,0,158,2.8437,3.412559
scipy-powell,cold,0,159,2.8627,3.412559
scipy-powell,cold,0,160,2.8827,3.412558
scipy-powell,cold,0,161,2.9026,3.412558
scipy-powell,cold,0,162,2.9201,3.412558
scipy-powell,cold,0,163,2.9388,3.412558
scipy-powell,cold,0,164,2.9567,3.412558
scipy-powell,cold,0,165,2.9751,3.412558
scipy-powell,cold,0,166,2.9932,3.412558
scipy-powell,cold,0,167,3.0124,3.412558
scipy-powell,cold,0,168,3.0307,3.412558
scipy-powell,cold,0,169,3.0496,2.809671
scipy-powell,cold,0,171,3.0893,2.618350
scipy-powell,cold,0,173,3.1284,2.615581
scipy-powell,cold,0,174,3.1463,2.615580
scipy-powell,cold,0,175,3.1651,2.615485
scipy-powell,cold,0,177,3.2010,2.615485
scipy-powell,cold,0,179,3.2381,2.615485
scipy-powell,cold,0,183,3.3101,2.615441
scipy-powell,cold,0,184,3.3273,2.614898
scipy-powell,cold,0,185,3.3442,2.614590
scipy-powell,cold,0,186,3.3623,2.614415
scipy-powell,cold,0,187,3.3796,2.614314
scipy-powell,cold,0,188,3.3968,2.614255
scipy-powell,cold,0,189,3.4168,2.614220
scipy-powell,cold,0,190,3.4365,2.614198
scipy-powell,cold,0,191,3.4572,2.614185
scipy-powell,cold,0,192,3.4774,2.614177
scipy-powell,cold,0,193,3.4971,2.614172
scipy-powell,cold,0,194,3.5164,2.614169
scipy-powell,cold,0,195,3.5347,2.614167
scipy-powell,cold,0,196,3.5527,2.614166
scipy-powell,cold,0,197,3.5711,2.614165
scipy-powell,cold,0,198,3.5878,2.614165
scipy-powell,cold,0,199,3.6058,2.614164
scipy-powell,cold,0,200,3.6237,2.614164
scipy-powell,cold,0,201,3.6416,2.614164
scipy-powell,cold,0,202,3.6595,2.614164
scipy-powell,cold,0,203,3.6771,2.614164
scipy-powell,cold,0,204,3.6939,2.614164
scipy-powell,cold,0,205,3.7109,2.614164
scipy-powell,cold,0,206,3.7280,2.614164
scipy-powell,cold,0,207,3.7456,2.614164
scipy-powell,cold,0,208,3.7630,2.614164
scipy-powell,cold,0,209,3.7806,2.614164
scipy-powell,cold,0,210,3.7988,2.614164
scipy-powell,cold,0,211,3.8166,2.614164
scipy-powell,cold,0,212,3.8344,2.614164
scipy-powell,cold,0,213,3.8531,2.614164
scipy-powell,cold,0,214,3.8717,2.614164
scipy-powell,cold,0,215,3.8905,2.614164
scipy-powell,cold,0,216,3.9086,2.614164
scipy-powell,cold,0,217,3.9273,2.614164
scipy-powell,cold,0,218,3.9455,2.614164
scipy-powell,cold,0,219,3.9630,2.614164
scipy-powell,cold,0,220,3.9817,2.612750
scipy-powell,cold,0,222,4.0180,2.612640
scipy-powell,cold,0,223,4.0362,2.612632
scipy-powell,cold,0,224,4.0548,2.612632
scipy-powell,cold,0,225,4.0723,2.612632
scipy-powell,cold,0,227,4.1095,2.612632
scipy-powell,cold,0,229,4.1469,2.612632
scipy-powell,cold,0,231,4.1825,2.612632
scipy-powell,cold,0,244,4.4164,2.611477
scipy-powell,cold,0,245,4.4354,2.608804
scipy-powell,cold,0,246,4.4533,2.606873
scipy-powell,cold,0,247,4.4740,2.605565
scipy-powell,cold,0,248,4.4923,2.604718
scipy-powell,cold,0,249,4.5108,2.604179
scipy-powell,cold,0,250,4.5290,2.603841
scipy-powell,cold,0,251,4.5469,2.603629
scipy-powell,cold,0,252,4.5639,2.603498
scipy-powell,cold,0,253,4.5810,2.603417
scipy-powell,cold,0,254,4.5977,2.603366
scipy-powell,cold,0,255,4.6144,2.603335
scipy-powell,cold,0,256,4.6314,2.603315
scipy-powell,cold,0,257,4.6491,2.603303
scipy-powell,cold,0,258,4.6661,2.603296
scipy-powell,cold,0,259,4.6837,2.603291
scipy-powell,cold,0,260,4.7010,2.603289
scipy-powell,cold,0,261,4.7180,2.603287
scipy-powell,cold,0,262,4.7349,2.603286
scipy-powell,cold,0,263,4.7522,2.603285
scipy-powell,cold,0,264,4.7686,2.603285
scipy-powell,cold,0,265,4.7858,2.603285
scipy-powell,cold,0,266,4.8028,2.603284
scipy-powell,cold,0,267,4.8200,2.603284
scipy-powell,cold,0,268,4.8371,2.603284
scipy-powell,cold,0,269,4.8536,2.603284
scipy-powell,cold,0,270,4.8715,2.603284
scipy-powell,cold,0,271,4.8912,2.603284
scipy-powell,cold,0,272,4.9104,2.603284
scipy-powell,cold,0,273,4.9302,2.603284
scipy-powell,cold,0,274,4.9497,2.603284
scipy-powell,cold,0,275,4.9696,2.603284
scipy-powell,cold,0,276,4.9878,2.603284
scipy-powell,cold,0,277,5.0052,2.603284
scipy-powell,cold,0,278,5.0236,2.603284
scipy-powell,cold,0,279,5.0437,2.603284
scipy-powell,cold,0,280,5.0616,2.542984
scipy-powell,cold,0,282,5.0972,2.481926
scipy-powell,cold,0,283,5.1156,2.479048
scipy-powell,cold,0,284,5.1342,2.479044
scipy-powell,cold,0,285,5.1524,2.479035
scipy-powell,cold,0,286,5.1694,2.479035
scipy-powell,cold,0,287,5.1872,2.479034
scipy-powell,cold,0,289,5.2227,2.479034
scipy-powell,cold,0,290,5.2409,2.479034
scipy-powell,cold,0,291,5.2587,2.479034
scipy-powell,cold,0,292,5.2758,2.479034
scipy-powell,cold,0,293,5.2943,2.479034
scipy-powell,cold,0,299,5.4014,2.479034
scipy-powell,cold,0,329,5.9552,0.487192
scipy-powell,cold,0,331,5.9892,0.291092
scipy-powell,cold,0,332,6.0064,0.228232
scipy-powell,cold,0,334,6.0417,0.225405
scipy-powell,cold,0,335,6.0594,0.222666
scipy-powell,cold,0,336,6.0770,0.222665
scipy-powell,cold,0,337,6.0949,0.222660
scipy-powell,cold,0,339,6.1290,0.222660
scipy-powell,cold,0,340,6.1463,0.222660
scipy-powell,cold,0,341,6.1636,0.222660
scipy-powell,cold,0,344,6.2160,0.220950
scipy-powell,cold,0,345,6.2329,0.220866
scipy-powell,cold,0,346,6.2502,0.220845
scipy-powell,cold,0,350,6.3199,0.220845
scipy-powell,cold,0,352,6.3555,0.220844
scipy-powell,cold,0,353,6.3738,0.220844
scipy-powell,cold,0,354,6.3913,0.220844
scipy-powell,cold,0,356,6.4270,0.220844
scipy-powell,cold,0,357,6.4442,0.220844
scipy-powell,cold,0,358,6.4613,0.220844
scipy-powell,cold,0,372,6.6960,0.220843
scipy-powell,cold,0,375,6.7462,0.220843
scipy-powell,cold,0,376,6.7630,0.220843
scipy-powell,cold,0,377,6.7798,0.220843
scipy-powell,cold,0,379,6.8139,0.220843
scipy-powell,cold,0,380,6.8306,0.220843
scipy-powell,cold,0,381,6.8473,0.220843
scipy-powell,cold,0,382,6.8639,0.220843
scipy-powell,cold,0,383,6.8805,0.220843
scipy-powell,cold,0,384,6.8972,0.220843
scipy-powell,cold,0,385,6.9140,0.220843
scipy-powell,cold,0,396,7.1059,0.212425
scipy-powell,cold,0,398,7.1420,0.199393
scipy-powell,cold,0,399,7.1609,0.193039
scipy-powell,cold,0,400,7.1805,0.190613
scipy-powell,cold,0,401,7.1986,0.189708
scipy-powell,cold,0,402,7.2174,0.189371
scipy-powell,cold,0,403,7.2363,0.189246
scipy-powell,cold,0,404,7.2548,0.189201
scipy-powell,cold,0,405,7.2729,0.189185
scipy-powell,cold,0,406,7.2920,0.189178
scipy-powell,cold,0,407,7.3112,0.189178
scipy-powell,cold,0,408,7.3278,0.189178
scipy-powell,cold,0,411,7.3835,0.189114
scipy-powell,cold,0,412,7.4016,0.188691
scipy-powell,cold,0,413,7.4206,0.188456
scipy-powell,cold,0,414,7.4384,0.188355
scipy-powell,cold,0,415,7.4572,0.188309
scipy-powell,cold,0,416,7.4753,0.188287
scipy-powell,cold,0,417,7.4936,0.188276
scipy-powell,cold,0,418,7.5115,0.188269
scipy-powell,cold,0,419,7.5300,0.188266
scipy-powell,cold,0,420,7.5490,0.188264
scipy-powell,cold,0,421,7.5685,0.188262
scipy-powell,cold,0,422,7.5883,0.188262
scipy-powell,cold,0,423,7.6072,0.188261
scipy-powell,cold,0,424,7.6243,0.188261
scipy-powell,cold,0,425,7.6411,0.188261
scipy-powell,cold,0,426,7.6605,0.188261
scipy-powell,cold,0,427,7.6791,0.188260
scipy-powell,cold,0,428,7.6981,0.188260
scipy-powell,cold,0,429,7.7169,0.188260
scipy-powell,cold,0,430,7.7343,0.188260
scipy-powell,cold,0,431,7.7523,0.188260
scipy-powell,cold,0,432,7.7700,0.188260
scipy-powell,cold,0,433,7.7881,0.188260
scipy-powell,cold,0,434,7.8054,0.188260
scipy-powell,cold,0,435,7.8230,0.188260
scipy-powell,cold,0,436,7.8408,0.188260
scipy-powell,cold,0,437,7.8579,0.188260
scipy-powell,cold,0,438,7.8744,0.188260
scipy-powell,cold,0,439,7.8916,0.188260
scipy-powell,cold,0,440,7.9083,0.188260
scipy-powell,cold,0,441,7.9262,0.188260
scipy-powell,cold,0,442,7.9434,0.188260
scipy-powell,cold,0,443,7.9619,0.188260
scipy-powell,cold,0,444,7.9802,0.188260
scipy-powell,cold,0,445,7.9988,0.188260
scipy-powell,cold,0,446,8.0162,0.188260
scipy-powell,cold,0,451,8.1065,0.187816
scipy-powell,cold,0,452,8.1249,0.187606
scipy-powell,cold,0,453,8.1426,0.187526
scipy-powell,cold,0,454,8.1604,0.187497
scipy-powell,cold,0,455,8.1784,0.187486
scipy-powell,cold,0,456,8.1962,0.187482
scipy-powell,cold,0,457,8.2133,0.187480
scipy-powell,cold,0,458,8.2307,0.187480
scipy-powell,cold,0,459,8.2489,0.187480
scipy-powell,cold,0,469,8.4317,0.187480
scipy-powell,cold,0,470,8.4498,0.187480
scipy-powell,cold,0,471,8.4685,0.187480
scipy-powell,cold,0,488,8.7844,0.172777
scipy-powell,cold,0,489,8.8029,0.154935
scipy-powell,cold,0,490,8.8201,0.145843
scipy-powell,cold,0,491,8.8373,0.140971
scipy-powell,cold,0,492,8.8551,0.138238
scipy-powell,cold,0,493,8.8734,0.136653
scipy-powell,cold,0,494,8.8909,0.135711
scipy-powell,cold,0,495,8.9086,0.135144
scipy-powell,cold,0,496,8.9265,0.134799
scipy-powell,cold,0,497,8.9448,0.134588
scipy-powell,cold,0,498,8.9630,0.134458
scipy-powell,cold,0,499,8.9817,0.134379
scipy-powell,cold,0,500,8.9995,0.134329
scipy-powell,cold,0,501,9.0175,0.134299
scipy-powell,cold,0,502,9.0354,0.134280
scipy-powell,cold,0,503,9.0532,0.134269
scipy-powell,cold,0,504,9.0709,0.134261
scipy-powell,cold,0,505,9.0888,0.134257
scipy-powell,cold,0,506,9.1085,0.134254
scipy-powell,cold,0,507,9.1280,0.134253
scipy-powell,cold,0,508,9.1460,0.134252
scipy-powell,cold,0,509,9.1633,0.134251
scipy-powell,cold,0,510,9.1814,0.134250
scipy-powell,cold,0,511,9.1991,0.134250
scipy-powell,cold,0,512,9.2176,0.134250
scipy-powell,cold,0,513,9.2365,0.134250
scipy-powell,cold,0,514,9.2541,0.134250
scipy-powell,cold,0,515,9.2719,0.134250
scipy-powell,cold,0,516,9.2892,0.134250
scipy-powell,cold,0,517,9.3060,0.134250
scipy-powell,cold,0,518,9.3231,0.134250
scipy-powell,cold,0,519,9.3400,0.134250
scipy-powell,cold,0,520,9.3581,0.134250
scipy-powell,cold,0,521,9.3760,0.134250
scipy-powell,cold,0,522,9.3940,0.134250
scipy-powell,cold,0,523,9.4117,0.134250
scipy-powell,cold,0,524,9.4298,0.125319
scipy-powell,cold,0,526,9.4655,0.114580
scipy-powell,cold,0,527,9.4826,0.114557
scipy-powell,cold,0,528,9.4995,0.114428
scipy-powell,cold,0,530,9.5342,0.114404
scipy-powell,cold,0,531,9.5514,0.114402
scipy-powell,cold,0,532,9.5685,0.114402
scipy-powell,cold,0,533,9.5867,0.114402
scipy-powell,cold,0,534,9.6053,0.114402
scipy-powell,cold,0,535,9.6245,0.114402
scipy-powell,cold,0,571,10.2460,0.114402
scipy-powell,cold,0,592,10.6086,0.114046
scipy-powell,cold,0,593,10.6270,0.113866
scipy-powell,cold,0,594,10.6440,0.113839
scipy-powell,cold,0,595,10.6615,0.113839
scipy-powell,cold,0,596,10.6815,0.113839
scipy-powell,cold,0,597,10.7000,0.113839
scipy-powell,cold,0,598,10.7181,0.113839
scipy-powell,cold,0,604,10.8264,0.113691
scipy-powell,cold,0,605,10.8436,0.113689
scipy-powell,cold,0,606,10.8608,0.113656
scipy-powell,cold,0,607,10.8779,0.113647
scipy-powell,cold,0,609,10.9121,0.113647
scipy-powell,cold,0,610,10.9291,0.113647
scipy-powell,cold,0,611,10.9463,0.113647
scipy-powell,cold,0,612,10.9631,0.113647
scipy-powell,cold,0,624,11.1687,0.113647
scipy-powell,cold,0,626,11.2046,0.113647
scipy-powell,cold,0,627,11.2240,0.113647
scipy-powell,cold,0,628,11.2420,0.113647
scipy-powell,cold,0,629,11.2610,0.113647
scipy-powell,cold,0,639,11.4443,0.113634
scipy-powell,cold,0,640,11.4627,0.113633
scipy-powell,cold,0,641,11.4810,0.113633
scipy-powell,cold,0,642,11.4991,0.113633
scipy-powell,cold,0,643,11.5170,0.113633
scipy-powell,cold,0,644,11.5346,0.113633
scipy-powell,cold,0,645,11.5525,0.113633
scipy-powell,cold,0,653,11.7003,0.113509
scipy-powell,cold,0,655,11.7372,0.113458
scipy-powell,cold,0,656,11.7550,0.113428
scipy-powell,cold,0,657,11.7724,0.113410
scipy-powell,cold,0,658,11.7892,0.113400
scipy-powell,cold,0,659,11.8072,0.113394
scipy-powell,cold,0,660,11.8259,0.113390
scipy-powell,cold,0,661,11.8457,0.113388
scipy-powell,cold,0,662,11.8643,0.113387
scipy-powell,cold,0,663,11.8835,0.113386
scipy-powell,cold,0,664,11.9017,0.113386
scipy-powell,cold,0,665,11.9198,0.113385
scipy-powell,cold,0,666,11.9373,0.113385
scipy-powell,cold,0,667,11.9565,0.113385
scipy-powell,cold,0,668,11.9750,0.113385
scipy-powell,cold,0,669,11.9929,0.113385
scipy-powell,cold,0,670,12.0115,0.113385
scipy-powell,cold,0,671,12.0308,0.113385
scipy-powell,cold,0,672,12.0506,0.113385
scipy-powell,cold,0,673,12.0708,0.113385
scipy-powell,cold,0,674,12.0895,0.113385
scipy-powell,cold,0,675,12.1094,0.113385
scipy-powell,cold,0,676,12.1287,0.113385
scipy-powell,cold,0,677,12.1479,0.113385
scipy-powell,cold,0,678,12.1657,0.113385
scipy-powell,cold,0,679,12.1845,0.113385
scipy-powell,cold,0,680,12.2026,0.113385
scipy-powell,cold,0,681,12.2212,0.113385
scipy-powell,cold,0,682,12.2402,0.113385
scipy-powell,cold,0,683,12.2583,0.113385
scipy-powell,cold,0,684,12.2766,0.113385
scipy-powell,cold,0,685,12.2953,0.113385
scipy-powell,cold,0,686,12.3134,0.113385
scipy-powell,cold,0,687,12.3317,0.113385
scipy-powell,cold,0,688,12.3495,0.113385
scipy-powell,cold,0,689,12.3685,0.112423
scipy-powell,cold,0,692,12.4225,0.112401
scipy-powell,cold,0,694,12.4584,0.112401
scipy-powell,cold,0,695,12.4763,0.112401
scipy-powell,cold,0,696,12.4949,0.112401
scipy-powell,cold,0,697,12.5130,0.112401
scipy-powell,cold,0,702,12.6115,0.112401
scipy-powell,cold,0,704,12.6516,0.107346
scipy-powell,cold,0,706,12.6915,0.104339
scipy-powell,cold,0,707,12.7099,0.102446
scipy-powell,cold,0,708,12.7279,0.101297
scipy-powell,cold,0,709,12.7467,0.100601
scipy-powell,cold,0,710,12.7657,0.100179
scipy-powell,cold,0,711,12.7840,0.099922
scipy-powell,cold,0,712,12.8030,0.099764
scipy-powell,cold,0,713,12.8210,0.099667
scipy-powell,cold,0,714,12.8395,0.099607
scipy-powell,cold,0,715,12.8580,0.099570
scipy-powell,cold,0,716,12.8769,0.099547
scipy-powell,cold,0,717,12.8950,0.099533
scipy-powell,cold,0,718,12.9128,0.099524
scipy-powell,cold,0,719,12.9311,0.099519
scipy-powell,cold,0,720,12.9493,0.099516
scipy-powell,cold,0,721,12.9680,0.099514
scipy-powell,cold,0,722,12.9858,0.099512
scipy-powell,cold,0,723,13.0035,0.099512
scipy-powell,cold,0,724,13.0212,0.099511
scipy-powell,cold,0,725,13.0394,0.099511
scipy-powell,cold,0,726,13.0563,0.099511
scipy-powell,cold,0,727,13.0745,0.099510
scipy-powell,cold,0,728,13.0926,0.099510
scipy-powell,cold,0,729,13.1106,0.099510
scipy-powell,cold,0,730,13.1293,0.099510
scipy-powell,cold,0,731,13.1482,0.099510
scipy-powell,cold,0,732,13.1677,0.099510
scipy-powell,cold,0,733,13.1871,0.099510
scipy-powell,cold,0,734,13.2056,0.099510
scipy-powell,cold,0,735,13.2245,0.099510
scipy-powell,cold,0,736,13.2422,0.099510
scipy-powell,cold,0,737,13.2611,0.099510
scipy-powell,cold,0,738,13.2799,0.099510
scipy-powell,cold,0,739,13.2999,0.099510
scipy-powell,cold,0,740,13.3198,0.099510
scipy-powell,cold,0,741,13.3395,0.091390
scipy-powell,cold,0,743,13.3792,0.090448
scipy-powell,cold,0,745,13.4170,0.090447
scipy-powell,cold,0,747,13.4535,0.090447
scipy-powell,cold,0,748,13.4721,0.090447
scipy-powell,cold,0,749,13.4907,0.090447
scipy-powell,cold,0,750,13.5088,0.090447
scipy-powell,cold,0,751,13.5278,0.090447
scipy-powell,cold,0,755,13.6003,0.090438
scipy-powell,cold,0,756,13.6185,0.090438
scipy-powell,cold,0,757,13.6369,0.090437
scipy-powell,cold,0,759,13.6723,0.090437
scipy-powell,cold,0,760,13.6911,0.090437
scipy-powell,cold,0,761,13.7102,0.090437
scipy-powell,cold,0,773,13.9360,0.090436
scipy-powell,cold,0,774,13.9551,0.090436
scipy-powell,cold,0,775,13.9746,0.090436
scipy-powell,cold,0,776,13.9937,0.090436
scipy-powell,cold,0,777,14.0119,0.090436
scipy-powell,cold,0,779,14.0486,0.090436
scipy-powell,cold,0,783,14.1221,0.090436
scipy-powell,cold,0,792,14.2845,0.090435
scipy-powell,cold,0,793,14.3023,0.090435
scipy-powell,cold,0,794,14.3200,0.090435
scipy-powell,cold,0,795,14.3379,0.090435
scipy-powell,cold,0,796,14.3555,0.090435
scipy-powell,cold,0,799,14.4090,0.090435
scipy-powell,cold,0,805,14.5149,0.090435
scipy-powell,cold,0,806,14.5324,0.090435
scipy-powell,cold,0,807,14.5502,0.090435
scipy-powell,cold,0,808,14.5680,0.090435
scipy-powell,cold,0,826,14.8941,0.090434
scipy-powell,cold,0,827,14.9124,0.090434
scipy-powell,cold,0,828,14.9303,0.090434
scipy-powell,cold,0,829,14.9485,0.090434
scipy-powell,cold,0,831,14.9844,0.090434
scipy-powell,cold,0,840,15.1496,0.090434
scipy-powell,cold,0,841,15.1678,0.090434
scipy-powell,cold,0,842,15.1851,0.090434
scipy-powell,cold,0,843,15.2033,0.090434
scipy-powell,cold,0,845,15.2392,0.090434
scipy-powell,cold,0,862,15.5376,0.090433
scipy-powell,cold,0,863,15.5555,0.090433
scipy-powell,cold,0,864,15.5735,0.090433
scipy-powell,cold,0,865,15.5911,0.090433
scipy-powell,cold,0,886,15.9676,0.090433
scipy-powell,cold,0,896,16.1522,0.090433
scipy-powell,cold,0,897,16.1691,0.090433
scipy-powell,cold,0,898,16.1875,0.090433
scipy-powell,cold,0,899,16.2058,0.090433
scipy-powell,cold,0,900,16.2246,0.090433
scipy-powell,cold,0,922,16.6310,0.090422
scipy-powell,cold,0,924,16.6689,0.090420
scipy-powell,cold,0,925,16.6884,0.090420
scipy-powell,cold,0,926,16.7106,0.090420
scipy-powell,cold,0,927,16.7326,0.090420
scipy-powell,cold,0,928,16.7536,0.090420
scipy-powell,cold,0,929,16.7745,0.090420
scipy-powell,cold,0,930,16.7939,0.090420
scipy-powell,cold,0,932,16.8347,0.090420
scipy-powell,cold,0,942,17.0310,0.090410
scipy-powell,cold,0,943,17.0502,0.090391
scipy-powell,cold,0,944,17.0690,0.090389
scipy-powell,cold,0,945,17.0879,0.090388
scipy-powell,cold,0,946,17.1071,0.090388
scipy-powell,cold,0,947,17.1266,0.090388
scipy-powell,cold,0,948,17.1453,0.090388
scipy-powell,cold,0,949,17.1649,0.090388
scipy-powell,cold,0,950,17.1834,0.090388
scipy-powell,cold,0,960,17.3752,0.090388
scipy-powell,cold,0,964,17.4519,0.090328
scipy-powell,cold,0,966,17.4922,0.090323
scipy-powell,cold,0,967,17.5122,0.090321
scipy-powell,cold,0,968,17.5309,0.090321
scipy-powell,cold,0,969,17.5504,0.090321
scipy-powell,cold,0,970,17.5691,0.090321
scipy-powell,cold,0,972,17.6053,0.090321
scipy-powell,cold,0,978,17.7128,0.090318
scipy-powell,cold,0,979,17.7340,0.090317
scipy-powell,cold,0,980,17.7531,0.090317
scipy-powell,cold,0,981,17.7716,0.090317
scipy-powell,cold,0,982,17.7902,0.090317
scipy-powell,cold,0,983,17.8093,0.090317
scipy-powell,cold,0,992,17.9836,0.090214
scipy-powell,cold,0,994,18.0311,0.090203
scipy-powell,cold,0,995,18.0549,0.090201
scipy-powell,cold,0,996,18.0780,0.090201
scipy-powell,cold,0,997,18.0975,0.090201
scipy-powell,cold,0,998,18.1161,0.090201
scipy-powell,cold,0,999,18.1336,0.090201
scipy-powell,cold,0,1002,18.1881,0.090201
scipy-powell,cold,0,1009,18.3187,0.090178
scipy-powell,cold,0,1011,18.3557,0.090177
scipy-powell,cold,0,1012,18.3751,0.090177
scipy-powell,cold,0,1014,18.4112,0.090177
scipy-powell,cold,0,1015,18.4295,0.090177
scipy-powell,cold,0,1016,18.4471,0.090177
scipy-powell,cold,0,1018,18.4851,0.090177
scipy-powell,cold,0,1027,18.6481,0.090177
scipy-powell,cold,0,1028,18.6664,0.090167
scipy-powell,cold,0,1030,18.7035,0.090024
scipy-powell,cold,0,1031,18.7223,0.089956
scipy-powell,cold,0,1032,18.7406,0.089925
scipy-powell,cold,0,1033,18.7584,0.089911
scipy-powell,cold,0,1034,18.7771,0.089904
scipy-powell,cold,0,1035,18.7957,0.089900
scipy-powell,cold,0,1036,18.8141,0.089899
scipy-powell,cold,0,1037,18.8315,0.089898
scipy-powell,cold,0,1038,18.8499,0.089897
scipy-powell,cold,0,1039,18.8694,0.089897
scipy-powell,cold,0,1040,18.8897,0.089896
scipy-powell,cold,0,1041,18.9080,0.089896
scipy-powell,cold,0,1042,18.9276,0.089896
scipy-powell,cold,0,1043,18.9459,0.089896
scipy-powell,cold,0,1044,18.9640,0.089896
scipy-powell,cold,0,1045,18.9839,0.089896
scipy-powell,cold,0,1046,19.0013,0.089896
scipy-powell,cold,0,1047,19.0202,0.089896
scipy-powell,cold,0,1048,19.0380,0.089896
scipy-powell,cold,0,1049,19.0560,0.089896
scipy-powell,cold,0,1050,19.0750,0.089896
scipy-powell,cold,0,1051,19.0940,0.089896
scipy-powell,cold,0,1052,19.1113,0.089896
scipy-powell,cold,0,1053,19.1294,0.089896
scipy-powell,cold,0,1054,19.1475,0.089896
scipy-powell,cold,0,1055,19.1648,0.089896
scipy-powell,cold,0,1056,19.1819,0.089896
scipy-powell,cold,0,1057,19.1993,0.089896
scipy-powell,cold,0,1058,19.2177,0.089896
scipy-powell,cold,0,1059,19.2366,0.089896
scipy-powell,cold,0,1060,19.2537,0.089896
scipy-powell,cold,0,1061,19.2707,0.089896
scipy-powell,cold,0,1062,19.2888,0.089896
scipy-powell,cold,0,1063,19.3076,0.089896
scipy-powell,cold,0,1064,19.3251,0.089896
scipy-powell,cold,0,1065,19.3439,0.089896
scipy-powell,cold,0,1068,19.3975,0.089852
scipy-powell,cold,0,1071,19.4517,0.089852
scipy-powell,cold,0,1072,19.4690,0.089852
scipy-powell,cold,0,1073,19.4865,0.089852
scipy-powell,cold,0,1074,19.5035,0.089852
scipy-powell,cold,0,1075,19.5210,0.089852
scipy-powell,cold,0,1076,19.5387,0.089852
scipy-powell,cold,0,1081,19.6278,0.089297
scipy-powell,cold,0,1082,19.6455,0.088649
scipy-powell,cold,0,1083,19.6627,0.088420
scipy-powell,cold,0,1084,19.6809,0.088353
scipy-powell,cold,0,1085,19.6990,0.088347
scipy-powell,cold,0,1086,19.7166,0.088347
scipy-powell,cold,0,1087,19.7335,0.088347
scipy-powell,cold,0,1088,19.7509,0.088347
scipy-powell,cold,0,1097,19.9077,0.088346
scipy-powell,cold,0,1098,19.9250,0.088346
scipy-powell,cold,0,1099,19.9420,0.088346
scipy-powell,cold,0,1100,19.9593,0.088346
scipy-powell,cold,0,1101,19.9767,0.088346
scipy-powell,cold,0,1102,19.9941,0.088346
scipy-powell,cold,0,1109,20.1192,0.088346
scipy-powell,cold,0,1110,20.1370,0.087909
scipy-powell,cold,0,1111,20.1543,0.087252
scipy-powell,cold,0,1112,20.1716,0.086747
scipy-powell,cold,0,1113,20.1892,0.086412
scipy-powell,cold,0,1114,20.2066,0.086200
scipy-powell,cold,0,1115,20.2238,0.086068
scipy-powell,cold,0,1116,20.2410,0.085986
scipy-powell,cold,0,1117,20.2585,0.085936
scipy-powell,cold,0,1118,20.2765,0.085904
scipy-powell,cold,0,1119,20.2947,0.085885
scipy-powell,cold,0,1120,20.3130,0.085873
scipy-powell,cold,0,1121,20.3320,0.085866
scipy-powell,cold,0,1122,20.3514,0.085861
scipy-powell,cold,0,1123,20.3693,0.085858
scipy-powell,cold,0,1124,20.3862,0.085857
scipy-powell,cold,0,1125,20.4035,0.085856
scipy-powell,cold,0,1126,20.4206,0.085855
scipy-powell,cold,0,1127,20.4379,0.085855
scipy-powell,cold,0,1128,20.4555,0.085854
scipy-powell,cold,0,1129,20.4733,0.085854
scipy-powell,cold,0,1130,20.4911,0.085854
scipy-powell,cold,0,1131,20.5094,0.085854
scipy-powell,cold,0,1132,20.5271,0.085854
scipy-powell,cold,0,1133,20.5442,0.085854
scipy-powell,cold,0,1134,20.5646,0.085854
scipy-powell,cold,0,1135,20.5832,0.085854
scipy-powell,cold,0,1136,20.6013,0.085854
scipy-powell,cold,0,1137,20.6190,0.085854
scipy-powell,cold,0,1138,20.6370,0.085854
scipy-powell,cold,0,1139,20.6543,0.085854
scipy-powell,cold,0,1140,20.6714,0.085854
scipy-powell,cold,0,1141,20.6891,0.085854
scipy-powell,cold,0,1142,20.7081,0.085854
scipy-powell,cold,0,1143,20.7253,0.085854
scipy-powell,cold,0,1144,20.7425,0.085854
scipy-powell,cold,0,1145,20.7597,0.085854
scipy-powell,cold,0,1146,20.7787,0.082175
scipy-powell,cold,0,1148,20.8151,0.081817
scipy-powell,cold,0,1149,20.8337,0.081816
scipy-powell,cold,0,1150,20.8510,0.081814
scipy-powell,cold,0,1152,20.8867,0.081813
scipy-powell,cold,0,1153,20.9050,0.081813
scipy-powell,cold,0,1154,20.9229,0.081813
scipy-powell,cold,0,1155,20.9419,0.081813
scipy-powell,cold,0,1156,20.9595,0.081813
scipy-powell,cold,0,1157,20.9770,0.081813
scipy-powell,cold,0,1158,20.9948,0.081813
scipy-powell,cold,0,1160,21.0294,0.058112
scipy-powell,cold,0,1162,21.0640,0.057310
scipy-powell,cold,0,1164,21.0993,0.057308
scipy-powell,cold,0,1165,21.1174,0.057308
scipy-powell,cold,0,1166,21.1364,0.057308
scipy-powell,cold,0,1167,21.1561,0.057308
scipy-powell,cold,0,1168,21.1747,0.057308
scipy-powell,cold,0,1169,21.1941,0.057308
scipy-powell,cold,0,1174,21.2847,0.057297
scipy-powell,cold,0,1177,21.3367,0.057261
scipy-powell,cold,0,1179,21.3716,0.057253
scipy-powell,cold,0,1180,21.3888,0.057253
scipy-powell,cold,0,1181,21.4061,0.057253
scipy-powell,cold,0,1182,21.4233,0.057253
scipy-powell,cold,0,1183,21.4407,0.057253
scipy-powell,cold,0,1184,21.4582,0.057253
scipy-powell,cold,0,1185,21.4756,0.057253
scipy-powell,cold,0,1189,21.5453,0.054215
scipy-powell,cold,0,1190,21.5633,0.054126
scipy-powell,cold,0,1193,21.6222,0.054124
scipy-powell,cold,0,1194,21.6401,0.054114
scipy-powell,cold,0,1196,21.6771,0.054114
scipy-powell,cold,0,1197,21.6951,0.054114
scipy-powell,cold,0,1199,21.7329,0.054114
scipy-powell,cold,0,1200,21.7505,0.054114
scipy-powell,cold,0,1201,21.7689,0.054114
scipy-powell,cold,0,1202,21.7873,0.054114
scipy-powell,cold,0,1203,21.8056,0.054114
scipy-powell,cold,0,1204,21.8236,0.054114
scipy-powell,cold,0,1213,21.9833,0.054112
scipy-powell,cold,0,1216,22.0379,0.054110
scipy-powell,cold,0,1217,22.0563,0.054110
scipy-powell,cold,0,1221,22.1279,0.054110
scipy-powell,cold,0,1222,22.1453,0.054110
scipy-powell,cold,0,1223,22.1621,0.054110
scipy-powell,cold,0,1230,22.2847,0.046598
scipy-powell,cold,0,1231,22.3021,0.024168
scipy-powell,cold,0,1232,22.3192,0.012244
scipy-powell,cold,0,1233,22.3367,0.008644
scipy-powell,cold,0,1234,22.3540,0.007845
scipy-powell,cold,0,1236,22.3890,0.007629
scipy-powell,cold,0,1237,22.4083,0.007511
scipy-powell,cold,0,1238,22.4267,0.007443
scipy-powell,cold,0,1239,22.4439,0.007403
scipy-powell,cold,0,1240,22.4613,0.007378
scipy-powell,cold,0,1241,22.4788,0.007364
scipy-powell,cold,0,1242,22.4961,0.007354
scipy-powell,cold,0,1243,22.5134,0.007349
scipy-powell,cold,0,1244,22.5308,0.007345
scipy-powell,cold,0,1245,22.5482,0.007343
scipy-powell,cold,0,1246,22.5655,0.007342
scipy-powell,cold,0,1247,22.5831,0.007341
scipy-powell,cold,0,1248,22.6008,0.007341
scipy-powell,cold,0,1249,22.6185,0.007340
scipy-powell,cold,0,1250,22.6357,0.007340
scipy-powell,cold,0,1251,22.6530,0.007340
scipy-powell,cold,0,1252,22.6703,0.007340
scipy-powell,cold,0,1253,22.6876,0.007340
scipy-powell,cold,0,1254,22.7040,0.007340
scipy-powell,cold,0,1255,22.7219,0.007340
scipy-powell,cold,0,1256,22.7394,0.007340
scipy-powell,cold,0,1257,22.7570,0.007340
scipy-powell,cold,0,1258,22.7744,0.007340
scipy-powell,cold,0,1259,22.7920,0.007340
scipy-powell,cold,0,1260,22.8090,0.007340
scipy-powell,cold,0,1261,22.8272,0.007340
scipy-powell,cold,0,1262,22.8452,0.007340
scipy-powell,cold,0,1263,22.8622,0.007340
scipy-powell,cold,0,1264,22.8796,0.007340
scipy-powell,cold,0,1265,22.8967,0.007340
scipy-powell,cold,0,1266,22.9133,0.007340
scipy-powell,cold,0,1270,22.9819,0.007189
scipy-powell,cold,0,1271,23.0001,0.006680
scipy-powell,cold,0,1272,23.0170,0.006679
scipy-powell,cold,0,1275,23.0691,0.006679
scipy-powell,cold,0,1277,23.1039,0.006679
scipy-powell,cold,0,1278,23.1212,0.006679
scipy-powell,cold,0,1279,23.1387,0.006679
scipy-powell,cold,0,1280,23.1560,0.006679
scipy-powell,cold,0,1281,23.1735,0.006679
scipy-powell,cold,0,1282,23.1919,0.006679
scipy-powell,cold,0,1287,23.2779,0.006660
scipy-powell,cold,0,1289,23.3131,0.006660
scipy-powell,cold,0,1290,23.3305,0.006660
scipy-powell,cold,0,1291,23.3480,0.006660
scipy-powell,cold,0,1292,23.3654,0.006660
scipy-powell,cold,0,1295,23.4185,0.006660
scipy-powell,cold,0,1301,23.5220,0.006658
scipy-powell,cold,0,1302,23.5395,0.006658
scipy-powell,cold,0,1303,23.5570,0.006658
scipy-powell,cold,0,1304,23.5745,0.006658
scipy-powell,cold,0,1305,23.5920,0.006658
scipy-powell,cold,0,1324,23.9281,0.006658
scipy-powell,cold,0,1330,24.0453,0.006658
scipy-powell,cold,0,1331,24.0625,0.006658
scipy-powell,cold,0,1332,24.0799,0.006658
scipy-powell,cold,0,1345,24.3129,0.006658
scipy-powell,cold,0,1346,24.3306,0.006658
scipy-powell,cold,0,1352,24.4367,0.006658
scipy-powell,cold,0,1357,24.5262,0.006658
scipy-powell,cold,0,1358,24.5429,0.006658
scipy-powell,cold,0,1359,24.5605,0.006658
scipy-powell,cold,0,1379,24.9155,0.006658
scipy-powell,cold,0,1392,25.1399,0.006658
scipy-powell,cold,0,1394,25.1733,0.006658
scipy-powell,cold,0,1395,25.1901,0.006658
scipy-powell,cold,0,1419,25.5932,0.006658
scipy-powell,cold,0,1420,25.6104,0.006658
scipy-powell,cold,0,1436,25.8886,0.006658
scipy-powell,cold,0,1437,25.9062,0.006658
scipy-powell,cold,0,1438,25.9233,0.006658
scipy-powell,cold,0,1446,26.0624,0.006658
scipy-powell,cold,0,1451,26.1489,0.006658
scipy-powell,cold,0,1453,26.1848,0.006658
scipy-powell,cold,0,1456,26.2366,0.006658
scipy-powell,cold,0,1468,26.4664,0.006658
scipy-powell,cold,0,1469,26.4862,0.006658
scipy-powell,cold,0,1470,26.5051,0.006658
scipy-powell,cold,0,1492,26.8882,0.006658
scipy-powell,cold,0,1506,27.1319,0.006658
scipy-powell,cold,0,1507,27.1487,0.006658
scipy-powell,cold,0,1508,27.1665,0.006658
scipy-powell,cold,0,1509,27.1834,0.006658
scipy-powell,cold,0,1526,27.4746,0.006658
scipy-powell,cold,0,1548,27.8476,0.006658
scipy-powell,cold,0,1549,27.8642,0.006658
scipy-powell,cold,0,1550,27.8811,0.006658
scipy-powell,cold,0,1573,28.2715,0.006658
scipy-powell,cold,0,1574,28.2881,0.006658
scipy-powell,cold,0,1575,28.3051,0.006658
scipy-powell,cold,0,1577,28.3390,0.006658
scipy-powell,cold,0,1590,28.5605,0.006658
scipy-powell,cold,0,1591,28.5788,0.006658
scipy-powell,cold,0,1592,28.5964,0.006658
scipy-powell,cold,0,1593,28.6133,0.006658
scipy-powell,cold,0,1595,28.6496,0.006658
scipy-powell,cold,0,1604,28.8033,0.006658
scipy-powell,cold,0,1606,28.8363,0.006658
scipy-powell,cold,0,1607,28.8530,0.006658
scipy-powell,cold,0,1608,28.8697,0.006658
scipy-powell,cold,0,1618,29.0460,0.006658
scipy-powell,cold,0,1619,29.0628,0.006658
scipy-powell,cold,0,1620,29.0794,0.006658
scipy-powell,cold,0,1654,29.6910,0.006658
scipy-powell,cold,0,1655,29.7092,0.006658
scipy-powell,cold,0,1656,29.7262,0.006658
scipy-powell,cold,0,1657,29.7442,0.006658
scipy-powell,cold,0,1659,29.7776,0.006658
scipy-powell,cold,0,1674,30.0323,0.006658
scipy-powell,cold,0,1675,30.0500,0.006658
scipy-powell,cold,0,1676,30.0673,0.006658
scipy-powell,cold,0,1677,30.0850,0.006658
scipy-powell,cold,0,1686,30.2439,0.006658
scipy-powell,cold,0,1687,30.2604,0.006658
scipy-powell,cold,0,1688,30.2768,0.006658
scipy-powell,cold,0,1689,30.2941,0.006658
scipy-powell,cold,0,1691,30.3274,0.006658
scipy-powell,cold,0,1697,30.4301,0.006658
scipy-powell,cold,0,1698,30.4484,0.006658
scipy-powell,cold,0,1699,30.4664,0.006658
scipy-powell,cold,0,1700,30.4850,0.006658
scipy-powell,cold,0,1701,30.5025,0.006658
scipy-powell,cold,0,1729,31.0137,0.006658
scipy-powell,cold,0,1730,31.0324,0.006658
scipy-powell,cold,0,1731,31.0520,0.006658
scipy-powell,cold,0,1755,31.4618,0.006658
scipy-powell,cold,0,1756,31.4787,0.006658
scipy-powell,cold,0,1757,31.4957,0.006658
scipy-powell,cold,0,1771,31.7366,0.006658
scipy-powell,cold,0,1779,31.8728,0.006658
scipy-powell,cold,0,1780,31.8896,0.006658
scipy-powell,cold,0,1781,31.9079,0.006658
scipy-powell,cold,0,1782,31.9257,0.006658
scipy-powell,cold,0,1784,31.9616,0.006658
scipy-powell,cold,0,1790,32.0694,0.006658
scipy-powell,cold,0,1791,32.0877,0.006658
scipy-powell,cold,0,1792,32.1059,0.006658
scipy-powell,cold,0,1793,32.1240,0.006658
scipy-powell,cold,0,1794,32.1417,0.006658
scipy-powell,cold,0,1811,32.4394,0.006658
scipy-powell,cold,0,1812,32.4556,0.006658
scipy-powell,cold,0,1813,32.4723,0.006658
scipy-powell,cold,0,1814,32.4888,0.006658
scipy-powell,cold,0,1818,32.5552,0.006658
scipy-powell,cold,0,1822,32.6220,0.006658
scipy-powell,cold,0,1823,32.6391,0.006658
scipy-powell,cold,0,1824,32.6556,0.006658
scipy-powell,cold,0,1825,32.6726,0.006658
scipy-powell,cold,0,1829,32.7395,0.006658
scipy-powell,cold,0,1834,32.8256,0.006658
scipy-powell,cold,0,1835,32.8437,0.006658
scipy-powell,cold,0,1836,32.8610,0.006658
scipy-powell,cold,0,1837,32.8791,0.006658
scipy-powell,cold,0,1838,32.8977,0.006658
scipy-powell,cold,0,1864,33.3562,0.006658
scipy-powell,cold,0,1865,33.3749,0.006658
scipy-powell,cold,0,1866,33.3920,0.006658
scipy-powell,cold,0,1867,33.4121,0.006658
scipy-powell,cold,0,1868,33.4301,0.006658
scipy-powell,cold,0,1883,33.7008,0.006658
scipy-powell,cold,0,1884,33.7178,0.006658
scipy-powell,cold,0,1885,33.7357,0.006658
scipy-powell,cold,0,1892,33.8579,0.006658
scipy-powell,cold,0,1907,34.1437,0.006658
scipy-powell,cold,0,1908,34.1622,0.006658
scipy-powell,cold,0,1909,34.1789,0.006658
scipy-powell,cold,0,1927,34.4964,0.006658
scipy-powell,cold,0,1928,34.5137,0.006658
scipy-powell,cold,0,1929,34.5311,0.006658
scipy-powell,cold,0,1949,34.8838,0.006658
scipy-powell,cold,0,1950,34.9009,0.006658
scipy-powell,cold,0,1951,34.9187,0.006658
scipy-powell,cold,0,1961,35.0949,0.006658
scipy-powell,cold,0,1972,35.3310,0.006658
scipy-powell,cold,0,1973,35.3479,0.006658
scipy-powell,cold,0,1974,35.3652,0.006658
scipy-powell,cold,0,1975,35.3826,0.006658
scipy-powell,cold,0,1995,35.7460,0.006658
scipy-powell,cold,0,1996,35.7643,0.006658
scipy-powell,cold,0,1997,35.7812,0.006658
scipy-powell,cold,0,1998,35.7981,0.006658
scipy-de,cold,0,0,0.0000,13.094357
scipy-de,cold,0,2,0.0649,7.912511
scipy-de,cold,0,3,0.0825,2.383751
scipy-de,cold,0,7,0.1600,1.357874
scipy-de,cold,0,15,0.3039,0.455143
scipy-de,cold,0,38,0.7191,0.396561
scipy-de,cold,0,47,0.8914,0.240392
scipy-de,cold,0,254,4.6577,0.197477
scipy-de,cold,0,303,5.6372,0.178882
scipy-de,cold,0,342,6.3798,0.085431
scipy-de,cold,0,542,10.2664,0.041236
opt-ga,cold,0,0,0.0000,13.094357
opt-ga,cold,0,1,0.0547,11.810457
opt-ga,cold,0,2,0.0729,3.381802
opt-ga,cold,0,3,0.0932,2.156302
opt-ga,cold,0,4,0.1121,1.004354
opt-ga,cold,0,5,0.1310,0.947068
opt-ga,cold,0,6,0.1483,0.928757
opt-ga,cold,0,20,0.4035,0.268932
opt-ga,cold,0,41,0.7886,0.091306
opt-ga,cold,0,115,2.1263,0.081948
opt-ga,cold,0,169,3.1637,0.052679
opt-ga,cold,0,264,5.0145,0.044768
opt-ga,cold,0,392,7.4788,0.033198
opt-ga,cold,0,504,9.6836,0.030020
opt-ga,cold,0,507,9.7450,0.023303
opt-ga,cold,0,561,10.7899,0.015680
opt-ga,cold,0,650,12.5510,0.014620
opt-ga,cold,0,724,13.9682,0.014311
opt-ga,cold,0,869,16.7460,0.013791
opt-ga,cold,0,937,17.9893,0.013726
opt-ga,cold,0,947,18.1867,0.013586
opt-ga,cold,0,964,18.5343,0.011557
opt-ga,cold,0,1033,19.8846,0.010620
opt-ga,cold,0,1095,21.0839,0.010601
opt-ga,cold,0,1116,21.4971,0.009759
opt-ga,cold,0,1256,24.2342,0.009092
opt-ga,cold,0,1298,25.0544,0.007369
opt-ga,cold,0,1337,25.8684,0.007281
opt-ga,cold,0,1406,27.1678,0.007265
opt-ga,cold,0,1422,27.4607,0.007171
opt-ga,cold,0,1443,27.8800,0.006947
opt-ga,cold,0,1535,29.6475,0.006815
opt-ga,cold,0,1615,31.2765,0.006791
opt-ga,cold,0,1626,31.4769,0.006728
opt-ga,cold,0,1647,31.8692,0.006617
opt-ga,cold,0,1712,33.2056,0.006586
opt-ga,cold,0,1751,34.0323,0.006451
opt-ga,cold,0,1764,34.2899,0.006363
opt-ga,cold,0,1794,34.9230,0.006358
opt-ga,cold,0,1898,37.0814,0.006324
opt-ga,cold,0,1939,37.9743,0.006236
opt-ga,cold,0,1990,39.0075,0.006211
opt-pso,cold,0,0,0.0000,13.094357
opt-pso,cold,0,1,0.0536,11.810457
opt-pso,cold,0,2,0.0706,3.381802
opt-pso,cold,0,3,0.0880,2.156302
opt-pso,cold,0,4,0.1053,1.004354
opt-pso,cold,0,5,0.1225,0.947068
opt-pso,cold,0,6,0.1399,0.928757
opt-pso,cold,0,20,0.3877,0.268932
opt-pso,cold,0,41,0.7621,0.091306
opt-aco,cold,0,0,0.0000,13.094357
opt-aco,cold,0,1,0.0508,11.810457
opt-aco,cold,0,2,0.0688,3.381802
opt-aco,cold,0,3,0.0869,2.156302
opt-aco,cold,0,4,0.1043,1.004354
opt-aco,cold,0,5,0.1217,0.947068
opt-aco,cold,0,6,0.1388,0.928757
opt-aco,cold,0,20,0.3816,0.268932
opt-aco,cold,0,41,0.7624,0.091306
opt-aco,cold,0,199,3.7448,0.084136
opt-aco,cold,0,437,8.1171,0.076145
opt-aco,cold,0,552,10.1426,0.064176
opt-aco,cold,0,640,11.6986,0.055334
opt-aco,cold,0,715,13.0070,0.034887
opt-aco,cold,0,821,14.8777,0.012972
opt-aco,cold,0,1330,23.7990,0.012895
opt-aco,cold,0,1371,24.4950,0.012761
opt-aco,cold,0,1414,25.2202,0.011609
opt-aco,cold,0,1455,25.9590,0.008528
opt-aco,cold,0,1971,35.0790,0.008506
opt-aco,cold,0,1997,35.5634,0.008434
opt-gd,cold,0,0,0.0000,13.094357
opt-gd,cold,0,2,0.0574,13.094357
opt-gd,cold,0,3,0.0747,13.094357
opt-gd,cold,0,8,0.1679,13.094357
opt-gd,cold,0,17,0.3427,13.094357
opt-gd,cold,0,19,0.3806,13.094357
opt-gd,cold,0,56,1.0697,13.094357
opt-gd,cold,0,57,1.0887,13.094357
opt-gd,cold,0,102,1.8884,11.805187
opt-gd,cold,0,115,2.1836,11.805187
opt-gd,cold,0,158,3.1248,11.805187
opt-gd,cold,0,203,4.0841,11.805186
opt-gd,cold,0,216,4.3562,11.805186
opt-gd,cold,0,304,6.2778,11.805185
opt-gd,cold,0,317,6.5610,11.805185
opt-gd,cold,0,405,8.5453,11.805180
opt-gd,cold,0,418,8.8207,11.805180
opt-gd,cold,0,506,10.6301,11.805160
opt-gd,cold,0,519,10.9085,11.805160
opt-gd,cold,0,607,12.7537,11.805079
opt-gd,cold,0,620,12.9961,11.805079
opt-gd,cold,0,708,14.6753,11.752495
opt-gd,cold,0,709,14.6940,11.752495
opt-gd,cold,0,715,14.8032,11.752495
opt-gd,cold,0,717,14.8413,11.752495
opt-gd,cold,0,722,14.9613,11.752495
opt-gd,cold,0,910,18.5406,11.681937
opt-gd,cold,0,911,18.5594,11.681937
opt-gd,cold,0,917,18.6735,11.681937
opt-gd,cold,0,919,18.7107,11.681937
opt-gd,cold,0,924,18.8024,11.681936
opt-gd,cold,0,1112,22.1946,11.668987
opt-gd,cold,0,1113,22.2134,11.668987
opt-gd,cold,0,1119,22.3187,11.668987
opt-gd,cold,0,1121,22.3549,11.668987
opt-gd,cold,0,1126,22.4443,11.668987
opt-gd,cold,0,1213,24.1058,11.668972
opt-gd,cold,0,1214,24.1256,11.668972
opt-gd,cold,0,1220,24.2428,11.668972
opt-gd,cold,0,1222,24.2822,11.668972
opt-gd,cold,0,1227,24.3792,11.668972
opt-gd,cold,0,1530,29.7964,11.668972
opt-gd,cold,0,1617,31.4035,11.661888
opt-gd,cold,0,1618,31.4230,11.661888
opt-gd,cold,0,1624,31.5305,11.661888
opt-gd,cold,0,1626,31.5652,11.661888
opt-gd,cold,0,1631,31.6557,11.661888
opt-gd,cold,0,1718,33.1972,11.509402
opt-gd,cold,0,1719,33.2146,11.509402
opt-gd,cold,0,1725,33.3176,11.509402
opt-gd,cold,0,1727,33.3521,11.509402
opt-gd,cold,0,1735,33.5010,11.509402
opt-gd,cold,0,1769,34.0951,11.509402
opt-gd,cold,0,1770,34.1136,11.509401
opt-gd,cold,0,1819,34.9648,11.360541
opt-gd,cold,0,1820,34.9818,11.360541
opt-gd,cold,0,1826,35.0827,11.360541
opt-gd,cold,0,1828,35.1195,11.360541
opt-gd,cold,0,1833,35.2078,11.360541
opt-gd,cold,0,1871,35.8640,11.360541
opt-gd,cold,0,1920,36.6912,11.324578
opt-gd,cold,0,1921,36.7080,11.324578
opt-gd,cold,0,1927,36.8117,11.324578
opt-gd,cold,0,1929,36.8467,11.324578
opt-gd,cold,0,1934,36.9322,11.324578
opt-gd,cold,0,1972,37.5745,11.324578
none,cold,1,0,0.0000,15.834268
scipy-lbfgsb,cold,1,0,0.0000,15.834268
scipy-lbfgsb,cold,1,4,0.0880,15.834268
scipy-lbfgsb,cold,1,6,0.1217,15.834268
scipy-lbfgsb,cold,1,7,0.1405,15.834268
scipy-lbfgsb,cold,1,8,0.1578,15.834265
scipy-lbfgsb,cold,1,56,0.9982,15.834255
scipy-lbfgsb,cold,1,102,1.8153,15.827409
scipy-lbfgsb,cold,1,110,1.9517,15.827409
scipy-lbfgsb,cold,1,158,2.7706,15.827409
scipy-lbfgsb,cold,1,203,3.5222,15.827409
scipy-lbfgsb,cold,1,211,3.6594,15.827409
scipy-lbfgsb,cold,1,259,4.4651,15.827409
scipy-lbfgsb,cold,1,304,5.2199,15.827409
scipy-lbfgsb,cold,1,312,5.3532,15.827409
scipy-lbfgsb,cold,1,360,6.1536,15.827409
scipy-lbfgsb,cold,1,405,6.8880,15.827408
scipy-lbfgsb,cold,1,413,7.0172,15.827408
scipy-lbfgsb,cold,1,461,7.7971,15.827408
scipy-lbfgsb,cold,1,506,8.5281,15.827407
scipy-lbfgsb,cold,1,514,8.6584,15.827407
scipy-lbfgsb,cold,1,562,9.4388,15.827407
scipy-lbfgsb,cold,1,607,10.1734,15.827402
scipy-lbfgsb,cold,1,615,10.3025,15.827402
scipy-lbfgsb,cold,1,663,11.1005,15.827402
scipy-lbfgsb,cold,1,809,13.7707,15.827399
scipy-lbfgsb,cold,1,817,13.9266,15.827399
scipy-lbfgsb,cold,1,865,14.7995,15.827399
scipy-lbfgsb,cold,1,1011,17.3231,15.827398
scipy-lbfgsb,cold,1,1014,17.3752,15.827398
scipy-lbfgsb,cold,1,1016,17.4098,15.827398
scipy-lbfgsb,cold,1,1019,17.4591,15.827398
scipy-lbfgsb,cold,1,1112,19.0576,15.827397
scipy-lbfgsb,cold,1,1115,19.1091,15.827397
scipy-lbfgsb,cold,1,1117,19.1427,15.827397
scipy-lbfgsb,cold,1,1120,19.1936,15.827397
scipy-lbfgsb,cold,1,1168,20.0522,15.827397
scipy-lbfgsb,cold,1,1213,20.8453,15.827396
scipy-lbfgsb,cold,1,1216,20.8988,15.827396
scipy-lbfgsb,cold,1,1221,20.9839,15.827396
scipy-lbfgsb,cold,1,1269,21.8285,15.827396
scipy-lbfgsb,cold,1,1314,22.6217,15.827396
scipy-lbfgsb,cold,1,1317,22.6767,15.827396
scipy-lbfgsb,cold,1,1319,22.7119,15.827396
scipy-lbfgsb,cold,1,1322,22.7636,15.827396
scipy-lbfgsb,cold,1,1370,23.5754,15.827396
scipy-powell,cold,1,0,0.0000,15.834268
scipy-powell,cold,1,2,0.0544,15.834131
scipy-powell,cold,1,4,0.0899,15.833864
scipy-powell,cold,1,5,0.1075,15.833648
scipy-powell,cold,1,6,0.1253,15.833497
scipy-powell,cold,1,7,0.1431,15.833399
scipy-powell,cold,1,8,0.1617,15.833336
scipy-powell,cold,1,9,0.1804,15.833297
scipy-powell,cold,1,10,0.2001,15.833272
scipy-powell,cold,1,11,0.2188,15.833256
scipy-powell,cold,1,12,0.2380,15.833247
scipy-powell,cold,1,13,0.2572,15.833241
scipy-powell,cold,1,14,0.2763,15.833237
scipy-powell,cold,1,15,0.2957,15.833235
scipy-powell,cold,1,16,0.3142,15.833234
scipy-powell,cold,1,17,0.3329,15.833233
scipy-powell,cold,1,18,0.3517,15.833232
scipy-powell,cold,1,19,0.3692,15.833232
scipy-powell,cold,1,20,0.3863,15.833232
scipy-powell,cold,1,21,0.4040,15.833232
scipy-powell,cold,1,22,0.4211,15.833232
scipy-powell,cold,1,23,0.4381,15.833232
scipy-powell,cold,1,24,0.4555,15.833232
scipy-powell,cold,1,25,0.4725,15.833232
scipy-powell,cold,1,26,0.4894,15.833232
scipy-powell,cold,1,27,0.5062,15.833232
scipy-powell,cold,1,28,0.5235,15.833232
scipy-powell,cold,1,29,0.5409,15.833232
scipy-powell,cold,1,30,0.5582,15.833232
scipy-powell,cold,1,31,0.5751,15.833232
scipy-powell,cold,1,32,0.5921,15.833232
scipy-powell,cold,1,33,0.6093,15.833232
scipy-powell,cold,1,34,0.6263,15.833232
scipy-powell,cold,1,35,0.6433,15.833232
scipy-powell,cold,1,36,0.6603,15.833232
scipy-powell,cold,1,37,0.6772,15.833232
scipy-powell,cold,1,38,0.6942,15.833232
scipy-powell,cold,1,39,0.7115,15.833232
scipy-powell,cold,1,40,0.7286,15.830168
scipy-powell,cold,1,42,0.7623,15.828827
scipy-powell,cold,1,43,0.7792,15.828302
scipy-powell,cold,1,44,0.7965,15.828105
scipy-powell,cold,1,45,0.8134,15.828022
scipy-powell,cold,1,46,0.8303,15.827990
scipy-powell,cold,1,47,0.8476,15.827980
scipy-powell,cold,1,48,0.8655,15.827977
scipy-powell,cold,1,49,0.8827,15.827977
scipy-powell,cold,1,50,0.9003,15.827977
scipy-powell,cold,1,51,0.9177,15.827977
scipy-powell,cold,1,52,0.9345,15.827977
scipy-powell,cold,1,61,1.0911,15.827977
scipy-powell,cold,1,67,1.2011,15.827977
scipy-powell,cold,1,68,1.2184,15.827977
scipy-powell,cold,1,69,1.2368,15.827977
scipy-powell,cold,1,71,1.2734,15.827977
scipy-powell,cold,1,96,1.7063,15.827977
scipy-powell,cold,1,97,1.7225,15.827977
scipy-powell,cold,1,120,2.1201,15.827977
scipy-powell,cold,1,122,2.1530,15.827977
scipy-powell,cold,1,144,2.5390,15.827977
scipy-powell,cold,1,145,2.5556,15.827977
scipy-powell,cold,1,146,2.5730,15.827977
scipy-powell,cold,1,153,2.6916,15.827976
scipy-powell,cold,1,154,2.7086,15.827976
scipy-powell,cold,1,155,2.7258,15.827976
scipy-powell,cold,1,156,2.7433,15.827976
scipy-powell,cold,1,158,2.7763,15.827976
scipy-powell,cold,1,162,2.8455,15.827974
scipy-powell,cold,1,165,2.8975,15.827973
scipy-powell,cold,1,166,2.9155,15.827973
scipy-powell,cold,1,167,2.9326,15.827973
scipy-powell,cold,1,168,2.9500,15.827973
scipy-powell,cold,1,169,2.9673,15.827973
scipy-powell,cold,1,172,3.0221,15.827973
scipy-powell,cold,1,238,4.1520,15.827973
scipy-powell,cold,1,239,4.1690,15.827973
scipy-powell,cold,1,245,4.2685,15.827973
scipy-powell,cold,1,252,4.3851,15.827973
scipy-powell,cold,1,253,4.4024,15.827973
scipy-powell,cold,1,254,4.4222,15.827973
scipy-powell,cold,1,255,4.4397,15.827973
scipy-powell,cold,1,268,4.6558,15.827973
scipy-powell,cold,1,270,4.6887,15.827973
scipy-powell,cold,1,282,4.8872,15.827973
scipy-powell,cold,1,283,4.9043,15.827973
scipy-powell,cold,1,284,4.9208,15.827973
scipy-powell,cold,1,301,5.2238,15.827973
scipy-powell,cold,1,302,5.2401,15.827973
scipy-powell,cold,1,303,5.2559,15.827973
scipy-powell,cold,1,305,5.2899,15.827973
scipy-powell,cold,1,317,5.4863,15.827973
scipy-powell,cold,1,318,5.5024,15.827973
scipy-powell,cold,1,319,5.5185,15.827973
scipy-powell,cold,1,320,5.5346,15.827973
scipy-powell,cold,1,345,5.9473,15.827973
scipy-powell,cold,1,346,5.9634,15.827973
scipy-powell,cold,1,348,5.9960,15.827973
scipy-powell,cold,1,358,6.1612,15.827973
scipy-powell,cold,1,359,6.1778,15.827973
scipy-powell,cold,1,360,6.1937,15.827973
scipy-powell,cold,1,371,6.3759,15.827973
scipy-powell,cold,1,383,6.5772,15.827973
scipy-powell,cold,1,384,6.5932,15.827973
scipy-powell,cold,1,385,6.6094,15.827973
scipy-powell,cold,1,394,6.7619,15.827973
scipy-powell,cold,1,402,6.8977,15.827973
scipy-powell,cold,1,403,6.9144,15.827973
scipy-powell,cold,1,404,6.9315,15.827973
scipy-powell,cold,1,405,6.9482,15.827973
scipy-powell,cold,1,416,7.1337,15.827973
scipy-powell,cold,1,417,7.1504,15.827973
scipy-powell,cold,1,421,7.2177,15.827973
scipy-powell,cold,1,427,7.3271,15.827973
scipy-powell,cold,1,429,7.3632,15.827973
scipy-powell,cold,1,430,7.3804,15.827973
scipy-powell,cold,1,440,7.5470,15.827973
scipy-powell,cold,1,441,7.5635,15.827973
scipy-powell,cold,1,442,7.5796,15.827973
scipy-powell,cold,1,461,7.8897,15.827973
scipy-powell,cold,1,462,7.9064,15.827973
scipy-powell,cold,1,463,7.9225,15.827973
scipy-powell,cold,1,464,7.9384,15.827973
scipy-powell,cold,1,480,8.1988,15.827973
scipy-powell,cold,1,481,8.2151,15.827973
scipy-powell,cold,1,482,8.2314,15.827973
scipy-powell,cold,1,486,8.2977,15.827973
scipy-powell,cold,1,492,8.3989,15.827973
scipy-powell,cold,1,493,8.4164,15.827973
scipy-powell,cold,1,496,8.4645,15.827973
scipy-powell,cold,1,506,8.6318,15.827973
scipy-powell,cold,1,507,8.6480,15.827973
scipy-powell,cold,1,520,8.8615,15.827973
scipy-powell,cold,1,522,8.8943,15.827973
scipy-powell,cold,1,534,9.0932,15.827973
scipy-powell,cold,1,535,9.1109,15.827973
scipy-powell,cold,1,536,9.1275,15.827973
scipy-powell,cold,1,537,9.1442,15.827973
scipy-powell,cold,1,541,9.2108,15.827973
scipy-powell,cold,1,551,9.3841,15.827973
scipy-powell,cold,1,552,9.4010,15.827973
scipy-powell,cold,1,553,9.4205,15.827973
scipy-powell,cold,1,556,9.4751,15.827973
scipy-powell,cold,1,565,9.6351,15.827973
scipy-powell,cold,1,578,9.8540,15.827973
scipy-powell,cold,1,579,9.8711,15.827973
scipy-powell,cold,1,591,10.0752,15.827973
scipy-powell,cold,1,600,10.2313,15.827973
scipy-powell,cold,1,601,10.2497,15.827973
scipy-powell,cold,1,602,10.2680,15.827973
scipy-powell,cold,1,631,10.7708,15.827973
scipy-powell,cold,1,632,10.7879,15.827973
scipy-powell,cold,1,633,10.8043,15.827973
scipy-powell,cold,1,637,10.8719,15.827973
scipy-powell,cold,1,650,11.0909,15.827973
scipy-powell,cold,1,651,11.1076,15.827973
scipy-powell,cold,1,681,11.6183,15.827973
scipy-powell,cold,1,682,11.6350,15.827973
scipy-powell,cold,1,685,11.6858,15.827973
scipy-powell,cold,1,695,11.8522,15.827973
scipy-powell,cold,1,696,11.8692,15.827973
scipy-powell,cold,1,710,12.1104,15.827973
scipy-powell,cold,1,722,12.3084,15.827973
scipy-powell,cold,1,723,12.3245,15.827973
scipy-powell,cold,1,724,12.3405,15.827973
scipy-powell,cold,1,736,12.5350,15.827973
scipy-powell,cold,1,795,13.5381,15.827973
scipy-powell,cold,1,796,13.5555,15.827973
scipy-powell,cold,1,797,13.5730,15.827973
scipy-powell,cold,1,825,14.0407,15.827973
scipy-powell,cold,1,826,14.0587,15.827973
scipy-powell,cold,1,827,14.0762,15.827973
scipy-powell,cold,1,855,14.5434,15.827973
scipy-powell,cold,1,856,14.5599,15.827973
scipy-powell,cold,1,857,14.5768,15.827973
scipy-powell,cold,1,858,14.5931,15.827973
scipy-powell,cold,1,886,15.0662,15.827973
scipy-powell,cold,1,887,15.0824,15.827973
scipy-powell,cold,1,888,15.0992,15.827973
scipy-powell,cold,1,915,15.5650,15.827973
scipy-powell,cold,1,916,15.5815,15.827973
scipy-powell,cold,1,917,15.5989,15.827973
scipy-powell,cold,1,953,16.1996,15.827973
scipy-powell,cold,1,954,16.2162,15.827973
scipy-powell,cold,1,955,16.2329,15.827973
scipy-powell,cold,1,1006,17.1075,15.827973
scipy-powell,cold,1,1128,19.1884,15.827972
scipy-powell,cold,1,1130,19.2215,15.827972
scipy-powell,cold,1,1131,19.2382,15.827972
scipy-powell,cold,1,1132,19.2544,15.827972
scipy-powell,cold,1,1133,19.2711,15.827972
scipy-powell,cold,1,1139,19.3697,15.827972
scipy-powell,cold,1,1147,19.5102,15.827971
scipy-powell,cold,1,1149,19.5443,15.827970
scipy-powell,cold,1,1150,19.5604,15.827970
scipy-powell,cold,1,1151,19.5766,15.827970
scipy-powell,cold,1,1152,19.5933,15.827970
scipy-powell,cold,1,1153,19.6099,15.827970
scipy-powell,cold,1,1161,19.7417,15.827970
scipy-powell,cold,1,1167,19.8386,15.827970
scipy-powell,cold,1,1168,19.8546,15.827970
scipy-powell,cold,1,1186,20.1598,15.827970
scipy-powell,cold,1,1187,20.1773,15.827970
scipy-powell,cold,1,1196,20.3315,15.827970
scipy-powell,cold,1,1205,20.4824,15.827970
scipy-powell,cold,1,1206,20.4990,15.827970
scipy-powell,cold,1,1207,20.5154,15.827970
scipy-powell,cold,1,1224,20.8109,15.827970
scipy-powell,cold,1,1225,20.8292,15.827970
scipy-powell,cold,1,1226,20.8476,15.827970
scipy-powell,cold,1,1229,20.9014,15.827970
scipy-powell,cold,1,1282,21.8292,15.827970
scipy-powell,cold,1,1314,22.3933,15.827970
scipy-powell,cold,1,1366,23.2739,15.827970
scipy-powell,cold,1,1395,23.7921,15.827970
scipy-powell,cold,1,1396,23.8092,15.827970
scipy-powell,cold,1,1426,24.3549,15.827970
scipy-powell,cold,1,1427,24.3727,15.827970
scipy-powell,cold,1,1429,24.4078,15.827970
scipy-powell,cold,1,1451,24.8074,15.827970
scipy-powell,cold,1,1481,25.3741,15.827970
scipy-powell,cold,1,1483,25.4118,15.827970
scipy-powell,cold,1,1510,25.9040,15.827970
scipy-powell,cold,1,1511,25.9214,15.827970
scipy-powell,cold,1,1512,25.9391,15.827970
scipy-powell,cold,1,1542,26.4725,15.827970
scipy-powell,cold,1,1543,26.4924,15.827970
scipy-powell,cold,1,1544,26.5118,15.827970
scipy-powell,cold,1,1577,27.1338,15.827970
scipy-powell,cold,1,1608,27.6878,15.827970
scipy-powell,cold,1,1708,29.5198,15.827970
scipy-powell,cold,1,1709,29.5387,15.827970
scipy-powell,cold,1,1736,30.0648,15.827970
scipy-powell,cold,1,1737,30.0826,15.827970
scipy-powell,cold,1,1738,30.1008,15.827970
scipy-powell,cold,1,1739,30.1194,15.827970
scipy-powell,cold,1,1775,30.7958,15.827970
scipy-powell,cold,1,1776,30.8147,15.827970
scipy-powell,cold,1,1814,31.5411,15.827970
scipy-powell,cold,1,1815,31.5599,15.827970
scipy-powell,cold,1,1832,31.8714,15.827970
scipy-powell,cold,1,1836,31.9451,15.827970
scipy-powell,cold,1,1855,32.2958,15.827970
scipy-powell,cold,1,1856,32.3146,15.827970
scipy-powell,cold,1,1900,33.1120,15.827970
scipy-powell,cold,1,1905,33.2025,15.827970
scipy-powell,cold,1,1923,33.5289,15.827970
scipy-powell,cold,1,1924,33.5465,15.827970
scipy-powell,cold,1,1947,33.9642,15.827970
scipy-powell,cold,1,1961,34.2204,15.827970
scipy-de,cold,1,0,0.0000,15.834268
scipy-de,cold,1,2,0.0621,5.027056
scipy-de,cold,1,3,0.0799,2.614188
scipy-de,cold,1,6,0.1366,1.550814
scipy-de,cold,1,10,0.2093,0.425527
scipy-de,cold,1,18,0.3588,0.047594
scipy-de,cold,1,1623,29.0010,0.034231
opt-ga,cold,1,0,0.0000,15.834268
opt-ga,cold,1,1,0.0524,0.561569
opt-ga,cold,1,2,0.0701,0.540670
opt-ga,cold,1,7,0.1601,0.103454
opt-ga,cold,1,85,1.5519,0.051852
opt-ga,cold,1,135,2.4297,0.035731
opt-ga,cold,1,232,4.1048,0.020062
opt-ga,cold,1,373,6.6293,0.014004
opt-ga,cold,1,398,7.1119,0.013087
opt-ga,cold,1,519,9.3091,0.012249
opt-ga,cold,1,534,9.5758,0.012081
opt-ga,cold,1,570,10.1984,0.011826
opt-ga,cold,1,577,10.3193,0.011818
opt-ga,cold,1,608,10.8630,0.010621
opt-ga,cold,1,676,12.0717,0.010073
opt-ga,cold,1,718,12.8237,0.009912
opt-ga,cold,1,719,12.8404,0.009321
opt-ga,cold,1,764,13.6541,0.009221
opt-ga,cold,1,784,14.0145,0.009179
opt-ga,cold,1,843,15.0772,0.009165
opt-ga,cold,1,874,15.6266,0.008989
opt-ga,cold,1,903,16.1532,0.008761
opt-ga,cold,1,1006,18.0394,0.008523
opt-ga,cold,1,1185,21.2607,0.008293
opt-ga,cold,1,1270,22.7401,0.008284
opt-ga,cold,1,1313,23.5025,0.008111
opt-ga,cold,1,1443,25.8853,0.007064
opt-ga,cold,1,1573,28.2876,0.006607
opt-ga,cold,1,1817,32.8195,0.006536
opt-ga,cold,1,1912,34.5674,0.006413
opt-ga,cold,1,1955,35.3611,0.006376
opt-ga,cold,1,1967,35.5841,0.006310
opt-pso,cold,1,0,0.0000,15.834268
opt-pso,cold,1,1,0.0512,0.561569
opt-pso,cold,1,2,0.0685,0.540670
opt-pso,cold,1,7,0.1620,0.103454
opt-pso,cold,1,85,1.5508,0.051852
opt-aco,cold,1,0,0.0000,15.834268
opt-aco,cold,1,1,0.0479,0.561569
opt-aco,cold,1,2,0.0648,0.540670
opt-aco,cold,1,7,0.1480,0.103454
opt-aco,cold,1,85,1.4603,0.051852
opt-aco,cold,1,802,13.9202,0.030841
opt-aco,cold,1,971,16.9029,0.026215
opt-aco,cold,1,1140,19.8191,0.020429
opt-aco,cold,1,1260,21.8741,0.012426
opt-aco,cold,1,1315,22.8636,0.010087
opt-aco,cold,1,1982,34.5972,0.009982
opt-gd,cold,1,0,0.0000,15.834268
opt-gd,cold,1,4,0.0940,15.834268
opt-gd,cold,1,6,0.1298,15.834268
opt-gd,cold,1,8,0.1651,15.834268
opt-gd,cold,1,56,1.0429,15.834268
opt-gd,cold,1,102,1.8982,15.827409
opt-gd,cold,1,110,2.0513,15.827409
opt-gd,cold,1,158,2.9218,15.827409
opt-gd,cold,1,203,3.7137,15.827409
opt-gd,cold,1,211,3.8471,15.827409
opt-gd,cold,1,259,4.6557,15.827409
opt-gd,cold,1,304,5.4221,15.827409
opt-gd,cold,1,312,5.5583,15.827409
opt-gd,cold,1,360,6.3867,15.827409
opt-gd,cold,1,405,7.1609,15.827408
opt-gd,cold,1,413,7.2954,15.827408
opt-gd,cold,1,461,8.1044,15.827408
opt-gd,cold,1,506,8.8964,15.827407
opt-gd,cold,1,514,9.0340,15.827407
opt-gd,cold,1,562,9.8237,15.827407
opt-gd,cold,1,607,10.5695,15.827402
opt-gd,cold,1,615,10.6992,15.827402
opt-gd,cold,1,663,11.5376,15.827402
opt-gd,cold,1,809,14.1874,15.827399
opt-gd,cold,1,817,14.3336,15.827399
opt-gd,cold,1,865,15.1981,15.827399
opt-gd,cold,1,1011,17.8221,15.827398
opt-gd,cold,1,1019,17.9656,15.827398
opt-gd,cold,1,1112,19.6273,15.827397
opt-gd,cold,1,1120,19.7701,15.827397
opt-gd,cold,1,1168,20.6203,15.827397
opt-gd,cold,1,1213,21.4016,15.827396
opt-gd,cold,1,1221,21.5387,15.827396
opt-gd,cold,1,1269,22.3379,15.827396
opt-gd,cold,1,1314,23.0978,15.827396
opt-gd,cold,1,1347,23.6546,15.827396
opt-gd,cold,1,1370,24.0426,15.827396
none,cold,2,0,0.0000,1.077257
scipy-lbfgsb,cold,2,0,0.0000,1.077257
scipy-lbfgsb,cold,2,6,0.1287,1.077257
scipy-lbfgsb,cold,2,12,0.2405,1.077250
scipy-lbfgsb,cold,2,13,0.2589,1.077238
scipy-lbfgsb,cold,2,14,0.2774,1.077217
scipy-lbfgsb,cold,2,22,0.4222,1.077170
scipy-lbfgsb,cold,2,23,0.4407,1.077150
scipy-lbfgsb,cold,2,50,0.9344,1.077074
scipy-lbfgsb,cold,2,60,1.1188,1.076615
scipy-lbfgsb,cold,2,61,1.1387,1.075814
scipy-lbfgsb,cold,2,102,1.8955,0.309138
scipy-lbfgsb,cold,2,103,1.9155,0.309138
scipy-lbfgsb,cold,2,113,2.1156,0.309133
scipy-lbfgsb,cold,2,115,2.1536,0.309131
scipy-lbfgsb,cold,2,121,2.2718,0.309128
scipy-lbfgsb,cold,2,131,2.4629,0.309123
scipy-lbfgsb,cold,2,182,3.4617,0.309120
scipy-lbfgsb,cold,2,203,3.8691,0.296982
scipy-lbfgsb,cold,2,204,3.8895,0.296982
scipy-lbfgsb,cold,2,214,4.0851,0.296977
scipy-lbfgsb,cold,2,216,4.1267,0.296975
scipy-lbfgsb,cold,2,222,4.2478,0.296972
scipy-lbfgsb,cold,2,232,4.4434,0.296964
scipy-lbfgsb,cold,2,304,5.9287,0.251842
scipy-lbfgsb,cold,2,305,5.9540,0.251842
scipy-lbfgsb,cold,2,315,6.2016,0.251839
scipy-lbfgsb,cold,2,317,6.2515,0.251836
scipy-lbfgsb,cold,2,323,6.4019,0.251834
scipy-lbfgsb,cold,2,333,6.6466,0.251824
scipy-lbfgsb,cold,2,506,10.2791,0.233193
scipy-lbfgsb,cold,2,507,10.3005,0.233193
scipy-lbfgsb,cold,2,517,10.5114,0.233190
scipy-lbfgsb,cold,2,519,10.5527,0.233187
scipy-lbfgsb,cold,2,525,10.6889,0.233186
scipy-lbfgsb,cold,2,535,10.9165,0.233179
scipy-lbfgsb,cold,2,555,11.3386,0.233166
scipy-lbfgsb,cold,2,556,11.3587,0.233160
scipy-lbfgsb,cold,2,607,12.4350,0.184567
scipy-lbfgsb,cold,2,612,12.5307,0.184567
scipy-lbfgsb,cold,2,617,12.6245,0.184567
scipy-lbfgsb,cold,2,620,12.6838,0.184566
scipy-lbfgsb,cold,2,626,12.8063,0.184566
scipy-lbfgsb,cold,2,634,12.9569,0.184564
scipy-lbfgsb,cold,2,708,14.4273,0.178114
scipy-lbfgsb,cold,2,713,14.5328,0.178114
scipy-lbfgsb,cold,2,718,14.6319,0.178114
scipy-lbfgsb,cold,2,721,14.6960,0.178114
scipy-lbfgsb,cold,2,735,14.9820,0.178111
scipy-lbfgsb,cold,2,910,18.3710,0.173988
scipy-lbfgsb,cold,2,915,18.4603,0.173988
scipy-lbfgsb,cold,2,919,18.5347,0.173988
scipy-lbfgsb,cold,2,920,18.5538,0.173988
scipy-lbfgsb,cold,2,924,18.6281,0.173988
scipy-lbfgsb,cold,2,926,18.6650,0.173988
scipy-lbfgsb,cold,2,937,18.8694,0.173985
scipy-lbfgsb,cold,2,960,19.2915,0.173985
scipy-lbfgsb,cold,2,1011,20.2251,0.172920
scipy-lbfgsb,cold,2,1016,20.3204,0.172920
scipy-lbfgsb,cold,2,1020,20.3965,0.172920
scipy-lbfgsb,cold,2,1025,20.4911,0.172919
scipy-lbfgsb,cold,2,1038,20.7376,0.172918
scipy-lbfgsb,cold,2,1060,21.1624,0.172882
scipy-lbfgsb,cold,2,1061,21.1810,0.172854
scipy-lbfgsb,cold,2,1213,24.4750,0.172191
scipy-lbfgsb,cold,2,1218,24.5905,0.172191
scipy-lbfgsb,cold,2,1222,24.6825,0.172190
scipy-lbfgsb,cold,2,1227,24.7970,0.172189
scipy-lbfgsb,cold,2,1314,26.7247,0.172084
scipy-lbfgsb,cold,2,1319,26.8256,0.172084
scipy-lbfgsb,cold,2,1323,26.9057,0.172084
scipy-lbfgsb,cold,2,1328,27.0089,0.172082
scipy-lbfgsb,cold,2,1415,28.7794,0.171909
scipy-lbfgsb,cold,2,1420,28.8798,0.171909
scipy-lbfgsb,cold,2,1424,28.9602,0.171909
scipy-lbfgsb,cold,2,1429,29.0615,0.171908
scipy-lbfgsb,cold,2,1442,29.3224,0.171907
scipy-lbfgsb,cold,2,1516,30.8740,0.168465
scipy-lbfgsb,cold,2,1521,30.9801,0.168465
scipy-lbfgsb,cold,2,1525,31.0641,0.168464
scipy-lbfgsb,cold,2,1530,31.1657,0.168464
scipy-lbfgsb,cold,2,1563,31.8447,0.168456
scipy-lbfgsb,cold,2,1718,35.0352,0.167184
scipy-lbfgsb,cold,2,1723,35.1403,0.167184
scipy-lbfgsb,cold,2,1727,35.2251,0.167183
scipy-lbfgsb,cold,2,1732,35.3402,0.167183
scipy-lbfgsb,cold,2,1745,35.6103,0.167182
scipy-lbfgsb,cold,2,1765,36.0417,0.167173
scipy-lbfgsb,cold,2,1819,37.1802,0.166892
scipy-lbfgsb,cold,2,1824,37.2884,0.166892
scipy-lbfgsb,cold,2,1828,37.3739,0.166891
scipy-lbfgsb,cold,2,1846,37.7554,0.166889
scipy-lbfgsb,cold,2,1867,38.2156,0.166884
scipy-lbfgsb,cold,2,1920,39.3095,0.164629
scipy-lbfgsb,cold,2,1925,39.4100,0.164629
scipy-lbfgsb,cold,2,1930,39.5068,0.164629
scipy-lbfgsb,cold,2,1933,39.5654,0.164628
scipy-lbfgsb,cold,2,1947,39.8387,0.164626
scipy-lbfgsb,cold,2,1968,40.2424,0.164574
scipy-powell,cold,2,0,0.0000,1.077257
scipy-powell,cold,2,4,0.0966,1.067222
scipy-powell,cold,2,5,0.1148,1.046307
scipy-powell,cold,2,7,0.1521,1.046200
scipy-powell,cold,2,9,0.1921,1.046200
scipy-powell,cold,2,10,0.2103,1.046200
scipy-powell,cold,2,19,0.3808,1.042121
scipy-powell,cold,2,21,0.4186,1.042121
scipy-powell,cold,2,22,0.4378,1.042121
scipy-powell,cold,2,23,0.4569,1.042121
scipy-powell,cold,2,25,0.4976,1.042121
scipy-powell,cold,2,28,0.5593,0.380318
scipy-powell,cold,2,29,0.5799,0.265805
scipy-powell,cold,2,34,0.6765,0.265267
scipy-powell,cold,2,35,0.6959,0.265202
scipy-powell,cold,2,36,0.7153,0.265200
scipy-powell,cold,2,37,0.7343,0.265200
scipy-powell,cold,2,38,0.7521,0.265200
scipy-powell,cold,2,39,0.7713,0.265200
scipy-powell,cold,2,46,0.9033,0.264298
scipy-powell,cold,2,49,0.9628,0.263950
scipy-powell,cold,2,50,0.9825,0.263805
scipy-powell,cold,2,51,1.0038,0.263803
scipy-powell,cold,2,52,1.0246,0.263802
scipy-powell,cold,2,53,1.0475,0.263802
scipy-powell,cold,2,54,1.0681,0.263802
scipy-powell,cold,2,55,1.0876,0.263802
scipy-powell,cold,2,73,1.4217,0.262878
scipy-powell,cold,2,74,1.4403,0.255006
scipy-powell,cold,2,75,1.4585,0.249737
scipy-powell,cold,2,76,1.4766,0.246322
scipy-powell,cold,2,77,1.4955,0.244159
scipy-powell,cold,2,78,1.5139,0.242804
scipy-powell,cold,2,79,1.5320,0.241961
scipy-powell,cold,2,80,1.5520,0.241437
scipy-powell,cold,2,81,1.5729,0.241113
scipy-powell,cold,2,82,1.5922,0.240913
scipy-powell,cold,2,83,1.6124,0.240789
scipy-powell,cold,2,84,1.6317,0.240712
scipy-powell,cold,2,85,1.6513,0.240665
scipy-powell,cold,2,86,1.6689,0.240635
scipy-powell,cold,2,87,1.6881,0.240617
scipy-powell,cold,2,88,1.7058,0.240606
scipy-powell,cold,2,89,1.7240,0.240599
scipy-powell,cold,2,90,1.7415,0.240595
scipy-powell,cold,2,91,1.7607,0.240592
scipy-powell,cold,2,92,1.7789,0.240590
scipy-powell,cold,2,93,1.7968,0.240589
scipy-powell,cold,2,94,1.8156,0.240589
scipy-powell,cold,2,95,1.8338,0.240588
scipy-powell,cold,2,96,1.8516,0.240588
scipy-powell,cold,2,97,1.8696,0.240588
scipy-powell,cold,2,98,1.8875,0.240588
scipy-powell,cold,2,99,1.9050,0.240588
scipy-powell,cold,2,100,1.9231,0.240588
scipy-powell,cold,2,101,1.9415,0.240588
scipy-powell,cold,2,102,1.9595,0.240588
scipy-powell,cold,2,103,1.9776,0.240588
scipy-powell,cold,2,104,1.9965,0.240588
scipy-powell,cold,2,105,2.0161,0.240588
scipy-powell,cold,2,106,2.0351,0.240588
scipy-powell,cold,2,107,2.0543,0.240588
scipy-powell,cold,2,108,2.0732,0.240588
scipy-powell,cold,2,109,2.0913,0.240588
scipy-powell,cold,2,110,2.1092,0.212412
scipy-powell,cold,2,112,2.1463,0.183199
scipy-powell,cold,2,113,2.1648,0.154606
scipy-powell,cold,2,114,2.1833,0.130383
scipy-powell,cold,2,115,2.2023,0.112604
scipy-powell,cold,2,116,2.2220,0.101783
scipy-powell,cold,2,117,2.2422,0.095986
scipy-powell,cold,2,118,2.2623,0.093077
scipy-powell,cold,2,119,2.2826,0.091748
scipy-powell,cold,2,120,2.3022,0.091181
scipy-powell,cold,2,121,2.3221,0.090932
scipy-powell,cold,2,122,2.3402,0.090812
scipy-powell,cold,2,123,2.3578,0.090749
scipy-powell,cold,2,124,2.3759,0.090715
scipy-powell,cold,2,125,2.3940,0.090694
scipy-powell,cold,2,126,2.4122,0.090682
scipy-powell,cold,2,127,2.4312,0.090675
scipy-powell,cold,2,128,2.4497,0.090671
scipy-powell,cold,2,129,2.4675,0.090668
scipy-powell,cold,2,130,2.4868,0.090667
scipy-powell,cold,2,131,2.5046,0.090666
scipy-powell,cold,2,132,2.5235,0.090665
scipy-powell,cold,2,133,2.5410,0.090665
scipy-powell,cold,2,134,2.5598,0.090664
scipy-powell,cold,2,135,2.5789,0.090664
scipy-powell,cold,2,136,2.5976,0.090664
scipy-powell,cold,2,137,2.6163,0.090664
scipy-powell,cold,2,138,2.6345,0.090664
scipy-powell,cold,2,139,2.6522,0.090664
scipy-powell,cold,2,140,2.6701,0.090664
scipy-powell,cold,2,141,2.6879,0.090664
scipy-powell,cold,2,142,2.7054,0.090664
scipy-powell,cold,2,143,2.7239,0.090664
scipy-powell,cold,2,144,2.7422,0.090664
scipy-powell,cold,2,145,2.7599,0.090664
scipy-powell,cold,2,146,2.7771,0.090664
scipy-powell,cold,2,147,2.7948,0.090629
scipy-powell,cold,2,149,2.8301,0.090620
scipy-powell,cold,2,150,2.8479,0.090616
scipy-powell,cold,2,152,2.8829,0.090615
scipy-powell,cold,2,153,2.9012,0.090615
scipy-powell,cold,2,154,2.9188,0.090615
scipy-powell,cold,2,156,2.9573,0.090615
scipy-powell,cold,2,157,2.9778,0.090615
scipy-powell,cold,2,158,2.9964,0.090615
scipy-powell,cold,2,175,3.3093,0.090614
scipy-powell,cold,2,178,3.3650,0.090614
scipy-powell,cold,2,179,3.3838,0.090614
scipy-powell,cold,2,180,3.4029,0.090614
scipy-powell,cold,2,181,3.4219,0.090614
scipy-powell,cold,2,182,3.4412,0.090614
scipy-powell,cold,2,183,3.4594,0.090614
scipy-powell,cold,2,184,3.4783,0.090614
scipy-powell,cold,2,192,3.6320,0.087759
scipy-powell,cold,2,193,3.6506,0.081062
scipy-powell,cold,2,194,3.6694,0.076931
scipy-powell,cold,2,195,3.6879,0.074404
scipy-powell,cold,2,196,3.7061,0.072856
scipy-powell,cold,2,197,3.7253,0.071906
scipy-powell,cold,2,198,3.7448,0.071322
scipy-powell,cold,2,199,3.7641,0.070962
scipy-powell,cold,2,200,3.7841,0.070740
scipy-powell,cold,2,201,3.8040,0.070602
scipy-powell,cold,2,202,3.8226,0.070518
scipy-powell,cold,2,203,3.8419,0.070465
scipy-powell,cold,2,204,3.8608,0.070433
scipy-powell,cold,2,205,3.8790,0.070413
scipy-powell,cold,2,206,3.8967,0.070401
scipy-powell,cold,2,207,3.9162,0.070393
scipy-powell,cold,2,208,3.9356,0.070388
scipy-powell,cold,2,209,3.9543,0.070386
scipy-powell,cold,2,210,3.9728,0.070384
scipy-powell,cold,2,211,3.9932,0.070383
scipy-powell,cold,2,212,4.0135,0.070382
scipy-powell,cold,2,213,4.0329,0.070382
scipy-powell,cold,2,214,4.0533,0.070381
scipy-powell,cold,2,215,4.0724,0.070381
scipy-powell,cold,2,216,4.0901,0.070381
scipy-powell,cold,2,217,4.1088,0.070381
scipy-powell,cold,2,218,4.1283,0.070381
scipy-powell,cold,2,219,4.1471,0.070381
scipy-powell,cold,2,220,4.1657,0.070381
scipy-powell,cold,2,221,4.1857,0.070381
scipy-powell,cold,2,222,4.2051,0.070381
scipy-powell,cold,2,223,4.2246,0.070381
scipy-powell,cold,2,224,4.2441,0.070381
scipy-powell,cold,2,225,4.2646,0.070381
scipy-powell,cold,2,226,4.2840,0.070381
scipy-powell,cold,2,227,4.3032,0.070381
scipy-powell,cold,2,228,4.3218,0.041218
scipy-powell,cold,2,230,4.3599,0.036992
scipy-powell,cold,2,231,4.3792,0.036991
scipy-powell,cold,2,232,4.3969,0.036989
scipy-powell,cold,2,234,4.4365,0.036988
scipy-powell,cold,2,235,4.4560,0.036988
scipy-powell,cold,2,236,4.4737,0.036988
scipy-powell,cold,2,237,4.4920,0.036988
scipy-powell,cold,2,238,4.5096,0.036988
scipy-powell,cold,2,243,4.6049,0.036750
scipy-powell,cold,2,245,4.6439,0.035791
scipy-powell,cold,2,246,4.6632,0.034889
scipy-powell,cold,2,247,4.6838,0.034424
scipy-powell,cold,2,248,4.7032,0.034231
scipy-powell,cold,2,249,4.7224,0.034159
scipy-powell,cold,2,250,4.7417,0.034134
scipy-powell,cold,2,251,4.7618,0.034124
scipy-powell,cold,2,252,4.7806,0.034124
scipy-powell,cold,2,253,4.7988,0.034124
scipy-powell,cold,2,254,4.8182,0.034124
scipy-powell,cold,2,260,4.9295,0.034124
scipy-powell,cold,2,261,4.9481,0.034124
scipy-powell,cold,2,262,4.9665,0.034124
scipy-powell,cold,2,263,4.9871,0.034124
scipy-powell,cold,2,264,5.0079,0.034124
scipy-powell,cold,2,265,5.0289,0.034124
scipy-powell,cold,2,267,5.0676,0.034124
scipy-powell,cold,2,276,5.2399,0.034124
scipy-powell,cold,2,282,5.3538,0.034124
scipy-powell,cold,2,283,5.3720,0.034124
scipy-powell,cold,2,284,5.3903,0.034124
scipy-powell,cold,2,285,5.4100,0.034124
scipy-powell,cold,2,287,5.4466,0.034124
scipy-powell,cold,2,293,5.5585,0.034124
scipy-powell,cold,2,294,5.5773,0.034123
scipy-powell,cold,2,295,5.5968,0.034123
scipy-powell,cold,2,296,5.6155,0.034123
scipy-powell,cold,2,297,5.6343,0.034123
scipy-powell,cold,2,303,5.7497,0.034123
scipy-powell,cold,2,305,5.7881,0.034108
scipy-powell,cold,2,307,5.8269,0.034087
scipy-powell,cold,2,309,5.8637,0.034087
scipy-powell,cold,2,310,5.8817,0.034087
scipy-powell,cold,2,311,5.9006,0.034087
scipy-powell,cold,2,312,5.9190,0.034087
scipy-powell,cold,2,313,5.9385,0.034087
scipy-powell,cold,2,328,6.2264,0.034086
scipy-powell,cold,2,329,6.2465,0.034086
scipy-powell,cold,2,330,6.2666,0.034086
scipy-powell,cold,2,331,6.2872,0.034086
scipy-powell,cold,2,332,6.3085,0.034086
scipy-powell,cold,2,345,6.5533,0.034086
scipy-powell,cold,2,349,6.6336,0.032031
scipy-powell,cold,2,351,6.6733,0.031246
scipy-powell,cold,2,352,6.6933,0.030780
scipy-powell,cold,2,353,6.7151,0.030507
scipy-powell,cold,2,354,6.7357,0.030347
scipy-powell,cold,2,355,6.7558,0.030251
scipy-powell,cold,2,356,6.7767,0.030193
scipy-powell,cold,2,357,6.7966,0.030157
scipy-powell,cold,2,358,6.8161,0.030136
scipy-powell,cold,2,359,6.8360,0.030123
scipy-powell,cold,2,360,6.8542,0.030114
scipy-powell,cold,2,361,6.8737,0.030109
scipy-powell,cold,2,362,6.8927,0.030106
scipy-powell,cold,2,363,6.9120,0.030104
scipy-powell,cold,2,364,6.9303,0.030103
scipy-powell,cold,2,365,6.9482,0.030102
scipy-powell,cold,2,366,6.9667,0.030102
scipy-powell,cold,2,367,6.9857,0.030102
scipy-powell,cold,2,368,7.0044,0.030102
scipy-powell,cold,2,369,7.0233,0.030101
scipy-powell,cold,2,370,7.0412,0.030101
scipy-powell,cold,2,371,7.0605,0.030101
scipy-powell,cold,2,372,7.0804,0.030101
scipy-powell,cold,2,373,7.0996,0.030101
scipy-powell,cold,2,374,7.1183,0.030101
scipy-powell,cold,2,375,7.1385,0.030101
scipy-powell,cold,2,376,7.1590,0.030101
scipy-powell,cold,2,377,7.1798,0.030101
scipy-powell,cold,2,378,7.1987,0.030101
scipy-powell,cold,2,379,7.2176,0.030101
scipy-powell,cold,2,380,7.2368,0.030101
scipy-powell,cold,2,381,7.2565,0.030101
scipy-powell,cold,2,382,7.2751,0.030101
scipy-powell,cold,2,383,7.2949,0.030101
scipy-powell,cold,2,384,7.3147,0.030101
scipy-powell,cold,2,385,7.3339,0.027919
scipy-powell,cold,2,387,7.3720,0.027681
scipy-powell,cold,2,388,7.3906,0.027678
scipy-powell,cold,2,390,7.4286,0.027678
scipy-powell,cold,2,392,7.4655,0.027678
scipy-powell,cold,2,393,7.4845,0.027678
scipy-powell,cold,2,394,7.5033,0.027678
scipy-powell,cold,2,395,7.5209,0.027678
scipy-powell,cold,2,396,7.5385,0.027678
scipy-powell,cold,2,403,7.6639,0.026340
scipy-powell,cold,2,404,7.6816,0.024540
scipy-powell,cold,2,405,7.7005,0.023661
scipy-powell,cold,2,406,7.7201,0.023326
scipy-powell,cold,2,407,7.7398,0.023207
scipy-powell,cold,2,408,7.7586,0.023150
scipy-powell,cold,2,409,7.7780,0.023150
scipy-powell,cold,2,410,7.7961,0.023150
scipy-powell,cold,2,411,7.8151,0.023150
scipy-powell,cold,2,417,7.9264,0.023150
scipy-powell,cold,2,418,7.9441,0.023150
scipy-powell,cold,2,419,7.9625,0.023150
scipy-powell,cold,2,420,7.9811,0.023150
scipy-powell,cold,2,421,8.0003,0.023150
scipy-powell,cold,2,422,8.0204,0.023150
scipy-powell,cold,2,429,8.1652,0.023141
scipy-powell,cold,2,434,8.2611,0.023140
scipy-powell,cold,2,435,8.2793,0.023140
scipy-powell,cold,2,436,8.2976,0.023140
scipy-powell,cold,2,437,8.3173,0.023140
scipy-powell,cold,2,438,8.3369,0.023140
scipy-powell,cold,2,439,8.3576,0.023140
scipy-powell,cold,2,440,8.3766,0.023140
scipy-powell,cold,2,448,8.5263,0.023140
scipy-powell,cold,2,451,8.5836,0.023140
scipy-powell,cold,2,452,8.6033,0.023140
scipy-powell,cold,2,453,8.6222,0.023140
scipy-powell,cold,2,454,8.6399,0.023140
scipy-powell,cold,2,470,8.9372,0.022901
scipy-powell,cold,2,472,8.9753,0.022833
scipy-powell,cold,2,473,8.9951,0.022802
scipy-powell,cold,2,474,9.0146,0.022788
scipy-powell,cold,2,475,9.0330,0.022781
scipy-powell,cold,2,476,9.0521,0.022778
scipy-powell,cold,2,477,9.0712,0.022777
scipy-powell,cold,2,478,9.0896,0.022776
scipy-powell,cold,2,479,9.1086,0.022776
scipy-powell,cold,2,480,9.1287,0.022775
scipy-powell,cold,2,481,9.1504,0.022775
scipy-powell,cold,2,482,9.1696,0.022775
scipy-powell,cold,2,483,9.1886,0.022775
scipy-powell,cold,2,484,9.2072,0.022775
scipy-powell,cold,2,485,9.2267,0.022775
scipy-powell,cold,2,486,9.2445,0.022775
scipy-powell,cold,2,487,9.2625,0.022775
scipy-powell,cold,2,488,9.2806,0.022775
scipy-powell,cold,2,489,9.2991,0.022775
scipy-powell,cold,2,490,9.3183,0.022775
scipy-powell,cold,2,491,9.3368,0.022775
scipy-powell,cold,2,492,9.3558,0.022775
scipy-powell,cold,2,493,9.3740,0.022775
scipy-powell,cold,2,494,9.3915,0.022775
scipy-powell,cold,2,495,9.4097,0.022775
scipy-powell,cold,2,496,9.4290,0.022775
scipy-powell,cold,2,497,9.4476,0.022775
scipy-powell,cold,2,498,9.4650,0.022775
scipy-powell,cold,2,499,9.4844,0.022775
scipy-powell,cold,2,500,9.5021,0.022775
scipy-powell,cold,2,501,9.5202,0.022775
scipy-powell,cold,2,502,9.5392,0.022775
scipy-powell,cold,2,503,9.5582,0.022775
scipy-powell,cold,2,504,9.5762,0.022775
scipy-powell,cold,2,505,9.5943,0.022775
scipy-powell,cold,2,506,9.6124,0.022318
scipy-powell,cold,2,509,9.6698,0.022306
scipy-powell,cold,2,511,9.7070,0.022306
scipy-powell,cold,2,512,9.7247,0.022306
scipy-powell,cold,2,513,9.7432,0.022306
scipy-powell,cold,2,514,9.7614,0.022306
scipy-powell,cold,2,519,9.8549,0.022023
scipy-powell,cold,2,520,9.8736,0.021707
scipy-powell,cold,2,521,9.8918,0.021511
scipy-powell,cold,2,522,9.9099,0.021390
scipy-powell,cold,2,523,9.9279,0.021316
scipy-powell,cold,2,524,9.9454,0.021271
scipy-powell,cold,2,525,9.9632,0.021243
scipy-powell,cold,2,526,9.9814,0.021226
scipy-powell,cold,2,527,10.0010,0.021215
scipy-powell,cold,2,528,10.0196,0.021209
scipy-powell,cold,2,529,10.0393,0.021204
scipy-powell,cold,2,530,10.0590,0.021202
scipy-powell,cold,2,531,10.0807,0.021200
scipy-powell,cold,2,532,10.1033,0.021199
scipy-powell,cold,2,533,10.1240,0.021199
scipy-powell,cold,2,534,10.1440,0.021199
scipy-powell,cold,2,535,10.1653,0.021198
scipy-powell,cold,2,536,10.1849,0.021198
scipy-powell,cold,2,537,10.2051,0.021198
scipy-powell,cold,2,538,10.2245,0.021198
scipy-powell,cold,2,539,10.2431,0.021198
scipy-powell,cold,2,540,10.2615,0.021198
scipy-powell,cold,2,541,10.2805,0.021198
scipy-powell,cold,2,542,10.2992,0.021198
scipy-powell,cold,2,543,10.3182,0.021198
scipy-powell,cold,2,544,10.3366,0.021198
scipy-powell,cold,2,545,10.3548,0.021198
scipy-powell,cold,2,546,10.3728,0.021198
scipy-powell,cold,2,547,10.3920,0.021198
scipy-powell,cold,2,548,10.4122,0.021198
scipy-powell,cold,2,549,10.4315,0.021198
scipy-powell,cold,2,550,10.4499,0.021198
scipy-powell,cold,2,551,10.4683,0.021198
scipy-powell,cold,2,552,10.4866,0.021198
scipy-powell,cold,2,553,10.5050,0.021198
scipy-powell,cold,2,554,10.5233,0.021198
scipy-powell,cold,2,555,10.5420,0.018262
scipy-powell,cold,2,557,10.5793,0.018123
scipy-powell,cold,2,558,10.6001,0.018108
scipy-powell,cold,2,560,10.6414,0.018108
scipy-powell,cold,2,562,10.6803,0.018107
scipy-powell,cold,2,564,10.7182,0.018107
scipy-powell,cold,2,565,10.7381,0.018107
scipy-powell,cold,2,569,10.8222,0.018056
scipy-powell,cold,2,570,10.8419,0.018030
scipy-powell,cold,2,571,10.8607,0.018028
scipy-powell,cold,2,572,10.8812,0.018028
scipy-powell,cold,2,573,10.9009,0.018028
scipy-powell,cold,2,574,10.9203,0.018028
scipy-powell,cold,2,575,10.9393,0.018028
scipy-powell,cold,2,578,10.9991,0.017943
scipy-powell,cold,2,582,11.0798,0.017943
scipy-powell,cold,2,583,11.0997,0.017943
scipy-powell,cold,2,584,11.1186,0.017943
scipy-powell,cold,2,585,11.1376,0.017943
scipy-powell,cold,2,586,11.1571,0.017943
scipy-powell,cold,2,588,11.1977,0.017943
scipy-powell,cold,2,597,11.3728,0.017860
scipy-powell,cold,2,600,11.4332,0.017859
scipy-powell,cold,2,601,11.4530,0.017859
scipy-powell,cold,2,602,11.4724,0.017859
scipy-powell,cold,2,603,11.4923,0.017859
scipy-powell,cold,2,604,11.5111,0.017859
scipy-powell,cold,2,605,11.5309,0.017859
scipy-powell,cold,2,619,11.8123,0.017859
scipy-powell,cold,2,620,11.8317,0.017859
scipy-powell,cold,2,621,11.8512,0.017859
scipy-powell,cold,2,622,11.8708,0.017859
scipy-powell,cold,2,623,11.8908,0.017859
scipy-powell,cold,2,630,12.0286,0.017858
scipy-powell,cold,2,631,12.0481,0.017858
scipy-powell,cold,2,632,12.0679,0.017858
scipy-powell,cold,2,633,12.0878,0.017858
scipy-powell,cold,2,641,12.2414,0.017858
scipy-powell,cold,2,649,12.3935,0.017858
scipy-powell,cold,2,650,12.4126,0.017858
scipy-powell,cold,2,651,12.4315,0.017858
scipy-powell,cold,2,652,12.4520,0.017858
scipy-powell,cold,2,669,12.7818,0.017858
scipy-powell,cold,2,670,12.8014,0.017858
scipy-powell,cold,2,671,12.8207,0.017858
scipy-powell,cold,2,672,12.8405,0.017858
scipy-powell,cold,2,680,12.9981,0.017858
scipy-powell,cold,2,693,13.2540,0.017858
scipy-powell,cold,2,694,13.2731,0.017858
scipy-powell,cold,2,698,13.3469,0.017858
scipy-powell,cold,2,713,13.6366,0.017858
scipy-powell,cold,2,714,13.6550,0.017858
scipy-powell,cold,2,715,13.6736,0.017858
scipy-powell,cold,2,737,14.0889,0.017858
scipy-powell,cold,2,738,14.1077,0.017858
scipy-powell,cold,2,739,14.1259,0.017858
scipy-powell,cold,2,758,14.4741,0.017858
scipy-powell,cold,2,759,14.4939,0.017858
scipy-powell,cold,2,760,14.5131,0.017858
scipy-powell,cold,2,794,15.1509,0.017858
scipy-powell,cold,2,795,15.1708,0.017858
scipy-powell,cold,2,796,15.1907,0.017858
scipy-powell,cold,2,814,15.5259,0.017853
scipy-powell,cold,2,816,15.5626,0.017853
scipy-powell,cold,2,817,15.5826,0.017853
scipy-powell,cold,2,818,15.6011,0.017853
scipy-powell,cold,2,819,15.6192,0.017853
scipy-powell,cold,2,825,15.7297,0.017853
scipy-powell,cold,2,827,15.7682,0.017846
scipy-powell,cold,2,828,15.7863,0.017846
scipy-powell,cold,2,829,15.8050,0.017846
scipy-powell,cold,2,830,15.8229,0.017846
scipy-powell,cold,2,831,15.8411,0.017846
scipy-powell,cold,2,832,15.8618,0.017846
scipy-powell,cold,2,833,15.8813,0.017846
scipy-powell,cold,2,845,16.1030,0.017844
scipy-powell,cold,2,846,16.1233,0.017844
scipy-powell,cold,2,847,16.1443,0.017844
scipy-powell,cold,2,848,16.1649,0.017844
scipy-powell,cold,2,849,16.1857,0.017844
scipy-powell,cold,2,865,16.4875,0.017844
scipy-powell,cold,2,869,16.5658,0.017844
scipy-powell,cold,2,871,16.6048,0.017843
scipy-powell,cold,2,872,16.6258,0.017843
scipy-powell,cold,2,873,16.6458,0.017843
scipy-powell,cold,2,874,16.6662,0.017843
scipy-powell,cold,2,875,16.6872,0.017843
scipy-powell,cold,2,877,16.7282,0.017843
scipy-powell,cold,2,888,16.9392,0.017843
scipy-powell,cold,2,889,16.9589,0.017843
scipy-powell,cold,2,890,16.9784,0.017843
scipy-powell,cold,2,891,16.9968,0.017843
scipy-powell,cold,2,892,17.0155,0.017843
scipy-powell,cold,2,906,17.3030,0.017842
scipy-powell,cold,2,907,17.3296,0.017842
scipy-powell,cold,2,908,17.3541,0.017842
scipy-powell,cold,2,909,17.3735,0.017842
scipy-powell,cold,2,910,17.3929,0.017842
scipy-powell,cold,2,922,17.6390,0.017842
scipy-powell,cold,2,923,17.6589,0.017842
scipy-powell,cold,2,924,17.6798,0.017842
scipy-powell,cold,2,925,17.7003,0.017842
scipy-powell,cold,2,926,17.7203,0.017842
scipy-powell,cold,2,941,18.0193,0.017842
scipy-powell,cold,2,942,18.0398,0.017842
scipy-powell,cold,2,943,18.0607,0.017842
scipy-powell,cold,2,944,18.0812,0.017842
scipy-powell,cold,2,945,18.1022,0.017842
scipy-powell,cold,2,963,18.4721,0.016731
scipy-powell,cold,2,965,18.5169,0.016715
scipy-powell,cold,2,966,18.5409,0.016596
scipy-powell,cold,2,968,18.5902,0.016596
scipy-powell,cold,2,970,18.6293,0.016596
scipy-powell,cold,2,971,18.6486,0.016596
scipy-powell,cold,2,972,18.6678,0.016596
scipy-powell,cold,2,978,18.7843,0.016589
scipy-powell,cold,2,979,18.8047,0.016491
scipy-powell,cold,2,980,18.8242,0.016490
scipy-powell,cold,2,981,18.8486,0.016489
scipy-powell,cold,2,982,18.8734,0.016489
scipy-powell,cold,2,983,18.8998,0.016489
scipy-powell,cold,2,984,18.9258,0.016489
scipy-powell,cold,2,990,19.0762,0.016486
scipy-powell,cold,2,994,19.1605,0.016485
scipy-powell,cold,2,995,19.1802,0.016483
scipy-powell,cold,2,996,19.1993,0.016483
scipy-powell,cold,2,997,19.2249,0.016483
scipy-powell,cold,2,998,19.2518,0.016483
scipy-powell,cold,2,999,19.2768,0.016483
scipy-powell,cold,2,1013,19.5486,0.016483
scipy-powell,cold,2,1014,19.5672,0.016483
scipy-powell,cold,2,1015,19.5858,0.016483
scipy-powell,cold,2,1023,19.7345,0.016483
scipy-powell,cold,2,1024,19.7525,0.016483
scipy-powell,cold,2,1025,19.7725,0.016483
scipy-powell,cold,2,1043,20.1048,0.016483
scipy-powell,cold,2,1044,20.1237,0.016483
scipy-powell,cold,2,1045,20.1439,0.016483
scipy-powell,cold,2,1049,20.2172,0.016483
scipy-powell,cold,2,1061,20.4341,0.016483
scipy-powell,cold,2,1062,20.4526,0.016483
scipy-powell,cold,2,1063,20.4708,0.016483
scipy-powell,cold,2,1064,20.4884,0.016483
scipy-powell,cold,2,1080,20.7750,0.016483
scipy-powell,cold,2,1081,20.7930,0.016483
scipy-powell,cold,2,1082,20.8103,0.016483
scipy-powell,cold,2,1083,20.8288,0.016483
scipy-powell,cold,2,1090,20.9631,0.016482
scipy-powell,cold,2,1092,20.9996,0.016423
scipy-powell,cold,2,1093,21.0196,0.016403
scipy-powell,cold,2,1094,21.0411,0.016398
scipy-powell,cold,2,1095,21.0615,0.016398
scipy-powell,cold,2,1096,21.0820,0.016398
scipy-powell,cold,2,1097,21.1005,0.016398
scipy-powell,cold,2,1098,21.1214,0.016398
scipy-powell,cold,2,1104,21.2362,0.016343
scipy-powell,cold,2,1105,21.2568,0.016337
scipy-powell,cold,2,1107,21.2940,0.016330
scipy-powell,cold,2,1108,21.3137,0.016329
scipy-powell,cold,2,1109,21.3316,0.016329
scipy-powell,cold,2,1111,21.3676,0.016329
scipy-powell,cold,2,1113,21.4056,0.016329
scipy-powell,cold,2,1114,21.4249,0.016329
scipy-powell,cold,2,1115,21.4442,0.016329
scipy-powell,cold,2,1116,21.4628,0.016329
scipy-powell,cold,2,1120,21.5427,0.015961
scipy-powell,cold,2,1122,21.5810,0.015691
scipy-powell,cold,2,1123,21.5996,0.015530
scipy-powell,cold,2,1124,21.6174,0.015435
scipy-powell,cold,2,1125,21.6350,0.015379
scipy-powell,cold,2,1126,21.6526,0.015346
scipy-powell,cold,2,1127,21.6706,0.015326
scipy-powell,cold,2,1128,21.6883,0.015314
scipy-powell,cold,2,1129,21.7058,0.015306
scipy-powell,cold,2,1130,21.7234,0.015302
scipy-powell,cold,2,1131,21.7414,0.015299
scipy-powell,cold,2,1132,21.7600,0.015297
scipy-powell,cold,2,1133,21.7779,0.015296
scipy-powell,cold,2,1134,21.7957,0.015295
scipy-powell,cold,2,1135,21.8135,0.015295
scipy-powell,cold,2,1136,21.8314,0.015295
scipy-powell,cold,2,1137,21.8502,0.015295
scipy-powell,cold,2,1138,21.8680,0.015294
scipy-powell,cold,2,1139,21.8866,0.015294
scipy-powell,cold,2,1140,21.9043,0.015294
scipy-powell,cold,2,1141,21.9220,0.015294
scipy-powell,cold,2,1142,21.9400,0.015294
scipy-powell,cold,2,1143,21.9590,0.015294
scipy-powell,cold,2,1144,21.9776,0.015294
scipy-powell,cold,2,1145,21.9967,0.015294
scipy-powell,cold,2,1146,22.0150,0.015294
scipy-powell,cold,2,1147,22.0326,0.015294
scipy-powell,cold,2,1148,22.0505,0.015294
scipy-powell,cold,2,1149,22.0685,0.015294
scipy-powell,cold,2,1150,22.0861,0.015294
scipy-powell,cold,2,1151,22.1045,0.015294
scipy-powell,cold,2,1152,22.1227,0.015294
scipy-powell,cold,2,1153,22.1420,0.015294
scipy-powell,cold,2,1154,22.1598,0.015294
scipy-powell,cold,2,1155,22.1788,0.015294
scipy-powell,cold,2,1156,22.1975,0.015294
scipy-powell,cold,2,1157,22.2154,0.014240
scipy-powell,cold,2,1159,22.2528,0.014194
scipy-powell,cold,2,1160,22.2711,0.014179
scipy-powell,cold,2,1161,22.2890,0.014179
scipy-powell,cold,2,1162,22.3063,0.014179
scipy-powell,cold,2,1164,22.3415,0.014179
scipy-powell,cold,2,1166,22.3774,0.014179
scipy-powell,cold,2,1167,22.3951,0.014179
scipy-powell,cold,2,1179,22.6084,0.007322
scipy-powell,cold,2,1180,22.6271,0.004420
scipy-powell,cold,2,1181,22.6447,0.003950
scipy-powell,cold,2,1183,22.6805,0.003913
scipy-powell,cold,2,1184,22.6989,0.003895
scipy-powell,cold,2,1187,22.7537,0.003895
scipy-powell,cold,2,1188,22.7720,0.003895
scipy-powell,cold,2,1189,22.7906,0.003895
scipy-powell,cold,2,1190,22.8092,0.003895
scipy-powell,cold,2,1195,22.9032,0.003848
scipy-powell,cold,2,1198,22.9586,0.003846
scipy-powell,cold,2,1199,22.9763,0.003824
scipy-powell,cold,2,1200,22.9936,0.003779
scipy-powell,cold,2,1201,23.0112,0.003709
scipy-powell,cold,2,1202,23.0296,0.003639
scipy-powell,cold,2,1204,23.0668,0.003634
scipy-powell,cold,2,1205,23.0845,0.003629
scipy-powell,cold,2,1206,23.1017,0.003629
scipy-powell,cold,2,1207,23.1200,0.003628
scipy-powell,cold,2,1209,23.1548,0.003628
scipy-powell,cold,2,1210,23.1720,0.003628
scipy-powell,cold,2,1211,23.1895,0.003628
scipy-powell,cold,2,1212,23.2072,0.003628
scipy-powell,cold,2,1219,23.3296,0.003628
scipy-powell,cold,2,1220,23.3471,0.003628
scipy-powell,cold,2,1225,23.4350,0.003628
scipy-powell,cold,2,1228,23.4882,0.003628
scipy-powell,cold,2,1235,23.6158,0.003628
scipy-powell,cold,2,1236,23.6332,0.003628
scipy-powell,cold,2,1237,23.6510,0.003628
scipy-powell,cold,2,1257,24.0171,0.003628
scipy-powell,cold,2,1258,24.0362,0.003628
scipy-powell,cold,2,1259,24.0576,0.003628
scipy-powell,cold,2,1260,24.0772,0.003628
scipy-powell,cold,2,1271,24.2809,0.003628
scipy-powell,cold,2,1277,24.3901,0.003627
scipy-powell,cold,2,1278,24.4078,0.003627
scipy-powell,cold,2,1279,24.4255,0.003627
scipy-powell,cold,2,1280,24.4445,0.003627
scipy-powell,cold,2,1281,24.4632,0.003627
scipy-powell,cold,2,1282,24.4811,0.003627
scipy-powell,cold,2,1284,24.5174,0.003627
scipy-powell,cold,2,1298,24.7676,0.003627
scipy-powell,cold,2,1304,24.8867,0.003627
scipy-powell,cold,2,1305,24.9055,0.003627
scipy-powell,cold,2,1306,24.9246,0.003627
scipy-powell,cold,2,1307,24.9457,0.003627
scipy-powell,cold,2,1308,24.9642,0.003627
scipy-powell,cold,2,1312,25.0379,0.003627
scipy-powell,cold,2,1320,25.1877,0.003627
scipy-powell,cold,2,1321,25.2061,0.003627
scipy-powell,cold,2,1322,25.2245,0.003627
scipy-powell,cold,2,1323,25.2431,0.003627
scipy-powell,cold,2,1324,25.2612,0.003627
scipy-powell,cold,2,1328,25.3333,0.003627
scipy-powell,cold,2,1329,25.3510,0.003627
scipy-powell,cold,2,1330,25.3692,0.003627
scipy-powell,cold,2,1337,25.4975,0.003627
scipy-powell,cold,2,1338,25.5154,0.003627
scipy-powell,cold,2,1339,25.5329,0.003627
scipy-powell,cold,2,1340,25.5509,0.003627
scipy-powell,cold,2,1341,25.5693,0.003627
scipy-powell,cold,2,1364,25.9911,0.003627
scipy-powell,cold,2,1370,26.1028,0.003626
scipy-powell,cold,2,1371,26.1217,0.003626
scipy-powell,cold,2,1372,26.1404,0.003626
scipy-powell,cold,2,1373,26.1584,0.003626
scipy-powell,cold,2,1374,26.1762,0.003626
scipy-powell,cold,2,1396,26.5862,0.003626
scipy-powell,cold,2,1397,26.6053,0.003626
scipy-powell,cold,2,1398,26.6246,0.003626
scipy-powell,cold,2,1402,26.7021,0.003626
scipy-powell,cold,2,1410,26.8603,0.003626
scipy-powell,cold,2,1411,26.8801,0.003626
scipy-powell,cold,2,1412,26.8997,0.003626
scipy-powell,cold,2,1413,26.9188,0.003626
scipy-powell,cold,2,1420,27.0541,0.003626
scipy-powell,cold,2,1433,27.3089,0.003626
scipy-powell,cold,2,1434,27.3290,0.003626
scipy-powell,cold,2,1435,27.3482,0.003626
scipy-powell,cold,2,1436,27.3673,0.003626
scipy-powell,cold,2,1459,27.8060,0.003626
scipy-powell,cold,2,1460,27.8242,0.003626
scipy-powell,cold,2,1461,27.8433,0.003626
scipy-powell,cold,2,1466,27.9361,0.003626
scipy-powell,cold,2,1474,28.0874,0.003626
scipy-powell,cold,2,1481,28.2239,0.003626
scipy-powell,cold,2,1482,28.2425,0.003626
scipy-powell,cold,2,1483,28.2605,0.003626
scipy-powell,cold,2,1492,28.4339,0.003626
scipy-powell,cold,2,1498,28.5529,0.003626
scipy-powell,cold,2,1509,28.7694,0.003626
scipy-powell,cold,2,1510,28.7879,0.003626
scipy-powell,cold,2,1511,28.8068,0.003626
scipy-powell,cold,2,1512,28.8257,0.003626
scipy-powell,cold,2,1532,29.2239,0.003626
scipy-powell,cold,2,1533,29.2455,0.003626
scipy-powell,cold,2,1534,29.2669,0.003626
scipy-powell,cold,2,1540,29.3829,0.003626
scipy-powell,cold,2,1552,29.6180,0.003626
scipy-powell,cold,2,1553,29.6370,0.003626
scipy-powell,cold,2,1554,29.6555,0.003626
scipy-powell,cold,2,1567,29.9072,0.003626
scipy-powell,cold,2,1568,29.9270,0.003626
scipy-powell,cold,2,1569,29.9476,0.003626
scipy-powell,cold,2,1570,29.9691,0.003626
scipy-powell,cold,2,1576,30.0846,0.003626
scipy-powell,cold,2,1582,30.2028,0.003626
scipy-powell,cold,2,1583,30.2215,0.003626
scipy-powell,cold,2,1584,30.2399,0.003626
scipy-powell,cold,2,1593,30.4044,0.003626
scipy-powell,cold,2,1595,30.4426,0.003626
scipy-powell,cold,2,1596,30.4613,0.003626
scipy-powell,cold,2,1597,30.4810,0.003626
scipy-powell,cold,2,1599,30.5185,0.003626
scipy-powell,cold,2,1606,30.6570,0.003626
scipy-powell,cold,2,1607,30.6762,0.003626
scipy-powell,cold,2,1608,30.6960,0.003626
scipy-powell,cold,2,1609,30.7151,0.003626
scipy-powell,cold,2,1610,30.7341,0.003626
scipy-powell,cold,2,1611,30.7536,0.003626
scipy-powell,cold,2,1625,31.0242,0.003626
scipy-powell,cold,2,1626,31.0428,0.003626
scipy-powell,cold,2,1627,31.0615,0.003626
scipy-powell,cold,2,1636,31.2360,0.003626
scipy-powell,cold,2,1638,31.2763,0.003626
scipy-powell,cold,2,1666,31.8162,0.003626
scipy-powell,cold,2,1667,31.8357,0.003626
scipy-powell,cold,2,1668,31.8539,0.003626
scipy-powell,cold,2,1672,31.9338,0.003626
scipy-powell,cold,2,1677,32.0319,0.003626
scipy-powell,cold,2,1681,32.1095,0.003626
scipy-powell,cold,2,1682,32.1295,0.003626
scipy-powell,cold,2,1683,32.1488,0.003626
scipy-powell,cold,2,1684,32.1685,0.003626
scipy-powell,cold,2,1689,32.2678,0.003626
scipy-powell,cold,2,1696,32.4035,0.003626
scipy-powell,cold,2,1697,32.4232,0.003626
scipy-powell,cold,2,1698,32.4434,0.003626
scipy-powell,cold,2,1736,33.2242,0.003626
scipy-powell,cold,2,1737,33.2462,0.003626
scipy-powell,cold,2,1766,33.8251,0.003626
scipy-powell,cold,2,1776,34.0063,0.003626
scipy-powell,cold,2,1825,34.9235,0.003626
scipy-powell,cold,2,1826,34.9426,0.003626
scipy-powell,cold,2,1827,34.9624,0.003626
scipy-powell,cold,2,1848,35.3737,0.003626
scipy-powell,cold,2,1849,35.3935,0.003626
scipy-powell,cold,2,1850,35.4124,0.003626
scipy-powell,cold,2,1874,35.8696,0.003626
scipy-powell,cold,2,1875,35.8896,0.003626
scipy-powell,cold,2,1876,35.9076,0.003626
scipy-powell,cold,2,1913,36.6025,0.003626
scipy-powell,cold,2,1914,36.6225,0.003626
scipy-powell,cold,2,1939,37.0931,0.003626
scipy-powell,cold,2,1940,37.1147,0.003626
scipy-powell,cold,2,1941,37.1355,0.003626
scipy-powell,cold,2,1942,37.1560,0.003626
scipy-powell,cold,2,1947,37.2569,0.003626
scipy-powell,cold,2,1953,37.3671,0.003626
scipy-powell,cold,2,1954,37.3870,0.003626
scipy-powell,cold,2,1955,37.4052,0.003626
scipy-powell,cold,2,1956,37.4247,0.003626
scipy-powell,cold,2,1983,37.9195,0.003626
scipy-powell,cold,2,1984,37.9375,0.003626
scipy-powell,cold,2,1985,37.9559,0.003626
scipy-powell,cold,2,1986,37.9740,0.003626
scipy-powell,cold,2,1987,37.9917,0.003626
scipy-de,cold,2,0,0.0000,1.077257
scipy-de,cold,2,2,0.0616,0.748164
scipy-de,cold,2,14,0.2749,0.579172
scipy-de,cold,2,15,0.2923,0.516967
scipy-de,cold,2,30,0.5496,0.432627
scipy-de,cold,2,50,0.9159,0.040511
scipy-de,cold,2,1373,25.3890,0.008990
opt-ga,cold,2,0,0.0000,1.077257
opt-ga,cold,2,1,0.0513,0.508705
opt-ga,cold,2,17,0.3376,0.474848
opt-ga,cold,2,21,0.4101,0.293190
opt-ga,cold,2,52,0.9736,0.186772
opt-ga,cold,2,108,1.9451,0.182229
opt-ga,cold,2,143,2.5564,0.173934
opt-ga,cold,2,162,2.8860,0.168746
opt-ga,cold,2,166,2.9566,0.155720
opt-ga,cold,2,180,3.2066,0.138467
opt-ga,cold,2,268,4.8009,0.122388
opt-ga,cold,2,292,5.2136,0.084943
opt-ga,cold,2,360,6.4250,0.076664
opt-ga,cold,2,409,7.2510,0.062264
opt-ga,cold,2,425,7.5214,0.056203
opt-ga,cold,2,490,8.6611,0.034104
opt-ga,cold,2,722,12.6273,0.033855
opt-ga,cold,2,776,13.5580,0.032990
opt-ga,cold,2,808,14.1036,0.031841
opt-ga,cold,2,824,14.3837,0.029776
opt-ga,cold,2,843,14.7115,0.027195
opt-ga,cold,2,1011,17.6502,0.027108
opt-ga,cold,2,1056,18.4236,0.026238
opt-ga,cold,2,1078,18.8127,0.026082
opt-ga,cold,2,1098,19.1598,0.024499
opt-ga,cold,2,1133,19.7784,0.023089
opt-ga,cold,2,1267,22.1212,0.022315
opt-ga,cold,2,1274,22.2423,0.021447
opt-ga,cold,2,1296,22.6368,0.020929
opt-ga,cold,2,1354,23.7101,0.020847
opt-ga,cold,2,1382,24.2578,0.018988
opt-ga,cold,2,1476,25.9470,0.018800
opt-ga,cold,2,1577,27.7172,0.018369
opt-ga,cold,2,1579,27.7503,0.017278
opt-ga,cold,2,1685,29.6199,0.017262
opt-ga,cold,2,1755,30.8660,0.016906
opt-ga,cold,2,1782,31.3323,0.010856
opt-ga,cold,2,1946,34.2641,0.010840
opt-ga,cold,2,1964,34.6004,0.009953
opt-pso,cold,2,0,0.0000,1.077257
opt-pso,cold,2,1,0.0542,0.508705
opt-pso,cold,2,17,0.3523,0.474848
opt-pso,cold,2,21,0.4245,0.293190
opt-pso,cold,2,52,0.9869,0.186772
opt-aco,cold,2,0,0.0000,1.077257
opt-aco,cold,2,1,0.0513,0.508705
opt-aco,cold,2,17,0.3222,0.474848
opt-aco,cold,2,21,0.3894,0.293190
opt-aco,cold,2,52,0.9294,0.186772
opt-aco,cold,2,144,2.5169,0.082080
opt-aco,cold,2,297,5.2053,0.066886
opt-aco,cold,2,404,7.0544,0.064138
opt-aco,cold,2,435,7.5755,0.046857
opt-aco,cold,2,577,10.0118,0.038420
opt-aco,cold,2,624,10.8351,0.023245
opt-aco,cold,2,931,16.1471,0.022370
opt-aco,cold,2,940,16.3058,0.019049
opt-aco,cold,2,1187,20.7253,0.015685
opt-aco,cold,2,1205,21.0671,0.011385
opt-aco,cold,2,1669,29.6281,0.010980
opt-aco,cold,2,1744,30.9529,0.009571
opt-aco,cold,2,1843,32.7638,0.009322
opt-aco,cold,2,1866,33.1788,0.008627
opt-gd,cold,2,0,0.0000,1.077257
opt-gd,cold,2,6,0.1333,1.077257
opt-gd,cold,2,12,0.2388,1.077257
opt-gd,cold,2,13,0.2563,1.077257
opt-gd,cold,2,14,0.2741,1.077257
opt-gd,cold,2,22,0.4153,1.077257
opt-gd,cold,2,23,0.4333,1.077257
opt-gd,cold,2,50,0.9192,1.077257
opt-gd,cold,2,60,1.1013,1.077257
opt-gd,cold,2,61,1.1195,1.077257
opt-gd,cold,2,102,1.8768,0.309087
opt-gd,cold,2,103,1.8969,0.309087
opt-gd,cold,2,113,2.1016,0.309087
opt-gd,cold,2,115,2.1466,0.309087
opt-gd,cold,2,121,2.2718,0.309087
opt-gd,cold,2,131,2.4692,0.309087
opt-gd,cold,2,182,3.4855,0.309087
opt-gd,cold,2,203,3.8974,0.297129
opt-gd,cold,2,204,3.9168,0.297129
opt-gd,cold,2,213,4.0915,0.297129
opt-gd,cold,2,214,4.1100,0.297129
opt-gd,cold,2,216,4.1493,0.297129
opt-gd,cold,2,222,4.2671,0.297129
opt-gd,cold,2,232,4.4610,0.297129
opt-gd,cold,2,304,5.8223,0.255415
opt-gd,cold,2,305,5.8411,0.255415
opt-gd,cold,2,314,6.0143,0.255415
opt-gd,cold,2,315,6.0341,0.255415
opt-gd,cold,2,317,6.0728,0.255415
opt-gd,cold,2,323,6.1892,0.255415
opt-gd,cold,2,333,6.3806,0.255415
opt-gd,cold,2,352,6.7613,0.255415
opt-gd,cold,2,506,9.6352,0.199910
opt-gd,cold,2,507,9.6551,0.199910
opt-gd,cold,2,511,9.7354,0.199910
opt-gd,cold,2,514,9.7945,0.199910
opt-gd,cold,2,516,9.8327,0.199910
opt-gd,cold,2,519,9.8896,0.199910
opt-gd,cold,2,533,10.1617,0.199910
opt-gd,cold,2,555,10.5828,0.199910
opt-gd,cold,2,556,10.6026,0.199910
opt-gd,cold,2,607,11.5659,0.183454
opt-gd,cold,2,612,11.6556,0.183454
opt-gd,cold,2,616,11.7292,0.183454
opt-gd,cold,2,634,12.0597,0.183454
opt-gd,cold,2,708,13.4211,0.182090
opt-gd,cold,2,713,13.5154,0.182090
opt-gd,cold,2,717,13.5907,0.182090
opt-gd,cold,2,735,13.9170,0.182090
opt-gd,cold,2,809,15.2463,0.177896
opt-gd,cold,2,814,15.3351,0.177896
opt-gd,cold,2,818,15.4039,0.177896
opt-gd,cold,2,856,16.0635,0.177896
opt-gd,cold,2,910,17.0265,0.172456
opt-gd,cold,2,915,17.1121,0.172456
opt-gd,cold,2,917,17.1460,0.172456
opt-gd,cold,2,919,17.1848,0.172456
opt-gd,cold,2,957,17.8442,0.172456
opt-gd,cold,2,1011,18.7778,0.170532
opt-gd,cold,2,1016,18.8704,0.170532
opt-gd,cold,2,1018,18.9069,0.170532
opt-gd,cold,2,1020,18.9445,0.170532
opt-gd,cold,2,1058,19.6386,0.170532
opt-gd,cold,2,1112,20.6099,0.166793
opt-gd,cold,2,1117,20.7052,0.166793
opt-gd,cold,2,1120,20.7726,0.166793
opt-gd,cold,2,1121,20.7921,0.166793
opt-gd,cold,2,1122,20.8096,0.166793
opt-gd,cold,2,1213,22.4521,0.110507
opt-gd,cold,2,1214,22.4736,0.110507
opt-gd,cold,2,1218,22.5540,0.110507
opt-gd,cold,2,1221,22.6133,0.110507
opt-gd,cold,2,1223,22.6532,0.110507
opt-gd,cold,2,1261,23.3991,0.110507
opt-gd,cold,2,1415,26.3458,0.090245
opt-gd,cold,2,1420,26.4511,0.090245
opt-gd,cold,2,1424,26.5339,0.090245
opt-gd,cold,2,1425,26.5542,0.090245
opt-gd,cold,2,1462,27.3141,0.090245
opt-gd,cold,2,1516,28.4729,0.085613
opt-gd,cold,2,1521,28.5788,0.085613
opt-gd,cold,2,1523,28.6220,0.085613
opt-gd,cold,2,1525,28.6652,0.085613
opt-gd,cold,2,1526,28.6866,0.085613
opt-gd,cold,2,1530,28.7709,0.085613
opt-gd,cold,2,1563,29.4742,0.085613
opt-gd,cold,2,1617,30.6126,0.080551
opt-gd,cold,2,1622,30.7042,0.080551
opt-gd,cold,2,1624,30.7391,0.080551
opt-gd,cold,2,1631,30.8826,0.080551
opt-gd,cold,2,1639,31.0296,0.080551
opt-gd,cold,2,1664,31.4897,0.080551
opt-gd,cold,2,1718,32.4627,0.079887
opt-gd,cold,2,1723,32.5526,0.079887
opt-gd,cold,2,1726,32.6043,0.079887
opt-gd,cold,2,1731,32.6897,0.079887
opt-gd,cold,2,1745,32.9363,0.079887
opt-gd,cold,2,1766,33.3044,0.079887
opt-gd,cold,2,1819,34.2654,0.079649
opt-gd,cold,2,1824,34.3524,0.079649
opt-gd,cold,2,1834,34.5306,0.079649
opt-gd,cold,2,1841,34.6561,0.079649
opt-gd,cold,2,1866,35.1031,0.079649
opt-gd,cold,2,1920,36.0522,0.079623
opt-gd,cold,2,1925,36.1446,0.079623
opt-gd,cold,2,1933,36.3034,0.079623
opt-gd,cold,2,1935,36.3391,0.079623
opt-gd,cold,2,1942,36.4607,0.079623
none,cold,3,0,0.0000,4.554151
scipy-lbfgsb,cold,3,0,0.0000,4.554151
scipy-lbfgsb,cold,3,2,0.0615,4.554143
scipy-lbfgsb,cold,3,3,0.0820,4.554121
scipy-lbfgsb,cold,3,9,0.2047,4.553549
scipy-lbfgsb,cold,3,10,0.2230,4.553512
scipy-lbfgsb,cold,3,11,0.2454,4.552861
scipy-lbfgsb,cold,3,203,4.0822,2.353667
scipy-lbfgsb,cold,3,204,4.1021,2.353660
scipy-lbfgsb,cold,3,205,4.1218,2.353641
scipy-lbfgsb,cold,3,212,4.2576,2.353629
scipy-lbfgsb,cold,3,405,8.0152,1.894917
scipy-lbfgsb,cold,3,406,8.0340,1.894911
scipy-lbfgsb,cold,3,407,8.0522,1.894895
scipy-lbfgsb,cold,3,414,8.1842,1.894890
scipy-lbfgsb,cold,3,460,9.0465,1.894889
scipy-lbfgsb,cold,3,607,11.8980,1.567835
scipy-lbfgsb,cold,3,608,11.9178,1.567833
scipy-lbfgsb,cold,3,609,11.9361,1.567825
scipy-lbfgsb,cold,3,614,12.0255,1.567815
scipy-lbfgsb,cold,3,809,15.7138,1.559322
scipy-lbfgsb,cold,3,810,15.7374,1.559320
scipy-lbfgsb,cold,3,811,15.7623,1.559314
scipy-lbfgsb,cold,3,816,15.8702,1.559301
scipy-lbfgsb,cold,3,867,16.8610,1.559220
scipy-lbfgsb,cold,3,910,17.6537,1.545577
scipy-lbfgsb,cold,3,911,17.6721,1.545576
scipy-lbfgsb,cold,3,912,17.6900,1.545569
scipy-lbfgsb,cold,3,917,17.7866,1.545557
scipy-lbfgsb,cold,3,968,18.8022,1.545463
scipy-lbfgsb,cold,3,1011,19.6151,0.994663
scipy-lbfgsb,cold,3,1012,19.6346,0.994663
scipy-lbfgsb,cold,3,1013,19.6539,0.994661
scipy-lbfgsb,cold,3,1018,19.7512,0.994653
scipy-lbfgsb,cold,3,1034,20.0720,0.994637
scipy-lbfgsb,cold,3,1068,20.7719,0.994586
scipy-lbfgsb,cold,3,1069,20.7936,0.994450
scipy-lbfgsb,cold,3,1112,21.6627,0.544412
scipy-lbfgsb,cold,3,1113,21.6821,0.544412
scipy-lbfgsb,cold,3,1114,21.7016,0.544409
scipy-lbfgsb,cold,3,1135,22.1117,0.544394
scipy-lbfgsb,cold,3,1213,23.6909,0.465571
scipy-lbfgsb,cold,3,1214,23.7112,0.465571
scipy-lbfgsb,cold,3,1215,23.7320,0.465569
scipy-lbfgsb,cold,3,1236,24.1543,0.465566
scipy-lbfgsb,cold,3,1250,24.4380,0.465565
scipy-lbfgsb,cold,3,1251,24.4591,0.465554
scipy-lbfgsb,cold,3,1415,27.9149,0.437884
scipy-lbfgsb,cold,3,1416,27.9386,0.437884
scipy-lbfgsb,cold,3,1417,27.9599,0.437882
scipy-lbfgsb,cold,3,1438,28.3942,0.437882
scipy-lbfgsb,cold,3,1451,28.6804,0.437881
scipy-lbfgsb,cold,3,1452,28.7014,0.437876
scipy-lbfgsb,cold,3,1453,28.7217,0.437864
scipy-lbfgsb,cold,3,1617,32.1957,0.426395
scipy-lbfgsb,cold,3,1618,32.2172,0.426394
scipy-lbfgsb,cold,3,1619,32.2389,0.426393
scipy-lbfgsb,cold,3,1653,32.9428,0.426393
scipy-lbfgsb,cold,3,1654,32.9668,0.426387
scipy-lbfgsb,cold,3,1655,32.9882,0.426375
scipy-lbfgsb,cold,3,1718,34.2890,0.403916
scipy-lbfgsb,cold,3,1719,34.3083,0.403916
scipy-lbfgsb,cold,3,1720,34.3257,0.403915
scipy-lbfgsb,cold,3,1739,34.6723,0.403875
scipy-lbfgsb,cold,3,1740,34.6905,0.403697
scipy-lbfgsb,cold,3,1819,36.1768,0.378599
scipy-lbfgsb,cold,3,1820,36.1959,0.378598
scipy-lbfgsb,cold,3,1821,36.2151,0.378597
scipy-lbfgsb,cold,3,1856,36.8647,0.378591
scipy-lbfgsb,cold,3,1857,36.8840,0.378581
scipy-powell,cold,3,0,0.0000,4.554151
scipy-powell,cold,3,2,0.0580,2.526264
scipy-powell,cold,3,3,0.0779,1.517911
scipy-powell,cold,3,4,0.0988,1.166592
scipy-powell,cold,3,5,0.1179,0.978248
scipy-powell,cold,3,6,0.1366,0.965275
scipy-powell,cold,3,8,0.1745,0.964424
scipy-powell,cold,3,9,0.1938,0.964067
scipy-powell,cold,3,10,0.2134,0.963910
scipy-powell,cold,3,11,0.2329,0.963838
scipy-powell,cold,3,12,0.2537,0.963803
scipy-powell,cold,3,13,0.2745,0.963784
scipy-powell,cold,3,14,0.2948,0.963775
scipy-powell,cold,3,15,0.3149,0.963769
scipy-powell,cold,3,16,0.3346,0.963766
scipy-powell,cold,3,17,0.3542,0.963764
scipy-powell,cold,3,18,0.3730,0.963763
scipy-powell,cold,3,19,0.3920,0.963762
scipy-powell,cold,3,20,0.4110,0.963761
scipy-powell,cold,3,21,0.4299,0.963761
scipy-powell,cold,3,22,0.4487,0.963761
scipy-powell,cold,3,23,0.4670,0.963761
scipy-powell,cold,3,24,0.4849,0.963761
scipy-powell,cold,3,25,0.5038,0.963761
scipy-powell,cold,3,26,0.5250,0.963761
scipy-powell,cold,3,27,0.5456,0.963761
scipy-powell,cold,3,28,0.5654,0.963761
scipy-powell,cold,3,29,0.5844,0.963761
scipy-powell,cold,3,30,0.6031,0.963761
scipy-powell,cold,3,31,0.6218,0.963761
scipy-powell,cold,3,32,0.6407,0.963761
scipy-powell,cold,3,33,0.6588,0.963761
scipy-powell,cold,3,34,0.6778,0.963761
scipy-powell,cold,3,35,0.6968,0.963761
scipy-powell,cold,3,38,0.7584,0.963735
scipy-powell,cold,3,39,0.7780,0.961238
scipy-powell,cold,3,40,0.7983,0.960552
scipy-powell,cold,3,41,0.8185,0.960442
scipy-powell,cold,3,42,0.8383,0.960437
scipy-powell,cold,3,43,0.8584,0.960420
scipy-powell,cold,3,44,0.8799,0.960409
scipy-powell,cold,3,45,0.9010,0.960407
scipy-powell,cold,3,46,0.9218,0.960406
scipy-powell,cold,3,47,0.9410,0.960406
scipy-powell,cold,3,48,0.9608,0.960406
scipy-powell,cold,3,49,0.9800,0.960406
scipy-powell,cold,3,50,0.9995,0.960406
scipy-powell,cold,3,55,1.0963,0.792347
scipy-powell,cold,3,57,1.1357,0.707612
scipy-powell,cold,3,58,1.1551,0.653011
scipy-powell,cold,3,59,1.1740,0.619377
scipy-powell,cold,3,60,1.1929,0.598866
scipy-powell,cold,3,61,1.2118,0.586350
scipy-powell,cold,3,62,1.2316,0.578688
scipy-powell,cold,3,63,1.2503,0.573984
scipy-powell,cold,3,64,1.2721,0.571090
scipy-powell,cold,3,65,1.2937,0.569306
scipy-powell,cold,3,66,1.3150,0.568205
scipy-powell,cold,3,67,1.3340,0.567525
scipy-powell,cold,3,68,1.3530,0.567106
scipy-powell,cold,3,69,1.3723,0.566846
scipy-powell,cold,3,70,1.3915,0.566686
scipy-powell,cold,3,71,1.4112,0.566587
scipy-powell,cold,3,72,1.4315,0.566526
scipy-powell,cold,3,73,1.4508,0.566488
scipy-powell,cold,3,74,1.4723,0.566465
scipy-powell,cold,3,75,1.4921,0.566450
scipy-powell,cold,3,76,1.5118,0.566441
scipy-powell,cold,3,77,1.5312,0.566436
scipy-powell,cold,3,78,1.5512,0.566433
scipy-powell,cold,3,79,1.5710,0.566430
scipy-powell,cold,3,80,1.5918,0.566429
scipy-powell,cold,3,81,1.6125,0.566428
scipy-powell,cold,3,82,1.6329,0.566428
scipy-powell,cold,3,83,1.6517,0.566428
scipy-powell,cold,3,84,1.6712,0.566427
scipy-powell,cold,3,85,1.6909,0.566427
scipy-powell,cold,3,86,1.7104,0.566427
scipy-powell,cold,3,87,1.7282,0.566427
scipy-powell,cold,3,88,1.7490,0.566427
scipy-powell,cold,3,89,1.7687,0.566427
scipy-powell,cold,3,90,1.7897,0.566427
scipy-powell,cold,3,91,1.8113,0.566427
scipy-powell,cold,3,92,1.8319,0.363140
scipy-powell,cold,3,94,1.8698,0.308938
scipy-powell,cold,3,95,1.8892,0.308443
scipy-powell,cold,3,98,1.9515,0.308436
scipy-powell,cold,3,100,1.9951,0.308432
scipy-powell,cold,3,101,2.0163,0.308432
scipy-powell,cold,3,102,2.0378,0.308431
scipy-powell,cold,3,103,2.0572,0.308431
scipy-powell,cold,3,104,2.0776,0.308431
scipy-powell,cold,3,105,2.0993,0.308431
scipy-powell,cold,3,106,2.1240,0.308431
scipy-powell,cold,3,107,2.1480,0.308431
scipy-powell,cold,3,108,2.1702,0.308431
scipy-powell,cold,3,130,2.6507,0.304659
scipy-powell,cold,3,131,2.6739,0.272677
scipy-powell,cold,3,132,2.6962,0.253719
scipy-powell,cold,3,133,2.7184,0.242334
scipy-powell,cold,3,134,2.7391,0.235429
scipy-powell,cold,3,135,2.7631,0.231212
scipy-powell,cold,3,136,2.7864,0.228626
scipy-powell,cold,3,137,2.8078,0.227035
scipy-powell,cold,3,138,2.8283,0.226055
scipy-powell,cold,3,139,2.8490,0.225450
scipy-powell,cold,3,140,2.8692,0.225077
scipy-powell,cold,3,141,2.8884,0.224846
scipy-powell,cold,3,142,2.9096,0.224704
scipy-powell,cold,3,143,2.9317,0.224616
scipy-powell,cold,3,144,2.9544,0.224562
scipy-powell,cold,3,145,2.9759,0.224528
scipy-powell,cold,3,146,3.0013,0.224507
scipy-powell,cold,3,147,3.0271,0.224494
scipy-powell,cold,3,148,3.0524,0.224487
scipy-powell,cold,3,149,3.0780,0.224482
scipy-powell,cold,3,150,3.1037,0.224479
scipy-powell,cold,3,151,3.1294,0.224477
scipy-powell,cold,3,152,3.1525,0.224476
scipy-powell,cold,3,153,3.1736,0.224475
scipy-powell,cold,3,154,3.1963,0.224474
scipy-powell,cold,3,155,3.2198,0.224474
scipy-powell,cold,3,156,3.2423,0.224474
scipy-powell,cold,3,157,3.2644,0.224474
scipy-powell,cold,3,158,3.2854,0.224474
scipy-powell,cold,3,159,3.3062,0.224474
scipy-powell,cold,3,160,3.3277,0.224474
scipy-powell,cold,3,161,3.3486,0.224474
scipy-powell,cold,3,162,3.3695,0.224474
scipy-powell,cold,3,163,3.3924,0.224474
scipy-powell,cold,3,164,3.4151,0.224474
scipy-powell,cold,3,165,3.4374,0.224474
scipy-powell,cold,3,166,3.4590,0.224474
scipy-powell,cold,3,167,3.4799,0.133593
scipy-powell,cold,3,169,3.5196,0.008083
scipy-powell,cold,3,173,3.6019,0.007870
scipy-powell,cold,3,174,3.6230,0.007815
scipy-powell,cold,3,175,3.6430,0.007813
scipy-powell,cold,3,176,3.6626,0.007813
scipy-powell,cold,3,177,3.6826,0.007813
scipy-powell,cold,3,178,3.7039,0.007813
scipy-powell,cold,3,185,3.8441,0.007649
scipy-powell,cold,3,188,3.9034,0.007618
scipy-powell,cold,3,190,3.9419,0.007616
scipy-powell,cold,3,191,3.9619,0.007616
scipy-powell,cold,3,192,3.9813,0.007616
scipy-powell,cold,3,193,4.0012,0.007616
scipy-powell,cold,3,194,4.0251,0.007616
scipy-powell,cold,3,206,4.2704,0.007611
scipy-powell,cold,3,208,4.3096,0.007611
scipy-powell,cold,3,209,4.3288,0.007611
scipy-powell,cold,3,210,4.3484,0.007611
scipy-powell,cold,3,211,4.3680,0.007611
scipy-powell,cold,3,216,4.4688,0.007343
scipy-powell,cold,3,217,4.4887,0.006995
scipy-powell,cold,3,219,4.5282,0.006953
scipy-powell,cold,3,220,4.5476,0.006922
scipy-powell,cold,3,221,4.5673,0.006918
scipy-powell,cold,3,222,4.5870,0.006915
scipy-powell,cold,3,223,4.6063,0.006915
scipy-powell,cold,3,224,4.6269,0.006915
scipy-powell,cold,3,225,4.6478,0.006915
scipy-powell,cold,3,226,4.6691,0.006915
scipy-powell,cold,3,227,4.6893,0.006915
scipy-powell,cold,3,229,4.7313,0.006915
scipy-powell,cold,3,238,4.9135,0.006914
scipy-powell,cold,3,239,4.9324,0.006914
scipy-powell,cold,3,241,4.9720,0.006914
scipy-powell,cold,3,242,4.9912,0.006914
scipy-powell,cold,3,243,5.0107,0.006914
scipy-powell,cold,3,244,5.0305,0.006914
scipy-powell,cold,3,250,5.1482,0.006913
scipy-powell,cold,3,253,5.2066,0.006911
scipy-powell,cold,3,254,5.2260,0.006911
scipy-powell,cold,3,255,5.2453,0.006911
scipy-powell,cold,3,256,5.2648,0.006911
scipy-powell,cold,3,257,5.2841,0.006911
scipy-powell,cold,3,260,5.3400,0.006911
scipy-powell,cold,3,263,5.3974,0.006911
scipy-powell,cold,3,266,5.4547,0.006909
scipy-powell,cold,3,267,5.4734,0.006908
scipy-powell,cold,3,268,5.4927,0.006908
scipy-powell,cold,3,269,5.5119,0.006908
scipy-powell,cold,3,270,5.5316,0.006908
scipy-powell,cold,3,271,5.5508,0.006908
scipy-powell,cold,3,272,5.5701,0.006908
scipy-powell,cold,3,277,5.6661,0.006904
scipy-powell,cold,3,280,5.7244,0.006902
scipy-powell,cold,3,282,5.7628,0.006902
scipy-powell,cold,3,283,5.7825,0.006902
scipy-powell,cold,3,286,5.8410,0.006902
scipy-powell,cold,3,291,5.9334,0.006894
scipy-powell,cold,3,294,5.9879,0.006893
scipy-powell,cold,3,295,6.0059,0.006892
scipy-powell,cold,3,296,6.0238,0.006892
scipy-powell,cold,3,297,6.0415,0.006892
scipy-powell,cold,3,298,6.0623,0.006892
scipy-powell,cold,3,299,6.0875,0.006892
scipy-powell,cold,3,300,6.1127,0.006892
scipy-powell,cold,3,301,6.1319,0.006892
scipy-powell,cold,3,303,6.1688,0.006892
scipy-powell,cold,3,306,6.2273,0.006892
scipy-powell,cold,3,309,6.2845,0.006886
scipy-powell,cold,3,310,6.3038,0.006870
scipy-powell,cold,3,311,6.3238,0.006870
scipy-powell,cold,3,312,6.3434,0.006870
scipy-powell,cold,3,313,6.3621,0.006870
scipy-powell,cold,3,314,6.3814,0.006870
scipy-powell,cold,3,316,6.4203,0.006870
scipy-powell,cold,3,324,6.5740,0.006867
scipy-powell,cold,3,325,6.5923,0.006866
scipy-powell,cold,3,327,6.6302,0.006866
scipy-powell,cold,3,328,6.6498,0.006866
scipy-powell,cold,3,333,6.7494,0.006866
scipy-powell,cold,3,338,6.8499,0.006827
scipy-powell,cold,3,339,6.8689,0.006745
scipy-powell,cold,3,340,6.8885,0.006717
scipy-powell,cold,3,342,6.9279,0.006714
scipy-powell,cold,3,343,6.9477,0.006714
scipy-powell,cold,3,344,6.9679,0.006714
scipy-powell,cold,3,345,6.9879,0.006714
scipy-powell,cold,3,346,7.0080,0.006714
scipy-powell,cold,3,350,7.0868,0.006714
scipy-powell,cold,3,352,7.1251,0.006551
scipy-powell,cold,3,354,7.1644,0.006547
scipy-powell,cold,3,355,7.1842,0.006535
scipy-powell,cold,3,356,7.2050,0.006535
scipy-powell,cold,3,357,7.2244,0.006535
scipy-powell,cold,3,358,7.2443,0.006535
scipy-powell,cold,3,359,7.2635,0.006535
scipy-powell,cold,3,375,7.5851,0.006232
scipy-powell,cold,3,377,7.6294,0.006226
scipy-powell,cold,3,378,7.6527,0.006219
scipy-powell,cold,3,380,7.6950,0.006219
scipy-powell,cold,3,381,7.7155,0.006219
scipy-powell,cold,3,382,7.7364,0.006219
scipy-powell,cold,3,383,7.7569,0.006219
scipy-powell,cold,3,388,7.8521,0.006182
scipy-powell,cold,3,389,7.8701,0.006177
scipy-powell,cold,3,390,7.8885,0.006174
scipy-powell,cold,3,392,7.9256,0.006174
scipy-powell,cold,3,394,7.9616,0.006174
scipy-powell,cold,3,396,7.9988,0.006174
scipy-powell,cold,3,397,8.0167,0.006174
scipy-powell,cold,3,398,8.0346,0.006174
scipy-powell,cold,3,419,8.4197,0.006173
scipy-powell,cold,3,420,8.4375,0.006173
scipy-powell,cold,3,421,8.4552,0.006172
scipy-powell,cold,3,422,8.4731,0.006172
scipy-powell,cold,3,423,8.4909,0.006172
scipy-powell,cold,3,424,8.5089,0.006172
scipy-powell,cold,3,425,8.5268,0.006172
scipy-powell,cold,3,426,8.5446,0.006172
scipy-powell,cold,3,427,8.5627,0.006172
scipy-powell,cold,3,428,8.5809,0.006172
scipy-powell,cold,3,429,8.5983,0.006172
scipy-powell,cold,3,430,8.6163,0.006172
scipy-powell,cold,3,431,8.6341,0.006172
scipy-powell,cold,3,432,8.6524,0.006172
scipy-powell,cold,3,433,8.6701,0.006172
scipy-powell,cold,3,434,8.6884,0.006172
scipy-powell,cold,3,435,8.7066,0.006172
scipy-powell,cold,3,436,8.7246,0.006172
scipy-powell,cold,3,437,8.7430,0.006172
scipy-powell,cold,3,438,8.7625,0.006172
scipy-powell,cold,3,439,8.7818,0.006172
scipy-powell,cold,3,440,8.8000,0.006172
scipy-powell,cold,3,441,8.8179,0.006172
scipy-powell,cold,3,442,8.8356,0.006172
scipy-powell,cold,3,443,8.8534,0.006172
scipy-powell,cold,3,444,8.8730,0.006172
scipy-powell,cold,3,445,8.8914,0.006172
scipy-powell,cold,3,446,8.9113,0.005525
scipy-powell,cold,3,449,8.9670,0.005511
scipy-powell,cold,3,450,8.9862,0.005500
scipy-powell,cold,3,451,9.0038,0.005499
scipy-powell,cold,3,452,9.0216,0.005499
scipy-powell,cold,3,453,9.0399,0.005499
scipy-powell,cold,3,454,9.0584,0.005499
scipy-powell,cold,3,455,9.0776,0.005499
scipy-powell,cold,3,456,9.0965,0.005499
scipy-powell,cold,3,459,9.1539,0.005333
scipy-powell,cold,3,460,9.1731,0.005054
scipy-powell,cold,3,461,9.1912,0.005053
scipy-powell,cold,3,462,9.2107,0.005041
scipy-powell,cold,3,464,9.2472,0.005041
scipy-powell,cold,3,466,9.2837,0.005041
scipy-powell,cold,3,467,9.3053,0.005041
scipy-powell,cold,3,468,9.3273,0.005041
scipy-powell,cold,3,474,9.4428,0.005017
scipy-powell,cold,3,478,9.5169,0.005016
scipy-powell,cold,3,479,9.5349,0.005016
scipy-powell,cold,3,480,9.5528,0.005016
scipy-powell,cold,3,481,9.5702,0.005016
scipy-powell,cold,3,482,9.5885,0.005016
scipy-powell,cold,3,483,9.6067,0.005016
scipy-powell,cold,3,494,9.8082,0.005014
scipy-powell,cold,3,495,9.8269,0.005014
scipy-powell,cold,3,496,9.8473,0.005014
scipy-powell,cold,3,497,9.8668,0.005014
scipy-powell,cold,3,498,9.8874,0.005014
scipy-powell,cold,3,499,9.9067,0.005014
scipy-powell,cold,3,512,10.1755,0.005013
scipy-powell,cold,3,514,10.2118,0.005013
scipy-powell,cold,3,515,10.2304,0.005013
scipy-powell,cold,3,516,10.2484,0.005013
scipy-powell,cold,3,517,10.2661,0.005013
scipy-powell,cold,3,521,10.3379,0.005013
scipy-powell,cold,3,523,10.3732,0.004992
scipy-powell,cold,3,525,10.4087,0.004971
scipy-powell,cold,3,526,10.4265,0.004969
scipy-powell,cold,3,527,10.4445,0.004968
scipy-powell,cold,3,528,10.4631,0.004968
scipy-powell,cold,3,529,10.4810,0.004968
scipy-powell,cold,3,530,10.4999,0.004968
scipy-powell,cold,3,531,10.5183,0.004968
scipy-powell,cold,3,536,10.6100,0.004875
scipy-powell,cold,3,540,10.6830,0.004875
scipy-powell,cold,3,541,10.7022,0.004875
scipy-powell,cold,3,542,10.7210,0.004875
scipy-powell,cold,3,543,10.7392,0.004875
scipy-powell,cold,3,544,10.7581,0.004875
scipy-powell,cold,3,545,10.7761,0.004875
scipy-powell,cold,3,555,10.9630,0.004872
scipy-powell,cold,3,556,10.9828,0.004869
scipy-powell,cold,3,557,11.0020,0.004867
scipy-powell,cold,3,558,11.0200,0.004866
scipy-powell,cold,3,559,11.0373,0.004865
scipy-powell,cold,3,560,11.0560,0.004865
scipy-powell,cold,3,561,11.0737,0.004865
scipy-powell,cold,3,562,11.0923,0.004864
scipy-powell,cold,3,563,11.1106,0.004864
scipy-powell,cold,3,564,11.1296,0.004864
scipy-powell,cold,3,565,11.1479,0.004864
scipy-powell,cold,3,566,11.1675,0.004864
scipy-powell,cold,3,567,11.1871,0.004864
scipy-powell,cold,3,568,11.2088,0.004864
scipy-powell,cold,3,569,11.2307,0.004864
scipy-powell,cold,3,570,11.2513,0.004864
scipy-powell,cold,3,571,11.2721,0.004864
scipy-powell,cold,3,572,11.2924,0.004864
scipy-powell,cold,3,573,11.3117,0.004864
scipy-powell,cold,3,574,11.3316,0.004864
scipy-powell,cold,3,575,11.3529,0.004864
scipy-powell,cold,3,576,11.3733,0.004864
scipy-powell,cold,3,577,11.3935,0.004864
scipy-powell,cold,3,578,11.4126,0.004864
scipy-powell,cold,3,579,11.4324,0.004864
scipy-powell,cold,3,580,11.4525,0.004864
scipy-powell,cold,3,581,11.4728,0.004864
scipy-powell,cold,3,582,11.4909,0.004864
scipy-powell,cold,3,583,11.5105,0.004864
scipy-powell,cold,3,584,11.5283,0.004864
scipy-powell,cold,3,585,11.5477,0.004864
scipy-powell,cold,3,586,11.5665,0.004864
scipy-powell,cold,3,587,11.5850,0.004817
scipy-powell,cold,3,590,11.6399,0.004793
scipy-powell,cold,3,592,11.6776,0.004793
scipy-powell,cold,3,593,11.6969,0.004793
scipy-powell,cold,3,594,11.7159,0.004793
scipy-powell,cold,3,595,11.7341,0.004793
scipy-powell,cold,3,596,11.7546,0.004793
scipy-powell,cold,3,604,11.9125,0.004793
scipy-powell,cold,3,609,12.0095,0.004793
scipy-powell,cold,3,610,12.0292,0.004793
scipy-powell,cold,3,611,12.0487,0.004793
scipy-powell,cold,3,612,12.0680,0.004793
scipy-powell,cold,3,619,12.1942,0.004793
scipy-powell,cold,3,620,12.2121,0.004793
scipy-powell,cold,3,621,12.2298,0.004793
scipy-powell,cold,3,622,12.2485,0.004793
scipy-powell,cold,3,623,12.2662,0.004793
scipy-powell,cold,3,624,12.2843,0.004793
scipy-powell,cold,3,625,12.3017,0.004793
scipy-powell,cold,3,626,12.3192,0.004793
scipy-powell,cold,3,631,12.4092,0.004742
scipy-powell,cold,3,632,12.4271,0.004718
scipy-powell,cold,3,633,12.4457,0.004714
scipy-powell,cold,3,634,12.4635,0.004713
scipy-powell,cold,3,635,12.4815,0.004713
scipy-powell,cold,3,636,12.4993,0.004713
scipy-powell,cold,3,637,12.5167,0.004713
scipy-powell,cold,3,638,12.5342,0.004713
scipy-powell,cold,3,648,12.7188,0.004705
scipy-powell,cold,3,649,12.7365,0.004705
scipy-powell,cold,3,650,12.7548,0.004705
scipy-powell,cold,3,651,12.7733,0.004705
scipy-powell,cold,3,652,12.7932,0.004705
scipy-powell,cold,3,653,12.8136,0.004705
scipy-powell,cold,3,654,12.8332,0.004705
scipy-powell,cold,3,661,12.9672,0.004695
scipy-powell,cold,3,662,12.9857,0.004689
scipy-powell,cold,3,663,13.0041,0.004687
scipy-powell,cold,3,664,13.0228,0.004687
scipy-powell,cold,3,665,13.0419,0.004687
scipy-powell,cold,3,666,13.0620,0.004687
scipy-powell,cold,3,667,13.0820,0.004687
scipy-powell,cold,3,668,13.1015,0.004687
scipy-powell,cold,3,677,13.2801,0.004658
scipy-powell,cold,3,680,13.3346,0.004657
scipy-powell,cold,3,681,13.3538,0.004656
scipy-powell,cold,3,682,13.3732,0.004656
scipy-powell,cold,3,683,13.3924,0.004656
scipy-powell,cold,3,684,13.4117,0.004656
scipy-powell,cold,3,685,13.4318,0.004656
scipy-powell,cold,3,692,13.5680,0.004629
scipy-powell,cold,3,693,13.5874,0.004598
scipy-powell,cold,3,694,13.6062,0.004583
scipy-powell,cold,3,695,13.6249,0.004576
scipy-powell,cold,3,696,13.6444,0.004572
scipy-powell,cold,3,697,13.6628,0.004570
scipy-powell,cold,3,698,13.6821,0.004569
scipy-powell,cold,3,699,13.7001,0.004569
scipy-powell,cold,3,700,13.7179,0.004569
scipy-powell,cold,3,701,13.7372,0.004568
scipy-powell,cold,3,702,13.7564,0.004568
scipy-powell,cold,3,703,13.7754,0.004568
scipy-powell,cold,3,704,13.7937,0.004568
scipy-powell,cold,3,705,13.8125,0.004568
scipy-powell,cold,3,706,13.8309,0.004568
scipy-powell,cold,3,707,13.8512,0.004568
scipy-powell,cold,3,708,13.8727,0.004568
scipy-powell,cold,3,709,13.8927,0.004568
scipy-powell,cold,3,710,13.9125,0.004568
scipy-powell,cold,3,711,13.9324,0.004568
scipy-powell,cold,3,712,13.9528,0.004568
scipy-powell,cold,3,713,13.9717,0.004568
scipy-powell,cold,3,714,13.9910,0.004568
scipy-powell,cold,3,715,14.0093,0.004568
scipy-powell,cold,3,716,14.0281,0.004568
scipy-powell,cold,3,717,14.0471,0.004568
scipy-powell,cold,3,718,14.0661,0.004568
scipy-powell,cold,3,719,14.0855,0.004568
scipy-powell,cold,3,720,14.1061,0.004568
scipy-powell,cold,3,721,14.1266,0.004568
scipy-powell,cold,3,722,14.1483,0.004568
scipy-powell,cold,3,723,14.1678,0.004568
scipy-powell,cold,3,724,14.1873,0.004568
scipy-powell,cold,3,725,14.2072,0.004568
scipy-powell,cold,3,726,14.2263,0.004568
scipy-powell,cold,3,727,14.2443,0.004568
scipy-powell,cold,3,728,14.2637,0.004466
scipy-powell,cold,3,731,14.3181,0.004459
scipy-powell,cold,3,733,14.3567,0.004459
scipy-powell,cold,3,734,14.3749,0.004459
scipy-powell,cold,3,735,14.3927,0.004459
scipy-powell,cold,3,736,14.4112,0.004459
scipy-powell,cold,3,742,14.5222,0.004459
scipy-powell,cold,3,743,14.5400,0.004459
scipy-powell,cold,3,744,14.5579,0.004459
scipy-powell,cold,3,745,14.5759,0.004459
scipy-powell,cold,3,746,14.5950,0.004459
scipy-powell,cold,3,758,14.8211,0.004459
scipy-powell,cold,3,759,14.8404,0.004459
scipy-powell,cold,3,760,14.8591,0.004459
scipy-powell,cold,3,761,14.8772,0.004459
scipy-powell,cold,3,762,14.8959,0.004459
scipy-powell,cold,3,778,15.2083,0.004459
scipy-powell,cold,3,779,15.2264,0.004459
scipy-powell,cold,3,780,15.2446,0.004459
scipy-powell,cold,3,781,15.2623,0.004459
scipy-powell,cold,3,783,15.2986,0.004459
scipy-powell,cold,3,787,15.3706,0.004459
scipy-powell,cold,3,789,15.4080,0.004459
scipy-powell,cold,3,790,15.4275,0.004459
scipy-powell,cold,3,791,15.4466,0.004459
scipy-powell,cold,3,792,15.4650,0.004459
scipy-powell,cold,3,807,15.7484,0.004459
scipy-powell,cold,3,819,15.9878,0.004458
scipy-powell,cold,3,820,16.0073,0.004458
scipy-powell,cold,3,821,16.0280,0.004458
scipy-powell,cold,3,822,16.0483,0.004458
scipy-powell,cold,3,828,16.1646,0.004458
scipy-powell,cold,3,829,16.1839,0.004458
scipy-powell,cold,3,839,16.3762,0.004458
scipy-powell,cold,3,840,16.3960,0.004457
scipy-powell,cold,3,841,16.4160,0.004457
scipy-powell,cold,3,842,16.4364,0.004457
scipy-powell,cold,3,843,16.4560,0.004457
scipy-powell,cold,3,850,16.5944,0.004457
scipy-powell,cold,3,857,16.7283,0.004454
scipy-powell,cold,3,858,16.7479,0.004454
scipy-powell,cold,3,859,16.7673,0.004454
scipy-powell,cold,3,860,16.7863,0.004454
scipy-powell,cold,3,861,16.8051,0.004454
scipy-powell,cold,3,862,16.8238,0.004454
scipy-powell,cold,3,876,17.1179,0.004453
scipy-powell,cold,3,877,17.1377,0.004453
scipy-powell,cold,3,878,17.1605,0.004453
scipy-powell,cold,3,879,17.1805,0.004453
scipy-powell,cold,3,880,17.2019,0.004453
scipy-powell,cold,3,890,17.4264,0.004451
scipy-powell,cold,3,891,17.4474,0.004451
scipy-powell,cold,3,892,17.4690,0.004451
scipy-powell,cold,3,893,17.4905,0.004451
scipy-powell,cold,3,894,17.5158,0.004451
scipy-powell,cold,3,895,17.5368,0.004451
scipy-powell,cold,3,896,17.5575,0.004451
scipy-powell,cold,3,913,17.9091,0.004309
scipy-powell,cold,3,914,17.9298,0.004241
scipy-powell,cold,3,916,17.9728,0.004231
scipy-powell,cold,3,917,17.9945,0.004229
scipy-powell,cold,3,918,18.0155,0.004229
scipy-powell,cold,3,919,18.0359,0.004229
scipy-powell,cold,3,920,18.0563,0.004229
scipy-powell,cold,3,921,18.0766,0.004229
scipy-powell,cold,3,922,18.0980,0.004229
scipy-powell,cold,3,923,18.1180,0.004229
scipy-powell,cold,3,926,18.1828,0.004229
scipy-powell,cold,3,928,18.2268,0.004219
scipy-powell,cold,3,929,18.2476,0.004218
scipy-powell,cold,3,930,18.2713,0.004215
scipy-powell,cold,3,932,18.3130,0.004215
scipy-powell,cold,3,934,18.3541,0.004215
scipy-powell,cold,3,935,18.3735,0.004215
scipy-powell,cold,3,936,18.3937,0.004215
scipy-powell,cold,3,937,18.4148,0.004215
scipy-powell,cold,3,938,18.4351,0.004215
scipy-powell,cold,3,947,18.6206,0.004206
scipy-powell,cold,3,948,18.6421,0.004206
scipy-powell,cold,3,949,18.6630,0.004205
scipy-powell,cold,3,951,18.7044,0.004205
scipy-powell,cold,3,952,18.7261,0.004205
scipy-powell,cold,3,953,18.7474,0.004205
scipy-powell,cold,3,954,18.7697,0.004205
scipy-powell,cold,3,972,19.1716,0.004205
scipy-powell,cold,3,974,19.2128,0.004205
scipy-powell,cold,3,975,19.2334,0.004205
scipy-powell,cold,3,976,19.2547,0.004205
scipy-powell,cold,3,977,19.2743,0.004205
scipy-powell,cold,3,983,19.3953,0.004205
scipy-powell,cold,3,989,19.5232,0.004205
scipy-powell,cold,3,990,19.5431,0.004205
scipy-powell,cold,3,991,19.5647,0.004204
scipy-powell,cold,3,993,19.6046,0.004204
scipy-powell,cold,3,995,19.6449,0.004204
scipy-powell,cold,3,997,19.6870,0.004204
scipy-powell,cold,3,998,19.7079,0.004204
scipy-powell,cold,3,999,19.7289,0.004204
scipy-powell,cold,3,1006,19.8725,0.004204
scipy-powell,cold,3,1012,19.9947,0.004204
scipy-powell,cold,3,1013,20.0149,0.004204
scipy-powell,cold,3,1014,20.0348,0.004204
scipy-powell,cold,3,1015,20.0548,0.004204
scipy-powell,cold,3,1016,20.0750,0.004204
scipy-powell,cold,3,1017,20.0953,0.004204
scipy-powell,cold,3,1029,20.3376,0.004204
scipy-powell,cold,3,1033,20.4224,0.004204
scipy-powell,cold,3,1035,20.4624,0.004204
scipy-powell,cold,3,1037,20.5008,0.004204
scipy-powell,cold,3,1038,20.5201,0.004204
scipy-powell,cold,3,1039,20.5433,0.004204
scipy-powell,cold,3,1040,20.5653,0.004204
scipy-powell,cold,3,1043,20.6265,0.004204
scipy-powell,cold,3,1052,20.8002,0.004193
scipy-powell,cold,3,1053,20.8187,0.003908
scipy-powell,cold,3,1054,20.8381,0.003785
scipy-powell,cold,3,1055,20.8575,0.003727
scipy-powell,cold,3,1056,20.8761,0.003697
scipy-powell,cold,3,1057,20.8946,0.003681
scipy-powell,cold,3,1058,20.9148,0.003672
scipy-powell,cold,3,1059,20.9340,0.003667
scipy-powell,cold,3,1060,20.9541,0.003663
scipy-powell,cold,3,1061,20.9763,0.003661
scipy-powell,cold,3,1062,20.9978,0.003660
scipy-powell,cold,3,1063,21.0199,0.003660
scipy-powell,cold,3,1064,21.0425,0.003659
scipy-powell,cold,3,1065,21.0642,0.003659
scipy-powell,cold,3,1066,21.0862,0.003659
scipy-powell,cold,3,1067,21.1074,0.003659
scipy-powell,cold,3,1068,21.1285,0.003658
scipy-powell,cold,3,1069,21.1499,0.003658
scipy-powell,cold,3,1070,21.1707,0.003658
scipy-powell,cold,3,1071,21.1903,0.003658
scipy-powell,cold,3,1072,21.2093,0.003658
scipy-powell,cold,3,1073,21.2291,0.003658
scipy-powell,cold,3,1074,21.2490,0.003658
scipy-powell,cold,3,1075,21.2685,0.003658
scipy-powell,cold,3,1076,21.2878,0.003658
scipy-powell,cold,3,1077,21.3062,0.003658
scipy-powell,cold,3,1078,21.3265,0.003658
scipy-powell,cold,3,1079,21.3489,0.003658
scipy-powell,cold,3,1080,21.3701,0.003658
scipy-powell,cold,3,1081,21.3926,0.003658
scipy-powell,cold,3,1082,21.4132,0.003658
scipy-powell,cold,3,1083,21.4330,0.003658
scipy-powell,cold,3,1084,21.4533,0.003658
scipy-powell,cold,3,1085,21.4734,0.003658
scipy-powell,cold,3,1086,21.4936,0.003658
scipy-powell,cold,3,1089,21.5550,0.003513
scipy-powell,cold,3,1090,21.5760,0.003494
scipy-powell,cold,3,1091,21.5954,0.003490
scipy-powell,cold,3,1094,21.6539,0.003490
scipy-powell,cold,3,1095,21.6737,0.003490
scipy-powell,cold,3,1097,21.7136,0.003490
scipy-powell,cold,3,1099,21.7530,0.003490
scipy-powell,cold,3,1100,21.7732,0.003490
scipy-powell,cold,3,1101,21.7932,0.003490
scipy-powell,cold,3,1104,21.8542,0.003216
scipy-powell,cold,3,1106,21.8959,0.003088
scipy-powell,cold,3,1107,21.9180,0.003050
scipy-powell,cold,3,1108,21.9398,0.003050
scipy-powell,cold,3,1109,21.9620,0.003050
scipy-powell,cold,3,1110,21.9843,0.003050
scipy-powell,cold,3,1111,22.0050,0.003050
scipy-powell,cold,3,1112,22.0246,0.003050
scipy-powell,cold,3,1115,22.0856,0.003033
scipy-powell,cold,3,1117,22.1271,0.002985
scipy-powell,cold,3,1118,22.1477,0.002984
scipy-powell,cold,3,1119,22.1677,0.002983
scipy-powell,cold,3,1120,22.1875,0.002983
scipy-powell,cold,3,1121,22.2068,0.002983
scipy-powell,cold,3,1122,22.2264,0.002983
scipy-powell,cold,3,1123,22.2460,0.002983
scipy-powell,cold,3,1124,22.2657,0.002983
scipy-powell,cold,3,1132,22.4226,0.002928
scipy-powell,cold,3,1133,22.4423,0.002928
scipy-powell,cold,3,1134,22.4622,0.002927
scipy-powell,cold,3,1135,22.4818,0.002927
scipy-powell,cold,3,1136,22.5012,0.002927
scipy-powell,cold,3,1137,22.5209,0.002927
scipy-powell,cold,3,1148,22.7411,0.002927
scipy-powell,cold,3,1149,22.7611,0.002927
scipy-powell,cold,3,1150,22.7804,0.002927
scipy-powell,cold,3,1151,22.8000,0.002927
scipy-powell,cold,3,1152,22.8203,0.002927
scipy-powell,cold,3,1153,22.8405,0.002927
scipy-powell,cold,3,1160,22.9878,0.002927
scipy-powell,cold,3,1161,23.0078,0.002927
scipy-powell,cold,3,1162,23.0283,0.002927
scipy-powell,cold,3,1163,23.0492,0.002927
scipy-powell,cold,3,1176,23.3280,0.002927
scipy-powell,cold,3,1177,23.3481,0.002927
scipy-powell,cold,3,1178,23.3680,0.002927
scipy-powell,cold,3,1179,23.3878,0.002927
scipy-powell,cold,3,1182,23.4471,0.002927
scipy-powell,cold,3,1195,23.7042,0.002927
scipy-powell,cold,3,1196,23.7243,0.002927
scipy-powell,cold,3,1197,23.7437,0.002927
scipy-powell,cold,3,1203,23.8617,0.002927
scipy-powell,cold,3,1220,24.2025,0.002927
scipy-powell,cold,3,1221,24.2220,0.002927
scipy-powell,cold,3,1222,24.2419,0.002927
scipy-powell,cold,3,1223,24.2615,0.002927
scipy-powell,cold,3,1233,24.4572,0.002927
scipy-powell,cold,3,1243,24.6521,0.002927
scipy-powell,cold,3,1249,24.7679,0.002927
scipy-powell,cold,3,1267,25.1083,0.002927
scipy-powell,cold,3,1268,25.1267,0.002927
scipy-powell,cold,3,1271,25.1842,0.002927
scipy-powell,cold,3,1279,25.3469,0.002927
scipy-powell,cold,3,1289,25.5409,0.002927
scipy-powell,cold,3,1290,25.5599,0.002927
scipy-powell,cold,3,1306,25.8647,0.002927
scipy-powell,cold,3,1319,26.1337,0.002927
scipy-powell,cold,3,1320,26.1547,0.002927
scipy-powell,cold,3,1337,26.4888,0.002927
scipy-powell,cold,3,1338,26.5079,0.002927
scipy-powell,cold,3,1339,26.5273,0.002927
scipy-powell,cold,3,1340,26.5466,0.002927
scipy-powell,cold,3,1360,26.9505,0.002927
scipy-powell,cold,3,1361,26.9715,0.002927
scipy-powell,cold,3,1362,26.9924,0.002927
scipy-powell,cold,3,1363,27.0128,0.002927
scipy-powell,cold,3,1366,27.0705,0.002927
scipy-powell,cold,3,1372,27.1839,0.002927
scipy-powell,cold,3,1373,27.2015,0.002927
scipy-powell,cold,3,1374,27.2213,0.002927
scipy-powell,cold,3,1375,27.2399,0.002927
scipy-powell,cold,3,1388,27.4915,0.002927
scipy-powell,cold,3,1396,27.6426,0.002927
scipy-powell,cold,3,1397,27.6610,0.002927
scipy-powell,cold,3,1398,27.6789,0.002927
scipy-powell,cold,3,1403,27.7704,0.002927
scipy-powell,cold,3,1404,27.7887,0.002927
scipy-powell,cold,3,1410,27.8996,0.002927
scipy-powell,cold,3,1422,28.1248,0.002927
scipy-powell,cold,3,1423,28.1440,0.002927
scipy-powell,cold,3,1424,28.1620,0.002927
scipy-powell,cold,3,1426,28.1994,0.002927
scipy-powell,cold,3,1433,28.3334,0.002927
scipy-powell,cold,3,1440,28.4630,0.002927
scipy-powell,cold,3,1441,28.4807,0.002927
scipy-powell,cold,3,1442,28.4998,0.002927
scipy-powell,cold,3,1445,28.5560,0.002927
scipy-powell,cold,3,1463,28.8968,0.002927
scipy-powell,cold,3,1464,28.9161,0.002927
scipy-powell,cold,3,1465,28.9353,0.002927
scipy-powell,cold,3,1469,29.0093,0.002927
scipy-powell,cold,3,1472,29.0648,0.002927
scipy-powell,cold,3,1474,29.1007,0.002927
scipy-powell,cold,3,1484,29.2927,0.002927
scipy-powell,cold,3,1485,29.3134,0.002927
scipy-powell,cold,3,1486,29.3348,0.002927
scipy-powell,cold,3,1510,29.7959,0.002927
scipy-powell,cold,3,1511,29.8143,0.002927
scipy-powell,cold,3,1512,29.8322,0.002927
scipy-powell,cold,3,1513,29.8496,0.002927
scipy-powell,cold,3,1527,30.1260,0.002927
scipy-powell,cold,3,1535,30.2988,0.002927
scipy-powell,cold,3,1536,30.3186,0.002927
scipy-powell,cold,3,1537,30.3386,0.002927
scipy-powell,cold,3,1538,30.3591,0.002927
scipy-powell,cold,3,1545,30.5057,0.002926
scipy-powell,cold,3,1546,30.5264,0.002924
scipy-powell,cold,3,1547,30.5475,0.002924
scipy-powell,cold,3,1548,30.5688,0.002924
scipy-powell,cold,3,1549,30.5893,0.002924
scipy-powell,cold,3,1550,30.6108,0.002924
scipy-powell,cold,3,1558,30.7742,0.002923
scipy-powell,cold,3,1559,30.7949,0.002923
scipy-powell,cold,3,1560,30.8160,0.002923
scipy-powell,cold,3,1561,30.8369,0.002923
scipy-powell,cold,3,1562,30.8580,0.002923
scipy-powell,cold,3,1563,30.8783,0.002923
scipy-powell,cold,3,1565,30.9201,0.002923
scipy-powell,cold,3,1587,31.3715,0.002923
scipy-powell,cold,3,1588,31.3921,0.002923
scipy-powell,cold,3,1589,31.4128,0.002923
scipy-powell,cold,3,1590,31.4338,0.002923
scipy-powell,cold,3,1591,31.4540,0.002923
scipy-powell,cold,3,1598,31.5977,0.002923
scipy-powell,cold,3,1602,31.6848,0.002923
scipy-powell,cold,3,1603,31.7063,0.002923
scipy-powell,cold,3,1604,31.7283,0.002923
scipy-powell,cold,3,1605,31.7537,0.002923
scipy-powell,cold,3,1606,31.7802,0.002923
scipy-powell,cold,3,1621,32.1181,0.002922
scipy-powell,cold,3,1622,32.1381,0.002922
scipy-powell,cold,3,1623,32.1578,0.002922
scipy-powell,cold,3,1624,32.1775,0.002922
scipy-powell,cold,3,1625,32.1967,0.002922
scipy-powell,cold,3,1632,32.3355,0.002922
scipy-powell,cold,3,1634,32.3741,0.002922
scipy-powell,cold,3,1641,32.5165,0.002922
scipy-powell,cold,3,1642,32.5383,0.002922
scipy-powell,cold,3,1643,32.5593,0.002922
scipy-powell,cold,3,1644,32.5806,0.002922
scipy-powell,cold,3,1645,32.6017,0.002922
scipy-powell,cold,3,1646,32.6234,0.002922
scipy-powell,cold,3,1657,32.8348,0.002922
scipy-powell,cold,3,1664,32.9729,0.002922
scipy-powell,cold,3,1665,32.9935,0.002922
scipy-powell,cold,3,1666,33.0133,0.002922
scipy-powell,cold,3,1667,33.0322,0.002922
scipy-powell,cold,3,1675,33.1891,0.002922
scipy-powell,cold,3,1676,33.2087,0.002922
scipy-powell,cold,3,1682,33.3238,0.002922
scipy-powell,cold,3,1683,33.3428,0.002922
scipy-powell,cold,3,1684,33.3630,0.002922
scipy-powell,cold,3,1686,33.4025,0.002922
scipy-powell,cold,3,1687,33.4233,0.002922
scipy-powell,cold,3,1693,33.5477,0.002921
scipy-powell,cold,3,1694,33.5670,0.002921
scipy-powell,cold,3,1695,33.5858,0.002921
scipy-powell,cold,3,1696,33.6050,0.002921
scipy-powell,cold,3,1697,33.6238,0.002921
scipy-powell,cold,3,1698,33.6431,0.002921
scipy-powell,cold,3,1714,33.9521,0.002921
scipy-powell,cold,3,1720,34.0651,0.002921
scipy-powell,cold,3,1721,34.0847,0.002921
scipy-powell,cold,3,1722,34.1052,0.002921
scipy-powell,cold,3,1723,34.1247,0.002921
scipy-powell,cold,3,1724,34.1440,0.002921
scipy-powell,cold,3,1740,34.4622,0.002921
scipy-powell,cold,3,1742,34.5020,0.002921
scipy-powell,cold,3,1749,34.6473,0.002921
scipy-powell,cold,3,1762,34.8989,0.002921
scipy-powell,cold,3,1763,34.9170,0.002921
scipy-powell,cold,3,1776,35.1717,0.002921
scipy-powell,cold,3,1777,35.1922,0.002921
scipy-powell,cold,3,1778,35.2130,0.002921
scipy-powell,cold,3,1780,35.2518,0.002921
scipy-powell,cold,3,1789,35.4248,0.002921
scipy-powell,cold,3,1791,35.4624,0.002921
scipy-powell,cold,3,1798,35.5968,0.002921
scipy-powell,cold,3,1799,35.6160,0.002921
scipy-powell,cold,3,1800,35.6361,0.002921
scipy-powell,cold,3,1801,35.6561,0.002921
scipy-powell,cold,3,1802,35.6762,0.002921
scipy-powell,cold,3,1807,35.7792,0.002921
scipy-powell,cold,3,1815,35.9429,0.002920
scipy-powell,cold,3,1816,35.9620,0.002920
scipy-powell,cold,3,1817,35.9825,0.002920
scipy-powell,cold,3,1818,36.0019,0.002920
scipy-powell,cold,3,1838,36.3974,0.002920
scipy-powell,cold,3,1840,36.4371,0.002920
scipy-powell,cold,3,1841,36.4563,0.002920
scipy-powell,cold,3,1845,36.5339,0.002920
scipy-powell,cold,3,1847,36.5717,0.002919
scipy-powell,cold,3,1849,36.6107,0.002919
scipy-powell,cold,3,1850,36.6299,0.002919
scipy-powell,cold,3,1851,36.6496,0.002919
scipy-powell,cold,3,1852,36.6687,0.002919
scipy-powell,cold,3,1872,37.0464,0.002919
scipy-powell,cold,3,1877,37.1363,0.002919
scipy-powell,cold,3,1878,37.1547,0.002919
scipy-powell,cold,3,1879,37.1735,0.002919
scipy-powell,cold,3,1880,37.1929,0.002919
scipy-powell,cold,3,1884,37.2679,0.002919
scipy-powell,cold,3,1885,37.2867,0.002919
scipy-powell,cold,3,1887,37.3249,0.002919
scipy-powell,cold,3,1892,37.4155,0.002919
scipy-powell,cold,3,1893,37.4336,0.002919
scipy-powell,cold,3,1899,37.5428,0.002919
scipy-powell,cold,3,1900,37.5622,0.002919
scipy-powell,cold,3,1901,37.5802,0.002919
scipy-powell,cold,3,1902,37.5987,0.002919
scipy-powell,cold,3,1903,37.6165,0.002919
scipy-powell,cold,3,1904,37.6348,0.002919
scipy-powell,cold,3,1913,37.8031,0.002919
scipy-powell,cold,3,1922,37.9765,0.002919
scipy-powell,cold,3,1923,37.9964,0.002919
scipy-powell,cold,3,1924,38.0170,0.002919
scipy-powell,cold,3,1925,38.0359,0.002919
scipy-powell,cold,3,1926,38.0547,0.002919
scipy-powell,cold,3,1938,38.2768,0.002919
scipy-powell,cold,3,1944,38.3889,0.002919
scipy-powell,cold,3,1945,38.4076,0.002919
scipy-powell,cold,3,1946,38.4267,0.002919
scipy-powell,cold,3,1947,38.4454,0.002919
scipy-powell,cold,3,1959,38.6708,0.002919
scipy-powell,cold,3,1975,38.9688,0.002919
scipy-powell,cold,3,1976,38.9878,0.002919
scipy-powell,cold,3,1977,39.0073,0.002919
scipy-powell,cold,3,1978,39.0269,0.002919
scipy-powell,cold,3,1981,39.0823,0.002919
scipy-powell,cold,3,1987,39.1924,0.002919
scipy-de,cold,3,0,0.0000,4.554151
scipy-de,cold,3,2,0.0644,2.579769
scipy-de,cold,3,3,0.0825,2.554805
scipy-de,cold,3,4,0.1000,1.389905
scipy-de,cold,3,5,0.1180,0.680173
scipy-de,cold,3,16,0.3160,0.600091
scipy-de,cold,3,28,0.5355,0.334146
scipy-de,cold,3,99,1.8594,0.300881
scipy-de,cold,3,151,2.8521,0.296775
scipy-de,cold,3,206,3.9020,0.184209
scipy-de,cold,3,591,11.1003,0.160600
scipy-de,cold,3,1017,19.3489,0.127434
scipy-de,cold,3,1966,36.6352,0.111878
opt-ga,cold,3,0,0.0000,4.554151
opt-ga,cold,3,1,0.0657,0.812253
opt-ga,cold,3,2,0.0843,0.408025
opt-ga,cold,3,30,0.5959,0.283954
opt-ga,cold,3,91,1.7419,0.254386
opt-ga,cold,3,164,3.1241,0.224786
opt-ga,cold,3,171,3.2538,0.192422
opt-ga,cold,3,226,4.3086,0.158340
opt-ga,cold,3,294,5.6111,0.113958
opt-ga,cold,3,375,7.1661,0.031510
opt-ga,cold,3,479,9.1125,0.027320
opt-ga,cold,3,533,10.1047,0.026593
opt-ga,cold,3,585,11.1600,0.026463
opt-ga,cold,3,590,11.2825,0.025906
opt-ga,cold,3,659,12.7442,0.022671
opt-ga,cold,3,695,13.4333,0.022411
opt-ga,cold,3,702,13.5672,0.020519
opt-ga,cold,3,706,13.6400,0.019549
opt-ga,cold,3,760,14.6907,0.014872
opt-ga,cold,3,801,15.4675,0.011831
opt-ga,cold,3,923,17.8399,0.010862
opt-ga,cold,3,956,18.5009,0.010444
opt-ga,cold,3,993,19.2121,0.010115
opt-ga,cold,3,1042,20.1691,0.009645
opt-ga,cold,3,1053,20.3847,0.009605
opt-ga,cold,3,1061,20.5430,0.009596
opt-ga,cold,3,1124,21.7695,0.009510
opt-ga,cold,3,1151,22.2952,0.009009
opt-ga,cold,3,1203,23.3030,0.008964
opt-ga,cold,3,1274,24.6968,0.008629
opt-ga,cold,3,1308,25.3523,0.008440
opt-ga,cold,3,1313,25.4453,0.006624
opt-ga,cold,3,1422,27.5489,0.005887
opt-ga,cold,3,1532,29.7346,0.004896
opt-ga,cold,3,1662,32.4544,0.004789
opt-ga,cold,3,1738,34.0211,0.004753
opt-ga,cold,3,1775,34.7744,0.004722
opt-ga,cold,3,1807,35.4185,0.004586
opt-ga,cold,3,1829,35.8532,0.004167
opt-ga,cold,3,1948,38.1689,0.004135
opt-pso,cold,3,0,0.0000,4.554151
opt-pso,cold,3,1,0.0561,0.812253
opt-pso,cold,3,2,0.0745,0.408025
opt-pso,cold,3,30,0.6067,0.283954
opt-pso,cold,3,91,1.7654,0.254386
opt-pso,cold,3,430,8.5352,0.158328
opt-pso,cold,3,494,9.7661,0.152559
opt-aco,cold,3,0,0.0000,4.554151
opt-aco,cold,3,1,0.0532,0.812253
opt-aco,cold,3,2,0.0723,0.408025
opt-aco,cold,3,30,0.6675,0.283954
opt-aco,cold,3,91,1.8479,0.254386
opt-aco,cold,3,196,3.9016,0.219184
opt-aco,cold,3,540,10.7215,0.216789
opt-aco,cold,3,551,10.9535,0.205213
opt-aco,cold,3,561,11.1590,0.203445
opt-aco,cold,3,565,11.2373,0.202821
opt-aco,cold,3,615,12.2502,0.143789
opt-aco,cold,3,635,12.6517,0.107606
opt-aco,cold,3,641,12.7723,0.102340
opt-aco,cold,3,786,15.6251,0.094286
opt-aco,cold,3,855,16.9890,0.015985
opt-aco,cold,3,1935,38.7129,0.015679
opt-aco,cold,3,1975,39.5440,0.014029
opt-aco,cold,3,1996,39.9978,0.013138
opt-gd,cold,3,0,0.0000,4.554151
opt-gd,cold,3,2,0.0676,4.554151
opt-gd,cold,3,3,0.0892,4.554151
opt-gd,cold,3,9,0.2221,4.554151
opt-gd,cold,3,10,0.2450,4.554151
opt-gd,cold,3,11,0.2649,4.554151
opt-gd,cold,3,203,4.3637,2.353533
opt-gd,cold,3,204,4.3856,2.353533
opt-gd,cold,3,205,4.4077,2.353533
opt-gd,cold,3,212,4.5646,2.353533
opt-gd,cold,3,405,8.7104,1.894330
opt-gd,cold,3,406,8.7334,1.894330
opt-gd,cold,3,407,8.7547,1.894330
opt-gd,cold,3,414,8.9089,1.894330
opt-gd,cold,3,460,9.8829,1.894330
opt-gd,cold,3,607,12.9986,1.567831
opt-gd,cold,3,608,13.0195,1.567831
opt-gd,cold,3,609,13.0404,1.567831
opt-gd,cold,3,614,13.1415,1.567831
opt-gd,cold,3,809,17.2276,1.559245
opt-gd,cold,3,810,17.2483,1.559245
opt-gd,cold,3,811,17.2690,1.559245
opt-gd,cold,3,816,17.3724,1.559245
opt-gd,cold,3,867,18.4484,1.559245
opt-gd,cold,3,910,19.3721,1.545124
opt-gd,cold,3,911,19.3936,1.545124
opt-gd,cold,3,912,19.4138,1.545124
opt-gd,cold,3,917,19.5129,1.545124
opt-gd,cold,3,968,20.5946,1.545124
opt-gd,cold,3,1011,21.5200,0.963229
opt-gd,cold,3,1012,21.5428,0.963229
opt-gd,cold,3,1013,21.5648,0.963229
opt-gd,cold,3,1018,21.6801,0.963229
opt-gd,cold,3,1034,22.0450,0.963229
opt-gd,cold,3,1068,22.7970,0.963228
opt-gd,cold,3,1069,22.8199,0.963228
opt-gd,cold,3,1112,23.8108,0.498196
opt-gd,cold,3,1113,23.8347,0.498196
opt-gd,cold,3,1114,23.8583,0.498196
opt-gd,cold,3,1135,24.3191,0.498196
opt-gd,cold,3,1213,26.0526,0.428119
opt-gd,cold,3,1214,26.0744,0.428119
opt-gd,cold,3,1215,26.0963,0.428119
opt-gd,cold,3,1249,26.8499,0.428119
opt-gd,cold,3,1250,26.8739,0.428119
opt-gd,cold,3,1251,26.8971,0.428119
opt-gd,cold,3,1415,30.3212,0.403545
opt-gd,cold,3,1416,30.3422,0.403545
opt-gd,cold,3,1417,30.3638,0.403545
opt-gd,cold,3,1451,31.1186,0.403545
opt-gd,cold,3,1452,31.1386,0.403545
opt-gd,cold,3,1453,31.1587,0.403545
opt-gd,cold,3,1516,32.4064,0.399920
opt-gd,cold,3,1517,32.4268,0.399920
opt-gd,cold,3,1518,32.4462,0.399920
opt-gd,cold,3,1541,32.8833,0.399920
opt-gd,cold,3,1542,32.9020,0.399920
opt-gd,cold,3,1617,34.3604,0.366444
opt-gd,cold,3,1618,34.3798,0.366444
opt-gd,cold,3,1619,34.3992,0.366444
opt-gd,cold,3,1654,35.0842,0.366444
opt-gd,cold,3,1655,35.1047,0.366444
opt-gd,cold,3,1819,38.3336,0.351834
opt-gd,cold,3,1820,38.3534,0.351834
opt-gd,cold,3,1821,38.3752,0.351834
opt-gd,cold,3,1853,39.0146,0.351834
opt-gd,cold,3,1856,39.0744,0.351834
opt-gd,cold,3,1857,39.0939,0.351834
opt-gd,cold,3,1920,40.3220,0.350281
opt-gd,cold,3,1921,40.3436,0.350281
opt-gd,cold,3,1922,40.3646,0.350281
opt-gd,cold,3,1941,40.7573,0.350281
opt-gd,cold,3,1942,40.7783,0.350281
none,cold,4,0,0.0000,0.652433
scipy-lbfgsb,cold,4,0,0.0000,0.652433
scipy-lbfgsb,cold,4,2,0.0563,0.652433
scipy-lbfgsb,cold,4,8,0.1704,0.652431
scipy-lbfgsb,cold,4,9,0.1880,0.652430
scipy-lbfgsb,cold,4,11,0.2231,0.652394
scipy-lbfgsb,cold,4,25,0.4716,0.652388
scipy-lbfgsb,cold,4,27,0.5059,0.652371
scipy-lbfgsb,cold,4,56,1.0274,0.652357
scipy-lbfgsb,cold,4,100,1.8229,0.501762
scipy-lbfgsb,cold,4,101,1.8421,0.501762
scipy-lbfgsb,cold,4,107,1.9502,0.501761
scipy-lbfgsb,cold,4,109,1.9862,0.501748
scipy-lbfgsb,cold,4,158,2.8679,0.501743
scipy-lbfgsb,cold,4,181,3.2928,0.501686
scipy-lbfgsb,cold,4,182,3.3111,0.501564
scipy-lbfgsb,cold,4,199,3.6266,0.387091
scipy-lbfgsb,cold,4,200,3.6447,0.387091
scipy-lbfgsb,cold,4,206,3.7558,0.387089
scipy-lbfgsb,cold,4,208,3.7931,0.387085
scipy-lbfgsb,cold,4,257,4.7020,0.387085
scipy-lbfgsb,cold,4,298,5.4677,0.366978
scipy-lbfgsb,cold,4,299,5.4859,0.366978
scipy-lbfgsb,cold,4,305,5.5958,0.366976
scipy-lbfgsb,cold,4,307,5.6328,0.366971
scipy-lbfgsb,cold,4,397,7.2887,0.292607
scipy-lbfgsb,cold,4,398,7.3082,0.292607
scipy-lbfgsb,cold,4,404,7.4167,0.292607
scipy-lbfgsb,cold,4,406,7.4536,0.292601
scipy-lbfgsb,cold,4,595,10.9868,0.247999
scipy-lbfgsb,cold,4,596,11.0046,0.247999
scipy-lbfgsb,cold,4,602,11.1118,0.247999
scipy-lbfgsb,cold,4,604,11.1456,0.247988
scipy-lbfgsb,cold,4,676,12.4142,0.247976
scipy-lbfgsb,cold,4,677,12.4318,0.247935
scipy-lbfgsb,cold,4,892,16.5023,0.208963
scipy-lbfgsb,cold,4,893,16.5206,0.208963
scipy-lbfgsb,cold,4,899,16.6308,0.208962
scipy-lbfgsb,cold,4,901,16.6672,0.208959
scipy-lbfgsb,cold,4,1090,19.9716,0.207350
scipy-lbfgsb,cold,4,1091,19.9919,0.207349
scipy-lbfgsb,cold,4,1097,20.1015,0.207349
scipy-lbfgsb,cold,4,1099,20.1381,0.207348
scipy-lbfgsb,cold,4,1189,21.7956,0.201930
scipy-lbfgsb,cold,4,1190,21.8157,0.201930
scipy-lbfgsb,cold,4,1196,21.9330,0.201930
scipy-lbfgsb,cold,4,1198,21.9741,0.201929
scipy-lbfgsb,cold,4,1206,22.1378,0.201929
scipy-lbfgsb,cold,4,1213,22.2678,0.201929
scipy-lbfgsb,cold,4,1215,22.3037,0.201928
scipy-lbfgsb,cold,4,1288,23.6203,0.190226
scipy-lbfgsb,cold,4,1289,23.6383,0.190226
scipy-lbfgsb,cold,4,1296,23.7686,0.190226
scipy-lbfgsb,cold,4,1298,23.8051,0.190216
scipy-lbfgsb,cold,4,1486,27.1487,0.176868
scipy-lbfgsb,cold,4,1487,27.1685,0.176867
scipy-lbfgsb,cold,4,1494,27.2973,0.176866
scipy-lbfgsb,cold,4,1496,27.3331,0.176835
scipy-lbfgsb,cold,4,1684,30.8371,0.168174
scipy-lbfgsb,cold,4,1685,30.8555,0.168174
scipy-lbfgsb,cold,4,1692,30.9779,0.168172
scipy-lbfgsb,cold,4,1694,31.0154,0.168132
scipy-lbfgsb,cold,4,1783,32.6046,0.163687
scipy-lbfgsb,cold,4,1784,32.6234,0.163687
scipy-lbfgsb,cold,4,1790,32.7302,0.163687
scipy-lbfgsb,cold,4,1792,32.7637,0.163678
scipy-lbfgsb,cold,4,1811,33.1112,0.163675
scipy-lbfgsb,cold,4,1866,34.1356,0.163648
scipy-lbfgsb,cold,4,1867,34.1528,0.163604
scipy-lbfgsb,cold,4,1882,34.4196,0.156967
scipy-lbfgsb,cold,4,1883,34.4378,0.156967
scipy-lbfgsb,cold,4,1890,34.5600,0.156966
scipy-lbfgsb,cold,4,1892,34.5958,0.156956
scipy-lbfgsb,cold,4,1965,35.9674,0.156947
scipy-lbfgsb,cold,4,1981,36.2784,0.151480
scipy-lbfgsb,cold,4,1982,36.2974,0.151480
scipy-lbfgsb,cold,4,1989,36.4249,0.151480
scipy-lbfgsb,cold,4,1991,36.4617,0.151478
scipy-powell,cold,4,0,0.0000,0.652433
scipy-powell,cold,4,7,0.1431,0.652301
scipy-powell,cold,4,8,0.1598,0.650311
scipy-powell,cold,4,9,0.1779,0.649393
scipy-powell,cold,4,10,0.1954,0.648944
scipy-powell,cold,4,11,0.2130,0.648712
scipy-powell,cold,4,12,0.2315,0.648586
scipy-powell,cold,4,13,0.2506,0.648515
scipy-powell,cold,4,14,0.2682,0.648473
scipy-powell,cold,4,15,0.2862,0.648449
scipy-powell,cold,4,16,0.3042,0.648434
scipy-powell,cold,4,17,0.3221,0.648425
scipy-powell,cold,4,18,0.3398,0.648419
scipy-powell,cold,4,19,0.3590,0.648416
scipy-powell,cold,4,20,0.3765,0.648414
scipy-powell,cold,4,21,0.3946,0.648412
scipy-powell,cold,4,22,0.4121,0.648412
scipy-powell,cold,4,23,0.4303,0.648411
scipy-powell,cold,4,24,0.4479,0.648411
scipy-powell,cold,4,25,0.4655,0.648411
scipy-powell,cold,4,26,0.4832,0.648410
scipy-powell,cold,4,27,0.5013,0.648410
scipy-powell,cold,4,28,0.5188,0.648410
scipy-powell,cold,4,29,0.5377,0.648410
scipy-powell,cold,4,30,0.5571,0.648410
scipy-powell,cold,4,31,0.5763,0.648410
scipy-powell,cold,4,32,0.5955,0.648410
scipy-powell,cold,4,33,0.6147,0.648410
scipy-powell,cold,4,34,0.6346,0.648410
scipy-powell,cold,4,35,0.6535,0.648410
scipy-powell,cold,4,36,0.6718,0.648410
scipy-powell,cold,4,37,0.6907,0.648410
scipy-powell,cold,4,38,0.7088,0.648410
scipy-powell,cold,4,39,0.7280,0.648410
scipy-powell,cold,4,40,0.7470,0.648410
scipy-powell,cold,4,41,0.7651,0.648410
scipy-powell,cold,4,42,0.7835,0.648410
scipy-powell,cold,4,43,0.8019,0.648410
scipy-powell,cold,4,44,0.8203,0.642816
scipy-powell,cold,4,46,0.8558,0.636509
scipy-powell,cold,4,47,0.8744,0.633969
scipy-powell,cold,4,48,0.8927,0.633231
scipy-powell,cold,4,49,0.9107,0.633067
scipy-powell,cold,4,50,0.9289,0.633056
scipy-powell,cold,4,51,0.9479,0.633038
scipy-powell,cold,4,52,0.9664,0.633034
scipy-powell,cold,4,54,1.0041,0.633034
scipy-powell,cold,4,55,1.0230,0.633034
scipy-powell,cold,4,56,1.0418,0.633034
scipy-powell,cold,4,57,1.0607,0.633034
scipy-powell,cold,4,58,1.0796,0.633034
scipy-powell,cold,4,60,1.1167,0.633034
scipy-powell,cold,4,63,1.1709,0.465226
scipy-powell,cold,4,66,1.2281,0.465166
scipy-powell,cold,4,67,1.2488,0.465163
scipy-powell,cold,4,68,1.2687,0.465146
scipy-powell,cold,4,70,1.3086,0.465145
scipy-powell,cold,4,71,1.3291,0.465145
scipy-powell,cold,4,72,1.3486,0.465145
scipy-powell,cold,4,73,1.3675,0.465145
scipy-powell,cold,4,74,1.3849,0.465145
scipy-powell,cold,4,75,1.4031,0.465145
scipy-powell,cold,4,89,1.6623,0.465135
scipy-powell,cold,4,91,1.6982,0.465135
scipy-powell,cold,4,93,1.7365,0.465135
scipy-powell,cold,4,94,1.7550,0.465135
scipy-powell,cold,4,95,1.7730,0.465135
scipy-powell,cold,4,96,1.7915,0.465135
scipy-powell,cold,4,97,1.8098,0.465135
scipy-powell,cold,4,105,1.9552,0.465135
scipy-powell,cold,4,109,2.0255,0.273172
scipy-powell,cold,4,111,2.0620,0.160698
scipy-powell,cold,4,112,2.0825,0.106455
scipy-powell,cold,4,113,2.1029,0.079881
scipy-powell,cold,4,114,2.1235,0.066093
scipy-powell,cold,4,115,2.1433,0.058536
scipy-powell,cold,4,116,2.1629,0.054221
scipy-powell,cold,4,117,2.1830,0.051685
scipy-powell,cold,4,118,2.2010,0.050167
scipy-powell,cold,4,119,2.2193,0.049247
scipy-powell,cold,4,120,2.2376,0.048686
scipy-powell,cold,4,121,2.2562,0.048342
scipy-powell,cold,4,122,2.2740,0.048130
scipy-powell,cold,4,123,2.2919,0.048000
scipy-powell,cold,4,124,2.3100,0.047919
scipy-powell,cold,4,125,2.3296,0.047869
scipy-powell,cold,4,126,2.3472,0.047839
scipy-powell,cold,4,127,2.3653,0.047820
scipy-powell,cold,4,128,2.3833,0.047808
scipy-powell,cold,4,129,2.4009,0.047801
scipy-powell,cold,4,130,2.4188,0.047796
scipy-powell,cold,4,131,2.4374,0.047794
scipy-powell,cold,4,132,2.4547,0.047792
scipy-powell,cold,4,133,2.4718,0.047791
scipy-powell,cold,4,134,2.4889,0.047790
scipy-powell,cold,4,135,2.5066,0.047790
scipy-powell,cold,4,136,2.5249,0.047790
scipy-powell,cold,4,137,2.5433,0.047789
scipy-powell,cold,4,138,2.5608,0.047789
scipy-powell,cold,4,139,2.5790,0.047789
scipy-powell,cold,4,140,2.5968,0.047789
scipy-powell,cold,4,141,2.6142,0.047789
scipy-powell,cold,4,142,2.6321,0.047789
scipy-powell,cold,4,143,2.6505,0.047789
scipy-powell,cold,4,144,2.6674,0.047789
scipy-powell,cold,4,145,2.6856,0.047789
scipy-powell,cold,4,146,2.7038,0.047789
scipy-powell,cold,4,149,2.7617,0.012590
scipy-powell,cold,4,151,2.7986,0.008179
scipy-powell,cold,4,153,2.8331,0.008169
scipy-powell,cold,4,154,2.8502,0.008166
scipy-powell,cold,4,155,2.8672,0.008166
scipy-powell,cold,4,156,2.8850,0.008166
scipy-powell,cold,4,157,2.9021,0.008166
scipy-powell,cold,4,164,3.0223,0.008162
scipy-powell,cold,4,165,3.0402,0.008158
scipy-powell,cold,4,167,3.0762,0.008158
scipy-powell,cold,4,168,3.0936,0.008158
scipy-powell,cold,4,169,3.1129,0.008158
scipy-powell,cold,4,170,3.1323,0.008158
scipy-powell,cold,4,179,3.3046,0.008158
scipy-powell,cold,4,181,3.3426,0.008158
scipy-powell,cold,4,183,3.3812,0.008158
scipy-powell,cold,4,184,3.4008,0.008158
scipy-powell,cold,4,185,3.4197,0.008158
scipy-powell,cold,4,186,3.4372,0.008158
scipy-powell,cold,4,197,3.6481,0.007995
scipy-powell,cold,4,198,3.6671,0.007875
scipy-powell,cold,4,199,3.6861,0.007816
scipy-powell,cold,4,200,3.7058,0.007786
scipy-powell,cold,4,201,3.7253,0.007771
scipy-powell,cold,4,202,3.7447,0.007762
scipy-powell,cold,4,203,3.7634,0.007757
scipy-powell,cold,4,204,3.7822,0.007754
scipy-powell,cold,4,205,3.8013,0.007753
scipy-powell,cold,4,206,3.8203,0.007752
scipy-powell,cold,4,207,3.8409,0.007751
scipy-powell,cold,4,208,3.8598,0.007751
scipy-powell,cold,4,209,3.8812,0.007750
scipy-powell,cold,4,210,3.9034,0.007750
scipy-powell,cold,4,211,3.9248,0.007750
scipy-powell,cold,4,212,3.9435,0.007750
scipy-powell,cold,4,213,3.9621,0.007750
scipy-powell,cold,4,214,3.9807,0.007750
scipy-powell,cold,4,215,3.9995,0.007750
scipy-powell,cold,4,216,4.0180,0.007750
scipy-powell,cold,4,217,4.0367,0.007750
scipy-powell,cold,4,218,4.0536,0.007750
scipy-powell,cold,4,219,4.0707,0.007750
scipy-powell,cold,4,220,4.0883,0.007750
scipy-powell,cold,4,221,4.1082,0.007750
scipy-powell,cold,4,222,4.1272,0.007750
scipy-powell,cold,4,223,4.1455,0.007750
scipy-powell,cold,4,224,4.1637,0.007750
scipy-powell,cold,4,225,4.1827,0.007750
scipy-powell,cold,4,226,4.2020,0.007750
scipy-powell,cold,4,227,4.2206,0.007750
scipy-powell,cold,4,228,4.2387,0.007750
scipy-powell,cold,4,229,4.2568,0.007750
scipy-powell,cold,4,230,4.2749,0.007750
scipy-powell,cold,4,231,4.2929,0.007750
scipy-powell,cold,4,236,4.3901,0.007721
scipy-powell,cold,4,240,4.4637,0.007719
scipy-powell,cold,4,241,4.4820,0.007719
scipy-powell,cold,4,242,4.4998,0.007719
scipy-powell,cold,4,243,4.5181,0.007719
scipy-powell,cold,4,244,4.5360,0.007719
scipy-powell,cold,4,245,4.5542,0.007719
scipy-powell,cold,4,246,4.5728,0.007719
scipy-powell,cold,4,248,4.6093,0.007687
scipy-powell,cold,4,249,4.6276,0.007679
scipy-powell,cold,4,251,4.6648,0.007675
scipy-powell,cold,4,252,4.6843,0.007675
scipy-powell,cold,4,253,4.7033,0.007675
scipy-powell,cold,4,254,4.7216,0.007675
scipy-powell,cold,4,255,4.7397,0.007675
scipy-powell,cold,4,256,4.7580,0.007675
scipy-powell,cold,4,257,4.7770,0.007675
scipy-powell,cold,4,261,4.8551,0.007629
scipy-powell,cold,4,263,4.8940,0.007544
scipy-powell,cold,4,264,4.9122,0.007520
scipy-powell,cold,4,266,4.9483,0.007520
scipy-powell,cold,4,268,4.9851,0.007520
scipy-powell,cold,4,269,5.0034,0.007520
scipy-powell,cold,4,270,5.0214,0.007520
scipy-powell,cold,4,273,5.0759,0.007469
scipy-powell,cold,4,275,5.1134,0.007336
scipy-powell,cold,4,276,5.1315,0.007266
scipy-powell,cold,4,277,5.1501,0.007226
scipy-powell,cold,4,278,5.1689,0.007202
scipy-powell,cold,4,279,5.1880,0.007188
scipy-powell,cold,4,280,5.2058,0.007180
scipy-powell,cold,4,281,5.2249,0.007175
scipy-powell,cold,4,282,5.2439,0.007172
scipy-powell,cold,4,283,5.2633,0.007170
scipy-powell,cold,4,284,5.2832,0.007169
scipy-powell,cold,4,285,5.3033,0.007168
scipy-powell,cold,4,286,5.3225,0.007167
scipy-powell,cold,4,287,5.3411,0.007167
scipy-powell,cold,4,288,5.3590,0.007167
scipy-powell,cold,4,289,5.3770,0.007167
scipy-powell,cold,4,290,5.3941,0.007167
scipy-powell,cold,4,291,5.4127,0.007167
scipy-powell,cold,4,292,5.4317,0.007167
scipy-powell,cold,4,293,5.4508,0.007167
scipy-powell,cold,4,294,5.4695,0.007167
scipy-powell,cold,4,295,5.4881,0.007167
scipy-powell,cold,4,296,5.5071,0.007167
scipy-powell,cold,4,297,5.5253,0.007167
scipy-powell,cold,4,298,5.5422,0.007167
scipy-powell,cold,4,299,5.5600,0.007167
scipy-powell,cold,4,300,5.5777,0.007167
scipy-powell,cold,4,301,5.5954,0.007167
scipy-powell,cold,4,302,5.6126,0.007167
scipy-powell,cold,4,303,5.6305,0.007167
scipy-powell,cold,4,304,5.6478,0.007167
scipy-powell,cold,4,305,5.6663,0.007167
scipy-powell,cold,4,306,5.6850,0.007167
scipy-powell,cold,4,307,5.7036,0.007167
scipy-powell,cold,4,308,5.7222,0.007167
scipy-powell,cold,4,309,5.7411,0.007167
scipy-powell,cold,4,310,5.7597,0.006647
scipy-powell,cold,4,313,5.8150,0.006632
scipy-powell,cold,4,315,5.8516,0.006632
scipy-powell,cold,4,316,5.8697,0.006632
scipy-powell,cold,4,317,5.8885,0.006632
scipy-powell,cold,4,318,5.9083,0.006632
scipy-powell,cold,4,329,6.1138,0.006631
scipy-powell,cold,4,330,6.1321,0.006630
scipy-powell,cold,4,331,6.1513,0.006630
scipy-powell,cold,4,332,6.1701,0.006629
scipy-powell,cold,4,333,6.1889,0.006629
scipy-powell,cold,4,334,6.2079,0.006629
scipy-powell,cold,4,335,6.2256,0.006629
scipy-powell,cold,4,336,6.2426,0.006629
scipy-powell,cold,4,337,6.2600,0.006629
scipy-powell,cold,4,338,6.2771,0.006629
scipy-powell,cold,4,339,6.2947,0.006629
scipy-powell,cold,4,340,6.3116,0.006629
scipy-powell,cold,4,341,6.3291,0.006629
scipy-powell,cold,4,342,6.3460,0.006629
scipy-powell,cold,4,343,6.3640,0.006629
scipy-powell,cold,4,344,6.3821,0.006629
scipy-powell,cold,4,345,6.4010,0.006629
scipy-powell,cold,4,346,6.4200,0.006629
scipy-powell,cold,4,347,6.4383,0.006629
scipy-powell,cold,4,348,6.4558,0.006629
scipy-powell,cold,4,349,6.4746,0.006629
scipy-powell,cold,4,350,6.4931,0.006629
scipy-powell,cold,4,351,6.5109,0.006629
scipy-powell,cold,4,352,6.5287,0.006629
scipy-powell,cold,4,353,6.5461,0.006629
scipy-powell,cold,4,354,6.5637,0.006629
scipy-powell,cold,4,355,6.5820,0.006629
scipy-powell,cold,4,356,6.5996,0.006629
scipy-powell,cold,4,357,6.6168,0.006629
scipy-powell,cold,4,358,6.6338,0.006629
scipy-powell,cold,4,359,6.6511,0.006629
scipy-powell,cold,4,362,6.7059,0.006612
scipy-powell,cold,4,363,6.7238,0.006609
scipy-powell,cold,4,365,6.7594,0.006609
scipy-powell,cold,4,367,6.7946,0.006609
scipy-powell,cold,4,368,6.8122,0.006609
scipy-powell,cold,4,369,6.8301,0.006609
scipy-powell,cold,4,370,6.8489,0.006609
scipy-powell,cold,4,382,7.0806,0.006597
scipy-powell,cold,4,383,7.0997,0.006588
scipy-powell,cold,4,384,7.1177,0.006582
scipy-powell,cold,4,385,7.1356,0.006578
scipy-powell,cold,4,386,7.1545,0.006576
scipy-powell,cold,4,387,7.1747,0.006574
scipy-powell,cold,4,388,7.1929,0.006574
scipy-powell,cold,4,389,7.2120,0.006573
scipy-powell,cold,4,390,7.2304,0.006573
scipy-powell,cold,4,391,7.2493,0.006573
scipy-powell,cold,4,392,7.2683,0.006572
scipy-powell,cold,4,393,7.2879,0.006572
scipy-powell,cold,4,394,7.3074,0.006572
scipy-powell,cold,4,395,7.3273,0.006572
scipy-powell,cold,4,396,7.3472,0.006572
scipy-powell,cold,4,397,7.3682,0.006572
scipy-powell,cold,4,398,7.3887,0.006572
scipy-powell,cold,4,399,7.4075,0.006572
scipy-powell,cold,4,400,7.4261,0.006572
scipy-powell,cold,4,401,7.4450,0.006572
scipy-powell,cold,4,402,7.4641,0.006572
scipy-powell,cold,4,403,7.4835,0.006572
scipy-powell,cold,4,404,7.5024,0.006572
scipy-powell,cold,4,405,7.5201,0.006572
scipy-powell,cold,4,406,7.5383,0.006572
scipy-powell,cold,4,407,7.5570,0.006572
scipy-powell,cold,4,408,7.5758,0.006572
scipy-powell,cold,4,409,7.5954,0.006572
scipy-powell,cold,4,410,7.6149,0.006572
scipy-powell,cold,4,411,7.6345,0.006572
scipy-powell,cold,4,412,7.6537,0.006572
scipy-powell,cold,4,413,7.6727,0.006572
scipy-powell,cold,4,415,7.7108,0.006438
scipy-powell,cold,4,416,7.7303,0.006386
scipy-powell,cold,4,417,7.7502,0.006354
scipy-powell,cold,4,419,7.7887,0.006354
scipy-powell,cold,4,420,7.8069,0.006354
scipy-powell,cold,4,421,7.8264,0.006354
scipy-powell,cold,4,422,7.8445,0.006354
scipy-powell,cold,4,423,7.8629,0.006354
scipy-powell,cold,4,429,7.9729,0.006351
scipy-powell,cold,4,430,7.9914,0.006351
scipy-powell,cold,4,431,8.0092,0.006351
scipy-powell,cold,4,432,8.0273,0.006351
scipy-powell,cold,4,436,8.1030,0.006351
scipy-powell,cold,4,437,8.1223,0.006351
scipy-powell,cold,4,439,8.1599,0.006351
scipy-powell,cold,4,444,8.2515,0.006347
scipy-powell,cold,4,445,8.2699,0.006347
scipy-powell,cold,4,446,8.2876,0.006347
scipy-powell,cold,4,447,8.3058,0.006347
scipy-powell,cold,4,448,8.3232,0.006347
scipy-powell,cold,4,449,8.3428,0.006347
scipy-powell,cold,4,450,8.3623,0.006347
scipy-powell,cold,4,454,8.4381,0.006347
scipy-powell,cold,4,456,8.4738,0.006347
scipy-powell,cold,4,458,8.5094,0.006213
scipy-powell,cold,4,460,8.5441,0.006162
scipy-powell,cold,4,461,8.5625,0.006137
scipy-powell,cold,4,462,8.5810,0.006125
scipy-powell,cold,4,463,8.5987,0.006119
scipy-powell,cold,4,464,8.6163,0.006116
scipy-powell,cold,4,465,8.6339,0.006115
scipy-powell,cold,4,466,8.6510,0.006114
scipy-powell,cold,4,467,8.6685,0.006114
scipy-powell,cold,4,468,8.6883,0.006113
scipy-powell,cold,4,469,8.7086,0.006113
scipy-powell,cold,4,470,8.7253,0.006113
scipy-powell,cold,4,471,8.7452,0.006113
scipy-powell,cold,4,472,8.7633,0.006113
scipy-powell,cold,4,473,8.7813,0.006113
scipy-powell,cold,4,474,8.8001,0.006113
scipy-powell,cold,4,475,8.8184,0.006113
scipy-powell,cold,4,476,8.8357,0.006113
scipy-powell,cold,4,477,8.8532,0.006113
scipy-powell,cold,4,478,8.8698,0.006113
scipy-powell,cold,4,479,8.8871,0.006113
scipy-powell,cold,4,480,8.9047,0.006113
scipy-powell,cold,4,481,8.9222,0.006113
scipy-powell,cold,4,482,8.9407,0.006113
scipy-powell,cold,4,483,8.9587,0.006113
scipy-powell,cold,4,484,8.9748,0.006113
scipy-powell,cold,4,485,8.9923,0.006113
scipy-powell,cold,4,486,9.0098,0.006113
scipy-powell,cold,4,487,9.0277,0.006113
scipy-powell,cold,4,488,9.0451,0.006113
scipy-powell,cold,4,489,9.0648,0.006113
scipy-powell,cold,4,490,9.0837,0.006113
scipy-powell,cold,4,491,9.1024,0.006113
scipy-powell,cold,4,492,9.1212,0.006113
scipy-powell,cold,4,493,9.1400,0.006113
scipy-powell,cold,4,494,9.1576,0.006113
scipy-powell,cold,4,495,9.1749,0.005649
scipy-powell,cold,4,498,9.2322,0.005649
scipy-powell,cold,4,499,9.2520,0.005649
scipy-powell,cold,4,500,9.2701,0.005649
scipy-powell,cold,4,501,9.2885,0.005649
scipy-powell,cold,4,502,9.3062,0.005649
scipy-powell,cold,4,507,9.3997,0.005531
scipy-powell,cold,4,508,9.4182,0.005400
scipy-powell,cold,4,509,9.4358,0.005343
scipy-powell,cold,4,510,9.4519,0.005324
scipy-powell,cold,4,511,9.4709,0.005320
scipy-powell,cold,4,512,9.4896,0.005320
scipy-powell,cold,4,513,9.5086,0.005320
scipy-powell,cold,4,514,9.5277,0.005320
scipy-powell,cold,4,515,9.5469,0.005320
scipy-powell,cold,4,516,9.5656,0.005320
scipy-powell,cold,4,522,9.6839,0.005319
scipy-powell,cold,4,524,9.7211,0.005319
scipy-powell,cold,4,525,9.7397,0.005319
scipy-powell,cold,4,526,9.7583,0.005319
scipy-powell,cold,4,527,9.7771,0.005319
scipy-powell,cold,4,528,9.7950,0.005319
scipy-powell,cold,4,529,9.8135,0.005319
scipy-powell,cold,4,536,9.9465,0.005164
scipy-powell,cold,4,538,9.9828,0.005134
scipy-powell,cold,4,539,10.0007,0.005133
scipy-powell,cold,4,540,10.0184,0.005133
scipy-powell,cold,4,541,10.0358,0.005133
scipy-powell,cold,4,542,10.0535,0.005133
scipy-powell,cold,4,543,10.0712,0.005133
scipy-powell,cold,4,552,10.2317,0.005133
scipy-powell,cold,4,554,10.2670,0.005132
scipy-powell,cold,4,556,10.3039,0.005132
scipy-powell,cold,4,557,10.3221,0.005132
scipy-powell,cold,4,558,10.3416,0.005132
scipy-powell,cold,4,559,10.3600,0.005132
scipy-powell,cold,4,560,10.3785,0.005132
scipy-powell,cold,4,564,10.4520,0.005132
scipy-powell,cold,4,568,10.5252,0.005097
scipy-powell,cold,4,570,10.5626,0.005069
scipy-powell,cold,4,571,10.5815,0.005061
scipy-powell,cold,4,572,10.5997,0.005061
scipy-powell,cold,4,573,10.6194,0.005061
scipy-powell,cold,4,574,10.6372,0.005061
scipy-powell,cold,4,575,10.6551,0.005061
scipy-powell,cold,4,576,10.6731,0.005061
scipy-powell,cold,4,577,10.6912,0.005061
scipy-powell,cold,4,581,10.7613,0.005061
scipy-powell,cold,4,584,10.8140,0.004958
scipy-powell,cold,4,588,10.8863,0.004955
scipy-powell,cold,4,589,10.9039,0.004955
scipy-powell,cold,4,590,10.9221,0.004955
scipy-powell,cold,4,592,10.9593,0.004955
scipy-powell,cold,4,593,10.9782,0.004955
scipy-powell,cold,4,594,10.9958,0.004955
scipy-powell,cold,4,595,11.0132,0.004955
scipy-powell,cold,4,601,11.1216,0.004954
scipy-powell,cold,4,602,11.1393,0.004954
scipy-powell,cold,4,603,11.1576,0.004954
scipy-powell,cold,4,604,11.1750,0.004954
scipy-powell,cold,4,605,11.1946,0.004954
scipy-powell,cold,4,606,11.2129,0.004954
scipy-powell,cold,4,607,11.2306,0.004954
scipy-powell,cold,4,617,11.4061,0.004952
scipy-powell,cold,4,618,11.4234,0.004952
scipy-powell,cold,4,619,11.4411,0.004952
scipy-powell,cold,4,621,11.4769,0.004952
scipy-powell,cold,4,622,11.4941,0.004952
scipy-powell,cold,4,623,11.5116,0.004952
scipy-powell,cold,4,624,11.5292,0.004952
scipy-powell,cold,4,625,11.5471,0.004952
scipy-powell,cold,4,629,11.6168,0.004924
scipy-powell,cold,4,630,11.6341,0.004918
scipy-powell,cold,4,631,11.6513,0.004914
scipy-powell,cold,4,632,11.6683,0.004914
scipy-powell,cold,4,633,11.6855,0.004914
scipy-powell,cold,4,634,11.7023,0.004914
scipy-powell,cold,4,635,11.7201,0.004914
scipy-powell,cold,4,638,11.7770,0.004914
scipy-powell,cold,4,640,11.8125,0.004910
scipy-powell,cold,4,643,11.8640,0.004910
scipy-powell,cold,4,644,11.8810,0.004906
scipy-powell,cold,4,646,11.9164,0.004906
scipy-powell,cold,4,648,11.9535,0.004906
scipy-powell,cold,4,649,11.9717,0.004906
scipy-powell,cold,4,650,11.9902,0.004906
scipy-powell,cold,4,659,12.1494,0.004905
scipy-powell,cold,4,661,12.1848,0.004905
scipy-powell,cold,4,662,12.2028,0.004905
scipy-powell,cold,4,663,12.2204,0.004905
scipy-powell,cold,4,664,12.2382,0.004905
scipy-powell,cold,4,673,12.3976,0.004905
scipy-powell,cold,4,674,12.4153,0.004905
scipy-powell,cold,4,676,12.4503,0.004905
scipy-powell,cold,4,677,12.4677,0.004905
scipy-powell,cold,4,678,12.4848,0.004905
scipy-powell,cold,4,684,12.5941,0.004902
scipy-powell,cold,4,685,12.6128,0.004899
scipy-powell,cold,4,686,12.6311,0.004899
scipy-powell,cold,4,687,12.6496,0.004899
scipy-powell,cold,4,688,12.6679,0.004899
scipy-powell,cold,4,689,12.6854,0.004899
scipy-powell,cold,4,690,12.7031,0.004899
scipy-powell,cold,4,691,12.7213,0.004899
scipy-powell,cold,4,697,12.8298,0.004893
scipy-powell,cold,4,698,12.8476,0.004893
scipy-powell,cold,4,699,12.8657,0.004893
scipy-powell,cold,4,700,12.8826,0.004893
scipy-powell,cold,4,701,12.9003,0.004893
scipy-powell,cold,4,702,12.9186,0.004893
scipy-powell,cold,4,711,13.0810,0.004870
scipy-powell,cold,4,713,13.1156,0.004858
scipy-powell,cold,4,715,13.1499,0.004858
scipy-powell,cold,4,716,13.1683,0.004858
scipy-powell,cold,4,717,13.1875,0.004858
scipy-powell,cold,4,718,13.2074,0.004858
scipy-powell,cold,4,723,13.3009,0.004788
scipy-powell,cold,4,726,13.3543,0.004787
scipy-powell,cold,4,727,13.3717,0.004785
scipy-powell,cold,4,729,13.4067,0.004785
scipy-powell,cold,4,730,13.4236,0.004785
scipy-powell,cold,4,731,13.4424,0.004785
scipy-powell,cold,4,732,13.4609,0.004785
scipy-powell,cold,4,733,13.4802,0.004785
scipy-powell,cold,4,741,13.6193,0.004785
scipy-powell,cold,4,742,13.6374,0.004785
scipy-powell,cold,4,743,13.6561,0.004785
scipy-powell,cold,4,745,13.6932,0.004785
scipy-powell,cold,4,746,13.7116,0.004785
scipy-powell,cold,4,747,13.7304,0.004785
scipy-powell,cold,4,754,13.8578,0.004785
scipy-powell,cold,4,760,13.9632,0.004784
scipy-powell,cold,4,761,13.9820,0.004782
scipy-powell,cold,4,763,14.0161,0.004782
scipy-powell,cold,4,764,14.0331,0.004782
scipy-powell,cold,4,765,14.0509,0.004782
scipy-powell,cold,4,766,14.0692,0.004782
scipy-powell,cold,4,767,14.0867,0.004782
scipy-powell,cold,4,772,14.1745,0.004782
scipy-powell,cold,4,776,14.2422,0.004775
scipy-powell,cold,4,777,14.2597,0.004774
scipy-powell,cold,4,778,14.2768,0.004774
scipy-powell,cold,4,779,14.2935,0.004774
scipy-powell,cold,4,780,14.3107,0.004774
scipy-powell,cold,4,781,14.3290,0.004774
scipy-powell,cold,4,792,14.5233,0.004774
scipy-powell,cold,4,793,14.5396,0.004774
scipy-powell,cold,4,794,14.5563,0.004774
scipy-powell,cold,4,795,14.5739,0.004774
scipy-powell,cold,4,796,14.5911,0.004774
scipy-powell,cold,4,797,14.6091,0.004774
scipy-powell,cold,4,801,14.6832,0.004774
scipy-powell,cold,4,810,14.8473,0.004774
scipy-powell,cold,4,811,14.8660,0.004774
scipy-powell,cold,4,812,14.8835,0.004774
scipy-powell,cold,4,813,14.9012,0.004774
scipy-powell,cold,4,814,14.9182,0.004774
scipy-powell,cold,4,815,14.9355,0.004774
scipy-powell,cold,4,816,14.9524,0.004774
scipy-powell,cold,4,832,15.2441,0.004774
scipy-powell,cold,4,842,15.4228,0.004774
scipy-powell,cold,4,843,15.4409,0.004774
scipy-powell,cold,4,844,15.4593,0.004774
scipy-powell,cold,4,845,15.4776,0.004774
scipy-powell,cold,4,846,15.4951,0.004774
scipy-powell,cold,4,847,15.5123,0.004774
scipy-powell,cold,4,862,15.7817,0.004774
scipy-powell,cold,4,863,15.7996,0.004774
scipy-powell,cold,4,864,15.8167,0.004774
scipy-powell,cold,4,865,15.8336,0.004774
scipy-powell,cold,4,869,15.9037,0.004774
scipy-powell,cold,4,887,16.2398,0.004774
scipy-powell,cold,4,888,16.2572,0.004774
scipy-powell,cold,4,889,16.2778,0.004774
scipy-powell,cold,4,890,16.2968,0.004774
scipy-powell,cold,4,891,16.3160,0.004774
scipy-powell,cold,4,901,16.5066,0.004774
scipy-powell,cold,4,906,16.5956,0.004774
scipy-powell,cold,4,911,16.6853,0.004773
scipy-powell,cold,4,912,16.7033,0.004773
scipy-powell,cold,4,913,16.7209,0.004773
scipy-powell,cold,4,914,16.7381,0.004773
scipy-powell,cold,4,915,16.7555,0.004773
scipy-powell,cold,4,917,16.7920,0.004773
scipy-powell,cold,4,918,16.8092,0.004773
scipy-powell,cold,4,930,17.0240,0.004773
scipy-powell,cold,4,931,17.0438,0.004773
scipy-powell,cold,4,932,17.0626,0.004773
scipy-powell,cold,4,933,17.0815,0.004773
scipy-powell,cold,4,934,17.0997,0.004773
scipy-powell,cold,4,935,17.1186,0.004773
scipy-powell,cold,4,937,17.1537,0.004773
scipy-powell,cold,4,954,17.4620,0.004773
scipy-powell,cold,4,955,17.4824,0.004773
scipy-powell,cold,4,956,17.5021,0.004773
scipy-powell,cold,4,957,17.5203,0.004773
scipy-powell,cold,4,974,17.8134,0.004773
scipy-powell,cold,4,975,17.8299,0.004773
scipy-powell,cold,4,976,17.8472,0.004773
scipy-powell,cold,4,977,17.8647,0.004773
scipy-powell,cold,4,994,18.1735,0.004773
scipy-powell,cold,4,995,18.1912,0.004773
scipy-powell,cold,4,996,18.2097,0.004773
scipy-powell,cold,4,997,18.2274,0.004773
scipy-powell,cold,4,998,18.2450,0.004773
scipy-powell,cold,4,1026,18.7356,0.004773
scipy-powell,cold,4,1027,18.7521,0.004773
scipy-powell,cold,4,1028,18.7687,0.004773
scipy-powell,cold,4,1063,19.3672,0.004773
scipy-powell,cold,4,1064,19.3860,0.004773
scipy-powell,cold,4,1065,19.4042,0.004773
scipy-powell,cold,4,1066,19.4213,0.004773
scipy-powell,cold,4,1067,19.4379,0.004773
scipy-powell,cold,4,1073,19.5398,0.004773
scipy-powell,cold,4,1074,19.5561,0.004773
scipy-powell,cold,4,1077,19.6068,0.004773
scipy-powell,cold,4,1083,19.7074,0.004773
scipy-powell,cold,4,1084,19.7248,0.004773
scipy-powell,cold,4,1085,19.7429,0.004773
scipy-powell,cold,4,1086,19.7605,0.004773
scipy-powell,cold,4,1088,19.7968,0.004773
scipy-powell,cold,4,1089,19.8156,0.004773
scipy-powell,cold,4,1101,20.0337,0.004545
scipy-powell,cold,4,1102,20.0514,0.004092
scipy-powell,cold,4,1103,20.0700,0.003903
scipy-powell,cold,4,1104,20.0882,0.003816
scipy-powell,cold,4,1105,20.1072,0.003772
scipy-powell,cold,4,1106,20.1255,0.003748
scipy-powell,cold,4,1107,20.1443,0.003735
scipy-powell,cold,4,1108,20.1627,0.003727
scipy-powell,cold,4,1109,20.1803,0.003722
scipy-powell,cold,4,1110,20.1987,0.003719
scipy-powell,cold,4,1111,20.2175,0.003718
scipy-powell,cold,4,1112,20.2363,0.003717
scipy-powell,cold,4,1113,20.2529,0.003716
scipy-powell,cold,4,1114,20.2701,0.003716
scipy-powell,cold,4,1115,20.2871,0.003715
scipy-powell,cold,4,1116,20.3035,0.003715
scipy-powell,cold,4,1117,20.3207,0.003715
scipy-powell,cold,4,1118,20.3376,0.003715
scipy-powell,cold,4,1119,20.3541,0.003715
scipy-powell,cold,4,1120,20.3700,0.003715
scipy-powell,cold,4,1121,20.3868,0.003715
scipy-powell,cold,4,1122,20.4032,0.003715
scipy-powell,cold,4,1123,20.4197,0.003715
scipy-powell,cold,4,1124,20.4359,0.003715
scipy-powell,cold,4,1125,20.4526,0.003715
scipy-powell,cold,4,1126,20.4690,0.003715
scipy-powell,cold,4,1127,20.4860,0.003715
scipy-powell,cold,4,1128,20.5027,0.003715
scipy-powell,cold,4,1129,20.5199,0.003715
scipy-powell,cold,4,1130,20.5375,0.003715
scipy-powell,cold,4,1131,20.5552,0.003715
scipy-powell,cold,4,1132,20.5720,0.003715
scipy-powell,cold,4,1133,20.5885,0.003715
scipy-powell,cold,4,1134,20.6052,0.003715
scipy-powell,cold,4,1135,20.6220,0.003715
scipy-powell,cold,4,1136,20.6381,0.003715
scipy-powell,cold,4,1139,20.6876,0.003523
scipy-powell,cold,4,1140,20.7037,0.003490
scipy-powell,cold,4,1141,20.7215,0.003486
scipy-powell,cold,4,1146,20.8045,0.003486
scipy-powell,cold,4,1147,20.8211,0.003486
scipy-powell,cold,4,1148,20.8371,0.003486
scipy-powell,cold,4,1149,20.8537,0.003486
scipy-powell,cold,4,1150,20.8699,0.003486
scipy-powell,cold,4,1156,20.9691,0.003486
scipy-powell,cold,4,1157,20.9861,0.003486
scipy-powell,cold,4,1158,21.0025,0.003486
scipy-powell,cold,4,1164,21.1005,0.003486
scipy-powell,cold,4,1169,21.1832,0.003486
scipy-powell,cold,4,1170,21.1997,0.003486
scipy-powell,cold,4,1171,21.2167,0.003486
scipy-powell,cold,4,1172,21.2333,0.003486
scipy-powell,cold,4,1179,21.3491,0.003239
scipy-powell,cold,4,1182,21.3996,0.003239
scipy-powell,cold,4,1183,21.4162,0.003238
scipy-powell,cold,4,1184,21.4325,0.003238
scipy-powell,cold,4,1185,21.4491,0.003238
scipy-powell,cold,4,1186,21.4655,0.003238
scipy-powell,cold,4,1196,21.6305,0.003238
scipy-powell,cold,4,1198,21.6637,0.003200
scipy-powell,cold,4,1200,21.6970,0.003161
scipy-powell,cold,4,1202,21.7296,0.003155
scipy-powell,cold,4,1204,21.7624,0.003155
scipy-powell,cold,4,1205,21.7788,0.003155
scipy-powell,cold,4,1206,21.7956,0.003155
scipy-powell,cold,4,1207,21.8123,0.003155
scipy-powell,cold,4,1208,21.8288,0.003155
scipy-powell,cold,4,1209,21.8456,0.003155
scipy-powell,cold,4,1216,21.9640,0.003155
scipy-powell,cold,4,1217,21.9805,0.003155
scipy-powell,cold,4,1218,21.9964,0.003155
scipy-powell,cold,4,1221,22.0462,0.003155
scipy-powell,cold,4,1222,22.0622,0.003155
scipy-powell,cold,4,1233,22.2517,0.003155
scipy-powell,cold,4,1240,22.3679,0.003155
scipy-powell,cold,4,1241,22.3850,0.003155
scipy-powell,cold,4,1242,22.4012,0.003155
scipy-powell,cold,4,1244,22.4346,0.003155
scipy-powell,cold,4,1256,22.6340,0.003155
scipy-powell,cold,4,1257,22.6502,0.003155
scipy-powell,cold,4,1258,22.6666,0.003155
scipy-powell,cold,4,1259,22.6831,0.003155
scipy-powell,cold,4,1275,22.9500,0.003155
scipy-powell,cold,4,1276,22.9667,0.003155
scipy-powell,cold,4,1277,22.9837,0.003155
scipy-powell,cold,4,1283,23.0885,0.003155
scipy-powell,cold,4,1297,23.3391,0.003155
scipy-powell,cold,4,1299,23.3759,0.003155
scipy-powell,cold,4,1300,23.3947,0.003155
scipy-powell,cold,4,1304,23.4657,0.003155
scipy-powell,cold,4,1314,23.6428,0.003155
scipy-powell,cold,4,1315,23.6610,0.003155
scipy-powell,cold,4,1316,23.6782,0.003155
scipy-powell,cold,4,1326,23.8540,0.003155
scipy-powell,cold,4,1327,23.8724,0.003155
scipy-powell,cold,4,1328,23.8901,0.003155
scipy-powell,cold,4,1352,24.3281,0.003155
scipy-powell,cold,4,1360,24.4684,0.003155
scipy-powell,cold,4,1361,24.4871,0.003155
scipy-powell,cold,4,1362,24.5051,0.003155
scipy-powell,cold,4,1372,24.6835,0.003155
scipy-powell,cold,4,1374,24.7179,0.003155
scipy-powell,cold,4,1380,24.8245,0.003155
scipy-powell,cold,4,1381,24.8422,0.003155
scipy-powell,cold,4,1382,24.8597,0.003155
scipy-powell,cold,4,1395,25.0944,0.003155
scipy-powell,cold,4,1397,25.1310,0.003155
scipy-powell,cold,4,1401,25.2033,0.003155
scipy-powell,cold,4,1405,25.2751,0.003155
scipy-powell,cold,4,1406,25.2934,0.003155
scipy-powell,cold,4,1407,25.3121,0.003155
scipy-powell,cold,4,1408,25.3299,0.003155
scipy-powell,cold,4,1409,25.3483,0.003155
scipy-powell,cold,4,1412,25.4012,0.003155
scipy-powell,cold,4,1413,25.4204,0.003155
scipy-powell,cold,4,1416,25.4731,0.003155
scipy-powell,cold,4,1419,25.5266,0.003155
scipy-powell,cold,4,1427,25.6709,0.003155
scipy-powell,cold,4,1428,25.6898,0.003155
scipy-powell,cold,4,1429,25.7083,0.003155
scipy-powell,cold,4,1430,25.7278,0.003155
scipy-powell,cold,4,1431,25.7471,0.003155
scipy-powell,cold,4,1435,25.8228,0.003155
scipy-powell,cold,4,1437,25.8591,0.003155
scipy-powell,cold,4,1444,25.9854,0.003155
scipy-powell,cold,4,1445,26.0042,0.003155
scipy-powell,cold,4,1446,26.0221,0.003155
scipy-powell,cold,4,1447,26.0398,0.003155
scipy-powell,cold,4,1448,26.0592,0.003155
scipy-powell,cold,4,1449,26.0776,0.003155
scipy-powell,cold,4,1457,26.2225,0.003155
scipy-powell,cold,4,1463,26.3358,0.003155
scipy-powell,cold,4,1464,26.3541,0.003155
scipy-powell,cold,4,1465,26.3732,0.003155
scipy-powell,cold,4,1466,26.3924,0.003155
scipy-powell,cold,4,1469,26.4451,0.003155
scipy-powell,cold,4,1471,26.4803,0.003155
scipy-powell,cold,4,1477,26.5892,0.003155
scipy-powell,cold,4,1478,26.6058,0.003155
scipy-powell,cold,4,1479,26.6237,0.003155
scipy-powell,cold,4,1488,26.7873,0.003155
scipy-powell,cold,4,1490,26.8231,0.003155
scipy-powell,cold,4,1497,26.9405,0.003155
scipy-powell,cold,4,1502,27.0216,0.003155
scipy-powell,cold,4,1503,27.0384,0.003155
scipy-powell,cold,4,1504,27.0546,0.003155
scipy-powell,cold,4,1505,27.0715,0.003155
scipy-powell,cold,4,1506,27.0881,0.003155
scipy-powell,cold,4,1508,27.1216,0.003155
scipy-powell,cold,4,1509,27.1383,0.003155
scipy-powell,cold,4,1511,27.1706,0.003155
scipy-powell,cold,4,1516,27.2524,0.003155
scipy-powell,cold,4,1522,27.3520,0.003155
scipy-powell,cold,4,1523,27.3688,0.003155
scipy-powell,cold,4,1524,27.3851,0.003155
scipy-powell,cold,4,1525,27.4019,0.003155
scipy-powell,cold,4,1526,27.4186,0.003155
scipy-powell,cold,4,1535,27.5678,0.003155
scipy-powell,cold,4,1545,27.7332,0.003155
scipy-powell,cold,4,1546,27.7498,0.003155
scipy-powell,cold,4,1547,27.7682,0.003155
scipy-powell,cold,4,1548,27.7859,0.003155
scipy-powell,cold,4,1549,27.8036,0.003155
scipy-powell,cold,4,1550,27.8218,0.003155
scipy-powell,cold,4,1554,27.8940,0.003155
scipy-powell,cold,4,1556,27.9299,0.003155
scipy-powell,cold,4,1563,28.0551,0.003154
scipy-powell,cold,4,1564,28.0718,0.003154
scipy-powell,cold,4,1565,28.0887,0.003154
scipy-powell,cold,4,1566,28.1055,0.003154
scipy-powell,cold,4,1568,28.1404,0.003154
scipy-powell,cold,4,1580,28.3548,0.003154
scipy-powell,cold,4,1582,28.3899,0.003153
scipy-powell,cold,4,1583,28.4082,0.003153
scipy-powell,cold,4,1584,28.4263,0.003153
scipy-powell,cold,4,1585,28.4446,0.003153
scipy-powell,cold,4,1586,28.4626,0.003153
scipy-powell,cold,4,1594,28.6066,0.003153
scipy-powell,cold,4,1595,28.6240,0.003153
scipy-powell,cold,4,1596,28.6415,0.003153
scipy-powell,cold,4,1597,28.6599,0.003153
scipy-powell,cold,4,1598,28.6782,0.003153
scipy-powell,cold,4,1599,28.6959,0.003153
scipy-powell,cold,4,1604,28.7869,0.003153
scipy-powell,cold,4,1610,28.8945,0.003150
scipy-powell,cold,4,1611,28.9128,0.003150
scipy-powell,cold,4,1612,28.9309,0.003150
scipy-powell,cold,4,1613,28.9493,0.003150
scipy-powell,cold,4,1614,28.9673,0.003150
scipy-powell,cold,4,1620,29.0725,0.003148
scipy-powell,cold,4,1622,29.1097,0.003145
scipy-powell,cold,4,1623,29.1276,0.003145
scipy-powell,cold,4,1624,29.1441,0.003145
scipy-powell,cold,4,1625,29.1607,0.003145
scipy-powell,cold,4,1626,29.1772,0.003145
scipy-powell,cold,4,1627,29.1939,0.003145
scipy-powell,cold,4,1628,29.2103,0.003145
scipy-powell,cold,4,1633,29.2922,0.003145
scipy-powell,cold,4,1638,29.3786,0.003141
scipy-powell,cold,4,1639,29.3963,0.003140
scipy-powell,cold,4,1640,29.4144,0.003140
scipy-powell,cold,4,1641,29.4328,0.003140
scipy-powell,cold,4,1642,29.4508,0.003140
scipy-powell,cold,4,1643,29.4690,0.003140
scipy-powell,cold,4,1647,29.5423,0.003139
scipy-powell,cold,4,1650,29.5920,0.003136
scipy-powell,cold,4,1651,29.6089,0.003135
scipy-powell,cold,4,1652,29.6253,0.003135
scipy-powell,cold,4,1653,29.6422,0.003135
scipy-powell,cold,4,1654,29.6586,0.003135
scipy-powell,cold,4,1655,29.6756,0.003135
scipy-powell,cold,4,1656,29.6921,0.003135
scipy-powell,cold,4,1665,29.8492,0.003135
scipy-powell,cold,4,1666,29.8673,0.003135
scipy-powell,cold,4,1667,29.8858,0.003135
scipy-powell,cold,4,1672,29.9746,0.003135
scipy-powell,cold,4,1677,30.0619,0.003135
scipy-powell,cold,4,1678,30.0800,0.003135
scipy-powell,cold,4,1679,30.0989,0.003135
scipy-powell,cold,4,1682,30.1535,0.003135
scipy-powell,cold,4,1688,30.2629,0.003135
scipy-powell,cold,4,1689,30.2810,0.003135
scipy-powell,cold,4,1690,30.2986,0.003135
scipy-powell,cold,4,1698,30.4456,0.003135
scipy-powell,cold,4,1699,30.4636,0.003135
scipy-powell,cold,4,1700,30.4815,0.003135
scipy-powell,cold,4,1710,30.6682,0.003135
scipy-powell,cold,4,1711,30.6883,0.003135
scipy-powell,cold,4,1716,30.7845,0.003135
scipy-powell,cold,4,1721,30.8743,0.003135
scipy-powell,cold,4,1722,30.8918,0.003135
scipy-powell,cold,4,1723,30.9104,0.003135
scipy-powell,cold,4,1741,31.2383,0.003135
scipy-powell,cold,4,1750,31.4007,0.003135
scipy-powell,cold,4,1751,31.4188,0.003135
scipy-powell,cold,4,1752,31.4367,0.003135
scipy-powell,cold,4,1762,31.6215,0.003135
scipy-powell,cold,4,1763,31.6403,0.003135
scipy-powell,cold,4,1764,31.6581,0.003135
scipy-powell,cold,4,1772,31.8029,0.003135
scipy-powell,cold,4,1773,31.8208,0.003135
scipy-powell,cold,4,1774,31.8392,0.003135
scipy-powell,cold,4,1775,31.8584,0.003135
scipy-powell,cold,4,1781,31.9670,0.003135
scipy-powell,cold,4,1782,31.9845,0.003135
scipy-powell,cold,4,1783,32.0027,0.003135
scipy-powell,cold,4,1784,32.0203,0.003135
scipy-powell,cold,4,1787,32.0728,0.003135
scipy-powell,cold,4,1793,32.1858,0.003135
scipy-powell,cold,4,1794,32.2058,0.003135
scipy-powell,cold,4,1795,32.2240,0.003135
scipy-powell,cold,4,1804,32.4032,0.003135
scipy-powell,cold,4,1805,32.4207,0.003135
scipy-powell,cold,4,1806,32.4411,0.003135
scipy-powell,cold,4,1823,32.7428,0.003135
scipy-powell,cold,4,1831,32.8876,0.003135
scipy-powell,cold,4,1832,32.9050,0.003135
scipy-powell,cold,4,1833,32.9239,0.003135
scipy-powell,cold,4,1839,33.0337,0.003135
scipy-powell,cold,4,1840,33.0517,0.003135
scipy-powell,cold,4,1841,33.0706,0.003135
scipy-powell,cold,4,1844,33.1257,0.003135
scipy-powell,cold,4,1949,35.1131,0.003021
scipy-powell,cold,4,1950,35.1325,0.003009
scipy-powell,cold,4,1951,35.1498,0.003008
scipy-powell,cold,4,1952,35.1676,0.003007
scipy-powell,cold,4,1953,35.1868,0.003006
scipy-powell,cold,4,1954,35.2061,0.003006
scipy-powell,cold,4,1956,35.2435,0.003006
scipy-powell,cold,4,1957,35.2619,0.003006
scipy-powell,cold,4,1958,35.2797,0.003006
scipy-powell,cold,4,1959,35.2992,0.003006
scipy-powell,cold,4,1968,35.4707,0.002982
scipy-powell,cold,4,1971,35.5317,0.002970
scipy-powell,cold,4,1975,35.6104,0.002970
scipy-powell,cold,4,1976,35.6287,0.002970
scipy-powell,cold,4,1977,35.6471,0.002970
scipy-powell,cold,4,1978,35.6653,0.002970
scipy-powell,cold,4,1979,35.6833,0.002970
scipy-powell,cold,4,1980,35.7012,0.002970
scipy-powell,cold,4,1981,35.7207,0.002970
scipy-powell,cold,4,1984,35.7782,0.002970
scipy-powell,cold,4,1991,35.9170,0.002966
scipy-powell,cold,4,1995,35.9953,0.002965
scipy-powell,cold,4,1997,36.0364,0.002965
scipy-powell,cold,4,1998,36.0568,0.002965
scipy-powell,cold,4,1999,36.0775,0.002965
scipy-powell,cold,4,2000,36.0986,0.002965
scipy-de,cold,4,0,0.0000,0.652433
scipy-de,cold,4,1,0.0487,0.652433
scipy-de,cold,4,34,0.7103,0.404349
scipy-de,cold,4,47,0.9695,0.354198
scipy-de,cold,4,73,1.4776,0.333987
scipy-de,cold,4,105,2.1198,0.197513
scipy-de,cold,4,225,4.5765,0.151606
scipy-de,cold,4,249,5.0600,0.124717
scipy-de,cold,4,281,5.6950,0.083053
scipy-de,cold,4,1189,23.0627,0.061508
opt-ga,cold,4,0,0.0000,0.652433
opt-ga,cold,4,2,0.0665,0.651325
opt-ga,cold,4,6,0.1392,0.136334
opt-ga,cold,4,159,2.8889,0.093722
opt-ga,cold,4,219,3.9620,0.044284
opt-ga,cold,4,298,5.4364,0.044236
opt-ga,cold,4,332,6.0470,0.027690
opt-ga,cold,4,464,8.4815,0.026572
opt-ga,cold,4,499,9.1208,0.021925
opt-ga,cold,4,569,10.4252,0.016806
opt-ga,cold,4,637,11.6923,0.016049
opt-ga,cold,4,683,12.5306,0.015107
opt-ga,cold,4,826,15.1557,0.013094
opt-ga,cold,4,865,15.8995,0.012228
opt-ga,cold,4,906,16.6858,0.012074
opt-ga,cold,4,907,16.7049,0.011254
opt-ga,cold,4,1057,19.5778,0.010659
opt-ga,cold,4,1085,20.1111,0.009822
opt-ga,cold,4,1425,26.6654,0.009804
opt-ga,cold,4,1455,27.2498,0.009763
opt-ga,cold,4,1498,28.0964,0.009753
opt-ga,cold,4,1516,28.4518,0.009699
opt-ga,cold,4,1548,29.0752,0.009633
opt-ga,cold,4,1551,29.1324,0.009546
opt-ga,cold,4,1568,29.4555,0.008959
opt-ga,cold,4,1591,29.8931,0.008830
opt-ga,cold,4,1602,30.1065,0.008603
opt-ga,cold,4,1680,31.5793,0.008489
opt-ga,cold,4,1707,32.0920,0.008431
opt-ga,cold,4,1751,32.9578,0.008205
opt-ga,cold,4,1854,34.9473,0.007924
opt-ga,cold,4,1964,37.1319,0.007824
opt-pso,cold,4,0,0.0000,0.652433
opt-pso,cold,4,2,0.0699,0.651325
opt-pso,cold,4,6,0.1480,0.136334
opt-pso,cold,4,143,2.7200,0.134347
opt-aco,cold,4,0,0.0000,0.652433
opt-aco,cold,4,2,0.0759,0.651325
opt-aco,cold,4,6,0.1535,0.136334
opt-aco,cold,4,308,5.9679,0.106103
opt-aco,cold,4,577,11.1368,0.058838
opt-aco,cold,4,743,14.2642,0.058292
opt-aco,cold,4,782,15.0126,0.050067
opt-aco,cold,4,904,17.2370,0.047654
opt-aco,cold,4,1100,20.8235,0.045180
opt-aco,cold,4,1110,21.0026,0.040163
opt-aco,cold,4,1115,21.0900,0.025745
opt-aco,cold,4,1193,22.5334,0.022157
opt-aco,cold,4,1263,23.8084,0.014479
opt-aco,cold,4,1634,30.5138,0.011866
opt-aco,cold,4,1651,30.8183,0.011683
opt-aco,cold,4,1695,31.6186,0.011310
opt-aco,cold,4,1744,32.5253,0.007868
opt-aco,cold,4,1836,34.2023,0.006716
opt-gd,cold,4,0,0.0000,0.652433
opt-gd,cold,4,2,0.0573,0.652433
opt-gd,cold,4,8,0.1639,0.652433
opt-gd,cold,4,9,0.1816,0.652433
opt-gd,cold,4,11,0.2184,0.652433
opt-gd,cold,4,25,0.4655,0.652433
opt-gd,cold,4,27,0.5013,0.652433
opt-gd,cold,4,56,1.0202,0.652433
opt-gd,cold,4,100,1.8093,0.501858
opt-gd,cold,4,101,1.8269,0.501858
opt-gd,cold,4,107,1.9339,0.501858
opt-gd,cold,4,109,1.9689,0.501858
opt-gd,cold,4,158,2.8501,0.501858
opt-gd,cold,4,181,3.2599,0.501858
opt-gd,cold,4,182,3.2774,0.501858
opt-gd,cold,4,199,3.5891,0.387112
opt-gd,cold,4,200,3.6072,0.387112
opt-gd,cold,4,206,3.7141,0.387112
opt-gd,cold,4,208,3.7490,0.387112
opt-gd,cold,4,257,4.6242,0.387112
opt-gd,cold,4,298,5.3516,0.367011
opt-gd,cold,4,299,5.3701,0.367011
opt-gd,cold,4,305,5.4786,0.367011
opt-gd,cold,4,307,5.5157,0.367011
opt-gd,cold,4,397,7.1086,0.292682
opt-gd,cold,4,398,7.1268,0.292682
opt-gd,cold,4,404,7.2320,0.292682
opt-gd,cold,4,406,7.2664,0.292682
opt-gd,cold,4,595,10.8794,0.247937
opt-gd,cold,4,596,10.9001,0.247937
opt-gd,cold,4,602,11.0195,0.247937
opt-gd,cold,4,604,11.0564,0.247937
opt-gd,cold,4,676,12.3993,0.247937
opt-gd,cold,4,677,12.4181,0.247937
opt-gd,cold,4,892,16.7071,0.208946
opt-gd,cold,4,893,16.7251,0.208946
opt-gd,cold,4,899,16.8325,0.208946
opt-gd,cold,4,901,16.8685,0.208946
opt-gd,cold,4,1090,20.2639,0.207365
opt-gd,cold,4,1091,20.2812,0.207365
opt-gd,cold,4,1097,20.3846,0.207365
opt-gd,cold,4,1099,20.4214,0.207365
opt-gd,cold,4,1189,22.0047,0.201956
opt-gd,cold,4,1190,22.0224,0.201956
opt-gd,cold,4,1196,22.1259,0.201956
opt-gd,cold,4,1198,22.1634,0.201956
opt-gd,cold,4,1206,22.3070,0.201956
opt-gd,cold,4,1213,22.4305,0.201956
opt-gd,cold,4,1215,22.4666,0.201956
opt-gd,cold,4,1288,23.8119,0.190266
opt-gd,cold,4,1289,23.8311,0.190266
opt-gd,cold,4,1296,23.9595,0.190266
opt-gd,cold,4,1298,23.9956,0.190266
opt-gd,cold,4,1486,27.4611,0.176865
opt-gd,cold,4,1487,27.4813,0.176865
opt-gd,cold,4,1494,27.6125,0.176865
opt-gd,cold,4,1496,27.6495,0.176865
opt-gd,cold,4,1684,31.1214,0.168868
opt-gd,cold,4,1685,31.1393,0.168868
opt-gd,cold,4,1692,31.2666,0.168868
opt-gd,cold,4,1694,31.3033,0.168868
opt-gd,cold,4,1783,32.9761,0.163073
opt-gd,cold,4,1784,32.9956,0.163073
opt-gd,cold,4,1790,33.1090,0.163073
opt-gd,cold,4,1792,33.1496,0.163073
opt-gd,cold,4,1811,33.5103,0.163073
opt-gd,cold,4,1866,34.5164,0.163073
opt-gd,cold,4,1867,34.5340,0.163073
opt-gd,cold,4,1882,34.8069,0.156813
opt-gd,cold,4,1883,34.8255,0.156813
opt-gd,cold,4,1890,34.9541,0.156813
opt-gd,cold,4,1892,34.9906,0.156813
opt-gd,cold,4,1965,36.3493,0.156813
opt-gd,cold,4,1981,36.6456,0.154429
opt-gd,cold,4,1982,36.6652,0.154429
opt-gd,cold,4,1991,36.8330,0.154429
opt-gd,cold,4,1998,36.9609,0.154429
none,classical-kmeans,0,0,0.0000,0.050631
scipy-lbfgsb,classical-kmeans,0,0,0.0000,0.050631
scipy-lbfgsb,classical-kmeans,0,15,0.2639,0.050631
scipy-lbfgsb,classical-kmeans,0,17,0.2992,0.050629
scipy-lbfgsb,classical-kmeans,0,19,0.3311,0.050628
scipy-lbfgsb,classical-kmeans,0,122,2.0619,0.041024
scipy-lbfgsb,classical-kmeans,0,136,2.3166,0.041024
scipy-lbfgsb,classical-kmeans,0,138,2.3525,0.041023
scipy-lbfgsb,classical-kmeans,0,140,2.3879,0.041023
scipy-lbfgsb,classical-kmeans,0,144,2.4612,0.041012
scipy-lbfgsb,classical-kmeans,0,243,4.1939,0.040086
scipy-lbfgsb,classical-kmeans,0,257,4.4292,0.040086
scipy-lbfgsb,classical-kmeans,0,259,4.4616,0.040085
scipy-lbfgsb,classical-kmeans,0,261,4.4943,0.040084
scipy-lbfgsb,classical-kmeans,0,297,5.0860,0.040084
scipy-lbfgsb,classical-kmeans,0,364,6.1843,0.039428
scipy-lbfgsb,classical-kmeans,0,375,6.3686,0.039428
scipy-lbfgsb,classical-kmeans,0,376,6.3848,0.039428
scipy-lbfgsb,classical-kmeans,0,378,6.4171,0.039428
scipy-lbfgsb,classical-kmeans,0,380,6.4494,0.039427
scipy-lbfgsb,classical-kmeans,0,382,6.4876,0.039426
scipy-lbfgsb,classical-kmeans,0,386,6.5735,0.039416
scipy-lbfgsb,classical-kmeans,0,485,8.2159,0.038803
scipy-lbfgsb,classical-kmeans,0,496,8.3965,0.038803
scipy-lbfgsb,classical-kmeans,0,497,8.4127,0.038803
scipy-lbfgsb,classical-kmeans,0,499,8.4452,0.038803
scipy-lbfgsb,classical-kmeans,0,501,8.4770,0.038802
scipy-lbfgsb,classical-kmeans,0,503,8.5093,0.038802
scipy-lbfgsb,classical-kmeans,0,606,10.2202,0.037708
scipy-lbfgsb,classical-kmeans,0,620,10.4542,0.037708
scipy-lbfgsb,classical-kmeans,0,622,10.4862,0.037707
scipy-lbfgsb,classical-kmeans,0,624,10.5182,0.037707
scipy-lbfgsb,classical-kmeans,0,660,11.1074,0.037707
scipy-lbfgsb,classical-kmeans,0,708,11.9247,0.037707
scipy-lbfgsb,classical-kmeans,0,727,12.2522,0.030947
scipy-lbfgsb,classical-kmeans,0,738,12.4363,0.030947
scipy-lbfgsb,classical-kmeans,0,739,12.4535,0.030947
scipy-lbfgsb,classical-kmeans,0,741,12.4887,0.030947
scipy-lbfgsb,classical-kmeans,0,743,12.5223,0.030947
scipy-lbfgsb,classical-kmeans,0,745,12.5557,0.030947
scipy-lbfgsb,classical-kmeans,0,781,13.1663,0.030946
scipy-lbfgsb,classical-kmeans,0,848,14.3244,0.026321
scipy-lbfgsb,classical-kmeans,0,859,14.5211,0.026321
scipy-lbfgsb,classical-kmeans,0,860,14.5384,0.026321
scipy-lbfgsb,classical-kmeans,0,862,14.5728,0.026321
scipy-lbfgsb,classical-kmeans,0,864,14.6074,0.026321
scipy-lbfgsb,classical-kmeans,0,866,14.6416,0.026321
scipy-lbfgsb,classical-kmeans,0,869,14.6934,0.026321
scipy-lbfgsb,classical-kmeans,0,870,14.7109,0.026319
scipy-lbfgsb,classical-kmeans,0,969,16.4993,0.022546
scipy-lbfgsb,classical-kmeans,0,980,16.7040,0.022546
scipy-lbfgsb,classical-kmeans,0,981,16.7232,0.022546
scipy-lbfgsb,classical-kmeans,0,982,16.7413,0.022546
scipy-lbfgsb,classical-kmeans,0,984,16.7804,0.022546
scipy-lbfgsb,classical-kmeans,0,985,16.7999,0.022546
scipy-lbfgsb,classical-kmeans,0,1023,17.5345,0.022546
scipy-lbfgsb,classical-kmeans,0,1090,18.8000,0.021875
scipy-lbfgsb,classical-kmeans,0,1101,19.0111,0.021875
scipy-lbfgsb,classical-kmeans,0,1102,19.0285,0.021875
scipy-lbfgsb,classical-kmeans,0,1103,19.0458,0.021875
scipy-lbfgsb,classical-kmeans,0,1105,19.0821,0.021875
scipy-lbfgsb,classical-kmeans,0,1107,19.1175,0.021875
scipy-lbfgsb,classical-kmeans,0,1144,19.7807,0.021874
scipy-lbfgsb,classical-kmeans,0,1211,20.9490,0.020043
scipy-lbfgsb,classical-kmeans,0,1222,21.1320,0.020043
scipy-lbfgsb,classical-kmeans,0,1223,21.1493,0.020043
scipy-lbfgsb,classical-kmeans,0,1224,21.1662,0.020043
scipy-lbfgsb,classical-kmeans,0,1226,21.1996,0.020043
scipy-lbfgsb,classical-kmeans,0,1228,21.2352,0.020043
scipy-lbfgsb,classical-kmeans,0,1265,21.8549,0.020042
scipy-lbfgsb,classical-kmeans,0,1313,22.6744,0.020042
scipy-lbfgsb,classical-kmeans,0,1332,22.9918,0.016591
scipy-lbfgsb,classical-kmeans,0,1343,23.1774,0.016591
scipy-lbfgsb,classical-kmeans,0,1344,23.1936,0.016591
scipy-lbfgsb,classical-kmeans,0,1345,23.2101,0.016591
scipy-lbfgsb,classical-kmeans,0,1347,23.2443,0.016591
scipy-lbfgsb,classical-kmeans,0,1349,23.2777,0.016591
scipy-lbfgsb,classical-kmeans,0,1353,23.3464,0.016591
scipy-lbfgsb,classical-kmeans,0,1354,23.3639,0.016588
scipy-lbfgsb,classical-kmeans,0,1400,24.1456,0.016586
scipy-lbfgsb,classical-kmeans,0,1402,24.1793,0.016583
scipy-lbfgsb,classical-kmeans,0,1574,27.0333,0.016256
scipy-lbfgsb,classical-kmeans,0,1585,27.2106,0.016256
scipy-lbfgsb,classical-kmeans,0,1586,27.2273,0.016256
scipy-lbfgsb,classical-kmeans,0,1587,27.2435,0.016256
scipy-lbfgsb,classical-kmeans,0,1589,27.2763,0.016256
scipy-lbfgsb,classical-kmeans,0,1591,27.3097,0.016256
scipy-lbfgsb,classical-kmeans,0,1595,27.3756,0.016255
scipy-lbfgsb,classical-kmeans,0,1596,27.3916,0.016253
scipy-lbfgsb,classical-kmeans,0,1642,28.1581,0.016252
scipy-lbfgsb,classical-kmeans,0,1644,28.1909,0.016251
scipy-lbfgsb,classical-kmeans,0,1816,31.0916,0.016230
scipy-lbfgsb,classical-kmeans,0,1827,31.2767,0.016230
scipy-lbfgsb,classical-kmeans,0,1828,31.2937,0.016230
scipy-lbfgsb,classical-kmeans,0,1829,31.3103,0.016230
scipy-lbfgsb,classical-kmeans,0,1831,31.3424,0.016230
scipy-lbfgsb,classical-kmeans,0,1833,31.3745,0.016230
scipy-lbfgsb,classical-kmeans,0,1837,31.4397,0.016229
scipy-lbfgsb,classical-kmeans,0,1838,31.4552,0.016227
scipy-powell,classical-kmeans,0,0,0.0000,0.050631
scipy-powell,classical-kmeans,0,320,5.1167,0.050305
scipy-powell,classical-kmeans,0,324,5.1797,0.050294
scipy-powell,classical-kmeans,0,328,5.2411,0.050294
scipy-powell,classical-kmeans,0,330,5.2727,0.050294
scipy-powell,classical-kmeans,0,331,5.2882,0.050294
scipy-powell,classical-kmeans,0,332,5.3055,0.050294
scipy-powell,classical-kmeans,0,343,5.4999,0.050291
scipy-powell,classical-kmeans,0,347,5.5624,0.050291
scipy-powell,classical-kmeans,0,349,5.5939,0.050291
scipy-powell,classical-kmeans,0,350,5.6100,0.050291
scipy-powell,classical-kmeans,0,351,5.6260,0.050291
scipy-powell,classical-kmeans,0,352,5.6419,0.050291
scipy-powell,classical-kmeans,0,353,5.6576,0.050291
scipy-powell,classical-kmeans,0,354,5.6728,0.050291
scipy-powell,classical-kmeans,0,355,5.6891,0.050291
scipy-powell,classical-kmeans,0,368,5.8982,0.033518
scipy-powell,classical-kmeans,0,370,5.9309,0.031026
scipy-powell,classical-kmeans,0,371,5.9471,0.030837
scipy-powell,classical-kmeans,0,374,5.9934,0.030836
scipy-powell,classical-kmeans,0,376,6.0244,0.030836
scipy-powell,classical-kmeans,0,377,6.0408,0.030836
scipy-powell,classical-kmeans,0,378,6.0570,0.030836
scipy-powell,classical-kmeans,0,379,6.0729,0.030836
scipy-powell,classical-kmeans,0,380,6.0884,0.030836
scipy-powell,classical-kmeans,0,381,6.1037,0.030836
scipy-powell,classical-kmeans,0,382,6.1187,0.030836
scipy-powell,classical-kmeans,0,388,6.2134,0.030825
scipy-powell,classical-kmeans,0,389,6.2287,0.030825
scipy-powell,classical-kmeans,0,391,6.2602,0.030825
scipy-powell,classical-kmeans,0,392,6.2755,0.030825
scipy-powell,classical-kmeans,0,394,6.3061,0.030825
scipy-powell,classical-kmeans,0,396,6.3377,0.030825
scipy-powell,classical-kmeans,0,397,6.3539,0.030825
scipy-powell,classical-kmeans,0,398,6.3706,0.030825
scipy-powell,classical-kmeans,0,399,6.3866,0.030825
scipy-powell,classical-kmeans,0,414,6.6286,0.030823
scipy-powell,classical-kmeans,0,418,6.6943,0.030823
scipy-powell,classical-kmeans,0,420,6.7266,0.030823
scipy-powell,classical-kmeans,0,421,6.7428,0.030823
scipy-powell,classical-kmeans,0,422,6.7590,0.030823
scipy-powell,classical-kmeans,0,423,6.7752,0.030823
scipy-powell,classical-kmeans,0,424,6.7917,0.030823
scipy-powell,classical-kmeans,0,429,6.8728,0.030823
scipy-powell,classical-kmeans,0,435,6.9737,0.030823
scipy-powell,classical-kmeans,0,440,7.0536,0.030823
scipy-powell,classical-kmeans,0,442,7.0849,0.030823
scipy-powell,classical-kmeans,0,443,7.1007,0.030823
scipy-powell,classical-kmeans,0,445,7.1323,0.030823
scipy-powell,classical-kmeans,0,446,7.1478,0.030823
scipy-powell,classical-kmeans,0,456,7.3104,0.030823
scipy-powell,classical-kmeans,0,459,7.3577,0.030728
scipy-powell,classical-kmeans,0,461,7.3904,0.030686
scipy-powell,classical-kmeans,0,463,7.4222,0.030683
scipy-powell,classical-kmeans,0,464,7.4380,0.030683
scipy-powell,classical-kmeans,0,465,7.4539,0.030683
scipy-powell,classical-kmeans,0,466,7.4700,0.030683
scipy-powell,classical-kmeans,0,467,7.4859,0.030683
scipy-powell,classical-kmeans,0,472,7.5667,0.030657
scipy-powell,classical-kmeans,0,476,7.6309,0.030656
scipy-powell,classical-kmeans,0,477,7.6467,0.030656
scipy-powell,classical-kmeans,0,478,7.6627,0.030656
scipy-powell,classical-kmeans,0,479,7.6797,0.030656
scipy-powell,classical-kmeans,0,480,7.6973,0.030656
scipy-powell,classical-kmeans,0,491,7.8751,0.030656
scipy-powell,classical-kmeans,0,492,7.8915,0.030656
scipy-powell,classical-kmeans,0,493,7.9080,0.030656
scipy-powell,classical-kmeans,0,494,7.9259,0.030656
scipy-powell,classical-kmeans,0,497,7.9837,0.030656
scipy-powell,classical-kmeans,0,501,8.0606,0.030655
scipy-powell,classical-kmeans,0,502,8.0793,0.030655
scipy-powell,classical-kmeans,0,503,8.0990,0.030655
scipy-powell,classical-kmeans,0,504,8.1180,0.030655
scipy-powell,classical-kmeans,0,505,8.1367,0.030655
scipy-powell,classical-kmeans,0,506,8.1554,0.030655
scipy-powell,classical-kmeans,0,509,8.2154,0.030655
scipy-powell,classical-kmeans,0,514,8.3141,0.030655
scipy-powell,classical-kmeans,0,515,8.3337,0.030654
scipy-powell,classical-kmeans,0,516,8.3536,0.030654
scipy-powell,classical-kmeans,0,517,8.3736,0.030654
scipy-powell,classical-kmeans,0,518,8.3937,0.030654
scipy-powell,classical-kmeans,0,519,8.4141,0.030654
scipy-powell,classical-kmeans,0,526,8.5478,0.030654
scipy-powell,classical-kmeans,0,530,8.6110,0.030653
scipy-powell,classical-kmeans,0,531,8.6273,0.030653
scipy-powell,classical-kmeans,0,532,8.6439,0.030653
scipy-powell,classical-kmeans,0,533,8.6601,0.030653
scipy-powell,classical-kmeans,0,534,8.6760,0.030653
scipy-powell,classical-kmeans,0,536,8.7076,0.030653
scipy-powell,classical-kmeans,0,556,9.0384,0.030653
scipy-powell,classical-kmeans,0,557,9.0547,0.030653
scipy-powell,classical-kmeans,0,558,9.0704,0.030653
scipy-powell,classical-kmeans,0,570,9.2646,0.030653
scipy-powell,classical-kmeans,0,571,9.2809,0.030653
scipy-powell,classical-kmeans,0,584,9.4959,0.030653
scipy-powell,classical-kmeans,0,595,9.6769,0.030653
scipy-powell,classical-kmeans,0,596,9.6929,0.030653
scipy-powell,classical-kmeans,0,597,9.7097,0.030653
scipy-powell,classical-kmeans,0,621,10.1041,0.030653
scipy-powell,classical-kmeans,0,640,10.4196,0.030644
scipy-powell,classical-kmeans,0,641,10.4358,0.030573
scipy-powell,classical-kmeans,0,642,10.4524,0.030533
scipy-powell,classical-kmeans,0,643,10.4694,0.030511
scipy-powell,classical-kmeans,0,644,10.4849,0.030497
scipy-powell,classical-kmeans,0,645,10.5016,0.030489
scipy-powell,classical-kmeans,0,646,10.5176,0.030485
scipy-powell,classical-kmeans,0,647,10.5336,0.030482
scipy-powell,classical-kmeans,0,648,10.5497,0.030480
scipy-powell,classical-kmeans,0,649,10.5659,0.030479
scipy-powell,classical-kmeans,0,650,10.5814,0.030478
scipy-powell,classical-kmeans,0,651,10.5975,0.030478
scipy-powell,classical-kmeans,0,652,10.6151,0.030477
scipy-powell,classical-kmeans,0,653,10.6317,0.030477
scipy-powell,classical-kmeans,0,654,10.6487,0.030477
scipy-powell,classical-kmeans,0,655,10.6651,0.030477
scipy-powell,classical-kmeans,0,656,10.6811,0.030477
scipy-powell,classical-kmeans,0,657,10.6973,0.030477
scipy-powell,classical-kmeans,0,658,10.7138,0.030477
scipy-powell,classical-kmeans,0,659,10.7295,0.030477
scipy-powell,classical-kmeans,0,660,10.7456,0.030477
scipy-powell,classical-kmeans,0,661,10.7611,0.030477
scipy-powell,classical-kmeans,0,662,10.7773,0.030477
scipy-powell,classical-kmeans,0,663,10.7931,0.030477
scipy-powell,classical-kmeans,0,664,10.8091,0.030477
scipy-powell,classical-kmeans,0,665,10.8248,0.030477
scipy-powell,classical-kmeans,0,666,10.8410,0.030477
scipy-powell,classical-kmeans,0,667,10.8582,0.030477
scipy-powell,classical-kmeans,0,668,10.8756,0.030477
scipy-powell,classical-kmeans,0,669,10.8918,0.030477
scipy-powell,classical-kmeans,0,670,10.9086,0.030477
scipy-powell,classical-kmeans,0,679,11.0577,0.030377
scipy-powell,classical-kmeans,0,682,11.1061,0.030333
scipy-powell,classical-kmeans,0,684,11.1382,0.030301
scipy-powell,classical-kmeans,0,685,11.1549,0.030300
scipy-powell,classical-kmeans,0,686,11.1722,0.030300
scipy-powell,classical-kmeans,0,687,11.1882,0.030300
scipy-powell,classical-kmeans,0,688,11.2041,0.030300
scipy-powell,classical-kmeans,0,689,11.2195,0.030300
scipy-powell,classical-kmeans,0,695,11.3163,0.030300
scipy-powell,classical-kmeans,0,696,11.3324,0.030300
scipy-powell,classical-kmeans,0,697,11.3487,0.030300
scipy-powell,classical-kmeans,0,698,11.3649,0.030300
scipy-powell,classical-kmeans,0,699,11.3812,0.030300
scipy-powell,classical-kmeans,0,700,11.3970,0.030300
scipy-powell,classical-kmeans,0,701,11.4139,0.030300
scipy-powell,classical-kmeans,0,725,11.8007,0.030299
scipy-powell,classical-kmeans,0,726,11.8168,0.030299
scipy-powell,classical-kmeans,0,727,11.8327,0.030299
scipy-powell,classical-kmeans,0,728,11.8480,0.030299
scipy-powell,classical-kmeans,0,729,11.8634,0.030299
scipy-powell,classical-kmeans,0,730,11.8791,0.030299
scipy-powell,classical-kmeans,0,738,12.0044,0.030295
scipy-powell,classical-kmeans,0,739,12.0199,0.030294
scipy-powell,classical-kmeans,0,740,12.0356,0.030294
scipy-powell,classical-kmeans,0,741,12.0518,0.030294
scipy-powell,classical-kmeans,0,742,12.0673,0.030294
scipy-powell,classical-kmeans,0,756,12.2880,0.030293
scipy-powell,classical-kmeans,0,758,12.3208,0.030291
scipy-powell,classical-kmeans,0,759,12.3368,0.030287
scipy-powell,classical-kmeans,0,760,12.3533,0.030287
scipy-powell,classical-kmeans,0,761,12.3692,0.030287
scipy-powell,classical-kmeans,0,762,12.3858,0.030287
scipy-powell,classical-kmeans,0,763,12.4012,0.030287
scipy-powell,classical-kmeans,0,764,12.4170,0.030287
scipy-powell,classical-kmeans,0,765,12.4330,0.030287
scipy-powell,classical-kmeans,0,766,12.4481,0.030287
scipy-powell,classical-kmeans,0,775,12.5914,0.030285
scipy-powell,classical-kmeans,0,776,12.6070,0.030282
scipy-powell,classical-kmeans,0,777,12.6228,0.030282
scipy-powell,classical-kmeans,0,778,12.6379,0.030282
scipy-powell,classical-kmeans,0,779,12.6540,0.030282
scipy-powell,classical-kmeans,0,793,12.8742,0.030281
scipy-powell,classical-kmeans,0,796,12.9202,0.030279
scipy-powell,classical-kmeans,0,797,12.9355,0.030279
scipy-powell,classical-kmeans,0,798,12.9508,0.030279
scipy-powell,classical-kmeans,0,799,12.9663,0.030279
scipy-powell,classical-kmeans,0,800,12.9822,0.030279
scipy-powell,classical-kmeans,0,801,12.9976,0.030279
scipy-powell,classical-kmeans,0,803,13.0283,0.030279
scipy-powell,classical-kmeans,0,808,13.1073,0.030279
scipy-powell,classical-kmeans,0,818,13.2644,0.030279
scipy-powell,classical-kmeans,0,819,13.2796,0.030279
scipy-powell,classical-kmeans,0,820,13.2951,0.030279
scipy-powell,classical-kmeans,0,836,13.5447,0.030279
scipy-powell,classical-kmeans,0,837,13.5602,0.030279
scipy-powell,classical-kmeans,0,838,13.5754,0.030279
scipy-powell,classical-kmeans,0,854,13.8231,0.030278
scipy-powell,classical-kmeans,0,855,13.8393,0.030278
scipy-powell,classical-kmeans,0,856,13.8547,0.030278
scipy-powell,classical-kmeans,0,857,13.8701,0.030278
scipy-powell,classical-kmeans,0,858,13.8857,0.030278
scipy-powell,classical-kmeans,0,859,13.9011,0.030278
scipy-powell,classical-kmeans,0,860,13.9168,0.030278
scipy-powell,classical-kmeans,0,871,14.0995,0.030278
scipy-powell,classical-kmeans,0,873,14.1330,0.030278
scipy-powell,classical-kmeans,0,874,14.1497,0.030278
scipy-powell,classical-kmeans,0,875,14.1667,0.030278
scipy-powell,classical-kmeans,0,876,14.1838,0.030278
scipy-powell,classical-kmeans,0,877,14.2008,0.030278
scipy-powell,classical-kmeans,0,878,14.2172,0.030278
scipy-powell,classical-kmeans,0,886,14.3463,0.030222
scipy-powell,classical-kmeans,0,887,14.3637,0.030084
scipy-powell,classical-kmeans,0,888,14.3805,0.029997
scipy-powell,classical-kmeans,0,889,14.3979,0.029942
scipy-powell,classical-kmeans,0,890,14.4137,0.029909
scipy-powell,classical-kmeans,0,891,14.4291,0.029888
scipy-powell,classical-kmeans,0,892,14.4451,0.029875
scipy-powell,classical-kmeans,0,893,14.4616,0.029867
scipy-powell,classical-kmeans,0,894,14.4787,0.029862
scipy-powell,classical-kmeans,0,895,14.4954,0.029859
scipy-powell,classical-kmeans,0,896,14.5117,0.029857
scipy-powell,classical-kmeans,0,897,14.5274,0.029856
scipy-powell,classical-kmeans,0,898,14.5438,0.029855
scipy-powell,classical-kmeans,0,899,14.5598,0.029855
scipy-powell,classical-kmeans,0,900,14.5762,0.029854
scipy-powell,classical-kmeans,0,901,14.5914,0.029854
scipy-powell,classical-kmeans,0,902,14.6070,0.029854
scipy-powell,classical-kmeans,0,903,14.6232,0.029854
scipy-powell,classical-kmeans,0,904,14.6386,0.029854
scipy-powell,classical-kmeans,0,905,14.6544,0.029854
scipy-powell,classical-kmeans,0,906,14.6706,0.029854
scipy-powell,classical-kmeans,0,907,14.6874,0.029854
scipy-powell,classical-kmeans,0,908,14.7035,0.029854
scipy-powell,classical-kmeans,0,909,14.7191,0.029854
scipy-powell,classical-kmeans,0,910,14.7366,0.029854
scipy-powell,classical-kmeans,0,911,14.7530,0.029854
scipy-powell,classical-kmeans,0,912,14.7696,0.029854
scipy-powell,classical-kmeans,0,913,14.7870,0.029854
scipy-powell,classical-kmeans,0,914,14.8042,0.029854
scipy-powell,classical-kmeans,0,915,14.8207,0.029854
scipy-powell,classical-kmeans,0,916,14.8372,0.029854
scipy-powell,classical-kmeans,0,917,14.8529,0.029854
scipy-powell,classical-kmeans,0,918,14.8697,0.029854
scipy-powell,classical-kmeans,0,919,14.8860,0.029854
scipy-powell,classical-kmeans,0,920,14.9035,0.029854
scipy-powell,classical-kmeans,0,923,14.9532,0.028891
scipy-powell,classical-kmeans,0,924,14.9696,0.027707
scipy-powell,classical-kmeans,0,930,15.0700,0.027707
scipy-powell,classical-kmeans,0,932,15.1034,0.027706
scipy-powell,classical-kmeans,0,933,15.1207,0.027706
scipy-powell,classical-kmeans,0,934,15.1374,0.027706
scipy-powell,classical-kmeans,0,936,15.1723,0.027706
scipy-powell,classical-kmeans,0,937,15.1894,0.027706
scipy-powell,classical-kmeans,0,938,15.2054,0.027706
scipy-powell,classical-kmeans,0,944,15.3023,0.027706
scipy-powell,classical-kmeans,0,945,15.3183,0.027705
scipy-powell,classical-kmeans,0,946,15.3346,0.027704
scipy-powell,classical-kmeans,0,947,15.3513,0.027704
scipy-powell,classical-kmeans,0,948,15.3670,0.027704
scipy-powell,classical-kmeans,0,956,15.4986,0.027704
scipy-powell,classical-kmeans,0,961,15.5808,0.027702
scipy-powell,classical-kmeans,0,964,15.6304,0.027701
scipy-powell,classical-kmeans,0,965,15.6470,0.027701
scipy-powell,classical-kmeans,0,966,15.6630,0.027701
scipy-powell,classical-kmeans,0,967,15.6788,0.027701
scipy-powell,classical-kmeans,0,968,15.6951,0.027701
scipy-powell,classical-kmeans,0,969,15.7113,0.027701
scipy-powell,classical-kmeans,0,971,15.7439,0.027701
scipy-powell,classical-kmeans,0,980,15.8918,0.027698
scipy-powell,classical-kmeans,0,981,15.9082,0.027698
scipy-powell,classical-kmeans,0,982,15.9241,0.027697
scipy-powell,classical-kmeans,0,983,15.9400,0.027697
scipy-powell,classical-kmeans,0,984,15.9559,0.027697
scipy-powell,classical-kmeans,0,985,15.9730,0.027697
scipy-powell,classical-kmeans,0,987,16.0065,0.027697
scipy-powell,classical-kmeans,0,992,16.0870,0.027692
scipy-powell,classical-kmeans,0,995,16.1363,0.027691
scipy-powell,classical-kmeans,0,996,16.1523,0.027691
scipy-powell,classical-kmeans,0,997,16.1684,0.027691
scipy-powell,classical-kmeans,0,998,16.1861,0.027691
scipy-powell,classical-kmeans,0,999,16.2030,0.027691
scipy-powell,classical-kmeans,0,1000,16.2201,0.027691
scipy-powell,classical-kmeans,0,1013,16.4327,0.027689
scipy-powell,classical-kmeans,0,1014,16.4486,0.027686
scipy-powell,classical-kmeans,0,1015,16.4639,0.027685
scipy-powell,classical-kmeans,0,1016,16.4795,0.027685
scipy-powell,classical-kmeans,0,1017,16.4970,0.027685
scipy-powell,classical-kmeans,0,1018,16.5123,0.027685
scipy-powell,classical-kmeans,0,1026,16.6406,0.027680
scipy-powell,classical-kmeans,0,1029,16.6869,0.027677
scipy-powell,classical-kmeans,0,1030,16.7024,0.027677
scipy-powell,classical-kmeans,0,1032,16.7342,0.027677
scipy-powell,classical-kmeans,0,1033,16.7518,0.027677
scipy-powell,classical-kmeans,0,1054,17.0946,0.027677
scipy-powell,classical-kmeans,0,1055,17.1101,0.027677
scipy-powell,classical-kmeans,0,1056,17.1262,0.027677
scipy-powell,classical-kmeans,0,1057,17.1417,0.027677
scipy-powell,classical-kmeans,0,1058,17.1577,0.027677
scipy-powell,classical-kmeans,0,1059,17.1738,0.027677
scipy-powell,classical-kmeans,0,1073,17.4018,0.027677
scipy-powell,classical-kmeans,0,1075,17.4339,0.027677
scipy-powell,classical-kmeans,0,1077,17.4682,0.027677
scipy-powell,classical-kmeans,0,1079,17.4997,0.027677
scipy-powell,classical-kmeans,0,1088,17.6442,0.027611
scipy-powell,classical-kmeans,0,1089,17.6601,0.027524
scipy-powell,classical-kmeans,0,1090,17.6757,0.027471
scipy-powell,classical-kmeans,0,1091,17.6914,0.027439
scipy-powell,classical-kmeans,0,1092,17.7074,0.027419
scipy-powell,classical-kmeans,0,1093,17.7230,0.027406
scipy-powell,classical-kmeans,0,1094,17.7400,0.027399
scipy-powell,classical-kmeans,0,1095,17.7564,0.027394
scipy-powell,classical-kmeans,0,1096,17.7726,0.027391
scipy-powell,classical-kmeans,0,1097,17.7888,0.027390
scipy-powell,classical-kmeans,0,1098,17.8047,0.027388
scipy-powell,classical-kmeans,0,1099,17.8206,0.027388
scipy-powell,classical-kmeans,0,1100,17.8367,0.027387
scipy-powell,classical-kmeans,0,1101,17.8527,0.027387
scipy-powell,classical-kmeans,0,1102,17.8701,0.027387
scipy-powell,classical-kmeans,0,1103,17.8875,0.027387
scipy-powell,classical-kmeans,0,1104,17.9049,0.027387
scipy-powell,classical-kmeans,0,1105,17.9223,0.027387
scipy-powell,classical-kmeans,0,1106,17.9389,0.027387
scipy-powell,classical-kmeans,0,1107,17.9550,0.027387
scipy-powell,classical-kmeans,0,1108,17.9712,0.027387
scipy-powell,classical-kmeans,0,1109,17.9876,0.027387
scipy-powell,classical-kmeans,0,1110,18.0036,0.027387
scipy-powell,classical-kmeans,0,1111,18.0195,0.027387
scipy-powell,classical-kmeans,0,1112,18.0353,0.027387
scipy-powell,classical-kmeans,0,1113,18.0518,0.027387
scipy-powell,classical-kmeans,0,1114,18.0686,0.027387
scipy-powell,classical-kmeans,0,1115,18.0844,0.027387
scipy-powell,classical-kmeans,0,1116,18.1011,0.027387
scipy-powell,classical-kmeans,0,1117,18.1168,0.027387
scipy-powell,classical-kmeans,0,1118,18.1330,0.027387
scipy-powell,classical-kmeans,0,1119,18.1497,0.027387
scipy-powell,classical-kmeans,0,1120,18.1666,0.027387
scipy-powell,classical-kmeans,0,1121,18.1843,0.027387
scipy-powell,classical-kmeans,0,1124,18.2389,0.027274
scipy-powell,classical-kmeans,0,1125,18.2567,0.026750
scipy-powell,classical-kmeans,0,1129,18.3264,0.026749
scipy-powell,classical-kmeans,0,1133,18.3902,0.026749
scipy-powell,classical-kmeans,0,1134,18.4060,0.026749
scipy-powell,classical-kmeans,0,1135,18.4225,0.026749
scipy-powell,classical-kmeans,0,1136,18.4403,0.026749
scipy-powell,classical-kmeans,0,1138,18.4739,0.026749
scipy-powell,classical-kmeans,0,1151,18.6906,0.026684
scipy-powell,classical-kmeans,0,1152,18.7071,0.026625
scipy-powell,classical-kmeans,0,1153,18.7234,0.026588
scipy-powell,classical-kmeans,0,1154,18.7398,0.026566
scipy-powell,classical-kmeans,0,1155,18.7559,0.026552
scipy-powell,classical-kmeans,0,1156,18.7719,0.026544
scipy-powell,classical-kmeans,0,1157,18.7882,0.026539
scipy-powell,classical-kmeans,0,1158,18.8043,0.026536
scipy-powell,classical-kmeans,0,1159,18.8204,0.026534
scipy-powell,classical-kmeans,0,1160,18.8367,0.026532
scipy-powell,classical-kmeans,0,1161,18.8528,0.026532
scipy-powell,classical-kmeans,0,1162,18.8706,0.026531
scipy-powell,classical-kmeans,0,1163,18.8878,0.026531
scipy-powell,classical-kmeans,0,1164,18.9043,0.026531
scipy-powell,classical-kmeans,0,1165,18.9209,0.026531
scipy-powell,classical-kmeans,0,1166,18.9380,0.026531
scipy-powell,classical-kmeans,0,1167,18.9547,0.026530
scipy-powell,classical-kmeans,0,1168,18.9709,0.026530
scipy-powell,classical-kmeans,0,1169,18.9886,0.026530
scipy-powell,classical-kmeans,0,1170,19.0069,0.026530
scipy-powell,classical-kmeans,0,1171,19.0241,0.026530
scipy-powell,classical-kmeans,0,1172,19.0415,0.026530
scipy-powell,classical-kmeans,0,1173,19.0584,0.026530
scipy-powell,classical-kmeans,0,1174,19.0743,0.026530
scipy-powell,classical-kmeans,0,1175,19.0920,0.026530
scipy-powell,classical-kmeans,0,1176,19.1082,0.026530
scipy-powell,classical-kmeans,0,1177,19.1262,0.026530
scipy-powell,classical-kmeans,0,1178,19.1429,0.026530
scipy-powell,classical-kmeans,0,1179,19.1597,0.026530
scipy-powell,classical-kmeans,0,1180,19.1778,0.026530
scipy-powell,classical-kmeans,0,1181,19.1952,0.026530
scipy-powell,classical-kmeans,0,1182,19.2137,0.026530
scipy-powell,classical-kmeans,0,1183,19.2310,0.026530
scipy-powell,classical-kmeans,0,1187,19.2973,0.025665
scipy-powell,classical-kmeans,0,1188,19.3136,0.025664
scipy-powell,classical-kmeans,0,1189,19.3299,0.025662
scipy-powell,classical-kmeans,0,1191,19.3630,0.025662
scipy-powell,classical-kmeans,0,1192,19.3789,0.025661
scipy-powell,classical-kmeans,0,1194,19.4107,0.025661
scipy-powell,classical-kmeans,0,1196,19.4453,0.025661
scipy-powell,classical-kmeans,0,1197,19.4618,0.025661
scipy-powell,classical-kmeans,0,1198,19.4787,0.025661
scipy-powell,classical-kmeans,0,1199,19.4953,0.025661
scipy-powell,classical-kmeans,0,1200,19.5110,0.025661
scipy-powell,classical-kmeans,0,1202,19.5423,0.025661
scipy-powell,classical-kmeans,0,1206,19.6068,0.021566
scipy-powell,classical-kmeans,0,1207,19.6229,0.014447
scipy-powell,classical-kmeans,0,1209,19.6557,0.014111
scipy-powell,classical-kmeans,0,1211,19.6868,0.013962
scipy-powell,classical-kmeans,0,1213,19.7189,0.013943
scipy-powell,classical-kmeans,0,1214,19.7346,0.013943
scipy-powell,classical-kmeans,0,1215,19.7499,0.013943
scipy-powell,classical-kmeans,0,1216,19.7657,0.013943
scipy-powell,classical-kmeans,0,1217,19.7811,0.013943
scipy-powell,classical-kmeans,0,1218,19.7971,0.013943
scipy-powell,classical-kmeans,0,1221,19.8442,0.012792
scipy-powell,classical-kmeans,0,1223,19.8764,0.012765
scipy-powell,classical-kmeans,0,1225,19.9082,0.012765
scipy-powell,classical-kmeans,0,1226,19.9237,0.012764
scipy-powell,classical-kmeans,0,1228,19.9547,0.012764
scipy-powell,classical-kmeans,0,1229,19.9701,0.012764
scipy-powell,classical-kmeans,0,1230,19.9857,0.012764
scipy-powell,classical-kmeans,0,1231,20.0017,0.012764
scipy-powell,classical-kmeans,0,1232,20.0176,0.012764
scipy-powell,classical-kmeans,0,1237,20.0983,0.012430
scipy-powell,classical-kmeans,0,1239,20.1310,0.012392
scipy-powell,classical-kmeans,0,1240,20.1472,0.012378
scipy-powell,classical-kmeans,0,1241,20.1633,0.012373
scipy-powell,classical-kmeans,0,1246,20.2427,0.012372
scipy-powell,classical-kmeans,0,1248,20.2746,0.012372
scipy-powell,classical-kmeans,0,1249,20.2907,0.012372
scipy-powell,classical-kmeans,0,1250,20.3067,0.012372
scipy-powell,classical-kmeans,0,1251,20.3238,0.012372
scipy-powell,classical-kmeans,0,1252,20.3402,0.012372
scipy-powell,classical-kmeans,0,1253,20.3563,0.012372
scipy-powell,classical-kmeans,0,1306,21.2498,0.012277
scipy-powell,classical-kmeans,0,1307,21.2680,0.012177
scipy-powell,classical-kmeans,0,1308,21.2854,0.012143
scipy-powell,classical-kmeans,0,1311,21.3358,0.012134
scipy-powell,classical-kmeans,0,1312,21.3538,0.012130
scipy-powell,classical-kmeans,0,1317,21.4393,0.012130
scipy-powell,classical-kmeans,0,1319,21.4715,0.012130
scipy-powell,classical-kmeans,0,1320,21.4876,0.012130
scipy-powell,classical-kmeans,0,1321,21.5039,0.012130
scipy-powell,classical-kmeans,0,1323,21.5362,0.012130
scipy-powell,classical-kmeans,0,1336,21.7452,0.012129
scipy-powell,classical-kmeans,0,1338,21.7784,0.012129
scipy-powell,classical-kmeans,0,1339,21.7954,0.012129
scipy-powell,classical-kmeans,0,1340,21.8118,0.012129
scipy-powell,classical-kmeans,0,1341,21.8280,0.012129
scipy-powell,classical-kmeans,0,1342,21.8448,0.012129
scipy-powell,classical-kmeans,0,1343,21.8609,0.012129
scipy-powell,classical-kmeans,0,1345,21.8923,0.012129
scipy-powell,classical-kmeans,0,1346,21.9088,0.012129
scipy-powell,classical-kmeans,0,1347,21.9250,0.012129
scipy-powell,classical-kmeans,0,1370,22.2923,0.012129
scipy-powell,classical-kmeans,0,1371,22.3087,0.012129
scipy-powell,classical-kmeans,0,1372,22.3254,0.012129
scipy-powell,classical-kmeans,0,1373,22.3408,0.012129
scipy-powell,classical-kmeans,0,1376,22.3897,0.012129
scipy-powell,classical-kmeans,0,1402,22.8039,0.012129
scipy-powell,classical-kmeans,0,1403,22.8198,0.012129
scipy-powell,classical-kmeans,0,1427,23.2199,0.012099
scipy-powell,classical-kmeans,0,1428,23.2356,0.012008
scipy-powell,classical-kmeans,0,1429,23.2517,0.011951
scipy-powell,classical-kmeans,0,1430,23.2691,0.011916
scipy-powell,classical-kmeans,0,1431,23.2853,0.011894
scipy-powell,classical-kmeans,0,1432,23.3017,0.011880
scipy-powell,classical-kmeans,0,1433,23.3189,0.011872
scipy-powell,classical-kmeans,0,1434,23.3362,0.011867
scipy-powell,classical-kmeans,0,1435,23.3529,0.011864
scipy-powell,classical-kmeans,0,1436,23.3695,0.011862
scipy-powell,classical-kmeans,0,1437,23.3855,0.011861
scipy-powell,classical-kmeans,0,1438,23.4019,0.011860
scipy-powell,classical-kmeans,0,1439,23.4179,0.011859
scipy-powell,classical-kmeans,0,1440,23.4347,0.011859
scipy-powell,classical-kmeans,0,1441,23.4514,0.011859
scipy-powell,classical-kmeans,0,1442,23.4690,0.011859
scipy-powell,classical-kmeans,0,1443,23.4851,0.011859
scipy-powell,classical-kmeans,0,1444,23.5024,0.011859
scipy-powell,classical-kmeans,0,1445,23.5190,0.011859
scipy-powell,classical-kmeans,0,1446,23.5344,0.011859
scipy-powell,classical-kmeans,0,1447,23.5501,0.011859
scipy-powell,classical-kmeans,0,1448,23.5649,0.011859
scipy-powell,classical-kmeans,0,1449,23.5804,0.011859
scipy-powell,classical-kmeans,0,1450,23.5959,0.011859
scipy-powell,classical-kmeans,0,1451,23.6106,0.011859
scipy-powell,classical-kmeans,0,1452,23.6260,0.011859
scipy-powell,classical-kmeans,0,1453,23.6414,0.011859
scipy-powell,classical-kmeans,0,1454,23.6562,0.011859
scipy-powell,classical-kmeans,0,1455,23.6709,0.011859
scipy-powell,classical-kmeans,0,1456,23.6861,0.011859
scipy-powell,classical-kmeans,0,1457,23.7010,0.011859
scipy-powell,classical-kmeans,0,1458,23.7164,0.011859
scipy-powell,classical-kmeans,0,1459,23.7314,0.011859
scipy-powell,classical-kmeans,0,1460,23.7468,0.011859
scipy-powell,classical-kmeans,0,1461,23.7618,0.011859
scipy-powell,classical-kmeans,0,1462,23.7773,0.011859
scipy-powell,classical-kmeans,0,1463,23.7924,0.011859
scipy-powell,classical-kmeans,0,1469,23.8887,0.011566
scipy-powell,classical-kmeans,0,1470,23.9049,0.004716
scipy-powell,classical-kmeans,0,1471,23.9212,0.001810
scipy-powell,classical-kmeans,0,1478,24.0318,0.001810
scipy-powell,classical-kmeans,0,1479,24.0476,0.001810
scipy-powell,classical-kmeans,0,1481,24.0786,0.001810
scipy-powell,classical-kmeans,0,1482,24.0947,0.001810
scipy-powell,classical-kmeans,0,1483,24.1101,0.001810
scipy-powell,classical-kmeans,0,1484,24.1257,0.001810
scipy-powell,classical-kmeans,0,1485,24.1421,0.001810
scipy-powell,classical-kmeans,0,1486,24.1568,0.001810
scipy-powell,classical-kmeans,0,1487,24.1726,0.001810
scipy-powell,classical-kmeans,0,1503,24.4283,0.001810
scipy-powell,classical-kmeans,0,1504,24.4446,0.001810
scipy-powell,classical-kmeans,0,1505,24.4615,0.001810
scipy-powell,classical-kmeans,0,1542,25.0573,0.001810
scipy-powell,classical-kmeans,0,1560,25.3492,0.001809
scipy-powell,classical-kmeans,0,1561,25.3648,0.001809
scipy-powell,classical-kmeans,0,1562,25.3806,0.001809
scipy-powell,classical-kmeans,0,1563,25.3960,0.001809
scipy-powell,classical-kmeans,0,1564,25.4113,0.001809
scipy-powell,classical-kmeans,0,1565,25.4269,0.001809
scipy-powell,classical-kmeans,0,1571,25.5203,0.001808
scipy-powell,classical-kmeans,0,1572,25.5358,0.001806
scipy-powell,classical-kmeans,0,1573,25.5506,0.001806
scipy-powell,classical-kmeans,0,1574,25.5664,0.001806
scipy-powell,classical-kmeans,0,1575,25.5819,0.001806
scipy-powell,classical-kmeans,0,1576,25.5968,0.001806
scipy-powell,classical-kmeans,0,1577,25.6120,0.001806
scipy-powell,classical-kmeans,0,1586,25.7627,0.001790
scipy-powell,classical-kmeans,0,1587,25.7803,0.001785
scipy-powell,classical-kmeans,0,1588,25.7978,0.001783
scipy-powell,classical-kmeans,0,1589,25.8152,0.001783
scipy-powell,classical-kmeans,0,1590,25.8310,0.001783
scipy-powell,classical-kmeans,0,1591,25.8477,0.001783
scipy-powell,classical-kmeans,0,1592,25.8648,0.001783
scipy-powell,classical-kmeans,0,1596,25.9329,0.001763
scipy-powell,classical-kmeans,0,1598,25.9659,0.001758
scipy-powell,classical-kmeans,0,1599,25.9814,0.001753
scipy-powell,classical-kmeans,0,1600,25.9969,0.001753
scipy-powell,classical-kmeans,0,1602,26.0286,0.001753
scipy-powell,classical-kmeans,0,1603,26.0444,0.001753
scipy-powell,classical-kmeans,0,1612,26.1878,0.001680
scipy-powell,classical-kmeans,0,1613,26.2042,0.001637
scipy-powell,classical-kmeans,0,1614,26.2208,0.001614
scipy-powell,classical-kmeans,0,1615,26.2381,0.001602
scipy-powell,classical-kmeans,0,1616,26.2544,0.001595
scipy-powell,classical-kmeans,0,1617,26.2719,0.001591
scipy-powell,classical-kmeans,0,1618,26.2891,0.001589
scipy-powell,classical-kmeans,0,1619,26.3064,0.001587
scipy-powell,classical-kmeans,0,1620,26.3239,0.001586
scipy-powell,classical-kmeans,0,1621,26.3413,0.001586
scipy-powell,classical-kmeans,0,1622,26.3581,0.001585
scipy-powell,classical-kmeans,0,1623,26.3751,0.001585
scipy-powell,classical-kmeans,0,1624,26.3919,0.001585
scipy-powell,classical-kmeans,0,1625,26.4080,0.001585
scipy-powell,classical-kmeans,0,1626,26.4238,0.001585
scipy-powell,classical-kmeans,0,1627,26.4398,0.001585
scipy-powell,classical-kmeans,0,1628,26.4562,0.001585
scipy-powell,classical-kmeans,0,1629,26.4725,0.001585
scipy-powell,classical-kmeans,0,1630,26.4882,0.001585
scipy-powell,classical-kmeans,0,1631,26.5050,0.001585
scipy-powell,classical-kmeans,0,1632,26.5217,0.001585
scipy-powell,classical-kmeans,0,1633,26.5384,0.001585
scipy-powell,classical-kmeans,0,1634,26.5548,0.001585
scipy-powell,classical-kmeans,0,1635,26.5709,0.001585
scipy-powell,classical-kmeans,0,1636,26.5882,0.001585
scipy-powell,classical-kmeans,0,1637,26.6044,0.001585
scipy-powell,classical-kmeans,0,1638,26.6200,0.001585
scipy-powell,classical-kmeans,0,1639,26.6372,0.001585
scipy-powell,classical-kmeans,0,1640,26.6533,0.001585
scipy-powell,classical-kmeans,0,1641,26.6690,0.001585
scipy-powell,classical-kmeans,0,1642,26.6851,0.001585
scipy-powell,classical-kmeans,0,1643,26.7033,0.001585
scipy-powell,classical-kmeans,0,1644,26.7191,0.001585
scipy-powell,classical-kmeans,0,1645,26.7360,0.001585
scipy-powell,classical-kmeans,0,1646,26.7527,0.001585
scipy-powell,classical-kmeans,0,1647,26.7688,0.001585
scipy-powell,classical-kmeans,0,1648,26.7862,0.001488
scipy-powell,classical-kmeans,0,1650,26.8206,0.001480
scipy-powell,classical-kmeans,0,1651,26.8369,0.001466
scipy-powell,classical-kmeans,0,1652,26.8529,0.001466
scipy-powell,classical-kmeans,0,1653,26.8703,0.001465
scipy-powell,classical-kmeans,0,1654,26.8876,0.001464
scipy-powell,classical-kmeans,0,1656,26.9208,0.001464
scipy-powell,classical-kmeans,0,1657,26.9370,0.001464
scipy-powell,classical-kmeans,0,1658,26.9536,0.001464
scipy-powell,classical-kmeans,0,1659,26.9711,0.001464
scipy-powell,classical-kmeans,0,1668,27.1310,0.001464
scipy-powell,classical-kmeans,0,1669,27.1479,0.001464
scipy-powell,classical-kmeans,0,1680,27.3339,0.001464
scipy-powell,classical-kmeans,0,1681,27.3505,0.001464
scipy-powell,classical-kmeans,0,1691,27.5126,0.001464
scipy-powell,classical-kmeans,0,1692,27.5287,0.001464
scipy-powell,classical-kmeans,0,1693,27.5452,0.001464
scipy-powell,classical-kmeans,0,1704,27.7198,0.001464
scipy-powell,classical-kmeans,0,1705,27.7356,0.001464
scipy-powell,classical-kmeans,0,1706,27.7516,0.001464
scipy-powell,classical-kmeans,0,1712,27.8511,0.001463
scipy-powell,classical-kmeans,0,1713,27.8673,0.001463
scipy-powell,classical-kmeans,0,1714,27.8837,0.001463
scipy-powell,classical-kmeans,0,1715,27.8991,0.001463
scipy-powell,classical-kmeans,0,1716,27.9145,0.001463
scipy-powell,classical-kmeans,0,1717,27.9302,0.001463
scipy-powell,classical-kmeans,0,1727,28.0918,0.001462
scipy-powell,classical-kmeans,0,1731,28.1552,0.001462
scipy-powell,classical-kmeans,0,1732,28.1709,0.001462
scipy-powell,classical-kmeans,0,1733,28.1867,0.001462
scipy-powell,classical-kmeans,0,1734,28.2026,0.001462
scipy-powell,classical-kmeans,0,1735,28.2183,0.001462
scipy-powell,classical-kmeans,0,1736,28.2340,0.001462
scipy-powell,classical-kmeans,0,1737,28.2495,0.001462
scipy-powell,classical-kmeans,0,1988,32.4694,0.001462
scipy-powell,classical-kmeans,0,1989,32.4862,0.001462
scipy-powell,classical-kmeans,0,1990,32.5032,0.001462
scipy-powell,classical-kmeans,0,1991,32.5203,0.001462
scipy-de,classical-kmeans,0,0,0.0000,0.050631
opt-ga,classical-kmeans,0,0,0.0000,0.050631
opt-ga,classical-kmeans,0,779,10.7060,0.047104
opt-ga,classical-kmeans,0,814,11.2152,0.038377
opt-ga,classical-kmeans,0,857,11.8257,0.037512
opt-ga,classical-kmeans,0,902,12.4744,0.037225
opt-ga,classical-kmeans,0,927,12.8456,0.030503
opt-ga,classical-kmeans,0,1087,15.1288,0.027982
opt-ga,classical-kmeans,0,1263,17.5753,0.026573
opt-ga,classical-kmeans,0,1317,18.3417,0.024183
opt-ga,classical-kmeans,0,1341,18.6747,0.022257
opt-ga,classical-kmeans,0,1469,20.4683,0.019666
opt-ga,classical-kmeans,0,1668,23.1493,0.019179
opt-ga,classical-kmeans,0,1672,23.2024,0.018212
opt-ga,classical-kmeans,0,1705,23.6558,0.017128
opt-ga,classical-kmeans,0,1734,24.0589,0.013930
opt-ga,classical-kmeans,0,1836,25.4543,0.013686
opt-ga,classical-kmeans,0,1916,26.5598,0.013577
opt-ga,classical-kmeans,0,1942,26.9251,0.013176
opt-pso,classical-kmeans,0,0,0.0000,0.050631
opt-aco,classical-kmeans,0,0,0.0000,0.050631
opt-aco,classical-kmeans,0,231,3.1666,0.033115
opt-aco,classical-kmeans,0,781,10.6313,0.023052
opt-aco,classical-kmeans,0,786,10.6982,0.022927
opt-aco,classical-kmeans,0,899,12.2211,0.019038
opt-aco,classical-kmeans,0,1000,13.6179,0.017954
opt-aco,classical-kmeans,0,1032,14.0605,0.014044
opt-aco,classical-kmeans,0,1191,16.3350,0.013503
opt-aco,classical-kmeans,0,1275,17.5499,0.012640
opt-aco,classical-kmeans,0,1279,17.6026,0.011061
opt-aco,classical-kmeans,0,1340,18.4464,0.009727
opt-aco,classical-kmeans,0,1410,19.3829,0.009165
opt-aco,classical-kmeans,0,1499,20.6364,0.006458
opt-aco,classical-kmeans,0,1675,23.0158,0.006382
opt-aco,classical-kmeans,0,1755,24.1141,0.005116
opt-gd,classical-kmeans,0,0,0.0000,0.050631
opt-gd,classical-kmeans,0,15,0.2582,0.050631
opt-gd,classical-kmeans,0,17,0.2892,0.050631
opt-gd,classical-kmeans,0,19,0.3206,0.050631
opt-gd,classical-kmeans,0,122,2.0324,0.041023
opt-gd,classical-kmeans,0,136,2.2781,0.041023
opt-gd,classical-kmeans,0,138,2.3128,0.041023
opt-gd,classical-kmeans,0,140,2.3488,0.041023
opt-gd,classical-kmeans,0,243,4.1041,0.039569
opt-gd,classical-kmeans,0,257,4.3466,0.039569
opt-gd,classical-kmeans,0,259,4.3808,0.039569
opt-gd,classical-kmeans,0,261,4.4166,0.039569
opt-gd,classical-kmeans,0,364,6.1550,0.030645
opt-gd,classical-kmeans,0,378,6.3908,0.030645
opt-gd,classical-kmeans,0,380,6.4238,0.030645
opt-gd,classical-kmeans,0,382,6.4574,0.030645
opt-gd,classical-kmeans,0,418,7.0550,0.030645
opt-gd,classical-kmeans,0,606,10.3888,0.030251
opt-gd,classical-kmeans,0,620,10.6228,0.030251
opt-gd,classical-kmeans,0,622,10.6552,0.030251
opt-gd,classical-kmeans,0,624,10.6882,0.030251
opt-gd,classical-kmeans,0,660,11.2886,0.030251
opt-gd,classical-kmeans,0,708,12.0991,0.030251
opt-gd,classical-kmeans,0,727,12.4093,0.022159
opt-gd,classical-kmeans,0,741,12.6428,0.022159
opt-gd,classical-kmeans,0,743,12.6778,0.022159
opt-gd,classical-kmeans,0,755,12.8837,0.022159
opt-gd,classical-kmeans,0,781,13.3238,0.022159
opt-gd,classical-kmeans,0,969,16.7233,0.021827
opt-gd,classical-kmeans,0,983,16.9630,0.021827
opt-gd,classical-kmeans,0,985,16.9978,0.021827
opt-gd,classical-kmeans,0,997,17.2017,0.021827
opt-gd,classical-kmeans,0,1009,17.4138,0.021827
opt-gd,classical-kmeans,0,1023,17.6527,0.021827
opt-gd,classical-kmeans,0,1211,20.7921,0.021786
opt-gd,classical-kmeans,0,1225,21.0229,0.021786
opt-gd,classical-kmeans,0,1227,21.0569,0.021786
opt-gd,classical-kmeans,0,1239,21.2553,0.021786
opt-gd,classical-kmeans,0,1241,21.2899,0.021786
opt-gd,classical-kmeans,0,1247,21.3928,0.021786
opt-gd,classical-kmeans,0,1249,21.4293,0.021786
opt-gd,classical-kmeans,0,1251,21.4627,0.021786
opt-gd,classical-kmeans,0,1265,21.6991,0.021786
opt-gd,classical-kmeans,0,1313,22.5222,0.021786
opt-gd,classical-kmeans,0,1332,22.8361,0.021403
opt-gd,classical-kmeans,0,1346,23.0655,0.021403
opt-gd,classical-kmeans,0,1348,23.0981,0.021403
opt-gd,classical-kmeans,0,1360,23.2961,0.021403
opt-gd,classical-kmeans,0,1362,23.3276,0.021403
opt-gd,classical-kmeans,0,1368,23.4263,0.021403
opt-gd,classical-kmeans,0,1386,23.7311,0.021403
opt-gd,classical-kmeans,0,1453,24.8796,0.019357
opt-gd,classical-kmeans,0,1466,25.1177,0.019357
opt-gd,classical-kmeans,0,1468,25.1563,0.019357
opt-gd,classical-kmeans,0,1470,25.1936,0.019357
opt-gd,classical-kmeans,0,1477,25.3315,0.019357
opt-gd,classical-kmeans,0,1480,25.3900,0.019357
opt-gd,classical-kmeans,0,1489,25.5641,0.019357
opt-gd,classical-kmeans,0,1507,25.9226,0.019357
opt-gd,classical-kmeans,0,1695,29.1402,0.017119
opt-gd,classical-kmeans,0,1708,29.3535,0.017119
opt-gd,classical-kmeans,0,1710,29.3858,0.017119
opt-gd,classical-kmeans,0,1712,29.4182,0.017119
opt-gd,classical-kmeans,0,1722,29.5853,0.017119
opt-gd,classical-kmeans,0,1731,29.7350,0.017119
opt-gd,classical-kmeans,0,1749,30.0338,0.017119
opt-gd,classical-kmeans,0,1937,33.2258,0.017016
opt-gd,classical-kmeans,0,1950,33.4418,0.017016
opt-gd,classical-kmeans,0,1952,33.4739,0.017016
opt-gd,classical-kmeans,0,1954,33.5075,0.017016
opt-gd,classical-kmeans,0,1964,33.6706,0.017016
opt-gd,classical-kmeans,0,1973,33.8191,0.017016
opt-gd,classical-kmeans,0,1991,34.1156,0.017016
none,classical-kmeans,1,0,0.0000,0.012884
scipy-lbfgsb,classical-kmeans,1,0,0.0000,0.012884
scipy-lbfgsb,classical-kmeans,1,15,0.2479,0.012882
scipy-lbfgsb,classical-kmeans,1,17,0.2773,0.012882
scipy-lbfgsb,classical-kmeans,1,122,1.9069,0.008412
scipy-lbfgsb,classical-kmeans,1,136,2.1272,0.008411
scipy-lbfgsb,classical-kmeans,1,138,2.1587,0.008411
scipy-lbfgsb,classical-kmeans,1,243,3.8232,0.005097
scipy-lbfgsb,classical-kmeans,1,257,4.0564,0.005097
scipy-lbfgsb,classical-kmeans,1,259,4.0885,0.005096
scipy-lbfgsb,classical-kmeans,1,364,5.8369,0.003118
scipy-lbfgsb,classical-kmeans,1,378,6.0664,0.003118
scipy-lbfgsb,classical-kmeans,1,380,6.0986,0.003118
scipy-lbfgsb,classical-kmeans,1,485,7.8366,0.002338
scipy-lbfgsb,classical-kmeans,1,499,8.0708,0.002338
scipy-lbfgsb,classical-kmeans,1,501,8.1028,0.002338
scipy-lbfgsb,classical-kmeans,1,597,9.7084,0.002338
scipy-lbfgsb,classical-kmeans,1,606,9.8544,0.001704
scipy-lbfgsb,classical-kmeans,1,620,10.0893,0.001704
scipy-lbfgsb,classical-kmeans,1,622,10.1255,0.001704
scipy-lbfgsb,classical-kmeans,1,629,10.2411,0.001704
scipy-lbfgsb,classical-kmeans,1,630,10.2591,0.001703
scipy-lbfgsb,classical-kmeans,1,727,11.7916,0.001347
scipy-lbfgsb,classical-kmeans,1,745,12.0745,0.001347
scipy-lbfgsb,classical-kmeans,1,752,12.1855,0.001347
scipy-lbfgsb,classical-kmeans,1,754,12.2188,0.001347
scipy-lbfgsb,classical-kmeans,1,758,12.2850,0.001347
scipy-lbfgsb,classical-kmeans,1,759,12.3020,0.001347
scipy-lbfgsb,classical-kmeans,1,762,12.3521,0.001347
scipy-lbfgsb,classical-kmeans,1,763,12.3684,0.001347
scipy-lbfgsb,classical-kmeans,1,848,13.7148,0.001333
scipy-lbfgsb,classical-kmeans,1,861,13.9185,0.001333
scipy-lbfgsb,classical-kmeans,1,863,13.9552,0.001333
scipy-lbfgsb,classical-kmeans,1,873,14.1098,0.001333
scipy-lbfgsb,classical-kmeans,1,875,14.1417,0.001333
scipy-lbfgsb,classical-kmeans,1,883,14.2657,0.001333
scipy-lbfgsb,classical-kmeans,1,884,14.2820,0.001333
scipy-lbfgsb,classical-kmeans,1,969,15.6232,0.001291
scipy-lbfgsb,classical-kmeans,1,982,15.8286,0.001291
scipy-lbfgsb,classical-kmeans,1,984,15.8603,0.001291
scipy-lbfgsb,classical-kmeans,1,1028,16.5882,0.001291
scipy-lbfgsb,classical-kmeans,1,1029,16.6040,0.001291
scipy-lbfgsb,classical-kmeans,1,1090,17.5816,0.001265
scipy-lbfgsb,classical-kmeans,1,1103,17.7877,0.001265
scipy-lbfgsb,classical-kmeans,1,1105,17.8197,0.001265
scipy-lbfgsb,classical-kmeans,1,1150,18.5276,0.001265
scipy-lbfgsb,classical-kmeans,1,1206,19.4283,0.001265
scipy-lbfgsb,classical-kmeans,1,1209,19.4742,0.001265
scipy-lbfgsb,classical-kmeans,1,1210,19.4894,0.001265
scipy-lbfgsb,classical-kmeans,1,1211,19.5050,0.001236
scipy-lbfgsb,classical-kmeans,1,1218,19.6199,0.001236
scipy-lbfgsb,classical-kmeans,1,1219,19.6352,0.001236
scipy-lbfgsb,classical-kmeans,1,1220,19.6505,0.001236
scipy-lbfgsb,classical-kmeans,1,1221,19.6658,0.001236
scipy-lbfgsb,classical-kmeans,1,1224,19.7125,0.001236
scipy-lbfgsb,classical-kmeans,1,1226,19.7448,0.001236
scipy-lbfgsb,classical-kmeans,1,1247,20.0811,0.001236
scipy-lbfgsb,classical-kmeans,1,1290,20.7642,0.001236
scipy-lbfgsb,classical-kmeans,1,1291,20.7793,0.001236
scipy-lbfgsb,classical-kmeans,1,1332,21.4206,0.001194
scipy-lbfgsb,classical-kmeans,1,1345,21.6398,0.001194
scipy-lbfgsb,classical-kmeans,1,1347,21.6718,0.001194
scipy-lbfgsb,classical-kmeans,1,1392,22.4289,0.001194
scipy-lbfgsb,classical-kmeans,1,1447,23.3507,0.001194
scipy-lbfgsb,classical-kmeans,1,1448,23.3662,0.001194
scipy-lbfgsb,classical-kmeans,1,1452,23.4309,0.001194
scipy-lbfgsb,classical-kmeans,1,1574,25.5553,0.001173
scipy-lbfgsb,classical-kmeans,1,1581,25.6733,0.001173
scipy-lbfgsb,classical-kmeans,1,1582,25.6935,0.001173
scipy-lbfgsb,classical-kmeans,1,1583,25.7128,0.001173
scipy-lbfgsb,classical-kmeans,1,1584,25.7334,0.001173
scipy-lbfgsb,classical-kmeans,1,1587,25.7966,0.001173
scipy-lbfgsb,classical-kmeans,1,1589,25.8385,0.001173
scipy-lbfgsb,classical-kmeans,1,1610,26.2165,0.001173
scipy-lbfgsb,classical-kmeans,1,1653,26.9061,0.001173
scipy-lbfgsb,classical-kmeans,1,1654,26.9216,0.001173
scipy-lbfgsb,classical-kmeans,1,1695,27.6028,0.001156
scipy-lbfgsb,classical-kmeans,1,1708,27.8143,0.001156
scipy-lbfgsb,classical-kmeans,1,1710,27.8462,0.001156
scipy-lbfgsb,classical-kmeans,1,1731,28.1903,0.001156
scipy-lbfgsb,classical-kmeans,1,1755,28.6321,0.001156
scipy-lbfgsb,classical-kmeans,1,1810,29.5764,0.001156
scipy-lbfgsb,classical-kmeans,1,1811,29.5936,0.001156
scipy-lbfgsb,classical-kmeans,1,1815,29.6611,0.001156
scipy-lbfgsb,classical-kmeans,1,1937,31.8534,0.001132
scipy-lbfgsb,classical-kmeans,1,1951,32.1051,0.001132
scipy-lbfgsb,classical-kmeans,1,1953,32.1417,0.001132
scipy-lbfgsb,classical-kmeans,1,1963,32.3074,0.001132
scipy-lbfgsb,classical-kmeans,1,1965,32.3381,0.001132
scipy-powell,classical-kmeans,1,0,0.0000,0.012884
scipy-powell,classical-kmeans,1,311,5.1332,0.011979
scipy-powell,classical-kmeans,1,313,5.1637,0.011402
scipy-powell,classical-kmeans,1,315,5.1954,0.011379
scipy-powell,classical-kmeans,1,316,5.2106,0.011351
scipy-powell,classical-kmeans,1,319,5.2569,0.011351
scipy-powell,classical-kmeans,1,320,5.2722,0.011351
scipy-powell,classical-kmeans,1,321,5.2873,0.011351
scipy-powell,classical-kmeans,1,322,5.3025,0.011351
scipy-powell,classical-kmeans,1,323,5.3186,0.011351
scipy-powell,classical-kmeans,1,333,5.4738,0.011337
scipy-powell,classical-kmeans,1,335,5.5043,0.011337
scipy-powell,classical-kmeans,1,337,5.5352,0.011337
scipy-powell,classical-kmeans,1,338,5.5507,0.011337
scipy-powell,classical-kmeans,1,339,5.5663,0.011337
scipy-powell,classical-kmeans,1,340,5.5815,0.011337
scipy-powell,classical-kmeans,1,341,5.5966,0.011337
scipy-powell,classical-kmeans,1,342,5.6125,0.011337
scipy-powell,classical-kmeans,1,349,5.7191,0.011337
scipy-powell,classical-kmeans,1,353,5.7808,0.001862
scipy-powell,classical-kmeans,1,356,5.8289,0.001845
scipy-powell,classical-kmeans,1,357,5.8450,0.001844
scipy-powell,classical-kmeans,1,358,5.8605,0.001842
scipy-powell,classical-kmeans,1,360,5.8927,0.001842
scipy-powell,classical-kmeans,1,361,5.9083,0.001842
scipy-powell,classical-kmeans,1,362,5.9232,0.001842
scipy-powell,classical-kmeans,1,363,5.9394,0.001842
scipy-powell,classical-kmeans,1,364,5.9549,0.001842
scipy-powell,classical-kmeans,1,365,5.9704,0.001842
scipy-powell,classical-kmeans,1,372,6.0775,0.001836
scipy-powell,classical-kmeans,1,373,6.0929,0.001834
scipy-powell,classical-kmeans,1,378,6.1697,0.001834
scipy-powell,classical-kmeans,1,379,6.1855,0.001834
scipy-powell,classical-kmeans,1,380,6.2013,0.001834
scipy-powell,classical-kmeans,1,381,6.2171,0.001834
scipy-powell,classical-kmeans,1,382,6.2331,0.001834
scipy-powell,classical-kmeans,1,383,6.2485,0.001834
scipy-powell,classical-kmeans,1,385,6.2803,0.001834
scipy-powell,classical-kmeans,1,397,6.4686,0.001801
scipy-powell,classical-kmeans,1,400,6.5177,0.001801
scipy-powell,classical-kmeans,1,401,6.5343,0.001801
scipy-powell,classical-kmeans,1,402,6.5508,0.001801
scipy-powell,classical-kmeans,1,403,6.5676,0.001801
scipy-powell,classical-kmeans,1,404,6.5840,0.001801
scipy-powell,classical-kmeans,1,418,6.8106,0.001801
scipy-powell,classical-kmeans,1,419,6.8265,0.001801
scipy-powell,classical-kmeans,1,420,6.8423,0.001801
scipy-powell,classical-kmeans,1,421,6.8589,0.001801
scipy-powell,classical-kmeans,1,422,6.8752,0.001801
scipy-powell,classical-kmeans,1,423,6.8922,0.001801
scipy-powell,classical-kmeans,1,428,6.9719,0.001801
scipy-powell,classical-kmeans,1,429,6.9883,0.001801
scipy-powell,classical-kmeans,1,430,7.0041,0.001801
scipy-powell,classical-kmeans,1,431,7.0205,0.001801
scipy-powell,classical-kmeans,1,432,7.0368,0.001801
scipy-powell,classical-kmeans,1,433,7.0529,0.001801
scipy-powell,classical-kmeans,1,438,7.1367,0.001801
scipy-powell,classical-kmeans,1,441,7.1897,0.001800
scipy-powell,classical-kmeans,1,442,7.2059,0.001800
scipy-powell,classical-kmeans,1,443,7.2226,0.001800
scipy-powell,classical-kmeans,1,444,7.2391,0.001800
scipy-powell,classical-kmeans,1,445,7.2550,0.001800
scipy-powell,classical-kmeans,1,446,7.2710,0.001800
scipy-powell,classical-kmeans,1,453,7.3847,0.001800
scipy-powell,classical-kmeans,1,455,7.4185,0.001800
scipy-powell,classical-kmeans,1,456,7.4347,0.001800
scipy-powell,classical-kmeans,1,457,7.4512,0.001800
scipy-powell,classical-kmeans,1,458,7.4675,0.001800
scipy-powell,classical-kmeans,1,461,7.5176,0.001800
scipy-powell,classical-kmeans,1,468,7.6275,0.001800
scipy-powell,classical-kmeans,1,469,7.6430,0.001800
scipy-powell,classical-kmeans,1,470,7.6588,0.001800
scipy-powell,classical-kmeans,1,471,7.6754,0.001800
scipy-powell,classical-kmeans,1,472,7.6914,0.001800
scipy-powell,classical-kmeans,1,473,7.7072,0.001800
scipy-powell,classical-kmeans,1,483,7.8691,0.001800
scipy-powell,classical-kmeans,1,484,7.8858,0.001800
scipy-powell,classical-kmeans,1,485,7.9019,0.001800
scipy-powell,classical-kmeans,1,496,8.0806,0.001800
scipy-powell,classical-kmeans,1,497,8.0967,0.001800
scipy-powell,classical-kmeans,1,498,8.1122,0.001800
scipy-powell,classical-kmeans,1,500,8.1449,0.001800
scipy-powell,classical-kmeans,1,505,8.2293,0.001800
scipy-powell,classical-kmeans,1,517,8.4304,0.001800
scipy-powell,classical-kmeans,1,519,8.4629,0.001800
scipy-powell,classical-kmeans,1,527,8.5955,0.001746
scipy-powell,classical-kmeans,1,529,8.6288,0.001744
scipy-powell,classical-kmeans,1,532,8.6792,0.001744
scipy-powell,classical-kmeans,1,533,8.6960,0.001744
scipy-powell,classical-kmeans,1,535,8.7299,0.001744
scipy-powell,classical-kmeans,1,537,8.7614,0.001744
scipy-powell,classical-kmeans,1,538,8.7775,0.001744
scipy-powell,classical-kmeans,1,539,8.7944,0.001744
scipy-powell,classical-kmeans,1,540,8.8100,0.001744
scipy-powell,classical-kmeans,1,574,9.3577,0.001744
scipy-powell,classical-kmeans,1,584,9.5197,0.001744
scipy-powell,classical-kmeans,1,585,9.5359,0.001744
scipy-powell,classical-kmeans,1,586,9.5514,0.001744
scipy-powell,classical-kmeans,1,605,9.8604,0.001744
scipy-powell,classical-kmeans,1,606,9.8763,0.001744
scipy-powell,classical-kmeans,1,607,9.8929,0.001744
scipy-powell,classical-kmeans,1,608,9.9094,0.001744
scipy-powell,classical-kmeans,1,610,9.9417,0.001744
scipy-powell,classical-kmeans,1,616,10.0455,0.001737
scipy-powell,classical-kmeans,1,617,10.0645,0.001733
scipy-powell,classical-kmeans,1,618,10.0823,0.001733
scipy-powell,classical-kmeans,1,619,10.1005,0.001733
scipy-powell,classical-kmeans,1,620,10.1192,0.001733
scipy-powell,classical-kmeans,1,621,10.1380,0.001733
scipy-powell,classical-kmeans,1,623,10.1762,0.001733
scipy-powell,classical-kmeans,1,637,10.4099,0.001732
scipy-powell,classical-kmeans,1,639,10.4441,0.001726
scipy-powell,classical-kmeans,1,640,10.4613,0.001723
scipy-powell,classical-kmeans,1,641,10.4789,0.001722
scipy-powell,classical-kmeans,1,642,10.4964,0.001722
scipy-powell,classical-kmeans,1,643,10.5148,0.001722
scipy-powell,classical-kmeans,1,644,10.5330,0.001722
scipy-powell,classical-kmeans,1,645,10.5500,0.001722
scipy-powell,classical-kmeans,1,646,10.5665,0.001722
scipy-powell,classical-kmeans,1,653,10.6927,0.001716
scipy-powell,classical-kmeans,1,655,10.7292,0.001715
scipy-powell,classical-kmeans,1,656,10.7469,0.001715
scipy-powell,classical-kmeans,1,657,10.7647,0.001715
scipy-powell,classical-kmeans,1,658,10.7819,0.001715
scipy-powell,classical-kmeans,1,660,10.8182,0.001715
scipy-powell,classical-kmeans,1,670,11.0032,0.001715
scipy-powell,classical-kmeans,1,676,11.1061,0.001715
scipy-powell,classical-kmeans,1,678,11.1405,0.001715
scipy-powell,classical-kmeans,1,680,11.1765,0.001715
scipy-powell,classical-kmeans,1,681,11.1949,0.001715
scipy-powell,classical-kmeans,1,682,11.2131,0.001715
scipy-powell,classical-kmeans,1,689,11.3284,0.001715
scipy-powell,classical-kmeans,1,690,11.3458,0.001715
scipy-powell,classical-kmeans,1,691,11.3628,0.001715
scipy-powell,classical-kmeans,1,692,11.3794,0.001715
scipy-powell,classical-kmeans,1,693,11.3955,0.001715
scipy-powell,classical-kmeans,1,702,11.5544,0.001715
scipy-powell,classical-kmeans,1,704,11.5903,0.001715
scipy-powell,classical-kmeans,1,705,11.6083,0.001715
scipy-powell,classical-kmeans,1,706,11.6266,0.001715
scipy-powell,classical-kmeans,1,707,11.6477,0.001715
scipy-powell,classical-kmeans,1,708,11.6683,0.001715
scipy-powell,classical-kmeans,1,717,11.8199,0.001715
scipy-powell,classical-kmeans,1,719,11.8558,0.001715
scipy-powell,classical-kmeans,1,720,11.8767,0.001715
scipy-powell,classical-kmeans,1,721,11.8985,0.001715
scipy-powell,classical-kmeans,1,722,11.9173,0.001715
scipy-powell,classical-kmeans,1,732,12.0966,0.001714
scipy-powell,classical-kmeans,1,734,12.1399,0.001714
scipy-powell,classical-kmeans,1,736,12.1769,0.001714
scipy-powell,classical-kmeans,1,738,12.2142,0.001714
scipy-powell,classical-kmeans,1,739,12.2316,0.001714
scipy-powell,classical-kmeans,1,740,12.2489,0.001714
scipy-powell,classical-kmeans,1,750,12.4197,0.001714
scipy-powell,classical-kmeans,1,751,12.4399,0.001714
scipy-powell,classical-kmeans,1,752,12.4562,0.001714
scipy-powell,classical-kmeans,1,753,12.4734,0.001714
scipy-powell,classical-kmeans,1,754,12.4898,0.001714
scipy-powell,classical-kmeans,1,755,12.5062,0.001714
scipy-powell,classical-kmeans,1,763,12.6453,0.001714
scipy-powell,classical-kmeans,1,765,12.6788,0.001714
scipy-powell,classical-kmeans,1,767,12.7126,0.001714
scipy-powell,classical-kmeans,1,769,12.7469,0.001714
scipy-powell,classical-kmeans,1,770,12.7642,0.001714
scipy-powell,classical-kmeans,1,771,12.7804,0.001714
scipy-powell,classical-kmeans,1,772,12.7978,0.001714
scipy-powell,classical-kmeans,1,774,12.8314,0.001714
scipy-powell,classical-kmeans,1,781,12.9502,0.001692
scipy-powell,classical-kmeans,1,782,12.9674,0.001668
scipy-powell,classical-kmeans,1,783,12.9847,0.001653
scipy-powell,classical-kmeans,1,784,13.0018,0.001645
scipy-powell,classical-kmeans,1,785,13.0195,0.001640
scipy-powell,classical-kmeans,1,786,13.0356,0.001636
scipy-powell,classical-kmeans,1,787,13.0552,0.001635
scipy-powell,classical-kmeans,1,788,13.0747,0.001633
scipy-powell,classical-kmeans,1,789,13.0942,0.001633
scipy-powell,classical-kmeans,1,790,13.1124,0.001632
scipy-powell,classical-kmeans,1,791,13.1312,0.001632
scipy-powell,classical-kmeans,1,792,13.1484,0.001632
scipy-powell,classical-kmeans,1,793,13.1668,0.001632
scipy-powell,classical-kmeans,1,794,13.1854,0.001632
scipy-powell,classical-kmeans,1,795,13.2036,0.001632
scipy-powell,classical-kmeans,1,796,13.2209,0.001632
scipy-powell,classical-kmeans,1,797,13.2378,0.001632
scipy-powell,classical-kmeans,1,798,13.2542,0.001632
scipy-powell,classical-kmeans,1,799,13.2703,0.001631
scipy-powell,classical-kmeans,1,800,13.2857,0.001631
scipy-powell,classical-kmeans,1,801,13.3020,0.001631
scipy-powell,classical-kmeans,1,802,13.3180,0.001631
scipy-powell,classical-kmeans,1,803,13.3344,0.001631
scipy-powell,classical-kmeans,1,804,13.3510,0.001631
scipy-powell,classical-kmeans,1,805,13.3680,0.001631
scipy-powell,classical-kmeans,1,806,13.3845,0.001631
scipy-powell,classical-kmeans,1,807,13.4004,0.001631
scipy-powell,classical-kmeans,1,808,13.4163,0.001631
scipy-powell,classical-kmeans,1,809,13.4325,0.001631
scipy-powell,classical-kmeans,1,810,13.4487,0.001631
scipy-powell,classical-kmeans,1,811,13.4653,0.001631
scipy-powell,classical-kmeans,1,812,13.4825,0.001631
scipy-powell,classical-kmeans,1,813,13.4993,0.001631
scipy-powell,classical-kmeans,1,814,13.5156,0.001631
scipy-powell,classical-kmeans,1,815,13.5317,0.001631
scipy-powell,classical-kmeans,1,818,13.5820,0.001497
scipy-powell,classical-kmeans,1,823,13.6639,0.001494
scipy-powell,classical-kmeans,1,825,13.6959,0.001494
scipy-powell,classical-kmeans,1,827,13.7285,0.001494
scipy-powell,classical-kmeans,1,828,13.7446,0.001494
scipy-powell,classical-kmeans,1,829,13.7604,0.001494
scipy-powell,classical-kmeans,1,834,13.8520,0.001490
scipy-powell,classical-kmeans,1,835,13.8709,0.001489
scipy-powell,classical-kmeans,1,836,13.8885,0.001488
scipy-powell,classical-kmeans,1,837,13.9055,0.001488
scipy-powell,classical-kmeans,1,838,13.9220,0.001488
scipy-powell,classical-kmeans,1,839,13.9387,0.001488
scipy-powell,classical-kmeans,1,850,14.1245,0.001483
scipy-powell,classical-kmeans,1,853,14.1753,0.001481
scipy-powell,classical-kmeans,1,854,14.1927,0.001481
scipy-powell,classical-kmeans,1,856,14.2278,0.001481
scipy-powell,classical-kmeans,1,857,14.2454,0.001481
scipy-powell,classical-kmeans,1,863,14.3435,0.001479
scipy-powell,classical-kmeans,1,864,14.3591,0.001478
scipy-powell,classical-kmeans,1,865,14.3749,0.001478
scipy-powell,classical-kmeans,1,867,14.4063,0.001478
scipy-powell,classical-kmeans,1,868,14.4228,0.001478
scipy-powell,classical-kmeans,1,869,14.4399,0.001478
scipy-powell,classical-kmeans,1,873,14.5070,0.001475
scipy-powell,classical-kmeans,1,877,14.5730,0.001475
scipy-powell,classical-kmeans,1,878,14.5886,0.001475
scipy-powell,classical-kmeans,1,879,14.6053,0.001475
scipy-powell,classical-kmeans,1,880,14.6213,0.001475
scipy-powell,classical-kmeans,1,887,14.7406,0.001475
scipy-powell,classical-kmeans,1,889,14.7744,0.001475
scipy-powell,classical-kmeans,1,890,14.7922,0.001475
scipy-powell,classical-kmeans,1,891,14.8102,0.001475
scipy-powell,classical-kmeans,1,892,14.8289,0.001475
scipy-powell,classical-kmeans,1,904,15.0356,0.001475
scipy-powell,classical-kmeans,1,905,15.0524,0.001475
scipy-powell,classical-kmeans,1,906,15.0693,0.001475
scipy-powell,classical-kmeans,1,907,15.0868,0.001475
scipy-powell,classical-kmeans,1,908,15.1040,0.001475
scipy-powell,classical-kmeans,1,909,15.1206,0.001475
scipy-powell,classical-kmeans,1,910,15.1374,0.001475
scipy-powell,classical-kmeans,1,922,15.3550,0.001475
scipy-powell,classical-kmeans,1,923,15.3706,0.001475
scipy-powell,classical-kmeans,1,924,15.3884,0.001475
scipy-powell,classical-kmeans,1,925,15.4058,0.001475
scipy-powell,classical-kmeans,1,929,15.4778,0.001475
scipy-powell,classical-kmeans,1,936,15.5953,0.001475
scipy-powell,classical-kmeans,1,937,15.6121,0.001475
scipy-powell,classical-kmeans,1,938,15.6297,0.001475
scipy-powell,classical-kmeans,1,939,15.6484,0.001475
scipy-powell,classical-kmeans,1,940,15.6667,0.001475
scipy-powell,classical-kmeans,1,941,15.6860,0.001475
scipy-powell,classical-kmeans,1,942,15.7041,0.001475
scipy-powell,classical-kmeans,1,944,15.7388,0.001475
scipy-powell,classical-kmeans,1,954,15.9042,0.001469
scipy-powell,classical-kmeans,1,955,15.9197,0.001467
scipy-powell,classical-kmeans,1,957,15.9524,0.001467
scipy-powell,classical-kmeans,1,958,15.9698,0.001467
scipy-powell,classical-kmeans,1,959,15.9875,0.001467
scipy-powell,classical-kmeans,1,960,16.0037,0.001467
scipy-powell,classical-kmeans,1,961,16.0205,0.001467
scipy-powell,classical-kmeans,1,962,16.0360,0.001467
scipy-powell,classical-kmeans,1,963,16.0524,0.001467
scipy-powell,classical-kmeans,1,964,16.0682,0.001467
scipy-powell,classical-kmeans,1,965,16.0839,0.001467
scipy-powell,classical-kmeans,1,966,16.0993,0.001467
scipy-powell,classical-kmeans,1,967,16.1154,0.001467
scipy-powell,classical-kmeans,1,968,16.1316,0.001467
scipy-powell,classical-kmeans,1,969,16.1483,0.001467
scipy-powell,classical-kmeans,1,970,16.1657,0.001467
scipy-powell,classical-kmeans,1,971,16.1832,0.001467
scipy-powell,classical-kmeans,1,972,16.2009,0.001467
scipy-powell,classical-kmeans,1,973,16.2190,0.001467
scipy-powell,classical-kmeans,1,974,16.2356,0.001467
scipy-powell,classical-kmeans,1,975,16.2514,0.001467
scipy-powell,classical-kmeans,1,976,16.2675,0.001467
scipy-powell,classical-kmeans,1,977,16.2840,0.001467
scipy-powell,classical-kmeans,1,978,16.2994,0.001467
scipy-powell,classical-kmeans,1,979,16.3157,0.001467
scipy-powell,classical-kmeans,1,980,16.3317,0.001467
scipy-powell,classical-kmeans,1,981,16.3485,0.001467
scipy-powell,classical-kmeans,1,982,16.3653,0.001467
scipy-powell,classical-kmeans,1,983,16.3816,0.001467
scipy-powell,classical-kmeans,1,984,16.3974,0.001467
scipy-powell,classical-kmeans,1,985,16.4142,0.001467
scipy-powell,classical-kmeans,1,989,16.4788,0.001463
scipy-powell,classical-kmeans,1,990,16.4947,0.001461
scipy-powell,classical-kmeans,1,993,16.5468,0.001461
scipy-powell,classical-kmeans,1,994,16.5645,0.001461
scipy-powell,classical-kmeans,1,995,16.5817,0.001461
scipy-powell,classical-kmeans,1,996,16.5970,0.001461
scipy-powell,classical-kmeans,1,997,16.6130,0.001461
scipy-powell,classical-kmeans,1,998,16.6285,0.001461
scipy-powell,classical-kmeans,1,999,16.6440,0.001461
scipy-powell,classical-kmeans,1,1000,16.6605,0.001461
scipy-powell,classical-kmeans,1,1012,16.8604,0.001429
scipy-powell,classical-kmeans,1,1013,16.8764,0.001405
scipy-powell,classical-kmeans,1,1014,16.8930,0.001391
scipy-powell,classical-kmeans,1,1015,16.9099,0.001383
scipy-powell,classical-kmeans,1,1016,16.9250,0.001378
scipy-powell,classical-kmeans,1,1017,16.9409,0.001375
scipy-powell,classical-kmeans,1,1018,16.9564,0.001373
scipy-powell,classical-kmeans,1,1019,16.9730,0.001371
scipy-powell,classical-kmeans,1,1020,16.9894,0.001371
scipy-powell,classical-kmeans,1,1021,17.0065,0.001370
scipy-powell,classical-kmeans,1,1022,17.0220,0.001370
scipy-powell,classical-kmeans,1,1023,17.0385,0.001370
scipy-powell,classical-kmeans,1,1024,17.0550,0.001370
scipy-powell,classical-kmeans,1,1025,17.0716,0.001370
scipy-powell,classical-kmeans,1,1026,17.0877,0.001370
scipy-powell,classical-kmeans,1,1027,17.1050,0.001370
scipy-powell,classical-kmeans,1,1028,17.1226,0.001370
scipy-powell,classical-kmeans,1,1029,17.1405,0.001370
scipy-powell,classical-kmeans,1,1030,17.1573,0.001370
scipy-powell,classical-kmeans,1,1031,17.1747,0.001370
scipy-powell,classical-kmeans,1,1032,17.1912,0.001370
scipy-powell,classical-kmeans,1,1033,17.2085,0.001370
scipy-powell,classical-kmeans,1,1034,17.2244,0.001370
scipy-powell,classical-kmeans,1,1035,17.2408,0.001370
scipy-powell,classical-kmeans,1,1036,17.2564,0.001370
scipy-powell,classical-kmeans,1,1037,17.2723,0.001370
scipy-powell,classical-kmeans,1,1038,17.2889,0.001370
scipy-powell,classical-kmeans,1,1039,17.3044,0.001370
scipy-powell,classical-kmeans,1,1040,17.3205,0.001370
scipy-powell,classical-kmeans,1,1041,17.3366,0.001370
scipy-powell,classical-kmeans,1,1042,17.3517,0.001370
scipy-powell,classical-kmeans,1,1043,17.3694,0.001370
scipy-powell,classical-kmeans,1,1044,17.3856,0.001370
scipy-powell,classical-kmeans,1,1045,17.4020,0.001370
scipy-powell,classical-kmeans,1,1048,17.4560,0.001279
scipy-powell,classical-kmeans,1,1049,17.4766,0.001193
scipy-powell,classical-kmeans,1,1051,17.5157,0.001193
scipy-powell,classical-kmeans,1,1052,17.5353,0.001192
scipy-powell,classical-kmeans,1,1053,17.5538,0.001191
scipy-powell,classical-kmeans,1,1054,17.5707,0.001191
scipy-powell,classical-kmeans,1,1056,17.6063,0.001191
scipy-powell,classical-kmeans,1,1058,17.6450,0.001191
scipy-powell,classical-kmeans,1,1060,17.6806,0.001191
scipy-powell,classical-kmeans,1,1061,17.6981,0.001191
scipy-powell,classical-kmeans,1,1062,17.7139,0.001191
scipy-powell,classical-kmeans,1,1063,17.7309,0.001191
scipy-powell,classical-kmeans,1,1066,17.7770,0.001190
scipy-powell,classical-kmeans,1,1068,17.8095,0.001190
scipy-powell,classical-kmeans,1,1069,17.8263,0.001190
scipy-powell,classical-kmeans,1,1070,17.8430,0.001190
scipy-powell,classical-kmeans,1,1071,17.8604,0.001190
scipy-powell,classical-kmeans,1,1077,17.9576,0.001189
scipy-powell,classical-kmeans,1,1078,17.9732,0.001189
scipy-powell,classical-kmeans,1,1079,17.9888,0.001189
scipy-powell,classical-kmeans,1,1081,18.0213,0.001189
scipy-powell,classical-kmeans,1,1082,18.0380,0.001189
scipy-powell,classical-kmeans,1,1083,18.0546,0.001189
scipy-powell,classical-kmeans,1,1091,18.1769,0.001189
scipy-powell,classical-kmeans,1,1092,18.1920,0.001189
scipy-powell,classical-kmeans,1,1093,18.2069,0.001189
scipy-powell,classical-kmeans,1,1094,18.2232,0.001189
scipy-powell,classical-kmeans,1,1105,18.3926,0.001188
scipy-powell,classical-kmeans,1,1106,18.4075,0.001188
scipy-powell,classical-kmeans,1,1107,18.4227,0.001188
scipy-powell,classical-kmeans,1,1108,18.4376,0.001188
scipy-powell,classical-kmeans,1,1109,18.4532,0.001188
scipy-powell,classical-kmeans,1,1110,18.4680,0.001188
scipy-powell,classical-kmeans,1,1116,18.5613,0.001188
scipy-powell,classical-kmeans,1,1117,18.5764,0.001188
scipy-powell,classical-kmeans,1,1118,18.5917,0.001188
scipy-powell,classical-kmeans,1,1119,18.6069,0.001188
scipy-powell,classical-kmeans,1,1120,18.6223,0.001188
scipy-powell,classical-kmeans,1,1130,18.7894,0.001188
scipy-powell,classical-kmeans,1,1131,18.8065,0.001188
scipy-powell,classical-kmeans,1,1132,18.8224,0.001188
scipy-powell,classical-kmeans,1,1133,18.8379,0.001188
scipy-powell,classical-kmeans,1,1134,18.8539,0.001188
scipy-powell,classical-kmeans,1,1141,18.9714,0.001185
scipy-powell,classical-kmeans,1,1143,19.0055,0.001185
scipy-powell,classical-kmeans,1,1144,19.0220,0.001185
scipy-powell,classical-kmeans,1,1146,19.0553,0.001185
scipy-powell,classical-kmeans,1,1147,19.0715,0.001185
scipy-powell,classical-kmeans,1,1148,19.0882,0.001185
scipy-powell,classical-kmeans,1,1149,19.1046,0.001185
scipy-powell,classical-kmeans,1,1150,19.1212,0.001185
scipy-powell,classical-kmeans,1,1155,19.2002,0.001172
scipy-powell,classical-kmeans,1,1158,19.2509,0.001171
scipy-powell,classical-kmeans,1,1159,19.2687,0.001171
scipy-powell,classical-kmeans,1,1160,19.2856,0.001171
scipy-powell,classical-kmeans,1,1161,19.3021,0.001171
scipy-powell,classical-kmeans,1,1162,19.3180,0.001171
scipy-powell,classical-kmeans,1,1163,19.3339,0.001171
scipy-powell,classical-kmeans,1,1171,19.4640,0.001171
scipy-powell,classical-kmeans,1,1172,19.4794,0.001171
scipy-powell,classical-kmeans,1,1173,19.4952,0.001171
scipy-powell,classical-kmeans,1,1174,19.5108,0.001171
scipy-powell,classical-kmeans,1,1175,19.5263,0.001171
scipy-powell,classical-kmeans,1,1186,19.7046,0.001171
scipy-powell,classical-kmeans,1,1187,19.7214,0.001171
scipy-powell,classical-kmeans,1,1189,19.7536,0.001171
scipy-powell,classical-kmeans,1,1202,19.9654,0.001171
scipy-powell,classical-kmeans,1,1208,20.0652,0.001171
scipy-powell,classical-kmeans,1,1209,20.0825,0.001170
scipy-powell,classical-kmeans,1,1210,20.0996,0.001170
scipy-powell,classical-kmeans,1,1211,20.1162,0.001170
scipy-powell,classical-kmeans,1,1212,20.1324,0.001170
scipy-powell,classical-kmeans,1,1213,20.1485,0.001170
scipy-powell,classical-kmeans,1,1214,20.1644,0.001170
scipy-powell,classical-kmeans,1,1217,20.2110,0.001170
scipy-powell,classical-kmeans,1,1221,20.2765,0.001170
scipy-powell,classical-kmeans,1,1222,20.2924,0.001170
scipy-powell,classical-kmeans,1,1223,20.3088,0.001170
scipy-powell,classical-kmeans,1,1224,20.3242,0.001170
scipy-powell,classical-kmeans,1,1225,20.3407,0.001170
scipy-powell,classical-kmeans,1,1226,20.3566,0.001170
scipy-powell,classical-kmeans,1,1227,20.3722,0.001170
scipy-powell,classical-kmeans,1,1249,20.7306,0.001170
scipy-powell,classical-kmeans,1,1251,20.7620,0.001170
scipy-powell,classical-kmeans,1,1253,20.7953,0.001170
scipy-powell,classical-kmeans,1,1254,20.8114,0.001170
scipy-powell,classical-kmeans,1,1255,20.8282,0.001170
scipy-powell,classical-kmeans,1,1256,20.8450,0.001170
scipy-powell,classical-kmeans,1,1257,20.8622,0.001170
scipy-powell,classical-kmeans,1,1258,20.8785,0.001170
scipy-powell,classical-kmeans,1,1260,20.9149,0.001170
scipy-powell,classical-kmeans,1,1268,21.0567,0.001158
scipy-powell,classical-kmeans,1,1269,21.0763,0.001153
scipy-powell,classical-kmeans,1,1270,21.0932,0.001152
scipy-powell,classical-kmeans,1,1271,21.1101,0.001151
scipy-powell,classical-kmeans,1,1274,21.1620,0.001151
scipy-powell,classical-kmeans,1,1275,21.1788,0.001151
scipy-powell,classical-kmeans,1,1277,21.2110,0.001151
scipy-powell,classical-kmeans,1,1279,21.2445,0.001151
scipy-powell,classical-kmeans,1,1280,21.2613,0.001151
scipy-powell,classical-kmeans,1,1281,21.2782,0.001151
scipy-powell,classical-kmeans,1,1282,21.2942,0.001151
scipy-powell,classical-kmeans,1,1283,21.3113,0.001151
scipy-powell,classical-kmeans,1,1284,21.3276,0.001151
scipy-powell,classical-kmeans,1,1295,21.5104,0.001151
scipy-powell,classical-kmeans,1,1296,21.5277,0.001151
scipy-powell,classical-kmeans,1,1297,21.5439,0.001151
scipy-powell,classical-kmeans,1,1298,21.5604,0.001151
scipy-powell,classical-kmeans,1,1299,21.5783,0.001151
scipy-powell,classical-kmeans,1,1300,21.5957,0.001151
scipy-powell,classical-kmeans,1,1301,21.6127,0.001151
scipy-powell,classical-kmeans,1,1303,21.6469,0.001151
scipy-powell,classical-kmeans,1,1315,21.8535,0.001151
scipy-powell,classical-kmeans,1,1316,21.8696,0.001150
scipy-powell,classical-kmeans,1,1318,21.9053,0.001150
scipy-powell,classical-kmeans,1,1319,21.9234,0.001150
scipy-powell,classical-kmeans,1,1320,21.9412,0.001150
scipy-powell,classical-kmeans,1,1321,21.9602,0.001150
scipy-powell,classical-kmeans,1,1322,21.9775,0.001150
scipy-powell,classical-kmeans,1,1323,21.9968,0.001150
scipy-powell,classical-kmeans,1,1324,22.0159,0.001150
scipy-powell,classical-kmeans,1,1349,22.4443,0.001150
scipy-powell,classical-kmeans,1,1350,22.4614,0.001150
scipy-powell,classical-kmeans,1,1351,22.4805,0.001150
scipy-powell,classical-kmeans,1,1352,22.4999,0.001150
scipy-powell,classical-kmeans,1,1353,22.5195,0.001150
scipy-powell,classical-kmeans,1,1372,22.8366,0.001150
scipy-powell,classical-kmeans,1,1373,22.8531,0.001150
scipy-powell,classical-kmeans,1,1374,22.8704,0.001150
scipy-powell,classical-kmeans,1,1375,22.8875,0.001150
scipy-powell,classical-kmeans,1,1376,22.9048,0.001150
scipy-powell,classical-kmeans,1,1377,22.9215,0.001150
scipy-powell,classical-kmeans,1,1382,23.0054,0.001150
scipy-powell,classical-kmeans,1,1398,23.2673,0.001150
scipy-powell,classical-kmeans,1,1399,23.2844,0.001150
scipy-powell,classical-kmeans,1,1400,23.3002,0.001150
scipy-powell,classical-kmeans,1,1427,23.7385,0.001150
scipy-powell,classical-kmeans,1,1457,24.2380,0.001150
scipy-powell,classical-kmeans,1,1458,24.2533,0.001150
scipy-powell,classical-kmeans,1,1460,24.2855,0.001150
scipy-powell,classical-kmeans,1,1461,24.3008,0.001150
scipy-powell,classical-kmeans,1,1462,24.3161,0.001150
scipy-powell,classical-kmeans,1,1463,24.3324,0.001150
scipy-powell,classical-kmeans,1,1471,24.4593,0.001150
scipy-powell,classical-kmeans,1,1487,24.7282,0.001150
scipy-powell,classical-kmeans,1,1489,24.7620,0.001150
scipy-powell,classical-kmeans,1,1490,24.7789,0.001150
scipy-powell,classical-kmeans,1,1492,24.8116,0.001150
scipy-powell,classical-kmeans,1,1493,24.8278,0.001150
scipy-powell,classical-kmeans,1,1494,24.8437,0.001150
scipy-powell,classical-kmeans,1,1495,24.8599,0.001150
scipy-powell,classical-kmeans,1,1496,24.8758,0.001150
scipy-powell,classical-kmeans,1,1497,24.8917,0.001150
scipy-powell,classical-kmeans,1,1502,24.9723,0.001150
scipy-powell,classical-kmeans,1,1527,25.3842,0.001150
scipy-powell,classical-kmeans,1,1571,26.0853,0.001150
scipy-powell,classical-kmeans,1,1573,26.1177,0.001150
scipy-powell,classical-kmeans,1,1824,30.1955,0.001150
scipy-powell,classical-kmeans,1,1825,30.2125,0.001150
scipy-powell,classical-kmeans,1,1826,30.2298,0.001150
scipy-powell,classical-kmeans,1,1839,30.4530,0.001150
scipy-powell,classical-kmeans,1,1840,30.4696,0.001150
scipy-powell,classical-kmeans,1,1841,30.4867,0.001150
scipy-powell,classical-kmeans,1,1842,30.5043,0.001150
scipy-powell,classical-kmeans,1,1843,30.5210,0.001150
scipy-powell,classical-kmeans,1,1852,30.6656,0.001150
scipy-powell,classical-kmeans,1,1853,30.6843,0.001150
scipy-powell,classical-kmeans,1,1854,30.7014,0.001150
scipy-powell,classical-kmeans,1,1863,30.8503,0.001150
scipy-powell,classical-kmeans,1,1864,30.8660,0.001150
scipy-powell,classical-kmeans,1,1865,30.8821,0.001150
scipy-powell,classical-kmeans,1,1876,31.0690,0.001150
scipy-powell,classical-kmeans,1,1877,31.0863,0.001150
scipy-powell,classical-kmeans,1,1878,31.1037,0.001150
scipy-powell,classical-kmeans,1,1879,31.1213,0.001150
scipy-powell,classical-kmeans,1,1881,31.1543,0.001150
scipy-powell,classical-kmeans,1,1892,31.3395,0.001150
scipy-powell,classical-kmeans,1,1893,31.3564,0.001150
scipy-powell,classical-kmeans,1,1894,31.3719,0.001150
scipy-powell,classical-kmeans,1,1896,31.4037,0.001150
scipy-powell,classical-kmeans,1,1904,31.5324,0.001139
scipy-powell,classical-kmeans,1,1906,31.5664,0.001131
scipy-powell,classical-kmeans,1,1907,31.5837,0.001130
scipy-powell,classical-kmeans,1,1908,31.6032,0.001126
scipy-powell,classical-kmeans,1,1910,31.6384,0.001126
scipy-powell,classical-kmeans,1,1911,31.6563,0.001126
scipy-powell,classical-kmeans,1,1913,31.6924,0.001126
scipy-powell,classical-kmeans,1,1914,31.7089,0.001126
scipy-powell,classical-kmeans,1,1915,31.7258,0.001126
scipy-powell,classical-kmeans,1,1916,31.7432,0.001126
scipy-powell,classical-kmeans,1,1917,31.7587,0.001126
scipy-powell,classical-kmeans,1,1918,31.7741,0.001126
scipy-powell,classical-kmeans,1,1930,31.9623,0.001126
scipy-powell,classical-kmeans,1,1932,31.9936,0.001125
scipy-powell,classical-kmeans,1,1933,32.0098,0.001125
scipy-powell,classical-kmeans,1,1934,32.0264,0.001125
scipy-powell,classical-kmeans,1,1936,32.0584,0.001125
scipy-powell,classical-kmeans,1,1937,32.0739,0.001125
scipy-powell,classical-kmeans,1,1938,32.0907,0.001125
scipy-powell,classical-kmeans,1,1939,32.1075,0.001125
scipy-powell,classical-kmeans,1,1942,32.1558,0.001125
scipy-powell,classical-kmeans,1,1950,32.2833,0.001125
scipy-powell,classical-kmeans,1,1954,32.3484,0.001125
scipy-powell,classical-kmeans,1,1955,32.3637,0.001125
scipy-powell,classical-kmeans,1,1956,32.3798,0.001125
scipy-powell,classical-kmeans,1,1957,32.3960,0.001125
scipy-powell,classical-kmeans,1,1958,32.4118,0.001125
scipy-powell,classical-kmeans,1,1959,32.4276,0.001125
scipy-powell,classical-kmeans,1,1960,32.4445,0.001125
scipy-de,classical-kmeans,1,0,0.0000,0.012884
opt-ga,classical-kmeans,1,0,0.0000,0.012884
opt-ga,classical-kmeans,1,1783,26.6854,0.012532
opt-pso,classical-kmeans,1,0,0.0000,0.012884
opt-aco,classical-kmeans,1,0,0.0000,0.012884
opt-aco,classical-kmeans,1,1845,25.1311,0.011837
opt-aco,classical-kmeans,1,1976,27.1089,0.011254
opt-gd,classical-kmeans,1,0,0.0000,0.012884
opt-gd,classical-kmeans,1,15,0.2917,0.012884
opt-gd,classical-kmeans,1,17,0.3239,0.012884
opt-gd,classical-kmeans,1,122,1.9445,0.008412
opt-gd,classical-kmeans,1,136,2.1670,0.008412
opt-gd,classical-kmeans,1,138,2.1987,0.008412
opt-gd,classical-kmeans,1,243,3.8529,0.005097
opt-gd,classical-kmeans,1,257,4.0976,0.005097
opt-gd,classical-kmeans,1,259,4.1342,0.005097
opt-gd,classical-kmeans,1,364,5.8359,0.003118
opt-gd,classical-kmeans,1,378,6.0509,0.003118
opt-gd,classical-kmeans,1,380,6.0813,0.003118
opt-gd,classical-kmeans,1,485,7.7676,0.002338
opt-gd,classical-kmeans,1,499,8.0003,0.002338
opt-gd,classical-kmeans,1,501,8.0336,0.002338
opt-gd,classical-kmeans,1,597,9.5607,0.002338
opt-gd,classical-kmeans,1,606,9.7089,0.001704
opt-gd,classical-kmeans,1,620,9.9369,0.001704
opt-gd,classical-kmeans,1,622,9.9692,0.001704
opt-gd,classical-kmeans,1,629,10.0811,0.001704
opt-gd,classical-kmeans,1,630,10.0964,0.001704
opt-gd,classical-kmeans,1,727,11.6430,0.001347
opt-gd,classical-kmeans,1,745,11.9240,0.001347
opt-gd,classical-kmeans,1,752,12.0319,0.001347
opt-gd,classical-kmeans,1,754,12.0641,0.001347
opt-gd,classical-kmeans,1,758,12.1293,0.001347
opt-gd,classical-kmeans,1,759,12.1456,0.001347
opt-gd,classical-kmeans,1,762,12.1908,0.001347
opt-gd,classical-kmeans,1,763,12.2057,0.001347
opt-gd,classical-kmeans,1,848,13.5379,0.001334
opt-gd,classical-kmeans,1,861,13.7412,0.001334
opt-gd,classical-kmeans,1,863,13.7725,0.001334
opt-gd,classical-kmeans,1,873,13.9289,0.001334
opt-gd,classical-kmeans,1,875,13.9607,0.001334
opt-gd,classical-kmeans,1,883,14.0849,0.001334
opt-gd,classical-kmeans,1,884,14.1003,0.001334
opt-gd,classical-kmeans,1,969,15.5122,0.001291
opt-gd,classical-kmeans,1,982,15.7249,0.001291
opt-gd,classical-kmeans,1,984,15.7578,0.001291
opt-gd,classical-kmeans,1,1028,16.5230,0.001291
opt-gd,classical-kmeans,1,1029,16.5399,0.001291
opt-gd,classical-kmeans,1,1090,17.5984,0.001265
opt-gd,classical-kmeans,1,1103,17.8054,0.001265
opt-gd,classical-kmeans,1,1105,17.8354,0.001265
opt-gd,classical-kmeans,1,1150,18.5203,0.001265
opt-gd,classical-kmeans,1,1206,19.3733,0.001265
opt-gd,classical-kmeans,1,1209,19.4200,0.001265
opt-gd,classical-kmeans,1,1210,19.4362,0.001265
opt-gd,classical-kmeans,1,1211,19.4532,0.001232
opt-gd,classical-kmeans,1,1218,19.5667,0.001232
opt-gd,classical-kmeans,1,1219,19.5838,0.001232
opt-gd,classical-kmeans,1,1220,19.6002,0.001232
opt-gd,classical-kmeans,1,1221,19.6161,0.001232
opt-gd,classical-kmeans,1,1224,19.6625,0.001232
opt-gd,classical-kmeans,1,1226,19.6929,0.001232
opt-gd,classical-kmeans,1,1247,20.0215,0.001232
opt-gd,classical-kmeans,1,1290,20.7250,0.001232
opt-gd,classical-kmeans,1,1291,20.7418,0.001232
opt-gd,classical-kmeans,1,1332,21.4160,0.001193
opt-gd,classical-kmeans,1,1345,21.6292,0.001193
opt-gd,classical-kmeans,1,1347,21.6625,0.001193
opt-gd,classical-kmeans,1,1392,22.4122,0.001193
opt-gd,classical-kmeans,1,1447,23.3358,0.001193
opt-gd,classical-kmeans,1,1448,23.3532,0.001193
opt-gd,classical-kmeans,1,1452,23.4169,0.001193
opt-gd,classical-kmeans,1,1574,25.4645,0.001169
opt-gd,classical-kmeans,1,1581,25.5707,0.001169
opt-gd,classical-kmeans,1,1582,25.5861,0.001169
opt-gd,classical-kmeans,1,1583,25.6015,0.001169
opt-gd,classical-kmeans,1,1584,25.6164,0.001169
opt-gd,classical-kmeans,1,1587,25.6628,0.001169
opt-gd,classical-kmeans,1,1589,25.6930,0.001169
opt-gd,classical-kmeans,1,1610,26.0189,0.001169
opt-gd,classical-kmeans,1,1653,26.6874,0.001169
opt-gd,classical-kmeans,1,1654,26.7025,0.001169
opt-gd,classical-kmeans,1,1695,27.3373,0.001154
opt-gd,classical-kmeans,1,1708,27.5342,0.001154
opt-gd,classical-kmeans,1,1710,27.5638,0.001154
opt-gd,classical-kmeans,1,1731,27.8977,0.001154
opt-gd,classical-kmeans,1,1755,28.2969,0.001154
opt-gd,classical-kmeans,1,1778,28.6594,0.001154
opt-gd,classical-kmeans,1,1810,29.1526,0.001154
opt-gd,classical-kmeans,1,1811,29.1678,0.001154
opt-gd,classical-kmeans,1,1815,29.2283,0.001154
opt-gd,classical-kmeans,1,1937,31.1682,0.001133
opt-gd,classical-kmeans,1,1951,31.3862,0.001133
opt-gd,classical-kmeans,1,1953,31.4177,0.001133
opt-gd,classical-kmeans,1,1963,31.5694,0.001133
opt-gd,classical-kmeans,1,1965,31.5988,0.001133
none,classical-kmeans,2,0,0.0000,0.026781
scipy-lbfgsb,classical-kmeans,2,0,0.0000,0.026781
scipy-lbfgsb,classical-kmeans,2,18,0.3063,0.026781
scipy-lbfgsb,classical-kmeans,2,21,0.3538,0.026779
scipy-lbfgsb,classical-kmeans,2,23,0.3858,0.026778
scipy-lbfgsb,classical-kmeans,2,122,1.9743,0.020289
scipy-lbfgsb,classical-kmeans,2,135,2.1947,0.020289
scipy-lbfgsb,classical-kmeans,2,136,2.2114,0.020289
scipy-lbfgsb,classical-kmeans,2,142,2.3134,0.020288
scipy-lbfgsb,classical-kmeans,2,144,2.3469,0.020287
scipy-lbfgsb,classical-kmeans,2,243,4.0641,0.013938
scipy-lbfgsb,classical-kmeans,2,256,4.2983,0.013938
scipy-lbfgsb,classical-kmeans,2,257,4.3156,0.013938
scipy-lbfgsb,classical-kmeans,2,259,4.3507,0.013938
scipy-lbfgsb,classical-kmeans,2,263,4.4215,0.013937
scipy-lbfgsb,classical-kmeans,2,265,4.4561,0.013937
scipy-lbfgsb,classical-kmeans,2,349,5.9275,0.013937
scipy-lbfgsb,classical-kmeans,2,364,6.1859,0.007370
scipy-lbfgsb,classical-kmeans,2,365,6.2037,0.007370
scipy-lbfgsb,classical-kmeans,2,366,6.2213,0.007370
scipy-lbfgsb,classical-kmeans,2,377,6.4191,0.007370
scipy-lbfgsb,classical-kmeans,2,378,6.4368,0.007370
scipy-lbfgsb,classical-kmeans,2,384,6.5449,0.007370
scipy-lbfgsb,classical-kmeans,2,386,6.5805,0.007370
scipy-lbfgsb,classical-kmeans,2,396,6.7645,0.007370
scipy-lbfgsb,classical-kmeans,2,398,6.8010,0.007370
scipy-lbfgsb,classical-kmeans,2,405,6.9295,0.007370
scipy-lbfgsb,classical-kmeans,2,406,6.9476,0.007366
scipy-lbfgsb,classical-kmeans,2,485,8.3755,0.006091
scipy-lbfgsb,classical-kmeans,2,486,8.3930,0.006091
scipy-lbfgsb,classical-kmeans,2,487,8.4108,0.006091
scipy-lbfgsb,classical-kmeans,2,498,8.6047,0.006091
scipy-lbfgsb,classical-kmeans,2,499,8.6219,0.006091
scipy-lbfgsb,classical-kmeans,2,505,8.7267,0.006090
scipy-lbfgsb,classical-kmeans,2,517,8.9365,0.006090
scipy-lbfgsb,classical-kmeans,2,529,9.1476,0.006090
scipy-lbfgsb,classical-kmeans,2,545,9.4330,0.006090
scipy-lbfgsb,classical-kmeans,2,727,12.7457,0.005762
scipy-lbfgsb,classical-kmeans,2,728,12.7634,0.005762
scipy-lbfgsb,classical-kmeans,2,729,12.7825,0.005762
scipy-lbfgsb,classical-kmeans,2,740,12.9827,0.005762
scipy-lbfgsb,classical-kmeans,2,741,13.0001,0.005762
scipy-lbfgsb,classical-kmeans,2,747,13.1070,0.005762
scipy-lbfgsb,classical-kmeans,2,759,13.3262,0.005762
scipy-lbfgsb,classical-kmeans,2,771,13.5473,0.005762
scipy-lbfgsb,classical-kmeans,2,787,13.8325,0.005761
scipy-lbfgsb,classical-kmeans,2,791,13.9060,0.005761
scipy-lbfgsb,classical-kmeans,2,793,13.9424,0.005761
scipy-lbfgsb,classical-kmeans,2,848,14.9445,0.005609
scipy-lbfgsb,classical-kmeans,2,849,14.9631,0.005609
scipy-lbfgsb,classical-kmeans,2,850,14.9815,0.005609
scipy-lbfgsb,classical-kmeans,2,861,15.1815,0.005609
scipy-lbfgsb,classical-kmeans,2,862,15.1997,0.005609
scipy-lbfgsb,classical-kmeans,2,868,15.3103,0.005609
scipy-lbfgsb,classical-kmeans,2,874,15.4199,0.005609
scipy-lbfgsb,classical-kmeans,2,880,15.5306,0.005609
scipy-lbfgsb,classical-kmeans,2,892,15.7489,0.005609
scipy-lbfgsb,classical-kmeans,2,908,16.0395,0.005609
scipy-lbfgsb,classical-kmeans,2,912,16.1104,0.005609
scipy-lbfgsb,classical-kmeans,2,914,16.1454,0.005609
scipy-lbfgsb,classical-kmeans,2,969,17.1435,0.005325
scipy-lbfgsb,classical-kmeans,2,970,17.1614,0.005325
scipy-lbfgsb,classical-kmeans,2,971,17.1793,0.005325
scipy-lbfgsb,classical-kmeans,2,982,17.3780,0.005325
scipy-lbfgsb,classical-kmeans,2,983,17.3962,0.005325
scipy-lbfgsb,classical-kmeans,2,985,17.4318,0.005325
scipy-lbfgsb,classical-kmeans,2,1029,18.2314,0.005325
scipy-lbfgsb,classical-kmeans,2,1033,18.3043,0.005324
scipy-lbfgsb,classical-kmeans,2,1035,18.3403,0.005324
scipy-lbfgsb,classical-kmeans,2,1090,19.3343,0.005011
scipy-lbfgsb,classical-kmeans,2,1091,19.3527,0.005011
scipy-lbfgsb,classical-kmeans,2,1092,19.3708,0.005011
scipy-lbfgsb,classical-kmeans,2,1103,19.5746,0.005011
scipy-lbfgsb,classical-kmeans,2,1104,19.5939,0.005011
scipy-lbfgsb,classical-kmeans,2,1115,19.7945,0.005011
scipy-lbfgsb,classical-kmeans,2,1116,19.8125,0.005011
scipy-lbfgsb,classical-kmeans,2,1131,20.6592,0.005011
scipy-lbfgsb,classical-kmeans,2,1132,20.6773,0.005010
scipy-lbfgsb,classical-kmeans,2,1211,22.1277,0.005008
scipy-lbfgsb,classical-kmeans,2,1224,22.3622,0.005008
scipy-lbfgsb,classical-kmeans,2,1225,22.3803,0.005008
scipy-lbfgsb,classical-kmeans,2,1231,22.4880,0.005008
scipy-lbfgsb,classical-kmeans,2,1237,22.5987,0.005008
scipy-lbfgsb,classical-kmeans,2,1271,23.2325,0.005008
scipy-lbfgsb,classical-kmeans,2,1332,24.5474,0.004963
scipy-lbfgsb,classical-kmeans,2,1345,24.7963,0.004963
scipy-lbfgsb,classical-kmeans,2,1346,24.8138,0.004963
scipy-lbfgsb,classical-kmeans,2,1357,25.0117,0.004963
scipy-lbfgsb,classical-kmeans,2,1358,25.0301,0.004963
scipy-lbfgsb,classical-kmeans,2,1374,25.3159,0.004963
scipy-lbfgsb,classical-kmeans,2,1453,26.8085,0.004897
scipy-lbfgsb,classical-kmeans,2,1454,26.8287,0.004897
scipy-lbfgsb,classical-kmeans,2,1455,26.8484,0.004897
scipy-lbfgsb,classical-kmeans,2,1466,27.0677,0.004897
scipy-lbfgsb,classical-kmeans,2,1467,27.0865,0.004897
scipy-lbfgsb,classical-kmeans,2,1478,27.2857,0.004897
scipy-lbfgsb,classical-kmeans,2,1479,27.3045,0.004896
scipy-lbfgsb,classical-kmeans,2,1480,27.3230,0.004896
scipy-lbfgsb,classical-kmeans,2,1481,27.3418,0.004896
scipy-lbfgsb,classical-kmeans,2,1495,27.5985,0.004896
scipy-lbfgsb,classical-kmeans,2,1574,29.0438,0.004891
scipy-lbfgsb,classical-kmeans,2,1587,29.2840,0.004891
scipy-lbfgsb,classical-kmeans,2,1588,29.3025,0.004891
scipy-lbfgsb,classical-kmeans,2,1599,29.5040,0.004891
scipy-lbfgsb,classical-kmeans,2,1600,29.5220,0.004891
scipy-lbfgsb,classical-kmeans,2,1636,30.1910,0.004891
scipy-lbfgsb,classical-kmeans,2,1637,30.2096,0.004891
scipy-lbfgsb,classical-kmeans,2,1638,30.2276,0.004891
scipy-lbfgsb,classical-kmeans,2,1640,30.2653,0.004891
scipy-lbfgsb,classical-kmeans,2,1695,31.2869,0.004866
scipy-lbfgsb,classical-kmeans,2,1708,31.5227,0.004866
scipy-lbfgsb,classical-kmeans,2,1709,31.5407,0.004866
scipy-lbfgsb,classical-kmeans,2,1720,31.7394,0.004866
scipy-lbfgsb,classical-kmeans,2,1721,31.7588,0.004866
scipy-lbfgsb,classical-kmeans,2,1757,32.4243,0.004866
scipy-lbfgsb,classical-kmeans,2,1759,32.4635,0.004865
scipy-lbfgsb,classical-kmeans,2,1761,32.5020,0.004865
scipy-lbfgsb,classical-kmeans,2,1816,33.5127,0.004826
scipy-lbfgsb,classical-kmeans,2,1829,33.7731,0.004826
scipy-lbfgsb,classical-kmeans,2,1830,33.7937,0.004826
scipy-lbfgsb,classical-kmeans,2,1841,34.0163,0.004826
scipy-lbfgsb,classical-kmeans,2,1842,34.0364,0.004826
scipy-lbfgsb,classical-kmeans,2,1844,34.0765,0.004826
scipy-lbfgsb,classical-kmeans,2,1937,35.9669,0.004801
scipy-lbfgsb,classical-kmeans,2,1938,35.9835,0.004801
scipy-lbfgsb,classical-kmeans,2,1939,36.0004,0.004801
scipy-lbfgsb,classical-kmeans,2,1950,36.1904,0.004801
scipy-lbfgsb,classical-kmeans,2,1951,36.2074,0.004801
scipy-lbfgsb,classical-kmeans,2,1962,36.3943,0.004801
scipy-lbfgsb,classical-kmeans,2,1963,36.4114,0.004801
scipy-lbfgsb,classical-kmeans,2,1964,36.4277,0.004801
scipy-lbfgsb,classical-kmeans,2,1965,36.4444,0.004801
scipy-powell,classical-kmeans,2,0,0.0000,0.026781
scipy-powell,classical-kmeans,2,7,0.1328,0.026781
scipy-powell,classical-kmeans,2,8,0.1487,0.026781
scipy-powell,classical-kmeans,2,34,0.5701,0.026781
scipy-powell,classical-kmeans,2,35,0.5861,0.026781
scipy-powell,classical-kmeans,2,36,0.6020,0.026781
scipy-powell,classical-kmeans,2,37,0.6179,0.026781
scipy-powell,classical-kmeans,2,43,0.7177,0.026781
scipy-powell,classical-kmeans,2,48,0.8007,0.014793
scipy-powell,classical-kmeans,2,51,0.8593,0.014785
scipy-powell,classical-kmeans,2,52,0.8788,0.014782
scipy-powell,classical-kmeans,2,53,0.8988,0.014781
scipy-powell,classical-kmeans,2,55,0.9376,0.014781
scipy-powell,classical-kmeans,2,56,0.9586,0.014781
scipy-powell,classical-kmeans,2,57,0.9776,0.014781
scipy-powell,classical-kmeans,2,58,0.9948,0.014781
scipy-powell,classical-kmeans,2,59,1.0124,0.014781
scipy-powell,classical-kmeans,2,60,1.0294,0.014781
scipy-powell,classical-kmeans,2,61,1.0464,0.014781
scipy-powell,classical-kmeans,2,67,1.1505,0.014772
scipy-powell,classical-kmeans,2,69,1.1836,0.014772
scipy-powell,classical-kmeans,2,72,1.2318,0.014772
scipy-powell,classical-kmeans,2,74,1.2671,0.014772
scipy-powell,classical-kmeans,2,75,1.2848,0.014772
scipy-powell,classical-kmeans,2,76,1.3020,0.014772
scipy-powell,classical-kmeans,2,77,1.3201,0.014772
scipy-powell,classical-kmeans,2,78,1.3380,0.014772
scipy-powell,classical-kmeans,2,90,1.5529,0.009886
scipy-powell,classical-kmeans,2,92,1.5868,0.009480
scipy-powell,classical-kmeans,2,93,1.6027,0.009480
scipy-powell,classical-kmeans,2,94,1.6189,0.009476
scipy-powell,classical-kmeans,2,95,1.6353,0.009476
scipy-powell,classical-kmeans,2,96,1.6516,0.009476
scipy-powell,classical-kmeans,2,98,1.6839,0.009476
scipy-powell,classical-kmeans,2,99,1.6998,0.009476
scipy-powell,classical-kmeans,2,100,1.7156,0.009476
scipy-powell,classical-kmeans,2,101,1.7318,0.009476
scipy-powell,classical-kmeans,2,102,1.7483,0.009476
scipy-powell,classical-kmeans,2,103,1.7650,0.009476
scipy-powell,classical-kmeans,2,109,1.8637,0.009471
scipy-powell,classical-kmeans,2,113,1.9301,0.009471
scipy-powell,classical-kmeans,2,114,1.9477,0.009471
scipy-powell,classical-kmeans,2,116,1.9814,0.009471
scipy-powell,classical-kmeans,2,118,2.0142,0.009471
scipy-powell,classical-kmeans,2,119,2.0307,0.009471
scipy-powell,classical-kmeans,2,120,2.0476,0.009471
scipy-powell,classical-kmeans,2,121,2.0642,0.009471
scipy-powell,classical-kmeans,2,122,2.0814,0.009471
scipy-powell,classical-kmeans,2,123,2.0981,0.009471
scipy-powell,classical-kmeans,2,126,2.1463,0.009471
scipy-powell,classical-kmeans,2,453,7.6571,0.009471
scipy-powell,classical-kmeans,2,454,7.6732,0.009471
scipy-powell,classical-kmeans,2,455,7.6899,0.009471
scipy-powell,classical-kmeans,2,459,7.7589,0.009471
scipy-powell,classical-kmeans,2,477,8.0652,0.009471
scipy-powell,classical-kmeans,2,478,8.0821,0.009471
scipy-powell,classical-kmeans,2,479,8.0990,0.009471
scipy-powell,classical-kmeans,2,480,8.1158,0.009471
scipy-powell,classical-kmeans,2,482,8.1500,0.009471
scipy-powell,classical-kmeans,2,496,8.3917,0.009471
scipy-powell,classical-kmeans,2,497,8.4089,0.009471
scipy-powell,classical-kmeans,2,512,8.6594,0.009471
scipy-powell,classical-kmeans,2,513,8.6754,0.009471
scipy-powell,classical-kmeans,2,514,8.6911,0.009471
scipy-powell,classical-kmeans,2,532,8.9821,0.009471
scipy-powell,classical-kmeans,2,533,8.9981,0.009471
scipy-powell,classical-kmeans,2,534,9.0140,0.009471
scipy-powell,classical-kmeans,2,538,9.0790,0.009471
scipy-powell,classical-kmeans,2,548,9.2384,0.009471
scipy-powell,classical-kmeans,2,549,9.2554,0.009471
scipy-powell,classical-kmeans,2,558,9.4009,0.009458
scipy-powell,classical-kmeans,2,560,9.4333,0.009458
scipy-powell,classical-kmeans,2,561,9.4501,0.009458
scipy-powell,classical-kmeans,2,562,9.4667,0.009458
scipy-powell,classical-kmeans,2,563,9.4830,0.009458
scipy-powell,classical-kmeans,2,564,9.5001,0.009458
scipy-powell,classical-kmeans,2,571,9.6164,0.009454
scipy-powell,classical-kmeans,2,573,9.6507,0.009446
scipy-powell,classical-kmeans,2,574,9.6670,0.009446
scipy-powell,classical-kmeans,2,575,9.6837,0.009446
scipy-powell,classical-kmeans,2,576,9.7010,0.009446
scipy-powell,classical-kmeans,2,577,9.7177,0.009446
scipy-powell,classical-kmeans,2,578,9.7365,0.009446
scipy-powell,classical-kmeans,2,579,9.7527,0.009446
scipy-powell,classical-kmeans,2,586,9.8754,0.009446
scipy-powell,classical-kmeans,2,587,9.8931,0.009445
scipy-powell,classical-kmeans,2,588,9.9093,0.009445
scipy-powell,classical-kmeans,2,589,9.9251,0.009445
scipy-powell,classical-kmeans,2,590,9.9417,0.009445
scipy-powell,classical-kmeans,2,591,9.9583,0.009445
scipy-powell,classical-kmeans,2,601,10.1223,0.009443
scipy-powell,classical-kmeans,2,602,10.1392,0.009443
scipy-powell,classical-kmeans,2,603,10.1552,0.009443
scipy-powell,classical-kmeans,2,604,10.1712,0.009443
scipy-powell,classical-kmeans,2,605,10.1876,0.009443
scipy-powell,classical-kmeans,2,619,10.4163,0.009443
scipy-powell,classical-kmeans,2,620,10.4328,0.009443
scipy-powell,classical-kmeans,2,621,10.4493,0.009443
scipy-powell,classical-kmeans,2,622,10.4657,0.009443
scipy-powell,classical-kmeans,2,633,10.6481,0.009443
scipy-powell,classical-kmeans,2,634,10.6645,0.009443
scipy-powell,classical-kmeans,2,635,10.6821,0.009443
scipy-powell,classical-kmeans,2,636,10.6988,0.009443
scipy-powell,classical-kmeans,2,646,10.8635,0.009407
scipy-powell,classical-kmeans,2,647,10.8797,0.009329
scipy-powell,classical-kmeans,2,648,10.8956,0.009281
scipy-powell,classical-kmeans,2,649,10.9124,0.009252
scipy-powell,classical-kmeans,2,650,10.9286,0.009234
scipy-powell,classical-kmeans,2,651,10.9450,0.009223
scipy-powell,classical-kmeans,2,652,10.9618,0.009216
scipy-powell,classical-kmeans,2,653,10.9785,0.009212
scipy-powell,classical-kmeans,2,654,10.9940,0.009209
scipy-powell,classical-kmeans,2,655,11.0107,0.009208
scipy-powell,classical-kmeans,2,656,11.0282,0.009207
scipy-powell,classical-kmeans,2,657,11.0439,0.009206
scipy-powell,classical-kmeans,2,658,11.0601,0.009206
scipy-powell,classical-kmeans,2,659,11.0753,0.009205
scipy-powell,classical-kmeans,2,660,11.0911,0.009205
scipy-powell,classical-kmeans,2,661,11.1069,0.009205
scipy-powell,classical-kmeans,2,662,11.1238,0.009205
scipy-powell,classical-kmeans,2,663,11.1401,0.009205
scipy-powell,classical-kmeans,2,664,11.1570,0.009205
scipy-powell,classical-kmeans,2,665,11.1738,0.009205
scipy-powell,classical-kmeans,2,666,11.1905,0.009205
scipy-powell,classical-kmeans,2,667,11.2067,0.009205
scipy-powell,classical-kmeans,2,668,11.2239,0.009205
scipy-powell,classical-kmeans,2,669,11.2396,0.009205
scipy-powell,classical-kmeans,2,670,11.2560,0.009205
scipy-powell,classical-kmeans,2,671,11.2728,0.009205
scipy-powell,classical-kmeans,2,672,11.2884,0.009205
scipy-powell,classical-kmeans,2,673,11.3039,0.009205
scipy-powell,classical-kmeans,2,674,11.3203,0.009205
scipy-powell,classical-kmeans,2,675,11.3377,0.009205
scipy-powell,classical-kmeans,2,676,11.3535,0.009205
scipy-powell,classical-kmeans,2,677,11.3704,0.009205
scipy-powell,classical-kmeans,2,678,11.3872,0.009205
scipy-powell,classical-kmeans,2,679,11.4037,0.009205
scipy-powell,classical-kmeans,2,680,11.4212,0.009205
scipy-powell,classical-kmeans,2,683,11.4690,0.008725
scipy-powell,classical-kmeans,2,684,11.4852,0.008359
scipy-powell,classical-kmeans,2,689,11.5665,0.008358
scipy-powell,classical-kmeans,2,693,11.6307,0.008358
scipy-powell,classical-kmeans,2,694,11.6475,0.008358
scipy-powell,classical-kmeans,2,695,11.6638,0.008358
scipy-powell,classical-kmeans,2,696,11.6807,0.008358
scipy-powell,classical-kmeans,2,697,11.6965,0.008358
scipy-powell,classical-kmeans,2,698,11.7129,0.008358
scipy-powell,classical-kmeans,2,707,11.8576,0.008330
scipy-powell,classical-kmeans,2,708,11.8734,0.008297
scipy-powell,classical-kmeans,2,709,11.8904,0.008277
scipy-powell,classical-kmeans,2,710,11.9066,0.008265
scipy-powell,classical-kmeans,2,711,11.9221,0.008258
scipy-powell,classical-kmeans,2,712,11.9380,0.008253
scipy-powell,classical-kmeans,2,713,11.9537,0.008251
scipy-powell,classical-kmeans,2,714,11.9696,0.008249
scipy-powell,classical-kmeans,2,715,11.9860,0.008248
scipy-powell,classical-kmeans,2,716,12.0019,0.008247
scipy-powell,classical-kmeans,2,717,12.0183,0.008247
scipy-powell,classical-kmeans,2,718,12.0343,0.008247
scipy-powell,classical-kmeans,2,719,12.0502,0.008246
scipy-powell,classical-kmeans,2,720,12.0667,0.008246
scipy-powell,classical-kmeans,2,721,12.0827,0.008246
scipy-powell,classical-kmeans,2,722,12.0989,0.008246
scipy-powell,classical-kmeans,2,723,12.1149,0.008246
scipy-powell,classical-kmeans,2,724,12.1312,0.008246
scipy-powell,classical-kmeans,2,725,12.1476,0.008246
scipy-powell,classical-kmeans,2,726,12.1634,0.008246
scipy-powell,classical-kmeans,2,727,12.1789,0.008246
scipy-powell,classical-kmeans,2,728,12.1952,0.008246
scipy-powell,classical-kmeans,2,729,12.2118,0.008246
scipy-powell,classical-kmeans,2,730,12.2288,0.008246
scipy-powell,classical-kmeans,2,731,12.2453,0.008246
scipy-powell,classical-kmeans,2,732,12.2613,0.008246
scipy-powell,classical-kmeans,2,733,12.2773,0.008246
scipy-powell,classical-kmeans,2,734,12.2934,0.008246
scipy-powell,classical-kmeans,2,735,12.3102,0.008246
scipy-powell,classical-kmeans,2,736,12.3274,0.008246
scipy-powell,classical-kmeans,2,737,12.3441,0.008246
scipy-powell,classical-kmeans,2,738,12.3601,0.008246
scipy-powell,classical-kmeans,2,739,12.3762,0.008246
scipy-powell,classical-kmeans,2,743,12.4395,0.007688
scipy-powell,classical-kmeans,2,744,12.4553,0.007683
scipy-powell,classical-kmeans,2,745,12.4714,0.007681
scipy-powell,classical-kmeans,2,747,12.5035,0.007680
scipy-powell,classical-kmeans,2,749,12.5354,0.007680
scipy-powell,classical-kmeans,2,750,12.5509,0.007680
scipy-powell,classical-kmeans,2,752,12.5827,0.007680
scipy-powell,classical-kmeans,2,753,12.5993,0.007680
scipy-powell,classical-kmeans,2,754,12.6158,0.007680
scipy-powell,classical-kmeans,2,755,12.6326,0.007680
scipy-powell,classical-kmeans,2,756,12.6497,0.007680
scipy-powell,classical-kmeans,2,768,12.8483,0.007679
scipy-powell,classical-kmeans,2,769,12.8644,0.007678
scipy-powell,classical-kmeans,2,770,12.8800,0.007678
scipy-powell,classical-kmeans,2,771,12.8962,0.007677
scipy-powell,classical-kmeans,2,772,12.9122,0.007677
scipy-powell,classical-kmeans,2,773,12.9286,0.007677
scipy-powell,classical-kmeans,2,774,12.9451,0.007677
scipy-powell,classical-kmeans,2,775,12.9616,0.007677
scipy-powell,classical-kmeans,2,776,12.9782,0.007677
scipy-powell,classical-kmeans,2,777,12.9950,0.007677
scipy-powell,classical-kmeans,2,778,13.0117,0.007677
scipy-powell,classical-kmeans,2,779,13.0282,0.007677
scipy-powell,classical-kmeans,2,780,13.0451,0.007677
scipy-powell,classical-kmeans,2,781,13.0617,0.007677
scipy-powell,classical-kmeans,2,782,13.0783,0.007677
scipy-powell,classical-kmeans,2,783,13.0949,0.007677
scipy-powell,classical-kmeans,2,784,13.1113,0.007677
scipy-powell,classical-kmeans,2,785,13.1279,0.007677
scipy-powell,classical-kmeans,2,786,13.1444,0.007677
scipy-powell,classical-kmeans,2,787,13.1609,0.007677
scipy-powell,classical-kmeans,2,788,13.1774,0.007677
scipy-powell,classical-kmeans,2,789,13.1940,0.007677
scipy-powell,classical-kmeans,2,790,13.2103,0.007677
scipy-powell,classical-kmeans,2,791,13.2269,0.007677
scipy-powell,classical-kmeans,2,792,13.2434,0.007677
scipy-powell,classical-kmeans,2,793,13.2599,0.007677
scipy-powell,classical-kmeans,2,794,13.2763,0.007677
scipy-powell,classical-kmeans,2,795,13.2933,0.007677
scipy-powell,classical-kmeans,2,796,13.3103,0.007677
scipy-powell,classical-kmeans,2,797,13.3273,0.007677
scipy-powell,classical-kmeans,2,798,13.3437,0.007677
scipy-powell,classical-kmeans,2,799,13.3596,0.007677
scipy-powell,classical-kmeans,2,804,13.4404,0.007676
scipy-powell,classical-kmeans,2,805,13.4569,0.007675
scipy-powell,classical-kmeans,2,807,13.4897,0.007675
scipy-powell,classical-kmeans,2,808,13.5063,0.007675
scipy-powell,classical-kmeans,2,809,13.5229,0.007675
scipy-powell,classical-kmeans,2,811,13.5561,0.007675
scipy-powell,classical-kmeans,2,814,13.6051,0.007675
scipy-powell,classical-kmeans,2,815,13.6215,0.007675
scipy-powell,classical-kmeans,2,822,13.7374,0.007657
scipy-powell,classical-kmeans,2,823,13.7538,0.007642
scipy-powell,classical-kmeans,2,824,13.7704,0.007636
scipy-powell,classical-kmeans,2,825,13.7873,0.007633
scipy-powell,classical-kmeans,2,826,13.8033,0.007631
scipy-powell,classical-kmeans,2,827,13.8194,0.007631
scipy-powell,classical-kmeans,2,828,13.8355,0.007630
scipy-powell,classical-kmeans,2,829,13.8524,0.007630
scipy-powell,classical-kmeans,2,830,13.8689,0.007630
scipy-powell,classical-kmeans,2,831,13.8851,0.007630
scipy-powell,classical-kmeans,2,832,13.9017,0.007630
scipy-powell,classical-kmeans,2,833,13.9186,0.007630
scipy-powell,classical-kmeans,2,834,13.9357,0.007630
scipy-powell,classical-kmeans,2,835,13.9525,0.007630
scipy-powell,classical-kmeans,2,836,13.9691,0.007630
scipy-powell,classical-kmeans,2,837,13.9856,0.007630
scipy-powell,classical-kmeans,2,838,14.0022,0.007630
scipy-powell,classical-kmeans,2,839,14.0187,0.007630
scipy-powell,classical-kmeans,2,840,14.0351,0.007630
scipy-powell,classical-kmeans,2,841,14.0517,0.007630
scipy-powell,classical-kmeans,2,842,14.0677,0.007630
scipy-powell,classical-kmeans,2,843,14.0840,0.007630
scipy-powell,classical-kmeans,2,844,14.0998,0.007630
scipy-powell,classical-kmeans,2,845,14.1153,0.007630
scipy-powell,classical-kmeans,2,846,14.1307,0.007630
scipy-powell,classical-kmeans,2,847,14.1461,0.007630
scipy-powell,classical-kmeans,2,848,14.1617,0.007630
scipy-powell,classical-kmeans,2,849,14.1772,0.007630
scipy-powell,classical-kmeans,2,850,14.1926,0.007630
scipy-powell,classical-kmeans,2,851,14.2079,0.007630
scipy-powell,classical-kmeans,2,852,14.2240,0.007630
scipy-powell,classical-kmeans,2,853,14.2394,0.007630
scipy-powell,classical-kmeans,2,854,14.2549,0.007630
scipy-powell,classical-kmeans,2,855,14.2710,0.007630
scipy-powell,classical-kmeans,2,856,14.2870,0.007630
scipy-powell,classical-kmeans,2,857,14.3027,0.007628
scipy-powell,classical-kmeans,2,859,14.3364,0.007602
scipy-powell,classical-kmeans,2,860,14.3532,0.007601
scipy-powell,classical-kmeans,2,861,14.3699,0.007600
scipy-powell,classical-kmeans,2,863,14.4017,0.007600
scipy-powell,classical-kmeans,2,864,14.4177,0.007600
scipy-powell,classical-kmeans,2,865,14.4335,0.007600
scipy-powell,classical-kmeans,2,866,14.4490,0.007600
scipy-powell,classical-kmeans,2,869,14.4952,0.007600
scipy-powell,classical-kmeans,2,875,14.5890,0.007563
scipy-powell,classical-kmeans,2,876,14.6046,0.007528
scipy-powell,classical-kmeans,2,877,14.6202,0.007509
scipy-powell,classical-kmeans,2,878,14.6358,0.007498
scipy-powell,classical-kmeans,2,879,14.6515,0.007492
scipy-powell,classical-kmeans,2,880,14.6667,0.007489
scipy-powell,classical-kmeans,2,881,14.6821,0.007486
scipy-powell,classical-kmeans,2,882,14.6975,0.007485
scipy-powell,classical-kmeans,2,883,14.7133,0.007484
scipy-powell,classical-kmeans,2,884,14.7292,0.007484
scipy-powell,classical-kmeans,2,885,14.7455,0.007483
scipy-powell,classical-kmeans,2,886,14.7610,0.007483
scipy-powell,classical-kmeans,2,887,14.7763,0.007483
scipy-powell,classical-kmeans,2,888,14.7921,0.007483
scipy-powell,classical-kmeans,2,889,14.8084,0.007483
scipy-powell,classical-kmeans,2,890,14.8241,0.007483
scipy-powell,classical-kmeans,2,891,14.8393,0.007483
scipy-powell,classical-kmeans,2,892,14.8553,0.007483
scipy-powell,classical-kmeans,2,893,14.8716,0.007483
scipy-powell,classical-kmeans,2,894,14.8875,0.007483
scipy-powell,classical-kmeans,2,895,14.9037,0.007483
scipy-powell,classical-kmeans,2,896,14.9194,0.007483
scipy-powell,classical-kmeans,2,897,14.9354,0.007483
scipy-powell,classical-kmeans,2,898,14.9511,0.007483
scipy-powell,classical-kmeans,2,899,14.9667,0.007483
scipy-powell,classical-kmeans,2,900,14.9826,0.007483
scipy-powell,classical-kmeans,2,901,14.9997,0.007483
scipy-powell,classical-kmeans,2,902,15.0165,0.007483
scipy-powell,classical-kmeans,2,903,15.0334,0.007483
scipy-powell,classical-kmeans,2,904,15.0496,0.007483
scipy-powell,classical-kmeans,2,905,15.0664,0.007483
scipy-powell,classical-kmeans,2,906,15.0832,0.007483
scipy-powell,classical-kmeans,2,907,15.0997,0.007483
scipy-powell,classical-kmeans,2,908,15.1167,0.007483
scipy-powell,classical-kmeans,2,909,15.1341,0.007483
scipy-powell,classical-kmeans,2,910,15.1505,0.007477
scipy-powell,classical-kmeans,2,912,15.1835,0.007372
scipy-powell,classical-kmeans,2,916,15.2485,0.007372
scipy-powell,classical-kmeans,2,917,15.2649,0.007372
scipy-powell,classical-kmeans,2,919,15.2976,0.007372
scipy-powell,classical-kmeans,2,921,15.3302,0.007372
scipy-powell,classical-kmeans,2,922,15.3463,0.007372
scipy-powell,classical-kmeans,2,924,15.3793,0.007372
scipy-powell,classical-kmeans,2,937,15.5943,0.007339
scipy-powell,classical-kmeans,2,938,15.6114,0.007310
scipy-powell,classical-kmeans,2,939,15.6280,0.007293
scipy-powell,classical-kmeans,2,940,15.6445,0.007284
scipy-powell,classical-kmeans,2,941,15.6615,0.007279
scipy-powell,classical-kmeans,2,942,15.6782,0.007275
scipy-powell,classical-kmeans,2,943,15.6949,0.007273
scipy-powell,classical-kmeans,2,944,15.7113,0.007272
scipy-powell,classical-kmeans,2,945,15.7280,0.007272
scipy-powell,classical-kmeans,2,946,15.7447,0.007271
scipy-powell,classical-kmeans,2,947,15.7621,0.007271
scipy-powell,classical-kmeans,2,948,15.7790,0.007271
scipy-powell,classical-kmeans,2,949,15.7957,0.007271
scipy-powell,classical-kmeans,2,950,15.8117,0.007270
scipy-powell,classical-kmeans,2,951,15.8284,0.007270
scipy-powell,classical-kmeans,2,952,15.8444,0.007270
scipy-powell,classical-kmeans,2,953,15.8607,0.007270
scipy-powell,classical-kmeans,2,954,15.8770,0.007270
scipy-powell,classical-kmeans,2,955,15.8935,0.007270
scipy-powell,classical-kmeans,2,956,15.9099,0.007270
scipy-powell,classical-kmeans,2,957,15.9263,0.007270
scipy-powell,classical-kmeans,2,958,15.9426,0.007270
scipy-powell,classical-kmeans,2,959,15.9586,0.007270
scipy-powell,classical-kmeans,2,960,15.9741,0.007270
scipy-powell,classical-kmeans,2,961,15.9907,0.007270
scipy-powell,classical-kmeans,2,962,16.0067,0.007270
scipy-powell,classical-kmeans,2,963,16.0232,0.007270
scipy-powell,classical-kmeans,2,964,16.0391,0.007270
scipy-powell,classical-kmeans,2,965,16.0558,0.007270
scipy-powell,classical-kmeans,2,966,16.0723,0.007270
scipy-powell,classical-kmeans,2,967,16.0884,0.007270
scipy-powell,classical-kmeans,2,968,16.1043,0.007270
scipy-powell,classical-kmeans,2,969,16.1213,0.007270
scipy-powell,classical-kmeans,2,970,16.1379,0.007270
scipy-powell,classical-kmeans,2,971,16.1547,0.007270
scipy-powell,classical-kmeans,2,974,16.2052,0.007173
scipy-powell,classical-kmeans,2,976,16.2384,0.007172
scipy-powell,classical-kmeans,2,977,16.2554,0.007171
scipy-powell,classical-kmeans,2,978,16.2718,0.007171
scipy-powell,classical-kmeans,2,979,16.2883,0.007171
scipy-powell,classical-kmeans,2,981,16.3203,0.007171
scipy-powell,classical-kmeans,2,983,16.3517,0.007171
scipy-powell,classical-kmeans,2,984,16.3675,0.007171
scipy-powell,classical-kmeans,2,985,16.3832,0.007171
scipy-powell,classical-kmeans,2,994,16.5256,0.007167
scipy-powell,classical-kmeans,2,995,16.5410,0.007166
scipy-powell,classical-kmeans,2,996,16.5571,0.007165
scipy-powell,classical-kmeans,2,997,16.5733,0.007165
scipy-powell,classical-kmeans,2,998,16.5892,0.007165
scipy-powell,classical-kmeans,2,999,16.6049,0.007165
scipy-powell,classical-kmeans,2,1000,16.6209,0.007165
scipy-powell,classical-kmeans,2,1001,16.6366,0.007165
scipy-powell,classical-kmeans,2,1002,16.6525,0.007165
scipy-powell,classical-kmeans,2,1003,16.6686,0.007165
scipy-powell,classical-kmeans,2,1004,16.6842,0.007165
scipy-powell,classical-kmeans,2,1005,16.6996,0.007165
scipy-powell,classical-kmeans,2,1006,16.7152,0.007165
scipy-powell,classical-kmeans,2,1007,16.7306,0.007165
scipy-powell,classical-kmeans,2,1008,16.7457,0.007165
scipy-powell,classical-kmeans,2,1009,16.7617,0.007165
scipy-powell,classical-kmeans,2,1010,16.7786,0.007165
scipy-powell,classical-kmeans,2,1011,16.7946,0.007165
scipy-powell,classical-kmeans,2,1012,16.8100,0.007165
scipy-powell,classical-kmeans,2,1013,16.8260,0.007165
scipy-powell,classical-kmeans,2,1014,16.8413,0.007165
scipy-powell,classical-kmeans,2,1015,16.8571,0.007165
scipy-powell,classical-kmeans,2,1016,16.8743,0.007165
scipy-powell,classical-kmeans,2,1017,16.8932,0.007165
scipy-powell,classical-kmeans,2,1018,16.9107,0.007165
scipy-powell,classical-kmeans,2,1019,16.9275,0.007165
scipy-powell,classical-kmeans,2,1020,16.9432,0.007165
scipy-powell,classical-kmeans,2,1021,16.9585,0.007165
scipy-powell,classical-kmeans,2,1022,16.9746,0.007165
scipy-powell,classical-kmeans,2,1023,16.9907,0.007165
scipy-powell,classical-kmeans,2,1024,17.0072,0.007165
scipy-powell,classical-kmeans,2,1025,17.0234,0.007165
scipy-powell,classical-kmeans,2,1026,17.0398,0.007165
scipy-powell,classical-kmeans,2,1030,17.1090,0.007162
scipy-powell,classical-kmeans,2,1031,17.1265,0.007161
scipy-powell,classical-kmeans,2,1035,17.1922,0.007161
scipy-powell,classical-kmeans,2,1037,17.2244,0.007161
scipy-powell,classical-kmeans,2,1038,17.2408,0.007161
scipy-powell,classical-kmeans,2,1039,17.2575,0.007161
scipy-powell,classical-kmeans,2,1040,17.2745,0.007161
scipy-powell,classical-kmeans,2,1042,17.3085,0.007161
scipy-powell,classical-kmeans,2,1049,17.4261,0.007145
scipy-powell,classical-kmeans,2,1050,17.4422,0.007103
scipy-powell,classical-kmeans,2,1051,17.4584,0.007077
scipy-powell,classical-kmeans,2,1052,17.4751,0.007061
scipy-powell,classical-kmeans,2,1053,17.4915,0.007052
scipy-powell,classical-kmeans,2,1054,17.5081,0.007046
scipy-powell,classical-kmeans,2,1055,17.5242,0.007043
scipy-powell,classical-kmeans,2,1056,17.5408,0.007040
scipy-powell,classical-kmeans,2,1057,17.5584,0.007039
scipy-powell,classical-kmeans,2,1058,17.5749,0.007038
scipy-powell,classical-kmeans,2,1059,17.5914,0.007038
scipy-powell,classical-kmeans,2,1060,17.6082,0.007037
scipy-powell,classical-kmeans,2,1061,17.6256,0.007037
scipy-powell,classical-kmeans,2,1062,17.6420,0.007037
scipy-powell,classical-kmeans,2,1063,17.6583,0.007037
scipy-powell,classical-kmeans,2,1064,17.6746,0.007037
scipy-powell,classical-kmeans,2,1065,17.6912,0.007037
scipy-powell,classical-kmeans,2,1066,17.7079,0.007037
scipy-powell,classical-kmeans,2,1067,17.7245,0.007037
scipy-powell,classical-kmeans,2,1068,17.7415,0.007037
scipy-powell,classical-kmeans,2,1069,17.7582,0.007037
scipy-powell,classical-kmeans,2,1070,17.7747,0.007037
scipy-powell,classical-kmeans,2,1071,17.7916,0.007037
scipy-powell,classical-kmeans,2,1072,17.8086,0.007037
scipy-powell,classical-kmeans,2,1073,17.8251,0.007037
scipy-powell,classical-kmeans,2,1074,17.8417,0.007037
scipy-powell,classical-kmeans,2,1075,17.8586,0.007037
scipy-powell,classical-kmeans,2,1076,17.8755,0.007037
scipy-powell,classical-kmeans,2,1077,17.8917,0.007037
scipy-powell,classical-kmeans,2,1078,17.9082,0.007037
scipy-powell,classical-kmeans,2,1079,17.9255,0.007037
scipy-powell,classical-kmeans,2,1080,17.9430,0.007037
scipy-powell,classical-kmeans,2,1081,17.9602,0.007037
scipy-powell,classical-kmeans,2,1082,17.9774,0.007037
scipy-powell,classical-kmeans,2,1086,18.0471,0.006689
scipy-powell,classical-kmeans,2,1092,18.1619,0.006689
scipy-powell,classical-kmeans,2,1094,18.1964,0.006689
scipy-powell,classical-kmeans,2,1095,18.2139,0.006689
scipy-powell,classical-kmeans,2,1096,18.2316,0.006689
scipy-powell,classical-kmeans,2,1097,18.2491,0.006689
scipy-powell,classical-kmeans,2,1098,18.2655,0.006689
scipy-powell,classical-kmeans,2,1099,18.2821,0.006689
scipy-powell,classical-kmeans,2,1100,18.2987,0.006689
scipy-powell,classical-kmeans,2,1110,18.4657,0.006686
scipy-powell,classical-kmeans,2,1111,18.4827,0.006684
scipy-powell,classical-kmeans,2,1113,18.5181,0.006683
scipy-powell,classical-kmeans,2,1114,18.5352,0.006683
scipy-powell,classical-kmeans,2,1115,18.5524,0.006683
scipy-powell,classical-kmeans,2,1116,18.5694,0.006683
scipy-powell,classical-kmeans,2,1117,18.5882,0.006683
scipy-powell,classical-kmeans,2,1118,18.6057,0.006683
scipy-powell,classical-kmeans,2,1119,18.6233,0.006683
scipy-powell,classical-kmeans,2,1120,18.6407,0.006683
scipy-powell,classical-kmeans,2,1121,18.6583,0.006683
scipy-powell,classical-kmeans,2,1122,18.6751,0.006683
scipy-powell,classical-kmeans,2,1123,18.6920,0.006683
scipy-powell,classical-kmeans,2,1124,18.7092,0.006683
scipy-powell,classical-kmeans,2,1125,18.7263,0.006683
scipy-powell,classical-kmeans,2,1126,18.7439,0.006683
scipy-powell,classical-kmeans,2,1127,18.7610,0.006683
scipy-powell,classical-kmeans,2,1128,18.7783,0.006683
scipy-powell,classical-kmeans,2,1129,18.7951,0.006683
scipy-powell,classical-kmeans,2,1130,18.8116,0.006683
scipy-powell,classical-kmeans,2,1131,18.8289,0.006683
scipy-powell,classical-kmeans,2,1132,18.8458,0.006683
scipy-powell,classical-kmeans,2,1133,18.8633,0.006683
scipy-powell,classical-kmeans,2,1134,18.8810,0.006683
scipy-powell,classical-kmeans,2,1135,18.8985,0.006683
scipy-powell,classical-kmeans,2,1136,18.9151,0.006683
scipy-powell,classical-kmeans,2,1137,18.9322,0.006683
scipy-powell,classical-kmeans,2,1138,18.9493,0.006683
scipy-powell,classical-kmeans,2,1139,18.9657,0.006683
scipy-powell,classical-kmeans,2,1140,18.9822,0.006683
scipy-powell,classical-kmeans,2,1141,18.9982,0.006683
scipy-powell,classical-kmeans,2,1145,19.0653,0.006679
scipy-powell,classical-kmeans,2,1150,19.1479,0.006679
scipy-powell,classical-kmeans,2,1151,19.1642,0.006679
scipy-powell,classical-kmeans,2,1152,19.1806,0.006679
scipy-powell,classical-kmeans,2,1153,19.1967,0.006679
scipy-powell,classical-kmeans,2,1154,19.2124,0.006679
scipy-powell,classical-kmeans,2,1155,19.2280,0.006679
scipy-powell,classical-kmeans,2,1161,19.3224,0.006679
scipy-powell,classical-kmeans,2,1168,19.4423,0.006679
scipy-powell,classical-kmeans,2,1169,19.4594,0.006679
scipy-powell,classical-kmeans,2,1170,19.4758,0.006679
scipy-powell,classical-kmeans,2,1171,19.4920,0.006679
scipy-powell,classical-kmeans,2,1183,19.6842,0.006678
scipy-powell,classical-kmeans,2,1185,19.7156,0.006678
scipy-powell,classical-kmeans,2,1186,19.7317,0.006678
scipy-powell,classical-kmeans,2,1187,19.7479,0.006678
scipy-powell,classical-kmeans,2,1204,20.0227,0.006678
scipy-powell,classical-kmeans,2,1205,20.0376,0.006678
scipy-powell,classical-kmeans,2,1206,20.0534,0.006678
scipy-powell,classical-kmeans,2,1207,20.0692,0.006678
scipy-powell,classical-kmeans,2,1208,20.0853,0.006678
scipy-powell,classical-kmeans,2,1217,20.2339,0.006678
scipy-powell,classical-kmeans,2,1218,20.2494,0.006678
scipy-powell,classical-kmeans,2,1219,20.2650,0.006678
scipy-powell,classical-kmeans,2,1220,20.2812,0.006678
scipy-powell,classical-kmeans,2,1226,20.3766,0.006678
scipy-powell,classical-kmeans,2,1227,20.3925,0.006678
scipy-powell,classical-kmeans,2,1228,20.4084,0.006678
scipy-powell,classical-kmeans,2,1229,20.4239,0.006678
scipy-powell,classical-kmeans,2,1230,20.4397,0.006678
scipy-powell,classical-kmeans,2,1232,20.4708,0.006678
scipy-powell,classical-kmeans,2,1241,20.6209,0.006678
scipy-powell,classical-kmeans,2,1242,20.6382,0.006678
scipy-powell,classical-kmeans,2,1243,20.6552,0.006678
scipy-powell,classical-kmeans,2,1244,20.6719,0.006678
scipy-powell,classical-kmeans,2,1267,21.0467,0.006678
scipy-powell,classical-kmeans,2,1268,21.0627,0.006678
scipy-powell,classical-kmeans,2,1269,21.0796,0.006678
scipy-powell,classical-kmeans,2,1270,21.0962,0.006678
scipy-powell,classical-kmeans,2,1271,21.1127,0.006678
scipy-powell,classical-kmeans,2,1308,21.7376,0.006678
scipy-powell,classical-kmeans,2,1323,21.9886,0.006678
scipy-powell,classical-kmeans,2,1324,22.0051,0.006678
scipy-powell,classical-kmeans,2,1338,22.2465,0.006638
scipy-powell,classical-kmeans,2,1339,22.2640,0.006559
scipy-powell,classical-kmeans,2,1340,22.2813,0.006511
scipy-powell,classical-kmeans,2,1341,22.2996,0.006481
scipy-powell,classical-kmeans,2,1342,22.3173,0.006462
scipy-powell,classical-kmeans,2,1343,22.3339,0.006451
scipy-powell,classical-kmeans,2,1344,22.3512,0.006443
scipy-powell,classical-kmeans,2,1345,22.3673,0.006439
scipy-powell,classical-kmeans,2,1346,22.3855,0.006436
scipy-powell,classical-kmeans,2,1347,22.4026,0.006435
scipy-powell,classical-kmeans,2,1348,22.4195,0.006434
scipy-powell,classical-kmeans,2,1349,22.4361,0.006433
scipy-powell,classical-kmeans,2,1350,22.4535,0.006433
scipy-powell,classical-kmeans,2,1351,22.4710,0.006432
scipy-powell,classical-kmeans,2,1352,22.4889,0.006432
scipy-powell,classical-kmeans,2,1353,22.5066,0.006432
scipy-powell,classical-kmeans,2,1354,22.5246,0.006432
scipy-powell,classical-kmeans,2,1355,22.5413,0.006432
scipy-powell,classical-kmeans,2,1356,22.5580,0.006432
scipy-powell,classical-kmeans,2,1357,22.5747,0.006432
scipy-powell,classical-kmeans,2,1358,22.5913,0.006432
scipy-powell,classical-kmeans,2,1359,22.6077,0.006432
scipy-powell,classical-kmeans,2,1360,22.6240,0.006432
scipy-powell,classical-kmeans,2,1361,22.6415,0.006432
scipy-powell,classical-kmeans,2,1362,22.6593,0.006432
scipy-powell,classical-kmeans,2,1363,22.6765,0.006432
scipy-powell,classical-kmeans,2,1364,22.6943,0.006432
scipy-powell,classical-kmeans,2,1365,22.7112,0.006432
scipy-powell,classical-kmeans,2,1366,22.7307,0.006432
scipy-powell,classical-kmeans,2,1367,22.7473,0.006432
scipy-powell,classical-kmeans,2,1368,22.7640,0.006432
scipy-powell,classical-kmeans,2,1369,22.7806,0.006432
scipy-powell,classical-kmeans,2,1370,22.7967,0.006432
scipy-powell,classical-kmeans,2,1371,22.8136,0.006432
scipy-powell,classical-kmeans,2,1372,22.8306,0.006432
scipy-powell,classical-kmeans,2,1373,22.8479,0.006432
scipy-powell,classical-kmeans,2,1374,22.8648,0.006432
scipy-powell,classical-kmeans,2,1381,22.9856,0.002785
scipy-powell,classical-kmeans,2,1382,23.0034,0.001339
scipy-powell,classical-kmeans,2,1387,23.0900,0.001339
scipy-powell,classical-kmeans,2,1392,23.1767,0.001339
scipy-powell,classical-kmeans,2,1394,23.2116,0.001339
scipy-powell,classical-kmeans,2,1395,23.2288,0.001339
scipy-powell,classical-kmeans,2,1396,23.2459,0.001339
scipy-powell,classical-kmeans,2,1397,23.2643,0.001339
scipy-powell,classical-kmeans,2,1398,23.2814,0.001339
scipy-powell,classical-kmeans,2,1584,26.4790,0.001312
scipy-powell,classical-kmeans,2,1585,26.4954,0.001276
scipy-powell,classical-kmeans,2,1587,26.5276,0.001273
scipy-powell,classical-kmeans,2,1588,26.5435,0.001271
scipy-powell,classical-kmeans,2,1589,26.5600,0.001270
scipy-powell,classical-kmeans,2,1591,26.5925,0.001269
scipy-powell,classical-kmeans,2,1593,26.6247,0.001269
scipy-powell,classical-kmeans,2,1594,26.6408,0.001269
scipy-powell,classical-kmeans,2,1595,26.6565,0.001269
scipy-powell,classical-kmeans,2,1596,26.6730,0.001269
scipy-powell,classical-kmeans,2,1597,26.6891,0.001269
scipy-powell,classical-kmeans,2,1608,26.8661,0.001267
scipy-powell,classical-kmeans,2,1611,26.9139,0.001267
scipy-powell,classical-kmeans,2,1612,26.9300,0.001267
scipy-powell,classical-kmeans,2,1614,26.9619,0.001267
scipy-powell,classical-kmeans,2,1615,26.9788,0.001267
scipy-powell,classical-kmeans,2,1616,26.9949,0.001267
scipy-powell,classical-kmeans,2,1617,27.0111,0.001267
scipy-powell,classical-kmeans,2,1618,27.0272,0.001267
scipy-powell,classical-kmeans,2,1629,27.2146,0.001267
scipy-powell,classical-kmeans,2,1631,27.2491,0.001267
scipy-powell,classical-kmeans,2,1632,27.2671,0.001267
scipy-powell,classical-kmeans,2,1633,27.2842,0.001267
scipy-powell,classical-kmeans,2,1638,27.3704,0.001267
scipy-powell,classical-kmeans,2,1643,27.4557,0.001266
scipy-powell,classical-kmeans,2,1644,27.4730,0.001266
scipy-powell,classical-kmeans,2,1645,27.4902,0.001266
scipy-powell,classical-kmeans,2,1646,27.5084,0.001266
scipy-powell,classical-kmeans,2,1647,27.5261,0.001266
scipy-powell,classical-kmeans,2,1656,27.6846,0.001266
scipy-powell,classical-kmeans,2,1657,27.7032,0.001266
scipy-powell,classical-kmeans,2,1658,27.7206,0.001266
scipy-powell,classical-kmeans,2,1667,27.8731,0.001266
scipy-powell,classical-kmeans,2,1668,27.8912,0.001266
scipy-powell,classical-kmeans,2,1669,27.9088,0.001266
scipy-powell,classical-kmeans,2,1674,27.9925,0.001266
scipy-powell,classical-kmeans,2,1680,28.0917,0.001266
scipy-powell,classical-kmeans,2,1681,28.1091,0.001266
scipy-powell,classical-kmeans,2,1682,28.1258,0.001266
scipy-powell,classical-kmeans,2,1683,28.1438,0.001266
scipy-powell,classical-kmeans,2,1692,28.2989,0.001266
scipy-powell,classical-kmeans,2,1693,28.3170,0.001266
scipy-powell,classical-kmeans,2,1694,28.3350,0.001266
scipy-powell,classical-kmeans,2,1700,28.4384,0.001264
scipy-powell,classical-kmeans,2,1701,28.4560,0.001263
scipy-powell,classical-kmeans,2,1702,28.4725,0.001263
scipy-powell,classical-kmeans,2,1703,28.4903,0.001263
scipy-powell,classical-kmeans,2,1704,28.5073,0.001263
scipy-powell,classical-kmeans,2,1707,28.5607,0.001263
scipy-powell,classical-kmeans,2,1708,28.5792,0.001258
scipy-powell,classical-kmeans,2,1711,28.6311,0.001258
scipy-powell,classical-kmeans,2,1712,28.6490,0.001258
scipy-powell,classical-kmeans,2,1714,28.6843,0.001258
scipy-powell,classical-kmeans,2,1715,28.7020,0.001258
scipy-powell,classical-kmeans,2,1716,28.7193,0.001258
scipy-powell,classical-kmeans,2,1717,28.7361,0.001258
scipy-powell,classical-kmeans,2,1718,28.7531,0.001258
scipy-powell,classical-kmeans,2,1723,28.8381,0.001253
scipy-powell,classical-kmeans,2,1724,28.8556,0.001252
scipy-powell,classical-kmeans,2,1725,28.8730,0.001252
scipy-powell,classical-kmeans,2,1726,28.8896,0.001252
scipy-powell,classical-kmeans,2,1727,28.9063,0.001252
scipy-powell,classical-kmeans,2,1728,28.9231,0.001252
scipy-powell,classical-kmeans,2,1733,29.0127,0.001246
scipy-powell,classical-kmeans,2,1737,29.0883,0.001246
scipy-powell,classical-kmeans,2,1738,29.1056,0.001246
scipy-powell,classical-kmeans,2,1739,29.1225,0.001246
scipy-powell,classical-kmeans,2,1740,29.1390,0.001246
scipy-powell,classical-kmeans,2,1741,29.1558,0.001246
scipy-powell,classical-kmeans,2,1743,29.1890,0.001246
scipy-powell,classical-kmeans,2,1757,29.4206,0.001246
scipy-powell,classical-kmeans,2,1758,29.4377,0.001246
scipy-powell,classical-kmeans,2,1759,29.4544,0.001246
scipy-powell,classical-kmeans,2,1760,29.4705,0.001246
scipy-powell,classical-kmeans,2,1761,29.4864,0.001246
scipy-powell,classical-kmeans,2,1767,29.5922,0.001246
scipy-powell,classical-kmeans,2,1769,29.6259,0.001246
scipy-powell,classical-kmeans,2,1771,29.6574,0.001246
scipy-powell,classical-kmeans,2,1772,29.6736,0.001246
scipy-powell,classical-kmeans,2,1773,29.6910,0.001246
scipy-powell,classical-kmeans,2,1779,29.7934,0.001246
scipy-powell,classical-kmeans,2,1784,29.8751,0.001246
scipy-powell,classical-kmeans,2,1785,29.8905,0.001246
scipy-powell,classical-kmeans,2,1786,29.9066,0.001246
scipy-powell,classical-kmeans,2,1787,29.9227,0.001246
scipy-powell,classical-kmeans,2,1788,29.9390,0.001246
scipy-powell,classical-kmeans,2,1794,30.0354,0.001246
scipy-powell,classical-kmeans,2,1795,30.0512,0.001246
scipy-powell,classical-kmeans,2,1796,30.0669,0.001246
scipy-powell,classical-kmeans,2,1797,30.0828,0.001246
scipy-powell,classical-kmeans,2,1798,30.0988,0.001246
scipy-powell,classical-kmeans,2,1807,30.2474,0.001246
scipy-powell,classical-kmeans,2,1808,30.2661,0.001246
scipy-powell,classical-kmeans,2,1809,30.2845,0.001246
scipy-powell,classical-kmeans,2,1811,30.3208,0.001246
scipy-powell,classical-kmeans,2,1825,30.5486,0.001246
scipy-powell,classical-kmeans,2,1826,30.5657,0.001246
scipy-powell,classical-kmeans,2,1827,30.5815,0.001246
scipy-powell,classical-kmeans,2,1828,30.5989,0.001246
scipy-powell,classical-kmeans,2,1838,30.7736,0.001246
scipy-powell,classical-kmeans,2,1839,30.7905,0.001246
scipy-powell,classical-kmeans,2,1840,30.8084,0.001246
scipy-powell,classical-kmeans,2,1841,30.8264,0.001246
scipy-powell,classical-kmeans,2,1842,30.8434,0.001246
scipy-powell,classical-kmeans,2,1850,30.9806,0.001246
scipy-powell,classical-kmeans,2,1851,30.9963,0.001246
scipy-powell,classical-kmeans,2,1852,31.0122,0.001246
scipy-powell,classical-kmeans,2,1853,31.0281,0.001246
scipy-powell,classical-kmeans,2,1854,31.0440,0.001246
scipy-de,classical-kmeans,2,0,0.0000,0.026781
scipy-de,classical-kmeans,2,1,0.0501,0.026781
opt-ga,classical-kmeans,2,0,0.0000,0.026781
opt-ga,classical-kmeans,2,1077,15.0260,0.026505
opt-ga,classical-kmeans,2,1220,17.0503,0.024197
opt-ga,classical-kmeans,2,1315,18.4603,0.021808
opt-ga,classical-kmeans,2,1324,18.5843,0.017652
opt-ga,classical-kmeans,2,1496,21.0504,0.016974
opt-ga,classical-kmeans,2,1671,23.5043,0.015980
opt-ga,classical-kmeans,2,1844,25.8847,0.014824
opt-ga,classical-kmeans,2,1934,27.1955,0.014336
opt-pso,classical-kmeans,2,0,0.0000,0.026781
opt-aco,classical-kmeans,2,0,0.0000,0.026781
opt-aco,classical-kmeans,2,567,7.9156,0.023958
opt-aco,classical-kmeans,2,726,10.2427,0.017020
opt-aco,classical-kmeans,2,945,13.2323,0.010839
opt-aco,classical-kmeans,2,1097,15.3875,0.008974
opt-aco,classical-kmeans,2,1101,15.4417,0.007592
opt-aco,classical-kmeans,2,1315,18.5948,0.007172
opt-aco,classical-kmeans,2,1368,19.3931,0.005829
opt-aco,classical-kmeans,2,1499,21.2579,0.005603
opt-aco,classical-kmeans,2,1608,22.7682,0.004925
opt-aco,classical-kmeans,2,1631,23.0915,0.004820
opt-aco,classical-kmeans,2,1678,23.7416,0.004434
opt-aco,classical-kmeans,2,1786,25.2571,0.003783
opt-aco,classical-kmeans,2,1906,26.9969,0.003686
opt-aco,classical-kmeans,2,1934,27.4529,0.003453
opt-gd,classical-kmeans,2,0,0.0000,0.026781
opt-gd,classical-kmeans,2,18,0.3184,0.026781
opt-gd,classical-kmeans,2,21,0.3689,0.026781
opt-gd,classical-kmeans,2,23,0.4038,0.026781
opt-gd,classical-kmeans,2,122,2.0557,0.020289
opt-gd,classical-kmeans,2,135,2.2793,0.020289
opt-gd,classical-kmeans,2,136,2.2989,0.020289
opt-gd,classical-kmeans,2,142,2.4143,0.020289
opt-gd,classical-kmeans,2,144,2.4494,0.020289
opt-gd,classical-kmeans,2,243,4.1022,0.013914
opt-gd,classical-kmeans,2,256,4.3233,0.013914
opt-gd,classical-kmeans,2,257,4.3400,0.013914
opt-gd,classical-kmeans,2,259,4.3730,0.013914
opt-gd,classical-kmeans,2,263,4.4397,0.013914
opt-gd,classical-kmeans,2,265,4.4741,0.013914
opt-gd,classical-kmeans,2,349,5.9309,0.013914
opt-gd,classical-kmeans,2,364,6.1954,0.007395
opt-gd,classical-kmeans,2,365,6.2137,0.007395
opt-gd,classical-kmeans,2,366,6.2319,0.007395
opt-gd,classical-kmeans,2,377,6.4282,0.007395
opt-gd,classical-kmeans,2,378,6.4463,0.007395
opt-gd,classical-kmeans,2,384,6.5549,0.007395
opt-gd,classical-kmeans,2,386,6.5903,0.007395
opt-gd,classical-kmeans,2,396,6.7710,0.007395
opt-gd,classical-kmeans,2,398,6.8065,0.007395
opt-gd,classical-kmeans,2,405,6.9338,0.007395
opt-gd,classical-kmeans,2,406,6.9521,0.007395
opt-gd,classical-kmeans,2,485,8.3647,0.006109
opt-gd,classical-kmeans,2,486,8.3833,0.006109
opt-gd,classical-kmeans,2,487,8.4010,0.006109
opt-gd,classical-kmeans,2,498,8.5979,0.006109
opt-gd,classical-kmeans,2,499,8.6163,0.006109
opt-gd,classical-kmeans,2,505,8.7227,0.006109
opt-gd,classical-kmeans,2,529,9.1601,0.006109
opt-gd,classical-kmeans,2,545,9.4508,0.006109
opt-gd,classical-kmeans,2,727,12.9077,0.005748
opt-gd,classical-kmeans,2,728,12.9265,0.005748
opt-gd,classical-kmeans,2,729,12.9453,0.005748
opt-gd,classical-kmeans,2,740,13.1499,0.005748
opt-gd,classical-kmeans,2,741,13.1682,0.005748
opt-gd,classical-kmeans,2,747,13.2825,0.005748
opt-gd,classical-kmeans,2,759,13.5028,0.005748
opt-gd,classical-kmeans,2,771,13.7211,0.005748
opt-gd,classical-kmeans,2,787,14.0118,0.005748
opt-gd,classical-kmeans,2,791,14.0871,0.005748
opt-gd,classical-kmeans,2,793,14.1241,0.005748
opt-gd,classical-kmeans,2,848,15.1318,0.005624
opt-gd,classical-kmeans,2,849,15.1504,0.005624
opt-gd,classical-kmeans,2,850,15.1682,0.005624
opt-gd,classical-kmeans,2,861,15.3657,0.005624
opt-gd,classical-kmeans,2,862,15.3833,0.005624
opt-gd,classical-kmeans,2,868,15.4898,0.005624
opt-gd,classical-kmeans,2,874,15.6020,0.005624
opt-gd,classical-kmeans,2,892,15.9330,0.005624
opt-gd,classical-kmeans,2,908,16.2251,0.005624
opt-gd,classical-kmeans,2,912,16.3117,0.005624
opt-gd,classical-kmeans,2,914,16.3535,0.005624
opt-gd,classical-kmeans,2,969,17.3482,0.005230
opt-gd,classical-kmeans,2,970,17.3657,0.005230
opt-gd,classical-kmeans,2,971,17.3838,0.005230
opt-gd,classical-kmeans,2,982,17.5816,0.005230
opt-gd,classical-kmeans,2,983,17.5999,0.005230
opt-gd,classical-kmeans,2,985,17.6351,0.005230
opt-gd,classical-kmeans,2,1029,18.4243,0.005230
opt-gd,classical-kmeans,2,1033,18.4958,0.005230
opt-gd,classical-kmeans,2,1035,18.5314,0.005230
opt-gd,classical-kmeans,2,1211,21.8128,0.004941
opt-gd,classical-kmeans,2,1224,22.0637,0.004941
opt-gd,classical-kmeans,2,1225,22.0819,0.004941
opt-gd,classical-kmeans,2,1236,22.2799,0.004941
opt-gd,classical-kmeans,2,1237,22.2975,0.004941
opt-gd,classical-kmeans,2,1271,22.9142,0.004941
opt-gd,classical-kmeans,2,1332,24.0225,0.004869
opt-gd,classical-kmeans,2,1333,24.0406,0.004869
opt-gd,classical-kmeans,2,1334,24.0588,0.004869
opt-gd,classical-kmeans,2,1345,24.2548,0.004869
opt-gd,classical-kmeans,2,1346,24.2726,0.004869
opt-gd,classical-kmeans,2,1347,24.2909,0.004869
opt-gd,classical-kmeans,2,1348,24.3093,0.004869
opt-gd,classical-kmeans,2,1574,28.4611,0.004338
opt-gd,classical-kmeans,2,1575,28.4809,0.004338
opt-gd,classical-kmeans,2,1576,28.4992,0.004338
opt-gd,classical-kmeans,2,1587,28.7017,0.004338
opt-gd,classical-kmeans,2,1588,28.7196,0.004338
opt-gd,classical-kmeans,2,1589,28.7378,0.004338
opt-gd,classical-kmeans,2,1590,28.7551,0.004338
opt-gd,classical-kmeans,2,1695,30.7082,0.004200
opt-gd,classical-kmeans,2,1696,30.7259,0.004200
opt-gd,classical-kmeans,2,1697,30.7441,0.004200
opt-gd,classical-kmeans,2,1708,30.9722,0.004200
opt-gd,classical-kmeans,2,1709,30.9925,0.004200
opt-gd,classical-kmeans,2,1710,31.0128,0.004200
opt-gd,classical-kmeans,2,1711,31.0337,0.004200
opt-gd,classical-kmeans,2,1816,32.9560,0.004190
opt-gd,classical-kmeans,2,1817,32.9751,0.004190
opt-gd,classical-kmeans,2,1818,32.9923,0.004190
opt-gd,classical-kmeans,2,1829,33.1923,0.004190
opt-gd,classical-kmeans,2,1830,33.2110,0.004190
opt-gd,classical-kmeans,2,1831,33.2288,0.004190
opt-gd,classical-kmeans,2,1832,33.2465,0.004190
none,classical-kmeans,3,0,0.0000,0.033540
scipy-lbfgsb,classical-kmeans,3,0,0.0000,0.033540
scipy-lbfgsb,classical-kmeans,3,15,0.2764,0.033538
scipy-lbfgsb,classical-kmeans,3,99,1.7413,0.033538
scipy-lbfgsb,classical-kmeans,3,122,2.1557,0.028417
scipy-lbfgsb,classical-kmeans,3,136,2.4144,0.028415
scipy-lbfgsb,classical-kmeans,3,243,4.2045,0.025280
scipy-lbfgsb,classical-kmeans,3,257,4.4457,0.025279
scipy-lbfgsb,classical-kmeans,3,364,6.2013,0.017617
scipy-lbfgsb,classical-kmeans,3,378,6.4378,0.017617
scipy-lbfgsb,classical-kmeans,3,385,6.5533,0.017616
scipy-lbfgsb,classical-kmeans,3,386,6.5701,0.017605
scipy-lbfgsb,classical-kmeans,3,606,10.4096,0.016595
scipy-lbfgsb,classical-kmeans,3,620,10.6571,0.016595
scipy-lbfgsb,classical-kmeans,3,632,10.8636,0.016595
scipy-lbfgsb,classical-kmeans,3,672,11.5282,0.016594
scipy-lbfgsb,classical-kmeans,3,727,12.4478,0.014962
scipy-lbfgsb,classical-kmeans,3,741,12.6909,0.014962
scipy-lbfgsb,classical-kmeans,3,743,12.7262,0.014962
scipy-lbfgsb,classical-kmeans,3,753,12.9058,0.014962
scipy-lbfgsb,classical-kmeans,3,777,13.3159,0.014962
scipy-lbfgsb,classical-kmeans,3,793,13.5872,0.014961
scipy-lbfgsb,classical-kmeans,3,848,14.5220,0.014037
scipy-lbfgsb,classical-kmeans,3,862,14.7695,0.014037
scipy-lbfgsb,classical-kmeans,3,864,14.8037,0.014037
scipy-lbfgsb,classical-kmeans,3,874,14.9799,0.014037
scipy-lbfgsb,classical-kmeans,3,876,15.0154,0.014037
scipy-lbfgsb,classical-kmeans,3,880,15.0843,0.014037
scipy-lbfgsb,classical-kmeans,3,886,15.1879,0.014037
scipy-lbfgsb,classical-kmeans,3,888,15.2233,0.014037
scipy-lbfgsb,classical-kmeans,3,898,15.3945,0.014037
scipy-lbfgsb,classical-kmeans,3,905,15.5124,0.014037
scipy-lbfgsb,classical-kmeans,3,906,15.5294,0.014037
scipy-lbfgsb,classical-kmeans,3,969,16.6474,0.013830
scipy-lbfgsb,classical-kmeans,3,983,16.8915,0.013830
scipy-lbfgsb,classical-kmeans,3,985,16.9260,0.013830
scipy-lbfgsb,classical-kmeans,3,989,16.9965,0.013830
scipy-lbfgsb,classical-kmeans,3,995,17.1012,0.013830
scipy-lbfgsb,classical-kmeans,3,997,17.1363,0.013830
scipy-lbfgsb,classical-kmeans,3,999,17.1718,0.013830
scipy-lbfgsb,classical-kmeans,3,1001,17.2063,0.013830
scipy-lbfgsb,classical-kmeans,3,1019,17.5172,0.013830
scipy-lbfgsb,classical-kmeans,3,1026,17.6365,0.013829
scipy-lbfgsb,classical-kmeans,3,1027,17.6543,0.013829
scipy-lbfgsb,classical-kmeans,3,1090,18.7968,0.013648
scipy-lbfgsb,classical-kmeans,3,1097,18.9252,0.013648
scipy-lbfgsb,classical-kmeans,3,1098,18.9430,0.013648
scipy-lbfgsb,classical-kmeans,3,1109,19.1382,0.013648
scipy-lbfgsb,classical-kmeans,3,1110,19.1556,0.013648
scipy-lbfgsb,classical-kmeans,3,1120,19.3342,0.013648
scipy-lbfgsb,classical-kmeans,3,1121,19.3523,0.013648
scipy-lbfgsb,classical-kmeans,3,1122,19.3699,0.013648
scipy-lbfgsb,classical-kmeans,3,1137,19.6408,0.013647
scipy-lbfgsb,classical-kmeans,3,1138,19.6589,0.013641
scipy-lbfgsb,classical-kmeans,3,1332,23.1427,0.013599
scipy-lbfgsb,classical-kmeans,3,1339,23.2654,0.013599
scipy-lbfgsb,classical-kmeans,3,1340,23.2833,0.013599
scipy-lbfgsb,classical-kmeans,3,1350,23.4632,0.013599
scipy-lbfgsb,classical-kmeans,3,1351,23.4817,0.013599
scipy-lbfgsb,classical-kmeans,3,1352,23.4998,0.013599
scipy-lbfgsb,classical-kmeans,3,1362,23.6803,0.013599
scipy-lbfgsb,classical-kmeans,3,1363,23.6973,0.013599
scipy-lbfgsb,classical-kmeans,3,1364,23.7148,0.013599
scipy-lbfgsb,classical-kmeans,3,1379,23.9779,0.013599
scipy-lbfgsb,classical-kmeans,3,1380,23.9954,0.013597
scipy-lbfgsb,classical-kmeans,3,1453,25.3076,0.013285
scipy-lbfgsb,classical-kmeans,3,1460,25.4303,0.013285
scipy-lbfgsb,classical-kmeans,3,1461,25.4475,0.013285
scipy-lbfgsb,classical-kmeans,3,1470,25.6074,0.013285
scipy-lbfgsb,classical-kmeans,3,1472,25.6429,0.013285
scipy-lbfgsb,classical-kmeans,3,1473,25.6618,0.013285
scipy-lbfgsb,classical-kmeans,3,1484,25.8634,0.013285
scipy-lbfgsb,classical-kmeans,3,1485,25.8821,0.013285
scipy-lbfgsb,classical-kmeans,3,1500,26.1565,0.013285
scipy-lbfgsb,classical-kmeans,3,1501,26.1755,0.013281
scipy-lbfgsb,classical-kmeans,3,1574,27.5024,0.011857
scipy-lbfgsb,classical-kmeans,3,1593,27.8343,0.011857
scipy-lbfgsb,classical-kmeans,3,1594,27.8524,0.011857
scipy-lbfgsb,classical-kmeans,3,1595,27.8698,0.011857
scipy-lbfgsb,classical-kmeans,3,1596,27.8881,0.011853
scipy-lbfgsb,classical-kmeans,3,1695,29.6663,0.011616
scipy-lbfgsb,classical-kmeans,3,1702,29.7956,0.011616
scipy-lbfgsb,classical-kmeans,3,1703,29.8139,0.011616
scipy-lbfgsb,classical-kmeans,3,1708,29.9034,0.011616
scipy-lbfgsb,classical-kmeans,3,1715,30.0377,0.011616
scipy-lbfgsb,classical-kmeans,3,1716,30.0584,0.011615
scipy-lbfgsb,classical-kmeans,3,1717,30.0778,0.011614
scipy-lbfgsb,classical-kmeans,3,1743,30.5405,0.011612
scipy-lbfgsb,classical-kmeans,3,1816,31.8952,0.010610
scipy-lbfgsb,classical-kmeans,3,1823,32.0261,0.010610
scipy-lbfgsb,classical-kmeans,3,1824,32.0445,0.010610
scipy-lbfgsb,classical-kmeans,3,1829,32.1371,0.010610
scipy-lbfgsb,classical-kmeans,3,1837,32.2880,0.010609
scipy-lbfgsb,classical-kmeans,3,1838,32.3073,0.010603
scipy-lbfgsb,classical-kmeans,3,1937,34.2003,0.010054
scipy-lbfgsb,classical-kmeans,3,1944,34.3280,0.010054
scipy-lbfgsb,classical-kmeans,3,1945,34.3459,0.010054
scipy-lbfgsb,classical-kmeans,3,1950,34.4366,0.010054
scipy-lbfgsb,classical-kmeans,3,1958,34.5844,0.010053
scipy-lbfgsb,classical-kmeans,3,1959,34.6024,0.010045
scipy-lbfgsb,classical-kmeans,3,1973,34.8552,0.010032
scipy-powell,classical-kmeans,3,0,0.0000,0.033540
scipy-powell,classical-kmeans,3,354,5.7485,0.024404
scipy-powell,classical-kmeans,3,358,5.8101,0.024402
scipy-powell,classical-kmeans,3,359,5.8263,0.024402
scipy-powell,classical-kmeans,3,360,5.8420,0.024401
scipy-powell,classical-kmeans,3,362,5.8731,0.024401
scipy-powell,classical-kmeans,3,363,5.8889,0.024401
scipy-powell,classical-kmeans,3,364,5.9059,0.024401
scipy-powell,classical-kmeans,3,373,6.0520,0.024393
scipy-powell,classical-kmeans,3,375,6.0896,0.024393
scipy-powell,classical-kmeans,3,377,6.1260,0.024393
scipy-powell,classical-kmeans,3,379,6.1615,0.024393
scipy-powell,classical-kmeans,3,380,6.1770,0.024393
scipy-powell,classical-kmeans,3,381,6.1927,0.024393
scipy-powell,classical-kmeans,3,386,6.2758,0.024393
scipy-powell,classical-kmeans,3,393,6.3880,0.019141
scipy-powell,classical-kmeans,3,395,6.4192,0.018425
scipy-powell,classical-kmeans,3,397,6.4522,0.018425
scipy-powell,classical-kmeans,3,398,6.4680,0.018425
scipy-powell,classical-kmeans,3,399,6.4837,0.018425
scipy-powell,classical-kmeans,3,400,6.4993,0.018425
scipy-powell,classical-kmeans,3,401,6.5150,0.018425
scipy-powell,classical-kmeans,3,402,6.5307,0.018425
scipy-powell,classical-kmeans,3,409,6.6434,0.018420
scipy-powell,classical-kmeans,3,413,6.7063,0.018419
scipy-powell,classical-kmeans,3,416,6.7565,0.018419
scipy-powell,classical-kmeans,3,418,6.7893,0.018419
scipy-powell,classical-kmeans,3,419,6.8057,0.018419
scipy-powell,classical-kmeans,3,420,6.8220,0.018419
scipy-powell,classical-kmeans,3,421,6.8394,0.018419
scipy-powell,classical-kmeans,3,422,6.8553,0.018419
scipy-powell,classical-kmeans,3,423,6.8716,0.018419
scipy-powell,classical-kmeans,3,427,6.9378,0.018419
scipy-powell,classical-kmeans,3,428,6.9542,0.018292
scipy-powell,classical-kmeans,3,431,7.0030,0.018286
scipy-powell,classical-kmeans,3,432,7.0203,0.018286
scipy-powell,classical-kmeans,3,433,7.0375,0.018286
scipy-powell,classical-kmeans,3,434,7.0545,0.018286
scipy-powell,classical-kmeans,3,438,7.1219,0.018272
scipy-powell,classical-kmeans,3,440,7.1554,0.018268
scipy-powell,classical-kmeans,3,441,7.1721,0.018268
scipy-powell,classical-kmeans,3,442,7.1899,0.018268
scipy-powell,classical-kmeans,3,443,7.2071,0.018268
scipy-powell,classical-kmeans,3,444,7.2240,0.018268
scipy-powell,classical-kmeans,3,445,7.2408,0.018268
scipy-powell,classical-kmeans,3,446,7.2577,0.018268
scipy-powell,classical-kmeans,3,454,7.3909,0.018268
scipy-powell,classical-kmeans,3,456,7.4225,0.018268
scipy-powell,classical-kmeans,3,457,7.4391,0.018268
scipy-powell,classical-kmeans,3,458,7.4548,0.018268
scipy-powell,classical-kmeans,3,469,7.6336,0.018265
scipy-powell,classical-kmeans,3,470,7.6499,0.018265
scipy-powell,classical-kmeans,3,471,7.6665,0.018265
scipy-powell,classical-kmeans,3,472,7.6826,0.018265
scipy-powell,classical-kmeans,3,473,7.6992,0.018265
scipy-powell,classical-kmeans,3,474,7.7150,0.018265
scipy-powell,classical-kmeans,3,491,8.0095,0.018265
scipy-powell,classical-kmeans,3,492,8.0260,0.018265
scipy-powell,classical-kmeans,3,493,8.0423,0.018265
scipy-powell,classical-kmeans,3,503,8.2140,0.018265
scipy-powell,classical-kmeans,3,504,8.2308,0.018265
scipy-powell,classical-kmeans,3,505,8.2492,0.018265
scipy-powell,classical-kmeans,3,506,8.2664,0.018265
scipy-powell,classical-kmeans,3,507,8.2851,0.018265
scipy-powell,classical-kmeans,3,529,8.6657,0.018261
scipy-powell,classical-kmeans,3,530,8.6818,0.018259
scipy-powell,classical-kmeans,3,531,8.6979,0.018257
scipy-powell,classical-kmeans,3,532,8.7147,0.018256
scipy-powell,classical-kmeans,3,533,8.7306,0.018256
scipy-powell,classical-kmeans,3,534,8.7469,0.018256
scipy-powell,classical-kmeans,3,535,8.7634,0.018256
scipy-powell,classical-kmeans,3,536,8.7789,0.018256
scipy-powell,classical-kmeans,3,537,8.7946,0.018255
scipy-powell,classical-kmeans,3,538,8.8104,0.018255
scipy-powell,classical-kmeans,3,539,8.8261,0.018255
scipy-powell,classical-kmeans,3,540,8.8421,0.018255
scipy-powell,classical-kmeans,3,541,8.8583,0.018255
scipy-powell,classical-kmeans,3,542,8.8748,0.018255
scipy-powell,classical-kmeans,3,543,8.8908,0.018255
scipy-powell,classical-kmeans,3,544,8.9065,0.018255
scipy-powell,classical-kmeans,3,545,8.9228,0.018255
scipy-powell,classical-kmeans,3,546,8.9381,0.018255
scipy-powell,classical-kmeans,3,547,8.9537,0.018255
scipy-powell,classical-kmeans,3,548,8.9695,0.018255
scipy-powell,classical-kmeans,3,549,8.9856,0.018255
scipy-powell,classical-kmeans,3,550,9.0017,0.018255
scipy-powell,classical-kmeans,3,551,9.0175,0.018255
scipy-powell,classical-kmeans,3,552,9.0333,0.018255
scipy-powell,classical-kmeans,3,553,9.0490,0.018255
scipy-powell,classical-kmeans,3,554,9.0643,0.018255
scipy-powell,classical-kmeans,3,555,9.0801,0.018255
scipy-powell,classical-kmeans,3,556,9.0968,0.018255
scipy-powell,classical-kmeans,3,557,9.1152,0.018255
scipy-powell,classical-kmeans,3,564,9.2374,0.018250
scipy-powell,classical-kmeans,3,565,9.2540,0.018250
scipy-powell,classical-kmeans,3,567,9.2872,0.018249
scipy-powell,classical-kmeans,3,569,9.3192,0.018249
scipy-powell,classical-kmeans,3,570,9.3360,0.018249
scipy-powell,classical-kmeans,3,571,9.3528,0.018249
scipy-powell,classical-kmeans,3,574,9.4005,0.018249
scipy-powell,classical-kmeans,3,575,9.4174,0.018249
scipy-powell,classical-kmeans,3,576,9.4338,0.018249
scipy-powell,classical-kmeans,3,577,9.4500,0.018249
scipy-powell,classical-kmeans,3,597,9.7771,0.018249
scipy-powell,classical-kmeans,3,598,9.7939,0.018249
scipy-powell,classical-kmeans,3,603,9.8766,0.018249
scipy-powell,classical-kmeans,3,620,10.1488,0.018249
scipy-powell,classical-kmeans,3,621,10.1649,0.018249
scipy-powell,classical-kmeans,3,622,10.1811,0.018249
scipy-powell,classical-kmeans,3,623,10.1975,0.018249
scipy-powell,classical-kmeans,3,693,11.3228,0.018237
scipy-powell,classical-kmeans,3,694,11.3391,0.018229
scipy-powell,classical-kmeans,3,695,11.3553,0.018226
scipy-powell,classical-kmeans,3,696,11.3716,0.018223
scipy-powell,classical-kmeans,3,698,11.4034,0.018222
scipy-powell,classical-kmeans,3,699,11.4198,0.018222
scipy-powell,classical-kmeans,3,700,11.4359,0.018221
scipy-powell,classical-kmeans,3,701,11.4519,0.018221
scipy-powell,classical-kmeans,3,702,11.4685,0.018221
scipy-powell,classical-kmeans,3,703,11.4845,0.018221
scipy-powell,classical-kmeans,3,704,11.5009,0.018221
scipy-powell,classical-kmeans,3,705,11.5172,0.018221
scipy-powell,classical-kmeans,3,706,11.5346,0.018221
scipy-powell,classical-kmeans,3,707,11.5510,0.018221
scipy-powell,classical-kmeans,3,708,11.5675,0.018221
scipy-powell,classical-kmeans,3,709,11.5830,0.018221
scipy-powell,classical-kmeans,3,710,11.5990,0.018221
scipy-powell,classical-kmeans,3,711,11.6151,0.018221
scipy-powell,classical-kmeans,3,712,11.6321,0.018221
scipy-powell,classical-kmeans,3,713,11.6485,0.018221
scipy-powell,classical-kmeans,3,714,11.6658,0.018221
scipy-powell,classical-kmeans,3,715,11.6825,0.018221
scipy-powell,classical-kmeans,3,716,11.6988,0.018221
scipy-powell,classical-kmeans,3,717,11.7161,0.018221
scipy-powell,classical-kmeans,3,718,11.7340,0.018221
scipy-powell,classical-kmeans,3,719,11.7506,0.018221
scipy-powell,classical-kmeans,3,720,11.7667,0.018221
scipy-powell,classical-kmeans,3,721,11.7835,0.018221
scipy-powell,classical-kmeans,3,722,11.8000,0.018221
scipy-powell,classical-kmeans,3,723,11.8171,0.018221
scipy-powell,classical-kmeans,3,724,11.8336,0.018221
scipy-powell,classical-kmeans,3,725,11.8498,0.018221
scipy-powell,classical-kmeans,3,726,11.8657,0.018221
scipy-powell,classical-kmeans,3,727,11.8816,0.018221
scipy-powell,classical-kmeans,3,728,11.8982,0.018218
scipy-powell,classical-kmeans,3,730,11.9307,0.018193
scipy-powell,classical-kmeans,3,732,11.9631,0.018191
scipy-powell,classical-kmeans,3,734,11.9966,0.018191
scipy-powell,classical-kmeans,3,735,12.0134,0.018191
scipy-powell,classical-kmeans,3,736,12.0292,0.018191
scipy-powell,classical-kmeans,3,737,12.0467,0.018191
scipy-powell,classical-kmeans,3,738,12.0632,0.018191
scipy-powell,classical-kmeans,3,739,12.0808,0.018191
scipy-powell,classical-kmeans,3,740,12.0971,0.018191
scipy-powell,classical-kmeans,3,743,12.1467,0.018191
scipy-powell,classical-kmeans,3,749,12.2449,0.018157
scipy-powell,classical-kmeans,3,750,12.2606,0.018122
scipy-powell,classical-kmeans,3,751,12.2776,0.018103
scipy-powell,classical-kmeans,3,752,12.2943,0.018092
scipy-powell,classical-kmeans,3,753,12.3103,0.018086
scipy-powell,classical-kmeans,3,754,12.3265,0.018082
scipy-powell,classical-kmeans,3,755,12.3420,0.018080
scipy-powell,classical-kmeans,3,756,12.3592,0.018079
scipy-powell,classical-kmeans,3,757,12.3757,0.018078
scipy-powell,classical-kmeans,3,758,12.3923,0.018078
scipy-powell,classical-kmeans,3,759,12.4090,0.018077
scipy-powell,classical-kmeans,3,760,12.4254,0.018077
scipy-powell,classical-kmeans,3,761,12.4417,0.018077
scipy-powell,classical-kmeans,3,762,12.4593,0.018077
scipy-powell,classical-kmeans,3,763,12.4770,0.018077
scipy-powell,classical-kmeans,3,764,12.4944,0.018077
scipy-powell,classical-kmeans,3,765,12.5111,0.018077
scipy-powell,classical-kmeans,3,766,12.5274,0.018077
scipy-powell,classical-kmeans,3,767,12.5428,0.018077
scipy-powell,classical-kmeans,3,768,12.5585,0.018077
scipy-powell,classical-kmeans,3,769,12.5744,0.018077
scipy-powell,classical-kmeans,3,770,12.5917,0.018077
scipy-powell,classical-kmeans,3,771,12.6090,0.018077
scipy-powell,classical-kmeans,3,772,12.6269,0.018077
scipy-powell,classical-kmeans,3,773,12.6429,0.018077
scipy-powell,classical-kmeans,3,774,12.6586,0.018077
scipy-powell,classical-kmeans,3,775,12.6749,0.018077
scipy-powell,classical-kmeans,3,776,12.6910,0.018077
scipy-powell,classical-kmeans,3,777,12.7069,0.018077
scipy-powell,classical-kmeans,3,778,12.7227,0.018077
scipy-powell,classical-kmeans,3,779,12.7381,0.018077
scipy-powell,classical-kmeans,3,780,12.7546,0.018077
scipy-powell,classical-kmeans,3,781,12.7710,0.018077
scipy-powell,classical-kmeans,3,782,12.7868,0.018077
scipy-powell,classical-kmeans,3,783,12.8029,0.018077
scipy-powell,classical-kmeans,3,784,12.8191,0.018073
scipy-powell,classical-kmeans,3,786,12.8517,0.017957
scipy-powell,classical-kmeans,3,791,12.9344,0.017957
scipy-powell,classical-kmeans,3,793,12.9672,0.017957
scipy-powell,classical-kmeans,3,795,13.0012,0.017957
scipy-powell,classical-kmeans,3,796,13.0168,0.017957
scipy-powell,classical-kmeans,3,805,13.1677,0.017926
scipy-powell,classical-kmeans,3,806,13.1845,0.017893
scipy-powell,classical-kmeans,3,807,13.1999,0.017873
scipy-powell,classical-kmeans,3,808,13.2158,0.017862
scipy-powell,classical-kmeans,3,809,13.2326,0.017855
scipy-powell,classical-kmeans,3,810,13.2486,0.017851
scipy-powell,classical-kmeans,3,811,13.2646,0.017849
scipy-powell,classical-kmeans,3,812,13.2800,0.017847
scipy-powell,classical-kmeans,3,813,13.2956,0.017846
scipy-powell,classical-kmeans,3,814,13.3116,0.017845
scipy-powell,classical-kmeans,3,815,13.3287,0.017845
scipy-powell,classical-kmeans,3,816,13.3440,0.017845
scipy-powell,classical-kmeans,3,817,13.3600,0.017845
scipy-powell,classical-kmeans,3,818,13.3770,0.017845
scipy-powell,classical-kmeans,3,819,13.3930,0.017845
scipy-powell,classical-kmeans,3,820,13.4089,0.017845
scipy-powell,classical-kmeans,3,821,13.4255,0.017845
scipy-powell,classical-kmeans,3,822,13.4418,0.017845
scipy-powell,classical-kmeans,3,823,13.4572,0.017845
scipy-powell,classical-kmeans,3,824,13.4729,0.017845
scipy-powell,classical-kmeans,3,825,13.4891,0.017845
scipy-powell,classical-kmeans,3,826,13.5048,0.017845
scipy-powell,classical-kmeans,3,827,13.5210,0.017845
scipy-powell,classical-kmeans,3,828,13.5370,0.017845
scipy-powell,classical-kmeans,3,829,13.5733,0.017845
scipy-powell,classical-kmeans,3,830,13.5891,0.017845
scipy-powell,classical-kmeans,3,831,13.6052,0.017845
scipy-powell,classical-kmeans,3,832,13.6210,0.017845
scipy-powell,classical-kmeans,3,833,13.6370,0.017845
scipy-powell,classical-kmeans,3,834,13.6530,0.017845
scipy-powell,classical-kmeans,3,835,13.6685,0.017845
scipy-powell,classical-kmeans,3,836,13.6840,0.017845
scipy-powell,classical-kmeans,3,837,13.6996,0.017845
scipy-powell,classical-kmeans,3,838,13.7156,0.017845
scipy-powell,classical-kmeans,3,839,13.7314,0.017845
scipy-powell,classical-kmeans,3,842,13.7793,0.017701
scipy-powell,classical-kmeans,3,843,13.7961,0.017699
scipy-powell,classical-kmeans,3,844,13.8130,0.017694
scipy-powell,classical-kmeans,3,846,13.8466,0.017693
scipy-powell,classical-kmeans,3,847,13.8638,0.017693
scipy-powell,classical-kmeans,3,848,13.8813,0.017693
scipy-powell,classical-kmeans,3,849,13.8978,0.017693
scipy-powell,classical-kmeans,3,850,13.9134,0.017693
scipy-powell,classical-kmeans,3,851,13.9293,0.017693
scipy-powell,classical-kmeans,3,867,14.1988,0.017636
scipy-powell,classical-kmeans,3,868,14.2158,0.017514
scipy-powell,classical-kmeans,3,869,14.2336,0.017439
scipy-powell,classical-kmeans,3,870,14.2502,0.017392
scipy-powell,classical-kmeans,3,871,14.2664,0.017363
scipy-powell,classical-kmeans,3,872,14.2822,0.017346
scipy-powell,classical-kmeans,3,873,14.2985,0.017335
scipy-powell,classical-kmeans,3,874,14.3156,0.017328
scipy-powell,classical-kmeans,3,875,14.3326,0.017324
scipy-powell,classical-kmeans,3,876,14.3490,0.017321
scipy-powell,classical-kmeans,3,877,14.3655,0.017319
scipy-powell,classical-kmeans,3,878,14.3816,0.017318
scipy-powell,classical-kmeans,3,879,14.3978,0.017318
scipy-powell,classical-kmeans,3,880,14.4139,0.017318
scipy-powell,classical-kmeans,3,881,14.4301,0.017317
scipy-powell,classical-kmeans,3,882,14.4469,0.017317
scipy-powell,classical-kmeans,3,883,14.4637,0.017317
scipy-powell,classical-kmeans,3,884,14.4800,0.017317
scipy-powell,classical-kmeans,3,885,14.4959,0.017317
scipy-powell,classical-kmeans,3,886,14.5138,0.017317
scipy-powell,classical-kmeans,3,887,14.5310,0.017317
scipy-powell,classical-kmeans,3,888,14.5476,0.017317
scipy-powell,classical-kmeans,3,889,14.5644,0.017317
scipy-powell,classical-kmeans,3,890,14.5815,0.017317
scipy-powell,classical-kmeans,3,891,14.5979,0.017317
scipy-powell,classical-kmeans,3,892,14.6147,0.017317
scipy-powell,classical-kmeans,3,893,14.6311,0.017317
scipy-powell,classical-kmeans,3,894,14.6480,0.017317
scipy-powell,classical-kmeans,3,895,14.6650,0.017317
scipy-powell,classical-kmeans,3,896,14.6824,0.017317
scipy-powell,classical-kmeans,3,897,14.7001,0.017317
scipy-powell,classical-kmeans,3,898,14.7171,0.017317
scipy-powell,classical-kmeans,3,899,14.7341,0.017317
scipy-powell,classical-kmeans,3,900,14.7514,0.017317
scipy-powell,classical-kmeans,3,901,14.7675,0.017317
scipy-powell,classical-kmeans,3,904,14.8162,0.016579
scipy-powell,classical-kmeans,3,905,14.8329,0.016238
scipy-powell,classical-kmeans,3,909,14.9009,0.016237
scipy-powell,classical-kmeans,3,910,14.9175,0.016237
scipy-powell,classical-kmeans,3,913,14.9687,0.016237
scipy-powell,classical-kmeans,3,914,14.9855,0.016237
scipy-powell,classical-kmeans,3,915,15.0025,0.016237
scipy-powell,classical-kmeans,3,916,15.0190,0.016237
scipy-powell,classical-kmeans,3,928,15.2252,0.016172
scipy-powell,classical-kmeans,3,929,15.2427,0.016122
scipy-powell,classical-kmeans,3,930,15.2598,0.016091
scipy-powell,classical-kmeans,3,931,15.2767,0.016072
scipy-powell,classical-kmeans,3,932,15.2941,0.016060
scipy-powell,classical-kmeans,3,933,15.3107,0.016053
scipy-powell,classical-kmeans,3,934,15.3285,0.016049
scipy-powell,classical-kmeans,3,935,15.3455,0.016046
scipy-powell,classical-kmeans,3,936,15.3627,0.016044
scipy-powell,classical-kmeans,3,937,15.3793,0.016043
scipy-powell,classical-kmeans,3,938,15.3966,0.016043
scipy-powell,classical-kmeans,3,939,15.4140,0.016042
scipy-powell,classical-kmeans,3,940,15.4307,0.016042
scipy-powell,classical-kmeans,3,941,15.4475,0.016042
scipy-powell,classical-kmeans,3,942,15.4645,0.016042
scipy-powell,classical-kmeans,3,943,15.4817,0.016042
scipy-powell,classical-kmeans,3,944,15.4981,0.016042
scipy-powell,classical-kmeans,3,945,15.5145,0.016042
scipy-powell,classical-kmeans,3,946,15.5313,0.016042
scipy-powell,classical-kmeans,3,947,15.5485,0.016042
scipy-powell,classical-kmeans,3,948,15.5652,0.016042
scipy-powell,classical-kmeans,3,949,15.5815,0.016042
scipy-powell,classical-kmeans,3,950,15.5987,0.016042
scipy-powell,classical-kmeans,3,951,15.6163,0.016042
scipy-powell,classical-kmeans,3,952,15.6338,0.016042
scipy-powell,classical-kmeans,3,953,15.6506,0.016042
scipy-powell,classical-kmeans,3,954,15.6667,0.016042
scipy-powell,classical-kmeans,3,955,15.6832,0.016042
scipy-powell,classical-kmeans,3,956,15.7009,0.016042
scipy-powell,classical-kmeans,3,957,15.7186,0.016042
scipy-powell,classical-kmeans,3,958,15.7369,0.016042
scipy-powell,classical-kmeans,3,959,15.7530,0.016042
scipy-powell,classical-kmeans,3,960,15.7690,0.016042
scipy-powell,classical-kmeans,3,964,15.8372,0.015341
scipy-powell,classical-kmeans,3,966,15.8698,0.015340
scipy-powell,classical-kmeans,3,967,15.8864,0.015340
scipy-powell,classical-kmeans,3,968,15.9027,0.015340
scipy-powell,classical-kmeans,3,969,15.9196,0.015339
scipy-powell,classical-kmeans,3,973,15.9863,0.015339
scipy-powell,classical-kmeans,3,974,16.0029,0.015339
scipy-powell,classical-kmeans,3,975,16.0195,0.015339
scipy-powell,classical-kmeans,3,976,16.0368,0.015339
scipy-powell,classical-kmeans,3,977,16.0539,0.015339
scipy-powell,classical-kmeans,3,979,16.0907,0.015339
scipy-powell,classical-kmeans,3,994,16.3439,0.015339
scipy-powell,classical-kmeans,3,995,16.3600,0.015339
scipy-powell,classical-kmeans,3,996,16.3766,0.015339
scipy-powell,classical-kmeans,3,997,16.3936,0.015339
scipy-powell,classical-kmeans,3,998,16.4098,0.015339
scipy-powell,classical-kmeans,3,1011,16.6287,0.015339
scipy-powell,classical-kmeans,3,1012,16.6457,0.015339
scipy-powell,classical-kmeans,3,1014,16.6789,0.015339
scipy-powell,classical-kmeans,3,1016,16.7126,0.015339
scipy-powell,classical-kmeans,3,1017,16.7290,0.015339
scipy-powell,classical-kmeans,3,1018,16.7456,0.015339
scipy-powell,classical-kmeans,3,1019,16.7619,0.015339
scipy-powell,classical-kmeans,3,1027,16.9006,0.015337
scipy-powell,classical-kmeans,3,1028,16.9162,0.015333
scipy-powell,classical-kmeans,3,1029,16.9327,0.015333
scipy-powell,classical-kmeans,3,1030,16.9498,0.015333
scipy-powell,classical-kmeans,3,1031,16.9673,0.015333
scipy-powell,classical-kmeans,3,1032,16.9831,0.015333
scipy-powell,classical-kmeans,3,1035,17.0342,0.015333
scipy-powell,classical-kmeans,3,1041,17.1372,0.015327
scipy-powell,classical-kmeans,3,1044,17.1887,0.015323
scipy-powell,classical-kmeans,3,1045,17.2061,0.015323
scipy-powell,classical-kmeans,3,1046,17.2225,0.015323
scipy-powell,classical-kmeans,3,1047,17.2384,0.015323
scipy-powell,classical-kmeans,3,1048,17.2548,0.015323
scipy-powell,classical-kmeans,3,1049,17.2710,0.015323
scipy-powell,classical-kmeans,3,1050,17.2877,0.015323
scipy-powell,classical-kmeans,3,1059,17.4366,0.015317
scipy-powell,classical-kmeans,3,1060,17.4540,0.015308
scipy-powell,classical-kmeans,3,1061,17.4706,0.015307
scipy-powell,classical-kmeans,3,1062,17.4882,0.015307
scipy-powell,classical-kmeans,3,1063,17.5045,0.015307
scipy-powell,classical-kmeans,3,1064,17.5209,0.015307
scipy-powell,classical-kmeans,3,1065,17.5384,0.015307
scipy-powell,classical-kmeans,3,1066,17.5570,0.015307
scipy-powell,classical-kmeans,3,1071,17.6419,0.015295
scipy-powell,classical-kmeans,3,1073,17.6769,0.015290
scipy-powell,classical-kmeans,3,1074,17.6926,0.015286
scipy-powell,classical-kmeans,3,1075,17.7092,0.015286
scipy-powell,classical-kmeans,3,1077,17.7423,0.015286
scipy-powell,classical-kmeans,3,1078,17.7596,0.015286
scipy-powell,classical-kmeans,3,1080,17.7928,0.015286
scipy-powell,classical-kmeans,3,1096,18.0575,0.015284
scipy-powell,classical-kmeans,3,1097,18.0731,0.015262
scipy-powell,classical-kmeans,3,1098,18.0897,0.015253
scipy-powell,classical-kmeans,3,1099,18.1066,0.015250
scipy-powell,classical-kmeans,3,1100,18.1225,0.015249
scipy-powell,classical-kmeans,3,1101,18.1391,0.015249
scipy-powell,classical-kmeans,3,1102,18.1551,0.015249
scipy-powell,classical-kmeans,3,1103,18.1722,0.015249
scipy-powell,classical-kmeans,3,1104,18.1889,0.015249
scipy-powell,classical-kmeans,3,1115,18.3718,0.015236
scipy-powell,classical-kmeans,3,1117,18.4057,0.015232
scipy-powell,classical-kmeans,3,1118,18.4221,0.015226
scipy-powell,classical-kmeans,3,1119,18.4382,0.015225
scipy-powell,classical-kmeans,3,1120,18.4548,0.015225
scipy-powell,classical-kmeans,3,1122,18.4869,0.015225
scipy-powell,classical-kmeans,3,1124,18.5198,0.015225
scipy-powell,classical-kmeans,3,1125,18.5370,0.015225
scipy-powell,classical-kmeans,3,1126,18.5538,0.015225
scipy-powell,classical-kmeans,3,1136,18.7224,0.015224
scipy-powell,classical-kmeans,3,1137,18.7388,0.015220
scipy-powell,classical-kmeans,3,1138,18.7551,0.015217
scipy-powell,classical-kmeans,3,1143,18.8399,0.015217
scipy-powell,classical-kmeans,3,1144,18.8567,0.015217
scipy-powell,classical-kmeans,3,1145,18.8739,0.015217
scipy-powell,classical-kmeans,3,1146,18.8900,0.015217
scipy-powell,classical-kmeans,3,1147,18.9067,0.015217
scipy-powell,classical-kmeans,3,1148,18.9237,0.015217
scipy-powell,classical-kmeans,3,1149,18.9407,0.015217
scipy-powell,classical-kmeans,3,1150,18.9570,0.015217
scipy-powell,classical-kmeans,3,1151,18.9736,0.015217
scipy-powell,classical-kmeans,3,1152,18.9896,0.015217
scipy-powell,classical-kmeans,3,1153,19.0052,0.015217
scipy-powell,classical-kmeans,3,1154,19.0217,0.015217
scipy-powell,classical-kmeans,3,1155,19.0376,0.015217
scipy-powell,classical-kmeans,3,1156,19.0540,0.015217
scipy-powell,classical-kmeans,3,1157,19.0709,0.015217
scipy-powell,classical-kmeans,3,1158,19.0877,0.015217
scipy-powell,classical-kmeans,3,1159,19.1037,0.015217
scipy-powell,classical-kmeans,3,1160,19.1202,0.015217
scipy-powell,classical-kmeans,3,1161,19.1376,0.015217
scipy-powell,classical-kmeans,3,1162,19.1541,0.015217
scipy-powell,classical-kmeans,3,1163,19.1712,0.015217
scipy-powell,classical-kmeans,3,1164,19.1878,0.015217
scipy-powell,classical-kmeans,3,1165,19.2037,0.015217
scipy-powell,classical-kmeans,3,1166,19.2196,0.015217
scipy-powell,classical-kmeans,3,1167,19.2358,0.015217
scipy-powell,classical-kmeans,3,1171,19.3031,0.015212
scipy-powell,classical-kmeans,3,1175,19.3689,0.015212
scipy-powell,classical-kmeans,3,1177,19.4026,0.015212
scipy-powell,classical-kmeans,3,1178,19.4198,0.015212
scipy-powell,classical-kmeans,3,1180,19.4531,0.015212
scipy-powell,classical-kmeans,3,1181,19.4702,0.015212
scipy-powell,classical-kmeans,3,1182,19.4871,0.015212
scipy-powell,classical-kmeans,3,1183,19.5039,0.015212
scipy-powell,classical-kmeans,3,1184,19.5212,0.015212
scipy-powell,classical-kmeans,3,1185,19.5381,0.015212
scipy-powell,classical-kmeans,3,1196,19.7252,0.015211
scipy-powell,classical-kmeans,3,1197,19.7411,0.015158
scipy-powell,classical-kmeans,3,1198,19.7568,0.015125
scipy-powell,classical-kmeans,3,1199,19.7729,0.015105
scipy-powell,classical-kmeans,3,1200,19.7894,0.015093
scipy-powell,classical-kmeans,3,1201,19.8056,0.015085
scipy-powell,classical-kmeans,3,1202,19.8223,0.015080
scipy-powell,classical-kmeans,3,1203,19.8386,0.015077
scipy-powell,classical-kmeans,3,1204,19.8540,0.015076
scipy-powell,classical-kmeans,3,1205,19.8705,0.015074
scipy-powell,classical-kmeans,3,1206,19.8876,0.015074
scipy-powell,classical-kmeans,3,1207,19.9037,0.015073
scipy-powell,classical-kmeans,3,1208,19.9211,0.015073
scipy-powell,classical-kmeans,3,1209,19.9384,0.015073
scipy-powell,classical-kmeans,3,1210,19.9547,0.015073
scipy-powell,classical-kmeans,3,1211,19.9717,0.015073
scipy-powell,classical-kmeans,3,1212,19.9893,0.015073
scipy-powell,classical-kmeans,3,1213,20.0074,0.015073
scipy-powell,classical-kmeans,3,1214,20.0247,0.015073
scipy-powell,classical-kmeans,3,1215,20.0420,0.015073
scipy-powell,classical-kmeans,3,1216,20.0576,0.015073
scipy-powell,classical-kmeans,3,1217,20.0752,0.015073
scipy-powell,classical-kmeans,3,1218,20.0930,0.015073
scipy-powell,classical-kmeans,3,1219,20.1108,0.015073
scipy-powell,classical-kmeans,3,1220,20.1276,0.015073
scipy-powell,classical-kmeans,3,1221,20.1447,0.015073
scipy-powell,classical-kmeans,3,1222,20.1609,0.015073
scipy-powell,classical-kmeans,3,1223,20.1773,0.015073
scipy-powell,classical-kmeans,3,1224,20.1959,0.015073
scipy-powell,classical-kmeans,3,1225,20.2125,0.015073
scipy-powell,classical-kmeans,3,1226,20.2309,0.015073
scipy-powell,classical-kmeans,3,1227,20.2488,0.015073
scipy-powell,classical-kmeans,3,1228,20.2663,0.015073
scipy-powell,classical-kmeans,3,1229,20.2826,0.015073
scipy-powell,classical-kmeans,3,1233,20.3527,0.014282
scipy-powell,classical-kmeans,3,1235,20.3875,0.014280
scipy-powell,classical-kmeans,3,1236,20.4053,0.014280
scipy-powell,classical-kmeans,3,1237,20.4209,0.014280
scipy-powell,classical-kmeans,3,1238,20.4366,0.014279
scipy-powell,classical-kmeans,3,1242,20.5014,0.014279
scipy-powell,classical-kmeans,3,1243,20.5181,0.014279
scipy-powell,classical-kmeans,3,1244,20.5347,0.014279
scipy-powell,classical-kmeans,3,1245,20.5506,0.014279
scipy-powell,classical-kmeans,3,1246,20.5672,0.014279
scipy-powell,classical-kmeans,3,1247,20.5842,0.014279
scipy-powell,classical-kmeans,3,1257,20.7497,0.014252
scipy-powell,classical-kmeans,3,1258,20.7665,0.014233
scipy-powell,classical-kmeans,3,1259,20.7820,0.014223
scipy-powell,classical-kmeans,3,1260,20.7974,0.014217
scipy-powell,classical-kmeans,3,1261,20.8141,0.014213
scipy-powell,classical-kmeans,3,1262,20.8295,0.014211
scipy-powell,classical-kmeans,3,1263,20.8452,0.014210
scipy-powell,classical-kmeans,3,1264,20.8615,0.014209
scipy-powell,classical-kmeans,3,1265,20.8781,0.014209
scipy-powell,classical-kmeans,3,1266,20.8939,0.014209
scipy-powell,classical-kmeans,3,1267,20.9100,0.014208
scipy-powell,classical-kmeans,3,1268,20.9259,0.014208
scipy-powell,classical-kmeans,3,1269,20.9419,0.014208
scipy-powell,classical-kmeans,3,1270,20.9580,0.014208
scipy-powell,classical-kmeans,3,1271,20.9747,0.014208
scipy-powell,classical-kmeans,3,1272,20.9905,0.014208
scipy-powell,classical-kmeans,3,1273,21.0060,0.014208
scipy-powell,classical-kmeans,3,1274,21.0218,0.014208
scipy-powell,classical-kmeans,3,1275,21.0386,0.014208
scipy-powell,classical-kmeans,3,1276,21.0547,0.014208
scipy-powell,classical-kmeans,3,1277,21.0711,0.014208
scipy-powell,classical-kmeans,3,1278,21.0883,0.014208
scipy-powell,classical-kmeans,3,1279,21.1050,0.014208
scipy-powell,classical-kmeans,3,1280,21.1210,0.014208
scipy-powell,classical-kmeans,3,1281,21.1375,0.014208
scipy-powell,classical-kmeans,3,1282,21.1527,0.014208
scipy-powell,classical-kmeans,3,1283,21.1688,0.014208
scipy-powell,classical-kmeans,3,1284,21.1845,0.014208
scipy-powell,classical-kmeans,3,1285,21.2005,0.014208
scipy-powell,classical-kmeans,3,1286,21.2172,0.014208
scipy-powell,classical-kmeans,3,1287,21.2337,0.014208
scipy-powell,classical-kmeans,3,1288,21.2496,0.014208
scipy-powell,classical-kmeans,3,1292,21.3165,0.014157
scipy-powell,classical-kmeans,3,1293,21.3331,0.014153
scipy-powell,classical-kmeans,3,1294,21.3496,0.014152
scipy-powell,classical-kmeans,3,1296,21.3819,0.014151
scipy-powell,classical-kmeans,3,1300,21.4491,0.014151
scipy-powell,classical-kmeans,3,1302,21.4827,0.014151
scipy-powell,classical-kmeans,3,1303,21.4996,0.014151
scipy-powell,classical-kmeans,3,1304,21.5165,0.014151
scipy-powell,classical-kmeans,3,1305,21.5333,0.014151
scipy-powell,classical-kmeans,3,1307,21.5647,0.014151
scipy-powell,classical-kmeans,3,1312,21.6458,0.014150
scipy-powell,classical-kmeans,3,1314,21.6788,0.014148
scipy-powell,classical-kmeans,3,1315,21.6958,0.014148
scipy-powell,classical-kmeans,3,1316,21.7131,0.014148
scipy-powell,classical-kmeans,3,1317,21.7305,0.014148
scipy-powell,classical-kmeans,3,1318,21.7465,0.014148
scipy-powell,classical-kmeans,3,1319,21.7621,0.014148
scipy-powell,classical-kmeans,3,1324,21.8458,0.014147
scipy-powell,classical-kmeans,3,1326,21.8800,0.014145
scipy-powell,classical-kmeans,3,1327,21.8975,0.014145
scipy-powell,classical-kmeans,3,1328,21.9141,0.014145
scipy-powell,classical-kmeans,3,1329,21.9311,0.014145
scipy-powell,classical-kmeans,3,1330,21.9469,0.014145
scipy-powell,classical-kmeans,3,1331,21.9635,0.014145
scipy-powell,classical-kmeans,3,1332,21.9814,0.014145
scipy-powell,classical-kmeans,3,1342,22.1484,0.014144
scipy-powell,classical-kmeans,3,1344,22.1815,0.014144
scipy-powell,classical-kmeans,3,1345,22.1976,0.014144
scipy-powell,classical-kmeans,3,1346,22.2137,0.014144
scipy-powell,classical-kmeans,3,1347,22.2298,0.014144
scipy-powell,classical-kmeans,3,1349,22.2630,0.014144
scipy-powell,classical-kmeans,3,1360,22.4490,0.014143
scipy-powell,classical-kmeans,3,1361,22.4653,0.014143
scipy-powell,classical-kmeans,3,1362,22.4819,0.014143
scipy-powell,classical-kmeans,3,1363,22.4975,0.014143
scipy-powell,classical-kmeans,3,1364,22.5134,0.014143
scipy-powell,classical-kmeans,3,1371,22.6290,0.014143
scipy-powell,classical-kmeans,3,1372,22.6460,0.014143
scipy-powell,classical-kmeans,3,1373,22.6633,0.014143
scipy-powell,classical-kmeans,3,1374,22.6800,0.014143
scipy-powell,classical-kmeans,3,1387,22.9047,0.014142
scipy-powell,classical-kmeans,3,1390,22.9562,0.014142
scipy-powell,classical-kmeans,3,1391,22.9729,0.014142
scipy-powell,classical-kmeans,3,1392,22.9896,0.014142
scipy-powell,classical-kmeans,3,1393,23.0068,0.014142
scipy-powell,classical-kmeans,3,1394,23.0233,0.014142
scipy-powell,classical-kmeans,3,1407,23.2361,0.014132
scipy-powell,classical-kmeans,3,1408,23.2529,0.014105
scipy-powell,classical-kmeans,3,1409,23.2690,0.014091
scipy-powell,classical-kmeans,3,1410,23.2852,0.014082
scipy-powell,classical-kmeans,3,1411,23.3019,0.014077
scipy-powell,classical-kmeans,3,1412,23.3180,0.014074
scipy-powell,classical-kmeans,3,1413,23.3344,0.014072
scipy-powell,classical-kmeans,3,1414,23.3516,0.014070
scipy-powell,classical-kmeans,3,1415,23.3692,0.014070
scipy-powell,classical-kmeans,3,1416,23.3868,0.014069
scipy-powell,classical-kmeans,3,1417,23.4031,0.014069
scipy-powell,classical-kmeans,3,1418,23.4187,0.014069
scipy-powell,classical-kmeans,3,1419,23.4355,0.014069
scipy-powell,classical-kmeans,3,1420,23.4507,0.014069
scipy-powell,classical-kmeans,3,1421,23.4680,0.014069
scipy-powell,classical-kmeans,3,1422,23.4848,0.014069
scipy-powell,classical-kmeans,3,1423,23.5021,0.014069
scipy-powell,classical-kmeans,3,1424,23.5192,0.014069
scipy-powell,classical-kmeans,3,1425,23.5367,0.014069
scipy-powell,classical-kmeans,3,1426,23.5546,0.014069
scipy-powell,classical-kmeans,3,1427,23.5709,0.014069
scipy-powell,classical-kmeans,3,1428,23.5872,0.014069
scipy-powell,classical-kmeans,3,1429,23.6051,0.014069
scipy-powell,classical-kmeans,3,1430,23.6220,0.014069
scipy-powell,classical-kmeans,3,1431,23.6402,0.014069
scipy-powell,classical-kmeans,3,1432,23.6578,0.014069
scipy-powell,classical-kmeans,3,1433,23.6747,0.014069
scipy-powell,classical-kmeans,3,1434,23.6933,0.014069
scipy-powell,classical-kmeans,3,1435,23.7123,0.014069
scipy-powell,classical-kmeans,3,1436,23.7295,0.014069
scipy-powell,classical-kmeans,3,1437,23.7468,0.014069
scipy-powell,classical-kmeans,3,1438,23.7643,0.014069
scipy-powell,classical-kmeans,3,1439,23.7821,0.014069
scipy-powell,classical-kmeans,3,1440,23.7997,0.014069
scipy-powell,classical-kmeans,3,1441,23.8179,0.014069
scipy-powell,classical-kmeans,3,1444,23.8679,0.013851
scipy-powell,classical-kmeans,3,1446,23.9024,0.013845
scipy-powell,classical-kmeans,3,1447,23.9202,0.013841
scipy-powell,classical-kmeans,3,1449,23.9540,0.013837
scipy-powell,classical-kmeans,3,1451,23.9872,0.013837
scipy-powell,classical-kmeans,3,1452,24.0050,0.013837
scipy-powell,classical-kmeans,3,1453,24.0227,0.013837
scipy-powell,classical-kmeans,3,1454,24.0392,0.013837
scipy-powell,classical-kmeans,3,1466,24.2486,0.013837
scipy-powell,classical-kmeans,3,1467,24.2669,0.013837
scipy-powell,classical-kmeans,3,1468,24.2832,0.013837
scipy-powell,classical-kmeans,3,1469,24.3002,0.013837
scipy-powell,classical-kmeans,3,1471,24.3354,0.013837
scipy-powell,classical-kmeans,3,1496,24.7792,0.013837
scipy-powell,classical-kmeans,3,1498,24.8166,0.013837
scipy-powell,classical-kmeans,3,1500,24.8524,0.013837
scipy-powell,classical-kmeans,3,1501,24.8706,0.013837
scipy-powell,classical-kmeans,3,1502,24.8892,0.013837
scipy-powell,classical-kmeans,3,1503,24.9077,0.013837
scipy-powell,classical-kmeans,3,1504,24.9263,0.013837
scipy-powell,classical-kmeans,3,1505,24.9447,0.013837
scipy-powell,classical-kmeans,3,1521,25.2104,0.013837
scipy-powell,classical-kmeans,3,1522,25.2271,0.013837
scipy-powell,classical-kmeans,3,1523,25.2428,0.013837
scipy-powell,classical-kmeans,3,1536,25.4701,0.013837
scipy-powell,classical-kmeans,3,1537,25.4890,0.013837
scipy-powell,classical-kmeans,3,1538,25.5076,0.013837
scipy-powell,classical-kmeans,3,1539,25.5275,0.013837
scipy-powell,classical-kmeans,3,1545,25.6430,0.007089
scipy-powell,classical-kmeans,3,1546,25.6622,0.004104
scipy-powell,classical-kmeans,3,1548,25.7007,0.003884
scipy-powell,classical-kmeans,3,1549,25.7204,0.003874
scipy-powell,classical-kmeans,3,1551,25.7585,0.003830
scipy-powell,classical-kmeans,3,1552,25.7776,0.003827
scipy-powell,classical-kmeans,3,1553,25.7959,0.003826
scipy-powell,classical-kmeans,3,1555,25.8337,0.003825
scipy-powell,classical-kmeans,3,1557,25.8654,0.003825
scipy-powell,classical-kmeans,3,1558,25.8811,0.003825
scipy-powell,classical-kmeans,3,1559,25.8965,0.003825
scipy-powell,classical-kmeans,3,1560,25.9120,0.003825
scipy-powell,classical-kmeans,3,1562,25.9441,0.003762
scipy-powell,classical-kmeans,3,1564,25.9762,0.003727
scipy-powell,classical-kmeans,3,1565,25.9924,0.003716
scipy-powell,classical-kmeans,3,1568,26.0389,0.003716
scipy-powell,classical-kmeans,3,1569,26.0558,0.003716
scipy-powell,classical-kmeans,3,1571,26.0878,0.003716
scipy-powell,classical-kmeans,3,1573,26.1216,0.003716
scipy-powell,classical-kmeans,3,1574,26.1376,0.003716
scipy-powell,classical-kmeans,3,1575,26.1536,0.003716
scipy-powell,classical-kmeans,3,1576,26.1700,0.003716
scipy-powell,classical-kmeans,3,1577,26.1876,0.003716
scipy-powell,classical-kmeans,3,1586,26.3366,0.003514
scipy-powell,classical-kmeans,3,1588,26.3697,0.003484
scipy-powell,classical-kmeans,3,1589,26.3857,0.003483
scipy-powell,classical-kmeans,3,1590,26.4016,0.003481
scipy-powell,classical-kmeans,3,1592,26.4334,0.003481
scipy-powell,classical-kmeans,3,1593,26.4489,0.003481
scipy-powell,classical-kmeans,3,1594,26.4653,0.003481
scipy-powell,classical-kmeans,3,1595,26.4827,0.003481
scipy-powell,classical-kmeans,3,1596,26.4986,0.003481
scipy-powell,classical-kmeans,3,1653,27.5096,0.003466
scipy-powell,classical-kmeans,3,1655,27.5440,0.003465
scipy-powell,classical-kmeans,3,1657,27.5771,0.003464
scipy-powell,classical-kmeans,3,1658,27.5946,0.003464
scipy-powell,classical-kmeans,3,1659,27.6112,0.003464
scipy-powell,classical-kmeans,3,1660,27.6282,0.003464
scipy-powell,classical-kmeans,3,1661,27.6461,0.003464
scipy-powell,classical-kmeans,3,1662,27.6640,0.003464
scipy-powell,classical-kmeans,3,1663,27.6825,0.003464
scipy-powell,classical-kmeans,3,1695,28.2036,0.003464
scipy-powell,classical-kmeans,3,1696,28.2207,0.003464
scipy-powell,classical-kmeans,3,1697,28.2373,0.003464
scipy-powell,classical-kmeans,3,1698,28.2534,0.003464
scipy-powell,classical-kmeans,3,1699,28.2696,0.003464
scipy-powell,classical-kmeans,3,1700,28.2854,0.003464
scipy-powell,classical-kmeans,3,1701,28.3018,0.003464
scipy-powell,classical-kmeans,3,1721,28.6210,0.003464
scipy-powell,classical-kmeans,3,1722,28.6375,0.003464
scipy-powell,classical-kmeans,3,1723,28.6530,0.003464
scipy-powell,classical-kmeans,3,1727,28.7200,0.003464
scipy-powell,classical-kmeans,3,1764,29.3411,0.003464
scipy-powell,classical-kmeans,3,1766,29.3793,0.003464
scipy-powell,classical-kmeans,3,1781,29.6355,0.003458
scipy-powell,classical-kmeans,3,1782,29.6509,0.003435
scipy-powell,classical-kmeans,3,1783,29.6667,0.003421
scipy-powell,classical-kmeans,3,1784,29.6830,0.003412
scipy-powell,classical-kmeans,3,1785,29.6992,0.003406
scipy-powell,classical-kmeans,3,1786,29.7146,0.003403
scipy-powell,classical-kmeans,3,1787,29.7304,0.003401
scipy-powell,classical-kmeans,3,1788,29.7465,0.003400
scipy-powell,classical-kmeans,3,1789,29.7628,0.003399
scipy-powell,classical-kmeans,3,1790,29.7784,0.003398
scipy-powell,classical-kmeans,3,1791,29.7971,0.003398
scipy-powell,classical-kmeans,3,1792,29.8173,0.003398
scipy-powell,classical-kmeans,3,1793,29.8366,0.003398
scipy-powell,classical-kmeans,3,1794,29.8575,0.003398
scipy-powell,classical-kmeans,3,1795,29.8778,0.003398
scipy-powell,classical-kmeans,3,1796,29.8954,0.003398
scipy-powell,classical-kmeans,3,1797,29.9126,0.003398
scipy-powell,classical-kmeans,3,1798,29.9298,0.003398
scipy-powell,classical-kmeans,3,1799,29.9491,0.003398
scipy-powell,classical-kmeans,3,1800,29.9678,0.003398
scipy-powell,classical-kmeans,3,1801,29.9847,0.003398
scipy-powell,classical-kmeans,3,1802,30.0039,0.003398
scipy-powell,classical-kmeans,3,1803,30.0200,0.003398
scipy-powell,classical-kmeans,3,1804,30.0362,0.003398
scipy-powell,classical-kmeans,3,1805,30.0521,0.003398
scipy-powell,classical-kmeans,3,1806,30.0685,0.003398
scipy-powell,classical-kmeans,3,1807,30.0847,0.003398
scipy-powell,classical-kmeans,3,1808,30.1010,0.003398
scipy-powell,classical-kmeans,3,1809,30.1184,0.003398
scipy-powell,classical-kmeans,3,1810,30.1339,0.003398
scipy-powell,classical-kmeans,3,1811,30.1506,0.003398
scipy-powell,classical-kmeans,3,1812,30.1670,0.003398
scipy-powell,classical-kmeans,3,1813,30.1829,0.003398
scipy-powell,classical-kmeans,3,1814,30.1992,0.003398
scipy-powell,classical-kmeans,3,1815,30.2155,0.003398
scipy-powell,classical-kmeans,3,1816,30.2314,0.003398
scipy-powell,classical-kmeans,3,1817,30.2471,0.003398
scipy-powell,classical-kmeans,3,1824,30.3646,0.003180
scipy-powell,classical-kmeans,3,1825,30.3815,0.002857
scipy-powell,classical-kmeans,3,1829,30.4467,0.002857
scipy-powell,classical-kmeans,3,1830,30.4642,0.002857
scipy-powell,classical-kmeans,3,1831,30.4804,0.002857
scipy-powell,classical-kmeans,3,1832,30.4972,0.002857
scipy-powell,classical-kmeans,3,1833,30.5138,0.002857
scipy-powell,classical-kmeans,3,1835,30.5473,0.002857
scipy-powell,classical-kmeans,3,1839,30.6131,0.002857
scipy-powell,classical-kmeans,3,1854,30.8663,0.002857
scipy-powell,classical-kmeans,3,1855,30.8831,0.002857
scipy-powell,classical-kmeans,3,1856,30.8992,0.002857
scipy-powell,classical-kmeans,3,1914,31.8630,0.002857
scipy-powell,classical-kmeans,3,1920,31.9630,0.002857
scipy-powell,classical-kmeans,3,1924,32.0299,0.002857
scipy-de,classical-kmeans,3,0,0.0000,0.033540
opt-ga,classical-kmeans,3,0,0.0000,0.033540
opt-ga,classical-kmeans,3,1720,25.2960,0.032304
opt-ga,classical-kmeans,3,1861,27.4604,0.032188
opt-ga,classical-kmeans,3,1997,29.5883,0.031841
opt-pso,classical-kmeans,3,0,0.0000,0.033540
opt-aco,classical-kmeans,3,0,0.0000,0.033540
opt-aco,classical-kmeans,3,586,8.0813,0.030685
opt-aco,classical-kmeans,3,648,8.9925,0.029145
opt-aco,classical-kmeans,3,773,10.7711,0.019191
opt-aco,classical-kmeans,3,775,10.8007,0.018484
opt-aco,classical-kmeans,3,882,12.3561,0.017821
opt-aco,classical-kmeans,3,973,13.6380,0.010619
opt-aco,classical-kmeans,3,1103,15.4810,0.009962
opt-aco,classical-kmeans,3,1130,15.8564,0.009327
opt-aco,classical-kmeans,3,1270,17.8310,0.008229
opt-aco,classical-kmeans,3,1328,18.6154,0.004535
opt-aco,classical-kmeans,3,1645,23.2159,0.004008
opt-aco,classical-kmeans,3,1822,25.8155,0.003331
opt-aco,classical-kmeans,3,1979,28.0660,0.003312
opt-gd,classical-kmeans,3,0,0.0000,0.033540
opt-gd,classical-kmeans,3,15,0.2610,0.033540
opt-gd,classical-kmeans,3,99,1.5429,0.033540
opt-gd,classical-kmeans,3,122,1.8940,0.028417
opt-gd,classical-kmeans,3,136,2.1214,0.028417
opt-gd,classical-kmeans,3,243,3.8527,0.025273
opt-gd,classical-kmeans,3,257,4.0849,0.025273
opt-gd,classical-kmeans,3,364,5.8581,0.017620
opt-gd,classical-kmeans,3,378,6.0843,0.017620
opt-gd,classical-kmeans,3,385,6.1955,0.017620
opt-gd,classical-kmeans,3,386,6.2106,0.017620
opt-gd,classical-kmeans,3,606,10.0414,0.016532
opt-gd,classical-kmeans,3,620,10.2688,0.016532
opt-gd,classical-kmeans,3,632,10.4613,0.016532
opt-gd,classical-kmeans,3,672,11.1149,0.016532
opt-gd,classical-kmeans,3,727,12.0328,0.015026
opt-gd,classical-kmeans,3,741,12.2786,0.015026
opt-gd,classical-kmeans,3,743,12.3133,0.015026
opt-gd,classical-kmeans,3,753,12.4893,0.015026
opt-gd,classical-kmeans,3,777,12.9042,0.015026
opt-gd,classical-kmeans,3,793,13.1735,0.015026
opt-gd,classical-kmeans,3,848,14.0947,0.014034
opt-gd,classical-kmeans,3,862,14.3373,0.014034
opt-gd,classical-kmeans,3,864,14.3714,0.014034
opt-gd,classical-kmeans,3,874,14.5444,0.014034
opt-gd,classical-kmeans,3,876,14.5791,0.014034
opt-gd,classical-kmeans,3,880,14.6514,0.014034
opt-gd,classical-kmeans,3,886,14.7553,0.014034
opt-gd,classical-kmeans,3,888,14.7904,0.014034
opt-gd,classical-kmeans,3,898,14.9649,0.014034
opt-gd,classical-kmeans,3,905,15.0859,0.014034
opt-gd,classical-kmeans,3,906,15.1057,0.014034
opt-gd,classical-kmeans,3,969,16.2430,0.013675
opt-gd,classical-kmeans,3,977,16.3886,0.013675
opt-gd,classical-kmeans,3,987,16.5682,0.013675
opt-gd,classical-kmeans,3,989,16.6059,0.013675
opt-gd,classical-kmeans,3,999,16.7944,0.013675
opt-gd,classical-kmeans,3,1000,16.8129,0.013675
opt-gd,classical-kmeans,3,1001,16.8315,0.013675
opt-gd,classical-kmeans,3,1019,17.1521,0.013675
opt-gd,classical-kmeans,3,1026,17.2703,0.013675
opt-gd,classical-kmeans,3,1027,17.2869,0.013675
opt-gd,classical-kmeans,3,1090,18.3713,0.013534
opt-gd,classical-kmeans,3,1098,18.5127,0.013534
opt-gd,classical-kmeans,3,1103,18.6003,0.013534
opt-gd,classical-kmeans,3,1109,18.7080,0.013534
opt-gd,classical-kmeans,3,1110,18.7254,0.013534
opt-gd,classical-kmeans,3,1121,18.9249,0.013534
opt-gd,classical-kmeans,3,1122,18.9431,0.013534
opt-gd,classical-kmeans,3,1137,19.2099,0.013534
opt-gd,classical-kmeans,3,1138,19.2283,0.013534
opt-gd,classical-kmeans,3,1332,22.7927,0.013452
opt-gd,classical-kmeans,3,1351,23.1312,0.013452
opt-gd,classical-kmeans,3,1352,23.1485,0.013452
opt-gd,classical-kmeans,3,1363,23.3396,0.013452
opt-gd,classical-kmeans,3,1364,23.3572,0.013452
opt-gd,classical-kmeans,3,1379,23.6199,0.013452
opt-gd,classical-kmeans,3,1380,23.6372,0.013452
opt-gd,classical-kmeans,3,1390,23.8131,0.013452
opt-gd,classical-kmeans,3,1574,27.1399,0.013416
opt-gd,classical-kmeans,3,1591,27.4339,0.013416
opt-gd,classical-kmeans,3,1593,27.4687,0.013416
opt-gd,classical-kmeans,3,1594,27.4867,0.013416
opt-gd,classical-kmeans,3,1605,27.6837,0.013416
opt-gd,classical-kmeans,3,1606,27.7029,0.013416
opt-gd,classical-kmeans,3,1621,27.9629,0.013416
opt-gd,classical-kmeans,3,1622,27.9803,0.013416
opt-gd,classical-kmeans,3,1695,29.2666,0.012430
opt-gd,classical-kmeans,3,1703,29.4073,0.012430
opt-gd,classical-kmeans,3,1708,29.4943,0.012430
opt-gd,classical-kmeans,3,1715,29.6127,0.012430
opt-gd,classical-kmeans,3,1726,29.7995,0.012430
opt-gd,classical-kmeans,3,1727,29.8164,0.012430
opt-gd,classical-kmeans,3,1742,30.0742,0.012430
opt-gd,classical-kmeans,3,1743,30.0909,0.012430
opt-gd,classical-kmeans,3,1937,33.5941,0.012304
opt-gd,classical-kmeans,3,1945,33.7373,0.012304
opt-gd,classical-kmeans,3,1950,33.8265,0.012304
opt-gd,classical-kmeans,3,1957,33.9526,0.012304
opt-gd,classical-kmeans,3,1968,34.1468,0.012304
opt-gd,classical-kmeans,3,1969,34.1644,0.012304
opt-gd,classical-kmeans,3,1984,34.4318,0.012304
opt-gd,classical-kmeans,3,1985,34.4498,0.012304
none,classical-kmeans,4,0,0.0000,0.016339
scipy-lbfgsb,classical-kmeans,4,0,0.0000,0.016339
scipy-lbfgsb,classical-kmeans,4,15,0.2789,0.016337
scipy-lbfgsb,classical-kmeans,4,17,0.3115,0.016336
scipy-lbfgsb,classical-kmeans,4,99,1.6592,0.016336
scipy-lbfgsb,classical-kmeans,4,112,1.8761,0.016332
scipy-lbfgsb,classical-kmeans,4,113,1.8935,0.016329
scipy-lbfgsb,classical-kmeans,4,122,2.0504,0.002714
scipy-lbfgsb,classical-kmeans,4,136,2.2809,0.002713
scipy-lbfgsb,classical-kmeans,4,138,2.3169,0.002713
scipy-lbfgsb,classical-kmeans,4,148,2.4831,0.002713
scipy-lbfgsb,classical-kmeans,4,150,2.5153,0.002713
scipy-lbfgsb,classical-kmeans,4,237,3.9763,0.002712
scipy-lbfgsb,classical-kmeans,4,243,4.0820,0.002276
scipy-lbfgsb,classical-kmeans,4,257,4.3210,0.002276
scipy-lbfgsb,classical-kmeans,4,259,4.3539,0.002275
scipy-lbfgsb,classical-kmeans,4,269,4.5223,0.002275
scipy-lbfgsb,classical-kmeans,4,271,4.5544,0.002275
scipy-lbfgsb,classical-kmeans,4,341,5.6630,0.002275
scipy-lbfgsb,classical-kmeans,4,358,5.9235,0.002275
scipy-lbfgsb,classical-kmeans,4,360,5.9534,0.002274
scipy-lbfgsb,classical-kmeans,4,364,6.0176,0.001576
scipy-lbfgsb,classical-kmeans,4,378,6.2353,0.001576
scipy-lbfgsb,classical-kmeans,4,380,6.2665,0.001576
scipy-lbfgsb,classical-kmeans,4,390,6.4256,0.001576
scipy-lbfgsb,classical-kmeans,4,392,6.4572,0.001576
scipy-lbfgsb,classical-kmeans,4,462,7.5768,0.001576
scipy-lbfgsb,classical-kmeans,4,481,7.8813,0.001575
scipy-lbfgsb,classical-kmeans,4,483,7.9139,0.001574
scipy-lbfgsb,classical-kmeans,4,485,7.9466,0.001517
scipy-lbfgsb,classical-kmeans,4,492,8.0560,0.001517
scipy-lbfgsb,classical-kmeans,4,493,8.0715,0.001517
scipy-lbfgsb,classical-kmeans,4,494,8.0875,0.001517
scipy-lbfgsb,classical-kmeans,4,495,8.1029,0.001517
scipy-lbfgsb,classical-kmeans,4,496,8.1182,0.001517
scipy-lbfgsb,classical-kmeans,4,497,8.1332,0.001517
scipy-lbfgsb,classical-kmeans,4,498,8.1490,0.001517
scipy-lbfgsb,classical-kmeans,4,500,8.1812,0.001517
scipy-lbfgsb,classical-kmeans,4,512,8.3899,0.001517
scipy-lbfgsb,classical-kmeans,4,540,8.8420,0.001517
scipy-lbfgsb,classical-kmeans,4,541,8.8586,0.001517
scipy-lbfgsb,classical-kmeans,4,603,9.8925,0.001512
scipy-lbfgsb,classical-kmeans,4,606,9.9414,0.001331
scipy-lbfgsb,classical-kmeans,4,620,10.1658,0.001331
scipy-lbfgsb,classical-kmeans,4,622,10.1967,0.001331
scipy-lbfgsb,classical-kmeans,4,632,10.3557,0.001331
scipy-lbfgsb,classical-kmeans,4,634,10.3893,0.001331
scipy-lbfgsb,classical-kmeans,4,661,10.8423,0.001331
scipy-lbfgsb,classical-kmeans,4,662,10.8605,0.001331
scipy-lbfgsb,classical-kmeans,4,724,11.8719,0.001330
scipy-lbfgsb,classical-kmeans,4,727,11.9221,0.001321
scipy-lbfgsb,classical-kmeans,4,741,12.1458,0.001321
scipy-lbfgsb,classical-kmeans,4,743,12.1788,0.001321
scipy-lbfgsb,classical-kmeans,4,753,12.3394,0.001321
scipy-lbfgsb,classical-kmeans,4,755,12.3702,0.001321
scipy-lbfgsb,classical-kmeans,4,782,12.8133,0.001321
scipy-lbfgsb,classical-kmeans,4,783,12.8300,0.001321
scipy-lbfgsb,classical-kmeans,4,844,13.8268,0.001321
scipy-lbfgsb,classical-kmeans,4,845,13.8433,0.001321
scipy-lbfgsb,classical-kmeans,4,848,13.8921,0.001313
scipy-lbfgsb,classical-kmeans,4,862,14.1377,0.001313
scipy-lbfgsb,classical-kmeans,4,864,14.1724,0.001313
scipy-lbfgsb,classical-kmeans,4,874,14.3429,0.001313
scipy-lbfgsb,classical-kmeans,4,876,14.3796,0.001313
scipy-lbfgsb,classical-kmeans,4,903,14.8331,0.001312
scipy-lbfgsb,classical-kmeans,4,904,14.8491,0.001312
scipy-lbfgsb,classical-kmeans,4,965,15.8660,0.001312
scipy-lbfgsb,classical-kmeans,4,969,15.9341,0.001308
scipy-lbfgsb,classical-kmeans,4,983,16.1701,0.001308
scipy-lbfgsb,classical-kmeans,4,985,16.2060,0.001308
scipy-lbfgsb,classical-kmeans,4,995,16.3677,0.001308
scipy-lbfgsb,classical-kmeans,4,997,16.3996,0.001308
scipy-lbfgsb,classical-kmeans,4,1024,16.8278,0.001308
scipy-lbfgsb,classical-kmeans,4,1025,16.8438,0.001308
scipy-lbfgsb,classical-kmeans,4,1086,17.8048,0.001308
scipy-lbfgsb,classical-kmeans,4,1090,17.8680,0.001285
scipy-lbfgsb,classical-kmeans,4,1104,18.0808,0.001285
scipy-lbfgsb,classical-kmeans,4,1106,18.1111,0.001285
scipy-lbfgsb,classical-kmeans,4,1116,18.2647,0.001285
scipy-lbfgsb,classical-kmeans,4,1118,18.2973,0.001285
scipy-lbfgsb,classical-kmeans,4,1145,18.7276,0.001285
scipy-lbfgsb,classical-kmeans,4,1146,18.7433,0.001285
scipy-lbfgsb,classical-kmeans,4,1207,19.7268,0.001285
scipy-lbfgsb,classical-kmeans,4,1332,21.7818,0.001281
scipy-lbfgsb,classical-kmeans,4,1346,22.0338,0.001281
scipy-lbfgsb,classical-kmeans,4,1348,22.0693,0.001281
scipy-lbfgsb,classical-kmeans,4,1358,22.2414,0.001281
scipy-lbfgsb,classical-kmeans,4,1360,22.2761,0.001281
scipy-lbfgsb,classical-kmeans,4,1387,22.7290,0.001281
scipy-lbfgsb,classical-kmeans,4,1388,22.7461,0.001281
scipy-lbfgsb,classical-kmeans,4,1449,23.7588,0.001281
scipy-lbfgsb,classical-kmeans,4,1453,23.8237,0.001273
scipy-lbfgsb,classical-kmeans,4,1467,24.0542,0.001273
scipy-lbfgsb,classical-kmeans,4,1469,24.0881,0.001273
scipy-lbfgsb,classical-kmeans,4,1479,24.2469,0.001273
scipy-lbfgsb,classical-kmeans,4,1481,24.2788,0.001273
scipy-lbfgsb,classical-kmeans,4,1508,24.7244,0.001273
scipy-lbfgsb,classical-kmeans,4,1509,24.7409,0.001273
scipy-lbfgsb,classical-kmeans,4,1570,25.7333,0.001273
scipy-lbfgsb,classical-kmeans,4,1695,27.8642,0.001270
scipy-lbfgsb,classical-kmeans,4,1709,28.1000,0.001270
scipy-lbfgsb,classical-kmeans,4,1711,28.1341,0.001270
scipy-lbfgsb,classical-kmeans,4,1721,28.2988,0.001270
scipy-lbfgsb,classical-kmeans,4,1723,28.3322,0.001270
scipy-lbfgsb,classical-kmeans,4,1750,28.7838,0.001270
scipy-lbfgsb,classical-kmeans,4,1751,28.8009,0.001270
scipy-lbfgsb,classical-kmeans,4,1812,29.8414,0.001269
scipy-lbfgsb,classical-kmeans,4,1937,31.9279,0.001259
scipy-lbfgsb,classical-kmeans,4,1951,32.1775,0.001259
scipy-lbfgsb,classical-kmeans,4,1953,32.2114,0.001259
scipy-lbfgsb,classical-kmeans,4,1963,32.3769,0.001259
scipy-lbfgsb,classical-kmeans,4,1965,32.4080,0.001259
scipy-lbfgsb,classical-kmeans,4,1992,32.8401,0.001259
scipy-lbfgsb,classical-kmeans,4,1993,32.8563,0.001259
scipy-powell,classical-kmeans,4,0,0.0000,0.016339
scipy-powell,classical-kmeans,4,288,4.9302,0.016321
scipy-powell,classical-kmeans,4,292,4.9983,0.016321
scipy-powell,classical-kmeans,4,293,5.0150,0.016321
scipy-powell,classical-kmeans,4,294,5.0317,0.016321
scipy-powell,classical-kmeans,4,295,5.0487,0.016321
scipy-powell,classical-kmeans,4,296,5.0659,0.016321
scipy-powell,classical-kmeans,4,297,5.0837,0.016321
scipy-powell,classical-kmeans,4,308,5.2722,0.016319
scipy-powell,classical-kmeans,4,312,5.3418,0.016319
scipy-powell,classical-kmeans,4,314,5.3767,0.016319
scipy-powell,classical-kmeans,4,315,5.3929,0.016319
scipy-powell,classical-kmeans,4,316,5.4092,0.016319
scipy-powell,classical-kmeans,4,317,5.4262,0.016319
scipy-powell,classical-kmeans,4,318,5.4430,0.016319
scipy-powell,classical-kmeans,4,319,5.4599,0.016319
scipy-powell,classical-kmeans,4,320,5.4772,0.016319
scipy-powell,classical-kmeans,4,321,5.4937,0.016319
scipy-powell,classical-kmeans,4,329,5.6303,0.014911
scipy-powell,classical-kmeans,4,331,5.6668,0.014082
scipy-powell,classical-kmeans,4,333,5.7031,0.014049
scipy-powell,classical-kmeans,4,334,5.7203,0.014003
scipy-powell,classical-kmeans,4,336,5.7572,0.014003
scipy-powell,classical-kmeans,4,338,5.7928,0.014002
scipy-powell,classical-kmeans,4,339,5.8117,0.014002
scipy-powell,classical-kmeans,4,340,5.8300,0.014002
scipy-powell,classical-kmeans,4,341,5.8475,0.014002
scipy-powell,classical-kmeans,4,342,5.8657,0.014002
scipy-powell,classical-kmeans,4,343,5.8824,0.014002
scipy-powell,classical-kmeans,4,344,5.8992,0.014002
scipy-powell,classical-kmeans,4,350,6.0003,0.013988
scipy-powell,classical-kmeans,4,352,6.0344,0.013988
scipy-powell,classical-kmeans,4,354,6.0684,0.013988
scipy-powell,classical-kmeans,4,355,6.0859,0.013988
scipy-powell,classical-kmeans,4,356,6.1036,0.013988
scipy-powell,classical-kmeans,4,357,6.1208,0.013988
scipy-powell,classical-kmeans,4,358,6.1382,0.013988
scipy-powell,classical-kmeans,4,361,6.1896,0.013988
scipy-powell,classical-kmeans,4,364,6.2401,0.001303
scipy-powell,classical-kmeans,4,368,6.3086,0.001270
scipy-powell,classical-kmeans,4,369,6.3249,0.001138
scipy-powell,classical-kmeans,4,371,6.3587,0.001137
scipy-powell,classical-kmeans,4,373,6.3919,0.001137
scipy-powell,classical-kmeans,4,374,6.4081,0.001137
scipy-powell,classical-kmeans,4,375,6.4251,0.001137
scipy-powell,classical-kmeans,4,376,6.4416,0.001137
scipy-powell,classical-kmeans,4,377,6.4579,0.001137
scipy-powell,classical-kmeans,4,388,6.6420,0.001137
scipy-powell,classical-kmeans,4,389,6.6591,0.001137
scipy-powell,classical-kmeans,4,390,6.6759,0.001137
scipy-powell,classical-kmeans,4,391,6.6923,0.001137
scipy-powell,classical-kmeans,4,392,6.7095,0.001137
scipy-powell,classical-kmeans,4,393,6.7268,0.001137
scipy-powell,classical-kmeans,4,411,7.0300,0.001137
scipy-powell,classical-kmeans,4,412,7.0466,0.001137
scipy-powell,classical-kmeans,4,425,7.2633,0.001137
scipy-powell,classical-kmeans,4,429,7.3313,0.001137
scipy-powell,classical-kmeans,4,436,7.4499,0.001137
scipy-powell,classical-kmeans,4,437,7.4664,0.001137
scipy-powell,classical-kmeans,4,441,7.5327,0.001137
scipy-powell,classical-kmeans,4,449,7.6679,0.001137
scipy-powell,classical-kmeans,4,450,7.6849,0.001137
scipy-powell,classical-kmeans,4,453,7.7378,0.001137
scipy-powell,classical-kmeans,4,462,7.8917,0.001137
scipy-powell,classical-kmeans,4,463,7.9099,0.001137
scipy-powell,classical-kmeans,4,489,8.3503,0.001137
scipy-powell,classical-kmeans,4,490,8.3677,0.001137
scipy-powell,classical-kmeans,4,492,8.4032,0.001137
scipy-powell,classical-kmeans,4,502,8.5716,0.001137
scipy-powell,classical-kmeans,4,584,9.9924,0.001137
scipy-powell,classical-kmeans,4,585,10.0126,0.001137
scipy-powell,classical-kmeans,4,586,10.0321,0.001137
scipy-powell,classical-kmeans,4,587,10.0516,0.001137
scipy-powell,classical-kmeans,4,588,10.0705,0.001137
scipy-powell,classical-kmeans,4,602,10.3163,0.001137
scipy-powell,classical-kmeans,4,608,10.4174,0.001137
scipy-powell,classical-kmeans,4,609,10.4362,0.001137
scipy-powell,classical-kmeans,4,611,10.4728,0.001137
scipy-powell,classical-kmeans,4,613,10.5087,0.001137
scipy-powell,classical-kmeans,4,614,10.5264,0.001137
scipy-powell,classical-kmeans,4,616,10.5623,0.001137
scipy-powell,classical-kmeans,4,621,10.6528,0.001137
scipy-powell,classical-kmeans,4,622,10.6710,0.001137
scipy-powell,classical-kmeans,4,623,10.6872,0.001137
scipy-powell,classical-kmeans,4,624,10.7042,0.001137
scipy-powell,classical-kmeans,4,625,10.7222,0.001137
scipy-powell,classical-kmeans,4,628,10.7795,0.001137
scipy-powell,classical-kmeans,4,635,10.9309,0.001137
scipy-powell,classical-kmeans,4,636,10.9485,0.001137
scipy-powell,classical-kmeans,4,637,10.9664,0.001137
scipy-powell,classical-kmeans,4,638,10.9843,0.001137
scipy-powell,classical-kmeans,4,647,11.1429,0.001137
scipy-powell,classical-kmeans,4,648,11.1603,0.001137
scipy-powell,classical-kmeans,4,649,11.1773,0.001137
scipy-powell,classical-kmeans,4,650,11.1945,0.001137
scipy-powell,classical-kmeans,4,675,11.6400,0.001137
scipy-powell,classical-kmeans,4,676,11.6572,0.001137
scipy-powell,classical-kmeans,4,677,11.6735,0.001137
scipy-powell,classical-kmeans,4,678,11.6903,0.001137
scipy-powell,classical-kmeans,4,681,11.7416,0.001137
scipy-powell,classical-kmeans,4,686,11.8292,0.001136
scipy-powell,classical-kmeans,4,687,11.8474,0.001136
scipy-powell,classical-kmeans,4,688,11.8656,0.001136
scipy-powell,classical-kmeans,4,689,11.8831,0.001136
scipy-powell,classical-kmeans,4,690,11.9017,0.001136
scipy-powell,classical-kmeans,4,691,11.9189,0.001136
scipy-powell,classical-kmeans,4,703,12.1345,0.001134
scipy-powell,classical-kmeans,4,704,12.1521,0.001133
scipy-powell,classical-kmeans,4,705,12.1691,0.001133
scipy-powell,classical-kmeans,4,706,12.1864,0.001133
scipy-powell,classical-kmeans,4,707,12.2044,0.001133
scipy-powell,classical-kmeans,4,708,12.2224,0.001133
scipy-powell,classical-kmeans,4,709,12.2391,0.001133
scipy-powell,classical-kmeans,4,710,12.2574,0.001133
scipy-powell,classical-kmeans,4,719,12.4133,0.001133
scipy-powell,classical-kmeans,4,720,12.4309,0.001133
scipy-powell,classical-kmeans,4,721,12.4496,0.001133
scipy-powell,classical-kmeans,4,722,12.4671,0.001133
scipy-powell,classical-kmeans,4,730,12.6097,0.001133
scipy-powell,classical-kmeans,4,732,12.6463,0.001133
scipy-powell,classical-kmeans,4,733,12.6638,0.001133
scipy-powell,classical-kmeans,4,734,12.6816,0.001133
scipy-powell,classical-kmeans,4,735,12.6994,0.001133
scipy-powell,classical-kmeans,4,736,12.7185,0.001133
scipy-powell,classical-kmeans,4,749,12.9472,0.001133
scipy-powell,classical-kmeans,4,750,12.9665,0.001133
scipy-powell,classical-kmeans,4,751,12.9845,0.001133
scipy-powell,classical-kmeans,4,756,13.0755,0.001133
scipy-powell,classical-kmeans,4,757,13.0943,0.001133
scipy-powell,classical-kmeans,4,765,13.2364,0.001133
scipy-powell,classical-kmeans,4,766,13.2538,0.001133
scipy-powell,classical-kmeans,4,767,13.2713,0.001133
scipy-powell,classical-kmeans,4,768,13.2898,0.001133
scipy-powell,classical-kmeans,4,770,13.3260,0.001133
scipy-powell,classical-kmeans,4,792,13.7193,0.001133
scipy-powell,classical-kmeans,4,793,13.7370,0.001133
scipy-powell,classical-kmeans,4,794,13.7541,0.001133
scipy-powell,classical-kmeans,4,795,13.7720,0.001133
scipy-powell,classical-kmeans,4,804,13.9365,0.001133
scipy-powell,classical-kmeans,4,805,13.9533,0.001133
scipy-powell,classical-kmeans,4,806,13.9716,0.001133
scipy-powell,classical-kmeans,4,807,13.9885,0.001133
scipy-powell,classical-kmeans,4,810,14.0403,0.001133
scipy-powell,classical-kmeans,4,816,14.1475,0.001133
scipy-powell,classical-kmeans,4,817,14.1652,0.001133
scipy-powell,classical-kmeans,4,818,14.1826,0.001133
scipy-powell,classical-kmeans,4,819,14.2012,0.001133
scipy-powell,classical-kmeans,4,821,14.2396,0.001133
scipy-powell,classical-kmeans,4,840,14.5763,0.001133
scipy-powell,classical-kmeans,4,841,14.5937,0.001133
scipy-powell,classical-kmeans,4,842,14.6107,0.001133
scipy-powell,classical-kmeans,4,843,14.6277,0.001133
scipy-powell,classical-kmeans,4,853,14.8052,0.001133
scipy-powell,classical-kmeans,4,854,14.8232,0.001133
scipy-powell,classical-kmeans,4,855,14.8417,0.001133
scipy-powell,classical-kmeans,4,856,14.8601,0.001133
scipy-powell,classical-kmeans,4,866,15.0409,0.001133
scipy-powell,classical-kmeans,4,867,15.0579,0.001133
scipy-powell,classical-kmeans,4,868,15.0756,0.001133
scipy-powell,classical-kmeans,4,880,15.3007,0.001133
scipy-powell,classical-kmeans,4,881,15.3178,0.001133
scipy-powell,classical-kmeans,4,882,15.3358,0.001133
scipy-powell,classical-kmeans,4,883,15.3548,0.001133
scipy-powell,classical-kmeans,4,884,15.3728,0.001133
scipy-powell,classical-kmeans,4,885,15.3912,0.001133
scipy-powell,classical-kmeans,4,893,15.5379,0.001132
scipy-powell,classical-kmeans,4,894,15.5558,0.001132
scipy-powell,classical-kmeans,4,895,15.5734,0.001132
scipy-powell,classical-kmeans,4,896,15.5902,0.001132
scipy-powell,classical-kmeans,4,897,15.6076,0.001132
scipy-powell,classical-kmeans,4,898,15.6251,0.001132
scipy-powell,classical-kmeans,4,899,15.6418,0.001132
scipy-powell,classical-kmeans,4,900,15.6608,0.001132
scipy-powell,classical-kmeans,4,911,15.8622,0.001132
scipy-powell,classical-kmeans,4,912,15.8803,0.001132
scipy-powell,classical-kmeans,4,913,15.8989,0.001132
scipy-powell,classical-kmeans,4,927,16.1492,0.001132
scipy-powell,classical-kmeans,4,928,16.1679,0.001132
scipy-powell,classical-kmeans,4,929,16.1850,0.001132
scipy-powell,classical-kmeans,4,930,16.2024,0.001132
scipy-powell,classical-kmeans,4,948,16.5190,0.001132
scipy-powell,classical-kmeans,4,949,16.5365,0.001132
scipy-powell,classical-kmeans,4,956,16.6539,0.001132
scipy-powell,classical-kmeans,4,957,16.6721,0.001132
scipy-powell,classical-kmeans,4,958,16.6898,0.001132
scipy-powell,classical-kmeans,4,959,16.7062,0.001132
scipy-powell,classical-kmeans,4,962,16.7569,0.001132
scipy-powell,classical-kmeans,4,963,16.7735,0.001132
scipy-powell,classical-kmeans,4,968,16.8597,0.001132
scipy-powell,classical-kmeans,4,970,16.8942,0.001132
scipy-powell,classical-kmeans,4,971,16.9109,0.001132
scipy-powell,classical-kmeans,4,972,16.9274,0.001132
scipy-powell,classical-kmeans,4,973,16.9439,0.001132
scipy-powell,classical-kmeans,4,981,17.0766,0.001132
scipy-powell,classical-kmeans,4,982,17.0935,0.001132
scipy-powell,classical-kmeans,4,983,17.1105,0.001132
scipy-powell,classical-kmeans,4,984,17.1281,0.001132
scipy-powell,classical-kmeans,4,990,17.2306,0.001131
scipy-powell,classical-kmeans,4,991,17.2475,0.001131
scipy-powell,classical-kmeans,4,992,17.2640,0.001131
scipy-powell,classical-kmeans,4,993,17.2824,0.001131
scipy-powell,classical-kmeans,4,994,17.2988,0.001131
scipy-powell,classical-kmeans,4,1003,17.4558,0.001131
scipy-powell,classical-kmeans,4,1004,17.4735,0.001131
scipy-powell,classical-kmeans,4,1005,17.4908,0.001131
scipy-powell,classical-kmeans,4,1006,17.5079,0.001131
scipy-powell,classical-kmeans,4,1007,17.5245,0.001131
scipy-powell,classical-kmeans,4,1015,17.6623,0.001131
scipy-powell,classical-kmeans,4,1016,17.6806,0.001131
scipy-powell,classical-kmeans,4,1017,17.6979,0.001131
scipy-powell,classical-kmeans,4,1019,17.7329,0.001131
scipy-powell,classical-kmeans,4,1020,17.7519,0.001131
scipy-powell,classical-kmeans,4,1021,17.7697,0.001131
scipy-powell,classical-kmeans,4,1024,17.8230,0.001131
scipy-powell,classical-kmeans,4,1028,17.8935,0.001131
scipy-powell,classical-kmeans,4,1029,17.9112,0.001131
scipy-powell,classical-kmeans,4,1030,17.9280,0.001131
scipy-powell,classical-kmeans,4,1031,17.9458,0.001131
scipy-powell,classical-kmeans,4,1032,17.9632,0.001131
scipy-powell,classical-kmeans,4,1040,18.1074,0.001131
scipy-powell,classical-kmeans,4,1041,18.1259,0.001131
scipy-powell,classical-kmeans,4,1042,18.1442,0.001131
scipy-powell,classical-kmeans,4,1043,18.1615,0.001131
scipy-powell,classical-kmeans,4,1044,18.1801,0.001131
scipy-powell,classical-kmeans,4,1045,18.1971,0.001131
scipy-powell,classical-kmeans,4,1051,18.3027,0.001131
scipy-powell,classical-kmeans,4,1053,18.3386,0.001129
scipy-powell,classical-kmeans,4,1054,18.3566,0.001125
scipy-powell,classical-kmeans,4,1055,18.3760,0.001125
scipy-powell,classical-kmeans,4,1056,18.3958,0.001125
scipy-powell,classical-kmeans,4,1057,18.4131,0.001125
scipy-powell,classical-kmeans,4,1058,18.4319,0.001125
scipy-powell,classical-kmeans,4,1064,18.5398,0.001125
scipy-powell,classical-kmeans,4,1065,18.5577,0.001124
scipy-powell,classical-kmeans,4,1066,18.5759,0.001123
scipy-powell,classical-kmeans,4,1067,18.5933,0.001123
scipy-powell,classical-kmeans,4,1068,18.6107,0.001123
scipy-powell,classical-kmeans,4,1069,18.6281,0.001123
scipy-powell,classical-kmeans,4,1070,18.6460,0.001123
scipy-powell,classical-kmeans,4,1071,18.6635,0.001123
scipy-powell,classical-kmeans,4,1072,18.6811,0.001123
scipy-powell,classical-kmeans,4,1081,18.8387,0.001123
scipy-powell,classical-kmeans,4,1082,18.8563,0.001123
scipy-powell,classical-kmeans,4,1083,18.8730,0.001123
scipy-powell,classical-kmeans,4,1084,18.8911,0.001123
scipy-powell,classical-kmeans,4,1089,18.9792,0.001123
scipy-powell,classical-kmeans,4,1094,19.0667,0.001123
scipy-powell,classical-kmeans,4,1095,19.0835,0.001123
scipy-powell,classical-kmeans,4,1096,19.1012,0.001123
scipy-powell,classical-kmeans,4,1097,19.1174,0.001123
scipy-powell,classical-kmeans,4,1098,19.1348,0.001123
scipy-powell,classical-kmeans,4,1110,19.3412,0.001123
scipy-powell,classical-kmeans,4,1111,19.3585,0.001123
scipy-powell,classical-kmeans,4,1112,19.3747,0.001123
scipy-powell,classical-kmeans,4,1117,19.4599,0.001123
scipy-powell,classical-kmeans,4,1118,19.4785,0.001123
scipy-powell,classical-kmeans,4,1125,19.5998,0.001123
scipy-powell,classical-kmeans,4,1126,19.6172,0.001123
scipy-powell,classical-kmeans,4,1131,19.7062,0.001123
scipy-powell,classical-kmeans,4,1148,20.0007,0.001123
scipy-powell,classical-kmeans,4,1149,20.0175,0.001123
scipy-powell,classical-kmeans,4,1150,20.0345,0.001123
scipy-powell,classical-kmeans,4,1151,20.0505,0.001123
scipy-powell,classical-kmeans,4,1164,20.2754,0.001123
scipy-powell,classical-kmeans,4,1179,20.5265,0.001123
scipy-powell,classical-kmeans,4,1180,20.5440,0.001123
scipy-powell,classical-kmeans,4,1181,20.5609,0.001123
scipy-powell,classical-kmeans,4,1182,20.5774,0.001123
scipy-powell,classical-kmeans,4,1183,20.5938,0.001123
scipy-powell,classical-kmeans,4,1184,20.6098,0.001123
scipy-powell,classical-kmeans,4,1186,20.6428,0.001123
scipy-powell,classical-kmeans,4,1203,20.9259,0.001123
scipy-powell,classical-kmeans,4,1204,20.9425,0.001122
scipy-powell,classical-kmeans,4,1205,20.9598,0.001122
scipy-powell,classical-kmeans,4,1206,20.9774,0.001122
scipy-powell,classical-kmeans,4,1207,20.9946,0.001122
scipy-powell,classical-kmeans,4,1208,21.0118,0.001122
scipy-powell,classical-kmeans,4,1209,21.0291,0.001122
scipy-powell,classical-kmeans,4,1210,21.0478,0.001122
scipy-powell,classical-kmeans,4,1211,21.0649,0.001122
scipy-powell,classical-kmeans,4,1269,22.0348,0.001122
scipy-powell,classical-kmeans,4,1271,22.0688,0.001122
scipy-powell,classical-kmeans,4,1292,22.4261,0.001122
scipy-powell,classical-kmeans,4,1294,22.4596,0.001122
scipy-powell,classical-kmeans,4,1295,22.4764,0.001122
scipy-powell,classical-kmeans,4,1296,22.4940,0.001122
scipy-powell,classical-kmeans,4,1297,22.5119,0.001122
scipy-powell,classical-kmeans,4,1497,25.9042,0.001119
scipy-powell,classical-kmeans,4,1498,25.9209,0.001118
scipy-powell,classical-kmeans,4,1499,25.9385,0.001118
scipy-powell,classical-kmeans,4,1500,25.9579,0.001118
scipy-powell,classical-kmeans,4,1501,25.9763,0.001118
scipy-powell,classical-kmeans,4,1502,25.9940,0.001118
scipy-powell,classical-kmeans,4,1503,26.0119,0.001118
scipy-powell,classical-kmeans,4,1504,26.0293,0.001118
scipy-powell,classical-kmeans,4,1505,26.0458,0.001118
scipy-powell,classical-kmeans,4,1520,26.2990,0.001118
scipy-powell,classical-kmeans,4,1524,26.3652,0.001118
scipy-powell,classical-kmeans,4,1525,26.3813,0.001118
scipy-powell,classical-kmeans,4,1526,26.3976,0.001118
scipy-powell,classical-kmeans,4,1527,26.4143,0.001118
scipy-powell,classical-kmeans,4,1540,26.6262,0.001118
scipy-powell,classical-kmeans,4,1795,30.9355,0.001118
scipy-powell,classical-kmeans,4,1796,30.9528,0.001118
scipy-powell,classical-kmeans,4,1797,30.9688,0.001118
scipy-powell,classical-kmeans,4,1808,31.1606,0.001118
scipy-powell,classical-kmeans,4,1809,31.1799,0.001118
scipy-powell,classical-kmeans,4,1811,31.2153,0.001118
scipy-powell,classical-kmeans,4,1817,31.3144,0.001118
scipy-powell,classical-kmeans,4,1818,31.3317,0.001118
scipy-powell,classical-kmeans,4,1819,31.3491,0.001118
scipy-powell,classical-kmeans,4,1820,31.3656,0.001118
scipy-powell,classical-kmeans,4,1821,31.3815,0.001118
scipy-powell,classical-kmeans,4,1829,31.5152,0.001118
scipy-powell,classical-kmeans,4,1836,31.6333,0.001118
scipy-powell,classical-kmeans,4,1837,31.6510,0.001118
scipy-powell,classical-kmeans,4,1838,31.6689,0.001118
scipy-powell,classical-kmeans,4,1842,31.7357,0.001118
scipy-powell,classical-kmeans,4,1848,31.8390,0.001118
scipy-powell,classical-kmeans,4,1849,31.8557,0.001118
scipy-powell,classical-kmeans,4,1858,32.0096,0.001118
scipy-powell,classical-kmeans,4,1859,32.0261,0.001118
scipy-powell,classical-kmeans,4,1882,32.4109,0.001118
scipy-powell,classical-kmeans,4,1884,32.4439,0.001118
scipy-powell,classical-kmeans,4,1886,32.4766,0.001118
scipy-powell,classical-kmeans,4,1887,32.4929,0.001118
scipy-powell,classical-kmeans,4,1888,32.5089,0.001118
scipy-powell,classical-kmeans,4,1889,32.5255,0.001118
scipy-powell,classical-kmeans,4,1890,32.5416,0.001118
scipy-powell,classical-kmeans,4,1892,32.5748,0.001118
scipy-powell,classical-kmeans,4,1900,32.7066,0.001118
scipy-powell,classical-kmeans,4,1912,32.9045,0.001118
scipy-powell,classical-kmeans,4,1913,32.9208,0.001118
scipy-powell,classical-kmeans,4,1914,32.9375,0.001118
scipy-powell,classical-kmeans,4,1915,32.9544,0.001118
scipy-powell,classical-kmeans,4,1916,32.9710,0.001118
scipy-powell,classical-kmeans,4,1917,32.9890,0.001118
scipy-powell,classical-kmeans,4,1955,33.6275,0.001118
scipy-powell,classical-kmeans,4,1956,33.6445,0.001118
scipy-powell,classical-kmeans,4,1957,33.6621,0.001118
scipy-powell,classical-kmeans,4,1959,33.6947,0.001118
scipy-de,classical-kmeans,4,0,0.0000,0.016339
opt-ga,classical-kmeans,4,0,0.0000,0.016339
opt-ga,classical-kmeans,4,189,2.6648,0.013106
opt-ga,classical-kmeans,4,377,5.3322,0.009193
opt-ga,classical-kmeans,4,435,6.1783,0.008561
opt-ga,classical-kmeans,4,475,6.8130,0.006630
opt-ga,classical-kmeans,4,596,8.7601,0.006624
opt-ga,classical-kmeans,4,603,8.8718,0.005635
opt-ga,classical-kmeans,4,666,9.9503,0.005436
opt-ga,classical-kmeans,4,708,10.6709,0.005261
opt-ga,classical-kmeans,4,735,11.1225,0.004635
opt-ga,classical-kmeans,4,796,12.1440,0.004240
opt-ga,classical-kmeans,4,874,13.4158,0.004220
opt-ga,classical-kmeans,4,895,13.7662,0.004181
opt-ga,classical-kmeans,4,919,14.1605,0.004082
opt-ga,classical-kmeans,4,1015,15.7525,0.004009
opt-ga,classical-kmeans,4,1030,15.9949,0.003902
opt-ga,classical-kmeans,4,1056,16.4257,0.003877
opt-ga,classical-kmeans,4,1082,16.8577,0.003292
opt-ga,classical-kmeans,4,1213,19.0382,0.003155
opt-ga,classical-kmeans,4,1296,20.4548,0.003055
opt-ga,classical-kmeans,4,1360,21.5472,0.002935
opt-ga,classical-kmeans,4,1426,22.6739,0.002776
opt-ga,classical-kmeans,4,1437,22.8658,0.002707
opt-ga,classical-kmeans,4,1501,23.9646,0.002687
opt-ga,classical-kmeans,4,1503,23.9994,0.002445
opt-ga,classical-kmeans,4,1690,27.2862,0.002146
opt-ga,classical-kmeans,4,1729,27.9818,0.002082
opt-ga,classical-kmeans,4,1858,30.1699,0.001481
opt-pso,classical-kmeans,4,0,0.0000,0.016339
opt-aco,classical-kmeans,4,0,0.0000,0.016339
opt-aco,classical-kmeans,4,1290,18.2109,0.016031
opt-aco,classical-kmeans,4,1355,19.1780,0.013995
opt-aco,classical-kmeans,4,1591,22.5835,0.009470
opt-aco,classical-kmeans,4,1966,27.7993,0.008683
opt-gd,classical-kmeans,4,0,0.0000,0.016339
opt-gd,classical-kmeans,4,15,0.2740,0.016339
opt-gd,classical-kmeans,4,17,0.3068,0.016339
opt-gd,classical-kmeans,4,99,1.6906,0.016339
opt-gd,classical-kmeans,4,112,1.9134,0.016339
opt-gd,classical-kmeans,4,113,1.9307,0.016339
opt-gd,classical-kmeans,4,122,2.0822,0.002713
opt-gd,classical-kmeans,4,136,2.3203,0.002713
opt-gd,classical-kmeans,4,138,2.3563,0.002713
opt-gd,classical-kmeans,4,148,2.5239,0.002713
opt-gd,classical-kmeans,4,150,2.5590,0.002713
opt-gd,classical-kmeans,4,237,4.0525,0.002713
opt-gd,classical-kmeans,4,243,4.1599,0.002319
opt-gd,classical-kmeans,4,257,4.3954,0.002319
opt-gd,classical-kmeans,4,259,4.4283,0.002319
opt-gd,classical-kmeans,4,269,4.5914,0.002319
opt-gd,classical-kmeans,4,271,4.6263,0.002319
opt-gd,classical-kmeans,4,341,5.8497,0.002319
opt-gd,classical-kmeans,4,358,6.1388,0.002319
opt-gd,classical-kmeans,4,360,6.1716,0.002319
opt-gd,classical-kmeans,4,364,6.2370,0.001897
opt-gd,classical-kmeans,4,378,6.4722,0.001897
opt-gd,classical-kmeans,4,380,6.5042,0.001897
opt-gd,classical-kmeans,4,390,6.6709,0.001897
opt-gd,classical-kmeans,4,392,6.7042,0.001897
opt-gd,classical-kmeans,4,462,7.8350,0.001897
opt-gd,classical-kmeans,4,481,8.1473,0.001897
opt-gd,classical-kmeans,4,483,8.1835,0.001897
opt-gd,classical-kmeans,4,485,8.2180,0.001558
opt-gd,classical-kmeans,4,499,8.4578,0.001558
opt-gd,classical-kmeans,4,501,8.4922,0.001558
opt-gd,classical-kmeans,4,511,8.6618,0.001558
opt-gd,classical-kmeans,4,513,8.6961,0.001558
opt-gd,classical-kmeans,4,583,9.8285,0.001558
opt-gd,classical-kmeans,4,602,10.1550,0.001558
opt-gd,classical-kmeans,4,603,10.1717,0.001558
opt-gd,classical-kmeans,4,606,10.2223,0.001376
opt-gd,classical-kmeans,4,620,10.4400,0.001376
opt-gd,classical-kmeans,4,622,10.4702,0.001376
opt-gd,classical-kmeans,4,632,10.6233,0.001376
opt-gd,classical-kmeans,4,634,10.6541,0.001376
opt-gd,classical-kmeans,4,662,11.1016,0.001376
opt-gd,classical-kmeans,4,723,12.0892,0.001376
opt-gd,classical-kmeans,4,727,12.1502,0.001344
opt-gd,classical-kmeans,4,741,12.3762,0.001344
opt-gd,classical-kmeans,4,743,12.4078,0.001344
opt-gd,classical-kmeans,4,753,12.5673,0.001344
opt-gd,classical-kmeans,4,755,12.5982,0.001344
opt-gd,classical-kmeans,4,782,13.0311,0.001344
opt-gd,classical-kmeans,4,783,13.0480,0.001344
opt-gd,classical-kmeans,4,844,14.0340,0.001344
opt-gd,classical-kmeans,4,845,14.0492,0.001344
opt-gd,classical-kmeans,4,848,14.0976,0.001305
opt-gd,classical-kmeans,4,862,14.3211,0.001305
opt-gd,classical-kmeans,4,864,14.3537,0.001305
opt-gd,classical-kmeans,4,874,14.5186,0.001305
opt-gd,classical-kmeans,4,876,14.5504,0.001305
opt-gd,classical-kmeans,4,904,15.0075,0.001305
opt-gd,classical-kmeans,4,965,16.0349,0.001305
opt-gd,classical-kmeans,4,969,16.1034,0.001290
opt-gd,classical-kmeans,4,983,16.3349,0.001290
opt-gd,classical-kmeans,4,985,16.3687,0.001290
opt-gd,classical-kmeans,4,995,16.5337,0.001290
opt-gd,classical-kmeans,4,997,16.5661,0.001290
opt-gd,classical-kmeans,4,1024,16.9972,0.001290
opt-gd,classical-kmeans,4,1025,17.0129,0.001290
opt-gd,classical-kmeans,4,1086,18.0060,0.001290
opt-gd,classical-kmeans,4,1090,18.0719,0.001263
opt-gd,classical-kmeans,4,1104,18.2995,0.001263
opt-gd,classical-kmeans,4,1106,18.3314,0.001263
opt-gd,classical-kmeans,4,1116,18.4968,0.001263
opt-gd,classical-kmeans,4,1118,18.5290,0.001263
opt-gd,classical-kmeans,4,1145,18.9718,0.001263
opt-gd,classical-kmeans,4,1146,18.9895,0.001263
opt-gd,classical-kmeans,4,1207,19.9943,0.001263
opt-gd,classical-kmeans,4,1211,20.0604,0.001232
opt-gd,classical-kmeans,4,1224,20.2715,0.001232
opt-gd,classical-kmeans,4,1226,20.3046,0.001232
opt-gd,classical-kmeans,4,1261,20.8841,0.001232
opt-gd,classical-kmeans,4,1263,20.9176,0.001232
opt-gd,classical-kmeans,4,1265,20.9495,0.001232
opt-gd,classical-kmeans,4,1266,20.9662,0.001232
opt-gd,classical-kmeans,4,1267,20.9833,0.001232
opt-gd,classical-kmeans,4,1329,22.0254,0.001232
opt-gd,classical-kmeans,4,1332,22.0727,0.001204
opt-gd,classical-kmeans,4,1345,22.2818,0.001204
opt-gd,classical-kmeans,4,1347,22.3139,0.001204
opt-gd,classical-kmeans,4,1359,22.5081,0.001204
opt-gd,classical-kmeans,4,1387,22.9535,0.001204
opt-gd,classical-kmeans,4,1388,22.9692,0.001204
opt-gd,classical-kmeans,4,1448,23.9471,0.001204
opt-gd,classical-kmeans,4,1450,23.9805,0.001204
opt-gd,classical-kmeans,4,1574,26.0428,0.001204
opt-gd,classical-kmeans,4,1587,26.2572,0.001204
opt-gd,classical-kmeans,4,1589,26.2871,0.001204
opt-gd,classical-kmeans,4,1601,26.4779,0.001204
opt-gd,classical-kmeans,4,1629,26.9201,0.001204
opt-gd,classical-kmeans,4,1630,26.9353,0.001204
opt-gd,classical-kmeans,4,1690,27.9180,0.001204
opt-gd,classical-kmeans,4,1692,27.9499,0.001204
opt-gd,classical-kmeans,4,1816,30.0159,0.001202
opt-gd,classical-kmeans,4,1829,30.2352,0.001202
opt-gd,classical-kmeans,4,1831,30.2700,0.001202
opt-gd,classical-kmeans,4,1843,30.4775,0.001202
opt-gd,classical-kmeans,4,1871,30.9532,0.001202
opt-gd,classical-kmeans,4,1872,30.9706,0.001202
opt-gd,classical-kmeans,4,1934,32.0426,0.001202
