Hyperparameters x normalization on Concrete
  Suggesting log-transform for feature 'Slag' (dynamic range: 4.25)
  Suggesting log-transform for feature 'Age' (dynamic range: 2.56)
  N=1030 M=8 seeds=[0, 1, 2, 3, 4] log-transformed: ['Slag', 'Age']

Features Ranked by Differentiation Strength:
================================================================================
 1. Age                            - Score: 1.0000
 2. Cement                         - Score: 0.9358
 3. Water                          - Score: 0.6559
 4. FineAgg                        - Score: 0.5224
 5. CoarseAgg                      - Score: 0.4903
 6. Superplasticizer               - Score: 0.4794
 7. Slag                           - Score: 0.1299
 8. FlyAsh                         - Score: 0.1041
================================================================================
  Automatically selected 4 Gaussians for Age (label 2)
  Automatically selected 4 Gaussians for Age (label 1)
  Automatically selected 4 Gaussians for Age (label 0)
  Automatically selected 2 Gaussians for Cement (label 2)
  Automatically selected 2 Gaussians for Cement (label 1)
  Automatically selected 3 Gaussians for Cement (label 0)
  Automatically selected 3 Gaussians for Water (label 2)
  Automatically selected 3 Gaussians for Water (label 1)
  Automatically selected 3 Gaussians for Water (label 0)
  Automatically selected 4 Gaussians for FineAgg (label 2)
  Automatically selected 4 Gaussians for FineAgg (label 1)
  Automatically selected 1 Gaussians for FineAgg (label 0)
  Automatically selected 4 Gaussians for CoarseAgg (label 2)
  Automatically selected 3 Gaussians for CoarseAgg (label 1)
  Automatically selected 3 Gaussians for CoarseAgg (label 0)
  Automatically selected 3 Gaussians for Superplasticizer (label 2)
  Automatically selected 4 Gaussians for Superplasticizer (label 1)
  Automatically selected 2 Gaussians for Superplasticizer (label 0)
  Automatically selected 4 Gaussians for Slag (label 2)
  Automatically selected 2 Gaussians for Slag (label 1)
  Automatically selected 2 Gaussians for Slag (label 0)
  Automatically selected 3 Gaussians for FlyAsh (label 2)
  Automatically selected 2 Gaussians for FlyAsh (label 1)
  Automatically selected 2 Gaussians for FlyAsh (label 0)

Solving 1st consequents in closed form (basis=raw, l2=0.01)...
  Training MSE: 0.0113

Features Ranked by Differentiation Strength:
================================================================================
 1. Age                            - Score: 1.0000
 2. Cement                         - Score: 0.9502
 3. Water                          - Score: 0.6818
 4. CoarseAgg                      - Score: 0.5248
 5. FineAgg                        - Score: 0.4944
 6. Superplasticizer               - Score: 0.4887
 7. Slag                           - Score: 0.0992
 8. FlyAsh                         - Score: 0.0899
================================================================================
  Automatically selected 4 Gaussians for Age (label 0)
  Automatically selected 4 Gaussians for Age (label 1)
  Automatically selected 4 Gaussians for Age (label 2)
  Automatically selected 3 Gaussians for Cement (label 0)
  Automatically selected 4 Gaussians for Cement (label 1)
  Automatically selected 1 Gaussians for Cement (label 2)
  Automatically selected 4 Gaussians for Water (label 0)
  Automatically selected 3 Gaussians for Water (label 1)
  Automatically selected 3 Gaussians for Water (label 2)
  Automatically selected 3 Gaussians for CoarseAgg (label 0)
  Automatically selected 4 Gaussians for CoarseAgg (label 1)
  Automatically selected 4 Gaussians for CoarseAgg (label 2)
  Automatically selected 1 Gaussians for FineAgg (label 0)
  Automatically selected 3 Gaussians for FineAgg (label 1)
  Automatically selected 3 Gaussians for FineAgg (label 2)
  Automatically selected 2 Gaussians for Superplasticizer (label 0)
  Automatically selected 3 Gaussians for Superplasticizer (label 1)
  Automatically selected 3 Gaussians for Superplasticizer (label 2)
  Automatically selected 2 Gaussians for Slag (label 0)
  Automatically selected 2 Gaussians for Slag (label 1)
  Automatically selected 2 Gaussians for Slag (label 2)
  Automatically selected 2 Gaussians for FlyAsh (label 0)
  Automatically selected 3 Gaussians for FlyAsh (label 1)
  Automatically selected 2 Gaussians for FlyAsh (label 2)

Solving 1st consequents in closed form (basis=raw, l2=0.01)...
  Training MSE: 0.0118

Features Ranked by Differentiation Strength:
================================================================================
 1. Age                            - Score: 1.0000
 2. Cement                         - Score: 0.9882
 3. Water                          - Score: 0.6609
 4. FineAgg                        - Score: 0.5562
 5. CoarseAgg                      - Score: 0.4759
 6. Superplasticizer               - Score: 0.4414
 7. FlyAsh                         - Score: 0.0992
 8. Slag                           - Score: 0.0772
================================================================================
  Automatically selected 3 Gaussians for Age (label 2)
  Automatically selected 4 Gaussians for Age (label 1)
  Automatically selected 3 Gaussians for Age (label 0)
  Automatically selected 4 Gaussians for Cement (label 2)
  Automatically selected 3 Gaussians for Cement (label 1)
  Automatically selected 2 Gaussians for Cement (label 0)
  Automatically selected 3 Gaussians for Water (label 2)
  Automatically selected 3 Gaussians for Water (label 1)
  Automatically selected 2 Gaussians for Water (label 0)
  Automatically selected 4 Gaussians for FineAgg (label 2)
  Automatically selected 3 Gaussians for FineAgg (label 1)
  Automatically selected 1 Gaussians for FineAgg (label 0)
  Automatically selected 4 Gaussians for CoarseAgg (label 2)
  Automatically selected 3 Gaussians for CoarseAgg (label 1)
  Automatically selected 3 Gaussians for CoarseAgg (label 0)
  Automatically selected 3 Gaussians for Superplasticizer (label 2)
  Automatically selected 4 Gaussians for Superplasticizer (label 1)
  Automatically selected 2 Gaussians for Superplasticizer (label 0)
  Automatically selected 2 Gaussians for FlyAsh (label 2)
  Automatically selected 2 Gaussians for FlyAsh (label 1)
  Automatically selected 3 Gaussians for FlyAsh (label 0)
  Automatically selected 4 Gaussians for Slag (label 2)
  Automatically selected 2 Gaussians for Slag (label 1)
  Automatically selected 2 Gaussians for Slag (label 0)

Solving 1st consequents in closed form (basis=raw, l2=0.01)...
  Training MSE: 0.0129

Features Ranked by Differentiation Strength:
================================================================================
 1. Cement                         - Score: 1.0000
 2. Age                            - Score: 0.9577
 3. Water                          - Score: 0.6627
 4. FineAgg                        - Score: 0.5234
 5. CoarseAgg                      - Score: 0.5058
 6. Superplasticizer               - Score: 0.4464
 7. FlyAsh                         - Score: 0.1101
 8. Slag                           - Score: 0.0905
================================================================================
  Automatically selected 2 Gaussians for Cement (label 2)
  Automatically selected 2 Gaussians for Cement (label 1)
  Automatically selected 3 Gaussians for Cement (label 0)
  Automatically selected 4 Gaussians for Age (label 2)
  Automatically selected 4 Gaussians for Age (label 1)
  Automatically selected 4 Gaussians for Age (label 0)
  Automatically selected 3 Gaussians for Water (label 2)
  Automatically selected 3 Gaussians for Water (label 1)
  Automatically selected 4 Gaussians for Water (label 0)
  Automatically selected 4 Gaussians for FineAgg (label 2)
  Automatically selected 3 Gaussians for FineAgg (label 1)
  Automatically selected 1 Gaussians for FineAgg (label 0)
  Automatically selected 4 Gaussians for CoarseAgg (label 2)
  Automatically selected 4 Gaussians for CoarseAgg (label 1)
  Automatically selected 1 Gaussians for CoarseAgg (label 0)
  Automatically selected 3 Gaussians for Superplasticizer (label 2)
  Automatically selected 3 Gaussians for Superplasticizer (label 1)
  Automatically selected 2 Gaussians for Superplasticizer (label 0)
  Automatically selected 2 Gaussians for FlyAsh (label 2)
  Automatically selected 2 Gaussians for FlyAsh (label 1)
  Automatically selected 3 Gaussians for FlyAsh (label 0)
  Automatically selected 4 Gaussians for Slag (label 2)
  Automatically selected 2 Gaussians for Slag (label 1)
  Automatically selected 2 Gaussians for Slag (label 0)

Solving 1st consequents in closed form (basis=raw, l2=0.01)...
  Training MSE: 0.0124

Features Ranked by Differentiation Strength:
================================================================================
 1. Cement                         - Score: 1.0000
 2. Age                            - Score: 0.9545
 3. Water                          - Score: 0.6535
 4. FineAgg                        - Score: 0.5519
 5. CoarseAgg                      - Score: 0.5128
 6. Superplasticizer               - Score: 0.4860
 7. Slag                           - Score: 0.1237
 8. FlyAsh                         - Score: 0.1186
================================================================================
  Automatically selected 3 Gaussians for Cement (label 0)
  Automatically selected 2 Gaussians for Cement (label 1)
  Automatically selected 2 Gaussians for Cement (label 2)
  Automatically selected 4 Gaussians for Age (label 0)
  Automatically selected 4 Gaussians for Age (label 1)
  Automatically selected 4 Gaussians for Age (label 2)
  Automatically selected 4 Gaussians for Water (label 0)
  Automatically selected 3 Gaussians for Water (label 1)
  Automatically selected 3 Gaussians for Water (label 2)
  Automatically selected 1 Gaussians for FineAgg (label 0)
  Automatically selected 2 Gaussians for FineAgg (label 1)
  Automatically selected 4 Gaussians for FineAgg (label 2)
  Automatically selected 1 Gaussians for CoarseAgg (label 0)
  Automatically selected 3 Gaussians for CoarseAgg (label 1)
  Automatically selected 4 Gaussians for CoarseAgg (label 2)
  Automatically selected 2 Gaussians for Superplasticizer (label 0)
  Automatically selected 4 Gaussians for Superplasticizer (label 1)
  Automatically selected 3 Gaussians for Superplasticizer (label 2)
  Automatically selected 2 Gaussians for Slag (label 0)
  Automatically selected 2 Gaussians for Slag (label 1)
  Automatically selected 4 Gaussians for Slag (label 2)
  Automatically selected 3 Gaussians for FlyAsh (label 0)
  Automatically selected 3 Gaussians for FlyAsh (label 1)
  Automatically selected 3 Gaussians for FlyAsh (label 2)

Solving 1st consequents in closed form (basis=raw, l2=0.01)...
  Training MSE: 0.0106
  done: MoG 1st       raw

Features Ranked by Differentiation Strength:
================================================================================
 1. Age                            - Score: 1.0000
 2. Cement                         - Score: 0.9358
 3. Water                          - Score: 0.6559
 4. FineAgg                        - Score: 0.5224
 5. CoarseAgg                      - Score: 0.4903
 6. Superplasticizer               - Score: 0.4794
 7. Slag                           - Score: 0.1299
 8. FlyAsh                         - Score: 0.1041
================================================================================
  Automatically selected 4 Gaussians for Age (label 2)
  Automatically selected 4 Gaussians for Age (label 1)
  Automatically selected 4 Gaussians for Age (label 0)
  Automatically selected 2 Gaussians for Cement (label 2)
  Automatically selected 2 Gaussians for Cement (label 1)
  Automatically selected 3 Gaussians for Cement (label 0)
  Automatically selected 3 Gaussians for Water (label 2)
  Automatically selected 3 Gaussians for Water (label 1)
  Automatically selected 3 Gaussians for Water (label 0)
  Automatically selected 4 Gaussians for FineAgg (label 2)
  Automatically selected 4 Gaussians for FineAgg (label 1)
  Automatically selected 1 Gaussians for FineAgg (label 0)
  Automatically selected 4 Gaussians for CoarseAgg (label 2)
  Automatically selected 3 Gaussians for CoarseAgg (label 1)
  Automatically selected 3 Gaussians for CoarseAgg (label 0)
  Automatically selected 3 Gaussians for Superplasticizer (label 2)
  Automatically selected 4 Gaussians for Superplasticizer (label 1)
  Automatically selected 2 Gaussians for Superplasticizer (label 0)
  Automatically selected 4 Gaussians for Slag (label 2)
  Automatically selected 2 Gaussians for Slag (label 1)
  Automatically selected 2 Gaussians for Slag (label 0)
  Automatically selected 3 Gaussians for FlyAsh (label 2)
  Automatically selected 2 Gaussians for FlyAsh (label 1)
  Automatically selected 2 Gaussians for FlyAsh (label 0)

Solving 2nd consequents in closed form (basis=raw, l2=0.01)...
  Training MSE: 0.0064

Features Ranked by Differentiation Strength:
================================================================================
 1. Age                            - Score: 1.0000
 2. Cement                         - Score: 0.9502
 3. Water                          - Score: 0.6818
 4. CoarseAgg                      - Score: 0.5248
 5. FineAgg                        - Score: 0.4944
 6. Superplasticizer               - Score: 0.4887
 7. Slag                           - Score: 0.0992
 8. FlyAsh                         - Score: 0.0899
================================================================================
  Automatically selected 4 Gaussians for Age (label 0)
  Automatically selected 4 Gaussians for Age (label 1)
  Automatically selected 4 Gaussians for Age (label 2)
  Automatically selected 3 Gaussians for Cement (label 0)
  Automatically selected 4 Gaussians for Cement (label 1)
  Automatically selected 1 Gaussians for Cement (label 2)
  Automatically selected 4 Gaussians for Water (label 0)
  Automatically selected 3 Gaussians for Water (label 1)
  Automatically selected 3 Gaussians for Water (label 2)
  Automatically selected 3 Gaussians for CoarseAgg (label 0)
  Automatically selected 4 Gaussians for CoarseAgg (label 1)
  Automatically selected 4 Gaussians for CoarseAgg (label 2)
  Automatically selected 1 Gaussians for FineAgg (label 0)
  Automatically selected 3 Gaussians for FineAgg (label 1)
  Automatically selected 3 Gaussians for FineAgg (label 2)
  Automatically selected 2 Gaussians for Superplasticizer (label 0)
  Automatically selected 3 Gaussians for Superplasticizer (label 1)
  Automatically selected 3 Gaussians for Superplasticizer (label 2)
  Automatically selected 2 Gaussians for Slag (label 0)
  Automatically selected 2 Gaussians for Slag (label 1)
  Automatically selected 2 Gaussians for Slag (label 2)
  Automatically selected 2 Gaussians for FlyAsh (label 0)
  Automatically selected 3 Gaussians for FlyAsh (label 1)
  Automatically selected 2 Gaussians for FlyAsh (label 2)

Solving 2nd consequents in closed form (basis=raw, l2=0.01)...
  Training MSE: 0.0064

Features Ranked by Differentiation Strength:
================================================================================
 1. Age                            - Score: 1.0000
 2. Cement                         - Score: 0.9882
 3. Water                          - Score: 0.6609
 4. FineAgg                        - Score: 0.5562
 5. CoarseAgg                      - Score: 0.4759
 6. Superplasticizer               - Score: 0.4414
 7. FlyAsh                         - Score: 0.0992
 8. Slag                           - Score: 0.0772
================================================================================
  Automatically selected 3 Gaussians for Age (label 2)
  Automatically selected 4 Gaussians for Age (label 1)
  Automatically selected 3 Gaussians for Age (label 0)
  Automatically selected 4 Gaussians for Cement (label 2)
  Automatically selected 3 Gaussians for Cement (label 1)
  Automatically selected 2 Gaussians for Cement (label 0)
  Automatically selected 3 Gaussians for Water (label 2)
  Automatically selected 3 Gaussians for Water (label 1)
  Automatically selected 2 Gaussians for Water (label 0)
  Automatically selected 4 Gaussians for FineAgg (label 2)
  Automatically selected 3 Gaussians for FineAgg (label 1)
  Automatically selected 1 Gaussians for FineAgg (label 0)
  Automatically selected 4 Gaussians for CoarseAgg (label 2)
  Automatically selected 3 Gaussians for CoarseAgg (label 1)
  Automatically selected 3 Gaussians for CoarseAgg (label 0)
  Automatically selected 3 Gaussians for Superplasticizer (label 2)
  Automatically selected 4 Gaussians for Superplasticizer (label 1)
  Automatically selected 2 Gaussians for Superplasticizer (label 0)
  Automatically selected 2 Gaussians for FlyAsh (label 2)
  Automatically selected 2 Gaussians for FlyAsh (label 1)
  Automatically selected 3 Gaussians for FlyAsh (label 0)
  Automatically selected 4 Gaussians for Slag (label 2)
  Automatically selected 2 Gaussians for Slag (label 1)
  Automatically selected 2 Gaussians for Slag (label 0)

Solving 2nd consequents in closed form (basis=raw, l2=0.01)...
  Training MSE: 0.0074

Features Ranked by Differentiation Strength:
================================================================================
 1. Cement                         - Score: 1.0000
 2. Age                            - Score: 0.9577
 3. Water                          - Score: 0.6627
 4. FineAgg                        - Score: 0.5234
 5. CoarseAgg                      - Score: 0.5058
 6. Superplasticizer               - Score: 0.4464
 7. FlyAsh                         - Score: 0.1101
 8. Slag                           - Score: 0.0905
================================================================================
  Automatically selected 2 Gaussians for Cement (label 2)
  Automatically selected 2 Gaussians for Cement (label 1)
  Automatically selected 3 Gaussians for Cement (label 0)
  Automatically selected 4 Gaussians for Age (label 2)
  Automatically selected 4 Gaussians for Age (label 1)
  Automatically selected 4 Gaussians for Age (label 0)
  Automatically selected 3 Gaussians for Water (label 2)
  Automatically selected 3 Gaussians for Water (label 1)
  Automatically selected 4 Gaussians for Water (label 0)
  Automatically selected 4 Gaussians for FineAgg (label 2)
  Automatically selected 3 Gaussians for FineAgg (label 1)
  Automatically selected 1 Gaussians for FineAgg (label 0)
  Automatically selected 4 Gaussians for CoarseAgg (label 2)
  Automatically selected 4 Gaussians for CoarseAgg (label 1)
  Automatically selected 1 Gaussians for CoarseAgg (label 0)
  Automatically selected 3 Gaussians for Superplasticizer (label 2)
  Automatically selected 3 Gaussians for Superplasticizer (label 1)
  Automatically selected 2 Gaussians for Superplasticizer (label 0)
  Automatically selected 2 Gaussians for FlyAsh (label 2)
  Automatically selected 2 Gaussians for FlyAsh (label 1)
  Automatically selected 3 Gaussians for FlyAsh (label 0)
  Automatically selected 4 Gaussians for Slag (label 2)
  Automatically selected 2 Gaussians for Slag (label 1)
  Automatically selected 2 Gaussians for Slag (label 0)

Solving 2nd consequents in closed form (basis=raw, l2=0.01)...
  Training MSE: 0.0075

Features Ranked by Differentiation Strength:
================================================================================
 1. Cement                         - Score: 1.0000
 2. Age                            - Score: 0.9545
 3. Water                          - Score: 0.6535
 4. FineAgg                        - Score: 0.5519
 5. CoarseAgg                      - Score: 0.5128
 6. Superplasticizer               - Score: 0.4860
 7. Slag                           - Score: 0.1237
 8. FlyAsh                         - Score: 0.1186
================================================================================
  Automatically selected 3 Gaussians for Cement (label 0)
  Automatically selected 2 Gaussians for Cement (label 1)
  Automatically selected 2 Gaussians for Cement (label 2)
  Automatically selected 4 Gaussians for Age (label 0)
  Automatically selected 4 Gaussians for Age (label 1)
  Automatically selected 4 Gaussians for Age (label 2)
  Automatically selected 4 Gaussians for Water (label 0)
  Automatically selected 3 Gaussians for Water (label 1)
  Automatically selected 3 Gaussians for Water (label 2)
  Automatically selected 1 Gaussians for FineAgg (label 0)
  Automatically selected 2 Gaussians for FineAgg (label 1)
  Automatically selected 4 Gaussians for FineAgg (label 2)
  Automatically selected 1 Gaussians for CoarseAgg (label 0)
  Automatically selected 3 Gaussians for CoarseAgg (label 1)
  Automatically selected 4 Gaussians for CoarseAgg (label 2)
  Automatically selected 2 Gaussians for Superplasticizer (label 0)
  Automatically selected 4 Gaussians for Superplasticizer (label 1)
  Automatically selected 3 Gaussians for Superplasticizer (label 2)
  Automatically selected 2 Gaussians for Slag (label 0)
  Automatically selected 2 Gaussians for Slag (label 1)
  Automatically selected 4 Gaussians for Slag (label 2)
  Automatically selected 3 Gaussians for FlyAsh (label 0)
  Automatically selected 3 Gaussians for FlyAsh (label 1)
  Automatically selected 3 Gaussians for FlyAsh (label 2)

Solving 2nd consequents in closed form (basis=raw, l2=0.01)...
  Training MSE: 0.0066
  done: MoG 2nd       raw

Features Ranked by Differentiation Strength:
================================================================================
 1. Age                            - Score: 1.0000
 2. Cement                         - Score: 0.9358
 3. Water                          - Score: 0.6559
 4. FineAgg                        - Score: 0.5224
 5. CoarseAgg                      - Score: 0.4903
 6. Superplasticizer               - Score: 0.4794
 7. Slag                           - Score: 0.1299
 8. FlyAsh                         - Score: 0.1041
================================================================================
  Automatically selected 4 Gaussians for Age (label 2)
  Automatically selected 4 Gaussians for Age (label 1)
  Automatically selected 4 Gaussians for Age (label 0)
  Automatically selected 2 Gaussians for Cement (label 2)
  Automatically selected 2 Gaussians for Cement (label 1)
  Automatically selected 3 Gaussians for Cement (label 0)
  Automatically selected 3 Gaussians for Water (label 2)
  Automatically selected 3 Gaussians for Water (label 1)
  Automatically selected 3 Gaussians for Water (label 0)
  Automatically selected 4 Gaussians for FineAgg (label 2)
  Automatically selected 4 Gaussians for FineAgg (label 1)
  Automatically selected 1 Gaussians for FineAgg (label 0)
  Automatically selected 4 Gaussians for CoarseAgg (label 2)
  Automatically selected 3 Gaussians for CoarseAgg (label 1)
  Automatically selected 3 Gaussians for CoarseAgg (label 0)
  Automatically selected 3 Gaussians for Superplasticizer (label 2)
  Automatically selected 4 Gaussians for Superplasticizer (label 1)
  Automatically selected 2 Gaussians for Superplasticizer (label 0)
  Automatically selected 4 Gaussians for Slag (label 2)
  Automatically selected 2 Gaussians for Slag (label 1)
  Automatically selected 2 Gaussians for Slag (label 0)
  Automatically selected 3 Gaussians for FlyAsh (label 2)
  Automatically selected 2 Gaussians for FlyAsh (label 1)
  Automatically selected 2 Gaussians for FlyAsh (label 0)

Solving full-2nd consequents in closed form (basis=raw, l2=0.01)...
  Training MSE: 0.0040

Features Ranked by Differentiation Strength:
================================================================================
 1. Age                            - Score: 1.0000
 2. Cement                         - Score: 0.9502
 3. Water                          - Score: 0.6818
 4. CoarseAgg                      - Score: 0.5248
 5. FineAgg                        - Score: 0.4944
 6. Superplasticizer               - Score: 0.4887
 7. Slag                           - Score: 0.0992
 8. FlyAsh                         - Score: 0.0899
================================================================================
  Automatically selected 4 Gaussians for Age (label 0)
  Automatically selected 4 Gaussians for Age (label 1)
  Automatically selected 4 Gaussians for Age (label 2)
  Automatically selected 3 Gaussians for Cement (label 0)
  Automatically selected 4 Gaussians for Cement (label 1)
  Automatically selected 1 Gaussians for Cement (label 2)
  Automatically selected 4 Gaussians for Water (label 0)
  Automatically selected 3 Gaussians for Water (label 1)
  Automatically selected 3 Gaussians for Water (label 2)
  Automatically selected 3 Gaussians for CoarseAgg (label 0)
  Automatically selected 4 Gaussians for CoarseAgg (label 1)
  Automatically selected 4 Gaussians for CoarseAgg (label 2)
  Automatically selected 1 Gaussians for FineAgg (label 0)
  Automatically selected 3 Gaussians for FineAgg (label 1)
  Automatically selected 3 Gaussians for FineAgg (label 2)
  Automatically selected 2 Gaussians for Superplasticizer (label 0)
  Automatically selected 3 Gaussians for Superplasticizer (label 1)
  Automatically selected 3 Gaussians for Superplasticizer (label 2)
  Automatically selected 2 Gaussians for Slag (label 0)
  Automatically selected 2 Gaussians for Slag (label 1)
  Automatically selected 2 Gaussians for Slag (label 2)
  Automatically selected 2 Gaussians for FlyAsh (label 0)
  Automatically selected 3 Gaussians for FlyAsh (label 1)
  Automatically selected 2 Gaussians for FlyAsh (label 2)

Solving full-2nd consequents in closed form (basis=raw, l2=0.01)...
  Training MSE: 0.0045

Features Ranked by Differentiation Strength:
================================================================================
 1. Age                            - Score: 1.0000
 2. Cement                         - Score: 0.9882
 3. Water                          - Score: 0.6609
 4. FineAgg                        - Score: 0.5562
 5. CoarseAgg                      - Score: 0.4759
 6. Superplasticizer               - Score: 0.4414
 7. FlyAsh                         - Score: 0.0992
 8. Slag                           - Score: 0.0772
================================================================================
  Automatically selected 3 Gaussians for Age (label 2)
  Automatically selected 4 Gaussians for Age (label 1)
  Automatically selected 3 Gaussians for Age (label 0)
  Automatically selected 4 Gaussians for Cement (label 2)
  Automatically selected 3 Gaussians for Cement (label 1)
  Automatically selected 2 Gaussians for Cement (label 0)
  Automatically selected 3 Gaussians for Water (label 2)
  Automatically selected 3 Gaussians for Water (label 1)
  Automatically selected 2 Gaussians for Water (label 0)
  Automatically selected 4 Gaussians for FineAgg (label 2)
  Automatically selected 3 Gaussians for FineAgg (label 1)
  Automatically selected 1 Gaussians for FineAgg (label 0)
  Automatically selected 4 Gaussians for CoarseAgg (label 2)
  Automatically selected 3 Gaussians for CoarseAgg (label 1)
  Automatically selected 3 Gaussians for CoarseAgg (label 0)
  Automatically selected 3 Gaussians for Superplasticizer (label 2)
  Automatically selected 4 Gaussians for Superplasticizer (label 1)
  Automatically selected 2 Gaussians for Superplasticizer (label 0)
  Automatically selected 2 Gaussians for FlyAsh (label 2)
  Automatically selected 2 Gaussians for FlyAsh (label 1)
  Automatically selected 3 Gaussians for FlyAsh (label 0)
  Automatically selected 4 Gaussians for Slag (label 2)
  Automatically selected 2 Gaussians for Slag (label 1)
  Automatically selected 2 Gaussians for Slag (label 0)

Solving full-2nd consequents in closed form (basis=raw, l2=0.01)...
  Training MSE: 0.0044

Features Ranked by Differentiation Strength:
================================================================================
 1. Cement                         - Score: 1.0000
 2. Age                            - Score: 0.9577
 3. Water                          - Score: 0.6627
 4. FineAgg                        - Score: 0.5234
 5. CoarseAgg                      - Score: 0.5058
 6. Superplasticizer               - Score: 0.4464
 7. FlyAsh                         - Score: 0.1101
 8. Slag                           - Score: 0.0905
================================================================================
  Automatically selected 2 Gaussians for Cement (label 2)
  Automatically selected 2 Gaussians for Cement (label 1)
  Automatically selected 3 Gaussians for Cement (label 0)
  Automatically selected 4 Gaussians for Age (label 2)
  Automatically selected 4 Gaussians for Age (label 1)
  Automatically selected 4 Gaussians for Age (label 0)
  Automatically selected 3 Gaussians for Water (label 2)
  Automatically selected 3 Gaussians for Water (label 1)
  Automatically selected 4 Gaussians for Water (label 0)
  Automatically selected 4 Gaussians for FineAgg (label 2)
  Automatically selected 3 Gaussians for FineAgg (label 1)
  Automatically selected 1 Gaussians for FineAgg (label 0)
  Automatically selected 4 Gaussians for CoarseAgg (label 2)
  Automatically selected 4 Gaussians for CoarseAgg (label 1)
  Automatically selected 1 Gaussians for CoarseAgg (label 0)
  Automatically selected 3 Gaussians for Superplasticizer (label 2)
  Automatically selected 3 Gaussians for Superplasticizer (label 1)
  Automatically selected 2 Gaussians for Superplasticizer (label 0)
  Automatically selected 2 Gaussians for FlyAsh (label 2)
  Automatically selected 2 Gaussians for FlyAsh (label 1)
  Automatically selected 3 Gaussians for FlyAsh (label 0)
  Automatically selected 4 Gaussians for Slag (label 2)
  Automatically selected 2 Gaussians for Slag (label 1)
  Automatically selected 2 Gaussians for Slag (label 0)

Solving full-2nd consequents in closed form (basis=raw, l2=0.01)...
  Training MSE: 0.0044

Features Ranked by Differentiation Strength:
================================================================================
 1. Cement                         - Score: 1.0000
 2. Age                            - Score: 0.9545
 3. Water                          - Score: 0.6535
 4. FineAgg                        - Score: 0.5519
 5. CoarseAgg                      - Score: 0.5128
 6. Superplasticizer               - Score: 0.4860
 7. Slag                           - Score: 0.1237
 8. FlyAsh                         - Score: 0.1186
================================================================================
  Automatically selected 3 Gaussians for Cement (label 0)
  Automatically selected 2 Gaussians for Cement (label 1)
  Automatically selected 2 Gaussians for Cement (label 2)
  Automatically selected 4 Gaussians for Age (label 0)
  Automatically selected 4 Gaussians for Age (label 1)
  Automatically selected 4 Gaussians for Age (label 2)
  Automatically selected 4 Gaussians for Water (label 0)
  Automatically selected 3 Gaussians for Water (label 1)
  Automatically selected 3 Gaussians for Water (label 2)
  Automatically selected 1 Gaussians for FineAgg (label 0)
  Automatically selected 2 Gaussians for FineAgg (label 1)
  Automatically selected 4 Gaussians for FineAgg (label 2)
  Automatically selected 1 Gaussians for CoarseAgg (label 0)
  Automatically selected 3 Gaussians for CoarseAgg (label 1)
  Automatically selected 4 Gaussians for CoarseAgg (label 2)
  Automatically selected 2 Gaussians for Superplasticizer (label 0)
  Automatically selected 4 Gaussians for Superplasticizer (label 1)
  Automatically selected 3 Gaussians for Superplasticizer (label 2)
  Automatically selected 2 Gaussians for Slag (label 0)
  Automatically selected 2 Gaussians for Slag (label 1)
  Automatically selected 4 Gaussians for Slag (label 2)
  Automatically selected 3 Gaussians for FlyAsh (label 0)
  Automatically selected 3 Gaussians for FlyAsh (label 1)
  Automatically selected 3 Gaussians for FlyAsh (label 2)

Solving full-2nd consequents in closed form (basis=raw, l2=0.01)...
  Training MSE: 0.0041
  done: MoG full-2nd  raw
  Suggesting log-transform for feature 'Slag' (dynamic range: 4.25)
  Suggesting log-transform for feature 'Age' (dynamic range: 2.56)

Features Ranked by Differentiation Strength:
================================================================================
 1. Age                            - Score: 1.0000
 2. Cement                         - Score: 0.9490
 3. Water                          - Score: 0.6651
 4. FineAgg                        - Score: 0.5298
 5. CoarseAgg                      - Score: 0.4972
 6. Superplasticizer               - Score: 0.4862
 7. Slag                           - Score: 0.1623
 8. FlyAsh                         - Score: 0.1056
================================================================================
  Automatically selected 4 Gaussians for Age (label 2)
  Automatically selected 4 Gaussians for Age (label 1)
  Automatically selected 3 Gaussians for Age (label 0)
  Automatically selected 2 Gaussians for Cement (label 2)
  Automatically selected 2 Gaussians for Cement (label 1)
  Automatically selected 3 Gaussians for Cement (label 0)
  Automatically selected 3 Gaussians for Water (label 2)
  Automatically selected 3 Gaussians for Water (label 1)
  Automatically selected 3 Gaussians for Water (label 0)
  Automatically selected 4 Gaussians for FineAgg (label 2)
  Automatically selected 4 Gaussians for FineAgg (label 1)
  Automatically selected 1 Gaussians for FineAgg (label 0)
  Automatically selected 4 Gaussians for CoarseAgg (label 2)
  Automatically selected 3 Gaussians for CoarseAgg (label 1)
  Automatically selected 3 Gaussians for CoarseAgg (label 0)
  Automatically selected 3 Gaussians for Superplasticizer (label 2)
  Automatically selected 4 Gaussians for Superplasticizer (label 1)
  Automatically selected 2 Gaussians for Superplasticizer (label 0)
  Automatically selected 3 Gaussians for Slag (label 2)
  Automatically selected 4 Gaussians for Slag (label 1)
  Automatically selected 3 Gaussians for Slag (label 0)
  Automatically selected 3 Gaussians for FlyAsh (label 2)
  Automatically selected 2 Gaussians for FlyAsh (label 1)
  Automatically selected 2 Gaussians for FlyAsh (label 0)

Solving 1st consequents in closed form (basis=raw, l2=0.01)...
  Training MSE: 0.0085
  Suggesting log-transform for feature 'Slag' (dynamic range: 4.25)
  Suggesting log-transform for feature 'Age' (dynamic range: 2.56)

Features Ranked by Differentiation Strength:
================================================================================
 1. Age                            - Score: 1.0000
 2. Cement                         - Score: 0.9396
 3. Water                          - Score: 0.6743
 4. CoarseAgg                      - Score: 0.5189
 5. FineAgg                        - Score: 0.4889
 6. Superplasticizer               - Score: 0.4833
 7. Slag                           - Score: 0.1439
 8. FlyAsh                         - Score: 0.0889
================================================================================
  Automatically selected 3 Gaussians for Age (label 0)
  Automatically selected 4 Gaussians for Age (label 1)
  Automatically selected 4 Gaussians for Age (label 2)
  Automatically selected 3 Gaussians for Cement (label 0)
  Automatically selected 4 Gaussians for Cement (label 1)
  Automatically selected 1 Gaussians for Cement (label 2)
  Automatically selected 4 Gaussians for Water (label 0)
  Automatically selected 3 Gaussians for Water (label 1)
  Automatically selected 3 Gaussians for Water (label 2)
  Automatically selected 3 Gaussians for CoarseAgg (label 0)
  Automatically selected 4 Gaussians for CoarseAgg (label 1)
  Automatically selected 4 Gaussians for CoarseAgg (label 2)
  Automatically selected 1 Gaussians for FineAgg (label 0)
  Automatically selected 3 Gaussians for FineAgg (label 1)
  Automatically selected 3 Gaussians for FineAgg (label 2)
  Automatically selected 2 Gaussians for Superplasticizer (label 0)
  Automatically selected 3 Gaussians for Superplasticizer (label 1)
  Automatically selected 3 Gaussians for Superplasticizer (label 2)
  Automatically selected 3 Gaussians for Slag (label 0)
  Automatically selected 3 Gaussians for Slag (label 1)
  Automatically selected 3 Gaussians for Slag (label 2)
  Automatically selected 2 Gaussians for FlyAsh (label 0)
  Automatically selected 3 Gaussians for FlyAsh (label 1)
  Automatically selected 2 Gaussians for FlyAsh (label 2)

Solving 1st consequents in closed form (basis=raw, l2=0.01)...
  Training MSE: 0.0081
  Suggesting log-transform for feature 'Slag' (dynamic range: 4.25)
  Suggesting log-transform for feature 'Age' (dynamic range: 2.56)

Features Ranked by Differentiation Strength:
================================================================================
 1. Cement                         - Score: 1.0000
 2. Age                            - Score: 0.9561
 3. Water                          - Score: 0.6687
 4. FineAgg                        - Score: 0.5628
 5. CoarseAgg                      - Score: 0.4815
 6. Superplasticizer               - Score: 0.4466
 7. Slag                           - Score: 0.1417
 8. FlyAsh                         - Score: 0.1004
================================================================================
  Automatically selected 4 Gaussians for Cement (label 2)
  Automatically selected 3 Gaussians for Cement (label 1)
  Automatically selected 2 Gaussians for Cement (label 0)
  Automatically selected 4 Gaussians for Age (label 2)
  Automatically selected 4 Gaussians for Age (label 1)
  Automatically selected 4 Gaussians for Age (label 0)
  Automatically selected 3 Gaussians for Water (label 2)
  Automatically selected 3 Gaussians for Water (label 1)
  Automatically selected 2 Gaussians for Water (label 0)
  Automatically selected 4 Gaussians for FineAgg (label 2)
  Automatically selected 3 Gaussians for FineAgg (label 1)
  Automatically selected 1 Gaussians for FineAgg (label 0)
  Automatically selected 4 Gaussians for CoarseAgg (label 2)
  Automatically selected 3 Gaussians for CoarseAgg (label 1)
  Automatically selected 3 Gaussians for CoarseAgg (label 0)
  Automatically selected 3 Gaussians for Superplasticizer (label 2)
  Automatically selected 4 Gaussians for Superplasticizer (label 1)
  Automatically selected 2 Gaussians for Superplasticizer (label 0)
  Automatically selected 3 Gaussians for Slag (label 2)
  Automatically selected 3 Gaussians for Slag (label 1)
  Automatically selected 3 Gaussians for Slag (label 0)
  Automatically selected 2 Gaussians for FlyAsh (label 2)
  Automatically selected 2 Gaussians for FlyAsh (label 1)
  Automatically selected 3 Gaussians for FlyAsh (label 0)

Solving 1st consequents in closed form (basis=raw, l2=0.01)...
  Training MSE: 0.0086
  Suggesting log-transform for feature 'Slag' (dynamic range: 4.25)
  Suggesting log-transform for feature 'Age' (dynamic range: 2.56)

Features Ranked by Differentiation Strength:
================================================================================
 1. Cement                         - Score: 1.0000
 2. Age                            - Score: 0.9298
 3. Water                          - Score: 0.6627
 4. FineAgg                        - Score: 0.5234
 5. CoarseAgg                      - Score: 0.5049
 6. Superplasticizer               - Score: 0.4464
 7. Slag                           - Score: 0.1418
 8. FlyAsh                         - Score: 0.1101
================================================================================
  Automatically selected 2 Gaussians for Cement (label 2)
  Automatically selected 2 Gaussians for Cement (label 1)
  Automatically selected 3 Gaussians for Cement (label 0)
  Automatically selected 4 Gaussians for Age (label 2)
  Automatically selected 4 Gaussians for Age (label 1)
  Automatically selected 4 Gaussians for Age (label 0)
  Automatically selected 3 Gaussians for Water (label 2)
  Automatically selected 3 Gaussians for Water (label 1)
  Automatically selected 4 Gaussians for Water (label 0)
  Automatically selected 4 Gaussians for FineAgg (label 2)
  Automatically selected 3 Gaussians for FineAgg (label 1)
  Automatically selected 1 Gaussians for FineAgg (label 0)
  Automatically selected 4 Gaussians for CoarseAgg (label 2)
  Automatically selected 4 Gaussians for CoarseAgg (label 1)
  Automatically selected 1 Gaussians for CoarseAgg (label 0)
  Automatically selected 3 Gaussians for Superplasticizer (label 2)
  Automatically selected 3 Gaussians for Superplasticizer (label 1)
  Automatically selected 2 Gaussians for Superplasticizer (label 0)
  Automatically selected 3 Gaussians for Slag (label 2)
  Automatically selected 3 Gaussians for Slag (label 1)
  Automatically selected 3 Gaussians for Slag (label 0)
  Automatically selected 2 Gaussians for FlyAsh (label 2)
  Automatically selected 2 Gaussians for FlyAsh (label 1)
  Automatically selected 3 Gaussians for FlyAsh (label 0)

Solving 1st consequents in closed form (basis=raw, l2=0.01)...
  Training MSE: 0.0084
  Suggesting log-transform for feature 'Slag' (dynamic range: 4.25)
  Suggesting log-transform for feature 'Age' (dynamic range: 2.56)

Features Ranked by Differentiation Strength:
================================================================================
 1. Cement                         - Score: 1.0000
 2. Age                            - Score: 0.9001
 3. Water                          - Score: 0.6535
 4. FineAgg                        - Score: 0.5519
 5. CoarseAgg                      - Score: 0.5128
 6. Superplasticizer               - Score: 0.4860
 7. Slag                           - Score: 0.1593
 8. FlyAsh                         - Score: 0.1186
================================================================================
  Automatically selected 3 Gaussians for Cement (label 0)
  Automatically selected 2 Gaussians for Cement (label 1)
  Automatically selected 2 Gaussians for Cement (label 2)
  Automatically selected 4 Gaussians for Age (label 0)
  Automatically selected 4 Gaussians for Age (label 1)
  Automatically selected 4 Gaussians for Age (label 2)
  Automatically selected 4 Gaussians for Water (label 0)
  Automatically selected 3 Gaussians for Water (label 1)
  Automatically selected 3 Gaussians for Water (label 2)
  Automatically selected 1 Gaussians for FineAgg (label 0)
  Automatically selected 2 Gaussians for FineAgg (label 1)
  Automatically selected 4 Gaussians for FineAgg (label 2)
  Automatically selected 1 Gaussians for CoarseAgg (label 0)
  Automatically selected 3 Gaussians for CoarseAgg (label 1)
  Automatically selected 4 Gaussians for CoarseAgg (label 2)
  Automatically selected 2 Gaussians for Superplasticizer (label 0)
  Automatically selected 4 Gaussians for Superplasticizer (label 1)
  Automatically selected 3 Gaussians for Superplasticizer (label 2)
  Automatically selected 3 Gaussians for Slag (label 0)
  Automatically selected 3 Gaussians for Slag (label 1)
  Automatically selected 4 Gaussians for Slag (label 2)
  Automatically selected 3 Gaussians for FlyAsh (label 0)
  Automatically selected 3 Gaussians for FlyAsh (label 1)
  Automatically selected 3 Gaussians for FlyAsh (label 2)

Solving 1st consequents in closed form (basis=raw, l2=0.01)...
  Training MSE: 0.0080
  done: MoG 1st       log+standardized
  Suggesting log-transform for feature 'Slag' (dynamic range: 4.25)
  Suggesting log-transform for feature 'Age' (dynamic range: 2.56)

Features Ranked by Differentiation Strength:
================================================================================
 1. Age                            - Score: 1.0000
 2. Cement                         - Score: 0.9490
 3. Water                          - Score: 0.6651
 4. FineAgg                        - Score: 0.5298
 5. CoarseAgg                      - Score: 0.4972
 6. Superplasticizer               - Score: 0.4862
 7. Slag                           - Score: 0.1623
 8. FlyAsh                         - Score: 0.1056
================================================================================
  Automatically selected 4 Gaussians for Age (label 2)
  Automatically selected 4 Gaussians for Age (label 1)
  Automatically selected 3 Gaussians for Age (label 0)
  Automatically selected 2 Gaussians for Cement (label 2)
  Automatically selected 2 Gaussians for Cement (label 1)
  Automatically selected 3 Gaussians for Cement (label 0)
  Automatically selected 3 Gaussians for Water (label 2)
  Automatically selected 3 Gaussians for Water (label 1)
  Automatically selected 3 Gaussians for Water (label 0)
  Automatically selected 4 Gaussians for FineAgg (label 2)
  Automatically selected 4 Gaussians for FineAgg (label 1)
  Automatically selected 1 Gaussians for FineAgg (label 0)
  Automatically selected 4 Gaussians for CoarseAgg (label 2)
  Automatically selected 3 Gaussians for CoarseAgg (label 1)
  Automatically selected 3 Gaussians for CoarseAgg (label 0)
  Automatically selected 3 Gaussians for Superplasticizer (label 2)
  Automatically selected 4 Gaussians for Superplasticizer (label 1)
  Automatically selected 2 Gaussians for Superplasticizer (label 0)
  Automatically selected 3 Gaussians for Slag (label 2)
  Automatically selected 4 Gaussians for Slag (label 1)
  Automatically selected 3 Gaussians for Slag (label 0)
  Automatically selected 3 Gaussians for FlyAsh (label 2)
  Automatically selected 2 Gaussians for FlyAsh (label 1)
  Automatically selected 2 Gaussians for FlyAsh (label 0)

Solving 2nd consequents in closed form (basis=raw, l2=0.01)...
  Training MSE: 0.0063
  Suggesting log-transform for feature 'Slag' (dynamic range: 4.25)
  Suggesting log-transform for feature 'Age' (dynamic range: 2.56)

Features Ranked by Differentiation Strength:
================================================================================
 1. Age                            - Score: 1.0000
 2. Cement                         - Score: 0.9396
 3. Water                          - Score: 0.6743
 4. CoarseAgg                      - Score: 0.5189
 5. FineAgg                        - Score: 0.4889
 6. Superplasticizer               - Score: 0.4833
 7. Slag                           - Score: 0.1439
 8. FlyAsh                         - Score: 0.0889
================================================================================
  Automatically selected 3 Gaussians for Age (label 0)
  Automatically selected 4 Gaussians for Age (label 1)
  Automatically selected 4 Gaussians for Age (label 2)
  Automatically selected 3 Gaussians for Cement (label 0)
  Automatically selected 4 Gaussians for Cement (label 1)
  Automatically selected 1 Gaussians for Cement (label 2)
  Automatically selected 4 Gaussians for Water (label 0)
  Automatically selected 3 Gaussians for Water (label 1)
  Automatically selected 3 Gaussians for Water (label 2)
  Automatically selected 3 Gaussians for CoarseAgg (label 0)
  Automatically selected 4 Gaussians for CoarseAgg (label 1)
  Automatically selected 4 Gaussians for CoarseAgg (label 2)
  Automatically selected 1 Gaussians for FineAgg (label 0)
  Automatically selected 3 Gaussians for FineAgg (label 1)
  Automatically selected 3 Gaussians for FineAgg (label 2)
  Automatically selected 2 Gaussians for Superplasticizer (label 0)
  Automatically selected 3 Gaussians for Superplasticizer (label 1)
  Automatically selected 3 Gaussians for Superplasticizer (label 2)
  Automatically selected 3 Gaussians for Slag (label 0)
  Automatically selected 3 Gaussians for Slag (label 1)
  Automatically selected 3 Gaussians for Slag (label 2)
  Automatically selected 2 Gaussians for FlyAsh (label 0)
  Automatically selected 3 Gaussians for FlyAsh (label 1)
  Automatically selected 2 Gaussians for FlyAsh (label 2)

Solving 2nd consequents in closed form (basis=raw, l2=0.01)...
  Training MSE: 0.0056
  Suggesting log-transform for feature 'Slag' (dynamic range: 4.25)
  Suggesting log-transform for feature 'Age' (dynamic range: 2.56)

Features Ranked by Differentiation Strength:
================================================================================
 1. Cement                         - Score: 1.0000
 2. Age                            - Score: 0.9561
 3. Water                          - Score: 0.6687
 4. FineAgg                        - Score: 0.5628
 5. CoarseAgg                      - Score: 0.4815
 6. Superplasticizer               - Score: 0.4466
 7. Slag                           - Score: 0.1417
 8. FlyAsh                         - Score: 0.1004
================================================================================
  Automatically selected 4 Gaussians for Cement (label 2)
  Automatically selected 3 Gaussians for Cement (label 1)
  Automatically selected 2 Gaussians for Cement (label 0)
  Automatically selected 4 Gaussians for Age (label 2)
  Automatically selected 4 Gaussians for Age (label 1)
  Automatically selected 4 Gaussians for Age (label 0)
  Automatically selected 3 Gaussians for Water (label 2)
  Automatically selected 3 Gaussians for Water (label 1)
  Automatically selected 2 Gaussians for Water (label 0)
  Automatically selected 4 Gaussians for FineAgg (label 2)
  Automatically selected 3 Gaussians for FineAgg (label 1)
  Automatically selected 1 Gaussians for FineAgg (label 0)
  Automatically selected 4 Gaussians for CoarseAgg (label 2)
  Automatically selected 3 Gaussians for CoarseAgg (label 1)
  Automatically selected 3 Gaussians for CoarseAgg (label 0)
  Automatically selected 3 Gaussians for Superplasticizer (label 2)
  Automatically selected 4 Gaussians for Superplasticizer (label 1)
  Automatically selected 2 Gaussians for Superplasticizer (label 0)
  Automatically selected 3 Gaussians for Slag (label 2)
  Automatically selected 3 Gaussians for Slag (label 1)
  Automatically selected 3 Gaussians for Slag (label 0)
  Automatically selected 2 Gaussians for FlyAsh (label 2)
  Automatically selected 2 Gaussians for FlyAsh (label 1)
  Automatically selected 3 Gaussians for FlyAsh (label 0)

Solving 2nd consequents in closed form (basis=raw, l2=0.01)...
  Training MSE: 0.0062
  Suggesting log-transform for feature 'Slag' (dynamic range: 4.25)
  Suggesting log-transform for feature 'Age' (dynamic range: 2.56)

Features Ranked by Differentiation Strength:
================================================================================
 1. Cement                         - Score: 1.0000
 2. Age                            - Score: 0.9298
 3. Water                          - Score: 0.6627
 4. FineAgg                        - Score: 0.5234
 5. CoarseAgg                      - Score: 0.5049
 6. Superplasticizer               - Score: 0.4464
 7. Slag                           - Score: 0.1418
 8. FlyAsh                         - Score: 0.1101
================================================================================
  Automatically selected 2 Gaussians for Cement (label 2)
  Automatically selected 2 Gaussians for Cement (label 1)
  Automatically selected 3 Gaussians for Cement (label 0)
  Automatically selected 4 Gaussians for Age (label 2)
  Automatically selected 4 Gaussians for Age (label 1)
  Automatically selected 4 Gaussians for Age (label 0)
  Automatically selected 3 Gaussians for Water (label 2)
  Automatically selected 3 Gaussians for Water (label 1)
  Automatically selected 4 Gaussians for Water (label 0)
  Automatically selected 4 Gaussians for FineAgg (label 2)
  Automatically selected 3 Gaussians for FineAgg (label 1)
  Automatically selected 1 Gaussians for FineAgg (label 0)
  Automatically selected 4 Gaussians for CoarseAgg (label 2)
  Automatically selected 4 Gaussians for CoarseAgg (label 1)
  Automatically selected 1 Gaussians for CoarseAgg (label 0)
  Automatically selected 3 Gaussians for Superplasticizer (label 2)
  Automatically selected 3 Gaussians for Superplasticizer (label 1)
  Automatically selected 2 Gaussians for Superplasticizer (label 0)
  Automatically selected 3 Gaussians for Slag (label 2)
  Automatically selected 3 Gaussians for Slag (label 1)
  Automatically selected 3 Gaussians for Slag (label 0)
  Automatically selected 2 Gaussians for FlyAsh (label 2)
  Automatically selected 2 Gaussians for FlyAsh (label 1)
  Automatically selected 3 Gaussians for FlyAsh (label 0)

Solving 2nd consequents in closed form (basis=raw, l2=0.01)...
  Training MSE: 0.0063
  Suggesting log-transform for feature 'Slag' (dynamic range: 4.25)
  Suggesting log-transform for feature 'Age' (dynamic range: 2.56)

Features Ranked by Differentiation Strength:
================================================================================
 1. Cement                         - Score: 1.0000
 2. Age                            - Score: 0.9001
 3. Water                          - Score: 0.6535
 4. FineAgg                        - Score: 0.5519
 5. CoarseAgg                      - Score: 0.5128
 6. Superplasticizer               - Score: 0.4860
 7. Slag                           - Score: 0.1593
 8. FlyAsh                         - Score: 0.1186
================================================================================
  Automatically selected 3 Gaussians for Cement (label 0)
  Automatically selected 2 Gaussians for Cement (label 1)
  Automatically selected 2 Gaussians for Cement (label 2)
  Automatically selected 4 Gaussians for Age (label 0)
  Automatically selected 4 Gaussians for Age (label 1)
  Automatically selected 4 Gaussians for Age (label 2)
  Automatically selected 4 Gaussians for Water (label 0)
  Automatically selected 3 Gaussians for Water (label 1)
  Automatically selected 3 Gaussians for Water (label 2)
  Automatically selected 1 Gaussians for FineAgg (label 0)
  Automatically selected 2 Gaussians for FineAgg (label 1)
  Automatically selected 4 Gaussians for FineAgg (label 2)
  Automatically selected 1 Gaussians for CoarseAgg (label 0)
  Automatically selected 3 Gaussians for CoarseAgg (label 1)
  Automatically selected 4 Gaussians for CoarseAgg (label 2)
  Automatically selected 2 Gaussians for Superplasticizer (label 0)
  Automatically selected 4 Gaussians for Superplasticizer (label 1)
  Automatically selected 3 Gaussians for Superplasticizer (label 2)
  Automatically selected 3 Gaussians for Slag (label 0)
  Automatically selected 3 Gaussians for Slag (label 1)
  Automatically selected 4 Gaussians for Slag (label 2)
  Automatically selected 3 Gaussians for FlyAsh (label 0)
  Automatically selected 3 Gaussians for FlyAsh (label 1)
  Automatically selected 3 Gaussians for FlyAsh (label 2)

Solving 2nd consequents in closed form (basis=raw, l2=0.01)...
  Training MSE: 0.0056
  done: MoG 2nd       log+standardized
  Suggesting log-transform for feature 'Slag' (dynamic range: 4.25)
  Suggesting log-transform for feature 'Age' (dynamic range: 2.56)

Features Ranked by Differentiation Strength:
================================================================================
 1. Age                            - Score: 1.0000
 2. Cement                         - Score: 0.9490
 3. Water                          - Score: 0.6651
 4. FineAgg                        - Score: 0.5298
 5. CoarseAgg                      - Score: 0.4972
 6. Superplasticizer               - Score: 0.4862
 7. Slag                           - Score: 0.1623
 8. FlyAsh                         - Score: 0.1056
================================================================================
  Automatically selected 4 Gaussians for Age (label 2)
  Automatically selected 4 Gaussians for Age (label 1)
  Automatically selected 3 Gaussians for Age (label 0)
  Automatically selected 2 Gaussians for Cement (label 2)
  Automatically selected 2 Gaussians for Cement (label 1)
  Automatically selected 3 Gaussians for Cement (label 0)
  Automatically selected 3 Gaussians for Water (label 2)
  Automatically selected 3 Gaussians for Water (label 1)
  Automatically selected 3 Gaussians for Water (label 0)
  Automatically selected 4 Gaussians for FineAgg (label 2)
  Automatically selected 4 Gaussians for FineAgg (label 1)
  Automatically selected 1 Gaussians for FineAgg (label 0)
  Automatically selected 4 Gaussians for CoarseAgg (label 2)
  Automatically selected 3 Gaussians for CoarseAgg (label 1)
  Automatically selected 3 Gaussians for CoarseAgg (label 0)
  Automatically selected 3 Gaussians for Superplasticizer (label 2)
  Automatically selected 4 Gaussians for Superplasticizer (label 1)
  Automatically selected 2 Gaussians for Superplasticizer (label 0)
  Automatically selected 3 Gaussians for Slag (label 2)
  Automatically selected 4 Gaussians for Slag (label 1)
  Automatically selected 3 Gaussians for Slag (label 0)
  Automatically selected 3 Gaussians for FlyAsh (label 2)
  Automatically selected 2 Gaussians for FlyAsh (label 1)
  Automatically selected 2 Gaussians for FlyAsh (label 0)

Solving full-2nd consequents in closed form (basis=raw, l2=0.01)...
  Training MSE: 0.0042
  Suggesting log-transform for feature 'Slag' (dynamic range: 4.25)
  Suggesting log-transform for feature 'Age' (dynamic range: 2.56)

Features Ranked by Differentiation Strength:
================================================================================
 1. Age                            - Score: 1.0000
 2. Cement                         - Score: 0.9396
 3. Water                          - Score: 0.6743
 4. CoarseAgg                      - Score: 0.5189
 5. FineAgg                        - Score: 0.4889
 6. Superplasticizer               - Score: 0.4833
 7. Slag                           - Score: 0.1439
 8. FlyAsh                         - Score: 0.0889
================================================================================
  Automatically selected 3 Gaussians for Age (label 0)
  Automatically selected 4 Gaussians for Age (label 1)
  Automatically selected 4 Gaussians for Age (label 2)
  Automatically selected 3 Gaussians for Cement (label 0)
  Automatically selected 4 Gaussians for Cement (label 1)
  Automatically selected 1 Gaussians for Cement (label 2)
  Automatically selected 4 Gaussians for Water (label 0)
  Automatically selected 3 Gaussians for Water (label 1)
  Automatically selected 3 Gaussians for Water (label 2)
  Automatically selected 3 Gaussians for CoarseAgg (label 0)
  Automatically selected 4 Gaussians for CoarseAgg (label 1)
  Automatically selected 4 Gaussians for CoarseAgg (label 2)
  Automatically selected 1 Gaussians for FineAgg (label 0)
  Automatically selected 3 Gaussians for FineAgg (label 1)
  Automatically selected 3 Gaussians for FineAgg (label 2)
  Automatically selected 2 Gaussians for Superplasticizer (label 0)
  Automatically selected 3 Gaussians for Superplasticizer (label 1)
  Automatically selected 3 Gaussians for Superplasticizer (label 2)
  Automatically selected 3 Gaussians for Slag (label 0)
  Automatically selected 3 Gaussians for Slag (label 1)
  Automatically selected 3 Gaussians for Slag (label 2)
  Automatically selected 2 Gaussians for FlyAsh (label 0)
  Automatically selected 3 Gaussians for FlyAsh (label 1)
  Automatically selected 2 Gaussians for FlyAsh (label 2)

Solving full-2nd consequents in closed form (basis=raw, l2=0.01)...
  Training MSE: 0.0038
  Suggesting log-transform for feature 'Slag' (dynamic range: 4.25)
  Suggesting log-transform for feature 'Age' (dynamic range: 2.56)

Features Ranked by Differentiation Strength:
================================================================================
 1. Cement                         - Score: 1.0000
 2. Age                            - Score: 0.9561
 3. Water                          - Score: 0.6687
 4. FineAgg                        - Score: 0.5628
 5. CoarseAgg                      - Score: 0.4815
 6. Superplasticizer               - Score: 0.4466
 7. Slag                           - Score: 0.1417
 8. FlyAsh                         - Score: 0.1004
================================================================================
  Automatically selected 4 Gaussians for Cement (label 2)
  Automatically selected 3 Gaussians for Cement (label 1)
  Automatically selected 2 Gaussians for Cement (label 0)
  Automatically selected 4 Gaussians for Age (label 2)
  Automatically selected 4 Gaussians for Age (label 1)
  Automatically selected 4 Gaussians for Age (label 0)
  Automatically selected 3 Gaussians for Water (label 2)
  Automatically selected 3 Gaussians for Water (label 1)
  Automatically selected 2 Gaussians for Water (label 0)
  Automatically selected 4 Gaussians for FineAgg (label 2)
  Automatically selected 3 Gaussians for FineAgg (label 1)
  Automatically selected 1 Gaussians for FineAgg (label 0)
  Automatically selected 4 Gaussians for CoarseAgg (label 2)
  Automatically selected 3 Gaussians for CoarseAgg (label 1)
  Automatically selected 3 Gaussians for CoarseAgg (label 0)
  Automatically selected 3 Gaussians for Superplasticizer (label 2)
  Automatically selected 4 Gaussians for Superplasticizer (label 1)
  Automatically selected 2 Gaussians for Superplasticizer (label 0)
  Automatically selected 3 Gaussians for Slag (label 2)
  Automatically selected 3 Gaussians for Slag (label 1)
  Automatically selected 3 Gaussians for Slag (label 0)
  Automatically selected 2 Gaussians for FlyAsh (label 2)
  Automatically selected 2 Gaussians for FlyAsh (label 1)
  Automatically selected 3 Gaussians for FlyAsh (label 0)

Solving full-2nd consequents in closed form (basis=raw, l2=0.01)...
  Training MSE: 0.0039
  Suggesting log-transform for feature 'Slag' (dynamic range: 4.25)
  Suggesting log-transform for feature 'Age' (dynamic range: 2.56)

Features Ranked by Differentiation Strength:
================================================================================
 1. Cement                         - Score: 1.0000
 2. Age                            - Score: 0.9298
 3. Water                          - Score: 0.6627
 4. FineAgg                        - Score: 0.5234
 5. CoarseAgg                      - Score: 0.5049
 6. Superplasticizer               - Score: 0.4464
 7. Slag                           - Score: 0.1418
 8. FlyAsh                         - Score: 0.1101
================================================================================
  Automatically selected 2 Gaussians for Cement (label 2)
  Automatically selected 2 Gaussians for Cement (label 1)
  Automatically selected 3 Gaussians for Cement (label 0)
  Automatically selected 4 Gaussians for Age (label 2)
  Automatically selected 4 Gaussians for Age (label 1)
  Automatically selected 4 Gaussians for Age (label 0)
  Automatically selected 3 Gaussians for Water (label 2)
  Automatically selected 3 Gaussians for Water (label 1)
  Automatically selected 4 Gaussians for Water (label 0)
  Automatically selected 4 Gaussians for FineAgg (label 2)
  Automatically selected 3 Gaussians for FineAgg (label 1)
  Automatically selected 1 Gaussians for FineAgg (label 0)
  Automatically selected 4 Gaussians for CoarseAgg (label 2)
  Automatically selected 4 Gaussians for CoarseAgg (label 1)
  Automatically selected 1 Gaussians for CoarseAgg (label 0)
  Automatically selected 3 Gaussians for Superplasticizer (label 2)
  Automatically selected 3 Gaussians for Superplasticizer (label 1)
  Automatically selected 2 Gaussians for Superplasticizer (label 0)
  Automatically selected 3 Gaussians for Slag (label 2)
  Automatically selected 3 Gaussians for Slag (label 1)
  Automatically selected 3 Gaussians for Slag (label 0)
  Automatically selected 2 Gaussians for FlyAsh (label 2)
  Automatically selected 2 Gaussians for FlyAsh (label 1)
  Automatically selected 3 Gaussians for FlyAsh (label 0)

Solving full-2nd consequents in closed form (basis=raw, l2=0.01)...
  Training MSE: 0.0036
  Suggesting log-transform for feature 'Slag' (dynamic range: 4.25)
  Suggesting log-transform for feature 'Age' (dynamic range: 2.56)

Features Ranked by Differentiation Strength:
================================================================================
 1. Cement                         - Score: 1.0000
 2. Age                            - Score: 0.9001
 3. Water                          - Score: 0.6535
 4. FineAgg                        - Score: 0.5519
 5. CoarseAgg                      - Score: 0.5128
 6. Superplasticizer               - Score: 0.4860
 7. Slag                           - Score: 0.1593
 8. FlyAsh                         - Score: 0.1186
================================================================================
  Automatically selected 3 Gaussians for Cement (label 0)
  Automatically selected 2 Gaussians for Cement (label 1)
  Automatically selected 2 Gaussians for Cement (label 2)
  Automatically selected 4 Gaussians for Age (label 0)
  Automatically selected 4 Gaussians for Age (label 1)
  Automatically selected 4 Gaussians for Age (label 2)
  Automatically selected 4 Gaussians for Water (label 0)
  Automatically selected 3 Gaussians for Water (label 1)
  Automatically selected 3 Gaussians for Water (label 2)
  Automatically selected 1 Gaussians for FineAgg (label 0)
  Automatically selected 2 Gaussians for FineAgg (label 1)
  Automatically selected 4 Gaussians for FineAgg (label 2)
  Automatically selected 1 Gaussians for CoarseAgg (label 0)
  Automatically selected 3 Gaussians for CoarseAgg (label 1)
  Automatically selected 4 Gaussians for CoarseAgg (label 2)
  Automatically selected 2 Gaussians for Superplasticizer (label 0)
  Automatically selected 4 Gaussians for Superplasticizer (label 1)
  Automatically selected 3 Gaussians for Superplasticizer (label 2)
  Automatically selected 3 Gaussians for Slag (label 0)
  Automatically selected 3 Gaussians for Slag (label 1)
  Automatically selected 4 Gaussians for Slag (label 2)
  Automatically selected 3 Gaussians for FlyAsh (label 0)
  Automatically selected 3 Gaussians for FlyAsh (label 1)
  Automatically selected 3 Gaussians for FlyAsh (label 2)

Solving full-2nd consequents in closed form (basis=raw, l2=0.01)...
  Training MSE: 0.0039
  done: MoG full-2nd  log+standardized

Features Ranked by Differentiation Strength:
================================================================================
 1. Age                            - Score: 1.0000
 2. Cement                         - Score: 0.9306
 3. Water                          - Score: 0.6608
 4. FineAgg                        - Score: 0.5154
 5. CoarseAgg                      - Score: 0.4978
 6. Superplasticizer               - Score: 0.4839
 7. Slag                           - Score: 0.1348
 8. FlyAsh                         - Score: 0.1057
================================================================================

Features Ranked by Differentiation Strength:
================================================================================
 1. Age                            - Score: 1.0000
 2. Cement                         - Score: 0.9306
 3. Water                          - Score: 0.6608
 4. FineAgg                        - Score: 0.5154
 5. CoarseAgg                      - Score: 0.4978
 6. Superplasticizer               - Score: 0.4839
 7. Slag                           - Score: 0.1348
 8. FlyAsh                         - Score: 0.1057
================================================================================

Features Ranked by Differentiation Strength:
================================================================================
 1. Age                            - Score: 1.0000
 2. Cement                         - Score: 0.9306
 3. Water                          - Score: 0.6608
 4. FineAgg                        - Score: 0.5154
 5. CoarseAgg                      - Score: 0.4978
 6. Superplasticizer               - Score: 0.4839
 7. Slag                           - Score: 0.1348
 8. FlyAsh                         - Score: 0.1057
================================================================================

Features Ranked by Differentiation Strength:
================================================================================
 1. Age                            - Score: 1.0000
 2. FineAgg                        - Score: 0.3659
 3. CoarseAgg                      - Score: 0.3077
 4. Slag                           - Score: 0.2954
 5. Cement                         - Score: 0.2514
 6. Superplasticizer               - Score: 0.1799
 7. Water                          - Score: 0.1763
 8. FlyAsh                         - Score: 0.1027
================================================================================
  Automatically selected 3 Gaussians for Age (label 2)
  Automatically selected 4 Gaussians for Age (label 1)
  Automatically selected 4 Gaussians for Age (label 0)
  Automatically selected 1 Gaussians for FineAgg (label 2)
  Automatically selected 1 Gaussians for FineAgg (label 1)
  Automatically selected 1 Gaussians for FineAgg (label 0)
  Automatically selected 1 Gaussians for CoarseAgg (label 2)
  Automatically selected 3 Gaussians for CoarseAgg (label 1)
  Automatically selected 4 Gaussians for CoarseAgg (label 0)
  Automatically selected 2 Gaussians for Slag (label 2)
  Automatically selected 2 Gaussians for Slag (label 1)
  Automatically selected 2 Gaussians for Slag (label 0)
  Automatically selected 2 Gaussians for Cement (label 2)
  Automatically selected 2 Gaussians for Cement (label 1)
  Automatically selected 1 Gaussians for Cement (label 0)
  Automatically selected 2 Gaussians for Superplasticizer (label 2)
  Automatically selected 2 Gaussians for Superplasticizer (label 1)
  Automatically selected 4 Gaussians for Superplasticizer (label 0)
  Automatically selected 2 Gaussians for Water (label 2)
  Automatically selected 4 Gaussians for Water (label 1)
  Automatically selected 4 Gaussians for Water (label 0)
  Automatically selected 3 Gaussians for FlyAsh (label 2)
  Automatically selected 3 Gaussians for FlyAsh (label 1)
  Automatically selected 2 Gaussians for FlyAsh (label 0)

Features Ranked by Differentiation Strength:
================================================================================
 1. Cement                         - Score: 1.0000
 2. Superplasticizer               - Score: 0.9867
 3. Slag                           - Score: 0.9638
 4. FineAgg                        - Score: 0.7966
 5. FlyAsh                         - Score: 0.7617
 6. CoarseAgg                      - Score: 0.7322
 7. Water                          - Score: 0.7240
 8. Age                            - Score: 0.7213
================================================================================
  Automatically selected 2 Gaussians for Cement (label 0)
  Automatically selected 3 Gaussians for Cement (label 2)
  Automatically selected 2 Gaussians for Cement (label 1)
  Automatically selected 2 Gaussians for Superplasticizer (label 0)
  Automatically selected 3 Gaussians for Superplasticizer (label 2)
  Automatically selected 2 Gaussians for Superplasticizer (label 1)
  Automatically selected 2 Gaussians for Slag (label 0)
  Automatically selected 2 Gaussians for Slag (label 2)
  Automatically selected 2 Gaussians for Slag (label 1)
  Automatically selected 1 Gaussians for FineAgg (label 0)
  Automatically selected 3 Gaussians for FineAgg (label 2)
  Automatically selected 3 Gaussians for FineAgg (label 1)
  Automatically selected 3 Gaussians for FlyAsh (label 0)
  Automatically selected 2 Gaussians for FlyAsh (label 2)
  Automatically selected 3 Gaussians for FlyAsh (label 1)
  Automatically selected 2 Gaussians for CoarseAgg (label 0)
  Automatically selected 2 Gaussians for CoarseAgg (label 2)
  Automatically selected 1 Gaussians for CoarseAgg (label 1)
  Automatically selected 1 Gaussians for Water (label 0)
  Automatically selected 4 Gaussians for Water (label 2)
  Automatically selected 1 Gaussians for Water (label 1)
  Automatically selected 3 Gaussians for Age (label 0)
  Automatically selected 3 Gaussians for Age (label 2)
  Automatically selected 3 Gaussians for Age (label 1)

Features Ranked by Differentiation Strength:
================================================================================
 1. Slag                           - Score: 1.0000
 2. Cement                         - Score: 0.5421
 3. CoarseAgg                      - Score: 0.5169
 4. FineAgg                        - Score: 0.5138
 5. Superplasticizer               - Score: 0.4063
 6. Water                          - Score: 0.3784
 7. FlyAsh                         - Score: 0.1226
 8. Age                            - Score: 0.0731
================================================================================
  Automatically selected 4 Gaussians for Slag (label 1)
  Automatically selected 1 Gaussians for Slag (label 2)
  Automatically selected 2 Gaussians for Slag (label 0)
  Automatically selected 2 Gaussians for Cement (label 1)
  Automatically selected 2 Gaussians for Cement (label 2)
  Automatically selected 2 Gaussians for Cement (label 0)
  Automatically selected 1 Gaussians for CoarseAgg (label 1)
  Automatically selected 2 Gaussians for CoarseAgg (label 2)
  Automatically selected 1 Gaussians for CoarseAgg (label 0)
  Automatically selected 1 Gaussians for FineAgg (label 1)
  Automatically selected 3 Gaussians for FineAgg (label 2)
  Automatically selected 4 Gaussians for FineAgg (label 0)
  Automatically selected 4 Gaussians for Superplasticizer (label 1)
  Automatically selected 3 Gaussians for Superplasticizer (label 2)
  Automatically selected 3 Gaussians for Superplasticizer (label 0)
  Automatically selected 4 Gaussians for Water (label 1)
  Automatically selected 4 Gaussians for Water (label 2)
  Automatically selected 3 Gaussians for Water (label 0)
  Automatically selected 4 Gaussians for FlyAsh (label 1)
  Automatically selected 2 Gaussians for FlyAsh (label 2)
  Automatically selected 4 Gaussians for FlyAsh (label 0)
  Automatically selected 1 Gaussians for Age (label 1)
  Automatically selected 1 Gaussians for Age (label 2)
  Automatically selected 3 Gaussians for Age (label 0)

Features Ranked by Differentiation Strength:
================================================================================
 1. Cement                         - Score: 1.0000
 2. CoarseAgg                      - Score: 0.6795
 3. Age                            - Score: 0.5926
 4. Water                          - Score: 0.5755
 5. FineAgg                        - Score: 0.3711
 6. Superplasticizer               - Score: 0.1313
 7. Slag                           - Score: 0.1304
 8. FlyAsh                         - Score: 0.0657
================================================================================
  Automatically selected 3 Gaussians for Cement (label 0)
  Automatically selected 4 Gaussians for Cement (label 2)
  Automatically selected 3 Gaussians for Cement (label 1)
  Automatically selected 4 Gaussians for CoarseAgg (label 0)
  Automatically selected 3 Gaussians for CoarseAgg (label 2)
  Automatically selected 2 Gaussians for CoarseAgg (label 1)
  Automatically selected 4 Gaussians for Age (label 0)
  Automatically selected 3 Gaussians for Age (label 2)
  Automatically selected 3 Gaussians for Age (label 1)
  Automatically selected 3 Gaussians for Water (label 0)
  Automatically selected 2 Gaussians for Water (label 2)
  Automatically selected 4 Gaussians for Water (label 1)
  Automatically selected 1 Gaussians for FineAgg (label 0)
  Automatically selected 4 Gaussians for FineAgg (label 2)
  Automatically selected 1 Gaussians for FineAgg (label 1)
  Automatically selected 3 Gaussians for Superplasticizer (label 0)
  Automatically selected 2 Gaussians for Superplasticizer (label 2)
  Automatically selected 4 Gaussians for Superplasticizer (label 1)
  Automatically selected 2 Gaussians for Slag (label 0)
  Automatically selected 2 Gaussians for Slag (label 2)
  Automatically selected 2 Gaussians for Slag (label 1)
  Automatically selected 4 Gaussians for FlyAsh (label 0)
  Automatically selected 4 Gaussians for FlyAsh (label 2)
  Automatically selected 4 Gaussians for FlyAsh (label 1)

Features Ranked by Differentiation Strength:
================================================================================
 1. Age                            - Score: 1.0000
 2. FineAgg                        - Score: 0.7421
 3. Water                          - Score: 0.6036
 4. CoarseAgg                      - Score: 0.5146
 5. Cement                         - Score: 0.4793
 6. Superplasticizer               - Score: 0.4327
 7. Slag                           - Score: 0.2375
 8. FlyAsh                         - Score: 0.1543
================================================================================
  Automatically selected 4 Gaussians for Age (label 2)
  Automatically selected 4 Gaussians for Age (label 1)
  Automatically selected 4 Gaussians for Age (label 0)
  Automatically selected 2 Gaussians for FineAgg (label 2)
  Automatically selected 2 Gaussians for FineAgg (label 1)
  Automatically selected 1 Gaussians for FineAgg (label 0)
  Automatically selected 2 Gaussians for Water (label 2)
  Automatically selected 4 Gaussians for Water (label 1)
  Automatically selected 4 Gaussians for Water (label 0)
  Automatically selected 4 Gaussians for CoarseAgg (label 2)
  Automatically selected 3 Gaussians for CoarseAgg (label 1)
  Automatically selected 4 Gaussians for CoarseAgg (label 0)
  Automatically selected 2 Gaussians for Cement (label 2)
  Automatically selected 4 Gaussians for Cement (label 1)
  Automatically selected 1 Gaussians for Cement (label 0)
  Automatically selected 3 Gaussians for Superplasticizer (label 2)
  Automatically selected 4 Gaussians for Superplasticizer (label 1)
  Automatically selected 4 Gaussians for Superplasticizer (label 0)
  Automatically selected 4 Gaussians for Slag (label 2)
  Automatically selected 4 Gaussians for Slag (label 1)
  Automatically selected 4 Gaussians for Slag (label 0)
  Automatically selected 4 Gaussians for FlyAsh (label 2)
  Automatically selected 4 Gaussians for FlyAsh (label 1)
  Automatically selected 4 Gaussians for FlyAsh (label 0)

Features Ranked by Differentiation Strength:
================================================================================
 1. Age                            - Score: 1.0000
 2. FineAgg                        - Score: 0.6314
 3. Cement                         - Score: 0.6205
 4. Water                          - Score: 0.5115
 5. CoarseAgg                      - Score: 0.3396
 6. FlyAsh                         - Score: 0.1476
 7. Superplasticizer               - Score: 0.0593
 8. Slag                           - Score: 0.0415
================================================================================
  Automatically selected 3 Gaussians for Age (label 2)
  Automatically selected 4 Gaussians for Age (label 1)
  Automatically selected 4 Gaussians for Age (label 0)
  Automatically selected 2 Gaussians for FineAgg (label 2)
  Automatically selected 2 Gaussians for FineAgg (label 1)
  Automatically selected 2 Gaussians for FineAgg (label 0)
  Automatically selected 4 Gaussians for Cement (label 2)
  Automatically selected 1 Gaussians for Cement (label 1)
  Automatically selected 1 Gaussians for Cement (label 0)
  Automatically selected 4 Gaussians for Water (label 2)
  Automatically selected 4 Gaussians for Water (label 1)
  Automatically selected 4 Gaussians for Water (label 0)
  Automatically selected 3 Gaussians for CoarseAgg (label 2)
  Automatically selected 4 Gaussians for CoarseAgg (label 1)
  Automatically selected 3 Gaussians for CoarseAgg (label 0)
  Automatically selected 3 Gaussians for FlyAsh (label 2)
  Automatically selected 4 Gaussians for FlyAsh (label 1)
  Automatically selected 4 Gaussians for FlyAsh (label 0)
  Automatically selected 4 Gaussians for Superplasticizer (label 2)
  Automatically selected 4 Gaussians for Superplasticizer (label 1)
  Automatically selected 3 Gaussians for Superplasticizer (label 0)

Features Ranked by Differentiation Strength:
================================================================================
 1. Age                            - Score: 1.0000
 2. Water                          - Score: 0.7383
 3. Cement                         - Score: 0.6637
 4. FineAgg                        - Score: 0.4603
 5. Superplasticizer               - Score: 0.4491
 6. CoarseAgg                      - Score: 0.4308
 7. Slag                           - Score: 0.3738
 8. FlyAsh                         - Score: 0.1263
================================================================================
  Automatically selected 4 Gaussians for Age (label 1)
  Automatically selected 4 Gaussians for Age (label 0)
  Automatically selected 4 Gaussians for Age (label 2)
  Automatically selected 3 Gaussians for Water (label 1)
  Automatically selected 3 Gaussians for Water (label 0)
  Automatically selected 4 Gaussians for Water (label 2)
  Automatically selected 2 Gaussians for Cement (label 1)
  Automatically selected 1 Gaussians for Cement (label 0)
  Automatically selected 1 Gaussians for Cement (label 2)
  Automatically selected 2 Gaussians for FineAgg (label 1)
  Automatically selected 3 Gaussians for FineAgg (label 0)
  Automatically selected 4 Gaussians for FineAgg (label 2)
  Automatically selected 3 Gaussians for Superplasticizer (label 1)
  Automatically selected 3 Gaussians for Superplasticizer (label 0)
  Automatically selected 3 Gaussians for Superplasticizer (label 2)
  Automatically selected 4 Gaussians for CoarseAgg (label 1)
  Automatically selected 3 Gaussians for CoarseAgg (label 0)
  Automatically selected 2 Gaussians for CoarseAgg (label 2)
  Automatically selected 2 Gaussians for Slag (label 1)
  Automatically selected 2 Gaussians for Slag (label 0)
  Automatically selected 4 Gaussians for Slag (label 2)
  Automatically selected 2 Gaussians for FlyAsh (label 1)
  Automatically selected 4 Gaussians for FlyAsh (label 0)
  Automatically selected 3 Gaussians for FlyAsh (label 2)

Features Ranked by Differentiation Strength:
================================================================================
 1. Age                            - Score: 1.0000
 2. Water                          - Score: 0.5027
 3. Slag                           - Score: 0.4239
 4. Cement                         - Score: 0.3697
 5. FlyAsh                         - Score: 0.3534
 6. CoarseAgg                      - Score: 0.2443
 7. Superplasticizer               - Score: 0.2375
 8. FineAgg                        - Score: 0.2285
================================================================================
  Automatically selected 4 Gaussians for Age (label 1)
  Automatically selected 4 Gaussians for Age (label 0)
  Automatically selected 4 Gaussians for Age (label 2)
  Automatically selected 1 Gaussians for Water (label 1)
  Automatically selected 2 Gaussians for Water (label 0)
  Automatically selected 2 Gaussians for Water (label 2)
  Automatically selected 4 Gaussians for Slag (label 1)
  Automatically selected 4 Gaussians for Slag (label 0)
  Automatically selected 4 Gaussians for Slag (label 2)
  Automatically selected 1 Gaussians for Cement (label 1)
  Automatically selected 4 Gaussians for Cement (label 0)
  Automatically selected 2 Gaussians for Cement (label 2)
  Automatically selected 1 Gaussians for FlyAsh (label 1)
  Automatically selected 2 Gaussians for FlyAsh (label 0)
  Automatically selected 4 Gaussians for FlyAsh (label 2)
  Automatically selected 1 Gaussians for CoarseAgg (label 1)
  Automatically selected 1 Gaussians for CoarseAgg (label 0)
  Automatically selected 2 Gaussians for CoarseAgg (label 2)
  Automatically selected 2 Gaussians for Superplasticizer (label 1)
  Automatically selected 2 Gaussians for Superplasticizer (label 0)
  Automatically selected 3 Gaussians for Superplasticizer (label 2)
  Automatically selected 3 Gaussians for FineAgg (label 1)
  Automatically selected 1 Gaussians for FineAgg (label 0)
  Automatically selected 1 Gaussians for FineAgg (label 2)

Features Ranked by Differentiation Strength:
================================================================================
 1. Age                            - Score: 1.0000
 2. Cement                         - Score: 0.9306
 3. Water                          - Score: 0.6608
 4. FineAgg                        - Score: 0.5154
 5. CoarseAgg                      - Score: 0.4978
 6. Superplasticizer               - Score: 0.4839
 7. Slag                           - Score: 0.1348
 8. FlyAsh                         - Score: 0.1057
================================================================================

Features Ranked by Differentiation Strength:
================================================================================
 1. Age                            - Score: 1.0000
 2. CoarseAgg                      - Score: 0.6368
 3. FineAgg                        - Score: 0.6326
 4. Cement                         - Score: 0.5066
 5. Superplasticizer               - Score: 0.4316
 6. Water                          - Score: 0.4034
 7. Slag                           - Score: 0.3237
 8. FlyAsh                         - Score: 0.1077
================================================================================
  Automatically selected 4 Gaussians for Age (label 0)
  Automatically selected 4 Gaussians for Age (label 1)
  Automatically selected 4 Gaussians for Age (label 2)
  Automatically selected 1 Gaussians for CoarseAgg (label 0)
  Automatically selected 1 Gaussians for CoarseAgg (label 1)
  Automatically selected 4 Gaussians for CoarseAgg (label 2)
  Automatically selected 1 Gaussians for FineAgg (label 0)
  Automatically selected 1 Gaussians for FineAgg (label 1)
  Automatically selected 3 Gaussians for FineAgg (label 2)
  Automatically selected 2 Gaussians for Cement (label 0)
  Automatically selected 2 Gaussians for Cement (label 1)
  Automatically selected 3 Gaussians for Cement (label 2)
  Automatically selected 2 Gaussians for Superplasticizer (label 0)
  Automatically selected 2 Gaussians for Superplasticizer (label 1)
  Automatically selected 3 Gaussians for Superplasticizer (label 2)
  Automatically selected 4 Gaussians for Water (label 0)
  Automatically selected 1 Gaussians for Water (label 1)
  Automatically selected 1 Gaussians for Water (label 2)
  Automatically selected 2 Gaussians for Slag (label 0)
  Automatically selected 2 Gaussians for Slag (label 1)
  Automatically selected 3 Gaussians for Slag (label 2)
  Automatically selected 2 Gaussians for FlyAsh (label 0)
  Automatically selected 3 Gaussians for FlyAsh (label 1)
  Automatically selected 2 Gaussians for FlyAsh (label 2)

Features Ranked by Differentiation Strength:
================================================================================
 1. Age                            - Score: 1.0000
 2. Cement                         - Score: 0.4461
 3. Water                          - Score: 0.3698
 4. CoarseAgg                      - Score: 0.3265
 5. FineAgg                        - Score: 0.3010
 6. Superplasticizer               - Score: 0.1654
 7. Slag                           - Score: 0.0898
 8. FlyAsh                         - Score: 0.0574
================================================================================
  Automatically selected 4 Gaussians for Age (label 0)
  Automatically selected 3 Gaussians for Age (label 1)
  Automatically selected 4 Gaussians for Age (label 2)
  Automatically selected 3 Gaussians for Cement (label 0)
  Automatically selected 2 Gaussians for Cement (label 1)
  Automatically selected 2 Gaussians for Cement (label 2)
  Automatically selected 2 Gaussians for Water (label 0)
  Automatically selected 3 Gaussians for Water (label 1)
  Automatically selected 3 Gaussians for Water (label 2)
  Automatically selected 1 Gaussians for CoarseAgg (label 0)
  Automatically selected 3 Gaussians for CoarseAgg (label 1)
  Automatically selected 1 Gaussians for CoarseAgg (label 2)
  Automatically selected 4 Gaussians for FineAgg (label 0)
  Automatically selected 1 Gaussians for FineAgg (label 1)
  Automatically selected 3 Gaussians for FineAgg (label 2)
  Automatically selected 2 Gaussians for Superplasticizer (label 0)
  Automatically selected 2 Gaussians for Superplasticizer (label 1)
  Automatically selected 2 Gaussians for Superplasticizer (label 2)
  Automatically selected 2 Gaussians for Slag (label 0)
  Automatically selected 2 Gaussians for Slag (label 1)
  Automatically selected 2 Gaussians for Slag (label 2)
  Automatically selected 2 Gaussians for FlyAsh (label 0)
  Automatically selected 2 Gaussians for FlyAsh (label 1)
  Automatically selected 4 Gaussians for FlyAsh (label 2)

Features Ranked by Differentiation Strength:
================================================================================
 1. Cement                         - Score: 1.0000
 2. Water                          - Score: 0.8962
 3. CoarseAgg                      - Score: 0.8787
 4. Age                            - Score: 0.8353
 5. Superplasticizer               - Score: 0.8254
 6. FineAgg                        - Score: 0.6271
 7. Slag                           - Score: 0.3809
 8. FlyAsh                         - Score: 0.1025
================================================================================
  Automatically selected 2 Gaussians for Cement (label 2)
  Automatically selected 1 Gaussians for Cement (label 1)
  Automatically selected 2 Gaussians for Cement (label 0)
  Automatically selected 1 Gaussians for Water (label 2)
  Automatically selected 1 Gaussians for Water (label 1)
  Automatically selected 2 Gaussians for Water (label 0)
  Automatically selected 4 Gaussians for CoarseAgg (label 2)
  Automatically selected 3 Gaussians for CoarseAgg (label 1)
  Automatically selected 4 Gaussians for CoarseAgg (label 0)
  Automatically selected 4 Gaussians for Age (label 2)
  Automatically selected 4 Gaussians for Age (label 1)
  Automatically selected 4 Gaussians for Age (label 0)
  Automatically selected 3 Gaussians for Superplasticizer (label 2)
  Automatically selected 3 Gaussians for Superplasticizer (label 1)
  Automatically selected 3 Gaussians for Superplasticizer (label 0)
  Automatically selected 1 Gaussians for FineAgg (label 2)
  Automatically selected 3 Gaussians for FineAgg (label 1)
  Automatically selected 1 Gaussians for FineAgg (label 0)
  Automatically selected 4 Gaussians for Slag (label 2)
  Automatically selected 2 Gaussians for Slag (label 1)
  Automatically selected 2 Gaussians for Slag (label 0)
  Automatically selected 2 Gaussians for FlyAsh (label 2)
  Automatically selected 2 Gaussians for FlyAsh (label 1)
  Automatically selected 3 Gaussians for FlyAsh (label 0)

Features Ranked by Differentiation Strength:
================================================================================
 1. Water                          - Score: 1.0000
 2. Age                            - Score: 0.9976
 3. Cement                         - Score: 0.9334
 4. Superplasticizer               - Score: 0.7571
 5. CoarseAgg                      - Score: 0.6287
 6. FineAgg                        - Score: 0.5829
 7. Slag                           - Score: 0.4284
 8. FlyAsh                         - Score: 0.1707
================================================================================
  Automatically selected 3 Gaussians for Water (label 1)
  Automatically selected 3 Gaussians for Water (label 0)
  Automatically selected 3 Gaussians for Water (label 2)
  Automatically selected 4 Gaussians for Age (label 1)
  Automatically selected 4 Gaussians for Age (label 0)
  Automatically selected 4 Gaussians for Age (label 2)
  Automatically selected 1 Gaussians for Cement (label 1)
  Automatically selected 3 Gaussians for Cement (label 0)
  Automatically selected 1 Gaussians for Cement (label 2)
  Automatically selected 3 Gaussians for Superplasticizer (label 1)
  Automatically selected 3 Gaussians for Superplasticizer (label 0)
  Automatically selected 3 Gaussians for Superplasticizer (label 2)
  Automatically selected 1 Gaussians for CoarseAgg (label 1)
  Automatically selected 3 Gaussians for CoarseAgg (label 0)
  Automatically selected 4 Gaussians for CoarseAgg (label 2)
  Automatically selected 2 Gaussians for FineAgg (label 1)
  Automatically selected 3 Gaussians for FineAgg (label 0)
  Automatically selected 3 Gaussians for FineAgg (label 2)
  Automatically selected 2 Gaussians for Slag (label 1)
  Automatically selected 2 Gaussians for Slag (label 0)
  Automatically selected 2 Gaussians for Slag (label 2)
  Automatically selected 2 Gaussians for FlyAsh (label 1)
  Automatically selected 3 Gaussians for FlyAsh (label 0)
  Automatically selected 3 Gaussians for FlyAsh (label 2)

Features Ranked by Differentiation Strength:
================================================================================
 1. Age                            - Score: 1.0000
 2. Cement                         - Score: 0.8865
 3. Water                          - Score: 0.6582
 4. CoarseAgg                      - Score: 0.5128
 5. FineAgg                        - Score: 0.4726
 6. Superplasticizer               - Score: 0.4546
 7. Slag                           - Score: 0.1093
 8. FlyAsh                         - Score: 0.0868
================================================================================

Features Ranked by Differentiation Strength:
================================================================================
 1. Age                            - Score: 1.0000
 2. Cement                         - Score: 0.8865
 3. Water                          - Score: 0.6582
 4. CoarseAgg                      - Score: 0.5128
 5. FineAgg                        - Score: 0.4726
 6. Superplasticizer               - Score: 0.4546
 7. Slag                           - Score: 0.1093
 8. FlyAsh                         - Score: 0.0868
================================================================================

Features Ranked by Differentiation Strength:
================================================================================
 1. Age                            - Score: 1.0000
 2. Cement                         - Score: 0.8865
 3. Water                          - Score: 0.6582
 4. CoarseAgg                      - Score: 0.5128
 5. FineAgg                        - Score: 0.4726
 6. Superplasticizer               - Score: 0.4546
 7. Slag                           - Score: 0.1093
 8. FlyAsh                         - Score: 0.0868
================================================================================

Features Ranked by Differentiation Strength:
================================================================================
 1. Age                            - Score: 1.0000
 2. Slag                           - Score: 0.6904
 3. Cement                         - Score: 0.6825
 4. FineAgg                        - Score: 0.5997
 5. CoarseAgg                      - Score: 0.5908
 6. Superplasticizer               - Score: 0.4821
 7. Water                          - Score: 0.2821
 8. FlyAsh                         - Score: 0.1087
================================================================================
  Automatically selected 4 Gaussians for Age (label 1)
  Automatically selected 3 Gaussians for Age (label 0)
  Automatically selected 2 Gaussians for Age (label 2)
  Automatically selected 2 Gaussians for Slag (label 1)
  Automatically selected 2 Gaussians for Slag (label 0)
  Automatically selected 2 Gaussians for Slag (label 2)
  Automatically selected 1 Gaussians for Cement (label 1)
  Automatically selected 1 Gaussians for Cement (label 0)
  Automatically selected 1 Gaussians for Cement (label 2)
  Automatically selected 4 Gaussians for FineAgg (label 1)
  Automatically selected 1 Gaussians for FineAgg (label 0)
  Automatically selected 1 Gaussians for FineAgg (label 2)
  Automatically selected 1 Gaussians for CoarseAgg (label 1)
  Automatically selected 1 Gaussians for CoarseAgg (label 0)
  Automatically selected 2 Gaussians for CoarseAgg (label 2)
  Automatically selected 2 Gaussians for Superplasticizer (label 1)
  Automatically selected 2 Gaussians for Superplasticizer (label 0)
  Automatically selected 1 Gaussians for Superplasticizer (label 2)
  Automatically selected 3 Gaussians for Water (label 1)
  Automatically selected 1 Gaussians for Water (label 0)
  Automatically selected 4 Gaussians for Water (label 2)
  Automatically selected 2 Gaussians for FlyAsh (label 1)
  Automatically selected 2 Gaussians for FlyAsh (label 0)
  Automatically selected 2 Gaussians for FlyAsh (label 2)

Features Ranked by Differentiation Strength:
================================================================================
 1. Age                            - Score: 1.0000
 2. Superplasticizer               - Score: 0.8640
 3. CoarseAgg                      - Score: 0.7405
 4. Water                          - Score: 0.6785
 5. Cement                         - Score: 0.4952
 6. FineAgg                        - Score: 0.3628
 7. Slag                           - Score: 0.3253
 8. FlyAsh                         - Score: 0.2494
================================================================================
  Automatically selected 4 Gaussians for Age (label 1)
  Automatically selected 3 Gaussians for Age (label 2)
  Automatically selected 4 Gaussians for Age (label 0)
  Automatically selected 3 Gaussians for Superplasticizer (label 1)
  Automatically selected 3 Gaussians for Superplasticizer (label 2)
  Automatically selected 3 Gaussians for Superplasticizer (label 0)
  Automatically selected 1 Gaussians for CoarseAgg (label 1)
  Automatically selected 1 Gaussians for CoarseAgg (label 2)
  Automatically selected 2 Gaussians for CoarseAgg (label 0)
  Automatically selected 3 Gaussians for Water (label 1)
  Automatically selected 1 Gaussians for Water (label 2)
  Automatically selected 2 Gaussians for Water (label 0)
  Automatically selected 3 Gaussians for Cement (label 1)
  Automatically selected 1 Gaussians for Cement (label 2)
  Automatically selected 3 Gaussians for Cement (label 0)
  Automatically selected 4 Gaussians for FineAgg (label 1)
  Automatically selected 1 Gaussians for FineAgg (label 2)
  Automatically selected 1 Gaussians for FineAgg (label 0)
  Automatically selected 3 Gaussians for Slag (label 1)
  Automatically selected 3 Gaussians for Slag (label 2)
  Automatically selected 4 Gaussians for Slag (label 0)
  Automatically selected 4 Gaussians for FlyAsh (label 1)
  Automatically selected 4 Gaussians for FlyAsh (label 2)
  Automatically selected 4 Gaussians for FlyAsh (label 0)

Features Ranked by Differentiation Strength:
================================================================================
 1. Slag                           - Score: 1.0000
 2. Cement                         - Score: 0.6247
 3. CoarseAgg                      - Score: 0.5435
 4. FineAgg                        - Score: 0.5210
 5. Age                            - Score: 0.4385
 6. Superplasticizer               - Score: 0.3872
 7. Water                          - Score: 0.3613
 8. FlyAsh                         - Score: 0.2284
================================================================================
  Automatically selected 4 Gaussians for Slag (label 0)
  Automatically selected 2 Gaussians for Slag (label 1)
  Automatically selected 2 Gaussians for Slag (label 2)
  Automatically selected 4 Gaussians for Cement (label 0)
  Automatically selected 2 Gaussians for Cement (label 1)
  Automatically selected 2 Gaussians for Cement (label 2)
  Automatically selected 1 Gaussians for CoarseAgg (label 0)
  Automatically selected 2 Gaussians for CoarseAgg (label 1)
  Automatically selected 2 Gaussians for CoarseAgg (label 2)
  Automatically selected 4 Gaussians for FineAgg (label 0)
  Automatically selected 4 Gaussians for FineAgg (label 1)
  Automatically selected 2 Gaussians for FineAgg (label 2)
  Automatically selected 3 Gaussians for Age (label 0)
  Automatically selected 2 Gaussians for Age (label 1)
  Automatically selected 1 Gaussians for Age (label 2)
  Automatically selected 2 Gaussians for Superplasticizer (label 0)
  Automatically selected 4 Gaussians for Superplasticizer (label 1)
  Automatically selected 3 Gaussians for Superplasticizer (label 2)
  Automatically selected 3 Gaussians for Water (label 0)
  Automatically selected 4 Gaussians for Water (label 1)
  Automatically selected 4 Gaussians for Water (label 2)
  Automatically selected 4 Gaussians for FlyAsh (label 0)
  Automatically selected 4 Gaussians for FlyAsh (label 1)
  Automatically selected 2 Gaussians for FlyAsh (label 2)

Features Ranked by Differentiation Strength:
================================================================================
 1. Cement                         - Score: 1.0000
 2. CoarseAgg                      - Score: 0.6476
 3. Age                            - Score: 0.6146
 4. Water                          - Score: 0.5695
 5. FineAgg                        - Score: 0.4677
 6. Superplasticizer               - Score: 0.1635
 7. Slag                           - Score: 0.1100
 8. FlyAsh                         - Score: 0.0765
================================================================================
  Automatically selected 2 Gaussians for Cement (label 1)
  Automatically selected 3 Gaussians for Cement (label 2)
  Automatically selected 3 Gaussians for Cement (label 0)
  Automatically selected 2 Gaussians for CoarseAgg (label 1)
  Automatically selected 3 Gaussians for CoarseAgg (label 2)
  Automatically selected 1 Gaussians for CoarseAgg (label 0)
  Automatically selected 4 Gaussians for Age (label 1)
  Automatically selected 3 Gaussians for Age (label 2)
  Automatically selected 4 Gaussians for Age (label 0)
  Automatically selected 3 Gaussians for Water (label 1)
  Automatically selected 3 Gaussians for Water (label 2)
  Automatically selected 4 Gaussians for Water (label 0)
  Automatically selected 1 Gaussians for FineAgg (label 1)
  Automatically selected 4 Gaussians for FineAgg (label 2)
  Automatically selected 1 Gaussians for FineAgg (label 0)
  Automatically selected 4 Gaussians for Superplasticizer (label 1)
  Automatically selected 2 Gaussians for Superplasticizer (label 2)
  Automatically selected 2 Gaussians for Superplasticizer (label 0)
  Automatically selected 2 Gaussians for Slag (label 1)
  Automatically selected 2 Gaussians for Slag (label 2)
  Automatically selected 2 Gaussians for Slag (label 0)
  Automatically selected 4 Gaussians for FlyAsh (label 1)
  Automatically selected 4 Gaussians for FlyAsh (label 2)
  Automatically selected 3 Gaussians for FlyAsh (label 0)

Features Ranked by Differentiation Strength:
================================================================================
 1. Age                            - Score: 1.0000
 2. FineAgg                        - Score: 0.4455
 3. Water                          - Score: 0.3759
 4. CoarseAgg                      - Score: 0.3245
 5. Cement                         - Score: 0.2514
 6. Slag                           - Score: 0.1856
 7. FlyAsh                         - Score: 0.0005
 8. Superplasticizer               - Score: 0.0005
================================================================================
  Automatically selected 4 Gaussians for Age (label 1)
  Automatically selected 4 Gaussians for Age (label 2)
  Automatically selected 4 Gaussians for Age (label 0)
  Automatically selected 4 Gaussians for FineAgg (label 1)
  Automatically selected 2 Gaussians for FineAgg (label 2)
  Automatically selected 2 Gaussians for FineAgg (label 0)
  Automatically selected 4 Gaussians for Water (label 1)
  Automatically selected 4 Gaussians for Water (label 2)
  Automatically selected 4 Gaussians for Water (label 0)
  Automatically selected 4 Gaussians for CoarseAgg (label 1)
  Automatically selected 3 Gaussians for CoarseAgg (label 2)
  Automatically selected 4 Gaussians for CoarseAgg (label 0)
  Automatically selected 4 Gaussians for Cement (label 1)
  Automatically selected 3 Gaussians for Cement (label 2)
  Automatically selected 4 Gaussians for Cement (label 0)
  Automatically selected 2 Gaussians for Slag (label 1)
  Automatically selected 2 Gaussians for Slag (label 2)
  Automatically selected 4 Gaussians for Slag (label 0)

Features Ranked by Differentiation Strength:
================================================================================
 1. Age                            - Score: 1.0000
 2. Cement                         - Score: 0.7888
 3. Water                          - Score: 0.7125
 4. FineAgg                        - Score: 0.6887
 5. Superplasticizer               - Score: 0.5079
 6. CoarseAgg                      - Score: 0.4493
 7. FlyAsh                         - Score: 0.2620
 8. Slag                           - Score: 0.2053
================================================================================
  Automatically selected 3 Gaussians for Age (label 2)
  Automatically selected 4 Gaussians for Age (label 0)
  Automatically selected 4 Gaussians for Age (label 1)
  Automatically selected 2 Gaussians for Cement (label 2)
  Automatically selected 4 Gaussians for Cement (label 0)
  Automatically selected 3 Gaussians for Cement (label 1)
  Automatically selected 2 Gaussians for Water (label 2)
  Automatically selected 4 Gaussians for Water (label 0)
  Automatically selected 2 Gaussians for Water (label 1)
  Automatically selected 3 Gaussians for FineAgg (label 2)
  Automatically selected 2 Gaussians for FineAgg (label 0)
  Automatically selected 2 Gaussians for FineAgg (label 1)
  Automatically selected 2 Gaussians for Superplasticizer (label 2)
  Automatically selected 2 Gaussians for Superplasticizer (label 0)
  Automatically selected 2 Gaussians for Superplasticizer (label 1)
  Automatically selected 4 Gaussians for CoarseAgg (label 2)
  Automatically selected 4 Gaussians for CoarseAgg (label 0)
  Automatically selected 4 Gaussians for CoarseAgg (label 1)
  Automatically selected 4 Gaussians for FlyAsh (label 2)
  Automatically selected 2 Gaussians for FlyAsh (label 0)
  Automatically selected 4 Gaussians for FlyAsh (label 1)
  Automatically selected 4 Gaussians for Slag (label 2)
  Automatically selected 4 Gaussians for Slag (label 0)
  Automatically selected 4 Gaussians for Slag (label 1)

Features Ranked by Differentiation Strength:
================================================================================
 1. Water                          - Score: 1.0000
 2. Age                            - Score: 0.9046
 3. Cement                         - Score: 0.8562
 4. Superplasticizer               - Score: 0.6582
 5. CoarseAgg                      - Score: 0.6578
 6. Slag                           - Score: 0.5791
 7. FineAgg                        - Score: 0.5782
 8. FlyAsh                         - Score: 0.1177
================================================================================
  Automatically selected 3 Gaussians for Water (label 2)
  Automatically selected 3 Gaussians for Water (label 1)
  Automatically selected 4 Gaussians for Water (label 0)
  Automatically selected 4 Gaussians for Age (label 2)
  Automatically selected 4 Gaussians for Age (label 1)
  Automatically selected 4 Gaussians for Age (label 0)
  Automatically selected 1 Gaussians for Cement (label 2)
  Automatically selected 2 Gaussians for Cement (label 1)
  Automatically selected 2 Gaussians for Cement (label 0)
  Automatically selected 3 Gaussians for Superplasticizer (label 2)
  Automatically selected 3 Gaussians for Superplasticizer (label 1)
  Automatically selected 2 Gaussians for Superplasticizer (label 0)
  Automatically selected 2 Gaussians for CoarseAgg (label 2)
  Automatically selected 4 Gaussians for CoarseAgg (label 1)
  Automatically selected 1 Gaussians for CoarseAgg (label 0)
  Automatically selected 4 Gaussians for Slag (label 2)
  Automatically selected 2 Gaussians for Slag (label 1)
  Automatically selected 2 Gaussians for Slag (label 0)
  Automatically selected 3 Gaussians for FineAgg (label 2)
  Automatically selected 2 Gaussians for FineAgg (label 1)
  Automatically selected 2 Gaussians for FineAgg (label 0)
  Automatically selected 2 Gaussians for FlyAsh (label 2)
  Automatically selected 2 Gaussians for FlyAsh (label 1)
  Automatically selected 4 Gaussians for FlyAsh (label 0)

Features Ranked by Differentiation Strength:
================================================================================
 1. Age                            - Score: 1.0000
 2. Cement                         - Score: 0.4376
 3. Slag                           - Score: 0.3897
 4. Water                          - Score: 0.3715
 5. Superplasticizer               - Score: 0.3624
 6. FlyAsh                         - Score: 0.2970
 7. FineAgg                        - Score: 0.2817
 8. CoarseAgg                      - Score: 0.2626
================================================================================
  Automatically selected 4 Gaussians for Age (label 0)
  Automatically selected 4 Gaussians for Age (label 1)
  Automatically selected 4 Gaussians for Age (label 2)
  Automatically selected 3 Gaussians for Cement (label 0)
  Automatically selected 1 Gaussians for Cement (label 1)
  Automatically selected 2 Gaussians for Cement (label 2)
  Automatically selected 4 Gaussians for Slag (label 0)
  Automatically selected 4 Gaussians for Slag (label 1)
  Automatically selected 4 Gaussians for Slag (label 2)
  Automatically selected 3 Gaussians for Water (label 0)
  Automatically selected 1 Gaussians for Water (label 1)
  Automatically selected 4 Gaussians for Water (label 2)
  Automatically selected 1 Gaussians for Superplasticizer (label 0)
  Automatically selected 1 Gaussians for Superplasticizer (label 1)
  Automatically selected 3 Gaussians for Superplasticizer (label 2)
  Automatically selected 3 Gaussians for FlyAsh (label 0)
  Automatically selected 4 Gaussians for FlyAsh (label 1)
  Automatically selected 1 Gaussians for FlyAsh (label 2)
  Automatically selected 2 Gaussians for FineAgg (label 0)
  Automatically selected 4 Gaussians for FineAgg (label 1)
  Automatically selected 4 Gaussians for FineAgg (label 2)
  Automatically selected 3 Gaussians for CoarseAgg (label 0)
  Automatically selected 1 Gaussians for CoarseAgg (label 1)
  Automatically selected 3 Gaussians for CoarseAgg (label 2)

Features Ranked by Differentiation Strength:
================================================================================
 1. Age                            - Score: 1.0000
 2. Cement                         - Score: 0.8865
 3. Water                          - Score: 0.6582
 4. CoarseAgg                      - Score: 0.5128
 5. FineAgg                        - Score: 0.4726
 6. Superplasticizer               - Score: 0.4546
 7. Slag                           - Score: 0.1093
 8. FlyAsh                         - Score: 0.0868
================================================================================

Features Ranked by Differentiation Strength:
================================================================================
 1. Age                            - Score: 1.0000
 2. CoarseAgg                      - Score: 0.5334
 3. FineAgg                        - Score: 0.4614
 4. Cement                         - Score: 0.4212
 5. Superplasticizer               - Score: 0.3758
 6. Water                          - Score: 0.3539
 7. Slag                           - Score: 0.2256
 8. FlyAsh                         - Score: 0.0856
================================================================================
  Automatically selected 4 Gaussians for Age (label 1)
  Automatically selected 3 Gaussians for Age (label 2)
  Automatically selected 4 Gaussians for Age (label 0)
  Automatically selected 1 Gaussians for CoarseAgg (label 1)
  Automatically selected 3 Gaussians for CoarseAgg (label 2)
  Automatically selected 1 Gaussians for CoarseAgg (label 0)
  Automatically selected 1 Gaussians for FineAgg (label 1)
  Automatically selected 3 Gaussians for FineAgg (label 2)
  Automatically selected 4 Gaussians for FineAgg (label 0)
  Automatically selected 2 Gaussians for Cement (label 1)
  Automatically selected 3 Gaussians for Cement (label 2)
  Automatically selected 1 Gaussians for Cement (label 0)
  Automatically selected 2 Gaussians for Superplasticizer (label 1)
  Automatically selected 2 Gaussians for Superplasticizer (label 2)
  Automatically selected 2 Gaussians for Superplasticizer (label 0)
  Automatically selected 2 Gaussians for Water (label 1)
  Automatically selected 1 Gaussians for Water (label 2)
  Automatically selected 4 Gaussians for Water (label 0)
  Automatically selected 2 Gaussians for Slag (label 1)
  Automatically selected 2 Gaussians for Slag (label 2)
  Automatically selected 2 Gaussians for Slag (label 0)
  Automatically selected 2 Gaussians for FlyAsh (label 1)
  Automatically selected 2 Gaussians for FlyAsh (label 2)
  Automatically selected 2 Gaussians for FlyAsh (label 0)

Features Ranked by Differentiation Strength:
================================================================================
 1. Age                            - Score: 1.0000
 2. Cement                         - Score: 0.4402
 3. CoarseAgg                      - Score: 0.2985
 4. Water                          - Score: 0.2924
 5. FineAgg                        - Score: 0.2415
 6. Superplasticizer               - Score: 0.1488
 7. Slag                           - Score: 0.0615
 8. FlyAsh                         - Score: 0.0518
================================================================================
  Automatically selected 4 Gaussians for Age (label 1)
  Automatically selected 4 Gaussians for Age (label 0)
  Automatically selected 4 Gaussians for Age (label 2)
  Automatically selected 2 Gaussians for Cement (label 1)
  Automatically selected 2 Gaussians for Cement (label 0)
  Automatically selected 4 Gaussians for Cement (label 2)
  Automatically selected 3 Gaussians for CoarseAgg (label 1)
  Automatically selected 1 Gaussians for CoarseAgg (label 0)
  Automatically selected 3 Gaussians for CoarseAgg (label 2)
  Automatically selected 3 Gaussians for Water (label 1)
  Automatically selected 4 Gaussians for Water (label 0)
  Automatically selected 4 Gaussians for Water (label 2)
  Automatically selected 1 Gaussians for FineAgg (label 1)
  Automatically selected 1 Gaussians for FineAgg (label 0)
  Automatically selected 4 Gaussians for FineAgg (label 2)
  Automatically selected 2 Gaussians for Superplasticizer (label 1)
  Automatically selected 2 Gaussians for Superplasticizer (label 0)
  Automatically selected 2 Gaussians for Superplasticizer (label 2)
  Automatically selected 2 Gaussians for Slag (label 1)
  Automatically selected 2 Gaussians for Slag (label 0)
  Automatically selected 2 Gaussians for Slag (label 2)
  Automatically selected 2 Gaussians for FlyAsh (label 1)
  Automatically selected 2 Gaussians for FlyAsh (label 0)
  Automatically selected 4 Gaussians for FlyAsh (label 2)

Features Ranked by Differentiation Strength:
================================================================================
 1. Age                            - Score: 1.0000
 2. Water                          - Score: 0.5417
 3. Superplasticizer               - Score: 0.5286
 4. CoarseAgg                      - Score: 0.5203
 5. Cement                         - Score: 0.5117
 6. FineAgg                        - Score: 0.3654
 7. Slag                           - Score: 0.2500
 8. FlyAsh                         - Score: 0.0366
================================================================================
  Automatically selected 4 Gaussians for Age (label 1)
  Automatically selected 4 Gaussians for Age (label 0)
  Automatically selected 4 Gaussians for Age (label 2)
  Automatically selected 3 Gaussians for Water (label 1)
  Automatically selected 4 Gaussians for Water (label 0)
  Automatically selected 3 Gaussians for Water (label 2)
  Automatically selected 4 Gaussians for Superplasticizer (label 1)
  Automatically selected 4 Gaussians for Superplasticizer (label 0)
  Automatically selected 3 Gaussians for Superplasticizer (label 2)
  Automatically selected 4 Gaussians for CoarseAgg (label 1)
  Automatically selected 2 Gaussians for CoarseAgg (label 0)
  Automatically selected 3 Gaussians for CoarseAgg (label 2)
  Automatically selected 3 Gaussians for Cement (label 1)
  Automatically selected 4 Gaussians for Cement (label 0)
  Automatically selected 4 Gaussians for Cement (label 2)
  Automatically selected 1 Gaussians for FineAgg (label 1)
  Automatically selected 1 Gaussians for FineAgg (label 0)
  Automatically selected 4 Gaussians for FineAgg (label 2)
  Automatically selected 2 Gaussians for Slag (label 1)
  Automatically selected 2 Gaussians for Slag (label 0)
  Automatically selected 4 Gaussians for Slag (label 2)

Features Ranked by Differentiation Strength:
================================================================================
 1. Water                          - Score: 1.0000
 2. Cement                         - Score: 0.8257
 3. Superplasticizer               - Score: 0.7060
 4. Age                            - Score: 0.6730
 5. CoarseAgg                      - Score: 0.6258
 6. FineAgg                        - Score: 0.5704
 7. Slag                           - Score: 0.5159
 8. FlyAsh                         - Score: 0.1348
================================================================================
  Automatically selected 4 Gaussians for Water (label 0)
  Automatically selected 4 Gaussians for Water (label 2)
  Automatically selected 3 Gaussians for Water (label 1)
  Automatically selected 4 Gaussians for Cement (label 0)
  Automatically selected 2 Gaussians for Cement (label 2)
  Automatically selected 2 Gaussians for Cement (label 1)
  Automatically selected 3 Gaussians for Superplasticizer (label 0)
  Automatically selected 3 Gaussians for Superplasticizer (label 2)
  Automatically selected 3 Gaussians for Superplasticizer (label 1)
  Automatically selected 4 Gaussians for Age (label 0)
  Automatically selected 4 Gaussians for Age (label 2)
  Automatically selected 4 Gaussians for Age (label 1)
  Automatically selected 3 Gaussians for CoarseAgg (label 0)
  Automatically selected 4 Gaussians for CoarseAgg (label 2)
  Automatically selected 4 Gaussians for CoarseAgg (label 1)
  Automatically selected 1 Gaussians for FineAgg (label 0)
  Automatically selected 4 Gaussians for FineAgg (label 2)
  Automatically selected 2 Gaussians for FineAgg (label 1)
  Automatically selected 4 Gaussians for Slag (label 0)
  Automatically selected 4 Gaussians for Slag (label 2)
  Automatically selected 3 Gaussians for Slag (label 1)
  Automatically selected 4 Gaussians for FlyAsh (label 0)
  Automatically selected 2 Gaussians for FlyAsh (label 2)
  Automatically selected 2 Gaussians for FlyAsh (label 1)

Features Ranked by Differentiation Strength:
================================================================================
 1. Age                            - Score: 1.0000
 2. Cement                         - Score: 0.9682
 3. Water                          - Score: 0.6490
 4. FineAgg                        - Score: 0.5475
 5. CoarseAgg                      - Score: 0.4744
 6. Superplasticizer               - Score: 0.4313
 7. FlyAsh                         - Score: 0.0989
 8. Slag                           - Score: 0.0816
================================================================================

Features Ranked by Differentiation Strength:
================================================================================
 1. Age                            - Score: 1.0000
 2. Cement                         - Score: 0.9682
 3. Water                          - Score: 0.6490
 4. FineAgg                        - Score: 0.5475
 5. CoarseAgg                      - Score: 0.4744
 6. Superplasticizer               - Score: 0.4313
 7. FlyAsh                         - Score: 0.0989
 8. Slag                           - Score: 0.0816
================================================================================

Features Ranked by Differentiation Strength:
================================================================================
 1. Age                            - Score: 1.0000
 2. Cement                         - Score: 0.9682
 3. Water                          - Score: 0.6490
 4. FineAgg                        - Score: 0.5475
 5. CoarseAgg                      - Score: 0.4744
 6. Superplasticizer               - Score: 0.4313
 7. FlyAsh                         - Score: 0.0989
 8. Slag                           - Score: 0.0816
================================================================================

Features Ranked by Differentiation Strength:
================================================================================
 1. Age                            - Score: 1.0000
 2. FineAgg                        - Score: 0.6677
 3. Slag                           - Score: 0.6225
 4. CoarseAgg                      - Score: 0.4632
 5. Cement                         - Score: 0.4354
 6. Superplasticizer               - Score: 0.3584
 7. Water                          - Score: 0.2744
 8. FlyAsh                         - Score: 0.0901
================================================================================
  Automatically selected 3 Gaussians for Age (label 0)
  Automatically selected 2 Gaussians for Age (label 2)
  Automatically selected 4 Gaussians for Age (label 1)
  Automatically selected 1 Gaussians for FineAgg (label 0)
  Automatically selected 1 Gaussians for FineAgg (label 2)
  Automatically selected 1 Gaussians for FineAgg (label 1)
  Automatically selected 2 Gaussians for Slag (label 0)
  Automatically selected 1 Gaussians for Slag (label 2)
  Automatically selected 2 Gaussians for Slag (label 1)
  Automatically selected 1 Gaussians for CoarseAgg (label 0)
  Automatically selected 2 Gaussians for CoarseAgg (label 2)
  Automatically selected 1 Gaussians for CoarseAgg (label 1)
  Automatically selected 1 Gaussians for Cement (label 0)
  Automatically selected 2 Gaussians for Cement (label 2)
  Automatically selected 1 Gaussians for Cement (label 1)
  Automatically selected 2 Gaussians for Superplasticizer (label 0)
  Automatically selected 2 Gaussians for Superplasticizer (label 2)
  Automatically selected 2 Gaussians for Superplasticizer (label 1)
  Automatically selected 1 Gaussians for Water (label 0)
  Automatically selected 1 Gaussians for Water (label 2)
  Automatically selected 1 Gaussians for Water (label 1)
  Automatically selected 2 Gaussians for FlyAsh (label 0)
  Automatically selected 2 Gaussians for FlyAsh (label 2)
  Automatically selected 4 Gaussians for FlyAsh (label 1)

Features Ranked by Differentiation Strength:
================================================================================
 1. Age                            - Score: 1.0000
 2. CoarseAgg                      - Score: 0.5400
 3. Superplasticizer               - Score: 0.5071
 4. Water                          - Score: 0.5040
 5. FineAgg                        - Score: 0.4550
 6. Cement                         - Score: 0.4032
 7. Slag                           - Score: 0.2290
 8. FlyAsh                         - Score: 0.1858
================================================================================
  Automatically selected 4 Gaussians for Age (label 1)
  Automatically selected 4 Gaussians for Age (label 0)
  Automatically selected 3 Gaussians for Age (label 2)
  Automatically selected 1 Gaussians for CoarseAgg (label 1)
  Automatically selected 1 Gaussians for CoarseAgg (label 0)
  Automatically selected 1 Gaussians for CoarseAgg (label 2)
  Automatically selected 3 Gaussians for Superplasticizer (label 1)
  Automatically selected 4 Gaussians for Superplasticizer (label 0)
  Automatically selected 3 Gaussians for Superplasticizer (label 2)
  Automatically selected 1 Gaussians for Water (label 1)
  Automatically selected 4 Gaussians for Water (label 0)
  Automatically selected 1 Gaussians for Water (label 2)
  Automatically selected 1 Gaussians for FineAgg (label 1)
  Automatically selected 3 Gaussians for FineAgg (label 0)
  Automatically selected 2 Gaussians for FineAgg (label 2)
  Automatically selected 2 Gaussians for Cement (label 1)
  Automatically selected 4 Gaussians for Cement (label 0)
  Automatically selected 1 Gaussians for Cement (label 2)
  Automatically selected 3 Gaussians for Slag (label 1)
  Automatically selected 2 Gaussians for Slag (label 0)
  Automatically selected 3 Gaussians for Slag (label 2)
  Automatically selected 4 Gaussians for FlyAsh (label 1)
  Automatically selected 4 Gaussians for FlyAsh (label 0)
  Automatically selected 2 Gaussians for FlyAsh (label 2)

Features Ranked by Differentiation Strength:
================================================================================
 1. Slag                           - Score: 1.0000
 2. Age                            - Score: 0.7722
 3. FineAgg                        - Score: 0.7522
 4. Cement                         - Score: 0.7207
 5. Superplasticizer               - Score: 0.5951
 6. CoarseAgg                      - Score: 0.5292
 7. Water                          - Score: 0.3729
 8. FlyAsh                         - Score: 0.1344
================================================================================
  Automatically selected 2 Gaussians for Slag (label 0)
  Automatically selected 1 Gaussians for Slag (label 2)
  Automatically selected 2 Gaussians for Slag (label 1)
  Automatically selected 3 Gaussians for Age (label 0)
  Automatically selected 2 Gaussians for Age (label 2)
  Automatically selected 4 Gaussians for Age (label 1)
  Automatically selected 1 Gaussians for FineAgg (label 0)
  Automatically selected 1 Gaussians for FineAgg (label 2)
  Automatically selected 1 Gaussians for FineAgg (label 1)
  Automatically selected 1 Gaussians for Cement (label 0)
  Automatically selected 1 Gaussians for Cement (label 2)
  Automatically selected 4 Gaussians for Cement (label 1)
  Automatically selected 2 Gaussians for Superplasticizer (label 0)
  Automatically selected 2 Gaussians for Superplasticizer (label 2)
  Automatically selected 2 Gaussians for Superplasticizer (label 1)
  Automatically selected 1 Gaussians for CoarseAgg (label 0)
  Automatically selected 2 Gaussians for CoarseAgg (label 2)
  Automatically selected 1 Gaussians for CoarseAgg (label 1)
  Automatically selected 4 Gaussians for Water (label 0)
  Automatically selected 4 Gaussians for Water (label 2)
  Automatically selected 4 Gaussians for Water (label 1)
  Automatically selected 2 Gaussians for FlyAsh (label 0)
  Automatically selected 2 Gaussians for FlyAsh (label 2)
  Automatically selected 4 Gaussians for FlyAsh (label 1)

Features Ranked by Differentiation Strength:
================================================================================
 1. Cement                         - Score: 1.0000
 2. Age                            - Score: 0.6601
 3. Water                          - Score: 0.5153
 4. CoarseAgg                      - Score: 0.4813
 5. FineAgg                        - Score: 0.3122
 6. Slag                           - Score: 0.1121
 7. Superplasticizer               - Score: 0.1059
 8. FlyAsh                         - Score: 0.1006
================================================================================
  Automatically selected 2 Gaussians for Cement (label 1)
  Automatically selected 3 Gaussians for Cement (label 0)
  Automatically selected 4 Gaussians for Cement (label 2)
  Automatically selected 4 Gaussians for Age (label 1)
  Automatically selected 4 Gaussians for Age (label 0)
  Automatically selected 4 Gaussians for Age (label 2)
  Automatically selected 4 Gaussians for Water (label 1)
  Automatically selected 1 Gaussians for Water (label 0)
  Automatically selected 2 Gaussians for Water (label 2)
  Automatically selected 3 Gaussians for CoarseAgg (label 1)
  Automatically selected 1 Gaussians for CoarseAgg (label 0)
  Automatically selected 1 Gaussians for CoarseAgg (label 2)
  Automatically selected 2 Gaussians for FineAgg (label 1)
  Automatically selected 4 Gaussians for FineAgg (label 0)
  Automatically selected 4 Gaussians for FineAgg (label 2)
  Automatically selected 3 Gaussians for Slag (label 1)
  Automatically selected 2 Gaussians for Slag (label 0)
  Automatically selected 2 Gaussians for Slag (label 2)
  Automatically selected 4 Gaussians for Superplasticizer (label 1)
  Automatically selected 2 Gaussians for Superplasticizer (label 0)
  Automatically selected 2 Gaussians for Superplasticizer (label 2)
  Automatically selected 2 Gaussians for FlyAsh (label 1)
  Automatically selected 3 Gaussians for FlyAsh (label 0)
  Automatically selected 4 Gaussians for FlyAsh (label 2)

Features Ranked by Differentiation Strength:
================================================================================
 1. Age                            - Score: 1.0000
 2. FineAgg                        - Score: 0.6814
 3. Cement                         - Score: 0.6554
 4. Water                          - Score: 0.5654
 5. CoarseAgg                      - Score: 0.3595
 6. Superplasticizer               - Score: 0.1914
 7. FlyAsh                         - Score: 0.0982
 8. Slag                           - Score: 0.0755
================================================================================
  Automatically selected 4 Gaussians for Age (label 1)
  Automatically selected 4 Gaussians for Age (label 0)
  Automatically selected 4 Gaussians for Age (label 2)
  Automatically selected 2 Gaussians for FineAgg (label 1)
  Automatically selected 4 Gaussians for FineAgg (label 0)
  Automatically selected 3 Gaussians for FineAgg (label 2)
  Automatically selected 1 Gaussians for Cement (label 1)
  Automatically selected 1 Gaussians for Cement (label 0)
  Automatically selected 4 Gaussians for Cement (label 2)
  Automatically selected 4 Gaussians for Water (label 1)
  Automatically selected 3 Gaussians for Water (label 0)
  Automatically selected 3 Gaussians for Water (label 2)
  Automatically selected 4 Gaussians for CoarseAgg (label 1)
  Automatically selected 2 Gaussians for CoarseAgg (label 0)
  Automatically selected 3 Gaussians for CoarseAgg (label 2)
  Automatically selected 4 Gaussians for Superplasticizer (label 1)
  Automatically selected 4 Gaussians for Superplasticizer (label 0)
  Automatically selected 3 Gaussians for Superplasticizer (label 2)
  Automatically selected 4 Gaussians for FlyAsh (label 1)
  Automatically selected 4 Gaussians for FlyAsh (label 0)
  Automatically selected 4 Gaussians for FlyAsh (label 2)
  Automatically selected 4 Gaussians for Slag (label 1)
  Automatically selected 4 Gaussians for Slag (label 0)
  Automatically selected 3 Gaussians for Slag (label 2)

Features Ranked by Differentiation Strength:
================================================================================
 1. Age                            - Score: 1.0000
 2. Cement                         - Score: 0.7925
 3. FineAgg                        - Score: 0.7503
 4. Water                          - Score: 0.6568
 5. CoarseAgg                      - Score: 0.4217
 6. Superplasticizer               - Score: 0.0853
 7. Slag                           - Score: 0.0621
 8. FlyAsh                         - Score: 0.0156
================================================================================
  Automatically selected 4 Gaussians for Age (label 1)
  Automatically selected 4 Gaussians for Age (label 0)
  Automatically selected 3 Gaussians for Age (label 2)
  Automatically selected 1 Gaussians for Cement (label 1)
  Automatically selected 1 Gaussians for Cement (label 0)
  Automatically selected 2 Gaussians for Cement (label 2)
  Automatically selected 2 Gaussians for FineAgg (label 1)
  Automatically selected 1 Gaussians for FineAgg (label 0)
  Automatically selected 2 Gaussians for FineAgg (label 2)
  Automatically selected 4 Gaussians for Water (label 1)
  Automatically selected 4 Gaussians for Water (label 0)
  Automatically selected 3 Gaussians for Water (label 2)
  Automatically selected 1 Gaussians for CoarseAgg (label 1)
  Automatically selected 4 Gaussians for CoarseAgg (label 0)
  Automatically selected 3 Gaussians for CoarseAgg (label 2)
  Automatically selected 3 Gaussians for Superplasticizer (label 1)
  Automatically selected 3 Gaussians for Superplasticizer (label 0)
  Automatically selected 2 Gaussians for Superplasticizer (label 2)
  Automatically selected 4 Gaussians for Slag (label 1)
  Automatically selected 2 Gaussians for Slag (label 0)
  Automatically selected 4 Gaussians for Slag (label 2)

Features Ranked by Differentiation Strength:
================================================================================
 1. Age                            - Score: 1.0000
 2. Water                          - Score: 0.7871
 3. Cement                         - Score: 0.7807
 4. FineAgg                        - Score: 0.5297
 5. Superplasticizer               - Score: 0.4741
 6. Slag                           - Score: 0.4298
 7. CoarseAgg                      - Score: 0.3919
 8. FlyAsh                         - Score: 0.1180
================================================================================
  Automatically selected 4 Gaussians for Age (label 2)
  Automatically selected 3 Gaussians for Age (label 1)
  Automatically selected 4 Gaussians for Age (label 0)
  Automatically selected 3 Gaussians for Water (label 2)
  Automatically selected 3 Gaussians for Water (label 1)
  Automatically selected 2 Gaussians for Water (label 0)
  Automatically selected 1 Gaussians for Cement (label 2)
  Automatically selected 4 Gaussians for Cement (label 1)
  Automatically selected 1 Gaussians for Cement (label 0)
  Automatically selected 2 Gaussians for FineAgg (label 2)
  Automatically selected 2 Gaussians for FineAgg (label 1)
  Automatically selected 3 Gaussians for FineAgg (label 0)
  Automatically selected 3 Gaussians for Superplasticizer (label 2)
  Automatically selected 3 Gaussians for Superplasticizer (label 1)
  Automatically selected 2 Gaussians for Superplasticizer (label 0)
  Automatically selected 4 Gaussians for Slag (label 2)
  Automatically selected 2 Gaussians for Slag (label 1)
  Automatically selected 3 Gaussians for Slag (label 0)
  Automatically selected 4 Gaussians for CoarseAgg (label 2)
  Automatically selected 4 Gaussians for CoarseAgg (label 1)
  Automatically selected 4 Gaussians for CoarseAgg (label 0)
  Automatically selected 2 Gaussians for FlyAsh (label 2)
  Automatically selected 2 Gaussians for FlyAsh (label 1)
  Automatically selected 4 Gaussians for FlyAsh (label 0)

Features Ranked by Differentiation Strength:
================================================================================
 1. Age                            - Score: 1.0000
 2. Slag                           - Score: 0.4587
 3. Water                          - Score: 0.4273
 4. CoarseAgg                      - Score: 0.3190
 5. Cement                         - Score: 0.3001
 6. FineAgg                        - Score: 0.2232
 7. FlyAsh                         - Score: 0.1829
 8. Superplasticizer               - Score: 0.1776
================================================================================
  Automatically selected 4 Gaussians for Age (label 1)
  Automatically selected 4 Gaussians for Age (label 2)
  Automatically selected 4 Gaussians for Age (label 0)
  Automatically selected 4 Gaussians for Slag (label 1)
  Automatically selected 4 Gaussians for Slag (label 2)
  Automatically selected 3 Gaussians for Slag (label 0)
  Automatically selected 1 Gaussians for Water (label 1)
  Automatically selected 4 Gaussians for Water (label 2)
  Automatically selected 2 Gaussians for Water (label 0)
  Automatically selected 1 Gaussians for CoarseAgg (label 1)
  Automatically selected 3 Gaussians for CoarseAgg (label 2)
  Automatically selected 1 Gaussians for CoarseAgg (label 0)
  Automatically selected 3 Gaussians for Cement (label 1)
  Automatically selected 3 Gaussians for Cement (label 2)
  Automatically selected 4 Gaussians for Cement (label 0)
  Automatically selected 1 Gaussians for FineAgg (label 1)
  Automatically selected 4 Gaussians for FineAgg (label 2)
  Automatically selected 3 Gaussians for FineAgg (label 0)
  Automatically selected 2 Gaussians for FlyAsh (label 1)
  Automatically selected 4 Gaussians for FlyAsh (label 2)
  Automatically selected 4 Gaussians for FlyAsh (label 0)
  Automatically selected 1 Gaussians for Superplasticizer (label 1)
  Automatically selected 4 Gaussians for Superplasticizer (label 2)
  Automatically selected 2 Gaussians for Superplasticizer (label 0)

Features Ranked by Differentiation Strength:
================================================================================
 1. Age                            - Score: 1.0000
 2. Cement                         - Score: 0.9682
 3. Water                          - Score: 0.6490
 4. FineAgg                        - Score: 0.5475
 5. CoarseAgg                      - Score: 0.4744
 6. Superplasticizer               - Score: 0.4313
 7. FlyAsh                         - Score: 0.0989
 8. Slag                           - Score: 0.0816
================================================================================

Features Ranked by Differentiation Strength:
================================================================================
 1. Age                            - Score: 1.0000
 2. CoarseAgg                      - Score: 0.5797
 3. Cement                         - Score: 0.5760
 4. FineAgg                        - Score: 0.5751
 5. Superplasticizer               - Score: 0.3950
 6. Water                          - Score: 0.3701
 7. Slag                           - Score: 0.2306
 8. FlyAsh                         - Score: 0.0909
================================================================================
  Automatically selected 4 Gaussians for Age (label 2)
  Automatically selected 4 Gaussians for Age (label 1)
  Automatically selected 4 Gaussians for Age (label 0)
  Automatically selected 1 Gaussians for CoarseAgg (label 2)
  Automatically selected 4 Gaussians for CoarseAgg (label 1)
  Automatically selected 1 Gaussians for CoarseAgg (label 0)
  Automatically selected 3 Gaussians for Cement (label 2)
  Automatically selected 3 Gaussians for Cement (label 1)
  Automatically selected 3 Gaussians for Cement (label 0)
  Automatically selected 3 Gaussians for FineAgg (label 2)
  Automatically selected 1 Gaussians for FineAgg (label 1)
  Automatically selected 1 Gaussians for FineAgg (label 0)
  Automatically selected 2 Gaussians for Superplasticizer (label 2)
  Automatically selected 2 Gaussians for Superplasticizer (label 1)
  Automatically selected 2 Gaussians for Superplasticizer (label 0)
  Automatically selected 1 Gaussians for Water (label 2)
  Automatically selected 1 Gaussians for Water (label 1)
  Automatically selected 4 Gaussians for Water (label 0)
  Automatically selected 2 Gaussians for Slag (label 2)
  Automatically selected 2 Gaussians for Slag (label 1)
  Automatically selected 2 Gaussians for Slag (label 0)
  Automatically selected 3 Gaussians for FlyAsh (label 2)
  Automatically selected 3 Gaussians for FlyAsh (label 1)
  Automatically selected 2 Gaussians for FlyAsh (label 0)

Features Ranked by Differentiation Strength:
================================================================================
 1. Age                            - Score: 1.0000
 2. Cement                         - Score: 0.4479
 3. Water                          - Score: 0.2874
 4. FineAgg                        - Score: 0.2772
 5. CoarseAgg                      - Score: 0.2557
 6. Superplasticizer               - Score: 0.1117
 7. Slag                           - Score: 0.0563
 8. FlyAsh                         - Score: 0.0398
================================================================================
  Automatically selected 4 Gaussians for Age (label 2)
  Automatically selected 4 Gaussians for Age (label 1)
  Automatically selected 4 Gaussians for Age (label 0)
  Automatically selected 2 Gaussians for Cement (label 2)
  Automatically selected 2 Gaussians for Cement (label 1)
  Automatically selected 2 Gaussians for Cement (label 0)
  Automatically selected 3 Gaussians for Water (label 2)
  Automatically selected 1 Gaussians for Water (label 1)
  Automatically selected 2 Gaussians for Water (label 0)
  Automatically selected 3 Gaussians for FineAgg (label 2)
  Automatically selected 1 Gaussians for FineAgg (label 1)
  Automatically selected 1 Gaussians for FineAgg (label 0)
  Automatically selected 4 Gaussians for CoarseAgg (label 2)
  Automatically selected 3 Gaussians for CoarseAgg (label 1)
  Automatically selected 1 Gaussians for CoarseAgg (label 0)
  Automatically selected 2 Gaussians for Superplasticizer (label 2)
  Automatically selected 2 Gaussians for Superplasticizer (label 1)
  Automatically selected 2 Gaussians for Superplasticizer (label 0)
  Automatically selected 2 Gaussians for Slag (label 2)
  Automatically selected 2 Gaussians for Slag (label 1)
  Automatically selected 2 Gaussians for Slag (label 0)

Features Ranked by Differentiation Strength:
================================================================================
 1. Age                            - Score: 1.0000
 2. Water                          - Score: 0.5701
 3. CoarseAgg                      - Score: 0.5319
 4. Superplasticizer               - Score: 0.4484
 5. Cement                         - Score: 0.4408
 6. FineAgg                        - Score: 0.4337
 7. Slag                           - Score: 0.2264
 8. FlyAsh                         - Score: 0.0666
================================================================================
  Automatically selected 3 Gaussians for Age (label 1)
  Automatically selected 4 Gaussians for Age (label 0)
  Automatically selected 4 Gaussians for Age (label 2)
  Automatically selected 3 Gaussians for Water (label 1)
  Automatically selected 4 Gaussians for Water (label 0)
  Automatically selected 3 Gaussians for Water (label 2)
  Automatically selected 1 Gaussians for CoarseAgg (label 1)
  Automatically selected 2 Gaussians for CoarseAgg (label 0)
  Automatically selected 3 Gaussians for CoarseAgg (label 2)
  Automatically selected 3 Gaussians for Superplasticizer (label 1)
  Automatically selected 2 Gaussians for Superplasticizer (label 0)
  Automatically selected 3 Gaussians for Superplasticizer (label 2)
  Automatically selected 2 Gaussians for Cement (label 1)
  Automatically selected 2 Gaussians for Cement (label 0)
  Automatically selected 4 Gaussians for Cement (label 2)
  Automatically selected 3 Gaussians for FineAgg (label 1)
  Automatically selected 1 Gaussians for FineAgg (label 0)
  Automatically selected 4 Gaussians for FineAgg (label 2)
  Automatically selected 2 Gaussians for Slag (label 1)
  Automatically selected 2 Gaussians for Slag (label 0)
  Automatically selected 4 Gaussians for Slag (label 2)
  Automatically selected 4 Gaussians for FlyAsh (label 1)
  Automatically selected 2 Gaussians for FlyAsh (label 0)
  Automatically selected 2 Gaussians for FlyAsh (label 2)

Features Ranked by Differentiation Strength:
================================================================================
 1. Water                          - Score: 1.0000
 2. Cement                         - Score: 0.9168
 3. Age                            - Score: 0.8743
 4. Superplasticizer               - Score: 0.6827
 5. FineAgg                        - Score: 0.6036
 6. CoarseAgg                      - Score: 0.5142
 7. Slag                           - Score: 0.4705
 8. FlyAsh                         - Score: 0.2326
================================================================================
  Automatically selected 4 Gaussians for Water (label 2)
  Automatically selected 3 Gaussians for Water (label 1)
  Automatically selected 4 Gaussians for Water (label 0)
  Automatically selected 2 Gaussians for Cement (label 2)
  Automatically selected 2 Gaussians for Cement (label 1)
  Automatically selected 4 Gaussians for Cement (label 0)
  Automatically selected 4 Gaussians for Age (label 2)
  Automatically selected 4 Gaussians for Age (label 1)
  Automatically selected 4 Gaussians for Age (label 0)
  Automatically selected 3 Gaussians for Superplasticizer (label 2)
  Automatically selected 3 Gaussians for Superplasticizer (label 1)
  Automatically selected 2 Gaussians for Superplasticizer (label 0)
  Automatically selected 1 Gaussians for FineAgg (label 2)
  Automatically selected 2 Gaussians for FineAgg (label 1)
  Automatically selected 3 Gaussians for FineAgg (label 0)
  Automatically selected 4 Gaussians for CoarseAgg (label 2)
  Automatically selected 4 Gaussians for CoarseAgg (label 1)
  Automatically selected 4 Gaussians for CoarseAgg (label 0)
  Automatically selected 4 Gaussians for Slag (label 2)
  Automatically selected 2 Gaussians for Slag (label 1)
  Automatically selected 4 Gaussians for Slag (label 0)
  Automatically selected 2 Gaussians for FlyAsh (label 2)
  Automatically selected 2 Gaussians for FlyAsh (label 1)
  Automatically selected 4 Gaussians for FlyAsh (label 0)

Features Ranked by Differentiation Strength:
================================================================================
 1. Cement                         - Score: 1.0000
 2. Age                            - Score: 0.9641
 3. Water                          - Score: 0.6672
 4. FineAgg                        - Score: 0.5326
 5. CoarseAgg                      - Score: 0.5070
 6. Superplasticizer               - Score: 0.4563
 7. FlyAsh                         - Score: 0.1135
 8. Slag                           - Score: 0.0960
================================================================================

Features Ranked by Differentiation Strength:
================================================================================
 1. Cement                         - Score: 1.0000
 2. Age                            - Score: 0.9641
 3. Water                          - Score: 0.6672
 4. FineAgg                        - Score: 0.5326
 5. CoarseAgg                      - Score: 0.5070
 6. Superplasticizer               - Score: 0.4563
 7. FlyAsh                         - Score: 0.1135
 8. Slag                           - Score: 0.0960
================================================================================

Features Ranked by Differentiation Strength:
================================================================================
 1. Cement                         - Score: 1.0000
 2. Age                            - Score: 0.9641
 3. Water                          - Score: 0.6672
 4. FineAgg                        - Score: 0.5326
 5. CoarseAgg                      - Score: 0.5070
 6. Superplasticizer               - Score: 0.4563
 7. FlyAsh                         - Score: 0.1135
 8. Slag                           - Score: 0.0960
================================================================================

Features Ranked by Differentiation Strength:
================================================================================
 1. Age                            - Score: 1.0000
 2. Slag                           - Score: 0.7172
 3. FineAgg                        - Score: 0.7080
 4. Cement                         - Score: 0.6891
 5. CoarseAgg                      - Score: 0.6115
 6. Superplasticizer               - Score: 0.4558
 7. Water                          - Score: 0.3407
 8. FlyAsh                         - Score: 0.0947
================================================================================
  Automatically selected 3 Gaussians for Age (label 0)
  Automatically selected 4 Gaussians for Age (label 1)
  Automatically selected 2 Gaussians for Age (label 2)
  Automatically selected 2 Gaussians for Slag (label 0)
  Automatically selected 2 Gaussians for Slag (label 1)
  Automatically selected 4 Gaussians for Slag (label 2)
  Automatically selected 1 Gaussians for FineAgg (label 0)
  Automatically selected 1 Gaussians for FineAgg (label 1)
  Automatically selected 1 Gaussians for FineAgg (label 2)
  Automatically selected 1 Gaussians for Cement (label 0)
  Automatically selected 4 Gaussians for Cement (label 1)
  Automatically selected 1 Gaussians for Cement (label 2)
  Automatically selected 1 Gaussians for CoarseAgg (label 0)
  Automatically selected 3 Gaussians for CoarseAgg (label 1)
  Automatically selected 4 Gaussians for CoarseAgg (label 2)
  Automatically selected 2 Gaussians for Superplasticizer (label 0)
  Automatically selected 2 Gaussians for Superplasticizer (label 1)
  Automatically selected 1 Gaussians for Superplasticizer (label 2)
  Automatically selected 1 Gaussians for Water (label 0)
  Automatically selected 1 Gaussians for Water (label 1)
  Automatically selected 3 Gaussians for Water (label 2)
  Automatically selected 4 Gaussians for FlyAsh (label 0)
  Automatically selected 2 Gaussians for FlyAsh (label 1)
  Automatically selected 2 Gaussians for FlyAsh (label 2)

Features Ranked by Differentiation Strength:
================================================================================
 1. Age                            - Score: 1.0000
 2. Water                          - Score: 0.9227
 3. Superplasticizer               - Score: 0.9054
 4. CoarseAgg                      - Score: 0.8113
 5. Cement                         - Score: 0.6688
 6. FineAgg                        - Score: 0.5375
 7. Slag                           - Score: 0.3733
 8. FlyAsh                         - Score: 0.2690
================================================================================
  Automatically selected 3 Gaussians for Age (label 2)
  Automatically selected 4 Gaussians for Age (label 0)
  Automatically selected 4 Gaussians for Age (label 1)
  Automatically selected 1 Gaussians for Water (label 2)
  Automatically selected 2 Gaussians for Water (label 0)
  Automatically selected 4 Gaussians for Water (label 1)
  Automatically selected 3 Gaussians for Superplasticizer (label 2)
  Automatically selected 3 Gaussians for Superplasticizer (label 0)
  Automatically selected 3 Gaussians for Superplasticizer (label 1)
  Automatically selected 1 Gaussians for CoarseAgg (label 2)
  Automatically selected 2 Gaussians for CoarseAgg (label 0)
  Automatically selected 1 Gaussians for CoarseAgg (label 1)
  Automatically selected 4 Gaussians for Cement (label 2)
  Automatically selected 3 Gaussians for Cement (label 0)
  Automatically selected 3 Gaussians for Cement (label 1)
  Automatically selected 3 Gaussians for FineAgg (label 2)
  Automatically selected 3 Gaussians for FineAgg (label 0)
  Automatically selected 1 Gaussians for FineAgg (label 1)
  Automatically selected 2 Gaussians for Slag (label 2)
  Automatically selected 4 Gaussians for Slag (label 0)
  Automatically selected 3 Gaussians for Slag (label 1)
  Automatically selected 2 Gaussians for FlyAsh (label 2)
  Automatically selected 4 Gaussians for FlyAsh (label 0)
  Automatically selected 2 Gaussians for FlyAsh (label 1)

Features Ranked by Differentiation Strength:
================================================================================
 1. Slag                           - Score: 1.0000
 2. Age                            - Score: 0.8250
 3. FineAgg                        - Score: 0.8220
 4. CoarseAgg                      - Score: 0.7135
 5. Cement                         - Score: 0.6890
 6. Superplasticizer               - Score: 0.5438
 7. Water                          - Score: 0.4084
 8. FlyAsh                         - Score: 0.1663
================================================================================
  Automatically selected 2 Gaussians for Slag (label 0)
  Automatically selected 2 Gaussians for Slag (label 1)
  Automatically selected 1 Gaussians for Slag (label 2)
  Automatically selected 3 Gaussians for Age (label 0)
  Automatically selected 4 Gaussians for Age (label 1)
  Automatically selected 2 Gaussians for Age (label 2)
  Automatically selected 1 Gaussians for FineAgg (label 0)
  Automatically selected 1 Gaussians for FineAgg (label 1)
  Automatically selected 1 Gaussians for FineAgg (label 2)
  Automatically selected 1 Gaussians for CoarseAgg (label 0)
  Automatically selected 1 Gaussians for CoarseAgg (label 1)
  Automatically selected 2 Gaussians for CoarseAgg (label 2)
  Automatically selected 1 Gaussians for Cement (label 0)
  Automatically selected 1 Gaussians for Cement (label 1)
  Automatically selected 2 Gaussians for Cement (label 2)
  Automatically selected 2 Gaussians for Superplasticizer (label 0)
  Automatically selected 2 Gaussians for Superplasticizer (label 1)
  Automatically selected 1 Gaussians for Superplasticizer (label 2)
  Automatically selected 1 Gaussians for Water (label 0)
  Automatically selected 4 Gaussians for Water (label 1)
  Automatically selected 1 Gaussians for Water (label 2)
  Automatically selected 2 Gaussians for FlyAsh (label 0)
  Automatically selected 2 Gaussians for FlyAsh (label 1)
  Automatically selected 2 Gaussians for FlyAsh (label 2)

Features Ranked by Differentiation Strength:
================================================================================
 1. Cement                         - Score: 1.0000
 2. Age                            - Score: 0.6428
 3. CoarseAgg                      - Score: 0.5151
 4. Water                          - Score: 0.4400
 5. FineAgg                        - Score: 0.3345
 6. Superplasticizer               - Score: 0.1206
 7. FlyAsh                         - Score: 0.0894
 8. Slag                           - Score: 0.0855
================================================================================
  Automatically selected 4 Gaussians for Cement (label 2)
  Automatically selected 3 Gaussians for Cement (label 0)
  Automatically selected 3 Gaussians for Cement (label 1)
  Automatically selected 4 Gaussians for Age (label 2)
  Automatically selected 4 Gaussians for Age (label 0)
  Automatically selected 3 Gaussians for Age (label 1)
  Automatically selected 3 Gaussians for CoarseAgg (label 2)
  Automatically selected 1 Gaussians for CoarseAgg (label 0)
  Automatically selected 2 Gaussians for CoarseAgg (label 1)
  Automatically selected 3 Gaussians for Water (label 2)
  Automatically selected 1 Gaussians for Water (label 0)
  Automatically selected 3 Gaussians for Water (label 1)
  Automatically selected 3 Gaussians for FineAgg (label 2)
  Automatically selected 1 Gaussians for FineAgg (label 0)
  Automatically selected 1 Gaussians for FineAgg (label 1)
  Automatically selected 2 Gaussians for Superplasticizer (label 2)
  Automatically selected 2 Gaussians for Superplasticizer (label 0)
  Automatically selected 4 Gaussians for Superplasticizer (label 1)
  Automatically selected 2 Gaussians for FlyAsh (label 2)
  Automatically selected 4 Gaussians for FlyAsh (label 0)
  Automatically selected 2 Gaussians for FlyAsh (label 1)
  Automatically selected 2 Gaussians for Slag (label 2)
  Automatically selected 3 Gaussians for Slag (label 0)
  Automatically selected 2 Gaussians for Slag (label 1)

Features Ranked by Differentiation Strength:
================================================================================
 1. Age                            - Score: 1.0000
 2. Water                          - Score: 0.3825
 3. FineAgg                        - Score: 0.3213
 4. CoarseAgg                      - Score: 0.2490
 5. Cement                         - Score: 0.1520
 6. Slag                           - Score: 0.1440
 7. FlyAsh                         - Score: 0.0000
 8. Superplasticizer               - Score: 0.0000
================================================================================
  Automatically selected 4 Gaussians for Age (label 2)
  Automatically selected 4 Gaussians for Age (label 1)
  Automatically selected 4 Gaussians for Age (label 0)
  Automatically selected 4 Gaussians for Water (label 2)
  Automatically selected 4 Gaussians for Water (label 1)
  Automatically selected 3 Gaussians for Water (label 0)
  Automatically selected 4 Gaussians for FineAgg (label 2)
  Automatically selected 4 Gaussians for FineAgg (label 1)
  Automatically selected 4 Gaussians for FineAgg (label 0)
  Automatically selected 4 Gaussians for CoarseAgg (label 2)
  Automatically selected 4 Gaussians for CoarseAgg (label 1)
  Automatically selected 3 Gaussians for CoarseAgg (label 0)
  Automatically selected 4 Gaussians for Cement (label 2)
  Automatically selected 4 Gaussians for Cement (label 1)
  Automatically selected 2 Gaussians for Cement (label 0)
  Automatically selected 4 Gaussians for Slag (label 2)
  Automatically selected 4 Gaussians for Slag (label 1)
  Automatically selected 4 Gaussians for Slag (label 0)

Features Ranked by Differentiation Strength:
================================================================================
 1. Age                            - Score: 1.0000
 2. Cement                         - Score: 0.9685
 3. FineAgg                        - Score: 0.7389
 4. Water                          - Score: 0.6156
 5. CoarseAgg                      - Score: 0.3626
 6. Superplasticizer               - Score: 0.3336
 7. Slag                           - Score: 0.2459
 8. FlyAsh                         - Score: 0.2291
================================================================================
  Automatically selected 4 Gaussians for Age (label 1)
  Automatically selected 4 Gaussians for Age (label 2)
  Automatically selected 4 Gaussians for Age (label 0)
  Automatically selected 4 Gaussians for Cement (label 1)
  Automatically selected 4 Gaussians for Cement (label 2)
  Automatically selected 4 Gaussians for Cement (label 0)
  Automatically selected 2 Gaussians for FineAgg (label 1)
  Automatically selected 3 Gaussians for FineAgg (label 2)
  Automatically selected 2 Gaussians for FineAgg (label 0)
  Automatically selected 4 Gaussians for Water (label 1)
  Automatically selected 4 Gaussians for Water (label 2)
  Automatically selected 4 Gaussians for Water (label 0)
  Automatically selected 4 Gaussians for CoarseAgg (label 1)
  Automatically selected 3 Gaussians for CoarseAgg (label 2)
  Automatically selected 4 Gaussians for CoarseAgg (label 0)
  Automatically selected 2 Gaussians for Superplasticizer (label 1)
  Automatically selected 2 Gaussians for Superplasticizer (label 2)
  Automatically selected 2 Gaussians for Superplasticizer (label 0)
  Automatically selected 4 Gaussians for Slag (label 1)
  Automatically selected 4 Gaussians for Slag (label 2)
  Automatically selected 4 Gaussians for Slag (label 0)
  Automatically selected 2 Gaussians for FlyAsh (label 1)
  Automatically selected 4 Gaussians for FlyAsh (label 2)
  Automatically selected 2 Gaussians for FlyAsh (label 0)

Features Ranked by Differentiation Strength:
================================================================================
 1. Age                            - Score: 1.0000
 2. Water                          - Score: 0.9660
 3. Cement                         - Score: 0.8893
 4. FineAgg                        - Score: 0.5579
 5. Superplasticizer               - Score: 0.5559
 6. Slag                           - Score: 0.4893
 7. CoarseAgg                      - Score: 0.4618
 8. FlyAsh                         - Score: 0.1493
================================================================================
  Automatically selected 4 Gaussians for Age (label 1)
  Automatically selected 4 Gaussians for Age (label 0)
  Automatically selected 4 Gaussians for Age (label 2)
  Automatically selected 3 Gaussians for Water (label 1)
  Automatically selected 2 Gaussians for Water (label 0)
  Automatically selected 3 Gaussians for Water (label 2)
  Automatically selected 3 Gaussians for Cement (label 1)
  Automatically selected 1 Gaussians for Cement (label 0)
  Automatically selected 4 Gaussians for Cement (label 2)
  Automatically selected 2 Gaussians for FineAgg (label 1)
  Automatically selected 3 Gaussians for FineAgg (label 0)
  Automatically selected 2 Gaussians for FineAgg (label 2)
  Automatically selected 3 Gaussians for Superplasticizer (label 1)
  Automatically selected 3 Gaussians for Superplasticizer (label 0)
  Automatically selected 3 Gaussians for Superplasticizer (label 2)
  Automatically selected 2 Gaussians for Slag (label 1)
  Automatically selected 2 Gaussians for Slag (label 0)
  Automatically selected 4 Gaussians for Slag (label 2)
  Automatically selected 4 Gaussians for CoarseAgg (label 1)
  Automatically selected 4 Gaussians for CoarseAgg (label 0)
  Automatically selected 4 Gaussians for CoarseAgg (label 2)
  Automatically selected 3 Gaussians for FlyAsh (label 1)
  Automatically selected 3 Gaussians for FlyAsh (label 0)
  Automatically selected 2 Gaussians for FlyAsh (label 2)

Features Ranked by Differentiation Strength:
================================================================================
 1. Age                            - Score: 1.0000
 2. Water                          - Score: 0.4288
 3. Slag                           - Score: 0.3777
 4. Cement                         - Score: 0.3122
 5. CoarseAgg                      - Score: 0.2809
 6. FineAgg                        - Score: 0.2036
 7. FlyAsh                         - Score: 0.1820
 8. Superplasticizer               - Score: 0.1326
================================================================================
  Automatically selected 4 Gaussians for Age (label 0)
  Automatically selected 3 Gaussians for Age (label 2)
  Automatically selected 4 Gaussians for Age (label 1)
  Automatically selected 2 Gaussians for Water (label 0)
  Automatically selected 4 Gaussians for Water (label 2)
  Automatically selected 1 Gaussians for Water (label 1)
  Automatically selected 4 Gaussians for Slag (label 0)
  Automatically selected 4 Gaussians for Slag (label 2)
  Automatically selected 4 Gaussians for Slag (label 1)
  Automatically selected 3 Gaussians for Cement (label 0)
  Automatically selected 4 Gaussians for Cement (label 2)
  Automatically selected 3 Gaussians for Cement (label 1)
  Automatically selected 4 Gaussians for CoarseAgg (label 0)
  Automatically selected 2 Gaussians for CoarseAgg (label 2)
  Automatically selected 1 Gaussians for CoarseAgg (label 1)
  Automatically selected 1 Gaussians for FineAgg (label 0)
  Automatically selected 4 Gaussians for FineAgg (label 2)
  Automatically selected 1 Gaussians for FineAgg (label 1)
  Automatically selected 3 Gaussians for FlyAsh (label 0)
  Automatically selected 4 Gaussians for FlyAsh (label 2)
  Automatically selected 3 Gaussians for FlyAsh (label 1)
  Automatically selected 3 Gaussians for Superplasticizer (label 0)
  Automatically selected 4 Gaussians for Superplasticizer (label 2)
  Automatically selected 3 Gaussians for Superplasticizer (label 1)

Features Ranked by Differentiation Strength:
================================================================================
 1. Cement                         - Score: 1.0000
 2. Age                            - Score: 0.9641
 3. Water                          - Score: 0.6672
 4. FineAgg                        - Score: 0.5326
 5. CoarseAgg                      - Score: 0.5070
 6. Superplasticizer               - Score: 0.4563
 7. FlyAsh                         - Score: 0.1135
 8. Slag                           - Score: 0.0960
================================================================================

Features Ranked by Differentiation Strength:
================================================================================
 1. Age                            - Score: 1.0000
 2. Cement                         - Score: 0.7017
 3. CoarseAgg                      - Score: 0.6576
 4. FineAgg                        - Score: 0.5873
 5. Superplasticizer               - Score: 0.5000
 6. Water                          - Score: 0.3997
 7. Slag                           - Score: 0.2072
 8. FlyAsh                         - Score: 0.1176
================================================================================
  Automatically selected 3 Gaussians for Age (label 2)
  Automatically selected 4 Gaussians for Age (label 0)
  Automatically selected 4 Gaussians for Age (label 1)
  Automatically selected 3 Gaussians for Cement (label 2)
  Automatically selected 2 Gaussians for Cement (label 0)
  Automatically selected 2 Gaussians for Cement (label 1)
  Automatically selected 2 Gaussians for CoarseAgg (label 2)
  Automatically selected 1 Gaussians for CoarseAgg (label 0)
  Automatically selected 1 Gaussians for CoarseAgg (label 1)
  Automatically selected 3 Gaussians for FineAgg (label 2)
  Automatically selected 1 Gaussians for FineAgg (label 0)
  Automatically selected 1 Gaussians for FineAgg (label 1)
  Automatically selected 4 Gaussians for Superplasticizer (label 2)
  Automatically selected 2 Gaussians for Superplasticizer (label 0)
  Automatically selected 2 Gaussians for Superplasticizer (label 1)
  Automatically selected 1 Gaussians for Water (label 2)
  Automatically selected 4 Gaussians for Water (label 0)
  Automatically selected 1 Gaussians for Water (label 1)
  Automatically selected 3 Gaussians for Slag (label 2)
  Automatically selected 2 Gaussians for Slag (label 0)
  Automatically selected 2 Gaussians for Slag (label 1)
  Automatically selected 2 Gaussians for FlyAsh (label 2)
  Automatically selected 2 Gaussians for FlyAsh (label 0)
  Automatically selected 2 Gaussians for FlyAsh (label 1)

Features Ranked by Differentiation Strength:
================================================================================
 1. Age                            - Score: 1.0000
 2. Cement                         - Score: 0.4925
 3. Water                          - Score: 0.3374
 4. CoarseAgg                      - Score: 0.3221
 5. FineAgg                        - Score: 0.2684
 6. Superplasticizer               - Score: 0.1278
 7. Slag                           - Score: 0.0664
 8. FlyAsh                         - Score: 0.0540
================================================================================
  Automatically selected 4 Gaussians for Age (label 2)
  Automatically selected 4 Gaussians for Age (label 1)
  Automatically selected 4 Gaussians for Age (label 0)
  Automatically selected 2 Gaussians for Cement (label 2)
  Automatically selected 2 Gaussians for Cement (label 1)
  Automatically selected 2 Gaussians for Cement (label 0)
  Automatically selected 3 Gaussians for Water (label 2)
  Automatically selected 1 Gaussians for Water (label 1)
  Automatically selected 2 Gaussians for Water (label 0)
  Automatically selected 1 Gaussians for CoarseAgg (label 2)
  Automatically selected 2 Gaussians for CoarseAgg (label 1)
  Automatically selected 1 Gaussians for CoarseAgg (label 0)
  Automatically selected 4 Gaussians for FineAgg (label 2)
  Automatically selected 1 Gaussians for FineAgg (label 1)
  Automatically selected 1 Gaussians for FineAgg (label 0)
  Automatically selected 2 Gaussians for Superplasticizer (label 2)
  Automatically selected 2 Gaussians for Superplasticizer (label 1)
  Automatically selected 2 Gaussians for Superplasticizer (label 0)
  Automatically selected 2 Gaussians for Slag (label 2)
  Automatically selected 2 Gaussians for Slag (label 1)
  Automatically selected 2 Gaussians for Slag (label 0)
  Automatically selected 2 Gaussians for FlyAsh (label 2)
  Automatically selected 2 Gaussians for FlyAsh (label 1)
  Automatically selected 2 Gaussians for FlyAsh (label 0)

Features Ranked by Differentiation Strength:
================================================================================
 1. Age                            - Score: 1.0000
 2. Water                          - Score: 0.8270
 3. Superplasticizer               - Score: 0.6651
 4. CoarseAgg                      - Score: 0.6584
 5. FineAgg                        - Score: 0.5148
 6. Cement                         - Score: 0.5146
 7. Slag                           - Score: 0.3792
 8. FlyAsh                         - Score: 0.0508
================================================================================
  Automatically selected 4 Gaussians for Age (label 2)
  Automatically selected 3 Gaussians for Age (label 1)
  Automatically selected 4 Gaussians for Age (label 0)
  Automatically selected 4 Gaussians for Water (label 2)
  Automatically selected 3 Gaussians for Water (label 1)
  Automatically selected 3 Gaussians for Water (label 0)
  Automatically selected 3 Gaussians for Superplasticizer (label 2)
  Automatically selected 4 Gaussians for Superplasticizer (label 1)
  Automatically selected 2 Gaussians for Superplasticizer (label 0)
  Automatically selected 3 Gaussians for CoarseAgg (label 2)
  Automatically selected 3 Gaussians for CoarseAgg (label 1)
  Automatically selected 2 Gaussians for CoarseAgg (label 0)
  Automatically selected 4 Gaussians for FineAgg (label 2)
  Automatically selected 4 Gaussians for FineAgg (label 1)
  Automatically selected 1 Gaussians for FineAgg (label 0)
  Automatically selected 3 Gaussians for Cement (label 2)
  Automatically selected 2 Gaussians for Cement (label 1)
  Automatically selected 3 Gaussians for Cement (label 0)
  Automatically selected 4 Gaussians for Slag (label 2)
  Automatically selected 2 Gaussians for Slag (label 1)
  Automatically selected 2 Gaussians for Slag (label 0)
  Automatically selected 2 Gaussians for FlyAsh (label 2)
  Automatically selected 3 Gaussians for FlyAsh (label 1)
  Automatically selected 2 Gaussians for FlyAsh (label 0)

Features Ranked by Differentiation Strength:
================================================================================
 1. Water                          - Score: 1.0000
 2. Cement                         - Score: 0.9010
 3. Age                            - Score: 0.7618
 4. Superplasticizer               - Score: 0.6634
 5. FineAgg                        - Score: 0.5650
 6. CoarseAgg                      - Score: 0.5119
 7. Slag                           - Score: 0.4678
 8. FlyAsh                         - Score: 0.1618
================================================================================
  Automatically selected 3 Gaussians for Water (label 1)
  Automatically selected 2 Gaussians for Water (label 0)
  Automatically selected 4 Gaussians for Water (label 2)
  Automatically selected 4 Gaussians for Cement (label 1)
  Automatically selected 4 Gaussians for Cement (label 0)
  Automatically selected 4 Gaussians for Cement (label 2)
  Automatically selected 4 Gaussians for Age (label 1)
  Automatically selected 4 Gaussians for Age (label 0)
  Automatically selected 4 Gaussians for Age (label 2)
  Automatically selected 3 Gaussians for Superplasticizer (label 1)
  Automatically selected 3 Gaussians for Superplasticizer (label 0)
  Automatically selected 3 Gaussians for Superplasticizer (label 2)
  Automatically selected 2 Gaussians for FineAgg (label 1)
  Automatically selected 1 Gaussians for FineAgg (label 0)
  Automatically selected 4 Gaussians for FineAgg (label 2)
  Automatically selected 4 Gaussians for CoarseAgg (label 1)
  Automatically selected 3 Gaussians for CoarseAgg (label 0)
  Automatically selected 4 Gaussians for CoarseAgg (label 2)
  Automatically selected 4 Gaussians for Slag (label 1)
  Automatically selected 4 Gaussians for Slag (label 0)
  Automatically selected 4 Gaussians for Slag (label 2)
  Automatically selected 2 Gaussians for FlyAsh (label 1)
  Automatically selected 2 Gaussians for FlyAsh (label 0)
  Automatically selected 2 Gaussians for FlyAsh (label 2)

Features Ranked by Differentiation Strength:
================================================================================
 1. Cement                         - Score: 1.0000
 2. Age                            - Score: 0.9291
 3. Water                          - Score: 0.6492
 4. FineAgg                        - Score: 0.5540
 5. CoarseAgg                      - Score: 0.5163
 6. Superplasticizer               - Score: 0.4924
 7. Slag                           - Score: 0.1341
 8. FlyAsh                         - Score: 0.1211
================================================================================

Features Ranked by Differentiation Strength:
================================================================================
 1. Cement                         - Score: 1.0000
 2. Age                            - Score: 0.9291
 3. Water                          - Score: 0.6492
 4. FineAgg                        - Score: 0.5540
 5. CoarseAgg                      - Score: 0.5163
 6. Superplasticizer               - Score: 0.4924
 7. Slag                           - Score: 0.1341
 8. FlyAsh                         - Score: 0.1211
================================================================================

Features Ranked by Differentiation Strength:
================================================================================
 1. Cement                         - Score: 1.0000
 2. Age                            - Score: 0.9291
 3. Water                          - Score: 0.6492
 4. FineAgg                        - Score: 0.5540
 5. CoarseAgg                      - Score: 0.5163
 6. Superplasticizer               - Score: 0.4924
 7. Slag                           - Score: 0.1341
 8. FlyAsh                         - Score: 0.1211
================================================================================

Features Ranked by Differentiation Strength:
================================================================================
 1. Age                            - Score: 1.0000
 2. Water                          - Score: 0.3617
 3. FineAgg                        - Score: 0.3490
 4. CoarseAgg                      - Score: 0.3356
 5. Slag                           - Score: 0.3230
 6. Cement                         - Score: 0.3064
 7. Superplasticizer               - Score: 0.2638
 8. FlyAsh                         - Score: 0.1949
================================================================================
  Automatically selected 3 Gaussians for Age (label 0)
  Automatically selected 2 Gaussians for Age (label 2)
  Automatically selected 4 Gaussians for Age (label 1)
  Automatically selected 2 Gaussians for Water (label 0)
  Automatically selected 1 Gaussians for Water (label 2)
  Automatically selected 4 Gaussians for Water (label 1)
  Automatically selected 1 Gaussians for FineAgg (label 0)
  Automatically selected 1 Gaussians for FineAgg (label 2)
  Automatically selected 1 Gaussians for FineAgg (label 1)
  Automatically selected 2 Gaussians for CoarseAgg (label 0)
  Automatically selected 2 Gaussians for CoarseAgg (label 2)
  Automatically selected 1 Gaussians for CoarseAgg (label 1)
  Automatically selected 2 Gaussians for Slag (label 0)
  Automatically selected 1 Gaussians for Slag (label 2)
  Automatically selected 2 Gaussians for Slag (label 1)
  Automatically selected 1 Gaussians for Cement (label 0)
  Automatically selected 2 Gaussians for Cement (label 2)
  Automatically selected 1 Gaussians for Cement (label 1)
  Automatically selected 4 Gaussians for Superplasticizer (label 0)
  Automatically selected 3 Gaussians for Superplasticizer (label 2)
  Automatically selected 3 Gaussians for Superplasticizer (label 1)
  Automatically selected 4 Gaussians for FlyAsh (label 0)
  Automatically selected 3 Gaussians for FlyAsh (label 2)
  Automatically selected 2 Gaussians for FlyAsh (label 1)

Features Ranked by Differentiation Strength:
================================================================================
 1. Slag                           - Score: 1.0000
 2. Cement                         - Score: 0.9389
 3. Superplasticizer               - Score: 0.9006
 4. FlyAsh                         - Score: 0.7700
 5. FineAgg                        - Score: 0.6884
 6. Water                          - Score: 0.6202
 7. CoarseAgg                      - Score: 0.6126
 8. Age                            - Score: 0.6025
================================================================================
  Automatically selected 3 Gaussians for Slag (label 0)
  Automatically selected 4 Gaussians for Slag (label 1)
  Automatically selected 3 Gaussians for Slag (label 2)
  Automatically selected 4 Gaussians for Cement (label 0)
  Automatically selected 2 Gaussians for Cement (label 1)
  Automatically selected 3 Gaussians for Cement (label 2)
  Automatically selected 2 Gaussians for Superplasticizer (label 0)
  Automatically selected 1 Gaussians for Superplasticizer (label 1)
  Automatically selected 1 Gaussians for Superplasticizer (label 2)
  Automatically selected 3 Gaussians for FlyAsh (label 0)
  Automatically selected 3 Gaussians for FlyAsh (label 1)
  Automatically selected 4 Gaussians for FlyAsh (label 2)
  Automatically selected 1 Gaussians for FineAgg (label 0)
  Automatically selected 3 Gaussians for FineAgg (label 1)
  Automatically selected 3 Gaussians for FineAgg (label 2)
  Automatically selected 4 Gaussians for Water (label 0)
  Automatically selected 1 Gaussians for Water (label 1)
  Automatically selected 3 Gaussians for Water (label 2)
  Automatically selected 2 Gaussians for CoarseAgg (label 0)
  Automatically selected 4 Gaussians for CoarseAgg (label 1)
  Automatically selected 2 Gaussians for CoarseAgg (label 2)
  Automatically selected 3 Gaussians for Age (label 0)
  Automatically selected 3 Gaussians for Age (label 1)
  Automatically selected 2 Gaussians for Age (label 2)

Features Ranked by Differentiation Strength:
================================================================================
 1. Slag                           - Score: 1.0000
 2. Cement                         - Score: 0.5666
 3. FineAgg                        - Score: 0.5374
 4. CoarseAgg                      - Score: 0.4347
 5. Water                          - Score: 0.2957
 6. Superplasticizer               - Score: 0.2553
 7. FlyAsh                         - Score: 0.1418
 8. Age                            - Score: 0.1264
================================================================================
  Automatically selected 3 Gaussians for Slag (label 0)
  Automatically selected 4 Gaussians for Slag (label 2)
  Automatically selected 3 Gaussians for Slag (label 1)
  Automatically selected 2 Gaussians for Cement (label 0)
  Automatically selected 1 Gaussians for Cement (label 2)
  Automatically selected 4 Gaussians for Cement (label 1)
  Automatically selected 1 Gaussians for FineAgg (label 0)
  Automatically selected 1 Gaussians for FineAgg (label 2)
  Automatically selected 4 Gaussians for FineAgg (label 1)
  Automatically selected 1 Gaussians for CoarseAgg (label 0)
  Automatically selected 1 Gaussians for CoarseAgg (label 2)
  Automatically selected 4 Gaussians for CoarseAgg (label 1)
  Automatically selected 4 Gaussians for Water (label 0)
  Automatically selected 3 Gaussians for Water (label 2)
  Automatically selected 2 Gaussians for Water (label 1)
  Automatically selected 3 Gaussians for Superplasticizer (label 0)
  Automatically selected 4 Gaussians for Superplasticizer (label 2)
  Automatically selected 2 Gaussians for Superplasticizer (label 1)
  Automatically selected 4 Gaussians for FlyAsh (label 0)
  Automatically selected 4 Gaussians for FlyAsh (label 2)
  Automatically selected 4 Gaussians for FlyAsh (label 1)
  Automatically selected 3 Gaussians for Age (label 0)
  Automatically selected 1 Gaussians for Age (label 2)
  Automatically selected 1 Gaussians for Age (label 1)

Features Ranked by Differentiation Strength:
================================================================================
 1. Cement                         - Score: 1.0000
 2. CoarseAgg                      - Score: 0.6669
 3. Age                            - Score: 0.6216
 4. Water                          - Score: 0.5663
 5. FineAgg                        - Score: 0.3842
 6. Superplasticizer               - Score: 0.2160
 7. Slag                           - Score: 0.1106
 8. FlyAsh                         - Score: 0.0788
================================================================================
  Automatically selected 4 Gaussians for Cement (label 0)
  Automatically selected 3 Gaussians for Cement (label 2)
  Automatically selected 3 Gaussians for Cement (label 1)
  Automatically selected 1 Gaussians for CoarseAgg (label 0)
  Automatically selected 3 Gaussians for CoarseAgg (label 2)
  Automatically selected 1 Gaussians for CoarseAgg (label 1)
  Automatically selected 4 Gaussians for Age (label 0)
  Automatically selected 4 Gaussians for Age (label 2)
  Automatically selected 4 Gaussians for Age (label 1)
  Automatically selected 1 Gaussians for Water (label 0)
  Automatically selected 3 Gaussians for Water (label 2)
  Automatically selected 4 Gaussians for Water (label 1)
  Automatically selected 2 Gaussians for FineAgg (label 0)
  Automatically selected 3 Gaussians for FineAgg (label 2)
  Automatically selected 1 Gaussians for FineAgg (label 1)
  Automatically selected 3 Gaussians for Superplasticizer (label 0)
  Automatically selected 2 Gaussians for Superplasticizer (label 2)
  Automatically selected 2 Gaussians for Superplasticizer (label 1)
  Automatically selected 2 Gaussians for Slag (label 0)
  Automatically selected 2 Gaussians for Slag (label 2)
  Automatically selected 2 Gaussians for Slag (label 1)
  Automatically selected 3 Gaussians for FlyAsh (label 0)
  Automatically selected 4 Gaussians for FlyAsh (label 2)
  Automatically selected 4 Gaussians for FlyAsh (label 1)

Features Ranked by Differentiation Strength:
================================================================================
 1. Age                            - Score: 1.0000
 2. FineAgg                        - Score: 0.4639
 3. Water                          - Score: 0.4189
 4. CoarseAgg                      - Score: 0.4081
 5. Cement                         - Score: 0.2197
 6. Slag                           - Score: 0.2150
 7. FlyAsh                         - Score: 0.1138
 8. Superplasticizer               - Score: 0.0847
================================================================================
  Automatically selected 4 Gaussians for Age (label 2)
  Automatically selected 4 Gaussians for Age (label 1)
  Automatically selected 4 Gaussians for Age (label 0)
  Automatically selected 3 Gaussians for FineAgg (label 2)
  Automatically selected 1 Gaussians for FineAgg (label 1)
  Automatically selected 1 Gaussians for FineAgg (label 0)
  Automatically selected 4 Gaussians for Water (label 2)
  Automatically selected 3 Gaussians for Water (label 1)
  Automatically selected 4 Gaussians for Water (label 0)
  Automatically selected 4 Gaussians for CoarseAgg (label 2)
  Automatically selected 3 Gaussians for CoarseAgg (label 1)
  Automatically selected 4 Gaussians for CoarseAgg (label 0)
  Automatically selected 4 Gaussians for Cement (label 2)
  Automatically selected 3 Gaussians for Cement (label 1)
  Automatically selected 4 Gaussians for Cement (label 0)
  Automatically selected 2 Gaussians for Slag (label 2)
  Automatically selected 2 Gaussians for Slag (label 1)
  Automatically selected 3 Gaussians for Slag (label 0)
  Automatically selected 4 Gaussians for FlyAsh (label 2)
  Automatically selected 4 Gaussians for FlyAsh (label 1)
  Automatically selected 4 Gaussians for FlyAsh (label 0)
  Automatically selected 4 Gaussians for Superplasticizer (label 2)
  Automatically selected 4 Gaussians for Superplasticizer (label 1)
  Automatically selected 4 Gaussians for Superplasticizer (label 0)

Features Ranked by Differentiation Strength:
================================================================================
 1. Age                            - Score: 1.0000
 2. Cement                         - Score: 0.9230
 3. FineAgg                        - Score: 0.8771
 4. Water                          - Score: 0.7689
 5. CoarseAgg                      - Score: 0.4845
 6. Superplasticizer               - Score: 0.4467
 7. Slag                           - Score: 0.2440
 8. FlyAsh                         - Score: 0.1338
================================================================================
  Automatically selected 4 Gaussians for Age (label 0)
  Automatically selected 3 Gaussians for Age (label 1)
  Automatically selected 4 Gaussians for Age (label 2)
  Automatically selected 4 Gaussians for Cement (label 0)
  Automatically selected 2 Gaussians for Cement (label 1)
  Automatically selected 4 Gaussians for Cement (label 2)
  Automatically selected 2 Gaussians for FineAgg (label 0)
  Automatically selected 2 Gaussians for FineAgg (label 1)
  Automatically selected 4 Gaussians for FineAgg (label 2)
  Automatically selected 3 Gaussians for Water (label 0)
  Automatically selected 2 Gaussians for Water (label 1)
  Automatically selected 2 Gaussians for Water (label 2)
  Automatically selected 3 Gaussians for CoarseAgg (label 0)
  Automatically selected 4 Gaussians for CoarseAgg (label 1)
  Automatically selected 4 Gaussians for CoarseAgg (label 2)
  Automatically selected 2 Gaussians for Superplasticizer (label 0)
  Automatically selected 2 Gaussians for Superplasticizer (label 1)
  Automatically selected 2 Gaussians for Superplasticizer (label 2)
  Automatically selected 3 Gaussians for Slag (label 0)
  Automatically selected 4 Gaussians for Slag (label 1)
  Automatically selected 3 Gaussians for Slag (label 2)
  Automatically selected 2 Gaussians for FlyAsh (label 0)
  Automatically selected 3 Gaussians for FlyAsh (label 1)
  Automatically selected 3 Gaussians for FlyAsh (label 2)

Features Ranked by Differentiation Strength:
================================================================================
 1. Age                            - Score: 1.0000
 2. Cement                         - Score: 0.7604
 3. Water                          - Score: 0.6944
 4. Superplasticizer               - Score: 0.5175
 5. CoarseAgg                      - Score: 0.4664
 6. FlyAsh                         - Score: 0.4009
 7. FineAgg                        - Score: 0.3774
 8. Slag                           - Score: 0.3432
================================================================================
  Automatically selected 4 Gaussians for Age (label 2)
  Automatically selected 4 Gaussians for Age (label 1)
  Automatically selected 4 Gaussians for Age (label 0)
  Automatically selected 4 Gaussians for Cement (label 2)
  Automatically selected 2 Gaussians for Cement (label 1)
  Automatically selected 4 Gaussians for Cement (label 0)
  Automatically selected 1 Gaussians for Water (label 2)
  Automatically selected 1 Gaussians for Water (label 1)
  Automatically selected 1 Gaussians for Water (label 0)
  Automatically selected 1 Gaussians for Superplasticizer (label 2)
  Automatically selected 2 Gaussians for Superplasticizer (label 1)
  Automatically selected 1 Gaussians for Superplasticizer (label 0)
  Automatically selected 3 Gaussians for CoarseAgg (label 2)
  Automatically selected 1 Gaussians for CoarseAgg (label 1)
  Automatically selected 4 Gaussians for CoarseAgg (label 0)
  Automatically selected 3 Gaussians for FlyAsh (label 2)
  Automatically selected 4 Gaussians for FlyAsh (label 1)
  Automatically selected 4 Gaussians for FlyAsh (label 0)
  Automatically selected 4 Gaussians for FineAgg (label 2)
  Automatically selected 4 Gaussians for FineAgg (label 1)
  Automatically selected 3 Gaussians for FineAgg (label 0)
  Automatically selected 4 Gaussians for Slag (label 2)
  Automatically selected 2 Gaussians for Slag (label 1)
  Automatically selected 2 Gaussians for Slag (label 0)

Features Ranked by Differentiation Strength:
================================================================================
 1. Age                            - Score: 1.0000
 2. Water                          - Score: 0.9825
 3. Cement                         - Score: 0.6708
 4. Superplasticizer               - Score: 0.6005
 5. Slag                           - Score: 0.5451
 6. FineAgg                        - Score: 0.4750
 7. CoarseAgg                      - Score: 0.4415
 8. FlyAsh                         - Score: 0.1014
================================================================================
  Automatically selected 4 Gaussians for Age (label 2)
  Automatically selected 4 Gaussians for Age (label 0)
  Automatically selected 4 Gaussians for Age (label 1)
  Automatically selected 1 Gaussians for Water (label 2)
  Automatically selected 4 Gaussians for Water (label 0)
  Automatically selected 2 Gaussians for Water (label 1)
  Automatically selected 1 Gaussians for Cement (label 2)
  Automatically selected 4 Gaussians for Cement (label 0)
  Automatically selected 1 Gaussians for Cement (label 1)
  Automatically selected 3 Gaussians for Superplasticizer (label 2)
  Automatically selected 3 Gaussians for Superplasticizer (label 0)
  Automatically selected 3 Gaussians for Superplasticizer (label 1)
  Automatically selected 4 Gaussians for Slag (label 2)
  Automatically selected 2 Gaussians for Slag (label 0)
  Automatically selected 4 Gaussians for Slag (label 1)
  Automatically selected 4 Gaussians for FineAgg (label 2)
  Automatically selected 2 Gaussians for FineAgg (label 0)
  Automatically selected 2 Gaussians for FineAgg (label 1)
  Automatically selected 4 Gaussians for CoarseAgg (label 2)
  Automatically selected 4 Gaussians for CoarseAgg (label 0)
  Automatically selected 4 Gaussians for CoarseAgg (label 1)
  Automatically selected 2 Gaussians for FlyAsh (label 2)
  Automatically selected 2 Gaussians for FlyAsh (label 0)
  Automatically selected 3 Gaussians for FlyAsh (label 1)

Features Ranked by Differentiation Strength:
================================================================================
 1. Cement                         - Score: 1.0000
 2. Age                            - Score: 0.9291
 3. Water                          - Score: 0.6492
 4. FineAgg                        - Score: 0.5540
 5. CoarseAgg                      - Score: 0.5163
 6. Superplasticizer               - Score: 0.4924
 7. Slag                           - Score: 0.1341
 8. FlyAsh                         - Score: 0.1211
================================================================================

Features Ranked by Differentiation Strength:
================================================================================
 1. Age                            - Score: 1.0000
 2. FineAgg                        - Score: 0.5956
 3. CoarseAgg                      - Score: 0.5575
 4. Cement                         - Score: 0.4793
 5. Water                          - Score: 0.4763
 6. Superplasticizer               - Score: 0.4639
 7. Slag                           - Score: 0.3144
 8. FlyAsh                         - Score: 0.1005
================================================================================
  Automatically selected 4 Gaussians for Age (label 0)
  Automatically selected 2 Gaussians for Age (label 2)
  Automatically selected 4 Gaussians for Age (label 1)
  Automatically selected 1 Gaussians for FineAgg (label 0)
  Automatically selected 3 Gaussians for FineAgg (label 2)
  Automatically selected 1 Gaussians for FineAgg (label 1)
  Automatically selected 1 Gaussians for CoarseAgg (label 0)
  Automatically selected 4 Gaussians for CoarseAgg (label 2)
  Automatically selected 1 Gaussians for CoarseAgg (label 1)
  Automatically selected 1 Gaussians for Cement (label 0)
  Automatically selected 3 Gaussians for Cement (label 2)
  Automatically selected 2 Gaussians for Cement (label 1)
  Automatically selected 4 Gaussians for Water (label 0)
  Automatically selected 1 Gaussians for Water (label 2)
  Automatically selected 1 Gaussians for Water (label 1)
  Automatically selected 2 Gaussians for Superplasticizer (label 0)
  Automatically selected 3 Gaussians for Superplasticizer (label 2)
  Automatically selected 2 Gaussians for Superplasticizer (label 1)
  Automatically selected 2 Gaussians for Slag (label 0)
  Automatically selected 2 Gaussians for Slag (label 2)
  Automatically selected 2 Gaussians for Slag (label 1)
  Automatically selected 2 Gaussians for FlyAsh (label 0)
  Automatically selected 2 Gaussians for FlyAsh (label 2)
  Automatically selected 3 Gaussians for FlyAsh (label 1)

Features Ranked by Differentiation Strength:
================================================================================
 1. Age                            - Score: 1.0000
 2. Cement                         - Score: 0.4772
 3. Water                          - Score: 0.3903
 4. CoarseAgg                      - Score: 0.3448
 5. FineAgg                        - Score: 0.3168
 6. Superplasticizer               - Score: 0.1677
 7. Slag                           - Score: 0.0923
 8. FlyAsh                         - Score: 0.0682
================================================================================
  Automatically selected 4 Gaussians for Age (label 0)
  Automatically selected 4 Gaussians for Age (label 2)
  Automatically selected 4 Gaussians for Age (label 1)
  Automatically selected 2 Gaussians for Cement (label 0)
  Automatically selected 2 Gaussians for Cement (label 2)
  Automatically selected 2 Gaussians for Cement (label 1)
  Automatically selected 4 Gaussians for Water (label 0)
  Automatically selected 3 Gaussians for Water (label 2)
  Automatically selected 3 Gaussians for Water (label 1)
  Automatically selected 2 Gaussians for CoarseAgg (label 0)
  Automatically selected 4 Gaussians for CoarseAgg (label 2)
  Automatically selected 3 Gaussians for CoarseAgg (label 1)
  Automatically selected 4 Gaussians for FineAgg (label 0)
  Automatically selected 3 Gaussians for FineAgg (label 2)
  Automatically selected 1 Gaussians for FineAgg (label 1)
  Automatically selected 2 Gaussians for Superplasticizer (label 0)
  Automatically selected 2 Gaussians for Superplasticizer (label 2)
  Automatically selected 3 Gaussians for Superplasticizer (label 1)
  Automatically selected 2 Gaussians for Slag (label 0)
  Automatically selected 4 Gaussians for Slag (label 2)
  Automatically selected 2 Gaussians for Slag (label 1)
  Automatically selected 2 Gaussians for FlyAsh (label 0)
  Automatically selected 4 Gaussians for FlyAsh (label 2)
  Automatically selected 2 Gaussians for FlyAsh (label 1)

Features Ranked by Differentiation Strength:
================================================================================
 1. Age                            - Score: 1.0000
 2. CoarseAgg                      - Score: 0.6029
 3. Cement                         - Score: 0.5626
 4. Water                          - Score: 0.5617
 5. Superplasticizer               - Score: 0.5463
 6. FineAgg                        - Score: 0.4830
 7. Slag                           - Score: 0.2640
 8. FlyAsh                         - Score: 0.0855
================================================================================
  Automatically selected 4 Gaussians for Age (label 1)
  Automatically selected 4 Gaussians for Age (label 2)
  Automatically selected 4 Gaussians for Age (label 0)
  Automatically selected 3 Gaussians for CoarseAgg (label 1)
  Automatically selected 4 Gaussians for CoarseAgg (label 2)
  Automatically selected 2 Gaussians for CoarseAgg (label 0)
  Automatically selected 3 Gaussians for Cement (label 1)
  Automatically selected 4 Gaussians for Cement (label 2)
  Automatically selected 3 Gaussians for Cement (label 0)
  Automatically selected 1 Gaussians for Water (label 1)
  Automatically selected 3 Gaussians for Water (label 2)
  Automatically selected 4 Gaussians for Water (label 0)
  Automatically selected 4 Gaussians for Superplasticizer (label 1)
  Automatically selected 3 Gaussians for Superplasticizer (label 2)
  Automatically selected 2 Gaussians for Superplasticizer (label 0)
  Automatically selected 1 Gaussians for FineAgg (label 1)
  Automatically selected 4 Gaussians for FineAgg (label 2)
  Automatically selected 1 Gaussians for FineAgg (label 0)
  Automatically selected 2 Gaussians for Slag (label 1)
  Automatically selected 2 Gaussians for Slag (label 2)
  Automatically selected 2 Gaussians for Slag (label 0)
  Automatically selected 4 Gaussians for FlyAsh (label 1)
  Automatically selected 2 Gaussians for FlyAsh (label 2)
  Automatically selected 2 Gaussians for FlyAsh (label 0)

Features Ranked by Differentiation Strength:
================================================================================
 1. Water                          - Score: 1.0000
 2. Cement                         - Score: 0.9423
 3. Age                            - Score: 0.8141
 4. Superplasticizer               - Score: 0.7186
 5. CoarseAgg                      - Score: 0.6543
 6. FineAgg                        - Score: 0.5856
 7. Slag                           - Score: 0.4996
 8. FlyAsh                         - Score: 0.1804
================================================================================
  Automatically selected 4 Gaussians for Water (label 2)
  Automatically selected 4 Gaussians for Water (label 0)
  Automatically selected 3 Gaussians for Water (label 1)
  Automatically selected 4 Gaussians for Cement (label 2)
  Automatically selected 4 Gaussians for Cement (label 0)
  Automatically selected 4 Gaussians for Cement (label 1)
  Automatically selected 3 Gaussians for Age (label 2)
  Automatically selected 4 Gaussians for Age (label 0)
  Automatically selected 4 Gaussians for Age (label 1)
  Automatically selected 3 Gaussians for Superplasticizer (label 2)
  Automatically selected 4 Gaussians for Superplasticizer (label 0)
  Automatically selected 3 Gaussians for Superplasticizer (label 1)
  Automatically selected 4 Gaussians for CoarseAgg (label 2)
  Automatically selected 4 Gaussians for CoarseAgg (label 0)
  Automatically selected 4 Gaussians for CoarseAgg (label 1)
  Automatically selected 4 Gaussians for FineAgg (label 2)
  Automatically selected 3 Gaussians for FineAgg (label 0)
  Automatically selected 2 Gaussians for FineAgg (label 1)
  Automatically selected 4 Gaussians for Slag (label 2)
  Automatically selected 3 Gaussians for Slag (label 0)
  Automatically selected 2 Gaussians for Slag (label 1)
  Automatically selected 2 Gaussians for FlyAsh (label 2)
  Automatically selected 4 Gaussians for FlyAsh (label 0)
  Automatically selected 4 Gaussians for FlyAsh (label 1)
  done: tree/HME/references raw
  Suggesting log-transform for feature 'Slag' (dynamic range: 4.25)
  Suggesting log-transform for feature 'Age' (dynamic range: 2.56)

Features Ranked by Differentiation Strength:
================================================================================
 1. Age                            - Score: 1.0000
 2. Cement                         - Score: 0.9448
 3. Water                          - Score: 0.6709
 4. FineAgg                        - Score: 0.5233
 5. CoarseAgg                      - Score: 0.5053
 6. Superplasticizer               - Score: 0.4912
 7. Slag                           - Score: 0.1591
 8. FlyAsh                         - Score: 0.1073
================================================================================

Features Ranked by Differentiation Strength:
================================================================================
 1. Age                            - Score: 1.0000
 2. Cement                         - Score: 0.9448
 3. Water                          - Score: 0.6709
 4. FineAgg                        - Score: 0.5233
 5. CoarseAgg                      - Score: 0.5053
 6. Superplasticizer               - Score: 0.4912
 7. Slag                           - Score: 0.1591
 8. FlyAsh                         - Score: 0.1073
================================================================================

Features Ranked by Differentiation Strength:
================================================================================
 1. Age                            - Score: 1.0000
 2. Cement                         - Score: 0.9448
 3. Water                          - Score: 0.6709
 4. FineAgg                        - Score: 0.5233
 5. CoarseAgg                      - Score: 0.5053
 6. Superplasticizer               - Score: 0.4912
 7. Slag                           - Score: 0.1591
 8. FlyAsh                         - Score: 0.1073
================================================================================

Features Ranked by Differentiation Strength:
================================================================================
 1. Age                            - Score: 1.0000
 2. Slag                           - Score: 0.4179
 3. FineAgg                        - Score: 0.4129
 4. Cement                         - Score: 0.3818
 5. CoarseAgg                      - Score: 0.3591
 6. Water                          - Score: 0.2176
 7. FlyAsh                         - Score: 0.1100
 8. Superplasticizer               - Score: 0.0903
================================================================================
  Automatically selected 4 Gaussians for Age (label 0)
  Automatically selected 4 Gaussians for Age (label 1)
  Automatically selected 3 Gaussians for Age (label 2)
  Automatically selected 3 Gaussians for Slag (label 0)
  Automatically selected 3 Gaussians for Slag (label 1)
  Automatically selected 4 Gaussians for Slag (label 2)
  Automatically selected 1 Gaussians for FineAgg (label 0)
  Automatically selected 4 Gaussians for FineAgg (label 1)
  Automatically selected 1 Gaussians for FineAgg (label 2)
  Automatically selected 1 Gaussians for Cement (label 0)
  Automatically selected 1 Gaussians for Cement (label 1)
  Automatically selected 2 Gaussians for Cement (label 2)
  Automatically selected 2 Gaussians for CoarseAgg (label 0)
  Automatically selected 1 Gaussians for CoarseAgg (label 1)
  Automatically selected 1 Gaussians for CoarseAgg (label 2)
  Automatically selected 3 Gaussians for Water (label 0)
  Automatically selected 4 Gaussians for Water (label 1)
  Automatically selected 2 Gaussians for Water (label 2)
  Automatically selected 2 Gaussians for FlyAsh (label 0)
  Automatically selected 2 Gaussians for FlyAsh (label 1)
  Automatically selected 3 Gaussians for FlyAsh (label 2)
  Automatically selected 2 Gaussians for Superplasticizer (label 0)
  Automatically selected 2 Gaussians for Superplasticizer (label 1)
  Automatically selected 2 Gaussians for Superplasticizer (label 2)

Features Ranked by Differentiation Strength:
================================================================================
 1. Age                            - Score: 1.0000
 2. Superplasticizer               - Score: 0.9882
 3. Cement                         - Score: 0.9397
 4. FineAgg                        - Score: 0.8772
 5. CoarseAgg                      - Score: 0.6978
 6. Water                          - Score: 0.6511
 7. FlyAsh                         - Score: 0.6474
 8. Slag                           - Score: 0.5885
================================================================================
  Automatically selected 3 Gaussians for Age (label 0)
  Automatically selected 4 Gaussians for Age (label 2)
  Automatically selected 3 Gaussians for Age (label 1)
  Automatically selected 1 Gaussians for Superplasticizer (label 0)
  Automatically selected 4 Gaussians for Superplasticizer (label 2)
  Automatically selected 1 Gaussians for Superplasticizer (label 1)
  Automatically selected 4 Gaussians for Cement (label 0)
  Automatically selected 3 Gaussians for Cement (label 2)
  Automatically selected 2 Gaussians for Cement (label 1)
  Automatically selected 1 Gaussians for FineAgg (label 0)
  Automatically selected 3 Gaussians for FineAgg (label 2)
  Automatically selected 3 Gaussians for FineAgg (label 1)
  Automatically selected 2 Gaussians for CoarseAgg (label 0)
  Automatically selected 3 Gaussians for CoarseAgg (label 2)
  Automatically selected 4 Gaussians for CoarseAgg (label 1)
  Automatically selected 4 Gaussians for Water (label 0)
  Automatically selected 4 Gaussians for Water (label 2)
  Automatically selected 1 Gaussians for Water (label 1)
  Automatically selected 3 Gaussians for FlyAsh (label 0)
  Automatically selected 3 Gaussians for FlyAsh (label 2)
  Automatically selected 3 Gaussians for FlyAsh (label 1)
  Automatically selected 4 Gaussians for Slag (label 0)
  Automatically selected 3 Gaussians for Slag (label 2)
  Automatically selected 3 Gaussians for Slag (label 1)

Features Ranked by Differentiation Strength:
================================================================================
 1. Slag                           - Score: 1.0000
 2. CoarseAgg                      - Score: 0.3726
 3. FineAgg                        - Score: 0.3669
 4. Cement                         - Score: 0.3645
 5. Superplasticizer               - Score: 0.3015
 6. Water                          - Score: 0.2801
 7. FlyAsh                         - Score: 0.1177
 8. Age                            - Score: 0.0000
================================================================================
  Automatically selected 1 Gaussians for Slag (label 1)
  Automatically selected 1 Gaussians for Slag (label 2)
  Automatically selected 3 Gaussians for Slag (label 0)
  Automatically selected 1 Gaussians for CoarseAgg (label 1)
  Automatically selected 2 Gaussians for CoarseAgg (label 2)
  Automatically selected 1 Gaussians for CoarseAgg (label 0)
  Automatically selected 4 Gaussians for FineAgg (label 1)
  Automatically selected 3 Gaussians for FineAgg (label 2)
  Automatically selected 2 Gaussians for FineAgg (label 0)
  Automatically selected 1 Gaussians for Cement (label 1)
  Automatically selected 2 Gaussians for Cement (label 2)
  Automatically selected 4 Gaussians for Cement (label 0)
  Automatically selected 4 Gaussians for Superplasticizer (label 1)
  Automatically selected 3 Gaussians for Superplasticizer (label 2)
  Automatically selected 4 Gaussians for Superplasticizer (label 0)
  Automatically selected 4 Gaussians for Water (label 1)
  Automatically selected 4 Gaussians for Water (label 2)
  Automatically selected 1 Gaussians for Water (label 0)
  Automatically selected 4 Gaussians for FlyAsh (label 1)
  Automatically selected 2 Gaussians for FlyAsh (label 2)
  Automatically selected 3 Gaussians for FlyAsh (label 0)

Features Ranked by Differentiation Strength:
================================================================================
 1. Cement                         - Score: 1.0000
 2. CoarseAgg                      - Score: 0.7661
 3. Age                            - Score: 0.7394
 4. Water                          - Score: 0.6266
 5. FineAgg                        - Score: 0.3938
 6. Superplasticizer               - Score: 0.1501
 7. FlyAsh                         - Score: 0.0943
 8. Slag                           - Score: 0.0754
================================================================================
  Automatically selected 3 Gaussians for Cement (label 0)
  Automatically selected 4 Gaussians for Cement (label 2)
  Automatically selected 3 Gaussians for Cement (label 1)
  Automatically selected 1 Gaussians for CoarseAgg (label 0)
  Automatically selected 3 Gaussians for CoarseAgg (label 2)
  Automatically selected 3 Gaussians for CoarseAgg (label 1)
  Automatically selected 4 Gaussians for Age (label 0)
  Automatically selected 2 Gaussians for Age (label 2)
  Automatically selected 4 Gaussians for Age (label 1)
  Automatically selected 4 Gaussians for Water (label 0)
  Automatically selected 2 Gaussians for Water (label 2)
  Automatically selected 1 Gaussians for Water (label 1)
  Automatically selected 1 Gaussians for FineAgg (label 0)
  Automatically selected 4 Gaussians for FineAgg (label 2)
  Automatically selected 1 Gaussians for FineAgg (label 1)
  Automatically selected 3 Gaussians for Superplasticizer (label 0)
  Automatically selected 2 Gaussians for Superplasticizer (label 2)
  Automatically selected 4 Gaussians for Superplasticizer (label 1)
  Automatically selected 3 Gaussians for FlyAsh (label 0)
  Automatically selected 4 Gaussians for FlyAsh (label 2)
  Automatically selected 4 Gaussians for FlyAsh (label 1)
  Automatically selected 3 Gaussians for Slag (label 0)
  Automatically selected 2 Gaussians for Slag (label 2)
  Automatically selected 4 Gaussians for Slag (label 1)

Features Ranked by Differentiation Strength:
================================================================================
 1. Cement                         - Score: 1.0000
 2. Age                            - Score: 0.8995
 3. FineAgg                        - Score: 0.6569
 4. CoarseAgg                      - Score: 0.5621
 5. Slag                           - Score: 0.4848
 6. Water                          - Score: 0.4665
 7. Superplasticizer               - Score: 0.4274
 8. FlyAsh                         - Score: 0.1253
================================================================================
  Automatically selected 2 Gaussians for Cement (label 2)
  Automatically selected 1 Gaussians for Cement (label 0)
  Automatically selected 1 Gaussians for Cement (label 1)
  Automatically selected 4 Gaussians for Age (label 2)
  Automatically selected 4 Gaussians for Age (label 0)
  Automatically selected 3 Gaussians for Age (label 1)
  Automatically selected 3 Gaussians for FineAgg (label 2)
  Automatically selected 3 Gaussians for FineAgg (label 0)
  Automatically selected 1 Gaussians for FineAgg (label 1)
  Automatically selected 4 Gaussians for CoarseAgg (label 2)
  Automatically selected 3 Gaussians for CoarseAgg (label 0)
  Automatically selected 4 Gaussians for CoarseAgg (label 1)
  Automatically selected 2 Gaussians for Slag (label 2)
  Automatically selected 2 Gaussians for Slag (label 0)
  Automatically selected 2 Gaussians for Slag (label 1)
  Automatically selected 1 Gaussians for Water (label 2)
  Automatically selected 4 Gaussians for Water (label 0)
  Automatically selected 2 Gaussians for Water (label 1)
  Automatically selected 3 Gaussians for Superplasticizer (label 2)
  Automatically selected 2 Gaussians for Superplasticizer (label 0)
  Automatically selected 2 Gaussians for Superplasticizer (label 1)
  Automatically selected 4 Gaussians for FlyAsh (label 2)
  Automatically selected 4 Gaussians for FlyAsh (label 0)
  Automatically selected 4 Gaussians for FlyAsh (label 1)

Features Ranked by Differentiation Strength:
================================================================================
 1. Age                            - Score: 1.0000
 2. Cement                         - Score: 0.7746
 3. Superplasticizer               - Score: 0.6056
 4. Water                          - Score: 0.5619
 5. CoarseAgg                      - Score: 0.4004
 6. FineAgg                        - Score: 0.3786
 7. Slag                           - Score: 0.2773
 8. FlyAsh                         - Score: 0.1131
================================================================================
  Automatically selected 4 Gaussians for Age (label 0)
  Automatically selected 4 Gaussians for Age (label 1)
  Automatically selected 4 Gaussians for Age (label 2)
  Automatically selected 2 Gaussians for Cement (label 0)
  Automatically selected 2 Gaussians for Cement (label 1)
  Automatically selected 3 Gaussians for Cement (label 2)
  Automatically selected 2 Gaussians for Superplasticizer (label 0)
  Automatically selected 4 Gaussians for Superplasticizer (label 1)
  Automatically selected 3 Gaussians for Superplasticizer (label 2)
  Automatically selected 1 Gaussians for Water (label 0)
  Automatically selected 1 Gaussians for Water (label 1)
  Automatically selected 4 Gaussians for Water (label 2)
  Automatically selected 3 Gaussians for CoarseAgg (label 0)
  Automatically selected 1 Gaussians for CoarseAgg (label 1)
  Automatically selected 3 Gaussians for CoarseAgg (label 2)
  Automatically selected 1 Gaussians for FineAgg (label 0)
  Automatically selected 1 Gaussians for FineAgg (label 1)
  Automatically selected 4 Gaussians for FineAgg (label 2)
  Automatically selected 2 Gaussians for Slag (label 0)
  Automatically selected 4 Gaussians for Slag (label 1)
  Automatically selected 4 Gaussians for Slag (label 2)
  Automatically selected 2 Gaussians for FlyAsh (label 0)
  Automatically selected 4 Gaussians for FlyAsh (label 1)
  Automatically selected 2 Gaussians for FlyAsh (label 2)

Features Ranked by Differentiation Strength:
================================================================================
 1. Cement                         - Score: 1.0000
 2. Water                          - Score: 0.8996
 3. FineAgg                        - Score: 0.7477
 4. Superplasticizer               - Score: 0.4488
 5. CoarseAgg                      - Score: 0.4119
 6. Age                            - Score: 0.2583
 7. FlyAsh                         - Score: 0.1659
 8. Slag                           - Score: 0.0974
================================================================================
  Automatically selected 1 Gaussians for Cement (label 1)
  Automatically selected 3 Gaussians for Cement (label 2)
  Automatically selected 1 Gaussians for Cement (label 0)
  Automatically selected 4 Gaussians for Water (label 1)
  Automatically selected 3 Gaussians for Water (label 2)
  Automatically selected 4 Gaussians for Water (label 0)
  Automatically selected 3 Gaussians for FineAgg (label 1)
  Automatically selected 4 Gaussians for FineAgg (label 2)
  Automatically selected 2 Gaussians for FineAgg (label 0)
  Automatically selected 2 Gaussians for Superplasticizer (label 1)
  Automatically selected 2 Gaussians for Superplasticizer (label 2)
  Automatically selected 2 Gaussians for Superplasticizer (label 0)
  Automatically selected 1 Gaussians for CoarseAgg (label 1)
  Automatically selected 4 Gaussians for CoarseAgg (label 2)
  Automatically selected 1 Gaussians for CoarseAgg (label 0)
  Automatically selected 3 Gaussians for Age (label 1)
  Automatically selected 2 Gaussians for Age (label 2)
  Automatically selected 4 Gaussians for Age (label 0)
  Automatically selected 2 Gaussians for FlyAsh (label 1)
  Automatically selected 4 Gaussians for FlyAsh (label 2)
  Automatically selected 4 Gaussians for FlyAsh (label 0)
  Automatically selected 3 Gaussians for Slag (label 1)
  Automatically selected 3 Gaussians for Slag (label 2)
  Automatically selected 1 Gaussians for Slag (label 0)

Features Ranked by Differentiation Strength:
================================================================================
 1. Water                          - Score: 1.0000
 2. Superplasticizer               - Score: 0.8045
 3. Cement                         - Score: 0.7845
 4. FineAgg                        - Score: 0.7762
 5. CoarseAgg                      - Score: 0.4671
 6. Slag                           - Score: 0.4577
 7. Age                            - Score: 0.2686
 8. FlyAsh                         - Score: 0.1052
================================================================================
  Automatically selected 3 Gaussians for Water (label 0)
  Automatically selected 3 Gaussians for Water (label 1)
  Automatically selected 1 Gaussians for Water (label 2)
  Automatically selected 4 Gaussians for Superplasticizer (label 0)
  Automatically selected 2 Gaussians for Superplasticizer (label 1)
  Automatically selected 3 Gaussians for Superplasticizer (label 2)
  Automatically selected 1 Gaussians for Cement (label 0)
  Automatically selected 1 Gaussians for Cement (label 1)
  Automatically selected 1 Gaussians for Cement (label 2)
  Automatically selected 3 Gaussians for FineAgg (label 0)
  Automatically selected 1 Gaussians for FineAgg (label 1)
  Automatically selected 4 Gaussians for FineAgg (label 2)
  Automatically selected 2 Gaussians for CoarseAgg (label 0)
  Automatically selected 4 Gaussians for CoarseAgg (label 1)
  Automatically selected 4 Gaussians for CoarseAgg (label 2)
  Automatically selected 4 Gaussians for Slag (label 0)
  Automatically selected 2 Gaussians for Slag (label 1)
  Automatically selected 4 Gaussians for Slag (label 2)
  Automatically selected 4 Gaussians for Age (label 0)
  Automatically selected 4 Gaussians for Age (label 1)
  Automatically selected 4 Gaussians for Age (label 2)
  Automatically selected 4 Gaussians for FlyAsh (label 0)
  Automatically selected 3 Gaussians for FlyAsh (label 1)
  Automatically selected 3 Gaussians for FlyAsh (label 2)

Features Ranked by Differentiation Strength:
================================================================================
 1. Age                            - Score: 1.0000
 2. Cement                         - Score: 0.9448
 3. Water                          - Score: 0.6709
 4. FineAgg                        - Score: 0.5233
 5. CoarseAgg                      - Score: 0.5053
 6. Superplasticizer               - Score: 0.4912
 7. Slag                           - Score: 0.1591
 8. FlyAsh                         - Score: 0.1073
================================================================================

Features Ranked by Differentiation Strength:
================================================================================
 1. Age                            - Score: 1.0000
 2. FineAgg                        - Score: 0.5978
 3. CoarseAgg                      - Score: 0.5553
 4. Water                          - Score: 0.4566
 5. Superplasticizer               - Score: 0.4333
 6. Cement                         - Score: 0.3943
 7. Slag                           - Score: 0.3272
 8. FlyAsh                         - Score: 0.1082
================================================================================
  Automatically selected 4 Gaussians for Age (label 0)
  Automatically selected 3 Gaussians for Age (label 1)
  Automatically selected 4 Gaussians for Age (label 2)
  Automatically selected 1 Gaussians for FineAgg (label 0)
  Automatically selected 1 Gaussians for FineAgg (label 1)
  Automatically selected 3 Gaussians for FineAgg (label 2)
  Automatically selected 1 Gaussians for CoarseAgg (label 0)
  Automatically selected 1 Gaussians for CoarseAgg (label 1)
  Automatically selected 4 Gaussians for CoarseAgg (label 2)
  Automatically selected 4 Gaussians for Water (label 0)
  Automatically selected 1 Gaussians for Water (label 1)
  Automatically selected 1 Gaussians for Water (label 2)
  Automatically selected 2 Gaussians for Superplasticizer (label 0)
  Automatically selected 2 Gaussians for Superplasticizer (label 1)
  Automatically selected 4 Gaussians for Superplasticizer (label 2)
  Automatically selected 2 Gaussians for Cement (label 0)
  Automatically selected 2 Gaussians for Cement (label 1)
  Automatically selected 3 Gaussians for Cement (label 2)
  Automatically selected 3 Gaussians for Slag (label 0)
  Automatically selected 3 Gaussians for Slag (label 1)
  Automatically selected 4 Gaussians for Slag (label 2)
  Automatically selected 2 Gaussians for FlyAsh (label 0)
  Automatically selected 3 Gaussians for FlyAsh (label 1)
  Automatically selected 2 Gaussians for FlyAsh (label 2)

Features Ranked by Differentiation Strength:
================================================================================
 1. Cement                         - Score: 1.0000
 2. Age                            - Score: 0.7456
 3. Water                          - Score: 0.5484
 4. CoarseAgg                      - Score: 0.5181
 5. FineAgg                        - Score: 0.4461
 6. Superplasticizer               - Score: 0.1778
 7. FlyAsh                         - Score: 0.1136
 8. Slag                           - Score: 0.1002
================================================================================
  Automatically selected 2 Gaussians for Cement (label 0)
  Automatically selected 3 Gaussians for Cement (label 2)
  Automatically selected 2 Gaussians for Cement (label 1)
  Automatically selected 3 Gaussians for Age (label 0)
  Automatically selected 4 Gaussians for Age (label 2)
  Automatically selected 2 Gaussians for Age (label 1)
  Automatically selected 2 Gaussians for Water (label 0)
  Automatically selected 3 Gaussians for Water (label 2)
  Automatically selected 1 Gaussians for Water (label 1)
  Automatically selected 1 Gaussians for CoarseAgg (label 0)
  Automatically selected 4 Gaussians for CoarseAgg (label 2)
  Automatically selected 3 Gaussians for CoarseAgg (label 1)
  Automatically selected 1 Gaussians for FineAgg (label 0)
  Automatically selected 3 Gaussians for FineAgg (label 2)
  Automatically selected 1 Gaussians for FineAgg (label 1)
  Automatically selected 3 Gaussians for Superplasticizer (label 0)
  Automatically selected 2 Gaussians for Superplasticizer (label 2)
  Automatically selected 3 Gaussians for Superplasticizer (label 1)
  Automatically selected 2 Gaussians for FlyAsh (label 0)
  Automatically selected 4 Gaussians for FlyAsh (label 2)
  Automatically selected 4 Gaussians for FlyAsh (label 1)
  Automatically selected 4 Gaussians for Slag (label 0)
  Automatically selected 2 Gaussians for Slag (label 2)
  Automatically selected 3 Gaussians for Slag (label 1)

Features Ranked by Differentiation Strength:
================================================================================
 1. Age                            - Score: 1.0000
 2. Cement                         - Score: 0.9055
 3. Water                          - Score: 0.6669
 4. CoarseAgg                      - Score: 0.6639
 5. Superplasticizer               - Score: 0.6385
 6. FineAgg                        - Score: 0.4684
 7. Slag                           - Score: 0.3240
 8. FlyAsh                         - Score: 0.1259
================================================================================
  Automatically selected 4 Gaussians for Age (label 2)
  Automatically selected 4 Gaussians for Age (label 1)
  Automatically selected 4 Gaussians for Age (label 0)
  Automatically selected 2 Gaussians for Cement (label 2)
  Automatically selected 1 Gaussians for Cement (label 1)
  Automatically selected 2 Gaussians for Cement (label 0)
  Automatically selected 1 Gaussians for Water (label 2)
  Automatically selected 1 Gaussians for Water (label 1)
  Automatically selected 3 Gaussians for Water (label 0)
  Automatically selected 4 Gaussians for CoarseAgg (label 2)
  Automatically selected 3 Gaussians for CoarseAgg (label 1)
  Automatically selected 2 Gaussians for CoarseAgg (label 0)
  Automatically selected 3 Gaussians for Superplasticizer (label 2)
  Automatically selected 3 Gaussians for Superplasticizer (label 1)
  Automatically selected 2 Gaussians for Superplasticizer (label 0)
  Automatically selected 1 Gaussians for FineAgg (label 2)
  Automatically selected 2 Gaussians for FineAgg (label 1)
  Automatically selected 1 Gaussians for FineAgg (label 0)
  Automatically selected 4 Gaussians for Slag (label 2)
  Automatically selected 3 Gaussians for Slag (label 1)
  Automatically selected 3 Gaussians for Slag (label 0)
  Automatically selected 4 Gaussians for FlyAsh (label 2)
  Automatically selected 2 Gaussians for FlyAsh (label 1)
  Automatically selected 2 Gaussians for FlyAsh (label 0)

Features Ranked by Differentiation Strength:
================================================================================
 1. Water                          - Score: 1.0000
 2. Cement                         - Score: 0.9894
 3. Superplasticizer               - Score: 0.6609
 4. CoarseAgg                      - Score: 0.5243
 5. FineAgg                        - Score: 0.3839
 6. Slag                           - Score: 0.3676
 7. Age                            - Score: 0.2826
 8. FlyAsh                         - Score: 0.1085
================================================================================
  Automatically selected 2 Gaussians for Water (label 1)
  Automatically selected 3 Gaussians for Water (label 0)
  Automatically selected 4 Gaussians for Water (label 2)
  Automatically selected 2 Gaussians for Cement (label 1)
  Automatically selected 2 Gaussians for Cement (label 0)
  Automatically selected 1 Gaussians for Cement (label 2)
  Automatically selected 2 Gaussians for Superplasticizer (label 1)
  Automatically selected 4 Gaussians for Superplasticizer (label 0)
  Automatically selected 3 Gaussians for Superplasticizer (label 2)
  Automatically selected 3 Gaussians for CoarseAgg (label 1)
  Automatically selected 1 Gaussians for CoarseAgg (label 0)
  Automatically selected 4 Gaussians for CoarseAgg (label 2)
  Automatically selected 4 Gaussians for FineAgg (label 1)
  Automatically selected 2 Gaussians for FineAgg (label 0)
  Automatically selected 2 Gaussians for FineAgg (label 2)
  Automatically selected 3 Gaussians for Slag (label 1)
  Automatically selected 4 Gaussians for Slag (label 0)
  Automatically selected 4 Gaussians for Slag (label 2)
  Automatically selected 3 Gaussians for Age (label 1)
  Automatically selected 2 Gaussians for Age (label 0)
  Automatically selected 3 Gaussians for Age (label 2)
  Automatically selected 3 Gaussians for FlyAsh (label 1)
  Automatically selected 2 Gaussians for FlyAsh (label 0)
  Automatically selected 2 Gaussians for FlyAsh (label 2)

Features Ranked by Differentiation Strength:
================================================================================
 1. Age                            - Score: 1.0000
 2. Cement                         - Score: 0.8880
 3. Water                          - Score: 0.6594
 4. CoarseAgg                      - Score: 0.5137
 5. FineAgg                        - Score: 0.4735
 6. Superplasticizer               - Score: 0.4554
 7. Slag                           - Score: 0.1404
 8. FlyAsh                         - Score: 0.0870
================================================================================

Features Ranked by Differentiation Strength:
================================================================================
 1. Age                            - Score: 1.0000
 2. Cement                         - Score: 0.8880
 3. Water                          - Score: 0.6594
 4. CoarseAgg                      - Score: 0.5137
 5. FineAgg                        - Score: 0.4735
 6. Superplasticizer               - Score: 0.4554
 7. Slag                           - Score: 0.1404
 8. FlyAsh                         - Score: 0.0870
================================================================================

Features Ranked by Differentiation Strength:
================================================================================
 1. Age                            - Score: 1.0000
 2. Cement                         - Score: 0.8880
 3. Water                          - Score: 0.6594
 4. CoarseAgg                      - Score: 0.5137
 5. FineAgg                        - Score: 0.4735
 6. Superplasticizer               - Score: 0.4554
 7. Slag                           - Score: 0.1404
 8. FlyAsh                         - Score: 0.0870
================================================================================

Features Ranked by Differentiation Strength:
================================================================================
 1. Age                            - Score: 1.0000
 2. Superplasticizer               - Score: 0.7230
 3. CoarseAgg                      - Score: 0.6484
 4. Water                          - Score: 0.6076
 5. FineAgg                        - Score: 0.5932
 6. Cement                         - Score: 0.4061
 7. Slag                           - Score: 0.2548
 8. FlyAsh                         - Score: 0.2039
================================================================================
  Automatically selected 4 Gaussians for Age (label 0)
  Automatically selected 4 Gaussians for Age (label 2)
  Automatically selected 4 Gaussians for Age (label 1)
  Automatically selected 2 Gaussians for Superplasticizer (label 0)
  Automatically selected 3 Gaussians for Superplasticizer (label 2)
  Automatically selected 2 Gaussians for Superplasticizer (label 1)
  Automatically selected 1 Gaussians for CoarseAgg (label 0)
  Automatically selected 2 Gaussians for CoarseAgg (label 2)
  Automatically selected 1 Gaussians for CoarseAgg (label 1)
  Automatically selected 4 Gaussians for Water (label 0)
  Automatically selected 1 Gaussians for Water (label 2)
  Automatically selected 1 Gaussians for Water (label 1)
  Automatically selected 1 Gaussians for FineAgg (label 0)
  Automatically selected 1 Gaussians for FineAgg (label 2)
  Automatically selected 1 Gaussians for FineAgg (label 1)
  Automatically selected 1 Gaussians for Cement (label 0)
  Automatically selected 2 Gaussians for Cement (label 2)
  Automatically selected 2 Gaussians for Cement (label 1)
  Automatically selected 4 Gaussians for Slag (label 0)
  Automatically selected 3 Gaussians for Slag (label 2)
  Automatically selected 3 Gaussians for Slag (label 1)
  Automatically selected 2 Gaussians for FlyAsh (label 0)
  Automatically selected 2 Gaussians for FlyAsh (label 2)
  Automatically selected 2 Gaussians for FlyAsh (label 1)

Features Ranked by Differentiation Strength:
================================================================================
 1. Slag                           - Score: 1.0000
 2. CoarseAgg                      - Score: 0.3846
 3. Cement                         - Score: 0.3246
 4. Superplasticizer               - Score: 0.3207
 5. Water                          - Score: 0.3077
 6. FineAgg                        - Score: 0.2783
 7. FlyAsh                         - Score: 0.1629
 8. Age                            - Score: 0.0000
================================================================================
  Automatically selected 3 Gaussians for Slag (label 0)
  Automatically selected 2 Gaussians for Slag (label 2)
  Automatically selected 1 Gaussians for Slag (label 1)
  Automatically selected 1 Gaussians for CoarseAgg (label 0)
  Automatically selected 2 Gaussians for CoarseAgg (label 2)
  Automatically selected 1 Gaussians for CoarseAgg (label 1)
  Automatically selected 3 Gaussians for Cement (label 0)
  Automatically selected 2 Gaussians for Cement (label 2)
  Automatically selected 2 Gaussians for Cement (label 1)
  Automatically selected 3 Gaussians for Superplasticizer (label 0)
  Automatically selected 1 Gaussians for Superplasticizer (label 2)
  Automatically selected 2 Gaussians for Superplasticizer (label 1)
  Automatically selected 3 Gaussians for Water (label 0)
  Automatically selected 4 Gaussians for Water (label 2)
  Automatically selected 1 Gaussians for Water (label 1)
  Automatically selected 2 Gaussians for FineAgg (label 0)
  Automatically selected 2 Gaussians for FineAgg (label 2)
  Automatically selected 1 Gaussians for FineAgg (label 1)
  Automatically selected 3 Gaussians for FlyAsh (label 0)
  Automatically selected 2 Gaussians for FlyAsh (label 2)
  Automatically selected 4 Gaussians for FlyAsh (label 1)

Features Ranked by Differentiation Strength:
================================================================================
 1. Age                            - Score: 1.0000
 2. Cement                         - Score: 0.9469
 3. CoarseAgg                      - Score: 0.8410
 4. FineAgg                        - Score: 0.5426
 5. Water                          - Score: 0.5150
 6. Slag                           - Score: 0.3811
 7. Superplasticizer               - Score: 0.2040
 8. FlyAsh                         - Score: 0.1248
================================================================================
  Automatically selected 4 Gaussians for Age (label 1)
  Automatically selected 2 Gaussians for Age (label 0)
  Automatically selected 4 Gaussians for Age (label 2)
  Automatically selected 1 Gaussians for Cement (label 1)
  Automatically selected 3 Gaussians for Cement (label 0)
  Automatically selected 1 Gaussians for Cement (label 2)
  Automatically selected 2 Gaussians for CoarseAgg (label 1)
  Automatically selected 1 Gaussians for CoarseAgg (label 0)
  Automatically selected 3 Gaussians for CoarseAgg (label 2)
  Automatically selected 1 Gaussians for FineAgg (label 1)
  Automatically selected 1 Gaussians for FineAgg (label 0)
  Automatically selected 2 Gaussians for FineAgg (label 2)
  Automatically selected 4 Gaussians for Water (label 1)
  Automatically selected 1 Gaussians for Water (label 0)
  Automatically selected 3 Gaussians for Water (label 2)
  Automatically selected 3 Gaussians for Slag (label 1)
  Automatically selected 3 Gaussians for Slag (label 0)
  Automatically selected 4 Gaussians for Slag (label 2)
  Automatically selected 2 Gaussians for Superplasticizer (label 1)
  Automatically selected 2 Gaussians for Superplasticizer (label 0)
  Automatically selected 2 Gaussians for Superplasticizer (label 2)
  Automatically selected 2 Gaussians for FlyAsh (label 1)
  Automatically selected 3 Gaussians for FlyAsh (label 0)
  Automatically selected 2 Gaussians for FlyAsh (label 2)

Features Ranked by Differentiation Strength:
================================================================================
 1. Water                          - Score: 1.0000
 2. FineAgg                        - Score: 0.6841
 3. Superplasticizer               - Score: 0.6730
 4. Cement                         - Score: 0.5831
 5. CoarseAgg                      - Score: 0.5647
 6. FlyAsh                         - Score: 0.3536
 7. Slag                           - Score: 0.2953
 8. Age                            - Score: 0.2005
================================================================================
  Automatically selected 4 Gaussians for Water (label 0)
  Automatically selected 4 Gaussians for Water (label 1)
  Automatically selected 4 Gaussians for Water (label 2)
  Automatically selected 3 Gaussians for FineAgg (label 0)
  Automatically selected 1 Gaussians for FineAgg (label 1)
  Automatically selected 3 Gaussians for FineAgg (label 2)
  Automatically selected 2 Gaussians for Superplasticizer (label 0)
  Automatically selected 3 Gaussians for Superplasticizer (label 1)
  Automatically selected 2 Gaussians for Superplasticizer (label 2)
  Automatically selected 1 Gaussians for Cement (label 0)
  Automatically selected 1 Gaussians for Cement (label 1)
  Automatically selected 2 Gaussians for Cement (label 2)
  Automatically selected 4 Gaussians for CoarseAgg (label 0)
  Automatically selected 1 Gaussians for CoarseAgg (label 1)
  Automatically selected 4 Gaussians for CoarseAgg (label 2)
  Automatically selected 3 Gaussians for FlyAsh (label 0)
  Automatically selected 4 Gaussians for FlyAsh (label 1)
  Automatically selected 4 Gaussians for FlyAsh (label 2)
  Automatically selected 2 Gaussians for Slag (label 0)
  Automatically selected 4 Gaussians for Slag (label 1)
  Automatically selected 2 Gaussians for Slag (label 2)
  Automatically selected 4 Gaussians for Age (label 0)
  Automatically selected 4 Gaussians for Age (label 1)
  Automatically selected 4 Gaussians for Age (label 2)

Features Ranked by Differentiation Strength:
================================================================================
 1. Cement                         - Score: 1.0000
 2. Age                            - Score: 0.9125
 3. FineAgg                        - Score: 0.7108
 4. CoarseAgg                      - Score: 0.5670
 5. Water                          - Score: 0.5366
 6. Superplasticizer               - Score: 0.3841
 7. Slag                           - Score: 0.3826
 8. FlyAsh                         - Score: 0.0707
================================================================================
  Automatically selected 1 Gaussians for Cement (label 1)
  Automatically selected 3 Gaussians for Cement (label 0)
  Automatically selected 2 Gaussians for Cement (label 2)
  Automatically selected 4 Gaussians for Age (label 1)
  Automatically selected 4 Gaussians for Age (label 0)
  Automatically selected 4 Gaussians for Age (label 2)
  Automatically selected 1 Gaussians for FineAgg (label 1)
  Automatically selected 3 Gaussians for FineAgg (label 0)
  Automatically selected 3 Gaussians for FineAgg (label 2)
  Automatically selected 1 Gaussians for CoarseAgg (label 1)
  Automatically selected 2 Gaussians for CoarseAgg (label 0)
  Automatically selected 4 Gaussians for CoarseAgg (label 2)
  Automatically selected 3 Gaussians for Water (label 1)
  Automatically selected 2 Gaussians for Water (label 0)
  Automatically selected 1 Gaussians for Water (label 2)
  Automatically selected 3 Gaussians for Superplasticizer (label 1)
  Automatically selected 2 Gaussians for Superplasticizer (label 0)
  Automatically selected 4 Gaussians for Superplasticizer (label 2)
  Automatically selected 2 Gaussians for Slag (label 1)
  Automatically selected 2 Gaussians for Slag (label 0)
  Automatically selected 2 Gaussians for Slag (label 2)
  Automatically selected 4 Gaussians for FlyAsh (label 1)
  Automatically selected 4 Gaussians for FlyAsh (label 0)
  Automatically selected 2 Gaussians for FlyAsh (label 2)

Features Ranked by Differentiation Strength:
================================================================================
 1. Age                            - Score: 1.0000
 2. Cement                         - Score: 0.8813
 3. Superplasticizer               - Score: 0.6899
 4. Water                          - Score: 0.6360
 5. CoarseAgg                      - Score: 0.4678
 6. FineAgg                        - Score: 0.4362
 7. Slag                           - Score: 0.2604
 8. FlyAsh                         - Score: 0.0994
================================================================================
  Automatically selected 4 Gaussians for Age (label 0)
  Automatically selected 4 Gaussians for Age (label 2)
  Automatically selected 2 Gaussians for Age (label 1)
  Automatically selected 2 Gaussians for Cement (label 0)
  Automatically selected 3 Gaussians for Cement (label 2)
  Automatically selected 2 Gaussians for Cement (label 1)
  Automatically selected 2 Gaussians for Superplasticizer (label 0)
  Automatically selected 4 Gaussians for Superplasticizer (label 2)
  Automatically selected 4 Gaussians for Superplasticizer (label 1)
  Automatically selected 1 Gaussians for Water (label 0)
  Automatically selected 4 Gaussians for Water (label 2)
  Automatically selected 4 Gaussians for Water (label 1)
  Automatically selected 1 Gaussians for CoarseAgg (label 0)
  Automatically selected 3 Gaussians for CoarseAgg (label 2)
  Automatically selected 1 Gaussians for CoarseAgg (label 1)
  Automatically selected 1 Gaussians for FineAgg (label 0)
  Automatically selected 4 Gaussians for FineAgg (label 2)
  Automatically selected 1 Gaussians for FineAgg (label 1)
  Automatically selected 2 Gaussians for Slag (label 0)
  Automatically selected 4 Gaussians for Slag (label 2)
  Automatically selected 3 Gaussians for Slag (label 1)
  Automatically selected 4 Gaussians for FlyAsh (label 0)
  Automatically selected 2 Gaussians for FlyAsh (label 2)
  Automatically selected 3 Gaussians for FlyAsh (label 1)

Features Ranked by Differentiation Strength:
================================================================================
 1. Water                          - Score: 1.0000
 2. Cement                         - Score: 0.9280
 3. FineAgg                        - Score: 0.6896
 4. Superplasticizer               - Score: 0.4855
 5. CoarseAgg                      - Score: 0.2954
 6. FlyAsh                         - Score: 0.2568
 7. Age                            - Score: 0.2500
 8. Slag                           - Score: 0.1423
================================================================================
  Automatically selected 4 Gaussians for Water (label 0)
  Automatically selected 3 Gaussians for Water (label 1)
  Automatically selected 4 Gaussians for Water (label 2)
  Automatically selected 2 Gaussians for Cement (label 0)
  Automatically selected 3 Gaussians for Cement (label 1)
  Automatically selected 3 Gaussians for Cement (label 2)
  Automatically selected 2 Gaussians for FineAgg (label 0)
  Automatically selected 2 Gaussians for FineAgg (label 1)
  Automatically selected 3 Gaussians for FineAgg (label 2)
  Automatically selected 3 Gaussians for Superplasticizer (label 0)
  Automatically selected 3 Gaussians for Superplasticizer (label 1)
  Automatically selected 4 Gaussians for Superplasticizer (label 2)
  Automatically selected 3 Gaussians for CoarseAgg (label 0)
  Automatically selected 4 Gaussians for CoarseAgg (label 1)
  Automatically selected 3 Gaussians for CoarseAgg (label 2)
  Automatically selected 4 Gaussians for FlyAsh (label 0)
  Automatically selected 3 Gaussians for FlyAsh (label 1)
  Automatically selected 2 Gaussians for FlyAsh (label 2)
  Automatically selected 4 Gaussians for Age (label 0)
  Automatically selected 2 Gaussians for Age (label 1)
  Automatically selected 2 Gaussians for Age (label 2)
  Automatically selected 1 Gaussians for Slag (label 0)
  Automatically selected 3 Gaussians for Slag (label 1)
  Automatically selected 2 Gaussians for Slag (label 2)

Features Ranked by Differentiation Strength:
================================================================================
 1. Water                          - Score: 1.0000
 2. Cement                         - Score: 0.8937
 3. Superplasticizer               - Score: 0.8813
 4. FineAgg                        - Score: 0.7375
 5. Slag                           - Score: 0.4691
 6. CoarseAgg                      - Score: 0.3672
 7. Age                            - Score: 0.2493
 8. FlyAsh                         - Score: 0.1029
================================================================================
  Automatically selected 3 Gaussians for Water (label 0)
  Automatically selected 4 Gaussians for Water (label 2)
  Automatically selected 2 Gaussians for Water (label 1)
  Automatically selected 4 Gaussians for Cement (label 0)
  Automatically selected 4 Gaussians for Cement (label 2)
  Automatically selected 1 Gaussians for Cement (label 1)
  Automatically selected 2 Gaussians for Superplasticizer (label 0)
  Automatically selected 4 Gaussians for Superplasticizer (label 2)
  Automatically selected 2 Gaussians for Superplasticizer (label 1)
  Automatically selected 3 Gaussians for FineAgg (label 0)
  Automatically selected 3 Gaussians for FineAgg (label 2)
  Automatically selected 4 Gaussians for FineAgg (label 1)
  Automatically selected 4 Gaussians for Slag (label 0)
  Automatically selected 4 Gaussians for Slag (label 2)
  Automatically selected 2 Gaussians for Slag (label 1)
  Automatically selected 1 Gaussians for CoarseAgg (label 0)
  Automatically selected 4 Gaussians for CoarseAgg (label 2)
  Automatically selected 4 Gaussians for CoarseAgg (label 1)
  Automatically selected 4 Gaussians for Age (label 0)
  Automatically selected 4 Gaussians for Age (label 2)
  Automatically selected 4 Gaussians for Age (label 1)
  Automatically selected 3 Gaussians for FlyAsh (label 0)
  Automatically selected 4 Gaussians for FlyAsh (label 2)
  Automatically selected 2 Gaussians for FlyAsh (label 1)

Features Ranked by Differentiation Strength:
================================================================================
 1. Age                            - Score: 1.0000
 2. Cement                         - Score: 0.8880
 3. Water                          - Score: 0.6594
 4. CoarseAgg                      - Score: 0.5137
 5. FineAgg                        - Score: 0.4735
 6. Superplasticizer               - Score: 0.4554
 7. Slag                           - Score: 0.1404
 8. FlyAsh                         - Score: 0.0870
================================================================================

Features Ranked by Differentiation Strength:
================================================================================
 1. Age                            - Score: 1.0000
 2. FineAgg                        - Score: 0.3679
 3. CoarseAgg                      - Score: 0.3635
 4. Water                          - Score: 0.3556
 5. Superplasticizer               - Score: 0.3330
 6. Cement                         - Score: 0.2900
 7. Slag                           - Score: 0.1566
 8. FlyAsh                         - Score: 0.0995
================================================================================
  Automatically selected 4 Gaussians for Age (label 1)
  Automatically selected 4 Gaussians for Age (label 2)
  Automatically selected 4 Gaussians for Age (label 0)
  Automatically selected 1 Gaussians for FineAgg (label 1)
  Automatically selected 3 Gaussians for FineAgg (label 2)
  Automatically selected 1 Gaussians for FineAgg (label 0)
  Automatically selected 4 Gaussians for CoarseAgg (label 1)
  Automatically selected 4 Gaussians for CoarseAgg (label 2)
  Automatically selected 1 Gaussians for CoarseAgg (label 0)
  Automatically selected 1 Gaussians for Water (label 1)
  Automatically selected 1 Gaussians for Water (label 2)
  Automatically selected 4 Gaussians for Water (label 0)
  Automatically selected 2 Gaussians for Superplasticizer (label 1)
  Automatically selected 2 Gaussians for Superplasticizer (label 2)
  Automatically selected 2 Gaussians for Superplasticizer (label 0)
  Automatically selected 2 Gaussians for Cement (label 1)
  Automatically selected 3 Gaussians for Cement (label 2)
  Automatically selected 3 Gaussians for Cement (label 0)
  Automatically selected 3 Gaussians for Slag (label 1)
  Automatically selected 4 Gaussians for Slag (label 2)
  Automatically selected 3 Gaussians for Slag (label 0)
  Automatically selected 2 Gaussians for FlyAsh (label 1)
  Automatically selected 2 Gaussians for FlyAsh (label 2)
  Automatically selected 2 Gaussians for FlyAsh (label 0)

Features Ranked by Differentiation Strength:
================================================================================
 1. Cement                         - Score: 1.0000
 2. Age                            - Score: 0.7457
 3. FineAgg                        - Score: 0.5358
 4. Water                          - Score: 0.5205
 5. CoarseAgg                      - Score: 0.5014
 6. Superplasticizer               - Score: 0.2259
 7. FlyAsh                         - Score: 0.1361
 8. Slag                           - Score: 0.1108
================================================================================
  Automatically selected 2 Gaussians for Cement (label 0)
  Automatically selected 2 Gaussians for Cement (label 1)
  Automatically selected 3 Gaussians for Cement (label 2)
  Automatically selected 3 Gaussians for Age (label 0)
  Automatically selected 2 Gaussians for Age (label 1)
  Automatically selected 4 Gaussians for Age (label 2)
  Automatically selected 1 Gaussians for FineAgg (label 0)
  Automatically selected 1 Gaussians for FineAgg (label 1)
  Automatically selected 3 Gaussians for FineAgg (label 2)
  Automatically selected 2 Gaussians for Water (label 0)
  Automatically selected 3 Gaussians for Water (label 1)
  Automatically selected 3 Gaussians for Water (label 2)
  Automatically selected 1 Gaussians for CoarseAgg (label 0)
  Automatically selected 3 Gaussians for CoarseAgg (label 1)
  Automatically selected 4 Gaussians for CoarseAgg (label 2)
  Automatically selected 2 Gaussians for Superplasticizer (label 0)
  Automatically selected 2 Gaussians for Superplasticizer (label 1)
  Automatically selected 2 Gaussians for Superplasticizer (label 2)
  Automatically selected 3 Gaussians for FlyAsh (label 0)
  Automatically selected 4 Gaussians for FlyAsh (label 1)
  Automatically selected 4 Gaussians for FlyAsh (label 2)
  Automatically selected 4 Gaussians for Slag (label 0)
  Automatically selected 4 Gaussians for Slag (label 1)
  Automatically selected 3 Gaussians for Slag (label 2)

Features Ranked by Differentiation Strength:
================================================================================
 1. Age                            - Score: 1.0000
 2. Cement                         - Score: 0.9203
 3. CoarseAgg                      - Score: 0.6680
 4. Water                          - Score: 0.6593
 5. Superplasticizer               - Score: 0.5671
 6. FineAgg                        - Score: 0.5016
 7. Slag                           - Score: 0.2561
 8. FlyAsh                         - Score: 0.0861
================================================================================
  Automatically selected 4 Gaussians for Age (label 1)
  Automatically selected 4 Gaussians for Age (label 0)
  Automatically selected 4 Gaussians for Age (label 2)
  Automatically selected 2 Gaussians for Cement (label 1)
  Automatically selected 2 Gaussians for Cement (label 0)
  Automatically selected 2 Gaussians for Cement (label 2)
  Automatically selected 1 Gaussians for CoarseAgg (label 1)
  Automatically selected 2 Gaussians for CoarseAgg (label 0)
  Automatically selected 4 Gaussians for CoarseAgg (label 2)
  Automatically selected 1 Gaussians for Water (label 1)
  Automatically selected 3 Gaussians for Water (label 0)
  Automatically selected 1 Gaussians for Water (label 2)
  Automatically selected 3 Gaussians for Superplasticizer (label 1)
  Automatically selected 2 Gaussians for Superplasticizer (label 0)
  Automatically selected 3 Gaussians for Superplasticizer (label 2)
  Automatically selected 2 Gaussians for FineAgg (label 1)
  Automatically selected 1 Gaussians for FineAgg (label 0)
  Automatically selected 1 Gaussians for FineAgg (label 2)
  Automatically selected 4 Gaussians for Slag (label 1)
  Automatically selected 3 Gaussians for Slag (label 0)
  Automatically selected 4 Gaussians for Slag (label 2)
  Automatically selected 2 Gaussians for FlyAsh (label 1)
  Automatically selected 2 Gaussians for FlyAsh (label 0)
  Automatically selected 2 Gaussians for FlyAsh (label 2)

Features Ranked by Differentiation Strength:
================================================================================
 1. Cement                         - Score: 1.0000
 2. Water                          - Score: 0.9903
 3. Superplasticizer               - Score: 0.7346
 4. CoarseAgg                      - Score: 0.5438
 5. FineAgg                        - Score: 0.4583
 6. Slag                           - Score: 0.4262
 7. Age                            - Score: 0.1753
 8. FlyAsh                         - Score: 0.0858
================================================================================
  Automatically selected 2 Gaussians for Cement (label 0)
  Automatically selected 1 Gaussians for Cement (label 2)
  Automatically selected 2 Gaussians for Cement (label 1)
  Automatically selected 4 Gaussians for Water (label 0)
  Automatically selected 3 Gaussians for Water (label 2)
  Automatically selected 4 Gaussians for Water (label 1)
  Automatically selected 2 Gaussians for Superplasticizer (label 0)
  Automatically selected 3 Gaussians for Superplasticizer (label 2)
  Automatically selected 2 Gaussians for Superplasticizer (label 1)
  Automatically selected 3 Gaussians for CoarseAgg (label 0)
  Automatically selected 4 Gaussians for CoarseAgg (label 2)
  Automatically selected 1 Gaussians for CoarseAgg (label 1)
  Automatically selected 3 Gaussians for FineAgg (label 0)
  Automatically selected 4 Gaussians for FineAgg (label 2)
  Automatically selected 3 Gaussians for FineAgg (label 1)
  Automatically selected 2 Gaussians for Slag (label 0)
  Automatically selected 3 Gaussians for Slag (label 2)
  Automatically selected 3 Gaussians for Slag (label 1)
  Automatically selected 3 Gaussians for Age (label 0)
  Automatically selected 3 Gaussians for Age (label 2)
  Automatically selected 4 Gaussians for Age (label 1)
  Automatically selected 2 Gaussians for FlyAsh (label 0)
  Automatically selected 4 Gaussians for FlyAsh (label 2)
  Automatically selected 3 Gaussians for FlyAsh (label 1)

Features Ranked by Differentiation Strength:
================================================================================
 1. Cement                         - Score: 1.0000
 2. Age                            - Score: 0.9832
 3. Water                          - Score: 0.6703
 4. FineAgg                        - Score: 0.5655
 5. CoarseAgg                      - Score: 0.4899
 6. Superplasticizer               - Score: 0.4454
 7. Slag                           - Score: 0.1462
 8. FlyAsh                         - Score: 0.1022
================================================================================

Features Ranked by Differentiation Strength:
================================================================================
 1. Cement                         - Score: 1.0000
 2. Age                            - Score: 0.9832
 3. Water                          - Score: 0.6703
 4. FineAgg                        - Score: 0.5655
 5. CoarseAgg                      - Score: 0.4899
 6. Superplasticizer               - Score: 0.4454
 7. Slag                           - Score: 0.1462
 8. FlyAsh                         - Score: 0.1022
================================================================================

Features Ranked by Differentiation Strength:
================================================================================
 1. Cement                         - Score: 1.0000
 2. Age                            - Score: 0.9832
 3. Water                          - Score: 0.6703
 4. FineAgg                        - Score: 0.5655
 5. CoarseAgg                      - Score: 0.4899
 6. Superplasticizer               - Score: 0.4454
 7. Slag                           - Score: 0.1462
 8. FlyAsh                         - Score: 0.1022
================================================================================

Features Ranked by Differentiation Strength:
================================================================================
 1. Age                            - Score: 1.0000
 2. FineAgg                        - Score: 0.8020
 3. Superplasticizer               - Score: 0.7175
 4. CoarseAgg                      - Score: 0.6908
 5. Water                          - Score: 0.6654
 6. Cement                         - Score: 0.4924
 7. Slag                           - Score: 0.4371
 8. FlyAsh                         - Score: 0.1727
================================================================================
  Automatically selected 4 Gaussians for Age (label 2)
  Automatically selected 4 Gaussians for Age (label 0)
  Automatically selected 4 Gaussians for Age (label 1)
  Automatically selected 1 Gaussians for FineAgg (label 2)
  Automatically selected 1 Gaussians for FineAgg (label 0)
  Automatically selected 1 Gaussians for FineAgg (label 1)
  Automatically selected 2 Gaussians for Superplasticizer (label 2)
  Automatically selected 2 Gaussians for Superplasticizer (label 0)
  Automatically selected 2 Gaussians for Superplasticizer (label 1)
  Automatically selected 4 Gaussians for CoarseAgg (label 2)
  Automatically selected 1 Gaussians for CoarseAgg (label 0)
  Automatically selected 1 Gaussians for CoarseAgg (label 1)
  Automatically selected 1 Gaussians for Water (label 2)
  Automatically selected 3 Gaussians for Water (label 0)
  Automatically selected 1 Gaussians for Water (label 1)
  Automatically selected 2 Gaussians for Cement (label 2)
  Automatically selected 1 Gaussians for Cement (label 0)
  Automatically selected 2 Gaussians for Cement (label 1)
  Automatically selected 3 Gaussians for Slag (label 2)
  Automatically selected 3 Gaussians for Slag (label 0)
  Automatically selected 3 Gaussians for Slag (label 1)
  Automatically selected 2 Gaussians for FlyAsh (label 2)
  Automatically selected 2 Gaussians for FlyAsh (label 0)
  Automatically selected 2 Gaussians for FlyAsh (label 1)

Features Ranked by Differentiation Strength:
================================================================================
 1. Slag                           - Score: 1.0000
 2. FineAgg                        - Score: 0.3847
 3. Water                          - Score: 0.3840
 4. Cement                         - Score: 0.3697
 5. CoarseAgg                      - Score: 0.3689
 6. Superplasticizer               - Score: 0.3253
 7. FlyAsh                         - Score: 0.1892
 8. Age                            - Score: 0.0000
================================================================================
  Automatically selected 4 Gaussians for Slag (label 2)
  Automatically selected 2 Gaussians for Slag (label 1)
  Automatically selected 3 Gaussians for Slag (label 0)
  Automatically selected 1 Gaussians for FineAgg (label 2)
  Automatically selected 1 Gaussians for FineAgg (label 1)
  Automatically selected 4 Gaussians for FineAgg (label 0)
  Automatically selected 2 Gaussians for Water (label 2)
  Automatically selected 1 Gaussians for Water (label 1)
  Automatically selected 4 Gaussians for Water (label 0)
  Automatically selected 1 Gaussians for Cement (label 2)
  Automatically selected 1 Gaussians for Cement (label 1)
  Automatically selected 2 Gaussians for Cement (label 0)
  Automatically selected 2 Gaussians for CoarseAgg (label 2)
  Automatically selected 1 Gaussians for CoarseAgg (label 1)
  Automatically selected 1 Gaussians for CoarseAgg (label 0)
  Automatically selected 4 Gaussians for Superplasticizer (label 2)
  Automatically selected 2 Gaussians for Superplasticizer (label 1)
  Automatically selected 3 Gaussians for Superplasticizer (label 0)
  Automatically selected 2 Gaussians for FlyAsh (label 2)
  Automatically selected 4 Gaussians for FlyAsh (label 1)
  Automatically selected 3 Gaussians for FlyAsh (label 0)

Features Ranked by Differentiation Strength:
================================================================================
 1. Cement                         - Score: 1.0000
 2. Age                            - Score: 0.8858
 3. CoarseAgg                      - Score: 0.6191
 4. Water                          - Score: 0.5667
 5. FineAgg                        - Score: 0.4211
 6. Slag                           - Score: 0.2823
 7. Superplasticizer               - Score: 0.1730
 8. FlyAsh                         - Score: 0.1413
================================================================================
  Automatically selected 1 Gaussians for Cement (label 1)
  Automatically selected 3 Gaussians for Cement (label 0)
  Automatically selected 1 Gaussians for Cement (label 2)
  Automatically selected 4 Gaussians for Age (label 1)
  Automatically selected 2 Gaussians for Age (label 0)
  Automatically selected 4 Gaussians for Age (label 2)
  Automatically selected 1 Gaussians for CoarseAgg (label 1)
  Automatically selected 1 Gaussians for CoarseAgg (label 0)
  Automatically selected 4 Gaussians for CoarseAgg (label 2)
  Automatically selected 1 Gaussians for Water (label 1)
  Automatically selected 4 Gaussians for Water (label 0)
  Automatically selected 3 Gaussians for Water (label 2)
  Automatically selected 1 Gaussians for FineAgg (label 1)
  Automatically selected 1 Gaussians for FineAgg (label 0)
  Automatically selected 3 Gaussians for FineAgg (label 2)
  Automatically selected 4 Gaussians for Slag (label 1)
  Automatically selected 3 Gaussians for Slag (label 0)
  Automatically selected 2 Gaussians for Slag (label 2)
  Automatically selected 2 Gaussians for Superplasticizer (label 1)
  Automatically selected 2 Gaussians for Superplasticizer (label 0)
  Automatically selected 2 Gaussians for Superplasticizer (label 2)
  Automatically selected 2 Gaussians for FlyAsh (label 1)
  Automatically selected 3 Gaussians for FlyAsh (label 0)
  Automatically selected 4 Gaussians for FlyAsh (label 2)

Features Ranked by Differentiation Strength:
================================================================================
 1. Water                          - Score: 1.0000
 2. Cement                         - Score: 0.7411
 3. FineAgg                        - Score: 0.7223
 4. CoarseAgg                      - Score: 0.6255
 5. Superplasticizer               - Score: 0.5165
 6. Slag                           - Score: 0.3693
 7. Age                            - Score: 0.3248
 8. FlyAsh                         - Score: 0.2539
================================================================================
  Automatically selected 4 Gaussians for Water (label 1)
  Automatically selected 2 Gaussians for Water (label 0)
  Automatically selected 3 Gaussians for Water (label 2)
  Automatically selected 3 Gaussians for Cement (label 1)
  Automatically selected 3 Gaussians for Cement (label 0)
  Automatically selected 4 Gaussians for Cement (label 2)
  Automatically selected 2 Gaussians for FineAgg (label 1)
  Automatically selected 1 Gaussians for FineAgg (label 0)
  Automatically selected 3 Gaussians for FineAgg (label 2)
  Automatically selected 1 Gaussians for CoarseAgg (label 1)
  Automatically selected 3 Gaussians for CoarseAgg (label 0)
  Automatically selected 2 Gaussians for CoarseAgg (label 2)
  Automatically selected 2 Gaussians for Superplasticizer (label 1)
  Automatically selected 3 Gaussians for Superplasticizer (label 0)
  Automatically selected 2 Gaussians for Superplasticizer (label 2)
  Automatically selected 4 Gaussians for Slag (label 1)
  Automatically selected 3 Gaussians for Slag (label 0)
  Automatically selected 4 Gaussians for Slag (label 2)
  Automatically selected 4 Gaussians for Age (label 1)
  Automatically selected 4 Gaussians for Age (label 0)
  Automatically selected 4 Gaussians for Age (label 2)
  Automatically selected 4 Gaussians for FlyAsh (label 1)
  Automatically selected 2 Gaussians for FlyAsh (label 0)
  Automatically selected 4 Gaussians for FlyAsh (label 2)

Features Ranked by Differentiation Strength:
================================================================================
 1. Age                            - Score: 1.0000
 2. CoarseAgg                      - Score: 0.2445
 3. FineAgg                        - Score: 0.2319
 4. Water                          - Score: 0.2259
 5. Superplasticizer               - Score: 0.1854
 6. FlyAsh                         - Score: 0.1608
 7. Cement                         - Score: 0.1460
 8. Slag                           - Score: 0.0000
================================================================================
  Automatically selected 4 Gaussians for Age (label 2)
  Automatically selected 4 Gaussians for Age (label 0)
  Automatically selected 4 Gaussians for Age (label 1)
  Automatically selected 2 Gaussians for CoarseAgg (label 2)
  Automatically selected 2 Gaussians for CoarseAgg (label 0)
  Automatically selected 4 Gaussians for CoarseAgg (label 1)
  Automatically selected 4 Gaussians for FineAgg (label 2)
  Automatically selected 2 Gaussians for FineAgg (label 0)
  Automatically selected 2 Gaussians for FineAgg (label 1)
  Automatically selected 3 Gaussians for Water (label 2)
  Automatically selected 2 Gaussians for Water (label 0)
  Automatically selected 2 Gaussians for Water (label 1)
  Automatically selected 2 Gaussians for Superplasticizer (label 2)
  Automatically selected 2 Gaussians for Superplasticizer (label 0)
  Automatically selected 2 Gaussians for Superplasticizer (label 1)
  Automatically selected 4 Gaussians for FlyAsh (label 2)
  Automatically selected 4 Gaussians for FlyAsh (label 0)
  Automatically selected 4 Gaussians for FlyAsh (label 1)
  Automatically selected 3 Gaussians for Cement (label 2)
  Automatically selected 2 Gaussians for Cement (label 0)
  Automatically selected 1 Gaussians for Cement (label 1)

Features Ranked by Differentiation Strength:
================================================================================
 1. Cement                         - Score: 1.0000
 2. Age                            - Score: 0.8404
 3. Water                          - Score: 0.7938
 4. FineAgg                        - Score: 0.7511
 5. CoarseAgg                      - Score: 0.4752
 6. Superplasticizer               - Score: 0.4701
 7. Slag                           - Score: 0.3952
 8. FlyAsh                         - Score: 0.2898
================================================================================
  Automatically selected 2 Gaussians for Cement (label 1)
  Automatically selected 4 Gaussians for Cement (label 0)
  Automatically selected 4 Gaussians for Cement (label 2)
  Automatically selected 4 Gaussians for Age (label 1)
  Automatically selected 3 Gaussians for Age (label 0)
  Automatically selected 3 Gaussians for Age (label 2)
  Automatically selected 2 Gaussians for Water (label 1)
  Automatically selected 4 Gaussians for Water (label 0)
  Automatically selected 3 Gaussians for Water (label 2)
  Automatically selected 2 Gaussians for FineAgg (label 1)
  Automatically selected 3 Gaussians for FineAgg (label 0)
  Automatically selected 3 Gaussians for FineAgg (label 2)
  Automatically selected 4 Gaussians for CoarseAgg (label 1)
  Automatically selected 1 Gaussians for CoarseAgg (label 0)
  Automatically selected 2 Gaussians for CoarseAgg (label 2)
  Automatically selected 4 Gaussians for Superplasticizer (label 1)
  Automatically selected 4 Gaussians for Superplasticizer (label 0)
  Automatically selected 3 Gaussians for Superplasticizer (label 2)
  Automatically selected 3 Gaussians for Slag (label 1)
  Automatically selected 3 Gaussians for Slag (label 0)
  Automatically selected 3 Gaussians for Slag (label 2)
  Automatically selected 2 Gaussians for FlyAsh (label 1)
  Automatically selected 2 Gaussians for FlyAsh (label 0)
  Automatically selected 2 Gaussians for FlyAsh (label 2)

Features Ranked by Differentiation Strength:
================================================================================
 1. Age                            - Score: 1.0000
 2. Cement                         - Score: 0.9527
 3. Superplasticizer               - Score: 0.7683
 4. Water                          - Score: 0.7366
 5. FineAgg                        - Score: 0.4079
 6. Slag                           - Score: 0.3683
 7. CoarseAgg                      - Score: 0.3636
 8. FlyAsh                         - Score: 0.1295
================================================================================
  Automatically selected 4 Gaussians for Age (label 2)
  Automatically selected 4 Gaussians for Age (label 1)
  Automatically selected 3 Gaussians for Age (label 0)
  Automatically selected 1 Gaussians for Cement (label 2)
  Automatically selected 2 Gaussians for Cement (label 1)
  Automatically selected 2 Gaussians for Cement (label 0)
  Automatically selected 4 Gaussians for Superplasticizer (label 2)
  Automatically selected 3 Gaussians for Superplasticizer (label 1)
  Automatically selected 2 Gaussians for Superplasticizer (label 0)
  Automatically selected 1 Gaussians for Water (label 2)
  Automatically selected 4 Gaussians for Water (label 1)
  Automatically selected 1 Gaussians for Water (label 0)
  Automatically selected 1 Gaussians for FineAgg (label 2)
  Automatically selected 1 Gaussians for FineAgg (label 1)
  Automatically selected 1 Gaussians for FineAgg (label 0)
  Automatically selected 4 Gaussians for Slag (label 2)
  Automatically selected 2 Gaussians for Slag (label 1)
  Automatically selected 2 Gaussians for Slag (label 0)
  Automatically selected 4 Gaussians for CoarseAgg (label 2)
  Automatically selected 2 Gaussians for CoarseAgg (label 1)
  Automatically selected 4 Gaussians for CoarseAgg (label 0)
  Automatically selected 2 Gaussians for FlyAsh (label 2)
  Automatically selected 3 Gaussians for FlyAsh (label 1)
  Automatically selected 2 Gaussians for FlyAsh (label 0)

Features Ranked by Differentiation Strength:
================================================================================
 1. Water                          - Score: 1.0000
 2. Superplasticizer               - Score: 0.8670
 3. Cement                         - Score: 0.8248
 4. FineAgg                        - Score: 0.6515
 5. Slag                           - Score: 0.6253
 6. CoarseAgg                      - Score: 0.3621
 7. Age                            - Score: 0.2748
 8. FlyAsh                         - Score: 0.0704
================================================================================
  Automatically selected 1 Gaussians for Water (label 2)
  Automatically selected 2 Gaussians for Water (label 0)
  Automatically selected 2 Gaussians for Water (label 1)
  Automatically selected 4 Gaussians for Superplasticizer (label 2)
  Automatically selected 2 Gaussians for Superplasticizer (label 0)
  Automatically selected 2 Gaussians for Superplasticizer (label 1)
  Automatically selected 1 Gaussians for Cement (label 2)
  Automatically selected 2 Gaussians for Cement (label 0)
  Automatically selected 4 Gaussians for Cement (label 1)
  Automatically selected 4 Gaussians for FineAgg (label 2)
  Automatically selected 2 Gaussians for FineAgg (label 0)
  Automatically selected 2 Gaussians for FineAgg (label 1)
  Automatically selected 4 Gaussians for Slag (label 2)
  Automatically selected 3 Gaussians for Slag (label 0)
  Automatically selected 2 Gaussians for Slag (label 1)
  Automatically selected 4 Gaussians for CoarseAgg (label 2)
  Automatically selected 1 Gaussians for CoarseAgg (label 0)
  Automatically selected 4 Gaussians for CoarseAgg (label 1)
  Automatically selected 4 Gaussians for Age (label 2)
  Automatically selected 4 Gaussians for Age (label 0)
  Automatically selected 4 Gaussians for Age (label 1)
  Automatically selected 4 Gaussians for FlyAsh (label 2)
  Automatically selected 2 Gaussians for FlyAsh (label 0)
  Automatically selected 4 Gaussians for FlyAsh (label 1)

Features Ranked by Differentiation Strength:
================================================================================
 1. Cement                         - Score: 1.0000
 2. Age                            - Score: 0.9832
 3. Water                          - Score: 0.6703
 4. FineAgg                        - Score: 0.5655
 5. CoarseAgg                      - Score: 0.4899
 6. Superplasticizer               - Score: 0.4454
 7. Slag                           - Score: 0.1462
 8. FlyAsh                         - Score: 0.1022
================================================================================

Features Ranked by Differentiation Strength:
================================================================================
 1. Age                            - Score: 1.0000
 2. FineAgg                        - Score: 0.4305
 3. CoarseAgg                      - Score: 0.4053
 4. Water                          - Score: 0.4041
 5. Cement                         - Score: 0.3601
 6. Superplasticizer               - Score: 0.3322
 7. Slag                           - Score: 0.1854
 8. FlyAsh                         - Score: 0.0888
================================================================================
  Automatically selected 4 Gaussians for Age (label 2)
  Automatically selected 4 Gaussians for Age (label 1)
  Automatically selected 4 Gaussians for Age (label 0)
  Automatically selected 3 Gaussians for FineAgg (label 2)
  Automatically selected 1 Gaussians for FineAgg (label 1)
  Automatically selected 1 Gaussians for FineAgg (label 0)
  Automatically selected 4 Gaussians for CoarseAgg (label 2)
  Automatically selected 1 Gaussians for CoarseAgg (label 1)
  Automatically selected 1 Gaussians for CoarseAgg (label 0)
  Automatically selected 1 Gaussians for Water (label 2)
  Automatically selected 1 Gaussians for Water (label 1)
  Automatically selected 4 Gaussians for Water (label 0)
  Automatically selected 3 Gaussians for Cement (label 2)
  Automatically selected 2 Gaussians for Cement (label 1)
  Automatically selected 3 Gaussians for Cement (label 0)
  Automatically selected 4 Gaussians for Superplasticizer (label 2)
  Automatically selected 2 Gaussians for Superplasticizer (label 1)
  Automatically selected 2 Gaussians for Superplasticizer (label 0)
  Automatically selected 3 Gaussians for Slag (label 2)
  Automatically selected 3 Gaussians for Slag (label 1)
  Automatically selected 3 Gaussians for Slag (label 0)
  Automatically selected 3 Gaussians for FlyAsh (label 2)
  Automatically selected 3 Gaussians for FlyAsh (label 1)
  Automatically selected 2 Gaussians for FlyAsh (label 0)

Features Ranked by Differentiation Strength:
================================================================================
 1. Cement                         - Score: 1.0000
 2. Age                            - Score: 0.7371
 3. Water                          - Score: 0.5279
 4. FineAgg                        - Score: 0.4956
 5. CoarseAgg                      - Score: 0.4213
 6. Slag                           - Score: 0.1350
 7. Superplasticizer               - Score: 0.1241
 8. FlyAsh                         - Score: 0.1164
================================================================================
  Automatically selected 2 Gaussians for Cement (label 1)
  Automatically selected 2 Gaussians for Cement (label 0)
  Automatically selected 4 Gaussians for Cement (label 2)
  Automatically selected 2 Gaussians for Age (label 1)
  Automatically selected 3 Gaussians for Age (label 0)
  Automatically selected 4 Gaussians for Age (label 2)
  Automatically selected 4 Gaussians for Water (label 1)
  Automatically selected 1 Gaussians for Water (label 0)
  Automatically selected 3 Gaussians for Water (label 2)
  Automatically selected 4 Gaussians for FineAgg (label 1)
  Automatically selected 1 Gaussians for FineAgg (label 0)
  Automatically selected 4 Gaussians for FineAgg (label 2)
  Automatically selected 1 Gaussians for CoarseAgg (label 1)
  Automatically selected 1 Gaussians for CoarseAgg (label 0)
  Automatically selected 1 Gaussians for CoarseAgg (label 2)
  Automatically selected 3 Gaussians for Slag (label 1)
  Automatically selected 3 Gaussians for Slag (label 0)
  Automatically selected 2 Gaussians for Slag (label 2)
  Automatically selected 4 Gaussians for Superplasticizer (label 1)
  Automatically selected 2 Gaussians for Superplasticizer (label 0)
  Automatically selected 2 Gaussians for Superplasticizer (label 2)
  Automatically selected 2 Gaussians for FlyAsh (label 1)
  Automatically selected 3 Gaussians for FlyAsh (label 0)
  Automatically selected 4 Gaussians for FlyAsh (label 2)

Features Ranked by Differentiation Strength:
================================================================================
 1. Age                            - Score: 1.0000
 2. Cement                         - Score: 0.8824
 3. Water                          - Score: 0.7125
 4. Superplasticizer               - Score: 0.6116
 5. CoarseAgg                      - Score: 0.5730
 6. FineAgg                        - Score: 0.4631
 7. Slag                           - Score: 0.2574
 8. FlyAsh                         - Score: 0.0868
================================================================================
  Automatically selected 3 Gaussians for Age (label 2)
  Automatically selected 4 Gaussians for Age (label 1)
  Automatically selected 4 Gaussians for Age (label 0)
  Automatically selected 2 Gaussians for Cement (label 2)
  Automatically selected 2 Gaussians for Cement (label 1)
  Automatically selected 3 Gaussians for Cement (label 0)
  Automatically selected 1 Gaussians for Water (label 2)
  Automatically selected 1 Gaussians for Water (label 1)
  Automatically selected 4 Gaussians for Water (label 0)
  Automatically selected 3 Gaussians for Superplasticizer (label 2)
  Automatically selected 3 Gaussians for Superplasticizer (label 1)
  Automatically selected 2 Gaussians for Superplasticizer (label 0)
  Automatically selected 4 Gaussians for CoarseAgg (label 2)
  Automatically selected 4 Gaussians for CoarseAgg (label 1)
  Automatically selected 2 Gaussians for CoarseAgg (label 0)
  Automatically selected 4 Gaussians for FineAgg (label 2)
  Automatically selected 2 Gaussians for FineAgg (label 1)
  Automatically selected 1 Gaussians for FineAgg (label 0)
  Automatically selected 4 Gaussians for Slag (label 2)
  Automatically selected 3 Gaussians for Slag (label 1)
  Automatically selected 3 Gaussians for Slag (label 0)
  Automatically selected 2 Gaussians for FlyAsh (label 2)
  Automatically selected 2 Gaussians for FlyAsh (label 1)
  Automatically selected 2 Gaussians for FlyAsh (label 0)

Features Ranked by Differentiation Strength:
================================================================================
 1. Water                          - Score: 1.0000
 2. Cement                         - Score: 0.9814
 3. Superplasticizer               - Score: 0.6822
 4. FineAgg                        - Score: 0.5171
 5. CoarseAgg                      - Score: 0.4795
 6. Slag                           - Score: 0.3907
 7. Age                            - Score: 0.1890
 8. FlyAsh                         - Score: 0.0970
================================================================================
  Automatically selected 3 Gaussians for Water (label 2)
  Automatically selected 3 Gaussians for Water (label 0)
  Automatically selected 2 Gaussians for Water (label 1)
  Automatically selected 1 Gaussians for Cement (label 2)
  Automatically selected 1 Gaussians for Cement (label 0)
  Automatically selected 2 Gaussians for Cement (label 1)
  Automatically selected 3 Gaussians for Superplasticizer (label 2)
  Automatically selected 2 Gaussians for Superplasticizer (label 0)
  Automatically selected 2 Gaussians for Superplasticizer (label 1)
  Automatically selected 4 Gaussians for FineAgg (label 2)
  Automatically selected 3 Gaussians for FineAgg (label 0)
  Automatically selected 2 Gaussians for FineAgg (label 1)
  Automatically selected 4 Gaussians for CoarseAgg (label 2)
  Automatically selected 1 Gaussians for CoarseAgg (label 0)
  Automatically selected 4 Gaussians for CoarseAgg (label 1)
  Automatically selected 3 Gaussians for Slag (label 2)
  Automatically selected 4 Gaussians for Slag (label 0)
  Automatically selected 4 Gaussians for Slag (label 1)
  Automatically selected 4 Gaussians for Age (label 2)
  Automatically selected 4 Gaussians for Age (label 0)
  Automatically selected 2 Gaussians for Age (label 1)
  Automatically selected 4 Gaussians for FlyAsh (label 2)
  Automatically selected 2 Gaussians for FlyAsh (label 0)
  Automatically selected 3 Gaussians for FlyAsh (label 1)

Features Ranked by Differentiation Strength:
================================================================================
 1. Cement                         - Score: 1.0000
 2. Age                            - Score: 0.9276
 3. Water                          - Score: 0.6672
 4. FineAgg                        - Score: 0.5326
 5. CoarseAgg                      - Score: 0.5061
 6. Superplasticizer               - Score: 0.4563
 7. Slag                           - Score: 0.1443
 8. FlyAsh                         - Score: 0.1135
================================================================================

Features Ranked by Differentiation Strength:
================================================================================
 1. Cement                         - Score: 1.0000
 2. Age                            - Score: 0.9276
 3. Water                          - Score: 0.6672
 4. FineAgg                        - Score: 0.5326
 5. CoarseAgg                      - Score: 0.5061
 6. Superplasticizer               - Score: 0.4563
 7. Slag                           - Score: 0.1443
 8. FlyAsh                         - Score: 0.1135
================================================================================

Features Ranked by Differentiation Strength:
================================================================================
 1. Cement                         - Score: 1.0000
 2. Age                            - Score: 0.9276
 3. Water                          - Score: 0.6672
 4. FineAgg                        - Score: 0.5326
 5. CoarseAgg                      - Score: 0.5061
 6. Superplasticizer               - Score: 0.4563
 7. Slag                           - Score: 0.1443
 8. FlyAsh                         - Score: 0.1135
================================================================================

Features Ranked by Differentiation Strength:
================================================================================
 1. Age                            - Score: 1.0000
 2. FineAgg                        - Score: 0.7762
 3. CoarseAgg                      - Score: 0.7470
 4. Superplasticizer               - Score: 0.5513
 5. Slag                           - Score: 0.5260
 6. Water                          - Score: 0.5214
 7. Cement                         - Score: 0.4644
 8. FlyAsh                         - Score: 0.1103
================================================================================
  Automatically selected 3 Gaussians for Age (label 0)
  Automatically selected 4 Gaussians for Age (label 1)
  Automatically selected 4 Gaussians for Age (label 2)
  Automatically selected 1 Gaussians for FineAgg (label 0)
  Automatically selected 1 Gaussians for FineAgg (label 1)
  Automatically selected 1 Gaussians for FineAgg (label 2)
  Automatically selected 1 Gaussians for CoarseAgg (label 0)
  Automatically selected 1 Gaussians for CoarseAgg (label 1)
  Automatically selected 2 Gaussians for CoarseAgg (label 2)
  Automatically selected 2 Gaussians for Superplasticizer (label 0)
  Automatically selected 2 Gaussians for Superplasticizer (label 1)
  Automatically selected 3 Gaussians for Superplasticizer (label 2)
  Automatically selected 3 Gaussians for Slag (label 0)
  Automatically selected 4 Gaussians for Slag (label 1)
  Automatically selected 3 Gaussians for Slag (label 2)
  Automatically selected 4 Gaussians for Water (label 0)
  Automatically selected 2 Gaussians for Water (label 1)
  Automatically selected 1 Gaussians for Water (label 2)
  Automatically selected 4 Gaussians for Cement (label 0)
  Automatically selected 2 Gaussians for Cement (label 1)
  Automatically selected 2 Gaussians for Cement (label 2)
  Automatically selected 2 Gaussians for FlyAsh (label 0)
  Automatically selected 2 Gaussians for FlyAsh (label 1)
  Automatically selected 2 Gaussians for FlyAsh (label 2)

Features Ranked by Differentiation Strength:
================================================================================
 1. Slag                           - Score: 1.0000
 2. CoarseAgg                      - Score: 0.4255
 3. Superplasticizer               - Score: 0.4102
 4. FineAgg                        - Score: 0.3805
 5. Cement                         - Score: 0.3740
 6. Water                          - Score: 0.2502
 7. FlyAsh                         - Score: 0.1939
 8. Age                            - Score: 0.0000
================================================================================
  Automatically selected 3 Gaussians for Slag (label 0)
  Automatically selected 3 Gaussians for Slag (label 1)
  Automatically selected 2 Gaussians for Slag (label 2)
  Automatically selected 1 Gaussians for CoarseAgg (label 0)
  Automatically selected 1 Gaussians for CoarseAgg (label 1)
  Automatically selected 2 Gaussians for CoarseAgg (label 2)
  Automatically selected 2 Gaussians for Superplasticizer (label 0)
  Automatically selected 4 Gaussians for Superplasticizer (label 1)
  Automatically selected 4 Gaussians for Superplasticizer (label 2)
  Automatically selected 1 Gaussians for FineAgg (label 0)
  Automatically selected 1 Gaussians for FineAgg (label 1)
  Automatically selected 1 Gaussians for FineAgg (label 2)
  Automatically selected 4 Gaussians for Cement (label 0)
  Automatically selected 1 Gaussians for Cement (label 1)
  Automatically selected 2 Gaussians for Cement (label 2)
  Automatically selected 4 Gaussians for Water (label 0)
  Automatically selected 3 Gaussians for Water (label 1)
  Automatically selected 3 Gaussians for Water (label 2)
  Automatically selected 2 Gaussians for FlyAsh (label 0)
  Automatically selected 3 Gaussians for FlyAsh (label 1)
  Automatically selected 4 Gaussians for FlyAsh (label 2)

Features Ranked by Differentiation Strength:
================================================================================
 1. Age                            - Score: 1.0000
 2. Cement                         - Score: 0.7022
 3. FineAgg                        - Score: 0.6969
 4. CoarseAgg                      - Score: 0.5424
 5. Water                          - Score: 0.4589
 6. Slag                           - Score: 0.1568
 7. Superplasticizer               - Score: 0.0953
 8. FlyAsh                         - Score: 0.0396
================================================================================
  Automatically selected 4 Gaussians for Age (label 2)
  Automatically selected 2 Gaussians for Age (label 0)
  Automatically selected 4 Gaussians for Age (label 1)
  Automatically selected 2 Gaussians for Cement (label 2)
  Automatically selected 2 Gaussians for Cement (label 0)
  Automatically selected 4 Gaussians for Cement (label 1)
  Automatically selected 4 Gaussians for FineAgg (label 2)
  Automatically selected 1 Gaussians for FineAgg (label 0)
  Automatically selected 1 Gaussians for FineAgg (label 1)
  Automatically selected 4 Gaussians for CoarseAgg (label 2)
  Automatically selected 1 Gaussians for CoarseAgg (label 0)
  Automatically selected 4 Gaussians for CoarseAgg (label 1)
  Automatically selected 4 Gaussians for Water (label 2)
  Automatically selected 2 Gaussians for Water (label 0)
  Automatically selected 4 Gaussians for Water (label 1)
  Automatically selected 2 Gaussians for Slag (label 2)
  Automatically selected 3 Gaussians for Slag (label 0)
  Automatically selected 3 Gaussians for Slag (label 1)
  Automatically selected 2 Gaussians for Superplasticizer (label 2)
  Automatically selected 3 Gaussians for Superplasticizer (label 0)
  Automatically selected 2 Gaussians for Superplasticizer (label 1)

Features Ranked by Differentiation Strength:
================================================================================
 1. Cement                         - Score: 1.0000
 2. Water                          - Score: 0.7110
 3. Age                            - Score: 0.7076
 4. CoarseAgg                      - Score: 0.4594
 5. FineAgg                        - Score: 0.4039
 6. Superplasticizer               - Score: 0.2974
 7. FlyAsh                         - Score: 0.2832
 8. Slag                           - Score: 0.0554
================================================================================
  Automatically selected 2 Gaussians for Cement (label 1)
  Automatically selected 2 Gaussians for Cement (label 0)
  Automatically selected 4 Gaussians for Cement (label 2)
  Automatically selected 1 Gaussians for Water (label 1)
  Automatically selected 1 Gaussians for Water (label 0)
  Automatically selected 3 Gaussians for Water (label 2)
  Automatically selected 4 Gaussians for Age (label 1)
  Automatically selected 3 Gaussians for Age (label 0)
  Automatically selected 4 Gaussians for Age (label 2)
  Automatically selected 3 Gaussians for CoarseAgg (label 1)
  Automatically selected 1 Gaussians for CoarseAgg (label 0)
  Automatically selected 4 Gaussians for CoarseAgg (label 2)
  Automatically selected 3 Gaussians for FineAgg (label 1)
  Automatically selected 1 Gaussians for FineAgg (label 0)
  Automatically selected 2 Gaussians for FineAgg (label 2)
  Automatically selected 3 Gaussians for Superplasticizer (label 1)
  Automatically selected 2 Gaussians for Superplasticizer (label 0)
  Automatically selected 1 Gaussians for Superplasticizer (label 2)
  Automatically selected 4 Gaussians for FlyAsh (label 1)
  Automatically selected 4 Gaussians for FlyAsh (label 0)
  Automatically selected 4 Gaussians for FlyAsh (label 2)
  Automatically selected 4 Gaussians for Slag (label 1)
  Automatically selected 3 Gaussians for Slag (label 0)
  Automatically selected 3 Gaussians for Slag (label 2)

Features Ranked by Differentiation Strength:
================================================================================
 1. Cement                         - Score: 1.0000
 2. Age                            - Score: 0.8806
 3. FineAgg                        - Score: 0.6123
 4. CoarseAgg                      - Score: 0.5196
 5. Water                          - Score: 0.4767
 6. Slag                           - Score: 0.4411
 7. Superplasticizer               - Score: 0.3751
 8. FlyAsh                         - Score: 0.0711
================================================================================
  Automatically selected 1 Gaussians for Cement (label 1)
  Automatically selected 2 Gaussians for Cement (label 0)
  Automatically selected 2 Gaussians for Cement (label 2)
  Automatically selected 4 Gaussians for Age (label 1)
  Automatically selected 4 Gaussians for Age (label 0)
  Automatically selected 4 Gaussians for Age (label 2)
  Automatically selected 1 Gaussians for FineAgg (label 1)
  Automatically selected 1 Gaussians for FineAgg (label 0)
  Automatically selected 3 Gaussians for FineAgg (label 2)
  Automatically selected 1 Gaussians for CoarseAgg (label 1)
  Automatically selected 1 Gaussians for CoarseAgg (label 0)
  Automatically selected 2 Gaussians for CoarseAgg (label 2)
  Automatically selected 2 Gaussians for Water (label 1)
  Automatically selected 4 Gaussians for Water (label 0)
  Automatically selected 1 Gaussians for Water (label 2)
  Automatically selected 2 Gaussians for Slag (label 1)
  Automatically selected 2 Gaussians for Slag (label 0)
  Automatically selected 2 Gaussians for Slag (label 2)
  Automatically selected 2 Gaussians for Superplasticizer (label 1)
  Automatically selected 3 Gaussians for Superplasticizer (label 0)
  Automatically selected 3 Gaussians for Superplasticizer (label 2)
  Automatically selected 4 Gaussians for FlyAsh (label 1)
  Automatically selected 4 Gaussians for FlyAsh (label 0)
  Automatically selected 4 Gaussians for FlyAsh (label 2)

Features Ranked by Differentiation Strength:
================================================================================
 1. Age                            - Score: 1.0000
 2. Cement                         - Score: 0.8576
 3. Water                          - Score: 0.7435
 4. Superplasticizer               - Score: 0.7431
 5. FineAgg                        - Score: 0.4528
 6. CoarseAgg                      - Score: 0.3325
 7. Slag                           - Score: 0.2791
 8. FlyAsh                         - Score: 0.1299
================================================================================
  Automatically selected 4 Gaussians for Age (label 0)
  Automatically selected 4 Gaussians for Age (label 2)
  Automatically selected 2 Gaussians for Age (label 1)
  Automatically selected 2 Gaussians for Cement (label 0)
  Automatically selected 1 Gaussians for Cement (label 2)
  Automatically selected 4 Gaussians for Cement (label 1)
  Automatically selected 1 Gaussians for Water (label 0)
  Automatically selected 3 Gaussians for Water (label 2)
  Automatically selected 3 Gaussians for Water (label 1)
  Automatically selected 2 Gaussians for Superplasticizer (label 0)
  Automatically selected 4 Gaussians for Superplasticizer (label 2)
  Automatically selected 3 Gaussians for Superplasticizer (label 1)
  Automatically selected 1 Gaussians for FineAgg (label 0)
  Automatically selected 1 Gaussians for FineAgg (label 2)
  Automatically selected 1 Gaussians for FineAgg (label 1)
  Automatically selected 1 Gaussians for CoarseAgg (label 0)
  Automatically selected 4 Gaussians for CoarseAgg (label 2)
  Automatically selected 1 Gaussians for CoarseAgg (label 1)
  Automatically selected 3 Gaussians for Slag (label 0)
  Automatically selected 4 Gaussians for Slag (label 2)
  Automatically selected 2 Gaussians for Slag (label 1)
  Automatically selected 4 Gaussians for FlyAsh (label 0)
  Automatically selected 2 Gaussians for FlyAsh (label 2)
  Automatically selected 3 Gaussians for FlyAsh (label 1)

Features Ranked by Differentiation Strength:
================================================================================
 1. Cement                         - Score: 1.0000
 2. Water                          - Score: 0.8722
 3. FineAgg                        - Score: 0.7550
 4. Superplasticizer               - Score: 0.4631
 5. CoarseAgg                      - Score: 0.3385
 6. Age                            - Score: 0.1994
 7. FlyAsh                         - Score: 0.1956
 8. Slag                           - Score: 0.1360
================================================================================
  Automatically selected 3 Gaussians for Cement (label 1)
  Automatically selected 2 Gaussians for Cement (label 2)
  Automatically selected 1 Gaussians for Cement (label 0)
  Automatically selected 4 Gaussians for Water (label 1)
  Automatically selected 4 Gaussians for Water (label 2)
  Automatically selected 2 Gaussians for Water (label 0)
  Automatically selected 2 Gaussians for FineAgg (label 1)
  Automatically selected 4 Gaussians for FineAgg (label 2)
  Automatically selected 1 Gaussians for FineAgg (label 0)
  Automatically selected 2 Gaussians for Superplasticizer (label 1)
  Automatically selected 4 Gaussians for Superplasticizer (label 2)
  Automatically selected 3 Gaussians for Superplasticizer (label 0)
  Automatically selected 1 Gaussians for CoarseAgg (label 1)
  Automatically selected 3 Gaussians for CoarseAgg (label 2)
  Automatically selected 3 Gaussians for CoarseAgg (label 0)
  Automatically selected 2 Gaussians for Age (label 1)
  Automatically selected 2 Gaussians for Age (label 2)
  Automatically selected 4 Gaussians for Age (label 0)
  Automatically selected 3 Gaussians for FlyAsh (label 1)
  Automatically selected 4 Gaussians for FlyAsh (label 2)
  Automatically selected 4 Gaussians for FlyAsh (label 0)
  Automatically selected 3 Gaussians for Slag (label 1)
  Automatically selected 4 Gaussians for Slag (label 2)
  Automatically selected 1 Gaussians for Slag (label 0)

Features Ranked by Differentiation Strength:
================================================================================
 1. Water                          - Score: 1.0000
 2. Cement                         - Score: 0.8876
 3. Superplasticizer               - Score: 0.8279
 4. FineAgg                        - Score: 0.7892
 5. Slag                           - Score: 0.7005
 6. CoarseAgg                      - Score: 0.4441
 7. Age                            - Score: 0.3065
 8. FlyAsh                         - Score: 0.0700
================================================================================
  Automatically selected 3 Gaussians for Water (label 1)
  Automatically selected 1 Gaussians for Water (label 2)
  Automatically selected 2 Gaussians for Water (label 0)
  Automatically selected 1 Gaussians for Cement (label 1)
  Automatically selected 1 Gaussians for Cement (label 2)
  Automatically selected 1 Gaussians for Cement (label 0)
  Automatically selected 2 Gaussians for Superplasticizer (label 1)
  Automatically selected 2 Gaussians for Superplasticizer (label 2)
  Automatically selected 3 Gaussians for Superplasticizer (label 0)
  Automatically selected 1 Gaussians for FineAgg (label 1)
  Automatically selected 4 Gaussians for FineAgg (label 2)
  Automatically selected 2 Gaussians for FineAgg (label 0)
  Automatically selected 2 Gaussians for Slag (label 1)
  Automatically selected 4 Gaussians for Slag (label 2)
  Automatically selected 4 Gaussians for Slag (label 0)
  Automatically selected 4 Gaussians for CoarseAgg (label 1)
  Automatically selected 4 Gaussians for CoarseAgg (label 2)
  Automatically selected 2 Gaussians for CoarseAgg (label 0)
  Automatically selected 4 Gaussians for Age (label 1)
  Automatically selected 4 Gaussians for Age (label 2)
  Automatically selected 4 Gaussians for Age (label 0)
  Automatically selected 4 Gaussians for FlyAsh (label 1)
  Automatically selected 2 Gaussians for FlyAsh (label 2)
  Automatically selected 2 Gaussians for FlyAsh (label 0)

Features Ranked by Differentiation Strength:
================================================================================
 1. Cement                         - Score: 1.0000
 2. Age                            - Score: 0.9276
 3. Water                          - Score: 0.6672
 4. FineAgg                        - Score: 0.5326
 5. CoarseAgg                      - Score: 0.5061
 6. Superplasticizer               - Score: 0.4563
 7. Slag                           - Score: 0.1443
 8. FlyAsh                         - Score: 0.1135
================================================================================

Features Ranked by Differentiation Strength:
================================================================================
 1. Age                            - Score: 1.0000
 2. Water                          - Score: 0.5111
 3. CoarseAgg                      - Score: 0.4772
 4. Cement                         - Score: 0.4708
 5. Superplasticizer               - Score: 0.4669
 6. FineAgg                        - Score: 0.4426
 7. Slag                           - Score: 0.1849
 8. FlyAsh                         - Score: 0.1242
================================================================================
  Automatically selected 4 Gaussians for Age (label 2)
  Automatically selected 4 Gaussians for Age (label 0)
  Automatically selected 4 Gaussians for Age (label 1)
  Automatically selected 1 Gaussians for Water (label 2)
  Automatically selected 4 Gaussians for Water (label 0)
  Automatically selected 1 Gaussians for Water (label 1)
  Automatically selected 4 Gaussians for CoarseAgg (label 2)
  Automatically selected 1 Gaussians for CoarseAgg (label 0)
  Automatically selected 2 Gaussians for CoarseAgg (label 1)
  Automatically selected 4 Gaussians for Cement (label 2)
  Automatically selected 2 Gaussians for Cement (label 0)
  Automatically selected 2 Gaussians for Cement (label 1)
  Automatically selected 2 Gaussians for Superplasticizer (label 2)
  Automatically selected 2 Gaussians for Superplasticizer (label 0)
  Automatically selected 2 Gaussians for Superplasticizer (label 1)
  Automatically selected 3 Gaussians for FineAgg (label 2)
  Automatically selected 1 Gaussians for FineAgg (label 0)
  Automatically selected 1 Gaussians for FineAgg (label 1)
  Automatically selected 3 Gaussians for Slag (label 2)
  Automatically selected 3 Gaussians for Slag (label 0)
  Automatically selected 3 Gaussians for Slag (label 1)
  Automatically selected 2 Gaussians for FlyAsh (label 2)
  Automatically selected 2 Gaussians for FlyAsh (label 0)
  Automatically selected 2 Gaussians for FlyAsh (label 1)

Features Ranked by Differentiation Strength:
================================================================================
 1. Cement                         - Score: 1.0000
 2. Age                            - Score: 0.7269
 3. Water                          - Score: 0.4803
 4. FineAgg                        - Score: 0.4543
 5. CoarseAgg                      - Score: 0.4110
 6. Superplasticizer               - Score: 0.1385
 7. FlyAsh                         - Score: 0.1154
 8. Slag                           - Score: 0.1090
================================================================================
  Automatically selected 4 Gaussians for Cement (label 2)
  Automatically selected 4 Gaussians for Cement (label 1)
  Automatically selected 2 Gaussians for Cement (label 0)
  Automatically selected 4 Gaussians for Age (label 2)
  Automatically selected 4 Gaussians for Age (label 1)
  Automatically selected 4 Gaussians for Age (label 0)
  Automatically selected 3 Gaussians for Water (label 2)
  Automatically selected 1 Gaussians for Water (label 1)
  Automatically selected 2 Gaussians for Water (label 0)
  Automatically selected 3 Gaussians for FineAgg (label 2)
  Automatically selected 4 Gaussians for FineAgg (label 1)
  Automatically selected 1 Gaussians for FineAgg (label 0)
  Automatically selected 4 Gaussians for CoarseAgg (label 2)
  Automatically selected 3 Gaussians for CoarseAgg (label 1)
  Automatically selected 1 Gaussians for CoarseAgg (label 0)
  Automatically selected 2 Gaussians for Superplasticizer (label 2)
  Automatically selected 4 Gaussians for Superplasticizer (label 1)
  Automatically selected 2 Gaussians for Superplasticizer (label 0)
  Automatically selected 4 Gaussians for FlyAsh (label 2)
  Automatically selected 4 Gaussians for FlyAsh (label 1)
  Automatically selected 3 Gaussians for FlyAsh (label 0)
  Automatically selected 4 Gaussians for Slag (label 2)
  Automatically selected 4 Gaussians for Slag (label 1)
  Automatically selected 4 Gaussians for Slag (label 0)

Features Ranked by Differentiation Strength:
================================================================================
 1. Age                            - Score: 1.0000
 2. Cement                         - Score: 0.8799
 3. Water                          - Score: 0.8001
 4. Superplasticizer               - Score: 0.6763
 5. CoarseAgg                      - Score: 0.6187
 6. FineAgg                        - Score: 0.4837
 7. Slag                           - Score: 0.3059
 8. FlyAsh                         - Score: 0.1221
================================================================================
  Automatically selected 4 Gaussians for Age (label 1)
  Automatically selected 4 Gaussians for Age (label 0)
  Automatically selected 4 Gaussians for Age (label 2)
  Automatically selected 2 Gaussians for Cement (label 1)
  Automatically selected 2 Gaussians for Cement (label 0)
  Automatically selected 2 Gaussians for Cement (label 2)
  Automatically selected 1 Gaussians for Water (label 1)
  Automatically selected 4 Gaussians for Water (label 0)
  Automatically selected 1 Gaussians for Water (label 2)
  Automatically selected 3 Gaussians for Superplasticizer (label 1)
  Automatically selected 2 Gaussians for Superplasticizer (label 0)
  Automatically selected 3 Gaussians for Superplasticizer (label 2)
  Automatically selected 4 Gaussians for CoarseAgg (label 1)
  Automatically selected 1 Gaussians for CoarseAgg (label 0)
  Automatically selected 4 Gaussians for CoarseAgg (label 2)
  Automatically selected 3 Gaussians for FineAgg (label 1)
  Automatically selected 1 Gaussians for FineAgg (label 0)
  Automatically selected 4 Gaussians for FineAgg (label 2)
  Automatically selected 3 Gaussians for Slag (label 1)
  Automatically selected 3 Gaussians for Slag (label 0)
  Automatically selected 4 Gaussians for Slag (label 2)
  Automatically selected 2 Gaussians for FlyAsh (label 1)
  Automatically selected 3 Gaussians for FlyAsh (label 0)
  Automatically selected 2 Gaussians for FlyAsh (label 2)

Features Ranked by Differentiation Strength:
================================================================================
 1. Cement                         - Score: 1.0000
 2. Water                          - Score: 0.9744
 3. Superplasticizer               - Score: 0.6200
 4. FineAgg                        - Score: 0.4997
 5. CoarseAgg                      - Score: 0.4668
 6. Slag                           - Score: 0.3629
 7. Age                            - Score: 0.2180
 8. FlyAsh                         - Score: 0.0969
================================================================================
  Automatically selected 2 Gaussians for Cement (label 1)
  Automatically selected 2 Gaussians for Cement (label 0)
  Automatically selected 1 Gaussians for Cement (label 2)
  Automatically selected 3 Gaussians for Water (label 1)
  Automatically selected 4 Gaussians for Water (label 0)
  Automatically selected 3 Gaussians for Water (label 2)
  Automatically selected 2 Gaussians for Superplasticizer (label 1)
  Automatically selected 4 Gaussians for Superplasticizer (label 0)
  Automatically selected 3 Gaussians for Superplasticizer (label 2)
  Automatically selected 4 Gaussians for FineAgg (label 1)
  Automatically selected 1 Gaussians for FineAgg (label 0)
  Automatically selected 4 Gaussians for FineAgg (label 2)
  Automatically selected 4 Gaussians for CoarseAgg (label 1)
  Automatically selected 1 Gaussians for CoarseAgg (label 0)
  Automatically selected 4 Gaussians for CoarseAgg (label 2)
  Automatically selected 3 Gaussians for Slag (label 1)
  Automatically selected 4 Gaussians for Slag (label 0)
  Automatically selected 4 Gaussians for Slag (label 2)
  Automatically selected 4 Gaussians for Age (label 1)
  Automatically selected 4 Gaussians for Age (label 0)
  Automatically selected 3 Gaussians for Age (label 2)
  Automatically selected 2 Gaussians for FlyAsh (label 1)
  Automatically selected 2 Gaussians for FlyAsh (label 0)
  Automatically selected 2 Gaussians for FlyAsh (label 2)

Features Ranked by Differentiation Strength:
================================================================================
 1. Cement                         - Score: 1.0000
 2. Age                            - Score: 0.8878
 3. Water                          - Score: 0.6492
 4. FineAgg                        - Score: 0.5540
 5. CoarseAgg                      - Score: 0.5163
 6. Superplasticizer               - Score: 0.4924
 7. Slag                           - Score: 0.1628
 8. FlyAsh                         - Score: 0.1211
================================================================================

Features Ranked by Differentiation Strength:
================================================================================
 1. Cement                         - Score: 1.0000
 2. Age                            - Score: 0.8878
 3. Water                          - Score: 0.6492
 4. FineAgg                        - Score: 0.5540
 5. CoarseAgg                      - Score: 0.5163
 6. Superplasticizer               - Score: 0.4924
 7. Slag                           - Score: 0.1628
 8. FlyAsh                         - Score: 0.1211
================================================================================

Features Ranked by Differentiation Strength:
================================================================================
 1. Cement                         - Score: 1.0000
 2. Age                            - Score: 0.8878
 3. Water                          - Score: 0.6492
 4. FineAgg                        - Score: 0.5540
 5. CoarseAgg                      - Score: 0.5163
 6. Superplasticizer               - Score: 0.4924
 7. Slag                           - Score: 0.1628
 8. FlyAsh                         - Score: 0.1211
================================================================================

Features Ranked by Differentiation Strength:
================================================================================
 1. Age                            - Score: 1.0000
 2. FineAgg                        - Score: 0.4679
 3. Slag                           - Score: 0.4655
 4. Water                          - Score: 0.3919
 5. Cement                         - Score: 0.3855
 6. CoarseAgg                      - Score: 0.3802
 7. FlyAsh                         - Score: 0.1111
 8. Superplasticizer               - Score: 0.0891
================================================================================
  Automatically selected 3 Gaussians for Age (label 2)
  Automatically selected 4 Gaussians for Age (label 0)
  Automatically selected 4 Gaussians for Age (label 1)
  Automatically selected 1 Gaussians for FineAgg (label 2)
  Automatically selected 1 Gaussians for FineAgg (label 0)
  Automatically selected 1 Gaussians for FineAgg (label 1)
  Automatically selected 3 Gaussians for Slag (label 2)
  Automatically selected 3 Gaussians for Slag (label 0)
  Automatically selected 3 Gaussians for Slag (label 1)
  Automatically selected 1 Gaussians for Water (label 2)
  Automatically selected 3 Gaussians for Water (label 0)
  Automatically selected 2 Gaussians for Water (label 1)
  Automatically selected 2 Gaussians for Cement (label 2)
  Automatically selected 1 Gaussians for Cement (label 0)
  Automatically selected 1 Gaussians for Cement (label 1)
  Automatically selected 1 Gaussians for CoarseAgg (label 2)
  Automatically selected 4 Gaussians for CoarseAgg (label 0)
  Automatically selected 1 Gaussians for CoarseAgg (label 1)
  Automatically selected 2 Gaussians for FlyAsh (label 2)
  Automatically selected 2 Gaussians for FlyAsh (label 0)
  Automatically selected 2 Gaussians for FlyAsh (label 1)
  Automatically selected 2 Gaussians for Superplasticizer (label 2)
  Automatically selected 2 Gaussians for Superplasticizer (label 0)
  Automatically selected 2 Gaussians for Superplasticizer (label 1)

Features Ranked by Differentiation Strength:
================================================================================
 1. Age                            - Score: 1.0000
 2. Superplasticizer               - Score: 0.8254
 3. FineAgg                        - Score: 0.6771
 4. FlyAsh                         - Score: 0.6269
 5. Slag                           - Score: 0.6161
 6. Water                          - Score: 0.6137
 7. Cement                         - Score: 0.6123
 8. CoarseAgg                      - Score: 0.5979
================================================================================
  Automatically selected 3 Gaussians for Age (label 0)
  Automatically selected 3 Gaussians for Age (label 1)
  Automatically selected 3 Gaussians for Age (label 2)
  Automatically selected 2 Gaussians for Superplasticizer (label 0)
  Automatically selected 1 Gaussians for Superplasticizer (label 1)
  Automatically selected 3 Gaussians for Superplasticizer (label 2)
  Automatically selected 1 Gaussians for FineAgg (label 0)
  Automatically selected 3 Gaussians for FineAgg (label 1)
  Automatically selected 2 Gaussians for FineAgg (label 2)
  Automatically selected 3 Gaussians for FlyAsh (label 0)
  Automatically selected 3 Gaussians for FlyAsh (label 1)
  Automatically selected 4 Gaussians for FlyAsh (label 2)
  Automatically selected 2 Gaussians for Slag (label 0)
  Automatically selected 4 Gaussians for Slag (label 1)
  Automatically selected 3 Gaussians for Slag (label 2)
  Automatically selected 4 Gaussians for Water (label 0)
  Automatically selected 1 Gaussians for Water (label 1)
  Automatically selected 4 Gaussians for Water (label 2)
  Automatically selected 4 Gaussians for Cement (label 0)
  Automatically selected 2 Gaussians for Cement (label 1)
  Automatically selected 3 Gaussians for Cement (label 2)
  Automatically selected 2 Gaussians for CoarseAgg (label 0)
  Automatically selected 4 Gaussians for CoarseAgg (label 1)
  Automatically selected 4 Gaussians for CoarseAgg (label 2)

Features Ranked by Differentiation Strength:
================================================================================
 1. Cement                         - Score: 1.0000
 2. FineAgg                        - Score: 0.9486
 3. Age                            - Score: 0.9401
 4. Water                          - Score: 0.8353
 5. CoarseAgg                      - Score: 0.6995
 6. Superplasticizer               - Score: 0.2570
 7. FlyAsh                         - Score: 0.2024
 8. Slag                           - Score: 0.1874
================================================================================
  Automatically selected 3 Gaussians for Cement (label 0)
  Automatically selected 3 Gaussians for Cement (label 2)
  Automatically selected 1 Gaussians for Cement (label 1)
  Automatically selected 1 Gaussians for FineAgg (label 0)
  Automatically selected 4 Gaussians for FineAgg (label 2)
  Automatically selected 4 Gaussians for FineAgg (label 1)
  Automatically selected 4 Gaussians for Age (label 0)
  Automatically selected 4 Gaussians for Age (label 2)
  Automatically selected 4 Gaussians for Age (label 1)
  Automatically selected 1 Gaussians for Water (label 0)
  Automatically selected 2 Gaussians for Water (label 2)
  Automatically selected 2 Gaussians for Water (label 1)
  Automatically selected 1 Gaussians for CoarseAgg (label 0)
  Automatically selected 3 Gaussians for CoarseAgg (label 2)
  Automatically selected 1 Gaussians for CoarseAgg (label 1)
  Automatically selected 2 Gaussians for Superplasticizer (label 0)
  Automatically selected 2 Gaussians for Superplasticizer (label 2)
  Automatically selected 2 Gaussians for Superplasticizer (label 1)
  Automatically selected 2 Gaussians for FlyAsh (label 0)
  Automatically selected 4 Gaussians for FlyAsh (label 2)
  Automatically selected 3 Gaussians for FlyAsh (label 1)
  Automatically selected 3 Gaussians for Slag (label 0)
  Automatically selected 2 Gaussians for Slag (label 2)
  Automatically selected 4 Gaussians for Slag (label 1)

Features Ranked by Differentiation Strength:
================================================================================
 1. Cement                         - Score: 1.0000
 2. Age                            - Score: 0.6928
 3. Water                          - Score: 0.5487
 4. CoarseAgg                      - Score: 0.5156
 5. FineAgg                        - Score: 0.3482
 6. Superplasticizer               - Score: 0.2445
 7. FlyAsh                         - Score: 0.2395
 8. Slag                           - Score: 0.0508
================================================================================
  Automatically selected 3 Gaussians for Cement (label 0)
  Automatically selected 3 Gaussians for Cement (label 2)
  Automatically selected 2 Gaussians for Cement (label 1)
  Automatically selected 4 Gaussians for Age (label 0)
  Automatically selected 4 Gaussians for Age (label 2)
  Automatically selected 4 Gaussians for Age (label 1)
  Automatically selected 3 Gaussians for Water (label 0)
  Automatically selected 4 Gaussians for Water (label 2)
  Automatically selected 4 Gaussians for Water (label 1)
  Automatically selected 1 Gaussians for CoarseAgg (label 0)
  Automatically selected 3 Gaussians for CoarseAgg (label 2)
  Automatically selected 4 Gaussians for CoarseAgg (label 1)
  Automatically selected 1 Gaussians for FineAgg (label 0)
  Automatically selected 3 Gaussians for FineAgg (label 2)
  Automatically selected 2 Gaussians for FineAgg (label 1)
  Automatically selected 3 Gaussians for Superplasticizer (label 0)
  Automatically selected 2 Gaussians for Superplasticizer (label 2)
  Automatically selected 3 Gaussians for Superplasticizer (label 1)
  Automatically selected 3 Gaussians for FlyAsh (label 0)
  Automatically selected 4 Gaussians for FlyAsh (label 2)
  Automatically selected 4 Gaussians for FlyAsh (label 1)
  Automatically selected 3 Gaussians for Slag (label 0)
  Automatically selected 2 Gaussians for Slag (label 2)
  Automatically selected 4 Gaussians for Slag (label 1)

Features Ranked by Differentiation Strength:
================================================================================
 1. Age                            - Score: 1.0000
 2. Slag                           - Score: 0.5966
 3. Water                          - Score: 0.4009
 4. Superplasticizer               - Score: 0.2880
 5. CoarseAgg                      - Score: 0.2332
 6. FlyAsh                         - Score: 0.2044
 7. Cement                         - Score: 0.1727
 8. FineAgg                        - Score: 0.1516
================================================================================
  Automatically selected 4 Gaussians for Age (label 1)
  Automatically selected 4 Gaussians for Age (label 2)
  Automatically selected 4 Gaussians for Age (label 0)
  Automatically selected 1 Gaussians for Slag (label 1)
  Automatically selected 3 Gaussians for Slag (label 2)
  Automatically selected 3 Gaussians for Slag (label 0)
  Automatically selected 2 Gaussians for Water (label 1)
  Automatically selected 4 Gaussians for Water (label 2)
  Automatically selected 4 Gaussians for Water (label 0)
  Automatically selected 3 Gaussians for Superplasticizer (label 1)
  Automatically selected 2 Gaussians for Superplasticizer (label 2)
  Automatically selected 2 Gaussians for Superplasticizer (label 0)
  Automatically selected 3 Gaussians for CoarseAgg (label 1)
  Automatically selected 2 Gaussians for CoarseAgg (label 2)
  Automatically selected 1 Gaussians for CoarseAgg (label 0)
  Automatically selected 4 Gaussians for FlyAsh (label 1)
  Automatically selected 4 Gaussians for FlyAsh (label 2)
  Automatically selected 4 Gaussians for FlyAsh (label 0)
  Automatically selected 4 Gaussians for Cement (label 1)
  Automatically selected 4 Gaussians for Cement (label 2)
  Automatically selected 2 Gaussians for Cement (label 0)
  Automatically selected 3 Gaussians for FineAgg (label 1)
  Automatically selected 3 Gaussians for FineAgg (label 2)
  Automatically selected 4 Gaussians for FineAgg (label 0)

Features Ranked by Differentiation Strength:
================================================================================
 1. Cement                         - Score: 1.0000
 2. Age                            - Score: 0.8545
 3. FineAgg                        - Score: 0.7918
 4. Water                          - Score: 0.7026
 5. Superplasticizer               - Score: 0.4656
 6. CoarseAgg                      - Score: 0.4457
 7. Slag                           - Score: 0.3354
 8. FlyAsh                         - Score: 0.2626
================================================================================
  Automatically selected 4 Gaussians for Cement (label 0)
  Automatically selected 2 Gaussians for Cement (label 1)
  Automatically selected 3 Gaussians for Cement (label 2)
  Automatically selected 4 Gaussians for Age (label 0)
  Automatically selected 4 Gaussians for Age (label 1)
  Automatically selected 4 Gaussians for Age (label 2)
  Automatically selected 1 Gaussians for FineAgg (label 0)
  Automatically selected 2 Gaussians for FineAgg (label 1)
  Automatically selected 3 Gaussians for FineAgg (label 2)
  Automatically selected 4 Gaussians for Water (label 0)
  Automatically selected 4 Gaussians for Water (label 1)
  Automatically selected 3 Gaussians for Water (label 2)
  Automatically selected 3 Gaussians for Superplasticizer (label 0)
  Automatically selected 4 Gaussians for Superplasticizer (label 1)
  Automatically selected 4 Gaussians for Superplasticizer (label 2)
  Automatically selected 4 Gaussians for CoarseAgg (label 0)
  Automatically selected 1 Gaussians for CoarseAgg (label 1)
  Automatically selected 2 Gaussians for CoarseAgg (label 2)
  Automatically selected 2 Gaussians for Slag (label 0)
  Automatically selected 3 Gaussians for Slag (label 1)
  Automatically selected 3 Gaussians for Slag (label 2)
  Automatically selected 2 Gaussians for FlyAsh (label 0)
  Automatically selected 2 Gaussians for FlyAsh (label 1)
  Automatically selected 2 Gaussians for FlyAsh (label 2)

Features Ranked by Differentiation Strength:
================================================================================
 1. Cement                         - Score: 1.0000
 2. Age                            - Score: 0.9241
 3. Superplasticizer               - Score: 0.8319
 4. Water                          - Score: 0.7494
 5. CoarseAgg                      - Score: 0.5826
 6. FineAgg                        - Score: 0.4989
 7. Slag                           - Score: 0.4747
 8. FlyAsh                         - Score: 0.1401
================================================================================
  Automatically selected 1 Gaussians for Cement (label 1)
  Automatically selected 2 Gaussians for Cement (label 0)
  Automatically selected 1 Gaussians for Cement (label 2)
  Automatically selected 4 Gaussians for Age (label 1)
  Automatically selected 4 Gaussians for Age (label 0)
  Automatically selected 3 Gaussians for Age (label 2)
  Automatically selected 3 Gaussians for Superplasticizer (label 1)
  Automatically selected 2 Gaussians for Superplasticizer (label 0)
  Automatically selected 3 Gaussians for Superplasticizer (label 2)
  Automatically selected 3 Gaussians for Water (label 1)
  Automatically selected 1 Gaussians for Water (label 0)
  Automatically selected 1 Gaussians for Water (label 2)
  Automatically selected 3 Gaussians for CoarseAgg (label 1)
  Automatically selected 1 Gaussians for CoarseAgg (label 0)
  Automatically selected 3 Gaussians for CoarseAgg (label 2)
  Automatically selected 1 Gaussians for FineAgg (label 1)
  Automatically selected 1 Gaussians for FineAgg (label 0)
  Automatically selected 4 Gaussians for FineAgg (label 2)
  Automatically selected 4 Gaussians for Slag (label 1)
  Automatically selected 2 Gaussians for Slag (label 0)
  Automatically selected 4 Gaussians for Slag (label 2)
  Automatically selected 2 Gaussians for FlyAsh (label 1)
  Automatically selected 2 Gaussians for FlyAsh (label 0)
  Automatically selected 2 Gaussians for FlyAsh (label 2)

Features Ranked by Differentiation Strength:
================================================================================
 1. Water                          - Score: 1.0000
 2. Cement                         - Score: 0.9714
 3. Superplasticizer               - Score: 0.8380
 4. FineAgg                        - Score: 0.7609
 5. Slag                           - Score: 0.5649
 6. CoarseAgg                      - Score: 0.4896
 7. Age                            - Score: 0.2827
 8. FlyAsh                         - Score: 0.1847
================================================================================
  Automatically selected 2 Gaussians for Water (label 0)
  Automatically selected 1 Gaussians for Water (label 2)
  Automatically selected 3 Gaussians for Water (label 1)
  Automatically selected 4 Gaussians for Cement (label 0)
  Automatically selected 1 Gaussians for Cement (label 2)
  Automatically selected 1 Gaussians for Cement (label 1)
  Automatically selected 3 Gaussians for Superplasticizer (label 0)
  Automatically selected 4 Gaussians for Superplasticizer (label 2)
  Automatically selected 3 Gaussians for Superplasticizer (label 1)
  Automatically selected 2 Gaussians for FineAgg (label 0)
  Automatically selected 4 Gaussians for FineAgg (label 2)
  Automatically selected 1 Gaussians for FineAgg (label 1)
  Automatically selected 4 Gaussians for Slag (label 0)
  Automatically selected 4 Gaussians for Slag (label 2)
  Automatically selected 2 Gaussians for Slag (label 1)
  Automatically selected 1 Gaussians for CoarseAgg (label 0)
  Automatically selected 4 Gaussians for CoarseAgg (label 2)
  Automatically selected 4 Gaussians for CoarseAgg (label 1)
  Automatically selected 4 Gaussians for Age (label 0)
  Automatically selected 4 Gaussians for Age (label 2)
  Automatically selected 4 Gaussians for Age (label 1)
  Automatically selected 4 Gaussians for FlyAsh (label 0)
  Automatically selected 3 Gaussians for FlyAsh (label 2)
  Automatically selected 2 Gaussians for FlyAsh (label 1)

Features Ranked by Differentiation Strength:
================================================================================
 1. Cement                         - Score: 1.0000
 2. Age                            - Score: 0.8878
 3. Water                          - Score: 0.6492
 4. FineAgg                        - Score: 0.5540
 5. CoarseAgg                      - Score: 0.5163
 6. Superplasticizer               - Score: 0.4924
 7. Slag                           - Score: 0.1628
 8. FlyAsh                         - Score: 0.1211
================================================================================

Features Ranked by Differentiation Strength:
================================================================================
 1. Age                            - Score: 1.0000
 2. FineAgg                        - Score: 0.5266
 3. CoarseAgg                      - Score: 0.4852
 4. Water                          - Score: 0.4713
 5. Superplasticizer               - Score: 0.3854
 6. Cement                         - Score: 0.3422
 7. Slag                           - Score: 0.3017
 8. FlyAsh                         - Score: 0.1154
================================================================================
  Automatically selected 4 Gaussians for Age (label 0)
  Automatically selected 4 Gaussians for Age (label 2)
  Automatically selected 3 Gaussians for Age (label 1)
  Automatically selected 1 Gaussians for FineAgg (label 0)
  Automatically selected 3 Gaussians for FineAgg (label 2)
  Automatically selected 1 Gaussians for FineAgg (label 1)
  Automatically selected 1 Gaussians for CoarseAgg (label 0)
  Automatically selected 4 Gaussians for CoarseAgg (label 2)
  Automatically selected 1 Gaussians for CoarseAgg (label 1)
  Automatically selected 4 Gaussians for Water (label 0)
  Automatically selected 1 Gaussians for Water (label 2)
  Automatically selected 1 Gaussians for Water (label 1)
  Automatically selected 2 Gaussians for Superplasticizer (label 0)
  Automatically selected 3 Gaussians for Superplasticizer (label 2)
  Automatically selected 2 Gaussians for Superplasticizer (label 1)
  Automatically selected 1 Gaussians for Cement (label 0)
  Automatically selected 3 Gaussians for Cement (label 2)
  Automatically selected 2 Gaussians for Cement (label 1)
  Automatically selected 3 Gaussians for Slag (label 0)
  Automatically selected 4 Gaussians for Slag (label 2)
  Automatically selected 4 Gaussians for Slag (label 1)
  Automatically selected 2 Gaussians for FlyAsh (label 0)
  Automatically selected 3 Gaussians for FlyAsh (label 2)
  Automatically selected 2 Gaussians for FlyAsh (label 1)

Features Ranked by Differentiation Strength:
================================================================================
 1. Cement                         - Score: 1.0000
 2. Age                            - Score: 0.6936
 3. Water                          - Score: 0.5180
 4. FineAgg                        - Score: 0.4680
 5. CoarseAgg                      - Score: 0.4589
 6. Superplasticizer               - Score: 0.1667
 7. Slag                           - Score: 0.1030
 8. FlyAsh                         - Score: 0.0939
================================================================================
  Automatically selected 4 Gaussians for Cement (label 0)
  Automatically selected 2 Gaussians for Cement (label 2)
  Automatically selected 2 Gaussians for Cement (label 1)
  Automatically selected 3 Gaussians for Age (label 0)
  Automatically selected 4 Gaussians for Age (label 2)
  Automatically selected 2 Gaussians for Age (label 1)
  Automatically selected 1 Gaussians for Water (label 0)
  Automatically selected 3 Gaussians for Water (label 2)
  Automatically selected 4 Gaussians for Water (label 1)
  Automatically selected 1 Gaussians for FineAgg (label 0)
  Automatically selected 3 Gaussians for FineAgg (label 2)
  Automatically selected 1 Gaussians for FineAgg (label 1)
  Automatically selected 1 Gaussians for CoarseAgg (label 0)
  Automatically selected 4 Gaussians for CoarseAgg (label 2)
  Automatically selected 4 Gaussians for CoarseAgg (label 1)
  Automatically selected 2 Gaussians for Superplasticizer (label 0)
  Automatically selected 2 Gaussians for Superplasticizer (label 2)
  Automatically selected 4 Gaussians for Superplasticizer (label 1)
  Automatically selected 4 Gaussians for Slag (label 0)
  Automatically selected 2 Gaussians for Slag (label 2)
  Automatically selected 4 Gaussians for Slag (label 1)
  Automatically selected 3 Gaussians for FlyAsh (label 0)
  Automatically selected 4 Gaussians for FlyAsh (label 2)
  Automatically selected 4 Gaussians for FlyAsh (label 1)

Features Ranked by Differentiation Strength:
================================================================================
 1. Age                            - Score: 1.0000
 2. Cement                         - Score: 0.9994
 3. CoarseAgg                      - Score: 0.7371
 4. Water                          - Score: 0.7164
 5. Superplasticizer               - Score: 0.6947
 6. FineAgg                        - Score: 0.5368
 7. Slag                           - Score: 0.3289
 8. FlyAsh                         - Score: 0.1028
================================================================================
  Automatically selected 4 Gaussians for Age (label 1)
  Automatically selected 3 Gaussians for Age (label 2)
  Automatically selected 3 Gaussians for Age (label 0)
  Automatically selected 2 Gaussians for Cement (label 1)
  Automatically selected 1 Gaussians for Cement (label 2)
  Automatically selected 2 Gaussians for Cement (label 0)
  Automatically selected 3 Gaussians for CoarseAgg (label 1)
  Automatically selected 4 Gaussians for CoarseAgg (label 2)
  Automatically selected 2 Gaussians for CoarseAgg (label 0)
  Automatically selected 3 Gaussians for Water (label 1)
  Automatically selected 1 Gaussians for Water (label 2)
  Automatically selected 4 Gaussians for Water (label 0)
  Automatically selected 3 Gaussians for Superplasticizer (label 1)
  Automatically selected 3 Gaussians for Superplasticizer (label 2)
  Automatically selected 2 Gaussians for Superplasticizer (label 0)
  Automatically selected 2 Gaussians for FineAgg (label 1)
  Automatically selected 1 Gaussians for FineAgg (label 2)
  Automatically selected 1 Gaussians for FineAgg (label 0)
  Automatically selected 3 Gaussians for Slag (label 1)
  Automatically selected 3 Gaussians for Slag (label 2)
  Automatically selected 3 Gaussians for Slag (label 0)
  Automatically selected 2 Gaussians for FlyAsh (label 1)
  Automatically selected 2 Gaussians for FlyAsh (label 2)
  Automatically selected 3 Gaussians for FlyAsh (label 0)

Features Ranked by Differentiation Strength:
================================================================================
 1. Cement                         - Score: 1.0000
 2. Water                          - Score: 0.9134
 3. Superplasticizer               - Score: 0.6959
 4. CoarseAgg                      - Score: 0.5541
 5. FineAgg                        - Score: 0.4757
 6. Slag                           - Score: 0.3936
 7. Age                            - Score: 0.1884
 8. FlyAsh                         - Score: 0.0983
================================================================================
  Automatically selected 2 Gaussians for Cement (label 1)
  Automatically selected 1 Gaussians for Cement (label 2)
  Automatically selected 1 Gaussians for Cement (label 0)
  Automatically selected 3 Gaussians for Water (label 1)
  Automatically selected 4 Gaussians for Water (label 2)
  Automatically selected 4 Gaussians for Water (label 0)
  Automatically selected 2 Gaussians for Superplasticizer (label 1)
  Automatically selected 4 Gaussians for Superplasticizer (label 2)
  Automatically selected 4 Gaussians for Superplasticizer (label 0)
  Automatically selected 4 Gaussians for CoarseAgg (label 1)
  Automatically selected 4 Gaussians for CoarseAgg (label 2)
  Automatically selected 4 Gaussians for CoarseAgg (label 0)
  Automatically selected 4 Gaussians for FineAgg (label 1)
  Automatically selected 4 Gaussians for FineAgg (label 2)
  Automatically selected 3 Gaussians for FineAgg (label 0)
  Automatically selected 4 Gaussians for Slag (label 1)
  Automatically selected 4 Gaussians for Slag (label 2)
  Automatically selected 3 Gaussians for Slag (label 0)
  Automatically selected 4 Gaussians for Age (label 1)
  Automatically selected 3 Gaussians for Age (label 2)
  Automatically selected 4 Gaussians for Age (label 0)
  Automatically selected 2 Gaussians for FlyAsh (label 1)
  Automatically selected 2 Gaussians for FlyAsh (label 2)
  Automatically selected 2 Gaussians for FlyAsh (label 0)
  done: tree/HME/references log+standardized
  wrote /home/scott/PycharmProjects/grad-school/reproduce/outputs/table_hyperparam_normalization.md
  wrote /home/scott/PycharmProjects/grad-school/reproduce/outputs/table_hyperparam_normalization.csv
