arm,init,seed,eval,seconds,best_cv_mse
none,hot,0,0,0.0000,0.006113
none,hot,1,0,0.0000,0.005830
none,hot,2,0,0.0000,0.005970
none,hot,3,0,0.0000,0.006025
none,hot,4,0,0.0000,0.006128
none,hot,5,0,0.0000,0.006111
none,hot,6,0,0.0000,0.005818
none,hot,7,0,0.0000,0.006026
none,hot,8,0,0.0000,0.006408
none,hot,9,0,0.0000,0.005719
scipy-lbfgsb,hot,0,0,0.0000,0.006113
scipy-lbfgsb,hot,0,3,0.0574,0.006113
scipy-lbfgsb,hot,0,54,0.7467,0.006113
scipy-lbfgsb,hot,0,55,0.7595,0.006113
scipy-lbfgsb,hot,0,63,0.8647,0.006113
scipy-lbfgsb,hot,0,71,0.9710,0.006112
scipy-lbfgsb,hot,0,138,1.8828,0.005663
scipy-lbfgsb,hot,0,139,1.8965,0.005663
scipy-lbfgsb,hot,0,140,1.9103,0.005663
scipy-lbfgsb,hot,0,146,1.9904,0.005662
scipy-lbfgsb,hot,0,412,5.4501,0.005449
scipy-lbfgsb,hot,0,413,5.4631,0.005449
scipy-lbfgsb,hot,0,414,5.4758,0.005449
scipy-lbfgsb,hot,0,420,5.5550,0.005449
scipy-lbfgsb,hot,0,549,7.1270,0.004883
scipy-lbfgsb,hot,0,550,7.1388,0.004883
scipy-lbfgsb,hot,0,557,7.2214,0.004883
scipy-lbfgsb,hot,0,577,7.4580,0.004883
scipy-lbfgsb,hot,0,585,7.5559,0.004883
scipy-lbfgsb,hot,0,590,7.6167,0.004883
scipy-lbfgsb,hot,0,597,7.7004,0.004882
scipy-lbfgsb,hot,0,602,7.7618,0.004882
scipy-lbfgsb,hot,0,609,7.8437,0.004880
scipy-lbfgsb,hot,0,686,8.8652,0.004515
scipy-lbfgsb,hot,0,687,8.9034,0.004515
scipy-lbfgsb,hot,0,714,9.2990,0.004515
scipy-lbfgsb,hot,0,717,9.3385,0.004515
scipy-lbfgsb,hot,0,720,9.3789,0.004514
scipy-lbfgsb,hot,0,784,10.3189,0.004514
scipy-lbfgsb,hot,0,823,10.8327,0.004417
scipy-lbfgsb,hot,0,824,10.8562,0.004417
scipy-lbfgsb,hot,0,851,11.2770,0.004417
scipy-lbfgsb,hot,0,886,11.7327,0.004417
scipy-lbfgsb,hot,0,921,12.2275,0.004417
scipy-lbfgsb,hot,0,933,12.3778,0.004416
scipy-lbfgsb,hot,0,960,12.7281,0.004290
scipy-lbfgsb,hot,0,961,12.7520,0.004290
scipy-lbfgsb,hot,0,987,13.1210,0.004290
scipy-lbfgsb,hot,0,988,13.1332,0.004290
scipy-lbfgsb,hot,0,1023,13.5696,0.004290
scipy-lbfgsb,hot,0,1074,14.2050,0.004289
scipy-lbfgsb,hot,0,1097,14.5122,0.004126
scipy-lbfgsb,hot,0,1098,14.5482,0.004126
scipy-lbfgsb,hot,0,1124,14.8999,0.004126
scipy-lbfgsb,hot,0,1125,14.9128,0.004126
scipy-lbfgsb,hot,0,1131,14.9855,0.004126
scipy-lbfgsb,hot,0,1161,15.3685,0.004126
scipy-lbfgsb,hot,0,1179,15.5872,0.004126
scipy-lbfgsb,hot,0,1182,15.6219,0.004126
scipy-lbfgsb,hot,0,1183,15.6339,0.004125
scipy-lbfgsb,hot,0,1211,15.9821,0.004125
scipy-lbfgsb,hot,0,1234,16.2801,0.004031
scipy-lbfgsb,hot,0,1235,16.3042,0.004031
scipy-lbfgsb,hot,0,1239,16.3933,0.004031
scipy-lbfgsb,hot,0,1267,16.7629,0.004031
scipy-lbfgsb,hot,0,1268,16.7767,0.004031
scipy-lbfgsb,hot,0,1371,18.1461,0.003947
scipy-lbfgsb,hot,0,1372,18.1708,0.003947
scipy-lbfgsb,hot,0,1376,18.2740,0.003947
scipy-lbfgsb,hot,0,1404,18.6300,0.003947
scipy-lbfgsb,hot,0,1405,18.6422,0.003946
scipy-lbfgsb,hot,0,1508,20.0211,0.003789
scipy-lbfgsb,hot,0,1509,20.0344,0.003788
scipy-lbfgsb,hot,0,1513,20.0838,0.003788
scipy-lbfgsb,hot,0,1564,20.7141,0.003788
scipy-lbfgsb,hot,0,1618,21.3424,0.003788
scipy-lbfgsb,hot,0,1621,21.3779,0.003788
scipy-lbfgsb,hot,0,1645,21.7807,0.003663
scipy-lbfgsb,hot,0,1646,21.7931,0.003663
scipy-lbfgsb,hot,0,1650,21.8444,0.003663
scipy-lbfgsb,hot,0,1755,23.1601,0.003663
scipy-lbfgsb,hot,0,1782,23.6462,0.003588
scipy-lbfgsb,hot,0,1783,23.6586,0.003588
scipy-lbfgsb,hot,0,1788,23.7170,0.003588
scipy-lbfgsb,hot,0,1800,23.8568,0.003588
scipy-lbfgsb,hot,0,1848,24.4358,0.003588
scipy-lbfgsb,hot,0,1856,24.5385,0.003588
scipy-lbfgsb,hot,0,1860,24.5903,0.003587
scipy-lbfgsb,hot,0,1919,25.4006,0.003464
scipy-lbfgsb,hot,0,1920,25.4299,0.003464
scipy-lbfgsb,hot,0,1924,25.5269,0.003464
scipy-lbfgsb,hot,0,1978,26.2853,0.003464
scipy-lbfgsb,hot,0,1985,26.3835,0.003464
scipy-lbfgsb,hot,1,0,0.0000,0.005830
scipy-lbfgsb,hot,1,2,0.0435,0.005830
scipy-lbfgsb,hot,1,10,0.1465,0.005830
scipy-lbfgsb,hot,1,11,0.1593,0.005830
scipy-lbfgsb,hot,1,13,0.1850,0.005829
scipy-lbfgsb,hot,1,43,0.5487,0.005829
scipy-lbfgsb,hot,1,73,0.9201,0.005829
scipy-lbfgsb,hot,1,97,1.2277,0.005828
scipy-lbfgsb,hot,1,263,3.3776,0.005775
scipy-lbfgsb,hot,1,265,3.4024,0.005775
scipy-lbfgsb,hot,1,272,3.4983,0.005775
scipy-lbfgsb,hot,1,275,3.5393,0.005775
scipy-lbfgsb,hot,1,283,3.6517,0.005774
scipy-lbfgsb,hot,1,319,4.0975,0.005774
scipy-lbfgsb,hot,1,327,4.1945,0.005774
scipy-lbfgsb,hot,1,394,5.0168,0.005662
scipy-lbfgsb,hot,1,396,5.0420,0.005662
scipy-lbfgsb,hot,1,397,5.0540,0.005662
scipy-lbfgsb,hot,1,403,5.1267,0.005662
scipy-lbfgsb,hot,1,406,5.1624,0.005662
scipy-lbfgsb,hot,1,414,5.2586,0.005661
scipy-lbfgsb,hot,1,458,5.8286,0.005661
scipy-lbfgsb,hot,1,525,6.6641,0.005488
scipy-lbfgsb,hot,1,526,6.6799,0.005487
scipy-lbfgsb,hot,1,532,6.7563,0.005487
scipy-lbfgsb,hot,1,535,6.7952,0.005487
scipy-lbfgsb,hot,1,564,7.1573,0.005487
scipy-lbfgsb,hot,1,579,7.3546,0.005487
scipy-lbfgsb,hot,1,597,7.5731,0.005486
scipy-lbfgsb,hot,1,656,8.3262,0.005254
scipy-lbfgsb,hot,1,659,8.4035,0.005254
scipy-lbfgsb,hot,1,663,8.4622,0.005253
scipy-lbfgsb,hot,1,666,8.4997,0.005253
scipy-lbfgsb,hot,1,695,8.8655,0.005253
scipy-lbfgsb,hot,1,701,8.9417,0.005253
scipy-lbfgsb,hot,1,710,9.0514,0.005253
scipy-lbfgsb,hot,1,728,9.2709,0.005253
scipy-lbfgsb,hot,1,918,11.6841,0.005118
scipy-lbfgsb,hot,1,921,11.7216,0.005118
scipy-lbfgsb,hot,1,925,11.7700,0.005118
scipy-lbfgsb,hot,1,928,11.8073,0.005118
scipy-lbfgsb,hot,1,957,12.1649,0.005118
scipy-lbfgsb,hot,1,963,12.2376,0.005118
scipy-lbfgsb,hot,1,990,12.5643,0.005118
scipy-lbfgsb,hot,1,1180,14.9254,0.005004
scipy-lbfgsb,hot,1,1183,14.9601,0.005004
scipy-lbfgsb,hot,1,1187,15.0747,0.005004
scipy-lbfgsb,hot,1,1190,15.1097,0.005004
scipy-lbfgsb,hot,1,1200,15.2271,0.005004
scipy-lbfgsb,hot,1,1216,15.4190,0.005004
scipy-lbfgsb,hot,1,1219,15.4548,0.005004
scipy-lbfgsb,hot,1,1225,15.5288,0.005004
scipy-lbfgsb,hot,1,1274,16.1346,0.005004
scipy-lbfgsb,hot,1,1442,18.3535,0.004861
scipy-lbfgsb,hot,1,1445,18.3941,0.004861
scipy-lbfgsb,hot,1,1451,18.4726,0.004861
scipy-lbfgsb,hot,1,1466,18.6579,0.004861
scipy-lbfgsb,hot,1,1482,18.8675,0.004860
scipy-lbfgsb,hot,1,1514,19.2763,0.004859
scipy-lbfgsb,hot,1,1573,20.0337,0.004635
scipy-lbfgsb,hot,1,1575,20.1141,0.004635
scipy-lbfgsb,hot,1,1584,20.2389,0.004635
scipy-lbfgsb,hot,1,1592,20.3468,0.004635
scipy-lbfgsb,hot,1,1597,20.4067,0.004635
scipy-lbfgsb,hot,1,1609,20.5518,0.004635
scipy-lbfgsb,hot,1,1613,20.6023,0.004635
scipy-lbfgsb,hot,1,1645,20.9998,0.004634
scipy-lbfgsb,hot,1,1657,21.1619,0.004634
scipy-lbfgsb,hot,1,1835,23.4499,0.004481
scipy-lbfgsb,hot,1,1837,23.4749,0.004481
scipy-lbfgsb,hot,1,1848,23.6087,0.004481
scipy-lbfgsb,hot,1,1871,23.8932,0.004481
scipy-lbfgsb,hot,1,1875,23.9402,0.004481
scipy-lbfgsb,hot,1,1919,24.4900,0.004481
scipy-lbfgsb,hot,2,0,0.0000,0.005970
scipy-lbfgsb,hot,2,5,0.0730,0.005970
scipy-lbfgsb,hot,2,129,1.7087,0.005969
scipy-lbfgsb,hot,2,134,1.7735,0.005345
scipy-lbfgsb,hot,2,135,1.7863,0.005344
scipy-lbfgsb,hot,2,137,1.8122,0.005344
scipy-lbfgsb,hot,2,138,1.8245,0.005344
scipy-lbfgsb,hot,2,170,2.2335,0.005344
scipy-lbfgsb,hot,2,176,2.3080,0.005344
scipy-lbfgsb,hot,2,207,2.7024,0.005344
scipy-lbfgsb,hot,2,267,3.4575,0.004793
scipy-lbfgsb,hot,2,268,3.4703,0.004793
scipy-lbfgsb,hot,2,270,3.4958,0.004793
scipy-lbfgsb,hot,2,315,4.0886,0.004792
scipy-lbfgsb,hot,2,359,4.6087,0.004792
scipy-lbfgsb,hot,2,400,5.1691,0.004453
scipy-lbfgsb,hot,2,401,5.1811,0.004453
scipy-lbfgsb,hot,2,402,5.1927,0.004452
scipy-lbfgsb,hot,2,410,5.2881,0.004452
scipy-lbfgsb,hot,2,474,6.0294,0.004452
scipy-lbfgsb,hot,2,666,8.4801,0.004352
scipy-lbfgsb,hot,2,667,8.4924,0.004352
scipy-lbfgsb,hot,2,668,8.5045,0.004351
scipy-lbfgsb,hot,2,682,8.6768,0.004351
scipy-lbfgsb,hot,2,683,8.6892,0.004351
scipy-lbfgsb,hot,2,799,10.2207,0.004034
scipy-lbfgsb,hot,2,801,10.2846,0.004034
scipy-lbfgsb,hot,2,814,10.4373,0.004034
scipy-lbfgsb,hot,2,883,11.2714,0.004034
scipy-lbfgsb,hot,2,1065,13.5113,0.003983
scipy-lbfgsb,hot,2,1067,13.5345,0.003983
scipy-lbfgsb,hot,2,1080,13.6840,0.003983
scipy-lbfgsb,hot,2,1149,14.5080,0.003983
scipy-lbfgsb,hot,2,1464,18.4973,0.003978
scipy-lbfgsb,hot,2,1466,18.5217,0.003978
scipy-lbfgsb,hot,2,1479,18.6780,0.003978
scipy-lbfgsb,hot,2,1548,19.5162,0.003978
scipy-lbfgsb,hot,2,1597,20.1898,0.003948
scipy-lbfgsb,hot,2,1599,20.2151,0.003948
scipy-lbfgsb,hot,2,1612,20.3857,0.003947
scipy-lbfgsb,hot,2,1634,20.6648,0.003947
scipy-lbfgsb,hot,2,1675,21.1900,0.003947
scipy-lbfgsb,hot,2,1681,21.2640,0.003947
scipy-lbfgsb,hot,2,1730,21.8812,0.003910
scipy-lbfgsb,hot,2,1732,21.9056,0.003910
scipy-lbfgsb,hot,2,1745,22.0714,0.003909
scipy-lbfgsb,hot,2,1767,22.3600,0.003909
scipy-lbfgsb,hot,2,1808,22.8936,0.003909
scipy-lbfgsb,hot,3,0,0.0000,0.006025
scipy-lbfgsb,hot,3,3,0.0478,0.006024
scipy-lbfgsb,hot,3,7,0.0953,0.006023
scipy-lbfgsb,hot,3,134,1.6809,0.005345
scipy-lbfgsb,hot,3,135,1.6927,0.005345
scipy-lbfgsb,hot,3,136,1.7044,0.005345
scipy-lbfgsb,hot,3,162,2.0175,0.005344
scipy-lbfgsb,hot,3,267,3.4211,0.004866
scipy-lbfgsb,hot,3,268,3.4350,0.004865
scipy-lbfgsb,hot,3,279,3.5811,0.004865
scipy-lbfgsb,hot,3,283,3.6329,0.004865
scipy-lbfgsb,hot,3,307,3.9457,0.004865
scipy-lbfgsb,hot,3,400,5.0802,0.004444
scipy-lbfgsb,hot,3,402,5.1055,0.004444
scipy-lbfgsb,hot,3,409,5.1904,0.004443
scipy-lbfgsb,hot,3,412,5.2254,0.004443
scipy-lbfgsb,hot,3,452,5.7012,0.004443
scipy-lbfgsb,hot,3,533,6.6661,0.004136
scipy-lbfgsb,hot,3,536,6.7334,0.004136
scipy-lbfgsb,hot,3,542,6.8247,0.004136
scipy-lbfgsb,hot,3,545,6.8607,0.004136
scipy-lbfgsb,hot,3,585,7.3559,0.004136
scipy-lbfgsb,hot,3,593,7.4493,0.004136
scipy-lbfgsb,hot,3,666,8.3896,0.004064
scipy-lbfgsb,hot,3,667,8.4139,0.004064
scipy-lbfgsb,hot,3,674,8.5147,0.004064
scipy-lbfgsb,hot,3,676,8.5408,0.004064
scipy-lbfgsb,hot,3,728,9.1727,0.004063
scipy-lbfgsb,hot,3,788,9.9889,0.004063
scipy-lbfgsb,hot,3,799,10.2507,0.003789
scipy-lbfgsb,hot,3,800,10.2635,0.003789
scipy-lbfgsb,hot,3,804,10.3120,0.003789
scipy-lbfgsb,hot,3,809,10.3760,0.003789
scipy-lbfgsb,hot,3,849,10.8572,0.003789
scipy-lbfgsb,hot,3,857,10.9495,0.003789
scipy-lbfgsb,hot,3,859,10.9719,0.003789
scipy-lbfgsb,hot,3,861,10.9968,0.003789
scipy-lbfgsb,hot,3,932,11.8778,0.003613
scipy-lbfgsb,hot,3,933,11.9016,0.003613
scipy-lbfgsb,hot,3,937,11.9881,0.003613
scipy-lbfgsb,hot,3,946,12.0924,0.003613
scipy-lbfgsb,hot,3,972,12.3996,0.003613
scipy-lbfgsb,hot,3,994,12.6547,0.003613
scipy-lbfgsb,hot,3,1065,13.5659,0.003544
scipy-lbfgsb,hot,3,1066,13.5897,0.003544
scipy-lbfgsb,hot,3,1070,13.6722,0.003544
scipy-lbfgsb,hot,3,1085,13.8531,0.003544
scipy-lbfgsb,hot,3,1198,15.3139,0.003473
scipy-lbfgsb,hot,3,1199,15.3375,0.003473
scipy-lbfgsb,hot,3,1203,15.4289,0.003473
scipy-lbfgsb,hot,3,1206,15.4658,0.003473
scipy-lbfgsb,hot,3,1214,15.5665,0.003473
scipy-lbfgsb,hot,3,1217,15.6023,0.003473
scipy-lbfgsb,hot,3,1276,16.3237,0.003473
scipy-lbfgsb,hot,3,1331,17.0254,0.003429
scipy-lbfgsb,hot,3,1332,17.0497,0.003429
scipy-lbfgsb,hot,3,1333,17.0739,0.003429
scipy-lbfgsb,hot,3,1336,17.1274,0.003429
scipy-lbfgsb,hot,3,1339,17.1647,0.003429
scipy-lbfgsb,hot,3,1347,17.2610,0.003429
scipy-lbfgsb,hot,3,1350,17.3004,0.003429
scipy-lbfgsb,hot,3,1419,18.1728,0.003428
scipy-lbfgsb,hot,3,1464,18.7497,0.003387
scipy-lbfgsb,hot,3,1465,18.7739,0.003387
scipy-lbfgsb,hot,3,1469,18.8606,0.003387
scipy-lbfgsb,hot,3,1484,19.0457,0.003386
scipy-lbfgsb,hot,3,1597,20.5972,0.003354
scipy-lbfgsb,hot,3,1598,20.6105,0.003354
scipy-lbfgsb,hot,3,1602,20.6616,0.003354
scipy-lbfgsb,hot,3,1627,20.9831,0.003354
scipy-lbfgsb,hot,3,1641,21.1559,0.003354
scipy-lbfgsb,hot,3,1657,21.3684,0.003354
scipy-lbfgsb,hot,3,1679,21.6418,0.003354
scipy-lbfgsb,hot,3,1705,21.9638,0.003354
scipy-lbfgsb,hot,3,1708,22.0033,0.003354
scipy-lbfgsb,hot,3,1730,22.2898,0.003325
scipy-lbfgsb,hot,3,1731,22.3135,0.003324
scipy-lbfgsb,hot,3,1756,22.6769,0.003324
scipy-lbfgsb,hot,3,1774,22.8893,0.003324
scipy-lbfgsb,hot,3,1788,23.0566,0.003324
scipy-lbfgsb,hot,3,1863,24.0018,0.003291
scipy-lbfgsb,hot,3,1864,24.0259,0.003291
scipy-lbfgsb,hot,3,1868,24.1330,0.003291
scipy-lbfgsb,hot,3,1878,24.2806,0.003291
scipy-lbfgsb,hot,3,1879,24.2958,0.003291
scipy-lbfgsb,hot,3,1996,25.9059,0.003257
scipy-lbfgsb,hot,3,1997,25.9300,0.003257
scipy-lbfgsb,hot,4,0,0.0000,0.006128
scipy-lbfgsb,hot,4,2,0.0381,0.006128
scipy-lbfgsb,hot,4,4,0.0635,0.006128
scipy-lbfgsb,hot,4,8,0.1133,0.006128
scipy-lbfgsb,hot,4,19,0.2453,0.006128
scipy-lbfgsb,hot,4,23,0.2939,0.006128
scipy-lbfgsb,hot,4,25,0.3174,0.006126
scipy-lbfgsb,hot,4,136,1.6768,0.005381
scipy-lbfgsb,hot,4,137,1.6890,0.005381
scipy-lbfgsb,hot,4,139,1.7126,0.005381
scipy-lbfgsb,hot,4,142,1.7496,0.005381
scipy-lbfgsb,hot,4,160,1.9723,0.005381
scipy-lbfgsb,hot,4,166,2.0425,0.005381
scipy-lbfgsb,hot,4,183,2.2391,0.005380
scipy-lbfgsb,hot,4,185,2.2621,0.005380
scipy-lbfgsb,hot,4,271,3.2803,0.004869
scipy-lbfgsb,hot,4,272,3.2921,0.004869
scipy-lbfgsb,hot,4,277,3.3509,0.004869
scipy-lbfgsb,hot,4,285,3.4465,0.004869
scipy-lbfgsb,hot,4,295,3.5668,0.004869
scipy-lbfgsb,hot,4,301,3.6387,0.004869
scipy-lbfgsb,hot,4,318,3.8491,0.004869
scipy-lbfgsb,hot,4,381,4.5988,0.004869
scipy-lbfgsb,hot,4,406,4.8995,0.004589
scipy-lbfgsb,hot,4,408,4.9237,0.004589
scipy-lbfgsb,hot,4,412,4.9709,0.004589
scipy-lbfgsb,hot,4,420,5.0658,0.004589
scipy-lbfgsb,hot,4,441,5.3258,0.004589
scipy-lbfgsb,hot,4,450,5.4436,0.004589
scipy-lbfgsb,hot,4,541,6.5675,0.004342
scipy-lbfgsb,hot,4,543,6.5917,0.004342
scipy-lbfgsb,hot,4,546,6.6295,0.004342
scipy-lbfgsb,hot,4,547,6.6416,0.004342
scipy-lbfgsb,hot,4,574,6.9703,0.004342
scipy-lbfgsb,hot,4,576,6.9938,0.004342
scipy-lbfgsb,hot,4,585,7.0984,0.004342
scipy-lbfgsb,hot,4,591,7.1691,0.004342
scipy-lbfgsb,hot,4,609,7.3846,0.004342
scipy-lbfgsb,hot,4,676,8.1933,0.004205
scipy-lbfgsb,hot,4,677,8.2169,0.004205
scipy-lbfgsb,hot,4,681,8.3080,0.004204
scipy-lbfgsb,hot,4,682,8.3196,0.004204
scipy-lbfgsb,hot,4,707,8.6206,0.004204
scipy-lbfgsb,hot,4,708,8.6328,0.004204
scipy-lbfgsb,hot,4,716,8.7273,0.004204
scipy-lbfgsb,hot,4,738,8.9878,0.004204
scipy-lbfgsb,hot,4,811,9.8697,0.003999
scipy-lbfgsb,hot,4,812,9.8945,0.003999
scipy-lbfgsb,hot,4,817,9.9957,0.003999
scipy-lbfgsb,hot,4,825,10.0903,0.003999
scipy-lbfgsb,hot,4,833,10.1828,0.003999
scipy-lbfgsb,hot,4,842,10.2875,0.003999
scipy-lbfgsb,hot,4,843,10.2988,0.003999
scipy-lbfgsb,hot,4,847,10.3454,0.003999
scipy-lbfgsb,hot,4,915,11.1568,0.003999
scipy-lbfgsb,hot,4,921,11.2286,0.003999
scipy-lbfgsb,hot,4,946,11.5736,0.003879
scipy-lbfgsb,hot,4,947,11.5975,0.003879
scipy-lbfgsb,hot,4,951,11.6716,0.003879
scipy-lbfgsb,hot,4,952,11.6851,0.003879
scipy-lbfgsb,hot,4,960,11.7892,0.003879
scipy-lbfgsb,hot,4,978,12.0161,0.003879
scipy-lbfgsb,hot,4,993,12.2016,0.003879
scipy-lbfgsb,hot,4,995,12.2256,0.003878
scipy-lbfgsb,hot,4,1081,13.2536,0.003744
scipy-lbfgsb,hot,4,1082,13.2776,0.003744
scipy-lbfgsb,hot,4,1084,13.3255,0.003744
scipy-lbfgsb,hot,4,1086,13.3679,0.003744
scipy-lbfgsb,hot,4,1087,13.3794,0.003744
scipy-lbfgsb,hot,4,1115,13.7869,0.003744
scipy-lbfgsb,hot,4,1129,13.9727,0.003744
scipy-lbfgsb,hot,4,1130,13.9871,0.003743
scipy-lbfgsb,hot,4,1216,15.1058,0.003648
scipy-lbfgsb,hot,4,1218,15.1535,0.003648
scipy-lbfgsb,hot,4,1219,15.1771,0.003648
scipy-lbfgsb,hot,4,1221,15.2284,0.003648
scipy-lbfgsb,hot,4,1222,15.2410,0.003648
scipy-lbfgsb,hot,4,1244,15.5160,0.003648
scipy-lbfgsb,hot,4,1265,15.7873,0.003648
scipy-lbfgsb,hot,4,1285,16.0342,0.003648
scipy-lbfgsb,hot,4,1286,16.0466,0.003648
scipy-lbfgsb,hot,4,1351,16.9584,0.003594
scipy-lbfgsb,hot,4,1353,16.9897,0.003594
scipy-lbfgsb,hot,4,1354,17.0049,0.003594
scipy-lbfgsb,hot,4,1356,17.0364,0.003594
scipy-lbfgsb,hot,4,1357,17.0517,0.003594
scipy-lbfgsb,hot,4,1362,17.1289,0.003594
scipy-lbfgsb,hot,4,1376,17.3158,0.003594
scipy-lbfgsb,hot,4,1406,17.6658,0.003594
scipy-lbfgsb,hot,4,1469,18.4429,0.003594
scipy-lbfgsb,hot,4,1486,18.6698,0.003542
scipy-lbfgsb,hot,4,1488,18.7179,0.003542
scipy-lbfgsb,hot,4,1489,18.7419,0.003542
scipy-lbfgsb,hot,4,1491,18.7873,0.003542
scipy-lbfgsb,hot,4,1492,18.8004,0.003542
scipy-lbfgsb,hot,4,1497,18.8680,0.003542
scipy-lbfgsb,hot,4,1511,19.0530,0.003542
scipy-lbfgsb,hot,4,1529,19.2873,0.003542
scipy-lbfgsb,hot,4,1533,19.3426,0.003542
scipy-lbfgsb,hot,4,1541,19.4503,0.003541
scipy-lbfgsb,hot,4,1558,19.6769,0.003541
scipy-lbfgsb,hot,4,1621,20.5459,0.003461
scipy-lbfgsb,hot,4,1622,20.5697,0.003461
scipy-lbfgsb,hot,4,1626,20.6355,0.003461
scipy-lbfgsb,hot,4,1627,20.6479,0.003461
scipy-lbfgsb,hot,4,1632,20.7125,0.003461
scipy-lbfgsb,hot,4,1642,20.8423,0.003461
scipy-lbfgsb,hot,4,1652,20.9646,0.003461
scipy-lbfgsb,hot,4,1654,20.9882,0.003461
scipy-lbfgsb,hot,4,1656,21.0119,0.003461
scipy-lbfgsb,hot,4,1664,21.1063,0.003461
scipy-lbfgsb,hot,4,1665,21.1179,0.003461
scipy-lbfgsb,hot,4,1756,22.3496,0.003411
scipy-lbfgsb,hot,4,1757,22.3654,0.003411
scipy-lbfgsb,hot,4,1787,22.7995,0.003411
scipy-lbfgsb,hot,4,1806,23.0309,0.003411
scipy-lbfgsb,hot,4,1891,24.1336,0.003380
scipy-lbfgsb,hot,4,1892,24.1580,0.003380
scipy-lbfgsb,hot,4,1975,25.2245,0.003380
scipy-lbfgsb,hot,4,1976,25.2375,0.003380
scipy-lbfgsb,hot,5,0,0.0000,0.006111
scipy-lbfgsb,hot,5,3,0.0522,0.006111
scipy-lbfgsb,hot,5,6,0.0916,0.006111
scipy-lbfgsb,hot,5,12,0.1734,0.006111
scipy-lbfgsb,hot,5,13,0.1870,0.006111
scipy-lbfgsb,hot,5,15,0.2150,0.006110
scipy-lbfgsb,hot,5,83,1.0931,0.006110
scipy-lbfgsb,hot,5,119,1.5266,0.006110
scipy-lbfgsb,hot,5,132,1.6841,0.005686
scipy-lbfgsb,hot,5,134,1.7091,0.005685
scipy-lbfgsb,hot,5,148,1.8884,0.005685
scipy-lbfgsb,hot,5,214,2.7002,0.005685
scipy-lbfgsb,hot,5,256,3.2239,0.005685
scipy-lbfgsb,hot,5,263,3.3069,0.005147
scipy-lbfgsb,hot,5,265,3.3307,0.005147
scipy-lbfgsb,hot,5,268,3.4451,0.005147
scipy-lbfgsb,hot,5,312,4.0276,0.005147
scipy-lbfgsb,hot,5,323,4.1688,0.005147
scipy-lbfgsb,hot,5,394,5.1334,0.004492
scipy-lbfgsb,hot,5,396,5.1598,0.004492
scipy-lbfgsb,hot,5,399,5.1965,0.004492
scipy-lbfgsb,hot,5,424,5.5089,0.004492
scipy-lbfgsb,hot,5,426,5.5319,0.004491
scipy-lbfgsb,hot,5,466,6.0116,0.004491
scipy-lbfgsb,hot,5,525,6.7258,0.004192
scipy-lbfgsb,hot,5,527,6.7496,0.004192
scipy-lbfgsb,hot,5,530,6.7843,0.004192
scipy-lbfgsb,hot,5,538,6.8764,0.004192
scipy-lbfgsb,hot,5,542,6.9227,0.004192
scipy-lbfgsb,hot,5,553,7.0526,0.004192
scipy-lbfgsb,hot,5,557,7.1009,0.004192
scipy-lbfgsb,hot,5,656,8.2688,0.003968
scipy-lbfgsb,hot,5,657,8.2927,0.003967
scipy-lbfgsb,hot,5,658,8.3166,0.003967
scipy-lbfgsb,hot,5,662,8.3945,0.003967
scipy-lbfgsb,hot,5,684,8.6558,0.003967
scipy-lbfgsb,hot,5,689,8.7139,0.003967
scipy-lbfgsb,hot,5,705,8.9002,0.003967
scipy-lbfgsb,hot,5,787,9.8888,0.003856
scipy-lbfgsb,hot,5,788,9.9133,0.003856
scipy-lbfgsb,hot,5,789,9.9364,0.003856
scipy-lbfgsb,hot,5,792,10.0002,0.003856
scipy-lbfgsb,hot,5,815,10.2876,0.003856
scipy-lbfgsb,hot,5,852,10.7460,0.003856
scipy-lbfgsb,hot,5,918,11.5607,0.003756
scipy-lbfgsb,hot,5,920,11.6084,0.003756
scipy-lbfgsb,hot,5,923,11.6737,0.003755
scipy-lbfgsb,hot,5,958,12.0841,0.003755
scipy-lbfgsb,hot,5,1049,13.2003,0.003621
scipy-lbfgsb,hot,5,1053,13.3440,0.003621
scipy-lbfgsb,hot,5,1054,13.3556,0.003621
scipy-lbfgsb,hot,5,1085,13.7269,0.003621
scipy-lbfgsb,hot,5,1103,13.9338,0.003620
scipy-lbfgsb,hot,5,1180,14.9744,0.003561
scipy-lbfgsb,hot,5,1181,14.9868,0.003561
scipy-lbfgsb,hot,5,1182,14.9986,0.003561
scipy-lbfgsb,hot,5,1211,15.3577,0.003561
scipy-lbfgsb,hot,5,1213,15.3836,0.003561
scipy-lbfgsb,hot,5,1230,15.5959,0.003560
scipy-lbfgsb,hot,5,1311,16.5768,0.003507
scipy-lbfgsb,hot,5,1312,16.6010,0.003507
scipy-lbfgsb,hot,5,1313,16.6250,0.003507
scipy-lbfgsb,hot,5,1316,16.6887,0.003507
scipy-lbfgsb,hot,5,1329,16.8527,0.003507
scipy-lbfgsb,hot,5,1364,17.3028,0.003507
scipy-lbfgsb,hot,5,1442,18.3361,0.003471
scipy-lbfgsb,hot,5,1443,18.3601,0.003471
scipy-lbfgsb,hot,5,1444,18.3844,0.003471
scipy-lbfgsb,hot,5,1447,18.4489,0.003471
scipy-lbfgsb,hot,5,1454,18.5308,0.003471
scipy-lbfgsb,hot,5,1491,18.9723,0.003471
scipy-lbfgsb,hot,5,1496,19.0398,0.003471
scipy-lbfgsb,hot,5,1514,19.2729,0.003471
scipy-lbfgsb,hot,5,1573,20.2208,0.003405
scipy-lbfgsb,hot,5,1575,20.2481,0.003405
scipy-lbfgsb,hot,5,1578,20.2871,0.003405
scipy-lbfgsb,hot,5,1616,20.7528,0.003405
scipy-lbfgsb,hot,5,1622,20.8301,0.003405
scipy-lbfgsb,hot,5,1627,20.8910,0.003405
scipy-lbfgsb,hot,5,1704,21.9004,0.003336
scipy-lbfgsb,hot,5,1706,21.9449,0.003336
scipy-lbfgsb,hot,5,1709,21.9844,0.003336
scipy-lbfgsb,hot,5,1716,22.0706,0.003336
scipy-lbfgsb,hot,5,1741,22.3658,0.003336
scipy-lbfgsb,hot,5,1758,22.5813,0.003336
scipy-lbfgsb,hot,5,1966,25.1672,0.003297
scipy-lbfgsb,hot,5,1968,25.1904,0.003297
scipy-lbfgsb,hot,5,1971,25.2250,0.003297
scipy-lbfgsb,hot,5,1978,25.3071,0.003297
scipy-lbfgsb,hot,6,0,0.0000,0.005818
scipy-lbfgsb,hot,6,2,0.0359,0.005818
scipy-lbfgsb,hot,6,3,0.0475,0.005817
scipy-lbfgsb,hot,6,4,0.0590,0.005817
scipy-lbfgsb,hot,6,25,0.3136,0.005817
scipy-lbfgsb,hot,6,33,0.4057,0.005817
scipy-lbfgsb,hot,6,34,0.4174,0.005817
scipy-lbfgsb,hot,6,45,0.5461,0.005817
scipy-lbfgsb,hot,6,55,0.6656,0.005817
scipy-lbfgsb,hot,6,148,1.7697,0.005342
scipy-lbfgsb,hot,6,150,1.7940,0.005342
scipy-lbfgsb,hot,6,295,3.5152,0.004717
scipy-lbfgsb,hot,6,296,3.5277,0.004717
scipy-lbfgsb,hot,6,305,3.6352,0.004716
scipy-lbfgsb,hot,6,442,5.3032,0.004374
scipy-lbfgsb,hot,6,443,5.3159,0.004374
scipy-lbfgsb,hot,6,445,5.3399,0.004374
scipy-lbfgsb,hot,6,500,6.0108,0.004374
scipy-lbfgsb,hot,6,526,6.3608,0.004373
scipy-lbfgsb,hot,6,589,7.2292,0.004149
scipy-lbfgsb,hot,6,590,7.2534,0.004149
scipy-lbfgsb,hot,6,592,7.3012,0.004149
scipy-lbfgsb,hot,6,647,8.0258,0.004149
scipy-lbfgsb,hot,6,736,9.2572,0.004015
scipy-lbfgsb,hot,6,737,9.2814,0.004015
scipy-lbfgsb,hot,6,740,9.3532,0.004015
scipy-lbfgsb,hot,6,883,11.1728,0.003911
scipy-lbfgsb,hot,6,885,11.2211,0.003911
scipy-lbfgsb,hot,6,888,11.2863,0.003911
scipy-lbfgsb,hot,6,901,11.4469,0.003911
scipy-lbfgsb,hot,6,905,11.4964,0.003910
scipy-lbfgsb,hot,6,1177,15.1330,0.003889
scipy-lbfgsb,hot,6,1179,15.1568,0.003888
scipy-lbfgsb,hot,6,1197,15.3754,0.003888
scipy-lbfgsb,hot,6,1324,16.9849,0.003800
scipy-lbfgsb,hot,6,1326,17.0335,0.003800
scipy-lbfgsb,hot,6,1412,18.0862,0.003800
scipy-lbfgsb,hot,6,1471,18.8049,0.003724
scipy-lbfgsb,hot,6,1473,18.8526,0.003724
scipy-lbfgsb,hot,6,1476,18.9162,0.003724
scipy-lbfgsb,hot,6,1490,19.0902,0.003724
scipy-lbfgsb,hot,6,1493,19.1270,0.003723
scipy-lbfgsb,hot,6,1618,20.7682,0.003676
scipy-lbfgsb,hot,6,1620,20.7949,0.003676
scipy-lbfgsb,hot,6,1635,20.9773,0.003676
scipy-lbfgsb,hot,6,1637,21.0009,0.003676
scipy-lbfgsb,hot,6,1912,24.5424,0.003675
scipy-lbfgsb,hot,6,1914,24.5671,0.003675
scipy-lbfgsb,hot,6,1929,24.7490,0.003675
scipy-lbfgsb,hot,6,1931,24.7734,0.003675
scipy-lbfgsb,hot,7,0,0.0000,0.006026
scipy-lbfgsb,hot,7,4,0.0652,0.006026
scipy-lbfgsb,hot,7,9,0.1264,0.006025
scipy-lbfgsb,hot,7,138,1.7080,0.005405
scipy-lbfgsb,hot,7,141,1.7426,0.005405
scipy-lbfgsb,hot,7,145,1.7882,0.005405
scipy-lbfgsb,hot,7,146,1.7996,0.005405
scipy-lbfgsb,hot,7,155,1.9021,0.005405
scipy-lbfgsb,hot,7,160,1.9605,0.005405
scipy-lbfgsb,hot,7,166,2.0309,0.005405
scipy-lbfgsb,hot,7,181,2.2082,0.005405
scipy-lbfgsb,hot,7,191,2.3239,0.005405
scipy-lbfgsb,hot,7,197,2.3934,0.005405
scipy-lbfgsb,hot,7,262,3.1973,0.005405
scipy-lbfgsb,hot,7,412,5.0667,0.005357
scipy-lbfgsb,hot,7,415,5.1071,0.005357
scipy-lbfgsb,hot,7,417,5.1340,0.005357
scipy-lbfgsb,hot,7,419,5.1617,0.005357
scipy-lbfgsb,hot,7,429,5.2891,0.005356
scipy-lbfgsb,hot,7,434,5.3524,0.005356
scipy-lbfgsb,hot,7,440,5.4251,0.005356
scipy-lbfgsb,hot,7,455,5.6261,0.005356
scipy-lbfgsb,hot,7,465,5.7573,0.005356
scipy-lbfgsb,hot,7,536,6.6157,0.005356
scipy-lbfgsb,hot,7,549,6.7790,0.005091
scipy-lbfgsb,hot,7,553,6.8289,0.005091
scipy-lbfgsb,hot,7,554,6.8432,0.005091
scipy-lbfgsb,hot,7,557,6.8822,0.005091
scipy-lbfgsb,hot,7,560,6.9225,0.005091
scipy-lbfgsb,hot,7,564,6.9720,0.005091
scipy-lbfgsb,hot,7,566,6.9954,0.005091
scipy-lbfgsb,hot,7,577,7.1256,0.005091
scipy-lbfgsb,hot,7,592,7.3044,0.005091
scipy-lbfgsb,hot,7,602,7.4227,0.005090
scipy-lbfgsb,hot,7,823,10.1458,0.005074
scipy-lbfgsb,hot,7,827,10.1976,0.005074
scipy-lbfgsb,hot,7,828,10.2113,0.005074
scipy-lbfgsb,hot,7,831,10.2541,0.005074
scipy-lbfgsb,hot,7,834,10.2989,0.005074
scipy-lbfgsb,hot,7,838,10.3514,0.005074
scipy-lbfgsb,hot,7,840,10.3797,0.005074
scipy-lbfgsb,hot,7,851,10.5324,0.005074
scipy-lbfgsb,hot,7,866,10.7212,0.005074
scipy-lbfgsb,hot,7,876,10.8464,0.005074
scipy-lbfgsb,hot,7,960,11.9445,0.004979
scipy-lbfgsb,hot,7,965,12.0144,0.004979
scipy-lbfgsb,hot,7,971,12.0934,0.004979
scipy-lbfgsb,hot,7,975,12.1420,0.004979
scipy-lbfgsb,hot,7,977,12.1672,0.004979
scipy-lbfgsb,hot,7,1013,12.6112,0.004979
scipy-lbfgsb,hot,7,1234,15.5825,0.004944
scipy-lbfgsb,hot,7,1239,15.6467,0.004944
scipy-lbfgsb,hot,7,1245,15.7344,0.004944
scipy-lbfgsb,hot,7,1249,15.7916,0.004944
scipy-lbfgsb,hot,7,1251,15.8203,0.004944
scipy-lbfgsb,hot,7,1287,16.2834,0.004944
scipy-lbfgsb,hot,7,1508,19.0709,0.004937
scipy-lbfgsb,hot,7,1510,19.0969,0.004937
scipy-lbfgsb,hot,7,1519,19.2068,0.004937
scipy-lbfgsb,hot,7,1523,19.2552,0.004936
scipy-lbfgsb,hot,7,1525,19.2793,0.004936
scipy-lbfgsb,hot,7,1561,19.7285,0.004936
scipy-lbfgsb,hot,7,1782,22.5809,0.004936
scipy-lbfgsb,hot,7,1784,22.6068,0.004936
scipy-lbfgsb,hot,7,1793,22.7198,0.004936
scipy-lbfgsb,hot,7,1797,22.7676,0.004936
scipy-lbfgsb,hot,7,1799,22.7917,0.004936
scipy-lbfgsb,hot,7,1835,23.2538,0.004935
scipy-lbfgsb,hot,7,1979,25.0761,0.004922
scipy-lbfgsb,hot,8,0,0.0000,0.006408
scipy-lbfgsb,hot,8,4,0.0631,0.006408
scipy-lbfgsb,hot,8,8,0.1173,0.006408
scipy-lbfgsb,hot,8,11,0.1539,0.006407
scipy-lbfgsb,hot,8,53,0.6899,0.006407
scipy-lbfgsb,hot,8,57,0.7367,0.006407
scipy-lbfgsb,hot,8,140,1.8172,0.005716
scipy-lbfgsb,hot,8,142,1.8456,0.005716
scipy-lbfgsb,hot,8,147,1.9229,0.005716
scipy-lbfgsb,hot,8,150,1.9714,0.005716
scipy-lbfgsb,hot,8,170,2.2547,0.005716
scipy-lbfgsb,hot,8,183,2.4258,0.005716
scipy-lbfgsb,hot,8,192,2.5405,0.005716
scipy-lbfgsb,hot,8,279,3.6810,0.005222
scipy-lbfgsb,hot,8,281,3.7058,0.005222
scipy-lbfgsb,hot,8,286,3.7647,0.005221
scipy-lbfgsb,hot,8,288,3.7896,0.005221
scipy-lbfgsb,hot,8,299,3.9273,0.005221
scipy-lbfgsb,hot,8,322,4.2042,0.005221
scipy-lbfgsb,hot,8,418,5.4253,0.004476
scipy-lbfgsb,hot,8,419,5.4380,0.004476
scipy-lbfgsb,hot,8,421,5.4642,0.004475
scipy-lbfgsb,hot,8,426,5.5281,0.004475
scipy-lbfgsb,hot,8,443,5.7422,0.004475
scipy-lbfgsb,hot,8,476,6.1677,0.004475
scipy-lbfgsb,hot,8,492,6.3719,0.004474
scipy-lbfgsb,hot,8,557,7.1877,0.004143
scipy-lbfgsb,hot,8,558,7.2116,0.004143
scipy-lbfgsb,hot,8,565,7.3396,0.004143
scipy-lbfgsb,hot,8,600,7.7828,0.004143
scipy-lbfgsb,hot,8,614,7.9623,0.004143
scipy-lbfgsb,hot,8,643,8.3226,0.004143
scipy-lbfgsb,hot,8,671,8.6828,0.004143
scipy-lbfgsb,hot,8,696,9.1030,0.003975
scipy-lbfgsb,hot,8,697,9.1156,0.003975
scipy-lbfgsb,hot,8,704,9.2025,0.003975
scipy-lbfgsb,hot,8,721,9.4052,0.003975
scipy-lbfgsb,hot,8,728,9.4877,0.003975
scipy-lbfgsb,hot,8,766,9.9511,0.003975
scipy-lbfgsb,hot,8,782,10.1495,0.003975
scipy-lbfgsb,hot,8,793,10.2819,0.003975
scipy-lbfgsb,hot,8,835,10.7955,0.003891
scipy-lbfgsb,hot,8,836,10.8195,0.003891
scipy-lbfgsb,hot,8,837,10.8434,0.003891
scipy-lbfgsb,hot,8,860,11.1478,0.003891
scipy-lbfgsb,hot,8,905,11.6894,0.003891
scipy-lbfgsb,hot,8,923,11.9107,0.003891
scipy-lbfgsb,hot,8,925,11.9353,0.003891
scipy-lbfgsb,hot,8,974,12.5396,0.003813
scipy-lbfgsb,hot,8,975,12.5636,0.003813
scipy-lbfgsb,hot,8,976,12.5877,0.003812
scipy-lbfgsb,hot,8,1038,13.3953,0.003812
scipy-lbfgsb,hot,8,1062,13.6855,0.003812
scipy-lbfgsb,hot,8,1113,14.3197,0.003715
scipy-lbfgsb,hot,8,1114,14.3433,0.003715
scipy-lbfgsb,hot,8,1115,14.3672,0.003714
scipy-lbfgsb,hot,8,1117,14.4151,0.003714
scipy-lbfgsb,hot,8,1211,15.6213,0.003714
scipy-lbfgsb,hot,8,1252,16.2576,0.003699
scipy-lbfgsb,hot,8,1255,16.2965,0.003699
scipy-lbfgsb,hot,8,1309,16.9968,0.003699
scipy-lbfgsb,hot,8,1310,17.0097,0.003699
scipy-lbfgsb,hot,8,1391,18.0095,0.003660
scipy-lbfgsb,hot,8,1392,18.0220,0.003660
scipy-lbfgsb,hot,8,1394,18.1187,0.003660
scipy-lbfgsb,hot,8,1395,18.1312,0.003660
scipy-lbfgsb,hot,8,1449,18.7873,0.003660
scipy-lbfgsb,hot,8,1463,18.9709,0.003660
scipy-lbfgsb,hot,8,1530,19.9663,0.003618
scipy-lbfgsb,hot,8,1531,19.9792,0.003618
scipy-lbfgsb,hot,8,1533,20.0042,0.003618
scipy-lbfgsb,hot,8,1538,20.0646,0.003618
scipy-lbfgsb,hot,8,1542,20.1146,0.003618
scipy-lbfgsb,hot,8,1587,20.6817,0.003618
scipy-lbfgsb,hot,8,1588,20.6938,0.003618
scipy-lbfgsb,hot,8,1602,20.8656,0.003617
scipy-lbfgsb,hot,8,1669,21.7115,0.003587
scipy-lbfgsb,hot,8,1670,21.7357,0.003587
scipy-lbfgsb,hot,8,1672,21.7835,0.003587
scipy-lbfgsb,hot,8,1673,21.8079,0.003587
scipy-lbfgsb,hot,8,1681,21.9140,0.003587
scipy-lbfgsb,hot,8,1726,22.4875,0.003587
scipy-lbfgsb,hot,8,1727,22.5017,0.003587
scipy-lbfgsb,hot,8,1766,23.0311,0.003587
scipy-lbfgsb,hot,8,1808,23.6157,0.003558
scipy-lbfgsb,hot,8,1811,23.6877,0.003558
scipy-lbfgsb,hot,8,1812,23.7117,0.003558
scipy-lbfgsb,hot,8,1818,23.8038,0.003558
scipy-lbfgsb,hot,8,1820,23.8317,0.003558
scipy-lbfgsb,hot,8,1861,24.3802,0.003558
scipy-lbfgsb,hot,8,1870,24.4997,0.003558
scipy-lbfgsb,hot,8,1905,24.9700,0.003558
scipy-lbfgsb,hot,8,1947,25.6446,0.003523
scipy-lbfgsb,hot,8,1950,25.6846,0.003523
scipy-lbfgsb,hot,8,1951,25.6974,0.003523
scipy-lbfgsb,hot,8,1954,25.7387,0.003523
scipy-lbfgsb,hot,8,1988,26.2266,0.003523
scipy-lbfgsb,hot,8,2000,26.4003,0.003523
scipy-lbfgsb,hot,9,0,0.0000,0.005719
scipy-lbfgsb,hot,9,3,0.0514,0.005719
scipy-lbfgsb,hot,9,5,0.0778,0.005718
scipy-lbfgsb,hot,9,7,0.1058,0.005718
scipy-lbfgsb,hot,9,128,1.7079,0.005346
scipy-lbfgsb,hot,9,130,1.7337,0.005346
scipy-lbfgsb,hot,9,132,1.7622,0.005345
scipy-lbfgsb,hot,9,133,1.7756,0.005345
scipy-lbfgsb,hot,9,134,1.7882,0.005345
scipy-lbfgsb,hot,9,255,3.3855,0.004951
scipy-lbfgsb,hot,9,256,3.3985,0.004951
scipy-lbfgsb,hot,9,258,3.4232,0.004951
scipy-lbfgsb,hot,9,264,3.5007,0.004951
scipy-lbfgsb,hot,9,265,3.5143,0.004951
scipy-lbfgsb,hot,9,271,3.5966,0.004950
scipy-lbfgsb,hot,9,382,5.0906,0.004619
scipy-lbfgsb,hot,9,385,5.1333,0.004619
scipy-lbfgsb,hot,9,393,5.2439,0.004619
scipy-lbfgsb,hot,9,400,5.3373,0.004619
scipy-lbfgsb,hot,9,446,5.9625,0.004618
scipy-lbfgsb,hot,9,509,6.8557,0.004372
scipy-lbfgsb,hot,9,510,6.8796,0.004372
scipy-lbfgsb,hot,9,513,6.9516,0.004372
scipy-lbfgsb,hot,9,520,7.0632,0.004371
scipy-lbfgsb,hot,9,527,7.1650,0.004371
scipy-lbfgsb,hot,9,575,7.7881,0.004371
scipy-lbfgsb,hot,9,582,7.8751,0.004371
scipy-lbfgsb,hot,9,636,8.6518,0.004125
scipy-lbfgsb,hot,9,637,8.6759,0.004124
scipy-lbfgsb,hot,9,647,8.8449,0.004124
scipy-lbfgsb,hot,9,654,8.9351,0.004124
scipy-lbfgsb,hot,9,890,12.0505,0.003832
scipy-lbfgsb,hot,9,891,12.0635,0.003832
scipy-lbfgsb,hot,9,892,12.0763,0.003832
scipy-lbfgsb,hot,9,894,12.1020,0.003832
scipy-lbfgsb,hot,9,895,12.1142,0.003832
scipy-lbfgsb,hot,9,902,12.2024,0.003831
scipy-lbfgsb,hot,9,960,12.9340,0.003831
scipy-lbfgsb,hot,9,1144,15.2064,0.003748
scipy-lbfgsb,hot,9,1146,15.2295,0.003748
scipy-lbfgsb,hot,9,1149,15.2640,0.003748
scipy-lbfgsb,hot,9,1156,15.3504,0.003748
scipy-lbfgsb,hot,9,1178,15.6110,0.003748
scipy-lbfgsb,hot,9,1271,16.8906,0.003618
scipy-lbfgsb,hot,9,1272,16.9034,0.003618
scipy-lbfgsb,hot,9,1273,16.9159,0.003618
scipy-lbfgsb,hot,9,1276,16.9518,0.003618
scipy-lbfgsb,hot,9,1277,16.9642,0.003618
scipy-lbfgsb,hot,9,1283,17.0380,0.003618
scipy-lbfgsb,hot,9,1328,17.6166,0.003618
scipy-lbfgsb,hot,9,1359,17.9861,0.003617
scipy-lbfgsb,hot,9,1525,20.1744,0.003532
scipy-lbfgsb,hot,9,1526,20.1868,0.003532
scipy-lbfgsb,hot,9,1527,20.1998,0.003532
scipy-lbfgsb,hot,9,1531,20.2491,0.003532
scipy-lbfgsb,hot,9,1543,20.3958,0.003532
scipy-lbfgsb,hot,9,1613,21.2830,0.003532
scipy-lbfgsb,hot,9,1652,21.7997,0.003481
scipy-lbfgsb,hot,9,1653,21.8237,0.003481
scipy-lbfgsb,hot,9,1664,22.0021,0.003480
scipy-lbfgsb,hot,9,1690,22.3417,0.003480
scipy-lbfgsb,hot,9,1694,22.3887,0.003480
scipy-lbfgsb,hot,9,1768,23.3033,0.003480
scipy-lbfgsb,hot,9,1779,23.4435,0.003447
scipy-lbfgsb,hot,9,1780,23.4673,0.003447
scipy-lbfgsb,hot,9,1784,23.5587,0.003447
scipy-lbfgsb,hot,9,1791,23.6443,0.003447
scipy-lbfgsb,hot,9,1906,25.1154,0.003405
scipy-lbfgsb,hot,9,1907,25.1394,0.003405
scipy-lbfgsb,hot,9,1911,25.2282,0.003405
scipy-lbfgsb,hot,9,1942,25.6076,0.003405
scipy-lbfgsb,hot,9,1943,25.6197,0.003405
scipy-powell,hot,0,0,0.0000,0.006113
scipy-powell,hot,0,8,0.1152,0.006113
scipy-powell,hot,0,9,0.1294,0.006113
scipy-powell,hot,0,10,0.1438,0.006113
scipy-powell,hot,0,11,0.1576,0.006113
scipy-powell,hot,0,12,0.1703,0.006113
scipy-powell,hot,0,22,0.3002,0.005889
scipy-powell,hot,0,26,0.3531,0.005883
scipy-powell,hot,0,30,0.4083,0.005883
scipy-powell,hot,0,31,0.4211,0.005883
scipy-powell,hot,0,32,0.4336,0.005883
scipy-powell,hot,0,33,0.4460,0.005883
scipy-powell,hot,0,43,0.5715,0.005882
scipy-powell,hot,0,44,0.5841,0.005881
scipy-powell,hot,0,45,0.5963,0.005880
scipy-powell,hot,0,46,0.6088,0.005880
scipy-powell,hot,0,47,0.6211,0.005880
scipy-powell,hot,0,48,0.6337,0.005880
scipy-powell,hot,0,49,0.6462,0.005880
scipy-powell,hot,0,50,0.6591,0.005880
scipy-powell,hot,0,59,0.7735,0.005877
scipy-powell,hot,0,63,0.8245,0.005877
scipy-powell,hot,0,64,0.8374,0.005877
scipy-powell,hot,0,65,0.8499,0.005877
scipy-powell,hot,0,66,0.8621,0.005877
scipy-powell,hot,0,72,0.9421,0.005796
scipy-powell,hot,0,73,0.9542,0.005794
scipy-powell,hot,0,74,0.9668,0.005793
scipy-powell,hot,0,76,0.9932,0.005793
scipy-powell,hot,0,80,1.0435,0.005793
scipy-powell,hot,0,82,1.0693,0.005793
scipy-powell,hot,0,83,1.0819,0.005793
scipy-powell,hot,0,84,1.0943,0.005793
scipy-powell,hot,0,85,1.1069,0.005793
scipy-powell,hot,0,86,1.1196,0.005793
scipy-powell,hot,0,89,1.1579,0.005793
scipy-powell,hot,0,95,1.2331,0.005793
scipy-powell,hot,0,97,1.2591,0.005793
scipy-powell,hot,0,99,1.2842,0.005793
scipy-powell,hot,0,100,1.2966,0.005793
scipy-powell,hot,0,101,1.3092,0.005793
scipy-powell,hot,0,102,1.3217,0.005793
scipy-powell,hot,0,107,1.3940,0.005793
scipy-powell,hot,0,116,1.5291,0.005792
scipy-powell,hot,0,118,1.5549,0.005792
scipy-powell,hot,0,119,1.5677,0.005792
scipy-powell,hot,0,120,1.5813,0.005792
scipy-powell,hot,0,121,1.5942,0.005792
scipy-powell,hot,0,146,1.9848,0.005792
scipy-powell,hot,0,148,2.0095,0.005792
scipy-powell,hot,0,149,2.0218,0.005792
scipy-powell,hot,0,151,2.0473,0.005792
scipy-powell,hot,0,152,2.0596,0.005792
scipy-powell,hot,0,153,2.0739,0.005792
scipy-powell,hot,0,154,2.0868,0.005792
scipy-powell,hot,0,155,2.0997,0.005792
scipy-powell,hot,0,156,2.1119,0.005792
scipy-powell,hot,0,157,2.1240,0.005792
scipy-powell,hot,0,158,2.1363,0.005792
scipy-powell,hot,0,160,2.1617,0.005792
scipy-powell,hot,0,161,2.1742,0.005792
scipy-powell,hot,0,162,2.1865,0.005792
scipy-powell,hot,0,163,2.1990,0.005792
scipy-powell,hot,0,164,2.2117,0.005792
scipy-powell,hot,0,165,2.2244,0.005792
scipy-powell,hot,0,166,2.2367,0.005792
scipy-powell,hot,0,167,2.2500,0.005792
scipy-powell,hot,0,168,2.2626,0.005792
scipy-powell,hot,0,169,2.2752,0.005792
scipy-powell,hot,0,170,2.2876,0.005792
scipy-powell,hot,0,171,2.3001,0.005792
scipy-powell,hot,0,172,2.3129,0.005792
scipy-powell,hot,0,173,2.3252,0.005792
scipy-powell,hot,0,174,2.3379,0.005792
scipy-powell,hot,0,175,2.3508,0.005792
scipy-powell,hot,0,176,2.3633,0.005792
scipy-powell,hot,0,177,2.3755,0.005792
scipy-powell,hot,0,178,2.3878,0.005792
scipy-powell,hot,0,182,2.4385,0.005726
scipy-powell,hot,0,184,2.4646,0.005703
scipy-powell,hot,0,185,2.4783,0.005688
scipy-powell,hot,0,186,2.4909,0.005687
scipy-powell,hot,0,187,2.5036,0.005687
scipy-powell,hot,0,188,2.5162,0.005687
scipy-powell,hot,0,189,2.5288,0.005687
scipy-powell,hot,0,190,2.5418,0.005687
scipy-powell,hot,0,191,2.5541,0.005687
scipy-powell,hot,0,350,4.5025,0.005683
scipy-powell,hot,0,352,4.5265,0.005676
scipy-powell,hot,0,353,4.5389,0.005670
scipy-powell,hot,0,354,4.5508,0.005670
scipy-powell,hot,0,355,4.5632,0.005670
scipy-powell,hot,0,356,4.5753,0.005670
scipy-powell,hot,0,357,4.5877,0.005670
scipy-powell,hot,0,358,4.6003,0.005670
scipy-powell,hot,0,372,4.7708,0.005670
scipy-powell,hot,0,373,4.7845,0.005670
scipy-powell,hot,0,374,4.7969,0.005670
scipy-powell,hot,0,375,4.8089,0.005670
scipy-powell,hot,0,376,4.8212,0.005670
scipy-powell,hot,0,377,4.8335,0.005670
scipy-powell,hot,0,382,4.8961,0.005670
scipy-powell,hot,0,819,10.2455,0.005538
scipy-powell,hot,0,825,10.3187,0.005538
scipy-powell,hot,0,826,10.3300,0.005536
scipy-powell,hot,0,828,10.3533,0.005536
scipy-powell,hot,0,829,10.3648,0.005536
scipy-powell,hot,0,830,10.3770,0.005536
scipy-powell,hot,0,831,10.3887,0.005536
scipy-powell,hot,0,832,10.4005,0.005536
scipy-powell,hot,0,833,10.4120,0.005536
scipy-powell,hot,0,877,10.9347,0.005520
scipy-powell,hot,0,883,11.0068,0.005512
scipy-powell,hot,0,885,11.0313,0.005512
scipy-powell,hot,0,886,11.0431,0.005512
scipy-powell,hot,0,887,11.0547,0.005512
scipy-powell,hot,0,888,11.0667,0.005512
scipy-powell,hot,0,889,11.0788,0.005512
scipy-powell,hot,0,891,11.1019,0.005512
scipy-powell,hot,0,905,11.2802,0.005510
scipy-powell,hot,0,907,11.3057,0.005510
scipy-powell,hot,0,908,11.3183,0.005510
scipy-powell,hot,0,909,11.3316,0.005510
scipy-powell,hot,0,910,11.3430,0.005510
scipy-powell,hot,0,911,11.3547,0.005510
scipy-powell,hot,0,912,11.3669,0.005510
scipy-powell,hot,0,913,11.3787,0.005510
scipy-powell,hot,0,918,11.4375,0.005503
scipy-powell,hot,0,919,11.4493,0.005503
scipy-powell,hot,0,922,11.4841,0.005503
scipy-powell,hot,0,924,11.5082,0.005503
scipy-powell,hot,0,925,11.5199,0.005503
scipy-powell,hot,0,926,11.5319,0.005503
scipy-powell,hot,0,933,11.6169,0.005503
scipy-powell,hot,0,934,11.6287,0.005503
scipy-powell,hot,0,940,11.7017,0.005500
scipy-powell,hot,0,941,11.7144,0.005500
scipy-powell,hot,0,943,11.7408,0.005500
scipy-powell,hot,0,944,11.7541,0.005500
scipy-powell,hot,0,945,11.7674,0.005500
scipy-powell,hot,0,946,11.7816,0.005500
scipy-powell,hot,0,947,11.7951,0.005500
scipy-powell,hot,0,950,11.8337,0.005500
scipy-powell,hot,0,951,11.8469,0.005396
scipy-powell,hot,0,952,11.8594,0.005383
scipy-powell,hot,0,955,11.8972,0.005383
scipy-powell,hot,0,958,11.9333,0.005383
scipy-powell,hot,0,959,11.9455,0.005383
scipy-powell,hot,0,960,11.9577,0.005383
scipy-powell,hot,0,961,11.9691,0.005383
scipy-powell,hot,0,962,11.9813,0.005383
scipy-powell,hot,1,0,0.0000,0.005830
scipy-powell,hot,1,4,0.0621,0.005825
scipy-powell,hot,1,5,0.0743,0.005818
scipy-powell,hot,1,6,0.0870,0.005818
scipy-powell,hot,1,7,0.0995,0.005797
scipy-powell,hot,1,8,0.1119,0.005759
scipy-powell,hot,1,9,0.1243,0.005747
scipy-powell,hot,1,10,0.1369,0.005744
scipy-powell,hot,1,12,0.1604,0.005744
scipy-powell,hot,1,14,0.1845,0.005744
scipy-powell,hot,1,15,0.1972,0.005744
scipy-powell,hot,1,16,0.2090,0.005744
scipy-powell,hot,1,17,0.2206,0.005744
scipy-powell,hot,1,25,0.3162,0.005733
scipy-powell,hot,1,28,0.3515,0.005733
scipy-powell,hot,1,29,0.3632,0.005733
scipy-powell,hot,1,30,0.3750,0.005733
scipy-powell,hot,1,31,0.3867,0.005733
scipy-powell,hot,1,32,0.3985,0.005733
scipy-powell,hot,1,34,0.4220,0.005733
scipy-powell,hot,1,42,0.5182,0.005729
scipy-powell,hot,1,50,0.6160,0.005729
scipy-powell,hot,1,51,0.6275,0.005729
scipy-powell,hot,1,52,0.6389,0.005729
scipy-powell,hot,1,53,0.6506,0.005729
scipy-powell,hot,1,54,0.6620,0.005729
scipy-powell,hot,1,423,5.2237,0.005724
scipy-powell,hot,1,426,5.2591,0.005724
scipy-powell,hot,1,427,5.2704,0.005724
scipy-powell,hot,1,428,5.2821,0.005724
scipy-powell,hot,1,429,5.2940,0.005724
scipy-powell,hot,1,432,5.3297,0.005694
scipy-powell,hot,1,433,5.3416,0.005673
scipy-powell,hot,1,434,5.3534,0.005668
scipy-powell,hot,1,435,5.3656,0.005667
scipy-powell,hot,1,436,5.3775,0.005666
scipy-powell,hot,1,437,5.3899,0.005665
scipy-powell,hot,1,438,5.4013,0.005665
scipy-powell,hot,1,439,5.4126,0.005665
scipy-powell,hot,1,440,5.4243,0.005665
scipy-powell,hot,1,441,5.4358,0.005665
scipy-powell,hot,1,442,5.4474,0.005664
scipy-powell,hot,1,443,5.4589,0.005664
scipy-powell,hot,1,444,5.4706,0.005664
scipy-powell,hot,1,445,5.4826,0.005664
scipy-powell,hot,1,446,5.4951,0.005664
scipy-powell,hot,1,447,5.5072,0.005664
scipy-powell,hot,1,448,5.5195,0.005664
scipy-powell,hot,1,449,5.5319,0.005664
scipy-powell,hot,1,450,5.5441,0.005664
scipy-powell,hot,1,451,5.5562,0.005664
scipy-powell,hot,1,452,5.5688,0.005664
scipy-powell,hot,1,453,5.5815,0.005664
scipy-powell,hot,1,454,5.5943,0.005664
scipy-powell,hot,1,455,5.6070,0.005664
scipy-powell,hot,1,456,5.6204,0.005664
scipy-powell,hot,1,457,5.6330,0.005664
scipy-powell,hot,1,458,5.6453,0.005664
scipy-powell,hot,1,459,5.6575,0.005664
scipy-powell,hot,1,460,5.6698,0.005664
scipy-powell,hot,1,461,5.6817,0.005664
scipy-powell,hot,1,462,5.6941,0.005664
scipy-powell,hot,1,463,5.7068,0.005664
scipy-powell,hot,1,464,5.7196,0.005664
scipy-powell,hot,1,465,5.7323,0.005664
scipy-powell,hot,1,466,5.7453,0.005664
scipy-powell,hot,1,467,5.7576,0.005664
scipy-powell,hot,1,468,5.7701,0.005664
scipy-powell,hot,1,471,5.8073,0.005662
scipy-powell,hot,1,472,5.8194,0.005661
scipy-powell,hot,1,474,5.8427,0.005659
scipy-powell,hot,1,476,5.8658,0.005659
scipy-powell,hot,1,477,5.8774,0.005659
scipy-powell,hot,1,478,5.8891,0.005659
scipy-powell,hot,1,483,5.9474,0.005659
scipy-powell,hot,1,484,5.9592,0.005659
scipy-powell,hot,1,485,5.9707,0.005659
scipy-powell,hot,1,486,5.9829,0.005659
scipy-powell,hot,1,487,5.9961,0.005659
scipy-powell,hot,1,488,6.0088,0.005659
scipy-powell,hot,1,489,6.0227,0.005659
scipy-powell,hot,1,490,6.0360,0.005659
scipy-powell,hot,1,491,6.0499,0.005659
scipy-powell,hot,1,492,6.0619,0.005659
scipy-powell,hot,1,493,6.0738,0.005659
scipy-powell,hot,1,494,6.0855,0.005659
scipy-powell,hot,1,495,6.0979,0.005659
scipy-powell,hot,1,496,6.1117,0.005659
scipy-powell,hot,1,497,6.1236,0.005659
scipy-powell,hot,1,498,6.1362,0.005659
scipy-powell,hot,1,499,6.1486,0.005659
scipy-powell,hot,1,500,6.1614,0.005659
scipy-powell,hot,1,501,6.1761,0.005659
scipy-powell,hot,1,502,6.1907,0.005659
scipy-powell,hot,1,503,6.2032,0.005659
scipy-powell,hot,1,504,6.2165,0.005659
scipy-powell,hot,1,505,6.2288,0.005659
scipy-powell,hot,1,506,6.2406,0.005659
scipy-powell,hot,1,507,6.2533,0.005659
scipy-powell,hot,1,508,6.2654,0.005659
scipy-powell,hot,1,509,6.2773,0.005659
scipy-powell,hot,1,510,6.2893,0.005659
scipy-powell,hot,1,511,6.3014,0.005659
scipy-powell,hot,1,512,6.3132,0.005659
scipy-powell,hot,1,513,6.3251,0.005659
scipy-powell,hot,1,514,6.3370,0.005659
scipy-powell,hot,1,515,6.3487,0.005659
scipy-powell,hot,1,516,6.3606,0.005659
scipy-powell,hot,1,517,6.3726,0.005659
scipy-powell,hot,1,518,6.3848,0.005659
scipy-powell,hot,1,519,6.3970,0.005659
scipy-powell,hot,1,520,6.4096,0.005659
scipy-powell,hot,1,521,6.4215,0.005659
scipy-powell,hot,1,522,6.4335,0.005659
scipy-powell,hot,1,525,6.4691,0.005659
scipy-powell,hot,1,526,6.4811,0.005659
scipy-powell,hot,1,527,6.4942,0.005659
scipy-powell,hot,1,528,6.5074,0.005659
scipy-powell,hot,1,529,6.5197,0.005659
scipy-powell,hot,1,530,6.5315,0.005659
scipy-powell,hot,1,531,6.5434,0.005659
scipy-powell,hot,1,539,6.6432,0.005659
scipy-powell,hot,1,549,6.7723,0.005659
scipy-powell,hot,1,550,6.7867,0.005659
scipy-powell,hot,1,551,6.8016,0.005659
scipy-powell,hot,1,552,6.8162,0.005659
scipy-powell,hot,1,553,6.8310,0.005659
scipy-powell,hot,1,554,6.8459,0.005659
scipy-powell,hot,1,555,6.8604,0.005659
scipy-powell,hot,1,556,6.8741,0.005659
scipy-powell,hot,1,557,6.8905,0.005659
scipy-powell,hot,1,558,6.9053,0.005659
scipy-powell,hot,1,559,6.9214,0.005659
scipy-powell,hot,1,560,6.9368,0.005659
scipy-powell,hot,1,561,6.9518,0.005659
scipy-powell,hot,1,562,6.9655,0.005659
scipy-powell,hot,1,563,6.9791,0.005659
scipy-powell,hot,1,564,6.9934,0.005659
scipy-powell,hot,1,565,7.0088,0.005659
scipy-powell,hot,1,566,7.0243,0.005659
scipy-powell,hot,1,567,7.0389,0.005659
scipy-powell,hot,1,568,7.0540,0.005659
scipy-powell,hot,1,569,7.0698,0.005659
scipy-powell,hot,1,570,7.0846,0.005659
scipy-powell,hot,1,571,7.1000,0.005659
scipy-powell,hot,1,572,7.1123,0.005659
scipy-powell,hot,1,573,7.1242,0.005659
scipy-powell,hot,1,574,7.1361,0.005659
scipy-powell,hot,1,575,7.1479,0.005659
scipy-powell,hot,1,576,7.1597,0.005659
scipy-powell,hot,1,577,7.1720,0.005659
scipy-powell,hot,1,578,7.1858,0.005659
scipy-powell,hot,1,579,7.1975,0.005659
scipy-powell,hot,1,580,7.2100,0.005659
scipy-powell,hot,1,585,7.2700,0.005659
scipy-powell,hot,1,587,7.2947,0.005659
scipy-powell,hot,1,588,7.3064,0.005659
scipy-powell,hot,1,589,7.3182,0.005659
scipy-powell,hot,1,590,7.3298,0.005659
scipy-powell,hot,1,596,7.4020,0.005659
scipy-powell,hot,1,612,7.6065,0.005659
scipy-powell,hot,1,613,7.6221,0.005659
scipy-powell,hot,1,614,7.6361,0.005659
scipy-powell,hot,1,615,7.6502,0.005659
scipy-powell,hot,1,617,7.6777,0.005659
scipy-powell,hot,1,618,7.6911,0.005659
scipy-powell,hot,1,619,7.7056,0.005659
scipy-powell,hot,1,635,7.9299,0.005632
scipy-powell,hot,1,642,8.0170,0.005632
scipy-powell,hot,1,643,8.0299,0.005632
scipy-powell,hot,1,644,8.0422,0.005632
scipy-powell,hot,1,645,8.0546,0.005632
scipy-powell,hot,1,646,8.0665,0.005632
scipy-powell,hot,1,647,8.0784,0.005632
scipy-powell,hot,1,649,8.1038,0.005632
scipy-powell,hot,1,739,9.2020,0.005631
scipy-powell,hot,1,743,9.2510,0.005630
scipy-powell,hot,1,745,9.2750,0.005628
scipy-powell,hot,1,746,9.2872,0.005628
scipy-powell,hot,1,747,9.2992,0.005628
scipy-powell,hot,1,748,9.3114,0.005628
scipy-powell,hot,1,749,9.3233,0.005628
scipy-powell,hot,1,750,9.3351,0.005628
scipy-powell,hot,1,757,9.4182,0.005612
scipy-powell,hot,1,759,9.4421,0.005612
scipy-powell,hot,1,760,9.4544,0.005610
scipy-powell,hot,1,761,9.4665,0.005610
scipy-powell,hot,1,762,9.4783,0.005610
scipy-powell,hot,1,764,9.5020,0.005610
scipy-powell,hot,1,765,9.5149,0.005610
scipy-powell,hot,1,766,9.5273,0.005610
scipy-powell,hot,1,769,9.5635,0.005594
scipy-powell,hot,1,770,9.5756,0.005571
scipy-powell,hot,1,774,9.6232,0.005571
scipy-powell,hot,1,775,9.6351,0.005571
scipy-powell,hot,1,776,9.6467,0.005571
scipy-powell,hot,1,777,9.6591,0.005571
scipy-powell,hot,1,778,9.6711,0.005571
scipy-powell,hot,1,788,9.7943,0.005570
scipy-powell,hot,1,789,9.8069,0.005569
scipy-powell,hot,1,791,9.8315,0.005569
scipy-powell,hot,1,792,9.8444,0.005569
scipy-powell,hot,1,794,9.8702,0.005569
scipy-powell,hot,1,795,9.8829,0.005569
scipy-powell,hot,1,797,9.9091,0.005569
scipy-powell,hot,1,798,9.9218,0.005569
scipy-powell,hot,1,799,9.9340,0.005569
scipy-powell,hot,1,800,9.9457,0.005569
scipy-powell,hot,1,801,9.9580,0.005569
scipy-powell,hot,1,802,9.9698,0.005569
scipy-powell,hot,1,803,9.9817,0.005569
scipy-powell,hot,1,808,10.0443,0.005569
scipy-powell,hot,1,813,10.1076,0.005563
scipy-powell,hot,1,818,10.1673,0.005563
scipy-powell,hot,1,819,10.1793,0.005563
scipy-powell,hot,1,820,10.1915,0.005563
scipy-powell,hot,1,821,10.2033,0.005563
scipy-powell,hot,1,832,10.3341,0.005562
scipy-powell,hot,1,834,10.3576,0.005562
scipy-powell,hot,1,836,10.3815,0.005562
scipy-powell,hot,1,837,10.3933,0.005562
scipy-powell,hot,1,838,10.4050,0.005562
scipy-powell,hot,1,839,10.4167,0.005562
scipy-powell,hot,1,840,10.4294,0.005562
scipy-powell,hot,1,841,10.4415,0.005562
scipy-powell,hot,1,921,11.4044,0.005513
scipy-powell,hot,1,927,11.4773,0.005510
scipy-powell,hot,1,928,11.4896,0.005510
scipy-powell,hot,1,929,11.5016,0.005510
scipy-powell,hot,1,930,11.5136,0.005510
scipy-powell,hot,1,931,11.5259,0.005510
scipy-powell,hot,1,932,11.5376,0.005510
scipy-powell,hot,1,933,11.5499,0.005510
scipy-powell,hot,1,945,11.6963,0.005506
scipy-powell,hot,1,947,11.7204,0.005505
scipy-powell,hot,1,948,11.7328,0.005505
scipy-powell,hot,1,949,11.7460,0.005505
scipy-powell,hot,1,950,11.7584,0.005505
scipy-powell,hot,1,951,11.7704,0.005505
scipy-powell,hot,1,952,11.7824,0.005505
scipy-powell,hot,1,953,11.7943,0.005505
scipy-powell,hot,1,955,11.8178,0.005505
scipy-powell,hot,1,959,11.8668,0.005115
scipy-powell,hot,1,960,11.8788,0.005093
scipy-powell,hot,1,962,11.9033,0.005077
scipy-powell,hot,1,964,11.9269,0.005042
scipy-powell,hot,1,965,11.9387,0.005042
scipy-powell,hot,1,966,11.9513,0.005033
scipy-powell,hot,1,968,11.9772,0.005033
scipy-powell,hot,1,970,12.0028,0.005033
scipy-powell,hot,1,971,12.0155,0.005033
scipy-powell,hot,1,972,12.0282,0.005033
scipy-powell,hot,1,973,12.0411,0.005033
scipy-powell,hot,1,1052,13.0387,0.005021
scipy-powell,hot,1,1057,13.0998,0.005021
scipy-powell,hot,1,1058,13.1131,0.005021
scipy-powell,hot,1,1059,13.1257,0.005021
scipy-powell,hot,1,1060,13.1378,0.005021
scipy-powell,hot,1,1061,13.1497,0.005021
scipy-powell,hot,1,1068,13.2334,0.005021
scipy-powell,hot,1,1081,13.3888,0.005021
scipy-powell,hot,1,1082,13.4018,0.005021
scipy-powell,hot,1,1083,13.4138,0.005020
scipy-powell,hot,1,1084,13.4266,0.005020
scipy-powell,hot,1,1085,13.4388,0.005020
scipy-powell,hot,1,1086,13.4507,0.005020
scipy-powell,hot,1,1087,13.4633,0.005020
scipy-powell,hot,1,1088,13.4754,0.005020
scipy-powell,hot,1,1089,13.4873,0.005020
scipy-powell,hot,1,1090,13.4991,0.005020
scipy-powell,hot,1,1091,13.5116,0.005020
scipy-powell,hot,1,1092,13.5239,0.005020
scipy-powell,hot,1,1093,13.5357,0.005020
scipy-powell,hot,1,1094,13.5479,0.005020
scipy-powell,hot,1,1095,13.5597,0.005020
scipy-powell,hot,1,1096,13.5719,0.005020
scipy-powell,hot,1,1097,13.5840,0.005020
scipy-powell,hot,1,1098,13.5959,0.005020
scipy-powell,hot,1,1099,13.6078,0.005020
scipy-powell,hot,1,1100,13.6200,0.005020
scipy-powell,hot,1,1101,13.6318,0.005020
scipy-powell,hot,1,1102,13.6435,0.005020
scipy-powell,hot,1,1103,13.6556,0.005020
scipy-powell,hot,1,1104,13.6673,0.005020
scipy-powell,hot,1,1105,13.6792,0.005020
scipy-powell,hot,1,1106,13.6910,0.005020
scipy-powell,hot,1,1107,13.7027,0.005020
scipy-powell,hot,1,1108,13.7144,0.005020
scipy-powell,hot,1,1109,13.7264,0.005020
scipy-powell,hot,1,1110,13.7391,0.005020
scipy-powell,hot,1,1111,13.7507,0.005020
scipy-powell,hot,1,1112,13.7631,0.005020
scipy-powell,hot,1,1113,13.7748,0.005020
scipy-powell,hot,1,1114,13.7865,0.005020
scipy-powell,hot,1,1565,20.0074,0.004882
scipy-powell,hot,1,1566,20.0189,0.004870
scipy-powell,hot,1,1570,20.0654,0.004870
scipy-powell,hot,1,1571,20.0768,0.004870
scipy-powell,hot,1,1573,20.0994,0.004870
scipy-powell,hot,1,1575,20.1234,0.004870
scipy-powell,hot,1,1576,20.1370,0.004870
scipy-powell,hot,1,1577,20.1492,0.004870
scipy-powell,hot,1,1585,20.2411,0.004869
scipy-powell,hot,1,1586,20.2525,0.004852
scipy-powell,hot,1,1589,20.2867,0.004852
scipy-powell,hot,1,1590,20.2979,0.004851
scipy-powell,hot,1,1591,20.3096,0.004851
scipy-powell,hot,1,1592,20.3212,0.004851
scipy-powell,hot,1,1593,20.3340,0.004851
scipy-powell,hot,1,1594,20.3466,0.004851
scipy-powell,hot,1,1595,20.3587,0.004851
scipy-powell,hot,1,1606,20.5679,0.004851
scipy-powell,hot,1,1607,20.5799,0.004850
scipy-powell,hot,1,1608,20.5922,0.004850
scipy-powell,hot,1,1609,20.6040,0.004850
scipy-powell,hot,1,1610,20.6163,0.004850
scipy-powell,hot,1,1611,20.6278,0.004850
scipy-powell,hot,1,1612,20.6396,0.004850
scipy-powell,hot,1,1613,20.6506,0.004850
scipy-powell,hot,1,1621,20.7438,0.004850
scipy-powell,hot,1,1630,20.8466,0.004850
scipy-powell,hot,1,1632,20.8685,0.004850
scipy-powell,hot,1,1633,20.8800,0.004850
scipy-powell,hot,1,1634,20.8911,0.004850
scipy-powell,hot,1,1635,20.9022,0.004850
scipy-powell,hot,1,1636,20.9137,0.004850
scipy-powell,hot,1,1645,21.0158,0.004840
scipy-powell,hot,1,1646,21.0281,0.004758
scipy-powell,hot,1,1649,21.0634,0.004758
scipy-powell,hot,1,1650,21.0745,0.004758
scipy-powell,hot,1,1651,21.0861,0.004758
scipy-powell,hot,1,1652,21.0976,0.004758
scipy-powell,hot,1,1653,21.1095,0.004758
scipy-powell,hot,1,1654,21.1209,0.004758
scipy-powell,hot,1,1657,21.1562,0.004668
scipy-powell,hot,1,1659,21.1789,0.004371
scipy-powell,hot,1,1661,21.2019,0.004349
scipy-powell,hot,1,1662,21.2134,0.004335
scipy-powell,hot,1,1664,21.2367,0.004335
scipy-powell,hot,1,1665,21.2481,0.004335
scipy-powell,hot,1,1666,21.2594,0.004335
scipy-powell,hot,1,1667,21.2711,0.004335
scipy-powell,hot,1,1668,21.2824,0.004335
scipy-powell,hot,1,1669,21.2937,0.004335
scipy-powell,hot,2,0,0.0000,0.005970
scipy-powell,hot,2,4,0.0651,0.005935
scipy-powell,hot,2,6,0.0897,0.005864
scipy-powell,hot,2,8,0.1136,0.005838
scipy-powell,hot,2,10,0.1381,0.005837
scipy-powell,hot,2,11,0.1501,0.005837
scipy-powell,hot,2,12,0.1623,0.005837
scipy-powell,hot,2,13,0.1741,0.005837
scipy-powell,hot,2,14,0.1863,0.005837
scipy-powell,hot,2,15,0.1983,0.005837
scipy-powell,hot,2,17,0.2224,0.005837
scipy-powell,hot,2,236,3.1918,0.005651
scipy-powell,hot,2,238,3.2168,0.005645
scipy-powell,hot,2,240,3.2407,0.005645
scipy-powell,hot,2,241,3.2527,0.005644
scipy-powell,hot,2,243,3.2768,0.005644
scipy-powell,hot,2,244,3.3028,0.005644
scipy-powell,hot,2,245,3.3149,0.005644
scipy-powell,hot,2,246,3.3276,0.005644
scipy-powell,hot,2,247,3.3401,0.005644
scipy-powell,hot,2,248,3.3525,0.005644
scipy-powell,hot,2,253,3.4141,0.005643
scipy-powell,hot,2,254,3.4266,0.005635
scipy-powell,hot,2,255,3.4391,0.005635
scipy-powell,hot,2,256,3.4513,0.005635
scipy-powell,hot,2,257,3.4651,0.005635
scipy-powell,hot,2,258,3.4778,0.005635
scipy-powell,hot,2,259,3.4896,0.005635
scipy-powell,hot,2,260,3.5026,0.005635
scipy-powell,hot,2,261,3.5152,0.005635
scipy-powell,hot,2,262,3.5283,0.005635
scipy-powell,hot,2,270,3.6296,0.005635
scipy-powell,hot,2,271,3.6419,0.005635
scipy-powell,hot,2,277,3.7175,0.005633
scipy-powell,hot,2,278,3.7308,0.005633
scipy-powell,hot,2,279,3.7435,0.005633
scipy-powell,hot,2,280,3.7573,0.005633
scipy-powell,hot,2,281,3.7719,0.005633
scipy-powell,hot,2,282,3.7835,0.005633
scipy-powell,hot,2,283,3.7958,0.005633
scipy-powell,hot,2,285,3.8190,0.005633
scipy-powell,hot,2,287,3.8448,0.005633
scipy-powell,hot,2,297,3.9737,0.005633
scipy-powell,hot,2,299,3.9993,0.005633
scipy-powell,hot,2,300,4.0123,0.005633
scipy-powell,hot,2,302,4.0377,0.005633
scipy-powell,hot,2,303,4.0520,0.005633
scipy-powell,hot,2,304,4.0645,0.005633
scipy-powell,hot,2,308,4.1199,0.005633
scipy-powell,hot,2,353,4.6872,0.005382
scipy-powell,hot,2,357,4.7348,0.005361
scipy-powell,hot,2,363,4.8138,0.005361
scipy-powell,hot,2,364,4.8265,0.005361
scipy-powell,hot,2,365,4.8385,0.005361
scipy-powell,hot,2,366,4.8504,0.005361
scipy-powell,hot,2,367,4.8623,0.005361
scipy-powell,hot,2,416,5.5030,0.005361
scipy-powell,hot,2,418,5.5319,0.005361
scipy-powell,hot,2,419,5.5471,0.005361
scipy-powell,hot,2,475,6.2961,0.005360
scipy-powell,hot,2,477,6.3221,0.005360
scipy-powell,hot,2,478,6.3347,0.005360
scipy-powell,hot,2,479,6.3487,0.005360
scipy-powell,hot,2,480,6.3608,0.005360
scipy-powell,hot,2,481,6.3730,0.005360
scipy-powell,hot,2,482,6.3956,0.005360
scipy-powell,hot,2,493,6.5569,0.005359
scipy-powell,hot,2,494,6.5704,0.005359
scipy-powell,hot,2,495,6.5837,0.005359
scipy-powell,hot,2,496,6.6015,0.005359
scipy-powell,hot,2,497,6.6160,0.005359
scipy-powell,hot,2,499,6.6423,0.005359
scipy-powell,hot,2,500,6.6551,0.005359
scipy-powell,hot,2,501,6.6676,0.005359
scipy-powell,hot,2,505,6.7207,0.005267
scipy-powell,hot,2,507,6.7465,0.005161
scipy-powell,hot,2,509,6.7714,0.005160
scipy-powell,hot,2,510,6.7841,0.005160
scipy-powell,hot,2,511,6.7964,0.005160
scipy-powell,hot,2,513,6.8208,0.005160
scipy-powell,hot,2,514,6.8336,0.005160
scipy-powell,hot,2,515,6.8462,0.005160
scipy-powell,hot,2,516,6.8580,0.005160
scipy-powell,hot,2,517,6.8708,0.005160
scipy-powell,hot,2,518,6.8834,0.005160
scipy-powell,hot,2,520,6.9103,0.005160
scipy-powell,hot,2,528,7.0100,0.005160
scipy-powell,hot,2,529,7.0230,0.005160
scipy-powell,hot,2,530,7.0351,0.005160
scipy-powell,hot,2,531,7.0468,0.005160
scipy-powell,hot,2,532,7.0586,0.005160
scipy-powell,hot,2,533,7.0707,0.005160
scipy-powell,hot,2,539,7.1461,0.005129
scipy-powell,hot,2,540,7.1585,0.005089
scipy-powell,hot,2,541,7.1706,0.005062
scipy-powell,hot,2,542,7.1828,0.005042
scipy-powell,hot,2,543,7.1943,0.005037
scipy-powell,hot,2,545,7.2188,0.005037
scipy-powell,hot,2,546,7.2317,0.005037
scipy-powell,hot,2,547,7.2444,0.005037
scipy-powell,hot,2,548,7.2567,0.005037
scipy-powell,hot,2,549,7.2687,0.005037
scipy-powell,hot,2,550,7.2816,0.005037
scipy-powell,hot,2,565,7.4688,0.005035
scipy-powell,hot,2,567,7.4943,0.005035
scipy-powell,hot,2,568,7.5063,0.005035
scipy-powell,hot,2,569,7.5196,0.005035
scipy-powell,hot,2,570,7.5323,0.005035
scipy-powell,hot,2,571,7.5458,0.005035
scipy-powell,hot,2,578,7.6380,0.005035
scipy-powell,hot,2,580,7.6640,0.005035
scipy-powell,hot,2,581,7.6769,0.005035
scipy-powell,hot,2,582,7.6904,0.005035
scipy-powell,hot,2,583,7.7030,0.005035
scipy-powell,hot,2,584,7.7161,0.005035
scipy-powell,hot,2,585,7.7295,0.005035
scipy-powell,hot,2,593,7.8333,0.005026
scipy-powell,hot,2,594,7.8455,0.005016
scipy-powell,hot,2,596,7.8701,0.005011
scipy-powell,hot,2,597,7.8826,0.005011
scipy-powell,hot,2,598,7.8956,0.005010
scipy-powell,hot,2,600,7.9209,0.005010
scipy-powell,hot,2,601,7.9331,0.005010
scipy-powell,hot,2,602,7.9450,0.005010
scipy-powell,hot,2,603,7.9590,0.005010
scipy-powell,hot,2,604,7.9712,0.005010
scipy-powell,hot,2,611,8.0583,0.005010
scipy-powell,hot,2,662,8.6980,0.004974
scipy-powell,hot,2,663,8.7099,0.004966
scipy-powell,hot,2,664,8.7222,0.004963
scipy-powell,hot,2,665,8.7339,0.004962
scipy-powell,hot,2,667,8.7584,0.004961
scipy-powell,hot,2,668,8.7714,0.004961
scipy-powell,hot,2,669,8.7844,0.004961
scipy-powell,hot,2,670,8.7968,0.004961
scipy-powell,hot,2,671,8.8083,0.004961
scipy-powell,hot,2,672,8.8205,0.004961
scipy-powell,hot,2,673,8.8333,0.004961
scipy-powell,hot,2,674,8.8461,0.004961
scipy-powell,hot,2,675,8.8579,0.004961
scipy-powell,hot,2,676,8.8699,0.004961
scipy-powell,hot,2,677,8.8820,0.004961
scipy-powell,hot,2,678,8.8942,0.004961
scipy-powell,hot,2,679,8.9064,0.004961
scipy-powell,hot,2,680,8.9186,0.004961
scipy-powell,hot,2,681,8.9313,0.004961
scipy-powell,hot,2,682,8.9436,0.004961
scipy-powell,hot,2,683,8.9558,0.004961
scipy-powell,hot,2,684,8.9701,0.004961
scipy-powell,hot,2,685,8.9824,0.004961
scipy-powell,hot,2,686,8.9944,0.004961
scipy-powell,hot,2,687,9.0065,0.004961
scipy-powell,hot,2,688,9.0189,0.004961
scipy-powell,hot,2,689,9.0313,0.004961
scipy-powell,hot,2,690,9.0436,0.004961
scipy-powell,hot,2,691,9.0551,0.004961
scipy-powell,hot,2,692,9.0679,0.004961
scipy-powell,hot,2,693,9.0800,0.004961
scipy-powell,hot,2,694,9.0919,0.004961
scipy-powell,hot,2,695,9.1043,0.004961
scipy-powell,hot,2,696,9.1164,0.004961
scipy-powell,hot,2,697,9.1283,0.004961
scipy-powell,hot,2,698,9.1401,0.004961
scipy-powell,hot,2,699,9.1520,0.004958
scipy-powell,hot,2,704,9.2135,0.004958
scipy-powell,hot,2,705,9.2253,0.004958
scipy-powell,hot,2,706,9.2373,0.004958
scipy-powell,hot,2,711,9.2973,0.004958
scipy-powell,hot,2,717,9.3793,0.004957
scipy-powell,hot,2,718,9.3928,0.004956
scipy-powell,hot,2,719,9.4049,0.004956
scipy-powell,hot,2,721,9.4288,0.004956
scipy-powell,hot,2,722,9.4415,0.004956
scipy-powell,hot,2,723,9.4533,0.004956
scipy-powell,hot,2,724,9.4649,0.004956
scipy-powell,hot,2,725,9.4770,0.004956
scipy-powell,hot,2,726,9.4896,0.004956
scipy-powell,hot,2,727,9.5013,0.004956
scipy-powell,hot,2,728,9.5131,0.004956
scipy-powell,hot,2,729,9.5253,0.004956
scipy-powell,hot,2,730,9.5377,0.004956
scipy-powell,hot,2,731,9.5495,0.004956
scipy-powell,hot,2,732,9.5613,0.004956
scipy-powell,hot,2,733,9.5731,0.004956
scipy-powell,hot,2,734,9.5847,0.004956
scipy-powell,hot,2,735,9.5967,0.004956
scipy-powell,hot,2,736,9.6087,0.004956
scipy-powell,hot,2,737,9.6213,0.004956
scipy-powell,hot,2,738,9.6337,0.004956
scipy-powell,hot,2,739,9.6456,0.004956
scipy-powell,hot,2,740,9.6575,0.004956
scipy-powell,hot,2,741,9.6695,0.004956
scipy-powell,hot,2,742,9.6812,0.004956
scipy-powell,hot,2,743,9.6933,0.004956
scipy-powell,hot,2,744,9.7051,0.004956
scipy-powell,hot,2,745,9.7173,0.004956
scipy-powell,hot,2,746,9.7293,0.004956
scipy-powell,hot,2,747,9.7416,0.004956
scipy-powell,hot,2,748,9.7543,0.004956
scipy-powell,hot,2,749,9.7671,0.004956
scipy-powell,hot,2,750,9.7799,0.004956
scipy-powell,hot,2,751,9.7921,0.004956
scipy-powell,hot,2,754,9.8359,0.004930
scipy-powell,hot,2,759,9.8986,0.004930
scipy-powell,hot,2,761,9.9224,0.004930
scipy-powell,hot,2,762,9.9344,0.004930
scipy-powell,hot,2,763,9.9468,0.004930
scipy-powell,hot,2,764,9.9585,0.004930
scipy-powell,hot,2,773,10.0700,0.004928
scipy-powell,hot,2,776,10.1073,0.004928
scipy-powell,hot,2,777,10.1194,0.004928
scipy-powell,hot,2,780,10.1548,0.004928
scipy-powell,hot,2,781,10.1667,0.004928
scipy-powell,hot,2,782,10.1783,0.004928
scipy-powell,hot,2,801,11.0802,0.004889
scipy-powell,hot,2,804,11.1209,0.004870
scipy-powell,hot,2,809,11.1854,0.004870
scipy-powell,hot,2,810,11.1978,0.004870
scipy-powell,hot,2,811,11.2101,0.004870
scipy-powell,hot,2,812,11.2222,0.004870
scipy-powell,hot,2,817,11.2848,0.004870
scipy-powell,hot,2,818,11.2998,0.004870
scipy-powell,hot,2,819,11.3159,0.004870
scipy-powell,hot,2,820,11.3313,0.004870
scipy-powell,hot,2,821,11.3473,0.004870
scipy-powell,hot,2,822,11.3626,0.004870
scipy-powell,hot,2,840,11.6402,0.004868
scipy-powell,hot,2,842,11.6659,0.004868
scipy-powell,hot,2,843,11.6791,0.004867
scipy-powell,hot,2,844,11.6924,0.004867
scipy-powell,hot,2,847,11.7310,0.004867
scipy-powell,hot,2,849,11.7582,0.004867
scipy-powell,hot,2,850,11.7712,0.004867
scipy-powell,hot,2,851,11.7845,0.004867
scipy-powell,hot,2,852,11.7969,0.004867
scipy-powell,hot,2,860,11.8981,0.004867
scipy-powell,hot,2,1197,16.0678,0.004804
scipy-powell,hot,2,1199,16.0934,0.004730
scipy-powell,hot,2,1201,16.1185,0.004703
scipy-powell,hot,2,1202,16.1305,0.004702
scipy-powell,hot,2,1203,16.1425,0.004702
scipy-powell,hot,2,1205,16.1688,0.004702
scipy-powell,hot,2,1206,16.1810,0.004702
scipy-powell,hot,2,1207,16.1940,0.004702
scipy-powell,hot,2,1208,16.2069,0.004702
scipy-powell,hot,2,1209,16.2204,0.004702
scipy-powell,hot,2,1219,16.3432,0.004701
scipy-powell,hot,2,1222,16.3792,0.004701
scipy-powell,hot,2,1224,16.4029,0.004701
scipy-powell,hot,2,1225,16.4150,0.004701
scipy-powell,hot,2,1226,16.4276,0.004701
scipy-powell,hot,2,1238,16.5737,0.004701
scipy-powell,hot,2,1240,16.5972,0.004701
scipy-powell,hot,2,1241,16.6089,0.004701
scipy-powell,hot,2,1242,16.6208,0.004701
scipy-powell,hot,2,1247,16.6804,0.004701
scipy-powell,hot,2,1257,16.8001,0.004698
scipy-powell,hot,2,1258,16.8123,0.004698
scipy-powell,hot,2,1259,16.8243,0.004698
scipy-powell,hot,2,1260,16.8369,0.004698
scipy-powell,hot,2,1261,16.8491,0.004698
scipy-powell,hot,2,1262,16.8616,0.004698
scipy-powell,hot,2,1268,16.9325,0.004674
scipy-powell,hot,2,1271,16.9682,0.004670
scipy-powell,hot,2,1272,16.9796,0.004670
scipy-powell,hot,2,1274,17.0038,0.004670
scipy-powell,hot,2,1275,17.0156,0.004670
scipy-powell,hot,2,1276,17.0270,0.004670
scipy-powell,hot,2,1277,17.0396,0.004670
scipy-powell,hot,2,1278,17.0526,0.004670
scipy-powell,hot,2,1282,17.1039,0.004670
scipy-powell,hot,3,0,0.0000,0.006025
scipy-powell,hot,3,19,0.2665,0.005766
scipy-powell,hot,3,23,0.3181,0.005765
scipy-powell,hot,3,27,0.3702,0.005765
scipy-powell,hot,3,28,0.3827,0.005765
scipy-powell,hot,3,29,0.3948,0.005765
scipy-powell,hot,3,30,0.4076,0.005765
scipy-powell,hot,3,31,0.4196,0.005765
scipy-powell,hot,3,32,0.4320,0.005765
scipy-powell,hot,3,34,0.4569,0.005765
scipy-powell,hot,3,80,1.0199,0.005747
scipy-powell,hot,3,81,1.0325,0.005673
scipy-powell,hot,3,88,1.1178,0.005673
scipy-powell,hot,3,89,1.1297,0.005673
scipy-powell,hot,3,90,1.1413,0.005673
scipy-powell,hot,3,91,1.1536,0.005673
scipy-powell,hot,3,92,1.1652,0.005673
scipy-powell,hot,3,93,1.1775,0.005673
scipy-powell,hot,3,96,1.2129,0.005673
scipy-powell,hot,3,98,1.2368,0.005673
scipy-powell,hot,3,109,1.3694,0.005673
scipy-powell,hot,3,110,1.3815,0.005673
scipy-powell,hot,3,111,1.3934,0.005673
scipy-powell,hot,3,112,1.4062,0.005673
scipy-powell,hot,3,113,1.4192,0.005673
scipy-powell,hot,3,115,1.4453,0.005673
scipy-powell,hot,3,120,1.5058,0.005673
scipy-powell,hot,3,168,2.1104,0.005559
scipy-powell,hot,3,170,2.1365,0.005556
scipy-powell,hot,3,175,2.2064,0.005555
scipy-powell,hot,3,176,2.2219,0.005555
scipy-powell,hot,3,178,2.2481,0.005555
scipy-powell,hot,3,180,2.2745,0.005555
scipy-powell,hot,3,444,5.6317,0.005290
scipy-powell,hot,3,446,5.6554,0.005273
scipy-powell,hot,3,448,5.6807,0.005272
scipy-powell,hot,3,449,5.6932,0.005271
scipy-powell,hot,3,450,5.7070,0.005271
scipy-powell,hot,3,451,5.7204,0.005271
scipy-powell,hot,3,452,5.7335,0.005271
scipy-powell,hot,3,454,5.7584,0.005271
scipy-powell,hot,3,463,5.8696,0.005271
scipy-powell,hot,3,465,5.8965,0.005271
scipy-powell,hot,3,466,5.9093,0.005271
scipy-powell,hot,3,467,5.9234,0.005271
scipy-powell,hot,3,470,5.9613,0.005271
scipy-powell,hot,3,471,5.9742,0.005271
scipy-powell,hot,3,472,5.9882,0.005271
scipy-powell,hot,3,476,6.0419,0.005271
scipy-powell,hot,3,481,6.1091,0.005271
scipy-powell,hot,3,484,6.1480,0.005271
scipy-powell,hot,3,486,6.1723,0.005271
scipy-powell,hot,3,487,6.1839,0.005271
scipy-powell,hot,3,488,6.1958,0.005271
scipy-powell,hot,3,489,6.2121,0.005271
scipy-powell,hot,3,490,6.2253,0.005271
scipy-powell,hot,3,491,6.2369,0.005271
scipy-powell,hot,3,492,6.2484,0.005271
scipy-powell,hot,3,502,6.3757,0.005271
scipy-powell,hot,3,512,6.5120,0.005271
scipy-powell,hot,3,514,6.5374,0.005271
scipy-powell,hot,3,515,6.5501,0.005271
scipy-powell,hot,3,516,6.5639,0.005271
scipy-powell,hot,3,517,6.5787,0.005271
scipy-powell,hot,3,518,6.5926,0.005271
scipy-powell,hot,3,519,6.6059,0.005271
scipy-powell,hot,3,520,6.6183,0.005271
scipy-powell,hot,3,527,6.7070,0.005271
scipy-powell,hot,3,533,6.7791,0.005203
scipy-powell,hot,3,536,6.8157,0.005178
scipy-powell,hot,3,538,6.8392,0.005178
scipy-powell,hot,3,539,6.8510,0.005178
scipy-powell,hot,3,540,6.8630,0.005178
scipy-powell,hot,3,541,6.8746,0.005178
scipy-powell,hot,3,542,6.8867,0.005178
scipy-powell,hot,3,551,6.9960,0.005173
scipy-powell,hot,3,553,7.0195,0.005172
scipy-powell,hot,3,554,7.0315,0.005169
scipy-powell,hot,3,555,7.0433,0.005168
scipy-powell,hot,3,556,7.0557,0.005168
scipy-powell,hot,3,558,7.0806,0.005168
scipy-powell,hot,3,560,7.1044,0.005168
scipy-powell,hot,3,562,7.1281,0.005168
scipy-powell,hot,3,563,7.1396,0.005168
scipy-powell,hot,3,571,7.2364,0.005126
scipy-powell,hot,3,574,7.2723,0.005124
scipy-powell,hot,3,576,7.2967,0.005124
scipy-powell,hot,3,577,7.3085,0.005124
scipy-powell,hot,3,578,7.3202,0.005124
scipy-powell,hot,3,586,7.4180,0.005123
scipy-powell,hot,3,588,7.4443,0.005122
scipy-powell,hot,3,589,7.4556,0.005122
scipy-powell,hot,3,590,7.4674,0.005122
scipy-powell,hot,3,591,7.4791,0.005122
scipy-powell,hot,3,592,7.4907,0.005122
scipy-powell,hot,3,593,7.5023,0.005122
scipy-powell,hot,3,594,7.5147,0.005122
scipy-powell,hot,3,602,7.6102,0.005121
scipy-powell,hot,3,603,7.6227,0.005121
scipy-powell,hot,3,604,7.6356,0.005121
scipy-powell,hot,3,605,7.6476,0.005121
scipy-powell,hot,3,606,7.6596,0.005121
scipy-powell,hot,3,636,8.0353,0.005099
scipy-powell,hot,3,637,8.0481,0.005099
scipy-powell,hot,3,638,8.0612,0.005099
scipy-powell,hot,3,639,8.0738,0.005099
scipy-powell,hot,3,640,8.0855,0.005099
scipy-powell,hot,3,641,8.0984,0.005099
scipy-powell,hot,3,642,8.1115,0.005099
scipy-powell,hot,3,649,8.2018,0.005098
scipy-powell,hot,3,651,8.2279,0.005094
scipy-powell,hot,3,653,8.2515,0.005094
scipy-powell,hot,3,654,8.2636,0.005094
scipy-powell,hot,3,655,8.2756,0.005094
scipy-powell,hot,3,656,8.2875,0.005094
scipy-powell,hot,3,657,8.2995,0.005094
scipy-powell,hot,3,661,8.3483,0.005093
scipy-powell,hot,3,662,8.3600,0.005080
scipy-powell,hot,3,665,8.3964,0.005075
scipy-powell,hot,3,667,8.4203,0.005074
scipy-powell,hot,3,668,8.4325,0.005074
scipy-powell,hot,3,669,8.4459,0.005074
scipy-powell,hot,3,670,8.4589,0.005074
scipy-powell,hot,3,671,8.4722,0.005074
scipy-powell,hot,3,672,8.4858,0.005074
scipy-powell,hot,3,673,8.5010,0.005074
scipy-powell,hot,3,674,8.5150,0.005074
scipy-powell,hot,3,682,8.6306,0.005074
scipy-powell,hot,3,683,8.6468,0.005074
scipy-powell,hot,3,684,8.6604,0.005074
scipy-powell,hot,3,685,8.6745,0.005074
scipy-powell,hot,3,686,8.6879,0.005074
scipy-powell,hot,3,687,8.7022,0.005074
scipy-powell,hot,3,688,8.7155,0.005074
scipy-powell,hot,3,1300,16.4577,0.005068
scipy-powell,hot,3,1301,16.4714,0.005067
scipy-powell,hot,3,1302,16.4847,0.005067
scipy-powell,hot,3,1303,16.4972,0.005067
scipy-powell,hot,3,1304,16.5104,0.005067
scipy-powell,hot,3,1305,16.5227,0.005067
scipy-powell,hot,3,1306,16.5361,0.005067
scipy-powell,hot,3,1307,16.5478,0.005067
scipy-powell,hot,3,1308,16.5599,0.005067
scipy-powell,hot,3,1313,16.6215,0.004953
scipy-powell,hot,3,1317,16.6702,0.004952
scipy-powell,hot,3,1318,16.6822,0.004949
scipy-powell,hot,3,1319,16.6944,0.004949
scipy-powell,hot,3,1320,16.7071,0.004949
scipy-powell,hot,3,1321,16.7189,0.004949
scipy-powell,hot,3,1322,16.7312,0.004949
scipy-powell,hot,3,1343,17.0019,0.004946
scipy-powell,hot,3,1344,17.0150,0.004946
scipy-powell,hot,3,1345,17.0268,0.004946
scipy-powell,hot,3,1347,17.0523,0.004946
scipy-powell,hot,3,1348,17.0658,0.004946
scipy-powell,hot,3,1349,17.0783,0.004946
scipy-powell,hot,3,1355,17.1519,0.004942
scipy-powell,hot,3,1356,17.1645,0.004941
scipy-powell,hot,3,1357,17.1773,0.004940
scipy-powell,hot,3,1359,17.2025,0.004940
scipy-powell,hot,3,1360,17.2158,0.004940
scipy-powell,hot,3,1361,17.2280,0.004940
scipy-powell,hot,3,1362,17.2399,0.004940
scipy-powell,hot,3,1363,17.2518,0.004940
scipy-powell,hot,3,1404,17.7697,0.004867
scipy-powell,hot,3,1406,17.7957,0.004856
scipy-powell,hot,3,1412,17.8694,0.004856
scipy-powell,hot,3,1413,17.8815,0.004856
scipy-powell,hot,3,1414,17.8935,0.004856
scipy-powell,hot,3,1421,17.9781,0.004853
scipy-powell,hot,3,1425,18.0262,0.004852
scipy-powell,hot,3,1426,18.0380,0.004852
scipy-powell,hot,3,1427,18.0505,0.004852
scipy-powell,hot,3,1428,18.0625,0.004852
scipy-powell,hot,3,1429,18.0740,0.004852
scipy-powell,hot,3,1430,18.0860,0.004852
scipy-powell,hot,3,1431,18.0981,0.004852
scipy-powell,hot,3,1439,18.1945,0.004852
scipy-powell,hot,3,1441,18.2184,0.004852
scipy-powell,hot,3,1449,18.3127,0.004852
scipy-powell,hot,3,1453,18.3600,0.004852
scipy-powell,hot,3,1454,18.3717,0.004852
scipy-powell,hot,3,1455,18.3838,0.004852
scipy-powell,hot,3,1456,18.3957,0.004852
scipy-powell,hot,3,1457,18.4074,0.004852
scipy-powell,hot,3,1460,18.4444,0.004852
scipy-powell,hot,3,1462,18.4678,0.004852
scipy-powell,hot,3,1511,19.0630,0.004804
scipy-powell,hot,3,1513,19.0885,0.004804
scipy-powell,hot,3,1514,19.1008,0.004804
scipy-powell,hot,3,1516,19.1243,0.004804
scipy-powell,hot,3,1518,19.1484,0.004804
scipy-powell,hot,3,1519,19.1599,0.004804
scipy-powell,hot,3,1521,19.1833,0.004804
scipy-powell,hot,3,1522,19.1954,0.004804
scipy-powell,hot,3,1524,19.2195,0.004804
scipy-powell,hot,3,1525,19.2323,0.004804
scipy-powell,hot,3,1526,19.2448,0.004804
scipy-powell,hot,3,1527,19.2580,0.004804
scipy-powell,hot,3,1529,19.2826,0.004804
scipy-powell,hot,3,1530,19.2956,0.004804
scipy-powell,hot,3,1578,19.8957,0.004804
scipy-powell,hot,3,1581,19.9336,0.004804
scipy-powell,hot,3,1582,19.9459,0.004804
scipy-powell,hot,3,1583,19.9578,0.004804
scipy-powell,hot,3,1584,19.9706,0.004804
scipy-powell,hot,3,1585,19.9825,0.004804
scipy-powell,hot,3,1598,20.1391,0.004775
scipy-powell,hot,3,1599,20.1513,0.004754
scipy-powell,hot,3,1600,20.1631,0.004707
scipy-powell,hot,3,1603,20.1981,0.004702
scipy-powell,hot,3,1604,20.2097,0.004701
scipy-powell,hot,3,1605,20.2211,0.004701
scipy-powell,hot,3,1606,20.2331,0.004701
scipy-powell,hot,3,1607,20.2450,0.004701
scipy-powell,hot,3,1608,20.2570,0.004701
scipy-powell,hot,3,1614,20.3273,0.004701
scipy-powell,hot,3,1616,20.3515,0.004700
scipy-powell,hot,3,1617,20.3634,0.004700
scipy-powell,hot,3,1618,20.3750,0.004700
scipy-powell,hot,3,1619,20.3878,0.004700
scipy-powell,hot,3,1620,20.3997,0.004700
scipy-powell,hot,3,1628,20.5048,0.004693
scipy-powell,hot,3,1629,20.5165,0.004687
scipy-powell,hot,3,1633,20.5695,0.004687
scipy-powell,hot,3,1634,20.5822,0.004687
scipy-powell,hot,3,1635,20.5953,0.004687
scipy-powell,hot,3,1636,20.6091,0.004687
scipy-powell,hot,3,1637,20.6216,0.004687
scipy-powell,hot,3,1638,20.6334,0.004687
scipy-powell,hot,3,1639,20.6454,0.004687
scipy-powell,hot,3,1646,20.7289,0.004679
scipy-powell,hot,3,1647,20.7408,0.004661
scipy-powell,hot,3,1654,20.8229,0.004660
scipy-powell,hot,3,1655,20.8345,0.004660
scipy-powell,hot,3,1656,20.8467,0.004660
scipy-powell,hot,3,1657,20.8590,0.004660
scipy-powell,hot,3,1658,20.8708,0.004660
scipy-powell,hot,3,1659,20.8833,0.004660
scipy-powell,hot,3,1679,21.1458,0.004647
scipy-powell,hot,3,1681,21.1724,0.004646
scipy-powell,hot,3,1683,21.1979,0.004639
scipy-powell,hot,3,1684,21.2100,0.004637
scipy-powell,hot,3,1686,21.2348,0.004636
scipy-powell,hot,3,1687,21.2472,0.004636
scipy-powell,hot,3,1688,21.2592,0.004636
scipy-powell,hot,3,1689,21.2718,0.004636
scipy-powell,hot,3,1690,21.2842,0.004636
scipy-powell,hot,3,1691,21.2968,0.004636
scipy-powell,hot,3,1692,21.3088,0.004636
scipy-powell,hot,3,1704,21.4582,0.004636
scipy-powell,hot,3,1705,21.4704,0.004635
scipy-powell,hot,3,1706,21.4825,0.004635
scipy-powell,hot,3,1707,21.4948,0.004635
scipy-powell,hot,3,1708,21.5075,0.004635
scipy-powell,hot,3,1709,21.5205,0.004635
scipy-powell,hot,3,1717,21.6191,0.004631
scipy-powell,hot,3,1719,21.6441,0.004630
scipy-powell,hot,3,1720,21.6564,0.004630
scipy-powell,hot,3,1721,21.6686,0.004630
scipy-powell,hot,3,1722,21.6813,0.004630
scipy-powell,hot,3,1731,21.7933,0.004628
scipy-powell,hot,3,1732,21.8057,0.004628
scipy-powell,hot,3,1733,21.8184,0.004627
scipy-powell,hot,3,1735,21.8429,0.004627
scipy-powell,hot,3,1736,21.8549,0.004627
scipy-powell,hot,3,1737,21.8668,0.004627
scipy-powell,hot,3,1738,21.8789,0.004627
scipy-powell,hot,3,1750,22.0318,0.004627
scipy-powell,hot,3,1752,22.0572,0.004585
scipy-powell,hot,3,1755,22.0934,0.004584
scipy-powell,hot,3,1756,22.1056,0.004584
scipy-powell,hot,3,1758,22.1297,0.004584
scipy-powell,hot,3,1759,22.1419,0.004584
scipy-powell,hot,3,1760,22.1541,0.004584
scipy-powell,hot,3,1761,22.1667,0.004584
scipy-powell,hot,3,1762,22.1799,0.004584
scipy-powell,hot,3,1766,22.2291,0.004584
scipy-powell,hot,3,1770,22.2777,0.004579
scipy-powell,hot,3,1775,22.3385,0.004579
scipy-powell,hot,3,1777,22.3621,0.004579
scipy-powell,hot,3,1778,22.3741,0.004579
scipy-powell,hot,3,1779,22.3858,0.004579
scipy-powell,hot,3,1780,22.3973,0.004579
scipy-powell,hot,3,1781,22.4092,0.004579
scipy-powell,hot,3,1782,22.4228,0.004579
scipy-powell,hot,3,1783,22.4350,0.004579
scipy-powell,hot,3,1792,22.5463,0.004573
scipy-powell,hot,3,1793,22.5583,0.004561
scipy-powell,hot,3,1795,22.5824,0.004560
scipy-powell,hot,3,1796,22.5946,0.004560
scipy-powell,hot,3,1797,22.6066,0.004560
scipy-powell,hot,3,1798,22.6183,0.004560
scipy-powell,hot,3,1799,22.6300,0.004560
scipy-powell,hot,3,1800,22.6425,0.004560
scipy-powell,hot,3,1810,22.7658,0.004533
scipy-powell,hot,3,1812,22.7893,0.004528
scipy-powell,hot,3,1813,22.8021,0.004528
scipy-powell,hot,3,1814,22.8138,0.004528
scipy-powell,hot,3,1815,22.8255,0.004528
scipy-powell,hot,3,1816,22.8375,0.004528
scipy-powell,hot,3,1823,22.9196,0.004525
scipy-powell,hot,3,1824,22.9311,0.004500
scipy-powell,hot,3,1825,22.9427,0.004491
scipy-powell,hot,3,1826,22.9544,0.004491
scipy-powell,hot,3,1827,22.9664,0.004489
scipy-powell,hot,3,1828,22.9801,0.004489
scipy-powell,hot,3,1829,22.9933,0.004489
scipy-powell,hot,3,1830,23.0069,0.004489
scipy-powell,hot,3,1831,23.0187,0.004489
scipy-powell,hot,3,1832,23.0309,0.004489
scipy-powell,hot,3,1833,23.0439,0.004489
scipy-powell,hot,4,0,0.0000,0.006128
scipy-powell,hot,4,2,0.0400,0.005933
scipy-powell,hot,4,4,0.0670,0.005933
scipy-powell,hot,4,5,0.0801,0.005929
scipy-powell,hot,4,6,0.0927,0.005927
scipy-powell,hot,4,7,0.1052,0.005924
scipy-powell,hot,4,8,0.1174,0.005924
scipy-powell,hot,4,9,0.1291,0.005923
scipy-powell,hot,4,10,0.1409,0.005923
scipy-powell,hot,4,11,0.1533,0.005923
scipy-powell,hot,4,12,0.1658,0.005923
scipy-powell,hot,4,14,0.1904,0.005923
scipy-powell,hot,4,420,5.5317,0.005904
scipy-powell,hot,4,421,5.5445,0.005875
scipy-powell,hot,4,422,5.5568,0.005868
scipy-powell,hot,4,423,5.5700,0.005867
scipy-powell,hot,4,424,5.5822,0.005865
scipy-powell,hot,4,425,5.5946,0.005864
scipy-powell,hot,4,426,5.6078,0.005864
scipy-powell,hot,4,427,5.6201,0.005864
scipy-powell,hot,4,428,5.6325,0.005863
scipy-powell,hot,4,429,5.6450,0.005863
scipy-powell,hot,4,430,5.6578,0.005863
scipy-powell,hot,4,431,5.6699,0.005863
scipy-powell,hot,4,432,5.6821,0.005863
scipy-powell,hot,4,433,5.6939,0.005863
scipy-powell,hot,4,434,5.7064,0.005863
scipy-powell,hot,4,435,5.7185,0.005863
scipy-powell,hot,4,436,5.7300,0.005863
scipy-powell,hot,4,437,5.7418,0.005863
scipy-powell,hot,4,438,5.7537,0.005863
scipy-powell,hot,4,439,5.7659,0.005863
scipy-powell,hot,4,440,5.7781,0.005863
scipy-powell,hot,4,441,5.7900,0.005863
scipy-powell,hot,4,442,5.8018,0.005863
scipy-powell,hot,4,443,5.8141,0.005863
scipy-powell,hot,4,444,5.8266,0.005863
scipy-powell,hot,4,445,5.8384,0.005863
scipy-powell,hot,4,446,5.8507,0.005863
scipy-powell,hot,4,447,5.8632,0.005863
scipy-powell,hot,4,448,5.8759,0.005863
scipy-powell,hot,4,449,5.8879,0.005863
scipy-powell,hot,4,450,5.8997,0.005863
scipy-powell,hot,4,451,5.9121,0.005863
scipy-powell,hot,4,452,5.9242,0.005863
scipy-powell,hot,4,453,5.9358,0.005863
scipy-powell,hot,4,454,5.9482,0.005863
scipy-powell,hot,4,455,5.9602,0.005863
scipy-powell,hot,4,456,5.9722,0.005863
scipy-powell,hot,4,457,5.9844,0.005861
scipy-powell,hot,4,459,6.0086,0.005861
scipy-powell,hot,4,460,6.0208,0.005860
scipy-powell,hot,4,462,6.0443,0.005856
scipy-powell,hot,4,463,6.0566,0.005854
scipy-powell,hot,4,465,6.0804,0.005854
scipy-powell,hot,4,467,6.1038,0.005854
scipy-powell,hot,4,468,6.1156,0.005854
scipy-powell,hot,4,580,7.4620,0.005852
scipy-powell,hot,4,581,7.4737,0.005850
scipy-powell,hot,4,582,7.4853,0.005849
scipy-powell,hot,4,586,7.5320,0.005849
scipy-powell,hot,4,588,7.5560,0.005849
scipy-powell,hot,4,589,7.5685,0.005849
scipy-powell,hot,4,590,7.5799,0.005849
scipy-powell,hot,4,591,7.5914,0.005849
scipy-powell,hot,4,592,7.6029,0.005849
scipy-powell,hot,4,593,7.6147,0.005849
scipy-powell,hot,4,594,7.6261,0.005849
scipy-powell,hot,4,597,7.6615,0.005849
scipy-powell,hot,4,614,7.8619,0.005849
scipy-powell,hot,4,615,7.8736,0.005849
scipy-powell,hot,4,616,7.8852,0.005849
scipy-powell,hot,4,617,7.8970,0.005849
scipy-powell,hot,4,625,7.9927,0.005618
scipy-powell,hot,4,626,8.0045,0.005578
scipy-powell,hot,4,627,8.0164,0.005526
scipy-powell,hot,4,630,8.0528,0.005526
scipy-powell,hot,4,631,8.0645,0.005526
scipy-powell,hot,4,632,8.0761,0.005526
scipy-powell,hot,4,633,8.0899,0.005526
scipy-powell,hot,4,1400,17.4216,0.005414
scipy-powell,hot,4,1401,17.4330,0.005398
scipy-powell,hot,4,1404,17.4688,0.005396
scipy-powell,hot,4,1405,17.4807,0.005395
scipy-powell,hot,4,1406,17.4929,0.005395
scipy-powell,hot,4,1407,17.5055,0.005395
scipy-powell,hot,4,1408,17.5183,0.005395
scipy-powell,hot,4,1409,17.5300,0.005395
scipy-powell,hot,4,1475,18.4238,0.005149
scipy-powell,hot,4,1480,18.5226,0.005149
scipy-powell,hot,4,1482,18.5616,0.005149
scipy-powell,hot,4,1483,18.5815,0.005149
scipy-powell,hot,4,1484,18.6009,0.005149
scipy-powell,hot,4,1485,18.6207,0.005149
scipy-powell,hot,4,1486,18.6392,0.005149
scipy-powell,hot,4,1487,18.6508,0.005149
scipy-powell,hot,4,1488,18.6625,0.005149
scipy-powell,hot,4,1493,18.7204,0.005149
scipy-powell,hot,4,1495,18.7435,0.005135
scipy-powell,hot,4,1500,18.8145,0.005135
scipy-powell,hot,4,1501,18.8330,0.005135
scipy-powell,hot,4,1503,18.8720,0.005135
scipy-powell,hot,4,1505,18.9120,0.005135
scipy-powell,hot,4,1506,18.9320,0.005135
scipy-powell,hot,4,1507,18.9517,0.005135
scipy-powell,hot,4,1520,19.1701,0.005135
scipy-powell,hot,4,1528,19.2625,0.005135
scipy-powell,hot,4,1529,19.2739,0.005135
scipy-powell,hot,4,1530,19.2854,0.005135
scipy-powell,hot,4,1531,19.2970,0.005135
scipy-powell,hot,4,1533,19.3198,0.005135
scipy-powell,hot,4,1534,19.3314,0.005135
scipy-powell,hot,4,1535,19.3431,0.005135
scipy-powell,hot,4,1536,19.3550,0.005135
scipy-powell,hot,4,1538,19.3786,0.005135
scipy-powell,hot,4,1541,19.4147,0.005070
scipy-powell,hot,4,1544,19.4529,0.005070
scipy-powell,hot,4,1545,19.4654,0.005069
scipy-powell,hot,4,1546,19.4777,0.005069
scipy-powell,hot,4,1547,19.4894,0.005069
scipy-powell,hot,4,1548,19.5007,0.005069
scipy-powell,hot,4,1549,19.5132,0.005069
scipy-powell,hot,4,1550,19.5258,0.005069
scipy-powell,hot,4,1555,19.5864,0.005069
scipy-powell,hot,4,1564,19.6922,0.005069
scipy-powell,hot,4,1566,19.7151,0.005069
scipy-powell,hot,4,1567,19.7267,0.005069
scipy-powell,hot,4,1568,19.7382,0.005069
scipy-powell,hot,4,1570,19.7612,0.005069
scipy-powell,hot,4,1571,19.7725,0.005069
scipy-powell,hot,4,1572,19.7839,0.005069
scipy-powell,hot,4,1577,19.8415,0.005069
scipy-powell,hot,4,1581,19.8898,0.005061
scipy-powell,hot,4,1584,19.9262,0.005061
scipy-powell,hot,4,1585,19.9380,0.005061
scipy-powell,hot,4,1586,19.9499,0.005061
scipy-powell,hot,4,1587,20.0399,0.005061
scipy-powell,hot,4,1590,20.0774,0.005031
scipy-powell,hot,4,1591,20.0890,0.005011
scipy-powell,hot,4,1592,20.1005,0.005010
scipy-powell,hot,4,1593,20.1121,0.005010
scipy-powell,hot,4,1594,20.1236,0.005010
scipy-powell,hot,4,1595,20.1352,0.005010
scipy-powell,hot,4,1596,20.1469,0.005010
scipy-powell,hot,4,1597,20.1586,0.005010
scipy-powell,hot,4,1598,20.1703,0.005010
scipy-powell,hot,4,1599,20.1825,0.005010
scipy-powell,hot,4,1600,20.1939,0.005010
scipy-powell,hot,4,1608,20.2879,0.005010
scipy-powell,hot,4,1615,20.3699,0.005009
scipy-powell,hot,4,1617,20.3946,0.005009
scipy-powell,hot,4,1618,20.4066,0.005009
scipy-powell,hot,4,1619,20.4192,0.005009
scipy-powell,hot,4,1620,20.4311,0.005009
scipy-powell,hot,4,1621,20.4438,0.005009
scipy-powell,hot,4,1627,20.5150,0.005009
scipy-powell,hot,4,1633,20.5911,0.005007
scipy-powell,hot,4,1634,20.6027,0.005006
scipy-powell,hot,4,1635,20.6148,0.005006
scipy-powell,hot,4,1636,20.6269,0.005006
scipy-powell,hot,4,1638,20.6506,0.005006
scipy-powell,hot,4,1639,20.6624,0.005006
scipy-powell,hot,4,1640,20.6741,0.005006
scipy-powell,hot,4,1641,20.6859,0.005006
scipy-powell,hot,4,1642,20.6979,0.005006
scipy-powell,hot,4,1646,20.7447,0.005006
scipy-powell,hot,4,1647,20.7567,0.005006
scipy-powell,hot,4,1648,20.7691,0.005006
scipy-powell,hot,4,1649,20.7810,0.004994
scipy-powell,hot,4,1651,20.8047,0.004994
scipy-powell,hot,4,1652,20.8164,0.004993
scipy-powell,hot,4,1653,20.8308,0.004993
scipy-powell,hot,4,1654,20.8440,0.004993
scipy-powell,hot,4,1655,20.8576,0.004993
scipy-powell,hot,4,1656,20.8742,0.004993
scipy-powell,hot,4,1657,20.8883,0.004993
scipy-powell,hot,4,1658,20.9014,0.004993
scipy-powell,hot,4,1659,20.9139,0.004993
scipy-powell,hot,4,1667,21.0103,0.004993
scipy-powell,hot,4,1669,21.0339,0.004993
scipy-powell,hot,4,1678,21.1432,0.004993
scipy-powell,hot,4,1679,21.1551,0.004993
scipy-powell,hot,4,1680,21.1677,0.004993
scipy-powell,hot,4,1681,21.1800,0.004993
scipy-powell,hot,4,1682,21.1925,0.004993
scipy-powell,hot,4,1683,21.2100,0.004993
scipy-powell,hot,4,1688,21.2697,0.004964
scipy-powell,hot,4,1690,21.2936,0.004962
scipy-powell,hot,4,1691,21.3057,0.004957
scipy-powell,hot,4,1693,21.3309,0.004957
scipy-powell,hot,4,1694,21.3425,0.004957
scipy-powell,hot,4,1695,21.3543,0.004957
scipy-powell,hot,4,1696,21.3659,0.004957
scipy-powell,hot,4,1697,21.3778,0.004957
scipy-powell,hot,4,1698,21.3900,0.004957
scipy-powell,hot,4,1700,21.4137,0.004934
scipy-powell,hot,4,1702,21.4385,0.004889
scipy-powell,hot,4,1704,21.4623,0.004879
scipy-powell,hot,4,1705,21.4747,0.004875
scipy-powell,hot,4,1706,21.4864,0.004874
scipy-powell,hot,4,1707,21.4980,0.004874
scipy-powell,hot,4,1708,21.5099,0.004874
scipy-powell,hot,4,1709,21.5219,0.004874
scipy-powell,hot,4,1710,21.5337,0.004874
scipy-powell,hot,4,1712,21.5571,0.004874
scipy-powell,hot,4,1720,21.6569,0.004873
scipy-powell,hot,4,1721,21.6724,0.004872
scipy-powell,hot,4,1723,21.7043,0.004871
scipy-powell,hot,4,1725,21.7362,0.004871
scipy-powell,hot,4,1726,21.7518,0.004871
scipy-powell,hot,4,1727,21.7679,0.004871
scipy-powell,hot,4,1733,21.8416,0.004871
scipy-powell,hot,4,1735,21.8651,0.004860
scipy-powell,hot,4,1736,21.8768,0.004852
scipy-powell,hot,4,1738,21.9004,0.004851
scipy-powell,hot,4,1739,21.9122,0.004851
scipy-powell,hot,4,1740,21.9237,0.004851
scipy-powell,hot,4,1741,21.9353,0.004851
scipy-powell,hot,4,1742,21.9470,0.004851
scipy-powell,hot,4,1743,21.9583,0.004851
scipy-powell,hot,4,1751,22.0529,0.004845
scipy-powell,hot,4,1752,22.0645,0.004838
scipy-powell,hot,4,1753,22.0762,0.004838
scipy-powell,hot,4,1754,22.0883,0.004838
scipy-powell,hot,4,1755,22.0999,0.004838
scipy-powell,hot,4,1756,22.1124,0.004838
scipy-powell,hot,4,1757,22.1247,0.004838
scipy-powell,hot,4,1759,22.1499,0.004838
scipy-powell,hot,4,1767,22.2432,0.004837
scipy-powell,hot,4,1771,22.2896,0.004836
scipy-powell,hot,4,1772,22.3011,0.004836
scipy-powell,hot,4,1773,22.3127,0.004836
scipy-powell,hot,4,1774,22.3244,0.004836
scipy-powell,hot,4,1775,22.3362,0.004836
scipy-powell,hot,4,1776,22.3478,0.004836
scipy-powell,hot,4,1777,22.3591,0.004836
scipy-powell,hot,4,1778,22.3707,0.004836
scipy-powell,hot,4,1779,22.3830,0.004836
scipy-powell,hot,4,1784,22.4417,0.004817
scipy-powell,hot,4,1785,22.4533,0.004776
scipy-powell,hot,4,1786,22.4650,0.004771
scipy-powell,hot,4,1787,22.4766,0.004765
scipy-powell,hot,4,1788,22.4884,0.004765
scipy-powell,hot,4,1789,22.5001,0.004765
scipy-powell,hot,4,1790,22.5119,0.004765
scipy-powell,hot,4,1792,22.5349,0.004765
scipy-powell,hot,4,1809,22.7339,0.004764
scipy-powell,hot,4,1810,22.7455,0.004763
scipy-powell,hot,4,1811,22.7570,0.004763
scipy-powell,hot,4,1812,22.7686,0.004763
scipy-powell,hot,4,1813,22.7804,0.004763
scipy-powell,hot,4,1814,22.7918,0.004763
scipy-powell,hot,4,1815,22.8036,0.004763
scipy-powell,hot,4,1817,22.8268,0.004763
scipy-powell,hot,4,1820,22.8618,0.004591
scipy-powell,hot,4,1824,22.9087,0.004588
scipy-powell,hot,4,1825,22.9202,0.004585
scipy-powell,hot,4,1827,22.9436,0.004585
scipy-powell,hot,4,1828,22.9553,0.004585
scipy-powell,hot,4,1846,23.1737,0.004582
scipy-powell,hot,4,1848,23.2036,0.004580
scipy-powell,hot,4,1849,23.2183,0.004580
scipy-powell,hot,4,1850,23.2329,0.004580
scipy-powell,hot,4,1851,23.2477,0.004580
scipy-powell,hot,4,1852,23.2626,0.004580
scipy-powell,hot,4,1853,23.2774,0.004580
scipy-powell,hot,4,1855,23.3019,0.004580
scipy-powell,hot,4,1865,23.4205,0.004577
scipy-powell,hot,4,1866,23.4321,0.004567
scipy-powell,hot,4,1868,23.4565,0.004566
scipy-powell,hot,4,1869,23.4696,0.004566
scipy-powell,hot,4,1870,23.4832,0.004566
scipy-powell,hot,4,1871,23.4956,0.004566
scipy-powell,hot,4,1872,23.5075,0.004566
scipy-powell,hot,4,1882,23.6317,0.004565
scipy-powell,hot,4,1883,23.6436,0.004565
scipy-powell,hot,4,1884,23.6556,0.004565
scipy-powell,hot,4,1886,23.6810,0.004565
scipy-powell,hot,4,1887,23.6942,0.004565
scipy-powell,hot,4,1888,23.7069,0.004565
scipy-powell,hot,4,1889,23.7191,0.004565
scipy-powell,hot,4,1890,23.7322,0.004565
scipy-powell,hot,4,1895,23.7981,0.004561
scipy-powell,hot,4,1900,23.8608,0.004561
scipy-powell,hot,4,1902,23.8862,0.004561
scipy-powell,hot,4,1903,23.8990,0.004561
scipy-powell,hot,4,1904,23.9113,0.004561
scipy-powell,hot,4,1913,24.0181,0.004553
scipy-powell,hot,4,1914,24.0303,0.004547
scipy-powell,hot,4,1915,24.0424,0.004546
scipy-powell,hot,4,1916,24.0544,0.004546
scipy-powell,hot,4,1917,24.0662,0.004546
scipy-powell,hot,4,1919,24.0899,0.004546
scipy-powell,hot,4,1920,24.1017,0.004546
scipy-powell,hot,4,1921,24.1142,0.004546
scipy-powell,hot,4,1922,24.1261,0.004546
scipy-powell,hot,4,1923,24.1386,0.004546
scipy-powell,hot,5,0,0.0000,0.006111
scipy-powell,hot,5,2,0.0375,0.006068
scipy-powell,hot,5,4,0.0619,0.006057
scipy-powell,hot,5,5,0.0744,0.006016
scipy-powell,hot,5,6,0.0863,0.005997
scipy-powell,hot,5,8,0.1099,0.005993
scipy-powell,hot,5,10,0.1337,0.005993
scipy-powell,hot,5,11,0.1458,0.005993
scipy-powell,hot,5,12,0.1579,0.005993
scipy-powell,hot,5,13,0.1698,0.005993
scipy-powell,hot,5,123,1.5393,0.005826
scipy-powell,hot,5,124,1.5518,0.005793
scipy-powell,hot,5,128,1.6045,0.005782
scipy-powell,hot,5,130,1.6280,0.005781
scipy-powell,hot,5,132,1.6523,0.005781
scipy-powell,hot,5,133,1.6645,0.005781
scipy-powell,hot,5,134,1.6766,0.005781
scipy-powell,hot,5,135,1.6892,0.005781
scipy-powell,hot,5,136,1.7015,0.005781
scipy-powell,hot,5,143,1.7846,0.005777
scipy-powell,hot,5,147,1.8328,0.005777
scipy-powell,hot,5,148,1.8441,0.005777
scipy-powell,hot,5,149,1.8557,0.005777
scipy-powell,hot,5,150,1.8672,0.005777
scipy-powell,hot,5,151,1.8787,0.005777
scipy-powell,hot,5,153,1.9019,0.005777
scipy-powell,hot,5,157,1.9480,0.005756
scipy-powell,hot,5,158,1.9597,0.005733
scipy-powell,hot,5,160,1.9836,0.005718
scipy-powell,hot,5,164,2.0310,0.005718
scipy-powell,hot,5,165,2.0430,0.005718
scipy-powell,hot,5,166,2.0547,0.005718
scipy-powell,hot,5,167,2.0668,0.005718
scipy-powell,hot,5,168,2.0797,0.005718
scipy-powell,hot,5,169,2.0927,0.005718
scipy-powell,hot,5,179,2.2191,0.005705
scipy-powell,hot,5,183,2.2666,0.005699
scipy-powell,hot,5,185,2.2903,0.005698
scipy-powell,hot,5,186,2.3027,0.005698
scipy-powell,hot,5,188,2.3262,0.005698
scipy-powell,hot,5,192,2.3729,0.005697
scipy-powell,hot,5,195,2.4087,0.005696
scipy-powell,hot,5,198,2.4453,0.005695
scipy-powell,hot,5,201,2.4869,0.005695
scipy-powell,hot,5,202,2.5006,0.005695
scipy-powell,hot,5,203,2.5140,0.005695
scipy-powell,hot,5,204,2.5263,0.005695
scipy-powell,hot,5,205,2.5394,0.005695
scipy-powell,hot,5,211,2.6113,0.005695
scipy-powell,hot,5,223,2.7532,0.005695
scipy-powell,hot,5,224,2.7664,0.005695
scipy-powell,hot,5,225,2.7792,0.005695
scipy-powell,hot,5,226,2.7919,0.005695
scipy-powell,hot,5,227,2.8050,0.005695
scipy-powell,hot,5,228,2.8182,0.005695
scipy-powell,hot,5,229,2.8318,0.005695
scipy-powell,hot,5,249,3.3655,0.005640
scipy-powell,hot,5,251,3.3922,0.005639
scipy-powell,hot,5,252,3.4048,0.005639
scipy-powell,hot,5,253,3.4179,0.005639
scipy-powell,hot,5,254,3.4322,0.005639
scipy-powell,hot,5,255,3.4478,0.005639
scipy-powell,hot,5,256,3.4614,0.005639
scipy-powell,hot,5,257,3.4758,0.005639
scipy-powell,hot,5,260,3.5131,0.005591
scipy-powell,hot,5,261,3.5255,0.005432
scipy-powell,hot,5,263,3.5514,0.005425
scipy-powell,hot,5,264,3.5627,0.005425
scipy-powell,hot,5,265,3.5749,0.005425
scipy-powell,hot,5,267,3.6027,0.005425
scipy-powell,hot,5,268,3.6147,0.005425
scipy-powell,hot,5,269,3.6267,0.005425
scipy-powell,hot,5,270,3.6384,0.005425
scipy-powell,hot,5,272,3.6620,0.005425
scipy-powell,hot,5,277,3.7203,0.005423
scipy-powell,hot,5,281,3.7690,0.005423
scipy-powell,hot,5,282,3.7807,0.005423
scipy-powell,hot,5,283,3.7922,0.005423
scipy-powell,hot,5,284,3.8038,0.005423
scipy-powell,hot,5,288,3.8522,0.005423
scipy-powell,hot,5,289,3.8637,0.005423
scipy-powell,hot,5,644,8.4723,0.005325
scipy-powell,hot,5,645,8.4907,0.005324
scipy-powell,hot,5,646,8.5082,0.005316
scipy-powell,hot,5,647,8.5268,0.005316
scipy-powell,hot,5,648,8.5451,0.005316
scipy-powell,hot,5,650,8.5788,0.005316
scipy-powell,hot,5,651,8.5963,0.005316
scipy-powell,hot,5,652,8.6140,0.005316
scipy-powell,hot,5,656,8.6794,0.005316
scipy-powell,hot,5,666,8.8416,0.005316
scipy-powell,hot,5,667,8.8574,0.005316
scipy-powell,hot,5,668,8.8723,0.005316
scipy-powell,hot,5,669,8.8875,0.005316
scipy-powell,hot,5,670,8.9032,0.005316
scipy-powell,hot,5,671,8.9219,0.005316
scipy-powell,hot,5,682,9.0890,0.005314
scipy-powell,hot,5,684,9.1206,0.005312
scipy-powell,hot,5,685,9.1343,0.005312
scipy-powell,hot,5,686,9.1486,0.005312
scipy-powell,hot,5,687,9.1652,0.005312
scipy-powell,hot,5,688,9.1810,0.005312
scipy-powell,hot,5,689,9.1977,0.005312
scipy-powell,hot,5,700,9.3845,0.005311
scipy-powell,hot,5,701,9.4034,0.005309
scipy-powell,hot,5,703,9.4374,0.005309
scipy-powell,hot,5,704,9.4505,0.005309
scipy-powell,hot,5,705,9.4631,0.005309
scipy-powell,hot,5,706,9.4762,0.005309
scipy-powell,hot,5,707,9.4893,0.005309
scipy-powell,hot,5,716,9.6080,0.005308
scipy-powell,hot,5,717,9.6209,0.005303
scipy-powell,hot,5,720,9.6609,0.005303
scipy-powell,hot,5,721,9.6733,0.005303
scipy-powell,hot,5,722,9.6860,0.005303
scipy-powell,hot,5,723,9.6994,0.005303
scipy-powell,hot,5,724,9.7130,0.005303
scipy-powell,hot,5,877,11.7160,0.005301
scipy-powell,hot,5,880,11.7530,0.005301
scipy-powell,hot,5,882,11.7756,0.005301
scipy-powell,hot,5,883,11.7876,0.005301
scipy-powell,hot,5,884,11.7996,0.005301
scipy-powell,hot,5,885,11.8126,0.005301
scipy-powell,hot,5,886,11.8242,0.005301
scipy-powell,hot,5,887,11.8357,0.005301
scipy-powell,hot,5,889,11.8588,0.005299
scipy-powell,hot,5,890,11.8712,0.005247
scipy-powell,hot,5,891,11.8824,0.005246
scipy-powell,hot,5,893,11.9050,0.005246
scipy-powell,hot,5,894,11.9163,0.005246
scipy-powell,hot,5,895,11.9279,0.005246
scipy-powell,hot,5,897,11.9506,0.005246
scipy-powell,hot,5,898,11.9630,0.005246
scipy-powell,hot,5,899,11.9746,0.005246
scipy-powell,hot,5,900,11.9863,0.005246
scipy-powell,hot,5,901,11.9979,0.005246
scipy-powell,hot,5,919,12.2065,0.005246
scipy-powell,hot,5,921,12.2298,0.005246
scipy-powell,hot,5,923,12.2530,0.005246
scipy-powell,hot,5,924,12.2645,0.005246
scipy-powell,hot,5,925,12.2762,0.005246
scipy-powell,hot,5,926,12.2886,0.005246
scipy-powell,hot,5,927,12.3010,0.005246
scipy-powell,hot,5,932,12.3617,0.005246
scipy-powell,hot,5,1044,13.7303,0.005174
scipy-powell,hot,5,1046,13.7574,0.005173
scipy-powell,hot,5,1048,13.7817,0.005173
scipy-powell,hot,5,1049,13.7944,0.005173
scipy-powell,hot,5,1050,13.8069,0.005173
scipy-powell,hot,5,1051,13.8195,0.005173
scipy-powell,hot,5,1060,13.9287,0.005172
scipy-powell,hot,5,1064,13.9756,0.005172
scipy-powell,hot,5,1065,13.9873,0.005172
scipy-powell,hot,5,1066,13.9988,0.005172
scipy-powell,hot,5,1067,14.0108,0.005172
scipy-powell,hot,5,1068,14.0225,0.005172
scipy-powell,hot,5,1069,14.0342,0.005172
scipy-powell,hot,5,1072,14.0706,0.005161
scipy-powell,hot,5,1075,14.1060,0.005159
scipy-powell,hot,5,1076,14.1179,0.005158
scipy-powell,hot,5,1078,14.1406,0.005157
scipy-powell,hot,5,1080,14.1642,0.005157
scipy-powell,hot,5,1081,14.1764,0.005157
scipy-powell,hot,5,1097,14.3724,0.005157
scipy-powell,hot,5,1098,14.3838,0.005157
scipy-powell,hot,5,1099,14.3958,0.005157
scipy-powell,hot,5,1100,14.4076,0.005157
scipy-powell,hot,5,1101,14.4198,0.005157
scipy-powell,hot,5,1102,14.4329,0.005157
scipy-powell,hot,5,1103,14.4453,0.005157
scipy-powell,hot,5,1111,14.5409,0.005157
scipy-powell,hot,5,1112,14.5530,0.005157
scipy-powell,hot,5,1113,14.5654,0.005157
scipy-powell,hot,5,1114,14.5799,0.005157
scipy-powell,hot,5,1118,14.6334,0.005157
scipy-powell,hot,5,1126,14.7369,0.005157
scipy-powell,hot,5,1127,14.7497,0.005157
scipy-powell,hot,5,1130,14.7875,0.005157
scipy-powell,hot,5,1131,14.7986,0.005157
scipy-powell,hot,5,1132,14.8095,0.005157
scipy-powell,hot,5,1133,14.8206,0.005157
scipy-powell,hot,5,1136,14.8550,0.005157
scipy-powell,hot,5,1137,14.8671,0.005157
scipy-powell,hot,5,1142,14.9282,0.005062
scipy-powell,hot,5,1144,14.9518,0.005037
scipy-powell,hot,5,1145,14.9632,0.005029
scipy-powell,hot,5,1147,14.9875,0.005029
scipy-powell,hot,5,1148,14.9998,0.005029
scipy-powell,hot,5,1149,15.0122,0.005029
scipy-powell,hot,5,1150,15.0248,0.005029
scipy-powell,hot,5,1151,15.0367,0.005029
scipy-powell,hot,5,1642,21.5819,0.005014
scipy-powell,hot,5,1644,21.6074,0.005003
scipy-powell,hot,5,1646,21.6337,0.004972
scipy-powell,hot,5,1648,21.6605,0.004972
scipy-powell,hot,5,1649,21.6733,0.004972
scipy-powell,hot,5,1650,21.6858,0.004972
scipy-powell,hot,5,1651,21.6988,0.004972
scipy-powell,hot,5,1653,21.7284,0.004972
scipy-powell,hot,5,1655,21.7565,0.004972
scipy-powell,hot,5,1665,21.8926,0.004971
scipy-powell,hot,5,1667,21.9187,0.004971
scipy-powell,hot,5,1668,21.9315,0.004971
scipy-powell,hot,5,1669,21.9443,0.004971
scipy-powell,hot,5,1670,21.9573,0.004971
scipy-powell,hot,5,1672,21.9837,0.004971
scipy-powell,hot,5,1675,22.0226,0.004966
scipy-powell,hot,5,1678,22.0609,0.004966
scipy-powell,hot,5,1679,22.0749,0.004966
scipy-powell,hot,5,1680,22.0882,0.004966
scipy-powell,hot,5,1681,22.1020,0.004966
scipy-powell,hot,5,1682,22.1173,0.004966
scipy-powell,hot,5,1688,22.1972,0.004963
scipy-powell,hot,5,1694,22.2731,0.004963
scipy-powell,hot,5,1695,22.2879,0.004963
scipy-powell,hot,5,1697,22.3163,0.004963
scipy-powell,hot,5,1698,22.3291,0.004963
scipy-powell,hot,5,1699,22.3419,0.004963
scipy-powell,hot,5,1700,22.3552,0.004963
scipy-powell,hot,5,1701,22.3680,0.004963
scipy-powell,hot,5,1710,22.4865,0.004929
scipy-powell,hot,5,1711,22.4994,0.004921
scipy-powell,hot,5,1713,22.5257,0.004916
scipy-powell,hot,5,1715,22.5523,0.004915
scipy-powell,hot,5,1716,22.5653,0.004915
scipy-powell,hot,5,1717,22.5785,0.004915
scipy-powell,hot,5,1719,22.6046,0.004915
scipy-powell,hot,5,1720,22.6174,0.004915
scipy-powell,hot,5,1721,22.6308,0.004915
scipy-powell,hot,5,1727,22.7109,0.004913
scipy-powell,hot,5,1731,22.7649,0.004911
scipy-powell,hot,5,1732,22.7778,0.004910
scipy-powell,hot,5,1734,22.8037,0.004910
scipy-powell,hot,5,1735,22.8172,0.004910
scipy-powell,hot,5,1736,22.8307,0.004910
scipy-powell,hot,5,1739,22.8713,0.004811
scipy-powell,hot,5,1740,22.8853,0.004806
scipy-powell,hot,5,1741,22.8987,0.004803
scipy-powell,hot,5,1743,22.9261,0.004803
scipy-powell,hot,5,1744,22.9392,0.004803
scipy-powell,hot,5,1745,22.9516,0.004803
scipy-powell,hot,5,1746,22.9646,0.004803
scipy-powell,hot,5,1747,22.9783,0.004803
scipy-powell,hot,5,1748,22.9924,0.004803
scipy-powell,hot,5,1750,23.0176,0.004803
scipy-powell,hot,5,1751,23.0305,0.004803
scipy-powell,hot,5,1752,23.0428,0.004803
scipy-powell,hot,5,1755,23.0807,0.004788
scipy-powell,hot,5,1758,23.1177,0.004784
scipy-powell,hot,5,1761,23.1557,0.004784
scipy-powell,hot,5,1762,23.1680,0.004784
scipy-powell,hot,5,1763,23.1802,0.004784
scipy-powell,hot,5,1764,23.1927,0.004784
scipy-powell,hot,5,1766,23.2170,0.004784
scipy-powell,hot,5,1773,23.3059,0.004784
scipy-powell,hot,5,1780,23.3944,0.004784
scipy-powell,hot,5,1781,23.4073,0.004784
scipy-powell,hot,5,1782,23.4201,0.004784
scipy-powell,hot,5,1783,23.4323,0.004784
scipy-powell,hot,5,1784,23.4444,0.004784
scipy-powell,hot,5,1787,23.4832,0.004784
scipy-powell,hot,5,1877,24.7212,0.004776
scipy-powell,hot,5,1879,24.7451,0.004752
scipy-powell,hot,5,1881,24.7692,0.004752
scipy-powell,hot,5,1882,24.7820,0.004752
scipy-powell,hot,5,1883,24.7950,0.004752
scipy-powell,hot,5,1884,24.8086,0.004752
scipy-powell,hot,5,1885,24.8214,0.004752
scipy-powell,hot,5,1900,25.0132,0.004738
scipy-powell,hot,5,1902,25.0400,0.004738
scipy-powell,hot,5,1903,25.0529,0.004737
scipy-powell,hot,5,1905,25.0787,0.004737
scipy-powell,hot,5,1906,25.0906,0.004737
scipy-powell,hot,5,1907,25.1032,0.004737
scipy-powell,hot,5,1908,25.1159,0.004737
scipy-powell,hot,5,1909,25.1285,0.004737
scipy-powell,hot,5,1910,25.1404,0.004737
scipy-powell,hot,6,0,0.0000,0.005818
scipy-powell,hot,6,197,2.8120,0.005805
scipy-powell,hot,6,200,2.8527,0.005805
scipy-powell,hot,6,201,2.8659,0.005805
scipy-powell,hot,6,202,2.8787,0.005805
scipy-powell,hot,6,203,2.8916,0.005805
scipy-powell,hot,6,204,2.9044,0.005805
scipy-powell,hot,6,205,2.9171,0.005805
scipy-powell,hot,6,407,5.5939,0.005801
scipy-powell,hot,6,408,5.6086,0.005801
scipy-powell,hot,6,409,5.6224,0.005800
scipy-powell,hot,6,410,5.6360,0.005799
scipy-powell,hot,6,411,5.6501,0.005799
scipy-powell,hot,6,412,5.6640,0.005798
scipy-powell,hot,6,413,5.6779,0.005798
scipy-powell,hot,6,414,5.6921,0.005798
scipy-powell,hot,6,415,5.7064,0.005798
scipy-powell,hot,6,416,5.7208,0.005798
scipy-powell,hot,6,417,5.7339,0.005798
scipy-powell,hot,6,418,5.7465,0.005798
scipy-powell,hot,6,419,5.7598,0.005798
scipy-powell,hot,6,420,5.7724,0.005798
scipy-powell,hot,6,421,5.7849,0.005798
scipy-powell,hot,6,422,5.7976,0.005798
scipy-powell,hot,6,423,5.8107,0.005798
scipy-powell,hot,6,424,5.8236,0.005798
scipy-powell,hot,6,425,5.8362,0.005798
scipy-powell,hot,6,426,5.8500,0.005798
scipy-powell,hot,6,427,5.8629,0.005798
scipy-powell,hot,6,428,5.8750,0.005798
scipy-powell,hot,6,429,5.8882,0.005798
scipy-powell,hot,6,430,5.9015,0.005798
scipy-powell,hot,6,431,5.9152,0.005798
scipy-powell,hot,6,432,5.9292,0.005798
scipy-powell,hot,6,433,5.9430,0.005798
scipy-powell,hot,6,434,5.9586,0.005798
scipy-powell,hot,6,435,5.9743,0.005798
scipy-powell,hot,6,436,5.9892,0.005798
scipy-powell,hot,6,437,6.0025,0.005798
scipy-powell,hot,6,438,6.0165,0.005798
scipy-powell,hot,6,439,6.0328,0.005798
scipy-powell,hot,6,440,6.0472,0.005798
scipy-powell,hot,6,441,6.0627,0.005798
scipy-powell,hot,6,442,6.0768,0.005798
scipy-powell,hot,6,444,6.1064,0.005798
scipy-powell,hot,6,445,6.1227,0.005798
scipy-powell,hot,6,447,6.1500,0.005797
scipy-powell,hot,6,448,6.1638,0.005797
scipy-powell,hot,6,450,6.1924,0.005797
scipy-powell,hot,6,451,6.2074,0.005797
scipy-powell,hot,6,452,6.2219,0.005797
scipy-powell,hot,6,453,6.2360,0.005797
scipy-powell,hot,6,459,6.3195,0.005797
scipy-powell,hot,6,460,6.3336,0.005796
scipy-powell,hot,6,461,6.3490,0.005795
scipy-powell,hot,6,462,6.3624,0.005795
scipy-powell,hot,6,463,6.3764,0.005795
scipy-powell,hot,6,464,6.3904,0.005795
scipy-powell,hot,6,465,6.4049,0.005795
scipy-powell,hot,6,466,6.4190,0.005795
scipy-powell,hot,6,467,6.4326,0.005795
scipy-powell,hot,6,468,6.4462,0.005795
scipy-powell,hot,6,469,6.4608,0.005795
scipy-powell,hot,6,470,6.4760,0.005795
scipy-powell,hot,6,471,6.4914,0.005795
scipy-powell,hot,6,472,6.5056,0.005795
scipy-powell,hot,6,473,6.5207,0.005795
scipy-powell,hot,6,474,6.5346,0.005795
scipy-powell,hot,6,475,6.5477,0.005794
scipy-powell,hot,6,476,6.5610,0.005794
scipy-powell,hot,6,477,6.5741,0.005794
scipy-powell,hot,6,478,6.5879,0.005794
scipy-powell,hot,6,479,6.6017,0.005794
scipy-powell,hot,6,480,6.6157,0.005794
scipy-powell,hot,6,481,6.6293,0.005794
scipy-powell,hot,6,482,6.6427,0.005794
scipy-powell,hot,6,483,6.6558,0.005794
scipy-powell,hot,6,484,6.6698,0.005794
scipy-powell,hot,6,485,6.6825,0.005794
scipy-powell,hot,6,486,6.6950,0.005794
scipy-powell,hot,6,487,6.7072,0.005794
scipy-powell,hot,6,488,6.7218,0.005794
scipy-powell,hot,6,489,6.7348,0.005794
scipy-powell,hot,6,490,6.7472,0.005794
scipy-powell,hot,6,491,6.7597,0.005794
scipy-powell,hot,6,492,6.7725,0.005794
scipy-powell,hot,6,493,6.7848,0.005794
scipy-powell,hot,6,494,6.7980,0.005794
scipy-powell,hot,6,495,6.8107,0.005794
scipy-powell,hot,6,497,6.8373,0.005794
scipy-powell,hot,6,498,6.8495,0.005794
scipy-powell,hot,6,503,6.9132,0.005794
scipy-powell,hot,6,504,6.9256,0.005794
scipy-powell,hot,6,505,6.9378,0.005794
scipy-powell,hot,6,506,6.9504,0.005794
scipy-powell,hot,6,507,6.9635,0.005794
scipy-powell,hot,6,508,6.9775,0.005794
scipy-powell,hot,6,509,6.9907,0.005794
scipy-powell,hot,6,510,7.0037,0.005794
scipy-powell,hot,6,511,7.0167,0.005794
scipy-powell,hot,6,512,7.0301,0.005794
scipy-powell,hot,6,513,7.0428,0.005794
scipy-powell,hot,6,514,7.0567,0.005794
scipy-powell,hot,6,515,7.0714,0.005794
scipy-powell,hot,6,516,7.0853,0.005794
scipy-powell,hot,6,517,7.0986,0.005794
scipy-powell,hot,6,518,7.1116,0.005794
scipy-powell,hot,6,519,7.1247,0.005794
scipy-powell,hot,6,520,7.1385,0.005794
scipy-powell,hot,6,527,7.2281,0.005794
scipy-powell,hot,6,529,7.2551,0.005794
scipy-powell,hot,6,534,7.3228,0.005794
scipy-powell,hot,6,537,7.3628,0.005794
scipy-powell,hot,6,538,7.3753,0.005794
scipy-powell,hot,6,539,7.3877,0.005794
scipy-powell,hot,6,540,7.4006,0.005794
scipy-powell,hot,6,541,7.4138,0.005794
scipy-powell,hot,6,542,7.4263,0.005794
scipy-powell,hot,6,543,7.4386,0.005794
scipy-powell,hot,6,544,7.4514,0.005794
scipy-powell,hot,6,545,7.4650,0.005794
scipy-powell,hot,6,546,7.4778,0.005794
scipy-powell,hot,6,547,7.4904,0.005794
scipy-powell,hot,6,548,7.5045,0.005794
scipy-powell,hot,6,549,7.5189,0.005794
scipy-powell,hot,6,550,7.5356,0.005794
scipy-powell,hot,6,551,7.5513,0.005794
scipy-powell,hot,6,552,7.5667,0.005794
scipy-powell,hot,6,553,7.5799,0.005794
scipy-powell,hot,6,554,7.5930,0.005794
scipy-powell,hot,6,555,7.6057,0.005794
scipy-powell,hot,6,556,7.6181,0.005794
scipy-powell,hot,6,557,7.6307,0.005794
scipy-powell,hot,6,558,7.6431,0.005794
scipy-powell,hot,6,559,7.6558,0.005794
scipy-powell,hot,6,560,7.6695,0.005794
scipy-powell,hot,6,561,7.6854,0.005794
scipy-powell,hot,6,562,7.6990,0.005794
scipy-powell,hot,6,563,7.7126,0.005794
scipy-powell,hot,6,564,7.7262,0.005794
scipy-powell,hot,6,565,7.7390,0.005794
scipy-powell,hot,6,566,7.7524,0.005794
scipy-powell,hot,6,567,7.7657,0.005794
scipy-powell,hot,6,568,7.7788,0.005794
scipy-powell,hot,6,569,7.7919,0.005794
scipy-powell,hot,6,570,7.8038,0.005794
scipy-powell,hot,6,571,7.8160,0.005794
scipy-powell,hot,6,572,7.8279,0.005794
scipy-powell,hot,6,619,8.4128,0.005794
scipy-powell,hot,6,620,8.4257,0.005794
scipy-powell,hot,6,621,8.4379,0.005794
scipy-powell,hot,6,622,8.4502,0.005794
scipy-powell,hot,6,623,8.4629,0.005794
scipy-powell,hot,6,624,8.4750,0.005794
scipy-powell,hot,6,625,8.4876,0.005794
scipy-powell,hot,6,626,8.4993,0.005794
scipy-powell,hot,6,627,8.5117,0.005794
scipy-powell,hot,6,628,8.5239,0.005794
scipy-powell,hot,6,629,8.5360,0.005794
scipy-powell,hot,6,630,8.5478,0.005794
scipy-powell,hot,6,631,8.5595,0.005794
scipy-powell,hot,6,632,8.5710,0.005794
scipy-powell,hot,6,633,8.5829,0.005794
scipy-powell,hot,6,634,8.5951,0.005794
scipy-powell,hot,6,635,8.6072,0.005794
scipy-powell,hot,6,636,8.6192,0.005794
scipy-powell,hot,6,637,8.6310,0.005794
scipy-powell,hot,6,638,8.6444,0.005794
scipy-powell,hot,6,639,8.6589,0.005794
scipy-powell,hot,6,640,8.6710,0.005794
scipy-powell,hot,6,641,8.6844,0.005794
scipy-powell,hot,6,642,8.6974,0.005794
scipy-powell,hot,6,643,8.7098,0.005794
scipy-powell,hot,6,644,8.7218,0.005794
scipy-powell,hot,6,645,8.7336,0.005794
scipy-powell,hot,6,646,8.7453,0.005794
scipy-powell,hot,6,647,8.7571,0.005794
scipy-powell,hot,6,648,8.7690,0.005794
scipy-powell,hot,6,649,8.7812,0.005794
scipy-powell,hot,6,650,8.7934,0.005794
scipy-powell,hot,6,651,8.8052,0.005794
scipy-powell,hot,6,652,8.8172,0.005794
scipy-powell,hot,6,653,8.8316,0.005794
scipy-powell,hot,6,655,8.8570,0.005749
scipy-powell,hot,6,657,8.8826,0.005748
scipy-powell,hot,6,659,8.9095,0.005748
scipy-powell,hot,6,660,8.9227,0.005748
scipy-powell,hot,6,661,8.9346,0.005748
scipy-powell,hot,6,664,8.9729,0.005704
scipy-powell,hot,6,665,8.9852,0.005681
scipy-powell,hot,6,666,8.9982,0.005679
scipy-powell,hot,6,668,9.0245,0.005678
scipy-powell,hot,6,669,9.0377,0.005677
scipy-powell,hot,6,672,9.0743,0.005677
scipy-powell,hot,6,673,9.0867,0.005677
scipy-powell,hot,6,674,9.0998,0.005677
scipy-powell,hot,6,675,9.1117,0.005677
scipy-powell,hot,6,676,9.1251,0.005677
scipy-powell,hot,6,677,9.1389,0.005677
scipy-powell,hot,6,678,9.1525,0.005677
scipy-powell,hot,6,679,9.1660,0.005677
scipy-powell,hot,6,680,9.1792,0.005677
scipy-powell,hot,6,681,9.1928,0.005677
scipy-powell,hot,6,682,9.2053,0.005677
scipy-powell,hot,6,683,9.2184,0.005677
scipy-powell,hot,6,684,9.2313,0.005677
scipy-powell,hot,6,685,9.2450,0.005677
scipy-powell,hot,6,686,9.2587,0.005677
scipy-powell,hot,6,687,9.2711,0.005677
scipy-powell,hot,6,688,9.2832,0.005677
scipy-powell,hot,6,689,9.2961,0.005677
scipy-powell,hot,6,690,9.3098,0.005677
scipy-powell,hot,6,691,9.3228,0.005677
scipy-powell,hot,6,692,9.3350,0.005677
scipy-powell,hot,6,693,9.3475,0.005677
scipy-powell,hot,6,694,9.3605,0.005677
scipy-powell,hot,6,695,9.3751,0.005677
scipy-powell,hot,6,696,9.3889,0.005677
scipy-powell,hot,6,697,9.4028,0.005677
scipy-powell,hot,6,698,9.4170,0.005677
scipy-powell,hot,6,699,9.4305,0.005677
scipy-powell,hot,6,700,9.4439,0.005677
scipy-powell,hot,6,701,9.4571,0.005675
scipy-powell,hot,6,703,9.4849,0.005670
scipy-powell,hot,6,705,9.5094,0.005670
scipy-powell,hot,6,706,9.5218,0.005670
scipy-powell,hot,6,708,9.5471,0.005670
scipy-powell,hot,6,709,9.5587,0.005670
scipy-powell,hot,6,710,9.5711,0.005670
scipy-powell,hot,6,711,9.5834,0.005670
scipy-powell,hot,6,712,9.5959,0.005670
scipy-powell,hot,6,721,9.7144,0.005669
scipy-powell,hot,6,724,9.7551,0.005669
scipy-powell,hot,6,725,9.7676,0.005669
scipy-powell,hot,6,727,9.7956,0.005669
scipy-powell,hot,6,728,9.8084,0.005669
scipy-powell,hot,6,733,9.8734,0.005669
scipy-powell,hot,6,737,9.9236,0.005669
scipy-powell,hot,6,739,9.9502,0.005669
scipy-powell,hot,6,741,9.9774,0.005669
scipy-powell,hot,6,743,10.0057,0.005668
scipy-powell,hot,6,745,10.0330,0.005668
scipy-powell,hot,6,746,10.0458,0.005668
scipy-powell,hot,6,747,10.0581,0.005668
scipy-powell,hot,6,748,10.0715,0.005668
scipy-powell,hot,6,749,10.0852,0.005668
scipy-powell,hot,6,751,10.1098,0.005668
scipy-powell,hot,6,763,10.2703,0.005668
scipy-powell,hot,6,765,10.2963,0.005668
scipy-powell,hot,6,766,10.3100,0.005668
scipy-powell,hot,6,767,10.3232,0.005668
scipy-powell,hot,6,768,10.3366,0.005668
scipy-powell,hot,6,769,10.3502,0.005668
scipy-powell,hot,6,772,10.3880,0.005668
scipy-powell,hot,6,773,10.4007,0.005668
scipy-powell,hot,6,776,10.4398,0.005666
scipy-powell,hot,6,782,10.5154,0.005666
scipy-powell,hot,6,784,10.5415,0.005666
scipy-powell,hot,6,785,10.5549,0.005666
scipy-powell,hot,6,786,10.5691,0.005666
scipy-powell,hot,6,791,10.6362,0.005666
scipy-powell,hot,6,800,10.7507,0.005666
scipy-powell,hot,6,801,10.7635,0.005666
scipy-powell,hot,6,802,10.7770,0.005666
scipy-powell,hot,6,803,10.7927,0.005666
scipy-powell,hot,6,804,10.8066,0.005666
scipy-powell,hot,6,805,10.8192,0.005666
scipy-powell,hot,6,806,10.8323,0.005666
scipy-powell,hot,6,807,10.8448,0.005666
scipy-powell,hot,6,808,10.8570,0.005666
scipy-powell,hot,6,809,10.8698,0.005666
scipy-powell,hot,6,810,10.8821,0.005666
scipy-powell,hot,6,811,10.8941,0.005666
scipy-powell,hot,6,812,10.9061,0.005666
scipy-powell,hot,6,813,10.9184,0.005666
scipy-powell,hot,6,814,10.9303,0.005666
scipy-powell,hot,6,815,10.9425,0.005666
scipy-powell,hot,6,816,10.9548,0.005666
scipy-powell,hot,6,817,10.9675,0.005666
scipy-powell,hot,6,818,10.9838,0.005666
scipy-powell,hot,6,819,10.9972,0.005666
scipy-powell,hot,6,820,11.0102,0.005666
scipy-powell,hot,6,821,11.0232,0.005666
scipy-powell,hot,6,822,11.0356,0.005666
scipy-powell,hot,6,823,11.0481,0.005666
scipy-powell,hot,6,824,11.0609,0.005666
scipy-powell,hot,6,825,11.0738,0.005666
scipy-powell,hot,6,826,11.0869,0.005666
scipy-powell,hot,6,827,11.0993,0.005666
scipy-powell,hot,6,828,11.1119,0.005666
scipy-powell,hot,6,829,11.1243,0.005666
scipy-powell,hot,6,830,11.1367,0.005666
scipy-powell,hot,6,831,11.1492,0.005666
scipy-powell,hot,6,832,11.1619,0.005605
scipy-powell,hot,6,833,11.1749,0.005603
scipy-powell,hot,6,834,11.1890,0.005574
scipy-powell,hot,6,835,11.2026,0.005560
scipy-powell,hot,6,837,11.2304,0.005549
scipy-powell,hot,6,839,11.2588,0.005548
scipy-powell,hot,6,841,11.2860,0.005548
scipy-powell,hot,6,842,11.2990,0.005548
scipy-powell,hot,6,843,11.3131,0.005548
scipy-powell,hot,6,844,11.3258,0.005548
scipy-powell,hot,6,845,11.3380,0.005548
scipy-powell,hot,6,848,11.3735,0.005495
scipy-powell,hot,6,849,11.3850,0.005474
scipy-powell,hot,6,850,11.3967,0.005474
scipy-powell,hot,6,851,11.4087,0.005471
scipy-powell,hot,6,852,11.4203,0.005469
scipy-powell,hot,6,853,11.4322,0.005468
scipy-powell,hot,6,854,11.4442,0.005468
scipy-powell,hot,6,855,11.4561,0.005468
scipy-powell,hot,6,856,11.4673,0.005468
scipy-powell,hot,6,857,11.4802,0.005468
scipy-powell,hot,6,858,11.4923,0.005468
scipy-powell,hot,6,859,11.5042,0.005468
scipy-powell,hot,6,860,11.5159,0.005468
scipy-powell,hot,6,861,11.5275,0.005468
scipy-powell,hot,6,862,11.5399,0.005468
scipy-powell,hot,6,863,11.5515,0.005468
scipy-powell,hot,6,864,11.5637,0.005468
scipy-powell,hot,6,865,11.5759,0.005468
scipy-powell,hot,6,866,11.5878,0.005468
scipy-powell,hot,6,867,11.6001,0.005468
scipy-powell,hot,6,868,11.6123,0.005468
scipy-powell,hot,6,869,11.6238,0.005468
scipy-powell,hot,6,870,11.6353,0.005468
scipy-powell,hot,6,871,11.6469,0.005468
scipy-powell,hot,6,872,11.6584,0.005468
scipy-powell,hot,6,873,11.6698,0.005468
scipy-powell,hot,6,874,11.6814,0.005468
scipy-powell,hot,6,875,11.6930,0.005468
scipy-powell,hot,6,876,11.7047,0.005468
scipy-powell,hot,6,877,11.7164,0.005468
scipy-powell,hot,6,878,11.7282,0.005468
scipy-powell,hot,6,879,11.7406,0.005468
scipy-powell,hot,6,880,11.7533,0.005468
scipy-powell,hot,6,881,11.7660,0.005468
scipy-powell,hot,6,882,11.7789,0.005468
scipy-powell,hot,6,883,11.7907,0.005468
scipy-powell,hot,6,885,11.8140,0.005467
scipy-powell,hot,6,886,11.8257,0.005466
scipy-powell,hot,6,887,11.8370,0.005466
scipy-powell,hot,6,889,11.8604,0.005466
scipy-powell,hot,6,891,11.8846,0.005466
scipy-powell,hot,6,892,11.8983,0.005466
scipy-powell,hot,6,893,11.9119,0.005466
scipy-powell,hot,6,894,11.9254,0.005466
scipy-powell,hot,6,895,11.9388,0.005466
scipy-powell,hot,6,898,11.9785,0.005466
scipy-powell,hot,6,905,12.0648,0.005466
scipy-powell,hot,6,907,12.0883,0.005466
scipy-powell,hot,6,908,12.0997,0.005466
scipy-powell,hot,6,909,12.1115,0.005466
scipy-powell,hot,6,910,12.1231,0.005466
scipy-powell,hot,6,911,12.1349,0.005465
scipy-powell,hot,6,912,12.1465,0.005465
scipy-powell,hot,6,913,12.1585,0.005465
scipy-powell,hot,6,914,12.1702,0.005465
scipy-powell,hot,6,915,12.1819,0.005465
scipy-powell,hot,6,916,12.1933,0.005465
scipy-powell,hot,6,917,12.2048,0.005465
scipy-powell,hot,6,923,12.2768,0.005465
scipy-powell,hot,6,926,12.3123,0.005462
scipy-powell,hot,6,930,12.3603,0.005459
scipy-powell,hot,6,932,12.3848,0.005458
scipy-powell,hot,6,933,12.3971,0.005458
scipy-powell,hot,6,934,12.4087,0.005458
scipy-powell,hot,6,935,12.4205,0.005458
scipy-powell,hot,6,936,12.4338,0.005458
scipy-powell,hot,6,937,12.4472,0.005458
scipy-powell,hot,6,938,12.4609,0.005458
scipy-powell,hot,6,939,12.4740,0.005458
scipy-powell,hot,6,962,12.7611,0.005453
scipy-powell,hot,6,965,12.7992,0.005442
scipy-powell,hot,6,966,12.8112,0.005434
scipy-powell,hot,6,967,12.8231,0.005417
scipy-powell,hot,6,969,12.8479,0.005417
scipy-powell,hot,6,970,12.8606,0.005417
scipy-powell,hot,6,971,12.8726,0.005417
scipy-powell,hot,6,972,12.8852,0.005417
scipy-powell,hot,6,973,12.8972,0.005417
scipy-powell,hot,6,974,12.9089,0.005417
scipy-powell,hot,6,987,13.0688,0.005415
scipy-powell,hot,6,989,13.0938,0.005414
scipy-powell,hot,6,990,13.1077,0.005414
scipy-powell,hot,6,991,13.1198,0.005414
scipy-powell,hot,6,992,13.1318,0.005414
scipy-powell,hot,6,993,13.1438,0.005414
scipy-powell,hot,6,995,13.1679,0.005414
scipy-powell,hot,6,1005,13.2967,0.005411
scipy-powell,hot,6,1006,13.3128,0.005411
scipy-powell,hot,6,1007,13.3254,0.005411
scipy-powell,hot,6,1009,13.3490,0.005411
scipy-powell,hot,6,1010,13.3609,0.005411
scipy-powell,hot,6,1011,13.3726,0.005411
scipy-powell,hot,6,1013,13.3977,0.005411
scipy-powell,hot,6,1019,13.4699,0.005411
scipy-powell,hot,6,1026,13.5556,0.005405
scipy-powell,hot,6,1029,13.5917,0.005403
scipy-powell,hot,6,1033,13.6414,0.005403
scipy-powell,hot,6,1034,13.6544,0.005403
scipy-powell,hot,6,1035,13.6671,0.005403
scipy-powell,hot,6,1038,13.7049,0.005403
scipy-powell,hot,6,1039,13.7171,0.005403
scipy-powell,hot,6,1044,13.7809,0.005372
scipy-powell,hot,6,1047,13.8193,0.005372
scipy-powell,hot,6,1048,13.8329,0.005372
scipy-powell,hot,6,1049,13.8451,0.005372
scipy-powell,hot,6,1050,13.8581,0.005372
scipy-powell,hot,6,1051,13.8706,0.005372
scipy-powell,hot,6,1055,13.9208,0.005367
scipy-powell,hot,6,1056,13.9331,0.005323
scipy-powell,hot,6,1057,13.9452,0.005298
scipy-powell,hot,6,1060,13.9847,0.005298
scipy-powell,hot,6,1061,13.9971,0.005298
scipy-powell,hot,6,1062,14.0097,0.005298
scipy-powell,hot,6,1063,14.0231,0.005298
scipy-powell,hot,6,1064,14.0358,0.005298
scipy-powell,hot,6,1068,14.0856,0.005016
scipy-powell,hot,6,1069,14.0982,0.005013
scipy-powell,hot,6,1070,14.1104,0.005013
scipy-powell,hot,6,1072,14.1346,0.004992
scipy-powell,hot,6,1074,14.1594,0.004992
scipy-powell,hot,6,1075,14.1715,0.004992
scipy-powell,hot,6,1076,14.1849,0.004991
scipy-powell,hot,6,1079,14.2238,0.004991
scipy-powell,hot,6,1081,14.2483,0.004991
scipy-powell,hot,6,1082,14.2617,0.004991
scipy-powell,hot,6,1083,14.2752,0.004991
scipy-powell,hot,6,1084,14.2873,0.004991
scipy-powell,hot,6,1085,14.2999,0.004991
scipy-powell,hot,6,1086,14.3127,0.004991
scipy-powell,hot,6,1148,15.1042,0.004990
scipy-powell,hot,6,1154,15.1807,0.004990
scipy-powell,hot,6,1155,15.1927,0.004990
scipy-powell,hot,6,1157,15.2175,0.004990
scipy-powell,hot,6,1158,15.2298,0.004990
scipy-powell,hot,6,1159,15.2421,0.004990
scipy-powell,hot,6,1163,15.2925,0.004990
scipy-powell,hot,6,1169,15.3730,0.004978
scipy-powell,hot,6,1170,15.3868,0.004963
scipy-powell,hot,6,1172,15.4139,0.004960
scipy-powell,hot,6,1173,15.4266,0.004958
scipy-powell,hot,6,1174,15.4395,0.004958
scipy-powell,hot,6,1175,15.4530,0.004957
scipy-powell,hot,6,1176,15.4659,0.004957
scipy-powell,hot,6,1177,15.4779,0.004957
scipy-powell,hot,6,1178,15.4920,0.004957
scipy-powell,hot,6,1179,15.5045,0.004957
scipy-powell,hot,6,1180,15.5174,0.004957
scipy-powell,hot,6,1181,15.5303,0.004957
scipy-powell,hot,6,1182,15.5430,0.004957
scipy-powell,hot,6,1183,15.5567,0.004957
scipy-powell,hot,6,1184,15.5699,0.004957
scipy-powell,hot,6,1185,15.5831,0.004957
scipy-powell,hot,6,1186,15.5957,0.004957
scipy-powell,hot,6,1187,15.6095,0.004957
scipy-powell,hot,6,1188,15.6255,0.004957
scipy-powell,hot,6,1189,15.6383,0.004957
scipy-powell,hot,6,1190,15.6505,0.004957
scipy-powell,hot,6,1191,15.6641,0.004957
scipy-powell,hot,6,1192,15.6764,0.004957
scipy-powell,hot,6,1193,15.6889,0.004957
scipy-powell,hot,6,1194,15.7023,0.004957
scipy-powell,hot,6,1195,15.7166,0.004957
scipy-powell,hot,6,1196,15.7293,0.004957
scipy-powell,hot,6,1197,15.7424,0.004957
scipy-powell,hot,6,1198,15.7553,0.004957
scipy-powell,hot,6,1199,15.7689,0.004957
scipy-powell,hot,6,1200,15.7818,0.004957
scipy-powell,hot,6,1201,15.7941,0.004957
scipy-powell,hot,6,1202,15.8065,0.004957
scipy-powell,hot,6,1210,15.9897,0.004944
scipy-powell,hot,6,1213,16.0283,0.004941
scipy-powell,hot,6,1215,16.0552,0.004941
scipy-powell,hot,6,1216,16.0679,0.004941
scipy-powell,hot,6,1217,16.0818,0.004941
scipy-powell,hot,6,1218,16.0942,0.004941
scipy-powell,hot,6,1219,16.1070,0.004941
scipy-powell,hot,6,1220,16.1195,0.004941
scipy-powell,hot,6,1221,16.1323,0.004941
scipy-powell,hot,6,1232,16.2840,0.004938
scipy-powell,hot,6,1233,16.2971,0.004935
scipy-powell,hot,6,1235,16.3233,0.004934
scipy-powell,hot,6,1237,16.3500,0.004934
scipy-powell,hot,6,1238,16.3631,0.004934
scipy-powell,hot,6,1239,16.3764,0.004934
scipy-powell,hot,6,1241,16.4032,0.004934
scipy-powell,hot,6,1949,25.5766,0.004921
scipy-powell,hot,6,1954,25.6381,0.004920
scipy-powell,hot,6,1955,25.6509,0.004920
scipy-powell,hot,6,1956,25.6639,0.004920
scipy-powell,hot,6,1957,25.6764,0.004920
scipy-powell,hot,6,1958,25.6884,0.004920
scipy-powell,hot,6,1970,25.8520,0.004918
scipy-powell,hot,6,1971,25.8651,0.004918
scipy-powell,hot,6,1972,25.8777,0.004918
scipy-powell,hot,6,1974,25.9039,0.004918
scipy-powell,hot,6,1975,25.9173,0.004918
scipy-powell,hot,6,1976,25.9301,0.004918
scipy-powell,hot,6,1981,25.9950,0.004906
scipy-powell,hot,6,1983,26.0210,0.004889
scipy-powell,hot,6,1986,26.0593,0.004889
scipy-powell,hot,6,1988,26.0848,0.004889
scipy-powell,hot,6,1989,26.0982,0.004889
scipy-powell,hot,6,1990,26.1108,0.004889
scipy-powell,hot,6,1999,26.2301,0.004888
scipy-powell,hot,7,0,0.0000,0.006026
scipy-powell,hot,7,2,0.0395,0.005819
scipy-powell,hot,7,4,0.0644,0.005791
scipy-powell,hot,7,7,0.1019,0.005787
scipy-powell,hot,7,9,0.1278,0.005786
scipy-powell,hot,7,10,0.1405,0.005786
scipy-powell,hot,7,11,0.1529,0.005786
scipy-powell,hot,7,12,0.1656,0.005786
scipy-powell,hot,7,13,0.1779,0.005786
scipy-powell,hot,7,14,0.1902,0.005786
scipy-powell,hot,7,607,7.8780,0.005628
scipy-powell,hot,7,608,7.8907,0.005625
scipy-powell,hot,7,609,7.9035,0.005610
scipy-powell,hot,7,615,7.9845,0.005599
scipy-powell,hot,7,616,7.9978,0.005598
scipy-powell,hot,7,617,8.0112,0.005598
scipy-powell,hot,7,619,8.0384,0.005598
scipy-powell,hot,7,621,8.0646,0.005598
scipy-powell,hot,7,622,8.0768,0.005598
scipy-powell,hot,7,666,8.6635,0.005445
scipy-powell,hot,7,667,8.6768,0.005334
scipy-powell,hot,7,669,8.7029,0.005332
scipy-powell,hot,7,670,8.7165,0.005332
scipy-powell,hot,7,671,8.7300,0.005332
scipy-powell,hot,7,672,8.7434,0.005332
scipy-powell,hot,7,673,8.7569,0.005332
scipy-powell,hot,7,674,8.7701,0.005332
scipy-powell,hot,7,682,8.8866,0.005328
scipy-powell,hot,7,683,8.8997,0.005327
scipy-powell,hot,7,684,8.9131,0.005327
scipy-powell,hot,7,685,8.9285,0.005327
scipy-powell,hot,7,686,8.9483,0.005327
scipy-powell,hot,7,692,9.0434,0.005314
scipy-powell,hot,7,694,9.0715,0.005304
scipy-powell,hot,7,695,9.0850,0.005300
scipy-powell,hot,7,697,9.1124,0.005299
scipy-powell,hot,7,698,9.1303,0.005299
scipy-powell,hot,7,699,9.1436,0.005299
scipy-powell,hot,7,700,9.1572,0.005299
scipy-powell,hot,7,701,9.1714,0.005299
scipy-powell,hot,7,704,9.2138,0.005262
scipy-powell,hot,7,705,9.2280,0.005199
scipy-powell,hot,7,706,9.2424,0.005192
scipy-powell,hot,7,708,9.2700,0.005190
scipy-powell,hot,7,709,9.2838,0.005190
scipy-powell,hot,7,710,9.2979,0.005189
scipy-powell,hot,7,712,9.3259,0.005189
scipy-powell,hot,7,713,9.3395,0.005189
scipy-powell,hot,7,714,9.3532,0.005189
scipy-powell,hot,7,715,9.3672,0.005189
scipy-powell,hot,7,716,9.3815,0.005189
scipy-powell,hot,7,717,9.3953,0.005189
scipy-powell,hot,7,718,9.4094,0.005189
scipy-powell,hot,7,719,9.4244,0.005189
scipy-powell,hot,7,720,9.4398,0.005189
scipy-powell,hot,7,721,9.4549,0.005189
scipy-powell,hot,7,722,9.4697,0.005189
scipy-powell,hot,7,723,9.4823,0.005189
scipy-powell,hot,7,724,9.4946,0.005189
scipy-powell,hot,7,725,9.5074,0.005189
scipy-powell,hot,7,726,9.5203,0.005189
scipy-powell,hot,7,727,9.5329,0.005189
scipy-powell,hot,7,728,9.5454,0.005189
scipy-powell,hot,7,729,9.5579,0.005189
scipy-powell,hot,7,730,9.5702,0.005189
scipy-powell,hot,7,731,9.5840,0.005189
scipy-powell,hot,7,732,9.5978,0.005189
scipy-powell,hot,7,733,9.6127,0.005189
scipy-powell,hot,7,734,9.6261,0.005189
scipy-powell,hot,7,735,9.6397,0.005189
scipy-powell,hot,7,736,9.6524,0.005189
scipy-powell,hot,7,737,9.6661,0.005189
scipy-powell,hot,7,738,9.6796,0.005189
scipy-powell,hot,7,739,9.6924,0.005189
scipy-powell,hot,7,740,9.7113,0.005189
scipy-powell,hot,7,741,9.7258,0.005187
scipy-powell,hot,7,744,9.7662,0.005187
scipy-powell,hot,7,745,9.7790,0.005186
scipy-powell,hot,7,746,9.7912,0.005186
scipy-powell,hot,7,747,9.8041,0.005186
scipy-powell,hot,7,748,9.8180,0.005186
scipy-powell,hot,7,749,9.8306,0.005186
scipy-powell,hot,7,750,9.8439,0.005186
scipy-powell,hot,7,761,10.0005,0.005186
scipy-powell,hot,7,762,10.0136,0.005186
scipy-powell,hot,7,770,10.1255,0.005186
scipy-powell,hot,7,771,10.1391,0.005186
scipy-powell,hot,7,773,10.1662,0.005186
scipy-powell,hot,7,774,10.1797,0.005186
scipy-powell,hot,7,775,10.1930,0.005186
scipy-powell,hot,7,779,10.2549,0.005186
scipy-powell,hot,7,785,10.3374,0.005186
scipy-powell,hot,7,787,10.3644,0.005185
scipy-powell,hot,7,788,10.3782,0.005185
scipy-powell,hot,7,789,10.3923,0.005185
scipy-powell,hot,7,790,10.4069,0.005185
scipy-powell,hot,7,791,10.4211,0.005185
scipy-powell,hot,7,792,10.4349,0.005185
scipy-powell,hot,7,793,10.4489,0.005185
scipy-powell,hot,7,794,10.4630,0.005185
scipy-powell,hot,7,795,10.4772,0.005185
scipy-powell,hot,7,796,10.4915,0.005185
scipy-powell,hot,7,797,10.5059,0.005185
scipy-powell,hot,7,798,10.5199,0.005185
scipy-powell,hot,7,799,10.5346,0.005185
scipy-powell,hot,7,800,10.5496,0.005185
scipy-powell,hot,7,801,10.5654,0.005185
scipy-powell,hot,7,802,10.5818,0.005185
scipy-powell,hot,7,803,10.5968,0.005185
scipy-powell,hot,7,804,10.6110,0.005185
scipy-powell,hot,7,805,10.6254,0.005185
scipy-powell,hot,7,806,10.6398,0.005185
scipy-powell,hot,7,807,10.6547,0.005185
scipy-powell,hot,7,808,10.6689,0.005185
scipy-powell,hot,7,809,10.6830,0.005185
scipy-powell,hot,7,810,10.6975,0.005185
scipy-powell,hot,7,811,10.7125,0.005185
scipy-powell,hot,7,812,10.7280,0.005185
scipy-powell,hot,7,813,10.7447,0.005185
scipy-powell,hot,7,814,10.7613,0.005185
scipy-powell,hot,7,815,10.7778,0.005185
scipy-powell,hot,7,816,10.7946,0.005185
scipy-powell,hot,7,817,10.8084,0.005185
scipy-powell,hot,7,818,10.8235,0.005185
scipy-powell,hot,7,819,10.8401,0.005185
scipy-powell,hot,7,820,10.8557,0.005185
scipy-powell,hot,7,821,10.8720,0.005185
scipy-powell,hot,7,822,10.8895,0.005185
scipy-powell,hot,7,823,10.9060,0.005185
scipy-powell,hot,7,824,10.9220,0.005185
scipy-powell,hot,7,833,11.0528,0.005185
scipy-powell,hot,7,834,11.0664,0.005185
scipy-powell,hot,7,835,11.0801,0.005185
scipy-powell,hot,7,836,11.0940,0.005185
scipy-powell,hot,7,837,11.1076,0.005185
scipy-powell,hot,7,838,11.1202,0.005185
scipy-powell,hot,7,839,11.1336,0.005185
scipy-powell,hot,7,840,11.1467,0.005185
scipy-powell,hot,7,841,11.1598,0.005185
scipy-powell,hot,7,842,11.1730,0.005185
scipy-powell,hot,7,843,11.1861,0.005185
scipy-powell,hot,7,844,11.1995,0.005185
scipy-powell,hot,7,864,11.4787,0.005155
scipy-powell,hot,7,866,11.5058,0.005155
scipy-powell,hot,7,867,11.5187,0.005155
scipy-powell,hot,7,868,11.5320,0.005155
scipy-powell,hot,7,869,11.5460,0.005155
scipy-powell,hot,7,870,11.5592,0.005155
scipy-powell,hot,7,876,11.6380,0.005129
scipy-powell,hot,7,881,11.7005,0.005129
scipy-powell,hot,7,882,11.7129,0.005129
scipy-powell,hot,7,883,11.7254,0.005129
scipy-powell,hot,7,884,11.7378,0.005129
scipy-powell,hot,7,885,11.7500,0.005129
scipy-powell,hot,7,886,11.7621,0.005129
scipy-powell,hot,7,893,11.8497,0.005125
scipy-powell,hot,7,895,11.8749,0.005125
scipy-powell,hot,7,896,11.8870,0.005124
scipy-powell,hot,7,898,11.9132,0.005123
scipy-powell,hot,7,899,11.9261,0.005123
scipy-powell,hot,7,900,11.9387,0.005123
scipy-powell,hot,7,901,11.9517,0.005123
scipy-powell,hot,7,902,11.9647,0.005123
scipy-powell,hot,7,903,11.9779,0.005123
scipy-powell,hot,7,909,12.0566,0.005123
scipy-powell,hot,7,912,12.1005,0.005102
scipy-powell,hot,7,913,12.1160,0.005101
scipy-powell,hot,7,914,12.1302,0.005098
scipy-powell,hot,7,917,12.1701,0.005098
scipy-powell,hot,7,918,12.1832,0.005098
scipy-powell,hot,7,919,12.1963,0.005098
scipy-powell,hot,7,922,12.2339,0.005098
scipy-powell,hot,7,924,12.2592,0.005043
scipy-powell,hot,7,927,12.2985,0.004980
scipy-powell,hot,7,928,12.3120,0.004971
scipy-powell,hot,7,930,12.3389,0.004971
scipy-powell,hot,7,931,12.3522,0.004971
scipy-powell,hot,7,932,12.3647,0.004971
scipy-powell,hot,7,933,12.3774,0.004971
scipy-powell,hot,7,934,12.3900,0.004971
scipy-powell,hot,7,935,12.4026,0.004971
scipy-powell,hot,7,938,12.4413,0.004961
scipy-powell,hot,7,939,12.4552,0.004946
scipy-powell,hot,7,942,12.4959,0.004946
scipy-powell,hot,7,943,12.5090,0.004946
scipy-powell,hot,7,944,12.5237,0.004946
scipy-powell,hot,7,945,12.5375,0.004946
scipy-powell,hot,7,946,12.5505,0.004946
scipy-powell,hot,7,947,12.5639,0.004946
scipy-powell,hot,7,948,12.5768,0.004946
scipy-powell,hot,7,1501,19.9367,0.004946
scipy-powell,hot,7,1502,19.9495,0.004946
scipy-powell,hot,7,1503,19.9668,0.004946
scipy-powell,hot,7,1504,19.9837,0.004946
scipy-powell,hot,7,1505,19.9977,0.004946
scipy-powell,hot,7,1673,22.3404,0.004944
scipy-powell,hot,7,1674,22.3542,0.004944
scipy-powell,hot,7,1675,22.3674,0.004944
scipy-powell,hot,7,1677,22.3936,0.004944
scipy-powell,hot,7,1679,22.4191,0.004944
scipy-powell,hot,7,1680,22.4320,0.004944
scipy-powell,hot,7,1681,22.4457,0.004944
scipy-powell,hot,7,1684,22.4855,0.004901
scipy-powell,hot,7,1686,22.5121,0.004894
scipy-powell,hot,7,1688,22.5386,0.004893
scipy-powell,hot,7,1690,22.5640,0.004893
scipy-powell,hot,7,1691,22.5770,0.004893
scipy-powell,hot,7,1692,22.5899,0.004893
scipy-powell,hot,7,1693,22.6021,0.004893
scipy-powell,hot,7,1694,22.6140,0.004893
scipy-powell,hot,8,0,0.0000,0.006408
scipy-powell,hot,8,38,0.4835,0.006372
scipy-powell,hot,8,41,0.5197,0.006358
scipy-powell,hot,8,42,0.5318,0.006334
scipy-powell,hot,8,43,0.5438,0.006328
scipy-powell,hot,8,44,0.5559,0.006328
scipy-powell,hot,8,45,0.5679,0.006327
scipy-powell,hot,8,47,0.5926,0.006327
scipy-powell,hot,8,48,0.6044,0.006327
scipy-powell,hot,8,49,0.6168,0.006327
scipy-powell,hot,8,50,0.6295,0.006327
scipy-powell,hot,8,60,0.7509,0.006324
scipy-powell,hot,8,61,0.7636,0.006321
scipy-powell,hot,8,62,0.7762,0.006321
scipy-powell,hot,8,63,0.7887,0.006321
scipy-powell,hot,8,64,0.8014,0.006321
scipy-powell,hot,8,65,0.8132,0.006321
scipy-powell,hot,8,66,0.8250,0.006321
scipy-powell,hot,8,67,0.8369,0.006321
scipy-powell,hot,8,68,0.8488,0.006321
scipy-powell,hot,8,69,0.8606,0.006321
scipy-powell,hot,8,79,0.9834,0.006321
scipy-powell,hot,8,96,1.1955,0.006321
scipy-powell,hot,8,102,1.2656,0.006321
scipy-powell,hot,8,104,1.2889,0.006321
scipy-powell,hot,8,106,1.3151,0.006321
scipy-powell,hot,8,108,1.3403,0.006321
scipy-powell,hot,8,110,1.3647,0.006321
scipy-powell,hot,8,111,1.3768,0.006321
scipy-powell,hot,8,117,1.4495,0.006321
scipy-powell,hot,8,119,1.4742,0.006321
scipy-powell,hot,8,121,1.4994,0.006320
scipy-powell,hot,8,125,1.5529,0.006320
scipy-powell,hot,8,126,1.5647,0.006320
scipy-powell,hot,8,130,1.6125,0.006320
scipy-powell,hot,8,131,1.6242,0.006320
scipy-powell,hot,8,135,1.6722,0.006320
scipy-powell,hot,8,136,1.6848,0.006320
scipy-powell,hot,8,137,1.6968,0.006320
scipy-powell,hot,8,139,1.7207,0.006320
scipy-powell,hot,8,141,1.7442,0.006320
scipy-powell,hot,8,144,1.7803,0.006320
scipy-powell,hot,8,184,2.2617,0.006320
scipy-powell,hot,8,185,2.2738,0.006320
scipy-powell,hot,8,186,2.2858,0.006320
scipy-powell,hot,8,187,2.2979,0.006320
scipy-powell,hot,8,216,2.6507,0.006320
scipy-powell,hot,8,218,2.6740,0.006320
scipy-powell,hot,8,219,2.6857,0.006320
scipy-powell,hot,8,220,2.6971,0.006320
scipy-powell,hot,8,221,2.7087,0.006320
scipy-powell,hot,8,224,2.7458,0.005987
scipy-powell,hot,8,228,2.7944,0.005986
scipy-powell,hot,8,229,2.8066,0.005985
scipy-powell,hot,8,230,2.8202,0.005985
scipy-powell,hot,8,232,2.8455,0.005985
scipy-powell,hot,8,233,2.8586,0.005985
scipy-powell,hot,8,234,2.8715,0.005985
scipy-powell,hot,8,235,2.8835,0.005985
scipy-powell,hot,8,246,3.0141,0.005984
scipy-powell,hot,8,248,3.0377,0.005984
scipy-powell,hot,8,250,3.0612,0.005984
scipy-powell,hot,8,251,3.0730,0.005984
scipy-powell,hot,8,252,3.0847,0.005984
scipy-powell,hot,8,253,3.0970,0.005984
scipy-powell,hot,8,258,3.1572,0.005984
scipy-powell,hot,8,263,3.2189,0.005981
scipy-powell,hot,8,264,3.2309,0.005979
scipy-powell,hot,8,265,3.2427,0.005979
scipy-powell,hot,8,267,3.2670,0.005979
scipy-powell,hot,8,268,3.2803,0.005979
scipy-powell,hot,8,269,3.2940,0.005979
scipy-powell,hot,8,270,3.3065,0.005979
scipy-powell,hot,8,277,3.3939,0.005979
scipy-powell,hot,8,280,3.4308,0.005964
scipy-powell,hot,8,281,3.4433,0.005963
scipy-powell,hot,8,282,3.4565,0.005963
scipy-powell,hot,8,284,3.4831,0.005963
scipy-powell,hot,8,286,3.5088,0.005963
scipy-powell,hot,8,287,3.5227,0.005962
scipy-powell,hot,8,290,3.5638,0.005962
scipy-powell,hot,8,291,3.5777,0.005962
scipy-powell,hot,8,295,3.6331,0.005962
scipy-powell,hot,8,298,3.6721,0.005962
scipy-powell,hot,8,299,3.6849,0.005960
scipy-powell,hot,8,300,3.6971,0.005960
scipy-powell,hot,8,301,3.7265,0.005960
scipy-powell,hot,8,302,3.7427,0.005960
scipy-powell,hot,8,303,3.7547,0.005960
scipy-powell,hot,8,304,3.7686,0.005960
scipy-powell,hot,8,305,3.7808,0.005960
scipy-powell,hot,8,306,3.7953,0.005960
scipy-powell,hot,8,308,3.8241,0.005960
scipy-powell,hot,8,309,3.8386,0.005960
scipy-powell,hot,8,318,3.9725,0.005960
scipy-powell,hot,8,319,3.9882,0.005960
scipy-powell,hot,8,320,4.0015,0.005960
scipy-powell,hot,8,321,4.0151,0.005959
scipy-powell,hot,8,322,4.0289,0.005959
scipy-powell,hot,8,323,4.0424,0.005959
scipy-powell,hot,8,324,4.0559,0.005959
scipy-powell,hot,8,325,4.0693,0.005959
scipy-powell,hot,8,326,4.0831,0.005959
scipy-powell,hot,8,329,4.1250,0.005959
scipy-powell,hot,8,336,4.2210,0.005959
scipy-powell,hot,8,338,4.2478,0.005959
scipy-powell,hot,8,339,4.2601,0.005959
scipy-powell,hot,8,340,4.2723,0.005959
scipy-powell,hot,8,342,4.2967,0.005959
scipy-powell,hot,8,343,4.3090,0.005959
scipy-powell,hot,8,344,4.3210,0.005959
scipy-powell,hot,8,345,4.3338,0.005959
scipy-powell,hot,8,346,4.3454,0.005959
scipy-powell,hot,8,349,4.3816,0.005959
scipy-powell,hot,8,379,4.7564,0.005959
scipy-powell,hot,8,381,4.7835,0.005959
scipy-powell,hot,8,382,4.7962,0.005959
scipy-powell,hot,8,383,4.8085,0.005959
scipy-powell,hot,8,384,4.8206,0.005959
scipy-powell,hot,8,385,4.8335,0.005959
scipy-powell,hot,8,388,4.8724,0.005959
scipy-powell,hot,8,391,4.9105,0.005959
scipy-powell,hot,8,394,4.9490,0.005763
scipy-powell,hot,8,396,4.9730,0.005762
scipy-powell,hot,8,398,4.9969,0.005762
scipy-powell,hot,8,399,5.0088,0.005762
scipy-powell,hot,8,400,5.0210,0.005762
scipy-powell,hot,8,401,5.0356,0.005762
scipy-powell,hot,8,402,5.0506,0.005762
scipy-powell,hot,8,403,5.0643,0.005762
scipy-powell,hot,8,404,5.0760,0.005762
scipy-powell,hot,8,407,5.1114,0.005762
scipy-powell,hot,8,409,5.1352,0.005762
scipy-powell,hot,8,424,5.3134,0.005762
scipy-powell,hot,8,426,5.3376,0.005762
scipy-powell,hot,8,427,5.3490,0.005762
scipy-powell,hot,8,430,5.3846,0.005762
scipy-powell,hot,8,432,5.4091,0.005762
scipy-powell,hot,8,433,5.4227,0.005762
scipy-powell,hot,8,435,5.4500,0.005762
scipy-powell,hot,8,438,5.4898,0.005762
scipy-powell,hot,8,440,5.5161,0.005762
scipy-powell,hot,8,456,5.7132,0.005762
scipy-powell,hot,8,457,5.7253,0.005762
scipy-powell,hot,8,459,5.7493,0.005762
scipy-powell,hot,8,461,5.7728,0.005762
scipy-powell,hot,8,498,6.2503,0.005762
scipy-powell,hot,8,509,6.3831,0.005762
scipy-powell,hot,8,519,6.5106,0.005747
scipy-powell,hot,8,524,6.5846,0.005746
scipy-powell,hot,8,526,6.6151,0.005745
scipy-powell,hot,8,527,6.6310,0.005744
scipy-powell,hot,8,528,6.6465,0.005744
scipy-powell,hot,8,529,6.6623,0.005744
scipy-powell,hot,8,530,6.6782,0.005744
scipy-powell,hot,8,531,6.6933,0.005744
scipy-powell,hot,8,532,6.7085,0.005744
scipy-powell,hot,8,533,6.7242,0.005744
scipy-powell,hot,8,541,6.8343,0.005741
scipy-powell,hot,8,545,6.8816,0.005737
scipy-powell,hot,8,547,6.9054,0.005737
scipy-powell,hot,8,548,6.9171,0.005737
scipy-powell,hot,8,549,6.9289,0.005737
scipy-powell,hot,8,555,7.0034,0.005727
scipy-powell,hot,8,558,7.0407,0.005727
scipy-powell,hot,8,559,7.0560,0.005727
scipy-powell,hot,8,560,7.0686,0.005727
scipy-powell,hot,8,561,7.0809,0.005727
scipy-powell,hot,8,563,7.1061,0.005727
scipy-powell,hot,8,575,7.2501,0.005708
scipy-powell,hot,8,576,7.2618,0.005705
scipy-powell,hot,8,577,7.2745,0.005702
scipy-powell,hot,8,579,7.2988,0.005702
scipy-powell,hot,8,581,7.3230,0.005701
scipy-powell,hot,8,582,7.3352,0.005701
scipy-powell,hot,8,583,7.3472,0.005701
scipy-powell,hot,8,584,7.3593,0.005701
scipy-powell,hot,8,585,7.3713,0.005701
scipy-powell,hot,8,589,7.4200,0.005686
scipy-powell,hot,8,590,7.4321,0.005645
scipy-powell,hot,8,595,7.4938,0.005645
scipy-powell,hot,8,596,7.5061,0.005645
scipy-powell,hot,8,597,7.5182,0.005645
scipy-powell,hot,8,598,7.5315,0.005645
scipy-powell,hot,8,599,7.5450,0.005645
scipy-powell,hot,8,600,7.5575,0.005645
scipy-powell,hot,8,609,7.6712,0.005644
scipy-powell,hot,8,610,7.6835,0.005622
scipy-powell,hot,8,611,7.6956,0.005618
scipy-powell,hot,8,612,7.7079,0.005618
scipy-powell,hot,8,613,7.7202,0.005618
scipy-powell,hot,8,615,7.7452,0.005618
scipy-powell,hot,8,616,7.7578,0.005618
scipy-powell,hot,8,617,7.7707,0.005618
scipy-powell,hot,8,618,7.7831,0.005618
scipy-powell,hot,8,619,7.7955,0.005618
scipy-powell,hot,8,634,7.9796,0.005607
scipy-powell,hot,8,635,7.9914,0.005607
scipy-powell,hot,8,636,8.0037,0.005607
scipy-powell,hot,8,638,8.0280,0.005607
scipy-powell,hot,8,639,8.0404,0.005607
scipy-powell,hot,8,645,8.1164,0.005592
scipy-powell,hot,8,647,8.1414,0.005587
scipy-powell,hot,8,648,8.1549,0.005587
scipy-powell,hot,8,649,8.1685,0.005587
scipy-powell,hot,8,651,8.1962,0.005587
scipy-powell,hot,8,652,8.2092,0.005587
scipy-powell,hot,8,653,8.2218,0.005587
scipy-powell,hot,8,658,8.2848,0.005587
scipy-powell,hot,8,660,8.3101,0.005567
scipy-powell,hot,8,662,8.3343,0.005567
scipy-powell,hot,8,665,8.3705,0.005567
scipy-powell,hot,8,670,8.4319,0.005567
scipy-powell,hot,8,671,8.4441,0.005567
scipy-powell,hot,8,672,8.4569,0.005567
scipy-powell,hot,8,673,8.4703,0.005567
scipy-powell,hot,8,675,8.4963,0.005567
scipy-powell,hot,8,691,8.6998,0.005567
scipy-powell,hot,8,692,8.7134,0.005567
scipy-powell,hot,8,693,8.7270,0.005567
scipy-powell,hot,8,694,8.7402,0.005567
scipy-powell,hot,8,695,8.7530,0.005567
scipy-powell,hot,8,696,8.7656,0.005567
scipy-powell,hot,8,697,8.7783,0.005567
scipy-powell,hot,8,700,8.8168,0.005567
scipy-powell,hot,8,703,8.8548,0.005539
scipy-powell,hot,8,704,8.8675,0.005525
scipy-powell,hot,8,705,8.8800,0.005521
scipy-powell,hot,8,706,8.8927,0.005520
scipy-powell,hot,8,707,8.9051,0.005520
scipy-powell,hot,8,708,8.9182,0.005520
scipy-powell,hot,8,709,8.9305,0.005520
scipy-powell,hot,8,710,8.9432,0.005520
scipy-powell,hot,8,711,8.9561,0.005520
scipy-powell,hot,8,712,8.9692,0.005520
scipy-powell,hot,8,729,9.2877,0.005518
scipy-powell,hot,8,730,9.3005,0.005513
scipy-powell,hot,8,731,9.3140,0.005512
scipy-powell,hot,8,732,9.3263,0.005512
scipy-powell,hot,8,733,9.3391,0.005512
scipy-powell,hot,8,734,9.3519,0.005512
scipy-powell,hot,8,735,9.3642,0.005512
scipy-powell,hot,8,736,9.3766,0.005512
scipy-powell,hot,8,745,9.4863,0.005506
scipy-powell,hot,8,746,9.4991,0.005506
scipy-powell,hot,8,747,9.5113,0.005506
scipy-powell,hot,8,749,9.5374,0.005506
scipy-powell,hot,8,750,9.5507,0.005506
scipy-powell,hot,8,751,9.5634,0.005506
scipy-powell,hot,8,752,9.5763,0.005506
scipy-powell,hot,8,757,9.6424,0.005425
scipy-powell,hot,8,758,9.6561,0.005422
scipy-powell,hot,8,762,9.7104,0.005422
scipy-powell,hot,8,763,9.7238,0.005422
scipy-powell,hot,8,764,9.7372,0.005422
scipy-powell,hot,8,765,9.7510,0.005422
scipy-powell,hot,8,766,9.7637,0.005422
scipy-powell,hot,8,767,9.7769,0.005422
scipy-powell,hot,8,775,9.8794,0.005422
scipy-powell,hot,8,777,9.9036,0.005418
scipy-powell,hot,8,778,9.9157,0.005418
scipy-powell,hot,8,780,9.9399,0.005417
scipy-powell,hot,8,781,9.9524,0.005417
scipy-powell,hot,8,783,9.9777,0.005417
scipy-powell,hot,8,784,9.9904,0.005417
scipy-powell,hot,8,785,10.0027,0.005417
scipy-powell,hot,8,786,10.0145,0.005417
scipy-powell,hot,8,787,10.0264,0.005417
scipy-powell,hot,8,788,10.0386,0.005417
scipy-powell,hot,8,801,10.1965,0.005417
scipy-powell,hot,8,802,10.2089,0.005417
scipy-powell,hot,8,803,10.2210,0.005417
scipy-powell,hot,8,805,10.2472,0.005417
scipy-powell,hot,8,806,10.2618,0.005417
scipy-powell,hot,8,807,10.2766,0.005417
scipy-powell,hot,8,809,10.3043,0.005417
scipy-powell,hot,8,810,10.3182,0.005417
scipy-powell,hot,8,815,10.3922,0.005417
scipy-powell,hot,8,877,11.2538,0.005382
scipy-powell,hot,8,879,11.2784,0.005353
scipy-powell,hot,8,880,11.2905,0.005344
scipy-powell,hot,8,881,11.3030,0.005342
scipy-powell,hot,8,882,11.3156,0.005342
scipy-powell,hot,8,883,11.3284,0.005342
scipy-powell,hot,8,884,11.3417,0.005342
scipy-powell,hot,8,885,11.3540,0.005342
scipy-powell,hot,8,886,11.3665,0.005342
scipy-powell,hot,8,888,11.3917,0.005342
scipy-powell,hot,8,896,11.4946,0.005330
scipy-powell,hot,8,901,11.5580,0.005330
scipy-powell,hot,8,902,11.5703,0.005330
scipy-powell,hot,8,904,11.5941,0.005330
scipy-powell,hot,8,905,11.6065,0.005330
scipy-powell,hot,8,907,11.6304,0.005002
scipy-powell,hot,8,914,11.7176,0.005000
scipy-powell,hot,8,916,11.7417,0.005000
scipy-powell,hot,8,918,11.7659,0.005000
scipy-powell,hot,8,919,11.7782,0.005000
scipy-powell,hot,8,920,11.7900,0.005000
scipy-powell,hot,8,921,11.8020,0.005000
scipy-powell,hot,8,922,11.8146,0.005000
scipy-powell,hot,8,923,11.8272,0.005000
scipy-powell,hot,8,966,12.3645,0.004957
scipy-powell,hot,8,968,12.3911,0.004954
scipy-powell,hot,8,969,12.4046,0.004954
scipy-powell,hot,8,970,12.4190,0.004954
scipy-powell,hot,8,972,12.4450,0.004954
scipy-powell,hot,8,973,12.4577,0.004954
scipy-powell,hot,8,974,12.4699,0.004954
scipy-powell,hot,8,975,12.4818,0.004954
scipy-powell,hot,8,976,12.4940,0.004954
scipy-powell,hot,8,977,12.5059,0.004954
scipy-powell,hot,8,989,12.6547,0.004954
scipy-powell,hot,8,991,12.6797,0.004954
scipy-powell,hot,8,992,12.6922,0.004954
scipy-powell,hot,8,993,12.7051,0.004954
scipy-powell,hot,8,994,12.7187,0.004954
scipy-powell,hot,8,995,12.7315,0.004954
scipy-powell,hot,8,1006,12.8770,0.004953
scipy-powell,hot,8,1008,12.9025,0.004953
scipy-powell,hot,8,1010,12.9302,0.004953
scipy-powell,hot,8,1011,12.9429,0.004953
scipy-powell,hot,8,1022,13.0907,0.004950
scipy-powell,hot,8,1024,13.1155,0.004949
scipy-powell,hot,8,1025,13.1276,0.004949
scipy-powell,hot,8,1026,13.1399,0.004949
scipy-powell,hot,8,1027,13.1518,0.004949
scipy-powell,hot,8,1028,13.1644,0.004949
scipy-powell,hot,8,1029,13.1774,0.004949
scipy-powell,hot,8,1030,13.1897,0.004949
scipy-powell,hot,8,1031,13.2018,0.004949
scipy-powell,hot,8,1038,13.2901,0.004947
scipy-powell,hot,8,1041,13.3275,0.004910
scipy-powell,hot,8,1042,13.3396,0.004910
scipy-powell,hot,8,1043,13.3515,0.004904
scipy-powell,hot,8,1045,13.3766,0.004903
scipy-powell,hot,8,1046,13.3890,0.004903
scipy-powell,hot,8,1047,13.4012,0.004903
scipy-powell,hot,8,1048,13.4134,0.004903
scipy-powell,hot,8,1049,13.4259,0.004903
scipy-powell,hot,8,1050,13.4382,0.004903
scipy-powell,hot,8,1057,13.5227,0.004903
scipy-powell,hot,8,1062,13.5848,0.004902
scipy-powell,hot,8,1063,13.5978,0.004902
scipy-powell,hot,8,1064,13.6103,0.004902
scipy-powell,hot,8,1065,13.6232,0.004902
scipy-powell,hot,8,1066,13.6361,0.004902
scipy-powell,hot,8,1067,13.6489,0.004902
scipy-powell,hot,8,1069,13.6745,0.004902
scipy-powell,hot,8,1070,13.6867,0.004858
scipy-powell,hot,8,1076,13.7652,0.004857
scipy-powell,hot,8,1077,13.7791,0.004857
scipy-powell,hot,8,1078,13.7921,0.004857
scipy-powell,hot,8,1079,13.8043,0.004857
scipy-powell,hot,8,1080,13.8174,0.004857
scipy-powell,hot,8,1081,13.8304,0.004857
scipy-powell,hot,8,1082,13.8433,0.004857
scipy-powell,hot,8,1093,13.9822,0.004856
scipy-powell,hot,8,1095,14.0100,0.004855
scipy-powell,hot,8,1096,14.0240,0.004855
scipy-powell,hot,8,1097,14.0370,0.004855
scipy-powell,hot,8,1098,14.0492,0.004855
scipy-powell,hot,8,1099,14.0619,0.004855
scipy-powell,hot,8,1340,17.1604,0.004793
scipy-powell,hot,8,1341,17.1755,0.004735
scipy-powell,hot,8,1342,17.1904,0.004723
scipy-powell,hot,8,1343,17.2075,0.004722
scipy-powell,hot,8,1344,17.2228,0.004718
scipy-powell,hot,8,1345,17.2410,0.004716
scipy-powell,hot,8,1346,17.2556,0.004715
scipy-powell,hot,8,1347,17.2691,0.004714
scipy-powell,hot,8,1348,17.2812,0.004714
scipy-powell,hot,8,1349,17.2937,0.004714
scipy-powell,hot,8,1350,17.3061,0.004714
scipy-powell,hot,8,1351,17.3186,0.004714
scipy-powell,hot,8,1352,17.3326,0.004714
scipy-powell,hot,8,1353,17.3475,0.004714
scipy-powell,hot,8,1354,17.3615,0.004714
scipy-powell,hot,8,1355,17.3755,0.004714
scipy-powell,hot,8,1356,17.3915,0.004713
scipy-powell,hot,8,1357,17.4062,0.004713
scipy-powell,hot,8,1358,17.4202,0.004713
scipy-powell,hot,8,1359,17.4342,0.004713
scipy-powell,hot,8,1360,17.4469,0.004713
scipy-powell,hot,8,1361,17.4599,0.004713
scipy-powell,hot,8,1362,17.4725,0.004713
scipy-powell,hot,8,1363,17.4854,0.004713
scipy-powell,hot,8,1364,17.4989,0.004713
scipy-powell,hot,8,1365,17.5118,0.004713
scipy-powell,hot,8,1366,17.5252,0.004713
scipy-powell,hot,8,1367,17.5383,0.004713
scipy-powell,hot,8,1368,17.5514,0.004713
scipy-powell,hot,8,1369,17.5643,0.004713
scipy-powell,hot,8,1370,17.5775,0.004713
scipy-powell,hot,8,1371,17.5904,0.004713
scipy-powell,hot,8,1372,17.6034,0.004713
scipy-powell,hot,8,1373,17.6167,0.004713
scipy-powell,hot,8,1374,17.6303,0.004713
scipy-powell,hot,8,1375,17.6437,0.004713
scipy-powell,hot,8,1376,17.6564,0.004713
scipy-powell,hot,8,1379,17.6957,0.004713
scipy-powell,hot,8,1380,17.7088,0.004713
scipy-powell,hot,8,1382,17.7352,0.004713
scipy-powell,hot,8,1383,17.7483,0.004713
scipy-powell,hot,8,1385,17.7752,0.004713
scipy-powell,hot,8,1386,17.7886,0.004713
scipy-powell,hot,8,1387,17.8020,0.004713
scipy-powell,hot,8,1388,17.8155,0.004713
scipy-powell,hot,8,1395,17.9180,0.004711
scipy-powell,hot,8,1396,17.9319,0.004705
scipy-powell,hot,8,1397,17.9461,0.004704
scipy-powell,hot,8,1398,17.9603,0.004703
scipy-powell,hot,8,1399,17.9745,0.004703
scipy-powell,hot,8,1400,17.9888,0.004702
scipy-powell,hot,8,1401,18.0031,0.004702
scipy-powell,hot,8,1402,18.0169,0.004702
scipy-powell,hot,8,1403,18.0302,0.004702
scipy-powell,hot,8,1404,18.0429,0.004702
scipy-powell,hot,8,1405,18.0559,0.004702
scipy-powell,hot,8,1406,18.0694,0.004702
scipy-powell,hot,8,1407,18.0832,0.004702
scipy-powell,hot,8,1408,18.0982,0.004702
scipy-powell,hot,8,1409,18.1111,0.004702
scipy-powell,hot,8,1410,18.1252,0.004702
scipy-powell,hot,8,1411,18.1383,0.004702
scipy-powell,hot,8,1412,18.1512,0.004702
scipy-powell,hot,8,1413,18.1637,0.004702
scipy-powell,hot,8,1414,18.1757,0.004702
scipy-powell,hot,8,1415,18.1881,0.004702
scipy-powell,hot,8,1416,18.2007,0.004702
scipy-powell,hot,8,1417,18.2132,0.004702
scipy-powell,hot,8,1418,18.2262,0.004702
scipy-powell,hot,8,1419,18.2392,0.004702
scipy-powell,hot,8,1420,18.2515,0.004702
scipy-powell,hot,8,1421,18.2638,0.004702
scipy-powell,hot,8,1422,18.2765,0.004702
scipy-powell,hot,8,1423,18.2897,0.004702
scipy-powell,hot,8,1424,18.3020,0.004702
scipy-powell,hot,8,1425,18.3178,0.004702
scipy-powell,hot,8,1426,18.3305,0.004702
scipy-powell,hot,8,1427,18.3451,0.004702
scipy-powell,hot,8,1428,18.3603,0.004702
scipy-powell,hot,8,1429,18.3738,0.004702
scipy-powell,hot,8,1430,18.3864,0.004702
scipy-powell,hot,8,1437,18.4764,0.004702
scipy-powell,hot,8,1440,18.5168,0.004702
scipy-powell,hot,8,1441,18.5311,0.004702
scipy-powell,hot,8,1442,18.5451,0.004702
scipy-powell,hot,8,1443,18.5582,0.004702
scipy-powell,hot,8,1444,18.5709,0.004702
scipy-powell,hot,8,1448,18.6209,0.004702
scipy-powell,hot,8,1451,18.6624,0.004701
scipy-powell,hot,8,1452,18.6758,0.004701
scipy-powell,hot,8,1453,18.6892,0.004700
scipy-powell,hot,8,1454,18.7014,0.004700
scipy-powell,hot,8,1455,18.7138,0.004700
scipy-powell,hot,8,1456,18.7262,0.004700
scipy-powell,hot,8,1457,18.7385,0.004700
scipy-powell,hot,8,1458,18.7517,0.004700
scipy-powell,hot,8,1459,18.7649,0.004700
scipy-powell,hot,8,1460,18.7784,0.004700
scipy-powell,hot,8,1461,18.7916,0.004700
scipy-powell,hot,8,1462,18.8046,0.004700
scipy-powell,hot,8,1463,18.8172,0.004700
scipy-powell,hot,8,1464,18.8319,0.004700
scipy-powell,hot,8,1465,18.8473,0.004700
scipy-powell,hot,8,1466,18.8603,0.004700
scipy-powell,hot,8,1467,18.8743,0.004700
scipy-powell,hot,8,1468,18.8871,0.004700
scipy-powell,hot,8,1469,18.8996,0.004700
scipy-powell,hot,8,1470,18.9122,0.004700
scipy-powell,hot,8,1471,18.9246,0.004700
scipy-powell,hot,8,1472,18.9372,0.004700
scipy-powell,hot,8,1473,18.9498,0.004700
scipy-powell,hot,8,1474,18.9624,0.004700
scipy-powell,hot,8,1475,18.9751,0.004700
scipy-powell,hot,8,1476,18.9872,0.004700
scipy-powell,hot,8,1477,18.9997,0.004700
scipy-powell,hot,8,1478,19.0129,0.004700
scipy-powell,hot,8,1479,19.0262,0.004700
scipy-powell,hot,8,1480,19.0390,0.004700
scipy-powell,hot,8,1481,19.0528,0.004700
scipy-powell,hot,8,1482,19.0654,0.004700
scipy-powell,hot,8,1483,19.0781,0.004700
scipy-powell,hot,8,1484,19.0908,0.004700
scipy-powell,hot,8,1485,19.1034,0.004700
scipy-powell,hot,8,1486,19.1162,0.004700
scipy-powell,hot,8,1487,19.1294,0.004677
scipy-powell,hot,8,1492,19.1949,0.004676
scipy-powell,hot,8,1493,19.2077,0.004676
scipy-powell,hot,8,1494,19.2224,0.004676
scipy-powell,hot,8,1495,19.2359,0.004676
scipy-powell,hot,8,1505,19.3714,0.004676
scipy-powell,hot,8,1507,19.3988,0.004676
scipy-powell,hot,8,1508,19.4121,0.004676
scipy-powell,hot,8,1509,19.4253,0.004676
scipy-powell,hot,8,1510,19.4382,0.004676
scipy-powell,hot,8,1511,19.4515,0.004676
scipy-powell,hot,8,1512,19.4656,0.004676
scipy-powell,hot,8,1513,19.4791,0.004676
scipy-powell,hot,8,1514,19.4926,0.004676
scipy-powell,hot,8,1523,19.6108,0.004668
scipy-powell,hot,8,1525,19.6360,0.004666
scipy-powell,hot,8,1526,19.6489,0.004666
scipy-powell,hot,8,1528,19.6748,0.004665
scipy-powell,hot,8,1530,19.7019,0.004665
scipy-powell,hot,8,1531,19.7146,0.004665
scipy-powell,hot,8,1532,19.7267,0.004665
scipy-powell,hot,8,1533,19.7406,0.004665
scipy-powell,hot,8,1534,19.7531,0.004665
scipy-powell,hot,8,1545,19.8946,0.004664
scipy-powell,hot,8,1546,19.9072,0.004662
scipy-powell,hot,8,1548,19.9326,0.004662
scipy-powell,hot,8,1549,19.9457,0.004662
scipy-powell,hot,8,1550,19.9592,0.004662
scipy-powell,hot,8,1551,19.9735,0.004662
scipy-powell,hot,8,1553,20.0008,0.004662
scipy-powell,hot,8,1572,20.2505,0.004645
scipy-powell,hot,8,1574,20.2749,0.004644
scipy-powell,hot,8,1575,20.2874,0.004644
scipy-powell,hot,8,1577,20.3120,0.004644
scipy-powell,hot,8,1579,20.3373,0.004644
scipy-powell,hot,8,1580,20.3500,0.004644
scipy-powell,hot,8,1581,20.3622,0.004644
scipy-powell,hot,8,1590,20.4763,0.004643
scipy-powell,hot,8,1591,20.4892,0.004643
scipy-powell,hot,8,1592,20.5021,0.004643
scipy-powell,hot,8,1593,20.5145,0.004643
scipy-powell,hot,8,1594,20.5267,0.004643
scipy-powell,hot,8,1595,20.5396,0.004643
scipy-powell,hot,8,1596,20.5523,0.004643
scipy-powell,hot,8,1597,20.5660,0.004643
scipy-powell,hot,8,1599,20.5909,0.004593
scipy-powell,hot,8,1601,20.6159,0.004527
scipy-powell,hot,8,1603,20.6400,0.004523
scipy-powell,hot,8,1604,20.6520,0.004514
scipy-powell,hot,8,1606,20.6764,0.004513
scipy-powell,hot,8,1607,20.6890,0.004513
scipy-powell,hot,8,1608,20.7014,0.004513
scipy-powell,hot,8,1609,20.7139,0.004513
scipy-powell,hot,8,1610,20.7262,0.004513
scipy-powell,hot,8,1611,20.7397,0.004513
scipy-powell,hot,8,1620,20.8625,0.004511
scipy-powell,hot,8,1622,20.8908,0.004510
scipy-powell,hot,8,1623,20.9052,0.004510
scipy-powell,hot,8,1624,20.9198,0.004510
scipy-powell,hot,8,1625,20.9339,0.004510
scipy-powell,hot,8,1626,20.9473,0.004510
scipy-powell,hot,8,1627,20.9593,0.004510
scipy-powell,hot,8,1628,20.9720,0.004510
scipy-powell,hot,8,1633,21.0434,0.004510
scipy-powell,hot,8,1642,21.1583,0.004509
scipy-powell,hot,8,1644,21.1833,0.004509
scipy-powell,hot,8,1645,21.1957,0.004508
scipy-powell,hot,8,1646,21.2082,0.004508
scipy-powell,hot,8,1647,21.2213,0.004508
scipy-powell,hot,8,1648,21.2335,0.004508
scipy-powell,hot,8,1649,21.2461,0.004508
scipy-powell,hot,8,1650,21.2588,0.004508
scipy-powell,hot,8,1653,21.2971,0.004502
scipy-powell,hot,8,1655,21.3226,0.004481
scipy-powell,hot,8,1656,21.3348,0.004458
scipy-powell,hot,8,1659,21.3723,0.004458
scipy-powell,hot,8,1661,21.3991,0.004458
scipy-powell,hot,8,1662,21.4116,0.004458
scipy-powell,hot,8,1663,21.4235,0.004458
scipy-powell,hot,8,1664,21.4360,0.004458
scipy-powell,hot,8,1665,21.4490,0.004458
scipy-powell,hot,8,1666,21.4621,0.004458
scipy-powell,hot,8,1671,21.5276,0.004417
scipy-powell,hot,8,1676,21.5947,0.004415
scipy-powell,hot,8,1677,21.6070,0.004415
scipy-powell,hot,8,1678,21.6195,0.004415
scipy-powell,hot,8,1679,21.6325,0.004415
scipy-powell,hot,8,1680,21.6451,0.004415
scipy-powell,hot,8,1681,21.6582,0.004415
scipy-powell,hot,8,1694,21.8317,0.004415
scipy-powell,hot,8,1695,21.8458,0.004415
scipy-powell,hot,8,1696,21.8616,0.004415
scipy-powell,hot,8,1698,21.8936,0.004415
scipy-powell,hot,8,1699,21.9103,0.004415
scipy-powell,hot,8,1700,21.9244,0.004415
scipy-powell,hot,8,1709,22.0401,0.004414
scipy-powell,hot,8,1710,22.0524,0.004414
scipy-powell,hot,8,1711,22.0644,0.004414
scipy-powell,hot,8,1712,22.0772,0.004414
scipy-powell,hot,8,1713,22.0900,0.004414
scipy-powell,hot,8,1714,22.1022,0.004414
scipy-powell,hot,8,1715,22.1144,0.004414
scipy-powell,hot,8,1724,22.2294,0.004387
scipy-powell,hot,8,1725,22.2419,0.004383
scipy-powell,hot,8,1726,22.2543,0.004383
scipy-powell,hot,8,1728,22.2781,0.004383
scipy-powell,hot,8,1729,22.2914,0.004383
scipy-powell,hot,8,1730,22.3035,0.004383
scipy-powell,hot,8,1731,22.3174,0.004383
scipy-powell,hot,8,1733,22.3426,0.004383
scipy-powell,hot,8,1734,22.3551,0.004383
scipy-powell,hot,8,1735,22.3673,0.004383
scipy-powell,hot,8,1736,22.3799,0.004383
scipy-powell,hot,8,1749,22.5493,0.004303
scipy-powell,hot,8,1751,22.5771,0.004294
scipy-powell,hot,8,1753,22.6041,0.004292
scipy-powell,hot,8,1754,22.6168,0.004292
scipy-powell,hot,8,1755,22.6290,0.004292
scipy-powell,hot,8,1756,22.6417,0.004292
scipy-powell,hot,8,1757,22.6544,0.004292
scipy-powell,hot,8,1758,22.6671,0.004292
scipy-powell,hot,8,1759,22.6796,0.004292
scipy-powell,hot,8,1771,22.8270,0.004287
scipy-powell,hot,8,1772,22.8385,0.004286
scipy-powell,hot,8,1773,22.8502,0.004286
scipy-powell,hot,8,1775,22.8743,0.004286
scipy-powell,hot,8,1777,22.9011,0.004286
scipy-powell,hot,8,1778,22.9132,0.004286
scipy-powell,hot,8,1790,23.0557,0.004286
scipy-powell,hot,8,1791,23.0673,0.004286
scipy-powell,hot,8,1792,23.0792,0.004286
scipy-powell,hot,8,1793,23.0912,0.004286
scipy-powell,hot,8,1794,23.1035,0.004286
scipy-powell,hot,8,1795,23.1166,0.004286
scipy-powell,hot,8,1798,23.1536,0.004286
scipy-powell,hot,8,1805,23.2364,0.004275
scipy-powell,hot,8,1806,23.2483,0.004270
scipy-powell,hot,8,1807,23.2612,0.004269
scipy-powell,hot,8,1808,23.2726,0.004269
scipy-powell,hot,8,1809,23.2849,0.004269
scipy-powell,hot,8,1810,23.2992,0.004269
scipy-powell,hot,8,1811,23.3130,0.004269
scipy-powell,hot,8,1812,23.3248,0.004269
scipy-powell,hot,8,1813,23.3365,0.004269
scipy-powell,hot,8,1814,23.3483,0.004269
scipy-powell,hot,9,0,0.0000,0.005719
scipy-powell,hot,9,3,0.0534,0.005627
scipy-powell,hot,9,7,0.1043,0.005615
scipy-powell,hot,9,9,0.1302,0.005609
scipy-powell,hot,9,10,0.1433,0.005609
scipy-powell,hot,9,11,0.1563,0.005609
scipy-powell,hot,9,12,0.1692,0.005609
scipy-powell,hot,9,13,0.1825,0.005609
scipy-powell,hot,9,14,0.1956,0.005609
scipy-powell,hot,9,15,0.2091,0.005609
scipy-powell,hot,9,17,0.2371,0.005260
scipy-powell,hot,9,20,0.2800,0.005257
scipy-powell,hot,9,21,0.2941,0.005256
scipy-powell,hot,9,22,0.3082,0.005256
scipy-powell,hot,9,24,0.3368,0.005256
scipy-powell,hot,9,26,0.3638,0.005256
scipy-powell,hot,9,27,0.3777,0.005256
scipy-powell,hot,9,28,0.3906,0.005256
scipy-powell,hot,9,29,0.4033,0.005256
scipy-powell,hot,9,30,0.4157,0.005256
scipy-powell,hot,9,31,0.4286,0.005256
scipy-powell,hot,9,37,0.5159,0.005253
scipy-powell,hot,9,40,0.5633,0.005253
scipy-powell,hot,9,41,0.5789,0.005253
scipy-powell,hot,9,43,0.6096,0.005253
scipy-powell,hot,9,44,0.6248,0.005253
scipy-powell,hot,9,47,0.6723,0.005253
scipy-powell,hot,9,50,0.7109,0.005253
scipy-powell,hot,9,59,0.8230,0.005253
scipy-powell,hot,9,60,0.8358,0.005253
scipy-powell,hot,9,62,0.8615,0.005253
scipy-powell,hot,9,63,0.8763,0.005253
scipy-powell,hot,9,64,0.8888,0.005253
scipy-powell,hot,9,65,0.9014,0.005253
scipy-powell,hot,9,66,0.9138,0.005253
scipy-powell,hot,9,67,0.9260,0.005253
scipy-powell,hot,9,68,0.9387,0.005253
scipy-powell,hot,9,73,1.0061,0.005253
scipy-powell,hot,9,77,1.0570,0.005237
scipy-powell,hot,9,78,1.0704,0.005228
scipy-powell,hot,9,79,1.0828,0.005228
scipy-powell,hot,9,80,1.0953,0.005228
scipy-powell,hot,9,82,1.1194,0.005228
scipy-powell,hot,9,83,1.1340,0.005228
scipy-powell,hot,9,84,1.1465,0.005228
scipy-powell,hot,9,85,1.1597,0.005228
scipy-powell,hot,9,87,1.1854,0.005228
scipy-powell,hot,9,88,1.1984,0.005228
scipy-powell,hot,9,111,1.4984,0.005228
scipy-powell,hot,9,112,1.5112,0.005228
scipy-powell,hot,9,128,1.7175,0.005228
scipy-powell,hot,9,186,2.5144,0.005193
scipy-powell,hot,9,187,2.5264,0.005177
scipy-powell,hot,9,188,2.5387,0.005174
scipy-powell,hot,9,191,2.5749,0.005174
scipy-powell,hot,9,193,2.6000,0.005174
scipy-powell,hot,9,195,2.6256,0.005174
scipy-powell,hot,9,196,2.6377,0.005174
scipy-powell,hot,9,197,2.6497,0.005174
scipy-powell,hot,9,203,2.7301,0.005174
scipy-powell,hot,9,206,2.7694,0.005115
scipy-powell,hot,9,207,2.7813,0.004992
scipy-powell,hot,9,208,2.7938,0.004966
scipy-powell,hot,9,209,2.8065,0.004954
scipy-powell,hot,9,210,2.8204,0.004943
scipy-powell,hot,9,211,2.8338,0.004943
scipy-powell,hot,9,212,2.8465,0.004943
scipy-powell,hot,9,213,2.8588,0.004943
scipy-powell,hot,9,214,2.8713,0.004943
scipy-powell,hot,9,215,2.8840,0.004943
scipy-powell,hot,9,221,2.9582,0.004912
scipy-powell,hot,9,225,3.0064,0.004904
scipy-powell,hot,9,226,3.0187,0.004904
scipy-powell,hot,9,227,3.0309,0.004904
scipy-powell,hot,9,229,3.0552,0.004904
scipy-powell,hot,9,230,3.0674,0.004904
scipy-powell,hot,9,231,3.0801,0.004904
scipy-powell,hot,9,232,3.0925,0.004904
scipy-powell,hot,9,237,3.1543,0.004903
scipy-powell,hot,9,240,3.1908,0.004903
scipy-powell,hot,9,242,3.2160,0.004903
scipy-powell,hot,9,243,3.2283,0.004903
scipy-powell,hot,9,244,3.2404,0.004903
scipy-powell,hot,9,245,3.2524,0.004903
scipy-powell,hot,9,246,3.2657,0.004903
scipy-powell,hot,9,251,3.3298,0.004903
scipy-powell,hot,9,252,3.3431,0.004903
scipy-powell,hot,9,262,3.4659,0.004903
scipy-powell,hot,9,264,3.4922,0.004903
scipy-powell,hot,9,265,3.5045,0.004903
scipy-powell,hot,9,266,3.5165,0.004903
scipy-powell,hot,9,267,3.5283,0.004903
scipy-powell,hot,9,280,3.6873,0.004903
scipy-powell,hot,9,284,3.7403,0.004902
scipy-powell,hot,9,287,3.7835,0.004902
scipy-powell,hot,9,288,3.7977,0.004902
scipy-powell,hot,9,290,3.8267,0.004902
scipy-powell,hot,9,291,3.8401,0.004902
scipy-powell,hot,9,292,3.8540,0.004902
scipy-powell,hot,9,294,3.8801,0.004902
scipy-powell,hot,9,295,3.8928,0.004902
scipy-powell,hot,9,296,3.9056,0.004902
scipy-powell,hot,9,297,3.9185,0.004902
scipy-powell,hot,9,313,4.1282,0.004902
scipy-powell,hot,9,315,4.1538,0.004902
scipy-powell,hot,9,316,4.1672,0.004902
scipy-powell,hot,9,328,4.3179,0.004901
scipy-powell,hot,9,330,4.3435,0.004901
scipy-powell,hot,9,331,4.3554,0.004901
scipy-powell,hot,9,332,4.3670,0.004901
scipy-powell,hot,9,333,4.3786,0.004901
scipy-powell,hot,9,345,4.5351,0.004901
scipy-powell,hot,9,347,4.5585,0.004901
scipy-powell,hot,9,685,8.7745,0.004841
scipy-powell,hot,9,688,8.8102,0.004838
scipy-powell,hot,9,689,8.8221,0.004838
scipy-powell,hot,9,690,8.8342,0.004838
scipy-powell,hot,9,692,8.8580,0.004838
scipy-powell,hot,9,693,8.8707,0.004838
scipy-powell,hot,9,694,8.8828,0.004838
scipy-powell,hot,9,695,8.8950,0.004838
scipy-powell,hot,9,696,8.9067,0.004838
scipy-powell,hot,9,708,9.0554,0.004836
scipy-powell,hot,9,709,9.0684,0.004836
scipy-powell,hot,9,710,9.0807,0.004835
scipy-powell,hot,9,711,9.0934,0.004835
scipy-powell,hot,9,712,9.1053,0.004835
scipy-powell,hot,9,713,9.1172,0.004835
scipy-powell,hot,9,714,9.1295,0.004835
scipy-powell,hot,9,715,9.1418,0.004835
scipy-powell,hot,9,716,9.1537,0.004835
scipy-powell,hot,9,717,9.1674,0.004835
scipy-powell,hot,9,719,9.1939,0.004835
scipy-powell,hot,9,725,9.2717,0.004834
scipy-powell,hot,9,728,9.3111,0.004834
scipy-powell,hot,9,730,9.3359,0.004834
scipy-powell,hot,9,731,9.3490,0.004834
scipy-powell,hot,9,732,9.3612,0.004834
scipy-powell,hot,9,733,9.3740,0.004834
scipy-powell,hot,9,734,9.3861,0.004834
scipy-powell,hot,9,745,9.5164,0.004833
scipy-powell,hot,9,747,9.5406,0.004833
scipy-powell,hot,9,748,9.5522,0.004833
scipy-powell,hot,9,749,9.5640,0.004833
scipy-powell,hot,9,750,9.5762,0.004833
scipy-powell,hot,9,758,9.6724,0.004830
scipy-powell,hot,9,760,9.6965,0.004829
scipy-powell,hot,9,761,9.7095,0.004829
scipy-powell,hot,9,762,9.7245,0.004829
scipy-powell,hot,9,763,9.7376,0.004829
scipy-powell,hot,9,764,9.7493,0.004829
scipy-powell,hot,9,765,9.7614,0.004829
scipy-powell,hot,9,769,9.8131,0.004829
scipy-powell,hot,9,785,10.0108,0.004767
scipy-powell,hot,9,787,10.0339,0.004693
scipy-powell,hot,9,791,10.0821,0.004691
scipy-powell,hot,9,792,10.0938,0.004691
scipy-powell,hot,9,793,10.1056,0.004691
scipy-powell,hot,9,794,10.1171,0.004691
scipy-powell,hot,9,795,10.1286,0.004691
scipy-powell,hot,9,796,10.1403,0.004691
scipy-powell,hot,9,797,10.1515,0.004691
scipy-powell,hot,9,798,10.1630,0.004691
scipy-powell,hot,9,802,10.2100,0.004689
scipy-powell,hot,9,804,10.2324,0.004689
scipy-powell,hot,9,805,10.2443,0.004689
scipy-powell,hot,9,806,10.2557,0.004689
scipy-powell,hot,9,807,10.2670,0.004689
scipy-powell,hot,9,808,10.2782,0.004689
scipy-powell,hot,9,809,10.2896,0.004689
scipy-powell,hot,9,810,10.3014,0.004689
scipy-powell,hot,9,813,10.3366,0.004689
scipy-powell,hot,9,817,10.3831,0.004689
scipy-powell,hot,9,824,10.4645,0.004689
scipy-powell,hot,9,826,10.4888,0.004689
scipy-powell,hot,9,827,10.5014,0.004689
scipy-powell,hot,9,828,10.5135,0.004689
scipy-powell,hot,9,839,10.6499,0.004689
scipy-powell,hot,9,843,10.6982,0.004671
scipy-powell,hot,9,849,10.7747,0.004671
scipy-powell,hot,9,850,10.7859,0.004671
scipy-powell,hot,9,852,10.8093,0.004671
scipy-powell,hot,9,853,10.8215,0.004671
scipy-powell,hot,9,854,10.8348,0.004671
scipy-powell,hot,9,855,10.8470,0.004671
scipy-powell,hot,9,856,10.8588,0.004671
scipy-powell,hot,9,860,10.9073,0.004671
scipy-powell,hot,9,869,11.0201,0.004671
scipy-powell,hot,9,870,11.0327,0.004671
scipy-powell,hot,9,871,11.0455,0.004671
scipy-powell,hot,9,872,11.0579,0.004671
scipy-powell,hot,9,873,11.0692,0.004671
scipy-powell,hot,9,874,11.0812,0.004671
scipy-powell,hot,9,875,11.0923,0.004671
scipy-powell,hot,9,876,11.1035,0.004671
scipy-powell,hot,9,877,11.1151,0.004671
scipy-powell,hot,9,884,11.2015,0.004637
scipy-powell,hot,9,886,11.2253,0.004599
scipy-powell,hot,9,888,11.2491,0.004598
scipy-powell,hot,9,889,11.2608,0.004598
scipy-powell,hot,9,890,11.2724,0.004598
scipy-powell,hot,9,891,11.2845,0.004598
scipy-de,hot,0,0,0.0000,0.006113
scipy-de,hot,0,2,0.1166,0.005989
scipy-de,hot,0,8,0.1915,0.005981
scipy-de,hot,0,12,0.2432,0.005906
scipy-de,hot,0,40,0.5916,0.005664
scipy-de,hot,0,55,0.7923,0.005536
scipy-de,hot,0,96,1.3041,0.005515
scipy-de,hot,0,305,3.9321,0.005440
scipy-de,hot,0,360,4.5971,0.005383
scipy-de,hot,0,764,9.6913,0.005373
scipy-de,hot,0,1059,13.3022,0.005308
scipy-de,hot,0,1121,14.0495,0.005295
scipy-de,hot,1,0,0.0000,0.005830
scipy-de,hot,1,4,0.0679,0.005749
scipy-de,hot,1,19,0.2451,0.005736
scipy-de,hot,1,20,0.2564,0.005627
scipy-de,hot,1,28,0.3493,0.005243
scipy-de,hot,1,52,0.6355,0.005160
scipy-de,hot,1,180,2.1272,0.005101
scipy-de,hot,1,641,7.4937,0.005073
scipy-de,hot,1,720,8.4169,0.005065
scipy-de,hot,1,1547,18.0430,0.004925
scipy-de,hot,2,0,0.0000,0.005970
scipy-de,hot,2,9,0.1450,0.005808
scipy-de,hot,2,23,0.3241,0.005598
scipy-de,hot,2,93,1.2807,0.005532
scipy-de,hot,2,130,1.7220,0.005313
scipy-de,hot,2,1133,13.8853,0.005224
scipy-de,hot,3,0,0.0000,0.006025
scipy-de,hot,3,2,0.0481,0.005973
scipy-de,hot,3,7,0.1115,0.005819
scipy-de,hot,3,9,0.1369,0.005665
scipy-de,hot,3,17,0.2370,0.005637
scipy-de,hot,3,61,0.8162,0.005448
scipy-de,hot,3,386,4.9029,0.005314
scipy-de,hot,3,451,5.7095,0.005303
scipy-de,hot,3,795,9.8608,0.005278
scipy-de,hot,4,0,0.0000,0.006128
scipy-de,hot,4,2,0.0476,0.005855
scipy-de,hot,4,7,0.1049,0.005777
scipy-de,hot,4,18,0.2317,0.005431
scipy-de,hot,4,427,5.1355,0.005418
scipy-de,hot,4,509,6.0952,0.005166
scipy-de,hot,5,0,0.0000,0.006111
scipy-de,hot,5,3,0.0609,0.006060
scipy-de,hot,5,4,0.0724,0.006038
scipy-de,hot,5,6,0.0949,0.005778
scipy-de,hot,5,34,0.4265,0.005679
scipy-de,hot,5,61,0.7675,0.005395
scipy-de,hot,5,265,3.3211,0.005270
scipy-de,hot,5,1720,21.4806,0.005218
scipy-de,hot,6,0,0.0000,0.005818
scipy-de,hot,6,1,0.0373,0.005818
scipy-de,hot,6,8,0.1231,0.005730
scipy-de,hot,6,25,0.3308,0.005412
scipy-de,hot,6,265,3.3112,0.005390
scipy-de,hot,7,0,0.0000,0.006026
scipy-de,hot,7,3,0.0680,0.006011
scipy-de,hot,7,9,0.1479,0.005813
scipy-de,hot,7,17,0.2534,0.005806
scipy-de,hot,7,26,0.3703,0.005768
scipy-de,hot,7,35,0.4873,0.005739
scipy-de,hot,7,46,0.6261,0.005705
scipy-de,hot,7,51,0.6897,0.005555
scipy-de,hot,7,137,1.9237,0.005390
scipy-de,hot,7,726,9.3678,0.005217
scipy-de,hot,8,0,0.0000,0.006408
scipy-de,hot,8,3,0.0603,0.006374
scipy-de,hot,8,4,0.0726,0.006041
scipy-de,hot,8,11,0.1620,0.005937
scipy-de,hot,8,71,0.8894,0.005791
scipy-de,hot,8,87,1.0995,0.005725
scipy-de,hot,8,109,1.3622,0.005671
scipy-de,hot,8,515,6.3928,0.005657
scipy-de,hot,8,644,8.0599,0.005611
scipy-de,hot,8,1161,14.5618,0.005390
scipy-de,hot,8,1220,15.3258,0.005375
scipy-de,hot,9,0,0.0000,0.005719
scipy-de,hot,9,10,0.1351,0.005687
scipy-de,hot,9,91,1.0879,0.005509
scipy-de,hot,9,185,2.1364,0.005483
scipy-de,hot,9,1554,18.7758,0.005481
scipy-de,hot,9,1705,20.5313,0.005270
opt-ga,hot,0,0,0.0000,0.006113
opt-ga,hot,0,2,0.0852,0.005586
opt-ga,hot,0,54,0.7423,0.005545
opt-ga,hot,0,77,1.0415,0.005542
opt-ga,hot,0,102,1.3802,0.005331
opt-ga,hot,0,128,1.7904,0.005231
opt-ga,hot,0,407,5.3233,0.005230
opt-ga,hot,0,432,5.6351,0.005223
opt-ga,hot,0,472,6.1324,0.005202
opt-ga,hot,0,579,7.5844,0.005125
opt-ga,hot,0,635,8.2337,0.005125
opt-ga,hot,0,706,9.1633,0.005024
opt-ga,hot,0,849,10.8631,0.005011
opt-ga,hot,0,862,11.0182,0.004960
opt-ga,hot,0,887,11.3259,0.004929
opt-ga,hot,0,903,11.5385,0.004903
opt-ga,hot,0,997,12.6581,0.004873
opt-ga,hot,0,1007,12.7873,0.004814
opt-ga,hot,0,1291,16.3062,0.004807
opt-ga,hot,0,1337,16.8899,0.004783
opt-ga,hot,0,1363,17.2118,0.004781
opt-ga,hot,0,1412,17.7994,0.004780
opt-ga,hot,0,1462,18.3979,0.004764
opt-ga,hot,0,1655,20.8070,0.004761
opt-ga,hot,0,1730,21.7631,0.004738
opt-ga,hot,0,1733,21.8004,0.004720
opt-ga,hot,0,1792,22.5507,0.004714
opt-ga,hot,1,0,0.0000,0.005830
opt-ga,hot,1,1,0.0439,0.005656
opt-ga,hot,1,17,0.2391,0.005421
opt-ga,hot,1,134,1.7847,0.005415
opt-ga,hot,1,167,2.1717,0.005223
opt-ga,hot,1,234,2.9965,0.005178
opt-ga,hot,1,324,4.0744,0.005168
opt-ga,hot,1,376,4.6949,0.005164
opt-ga,hot,1,393,4.8900,0.005139
opt-ga,hot,1,415,5.1445,0.005104
opt-ga,hot,1,425,5.2577,0.004977
opt-ga,hot,1,524,6.4403,0.004922
opt-ga,hot,1,602,7.4446,0.004824
opt-ga,hot,1,766,9.3978,0.004822
opt-ga,hot,1,819,10.0189,0.004819
opt-ga,hot,1,837,10.2350,0.004809
opt-ga,hot,1,905,11.0625,0.004790
opt-ga,hot,1,1064,13.0833,0.004772
opt-ga,hot,1,1169,14.4095,0.004771
opt-ga,hot,1,1181,14.5650,0.004767
opt-ga,hot,1,1250,15.4511,0.004758
opt-ga,hot,1,1327,16.3650,0.004725
opt-ga,hot,1,1380,17.0084,0.004716
opt-ga,hot,1,1528,18.8289,0.004706
opt-ga,hot,1,1649,20.6275,0.004697
opt-ga,hot,1,1908,23.7965,0.004682
opt-ga,hot,2,0,0.0000,0.005970
opt-ga,hot,2,7,0.1169,0.005805
opt-ga,hot,2,11,0.1648,0.005703
opt-ga,hot,2,78,1.0476,0.005367
opt-ga,hot,2,176,2.2366,0.005132
opt-ga,hot,2,289,3.6111,0.005122
opt-ga,hot,2,436,5.4063,0.005115
opt-ga,hot,2,482,5.9518,0.005087
opt-ga,hot,2,520,6.4399,0.005065
opt-ga,hot,2,591,7.3126,0.005050
opt-ga,hot,2,650,8.0172,0.004949
opt-ga,hot,2,813,9.9609,0.004949
opt-ga,hot,2,821,10.0628,0.004877
opt-ga,hot,2,913,11.2809,0.004870
opt-ga,hot,2,946,11.6859,0.004861
opt-ga,hot,2,1031,12.6920,0.004832
opt-ga,hot,2,1047,12.8911,0.004813
opt-ga,hot,2,1077,13.2581,0.004779
opt-ga,hot,2,1367,16.9279,0.004752
opt-ga,hot,2,1557,19.5846,0.004705
opt-ga,hot,2,1641,20.6295,0.004691
opt-ga,hot,2,1660,20.8634,0.004682
opt-ga,hot,2,1670,20.9814,0.004666
opt-ga,hot,2,1791,22.4553,0.004635
opt-ga,hot,2,1825,22.8719,0.004621
opt-ga,hot,2,1912,23.9777,0.004610
opt-ga,hot,2,1929,24.1898,0.004564
opt-ga,hot,2,1969,24.6860,0.004563
opt-ga,hot,3,0,0.0000,0.006025
opt-ga,hot,3,8,0.1254,0.005572
opt-ga,hot,3,40,0.5123,0.005505
opt-ga,hot,3,160,2.0404,0.005481
opt-ga,hot,3,219,2.9090,0.005297
opt-ga,hot,3,232,3.0750,0.005273
opt-ga,hot,3,353,4.6057,0.005266
opt-ga,hot,3,356,4.6488,0.005176
opt-ga,hot,3,381,4.9964,0.005159
opt-ga,hot,3,547,7.2295,0.005112
opt-ga,hot,3,635,8.3887,0.005087
opt-ga,hot,3,768,10.2651,0.005053
opt-ga,hot,3,799,10.6410,0.005052
opt-ga,hot,3,803,10.6972,0.005045
opt-ga,hot,3,832,11.1005,0.005019
opt-ga,hot,3,837,11.1737,0.004992
opt-ga,hot,3,931,12.6079,0.004848
opt-ga,hot,3,1059,14.3497,0.004845
opt-ga,hot,3,1093,14.7951,0.004805
opt-ga,hot,3,1237,16.6852,0.004762
opt-ga,hot,3,1366,18.4738,0.004736
opt-ga,hot,3,1423,19.2114,0.004736
opt-ga,hot,3,1472,19.8845,0.004692
opt-ga,hot,3,1569,21.2022,0.004673
opt-ga,hot,3,1626,21.9130,0.004669
opt-ga,hot,3,1740,23.4204,0.004662
opt-ga,hot,3,1751,23.5743,0.004630
opt-ga,hot,3,1847,24.8409,0.004611
opt-ga,hot,3,1891,25.3995,0.004588
opt-ga,hot,3,1953,26.2040,0.004547
opt-ga,hot,4,0,0.0000,0.006128
opt-ga,hot,4,1,0.0458,0.006096
opt-ga,hot,4,2,0.0582,0.005897
opt-ga,hot,4,7,0.1235,0.005852
opt-ga,hot,4,12,0.1864,0.005682
opt-ga,hot,4,14,0.2112,0.005608
opt-ga,hot,4,27,0.3722,0.005544
opt-ga,hot,4,45,0.5957,0.005519
opt-ga,hot,4,127,1.6256,0.005420
opt-ga,hot,4,198,2.5127,0.005343
opt-ga,hot,4,282,3.5498,0.005162
opt-ga,hot,4,369,4.6392,0.004968
opt-ga,hot,4,699,8.7739,0.004863
opt-ga,hot,4,766,9.6011,0.004857
opt-ga,hot,4,887,11.1014,0.004857
opt-ga,hot,4,903,11.3029,0.004795
opt-ga,hot,4,911,11.4037,0.004745
opt-ga,hot,4,938,11.7330,0.004712
opt-ga,hot,4,1004,12.6681,0.004665
opt-ga,hot,4,1008,12.7186,0.004651
opt-ga,hot,4,1078,13.5977,0.004634
opt-ga,hot,4,1158,14.6295,0.004629
opt-ga,hot,4,1192,15.0690,0.004611
opt-ga,hot,4,1252,15.8432,0.004609
opt-ga,hot,4,1278,16.1789,0.004574
opt-ga,hot,4,1327,16.8051,0.004558
opt-ga,hot,4,1368,17.3178,0.004539
opt-ga,hot,4,1459,18.4419,0.004403
opt-ga,hot,4,1475,18.6445,0.004401
opt-ga,hot,4,1544,19.5213,0.004400
opt-ga,hot,4,1569,19.8332,0.004373
opt-ga,hot,4,1701,21.4668,0.004356
opt-ga,hot,4,1757,22.1760,0.004328
opt-ga,hot,4,1971,24.9036,0.004254
opt-ga,hot,5,0,0.0000,0.006111
opt-ga,hot,5,3,0.0663,0.005943
opt-ga,hot,5,10,0.1529,0.005492
opt-ga,hot,5,45,0.5666,0.005475
opt-ga,hot,5,99,1.2053,0.005463
opt-ga,hot,5,142,1.7179,0.005426
opt-ga,hot,5,226,2.7623,0.005421
opt-ga,hot,5,272,3.3166,0.005054
opt-ga,hot,5,403,4.9178,0.005029
opt-ga,hot,5,524,6.4101,0.005009
opt-ga,hot,5,528,6.4589,0.004922
opt-ga,hot,5,595,7.3102,0.004830
opt-ga,hot,5,741,9.0941,0.004828
opt-ga,hot,5,772,9.5132,0.004815
opt-ga,hot,5,851,10.5325,0.004812
opt-ga,hot,5,868,10.7419,0.004784
opt-ga,hot,5,894,11.0560,0.004754
opt-ga,hot,5,954,11.7905,0.004733
opt-ga,hot,5,971,12.0082,0.004679
opt-ga,hot,5,1173,14.6490,0.004670
opt-ga,hot,5,1184,14.7898,0.004667
opt-ga,hot,5,1220,15.2267,0.004647
opt-ga,hot,5,1351,16.8434,0.004646
opt-ga,hot,5,1355,16.8929,0.004605
opt-ga,hot,5,1578,19.6896,0.004603
opt-ga,hot,5,1615,20.1704,0.004601
opt-ga,hot,5,1674,20.9064,0.004596
opt-ga,hot,5,1695,21.1474,0.004593
opt-ga,hot,5,1725,21.5014,0.004570
opt-ga,hot,5,1732,21.5851,0.004564
opt-ga,hot,5,1792,22.4318,0.004560
opt-ga,hot,5,1794,22.4630,0.004556
opt-ga,hot,5,1842,23.0255,0.004546
opt-ga,hot,5,1906,23.8619,0.004521
opt-ga,hot,5,1950,24.3797,0.004517
opt-ga,hot,5,1970,24.6194,0.004502
opt-ga,hot,6,0,0.0000,0.005818
opt-ga,hot,6,48,0.6512,0.005684
opt-ga,hot,6,91,1.2107,0.005477
opt-ga,hot,6,207,2.6666,0.005401
opt-ga,hot,6,296,3.8807,0.005368
opt-ga,hot,6,406,5.3755,0.005367
opt-ga,hot,6,443,5.8559,0.005238
opt-ga,hot,6,531,6.9962,0.005171
opt-ga,hot,6,589,7.7306,0.005157
opt-ga,hot,6,651,8.5604,0.005060
opt-ga,hot,6,880,11.5081,0.005002
opt-ga,hot,6,918,12.0007,0.004977
opt-ga,hot,6,926,12.1023,0.004944
opt-ga,hot,6,972,12.7547,0.004938
opt-ga,hot,6,1028,13.7141,0.004898
opt-ga,hot,6,1095,14.9016,0.004839
opt-ga,hot,6,1156,15.9570,0.004821
opt-ga,hot,6,1183,16.4247,0.004743
opt-ga,hot,6,1360,18.8510,0.004727
opt-ga,hot,6,1434,19.8449,0.004721
opt-ga,hot,6,1495,20.5961,0.004693
opt-ga,hot,6,1525,20.9607,0.004693
opt-ga,hot,6,1604,22.0067,0.004678
opt-ga,hot,6,1640,22.4632,0.004609
opt-ga,hot,6,1740,24.2009,0.004599
opt-ga,hot,6,1782,24.7321,0.004591
opt-ga,hot,6,1783,24.7442,0.004590
opt-ga,hot,6,1784,24.7572,0.004589
opt-ga,hot,6,1882,26.0035,0.004575
opt-ga,hot,6,1895,26.1934,0.004528
opt-ga,hot,7,0,0.0000,0.006026
opt-ga,hot,7,3,0.1430,0.005670
opt-ga,hot,7,5,0.1834,0.005484
opt-ga,hot,7,220,2.9882,0.005482
opt-ga,hot,7,230,3.1059,0.005481
opt-ga,hot,7,250,3.3428,0.005422
opt-ga,hot,7,287,3.8086,0.005162
opt-ga,hot,7,428,5.5646,0.005121
opt-ga,hot,7,514,6.6473,0.005112
opt-ga,hot,7,706,9.0536,0.005091
opt-ga,hot,7,751,9.7111,0.005062
opt-ga,hot,7,768,9.9304,0.004930
opt-ga,hot,7,959,12.4291,0.004871
opt-ga,hot,7,996,12.8876,0.004848
opt-ga,hot,7,1131,14.5831,0.004804
opt-ga,hot,7,1328,17.1558,0.004792
opt-ga,hot,7,1361,17.6036,0.004778
opt-ga,hot,7,1429,18.5603,0.004772
opt-ga,hot,7,1451,18.8453,0.004769
opt-ga,hot,7,1523,19.8150,0.004756
opt-ga,hot,7,1619,21.1443,0.004755
opt-ga,hot,7,1622,21.1834,0.004726
opt-ga,hot,7,1696,22.2282,0.004645
opt-ga,hot,7,1792,23.5322,0.004626
opt-ga,hot,8,0,0.0000,0.006408
opt-ga,hot,8,5,0.1002,0.006378
opt-ga,hot,8,6,0.1121,0.005793
opt-ga,hot,8,81,1.0621,0.005788
opt-ga,hot,8,126,1.5985,0.005694
opt-ga,hot,8,173,2.1580,0.005515
opt-ga,hot,8,235,2.8947,0.005515
opt-ga,hot,8,266,3.3159,0.005494
opt-ga,hot,8,300,3.7350,0.005489
opt-ga,hot,8,367,4.5487,0.005459
opt-ga,hot,8,381,4.7155,0.005388
opt-ga,hot,8,462,5.7566,0.005279
opt-ga,hot,8,480,5.9841,0.005252
opt-ga,hot,8,526,6.6187,0.005214
opt-ga,hot,8,581,7.3369,0.005116
opt-ga,hot,8,675,8.5403,0.004963
opt-ga,hot,8,755,9.5067,0.004948
opt-ga,hot,8,838,10.5211,0.004650
opt-ga,hot,8,1198,15.3100,0.004631
opt-ga,hot,8,1269,16.1843,0.004557
opt-ga,hot,8,1357,17.2569,0.004531
opt-ga,hot,8,1364,17.3475,0.004522
opt-ga,hot,8,1395,17.7410,0.004486
opt-ga,hot,8,1446,18.4253,0.004379
opt-ga,hot,8,1605,20.4771,0.004377
opt-ga,hot,8,1696,21.6459,0.004376
opt-ga,hot,8,1793,22.9289,0.004324
opt-ga,hot,8,1867,23.9264,0.004281
opt-ga,hot,8,1990,25.6502,0.004277
opt-ga,hot,9,0,0.0000,0.005719
opt-ga,hot,9,42,0.5587,0.005589
opt-ga,hot,9,100,1.3064,0.005510
opt-ga,hot,9,218,2.9173,0.005474
opt-ga,hot,9,261,3.6306,0.005423
opt-ga,hot,9,314,4.4984,0.005392
opt-ga,hot,9,320,4.5729,0.005340
opt-ga,hot,9,379,5.2788,0.005290
opt-ga,hot,9,437,6.0499,0.005285
opt-ga,hot,9,501,6.8123,0.005234
opt-ga,hot,9,673,8.9340,0.005224
opt-ga,hot,9,698,9.2208,0.005222
opt-ga,hot,9,709,9.3498,0.005211
opt-ga,hot,9,777,10.1718,0.005192
opt-ga,hot,9,809,10.5486,0.005106
opt-ga,hot,9,1001,12.9074,0.005061
opt-ga,hot,9,1067,13.7779,0.005026
opt-ga,hot,9,1248,15.9858,0.004936
opt-ga,hot,9,1332,17.1744,0.004920
opt-ga,hot,9,1396,17.9613,0.004869
opt-ga,hot,9,1509,19.3946,0.004863
opt-ga,hot,9,1541,19.7769,0.004861
opt-ga,hot,9,1651,21.1979,0.004852
opt-ga,hot,9,1668,21.5471,0.004809
opt-ga,hot,9,1676,21.6636,0.004784
opt-ga,hot,9,1721,22.3008,0.004761
opt-ga,hot,9,1789,23.2418,0.004728
opt-ga,hot,9,1837,23.8605,0.004699
opt-ga,hot,9,1945,25.2218,0.004696
opt-pso,hot,0,0,0.0000,0.006113
opt-pso,hot,0,2,0.0706,0.005586
opt-pso,hot,0,54,0.7581,0.005545
opt-pso,hot,0,77,1.0561,0.005542
opt-pso,hot,0,176,2.3254,0.005456
opt-pso,hot,0,206,2.7199,0.005424
opt-pso,hot,0,1769,22.7814,0.005278
opt-pso,hot,1,0,0.0000,0.005830
opt-pso,hot,1,1,0.0607,0.005656
opt-pso,hot,1,17,0.2542,0.005421
opt-pso,hot,1,109,1.2949,0.005403
opt-pso,hot,1,228,2.9109,0.005400
opt-pso,hot,1,453,5.6177,0.005311
opt-pso,hot,1,1445,18.5819,0.005157
opt-pso,hot,1,1796,23.0363,0.005033
opt-pso,hot,2,0,0.0000,0.005970
opt-pso,hot,2,7,0.1319,0.005805
opt-pso,hot,2,11,0.1835,0.005703
opt-pso,hot,2,78,1.0627,0.005367
opt-pso,hot,3,0,0.0000,0.006025
opt-pso,hot,3,8,0.1506,0.005572
opt-pso,hot,3,40,0.5593,0.005505
opt-pso,hot,3,102,1.3474,0.005495
opt-pso,hot,3,476,6.1690,0.005402
opt-pso,hot,3,1800,23.6936,0.005160
opt-pso,hot,4,0,0.0000,0.006128
opt-pso,hot,4,1,0.0496,0.006096
opt-pso,hot,4,2,0.0626,0.005897
opt-pso,hot,4,7,0.1273,0.005852
opt-pso,hot,4,12,0.1930,0.005682
opt-pso,hot,4,14,0.2200,0.005608
opt-pso,hot,4,27,0.3865,0.005544
opt-pso,hot,4,45,0.6169,0.005519
opt-pso,hot,4,162,2.0769,0.005516
opt-pso,hot,4,762,10.1753,0.005482
opt-pso,hot,4,819,10.9140,0.005311
opt-pso,hot,5,0,0.0000,0.006111
opt-pso,hot,5,3,0.0843,0.005943
opt-pso,hot,5,10,0.1774,0.005492
opt-pso,hot,5,45,0.6218,0.005475
opt-pso,hot,5,99,1.3035,0.005463
opt-pso,hot,5,194,2.5153,0.005454
opt-pso,hot,5,224,2.9078,0.005418
opt-pso,hot,5,443,5.7082,0.005332
opt-pso,hot,5,1471,18.9808,0.005245
opt-pso,hot,6,0,0.0000,0.005818
opt-pso,hot,6,48,0.6297,0.005684
opt-pso,hot,6,91,1.1801,0.005477
opt-pso,hot,6,117,1.5455,0.005451
opt-pso,hot,7,0,0.0000,0.006026
opt-pso,hot,7,3,0.0708,0.005670
opt-pso,hot,7,5,0.0952,0.005484
opt-pso,hot,7,154,2.0210,0.005430
opt-pso,hot,7,791,9.7860,0.005281
opt-pso,hot,8,0,0.0000,0.006408
opt-pso,hot,8,5,0.0945,0.006378
opt-pso,hot,8,6,0.1064,0.005793
opt-pso,hot,8,81,1.0081,0.005788
opt-pso,hot,8,219,2.6647,0.005767
opt-pso,hot,8,802,9.9216,0.005696
opt-pso,hot,8,1777,22.2375,0.005642
opt-pso,hot,9,0,0.0000,0.005719
opt-pso,hot,9,42,0.5499,0.005589
opt-pso,hot,9,1535,19.5147,0.005473
opt-pso,hot,9,1565,19.8809,0.005408
opt-aco,hot,0,0,0.0000,0.006113
opt-aco,hot,0,2,0.0567,0.005586
opt-aco,hot,0,54,0.7099,0.005545
opt-aco,hot,0,77,1.0099,0.005542
opt-aco,hot,0,200,2.6323,0.005401
opt-aco,hot,0,237,3.0985,0.005375
opt-aco,hot,0,314,4.0918,0.005363
opt-aco,hot,0,533,6.7675,0.005356
opt-aco,hot,0,564,7.1360,0.005258
opt-aco,hot,0,672,8.4387,0.005208
opt-aco,hot,0,718,8.9861,0.005207
opt-aco,hot,0,722,9.0333,0.005099
opt-aco,hot,0,811,10.0940,0.005075
opt-aco,hot,0,919,11.3732,0.005064
opt-aco,hot,0,974,12.0135,0.005059
opt-aco,hot,0,999,12.3095,0.005054
opt-aco,hot,0,1017,12.5281,0.005025
opt-aco,hot,0,1079,13.2904,0.004978
opt-aco,hot,0,1183,14.5357,0.004975
opt-aco,hot,0,1194,14.6614,0.004968
opt-aco,hot,0,1200,14.7294,0.004866
opt-aco,hot,0,1216,14.9172,0.004852
opt-aco,hot,0,1386,17.0521,0.004851
opt-aco,hot,0,1390,17.1076,0.004812
opt-aco,hot,0,1599,19.7845,0.004766
opt-aco,hot,1,0,0.0000,0.005830
opt-aco,hot,1,1,0.0456,0.005656
opt-aco,hot,1,17,0.2348,0.005421
opt-aco,hot,1,135,1.6710,0.005296
opt-aco,hot,1,194,2.3966,0.005196
opt-aco,hot,1,200,2.4706,0.005171
opt-aco,hot,1,476,5.8708,0.005149
opt-aco,hot,1,583,7.2502,0.005077
opt-aco,hot,1,1008,12.4574,0.005077
opt-aco,hot,1,1084,13.3975,0.005071
opt-aco,hot,1,1274,15.8066,0.005041
opt-aco,hot,1,1311,16.2581,0.005040
opt-aco,hot,1,1422,17.5957,0.004880
opt-aco,hot,1,1669,20.6482,0.004877
opt-aco,hot,1,1713,21.1936,0.004865
opt-aco,hot,1,1823,22.5589,0.004845
opt-aco,hot,2,0,0.0000,0.005970
opt-aco,hot,2,7,0.1183,0.005805
opt-aco,hot,2,11,0.1671,0.005703
opt-aco,hot,2,78,0.9718,0.005367
opt-aco,hot,2,228,2.9524,0.005358
opt-aco,hot,2,770,9.6344,0.005335
opt-aco,hot,2,1022,12.6344,0.005311
opt-aco,hot,2,1053,13.0116,0.005307
opt-aco,hot,2,1149,14.1587,0.005289
opt-aco,hot,2,1218,14.9862,0.005222
opt-aco,hot,2,1371,16.9872,0.005194
opt-aco,hot,2,1410,17.4561,0.005182
opt-aco,hot,2,1497,18.5609,0.005084
opt-aco,hot,2,1704,21.1596,0.005031
opt-aco,hot,2,1804,22.4592,0.005023
opt-aco,hot,2,1820,22.6618,0.005016
opt-aco,hot,2,1986,24.7210,0.005003
opt-aco,hot,3,0,0.0000,0.006025
opt-aco,hot,3,8,0.1272,0.005572
opt-aco,hot,3,40,0.5055,0.005505
opt-aco,hot,3,119,1.4464,0.005386
opt-aco,hot,3,163,1.9698,0.005142
opt-aco,hot,3,794,10.5137,0.005100
opt-aco,hot,3,823,10.8834,0.004970
opt-aco,hot,3,1092,14.4948,0.004917
opt-aco,hot,3,1190,15.8202,0.004778
opt-aco,hot,3,1907,24.6736,0.004723
opt-aco,hot,4,0,0.0000,0.006128
opt-aco,hot,4,1,0.0439,0.006096
opt-aco,hot,4,2,0.0559,0.005897
opt-aco,hot,4,7,0.1244,0.005852
opt-aco,hot,4,12,0.1867,0.005682
opt-aco,hot,4,14,0.2127,0.005608
opt-aco,hot,4,27,0.3730,0.005544
opt-aco,hot,4,45,0.6110,0.005519
opt-aco,hot,4,200,2.7143,0.005411
opt-aco,hot,4,298,3.9803,0.005389
opt-aco,hot,4,315,4.1970,0.005326
opt-aco,hot,4,333,4.4275,0.005314
opt-aco,hot,4,368,4.8662,0.005312
opt-aco,hot,4,435,5.7069,0.005281
opt-aco,hot,4,743,9.5895,0.005146
opt-aco,hot,4,1297,16.9140,0.005049
opt-aco,hot,5,0,0.0000,0.006111
opt-aco,hot,5,3,0.0708,0.005943
opt-aco,hot,5,10,0.1619,0.005492
opt-aco,hot,5,45,0.5929,0.005475
opt-aco,hot,5,99,1.2628,0.005463
opt-aco,hot,5,195,2.5831,0.005325
opt-aco,hot,5,317,4.4247,0.005310
opt-aco,hot,5,331,4.6174,0.005283
opt-aco,hot,5,375,5.2341,0.005236
opt-aco,hot,5,485,6.7856,0.005096
opt-aco,hot,5,871,12.3915,0.005028
opt-aco,hot,5,1033,14.7841,0.004957
opt-aco,hot,5,1290,18.2417,0.004953
opt-aco,hot,5,1415,20.0138,0.004914
opt-aco,hot,5,1463,20.6623,0.004828
opt-aco,hot,5,1839,25.6519,0.004805
opt-aco,hot,5,1847,25.7544,0.004803
opt-aco,hot,5,1930,26.7798,0.004686
opt-aco,hot,6,0,0.0000,0.005818
opt-aco,hot,6,48,0.6260,0.005684
opt-aco,hot,6,91,1.1591,0.005477
opt-aco,hot,6,542,7.0723,0.005374
opt-aco,hot,6,714,9.2949,0.005336
opt-aco,hot,6,851,11.1228,0.005261
opt-aco,hot,6,932,12.1817,0.005145
opt-aco,hot,6,963,12.5987,0.005004
opt-aco,hot,6,1434,18.5482,0.004937
opt-aco,hot,6,1629,21.0557,0.004912
opt-aco,hot,6,1671,21.6008,0.004860
opt-aco,hot,6,1672,21.6133,0.004845
opt-aco,hot,6,1762,22.7870,0.004800
opt-aco,hot,6,1851,23.9776,0.004787
opt-aco,hot,7,0,0.0000,0.006026
opt-aco,hot,7,3,0.0717,0.005670
opt-aco,hot,7,5,0.0967,0.005484
opt-aco,hot,7,182,2.3524,0.005399
opt-aco,hot,7,515,6.2980,0.005341
opt-aco,hot,7,552,6.7298,0.005317
opt-aco,hot,7,705,8.5294,0.005248
opt-aco,hot,7,1000,11.9954,0.005218
opt-aco,hot,7,1153,13.8077,0.005158
opt-aco,hot,7,1326,15.8484,0.005061
opt-aco,hot,7,1601,19.2429,0.005027
opt-aco,hot,7,1628,19.5539,0.005012
opt-aco,hot,7,1771,21.2451,0.004862
opt-aco,hot,7,1901,22.8475,0.004821
opt-aco,hot,8,0,0.0000,0.006408
opt-aco,hot,8,5,0.0961,0.006378
opt-aco,hot,8,6,0.1072,0.005793
opt-aco,hot,8,81,1.0302,0.005788
opt-aco,hot,8,209,2.5926,0.005780
opt-aco,hot,8,266,3.3001,0.005672
opt-aco,hot,8,456,5.6519,0.005581
opt-aco,hot,8,489,6.0876,0.005463
opt-aco,hot,8,738,9.4408,0.005434
opt-aco,hot,8,838,10.9504,0.005432
opt-aco,hot,8,941,12.3287,0.005295
opt-aco,hot,8,1119,14.5808,0.005239
opt-aco,hot,8,1300,16.8941,0.005066
opt-aco,hot,8,1786,22.8744,0.005005
opt-aco,hot,9,0,0.0000,0.005719
opt-aco,hot,9,42,0.5089,0.005589
opt-aco,hot,9,137,1.7091,0.005558
opt-aco,hot,9,198,2.4532,0.005494
opt-aco,hot,9,224,2.7684,0.005455
opt-aco,hot,9,253,3.1340,0.005352
opt-aco,hot,9,328,4.0676,0.005316
opt-aco,hot,9,401,4.9674,0.005241
opt-aco,hot,9,615,7.5942,0.005191
opt-aco,hot,9,699,8.5782,0.005140
opt-aco,hot,9,776,9.5260,0.005103
opt-aco,hot,9,857,10.5157,0.005100
opt-aco,hot,9,918,11.2705,0.005094
opt-aco,hot,9,932,11.4427,0.005037
opt-aco,hot,9,990,12.1950,0.005019
opt-aco,hot,9,1152,14.2797,0.005012
opt-aco,hot,9,1158,14.3552,0.004988
opt-aco,hot,9,1302,16.1436,0.004928
opt-aco,hot,9,1502,18.7113,0.004921
opt-aco,hot,9,1519,18.9326,0.004869
opt-aco,hot,9,1554,19.3684,0.004860
opt-aco,hot,9,1609,20.0647,0.004833
opt-aco,hot,9,1845,22.9513,0.004815
opt-aco,hot,9,1900,23.5865,0.004799
opt-aco,hot,9,1964,24.3796,0.004774
opt-gd,hot,0,0,0.0000,0.006113
opt-gd,hot,0,3,0.0566,0.006113
opt-gd,hot,0,54,0.7404,0.006113
opt-gd,hot,0,55,0.7529,0.006113
opt-gd,hot,0,63,0.8503,0.006113
opt-gd,hot,0,71,0.9603,0.006113
opt-gd,hot,0,138,1.8089,0.005663
opt-gd,hot,0,139,1.8209,0.005663
opt-gd,hot,0,140,1.8327,0.005663
opt-gd,hot,0,146,1.9040,0.005663
opt-gd,hot,0,412,5.2686,0.005450
opt-gd,hot,0,413,5.2810,0.005450
opt-gd,hot,0,414,5.2938,0.005450
opt-gd,hot,0,420,5.3703,0.005450
opt-gd,hot,0,549,7.0060,0.004883
opt-gd,hot,0,550,7.0197,0.004883
opt-gd,hot,0,557,7.1090,0.004883
opt-gd,hot,0,577,7.3758,0.004883
opt-gd,hot,0,585,7.4884,0.004883
opt-gd,hot,0,590,7.5556,0.004883
opt-gd,hot,0,597,7.6437,0.004883
opt-gd,hot,0,602,7.7071,0.004883
opt-gd,hot,0,609,7.7975,0.004883
opt-gd,hot,0,686,8.8050,0.004518
opt-gd,hot,0,687,8.8301,0.004518
opt-gd,hot,0,714,9.2258,0.004518
opt-gd,hot,0,720,9.3102,0.004518
opt-gd,hot,0,823,10.7986,0.004416
opt-gd,hot,0,824,10.8116,0.004416
opt-gd,hot,0,850,11.1364,0.004416
opt-gd,hot,0,851,11.1487,0.004416
opt-gd,hot,0,886,11.5912,0.004416
opt-gd,hot,0,921,12.0336,0.004416
opt-gd,hot,0,933,12.1765,0.004416
opt-gd,hot,0,960,12.6213,0.004289
opt-gd,hot,0,961,12.6337,0.004289
opt-gd,hot,0,987,12.9478,0.004289
opt-gd,hot,0,988,12.9596,0.004289
opt-gd,hot,0,1023,13.3805,0.004289
opt-gd,hot,0,1074,14.0039,0.004289
opt-gd,hot,0,1097,14.2938,0.004127
opt-gd,hot,0,1098,14.3176,0.004127
opt-gd,hot,0,1124,14.6760,0.004127
opt-gd,hot,0,1125,14.6884,0.004127
opt-gd,hot,0,1131,14.7606,0.004127
opt-gd,hot,0,1161,15.1350,0.004127
opt-gd,hot,0,1179,15.3533,0.004127
opt-gd,hot,0,1182,15.3888,0.004127
opt-gd,hot,0,1183,15.4009,0.004127
opt-gd,hot,0,1211,15.7560,0.004127
opt-gd,hot,0,1234,16.0534,0.004032
opt-gd,hot,0,1235,16.0775,0.004032
opt-gd,hot,0,1248,16.2844,0.004032
opt-gd,hot,0,1267,16.5214,0.004032
opt-gd,hot,0,1268,16.5338,0.004032
opt-gd,hot,0,1371,17.9672,0.003950
opt-gd,hot,0,1372,17.9800,0.003950
opt-gd,hot,0,1385,18.1380,0.003950
opt-gd,hot,0,1404,18.3707,0.003950
opt-gd,hot,0,1405,18.3831,0.003950
opt-gd,hot,0,1508,19.8122,0.003787
opt-gd,hot,0,1509,19.8260,0.003787
opt-gd,hot,0,1532,20.1080,0.003787
opt-gd,hot,0,1542,20.2279,0.003787
opt-gd,hot,0,1552,20.3499,0.003787
opt-gd,hot,0,1556,20.3984,0.003787
opt-gd,hot,0,1564,20.4974,0.003787
opt-gd,hot,0,1618,21.1521,0.003787
opt-gd,hot,0,1621,21.1878,0.003787
opt-gd,hot,0,1645,21.4851,0.003665
opt-gd,hot,0,1646,21.5094,0.003665
opt-gd,hot,0,1669,21.8331,0.003665
opt-gd,hot,0,1689,22.0728,0.003665
opt-gd,hot,0,1700,22.2097,0.003665
opt-gd,hot,0,1701,22.2217,0.003665
opt-gd,hot,0,1705,22.2700,0.003665
opt-gd,hot,0,1755,22.8864,0.003665
opt-gd,hot,0,1782,23.2217,0.003590
opt-gd,hot,0,1783,23.2453,0.003590
opt-gd,hot,0,1789,23.3583,0.003590
opt-gd,hot,0,1820,23.7527,0.003590
opt-gd,hot,0,1848,24.0976,0.003590
opt-gd,hot,0,1856,24.1978,0.003590
opt-gd,hot,0,1860,24.2457,0.003590
opt-gd,hot,0,1919,24.9616,0.003488
opt-gd,hot,0,1920,24.9852,0.003488
opt-gd,hot,0,1937,25.2408,0.003488
opt-gd,hot,0,1978,25.7554,0.003488
opt-gd,hot,0,1985,25.8477,0.003488
opt-gd,hot,1,0,0.0000,0.005830
opt-gd,hot,1,2,0.0384,0.005830
opt-gd,hot,1,10,0.1377,0.005830
opt-gd,hot,1,11,0.1508,0.005830
opt-gd,hot,1,13,0.1772,0.005830
opt-gd,hot,1,43,0.5488,0.005830
opt-gd,hot,1,73,0.9108,0.005830
opt-gd,hot,1,97,1.2050,0.005830
opt-gd,hot,1,263,3.3570,0.005775
opt-gd,hot,1,265,3.3813,0.005775
opt-gd,hot,1,272,3.4665,0.005775
opt-gd,hot,1,275,3.5025,0.005775
opt-gd,hot,1,283,3.6016,0.005775
opt-gd,hot,1,319,4.0480,0.005775
opt-gd,hot,1,327,4.1457,0.005775
opt-gd,hot,1,394,4.9696,0.005662
opt-gd,hot,1,396,4.9946,0.005662
opt-gd,hot,1,397,5.0068,0.005662
opt-gd,hot,1,403,5.0781,0.005662
opt-gd,hot,1,406,5.1152,0.005662
opt-gd,hot,1,414,5.2173,0.005662
opt-gd,hot,1,458,5.7771,0.005662
opt-gd,hot,1,525,6.6328,0.005487
opt-gd,hot,1,526,6.6455,0.005487
opt-gd,hot,1,532,6.7238,0.005487
opt-gd,hot,1,535,6.7630,0.005487
opt-gd,hot,1,564,7.1355,0.005487
opt-gd,hot,1,579,7.3238,0.005487
opt-gd,hot,1,597,7.5562,0.005487
opt-gd,hot,1,656,8.3472,0.005254
opt-gd,hot,1,659,8.4189,0.005254
opt-gd,hot,1,663,8.4861,0.005254
opt-gd,hot,1,666,8.5243,0.005254
opt-gd,hot,1,695,8.8887,0.005254
opt-gd,hot,1,701,8.9625,0.005254
opt-gd,hot,1,710,9.0779,0.005254
opt-gd,hot,1,728,9.3060,0.005254
opt-gd,hot,1,918,11.7731,0.005063
opt-gd,hot,1,921,11.8117,0.005063
opt-gd,hot,1,925,11.8628,0.005063
opt-gd,hot,1,928,11.9004,0.005063
opt-gd,hot,1,957,12.2681,0.005063
opt-gd,hot,1,963,12.3454,0.005063
opt-gd,hot,1,1180,15.3054,0.004994
opt-gd,hot,1,1183,15.3469,0.004994
opt-gd,hot,1,1187,15.4023,0.004994
opt-gd,hot,1,1190,15.4422,0.004994
opt-gd,hot,1,1216,15.7723,0.004994
opt-gd,hot,1,1219,15.8080,0.004994
opt-gd,hot,1,1225,15.8807,0.004994
opt-gd,hot,1,1311,16.9381,0.004831
opt-gd,hot,1,1314,16.9773,0.004831
opt-gd,hot,1,1320,17.0533,0.004831
opt-gd,hot,1,1322,17.0792,0.004831
opt-gd,hot,1,1330,17.1806,0.004831
opt-gd,hot,1,1335,17.2415,0.004831
opt-gd,hot,1,1347,17.3888,0.004831
opt-gd,hot,1,1351,17.4413,0.004831
opt-gd,hot,1,1383,17.8457,0.004831
opt-gd,hot,1,1395,17.9953,0.004831
opt-gd,hot,1,1442,18.8067,0.004515
opt-gd,hot,1,1444,18.8336,0.004515
opt-gd,hot,1,1455,18.9988,0.004515
opt-gd,hot,1,1478,19.3151,0.004515
opt-gd,hot,1,1482,19.3644,0.004515
opt-gd,hot,1,1526,19.9537,0.004515
opt-gd,hot,1,1704,22.2883,0.004448
opt-gd,hot,1,1706,22.3184,0.004448
opt-gd,hot,1,1717,22.4615,0.004448
opt-gd,hot,1,1740,22.7568,0.004448
opt-gd,hot,1,1744,22.8097,0.004448
opt-gd,hot,1,1788,23.4598,0.004448
opt-gd,hot,1,1966,26.2628,0.004420
opt-gd,hot,1,1968,26.2892,0.004420
opt-gd,hot,1,1979,26.4469,0.004420
opt-gd,hot,2,0,0.0000,0.005970
opt-gd,hot,2,5,0.0972,0.005970
opt-gd,hot,2,129,1.9085,0.005970
opt-gd,hot,2,134,1.9829,0.005343
opt-gd,hot,2,135,1.9991,0.005343
opt-gd,hot,2,137,2.0240,0.005343
opt-gd,hot,2,138,2.0378,0.005343
opt-gd,hot,2,170,2.4589,0.005343
opt-gd,hot,2,176,2.5381,0.005343
opt-gd,hot,2,207,2.9389,0.005343
opt-gd,hot,2,267,3.7838,0.004792
opt-gd,hot,2,268,3.7994,0.004792
opt-gd,hot,2,270,3.8278,0.004792
opt-gd,hot,2,315,4.4491,0.004792
opt-gd,hot,2,359,5.0520,0.004792
opt-gd,hot,2,400,5.6070,0.004452
opt-gd,hot,2,401,5.6206,0.004452
opt-gd,hot,2,402,5.6354,0.004452
opt-gd,hot,2,410,5.7502,0.004452
opt-gd,hot,2,666,9.2633,0.004318
opt-gd,hot,2,667,9.2780,0.004318
opt-gd,hot,2,668,9.2914,0.004318
opt-gd,hot,2,682,9.4849,0.004318
opt-gd,hot,2,683,9.4985,0.004318
opt-gd,hot,2,799,12.2250,0.004011
opt-gd,hot,2,801,12.2551,0.004011
opt-gd,hot,2,836,12.7490,0.004011
opt-gd,hot,2,883,13.4010,0.004011
opt-gd,hot,2,1065,15.8630,0.003961
opt-gd,hot,2,1067,15.8893,0.003961
opt-gd,hot,2,1080,16.0464,0.003961
opt-gd,hot,2,1102,16.3167,0.003961
opt-gd,hot,2,1143,16.8051,0.003961
opt-gd,hot,2,1149,16.8836,0.003961
opt-gd,hot,2,1464,21.0623,0.003956
opt-gd,hot,2,1466,21.0868,0.003956
opt-gd,hot,2,1479,21.2505,0.003956
opt-gd,hot,2,1501,21.5341,0.003956
opt-gd,hot,2,1542,22.0469,0.003956
opt-gd,hot,2,1548,22.1202,0.003956
opt-gd,hot,2,1597,22.7415,0.003895
opt-gd,hot,2,1599,22.7667,0.003895
opt-gd,hot,2,1612,22.9329,0.003895
opt-gd,hot,2,1634,23.2041,0.003895
opt-gd,hot,2,1675,23.7335,0.003895
opt-gd,hot,2,1730,24.4635,0.003876
opt-gd,hot,2,1732,24.4900,0.003876
opt-gd,hot,2,1745,24.6638,0.003876
opt-gd,hot,2,1767,24.9599,0.003876
opt-gd,hot,2,1808,25.5006,0.003876
opt-gd,hot,3,0,0.0000,0.006025
opt-gd,hot,3,3,0.0554,0.006025
opt-gd,hot,3,7,0.1136,0.006025
opt-gd,hot,3,134,1.8157,0.005345
opt-gd,hot,3,135,1.8285,0.005345
opt-gd,hot,3,136,1.8407,0.005345
opt-gd,hot,3,162,2.1865,0.005345
opt-gd,hot,3,267,3.5705,0.004869
opt-gd,hot,3,268,3.5834,0.004869
opt-gd,hot,3,279,3.7290,0.004869
opt-gd,hot,3,283,3.7804,0.004869
opt-gd,hot,3,307,4.0977,0.004869
opt-gd,hot,3,400,5.3310,0.004445
opt-gd,hot,3,402,5.3585,0.004445
opt-gd,hot,3,409,5.4503,0.004445
opt-gd,hot,3,412,5.4893,0.004445
opt-gd,hot,3,452,6.0052,0.004445
opt-gd,hot,3,533,7.0922,0.004139
opt-gd,hot,3,536,7.1642,0.004139
opt-gd,hot,3,542,7.2615,0.004139
opt-gd,hot,3,545,7.2997,0.004139
opt-gd,hot,3,585,7.8325,0.004139
opt-gd,hot,3,593,7.9437,0.004139
opt-gd,hot,3,666,8.9400,0.004055
opt-gd,hot,3,667,8.9640,0.004055
opt-gd,hot,3,674,9.0937,0.004055
opt-gd,hot,3,676,9.1204,0.004055
opt-gd,hot,3,728,9.7992,0.004055
opt-gd,hot,3,788,10.5968,0.004055
opt-gd,hot,3,799,10.7520,0.003794
opt-gd,hot,3,800,10.7761,0.003794
opt-gd,hot,3,804,10.8654,0.003794
opt-gd,hot,3,809,10.9296,0.003794
opt-gd,hot,3,849,11.4515,0.003794
opt-gd,hot,3,857,11.5565,0.003794
opt-gd,hot,3,859,11.5830,0.003794
opt-gd,hot,3,861,11.6097,0.003794
opt-gd,hot,3,932,12.5801,0.003622
opt-gd,hot,3,933,12.6040,0.003622
opt-gd,hot,3,937,12.6935,0.003622
opt-gd,hot,3,946,12.8117,0.003622
opt-gd,hot,3,962,13.0202,0.003622
opt-gd,hot,3,994,13.4303,0.003622
opt-gd,hot,3,1065,14.4733,0.003551
opt-gd,hot,3,1066,14.4901,0.003551
opt-gd,hot,3,1070,14.5404,0.003551
opt-gd,hot,3,1085,14.7310,0.003551
opt-gd,hot,3,1105,14.9745,0.003551
opt-gd,hot,3,1198,16.2037,0.003467
opt-gd,hot,3,1199,16.2277,0.003467
opt-gd,hot,3,1203,16.3155,0.003467
opt-gd,hot,3,1206,16.3527,0.003467
opt-gd,hot,3,1214,16.4529,0.003467
opt-gd,hot,3,1217,16.4950,0.003467
opt-gd,hot,3,1275,17.2346,0.003467
opt-gd,hot,3,1276,17.2478,0.003467
opt-gd,hot,3,1331,17.9398,0.003407
opt-gd,hot,3,1332,17.9638,0.003407
opt-gd,hot,3,1336,18.0517,0.003407
opt-gd,hot,3,1347,18.1868,0.003407
opt-gd,hot,3,1351,18.2355,0.003407
opt-gd,hot,3,1419,19.0691,0.003407
opt-gd,hot,3,1464,19.6196,0.003372
opt-gd,hot,3,1465,19.6439,0.003372
opt-gd,hot,3,1469,19.7321,0.003372
opt-gd,hot,3,1480,19.8672,0.003372
opt-gd,hot,3,1483,19.9036,0.003372
opt-gd,hot,3,1484,19.9161,0.003372
opt-gd,hot,3,1508,20.2241,0.003372
opt-gd,hot,3,1522,20.4019,0.003372
opt-gd,hot,3,1572,21.0367,0.003372
opt-gd,hot,3,1597,21.3477,0.003340
opt-gd,hot,3,1598,21.3717,0.003340
opt-gd,hot,3,1602,21.4621,0.003340
opt-gd,hot,3,1613,21.6112,0.003340
opt-gd,hot,3,1708,22.8184,0.003340
opt-gd,hot,3,1730,23.2108,0.003292
opt-gd,hot,3,1731,23.2250,0.003292
opt-gd,hot,3,1745,23.4001,0.003292
opt-gd,hot,3,1746,23.4118,0.003292
opt-gd,hot,3,1756,23.5320,0.003292
opt-gd,hot,3,1796,24.0334,0.003292
opt-gd,hot,3,1842,24.6241,0.003292
opt-gd,hot,3,1863,24.9115,0.003257
opt-gd,hot,3,1864,24.9354,0.003257
opt-gd,hot,3,1868,25.0240,0.003257
opt-gd,hot,3,1883,25.2053,0.003257
opt-gd,hot,3,1921,25.6732,0.003257
opt-gd,hot,3,1996,26.6282,0.003226
opt-gd,hot,3,1997,26.6519,0.003226
opt-gd,hot,4,0,0.0000,0.006128
opt-gd,hot,4,2,0.0477,0.006128
opt-gd,hot,4,4,0.0735,0.006128
opt-gd,hot,4,8,0.1241,0.006128
opt-gd,hot,4,19,0.2680,0.006128
opt-gd,hot,4,23,0.3189,0.006128
opt-gd,hot,4,25,0.3471,0.006128
opt-gd,hot,4,136,1.7209,0.005381
opt-gd,hot,4,137,1.7331,0.005381
opt-gd,hot,4,139,1.7578,0.005381
opt-gd,hot,4,142,1.7946,0.005381
opt-gd,hot,4,160,2.0134,0.005381
opt-gd,hot,4,166,2.0857,0.005381
opt-gd,hot,4,183,2.2959,0.005381
opt-gd,hot,4,185,2.3210,0.005381
opt-gd,hot,4,271,3.4265,0.004870
opt-gd,hot,4,272,3.4388,0.004870
opt-gd,hot,4,277,3.5008,0.004870
opt-gd,hot,4,285,3.6039,0.004870
opt-gd,hot,4,295,3.7276,0.004870
opt-gd,hot,4,301,3.7972,0.004870
opt-gd,hot,4,318,4.0871,0.004870
opt-gd,hot,4,381,4.8785,0.004870
opt-gd,hot,4,406,5.2200,0.004589
opt-gd,hot,4,408,5.2466,0.004589
opt-gd,hot,4,412,5.2995,0.004589
opt-gd,hot,4,420,5.4047,0.004589
opt-gd,hot,4,441,5.6893,0.004589
opt-gd,hot,4,450,5.8069,0.004589
opt-gd,hot,4,541,6.9480,0.004340
opt-gd,hot,4,543,6.9964,0.004340
opt-gd,hot,4,546,7.0629,0.004340
opt-gd,hot,4,547,7.0750,0.004340
opt-gd,hot,4,574,7.4220,0.004340
opt-gd,hot,4,576,7.4475,0.004340
opt-gd,hot,4,585,7.5608,0.004340
opt-gd,hot,4,591,7.6346,0.004340
opt-gd,hot,4,609,7.8641,0.004340
opt-gd,hot,4,676,8.7363,0.004208
opt-gd,hot,4,677,8.7602,0.004208
opt-gd,hot,4,681,8.8508,0.004208
opt-gd,hot,4,682,8.8631,0.004208
opt-gd,hot,4,707,9.1997,0.004208
opt-gd,hot,4,708,9.2135,0.004208
opt-gd,hot,4,716,9.3155,0.004208
opt-gd,hot,4,738,9.6054,0.004208
opt-gd,hot,4,811,10.6413,0.003998
opt-gd,hot,4,812,10.6716,0.003998
opt-gd,hot,4,817,10.7371,0.003998
opt-gd,hot,4,818,10.7501,0.003998
opt-gd,hot,4,825,10.8394,0.003998
opt-gd,hot,4,833,10.9373,0.003998
opt-gd,hot,4,842,11.0510,0.003998
opt-gd,hot,4,843,11.0637,0.003998
opt-gd,hot,4,847,11.1131,0.003998
opt-gd,hot,4,915,11.9859,0.003998
opt-gd,hot,4,921,12.0588,0.003998
opt-gd,hot,4,946,12.3842,0.003876
opt-gd,hot,4,947,12.4085,0.003876
opt-gd,hot,4,951,12.4987,0.003876
opt-gd,hot,4,952,12.5131,0.003876
opt-gd,hot,4,960,12.6154,0.003876
opt-gd,hot,4,978,12.8426,0.003876
opt-gd,hot,4,993,13.0349,0.003876
opt-gd,hot,4,995,13.0619,0.003876
opt-gd,hot,4,1081,14.3080,0.003743
opt-gd,hot,4,1082,14.3225,0.003743
opt-gd,hot,4,1084,14.3491,0.003743
opt-gd,hot,4,1086,14.3759,0.003743
opt-gd,hot,4,1087,14.3889,0.003743
opt-gd,hot,4,1115,14.7592,0.003743
opt-gd,hot,4,1129,14.9393,0.003743
opt-gd,hot,4,1130,14.9516,0.003743
opt-gd,hot,4,1216,16.0522,0.003640
opt-gd,hot,4,1218,16.1002,0.003640
opt-gd,hot,4,1219,16.1241,0.003640
opt-gd,hot,4,1221,16.1669,0.003640
opt-gd,hot,4,1222,16.1795,0.003640
opt-gd,hot,4,1244,16.4571,0.003640
opt-gd,hot,4,1265,16.7190,0.003640
opt-gd,hot,4,1285,16.9672,0.003640
opt-gd,hot,4,1286,16.9795,0.003640
opt-gd,hot,4,1351,17.8200,0.003588
opt-gd,hot,4,1353,17.8681,0.003588
opt-gd,hot,4,1354,17.8924,0.003588
opt-gd,hot,4,1356,17.9349,0.003588
opt-gd,hot,4,1357,17.9483,0.003588
opt-gd,hot,4,1362,18.0159,0.003588
opt-gd,hot,4,1376,18.1897,0.003588
opt-gd,hot,4,1406,18.5690,0.003588
opt-gd,hot,4,1469,19.3592,0.003588
opt-gd,hot,4,1486,19.5802,0.003532
opt-gd,hot,4,1488,19.6283,0.003532
opt-gd,hot,4,1489,19.6522,0.003532
opt-gd,hot,4,1491,19.6961,0.003532
opt-gd,hot,4,1492,19.7090,0.003532
opt-gd,hot,4,1497,19.7739,0.003532
opt-gd,hot,4,1511,19.9500,0.003532
opt-gd,hot,4,1529,20.1776,0.003532
opt-gd,hot,4,1541,20.3314,0.003532
opt-gd,hot,4,1558,20.5490,0.003532
opt-gd,hot,4,1621,21.4723,0.003451
opt-gd,hot,4,1622,21.4964,0.003451
opt-gd,hot,4,1626,21.5857,0.003451
opt-gd,hot,4,1627,21.5990,0.003451
opt-gd,hot,4,1632,21.6651,0.003451
opt-gd,hot,4,1642,21.7940,0.003451
opt-gd,hot,4,1652,21.9230,0.003451
opt-gd,hot,4,1654,21.9484,0.003451
opt-gd,hot,4,1656,21.9744,0.003451
opt-gd,hot,4,1664,22.0763,0.003451
opt-gd,hot,4,1665,22.0889,0.003451
opt-gd,hot,4,1756,23.2683,0.003410
opt-gd,hot,4,1757,23.2922,0.003410
opt-gd,hot,4,1787,23.7314,0.003410
opt-gd,hot,4,1806,23.9755,0.003410
opt-gd,hot,4,1891,25.0960,0.003380
opt-gd,hot,4,1892,25.1201,0.003380
opt-gd,hot,4,1922,25.5205,0.003380
opt-gd,hot,4,1975,26.2162,0.003380
opt-gd,hot,4,1976,26.2305,0.003380
opt-gd,hot,5,0,0.0000,0.006111
opt-gd,hot,5,3,0.0604,0.006111
opt-gd,hot,5,6,0.1007,0.006111
opt-gd,hot,5,12,0.1803,0.006111
opt-gd,hot,5,13,0.1930,0.006111
opt-gd,hot,5,15,0.2189,0.006111
opt-gd,hot,5,83,1.1166,0.006111
opt-gd,hot,5,119,1.5682,0.006111
opt-gd,hot,5,132,1.7399,0.005685
opt-gd,hot,5,134,1.7649,0.005685
opt-gd,hot,5,148,1.9469,0.005685
opt-gd,hot,5,214,2.8453,0.005685
opt-gd,hot,5,256,3.3759,0.005685
opt-gd,hot,5,263,3.4669,0.005147
opt-gd,hot,5,265,3.4929,0.005147
opt-gd,hot,5,268,3.5309,0.005147
opt-gd,hot,5,312,4.1073,0.005147
opt-gd,hot,5,323,4.2473,0.005147
opt-gd,hot,5,394,5.1829,0.004492
opt-gd,hot,5,396,5.2105,0.004492
opt-gd,hot,5,399,5.2515,0.004492
opt-gd,hot,5,424,5.5894,0.004492
opt-gd,hot,5,426,5.6155,0.004492
opt-gd,hot,5,466,6.1428,0.004492
opt-gd,hot,5,525,6.9146,0.004188
opt-gd,hot,5,527,6.9626,0.004188
opt-gd,hot,5,530,7.0296,0.004188
opt-gd,hot,5,538,7.1330,0.004188
opt-gd,hot,5,542,7.1847,0.004188
opt-gd,hot,5,553,7.3252,0.004188
opt-gd,hot,5,557,7.3763,0.004188
opt-gd,hot,5,656,8.7151,0.003957
opt-gd,hot,5,657,8.7392,0.003957
opt-gd,hot,5,658,8.7629,0.003957
opt-gd,hot,5,662,8.8411,0.003957
opt-gd,hot,5,684,9.1247,0.003957
opt-gd,hot,5,689,9.1881,0.003957
opt-gd,hot,5,705,9.4381,0.003957
opt-gd,hot,5,787,10.6510,0.003848
opt-gd,hot,5,788,10.6747,0.003848
opt-gd,hot,5,789,10.6990,0.003848
opt-gd,hot,5,792,10.7631,0.003848
opt-gd,hot,5,815,11.0875,0.003848
opt-gd,hot,5,852,11.5730,0.003848
opt-gd,hot,5,918,12.4705,0.003747
opt-gd,hot,5,920,12.5188,0.003747
opt-gd,hot,5,923,12.5857,0.003747
opt-gd,hot,5,952,12.9719,0.003747
opt-gd,hot,5,958,13.0522,0.003747
opt-gd,hot,5,1049,14.3950,0.003632
opt-gd,hot,5,1053,14.4489,0.003632
opt-gd,hot,5,1054,14.4616,0.003632
opt-gd,hot,5,1079,14.8274,0.003632
opt-gd,hot,5,1085,14.9116,0.003632
opt-gd,hot,5,1103,15.1639,0.003632
opt-gd,hot,5,1180,16.3042,0.003588
opt-gd,hot,5,1181,16.3216,0.003588
opt-gd,hot,5,1182,16.3374,0.003588
opt-gd,hot,5,1185,16.3831,0.003588
opt-gd,hot,5,1192,16.4814,0.003588
opt-gd,hot,5,1213,16.7780,0.003588
opt-gd,hot,5,1230,17.0228,0.003588
opt-gd,hot,5,1311,18.2573,0.003534
opt-gd,hot,5,1312,18.2715,0.003534
opt-gd,hot,5,1313,18.2843,0.003534
opt-gd,hot,5,1316,18.3252,0.003534
opt-gd,hot,5,1361,18.9156,0.003534
opt-gd,hot,5,1364,18.9543,0.003534
opt-gd,hot,5,1442,20.0406,0.003495
opt-gd,hot,5,1444,20.0650,0.003495
opt-gd,hot,5,1447,20.1008,0.003495
opt-gd,hot,5,1460,20.2674,0.003495
opt-gd,hot,5,1491,20.6735,0.003495
opt-gd,hot,5,1496,20.7394,0.003495
opt-gd,hot,5,1573,21.7653,0.003444
opt-gd,hot,5,1575,21.8150,0.003444
opt-gd,hot,5,1578,21.8771,0.003444
opt-gd,hot,5,1591,22.0411,0.003444
opt-gd,hot,5,1704,23.4699,0.003399
opt-gd,hot,5,1706,23.5243,0.003399
opt-gd,hot,5,1709,23.5974,0.003399
opt-gd,hot,5,1716,23.6902,0.003399
opt-gd,hot,5,1754,24.1781,0.003399
opt-gd,hot,5,1835,25.2410,0.003359
opt-gd,hot,5,1837,25.2898,0.003359
opt-gd,hot,5,1840,25.3528,0.003359
opt-gd,hot,5,1847,25.4413,0.003359
opt-gd,hot,5,1885,25.9147,0.003359
opt-gd,hot,5,1895,26.0410,0.003359
opt-gd,hot,6,0,0.0000,0.005818
opt-gd,hot,6,2,0.0424,0.005818
opt-gd,hot,6,3,0.0553,0.005818
opt-gd,hot,6,4,0.0684,0.005818
opt-gd,hot,6,25,0.3395,0.005818
opt-gd,hot,6,33,0.4469,0.005818
opt-gd,hot,6,45,0.6083,0.005818
opt-gd,hot,6,55,0.7450,0.005818
opt-gd,hot,6,148,2.0234,0.005342
opt-gd,hot,6,150,2.0486,0.005342
opt-gd,hot,6,295,3.9455,0.004716
opt-gd,hot,6,296,3.9591,0.004716
opt-gd,hot,6,305,4.0737,0.004716
opt-gd,hot,6,442,5.8263,0.004372
opt-gd,hot,6,443,5.8393,0.004372
opt-gd,hot,6,445,5.8648,0.004372
opt-gd,hot,6,467,6.1503,0.004372
opt-gd,hot,6,500,6.5959,0.004372
opt-gd,hot,6,526,6.9514,0.004372
opt-gd,hot,6,589,7.7723,0.004147
opt-gd,hot,6,590,7.7963,0.004147
opt-gd,hot,6,592,7.8444,0.004147
opt-gd,hot,6,647,8.5137,0.004147
opt-gd,hot,6,736,9.6069,0.004016
opt-gd,hot,6,737,9.6322,0.004016
opt-gd,hot,6,740,9.7054,0.004016
opt-gd,hot,6,883,11.5840,0.003915
opt-gd,hot,6,885,11.6092,0.003915
opt-gd,hot,6,888,11.6471,0.003915
opt-gd,hot,6,901,11.8096,0.003915
opt-gd,hot,6,905,11.8595,0.003915
opt-gd,hot,6,1030,13.4422,0.003900
opt-gd,hot,6,1032,13.4909,0.003900
opt-gd,hot,6,1052,13.7582,0.003900
opt-gd,hot,6,1177,15.3024,0.003761
opt-gd,hot,6,1179,15.3513,0.003761
opt-gd,hot,6,1197,15.6024,0.003761
opt-gd,hot,6,1324,17.2505,0.003708
opt-gd,hot,6,1325,17.2753,0.003708
opt-gd,hot,6,1327,17.3714,0.003708
opt-gd,hot,6,1344,17.5839,0.003708
opt-gd,hot,6,1346,17.6079,0.003708
opt-gd,hot,6,1382,18.0523,0.003708
opt-gd,hot,6,1471,19.2230,0.003640
opt-gd,hot,6,1472,19.2477,0.003640
opt-gd,hot,6,1475,19.3205,0.003640
opt-gd,hot,6,1476,19.3352,0.003640
opt-gd,hot,6,1489,19.4954,0.003640
opt-gd,hot,6,1492,19.5349,0.003640
opt-gd,hot,6,1529,19.9767,0.003640
opt-gd,hot,6,1912,24.9636,0.003640
opt-gd,hot,6,1913,24.9766,0.003640
opt-gd,hot,6,1916,25.0161,0.003640
opt-gd,hot,6,1917,25.0290,0.003640
opt-gd,hot,6,1930,25.2007,0.003640
opt-gd,hot,6,1933,25.2392,0.003640
opt-gd,hot,6,1970,25.7627,0.003640
opt-gd,hot,7,0,0.0000,0.006026
opt-gd,hot,7,4,0.0778,0.006026
opt-gd,hot,7,5,0.0952,0.006026
opt-gd,hot,7,6,0.1120,0.006026
opt-gd,hot,7,7,0.1284,0.006026
opt-gd,hot,7,9,0.1603,0.006026
opt-gd,hot,7,138,1.6977,0.005406
opt-gd,hot,7,142,1.7475,0.005406
opt-gd,hot,7,143,1.7588,0.005406
opt-gd,hot,7,144,1.7706,0.005406
opt-gd,hot,7,145,1.7833,0.005406
opt-gd,hot,7,146,1.7955,0.005406
opt-gd,hot,7,155,1.9042,0.005406
opt-gd,hot,7,160,1.9648,0.005406
opt-gd,hot,7,166,2.0377,0.005406
opt-gd,hot,7,181,2.2200,0.005406
opt-gd,hot,7,191,2.3465,0.005406
opt-gd,hot,7,197,2.4284,0.005406
opt-gd,hot,7,262,3.1958,0.005406
opt-gd,hot,7,412,5.0017,0.005359
opt-gd,hot,7,416,5.0490,0.005359
opt-gd,hot,7,417,5.0606,0.005359
opt-gd,hot,7,418,5.0725,0.005359
opt-gd,hot,7,419,5.0843,0.005359
opt-gd,hot,7,429,5.2021,0.005359
opt-gd,hot,7,434,5.2597,0.005359
opt-gd,hot,7,440,5.3297,0.005359
opt-gd,hot,7,455,5.5049,0.005359
opt-gd,hot,7,465,5.6207,0.005359
opt-gd,hot,7,536,6.5768,0.005359
opt-gd,hot,7,549,6.7341,0.005092
opt-gd,hot,7,554,6.7930,0.005092
opt-gd,hot,7,555,6.8050,0.005092
opt-gd,hot,7,557,6.8299,0.005092
opt-gd,hot,7,560,6.8663,0.005092
opt-gd,hot,7,564,6.9121,0.005092
opt-gd,hot,7,566,6.9355,0.005092
opt-gd,hot,7,577,7.0704,0.005092
opt-gd,hot,7,592,7.2572,0.005092
opt-gd,hot,7,602,7.3818,0.005092
opt-gd,hot,7,823,10.2593,0.005074
opt-gd,hot,7,828,10.3294,0.005074
opt-gd,hot,7,829,10.3412,0.005074
opt-gd,hot,7,831,10.3663,0.005074
opt-gd,hot,7,834,10.4031,0.005074
opt-gd,hot,7,838,10.4535,0.005074
opt-gd,hot,7,840,10.4769,0.005074
opt-gd,hot,7,851,10.6135,0.005074
opt-gd,hot,7,866,10.8015,0.005074
opt-gd,hot,7,876,10.9283,0.005074
opt-gd,hot,7,960,12.0067,0.004973
opt-gd,hot,7,965,12.0734,0.004973
opt-gd,hot,7,966,12.0858,0.004973
opt-gd,hot,7,971,12.1477,0.004973
opt-gd,hot,7,975,12.1985,0.004973
opt-gd,hot,7,977,12.2248,0.004973
opt-gd,hot,7,1013,12.7175,0.004973
opt-gd,hot,7,1234,15.8092,0.004941
opt-gd,hot,7,1239,15.8728,0.004941
opt-gd,hot,7,1240,15.8862,0.004941
opt-gd,hot,7,1245,15.9509,0.004941
opt-gd,hot,7,1249,16.0011,0.004941
opt-gd,hot,7,1251,16.0261,0.004941
opt-gd,hot,7,1287,16.4819,0.004941
opt-gd,hot,7,1508,19.3438,0.004934
opt-gd,hot,7,1510,19.3705,0.004934
opt-gd,hot,7,1519,19.4924,0.004934
opt-gd,hot,7,1523,19.5480,0.004934
opt-gd,hot,7,1525,19.5738,0.004934
opt-gd,hot,7,1561,20.0698,0.004934
opt-gd,hot,7,1782,23.0391,0.004931
opt-gd,hot,7,1784,23.0644,0.004931
opt-gd,hot,7,1793,23.1764,0.004931
opt-gd,hot,7,1797,23.2263,0.004931
opt-gd,hot,7,1799,23.2527,0.004931
opt-gd,hot,7,1835,23.7022,0.004931
opt-gd,hot,8,0,0.0000,0.006408
opt-gd,hot,8,4,0.0653,0.006408
opt-gd,hot,8,8,0.1127,0.006408
opt-gd,hot,8,11,0.1491,0.006408
opt-gd,hot,8,53,0.6561,0.006408
opt-gd,hot,8,57,0.7043,0.006408
opt-gd,hot,8,140,1.7157,0.005716
opt-gd,hot,8,142,1.7410,0.005716
opt-gd,hot,8,147,1.8070,0.005716
opt-gd,hot,8,150,1.8451,0.005716
opt-gd,hot,8,170,2.0822,0.005716
opt-gd,hot,8,183,2.2390,0.005716
opt-gd,hot,8,192,2.3445,0.005716
opt-gd,hot,8,279,3.3828,0.005222
opt-gd,hot,8,281,3.4068,0.005222
opt-gd,hot,8,286,3.4643,0.005222
opt-gd,hot,8,288,3.4870,0.005222
opt-gd,hot,8,299,3.6159,0.005222
opt-gd,hot,8,322,3.8939,0.005222
opt-gd,hot,8,418,5.0582,0.004476
opt-gd,hot,8,419,5.0700,0.004476
opt-gd,hot,8,421,5.0943,0.004476
opt-gd,hot,8,426,5.1529,0.004476
opt-gd,hot,8,443,5.3614,0.004476
opt-gd,hot,8,476,5.7553,0.004476
opt-gd,hot,8,492,5.9524,0.004476
opt-gd,hot,8,557,6.7399,0.004145
opt-gd,hot,8,558,6.7641,0.004145
opt-gd,hot,8,565,6.8888,0.004145
opt-gd,hot,8,600,7.3152,0.004145
opt-gd,hot,8,614,7.5047,0.004145
opt-gd,hot,8,643,7.8687,0.004145
opt-gd,hot,8,671,8.2142,0.004145
opt-gd,hot,8,696,8.6529,0.003975
opt-gd,hot,8,697,8.6664,0.003975
opt-gd,hot,8,704,8.7509,0.003975
opt-gd,hot,8,721,8.9549,0.003975
opt-gd,hot,8,728,9.0394,0.003975
opt-gd,hot,8,766,9.5080,0.003975
opt-gd,hot,8,782,9.6975,0.003975
opt-gd,hot,8,793,9.8289,0.003975
opt-gd,hot,8,835,10.3518,0.003892
opt-gd,hot,8,836,10.3920,0.003892
opt-gd,hot,8,837,10.4154,0.003892
opt-gd,hot,8,860,10.6945,0.003892
opt-gd,hot,8,905,11.2380,0.003892
opt-gd,hot,8,923,11.4726,0.003892
opt-gd,hot,8,925,11.4967,0.003892
opt-gd,hot,8,974,12.2213,0.003815
opt-gd,hot,8,975,12.2343,0.003815
opt-gd,hot,8,976,12.2464,0.003815
opt-gd,hot,8,1038,13.0118,0.003815
opt-gd,hot,8,1113,14.1187,0.003723
opt-gd,hot,8,1114,14.1453,0.003723
opt-gd,hot,8,1115,14.1758,0.003723
opt-gd,hot,8,1117,14.2101,0.003723
opt-gd,hot,8,1185,15.1237,0.003723
opt-gd,hot,8,1211,15.4579,0.003723
opt-gd,hot,8,1252,16.0048,0.003685
opt-gd,hot,8,1253,16.0344,0.003685
opt-gd,hot,8,1255,16.0933,0.003685
opt-gd,hot,8,1309,16.7961,0.003685
opt-gd,hot,8,1310,16.8090,0.003685
opt-gd,hot,8,1391,17.8804,0.003621
opt-gd,hot,8,1392,17.9044,0.003621
opt-gd,hot,8,1394,17.9525,0.003621
opt-gd,hot,8,1399,18.0328,0.003621
opt-gd,hot,8,1403,18.0890,0.003621
opt-gd,hot,8,1416,18.2676,0.003621
opt-gd,hot,8,1448,18.6916,0.003621
opt-gd,hot,8,1449,18.7054,0.003621
opt-gd,hot,8,1463,18.8890,0.003621
opt-gd,hot,8,1530,19.9024,0.003592
opt-gd,hot,8,1531,19.9172,0.003592
opt-gd,hot,8,1532,19.9324,0.003592
opt-gd,hot,8,1534,19.9579,0.003592
opt-gd,hot,8,1542,20.0658,0.003592
opt-gd,hot,8,1618,21.0500,0.003592
opt-gd,hot,8,1628,21.1660,0.003592
opt-gd,hot,8,1669,21.8232,0.003564
opt-gd,hot,8,1670,21.8368,0.003564
opt-gd,hot,8,1671,21.8507,0.003564
opt-gd,hot,8,1672,21.8651,0.003564
opt-gd,hot,8,1673,21.8779,0.003564
opt-gd,hot,8,1695,22.1741,0.003564
opt-gd,hot,8,1733,22.6738,0.003564
opt-gd,hot,8,1767,23.1363,0.003564
opt-gd,hot,8,1808,23.6846,0.003541
opt-gd,hot,8,1811,23.8151,0.003541
opt-gd,hot,8,1815,23.8787,0.003541
opt-gd,hot,8,1818,23.9239,0.003541
opt-gd,hot,8,1841,24.2557,0.003541
opt-gd,hot,8,1844,24.2991,0.003541
opt-gd,hot,8,1861,24.5317,0.003541
opt-gd,hot,8,1870,24.6463,0.003541
opt-gd,hot,8,1947,25.6103,0.003514
opt-gd,hot,8,1950,25.6847,0.003514
opt-gd,hot,8,1951,25.7092,0.003514
opt-gd,hot,8,1954,25.7469,0.003514
opt-gd,hot,8,1966,25.8942,0.003514
opt-gd,hot,8,1983,26.1037,0.003514
opt-gd,hot,8,1988,26.1717,0.003514
opt-gd,hot,8,2000,26.3282,0.003514
opt-gd,hot,9,0,0.0000,0.005719
opt-gd,hot,9,3,0.0515,0.005719
opt-gd,hot,9,5,0.0755,0.005719
opt-gd,hot,9,7,0.1006,0.005719
opt-gd,hot,9,128,1.6562,0.005346
opt-gd,hot,9,130,1.6817,0.005346
opt-gd,hot,9,132,1.7092,0.005346
opt-gd,hot,9,133,1.7228,0.005346
opt-gd,hot,9,134,1.7363,0.005346
opt-gd,hot,9,255,3.4445,0.004953
opt-gd,hot,9,256,3.4566,0.004953
opt-gd,hot,9,258,3.4801,0.004953
opt-gd,hot,9,264,3.5554,0.004953
opt-gd,hot,9,265,3.5675,0.004953
opt-gd,hot,9,271,3.6467,0.004953
opt-gd,hot,9,382,5.0944,0.004614
opt-gd,hot,9,385,5.1356,0.004614
opt-gd,hot,9,393,5.2409,0.004614
opt-gd,hot,9,400,5.3315,0.004614
opt-gd,hot,9,446,5.9211,0.004614
opt-gd,hot,9,509,6.7480,0.004365
opt-gd,hot,9,510,6.7723,0.004365
opt-gd,hot,9,513,6.8474,0.004365
opt-gd,hot,9,520,6.9343,0.004365
opt-gd,hot,9,527,7.0165,0.004365
opt-gd,hot,9,575,7.5882,0.004365
opt-gd,hot,9,636,8.4881,0.004124
opt-gd,hot,9,637,8.5012,0.004124
opt-gd,hot,9,640,8.5399,0.004124
opt-gd,hot,9,647,8.6296,0.004124
opt-gd,hot,9,654,8.7205,0.004124
opt-gd,hot,9,890,11.7410,0.003870
opt-gd,hot,9,893,11.7785,0.003870
opt-gd,hot,9,894,11.7905,0.003870
opt-gd,hot,9,895,11.8022,0.003870
opt-gd,hot,9,902,11.8878,0.003870
opt-gd,hot,9,924,12.1544,0.003870
opt-gd,hot,9,952,12.4893,0.003870
opt-gd,hot,9,960,12.5847,0.003870
opt-gd,hot,9,1144,15.0394,0.003791
opt-gd,hot,9,1146,15.0646,0.003791
opt-gd,hot,9,1147,15.0778,0.003791
opt-gd,hot,9,1149,15.1024,0.003791
opt-gd,hot,9,1178,15.4517,0.003791
opt-gd,hot,9,1201,15.7195,0.003791
opt-gd,hot,9,1259,16.3945,0.003791
opt-gd,hot,9,1271,16.5492,0.003713
opt-gd,hot,9,1272,16.5735,0.003713
opt-gd,hot,9,1273,16.5989,0.003713
opt-gd,hot,9,1276,16.6690,0.003713
opt-gd,hot,9,1292,16.8934,0.003713
opt-gd,hot,9,1305,17.0564,0.003713
opt-gd,hot,9,1328,17.3427,0.003713
opt-gd,hot,9,1359,17.7215,0.003713
opt-gd,hot,9,1398,18.3233,0.003533
opt-gd,hot,9,1399,18.3364,0.003533
opt-gd,hot,9,1400,18.3499,0.003533
opt-gd,hot,9,1403,18.3887,0.003533
opt-gd,hot,9,1410,18.4753,0.003533
opt-gd,hot,9,1432,18.7523,0.003533
opt-gd,hot,9,1440,18.8545,0.003533
opt-gd,hot,9,1486,19.4393,0.003533
opt-gd,hot,9,1652,21.7159,0.003495
opt-gd,hot,9,1653,21.7283,0.003495
opt-gd,hot,9,1654,21.7399,0.003495
opt-gd,hot,9,1657,21.7758,0.003495
opt-gd,hot,9,1670,22.0120,0.003495
opt-gd,hot,9,1779,23.3734,0.003435
opt-gd,hot,9,1780,23.3985,0.003435
opt-gd,hot,9,1781,23.4227,0.003435
opt-gd,hot,9,1784,23.4971,0.003435
opt-gd,hot,9,1791,23.5846,0.003435
opt-gd,hot,9,1837,24.1238,0.003435
opt-gd,hot,9,1906,24.9752,0.003392
opt-gd,hot,9,1907,25.0009,0.003392
opt-gd,hot,9,1908,25.0265,0.003392
opt-gd,hot,9,1911,25.0947,0.003392
opt-gd,hot,9,1928,25.3000,0.003392
opt-gd,hot,9,1943,25.4838,0.003392
none,cold,0,0,0.0000,0.006022
none,cold,1,0,0.0000,0.006062
none,cold,2,0,0.0000,0.006063
none,cold,3,0,0.0000,0.005521
none,cold,4,0,0.0000,0.005913
none,cold,5,0,0.0000,0.005789
none,cold,6,0,0.0000,0.005952
none,cold,7,0,0.0000,0.005712
none,cold,8,0,0.0000,0.006069
none,cold,9,0,0.0000,0.006701
scipy-lbfgsb,cold,0,0,0.0000,0.006022
scipy-lbfgsb,cold,0,3,0.0504,0.006022
scipy-lbfgsb,cold,0,5,0.0749,0.006022
scipy-lbfgsb,cold,0,10,0.1372,0.006022
scipy-lbfgsb,cold,0,12,0.1620,0.006022
scipy-lbfgsb,cold,0,26,0.3371,0.006022
scipy-lbfgsb,cold,0,124,1.5846,0.006022
scipy-lbfgsb,cold,0,125,1.5976,0.006022
scipy-lbfgsb,cold,0,138,1.7544,0.006003
scipy-lbfgsb,cold,0,140,1.7800,0.006003
scipy-lbfgsb,cold,0,142,1.8100,0.006003
scipy-lbfgsb,cold,0,147,1.8716,0.006003
scipy-lbfgsb,cold,0,149,1.8957,0.006003
scipy-lbfgsb,cold,0,163,2.0600,0.006003
scipy-lbfgsb,cold,0,261,3.3407,0.006003
scipy-lbfgsb,cold,0,262,3.3539,0.006003
scipy-lbfgsb,cold,0,275,3.5205,0.005985
scipy-lbfgsb,cold,0,277,3.5464,0.005985
scipy-lbfgsb,cold,0,279,3.5700,0.005985
scipy-lbfgsb,cold,0,284,3.6330,0.005985
scipy-lbfgsb,cold,0,286,3.6576,0.005985
scipy-lbfgsb,cold,0,300,3.8319,0.005984
scipy-lbfgsb,cold,0,398,5.0412,0.005984
scipy-lbfgsb,cold,0,399,5.0531,0.005984
scipy-lbfgsb,cold,0,412,5.2205,0.005911
scipy-lbfgsb,cold,0,414,5.2451,0.005911
scipy-lbfgsb,cold,0,416,5.2690,0.005911
scipy-lbfgsb,cold,0,421,5.3310,0.005911
scipy-lbfgsb,cold,0,423,5.3567,0.005911
scipy-lbfgsb,cold,0,437,5.5346,0.005911
scipy-lbfgsb,cold,0,535,6.8427,0.005911
scipy-lbfgsb,cold,0,536,6.8546,0.005911
scipy-lbfgsb,cold,0,549,7.0190,0.005765
scipy-lbfgsb,cold,0,551,7.0435,0.005765
scipy-lbfgsb,cold,0,553,7.0677,0.005765
scipy-lbfgsb,cold,0,558,7.1296,0.005765
scipy-lbfgsb,cold,0,560,7.1535,0.005765
scipy-lbfgsb,cold,0,574,7.3230,0.005765
scipy-lbfgsb,cold,0,686,8.6916,0.005681
scipy-lbfgsb,cold,0,688,8.7170,0.005681
scipy-lbfgsb,cold,0,690,8.7415,0.005681
scipy-lbfgsb,cold,0,695,8.8045,0.005681
scipy-lbfgsb,cold,0,697,8.8288,0.005681
scipy-lbfgsb,cold,0,711,9.0007,0.005681
scipy-lbfgsb,cold,0,755,9.5360,0.005681
scipy-lbfgsb,cold,0,823,10.3757,0.005391
scipy-lbfgsb,cold,0,825,10.3997,0.005391
scipy-lbfgsb,cold,0,827,10.4261,0.005391
scipy-lbfgsb,cold,0,832,10.4870,0.005391
scipy-lbfgsb,cold,0,834,10.5123,0.005391
scipy-lbfgsb,cold,0,848,10.6908,0.005391
scipy-lbfgsb,cold,0,853,10.7549,0.005391
scipy-lbfgsb,cold,0,880,11.0997,0.005391
scipy-lbfgsb,cold,0,886,11.1772,0.005391
scipy-lbfgsb,cold,0,960,12.1083,0.005290
scipy-lbfgsb,cold,0,962,12.1334,0.005290
scipy-lbfgsb,cold,0,964,12.1586,0.005290
scipy-lbfgsb,cold,0,969,12.2219,0.005290
scipy-lbfgsb,cold,0,971,12.2484,0.005290
scipy-lbfgsb,cold,0,986,12.4423,0.005290
scipy-lbfgsb,cold,0,1022,12.8938,0.005290
scipy-lbfgsb,cold,0,1234,15.6045,0.005121
scipy-lbfgsb,cold,0,1236,15.6291,0.005121
scipy-lbfgsb,cold,0,1238,15.6535,0.005121
scipy-lbfgsb,cold,0,1243,15.7155,0.005121
scipy-lbfgsb,cold,0,1245,15.7419,0.005121
scipy-lbfgsb,cold,0,1260,15.9344,0.005121
scipy-lbfgsb,cold,0,1302,16.4561,0.005121
scipy-lbfgsb,cold,0,1371,17.4017,0.005021
scipy-lbfgsb,cold,0,1373,17.4275,0.005021
scipy-lbfgsb,cold,0,1375,17.4530,0.005021
scipy-lbfgsb,cold,0,1380,17.5137,0.005021
scipy-lbfgsb,cold,0,1382,17.5371,0.005021
scipy-lbfgsb,cold,0,1397,17.7144,0.005021
scipy-lbfgsb,cold,0,1439,18.2380,0.005021
scipy-lbfgsb,cold,0,1645,20.7898,0.004857
scipy-lbfgsb,cold,0,1647,20.8156,0.004857
scipy-lbfgsb,cold,0,1649,20.8408,0.004857
scipy-lbfgsb,cold,0,1654,20.9035,0.004857
scipy-lbfgsb,cold,0,1656,20.9289,0.004857
scipy-lbfgsb,cold,0,1703,21.5139,0.004857
scipy-lbfgsb,cold,0,1706,21.5510,0.004857
scipy-lbfgsb,cold,0,1713,21.6365,0.004857
scipy-lbfgsb,cold,0,1919,24.2517,0.004782
scipy-lbfgsb,cold,0,1921,24.2760,0.004782
scipy-lbfgsb,cold,0,1923,24.3001,0.004782
scipy-lbfgsb,cold,0,1928,24.3608,0.004782
scipy-lbfgsb,cold,0,1930,24.3849,0.004782
scipy-lbfgsb,cold,0,1944,24.5452,0.004782
scipy-lbfgsb,cold,0,1977,24.9248,0.004782
scipy-lbfgsb,cold,1,0,0.0000,0.006062
scipy-lbfgsb,cold,1,3,0.0484,0.006062
scipy-lbfgsb,cold,1,9,0.1308,0.006062
scipy-lbfgsb,cold,1,10,0.1437,0.006062
scipy-lbfgsb,cold,1,12,0.1696,0.006062
scipy-lbfgsb,cold,1,13,0.1825,0.006062
scipy-lbfgsb,cold,1,15,0.2088,0.006062
scipy-lbfgsb,cold,1,92,1.1130,0.006062
scipy-lbfgsb,cold,1,132,1.5832,0.006058
scipy-lbfgsb,cold,1,134,1.6073,0.006058
scipy-lbfgsb,cold,1,140,1.6782,0.006058
scipy-lbfgsb,cold,1,141,1.6902,0.006058
scipy-lbfgsb,cold,1,143,1.7141,0.006058
scipy-lbfgsb,cold,1,144,1.7269,0.006058
scipy-lbfgsb,cold,1,146,1.7504,0.006058
scipy-lbfgsb,cold,1,223,2.6671,0.006058
scipy-lbfgsb,cold,1,263,3.2753,0.006054
scipy-lbfgsb,cold,1,265,3.3005,0.006054
scipy-lbfgsb,cold,1,271,3.3729,0.006054
scipy-lbfgsb,cold,1,272,3.3851,0.006054
scipy-lbfgsb,cold,1,274,3.4091,0.006054
scipy-lbfgsb,cold,1,275,3.4212,0.006054
scipy-lbfgsb,cold,1,277,3.4633,0.006054
scipy-lbfgsb,cold,1,354,4.3862,0.006054
scipy-lbfgsb,cold,1,394,4.8778,0.006039
scipy-lbfgsb,cold,1,396,4.9026,0.006039
scipy-lbfgsb,cold,1,402,4.9738,0.006039
scipy-lbfgsb,cold,1,403,4.9853,0.006039
scipy-lbfgsb,cold,1,405,5.0095,0.006039
scipy-lbfgsb,cold,1,406,5.0214,0.006039
scipy-lbfgsb,cold,1,408,5.0458,0.006039
scipy-lbfgsb,cold,1,525,6.5115,0.005974
scipy-lbfgsb,cold,1,527,6.5382,0.005974
scipy-lbfgsb,cold,1,533,6.6199,0.005974
scipy-lbfgsb,cold,1,534,6.6340,0.005974
scipy-lbfgsb,cold,1,536,6.6616,0.005974
scipy-lbfgsb,cold,1,537,6.6765,0.005974
scipy-lbfgsb,cold,1,538,6.6901,0.005974
scipy-lbfgsb,cold,1,539,6.7026,0.005974
scipy-lbfgsb,cold,1,656,8.2361,0.005879
scipy-lbfgsb,cold,1,658,8.2605,0.005879
scipy-lbfgsb,cold,1,664,8.3333,0.005879
scipy-lbfgsb,cold,1,665,8.3455,0.005879
scipy-lbfgsb,cold,1,667,8.3696,0.005879
scipy-lbfgsb,cold,1,668,8.3820,0.005879
scipy-lbfgsb,cold,1,669,8.3943,0.005879
scipy-lbfgsb,cold,1,670,8.4062,0.005879
scipy-lbfgsb,cold,1,787,9.9230,0.005872
scipy-lbfgsb,cold,1,789,9.9474,0.005872
scipy-lbfgsb,cold,1,795,10.0257,0.005872
scipy-lbfgsb,cold,1,796,10.0379,0.005872
scipy-lbfgsb,cold,1,798,10.0629,0.005872
scipy-lbfgsb,cold,1,799,10.0749,0.005872
scipy-lbfgsb,cold,1,800,10.0878,0.005872
scipy-lbfgsb,cold,1,801,10.1001,0.005872
scipy-lbfgsb,cold,1,918,11.5296,0.005844
scipy-lbfgsb,cold,1,920,11.5556,0.005844
scipy-lbfgsb,cold,1,926,11.6276,0.005844
scipy-lbfgsb,cold,1,927,11.6395,0.005844
scipy-lbfgsb,cold,1,929,11.6725,0.005844
scipy-lbfgsb,cold,1,930,11.6895,0.005844
scipy-lbfgsb,cold,1,931,11.7051,0.005844
scipy-lbfgsb,cold,1,1049,13.1380,0.005730
scipy-lbfgsb,cold,1,1051,13.1612,0.005730
scipy-lbfgsb,cold,1,1057,13.2314,0.005730
scipy-lbfgsb,cold,1,1058,13.2430,0.005730
scipy-lbfgsb,cold,1,1060,13.2658,0.005730
scipy-lbfgsb,cold,1,1062,13.2890,0.005730
scipy-lbfgsb,cold,1,1180,14.7701,0.005542
scipy-lbfgsb,cold,1,1181,14.7819,0.005542
scipy-lbfgsb,cold,1,1190,14.8857,0.005542
scipy-lbfgsb,cold,1,1193,14.9232,0.005542
scipy-lbfgsb,cold,1,1211,15.1366,0.005542
scipy-lbfgsb,cold,1,1214,15.1711,0.005542
scipy-lbfgsb,cold,1,1217,15.2065,0.005542
scipy-lbfgsb,cold,1,1218,15.2176,0.005542
scipy-lbfgsb,cold,1,1228,15.3349,0.005542
scipy-lbfgsb,cold,1,1273,15.8647,0.005542
scipy-lbfgsb,cold,1,1304,16.2211,0.005542
scipy-lbfgsb,cold,1,1305,16.2332,0.005542
scipy-lbfgsb,cold,1,1311,16.3060,0.005447
scipy-lbfgsb,cold,1,1313,16.3311,0.005447
scipy-lbfgsb,cold,1,1319,16.4008,0.005447
scipy-lbfgsb,cold,1,1320,16.4128,0.005447
scipy-lbfgsb,cold,1,1348,16.9608,0.005447
scipy-lbfgsb,cold,1,1349,16.9734,0.005447
scipy-lbfgsb,cold,1,1403,17.6142,0.005447
scipy-lbfgsb,cold,1,1442,18.0727,0.005361
scipy-lbfgsb,cold,1,1444,18.0958,0.005361
scipy-lbfgsb,cold,1,1450,18.1652,0.005361
scipy-lbfgsb,cold,1,1451,18.1770,0.005361
scipy-lbfgsb,cold,1,1479,18.5212,0.005361
scipy-lbfgsb,cold,1,1510,18.9142,0.005361
scipy-lbfgsb,cold,1,1573,19.7234,0.005286
scipy-lbfgsb,cold,1,1575,19.7716,0.005286
scipy-lbfgsb,cold,1,1581,19.8850,0.005286
scipy-lbfgsb,cold,1,1582,19.8983,0.005286
scipy-lbfgsb,cold,1,1664,20.9316,0.005286
scipy-lbfgsb,cold,1,1704,21.4230,0.005183
scipy-lbfgsb,cold,1,1706,21.4478,0.005183
scipy-lbfgsb,cold,1,1712,21.5182,0.005183
scipy-lbfgsb,cold,1,1713,21.5323,0.005183
scipy-lbfgsb,cold,1,1772,22.3372,0.005183
scipy-lbfgsb,cold,1,1795,22.6184,0.005183
scipy-lbfgsb,cold,1,1835,23.1132,0.005121
scipy-lbfgsb,cold,1,1837,23.1624,0.005121
scipy-lbfgsb,cold,1,1843,23.2600,0.005121
scipy-lbfgsb,cold,1,1844,23.2722,0.005121
scipy-lbfgsb,cold,1,1846,23.2957,0.005121
scipy-lbfgsb,cold,1,1847,23.3091,0.005121
scipy-lbfgsb,cold,1,1848,23.3213,0.005121
scipy-lbfgsb,cold,1,1868,23.5608,0.005121
scipy-lbfgsb,cold,1,1926,24.2861,0.005121
scipy-lbfgsb,cold,1,1949,24.5762,0.005121
scipy-lbfgsb,cold,1,1950,24.5895,0.005121
scipy-lbfgsb,cold,1,1951,24.6024,0.005121
scipy-lbfgsb,cold,1,1966,24.8066,0.004975
scipy-lbfgsb,cold,1,1968,24.8617,0.004975
scipy-lbfgsb,cold,1,1974,24.9594,0.004975
scipy-lbfgsb,cold,1,1975,24.9721,0.004975
scipy-lbfgsb,cold,1,1977,24.9973,0.004975
scipy-lbfgsb,cold,1,1979,25.0228,0.004975
scipy-lbfgsb,cold,2,0,0.0000,0.006063
scipy-lbfgsb,cold,2,2,0.0386,0.006063
scipy-lbfgsb,cold,2,4,0.0633,0.006063
scipy-lbfgsb,cold,2,9,0.1252,0.006063
scipy-lbfgsb,cold,2,102,1.2568,0.006063
scipy-lbfgsb,cold,2,134,1.6457,0.006059
scipy-lbfgsb,cold,2,135,1.6581,0.006059
scipy-lbfgsb,cold,2,137,1.6814,0.006059
scipy-lbfgsb,cold,2,142,1.7434,0.006059
scipy-lbfgsb,cold,2,235,2.8594,0.006059
scipy-lbfgsb,cold,2,267,3.2361,0.005745
scipy-lbfgsb,cold,2,268,3.2492,0.005745
scipy-lbfgsb,cold,2,270,3.2734,0.005745
scipy-lbfgsb,cold,2,274,3.3184,0.005745
scipy-lbfgsb,cold,2,292,3.5216,0.005745
scipy-lbfgsb,cold,2,294,3.5442,0.005745
scipy-lbfgsb,cold,2,376,4.5457,0.005745
scipy-lbfgsb,cold,2,377,4.5587,0.005745
scipy-lbfgsb,cold,2,400,4.8395,0.005543
scipy-lbfgsb,cold,2,401,4.8517,0.005543
scipy-lbfgsb,cold,2,403,4.8760,0.005543
scipy-lbfgsb,cold,2,407,4.9279,0.005543
scipy-lbfgsb,cold,2,425,5.1563,0.005543
scipy-lbfgsb,cold,2,463,5.6719,0.005543
scipy-lbfgsb,cold,2,666,8.4362,0.005487
scipy-lbfgsb,cold,2,667,8.4499,0.005487
scipy-lbfgsb,cold,2,669,8.4763,0.005487
scipy-lbfgsb,cold,2,691,8.7580,0.005487
scipy-lbfgsb,cold,2,729,9.2513,0.005487
scipy-lbfgsb,cold,2,799,10.1803,0.005251
scipy-lbfgsb,cold,2,800,10.2100,0.005251
scipy-lbfgsb,cold,2,802,10.2679,0.005251
scipy-lbfgsb,cold,2,824,10.5784,0.005251
scipy-lbfgsb,cold,2,826,10.6043,0.005251
scipy-lbfgsb,cold,2,862,11.0841,0.005251
scipy-lbfgsb,cold,2,1065,13.6831,0.005171
scipy-lbfgsb,cold,2,1066,13.6955,0.005171
scipy-lbfgsb,cold,2,1068,13.7196,0.005171
scipy-lbfgsb,cold,2,1090,13.9990,0.005171
scipy-lbfgsb,cold,2,1092,14.0234,0.005171
scipy-lbfgsb,cold,2,1128,14.4770,0.005171
scipy-lbfgsb,cold,2,1331,17.0988,0.005164
scipy-lbfgsb,cold,2,1332,17.1135,0.005164
scipy-lbfgsb,cold,2,1334,17.1383,0.005164
scipy-lbfgsb,cold,2,1358,17.4343,0.005164
scipy-lbfgsb,cold,2,1394,17.9037,0.005164
scipy-lbfgsb,cold,2,1597,20.4403,0.005148
scipy-lbfgsb,cold,2,1598,20.4534,0.005148
scipy-lbfgsb,cold,2,1600,20.4783,0.005148
scipy-lbfgsb,cold,2,1624,20.8026,0.005148
scipy-lbfgsb,cold,2,1660,21.2895,0.005148
scipy-lbfgsb,cold,2,1863,24.1498,0.005023
scipy-lbfgsb,cold,2,1864,24.1630,0.005023
scipy-lbfgsb,cold,2,1866,24.1884,0.005023
scipy-lbfgsb,cold,2,1888,24.4816,0.005023
scipy-lbfgsb,cold,2,1890,24.5152,0.005023
scipy-lbfgsb,cold,2,1926,25.0185,0.005022
scipy-lbfgsb,cold,2,1996,25.8989,0.005007
scipy-lbfgsb,cold,2,1998,25.9486,0.005007
scipy-lbfgsb,cold,2,2000,25.9977,0.005007
scipy-lbfgsb,cold,3,0,0.0000,0.005521
scipy-lbfgsb,cold,3,10,0.1306,0.005521
scipy-lbfgsb,cold,3,11,0.1417,0.005521
scipy-lbfgsb,cold,3,26,0.3199,0.005521
scipy-lbfgsb,cold,3,58,0.7320,0.005521
scipy-lbfgsb,cold,3,64,0.8233,0.005521
scipy-lbfgsb,cold,3,134,1.7417,0.005456
scipy-lbfgsb,cold,3,143,1.8556,0.005456
scipy-lbfgsb,cold,3,144,1.8689,0.005456
scipy-lbfgsb,cold,3,159,2.0582,0.005456
scipy-lbfgsb,cold,3,191,2.4473,0.005456
scipy-lbfgsb,cold,3,197,2.5167,0.005455
scipy-lbfgsb,cold,3,267,3.3946,0.005384
scipy-lbfgsb,cold,3,276,3.5082,0.005384
scipy-lbfgsb,cold,3,277,3.5210,0.005384
scipy-lbfgsb,cold,3,292,3.7081,0.005384
scipy-lbfgsb,cold,3,324,4.1017,0.005384
scipy-lbfgsb,cold,3,330,4.1749,0.005383
scipy-lbfgsb,cold,3,400,5.0117,0.005322
scipy-lbfgsb,cold,3,409,5.1173,0.005322
scipy-lbfgsb,cold,3,425,5.3041,0.005322
scipy-lbfgsb,cold,3,457,5.7012,0.005322
scipy-lbfgsb,cold,3,463,5.7697,0.005322
scipy-lbfgsb,cold,3,533,6.5729,0.005244
scipy-lbfgsb,cold,3,542,6.6806,0.005244
scipy-lbfgsb,cold,3,558,6.8741,0.005244
scipy-lbfgsb,cold,3,590,7.2920,0.005244
scipy-lbfgsb,cold,3,666,8.2180,0.005186
scipy-lbfgsb,cold,3,675,8.3245,0.005186
scipy-lbfgsb,cold,3,691,8.5199,0.005186
scipy-lbfgsb,cold,3,723,8.9119,0.005186
scipy-lbfgsb,cold,3,730,8.9932,0.005186
scipy-lbfgsb,cold,3,932,11.3931,0.005108
scipy-lbfgsb,cold,3,941,11.5047,0.005108
scipy-lbfgsb,cold,3,957,11.7011,0.005108
scipy-lbfgsb,cold,3,989,12.0871,0.005108
scipy-lbfgsb,cold,3,998,12.1954,0.005108
scipy-lbfgsb,cold,3,1065,13.0043,0.005056
scipy-lbfgsb,cold,3,1074,13.1687,0.005056
scipy-lbfgsb,cold,3,1090,13.3685,0.005056
scipy-lbfgsb,cold,3,1122,13.7657,0.005056
scipy-lbfgsb,cold,3,1131,13.9001,0.005055
scipy-lbfgsb,cold,3,1331,16.5835,0.005026
scipy-lbfgsb,cold,3,1340,16.7208,0.005026
scipy-lbfgsb,cold,3,1356,16.9379,0.005026
scipy-lbfgsb,cold,3,1389,17.3942,0.005026
scipy-lbfgsb,cold,3,1464,18.4327,0.005010
scipy-lbfgsb,cold,3,1473,18.6183,0.005010
scipy-lbfgsb,cold,3,1489,18.8486,0.005010
scipy-lbfgsb,cold,3,1521,19.2237,0.005010
scipy-lbfgsb,cold,3,1522,19.2356,0.005010
scipy-lbfgsb,cold,3,1529,19.3170,0.005010
scipy-lbfgsb,cold,3,1550,19.5629,0.005010
scipy-lbfgsb,cold,3,1597,20.1377,0.004991
scipy-lbfgsb,cold,3,1606,20.3087,0.004991
scipy-lbfgsb,cold,3,1622,20.5153,0.004991
scipy-lbfgsb,cold,3,1654,20.9193,0.004991
scipy-lbfgsb,cold,3,1655,20.9317,0.004991
scipy-lbfgsb,cold,3,1662,21.0151,0.004991
scipy-lbfgsb,cold,3,1683,21.2718,0.004991
scipy-lbfgsb,cold,3,1730,21.9637,0.004958
scipy-lbfgsb,cold,3,1739,22.0827,0.004958
scipy-lbfgsb,cold,3,1755,22.2848,0.004958
scipy-lbfgsb,cold,3,1788,22.6834,0.004958
scipy-lbfgsb,cold,3,1795,22.7699,0.004958
scipy-lbfgsb,cold,3,1796,22.7829,0.004958
scipy-lbfgsb,cold,3,1863,23.6852,0.004914
scipy-lbfgsb,cold,3,1872,23.7950,0.004914
scipy-lbfgsb,cold,3,1873,23.8074,0.004914
scipy-lbfgsb,cold,3,1888,23.9894,0.004914
scipy-lbfgsb,cold,3,1920,24.3687,0.004914
scipy-lbfgsb,cold,3,1926,24.4389,0.004914
scipy-lbfgsb,cold,3,1927,24.4500,0.004913
scipy-lbfgsb,cold,3,1996,25.2656,0.004899
scipy-lbfgsb,cold,4,0,0.0000,0.005913
scipy-lbfgsb,cold,4,2,0.0388,0.005913
scipy-lbfgsb,cold,4,4,0.0634,0.005913
scipy-lbfgsb,cold,4,11,0.1466,0.005913
scipy-lbfgsb,cold,4,17,0.2186,0.005913
scipy-lbfgsb,cold,4,27,0.3694,0.005913
scipy-lbfgsb,cold,4,29,0.4014,0.005913
scipy-lbfgsb,cold,4,68,0.9071,0.005913
scipy-lbfgsb,cold,4,79,1.0398,0.005913
scipy-lbfgsb,cold,4,110,1.4149,0.005913
scipy-lbfgsb,cold,4,122,1.5659,0.005913
scipy-lbfgsb,cold,4,136,1.7301,0.005906
scipy-lbfgsb,cold,4,137,1.7422,0.005906
scipy-lbfgsb,cold,4,139,1.7657,0.005906
scipy-lbfgsb,cold,4,146,1.8562,0.005906
scipy-lbfgsb,cold,4,152,1.9312,0.005906
scipy-lbfgsb,cold,4,162,2.0521,0.005905
scipy-lbfgsb,cold,4,164,2.0751,0.005905
scipy-lbfgsb,cold,4,203,2.5298,0.005905
scipy-lbfgsb,cold,4,214,2.6630,0.005905
scipy-lbfgsb,cold,4,245,3.0471,0.005905
scipy-lbfgsb,cold,4,257,3.2228,0.005905
scipy-lbfgsb,cold,4,271,3.3944,0.005566
scipy-lbfgsb,cold,4,272,3.4076,0.005566
scipy-lbfgsb,cold,4,274,3.4339,0.005566
scipy-lbfgsb,cold,4,281,3.5240,0.005566
scipy-lbfgsb,cold,4,287,3.5994,0.005566
scipy-lbfgsb,cold,4,297,3.7254,0.005566
scipy-lbfgsb,cold,4,299,3.7506,0.005566
scipy-lbfgsb,cold,4,334,4.1782,0.005566
scipy-lbfgsb,cold,4,338,4.2266,0.005566
scipy-lbfgsb,cold,4,393,4.9061,0.005566
scipy-lbfgsb,cold,4,406,5.0730,0.005275
scipy-lbfgsb,cold,4,407,5.0849,0.005275
scipy-lbfgsb,cold,4,409,5.1097,0.005275
scipy-lbfgsb,cold,4,416,5.1910,0.005275
scipy-lbfgsb,cold,4,422,5.2616,0.005275
scipy-lbfgsb,cold,4,431,5.3620,0.005275
scipy-lbfgsb,cold,4,433,5.3842,0.005275
scipy-lbfgsb,cold,4,443,5.4992,0.005275
scipy-lbfgsb,cold,4,444,5.5106,0.005275
scipy-lbfgsb,cold,4,469,5.8003,0.005275
scipy-lbfgsb,cold,4,538,6.6035,0.005275
scipy-lbfgsb,cold,4,541,6.6650,0.005266
scipy-lbfgsb,cold,4,542,6.7575,0.005266
scipy-lbfgsb,cold,4,544,6.7858,0.005266
scipy-lbfgsb,cold,4,551,6.8702,0.005266
scipy-lbfgsb,cold,4,557,6.9401,0.005266
scipy-lbfgsb,cold,4,566,7.0523,0.005266
scipy-lbfgsb,cold,4,568,7.0766,0.005266
scipy-lbfgsb,cold,4,578,7.2887,0.005266
scipy-lbfgsb,cold,4,604,7.6214,0.005266
scipy-lbfgsb,cold,4,672,8.4714,0.005266
scipy-lbfgsb,cold,4,675,8.5107,0.005266
scipy-lbfgsb,cold,4,676,8.6507,0.005223
scipy-lbfgsb,cold,4,677,8.6639,0.005223
scipy-lbfgsb,cold,4,679,8.6891,0.005223
scipy-lbfgsb,cold,4,686,8.7763,0.005223
scipy-lbfgsb,cold,4,692,8.8549,0.005223
scipy-lbfgsb,cold,4,701,8.9774,0.005223
scipy-lbfgsb,cold,4,703,9.0039,0.005222
scipy-lbfgsb,cold,4,714,9.1603,0.005222
scipy-lbfgsb,cold,4,739,9.4556,0.005222
scipy-lbfgsb,cold,4,811,10.4337,0.005159
scipy-lbfgsb,cold,4,812,10.4470,0.005159
scipy-lbfgsb,cold,4,814,10.4724,0.005159
scipy-lbfgsb,cold,4,821,10.5582,0.005159
scipy-lbfgsb,cold,4,827,10.6302,0.005159
scipy-lbfgsb,cold,4,836,10.7375,0.005159
scipy-lbfgsb,cold,4,838,10.7645,0.005159
scipy-lbfgsb,cold,4,848,10.8987,0.005159
scipy-lbfgsb,cold,4,849,10.9115,0.005159
scipy-lbfgsb,cold,4,874,11.2348,0.005159
scipy-lbfgsb,cold,4,1081,13.9972,0.005016
scipy-lbfgsb,cold,4,1082,14.0092,0.005016
scipy-lbfgsb,cold,4,1084,14.0321,0.005016
scipy-lbfgsb,cold,4,1091,14.1124,0.005016
scipy-lbfgsb,cold,4,1097,14.1852,0.005016
scipy-lbfgsb,cold,4,1106,14.2919,0.005016
scipy-lbfgsb,cold,4,1108,14.3167,0.005016
scipy-lbfgsb,cold,4,1118,14.4341,0.005016
scipy-lbfgsb,cold,4,1119,14.4462,0.005016
scipy-lbfgsb,cold,4,1176,15.1481,0.005016
scipy-lbfgsb,cold,4,1212,15.5727,0.005016
scipy-lbfgsb,cold,4,1214,15.5959,0.005016
scipy-lbfgsb,cold,4,1216,15.6385,0.004938
scipy-lbfgsb,cold,4,1217,15.7022,0.004938
scipy-lbfgsb,cold,4,1219,15.7453,0.004938
scipy-lbfgsb,cold,4,1226,15.8367,0.004938
scipy-lbfgsb,cold,4,1232,15.9167,0.004938
scipy-lbfgsb,cold,4,1242,16.0474,0.004938
scipy-lbfgsb,cold,4,1253,16.1838,0.004938
scipy-lbfgsb,cold,4,1254,16.1981,0.004938
scipy-lbfgsb,cold,4,1278,16.4889,0.004938
scipy-lbfgsb,cold,4,1280,16.5116,0.004938
scipy-lbfgsb,cold,4,1351,17.3875,0.004885
scipy-lbfgsb,cold,4,1352,17.4113,0.004885
scipy-lbfgsb,cold,4,1354,17.4546,0.004885
scipy-lbfgsb,cold,4,1361,17.5501,0.004885
scipy-lbfgsb,cold,4,1367,17.6268,0.004885
scipy-lbfgsb,cold,4,1377,17.7410,0.004885
scipy-lbfgsb,cold,4,1379,17.7630,0.004885
scipy-lbfgsb,cold,4,1413,18.1695,0.004885
scipy-lbfgsb,cold,4,1419,18.2377,0.004885
scipy-lbfgsb,cold,4,1483,18.9830,0.004885
scipy-lbfgsb,cold,4,1486,19.0428,0.004843
scipy-lbfgsb,cold,4,1487,19.0676,0.004843
scipy-lbfgsb,cold,4,1489,19.1158,0.004843
scipy-lbfgsb,cold,4,1496,19.2069,0.004843
scipy-lbfgsb,cold,4,1502,19.2780,0.004843
scipy-lbfgsb,cold,4,1511,19.3813,0.004843
scipy-lbfgsb,cold,4,1513,19.4048,0.004843
scipy-lbfgsb,cold,4,1523,19.5218,0.004843
scipy-lbfgsb,cold,4,1549,19.8207,0.004843
scipy-lbfgsb,cold,4,1620,20.6594,0.004843
scipy-lbfgsb,cold,4,1621,20.7538,0.004814
scipy-lbfgsb,cold,4,1622,20.7972,0.004814
scipy-lbfgsb,cold,4,1624,20.8211,0.004814
scipy-lbfgsb,cold,4,1631,20.9019,0.004814
scipy-lbfgsb,cold,4,1637,20.9762,0.004814
scipy-lbfgsb,cold,4,1647,21.1048,0.004814
scipy-lbfgsb,cold,4,1684,21.5770,0.004814
scipy-lbfgsb,cold,4,1714,21.9457,0.004814
scipy-lbfgsb,cold,4,1756,22.4919,0.004795
scipy-lbfgsb,cold,4,1757,22.5168,0.004795
scipy-lbfgsb,cold,4,1759,22.5970,0.004795
scipy-lbfgsb,cold,4,1766,22.6781,0.004795
scipy-lbfgsb,cold,4,1772,22.7481,0.004795
scipy-lbfgsb,cold,4,1782,22.8919,0.004795
scipy-lbfgsb,cold,4,1821,23.4052,0.004795
scipy-lbfgsb,cold,4,1849,23.8550,0.004795
scipy-lbfgsb,cold,4,1891,24.3872,0.004739
scipy-lbfgsb,cold,4,1892,24.4210,0.004739
scipy-lbfgsb,cold,4,1894,24.4859,0.004739
scipy-lbfgsb,cold,4,1901,24.5848,0.004739
scipy-lbfgsb,cold,4,1907,24.6573,0.004739
scipy-lbfgsb,cold,4,1917,24.7820,0.004739
scipy-lbfgsb,cold,4,1919,24.8086,0.004739
scipy-lbfgsb,cold,4,1928,24.9247,0.004739
scipy-lbfgsb,cold,4,1953,25.2356,0.004739
scipy-lbfgsb,cold,4,1955,25.2621,0.004739
scipy-lbfgsb,cold,5,0,0.0000,0.005789
scipy-lbfgsb,cold,5,12,0.1594,0.005789
scipy-lbfgsb,cold,5,13,0.1711,0.005789
scipy-lbfgsb,cold,5,24,0.3048,0.005789
scipy-lbfgsb,cold,5,25,0.3168,0.005789
scipy-lbfgsb,cold,5,26,0.3291,0.005789
scipy-lbfgsb,cold,5,63,0.7708,0.005789
scipy-lbfgsb,cold,5,75,0.9104,0.005789
scipy-lbfgsb,cold,5,110,1.3188,0.005789
scipy-lbfgsb,cold,5,132,1.5763,0.005787
scipy-lbfgsb,cold,5,143,1.7114,0.005787
scipy-lbfgsb,cold,5,144,1.7239,0.005787
scipy-lbfgsb,cold,5,155,1.8566,0.005787
scipy-lbfgsb,cold,5,156,1.8687,0.005787
scipy-lbfgsb,cold,5,157,1.8811,0.005787
scipy-lbfgsb,cold,5,194,2.3154,0.005787
scipy-lbfgsb,cold,5,206,2.4589,0.005787
scipy-lbfgsb,cold,5,241,2.8714,0.005787
scipy-lbfgsb,cold,5,263,3.1306,0.005617
scipy-lbfgsb,cold,5,272,3.2337,0.005617
scipy-lbfgsb,cold,5,275,3.2684,0.005617
scipy-lbfgsb,cold,5,287,3.4107,0.005617
scipy-lbfgsb,cold,5,288,3.4224,0.005617
scipy-lbfgsb,cold,5,353,4.2012,0.005617
scipy-lbfgsb,cold,5,385,4.5824,0.005617
scipy-lbfgsb,cold,5,394,4.6971,0.005448
scipy-lbfgsb,cold,5,395,4.7089,0.005448
scipy-lbfgsb,cold,5,418,4.9922,0.005448
scipy-lbfgsb,cold,5,513,6.2014,0.005448
scipy-lbfgsb,cold,5,525,6.3626,0.005330
scipy-lbfgsb,cold,5,526,6.3872,0.005330
scipy-lbfgsb,cold,5,551,6.7205,0.005330
scipy-lbfgsb,cold,5,582,7.0906,0.005330
scipy-lbfgsb,cold,5,615,7.5007,0.005330
scipy-lbfgsb,cold,5,630,7.6816,0.005330
scipy-lbfgsb,cold,5,632,7.7054,0.005330
scipy-lbfgsb,cold,5,787,9.7032,0.005250
scipy-lbfgsb,cold,5,788,9.7170,0.005250
scipy-lbfgsb,cold,5,844,10.4473,0.005250
scipy-lbfgsb,cold,5,877,10.8416,0.005250
scipy-lbfgsb,cold,5,909,11.2339,0.005250
scipy-lbfgsb,cold,5,1049,13.0851,0.005242
scipy-lbfgsb,cold,5,1050,13.0975,0.005242
scipy-lbfgsb,cold,5,1074,13.4350,0.005242
scipy-lbfgsb,cold,5,1085,13.5770,0.005242
scipy-lbfgsb,cold,5,1168,14.6114,0.005242
scipy-lbfgsb,cold,5,1180,14.7504,0.005231
scipy-lbfgsb,cold,5,1181,14.7621,0.005231
scipy-lbfgsb,cold,5,1205,15.0355,0.005231
scipy-lbfgsb,cold,5,1216,15.2479,0.005231
scipy-lbfgsb,cold,5,1237,15.4863,0.005231
scipy-lbfgsb,cold,5,1270,15.8622,0.005231
scipy-lbfgsb,cold,5,1299,16.2045,0.005231
scipy-lbfgsb,cold,5,1442,17.9711,0.005195
scipy-lbfgsb,cold,5,1443,17.9830,0.005195
scipy-lbfgsb,cold,5,1499,18.6352,0.005195
scipy-lbfgsb,cold,5,1532,19.0238,0.005195
scipy-lbfgsb,cold,5,1561,19.3584,0.005195
scipy-lbfgsb,cold,5,1573,19.5079,0.005137
scipy-lbfgsb,cold,5,1574,19.5319,0.005137
scipy-lbfgsb,cold,5,1596,19.8265,0.005137
scipy-lbfgsb,cold,5,1630,20.2274,0.005137
scipy-lbfgsb,cold,5,1681,20.8606,0.005137
scipy-lbfgsb,cold,5,1683,20.8841,0.005137
scipy-lbfgsb,cold,5,1835,22.7252,0.005116
scipy-lbfgsb,cold,5,1836,22.7369,0.005116
scipy-lbfgsb,cold,5,1858,22.9845,0.005116
scipy-lbfgsb,cold,5,1892,23.3831,0.005116
scipy-lbfgsb,cold,5,1942,23.9559,0.005116
scipy-lbfgsb,cold,5,1943,23.9669,0.005116
scipy-lbfgsb,cold,5,1966,24.2362,0.005104
scipy-lbfgsb,cold,5,1967,24.2600,0.005104
scipy-lbfgsb,cold,5,1989,24.5610,0.005104
scipy-lbfgsb,cold,6,0,0.0000,0.005952
scipy-lbfgsb,cold,6,2,0.0389,0.005952
scipy-lbfgsb,cold,6,6,0.1102,0.005952
scipy-lbfgsb,cold,6,17,0.2513,0.005952
scipy-lbfgsb,cold,6,32,0.4354,0.005952
scipy-lbfgsb,cold,6,40,0.5326,0.005952
scipy-lbfgsb,cold,6,61,0.8043,0.005952
scipy-lbfgsb,cold,6,63,0.8285,0.005952
scipy-lbfgsb,cold,6,65,0.8534,0.005952
scipy-lbfgsb,cold,6,108,1.3744,0.005952
scipy-lbfgsb,cold,6,116,1.4670,0.005952
scipy-lbfgsb,cold,6,148,1.8465,0.005947
scipy-lbfgsb,cold,6,149,1.8604,0.005947
scipy-lbfgsb,cold,6,153,1.9112,0.005947
scipy-lbfgsb,cold,6,164,2.0417,0.005947
scipy-lbfgsb,cold,6,187,2.3147,0.005947
scipy-lbfgsb,cold,6,208,2.5709,0.005947
scipy-lbfgsb,cold,6,210,2.5949,0.005947
scipy-lbfgsb,cold,6,212,2.6216,0.005947
scipy-lbfgsb,cold,6,255,3.1605,0.005947
scipy-lbfgsb,cold,6,263,3.2560,0.005947
scipy-lbfgsb,cold,6,442,5.4562,0.005885
scipy-lbfgsb,cold,6,447,5.5190,0.005885
scipy-lbfgsb,cold,6,455,5.6148,0.005885
scipy-lbfgsb,cold,6,457,5.6409,0.005885
scipy-lbfgsb,cold,6,471,5.8056,0.005885
scipy-lbfgsb,cold,6,472,5.8176,0.005885
scipy-lbfgsb,cold,6,481,5.9235,0.005885
scipy-lbfgsb,cold,6,504,6.2117,0.005885
scipy-lbfgsb,cold,6,506,6.2366,0.005885
scipy-lbfgsb,cold,6,527,6.4965,0.005885
scipy-lbfgsb,cold,6,528,6.5088,0.005885
scipy-lbfgsb,cold,6,589,7.2807,0.005854
scipy-lbfgsb,cold,6,594,7.3427,0.005854
scipy-lbfgsb,cold,6,605,7.4809,0.005854
scipy-lbfgsb,cold,6,619,7.6593,0.005854
scipy-lbfgsb,cold,6,620,7.6720,0.005854
scipy-lbfgsb,cold,6,628,7.7743,0.005854
scipy-lbfgsb,cold,6,651,8.1530,0.005854
scipy-lbfgsb,cold,6,653,8.1790,0.005854
scipy-lbfgsb,cold,6,674,8.4518,0.005854
scipy-lbfgsb,cold,6,736,9.2223,0.005836
scipy-lbfgsb,cold,6,741,9.2818,0.005836
scipy-lbfgsb,cold,6,752,9.4094,0.005836
scipy-lbfgsb,cold,6,766,9.5699,0.005836
scipy-lbfgsb,cold,6,767,9.5820,0.005836
scipy-lbfgsb,cold,6,775,9.6740,0.005836
scipy-lbfgsb,cold,6,798,9.9512,0.005836
scipy-lbfgsb,cold,6,800,9.9743,0.005836
scipy-lbfgsb,cold,6,821,10.2229,0.005836
scipy-lbfgsb,cold,6,841,10.4633,0.005836
scipy-lbfgsb,cold,6,851,10.5913,0.005836
scipy-lbfgsb,cold,6,883,11.0023,0.005773
scipy-lbfgsb,cold,6,884,11.0147,0.005773
scipy-lbfgsb,cold,6,886,11.0386,0.005773
scipy-lbfgsb,cold,6,888,11.0628,0.005773
scipy-lbfgsb,cold,6,898,11.1906,0.005773
scipy-lbfgsb,cold,6,899,11.2023,0.005773
scipy-lbfgsb,cold,6,910,11.3381,0.005773
scipy-lbfgsb,cold,6,913,11.3745,0.005773
scipy-lbfgsb,cold,6,914,11.3874,0.005773
scipy-lbfgsb,cold,6,922,11.4877,0.005773
scipy-lbfgsb,cold,6,968,12.0729,0.005773
scipy-lbfgsb,cold,6,969,12.0868,0.005773
scipy-lbfgsb,cold,6,1030,12.8589,0.005731
scipy-lbfgsb,cold,6,1031,12.8715,0.005731
scipy-lbfgsb,cold,6,1046,13.0812,0.005731
scipy-lbfgsb,cold,6,1061,13.2666,0.005731
scipy-lbfgsb,cold,6,1069,13.3622,0.005731
scipy-lbfgsb,cold,6,1116,13.9315,0.005731
scipy-lbfgsb,cold,6,1177,14.6727,0.005696
scipy-lbfgsb,cold,6,1178,14.6979,0.005696
scipy-lbfgsb,cold,6,1190,14.8964,0.005696
scipy-lbfgsb,cold,6,1192,14.9225,0.005696
scipy-lbfgsb,cold,6,1193,14.9353,0.005696
scipy-lbfgsb,cold,6,1204,15.0766,0.005696
scipy-lbfgsb,cold,6,1208,15.1256,0.005696
scipy-lbfgsb,cold,6,1213,15.1860,0.005696
scipy-lbfgsb,cold,6,1263,15.8322,0.005695
scipy-lbfgsb,cold,6,1324,16.6084,0.005654
scipy-lbfgsb,cold,6,1337,16.8249,0.005654
scipy-lbfgsb,cold,6,1339,16.8517,0.005654
scipy-lbfgsb,cold,6,1351,16.9995,0.005654
scipy-lbfgsb,cold,6,1355,17.0503,0.005654
scipy-lbfgsb,cold,6,1363,17.1462,0.005654
scipy-lbfgsb,cold,6,1409,17.6858,0.005654
scipy-lbfgsb,cold,6,1471,18.4807,0.005615
scipy-lbfgsb,cold,6,1476,18.5961,0.005615
scipy-lbfgsb,cold,6,1484,18.6999,0.005615
scipy-lbfgsb,cold,6,1486,18.7253,0.005615
scipy-lbfgsb,cold,6,1498,18.8758,0.005615
scipy-lbfgsb,cold,6,1502,18.9257,0.005615
scipy-lbfgsb,cold,6,1508,18.9997,0.005615
scipy-lbfgsb,cold,6,1556,19.5643,0.005615
scipy-lbfgsb,cold,6,1618,20.3247,0.005590
scipy-lbfgsb,cold,6,1619,20.3486,0.005590
scipy-lbfgsb,cold,6,1621,20.3967,0.005590
scipy-lbfgsb,cold,6,1623,20.4337,0.005590
scipy-lbfgsb,cold,6,1631,20.5326,0.005590
scipy-lbfgsb,cold,6,1634,20.5708,0.005590
scipy-lbfgsb,cold,6,1645,20.7138,0.005590
scipy-lbfgsb,cold,6,1649,20.7643,0.005590
scipy-lbfgsb,cold,6,1655,20.8385,0.005590
scipy-lbfgsb,cold,6,1703,21.4324,0.005590
scipy-lbfgsb,cold,6,1705,21.4566,0.005590
scipy-lbfgsb,cold,6,1759,22.1576,0.005590
scipy-lbfgsb,cold,6,1765,22.2452,0.005553
scipy-lbfgsb,cold,6,1766,22.2689,0.005553
scipy-lbfgsb,cold,6,1778,22.4587,0.005553
scipy-lbfgsb,cold,6,1781,22.4983,0.005553
scipy-lbfgsb,cold,6,1796,22.6800,0.005553
scipy-lbfgsb,cold,6,1799,22.7184,0.005553
scipy-lbfgsb,cold,6,1801,22.7425,0.005553
scipy-lbfgsb,cold,6,1912,24.0846,0.005525
scipy-lbfgsb,cold,6,1913,24.1085,0.005525
scipy-lbfgsb,cold,6,1925,24.2968,0.005525
scipy-lbfgsb,cold,6,1928,24.3322,0.005525
scipy-lbfgsb,cold,6,1943,24.6198,0.005525
scipy-lbfgsb,cold,6,1946,24.6577,0.005525
scipy-lbfgsb,cold,6,1948,24.6819,0.005525
scipy-lbfgsb,cold,7,0,0.0000,0.005712
scipy-lbfgsb,cold,7,2,0.0375,0.005712
scipy-lbfgsb,cold,7,26,0.3406,0.005712
scipy-lbfgsb,cold,7,69,0.9077,0.005711
scipy-lbfgsb,cold,7,138,1.7731,0.005547
scipy-lbfgsb,cold,7,139,1.7854,0.005547
scipy-lbfgsb,cold,7,163,2.0739,0.005546
scipy-lbfgsb,cold,7,206,2.5967,0.005546
scipy-lbfgsb,cold,7,275,3.4365,0.005488
scipy-lbfgsb,cold,7,279,3.4870,0.005488
scipy-lbfgsb,cold,7,280,3.4991,0.005488
scipy-lbfgsb,cold,7,300,3.7469,0.005488
scipy-lbfgsb,cold,7,342,4.2528,0.005488
scipy-lbfgsb,cold,7,378,4.6882,0.005488
scipy-lbfgsb,cold,7,379,4.6996,0.005487
scipy-lbfgsb,cold,7,412,5.0966,0.005225
scipy-lbfgsb,cold,7,413,5.1094,0.005225
scipy-lbfgsb,cold,7,417,5.1568,0.005225
scipy-lbfgsb,cold,7,438,5.4117,0.005225
scipy-lbfgsb,cold,7,516,6.3440,0.005225
scipy-lbfgsb,cold,7,549,6.7473,0.005213
scipy-lbfgsb,cold,7,550,6.7716,0.005213
scipy-lbfgsb,cold,7,554,6.8600,0.005213
scipy-lbfgsb,cold,7,574,7.1045,0.005213
scipy-lbfgsb,cold,7,617,7.6244,0.005213
scipy-lbfgsb,cold,7,686,8.5775,0.005211
scipy-lbfgsb,cold,7,687,8.5916,0.005211
scipy-lbfgsb,cold,7,691,8.6402,0.005211
scipy-lbfgsb,cold,7,711,8.8772,0.005211
scipy-lbfgsb,cold,7,753,9.3847,0.005211
scipy-lbfgsb,cold,7,790,9.8207,0.005211
scipy-lbfgsb,cold,7,823,10.3499,0.005210
scipy-lbfgsb,cold,7,824,10.3624,0.005210
scipy-lbfgsb,cold,7,828,10.4092,0.005210
scipy-lbfgsb,cold,7,890,11.1535,0.005210
scipy-lbfgsb,cold,7,960,11.9717,0.005208
scipy-lbfgsb,cold,7,961,11.9955,0.005208
scipy-lbfgsb,cold,7,965,12.0839,0.005208
scipy-lbfgsb,cold,7,1027,12.8054,0.005208
scipy-lbfgsb,cold,7,1097,13.6278,0.005202
scipy-lbfgsb,cold,7,1098,13.6513,0.005202
scipy-lbfgsb,cold,7,1102,13.7383,0.005202
scipy-lbfgsb,cold,7,1123,13.9807,0.005202
scipy-lbfgsb,cold,7,1234,15.2948,0.005200
scipy-lbfgsb,cold,7,1235,15.3117,0.005200
scipy-lbfgsb,cold,7,1239,15.3994,0.005200
scipy-lbfgsb,cold,7,1260,15.6740,0.005200
scipy-lbfgsb,cold,7,1371,17.1771,0.005199
scipy-lbfgsb,cold,7,1372,17.1887,0.005199
scipy-lbfgsb,cold,7,1376,17.2332,0.005199
scipy-lbfgsb,cold,7,1438,17.9367,0.005199
scipy-lbfgsb,cold,7,1439,17.9478,0.005199
scipy-lbfgsb,cold,7,1474,18.3444,0.005199
scipy-lbfgsb,cold,7,1475,18.3569,0.005199
scipy-lbfgsb,cold,7,1508,18.7509,0.005199
scipy-lbfgsb,cold,7,1509,18.7705,0.005199
scipy-lbfgsb,cold,7,1513,18.8548,0.005199
scipy-lbfgsb,cold,7,1575,19.5921,0.005199
scipy-lbfgsb,cold,7,1576,19.6045,0.005199
scipy-lbfgsb,cold,7,1612,20.0588,0.005199
scipy-lbfgsb,cold,7,1645,20.4877,0.005198
scipy-lbfgsb,cold,7,1646,20.5116,0.005198
scipy-lbfgsb,cold,7,1650,20.5996,0.005198
scipy-lbfgsb,cold,7,1671,20.9183,0.005198
scipy-lbfgsb,cold,7,1713,21.4684,0.005198
scipy-lbfgsb,cold,7,1782,22.3554,0.005197
scipy-lbfgsb,cold,7,1783,22.3798,0.005197
scipy-lbfgsb,cold,7,1787,22.4688,0.005197
scipy-lbfgsb,cold,7,1808,22.7285,0.005197
scipy-lbfgsb,cold,7,1850,23.2626,0.005197
scipy-lbfgsb,cold,7,1919,24.1238,0.005191
scipy-lbfgsb,cold,7,1920,24.1477,0.005191
scipy-lbfgsb,cold,7,1924,24.2369,0.005191
scipy-lbfgsb,cold,7,1945,24.5132,0.005191
scipy-lbfgsb,cold,7,1987,25.0661,0.005191
scipy-lbfgsb,cold,8,0,0.0000,0.006069
scipy-lbfgsb,cold,8,2,0.0380,0.006069
scipy-lbfgsb,cold,8,4,0.0639,0.006069
scipy-lbfgsb,cold,8,6,0.0886,0.006069
scipy-lbfgsb,cold,8,22,0.3112,0.006069
scipy-lbfgsb,cold,8,34,0.4636,0.006069
scipy-lbfgsb,cold,8,140,1.7896,0.006047
scipy-lbfgsb,cold,8,141,1.8041,0.006047
scipy-lbfgsb,cold,8,143,1.8289,0.006047
scipy-lbfgsb,cold,8,145,1.8537,0.006047
scipy-lbfgsb,cold,8,161,2.0633,0.006047
scipy-lbfgsb,cold,8,173,2.2251,0.006047
scipy-lbfgsb,cold,8,279,3.5435,0.005563
scipy-lbfgsb,cold,8,283,3.5926,0.005563
scipy-lbfgsb,cold,8,296,3.7573,0.005563
scipy-lbfgsb,cold,8,300,3.8061,0.005563
scipy-lbfgsb,cold,8,347,4.3643,0.005563
scipy-lbfgsb,cold,8,386,4.8174,0.005563
scipy-lbfgsb,cold,8,418,5.2116,0.005405
scipy-lbfgsb,cold,8,428,5.3326,0.005405
scipy-lbfgsb,cold,8,436,5.4344,0.005405
scipy-lbfgsb,cold,8,452,5.6377,0.005405
scipy-lbfgsb,cold,8,484,6.0290,0.005405
scipy-lbfgsb,cold,8,509,6.3279,0.005405
scipy-lbfgsb,cold,8,557,6.9177,0.005296
scipy-lbfgsb,cold,8,567,7.0960,0.005296
scipy-lbfgsb,cold,8,574,7.1862,0.005296
scipy-lbfgsb,cold,8,615,7.7237,0.005296
scipy-lbfgsb,cold,8,617,7.7500,0.005296
scipy-lbfgsb,cold,8,696,8.8443,0.005149
scipy-lbfgsb,cold,8,706,8.9895,0.005149
scipy-lbfgsb,cold,8,712,9.0718,0.005149
scipy-lbfgsb,cold,8,713,9.0835,0.005149
scipy-lbfgsb,cold,8,729,9.3671,0.005149
scipy-lbfgsb,cold,8,730,9.3787,0.005149
scipy-lbfgsb,cold,8,777,9.9600,0.005149
scipy-lbfgsb,cold,8,805,10.2988,0.005149
scipy-lbfgsb,cold,8,835,10.6696,0.005068
scipy-lbfgsb,cold,8,845,10.8404,0.005068
scipy-lbfgsb,cold,8,851,10.9111,0.005068
scipy-lbfgsb,cold,8,853,10.9346,0.005068
scipy-lbfgsb,cold,8,868,11.1144,0.005068
scipy-lbfgsb,cold,8,974,12.4416,0.004998
scipy-lbfgsb,cold,8,984,12.6128,0.004998
scipy-lbfgsb,cold,8,990,12.6848,0.004998
scipy-lbfgsb,cold,8,992,12.7098,0.004998
scipy-lbfgsb,cold,8,1007,12.9002,0.004998
scipy-lbfgsb,cold,8,1008,12.9122,0.004998
scipy-lbfgsb,cold,8,1113,14.2416,0.004940
scipy-lbfgsb,cold,8,1118,14.3562,0.004940
scipy-lbfgsb,cold,8,1131,14.5269,0.004940
scipy-lbfgsb,cold,8,1134,14.5663,0.004940
scipy-lbfgsb,cold,8,1146,14.7177,0.004940
scipy-lbfgsb,cold,8,1147,14.7301,0.004940
scipy-lbfgsb,cold,8,1391,17.8963,0.004882
scipy-lbfgsb,cold,8,1397,17.9697,0.004882
scipy-lbfgsb,cold,8,1409,18.1331,0.004882
scipy-lbfgsb,cold,8,1424,18.3305,0.004882
scipy-lbfgsb,cold,8,1425,18.3435,0.004882
scipy-lbfgsb,cold,8,1450,18.6693,0.004882
scipy-lbfgsb,cold,8,1501,19.3545,0.004882
scipy-lbfgsb,cold,8,1530,19.7338,0.004840
scipy-lbfgsb,cold,8,1531,19.7576,0.004840
scipy-lbfgsb,cold,8,1533,19.8058,0.004840
scipy-lbfgsb,cold,8,1536,19.8602,0.004840
scipy-lbfgsb,cold,8,1547,19.9964,0.004840
scipy-lbfgsb,cold,8,1552,20.0581,0.004840
scipy-lbfgsb,cold,8,1564,20.2127,0.004840
scipy-lbfgsb,cold,8,1590,20.5488,0.004840
scipy-lbfgsb,cold,8,1669,21.7005,0.004761
scipy-lbfgsb,cold,8,1670,21.7143,0.004761
scipy-lbfgsb,cold,8,1672,21.7403,0.004761
scipy-lbfgsb,cold,8,1675,21.7783,0.004761
scipy-lbfgsb,cold,8,1686,21.9160,0.004761
scipy-lbfgsb,cold,8,1690,21.9646,0.004761
scipy-lbfgsb,cold,8,1703,22.1296,0.004761
scipy-lbfgsb,cold,8,1808,23.4537,0.004695
scipy-lbfgsb,cold,8,1809,23.4780,0.004695
scipy-lbfgsb,cold,8,1811,23.5257,0.004695
scipy-lbfgsb,cold,8,1825,23.7176,0.004695
scipy-lbfgsb,cold,8,1842,23.9416,0.004695
scipy-lbfgsb,cold,8,1947,25.3337,0.004613
scipy-lbfgsb,cold,8,1948,25.3578,0.004613
scipy-lbfgsb,cold,8,1950,25.4056,0.004613
scipy-lbfgsb,cold,8,1964,25.6005,0.004613
scipy-lbfgsb,cold,8,1980,25.8100,0.004613
scipy-lbfgsb,cold,8,1981,25.8232,0.004613
scipy-lbfgsb,cold,9,0,0.0000,0.006701
scipy-lbfgsb,cold,9,2,0.0392,0.006700
scipy-lbfgsb,cold,9,3,0.0527,0.006700
scipy-lbfgsb,cold,9,4,0.0647,0.006700
scipy-lbfgsb,cold,9,5,0.0767,0.006700
scipy-lbfgsb,cold,9,26,0.3376,0.006700
scipy-lbfgsb,cold,9,28,0.3626,0.006700
scipy-lbfgsb,cold,9,71,0.8995,0.006700
scipy-lbfgsb,cold,9,128,1.5783,0.006586
scipy-lbfgsb,cold,9,129,1.5905,0.006586
scipy-lbfgsb,cold,9,130,1.6018,0.006586
scipy-lbfgsb,cold,9,131,1.6132,0.006586
scipy-lbfgsb,cold,9,132,1.6247,0.006586
scipy-lbfgsb,cold,9,153,1.8870,0.006586
scipy-lbfgsb,cold,9,155,1.9100,0.006586
scipy-lbfgsb,cold,9,198,2.4294,0.006585
scipy-lbfgsb,cold,9,255,3.3616,0.006333
scipy-lbfgsb,cold,9,256,3.3770,0.006333
scipy-lbfgsb,cold,9,257,3.3901,0.006333
scipy-lbfgsb,cold,9,258,3.4022,0.006333
scipy-lbfgsb,cold,9,259,3.4153,0.006333
scipy-lbfgsb,cold,9,280,3.6742,0.006333
scipy-lbfgsb,cold,9,282,3.6973,0.006333
scipy-lbfgsb,cold,9,325,4.2218,0.006333
scipy-lbfgsb,cold,9,382,4.9154,0.006124
scipy-lbfgsb,cold,9,383,4.9276,0.006124
scipy-lbfgsb,cold,9,384,4.9393,0.006124
scipy-lbfgsb,cold,9,385,4.9512,0.006124
scipy-lbfgsb,cold,9,386,4.9626,0.006124
scipy-lbfgsb,cold,9,407,5.1988,0.006124
scipy-lbfgsb,cold,9,409,5.2222,0.006124
scipy-lbfgsb,cold,9,509,6.4079,0.006051
scipy-lbfgsb,cold,9,510,6.4201,0.006051
scipy-lbfgsb,cold,9,511,6.4323,0.006051
scipy-lbfgsb,cold,9,512,6.4446,0.006051
scipy-lbfgsb,cold,9,513,6.4569,0.006051
scipy-lbfgsb,cold,9,534,6.7160,0.006051
scipy-lbfgsb,cold,9,536,6.7431,0.006051
scipy-lbfgsb,cold,9,636,8.1043,0.005976
scipy-lbfgsb,cold,9,637,8.1287,0.005976
scipy-lbfgsb,cold,9,638,8.1524,0.005976
scipy-lbfgsb,cold,9,639,8.1723,0.005976
scipy-lbfgsb,cold,9,640,8.1965,0.005976
scipy-lbfgsb,cold,9,661,8.5073,0.005976
scipy-lbfgsb,cold,9,670,8.6478,0.005976
scipy-lbfgsb,cold,9,705,9.1286,0.005976
scipy-lbfgsb,cold,9,763,9.8277,0.005934
scipy-lbfgsb,cold,9,764,9.8516,0.005934
scipy-lbfgsb,cold,9,765,9.8710,0.005934
scipy-lbfgsb,cold,9,766,9.8917,0.005934
scipy-lbfgsb,cold,9,767,9.9111,0.005934
scipy-lbfgsb,cold,9,788,10.1739,0.005934
scipy-lbfgsb,cold,9,797,10.2811,0.005934
scipy-lbfgsb,cold,9,832,10.7069,0.005934
scipy-lbfgsb,cold,9,890,11.4444,0.005922
scipy-lbfgsb,cold,9,891,11.4687,0.005922
scipy-lbfgsb,cold,9,892,11.4923,0.005922
scipy-lbfgsb,cold,9,893,11.5159,0.005922
scipy-lbfgsb,cold,9,894,11.5398,0.005922
scipy-lbfgsb,cold,9,915,11.8083,0.005922
scipy-lbfgsb,cold,9,918,11.8474,0.005922
scipy-lbfgsb,cold,9,960,12.3500,0.005921
scipy-lbfgsb,cold,9,1017,13.1055,0.005856
scipy-lbfgsb,cold,9,1018,13.1193,0.005856
scipy-lbfgsb,cold,9,1019,13.1326,0.005856
scipy-lbfgsb,cold,9,1020,13.1465,0.005856
scipy-lbfgsb,cold,9,1021,13.1597,0.005856
scipy-lbfgsb,cold,9,1042,13.4241,0.005856
scipy-lbfgsb,cold,9,1045,13.4582,0.005856
scipy-lbfgsb,cold,9,1047,13.4810,0.005856
scipy-lbfgsb,cold,9,1144,14.6757,0.005838
scipy-lbfgsb,cold,9,1145,14.6998,0.005838
scipy-lbfgsb,cold,9,1146,14.7236,0.005838
scipy-lbfgsb,cold,9,1147,14.7485,0.005838
scipy-lbfgsb,cold,9,1148,14.7724,0.005838
scipy-lbfgsb,cold,9,1169,15.0300,0.005838
scipy-lbfgsb,cold,9,1172,15.0642,0.005838
scipy-lbfgsb,cold,9,1174,15.0883,0.005838
scipy-lbfgsb,cold,9,1214,15.5528,0.005837
scipy-lbfgsb,cold,9,1271,16.2350,0.005809
scipy-lbfgsb,cold,9,1272,16.2479,0.005809
scipy-lbfgsb,cold,9,1273,16.2591,0.005809
scipy-lbfgsb,cold,9,1274,16.2709,0.005809
scipy-lbfgsb,cold,9,1275,16.2836,0.005809
scipy-lbfgsb,cold,9,1296,16.5481,0.005809
scipy-lbfgsb,cold,9,1299,16.5851,0.005809
scipy-lbfgsb,cold,9,1301,16.6093,0.005809
scipy-lbfgsb,cold,9,1341,17.0962,0.005808
scipy-lbfgsb,cold,9,1398,17.9182,0.005756
scipy-lbfgsb,cold,9,1399,17.9301,0.005756
scipy-lbfgsb,cold,9,1400,17.9421,0.005756
scipy-lbfgsb,cold,9,1401,17.9539,0.005756
scipy-lbfgsb,cold,9,1402,17.9659,0.005756
scipy-lbfgsb,cold,9,1423,18.2202,0.005756
scipy-lbfgsb,cold,9,1427,18.2669,0.005756
scipy-lbfgsb,cold,9,1428,18.2792,0.005756
scipy-lbfgsb,cold,9,1468,18.7549,0.005756
scipy-lbfgsb,cold,9,1525,19.5062,0.005736
scipy-lbfgsb,cold,9,1526,19.5300,0.005736
scipy-lbfgsb,cold,9,1527,19.5538,0.005736
scipy-lbfgsb,cold,9,1528,19.5734,0.005736
scipy-lbfgsb,cold,9,1529,19.5972,0.005736
scipy-lbfgsb,cold,9,1550,19.8491,0.005736
scipy-lbfgsb,cold,9,1554,19.8973,0.005736
scipy-lbfgsb,cold,9,1652,21.0749,0.005723
scipy-lbfgsb,cold,9,1653,21.1002,0.005723
scipy-lbfgsb,cold,9,1654,21.1245,0.005723
scipy-lbfgsb,cold,9,1655,21.1492,0.005723
scipy-lbfgsb,cold,9,1656,21.1734,0.005723
scipy-lbfgsb,cold,9,1677,21.4212,0.005723
scipy-lbfgsb,cold,9,1681,21.4707,0.005723
scipy-lbfgsb,cold,9,1774,22.6564,0.005723
scipy-lbfgsb,cold,9,1779,22.7447,0.005665
scipy-lbfgsb,cold,9,1780,22.7687,0.005665
scipy-lbfgsb,cold,9,1781,22.7922,0.005665
scipy-lbfgsb,cold,9,1782,22.8158,0.005665
scipy-lbfgsb,cold,9,1783,22.8396,0.005665
scipy-lbfgsb,cold,9,1804,23.0875,0.005665
scipy-lbfgsb,cold,9,1805,23.0998,0.005665
scipy-lbfgsb,cold,9,1806,23.1119,0.005665
scipy-lbfgsb,cold,9,1848,23.6052,0.005665
scipy-lbfgsb,cold,9,1906,24.2978,0.005630
scipy-lbfgsb,cold,9,1907,24.3221,0.005630
scipy-lbfgsb,cold,9,1908,24.3462,0.005630
scipy-lbfgsb,cold,9,1909,24.3702,0.005630
scipy-lbfgsb,cold,9,1910,24.3940,0.005630
scipy-lbfgsb,cold,9,1931,24.6514,0.005630
scipy-lbfgsb,cold,9,1932,24.6640,0.005630
scipy-lbfgsb,cold,9,1933,24.6755,0.005630
scipy-powell,cold,0,0,0.0000,0.006022
scipy-powell,cold,0,2,0.0377,0.006017
scipy-powell,cold,0,4,0.0644,0.006016
scipy-powell,cold,0,5,0.0769,0.006015
scipy-powell,cold,0,6,0.0892,0.006015
scipy-powell,cold,0,7,0.1013,0.006015
scipy-powell,cold,0,8,0.1137,0.006015
scipy-powell,cold,0,9,0.1263,0.006015
scipy-powell,cold,0,10,0.1394,0.006015
scipy-powell,cold,0,17,0.2670,0.006015
scipy-powell,cold,0,21,0.3396,0.006015
scipy-powell,cold,0,23,0.3747,0.006015
scipy-powell,cold,0,24,0.3914,0.006015
scipy-powell,cold,0,25,0.4081,0.006015
scipy-powell,cold,0,26,0.4233,0.006015
scipy-powell,cold,0,39,0.5781,0.006015
scipy-powell,cold,0,41,0.6007,0.006014
scipy-powell,cold,0,42,0.6123,0.006014
scipy-powell,cold,0,43,0.6237,0.006014
scipy-powell,cold,0,44,0.6361,0.006014
scipy-powell,cold,0,45,0.6484,0.006014
scipy-powell,cold,0,46,0.6609,0.006014
scipy-powell,cold,0,47,0.6740,0.006014
scipy-powell,cold,0,48,0.6871,0.006014
scipy-powell,cold,0,49,0.6984,0.006014
scipy-powell,cold,0,50,0.7100,0.006014
scipy-powell,cold,0,51,0.7213,0.006014
scipy-powell,cold,0,52,0.7331,0.006014
scipy-powell,cold,0,53,0.7450,0.006014
scipy-powell,cold,0,54,0.7562,0.006014
scipy-powell,cold,0,55,0.7677,0.006014
scipy-powell,cold,0,56,0.7792,0.006014
scipy-powell,cold,0,57,0.7902,0.006014
scipy-powell,cold,0,58,0.8019,0.006014
scipy-powell,cold,0,59,0.8135,0.006014
scipy-powell,cold,0,60,0.8248,0.006014
scipy-powell,cold,0,61,0.8360,0.006014
scipy-powell,cold,0,62,0.8473,0.006014
scipy-powell,cold,0,63,0.8584,0.006014
scipy-powell,cold,0,64,0.8695,0.006014
scipy-powell,cold,0,65,0.8811,0.006014
scipy-powell,cold,0,66,0.8923,0.006014
scipy-powell,cold,0,67,0.9036,0.006014
scipy-powell,cold,0,68,0.9150,0.006014
scipy-powell,cold,0,69,0.9263,0.006014
scipy-powell,cold,0,70,0.9375,0.006014
scipy-powell,cold,0,71,0.9489,0.006014
scipy-powell,cold,0,72,0.9604,0.006014
scipy-powell,cold,0,73,0.9716,0.006014
scipy-powell,cold,0,74,0.9830,0.006014
scipy-powell,cold,0,75,0.9943,0.006014
scipy-powell,cold,0,76,1.0060,0.006014
scipy-powell,cold,0,78,1.0287,0.006013
scipy-powell,cold,0,80,1.0530,0.006013
scipy-powell,cold,0,81,1.0654,0.006013
scipy-powell,cold,0,83,1.0884,0.006013
scipy-powell,cold,0,84,1.0998,0.006013
scipy-powell,cold,0,85,1.1112,0.006013
scipy-powell,cold,0,87,1.1350,0.006013
scipy-powell,cold,0,88,1.1473,0.006013
scipy-powell,cold,0,89,1.1587,0.006013
scipy-powell,cold,0,93,1.2049,0.006013
scipy-powell,cold,0,95,1.2316,0.006002
scipy-powell,cold,0,98,1.2693,0.006002
scipy-powell,cold,0,99,1.2814,0.006002
scipy-powell,cold,0,100,1.2938,0.006002
scipy-powell,cold,0,101,1.3056,0.006002
scipy-powell,cold,0,102,1.3171,0.006002
scipy-powell,cold,0,109,1.3971,0.005991
scipy-powell,cold,0,114,1.4540,0.005991
scipy-powell,cold,0,115,1.4654,0.005991
scipy-powell,cold,0,116,1.4777,0.005991
scipy-powell,cold,0,117,1.4891,0.005991
scipy-powell,cold,0,118,1.5005,0.005991
scipy-powell,cold,0,127,1.6108,0.005991
scipy-powell,cold,0,130,1.6466,0.005988
scipy-powell,cold,0,132,1.6710,0.005987
scipy-powell,cold,0,133,1.6842,0.005987
scipy-powell,cold,0,134,1.6962,0.005987
scipy-powell,cold,0,135,1.7085,0.005987
scipy-powell,cold,0,137,1.7342,0.005987
scipy-powell,cold,0,142,1.7980,0.005950
scipy-powell,cold,0,147,1.8583,0.005950
scipy-powell,cold,0,148,1.8702,0.005950
scipy-powell,cold,0,149,1.8816,0.005950
scipy-powell,cold,0,150,1.8933,0.005950
scipy-powell,cold,0,151,1.9048,0.005950
scipy-powell,cold,0,152,1.9163,0.005950
scipy-powell,cold,0,153,1.9279,0.005950
scipy-powell,cold,0,155,1.9506,0.005950
scipy-powell,cold,0,156,1.9623,0.005950
scipy-powell,cold,0,159,1.9974,0.005949
scipy-powell,cold,0,160,2.0099,0.005946
scipy-powell,cold,0,161,2.0223,0.005943
scipy-powell,cold,0,162,2.0345,0.005942
scipy-powell,cold,0,163,2.0467,0.005941
scipy-powell,cold,0,164,2.0589,0.005940
scipy-powell,cold,0,165,2.0721,0.005940
scipy-powell,cold,0,166,2.0844,0.005939
scipy-powell,cold,0,167,2.0983,0.005939
scipy-powell,cold,0,168,2.1117,0.005939
scipy-powell,cold,0,169,2.1252,0.005939
scipy-powell,cold,0,170,2.1382,0.005939
scipy-powell,cold,0,171,2.1522,0.005939
scipy-powell,cold,0,172,2.1653,0.005939
scipy-powell,cold,0,173,2.1790,0.005939
scipy-powell,cold,0,174,2.1933,0.005939
scipy-powell,cold,0,175,2.2083,0.005939
scipy-powell,cold,0,176,2.2235,0.005939
scipy-powell,cold,0,177,2.2381,0.005939
scipy-powell,cold,0,178,2.2519,0.005939
scipy-powell,cold,0,179,2.2644,0.005939
scipy-powell,cold,0,180,2.2771,0.005939
scipy-powell,cold,0,181,2.2905,0.005939
scipy-powell,cold,0,182,2.3029,0.005939
scipy-powell,cold,0,183,2.3144,0.005939
scipy-powell,cold,0,184,2.3262,0.005939
scipy-powell,cold,0,185,2.3379,0.005939
scipy-powell,cold,0,186,2.3502,0.005939
scipy-powell,cold,0,187,2.3620,0.005939
scipy-powell,cold,0,188,2.3760,0.005939
scipy-powell,cold,0,189,2.3915,0.005939
scipy-powell,cold,0,190,2.4070,0.005939
scipy-powell,cold,0,191,2.4225,0.005939
scipy-powell,cold,0,192,2.4378,0.005939
scipy-powell,cold,0,193,2.4522,0.005939
scipy-powell,cold,0,194,2.4678,0.005939
scipy-powell,cold,0,195,2.4853,0.005918
scipy-powell,cold,0,197,2.5128,0.005913
scipy-powell,cold,0,198,2.5258,0.005910
scipy-powell,cold,0,199,2.5384,0.005908
scipy-powell,cold,0,200,2.5515,0.005908
scipy-powell,cold,0,201,2.5641,0.005908
scipy-powell,cold,0,202,2.5761,0.005908
scipy-powell,cold,0,203,2.5876,0.005908
scipy-powell,cold,0,204,2.5990,0.005908
scipy-powell,cold,0,205,2.6112,0.005908
scipy-powell,cold,0,206,2.6234,0.005908
scipy-powell,cold,0,209,2.6602,0.005871
scipy-powell,cold,0,210,2.6721,0.005831
scipy-powell,cold,0,211,2.6839,0.005805
scipy-powell,cold,0,212,2.6960,0.005789
scipy-powell,cold,0,213,2.7079,0.005780
scipy-powell,cold,0,214,2.7195,0.005774
scipy-powell,cold,0,215,2.7309,0.005771
scipy-powell,cold,0,216,2.7425,0.005769
scipy-powell,cold,0,217,2.7542,0.005768
scipy-powell,cold,0,218,2.7656,0.005767
scipy-powell,cold,0,219,2.7771,0.005766
scipy-powell,cold,0,220,2.7887,0.005766
scipy-powell,cold,0,221,2.8002,0.005766
scipy-powell,cold,0,222,2.8123,0.005766
scipy-powell,cold,0,223,2.8240,0.005766
scipy-powell,cold,0,224,2.8361,0.005766
scipy-powell,cold,0,225,2.8475,0.005766
scipy-powell,cold,0,226,2.8592,0.005766
scipy-powell,cold,0,227,2.8707,0.005766
scipy-powell,cold,0,228,2.8821,0.005766
scipy-powell,cold,0,229,2.8936,0.005766
scipy-powell,cold,0,230,2.9053,0.005766
scipy-powell,cold,0,231,2.9168,0.005766
scipy-powell,cold,0,232,2.9280,0.005766
scipy-powell,cold,0,233,2.9391,0.005766
scipy-powell,cold,0,234,2.9502,0.005766
scipy-powell,cold,0,235,2.9616,0.005766
scipy-powell,cold,0,236,2.9728,0.005766
scipy-powell,cold,0,237,2.9880,0.005766
scipy-powell,cold,0,238,2.9993,0.005766
scipy-powell,cold,0,239,3.0107,0.005766
scipy-powell,cold,0,240,3.0219,0.005766
scipy-powell,cold,0,241,3.0332,0.005766
scipy-powell,cold,0,242,3.0446,0.005766
scipy-powell,cold,0,243,3.0559,0.005766
scipy-powell,cold,0,244,3.0672,0.005766
scipy-powell,cold,0,245,3.0786,0.005712
scipy-powell,cold,0,247,3.1013,0.005683
scipy-powell,cold,0,248,3.1125,0.005674
scipy-powell,cold,0,249,3.1238,0.005669
scipy-powell,cold,0,251,3.1464,0.005669
scipy-powell,cold,0,253,3.1701,0.005669
scipy-powell,cold,0,254,3.1814,0.005669
scipy-powell,cold,0,255,3.1927,0.005669
scipy-powell,cold,0,256,3.2041,0.005669
scipy-powell,cold,0,257,3.2157,0.005669
scipy-powell,cold,0,268,3.3482,0.005668
scipy-powell,cold,0,269,3.3608,0.005668
scipy-powell,cold,0,270,3.3722,0.005668
scipy-powell,cold,0,271,3.3838,0.005668
scipy-powell,cold,0,272,3.3949,0.005668
scipy-powell,cold,0,273,3.4064,0.005668
scipy-powell,cold,0,274,3.4178,0.005668
scipy-powell,cold,0,275,3.4293,0.005668
scipy-powell,cold,0,276,3.4407,0.005668
scipy-powell,cold,0,277,3.4521,0.005668
scipy-powell,cold,0,278,3.4645,0.005668
scipy-powell,cold,0,279,3.4763,0.005668
scipy-powell,cold,0,280,3.4880,0.005668
scipy-powell,cold,0,281,3.4991,0.005668
scipy-powell,cold,0,282,3.5118,0.005668
scipy-powell,cold,0,283,3.5237,0.005668
scipy-powell,cold,0,284,3.5362,0.005668
scipy-powell,cold,0,285,3.5481,0.005668
scipy-powell,cold,0,286,3.5595,0.005668
scipy-powell,cold,0,287,3.5718,0.005668
scipy-powell,cold,0,288,3.5847,0.005668
scipy-powell,cold,0,289,3.5963,0.005668
scipy-powell,cold,0,290,3.6079,0.005668
scipy-powell,cold,0,291,3.6198,0.005668
scipy-powell,cold,0,292,3.6325,0.005668
scipy-powell,cold,0,293,3.6445,0.005668
scipy-powell,cold,0,294,3.6576,0.005668
scipy-powell,cold,0,295,3.6706,0.005668
scipy-powell,cold,0,296,3.6835,0.005668
scipy-powell,cold,0,297,3.6973,0.005668
scipy-powell,cold,0,298,3.7097,0.005668
scipy-powell,cold,0,299,3.7220,0.005668
scipy-powell,cold,0,300,3.7340,0.005668
scipy-powell,cold,0,304,3.7812,0.005667
scipy-powell,cold,0,306,3.8044,0.005667
scipy-powell,cold,0,308,3.8295,0.005666
scipy-powell,cold,0,310,3.8530,0.005666
scipy-powell,cold,0,311,3.8642,0.005666
scipy-powell,cold,0,312,3.8760,0.005666
scipy-powell,cold,0,313,3.8871,0.005666
scipy-powell,cold,0,326,4.0609,0.005626
scipy-powell,cold,0,327,4.0738,0.005595
scipy-powell,cold,0,329,4.0983,0.005595
scipy-powell,cold,0,330,4.1095,0.005595
scipy-powell,cold,0,331,4.1221,0.005595
scipy-powell,cold,0,339,4.2221,0.005582
scipy-powell,cold,0,340,4.2342,0.005580
scipy-powell,cold,0,341,4.2463,0.005580
scipy-powell,cold,0,342,4.2577,0.005580
scipy-powell,cold,0,343,4.2692,0.005580
scipy-powell,cold,0,344,4.2807,0.005580
scipy-powell,cold,0,345,4.2922,0.005580
scipy-powell,cold,0,346,4.3041,0.005580
scipy-powell,cold,0,352,4.3811,0.005580
scipy-powell,cold,0,353,4.3924,0.005580
scipy-powell,cold,0,354,4.4042,0.005580
scipy-powell,cold,0,355,4.4166,0.005580
scipy-powell,cold,0,356,4.4300,0.005580
scipy-powell,cold,0,357,4.4433,0.005580
scipy-powell,cold,0,358,4.4557,0.005580
scipy-powell,cold,0,359,4.4674,0.005580
scipy-powell,cold,0,360,4.4796,0.005580
scipy-powell,cold,0,361,4.4919,0.005580
scipy-powell,cold,0,362,4.5034,0.005580
scipy-powell,cold,0,363,4.5150,0.005580
scipy-powell,cold,0,364,4.5263,0.005580
scipy-powell,cold,0,365,4.5380,0.005580
scipy-powell,cold,0,366,4.5501,0.005580
scipy-powell,cold,0,367,4.5614,0.005580
scipy-powell,cold,0,368,4.5729,0.005580
scipy-powell,cold,0,369,4.5846,0.005580
scipy-powell,cold,0,370,4.5959,0.005580
scipy-powell,cold,0,371,4.6068,0.005580
scipy-powell,cold,0,372,4.6181,0.005580
scipy-powell,cold,0,373,4.6294,0.005580
scipy-powell,cold,0,374,4.6411,0.005580
scipy-powell,cold,0,375,4.6529,0.005580
scipy-powell,cold,0,376,4.6691,0.005580
scipy-powell,cold,0,377,4.6858,0.005580
scipy-powell,cold,0,378,4.6999,0.005580
scipy-powell,cold,0,379,4.7150,0.005580
scipy-powell,cold,0,380,4.7282,0.005580
scipy-powell,cold,0,381,4.7424,0.005580
scipy-powell,cold,0,382,4.7560,0.005580
scipy-powell,cold,0,383,4.7700,0.005580
scipy-powell,cold,0,384,4.7841,0.005580
scipy-powell,cold,0,385,4.7985,0.005580
scipy-powell,cold,0,386,4.8131,0.005580
scipy-powell,cold,0,387,4.8274,0.005580
scipy-powell,cold,0,388,4.8424,0.005580
scipy-powell,cold,0,390,4.8710,0.005580
scipy-powell,cold,0,392,4.8998,0.005580
scipy-powell,cold,0,393,4.9147,0.005580
scipy-powell,cold,0,394,4.9300,0.005580
scipy-powell,cold,0,395,4.9440,0.005580
scipy-powell,cold,0,396,4.9587,0.005580
scipy-powell,cold,0,409,5.1278,0.005579
scipy-powell,cold,0,410,5.1419,0.005579
scipy-powell,cold,0,411,5.1561,0.005578
scipy-powell,cold,0,412,5.1690,0.005578
scipy-powell,cold,0,413,5.1814,0.005578
scipy-powell,cold,0,414,5.1951,0.005577
scipy-powell,cold,0,415,5.2070,0.005577
scipy-powell,cold,0,416,5.2187,0.005577
scipy-powell,cold,0,417,5.2304,0.005577
scipy-powell,cold,0,418,5.2418,0.005577
scipy-powell,cold,0,419,5.2534,0.005577
scipy-powell,cold,0,420,5.2647,0.005577
scipy-powell,cold,0,421,5.2765,0.005577
scipy-powell,cold,0,422,5.2886,0.005577
scipy-powell,cold,0,423,5.3010,0.005577
scipy-powell,cold,0,424,5.3138,0.005577
scipy-powell,cold,0,425,5.3260,0.005577
scipy-powell,cold,0,426,5.3379,0.005577
scipy-powell,cold,0,427,5.3496,0.005577
scipy-powell,cold,0,428,5.3612,0.005577
scipy-powell,cold,0,429,5.3723,0.005577
scipy-powell,cold,0,430,5.3837,0.005577
scipy-powell,cold,0,431,5.3953,0.005577
scipy-powell,cold,0,432,5.4067,0.005577
scipy-powell,cold,0,433,5.4182,0.005577
scipy-powell,cold,0,434,5.4298,0.005577
scipy-powell,cold,0,435,5.4414,0.005577
scipy-powell,cold,0,436,5.4531,0.005577
scipy-powell,cold,0,437,5.4645,0.005577
scipy-powell,cold,0,438,5.4761,0.005577
scipy-powell,cold,0,439,5.4875,0.005577
scipy-powell,cold,0,440,5.4993,0.005577
scipy-powell,cold,0,441,5.5110,0.005577
scipy-powell,cold,0,442,5.5223,0.005577
scipy-powell,cold,0,443,5.5335,0.005577
scipy-powell,cold,0,444,5.5446,0.005577
scipy-powell,cold,0,445,5.5561,0.005577
scipy-powell,cold,0,446,5.5673,0.005575
scipy-powell,cold,0,448,5.5943,0.005574
scipy-powell,cold,0,449,5.6056,0.005574
scipy-powell,cold,0,452,5.6391,0.005574
scipy-powell,cold,0,454,5.6614,0.005574
scipy-powell,cold,0,455,5.6729,0.005574
scipy-powell,cold,0,456,5.6842,0.005574
scipy-powell,cold,0,457,5.6955,0.005574
scipy-powell,cold,0,458,5.7069,0.005574
scipy-powell,cold,0,459,5.7182,0.005574
scipy-powell,cold,0,461,5.7405,0.005574
scipy-powell,cold,0,463,5.7631,0.005574
scipy-powell,cold,0,470,5.8469,0.005573
scipy-powell,cold,0,471,5.8583,0.005573
scipy-powell,cold,0,472,5.8705,0.005572
scipy-powell,cold,0,473,5.8821,0.005572
scipy-powell,cold,0,474,5.8939,0.005572
scipy-powell,cold,0,475,5.9053,0.005572
scipy-powell,cold,0,476,5.9167,0.005572
scipy-powell,cold,0,477,5.9279,0.005572
scipy-powell,cold,0,478,5.9392,0.005572
scipy-powell,cold,0,479,5.9506,0.005572
scipy-powell,cold,0,480,5.9625,0.005572
scipy-powell,cold,0,481,5.9743,0.005572
scipy-powell,cold,0,482,5.9857,0.005572
scipy-powell,cold,0,483,5.9975,0.005572
scipy-powell,cold,0,484,6.0090,0.005572
scipy-powell,cold,0,485,6.0209,0.005572
scipy-powell,cold,0,486,6.0325,0.005572
scipy-powell,cold,0,487,6.0441,0.005572
scipy-powell,cold,0,488,6.0553,0.005572
scipy-powell,cold,0,489,6.0672,0.005572
scipy-powell,cold,0,490,6.0784,0.005572
scipy-powell,cold,0,491,6.0898,0.005572
scipy-powell,cold,0,492,6.1015,0.005572
scipy-powell,cold,0,493,6.1127,0.005572
scipy-powell,cold,0,494,6.1242,0.005572
scipy-powell,cold,0,495,6.1360,0.005572
scipy-powell,cold,0,496,6.1502,0.005572
scipy-powell,cold,0,497,6.1628,0.005572
scipy-powell,cold,0,498,6.1753,0.005572
scipy-powell,cold,0,499,6.1869,0.005572
scipy-powell,cold,0,500,6.1989,0.005572
scipy-powell,cold,0,501,6.2107,0.005572
scipy-powell,cold,0,502,6.2225,0.005572
scipy-powell,cold,0,503,6.2351,0.005572
scipy-powell,cold,0,504,6.2472,0.005572
scipy-powell,cold,0,505,6.2598,0.005572
scipy-powell,cold,0,508,6.3002,0.005572
scipy-powell,cold,0,509,6.3130,0.005572
scipy-powell,cold,0,511,6.3379,0.005572
scipy-powell,cold,0,512,6.3503,0.005572
scipy-powell,cold,0,513,6.3622,0.005572
scipy-powell,cold,0,514,6.3741,0.005572
scipy-powell,cold,0,515,6.3863,0.005572
scipy-powell,cold,0,517,6.4110,0.005572
scipy-powell,cold,0,521,6.4617,0.005572
scipy-powell,cold,0,526,6.5237,0.005568
scipy-powell,cold,0,527,6.5354,0.005564
scipy-powell,cold,0,528,6.5469,0.005562
scipy-powell,cold,0,529,6.5583,0.005560
scipy-powell,cold,0,530,6.5700,0.005559
scipy-powell,cold,0,531,6.5823,0.005558
scipy-powell,cold,0,532,6.5948,0.005558
scipy-powell,cold,0,533,6.6069,0.005557
scipy-powell,cold,0,534,6.6191,0.005557
scipy-powell,cold,0,535,6.6311,0.005557
scipy-powell,cold,0,536,6.6429,0.005557
scipy-powell,cold,0,537,6.6551,0.005557
scipy-powell,cold,0,538,6.6674,0.005557
scipy-powell,cold,0,539,6.6805,0.005557
scipy-powell,cold,0,540,6.6931,0.005557
scipy-powell,cold,0,541,6.7045,0.005557
scipy-powell,cold,0,542,6.7163,0.005557
scipy-powell,cold,0,543,6.7281,0.005557
scipy-powell,cold,0,544,6.7400,0.005557
scipy-powell,cold,0,545,6.7519,0.005557
scipy-powell,cold,0,546,6.7641,0.005557
scipy-powell,cold,0,547,6.7763,0.005557
scipy-powell,cold,0,548,6.7884,0.005557
scipy-powell,cold,0,549,6.8013,0.005557
scipy-powell,cold,0,550,6.8141,0.005557
scipy-powell,cold,0,551,6.8272,0.005557
scipy-powell,cold,0,552,6.8405,0.005557
scipy-powell,cold,0,553,6.8537,0.005557
scipy-powell,cold,0,554,6.8665,0.005557
scipy-powell,cold,0,555,6.8786,0.005557
scipy-powell,cold,0,556,6.8907,0.005557
scipy-powell,cold,0,557,6.9031,0.005557
scipy-powell,cold,0,558,6.9147,0.005557
scipy-powell,cold,0,559,6.9264,0.005557
scipy-powell,cold,0,560,6.9387,0.005557
scipy-powell,cold,0,561,6.9506,0.005557
scipy-powell,cold,0,562,6.9630,0.005543
scipy-powell,cold,0,565,6.9992,0.005538
scipy-powell,cold,0,566,7.0105,0.005538
scipy-powell,cold,0,567,7.0221,0.005538
scipy-powell,cold,0,569,7.0451,0.005538
scipy-powell,cold,0,570,7.0573,0.005538
scipy-powell,cold,0,571,7.0689,0.005538
scipy-powell,cold,0,572,7.0809,0.005538
scipy-powell,cold,0,573,7.0928,0.005538
scipy-powell,cold,0,574,7.1047,0.005538
scipy-powell,cold,0,579,7.1640,0.005533
scipy-powell,cold,0,582,7.1999,0.005533
scipy-powell,cold,0,584,7.2239,0.005533
scipy-powell,cold,0,586,7.2478,0.005533
scipy-powell,cold,0,587,7.2595,0.005533
scipy-powell,cold,0,600,7.4152,0.005533
scipy-powell,cold,0,601,7.4276,0.005533
scipy-powell,cold,0,602,7.4395,0.005533
scipy-powell,cold,0,604,7.4633,0.005533
scipy-powell,cold,0,605,7.4763,0.005533
scipy-powell,cold,0,606,7.4885,0.005533
scipy-powell,cold,0,611,7.5485,0.005533
scipy-powell,cold,0,614,7.5842,0.005499
scipy-powell,cold,0,617,7.6199,0.005498
scipy-powell,cold,0,618,7.6322,0.005498
scipy-powell,cold,0,619,7.6445,0.005498
scipy-powell,cold,0,620,7.6575,0.005498
scipy-powell,cold,0,621,7.6692,0.005498
scipy-powell,cold,0,628,7.7530,0.005487
scipy-powell,cold,0,632,7.8015,0.005487
scipy-powell,cold,0,633,7.8135,0.005487
scipy-powell,cold,0,634,7.8252,0.005487
scipy-powell,cold,0,635,7.8367,0.005487
scipy-powell,cold,0,636,7.8485,0.005487
scipy-powell,cold,0,637,7.8599,0.005487
scipy-powell,cold,0,638,7.8716,0.005487
scipy-powell,cold,0,646,7.9644,0.005473
scipy-powell,cold,0,647,7.9758,0.005443
scipy-powell,cold,0,649,7.9988,0.005442
scipy-powell,cold,0,650,8.0106,0.005442
scipy-powell,cold,0,651,8.0224,0.005442
scipy-powell,cold,0,652,8.0339,0.005442
scipy-powell,cold,0,653,8.0453,0.005442
scipy-powell,cold,0,791,9.7816,0.005396
scipy-powell,cold,0,793,9.8050,0.005388
scipy-powell,cold,0,794,9.8181,0.005385
scipy-powell,cold,0,795,9.8308,0.005385
scipy-powell,cold,0,796,9.8440,0.005385
scipy-powell,cold,0,797,9.8571,0.005385
scipy-powell,cold,0,798,9.8706,0.005385
scipy-powell,cold,0,800,9.8932,0.005385
scipy-powell,cold,0,814,10.0662,0.005385
scipy-powell,cold,0,820,10.1481,0.005381
scipy-powell,cold,0,821,10.1606,0.005377
scipy-powell,cold,0,825,10.2143,0.005377
scipy-powell,cold,0,827,10.2375,0.005377
scipy-powell,cold,0,828,10.2486,0.005377
scipy-powell,cold,0,829,10.2596,0.005377
scipy-powell,cold,0,830,10.2706,0.005377
scipy-powell,cold,0,831,10.2818,0.005377
scipy-powell,cold,0,839,10.3713,0.005372
scipy-powell,cold,0,840,10.3831,0.005369
scipy-powell,cold,0,841,10.3952,0.005367
scipy-powell,cold,0,842,10.4071,0.005366
scipy-powell,cold,0,843,10.4195,0.005366
scipy-powell,cold,0,844,10.4310,0.005366
scipy-powell,cold,0,845,10.4420,0.005366
scipy-powell,cold,0,846,10.4537,0.005365
scipy-powell,cold,0,847,10.4655,0.005365
scipy-powell,cold,0,848,10.4772,0.005365
scipy-powell,cold,0,849,10.4892,0.005365
scipy-powell,cold,0,850,10.5013,0.005365
scipy-powell,cold,0,851,10.5140,0.005365
scipy-powell,cold,0,852,10.5269,0.005365
scipy-powell,cold,0,853,10.5399,0.005365
scipy-powell,cold,0,854,10.5522,0.005365
scipy-powell,cold,0,855,10.5641,0.005365
scipy-powell,cold,0,856,10.5763,0.005365
scipy-powell,cold,0,857,10.5891,0.005365
scipy-powell,cold,0,858,10.6009,0.005365
scipy-powell,cold,0,859,10.6122,0.005365
scipy-powell,cold,0,860,10.6240,0.005365
scipy-powell,cold,0,861,10.6358,0.005365
scipy-powell,cold,0,862,10.6483,0.005365
scipy-powell,cold,0,863,10.6606,0.005365
scipy-powell,cold,0,864,10.6735,0.005365
scipy-powell,cold,0,865,10.6859,0.005365
scipy-powell,cold,0,866,10.6980,0.005365
scipy-powell,cold,0,867,10.7106,0.005365
scipy-powell,cold,0,868,10.7232,0.005365
scipy-powell,cold,0,869,10.7357,0.005365
scipy-powell,cold,0,870,10.7491,0.005365
scipy-powell,cold,0,871,10.7606,0.005365
scipy-powell,cold,0,872,10.7739,0.005365
scipy-powell,cold,0,876,10.8332,0.005364
scipy-powell,cold,0,877,10.8454,0.005360
scipy-powell,cold,0,879,10.8709,0.005360
scipy-powell,cold,0,880,10.8846,0.005359
scipy-powell,cold,0,882,10.9079,0.005359
scipy-powell,cold,0,883,10.9192,0.005359
scipy-powell,cold,0,884,10.9312,0.005359
scipy-powell,cold,0,885,10.9431,0.005359
scipy-powell,cold,0,886,10.9551,0.005359
scipy-powell,cold,0,887,10.9671,0.005359
scipy-powell,cold,0,892,11.0283,0.005355
scipy-powell,cold,0,895,11.0631,0.005355
scipy-powell,cold,0,896,11.0745,0.005355
scipy-powell,cold,0,898,11.0972,0.005354
scipy-powell,cold,0,899,11.1094,0.005354
scipy-powell,cold,0,900,11.1206,0.005354
scipy-powell,cold,0,901,11.1317,0.005354
scipy-powell,cold,0,902,11.1431,0.005354
scipy-powell,cold,0,913,11.2698,0.005354
scipy-powell,cold,0,914,11.2816,0.005354
scipy-powell,cold,0,920,11.3522,0.005354
scipy-powell,cold,0,923,11.3875,0.005354
scipy-powell,cold,0,924,11.3991,0.005354
scipy-powell,cold,0,925,11.4106,0.005354
scipy-powell,cold,0,926,11.4217,0.005354
scipy-powell,cold,0,938,11.5757,0.005354
scipy-powell,cold,0,942,11.6432,0.005354
scipy-powell,cold,0,945,11.6919,0.005350
scipy-powell,cold,0,948,11.7461,0.005350
scipy-powell,cold,0,949,11.7661,0.005350
scipy-powell,cold,0,950,11.7870,0.005350
scipy-powell,cold,0,951,11.8086,0.005350
scipy-powell,cold,0,952,11.8302,0.005350
scipy-powell,cold,0,954,11.8681,0.005350
scipy-powell,cold,0,955,11.8907,0.005350
scipy-powell,cold,0,958,11.9575,0.005350
scipy-powell,cold,0,962,12.0318,0.005350
scipy-powell,cold,0,963,12.0500,0.005350
scipy-powell,cold,0,964,12.0670,0.005350
scipy-powell,cold,0,965,12.0844,0.005350
scipy-powell,cold,0,966,12.0995,0.005350
scipy-powell,cold,0,967,12.1143,0.005350
scipy-powell,cold,0,971,12.1851,0.005350
scipy-powell,cold,0,978,12.3145,0.005350
scipy-powell,cold,0,980,12.3595,0.005350
scipy-powell,cold,0,981,12.3740,0.005350
scipy-powell,cold,0,982,12.3872,0.005350
scipy-powell,cold,0,986,12.4710,0.005350
scipy-powell,cold,0,994,12.6062,0.005350
scipy-powell,cold,0,995,12.6213,0.005350
scipy-powell,cold,0,996,12.6445,0.005350
scipy-powell,cold,0,997,12.6640,0.005350
scipy-powell,cold,0,998,12.6844,0.005350
scipy-powell,cold,0,999,12.7081,0.005350
scipy-powell,cold,0,1013,12.9938,0.005350
scipy-powell,cold,0,1014,13.0124,0.005349
scipy-powell,cold,0,1015,13.0304,0.005349
scipy-powell,cold,0,1016,13.0421,0.005349
scipy-powell,cold,0,1017,13.0539,0.005349
scipy-powell,cold,0,1018,13.0659,0.005349
scipy-powell,cold,0,1019,13.0781,0.005349
scipy-powell,cold,0,1025,13.1490,0.005349
scipy-powell,cold,0,1034,13.2581,0.005349
scipy-powell,cold,0,1035,13.2725,0.005349
scipy-powell,cold,0,1036,13.2849,0.005349
scipy-powell,cold,0,1037,13.3011,0.005349
scipy-powell,cold,0,1038,13.3154,0.005349
scipy-powell,cold,0,1039,13.3274,0.005349
scipy-powell,cold,0,1042,13.3692,0.005349
scipy-powell,cold,0,1048,13.4457,0.005349
scipy-powell,cold,0,1053,13.5074,0.005349
scipy-powell,cold,0,1054,13.5191,0.005349
scipy-powell,cold,0,1055,13.5307,0.005349
scipy-powell,cold,0,1056,13.5425,0.005349
scipy-powell,cold,0,1057,13.5539,0.005349
scipy-powell,cold,0,1061,13.6011,0.005349
scipy-powell,cold,0,1062,13.6130,0.005349
scipy-powell,cold,0,1068,13.6825,0.005349
scipy-powell,cold,0,1069,13.6940,0.005349
scipy-powell,cold,0,1071,13.7183,0.005349
scipy-powell,cold,0,1072,13.7303,0.005349
scipy-powell,cold,0,1081,13.8401,0.005349
scipy-powell,cold,0,1084,13.8798,0.005349
scipy-powell,cold,0,1087,13.9161,0.005347
scipy-powell,cold,0,1089,13.9401,0.005346
scipy-powell,cold,0,1090,13.9522,0.005345
scipy-powell,cold,0,1091,13.9644,0.005345
scipy-powell,cold,0,1092,13.9763,0.005345
scipy-powell,cold,0,1093,13.9890,0.005345
scipy-powell,cold,0,1094,14.0023,0.005345
scipy-powell,cold,0,1095,14.0156,0.005345
scipy-powell,cold,0,1096,14.0284,0.005344
scipy-powell,cold,0,1097,14.0413,0.005344
scipy-powell,cold,0,1098,14.0547,0.005344
scipy-powell,cold,0,1099,14.0673,0.005344
scipy-powell,cold,0,1100,14.0801,0.005344
scipy-powell,cold,0,1101,14.0931,0.005344
scipy-powell,cold,0,1102,14.1056,0.005344
scipy-powell,cold,0,1103,14.1180,0.005344
scipy-powell,cold,0,1104,14.1300,0.005344
scipy-powell,cold,0,1105,14.1419,0.005344
scipy-powell,cold,0,1106,14.1540,0.005344
scipy-powell,cold,0,1107,14.1657,0.005344
scipy-powell,cold,0,1108,14.1773,0.005344
scipy-powell,cold,0,1109,14.1895,0.005344
scipy-powell,cold,0,1110,14.2014,0.005344
scipy-powell,cold,0,1111,14.2136,0.005344
scipy-powell,cold,0,1112,14.2257,0.005344
scipy-powell,cold,0,1113,14.2378,0.005344
scipy-powell,cold,0,1114,14.2496,0.005344
scipy-powell,cold,0,1115,14.2617,0.005344
scipy-powell,cold,0,1116,14.2732,0.005344
scipy-powell,cold,0,1117,14.2850,0.005344
scipy-powell,cold,0,1118,14.2964,0.005344
scipy-powell,cold,0,1119,14.3080,0.005344
scipy-powell,cold,0,1120,14.3199,0.005344
scipy-powell,cold,0,1121,14.3319,0.005344
scipy-powell,cold,0,1122,14.3435,0.005344
scipy-powell,cold,0,1123,14.3558,0.005342
scipy-powell,cold,0,1125,14.3799,0.005342
scipy-powell,cold,0,1126,14.3922,0.005342
scipy-powell,cold,0,1127,14.4041,0.005342
scipy-powell,cold,0,1128,14.4171,0.005342
scipy-powell,cold,0,1132,14.4648,0.005342
scipy-powell,cold,0,1133,14.4769,0.005342
scipy-powell,cold,0,1134,14.4900,0.005342
scipy-powell,cold,0,1136,14.5153,0.005342
scipy-powell,cold,0,1144,14.6126,0.005342
scipy-powell,cold,0,1145,14.6250,0.005341
scipy-powell,cold,0,1146,14.6366,0.005341
scipy-powell,cold,0,1147,14.6481,0.005341
scipy-powell,cold,0,1148,14.6601,0.005341
scipy-powell,cold,0,1149,14.6714,0.005341
scipy-powell,cold,0,1150,14.6831,0.005341
scipy-powell,cold,0,1151,14.6946,0.005341
scipy-powell,cold,0,1152,14.7062,0.005341
scipy-powell,cold,0,1153,14.7180,0.005341
scipy-powell,cold,0,1154,14.7295,0.005341
scipy-powell,cold,0,1155,14.7415,0.005341
scipy-powell,cold,0,1156,14.7540,0.005341
scipy-powell,cold,0,1157,14.7662,0.005341
scipy-powell,cold,0,1158,14.7784,0.005341
scipy-powell,cold,0,1159,14.7910,0.005341
scipy-powell,cold,0,1160,14.8036,0.005341
scipy-powell,cold,0,1161,14.8163,0.005341
scipy-powell,cold,0,1162,14.8283,0.005341
scipy-powell,cold,0,1163,14.8409,0.005341
scipy-powell,cold,0,1164,14.8540,0.005341
scipy-powell,cold,0,1165,14.8661,0.005341
scipy-powell,cold,0,1166,14.8783,0.005341
scipy-powell,cold,0,1167,14.8904,0.005341
scipy-powell,cold,0,1168,14.9978,0.005341
scipy-powell,cold,0,1169,15.0112,0.005341
scipy-powell,cold,0,1170,15.0242,0.005341
scipy-powell,cold,0,1171,15.0364,0.005341
scipy-powell,cold,0,1172,15.0485,0.005341
scipy-powell,cold,0,1173,15.0601,0.005341
scipy-powell,cold,0,1174,15.0720,0.005341
scipy-powell,cold,0,1175,15.0843,0.005341
scipy-powell,cold,0,1176,15.0967,0.005341
scipy-powell,cold,0,1177,15.1089,0.005341
scipy-powell,cold,0,1178,15.1212,0.005330
scipy-powell,cold,0,1180,15.1448,0.005329
scipy-powell,cold,0,1183,15.1803,0.005328
scipy-powell,cold,0,1184,15.1926,0.005328
scipy-powell,cold,0,1185,15.2044,0.005328
scipy-powell,cold,0,1187,15.2276,0.005328
scipy-powell,cold,0,1189,15.2510,0.005328
scipy-powell,cold,0,1190,15.2629,0.005328
scipy-powell,cold,0,1199,15.3734,0.005328
scipy-powell,cold,0,1201,15.3971,0.005328
scipy-powell,cold,0,1203,15.4219,0.005324
scipy-powell,cold,0,1205,15.4455,0.005320
scipy-powell,cold,0,1206,15.4575,0.005318
scipy-powell,cold,0,1207,15.4692,0.005317
scipy-powell,cold,0,1208,15.4809,0.005317
scipy-powell,cold,0,1209,15.4927,0.005316
scipy-powell,cold,0,1210,15.5054,0.005316
scipy-powell,cold,0,1211,15.5179,0.005316
scipy-powell,cold,0,1212,15.5299,0.005316
scipy-powell,cold,0,1213,15.5424,0.005316
scipy-powell,cold,0,1214,15.5553,0.005316
scipy-powell,cold,0,1215,15.5671,0.005316
scipy-powell,cold,0,1216,15.5796,0.005316
scipy-powell,cold,0,1217,15.5917,0.005316
scipy-powell,cold,0,1218,15.6048,0.005316
scipy-powell,cold,0,1219,15.6168,0.005316
scipy-powell,cold,0,1220,15.6287,0.005316
scipy-powell,cold,0,1221,15.6418,0.005316
scipy-powell,cold,0,1222,15.6554,0.005316
scipy-powell,cold,0,1223,15.6689,0.005316
scipy-powell,cold,0,1224,15.6817,0.005316
scipy-powell,cold,0,1225,15.6948,0.005316
scipy-powell,cold,0,1226,15.7079,0.005316
scipy-powell,cold,0,1227,15.7205,0.005316
scipy-powell,cold,0,1228,15.7327,0.005316
scipy-powell,cold,0,1229,15.7447,0.005316
scipy-powell,cold,0,1230,15.7567,0.005316
scipy-powell,cold,0,1231,15.7685,0.005316
scipy-powell,cold,0,1232,15.7803,0.005316
scipy-powell,cold,0,1233,15.7920,0.005316
scipy-powell,cold,0,1234,15.8050,0.005316
scipy-powell,cold,0,1235,15.8170,0.005316
scipy-powell,cold,0,1236,15.8287,0.005316
scipy-powell,cold,0,1237,15.8407,0.005316
scipy-powell,cold,0,1238,15.8525,0.005316
scipy-powell,cold,0,1239,15.8639,0.005316
scipy-powell,cold,0,1241,15.8873,0.005315
scipy-powell,cold,0,1245,15.9350,0.005315
scipy-powell,cold,0,1246,15.9477,0.005315
scipy-powell,cold,0,1247,15.9623,0.005315
scipy-powell,cold,0,1248,15.9756,0.005315
scipy-powell,cold,0,1251,16.0146,0.005315
scipy-powell,cold,0,1289,16.4648,0.005266
scipy-powell,cold,0,1290,16.4765,0.005212
scipy-powell,cold,0,1291,16.4877,0.005161
scipy-powell,cold,0,1292,16.4999,0.005135
scipy-powell,cold,0,1293,16.5111,0.005126
scipy-powell,cold,0,1294,16.5228,0.005124
scipy-powell,cold,0,1295,16.5342,0.005124
scipy-powell,cold,0,1296,16.5469,0.005124
scipy-powell,cold,0,1297,16.5588,0.005124
scipy-powell,cold,0,1298,16.5706,0.005124
scipy-powell,cold,0,1299,16.5818,0.005124
scipy-powell,cold,0,1300,16.5933,0.005124
scipy-powell,cold,0,1309,16.6999,0.005123
scipy-powell,cold,0,1311,16.7228,0.005123
scipy-powell,cold,0,1312,16.7349,0.005123
scipy-powell,cold,0,1313,16.7467,0.005123
scipy-powell,cold,0,1314,16.7581,0.005123
scipy-powell,cold,0,1315,16.7698,0.005123
scipy-powell,cold,0,1337,17.0284,0.005123
scipy-powell,cold,0,1338,17.0396,0.005122
scipy-powell,cold,0,1340,17.0625,0.005122
scipy-powell,cold,0,1341,17.0738,0.005122
scipy-powell,cold,0,1342,17.0849,0.005122
scipy-powell,cold,0,1352,17.1972,0.005122
scipy-powell,cold,0,1353,17.2100,0.005122
scipy-powell,cold,0,1354,17.2222,0.005122
scipy-powell,cold,0,1356,17.2470,0.005122
scipy-powell,cold,0,1357,17.2614,0.005122
scipy-powell,cold,0,1358,17.2756,0.005122
scipy-powell,cold,0,1365,17.3734,0.005116
scipy-powell,cold,0,1367,17.3967,0.005111
scipy-powell,cold,0,1368,17.4079,0.005111
scipy-powell,cold,0,1369,17.4193,0.005111
scipy-powell,cold,0,1370,17.4305,0.005111
scipy-powell,cold,0,1372,17.4527,0.005111
scipy-powell,cold,0,1373,17.4637,0.005111
scipy-powell,cold,0,1374,17.4750,0.005111
scipy-powell,cold,0,1375,17.4863,0.005111
scipy-powell,cold,0,1377,17.5090,0.005111
scipy-powell,cold,0,1385,17.6057,0.005111
scipy-powell,cold,0,1387,17.6313,0.005111
scipy-powell,cold,0,1388,17.6445,0.005111
scipy-powell,cold,0,1389,17.6583,0.005111
scipy-powell,cold,0,1390,17.6708,0.005111
scipy-powell,cold,0,1391,17.6825,0.005111
scipy-powell,cold,0,1392,17.6944,0.005111
scipy-powell,cold,0,1398,17.7641,0.005111
scipy-powell,cold,0,1404,17.8366,0.005108
scipy-powell,cold,0,1405,17.8481,0.005105
scipy-powell,cold,0,1406,17.8608,0.005105
scipy-powell,cold,0,1407,17.8722,0.005105
scipy-powell,cold,0,1408,17.8853,0.005105
scipy-powell,cold,0,1409,17.8972,0.005105
scipy-powell,cold,0,1410,17.9115,0.005105
scipy-powell,cold,0,1420,18.0326,0.005104
scipy-powell,cold,0,1421,18.0451,0.005104
scipy-powell,cold,0,1422,18.0565,0.005104
scipy-powell,cold,0,1423,18.0699,0.005104
scipy-powell,cold,0,1424,18.0831,0.005104
scipy-powell,cold,0,1425,18.0964,0.005104
scipy-powell,cold,0,1433,18.1915,0.005103
scipy-powell,cold,0,1434,18.2032,0.005103
scipy-powell,cold,0,1435,18.2165,0.005103
scipy-powell,cold,0,1436,18.2278,0.005103
scipy-powell,cold,0,1437,18.2392,0.005103
scipy-powell,cold,0,1438,18.2506,0.005103
scipy-powell,cold,0,1439,18.2626,0.005103
scipy-powell,cold,0,1446,18.3461,0.005102
scipy-powell,cold,0,1448,18.3692,0.005101
scipy-powell,cold,0,1449,18.3804,0.005100
scipy-powell,cold,0,1450,18.3938,0.005100
scipy-powell,cold,0,1451,18.4060,0.005100
scipy-powell,cold,0,1452,18.4174,0.005100
scipy-powell,cold,0,1453,18.4301,0.005100
scipy-powell,cold,0,1454,18.4428,0.005100
scipy-powell,cold,0,1455,18.4549,0.005100
scipy-powell,cold,0,1459,18.5007,0.005100
scipy-powell,cold,0,1461,18.5235,0.005096
scipy-powell,cold,0,1464,18.5594,0.005096
scipy-powell,cold,0,1465,18.5705,0.005096
scipy-powell,cold,0,1468,18.6067,0.005096
scipy-powell,cold,0,1469,18.6181,0.005096
scipy-powell,cold,0,1484,18.7897,0.005096
scipy-powell,cold,0,1485,18.8013,0.005096
scipy-powell,cold,0,1486,18.8127,0.005096
scipy-powell,cold,0,1487,18.8256,0.005096
scipy-powell,cold,0,1488,18.8370,0.005096
scipy-powell,cold,0,1496,18.9322,0.005095
scipy-powell,cold,0,1497,18.9441,0.005095
scipy-powell,cold,0,1498,18.9581,0.005095
scipy-powell,cold,0,1499,18.9711,0.005095
scipy-powell,cold,0,1500,18.9843,0.005095
scipy-powell,cold,0,1502,19.0105,0.005095
scipy-powell,cold,0,1505,19.0458,0.005095
scipy-powell,cold,0,1512,19.1270,0.005094
scipy-powell,cold,0,1513,19.1390,0.005094
scipy-powell,cold,0,1514,19.1510,0.005094
scipy-powell,cold,0,1515,19.1630,0.005094
scipy-powell,cold,0,1517,19.1880,0.005094
scipy-powell,cold,0,1518,19.2001,0.005094
scipy-powell,cold,0,1519,19.2114,0.005094
scipy-powell,cold,0,1522,19.2454,0.005094
scipy-powell,cold,0,1529,19.3263,0.005089
scipy-powell,cold,0,1531,19.3491,0.005089
scipy-powell,cold,0,1532,19.3606,0.005088
scipy-powell,cold,0,1534,19.3830,0.005088
scipy-powell,cold,0,1535,19.3942,0.005088
scipy-powell,cold,0,1536,19.4054,0.005088
scipy-powell,cold,0,1538,19.4290,0.005088
scipy-powell,cold,0,1539,19.4402,0.005088
scipy-powell,cold,0,1540,19.4514,0.005088
scipy-powell,cold,0,1543,19.4858,0.005088
scipy-powell,cold,0,1545,19.5084,0.005088
scipy-powell,cold,0,1550,19.5650,0.005088
scipy-powell,cold,0,1552,19.5874,0.005088
scipy-powell,cold,0,1554,19.6108,0.005088
scipy-powell,cold,0,1556,19.6342,0.005088
scipy-powell,cold,0,1557,19.6456,0.005088
scipy-powell,cold,0,1558,19.6569,0.005088
scipy-powell,cold,0,1559,19.6681,0.005088
scipy-powell,cold,0,1569,19.7867,0.005088
scipy-powell,cold,0,1571,19.8099,0.005088
scipy-powell,cold,0,1572,19.8214,0.005088
scipy-powell,cold,0,1573,19.8332,0.005088
scipy-powell,cold,0,1574,19.8450,0.005088
scipy-powell,cold,0,1575,19.8571,0.005088
scipy-powell,cold,0,1576,19.8687,0.005088
scipy-powell,cold,0,1580,19.9148,0.005088
scipy-powell,cold,0,1589,20.0277,0.005088
scipy-powell,cold,0,1591,20.0502,0.005088
scipy-powell,cold,0,1592,20.0614,0.005088
scipy-powell,cold,0,1594,20.0838,0.005088
scipy-powell,cold,0,1596,20.1103,0.005088
scipy-powell,cold,0,1601,20.1818,0.005086
scipy-powell,cold,0,1602,20.1937,0.005085
scipy-powell,cold,0,1603,20.2071,0.005085
scipy-powell,cold,0,1604,20.2194,0.005085
scipy-powell,cold,0,1605,20.2308,0.005085
scipy-powell,cold,0,1606,20.2419,0.005085
scipy-powell,cold,0,1610,20.2894,0.005085
scipy-powell,cold,0,1616,20.3611,0.005083
scipy-powell,cold,0,1620,20.4079,0.005082
scipy-powell,cold,0,1621,20.4195,0.005082
scipy-powell,cold,0,1622,20.4313,0.005082
scipy-powell,cold,0,1623,20.4431,0.005082
scipy-powell,cold,0,1624,20.4547,0.005082
scipy-powell,cold,0,1625,20.4665,0.005082
scipy-powell,cold,0,1626,20.4811,0.005082
scipy-powell,cold,0,1643,20.6992,0.005081
scipy-powell,cold,0,1644,20.7116,0.005080
scipy-powell,cold,0,1645,20.7234,0.005079
scipy-powell,cold,0,1646,20.7354,0.005079
scipy-powell,cold,0,1647,20.7477,0.005079
scipy-powell,cold,0,1648,20.7604,0.005079
scipy-powell,cold,0,1649,20.7727,0.005079
scipy-powell,cold,0,1650,20.7854,0.005079
scipy-powell,cold,0,1651,20.7976,0.005079
scipy-powell,cold,0,1652,20.8103,0.005079
scipy-powell,cold,0,1653,20.8230,0.005078
scipy-powell,cold,0,1654,20.8349,0.005078
scipy-powell,cold,0,1655,20.8466,0.005078
scipy-powell,cold,0,1656,20.8594,0.005078
scipy-powell,cold,0,1657,20.8726,0.005078
scipy-powell,cold,0,1658,20.8856,0.005078
scipy-powell,cold,0,1659,20.8989,0.005078
scipy-powell,cold,0,1660,20.9124,0.005078
scipy-powell,cold,0,1661,20.9263,0.005078
scipy-powell,cold,0,1662,20.9379,0.005078
scipy-powell,cold,0,1663,20.9497,0.005078
scipy-powell,cold,0,1664,20.9623,0.005078
scipy-powell,cold,0,1665,20.9751,0.005078
scipy-powell,cold,0,1666,20.9884,0.005078
scipy-powell,cold,0,1667,21.0004,0.005078
scipy-powell,cold,0,1668,21.0140,0.005078
scipy-powell,cold,0,1669,21.0273,0.005078
scipy-powell,cold,0,1670,21.0396,0.005078
scipy-powell,cold,0,1671,21.0524,0.005078
scipy-powell,cold,0,1672,21.0657,0.005078
scipy-powell,cold,0,1673,21.0782,0.005078
scipy-powell,cold,0,1675,21.1039,0.005063
scipy-powell,cold,0,1679,21.1513,0.005062
scipy-powell,cold,0,1681,21.1750,0.005062
scipy-powell,cold,0,1682,21.1880,0.005062
scipy-powell,cold,0,1683,21.2000,0.005062
scipy-powell,cold,0,1684,21.2127,0.005062
scipy-powell,cold,0,1685,21.2252,0.005062
scipy-powell,cold,0,1688,21.2622,0.005062
scipy-powell,cold,0,1692,21.3112,0.005062
scipy-powell,cold,0,1694,21.3352,0.005062
scipy-powell,cold,0,1695,21.3475,0.005062
scipy-powell,cold,0,1696,21.3595,0.005061
scipy-powell,cold,0,1697,21.3724,0.005061
scipy-powell,cold,0,1698,21.3843,0.005061
scipy-powell,cold,0,1699,21.3965,0.005061
scipy-powell,cold,0,1700,21.4093,0.005061
scipy-powell,cold,0,1701,21.4232,0.005061
scipy-powell,cold,0,1702,21.4369,0.005061
scipy-powell,cold,0,1703,21.4500,0.005061
scipy-powell,cold,0,1704,21.4627,0.005061
scipy-powell,cold,0,1705,21.4762,0.005061
scipy-powell,cold,0,1706,21.4896,0.005061
scipy-powell,cold,0,1707,21.5026,0.005061
scipy-powell,cold,0,1708,21.5160,0.005061
scipy-powell,cold,0,1709,21.5296,0.005061
scipy-powell,cold,0,1710,21.5433,0.005061
scipy-powell,cold,0,1711,21.5556,0.005061
scipy-powell,cold,0,1712,21.5680,0.005061
scipy-powell,cold,0,1713,21.5801,0.005061
scipy-powell,cold,0,1714,21.5927,0.005061
scipy-powell,cold,0,1715,21.6055,0.005061
scipy-powell,cold,0,1716,21.6184,0.005061
scipy-powell,cold,0,1717,21.6304,0.005061
scipy-powell,cold,0,1718,21.6424,0.005061
scipy-powell,cold,0,1719,21.6541,0.005061
scipy-powell,cold,0,1720,21.6654,0.005061
scipy-powell,cold,0,1721,21.6766,0.005061
scipy-powell,cold,0,1722,21.6881,0.005061
scipy-powell,cold,0,1723,21.6998,0.005061
scipy-powell,cold,0,1724,21.7116,0.005061
scipy-powell,cold,0,1725,21.7243,0.005061
scipy-powell,cold,0,1726,21.7371,0.005061
scipy-powell,cold,0,1727,21.7502,0.005061
scipy-powell,cold,0,1728,21.7625,0.005061
scipy-powell,cold,0,1729,21.7752,0.005061
scipy-powell,cold,0,1731,21.8001,0.005060
scipy-powell,cold,0,1732,21.8121,0.005060
scipy-powell,cold,0,1733,21.8243,0.005060
scipy-powell,cold,0,1734,21.8360,0.005060
scipy-powell,cold,0,1735,21.8473,0.005060
scipy-powell,cold,0,1736,21.8603,0.005060
scipy-powell,cold,0,1737,21.8721,0.005060
scipy-powell,cold,0,1738,21.8834,0.005060
scipy-powell,cold,0,1750,22.0242,0.005060
scipy-powell,cold,0,1751,22.0366,0.005060
scipy-powell,cold,0,1752,22.0490,0.005060
scipy-powell,cold,0,1753,22.0610,0.005060
scipy-powell,cold,0,1754,22.0731,0.005060
scipy-powell,cold,0,1755,22.0847,0.005060
scipy-powell,cold,0,1756,22.0959,0.005060
scipy-powell,cold,0,1757,22.1072,0.005060
scipy-powell,cold,0,1758,22.1188,0.005060
scipy-powell,cold,0,1759,22.1303,0.005060
scipy-powell,cold,0,1760,22.1414,0.005060
scipy-powell,cold,0,1761,22.1526,0.005060
scipy-powell,cold,0,1762,22.1638,0.005060
scipy-powell,cold,0,1763,22.1751,0.005060
scipy-powell,cold,0,1764,22.1875,0.005060
scipy-powell,cold,0,1765,22.2003,0.005060
scipy-powell,cold,0,1766,22.2126,0.005060
scipy-powell,cold,0,1767,22.2242,0.005060
scipy-powell,cold,0,1768,22.2358,0.005060
scipy-powell,cold,0,1769,22.2470,0.005060
scipy-powell,cold,0,1770,22.2595,0.005060
scipy-powell,cold,0,1771,22.2718,0.005060
scipy-powell,cold,0,1772,22.2840,0.005060
scipy-powell,cold,0,1773,22.2969,0.005060
scipy-powell,cold,0,1774,22.3092,0.005060
scipy-powell,cold,0,1775,22.3208,0.005060
scipy-powell,cold,0,1776,22.3331,0.005060
scipy-powell,cold,0,1777,22.3443,0.005060
scipy-powell,cold,0,1778,22.3555,0.005060
scipy-powell,cold,0,1779,22.3667,0.005060
scipy-powell,cold,0,1780,22.3782,0.005060
scipy-powell,cold,0,1781,22.3914,0.005060
scipy-powell,cold,0,1782,22.4052,0.005060
scipy-powell,cold,0,1783,22.4182,0.005060
scipy-powell,cold,0,1784,22.4308,0.005060
scipy-powell,cold,0,1785,22.4425,0.005060
scipy-powell,cold,0,1789,22.4883,0.005060
scipy-powell,cold,0,1790,22.5000,0.005060
scipy-powell,cold,0,1791,22.5114,0.005060
scipy-powell,cold,0,1792,22.5234,0.005060
scipy-powell,cold,0,1793,22.5349,0.005060
scipy-powell,cold,0,1802,22.6414,0.005060
scipy-powell,cold,0,1805,22.6752,0.005060
scipy-powell,cold,0,1807,22.6984,0.005058
scipy-powell,cold,0,1809,22.7215,0.005055
scipy-powell,cold,0,1810,22.7334,0.005054
scipy-powell,cold,0,1811,22.7449,0.005053
scipy-powell,cold,0,1812,22.7561,0.005052
scipy-powell,cold,0,1813,22.7672,0.005052
scipy-powell,cold,0,1814,22.7799,0.005052
scipy-powell,cold,0,1815,22.7916,0.005052
scipy-powell,cold,0,1816,22.8026,0.005052
scipy-powell,cold,0,1817,22.8145,0.005052
scipy-powell,cold,0,1818,22.8259,0.005052
scipy-powell,cold,0,1819,22.8371,0.005052
scipy-powell,cold,0,1820,22.8483,0.005052
scipy-powell,cold,0,1821,22.8595,0.005052
scipy-powell,cold,0,1822,22.8711,0.005052
scipy-powell,cold,0,1823,22.8824,0.005052
scipy-powell,cold,0,1824,22.8940,0.005052
scipy-powell,cold,0,1825,22.9069,0.005052
scipy-powell,cold,0,1826,22.9182,0.005052
scipy-powell,cold,0,1827,22.9299,0.005052
scipy-powell,cold,0,1828,22.9410,0.005052
scipy-powell,cold,0,1829,22.9522,0.005052
scipy-powell,cold,0,1830,22.9635,0.005052
scipy-powell,cold,0,1831,22.9779,0.005052
scipy-powell,cold,0,1832,22.9903,0.005052
scipy-powell,cold,0,1833,23.0021,0.005052
scipy-powell,cold,0,1834,23.0140,0.005052
scipy-powell,cold,0,1835,23.0253,0.005052
scipy-powell,cold,0,1836,23.0368,0.005052
scipy-powell,cold,0,1837,23.0482,0.005052
scipy-powell,cold,0,1838,23.0598,0.005052
scipy-powell,cold,0,1839,23.0728,0.005052
scipy-powell,cold,0,1840,23.0843,0.005052
scipy-powell,cold,0,1841,23.0963,0.005052
scipy-powell,cold,0,1842,23.1080,0.005052
scipy-powell,cold,0,1843,23.1197,0.005052
scipy-powell,cold,0,1844,23.1326,0.005045
scipy-powell,cold,0,1847,23.1696,0.005045
scipy-powell,cold,0,1848,23.1822,0.005045
scipy-powell,cold,0,1850,23.2057,0.005045
scipy-powell,cold,0,1851,23.2172,0.005045
scipy-powell,cold,0,1852,23.2285,0.005045
scipy-powell,cold,0,1853,23.2426,0.005045
scipy-powell,cold,0,1854,23.2559,0.005045
scipy-powell,cold,0,1855,23.2670,0.005045
scipy-powell,cold,0,1863,23.3570,0.005003
scipy-powell,cold,0,1865,23.3801,0.004987
scipy-powell,cold,0,1866,23.3934,0.004986
scipy-powell,cold,0,1867,23.4063,0.004985
scipy-powell,cold,0,1868,23.4172,0.004985
scipy-powell,cold,0,1869,23.4284,0.004985
scipy-powell,cold,0,1870,23.4397,0.004985
scipy-powell,cold,0,1871,23.4519,0.004985
scipy-powell,cold,0,1876,23.5077,0.004984
scipy-powell,cold,0,1877,23.5194,0.004983
scipy-powell,cold,0,1878,23.5306,0.004983
scipy-powell,cold,0,1879,23.5416,0.004983
scipy-powell,cold,0,1880,23.5536,0.004983
scipy-powell,cold,0,1881,23.5659,0.004983
scipy-powell,cold,0,1882,23.5788,0.004983
scipy-powell,cold,0,1883,23.5920,0.004983
scipy-powell,cold,0,1885,23.6180,0.004983
scipy-powell,cold,0,1891,23.6855,0.004950
scipy-powell,cold,0,1893,23.7085,0.004931
scipy-powell,cold,0,1895,23.7310,0.004930
scipy-powell,cold,0,1896,23.7422,0.004930
scipy-powell,cold,0,1897,23.7531,0.004930
scipy-powell,cold,0,1898,23.7640,0.004930
scipy-powell,cold,0,1899,23.7749,0.004930
scipy-powell,cold,0,1901,23.7966,0.004930
scipy-powell,cold,0,1909,23.8868,0.004930
scipy-powell,cold,0,1911,23.9103,0.004930
scipy-powell,cold,0,1912,23.9213,0.004930
scipy-powell,cold,0,1913,23.9324,0.004930
scipy-powell,cold,0,1914,23.9436,0.004930
scipy-powell,cold,0,1915,23.9546,0.004930
scipy-powell,cold,0,1922,24.0331,0.004930
scipy-powell,cold,0,1923,24.0445,0.004916
scipy-powell,cold,0,1925,24.0668,0.004909
scipy-powell,cold,0,1926,24.0780,0.004906
scipy-powell,cold,0,1927,24.0895,0.004905
scipy-powell,cold,0,1928,24.1012,0.004904
scipy-powell,cold,0,1929,24.1126,0.004903
scipy-powell,cold,0,1930,24.1236,0.004903
scipy-powell,cold,0,1931,24.1362,0.004903
scipy-powell,cold,0,1932,24.1474,0.004903
scipy-powell,cold,0,1933,24.1589,0.004903
scipy-powell,cold,0,1934,24.1698,0.004903
scipy-powell,cold,0,1935,24.1810,0.004903
scipy-powell,cold,0,1936,24.1920,0.004903
scipy-powell,cold,0,1937,24.2029,0.004903
scipy-powell,cold,0,1938,24.2141,0.004903
scipy-powell,cold,0,1939,24.2254,0.004903
scipy-powell,cold,0,1940,24.2367,0.004903
scipy-powell,cold,0,1941,24.2485,0.004903
scipy-powell,cold,0,1942,24.2605,0.004903
scipy-powell,cold,0,1943,24.2716,0.004903
scipy-powell,cold,0,1944,24.2824,0.004903
scipy-powell,cold,0,1945,24.2945,0.004903
scipy-powell,cold,0,1946,24.3061,0.004903
scipy-powell,cold,0,1947,24.3174,0.004903
scipy-powell,cold,0,1948,24.3286,0.004903
scipy-powell,cold,0,1949,24.3404,0.004903
scipy-powell,cold,0,1950,24.3520,0.004903
scipy-powell,cold,0,1951,24.3641,0.004903
scipy-powell,cold,0,1952,24.3773,0.004903
scipy-powell,cold,0,1953,24.3888,0.004903
scipy-powell,cold,0,1954,24.4004,0.004903
scipy-powell,cold,0,1955,24.4121,0.004903
scipy-powell,cold,0,1956,24.4233,0.004903
scipy-powell,cold,0,1957,24.4350,0.004903
scipy-powell,cold,0,1958,24.4463,0.004903
scipy-powell,cold,0,1959,24.4575,0.004903
scipy-powell,cold,0,1960,24.4689,0.004901
scipy-powell,cold,0,1962,24.4913,0.004899
scipy-powell,cold,0,1963,24.5025,0.004899
scipy-powell,cold,0,1964,24.5138,0.004899
scipy-powell,cold,0,1966,24.5365,0.004899
scipy-powell,cold,0,1967,24.5478,0.004899
scipy-powell,cold,0,1969,24.5701,0.004899
scipy-powell,cold,0,1970,24.5813,0.004899
scipy-powell,cold,0,1971,24.5928,0.004899
scipy-powell,cold,0,1976,24.6490,0.004899
scipy-powell,cold,0,1983,24.7304,0.004898
scipy-powell,cold,0,1984,24.7415,0.004893
scipy-powell,cold,0,1985,24.7525,0.004891
scipy-powell,cold,0,1986,24.7639,0.004889
scipy-powell,cold,0,1987,24.7750,0.004889
scipy-powell,cold,0,1988,24.7866,0.004888
scipy-powell,cold,0,1989,24.7986,0.004888
scipy-powell,cold,0,1990,24.8098,0.004888
scipy-powell,cold,0,1991,24.8211,0.004888
scipy-powell,cold,0,1992,24.8323,0.004888
scipy-powell,cold,0,1993,24.8436,0.004888
scipy-powell,cold,0,1994,24.8547,0.004888
scipy-powell,cold,0,1995,24.8664,0.004888
scipy-powell,cold,0,1996,24.8796,0.004888
scipy-powell,cold,0,1997,24.8914,0.004888
scipy-powell,cold,0,1998,24.9031,0.004888
scipy-powell,cold,0,1999,24.9148,0.004888
scipy-powell,cold,0,2000,24.9260,0.004888
scipy-powell,cold,1,0,0.0000,0.006062
scipy-powell,cold,1,2,0.0358,0.006060
scipy-powell,cold,1,4,0.0586,0.006060
scipy-powell,cold,1,5,0.0700,0.006060
scipy-powell,cold,1,6,0.0819,0.006060
scipy-powell,cold,1,7,0.0932,0.006060
scipy-powell,cold,1,8,0.1047,0.006060
scipy-powell,cold,1,16,0.1972,0.006060
scipy-powell,cold,1,24,0.2944,0.006060
scipy-powell,cold,1,25,0.3057,0.006060
scipy-powell,cold,1,26,0.3169,0.006060
scipy-powell,cold,1,27,0.3298,0.006060
scipy-powell,cold,1,28,0.3414,0.006060
scipy-powell,cold,1,29,0.3526,0.006060
scipy-powell,cold,1,30,0.3641,0.006060
scipy-powell,cold,1,31,0.3758,0.006060
scipy-powell,cold,1,32,0.3875,0.006060
scipy-powell,cold,1,33,0.3992,0.006060
scipy-powell,cold,1,34,0.4117,0.006060
scipy-powell,cold,1,35,0.4231,0.006060
scipy-powell,cold,1,36,0.4345,0.006060
scipy-powell,cold,1,37,0.4458,0.006060
scipy-powell,cold,1,38,0.4570,0.006060
scipy-powell,cold,1,39,0.4686,0.006060
scipy-powell,cold,1,40,0.4800,0.006060
scipy-powell,cold,1,41,0.4914,0.006060
scipy-powell,cold,1,42,0.5031,0.006060
scipy-powell,cold,1,43,0.5145,0.006060
scipy-powell,cold,1,44,0.5266,0.006060
scipy-powell,cold,1,45,0.5401,0.006060
scipy-powell,cold,1,46,0.5515,0.006060
scipy-powell,cold,1,47,0.5632,0.006060
scipy-powell,cold,1,48,0.5752,0.006060
scipy-powell,cold,1,49,0.5870,0.006060
scipy-powell,cold,1,50,0.5984,0.006060
scipy-powell,cold,1,51,0.6098,0.006060
scipy-powell,cold,1,52,0.6212,0.006060
scipy-powell,cold,1,53,0.6336,0.006060
scipy-powell,cold,1,54,0.6457,0.006060
scipy-powell,cold,1,55,0.6586,0.006060
scipy-powell,cold,1,56,0.6700,0.006060
scipy-powell,cold,1,57,0.6815,0.006060
scipy-powell,cold,1,58,0.6929,0.006060
scipy-powell,cold,1,59,0.7044,0.006060
scipy-powell,cold,1,60,0.7159,0.006060
scipy-powell,cold,1,61,0.7272,0.006060
scipy-powell,cold,1,63,0.7500,0.006060
scipy-powell,cold,1,64,0.7613,0.006060
scipy-powell,cold,1,65,0.7727,0.006060
scipy-powell,cold,1,66,0.7843,0.006060
scipy-powell,cold,1,67,0.7959,0.006060
scipy-powell,cold,1,69,0.8188,0.006060
scipy-powell,cold,1,70,0.8302,0.006060
scipy-powell,cold,1,74,0.8759,0.006060
scipy-powell,cold,1,78,0.9241,0.006060
scipy-powell,cold,1,81,0.9584,0.006060
scipy-powell,cold,1,82,0.9697,0.006060
scipy-powell,cold,1,83,0.9812,0.006060
scipy-powell,cold,1,84,0.9926,0.006060
scipy-powell,cold,1,85,1.0042,0.006060
scipy-powell,cold,1,88,1.0386,0.006060
scipy-powell,cold,1,103,1.2100,0.006060
scipy-powell,cold,1,105,1.2331,0.006060
scipy-powell,cold,1,106,1.2446,0.006060
scipy-powell,cold,1,107,1.2559,0.006060
scipy-powell,cold,1,108,1.2673,0.006060
scipy-powell,cold,1,109,1.2787,0.006060
scipy-powell,cold,1,110,1.2902,0.006060
scipy-powell,cold,1,111,1.3018,0.006060
scipy-powell,cold,1,112,1.3131,0.006060
scipy-powell,cold,1,113,1.3253,0.006060
scipy-powell,cold,1,115,1.3491,0.006060
scipy-powell,cold,1,120,1.4110,0.006060
scipy-powell,cold,1,126,1.4801,0.006060
scipy-powell,cold,1,128,1.5029,0.006060
scipy-powell,cold,1,129,1.5143,0.006060
scipy-powell,cold,1,130,1.5256,0.006060
scipy-powell,cold,1,131,1.5371,0.006060
scipy-powell,cold,1,132,1.5484,0.006060
scipy-powell,cold,1,143,1.6742,0.006060
scipy-powell,cold,1,148,1.7302,0.006060
scipy-powell,cold,1,151,1.7662,0.006060
scipy-powell,cold,1,152,1.7775,0.006060
scipy-powell,cold,1,153,1.7893,0.006060
scipy-powell,cold,1,154,1.8008,0.006060
scipy-powell,cold,1,155,1.8124,0.006060
scipy-powell,cold,1,156,1.8241,0.006060
scipy-powell,cold,1,163,1.9044,0.006060
scipy-powell,cold,1,170,1.9844,0.006059
scipy-powell,cold,1,172,2.0075,0.006059
scipy-powell,cold,1,174,2.0299,0.006059
scipy-powell,cold,1,175,2.0413,0.006059
scipy-powell,cold,1,176,2.0525,0.006059
scipy-powell,cold,1,178,2.0752,0.006059
scipy-powell,cold,1,180,2.0987,0.006059
scipy-powell,cold,1,181,2.1107,0.006059
scipy-powell,cold,1,188,2.1894,0.006059
scipy-powell,cold,1,191,2.2232,0.005909
scipy-powell,cold,1,193,2.2454,0.005750
scipy-powell,cold,1,195,2.2677,0.005746
scipy-powell,cold,1,197,2.2901,0.005737
scipy-powell,cold,1,200,2.3242,0.005737
scipy-powell,cold,1,201,2.3353,0.005737
scipy-powell,cold,1,202,2.3469,0.005737
scipy-powell,cold,1,203,2.3581,0.005737
scipy-powell,cold,1,204,2.3694,0.005737
scipy-powell,cold,1,205,2.3805,0.005737
scipy-powell,cold,1,551,6.3936,0.005661
scipy-powell,cold,1,554,6.4283,0.005656
scipy-powell,cold,1,556,6.4519,0.005656
scipy-powell,cold,1,557,6.4634,0.005656
scipy-powell,cold,1,558,6.4751,0.005656
scipy-powell,cold,1,569,6.6022,0.005656
scipy-powell,cold,1,570,6.6135,0.005656
scipy-powell,cold,1,571,6.6249,0.005656
scipy-powell,cold,1,572,6.6364,0.005656
scipy-powell,cold,1,573,6.6499,0.005656
scipy-powell,cold,1,574,6.6643,0.005656
scipy-powell,cold,1,596,7.0242,0.005650
scipy-powell,cold,1,598,7.0469,0.005649
scipy-powell,cold,1,599,7.0584,0.005649
scipy-powell,cold,1,600,7.0697,0.005648
scipy-powell,cold,1,601,7.0830,0.005648
scipy-powell,cold,1,602,7.0953,0.005648
scipy-powell,cold,1,603,7.1071,0.005648
scipy-powell,cold,1,606,7.1451,0.005648
scipy-powell,cold,1,611,7.2044,0.005648
scipy-powell,cold,1,612,7.2163,0.005648
scipy-powell,cold,1,615,7.2519,0.005648
scipy-powell,cold,1,616,7.2634,0.005648
scipy-powell,cold,1,617,7.2763,0.005648
scipy-powell,cold,1,618,7.2888,0.005648
scipy-powell,cold,1,619,7.3010,0.005648
scipy-powell,cold,1,620,7.3130,0.005648
scipy-powell,cold,1,621,7.3243,0.005648
scipy-powell,cold,1,622,7.3357,0.005648
scipy-powell,cold,1,623,7.3470,0.005648
scipy-powell,cold,1,624,7.3586,0.005648
scipy-powell,cold,1,625,7.3698,0.005648
scipy-powell,cold,1,626,7.3811,0.005648
scipy-powell,cold,1,627,7.3922,0.005648
scipy-powell,cold,1,628,7.4036,0.005648
scipy-powell,cold,1,629,7.4152,0.005648
scipy-powell,cold,1,630,7.4264,0.005648
scipy-powell,cold,1,631,7.4378,0.005648
scipy-powell,cold,1,632,7.4492,0.005648
scipy-powell,cold,1,633,7.4605,0.005648
scipy-powell,cold,1,634,7.4721,0.005648
scipy-powell,cold,1,635,7.4839,0.005648
scipy-powell,cold,1,636,7.4956,0.005648
scipy-powell,cold,1,637,7.5091,0.005648
scipy-powell,cold,1,638,7.5208,0.005648
scipy-powell,cold,1,639,7.5326,0.005648
scipy-powell,cold,1,640,7.5440,0.005648
scipy-powell,cold,1,641,7.5563,0.005648
scipy-powell,cold,1,642,7.5686,0.005648
scipy-powell,cold,1,643,7.5808,0.005648
scipy-powell,cold,1,644,7.5924,0.005648
scipy-powell,cold,1,645,7.6045,0.005648
scipy-powell,cold,1,646,7.6175,0.005648
scipy-powell,cold,1,647,7.6302,0.005648
scipy-powell,cold,1,648,7.6431,0.005648
scipy-powell,cold,1,649,7.6561,0.005648
scipy-powell,cold,1,650,7.6693,0.005648
scipy-powell,cold,1,653,7.7063,0.005647
scipy-powell,cold,1,654,7.7184,0.005647
scipy-powell,cold,1,655,7.7306,0.005646
scipy-powell,cold,1,656,7.7427,0.005646
scipy-powell,cold,1,657,7.7539,0.005646
scipy-powell,cold,1,658,7.7652,0.005646
scipy-powell,cold,1,659,7.7764,0.005646
scipy-powell,cold,1,660,7.7878,0.005645
scipy-powell,cold,1,661,7.7989,0.005645
scipy-powell,cold,1,662,7.8101,0.005645
scipy-powell,cold,1,663,7.8215,0.005645
scipy-powell,cold,1,664,7.8329,0.005645
scipy-powell,cold,1,665,7.8442,0.005645
scipy-powell,cold,1,666,7.8555,0.005645
scipy-powell,cold,1,667,7.8669,0.005645
scipy-powell,cold,1,668,7.8784,0.005645
scipy-powell,cold,1,669,7.8898,0.005645
scipy-powell,cold,1,670,7.9010,0.005645
scipy-powell,cold,1,671,7.9125,0.005645
scipy-powell,cold,1,672,7.9242,0.005645
scipy-powell,cold,1,673,7.9359,0.005645
scipy-powell,cold,1,674,7.9474,0.005645
scipy-powell,cold,1,675,7.9591,0.005645
scipy-powell,cold,1,676,7.9712,0.005645
scipy-powell,cold,1,677,7.9831,0.005645
scipy-powell,cold,1,678,7.9948,0.005645
scipy-powell,cold,1,679,8.0065,0.005645
scipy-powell,cold,1,680,8.0181,0.005645
scipy-powell,cold,1,681,8.0299,0.005645
scipy-powell,cold,1,682,8.0416,0.005645
scipy-powell,cold,1,683,8.0532,0.005645
scipy-powell,cold,1,684,8.0648,0.005645
scipy-powell,cold,1,685,8.0766,0.005645
scipy-powell,cold,1,686,8.0883,0.005645
scipy-powell,cold,1,687,8.0997,0.005645
scipy-powell,cold,1,688,8.1111,0.005645
scipy-powell,cold,1,689,8.1226,0.005637
scipy-powell,cold,1,691,8.1449,0.005629
scipy-powell,cold,1,692,8.1563,0.005624
scipy-powell,cold,1,696,8.2020,0.005624
scipy-powell,cold,1,697,8.2130,0.005624
scipy-powell,cold,1,698,8.2254,0.005624
scipy-powell,cold,1,699,8.2367,0.005624
scipy-powell,cold,1,700,8.2492,0.005624
scipy-powell,cold,1,707,8.3323,0.005621
scipy-powell,cold,1,708,8.3437,0.005619
scipy-powell,cold,1,709,8.3550,0.005618
scipy-powell,cold,1,710,8.3667,0.005617
scipy-powell,cold,1,711,8.3780,0.005617
scipy-powell,cold,1,712,8.3893,0.005617
scipy-powell,cold,1,713,8.4009,0.005617
scipy-powell,cold,1,714,8.4121,0.005617
scipy-powell,cold,1,715,8.4233,0.005617
scipy-powell,cold,1,716,8.4347,0.005617
scipy-powell,cold,1,717,8.4460,0.005617
scipy-powell,cold,1,718,8.4570,0.005617
scipy-powell,cold,1,719,8.4683,0.005617
scipy-powell,cold,1,720,8.4797,0.005617
scipy-powell,cold,1,721,8.4914,0.005617
scipy-powell,cold,1,722,8.5028,0.005617
scipy-powell,cold,1,723,8.5142,0.005617
scipy-powell,cold,1,724,8.5267,0.005617
scipy-powell,cold,1,725,8.5377,0.005617
scipy-powell,cold,1,726,8.5489,0.005617
scipy-powell,cold,1,727,8.5608,0.005617
scipy-powell,cold,1,728,8.5723,0.005617
scipy-powell,cold,1,729,8.5849,0.005617
scipy-powell,cold,1,730,8.5962,0.005617
scipy-powell,cold,1,731,8.6075,0.005617
scipy-powell,cold,1,732,8.6188,0.005617
scipy-powell,cold,1,733,8.6301,0.005617
scipy-powell,cold,1,734,8.6414,0.005617
scipy-powell,cold,1,735,8.6527,0.005617
scipy-powell,cold,1,736,8.6648,0.005617
scipy-powell,cold,1,737,8.6762,0.005617
scipy-powell,cold,1,738,8.6877,0.005617
scipy-powell,cold,1,739,8.6988,0.005617
scipy-powell,cold,1,740,8.7101,0.005617
scipy-powell,cold,1,741,8.7213,0.005617
scipy-powell,cold,1,745,8.7663,0.005614
scipy-powell,cold,1,746,8.7776,0.005614
scipy-powell,cold,1,748,8.8001,0.005614
scipy-powell,cold,1,750,8.8234,0.005614
scipy-powell,cold,1,751,8.8357,0.005614
scipy-powell,cold,1,752,8.8469,0.005614
scipy-powell,cold,1,755,8.8811,0.005614
scipy-powell,cold,1,757,8.9034,0.005614
scipy-powell,cold,1,760,8.9374,0.005609
scipy-powell,cold,1,764,8.9829,0.005609
scipy-powell,cold,1,766,9.0054,0.005608
scipy-powell,cold,1,768,9.0279,0.005608
scipy-powell,cold,1,770,9.0510,0.005608
scipy-powell,cold,1,771,9.0624,0.005608
scipy-powell,cold,1,772,9.0738,0.005608
scipy-powell,cold,1,781,9.1754,0.005608
scipy-powell,cold,1,782,9.1867,0.005608
scipy-powell,cold,1,784,9.2091,0.005608
scipy-powell,cold,1,785,9.2205,0.005608
scipy-powell,cold,1,786,9.2320,0.005608
scipy-powell,cold,1,787,9.2433,0.005608
scipy-powell,cold,1,788,9.2548,0.005608
scipy-powell,cold,1,790,9.2779,0.005608
scipy-powell,cold,1,791,9.2893,0.005608
scipy-powell,cold,1,793,9.3121,0.005608
scipy-powell,cold,1,797,9.3575,0.005507
scipy-powell,cold,1,798,9.3693,0.005446
scipy-powell,cold,1,802,9.4146,0.005445
scipy-powell,cold,1,803,9.4261,0.005445
scipy-powell,cold,1,804,9.4374,0.005445
scipy-powell,cold,1,805,9.4486,0.005445
scipy-powell,cold,1,806,9.4599,0.005445
scipy-powell,cold,1,807,9.4710,0.005445
scipy-powell,cold,1,814,9.5505,0.005445
scipy-powell,cold,1,820,9.6189,0.005442
scipy-powell,cold,1,821,9.6307,0.005442
scipy-powell,cold,1,822,9.6419,0.005441
scipy-powell,cold,1,823,9.6536,0.005441
scipy-powell,cold,1,824,9.6657,0.005441
scipy-powell,cold,1,825,9.6772,0.005441
scipy-powell,cold,1,826,9.6887,0.005441
scipy-powell,cold,1,827,9.7002,0.005441
scipy-powell,cold,1,828,9.7123,0.005441
scipy-powell,cold,1,831,9.7483,0.005441
scipy-powell,cold,1,835,9.7944,0.005440
scipy-powell,cold,1,836,9.8059,0.005440
scipy-powell,cold,1,837,9.8172,0.005440
scipy-powell,cold,1,838,9.8286,0.005440
scipy-powell,cold,1,839,9.8400,0.005440
scipy-powell,cold,1,851,9.9794,0.005439
scipy-powell,cold,1,852,9.9910,0.005439
scipy-powell,cold,1,853,10.0027,0.005439
scipy-powell,cold,1,854,10.0141,0.005439
scipy-powell,cold,1,855,10.0255,0.005439
scipy-powell,cold,1,856,10.0370,0.005439
scipy-powell,cold,1,857,10.0485,0.005439
scipy-powell,cold,1,858,10.0599,0.005439
scipy-powell,cold,1,863,10.1199,0.005439
scipy-powell,cold,1,867,10.1666,0.005422
scipy-powell,cold,1,868,10.1784,0.005420
scipy-powell,cold,1,869,10.1902,0.005420
scipy-powell,cold,1,870,10.2028,0.005420
scipy-powell,cold,1,871,10.2143,0.005420
scipy-powell,cold,1,872,10.2258,0.005420
scipy-powell,cold,1,873,10.2371,0.005420
scipy-powell,cold,1,876,10.2712,0.005420
scipy-powell,cold,1,881,10.3283,0.005412
scipy-powell,cold,1,882,10.3396,0.005411
scipy-powell,cold,1,883,10.3509,0.005410
scipy-powell,cold,1,885,10.3743,0.005410
scipy-powell,cold,1,886,10.3858,0.005410
scipy-powell,cold,1,887,10.3972,0.005410
scipy-powell,cold,1,888,10.4088,0.005410
scipy-powell,cold,1,889,10.4201,0.005410
scipy-powell,cold,1,890,10.4312,0.005410
scipy-powell,cold,1,909,10.6504,0.005410
scipy-powell,cold,1,910,10.6617,0.005409
scipy-powell,cold,1,911,10.6735,0.005409
scipy-powell,cold,1,912,10.6849,0.005409
scipy-powell,cold,1,913,10.6962,0.005409
scipy-powell,cold,1,914,10.7078,0.005409
scipy-powell,cold,1,915,10.7200,0.005409
scipy-powell,cold,1,916,10.7326,0.005409
scipy-powell,cold,1,917,10.7442,0.005409
scipy-powell,cold,1,918,10.7564,0.005409
scipy-powell,cold,1,919,10.7686,0.005409
scipy-powell,cold,1,920,10.7817,0.005409
scipy-powell,cold,1,921,10.7941,0.005409
scipy-powell,cold,1,922,10.8066,0.005409
scipy-powell,cold,1,923,10.8194,0.005409
scipy-powell,cold,1,924,10.8323,0.005409
scipy-powell,cold,1,925,10.8445,0.005409
scipy-powell,cold,1,926,10.8563,0.005409
scipy-powell,cold,1,927,10.8693,0.005409
scipy-powell,cold,1,928,10.8822,0.005409
scipy-powell,cold,1,929,10.8941,0.005409
scipy-powell,cold,1,930,10.9060,0.005409
scipy-powell,cold,1,931,10.9181,0.005409
scipy-powell,cold,1,932,10.9301,0.005409
scipy-powell,cold,1,933,10.9420,0.005409
scipy-powell,cold,1,934,10.9541,0.005409
scipy-powell,cold,1,935,10.9663,0.005409
scipy-powell,cold,1,936,10.9783,0.005409
scipy-powell,cold,1,937,10.9906,0.005409
scipy-powell,cold,1,938,11.0026,0.005409
scipy-powell,cold,1,939,11.0149,0.005409
scipy-powell,cold,1,940,11.0298,0.005409
scipy-powell,cold,1,941,11.0414,0.005409
scipy-powell,cold,1,942,11.0532,0.005409
scipy-powell,cold,1,943,11.0651,0.005409
scipy-powell,cold,1,944,11.0771,0.005409
scipy-powell,cold,1,945,11.0889,0.005408
scipy-powell,cold,1,947,11.1127,0.005408
scipy-powell,cold,1,948,11.1248,0.005408
scipy-powell,cold,1,950,11.1488,0.005408
scipy-powell,cold,1,952,11.1731,0.005408
scipy-powell,cold,1,954,11.1971,0.005408
scipy-powell,cold,1,955,11.2094,0.005408
scipy-powell,cold,1,968,11.3685,0.005408
scipy-powell,cold,1,969,11.3810,0.005408
scipy-powell,cold,1,978,11.4890,0.005408
scipy-powell,cold,1,979,11.5011,0.005408
scipy-powell,cold,1,980,11.5129,0.005408
scipy-powell,cold,1,981,11.5252,0.005408
scipy-powell,cold,1,982,11.5373,0.005408
scipy-powell,cold,1,983,11.5496,0.005408
scipy-powell,cold,1,984,11.5619,0.005408
scipy-powell,cold,1,985,11.5739,0.005408
scipy-powell,cold,1,986,11.5858,0.005408
scipy-powell,cold,1,987,11.5976,0.005408
scipy-powell,cold,1,988,11.6094,0.005408
scipy-powell,cold,1,989,11.6221,0.005408
scipy-powell,cold,1,990,11.6343,0.005408
scipy-powell,cold,1,991,11.6464,0.005408
scipy-powell,cold,1,992,11.6589,0.005408
scipy-powell,cold,1,993,11.6718,0.005408
scipy-powell,cold,1,994,11.6840,0.005408
scipy-powell,cold,1,995,11.6961,0.005408
scipy-powell,cold,1,996,11.7103,0.005408
scipy-powell,cold,1,997,11.7232,0.005408
scipy-powell,cold,1,998,11.7357,0.005408
scipy-powell,cold,1,999,11.7481,0.005408
scipy-powell,cold,1,1000,11.7609,0.005408
scipy-powell,cold,1,1001,11.7745,0.005408
scipy-powell,cold,1,1002,11.7871,0.005408
scipy-powell,cold,1,1003,11.7991,0.005408
scipy-powell,cold,1,1004,11.8112,0.005408
scipy-powell,cold,1,1005,11.8233,0.005408
scipy-powell,cold,1,1006,11.8354,0.005408
scipy-powell,cold,1,1007,11.8474,0.005408
scipy-powell,cold,1,1008,11.8594,0.005408
scipy-powell,cold,1,1009,11.8713,0.005408
scipy-powell,cold,1,1010,11.8837,0.005408
scipy-powell,cold,1,1011,11.8959,0.005408
scipy-powell,cold,1,1012,11.9082,0.005406
scipy-powell,cold,1,1015,11.9443,0.005406
scipy-powell,cold,1,1017,11.9685,0.005406
scipy-powell,cold,1,1018,11.9806,0.005406
scipy-powell,cold,1,1019,11.9927,0.005406
scipy-powell,cold,1,1020,12.0054,0.005406
scipy-powell,cold,1,1021,12.0175,0.005406
scipy-powell,cold,1,1024,12.0543,0.005406
scipy-powell,cold,1,1029,12.1174,0.005404
scipy-powell,cold,1,1030,12.1298,0.005397
scipy-powell,cold,1,1031,12.1421,0.005395
scipy-powell,cold,1,1032,12.1543,0.005394
scipy-powell,cold,1,1033,12.1672,0.005394
scipy-powell,cold,1,1034,12.1794,0.005394
scipy-powell,cold,1,1035,12.1916,0.005394
scipy-powell,cold,1,1036,12.2038,0.005394
scipy-powell,cold,1,1037,12.2164,0.005394
scipy-powell,cold,1,1045,12.3146,0.005393
scipy-powell,cold,1,1046,12.3272,0.005393
scipy-powell,cold,1,1048,12.3522,0.005393
scipy-powell,cold,1,1049,12.3645,0.005393
scipy-powell,cold,1,1050,12.3771,0.005393
scipy-powell,cold,1,1051,12.3894,0.005393
scipy-powell,cold,1,1061,12.5124,0.005392
scipy-powell,cold,1,1064,12.5481,0.005391
scipy-powell,cold,1,1068,12.5957,0.005391
scipy-powell,cold,1,1069,12.6077,0.005391
scipy-powell,cold,1,1070,12.6197,0.005391
scipy-powell,cold,1,1071,12.6317,0.005391
scipy-powell,cold,1,1072,12.6441,0.005391
scipy-powell,cold,1,1077,12.7054,0.005389
scipy-powell,cold,1,1079,12.7297,0.005385
scipy-powell,cold,1,1082,12.7662,0.005385
scipy-powell,cold,1,1083,12.7787,0.005385
scipy-powell,cold,1,1084,12.7910,0.005385
scipy-powell,cold,1,1085,12.8031,0.005385
scipy-powell,cold,1,1086,12.8154,0.005385
scipy-powell,cold,1,1088,12.8410,0.005385
scipy-powell,cold,1,1100,12.9898,0.005385
scipy-powell,cold,1,1101,13.0021,0.005383
scipy-powell,cold,1,1103,13.0272,0.005383
scipy-powell,cold,1,1104,13.0402,0.005383
scipy-powell,cold,1,1105,13.0531,0.005383
scipy-powell,cold,1,1106,13.0662,0.005383
scipy-powell,cold,1,1107,13.0792,0.005383
scipy-powell,cold,1,1108,13.0921,0.005383
scipy-powell,cold,1,1110,13.1169,0.005383
scipy-powell,cold,1,1117,13.2039,0.005383
scipy-powell,cold,1,1120,13.2403,0.005383
scipy-powell,cold,1,1121,13.2523,0.005383
scipy-powell,cold,1,1122,13.2646,0.005383
scipy-powell,cold,1,1123,13.2767,0.005383
scipy-powell,cold,1,1124,13.2887,0.005383
scipy-powell,cold,1,1128,13.3364,0.005383
scipy-powell,cold,1,1135,13.4221,0.005381
scipy-powell,cold,1,1136,13.4344,0.005378
scipy-powell,cold,1,1137,13.4469,0.005377
scipy-powell,cold,1,1138,13.4596,0.005376
scipy-powell,cold,1,1139,13.4720,0.005375
scipy-powell,cold,1,1140,13.4845,0.005375
scipy-powell,cold,1,1141,13.4976,0.005375
scipy-powell,cold,1,1142,13.5100,0.005374
scipy-powell,cold,1,1143,13.5220,0.005374
scipy-powell,cold,1,1144,13.5342,0.005374
scipy-powell,cold,1,1145,13.5463,0.005374
scipy-powell,cold,1,1146,13.5593,0.005374
scipy-powell,cold,1,1147,13.5717,0.005374
scipy-powell,cold,1,1148,13.5847,0.005374
scipy-powell,cold,1,1149,13.5973,0.005374
scipy-powell,cold,1,1150,13.6100,0.005374
scipy-powell,cold,1,1151,13.6221,0.005374
scipy-powell,cold,1,1152,13.6343,0.005374
scipy-powell,cold,1,1153,13.6464,0.005374
scipy-powell,cold,1,1154,13.6597,0.005374
scipy-powell,cold,1,1155,13.6723,0.005374
scipy-powell,cold,1,1156,13.6852,0.005374
scipy-powell,cold,1,1157,13.6973,0.005374
scipy-powell,cold,1,1158,13.7103,0.005374
scipy-powell,cold,1,1159,13.7228,0.005374
scipy-powell,cold,1,1160,13.7353,0.005374
scipy-powell,cold,1,1161,13.7486,0.005374
scipy-powell,cold,1,1162,13.7617,0.005374
scipy-powell,cold,1,1163,13.7748,0.005374
scipy-powell,cold,1,1164,13.7873,0.005374
scipy-powell,cold,1,1165,13.8002,0.005374
scipy-powell,cold,1,1166,13.8137,0.005374
scipy-powell,cold,1,1167,13.8265,0.005374
scipy-powell,cold,1,1168,13.8404,0.005374
scipy-powell,cold,1,1169,13.8529,0.005374
scipy-powell,cold,1,1171,13.8782,0.005371
scipy-powell,cold,1,1173,13.9032,0.005371
scipy-powell,cold,1,1175,13.9280,0.005371
scipy-powell,cold,1,1176,13.9402,0.005371
scipy-powell,cold,1,1177,13.9522,0.005371
scipy-powell,cold,1,1178,13.9650,0.005371
scipy-powell,cold,1,1179,13.9773,0.005371
scipy-powell,cold,1,1180,13.9895,0.005371
scipy-powell,cold,1,1195,14.1734,0.005370
scipy-powell,cold,1,1196,14.1857,0.005369
scipy-powell,cold,1,1197,14.1982,0.005369
scipy-powell,cold,1,1198,14.2103,0.005369
scipy-powell,cold,1,1199,14.2225,0.005369
scipy-powell,cold,1,1200,14.2349,0.005369
scipy-powell,cold,1,1201,14.2469,0.005369
scipy-powell,cold,1,1202,14.2592,0.005369
scipy-powell,cold,1,1203,14.2714,0.005369
scipy-powell,cold,1,1204,14.2840,0.005369
scipy-powell,cold,1,1205,14.2961,0.005369
scipy-powell,cold,1,1206,14.3081,0.005369
scipy-powell,cold,1,1207,14.3200,0.005369
scipy-powell,cold,1,1208,14.3320,0.005369
scipy-powell,cold,1,1209,14.3447,0.005369
scipy-powell,cold,1,1210,14.3569,0.005369
scipy-powell,cold,1,1211,14.3689,0.005369
scipy-powell,cold,1,1212,14.3811,0.005369
scipy-powell,cold,1,1213,14.3934,0.005369
scipy-powell,cold,1,1214,14.4051,0.005369
scipy-powell,cold,1,1215,14.4171,0.005369
scipy-powell,cold,1,1216,14.4292,0.005369
scipy-powell,cold,1,1217,14.4413,0.005369
scipy-powell,cold,1,1218,14.4532,0.005369
scipy-powell,cold,1,1219,14.4662,0.005369
scipy-powell,cold,1,1220,14.4781,0.005369
scipy-powell,cold,1,1221,14.4903,0.005369
scipy-powell,cold,1,1222,14.5026,0.005369
scipy-powell,cold,1,1223,14.5146,0.005369
scipy-powell,cold,1,1224,14.5268,0.005369
scipy-powell,cold,1,1225,14.5387,0.005369
scipy-powell,cold,1,1226,14.5504,0.005369
scipy-powell,cold,1,1229,14.5862,0.005363
scipy-powell,cold,1,1231,14.6103,0.005362
scipy-powell,cold,1,1232,14.6232,0.005362
scipy-powell,cold,1,1233,14.6371,0.005362
scipy-powell,cold,1,1234,14.6499,0.005362
scipy-powell,cold,1,1236,14.6753,0.005362
scipy-powell,cold,1,1237,14.6874,0.005362
scipy-powell,cold,1,1239,14.7115,0.005362
scipy-powell,cold,1,1242,14.7481,0.005361
scipy-powell,cold,1,1244,14.7718,0.005356
scipy-powell,cold,1,1245,14.7834,0.005351
scipy-powell,cold,1,1248,14.8193,0.005351
scipy-powell,cold,1,1249,14.8316,0.005351
scipy-powell,cold,1,1250,14.8440,0.005351
scipy-powell,cold,1,1251,14.8563,0.005351
scipy-powell,cold,1,1252,14.8681,0.005351
scipy-powell,cold,1,1641,19.7904,0.005336
scipy-powell,cold,1,1642,19.8028,0.005335
scipy-powell,cold,1,1643,19.8157,0.005334
scipy-powell,cold,1,1644,19.8282,0.005334
scipy-powell,cold,1,1645,19.8404,0.005334
scipy-powell,cold,1,1646,19.8526,0.005334
scipy-powell,cold,1,1647,19.8652,0.005334
scipy-powell,cold,1,1649,19.8906,0.005334
scipy-powell,cold,1,1664,20.0793,0.005334
scipy-powell,cold,1,1667,20.1162,0.005334
scipy-powell,cold,1,1675,20.2177,0.005334
scipy-powell,cold,1,1677,20.2440,0.005334
scipy-powell,cold,1,1678,20.2571,0.005334
scipy-powell,cold,1,1679,20.2702,0.005334
scipy-powell,cold,1,1681,20.2966,0.005334
scipy-powell,cold,1,1682,20.3090,0.005334
scipy-powell,cold,1,1684,20.3351,0.005334
scipy-powell,cold,1,1686,20.3614,0.005334
scipy-powell,cold,1,1687,20.3741,0.005333
scipy-powell,cold,1,1688,20.3873,0.005333
scipy-powell,cold,1,1689,20.4003,0.005333
scipy-powell,cold,1,1690,20.4146,0.005333
scipy-powell,cold,1,1691,20.4274,0.005333
scipy-powell,cold,1,1692,20.4408,0.005333
scipy-powell,cold,1,1693,20.4531,0.005333
scipy-powell,cold,1,1694,20.4657,0.005333
scipy-powell,cold,1,1695,20.4786,0.005333
scipy-powell,cold,1,1696,20.4910,0.005333
scipy-powell,cold,1,1697,20.5036,0.005333
scipy-powell,cold,1,1698,20.5164,0.005333
scipy-powell,cold,1,1699,20.5290,0.005333
scipy-powell,cold,1,1700,20.5417,0.005333
scipy-powell,cold,1,1701,20.5552,0.005333
scipy-powell,cold,1,1702,20.5687,0.005333
scipy-powell,cold,1,1703,20.5810,0.005333
scipy-powell,cold,1,1704,20.5937,0.005333
scipy-powell,cold,1,1705,20.6060,0.005333
scipy-powell,cold,1,1706,20.6192,0.005333
scipy-powell,cold,1,1707,20.6324,0.005333
scipy-powell,cold,1,1708,20.6458,0.005333
scipy-powell,cold,1,1709,20.6590,0.005333
scipy-powell,cold,1,1710,20.6719,0.005333
scipy-powell,cold,1,1711,20.6852,0.005333
scipy-powell,cold,1,1712,20.6987,0.005333
scipy-powell,cold,1,1713,20.7121,0.005333
scipy-powell,cold,1,1714,20.7246,0.005333
scipy-powell,cold,1,1715,20.7378,0.005333
scipy-powell,cold,1,1716,20.7501,0.005333
scipy-powell,cold,1,1717,20.7630,0.005333
scipy-powell,cold,1,1718,20.7760,0.005333
scipy-powell,cold,1,1719,20.7896,0.005333
scipy-powell,cold,1,1720,20.8028,0.005333
scipy-powell,cold,1,1721,20.8160,0.005333
scipy-powell,cold,1,1723,20.8442,0.005332
scipy-powell,cold,1,1726,20.8827,0.005332
scipy-powell,cold,1,1727,20.8960,0.005332
scipy-powell,cold,1,1729,20.9215,0.005332
scipy-powell,cold,1,1730,20.9343,0.005332
scipy-powell,cold,1,1731,20.9474,0.005332
scipy-powell,cold,1,1732,20.9600,0.005332
scipy-powell,cold,1,1734,20.9857,0.005332
scipy-powell,cold,1,1743,21.1021,0.005330
scipy-powell,cold,1,1746,21.1409,0.005330
scipy-powell,cold,1,1748,21.1666,0.005330
scipy-powell,cold,1,1749,21.1800,0.005330
scipy-powell,cold,1,1750,21.1931,0.005330
scipy-powell,cold,1,1756,21.2733,0.005330
scipy-powell,cold,1,1757,21.2867,0.005329
scipy-powell,cold,1,1759,21.3149,0.005326
scipy-powell,cold,1,1760,21.3284,0.005324
scipy-powell,cold,1,1763,21.3702,0.005324
scipy-powell,cold,1,1765,21.3964,0.005324
scipy-powell,cold,1,1766,21.4101,0.005324
scipy-powell,cold,1,1767,21.4241,0.005324
scipy-powell,cold,1,1768,21.4378,0.005324
scipy-powell,cold,1,1769,21.4512,0.005324
scipy-powell,cold,1,1777,21.5562,0.005319
scipy-powell,cold,1,1780,21.5966,0.005319
scipy-powell,cold,1,1781,21.6095,0.005319
scipy-powell,cold,1,1782,21.6221,0.005319
scipy-powell,cold,1,1783,21.6348,0.005319
scipy-powell,cold,1,1784,21.6472,0.005319
scipy-powell,cold,1,1785,21.6598,0.005319
scipy-powell,cold,1,1792,21.7526,0.005305
scipy-powell,cold,1,1794,21.7788,0.005289
scipy-powell,cold,1,1800,21.8597,0.005289
scipy-powell,cold,1,1801,21.8745,0.005289
scipy-powell,cold,1,1802,21.8899,0.005289
scipy-powell,cold,1,1803,21.9036,0.005289
scipy-powell,cold,1,1804,21.9173,0.005289
scipy-powell,cold,1,1805,21.9305,0.005289
scipy-powell,cold,1,1808,21.9703,0.005242
scipy-powell,cold,1,1809,21.9849,0.005217
scipy-powell,cold,1,1811,22.0129,0.005216
scipy-powell,cold,1,1812,22.0264,0.005216
scipy-powell,cold,1,1813,22.0391,0.005216
scipy-powell,cold,1,1814,22.0520,0.005216
scipy-powell,cold,1,1815,22.0651,0.005216
scipy-powell,cold,1,1816,22.0790,0.005216
scipy-powell,cold,1,1817,22.0922,0.005216
scipy-powell,cold,1,1822,22.1577,0.005216
scipy-powell,cold,1,1823,22.1718,0.005216
scipy-powell,cold,1,1824,22.1851,0.005216
scipy-powell,cold,1,1827,22.2230,0.005214
scipy-powell,cold,1,1828,22.2352,0.005177
scipy-powell,cold,1,1832,22.2900,0.005177
scipy-powell,cold,1,1833,22.3030,0.005177
scipy-powell,cold,1,1834,22.3154,0.005177
scipy-powell,cold,1,1835,22.3281,0.005177
scipy-powell,cold,1,1836,22.3407,0.005177
scipy-powell,cold,1,1837,22.3529,0.005177
scipy-powell,cold,1,1839,22.3782,0.005177
scipy-powell,cold,1,1844,22.4417,0.005177
scipy-powell,cold,1,1845,22.4542,0.005165
scipy-powell,cold,1,1846,22.4664,0.005159
scipy-powell,cold,1,1847,22.4784,0.005156
scipy-powell,cold,1,1848,22.4910,0.005154
scipy-powell,cold,1,1849,22.5037,0.005153
scipy-powell,cold,1,1850,22.5154,0.005152
scipy-powell,cold,1,1851,22.5278,0.005152
scipy-powell,cold,1,1852,22.5397,0.005152
scipy-powell,cold,1,1853,22.5516,0.005151
scipy-powell,cold,1,1854,22.5636,0.005151
scipy-powell,cold,1,1855,22.5752,0.005151
scipy-powell,cold,1,1856,22.5868,0.005151
scipy-powell,cold,1,1857,22.5986,0.005151
scipy-powell,cold,1,1858,22.6103,0.005151
scipy-powell,cold,1,1859,22.6222,0.005151
scipy-powell,cold,1,1860,22.6338,0.005151
scipy-powell,cold,1,1861,22.6462,0.005151
scipy-powell,cold,1,1862,22.6599,0.005151
scipy-powell,cold,1,1863,22.6722,0.005151
scipy-powell,cold,1,1864,22.6845,0.005151
scipy-powell,cold,1,1865,22.6973,0.005151
scipy-powell,cold,1,1866,22.7093,0.005151
scipy-powell,cold,1,1867,22.7221,0.005151
scipy-powell,cold,1,1868,22.7339,0.005151
scipy-powell,cold,1,1869,22.7475,0.005151
scipy-powell,cold,1,1870,22.7598,0.005151
scipy-powell,cold,1,1871,22.7720,0.005151
scipy-powell,cold,1,1872,22.7849,0.005151
scipy-powell,cold,1,1873,22.7970,0.005151
scipy-powell,cold,1,1874,22.8091,0.005151
scipy-powell,cold,1,1875,22.8209,0.005151
scipy-powell,cold,1,1876,22.8327,0.005151
scipy-powell,cold,1,1877,22.8446,0.005151
scipy-powell,cold,1,1878,22.8568,0.005151
scipy-powell,cold,1,1879,22.8692,0.005151
scipy-powell,cold,1,1880,22.8817,0.005144
scipy-powell,cold,1,1882,22.9064,0.005135
scipy-powell,cold,1,1883,22.9198,0.005134
scipy-powell,cold,1,1884,22.9318,0.005134
scipy-powell,cold,1,1885,22.9435,0.005134
scipy-powell,cold,1,1886,22.9558,0.005134
scipy-powell,cold,1,1887,22.9688,0.005134
scipy-powell,cold,1,1888,22.9811,0.005134
scipy-powell,cold,1,1889,22.9929,0.005134
scipy-powell,cold,1,1896,23.0803,0.005134
scipy-powell,cold,1,1899,23.2247,0.005134
scipy-powell,cold,1,1903,23.2748,0.005125
scipy-powell,cold,1,1905,23.2993,0.005122
scipy-powell,cold,1,1907,23.3264,0.005122
scipy-powell,cold,1,1908,23.3379,0.005122
scipy-powell,cold,1,1909,23.3496,0.005122
scipy-powell,cold,1,1910,23.3612,0.005122
scipy-powell,cold,1,1921,23.4891,0.005122
scipy-powell,cold,1,1922,23.5012,0.005121
scipy-powell,cold,1,1923,23.5128,0.005121
scipy-powell,cold,1,1924,23.5242,0.005121
scipy-powell,cold,1,1925,23.5359,0.005121
scipy-powell,cold,1,1926,23.5483,0.005121
scipy-powell,cold,1,1927,23.5600,0.005121
scipy-powell,cold,1,1928,23.5717,0.005121
scipy-powell,cold,1,1929,23.5834,0.005121
scipy-powell,cold,1,1932,23.6197,0.005121
scipy-powell,cold,1,1938,23.6918,0.005117
scipy-powell,cold,1,1939,23.7035,0.005117
scipy-powell,cold,1,1940,23.7150,0.005117
scipy-powell,cold,1,1941,23.7271,0.005117
scipy-powell,cold,1,1942,23.7386,0.005117
scipy-powell,cold,1,1949,23.8227,0.005114
scipy-powell,cold,1,1950,23.8350,0.005112
scipy-powell,cold,1,1951,23.8473,0.005112
scipy-powell,cold,1,1952,23.8592,0.005112
scipy-powell,cold,1,1953,23.8710,0.005112
scipy-powell,cold,1,1954,23.8829,0.005112
scipy-powell,cold,1,1955,23.8947,0.005112
scipy-powell,cold,1,1956,23.9066,0.005112
scipy-powell,cold,1,1959,23.9421,0.005112
scipy-powell,cold,1,1961,23.9672,0.005112
scipy-powell,cold,1,1966,24.0288,0.005112
scipy-powell,cold,1,1967,24.0406,0.005111
scipy-powell,cold,1,1968,24.0522,0.005111
scipy-powell,cold,1,1969,24.0640,0.005111
scipy-powell,cold,1,1970,24.0760,0.005111
scipy-powell,cold,1,1971,24.0877,0.005111
scipy-powell,cold,1,1972,24.0992,0.005111
scipy-powell,cold,1,1973,24.1111,0.005111
scipy-powell,cold,1,1974,24.1228,0.005111
scipy-powell,cold,1,1975,24.1349,0.005111
scipy-powell,cold,1,1976,24.1464,0.005111
scipy-powell,cold,1,1977,24.1581,0.005111
scipy-powell,cold,1,1978,24.1699,0.005111
scipy-powell,cold,1,1979,24.1816,0.005111
scipy-powell,cold,1,1980,24.1933,0.005111
scipy-powell,cold,1,1981,24.2051,0.005111
scipy-powell,cold,1,1982,24.2176,0.005111
scipy-powell,cold,1,1983,24.2294,0.005111
scipy-powell,cold,1,1984,24.2410,0.005111
scipy-powell,cold,1,1985,24.2529,0.005111
scipy-powell,cold,1,1986,24.2653,0.005111
scipy-powell,cold,1,1987,24.2772,0.005111
scipy-powell,cold,1,1988,24.2888,0.005111
scipy-powell,cold,1,1989,24.3010,0.005111
scipy-powell,cold,1,1990,24.3127,0.005111
scipy-powell,cold,1,1991,24.3246,0.005111
scipy-powell,cold,1,1992,24.3370,0.005111
scipy-powell,cold,1,1993,24.3490,0.005111
scipy-powell,cold,1,1994,24.3606,0.005111
scipy-powell,cold,1,1995,24.3723,0.005111
scipy-powell,cold,1,1996,24.3857,0.005111
scipy-powell,cold,1,1997,24.3982,0.005111
scipy-powell,cold,1,1998,24.4101,0.005111
scipy-powell,cold,1,1999,24.4220,0.005111
scipy-powell,cold,1,2000,24.4338,0.005111
scipy-powell,cold,2,0,0.0000,0.006063
scipy-powell,cold,2,3,0.0487,0.006056
scipy-powell,cold,2,4,0.0605,0.006039
scipy-powell,cold,2,5,0.0725,0.006031
scipy-powell,cold,2,6,0.0844,0.006028
scipy-powell,cold,2,7,0.0962,0.006026
scipy-powell,cold,2,8,0.1081,0.006025
scipy-powell,cold,2,9,0.1200,0.006025
scipy-powell,cold,2,10,0.1319,0.006025
scipy-powell,cold,2,11,0.1436,0.006025
scipy-powell,cold,2,12,0.1557,0.006025
scipy-powell,cold,2,13,0.1677,0.006025
scipy-powell,cold,2,14,0.1800,0.006025
scipy-powell,cold,2,15,0.1919,0.006025
scipy-powell,cold,2,16,0.2038,0.006025
scipy-powell,cold,2,17,0.2171,0.006025
scipy-powell,cold,2,18,0.2292,0.006025
scipy-powell,cold,2,19,0.2413,0.006025
scipy-powell,cold,2,20,0.2532,0.006025
scipy-powell,cold,2,21,0.2663,0.006025
scipy-powell,cold,2,22,0.2785,0.006025
scipy-powell,cold,2,23,0.2908,0.006025
scipy-powell,cold,2,24,0.3029,0.006025
scipy-powell,cold,2,25,0.3148,0.006025
scipy-powell,cold,2,26,0.3269,0.006025
scipy-powell,cold,2,27,0.3392,0.006025
scipy-powell,cold,2,28,0.3514,0.006025
scipy-powell,cold,2,29,0.3633,0.006025
scipy-powell,cold,2,30,0.3753,0.006025
scipy-powell,cold,2,31,0.3873,0.006025
scipy-powell,cold,2,32,0.3994,0.006025
scipy-powell,cold,2,33,0.4114,0.006025
scipy-powell,cold,2,34,0.4234,0.006025
scipy-powell,cold,2,35,0.4355,0.006025
scipy-powell,cold,2,36,0.4477,0.006025
scipy-powell,cold,2,37,0.4598,0.006025
scipy-powell,cold,2,38,0.4716,0.006025
scipy-powell,cold,2,41,0.5086,0.006022
scipy-powell,cold,2,44,0.5464,0.006022
scipy-powell,cold,2,45,0.5588,0.006022
scipy-powell,cold,2,46,0.5708,0.006022
scipy-powell,cold,2,47,0.5826,0.006022
scipy-powell,cold,2,48,0.5947,0.006022
scipy-powell,cold,2,52,0.6447,0.006022
scipy-powell,cold,2,53,0.6571,0.006022
scipy-powell,cold,2,56,0.6941,0.005988
scipy-powell,cold,2,57,0.7061,0.005935
scipy-powell,cold,2,58,0.7188,0.005907
scipy-powell,cold,2,59,0.7330,0.005892
scipy-powell,cold,2,60,0.7449,0.005884
scipy-powell,cold,2,61,0.7574,0.005879
scipy-powell,cold,2,62,0.7700,0.005877
scipy-powell,cold,2,63,0.7816,0.005875
scipy-powell,cold,2,64,0.7933,0.005874
scipy-powell,cold,2,65,0.8050,0.005874
scipy-powell,cold,2,66,0.8183,0.005874
scipy-powell,cold,2,67,0.8300,0.005873
scipy-powell,cold,2,68,0.8417,0.005873
scipy-powell,cold,2,69,0.8533,0.005873
scipy-powell,cold,2,70,0.8661,0.005873
scipy-powell,cold,2,71,0.8779,0.005873
scipy-powell,cold,2,72,0.8898,0.005873
scipy-powell,cold,2,73,0.9015,0.005873
scipy-powell,cold,2,74,0.9142,0.005873
scipy-powell,cold,2,75,0.9276,0.005873
scipy-powell,cold,2,76,0.9393,0.005873
scipy-powell,cold,2,77,0.9533,0.005873
scipy-powell,cold,2,78,0.9681,0.005873
scipy-powell,cold,2,79,0.9805,0.005873
scipy-powell,cold,2,80,0.9929,0.005873
scipy-powell,cold,2,81,1.0048,0.005873
scipy-powell,cold,2,82,1.0169,0.005873
scipy-powell,cold,2,83,1.0291,0.005873
scipy-powell,cold,2,84,1.0412,0.005873
scipy-powell,cold,2,85,1.0541,0.005873
scipy-powell,cold,2,86,1.0662,0.005873
scipy-powell,cold,2,87,1.0781,0.005873
scipy-powell,cold,2,88,1.0910,0.005873
scipy-powell,cold,2,89,1.1051,0.005873
scipy-powell,cold,2,90,1.1209,0.005873
scipy-powell,cold,2,91,1.1441,0.005873
scipy-powell,cold,2,92,1.1675,0.005852
scipy-powell,cold,2,97,1.2835,0.005851
scipy-powell,cold,2,99,1.3194,0.005851
scipy-powell,cold,2,100,1.3313,0.005851
scipy-powell,cold,2,101,1.3429,0.005851
scipy-powell,cold,2,102,1.3545,0.005851
scipy-powell,cold,2,107,1.4151,0.005851
scipy-powell,cold,2,109,1.4403,0.005848
scipy-powell,cold,2,112,1.4768,0.005841
scipy-powell,cold,2,115,1.5128,0.005840
scipy-powell,cold,2,116,1.5260,0.005840
scipy-powell,cold,2,117,1.5390,0.005840
scipy-powell,cold,2,118,1.5520,0.005840
scipy-powell,cold,2,119,1.5649,0.005840
scipy-powell,cold,2,120,1.5765,0.005840
scipy-powell,cold,2,123,1.6128,0.005840
scipy-powell,cold,2,130,1.6976,0.005839
scipy-powell,cold,2,132,1.7212,0.005838
scipy-powell,cold,2,134,1.7448,0.005838
scipy-powell,cold,2,135,1.7569,0.005838
scipy-powell,cold,2,136,1.7689,0.005838
scipy-powell,cold,2,137,1.7806,0.005838
scipy-powell,cold,2,138,1.7923,0.005838
scipy-powell,cold,2,152,1.9610,0.005836
scipy-powell,cold,2,157,2.0225,0.005836
scipy-powell,cold,2,159,2.0464,0.005836
scipy-powell,cold,2,160,2.0588,0.005836
scipy-powell,cold,2,161,2.0706,0.005836
scipy-powell,cold,2,169,2.1663,0.005831
scipy-powell,cold,2,172,2.2024,0.005831
scipy-powell,cold,2,174,2.2283,0.005831
scipy-powell,cold,2,175,2.2402,0.005831
scipy-powell,cold,2,176,2.2521,0.005831
scipy-powell,cold,2,177,2.2641,0.005831
scipy-powell,cold,2,178,2.2775,0.005831
scipy-powell,cold,2,186,2.3740,0.005831
scipy-powell,cold,2,187,2.3855,0.005831
scipy-powell,cold,2,188,2.3989,0.005831
scipy-powell,cold,2,189,2.4116,0.005831
scipy-powell,cold,2,190,2.4237,0.005831
scipy-powell,cold,2,191,2.4360,0.005831
scipy-powell,cold,2,192,2.4480,0.005831
scipy-powell,cold,2,193,2.4605,0.005831
scipy-powell,cold,2,194,2.4725,0.005831
scipy-powell,cold,2,195,2.4849,0.005831
scipy-powell,cold,2,196,2.4972,0.005831
scipy-powell,cold,2,197,2.5090,0.005831
scipy-powell,cold,2,198,2.5210,0.005831
scipy-powell,cold,2,199,2.5346,0.005831
scipy-powell,cold,2,200,2.5464,0.005831
scipy-powell,cold,2,201,2.5582,0.005831
scipy-powell,cold,2,202,2.5705,0.005831
scipy-powell,cold,2,203,2.5828,0.005831
scipy-powell,cold,2,204,2.5956,0.005831
scipy-powell,cold,2,205,2.6088,0.005831
scipy-powell,cold,2,206,2.6208,0.005831
scipy-powell,cold,2,207,2.6341,0.005831
scipy-powell,cold,2,208,2.6474,0.005831
scipy-powell,cold,2,209,2.6605,0.005831
scipy-powell,cold,2,210,2.6731,0.005831
scipy-powell,cold,2,211,2.6848,0.005831
scipy-powell,cold,2,212,2.6967,0.005831
scipy-powell,cold,2,213,2.7090,0.005831
scipy-powell,cold,2,214,2.7217,0.005831
scipy-powell,cold,2,215,2.7340,0.005831
scipy-powell,cold,2,216,2.7461,0.005831
scipy-powell,cold,2,217,2.7580,0.005831
scipy-powell,cold,2,218,2.7700,0.005831
scipy-powell,cold,2,219,2.7820,0.005831
scipy-powell,cold,2,220,2.7942,0.005831
scipy-powell,cold,2,221,2.8069,0.005831
scipy-powell,cold,2,222,2.8190,0.005830
scipy-powell,cold,2,224,2.8429,0.005830
scipy-powell,cold,2,225,2.8546,0.005830
scipy-powell,cold,2,226,2.8663,0.005830
scipy-powell,cold,2,227,2.8783,0.005830
scipy-powell,cold,2,230,2.9135,0.005830
scipy-powell,cold,2,232,2.9377,0.005830
scipy-powell,cold,2,233,2.9497,0.005830
scipy-powell,cold,2,236,2.9855,0.005830
scipy-powell,cold,2,241,3.0473,0.005827
scipy-powell,cold,2,243,3.0714,0.005826
scipy-powell,cold,2,244,3.0837,0.005825
scipy-powell,cold,2,245,3.0962,0.005824
scipy-powell,cold,2,246,3.1085,0.005824
scipy-powell,cold,2,247,3.1208,0.005823
scipy-powell,cold,2,248,3.1326,0.005823
scipy-powell,cold,2,249,3.1449,0.005823
scipy-powell,cold,2,250,3.1569,0.005823
scipy-powell,cold,2,251,3.1690,0.005823
scipy-powell,cold,2,252,3.1811,0.005823
scipy-powell,cold,2,253,3.1931,0.005823
scipy-powell,cold,2,254,3.2052,0.005823
scipy-powell,cold,2,255,3.2174,0.005823
scipy-powell,cold,2,256,3.2311,0.005823
scipy-powell,cold,2,257,3.2441,0.005823
scipy-powell,cold,2,258,3.2563,0.005823
scipy-powell,cold,2,259,3.2689,0.005823
scipy-powell,cold,2,260,3.2807,0.005823
scipy-powell,cold,2,261,3.2929,0.005823
scipy-powell,cold,2,262,3.3045,0.005823
scipy-powell,cold,2,263,3.3167,0.005823
scipy-powell,cold,2,264,3.3287,0.005823
scipy-powell,cold,2,265,3.3407,0.005823
scipy-powell,cold,2,266,3.3526,0.005823
scipy-powell,cold,2,267,3.3646,0.005823
scipy-powell,cold,2,268,3.3765,0.005823
scipy-powell,cold,2,269,3.3885,0.005823
scipy-powell,cold,2,270,3.4007,0.005823
scipy-powell,cold,2,271,3.4133,0.005823
scipy-powell,cold,2,272,3.4258,0.005823
scipy-powell,cold,2,273,3.4385,0.005823
scipy-powell,cold,2,274,3.4508,0.005823
scipy-powell,cold,2,275,3.4629,0.005823
scipy-powell,cold,2,276,3.4746,0.005823
scipy-powell,cold,2,277,3.4863,0.005823
scipy-powell,cold,2,278,3.4989,0.005813
scipy-powell,cold,2,280,3.5224,0.005812
scipy-powell,cold,2,282,3.5465,0.005812
scipy-powell,cold,2,283,3.5585,0.005812
scipy-powell,cold,2,284,3.5724,0.005812
scipy-powell,cold,2,286,3.5978,0.005812
scipy-powell,cold,2,288,3.6214,0.005812
scipy-powell,cold,2,289,3.6332,0.005812
scipy-powell,cold,2,290,3.6448,0.005812
scipy-powell,cold,2,291,3.6567,0.005812
scipy-powell,cold,2,292,3.6685,0.005812
scipy-powell,cold,2,298,3.7400,0.005812
scipy-powell,cold,2,303,3.8033,0.005811
scipy-powell,cold,2,308,3.8616,0.005811
scipy-powell,cold,2,309,3.8733,0.005811
scipy-powell,cold,2,310,3.8849,0.005811
scipy-powell,cold,2,311,3.8963,0.005811
scipy-powell,cold,2,312,3.9081,0.005811
scipy-powell,cold,2,325,4.0606,0.005811
scipy-powell,cold,2,326,4.0722,0.005811
scipy-powell,cold,2,327,4.0840,0.005811
scipy-powell,cold,2,328,4.0956,0.005811
scipy-powell,cold,2,334,4.1659,0.005784
scipy-powell,cold,2,336,4.1889,0.005756
scipy-powell,cold,2,337,4.2003,0.005738
scipy-powell,cold,2,338,4.2120,0.005726
scipy-powell,cold,2,339,4.2246,0.005720
scipy-powell,cold,2,340,4.2373,0.005715
scipy-powell,cold,2,341,4.2489,0.005713
scipy-powell,cold,2,342,4.2604,0.005711
scipy-powell,cold,2,343,4.2722,0.005710
scipy-powell,cold,2,344,4.2842,0.005710
scipy-powell,cold,2,345,4.2958,0.005709
scipy-powell,cold,2,346,4.3077,0.005709
scipy-powell,cold,2,347,4.3196,0.005709
scipy-powell,cold,2,348,4.3317,0.005709
scipy-powell,cold,2,349,4.3439,0.005709
scipy-powell,cold,2,350,4.3556,0.005709
scipy-powell,cold,2,351,4.3672,0.005709
scipy-powell,cold,2,352,4.3786,0.005709
scipy-powell,cold,2,353,4.3906,0.005709
scipy-powell,cold,2,354,4.4024,0.005709
scipy-powell,cold,2,355,4.4140,0.005709
scipy-powell,cold,2,356,4.4255,0.005709
scipy-powell,cold,2,357,4.4373,0.005709
scipy-powell,cold,2,358,4.4489,0.005709
scipy-powell,cold,2,359,4.4606,0.005709
scipy-powell,cold,2,360,4.4723,0.005709
scipy-powell,cold,2,361,4.4841,0.005709
scipy-powell,cold,2,362,4.4958,0.005709
scipy-powell,cold,2,363,4.5074,0.005709
scipy-powell,cold,2,364,4.5189,0.005709
scipy-powell,cold,2,365,4.5306,0.005709
scipy-powell,cold,2,366,4.5422,0.005709
scipy-powell,cold,2,367,4.5541,0.005709
scipy-powell,cold,2,368,4.5663,0.005709
scipy-powell,cold,2,369,4.5784,0.005709
scipy-powell,cold,2,370,4.5902,0.005709
scipy-powell,cold,2,371,4.6023,0.005608
scipy-powell,cold,2,376,4.6619,0.005608
scipy-powell,cold,2,377,4.6738,0.005608
scipy-powell,cold,2,378,4.6858,0.005608
scipy-powell,cold,2,379,4.6982,0.005608
scipy-powell,cold,2,380,4.7110,0.005608
scipy-powell,cold,2,381,4.7234,0.005608
scipy-powell,cold,2,386,4.7852,0.005608
scipy-powell,cold,2,387,4.7972,0.005607
scipy-powell,cold,2,388,4.8086,0.005607
scipy-powell,cold,2,389,4.8205,0.005607
scipy-powell,cold,2,390,4.8325,0.005607
scipy-powell,cold,2,391,4.8443,0.005607
scipy-powell,cold,2,392,4.8562,0.005607
scipy-powell,cold,2,396,4.9052,0.005607
scipy-powell,cold,2,404,5.0029,0.005607
scipy-powell,cold,2,407,5.0403,0.005607
scipy-powell,cold,2,408,5.0523,0.005607
scipy-powell,cold,2,409,5.0645,0.005607
scipy-powell,cold,2,410,5.0763,0.005607
scipy-powell,cold,2,411,5.0880,0.005607
scipy-powell,cold,2,412,5.0999,0.005607
scipy-powell,cold,2,413,5.1120,0.005607
scipy-powell,cold,2,415,5.1361,0.005607
scipy-powell,cold,2,416,5.1483,0.005607
scipy-powell,cold,2,418,5.1734,0.005603
scipy-powell,cold,2,419,5.1856,0.005599
scipy-powell,cold,2,423,5.2342,0.005599
scipy-powell,cold,2,424,5.2466,0.005599
scipy-powell,cold,2,425,5.2586,0.005599
scipy-powell,cold,2,426,5.2712,0.005599
scipy-powell,cold,2,427,5.2841,0.005599
scipy-powell,cold,2,435,5.3813,0.005599
scipy-powell,cold,2,439,5.4294,0.005599
scipy-powell,cold,2,440,5.4413,0.005599
scipy-powell,cold,2,441,5.4532,0.005599
scipy-powell,cold,2,442,5.4658,0.005599
scipy-powell,cold,2,451,5.5728,0.005595
scipy-powell,cold,2,455,5.6216,0.005595
scipy-powell,cold,2,456,5.6345,0.005595
scipy-powell,cold,2,457,5.6472,0.005595
scipy-powell,cold,2,458,5.6596,0.005595
scipy-powell,cold,2,459,5.6715,0.005595
scipy-powell,cold,2,460,5.6835,0.005595
scipy-powell,cold,2,463,5.7198,0.005595
scipy-powell,cold,2,475,5.8634,0.005595
scipy-powell,cold,2,477,5.8872,0.005595
scipy-powell,cold,2,478,5.8992,0.005595
scipy-powell,cold,2,479,5.9112,0.005595
scipy-powell,cold,2,480,5.9235,0.005595
scipy-powell,cold,2,481,5.9363,0.005595
scipy-powell,cold,2,490,6.0437,0.005595
scipy-powell,cold,2,493,6.0803,0.005595
scipy-powell,cold,2,502,6.1956,0.005595
scipy-powell,cold,2,503,6.2076,0.005595
scipy-powell,cold,2,504,6.2198,0.005595
scipy-powell,cold,2,505,6.2327,0.005595
scipy-powell,cold,2,506,6.2461,0.005595
scipy-powell,cold,2,507,6.2579,0.005595
scipy-powell,cold,2,508,6.2697,0.005595
scipy-powell,cold,2,509,6.2814,0.005595
scipy-powell,cold,2,510,6.2935,0.005595
scipy-powell,cold,2,511,6.3052,0.005595
scipy-powell,cold,2,512,6.3174,0.005595
scipy-powell,cold,2,513,6.3292,0.005595
scipy-powell,cold,2,514,6.3410,0.005595
scipy-powell,cold,2,515,6.3529,0.005595
scipy-powell,cold,2,516,6.3648,0.005595
scipy-powell,cold,2,517,6.3767,0.005595
scipy-powell,cold,2,518,6.3895,0.005595
scipy-powell,cold,2,519,6.4016,0.005595
scipy-powell,cold,2,520,6.4133,0.005595
scipy-powell,cold,2,521,6.4253,0.005595
scipy-powell,cold,2,522,6.4372,0.005595
scipy-powell,cold,2,523,6.4489,0.005595
scipy-powell,cold,2,524,6.4610,0.005595
scipy-powell,cold,2,525,6.4729,0.005595
scipy-powell,cold,2,526,6.4846,0.005595
scipy-powell,cold,2,527,6.4966,0.005595
scipy-powell,cold,2,528,6.5083,0.005595
scipy-powell,cold,2,529,6.5202,0.005595
scipy-powell,cold,2,530,6.5319,0.005595
scipy-powell,cold,2,531,6.5436,0.005595
scipy-powell,cold,2,532,6.5558,0.005595
scipy-powell,cold,2,535,6.5916,0.005595
scipy-powell,cold,2,536,6.6033,0.005595
scipy-powell,cold,2,538,6.6276,0.005595
scipy-powell,cold,2,539,6.6396,0.005595
scipy-powell,cold,2,540,6.6516,0.005595
scipy-powell,cold,2,541,6.6636,0.005595
scipy-powell,cold,2,551,6.7872,0.005576
scipy-powell,cold,2,552,6.8005,0.005496
scipy-powell,cold,2,553,6.8144,0.005450
scipy-powell,cold,2,554,6.8263,0.005424
scipy-powell,cold,2,555,6.8384,0.005409
scipy-powell,cold,2,556,6.8503,0.005401
scipy-powell,cold,2,557,6.8623,0.005395
scipy-powell,cold,2,558,6.8743,0.005392
scipy-powell,cold,2,559,6.8869,0.005390
scipy-powell,cold,2,560,6.8997,0.005389
scipy-powell,cold,2,561,6.9117,0.005388
scipy-powell,cold,2,562,6.9263,0.005388
scipy-powell,cold,2,563,6.9392,0.005388
scipy-powell,cold,2,564,6.9513,0.005388
scipy-powell,cold,2,565,6.9633,0.005387
scipy-powell,cold,2,566,6.9754,0.005387
scipy-powell,cold,2,567,6.9876,0.005387
scipy-powell,cold,2,568,6.9994,0.005387
scipy-powell,cold,2,569,7.0113,0.005387
scipy-powell,cold,2,570,7.0233,0.005387
scipy-powell,cold,2,571,7.0356,0.005387
scipy-powell,cold,2,572,7.0479,0.005387
scipy-powell,cold,2,573,7.0599,0.005387
scipy-powell,cold,2,574,7.0719,0.005387
scipy-powell,cold,2,575,7.0841,0.005387
scipy-powell,cold,2,576,7.0964,0.005387
scipy-powell,cold,2,577,7.1085,0.005387
scipy-powell,cold,2,578,7.1206,0.005387
scipy-powell,cold,2,579,7.1328,0.005387
scipy-powell,cold,2,580,7.1447,0.005387
scipy-powell,cold,2,581,7.1569,0.005387
scipy-powell,cold,2,582,7.1688,0.005387
scipy-powell,cold,2,583,7.1810,0.005387
scipy-powell,cold,2,584,7.1929,0.005387
scipy-powell,cold,2,585,7.2052,0.005387
scipy-powell,cold,2,586,7.2174,0.005387
scipy-powell,cold,2,587,7.2304,0.005387
scipy-powell,cold,2,588,7.2431,0.005319
scipy-powell,cold,2,590,7.2673,0.005306
scipy-powell,cold,2,591,7.2793,0.005301
scipy-powell,cold,2,592,7.2913,0.005299
scipy-powell,cold,2,593,7.3034,0.005299
scipy-powell,cold,2,594,7.3153,0.005299
scipy-powell,cold,2,595,7.3283,0.005299
scipy-powell,cold,2,596,7.3406,0.005299
scipy-powell,cold,2,598,7.3650,0.005299
scipy-powell,cold,2,606,7.4623,0.005299
scipy-powell,cold,2,608,7.4870,0.005297
scipy-powell,cold,2,609,7.4990,0.005296
scipy-powell,cold,2,610,7.5124,0.005295
scipy-powell,cold,2,611,7.5252,0.005294
scipy-powell,cold,2,612,7.5375,0.005294
scipy-powell,cold,2,613,7.5493,0.005294
scipy-powell,cold,2,614,7.5620,0.005293
scipy-powell,cold,2,615,7.5742,0.005293
scipy-powell,cold,2,616,7.5871,0.005293
scipy-powell,cold,2,617,7.5991,0.005293
scipy-powell,cold,2,618,7.6111,0.005293
scipy-powell,cold,2,619,7.6233,0.005293
scipy-powell,cold,2,620,7.6357,0.005293
scipy-powell,cold,2,621,7.6480,0.005293
scipy-powell,cold,2,622,7.6604,0.005293
scipy-powell,cold,2,623,7.6728,0.005293
scipy-powell,cold,2,624,7.6858,0.005293
scipy-powell,cold,2,625,7.6983,0.005293
scipy-powell,cold,2,626,7.7104,0.005293
scipy-powell,cold,2,627,7.7223,0.005293
scipy-powell,cold,2,628,7.7343,0.005293
scipy-powell,cold,2,629,7.7463,0.005293
scipy-powell,cold,2,630,7.7584,0.005293
scipy-powell,cold,2,631,7.7708,0.005293
scipy-powell,cold,2,632,7.7832,0.005293
scipy-powell,cold,2,633,7.7952,0.005293
scipy-powell,cold,2,634,7.8074,0.005293
scipy-powell,cold,2,635,7.8195,0.005293
scipy-powell,cold,2,636,7.8320,0.005293
scipy-powell,cold,2,637,7.8441,0.005293
scipy-powell,cold,2,638,7.8563,0.005293
scipy-powell,cold,2,639,7.8684,0.005293
scipy-powell,cold,2,640,7.8803,0.005293
scipy-powell,cold,2,641,7.8924,0.005293
scipy-powell,cold,2,642,7.9043,0.005293
scipy-powell,cold,2,643,7.9164,0.005288
scipy-powell,cold,2,649,7.9889,0.005288
scipy-powell,cold,2,650,8.0009,0.005288
scipy-powell,cold,2,651,8.0129,0.005288
scipy-powell,cold,2,652,8.0251,0.005288
scipy-powell,cold,2,653,8.0371,0.005288
scipy-powell,cold,2,656,8.0734,0.005288
scipy-powell,cold,2,663,8.1587,0.005287
scipy-powell,cold,2,664,8.1708,0.005287
scipy-powell,cold,2,665,8.1827,0.005287
scipy-powell,cold,2,666,8.1948,0.005287
scipy-powell,cold,2,667,8.2069,0.005287
scipy-powell,cold,2,668,8.2193,0.005287
scipy-powell,cold,2,679,8.3554,0.005287
scipy-powell,cold,2,684,8.4162,0.005285
scipy-powell,cold,2,686,8.4401,0.005284
scipy-powell,cold,2,687,8.4516,0.005283
scipy-powell,cold,2,688,8.4638,0.005283
scipy-powell,cold,2,690,8.4877,0.005283
scipy-powell,cold,2,691,8.5000,0.005283
scipy-powell,cold,2,692,8.5119,0.005283
scipy-powell,cold,2,693,8.5239,0.005283
scipy-powell,cold,2,694,8.5357,0.005283
scipy-powell,cold,2,711,8.7412,0.005283
scipy-powell,cold,2,712,8.7532,0.005283
scipy-powell,cold,2,713,8.7653,0.005283
scipy-powell,cold,2,714,8.7776,0.005283
scipy-powell,cold,2,715,8.7899,0.005283
scipy-powell,cold,2,717,8.8144,0.005283
scipy-powell,cold,2,718,8.8262,0.005283
scipy-powell,cold,2,725,8.9172,0.005283
scipy-powell,cold,2,729,8.9655,0.005280
scipy-powell,cold,2,730,8.9776,0.005271
scipy-powell,cold,2,731,8.9900,0.005261
scipy-powell,cold,2,732,9.0019,0.005257
scipy-powell,cold,2,736,9.0496,0.005257
scipy-powell,cold,2,738,9.0735,0.005257
scipy-powell,cold,2,739,9.0853,0.005257
scipy-powell,cold,2,740,9.0971,0.005257
scipy-powell,cold,2,743,9.1338,0.005257
scipy-powell,cold,2,746,9.1695,0.005257
scipy-powell,cold,2,747,9.1814,0.005252
scipy-powell,cold,2,748,9.1936,0.005251
scipy-powell,cold,2,749,9.2058,0.005251
scipy-powell,cold,2,750,9.2176,0.005251
scipy-powell,cold,2,751,9.2295,0.005251
scipy-powell,cold,2,752,9.2421,0.005251
scipy-powell,cold,2,756,9.2914,0.005251
scipy-powell,cold,2,758,9.3157,0.005251
scipy-powell,cold,2,759,9.3279,0.005251
scipy-powell,cold,2,765,9.4009,0.005251
scipy-powell,cold,2,767,9.4245,0.005251
scipy-powell,cold,2,768,9.4364,0.005251
scipy-powell,cold,2,769,9.4484,0.005251
scipy-powell,cold,2,771,9.4720,0.005251
scipy-powell,cold,2,780,9.5784,0.005251
scipy-powell,cold,2,781,9.5904,0.005251
scipy-powell,cold,2,782,9.6020,0.005251
scipy-powell,cold,2,783,9.6138,0.005251
scipy-powell,cold,2,784,9.6254,0.005251
scipy-powell,cold,2,790,9.6972,0.005251
scipy-powell,cold,2,795,9.7581,0.005251
scipy-powell,cold,2,797,9.7835,0.005250
scipy-powell,cold,2,800,9.8192,0.005250
scipy-powell,cold,2,801,9.8312,0.005250
scipy-powell,cold,2,802,9.8430,0.005250
scipy-powell,cold,2,804,9.8673,0.005250
scipy-powell,cold,2,805,9.8793,0.005250
scipy-powell,cold,2,806,9.8913,0.005250
scipy-powell,cold,2,811,9.9526,0.005250
scipy-powell,cold,2,818,10.0372,0.005250
scipy-powell,cold,2,819,10.0488,0.005250
scipy-powell,cold,2,820,10.0605,0.005249
scipy-powell,cold,2,821,10.0726,0.005249
scipy-powell,cold,2,822,10.0845,0.005249
scipy-powell,cold,2,823,10.0962,0.005249
scipy-powell,cold,2,824,10.1083,0.005249
scipy-powell,cold,2,825,10.1205,0.005249
scipy-powell,cold,2,826,10.1324,0.005249
scipy-powell,cold,2,827,10.1441,0.005249
scipy-powell,cold,2,828,10.1561,0.005249
scipy-powell,cold,2,829,10.1680,0.005249
scipy-powell,cold,2,830,10.1811,0.005249
scipy-powell,cold,2,831,10.1934,0.005249
scipy-powell,cold,2,832,10.2064,0.005249
scipy-powell,cold,2,833,10.2191,0.005249
scipy-powell,cold,2,834,10.2322,0.005249
scipy-powell,cold,2,835,10.2462,0.005249
scipy-powell,cold,2,836,10.2606,0.005249
scipy-powell,cold,2,837,10.2736,0.005249
scipy-powell,cold,2,838,10.2856,0.005249
scipy-powell,cold,2,839,10.2973,0.005249
scipy-powell,cold,2,840,10.3098,0.005249
scipy-powell,cold,2,841,10.3224,0.005249
scipy-powell,cold,2,842,10.3355,0.005249
scipy-powell,cold,2,843,10.3481,0.005249
scipy-powell,cold,2,844,10.3602,0.005249
scipy-powell,cold,2,845,10.3725,0.005249
scipy-powell,cold,2,846,10.3853,0.005249
scipy-powell,cold,2,847,10.3973,0.005249
scipy-powell,cold,2,848,10.4093,0.005249
scipy-powell,cold,2,849,10.4213,0.005249
scipy-powell,cold,2,850,10.4335,0.005249
scipy-powell,cold,2,851,10.4454,0.005249
scipy-powell,cold,2,852,10.4581,0.005249
scipy-powell,cold,2,853,10.4700,0.005246
scipy-powell,cold,2,855,10.4940,0.005244
scipy-powell,cold,2,860,10.5531,0.005244
scipy-powell,cold,2,861,10.5647,0.005244
scipy-powell,cold,2,862,10.5767,0.005244
scipy-powell,cold,2,863,10.5896,0.005244
scipy-powell,cold,2,877,10.7782,0.005244
scipy-powell,cold,2,878,10.7950,0.005244
scipy-powell,cold,2,879,10.8073,0.005244
scipy-powell,cold,2,880,10.8198,0.005244
scipy-powell,cold,2,881,10.8326,0.005244
scipy-powell,cold,2,882,10.8462,0.005244
scipy-powell,cold,2,883,10.8584,0.005244
scipy-powell,cold,2,884,10.8708,0.005244
scipy-powell,cold,2,885,10.8836,0.005244
scipy-powell,cold,2,886,10.8958,0.005244
scipy-powell,cold,2,887,10.9081,0.005244
scipy-powell,cold,2,888,10.9201,0.005244
scipy-powell,cold,2,889,10.9320,0.005244
scipy-powell,cold,2,890,10.9440,0.005244
scipy-powell,cold,2,891,10.9561,0.005244
scipy-powell,cold,2,892,10.9681,0.005244
scipy-powell,cold,2,893,10.9800,0.005244
scipy-powell,cold,2,894,10.9920,0.005244
scipy-powell,cold,2,895,11.0041,0.005244
scipy-powell,cold,2,896,11.0157,0.005244
scipy-powell,cold,2,897,11.0277,0.005244
scipy-powell,cold,2,898,11.0397,0.005244
scipy-powell,cold,2,899,11.0516,0.005244
scipy-powell,cold,2,900,11.0667,0.005244
scipy-powell,cold,2,901,11.0791,0.005244
scipy-powell,cold,2,902,11.0919,0.005244
scipy-powell,cold,2,903,11.1042,0.005244
scipy-powell,cold,2,904,11.1188,0.005244
scipy-powell,cold,2,905,11.1314,0.005244
scipy-powell,cold,2,906,11.1441,0.005244
scipy-powell,cold,2,907,11.1567,0.005244
scipy-powell,cold,2,908,11.1687,0.005244
scipy-powell,cold,2,909,11.1826,0.005244
scipy-powell,cold,2,910,11.1946,0.005244
scipy-powell,cold,2,911,11.2075,0.005244
scipy-powell,cold,2,913,11.2329,0.005243
scipy-powell,cold,2,914,11.2453,0.005243
scipy-powell,cold,2,915,11.2573,0.005243
scipy-powell,cold,2,917,11.2833,0.005243
scipy-powell,cold,2,918,11.2953,0.005243
scipy-powell,cold,2,919,11.3071,0.005243
scipy-powell,cold,2,920,11.3194,0.005243
scipy-powell,cold,2,921,11.3325,0.005243
scipy-powell,cold,2,928,11.4180,0.005242
scipy-powell,cold,2,930,11.4416,0.005242
scipy-powell,cold,2,931,11.4534,0.005242
scipy-powell,cold,2,932,11.4651,0.005242
scipy-powell,cold,2,933,11.4772,0.005242
scipy-powell,cold,2,934,11.4892,0.005242
scipy-powell,cold,2,935,11.5016,0.005242
scipy-powell,cold,2,936,11.5138,0.005242
scipy-powell,cold,2,937,11.5261,0.005242
scipy-powell,cold,2,938,11.5389,0.005242
scipy-powell,cold,2,951,11.7036,0.005242
scipy-powell,cold,2,958,11.7919,0.005241
scipy-powell,cold,2,959,11.8043,0.005241
scipy-powell,cold,2,960,11.8165,0.005241
scipy-powell,cold,2,961,11.8286,0.005241
scipy-powell,cold,2,963,11.8539,0.005241
scipy-powell,cold,2,964,11.8665,0.005241
scipy-powell,cold,2,966,11.8912,0.005241
scipy-powell,cold,2,967,11.9039,0.005241
scipy-powell,cold,2,968,11.9160,0.005241
scipy-powell,cold,2,969,11.9285,0.005241
scipy-powell,cold,2,973,11.9786,0.005241
scipy-powell,cold,2,981,12.0748,0.005241
scipy-powell,cold,2,983,12.1003,0.005241
scipy-powell,cold,2,984,12.1124,0.005241
scipy-powell,cold,2,985,12.1246,0.005241
scipy-powell,cold,2,986,12.1367,0.005241
scipy-powell,cold,2,987,12.1487,0.005241
scipy-powell,cold,2,992,12.2141,0.005241
scipy-powell,cold,2,994,12.2390,0.005241
scipy-powell,cold,2,1036,12.7920,0.005241
scipy-powell,cold,2,1037,12.8045,0.005241
scipy-powell,cold,2,1038,12.8170,0.005241
scipy-powell,cold,2,1039,12.8292,0.005241
scipy-powell,cold,2,1040,12.8413,0.005241
scipy-powell,cold,2,1041,12.8550,0.005241
scipy-powell,cold,2,1042,12.8682,0.005241
scipy-powell,cold,2,1043,12.8815,0.005241
scipy-powell,cold,2,1044,12.8956,0.005241
scipy-powell,cold,2,1045,12.9096,0.005241
scipy-powell,cold,2,1046,12.9228,0.005241
scipy-powell,cold,2,1047,12.9365,0.005241
scipy-powell,cold,2,1048,12.9500,0.005241
scipy-powell,cold,2,1049,12.9652,0.005241
scipy-powell,cold,2,1050,12.9788,0.005241
scipy-powell,cold,2,1051,12.9919,0.005241
scipy-powell,cold,2,1052,13.0048,0.005241
scipy-powell,cold,2,1053,13.0175,0.005241
scipy-powell,cold,2,1054,13.0306,0.005241
scipy-powell,cold,2,1055,13.0444,0.005241
scipy-powell,cold,2,1056,13.0576,0.005241
scipy-powell,cold,2,1057,13.0708,0.005241
scipy-powell,cold,2,1058,13.0833,0.005241
scipy-powell,cold,2,1059,13.0957,0.005241
scipy-powell,cold,2,1060,13.1094,0.005241
scipy-powell,cold,2,1061,13.1225,0.005241
scipy-powell,cold,2,1062,13.1350,0.005241
scipy-powell,cold,2,1063,13.1476,0.005241
scipy-powell,cold,2,1064,13.1612,0.005241
scipy-powell,cold,2,1065,13.1736,0.005241
scipy-powell,cold,2,1066,13.1860,0.005241
scipy-powell,cold,2,1067,13.1992,0.005241
scipy-powell,cold,2,1068,13.2112,0.005241
scipy-powell,cold,2,1069,13.2240,0.005241
scipy-powell,cold,2,1070,13.2369,0.005241
scipy-powell,cold,2,1071,13.2502,0.005241
scipy-powell,cold,2,1073,13.2760,0.005241
scipy-powell,cold,2,1074,13.2885,0.005241
scipy-powell,cold,2,1075,13.3011,0.005241
scipy-powell,cold,2,1076,13.3135,0.005241
scipy-powell,cold,2,1077,13.3262,0.005241
scipy-powell,cold,2,1078,13.3404,0.005241
scipy-powell,cold,2,1079,13.3532,0.005241
scipy-powell,cold,2,1082,13.3902,0.005241
scipy-powell,cold,2,1083,13.4030,0.005241
scipy-powell,cold,2,1085,13.4289,0.005241
scipy-powell,cold,2,1086,13.4417,0.005241
scipy-powell,cold,2,1088,13.4675,0.005241
scipy-powell,cold,2,1089,13.4806,0.005241
scipy-powell,cold,2,1090,13.4936,0.005241
scipy-powell,cold,2,1091,13.5070,0.005241
scipy-powell,cold,2,1092,13.5215,0.005241
scipy-powell,cold,2,1093,13.5380,0.005241
scipy-powell,cold,2,1094,13.5513,0.005241
scipy-powell,cold,2,1095,13.5655,0.005241
scipy-powell,cold,2,1096,13.5796,0.005241
scipy-powell,cold,2,1097,13.5934,0.005241
scipy-powell,cold,2,1098,13.6068,0.005241
scipy-powell,cold,2,1099,13.6206,0.005241
scipy-powell,cold,2,1102,13.6659,0.005241
scipy-powell,cold,2,1105,13.7066,0.005241
scipy-powell,cold,2,1107,13.7313,0.005240
scipy-powell,cold,2,1108,13.7439,0.005240
scipy-powell,cold,2,1109,13.7582,0.005240
scipy-powell,cold,2,1110,13.7754,0.005239
scipy-powell,cold,2,1111,13.7913,0.005239
scipy-powell,cold,2,1112,13.8043,0.005239
scipy-powell,cold,2,1113,13.8172,0.005239
scipy-powell,cold,2,1114,13.8323,0.005239
scipy-powell,cold,2,1115,13.8451,0.005239
scipy-powell,cold,2,1116,13.8579,0.005239
scipy-powell,cold,2,1117,13.8706,0.005239
scipy-powell,cold,2,1118,13.8832,0.005239
scipy-powell,cold,2,1119,13.8957,0.005239
scipy-powell,cold,2,1120,13.9092,0.005239
scipy-powell,cold,2,1121,13.9232,0.005239
scipy-powell,cold,2,1122,13.9373,0.005239
scipy-powell,cold,2,1123,13.9511,0.005239
scipy-powell,cold,2,1124,13.9653,0.005239
scipy-powell,cold,2,1125,13.9792,0.005239
scipy-powell,cold,2,1126,13.9917,0.005239
scipy-powell,cold,2,1127,14.0044,0.005239
scipy-powell,cold,2,1128,14.0173,0.005239
scipy-powell,cold,2,1129,14.0305,0.005239
scipy-powell,cold,2,1130,14.0453,0.005239
scipy-powell,cold,2,1131,14.0579,0.005239
scipy-powell,cold,2,1132,14.0716,0.005239
scipy-powell,cold,2,1133,14.0846,0.005239
scipy-powell,cold,2,1134,14.0982,0.005239
scipy-powell,cold,2,1135,14.1114,0.005239
scipy-powell,cold,2,1136,14.1246,0.005239
scipy-powell,cold,2,1137,14.1375,0.005239
scipy-powell,cold,2,1138,14.1514,0.005239
scipy-powell,cold,2,1139,14.1660,0.005239
scipy-powell,cold,2,1140,14.1792,0.005239
scipy-powell,cold,2,1141,14.1915,0.005239
scipy-powell,cold,2,1142,14.2044,0.005237
scipy-powell,cold,2,1144,14.2291,0.005236
scipy-powell,cold,2,1145,14.2417,0.005236
scipy-powell,cold,2,1146,14.2546,0.005236
scipy-powell,cold,2,1147,14.2687,0.005236
scipy-powell,cold,2,1148,14.2818,0.005236
scipy-powell,cold,2,1151,14.3193,0.005236
scipy-powell,cold,2,1156,14.3824,0.005236
scipy-powell,cold,2,1161,14.4464,0.005236
scipy-powell,cold,2,1162,14.4590,0.005236
scipy-powell,cold,2,1164,14.4864,0.005236
scipy-powell,cold,2,1165,14.4995,0.005236
scipy-powell,cold,2,1166,14.5129,0.005236
scipy-powell,cold,2,1168,14.5410,0.005236
scipy-powell,cold,2,1169,14.5547,0.005236
scipy-powell,cold,2,1170,14.5680,0.005236
scipy-powell,cold,2,1171,14.5809,0.005236
scipy-powell,cold,2,1176,14.6492,0.005236
scipy-powell,cold,2,1188,14.8030,0.005236
scipy-powell,cold,2,1189,14.8154,0.005236
scipy-powell,cold,2,1190,14.8283,0.005236
scipy-powell,cold,2,1191,14.8404,0.005236
scipy-powell,cold,2,1192,14.8526,0.005236
scipy-powell,cold,2,1193,14.8649,0.005236
scipy-powell,cold,2,1194,14.8772,0.005236
scipy-powell,cold,2,1195,14.8897,0.005236
scipy-powell,cold,2,1197,14.9145,0.005236
scipy-powell,cold,2,1198,14.9272,0.005236
scipy-powell,cold,2,1202,14.9793,0.005234
scipy-powell,cold,2,1203,14.9914,0.005231
scipy-powell,cold,2,1204,15.0036,0.005229
scipy-powell,cold,2,1205,15.0160,0.005228
scipy-powell,cold,2,1206,15.0284,0.005227
scipy-powell,cold,2,1207,15.0407,0.005226
scipy-powell,cold,2,1208,15.0531,0.005226
scipy-powell,cold,2,1209,15.0653,0.005226
scipy-powell,cold,2,1210,15.0781,0.005225
scipy-powell,cold,2,1211,15.0902,0.005225
scipy-powell,cold,2,1212,15.1024,0.005225
scipy-powell,cold,2,1213,15.1150,0.005225
scipy-powell,cold,2,1214,15.1273,0.005225
scipy-powell,cold,2,1215,15.1393,0.005225
scipy-powell,cold,2,1216,15.1528,0.005225
scipy-powell,cold,2,1217,15.1666,0.005225
scipy-powell,cold,2,1218,15.1796,0.005225
scipy-powell,cold,2,1219,15.1932,0.005225
scipy-powell,cold,2,1220,15.2059,0.005225
scipy-powell,cold,2,1221,15.2193,0.005225
scipy-powell,cold,2,1222,15.2327,0.005225
scipy-powell,cold,2,1223,15.2465,0.005225
scipy-powell,cold,2,1224,15.2595,0.005225
scipy-powell,cold,2,1225,15.2728,0.005225
scipy-powell,cold,2,1226,15.2857,0.005225
scipy-powell,cold,2,1227,15.2977,0.005225
scipy-powell,cold,2,1228,15.3095,0.005225
scipy-powell,cold,2,1229,15.3215,0.005225
scipy-powell,cold,2,1230,15.3331,0.005225
scipy-powell,cold,2,1231,15.3453,0.005225
scipy-powell,cold,2,1232,15.3572,0.005225
scipy-powell,cold,2,1233,15.3691,0.005225
scipy-powell,cold,2,1234,15.3815,0.005225
scipy-powell,cold,2,1235,15.3932,0.005225
scipy-powell,cold,2,1236,15.4050,0.005225
scipy-powell,cold,2,1237,15.4168,0.005225
scipy-powell,cold,2,1238,15.4286,0.005212
scipy-powell,cold,2,1240,15.4525,0.005212
scipy-powell,cold,2,1241,15.4648,0.005212
scipy-powell,cold,2,1243,15.4889,0.005212
scipy-powell,cold,2,1244,15.5014,0.005212
scipy-powell,cold,2,1245,15.5136,0.005212
scipy-powell,cold,2,1246,15.5254,0.005212
scipy-powell,cold,2,1247,15.5377,0.005212
scipy-powell,cold,2,1248,15.5505,0.005212
scipy-powell,cold,2,1260,15.6989,0.005211
scipy-powell,cold,2,1263,15.7365,0.005211
scipy-powell,cold,2,1264,15.7488,0.005211
scipy-powell,cold,2,1265,15.7616,0.005211
scipy-powell,cold,2,1266,15.7734,0.005211
scipy-powell,cold,2,1280,15.9465,0.005211
scipy-powell,cold,2,1282,15.9700,0.005211
scipy-powell,cold,2,1283,15.9817,0.005211
scipy-powell,cold,2,1287,16.0305,0.005207
scipy-powell,cold,2,1288,16.0423,0.005201
scipy-powell,cold,2,1292,16.0909,0.005201
scipy-powell,cold,2,1293,16.1029,0.005201
scipy-powell,cold,2,1295,16.1270,0.005201
scipy-powell,cold,2,1296,16.1385,0.005201
scipy-powell,cold,2,1302,16.2086,0.005170
scipy-powell,cold,2,1303,16.2202,0.005149
scipy-powell,cold,2,1304,16.2320,0.005140
scipy-powell,cold,2,1305,16.2438,0.005135
scipy-powell,cold,2,1306,16.2562,0.005132
scipy-powell,cold,2,1307,16.2679,0.005131
scipy-powell,cold,2,1308,16.2798,0.005130
scipy-powell,cold,2,1309,16.2913,0.005129
scipy-powell,cold,2,1310,16.3033,0.005129
scipy-powell,cold,2,1311,16.3152,0.005128
scipy-powell,cold,2,1312,16.3299,0.005128
scipy-powell,cold,2,1313,16.3434,0.005128
scipy-powell,cold,2,1314,16.3564,0.005128
scipy-powell,cold,2,1315,16.3685,0.005128
scipy-powell,cold,2,1316,16.3809,0.005128
scipy-powell,cold,2,1317,16.3939,0.005128
scipy-powell,cold,2,1318,16.4054,0.005128
scipy-powell,cold,2,1319,16.4170,0.005128
scipy-powell,cold,2,1320,16.4285,0.005128
scipy-powell,cold,2,1321,16.4404,0.005128
scipy-powell,cold,2,1322,16.4521,0.005128
scipy-powell,cold,2,1323,16.4636,0.005128
scipy-powell,cold,2,1324,16.4751,0.005128
scipy-powell,cold,2,1325,16.4867,0.005128
scipy-powell,cold,2,1326,16.4983,0.005128
scipy-powell,cold,2,1327,16.5099,0.005128
scipy-powell,cold,2,1328,16.5215,0.005128
scipy-powell,cold,2,1329,16.5340,0.005128
scipy-powell,cold,2,1330,16.5465,0.005128
scipy-powell,cold,2,1331,16.5594,0.005128
scipy-powell,cold,2,1332,16.5712,0.005128
scipy-powell,cold,2,1333,16.5828,0.005128
scipy-powell,cold,2,1334,16.5949,0.005128
scipy-powell,cold,2,1335,16.6070,0.005128
scipy-powell,cold,2,1336,16.6185,0.005128
scipy-powell,cold,2,1337,16.6299,0.005128
scipy-powell,cold,2,1338,16.6415,0.005112
scipy-powell,cold,2,1340,16.6647,0.005095
scipy-powell,cold,2,1342,16.6882,0.005095
scipy-powell,cold,2,1343,16.6999,0.005095
scipy-powell,cold,2,1344,16.7115,0.005095
scipy-powell,cold,2,1345,16.7232,0.005095
scipy-powell,cold,2,1346,16.7347,0.005095
scipy-powell,cold,2,1347,16.7463,0.005095
scipy-powell,cold,2,1348,16.7580,0.005095
scipy-powell,cold,2,1351,16.7934,0.005095
scipy-powell,cold,2,1355,16.8400,0.005092
scipy-powell,cold,2,1356,16.8517,0.005088
scipy-powell,cold,2,1357,16.8633,0.005085
scipy-powell,cold,2,1358,16.8753,0.005084
scipy-powell,cold,2,1359,16.8869,0.005083
scipy-powell,cold,2,1360,16.8983,0.005083
scipy-powell,cold,2,1361,16.9100,0.005082
scipy-powell,cold,2,1362,16.9215,0.005082
scipy-powell,cold,2,1363,16.9332,0.005082
scipy-powell,cold,2,1364,16.9452,0.005082
scipy-powell,cold,2,1365,16.9577,0.005082
scipy-powell,cold,2,1366,16.9704,0.005082
scipy-powell,cold,2,1367,16.9831,0.005082
scipy-powell,cold,2,1368,16.9953,0.005082
scipy-powell,cold,2,1369,17.0074,0.005082
scipy-powell,cold,2,1370,17.0192,0.005082
scipy-powell,cold,2,1371,17.0308,0.005082
scipy-powell,cold,2,1372,17.0426,0.005082
scipy-powell,cold,2,1373,17.0545,0.005082
scipy-powell,cold,2,1374,17.0664,0.005082
scipy-powell,cold,2,1375,17.0782,0.005082
scipy-powell,cold,2,1376,17.0902,0.005082
scipy-powell,cold,2,1377,17.1021,0.005082
scipy-powell,cold,2,1378,17.1139,0.005082
scipy-powell,cold,2,1379,17.1267,0.005082
scipy-powell,cold,2,1380,17.1384,0.005082
scipy-powell,cold,2,1381,17.1503,0.005082
scipy-powell,cold,2,1382,17.1623,0.005082
scipy-powell,cold,2,1383,17.1743,0.005082
scipy-powell,cold,2,1384,17.1864,0.005082
scipy-powell,cold,2,1385,17.1990,0.005082
scipy-powell,cold,2,1386,17.2107,0.005082
scipy-powell,cold,2,1387,17.2231,0.005082
scipy-powell,cold,2,1388,17.2354,0.005082
scipy-powell,cold,2,1389,17.2473,0.005082
scipy-powell,cold,2,1390,17.2604,0.005082
scipy-powell,cold,2,1391,17.2728,0.005074
scipy-powell,cold,2,1393,17.2973,0.005074
scipy-powell,cold,2,1394,17.4096,0.005073
scipy-powell,cold,2,1397,17.4460,0.005073
scipy-powell,cold,2,1398,17.4581,0.005073
scipy-powell,cold,2,1399,17.4698,0.005073
scipy-powell,cold,2,1400,17.4815,0.005073
scipy-powell,cold,2,1401,17.4938,0.005073
scipy-powell,cold,2,1409,17.5885,0.005067
scipy-powell,cold,2,1410,17.6005,0.005056
scipy-powell,cold,2,1411,17.6126,0.005051
scipy-powell,cold,2,1412,17.6245,0.005048
scipy-powell,cold,2,1413,17.6368,0.005046
scipy-powell,cold,2,1414,17.6486,0.005045
scipy-powell,cold,2,1415,17.6610,0.005045
scipy-powell,cold,2,1416,17.6733,0.005045
scipy-powell,cold,2,1417,17.6855,0.005044
scipy-powell,cold,2,1418,17.6974,0.005044
scipy-powell,cold,2,1419,17.7093,0.005044
scipy-powell,cold,2,1420,17.7211,0.005044
scipy-powell,cold,2,1421,17.7340,0.005044
scipy-powell,cold,2,1422,17.7467,0.005044
scipy-powell,cold,2,1423,17.7592,0.005044
scipy-powell,cold,2,1424,17.7720,0.005044
scipy-powell,cold,2,1425,17.7849,0.005044
scipy-powell,cold,2,1426,17.7982,0.005044
scipy-powell,cold,2,1427,17.8104,0.005044
scipy-powell,cold,2,1428,17.8231,0.005044
scipy-powell,cold,2,1429,17.8350,0.005044
scipy-powell,cold,2,1430,17.8476,0.005044
scipy-powell,cold,2,1431,17.8607,0.005044
scipy-powell,cold,2,1432,17.8725,0.005044
scipy-powell,cold,2,1433,17.8842,0.005044
scipy-powell,cold,2,1434,17.8967,0.005044
scipy-powell,cold,2,1435,17.9085,0.005044
scipy-powell,cold,2,1436,17.9215,0.005044
scipy-powell,cold,2,1437,17.9344,0.005044
scipy-powell,cold,2,1438,17.9486,0.005044
scipy-powell,cold,2,1439,17.9614,0.005044
scipy-powell,cold,2,1440,17.9743,0.005044
scipy-powell,cold,2,1441,17.9867,0.005044
scipy-powell,cold,2,1442,18.0000,0.005044
scipy-powell,cold,2,1443,18.0133,0.005044
scipy-powell,cold,2,1444,18.0260,0.005044
scipy-powell,cold,2,1445,18.0388,0.005039
scipy-powell,cold,2,1448,18.0767,0.005036
scipy-powell,cold,2,1450,18.0988,0.005036
scipy-powell,cold,2,1451,18.1100,0.005036
scipy-powell,cold,2,1452,18.1217,0.005036
scipy-powell,cold,2,1453,18.1330,0.005036
scipy-powell,cold,2,1454,18.1440,0.005036
scipy-powell,cold,2,1455,18.1551,0.005036
scipy-powell,cold,2,1458,18.1886,0.005036
scipy-powell,cold,2,1465,18.2689,0.005036
scipy-powell,cold,2,1466,18.2805,0.005036
scipy-powell,cold,2,1467,18.2925,0.005036
scipy-powell,cold,2,1468,18.3045,0.005036
scipy-powell,cold,2,1474,18.3769,0.005036
scipy-powell,cold,2,1481,18.4659,0.005035
scipy-powell,cold,2,1482,18.4783,0.005035
scipy-powell,cold,2,1483,18.4902,0.005034
scipy-powell,cold,2,1485,18.5137,0.005034
scipy-powell,cold,2,1486,18.5251,0.005034
scipy-powell,cold,2,1487,18.5367,0.005034
scipy-powell,cold,2,1488,18.5484,0.005034
scipy-powell,cold,2,1489,18.5605,0.005034
scipy-powell,cold,2,1498,18.6694,0.005034
scipy-powell,cold,2,1502,18.7174,0.005026
scipy-powell,cold,2,1503,18.7293,0.004976
scipy-powell,cold,2,1504,18.7406,0.004950
scipy-powell,cold,2,1505,18.7531,0.004939
scipy-powell,cold,2,1506,18.7646,0.004934
scipy-powell,cold,2,1507,18.7778,0.004933
scipy-powell,cold,2,1508,18.7906,0.004932
scipy-powell,cold,2,1509,18.8047,0.004932
scipy-powell,cold,2,1510,18.8182,0.004932
scipy-powell,cold,2,1511,18.8302,0.004932
scipy-powell,cold,2,1512,18.8417,0.004932
scipy-powell,cold,2,1521,18.9468,0.004929
scipy-powell,cold,2,1524,18.9830,0.004929
scipy-powell,cold,2,1525,18.9946,0.004929
scipy-powell,cold,2,1526,19.0075,0.004929
scipy-powell,cold,2,1527,19.0193,0.004929
scipy-powell,cold,2,1528,19.0322,0.004929
scipy-powell,cold,2,1529,19.0448,0.004929
scipy-powell,cold,2,1534,19.1083,0.004929
scipy-powell,cold,2,1537,19.1457,0.004928
scipy-powell,cold,2,1539,19.1703,0.004927
scipy-powell,cold,2,1540,19.1833,0.004926
scipy-powell,cold,2,1541,19.1969,0.004926
scipy-powell,cold,2,1542,19.2103,0.004926
scipy-powell,cold,2,1543,19.2234,0.004926
scipy-powell,cold,2,1544,19.2357,0.004926
scipy-powell,cold,2,1545,19.2511,0.004926
scipy-powell,cold,2,1546,19.2645,0.004926
scipy-powell,cold,2,1547,19.2775,0.004926
scipy-powell,cold,2,1548,19.2894,0.004926
scipy-powell,cold,2,1549,19.3025,0.004926
scipy-powell,cold,2,1550,19.3160,0.004926
scipy-powell,cold,2,1551,19.3283,0.004926
scipy-powell,cold,2,1552,19.3411,0.004926
scipy-powell,cold,2,1553,19.3541,0.004926
scipy-powell,cold,2,1554,19.3675,0.004926
scipy-powell,cold,2,1555,19.3806,0.004926
scipy-powell,cold,2,1556,19.3928,0.004926
scipy-powell,cold,2,1557,19.4055,0.004926
scipy-powell,cold,2,1558,19.4173,0.004926
scipy-powell,cold,2,1559,19.4304,0.004926
scipy-powell,cold,2,1560,19.4418,0.004926
scipy-powell,cold,2,1561,19.4537,0.004926
scipy-powell,cold,2,1562,19.4654,0.004926
scipy-powell,cold,2,1563,19.4779,0.004926
scipy-powell,cold,2,1564,19.4905,0.004926
scipy-powell,cold,2,1565,19.5020,0.004926
scipy-powell,cold,2,1566,19.5133,0.004926
scipy-powell,cold,2,1567,19.5251,0.004926
scipy-powell,cold,2,1568,19.5370,0.004926
scipy-powell,cold,2,1569,19.5488,0.004926
scipy-powell,cold,2,1570,19.5622,0.004926
scipy-powell,cold,2,1571,19.5735,0.004926
scipy-powell,cold,2,1572,19.5857,0.004926
scipy-powell,cold,2,1573,19.5975,0.004926
scipy-powell,cold,2,1574,19.6114,0.004921
scipy-powell,cold,2,1576,19.6345,0.004920
scipy-powell,cold,2,1577,19.6458,0.004919
scipy-powell,cold,2,1578,19.6597,0.004918
scipy-powell,cold,2,1580,19.6824,0.004918
scipy-powell,cold,2,1581,19.6940,0.004918
scipy-powell,cold,2,1583,19.7193,0.004918
scipy-powell,cold,2,1584,19.7313,0.004918
scipy-powell,cold,2,1585,19.7433,0.004918
scipy-powell,cold,2,1586,19.7571,0.004918
scipy-powell,cold,2,1587,19.7688,0.004918
scipy-powell,cold,2,1596,19.8790,0.004917
scipy-powell,cold,2,1598,19.9042,0.004912
scipy-powell,cold,2,1599,19.9166,0.004908
scipy-powell,cold,2,1600,19.9292,0.004905
scipy-powell,cold,2,1601,19.9422,0.004903
scipy-powell,cold,2,1602,19.9547,0.004902
scipy-powell,cold,2,1603,19.9668,0.004901
scipy-powell,cold,2,1604,19.9828,0.004901
scipy-powell,cold,2,1605,19.9950,0.004901
scipy-powell,cold,2,1606,20.0071,0.004901
scipy-powell,cold,2,1607,20.0193,0.004900
scipy-powell,cold,2,1608,20.0352,0.004900
scipy-powell,cold,2,1609,20.0488,0.004900
scipy-powell,cold,2,1610,20.0609,0.004900
scipy-powell,cold,2,1611,20.0728,0.004900
scipy-powell,cold,2,1612,20.0872,0.004900
scipy-powell,cold,2,1613,20.1002,0.004900
scipy-powell,cold,2,1614,20.1123,0.004900
scipy-powell,cold,2,1615,20.1255,0.004900
scipy-powell,cold,2,1616,20.1399,0.004900
scipy-powell,cold,2,1617,20.1525,0.004900
scipy-powell,cold,2,1618,20.1647,0.004900
scipy-powell,cold,2,1619,20.1766,0.004900
scipy-powell,cold,2,1620,20.1896,0.004900
scipy-powell,cold,2,1621,20.2014,0.004900
scipy-powell,cold,2,1622,20.2136,0.004900
scipy-powell,cold,2,1623,20.2261,0.004900
scipy-powell,cold,2,1624,20.2395,0.004900
scipy-powell,cold,2,1625,20.2517,0.004900
scipy-powell,cold,2,1626,20.2648,0.004900
scipy-powell,cold,2,1627,20.2775,0.004900
scipy-powell,cold,2,1628,20.2903,0.004900
scipy-powell,cold,2,1629,20.3023,0.004900
scipy-powell,cold,2,1630,20.3146,0.004900
scipy-powell,cold,2,1631,20.3271,0.004900
scipy-powell,cold,2,1632,20.3407,0.004900
scipy-powell,cold,2,1633,20.3539,0.004884
scipy-powell,cold,2,1636,20.3951,0.004879
scipy-powell,cold,2,1637,20.4084,0.004877
scipy-powell,cold,2,1638,20.4206,0.004876
scipy-powell,cold,2,1639,20.4343,0.004876
scipy-powell,cold,2,1640,20.4466,0.004875
scipy-powell,cold,2,1641,20.4609,0.004875
scipy-powell,cold,2,1642,20.4730,0.004875
scipy-powell,cold,2,1643,20.4854,0.004875
scipy-powell,cold,2,1644,20.4977,0.004875
scipy-powell,cold,2,1648,20.5480,0.004875
scipy-powell,cold,2,1650,20.5731,0.004875
scipy-powell,cold,2,1652,20.5977,0.004874
scipy-powell,cold,2,1653,20.6109,0.004874
scipy-powell,cold,2,1654,20.6238,0.004874
scipy-powell,cold,2,1655,20.6371,0.004874
scipy-powell,cold,2,1656,20.6500,0.004874
scipy-powell,cold,2,1657,20.6628,0.004874
scipy-powell,cold,2,1658,20.6754,0.004874
scipy-powell,cold,2,1659,20.6876,0.004874
scipy-powell,cold,2,1676,20.9114,0.004874
scipy-powell,cold,2,1677,20.9249,0.004874
scipy-powell,cold,2,1678,20.9371,0.004874
scipy-powell,cold,2,1679,20.9494,0.004874
scipy-powell,cold,2,1680,20.9622,0.004874
scipy-powell,cold,2,1681,20.9747,0.004874
scipy-powell,cold,2,1682,20.9869,0.004874
scipy-powell,cold,2,1683,20.9991,0.004874
scipy-powell,cold,2,1684,21.0113,0.004874
scipy-powell,cold,2,1685,21.0233,0.004874
scipy-powell,cold,2,1686,21.0359,0.004874
scipy-powell,cold,2,1687,21.0485,0.004874
scipy-powell,cold,2,1688,21.0607,0.004874
scipy-powell,cold,2,1689,21.0729,0.004874
scipy-powell,cold,2,1690,21.0861,0.004874
scipy-powell,cold,2,1691,21.0991,0.004874
scipy-powell,cold,2,1692,21.1125,0.004874
scipy-powell,cold,2,1693,21.1249,0.004874
scipy-powell,cold,2,1694,21.1374,0.004874
scipy-powell,cold,2,1695,21.1503,0.004874
scipy-powell,cold,2,1696,21.1652,0.004874
scipy-powell,cold,2,1697,21.1774,0.004874
scipy-powell,cold,2,1698,21.1906,0.004874
scipy-powell,cold,2,1699,21.2033,0.004874
scipy-powell,cold,2,1700,21.2184,0.004874
scipy-powell,cold,2,1701,21.2305,0.004874
scipy-powell,cold,2,1702,21.2429,0.004874
scipy-powell,cold,2,1703,21.2548,0.004874
scipy-powell,cold,2,1704,21.2676,0.004874
scipy-powell,cold,2,1705,21.2814,0.004874
scipy-powell,cold,2,1706,21.2941,0.004874
scipy-powell,cold,2,1707,21.3060,0.004874
scipy-powell,cold,2,1708,21.3176,0.004874
scipy-powell,cold,2,1709,21.3302,0.004874
scipy-powell,cold,2,1710,21.3436,0.004874
scipy-powell,cold,2,1711,21.3559,0.004874
scipy-powell,cold,2,1712,21.3682,0.004874
scipy-powell,cold,2,1714,21.3952,0.004874
scipy-powell,cold,2,1715,21.4095,0.004874
scipy-powell,cold,2,1716,21.4220,0.004874
scipy-powell,cold,2,1717,21.4340,0.004874
scipy-powell,cold,2,1718,21.4464,0.004874
scipy-powell,cold,2,1719,21.4592,0.004874
scipy-powell,cold,2,1720,21.4720,0.004874
scipy-powell,cold,2,1721,21.4845,0.004874
scipy-powell,cold,2,1722,21.4972,0.004874
scipy-powell,cold,2,1723,21.5097,0.004874
scipy-powell,cold,2,1724,21.5234,0.004874
scipy-powell,cold,2,1725,21.5360,0.004874
scipy-powell,cold,2,1726,21.5494,0.004874
scipy-powell,cold,2,1727,21.5616,0.004874
scipy-powell,cold,2,1728,21.5741,0.004874
scipy-powell,cold,2,1729,21.5867,0.004874
scipy-powell,cold,2,1730,21.5996,0.004874
scipy-powell,cold,2,1731,21.6125,0.004874
scipy-powell,cold,2,1732,21.6251,0.004874
scipy-powell,cold,2,1733,21.6379,0.004874
scipy-powell,cold,2,1734,21.6525,0.004874
scipy-powell,cold,2,1735,21.6651,0.004874
scipy-powell,cold,2,1736,21.6776,0.004874
scipy-powell,cold,2,1737,21.6905,0.004874
scipy-powell,cold,2,1738,21.7047,0.004874
scipy-powell,cold,2,1739,21.7173,0.004874
scipy-powell,cold,2,1740,21.7314,0.004874
scipy-powell,cold,2,1741,21.7439,0.004874
scipy-powell,cold,2,1742,21.7571,0.004874
scipy-powell,cold,2,1743,21.7706,0.004874
scipy-powell,cold,2,1744,21.7864,0.004874
scipy-powell,cold,2,1745,21.8006,0.004874
scipy-powell,cold,2,1746,21.8133,0.004874
scipy-powell,cold,2,1747,21.8260,0.004874
scipy-powell,cold,2,1748,21.8389,0.004874
scipy-powell,cold,2,1749,21.8515,0.004873
scipy-powell,cold,2,1751,21.8794,0.004873
scipy-powell,cold,2,1753,21.9058,0.004873
scipy-powell,cold,2,1754,21.9183,0.004873
scipy-powell,cold,2,1756,21.9436,0.004873
scipy-powell,cold,2,1762,22.0243,0.004873
scipy-powell,cold,2,1763,22.0410,0.004873
scipy-powell,cold,2,1771,22.1596,0.004873
scipy-powell,cold,2,1772,22.1763,0.004873
scipy-powell,cold,2,1773,22.1935,0.004873
scipy-powell,cold,2,1774,22.2076,0.004873
scipy-powell,cold,2,1775,22.2224,0.004873
scipy-powell,cold,2,1776,22.2376,0.004873
scipy-powell,cold,2,1777,22.2531,0.004873
scipy-powell,cold,2,1778,22.2676,0.004873
scipy-powell,cold,2,1779,22.2842,0.004873
scipy-powell,cold,2,1780,22.2981,0.004873
scipy-powell,cold,2,1781,22.3111,0.004873
scipy-powell,cold,2,1782,22.3246,0.004873
scipy-powell,cold,2,1783,22.3379,0.004873
scipy-powell,cold,2,1784,22.3539,0.004873
scipy-powell,cold,2,1785,22.3701,0.004873
scipy-powell,cold,2,1786,22.3873,0.004873
scipy-powell,cold,2,1787,22.4061,0.004873
scipy-powell,cold,2,1788,22.4257,0.004873
scipy-powell,cold,2,1789,22.4441,0.004873
scipy-powell,cold,2,1790,22.4625,0.004873
scipy-powell,cold,2,1791,22.4809,0.004873
scipy-powell,cold,2,1792,22.4982,0.004873
scipy-powell,cold,2,1793,22.5140,0.004873
scipy-powell,cold,2,1794,22.5299,0.004873
scipy-powell,cold,2,1795,22.5451,0.004873
scipy-powell,cold,2,1796,22.5605,0.004873
scipy-powell,cold,2,1797,22.5776,0.004873
scipy-powell,cold,2,1798,22.5935,0.004873
scipy-powell,cold,2,1799,22.6093,0.004873
scipy-powell,cold,2,1800,22.6261,0.004873
scipy-powell,cold,2,1801,22.6429,0.004873
scipy-powell,cold,2,1802,22.6604,0.004873
scipy-powell,cold,2,1803,22.6732,0.004873
scipy-powell,cold,2,1804,22.6871,0.004873
scipy-powell,cold,2,1805,22.7005,0.004873
scipy-powell,cold,2,1808,22.7396,0.004873
scipy-powell,cold,2,1809,22.7532,0.004873
scipy-powell,cold,2,1810,22.7656,0.004873
scipy-powell,cold,2,1811,22.7779,0.004873
scipy-powell,cold,2,1812,22.7905,0.004873
scipy-powell,cold,2,1813,22.8028,0.004873
scipy-powell,cold,2,1814,22.8153,0.004873
scipy-powell,cold,2,1819,22.8784,0.004873
scipy-powell,cold,2,1831,23.0301,0.004866
scipy-powell,cold,2,1833,23.0555,0.004861
scipy-powell,cold,2,1834,23.0680,0.004857
scipy-powell,cold,2,1835,23.0815,0.004855
scipy-powell,cold,2,1836,23.0946,0.004854
scipy-powell,cold,2,1837,23.1076,0.004853
scipy-powell,cold,2,1838,23.1205,0.004853
scipy-powell,cold,2,1839,23.1342,0.004852
scipy-powell,cold,2,1840,23.1476,0.004852
scipy-powell,cold,2,1841,23.1610,0.004852
scipy-powell,cold,2,1842,23.1745,0.004852
scipy-powell,cold,2,1843,23.1908,0.004852
scipy-powell,cold,2,1844,23.2031,0.004852
scipy-powell,cold,2,1845,23.2156,0.004852
scipy-powell,cold,2,1846,23.2280,0.004852
scipy-powell,cold,2,1847,23.2406,0.004852
scipy-powell,cold,2,1848,23.2526,0.004852
scipy-powell,cold,2,1849,23.2647,0.004852
scipy-powell,cold,2,1850,23.2782,0.004852
scipy-powell,cold,2,1851,23.2903,0.004852
scipy-powell,cold,2,1852,23.3029,0.004852
scipy-powell,cold,2,1853,23.3153,0.004852
scipy-powell,cold,2,1854,23.3282,0.004852
scipy-powell,cold,2,1855,23.3404,0.004852
scipy-powell,cold,2,1856,23.3528,0.004852
scipy-powell,cold,2,1857,23.3657,0.004852
scipy-powell,cold,2,1858,23.3782,0.004852
scipy-powell,cold,2,1859,23.3902,0.004852
scipy-powell,cold,2,1860,23.4026,0.004852
scipy-powell,cold,2,1861,23.4149,0.004852
scipy-powell,cold,2,1862,23.4277,0.004852
scipy-powell,cold,2,1863,23.4409,0.004852
scipy-powell,cold,2,1864,23.4531,0.004852
scipy-powell,cold,2,1865,23.4651,0.004852
scipy-powell,cold,2,1866,23.4773,0.004852
scipy-powell,cold,2,1867,23.4897,0.004843
scipy-powell,cold,2,1869,23.5138,0.004839
scipy-powell,cold,2,1870,23.5257,0.004839
scipy-powell,cold,2,1871,23.5382,0.004839
scipy-powell,cold,2,1874,23.5747,0.004839
scipy-powell,cold,2,1875,23.5875,0.004839
scipy-powell,cold,2,1876,23.6020,0.004839
scipy-powell,cold,2,1878,23.6314,0.004839
scipy-powell,cold,2,1879,23.6446,0.004839
scipy-powell,cold,2,1886,23.7314,0.004838
scipy-powell,cold,2,1887,23.7438,0.004838
scipy-powell,cold,2,1888,23.7560,0.004837
scipy-powell,cold,2,1889,23.7682,0.004837
scipy-powell,cold,2,1890,23.7842,0.004837
scipy-powell,cold,2,1891,23.7975,0.004837
scipy-powell,cold,2,1892,23.8129,0.004837
scipy-powell,cold,2,1893,23.8262,0.004837
scipy-powell,cold,2,1894,23.8386,0.004837
scipy-powell,cold,2,1895,23.8519,0.004837
scipy-powell,cold,2,1896,23.8651,0.004837
scipy-powell,cold,2,1897,23.8776,0.004837
scipy-powell,cold,2,1898,23.8903,0.004837
scipy-powell,cold,2,1899,23.9033,0.004837
scipy-powell,cold,2,1900,23.9159,0.004837
scipy-powell,cold,2,1901,23.9289,0.004837
scipy-powell,cold,2,1902,23.9421,0.004837
scipy-powell,cold,2,1903,23.9550,0.004837
scipy-powell,cold,2,1904,23.9684,0.004837
scipy-powell,cold,2,1905,23.9821,0.004837
scipy-powell,cold,2,1906,23.9943,0.004837
scipy-powell,cold,2,1907,24.0064,0.004837
scipy-powell,cold,2,1908,24.0185,0.004837
scipy-powell,cold,2,1909,24.0306,0.004837
scipy-powell,cold,2,1910,24.0428,0.004837
scipy-powell,cold,2,1911,24.0550,0.004837
scipy-powell,cold,2,1912,24.0672,0.004837
scipy-powell,cold,2,1913,24.0793,0.004837
scipy-powell,cold,2,1914,24.0916,0.004837
scipy-powell,cold,2,1915,24.1039,0.004837
scipy-powell,cold,2,1916,24.1162,0.004837
scipy-powell,cold,2,1917,24.1285,0.004837
scipy-powell,cold,2,1918,24.1405,0.004837
scipy-powell,cold,2,1919,24.1527,0.004837
scipy-powell,cold,2,1920,24.1653,0.004837
scipy-powell,cold,2,1921,24.1774,0.004837
scipy-powell,cold,2,1922,24.1895,0.004836
scipy-powell,cold,2,1924,24.2149,0.004836
scipy-powell,cold,2,1925,24.2273,0.004836
scipy-powell,cold,2,1926,24.2395,0.004836
scipy-powell,cold,2,1928,24.2634,0.004836
scipy-powell,cold,2,1929,24.2765,0.004836
scipy-powell,cold,2,1930,24.2890,0.004836
scipy-powell,cold,2,1931,24.3016,0.004836
scipy-powell,cold,2,1940,24.4118,0.004834
scipy-powell,cold,2,1941,24.4254,0.004828
scipy-powell,cold,2,1942,24.4374,0.004825
scipy-powell,cold,2,1943,24.4501,0.004823
scipy-powell,cold,2,1944,24.4636,0.004821
scipy-powell,cold,2,1945,24.4762,0.004821
scipy-powell,cold,2,1946,24.4885,0.004820
scipy-powell,cold,2,1947,24.5007,0.004820
scipy-powell,cold,2,1948,24.5153,0.004820
scipy-powell,cold,2,1949,24.5292,0.004820
scipy-powell,cold,2,1950,24.5416,0.004820
scipy-powell,cold,2,1951,24.5549,0.004820
scipy-powell,cold,2,1952,24.5688,0.004820
scipy-powell,cold,2,1953,24.5822,0.004820
scipy-powell,cold,2,1954,24.5945,0.004820
scipy-powell,cold,2,1955,24.6063,0.004820
scipy-powell,cold,2,1956,24.6183,0.004820
scipy-powell,cold,2,1957,24.6305,0.004820
scipy-powell,cold,2,1958,24.6435,0.004820
scipy-powell,cold,2,1959,24.6564,0.004820
scipy-powell,cold,2,1960,24.6696,0.004820
scipy-powell,cold,2,1961,24.6828,0.004820
scipy-powell,cold,2,1962,24.6955,0.004820
scipy-powell,cold,2,1963,24.7096,0.004820
scipy-powell,cold,2,1964,24.7223,0.004820
scipy-powell,cold,2,1965,24.7374,0.004820
scipy-powell,cold,2,1966,24.7501,0.004820
scipy-powell,cold,2,1967,24.7625,0.004820
scipy-powell,cold,2,1968,24.7746,0.004820
scipy-powell,cold,2,1969,24.7867,0.004820
scipy-powell,cold,2,1970,24.7990,0.004820
scipy-powell,cold,2,1971,24.8112,0.004820
scipy-powell,cold,2,1972,24.8234,0.004820
scipy-powell,cold,2,1973,24.8355,0.004820
scipy-powell,cold,2,1974,24.8477,0.004820
scipy-powell,cold,2,1975,24.8600,0.004820
scipy-powell,cold,2,1976,24.8722,0.004820
scipy-powell,cold,2,1977,24.8847,0.004816
scipy-powell,cold,2,1979,24.9092,0.004815
scipy-powell,cold,2,1982,24.9457,0.004815
scipy-powell,cold,2,1983,24.9578,0.004815
scipy-powell,cold,2,1984,24.9703,0.004815
scipy-powell,cold,2,1985,24.9828,0.004815
scipy-powell,cold,2,1999,25.1724,0.004815
scipy-powell,cold,3,0,0.0000,0.005521
scipy-powell,cold,3,2,0.0391,0.005520
scipy-powell,cold,3,4,0.0638,0.005520
scipy-powell,cold,3,6,0.0909,0.005520
scipy-powell,cold,3,7,0.1033,0.005520
scipy-powell,cold,3,8,0.1154,0.005520
scipy-powell,cold,3,9,0.1276,0.005520
scipy-powell,cold,3,10,0.1400,0.005520
scipy-powell,cold,3,11,0.1527,0.005520
scipy-powell,cold,3,14,0.1908,0.005520
scipy-powell,cold,3,15,0.2033,0.005520
scipy-powell,cold,3,21,0.2796,0.005520
scipy-powell,cold,3,23,0.3039,0.005519
scipy-powell,cold,3,24,0.3163,0.005519
scipy-powell,cold,3,26,0.3412,0.005519
scipy-powell,cold,3,27,0.3533,0.005519
scipy-powell,cold,3,28,0.3659,0.005519
scipy-powell,cold,3,29,0.3782,0.005519
scipy-powell,cold,3,30,0.3903,0.005519
scipy-powell,cold,3,37,0.4765,0.005519
scipy-powell,cold,3,39,0.5010,0.005519
scipy-powell,cold,3,43,0.5496,0.005519
scipy-powell,cold,3,46,0.5861,0.005519
scipy-powell,cold,3,48,0.6106,0.005519
scipy-powell,cold,3,49,0.6225,0.005519
scipy-powell,cold,3,50,0.6345,0.005519
scipy-powell,cold,3,51,0.6472,0.005519
scipy-powell,cold,3,52,0.6602,0.005519
scipy-powell,cold,3,53,0.6731,0.005519
scipy-powell,cold,3,73,0.9314,0.005519
scipy-powell,cold,3,75,0.9558,0.005519
scipy-powell,cold,3,76,0.9683,0.005519
scipy-powell,cold,3,77,0.9805,0.005519
scipy-powell,cold,3,78,0.9928,0.005519
scipy-powell,cold,3,94,1.1964,0.005518
scipy-powell,cold,3,95,1.2089,0.005516
scipy-powell,cold,3,96,1.2217,0.005516
scipy-powell,cold,3,97,1.2343,0.005515
scipy-powell,cold,3,98,1.2470,0.005515
scipy-powell,cold,3,99,1.2602,0.005515
scipy-powell,cold,3,100,1.2738,0.005514
scipy-powell,cold,3,101,1.2870,0.005514
scipy-powell,cold,3,102,1.3001,0.005514
scipy-powell,cold,3,103,1.3126,0.005514
scipy-powell,cold,3,104,1.3252,0.005514
scipy-powell,cold,3,105,1.3381,0.005514
scipy-powell,cold,3,106,1.3509,0.005514
scipy-powell,cold,3,107,1.3638,0.005514
scipy-powell,cold,3,108,1.3795,0.005514
scipy-powell,cold,3,109,1.3933,0.005514
scipy-powell,cold,3,110,1.4067,0.005514
scipy-powell,cold,3,111,1.4196,0.005514
scipy-powell,cold,3,112,1.4321,0.005514
scipy-powell,cold,3,113,1.4450,0.005514
scipy-powell,cold,3,114,1.4587,0.005514
scipy-powell,cold,3,115,1.4725,0.005514
scipy-powell,cold,3,116,1.4844,0.005514
scipy-powell,cold,3,117,1.4971,0.005514
scipy-powell,cold,3,118,1.5092,0.005514
scipy-powell,cold,3,119,1.5223,0.005514
scipy-powell,cold,3,120,1.5357,0.005514
scipy-powell,cold,3,121,1.5492,0.005514
scipy-powell,cold,3,122,1.5622,0.005514
scipy-powell,cold,3,123,1.5751,0.005514
scipy-powell,cold,3,124,1.5876,0.005514
scipy-powell,cold,3,125,1.6009,0.005514
scipy-powell,cold,3,126,1.6131,0.005514
scipy-powell,cold,3,127,1.6251,0.005514
scipy-powell,cold,3,128,1.6376,0.005514
scipy-powell,cold,3,129,1.6498,0.005514
scipy-powell,cold,3,130,1.6621,0.005511
scipy-powell,cold,3,132,1.6866,0.005510
scipy-powell,cold,3,134,1.7111,0.005510
scipy-powell,cold,3,136,1.7361,0.005510
scipy-powell,cold,3,137,1.7484,0.005510
scipy-powell,cold,3,138,1.7613,0.005510
scipy-powell,cold,3,139,1.7740,0.005510
scipy-powell,cold,3,140,1.7869,0.005510
scipy-powell,cold,3,141,1.7993,0.005510
scipy-powell,cold,3,146,1.8607,0.005480
scipy-powell,cold,3,148,1.8865,0.005439
scipy-powell,cold,3,149,1.8990,0.005410
scipy-powell,cold,3,150,1.9122,0.005392
scipy-powell,cold,3,151,1.9255,0.005382
scipy-powell,cold,3,152,1.9385,0.005376
scipy-powell,cold,3,153,1.9503,0.005372
scipy-powell,cold,3,154,1.9628,0.005370
scipy-powell,cold,3,155,1.9750,0.005368
scipy-powell,cold,3,156,1.9868,0.005368
scipy-powell,cold,3,157,1.9989,0.005367
scipy-powell,cold,3,158,2.0112,0.005367
scipy-powell,cold,3,159,2.0246,0.005367
scipy-powell,cold,3,160,2.0373,0.005366
scipy-powell,cold,3,161,2.0509,0.005366
scipy-powell,cold,3,162,2.0640,0.005366
scipy-powell,cold,3,163,2.0775,0.005366
scipy-powell,cold,3,164,2.0916,0.005366
scipy-powell,cold,3,165,2.1037,0.005366
scipy-powell,cold,3,166,2.1161,0.005366
scipy-powell,cold,3,167,2.1284,0.005366
scipy-powell,cold,3,168,2.1414,0.005366
scipy-powell,cold,3,169,2.1544,0.005366
scipy-powell,cold,3,170,2.1684,0.005366
scipy-powell,cold,3,171,2.1807,0.005366
scipy-powell,cold,3,172,2.1933,0.005366
scipy-powell,cold,3,173,2.2059,0.005366
scipy-powell,cold,3,174,2.2181,0.005366
scipy-powell,cold,3,175,2.2307,0.005366
scipy-powell,cold,3,176,2.2433,0.005366
scipy-powell,cold,3,177,2.2557,0.005366
scipy-powell,cold,3,178,2.2683,0.005366
scipy-powell,cold,3,179,2.2805,0.005366
scipy-powell,cold,3,180,2.2933,0.005366
scipy-powell,cold,3,181,2.3077,0.005366
scipy-powell,cold,3,182,2.3201,0.005366
scipy-powell,cold,3,184,2.3461,0.005360
scipy-powell,cold,3,186,2.3712,0.005354
scipy-powell,cold,3,187,2.3834,0.005354
scipy-powell,cold,3,188,2.3951,0.005354
scipy-powell,cold,3,190,2.4187,0.005354
scipy-powell,cold,3,191,2.4304,0.005354
scipy-powell,cold,3,192,2.4419,0.005354
scipy-powell,cold,3,193,2.4535,0.005354
scipy-powell,cold,3,200,2.5403,0.005345
scipy-powell,cold,3,201,2.5527,0.005330
scipy-powell,cold,3,202,2.5644,0.005322
scipy-powell,cold,3,203,2.5783,0.005318
scipy-powell,cold,3,204,2.5932,0.005316
scipy-powell,cold,3,205,2.6062,0.005315
scipy-powell,cold,3,206,2.6185,0.005315
scipy-powell,cold,3,207,2.6315,0.005314
scipy-powell,cold,3,208,2.6443,0.005314
scipy-powell,cold,3,209,2.6568,0.005314
scipy-powell,cold,3,210,2.6701,0.005314
scipy-powell,cold,3,211,2.6820,0.005314
scipy-powell,cold,3,212,2.6949,0.005314
scipy-powell,cold,3,213,2.7080,0.005314
scipy-powell,cold,3,214,2.7212,0.005314
scipy-powell,cold,3,215,2.7340,0.005314
scipy-powell,cold,3,216,2.7465,0.005314
scipy-powell,cold,3,217,2.7592,0.005314
scipy-powell,cold,3,218,2.7718,0.005314
scipy-powell,cold,3,219,2.7836,0.005314
scipy-powell,cold,3,220,2.7967,0.005314
scipy-powell,cold,3,221,2.8094,0.005314
scipy-powell,cold,3,222,2.8230,0.005314
scipy-powell,cold,3,223,2.8357,0.005314
scipy-powell,cold,3,224,2.8486,0.005314
scipy-powell,cold,3,225,2.8610,0.005314
scipy-powell,cold,3,226,2.8734,0.005314
scipy-powell,cold,3,227,2.8858,0.005314
scipy-powell,cold,3,228,2.8986,0.005314
scipy-powell,cold,3,229,2.9116,0.005314
scipy-powell,cold,3,230,2.9239,0.005314
scipy-powell,cold,3,231,2.9361,0.005314
scipy-powell,cold,3,232,2.9481,0.005314
scipy-powell,cold,3,233,2.9603,0.005314
scipy-powell,cold,3,234,2.9729,0.005314
scipy-powell,cold,3,235,2.9851,0.005314
scipy-powell,cold,3,236,2.9972,0.005311
scipy-powell,cold,3,238,3.0223,0.005311
scipy-powell,cold,3,239,3.0348,0.005310
scipy-powell,cold,3,240,3.0497,0.005310
scipy-powell,cold,3,241,3.0629,0.005310
scipy-powell,cold,3,243,3.0888,0.005310
scipy-powell,cold,3,245,3.1153,0.005310
scipy-powell,cold,3,250,3.1809,0.005310
scipy-powell,cold,3,257,3.2679,0.005309
scipy-powell,cold,3,258,3.2801,0.005304
scipy-powell,cold,3,260,3.3049,0.005304
scipy-powell,cold,3,261,3.3193,0.005304
scipy-powell,cold,3,262,3.3321,0.005304
scipy-powell,cold,3,264,3.3562,0.005304
scipy-powell,cold,3,267,3.3938,0.005281
scipy-powell,cold,3,270,3.4310,0.005279
scipy-powell,cold,3,271,3.4434,0.005277
scipy-powell,cold,3,272,3.4559,0.005277
scipy-powell,cold,3,273,3.4685,0.005277
scipy-powell,cold,3,275,3.4939,0.005277
scipy-powell,cold,3,277,3.5199,0.005277
scipy-powell,cold,3,278,3.5326,0.005277
scipy-powell,cold,3,280,3.5572,0.005277
scipy-powell,cold,3,288,3.6687,0.005277
scipy-powell,cold,3,292,3.7211,0.005248
scipy-powell,cold,3,294,3.7451,0.005245
scipy-powell,cold,3,295,3.7574,0.005245
scipy-powell,cold,3,296,3.7705,0.005245
scipy-powell,cold,3,298,3.7954,0.005245
scipy-powell,cold,3,299,3.8079,0.005245
scipy-powell,cold,3,300,3.8204,0.005245
scipy-powell,cold,3,305,3.8820,0.005236
scipy-powell,cold,3,308,3.9186,0.005235
scipy-powell,cold,3,310,3.9440,0.005235
scipy-powell,cold,3,312,3.9703,0.005235
scipy-powell,cold,3,313,3.9835,0.005235
scipy-powell,cold,3,314,3.9961,0.005235
scipy-powell,cold,3,324,4.1227,0.005235
scipy-powell,cold,3,329,4.1868,0.005235
scipy-powell,cold,3,330,4.2001,0.005235
scipy-powell,cold,3,331,4.2131,0.005235
scipy-powell,cold,3,333,4.2386,0.005235
scipy-powell,cold,3,334,4.2512,0.005235
scipy-powell,cold,3,335,4.2641,0.005235
scipy-powell,cold,3,336,4.2769,0.005235
scipy-powell,cold,3,337,4.2897,0.005235
scipy-powell,cold,3,339,4.3149,0.005235
scipy-powell,cold,3,346,4.4049,0.005235
scipy-powell,cold,3,354,4.5066,0.005235
scipy-powell,cold,3,355,4.5193,0.005235
scipy-powell,cold,3,356,4.5313,0.005235
scipy-powell,cold,3,358,4.5552,0.005235
scipy-powell,cold,3,359,4.5670,0.005235
scipy-powell,cold,3,362,4.6030,0.005235
scipy-powell,cold,3,369,4.6898,0.005235
scipy-powell,cold,3,373,4.7392,0.005234
scipy-powell,cold,3,374,4.7508,0.005231
scipy-powell,cold,3,375,4.7626,0.005228
scipy-powell,cold,3,376,4.7759,0.005227
scipy-powell,cold,3,377,4.7880,0.005227
scipy-powell,cold,3,378,4.8001,0.005226
scipy-powell,cold,3,379,4.8124,0.005226
scipy-powell,cold,3,380,4.8246,0.005226
scipy-powell,cold,3,381,4.8370,0.005226
scipy-powell,cold,3,382,4.8493,0.005226
scipy-powell,cold,3,383,4.8618,0.005226
scipy-powell,cold,3,384,4.8739,0.005226
scipy-powell,cold,3,385,4.8864,0.005226
scipy-powell,cold,3,386,4.8990,0.005226
scipy-powell,cold,3,387,4.9117,0.005226
scipy-powell,cold,3,388,4.9257,0.005226
scipy-powell,cold,3,389,4.9385,0.005226
scipy-powell,cold,3,390,4.9500,0.005226
scipy-powell,cold,3,391,4.9616,0.005226
scipy-powell,cold,3,392,4.9744,0.005226
scipy-powell,cold,3,393,4.9864,0.005226
scipy-powell,cold,3,394,4.9982,0.005226
scipy-powell,cold,3,395,5.0102,0.005226
scipy-powell,cold,3,396,5.0222,0.005226
scipy-powell,cold,3,397,5.0350,0.005226
scipy-powell,cold,3,398,5.0475,0.005226
scipy-powell,cold,3,399,5.0600,0.005226
scipy-powell,cold,3,400,5.0723,0.005226
scipy-powell,cold,3,401,5.0844,0.005226
scipy-powell,cold,3,402,5.0963,0.005226
scipy-powell,cold,3,403,5.1086,0.005226
scipy-powell,cold,3,404,5.1207,0.005226
scipy-powell,cold,3,405,5.1330,0.005226
scipy-powell,cold,3,406,5.1452,0.005226
scipy-powell,cold,3,407,5.1573,0.005226
scipy-powell,cold,3,408,5.1697,0.005226
scipy-powell,cold,3,409,5.1829,0.005226
scipy-powell,cold,3,412,5.2207,0.005224
scipy-powell,cold,3,413,5.2332,0.005224
scipy-powell,cold,3,416,5.2693,0.005224
scipy-powell,cold,3,417,5.2814,0.005224
scipy-powell,cold,3,419,5.3070,0.005224
scipy-powell,cold,3,420,5.3199,0.005224
scipy-powell,cold,3,421,5.3324,0.005224
scipy-powell,cold,3,422,5.3450,0.005224
scipy-powell,cold,3,423,5.3573,0.005224
scipy-powell,cold,3,424,5.3708,0.005224
scipy-powell,cold,3,425,5.3838,0.005224
scipy-powell,cold,3,439,5.5728,0.005224
scipy-powell,cold,3,440,5.5869,0.005223
scipy-powell,cold,3,441,5.5996,0.005223
scipy-powell,cold,3,442,5.6146,0.005223
scipy-powell,cold,3,443,5.6281,0.005223
scipy-powell,cold,3,444,5.6399,0.005223
scipy-powell,cold,3,445,5.6518,0.005223
scipy-powell,cold,3,446,5.6639,0.005223
scipy-powell,cold,3,447,5.6759,0.005223
scipy-powell,cold,3,448,5.6876,0.005223
scipy-powell,cold,3,449,5.7004,0.005223
scipy-powell,cold,3,450,5.7132,0.005223
scipy-powell,cold,3,451,5.7262,0.005223
scipy-powell,cold,3,452,5.7383,0.005223
scipy-powell,cold,3,453,5.7501,0.005223
scipy-powell,cold,3,454,5.7621,0.005223
scipy-powell,cold,3,455,5.7736,0.005223
scipy-powell,cold,3,456,5.7860,0.005223
scipy-powell,cold,3,457,5.7980,0.005223
scipy-powell,cold,3,458,5.8104,0.005223
scipy-powell,cold,3,459,5.8224,0.005223
scipy-powell,cold,3,460,5.8346,0.005223
scipy-powell,cold,3,461,5.8477,0.005223
scipy-powell,cold,3,462,5.8594,0.005223
scipy-powell,cold,3,463,5.8720,0.005223
scipy-powell,cold,3,464,5.8844,0.005223
scipy-powell,cold,3,465,5.8966,0.005223
scipy-powell,cold,3,466,5.9091,0.005223
scipy-powell,cold,3,467,5.9211,0.005223
scipy-powell,cold,3,468,5.9330,0.005223
scipy-powell,cold,3,469,5.9457,0.005223
scipy-powell,cold,3,470,5.9581,0.005223
scipy-powell,cold,3,471,5.9716,0.005223
scipy-powell,cold,3,472,5.9840,0.005223
scipy-powell,cold,3,473,5.9964,0.005223
scipy-powell,cold,3,476,6.0381,0.005221
scipy-powell,cold,3,477,6.0511,0.005221
scipy-powell,cold,3,479,6.0764,0.005221
scipy-powell,cold,3,480,6.0883,0.005221
scipy-powell,cold,3,481,6.1010,0.005221
scipy-powell,cold,3,482,6.1139,0.005221
scipy-powell,cold,3,483,6.1267,0.005221
scipy-powell,cold,3,484,6.1388,0.005221
scipy-powell,cold,3,493,6.2589,0.005209
scipy-powell,cold,3,494,6.2712,0.005201
scipy-powell,cold,3,495,6.2851,0.005196
scipy-powell,cold,3,496,6.3009,0.005193
scipy-powell,cold,3,497,6.3147,0.005191
scipy-powell,cold,3,498,6.3276,0.005189
scipy-powell,cold,3,499,6.3395,0.005189
scipy-powell,cold,3,500,6.3523,0.005188
scipy-powell,cold,3,501,6.3645,0.005188
scipy-powell,cold,3,502,6.3781,0.005188
scipy-powell,cold,3,503,6.3904,0.005188
scipy-powell,cold,3,504,6.4034,0.005188
scipy-powell,cold,3,505,6.4164,0.005188
scipy-powell,cold,3,506,6.4294,0.005188
scipy-powell,cold,3,507,6.4423,0.005188
scipy-powell,cold,3,508,6.4573,0.005188
scipy-powell,cold,3,509,6.4711,0.005187
scipy-powell,cold,3,510,6.4830,0.005187
scipy-powell,cold,3,511,6.4951,0.005187
scipy-powell,cold,3,512,6.5068,0.005187
scipy-powell,cold,3,513,6.5189,0.005187
scipy-powell,cold,3,514,6.5309,0.005187
scipy-powell,cold,3,515,6.5436,0.005187
scipy-powell,cold,3,516,6.5560,0.005187
scipy-powell,cold,3,517,6.5680,0.005187
scipy-powell,cold,3,518,6.5800,0.005187
scipy-powell,cold,3,519,6.5930,0.005187
scipy-powell,cold,3,520,6.6066,0.005187
scipy-powell,cold,3,521,6.6184,0.005187
scipy-powell,cold,3,522,6.6303,0.005187
scipy-powell,cold,3,523,6.6425,0.005187
scipy-powell,cold,3,524,6.6548,0.005187
scipy-powell,cold,3,525,6.6676,0.005187
scipy-powell,cold,3,526,6.6836,0.005187
scipy-powell,cold,3,527,6.6977,0.005187
scipy-powell,cold,3,528,6.7116,0.005187
scipy-powell,cold,3,530,6.7393,0.005154
scipy-powell,cold,3,533,6.7782,0.005154
scipy-powell,cold,3,534,6.7904,0.005152
scipy-powell,cold,3,536,6.8141,0.005152
scipy-powell,cold,3,538,6.8403,0.005152
scipy-powell,cold,3,539,6.8538,0.005152
scipy-powell,cold,3,540,6.8671,0.005152
scipy-powell,cold,3,541,6.8802,0.005152
scipy-powell,cold,3,546,6.9483,0.005152
scipy-powell,cold,3,547,6.9624,0.005147
scipy-powell,cold,3,548,6.9767,0.005144
scipy-powell,cold,3,549,6.9906,0.005143
scipy-powell,cold,3,550,7.0037,0.005142
scipy-powell,cold,3,551,7.0161,0.005142
scipy-powell,cold,3,552,7.0282,0.005141
scipy-powell,cold,3,553,7.0406,0.005141
scipy-powell,cold,3,554,7.0537,0.005141
scipy-powell,cold,3,555,7.0658,0.005141
scipy-powell,cold,3,556,7.0783,0.005141
scipy-powell,cold,3,557,7.0906,0.005141
scipy-powell,cold,3,558,7.1024,0.005141
scipy-powell,cold,3,559,7.1145,0.005141
scipy-powell,cold,3,560,7.1280,0.005141
scipy-powell,cold,3,561,7.1397,0.005141
scipy-powell,cold,3,562,7.1512,0.005141
scipy-powell,cold,3,563,7.1645,0.005141
scipy-powell,cold,3,564,7.1759,0.005141
scipy-powell,cold,3,565,7.1872,0.005141
scipy-powell,cold,3,566,7.1987,0.005141
scipy-powell,cold,3,567,7.2108,0.005141
scipy-powell,cold,3,568,7.2233,0.005141
scipy-powell,cold,3,569,7.2356,0.005141
scipy-powell,cold,3,570,7.2468,0.005141
scipy-powell,cold,3,571,7.2581,0.005141
scipy-powell,cold,3,572,7.2703,0.005141
scipy-powell,cold,3,573,7.2826,0.005141
scipy-powell,cold,3,574,7.2943,0.005141
scipy-powell,cold,3,575,7.3066,0.005141
scipy-powell,cold,3,576,7.3185,0.005141
scipy-powell,cold,3,577,7.3301,0.005141
scipy-powell,cold,3,578,7.3416,0.005141
scipy-powell,cold,3,579,7.3532,0.005141
scipy-powell,cold,3,580,7.3647,0.005141
scipy-powell,cold,3,585,7.4282,0.005139
scipy-powell,cold,3,586,7.4405,0.005137
scipy-powell,cold,3,587,7.4521,0.005137
scipy-powell,cold,3,588,7.4639,0.005137
scipy-powell,cold,3,589,7.4750,0.005137
scipy-powell,cold,3,590,7.4865,0.005137
scipy-powell,cold,3,592,7.5099,0.005137
scipy-powell,cold,3,593,7.5228,0.005137
scipy-powell,cold,3,594,7.5350,0.005137
scipy-powell,cold,3,601,7.6155,0.005130
scipy-powell,cold,3,604,7.6497,0.005127
scipy-powell,cold,3,605,7.6626,0.005127
scipy-powell,cold,3,606,7.6748,0.005127
scipy-powell,cold,3,607,7.6869,0.005127
scipy-powell,cold,3,608,7.6991,0.005127
scipy-powell,cold,3,619,7.8423,0.005127
scipy-powell,cold,3,620,7.8551,0.005115
scipy-powell,cold,3,622,7.8812,0.005115
scipy-powell,cold,3,623,7.8949,0.005113
scipy-powell,cold,3,626,7.9350,0.005113
scipy-powell,cold,3,627,7.9476,0.005113
scipy-powell,cold,3,628,7.9598,0.005113
scipy-powell,cold,3,629,7.9726,0.005113
scipy-powell,cold,3,630,7.9850,0.005113
scipy-powell,cold,3,631,7.9975,0.005113
scipy-powell,cold,3,637,8.0756,0.005113
scipy-powell,cold,3,639,8.1009,0.005109
scipy-powell,cold,3,640,8.1137,0.005107
scipy-powell,cold,3,641,8.1260,0.005107
scipy-powell,cold,3,642,8.1385,0.005107
scipy-powell,cold,3,643,8.1512,0.005107
scipy-powell,cold,3,644,8.1638,0.005106
scipy-powell,cold,3,645,8.1779,0.005106
scipy-powell,cold,3,646,8.1909,0.005106
scipy-powell,cold,3,647,8.2039,0.005106
scipy-powell,cold,3,648,8.2189,0.005106
scipy-powell,cold,3,655,8.3182,0.005106
scipy-powell,cold,3,664,8.4467,0.005106
scipy-powell,cold,3,666,8.4717,0.005106
scipy-powell,cold,3,668,8.4973,0.005106
scipy-powell,cold,3,680,8.6511,0.005105
scipy-powell,cold,3,681,8.6637,0.005104
scipy-powell,cold,3,682,8.6767,0.005104
scipy-powell,cold,3,683,8.6894,0.005104
scipy-powell,cold,3,684,8.7018,0.005104
scipy-powell,cold,3,686,8.7268,0.005104
scipy-powell,cold,3,687,8.7392,0.005104
scipy-powell,cold,3,688,8.7521,0.005104
scipy-powell,cold,3,689,8.7651,0.005104
scipy-powell,cold,3,690,8.7792,0.005104
scipy-powell,cold,3,700,8.9074,0.005104
scipy-powell,cold,3,703,8.9426,0.005104
scipy-powell,cold,3,704,8.9546,0.005104
scipy-powell,cold,3,706,8.9779,0.005104
scipy-powell,cold,3,707,8.9904,0.005104
scipy-powell,cold,3,708,9.0023,0.005104
scipy-powell,cold,3,724,9.1880,0.005104
scipy-powell,cold,3,725,9.1994,0.005104
scipy-powell,cold,3,726,9.2114,0.005104
scipy-powell,cold,3,727,9.2237,0.005104
scipy-powell,cold,3,728,9.2352,0.005104
scipy-powell,cold,3,729,9.2474,0.005104
scipy-powell,cold,3,732,9.2825,0.005104
scipy-powell,cold,3,737,9.3400,0.005103
scipy-powell,cold,3,738,9.3513,0.005103
scipy-powell,cold,3,739,9.3628,0.005102
scipy-powell,cold,3,742,9.3961,0.005102
scipy-powell,cold,3,743,9.4074,0.005102
scipy-powell,cold,3,744,9.4190,0.005102
scipy-powell,cold,3,745,9.4307,0.005102
scipy-powell,cold,3,748,9.4663,0.005102
scipy-powell,cold,3,753,9.5246,0.005102
scipy-powell,cold,3,754,9.5363,0.005102
scipy-powell,cold,3,755,9.5479,0.005101
scipy-powell,cold,3,756,9.5594,0.005101
scipy-powell,cold,3,757,9.5711,0.005101
scipy-powell,cold,3,758,9.5825,0.005101
scipy-powell,cold,3,759,9.5942,0.005101
scipy-powell,cold,3,760,9.6060,0.005101
scipy-powell,cold,3,761,9.6177,0.005101
scipy-powell,cold,3,762,9.6292,0.005101
scipy-powell,cold,3,763,9.6412,0.005101
scipy-powell,cold,3,764,9.6526,0.005101
scipy-powell,cold,3,765,9.6640,0.005101
scipy-powell,cold,3,766,9.6759,0.005101
scipy-powell,cold,3,767,9.6878,0.005101
scipy-powell,cold,3,768,9.6990,0.005101
scipy-powell,cold,3,769,9.7104,0.005101
scipy-powell,cold,3,770,9.7219,0.005101
scipy-powell,cold,3,771,9.7334,0.005101
scipy-powell,cold,3,772,9.7446,0.005101
scipy-powell,cold,3,773,9.7560,0.005101
scipy-powell,cold,3,774,9.7681,0.005101
scipy-powell,cold,3,775,9.7796,0.005101
scipy-powell,cold,3,776,9.7928,0.005101
scipy-powell,cold,3,777,9.8051,0.005101
scipy-powell,cold,3,778,9.8170,0.005101
scipy-powell,cold,3,779,9.8282,0.005101
scipy-powell,cold,3,780,9.8397,0.005101
scipy-powell,cold,3,781,9.8510,0.005101
scipy-powell,cold,3,782,9.8623,0.005101
scipy-powell,cold,3,783,9.8736,0.005101
scipy-powell,cold,3,784,9.8849,0.005101
scipy-powell,cold,3,785,9.8966,0.005101
scipy-powell,cold,3,786,9.9080,0.005101
scipy-powell,cold,3,787,9.9202,0.005101
scipy-powell,cold,3,788,9.9318,0.005101
scipy-powell,cold,3,789,9.9433,0.005098
scipy-powell,cold,3,791,9.9664,0.005098
scipy-powell,cold,3,792,9.9779,0.005098
scipy-powell,cold,3,794,10.0007,0.005098
scipy-powell,cold,3,795,10.0126,0.005098
scipy-powell,cold,3,796,10.0245,0.005098
scipy-powell,cold,3,797,10.0361,0.005098
scipy-powell,cold,3,798,10.0477,0.005098
scipy-powell,cold,3,807,10.1521,0.005098
scipy-powell,cold,3,809,10.1748,0.005098
scipy-powell,cold,3,810,10.1858,0.005098
scipy-powell,cold,3,813,10.2208,0.005098
scipy-powell,cold,3,814,10.2324,0.005098
scipy-powell,cold,3,815,10.2466,0.005098
scipy-powell,cold,3,816,10.2603,0.005098
scipy-powell,cold,3,817,10.2743,0.005098
scipy-powell,cold,3,829,10.4214,0.005098
scipy-powell,cold,3,863,10.8281,0.005098
scipy-powell,cold,3,864,10.8400,0.005098
scipy-powell,cold,3,865,10.8516,0.005098
scipy-powell,cold,3,866,10.8632,0.005098
scipy-powell,cold,3,867,10.8746,0.005098
scipy-powell,cold,3,868,10.8863,0.005098
scipy-powell,cold,3,869,10.8989,0.005098
scipy-powell,cold,3,870,10.9120,0.005098
scipy-powell,cold,3,871,10.9248,0.005098
scipy-powell,cold,3,872,10.9376,0.005098
scipy-powell,cold,3,873,10.9506,0.005098
scipy-powell,cold,3,874,10.9632,0.005098
scipy-powell,cold,3,875,10.9751,0.005098
scipy-powell,cold,3,876,10.9866,0.005098
scipy-powell,cold,3,877,10.9979,0.005098
scipy-powell,cold,3,878,11.0094,0.005098
scipy-powell,cold,3,879,11.0211,0.005098
scipy-powell,cold,3,880,11.0324,0.005098
scipy-powell,cold,3,881,11.0436,0.005098
scipy-powell,cold,3,882,11.0548,0.005098
scipy-powell,cold,3,883,11.0671,0.005098
scipy-powell,cold,3,884,11.0794,0.005098
scipy-powell,cold,3,885,11.0908,0.005098
scipy-powell,cold,3,886,11.1024,0.005098
scipy-powell,cold,3,887,11.1143,0.005098
scipy-powell,cold,3,888,11.1267,0.005098
scipy-powell,cold,3,889,11.1392,0.005098
scipy-powell,cold,3,890,11.1511,0.005098
scipy-powell,cold,3,891,11.1633,0.005098
scipy-powell,cold,3,892,11.1759,0.005098
scipy-powell,cold,3,893,11.2842,0.005098
scipy-powell,cold,3,894,11.2961,0.005098
scipy-powell,cold,3,895,11.3076,0.005095
scipy-powell,cold,3,897,11.3307,0.005095
scipy-powell,cold,3,898,11.3421,0.005095
scipy-powell,cold,3,899,11.3533,0.005095
scipy-powell,cold,3,900,11.3646,0.005095
scipy-powell,cold,3,901,11.3759,0.005095
scipy-powell,cold,3,902,11.3870,0.005095
scipy-powell,cold,3,903,11.3986,0.005095
scipy-powell,cold,3,911,11.4884,0.005095
scipy-powell,cold,3,916,11.5453,0.005081
scipy-powell,cold,3,917,11.5566,0.005070
scipy-powell,cold,3,918,11.5675,0.005063
scipy-powell,cold,3,919,11.5783,0.005059
scipy-powell,cold,3,920,11.5894,0.005056
scipy-powell,cold,3,921,11.6006,0.005054
scipy-powell,cold,3,922,11.6122,0.005053
scipy-powell,cold,3,923,11.6234,0.005052
scipy-powell,cold,3,924,11.6351,0.005051
scipy-powell,cold,3,925,11.6460,0.005051
scipy-powell,cold,3,926,11.6578,0.005051
scipy-powell,cold,3,927,11.6716,0.005051
scipy-powell,cold,3,928,11.6854,0.005051
scipy-powell,cold,3,929,11.6990,0.005051
scipy-powell,cold,3,930,11.7118,0.005051
scipy-powell,cold,3,931,11.7234,0.005051
scipy-powell,cold,3,932,11.7362,0.005051
scipy-powell,cold,3,933,11.7480,0.005051
scipy-powell,cold,3,934,11.7600,0.005051
scipy-powell,cold,3,935,11.7718,0.005051
scipy-powell,cold,3,936,11.7839,0.005051
scipy-powell,cold,3,937,11.7955,0.005051
scipy-powell,cold,3,938,11.8073,0.005051
scipy-powell,cold,3,939,11.8189,0.005051
scipy-powell,cold,3,940,11.8304,0.005051
scipy-powell,cold,3,941,11.8428,0.005051
scipy-powell,cold,3,942,11.8552,0.005051
scipy-powell,cold,3,943,11.8673,0.005051
scipy-powell,cold,3,944,11.8794,0.005051
scipy-powell,cold,3,945,11.8907,0.005051
scipy-powell,cold,3,946,11.9018,0.005051
scipy-powell,cold,3,947,11.9133,0.005051
scipy-powell,cold,3,948,11.9250,0.005051
scipy-powell,cold,3,949,11.9367,0.005051
scipy-powell,cold,3,950,11.9481,0.005051
scipy-powell,cold,3,951,11.9601,0.005011
scipy-powell,cold,3,953,11.9833,0.004914
scipy-powell,cold,3,954,11.9945,0.004842
scipy-powell,cold,3,958,12.0402,0.004842
scipy-powell,cold,3,959,12.0518,0.004842
scipy-powell,cold,3,960,12.0639,0.004842
scipy-powell,cold,3,961,12.0756,0.004842
scipy-powell,cold,3,965,12.1221,0.004797
scipy-powell,cold,3,967,12.1459,0.004787
scipy-powell,cold,3,968,12.1578,0.004783
scipy-powell,cold,3,969,12.1691,0.004782
scipy-powell,cold,3,970,12.1803,0.004781
scipy-powell,cold,3,971,12.1914,0.004781
scipy-powell,cold,3,972,12.2023,0.004781
scipy-powell,cold,3,973,12.2138,0.004781
scipy-powell,cold,3,974,12.2253,0.004781
scipy-powell,cold,3,975,12.2368,0.004781
scipy-powell,cold,3,976,12.2482,0.004781
scipy-powell,cold,3,977,12.2602,0.004781
scipy-powell,cold,3,978,12.2716,0.004781
scipy-powell,cold,3,979,12.2829,0.004781
scipy-powell,cold,3,985,12.3514,0.004781
scipy-powell,cold,3,986,12.3630,0.004781
scipy-powell,cold,3,987,12.3749,0.004781
scipy-powell,cold,3,988,12.3863,0.004781
scipy-powell,cold,3,989,12.3980,0.004781
scipy-powell,cold,3,990,12.4097,0.004781
scipy-powell,cold,3,991,12.4214,0.004781
scipy-powell,cold,3,992,12.4339,0.004781
scipy-powell,cold,3,993,12.4474,0.004781
scipy-powell,cold,3,994,12.4589,0.004781
scipy-powell,cold,3,995,12.4705,0.004781
scipy-powell,cold,3,996,12.4844,0.004781
scipy-powell,cold,3,997,12.4966,0.004781
scipy-powell,cold,3,998,12.5082,0.004781
scipy-powell,cold,3,999,12.5211,0.004781
scipy-powell,cold,3,1000,12.5332,0.004781
scipy-powell,cold,3,1001,12.5449,0.004781
scipy-powell,cold,3,1002,12.5563,0.004781
scipy-powell,cold,3,1003,12.5679,0.004781
scipy-powell,cold,3,1004,12.5792,0.004781
scipy-powell,cold,3,1005,12.5917,0.004781
scipy-powell,cold,3,1006,12.6038,0.004781
scipy-powell,cold,3,1007,12.6173,0.004781
scipy-powell,cold,3,1008,12.6305,0.004781
scipy-powell,cold,3,1009,12.6437,0.004781
scipy-powell,cold,3,1010,12.6566,0.004781
scipy-powell,cold,3,1011,12.6706,0.004781
scipy-powell,cold,3,1012,12.6831,0.004781
scipy-powell,cold,3,1013,12.6958,0.004781
scipy-powell,cold,3,1014,12.7081,0.004781
scipy-powell,cold,3,1015,12.7210,0.004781
scipy-powell,cold,3,1016,12.7330,0.004781
scipy-powell,cold,3,1017,12.7453,0.004781
scipy-powell,cold,3,1018,12.7574,0.004781
scipy-powell,cold,3,1019,12.7693,0.004781
scipy-powell,cold,3,1020,12.7825,0.004781
scipy-powell,cold,3,1021,12.7948,0.004781
scipy-powell,cold,3,1022,12.8073,0.004780
scipy-powell,cold,3,1024,12.8312,0.004780
scipy-powell,cold,3,1026,12.8548,0.004780
scipy-powell,cold,3,1028,12.8788,0.004780
scipy-powell,cold,3,1029,12.8904,0.004780
scipy-powell,cold,3,1030,12.9017,0.004780
scipy-powell,cold,3,1040,13.0198,0.004780
scipy-powell,cold,3,1043,13.0553,0.004780
scipy-powell,cold,3,1045,13.0792,0.004780
scipy-powell,cold,3,1046,13.0906,0.004780
scipy-powell,cold,3,1047,13.1022,0.004780
scipy-powell,cold,3,1048,13.1140,0.004780
scipy-powell,cold,3,1049,13.1258,0.004780
scipy-powell,cold,3,1050,13.1384,0.004780
scipy-powell,cold,3,1055,13.1984,0.004780
scipy-powell,cold,3,1056,13.2115,0.004780
scipy-powell,cold,3,1059,13.2506,0.004779
scipy-powell,cold,3,1063,13.3010,0.004779
scipy-powell,cold,3,1064,13.3138,0.004779
scipy-powell,cold,3,1065,13.3263,0.004779
scipy-powell,cold,3,1066,13.3387,0.004779
scipy-powell,cold,3,1068,13.3621,0.004779
scipy-powell,cold,3,1069,13.3743,0.004779
scipy-powell,cold,3,1077,13.4745,0.004779
scipy-powell,cold,3,1081,13.5242,0.004779
scipy-powell,cold,3,1082,13.5364,0.004779
scipy-powell,cold,3,1089,13.6235,0.004779
scipy-powell,cold,3,1091,13.6490,0.004779
scipy-powell,cold,3,1092,13.6610,0.004779
scipy-powell,cold,3,1093,13.6738,0.004779
scipy-powell,cold,3,1094,13.6861,0.004779
scipy-powell,cold,3,1095,13.6982,0.004779
scipy-powell,cold,3,1096,13.7112,0.004779
scipy-powell,cold,3,1103,13.8002,0.004779
scipy-powell,cold,3,1105,13.8252,0.004779
scipy-powell,cold,3,1106,13.8383,0.004779
scipy-powell,cold,3,1107,13.8509,0.004779
scipy-powell,cold,3,1108,13.8632,0.004779
scipy-powell,cold,3,1109,13.8755,0.004779
scipy-powell,cold,3,1110,13.8879,0.004779
scipy-powell,cold,3,1115,13.9504,0.004779
scipy-powell,cold,3,1122,14.0361,0.004779
scipy-powell,cold,3,1125,14.0744,0.004779
scipy-powell,cold,3,1127,14.0986,0.004779
scipy-powell,cold,3,1128,14.1117,0.004779
scipy-powell,cold,3,1129,14.1240,0.004779
scipy-powell,cold,3,1131,14.1478,0.004779
scipy-powell,cold,3,1132,14.1598,0.004779
scipy-powell,cold,3,1140,14.2598,0.004778
scipy-powell,cold,3,1141,14.2720,0.004775
scipy-powell,cold,3,1142,14.2848,0.004774
scipy-powell,cold,3,1143,14.2977,0.004773
scipy-powell,cold,3,1144,14.3101,0.004772
scipy-powell,cold,3,1145,14.3226,0.004772
scipy-powell,cold,3,1146,14.3359,0.004771
scipy-powell,cold,3,1147,14.3480,0.004771
scipy-powell,cold,3,1148,14.3603,0.004771
scipy-powell,cold,3,1149,14.3724,0.004771
scipy-powell,cold,3,1150,14.3843,0.004771
scipy-powell,cold,3,1151,14.3962,0.004771
scipy-powell,cold,3,1152,14.4091,0.004771
scipy-powell,cold,3,1153,14.4222,0.004771
scipy-powell,cold,3,1154,14.4344,0.004771
scipy-powell,cold,3,1155,14.4468,0.004771
scipy-powell,cold,3,1156,14.4590,0.004771
scipy-powell,cold,3,1157,14.4710,0.004771
scipy-powell,cold,3,1158,14.4835,0.004771
scipy-powell,cold,3,1159,14.4955,0.004771
scipy-powell,cold,3,1160,14.5073,0.004771
scipy-powell,cold,3,1161,14.5197,0.004771
scipy-powell,cold,3,1162,14.5325,0.004771
scipy-powell,cold,3,1163,14.5449,0.004771
scipy-powell,cold,3,1164,14.5571,0.004771
scipy-powell,cold,3,1165,14.5692,0.004771
scipy-powell,cold,3,1166,14.5811,0.004771
scipy-powell,cold,3,1167,14.5941,0.004771
scipy-powell,cold,3,1168,14.6065,0.004771
scipy-powell,cold,3,1169,14.6186,0.004771
scipy-powell,cold,3,1170,14.6314,0.004771
scipy-powell,cold,3,1171,14.6434,0.004771
scipy-powell,cold,3,1172,14.6550,0.004771
scipy-powell,cold,3,1173,14.6674,0.004771
scipy-powell,cold,3,1174,14.6801,0.004771
scipy-powell,cold,3,1175,14.6920,0.004771
scipy-powell,cold,3,1176,14.7039,0.004746
scipy-powell,cold,3,1178,14.7298,0.004743
scipy-powell,cold,3,1179,14.7424,0.004743
scipy-powell,cold,3,1181,14.7688,0.004743
scipy-powell,cold,3,1182,14.7814,0.004743
scipy-powell,cold,3,1183,14.7936,0.004743
scipy-powell,cold,3,1184,14.8066,0.004743
scipy-powell,cold,3,1185,14.8181,0.004743
scipy-powell,cold,3,1204,15.0438,0.004742
scipy-powell,cold,3,1205,15.0565,0.004742
scipy-powell,cold,3,1206,15.0701,0.004742
scipy-powell,cold,3,1207,15.0822,0.004742
scipy-powell,cold,3,1208,15.0938,0.004741
scipy-powell,cold,3,1209,15.1056,0.004741
scipy-powell,cold,3,1210,15.1177,0.004741
scipy-powell,cold,3,1211,15.1300,0.004741
scipy-powell,cold,3,1212,15.1414,0.004741
scipy-powell,cold,3,1213,15.1531,0.004741
scipy-powell,cold,3,1214,15.1649,0.004741
scipy-powell,cold,3,1215,15.1771,0.004741
scipy-powell,cold,3,1216,15.1884,0.004741
scipy-powell,cold,3,1217,15.2009,0.004741
scipy-powell,cold,3,1218,15.2158,0.004741
scipy-powell,cold,3,1219,15.2297,0.004741
scipy-powell,cold,3,1220,15.2450,0.004741
scipy-powell,cold,3,1221,15.2607,0.004741
scipy-powell,cold,3,1222,15.2759,0.004741
scipy-powell,cold,3,1223,15.2909,0.004741
scipy-powell,cold,3,1224,15.3061,0.004741
scipy-powell,cold,3,1225,15.3219,0.004741
scipy-powell,cold,3,1226,15.3340,0.004741
scipy-powell,cold,3,1227,15.3457,0.004741
scipy-powell,cold,3,1228,15.3573,0.004741
scipy-powell,cold,3,1229,15.3693,0.004741
scipy-powell,cold,3,1230,15.3817,0.004741
scipy-powell,cold,3,1231,15.3934,0.004741
scipy-powell,cold,3,1232,15.4070,0.004741
scipy-powell,cold,3,1233,15.4190,0.004741
scipy-powell,cold,3,1234,15.4306,0.004741
scipy-powell,cold,3,1235,15.4426,0.004741
scipy-powell,cold,3,1236,15.4546,0.004741
scipy-powell,cold,3,1237,15.4663,0.004741
scipy-powell,cold,3,1240,15.5035,0.004738
scipy-powell,cold,3,1241,15.5147,0.004738
scipy-powell,cold,3,1242,15.5260,0.004738
scipy-powell,cold,3,1244,15.5488,0.004738
scipy-powell,cold,3,1246,15.5716,0.004738
scipy-powell,cold,3,1247,15.5830,0.004738
scipy-powell,cold,3,1248,15.5943,0.004738
scipy-powell,cold,3,1249,15.6054,0.004738
scipy-powell,cold,3,1258,15.7070,0.004738
scipy-powell,cold,3,1260,15.7297,0.004738
scipy-powell,cold,3,1261,15.7410,0.004738
scipy-powell,cold,3,1262,15.7521,0.004738
scipy-powell,cold,3,1263,15.7636,0.004738
scipy-powell,cold,3,1264,15.7751,0.004738
scipy-powell,cold,3,1268,15.8215,0.004738
scipy-powell,cold,3,1275,15.9053,0.004725
scipy-powell,cold,3,1276,15.9169,0.004717
scipy-powell,cold,3,1278,15.9408,0.004717
scipy-powell,cold,3,1279,15.9536,0.004717
scipy-powell,cold,3,1280,15.9659,0.004717
scipy-powell,cold,3,1281,15.9773,0.004717
scipy-powell,cold,3,1282,15.9888,0.004717
scipy-powell,cold,3,1283,16.0001,0.004717
scipy-powell,cold,3,1298,16.1827,0.004717
scipy-powell,cold,3,1299,16.1943,0.004717
scipy-powell,cold,3,1300,16.2059,0.004717
scipy-powell,cold,3,1301,16.2171,0.004717
scipy-powell,cold,3,1302,16.2289,0.004717
scipy-powell,cold,3,1303,16.2406,0.004717
scipy-powell,cold,3,1304,16.2521,0.004717
scipy-powell,cold,3,1305,16.2637,0.004717
scipy-powell,cold,3,1306,16.2756,0.004717
scipy-powell,cold,3,1307,16.2872,0.004717
scipy-powell,cold,3,1308,16.2988,0.004717
scipy-powell,cold,3,1309,16.3105,0.004717
scipy-powell,cold,3,1310,16.3221,0.004717
scipy-powell,cold,3,1311,16.3333,0.004717
scipy-powell,cold,3,1312,16.3446,0.004717
scipy-powell,cold,3,1313,16.3578,0.004717
scipy-powell,cold,3,1314,16.3691,0.004717
scipy-powell,cold,3,1315,16.3805,0.004717
scipy-powell,cold,3,1316,16.3920,0.004717
scipy-powell,cold,3,1317,16.4030,0.004717
scipy-powell,cold,3,1318,16.4144,0.004717
scipy-powell,cold,3,1319,16.4253,0.004717
scipy-powell,cold,3,1320,16.4366,0.004717
scipy-powell,cold,3,1321,16.4486,0.004717
scipy-powell,cold,3,1322,16.4616,0.004717
scipy-powell,cold,3,1323,16.4731,0.004717
scipy-powell,cold,3,1324,16.4848,0.004717
scipy-powell,cold,3,1325,16.4961,0.004717
scipy-powell,cold,3,1326,16.5073,0.004717
scipy-powell,cold,3,1327,16.5188,0.004717
scipy-powell,cold,3,1332,16.5770,0.004715
scipy-powell,cold,3,1333,16.5892,0.004715
scipy-powell,cold,3,1334,16.6010,0.004715
scipy-powell,cold,3,1336,16.6250,0.004715
scipy-powell,cold,3,1338,16.6490,0.004715
scipy-powell,cold,3,1339,16.6611,0.004715
scipy-powell,cold,3,1340,16.6726,0.004715
scipy-powell,cold,3,1341,16.6840,0.004715
scipy-powell,cold,3,1350,16.7901,0.004702
scipy-powell,cold,3,1351,16.8017,0.004701
scipy-powell,cold,3,1352,16.8132,0.004700
scipy-powell,cold,3,1354,16.8378,0.004699
scipy-powell,cold,3,1356,16.8628,0.004699
scipy-powell,cold,3,1357,16.8758,0.004699
scipy-powell,cold,3,1358,16.8899,0.004699
scipy-powell,cold,3,1359,16.9024,0.004699
scipy-powell,cold,3,1374,17.0861,0.004699
scipy-powell,cold,3,1375,17.0983,0.004699
scipy-powell,cold,3,1376,17.1106,0.004699
scipy-powell,cold,3,1377,17.1229,0.004699
scipy-powell,cold,3,1378,17.1355,0.004699
scipy-powell,cold,3,1379,17.1472,0.004699
scipy-powell,cold,3,1380,17.1592,0.004699
scipy-powell,cold,3,1381,17.1711,0.004699
scipy-powell,cold,3,1387,17.2538,0.004693
scipy-powell,cold,3,1388,17.2658,0.004689
scipy-powell,cold,3,1389,17.2777,0.004688
scipy-powell,cold,3,1391,17.3042,0.004687
scipy-powell,cold,3,1392,17.3173,0.004687
scipy-powell,cold,3,1393,17.3309,0.004687
scipy-powell,cold,3,1394,17.3436,0.004687
scipy-powell,cold,3,1395,17.3563,0.004687
scipy-powell,cold,3,1396,17.3697,0.004687
scipy-powell,cold,3,1397,17.3819,0.004687
scipy-powell,cold,3,1409,17.5276,0.004687
scipy-powell,cold,3,1410,17.5396,0.004682
scipy-powell,cold,3,1412,17.5647,0.004668
scipy-powell,cold,3,1413,17.5768,0.004646
scipy-powell,cold,3,1414,17.5886,0.004645
scipy-powell,cold,3,1415,17.6006,0.004643
scipy-powell,cold,3,1416,17.6128,0.004643
scipy-powell,cold,3,1417,17.6249,0.004643
scipy-powell,cold,3,1419,17.6488,0.004643
scipy-powell,cold,3,1421,17.6724,0.004643
scipy-powell,cold,3,1422,17.6844,0.004643
scipy-powell,cold,3,1426,17.7329,0.004601
scipy-powell,cold,3,1428,17.7568,0.004583
scipy-powell,cold,3,1429,17.7687,0.004573
scipy-powell,cold,3,1430,17.7829,0.004572
scipy-powell,cold,3,1431,17.7953,0.004572
scipy-powell,cold,3,1432,17.8088,0.004572
scipy-powell,cold,3,1433,17.8248,0.004572
scipy-powell,cold,3,1434,17.8397,0.004572
scipy-powell,cold,3,1444,17.9626,0.004572
scipy-powell,cold,3,1445,17.9748,0.004571
scipy-powell,cold,3,1446,17.9880,0.004571
scipy-powell,cold,3,1447,18.0004,0.004571
scipy-powell,cold,3,1448,18.0123,0.004571
scipy-powell,cold,3,1449,18.0252,0.004571
scipy-powell,cold,3,1451,18.0493,0.004571
scipy-powell,cold,3,1458,18.1342,0.004537
scipy-powell,cold,3,1460,18.1581,0.004526
scipy-powell,cold,3,1461,18.1705,0.004523
scipy-powell,cold,3,1462,18.1825,0.004523
scipy-powell,cold,3,1463,18.1944,0.004520
scipy-powell,cold,3,1467,18.2447,0.004520
scipy-powell,cold,3,1468,18.2580,0.004520
scipy-powell,cold,3,1469,18.2706,0.004520
scipy-powell,cold,3,1470,18.2825,0.004520
scipy-powell,cold,3,1471,18.2946,0.004520
scipy-powell,cold,3,1472,18.3066,0.004520
scipy-powell,cold,3,1473,18.3189,0.004520
scipy-powell,cold,3,1475,18.3429,0.004520
scipy-powell,cold,3,1485,18.4638,0.004520
scipy-powell,cold,3,1486,18.4761,0.004520
scipy-powell,cold,3,1488,18.5043,0.004520
scipy-powell,cold,3,1489,18.5187,0.004520
scipy-powell,cold,3,1490,18.5326,0.004520
scipy-powell,cold,3,1493,18.5730,0.004520
scipy-powell,cold,3,1500,18.6669,0.004519
scipy-powell,cold,3,1503,18.7035,0.004519
scipy-powell,cold,3,1504,18.7160,0.004519
scipy-powell,cold,3,1505,18.7280,0.004519
scipy-powell,cold,3,1506,18.7402,0.004519
scipy-powell,cold,3,1507,18.7528,0.004519
scipy-powell,cold,3,1516,18.8635,0.004512
scipy-powell,cold,3,1517,18.8764,0.004501
scipy-powell,cold,3,1519,18.9015,0.004501
scipy-powell,cold,3,1520,18.9143,0.004501
scipy-powell,cold,3,1521,18.9267,0.004501
scipy-powell,cold,3,1522,18.9402,0.004501
scipy-powell,cold,3,1525,18.9803,0.004501
scipy-powell,cold,3,1526,18.9942,0.004501
scipy-powell,cold,3,1528,19.0214,0.004501
scipy-powell,cold,3,1529,19.0351,0.004501
scipy-powell,cold,3,1530,19.0475,0.004501
scipy-powell,cold,3,1532,19.0717,0.004501
scipy-powell,cold,3,1533,19.0849,0.004501
scipy-powell,cold,3,1534,19.0971,0.004501
scipy-powell,cold,3,1535,19.1096,0.004501
scipy-powell,cold,3,1538,19.1465,0.004501
scipy-powell,cold,3,1553,19.3608,0.004501
scipy-powell,cold,3,1554,19.3730,0.004501
scipy-powell,cold,3,1555,19.3867,0.004501
scipy-powell,cold,3,1556,19.4009,0.004501
scipy-powell,cold,3,1565,19.5243,0.004501
scipy-powell,cold,3,1568,19.5626,0.004501
scipy-powell,cold,3,1569,19.5775,0.004501
scipy-powell,cold,3,1570,19.5917,0.004501
scipy-powell,cold,3,1571,19.6042,0.004501
scipy-powell,cold,3,1574,19.6436,0.004501
scipy-powell,cold,3,1584,19.7676,0.004501
scipy-powell,cold,3,1585,19.7806,0.004501
scipy-powell,cold,3,1587,19.8060,0.004501
scipy-powell,cold,3,1588,19.8188,0.004501
scipy-powell,cold,3,1589,19.8316,0.004501
scipy-powell,cold,3,1593,19.8852,0.004501
scipy-powell,cold,3,1604,20.0353,0.004501
scipy-powell,cold,3,1606,20.0602,0.004501
scipy-powell,cold,3,1607,20.0734,0.004501
scipy-powell,cold,3,1608,20.0871,0.004501
scipy-powell,cold,3,1609,20.1001,0.004501
scipy-powell,cold,3,1619,20.2341,0.004501
scipy-powell,cold,3,1621,20.2596,0.004501
scipy-powell,cold,3,1629,20.3591,0.004501
scipy-powell,cold,3,1633,20.4091,0.004501
scipy-powell,cold,3,1634,20.4217,0.004501
scipy-powell,cold,3,1635,20.4351,0.004501
scipy-powell,cold,3,1636,20.4480,0.004501
scipy-powell,cold,3,1637,20.4603,0.004501
scipy-powell,cold,3,1638,20.4728,0.004501
scipy-powell,cold,3,1648,20.5982,0.004501
scipy-powell,cold,3,1649,20.6114,0.004501
scipy-powell,cold,3,1650,20.6238,0.004501
scipy-powell,cold,3,1651,20.6366,0.004501
scipy-powell,cold,3,1652,20.6491,0.004501
scipy-powell,cold,3,1653,20.6609,0.004500
scipy-powell,cold,3,1654,20.6727,0.004500
scipy-powell,cold,3,1655,20.6847,0.004500
scipy-powell,cold,3,1656,20.6973,0.004500
scipy-powell,cold,3,1657,20.7101,0.004500
scipy-powell,cold,3,1658,20.7220,0.004500
scipy-powell,cold,3,1659,20.7348,0.004500
scipy-powell,cold,3,1660,20.7474,0.004500
scipy-powell,cold,3,1661,20.7601,0.004500
scipy-powell,cold,3,1662,20.7718,0.004500
scipy-powell,cold,3,1663,20.7839,0.004500
scipy-powell,cold,3,1664,20.7960,0.004500
scipy-powell,cold,3,1665,20.8085,0.004500
scipy-powell,cold,3,1666,20.8211,0.004500
scipy-powell,cold,3,1667,20.8342,0.004500
scipy-powell,cold,3,1668,20.8475,0.004500
scipy-powell,cold,3,1669,20.8601,0.004500
scipy-powell,cold,3,1670,20.8727,0.004500
scipy-powell,cold,3,1671,20.8851,0.004500
scipy-powell,cold,3,1672,20.8974,0.004500
scipy-powell,cold,3,1673,20.9109,0.004500
scipy-powell,cold,3,1674,20.9233,0.004500
scipy-powell,cold,3,1675,20.9350,0.004500
scipy-powell,cold,3,1676,20.9467,0.004500
scipy-powell,cold,3,1677,20.9590,0.004500
scipy-powell,cold,3,1678,20.9713,0.004500
scipy-powell,cold,3,1679,20.9836,0.004500
scipy-powell,cold,3,1680,20.9950,0.004500
scipy-powell,cold,3,1681,21.0073,0.004500
scipy-powell,cold,3,1682,21.0196,0.004500
scipy-powell,cold,3,1683,21.0326,0.004500
scipy-powell,cold,3,1684,21.0454,0.004500
scipy-powell,cold,3,1686,21.0732,0.004500
scipy-powell,cold,3,1691,21.1404,0.004500
scipy-powell,cold,3,1692,21.1527,0.004500
scipy-powell,cold,3,1693,21.1652,0.004500
scipy-powell,cold,3,1706,21.3260,0.004500
scipy-powell,cold,3,1708,21.3511,0.004500
scipy-powell,cold,3,1709,21.3643,0.004500
scipy-powell,cold,3,1710,21.3761,0.004500
scipy-powell,cold,3,1711,21.3888,0.004500
scipy-powell,cold,3,1712,21.4006,0.004500
scipy-powell,cold,3,1713,21.4127,0.004500
scipy-powell,cold,3,1714,21.4246,0.004500
scipy-powell,cold,3,1715,21.4371,0.004500
scipy-powell,cold,3,1716,21.4500,0.004500
scipy-powell,cold,3,1717,21.4615,0.004500
scipy-powell,cold,3,1718,21.4744,0.004500
scipy-powell,cold,3,1719,21.4862,0.004500
scipy-powell,cold,3,1720,21.4983,0.004500
scipy-powell,cold,3,1721,21.5122,0.004500
scipy-powell,cold,3,1722,21.5241,0.004500
scipy-powell,cold,3,1723,21.5362,0.004500
scipy-powell,cold,3,1724,21.5478,0.004500
scipy-powell,cold,3,1725,21.5602,0.004500
scipy-powell,cold,3,1726,21.5725,0.004500
scipy-powell,cold,3,1727,21.5841,0.004500
scipy-powell,cold,3,1728,21.5967,0.004500
scipy-powell,cold,3,1729,21.6082,0.004500
scipy-powell,cold,3,1730,21.6199,0.004500
scipy-powell,cold,3,1731,21.6329,0.004500
scipy-powell,cold,3,1732,21.6448,0.004500
scipy-powell,cold,3,1733,21.6563,0.004500
scipy-powell,cold,3,1734,21.6678,0.004500
scipy-powell,cold,3,1735,21.6793,0.004500
scipy-powell,cold,3,1736,21.6909,0.004500
scipy-powell,cold,3,1737,21.7024,0.004500
scipy-powell,cold,3,1738,21.7152,0.004500
scipy-powell,cold,3,1739,21.7274,0.004500
scipy-powell,cold,3,1740,21.7394,0.004500
scipy-powell,cold,3,1741,21.7513,0.004500
scipy-powell,cold,3,1742,21.7632,0.004500
scipy-powell,cold,3,1743,21.7751,0.004500
scipy-powell,cold,3,1745,21.7983,0.004500
scipy-powell,cold,3,1746,21.8095,0.004500
scipy-powell,cold,3,1747,21.8220,0.004500
scipy-powell,cold,3,1750,21.8579,0.004500
scipy-powell,cold,3,1751,21.8689,0.004500
scipy-powell,cold,3,1752,21.8800,0.004500
scipy-powell,cold,3,1753,21.8911,0.004500
scipy-powell,cold,3,1754,21.9030,0.004500
scipy-powell,cold,3,1755,21.9146,0.004500
scipy-powell,cold,3,1765,22.0373,0.004500
scipy-powell,cold,3,1773,22.1321,0.004500
scipy-powell,cold,3,1774,22.1440,0.004500
scipy-powell,cold,3,1775,22.1558,0.004500
scipy-powell,cold,3,1776,22.1681,0.004500
scipy-powell,cold,3,1777,22.1798,0.004500
scipy-powell,cold,3,1778,22.1910,0.004500
scipy-powell,cold,3,1779,22.2022,0.004500
scipy-powell,cold,3,1780,22.2135,0.004500
scipy-powell,cold,3,1781,22.2253,0.004500
scipy-powell,cold,3,1782,22.2366,0.004500
scipy-powell,cold,3,1783,22.2479,0.004500
scipy-powell,cold,3,1784,22.2589,0.004500
scipy-powell,cold,3,1785,22.2703,0.004500
scipy-powell,cold,3,1786,22.2817,0.004500
scipy-powell,cold,3,1787,22.2934,0.004500
scipy-powell,cold,3,1788,22.3056,0.004500
scipy-powell,cold,3,1789,22.3172,0.004500
scipy-powell,cold,3,1790,22.3287,0.004500
scipy-powell,cold,3,1791,22.3397,0.004500
scipy-powell,cold,3,1792,22.3506,0.004500
scipy-powell,cold,3,1793,22.3618,0.004500
scipy-powell,cold,3,1794,22.3738,0.004500
scipy-powell,cold,3,1795,22.3848,0.004500
scipy-powell,cold,3,1796,22.3959,0.004500
scipy-powell,cold,3,1797,22.4068,0.004500
scipy-powell,cold,3,1798,22.4180,0.004500
scipy-powell,cold,3,1799,22.4294,0.004500
scipy-powell,cold,3,1800,22.4404,0.004500
scipy-powell,cold,3,1801,22.4550,0.004500
scipy-powell,cold,3,1802,22.4677,0.004500
scipy-powell,cold,3,1803,22.4800,0.004500
scipy-powell,cold,3,1804,22.4924,0.004500
scipy-powell,cold,3,1805,22.5050,0.004500
scipy-powell,cold,3,1807,22.5281,0.004500
scipy-powell,cold,3,1808,22.5391,0.004500
scipy-powell,cold,3,1809,22.5510,0.004500
scipy-powell,cold,3,1810,22.5624,0.004500
scipy-powell,cold,3,1812,22.5842,0.004500
scipy-powell,cold,3,1814,22.6063,0.004500
scipy-powell,cold,3,1815,22.6174,0.004500
scipy-powell,cold,3,1819,22.6623,0.004500
scipy-powell,cold,3,1826,22.7417,0.004500
scipy-powell,cold,3,1827,22.7532,0.004500
scipy-powell,cold,3,1828,22.7661,0.004500
scipy-powell,cold,3,1829,22.7780,0.004500
scipy-powell,cold,3,1830,22.7897,0.004500
scipy-powell,cold,3,1832,22.8121,0.004500
scipy-powell,cold,3,1833,22.8231,0.004500
scipy-powell,cold,3,1840,22.9035,0.004498
scipy-powell,cold,3,1844,22.9494,0.004498
scipy-powell,cold,3,1845,22.9614,0.004498
scipy-powell,cold,3,1846,22.9733,0.004498
scipy-powell,cold,3,1848,22.9961,0.004498
scipy-powell,cold,3,1849,23.0083,0.004498
scipy-powell,cold,3,1850,23.0199,0.004498
scipy-powell,cold,3,1851,23.0312,0.004498
scipy-powell,cold,3,1859,23.1228,0.004498
scipy-powell,cold,3,1861,23.1466,0.004498
scipy-powell,cold,3,1862,23.1590,0.004498
scipy-powell,cold,3,1863,23.1712,0.004498
scipy-powell,cold,3,1864,23.1836,0.004498
scipy-powell,cold,3,1865,23.1950,0.004498
scipy-powell,cold,3,1867,23.2189,0.004498
scipy-powell,cold,3,1868,23.2307,0.004498
scipy-powell,cold,3,1874,23.2999,0.004498
scipy-powell,cold,3,1877,23.3338,0.004498
scipy-powell,cold,3,1878,23.3448,0.004498
scipy-powell,cold,3,1879,23.3566,0.004498
scipy-powell,cold,3,1880,23.3680,0.004498
scipy-powell,cold,3,1881,23.3800,0.004498
scipy-powell,cold,3,1883,23.4024,0.004498
scipy-powell,cold,3,1890,23.4881,0.004498
scipy-powell,cold,3,1895,23.5466,0.004498
scipy-powell,cold,3,1896,23.5589,0.004498
scipy-powell,cold,3,1897,23.5709,0.004498
scipy-powell,cold,3,1898,23.5825,0.004498
scipy-powell,cold,3,1899,23.5938,0.004498
scipy-powell,cold,3,1910,23.7188,0.004497
scipy-powell,cold,3,1911,23.7303,0.004493
scipy-powell,cold,3,1913,23.7528,0.004493
scipy-powell,cold,3,1914,23.7640,0.004492
scipy-powell,cold,3,1917,23.7982,0.004492
scipy-powell,cold,3,1918,23.8094,0.004492
scipy-powell,cold,3,1919,23.8208,0.004492
scipy-powell,cold,3,1920,23.8317,0.004492
scipy-powell,cold,3,1921,23.8427,0.004492
scipy-powell,cold,3,1922,23.8540,0.004492
scipy-powell,cold,3,1923,23.8657,0.004492
scipy-powell,cold,3,1925,23.8889,0.004492
scipy-powell,cold,3,1933,23.9832,0.004485
scipy-powell,cold,3,1934,23.9971,0.004485
scipy-powell,cold,3,1935,24.0110,0.004485
scipy-powell,cold,3,1936,24.0234,0.004485
scipy-powell,cold,3,1937,24.0357,0.004485
scipy-powell,cold,3,1946,24.1477,0.004485
scipy-powell,cold,3,1952,24.2273,0.004475
scipy-powell,cold,3,1954,24.2504,0.004461
scipy-powell,cold,3,1956,24.2740,0.004460
scipy-powell,cold,3,1958,24.2974,0.004460
scipy-powell,cold,3,1959,24.3089,0.004460
scipy-powell,cold,3,1960,24.3202,0.004460
scipy-powell,cold,3,1961,24.3317,0.004460
scipy-powell,cold,3,1964,24.3654,0.004458
scipy-powell,cold,3,1968,24.4121,0.004458
scipy-powell,cold,3,1969,24.4239,0.004458
scipy-powell,cold,3,1970,24.4353,0.004458
scipy-powell,cold,3,1971,24.4467,0.004458
scipy-powell,cold,3,1972,24.4579,0.004458
scipy-powell,cold,3,1978,24.5276,0.004458
scipy-powell,cold,4,0,0.0000,0.005913
scipy-powell,cold,4,3,0.0489,0.005913
scipy-powell,cold,4,4,0.0612,0.005912
scipy-powell,cold,4,5,0.0731,0.005912
scipy-powell,cold,4,6,0.0848,0.005912
scipy-powell,cold,4,7,0.0964,0.005912
scipy-powell,cold,4,8,0.1080,0.005912
scipy-powell,cold,4,9,0.1194,0.005912
scipy-powell,cold,4,10,0.1313,0.005912
scipy-powell,cold,4,11,0.1441,0.005912
scipy-powell,cold,4,12,0.1559,0.005912
scipy-powell,cold,4,13,0.1675,0.005912
scipy-powell,cold,4,14,0.1790,0.005912
scipy-powell,cold,4,15,0.1907,0.005912
scipy-powell,cold,4,16,0.2023,0.005912
scipy-powell,cold,4,17,0.2137,0.005912
scipy-powell,cold,4,18,0.2254,0.005912
scipy-powell,cold,4,19,0.2370,0.005912
scipy-powell,cold,4,20,0.2485,0.005912
scipy-powell,cold,4,21,0.2608,0.005912
scipy-powell,cold,4,22,0.2723,0.005912
scipy-powell,cold,4,23,0.2836,0.005912
scipy-powell,cold,4,24,0.2952,0.005912
scipy-powell,cold,4,25,0.3071,0.005912
scipy-powell,cold,4,26,0.3186,0.005912
scipy-powell,cold,4,27,0.3307,0.005912
scipy-powell,cold,4,28,0.3422,0.005912
scipy-powell,cold,4,29,0.3538,0.005912
scipy-powell,cold,4,30,0.3653,0.005912
scipy-powell,cold,4,31,0.3771,0.005912
scipy-powell,cold,4,32,0.3896,0.005912
scipy-powell,cold,4,33,0.4022,0.005912
scipy-powell,cold,4,34,0.4166,0.005912
scipy-powell,cold,4,35,0.4295,0.005912
scipy-powell,cold,4,36,0.4418,0.005912
scipy-powell,cold,4,37,0.4545,0.005912
scipy-powell,cold,4,38,0.4667,0.005912
scipy-powell,cold,4,39,0.4785,0.005911
scipy-powell,cold,4,41,0.5023,0.005911
scipy-powell,cold,4,42,0.5139,0.005911
scipy-powell,cold,4,43,0.5255,0.005911
scipy-powell,cold,4,44,0.5380,0.005911
scipy-powell,cold,4,45,0.5495,0.005911
scipy-powell,cold,4,47,0.5729,0.005911
scipy-powell,cold,4,48,0.5844,0.005911
scipy-powell,cold,4,56,0.6848,0.005911
scipy-powell,cold,4,57,0.6969,0.005911
scipy-powell,cold,4,59,0.7198,0.005909
scipy-powell,cold,4,60,0.7316,0.005903
scipy-powell,cold,4,61,0.7429,0.005899
scipy-powell,cold,4,62,0.7543,0.005897
scipy-powell,cold,4,63,0.7657,0.005895
scipy-powell,cold,4,64,0.7773,0.005895
scipy-powell,cold,4,65,0.7887,0.005894
scipy-powell,cold,4,66,0.8004,0.005894
scipy-powell,cold,4,67,0.8121,0.005894
scipy-powell,cold,4,68,0.8237,0.005894
scipy-powell,cold,4,69,0.8350,0.005894
scipy-powell,cold,4,70,0.8467,0.005894
scipy-powell,cold,4,71,0.8582,0.005893
scipy-powell,cold,4,72,0.8697,0.005893
scipy-powell,cold,4,73,0.8810,0.005893
scipy-powell,cold,4,74,0.8921,0.005893
scipy-powell,cold,4,75,0.9049,0.005893
scipy-powell,cold,4,76,0.9164,0.005893
scipy-powell,cold,4,77,0.9277,0.005893
scipy-powell,cold,4,78,0.9389,0.005893
scipy-powell,cold,4,79,0.9501,0.005893
scipy-powell,cold,4,80,0.9613,0.005893
scipy-powell,cold,4,81,0.9727,0.005893
scipy-powell,cold,4,82,0.9839,0.005893
scipy-powell,cold,4,83,0.9951,0.005893
scipy-powell,cold,4,84,1.0065,0.005893
scipy-powell,cold,4,85,1.0179,0.005893
scipy-powell,cold,4,86,1.0293,0.005893
scipy-powell,cold,4,87,1.0412,0.005893
scipy-powell,cold,4,88,1.0530,0.005893
scipy-powell,cold,4,89,1.0650,0.005893
scipy-powell,cold,4,90,1.0763,0.005893
scipy-powell,cold,4,91,1.0886,0.005893
scipy-powell,cold,4,92,1.1008,0.005893
scipy-powell,cold,4,93,1.1120,0.005893
scipy-powell,cold,4,94,1.1232,0.005893
scipy-powell,cold,4,95,1.1344,0.005893
scipy-powell,cold,4,96,1.1469,0.005888
scipy-powell,cold,4,98,1.1694,0.005887
scipy-powell,cold,4,99,1.1805,0.005887
scipy-powell,cold,4,100,1.1919,0.005887
scipy-powell,cold,4,101,1.2042,0.005886
scipy-powell,cold,4,102,1.2163,0.005886
scipy-powell,cold,4,103,1.2280,0.005886
scipy-powell,cold,4,104,1.2392,0.005886
scipy-powell,cold,4,105,1.2513,0.005886
scipy-powell,cold,4,106,1.2644,0.005886
scipy-powell,cold,4,107,1.2764,0.005886
scipy-powell,cold,4,108,1.2880,0.005886
scipy-powell,cold,4,109,1.2998,0.005886
scipy-powell,cold,4,126,1.5017,0.005886
scipy-powell,cold,4,127,1.5128,0.005886
scipy-powell,cold,4,128,1.5241,0.005886
scipy-powell,cold,4,129,1.5350,0.005886
scipy-powell,cold,4,130,1.5462,0.005886
scipy-powell,cold,4,131,1.5575,0.005886
scipy-powell,cold,4,132,1.5690,0.005886
scipy-powell,cold,4,133,1.5803,0.005886
scipy-powell,cold,4,134,1.5912,0.005886
scipy-powell,cold,4,135,1.6024,0.005886
scipy-powell,cold,4,136,1.6144,0.005886
scipy-powell,cold,4,137,1.6256,0.005886
scipy-powell,cold,4,138,1.6368,0.005886
scipy-powell,cold,4,139,1.6479,0.005886
scipy-powell,cold,4,140,1.6589,0.005886
scipy-powell,cold,4,141,1.6702,0.005886
scipy-powell,cold,4,142,1.6824,0.005886
scipy-powell,cold,4,143,1.6936,0.005886
scipy-powell,cold,4,144,1.7047,0.005886
scipy-powell,cold,4,145,1.7159,0.005886
scipy-powell,cold,4,146,1.7271,0.005886
scipy-powell,cold,4,147,1.7383,0.005886
scipy-powell,cold,4,148,1.7496,0.005886
scipy-powell,cold,4,149,1.7607,0.005886
scipy-powell,cold,4,150,1.7718,0.005886
scipy-powell,cold,4,151,1.7833,0.005886
scipy-powell,cold,4,152,1.7951,0.005886
scipy-powell,cold,4,153,1.8064,0.005886
scipy-powell,cold,4,154,1.8183,0.005886
scipy-powell,cold,4,155,1.8295,0.005886
scipy-powell,cold,4,156,1.8407,0.005886
scipy-powell,cold,4,160,1.8855,0.005886
scipy-powell,cold,4,162,1.9075,0.005886
scipy-powell,cold,4,163,1.9187,0.005886
scipy-powell,cold,4,164,1.9296,0.005886
scipy-powell,cold,4,165,1.9409,0.005886
scipy-powell,cold,4,166,1.9519,0.005886
scipy-powell,cold,4,186,2.1820,0.005883
scipy-powell,cold,4,189,2.2155,0.005882
scipy-powell,cold,4,190,2.2267,0.005882
scipy-powell,cold,4,191,2.2379,0.005882
scipy-powell,cold,4,192,2.2492,0.005882
scipy-powell,cold,4,193,2.2602,0.005882
scipy-powell,cold,4,194,2.2721,0.005882
scipy-powell,cold,4,195,2.2840,0.005882
scipy-powell,cold,4,197,2.3063,0.005882
scipy-powell,cold,4,200,2.3407,0.005882
scipy-powell,cold,4,201,2.3519,0.005882
scipy-powell,cold,4,203,2.3746,0.005880
scipy-powell,cold,4,207,2.4224,0.005880
scipy-powell,cold,4,209,2.4447,0.005879
scipy-powell,cold,4,210,2.4556,0.005879
scipy-powell,cold,4,211,2.4665,0.005879
scipy-powell,cold,4,212,2.4776,0.005879
scipy-powell,cold,4,213,2.4887,0.005879
scipy-powell,cold,4,214,2.5007,0.005879
scipy-powell,cold,4,215,2.5125,0.005879
scipy-powell,cold,4,218,2.5486,0.005879
scipy-powell,cold,4,224,2.6248,0.005879
scipy-powell,cold,4,225,2.6393,0.005878
scipy-powell,cold,4,226,2.6537,0.005878
scipy-powell,cold,4,227,2.6673,0.005878
scipy-powell,cold,4,228,2.6787,0.005878
scipy-powell,cold,4,229,2.6901,0.005878
scipy-powell,cold,4,230,2.7013,0.005878
scipy-powell,cold,4,231,2.7124,0.005878
scipy-powell,cold,4,232,2.7246,0.005878
scipy-powell,cold,4,233,2.7388,0.005878
scipy-powell,cold,4,234,2.7527,0.005878
scipy-powell,cold,4,235,2.7660,0.005878
scipy-powell,cold,4,236,2.7778,0.005878
scipy-powell,cold,4,237,2.7910,0.005878
scipy-powell,cold,4,238,2.8022,0.005878
scipy-powell,cold,4,239,2.8132,0.005878
scipy-powell,cold,4,240,2.8246,0.005878
scipy-powell,cold,4,241,2.8356,0.005878
scipy-powell,cold,4,242,2.8466,0.005878
scipy-powell,cold,4,243,2.8575,0.005878
scipy-powell,cold,4,244,2.8689,0.005878
scipy-powell,cold,4,245,2.8814,0.005878
scipy-powell,cold,4,246,2.8937,0.005878
scipy-powell,cold,4,247,2.9059,0.005878
scipy-powell,cold,4,248,2.9181,0.005878
scipy-powell,cold,4,249,2.9305,0.005878
scipy-powell,cold,4,250,2.9427,0.005878
scipy-powell,cold,4,251,2.9556,0.005878
scipy-powell,cold,4,252,2.9678,0.005878
scipy-powell,cold,4,253,2.9802,0.005878
scipy-powell,cold,4,254,2.9923,0.005878
scipy-powell,cold,4,255,3.0033,0.005878
scipy-powell,cold,4,256,3.0147,0.005878
scipy-powell,cold,4,257,3.0260,0.005878
scipy-powell,cold,4,258,3.0371,0.005878
scipy-powell,cold,4,259,3.0482,0.005878
scipy-powell,cold,4,260,3.0593,0.005877
scipy-powell,cold,4,262,3.0827,0.005876
scipy-powell,cold,4,263,3.0943,0.005876
scipy-powell,cold,4,264,3.1055,0.005876
scipy-powell,cold,4,265,3.1167,0.005876
scipy-powell,cold,4,267,3.1385,0.005876
scipy-powell,cold,4,268,3.1496,0.005876
scipy-powell,cold,4,269,3.1607,0.005876
scipy-powell,cold,4,270,3.1717,0.005876
scipy-powell,cold,4,271,3.1829,0.005876
scipy-powell,cold,4,284,3.3330,0.005876
scipy-powell,cold,4,285,3.4313,0.005875
scipy-powell,cold,4,286,3.4459,0.005875
scipy-powell,cold,4,287,3.4580,0.005875
scipy-powell,cold,4,288,3.4700,0.005875
scipy-powell,cold,4,289,3.4826,0.005875
scipy-powell,cold,4,290,3.4951,0.005875
scipy-powell,cold,4,291,3.5072,0.005875
scipy-powell,cold,4,292,3.5193,0.005875
scipy-powell,cold,4,293,3.5313,0.005875
scipy-powell,cold,4,294,3.5425,0.005875
scipy-powell,cold,4,295,3.5540,0.005875
scipy-powell,cold,4,296,3.5652,0.005875
scipy-powell,cold,4,297,3.5765,0.005875
scipy-powell,cold,4,298,3.5877,0.005875
scipy-powell,cold,4,299,3.5989,0.005875
scipy-powell,cold,4,300,3.6099,0.005875
scipy-powell,cold,4,301,3.6213,0.005875
scipy-powell,cold,4,302,3.6324,0.005875
scipy-powell,cold,4,303,3.6435,0.005875
scipy-powell,cold,4,304,3.6546,0.005875
scipy-powell,cold,4,305,3.6664,0.005875
scipy-powell,cold,4,306,3.6776,0.005875
scipy-powell,cold,4,307,3.6889,0.005875
scipy-powell,cold,4,308,3.7038,0.005875
scipy-powell,cold,4,309,3.7151,0.005875
scipy-powell,cold,4,310,3.7264,0.005875
scipy-powell,cold,4,311,3.7374,0.005875
scipy-powell,cold,4,312,3.7484,0.005875
scipy-powell,cold,4,313,3.7595,0.005875
scipy-powell,cold,4,314,3.7713,0.005875
scipy-powell,cold,4,315,3.7874,0.005875
scipy-powell,cold,4,316,3.7993,0.005875
scipy-powell,cold,4,317,3.8112,0.005875
scipy-powell,cold,4,318,3.8230,0.005875
scipy-powell,cold,4,319,3.8350,0.005871
scipy-powell,cold,4,321,3.8587,0.005861
scipy-powell,cold,4,322,3.8705,0.005855
scipy-powell,cold,4,323,3.8824,0.005853
scipy-powell,cold,4,326,3.9191,0.005853
scipy-powell,cold,4,327,3.9310,0.005853
scipy-powell,cold,4,328,3.9422,0.005853
scipy-powell,cold,4,329,3.9535,0.005853
scipy-powell,cold,4,334,4.0095,0.005853
scipy-powell,cold,4,631,7.4842,0.005757
scipy-powell,cold,4,633,7.5067,0.005726
scipy-powell,cold,4,634,7.5184,0.005712
scipy-powell,cold,4,635,7.5298,0.005705
scipy-powell,cold,4,636,7.5413,0.005702
scipy-powell,cold,4,637,7.5529,0.005700
scipy-powell,cold,4,638,7.5646,0.005699
scipy-powell,cold,4,639,7.5761,0.005698
scipy-powell,cold,4,640,7.5881,0.005697
scipy-powell,cold,4,641,7.5999,0.005697
scipy-powell,cold,4,642,7.6114,0.005697
scipy-powell,cold,4,643,7.6226,0.005697
scipy-powell,cold,4,644,7.6341,0.005697
scipy-powell,cold,4,645,7.6462,0.005697
scipy-powell,cold,4,646,7.6586,0.005697
scipy-powell,cold,4,647,7.6711,0.005697
scipy-powell,cold,4,648,7.6837,0.005697
scipy-powell,cold,4,649,7.6961,0.005697
scipy-powell,cold,4,650,7.7076,0.005697
scipy-powell,cold,4,651,7.7191,0.005697
scipy-powell,cold,4,652,7.7304,0.005697
scipy-powell,cold,4,653,7.7430,0.005697
scipy-powell,cold,4,654,7.7554,0.005697
scipy-powell,cold,4,655,7.7669,0.005697
scipy-powell,cold,4,656,7.7784,0.005697
scipy-powell,cold,4,657,7.7903,0.005697
scipy-powell,cold,4,658,7.8025,0.005697
scipy-powell,cold,4,659,7.8146,0.005697
scipy-powell,cold,4,660,7.8263,0.005697
scipy-powell,cold,4,661,7.8384,0.005697
scipy-powell,cold,4,662,7.8502,0.005697
scipy-powell,cold,4,663,7.8620,0.005697
scipy-powell,cold,4,664,7.8737,0.005697
scipy-powell,cold,4,665,7.8859,0.005697
scipy-powell,cold,4,666,7.8979,0.005697
scipy-powell,cold,4,667,7.9096,0.005668
scipy-powell,cold,4,669,7.9348,0.005650
scipy-powell,cold,4,670,7.9488,0.005640
scipy-powell,cold,4,674,7.9987,0.005639
scipy-powell,cold,4,676,8.0230,0.005639
scipy-powell,cold,4,677,8.0360,0.005639
scipy-powell,cold,4,678,8.0482,0.005639
scipy-powell,cold,4,679,8.0612,0.005639
scipy-powell,cold,4,680,8.0732,0.005639
scipy-powell,cold,4,681,8.0848,0.005639
scipy-powell,cold,4,682,8.0961,0.005639
scipy-powell,cold,4,687,8.1571,0.005635
scipy-powell,cold,4,692,8.2153,0.005635
scipy-powell,cold,4,693,8.2272,0.005635
scipy-powell,cold,4,694,8.2387,0.005635
scipy-powell,cold,4,695,8.2503,0.005635
scipy-powell,cold,4,696,8.2614,0.005635
scipy-powell,cold,4,700,8.3081,0.005635
scipy-powell,cold,4,701,8.3195,0.005635
scipy-powell,cold,4,705,8.3654,0.005633
scipy-powell,cold,4,707,8.3880,0.005632
scipy-powell,cold,4,708,8.3997,0.005632
scipy-powell,cold,4,709,8.4117,0.005632
scipy-powell,cold,4,710,8.4235,0.005632
scipy-powell,cold,4,711,8.4348,0.005632
scipy-powell,cold,4,712,8.4470,0.005632
scipy-powell,cold,4,713,8.4586,0.005632
scipy-powell,cold,4,720,8.5431,0.005632
scipy-powell,cold,4,723,8.5796,0.005632
scipy-powell,cold,4,724,8.5932,0.005631
scipy-powell,cold,4,725,8.6075,0.005631
scipy-powell,cold,4,726,8.6195,0.005631
scipy-powell,cold,4,727,8.6320,0.005631
scipy-powell,cold,4,728,8.6445,0.005631
scipy-powell,cold,4,729,8.6561,0.005631
scipy-powell,cold,4,730,8.6680,0.005631
scipy-powell,cold,4,731,8.6797,0.005631
scipy-powell,cold,4,732,8.6910,0.005631
scipy-powell,cold,4,733,8.7041,0.005631
scipy-powell,cold,4,734,8.7155,0.005631
scipy-powell,cold,4,735,8.7268,0.005631
scipy-powell,cold,4,736,8.7388,0.005631
scipy-powell,cold,4,737,8.7523,0.005631
scipy-powell,cold,4,738,8.7639,0.005631
scipy-powell,cold,4,739,8.7757,0.005631
scipy-powell,cold,4,740,8.7883,0.005631
scipy-powell,cold,4,741,8.8001,0.005631
scipy-powell,cold,4,742,8.8120,0.005631
scipy-powell,cold,4,743,8.8253,0.005631
scipy-powell,cold,4,744,8.8390,0.005631
scipy-powell,cold,4,745,8.8513,0.005631
scipy-powell,cold,4,746,8.8635,0.005631
scipy-powell,cold,4,747,8.8755,0.005631
scipy-powell,cold,4,748,8.8876,0.005631
scipy-powell,cold,4,749,8.8994,0.005631
scipy-powell,cold,4,750,8.9118,0.005631
scipy-powell,cold,4,751,8.9237,0.005631
scipy-powell,cold,4,752,8.9355,0.005631
scipy-powell,cold,4,753,8.9470,0.005631
scipy-powell,cold,4,754,8.9584,0.005631
scipy-powell,cold,4,755,8.9701,0.005631
scipy-powell,cold,4,756,8.9817,0.005631
scipy-powell,cold,4,757,8.9930,0.005631
scipy-powell,cold,4,758,9.0050,0.005631
scipy-powell,cold,4,759,9.0184,0.005631
scipy-powell,cold,4,762,9.0542,0.005631
scipy-powell,cold,4,763,9.0658,0.005631
scipy-powell,cold,4,764,9.0780,0.005631
scipy-powell,cold,4,765,9.0895,0.005631
scipy-powell,cold,4,766,9.1011,0.005631
scipy-powell,cold,4,776,9.2170,0.005631
scipy-powell,cold,4,780,9.2628,0.005631
scipy-powell,cold,4,781,9.2742,0.005631
scipy-powell,cold,4,782,9.2886,0.005631
scipy-powell,cold,4,783,9.3008,0.005631
scipy-powell,cold,4,784,9.3129,0.005631
scipy-powell,cold,4,788,9.3625,0.005631
scipy-powell,cold,4,796,9.4644,0.005631
scipy-powell,cold,4,797,9.4758,0.005631
scipy-powell,cold,4,798,9.4882,0.005631
scipy-powell,cold,4,799,9.5012,0.005631
scipy-powell,cold,4,800,9.5137,0.005631
scipy-powell,cold,4,812,9.6602,0.005630
scipy-powell,cold,4,813,9.6718,0.005630
scipy-powell,cold,4,814,9.6828,0.005630
scipy-powell,cold,4,815,9.6942,0.005630
scipy-powell,cold,4,816,9.7054,0.005630
scipy-powell,cold,4,817,9.7167,0.005630
scipy-powell,cold,4,818,9.7281,0.005630
scipy-powell,cold,4,819,9.7393,0.005630
scipy-powell,cold,4,820,9.7513,0.005630
scipy-powell,cold,4,821,9.7633,0.005630
scipy-powell,cold,4,822,9.7747,0.005630
scipy-powell,cold,4,823,9.7867,0.005630
scipy-powell,cold,4,824,9.7989,0.005630
scipy-powell,cold,4,825,9.8110,0.005630
scipy-powell,cold,4,826,9.8226,0.005630
scipy-powell,cold,4,827,9.8340,0.005630
scipy-powell,cold,4,828,9.8472,0.005630
scipy-powell,cold,4,829,9.8600,0.005630
scipy-powell,cold,4,830,9.8719,0.005630
scipy-powell,cold,4,831,9.8839,0.005630
scipy-powell,cold,4,832,9.8962,0.005630
scipy-powell,cold,4,833,9.9082,0.005630
scipy-powell,cold,4,834,9.9206,0.005630
scipy-powell,cold,4,835,9.9339,0.005630
scipy-powell,cold,4,836,9.9465,0.005630
scipy-powell,cold,4,837,9.9586,0.005630
scipy-powell,cold,4,838,9.9706,0.005630
scipy-powell,cold,4,839,9.9823,0.005630
scipy-powell,cold,4,840,9.9941,0.005630
scipy-powell,cold,4,841,10.0053,0.005630
scipy-powell,cold,4,842,10.0167,0.005630
scipy-powell,cold,4,843,10.0280,0.005630
scipy-powell,cold,4,844,10.0392,0.005630
scipy-powell,cold,4,845,10.0504,0.005630
scipy-powell,cold,4,846,10.0616,0.005630
scipy-powell,cold,4,847,10.0732,0.005629
scipy-powell,cold,4,852,10.1311,0.005629
scipy-powell,cold,4,853,10.1427,0.005629
scipy-powell,cold,4,854,10.1540,0.005629
scipy-powell,cold,4,855,10.1656,0.005629
scipy-powell,cold,4,864,10.2692,0.005611
scipy-powell,cold,4,865,10.2814,0.005561
scipy-powell,cold,4,866,10.2928,0.005519
scipy-powell,cold,4,867,10.3040,0.005492
scipy-powell,cold,4,868,10.3151,0.005477
scipy-powell,cold,4,869,10.3263,0.005468
scipy-powell,cold,4,870,10.3376,0.005462
scipy-powell,cold,4,871,10.3488,0.005459
scipy-powell,cold,4,872,10.3623,0.005457
scipy-powell,cold,4,873,10.3734,0.005456
scipy-powell,cold,4,874,10.3849,0.005456
scipy-powell,cold,4,875,10.3964,0.005455
scipy-powell,cold,4,876,10.4078,0.005455
scipy-powell,cold,4,877,10.4187,0.005455
scipy-powell,cold,4,878,10.4308,0.005455
scipy-powell,cold,4,879,10.4421,0.005455
scipy-powell,cold,4,880,10.4533,0.005455
scipy-powell,cold,4,881,10.4647,0.005455
scipy-powell,cold,4,882,10.4758,0.005455
scipy-powell,cold,4,883,10.4870,0.005454
scipy-powell,cold,4,884,10.4984,0.005454
scipy-powell,cold,4,885,10.5096,0.005454
scipy-powell,cold,4,886,10.5211,0.005454
scipy-powell,cold,4,887,10.5327,0.005454
scipy-powell,cold,4,888,10.5440,0.005454
scipy-powell,cold,4,889,10.5554,0.005454
scipy-powell,cold,4,890,10.5668,0.005454
scipy-powell,cold,4,891,10.5783,0.005454
scipy-powell,cold,4,892,10.5903,0.005454
scipy-powell,cold,4,893,10.6035,0.005454
scipy-powell,cold,4,894,10.6157,0.005454
scipy-powell,cold,4,895,10.6278,0.005454
scipy-powell,cold,4,896,10.6395,0.005454
scipy-powell,cold,4,897,10.6506,0.005454
scipy-powell,cold,4,898,10.6617,0.005454
scipy-powell,cold,4,899,10.6767,0.005454
scipy-powell,cold,4,900,10.6880,0.005454
scipy-powell,cold,4,902,10.7103,0.005432
scipy-powell,cold,4,903,10.7215,0.005427
scipy-powell,cold,4,904,10.7337,0.005425
scipy-powell,cold,4,905,10.7449,0.005425
scipy-powell,cold,4,906,10.7562,0.005425
scipy-powell,cold,4,907,10.7674,0.005425
scipy-powell,cold,4,908,10.7786,0.005425
scipy-powell,cold,4,909,10.7903,0.005425
scipy-powell,cold,4,910,10.8019,0.005425
scipy-powell,cold,4,912,10.8249,0.005425
scipy-powell,cold,4,920,10.9220,0.005382
scipy-powell,cold,4,921,10.9349,0.005342
scipy-powell,cold,4,922,10.9475,0.005328
scipy-powell,cold,4,923,10.9597,0.005324
scipy-powell,cold,4,924,10.9718,0.005324
scipy-powell,cold,4,925,10.9841,0.005324
scipy-powell,cold,4,926,10.9963,0.005324
scipy-powell,cold,4,927,11.0083,0.005324
scipy-powell,cold,4,933,11.0803,0.005323
scipy-powell,cold,4,938,11.1376,0.005322
scipy-powell,cold,4,939,11.1490,0.005322
scipy-powell,cold,4,940,11.1599,0.005322
scipy-powell,cold,4,941,11.1714,0.005322
scipy-powell,cold,4,942,11.1826,0.005322
scipy-powell,cold,4,943,11.1939,0.005322
scipy-powell,cold,4,944,11.2056,0.005322
scipy-powell,cold,4,946,11.2295,0.005322
scipy-powell,cold,4,952,11.2997,0.005322
scipy-powell,cold,4,954,11.3224,0.005322
scipy-powell,cold,4,955,11.3338,0.005322
scipy-powell,cold,4,956,11.3452,0.005322
scipy-powell,cold,4,957,11.3567,0.005322
scipy-powell,cold,4,958,11.3679,0.005322
scipy-powell,cold,4,959,11.3795,0.005322
scipy-powell,cold,4,960,11.3908,0.005322
scipy-powell,cold,4,961,11.4020,0.005322
scipy-powell,cold,4,962,11.4138,0.005322
scipy-powell,cold,4,963,11.4253,0.005322
scipy-powell,cold,4,964,11.4369,0.005322
scipy-powell,cold,4,965,11.4482,0.005322
scipy-powell,cold,4,966,11.4597,0.005322
scipy-powell,cold,4,967,11.4709,0.005322
scipy-powell,cold,4,968,11.4822,0.005322
scipy-powell,cold,4,969,11.4952,0.005322
scipy-powell,cold,4,970,11.5081,0.005322
scipy-powell,cold,4,971,11.5202,0.005322
scipy-powell,cold,4,972,11.5329,0.005322
scipy-powell,cold,4,973,11.5452,0.005322
scipy-powell,cold,4,974,11.5575,0.005322
scipy-powell,cold,4,975,11.5694,0.005322
scipy-powell,cold,4,976,11.5823,0.005322
scipy-powell,cold,4,977,11.5940,0.005322
scipy-powell,cold,4,978,11.6055,0.005322
scipy-powell,cold,4,979,11.6171,0.005322
scipy-powell,cold,4,980,11.6286,0.005322
scipy-powell,cold,4,981,11.6401,0.005322
scipy-powell,cold,4,982,11.6518,0.005322
scipy-powell,cold,4,983,11.6637,0.005322
scipy-powell,cold,4,984,11.6756,0.005322
scipy-powell,cold,4,985,11.6877,0.005322
scipy-powell,cold,4,986,11.6991,0.005322
scipy-powell,cold,4,987,11.7107,0.005322
scipy-powell,cold,4,988,11.7223,0.005322
scipy-powell,cold,4,989,11.7347,0.005322
scipy-powell,cold,4,992,11.7699,0.005322
scipy-powell,cold,4,993,11.7815,0.005322
scipy-powell,cold,4,994,11.7933,0.005322
scipy-powell,cold,4,997,11.8300,0.005322
scipy-powell,cold,4,999,11.8537,0.005322
scipy-powell,cold,4,1000,11.8652,0.005322
scipy-powell,cold,4,1001,11.8774,0.005322
scipy-powell,cold,4,1002,11.8891,0.005322
scipy-powell,cold,4,1003,11.9008,0.005322
scipy-powell,cold,4,1005,11.9254,0.005322
scipy-powell,cold,4,1007,11.9507,0.005322
scipy-powell,cold,4,1008,11.9624,0.005322
scipy-powell,cold,4,1010,11.9861,0.005322
scipy-powell,cold,4,1018,12.0810,0.005322
scipy-powell,cold,4,1019,12.0929,0.005322
scipy-powell,cold,4,1020,12.1049,0.005322
scipy-powell,cold,4,1021,12.1176,0.005322
scipy-powell,cold,4,1022,12.1297,0.005322
scipy-powell,cold,4,1023,12.1420,0.005322
scipy-powell,cold,4,1024,12.1550,0.005322
scipy-powell,cold,4,1025,12.1671,0.005322
scipy-powell,cold,4,1026,12.1796,0.005322
scipy-powell,cold,4,1027,12.1914,0.005322
scipy-powell,cold,4,1028,12.2032,0.005322
scipy-powell,cold,4,1029,12.2152,0.005322
scipy-powell,cold,4,1030,12.2272,0.005322
scipy-powell,cold,4,1031,12.2391,0.005322
scipy-powell,cold,4,1032,12.2516,0.005322
scipy-powell,cold,4,1033,12.2643,0.005322
scipy-powell,cold,4,1034,12.2764,0.005322
scipy-powell,cold,4,1035,12.2905,0.005322
scipy-powell,cold,4,1036,12.3024,0.005322
scipy-powell,cold,4,1037,12.3145,0.005322
scipy-powell,cold,4,1038,12.3267,0.005322
scipy-powell,cold,4,1039,12.3390,0.005322
scipy-powell,cold,4,1040,12.3513,0.005322
scipy-powell,cold,4,1041,12.3636,0.005322
scipy-powell,cold,4,1042,12.3759,0.005322
scipy-powell,cold,4,1043,12.3881,0.005322
scipy-powell,cold,4,1044,12.4001,0.005322
scipy-powell,cold,4,1045,12.4123,0.005322
scipy-powell,cold,4,1046,12.4242,0.005322
scipy-powell,cold,4,1047,12.4361,0.005322
scipy-powell,cold,4,1048,12.4484,0.005322
scipy-powell,cold,4,1049,12.4603,0.005322
scipy-powell,cold,4,1050,12.4725,0.005322
scipy-powell,cold,4,1051,12.4845,0.005322
scipy-powell,cold,4,1052,12.4967,0.005322
scipy-powell,cold,4,1055,12.5333,0.005322
scipy-powell,cold,4,1056,12.5457,0.005322
scipy-powell,cold,4,1057,12.5582,0.005322
scipy-powell,cold,4,1059,12.5824,0.005322
scipy-powell,cold,4,1061,12.6063,0.005322
scipy-powell,cold,4,1062,12.6182,0.005322
scipy-powell,cold,4,1063,12.6300,0.005322
scipy-powell,cold,4,1064,12.6425,0.005322
scipy-powell,cold,4,1065,12.6563,0.005322
scipy-powell,cold,4,1068,12.6931,0.005322
scipy-powell,cold,4,1070,12.7170,0.005322
scipy-powell,cold,4,1073,12.7535,0.005322
scipy-powell,cold,4,1081,12.8482,0.005322
scipy-powell,cold,4,1082,12.8603,0.005322
scipy-powell,cold,4,1083,12.8719,0.005322
scipy-powell,cold,4,1084,12.8836,0.005322
scipy-powell,cold,4,1085,12.8951,0.005322
scipy-powell,cold,4,1087,12.9191,0.005322
scipy-powell,cold,4,1088,12.9308,0.005322
scipy-powell,cold,4,1096,13.0247,0.005321
scipy-powell,cold,4,1101,13.0830,0.005321
scipy-powell,cold,4,1102,13.0950,0.005321
scipy-powell,cold,4,1103,13.1066,0.005321
scipy-powell,cold,4,1104,13.1182,0.005321
scipy-powell,cold,4,1105,13.1301,0.005321
scipy-powell,cold,4,1106,13.1420,0.005321
scipy-powell,cold,4,1107,13.1534,0.005321
scipy-powell,cold,4,1110,13.1886,0.005321
scipy-powell,cold,4,1114,13.2351,0.005321
scipy-powell,cold,4,1121,13.3169,0.005320
scipy-powell,cold,4,1122,13.3285,0.005318
scipy-powell,cold,4,1123,13.3405,0.005316
scipy-powell,cold,4,1124,13.3519,0.005316
scipy-powell,cold,4,1125,13.3632,0.005315
scipy-powell,cold,4,1126,13.3748,0.005315
scipy-powell,cold,4,1127,13.3863,0.005314
scipy-powell,cold,4,1128,13.3977,0.005314
scipy-powell,cold,4,1129,13.4090,0.005314
scipy-powell,cold,4,1130,13.4206,0.005314
scipy-powell,cold,4,1131,13.4322,0.005314
scipy-powell,cold,4,1132,13.4439,0.005314
scipy-powell,cold,4,1133,13.4552,0.005314
scipy-powell,cold,4,1134,13.4666,0.005314
scipy-powell,cold,4,1135,13.4783,0.005314
scipy-powell,cold,4,1136,13.4900,0.005314
scipy-powell,cold,4,1137,13.5034,0.005314
scipy-powell,cold,4,1138,13.5151,0.005314
scipy-powell,cold,4,1139,13.5268,0.005314
scipy-powell,cold,4,1140,13.5395,0.005314
scipy-powell,cold,4,1141,13.5520,0.005314
scipy-powell,cold,4,1142,13.5637,0.005314
scipy-powell,cold,4,1143,13.5759,0.005314
scipy-powell,cold,4,1144,13.5884,0.005314
scipy-powell,cold,4,1145,13.6005,0.005314
scipy-powell,cold,4,1146,13.6122,0.005314
scipy-powell,cold,4,1147,13.6243,0.005314
scipy-powell,cold,4,1148,13.6358,0.005314
scipy-powell,cold,4,1149,13.6471,0.005314
scipy-powell,cold,4,1150,13.6587,0.005314
scipy-powell,cold,4,1151,13.6704,0.005314
scipy-powell,cold,4,1152,13.6822,0.005314
scipy-powell,cold,4,1153,13.6943,0.005314
scipy-powell,cold,4,1154,13.7060,0.005314
scipy-powell,cold,4,1155,13.7194,0.005314
scipy-powell,cold,4,1156,13.7345,0.005293
scipy-powell,cold,4,1160,13.7834,0.005292
scipy-powell,cold,4,1162,13.8063,0.005292
scipy-powell,cold,4,1163,13.8179,0.005292
scipy-powell,cold,4,1164,13.8296,0.005292
scipy-powell,cold,4,1165,13.8412,0.005292
scipy-powell,cold,4,1166,13.8530,0.005292
scipy-powell,cold,4,1167,13.8646,0.005292
scipy-powell,cold,4,1168,13.8760,0.005292
scipy-powell,cold,4,1174,13.9464,0.005292
scipy-powell,cold,4,1177,13.9809,0.005291
scipy-powell,cold,4,1178,13.9927,0.005291
scipy-powell,cold,4,1179,14.0050,0.005291
scipy-powell,cold,4,1180,14.0173,0.005291
scipy-powell,cold,4,1181,14.0294,0.005291
scipy-powell,cold,4,1182,14.0408,0.005291
scipy-powell,cold,4,1183,14.0521,0.005291
scipy-powell,cold,4,1184,14.0637,0.005291
scipy-powell,cold,4,1185,14.0751,0.005291
scipy-powell,cold,4,1186,14.0869,0.005290
scipy-powell,cold,4,1187,14.0988,0.005290
scipy-powell,cold,4,1188,14.1104,0.005290
scipy-powell,cold,4,1189,14.1222,0.005290
scipy-powell,cold,4,1190,14.1340,0.005290
scipy-powell,cold,4,1191,14.1460,0.005290
scipy-powell,cold,4,1192,14.1582,0.005290
scipy-powell,cold,4,1193,14.1701,0.005290
scipy-powell,cold,4,1194,14.1820,0.005290
scipy-powell,cold,4,1195,14.1934,0.005290
scipy-powell,cold,4,1196,14.2055,0.005290
scipy-powell,cold,4,1197,14.2174,0.005290
scipy-powell,cold,4,1198,14.2291,0.005290
scipy-powell,cold,4,1199,14.2409,0.005290
scipy-powell,cold,4,1200,14.2524,0.005290
scipy-powell,cold,4,1201,14.2637,0.005290
scipy-powell,cold,4,1202,14.2757,0.005290
scipy-powell,cold,4,1203,14.2878,0.005290
scipy-powell,cold,4,1204,14.2999,0.005290
scipy-powell,cold,4,1205,14.3115,0.005290
scipy-powell,cold,4,1206,14.3232,0.005290
scipy-powell,cold,4,1207,14.3351,0.005290
scipy-powell,cold,4,1208,14.3467,0.005290
scipy-powell,cold,4,1209,14.3584,0.005290
scipy-powell,cold,4,1210,14.3699,0.005290
scipy-powell,cold,4,1211,14.3813,0.005290
scipy-powell,cold,4,1212,14.3929,0.005290
scipy-powell,cold,4,1213,14.4053,0.005288
scipy-powell,cold,4,1215,14.4282,0.005288
scipy-powell,cold,4,1218,14.4626,0.005288
scipy-powell,cold,4,1220,14.4853,0.005288
scipy-powell,cold,4,1221,14.4971,0.005288
scipy-powell,cold,4,1222,14.5085,0.005288
scipy-powell,cold,4,1223,14.5196,0.005288
scipy-powell,cold,4,1224,14.5313,0.005288
scipy-powell,cold,4,1225,14.5431,0.005288
scipy-powell,cold,4,1240,14.7189,0.005288
scipy-powell,cold,4,1242,14.7428,0.005288
scipy-powell,cold,4,1243,14.7546,0.005288
scipy-powell,cold,4,1254,14.8905,0.005288
scipy-powell,cold,4,1258,14.9397,0.005287
scipy-powell,cold,4,1261,14.9773,0.005287
scipy-powell,cold,4,1262,14.9887,0.005287
scipy-powell,cold,4,1263,15.0009,0.005287
scipy-powell,cold,4,1264,15.0122,0.005287
scipy-powell,cold,4,1265,15.0239,0.005287
scipy-powell,cold,4,1266,15.0351,0.005287
scipy-powell,cold,4,1276,15.1521,0.005282
scipy-powell,cold,4,1277,15.1639,0.005278
scipy-powell,cold,4,1278,15.1754,0.005278
scipy-powell,cold,4,1279,15.1874,0.005278
scipy-powell,cold,4,1280,15.1986,0.005278
scipy-powell,cold,4,1281,15.2103,0.005278
scipy-powell,cold,4,1288,15.2932,0.005275
scipy-powell,cold,4,1291,15.3295,0.005275
scipy-powell,cold,4,1292,15.3410,0.005275
scipy-powell,cold,4,1293,15.3535,0.005275
scipy-powell,cold,4,1294,15.3664,0.005275
scipy-powell,cold,4,1295,15.3797,0.005275
scipy-powell,cold,4,1296,15.3920,0.005275
scipy-powell,cold,4,1297,15.4046,0.005275
scipy-powell,cold,4,1300,15.4468,0.005275
scipy-powell,cold,4,1303,15.4865,0.005270
scipy-powell,cold,4,1305,15.5101,0.005267
scipy-powell,cold,4,1307,15.5345,0.005257
scipy-powell,cold,4,1309,15.5595,0.005255
scipy-powell,cold,4,1310,15.5711,0.005255
scipy-powell,cold,4,1311,15.5827,0.005255
scipy-powell,cold,4,1312,15.5945,0.005255
scipy-powell,cold,4,1313,15.6062,0.005255
scipy-powell,cold,4,1314,15.6180,0.005255
scipy-powell,cold,4,1315,15.6296,0.005255
scipy-powell,cold,4,1332,15.8401,0.005255
scipy-powell,cold,4,1333,15.8517,0.005255
scipy-powell,cold,4,1334,15.8634,0.005255
scipy-powell,cold,4,1335,15.8749,0.005255
scipy-powell,cold,4,1336,15.8863,0.005255
scipy-powell,cold,4,1337,15.8975,0.005255
scipy-powell,cold,4,1340,15.9327,0.005255
scipy-powell,cold,4,1341,15.9445,0.005255
scipy-powell,cold,4,1344,15.9803,0.005254
scipy-powell,cold,4,1345,15.9934,0.005254
scipy-powell,cold,4,1346,16.0050,0.005254
scipy-powell,cold,4,1347,16.0164,0.005254
scipy-powell,cold,4,1348,16.0299,0.005254
scipy-powell,cold,4,1349,16.0416,0.005254
scipy-powell,cold,4,1350,16.0529,0.005254
scipy-powell,cold,4,1363,16.2146,0.005254
scipy-powell,cold,4,1364,16.2269,0.005254
scipy-powell,cold,4,1365,16.2390,0.005254
scipy-powell,cold,4,1366,16.2510,0.005254
scipy-powell,cold,4,1367,16.2625,0.005254
scipy-powell,cold,4,1368,16.2737,0.005254
scipy-powell,cold,4,1369,16.2857,0.005254
scipy-powell,cold,4,1370,16.2983,0.005254
scipy-powell,cold,4,1371,16.3098,0.005254
scipy-powell,cold,4,1372,16.3218,0.005254
scipy-powell,cold,4,1373,16.3337,0.005254
scipy-powell,cold,4,1374,16.3451,0.005254
scipy-powell,cold,4,1375,16.3568,0.005254
scipy-powell,cold,4,1376,16.3683,0.005254
scipy-powell,cold,4,1377,16.3805,0.005254
scipy-powell,cold,4,1378,16.3930,0.005254
scipy-powell,cold,4,1379,16.4046,0.005254
scipy-powell,cold,4,1380,16.4157,0.005254
scipy-powell,cold,4,1381,16.4273,0.005254
scipy-powell,cold,4,1382,16.4385,0.005254
scipy-powell,cold,4,1383,16.4505,0.005254
scipy-powell,cold,4,1384,16.4622,0.005254
scipy-powell,cold,4,1385,16.4738,0.005254
scipy-powell,cold,4,1386,16.4852,0.005254
scipy-powell,cold,4,1387,16.4966,0.005254
scipy-powell,cold,4,1388,16.5089,0.005254
scipy-powell,cold,4,1389,16.5202,0.005254
scipy-powell,cold,4,1390,16.5316,0.005254
scipy-powell,cold,4,1391,16.5436,0.005254
scipy-powell,cold,4,1392,16.5554,0.005254
scipy-powell,cold,4,1393,16.5676,0.005254
scipy-powell,cold,4,1394,16.5797,0.005254
scipy-powell,cold,4,1395,16.5928,0.005254
scipy-powell,cold,4,1396,16.6047,0.005254
scipy-powell,cold,4,1397,16.6174,0.005254
scipy-powell,cold,4,1399,16.6428,0.005254
scipy-powell,cold,4,1400,16.6543,0.005254
scipy-powell,cold,4,1401,16.6663,0.005254
scipy-powell,cold,4,1402,16.6782,0.005254
scipy-powell,cold,4,1403,16.6906,0.005254
scipy-powell,cold,4,1404,16.7042,0.005254
scipy-powell,cold,4,1405,16.7193,0.005254
scipy-powell,cold,4,1406,16.7324,0.005254
scipy-powell,cold,4,1407,16.7455,0.005254
scipy-powell,cold,4,1408,16.7616,0.005254
scipy-powell,cold,4,1409,16.7748,0.005254
scipy-powell,cold,4,1410,16.7872,0.005254
scipy-powell,cold,4,1411,16.8008,0.005254
scipy-powell,cold,4,1412,16.8150,0.005254
scipy-powell,cold,4,1413,16.8287,0.005254
scipy-powell,cold,4,1414,16.8423,0.005254
scipy-powell,cold,4,1415,16.8542,0.005254
scipy-powell,cold,4,1416,16.8669,0.005254
scipy-powell,cold,4,1417,16.8798,0.005254
scipy-powell,cold,4,1418,16.8934,0.005254
scipy-powell,cold,4,1419,16.9080,0.005254
scipy-powell,cold,4,1420,16.9224,0.005254
scipy-powell,cold,4,1421,16.9354,0.005254
scipy-powell,cold,4,1422,16.9472,0.005254
scipy-powell,cold,4,1423,16.9600,0.005254
scipy-powell,cold,4,1424,16.9727,0.005254
scipy-powell,cold,4,1425,16.9850,0.005254
scipy-powell,cold,4,1426,16.9974,0.005254
scipy-powell,cold,4,1427,17.0102,0.005254
scipy-powell,cold,4,1428,17.0228,0.005254
scipy-powell,cold,4,1429,17.0374,0.005254
scipy-powell,cold,4,1430,17.0504,0.005254
scipy-powell,cold,4,1431,17.0636,0.005254
scipy-powell,cold,4,1432,17.0770,0.005254
scipy-powell,cold,4,1433,17.0902,0.005254
scipy-powell,cold,4,1435,17.1164,0.005254
scipy-powell,cold,4,1439,17.1684,0.005254
scipy-powell,cold,4,1440,17.1812,0.005254
scipy-powell,cold,4,1441,17.1940,0.005254
scipy-powell,cold,4,1442,17.2061,0.005254
scipy-powell,cold,4,1454,17.3520,0.005253
scipy-powell,cold,4,1455,17.3636,0.005253
scipy-powell,cold,4,1456,17.3765,0.005253
scipy-powell,cold,4,1457,17.3890,0.005253
scipy-powell,cold,4,1458,17.4027,0.005253
scipy-powell,cold,4,1459,17.4151,0.005253
scipy-powell,cold,4,1460,17.4270,0.005253
scipy-powell,cold,4,1461,17.4395,0.005253
scipy-powell,cold,4,1462,17.4511,0.005253
scipy-powell,cold,4,1463,17.4633,0.005253
scipy-powell,cold,4,1464,17.4767,0.005253
scipy-powell,cold,4,1465,17.4890,0.005253
scipy-powell,cold,4,1466,17.5031,0.005253
scipy-powell,cold,4,1467,17.5157,0.005253
scipy-powell,cold,4,1468,17.5287,0.005253
scipy-powell,cold,4,1469,17.5419,0.005253
scipy-powell,cold,4,1470,17.5547,0.005253
scipy-powell,cold,4,1471,17.5672,0.005253
scipy-powell,cold,4,1472,17.5791,0.005253
scipy-powell,cold,4,1473,17.5910,0.005253
scipy-powell,cold,4,1474,17.6035,0.005253
scipy-powell,cold,4,1475,17.6153,0.005253
scipy-powell,cold,4,1476,17.6275,0.005253
scipy-powell,cold,4,1477,17.6418,0.005253
scipy-powell,cold,4,1478,17.6550,0.005253
scipy-powell,cold,4,1479,17.6682,0.005253
scipy-powell,cold,4,1480,17.6814,0.005253
scipy-powell,cold,4,1481,17.6946,0.005253
scipy-powell,cold,4,1482,17.7080,0.005253
scipy-powell,cold,4,1483,17.7212,0.005253
scipy-powell,cold,4,1484,17.7337,0.005253
scipy-powell,cold,4,1485,17.7462,0.005253
scipy-powell,cold,4,1486,17.7583,0.005253
scipy-powell,cold,4,1487,17.7703,0.005253
scipy-powell,cold,4,1488,17.7824,0.005253
scipy-powell,cold,4,1489,17.7957,0.005253
scipy-powell,cold,4,1490,17.8087,0.005252
scipy-powell,cold,4,1492,17.8336,0.005252
scipy-powell,cold,4,1493,17.8461,0.005251
scipy-powell,cold,4,1494,17.8583,0.005251
scipy-powell,cold,4,1496,17.8845,0.005251
scipy-powell,cold,4,1497,17.8967,0.005251
scipy-powell,cold,4,1498,17.9095,0.005251
scipy-powell,cold,4,1499,17.9221,0.005251
scipy-powell,cold,4,1500,17.9346,0.005251
scipy-powell,cold,4,1501,17.9469,0.005251
scipy-powell,cold,4,1510,18.0550,0.005238
scipy-powell,cold,4,1511,18.0664,0.005227
scipy-powell,cold,4,1512,18.0780,0.005221
scipy-powell,cold,4,1513,18.0895,0.005218
scipy-powell,cold,4,1514,18.1017,0.005216
scipy-powell,cold,4,1515,18.1136,0.005215
scipy-powell,cold,4,1516,18.1252,0.005214
scipy-powell,cold,4,1517,18.1365,0.005214
scipy-powell,cold,4,1518,18.1492,0.005214
scipy-powell,cold,4,1519,18.1632,0.005213
scipy-powell,cold,4,1520,18.1760,0.005213
scipy-powell,cold,4,1521,18.1907,0.005213
scipy-powell,cold,4,1522,18.2054,0.005213
scipy-powell,cold,4,1523,18.2192,0.005213
scipy-powell,cold,4,1524,18.2336,0.005213
scipy-powell,cold,4,1525,18.2470,0.005213
scipy-powell,cold,4,1526,18.2603,0.005213
scipy-powell,cold,4,1527,18.2744,0.005213
scipy-powell,cold,4,1528,18.2882,0.005213
scipy-powell,cold,4,1529,18.3019,0.005213
scipy-powell,cold,4,1530,18.3151,0.005213
scipy-powell,cold,4,1531,18.3291,0.005213
scipy-powell,cold,4,1532,18.3422,0.005213
scipy-powell,cold,4,1533,18.3552,0.005213
scipy-powell,cold,4,1534,18.3676,0.005213
scipy-powell,cold,4,1535,18.3796,0.005213
scipy-powell,cold,4,1536,18.3921,0.005213
scipy-powell,cold,4,1537,18.4041,0.005213
scipy-powell,cold,4,1538,18.4162,0.005213
scipy-powell,cold,4,1539,18.4286,0.005213
scipy-powell,cold,4,1540,18.4408,0.005213
scipy-powell,cold,4,1541,18.4551,0.005213
scipy-powell,cold,4,1542,18.4672,0.005213
scipy-powell,cold,4,1543,18.4787,0.005213
scipy-powell,cold,4,1544,18.4904,0.005213
scipy-powell,cold,4,1545,18.5027,0.005208
scipy-powell,cold,4,1547,18.5267,0.005205
scipy-powell,cold,4,1548,18.5384,0.005200
scipy-powell,cold,4,1549,18.5504,0.005200
scipy-powell,cold,4,1551,18.5750,0.005199
scipy-powell,cold,4,1552,18.5868,0.005199
scipy-powell,cold,4,1553,18.5997,0.005199
scipy-powell,cold,4,1554,18.6125,0.005199
scipy-powell,cold,4,1555,18.6243,0.005199
scipy-powell,cold,4,1556,18.6369,0.005199
scipy-powell,cold,4,1565,18.7512,0.005184
scipy-powell,cold,4,1566,18.7643,0.005126
scipy-powell,cold,4,1567,18.7771,0.005110
scipy-powell,cold,4,1568,18.7909,0.005108
scipy-powell,cold,4,1570,18.8173,0.005108
scipy-powell,cold,4,1571,18.8306,0.005108
scipy-powell,cold,4,1572,18.8437,0.005108
scipy-powell,cold,4,1579,18.9386,0.005108
scipy-powell,cold,4,1580,18.9514,0.005105
scipy-powell,cold,4,1584,19.0015,0.005104
scipy-powell,cold,4,1586,19.0270,0.005103
scipy-powell,cold,4,1587,19.0396,0.005103
scipy-powell,cold,4,1588,19.0520,0.005103
scipy-powell,cold,4,1589,19.0637,0.005103
scipy-powell,cold,4,1590,19.0758,0.005103
scipy-powell,cold,4,1591,19.0882,0.005103
scipy-powell,cold,4,1602,19.2185,0.005103
scipy-powell,cold,4,1603,19.2307,0.005102
scipy-powell,cold,4,1604,19.2428,0.005102
scipy-powell,cold,4,1605,19.2548,0.005102
scipy-powell,cold,4,1606,19.2669,0.005102
scipy-powell,cold,4,1607,19.2782,0.005102
scipy-powell,cold,4,1608,19.2902,0.005102
scipy-powell,cold,4,1614,19.3700,0.005102
scipy-powell,cold,4,1620,19.4455,0.005090
scipy-powell,cold,4,1624,19.4944,0.005090
scipy-powell,cold,4,1625,19.5060,0.005089
scipy-powell,cold,4,1626,19.5177,0.005089
scipy-powell,cold,4,1627,19.5293,0.005089
scipy-powell,cold,4,1629,19.5525,0.005089
scipy-powell,cold,4,1630,19.5645,0.005089
scipy-powell,cold,4,1631,19.5764,0.005089
scipy-powell,cold,4,1632,19.5882,0.005089
scipy-powell,cold,4,1635,19.6247,0.005089
scipy-powell,cold,4,1641,19.7030,0.005085
scipy-powell,cold,4,1643,19.7287,0.005085
scipy-powell,cold,4,1644,19.7414,0.005085
scipy-powell,cold,4,1645,19.7561,0.005085
scipy-powell,cold,4,1646,19.7688,0.005085
scipy-powell,cold,4,1647,19.7820,0.005085
scipy-powell,cold,4,1658,19.9193,0.005085
scipy-powell,cold,4,1662,19.9681,0.005060
scipy-powell,cold,4,1663,19.9798,0.005043
scipy-powell,cold,4,1667,20.0273,0.005042
scipy-powell,cold,4,1669,20.0513,0.005042
scipy-powell,cold,4,1670,20.0630,0.005042
scipy-powell,cold,4,1671,20.0749,0.005042
scipy-powell,cold,4,1672,20.0867,0.005042
scipy-powell,cold,4,1673,20.0985,0.005042
scipy-powell,cold,4,1674,20.1113,0.005042
scipy-powell,cold,4,1679,20.1719,0.005026
scipy-powell,cold,4,1681,20.1963,0.005024
scipy-powell,cold,4,1682,20.2086,0.005022
scipy-powell,cold,4,1683,20.2211,0.005022
scipy-powell,cold,4,1684,20.2332,0.005022
scipy-powell,cold,4,1685,20.2455,0.005022
scipy-powell,cold,4,1686,20.3569,0.005022
scipy-powell,cold,4,1687,20.3702,0.005022
scipy-powell,cold,4,1688,20.3824,0.005022
scipy-powell,cold,4,1699,20.5243,0.005022
scipy-powell,cold,4,1700,20.5370,0.005022
scipy-powell,cold,4,1701,20.5496,0.005022
scipy-powell,cold,4,1702,20.5620,0.005022
scipy-powell,cold,4,1703,20.5741,0.005022
scipy-powell,cold,4,1704,20.5859,0.005022
scipy-powell,cold,4,1709,20.6512,0.005022
scipy-powell,cold,4,1710,20.6652,0.005022
scipy-powell,cold,4,1711,20.6799,0.005021
scipy-powell,cold,4,1712,20.6936,0.005021
scipy-powell,cold,4,1713,20.7081,0.005021
scipy-powell,cold,4,1714,20.7211,0.005021
scipy-powell,cold,4,1715,20.7336,0.005021
scipy-powell,cold,4,1716,20.7477,0.005021
scipy-powell,cold,4,1717,20.7611,0.005021
scipy-powell,cold,4,1718,20.7746,0.005021
scipy-powell,cold,4,1719,20.7869,0.005021
scipy-powell,cold,4,1720,20.7989,0.005021
scipy-powell,cold,4,1721,20.8110,0.005021
scipy-powell,cold,4,1722,20.8238,0.005021
scipy-powell,cold,4,1723,20.8367,0.005021
scipy-powell,cold,4,1724,20.8497,0.005021
scipy-powell,cold,4,1725,20.8636,0.005021
scipy-powell,cold,4,1726,20.8773,0.005021
scipy-powell,cold,4,1727,20.8905,0.005021
scipy-powell,cold,4,1728,20.9036,0.005021
scipy-powell,cold,4,1729,20.9166,0.005021
scipy-powell,cold,4,1730,20.9304,0.005021
scipy-powell,cold,4,1731,20.9432,0.005021
scipy-powell,cold,4,1732,20.9553,0.005021
scipy-powell,cold,4,1733,20.9681,0.005021
scipy-powell,cold,4,1734,20.9805,0.005021
scipy-powell,cold,4,1735,20.9929,0.005021
scipy-powell,cold,4,1736,21.0049,0.005021
scipy-powell,cold,4,1737,21.0168,0.005021
scipy-powell,cold,4,1738,21.0292,0.005021
scipy-powell,cold,4,1739,21.0410,0.005021
scipy-powell,cold,4,1740,21.0545,0.005021
scipy-powell,cold,4,1741,21.0666,0.005021
scipy-powell,cold,4,1742,21.0788,0.005021
scipy-powell,cold,4,1743,21.0910,0.005021
scipy-powell,cold,4,1744,21.1044,0.005021
scipy-powell,cold,4,1745,21.1205,0.005021
scipy-powell,cold,4,1748,21.1601,0.005021
scipy-powell,cold,4,1749,21.1727,0.005021
scipy-powell,cold,4,1750,21.1850,0.005021
scipy-powell,cold,4,1751,21.1972,0.005021
scipy-powell,cold,4,1752,21.2091,0.005021
scipy-powell,cold,4,1753,21.2215,0.005021
scipy-powell,cold,4,1754,21.2333,0.005021
scipy-powell,cold,4,1755,21.2453,0.005021
scipy-powell,cold,4,1756,21.2577,0.005021
scipy-powell,cold,4,1762,21.3290,0.005021
scipy-powell,cold,4,1764,21.3531,0.005021
scipy-powell,cold,4,1767,21.3924,0.005021
scipy-powell,cold,4,1770,21.4305,0.005021
scipy-powell,cold,4,1771,21.4442,0.005021
scipy-powell,cold,4,1772,21.4560,0.005021
scipy-powell,cold,4,1773,21.4679,0.005021
scipy-powell,cold,4,1774,21.4803,0.005021
scipy-powell,cold,4,1782,21.5856,0.005021
scipy-powell,cold,4,1789,21.6695,0.005021
scipy-powell,cold,4,1790,21.6815,0.005021
scipy-powell,cold,4,1792,21.7054,0.005021
scipy-powell,cold,4,1793,21.7184,0.005021
scipy-powell,cold,4,1794,21.7304,0.005021
scipy-powell,cold,4,1795,21.7423,0.005021
scipy-powell,cold,4,1796,21.7545,0.005021
scipy-powell,cold,4,1797,21.7665,0.005021
scipy-powell,cold,4,1806,21.8832,0.005021
scipy-powell,cold,4,1808,21.9070,0.005020
scipy-powell,cold,4,1809,21.9203,0.005020
scipy-powell,cold,4,1810,21.9334,0.005020
scipy-powell,cold,4,1811,21.9451,0.005020
scipy-powell,cold,4,1822,22.0748,0.005020
scipy-powell,cold,4,1830,22.1715,0.005020
scipy-powell,cold,4,1834,22.2193,0.005020
scipy-powell,cold,4,1839,22.2784,0.005020
scipy-powell,cold,4,1840,22.2906,0.005020
scipy-powell,cold,4,1841,22.3029,0.005020
scipy-powell,cold,4,1842,22.3157,0.005020
scipy-powell,cold,4,1849,22.3992,0.005020
scipy-powell,cold,4,1854,22.4604,0.005017
scipy-powell,cold,4,1857,22.4974,0.005014
scipy-powell,cold,4,1859,22.5214,0.005013
scipy-powell,cold,4,1860,22.5335,0.005013
scipy-powell,cold,4,1861,22.5470,0.005013
scipy-powell,cold,4,1862,22.5612,0.005013
scipy-powell,cold,4,1863,22.5761,0.005013
scipy-powell,cold,4,1864,22.5900,0.005013
scipy-powell,cold,4,1871,22.6840,0.004988
scipy-powell,cold,4,1873,22.7097,0.004983
scipy-powell,cold,4,1874,22.7244,0.004980
scipy-powell,cold,4,1875,22.7367,0.004979
scipy-powell,cold,4,1876,22.7498,0.004978
scipy-powell,cold,4,1877,22.7626,0.004978
scipy-powell,cold,4,1878,22.7753,0.004978
scipy-powell,cold,4,1879,22.7870,0.004978
scipy-powell,cold,4,1880,22.7989,0.004978
scipy-powell,cold,4,1881,22.8115,0.004978
scipy-powell,cold,4,1882,22.8239,0.004978
scipy-powell,cold,4,1883,22.8357,0.004978
scipy-powell,cold,4,1884,22.8485,0.004978
scipy-powell,cold,4,1885,22.8614,0.004978
scipy-powell,cold,4,1886,22.8742,0.004978
scipy-powell,cold,4,1887,22.8866,0.004978
scipy-powell,cold,4,1888,22.8989,0.004978
scipy-powell,cold,4,1889,22.9113,0.004978
scipy-powell,cold,4,1890,22.9241,0.004978
scipy-powell,cold,4,1891,22.9374,0.004978
scipy-powell,cold,4,1892,22.9508,0.004978
scipy-powell,cold,4,1893,22.9633,0.004978
scipy-powell,cold,4,1894,22.9763,0.004978
scipy-powell,cold,4,1895,22.9890,0.004978
scipy-powell,cold,4,1896,23.0013,0.004978
scipy-powell,cold,4,1897,23.0140,0.004978
scipy-powell,cold,4,1898,23.0272,0.004978
scipy-powell,cold,4,1899,23.0399,0.004978
scipy-powell,cold,4,1900,23.0522,0.004978
scipy-powell,cold,4,1901,23.0643,0.004978
scipy-powell,cold,4,1902,23.0787,0.004978
scipy-powell,cold,4,1903,23.0920,0.004978
scipy-powell,cold,4,1904,23.1051,0.004978
scipy-powell,cold,4,1905,23.1191,0.004978
scipy-powell,cold,4,1906,23.1340,0.004978
scipy-powell,cold,4,1907,23.1487,0.004978
scipy-powell,cold,4,1911,23.2068,0.004978
scipy-powell,cold,4,1912,23.2210,0.004977
scipy-powell,cold,4,1913,23.2350,0.004976
scipy-powell,cold,4,1914,23.2489,0.004976
scipy-powell,cold,4,1915,23.2610,0.004975
scipy-powell,cold,4,1916,23.2750,0.004975
scipy-powell,cold,4,1917,23.2873,0.004975
scipy-powell,cold,4,1918,23.3018,0.004975
scipy-powell,cold,4,1919,23.3170,0.004975
scipy-powell,cold,4,1920,23.3299,0.004975
scipy-powell,cold,4,1921,23.3433,0.004975
scipy-powell,cold,4,1922,23.3558,0.004975
scipy-powell,cold,4,1923,23.3697,0.004975
scipy-powell,cold,4,1924,23.3829,0.004975
scipy-powell,cold,4,1925,23.3954,0.004975
scipy-powell,cold,4,1926,23.4077,0.004975
scipy-powell,cold,4,1927,23.4204,0.004975
scipy-powell,cold,4,1928,23.4325,0.004975
scipy-powell,cold,4,1929,23.4447,0.004975
scipy-powell,cold,4,1930,23.4576,0.004975
scipy-powell,cold,4,1931,23.4716,0.004975
scipy-powell,cold,4,1932,23.4837,0.004975
scipy-powell,cold,4,1933,23.4955,0.004975
scipy-powell,cold,4,1934,23.5071,0.004975
scipy-powell,cold,4,1935,23.5191,0.004975
scipy-powell,cold,4,1936,23.5307,0.004975
scipy-powell,cold,4,1937,23.5425,0.004975
scipy-powell,cold,4,1938,23.5542,0.004975
scipy-powell,cold,4,1939,23.5667,0.004975
scipy-powell,cold,4,1940,23.5787,0.004975
scipy-powell,cold,4,1941,23.5916,0.004975
scipy-powell,cold,4,1942,23.6039,0.004975
scipy-powell,cold,4,1943,23.6167,0.004975
scipy-powell,cold,4,1944,23.6308,0.004975
scipy-powell,cold,4,1945,23.6446,0.004975
scipy-powell,cold,4,1946,23.6580,0.004975
scipy-powell,cold,4,1947,23.6717,0.004966
scipy-powell,cold,4,1949,23.7001,0.004954
scipy-powell,cold,4,1950,23.7144,0.004944
scipy-powell,cold,4,1952,23.7437,0.004944
scipy-powell,cold,4,1953,23.7562,0.004944
scipy-powell,cold,4,1955,23.7807,0.004944
scipy-powell,cold,4,1956,23.7929,0.004944
scipy-powell,cold,4,1957,23.8052,0.004944
scipy-powell,cold,4,1958,23.8214,0.004944
scipy-powell,cold,4,1959,23.8329,0.004944
scipy-powell,cold,4,1962,23.8695,0.004944
scipy-powell,cold,4,1967,23.9272,0.004935
scipy-powell,cold,4,1968,23.9386,0.004918
scipy-powell,cold,4,1969,23.9503,0.004906
scipy-powell,cold,4,1970,23.9621,0.004899
scipy-powell,cold,4,1971,23.9738,0.004894
scipy-powell,cold,4,1972,23.9852,0.004891
scipy-powell,cold,4,1973,23.9973,0.004890
scipy-powell,cold,4,1974,24.0091,0.004889
scipy-powell,cold,4,1975,24.0210,0.004888
scipy-powell,cold,4,1976,24.0336,0.004887
scipy-powell,cold,4,1977,24.0453,0.004887
scipy-powell,cold,4,1978,24.0571,0.004887
scipy-powell,cold,4,1979,24.0688,0.004887
scipy-powell,cold,4,1980,24.0809,0.004887
scipy-powell,cold,4,1981,24.0947,0.004887
scipy-powell,cold,4,1982,24.1070,0.004887
scipy-powell,cold,4,1983,24.1193,0.004887
scipy-powell,cold,4,1984,24.1319,0.004887
scipy-powell,cold,4,1985,24.1442,0.004887
scipy-powell,cold,4,1986,24.1556,0.004887
scipy-powell,cold,4,1987,24.1670,0.004887
scipy-powell,cold,4,1988,24.1787,0.004887
scipy-powell,cold,4,1989,24.1907,0.004887
scipy-powell,cold,4,1990,24.2032,0.004887
scipy-powell,cold,4,1991,24.2148,0.004887
scipy-powell,cold,4,1992,24.2264,0.004887
scipy-powell,cold,4,1993,24.2383,0.004887
scipy-powell,cold,4,1994,24.2501,0.004887
scipy-powell,cold,4,1995,24.2614,0.004887
scipy-powell,cold,4,1996,24.2744,0.004887
scipy-powell,cold,4,1997,24.2859,0.004887
scipy-powell,cold,4,1998,24.2976,0.004887
scipy-powell,cold,4,1999,24.3093,0.004887
scipy-powell,cold,4,2000,24.3218,0.004887
scipy-powell,cold,5,0,0.0000,0.005789
scipy-powell,cold,5,5,0.0725,0.005788
scipy-powell,cold,5,6,0.0842,0.005788
scipy-powell,cold,5,7,0.0953,0.005788
scipy-powell,cold,5,8,0.1076,0.005788
scipy-powell,cold,5,9,0.1198,0.005788
scipy-powell,cold,5,10,0.1312,0.005788
scipy-powell,cold,5,12,0.1547,0.005788
scipy-powell,cold,5,21,0.2674,0.005785
scipy-powell,cold,5,22,0.2790,0.005784
scipy-powell,cold,5,27,0.3374,0.005784
scipy-powell,cold,5,28,0.3497,0.005784
scipy-powell,cold,5,29,0.3630,0.005784
scipy-powell,cold,5,30,0.3751,0.005784
scipy-powell,cold,5,35,0.4373,0.005784
scipy-powell,cold,5,39,0.4837,0.005784
scipy-powell,cold,5,40,0.4955,0.005783
scipy-powell,cold,5,41,0.5070,0.005783
scipy-powell,cold,5,42,0.5185,0.005783
scipy-powell,cold,5,43,0.5296,0.005783
scipy-powell,cold,5,44,0.5409,0.005783
scipy-powell,cold,5,45,0.5520,0.005783
scipy-powell,cold,5,46,0.5636,0.005783
scipy-powell,cold,5,47,0.5749,0.005783
scipy-powell,cold,5,48,0.5861,0.005783
scipy-powell,cold,5,49,0.5977,0.005783
scipy-powell,cold,5,50,0.6090,0.005783
scipy-powell,cold,5,51,0.6209,0.005783
scipy-powell,cold,5,52,0.6328,0.005783
scipy-powell,cold,5,53,0.6445,0.005783
scipy-powell,cold,5,54,0.6561,0.005783
scipy-powell,cold,5,55,0.6681,0.005783
scipy-powell,cold,5,56,0.6818,0.005783
scipy-powell,cold,5,57,0.6957,0.005783
scipy-powell,cold,5,58,0.7078,0.005783
scipy-powell,cold,5,59,0.7196,0.005783
scipy-powell,cold,5,60,0.7312,0.005783
scipy-powell,cold,5,61,0.7430,0.005783
scipy-powell,cold,5,62,0.7545,0.005783
scipy-powell,cold,5,63,0.7659,0.005783
scipy-powell,cold,5,64,0.7771,0.005783
scipy-powell,cold,5,65,0.7885,0.005783
scipy-powell,cold,5,66,0.8000,0.005783
scipy-powell,cold,5,67,0.8113,0.005783
scipy-powell,cold,5,68,0.8230,0.005783
scipy-powell,cold,5,69,0.8350,0.005783
scipy-powell,cold,5,70,0.8467,0.005783
scipy-powell,cold,5,71,0.8580,0.005783
scipy-powell,cold,5,72,0.8697,0.005783
scipy-powell,cold,5,73,0.8815,0.005783
scipy-powell,cold,5,76,0.9187,0.005782
scipy-powell,cold,5,77,0.9315,0.005782
scipy-powell,cold,5,79,0.9575,0.005782
scipy-powell,cold,5,80,0.9697,0.005782
scipy-powell,cold,5,81,0.9814,0.005782
scipy-powell,cold,5,82,0.9929,0.005782
scipy-powell,cold,5,83,1.0052,0.005782
scipy-powell,cold,5,84,1.0165,0.005782
scipy-powell,cold,5,85,1.0281,0.005782
scipy-powell,cold,5,86,1.0396,0.005782
scipy-powell,cold,5,88,1.0628,0.005782
scipy-powell,cold,5,90,1.0854,0.005782
scipy-powell,cold,5,98,1.1800,0.005782
scipy-powell,cold,5,99,1.1927,0.005781
scipy-powell,cold,5,100,1.2051,0.005781
scipy-powell,cold,5,102,1.2288,0.005781
scipy-powell,cold,5,103,1.2407,0.005781
scipy-powell,cold,5,104,1.2536,0.005781
scipy-powell,cold,5,116,1.3952,0.005781
scipy-powell,cold,5,119,1.4298,0.005781
scipy-powell,cold,5,120,1.4411,0.005781
scipy-powell,cold,5,121,1.4536,0.005781
scipy-powell,cold,5,122,1.4650,0.005781
scipy-powell,cold,5,123,1.4765,0.005781
scipy-powell,cold,5,128,1.5331,0.005781
scipy-powell,cold,5,132,1.5836,0.005769
scipy-powell,cold,5,133,1.5961,0.005760
scipy-powell,cold,5,134,1.6077,0.005754
scipy-powell,cold,5,135,1.6205,0.005751
scipy-powell,cold,5,136,1.6332,0.005749
scipy-powell,cold,5,137,1.6459,0.005748
scipy-powell,cold,5,138,1.6577,0.005747
scipy-powell,cold,5,139,1.6704,0.005747
scipy-powell,cold,5,140,1.6844,0.005746
scipy-powell,cold,5,141,1.6986,0.005746
scipy-powell,cold,5,142,1.7126,0.005746
scipy-powell,cold,5,143,1.7270,0.005746
scipy-powell,cold,5,144,1.7416,0.005746
scipy-powell,cold,5,145,1.7542,0.005746
scipy-powell,cold,5,146,1.7659,0.005746
scipy-powell,cold,5,147,1.7795,0.005746
scipy-powell,cold,5,148,1.7918,0.005746
scipy-powell,cold,5,149,1.8044,0.005746
scipy-powell,cold,5,150,1.8168,0.005746
scipy-powell,cold,5,151,1.8292,0.005746
scipy-powell,cold,5,152,1.8413,0.005746
scipy-powell,cold,5,153,1.8540,0.005746
scipy-powell,cold,5,154,1.8656,0.005746
scipy-powell,cold,5,155,1.8769,0.005746
scipy-powell,cold,5,156,1.8887,0.005746
scipy-powell,cold,5,157,1.9012,0.005746
scipy-powell,cold,5,158,1.9145,0.005746
scipy-powell,cold,5,159,1.9272,0.005746
scipy-powell,cold,5,160,1.9391,0.005746
scipy-powell,cold,5,161,1.9515,0.005746
scipy-powell,cold,5,162,1.9635,0.005746
scipy-powell,cold,5,163,1.9749,0.005746
scipy-powell,cold,5,164,1.9864,0.005746
scipy-powell,cold,5,165,1.9976,0.005746
scipy-powell,cold,5,166,2.0093,0.005746
scipy-powell,cold,5,167,2.0209,0.005746
scipy-powell,cold,5,169,2.0450,0.005742
scipy-powell,cold,5,170,2.0568,0.005741
scipy-powell,cold,5,171,2.0683,0.005741
scipy-powell,cold,5,173,2.0917,0.005741
scipy-powell,cold,5,174,2.1039,0.005741
scipy-powell,cold,5,177,2.1409,0.005741
scipy-powell,cold,5,181,2.1889,0.005741
scipy-powell,cold,5,182,2.2007,0.005739
scipy-powell,cold,5,183,2.2119,0.005738
scipy-powell,cold,5,184,2.2240,0.005737
scipy-powell,cold,5,185,2.2374,0.005737
scipy-powell,cold,5,186,2.2502,0.005737
scipy-powell,cold,5,187,2.2639,0.005737
scipy-powell,cold,5,188,2.2770,0.005737
scipy-powell,cold,5,189,2.2908,0.005737
scipy-powell,cold,5,190,2.3040,0.005737
scipy-powell,cold,5,191,2.3167,0.005737
scipy-powell,cold,5,192,2.3310,0.005737
scipy-powell,cold,5,193,2.3460,0.005737
scipy-powell,cold,5,194,2.3578,0.005737
scipy-powell,cold,5,195,2.3698,0.005737
scipy-powell,cold,5,196,2.3818,0.005737
scipy-powell,cold,5,197,2.3934,0.005737
scipy-powell,cold,5,198,2.4046,0.005737
scipy-powell,cold,5,199,2.4169,0.005737
scipy-powell,cold,5,200,2.4282,0.005737
scipy-powell,cold,5,201,2.4396,0.005737
scipy-powell,cold,5,202,2.4513,0.005737
scipy-powell,cold,5,203,2.4636,0.005737
scipy-powell,cold,5,204,2.4772,0.005737
scipy-powell,cold,5,205,2.4915,0.005737
scipy-powell,cold,5,206,2.5061,0.005737
scipy-powell,cold,5,207,2.5190,0.005737
scipy-powell,cold,5,208,2.5320,0.005737
scipy-powell,cold,5,209,2.5451,0.005737
scipy-powell,cold,5,210,2.5580,0.005737
scipy-powell,cold,5,211,2.5710,0.005737
scipy-powell,cold,5,212,2.5835,0.005737
scipy-powell,cold,5,213,2.5964,0.005737
scipy-powell,cold,5,214,2.6091,0.005737
scipy-powell,cold,5,215,2.6221,0.005737
scipy-powell,cold,5,216,2.6351,0.005737
scipy-powell,cold,5,217,2.6474,0.005737
scipy-powell,cold,5,218,2.6599,0.005734
scipy-powell,cold,5,220,2.6835,0.005729
scipy-powell,cold,5,221,2.6951,0.005723
scipy-powell,cold,5,222,2.7072,0.005723
scipy-powell,cold,5,223,2.7197,0.005722
scipy-powell,cold,5,225,2.7468,0.005722
scipy-powell,cold,5,226,2.7594,0.005722
scipy-powell,cold,5,227,2.7716,0.005722
scipy-powell,cold,5,228,2.7835,0.005722
scipy-powell,cold,5,229,2.7951,0.005722
scipy-powell,cold,5,236,2.8821,0.005711
scipy-powell,cold,5,237,2.8947,0.005708
scipy-powell,cold,5,238,2.9067,0.005708
scipy-powell,cold,5,239,2.9186,0.005708
scipy-powell,cold,5,240,2.9302,0.005708
scipy-powell,cold,5,241,2.9420,0.005708
scipy-powell,cold,5,242,2.9540,0.005708
scipy-powell,cold,5,243,2.9667,0.005708
scipy-powell,cold,5,244,2.9791,0.005708
scipy-powell,cold,5,245,2.9917,0.005708
scipy-powell,cold,5,246,3.0053,0.005708
scipy-powell,cold,5,249,3.0475,0.005708
scipy-powell,cold,5,258,3.1600,0.005708
scipy-powell,cold,5,262,3.2097,0.005708
scipy-powell,cold,5,263,3.2222,0.005708
scipy-powell,cold,5,264,3.2348,0.005708
scipy-powell,cold,5,265,3.2470,0.005708
scipy-powell,cold,5,266,3.2598,0.005708
scipy-powell,cold,5,276,3.3853,0.005708
scipy-powell,cold,5,283,3.4729,0.005702
scipy-powell,cold,5,284,3.4858,0.005690
scipy-powell,cold,5,285,3.4984,0.005681
scipy-powell,cold,5,286,3.5114,0.005676
scipy-powell,cold,5,287,3.5244,0.005672
scipy-powell,cold,5,288,3.5362,0.005670
scipy-powell,cold,5,289,3.5480,0.005669
scipy-powell,cold,5,290,3.5599,0.005668
scipy-powell,cold,5,291,3.5726,0.005667
scipy-powell,cold,5,292,3.5842,0.005667
scipy-powell,cold,5,293,3.5960,0.005667
scipy-powell,cold,5,294,3.6077,0.005667
scipy-powell,cold,5,295,3.6195,0.005666
scipy-powell,cold,5,296,3.6313,0.005666
scipy-powell,cold,5,297,3.6430,0.005666
scipy-powell,cold,5,298,3.6548,0.005666
scipy-powell,cold,5,299,3.6666,0.005666
scipy-powell,cold,5,300,3.6797,0.005666
scipy-powell,cold,5,301,3.6922,0.005666
scipy-powell,cold,5,302,3.7039,0.005666
scipy-powell,cold,5,303,3.7156,0.005666
scipy-powell,cold,5,304,3.7274,0.005666
scipy-powell,cold,5,305,3.7391,0.005666
scipy-powell,cold,5,306,3.7509,0.005666
scipy-powell,cold,5,307,3.7629,0.005666
scipy-powell,cold,5,308,3.7747,0.005666
scipy-powell,cold,5,309,3.7865,0.005666
scipy-powell,cold,5,310,3.7983,0.005666
scipy-powell,cold,5,311,3.8105,0.005666
scipy-powell,cold,5,312,3.8227,0.005666
scipy-powell,cold,5,313,3.8347,0.005666
scipy-powell,cold,5,314,3.8465,0.005666
scipy-powell,cold,5,315,3.8582,0.005666
scipy-powell,cold,5,316,3.8704,0.005666
scipy-powell,cold,5,317,3.8831,0.005666
scipy-powell,cold,5,318,3.8957,0.005458
scipy-powell,cold,5,321,3.9347,0.005445
scipy-powell,cold,5,322,3.9462,0.005442
scipy-powell,cold,5,323,3.9585,0.005441
scipy-powell,cold,5,324,3.9701,0.005441
scipy-powell,cold,5,325,3.9817,0.005441
scipy-powell,cold,5,326,3.9945,0.005441
scipy-powell,cold,5,327,4.0068,0.005441
scipy-powell,cold,5,328,4.0191,0.005441
scipy-powell,cold,5,329,4.0314,0.005441
scipy-powell,cold,5,331,4.0568,0.005441
scipy-powell,cold,5,333,4.0798,0.005440
scipy-powell,cold,5,336,4.1142,0.005440
scipy-powell,cold,5,337,4.1256,0.005440
scipy-powell,cold,5,338,4.1371,0.005440
scipy-powell,cold,5,339,4.1491,0.005440
scipy-powell,cold,5,340,4.1615,0.005440
scipy-powell,cold,5,341,4.1735,0.005440
scipy-powell,cold,5,343,4.1974,0.005440
scipy-powell,cold,5,350,4.2818,0.005440
scipy-powell,cold,5,360,4.4201,0.005440
scipy-powell,cold,5,361,4.4350,0.005440
scipy-powell,cold,5,362,4.4497,0.005440
scipy-powell,cold,5,363,4.4644,0.005440
scipy-powell,cold,5,364,4.4791,0.005440
scipy-powell,cold,5,365,4.4916,0.005440
scipy-powell,cold,5,366,4.5033,0.005440
scipy-powell,cold,5,367,4.5151,0.005440
scipy-powell,cold,5,380,4.6768,0.005438
scipy-powell,cold,5,381,4.6907,0.005436
scipy-powell,cold,5,382,4.7045,0.005435
scipy-powell,cold,5,383,4.7181,0.005434
scipy-powell,cold,5,384,4.7309,0.005434
scipy-powell,cold,5,385,4.7433,0.005433
scipy-powell,cold,5,386,4.7564,0.005433
scipy-powell,cold,5,387,4.7690,0.005433
scipy-powell,cold,5,388,4.7823,0.005433
scipy-powell,cold,5,389,4.7954,0.005433
scipy-powell,cold,5,390,4.8070,0.005433
scipy-powell,cold,5,391,4.8190,0.005433
scipy-powell,cold,5,392,4.8309,0.005433
scipy-powell,cold,5,393,4.8426,0.005433
scipy-powell,cold,5,394,4.8549,0.005433
scipy-powell,cold,5,395,4.8684,0.005433
scipy-powell,cold,5,396,4.8806,0.005433
scipy-powell,cold,5,397,4.8929,0.005433
scipy-powell,cold,5,398,4.9049,0.005433
scipy-powell,cold,5,399,4.9171,0.005433
scipy-powell,cold,5,400,4.9288,0.005433
scipy-powell,cold,5,401,4.9404,0.005433
scipy-powell,cold,5,402,4.9522,0.005433
scipy-powell,cold,5,403,4.9647,0.005433
scipy-powell,cold,5,404,4.9766,0.005433
scipy-powell,cold,5,405,4.9883,0.005433
scipy-powell,cold,5,406,5.0000,0.005433
scipy-powell,cold,5,407,5.0115,0.005433
scipy-powell,cold,5,408,5.0230,0.005433
scipy-powell,cold,5,409,5.0346,0.005433
scipy-powell,cold,5,410,5.0462,0.005433
scipy-powell,cold,5,411,5.0578,0.005433
scipy-powell,cold,5,412,5.0702,0.005433
scipy-powell,cold,5,413,5.0829,0.005433
scipy-powell,cold,5,414,5.0955,0.005433
scipy-powell,cold,5,415,5.1074,0.005414
scipy-powell,cold,5,417,5.1308,0.005410
scipy-powell,cold,5,418,5.1428,0.005410
scipy-powell,cold,5,419,5.1542,0.005410
scipy-powell,cold,5,421,5.1774,0.005410
scipy-powell,cold,5,422,5.1890,0.005410
scipy-powell,cold,5,424,5.2124,0.005410
scipy-powell,cold,5,425,5.2245,0.005410
scipy-powell,cold,5,426,5.2361,0.005410
scipy-powell,cold,5,427,5.2481,0.005410
scipy-powell,cold,5,428,5.2600,0.005410
scipy-powell,cold,5,429,5.2718,0.005410
scipy-powell,cold,5,441,5.4137,0.005406
scipy-powell,cold,5,442,5.4254,0.005400
scipy-powell,cold,5,443,5.4371,0.005396
scipy-powell,cold,5,444,5.4489,0.005394
scipy-powell,cold,5,445,5.4602,0.005393
scipy-powell,cold,5,446,5.4723,0.005392
scipy-powell,cold,5,447,5.4837,0.005391
scipy-powell,cold,5,448,5.4954,0.005391
scipy-powell,cold,5,449,5.5075,0.005391
scipy-powell,cold,5,450,5.5194,0.005391
scipy-powell,cold,5,451,5.5316,0.005391
scipy-powell,cold,5,452,5.5435,0.005391
scipy-powell,cold,5,453,5.5550,0.005390
scipy-powell,cold,5,454,5.5667,0.005390
scipy-powell,cold,5,455,5.5782,0.005390
scipy-powell,cold,5,456,5.5898,0.005390
scipy-powell,cold,5,457,5.6015,0.005390
scipy-powell,cold,5,458,5.6131,0.005390
scipy-powell,cold,5,459,5.6247,0.005390
scipy-powell,cold,5,460,5.6365,0.005390
scipy-powell,cold,5,461,5.6477,0.005390
scipy-powell,cold,5,462,5.6596,0.005390
scipy-powell,cold,5,463,5.6710,0.005390
scipy-powell,cold,5,464,5.6827,0.005390
scipy-powell,cold,5,465,5.6944,0.005390
scipy-powell,cold,5,466,5.7058,0.005390
scipy-powell,cold,5,467,5.7177,0.005390
scipy-powell,cold,5,468,5.7302,0.005390
scipy-powell,cold,5,469,5.7422,0.005390
scipy-powell,cold,5,470,5.7537,0.005390
scipy-powell,cold,5,471,5.7654,0.005390
scipy-powell,cold,5,472,5.7771,0.005390
scipy-powell,cold,5,473,5.7889,0.005390
scipy-powell,cold,5,474,5.8006,0.005390
scipy-powell,cold,5,475,5.8121,0.005390
scipy-powell,cold,5,476,5.8239,0.005389
scipy-powell,cold,5,477,5.8354,0.005367
scipy-powell,cold,5,479,5.8585,0.005366
scipy-powell,cold,5,481,5.8815,0.005366
scipy-powell,cold,5,482,5.8932,0.005366
scipy-powell,cold,5,483,5.9055,0.005366
scipy-powell,cold,5,484,5.9173,0.005366
scipy-powell,cold,5,485,5.9288,0.005366
scipy-powell,cold,5,486,5.9402,0.005366
scipy-powell,cold,5,487,5.9520,0.005366
scipy-powell,cold,5,490,5.9911,0.005366
scipy-powell,cold,5,498,6.0872,0.005366
scipy-powell,cold,5,499,6.0988,0.005366
scipy-powell,cold,5,500,6.1104,0.005366
scipy-powell,cold,5,501,6.1219,0.005366
scipy-powell,cold,5,502,6.1334,0.005366
scipy-powell,cold,5,516,6.2964,0.005366
scipy-powell,cold,5,517,6.3118,0.005365
scipy-powell,cold,5,518,6.3266,0.005365
scipy-powell,cold,5,519,6.3413,0.005365
scipy-powell,cold,5,520,6.3564,0.005365
scipy-powell,cold,5,522,6.3836,0.005365
scipy-powell,cold,5,524,6.4087,0.005365
scipy-powell,cold,5,525,6.4222,0.005365
scipy-powell,cold,5,527,6.4482,0.005365
scipy-powell,cold,5,536,6.5556,0.005365
scipy-powell,cold,5,537,6.5674,0.005364
scipy-powell,cold,5,538,6.5791,0.005364
scipy-powell,cold,5,539,6.5907,0.005364
scipy-powell,cold,5,540,6.6027,0.005364
scipy-powell,cold,5,541,6.6145,0.005363
scipy-powell,cold,5,542,6.6261,0.005363
scipy-powell,cold,5,543,6.6379,0.005363
scipy-powell,cold,5,544,6.6507,0.005363
scipy-powell,cold,5,545,6.6637,0.005363
scipy-powell,cold,5,546,6.6765,0.005363
scipy-powell,cold,5,547,6.6888,0.005363
scipy-powell,cold,5,548,6.7005,0.005363
scipy-powell,cold,5,549,6.7126,0.005363
scipy-powell,cold,5,550,6.7251,0.005363
scipy-powell,cold,5,551,6.7378,0.005363
scipy-powell,cold,5,552,6.7506,0.005363
scipy-powell,cold,5,553,6.7636,0.005363
scipy-powell,cold,5,554,6.7760,0.005363
scipy-powell,cold,5,555,6.7883,0.005363
scipy-powell,cold,5,556,6.8010,0.005363
scipy-powell,cold,5,557,6.8127,0.005363
scipy-powell,cold,5,558,6.8255,0.005363
scipy-powell,cold,5,559,6.8392,0.005363
scipy-powell,cold,5,560,6.8514,0.005363
scipy-powell,cold,5,561,6.8633,0.005363
scipy-powell,cold,5,562,6.8761,0.005363
scipy-powell,cold,5,563,6.8886,0.005363
scipy-powell,cold,5,564,6.9009,0.005363
scipy-powell,cold,5,565,6.9123,0.005363
scipy-powell,cold,5,566,6.9245,0.005363
scipy-powell,cold,5,570,6.9730,0.005362
scipy-powell,cold,5,571,6.9851,0.005361
scipy-powell,cold,5,573,7.0085,0.005361
scipy-powell,cold,5,574,7.0199,0.005361
scipy-powell,cold,5,575,7.0315,0.005361
scipy-powell,cold,5,576,7.0436,0.005361
scipy-powell,cold,5,577,7.0553,0.005361
scipy-powell,cold,5,586,7.1625,0.005347
scipy-powell,cold,5,587,7.1742,0.005335
scipy-powell,cold,5,588,7.1857,0.005333
scipy-powell,cold,5,589,7.1978,0.005333
scipy-powell,cold,5,590,7.2121,0.005333
scipy-powell,cold,5,591,7.2244,0.005333
scipy-powell,cold,5,592,7.2363,0.005333
scipy-powell,cold,5,593,7.2515,0.005333
scipy-powell,cold,5,594,7.2630,0.005333
scipy-powell,cold,5,603,7.3728,0.005332
scipy-powell,cold,5,604,7.3850,0.005332
scipy-powell,cold,5,605,7.3977,0.005332
scipy-powell,cold,5,606,7.4115,0.005332
scipy-powell,cold,5,607,7.4238,0.005332
scipy-powell,cold,5,608,7.4354,0.005332
scipy-powell,cold,5,616,7.5302,0.005332
scipy-powell,cold,5,617,7.5419,0.005332
scipy-powell,cold,5,618,7.5536,0.005332
scipy-powell,cold,5,619,7.5653,0.005332
scipy-powell,cold,5,620,7.5769,0.005332
scipy-powell,cold,5,638,7.8005,0.005330
scipy-powell,cold,5,643,7.8667,0.005330
scipy-powell,cold,5,644,7.8825,0.005330
scipy-powell,cold,5,645,7.8980,0.005330
scipy-powell,cold,5,646,7.9139,0.005330
scipy-powell,cold,5,647,7.9314,0.005330
scipy-powell,cold,5,654,8.0223,0.005330
scipy-powell,cold,5,656,8.0458,0.005330
scipy-powell,cold,5,658,8.0688,0.005330
scipy-powell,cold,5,659,8.0803,0.005330
scipy-powell,cold,5,660,8.0920,0.005330
scipy-powell,cold,5,661,8.1035,0.005330
scipy-powell,cold,5,672,8.2347,0.005330
scipy-powell,cold,5,679,8.3159,0.005329
scipy-powell,cold,5,681,8.3387,0.005327
scipy-powell,cold,5,684,8.3754,0.005327
scipy-powell,cold,5,685,8.3870,0.005327
scipy-powell,cold,5,686,8.3988,0.005327
scipy-powell,cold,5,687,8.4107,0.005327
scipy-powell,cold,5,688,8.4225,0.005327
scipy-powell,cold,5,695,8.5114,0.005327
scipy-powell,cold,5,699,8.5617,0.005318
scipy-powell,cold,5,706,8.6423,0.005318
scipy-powell,cold,5,708,8.6645,0.005318
scipy-powell,cold,5,709,8.6768,0.005318
scipy-powell,cold,5,710,8.6889,0.005318
scipy-powell,cold,5,711,8.7003,0.005318
scipy-powell,cold,5,712,8.7113,0.005318
scipy-powell,cold,5,721,8.8184,0.005318
scipy-powell,cold,5,724,8.8540,0.005318
scipy-powell,cold,5,725,8.8667,0.005318
scipy-powell,cold,5,726,8.8798,0.005318
scipy-powell,cold,5,727,8.8928,0.005318
scipy-powell,cold,5,733,8.9619,0.005318
scipy-powell,cold,5,737,9.0079,0.005297
scipy-powell,cold,5,739,9.0303,0.005289
scipy-powell,cold,5,740,9.0415,0.005286
scipy-powell,cold,5,741,9.0527,0.005284
scipy-powell,cold,5,742,9.0640,0.005284
scipy-powell,cold,5,743,9.0751,0.005284
scipy-powell,cold,5,748,9.1308,0.005284
scipy-powell,cold,5,749,9.1419,0.005284
scipy-powell,cold,5,750,9.1530,0.005284
scipy-powell,cold,5,751,9.1649,0.005284
scipy-powell,cold,5,752,9.1776,0.005284
scipy-powell,cold,5,753,9.1900,0.005284
scipy-powell,cold,5,754,9.2013,0.005284
scipy-powell,cold,5,755,9.2127,0.005284
scipy-powell,cold,5,756,9.2242,0.005284
scipy-powell,cold,5,757,9.2354,0.005284
scipy-powell,cold,5,758,9.2468,0.005284
scipy-powell,cold,5,759,9.2583,0.005284
scipy-powell,cold,5,760,9.2697,0.005284
scipy-powell,cold,5,761,9.2814,0.005284
scipy-powell,cold,5,762,9.2927,0.005284
scipy-powell,cold,5,763,9.3042,0.005284
scipy-powell,cold,5,764,9.3155,0.005284
scipy-powell,cold,5,765,9.3266,0.005284
scipy-powell,cold,5,766,9.3377,0.005284
scipy-powell,cold,5,767,9.3489,0.005284
scipy-powell,cold,5,768,9.3640,0.005284
scipy-powell,cold,5,769,9.3762,0.005284
scipy-powell,cold,5,773,9.4247,0.005283
scipy-powell,cold,5,774,9.4366,0.005283
scipy-powell,cold,5,775,9.4488,0.005283
scipy-powell,cold,5,776,9.4620,0.005283
scipy-powell,cold,5,777,9.4752,0.005283
scipy-powell,cold,5,778,9.4878,0.005283
scipy-powell,cold,5,779,9.5014,0.005283
scipy-powell,cold,5,780,9.5144,0.005283
scipy-powell,cold,5,795,9.6928,0.005281
scipy-powell,cold,5,796,9.7056,0.005281
scipy-powell,cold,5,797,9.7193,0.005281
scipy-powell,cold,5,799,9.7418,0.005281
scipy-powell,cold,5,800,9.7531,0.005281
scipy-powell,cold,5,801,9.7647,0.005281
scipy-powell,cold,5,803,9.7874,0.005281
scipy-powell,cold,5,813,9.9022,0.005281
scipy-powell,cold,5,818,9.9619,0.005278
scipy-powell,cold,5,822,10.0120,0.005278
scipy-powell,cold,5,823,10.0237,0.005278
scipy-powell,cold,5,825,10.0476,0.005278
scipy-powell,cold,5,826,10.0595,0.005278
scipy-powell,cold,5,827,10.0714,0.005278
scipy-powell,cold,5,828,10.0831,0.005278
scipy-powell,cold,5,839,10.2096,0.005274
scipy-powell,cold,5,841,10.2328,0.005273
scipy-powell,cold,5,842,10.2451,0.005273
scipy-powell,cold,5,843,10.2567,0.005273
scipy-powell,cold,5,844,10.2677,0.005273
scipy-powell,cold,5,845,10.2792,0.005273
scipy-powell,cold,5,847,10.3025,0.005273
scipy-powell,cold,5,848,10.3140,0.005273
scipy-powell,cold,5,849,10.3254,0.005273
scipy-powell,cold,5,850,10.3366,0.005273
scipy-powell,cold,5,851,10.3478,0.005273
scipy-powell,cold,5,852,10.3592,0.005273
scipy-powell,cold,5,853,10.3705,0.005273
scipy-powell,cold,5,854,10.3819,0.005273
scipy-powell,cold,5,855,10.3934,0.005273
scipy-powell,cold,5,856,10.4048,0.005273
scipy-powell,cold,5,857,10.4167,0.005273
scipy-powell,cold,5,858,10.4287,0.005273
scipy-powell,cold,5,859,10.4403,0.005273
scipy-powell,cold,5,860,10.4524,0.005273
scipy-powell,cold,5,861,10.4651,0.005273
scipy-powell,cold,5,862,10.4772,0.005273
scipy-powell,cold,5,863,10.4893,0.005273
scipy-powell,cold,5,864,10.5024,0.005273
scipy-powell,cold,5,865,10.5153,0.005273
scipy-powell,cold,5,866,10.5280,0.005273
scipy-powell,cold,5,867,10.5401,0.005273
scipy-powell,cold,5,868,10.5524,0.005273
scipy-powell,cold,5,869,10.5642,0.005273
scipy-powell,cold,5,870,10.5768,0.005273
scipy-powell,cold,5,871,10.5889,0.005273
scipy-powell,cold,5,872,10.6013,0.005273
scipy-powell,cold,5,873,10.6139,0.005273
scipy-powell,cold,5,874,10.6259,0.005273
scipy-powell,cold,5,875,10.6375,0.005273
scipy-powell,cold,5,878,10.6713,0.005273
scipy-powell,cold,5,880,10.6937,0.005273
scipy-powell,cold,5,881,10.7051,0.005273
scipy-powell,cold,5,882,10.7161,0.005273
scipy-powell,cold,5,883,10.7277,0.005273
scipy-powell,cold,5,884,10.7404,0.005273
scipy-powell,cold,5,890,10.8112,0.005273
scipy-powell,cold,5,896,10.8795,0.005271
scipy-powell,cold,5,900,10.9256,0.005271
scipy-powell,cold,5,902,10.9497,0.005271
scipy-powell,cold,5,903,10.9619,0.005271
scipy-powell,cold,5,905,10.9855,0.005271
scipy-powell,cold,5,906,10.9968,0.005271
scipy-powell,cold,5,907,11.0085,0.005271
scipy-powell,cold,5,908,11.0199,0.005271
scipy-powell,cold,5,912,11.0646,0.005271
scipy-powell,cold,5,920,11.1550,0.005271
scipy-powell,cold,5,921,11.1659,0.005271
scipy-powell,cold,5,922,11.1770,0.005271
scipy-powell,cold,5,924,11.1995,0.005271
scipy-powell,cold,5,925,11.2110,0.005271
scipy-powell,cold,5,926,11.2231,0.005271
scipy-powell,cold,5,927,11.2350,0.005271
scipy-powell,cold,5,928,11.2461,0.005271
scipy-powell,cold,5,929,11.2579,0.005271
scipy-powell,cold,5,944,11.4289,0.005268
scipy-powell,cold,5,945,11.4403,0.005266
scipy-powell,cold,5,946,11.4514,0.005265
scipy-powell,cold,5,947,11.4625,0.005264
scipy-powell,cold,5,948,11.4735,0.005264
scipy-powell,cold,5,949,11.4848,0.005264
scipy-powell,cold,5,950,11.4960,0.005263
scipy-powell,cold,5,951,11.5082,0.005263
scipy-powell,cold,5,952,11.5205,0.005263
scipy-powell,cold,5,953,11.5345,0.005263
scipy-powell,cold,5,954,11.5514,0.005263
scipy-powell,cold,5,955,11.5651,0.005263
scipy-powell,cold,5,956,11.5774,0.005263
scipy-powell,cold,5,957,11.5887,0.005263
scipy-powell,cold,5,958,11.6000,0.005263
scipy-powell,cold,5,959,11.6113,0.005263
scipy-powell,cold,5,960,11.6226,0.005263
scipy-powell,cold,5,961,11.6345,0.005263
scipy-powell,cold,5,962,11.6462,0.005263
scipy-powell,cold,5,963,11.6590,0.005263
scipy-powell,cold,5,964,11.6709,0.005263
scipy-powell,cold,5,965,11.6822,0.005263
scipy-powell,cold,5,966,11.6936,0.005263
scipy-powell,cold,5,967,11.7051,0.005263
scipy-powell,cold,5,968,11.7162,0.005263
scipy-powell,cold,5,969,11.7279,0.005263
scipy-powell,cold,5,970,11.7392,0.005263
scipy-powell,cold,5,971,11.7504,0.005263
scipy-powell,cold,5,972,11.7615,0.005263
scipy-powell,cold,5,973,11.7734,0.005263
scipy-powell,cold,5,974,11.7843,0.005263
scipy-powell,cold,5,975,11.7956,0.005263
scipy-powell,cold,5,976,11.8071,0.005263
scipy-powell,cold,5,977,11.8181,0.005263
scipy-powell,cold,5,978,11.8293,0.005263
scipy-powell,cold,5,979,11.8404,0.005263
scipy-powell,cold,5,980,11.8518,0.005254
scipy-powell,cold,5,982,11.8745,0.005253
scipy-powell,cold,5,984,11.8969,0.005253
scipy-powell,cold,5,986,11.9192,0.005253
scipy-powell,cold,5,987,11.9303,0.005253
scipy-powell,cold,5,988,11.9416,0.005253
scipy-powell,cold,5,989,11.9532,0.005253
scipy-powell,cold,5,990,11.9645,0.005253
scipy-powell,cold,5,991,11.9760,0.005253
scipy-powell,cold,5,1001,12.0914,0.005253
scipy-powell,cold,5,1002,12.1032,0.005252
scipy-powell,cold,5,1003,12.1146,0.005251
scipy-powell,cold,5,1004,12.1260,0.005251
scipy-powell,cold,5,1005,12.1385,0.005251
scipy-powell,cold,5,1006,12.1498,0.005251
scipy-powell,cold,5,1007,12.1610,0.005251
scipy-powell,cold,5,1008,12.1727,0.005251
scipy-powell,cold,5,1009,12.1839,0.005251
scipy-powell,cold,5,1010,12.1955,0.005251
scipy-powell,cold,5,1011,12.2081,0.005251
scipy-powell,cold,5,1012,12.2207,0.005251
scipy-powell,cold,5,1013,12.2332,0.005251
scipy-powell,cold,5,1014,12.2443,0.005251
scipy-powell,cold,5,1015,12.2554,0.005251
scipy-powell,cold,5,1016,12.2665,0.005251
scipy-powell,cold,5,1017,12.2777,0.005251
scipy-powell,cold,5,1018,12.2891,0.005251
scipy-powell,cold,5,1019,12.3004,0.005251
scipy-powell,cold,5,1020,12.3117,0.005251
scipy-powell,cold,5,1021,12.3230,0.005251
scipy-powell,cold,5,1022,12.3342,0.005251
scipy-powell,cold,5,1023,12.3455,0.005251
scipy-powell,cold,5,1024,12.3569,0.005251
scipy-powell,cold,5,1025,12.3701,0.005251
scipy-powell,cold,5,1026,12.3824,0.005251
scipy-powell,cold,5,1027,12.3951,0.005251
scipy-powell,cold,5,1028,12.4066,0.005251
scipy-powell,cold,5,1029,12.4187,0.005251
scipy-powell,cold,5,1030,12.4299,0.005251
scipy-powell,cold,5,1031,12.4420,0.005251
scipy-powell,cold,5,1032,12.4532,0.005251
scipy-powell,cold,5,1033,12.4648,0.005251
scipy-powell,cold,5,1034,12.4788,0.005251
scipy-powell,cold,5,1035,12.4902,0.005251
scipy-powell,cold,5,1037,12.5149,0.005245
scipy-powell,cold,5,1039,12.5387,0.005245
scipy-powell,cold,5,1040,12.5504,0.005245
scipy-powell,cold,5,1041,12.5625,0.005245
scipy-powell,cold,5,1042,12.5740,0.005245
scipy-powell,cold,5,1043,12.5854,0.005245
scipy-powell,cold,5,1044,12.5973,0.005245
scipy-powell,cold,5,1054,12.7197,0.005245
scipy-powell,cold,5,1059,12.7788,0.005244
scipy-powell,cold,5,1060,12.7900,0.005243
scipy-powell,cold,5,1061,12.8015,0.005243
scipy-powell,cold,5,1062,12.8129,0.005243
scipy-powell,cold,5,1063,12.8245,0.005243
scipy-powell,cold,5,1064,12.8362,0.005243
scipy-powell,cold,5,1065,12.8481,0.005243
scipy-powell,cold,5,1066,12.8604,0.005243
scipy-powell,cold,5,1067,12.8737,0.005243
scipy-powell,cold,5,1068,12.8852,0.005243
scipy-powell,cold,5,1069,12.8972,0.005243
scipy-powell,cold,5,1070,12.9095,0.005243
scipy-powell,cold,5,1071,12.9210,0.005243
scipy-powell,cold,5,1072,12.9321,0.005243
scipy-powell,cold,5,1073,12.9434,0.005243
scipy-powell,cold,5,1074,12.9546,0.005243
scipy-powell,cold,5,1075,12.9658,0.005243
scipy-powell,cold,5,1076,12.9775,0.005243
scipy-powell,cold,5,1077,12.9889,0.005243
scipy-powell,cold,5,1078,13.0900,0.005243
scipy-powell,cold,5,1079,13.1025,0.005243
scipy-powell,cold,5,1080,13.1139,0.005243
scipy-powell,cold,5,1081,13.1252,0.005243
scipy-powell,cold,5,1082,13.1375,0.005243
scipy-powell,cold,5,1083,13.1488,0.005243
scipy-powell,cold,5,1084,13.1600,0.005243
scipy-powell,cold,5,1085,13.1712,0.005243
scipy-powell,cold,5,1086,13.1832,0.005243
scipy-powell,cold,5,1087,13.1971,0.005243
scipy-powell,cold,5,1088,13.2119,0.005243
scipy-powell,cold,5,1089,13.2263,0.005243
scipy-powell,cold,5,1090,13.2405,0.005243
scipy-powell,cold,5,1091,13.2548,0.005243
scipy-powell,cold,5,1092,13.2691,0.005243
scipy-powell,cold,5,1093,13.2811,0.005243
scipy-powell,cold,5,1094,13.2924,0.005243
scipy-powell,cold,5,1096,13.3145,0.005243
scipy-powell,cold,5,1097,13.3255,0.005243
scipy-powell,cold,5,1098,13.3365,0.005243
scipy-powell,cold,5,1099,13.3492,0.005243
scipy-powell,cold,5,1100,13.3617,0.005243
scipy-powell,cold,5,1101,13.3735,0.005243
scipy-powell,cold,5,1102,13.3851,0.005243
scipy-powell,cold,5,1103,13.3970,0.005243
scipy-powell,cold,5,1104,13.4086,0.005243
scipy-powell,cold,5,1105,13.4203,0.005243
scipy-powell,cold,5,1106,13.4317,0.005243
scipy-powell,cold,5,1107,13.4436,0.005243
scipy-powell,cold,5,1108,13.4549,0.005243
scipy-powell,cold,5,1109,13.4663,0.005243
scipy-powell,cold,5,1110,13.4782,0.005243
scipy-powell,cold,5,1111,13.4905,0.005243
scipy-powell,cold,5,1112,13.5029,0.005243
scipy-powell,cold,5,1113,13.5149,0.005243
scipy-powell,cold,5,1114,13.5274,0.005243
scipy-powell,cold,5,1115,13.5391,0.005243
scipy-powell,cold,5,1116,13.5503,0.005243
scipy-powell,cold,5,1117,13.5616,0.005243
scipy-powell,cold,5,1118,13.5727,0.005243
scipy-powell,cold,5,1119,13.5845,0.005243
scipy-powell,cold,5,1120,13.5960,0.005243
scipy-powell,cold,5,1121,13.6085,0.005243
scipy-powell,cold,5,1122,13.6217,0.005243
scipy-powell,cold,5,1123,13.6344,0.005243
scipy-powell,cold,5,1124,13.6476,0.005243
scipy-powell,cold,5,1125,13.6597,0.005243
scipy-powell,cold,5,1126,13.6717,0.005243
scipy-powell,cold,5,1127,13.6834,0.005243
scipy-powell,cold,5,1128,13.6948,0.005243
scipy-powell,cold,5,1129,13.7067,0.005243
scipy-powell,cold,5,1130,13.7184,0.005243
scipy-powell,cold,5,1131,13.7304,0.005243
scipy-powell,cold,5,1133,13.7532,0.005243
scipy-powell,cold,5,1135,13.7768,0.005243
scipy-powell,cold,5,1136,13.7885,0.005243
scipy-powell,cold,5,1137,13.7999,0.005243
scipy-powell,cold,5,1139,13.8229,0.005243
scipy-powell,cold,5,1155,14.0061,0.005243
scipy-powell,cold,5,1156,14.0176,0.005243
scipy-powell,cold,5,1157,14.0291,0.005243
scipy-powell,cold,5,1158,14.0403,0.005243
scipy-powell,cold,5,1159,14.0518,0.005243
scipy-powell,cold,5,1160,14.0637,0.005243
scipy-powell,cold,5,1161,14.0752,0.005243
scipy-powell,cold,5,1162,14.0869,0.005243
scipy-powell,cold,5,1163,14.0987,0.005243
scipy-powell,cold,5,1164,14.1104,0.005243
scipy-powell,cold,5,1165,14.1218,0.005243
scipy-powell,cold,5,1166,14.1331,0.005243
scipy-powell,cold,5,1167,14.1448,0.005243
scipy-powell,cold,5,1168,14.1562,0.005243
scipy-powell,cold,5,1169,14.1674,0.005243
scipy-powell,cold,5,1170,14.1788,0.005243
scipy-powell,cold,5,1171,14.1900,0.005243
scipy-powell,cold,5,1172,14.2016,0.005243
scipy-powell,cold,5,1173,14.2137,0.005243
scipy-powell,cold,5,1174,14.2252,0.005243
scipy-powell,cold,5,1175,14.2365,0.005243
scipy-powell,cold,5,1176,14.2477,0.005243
scipy-powell,cold,5,1177,14.2590,0.005243
scipy-powell,cold,5,1178,14.2703,0.005243
scipy-powell,cold,5,1179,14.2818,0.005243
scipy-powell,cold,5,1180,14.2934,0.005243
scipy-powell,cold,5,1181,14.3048,0.005243
scipy-powell,cold,5,1182,14.3166,0.005243
scipy-powell,cold,5,1183,14.3276,0.005243
scipy-powell,cold,5,1184,14.3387,0.005243
scipy-powell,cold,5,1185,14.3498,0.005243
scipy-powell,cold,5,1186,14.3615,0.005243
scipy-powell,cold,5,1187,14.3728,0.005243
scipy-powell,cold,5,1188,14.3844,0.005243
scipy-powell,cold,5,1189,14.3958,0.005243
scipy-powell,cold,5,1190,14.4075,0.005243
scipy-powell,cold,5,1191,14.4195,0.005243
scipy-powell,cold,5,1192,14.4320,0.005243
scipy-powell,cold,5,1194,14.4551,0.005243
scipy-powell,cold,5,1195,14.4664,0.005243
scipy-powell,cold,5,1196,14.4779,0.005243
scipy-powell,cold,5,1197,14.4897,0.005243
scipy-powell,cold,5,1198,14.5019,0.005243
scipy-powell,cold,5,1199,14.5155,0.005243
scipy-powell,cold,5,1200,14.5281,0.005243
scipy-powell,cold,5,1201,14.5401,0.005243
scipy-powell,cold,5,1202,14.5522,0.005243
scipy-powell,cold,5,1203,14.5643,0.005243
scipy-powell,cold,5,1204,14.5755,0.005243
scipy-powell,cold,5,1205,14.5867,0.005243
scipy-powell,cold,5,1206,14.5986,0.005243
scipy-powell,cold,5,1207,14.6114,0.005243
scipy-powell,cold,5,1208,14.6237,0.005243
scipy-powell,cold,5,1209,14.6361,0.005243
scipy-powell,cold,5,1210,14.6474,0.005243
scipy-powell,cold,5,1211,14.6587,0.005243
scipy-powell,cold,5,1212,14.6708,0.005243
scipy-powell,cold,5,1213,14.6841,0.005243
scipy-powell,cold,5,1214,14.6973,0.005243
scipy-powell,cold,5,1215,14.7109,0.005243
scipy-powell,cold,5,1216,14.7237,0.005243
scipy-powell,cold,5,1217,14.7356,0.005243
scipy-powell,cold,5,1218,14.7474,0.005243
scipy-powell,cold,5,1219,14.7593,0.005243
scipy-powell,cold,5,1220,14.7715,0.005243
scipy-powell,cold,5,1221,14.7833,0.005243
scipy-powell,cold,5,1222,14.7949,0.005243
scipy-powell,cold,5,1223,14.8063,0.005243
scipy-powell,cold,5,1224,14.8179,0.005243
scipy-powell,cold,5,1225,14.8291,0.005243
scipy-powell,cold,5,1226,14.8414,0.005243
scipy-powell,cold,5,1227,14.8555,0.005243
scipy-powell,cold,5,1228,14.8671,0.005243
scipy-powell,cold,5,1231,14.9028,0.005243
scipy-powell,cold,5,1233,14.9268,0.005243
scipy-powell,cold,5,1234,14.9385,0.005243
scipy-powell,cold,5,1235,14.9503,0.005243
scipy-powell,cold,5,1240,15.0085,0.005243
scipy-powell,cold,5,1241,15.0197,0.005243
scipy-powell,cold,5,1247,15.0918,0.005243
scipy-powell,cold,5,1248,15.1040,0.005243
scipy-powell,cold,5,1249,15.1164,0.005243
scipy-powell,cold,5,1250,15.1286,0.005243
scipy-powell,cold,5,1251,15.1401,0.005243
scipy-powell,cold,5,1252,15.1515,0.005243
scipy-powell,cold,5,1253,15.1629,0.005243
scipy-powell,cold,5,1254,15.1742,0.005243
scipy-powell,cold,5,1255,15.1858,0.005243
scipy-powell,cold,5,1256,15.1976,0.005243
scipy-powell,cold,5,1257,15.2092,0.005243
scipy-powell,cold,5,1258,15.2204,0.005243
scipy-powell,cold,5,1259,15.2316,0.005243
scipy-powell,cold,5,1260,15.2430,0.005243
scipy-powell,cold,5,1261,15.2541,0.005243
scipy-powell,cold,5,1262,15.2654,0.005243
scipy-powell,cold,5,1263,15.2768,0.005243
scipy-powell,cold,5,1264,15.2885,0.005243
scipy-powell,cold,5,1265,15.2998,0.005243
scipy-powell,cold,5,1266,15.3111,0.005243
scipy-powell,cold,5,1267,15.3228,0.005243
scipy-powell,cold,5,1268,15.3342,0.005243
scipy-powell,cold,5,1269,15.3461,0.005243
scipy-powell,cold,5,1270,15.3574,0.005243
scipy-powell,cold,5,1271,15.3687,0.005243
scipy-powell,cold,5,1272,15.3797,0.005243
scipy-powell,cold,5,1273,15.3915,0.005243
scipy-powell,cold,5,1274,15.4027,0.005243
scipy-powell,cold,5,1275,15.4143,0.005243
scipy-powell,cold,5,1276,15.4258,0.005243
scipy-powell,cold,5,1277,15.4379,0.005243
scipy-powell,cold,5,1278,15.4494,0.005243
scipy-powell,cold,5,1279,15.4607,0.005243
scipy-powell,cold,5,1280,15.4719,0.005243
scipy-powell,cold,5,1281,15.4833,0.005243
scipy-powell,cold,5,1282,15.4948,0.005243
scipy-powell,cold,5,1283,15.5065,0.005242
scipy-powell,cold,5,1285,15.5297,0.005242
scipy-powell,cold,5,1287,15.5529,0.005242
scipy-powell,cold,5,1289,15.5756,0.005242
scipy-powell,cold,5,1290,15.5869,0.005242
scipy-powell,cold,5,1291,15.5997,0.005242
scipy-powell,cold,5,1292,15.6112,0.005242
scipy-powell,cold,5,1302,15.7268,0.005229
scipy-powell,cold,5,1305,15.7613,0.005227
scipy-powell,cold,5,1307,15.7850,0.005227
scipy-powell,cold,5,1308,15.7970,0.005227
scipy-powell,cold,5,1309,15.8089,0.005227
scipy-powell,cold,5,1310,15.8213,0.005227
scipy-powell,cold,5,1311,15.8331,0.005227
scipy-powell,cold,5,1312,15.8449,0.005227
scipy-powell,cold,5,1331,16.0609,0.005221
scipy-powell,cold,5,1332,16.0721,0.005218
scipy-powell,cold,5,1333,16.0831,0.005217
scipy-powell,cold,5,1334,16.0942,0.005217
scipy-powell,cold,5,1336,16.1166,0.005217
scipy-powell,cold,5,1337,16.1278,0.005217
scipy-powell,cold,5,1338,16.1410,0.005217
scipy-powell,cold,5,1339,16.1521,0.005217
scipy-powell,cold,5,1349,16.2646,0.005217
scipy-powell,cold,5,1350,16.2765,0.005216
scipy-powell,cold,5,1351,16.2877,0.005215
scipy-powell,cold,5,1352,16.3009,0.005215
scipy-powell,cold,5,1353,16.3122,0.005214
scipy-powell,cold,5,1354,16.3234,0.005214
scipy-powell,cold,5,1355,16.3348,0.005214
scipy-powell,cold,5,1356,16.3463,0.005214
scipy-powell,cold,5,1357,16.3577,0.005214
scipy-powell,cold,5,1358,16.3691,0.005214
scipy-powell,cold,5,1359,16.3802,0.005214
scipy-powell,cold,5,1360,16.3916,0.005214
scipy-powell,cold,5,1361,16.4030,0.005214
scipy-powell,cold,5,1362,16.4145,0.005214
scipy-powell,cold,5,1363,16.4258,0.005214
scipy-powell,cold,5,1364,16.4373,0.005214
scipy-powell,cold,5,1365,16.4487,0.005214
scipy-powell,cold,5,1366,16.4601,0.005214
scipy-powell,cold,5,1367,16.4710,0.005214
scipy-powell,cold,5,1368,16.4821,0.005214
scipy-powell,cold,5,1369,16.4937,0.005214
scipy-powell,cold,5,1370,16.5049,0.005214
scipy-powell,cold,5,1371,16.5162,0.005214
scipy-powell,cold,5,1372,16.5274,0.005214
scipy-powell,cold,5,1373,16.5383,0.005214
scipy-powell,cold,5,1374,16.5495,0.005214
scipy-powell,cold,5,1375,16.5610,0.005214
scipy-powell,cold,5,1376,16.5722,0.005214
scipy-powell,cold,5,1377,16.5836,0.005214
scipy-powell,cold,5,1378,16.5952,0.005214
scipy-powell,cold,5,1379,16.6069,0.005214
scipy-powell,cold,5,1380,16.6187,0.005214
scipy-powell,cold,5,1381,16.6303,0.005214
scipy-powell,cold,5,1382,16.6426,0.005214
scipy-powell,cold,5,1383,16.6551,0.005214
scipy-powell,cold,5,1384,16.6670,0.005201
scipy-powell,cold,5,1390,16.7368,0.005201
scipy-powell,cold,5,1391,16.7492,0.005201
scipy-powell,cold,5,1392,16.7613,0.005201
scipy-powell,cold,5,1393,16.7737,0.005201
scipy-powell,cold,5,1394,16.7852,0.005201
scipy-powell,cold,5,1395,16.7969,0.005201
scipy-powell,cold,5,1396,16.8084,0.005201
scipy-powell,cold,5,1405,16.9119,0.005199
scipy-powell,cold,5,1407,16.9355,0.005199
scipy-powell,cold,5,1408,16.9473,0.005199
scipy-powell,cold,5,1409,16.9597,0.005199
scipy-powell,cold,5,1410,16.9714,0.005199
scipy-powell,cold,5,1421,17.1017,0.005199
scipy-powell,cold,5,1422,17.1133,0.005199
scipy-powell,cold,5,1423,17.1244,0.005199
scipy-powell,cold,5,1424,17.1354,0.005199
scipy-powell,cold,5,1425,17.1486,0.005199
scipy-powell,cold,5,1426,17.1611,0.005199
scipy-powell,cold,5,1432,17.2368,0.005196
scipy-powell,cold,5,1433,17.2496,0.005188
scipy-powell,cold,5,1436,17.2843,0.005188
scipy-powell,cold,5,1438,17.3066,0.005188
scipy-powell,cold,5,1439,17.3197,0.005188
scipy-powell,cold,5,1440,17.3324,0.005188
scipy-powell,cold,5,1449,17.4392,0.005181
scipy-powell,cold,5,1453,17.4871,0.005181
scipy-powell,cold,5,1454,17.4992,0.005181
scipy-powell,cold,5,1455,17.5112,0.005181
scipy-powell,cold,5,1457,17.5350,0.005181
scipy-powell,cold,5,1458,17.5471,0.005181
scipy-powell,cold,5,1459,17.5590,0.005181
scipy-powell,cold,5,1464,17.6160,0.005173
scipy-powell,cold,5,1465,17.6271,0.005172
scipy-powell,cold,5,1467,17.6514,0.005167
scipy-powell,cold,5,1468,17.6628,0.005167
scipy-powell,cold,5,1469,17.6740,0.005167
scipy-powell,cold,5,1470,17.6858,0.005167
scipy-powell,cold,5,1471,17.6969,0.005167
scipy-powell,cold,5,1472,17.7095,0.005167
scipy-powell,cold,5,1481,17.8185,0.005165
scipy-powell,cold,5,1484,17.8528,0.005165
scipy-powell,cold,5,1485,17.8649,0.005165
scipy-powell,cold,5,1486,17.8783,0.005165
scipy-powell,cold,5,1487,17.8935,0.005165
scipy-powell,cold,5,1488,17.9072,0.005165
scipy-powell,cold,5,1489,17.9225,0.005165
scipy-powell,cold,5,1495,18.0091,0.005164
scipy-powell,cold,5,1496,18.0281,0.005151
scipy-powell,cold,5,1498,18.0612,0.005151
scipy-powell,cold,5,1499,18.0773,0.005151
scipy-powell,cold,5,1500,18.0916,0.005151
scipy-powell,cold,5,1501,18.1065,0.005151
scipy-powell,cold,5,1507,18.1885,0.005136
scipy-powell,cold,5,1508,18.2043,0.005134
scipy-powell,cold,5,1509,18.2176,0.005128
scipy-powell,cold,5,1510,18.2309,0.005125
scipy-powell,cold,5,1511,18.2455,0.005124
scipy-powell,cold,5,1512,18.2586,0.005123
scipy-powell,cold,5,1513,18.2719,0.005122
scipy-powell,cold,5,1514,18.2856,0.005122
scipy-powell,cold,5,1515,18.2998,0.005122
scipy-powell,cold,5,1516,18.3119,0.005122
scipy-powell,cold,5,1517,18.3236,0.005122
scipy-powell,cold,5,1518,18.3351,0.005122
scipy-powell,cold,5,1519,18.3465,0.005122
scipy-powell,cold,5,1520,18.3579,0.005122
scipy-powell,cold,5,1521,18.3692,0.005122
scipy-powell,cold,5,1522,18.3806,0.005122
scipy-powell,cold,5,1523,18.3917,0.005122
scipy-powell,cold,5,1524,18.4032,0.005122
scipy-powell,cold,5,1525,18.4146,0.005122
scipy-powell,cold,5,1526,18.4261,0.005122
scipy-powell,cold,5,1527,18.4371,0.005122
scipy-powell,cold,5,1528,18.4486,0.005122
scipy-powell,cold,5,1529,18.4609,0.005122
scipy-powell,cold,5,1530,18.4730,0.005122
scipy-powell,cold,5,1531,18.4852,0.005122
scipy-powell,cold,5,1532,18.4972,0.005122
scipy-powell,cold,5,1533,18.5103,0.005122
scipy-powell,cold,5,1534,18.5239,0.005122
scipy-powell,cold,5,1535,18.5368,0.005122
scipy-powell,cold,5,1536,18.5496,0.005122
scipy-powell,cold,5,1537,18.5620,0.005122
scipy-powell,cold,5,1538,18.5743,0.005122
scipy-powell,cold,5,1539,18.5869,0.005122
scipy-powell,cold,5,1540,18.5991,0.005122
scipy-powell,cold,5,1541,18.6112,0.005122
scipy-powell,cold,5,1542,18.6244,0.005122
scipy-powell,cold,5,1545,18.6632,0.005122
scipy-powell,cold,5,1546,18.6756,0.005121
scipy-powell,cold,5,1547,18.6889,0.005121
scipy-powell,cold,5,1548,18.7021,0.005121
scipy-powell,cold,5,1549,18.7157,0.005121
scipy-powell,cold,5,1550,18.7284,0.005121
scipy-powell,cold,5,1551,18.7401,0.005121
scipy-powell,cold,5,1552,18.7519,0.005121
scipy-powell,cold,5,1553,18.7641,0.005121
scipy-powell,cold,5,1554,18.7770,0.005121
scipy-powell,cold,5,1555,18.7908,0.005121
scipy-powell,cold,5,1556,18.8032,0.005121
scipy-powell,cold,5,1557,18.8160,0.005121
scipy-powell,cold,5,1558,18.8285,0.005121
scipy-powell,cold,5,1559,18.8407,0.005121
scipy-powell,cold,5,1560,18.8528,0.005121
scipy-powell,cold,5,1561,18.8643,0.005121
scipy-powell,cold,5,1562,18.8760,0.005121
scipy-powell,cold,5,1563,18.8879,0.005121
scipy-powell,cold,5,1564,18.9006,0.005121
scipy-powell,cold,5,1565,18.9122,0.005121
scipy-powell,cold,5,1566,18.9244,0.005121
scipy-powell,cold,5,1567,18.9359,0.005121
scipy-powell,cold,5,1568,18.9474,0.005121
scipy-powell,cold,5,1569,18.9594,0.005121
scipy-powell,cold,5,1570,18.9711,0.005121
scipy-powell,cold,5,1571,18.9829,0.005121
scipy-powell,cold,5,1572,18.9965,0.005121
scipy-powell,cold,5,1573,19.0095,0.005121
scipy-powell,cold,5,1574,19.0212,0.005121
scipy-powell,cold,5,1575,19.0325,0.005121
scipy-powell,cold,5,1576,19.0438,0.005121
scipy-powell,cold,5,1577,19.0554,0.005121
scipy-powell,cold,5,1578,19.0671,0.005121
scipy-powell,cold,5,1579,19.0787,0.005121
scipy-powell,cold,5,1580,19.0936,0.005121
scipy-powell,cold,5,1583,19.1285,0.005121
scipy-powell,cold,5,1584,19.1401,0.005121
scipy-powell,cold,5,1586,19.1638,0.005121
scipy-powell,cold,5,1587,19.1754,0.005121
scipy-powell,cold,5,1588,19.1866,0.005121
scipy-powell,cold,5,1589,19.2005,0.005121
scipy-powell,cold,5,1590,19.2129,0.005121
scipy-powell,cold,5,1591,19.2248,0.005121
scipy-powell,cold,5,1592,19.2376,0.005121
scipy-powell,cold,5,1593,19.2499,0.005121
scipy-powell,cold,5,1594,19.2630,0.005121
scipy-powell,cold,5,1596,19.2912,0.005121
scipy-powell,cold,5,1597,19.3048,0.005121
scipy-powell,cold,5,1598,19.3175,0.005121
scipy-powell,cold,5,1599,19.3320,0.005121
scipy-powell,cold,5,1600,19.3477,0.005121
scipy-powell,cold,5,1601,19.3635,0.005121
scipy-powell,cold,5,1602,19.3788,0.005121
scipy-powell,cold,5,1603,19.3945,0.005121
scipy-powell,cold,5,1604,19.4102,0.005121
scipy-powell,cold,5,1605,19.4262,0.005121
scipy-powell,cold,5,1606,19.4420,0.005121
scipy-powell,cold,5,1607,19.4577,0.005121
scipy-powell,cold,5,1608,19.4729,0.005121
scipy-powell,cold,5,1609,19.4883,0.005121
scipy-powell,cold,5,1610,19.5038,0.005121
scipy-powell,cold,5,1611,19.5190,0.005121
scipy-powell,cold,5,1612,19.5342,0.005121
scipy-powell,cold,5,1613,19.5468,0.005121
scipy-powell,cold,5,1614,19.5612,0.005121
scipy-powell,cold,5,1615,19.5766,0.005121
scipy-powell,cold,5,1616,19.5910,0.005121
scipy-powell,cold,5,1617,19.6033,0.005121
scipy-powell,cold,5,1618,19.6155,0.005121
scipy-powell,cold,5,1620,19.6400,0.005120
scipy-powell,cold,5,1621,19.6522,0.005120
scipy-powell,cold,5,1622,19.6644,0.005120
scipy-powell,cold,5,1623,19.6766,0.005119
scipy-powell,cold,5,1624,19.6887,0.005119
scipy-powell,cold,5,1625,19.7005,0.005119
scipy-powell,cold,5,1626,19.7126,0.005119
scipy-powell,cold,5,1627,19.7245,0.005119
scipy-powell,cold,5,1628,19.7355,0.005119
scipy-powell,cold,5,1629,19.7465,0.005119
scipy-powell,cold,5,1630,19.7575,0.005119
scipy-powell,cold,5,1631,19.7684,0.005119
scipy-powell,cold,5,1632,19.7793,0.005119
scipy-powell,cold,5,1633,19.7906,0.005119
scipy-powell,cold,5,1634,19.8015,0.005119
scipy-powell,cold,5,1635,19.8125,0.005119
scipy-powell,cold,5,1636,19.8234,0.005119
scipy-powell,cold,5,1637,19.8343,0.005119
scipy-powell,cold,5,1638,19.8454,0.005119
scipy-powell,cold,5,1639,19.8563,0.005119
scipy-powell,cold,5,1640,19.8673,0.005119
scipy-powell,cold,5,1641,19.8783,0.005119
scipy-powell,cold,5,1642,19.8896,0.005119
scipy-powell,cold,5,1643,19.9007,0.005119
scipy-powell,cold,5,1644,19.9116,0.005119
scipy-powell,cold,5,1645,19.9226,0.005119
scipy-powell,cold,5,1646,19.9337,0.005119
scipy-powell,cold,5,1647,19.9445,0.005119
scipy-powell,cold,5,1648,19.9555,0.005119
scipy-powell,cold,5,1649,19.9665,0.005119
scipy-powell,cold,5,1650,19.9774,0.005119
scipy-powell,cold,5,1651,19.9884,0.005119
scipy-powell,cold,5,1652,20.0000,0.005119
scipy-powell,cold,5,1653,20.0110,0.005119
scipy-powell,cold,5,1654,20.0219,0.005116
scipy-powell,cold,5,1656,20.0438,0.005115
scipy-powell,cold,5,1657,20.0557,0.005115
scipy-powell,cold,5,1659,20.0793,0.005115
scipy-powell,cold,5,1660,20.0903,0.005115
scipy-powell,cold,5,1661,20.1014,0.005115
scipy-powell,cold,5,1662,20.1125,0.005115
scipy-powell,cold,5,1663,20.1236,0.005115
scipy-powell,cold,5,1664,20.1345,0.005115
scipy-powell,cold,5,1665,20.1455,0.005115
scipy-powell,cold,5,1666,20.1568,0.005115
scipy-powell,cold,5,1667,20.1678,0.005115
scipy-powell,cold,5,1668,20.1790,0.005115
scipy-powell,cold,5,1669,20.1902,0.005115
scipy-powell,cold,5,1670,20.2015,0.005115
scipy-powell,cold,5,1671,20.2127,0.005115
scipy-powell,cold,5,1672,20.2238,0.005115
scipy-powell,cold,5,1673,20.2350,0.005115
scipy-powell,cold,5,1674,20.2460,0.005115
scipy-powell,cold,5,1675,20.2571,0.005115
scipy-powell,cold,5,1676,20.2682,0.005115
scipy-powell,cold,5,1677,20.2794,0.005115
scipy-powell,cold,5,1678,20.2904,0.005115
scipy-powell,cold,5,1679,20.3016,0.005115
scipy-powell,cold,5,1680,20.3125,0.005115
scipy-powell,cold,5,1681,20.3234,0.005115
scipy-powell,cold,5,1682,20.3345,0.005115
scipy-powell,cold,5,1683,20.3455,0.005115
scipy-powell,cold,5,1684,20.3564,0.005115
scipy-powell,cold,5,1685,20.3673,0.005115
scipy-powell,cold,5,1686,20.3795,0.005115
scipy-powell,cold,5,1687,20.3914,0.005115
scipy-powell,cold,5,1688,20.4030,0.005115
scipy-powell,cold,5,1689,20.4139,0.005115
scipy-powell,cold,5,1690,20.4249,0.005114
scipy-powell,cold,5,1691,20.4360,0.005111
scipy-powell,cold,5,1692,20.4469,0.005109
scipy-powell,cold,5,1693,20.4578,0.005108
scipy-powell,cold,5,1694,20.4688,0.005107
scipy-powell,cold,5,1695,20.4797,0.005106
scipy-powell,cold,5,1696,20.4907,0.005106
scipy-powell,cold,5,1697,20.5017,0.005106
scipy-powell,cold,5,1698,20.5126,0.005105
scipy-powell,cold,5,1699,20.5234,0.005105
scipy-powell,cold,5,1700,20.5344,0.005105
scipy-powell,cold,5,1701,20.5452,0.005105
scipy-powell,cold,5,1702,20.5562,0.005105
scipy-powell,cold,5,1703,20.5674,0.005105
scipy-powell,cold,5,1704,20.5791,0.005105
scipy-powell,cold,5,1705,20.5910,0.005105
scipy-powell,cold,5,1706,20.6029,0.005105
scipy-powell,cold,5,1707,20.6140,0.005105
scipy-powell,cold,5,1708,20.6246,0.005105
scipy-powell,cold,5,1709,20.6355,0.005105
scipy-powell,cold,5,1710,20.6465,0.005105
scipy-powell,cold,5,1711,20.6576,0.005105
scipy-powell,cold,5,1712,20.6683,0.005105
scipy-powell,cold,5,1713,20.6792,0.005105
scipy-powell,cold,5,1714,20.6901,0.005105
scipy-powell,cold,5,1715,20.7012,0.005105
scipy-powell,cold,5,1716,20.7129,0.005105
scipy-powell,cold,5,1717,20.7248,0.005105
scipy-powell,cold,5,1718,20.7360,0.005105
scipy-powell,cold,5,1719,20.7469,0.005105
scipy-powell,cold,5,1720,20.7582,0.005105
scipy-powell,cold,5,1721,20.7702,0.005105
scipy-powell,cold,5,1722,20.7820,0.005105
scipy-powell,cold,5,1723,20.7954,0.005105
scipy-powell,cold,5,1724,20.8075,0.005105
scipy-powell,cold,5,1725,20.8198,0.005105
scipy-powell,cold,5,1726,20.8322,0.005102
scipy-powell,cold,5,1729,20.8696,0.005101
scipy-powell,cold,5,1730,20.8806,0.005101
scipy-powell,cold,5,1731,20.8916,0.005101
scipy-powell,cold,5,1732,20.9032,0.005101
scipy-powell,cold,5,1733,20.9151,0.005101
scipy-powell,cold,5,1734,20.9268,0.005101
scipy-powell,cold,5,1735,20.9382,0.005101
scipy-powell,cold,5,1739,20.9831,0.005101
scipy-powell,cold,5,1742,21.0174,0.005101
scipy-powell,cold,5,1745,21.0505,0.005101
scipy-powell,cold,5,1746,21.0616,0.005101
scipy-powell,cold,5,1747,21.0728,0.005101
scipy-powell,cold,5,1748,21.0842,0.005101
scipy-powell,cold,5,1749,21.0956,0.005101
scipy-powell,cold,5,1753,21.1400,0.005101
scipy-powell,cold,5,1754,21.1511,0.005101
scipy-powell,cold,5,1758,21.1960,0.005100
scipy-powell,cold,5,1762,21.2417,0.005100
scipy-powell,cold,5,1763,21.2530,0.005100
scipy-powell,cold,5,1765,21.2760,0.005100
scipy-powell,cold,5,1767,21.3014,0.005100
scipy-powell,cold,5,1768,21.3142,0.005100
scipy-powell,cold,5,1769,21.3263,0.005100
scipy-powell,cold,5,1773,21.3725,0.005097
scipy-powell,cold,5,1776,21.4091,0.005097
scipy-powell,cold,5,1777,21.4209,0.005097
scipy-powell,cold,5,1778,21.4326,0.005097
scipy-powell,cold,5,1779,21.4444,0.005097
scipy-powell,cold,5,1780,21.4563,0.005097
scipy-powell,cold,5,1784,21.5026,0.005097
scipy-powell,cold,5,1786,21.5249,0.005073
scipy-powell,cold,5,1787,21.5362,0.005049
scipy-powell,cold,5,1789,21.5592,0.005041
scipy-powell,cold,5,1790,21.5707,0.005037
scipy-powell,cold,5,1791,21.5826,0.005035
scipy-powell,cold,5,1792,21.5940,0.005034
scipy-powell,cold,5,1793,21.6051,0.005034
scipy-powell,cold,5,1794,21.6171,0.005033
scipy-powell,cold,5,1795,21.6284,0.005033
scipy-powell,cold,5,1796,21.6401,0.005033
scipy-powell,cold,5,1797,21.6527,0.005033
scipy-powell,cold,5,1798,21.6646,0.005033
scipy-powell,cold,5,1799,21.6761,0.005033
scipy-powell,cold,5,1800,21.6871,0.005033
scipy-powell,cold,5,1801,21.6986,0.005033
scipy-powell,cold,5,1802,21.7097,0.005033
scipy-powell,cold,5,1803,21.7210,0.005033
scipy-powell,cold,5,1804,21.7319,0.005033
scipy-powell,cold,5,1805,21.7429,0.005033
scipy-powell,cold,5,1806,21.7538,0.005033
scipy-powell,cold,5,1807,21.7650,0.005033
scipy-powell,cold,5,1808,21.7760,0.005033
scipy-powell,cold,5,1809,21.7868,0.005033
scipy-powell,cold,5,1810,21.7983,0.005033
scipy-powell,cold,5,1811,21.8101,0.005033
scipy-powell,cold,5,1812,21.8213,0.005033
scipy-powell,cold,5,1813,21.8324,0.005033
scipy-powell,cold,5,1814,21.8436,0.005033
scipy-powell,cold,5,1815,21.8545,0.005033
scipy-powell,cold,5,1816,21.8679,0.005033
scipy-powell,cold,5,1817,21.8796,0.005033
scipy-powell,cold,5,1818,21.8905,0.005033
scipy-powell,cold,5,1819,21.9014,0.005033
scipy-powell,cold,5,1820,21.9123,0.005033
scipy-powell,cold,5,1821,21.9237,0.005033
scipy-powell,cold,5,1822,21.9347,0.005033
scipy-powell,cold,5,1826,21.9785,0.005033
scipy-powell,cold,5,1827,21.9892,0.005033
scipy-powell,cold,5,1828,22.0008,0.005032
scipy-powell,cold,5,1829,22.0114,0.005032
scipy-powell,cold,5,1830,22.0225,0.005032
scipy-powell,cold,5,1831,22.0333,0.005032
scipy-powell,cold,5,1832,22.0439,0.005032
scipy-powell,cold,5,1833,22.0548,0.005032
scipy-powell,cold,5,1834,22.0657,0.005032
scipy-powell,cold,5,1835,22.0765,0.005032
scipy-powell,cold,5,1836,22.0871,0.005032
scipy-powell,cold,5,1837,22.0978,0.005032
scipy-powell,cold,5,1838,22.1086,0.005032
scipy-powell,cold,5,1839,22.1197,0.005032
scipy-powell,cold,5,1840,22.1307,0.005032
scipy-powell,cold,5,1841,22.1415,0.005032
scipy-powell,cold,5,1842,22.1524,0.005032
scipy-powell,cold,5,1843,22.1634,0.005032
scipy-powell,cold,5,1844,22.1742,0.005032
scipy-powell,cold,5,1845,22.1850,0.005032
scipy-powell,cold,5,1846,22.1960,0.005032
scipy-powell,cold,5,1847,22.2073,0.005032
scipy-powell,cold,5,1848,22.2184,0.005032
scipy-powell,cold,5,1849,22.2297,0.005032
scipy-powell,cold,5,1850,22.2407,0.005032
scipy-powell,cold,5,1851,22.2516,0.005032
scipy-powell,cold,5,1852,22.2626,0.005032
scipy-powell,cold,5,1853,22.2734,0.005032
scipy-powell,cold,5,1854,22.2847,0.005032
scipy-powell,cold,5,1855,22.2961,0.005032
scipy-powell,cold,5,1856,22.3070,0.005032
scipy-powell,cold,5,1857,22.3180,0.005032
scipy-powell,cold,5,1858,22.3291,0.005032
scipy-powell,cold,5,1859,22.3398,0.005032
scipy-powell,cold,5,1861,22.3616,0.005032
scipy-powell,cold,5,1864,22.3942,0.005032
scipy-powell,cold,5,1865,22.4050,0.005032
scipy-powell,cold,5,1867,22.4264,0.005032
scipy-powell,cold,5,1868,22.4369,0.005032
scipy-powell,cold,5,1870,22.4582,0.005032
scipy-powell,cold,5,1873,22.4937,0.005032
scipy-powell,cold,5,1879,22.5671,0.005027
scipy-powell,cold,5,1881,22.5896,0.005027
scipy-powell,cold,5,1882,22.6009,0.005027
scipy-powell,cold,5,1883,22.6135,0.005027
scipy-powell,cold,5,1884,22.6258,0.005027
scipy-powell,cold,5,1885,22.6384,0.005027
scipy-powell,cold,5,1895,22.7532,0.005024
scipy-powell,cold,5,1898,22.7859,0.005024
scipy-powell,cold,5,1900,22.8085,0.005024
scipy-powell,cold,5,1901,22.8201,0.005024
scipy-powell,cold,5,1902,22.8329,0.005024
scipy-powell,cold,5,1903,22.8445,0.005024
scipy-powell,cold,5,1904,22.8554,0.005024
scipy-powell,cold,5,1905,22.8676,0.005024
scipy-powell,cold,5,1906,22.8794,0.005024
scipy-powell,cold,5,1908,22.9030,0.005024
scipy-powell,cold,5,1912,22.9476,0.005023
scipy-powell,cold,5,1913,22.9584,0.005020
scipy-powell,cold,5,1914,22.9692,0.005018
scipy-powell,cold,5,1915,22.9799,0.005016
scipy-powell,cold,5,1916,22.9908,0.005016
scipy-powell,cold,5,1917,23.0025,0.005015
scipy-powell,cold,5,1918,23.0135,0.005015
scipy-powell,cold,5,1919,23.0242,0.005015
scipy-powell,cold,5,1920,23.0353,0.005015
scipy-powell,cold,5,1921,23.0459,0.005014
scipy-powell,cold,5,1922,23.0578,0.005014
scipy-powell,cold,5,1923,23.0691,0.005014
scipy-powell,cold,5,1924,23.0801,0.005014
scipy-powell,cold,5,1925,23.0915,0.005014
scipy-powell,cold,5,1926,23.1028,0.005014
scipy-powell,cold,5,1927,23.1145,0.005014
scipy-powell,cold,5,1928,23.1259,0.005014
scipy-powell,cold,5,1929,23.1374,0.005014
scipy-powell,cold,5,1930,23.1485,0.005014
scipy-powell,cold,5,1931,23.1604,0.005014
scipy-powell,cold,5,1932,23.1727,0.005014
scipy-powell,cold,5,1933,23.1838,0.005014
scipy-powell,cold,5,1934,23.1960,0.005014
scipy-powell,cold,5,1935,23.2070,0.005014
scipy-powell,cold,5,1936,23.2179,0.005014
scipy-powell,cold,5,1937,23.2292,0.005014
scipy-powell,cold,5,1938,23.2402,0.005014
scipy-powell,cold,5,1939,23.2512,0.005014
scipy-powell,cold,5,1940,23.2624,0.005014
scipy-powell,cold,5,1941,23.2735,0.005014
scipy-powell,cold,5,1942,23.2850,0.005014
scipy-powell,cold,5,1943,23.2978,0.005014
scipy-powell,cold,5,1944,23.3088,0.005014
scipy-powell,cold,5,1945,23.3199,0.005014
scipy-powell,cold,5,1946,23.3309,0.005014
scipy-powell,cold,5,1947,23.3429,0.005014
scipy-powell,cold,5,1948,23.3550,0.005008
scipy-powell,cold,5,1949,23.3666,0.005006
scipy-powell,cold,5,1951,23.3894,0.005005
scipy-powell,cold,5,1952,23.4021,0.005005
scipy-powell,cold,5,1953,23.4134,0.005005
scipy-powell,cold,5,1954,23.4250,0.005005
scipy-powell,cold,5,1955,23.4364,0.005005
scipy-powell,cold,5,1956,23.4482,0.005005
scipy-powell,cold,5,1957,23.4603,0.005005
scipy-powell,cold,5,1964,23.5390,0.005005
scipy-powell,cold,5,1965,23.5502,0.005005
scipy-powell,cold,5,1966,23.5616,0.005005
scipy-powell,cold,5,1967,23.5738,0.005005
scipy-powell,cold,5,1968,23.5859,0.005005
scipy-powell,cold,5,1980,23.7301,0.005005
scipy-powell,cold,5,1985,23.7896,0.005005
scipy-powell,cold,5,1987,23.8141,0.005005
scipy-powell,cold,5,1988,23.8256,0.005005
scipy-powell,cold,5,1990,23.8488,0.005005
scipy-powell,cold,5,1992,23.8721,0.005005
scipy-powell,cold,5,1993,23.8835,0.005005
scipy-powell,cold,5,1994,23.8952,0.005005
scipy-powell,cold,5,1995,23.9067,0.005005
scipy-powell,cold,5,1996,23.9195,0.005005
scipy-powell,cold,5,1998,23.9423,0.005005
scipy-powell,cold,6,0,0.0000,0.005952
scipy-powell,cold,6,5,0.0713,0.005952
scipy-powell,cold,6,6,0.0828,0.005952
scipy-powell,cold,6,7,0.0942,0.005952
scipy-powell,cold,6,8,0.1057,0.005952
scipy-powell,cold,6,9,0.1179,0.005952
scipy-powell,cold,6,10,0.1303,0.005952
scipy-powell,cold,6,24,0.3045,0.005952
scipy-powell,cold,6,30,0.3742,0.005951
scipy-powell,cold,6,32,0.3987,0.005951
scipy-powell,cold,6,33,0.4105,0.005951
scipy-powell,cold,6,34,0.4223,0.005951
scipy-powell,cold,6,38,0.4692,0.005951
scipy-powell,cold,6,39,0.4801,0.005951
scipy-powell,cold,6,40,0.4916,0.005951
scipy-powell,cold,6,41,0.5029,0.005951
scipy-powell,cold,6,42,0.5143,0.005951
scipy-powell,cold,6,48,0.5832,0.005950
scipy-powell,cold,6,50,0.6063,0.005950
scipy-powell,cold,6,51,0.6178,0.005950
scipy-powell,cold,6,53,0.6408,0.005950
scipy-powell,cold,6,61,0.7337,0.005950
scipy-powell,cold,6,66,0.7908,0.005950
scipy-powell,cold,6,69,0.8251,0.005950
scipy-powell,cold,6,70,0.8364,0.005950
scipy-powell,cold,6,72,0.8618,0.005950
scipy-powell,cold,6,73,0.8742,0.005950
scipy-powell,cold,6,74,0.8862,0.005950
scipy-powell,cold,6,77,0.9221,0.005950
scipy-powell,cold,6,78,0.9335,0.005950
scipy-powell,cold,6,85,1.0148,0.005945
scipy-powell,cold,6,86,1.0266,0.005930
scipy-powell,cold,6,87,1.0387,0.005917
scipy-powell,cold,6,88,1.0524,0.005909
scipy-powell,cold,6,89,1.0653,0.005903
scipy-powell,cold,6,90,1.0770,0.005900
scipy-powell,cold,6,91,1.0888,0.005898
scipy-powell,cold,6,92,1.1012,0.005897
scipy-powell,cold,6,93,1.1133,0.005896
scipy-powell,cold,6,94,1.1250,0.005895
scipy-powell,cold,6,95,1.1362,0.005895
scipy-powell,cold,6,96,1.1481,0.005895
scipy-powell,cold,6,97,1.1594,0.005895
scipy-powell,cold,6,98,1.1710,0.005895
scipy-powell,cold,6,99,1.1823,0.005895
scipy-powell,cold,6,100,1.1935,0.005895
scipy-powell,cold,6,101,1.2048,0.005895
scipy-powell,cold,6,102,1.2161,0.005895
scipy-powell,cold,6,103,1.2275,0.005895
scipy-powell,cold,6,104,1.2388,0.005895
scipy-powell,cold,6,105,1.2502,0.005895
scipy-powell,cold,6,106,1.2620,0.005895
scipy-powell,cold,6,107,1.2735,0.005895
scipy-powell,cold,6,108,1.2865,0.005895
scipy-powell,cold,6,109,1.2979,0.005895
scipy-powell,cold,6,110,1.3093,0.005895
scipy-powell,cold,6,111,1.3207,0.005895
scipy-powell,cold,6,112,1.3322,0.005895
scipy-powell,cold,6,113,1.3433,0.005895
scipy-powell,cold,6,114,1.3549,0.005895
scipy-powell,cold,6,115,1.3664,0.005895
scipy-powell,cold,6,116,1.3783,0.005895
scipy-powell,cold,6,117,1.3916,0.005895
scipy-powell,cold,6,118,1.4040,0.005895
scipy-powell,cold,6,119,1.4158,0.005895
scipy-powell,cold,6,120,1.4275,0.005895
scipy-powell,cold,6,121,1.4392,0.005857
scipy-powell,cold,6,123,1.4633,0.005845
scipy-powell,cold,6,125,1.4876,0.005845
scipy-powell,cold,6,127,1.5123,0.005845
scipy-powell,cold,6,129,1.5358,0.005845
scipy-powell,cold,6,130,1.5471,0.005845
scipy-powell,cold,6,131,1.5592,0.005845
scipy-powell,cold,6,132,1.5707,0.005845
scipy-powell,cold,6,133,1.5821,0.005845
scipy-powell,cold,6,134,1.5936,0.005845
scipy-powell,cold,6,135,1.6052,0.005845
scipy-powell,cold,6,141,1.6742,0.005832
scipy-powell,cold,6,142,1.6865,0.005791
scipy-powell,cold,6,143,1.6981,0.005777
scipy-powell,cold,6,144,1.7101,0.005767
scipy-powell,cold,6,147,1.7463,0.005767
scipy-powell,cold,6,148,1.7578,0.005766
scipy-powell,cold,6,149,1.7695,0.005766
scipy-powell,cold,6,150,1.7810,0.005766
scipy-powell,cold,6,151,1.7926,0.005766
scipy-powell,cold,6,152,1.8040,0.005766
scipy-powell,cold,6,153,1.8153,0.005766
scipy-powell,cold,6,154,1.8268,0.005766
scipy-powell,cold,6,155,1.8383,0.005766
scipy-powell,cold,6,156,1.8501,0.005766
scipy-powell,cold,6,157,1.8624,0.005766
scipy-powell,cold,6,158,1.8743,0.005766
scipy-powell,cold,6,159,1.8860,0.005766
scipy-powell,cold,6,160,1.8977,0.005766
scipy-powell,cold,6,161,1.9092,0.005766
scipy-powell,cold,6,162,1.9204,0.005766
scipy-powell,cold,6,163,1.9321,0.005766
scipy-powell,cold,6,164,1.9435,0.005766
scipy-powell,cold,6,165,1.9557,0.005766
scipy-powell,cold,6,166,1.9673,0.005766
scipy-powell,cold,6,167,1.9787,0.005766
scipy-powell,cold,6,168,1.9907,0.005766
scipy-powell,cold,6,169,2.0031,0.005766
scipy-powell,cold,6,170,2.0149,0.005766
scipy-powell,cold,6,171,2.0265,0.005766
scipy-powell,cold,6,172,2.0377,0.005766
scipy-powell,cold,6,173,2.0496,0.005766
scipy-powell,cold,6,174,2.0622,0.005766
scipy-powell,cold,6,175,2.0737,0.005766
scipy-powell,cold,6,176,2.0849,0.005766
scipy-powell,cold,6,179,2.1196,0.005761
scipy-powell,cold,6,180,2.1309,0.005761
scipy-powell,cold,6,182,2.1538,0.005761
scipy-powell,cold,6,183,2.1652,0.005761
scipy-powell,cold,6,184,2.1766,0.005761
scipy-powell,cold,6,186,2.1995,0.005761
scipy-powell,cold,6,187,2.2112,0.005761
scipy-powell,cold,6,188,2.2235,0.005761
scipy-powell,cold,6,189,2.2369,0.005761
scipy-powell,cold,6,195,2.3099,0.005761
scipy-powell,cold,6,199,2.3601,0.005758
scipy-powell,cold,6,200,2.3715,0.005753
scipy-powell,cold,6,202,2.3959,0.005752
scipy-powell,cold,6,203,2.4073,0.005752
scipy-powell,cold,6,204,2.4192,0.005752
scipy-powell,cold,6,205,2.4304,0.005752
scipy-powell,cold,6,206,2.4418,0.005752
scipy-powell,cold,6,207,2.4532,0.005752
scipy-powell,cold,6,209,2.4758,0.005752
scipy-powell,cold,6,213,2.5216,0.005752
scipy-powell,cold,6,214,2.5331,0.005752
scipy-powell,cold,6,215,2.5443,0.005752
scipy-powell,cold,6,221,2.6123,0.005752
scipy-powell,cold,6,224,2.6480,0.005752
scipy-powell,cold,6,225,2.6596,0.005752
scipy-powell,cold,6,226,2.6712,0.005752
scipy-powell,cold,6,227,2.6824,0.005752
scipy-powell,cold,6,229,2.7056,0.005752
scipy-powell,cold,6,230,2.7179,0.005752
scipy-powell,cold,6,231,2.7306,0.005752
scipy-powell,cold,6,232,2.7418,0.005752
scipy-powell,cold,6,242,2.8560,0.005748
scipy-powell,cold,6,243,2.8672,0.005743
scipy-powell,cold,6,244,2.8785,0.005739
scipy-powell,cold,6,245,2.8902,0.005736
scipy-powell,cold,6,246,2.9027,0.005734
scipy-powell,cold,6,247,2.9151,0.005733
scipy-powell,cold,6,248,2.9274,0.005732
scipy-powell,cold,6,249,2.9392,0.005731
scipy-powell,cold,6,250,2.9507,0.005731
scipy-powell,cold,6,251,2.9621,0.005731
scipy-powell,cold,6,252,2.9735,0.005731
scipy-powell,cold,6,253,2.9863,0.005731
scipy-powell,cold,6,254,2.9999,0.005731
scipy-powell,cold,6,255,3.0129,0.005731
scipy-powell,cold,6,256,3.0254,0.005731
scipy-powell,cold,6,257,3.0381,0.005731
scipy-powell,cold,6,258,3.0507,0.005730
scipy-powell,cold,6,259,3.0621,0.005730
scipy-powell,cold,6,260,3.0735,0.005730
scipy-powell,cold,6,261,3.0854,0.005730
scipy-powell,cold,6,262,3.0976,0.005730
scipy-powell,cold,6,263,3.1100,0.005730
scipy-powell,cold,6,264,3.1216,0.005730
scipy-powell,cold,6,265,3.1338,0.005730
scipy-powell,cold,6,266,3.1455,0.005730
scipy-powell,cold,6,267,3.1571,0.005730
scipy-powell,cold,6,268,3.1686,0.005730
scipy-powell,cold,6,269,3.1800,0.005730
scipy-powell,cold,6,270,3.1914,0.005730
scipy-powell,cold,6,271,3.2026,0.005730
scipy-powell,cold,6,272,3.2140,0.005730
scipy-powell,cold,6,273,3.2254,0.005730
scipy-powell,cold,6,274,3.2368,0.005730
scipy-powell,cold,6,275,3.2482,0.005730
scipy-powell,cold,6,276,3.2595,0.005730
scipy-powell,cold,6,277,3.2709,0.005730
scipy-powell,cold,6,278,3.2824,0.005684
scipy-powell,cold,6,280,3.3052,0.005675
scipy-powell,cold,6,282,3.3279,0.005675
scipy-powell,cold,6,283,3.3395,0.005675
scipy-powell,cold,6,284,3.3513,0.005675
scipy-powell,cold,6,285,3.3629,0.005675
scipy-powell,cold,6,286,3.3743,0.005675
scipy-powell,cold,6,287,3.3860,0.005675
scipy-powell,cold,6,289,3.4095,0.005675
scipy-powell,cold,6,290,3.4210,0.005675
scipy-powell,cold,6,293,3.4567,0.005607
scipy-powell,cold,6,294,3.4689,0.005563
scipy-powell,cold,6,295,3.4808,0.005554
scipy-powell,cold,6,296,3.4921,0.005551
scipy-powell,cold,6,297,3.5034,0.005551
scipy-powell,cold,6,298,3.5148,0.005550
scipy-powell,cold,6,299,3.5268,0.005550
scipy-powell,cold,6,300,3.5390,0.005550
scipy-powell,cold,6,301,3.5512,0.005550
scipy-powell,cold,6,302,3.5625,0.005550
scipy-powell,cold,6,303,3.5743,0.005550
scipy-powell,cold,6,304,3.5866,0.005550
scipy-powell,cold,6,313,3.6935,0.005550
scipy-powell,cold,6,314,3.7048,0.005550
scipy-powell,cold,6,316,3.7296,0.005550
scipy-powell,cold,6,317,3.7414,0.005550
scipy-powell,cold,6,318,3.7538,0.005550
scipy-powell,cold,6,319,3.7652,0.005550
scipy-powell,cold,6,320,3.7769,0.005550
scipy-powell,cold,6,321,3.7883,0.005550
scipy-powell,cold,6,327,3.8570,0.005531
scipy-powell,cold,6,332,3.9142,0.005530
scipy-powell,cold,6,333,3.9254,0.005530
scipy-powell,cold,6,334,3.9366,0.005530
scipy-powell,cold,6,335,3.9482,0.005530
scipy-powell,cold,6,336,3.9595,0.005530
scipy-powell,cold,6,337,3.9718,0.005530
scipy-powell,cold,6,338,3.9834,0.005530
scipy-powell,cold,6,341,4.0257,0.005530
scipy-powell,cold,6,348,4.2170,0.005529
scipy-powell,cold,6,350,4.2421,0.005528
scipy-powell,cold,6,352,4.2672,0.005528
scipy-powell,cold,6,354,4.2929,0.005528
scipy-powell,cold,6,355,4.3053,0.005528
scipy-powell,cold,6,356,4.3180,0.005528
scipy-powell,cold,6,357,4.3305,0.005528
scipy-powell,cold,6,360,4.3687,0.005528
scipy-powell,cold,6,364,4.4219,0.005528
scipy-powell,cold,6,365,4.4363,0.005528
scipy-powell,cold,6,366,4.4499,0.005527
scipy-powell,cold,6,367,4.4636,0.005526
scipy-powell,cold,6,368,4.4761,0.005526
scipy-powell,cold,6,369,4.4894,0.005526
scipy-powell,cold,6,370,4.5021,0.005526
scipy-powell,cold,6,371,4.5141,0.005526
scipy-powell,cold,6,372,4.5259,0.005526
scipy-powell,cold,6,373,4.5375,0.005526
scipy-powell,cold,6,374,4.5492,0.005526
scipy-powell,cold,6,375,4.5613,0.005526
scipy-powell,cold,6,376,4.5736,0.005526
scipy-powell,cold,6,377,4.5880,0.005526
scipy-powell,cold,6,378,4.5998,0.005526
scipy-powell,cold,6,379,4.6118,0.005526
scipy-powell,cold,6,380,4.6237,0.005526
scipy-powell,cold,6,381,4.6352,0.005526
scipy-powell,cold,6,382,4.6467,0.005526
scipy-powell,cold,6,383,4.6584,0.005526
scipy-powell,cold,6,384,4.6702,0.005526
scipy-powell,cold,6,385,4.6827,0.005526
scipy-powell,cold,6,386,4.6944,0.005526
scipy-powell,cold,6,387,4.7065,0.005526
scipy-powell,cold,6,388,4.7186,0.005526
scipy-powell,cold,6,389,4.7309,0.005526
scipy-powell,cold,6,390,4.7428,0.005526
scipy-powell,cold,6,391,4.7558,0.005526
scipy-powell,cold,6,392,4.7684,0.005526
scipy-powell,cold,6,393,4.7805,0.005526
scipy-powell,cold,6,394,4.7921,0.005526
scipy-powell,cold,6,395,4.8039,0.005526
scipy-powell,cold,6,396,4.8159,0.005526
scipy-powell,cold,6,397,4.8288,0.005526
scipy-powell,cold,6,398,4.8402,0.005526
scipy-powell,cold,6,399,4.8520,0.005526
scipy-powell,cold,6,400,4.8638,0.005526
scipy-powell,cold,6,401,4.8754,0.005522
scipy-powell,cold,6,403,4.8994,0.005522
scipy-powell,cold,6,404,4.9109,0.005522
scipy-powell,cold,6,405,4.9226,0.005522
scipy-powell,cold,6,406,4.9344,0.005522
scipy-powell,cold,6,408,4.9598,0.005522
scipy-powell,cold,6,409,4.9720,0.005522
scipy-powell,cold,6,413,5.0188,0.005522
scipy-powell,cold,6,416,5.0541,0.005522
scipy-powell,cold,6,422,5.1261,0.005521
scipy-powell,cold,6,423,5.1378,0.005520
scipy-powell,cold,6,424,5.1501,0.005519
scipy-powell,cold,6,425,5.1617,0.005518
scipy-powell,cold,6,426,5.1736,0.005518
scipy-powell,cold,6,427,5.1852,0.005517
scipy-powell,cold,6,428,5.1971,0.005517
scipy-powell,cold,6,429,5.2088,0.005517
scipy-powell,cold,6,430,5.2205,0.005517
scipy-powell,cold,6,431,5.2322,0.005517
scipy-powell,cold,6,432,5.2439,0.005517
scipy-powell,cold,6,433,5.2554,0.005517
scipy-powell,cold,6,434,5.2671,0.005517
scipy-powell,cold,6,435,5.2787,0.005517
scipy-powell,cold,6,436,5.2904,0.005517
scipy-powell,cold,6,437,5.3021,0.005517
scipy-powell,cold,6,438,5.3139,0.005517
scipy-powell,cold,6,439,5.3255,0.005517
scipy-powell,cold,6,440,5.3376,0.005517
scipy-powell,cold,6,441,5.3514,0.005517
scipy-powell,cold,6,442,5.3636,0.005517
scipy-powell,cold,6,443,5.3754,0.005517
scipy-powell,cold,6,444,5.3870,0.005517
scipy-powell,cold,6,445,5.3984,0.005517
scipy-powell,cold,6,446,5.4102,0.005517
scipy-powell,cold,6,447,5.4217,0.005517
scipy-powell,cold,6,448,5.4336,0.005517
scipy-powell,cold,6,449,5.4455,0.005517
scipy-powell,cold,6,450,5.4570,0.005517
scipy-powell,cold,6,451,5.4688,0.005517
scipy-powell,cold,6,452,5.4801,0.005517
scipy-powell,cold,6,453,5.4917,0.005517
scipy-powell,cold,6,454,5.5037,0.005517
scipy-powell,cold,6,455,5.5158,0.005517
scipy-powell,cold,6,456,5.5278,0.005517
scipy-powell,cold,6,457,5.5392,0.005517
scipy-powell,cold,6,461,5.5860,0.005514
scipy-powell,cold,6,464,5.6214,0.005514
scipy-powell,cold,6,465,5.6330,0.005514
scipy-powell,cold,6,466,5.6442,0.005514
scipy-powell,cold,6,467,5.6558,0.005514
scipy-powell,cold,6,468,5.6681,0.005514
scipy-powell,cold,6,469,5.6802,0.005514
scipy-powell,cold,6,470,5.6926,0.005514
scipy-powell,cold,6,474,5.7436,0.005514
scipy-powell,cold,6,480,5.8159,0.005512
scipy-powell,cold,6,482,5.8384,0.005511
scipy-powell,cold,6,483,5.8511,0.005511
scipy-powell,cold,6,484,5.8624,0.005511
scipy-powell,cold,6,486,5.8873,0.005511
scipy-powell,cold,6,488,5.9100,0.005511
scipy-powell,cold,6,494,5.9803,0.005511
scipy-powell,cold,6,503,6.0889,0.005510
scipy-powell,cold,6,507,6.1357,0.005510
scipy-powell,cold,6,508,6.1472,0.005510
scipy-powell,cold,6,509,6.1588,0.005510
scipy-powell,cold,6,510,6.1703,0.005510
scipy-powell,cold,6,511,6.1821,0.005510
scipy-powell,cold,6,512,6.1940,0.005510
scipy-powell,cold,6,513,6.2055,0.005510
scipy-powell,cold,6,518,6.2656,0.005510
scipy-powell,cold,6,527,6.3753,0.005509
scipy-powell,cold,6,529,6.3990,0.005509
scipy-powell,cold,6,530,6.4108,0.005509
scipy-powell,cold,6,531,6.4223,0.005509
scipy-powell,cold,6,533,6.4451,0.005509
scipy-powell,cold,6,548,6.6320,0.005509
scipy-powell,cold,6,556,6.7305,0.005509
scipy-powell,cold,6,558,6.7557,0.005509
scipy-powell,cold,6,559,6.7675,0.005509
scipy-powell,cold,6,560,6.7794,0.005509
scipy-powell,cold,6,561,6.7915,0.005509
scipy-powell,cold,6,574,6.9496,0.005509
scipy-powell,cold,6,579,7.0131,0.005509
scipy-powell,cold,6,582,7.0519,0.005508
scipy-powell,cold,6,583,7.0641,0.005508
scipy-powell,cold,6,584,7.0770,0.005508
scipy-powell,cold,6,585,7.0894,0.005508
scipy-powell,cold,6,586,7.1022,0.005508
scipy-powell,cold,6,587,7.1143,0.005508
scipy-powell,cold,6,588,7.1265,0.005508
scipy-powell,cold,6,593,7.1883,0.005508
scipy-powell,cold,6,596,7.2260,0.005507
scipy-powell,cold,6,597,7.2386,0.005504
scipy-powell,cold,6,598,7.2506,0.005503
scipy-powell,cold,6,599,7.2634,0.005502
scipy-powell,cold,6,601,7.2886,0.005502
scipy-powell,cold,6,602,7.3007,0.005502
scipy-powell,cold,6,603,7.3132,0.005502
scipy-powell,cold,6,604,7.3256,0.005502
scipy-powell,cold,6,605,7.3376,0.005502
scipy-powell,cold,6,606,7.3503,0.005502
scipy-powell,cold,6,607,7.3626,0.005502
scipy-powell,cold,6,608,7.3746,0.005502
scipy-powell,cold,6,609,7.3866,0.005502
scipy-powell,cold,6,610,7.3985,0.005502
scipy-powell,cold,6,611,7.4105,0.005502
scipy-powell,cold,6,612,7.4225,0.005502
scipy-powell,cold,6,613,7.4344,0.005502
scipy-powell,cold,6,614,7.4464,0.005502
scipy-powell,cold,6,615,7.4583,0.005502
scipy-powell,cold,6,616,7.4710,0.005502
scipy-powell,cold,6,617,7.4828,0.005502
scipy-powell,cold,6,618,7.4949,0.005502
scipy-powell,cold,6,619,7.5064,0.005502
scipy-powell,cold,6,620,7.5182,0.005502
scipy-powell,cold,6,621,7.5303,0.005502
scipy-powell,cold,6,622,7.5424,0.005502
scipy-powell,cold,6,623,7.5546,0.005502
scipy-powell,cold,6,624,7.5667,0.005502
scipy-powell,cold,6,625,7.5793,0.005502
scipy-powell,cold,6,626,7.5914,0.005502
scipy-powell,cold,6,627,7.6034,0.005502
scipy-powell,cold,6,628,7.6153,0.005502
scipy-powell,cold,6,629,7.6286,0.005502
scipy-powell,cold,6,630,7.6421,0.005502
scipy-powell,cold,6,631,7.6551,0.005502
scipy-powell,cold,6,633,7.6803,0.005502
scipy-powell,cold,6,634,7.6920,0.005501
scipy-powell,cold,6,635,7.7036,0.005501
scipy-powell,cold,6,636,7.7155,0.005501
scipy-powell,cold,6,637,7.7271,0.005500
scipy-powell,cold,6,638,7.7392,0.005500
scipy-powell,cold,6,639,7.7511,0.005500
scipy-powell,cold,6,640,7.7632,0.005500
scipy-powell,cold,6,641,7.7753,0.005500
scipy-powell,cold,6,642,7.7881,0.005500
scipy-powell,cold,6,643,7.8001,0.005500
scipy-powell,cold,6,644,7.8119,0.005500
scipy-powell,cold,6,645,7.8236,0.005500
scipy-powell,cold,6,646,7.8360,0.005500
scipy-powell,cold,6,647,7.8481,0.005500
scipy-powell,cold,6,648,7.8599,0.005500
scipy-powell,cold,6,649,7.8718,0.005500
scipy-powell,cold,6,650,7.8849,0.005500
scipy-powell,cold,6,651,7.8966,0.005500
scipy-powell,cold,6,652,7.9080,0.005500
scipy-powell,cold,6,653,7.9195,0.005500
scipy-powell,cold,6,654,7.9312,0.005500
scipy-powell,cold,6,655,7.9429,0.005500
scipy-powell,cold,6,656,7.9547,0.005500
scipy-powell,cold,6,657,7.9665,0.005500
scipy-powell,cold,6,658,7.9782,0.005500
scipy-powell,cold,6,659,7.9896,0.005500
scipy-powell,cold,6,660,8.0014,0.005500
scipy-powell,cold,6,661,8.0136,0.005500
scipy-powell,cold,6,662,8.0254,0.005500
scipy-powell,cold,6,663,8.0369,0.005500
scipy-powell,cold,6,664,8.0491,0.005500
scipy-powell,cold,6,665,8.0607,0.005500
scipy-powell,cold,6,666,8.0723,0.005500
scipy-powell,cold,6,667,8.0840,0.005500
scipy-powell,cold,6,668,8.0957,0.005500
scipy-powell,cold,6,671,8.1318,0.005500
scipy-powell,cold,6,672,8.1441,0.005500
scipy-powell,cold,6,673,8.1557,0.005500
scipy-powell,cold,6,674,8.1678,0.005500
scipy-powell,cold,6,675,8.1799,0.005500
scipy-powell,cold,6,676,8.1920,0.005500
scipy-powell,cold,6,677,8.2037,0.005500
scipy-powell,cold,6,679,8.2277,0.005500
scipy-powell,cold,6,681,8.2515,0.005500
scipy-powell,cold,6,683,8.2748,0.005500
scipy-powell,cold,6,693,8.3937,0.005497
scipy-powell,cold,6,697,8.4426,0.005497
scipy-powell,cold,6,698,8.4542,0.005497
scipy-powell,cold,6,699,8.4661,0.005497
scipy-powell,cold,6,703,8.5143,0.005497
scipy-powell,cold,6,716,8.6657,0.005497
scipy-powell,cold,6,717,8.6775,0.005497
scipy-powell,cold,6,718,8.6893,0.005497
scipy-powell,cold,6,719,8.7012,0.005497
scipy-powell,cold,6,720,8.7129,0.005497
scipy-powell,cold,6,721,8.7253,0.005497
scipy-powell,cold,6,722,8.7369,0.005497
scipy-powell,cold,6,724,8.7601,0.005497
scipy-powell,cold,6,729,8.8172,0.005497
scipy-powell,cold,6,734,8.8768,0.005497
scipy-powell,cold,6,736,8.9008,0.005495
scipy-powell,cold,6,737,8.9125,0.005493
scipy-powell,cold,6,738,8.9241,0.005492
scipy-powell,cold,6,739,8.9367,0.005492
scipy-powell,cold,6,740,8.9483,0.005491
scipy-powell,cold,6,741,8.9597,0.005491
scipy-powell,cold,6,742,8.9712,0.005491
scipy-powell,cold,6,743,8.9832,0.005491
scipy-powell,cold,6,744,8.9948,0.005491
scipy-powell,cold,6,745,9.0063,0.005491
scipy-powell,cold,6,746,9.0190,0.005491
scipy-powell,cold,6,747,9.0305,0.005491
scipy-powell,cold,6,748,9.0424,0.005491
scipy-powell,cold,6,749,9.0545,0.005491
scipy-powell,cold,6,750,9.0663,0.005491
scipy-powell,cold,6,751,9.0786,0.005491
scipy-powell,cold,6,752,9.0912,0.005491
scipy-powell,cold,6,753,9.1032,0.005491
scipy-powell,cold,6,754,9.1146,0.005491
scipy-powell,cold,6,755,9.1262,0.005491
scipy-powell,cold,6,756,9.1384,0.005491
scipy-powell,cold,6,757,9.1503,0.005491
scipy-powell,cold,6,758,9.1618,0.005491
scipy-powell,cold,6,759,9.1737,0.005491
scipy-powell,cold,6,760,9.1856,0.005491
scipy-powell,cold,6,761,9.1970,0.005491
scipy-powell,cold,6,762,9.2086,0.005491
scipy-powell,cold,6,763,9.2201,0.005491
scipy-powell,cold,6,764,9.2313,0.005491
scipy-powell,cold,6,765,9.2426,0.005491
scipy-powell,cold,6,766,9.2544,0.005491
scipy-powell,cold,6,767,9.2663,0.005491
scipy-powell,cold,6,768,9.2779,0.005491
scipy-powell,cold,6,769,9.2893,0.005491
scipy-powell,cold,6,770,9.3013,0.005491
scipy-powell,cold,6,771,9.3127,0.005491
scipy-powell,cold,6,772,9.3241,0.005483
scipy-powell,cold,6,774,9.3472,0.005481
scipy-powell,cold,6,775,9.3588,0.005481
scipy-powell,cold,6,777,9.3821,0.005480
scipy-powell,cold,6,778,9.3937,0.005479
scipy-powell,cold,6,779,9.4053,0.005478
scipy-powell,cold,6,781,9.4289,0.005478
scipy-powell,cold,6,782,9.4404,0.005478
scipy-powell,cold,6,783,9.4525,0.005478
scipy-powell,cold,6,784,9.4643,0.005478
scipy-powell,cold,6,785,9.4768,0.005478
scipy-powell,cold,6,786,9.4886,0.005478
scipy-powell,cold,6,787,9.5003,0.005478
scipy-powell,cold,6,798,9.6292,0.005476
scipy-powell,cold,6,799,9.6408,0.005463
scipy-powell,cold,6,800,9.6526,0.005455
scipy-powell,cold,6,801,9.6648,0.005450
scipy-powell,cold,6,802,9.6777,0.005446
scipy-powell,cold,6,803,9.6902,0.005444
scipy-powell,cold,6,804,9.7016,0.005443
scipy-powell,cold,6,805,9.7129,0.005442
scipy-powell,cold,6,806,9.7241,0.005442
scipy-powell,cold,6,807,9.7354,0.005441
scipy-powell,cold,6,808,9.7471,0.005441
scipy-powell,cold,6,809,9.7583,0.005441
scipy-powell,cold,6,810,9.7695,0.005441
scipy-powell,cold,6,811,9.7808,0.005441
scipy-powell,cold,6,812,9.7923,0.005441
scipy-powell,cold,6,813,9.8035,0.005441
scipy-powell,cold,6,814,9.8149,0.005441
scipy-powell,cold,6,815,9.8263,0.005441
scipy-powell,cold,6,816,9.8377,0.005441
scipy-powell,cold,6,817,9.8492,0.005441
scipy-powell,cold,6,818,9.8605,0.005441
scipy-powell,cold,6,819,9.8718,0.005441
scipy-powell,cold,6,820,9.8831,0.005441
scipy-powell,cold,6,821,9.8952,0.005441
scipy-powell,cold,6,822,9.9074,0.005441
scipy-powell,cold,6,823,9.9191,0.005441
scipy-powell,cold,6,824,9.9309,0.005441
scipy-powell,cold,6,825,9.9424,0.005441
scipy-powell,cold,6,826,9.9545,0.005441
scipy-powell,cold,6,827,9.9666,0.005441
scipy-powell,cold,6,828,9.9784,0.005441
scipy-powell,cold,6,829,9.9898,0.005441
scipy-powell,cold,6,830,10.0017,0.005441
scipy-powell,cold,6,831,10.0136,0.005441
scipy-powell,cold,6,832,10.0252,0.005441
scipy-powell,cold,6,833,10.0365,0.005441
scipy-powell,cold,6,834,10.0483,0.005414
scipy-powell,cold,6,835,10.0594,0.005396
scipy-powell,cold,6,837,10.0822,0.005391
scipy-powell,cold,6,838,10.0939,0.005390
scipy-powell,cold,6,839,10.1052,0.005390
scipy-powell,cold,6,840,10.1165,0.005390
scipy-powell,cold,6,846,10.1850,0.005390
scipy-powell,cold,6,852,10.2537,0.005389
scipy-powell,cold,6,853,10.2648,0.005389
scipy-powell,cold,6,854,10.2759,0.005389
scipy-powell,cold,6,857,10.3105,0.005389
scipy-powell,cold,6,858,10.3221,0.005389
scipy-powell,cold,6,859,10.3334,0.005389
scipy-powell,cold,6,860,10.3447,0.005389
scipy-powell,cold,6,861,10.3560,0.005389
scipy-powell,cold,6,877,10.5416,0.005389
scipy-powell,cold,6,878,10.5534,0.005389
scipy-powell,cold,6,879,10.5648,0.005389
scipy-powell,cold,6,880,10.5764,0.005389
scipy-powell,cold,6,881,10.5883,0.005389
scipy-powell,cold,6,882,10.5996,0.005389
scipy-powell,cold,6,883,10.6112,0.005389
scipy-powell,cold,6,884,10.6227,0.005389
scipy-powell,cold,6,885,10.6340,0.005389
scipy-powell,cold,6,890,10.6909,0.005389
scipy-powell,cold,6,926,11.1095,0.005386
scipy-powell,cold,6,927,11.1211,0.005380
scipy-powell,cold,6,928,11.1323,0.005377
scipy-powell,cold,6,929,11.1437,0.005375
scipy-powell,cold,6,930,11.1550,0.005374
scipy-powell,cold,6,931,11.1664,0.005373
scipy-powell,cold,6,932,11.1776,0.005373
scipy-powell,cold,6,933,11.1894,0.005373
scipy-powell,cold,6,934,11.2011,0.005372
scipy-powell,cold,6,935,11.2126,0.005372
scipy-powell,cold,6,936,11.2241,0.005372
scipy-powell,cold,6,937,11.2357,0.005372
scipy-powell,cold,6,938,11.2470,0.005372
scipy-powell,cold,6,939,11.2581,0.005372
scipy-powell,cold,6,940,11.2696,0.005372
scipy-powell,cold,6,941,11.2808,0.005372
scipy-powell,cold,6,942,11.2922,0.005372
scipy-powell,cold,6,943,11.3042,0.005372
scipy-powell,cold,6,944,11.3166,0.005372
scipy-powell,cold,6,945,11.3282,0.005372
scipy-powell,cold,6,946,11.3396,0.005372
scipy-powell,cold,6,947,11.3516,0.005372
scipy-powell,cold,6,948,11.3639,0.005372
scipy-powell,cold,6,949,11.3752,0.005372
scipy-powell,cold,6,950,11.3871,0.005372
scipy-powell,cold,6,951,11.3992,0.005372
scipy-powell,cold,6,952,11.4113,0.005372
scipy-powell,cold,6,953,11.4231,0.005372
scipy-powell,cold,6,954,11.4352,0.005372
scipy-powell,cold,6,955,11.4479,0.005372
scipy-powell,cold,6,956,11.4592,0.005372
scipy-powell,cold,6,957,11.4709,0.005372
scipy-powell,cold,6,958,11.4834,0.005372
scipy-powell,cold,6,959,11.4950,0.005372
scipy-powell,cold,6,960,11.5065,0.005372
scipy-powell,cold,6,961,11.5181,0.005362
scipy-powell,cold,6,963,11.5412,0.005361
scipy-powell,cold,6,964,11.5526,0.005361
scipy-powell,cold,6,965,11.5640,0.005361
scipy-powell,cold,6,966,11.5756,0.005361
scipy-powell,cold,6,967,11.5878,0.005361
scipy-powell,cold,6,968,11.5990,0.005361
scipy-powell,cold,6,969,11.6110,0.005361
scipy-powell,cold,6,980,11.7430,0.005360
scipy-powell,cold,6,981,11.7548,0.005359
scipy-powell,cold,6,982,11.7664,0.005358
scipy-powell,cold,6,983,11.7781,0.005358
scipy-powell,cold,6,984,11.7898,0.005358
scipy-powell,cold,6,985,11.8014,0.005358
scipy-powell,cold,6,986,11.8133,0.005358
scipy-powell,cold,6,987,11.8250,0.005358
scipy-powell,cold,6,988,11.8370,0.005358
scipy-powell,cold,6,989,11.8489,0.005358
scipy-powell,cold,6,990,11.8604,0.005358
scipy-powell,cold,6,991,11.8718,0.005358
scipy-powell,cold,6,992,11.8847,0.005358
scipy-powell,cold,6,993,11.8962,0.005358
scipy-powell,cold,6,994,11.9077,0.005358
scipy-powell,cold,6,995,11.9191,0.005358
scipy-powell,cold,6,996,11.9321,0.005358
scipy-powell,cold,6,997,11.9438,0.005358
scipy-powell,cold,6,998,11.9552,0.005358
scipy-powell,cold,6,999,11.9665,0.005358
scipy-powell,cold,6,1000,11.9785,0.005358
scipy-powell,cold,6,1001,11.9904,0.005358
scipy-powell,cold,6,1002,12.0023,0.005358
scipy-powell,cold,6,1003,12.0147,0.005358
scipy-powell,cold,6,1004,12.0276,0.005358
scipy-powell,cold,6,1005,12.0399,0.005358
scipy-powell,cold,6,1006,12.0517,0.005358
scipy-powell,cold,6,1007,12.0628,0.005358
scipy-powell,cold,6,1008,12.0744,0.005358
scipy-powell,cold,6,1009,12.0856,0.005358
scipy-powell,cold,6,1010,12.0970,0.005358
scipy-powell,cold,6,1011,12.1081,0.005358
scipy-powell,cold,6,1012,12.1195,0.005358
scipy-powell,cold,6,1013,12.1316,0.005358
scipy-powell,cold,6,1014,12.1429,0.005358
scipy-powell,cold,6,1017,12.1772,0.005354
scipy-powell,cold,6,1018,12.1885,0.005354
scipy-powell,cold,6,1019,12.1998,0.005354
scipy-powell,cold,6,1020,12.2112,0.005354
scipy-powell,cold,6,1021,12.2226,0.005354
scipy-powell,cold,6,1022,12.2340,0.005354
scipy-powell,cold,6,1023,12.2452,0.005354
scipy-powell,cold,6,1024,12.2567,0.005354
scipy-powell,cold,6,1025,12.2678,0.005354
scipy-powell,cold,6,1027,12.2906,0.005354
scipy-powell,cold,6,1030,12.3502,0.005354
scipy-powell,cold,6,1033,12.4079,0.005354
scipy-powell,cold,6,1034,12.4256,0.005354
scipy-powell,cold,6,1035,12.4437,0.005354
scipy-powell,cold,6,1036,12.4614,0.005354
scipy-powell,cold,6,1037,12.4747,0.005354
scipy-powell,cold,6,1039,12.4988,0.005354
scipy-powell,cold,6,1045,12.5665,0.005354
scipy-powell,cold,6,1046,12.5778,0.005354
scipy-powell,cold,6,1049,12.6116,0.005354
scipy-powell,cold,6,1050,12.6231,0.005354
scipy-powell,cold,6,1051,12.6348,0.005354
scipy-powell,cold,6,1052,12.6460,0.005354
scipy-powell,cold,6,1053,12.6573,0.005354
scipy-powell,cold,6,1054,12.6690,0.005354
scipy-powell,cold,6,1055,12.6810,0.005354
scipy-powell,cold,6,1056,12.6926,0.005354
scipy-powell,cold,6,1057,12.7039,0.005354
scipy-powell,cold,6,1058,12.7151,0.005354
scipy-powell,cold,6,1059,12.7266,0.005354
scipy-powell,cold,6,1060,12.7381,0.005354
scipy-powell,cold,6,1061,12.7494,0.005354
scipy-powell,cold,6,1062,12.7608,0.005354
scipy-powell,cold,6,1063,12.7725,0.005354
scipy-powell,cold,6,1064,12.7840,0.005354
scipy-powell,cold,6,1065,12.7954,0.005354
scipy-powell,cold,6,1066,12.8069,0.005354
scipy-powell,cold,6,1067,12.8184,0.005354
scipy-powell,cold,6,1068,12.8298,0.005354
scipy-powell,cold,6,1069,12.8412,0.005354
scipy-powell,cold,6,1070,12.8527,0.005354
scipy-powell,cold,6,1071,12.8639,0.005354
scipy-powell,cold,6,1072,12.8752,0.005354
scipy-powell,cold,6,1073,12.8870,0.005354
scipy-powell,cold,6,1074,12.8983,0.005354
scipy-powell,cold,6,1075,12.9097,0.005354
scipy-powell,cold,6,1076,12.9210,0.005354
scipy-powell,cold,6,1077,12.9323,0.005354
scipy-powell,cold,6,1078,12.9443,0.005354
scipy-powell,cold,6,1079,12.9568,0.005354
scipy-powell,cold,6,1080,12.9681,0.005354
scipy-powell,cold,6,1081,12.9796,0.005354
scipy-powell,cold,6,1082,12.9913,0.005354
scipy-powell,cold,6,1083,13.0027,0.005354
scipy-powell,cold,6,1084,13.0141,0.005354
scipy-powell,cold,6,1085,13.0260,0.005354
scipy-powell,cold,6,1087,13.0492,0.005354
scipy-powell,cold,6,1088,13.0607,0.005354
scipy-powell,cold,6,1089,13.0722,0.005354
scipy-powell,cold,6,1090,13.0836,0.005354
scipy-powell,cold,6,1091,13.0949,0.005354
scipy-powell,cold,6,1092,13.1065,0.005354
scipy-powell,cold,6,1093,13.1178,0.005354
scipy-powell,cold,6,1094,13.1293,0.005354
scipy-powell,cold,6,1095,13.1406,0.005354
scipy-powell,cold,6,1096,13.1520,0.005354
scipy-powell,cold,6,1097,13.1632,0.005354
scipy-powell,cold,6,1098,13.1746,0.005354
scipy-powell,cold,6,1099,13.1860,0.005354
scipy-powell,cold,6,1100,13.1973,0.005354
scipy-powell,cold,6,1101,13.2086,0.005354
scipy-powell,cold,6,1102,13.2200,0.005354
scipy-powell,cold,6,1103,13.2313,0.005354
scipy-powell,cold,6,1104,13.2424,0.005354
scipy-powell,cold,6,1105,13.2539,0.005354
scipy-powell,cold,6,1106,13.2651,0.005354
scipy-powell,cold,6,1107,13.2765,0.005354
scipy-powell,cold,6,1108,13.2879,0.005354
scipy-powell,cold,6,1109,13.2990,0.005354
scipy-powell,cold,6,1110,13.3103,0.005354
scipy-powell,cold,6,1111,13.3219,0.005354
scipy-powell,cold,6,1112,13.3333,0.005354
scipy-powell,cold,6,1113,13.3446,0.005354
scipy-powell,cold,6,1114,13.3561,0.005354
scipy-powell,cold,6,1115,13.3675,0.005354
scipy-powell,cold,6,1116,13.3789,0.005354
scipy-powell,cold,6,1117,13.3903,0.005354
scipy-powell,cold,6,1118,13.4017,0.005354
scipy-powell,cold,6,1119,13.4135,0.005354
scipy-powell,cold,6,1120,13.4247,0.005354
scipy-powell,cold,6,1121,13.4360,0.005354
scipy-powell,cold,6,1122,13.4473,0.005354
scipy-powell,cold,6,1124,13.4700,0.005354
scipy-powell,cold,6,1126,13.4924,0.005354
scipy-powell,cold,6,1127,13.5036,0.005354
scipy-powell,cold,6,1128,13.5161,0.005354
scipy-powell,cold,6,1129,13.5279,0.005354
scipy-powell,cold,6,1130,13.5394,0.005354
scipy-powell,cold,6,1131,13.5509,0.005354
scipy-powell,cold,6,1146,13.7245,0.005354
scipy-powell,cold,6,1147,13.7355,0.005354
scipy-powell,cold,6,1148,13.7466,0.005354
scipy-powell,cold,6,1149,13.7580,0.005354
scipy-powell,cold,6,1150,13.7715,0.005354
scipy-powell,cold,6,1151,13.7829,0.005354
scipy-powell,cold,6,1152,13.7947,0.005354
scipy-powell,cold,6,1153,13.8066,0.005354
scipy-powell,cold,6,1154,13.8184,0.005354
scipy-powell,cold,6,1155,13.8302,0.005354
scipy-powell,cold,6,1156,13.8417,0.005354
scipy-powell,cold,6,1157,13.8533,0.005354
scipy-powell,cold,6,1158,13.8646,0.005354
scipy-powell,cold,6,1159,13.8756,0.005354
scipy-powell,cold,6,1160,13.8873,0.005354
scipy-powell,cold,6,1161,13.8989,0.005354
scipy-powell,cold,6,1162,13.9102,0.005354
scipy-powell,cold,6,1163,13.9214,0.005354
scipy-powell,cold,6,1164,13.9329,0.005354
scipy-powell,cold,6,1165,13.9441,0.005354
scipy-powell,cold,6,1166,13.9559,0.005354
scipy-powell,cold,6,1167,13.9678,0.005354
scipy-powell,cold,6,1168,13.9791,0.005354
scipy-powell,cold,6,1169,13.9902,0.005354
scipy-powell,cold,6,1170,14.0017,0.005354
scipy-powell,cold,6,1171,14.0129,0.005354
scipy-powell,cold,6,1172,14.0245,0.005354
scipy-powell,cold,6,1173,14.0357,0.005354
scipy-powell,cold,6,1174,14.0469,0.005354
scipy-powell,cold,6,1175,14.0583,0.005354
scipy-powell,cold,6,1176,14.0696,0.005354
scipy-powell,cold,6,1177,14.0820,0.005354
scipy-powell,cold,6,1178,14.0954,0.005354
scipy-powell,cold,6,1179,14.1085,0.005354
scipy-powell,cold,6,1180,14.1211,0.005354
scipy-powell,cold,6,1181,14.1343,0.005354
scipy-powell,cold,6,1182,14.1455,0.005351
scipy-powell,cold,6,1184,14.1678,0.005349
scipy-powell,cold,6,1185,14.1790,0.005347
scipy-powell,cold,6,1186,14.1911,0.005346
scipy-powell,cold,6,1187,14.2025,0.005346
scipy-powell,cold,6,1188,14.2154,0.005346
scipy-powell,cold,6,1189,14.2270,0.005346
scipy-powell,cold,6,1190,14.2386,0.005346
scipy-powell,cold,6,1193,14.2743,0.005346
scipy-powell,cold,6,1194,14.2862,0.005346
scipy-powell,cold,6,1196,14.3091,0.005346
scipy-powell,cold,6,1197,14.3207,0.005346
scipy-powell,cold,6,1199,14.3431,0.005346
scipy-powell,cold,6,1200,14.3546,0.005346
scipy-powell,cold,6,1201,14.3658,0.005346
scipy-powell,cold,6,1202,14.3771,0.005346
scipy-powell,cold,6,1203,14.3889,0.005346
scipy-powell,cold,6,1204,14.4009,0.005346
scipy-powell,cold,6,1206,14.4236,0.005346
scipy-powell,cold,6,1207,14.4348,0.005346
scipy-powell,cold,6,1208,14.4462,0.005346
scipy-powell,cold,6,1209,14.4574,0.005346
scipy-powell,cold,6,1210,14.4689,0.005346
scipy-powell,cold,6,1211,14.4804,0.005346
scipy-powell,cold,6,1212,14.4915,0.005346
scipy-powell,cold,6,1213,14.5029,0.005346
scipy-powell,cold,6,1214,14.5145,0.005346
scipy-powell,cold,6,1215,14.5257,0.005346
scipy-powell,cold,6,1218,14.5629,0.005346
scipy-powell,cold,6,1225,14.6442,0.005346
scipy-powell,cold,6,1226,14.6563,0.005346
scipy-powell,cold,6,1227,14.6676,0.005346
scipy-powell,cold,6,1228,14.6788,0.005346
scipy-powell,cold,6,1229,14.6900,0.005346
scipy-powell,cold,6,1230,14.7018,0.005346
scipy-powell,cold,6,1231,14.7136,0.005346
scipy-powell,cold,6,1234,14.7473,0.005346
scipy-powell,cold,6,1246,14.8843,0.005346
scipy-powell,cold,6,1248,14.9083,0.005346
scipy-powell,cold,6,1249,14.9204,0.005346
scipy-powell,cold,6,1250,14.9321,0.005346
scipy-powell,cold,6,1251,14.9434,0.005346
scipy-powell,cold,6,1252,14.9550,0.005346
scipy-powell,cold,6,1253,14.9664,0.005346
scipy-powell,cold,6,1255,14.9891,0.005346
scipy-powell,cold,6,1264,15.1081,0.005346
scipy-powell,cold,6,1265,15.1194,0.005346
scipy-powell,cold,6,1266,15.1307,0.005346
scipy-powell,cold,6,1267,15.1423,0.005346
scipy-powell,cold,6,1268,15.1562,0.005346
scipy-powell,cold,6,1269,15.1701,0.005346
scipy-powell,cold,6,1270,15.1824,0.005346
scipy-powell,cold,6,1271,15.1937,0.005346
scipy-powell,cold,6,1272,15.2051,0.005346
scipy-powell,cold,6,1273,15.2171,0.005346
scipy-powell,cold,6,1274,15.2284,0.005346
scipy-powell,cold,6,1275,15.2394,0.005346
scipy-powell,cold,6,1276,15.2507,0.005346
scipy-powell,cold,6,1277,15.2626,0.005346
scipy-powell,cold,6,1278,15.2744,0.005346
scipy-powell,cold,6,1279,15.2861,0.005346
scipy-powell,cold,6,1280,15.2973,0.005346
scipy-powell,cold,6,1281,15.3087,0.005346
scipy-powell,cold,6,1282,15.3200,0.005346
scipy-powell,cold,6,1283,15.3312,0.005346
scipy-powell,cold,6,1284,15.3425,0.005346
scipy-powell,cold,6,1285,15.3539,0.005346
scipy-powell,cold,6,1286,15.3691,0.005346
scipy-powell,cold,6,1287,15.3804,0.005346
scipy-powell,cold,6,1288,15.3917,0.005346
scipy-powell,cold,6,1289,15.4030,0.005346
scipy-powell,cold,6,1290,15.4145,0.005346
scipy-powell,cold,6,1291,15.4259,0.005346
scipy-powell,cold,6,1292,15.4371,0.005346
scipy-powell,cold,6,1293,15.4483,0.005346
scipy-powell,cold,6,1294,15.4602,0.005346
scipy-powell,cold,6,1295,15.4714,0.005346
scipy-powell,cold,6,1296,15.4826,0.005346
scipy-powell,cold,6,1297,15.4940,0.005346
scipy-powell,cold,6,1298,15.5053,0.005345
scipy-powell,cold,6,1301,15.5391,0.005345
scipy-powell,cold,6,1302,15.5502,0.005345
scipy-powell,cold,6,1303,15.5616,0.005345
scipy-powell,cold,6,1304,15.5731,0.005345
scipy-powell,cold,6,1305,15.5842,0.005345
scipy-powell,cold,6,1306,15.5953,0.005345
scipy-powell,cold,6,1311,15.6522,0.005345
scipy-powell,cold,6,1315,15.6972,0.005345
scipy-powell,cold,6,1317,15.7199,0.005345
scipy-powell,cold,6,1318,15.7313,0.005344
scipy-powell,cold,6,1320,15.7536,0.005344
scipy-powell,cold,6,1321,15.7649,0.005344
scipy-powell,cold,6,1322,15.7762,0.005344
scipy-powell,cold,6,1323,15.7874,0.005344
scipy-powell,cold,6,1324,15.7987,0.005344
scipy-powell,cold,6,1333,15.9023,0.005344
scipy-powell,cold,6,1334,15.9141,0.005343
scipy-powell,cold,6,1336,15.9366,0.005343
scipy-powell,cold,6,1337,15.9478,0.005343
scipy-powell,cold,6,1338,15.9589,0.005343
scipy-powell,cold,6,1339,15.9704,0.005343
scipy-powell,cold,6,1340,15.9815,0.005343
scipy-powell,cold,6,1341,15.9927,0.005343
scipy-powell,cold,6,1342,16.0039,0.005343
scipy-powell,cold,6,1344,16.0270,0.005343
scipy-powell,cold,6,1354,16.1396,0.005343
scipy-powell,cold,6,1356,16.1625,0.005343
scipy-powell,cold,6,1357,16.1746,0.005343
scipy-powell,cold,6,1358,16.1869,0.005343
scipy-powell,cold,6,1359,16.1989,0.005343
scipy-powell,cold,6,1364,16.2571,0.005343
scipy-powell,cold,6,1368,16.3024,0.005343
scipy-powell,cold,6,1372,16.3484,0.005343
scipy-powell,cold,6,1373,16.3600,0.005342
scipy-powell,cold,6,1375,16.3825,0.005342
scipy-powell,cold,6,1376,16.3950,0.005342
scipy-powell,cold,6,1378,16.4176,0.005342
scipy-powell,cold,6,1379,16.4288,0.005342
scipy-powell,cold,6,1380,16.4401,0.005342
scipy-powell,cold,6,1382,16.4627,0.005342
scipy-powell,cold,6,1383,16.4739,0.005342
scipy-powell,cold,6,1388,16.5308,0.005342
scipy-powell,cold,6,1392,16.5754,0.005342
scipy-powell,cold,6,1395,16.6093,0.005338
scipy-powell,cold,6,1398,16.6438,0.005338
scipy-powell,cold,6,1399,16.6555,0.005338
scipy-powell,cold,6,1400,16.6673,0.005338
scipy-powell,cold,6,1401,16.6784,0.005338
scipy-powell,cold,6,1402,16.6907,0.005338
scipy-powell,cold,6,1403,16.7022,0.005338
scipy-powell,cold,6,1416,16.8539,0.005337
scipy-powell,cold,6,1419,16.8892,0.005337
scipy-powell,cold,6,1420,16.9011,0.005337
scipy-powell,cold,6,1421,16.9136,0.005337
scipy-powell,cold,6,1422,16.9255,0.005337
scipy-powell,cold,6,1423,16.9367,0.005337
scipy-powell,cold,6,1426,16.9714,0.005337
scipy-powell,cold,6,1429,17.0062,0.005329
scipy-powell,cold,6,1431,17.0301,0.005324
scipy-powell,cold,6,1432,17.0419,0.005321
scipy-powell,cold,6,1433,17.0541,0.005319
scipy-powell,cold,6,1434,17.0656,0.005318
scipy-powell,cold,6,1435,17.0774,0.005318
scipy-powell,cold,6,1436,17.0890,0.005317
scipy-powell,cold,6,1437,17.1019,0.005317
scipy-powell,cold,6,1438,17.1142,0.005317
scipy-powell,cold,6,1439,17.1259,0.005317
scipy-powell,cold,6,1440,17.1377,0.005317
scipy-powell,cold,6,1441,17.1493,0.005317
scipy-powell,cold,6,1442,17.1609,0.005317
scipy-powell,cold,6,1443,17.1726,0.005317
scipy-powell,cold,6,1444,17.1843,0.005317
scipy-powell,cold,6,1445,17.1957,0.005317
scipy-powell,cold,6,1446,17.2073,0.005317
scipy-powell,cold,6,1447,17.2201,0.005317
scipy-powell,cold,6,1448,17.2316,0.005317
scipy-powell,cold,6,1449,17.2432,0.005317
scipy-powell,cold,6,1450,17.2550,0.005317
scipy-powell,cold,6,1451,17.2667,0.005317
scipy-powell,cold,6,1452,17.2783,0.005317
scipy-powell,cold,6,1453,17.2902,0.005317
scipy-powell,cold,6,1454,17.3020,0.005317
scipy-powell,cold,6,1455,17.3141,0.005317
scipy-powell,cold,6,1456,17.3253,0.005317
scipy-powell,cold,6,1457,17.3370,0.005317
scipy-powell,cold,6,1458,17.3490,0.005317
scipy-powell,cold,6,1459,17.3601,0.005317
scipy-powell,cold,6,1460,17.3716,0.005317
scipy-powell,cold,6,1461,17.3830,0.005317
scipy-powell,cold,6,1462,17.3965,0.005317
scipy-powell,cold,6,1463,17.4079,0.005317
scipy-powell,cold,6,1464,17.4198,0.005317
scipy-powell,cold,6,1465,17.4315,0.005317
scipy-powell,cold,6,1466,17.4431,0.005305
scipy-powell,cold,6,1468,17.4663,0.005301
scipy-powell,cold,6,1469,17.4781,0.005301
scipy-powell,cold,6,1470,17.4894,0.005301
scipy-powell,cold,6,1472,17.5127,0.005301
scipy-powell,cold,6,1473,17.5248,0.005301
scipy-powell,cold,6,1475,17.5478,0.005301
scipy-powell,cold,6,1476,17.5593,0.005301
scipy-powell,cold,6,1477,17.5712,0.005301
scipy-powell,cold,6,1489,17.7158,0.005299
scipy-powell,cold,6,1491,17.7393,0.005290
scipy-powell,cold,6,1493,17.7630,0.005290
scipy-powell,cold,6,1494,17.7746,0.005290
scipy-powell,cold,6,1495,17.7863,0.005290
scipy-powell,cold,6,1496,17.8004,0.005290
scipy-powell,cold,6,1497,17.8124,0.005290
scipy-powell,cold,6,1498,17.8243,0.005290
scipy-powell,cold,6,1508,17.9439,0.005290
scipy-powell,cold,6,1509,17.9555,0.005290
scipy-powell,cold,6,1510,17.9680,0.005290
scipy-powell,cold,6,1511,17.9795,0.005290
scipy-powell,cold,6,1512,17.9925,0.005290
scipy-powell,cold,6,1513,18.0053,0.005290
scipy-powell,cold,6,1514,18.0180,0.005290
scipy-powell,cold,6,1524,18.1400,0.005290
scipy-powell,cold,6,1527,18.1764,0.005289
scipy-powell,cold,6,1528,18.1882,0.005289
scipy-powell,cold,6,1529,18.1998,0.005289
scipy-powell,cold,6,1531,18.2256,0.005289
scipy-powell,cold,6,1532,18.2390,0.005289
scipy-powell,cold,6,1533,18.2530,0.005289
scipy-powell,cold,6,1534,18.2651,0.005289
scipy-powell,cold,6,1540,18.3349,0.005289
scipy-powell,cold,6,1544,18.3828,0.005288
scipy-powell,cold,6,1547,18.4191,0.005288
scipy-powell,cold,6,1549,18.4428,0.005288
scipy-powell,cold,6,1550,18.4548,0.005288
scipy-powell,cold,6,1551,18.4669,0.005288
scipy-powell,cold,6,1552,18.4783,0.005288
scipy-powell,cold,6,1553,18.4901,0.005288
scipy-powell,cold,6,1554,18.5021,0.005288
scipy-powell,cold,6,1565,18.6306,0.005287
scipy-powell,cold,6,1566,18.6424,0.005286
scipy-powell,cold,6,1567,18.6541,0.005286
scipy-powell,cold,6,1568,18.6655,0.005286
scipy-powell,cold,6,1569,18.6773,0.005286
scipy-powell,cold,6,1570,18.6890,0.005286
scipy-powell,cold,6,1571,18.7006,0.005286
scipy-powell,cold,6,1572,18.7119,0.005286
scipy-powell,cold,6,1573,18.7234,0.005286
scipy-powell,cold,6,1574,18.7347,0.005286
scipy-powell,cold,6,1575,18.7468,0.005286
scipy-powell,cold,6,1576,18.7586,0.005286
scipy-powell,cold,6,1577,18.7702,0.005286
scipy-powell,cold,6,1578,18.7819,0.005286
scipy-powell,cold,6,1579,18.7935,0.005286
scipy-powell,cold,6,1580,18.8052,0.005286
scipy-powell,cold,6,1581,18.8167,0.005286
scipy-powell,cold,6,1582,18.8288,0.005286
scipy-powell,cold,6,1583,18.8412,0.005286
scipy-powell,cold,6,1584,18.8533,0.005286
scipy-powell,cold,6,1585,18.8653,0.005286
scipy-powell,cold,6,1586,18.8768,0.005286
scipy-powell,cold,6,1587,18.8886,0.005286
scipy-powell,cold,6,1588,18.9006,0.005286
scipy-powell,cold,6,1589,18.9123,0.005286
scipy-powell,cold,6,1590,18.9244,0.005286
scipy-powell,cold,6,1591,18.9360,0.005286
scipy-powell,cold,6,1592,18.9480,0.005286
scipy-powell,cold,6,1593,18.9599,0.005286
scipy-powell,cold,6,1594,18.9716,0.005286
scipy-powell,cold,6,1595,18.9834,0.005286
scipy-powell,cold,6,1596,18.9950,0.005286
scipy-powell,cold,6,1597,19.0067,0.005286
scipy-powell,cold,6,1598,19.0187,0.005286
scipy-powell,cold,6,1599,19.0304,0.005281
scipy-powell,cold,6,1601,19.0547,0.005271
scipy-powell,cold,6,1602,19.0666,0.005269
scipy-powell,cold,6,1604,19.0907,0.005268
scipy-powell,cold,6,1606,19.1149,0.005268
scipy-powell,cold,6,1607,19.1265,0.005268
scipy-powell,cold,6,1608,19.1381,0.005268
scipy-powell,cold,6,1610,19.1618,0.005268
scipy-powell,cold,6,1611,19.1739,0.005268
scipy-powell,cold,6,1612,19.1855,0.005268
scipy-powell,cold,6,1631,19.4289,0.005268
scipy-powell,cold,6,1632,19.4409,0.005267
scipy-powell,cold,6,1633,19.4525,0.005267
scipy-powell,cold,6,1634,19.4640,0.005267
scipy-powell,cold,6,1635,19.4754,0.005267
scipy-powell,cold,6,1636,19.4869,0.005267
scipy-powell,cold,6,1637,19.4982,0.005267
scipy-powell,cold,6,1638,19.5093,0.005267
scipy-powell,cold,6,1639,19.5211,0.005267
scipy-powell,cold,6,1640,19.5326,0.005267
scipy-powell,cold,6,1641,19.5444,0.005267
scipy-powell,cold,6,1642,19.5561,0.005267
scipy-powell,cold,6,1643,19.5680,0.005267
scipy-powell,cold,6,1644,19.5795,0.005267
scipy-powell,cold,6,1645,19.5908,0.005267
scipy-powell,cold,6,1646,19.6022,0.005267
scipy-powell,cold,6,1647,19.6137,0.005267
scipy-powell,cold,6,1648,19.6252,0.005267
scipy-powell,cold,6,1649,19.6364,0.005267
scipy-powell,cold,6,1650,19.6478,0.005267
scipy-powell,cold,6,1651,19.6592,0.005267
scipy-powell,cold,6,1652,19.6707,0.005267
scipy-powell,cold,6,1653,19.6822,0.005267
scipy-powell,cold,6,1654,19.6939,0.005267
scipy-powell,cold,6,1655,19.7054,0.005267
scipy-powell,cold,6,1656,19.7179,0.005267
scipy-powell,cold,6,1657,19.7302,0.005267
scipy-powell,cold,6,1658,19.7424,0.005267
scipy-powell,cold,6,1659,19.7549,0.005267
scipy-powell,cold,6,1660,19.7685,0.005267
scipy-powell,cold,6,1661,19.7809,0.005248
scipy-powell,cold,6,1663,19.8049,0.005225
scipy-powell,cold,6,1664,19.8172,0.005221
scipy-powell,cold,6,1666,19.8431,0.005221
scipy-powell,cold,6,1668,19.8689,0.005221
scipy-powell,cold,6,1669,19.8814,0.005221
scipy-powell,cold,6,1671,19.9070,0.005221
scipy-powell,cold,6,1672,19.9198,0.005221
scipy-powell,cold,6,1673,19.9329,0.005221
scipy-powell,cold,6,1682,20.0422,0.005221
scipy-powell,cold,6,1687,20.0998,0.005209
scipy-powell,cold,6,1688,20.1114,0.005198
scipy-powell,cold,6,1689,20.1226,0.005191
scipy-powell,cold,6,1690,20.1342,0.005186
scipy-powell,cold,6,1691,20.1457,0.005184
scipy-powell,cold,6,1692,20.1569,0.005182
scipy-powell,cold,6,1693,20.1681,0.005181
scipy-powell,cold,6,1694,20.1794,0.005180
scipy-powell,cold,6,1695,20.1909,0.005180
scipy-powell,cold,6,1696,20.2025,0.005179
scipy-powell,cold,6,1697,20.2137,0.005179
scipy-powell,cold,6,1698,20.2254,0.005179
scipy-powell,cold,6,1699,20.2374,0.005179
scipy-powell,cold,6,1700,20.2493,0.005179
scipy-powell,cold,6,1701,20.2620,0.005179
scipy-powell,cold,6,1702,20.2748,0.005179
scipy-powell,cold,6,1703,20.2868,0.005179
scipy-powell,cold,6,1704,20.2993,0.005179
scipy-powell,cold,6,1705,20.3111,0.005179
scipy-powell,cold,6,1706,20.3231,0.005179
scipy-powell,cold,6,1707,20.3347,0.005179
scipy-powell,cold,6,1708,20.3464,0.005179
scipy-powell,cold,6,1709,20.3582,0.005179
scipy-powell,cold,6,1710,20.3704,0.005179
scipy-powell,cold,6,1711,20.3822,0.005179
scipy-powell,cold,6,1712,20.3947,0.005179
scipy-powell,cold,6,1713,20.4067,0.005179
scipy-powell,cold,6,1714,20.4181,0.005179
scipy-powell,cold,6,1715,20.4296,0.005179
scipy-powell,cold,6,1716,20.4411,0.005179
scipy-powell,cold,6,1717,20.4524,0.005179
scipy-powell,cold,6,1718,20.4639,0.005179
scipy-powell,cold,6,1719,20.4755,0.005179
scipy-powell,cold,6,1720,20.4874,0.005179
scipy-powell,cold,6,1721,20.4992,0.005179
scipy-powell,cold,6,1722,20.5115,0.004990
scipy-powell,cold,6,1724,20.5350,0.004917
scipy-powell,cold,6,1725,20.5463,0.004895
scipy-powell,cold,6,1727,20.5694,0.004891
scipy-powell,cold,6,1728,20.5812,0.004889
scipy-powell,cold,6,1729,20.5938,0.004889
scipy-powell,cold,6,1730,20.6060,0.004889
scipy-powell,cold,6,1732,20.6307,0.004889
scipy-powell,cold,6,1733,20.6422,0.004889
scipy-powell,cold,6,1738,20.7012,0.004886
scipy-powell,cold,6,1739,20.7129,0.004885
scipy-powell,cold,6,1740,20.7254,0.004884
scipy-powell,cold,6,1742,20.7490,0.004884
scipy-powell,cold,6,1743,20.7609,0.004884
scipy-powell,cold,6,1744,20.7732,0.004884
scipy-powell,cold,6,1745,20.7849,0.004884
scipy-powell,cold,6,1746,20.7971,0.004884
scipy-powell,cold,6,1747,20.8090,0.004884
scipy-powell,cold,6,1748,20.8202,0.004884
scipy-powell,cold,6,1749,20.8321,0.004884
scipy-powell,cold,6,1750,20.8438,0.004884
scipy-powell,cold,6,1751,20.8553,0.004884
scipy-powell,cold,6,1752,20.8675,0.004884
scipy-powell,cold,6,1753,20.8811,0.004884
scipy-powell,cold,6,1754,20.8946,0.004884
scipy-powell,cold,6,1755,20.9075,0.004884
scipy-powell,cold,6,1756,20.9207,0.004884
scipy-powell,cold,6,1757,20.9346,0.004884
scipy-powell,cold,6,1758,20.9468,0.004884
scipy-powell,cold,6,1759,20.9592,0.004884
scipy-powell,cold,6,1760,20.9717,0.004884
scipy-powell,cold,6,1761,20.9833,0.004884
scipy-powell,cold,6,1762,20.9960,0.004884
scipy-powell,cold,6,1763,21.0088,0.004884
scipy-powell,cold,6,1764,21.0209,0.004884
scipy-powell,cold,6,1765,21.0334,0.004884
scipy-powell,cold,6,1766,21.0457,0.004884
scipy-powell,cold,6,1767,21.0575,0.004884
scipy-powell,cold,6,1768,21.0695,0.004884
scipy-powell,cold,6,1769,21.0810,0.004884
scipy-powell,cold,6,1770,21.0926,0.004884
scipy-powell,cold,6,1771,21.1039,0.004884
scipy-powell,cold,6,1772,21.1155,0.004884
scipy-powell,cold,6,1773,21.1269,0.004884
scipy-powell,cold,6,1776,21.1620,0.004884
scipy-powell,cold,6,1777,21.1736,0.004884
scipy-powell,cold,6,1778,21.1850,0.004884
scipy-powell,cold,6,1779,21.1968,0.004884
scipy-powell,cold,6,1780,21.2081,0.004884
scipy-powell,cold,6,1781,21.2198,0.004884
scipy-powell,cold,6,1782,21.2312,0.004884
scipy-powell,cold,6,1783,21.2426,0.004884
scipy-powell,cold,6,1784,21.2539,0.004884
scipy-powell,cold,6,1785,21.2654,0.004884
scipy-powell,cold,6,1786,21.2768,0.004884
scipy-powell,cold,6,1792,21.3466,0.004884
scipy-powell,cold,6,1797,21.4043,0.004876
scipy-powell,cold,6,1798,21.4157,0.004871
scipy-powell,cold,6,1799,21.4272,0.004868
scipy-powell,cold,6,1800,21.4389,0.004866
scipy-powell,cold,6,1801,21.4508,0.004865
scipy-powell,cold,6,1802,21.4630,0.004864
scipy-powell,cold,6,1803,21.4759,0.004864
scipy-powell,cold,6,1804,21.4885,0.004863
scipy-powell,cold,6,1805,21.5011,0.004863
scipy-powell,cold,6,1806,21.5133,0.004863
scipy-powell,cold,6,1807,21.5251,0.004863
scipy-powell,cold,6,1808,21.5365,0.004863
scipy-powell,cold,6,1809,21.5483,0.004863
scipy-powell,cold,6,1810,21.5596,0.004863
scipy-powell,cold,6,1811,21.5710,0.004863
scipy-powell,cold,6,1812,21.5828,0.004863
scipy-powell,cold,6,1813,21.5944,0.004863
scipy-powell,cold,6,1814,21.6060,0.004863
scipy-powell,cold,6,1815,21.6175,0.004863
scipy-powell,cold,6,1816,21.6309,0.004863
scipy-powell,cold,6,1817,21.6429,0.004863
scipy-powell,cold,6,1818,21.6547,0.004863
scipy-powell,cold,6,1819,21.6661,0.004863
scipy-powell,cold,6,1820,21.6775,0.004863
scipy-powell,cold,6,1821,21.6905,0.004863
scipy-powell,cold,6,1822,21.7033,0.004863
scipy-powell,cold,6,1823,21.7152,0.004863
scipy-powell,cold,6,1824,21.7280,0.004863
scipy-powell,cold,6,1825,21.7405,0.004863
scipy-powell,cold,6,1826,21.7532,0.004863
scipy-powell,cold,6,1827,21.7649,0.004863
scipy-powell,cold,6,1828,21.7765,0.004863
scipy-powell,cold,6,1829,21.7886,0.004863
scipy-powell,cold,6,1830,21.8012,0.004863
scipy-powell,cold,6,1831,21.8128,0.004863
scipy-powell,cold,6,1832,21.8245,0.004863
scipy-powell,cold,6,1833,21.8366,0.004852
scipy-powell,cold,6,1835,21.8606,0.004848
scipy-powell,cold,6,1837,21.8850,0.004848
scipy-powell,cold,6,1839,21.9108,0.004848
scipy-powell,cold,6,1840,21.9239,0.004848
scipy-powell,cold,6,1841,21.9364,0.004848
scipy-powell,cold,6,1842,21.9490,0.004848
scipy-powell,cold,6,1846,21.9989,0.004848
scipy-powell,cold,6,1852,22.0759,0.004842
scipy-powell,cold,6,1853,22.0879,0.004838
scipy-powell,cold,6,1854,22.1001,0.004837
scipy-powell,cold,6,1855,22.1123,0.004836
scipy-powell,cold,6,1856,22.1244,0.004836
scipy-powell,cold,6,1857,22.2367,0.004836
scipy-powell,cold,6,1858,22.2504,0.004836
scipy-powell,cold,6,1859,22.2651,0.004836
scipy-powell,cold,6,1860,22.2801,0.004836
scipy-powell,cold,6,1861,22.2963,0.004836
scipy-powell,cold,6,1862,22.3105,0.004836
scipy-powell,cold,6,1870,22.4141,0.004832
scipy-powell,cold,6,1874,22.4619,0.004832
scipy-powell,cold,6,1875,22.4737,0.004832
scipy-powell,cold,6,1876,22.4871,0.004832
scipy-powell,cold,6,1878,22.5156,0.004832
scipy-powell,cold,6,1879,22.5312,0.004832
scipy-powell,cold,6,1887,22.6492,0.004832
scipy-powell,cold,6,1888,22.6652,0.004831
scipy-powell,cold,6,1889,22.6813,0.004831
scipy-powell,cold,6,1890,22.6979,0.004831
scipy-powell,cold,6,1891,22.7146,0.004831
scipy-powell,cold,6,1892,22.7312,0.004831
scipy-powell,cold,6,1893,22.7476,0.004831
scipy-powell,cold,6,1894,22.7631,0.004831
scipy-powell,cold,6,1895,22.7755,0.004831
scipy-powell,cold,6,1896,22.7883,0.004831
scipy-powell,cold,6,1897,22.8013,0.004831
scipy-powell,cold,6,1898,22.8147,0.004831
scipy-powell,cold,6,1899,22.8276,0.004831
scipy-powell,cold,6,1900,22.8409,0.004831
scipy-powell,cold,6,1901,22.8545,0.004831
scipy-powell,cold,6,1902,22.8678,0.004831
scipy-powell,cold,6,1903,22.8809,0.004831
scipy-powell,cold,6,1904,22.8935,0.004831
scipy-powell,cold,6,1905,22.9064,0.004831
scipy-powell,cold,6,1906,22.9189,0.004831
scipy-powell,cold,6,1907,22.9312,0.004831
scipy-powell,cold,6,1908,22.9430,0.004831
scipy-powell,cold,6,1909,22.9550,0.004831
scipy-powell,cold,6,1910,22.9669,0.004831
scipy-powell,cold,6,1911,22.9788,0.004831
scipy-powell,cold,6,1912,22.9909,0.004831
scipy-powell,cold,6,1913,23.0029,0.004831
scipy-powell,cold,6,1914,23.0158,0.004831
scipy-powell,cold,6,1915,23.0275,0.004831
scipy-powell,cold,6,1916,23.0403,0.004831
scipy-powell,cold,6,1917,23.0524,0.004831
scipy-powell,cold,6,1918,23.0645,0.004831
scipy-powell,cold,6,1919,23.0772,0.004831
scipy-powell,cold,6,1920,23.0894,0.004831
scipy-powell,cold,6,1921,23.1012,0.004831
scipy-powell,cold,6,1922,23.1134,0.004831
scipy-powell,cold,6,1928,23.1874,0.004831
scipy-powell,cold,6,1929,23.1993,0.004831
scipy-powell,cold,6,1930,23.2117,0.004831
scipy-powell,cold,6,1931,23.2239,0.004831
scipy-powell,cold,6,1932,23.2368,0.004831
scipy-powell,cold,6,1933,23.2490,0.004831
scipy-powell,cold,6,1934,23.2612,0.004831
scipy-powell,cold,6,1935,23.2737,0.004831
scipy-powell,cold,6,1936,23.2862,0.004831
scipy-powell,cold,6,1937,23.2989,0.004831
scipy-powell,cold,6,1938,23.3110,0.004831
scipy-powell,cold,6,1939,23.3235,0.004831
scipy-powell,cold,6,1940,23.3356,0.004831
scipy-powell,cold,6,1941,23.3478,0.004831
scipy-powell,cold,6,1942,23.3594,0.004831
scipy-powell,cold,6,1943,23.3714,0.004831
scipy-powell,cold,6,1944,23.3838,0.004831
scipy-powell,cold,6,1945,23.3972,0.004831
scipy-powell,cold,6,1946,23.4101,0.004831
scipy-powell,cold,6,1947,23.4228,0.004831
scipy-powell,cold,6,1948,23.4350,0.004831
scipy-powell,cold,6,1949,23.4482,0.004831
scipy-powell,cold,6,1950,23.4614,0.004831
scipy-powell,cold,6,1951,23.4736,0.004831
scipy-powell,cold,6,1952,23.4862,0.004831
scipy-powell,cold,6,1953,23.4988,0.004831
scipy-powell,cold,6,1954,23.5117,0.004831
scipy-powell,cold,6,1955,23.5262,0.004831
scipy-powell,cold,6,1956,23.5391,0.004831
scipy-powell,cold,6,1957,23.5526,0.004831
scipy-powell,cold,6,1958,23.5650,0.004831
scipy-powell,cold,6,1959,23.5780,0.004831
scipy-powell,cold,6,1960,23.5920,0.004831
scipy-powell,cold,6,1961,23.6052,0.004831
scipy-powell,cold,6,1962,23.6180,0.004831
scipy-powell,cold,6,1963,23.6310,0.004831
scipy-powell,cold,6,1964,23.6435,0.004831
scipy-powell,cold,6,1965,23.6564,0.004831
scipy-powell,cold,6,1966,23.6679,0.004831
scipy-powell,cold,6,1967,23.6801,0.004831
scipy-powell,cold,6,1968,23.6925,0.004831
scipy-powell,cold,6,1969,23.7082,0.004831
scipy-powell,cold,6,1970,23.7215,0.004831
scipy-powell,cold,6,1971,23.7337,0.004831
scipy-powell,cold,6,1972,23.7465,0.004831
scipy-powell,cold,6,1973,23.7593,0.004831
scipy-powell,cold,6,1974,23.7713,0.004831
scipy-powell,cold,6,1975,23.7838,0.004831
scipy-powell,cold,6,1976,23.7979,0.004831
scipy-powell,cold,6,1977,23.8104,0.004831
scipy-powell,cold,6,1978,23.8225,0.004831
scipy-powell,cold,6,1979,23.8344,0.004831
scipy-powell,cold,6,1980,23.8465,0.004831
scipy-powell,cold,6,1981,23.8581,0.004831
scipy-powell,cold,6,1982,23.8695,0.004831
scipy-powell,cold,6,1983,23.8814,0.004831
scipy-powell,cold,6,1984,23.8931,0.004831
scipy-powell,cold,6,1985,23.9052,0.004831
scipy-powell,cold,6,1986,23.9168,0.004831
scipy-powell,cold,6,1987,23.9296,0.004831
scipy-powell,cold,6,1988,23.9416,0.004831
scipy-powell,cold,6,1989,23.9549,0.004831
scipy-powell,cold,6,1990,23.9683,0.004831
scipy-powell,cold,6,1991,23.9807,0.004831
scipy-powell,cold,6,1992,23.9929,0.004831
scipy-powell,cold,6,1993,24.0047,0.004831
scipy-powell,cold,6,1994,24.0171,0.004831
scipy-powell,cold,6,1995,24.0287,0.004831
scipy-powell,cold,6,1996,24.0431,0.004831
scipy-powell,cold,6,1997,24.0559,0.004831
scipy-powell,cold,6,1998,24.0677,0.004831
scipy-powell,cold,6,1999,24.0795,0.004831
scipy-powell,cold,7,0,0.0000,0.005712
scipy-powell,cold,7,4,0.0599,0.005708
scipy-powell,cold,7,5,0.0716,0.005707
scipy-powell,cold,7,8,0.1183,0.005707
scipy-powell,cold,7,9,0.1354,0.005707
scipy-powell,cold,7,10,0.1503,0.005707
scipy-powell,cold,7,11,0.1633,0.005707
scipy-powell,cold,7,24,0.3231,0.005707
scipy-powell,cold,7,25,0.3348,0.005707
scipy-powell,cold,7,26,0.3478,0.005707
scipy-powell,cold,7,27,0.3603,0.005707
scipy-powell,cold,7,34,0.4449,0.005659
scipy-powell,cold,7,36,0.4686,0.005640
scipy-powell,cold,7,37,0.4800,0.005631
scipy-powell,cold,7,38,0.4918,0.005626
scipy-powell,cold,7,39,0.5038,0.005623
scipy-powell,cold,7,40,0.5159,0.005621
scipy-powell,cold,7,41,0.5288,0.005620
scipy-powell,cold,7,42,0.5408,0.005620
scipy-powell,cold,7,43,0.5523,0.005619
scipy-powell,cold,7,44,0.5641,0.005619
scipy-powell,cold,7,45,0.5772,0.005619
scipy-powell,cold,7,46,0.5886,0.005619
scipy-powell,cold,7,47,0.6002,0.005619
scipy-powell,cold,7,48,0.6119,0.005619
scipy-powell,cold,7,49,0.6232,0.005619
scipy-powell,cold,7,50,0.6346,0.005619
scipy-powell,cold,7,51,0.6469,0.005619
scipy-powell,cold,7,52,0.6581,0.005619
scipy-powell,cold,7,53,0.6702,0.005619
scipy-powell,cold,7,54,0.6814,0.005619
scipy-powell,cold,7,55,0.6930,0.005619
scipy-powell,cold,7,56,0.7057,0.005619
scipy-powell,cold,7,57,0.7193,0.005619
scipy-powell,cold,7,58,0.7328,0.005619
scipy-powell,cold,7,59,0.7458,0.005619
scipy-powell,cold,7,60,0.7591,0.005619
scipy-powell,cold,7,61,0.7731,0.005619
scipy-powell,cold,7,62,0.7863,0.005619
scipy-powell,cold,7,63,0.7987,0.005619
scipy-powell,cold,7,64,0.8107,0.005619
scipy-powell,cold,7,65,0.8231,0.005619
scipy-powell,cold,7,66,0.8358,0.005619
scipy-powell,cold,7,67,0.8481,0.005619
scipy-powell,cold,7,68,0.8609,0.005619
scipy-powell,cold,7,69,0.8728,0.005619
scipy-powell,cold,7,70,0.8854,0.005618
scipy-powell,cold,7,72,0.9103,0.005603
scipy-powell,cold,7,73,0.9225,0.005602
scipy-powell,cold,7,75,0.9483,0.005602
scipy-powell,cold,7,77,0.9753,0.005602
scipy-powell,cold,7,78,0.9873,0.005602
scipy-powell,cold,7,79,0.9996,0.005602
scipy-powell,cold,7,80,1.0124,0.005602
scipy-powell,cold,7,88,1.1109,0.005594
scipy-powell,cold,7,89,1.1221,0.005585
scipy-powell,cold,7,90,1.1335,0.005580
scipy-powell,cold,7,91,1.1449,0.005578
scipy-powell,cold,7,92,1.1565,0.005577
scipy-powell,cold,7,93,1.1681,0.005576
scipy-powell,cold,7,94,1.1809,0.005576
scipy-powell,cold,7,95,1.1926,0.005576
scipy-powell,cold,7,96,1.2050,0.005576
scipy-powell,cold,7,97,1.2190,0.005576
scipy-powell,cold,7,98,1.2309,0.005576
scipy-powell,cold,7,99,1.2427,0.005576
scipy-powell,cold,7,100,1.2544,0.005576
scipy-powell,cold,7,101,1.2658,0.005576
scipy-powell,cold,7,102,1.2777,0.005576
scipy-powell,cold,7,103,1.2890,0.005576
scipy-powell,cold,7,104,1.3009,0.005576
scipy-powell,cold,7,105,1.3138,0.005576
scipy-powell,cold,7,106,1.3261,0.005576
scipy-powell,cold,7,107,1.3386,0.005576
scipy-powell,cold,7,108,1.3509,0.005576
scipy-powell,cold,7,109,1.3639,0.005576
scipy-powell,cold,7,110,1.3765,0.005576
scipy-powell,cold,7,111,1.3884,0.005576
scipy-powell,cold,7,112,1.4000,0.005576
scipy-powell,cold,7,113,1.4116,0.005576
scipy-powell,cold,7,114,1.4240,0.005576
scipy-powell,cold,7,115,1.4361,0.005576
scipy-powell,cold,7,116,1.4494,0.005576
scipy-powell,cold,7,117,1.4617,0.005576
scipy-powell,cold,7,118,1.4754,0.005576
scipy-powell,cold,7,119,1.4881,0.005576
scipy-powell,cold,7,120,1.4999,0.005576
scipy-powell,cold,7,121,1.5120,0.005576
scipy-powell,cold,7,122,1.5239,0.005576
scipy-powell,cold,7,127,1.5872,0.005575
scipy-powell,cold,7,130,1.6244,0.005574
scipy-powell,cold,7,131,1.6370,0.005574
scipy-powell,cold,7,132,1.6497,0.005574
scipy-powell,cold,7,133,1.6620,0.005574
scipy-powell,cold,7,134,1.6744,0.005574
scipy-powell,cold,7,139,1.7353,0.005545
scipy-powell,cold,7,142,1.7708,0.005531
scipy-powell,cold,7,144,1.7956,0.005530
scipy-powell,cold,7,145,1.8082,0.005530
scipy-powell,cold,7,146,1.8201,0.005530
scipy-powell,cold,7,147,1.8323,0.005530
scipy-powell,cold,7,148,1.8444,0.005530
scipy-powell,cold,7,150,1.8701,0.005530
scipy-powell,cold,7,162,2.0170,0.005530
scipy-powell,cold,7,165,2.0520,0.005530
scipy-powell,cold,7,166,2.0639,0.005530
scipy-powell,cold,7,168,2.0870,0.005530
scipy-powell,cold,7,169,2.0986,0.005530
scipy-powell,cold,7,170,2.1105,0.005530
scipy-powell,cold,7,171,2.1221,0.005530
scipy-powell,cold,7,172,2.1335,0.005530
scipy-powell,cold,7,173,2.1449,0.005530
scipy-powell,cold,7,174,2.1570,0.005530
scipy-powell,cold,7,175,2.1688,0.005530
scipy-powell,cold,7,176,2.1810,0.005530
scipy-powell,cold,7,177,2.1927,0.005530
scipy-powell,cold,7,178,2.2044,0.005530
scipy-powell,cold,7,179,2.2159,0.005530
scipy-powell,cold,7,180,2.2278,0.005530
scipy-powell,cold,7,181,2.2397,0.005530
scipy-powell,cold,7,182,2.2528,0.005530
scipy-powell,cold,7,183,2.2662,0.005530
scipy-powell,cold,7,184,2.2790,0.005530
scipy-powell,cold,7,185,2.2917,0.005530
scipy-powell,cold,7,186,2.3044,0.005530
scipy-powell,cold,7,187,2.3170,0.005530
scipy-powell,cold,7,188,2.3300,0.005530
scipy-powell,cold,7,189,2.3422,0.005530
scipy-powell,cold,7,190,2.3550,0.005530
scipy-powell,cold,7,191,2.3677,0.005530
scipy-powell,cold,7,192,2.3800,0.005530
scipy-powell,cold,7,193,2.3925,0.005530
scipy-powell,cold,7,194,2.4044,0.005530
scipy-powell,cold,7,195,2.4162,0.005530
scipy-powell,cold,7,199,2.4634,0.005530
scipy-powell,cold,7,200,2.4748,0.005530
scipy-powell,cold,7,201,2.4863,0.005530
scipy-powell,cold,7,202,2.4986,0.005530
scipy-powell,cold,7,203,2.5104,0.005530
scipy-powell,cold,7,204,2.5218,0.005530
scipy-powell,cold,7,208,2.5682,0.005530
scipy-powell,cold,7,213,2.6278,0.005530
scipy-powell,cold,7,218,2.6893,0.005530
scipy-powell,cold,7,220,2.7122,0.005530
scipy-powell,cold,7,221,2.7243,0.005530
scipy-powell,cold,7,222,2.7361,0.005530
scipy-powell,cold,7,223,2.7476,0.005530
scipy-powell,cold,7,224,2.7590,0.005530
scipy-powell,cold,7,225,2.7708,0.005530
scipy-powell,cold,7,226,2.7823,0.005530
scipy-powell,cold,7,227,2.7935,0.005530
scipy-powell,cold,7,228,2.8058,0.005530
scipy-powell,cold,7,229,2.8180,0.005530
scipy-powell,cold,7,230,2.8302,0.005530
scipy-powell,cold,7,231,2.8421,0.005530
scipy-powell,cold,7,232,2.8536,0.005530
scipy-powell,cold,7,233,2.8647,0.005530
scipy-powell,cold,7,234,2.8760,0.005530
scipy-powell,cold,7,235,2.8873,0.005530
scipy-powell,cold,7,236,2.8989,0.005530
scipy-powell,cold,7,237,2.9106,0.005530
scipy-powell,cold,7,238,2.9229,0.005530
scipy-powell,cold,7,239,2.9341,0.005530
scipy-powell,cold,7,240,2.9450,0.005530
scipy-powell,cold,7,241,2.9561,0.005530
scipy-powell,cold,7,242,2.9672,0.005530
scipy-powell,cold,7,243,2.9782,0.005530
scipy-powell,cold,7,244,2.9895,0.005530
scipy-powell,cold,7,245,3.0007,0.005530
scipy-powell,cold,7,246,3.0127,0.005530
scipy-powell,cold,7,247,3.0239,0.005530
scipy-powell,cold,7,248,3.0355,0.005530
scipy-powell,cold,7,249,3.0466,0.005530
scipy-powell,cold,7,250,3.0579,0.005530
scipy-powell,cold,7,251,3.0691,0.005530
scipy-powell,cold,7,252,3.0804,0.005530
scipy-powell,cold,7,253,3.0919,0.005530
scipy-powell,cold,7,255,3.1147,0.005530
scipy-powell,cold,7,256,3.1259,0.005530
scipy-powell,cold,7,257,3.1371,0.005530
scipy-powell,cold,7,258,3.1484,0.005530
scipy-powell,cold,7,259,3.1596,0.005530
scipy-powell,cold,7,260,3.1709,0.005530
scipy-powell,cold,7,261,3.1820,0.005530
scipy-powell,cold,7,262,3.1932,0.005530
scipy-powell,cold,7,263,3.2045,0.005530
scipy-powell,cold,7,264,3.2159,0.005530
scipy-powell,cold,7,265,3.2271,0.005530
scipy-powell,cold,7,266,3.2384,0.005530
scipy-powell,cold,7,267,3.2496,0.005530
scipy-powell,cold,7,268,3.2612,0.005530
scipy-powell,cold,7,269,3.2726,0.005530
scipy-powell,cold,7,270,3.2839,0.005530
scipy-powell,cold,7,271,3.2953,0.005530
scipy-powell,cold,7,272,3.3067,0.005530
scipy-powell,cold,7,273,3.3180,0.005530
scipy-powell,cold,7,274,3.3296,0.005530
scipy-powell,cold,7,275,3.3408,0.005530
scipy-powell,cold,7,276,3.3522,0.005530
scipy-powell,cold,7,277,3.3637,0.005530
scipy-powell,cold,7,278,3.3757,0.005530
scipy-powell,cold,7,279,3.3875,0.005530
scipy-powell,cold,7,280,3.3994,0.005530
scipy-powell,cold,7,281,3.4116,0.005530
scipy-powell,cold,7,282,3.4239,0.005530
scipy-powell,cold,7,283,3.4364,0.005530
scipy-powell,cold,7,284,3.4494,0.005530
scipy-powell,cold,7,285,3.4614,0.005530
scipy-powell,cold,7,286,3.4739,0.005530
scipy-powell,cold,7,287,3.4870,0.005530
scipy-powell,cold,7,288,3.4990,0.005530
scipy-powell,cold,7,289,3.5108,0.005530
scipy-powell,cold,7,292,3.5455,0.005530
scipy-powell,cold,7,293,3.5574,0.005530
scipy-powell,cold,7,294,3.5695,0.005530
scipy-powell,cold,7,295,3.5810,0.005530
scipy-powell,cold,7,296,3.5921,0.005530
scipy-powell,cold,7,297,3.6033,0.005530
scipy-powell,cold,7,298,3.6146,0.005530
scipy-powell,cold,7,299,3.6258,0.005530
scipy-powell,cold,7,300,3.6376,0.005530
scipy-powell,cold,7,301,3.6491,0.005530
scipy-powell,cold,7,302,3.6612,0.005530
scipy-powell,cold,7,303,3.6731,0.005530
scipy-powell,cold,7,304,3.6848,0.005530
scipy-powell,cold,7,305,3.6970,0.005530
scipy-powell,cold,7,306,3.7092,0.005530
scipy-powell,cold,7,307,3.7204,0.005530
scipy-powell,cold,7,308,3.7320,0.005530
scipy-powell,cold,7,309,3.7434,0.005530
scipy-powell,cold,7,310,3.7554,0.005530
scipy-powell,cold,7,311,3.7677,0.005530
scipy-powell,cold,7,312,3.7796,0.005530
scipy-powell,cold,7,313,3.7922,0.005530
scipy-powell,cold,7,314,3.8040,0.005530
scipy-powell,cold,7,315,3.8153,0.005530
scipy-powell,cold,7,316,3.8266,0.005530
scipy-powell,cold,7,317,3.8378,0.005530
scipy-powell,cold,7,318,3.8494,0.005530
scipy-powell,cold,7,319,3.8614,0.005530
scipy-powell,cold,7,320,3.8726,0.005530
scipy-powell,cold,7,321,3.8839,0.005530
scipy-powell,cold,7,322,3.8955,0.005530
scipy-powell,cold,7,323,3.9079,0.005530
scipy-powell,cold,7,324,3.9207,0.005530
scipy-powell,cold,7,325,3.9322,0.005530
scipy-powell,cold,7,326,3.9434,0.005530
scipy-powell,cold,7,328,3.9661,0.005530
scipy-powell,cold,7,329,3.9773,0.005530
scipy-powell,cold,7,330,3.9888,0.005530
scipy-powell,cold,7,331,4.0014,0.005530
scipy-powell,cold,7,332,4.0142,0.005530
scipy-powell,cold,7,333,4.0264,0.005530
scipy-powell,cold,7,334,4.0384,0.005530
scipy-powell,cold,7,335,4.0510,0.005530
scipy-powell,cold,7,336,4.0626,0.005530
scipy-powell,cold,7,337,4.0740,0.005530
scipy-powell,cold,7,338,4.0856,0.005530
scipy-powell,cold,7,339,4.0979,0.005530
scipy-powell,cold,7,340,4.1106,0.005530
scipy-powell,cold,7,341,4.1230,0.005530
scipy-powell,cold,7,342,4.1358,0.005530
scipy-powell,cold,7,343,4.1480,0.005530
scipy-powell,cold,7,344,4.1601,0.005530
scipy-powell,cold,7,345,4.1733,0.005530
scipy-powell,cold,7,346,4.1854,0.005530
scipy-powell,cold,7,347,4.1976,0.005530
scipy-powell,cold,7,348,4.2103,0.005530
scipy-powell,cold,7,349,4.2220,0.005530
scipy-powell,cold,7,350,4.2334,0.005530
scipy-powell,cold,7,351,4.2453,0.005530
scipy-powell,cold,7,352,4.2574,0.005530
scipy-powell,cold,7,353,4.2693,0.005530
scipy-powell,cold,7,354,4.2818,0.005530
scipy-powell,cold,7,355,4.2938,0.005530
scipy-powell,cold,7,356,4.3053,0.005530
scipy-powell,cold,7,357,4.3171,0.005530
scipy-powell,cold,7,358,4.3310,0.005530
scipy-powell,cold,7,359,4.3423,0.005530
scipy-powell,cold,7,360,4.3536,0.005530
scipy-powell,cold,7,361,4.3651,0.005530
scipy-powell,cold,7,362,4.3760,0.005530
scipy-powell,cold,7,363,4.3874,0.005530
scipy-powell,cold,7,364,4.3984,0.005530
scipy-powell,cold,7,366,4.4208,0.005530
scipy-powell,cold,7,368,4.4463,0.005530
scipy-powell,cold,7,370,4.4758,0.005530
scipy-powell,cold,7,371,4.4870,0.005530
scipy-powell,cold,7,372,4.4985,0.005530
scipy-powell,cold,7,373,4.5098,0.005530
scipy-powell,cold,7,375,4.5321,0.005530
scipy-powell,cold,7,383,4.6310,0.005530
scipy-powell,cold,7,385,4.6529,0.005530
scipy-powell,cold,7,386,4.6638,0.005530
scipy-powell,cold,7,392,4.7308,0.005530
scipy-powell,cold,7,395,4.7672,0.005530
scipy-powell,cold,7,397,4.7899,0.005530
scipy-powell,cold,7,402,4.8459,0.005530
scipy-powell,cold,7,403,4.8577,0.005530
scipy-powell,cold,7,404,4.8692,0.005530
scipy-powell,cold,7,405,4.8813,0.005530
scipy-powell,cold,7,406,4.8939,0.005530
scipy-powell,cold,7,408,4.9191,0.005530
scipy-powell,cold,7,496,5.9545,0.005529
scipy-powell,cold,7,497,5.9675,0.005528
scipy-powell,cold,7,498,5.9807,0.005528
scipy-powell,cold,7,499,5.9927,0.005528
scipy-powell,cold,7,500,6.0048,0.005528
scipy-powell,cold,7,501,6.0163,0.005528
scipy-powell,cold,7,502,6.0277,0.005528
scipy-powell,cold,7,503,6.0390,0.005528
scipy-powell,cold,7,504,6.0505,0.005528
scipy-powell,cold,7,505,6.0618,0.005528
scipy-powell,cold,7,506,6.0736,0.005528
scipy-powell,cold,7,507,6.0851,0.005528
scipy-powell,cold,7,508,6.0966,0.005528
scipy-powell,cold,7,509,6.1084,0.005528
scipy-powell,cold,7,510,6.1200,0.005528
scipy-powell,cold,7,511,6.1314,0.005528
scipy-powell,cold,7,512,6.1428,0.005528
scipy-powell,cold,7,513,6.1538,0.005528
scipy-powell,cold,7,514,6.1648,0.005528
scipy-powell,cold,7,515,6.1768,0.005528
scipy-powell,cold,7,516,6.1881,0.005528
scipy-powell,cold,7,517,6.1993,0.005528
scipy-powell,cold,7,518,6.2105,0.005528
scipy-powell,cold,7,519,6.2214,0.005528
scipy-powell,cold,7,520,6.2329,0.005528
scipy-powell,cold,7,521,6.2443,0.005528
scipy-powell,cold,7,522,6.2557,0.005528
scipy-powell,cold,7,523,6.2673,0.005528
scipy-powell,cold,7,524,6.2790,0.005528
scipy-powell,cold,7,525,6.2901,0.005528
scipy-powell,cold,7,526,6.3015,0.005528
scipy-powell,cold,7,527,6.3128,0.005528
scipy-powell,cold,7,531,6.3580,0.005527
scipy-powell,cold,7,533,6.3817,0.005527
scipy-powell,cold,7,534,6.3931,0.005527
scipy-powell,cold,7,535,6.4041,0.005527
scipy-powell,cold,7,536,6.4154,0.005527
scipy-powell,cold,7,537,6.4263,0.005527
scipy-powell,cold,7,538,6.4371,0.005527
scipy-powell,cold,7,539,6.4483,0.005527
scipy-powell,cold,7,542,6.4833,0.005527
scipy-powell,cold,7,546,6.5296,0.005526
scipy-powell,cold,7,547,6.5410,0.005522
scipy-powell,cold,7,548,6.5530,0.005520
scipy-powell,cold,7,549,6.5652,0.005519
scipy-powell,cold,7,550,6.5768,0.005518
scipy-powell,cold,7,551,6.5886,0.005518
scipy-powell,cold,7,552,6.6000,0.005518
scipy-powell,cold,7,553,6.6118,0.005517
scipy-powell,cold,7,554,6.6233,0.005517
scipy-powell,cold,7,555,6.6347,0.005517
scipy-powell,cold,7,556,6.6460,0.005517
scipy-powell,cold,7,557,6.6575,0.005517
scipy-powell,cold,7,558,6.6689,0.005517
scipy-powell,cold,7,559,6.6801,0.005517
scipy-powell,cold,7,560,6.6919,0.005517
scipy-powell,cold,7,561,6.7032,0.005517
scipy-powell,cold,7,562,6.7152,0.005517
scipy-powell,cold,7,563,6.7265,0.005517
scipy-powell,cold,7,564,6.7379,0.005517
scipy-powell,cold,7,565,6.7492,0.005517
scipy-powell,cold,7,566,6.7617,0.005517
scipy-powell,cold,7,567,6.7731,0.005517
scipy-powell,cold,7,568,6.7849,0.005517
scipy-powell,cold,7,569,6.7964,0.005517
scipy-powell,cold,7,570,6.8077,0.005517
scipy-powell,cold,7,571,6.8192,0.005517
scipy-powell,cold,7,572,6.8303,0.005517
scipy-powell,cold,7,573,6.8416,0.005517
scipy-powell,cold,7,574,6.8527,0.005517
scipy-powell,cold,7,575,6.8639,0.005517
scipy-powell,cold,7,576,6.8753,0.005517
scipy-powell,cold,7,577,6.8874,0.005517
scipy-powell,cold,7,578,6.8985,0.005517
scipy-powell,cold,7,579,6.9096,0.005517
scipy-powell,cold,7,582,6.9454,0.005515
scipy-powell,cold,7,583,6.9568,0.005513
scipy-powell,cold,7,584,6.9681,0.005513
scipy-powell,cold,7,585,6.9800,0.005512
scipy-powell,cold,7,587,7.0029,0.005512
scipy-powell,cold,7,589,7.0254,0.005512
scipy-powell,cold,7,591,7.0479,0.005512
scipy-powell,cold,7,592,7.0588,0.005512
scipy-powell,cold,7,597,7.1150,0.005512
scipy-powell,cold,7,606,7.2164,0.005512
scipy-powell,cold,7,607,7.2276,0.005510
scipy-powell,cold,7,608,7.2386,0.005510
scipy-powell,cold,7,609,7.2497,0.005509
scipy-powell,cold,7,610,7.2609,0.005509
scipy-powell,cold,7,611,7.2720,0.005509
scipy-powell,cold,7,612,7.2836,0.005508
scipy-powell,cold,7,613,7.2947,0.005508
scipy-powell,cold,7,614,7.3061,0.005508
scipy-powell,cold,7,615,7.3173,0.005508
scipy-powell,cold,7,616,7.3283,0.005508
scipy-powell,cold,7,617,7.3395,0.005508
scipy-powell,cold,7,618,7.3506,0.005508
scipy-powell,cold,7,619,7.3615,0.005508
scipy-powell,cold,7,620,7.3727,0.005508
scipy-powell,cold,7,621,7.3837,0.005508
scipy-powell,cold,7,622,7.3950,0.005508
scipy-powell,cold,7,623,7.4061,0.005508
scipy-powell,cold,7,624,7.4170,0.005508
scipy-powell,cold,7,625,7.4280,0.005508
scipy-powell,cold,7,626,7.4391,0.005508
scipy-powell,cold,7,627,7.4503,0.005508
scipy-powell,cold,7,628,7.4614,0.005508
scipy-powell,cold,7,629,7.4727,0.005508
scipy-powell,cold,7,630,7.4840,0.005508
scipy-powell,cold,7,631,7.4951,0.005508
scipy-powell,cold,7,632,7.5064,0.005508
scipy-powell,cold,7,633,7.5173,0.005508
scipy-powell,cold,7,634,7.5284,0.005508
scipy-powell,cold,7,635,7.5395,0.005508
scipy-powell,cold,7,636,7.5503,0.005508
scipy-powell,cold,7,637,7.5616,0.005508
scipy-powell,cold,7,638,7.5736,0.005508
scipy-powell,cold,7,639,7.5850,0.005468
scipy-powell,cold,7,643,7.6315,0.005462
scipy-powell,cold,7,645,7.6538,0.005462
scipy-powell,cold,7,647,7.6764,0.005462
scipy-powell,cold,7,648,7.6878,0.005462
scipy-powell,cold,7,649,7.6988,0.005462
scipy-powell,cold,7,650,7.7101,0.005462
scipy-powell,cold,7,651,7.7217,0.005462
scipy-powell,cold,7,652,7.7332,0.005462
scipy-powell,cold,7,1665,20.5840,0.005456
scipy-powell,cold,7,1666,20.5958,0.005449
scipy-powell,cold,7,1667,20.6078,0.005445
scipy-powell,cold,7,1668,20.6198,0.005442
scipy-powell,cold,7,1669,20.6331,0.005440
scipy-powell,cold,7,1670,20.6467,0.005439
scipy-powell,cold,7,1671,20.6598,0.005438
scipy-powell,cold,7,1672,20.6708,0.005438
scipy-powell,cold,7,1673,20.6833,0.005438
scipy-powell,cold,7,1674,20.6978,0.005437
scipy-powell,cold,7,1675,20.7117,0.005437
scipy-powell,cold,7,1676,20.7254,0.005437
scipy-powell,cold,7,1677,20.7382,0.005437
scipy-powell,cold,7,1678,20.7509,0.005437
scipy-powell,cold,7,1679,20.7632,0.005437
scipy-powell,cold,7,1680,20.7756,0.005437
scipy-powell,cold,7,1681,20.7878,0.005437
scipy-powell,cold,7,1682,20.7989,0.005437
scipy-powell,cold,7,1683,20.8107,0.005437
scipy-powell,cold,7,1684,20.8220,0.005437
scipy-powell,cold,7,1685,20.8348,0.005437
scipy-powell,cold,7,1686,20.8464,0.005437
scipy-powell,cold,7,1687,20.8575,0.005437
scipy-powell,cold,7,1688,20.8690,0.005437
scipy-powell,cold,7,1689,20.8805,0.005437
scipy-powell,cold,7,1690,20.8918,0.005437
scipy-powell,cold,7,1691,20.9036,0.005437
scipy-powell,cold,7,1692,20.9166,0.005437
scipy-powell,cold,7,1693,20.9285,0.005437
scipy-powell,cold,7,1694,20.9416,0.005437
scipy-powell,cold,7,1695,20.9546,0.005437
scipy-powell,cold,7,1696,20.9668,0.005437
scipy-powell,cold,7,1697,20.9813,0.005437
scipy-powell,cold,7,1698,20.9938,0.005291
scipy-powell,cold,7,1700,21.0184,0.005121
scipy-powell,cold,7,1704,21.0711,0.005102
scipy-powell,cold,7,1705,21.0843,0.005101
scipy-powell,cold,7,1706,21.0976,0.005101
scipy-powell,cold,7,1707,21.1113,0.005101
scipy-powell,cold,7,1708,21.1247,0.005101
scipy-powell,cold,7,1709,21.1383,0.005101
scipy-powell,cold,7,1710,21.1512,0.005101
scipy-powell,cold,7,1711,21.1629,0.005101
scipy-powell,cold,7,1715,21.2128,0.005063
scipy-powell,cold,7,1717,21.2391,0.005062
scipy-powell,cold,7,1718,21.2522,0.005062
scipy-powell,cold,7,1719,21.2654,0.005062
scipy-powell,cold,7,1720,21.2806,0.005062
scipy-powell,cold,7,1721,21.2961,0.005062
scipy-powell,cold,7,1731,21.4334,0.005062
scipy-powell,cold,7,1732,21.4455,0.005059
scipy-powell,cold,7,1734,21.4700,0.005059
scipy-powell,cold,7,1735,21.4829,0.005059
scipy-powell,cold,7,1736,21.4978,0.005059
scipy-powell,cold,7,1737,21.5113,0.005059
scipy-powell,cold,7,1744,21.6053,0.005058
scipy-powell,cold,7,1746,21.6304,0.005053
scipy-powell,cold,7,1750,21.6826,0.005053
scipy-powell,cold,7,1752,21.7101,0.005053
scipy-powell,cold,7,1753,21.7225,0.005053
scipy-powell,cold,7,1754,21.7348,0.005053
scipy-powell,cold,7,1766,21.8919,0.005051
scipy-powell,cold,7,1769,21.9335,0.005051
scipy-powell,cold,7,1770,21.9457,0.005051
scipy-powell,cold,7,1771,21.9574,0.005051
scipy-powell,cold,7,1772,21.9691,0.005051
scipy-powell,cold,7,1776,22.0184,0.005051
scipy-powell,cold,7,1779,22.0540,0.005051
scipy-powell,cold,7,1781,22.0779,0.005051
scipy-powell,cold,7,1782,22.0900,0.005051
scipy-powell,cold,7,1783,22.1018,0.005051
scipy-powell,cold,7,1784,22.1136,0.005051
scipy-powell,cold,7,1785,22.1253,0.005051
scipy-powell,cold,7,1786,22.1370,0.005051
scipy-powell,cold,7,1791,22.2015,0.005051
scipy-powell,cold,7,1814,22.5573,0.005050
scipy-powell,cold,7,1815,22.5733,0.005050
scipy-powell,cold,7,1816,22.5905,0.005050
scipy-powell,cold,7,1817,22.6076,0.005050
scipy-powell,cold,7,1818,22.6238,0.005050
scipy-powell,cold,7,1819,22.6409,0.005050
scipy-powell,cold,7,1820,22.6578,0.005050
scipy-powell,cold,7,1821,22.6745,0.005050
scipy-powell,cold,7,1822,22.6924,0.005050
scipy-powell,cold,7,1823,22.7107,0.005050
scipy-powell,cold,7,1824,22.7284,0.005050
scipy-powell,cold,7,1825,22.7460,0.005050
scipy-powell,cold,7,1826,22.7638,0.005050
scipy-powell,cold,7,1827,22.7812,0.005050
scipy-powell,cold,7,1828,22.7979,0.005050
scipy-powell,cold,7,1829,22.8145,0.005050
scipy-powell,cold,7,1830,22.8314,0.005050
scipy-powell,cold,7,1831,22.8481,0.005050
scipy-powell,cold,7,1832,22.8649,0.005050
scipy-powell,cold,7,1833,22.8814,0.005050
scipy-powell,cold,7,1834,22.8978,0.005050
scipy-powell,cold,7,1835,22.9142,0.005050
scipy-powell,cold,7,1836,22.9309,0.005050
scipy-powell,cold,7,1837,22.9472,0.005050
scipy-powell,cold,7,1838,22.9631,0.005050
scipy-powell,cold,7,1839,22.9801,0.005050
scipy-powell,cold,7,1840,22.9977,0.005050
scipy-powell,cold,7,1841,23.0165,0.005050
scipy-powell,cold,7,1842,23.0361,0.005050
scipy-powell,cold,7,1843,23.0544,0.005050
scipy-powell,cold,7,1844,23.0724,0.005050
scipy-powell,cold,7,1845,23.0891,0.005050
scipy-powell,cold,7,1846,23.1058,0.005050
scipy-powell,cold,7,1847,23.1234,0.005050
scipy-powell,cold,7,1848,23.1405,0.005050
scipy-powell,cold,7,1851,23.1880,0.005049
scipy-powell,cold,7,1852,23.2038,0.005048
scipy-powell,cold,7,1853,23.2183,0.005047
scipy-powell,cold,7,1856,23.2697,0.005047
scipy-powell,cold,7,1857,23.2832,0.005047
scipy-powell,cold,7,1858,23.2979,0.005047
scipy-powell,cold,7,1859,23.3130,0.005047
scipy-powell,cold,7,1860,23.3278,0.005047
scipy-powell,cold,7,1861,23.3434,0.005047
scipy-powell,cold,7,1862,23.3591,0.005047
scipy-powell,cold,7,1863,23.3739,0.005047
scipy-powell,cold,7,1869,23.4736,0.005047
scipy-powell,cold,7,1872,23.5234,0.005046
scipy-powell,cold,7,1873,23.5374,0.005046
scipy-powell,cold,7,1874,23.5504,0.005046
scipy-powell,cold,7,1875,23.5647,0.005046
scipy-powell,cold,7,1876,23.5780,0.005046
scipy-powell,cold,7,1877,23.5918,0.005046
scipy-powell,cold,7,1879,23.6211,0.005046
scipy-powell,cold,7,1882,23.6625,0.005036
scipy-powell,cold,7,1884,23.6877,0.005034
scipy-powell,cold,7,1886,23.7127,0.005032
scipy-powell,cold,7,1888,23.7368,0.005032
scipy-powell,cold,7,1890,23.7616,0.005032
scipy-powell,cold,7,1891,23.7737,0.005032
scipy-powell,cold,7,1892,23.7856,0.005032
scipy-powell,cold,7,1893,23.7986,0.005032
scipy-powell,cold,7,1894,23.8113,0.005032
scipy-powell,cold,7,1895,23.8249,0.005032
scipy-powell,cold,7,1897,23.8499,0.005032
scipy-powell,cold,7,1898,23.8627,0.005029
scipy-powell,cold,7,1900,23.8891,0.005029
scipy-powell,cold,7,1901,23.9048,0.005029
scipy-powell,cold,7,1902,23.9187,0.005029
scipy-powell,cold,7,1903,23.9330,0.005029
scipy-powell,cold,7,1904,23.9470,0.005029
scipy-powell,cold,7,1905,23.9616,0.005029
scipy-powell,cold,7,1906,23.9753,0.005029
scipy-powell,cold,7,1907,23.9902,0.005029
scipy-powell,cold,7,1930,24.2796,0.005029
scipy-powell,cold,7,1931,24.2917,0.005029
scipy-powell,cold,7,1932,24.3040,0.005029
scipy-powell,cold,7,1933,24.3161,0.005029
scipy-powell,cold,7,1934,24.3287,0.005029
scipy-powell,cold,7,1935,24.3406,0.005029
scipy-powell,cold,7,1936,24.3524,0.005029
scipy-powell,cold,7,1937,24.3640,0.005029
scipy-powell,cold,7,1938,24.3757,0.005029
scipy-powell,cold,7,1939,24.3877,0.005029
scipy-powell,cold,7,1940,24.3999,0.005029
scipy-powell,cold,7,1941,24.4125,0.005029
scipy-powell,cold,7,1942,24.4254,0.005029
scipy-powell,cold,7,1943,24.4381,0.005029
scipy-powell,cold,7,1944,24.4508,0.005029
scipy-powell,cold,7,1945,24.4628,0.005029
scipy-powell,cold,7,1946,24.4754,0.005029
scipy-powell,cold,7,1947,24.4880,0.005029
scipy-powell,cold,7,1948,24.5013,0.005029
scipy-powell,cold,7,1949,24.5142,0.005029
scipy-powell,cold,7,1950,24.5269,0.005029
scipy-powell,cold,7,1951,24.5392,0.005029
scipy-powell,cold,7,1952,24.5524,0.005029
scipy-powell,cold,7,1953,24.5657,0.005029
scipy-powell,cold,7,1954,24.5778,0.005029
scipy-powell,cold,7,1955,24.5908,0.005029
scipy-powell,cold,7,1956,24.6044,0.005029
scipy-powell,cold,7,1957,24.6175,0.005029
scipy-powell,cold,7,1959,24.6440,0.005029
scipy-powell,cold,7,1960,24.6577,0.005029
scipy-powell,cold,7,1961,24.6701,0.005029
scipy-powell,cold,7,1962,24.6832,0.005029
scipy-powell,cold,7,1963,24.6967,0.005029
scipy-powell,cold,7,1964,24.7099,0.005029
scipy-powell,cold,7,1965,24.7232,0.005029
scipy-powell,cold,7,1966,24.7369,0.005029
scipy-powell,cold,7,1967,24.7506,0.005029
scipy-powell,cold,7,1968,24.7644,0.005029
scipy-powell,cold,7,1969,24.7779,0.005029
scipy-powell,cold,7,1970,24.7925,0.005029
scipy-powell,cold,7,1971,24.8067,0.005029
scipy-powell,cold,7,1972,24.8194,0.005029
scipy-powell,cold,7,1973,24.8330,0.005029
scipy-powell,cold,7,1974,24.8476,0.005029
scipy-powell,cold,7,1975,24.8612,0.005029
scipy-powell,cold,7,1976,24.8746,0.005029
scipy-powell,cold,7,1977,24.8887,0.005029
scipy-powell,cold,7,1978,24.9012,0.005029
scipy-powell,cold,7,1979,24.9140,0.005029
scipy-powell,cold,7,1980,24.9260,0.005029
scipy-powell,cold,7,1981,24.9386,0.005029
scipy-powell,cold,7,1982,24.9507,0.005029
scipy-powell,cold,7,1983,24.9635,0.005029
scipy-powell,cold,7,1984,24.9763,0.005029
scipy-powell,cold,7,1985,24.9898,0.005029
scipy-powell,cold,7,1986,25.0027,0.005029
scipy-powell,cold,7,1987,25.0147,0.005029
scipy-powell,cold,7,1988,25.0278,0.005029
scipy-powell,cold,7,1989,25.0412,0.005029
scipy-powell,cold,7,1990,25.0549,0.005029
scipy-powell,cold,7,1991,25.0680,0.005029
scipy-powell,cold,7,1992,25.0803,0.005029
scipy-powell,cold,7,1993,25.0925,0.005029
scipy-powell,cold,7,1994,25.1045,0.005028
scipy-powell,cold,7,1998,25.1566,0.005028
scipy-powell,cold,7,2000,25.1817,0.005028
scipy-powell,cold,8,0,0.0000,0.006069
scipy-powell,cold,8,2,0.0369,0.006066
scipy-powell,cold,8,3,0.0493,0.006064
scipy-powell,cold,8,5,0.0763,0.006064
scipy-powell,cold,8,6,0.0901,0.006064
scipy-powell,cold,8,7,0.1034,0.006064
scipy-powell,cold,8,8,0.1165,0.006064
scipy-powell,cold,8,24,0.3180,0.006064
scipy-powell,cold,8,25,0.3304,0.006064
scipy-powell,cold,8,27,0.3555,0.006063
scipy-powell,cold,8,28,0.3682,0.006063
scipy-powell,cold,8,30,0.3942,0.006063
scipy-powell,cold,8,31,0.4068,0.006063
scipy-powell,cold,8,32,0.4209,0.006063
scipy-powell,cold,8,33,0.4341,0.006063
scipy-powell,cold,8,34,0.4475,0.006063
scipy-powell,cold,8,35,0.4604,0.006063
scipy-powell,cold,8,36,0.4736,0.006063
scipy-powell,cold,8,37,0.4868,0.006063
scipy-powell,cold,8,41,0.5395,0.006063
scipy-powell,cold,8,46,0.6036,0.006063
scipy-powell,cold,8,47,0.6162,0.006062
scipy-powell,cold,8,48,0.6290,0.006062
scipy-powell,cold,8,49,0.6424,0.006061
scipy-powell,cold,8,50,0.6547,0.006061
scipy-powell,cold,8,51,0.6673,0.006061
scipy-powell,cold,8,52,0.6798,0.006061
scipy-powell,cold,8,53,0.6929,0.006061
scipy-powell,cold,8,54,0.7056,0.006061
scipy-powell,cold,8,55,0.7184,0.006061
scipy-powell,cold,8,56,0.7308,0.006061
scipy-powell,cold,8,57,0.7434,0.006061
scipy-powell,cold,8,58,0.7568,0.006061
scipy-powell,cold,8,59,0.7696,0.006061
scipy-powell,cold,8,60,0.7825,0.006061
scipy-powell,cold,8,61,0.7952,0.006061
scipy-powell,cold,8,62,0.8079,0.006061
scipy-powell,cold,8,63,0.8209,0.006061
scipy-powell,cold,8,64,0.8339,0.006061
scipy-powell,cold,8,65,0.8471,0.006061
scipy-powell,cold,8,66,0.8607,0.006061
scipy-powell,cold,8,67,0.8733,0.006061
scipy-powell,cold,8,68,0.8855,0.006061
scipy-powell,cold,8,69,0.8986,0.006061
scipy-powell,cold,8,70,0.9110,0.006061
scipy-powell,cold,8,71,0.9231,0.006061
scipy-powell,cold,8,72,0.9355,0.006061
scipy-powell,cold,8,73,0.9481,0.006061
scipy-powell,cold,8,74,0.9604,0.006061
scipy-powell,cold,8,75,0.9730,0.006061
scipy-powell,cold,8,76,0.9857,0.006061
scipy-powell,cold,8,77,0.9988,0.006061
scipy-powell,cold,8,78,1.0109,0.006061
scipy-powell,cold,8,79,1.0228,0.006061
scipy-powell,cold,8,80,1.0357,0.006050
scipy-powell,cold,8,82,1.0610,0.006048
scipy-powell,cold,8,84,1.0877,0.006048
scipy-powell,cold,8,85,1.1013,0.006048
scipy-powell,cold,8,86,1.1138,0.006048
scipy-powell,cold,8,87,1.1273,0.006048
scipy-powell,cold,8,88,1.1405,0.006048
scipy-powell,cold,8,89,1.1530,0.006048
scipy-powell,cold,8,90,1.1657,0.006048
scipy-powell,cold,8,98,1.2641,0.006048
scipy-powell,cold,8,100,1.2877,0.006043
scipy-powell,cold,8,101,1.2997,0.006038
scipy-powell,cold,8,103,1.3262,0.006037
scipy-powell,cold,8,104,1.3391,0.006037
scipy-powell,cold,8,105,1.3525,0.006037
scipy-powell,cold,8,107,1.3790,0.006037
scipy-powell,cold,8,114,1.4673,0.006037
scipy-powell,cold,8,119,1.5301,0.006036
scipy-powell,cold,8,120,1.5440,0.006036
scipy-powell,cold,8,121,1.5574,0.006036
scipy-powell,cold,8,122,1.5697,0.006036
scipy-powell,cold,8,123,1.5834,0.006036
scipy-powell,cold,8,124,1.5968,0.006036
scipy-powell,cold,8,126,1.6247,0.006036
scipy-powell,cold,8,133,1.7257,0.006009
scipy-powell,cold,8,134,1.7393,0.005979
scipy-powell,cold,8,135,1.7531,0.005961
scipy-powell,cold,8,136,1.7660,0.005950
scipy-powell,cold,8,137,1.7786,0.005944
scipy-powell,cold,8,138,1.7907,0.005941
scipy-powell,cold,8,139,1.8034,0.005939
scipy-powell,cold,8,140,1.8160,0.005938
scipy-powell,cold,8,141,1.8285,0.005937
scipy-powell,cold,8,142,1.8408,0.005936
scipy-powell,cold,8,143,1.8535,0.005936
scipy-powell,cold,8,144,1.8657,0.005936
scipy-powell,cold,8,145,1.8778,0.005936
scipy-powell,cold,8,146,1.8900,0.005936
scipy-powell,cold,8,147,1.9020,0.005936
scipy-powell,cold,8,148,1.9146,0.005936
scipy-powell,cold,8,149,1.9273,0.005936
scipy-powell,cold,8,150,1.9399,0.005936
scipy-powell,cold,8,151,1.9529,0.005936
scipy-powell,cold,8,152,1.9659,0.005936
scipy-powell,cold,8,153,1.9788,0.005936
scipy-powell,cold,8,154,1.9915,0.005936
scipy-powell,cold,8,155,2.0046,0.005936
scipy-powell,cold,8,156,2.0181,0.005936
scipy-powell,cold,8,157,2.0315,0.005936
scipy-powell,cold,8,158,2.0449,0.005936
scipy-powell,cold,8,159,2.0587,0.005936
scipy-powell,cold,8,160,2.0728,0.005936
scipy-powell,cold,8,161,2.0868,0.005936
scipy-powell,cold,8,162,2.1006,0.005936
scipy-powell,cold,8,163,2.1141,0.005936
scipy-powell,cold,8,164,2.1276,0.005936
scipy-powell,cold,8,165,2.1416,0.005936
scipy-powell,cold,8,166,2.1544,0.005936
scipy-powell,cold,8,167,2.1674,0.005829
scipy-powell,cold,8,169,2.1939,0.005792
scipy-powell,cold,8,170,2.2080,0.005788
scipy-powell,cold,8,172,2.2335,0.005787
scipy-powell,cold,8,173,2.2466,0.005787
scipy-powell,cold,8,174,2.2598,0.005786
scipy-powell,cold,8,175,2.2732,0.005785
scipy-powell,cold,8,176,2.2868,0.005785
scipy-powell,cold,8,177,2.2998,0.005785
scipy-powell,cold,8,179,2.3255,0.005785
scipy-powell,cold,8,180,2.3387,0.005785
scipy-powell,cold,8,181,2.3510,0.005785
scipy-powell,cold,8,182,2.3637,0.005785
scipy-powell,cold,8,183,2.3778,0.005785
scipy-powell,cold,8,184,2.3902,0.005785
scipy-powell,cold,8,185,2.4032,0.005785
scipy-powell,cold,8,186,2.4165,0.005785
scipy-powell,cold,8,187,2.4302,0.005785
scipy-powell,cold,8,188,2.4464,0.005785
scipy-powell,cold,8,189,2.4605,0.005785
scipy-powell,cold,8,190,2.4737,0.005785
scipy-powell,cold,8,191,2.4868,0.005785
scipy-powell,cold,8,192,2.4994,0.005785
scipy-powell,cold,8,193,2.5117,0.005785
scipy-powell,cold,8,194,2.5243,0.005785
scipy-powell,cold,8,195,2.5379,0.005785
scipy-powell,cold,8,196,2.5502,0.005785
scipy-powell,cold,8,197,2.5631,0.005785
scipy-powell,cold,8,198,2.5760,0.005785
scipy-powell,cold,8,199,2.5892,0.005785
scipy-powell,cold,8,200,2.6013,0.005785
scipy-powell,cold,8,201,2.6141,0.005785
scipy-powell,cold,8,202,2.6269,0.005785
scipy-powell,cold,8,203,2.6399,0.005785
scipy-powell,cold,8,204,2.6523,0.005785
scipy-powell,cold,8,205,2.6649,0.005785
scipy-powell,cold,8,212,2.7591,0.005785
scipy-powell,cold,8,213,2.7720,0.005785
scipy-powell,cold,8,214,2.7853,0.005785
scipy-powell,cold,8,215,2.7995,0.005785
scipy-powell,cold,8,220,2.8723,0.005785
scipy-powell,cold,8,222,2.9033,0.005785
scipy-powell,cold,8,225,2.9460,0.005785
scipy-powell,cold,8,226,2.9602,0.005785
scipy-powell,cold,8,227,2.9750,0.005785
scipy-powell,cold,8,228,2.9886,0.005785
scipy-powell,cold,8,229,3.0022,0.005785
scipy-powell,cold,8,230,3.0153,0.005785
scipy-powell,cold,8,231,3.0290,0.005785
scipy-powell,cold,8,232,3.0417,0.005785
scipy-powell,cold,8,233,3.0546,0.005785
scipy-powell,cold,8,234,3.0674,0.005785
scipy-powell,cold,8,235,3.0808,0.005785
scipy-powell,cold,8,236,3.0941,0.005785
scipy-powell,cold,8,237,3.1070,0.005785
scipy-powell,cold,8,238,3.1216,0.005785
scipy-powell,cold,8,239,3.1369,0.005785
scipy-powell,cold,8,240,3.1504,0.005785
scipy-powell,cold,8,241,3.1638,0.005785
scipy-powell,cold,8,242,3.1768,0.005785
scipy-powell,cold,8,243,3.1895,0.005785
scipy-powell,cold,8,244,3.2023,0.005785
scipy-powell,cold,8,245,3.2147,0.005785
scipy-powell,cold,8,246,3.2281,0.005785
scipy-powell,cold,8,247,3.2407,0.005785
scipy-powell,cold,8,248,3.2543,0.005785
scipy-powell,cold,8,249,3.2672,0.005785
scipy-powell,cold,8,250,3.2816,0.005785
scipy-powell,cold,8,251,3.2941,0.005785
scipy-powell,cold,8,252,3.3067,0.005785
scipy-powell,cold,8,253,3.3208,0.005785
scipy-powell,cold,8,254,3.3345,0.005785
scipy-powell,cold,8,255,3.3474,0.005785
scipy-powell,cold,8,256,3.3606,0.005785
scipy-powell,cold,8,257,3.3736,0.005785
scipy-powell,cold,8,258,3.3873,0.005785
scipy-powell,cold,8,259,3.4026,0.005785
scipy-powell,cold,8,260,3.4159,0.005785
scipy-powell,cold,8,261,3.4303,0.005785
scipy-powell,cold,8,262,3.4459,0.005785
scipy-powell,cold,8,263,3.4597,0.005785
scipy-powell,cold,8,264,3.4744,0.005785
scipy-powell,cold,8,265,3.4896,0.005785
scipy-powell,cold,8,266,3.5040,0.005785
scipy-powell,cold,8,267,3.5183,0.005785
scipy-powell,cold,8,268,3.5322,0.005785
scipy-powell,cold,8,269,3.5457,0.005785
scipy-powell,cold,8,271,3.5731,0.005785
scipy-powell,cold,8,272,3.5878,0.005785
scipy-powell,cold,8,273,3.6029,0.005785
scipy-powell,cold,8,282,3.7257,0.005785
scipy-powell,cold,8,285,3.7697,0.005785
scipy-powell,cold,8,286,3.7818,0.005785
scipy-powell,cold,8,287,3.7947,0.005785
scipy-powell,cold,8,289,3.8235,0.005785
scipy-powell,cold,8,291,3.8508,0.005785
scipy-powell,cold,8,292,3.8645,0.005785
scipy-powell,cold,8,293,3.8782,0.005785
scipy-powell,cold,8,294,3.8935,0.005785
scipy-powell,cold,8,297,3.9379,0.005785
scipy-powell,cold,8,299,3.9648,0.005785
scipy-powell,cold,8,305,4.0473,0.005785
scipy-powell,cold,8,306,4.0606,0.005785
scipy-powell,cold,8,310,4.1141,0.005784
scipy-powell,cold,8,311,4.1271,0.005784
scipy-powell,cold,8,312,4.1399,0.005784
scipy-powell,cold,8,313,4.1527,0.005784
scipy-powell,cold,8,314,4.1665,0.005783
scipy-powell,cold,8,315,4.1812,0.005783
scipy-powell,cold,8,316,4.1940,0.005783
scipy-powell,cold,8,317,4.2072,0.005783
scipy-powell,cold,8,318,4.2201,0.005783
scipy-powell,cold,8,319,4.2335,0.005783
scipy-powell,cold,8,320,4.2473,0.005783
scipy-powell,cold,8,321,4.2598,0.005783
scipy-powell,cold,8,322,4.2721,0.005783
scipy-powell,cold,8,323,4.2854,0.005783
scipy-powell,cold,8,324,4.2980,0.005783
scipy-powell,cold,8,325,4.3124,0.005783
scipy-powell,cold,8,326,4.3270,0.005783
scipy-powell,cold,8,327,4.3403,0.005783
scipy-powell,cold,8,328,4.3546,0.005783
scipy-powell,cold,8,329,4.3715,0.005783
scipy-powell,cold,8,330,4.3859,0.005783
scipy-powell,cold,8,331,4.4016,0.005783
scipy-powell,cold,8,332,4.4163,0.005783
scipy-powell,cold,8,333,4.4310,0.005783
scipy-powell,cold,8,334,4.4469,0.005783
scipy-powell,cold,8,335,4.4647,0.005783
scipy-powell,cold,8,336,4.4825,0.005783
scipy-powell,cold,8,337,4.4980,0.005783
scipy-powell,cold,8,338,4.5108,0.005783
scipy-powell,cold,8,339,4.5237,0.005783
scipy-powell,cold,8,340,4.5376,0.005783
scipy-powell,cold,8,341,4.5510,0.005783
scipy-powell,cold,8,342,4.5642,0.005783
scipy-powell,cold,8,343,4.5782,0.005783
scipy-powell,cold,8,344,4.5909,0.005783
scipy-powell,cold,8,345,4.6033,0.005783
scipy-powell,cold,8,346,4.6168,0.005782
scipy-powell,cold,8,351,4.6881,0.005782
scipy-powell,cold,8,352,4.7019,0.005782
scipy-powell,cold,8,353,4.7155,0.005782
scipy-powell,cold,8,354,4.7290,0.005782
scipy-powell,cold,8,362,4.8344,0.005782
scipy-powell,cold,8,366,4.8867,0.005782
scipy-powell,cold,8,367,4.9018,0.005782
scipy-powell,cold,8,369,4.9358,0.005782
scipy-powell,cold,8,370,4.9497,0.005782
scipy-powell,cold,8,371,4.9626,0.005782
scipy-powell,cold,8,384,5.1426,0.005782
scipy-powell,cold,8,385,5.1545,0.005781
scipy-powell,cold,8,386,5.1669,0.005781
scipy-powell,cold,8,389,5.2048,0.005781
scipy-powell,cold,8,391,5.2325,0.005781
scipy-powell,cold,8,392,5.2485,0.005781
scipy-powell,cold,8,393,5.2645,0.005781
scipy-powell,cold,8,394,5.2807,0.005781
scipy-powell,cold,8,395,5.2969,0.005781
scipy-powell,cold,8,396,5.3125,0.005781
scipy-powell,cold,8,404,5.4269,0.005776
scipy-powell,cold,8,406,5.4527,0.005774
scipy-powell,cold,8,408,5.4782,0.005774
scipy-powell,cold,8,409,5.4905,0.005774
scipy-powell,cold,8,411,5.5178,0.005774
scipy-powell,cold,8,413,5.5476,0.005774
scipy-powell,cold,8,416,5.5908,0.005772
scipy-powell,cold,8,422,5.6758,0.005772
scipy-powell,cold,8,423,5.6894,0.005772
scipy-powell,cold,8,424,5.7026,0.005772
scipy-powell,cold,8,425,5.7151,0.005772
scipy-powell,cold,8,428,5.7515,0.005772
scipy-powell,cold,8,431,5.7926,0.005768
scipy-powell,cold,8,432,5.8045,0.005765
scipy-powell,cold,8,434,5.8287,0.005764
scipy-powell,cold,8,435,5.8407,0.005764
scipy-powell,cold,8,436,5.8529,0.005764
scipy-powell,cold,8,437,5.8652,0.005764
scipy-powell,cold,8,438,5.8777,0.005764
scipy-powell,cold,8,439,5.8903,0.005764
scipy-powell,cold,8,440,5.9027,0.005764
scipy-powell,cold,8,454,6.0857,0.005747
scipy-powell,cold,8,455,6.0988,0.005740
scipy-powell,cold,8,456,6.1127,0.005737
scipy-powell,cold,8,458,6.1374,0.005737
scipy-powell,cold,8,459,6.1502,0.005737
scipy-powell,cold,8,461,6.1758,0.005737
scipy-powell,cold,8,462,6.1881,0.005737
scipy-powell,cold,8,463,6.2011,0.005737
scipy-powell,cold,8,464,6.2131,0.005737
scipy-powell,cold,8,465,6.2254,0.005737
scipy-powell,cold,8,466,6.2384,0.005737
scipy-powell,cold,8,491,6.5723,0.005735
scipy-powell,cold,8,492,6.5848,0.005735
scipy-powell,cold,8,494,6.6096,0.005735
scipy-powell,cold,8,495,6.6219,0.005735
scipy-powell,cold,8,496,6.6362,0.005735
scipy-powell,cold,8,498,6.6616,0.005735
scipy-powell,cold,8,499,6.6742,0.005735
scipy-powell,cold,8,500,6.6868,0.005735
scipy-powell,cold,8,501,6.6993,0.005735
scipy-powell,cold,8,502,6.7129,0.005735
scipy-powell,cold,8,503,6.7255,0.005735
scipy-powell,cold,8,504,6.7381,0.005735
scipy-powell,cold,8,505,6.7510,0.005735
scipy-powell,cold,8,506,6.7645,0.005735
scipy-powell,cold,8,507,6.7771,0.005735
scipy-powell,cold,8,508,6.7897,0.005735
scipy-powell,cold,8,509,6.8035,0.005735
scipy-powell,cold,8,510,6.8170,0.005735
scipy-powell,cold,8,511,6.8303,0.005735
scipy-powell,cold,8,512,6.8428,0.005735
scipy-powell,cold,8,513,6.8560,0.005735
scipy-powell,cold,8,514,6.8688,0.005735
scipy-powell,cold,8,515,6.8819,0.005735
scipy-powell,cold,8,516,6.8948,0.005735
scipy-powell,cold,8,517,6.9076,0.005735
scipy-powell,cold,8,518,6.9203,0.005735
scipy-powell,cold,8,519,6.9329,0.005735
scipy-powell,cold,8,520,6.9456,0.005735
scipy-powell,cold,8,521,6.9580,0.005735
scipy-powell,cold,8,522,6.9706,0.005735
scipy-powell,cold,8,523,6.9841,0.005735
scipy-powell,cold,8,524,6.9978,0.005735
scipy-powell,cold,8,525,7.0106,0.005735
scipy-powell,cold,8,526,7.0235,0.005735
scipy-powell,cold,8,527,7.0362,0.005722
scipy-powell,cold,8,528,7.0495,0.005709
scipy-powell,cold,8,530,7.0747,0.005705
scipy-powell,cold,8,531,7.0887,0.005704
scipy-powell,cold,8,532,7.1039,0.005704
scipy-powell,cold,8,534,7.1311,0.005704
scipy-powell,cold,8,535,7.1442,0.005704
scipy-powell,cold,8,537,7.1710,0.005704
scipy-powell,cold,8,538,7.1846,0.005704
scipy-powell,cold,8,539,7.1972,0.005704
scipy-powell,cold,8,552,7.3618,0.005704
scipy-powell,cold,8,554,7.3876,0.005704
scipy-powell,cold,8,555,7.4002,0.005704
scipy-powell,cold,8,556,7.4132,0.005704
scipy-powell,cold,8,557,7.4271,0.005704
scipy-powell,cold,8,559,7.4566,0.005704
scipy-powell,cold,8,571,7.6265,0.005704
scipy-powell,cold,8,572,7.6416,0.005704
scipy-powell,cold,8,573,7.6547,0.005704
scipy-powell,cold,8,574,7.6679,0.005704
scipy-powell,cold,8,575,7.6819,0.005704
scipy-powell,cold,8,576,7.6948,0.005704
scipy-powell,cold,8,577,7.7095,0.005704
scipy-powell,cold,8,578,7.7238,0.005704
scipy-powell,cold,8,579,7.7379,0.005704
scipy-powell,cold,8,580,7.7508,0.005704
scipy-powell,cold,8,581,7.7642,0.005704
scipy-powell,cold,8,582,7.7786,0.005704
scipy-powell,cold,8,583,7.7923,0.005704
scipy-powell,cold,8,584,7.8059,0.005704
scipy-powell,cold,8,585,7.8193,0.005704
scipy-powell,cold,8,586,7.8339,0.005704
scipy-powell,cold,8,587,7.8475,0.005704
scipy-powell,cold,8,588,7.8607,0.005704
scipy-powell,cold,8,589,7.8742,0.005704
scipy-powell,cold,8,590,7.8871,0.005704
scipy-powell,cold,8,591,7.9004,0.005704
scipy-powell,cold,8,592,7.9137,0.005704
scipy-powell,cold,8,593,7.9274,0.005704
scipy-powell,cold,8,594,7.9419,0.005704
scipy-powell,cold,8,595,7.9565,0.005704
scipy-powell,cold,8,596,7.9702,0.005704
scipy-powell,cold,8,597,7.9836,0.005704
scipy-powell,cold,8,598,7.9969,0.005704
scipy-powell,cold,8,599,8.0107,0.005704
scipy-powell,cold,8,600,8.0249,0.005704
scipy-powell,cold,8,601,8.0394,0.005704
scipy-powell,cold,8,602,8.0546,0.005704
scipy-powell,cold,8,603,8.0690,0.005704
scipy-powell,cold,8,604,8.0831,0.005704
scipy-powell,cold,8,607,8.1285,0.005704
scipy-powell,cold,8,609,8.1578,0.005704
scipy-powell,cold,8,611,8.1882,0.005704
scipy-powell,cold,8,612,8.2034,0.005704
scipy-powell,cold,8,613,8.2183,0.005704
scipy-powell,cold,8,614,8.2318,0.005704
scipy-powell,cold,8,618,8.2874,0.005704
scipy-powell,cold,8,622,8.3422,0.005704
scipy-powell,cold,8,625,8.3830,0.005704
scipy-powell,cold,8,626,8.3965,0.005704
scipy-powell,cold,8,627,8.4099,0.005704
scipy-powell,cold,8,628,8.4242,0.005704
scipy-powell,cold,8,637,8.5469,0.005701
scipy-powell,cold,8,641,8.6057,0.005701
scipy-powell,cold,8,643,8.6328,0.005701
scipy-powell,cold,8,644,8.6463,0.005701
scipy-powell,cold,8,645,8.6599,0.005701
scipy-powell,cold,8,646,8.6736,0.005701
scipy-powell,cold,8,647,8.6872,0.005701
scipy-powell,cold,8,648,8.7005,0.005701
scipy-powell,cold,8,655,8.8997,0.005673
scipy-powell,cold,8,659,8.9535,0.005673
scipy-powell,cold,8,660,8.9668,0.005671
scipy-powell,cold,8,661,8.9806,0.005671
scipy-powell,cold,8,663,9.0065,0.005671
scipy-powell,cold,8,664,9.0192,0.005671
scipy-powell,cold,8,665,9.0327,0.005671
scipy-powell,cold,8,666,9.0463,0.005671
scipy-powell,cold,8,667,9.0592,0.005671
scipy-powell,cold,8,672,9.1271,0.005671
scipy-powell,cold,8,680,9.2421,0.005671
scipy-powell,cold,8,681,9.2563,0.005671
scipy-powell,cold,8,682,9.2695,0.005671
scipy-powell,cold,8,684,9.2948,0.005671
scipy-powell,cold,8,686,9.3212,0.005671
scipy-powell,cold,8,687,9.3343,0.005671
scipy-powell,cold,8,688,9.3477,0.005671
scipy-powell,cold,8,689,9.3607,0.005671
scipy-powell,cold,8,698,9.4780,0.005670
scipy-powell,cold,8,699,9.4909,0.005667
scipy-powell,cold,8,700,9.5032,0.005665
scipy-powell,cold,8,701,9.5164,0.005664
scipy-powell,cold,8,702,9.5292,0.005663
scipy-powell,cold,8,703,9.5424,0.005663
scipy-powell,cold,8,704,9.5557,0.005663
scipy-powell,cold,8,705,9.5689,0.005662
scipy-powell,cold,8,706,9.5815,0.005662
scipy-powell,cold,8,707,9.5939,0.005662
scipy-powell,cold,8,708,9.6064,0.005662
scipy-powell,cold,8,709,9.6190,0.005662
scipy-powell,cold,8,710,9.6329,0.005662
scipy-powell,cold,8,711,9.6461,0.005662
scipy-powell,cold,8,712,9.6587,0.005662
scipy-powell,cold,8,713,9.6714,0.005662
scipy-powell,cold,8,714,9.6848,0.005662
scipy-powell,cold,8,715,9.6981,0.005662
scipy-powell,cold,8,716,9.7109,0.005662
scipy-powell,cold,8,717,9.7262,0.005662
scipy-powell,cold,8,718,9.7407,0.005662
scipy-powell,cold,8,719,9.7557,0.005662
scipy-powell,cold,8,720,9.7700,0.005662
scipy-powell,cold,8,721,9.7847,0.005662
scipy-powell,cold,8,722,9.7983,0.005662
scipy-powell,cold,8,723,9.8117,0.005662
scipy-powell,cold,8,724,9.8262,0.005662
scipy-powell,cold,8,725,9.8396,0.005662
scipy-powell,cold,8,726,9.8544,0.005662
scipy-powell,cold,8,727,9.8690,0.005662
scipy-powell,cold,8,728,9.8828,0.005662
scipy-powell,cold,8,729,9.8964,0.005662
scipy-powell,cold,8,730,9.9103,0.005662
scipy-powell,cold,8,731,9.9273,0.005662
scipy-powell,cold,8,732,9.9410,0.005662
scipy-powell,cold,8,733,9.9553,0.005598
scipy-powell,cold,8,735,9.9832,0.005580
scipy-powell,cold,8,736,9.9978,0.005579
scipy-powell,cold,8,739,10.0387,0.005579
scipy-powell,cold,8,740,10.0525,0.005578
scipy-powell,cold,8,741,10.0661,0.005578
scipy-powell,cold,8,742,10.0798,0.005577
scipy-powell,cold,8,743,10.0932,0.005577
scipy-powell,cold,8,744,10.1066,0.005577
scipy-powell,cold,8,745,10.1206,0.005577
scipy-powell,cold,8,747,10.1492,0.005577
scipy-powell,cold,8,748,10.1642,0.005577
scipy-powell,cold,8,749,10.1773,0.005577
scipy-powell,cold,8,751,10.2047,0.005577
scipy-powell,cold,8,752,10.2176,0.005577
scipy-powell,cold,8,753,10.2309,0.005577
scipy-powell,cold,8,754,10.2442,0.005577
scipy-powell,cold,8,755,10.2576,0.005577
scipy-powell,cold,8,759,10.3106,0.005577
scipy-powell,cold,8,766,10.4027,0.005543
scipy-powell,cold,8,768,10.4287,0.005543
scipy-powell,cold,8,769,10.4423,0.005543
scipy-powell,cold,8,770,10.4554,0.005543
scipy-powell,cold,8,771,10.4685,0.005543
scipy-powell,cold,8,772,10.4815,0.005543
scipy-powell,cold,8,773,10.4938,0.005543
scipy-powell,cold,8,779,10.5707,0.005513
scipy-powell,cold,8,782,10.6079,0.005496
scipy-powell,cold,8,785,10.6472,0.005496
scipy-powell,cold,8,786,10.6598,0.005496
scipy-powell,cold,8,787,10.6718,0.005496
scipy-powell,cold,8,788,10.6847,0.005496
scipy-powell,cold,8,789,10.6973,0.005496
scipy-powell,cold,8,795,10.7766,0.005485
scipy-powell,cold,8,796,10.7897,0.005479
scipy-powell,cold,8,797,10.8029,0.005476
scipy-powell,cold,8,798,10.8163,0.005473
scipy-powell,cold,8,799,10.8293,0.005472
scipy-powell,cold,8,800,10.8418,0.005471
scipy-powell,cold,8,801,10.8546,0.005471
scipy-powell,cold,8,802,10.8673,0.005470
scipy-powell,cold,8,803,10.8797,0.005470
scipy-powell,cold,8,804,10.8915,0.005470
scipy-powell,cold,8,805,10.9042,0.005470
scipy-powell,cold,8,806,10.9165,0.005470
scipy-powell,cold,8,807,10.9297,0.005470
scipy-powell,cold,8,808,10.9423,0.005470
scipy-powell,cold,8,809,10.9550,0.005470
scipy-powell,cold,8,810,10.9684,0.005470
scipy-powell,cold,8,811,10.9802,0.005470
scipy-powell,cold,8,812,10.9930,0.005470
scipy-powell,cold,8,813,11.0051,0.005470
scipy-powell,cold,8,814,11.0178,0.005470
scipy-powell,cold,8,815,11.0301,0.005470
scipy-powell,cold,8,816,11.0418,0.005470
scipy-powell,cold,8,817,11.0538,0.005470
scipy-powell,cold,8,818,11.0663,0.005470
scipy-powell,cold,8,819,11.0783,0.005470
scipy-powell,cold,8,820,11.0900,0.005470
scipy-powell,cold,8,821,11.1021,0.005470
scipy-powell,cold,8,822,11.1138,0.005470
scipy-powell,cold,8,823,11.1262,0.005470
scipy-powell,cold,8,824,11.1384,0.005470
scipy-powell,cold,8,825,11.1506,0.005470
scipy-powell,cold,8,826,11.1632,0.005470
scipy-powell,cold,8,827,11.1756,0.005470
scipy-powell,cold,8,828,11.1876,0.005470
scipy-powell,cold,8,829,11.1995,0.005470
scipy-powell,cold,8,830,11.2112,0.005470
scipy-powell,cold,8,831,11.2242,0.005461
scipy-powell,cold,8,833,11.2497,0.005447
scipy-powell,cold,8,834,11.2619,0.005426
scipy-powell,cold,8,835,11.2743,0.005402
scipy-powell,cold,8,836,11.2866,0.005380
scipy-powell,cold,8,837,11.2996,0.005373
scipy-powell,cold,8,839,11.3240,0.005373
scipy-powell,cold,8,840,11.3364,0.005372
scipy-powell,cold,8,841,11.3491,0.005372
scipy-powell,cold,8,842,11.3607,0.005372
scipy-powell,cold,8,843,11.3727,0.005372
scipy-powell,cold,8,844,11.3847,0.005372
scipy-powell,cold,8,845,11.3966,0.005372
scipy-powell,cold,8,847,11.4215,0.005357
scipy-powell,cold,8,849,11.4458,0.005333
scipy-powell,cold,8,850,11.4582,0.005324
scipy-powell,cold,8,851,11.4701,0.005319
scipy-powell,cold,8,852,11.4820,0.005317
scipy-powell,cold,8,853,11.4941,0.005316
scipy-powell,cold,8,854,11.5056,0.005315
scipy-powell,cold,8,855,11.5176,0.005315
scipy-powell,cold,8,856,11.5297,0.005315
scipy-powell,cold,8,857,11.5418,0.005314
scipy-powell,cold,8,858,11.5533,0.005314
scipy-powell,cold,8,859,11.5655,0.005314
scipy-powell,cold,8,860,11.5777,0.005314
scipy-powell,cold,8,861,11.5894,0.005314
scipy-powell,cold,8,862,11.6017,0.005314
scipy-powell,cold,8,863,11.6136,0.005314
scipy-powell,cold,8,864,11.6256,0.005314
scipy-powell,cold,8,865,11.6381,0.005314
scipy-powell,cold,8,866,11.6503,0.005314
scipy-powell,cold,8,867,11.6624,0.005314
scipy-powell,cold,8,868,11.6747,0.005314
scipy-powell,cold,8,869,11.6867,0.005314
scipy-powell,cold,8,870,11.6992,0.005314
scipy-powell,cold,8,871,11.7123,0.005314
scipy-powell,cold,8,872,11.7249,0.005314
scipy-powell,cold,8,873,11.7371,0.005314
scipy-powell,cold,8,874,11.7498,0.005314
scipy-powell,cold,8,875,11.7633,0.005314
scipy-powell,cold,8,876,11.7774,0.005314
scipy-powell,cold,8,877,11.7910,0.005314
scipy-powell,cold,8,878,11.8040,0.005314
scipy-powell,cold,8,879,11.8159,0.005314
scipy-powell,cold,8,880,11.8287,0.005314
scipy-powell,cold,8,881,11.8407,0.005314
scipy-powell,cold,8,882,11.8529,0.005314
scipy-powell,cold,8,883,11.8651,0.005314
scipy-powell,cold,8,887,11.9133,0.005311
scipy-powell,cold,8,888,11.9256,0.005309
scipy-powell,cold,8,890,11.9492,0.005309
scipy-powell,cold,8,891,11.9619,0.005309
scipy-powell,cold,8,892,11.9745,0.005309
scipy-powell,cold,8,893,11.9866,0.005309
scipy-powell,cold,8,894,11.9985,0.005309
scipy-powell,cold,8,895,12.0104,0.005309
scipy-powell,cold,8,896,12.0228,0.005309
scipy-powell,cold,8,906,12.1457,0.005302
scipy-powell,cold,8,907,12.1577,0.005293
scipy-powell,cold,8,908,12.1705,0.005288
scipy-powell,cold,8,909,12.1828,0.005284
scipy-powell,cold,8,910,12.1945,0.005282
scipy-powell,cold,8,911,12.2063,0.005281
scipy-powell,cold,8,912,12.2183,0.005280
scipy-powell,cold,8,913,12.2306,0.005280
scipy-powell,cold,8,914,12.2437,0.005280
scipy-powell,cold,8,915,12.2559,0.005279
scipy-powell,cold,8,916,12.2687,0.005279
scipy-powell,cold,8,917,12.2811,0.005279
scipy-powell,cold,8,918,12.2930,0.005279
scipy-powell,cold,8,919,12.3051,0.005279
scipy-powell,cold,8,920,12.3174,0.005279
scipy-powell,cold,8,921,12.3291,0.005279
scipy-powell,cold,8,922,12.3420,0.005279
scipy-powell,cold,8,923,12.3537,0.005279
scipy-powell,cold,8,924,12.3662,0.005279
scipy-powell,cold,8,925,12.3791,0.005279
scipy-powell,cold,8,926,12.3930,0.005279
scipy-powell,cold,8,927,12.4060,0.005279
scipy-powell,cold,8,928,12.4192,0.005279
scipy-powell,cold,8,929,12.4327,0.005279
scipy-powell,cold,8,930,12.4455,0.005279
scipy-powell,cold,8,931,12.4585,0.005279
scipy-powell,cold,8,932,12.4704,0.005279
scipy-powell,cold,8,933,12.4838,0.005279
scipy-powell,cold,8,934,12.4973,0.005279
scipy-powell,cold,8,935,12.5095,0.005279
scipy-powell,cold,8,936,12.5213,0.005279
scipy-powell,cold,8,937,12.5332,0.005279
scipy-powell,cold,8,938,12.5455,0.005279
scipy-powell,cold,8,939,12.5575,0.005279
scipy-powell,cold,8,940,12.5694,0.005148
scipy-powell,cold,8,942,12.5931,0.005127
scipy-powell,cold,8,944,12.6171,0.005118
scipy-powell,cold,8,946,12.6430,0.005118
scipy-powell,cold,8,947,12.6551,0.005117
scipy-powell,cold,8,948,12.6667,0.005117
scipy-powell,cold,8,949,12.6783,0.005117
scipy-powell,cold,8,950,12.6901,0.005117
scipy-powell,cold,8,951,12.7026,0.005117
scipy-powell,cold,8,952,12.7147,0.005117
scipy-powell,cold,8,962,12.8414,0.005116
scipy-powell,cold,8,963,12.8533,0.005115
scipy-powell,cold,8,964,12.8653,0.005114
scipy-powell,cold,8,965,12.8771,0.005114
scipy-powell,cold,8,966,12.8895,0.005114
scipy-powell,cold,8,967,12.9023,0.005114
scipy-powell,cold,8,968,12.9170,0.005114
scipy-powell,cold,8,969,12.9300,0.005114
scipy-powell,cold,8,970,12.9422,0.005114
scipy-powell,cold,8,971,12.9546,0.005114
scipy-powell,cold,8,972,12.9667,0.005114
scipy-powell,cold,8,973,12.9794,0.005114
scipy-powell,cold,8,974,12.9923,0.005114
scipy-powell,cold,8,975,13.0049,0.005114
scipy-powell,cold,8,976,13.0174,0.005114
scipy-powell,cold,8,977,13.0295,0.005114
scipy-powell,cold,8,978,13.0415,0.005114
scipy-powell,cold,8,979,13.0534,0.005114
scipy-powell,cold,8,980,13.0656,0.005114
scipy-powell,cold,8,981,13.0778,0.005114
scipy-powell,cold,8,982,13.0900,0.005114
scipy-powell,cold,8,983,13.1023,0.005114
scipy-powell,cold,8,984,13.1142,0.005114
scipy-powell,cold,8,985,13.1263,0.005114
scipy-powell,cold,8,986,13.1408,0.005114
scipy-powell,cold,8,987,13.1526,0.005114
scipy-powell,cold,8,988,13.1663,0.005114
scipy-powell,cold,8,989,13.1789,0.005114
scipy-powell,cold,8,990,13.1918,0.005114
scipy-powell,cold,8,991,13.2054,0.005114
scipy-powell,cold,8,992,13.2182,0.005114
scipy-powell,cold,8,993,13.2310,0.005114
scipy-powell,cold,8,994,13.2439,0.005114
scipy-powell,cold,8,995,13.2562,0.005114
scipy-powell,cold,8,996,13.2703,0.005114
scipy-powell,cold,8,997,13.2827,0.005114
scipy-powell,cold,8,998,13.2967,0.005113
scipy-powell,cold,8,1000,13.3217,0.005112
scipy-powell,cold,8,1001,13.3344,0.005112
scipy-powell,cold,8,1003,13.3598,0.005112
scipy-powell,cold,8,1004,13.3718,0.005112
scipy-powell,cold,8,1005,13.3840,0.005112
scipy-powell,cold,8,1006,13.3975,0.005112
scipy-powell,cold,8,1007,13.4117,0.005112
scipy-powell,cold,8,1008,13.4237,0.005112
scipy-powell,cold,8,1010,13.4484,0.005112
scipy-powell,cold,8,1011,13.4604,0.005112
scipy-powell,cold,8,1013,13.4852,0.005112
scipy-powell,cold,8,1014,13.4986,0.005112
scipy-powell,cold,8,1016,13.5250,0.005112
scipy-powell,cold,8,1017,13.5383,0.005112
scipy-powell,cold,8,1018,13.5505,0.005112
scipy-powell,cold,8,1019,13.5627,0.005112
scipy-powell,cold,8,1020,13.5747,0.005112
scipy-powell,cold,8,1022,13.5991,0.005112
scipy-powell,cold,8,1023,13.6112,0.005112
scipy-powell,cold,8,1024,13.6243,0.005112
scipy-powell,cold,8,1025,13.6370,0.005112
scipy-powell,cold,8,1026,13.6498,0.005112
scipy-powell,cold,8,1027,13.6627,0.005112
scipy-powell,cold,8,1028,13.6752,0.005112
scipy-powell,cold,8,1029,13.6877,0.005112
scipy-powell,cold,8,1040,13.8233,0.005109
scipy-powell,cold,8,1041,13.8353,0.005109
scipy-powell,cold,8,1043,13.8606,0.005107
scipy-powell,cold,8,1044,13.8729,0.005107
scipy-powell,cold,8,1045,13.8850,0.005107
scipy-powell,cold,8,1046,13.8971,0.005107
scipy-powell,cold,8,1051,13.9589,0.005107
scipy-powell,cold,8,1056,14.0209,0.005104
scipy-powell,cold,8,1058,14.0476,0.005099
scipy-powell,cold,8,1064,14.1272,0.005099
scipy-powell,cold,8,1065,14.1409,0.005099
scipy-powell,cold,8,1066,14.1542,0.005099
scipy-powell,cold,8,1067,14.1678,0.005099
scipy-powell,cold,8,1072,14.2322,0.005012
scipy-powell,cold,8,1077,14.2978,0.005011
scipy-powell,cold,8,1078,14.3103,0.005011
scipy-powell,cold,8,1079,14.3226,0.005011
scipy-powell,cold,8,1080,14.3354,0.005011
scipy-powell,cold,8,1081,14.3475,0.005011
scipy-powell,cold,8,1082,14.3613,0.005011
scipy-powell,cold,8,1083,14.3734,0.005011
scipy-powell,cold,8,1094,14.5181,0.005010
scipy-powell,cold,8,1096,14.5454,0.005010
scipy-powell,cold,8,1098,14.5724,0.005010
scipy-powell,cold,8,1100,14.5986,0.005010
scipy-powell,cold,8,1101,14.6120,0.005010
scipy-powell,cold,8,1102,14.6248,0.005010
scipy-powell,cold,8,1108,14.7009,0.005010
scipy-powell,cold,8,1109,14.7132,0.004990
scipy-powell,cold,8,1110,14.7258,0.004978
scipy-powell,cold,8,1111,14.7384,0.004971
scipy-powell,cold,8,1112,14.7512,0.004967
scipy-powell,cold,8,1113,14.7637,0.004964
scipy-powell,cold,8,1114,14.7767,0.004963
scipy-powell,cold,8,1115,14.7906,0.004962
scipy-powell,cold,8,1116,14.8036,0.004961
scipy-powell,cold,8,1117,14.8164,0.004961
scipy-powell,cold,8,1118,14.8296,0.004960
scipy-powell,cold,8,1119,14.8424,0.004960
scipy-powell,cold,8,1120,14.8565,0.004960
scipy-powell,cold,8,1121,14.8723,0.004960
scipy-powell,cold,8,1122,14.8858,0.004960
scipy-powell,cold,8,1123,14.9001,0.004960
scipy-powell,cold,8,1124,14.9140,0.004960
scipy-powell,cold,8,1125,14.9276,0.004960
scipy-powell,cold,8,1126,14.9409,0.004960
scipy-powell,cold,8,1127,14.9543,0.004960
scipy-powell,cold,8,1128,14.9676,0.004960
scipy-powell,cold,8,1129,14.9808,0.004960
scipy-powell,cold,8,1130,14.9935,0.004960
scipy-powell,cold,8,1131,15.0055,0.004960
scipy-powell,cold,8,1132,15.0182,0.004960
scipy-powell,cold,8,1133,15.0311,0.004960
scipy-powell,cold,8,1134,15.0439,0.004960
scipy-powell,cold,8,1135,15.0569,0.004960
scipy-powell,cold,8,1136,15.0692,0.004960
scipy-powell,cold,8,1137,15.0817,0.004960
scipy-powell,cold,8,1138,15.0941,0.004960
scipy-powell,cold,8,1139,15.1062,0.004960
scipy-powell,cold,8,1140,15.1187,0.004960
scipy-powell,cold,8,1141,15.1307,0.004960
scipy-powell,cold,8,1142,15.1429,0.004960
scipy-powell,cold,8,1143,15.1549,0.004960
scipy-powell,cold,8,1144,15.1686,0.004898
scipy-powell,cold,8,1147,15.2055,0.004893
scipy-powell,cold,8,1149,15.2307,0.004891
scipy-powell,cold,8,1151,15.2570,0.004891
scipy-powell,cold,8,1152,15.2694,0.004891
scipy-powell,cold,8,1160,15.3663,0.004891
scipy-powell,cold,8,1161,15.3781,0.004891
scipy-powell,cold,8,1162,15.3901,0.004891
scipy-powell,cold,8,1163,15.4017,0.004891
scipy-powell,cold,8,1164,15.4134,0.004891
scipy-powell,cold,8,1165,15.4263,0.004891
scipy-powell,cold,8,1166,15.4381,0.004891
scipy-powell,cold,8,1167,15.4499,0.004891
scipy-powell,cold,8,1168,15.4621,0.004891
scipy-powell,cold,8,1169,15.4738,0.004891
scipy-powell,cold,8,1170,15.4860,0.004891
scipy-powell,cold,8,1171,15.4980,0.004891
scipy-powell,cold,8,1172,15.5099,0.004891
scipy-powell,cold,8,1173,15.5224,0.004891
scipy-powell,cold,8,1174,15.5342,0.004891
scipy-powell,cold,8,1175,15.5462,0.004891
scipy-powell,cold,8,1176,15.5582,0.004891
scipy-powell,cold,8,1177,15.5704,0.004891
scipy-powell,cold,8,1178,15.5825,0.004891
scipy-powell,cold,8,1179,15.5945,0.004891
scipy-powell,cold,8,1180,15.6064,0.004891
scipy-powell,cold,8,1181,15.6186,0.004891
scipy-powell,cold,8,1182,15.6310,0.004891
scipy-powell,cold,8,1183,15.6431,0.004891
scipy-powell,cold,8,1184,15.6549,0.004891
scipy-powell,cold,8,1185,15.6670,0.004891
scipy-powell,cold,8,1186,15.6790,0.004891
scipy-powell,cold,8,1187,15.6911,0.004891
scipy-powell,cold,8,1188,15.7031,0.004891
scipy-powell,cold,8,1189,15.7148,0.004891
scipy-powell,cold,8,1190,15.7271,0.004891
scipy-powell,cold,8,1191,15.7387,0.004891
scipy-powell,cold,8,1192,15.7508,0.004891
scipy-powell,cold,8,1193,15.7643,0.004891
scipy-powell,cold,8,1194,15.7778,0.004891
scipy-powell,cold,8,1195,15.7921,0.004891
scipy-powell,cold,8,1196,15.8056,0.004889
scipy-powell,cold,8,1198,15.8302,0.004889
scipy-powell,cold,8,1199,15.8420,0.004888
scipy-powell,cold,8,1201,15.8662,0.004888
scipy-powell,cold,8,1203,15.8921,0.004888
scipy-powell,cold,8,1205,15.9175,0.004888
scipy-powell,cold,8,1206,15.9302,0.004888
scipy-powell,cold,8,1207,15.9425,0.004888
scipy-powell,cold,8,1212,16.0091,0.004886
scipy-powell,cold,8,1214,16.0343,0.004886
scipy-powell,cold,8,1215,16.0462,0.004886
scipy-powell,cold,8,1216,16.0587,0.004886
scipy-powell,cold,8,1217,16.0711,0.004886
scipy-powell,cold,8,1218,16.0834,0.004886
scipy-powell,cold,8,1219,16.0957,0.004886
scipy-powell,cold,8,1220,16.1078,0.004886
scipy-powell,cold,8,1221,16.1205,0.004886
scipy-powell,cold,8,1223,16.1453,0.004886
scipy-powell,cold,8,1226,16.1829,0.004886
scipy-powell,cold,8,1229,16.2204,0.004885
scipy-powell,cold,8,1230,16.2329,0.004885
scipy-powell,cold,8,1231,16.2455,0.004885
scipy-powell,cold,8,1232,16.2585,0.004885
scipy-powell,cold,8,1233,16.2709,0.004885
scipy-powell,cold,8,1234,16.2834,0.004885
scipy-powell,cold,8,1235,16.2955,0.004885
scipy-powell,cold,8,1247,16.4463,0.004885
scipy-powell,cold,8,1249,16.4725,0.004885
scipy-powell,cold,8,1250,16.4847,0.004885
scipy-powell,cold,8,1251,16.4968,0.004885
scipy-powell,cold,8,1255,16.5475,0.004885
scipy-powell,cold,8,1258,16.5861,0.004847
scipy-powell,cold,8,1261,16.6254,0.004840
scipy-powell,cold,8,1262,16.6394,0.004839
scipy-powell,cold,8,1264,16.6660,0.004839
scipy-powell,cold,8,1265,16.6788,0.004839
scipy-powell,cold,8,1266,16.6918,0.004839
scipy-powell,cold,8,1267,16.7044,0.004839
scipy-powell,cold,8,1271,16.7556,0.004838
scipy-powell,cold,8,1274,16.7935,0.004838
scipy-powell,cold,8,1275,16.8056,0.004837
scipy-powell,cold,8,1276,16.8177,0.004837
scipy-powell,cold,8,1277,16.8300,0.004837
scipy-powell,cold,8,1278,16.8423,0.004837
scipy-powell,cold,8,1280,16.8668,0.004837
scipy-powell,cold,8,1281,16.8789,0.004837
scipy-powell,cold,8,1285,16.9277,0.004837
scipy-powell,cold,8,1291,17.0027,0.004837
scipy-powell,cold,8,1293,17.0285,0.004837
scipy-powell,cold,8,1294,17.0418,0.004837
scipy-powell,cold,8,1295,17.0545,0.004837
scipy-powell,cold,8,1296,17.0672,0.004837
scipy-powell,cold,8,1297,17.0807,0.004837
scipy-powell,cold,8,1298,17.0965,0.004837
scipy-powell,cold,8,1307,17.2224,0.004834
scipy-powell,cold,8,1308,17.2354,0.004833
scipy-powell,cold,8,1309,17.2471,0.004833
scipy-powell,cold,8,1310,17.2589,0.004833
scipy-powell,cold,8,1312,17.2819,0.004833
scipy-powell,cold,8,1313,17.2935,0.004833
scipy-powell,cold,8,1314,17.3052,0.004833
scipy-powell,cold,8,1315,17.3166,0.004833
scipy-powell,cold,8,1316,17.3286,0.004833
scipy-powell,cold,8,1317,17.3399,0.004833
scipy-powell,cold,8,1318,17.3517,0.004833
scipy-powell,cold,8,1319,17.3642,0.004833
scipy-powell,cold,8,1320,17.3775,0.004833
scipy-powell,cold,8,1321,17.3892,0.004833
scipy-powell,cold,8,1322,17.4009,0.004833
scipy-powell,cold,8,1323,17.4128,0.004833
scipy-powell,cold,8,1324,17.4247,0.004833
scipy-powell,cold,8,1325,17.4368,0.004833
scipy-powell,cold,8,1326,17.4488,0.004833
scipy-powell,cold,8,1327,17.4610,0.004833
scipy-powell,cold,8,1328,17.4726,0.004833
scipy-powell,cold,8,1329,17.4844,0.004833
scipy-powell,cold,8,1330,17.4965,0.004833
scipy-powell,cold,8,1331,17.5081,0.004833
scipy-powell,cold,8,1332,17.5195,0.004833
scipy-powell,cold,8,1333,17.5309,0.004833
scipy-powell,cold,8,1334,17.5423,0.004833
scipy-powell,cold,8,1335,17.5540,0.004833
scipy-powell,cold,8,1336,17.5661,0.004833
scipy-powell,cold,8,1337,17.5778,0.004833
scipy-powell,cold,8,1338,17.5894,0.004833
scipy-powell,cold,8,1339,17.6015,0.004833
scipy-powell,cold,8,1340,17.6130,0.004833
scipy-powell,cold,8,1341,17.6248,0.004833
scipy-powell,cold,8,1342,17.6366,0.004833
scipy-powell,cold,8,1347,17.6964,0.004833
scipy-powell,cold,8,1348,17.7087,0.004833
scipy-powell,cold,8,1349,17.7207,0.004833
scipy-powell,cold,8,1350,17.7326,0.004833
scipy-powell,cold,8,1351,17.7443,0.004833
scipy-powell,cold,8,1353,17.7683,0.004833
scipy-powell,cold,8,1361,17.8630,0.004832
scipy-powell,cold,8,1364,17.8988,0.004832
scipy-powell,cold,8,1365,17.9110,0.004832
scipy-powell,cold,8,1366,17.9267,0.004832
scipy-powell,cold,8,1367,17.9414,0.004832
scipy-powell,cold,8,1368,17.9538,0.004832
scipy-powell,cold,8,1369,17.9678,0.004832
scipy-powell,cold,8,1380,18.1085,0.004831
scipy-powell,cold,8,1383,18.1445,0.004831
scipy-powell,cold,8,1385,18.1683,0.004831
scipy-powell,cold,8,1386,18.1799,0.004831
scipy-powell,cold,8,1387,18.1919,0.004831
scipy-powell,cold,8,1388,18.2033,0.004831
scipy-powell,cold,8,1389,18.2146,0.004831
scipy-powell,cold,8,1390,18.2269,0.004831
scipy-powell,cold,8,1391,18.2388,0.004831
scipy-powell,cold,8,1403,18.3825,0.004831
scipy-powell,cold,8,1404,18.3946,0.004831
scipy-powell,cold,8,1405,18.4064,0.004831
scipy-powell,cold,8,1411,18.4789,0.004831
scipy-powell,cold,8,1419,18.5752,0.004831
scipy-powell,cold,8,1421,18.5993,0.004831
scipy-powell,cold,8,1423,18.6235,0.004831
scipy-powell,cold,8,1424,18.6357,0.004831
scipy-powell,cold,8,1425,18.6479,0.004831
scipy-powell,cold,8,1426,18.6608,0.004831
scipy-powell,cold,8,1429,18.6979,0.004831
scipy-powell,cold,8,1437,18.7998,0.004830
scipy-powell,cold,8,1438,18.8128,0.004828
scipy-powell,cold,8,1439,18.8245,0.004827
scipy-powell,cold,8,1440,18.8365,0.004827
scipy-powell,cold,8,1441,18.8491,0.004826
scipy-powell,cold,8,1442,18.8620,0.004826
scipy-powell,cold,8,1443,18.8752,0.004826
scipy-powell,cold,8,1444,18.8871,0.004826
scipy-powell,cold,8,1445,18.8992,0.004826
scipy-powell,cold,8,1446,18.9117,0.004826
scipy-powell,cold,8,1447,18.9245,0.004826
scipy-powell,cold,8,1448,18.9380,0.004826
scipy-powell,cold,8,1449,18.9515,0.004826
scipy-powell,cold,8,1450,18.9633,0.004826
scipy-powell,cold,8,1451,18.9758,0.004826
scipy-powell,cold,8,1452,18.9884,0.004826
scipy-powell,cold,8,1453,19.0017,0.004826
scipy-powell,cold,8,1454,19.0155,0.004826
scipy-powell,cold,8,1455,19.0285,0.004826
scipy-powell,cold,8,1456,19.0404,0.004826
scipy-powell,cold,8,1457,19.0529,0.004826
scipy-powell,cold,8,1458,19.0659,0.004826
scipy-powell,cold,8,1459,19.0792,0.004826
scipy-powell,cold,8,1460,19.0915,0.004826
scipy-powell,cold,8,1461,19.1047,0.004826
scipy-powell,cold,8,1462,19.1168,0.004826
scipy-powell,cold,8,1463,19.1285,0.004826
scipy-powell,cold,8,1464,19.1411,0.004826
scipy-powell,cold,8,1465,19.1535,0.004826
scipy-powell,cold,8,1466,19.1654,0.004826
scipy-powell,cold,8,1467,19.1771,0.004826
scipy-powell,cold,8,1468,19.1894,0.004826
scipy-powell,cold,8,1469,19.2014,0.004826
scipy-powell,cold,8,1470,19.2130,0.004826
scipy-powell,cold,8,1471,19.2253,0.004816
scipy-powell,cold,8,1476,19.2860,0.004816
scipy-powell,cold,8,1477,19.2981,0.004816
scipy-powell,cold,8,1478,19.3099,0.004816
scipy-powell,cold,8,1479,19.3219,0.004816
scipy-powell,cold,8,1480,19.3336,0.004816
scipy-powell,cold,8,1481,19.3461,0.004816
scipy-powell,cold,8,1486,19.4085,0.004808
scipy-powell,cold,8,1487,19.4206,0.004807
scipy-powell,cold,8,1490,19.4584,0.004806
scipy-powell,cold,8,1492,19.4836,0.004806
scipy-powell,cold,8,1493,19.4957,0.004806
scipy-powell,cold,8,1494,19.5074,0.004806
scipy-powell,cold,8,1495,19.5206,0.004806
scipy-powell,cold,8,1496,19.5364,0.004806
scipy-powell,cold,8,1497,19.5499,0.004806
scipy-powell,cold,8,1505,19.6514,0.004794
scipy-powell,cold,8,1508,19.6884,0.004794
scipy-powell,cold,8,1509,19.7002,0.004794
scipy-powell,cold,8,1510,19.7120,0.004794
scipy-powell,cold,8,1511,19.7248,0.004794
scipy-powell,cold,8,1512,19.7371,0.004794
scipy-powell,cold,8,1514,19.7617,0.004794
scipy-powell,cold,8,1520,19.8343,0.004793
scipy-powell,cold,8,1521,19.8463,0.004793
scipy-powell,cold,8,1523,19.8709,0.004793
scipy-powell,cold,8,1525,19.8957,0.004793
scipy-powell,cold,8,1526,19.9084,0.004793
scipy-powell,cold,8,1530,19.9581,0.004793
scipy-powell,cold,8,1537,20.0451,0.004791
scipy-powell,cold,8,1538,20.0574,0.004791
scipy-powell,cold,8,1539,20.0695,0.004791
scipy-powell,cold,8,1540,20.0822,0.004791
scipy-powell,cold,8,1541,20.0943,0.004791
scipy-powell,cold,8,1542,20.1066,0.004791
scipy-powell,cold,8,1547,20.1671,0.004791
scipy-powell,cold,8,1549,20.1915,0.004791
scipy-powell,cold,8,1550,20.2037,0.004791
scipy-powell,cold,8,1551,20.2156,0.004791
scipy-powell,cold,8,1553,20.2409,0.004791
scipy-powell,cold,8,1554,20.2532,0.004791
scipy-powell,cold,8,1555,20.2654,0.004791
scipy-powell,cold,8,1568,20.4214,0.004791
scipy-powell,cold,8,1569,20.4334,0.004791
scipy-powell,cold,8,1570,20.4454,0.004791
scipy-powell,cold,8,1579,20.5580,0.004791
scipy-powell,cold,8,1580,20.5708,0.004791
scipy-powell,cold,8,1582,20.5967,0.004791
scipy-powell,cold,8,1583,20.6093,0.004791
scipy-powell,cold,8,1584,20.6223,0.004791
scipy-powell,cold,8,1585,20.6358,0.004791
scipy-powell,cold,8,1586,20.6487,0.004791
scipy-powell,cold,8,1587,20.6615,0.004791
scipy-powell,cold,8,1588,20.6759,0.004791
scipy-powell,cold,8,1597,20.7929,0.004791
scipy-powell,cold,8,1599,20.8188,0.004791
scipy-powell,cold,8,1601,20.8438,0.004791
scipy-powell,cold,8,1602,20.8575,0.004791
scipy-powell,cold,8,1603,20.8701,0.004791
scipy-powell,cold,8,1604,20.8842,0.004791
scipy-powell,cold,8,1605,20.8975,0.004791
scipy-powell,cold,8,1606,20.9104,0.004791
scipy-powell,cold,8,1607,20.9235,0.004791
scipy-powell,cold,8,1608,20.9374,0.004791
scipy-powell,cold,8,1609,20.9504,0.004791
scipy-powell,cold,8,1610,20.9630,0.004791
scipy-powell,cold,8,1611,20.9763,0.004791
scipy-powell,cold,8,1612,20.9881,0.004791
scipy-powell,cold,8,1613,21.0007,0.004791
scipy-powell,cold,8,1614,21.0135,0.004791
scipy-powell,cold,8,1615,21.0255,0.004791
scipy-powell,cold,8,1616,21.0371,0.004791
scipy-powell,cold,8,1617,21.0487,0.004791
scipy-powell,cold,8,1618,21.0606,0.004791
scipy-powell,cold,8,1619,21.0723,0.004791
scipy-powell,cold,8,1620,21.0839,0.004791
scipy-powell,cold,8,1621,21.0956,0.004791
scipy-powell,cold,8,1622,21.1078,0.004791
scipy-powell,cold,8,1623,21.1208,0.004791
scipy-powell,cold,8,1624,21.1347,0.004791
scipy-powell,cold,8,1625,21.1477,0.004791
scipy-powell,cold,8,1626,21.1616,0.004791
scipy-powell,cold,8,1627,21.1746,0.004791
scipy-powell,cold,8,1628,21.1865,0.004791
scipy-powell,cold,8,1629,21.1985,0.004791
scipy-powell,cold,8,1630,21.2106,0.004791
scipy-powell,cold,8,1631,21.2228,0.004791
scipy-powell,cold,8,1632,21.2352,0.004791
scipy-powell,cold,8,1633,21.2477,0.004791
scipy-powell,cold,8,1634,21.2598,0.004791
scipy-powell,cold,8,1635,21.2721,0.004791
scipy-powell,cold,8,1637,21.2984,0.004791
scipy-powell,cold,8,1638,21.3112,0.004791
scipy-powell,cold,8,1641,21.3512,0.004791
scipy-powell,cold,8,1642,21.3646,0.004791
scipy-powell,cold,8,1643,21.3777,0.004791
scipy-powell,cold,8,1644,21.3907,0.004791
scipy-powell,cold,8,1652,21.4897,0.004791
scipy-powell,cold,8,1655,21.5302,0.004790
scipy-powell,cold,8,1656,21.5430,0.004789
scipy-powell,cold,8,1657,21.5550,0.004788
scipy-powell,cold,8,1658,21.5663,0.004787
scipy-powell,cold,8,1659,21.5785,0.004787
scipy-powell,cold,8,1660,21.5906,0.004787
scipy-powell,cold,8,1661,21.6026,0.004786
scipy-powell,cold,8,1662,21.6145,0.004786
scipy-powell,cold,8,1663,21.6270,0.004786
scipy-powell,cold,8,1664,21.6388,0.004786
scipy-powell,cold,8,1665,21.6507,0.004786
scipy-powell,cold,8,1666,21.6626,0.004786
scipy-powell,cold,8,1667,21.6744,0.004786
scipy-powell,cold,8,1668,21.6867,0.004786
scipy-powell,cold,8,1669,21.6986,0.004786
scipy-powell,cold,8,1670,21.7109,0.004786
scipy-powell,cold,8,1671,21.7229,0.004786
scipy-powell,cold,8,1672,21.7351,0.004786
scipy-powell,cold,8,1673,21.7473,0.004786
scipy-powell,cold,8,1674,21.7592,0.004786
scipy-powell,cold,8,1675,21.7710,0.004786
scipy-powell,cold,8,1676,21.7830,0.004786
scipy-powell,cold,8,1677,21.7957,0.004786
scipy-powell,cold,8,1678,21.8086,0.004786
scipy-powell,cold,8,1679,21.8205,0.004786
scipy-powell,cold,8,1680,21.8330,0.004786
scipy-powell,cold,8,1681,21.8453,0.004786
scipy-powell,cold,8,1682,21.8579,0.004786
scipy-powell,cold,8,1683,21.8716,0.004786
scipy-powell,cold,8,1684,21.8850,0.004786
scipy-powell,cold,8,1685,21.8987,0.004786
scipy-powell,cold,8,1686,21.9121,0.004786
scipy-powell,cold,8,1687,21.9256,0.004786
scipy-powell,cold,8,1688,21.9402,0.004786
scipy-powell,cold,8,1689,21.9527,0.004786
scipy-powell,cold,8,1690,21.9649,0.004786
scipy-powell,cold,8,1691,21.9773,0.004786
scipy-powell,cold,8,1693,22.0013,0.004785
scipy-powell,cold,8,1695,22.0252,0.004785
scipy-powell,cold,8,1696,22.0374,0.004785
scipy-powell,cold,8,1697,22.0500,0.004785
scipy-powell,cold,8,1698,22.0622,0.004785
scipy-powell,cold,8,1719,22.3181,0.004782
scipy-powell,cold,8,1720,22.3318,0.004777
scipy-powell,cold,8,1721,22.3453,0.004774
scipy-powell,cold,8,1722,22.3587,0.004772
scipy-powell,cold,8,1723,22.3745,0.004771
scipy-powell,cold,8,1724,22.3910,0.004770
scipy-powell,cold,8,1725,22.4078,0.004770
scipy-powell,cold,8,1726,22.4238,0.004770
scipy-powell,cold,8,1727,22.4382,0.004769
scipy-powell,cold,8,1728,22.4524,0.004769
scipy-powell,cold,8,1729,22.4665,0.004769
scipy-powell,cold,8,1730,22.4814,0.004769
scipy-powell,cold,8,1731,22.4943,0.004769
scipy-powell,cold,8,1732,22.5061,0.004769
scipy-powell,cold,8,1733,22.5185,0.004769
scipy-powell,cold,8,1734,22.5320,0.004769
scipy-powell,cold,8,1735,22.5449,0.004769
scipy-powell,cold,8,1736,22.5588,0.004769
scipy-powell,cold,8,1737,22.5722,0.004769
scipy-powell,cold,8,1738,22.5849,0.004769
scipy-powell,cold,8,1739,22.5987,0.004769
scipy-powell,cold,8,1740,22.6122,0.004769
scipy-powell,cold,8,1741,22.6265,0.004769
scipy-powell,cold,8,1742,22.6409,0.004769
scipy-powell,cold,8,1743,22.6546,0.004769
scipy-powell,cold,8,1744,22.6693,0.004769
scipy-powell,cold,8,1745,22.6834,0.004769
scipy-powell,cold,8,1746,22.6980,0.004769
scipy-powell,cold,8,1747,22.7121,0.004769
scipy-powell,cold,8,1748,22.7263,0.004769
scipy-powell,cold,8,1749,22.7406,0.004769
scipy-powell,cold,8,1750,22.7559,0.004769
scipy-powell,cold,8,1751,22.7709,0.004769
scipy-powell,cold,8,1752,22.7848,0.004769
scipy-powell,cold,8,1753,22.7974,0.004769
scipy-powell,cold,8,1754,22.8103,0.004769
scipy-powell,cold,8,1755,22.8229,0.004761
scipy-powell,cold,8,1759,22.8747,0.004760
scipy-powell,cold,8,1760,22.8893,0.004760
scipy-powell,cold,8,1761,22.9025,0.004760
scipy-powell,cold,8,1762,22.9153,0.004760
scipy-powell,cold,8,1763,22.9278,0.004760
scipy-powell,cold,8,1764,22.9407,0.004760
scipy-powell,cold,8,1765,22.9553,0.004760
scipy-powell,cold,8,1770,23.0179,0.004753
scipy-powell,cold,8,1772,23.0422,0.004749
scipy-powell,cold,8,1773,23.0545,0.004747
scipy-powell,cold,8,1774,23.0672,0.004745
scipy-powell,cold,8,1775,23.0793,0.004745
scipy-powell,cold,8,1776,23.0922,0.004744
scipy-powell,cold,8,1777,23.1047,0.004744
scipy-powell,cold,8,1778,23.1162,0.004744
scipy-powell,cold,8,1779,23.1290,0.004744
scipy-powell,cold,8,1780,23.1424,0.004744
scipy-powell,cold,8,1781,23.1553,0.004743
scipy-powell,cold,8,1782,23.1677,0.004743
scipy-powell,cold,8,1783,23.1797,0.004743
scipy-powell,cold,8,1784,23.1918,0.004743
scipy-powell,cold,8,1785,23.2042,0.004743
scipy-powell,cold,8,1786,23.2167,0.004743
scipy-powell,cold,8,1787,23.2293,0.004743
scipy-powell,cold,8,1788,23.2415,0.004743
scipy-powell,cold,8,1789,23.2542,0.004743
scipy-powell,cold,8,1790,23.2661,0.004743
scipy-powell,cold,8,1791,23.2778,0.004743
scipy-powell,cold,8,1792,23.2897,0.004743
scipy-powell,cold,8,1793,23.3016,0.004743
scipy-powell,cold,8,1794,23.3135,0.004743
scipy-powell,cold,8,1795,23.3252,0.004743
scipy-powell,cold,8,1796,23.3370,0.004743
scipy-powell,cold,8,1797,23.3496,0.004743
scipy-powell,cold,8,1798,23.3616,0.004743
scipy-powell,cold,8,1799,23.3742,0.004743
scipy-powell,cold,8,1800,23.3865,0.004743
scipy-powell,cold,8,1801,23.4008,0.004743
scipy-powell,cold,8,1802,23.4145,0.004743
scipy-powell,cold,8,1803,23.4296,0.004743
scipy-powell,cold,8,1804,23.4431,0.004743
scipy-powell,cold,8,1805,23.4573,0.004743
scipy-powell,cold,8,1806,23.4711,0.004735
scipy-powell,cold,8,1808,23.4974,0.004734
scipy-powell,cold,8,1809,23.5110,0.004734
scipy-powell,cold,8,1810,23.5245,0.004733
scipy-powell,cold,8,1811,23.5380,0.004733
scipy-powell,cold,8,1813,23.5655,0.004733
scipy-powell,cold,8,1814,23.5790,0.004733
scipy-powell,cold,8,1815,23.5928,0.004733
scipy-powell,cold,8,1818,23.6332,0.004733
scipy-powell,cold,8,1826,23.7349,0.004733
scipy-powell,cold,8,1827,23.7465,0.004733
scipy-powell,cold,8,1828,23.7586,0.004732
scipy-powell,cold,8,1829,23.7715,0.004732
scipy-powell,cold,8,1830,23.7836,0.004732
scipy-powell,cold,8,1831,23.7959,0.004732
scipy-powell,cold,8,1832,23.8115,0.004732
scipy-powell,cold,8,1833,23.8263,0.004732
scipy-powell,cold,8,1834,23.8405,0.004732
scipy-powell,cold,8,1835,23.8537,0.004732
scipy-powell,cold,8,1836,23.8673,0.004732
scipy-powell,cold,8,1837,23.8808,0.004732
scipy-powell,cold,8,1838,23.8937,0.004732
scipy-powell,cold,8,1839,23.9055,0.004732
scipy-powell,cold,8,1840,23.9174,0.004732
scipy-powell,cold,8,1841,23.9309,0.004732
scipy-powell,cold,8,1842,23.9434,0.004732
scipy-powell,cold,8,1843,23.9555,0.004732
scipy-powell,cold,8,1844,23.9677,0.004732
scipy-powell,cold,8,1845,23.9797,0.004732
scipy-powell,cold,8,1846,23.9920,0.004732
scipy-powell,cold,8,1847,24.0049,0.004732
scipy-powell,cold,8,1848,24.0172,0.004732
scipy-powell,cold,8,1849,24.0295,0.004732
scipy-powell,cold,8,1850,24.0418,0.004732
scipy-powell,cold,8,1851,24.0548,0.004732
scipy-powell,cold,8,1852,24.0667,0.004732
scipy-powell,cold,8,1853,24.0788,0.004732
scipy-powell,cold,8,1854,24.0916,0.004732
scipy-powell,cold,8,1855,24.1032,0.004732
scipy-powell,cold,8,1856,24.1163,0.004732
scipy-powell,cold,8,1857,24.1282,0.004732
scipy-powell,cold,8,1858,24.1404,0.004732
scipy-powell,cold,8,1861,24.1775,0.004731
scipy-powell,cold,8,1864,24.2142,0.004731
scipy-powell,cold,8,1865,24.2262,0.004731
scipy-powell,cold,8,1866,24.2387,0.004731
scipy-powell,cold,8,1867,24.2519,0.004731
scipy-powell,cold,8,1868,24.2646,0.004731
scipy-powell,cold,8,1889,24.5239,0.004731
scipy-powell,cold,8,1893,24.5757,0.004730
scipy-powell,cold,8,1895,24.6011,0.004730
scipy-powell,cold,8,1896,24.6138,0.004730
scipy-powell,cold,8,1897,24.6262,0.004730
scipy-powell,cold,8,1903,24.7005,0.004666
scipy-powell,cold,8,1906,24.7375,0.004645
scipy-powell,cold,8,1907,24.7495,0.004641
scipy-powell,cold,8,1908,24.7624,0.004639
scipy-powell,cold,8,1909,24.7747,0.004638
scipy-powell,cold,8,1910,24.7868,0.004638
scipy-powell,cold,8,1911,24.7983,0.004638
scipy-powell,cold,8,1912,24.8105,0.004638
scipy-powell,cold,8,1913,24.8239,0.004638
scipy-powell,cold,8,1914,24.8361,0.004638
scipy-powell,cold,8,1916,24.8637,0.004638
scipy-powell,cold,8,1926,24.9876,0.004638
scipy-powell,cold,8,1932,25.1642,0.004638
scipy-powell,cold,8,1933,25.1768,0.004638
scipy-powell,cold,8,1935,25.2011,0.004638
scipy-powell,cold,8,1936,25.2133,0.004638
scipy-powell,cold,8,1937,25.2254,0.004638
scipy-powell,cold,8,1938,25.2375,0.004638
scipy-powell,cold,8,1939,25.2500,0.004638
scipy-powell,cold,9,0,0.0000,0.006701
scipy-powell,cold,9,2,0.0388,0.006685
scipy-powell,cold,9,3,0.0511,0.006675
scipy-powell,cold,9,4,0.0631,0.006671
scipy-powell,cold,9,5,0.0748,0.006669
scipy-powell,cold,9,6,0.0864,0.006669
scipy-powell,cold,9,7,0.0990,0.006669
scipy-powell,cold,9,8,0.1113,0.006669
scipy-powell,cold,9,9,0.1234,0.006669
scipy-powell,cold,9,10,0.1347,0.006669
scipy-powell,cold,9,17,0.2153,0.006669
scipy-powell,cold,9,18,0.2268,0.006668
scipy-powell,cold,9,19,0.2381,0.006668
scipy-powell,cold,9,20,0.2494,0.006668
scipy-powell,cold,9,21,0.2617,0.006668
scipy-powell,cold,9,22,0.2732,0.006668
scipy-powell,cold,9,23,0.2857,0.006668
scipy-powell,cold,9,24,0.2974,0.006668
scipy-powell,cold,9,25,0.3100,0.006668
scipy-powell,cold,9,26,0.3230,0.006668
scipy-powell,cold,9,27,0.3367,0.006668
scipy-powell,cold,9,28,0.3486,0.006668
scipy-powell,cold,9,29,0.3609,0.006668
scipy-powell,cold,9,30,0.3732,0.006668
scipy-powell,cold,9,31,0.3851,0.006668
scipy-powell,cold,9,32,0.3967,0.006668
scipy-powell,cold,9,33,0.4109,0.006668
scipy-powell,cold,9,34,0.4229,0.006668
scipy-powell,cold,9,35,0.4360,0.006668
scipy-powell,cold,9,36,0.4486,0.006668
scipy-powell,cold,9,37,0.4607,0.006668
scipy-powell,cold,9,38,0.4729,0.006668
scipy-powell,cold,9,39,0.4848,0.006668
scipy-powell,cold,9,40,0.4970,0.006668
scipy-powell,cold,9,41,0.5083,0.006668
scipy-powell,cold,9,42,0.5197,0.006668
scipy-powell,cold,9,43,0.5310,0.006668
scipy-powell,cold,9,44,0.5425,0.006668
scipy-powell,cold,9,45,0.5539,0.006668
scipy-powell,cold,9,46,0.5658,0.006668
scipy-powell,cold,9,47,0.5779,0.006668
scipy-powell,cold,9,48,0.5901,0.006668
scipy-powell,cold,9,49,0.6026,0.006668
scipy-powell,cold,9,50,0.6149,0.006668
scipy-powell,cold,9,51,0.6270,0.006668
scipy-powell,cold,9,52,0.6397,0.006668
scipy-powell,cold,9,53,0.6517,0.006668
scipy-powell,cold,9,55,0.6749,0.006668
scipy-powell,cold,9,56,0.6870,0.006668
scipy-powell,cold,9,57,0.6992,0.006668
scipy-powell,cold,9,58,0.7114,0.006668
scipy-powell,cold,9,59,0.7231,0.006668
scipy-powell,cold,9,60,0.7354,0.006668
scipy-powell,cold,9,61,0.7497,0.006668
scipy-powell,cold,9,62,0.7623,0.006668
scipy-powell,cold,9,63,0.7745,0.006668
scipy-powell,cold,9,64,0.7868,0.006668
scipy-powell,cold,9,65,0.7994,0.006668
scipy-powell,cold,9,66,0.8112,0.006668
scipy-powell,cold,9,67,0.8237,0.006668
scipy-powell,cold,9,68,0.8353,0.006668
scipy-powell,cold,9,69,0.8468,0.006668
scipy-powell,cold,9,70,0.8585,0.006668
scipy-powell,cold,9,71,0.8707,0.006668
scipy-powell,cold,9,72,0.8825,0.006668
scipy-powell,cold,9,73,0.8945,0.006668
scipy-powell,cold,9,74,0.9061,0.006668
scipy-powell,cold,9,75,0.9181,0.006668
scipy-powell,cold,9,76,0.9295,0.006668
scipy-powell,cold,9,77,0.9420,0.006668
scipy-powell,cold,9,78,0.9544,0.006668
scipy-powell,cold,9,79,0.9665,0.006668
scipy-powell,cold,9,80,0.9785,0.006668
scipy-powell,cold,9,81,0.9909,0.006668
scipy-powell,cold,9,82,1.0028,0.006668
scipy-powell,cold,9,83,1.0153,0.006668
scipy-powell,cold,9,84,1.0269,0.006668
scipy-powell,cold,9,85,1.0390,0.006668
scipy-powell,cold,9,86,1.0508,0.006668
scipy-powell,cold,9,87,1.0627,0.006668
scipy-powell,cold,9,88,1.0752,0.006668
scipy-powell,cold,9,89,1.0880,0.006668
scipy-powell,cold,9,90,1.1002,0.006668
scipy-powell,cold,9,93,1.1391,0.006668
scipy-powell,cold,9,94,1.1524,0.006667
scipy-powell,cold,9,95,1.1653,0.006667
scipy-powell,cold,9,96,1.1774,0.006667
scipy-powell,cold,9,98,1.2019,0.006667
scipy-powell,cold,9,99,1.2140,0.006667
scipy-powell,cold,9,100,1.2259,0.006667
scipy-powell,cold,9,101,1.2383,0.006667
scipy-powell,cold,9,102,1.2507,0.006667
scipy-powell,cold,9,107,1.3118,0.006667
scipy-powell,cold,9,114,1.3909,0.006667
scipy-powell,cold,9,115,1.4025,0.006666
scipy-powell,cold,9,116,1.4139,0.006665
scipy-powell,cold,9,117,1.4258,0.006665
scipy-powell,cold,9,118,1.4379,0.006665
scipy-powell,cold,9,119,1.4494,0.006664
scipy-powell,cold,9,120,1.4618,0.006664
scipy-powell,cold,9,121,1.4728,0.006664
scipy-powell,cold,9,122,1.4844,0.006664
scipy-powell,cold,9,123,1.4958,0.006664
scipy-powell,cold,9,124,1.5071,0.006664
scipy-powell,cold,9,125,1.5185,0.006664
scipy-powell,cold,9,126,1.5300,0.006664
scipy-powell,cold,9,127,1.5419,0.006664
scipy-powell,cold,9,128,1.5528,0.006664
scipy-powell,cold,9,129,1.5639,0.006664
scipy-powell,cold,9,130,1.5754,0.006664
scipy-powell,cold,9,131,1.5866,0.006664
scipy-powell,cold,9,132,1.5981,0.006664
scipy-powell,cold,9,133,1.6094,0.006664
scipy-powell,cold,9,134,1.6211,0.006664
scipy-powell,cold,9,135,1.6320,0.006664
scipy-powell,cold,9,136,1.6441,0.006664
scipy-powell,cold,9,137,1.6558,0.006664
scipy-powell,cold,9,138,1.6676,0.006664
scipy-powell,cold,9,139,1.6791,0.006664
scipy-powell,cold,9,140,1.6903,0.006664
scipy-powell,cold,9,141,1.7019,0.006664
scipy-powell,cold,9,142,1.7132,0.006664
scipy-powell,cold,9,143,1.7246,0.006664
scipy-powell,cold,9,144,1.7361,0.006664
scipy-powell,cold,9,145,1.7480,0.006664
scipy-powell,cold,9,146,1.7600,0.006664
scipy-powell,cold,9,147,1.7716,0.006664
scipy-powell,cold,9,148,1.7831,0.006664
scipy-powell,cold,9,149,1.7953,0.006655
scipy-powell,cold,9,151,1.8196,0.006649
scipy-powell,cold,9,152,1.8317,0.006647
scipy-powell,cold,9,154,1.8557,0.006647
scipy-powell,cold,9,155,1.8680,0.006647
scipy-powell,cold,9,156,1.8802,0.006647
scipy-powell,cold,9,157,1.8920,0.006647
scipy-powell,cold,9,158,1.9034,0.006647
scipy-powell,cold,9,159,1.9145,0.006647
scipy-powell,cold,9,167,2.0046,0.006645
scipy-powell,cold,9,168,2.0166,0.006631
scipy-powell,cold,9,169,2.0281,0.006625
scipy-powell,cold,9,170,2.0397,0.006624
scipy-powell,cold,9,171,2.0513,0.006623
scipy-powell,cold,9,173,2.0743,0.006622
scipy-powell,cold,9,174,2.0859,0.006622
scipy-powell,cold,9,175,2.0974,0.006622
scipy-powell,cold,9,176,2.1087,0.006622
scipy-powell,cold,9,177,2.1200,0.006622
scipy-powell,cold,9,178,2.1313,0.006622
scipy-powell,cold,9,179,2.1425,0.006622
scipy-powell,cold,9,180,2.1540,0.006622
scipy-powell,cold,9,181,2.1655,0.006622
scipy-powell,cold,9,182,2.1764,0.006622
scipy-powell,cold,9,183,2.1892,0.006622
scipy-powell,cold,9,184,2.2014,0.006622
scipy-powell,cold,9,185,2.2128,0.006622
scipy-powell,cold,9,186,2.2242,0.006622
scipy-powell,cold,9,187,2.2358,0.006622
scipy-powell,cold,9,188,2.2470,0.006622
scipy-powell,cold,9,189,2.2580,0.006622
scipy-powell,cold,9,190,2.2691,0.006622
scipy-powell,cold,9,191,2.2799,0.006622
scipy-powell,cold,9,192,2.2911,0.006622
scipy-powell,cold,9,193,2.3025,0.006622
scipy-powell,cold,9,194,2.3137,0.006622
scipy-powell,cold,9,195,2.3251,0.006622
scipy-powell,cold,9,196,2.3362,0.006622
scipy-powell,cold,9,197,2.3472,0.006622
scipy-powell,cold,9,198,2.3581,0.006622
scipy-powell,cold,9,199,2.3695,0.006622
scipy-powell,cold,9,200,2.3804,0.006622
scipy-powell,cold,9,201,2.3917,0.006622
scipy-powell,cold,9,205,2.4385,0.006622
scipy-powell,cold,9,207,2.4607,0.006622
scipy-powell,cold,9,208,2.4721,0.006622
scipy-powell,cold,9,209,2.4836,0.006622
scipy-powell,cold,9,211,2.5070,0.006622
scipy-powell,cold,9,212,2.5187,0.006622
scipy-powell,cold,9,213,2.5295,0.006622
scipy-powell,cold,9,214,2.5404,0.006622
scipy-powell,cold,9,215,2.5516,0.006622
scipy-powell,cold,9,217,2.5735,0.006622
scipy-powell,cold,9,218,2.5847,0.006622
scipy-powell,cold,9,219,2.5959,0.006622
scipy-powell,cold,9,221,2.6187,0.006621
scipy-powell,cold,9,222,2.6296,0.006621
scipy-powell,cold,9,223,2.6408,0.006621
scipy-powell,cold,9,224,2.6520,0.006621
scipy-powell,cold,9,225,2.6635,0.006621
scipy-powell,cold,9,226,2.6745,0.006621
scipy-powell,cold,9,227,2.6859,0.006621
scipy-powell,cold,9,228,2.6971,0.006621
scipy-powell,cold,9,229,2.7083,0.006621
scipy-powell,cold,9,230,2.7193,0.006621
scipy-powell,cold,9,231,2.7302,0.006621
scipy-powell,cold,9,232,2.7421,0.006621
scipy-powell,cold,9,233,2.7547,0.006621
scipy-powell,cold,9,234,2.7665,0.006621
scipy-powell,cold,9,235,2.7781,0.006621
scipy-powell,cold,9,236,2.7899,0.006621
scipy-powell,cold,9,237,2.8015,0.006621
scipy-powell,cold,9,238,2.8128,0.006621
scipy-powell,cold,9,239,2.8240,0.006621
scipy-powell,cold,9,240,2.8349,0.006621
scipy-powell,cold,9,241,2.8461,0.006621
scipy-powell,cold,9,242,2.8570,0.006621
scipy-powell,cold,9,243,2.8682,0.006621
scipy-powell,cold,9,244,2.8791,0.006621
scipy-powell,cold,9,245,2.8907,0.006621
scipy-powell,cold,9,246,2.9019,0.006621
scipy-powell,cold,9,247,2.9128,0.006621
scipy-powell,cold,9,248,2.9241,0.006621
scipy-powell,cold,9,249,2.9355,0.006621
scipy-powell,cold,9,250,2.9467,0.006621
scipy-powell,cold,9,251,2.9582,0.006621
scipy-powell,cold,9,252,2.9692,0.006621
scipy-powell,cold,9,253,2.9810,0.006621
scipy-powell,cold,9,254,2.9930,0.006621
scipy-powell,cold,9,255,3.0043,0.006621
scipy-powell,cold,9,257,3.0275,0.006621
scipy-powell,cold,9,261,3.0721,0.006621
scipy-powell,cold,9,262,3.0831,0.006621
scipy-powell,cold,9,263,3.0947,0.006621
scipy-powell,cold,9,264,3.1062,0.006621
scipy-powell,cold,9,267,3.1397,0.006621
scipy-powell,cold,9,278,3.2632,0.006604
scipy-powell,cold,9,280,3.2853,0.006598
scipy-powell,cold,9,281,3.2961,0.006596
scipy-powell,cold,9,282,3.3070,0.006595
scipy-powell,cold,9,283,3.3180,0.006594
scipy-powell,cold,9,284,3.3290,0.006594
scipy-powell,cold,9,285,3.3404,0.006594
scipy-powell,cold,9,286,3.3511,0.006593
scipy-powell,cold,9,287,3.3623,0.006593
scipy-powell,cold,9,288,3.3735,0.006593
scipy-powell,cold,9,289,3.3845,0.006593
scipy-powell,cold,9,290,3.3955,0.006593
scipy-powell,cold,9,291,3.4070,0.006593
scipy-powell,cold,9,292,3.4180,0.006593
scipy-powell,cold,9,293,3.4288,0.006593
scipy-powell,cold,9,294,3.4400,0.006593
scipy-powell,cold,9,295,3.4509,0.006593
scipy-powell,cold,9,296,3.4625,0.006593
scipy-powell,cold,9,297,3.4734,0.006593
scipy-powell,cold,9,298,3.4851,0.006593
scipy-powell,cold,9,299,3.4969,0.006593
scipy-powell,cold,9,300,3.5082,0.006593
scipy-powell,cold,9,301,3.5192,0.006593
scipy-powell,cold,9,302,3.5301,0.006593
scipy-powell,cold,9,303,3.5410,0.006593
scipy-powell,cold,9,304,3.5520,0.006593
scipy-powell,cold,9,305,3.5630,0.006593
scipy-powell,cold,9,306,3.5740,0.006593
scipy-powell,cold,9,307,3.5850,0.006593
scipy-powell,cold,9,308,3.5961,0.006593
scipy-powell,cold,9,309,3.6069,0.006593
scipy-powell,cold,9,310,3.6181,0.006593
scipy-powell,cold,9,311,3.6290,0.006593
scipy-powell,cold,9,312,3.6404,0.006593
scipy-powell,cold,9,313,3.6515,0.006593
scipy-powell,cold,9,314,3.6627,0.006593
scipy-powell,cold,9,316,3.6847,0.006591
scipy-powell,cold,9,317,3.6959,0.006591
scipy-powell,cold,9,319,3.7192,0.006591
scipy-powell,cold,9,321,3.7412,0.006591
scipy-powell,cold,9,322,3.7520,0.006591
scipy-powell,cold,9,324,3.7768,0.006591
scipy-powell,cold,9,326,3.7993,0.006591
scipy-powell,cold,9,327,3.8102,0.006591
scipy-powell,cold,9,328,3.8220,0.006591
scipy-powell,cold,9,338,3.9378,0.006585
scipy-powell,cold,9,340,3.9612,0.006571
scipy-powell,cold,9,341,3.9730,0.006562
scipy-powell,cold,9,342,3.9850,0.006557
scipy-powell,cold,9,343,3.9967,0.006555
scipy-powell,cold,9,344,4.0083,0.006553
scipy-powell,cold,9,345,4.0192,0.006552
scipy-powell,cold,9,346,4.0305,0.006551
scipy-powell,cold,9,347,4.0418,0.006551
scipy-powell,cold,9,348,4.0529,0.006551
scipy-powell,cold,9,349,4.0643,0.006551
scipy-powell,cold,9,350,4.0757,0.006550
scipy-powell,cold,9,351,4.0868,0.006550
scipy-powell,cold,9,352,4.0978,0.006550
scipy-powell,cold,9,353,4.1093,0.006550
scipy-powell,cold,9,354,4.1202,0.006550
scipy-powell,cold,9,355,4.1313,0.006550
scipy-powell,cold,9,356,4.1422,0.006550
scipy-powell,cold,9,357,4.1531,0.006550
scipy-powell,cold,9,358,4.1644,0.006550
scipy-powell,cold,9,359,4.1761,0.006550
scipy-powell,cold,9,360,4.1873,0.006550
scipy-powell,cold,9,361,4.1988,0.006550
scipy-powell,cold,9,362,4.2102,0.006550
scipy-powell,cold,9,363,4.2214,0.006550
scipy-powell,cold,9,364,4.2323,0.006550
scipy-powell,cold,9,365,4.2443,0.006550
scipy-powell,cold,9,366,4.2555,0.006550
scipy-powell,cold,9,367,4.2670,0.006550
scipy-powell,cold,9,368,4.2780,0.006550
scipy-powell,cold,9,369,4.2901,0.006550
scipy-powell,cold,9,370,4.3013,0.006550
scipy-powell,cold,9,371,4.3128,0.006550
scipy-powell,cold,9,372,4.3254,0.006550
scipy-powell,cold,9,373,4.3368,0.006550
scipy-powell,cold,9,374,4.3488,0.006550
scipy-powell,cold,9,375,4.3613,0.006535
scipy-powell,cold,9,377,4.3850,0.006528
scipy-powell,cold,9,379,4.4084,0.006528
scipy-powell,cold,9,380,4.4197,0.006528
scipy-powell,cold,9,381,4.4318,0.006528
scipy-powell,cold,9,382,4.4438,0.006528
scipy-powell,cold,9,383,4.4562,0.006528
scipy-powell,cold,9,384,4.4687,0.006528
scipy-powell,cold,9,385,4.4804,0.006528
scipy-powell,cold,9,386,4.4916,0.006528
scipy-powell,cold,9,395,4.5972,0.006485
scipy-powell,cold,9,396,4.6091,0.006453
scipy-powell,cold,9,397,4.6221,0.006433
scipy-powell,cold,9,398,4.6336,0.006421
scipy-powell,cold,9,399,4.6449,0.006413
scipy-powell,cold,9,400,4.6563,0.006408
scipy-powell,cold,9,401,4.6681,0.006406
scipy-powell,cold,9,402,4.6793,0.006404
scipy-powell,cold,9,403,4.6907,0.006403
scipy-powell,cold,9,404,4.7025,0.006402
scipy-powell,cold,9,405,4.7140,0.006402
scipy-powell,cold,9,406,4.7250,0.006401
scipy-powell,cold,9,407,4.7368,0.006401
scipy-powell,cold,9,408,4.7482,0.006401
scipy-powell,cold,9,409,4.7623,0.006401
scipy-powell,cold,9,410,4.7747,0.006401
scipy-powell,cold,9,411,4.7868,0.006401
scipy-powell,cold,9,412,4.7991,0.006401
scipy-powell,cold,9,413,4.8106,0.006401
scipy-powell,cold,9,414,4.8229,0.006401
scipy-powell,cold,9,415,4.8346,0.006401
scipy-powell,cold,9,416,4.8464,0.006401
scipy-powell,cold,9,417,4.8575,0.006401
scipy-powell,cold,9,418,4.8695,0.006401
scipy-powell,cold,9,419,4.8819,0.006401
scipy-powell,cold,9,420,4.8940,0.006401
scipy-powell,cold,9,421,4.9053,0.006401
scipy-powell,cold,9,422,4.9178,0.006401
scipy-powell,cold,9,423,4.9297,0.006401
scipy-powell,cold,9,424,4.9413,0.006401
scipy-powell,cold,9,425,4.9528,0.006401
scipy-powell,cold,9,426,4.9646,0.006401
scipy-powell,cold,9,427,4.9765,0.006401
scipy-powell,cold,9,428,4.9890,0.006401
scipy-powell,cold,9,429,5.0008,0.006401
scipy-powell,cold,9,430,5.0125,0.006401
scipy-powell,cold,9,431,5.0248,0.006259
scipy-powell,cold,9,434,5.0619,0.006245
scipy-powell,cold,9,435,5.0737,0.006244
scipy-powell,cold,9,436,5.0858,0.006243
scipy-powell,cold,9,437,5.0982,0.006243
scipy-powell,cold,9,438,5.1104,0.006243
scipy-powell,cold,9,439,5.1228,0.006243
scipy-powell,cold,9,440,5.1347,0.006243
scipy-powell,cold,9,446,5.2063,0.006243
scipy-powell,cold,9,448,5.2295,0.006243
scipy-powell,cold,9,450,5.2525,0.006243
scipy-powell,cold,9,452,5.2771,0.006243
scipy-powell,cold,9,453,5.2890,0.006243
scipy-powell,cold,9,454,5.3007,0.006243
scipy-powell,cold,9,455,5.3130,0.006243
scipy-powell,cold,9,459,5.3609,0.006243
scipy-powell,cold,9,467,5.4577,0.006243
scipy-powell,cold,9,468,5.4702,0.006243
scipy-powell,cold,9,469,5.4828,0.006243
scipy-powell,cold,9,470,5.4951,0.006243
scipy-powell,cold,9,471,5.5072,0.006243
scipy-powell,cold,9,472,5.5190,0.006243
scipy-powell,cold,9,473,5.5307,0.006243
scipy-powell,cold,9,474,5.5429,0.006243
scipy-powell,cold,9,475,5.5550,0.006243
scipy-powell,cold,9,476,5.5677,0.006243
scipy-powell,cold,9,477,5.5801,0.006243
scipy-powell,cold,9,478,5.5922,0.006243
scipy-powell,cold,9,479,5.6043,0.006243
scipy-powell,cold,9,480,5.6165,0.006243
scipy-powell,cold,9,481,5.6281,0.006243
scipy-powell,cold,9,482,5.6400,0.006243
scipy-powell,cold,9,483,5.6516,0.006243
scipy-powell,cold,9,484,5.6637,0.006243
scipy-powell,cold,9,485,5.6758,0.006243
scipy-powell,cold,9,486,5.6876,0.006243
scipy-powell,cold,9,487,5.6997,0.006243
scipy-powell,cold,9,488,5.7113,0.006243
scipy-powell,cold,9,489,5.7233,0.006243
scipy-powell,cold,9,490,5.7347,0.006243
scipy-powell,cold,9,491,5.7463,0.006243
scipy-powell,cold,9,492,5.7587,0.006243
scipy-powell,cold,9,493,5.7713,0.006243
scipy-powell,cold,9,494,5.7831,0.006243
scipy-powell,cold,9,495,5.7956,0.006243
scipy-powell,cold,9,496,5.8098,0.006243
scipy-powell,cold,9,497,5.8218,0.006243
scipy-powell,cold,9,498,5.8333,0.006243
scipy-powell,cold,9,499,5.8450,0.006243
scipy-powell,cold,9,500,5.8571,0.006243
scipy-powell,cold,9,501,5.8693,0.006243
scipy-powell,cold,9,502,5.8815,0.006243
scipy-powell,cold,9,503,5.8933,0.006243
scipy-powell,cold,9,504,5.9054,0.006243
scipy-powell,cold,9,505,5.9171,0.006243
scipy-powell,cold,9,506,5.9289,0.006243
scipy-powell,cold,9,507,5.9406,0.006243
scipy-powell,cold,9,508,5.9520,0.006243
scipy-powell,cold,9,509,5.9640,0.006243
scipy-powell,cold,9,510,5.9756,0.006243
scipy-powell,cold,9,511,5.9873,0.006243
scipy-powell,cold,9,512,6.0017,0.006243
scipy-powell,cold,9,513,6.0132,0.006243
scipy-powell,cold,9,514,6.0250,0.006243
scipy-powell,cold,9,515,6.0365,0.006243
scipy-powell,cold,9,516,6.0486,0.006243
scipy-powell,cold,9,517,6.0604,0.006243
scipy-powell,cold,9,518,6.0720,0.006243
scipy-powell,cold,9,519,6.0831,0.006243
scipy-powell,cold,9,520,6.0946,0.006243
scipy-powell,cold,9,521,6.1076,0.006243
scipy-powell,cold,9,522,6.1200,0.006243
scipy-powell,cold,9,523,6.1322,0.006243
scipy-powell,cold,9,524,6.1444,0.006243
scipy-powell,cold,9,525,6.1566,0.006243
scipy-powell,cold,9,526,6.1684,0.006243
scipy-powell,cold,9,527,6.1800,0.006243
scipy-powell,cold,9,528,6.1921,0.006243
scipy-powell,cold,9,529,6.2040,0.006243
scipy-powell,cold,9,530,6.2162,0.006243
scipy-powell,cold,9,531,6.2283,0.006243
scipy-powell,cold,9,532,6.2400,0.006243
scipy-powell,cold,9,533,6.2516,0.006243
scipy-powell,cold,9,534,6.2632,0.006243
scipy-powell,cold,9,535,6.2754,0.006243
scipy-powell,cold,9,536,6.2871,0.006243
scipy-powell,cold,9,537,6.2988,0.006243
scipy-powell,cold,9,538,6.3103,0.006243
scipy-powell,cold,9,539,6.3227,0.006243
scipy-powell,cold,9,541,6.3469,0.006243
scipy-powell,cold,9,545,6.3926,0.006243
scipy-powell,cold,9,546,6.4047,0.006243
scipy-powell,cold,9,553,6.4864,0.006243
scipy-powell,cold,9,560,6.5711,0.006243
scipy-powell,cold,9,561,6.5828,0.006243
scipy-powell,cold,9,562,6.5953,0.006243
scipy-powell,cold,9,563,6.6083,0.006243
scipy-powell,cold,9,564,6.6195,0.006243
scipy-powell,cold,9,565,6.6313,0.006243
scipy-powell,cold,9,566,6.6433,0.006242
scipy-powell,cold,9,567,6.6553,0.006242
scipy-powell,cold,9,568,6.6678,0.006242
scipy-powell,cold,9,569,6.6798,0.006242
scipy-powell,cold,9,570,6.6916,0.006242
scipy-powell,cold,9,571,6.7039,0.006242
scipy-powell,cold,9,572,6.7155,0.006242
scipy-powell,cold,9,573,6.7275,0.006242
scipy-powell,cold,9,574,6.7399,0.006242
scipy-powell,cold,9,575,6.7519,0.006242
scipy-powell,cold,9,576,6.7649,0.006242
scipy-powell,cold,9,577,6.7775,0.006242
scipy-powell,cold,9,578,6.7893,0.006242
scipy-powell,cold,9,579,6.8008,0.006242
scipy-powell,cold,9,580,6.8127,0.006242
scipy-powell,cold,9,581,6.8240,0.006242
scipy-powell,cold,9,582,6.8356,0.006242
scipy-powell,cold,9,583,6.8479,0.006242
scipy-powell,cold,9,584,6.8623,0.006242
scipy-powell,cold,9,585,6.8741,0.006242
scipy-powell,cold,9,586,6.8858,0.006242
scipy-powell,cold,9,587,6.8972,0.006242
scipy-powell,cold,9,588,6.9087,0.006242
scipy-powell,cold,9,589,6.9211,0.006242
scipy-powell,cold,9,590,6.9322,0.006242
scipy-powell,cold,9,591,6.9445,0.006242
scipy-powell,cold,9,592,6.9558,0.006242
scipy-powell,cold,9,593,6.9673,0.006242
scipy-powell,cold,9,594,6.9790,0.006242
scipy-powell,cold,9,595,6.9906,0.006242
scipy-powell,cold,9,596,7.0030,0.006242
scipy-powell,cold,9,597,7.0148,0.006242
scipy-powell,cold,9,599,7.0393,0.006242
scipy-powell,cold,9,600,7.0504,0.006242
scipy-powell,cold,9,604,7.0970,0.006242
scipy-powell,cold,9,605,7.1085,0.006242
scipy-powell,cold,9,606,7.1205,0.006242
scipy-powell,cold,9,607,7.1322,0.006242
scipy-powell,cold,9,623,7.3174,0.006242
scipy-powell,cold,9,624,7.3284,0.006242
scipy-powell,cold,9,625,7.3402,0.006242
scipy-powell,cold,9,626,7.3519,0.006242
scipy-powell,cold,9,627,7.3633,0.006242
scipy-powell,cold,9,628,7.3749,0.006242
scipy-powell,cold,9,629,7.3861,0.006242
scipy-powell,cold,9,630,7.3978,0.006242
scipy-powell,cold,9,631,7.4093,0.006242
scipy-powell,cold,9,632,7.4209,0.006242
scipy-powell,cold,9,633,7.4325,0.006242
scipy-powell,cold,9,634,7.4442,0.006242
scipy-powell,cold,9,635,7.4554,0.006242
scipy-powell,cold,9,636,7.4669,0.006242
scipy-powell,cold,9,637,7.4785,0.006242
scipy-powell,cold,9,638,7.4903,0.006242
scipy-powell,cold,9,639,7.5015,0.006242
scipy-powell,cold,9,640,7.5130,0.006242
scipy-powell,cold,9,641,7.5243,0.006242
scipy-powell,cold,9,642,7.5356,0.006242
scipy-powell,cold,9,643,7.5470,0.006242
scipy-powell,cold,9,644,7.5585,0.006242
scipy-powell,cold,9,645,7.5699,0.006242
scipy-powell,cold,9,646,7.5809,0.006242
scipy-powell,cold,9,647,7.5919,0.006242
scipy-powell,cold,9,648,7.6029,0.006242
scipy-powell,cold,9,649,7.6146,0.006242
scipy-powell,cold,9,650,7.6265,0.006242
scipy-powell,cold,9,651,7.6386,0.006242
scipy-powell,cold,9,652,7.6499,0.006242
scipy-powell,cold,9,653,7.6617,0.006242
scipy-powell,cold,9,654,7.6732,0.006242
scipy-powell,cold,9,655,7.6845,0.006242
scipy-powell,cold,9,656,7.6957,0.006242
scipy-powell,cold,9,657,7.7071,0.006242
scipy-powell,cold,9,658,7.7188,0.006241
scipy-powell,cold,9,660,7.7422,0.006241
scipy-powell,cold,9,661,7.7534,0.006241
scipy-powell,cold,9,662,7.7654,0.006241
scipy-powell,cold,9,664,7.7878,0.006241
scipy-powell,cold,9,665,7.7997,0.006241
scipy-powell,cold,9,666,7.8114,0.006241
scipy-powell,cold,9,667,7.8229,0.006241
scipy-powell,cold,9,668,7.8344,0.006241
scipy-powell,cold,9,671,7.8679,0.006241
scipy-powell,cold,9,681,7.9934,0.006196
scipy-powell,cold,9,682,8.0053,0.006190
scipy-powell,cold,9,683,8.0167,0.006190
scipy-powell,cold,9,684,8.0280,0.006190
scipy-powell,cold,9,685,8.0395,0.006190
scipy-powell,cold,9,686,8.0507,0.006190
scipy-powell,cold,9,687,8.0620,0.006190
scipy-powell,cold,9,688,8.0737,0.006190
scipy-powell,cold,9,702,8.2330,0.006188
scipy-powell,cold,9,704,8.2566,0.006188
scipy-powell,cold,9,705,8.2691,0.006188
scipy-powell,cold,9,706,8.2812,0.006188
scipy-powell,cold,9,707,8.2932,0.006188
scipy-powell,cold,9,708,8.3068,0.006188
scipy-powell,cold,9,724,8.4899,0.006152
scipy-powell,cold,9,725,8.5008,0.005982
scipy-powell,cold,9,726,8.5117,0.005932
scipy-powell,cold,9,727,8.5229,0.005914
scipy-powell,cold,9,728,8.5339,0.005907
scipy-powell,cold,9,729,8.5449,0.005903
scipy-powell,cold,9,730,8.5558,0.005901
scipy-powell,cold,9,731,8.5669,0.005900
scipy-powell,cold,9,732,8.5778,0.005899
scipy-powell,cold,9,733,8.5889,0.005899
scipy-powell,cold,9,734,8.6027,0.005899
scipy-powell,cold,9,735,8.6138,0.005899
scipy-powell,cold,9,736,8.6254,0.005898
scipy-powell,cold,9,737,8.6367,0.005898
scipy-powell,cold,9,738,8.6475,0.005898
scipy-powell,cold,9,739,8.6590,0.005898
scipy-powell,cold,9,740,8.6703,0.005898
scipy-powell,cold,9,741,8.6813,0.005898
scipy-powell,cold,9,742,8.6920,0.005898
scipy-powell,cold,9,743,8.7030,0.005898
scipy-powell,cold,9,744,8.7153,0.005898
scipy-powell,cold,9,745,8.7265,0.005898
scipy-powell,cold,9,746,8.7378,0.005898
scipy-powell,cold,9,747,8.7502,0.005898
scipy-powell,cold,9,748,8.7616,0.005898
scipy-powell,cold,9,749,8.7733,0.005898
scipy-powell,cold,9,750,8.7844,0.005898
scipy-powell,cold,9,751,8.7954,0.005898
scipy-powell,cold,9,752,8.8067,0.005898
scipy-powell,cold,9,753,8.8183,0.005898
scipy-powell,cold,9,754,8.8310,0.005898
scipy-powell,cold,9,755,8.8432,0.005898
scipy-powell,cold,9,756,8.8551,0.005898
scipy-powell,cold,9,757,8.8670,0.005898
scipy-powell,cold,9,758,8.8782,0.005898
scipy-powell,cold,9,759,8.8900,0.005898
scipy-powell,cold,9,761,8.9122,0.005884
scipy-powell,cold,9,762,8.9243,0.005884
scipy-powell,cold,9,763,8.9360,0.005884
scipy-powell,cold,9,765,8.9582,0.005884
scipy-powell,cold,9,767,8.9801,0.005884
scipy-powell,cold,9,768,8.9909,0.005884
scipy-powell,cold,9,769,9.0018,0.005884
scipy-powell,cold,9,770,9.0125,0.005884
scipy-powell,cold,9,773,9.0460,0.005884
scipy-powell,cold,9,775,9.0680,0.005881
scipy-powell,cold,9,776,9.0789,0.005873
scipy-powell,cold,9,777,9.0901,0.005871
scipy-powell,cold,9,778,9.1010,0.005871
scipy-powell,cold,9,779,9.1123,0.005870
scipy-powell,cold,9,780,9.1232,0.005870
scipy-powell,cold,9,781,9.1345,0.005870
scipy-powell,cold,9,782,9.1453,0.005870
scipy-powell,cold,9,783,9.1565,0.005870
scipy-powell,cold,9,784,9.1673,0.005870
scipy-powell,cold,9,785,9.1783,0.005870
scipy-powell,cold,9,786,9.1893,0.005870
scipy-powell,cold,9,787,9.2003,0.005870
scipy-powell,cold,9,788,9.2111,0.005870
scipy-powell,cold,9,789,9.2220,0.005870
scipy-powell,cold,9,790,9.2331,0.005870
scipy-powell,cold,9,791,9.2442,0.005870
scipy-powell,cold,9,792,9.2552,0.005870
scipy-powell,cold,9,793,9.2660,0.005870
scipy-powell,cold,9,794,9.2767,0.005870
scipy-powell,cold,9,795,9.2875,0.005870
scipy-powell,cold,9,796,9.2984,0.005870
scipy-powell,cold,9,797,9.3091,0.005870
scipy-powell,cold,9,798,9.3199,0.005870
scipy-powell,cold,9,799,9.3304,0.005870
scipy-powell,cold,9,800,9.3413,0.005870
scipy-powell,cold,9,801,9.3518,0.005870
scipy-powell,cold,9,802,9.3631,0.005870
scipy-powell,cold,9,803,9.3748,0.005870
scipy-powell,cold,9,804,9.3855,0.005870
scipy-powell,cold,9,805,9.3962,0.005870
scipy-powell,cold,9,806,9.4070,0.005870
scipy-powell,cold,9,807,9.4177,0.005870
scipy-powell,cold,9,808,9.4289,0.005870
scipy-powell,cold,9,809,9.4399,0.005870
scipy-powell,cold,9,810,9.4509,0.005870
scipy-powell,cold,9,811,9.4615,0.005870
scipy-powell,cold,9,816,9.5181,0.005869
scipy-powell,cold,9,817,9.5295,0.005868
scipy-powell,cold,9,818,9.5413,0.005867
scipy-powell,cold,9,819,9.5524,0.005866
scipy-powell,cold,9,820,9.5637,0.005866
scipy-powell,cold,9,821,9.5745,0.005866
scipy-powell,cold,9,822,9.5853,0.005866
scipy-powell,cold,9,823,9.5962,0.005866
scipy-powell,cold,9,824,9.6070,0.005865
scipy-powell,cold,9,825,9.6180,0.005865
scipy-powell,cold,9,826,9.6287,0.005865
scipy-powell,cold,9,827,9.6399,0.005865
scipy-powell,cold,9,828,9.6506,0.005865
scipy-powell,cold,9,829,9.6622,0.005865
scipy-powell,cold,9,830,9.6739,0.005865
scipy-powell,cold,9,831,9.6850,0.005865
scipy-powell,cold,9,832,9.6958,0.005865
scipy-powell,cold,9,833,9.7064,0.005865
scipy-powell,cold,9,834,9.7173,0.005865
scipy-powell,cold,9,835,9.7291,0.005865
scipy-powell,cold,9,836,9.7404,0.005865
scipy-powell,cold,9,837,9.7525,0.005865
scipy-powell,cold,9,838,9.7637,0.005865
scipy-powell,cold,9,839,9.7753,0.005865
scipy-powell,cold,9,840,9.7860,0.005865
scipy-powell,cold,9,841,9.7969,0.005865
scipy-powell,cold,9,842,9.8081,0.005865
scipy-powell,cold,9,843,9.8192,0.005865
scipy-powell,cold,9,844,9.8302,0.005865
scipy-powell,cold,9,845,9.8410,0.005865
scipy-powell,cold,9,846,9.8516,0.005865
scipy-powell,cold,9,847,9.8629,0.005865
scipy-powell,cold,9,848,9.8738,0.005865
scipy-powell,cold,9,849,9.8848,0.005865
scipy-powell,cold,9,850,9.8957,0.005865
scipy-powell,cold,9,851,9.9078,0.005863
scipy-powell,cold,9,853,9.9321,0.005849
scipy-powell,cold,9,854,9.9441,0.005845
scipy-powell,cold,9,857,9.9777,0.005844
scipy-powell,cold,9,858,9.9885,0.005844
scipy-powell,cold,9,859,9.9999,0.005844
scipy-powell,cold,9,861,10.0235,0.005844
scipy-powell,cold,9,862,10.0350,0.005844
scipy-powell,cold,9,875,10.1866,0.005837
scipy-powell,cold,9,877,10.2099,0.005837
scipy-powell,cold,9,878,10.2214,0.005837
scipy-powell,cold,9,879,10.2337,0.005837
scipy-powell,cold,9,880,10.2449,0.005837
scipy-powell,cold,9,881,10.2562,0.005837
scipy-powell,cold,9,882,10.2670,0.005837
scipy-powell,cold,9,889,10.3485,0.005836
scipy-powell,cold,9,890,10.3602,0.005835
scipy-powell,cold,9,891,10.3731,0.005835
scipy-powell,cold,9,893,10.3987,0.005835
scipy-powell,cold,9,894,10.4108,0.005835
scipy-powell,cold,9,895,10.4231,0.005835
scipy-powell,cold,9,896,10.4345,0.005835
scipy-powell,cold,9,897,10.4457,0.005835
scipy-powell,cold,9,902,10.5037,0.005835
scipy-powell,cold,9,903,10.5152,0.005834
scipy-powell,cold,9,904,10.5267,0.005833
scipy-powell,cold,9,905,10.5381,0.005833
scipy-powell,cold,9,906,10.5495,0.005833
scipy-powell,cold,9,907,10.5610,0.005833
scipy-powell,cold,9,908,10.5727,0.005833
scipy-powell,cold,9,909,10.5845,0.005833
scipy-powell,cold,9,910,10.5963,0.005833
scipy-powell,cold,9,911,10.6085,0.005833
scipy-powell,cold,9,918,10.6907,0.005833
scipy-powell,cold,9,920,10.7137,0.005833
scipy-powell,cold,9,921,10.7253,0.005833
scipy-powell,cold,9,923,10.7485,0.005833
scipy-powell,cold,9,924,10.7603,0.005833
scipy-powell,cold,9,925,10.7727,0.005833
scipy-powell,cold,9,926,10.7841,0.005833
scipy-powell,cold,9,927,10.7956,0.005833
scipy-powell,cold,9,928,10.8071,0.005833
scipy-powell,cold,9,929,10.8193,0.005833
scipy-powell,cold,9,931,10.8420,0.005833
scipy-powell,cold,9,932,10.8538,0.005833
scipy-powell,cold,9,933,10.8657,0.005833
scipy-powell,cold,9,935,10.8901,0.005833
scipy-powell,cold,9,943,10.9856,0.005832
scipy-powell,cold,9,944,10.9964,0.005831
scipy-powell,cold,9,945,11.0085,0.005831
scipy-powell,cold,9,946,11.0201,0.005830
scipy-powell,cold,9,947,11.0322,0.005830
scipy-powell,cold,9,948,11.0444,0.005830
scipy-powell,cold,9,949,11.0551,0.005830
scipy-powell,cold,9,950,11.0669,0.005830
scipy-powell,cold,9,951,11.0795,0.005830
scipy-powell,cold,9,952,11.0905,0.005830
scipy-powell,cold,9,953,11.1018,0.005830
scipy-powell,cold,9,954,11.1132,0.005830
scipy-powell,cold,9,955,11.1246,0.005830
scipy-powell,cold,9,956,11.1361,0.005830
scipy-powell,cold,9,957,11.1471,0.005830
scipy-powell,cold,9,958,11.1581,0.005830
scipy-powell,cold,9,959,11.1691,0.005830
scipy-powell,cold,9,960,11.1803,0.005830
scipy-powell,cold,9,961,11.1915,0.005830
scipy-powell,cold,9,962,11.2030,0.005830
scipy-powell,cold,9,963,11.2141,0.005830
scipy-powell,cold,9,964,11.2257,0.005830
scipy-powell,cold,9,965,11.2372,0.005830
scipy-powell,cold,9,966,11.2483,0.005830
scipy-powell,cold,9,967,11.2593,0.005830
scipy-powell,cold,9,968,11.2701,0.005830
scipy-powell,cold,9,969,11.2812,0.005830
scipy-powell,cold,9,970,11.2916,0.005830
scipy-powell,cold,9,971,11.3024,0.005830
scipy-powell,cold,9,972,11.3138,0.005830
scipy-powell,cold,9,973,11.3247,0.005830
scipy-powell,cold,9,974,11.3357,0.005830
scipy-powell,cold,9,975,11.3470,0.005830
scipy-powell,cold,9,976,11.3578,0.005830
scipy-powell,cold,9,977,11.3693,0.005830
scipy-powell,cold,9,978,11.3805,0.005830
scipy-powell,cold,9,979,11.3918,0.005821
scipy-powell,cold,9,981,11.4148,0.005814
scipy-powell,cold,9,982,11.4261,0.005812
scipy-powell,cold,9,984,11.4487,0.005812
scipy-powell,cold,9,985,11.4600,0.005812
scipy-powell,cold,9,986,11.4709,0.005812
scipy-powell,cold,9,987,11.4825,0.005812
scipy-powell,cold,9,988,11.4940,0.005812
scipy-powell,cold,9,993,11.5520,0.005812
scipy-powell,cold,9,998,11.6103,0.005809
scipy-powell,cold,9,999,11.6212,0.005806
scipy-powell,cold,9,1000,11.6327,0.005805
scipy-powell,cold,9,1001,11.6437,0.005804
scipy-powell,cold,9,1002,11.6545,0.005803
scipy-powell,cold,9,1003,11.6662,0.005803
scipy-powell,cold,9,1004,11.6778,0.005803
scipy-powell,cold,9,1005,11.6898,0.005803
scipy-powell,cold,9,1006,11.7019,0.005803
scipy-powell,cold,9,1007,11.7144,0.005803
scipy-powell,cold,9,1008,11.7260,0.005803
scipy-powell,cold,9,1009,11.7375,0.005803
scipy-powell,cold,9,1010,11.7485,0.005803
scipy-powell,cold,9,1011,11.7614,0.005803
scipy-powell,cold,9,1012,11.7735,0.005803
scipy-powell,cold,9,1013,11.7849,0.005803
scipy-powell,cold,9,1014,11.7960,0.005803
scipy-powell,cold,9,1015,11.8079,0.005803
scipy-powell,cold,9,1016,11.8191,0.005803
scipy-powell,cold,9,1017,11.8302,0.005803
scipy-powell,cold,9,1018,11.8416,0.005803
scipy-powell,cold,9,1019,11.8529,0.005803
scipy-powell,cold,9,1020,11.8643,0.005803
scipy-powell,cold,9,1021,11.8753,0.005803
scipy-powell,cold,9,1022,11.8869,0.005803
scipy-powell,cold,9,1023,11.8979,0.005803
scipy-powell,cold,9,1024,11.9089,0.005803
scipy-powell,cold,9,1025,11.9204,0.005803
scipy-powell,cold,9,1026,11.9312,0.005803
scipy-powell,cold,9,1027,11.9423,0.005803
scipy-powell,cold,9,1028,11.9532,0.005803
scipy-powell,cold,9,1029,11.9648,0.005803
scipy-powell,cold,9,1030,11.9760,0.005803
scipy-powell,cold,9,1031,11.9871,0.005803
scipy-powell,cold,9,1032,11.9989,0.005803
scipy-powell,cold,9,1033,12.0100,0.005792
scipy-powell,cold,9,1037,12.0549,0.005792
scipy-powell,cold,9,1038,12.0660,0.005792
scipy-powell,cold,9,1039,12.0771,0.005792
scipy-powell,cold,9,1040,12.0884,0.005792
scipy-powell,cold,9,1041,12.0993,0.005792
scipy-powell,cold,9,1049,12.1886,0.005792
scipy-powell,cold,9,1057,12.2778,0.005787
scipy-powell,cold,9,1058,12.2890,0.005787
scipy-powell,cold,9,1059,12.3008,0.005787
scipy-powell,cold,9,1060,12.3137,0.005787
scipy-powell,cold,9,1061,12.3249,0.005787
scipy-powell,cold,9,1070,12.4263,0.005784
scipy-powell,cold,9,1071,12.4375,0.005772
scipy-powell,cold,9,1072,12.4493,0.005771
scipy-powell,cold,9,1073,12.4610,0.005771
scipy-powell,cold,9,1075,12.4848,0.005771
scipy-powell,cold,9,1076,12.4965,0.005771
scipy-powell,cold,9,1077,12.5078,0.005771
scipy-powell,cold,9,1078,12.5194,0.005771
scipy-powell,cold,9,1084,12.5890,0.005771
scipy-powell,cold,9,1088,12.6340,0.005771
scipy-powell,cold,9,1090,12.6568,0.005770
scipy-powell,cold,9,1091,12.6679,0.005770
scipy-powell,cold,9,1092,12.6791,0.005770
scipy-powell,cold,9,1093,12.6905,0.005770
scipy-powell,cold,9,1094,12.7016,0.005770
scipy-powell,cold,9,1095,12.7127,0.005770
scipy-powell,cold,9,1098,12.7475,0.005770
scipy-powell,cold,9,1100,12.7713,0.005770
scipy-powell,cold,9,1101,12.7833,0.005769
scipy-powell,cold,9,1104,12.8178,0.005769
scipy-powell,cold,9,1105,12.8287,0.005769
scipy-powell,cold,9,1106,12.8402,0.005769
scipy-powell,cold,9,1108,12.8647,0.005769
scipy-powell,cold,9,1109,12.8760,0.005769
scipy-powell,cold,9,1110,12.8874,0.005769
scipy-powell,cold,9,1111,12.9015,0.005769
scipy-powell,cold,9,1112,12.9128,0.005769
scipy-powell,cold,9,1114,12.9365,0.005769
scipy-powell,cold,9,1115,12.9480,0.005769
scipy-powell,cold,9,1118,12.9847,0.005769
scipy-powell,cold,9,1122,13.0372,0.005769
scipy-powell,cold,9,1123,13.0487,0.005769
scipy-powell,cold,9,1124,13.0618,0.005769
scipy-powell,cold,9,1125,13.0738,0.005769
scipy-powell,cold,9,1140,13.2476,0.005768
scipy-powell,cold,9,1147,13.3263,0.005768
scipy-powell,cold,9,1148,13.3375,0.005768
scipy-powell,cold,9,1149,13.3490,0.005768
scipy-powell,cold,9,1150,13.3605,0.005768
scipy-powell,cold,9,1156,13.4315,0.005768
scipy-powell,cold,9,1159,13.4653,0.005768
scipy-powell,cold,9,1160,13.4765,0.005768
scipy-powell,cold,9,1161,13.4875,0.005768
scipy-powell,cold,9,1162,13.4991,0.005768
scipy-powell,cold,9,1163,13.5103,0.005768
scipy-powell,cold,9,1164,13.5214,0.005768
scipy-powell,cold,9,1166,13.5433,0.005768
scipy-powell,cold,9,1167,13.5549,0.005768
scipy-powell,cold,9,1168,13.5661,0.005768
scipy-powell,cold,9,1174,13.6325,0.005767
scipy-powell,cold,9,1175,13.6436,0.005767
scipy-powell,cold,9,1177,13.6658,0.005767
scipy-powell,cold,9,1178,13.6767,0.005767
scipy-powell,cold,9,1179,13.6880,0.005767
scipy-powell,cold,9,1180,13.6990,0.005767
scipy-powell,cold,9,1181,13.7100,0.005767
scipy-powell,cold,9,1182,13.7209,0.005767
scipy-powell,cold,9,1192,13.8371,0.005764
scipy-powell,cold,9,1194,13.8595,0.005762
scipy-powell,cold,9,1195,13.8713,0.005761
scipy-powell,cold,9,1196,13.8837,0.005760
scipy-powell,cold,9,1197,13.8961,0.005759
scipy-powell,cold,9,1198,13.9086,0.005759
scipy-powell,cold,9,1199,13.9204,0.005758
scipy-powell,cold,9,1200,13.9322,0.005758
scipy-powell,cold,9,1201,13.9439,0.005758
scipy-powell,cold,9,1202,13.9548,0.005758
scipy-powell,cold,9,1203,13.9660,0.005758
scipy-powell,cold,9,1204,13.9781,0.005758
scipy-powell,cold,9,1205,13.9897,0.005758
scipy-powell,cold,9,1206,14.0008,0.005758
scipy-powell,cold,9,1207,14.0118,0.005758
scipy-powell,cold,9,1208,14.0229,0.005758
scipy-powell,cold,9,1209,14.0340,0.005758
scipy-powell,cold,9,1210,14.0453,0.005758
scipy-powell,cold,9,1211,14.0578,0.005758
scipy-powell,cold,9,1212,14.0691,0.005758
scipy-powell,cold,9,1213,14.0811,0.005758
scipy-powell,cold,9,1214,14.0923,0.005758
scipy-powell,cold,9,1215,14.1031,0.005758
scipy-powell,cold,9,1216,14.1140,0.005758
scipy-powell,cold,9,1217,14.1248,0.005758
scipy-powell,cold,9,1218,14.1357,0.005758
scipy-powell,cold,9,1219,14.1472,0.005758
scipy-powell,cold,9,1220,14.1583,0.005758
scipy-powell,cold,9,1221,14.1692,0.005758
scipy-powell,cold,9,1222,14.1807,0.005758
scipy-powell,cold,9,1223,14.1916,0.005758
scipy-powell,cold,9,1224,14.2022,0.005758
scipy-powell,cold,9,1225,14.2132,0.005758
scipy-powell,cold,9,1226,14.2242,0.005758
scipy-powell,cold,9,1227,14.2355,0.005758
scipy-powell,cold,9,1228,14.2464,0.005752
scipy-powell,cold,9,1230,14.2683,0.005749
scipy-powell,cold,9,1232,14.2903,0.005749
scipy-powell,cold,9,1233,14.3012,0.005749
scipy-powell,cold,9,1234,14.3123,0.005749
scipy-powell,cold,9,1235,14.3231,0.005749
scipy-powell,cold,9,1236,14.3343,0.005749
scipy-powell,cold,9,1240,14.3788,0.005749
scipy-powell,cold,9,1242,14.4009,0.005749
scipy-powell,cold,9,1244,14.4240,0.005749
scipy-powell,cold,9,1245,14.4352,0.005749
scipy-powell,cold,9,1246,14.4467,0.005748
scipy-powell,cold,9,1247,14.4576,0.005748
scipy-powell,cold,9,1248,14.4684,0.005748
scipy-powell,cold,9,1249,14.4797,0.005748
scipy-powell,cold,9,1250,14.4910,0.005748
scipy-powell,cold,9,1251,14.5029,0.005748
scipy-powell,cold,9,1252,14.5138,0.005748
scipy-powell,cold,9,1253,14.5247,0.005748
scipy-powell,cold,9,1254,14.5355,0.005748
scipy-powell,cold,9,1255,14.5467,0.005748
scipy-powell,cold,9,1257,14.5697,0.005748
scipy-powell,cold,9,1260,14.6066,0.005748
scipy-powell,cold,9,1261,14.6190,0.005748
scipy-powell,cold,9,1262,14.6299,0.005748
scipy-powell,cold,9,1263,14.6418,0.005748
scipy-powell,cold,9,1264,14.6533,0.005748
scipy-powell,cold,9,1265,14.6652,0.005748
scipy-powell,cold,9,1266,14.6760,0.005748
scipy-powell,cold,9,1267,14.6883,0.005748
scipy-powell,cold,9,1268,14.6998,0.005748
scipy-powell,cold,9,1269,14.7114,0.005748
scipy-powell,cold,9,1270,14.7235,0.005748
scipy-powell,cold,9,1271,14.7352,0.005748
scipy-powell,cold,9,1272,14.7469,0.005748
scipy-powell,cold,9,1273,14.7581,0.005748
scipy-powell,cold,9,1274,14.7690,0.005748
scipy-powell,cold,9,1275,14.7808,0.005748
scipy-powell,cold,9,1276,14.7919,0.005748
scipy-powell,cold,9,1277,14.8031,0.005748
scipy-powell,cold,9,1278,14.8138,0.005748
scipy-powell,cold,9,1279,14.8246,0.005748
scipy-powell,cold,9,1280,14.8353,0.005748
scipy-powell,cold,9,1281,14.8462,0.005748
scipy-powell,cold,9,1282,14.8579,0.005748
scipy-powell,cold,9,1283,14.8689,0.005748
scipy-powell,cold,9,1284,14.8807,0.005748
scipy-powell,cold,9,1285,14.8916,0.005748
scipy-powell,cold,9,1286,14.9028,0.005748
scipy-powell,cold,9,1287,14.9134,0.005748
scipy-powell,cold,9,1288,14.9241,0.005748
scipy-powell,cold,9,1289,14.9358,0.005748
scipy-powell,cold,9,1290,14.9464,0.005748
scipy-powell,cold,9,1291,14.9574,0.005748
scipy-powell,cold,9,1292,14.9685,0.005748
scipy-powell,cold,9,1293,14.9795,0.005748
scipy-powell,cold,9,1294,14.9905,0.005748
scipy-powell,cold,9,1295,15.0017,0.005748
scipy-powell,cold,9,1296,15.0134,0.005748
scipy-powell,cold,9,1297,15.0244,0.005748
scipy-powell,cold,9,1298,15.0368,0.005748
scipy-powell,cold,9,1300,15.0598,0.005748
scipy-powell,cold,9,1301,15.0721,0.005748
scipy-powell,cold,9,1302,15.0839,0.005748
scipy-powell,cold,9,1303,15.0959,0.005748
scipy-powell,cold,9,1304,15.1067,0.005748
scipy-powell,cold,9,1322,15.3051,0.005748
scipy-powell,cold,9,1324,15.3269,0.005748
scipy-powell,cold,9,1325,15.3381,0.005748
scipy-powell,cold,9,1328,15.3720,0.005748
scipy-powell,cold,9,1329,15.3831,0.005748
scipy-powell,cold,9,1330,15.3937,0.005748
scipy-powell,cold,9,1332,15.4168,0.005748
scipy-powell,cold,9,1333,15.4281,0.005748
scipy-powell,cold,9,1335,15.4495,0.005748
scipy-powell,cold,9,1342,15.6189,0.005748
scipy-powell,cold,9,1343,15.6301,0.005748
scipy-powell,cold,9,1344,15.6414,0.005748
scipy-powell,cold,9,1345,15.6521,0.005748
scipy-powell,cold,9,1346,15.6633,0.005748
scipy-powell,cold,9,1347,15.6740,0.005748
scipy-powell,cold,9,1348,15.6851,0.005748
scipy-powell,cold,9,1349,15.6962,0.005748
scipy-powell,cold,9,1350,15.7069,0.005748
scipy-powell,cold,9,1351,15.7178,0.005748
scipy-powell,cold,9,1352,15.7307,0.005748
scipy-powell,cold,9,1353,15.7418,0.005748
scipy-powell,cold,9,1354,15.7529,0.005748
scipy-powell,cold,9,1355,15.7639,0.005748
scipy-powell,cold,9,1356,15.7749,0.005748
scipy-powell,cold,9,1357,15.7870,0.005748
scipy-powell,cold,9,1358,15.7978,0.005748
scipy-powell,cold,9,1359,15.8089,0.005748
scipy-powell,cold,9,1360,15.8207,0.005748
scipy-powell,cold,9,1361,15.8318,0.005748
scipy-powell,cold,9,1362,15.8425,0.005748
scipy-powell,cold,9,1363,15.8532,0.005748
scipy-powell,cold,9,1364,15.8637,0.005748
scipy-powell,cold,9,1365,15.8743,0.005748
scipy-powell,cold,9,1366,15.8855,0.005748
scipy-powell,cold,9,1367,15.8963,0.005748
scipy-powell,cold,9,1368,15.9069,0.005748
scipy-powell,cold,9,1369,15.9177,0.005748
scipy-powell,cold,9,1370,15.9293,0.005748
scipy-powell,cold,9,1371,15.9406,0.005748
scipy-powell,cold,9,1372,15.9514,0.005748
scipy-powell,cold,9,1373,15.9621,0.005748
scipy-powell,cold,9,1374,15.9731,0.005748
scipy-powell,cold,9,1375,15.9839,0.005748
scipy-powell,cold,9,1376,15.9953,0.005748
scipy-powell,cold,9,1377,16.0062,0.005748
scipy-powell,cold,9,1378,16.0169,0.005748
scipy-powell,cold,9,1379,16.0277,0.005748
scipy-powell,cold,9,1381,16.0498,0.005748
scipy-powell,cold,9,1382,16.0607,0.005748
scipy-powell,cold,9,1385,16.0973,0.005748
scipy-powell,cold,9,1386,16.1081,0.005748
scipy-powell,cold,9,1391,16.1627,0.005748
scipy-powell,cold,9,1392,16.1735,0.005748
scipy-powell,cold,9,1393,16.1844,0.005748
scipy-powell,cold,9,1397,16.2287,0.005748
scipy-powell,cold,9,1398,16.2405,0.005748
scipy-powell,cold,9,1416,16.4428,0.005748
scipy-powell,cold,9,1417,16.4550,0.005748
scipy-powell,cold,9,1418,16.4660,0.005748
scipy-powell,cold,9,1419,16.4782,0.005748
scipy-powell,cold,9,1420,16.4890,0.005748
scipy-powell,cold,9,1421,16.5004,0.005748
scipy-powell,cold,9,1422,16.5121,0.005748
scipy-powell,cold,9,1423,16.5239,0.005748
scipy-powell,cold,9,1424,16.5348,0.005748
scipy-powell,cold,9,1425,16.5458,0.005748
scipy-powell,cold,9,1426,16.5571,0.005748
scipy-powell,cold,9,1427,16.5681,0.005748
scipy-powell,cold,9,1428,16.5792,0.005748
scipy-powell,cold,9,1429,16.5904,0.005748
scipy-powell,cold,9,1430,16.6013,0.005748
scipy-powell,cold,9,1431,16.6123,0.005748
scipy-powell,cold,9,1432,16.6231,0.005748
scipy-powell,cold,9,1433,16.6345,0.005748
scipy-powell,cold,9,1434,16.6460,0.005748
scipy-powell,cold,9,1435,16.6578,0.005748
scipy-powell,cold,9,1436,16.6697,0.005748
scipy-powell,cold,9,1437,16.6820,0.005748
scipy-powell,cold,9,1438,16.6940,0.005748
scipy-powell,cold,9,1439,16.7049,0.005748
scipy-powell,cold,9,1440,16.7165,0.005748
scipy-powell,cold,9,1441,16.7279,0.005748
scipy-powell,cold,9,1442,16.7396,0.005748
scipy-powell,cold,9,1443,16.7503,0.005748
scipy-powell,cold,9,1444,16.7614,0.005748
scipy-powell,cold,9,1445,16.7724,0.005748
scipy-powell,cold,9,1446,16.7845,0.005748
scipy-powell,cold,9,1447,16.7958,0.005748
scipy-powell,cold,9,1448,16.8076,0.005748
scipy-powell,cold,9,1449,16.8209,0.005748
scipy-powell,cold,9,1450,16.8316,0.005748
scipy-powell,cold,9,1451,16.8425,0.005748
scipy-powell,cold,9,1454,16.8765,0.005748
scipy-powell,cold,9,1455,16.8892,0.005748
scipy-powell,cold,9,1458,16.9240,0.005748
scipy-powell,cold,9,1463,16.9822,0.005748
scipy-powell,cold,9,1464,16.9946,0.005748
scipy-powell,cold,9,1465,17.0061,0.005748
scipy-powell,cold,9,1466,17.0172,0.005748
scipy-powell,cold,9,1490,17.2915,0.005738
scipy-powell,cold,9,1491,17.3028,0.005720
scipy-powell,cold,9,1492,17.3140,0.005709
scipy-powell,cold,9,1493,17.3248,0.005703
scipy-powell,cold,9,1494,17.3362,0.005699
scipy-powell,cold,9,1495,17.3483,0.005697
scipy-powell,cold,9,1496,17.3626,0.005696
scipy-powell,cold,9,1497,17.3747,0.005696
scipy-powell,cold,9,1498,17.3871,0.005695
scipy-powell,cold,9,1499,17.3985,0.005695
scipy-powell,cold,9,1500,17.4100,0.005695
scipy-powell,cold,9,1501,17.4212,0.005695
scipy-powell,cold,9,1502,17.4326,0.005695
scipy-powell,cold,9,1503,17.4443,0.005695
scipy-powell,cold,9,1504,17.4555,0.005695
scipy-powell,cold,9,1505,17.4675,0.005695
scipy-powell,cold,9,1506,17.4789,0.005694
scipy-powell,cold,9,1507,17.4909,0.005694
scipy-powell,cold,9,1508,17.5033,0.005694
scipy-powell,cold,9,1509,17.5149,0.005694
scipy-powell,cold,9,1510,17.5271,0.005694
scipy-powell,cold,9,1511,17.5390,0.005694
scipy-powell,cold,9,1512,17.5509,0.005694
scipy-powell,cold,9,1513,17.5628,0.005694
scipy-powell,cold,9,1514,17.5736,0.005694
scipy-powell,cold,9,1515,17.5859,0.005694
scipy-powell,cold,9,1516,17.5974,0.005694
scipy-powell,cold,9,1517,17.6088,0.005694
scipy-powell,cold,9,1518,17.6200,0.005694
scipy-powell,cold,9,1519,17.6310,0.005694
scipy-powell,cold,9,1520,17.6427,0.005694
scipy-powell,cold,9,1521,17.6542,0.005694
scipy-powell,cold,9,1522,17.6652,0.005694
scipy-powell,cold,9,1523,17.6766,0.005694
scipy-powell,cold,9,1524,17.6888,0.005694
scipy-powell,cold,9,1525,17.7002,0.005694
scipy-powell,cold,9,1526,17.7113,0.005692
scipy-powell,cold,9,1528,17.7355,0.005683
scipy-powell,cold,9,1529,17.7470,0.005680
scipy-powell,cold,9,1530,17.7588,0.005679
scipy-powell,cold,9,1531,17.7711,0.005679
scipy-powell,cold,9,1532,17.7843,0.005679
scipy-powell,cold,9,1533,17.7958,0.005679
scipy-powell,cold,9,1534,17.8071,0.005679
scipy-powell,cold,9,1535,17.8178,0.005679
scipy-powell,cold,9,1536,17.8288,0.005679
scipy-powell,cold,9,1537,17.8406,0.005679
scipy-powell,cold,9,1541,17.8865,0.005679
scipy-powell,cold,9,1554,18.0372,0.005678
scipy-powell,cold,9,1555,18.0486,0.005678
scipy-powell,cold,9,1556,18.0597,0.005677
scipy-powell,cold,9,1557,18.0710,0.005677
scipy-powell,cold,9,1558,18.0821,0.005677
scipy-powell,cold,9,1559,18.0934,0.005677
scipy-powell,cold,9,1560,18.1050,0.005677
scipy-powell,cold,9,1561,18.1159,0.005677
scipy-powell,cold,9,1562,18.1271,0.005677
scipy-powell,cold,9,1563,18.1388,0.005677
scipy-powell,cold,9,1564,18.1498,0.005677
scipy-powell,cold,9,1565,18.1608,0.005677
scipy-powell,cold,9,1566,18.1720,0.005677
scipy-powell,cold,9,1567,18.1828,0.005677
scipy-powell,cold,9,1568,18.1938,0.005677
scipy-powell,cold,9,1569,18.2051,0.005677
scipy-powell,cold,9,1570,18.2162,0.005677
scipy-powell,cold,9,1571,18.2289,0.005677
scipy-powell,cold,9,1572,18.2405,0.005677
scipy-powell,cold,9,1573,18.2519,0.005677
scipy-powell,cold,9,1574,18.2631,0.005677
scipy-powell,cold,9,1575,18.2740,0.005677
scipy-powell,cold,9,1576,18.2851,0.005677
scipy-powell,cold,9,1577,18.2964,0.005677
scipy-powell,cold,9,1578,18.3071,0.005677
scipy-powell,cold,9,1579,18.3185,0.005677
scipy-powell,cold,9,1580,18.3301,0.005677
scipy-powell,cold,9,1581,18.3412,0.005677
scipy-powell,cold,9,1582,18.3531,0.005677
scipy-powell,cold,9,1583,18.3654,0.005677
scipy-powell,cold,9,1584,18.3770,0.005677
scipy-powell,cold,9,1585,18.3893,0.005670
scipy-powell,cold,9,1587,18.4118,0.005649
scipy-powell,cold,9,1588,18.4237,0.005638
scipy-powell,cold,9,1589,18.4357,0.005632
scipy-powell,cold,9,1590,18.4472,0.005632
scipy-powell,cold,9,1591,18.4585,0.005632
scipy-powell,cold,9,1592,18.4709,0.005632
scipy-powell,cold,9,1593,18.4821,0.005632
scipy-powell,cold,9,1594,18.4936,0.005632
scipy-powell,cold,9,1595,18.5052,0.005632
scipy-powell,cold,9,1596,18.5160,0.005632
scipy-powell,cold,9,1604,18.6050,0.005575
scipy-powell,cold,9,1605,18.6161,0.005514
scipy-powell,cold,9,1606,18.6272,0.005496
scipy-powell,cold,9,1608,18.6503,0.005495
scipy-powell,cold,9,1609,18.6615,0.005495
scipy-powell,cold,9,1610,18.6725,0.005495
scipy-powell,cold,9,1611,18.6846,0.005495
scipy-powell,cold,9,1612,18.6957,0.005495
scipy-powell,cold,9,1613,18.7064,0.005495
scipy-powell,cold,9,1622,18.8151,0.005495
scipy-powell,cold,9,1629,18.8955,0.005495
scipy-powell,cold,9,1630,18.9069,0.005489
scipy-powell,cold,9,1631,18.9178,0.005488
scipy-powell,cold,9,1632,18.9292,0.005488
scipy-powell,cold,9,1633,18.9409,0.005488
scipy-powell,cold,9,1634,18.9518,0.005488
scipy-powell,cold,9,1635,18.9627,0.005488
scipy-powell,cold,9,1636,18.9735,0.005488
scipy-powell,cold,9,1642,19.0425,0.005468
scipy-powell,cold,9,1643,19.0547,0.005463
scipy-powell,cold,9,1644,19.0659,0.005462
scipy-powell,cold,9,1646,19.0882,0.005462
scipy-powell,cold,9,1647,19.0992,0.005462
scipy-powell,cold,9,1648,19.1101,0.005462
scipy-powell,cold,9,1649,19.1211,0.005462
scipy-powell,cold,9,1652,19.1549,0.005462
scipy-powell,cold,9,1654,19.1772,0.005461
scipy-powell,cold,9,1657,19.2102,0.005461
scipy-powell,cold,9,1658,19.2209,0.005454
scipy-powell,cold,9,1660,19.2424,0.005453
scipy-powell,cold,9,1661,19.2534,0.005453
scipy-powell,cold,9,1662,19.2641,0.005453
scipy-powell,cold,9,1663,19.2750,0.005453
scipy-powell,cold,9,1664,19.2859,0.005453
scipy-powell,cold,9,1665,19.2968,0.005453
scipy-powell,cold,9,1674,19.3975,0.005453
scipy-powell,cold,9,1675,19.4086,0.005453
scipy-powell,cold,9,1676,19.4193,0.005453
scipy-powell,cold,9,1677,19.4302,0.005453
scipy-powell,cold,9,1678,19.4415,0.005453
scipy-powell,cold,9,1692,19.6067,0.005453
scipy-powell,cold,9,1693,19.6184,0.005453
scipy-powell,cold,9,1694,19.6295,0.005453
scipy-powell,cold,9,1697,19.6664,0.005453
scipy-powell,cold,9,1698,19.6779,0.005453
scipy-powell,cold,9,1699,19.6892,0.005453
scipy-powell,cold,9,1700,19.7031,0.005453
scipy-powell,cold,9,1701,19.7154,0.005453
scipy-powell,cold,9,1702,19.7292,0.005453
scipy-powell,cold,9,1703,19.7414,0.005453
scipy-powell,cold,9,1704,19.7532,0.005453
scipy-powell,cold,9,1705,19.7642,0.005453
scipy-powell,cold,9,1706,19.7762,0.005453
scipy-powell,cold,9,1707,19.7894,0.005453
scipy-powell,cold,9,1708,19.8002,0.005453
scipy-powell,cold,9,1709,19.8111,0.005453
scipy-powell,cold,9,1710,19.8223,0.005453
scipy-powell,cold,9,1711,19.8341,0.005453
scipy-powell,cold,9,1712,19.8457,0.005453
scipy-powell,cold,9,1713,19.8569,0.005453
scipy-powell,cold,9,1714,19.8680,0.005453
scipy-powell,cold,9,1715,19.8798,0.005453
scipy-powell,cold,9,1716,19.8922,0.005453
scipy-powell,cold,9,1717,19.9040,0.005453
scipy-powell,cold,9,1718,19.9149,0.005453
scipy-powell,cold,9,1719,19.9263,0.005453
scipy-powell,cold,9,1720,19.9411,0.005453
scipy-powell,cold,9,1721,19.9525,0.005453
scipy-powell,cold,9,1722,19.9635,0.005453
scipy-powell,cold,9,1723,19.9744,0.005453
scipy-powell,cold,9,1724,19.9855,0.005453
scipy-powell,cold,9,1725,19.9976,0.005453
scipy-powell,cold,9,1727,20.0193,0.005395
scipy-powell,cold,9,1729,20.0412,0.005338
scipy-powell,cold,9,1730,20.0522,0.005187
scipy-powell,cold,9,1733,20.0860,0.005112
scipy-powell,cold,9,1734,20.0969,0.005112
scipy-powell,cold,9,1736,20.1200,0.005112
scipy-powell,cold,9,1737,20.1311,0.005112
scipy-de,cold,0,0,0.0000,0.006022
scipy-de,cold,0,2,0.0514,0.005989
scipy-de,cold,0,8,0.1209,0.005981
scipy-de,cold,0,12,0.1683,0.005906
scipy-de,cold,0,40,0.5060,0.005664
scipy-de,cold,0,55,0.6891,0.005536
scipy-de,cold,0,96,1.2897,0.005515
scipy-de,cold,0,305,3.8062,0.005440
scipy-de,cold,0,360,4.5372,0.005383
scipy-de,cold,0,764,10.1676,0.005373
scipy-de,cold,0,1059,13.8479,0.005308
scipy-de,cold,0,1121,14.6632,0.005295
scipy-de,cold,1,0,0.0000,0.006062
scipy-de,cold,1,2,0.0691,0.005989
scipy-de,cold,1,3,0.0821,0.005946
scipy-de,cold,1,4,0.0958,0.005749
scipy-de,cold,1,19,0.2927,0.005736
scipy-de,cold,1,20,0.3073,0.005627
scipy-de,cold,1,28,0.4222,0.005243
scipy-de,cold,1,52,0.7372,0.005160
scipy-de,cold,1,180,2.5245,0.005101
scipy-de,cold,1,641,8.5894,0.005073
scipy-de,cold,1,720,9.6489,0.005065
scipy-de,cold,1,1547,20.5666,0.004925
scipy-de,cold,2,0,0.0000,0.006063
scipy-de,cold,2,1,0.0405,0.006063
scipy-de,cold,2,9,0.1528,0.005808
scipy-de,cold,2,23,0.3438,0.005598
scipy-de,cold,2,93,1.2676,0.005532
scipy-de,cold,2,130,1.7589,0.005313
scipy-de,cold,2,1133,15.9647,0.005224
scipy-de,cold,3,0,0.0000,0.005521
scipy-de,cold,3,1,0.0410,0.005521
scipy-de,cold,3,61,0.8550,0.005448
scipy-de,cold,3,386,5.3777,0.005314
scipy-de,cold,3,451,6.2603,0.005303
scipy-de,cold,3,795,11.3154,0.005278
scipy-de,cold,4,0,0.0000,0.005913
scipy-de,cold,4,2,0.0585,0.005855
scipy-de,cold,4,7,0.1354,0.005777
scipy-de,cold,4,18,0.3020,0.005431
scipy-de,cold,4,427,5.8923,0.005418
scipy-de,cold,4,509,7.0343,0.005166
scipy-de,cold,5,0,0.0000,0.005789
scipy-de,cold,5,1,0.0345,0.005789
scipy-de,cold,5,6,0.0907,0.005778
scipy-de,cold,5,34,0.4095,0.005679
scipy-de,cold,5,61,0.7255,0.005395
scipy-de,cold,5,265,3.2172,0.005270
scipy-de,cold,5,1720,22.8112,0.005218
scipy-de,cold,6,0,0.0000,0.005952
scipy-de,cold,6,1,0.0355,0.005952
scipy-de,cold,6,4,0.0707,0.005908
scipy-de,cold,6,8,0.1180,0.005730
scipy-de,cold,6,25,0.3246,0.005412
scipy-de,cold,6,265,3.1959,0.005390
scipy-de,cold,7,0,0.0000,0.005712
scipy-de,cold,7,1,0.0362,0.005712
scipy-de,cold,7,46,0.5687,0.005705
scipy-de,cold,7,51,0.6326,0.005555
scipy-de,cold,7,137,1.6636,0.005390
scipy-de,cold,7,726,8.6730,0.005217
scipy-de,cold,8,0,0.0000,0.006069
scipy-de,cold,8,4,0.0835,0.006041
scipy-de,cold,8,11,0.1786,0.005937
scipy-de,cold,8,71,0.9272,0.005791
scipy-de,cold,8,87,1.1415,0.005725
scipy-de,cold,8,109,1.4230,0.005671
scipy-de,cold,8,515,6.5192,0.005657
scipy-de,cold,8,644,8.1045,0.005611
scipy-de,cold,8,1161,14.1972,0.005390
scipy-de,cold,8,1220,14.8748,0.005375
scipy-de,cold,9,0,0.0000,0.006701
scipy-de,cold,9,2,0.0430,0.006266
scipy-de,cold,9,8,0.1119,0.006194
scipy-de,cold,9,9,0.1234,0.005990
scipy-de,cold,9,10,0.1348,0.005687
scipy-de,cold,9,91,1.0886,0.005509
scipy-de,cold,9,185,2.1536,0.005483
scipy-de,cold,9,1554,18.9615,0.005481
scipy-de,cold,9,1705,20.9238,0.005270
opt-ga,cold,0,0,0.0000,0.006022
opt-ga,cold,0,2,0.0581,0.005586
opt-ga,cold,0,54,0.7113,0.005545
opt-ga,cold,0,77,1.0294,0.005542
opt-ga,cold,0,102,1.3787,0.005331
opt-ga,cold,0,128,1.7199,0.005231
opt-ga,cold,0,407,5.2056,0.005230
opt-ga,cold,0,432,5.5147,0.005223
opt-ga,cold,0,472,6.0099,0.005202
opt-ga,cold,0,579,7.3429,0.005125
opt-ga,cold,0,635,8.0500,0.005125
opt-ga,cold,0,706,8.9105,0.005024
opt-ga,cold,0,849,10.6445,0.005011
opt-ga,cold,0,862,10.7948,0.004960
opt-ga,cold,0,887,11.0945,0.004929
opt-ga,cold,0,903,11.2790,0.004903
opt-ga,cold,0,997,12.3574,0.004873
opt-ga,cold,0,1007,12.4802,0.004814
opt-ga,cold,0,1291,15.9353,0.004807
opt-ga,cold,0,1337,16.5078,0.004783
opt-ga,cold,0,1363,16.8270,0.004781
opt-ga,cold,0,1412,17.4497,0.004780
opt-ga,cold,0,1462,18.0389,0.004764
opt-ga,cold,0,1655,20.3534,0.004761
opt-ga,cold,0,1730,21.2740,0.004738
opt-ga,cold,0,1733,21.3081,0.004720
opt-ga,cold,0,1792,22.0380,0.004714
opt-ga,cold,1,0,0.0000,0.006062
opt-ga,cold,1,1,0.0450,0.005656
opt-ga,cold,1,17,0.2462,0.005421
opt-ga,cold,1,134,1.8947,0.005415
opt-ga,cold,1,167,2.3034,0.005223
opt-ga,cold,1,378,5.0952,0.005207
opt-ga,cold,1,448,6.0183,0.005205
opt-ga,cold,1,470,6.3093,0.005042
opt-ga,cold,1,550,7.3368,0.005008
opt-ga,cold,1,561,7.4733,0.005003
opt-ga,cold,1,581,7.7410,0.004887
opt-ga,cold,1,656,8.7625,0.004803
opt-ga,cold,1,669,8.9469,0.004600
opt-ga,cold,1,747,9.9735,0.004471
opt-ga,cold,1,802,10.7383,0.004306
opt-ga,cold,1,1012,13.3798,0.004302
opt-ga,cold,1,1039,13.7183,0.004284
opt-ga,cold,1,1113,14.6557,0.004270
opt-ga,cold,1,1188,15.5945,0.004266
opt-ga,cold,1,1309,17.1199,0.004204
opt-ga,cold,1,1516,19.7583,0.004184
opt-ga,cold,1,1719,22.2542,0.004174
opt-ga,cold,1,1887,24.4071,0.004170
opt-ga,cold,1,1943,25.1092,0.004156
opt-ga,cold,2,0,0.0000,0.006063
opt-ga,cold,2,7,0.1255,0.005805
opt-ga,cold,2,11,0.1812,0.005703
opt-ga,cold,2,78,0.9850,0.005367
opt-ga,cold,2,176,2.1665,0.005132
opt-ga,cold,2,289,3.5300,0.005122
opt-ga,cold,2,436,5.3588,0.005121
opt-ga,cold,2,482,5.9314,0.005082
opt-ga,cold,2,520,6.3887,0.005065
opt-ga,cold,2,645,7.8364,0.005064
opt-ga,cold,2,667,8.0839,0.005036
opt-ga,cold,2,686,8.3005,0.004932
opt-ga,cold,2,837,10.0559,0.004924
opt-ga,cold,2,893,10.6998,0.004892
opt-ga,cold,2,916,10.9580,0.004882
opt-ga,cold,2,1038,12.3371,0.004881
opt-ga,cold,2,1047,12.4368,0.004880
opt-ga,cold,2,1138,13.4725,0.004871
opt-ga,cold,2,1159,13.7097,0.004836
opt-ga,cold,2,1163,13.7543,0.004815
opt-ga,cold,2,1225,14.4687,0.004759
opt-ga,cold,2,1367,16.2124,0.004735
opt-ga,cold,2,1394,16.5333,0.004708
opt-ga,cold,2,1468,17.3978,0.004704
opt-ga,cold,2,1535,18.1777,0.004701
opt-ga,cold,2,1579,18.7042,0.004664
opt-ga,cold,2,1642,19.4644,0.004612
opt-ga,cold,2,1799,21.3641,0.004609
opt-ga,cold,2,1936,23.1166,0.004609
opt-ga,cold,2,1969,23.5271,0.004601
opt-ga,cold,3,0,0.0000,0.005521
opt-ga,cold,3,40,0.5275,0.005505
opt-ga,cold,3,136,1.7708,0.005463
opt-ga,cold,3,169,2.2051,0.005329
opt-ga,cold,3,226,3.0508,0.005313
opt-ga,cold,3,366,4.8109,0.005250
opt-ga,cold,3,392,5.1343,0.005199
opt-ga,cold,3,511,6.5548,0.005160
opt-ga,cold,3,623,7.9618,0.005098
opt-ga,cold,3,687,8.7988,0.005084
opt-ga,cold,3,773,10.0158,0.005081
opt-ga,cold,3,872,11.2692,0.005049
opt-ga,cold,3,884,11.4435,0.005000
opt-ga,cold,3,912,11.8176,0.004901
opt-ga,cold,3,1021,13.2104,0.004877
opt-ga,cold,3,1152,14.7955,0.004843
opt-ga,cold,3,1210,15.4964,0.004803
opt-ga,cold,3,1217,15.5762,0.004772
opt-ga,cold,3,1349,17.1400,0.004764
opt-ga,cold,3,1393,17.6594,0.004748
opt-ga,cold,3,1436,18.1713,0.004721
opt-ga,cold,3,1638,20.7324,0.004705
opt-ga,cold,3,1658,20.9766,0.004676
opt-ga,cold,3,1763,22.3655,0.004620
opt-ga,cold,3,1997,25.3600,0.004620
opt-ga,cold,4,0,0.0000,0.005913
opt-ga,cold,4,2,0.0567,0.005897
opt-ga,cold,4,7,0.1186,0.005852
opt-ga,cold,4,12,0.1804,0.005682
opt-ga,cold,4,14,0.2046,0.005608
opt-ga,cold,4,27,0.3617,0.005544
opt-ga,cold,4,45,0.5885,0.005519
opt-ga,cold,4,103,1.3084,0.005424
opt-ga,cold,4,127,1.5987,0.005420
opt-ga,cold,4,189,2.3617,0.005417
opt-ga,cold,4,212,2.6607,0.005377
opt-ga,cold,4,274,3.5601,0.005332
opt-ga,cold,4,303,3.9462,0.005301
opt-ga,cold,4,422,5.4690,0.005286
opt-ga,cold,4,432,5.6020,0.005168
opt-ga,cold,4,636,8.1198,0.005144
opt-ga,cold,4,644,8.2232,0.005109
opt-ga,cold,4,760,9.6497,0.005064
opt-ga,cold,4,804,10.1657,0.004990
opt-ga,cold,4,905,11.4001,0.004983
opt-ga,cold,4,982,12.3207,0.004975
opt-ga,cold,4,986,12.3682,0.004907
opt-ga,cold,4,1004,12.5922,0.004881
opt-ga,cold,4,1132,14.1720,0.004875
opt-ga,cold,4,1234,15.3971,0.004824
opt-ga,cold,4,1337,16.6665,0.004792
opt-ga,cold,4,1508,18.6911,0.004765
opt-ga,cold,4,1542,19.1165,0.004741
opt-ga,cold,4,1553,19.2508,0.004734
opt-ga,cold,4,1631,20.2193,0.004717
opt-ga,cold,4,1687,20.9528,0.004717
opt-ga,cold,4,1766,22.1065,0.004710
opt-ga,cold,4,1810,22.6886,0.004694
opt-ga,cold,4,1813,22.7257,0.004690
opt-ga,cold,4,1913,23.9681,0.004683
opt-ga,cold,4,1985,24.8889,0.004674
opt-ga,cold,4,1989,24.9384,0.004668
opt-ga,cold,5,0,0.0000,0.005789
opt-ga,cold,5,10,0.2080,0.005492
opt-ga,cold,5,45,0.7122,0.005475
opt-ga,cold,5,99,1.4085,0.005463
opt-ga,cold,5,142,1.9866,0.005426
opt-ga,cold,5,180,2.4887,0.005426
opt-ga,cold,5,234,3.2202,0.005412
opt-ga,cold,5,236,3.2448,0.005384
opt-ga,cold,5,240,3.2944,0.005240
opt-ga,cold,5,284,3.8503,0.005194
opt-ga,cold,5,361,4.8394,0.005169
opt-ga,cold,5,454,5.9742,0.005168
opt-ga,cold,5,473,6.2203,0.005167
opt-ga,cold,5,495,6.4994,0.005038
opt-ga,cold,5,595,7.7477,0.005036
opt-ga,cold,5,597,7.7751,0.005029
opt-ga,cold,5,677,9.0771,0.004987
opt-ga,cold,5,680,9.1153,0.004979
opt-ga,cold,5,718,9.8351,0.004967
opt-ga,cold,5,748,10.3492,0.004911
opt-ga,cold,5,841,11.5388,0.004898
opt-ga,cold,5,889,12.1413,0.004859
opt-ga,cold,5,905,12.3393,0.004858
opt-ga,cold,5,911,12.4168,0.004795
opt-ga,cold,5,1025,13.7869,0.004738
opt-ga,cold,5,1071,14.3441,0.004733
opt-ga,cold,5,1173,15.6160,0.004729
opt-ga,cold,5,1187,15.7919,0.004703
opt-ga,cold,5,1245,16.5147,0.004679
opt-ga,cold,5,1355,17.9864,0.004675
opt-ga,cold,5,1453,19.2081,0.004672
opt-ga,cold,5,1488,19.6451,0.004599
opt-ga,cold,5,1634,21.3859,0.004563
opt-ga,cold,5,1643,21.4914,0.004558
opt-ga,cold,5,1765,22.9248,0.004540
opt-ga,cold,5,1811,23.4713,0.004526
opt-ga,cold,5,1926,24.8600,0.004524
opt-ga,cold,6,0,0.0000,0.005952
opt-ga,cold,6,6,0.1063,0.005909
opt-ga,cold,6,9,0.1410,0.005867
opt-ga,cold,6,48,0.5943,0.005684
opt-ga,cold,6,91,1.1205,0.005477
opt-ga,cold,6,195,2.3766,0.005468
opt-ga,cold,6,229,2.8087,0.005455
opt-ga,cold,6,263,3.2213,0.005426
opt-ga,cold,6,327,4.0171,0.005425
opt-ga,cold,6,379,4.6535,0.005304
opt-ga,cold,6,475,5.9231,0.005177
opt-ga,cold,6,589,7.4094,0.005172
opt-ga,cold,6,723,9.3467,0.005155
opt-ga,cold,6,777,10.0835,0.005081
opt-ga,cold,6,873,11.4791,0.005077
opt-ga,cold,6,990,13.0688,0.005068
opt-ga,cold,6,1028,13.5598,0.005053
opt-ga,cold,6,1065,14.0509,0.005047
opt-ga,cold,6,1079,14.2338,0.005033
opt-ga,cold,6,1103,14.5648,0.005033
opt-ga,cold,6,1125,14.8958,0.004996
opt-ga,cold,6,1183,15.7173,0.004989
opt-ga,cold,6,1261,16.6959,0.004975
opt-ga,cold,6,1320,17.4488,0.004965
opt-ga,cold,6,1370,18.1043,0.004962
opt-ga,cold,6,1416,18.6915,0.004960
opt-ga,cold,6,1430,18.8697,0.004925
opt-ga,cold,6,1453,19.1429,0.004866
opt-ga,cold,6,1520,19.9706,0.004832
opt-ga,cold,6,1587,20.7925,0.004830
opt-ga,cold,6,1661,21.7273,0.004797
opt-ga,cold,6,1679,21.9396,0.004791
opt-ga,cold,6,1726,22.4956,0.004770
opt-ga,cold,6,1848,24.0393,0.004765
opt-ga,cold,6,1856,24.1414,0.004756
opt-ga,cold,6,1889,24.5621,0.004756
opt-ga,cold,6,1950,25.3939,0.004695
opt-ga,cold,7,0,0.0000,0.005712
opt-ga,cold,7,3,0.0700,0.005670
opt-ga,cold,7,5,0.0946,0.005484
opt-ga,cold,7,230,3.1229,0.005341
opt-ga,cold,7,355,4.7260,0.005298
opt-ga,cold,7,384,5.0916,0.005298
opt-ga,cold,7,461,6.0978,0.005220
opt-ga,cold,7,647,8.5048,0.005126
opt-ga,cold,7,700,9.1797,0.005096
opt-ga,cold,7,822,10.6124,0.005028
opt-ga,cold,7,839,10.8364,0.005023
opt-ga,cold,7,958,12.1923,0.004998
opt-ga,cold,7,976,12.3969,0.004926
opt-ga,cold,7,983,12.4777,0.004914
opt-ga,cold,7,1011,12.8217,0.004701
opt-ga,cold,7,1240,15.6520,0.004602
opt-ga,cold,7,1361,17.3016,0.004555
opt-ga,cold,7,1436,18.2132,0.004531
opt-ga,cold,7,1482,18.8109,0.004405
opt-ga,cold,7,1619,20.5379,0.004387
opt-ga,cold,7,1772,22.3851,0.004367
opt-ga,cold,7,1867,23.5261,0.004365
opt-ga,cold,7,1893,23.8347,0.004335
opt-ga,cold,7,1900,23.9254,0.004317
opt-ga,cold,8,0,0.0000,0.006069
opt-ga,cold,8,6,0.1093,0.005793
opt-ga,cold,8,81,0.9948,0.005788
opt-ga,cold,8,141,1.7060,0.005760
opt-ga,cold,8,188,2.2670,0.005501
opt-ga,cold,8,367,4.4813,0.005466
opt-ga,cold,8,390,4.7906,0.005443
opt-ga,cold,8,425,5.2266,0.005309
opt-ga,cold,8,540,6.5970,0.005289
opt-ga,cold,8,580,7.0902,0.005219
opt-ga,cold,8,583,7.1273,0.005175
opt-ga,cold,8,650,7.9843,0.005102
opt-ga,cold,8,705,8.6624,0.005098
opt-ga,cold,8,752,9.2453,0.005056
opt-ga,cold,8,809,9.9252,0.004987
opt-ga,cold,8,900,11.1390,0.004982
opt-ga,cold,8,952,11.7892,0.004969
opt-ga,cold,8,968,11.9889,0.004867
opt-ga,cold,8,1114,13.8161,0.004861
opt-ga,cold,8,1126,13.9643,0.004790
opt-ga,cold,8,1276,15.7650,0.004752
opt-ga,cold,8,1323,16.3120,0.004700
opt-ga,cold,8,1520,18.6939,0.004679
opt-ga,cold,8,1583,19.4622,0.004678
opt-ga,cold,8,1584,19.4744,0.004658
opt-ga,cold,8,1709,20.9796,0.004586
opt-ga,cold,8,1857,22.8683,0.004530
opt-ga,cold,9,0,0.0000,0.006701
opt-ga,cold,9,2,0.0572,0.006520
opt-ga,cold,9,3,0.0694,0.005996
opt-ga,cold,9,11,0.1642,0.005815
opt-ga,cold,9,42,0.5375,0.005589
opt-ga,cold,9,100,1.2378,0.005510
opt-ga,cold,9,218,2.6338,0.005474
opt-ga,cold,9,222,2.6874,0.005355
opt-ga,cold,9,308,3.7352,0.005337
opt-ga,cold,9,379,4.7146,0.005267
opt-ga,cold,9,558,6.9966,0.005250
opt-ga,cold,9,600,7.5286,0.005245
opt-ga,cold,9,610,7.6644,0.005206
opt-ga,cold,9,637,8.0060,0.005161
opt-ga,cold,9,665,8.3637,0.005158
opt-ga,cold,9,698,8.7585,0.005112
opt-ga,cold,9,709,8.9082,0.005105
opt-ga,cold,9,724,9.1011,0.005089
opt-ga,cold,9,787,9.9133,0.005078
opt-ga,cold,9,883,11.1969,0.005057
opt-ga,cold,9,904,11.4849,0.005039
opt-ga,cold,9,931,11.8350,0.005035
opt-ga,cold,9,964,12.2737,0.005034
opt-ga,cold,9,977,12.4383,0.005031
opt-ga,cold,9,1005,12.8079,0.005023
opt-ga,cold,9,1009,12.8538,0.005006
opt-ga,cold,9,1093,13.8986,0.005000
opt-ga,cold,9,1107,14.0607,0.004987
opt-ga,cold,9,1193,15.0802,0.004919
opt-ga,cold,9,1210,15.2907,0.004911
opt-ga,cold,9,1264,16.0058,0.004887
opt-ga,cold,9,1296,16.3987,0.004887
opt-ga,cold,9,1311,16.6056,0.004865
opt-ga,cold,9,1350,17.0853,0.004859
opt-ga,cold,9,1364,17.2652,0.004843
opt-ga,cold,9,1415,17.8862,0.004826
opt-ga,cold,9,1437,18.1637,0.004753
opt-ga,cold,9,1482,18.7627,0.004743
opt-ga,cold,9,1509,19.1008,0.004734
opt-ga,cold,9,1546,19.5523,0.004732
opt-ga,cold,9,1621,20.4992,0.004723
opt-ga,cold,9,1656,20.9122,0.004719
opt-ga,cold,9,1690,21.3281,0.004698
opt-ga,cold,9,1751,22.0871,0.004659
opt-ga,cold,9,1868,23.4876,0.004656
opt-ga,cold,9,1924,24.2458,0.004636
opt-pso,cold,0,0,0.0000,0.006022
opt-pso,cold,0,2,0.0591,0.005586
opt-pso,cold,0,54,0.7908,0.005545
opt-pso,cold,0,77,1.1753,0.005542
opt-pso,cold,0,206,2.9196,0.005376
opt-pso,cold,0,1769,22.5039,0.005278
opt-pso,cold,1,0,0.0000,0.006062
opt-pso,cold,1,1,0.0464,0.005656
opt-pso,cold,1,17,0.2531,0.005421
opt-pso,cold,1,109,1.4019,0.005403
opt-pso,cold,1,332,4.2479,0.005291
opt-pso,cold,1,1445,18.3968,0.005157
opt-pso,cold,2,0,0.0000,0.006063
opt-pso,cold,2,7,0.1131,0.005805
opt-pso,cold,2,11,0.1607,0.005703
opt-pso,cold,2,78,0.9629,0.005367
opt-pso,cold,3,0,0.0000,0.005521
opt-pso,cold,3,40,0.5175,0.005505
opt-pso,cold,3,102,1.2671,0.005495
opt-pso,cold,3,780,9.4606,0.005464
opt-pso,cold,3,824,9.9763,0.005440
opt-pso,cold,3,840,10.1629,0.005440
opt-pso,cold,3,854,10.3258,0.005432
opt-pso,cold,3,1770,21.7002,0.005421
opt-pso,cold,3,1792,21.9626,0.005349
opt-pso,cold,4,0,0.0000,0.005913
opt-pso,cold,4,2,0.0563,0.005897
opt-pso,cold,4,7,0.1175,0.005852
opt-pso,cold,4,12,0.1777,0.005682
opt-pso,cold,4,14,0.2011,0.005608
opt-pso,cold,4,27,0.3529,0.005544
opt-pso,cold,4,45,0.5655,0.005519
opt-pso,cold,4,143,1.7287,0.005270
opt-pso,cold,5,0,0.0000,0.005789
opt-pso,cold,5,10,0.1489,0.005492
opt-pso,cold,5,45,0.5586,0.005475
opt-pso,cold,5,99,1.2015,0.005463
opt-pso,cold,5,221,2.6494,0.005258
opt-pso,cold,6,0,0.0000,0.005952
opt-pso,cold,6,6,0.1085,0.005909
opt-pso,cold,6,9,0.1429,0.005867
opt-pso,cold,6,48,0.6009,0.005684
opt-pso,cold,6,91,1.1100,0.005477
opt-pso,cold,6,117,1.4292,0.005451
opt-pso,cold,6,1841,24.0768,0.005416
opt-pso,cold,6,1871,24.5167,0.005355
opt-pso,cold,6,1901,24.9062,0.005286
opt-pso,cold,7,0,0.0000,0.005712
opt-pso,cold,7,3,0.0786,0.005670
opt-pso,cold,7,5,0.1047,0.005484
opt-pso,cold,7,153,2.2289,0.005420
opt-pso,cold,7,154,2.2413,0.005401
opt-pso,cold,8,0,0.0000,0.006069
opt-pso,cold,8,6,0.1295,0.005793
opt-pso,cold,8,81,1.0831,0.005788
opt-pso,cold,8,185,2.3645,0.005783
opt-pso,cold,8,270,3.5598,0.005762
opt-pso,cold,8,1475,18.7989,0.005526
opt-pso,cold,8,1505,19.1667,0.005499
opt-pso,cold,9,0,0.0000,0.006701
opt-pso,cold,9,2,0.0599,0.006520
opt-pso,cold,9,3,0.0720,0.005996
opt-pso,cold,9,11,0.1772,0.005815
opt-pso,cold,9,42,0.7531,0.005589
opt-pso,cold,9,1143,14.2344,0.005520
opt-pso,cold,9,1173,14.5741,0.005485
opt-aco,cold,0,0,0.0000,0.006022
opt-aco,cold,0,2,0.0667,0.005586
opt-aco,cold,0,54,0.7104,0.005545
opt-aco,cold,0,77,0.9977,0.005542
opt-aco,cold,0,368,4.6705,0.005388
opt-aco,cold,0,568,7.1319,0.005360
opt-aco,cold,0,682,8.4889,0.005255
opt-aco,cold,0,806,10.0137,0.004915
opt-aco,cold,0,1550,19.4828,0.004907
opt-aco,cold,0,1590,20.0009,0.004874
opt-aco,cold,0,1696,21.2878,0.004861
opt-aco,cold,0,1752,21.9607,0.004835
opt-aco,cold,0,1867,23.4091,0.004702
opt-aco,cold,1,0,0.0000,0.006062
opt-aco,cold,1,1,0.0475,0.005656
opt-aco,cold,1,17,0.2435,0.005421
opt-aco,cold,1,135,1.7077,0.005296
opt-aco,cold,1,276,3.4548,0.005238
opt-aco,cold,1,289,3.6156,0.005205
opt-aco,cold,1,463,5.7380,0.005158
opt-aco,cold,1,473,5.8527,0.005009
opt-aco,cold,1,581,7.0869,0.004995
opt-aco,cold,1,1136,13.7250,0.004990
opt-aco,cold,1,1198,14.4639,0.004988
opt-aco,cold,1,1508,18.1985,0.004885
opt-aco,cold,1,1566,18.9081,0.004723
opt-aco,cold,1,1908,23.1225,0.004675
opt-aco,cold,2,0,0.0000,0.006063
opt-aco,cold,2,7,0.1311,0.005805
opt-aco,cold,2,11,0.1848,0.005703
opt-aco,cold,2,78,1.1544,0.005367
opt-aco,cold,2,371,4.9565,0.005216
opt-aco,cold,2,894,11.7757,0.005213
opt-aco,cold,2,1008,13.2663,0.005183
opt-aco,cold,2,1061,14.0021,0.005160
opt-aco,cold,2,1300,17.1318,0.005121
opt-aco,cold,2,1414,18.6793,0.004925
opt-aco,cold,2,1501,19.9449,0.004870
opt-aco,cold,2,1743,23.1756,0.004849
opt-aco,cold,2,1820,24.1878,0.004764
opt-aco,cold,3,0,0.0000,0.005521
opt-aco,cold,3,40,0.5484,0.005505
opt-aco,cold,3,119,1.6054,0.005387
opt-aco,cold,3,163,2.1846,0.005142
opt-aco,cold,3,850,11.3058,0.005121
opt-aco,cold,3,947,12.5660,0.004962
opt-aco,cold,3,1511,19.8260,0.004950
opt-aco,cold,3,1658,21.6937,0.004931
opt-aco,cold,3,1704,22.2596,0.004917
opt-aco,cold,3,1755,22.8736,0.004884
opt-aco,cold,3,1847,24.0729,0.004877
opt-aco,cold,3,1938,25.2583,0.004841
opt-aco,cold,4,0,0.0000,0.005913
opt-aco,cold,4,2,0.0578,0.005897
opt-aco,cold,4,7,0.1188,0.005852
opt-aco,cold,4,12,0.1776,0.005682
opt-aco,cold,4,14,0.2017,0.005608
opt-aco,cold,4,27,0.3584,0.005544
opt-aco,cold,4,45,0.5842,0.005519
opt-aco,cold,4,192,2.4186,0.005411
opt-aco,cold,4,353,4.4183,0.005372
opt-aco,cold,4,471,6.0112,0.005350
opt-aco,cold,4,602,7.7342,0.005231
opt-aco,cold,4,728,9.4269,0.005177
opt-aco,cold,4,852,11.0690,0.005087
opt-aco,cold,4,1205,15.6798,0.004994
opt-aco,cold,4,1373,17.9238,0.004868
opt-aco,cold,4,1483,19.3275,0.004844
opt-aco,cold,4,1584,20.6192,0.004798
opt-aco,cold,4,1657,21.5835,0.004794
opt-aco,cold,4,1773,23.1094,0.004760
opt-aco,cold,4,1949,25.4168,0.004753
opt-aco,cold,5,0,0.0000,0.005789
opt-aco,cold,5,10,0.1898,0.005492
opt-aco,cold,5,45,0.6271,0.005475
opt-aco,cold,5,99,1.2921,0.005463
opt-aco,cold,5,195,2.4966,0.005343
opt-aco,cold,5,290,3.7051,0.005114
opt-aco,cold,5,903,11.3403,0.005009
opt-aco,cold,5,912,11.4530,0.004806
opt-aco,cold,5,1289,15.8761,0.004767
opt-aco,cold,5,1643,20.2524,0.004674
opt-aco,cold,5,1896,23.5273,0.004613
opt-aco,cold,6,0,0.0000,0.005952
opt-aco,cold,6,6,0.1107,0.005909
opt-aco,cold,6,9,0.1478,0.005867
opt-aco,cold,6,48,0.6429,0.005684
opt-aco,cold,6,91,1.1851,0.005477
opt-aco,cold,6,271,3.4222,0.005388
opt-aco,cold,6,673,8.5065,0.005286
opt-aco,cold,6,913,11.5880,0.005262
opt-aco,cold,6,1144,14.6022,0.005251
opt-aco,cold,6,1210,15.4426,0.005214
opt-aco,cold,6,1225,15.6345,0.005198
opt-aco,cold,6,1256,16.0437,0.005145
opt-aco,cold,6,1455,18.6108,0.005064
opt-aco,cold,6,1635,20.7859,0.005016
opt-aco,cold,6,1671,21.2250,0.005002
opt-aco,cold,6,1820,23.0027,0.004935
opt-aco,cold,7,0,0.0000,0.005712
opt-aco,cold,7,3,0.0706,0.005670
opt-aco,cold,7,5,0.0950,0.005484
opt-aco,cold,7,182,3.1647,0.005406
opt-aco,cold,7,271,4.2734,0.005309
opt-aco,cold,7,338,5.2114,0.005258
opt-aco,cold,7,891,12.4237,0.005238
opt-aco,cold,7,1042,14.4498,0.005140
opt-aco,cold,7,1092,15.0695,0.005137
opt-aco,cold,7,1139,15.6337,0.005117
opt-aco,cold,7,1570,20.9132,0.005090
opt-aco,cold,7,1721,22.8344,0.005026
opt-aco,cold,7,1977,26.1387,0.005018
opt-aco,cold,8,0,0.0000,0.006069
opt-aco,cold,8,6,0.1103,0.005793
opt-aco,cold,8,81,1.0696,0.005788
opt-aco,cold,8,266,3.5232,0.005619
opt-aco,cold,8,415,5.4052,0.005349
opt-aco,cold,8,497,6.4076,0.005161
opt-aco,cold,8,1120,14.1011,0.005100
opt-aco,cold,8,1749,21.8042,0.005097
opt-aco,cold,9,0,0.0000,0.006701
opt-aco,cold,9,2,0.0545,0.006520
opt-aco,cold,9,3,0.0658,0.005996
opt-aco,cold,9,11,0.1572,0.005815
opt-aco,cold,9,42,0.5308,0.005589
opt-aco,cold,9,137,1.6833,0.005558
opt-aco,cold,9,268,3.2999,0.005437
opt-aco,cold,9,440,5.4389,0.005389
opt-aco,cold,9,612,7.7726,0.005317
opt-aco,cold,9,790,10.1735,0.005300
opt-aco,cold,9,808,10.4046,0.005299
opt-aco,cold,9,870,11.2249,0.005123
opt-aco,cold,9,902,11.6430,0.005067
opt-aco,cold,9,1062,13.7699,0.004978
opt-aco,cold,9,1317,16.8403,0.004901
opt-aco,cold,9,1319,16.8630,0.004868
opt-aco,cold,9,1399,17.8345,0.004861
opt-aco,cold,9,1547,19.6466,0.004833
opt-aco,cold,9,1572,19.9589,0.004831
opt-aco,cold,9,1704,21.6021,0.004762
opt-aco,cold,9,1853,23.5121,0.004739
opt-aco,cold,9,1941,24.5915,0.004737
opt-gd,cold,0,0,0.0000,0.006022
opt-gd,cold,0,3,0.0551,0.006022
opt-gd,cold,0,5,0.0819,0.006022
opt-gd,cold,0,10,0.1454,0.006022
opt-gd,cold,0,12,0.1696,0.006022
opt-gd,cold,0,26,0.3476,0.006022
opt-gd,cold,0,124,1.6282,0.006022
opt-gd,cold,0,125,1.6408,0.006022
opt-gd,cold,0,138,1.7996,0.006003
opt-gd,cold,0,140,1.8237,0.006003
opt-gd,cold,0,142,1.8472,0.006003
opt-gd,cold,0,147,1.9091,0.006003
opt-gd,cold,0,149,1.9346,0.006003
opt-gd,cold,0,163,2.1188,0.006003
opt-gd,cold,0,261,3.4074,0.006003
opt-gd,cold,0,262,3.4200,0.006003
opt-gd,cold,0,275,3.5772,0.005985
opt-gd,cold,0,277,3.6018,0.005985
opt-gd,cold,0,279,3.6268,0.005985
opt-gd,cold,0,284,3.6881,0.005985
opt-gd,cold,0,286,3.7122,0.005985
opt-gd,cold,0,300,3.8815,0.005985
opt-gd,cold,0,398,5.1064,0.005985
opt-gd,cold,0,399,5.1182,0.005985
opt-gd,cold,0,412,5.2802,0.005911
opt-gd,cold,0,414,5.4239,0.005911
opt-gd,cold,0,416,5.4487,0.005911
opt-gd,cold,0,421,5.5116,0.005911
opt-gd,cold,0,423,5.5367,0.005911
opt-gd,cold,0,437,5.7137,0.005911
opt-gd,cold,0,535,6.9457,0.005911
opt-gd,cold,0,536,6.9577,0.005911
opt-gd,cold,0,549,7.1126,0.005765
opt-gd,cold,0,551,7.1362,0.005765
opt-gd,cold,0,553,7.1584,0.005765
opt-gd,cold,0,558,7.2149,0.005765
opt-gd,cold,0,560,7.2372,0.005765
opt-gd,cold,0,574,7.3986,0.005765
opt-gd,cold,0,686,8.6839,0.005681
opt-gd,cold,0,688,8.7061,0.005681
opt-gd,cold,0,690,8.7281,0.005681
opt-gd,cold,0,695,8.7868,0.005681
opt-gd,cold,0,697,8.8098,0.005681
opt-gd,cold,0,711,8.9668,0.005681
opt-gd,cold,0,755,9.4606,0.005681
opt-gd,cold,0,823,10.2336,0.005391
opt-gd,cold,0,825,10.2569,0.005391
opt-gd,cold,0,827,10.2803,0.005391
opt-gd,cold,0,832,10.3389,0.005391
opt-gd,cold,0,834,10.3629,0.005391
opt-gd,cold,0,848,10.5312,0.005391
opt-gd,cold,0,853,10.5894,0.005391
opt-gd,cold,0,880,10.9135,0.005391
opt-gd,cold,0,886,10.9807,0.005391
opt-gd,cold,0,960,11.8338,0.005286
opt-gd,cold,0,962,11.8565,0.005286
opt-gd,cold,0,964,11.8788,0.005286
opt-gd,cold,0,969,11.9346,0.005286
opt-gd,cold,0,971,11.9580,0.005286
opt-gd,cold,0,986,12.1339,0.005286
opt-gd,cold,0,1022,12.6076,0.005286
opt-gd,cold,0,1234,15.1571,0.005121
opt-gd,cold,0,1236,15.1794,0.005121
opt-gd,cold,0,1238,15.2017,0.005121
opt-gd,cold,0,1243,15.2571,0.005121
opt-gd,cold,0,1245,15.2793,0.005121
opt-gd,cold,0,1260,15.4471,0.005121
opt-gd,cold,0,1302,15.9131,0.005121
opt-gd,cold,0,1371,16.7156,0.005021
opt-gd,cold,0,1373,16.7644,0.005021
opt-gd,cold,0,1375,16.8120,0.005021
opt-gd,cold,0,1380,16.8753,0.005021
opt-gd,cold,0,1382,16.8985,0.005021
opt-gd,cold,0,1397,17.0781,0.005021
opt-gd,cold,0,1432,17.4790,0.005021
opt-gd,cold,0,1439,17.5594,0.005021
opt-gd,cold,0,1645,20.1299,0.004865
opt-gd,cold,0,1647,20.1538,0.004865
opt-gd,cold,0,1649,20.1780,0.004865
opt-gd,cold,0,1654,20.2371,0.004865
opt-gd,cold,0,1656,20.2604,0.004865
opt-gd,cold,0,1673,20.4572,0.004865
opt-gd,cold,0,1703,20.8344,0.004865
opt-gd,cold,0,1706,20.8702,0.004865
opt-gd,cold,0,1713,20.9600,0.004865
opt-gd,cold,0,1919,23.4770,0.004784
opt-gd,cold,0,1921,23.4998,0.004784
opt-gd,cold,0,1923,23.5221,0.004784
opt-gd,cold,0,1928,23.6850,0.004784
opt-gd,cold,0,1930,23.7091,0.004784
opt-gd,cold,0,1944,23.8693,0.004784
opt-gd,cold,0,1977,24.2590,0.004784
opt-gd,cold,1,0,0.0000,0.006062
opt-gd,cold,1,3,0.0514,0.006062
opt-gd,cold,1,9,0.1254,0.006062
opt-gd,cold,1,10,0.1378,0.006062
opt-gd,cold,1,12,0.1630,0.006062
opt-gd,cold,1,13,0.1760,0.006062
opt-gd,cold,1,15,0.2007,0.006062
opt-gd,cold,1,92,1.1737,0.006062
opt-gd,cold,1,132,1.6461,0.006058
opt-gd,cold,1,134,1.6707,0.006058
opt-gd,cold,1,140,1.7438,0.006058
opt-gd,cold,1,141,1.7551,0.006058
opt-gd,cold,1,143,1.7783,0.006058
opt-gd,cold,1,144,1.7921,0.006058
opt-gd,cold,1,146,1.8168,0.006058
opt-gd,cold,1,223,2.7115,0.006058
opt-gd,cold,1,263,3.1755,0.006054
opt-gd,cold,1,265,3.1997,0.006054
opt-gd,cold,1,271,3.2697,0.006054
opt-gd,cold,1,272,3.2820,0.006054
opt-gd,cold,1,274,3.3049,0.006054
opt-gd,cold,1,275,3.3164,0.006054
opt-gd,cold,1,277,3.3387,0.006054
opt-gd,cold,1,354,4.2429,0.006054
opt-gd,cold,1,394,4.7326,0.006039
opt-gd,cold,1,396,4.7561,0.006039
opt-gd,cold,1,402,4.8257,0.006039
opt-gd,cold,1,403,4.8373,0.006039
opt-gd,cold,1,405,4.8613,0.006039
opt-gd,cold,1,406,4.8727,0.006039
opt-gd,cold,1,408,4.8957,0.006039
opt-gd,cold,1,525,6.3705,0.005974
opt-gd,cold,1,527,6.3970,0.005974
opt-gd,cold,1,533,6.5058,0.005974
opt-gd,cold,1,534,6.5188,0.005974
opt-gd,cold,1,536,6.5451,0.005974
opt-gd,cold,1,537,6.5608,0.005974
opt-gd,cold,1,538,6.5744,0.005974
opt-gd,cold,1,539,6.5884,0.005974
opt-gd,cold,1,656,8.0971,0.005879
opt-gd,cold,1,658,8.1214,0.005879
opt-gd,cold,1,664,8.1990,0.005879
opt-gd,cold,1,665,8.2114,0.005879
opt-gd,cold,1,667,8.2360,0.005879
opt-gd,cold,1,668,8.2485,0.005879
opt-gd,cold,1,669,8.2611,0.005879
opt-gd,cold,1,670,8.2734,0.005879
opt-gd,cold,1,787,9.7548,0.005872
opt-gd,cold,1,789,9.7790,0.005872
opt-gd,cold,1,795,9.8488,0.005872
opt-gd,cold,1,796,9.8602,0.005872
opt-gd,cold,1,798,9.8836,0.005872
opt-gd,cold,1,799,9.8951,0.005872
opt-gd,cold,1,800,9.9065,0.005872
opt-gd,cold,1,801,9.9177,0.005872
opt-gd,cold,1,918,11.2741,0.005845
opt-gd,cold,1,920,11.2990,0.005845
opt-gd,cold,1,926,11.3678,0.005845
opt-gd,cold,1,927,11.3794,0.005845
opt-gd,cold,1,929,11.4025,0.005845
opt-gd,cold,1,930,11.4140,0.005845
opt-gd,cold,1,931,11.4256,0.005845
opt-gd,cold,1,1049,12.8510,0.005731
opt-gd,cold,1,1051,12.8741,0.005731
opt-gd,cold,1,1057,12.9415,0.005731
opt-gd,cold,1,1058,12.9526,0.005731
opt-gd,cold,1,1060,12.9748,0.005731
opt-gd,cold,1,1062,12.9971,0.005731
opt-gd,cold,1,1180,14.4824,0.005541
opt-gd,cold,1,1181,14.4951,0.005541
opt-gd,cold,1,1190,14.6037,0.005541
opt-gd,cold,1,1193,14.6375,0.005541
opt-gd,cold,1,1211,14.8409,0.005541
opt-gd,cold,1,1214,14.8738,0.005541
opt-gd,cold,1,1217,14.9070,0.005541
opt-gd,cold,1,1218,14.9181,0.005541
opt-gd,cold,1,1228,15.0288,0.005541
opt-gd,cold,1,1273,15.5389,0.005541
opt-gd,cold,1,1304,15.8939,0.005541
opt-gd,cold,1,1305,15.9061,0.005541
opt-gd,cold,1,1311,15.9770,0.005447
opt-gd,cold,1,1313,15.9995,0.005447
opt-gd,cold,1,1319,16.0666,0.005447
opt-gd,cold,1,1320,16.0777,0.005447
opt-gd,cold,1,1348,16.4171,0.005447
opt-gd,cold,1,1349,16.4286,0.005447
opt-gd,cold,1,1403,17.0481,0.005447
opt-gd,cold,1,1442,17.6127,0.005360
opt-gd,cold,1,1444,17.6408,0.005360
opt-gd,cold,1,1450,17.7195,0.005360
opt-gd,cold,1,1451,17.7324,0.005360
opt-gd,cold,1,1479,18.0603,0.005360
opt-gd,cold,1,1510,18.4398,0.005360
opt-gd,cold,1,1573,19.2271,0.005292
opt-gd,cold,1,1575,19.2748,0.005292
opt-gd,cold,1,1581,19.3761,0.005292
opt-gd,cold,1,1582,19.3885,0.005292
opt-gd,cold,1,1664,20.3787,0.005292
opt-gd,cold,1,1704,20.8717,0.005182
opt-gd,cold,1,1706,20.8979,0.005182
opt-gd,cold,1,1712,20.9741,0.005182
opt-gd,cold,1,1713,20.9871,0.005182
opt-gd,cold,1,1772,21.6943,0.005182
opt-gd,cold,1,1795,21.9687,0.005182
opt-gd,cold,1,1835,22.4518,0.005117
opt-gd,cold,1,1837,22.4991,0.005117
opt-gd,cold,1,1843,22.5977,0.005117
opt-gd,cold,1,1844,22.6096,0.005117
opt-gd,cold,1,1846,22.6327,0.005117
opt-gd,cold,1,1847,22.6441,0.005117
opt-gd,cold,1,1848,22.6554,0.005117
opt-gd,cold,1,1868,22.8870,0.005117
opt-gd,cold,1,1926,23.5558,0.005117
opt-gd,cold,1,1949,23.8205,0.005117
opt-gd,cold,1,1950,23.8320,0.005117
opt-gd,cold,1,1951,23.8435,0.005117
opt-gd,cold,1,1966,24.0269,0.004974
opt-gd,cold,1,1968,24.0747,0.004974
opt-gd,cold,1,1974,24.1694,0.004974
opt-gd,cold,1,1975,24.1812,0.004974
opt-gd,cold,1,1977,24.2049,0.004974
opt-gd,cold,1,1979,24.2285,0.004974
opt-gd,cold,2,0,0.0000,0.006063
opt-gd,cold,2,2,0.0363,0.006063
opt-gd,cold,2,4,0.0588,0.006063
opt-gd,cold,2,9,0.1156,0.006063
opt-gd,cold,2,102,1.1889,0.006063
opt-gd,cold,2,134,1.5568,0.006059
opt-gd,cold,2,135,1.5684,0.006059
opt-gd,cold,2,137,1.5908,0.006059
opt-gd,cold,2,142,1.6467,0.006059
opt-gd,cold,2,235,2.7019,0.006059
opt-gd,cold,2,267,3.0671,0.005745
opt-gd,cold,2,268,3.0786,0.005745
opt-gd,cold,2,270,3.1016,0.005745
opt-gd,cold,2,274,3.1468,0.005745
opt-gd,cold,2,292,3.3526,0.005745
opt-gd,cold,2,294,3.3758,0.005745
opt-gd,cold,2,376,4.3307,0.005745
opt-gd,cold,2,377,4.3421,0.005745
opt-gd,cold,2,400,4.6094,0.005544
opt-gd,cold,2,401,4.6211,0.005544
opt-gd,cold,2,403,4.6448,0.005544
opt-gd,cold,2,407,4.6908,0.005544
opt-gd,cold,2,425,4.9156,0.005544
opt-gd,cold,2,463,5.3533,0.005544
opt-gd,cold,2,666,7.8533,0.005487
opt-gd,cold,2,667,7.8661,0.005487
opt-gd,cold,2,669,7.8907,0.005487
opt-gd,cold,2,691,8.1688,0.005487
opt-gd,cold,2,729,8.6473,0.005487
opt-gd,cold,2,799,9.6799,0.005249
opt-gd,cold,2,800,9.6966,0.005249
opt-gd,cold,2,802,9.7231,0.005249
opt-gd,cold,2,824,10.0028,0.005249
opt-gd,cold,2,826,10.0294,0.005249
opt-gd,cold,2,862,10.4891,0.005249
opt-gd,cold,2,1065,13.4160,0.005186
opt-gd,cold,2,1066,13.4301,0.005186
opt-gd,cold,2,1068,13.4567,0.005186
opt-gd,cold,2,1090,13.7500,0.005186
opt-gd,cold,2,1092,13.7778,0.005186
opt-gd,cold,2,1128,14.2668,0.005186
opt-gd,cold,2,1331,16.9686,0.005149
opt-gd,cold,2,1332,16.9818,0.005149
opt-gd,cold,2,1334,17.0068,0.005149
opt-gd,cold,2,1358,17.3155,0.005149
opt-gd,cold,2,1394,17.7940,0.005149
opt-gd,cold,2,1730,22.1780,0.005050
opt-gd,cold,2,1731,22.1900,0.005050
opt-gd,cold,2,1733,22.2135,0.005050
opt-gd,cold,2,1735,22.2388,0.005050
opt-gd,cold,2,1755,22.4827,0.005050
opt-gd,cold,2,1757,22.5061,0.005050
opt-gd,cold,2,1760,22.5421,0.005050
opt-gd,cold,2,1793,22.9526,0.005050
opt-gd,cold,2,1794,22.9647,0.005050
opt-gd,cold,2,1996,25.6516,0.004989
opt-gd,cold,2,1997,25.6639,0.004989
opt-gd,cold,3,0,0.0000,0.005521
opt-gd,cold,3,10,0.1372,0.005521
opt-gd,cold,3,11,0.1492,0.005521
opt-gd,cold,3,26,0.3304,0.005521
opt-gd,cold,3,58,0.7293,0.005521
opt-gd,cold,3,64,0.8031,0.005521
opt-gd,cold,3,134,1.6664,0.005456
opt-gd,cold,3,143,1.7749,0.005456
opt-gd,cold,3,144,1.7867,0.005456
opt-gd,cold,3,159,1.9690,0.005456
opt-gd,cold,3,191,2.3629,0.005456
opt-gd,cold,3,197,2.4358,0.005456
opt-gd,cold,3,267,3.3509,0.005384
opt-gd,cold,3,276,3.4610,0.005384
opt-gd,cold,3,277,3.4730,0.005384
opt-gd,cold,3,292,3.6571,0.005384
opt-gd,cold,3,324,4.0594,0.005384
opt-gd,cold,3,330,4.1320,0.005384
opt-gd,cold,3,400,4.9904,0.005323
opt-gd,cold,3,409,5.1005,0.005323
opt-gd,cold,3,425,5.3004,0.005323
opt-gd,cold,3,457,5.8333,0.005323
opt-gd,cold,3,463,5.9091,0.005323
opt-gd,cold,3,533,6.7867,0.005244
opt-gd,cold,3,542,6.9064,0.005244
opt-gd,cold,3,558,7.1042,0.005244
opt-gd,cold,3,590,7.4961,0.005244
opt-gd,cold,3,666,8.4166,0.005186
opt-gd,cold,3,675,8.5246,0.005186
opt-gd,cold,3,691,8.7156,0.005186
opt-gd,cold,3,723,9.1078,0.005186
opt-gd,cold,3,730,9.1901,0.005186
opt-gd,cold,3,932,11.7091,0.005108
opt-gd,cold,3,941,11.8194,0.005108
opt-gd,cold,3,957,12.0172,0.005108
opt-gd,cold,3,989,12.3961,0.005108
opt-gd,cold,3,998,12.5065,0.005108
opt-gd,cold,3,1065,13.4433,0.005055
opt-gd,cold,3,1074,13.5533,0.005055
opt-gd,cold,3,1090,13.7441,0.005055
opt-gd,cold,3,1122,14.1325,0.005055
opt-gd,cold,3,1131,14.2411,0.005055
opt-gd,cold,3,1331,16.8037,0.005026
opt-gd,cold,3,1340,16.9142,0.005026
opt-gd,cold,3,1356,17.1155,0.005026
opt-gd,cold,3,1389,17.5212,0.005026
opt-gd,cold,3,1464,18.5794,0.005010
opt-gd,cold,3,1473,18.7004,0.005010
opt-gd,cold,3,1489,18.9149,0.005010
opt-gd,cold,3,1521,19.3472,0.005010
opt-gd,cold,3,1522,19.3603,0.005010
opt-gd,cold,3,1529,19.4509,0.005010
opt-gd,cold,3,1550,19.7337,0.005010
opt-gd,cold,3,1597,20.3463,0.004990
opt-gd,cold,3,1606,20.5011,0.004990
opt-gd,cold,3,1622,20.6860,0.004990
opt-gd,cold,3,1654,21.0586,0.004990
opt-gd,cold,3,1655,21.0704,0.004990
opt-gd,cold,3,1662,21.1496,0.004990
opt-gd,cold,3,1683,21.3952,0.004990
opt-gd,cold,3,1730,21.9673,0.004957
opt-gd,cold,3,1739,22.1171,0.004957
opt-gd,cold,3,1755,22.3027,0.004957
opt-gd,cold,3,1788,22.6931,0.004957
opt-gd,cold,3,1795,22.7754,0.004957
opt-gd,cold,3,1796,22.7865,0.004957
opt-gd,cold,3,1863,23.6116,0.004918
opt-gd,cold,3,1872,23.7614,0.004918
opt-gd,cold,3,1873,23.7729,0.004918
opt-gd,cold,3,1888,23.9478,0.004918
opt-gd,cold,3,1920,24.3198,0.004918
opt-gd,cold,3,1926,24.3891,0.004918
opt-gd,cold,3,1927,24.4006,0.004918
opt-gd,cold,3,1996,25.2234,0.004899
opt-gd,cold,4,0,0.0000,0.005913
opt-gd,cold,4,2,0.0373,0.005913
opt-gd,cold,4,4,0.0606,0.005913
opt-gd,cold,4,11,0.1446,0.005913
opt-gd,cold,4,17,0.2201,0.005913
opt-gd,cold,4,27,0.3459,0.005913
opt-gd,cold,4,29,0.3701,0.005913
opt-gd,cold,4,68,0.9410,0.005913
opt-gd,cold,4,79,1.0869,0.005913
opt-gd,cold,4,110,1.4759,0.005913
opt-gd,cold,4,122,1.6361,0.005913
opt-gd,cold,4,136,1.8353,0.005906
opt-gd,cold,4,137,1.8488,0.005906
opt-gd,cold,4,139,1.8732,0.005906
opt-gd,cold,4,146,1.9584,0.005906
opt-gd,cold,4,152,2.0383,0.005906
opt-gd,cold,4,162,2.1723,0.005906
opt-gd,cold,4,164,2.1990,0.005906
opt-gd,cold,4,203,2.7148,0.005906
opt-gd,cold,4,214,2.8526,0.005906
opt-gd,cold,4,245,3.2647,0.005906
opt-gd,cold,4,257,3.4311,0.005906
opt-gd,cold,4,271,3.6068,0.005566
opt-gd,cold,4,272,3.6203,0.005566
opt-gd,cold,4,274,3.6459,0.005566
opt-gd,cold,4,281,3.7374,0.005566
opt-gd,cold,4,287,3.8153,0.005566
opt-gd,cold,4,297,3.9428,0.005566
opt-gd,cold,4,299,3.9671,0.005566
opt-gd,cold,4,334,4.4006,0.005566
opt-gd,cold,4,338,4.4498,0.005566
opt-gd,cold,4,393,5.1531,0.005566
opt-gd,cold,4,406,5.3218,0.005279
opt-gd,cold,4,407,5.3346,0.005279
opt-gd,cold,4,409,5.3603,0.005279
opt-gd,cold,4,416,5.4586,0.005279
opt-gd,cold,4,422,5.5374,0.005279
opt-gd,cold,4,431,5.6565,0.005279
opt-gd,cold,4,433,5.6823,0.005279
opt-gd,cold,4,443,5.8163,0.005279
opt-gd,cold,4,444,5.8297,0.005279
opt-gd,cold,4,469,6.1518,0.005279
opt-gd,cold,4,538,7.0414,0.005279
opt-gd,cold,4,541,7.0989,0.005267
opt-gd,cold,4,542,7.1303,0.005267
opt-gd,cold,4,544,7.1887,0.005267
opt-gd,cold,4,551,7.2859,0.005267
opt-gd,cold,4,557,7.3599,0.005267
opt-gd,cold,4,566,7.4696,0.005267
opt-gd,cold,4,568,7.4978,0.005267
opt-gd,cold,4,578,7.6618,0.005267
opt-gd,cold,4,604,8.0250,0.005267
opt-gd,cold,4,672,8.8112,0.005267
opt-gd,cold,4,675,8.8446,0.005267
opt-gd,cold,4,676,8.8733,0.005229
opt-gd,cold,4,677,8.8974,0.005229
opt-gd,cold,4,679,8.9756,0.005229
opt-gd,cold,4,686,9.0618,0.005229
opt-gd,cold,4,692,9.1361,0.005229
opt-gd,cold,4,701,9.2503,0.005229
opt-gd,cold,4,703,9.2751,0.005229
opt-gd,cold,4,739,9.7175,0.005229
opt-gd,cold,4,811,10.7317,0.005149
opt-gd,cold,4,812,10.7438,0.005149
opt-gd,cold,4,814,10.7668,0.005149
opt-gd,cold,4,821,10.8488,0.005149
opt-gd,cold,4,827,10.9215,0.005149
opt-gd,cold,4,836,11.0314,0.005149
opt-gd,cold,4,838,11.0548,0.005149
opt-gd,cold,4,848,11.1719,0.005149
opt-gd,cold,4,849,11.1837,0.005149
opt-gd,cold,4,874,11.4915,0.005149
opt-gd,cold,4,1081,14.0948,0.005012
opt-gd,cold,4,1082,14.1067,0.005012
opt-gd,cold,4,1084,14.1291,0.005012
opt-gd,cold,4,1091,14.2113,0.005012
opt-gd,cold,4,1097,14.2791,0.005012
opt-gd,cold,4,1106,14.3807,0.005012
opt-gd,cold,4,1108,14.4031,0.005012
opt-gd,cold,4,1118,14.5183,0.005012
opt-gd,cold,4,1119,14.5296,0.005012
opt-gd,cold,4,1176,15.1735,0.005012
opt-gd,cold,4,1212,15.5827,0.005012
opt-gd,cold,4,1214,15.6093,0.005012
opt-gd,cold,4,1216,15.6526,0.004931
opt-gd,cold,4,1217,15.6811,0.004931
opt-gd,cold,4,1219,15.7246,0.004931
opt-gd,cold,4,1226,15.8317,0.004931
opt-gd,cold,4,1232,15.8986,0.004931
opt-gd,cold,4,1242,16.0113,0.004931
opt-gd,cold,4,1253,16.1335,0.004931
opt-gd,cold,4,1254,16.1448,0.004931
opt-gd,cold,4,1278,16.4289,0.004931
opt-gd,cold,4,1280,16.4513,0.004931
opt-gd,cold,4,1351,17.4228,0.004896
opt-gd,cold,4,1352,17.4356,0.004896
opt-gd,cold,4,1354,17.4610,0.004896
opt-gd,cold,4,1361,17.5444,0.004896
opt-gd,cold,4,1367,17.6144,0.004896
opt-gd,cold,4,1377,17.7359,0.004896
opt-gd,cold,4,1379,17.7584,0.004896
opt-gd,cold,4,1413,18.1426,0.004896
opt-gd,cold,4,1417,18.1867,0.004896
opt-gd,cold,4,1419,18.2082,0.004896
opt-gd,cold,4,1486,19.0826,0.004838
opt-gd,cold,4,1487,19.0958,0.004838
opt-gd,cold,4,1489,19.1198,0.004838
opt-gd,cold,4,1496,19.2060,0.004838
opt-gd,cold,4,1502,19.2806,0.004838
opt-gd,cold,4,1513,19.4120,0.004838
opt-gd,cold,4,1523,19.5294,0.004838
opt-gd,cold,4,1549,19.8443,0.004838
opt-gd,cold,4,1620,20.8132,0.004838
opt-gd,cold,4,1621,20.8344,0.004812
opt-gd,cold,4,1622,20.8513,0.004812
opt-gd,cold,4,1624,20.8989,0.004812
opt-gd,cold,4,1631,21.0015,0.004812
opt-gd,cold,4,1637,21.0743,0.004812
opt-gd,cold,4,1647,21.1936,0.004812
opt-gd,cold,4,1648,21.2065,0.004812
opt-gd,cold,4,1686,21.6458,0.004812
opt-gd,cold,4,1714,21.9786,0.004812
opt-gd,cold,4,1756,22.6181,0.004793
opt-gd,cold,4,1757,22.6301,0.004793
opt-gd,cold,4,1759,22.6532,0.004793
opt-gd,cold,4,1766,22.7346,0.004793
opt-gd,cold,4,1772,22.8057,0.004793
opt-gd,cold,4,1782,22.9237,0.004793
opt-gd,cold,4,1821,23.3805,0.004793
opt-gd,cold,4,1849,23.7133,0.004793
opt-gd,cold,4,1891,24.3266,0.004713
opt-gd,cold,4,1892,24.3391,0.004713
opt-gd,cold,4,1894,24.3666,0.004713
opt-gd,cold,4,1901,24.4583,0.004713
opt-gd,cold,4,1907,24.5296,0.004713
opt-gd,cold,4,1917,24.6492,0.004713
opt-gd,cold,4,1919,24.6725,0.004713
opt-gd,cold,4,1928,24.7780,0.004713
opt-gd,cold,4,1929,24.7896,0.004713
opt-gd,cold,4,1953,25.0748,0.004713
opt-gd,cold,4,1955,25.0979,0.004713
opt-gd,cold,4,1984,25.4428,0.004713
opt-gd,cold,5,0,0.0000,0.005789
opt-gd,cold,5,12,0.1657,0.005789
opt-gd,cold,5,13,0.1781,0.005789
opt-gd,cold,5,24,0.3125,0.005789
opt-gd,cold,5,25,0.3249,0.005789
opt-gd,cold,5,26,0.3371,0.005789
opt-gd,cold,5,63,0.7903,0.005789
opt-gd,cold,5,75,0.9272,0.005789
opt-gd,cold,5,110,1.3431,0.005789
opt-gd,cold,5,132,1.6004,0.005787
opt-gd,cold,5,143,1.7344,0.005787
opt-gd,cold,5,144,1.7475,0.005787
opt-gd,cold,5,155,1.8823,0.005787
opt-gd,cold,5,156,1.8945,0.005787
opt-gd,cold,5,157,1.9066,0.005787
opt-gd,cold,5,194,2.3715,0.005787
opt-gd,cold,5,206,2.5125,0.005787
opt-gd,cold,5,241,2.9286,0.005787
opt-gd,cold,5,263,3.1962,0.005617
opt-gd,cold,5,272,3.3012,0.005617
opt-gd,cold,5,275,3.3410,0.005617
opt-gd,cold,5,287,3.4867,0.005617
opt-gd,cold,5,288,3.5012,0.005617
opt-gd,cold,5,353,4.2520,0.005617
opt-gd,cold,5,385,4.6244,0.005617
opt-gd,cold,5,394,4.7334,0.005448
opt-gd,cold,5,395,4.7461,0.005448
opt-gd,cold,5,418,5.0168,0.005448
opt-gd,cold,5,513,6.1609,0.005448
opt-gd,cold,5,525,6.3121,0.005331
opt-gd,cold,5,526,6.3358,0.005331
opt-gd,cold,5,551,6.6704,0.005331
opt-gd,cold,5,582,7.0291,0.005331
opt-gd,cold,5,615,7.4171,0.005331
opt-gd,cold,5,630,7.5883,0.005331
opt-gd,cold,5,632,7.6105,0.005331
opt-gd,cold,5,787,9.4535,0.005249
opt-gd,cold,5,788,9.4664,0.005249
opt-gd,cold,5,844,10.1086,0.005249
opt-gd,cold,5,877,10.5099,0.005249
opt-gd,cold,5,909,10.9442,0.005249
opt-gd,cold,5,1049,12.8931,0.005243
opt-gd,cold,5,1050,12.9053,0.005243
opt-gd,cold,5,1074,13.1972,0.005243
opt-gd,cold,5,1085,13.3303,0.005243
opt-gd,cold,5,1168,14.3224,0.005243
opt-gd,cold,5,1180,14.4603,0.005230
opt-gd,cold,5,1181,14.4723,0.005230
opt-gd,cold,5,1205,14.7512,0.005230
opt-gd,cold,5,1216,14.8796,0.005230
opt-gd,cold,5,1237,15.1278,0.005230
opt-gd,cold,5,1270,15.5095,0.005230
opt-gd,cold,5,1299,15.8528,0.005230
opt-gd,cold,5,1442,17.6885,0.005194
opt-gd,cold,5,1443,17.7012,0.005194
opt-gd,cold,5,1499,18.4159,0.005194
opt-gd,cold,5,1532,18.8334,0.005194
opt-gd,cold,5,1561,19.1872,0.005194
opt-gd,cold,5,1573,19.3440,0.005137
opt-gd,cold,5,1574,19.3680,0.005137
opt-gd,cold,5,1596,19.6900,0.005137
opt-gd,cold,5,1630,20.1105,0.005137
opt-gd,cold,5,1681,20.7625,0.005137
opt-gd,cold,5,1683,20.7886,0.005137
opt-gd,cold,5,1835,22.6485,0.005116
opt-gd,cold,5,1836,22.6604,0.005116
opt-gd,cold,5,1858,22.9135,0.005116
opt-gd,cold,5,1892,23.3116,0.005116
opt-gd,cold,5,1942,23.9570,0.005116
opt-gd,cold,5,1943,23.9694,0.005116
opt-gd,cold,5,1966,24.2682,0.005104
opt-gd,cold,5,1967,24.2998,0.005104
opt-gd,cold,5,1989,24.6026,0.005104
opt-gd,cold,6,0,0.0000,0.005952
opt-gd,cold,6,2,0.0382,0.005952
opt-gd,cold,6,6,0.0874,0.005952
opt-gd,cold,6,17,0.2284,0.005952
opt-gd,cold,6,32,0.4113,0.005952
opt-gd,cold,6,40,0.5102,0.005952
opt-gd,cold,6,61,0.7686,0.005952
opt-gd,cold,6,63,0.7925,0.005952
opt-gd,cold,6,65,0.8166,0.005952
opt-gd,cold,6,108,1.3522,0.005952
opt-gd,cold,6,116,1.4502,0.005952
opt-gd,cold,6,148,1.8622,0.005947
opt-gd,cold,6,149,1.8750,0.005947
opt-gd,cold,6,153,1.9286,0.005947
opt-gd,cold,6,164,2.0696,0.005947
opt-gd,cold,6,187,2.3507,0.005947
opt-gd,cold,6,208,2.6007,0.005947
opt-gd,cold,6,210,2.6247,0.005947
opt-gd,cold,6,212,2.6479,0.005947
opt-gd,cold,6,255,3.1494,0.005947
opt-gd,cold,6,263,3.2448,0.005947
opt-gd,cold,6,442,5.3403,0.005883
opt-gd,cold,6,447,5.3973,0.005883
opt-gd,cold,6,455,5.5877,0.005883
opt-gd,cold,6,457,5.6113,0.005883
opt-gd,cold,6,471,5.7766,0.005883
opt-gd,cold,6,472,5.7886,0.005883
opt-gd,cold,6,481,5.8949,0.005883
opt-gd,cold,6,504,6.1701,0.005883
opt-gd,cold,6,506,6.1932,0.005883
opt-gd,cold,6,527,6.4331,0.005883
opt-gd,cold,6,528,6.4443,0.005883
opt-gd,cold,6,589,7.1393,0.005853
opt-gd,cold,6,594,7.1983,0.005853
opt-gd,cold,6,605,7.3278,0.005853
opt-gd,cold,6,619,7.4930,0.005853
opt-gd,cold,6,620,7.5041,0.005853
opt-gd,cold,6,628,7.5962,0.005853
opt-gd,cold,6,651,7.8566,0.005853
opt-gd,cold,6,653,7.8790,0.005853
opt-gd,cold,6,674,8.1195,0.005853
opt-gd,cold,6,736,8.8246,0.005836
opt-gd,cold,6,741,8.9319,0.005836
opt-gd,cold,6,752,9.0541,0.005836
opt-gd,cold,6,766,9.2120,0.005836
opt-gd,cold,6,767,9.2235,0.005836
opt-gd,cold,6,775,9.3128,0.005836
opt-gd,cold,6,798,9.5757,0.005836
opt-gd,cold,6,800,9.5982,0.005836
opt-gd,cold,6,821,9.8437,0.005836
opt-gd,cold,6,841,10.0719,0.005836
opt-gd,cold,6,851,10.1875,0.005836
opt-gd,cold,6,883,10.5764,0.005766
opt-gd,cold,6,884,10.6004,0.005766
opt-gd,cold,6,888,10.6810,0.005766
opt-gd,cold,6,899,10.8085,0.005766
opt-gd,cold,6,910,10.9342,0.005766
opt-gd,cold,6,913,10.9693,0.005766
opt-gd,cold,6,914,10.9808,0.005766
opt-gd,cold,6,922,11.0725,0.005766
opt-gd,cold,6,968,11.6043,0.005766
opt-gd,cold,6,969,11.6157,0.005766
opt-gd,cold,6,1030,12.3491,0.005725
opt-gd,cold,6,1031,12.3731,0.005725
opt-gd,cold,6,1046,12.5964,0.005725
opt-gd,cold,6,1061,12.7750,0.005725
opt-gd,cold,6,1069,12.8710,0.005725
opt-gd,cold,6,1116,13.4463,0.005725
opt-gd,cold,6,1177,14.1892,0.005693
opt-gd,cold,6,1178,14.2126,0.005693
opt-gd,cold,6,1190,14.3974,0.005693
opt-gd,cold,6,1192,14.4210,0.005693
opt-gd,cold,6,1204,14.5637,0.005693
opt-gd,cold,6,1208,14.6110,0.005693
opt-gd,cold,6,1213,14.6687,0.005693
opt-gd,cold,6,1263,15.2570,0.005693
opt-gd,cold,6,1324,16.0129,0.005652
opt-gd,cold,6,1337,16.2184,0.005652
opt-gd,cold,6,1339,16.2419,0.005652
opt-gd,cold,6,1355,16.4298,0.005652
opt-gd,cold,6,1361,16.5048,0.005652
opt-gd,cold,6,1363,16.5287,0.005652
opt-gd,cold,6,1409,17.0612,0.005652
opt-gd,cold,6,1471,17.7613,0.005613
opt-gd,cold,6,1476,17.8814,0.005613
opt-gd,cold,6,1484,17.9758,0.005613
opt-gd,cold,6,1486,17.9987,0.005613
opt-gd,cold,6,1498,18.1421,0.005613
opt-gd,cold,6,1502,18.1886,0.005613
opt-gd,cold,6,1508,18.2578,0.005613
opt-gd,cold,6,1556,18.8464,0.005613
opt-gd,cold,6,1618,19.7067,0.005589
opt-gd,cold,6,1623,19.7698,0.005589
opt-gd,cold,6,1631,19.8746,0.005589
opt-gd,cold,6,1634,19.9117,0.005589
opt-gd,cold,6,1645,20.0496,0.005589
opt-gd,cold,6,1649,20.0958,0.005589
opt-gd,cold,6,1655,20.1659,0.005589
opt-gd,cold,6,1705,20.8479,0.005589
opt-gd,cold,6,1765,21.7225,0.005553
opt-gd,cold,6,1766,21.7350,0.005553
opt-gd,cold,6,1778,21.8856,0.005553
opt-gd,cold,6,1781,21.9234,0.005553
opt-gd,cold,6,1796,22.1046,0.005553
opt-gd,cold,6,1799,22.1423,0.005553
opt-gd,cold,6,1801,22.1686,0.005553
opt-gd,cold,6,1912,23.6278,0.005530
opt-gd,cold,6,1913,23.6524,0.005530
opt-gd,cold,6,1925,23.8421,0.005530
opt-gd,cold,6,1928,23.8813,0.005530
opt-gd,cold,6,1943,24.0718,0.005530
opt-gd,cold,6,1946,24.1097,0.005530
opt-gd,cold,6,1948,24.1382,0.005530
opt-gd,cold,7,0,0.0000,0.005712
opt-gd,cold,7,2,0.0434,0.005712
opt-gd,cold,7,26,0.3422,0.005712
opt-gd,cold,7,69,0.8722,0.005712
opt-gd,cold,7,138,1.6904,0.005547
opt-gd,cold,7,139,1.7025,0.005547
opt-gd,cold,7,163,1.9875,0.005547
opt-gd,cold,7,206,2.5052,0.005547
opt-gd,cold,7,275,3.3193,0.005478
opt-gd,cold,7,279,3.3664,0.005478
opt-gd,cold,7,280,3.3783,0.005478
opt-gd,cold,7,300,3.6178,0.005478
opt-gd,cold,7,342,4.1179,0.005478
opt-gd,cold,7,378,4.5468,0.005478
opt-gd,cold,7,379,4.5589,0.005478
opt-gd,cold,7,412,4.9368,0.005231
opt-gd,cold,7,413,4.9485,0.005231
opt-gd,cold,7,417,4.9955,0.005231
opt-gd,cold,7,438,5.2469,0.005231
opt-gd,cold,7,516,6.1604,0.005231
opt-gd,cold,7,549,6.5562,0.005213
opt-gd,cold,7,550,6.5798,0.005213
opt-gd,cold,7,554,6.6703,0.005213
opt-gd,cold,7,574,6.9085,0.005213
opt-gd,cold,7,686,8.2136,0.005210
opt-gd,cold,7,687,8.2373,0.005210
opt-gd,cold,7,691,8.3255,0.005210
opt-gd,cold,7,753,9.0496,0.005210
opt-gd,cold,7,823,9.8491,0.005206
opt-gd,cold,7,824,9.8728,0.005206
opt-gd,cold,7,828,9.9586,0.005206
opt-gd,cold,7,849,10.1897,0.005206
opt-gd,cold,7,890,10.6460,0.005206
opt-gd,cold,7,960,11.4413,0.005202
opt-gd,cold,7,961,11.4650,0.005202
opt-gd,cold,7,965,11.5525,0.005202
opt-gd,cold,7,986,11.7982,0.005202
opt-gd,cold,7,1064,12.7215,0.005202
opt-gd,cold,7,1097,13.2277,0.005199
opt-gd,cold,7,1098,13.2398,0.005199
opt-gd,cold,7,1102,13.2849,0.005199
opt-gd,cold,7,1123,13.5193,0.005199
opt-gd,cold,7,1234,14.7896,0.005199
opt-gd,cold,7,1235,14.8191,0.005199
opt-gd,cold,7,1239,14.9020,0.005199
opt-gd,cold,7,1301,15.6039,0.005199
opt-gd,cold,7,1337,16.0157,0.005199
opt-gd,cold,7,1338,16.0269,0.005199
opt-gd,cold,7,1371,16.4381,0.005198
opt-gd,cold,7,1372,16.4618,0.005198
opt-gd,cold,7,1376,16.5460,0.005198
opt-gd,cold,7,1438,17.2854,0.005198
opt-gd,cold,7,1475,17.8545,0.005198
opt-gd,cold,7,1508,18.3769,0.005198
opt-gd,cold,7,1509,18.3939,0.005198
opt-gd,cold,7,1513,18.4574,0.005198
opt-gd,cold,7,1534,18.7368,0.005198
opt-gd,cold,7,1575,19.2358,0.005198
opt-gd,cold,7,1576,19.2488,0.005198
opt-gd,cold,7,1645,20.1905,0.005198
opt-gd,cold,7,1646,20.2026,0.005198
opt-gd,cold,7,1650,20.2501,0.005198
opt-gd,cold,7,1671,20.5052,0.005198
opt-gd,cold,7,1713,21.0143,0.005198
opt-gd,cold,7,1782,21.9875,0.005197
opt-gd,cold,7,1783,21.9992,0.005197
opt-gd,cold,7,1787,22.0475,0.005197
opt-gd,cold,7,1808,22.2901,0.005197
opt-gd,cold,7,1850,22.7725,0.005197
opt-gd,cold,7,1919,23.6124,0.005193
opt-gd,cold,7,1920,23.6362,0.005193
opt-gd,cold,7,1924,23.7265,0.005193
opt-gd,cold,7,1945,23.9860,0.005193
opt-gd,cold,7,1987,24.4830,0.005193
opt-gd,cold,8,0,0.0000,0.006069
opt-gd,cold,8,2,0.0368,0.006069
opt-gd,cold,8,4,0.0606,0.006069
opt-gd,cold,8,6,0.0852,0.006069
opt-gd,cold,8,22,0.2722,0.006069
opt-gd,cold,8,34,0.4131,0.006069
opt-gd,cold,8,140,1.6467,0.006047
opt-gd,cold,8,141,1.6588,0.006047
opt-gd,cold,8,143,1.6826,0.006047
opt-gd,cold,8,145,1.7056,0.006047
opt-gd,cold,8,161,1.8952,0.006047
opt-gd,cold,8,173,2.0327,0.006047
opt-gd,cold,8,279,3.2879,0.005563
opt-gd,cold,8,283,3.3360,0.005563
opt-gd,cold,8,296,3.4953,0.005563
opt-gd,cold,8,300,3.5476,0.005563
opt-gd,cold,8,347,4.1044,0.005563
opt-gd,cold,8,386,4.5569,0.005563
opt-gd,cold,8,418,4.9223,0.005405
opt-gd,cold,8,428,5.0374,0.005405
opt-gd,cold,8,436,5.1298,0.005405
opt-gd,cold,8,452,5.3147,0.005405
opt-gd,cold,8,484,5.6999,0.005405
opt-gd,cold,8,509,5.9953,0.005405
opt-gd,cold,8,557,6.5752,0.005296
opt-gd,cold,8,567,6.7418,0.005296
opt-gd,cold,8,574,6.8252,0.005296
opt-gd,cold,8,615,7.3149,0.005296
opt-gd,cold,8,617,7.3377,0.005296
opt-gd,cold,8,696,8.2796,0.005149
opt-gd,cold,8,706,8.4538,0.005149
opt-gd,cold,8,712,8.5245,0.005149
opt-gd,cold,8,713,8.5361,0.005149
opt-gd,cold,8,729,8.7233,0.005149
opt-gd,cold,8,730,8.7350,0.005149
opt-gd,cold,8,777,9.2833,0.005149
opt-gd,cold,8,805,9.6052,0.005149
opt-gd,cold,8,835,9.9590,0.005068
opt-gd,cold,8,845,10.1272,0.005068
opt-gd,cold,8,851,10.1976,0.005068
opt-gd,cold,8,853,10.2204,0.005068
opt-gd,cold,8,868,10.3923,0.005068
opt-gd,cold,8,974,11.7155,0.004997
opt-gd,cold,8,984,11.8860,0.004997
opt-gd,cold,8,990,11.9581,0.004997
opt-gd,cold,8,992,11.9909,0.004997
opt-gd,cold,8,1007,12.2163,0.004997
opt-gd,cold,8,1008,12.2313,0.004997
opt-gd,cold,8,1113,13.4871,0.004939
opt-gd,cold,8,1118,13.6069,0.004939
opt-gd,cold,8,1131,13.7593,0.004939
opt-gd,cold,8,1134,13.7954,0.004939
opt-gd,cold,8,1146,13.9329,0.004939
opt-gd,cold,8,1147,13.9441,0.004939
opt-gd,cold,8,1391,16.9318,0.004881
opt-gd,cold,8,1397,17.0058,0.004881
opt-gd,cold,8,1409,17.1552,0.004881
opt-gd,cold,8,1424,17.3415,0.004881
opt-gd,cold,8,1425,17.3541,0.004881
opt-gd,cold,8,1450,17.6650,0.004881
opt-gd,cold,8,1501,18.2944,0.004881
opt-gd,cold,8,1530,18.7692,0.004839
opt-gd,cold,8,1531,18.7819,0.004839
opt-gd,cold,8,1533,18.8072,0.004839
opt-gd,cold,8,1536,18.8436,0.004839
opt-gd,cold,8,1547,18.9800,0.004839
opt-gd,cold,8,1552,19.0407,0.004839
opt-gd,cold,8,1564,19.1938,0.004839
opt-gd,cold,8,1590,19.5107,0.004839
opt-gd,cold,8,1669,20.4994,0.004761
opt-gd,cold,8,1670,20.5234,0.004761
opt-gd,cold,8,1672,20.5716,0.004761
opt-gd,cold,8,1675,20.6358,0.004761
opt-gd,cold,8,1686,20.7702,0.004761
opt-gd,cold,8,1690,20.8207,0.004761
opt-gd,cold,8,1703,20.9769,0.004761
opt-gd,cold,8,1808,22.3357,0.004695
opt-gd,cold,8,1809,22.3604,0.004695
opt-gd,cold,8,1811,22.4087,0.004695
opt-gd,cold,8,1825,22.5940,0.004695
opt-gd,cold,8,1842,22.7981,0.004695
opt-gd,cold,8,1947,24.1439,0.004614
opt-gd,cold,8,1948,24.1770,0.004614
opt-gd,cold,8,1950,24.2689,0.004614
opt-gd,cold,8,1952,24.2937,0.004614
opt-gd,cold,8,1964,24.4398,0.004614
opt-gd,cold,8,1980,24.6355,0.004614
opt-gd,cold,8,1981,24.6478,0.004614
opt-gd,cold,9,0,0.0000,0.006701
opt-gd,cold,9,2,0.0378,0.006701
opt-gd,cold,9,3,0.0495,0.006701
opt-gd,cold,9,4,0.0617,0.006701
opt-gd,cold,9,5,0.0742,0.006701
opt-gd,cold,9,26,0.3277,0.006701
opt-gd,cold,9,28,0.3531,0.006701
opt-gd,cold,9,71,0.8791,0.006701
opt-gd,cold,9,128,1.5989,0.006587
opt-gd,cold,9,129,1.6130,0.006587
opt-gd,cold,9,130,1.6274,0.006587
opt-gd,cold,9,131,1.6395,0.006587
opt-gd,cold,9,132,1.6522,0.006587
opt-gd,cold,9,153,1.9090,0.006587
opt-gd,cold,9,155,1.9326,0.006587
opt-gd,cold,9,198,2.4482,0.006587
opt-gd,cold,9,255,3.1462,0.006333
opt-gd,cold,9,256,3.1586,0.006333
opt-gd,cold,9,257,3.1712,0.006333
opt-gd,cold,9,258,3.1840,0.006333
opt-gd,cold,9,259,3.1967,0.006333
opt-gd,cold,9,280,3.4616,0.006333
opt-gd,cold,9,282,3.4882,0.006333
opt-gd,cold,9,325,3.9960,0.006333
opt-gd,cold,9,382,4.6221,0.006124
opt-gd,cold,9,383,4.6338,0.006124
opt-gd,cold,9,384,4.6447,0.006124
opt-gd,cold,9,385,4.6558,0.006124
opt-gd,cold,9,386,4.6667,0.006124
opt-gd,cold,9,407,4.8977,0.006124
opt-gd,cold,9,409,4.9194,0.006124
opt-gd,cold,9,509,6.0455,0.006051
opt-gd,cold,9,510,6.0567,0.006051
opt-gd,cold,9,511,6.0683,0.006051
opt-gd,cold,9,512,6.0793,0.006051
opt-gd,cold,9,513,6.0906,0.006051
opt-gd,cold,9,534,6.4237,0.006051
opt-gd,cold,9,536,6.4462,0.006051
opt-gd,cold,9,636,7.6750,0.005975
opt-gd,cold,9,637,7.7001,0.005975
opt-gd,cold,9,638,7.7244,0.005975
opt-gd,cold,9,639,7.7483,0.005975
opt-gd,cold,9,640,7.7725,0.005975
opt-gd,cold,9,661,8.0276,0.005975
opt-gd,cold,9,670,8.1414,0.005975
opt-gd,cold,9,705,8.6151,0.005975
opt-gd,cold,9,763,9.4816,0.005934
opt-gd,cold,9,764,9.4936,0.005934
opt-gd,cold,9,765,9.5049,0.005934
opt-gd,cold,9,766,9.5169,0.005934
opt-gd,cold,9,767,9.5290,0.005934
opt-gd,cold,9,788,9.7930,0.005934
opt-gd,cold,9,797,9.9018,0.005934
opt-gd,cold,9,832,10.3387,0.005934
opt-gd,cold,9,890,11.0772,0.005927
opt-gd,cold,9,891,11.1066,0.005927
opt-gd,cold,9,892,11.1322,0.005927
opt-gd,cold,9,893,11.1664,0.005927
opt-gd,cold,9,894,11.1910,0.005927
opt-gd,cold,9,915,11.4550,0.005927
opt-gd,cold,9,918,11.4936,0.005927
opt-gd,cold,9,960,12.0063,0.005927
opt-gd,cold,9,1017,12.7074,0.005856
opt-gd,cold,9,1018,12.7204,0.005856
opt-gd,cold,9,1019,12.7333,0.005856
opt-gd,cold,9,1020,12.7460,0.005856
opt-gd,cold,9,1021,12.7586,0.005856
opt-gd,cold,9,1042,13.0204,0.005856
opt-gd,cold,9,1045,13.0558,0.005856
opt-gd,cold,9,1047,13.0794,0.005856
opt-gd,cold,9,1144,14.4175,0.005838
opt-gd,cold,9,1145,14.4314,0.005838
opt-gd,cold,9,1146,14.4440,0.005838
opt-gd,cold,9,1147,14.4562,0.005838
opt-gd,cold,9,1148,14.4687,0.005838
opt-gd,cold,9,1169,14.7438,0.005838
opt-gd,cold,9,1172,14.7824,0.005838
opt-gd,cold,9,1174,14.8088,0.005838
opt-gd,cold,9,1214,15.3079,0.005838
opt-gd,cold,9,1271,16.0312,0.005809
opt-gd,cold,9,1272,16.0458,0.005809
opt-gd,cold,9,1273,16.0606,0.005809
opt-gd,cold,9,1274,16.0747,0.005809
opt-gd,cold,9,1275,16.0888,0.005809
opt-gd,cold,9,1296,16.3841,0.005809
opt-gd,cold,9,1299,16.4235,0.005809
opt-gd,cold,9,1301,16.4474,0.005809
opt-gd,cold,9,1341,16.9791,0.005809
opt-gd,cold,9,1398,17.7162,0.005756
opt-gd,cold,9,1399,17.7407,0.005756
opt-gd,cold,9,1400,17.7647,0.005756
opt-gd,cold,9,1401,17.7885,0.005756
opt-gd,cold,9,1402,17.8121,0.005756
opt-gd,cold,9,1423,18.0735,0.005756
opt-gd,cold,9,1427,18.1205,0.005756
opt-gd,cold,9,1428,18.1325,0.005756
opt-gd,cold,9,1468,18.6280,0.005756
opt-gd,cold,9,1525,19.3402,0.005736
opt-gd,cold,9,1526,19.3646,0.005736
opt-gd,cold,9,1527,19.3890,0.005736
opt-gd,cold,9,1528,19.4134,0.005736
opt-gd,cold,9,1529,19.4400,0.005736
opt-gd,cold,9,1550,19.7099,0.005736
opt-gd,cold,9,1554,19.7587,0.005736
opt-gd,cold,9,1652,21.1089,0.005723
opt-gd,cold,9,1653,21.1212,0.005723
opt-gd,cold,9,1654,21.1331,0.005723
opt-gd,cold,9,1655,21.1452,0.005723
opt-gd,cold,9,1656,21.1575,0.005723
opt-gd,cold,9,1677,21.4216,0.005723
opt-gd,cold,9,1681,21.4703,0.005723
opt-gd,cold,9,1774,22.6043,0.005723
opt-gd,cold,9,1779,22.6808,0.005667
opt-gd,cold,9,1780,22.7109,0.005667
opt-gd,cold,9,1781,22.7353,0.005667
opt-gd,cold,9,1782,22.7598,0.005667
opt-gd,cold,9,1783,22.7883,0.005667
opt-gd,cold,9,1804,23.0415,0.005667
opt-gd,cold,9,1805,23.0539,0.005667
opt-gd,cold,9,1806,23.0659,0.005667
opt-gd,cold,9,1906,24.2802,0.005629
opt-gd,cold,9,1907,24.3043,0.005629
opt-gd,cold,9,1908,24.4765,0.005629
opt-gd,cold,9,1909,24.4900,0.005629
opt-gd,cold,9,1910,24.5030,0.005629
opt-gd,cold,9,1931,24.7655,0.005629
opt-gd,cold,9,1932,24.7780,0.005629
opt-gd,cold,9,1933,24.7906,0.005629
