Norm/conorm matrix -- De Morgan diagonal
  families: ['min/max', 'probability', 'luk', 'hamacher', 'einstein']
  seeds:    [0, 1, 2, 3, 4]

Features Ranked by Differentiation Strength:
================================================================================
 1. Age                            - Score: 1.0000
 2. Cement                         - Score: 0.9306
 3. Water                          - Score: 0.6608
 4. FineAgg                        - Score: 0.5154
 5. CoarseAgg                      - Score: 0.4978
 6. Superplasticizer               - Score: 0.4839
 7. Slag                           - Score: 0.1348
 8. FlyAsh                         - Score: 0.1057
================================================================================
  Automatically selected 4 Gaussians for Age (label 2)
  Automatically selected 4 Gaussians for Age (label 1)
  Automatically selected 4 Gaussians for Age (label 0)
  Automatically selected 2 Gaussians for Cement (label 2)
  Automatically selected 2 Gaussians for Cement (label 1)
  Automatically selected 3 Gaussians for Cement (label 0)
  Automatically selected 3 Gaussians for Water (label 2)
  Automatically selected 3 Gaussians for Water (label 1)
  Automatically selected 3 Gaussians for Water (label 0)
  Automatically selected 3 Gaussians for FineAgg (label 2)
  Automatically selected 3 Gaussians for FineAgg (label 1)
  Automatically selected 1 Gaussians for FineAgg (label 0)
  Automatically selected 4 Gaussians for CoarseAgg (label 2)
  Automatically selected 3 Gaussians for CoarseAgg (label 1)
  Automatically selected 3 Gaussians for CoarseAgg (label 0)
  Automatically selected 3 Gaussians for Superplasticizer (label 2)
  Automatically selected 4 Gaussians for Superplasticizer (label 1)
  Automatically selected 2 Gaussians for Superplasticizer (label 0)
  Automatically selected 4 Gaussians for Slag (label 2)
  Automatically selected 2 Gaussians for Slag (label 1)
  Automatically selected 2 Gaussians for Slag (label 0)
  Automatically selected 3 Gaussians for FlyAsh (label 2)
  Automatically selected 2 Gaussians for FlyAsh (label 1)
  Automatically selected 2 Gaussians for FlyAsh (label 0)

Features Ranked by Differentiation Strength:
================================================================================
 1. Age                            - Score: 1.0000
 2. Cement                         - Score: 0.9306
 3. Water                          - Score: 0.6608
 4. FineAgg                        - Score: 0.5154
 5. CoarseAgg                      - Score: 0.4978
 6. Superplasticizer               - Score: 0.4839
 7. Slag                           - Score: 0.1348
 8. FlyAsh                         - Score: 0.1057
================================================================================

Features Ranked by Differentiation Strength:
================================================================================
 1. Age                            - Score: 1.0000
 2. Cement                         - Score: 0.9306
 3. Water                          - Score: 0.6608
 4. FineAgg                        - Score: 0.5154
 5. CoarseAgg                      - Score: 0.4978
 6. Superplasticizer               - Score: 0.4839
 7. Slag                           - Score: 0.1348
 8. FlyAsh                         - Score: 0.1057
================================================================================

Features Ranked by Differentiation Strength:
================================================================================
 1. Age                            - Score: 1.0000
 2. CoarseAgg                      - Score: 0.6368
 3. FineAgg                        - Score: 0.6326
 4. Cement                         - Score: 0.5066
 5. Superplasticizer               - Score: 0.4316
 6. Water                          - Score: 0.4034
 7. Slag                           - Score: 0.3237
 8. FlyAsh                         - Score: 0.1077
================================================================================
  Automatically selected 4 Gaussians for Age (label 0)
  Automatically selected 4 Gaussians for Age (label 1)
  Automatically selected 4 Gaussians for Age (label 2)
  Automatically selected 1 Gaussians for CoarseAgg (label 0)
  Automatically selected 1 Gaussians for CoarseAgg (label 1)
  Automatically selected 4 Gaussians for CoarseAgg (label 2)
  Automatically selected 1 Gaussians for FineAgg (label 0)
  Automatically selected 1 Gaussians for FineAgg (label 1)
  Automatically selected 3 Gaussians for FineAgg (label 2)
  Automatically selected 2 Gaussians for Cement (label 0)
  Automatically selected 2 Gaussians for Cement (label 1)
  Automatically selected 3 Gaussians for Cement (label 2)
  Automatically selected 2 Gaussians for Superplasticizer (label 0)
  Automatically selected 2 Gaussians for Superplasticizer (label 1)
  Automatically selected 3 Gaussians for Superplasticizer (label 2)
  Automatically selected 4 Gaussians for Water (label 0)
  Automatically selected 1 Gaussians for Water (label 1)
  Automatically selected 1 Gaussians for Water (label 2)
  Automatically selected 2 Gaussians for Slag (label 0)
  Automatically selected 2 Gaussians for Slag (label 1)
  Automatically selected 3 Gaussians for Slag (label 2)
  Automatically selected 2 Gaussians for FlyAsh (label 0)
  Automatically selected 3 Gaussians for FlyAsh (label 1)
  Automatically selected 2 Gaussians for FlyAsh (label 2)

Features Ranked by Differentiation Strength:
================================================================================
 1. Age                            - Score: 1.0000
 2. Cement                         - Score: 0.4461
 3. Water                          - Score: 0.3698
 4. CoarseAgg                      - Score: 0.3265
 5. FineAgg                        - Score: 0.3010
 6. Superplasticizer               - Score: 0.1654
 7. Slag                           - Score: 0.0898
 8. FlyAsh                         - Score: 0.0574
================================================================================
  Automatically selected 4 Gaussians for Age (label 0)
  Automatically selected 3 Gaussians for Age (label 1)
  Automatically selected 4 Gaussians for Age (label 2)
  Automatically selected 3 Gaussians for Cement (label 0)
  Automatically selected 2 Gaussians for Cement (label 1)
  Automatically selected 2 Gaussians for Cement (label 2)
  Automatically selected 2 Gaussians for Water (label 0)
  Automatically selected 3 Gaussians for Water (label 1)
  Automatically selected 3 Gaussians for Water (label 2)
  Automatically selected 1 Gaussians for CoarseAgg (label 0)
  Automatically selected 3 Gaussians for CoarseAgg (label 1)
  Automatically selected 1 Gaussians for CoarseAgg (label 2)
  Automatically selected 4 Gaussians for FineAgg (label 0)
  Automatically selected 1 Gaussians for FineAgg (label 1)
  Automatically selected 3 Gaussians for FineAgg (label 2)
  Automatically selected 2 Gaussians for Superplasticizer (label 0)
  Automatically selected 2 Gaussians for Superplasticizer (label 1)
  Automatically selected 2 Gaussians for Superplasticizer (label 2)
  Automatically selected 2 Gaussians for Slag (label 0)
  Automatically selected 2 Gaussians for Slag (label 1)
  Automatically selected 2 Gaussians for Slag (label 2)
  Automatically selected 2 Gaussians for FlyAsh (label 0)
  Automatically selected 2 Gaussians for FlyAsh (label 1)
  Automatically selected 4 Gaussians for FlyAsh (label 2)

Features Ranked by Differentiation Strength:
================================================================================
 1. Cement                         - Score: 1.0000
 2. Water                          - Score: 0.8962
 3. CoarseAgg                      - Score: 0.8787
 4. Age                            - Score: 0.8353
 5. Superplasticizer               - Score: 0.8254
 6. FineAgg                        - Score: 0.6271
 7. Slag                           - Score: 0.3809
 8. FlyAsh                         - Score: 0.1025
================================================================================
  Automatically selected 2 Gaussians for Cement (label 2)
  Automatically selected 1 Gaussians for Cement (label 1)
  Automatically selected 2 Gaussians for Cement (label 0)
  Automatically selected 1 Gaussians for Water (label 2)
  Automatically selected 1 Gaussians for Water (label 1)
  Automatically selected 2 Gaussians for Water (label 0)
  Automatically selected 4 Gaussians for CoarseAgg (label 2)
  Automatically selected 3 Gaussians for CoarseAgg (label 1)
  Automatically selected 4 Gaussians for CoarseAgg (label 0)
  Automatically selected 4 Gaussians for Age (label 2)
  Automatically selected 4 Gaussians for Age (label 1)
  Automatically selected 4 Gaussians for Age (label 0)
  Automatically selected 3 Gaussians for Superplasticizer (label 2)
  Automatically selected 3 Gaussians for Superplasticizer (label 1)
  Automatically selected 3 Gaussians for Superplasticizer (label 0)
  Automatically selected 1 Gaussians for FineAgg (label 2)
  Automatically selected 3 Gaussians for FineAgg (label 1)
  Automatically selected 1 Gaussians for FineAgg (label 0)
  Automatically selected 4 Gaussians for Slag (label 2)
  Automatically selected 2 Gaussians for Slag (label 1)
  Automatically selected 2 Gaussians for Slag (label 0)
  Automatically selected 2 Gaussians for FlyAsh (label 2)
  Automatically selected 2 Gaussians for FlyAsh (label 1)
  Automatically selected 3 Gaussians for FlyAsh (label 0)

Features Ranked by Differentiation Strength:
================================================================================
 1. Water                          - Score: 1.0000
 2. Age                            - Score: 0.9976
 3. Cement                         - Score: 0.9334
 4. Superplasticizer               - Score: 0.7571
 5. CoarseAgg                      - Score: 0.6287
 6. FineAgg                        - Score: 0.5829
 7. Slag                           - Score: 0.4284
 8. FlyAsh                         - Score: 0.1707
================================================================================
  Automatically selected 3 Gaussians for Water (label 1)
  Automatically selected 3 Gaussians for Water (label 0)
  Automatically selected 3 Gaussians for Water (label 2)
  Automatically selected 4 Gaussians for Age (label 1)
  Automatically selected 4 Gaussians for Age (label 0)
  Automatically selected 4 Gaussians for Age (label 2)
  Automatically selected 1 Gaussians for Cement (label 1)
  Automatically selected 3 Gaussians for Cement (label 0)
  Automatically selected 1 Gaussians for Cement (label 2)
  Automatically selected 3 Gaussians for Superplasticizer (label 1)
  Automatically selected 3 Gaussians for Superplasticizer (label 0)
  Automatically selected 3 Gaussians for Superplasticizer (label 2)
  Automatically selected 1 Gaussians for CoarseAgg (label 1)
  Automatically selected 3 Gaussians for CoarseAgg (label 0)
  Automatically selected 4 Gaussians for CoarseAgg (label 2)
  Automatically selected 2 Gaussians for FineAgg (label 1)
  Automatically selected 3 Gaussians for FineAgg (label 0)
  Automatically selected 3 Gaussians for FineAgg (label 2)
  Automatically selected 2 Gaussians for Slag (label 1)
  Automatically selected 2 Gaussians for Slag (label 0)
  Automatically selected 2 Gaussians for Slag (label 2)
  Automatically selected 2 Gaussians for FlyAsh (label 1)
  Automatically selected 3 Gaussians for FlyAsh (label 0)
  Automatically selected 3 Gaussians for FlyAsh (label 2)

Features Ranked by Differentiation Strength:
================================================================================
 1. Age                            - Score: 1.0000
 2. Cement                         - Score: 0.8865
 3. Water                          - Score: 0.6582
 4. CoarseAgg                      - Score: 0.5128
 5. FineAgg                        - Score: 0.4726
 6. Superplasticizer               - Score: 0.4546
 7. Slag                           - Score: 0.1093
 8. FlyAsh                         - Score: 0.0868
================================================================================
  Automatically selected 4 Gaussians for Age (label 0)
  Automatically selected 4 Gaussians for Age (label 1)
  Automatically selected 4 Gaussians for Age (label 2)
  Automatically selected 2 Gaussians for Cement (label 0)
  Automatically selected 3 Gaussians for Cement (label 1)
  Automatically selected 1 Gaussians for Cement (label 2)
  Automatically selected 4 Gaussians for Water (label 0)
  Automatically selected 3 Gaussians for Water (label 1)
  Automatically selected 3 Gaussians for Water (label 2)
  Automatically selected 2 Gaussians for CoarseAgg (label 0)
  Automatically selected 4 Gaussians for CoarseAgg (label 1)
  Automatically selected 4 Gaussians for CoarseAgg (label 2)
  Automatically selected 1 Gaussians for FineAgg (label 0)
  Automatically selected 4 Gaussians for FineAgg (label 1)
  Automatically selected 3 Gaussians for FineAgg (label 2)
  Automatically selected 2 Gaussians for Superplasticizer (label 0)
  Automatically selected 3 Gaussians for Superplasticizer (label 1)
  Automatically selected 3 Gaussians for Superplasticizer (label 2)
  Automatically selected 2 Gaussians for Slag (label 0)
  Automatically selected 2 Gaussians for Slag (label 1)
  Automatically selected 2 Gaussians for Slag (label 2)
  Automatically selected 2 Gaussians for FlyAsh (label 0)
  Automatically selected 3 Gaussians for FlyAsh (label 1)
  Automatically selected 2 Gaussians for FlyAsh (label 2)

Features Ranked by Differentiation Strength:
================================================================================
 1. Age                            - Score: 1.0000
 2. Cement                         - Score: 0.8865
 3. Water                          - Score: 0.6582
 4. CoarseAgg                      - Score: 0.5128
 5. FineAgg                        - Score: 0.4726
 6. Superplasticizer               - Score: 0.4546
 7. Slag                           - Score: 0.1093
 8. FlyAsh                         - Score: 0.0868
================================================================================

Features Ranked by Differentiation Strength:
================================================================================
 1. Age                            - Score: 1.0000
 2. Cement                         - Score: 0.8865
 3. Water                          - Score: 0.6582
 4. CoarseAgg                      - Score: 0.5128
 5. FineAgg                        - Score: 0.4726
 6. Superplasticizer               - Score: 0.4546
 7. Slag                           - Score: 0.1093
 8. FlyAsh                         - Score: 0.0868
================================================================================

Features Ranked by Differentiation Strength:
================================================================================
 1. Age                            - Score: 1.0000
 2. CoarseAgg                      - Score: 0.5334
 3. FineAgg                        - Score: 0.4614
 4. Cement                         - Score: 0.4212
 5. Superplasticizer               - Score: 0.3758
 6. Water                          - Score: 0.3539
 7. Slag                           - Score: 0.2256
 8. FlyAsh                         - Score: 0.0856
================================================================================
  Automatically selected 4 Gaussians for Age (label 1)
  Automatically selected 3 Gaussians for Age (label 2)
  Automatically selected 4 Gaussians for Age (label 0)
  Automatically selected 1 Gaussians for CoarseAgg (label 1)
  Automatically selected 3 Gaussians for CoarseAgg (label 2)
  Automatically selected 1 Gaussians for CoarseAgg (label 0)
  Automatically selected 1 Gaussians for FineAgg (label 1)
  Automatically selected 3 Gaussians for FineAgg (label 2)
  Automatically selected 4 Gaussians for FineAgg (label 0)
  Automatically selected 2 Gaussians for Cement (label 1)
  Automatically selected 3 Gaussians for Cement (label 2)
  Automatically selected 1 Gaussians for Cement (label 0)
  Automatically selected 2 Gaussians for Superplasticizer (label 1)
  Automatically selected 2 Gaussians for Superplasticizer (label 2)
  Automatically selected 2 Gaussians for Superplasticizer (label 0)
  Automatically selected 2 Gaussians for Water (label 1)
  Automatically selected 1 Gaussians for Water (label 2)
  Automatically selected 4 Gaussians for Water (label 0)
  Automatically selected 2 Gaussians for Slag (label 1)
  Automatically selected 2 Gaussians for Slag (label 2)
  Automatically selected 2 Gaussians for Slag (label 0)
  Automatically selected 2 Gaussians for FlyAsh (label 1)
  Automatically selected 2 Gaussians for FlyAsh (label 2)
  Automatically selected 2 Gaussians for FlyAsh (label 0)

Features Ranked by Differentiation Strength:
================================================================================
 1. Age                            - Score: 1.0000
 2. Cement                         - Score: 0.4402
 3. CoarseAgg                      - Score: 0.2985
 4. Water                          - Score: 0.2924
 5. FineAgg                        - Score: 0.2415
 6. Superplasticizer               - Score: 0.1488
 7. Slag                           - Score: 0.0615
 8. FlyAsh                         - Score: 0.0518
================================================================================
  Automatically selected 4 Gaussians for Age (label 1)
  Automatically selected 4 Gaussians for Age (label 0)
  Automatically selected 4 Gaussians for Age (label 2)
  Automatically selected 2 Gaussians for Cement (label 1)
  Automatically selected 2 Gaussians for Cement (label 0)
  Automatically selected 4 Gaussians for Cement (label 2)
  Automatically selected 3 Gaussians for CoarseAgg (label 1)
  Automatically selected 1 Gaussians for CoarseAgg (label 0)
  Automatically selected 3 Gaussians for CoarseAgg (label 2)
  Automatically selected 3 Gaussians for Water (label 1)
  Automatically selected 4 Gaussians for Water (label 0)
  Automatically selected 4 Gaussians for Water (label 2)
  Automatically selected 1 Gaussians for FineAgg (label 1)
  Automatically selected 1 Gaussians for FineAgg (label 0)
  Automatically selected 4 Gaussians for FineAgg (label 2)
  Automatically selected 2 Gaussians for Superplasticizer (label 1)
  Automatically selected 2 Gaussians for Superplasticizer (label 0)
  Automatically selected 2 Gaussians for Superplasticizer (label 2)
  Automatically selected 2 Gaussians for Slag (label 1)
  Automatically selected 2 Gaussians for Slag (label 0)
  Automatically selected 2 Gaussians for Slag (label 2)
  Automatically selected 2 Gaussians for FlyAsh (label 1)
  Automatically selected 2 Gaussians for FlyAsh (label 0)
  Automatically selected 4 Gaussians for FlyAsh (label 2)

Features Ranked by Differentiation Strength:
================================================================================
 1. Age                            - Score: 1.0000
 2. Water                          - Score: 0.5417
 3. Superplasticizer               - Score: 0.5286
 4. CoarseAgg                      - Score: 0.5203
 5. Cement                         - Score: 0.5117
 6. FineAgg                        - Score: 0.3654
 7. Slag                           - Score: 0.2500
 8. FlyAsh                         - Score: 0.0366
================================================================================
  Automatically selected 4 Gaussians for Age (label 1)
  Automatically selected 4 Gaussians for Age (label 0)
  Automatically selected 4 Gaussians for Age (label 2)
  Automatically selected 3 Gaussians for Water (label 1)
  Automatically selected 4 Gaussians for Water (label 0)
  Automatically selected 3 Gaussians for Water (label 2)
  Automatically selected 4 Gaussians for Superplasticizer (label 1)
  Automatically selected 4 Gaussians for Superplasticizer (label 0)
  Automatically selected 3 Gaussians for Superplasticizer (label 2)
  Automatically selected 4 Gaussians for CoarseAgg (label 1)
  Automatically selected 2 Gaussians for CoarseAgg (label 0)
  Automatically selected 3 Gaussians for CoarseAgg (label 2)
  Automatically selected 3 Gaussians for Cement (label 1)
  Automatically selected 4 Gaussians for Cement (label 0)
  Automatically selected 4 Gaussians for Cement (label 2)
  Automatically selected 1 Gaussians for FineAgg (label 1)
  Automatically selected 1 Gaussians for FineAgg (label 0)
  Automatically selected 4 Gaussians for FineAgg (label 2)
  Automatically selected 2 Gaussians for Slag (label 1)
  Automatically selected 2 Gaussians for Slag (label 0)
  Automatically selected 4 Gaussians for Slag (label 2)

Features Ranked by Differentiation Strength:
================================================================================
 1. Water                          - Score: 1.0000
 2. Cement                         - Score: 0.8257
 3. Superplasticizer               - Score: 0.7060
 4. Age                            - Score: 0.6730
 5. CoarseAgg                      - Score: 0.6258
 6. FineAgg                        - Score: 0.5704
 7. Slag                           - Score: 0.5159
 8. FlyAsh                         - Score: 0.1348
================================================================================
  Automatically selected 4 Gaussians for Water (label 0)
  Automatically selected 4 Gaussians for Water (label 2)
  Automatically selected 3 Gaussians for Water (label 1)
  Automatically selected 4 Gaussians for Cement (label 0)
  Automatically selected 2 Gaussians for Cement (label 2)
  Automatically selected 2 Gaussians for Cement (label 1)
  Automatically selected 3 Gaussians for Superplasticizer (label 0)
  Automatically selected 3 Gaussians for Superplasticizer (label 2)
  Automatically selected 3 Gaussians for Superplasticizer (label 1)
  Automatically selected 4 Gaussians for Age (label 0)
  Automatically selected 4 Gaussians for Age (label 2)
  Automatically selected 4 Gaussians for Age (label 1)
  Automatically selected 3 Gaussians for CoarseAgg (label 0)
  Automatically selected 4 Gaussians for CoarseAgg (label 2)
  Automatically selected 4 Gaussians for CoarseAgg (label 1)
  Automatically selected 1 Gaussians for FineAgg (label 0)
  Automatically selected 4 Gaussians for FineAgg (label 2)
  Automatically selected 2 Gaussians for FineAgg (label 1)
  Automatically selected 4 Gaussians for Slag (label 0)
  Automatically selected 4 Gaussians for Slag (label 2)
  Automatically selected 3 Gaussians for Slag (label 1)
  Automatically selected 4 Gaussians for FlyAsh (label 0)
  Automatically selected 2 Gaussians for FlyAsh (label 2)
  Automatically selected 2 Gaussians for FlyAsh (label 1)

Features Ranked by Differentiation Strength:
================================================================================
 1. Age                            - Score: 1.0000
 2. Cement                         - Score: 0.9682
 3. Water                          - Score: 0.6490
 4. FineAgg                        - Score: 0.5475
 5. CoarseAgg                      - Score: 0.4744
 6. Superplasticizer               - Score: 0.4313
 7. FlyAsh                         - Score: 0.0989
 8. Slag                           - Score: 0.0816
================================================================================
  Automatically selected 3 Gaussians for Age (label 2)
  Automatically selected 4 Gaussians for Age (label 1)
  Automatically selected 3 Gaussians for Age (label 0)
  Automatically selected 4 Gaussians for Cement (label 2)
  Automatically selected 2 Gaussians for Cement (label 1)
  Automatically selected 2 Gaussians for Cement (label 0)
  Automatically selected 3 Gaussians for Water (label 2)
  Automatically selected 3 Gaussians for Water (label 1)
  Automatically selected 4 Gaussians for Water (label 0)
  Automatically selected 4 Gaussians for FineAgg (label 2)
  Automatically selected 4 Gaussians for FineAgg (label 1)
  Automatically selected 1 Gaussians for FineAgg (label 0)
  Automatically selected 4 Gaussians for CoarseAgg (label 2)
  Automatically selected 3 Gaussians for CoarseAgg (label 1)
  Automatically selected 3 Gaussians for CoarseAgg (label 0)
  Automatically selected 3 Gaussians for Superplasticizer (label 2)
  Automatically selected 4 Gaussians for Superplasticizer (label 1)
  Automatically selected 2 Gaussians for Superplasticizer (label 0)
  Automatically selected 2 Gaussians for FlyAsh (label 2)
  Automatically selected 2 Gaussians for FlyAsh (label 1)
  Automatically selected 4 Gaussians for FlyAsh (label 0)
  Automatically selected 4 Gaussians for Slag (label 2)
  Automatically selected 2 Gaussians for Slag (label 1)
  Automatically selected 2 Gaussians for Slag (label 0)

Features Ranked by Differentiation Strength:
================================================================================
 1. Age                            - Score: 1.0000
 2. Cement                         - Score: 0.9682
 3. Water                          - Score: 0.6490
 4. FineAgg                        - Score: 0.5475
 5. CoarseAgg                      - Score: 0.4744
 6. Superplasticizer               - Score: 0.4313
 7. FlyAsh                         - Score: 0.0989
 8. Slag                           - Score: 0.0816
================================================================================

Features Ranked by Differentiation Strength:
================================================================================
 1. Age                            - Score: 1.0000
 2. Cement                         - Score: 0.9682
 3. Water                          - Score: 0.6490
 4. FineAgg                        - Score: 0.5475
 5. CoarseAgg                      - Score: 0.4744
 6. Superplasticizer               - Score: 0.4313
 7. FlyAsh                         - Score: 0.0989
 8. Slag                           - Score: 0.0816
================================================================================

Features Ranked by Differentiation Strength:
================================================================================
 1. Age                            - Score: 1.0000
 2. CoarseAgg                      - Score: 0.5797
 3. Cement                         - Score: 0.5760
 4. FineAgg                        - Score: 0.5751
 5. Superplasticizer               - Score: 0.3950
 6. Water                          - Score: 0.3701
 7. Slag                           - Score: 0.2306
 8. FlyAsh                         - Score: 0.0909
================================================================================
  Automatically selected 4 Gaussians for Age (label 2)
  Automatically selected 4 Gaussians for Age (label 1)
  Automatically selected 4 Gaussians for Age (label 0)
  Automatically selected 1 Gaussians for CoarseAgg (label 2)
  Automatically selected 4 Gaussians for CoarseAgg (label 1)
  Automatically selected 1 Gaussians for CoarseAgg (label 0)
  Automatically selected 3 Gaussians for Cement (label 2)
  Automatically selected 3 Gaussians for Cement (label 1)
  Automatically selected 3 Gaussians for Cement (label 0)
  Automatically selected 3 Gaussians for FineAgg (label 2)
  Automatically selected 1 Gaussians for FineAgg (label 1)
  Automatically selected 1 Gaussians for FineAgg (label 0)
  Automatically selected 2 Gaussians for Superplasticizer (label 2)
  Automatically selected 2 Gaussians for Superplasticizer (label 1)
  Automatically selected 2 Gaussians for Superplasticizer (label 0)
  Automatically selected 1 Gaussians for Water (label 2)
  Automatically selected 1 Gaussians for Water (label 1)
  Automatically selected 4 Gaussians for Water (label 0)
  Automatically selected 2 Gaussians for Slag (label 2)
  Automatically selected 2 Gaussians for Slag (label 1)
  Automatically selected 2 Gaussians for Slag (label 0)
  Automatically selected 3 Gaussians for FlyAsh (label 2)
  Automatically selected 3 Gaussians for FlyAsh (label 1)
  Automatically selected 2 Gaussians for FlyAsh (label 0)

Features Ranked by Differentiation Strength:
================================================================================
 1. Age                            - Score: 1.0000
 2. Cement                         - Score: 0.4479
 3. Water                          - Score: 0.2874
 4. FineAgg                        - Score: 0.2772
 5. CoarseAgg                      - Score: 0.2557
 6. Superplasticizer               - Score: 0.1117
 7. Slag                           - Score: 0.0563
 8. FlyAsh                         - Score: 0.0398
================================================================================
  Automatically selected 4 Gaussians for Age (label 2)
  Automatically selected 4 Gaussians for Age (label 1)
  Automatically selected 4 Gaussians for Age (label 0)
  Automatically selected 2 Gaussians for Cement (label 2)
  Automatically selected 2 Gaussians for Cement (label 1)
  Automatically selected 2 Gaussians for Cement (label 0)
  Automatically selected 3 Gaussians for Water (label 2)
  Automatically selected 1 Gaussians for Water (label 1)
  Automatically selected 2 Gaussians for Water (label 0)
  Automatically selected 3 Gaussians for FineAgg (label 2)
  Automatically selected 1 Gaussians for FineAgg (label 1)
  Automatically selected 1 Gaussians for FineAgg (label 0)
  Automatically selected 4 Gaussians for CoarseAgg (label 2)
  Automatically selected 3 Gaussians for CoarseAgg (label 1)
  Automatically selected 1 Gaussians for CoarseAgg (label 0)
  Automatically selected 2 Gaussians for Superplasticizer (label 2)
  Automatically selected 2 Gaussians for Superplasticizer (label 1)
  Automatically selected 2 Gaussians for Superplasticizer (label 0)
  Automatically selected 2 Gaussians for Slag (label 2)
  Automatically selected 2 Gaussians for Slag (label 1)
  Automatically selected 2 Gaussians for Slag (label 0)

Features Ranked by Differentiation Strength:
================================================================================
 1. Age                            - Score: 1.0000
 2. Water                          - Score: 0.5701
 3. CoarseAgg                      - Score: 0.5319
 4. Superplasticizer               - Score: 0.4484
 5. Cement                         - Score: 0.4408
 6. FineAgg                        - Score: 0.4337
 7. Slag                           - Score: 0.2264
 8. FlyAsh                         - Score: 0.0666
================================================================================
  Automatically selected 3 Gaussians for Age (label 1)
  Automatically selected 4 Gaussians for Age (label 0)
  Automatically selected 4 Gaussians for Age (label 2)
  Automatically selected 3 Gaussians for Water (label 1)
  Automatically selected 4 Gaussians for Water (label 0)
  Automatically selected 3 Gaussians for Water (label 2)
  Automatically selected 1 Gaussians for CoarseAgg (label 1)
  Automatically selected 2 Gaussians for CoarseAgg (label 0)
  Automatically selected 3 Gaussians for CoarseAgg (label 2)
  Automatically selected 3 Gaussians for Superplasticizer (label 1)
  Automatically selected 2 Gaussians for Superplasticizer (label 0)
  Automatically selected 3 Gaussians for Superplasticizer (label 2)
  Automatically selected 2 Gaussians for Cement (label 1)
  Automatically selected 2 Gaussians for Cement (label 0)
  Automatically selected 4 Gaussians for Cement (label 2)
  Automatically selected 3 Gaussians for FineAgg (label 1)
  Automatically selected 1 Gaussians for FineAgg (label 0)
  Automatically selected 4 Gaussians for FineAgg (label 2)
  Automatically selected 2 Gaussians for Slag (label 1)
  Automatically selected 2 Gaussians for Slag (label 0)
  Automatically selected 4 Gaussians for Slag (label 2)
  Automatically selected 4 Gaussians for FlyAsh (label 1)
  Automatically selected 2 Gaussians for FlyAsh (label 0)
  Automatically selected 2 Gaussians for FlyAsh (label 2)

Features Ranked by Differentiation Strength:
================================================================================
 1. Water                          - Score: 1.0000
 2. Cement                         - Score: 0.9168
 3. Age                            - Score: 0.8743
 4. Superplasticizer               - Score: 0.6827
 5. FineAgg                        - Score: 0.6036
 6. CoarseAgg                      - Score: 0.5142
 7. Slag                           - Score: 0.4705
 8. FlyAsh                         - Score: 0.2326
================================================================================
  Automatically selected 4 Gaussians for Water (label 2)
  Automatically selected 3 Gaussians for Water (label 1)
  Automatically selected 4 Gaussians for Water (label 0)
  Automatically selected 2 Gaussians for Cement (label 2)
  Automatically selected 2 Gaussians for Cement (label 1)
  Automatically selected 4 Gaussians for Cement (label 0)
  Automatically selected 4 Gaussians for Age (label 2)
  Automatically selected 4 Gaussians for Age (label 1)
  Automatically selected 4 Gaussians for Age (label 0)
  Automatically selected 3 Gaussians for Superplasticizer (label 2)
  Automatically selected 3 Gaussians for Superplasticizer (label 1)
  Automatically selected 2 Gaussians for Superplasticizer (label 0)
  Automatically selected 1 Gaussians for FineAgg (label 2)
  Automatically selected 2 Gaussians for FineAgg (label 1)
  Automatically selected 3 Gaussians for FineAgg (label 0)
  Automatically selected 4 Gaussians for CoarseAgg (label 2)
  Automatically selected 4 Gaussians for CoarseAgg (label 1)
  Automatically selected 4 Gaussians for CoarseAgg (label 0)
  Automatically selected 4 Gaussians for Slag (label 2)
  Automatically selected 2 Gaussians for Slag (label 1)
  Automatically selected 4 Gaussians for Slag (label 0)
  Automatically selected 2 Gaussians for FlyAsh (label 2)
  Automatically selected 2 Gaussians for FlyAsh (label 1)
  Automatically selected 4 Gaussians for FlyAsh (label 0)

Features Ranked by Differentiation Strength:
================================================================================
 1. Cement                         - Score: 1.0000
 2. Age                            - Score: 0.9641
 3. Water                          - Score: 0.6672
 4. FineAgg                        - Score: 0.5326
 5. CoarseAgg                      - Score: 0.5070
 6. Superplasticizer               - Score: 0.4563
 7. FlyAsh                         - Score: 0.1135
 8. Slag                           - Score: 0.0960
================================================================================
  Automatically selected 2 Gaussians for Cement (label 2)
  Automatically selected 2 Gaussians for Cement (label 1)
  Automatically selected 3 Gaussians for Cement (label 0)
  Automatically selected 4 Gaussians for Age (label 2)
  Automatically selected 4 Gaussians for Age (label 1)
  Automatically selected 4 Gaussians for Age (label 0)
  Automatically selected 3 Gaussians for Water (label 2)
  Automatically selected 3 Gaussians for Water (label 1)
  Automatically selected 4 Gaussians for Water (label 0)
  Automatically selected 4 Gaussians for FineAgg (label 2)
  Automatically selected 4 Gaussians for FineAgg (label 1)
  Automatically selected 1 Gaussians for FineAgg (label 0)
  Automatically selected 4 Gaussians for CoarseAgg (label 2)
  Automatically selected 3 Gaussians for CoarseAgg (label 1)
  Automatically selected 1 Gaussians for CoarseAgg (label 0)
  Automatically selected 3 Gaussians for Superplasticizer (label 2)
  Automatically selected 3 Gaussians for Superplasticizer (label 1)
  Automatically selected 2 Gaussians for Superplasticizer (label 0)
  Automatically selected 2 Gaussians for FlyAsh (label 2)
  Automatically selected 2 Gaussians for FlyAsh (label 1)
  Automatically selected 4 Gaussians for FlyAsh (label 0)
  Automatically selected 4 Gaussians for Slag (label 2)
  Automatically selected 2 Gaussians for Slag (label 1)
  Automatically selected 2 Gaussians for Slag (label 0)

Features Ranked by Differentiation Strength:
================================================================================
 1. Cement                         - Score: 1.0000
 2. Age                            - Score: 0.9641
 3. Water                          - Score: 0.6672
 4. FineAgg                        - Score: 0.5326
 5. CoarseAgg                      - Score: 0.5070
 6. Superplasticizer               - Score: 0.4563
 7. FlyAsh                         - Score: 0.1135
 8. Slag                           - Score: 0.0960
================================================================================

Features Ranked by Differentiation Strength:
================================================================================
 1. Cement                         - Score: 1.0000
 2. Age                            - Score: 0.9641
 3. Water                          - Score: 0.6672
 4. FineAgg                        - Score: 0.5326
 5. CoarseAgg                      - Score: 0.5070
 6. Superplasticizer               - Score: 0.4563
 7. FlyAsh                         - Score: 0.1135
 8. Slag                           - Score: 0.0960
================================================================================

Features Ranked by Differentiation Strength:
================================================================================
 1. Age                            - Score: 1.0000
 2. Cement                         - Score: 0.7017
 3. CoarseAgg                      - Score: 0.6576
 4. FineAgg                        - Score: 0.5873
 5. Superplasticizer               - Score: 0.5000
 6. Water                          - Score: 0.3997
 7. Slag                           - Score: 0.2072
 8. FlyAsh                         - Score: 0.1176
================================================================================
  Automatically selected 3 Gaussians for Age (label 2)
  Automatically selected 4 Gaussians for Age (label 0)
  Automatically selected 4 Gaussians for Age (label 1)
  Automatically selected 3 Gaussians for Cement (label 2)
  Automatically selected 2 Gaussians for Cement (label 0)
  Automatically selected 2 Gaussians for Cement (label 1)
  Automatically selected 2 Gaussians for CoarseAgg (label 2)
  Automatically selected 1 Gaussians for CoarseAgg (label 0)
  Automatically selected 1 Gaussians for CoarseAgg (label 1)
  Automatically selected 3 Gaussians for FineAgg (label 2)
  Automatically selected 1 Gaussians for FineAgg (label 0)
  Automatically selected 1 Gaussians for FineAgg (label 1)
  Automatically selected 4 Gaussians for Superplasticizer (label 2)
  Automatically selected 2 Gaussians for Superplasticizer (label 0)
  Automatically selected 2 Gaussians for Superplasticizer (label 1)
  Automatically selected 1 Gaussians for Water (label 2)
  Automatically selected 4 Gaussians for Water (label 0)
  Automatically selected 1 Gaussians for Water (label 1)
  Automatically selected 3 Gaussians for Slag (label 2)
  Automatically selected 2 Gaussians for Slag (label 0)
  Automatically selected 2 Gaussians for Slag (label 1)
  Automatically selected 2 Gaussians for FlyAsh (label 2)
  Automatically selected 2 Gaussians for FlyAsh (label 0)
  Automatically selected 2 Gaussians for FlyAsh (label 1)

Features Ranked by Differentiation Strength:
================================================================================
 1. Age                            - Score: 1.0000
 2. Cement                         - Score: 0.4925
 3. Water                          - Score: 0.3374
 4. CoarseAgg                      - Score: 0.3221
 5. FineAgg                        - Score: 0.2684
 6. Superplasticizer               - Score: 0.1278
 7. Slag                           - Score: 0.0664
 8. FlyAsh                         - Score: 0.0540
================================================================================
  Automatically selected 4 Gaussians for Age (label 2)
  Automatically selected 4 Gaussians for Age (label 1)
  Automatically selected 4 Gaussians for Age (label 0)
  Automatically selected 2 Gaussians for Cement (label 2)
  Automatically selected 2 Gaussians for Cement (label 1)
  Automatically selected 2 Gaussians for Cement (label 0)
  Automatically selected 3 Gaussians for Water (label 2)
  Automatically selected 1 Gaussians for Water (label 1)
  Automatically selected 2 Gaussians for Water (label 0)
  Automatically selected 1 Gaussians for CoarseAgg (label 2)
  Automatically selected 2 Gaussians for CoarseAgg (label 1)
  Automatically selected 1 Gaussians for CoarseAgg (label 0)
  Automatically selected 4 Gaussians for FineAgg (label 2)
  Automatically selected 1 Gaussians for FineAgg (label 1)
  Automatically selected 1 Gaussians for FineAgg (label 0)
  Automatically selected 2 Gaussians for Superplasticizer (label 2)
  Automatically selected 2 Gaussians for Superplasticizer (label 1)
  Automatically selected 2 Gaussians for Superplasticizer (label 0)
  Automatically selected 2 Gaussians for Slag (label 2)
  Automatically selected 2 Gaussians for Slag (label 1)
  Automatically selected 2 Gaussians for Slag (label 0)
  Automatically selected 2 Gaussians for FlyAsh (label 2)
  Automatically selected 2 Gaussians for FlyAsh (label 1)
  Automatically selected 2 Gaussians for FlyAsh (label 0)

Features Ranked by Differentiation Strength:
================================================================================
 1. Age                            - Score: 1.0000
 2. Water                          - Score: 0.8270
 3. Superplasticizer               - Score: 0.6651
 4. CoarseAgg                      - Score: 0.6584
 5. FineAgg                        - Score: 0.5148
 6. Cement                         - Score: 0.5146
 7. Slag                           - Score: 0.3792
 8. FlyAsh                         - Score: 0.0508
================================================================================
  Automatically selected 4 Gaussians for Age (label 2)
  Automatically selected 3 Gaussians for Age (label 1)
  Automatically selected 4 Gaussians for Age (label 0)
  Automatically selected 4 Gaussians for Water (label 2)
  Automatically selected 3 Gaussians for Water (label 1)
  Automatically selected 3 Gaussians for Water (label 0)
  Automatically selected 3 Gaussians for Superplasticizer (label 2)
  Automatically selected 4 Gaussians for Superplasticizer (label 1)
  Automatically selected 2 Gaussians for Superplasticizer (label 0)
  Automatically selected 3 Gaussians for CoarseAgg (label 2)
  Automatically selected 3 Gaussians for CoarseAgg (label 1)
  Automatically selected 2 Gaussians for CoarseAgg (label 0)
  Automatically selected 4 Gaussians for FineAgg (label 2)
  Automatically selected 4 Gaussians for FineAgg (label 1)
  Automatically selected 1 Gaussians for FineAgg (label 0)
  Automatically selected 3 Gaussians for Cement (label 2)
  Automatically selected 2 Gaussians for Cement (label 1)
  Automatically selected 3 Gaussians for Cement (label 0)
  Automatically selected 4 Gaussians for Slag (label 2)
  Automatically selected 2 Gaussians for Slag (label 1)
  Automatically selected 2 Gaussians for Slag (label 0)
  Automatically selected 2 Gaussians for FlyAsh (label 2)
  Automatically selected 3 Gaussians for FlyAsh (label 1)
  Automatically selected 2 Gaussians for FlyAsh (label 0)

Features Ranked by Differentiation Strength:
================================================================================
 1. Water                          - Score: 1.0000
 2. Cement                         - Score: 0.9010
 3. Age                            - Score: 0.7618
 4. Superplasticizer               - Score: 0.6634
 5. FineAgg                        - Score: 0.5650
 6. CoarseAgg                      - Score: 0.5119
 7. Slag                           - Score: 0.4678
 8. FlyAsh                         - Score: 0.1618
================================================================================
  Automatically selected 3 Gaussians for Water (label 1)
  Automatically selected 2 Gaussians for Water (label 0)
  Automatically selected 4 Gaussians for Water (label 2)
  Automatically selected 4 Gaussians for Cement (label 1)
  Automatically selected 4 Gaussians for Cement (label 0)
  Automatically selected 4 Gaussians for Cement (label 2)
  Automatically selected 4 Gaussians for Age (label 1)
  Automatically selected 4 Gaussians for Age (label 0)
  Automatically selected 4 Gaussians for Age (label 2)
  Automatically selected 3 Gaussians for Superplasticizer (label 1)
  Automatically selected 3 Gaussians for Superplasticizer (label 0)
  Automatically selected 3 Gaussians for Superplasticizer (label 2)
  Automatically selected 2 Gaussians for FineAgg (label 1)
  Automatically selected 1 Gaussians for FineAgg (label 0)
  Automatically selected 4 Gaussians for FineAgg (label 2)
  Automatically selected 4 Gaussians for CoarseAgg (label 1)
  Automatically selected 3 Gaussians for CoarseAgg (label 0)
  Automatically selected 4 Gaussians for CoarseAgg (label 2)
  Automatically selected 4 Gaussians for Slag (label 1)
  Automatically selected 4 Gaussians for Slag (label 0)
  Automatically selected 4 Gaussians for Slag (label 2)
  Automatically selected 2 Gaussians for FlyAsh (label 1)
  Automatically selected 2 Gaussians for FlyAsh (label 0)
  Automatically selected 2 Gaussians for FlyAsh (label 2)

Features Ranked by Differentiation Strength:
================================================================================
 1. Cement                         - Score: 1.0000
 2. Age                            - Score: 0.9291
 3. Water                          - Score: 0.6492
 4. FineAgg                        - Score: 0.5540
 5. CoarseAgg                      - Score: 0.5163
 6. Superplasticizer               - Score: 0.4924
 7. Slag                           - Score: 0.1341
 8. FlyAsh                         - Score: 0.1211
================================================================================
  Automatically selected 3 Gaussians for Cement (label 0)
  Automatically selected 2 Gaussians for Cement (label 1)
  Automatically selected 2 Gaussians for Cement (label 2)
  Automatically selected 4 Gaussians for Age (label 0)
  Automatically selected 4 Gaussians for Age (label 1)
  Automatically selected 4 Gaussians for Age (label 2)
  Automatically selected 3 Gaussians for Water (label 0)
  Automatically selected 3 Gaussians for Water (label 1)
  Automatically selected 3 Gaussians for Water (label 2)
  Automatically selected 1 Gaussians for FineAgg (label 0)
  Automatically selected 4 Gaussians for FineAgg (label 1)
  Automatically selected 4 Gaussians for FineAgg (label 2)
  Automatically selected 2 Gaussians for CoarseAgg (label 0)
  Automatically selected 3 Gaussians for CoarseAgg (label 1)
  Automatically selected 4 Gaussians for CoarseAgg (label 2)
  Automatically selected 2 Gaussians for Superplasticizer (label 0)
  Automatically selected 4 Gaussians for Superplasticizer (label 1)
  Automatically selected 3 Gaussians for Superplasticizer (label 2)
  Automatically selected 2 Gaussians for Slag (label 0)
  Automatically selected 2 Gaussians for Slag (label 1)
  Automatically selected 4 Gaussians for Slag (label 2)
  Automatically selected 3 Gaussians for FlyAsh (label 0)
  Automatically selected 2 Gaussians for FlyAsh (label 1)
  Automatically selected 3 Gaussians for FlyAsh (label 2)

Features Ranked by Differentiation Strength:
================================================================================
 1. Cement                         - Score: 1.0000
 2. Age                            - Score: 0.9291
 3. Water                          - Score: 0.6492
 4. FineAgg                        - Score: 0.5540
 5. CoarseAgg                      - Score: 0.5163
 6. Superplasticizer               - Score: 0.4924
 7. Slag                           - Score: 0.1341
 8. FlyAsh                         - Score: 0.1211
================================================================================

Features Ranked by Differentiation Strength:
================================================================================
 1. Cement                         - Score: 1.0000
 2. Age                            - Score: 0.9291
 3. Water                          - Score: 0.6492
 4. FineAgg                        - Score: 0.5540
 5. CoarseAgg                      - Score: 0.5163
 6. Superplasticizer               - Score: 0.4924
 7. Slag                           - Score: 0.1341
 8. FlyAsh                         - Score: 0.1211
================================================================================

Features Ranked by Differentiation Strength:
================================================================================
 1. Age                            - Score: 1.0000
 2. FineAgg                        - Score: 0.5956
 3. CoarseAgg                      - Score: 0.5575
 4. Cement                         - Score: 0.4793
 5. Water                          - Score: 0.4763
 6. Superplasticizer               - Score: 0.4639
 7. Slag                           - Score: 0.3144
 8. FlyAsh                         - Score: 0.1005
================================================================================
  Automatically selected 4 Gaussians for Age (label 0)
  Automatically selected 2 Gaussians for Age (label 2)
  Automatically selected 4 Gaussians for Age (label 1)
  Automatically selected 1 Gaussians for FineAgg (label 0)
  Automatically selected 3 Gaussians for FineAgg (label 2)
  Automatically selected 1 Gaussians for FineAgg (label 1)
  Automatically selected 1 Gaussians for CoarseAgg (label 0)
  Automatically selected 4 Gaussians for CoarseAgg (label 2)
  Automatically selected 1 Gaussians for CoarseAgg (label 1)
  Automatically selected 1 Gaussians for Cement (label 0)
  Automatically selected 3 Gaussians for Cement (label 2)
  Automatically selected 2 Gaussians for Cement (label 1)
  Automatically selected 4 Gaussians for Water (label 0)
  Automatically selected 1 Gaussians for Water (label 2)
  Automatically selected 1 Gaussians for Water (label 1)
  Automatically selected 2 Gaussians for Superplasticizer (label 0)
  Automatically selected 3 Gaussians for Superplasticizer (label 2)
  Automatically selected 2 Gaussians for Superplasticizer (label 1)
  Automatically selected 2 Gaussians for Slag (label 0)
  Automatically selected 2 Gaussians for Slag (label 2)
  Automatically selected 2 Gaussians for Slag (label 1)
  Automatically selected 2 Gaussians for FlyAsh (label 0)
  Automatically selected 2 Gaussians for FlyAsh (label 2)
  Automatically selected 3 Gaussians for FlyAsh (label 1)

Features Ranked by Differentiation Strength:
================================================================================
 1. Age                            - Score: 1.0000
 2. Cement                         - Score: 0.4772
 3. Water                          - Score: 0.3903
 4. CoarseAgg                      - Score: 0.3448
 5. FineAgg                        - Score: 0.3168
 6. Superplasticizer               - Score: 0.1677
 7. Slag                           - Score: 0.0923
 8. FlyAsh                         - Score: 0.0682
================================================================================
  Automatically selected 4 Gaussians for Age (label 0)
  Automatically selected 4 Gaussians for Age (label 2)
  Automatically selected 4 Gaussians for Age (label 1)
  Automatically selected 2 Gaussians for Cement (label 0)
  Automatically selected 2 Gaussians for Cement (label 2)
  Automatically selected 2 Gaussians for Cement (label 1)
  Automatically selected 4 Gaussians for Water (label 0)
  Automatically selected 3 Gaussians for Water (label 2)
  Automatically selected 3 Gaussians for Water (label 1)
  Automatically selected 2 Gaussians for CoarseAgg (label 0)
  Automatically selected 4 Gaussians for CoarseAgg (label 2)
  Automatically selected 3 Gaussians for CoarseAgg (label 1)
  Automatically selected 4 Gaussians for FineAgg (label 0)
  Automatically selected 3 Gaussians for FineAgg (label 2)
  Automatically selected 1 Gaussians for FineAgg (label 1)
  Automatically selected 2 Gaussians for Superplasticizer (label 0)
  Automatically selected 2 Gaussians for Superplasticizer (label 2)
  Automatically selected 3 Gaussians for Superplasticizer (label 1)
  Automatically selected 2 Gaussians for Slag (label 0)
  Automatically selected 4 Gaussians for Slag (label 2)
  Automatically selected 2 Gaussians for Slag (label 1)
  Automatically selected 2 Gaussians for FlyAsh (label 0)
  Automatically selected 4 Gaussians for FlyAsh (label 2)
  Automatically selected 2 Gaussians for FlyAsh (label 1)

Features Ranked by Differentiation Strength:
================================================================================
 1. Age                            - Score: 1.0000
 2. CoarseAgg                      - Score: 0.6029
 3. Cement                         - Score: 0.5626
 4. Water                          - Score: 0.5617
 5. Superplasticizer               - Score: 0.5463
 6. FineAgg                        - Score: 0.4830
 7. Slag                           - Score: 0.2640
 8. FlyAsh                         - Score: 0.0855
================================================================================
  Automatically selected 4 Gaussians for Age (label 1)
  Automatically selected 4 Gaussians for Age (label 2)
  Automatically selected 4 Gaussians for Age (label 0)
  Automatically selected 3 Gaussians for CoarseAgg (label 1)
  Automatically selected 4 Gaussians for CoarseAgg (label 2)
  Automatically selected 2 Gaussians for CoarseAgg (label 0)
  Automatically selected 3 Gaussians for Cement (label 1)
  Automatically selected 4 Gaussians for Cement (label 2)
  Automatically selected 3 Gaussians for Cement (label 0)
  Automatically selected 1 Gaussians for Water (label 1)
  Automatically selected 3 Gaussians for Water (label 2)
  Automatically selected 4 Gaussians for Water (label 0)
  Automatically selected 4 Gaussians for Superplasticizer (label 1)
  Automatically selected 3 Gaussians for Superplasticizer (label 2)
  Automatically selected 2 Gaussians for Superplasticizer (label 0)
  Automatically selected 1 Gaussians for FineAgg (label 1)
  Automatically selected 4 Gaussians for FineAgg (label 2)
  Automatically selected 1 Gaussians for FineAgg (label 0)
  Automatically selected 2 Gaussians for Slag (label 1)
  Automatically selected 2 Gaussians for Slag (label 2)
  Automatically selected 2 Gaussians for Slag (label 0)
  Automatically selected 4 Gaussians for FlyAsh (label 1)
  Automatically selected 2 Gaussians for FlyAsh (label 2)
  Automatically selected 2 Gaussians for FlyAsh (label 0)

Features Ranked by Differentiation Strength:
================================================================================
 1. Water                          - Score: 1.0000
 2. Cement                         - Score: 0.9423
 3. Age                            - Score: 0.8141
 4. Superplasticizer               - Score: 0.7186
 5. CoarseAgg                      - Score: 0.6543
 6. FineAgg                        - Score: 0.5856
 7. Slag                           - Score: 0.4996
 8. FlyAsh                         - Score: 0.1804
================================================================================
  Automatically selected 4 Gaussians for Water (label 2)
  Automatically selected 4 Gaussians for Water (label 0)
  Automatically selected 3 Gaussians for Water (label 1)
  Automatically selected 4 Gaussians for Cement (label 2)
  Automatically selected 4 Gaussians for Cement (label 0)
  Automatically selected 4 Gaussians for Cement (label 1)
  Automatically selected 3 Gaussians for Age (label 2)
  Automatically selected 4 Gaussians for Age (label 0)
  Automatically selected 4 Gaussians for Age (label 1)
  Automatically selected 3 Gaussians for Superplasticizer (label 2)
  Automatically selected 4 Gaussians for Superplasticizer (label 0)
  Automatically selected 3 Gaussians for Superplasticizer (label 1)
  Automatically selected 4 Gaussians for CoarseAgg (label 2)
  Automatically selected 4 Gaussians for CoarseAgg (label 0)
  Automatically selected 4 Gaussians for CoarseAgg (label 1)
  Automatically selected 4 Gaussians for FineAgg (label 2)
  Automatically selected 3 Gaussians for FineAgg (label 0)
  Automatically selected 2 Gaussians for FineAgg (label 1)
  Automatically selected 4 Gaussians for Slag (label 2)
  Automatically selected 3 Gaussians for Slag (label 0)
  Automatically selected 2 Gaussians for Slag (label 1)
  Automatically selected 2 Gaussians for FlyAsh (label 2)
  Automatically selected 4 Gaussians for FlyAsh (label 0)
  Automatically selected 4 Gaussians for FlyAsh (label 1)
  Concrete: min/max done

Features Ranked by Differentiation Strength:
================================================================================
 1. Age                            - Score: 1.0000
 2. Cement                         - Score: 0.9306
 3. Water                          - Score: 0.6608
 4. FineAgg                        - Score: 0.5154
 5. CoarseAgg                      - Score: 0.4978
 6. Superplasticizer               - Score: 0.4839
 7. Slag                           - Score: 0.1348
 8. FlyAsh                         - Score: 0.1057
================================================================================
  Automatically selected 4 Gaussians for Age (label 2)
  Automatically selected 4 Gaussians for Age (label 1)
  Automatically selected 4 Gaussians for Age (label 0)
  Automatically selected 2 Gaussians for Cement (label 2)
  Automatically selected 2 Gaussians for Cement (label 1)
  Automatically selected 3 Gaussians for Cement (label 0)
  Automatically selected 3 Gaussians for Water (label 2)
  Automatically selected 3 Gaussians for Water (label 1)
  Automatically selected 3 Gaussians for Water (label 0)
  Automatically selected 3 Gaussians for FineAgg (label 2)
  Automatically selected 3 Gaussians for FineAgg (label 1)
  Automatically selected 1 Gaussians for FineAgg (label 0)
  Automatically selected 4 Gaussians for CoarseAgg (label 2)
  Automatically selected 3 Gaussians for CoarseAgg (label 1)
  Automatically selected 3 Gaussians for CoarseAgg (label 0)
  Automatically selected 3 Gaussians for Superplasticizer (label 2)
  Automatically selected 4 Gaussians for Superplasticizer (label 1)
  Automatically selected 2 Gaussians for Superplasticizer (label 0)
  Automatically selected 4 Gaussians for Slag (label 2)
  Automatically selected 2 Gaussians for Slag (label 1)
  Automatically selected 2 Gaussians for Slag (label 0)
  Automatically selected 3 Gaussians for FlyAsh (label 2)
  Automatically selected 2 Gaussians for FlyAsh (label 1)
  Automatically selected 2 Gaussians for FlyAsh (label 0)

Features Ranked by Differentiation Strength:
================================================================================
 1. Age                            - Score: 1.0000
 2. Cement                         - Score: 0.9306
 3. Water                          - Score: 0.6608
 4. FineAgg                        - Score: 0.5154
 5. CoarseAgg                      - Score: 0.4978
 6. Superplasticizer               - Score: 0.4839
 7. Slag                           - Score: 0.1348
 8. FlyAsh                         - Score: 0.1057
================================================================================

Features Ranked by Differentiation Strength:
================================================================================
 1. Age                            - Score: 1.0000
 2. Cement                         - Score: 0.9306
 3. Water                          - Score: 0.6608
 4. FineAgg                        - Score: 0.5154
 5. CoarseAgg                      - Score: 0.4978
 6. Superplasticizer               - Score: 0.4839
 7. Slag                           - Score: 0.1348
 8. FlyAsh                         - Score: 0.1057
================================================================================

Features Ranked by Differentiation Strength:
================================================================================
 1. Age                            - Score: 1.0000
 2. CoarseAgg                      - Score: 0.6368
 3. FineAgg                        - Score: 0.6326
 4. Cement                         - Score: 0.5066
 5. Superplasticizer               - Score: 0.4316
 6. Water                          - Score: 0.4034
 7. Slag                           - Score: 0.3237
 8. FlyAsh                         - Score: 0.1077
================================================================================
  Automatically selected 4 Gaussians for Age (label 0)
  Automatically selected 4 Gaussians for Age (label 1)
  Automatically selected 4 Gaussians for Age (label 2)
  Automatically selected 1 Gaussians for CoarseAgg (label 0)
  Automatically selected 1 Gaussians for CoarseAgg (label 1)
  Automatically selected 4 Gaussians for CoarseAgg (label 2)
  Automatically selected 1 Gaussians for FineAgg (label 0)
  Automatically selected 1 Gaussians for FineAgg (label 1)
  Automatically selected 3 Gaussians for FineAgg (label 2)
  Automatically selected 2 Gaussians for Cement (label 0)
  Automatically selected 2 Gaussians for Cement (label 1)
  Automatically selected 3 Gaussians for Cement (label 2)
  Automatically selected 2 Gaussians for Superplasticizer (label 0)
  Automatically selected 2 Gaussians for Superplasticizer (label 1)
  Automatically selected 3 Gaussians for Superplasticizer (label 2)
  Automatically selected 4 Gaussians for Water (label 0)
  Automatically selected 1 Gaussians for Water (label 1)
  Automatically selected 1 Gaussians for Water (label 2)
  Automatically selected 2 Gaussians for Slag (label 0)
  Automatically selected 2 Gaussians for Slag (label 1)
  Automatically selected 3 Gaussians for Slag (label 2)
  Automatically selected 2 Gaussians for FlyAsh (label 0)
  Automatically selected 3 Gaussians for FlyAsh (label 1)
  Automatically selected 2 Gaussians for FlyAsh (label 2)

Features Ranked by Differentiation Strength:
================================================================================
 1. Age                            - Score: 1.0000
 2. Cement                         - Score: 0.4461
 3. Water                          - Score: 0.3698
 4. CoarseAgg                      - Score: 0.3265
 5. FineAgg                        - Score: 0.3010
 6. Superplasticizer               - Score: 0.1654
 7. Slag                           - Score: 0.0898
 8. FlyAsh                         - Score: 0.0574
================================================================================
  Automatically selected 4 Gaussians for Age (label 0)
  Automatically selected 3 Gaussians for Age (label 1)
  Automatically selected 4 Gaussians for Age (label 2)
  Automatically selected 3 Gaussians for Cement (label 0)
  Automatically selected 2 Gaussians for Cement (label 1)
  Automatically selected 2 Gaussians for Cement (label 2)
  Automatically selected 2 Gaussians for Water (label 0)
  Automatically selected 3 Gaussians for Water (label 1)
  Automatically selected 3 Gaussians for Water (label 2)
  Automatically selected 1 Gaussians for CoarseAgg (label 0)
  Automatically selected 3 Gaussians for CoarseAgg (label 1)
  Automatically selected 1 Gaussians for CoarseAgg (label 2)
  Automatically selected 4 Gaussians for FineAgg (label 0)
  Automatically selected 1 Gaussians for FineAgg (label 1)
  Automatically selected 3 Gaussians for FineAgg (label 2)
  Automatically selected 2 Gaussians for Superplasticizer (label 0)
  Automatically selected 2 Gaussians for Superplasticizer (label 1)
  Automatically selected 2 Gaussians for Superplasticizer (label 2)
  Automatically selected 2 Gaussians for Slag (label 0)
  Automatically selected 2 Gaussians for Slag (label 1)
  Automatically selected 2 Gaussians for Slag (label 2)
  Automatically selected 2 Gaussians for FlyAsh (label 0)
  Automatically selected 2 Gaussians for FlyAsh (label 1)
  Automatically selected 4 Gaussians for FlyAsh (label 2)

Features Ranked by Differentiation Strength:
================================================================================
 1. Cement                         - Score: 1.0000
 2. Water                          - Score: 0.8962
 3. CoarseAgg                      - Score: 0.8787
 4. Age                            - Score: 0.8353
 5. Superplasticizer               - Score: 0.8254
 6. FineAgg                        - Score: 0.6271
 7. Slag                           - Score: 0.3809
 8. FlyAsh                         - Score: 0.1025
================================================================================
  Automatically selected 2 Gaussians for Cement (label 2)
  Automatically selected 1 Gaussians for Cement (label 1)
  Automatically selected 2 Gaussians for Cement (label 0)
  Automatically selected 1 Gaussians for Water (label 2)
  Automatically selected 1 Gaussians for Water (label 1)
  Automatically selected 2 Gaussians for Water (label 0)
  Automatically selected 4 Gaussians for CoarseAgg (label 2)
  Automatically selected 3 Gaussians for CoarseAgg (label 1)
  Automatically selected 4 Gaussians for CoarseAgg (label 0)
  Automatically selected 4 Gaussians for Age (label 2)
  Automatically selected 4 Gaussians for Age (label 1)
  Automatically selected 4 Gaussians for Age (label 0)
  Automatically selected 3 Gaussians for Superplasticizer (label 2)
  Automatically selected 3 Gaussians for Superplasticizer (label 1)
  Automatically selected 3 Gaussians for Superplasticizer (label 0)
  Automatically selected 1 Gaussians for FineAgg (label 2)
  Automatically selected 3 Gaussians for FineAgg (label 1)
  Automatically selected 1 Gaussians for FineAgg (label 0)
  Automatically selected 4 Gaussians for Slag (label 2)
  Automatically selected 2 Gaussians for Slag (label 1)
  Automatically selected 2 Gaussians for Slag (label 0)
  Automatically selected 2 Gaussians for FlyAsh (label 2)
  Automatically selected 2 Gaussians for FlyAsh (label 1)
  Automatically selected 3 Gaussians for FlyAsh (label 0)

Features Ranked by Differentiation Strength:
================================================================================
 1. Water                          - Score: 1.0000
 2. Age                            - Score: 0.9976
 3. Cement                         - Score: 0.9334
 4. Superplasticizer               - Score: 0.7571
 5. CoarseAgg                      - Score: 0.6287
 6. FineAgg                        - Score: 0.5829
 7. Slag                           - Score: 0.4284
 8. FlyAsh                         - Score: 0.1707
================================================================================
  Automatically selected 3 Gaussians for Water (label 1)
  Automatically selected 3 Gaussians for Water (label 0)
  Automatically selected 3 Gaussians for Water (label 2)
  Automatically selected 4 Gaussians for Age (label 1)
  Automatically selected 4 Gaussians for Age (label 0)
  Automatically selected 4 Gaussians for Age (label 2)
  Automatically selected 1 Gaussians for Cement (label 1)
  Automatically selected 3 Gaussians for Cement (label 0)
  Automatically selected 1 Gaussians for Cement (label 2)
  Automatically selected 3 Gaussians for Superplasticizer (label 1)
  Automatically selected 3 Gaussians for Superplasticizer (label 0)
  Automatically selected 3 Gaussians for Superplasticizer (label 2)
  Automatically selected 1 Gaussians for CoarseAgg (label 1)
  Automatically selected 3 Gaussians for CoarseAgg (label 0)
  Automatically selected 4 Gaussians for CoarseAgg (label 2)
  Automatically selected 2 Gaussians for FineAgg (label 1)
  Automatically selected 3 Gaussians for FineAgg (label 0)
  Automatically selected 3 Gaussians for FineAgg (label 2)
  Automatically selected 2 Gaussians for Slag (label 1)
  Automatically selected 2 Gaussians for Slag (label 0)
  Automatically selected 2 Gaussians for Slag (label 2)
  Automatically selected 2 Gaussians for FlyAsh (label 1)
  Automatically selected 3 Gaussians for FlyAsh (label 0)
  Automatically selected 3 Gaussians for FlyAsh (label 2)

Features Ranked by Differentiation Strength:
================================================================================
 1. Age                            - Score: 1.0000
 2. Cement                         - Score: 0.8865
 3. Water                          - Score: 0.6582
 4. CoarseAgg                      - Score: 0.5128
 5. FineAgg                        - Score: 0.4726
 6. Superplasticizer               - Score: 0.4546
 7. Slag                           - Score: 0.1093
 8. FlyAsh                         - Score: 0.0868
================================================================================
  Automatically selected 4 Gaussians for Age (label 0)
  Automatically selected 4 Gaussians for Age (label 1)
  Automatically selected 4 Gaussians for Age (label 2)
  Automatically selected 2 Gaussians for Cement (label 0)
  Automatically selected 3 Gaussians for Cement (label 1)
  Automatically selected 1 Gaussians for Cement (label 2)
  Automatically selected 4 Gaussians for Water (label 0)
  Automatically selected 3 Gaussians for Water (label 1)
  Automatically selected 3 Gaussians for Water (label 2)
  Automatically selected 2 Gaussians for CoarseAgg (label 0)
  Automatically selected 4 Gaussians for CoarseAgg (label 1)
  Automatically selected 4 Gaussians for CoarseAgg (label 2)
  Automatically selected 1 Gaussians for FineAgg (label 0)
  Automatically selected 4 Gaussians for FineAgg (label 1)
  Automatically selected 3 Gaussians for FineAgg (label 2)
  Automatically selected 2 Gaussians for Superplasticizer (label 0)
  Automatically selected 3 Gaussians for Superplasticizer (label 1)
  Automatically selected 3 Gaussians for Superplasticizer (label 2)
  Automatically selected 2 Gaussians for Slag (label 0)
  Automatically selected 2 Gaussians for Slag (label 1)
  Automatically selected 2 Gaussians for Slag (label 2)
  Automatically selected 2 Gaussians for FlyAsh (label 0)
  Automatically selected 3 Gaussians for FlyAsh (label 1)
  Automatically selected 2 Gaussians for FlyAsh (label 2)

Features Ranked by Differentiation Strength:
================================================================================
 1. Age                            - Score: 1.0000
 2. Cement                         - Score: 0.8865
 3. Water                          - Score: 0.6582
 4. CoarseAgg                      - Score: 0.5128
 5. FineAgg                        - Score: 0.4726
 6. Superplasticizer               - Score: 0.4546
 7. Slag                           - Score: 0.1093
 8. FlyAsh                         - Score: 0.0868
================================================================================

Features Ranked by Differentiation Strength:
================================================================================
 1. Age                            - Score: 1.0000
 2. Cement                         - Score: 0.8865
 3. Water                          - Score: 0.6582
 4. CoarseAgg                      - Score: 0.5128
 5. FineAgg                        - Score: 0.4726
 6. Superplasticizer               - Score: 0.4546
 7. Slag                           - Score: 0.1093
 8. FlyAsh                         - Score: 0.0868
================================================================================

Features Ranked by Differentiation Strength:
================================================================================
 1. Age                            - Score: 1.0000
 2. CoarseAgg                      - Score: 0.5334
 3. FineAgg                        - Score: 0.4614
 4. Cement                         - Score: 0.4212
 5. Superplasticizer               - Score: 0.3758
 6. Water                          - Score: 0.3539
 7. Slag                           - Score: 0.2256
 8. FlyAsh                         - Score: 0.0856
================================================================================
  Automatically selected 4 Gaussians for Age (label 1)
  Automatically selected 3 Gaussians for Age (label 2)
  Automatically selected 4 Gaussians for Age (label 0)
  Automatically selected 1 Gaussians for CoarseAgg (label 1)
  Automatically selected 3 Gaussians for CoarseAgg (label 2)
  Automatically selected 1 Gaussians for CoarseAgg (label 0)
  Automatically selected 1 Gaussians for FineAgg (label 1)
  Automatically selected 3 Gaussians for FineAgg (label 2)
  Automatically selected 4 Gaussians for FineAgg (label 0)
  Automatically selected 2 Gaussians for Cement (label 1)
  Automatically selected 3 Gaussians for Cement (label 2)
  Automatically selected 1 Gaussians for Cement (label 0)
  Automatically selected 2 Gaussians for Superplasticizer (label 1)
  Automatically selected 2 Gaussians for Superplasticizer (label 2)
  Automatically selected 2 Gaussians for Superplasticizer (label 0)
  Automatically selected 2 Gaussians for Water (label 1)
  Automatically selected 1 Gaussians for Water (label 2)
  Automatically selected 4 Gaussians for Water (label 0)
  Automatically selected 2 Gaussians for Slag (label 1)
  Automatically selected 2 Gaussians for Slag (label 2)
  Automatically selected 2 Gaussians for Slag (label 0)
  Automatically selected 2 Gaussians for FlyAsh (label 1)
  Automatically selected 2 Gaussians for FlyAsh (label 2)
  Automatically selected 2 Gaussians for FlyAsh (label 0)

Features Ranked by Differentiation Strength:
================================================================================
 1. Age                            - Score: 1.0000
 2. Cement                         - Score: 0.4402
 3. CoarseAgg                      - Score: 0.2985
 4. Water                          - Score: 0.2924
 5. FineAgg                        - Score: 0.2415
 6. Superplasticizer               - Score: 0.1488
 7. Slag                           - Score: 0.0615
 8. FlyAsh                         - Score: 0.0518
================================================================================
  Automatically selected 4 Gaussians for Age (label 1)
  Automatically selected 4 Gaussians for Age (label 0)
  Automatically selected 4 Gaussians for Age (label 2)
  Automatically selected 2 Gaussians for Cement (label 1)
  Automatically selected 2 Gaussians for Cement (label 0)
  Automatically selected 4 Gaussians for Cement (label 2)
  Automatically selected 3 Gaussians for CoarseAgg (label 1)
  Automatically selected 1 Gaussians for CoarseAgg (label 0)
  Automatically selected 3 Gaussians for CoarseAgg (label 2)
  Automatically selected 3 Gaussians for Water (label 1)
  Automatically selected 4 Gaussians for Water (label 0)
  Automatically selected 4 Gaussians for Water (label 2)
  Automatically selected 1 Gaussians for FineAgg (label 1)
  Automatically selected 1 Gaussians for FineAgg (label 0)
  Automatically selected 4 Gaussians for FineAgg (label 2)
  Automatically selected 2 Gaussians for Superplasticizer (label 1)
  Automatically selected 2 Gaussians for Superplasticizer (label 0)
  Automatically selected 2 Gaussians for Superplasticizer (label 2)
  Automatically selected 2 Gaussians for Slag (label 1)
  Automatically selected 2 Gaussians for Slag (label 0)
  Automatically selected 2 Gaussians for Slag (label 2)
  Automatically selected 2 Gaussians for FlyAsh (label 1)
  Automatically selected 2 Gaussians for FlyAsh (label 0)
  Automatically selected 4 Gaussians for FlyAsh (label 2)

Features Ranked by Differentiation Strength:
================================================================================
 1. Age                            - Score: 1.0000
 2. Water                          - Score: 0.5417
 3. Superplasticizer               - Score: 0.5286
 4. CoarseAgg                      - Score: 0.5203
 5. Cement                         - Score: 0.5117
 6. FineAgg                        - Score: 0.3654
 7. Slag                           - Score: 0.2500
 8. FlyAsh                         - Score: 0.0366
================================================================================
  Automatically selected 4 Gaussians for Age (label 1)
  Automatically selected 4 Gaussians for Age (label 0)
  Automatically selected 4 Gaussians for Age (label 2)
  Automatically selected 3 Gaussians for Water (label 1)
  Automatically selected 4 Gaussians for Water (label 0)
  Automatically selected 3 Gaussians for Water (label 2)
  Automatically selected 4 Gaussians for Superplasticizer (label 1)
  Automatically selected 4 Gaussians for Superplasticizer (label 0)
  Automatically selected 3 Gaussians for Superplasticizer (label 2)
  Automatically selected 4 Gaussians for CoarseAgg (label 1)
  Automatically selected 2 Gaussians for CoarseAgg (label 0)
  Automatically selected 3 Gaussians for CoarseAgg (label 2)
  Automatically selected 3 Gaussians for Cement (label 1)
  Automatically selected 4 Gaussians for Cement (label 0)
  Automatically selected 4 Gaussians for Cement (label 2)
  Automatically selected 1 Gaussians for FineAgg (label 1)
  Automatically selected 1 Gaussians for FineAgg (label 0)
  Automatically selected 4 Gaussians for FineAgg (label 2)
  Automatically selected 2 Gaussians for Slag (label 1)
  Automatically selected 2 Gaussians for Slag (label 0)
  Automatically selected 4 Gaussians for Slag (label 2)

Features Ranked by Differentiation Strength:
================================================================================
 1. Water                          - Score: 1.0000
 2. Cement                         - Score: 0.8257
 3. Superplasticizer               - Score: 0.7060
 4. Age                            - Score: 0.6730
 5. CoarseAgg                      - Score: 0.6258
 6. FineAgg                        - Score: 0.5704
 7. Slag                           - Score: 0.5159
 8. FlyAsh                         - Score: 0.1348
================================================================================
  Automatically selected 4 Gaussians for Water (label 0)
  Automatically selected 4 Gaussians for Water (label 2)
  Automatically selected 3 Gaussians for Water (label 1)
  Automatically selected 4 Gaussians for Cement (label 0)
  Automatically selected 2 Gaussians for Cement (label 2)
  Automatically selected 2 Gaussians for Cement (label 1)
  Automatically selected 3 Gaussians for Superplasticizer (label 0)
  Automatically selected 3 Gaussians for Superplasticizer (label 2)
  Automatically selected 3 Gaussians for Superplasticizer (label 1)
  Automatically selected 4 Gaussians for Age (label 0)
  Automatically selected 4 Gaussians for Age (label 2)
  Automatically selected 4 Gaussians for Age (label 1)
  Automatically selected 3 Gaussians for CoarseAgg (label 0)
  Automatically selected 4 Gaussians for CoarseAgg (label 2)
  Automatically selected 4 Gaussians for CoarseAgg (label 1)
  Automatically selected 1 Gaussians for FineAgg (label 0)
  Automatically selected 4 Gaussians for FineAgg (label 2)
  Automatically selected 2 Gaussians for FineAgg (label 1)
  Automatically selected 4 Gaussians for Slag (label 0)
  Automatically selected 4 Gaussians for Slag (label 2)
  Automatically selected 3 Gaussians for Slag (label 1)
  Automatically selected 4 Gaussians for FlyAsh (label 0)
  Automatically selected 2 Gaussians for FlyAsh (label 2)
  Automatically selected 2 Gaussians for FlyAsh (label 1)

Features Ranked by Differentiation Strength:
================================================================================
 1. Age                            - Score: 1.0000
 2. Cement                         - Score: 0.9682
 3. Water                          - Score: 0.6490
 4. FineAgg                        - Score: 0.5475
 5. CoarseAgg                      - Score: 0.4744
 6. Superplasticizer               - Score: 0.4313
 7. FlyAsh                         - Score: 0.0989
 8. Slag                           - Score: 0.0816
================================================================================
  Automatically selected 3 Gaussians for Age (label 2)
  Automatically selected 4 Gaussians for Age (label 1)
  Automatically selected 3 Gaussians for Age (label 0)
  Automatically selected 4 Gaussians for Cement (label 2)
  Automatically selected 2 Gaussians for Cement (label 1)
  Automatically selected 2 Gaussians for Cement (label 0)
  Automatically selected 3 Gaussians for Water (label 2)
  Automatically selected 3 Gaussians for Water (label 1)
  Automatically selected 4 Gaussians for Water (label 0)
  Automatically selected 4 Gaussians for FineAgg (label 2)
  Automatically selected 4 Gaussians for FineAgg (label 1)
  Automatically selected 1 Gaussians for FineAgg (label 0)
  Automatically selected 4 Gaussians for CoarseAgg (label 2)
  Automatically selected 3 Gaussians for CoarseAgg (label 1)
  Automatically selected 3 Gaussians for CoarseAgg (label 0)
  Automatically selected 3 Gaussians for Superplasticizer (label 2)
  Automatically selected 4 Gaussians for Superplasticizer (label 1)
  Automatically selected 2 Gaussians for Superplasticizer (label 0)
  Automatically selected 2 Gaussians for FlyAsh (label 2)
  Automatically selected 2 Gaussians for FlyAsh (label 1)
  Automatically selected 4 Gaussians for FlyAsh (label 0)
  Automatically selected 4 Gaussians for Slag (label 2)
  Automatically selected 2 Gaussians for Slag (label 1)
  Automatically selected 2 Gaussians for Slag (label 0)

Features Ranked by Differentiation Strength:
================================================================================
 1. Age                            - Score: 1.0000
 2. Cement                         - Score: 0.9682
 3. Water                          - Score: 0.6490
 4. FineAgg                        - Score: 0.5475
 5. CoarseAgg                      - Score: 0.4744
 6. Superplasticizer               - Score: 0.4313
 7. FlyAsh                         - Score: 0.0989
 8. Slag                           - Score: 0.0816
================================================================================

Features Ranked by Differentiation Strength:
================================================================================
 1. Age                            - Score: 1.0000
 2. Cement                         - Score: 0.9682
 3. Water                          - Score: 0.6490
 4. FineAgg                        - Score: 0.5475
 5. CoarseAgg                      - Score: 0.4744
 6. Superplasticizer               - Score: 0.4313
 7. FlyAsh                         - Score: 0.0989
 8. Slag                           - Score: 0.0816
================================================================================

Features Ranked by Differentiation Strength:
================================================================================
 1. Age                            - Score: 1.0000
 2. CoarseAgg                      - Score: 0.5797
 3. Cement                         - Score: 0.5760
 4. FineAgg                        - Score: 0.5751
 5. Superplasticizer               - Score: 0.3950
 6. Water                          - Score: 0.3701
 7. Slag                           - Score: 0.2306
 8. FlyAsh                         - Score: 0.0909
================================================================================
  Automatically selected 4 Gaussians for Age (label 2)
  Automatically selected 4 Gaussians for Age (label 1)
  Automatically selected 4 Gaussians for Age (label 0)
  Automatically selected 1 Gaussians for CoarseAgg (label 2)
  Automatically selected 4 Gaussians for CoarseAgg (label 1)
  Automatically selected 1 Gaussians for CoarseAgg (label 0)
  Automatically selected 3 Gaussians for Cement (label 2)
  Automatically selected 3 Gaussians for Cement (label 1)
  Automatically selected 3 Gaussians for Cement (label 0)
  Automatically selected 3 Gaussians for FineAgg (label 2)
  Automatically selected 1 Gaussians for FineAgg (label 1)
  Automatically selected 1 Gaussians for FineAgg (label 0)
  Automatically selected 2 Gaussians for Superplasticizer (label 2)
  Automatically selected 2 Gaussians for Superplasticizer (label 1)
  Automatically selected 2 Gaussians for Superplasticizer (label 0)
  Automatically selected 1 Gaussians for Water (label 2)
  Automatically selected 1 Gaussians for Water (label 1)
  Automatically selected 4 Gaussians for Water (label 0)
  Automatically selected 2 Gaussians for Slag (label 2)
  Automatically selected 2 Gaussians for Slag (label 1)
  Automatically selected 2 Gaussians for Slag (label 0)
  Automatically selected 3 Gaussians for FlyAsh (label 2)
  Automatically selected 3 Gaussians for FlyAsh (label 1)
  Automatically selected 2 Gaussians for FlyAsh (label 0)

Features Ranked by Differentiation Strength:
================================================================================
 1. Age                            - Score: 1.0000
 2. Cement                         - Score: 0.4479
 3. Water                          - Score: 0.2874
 4. FineAgg                        - Score: 0.2772
 5. CoarseAgg                      - Score: 0.2557
 6. Superplasticizer               - Score: 0.1117
 7. Slag                           - Score: 0.0563
 8. FlyAsh                         - Score: 0.0398
================================================================================
  Automatically selected 4 Gaussians for Age (label 2)
  Automatically selected 4 Gaussians for Age (label 1)
  Automatically selected 4 Gaussians for Age (label 0)
  Automatically selected 2 Gaussians for Cement (label 2)
  Automatically selected 2 Gaussians for Cement (label 1)
  Automatically selected 2 Gaussians for Cement (label 0)
  Automatically selected 3 Gaussians for Water (label 2)
  Automatically selected 1 Gaussians for Water (label 1)
  Automatically selected 2 Gaussians for Water (label 0)
  Automatically selected 3 Gaussians for FineAgg (label 2)
  Automatically selected 1 Gaussians for FineAgg (label 1)
  Automatically selected 1 Gaussians for FineAgg (label 0)
  Automatically selected 4 Gaussians for CoarseAgg (label 2)
  Automatically selected 3 Gaussians for CoarseAgg (label 1)
  Automatically selected 1 Gaussians for CoarseAgg (label 0)
  Automatically selected 2 Gaussians for Superplasticizer (label 2)
  Automatically selected 2 Gaussians for Superplasticizer (label 1)
  Automatically selected 2 Gaussians for Superplasticizer (label 0)
  Automatically selected 2 Gaussians for Slag (label 2)
  Automatically selected 2 Gaussians for Slag (label 1)
  Automatically selected 2 Gaussians for Slag (label 0)

Features Ranked by Differentiation Strength:
================================================================================
 1. Age                            - Score: 1.0000
 2. Water                          - Score: 0.5701
 3. CoarseAgg                      - Score: 0.5319
 4. Superplasticizer               - Score: 0.4484
 5. Cement                         - Score: 0.4408
 6. FineAgg                        - Score: 0.4337
 7. Slag                           - Score: 0.2264
 8. FlyAsh                         - Score: 0.0666
================================================================================
  Automatically selected 3 Gaussians for Age (label 1)
  Automatically selected 4 Gaussians for Age (label 0)
  Automatically selected 4 Gaussians for Age (label 2)
  Automatically selected 3 Gaussians for Water (label 1)
  Automatically selected 4 Gaussians for Water (label 0)
  Automatically selected 3 Gaussians for Water (label 2)
  Automatically selected 1 Gaussians for CoarseAgg (label 1)
  Automatically selected 2 Gaussians for CoarseAgg (label 0)
  Automatically selected 3 Gaussians for CoarseAgg (label 2)
  Automatically selected 3 Gaussians for Superplasticizer (label 1)
  Automatically selected 2 Gaussians for Superplasticizer (label 0)
  Automatically selected 3 Gaussians for Superplasticizer (label 2)
  Automatically selected 2 Gaussians for Cement (label 1)
  Automatically selected 2 Gaussians for Cement (label 0)
  Automatically selected 4 Gaussians for Cement (label 2)
  Automatically selected 3 Gaussians for FineAgg (label 1)
  Automatically selected 1 Gaussians for FineAgg (label 0)
  Automatically selected 4 Gaussians for FineAgg (label 2)
  Automatically selected 2 Gaussians for Slag (label 1)
  Automatically selected 2 Gaussians for Slag (label 0)
  Automatically selected 4 Gaussians for Slag (label 2)
  Automatically selected 4 Gaussians for FlyAsh (label 1)
  Automatically selected 2 Gaussians for FlyAsh (label 0)
  Automatically selected 2 Gaussians for FlyAsh (label 2)

Features Ranked by Differentiation Strength:
================================================================================
 1. Water                          - Score: 1.0000
 2. Cement                         - Score: 0.9168
 3. Age                            - Score: 0.8743
 4. Superplasticizer               - Score: 0.6827
 5. FineAgg                        - Score: 0.6036
 6. CoarseAgg                      - Score: 0.5142
 7. Slag                           - Score: 0.4705
 8. FlyAsh                         - Score: 0.2326
================================================================================
  Automatically selected 4 Gaussians for Water (label 2)
  Automatically selected 3 Gaussians for Water (label 1)
  Automatically selected 4 Gaussians for Water (label 0)
  Automatically selected 2 Gaussians for Cement (label 2)
  Automatically selected 2 Gaussians for Cement (label 1)
  Automatically selected 4 Gaussians for Cement (label 0)
  Automatically selected 4 Gaussians for Age (label 2)
  Automatically selected 4 Gaussians for Age (label 1)
  Automatically selected 4 Gaussians for Age (label 0)
  Automatically selected 3 Gaussians for Superplasticizer (label 2)
  Automatically selected 3 Gaussians for Superplasticizer (label 1)
  Automatically selected 2 Gaussians for Superplasticizer (label 0)
  Automatically selected 1 Gaussians for FineAgg (label 2)
  Automatically selected 2 Gaussians for FineAgg (label 1)
  Automatically selected 3 Gaussians for FineAgg (label 0)
  Automatically selected 4 Gaussians for CoarseAgg (label 2)
  Automatically selected 4 Gaussians for CoarseAgg (label 1)
  Automatically selected 4 Gaussians for CoarseAgg (label 0)
  Automatically selected 4 Gaussians for Slag (label 2)
  Automatically selected 2 Gaussians for Slag (label 1)
  Automatically selected 4 Gaussians for Slag (label 0)
  Automatically selected 2 Gaussians for FlyAsh (label 2)
  Automatically selected 2 Gaussians for FlyAsh (label 1)
  Automatically selected 4 Gaussians for FlyAsh (label 0)

Features Ranked by Differentiation Strength:
================================================================================
 1. Cement                         - Score: 1.0000
 2. Age                            - Score: 0.9641
 3. Water                          - Score: 0.6672
 4. FineAgg                        - Score: 0.5326
 5. CoarseAgg                      - Score: 0.5070
 6. Superplasticizer               - Score: 0.4563
 7. FlyAsh                         - Score: 0.1135
 8. Slag                           - Score: 0.0960
================================================================================
  Automatically selected 2 Gaussians for Cement (label 2)
  Automatically selected 2 Gaussians for Cement (label 1)
  Automatically selected 3 Gaussians for Cement (label 0)
  Automatically selected 4 Gaussians for Age (label 2)
  Automatically selected 4 Gaussians for Age (label 1)
  Automatically selected 4 Gaussians for Age (label 0)
  Automatically selected 3 Gaussians for Water (label 2)
  Automatically selected 3 Gaussians for Water (label 1)
  Automatically selected 4 Gaussians for Water (label 0)
  Automatically selected 4 Gaussians for FineAgg (label 2)
  Automatically selected 4 Gaussians for FineAgg (label 1)
  Automatically selected 1 Gaussians for FineAgg (label 0)
  Automatically selected 4 Gaussians for CoarseAgg (label 2)
  Automatically selected 3 Gaussians for CoarseAgg (label 1)
  Automatically selected 1 Gaussians for CoarseAgg (label 0)
  Automatically selected 3 Gaussians for Superplasticizer (label 2)
  Automatically selected 3 Gaussians for Superplasticizer (label 1)
  Automatically selected 2 Gaussians for Superplasticizer (label 0)
  Automatically selected 2 Gaussians for FlyAsh (label 2)
  Automatically selected 2 Gaussians for FlyAsh (label 1)
  Automatically selected 4 Gaussians for FlyAsh (label 0)
  Automatically selected 4 Gaussians for Slag (label 2)
  Automatically selected 2 Gaussians for Slag (label 1)
  Automatically selected 2 Gaussians for Slag (label 0)

Features Ranked by Differentiation Strength:
================================================================================
 1. Cement                         - Score: 1.0000
 2. Age                            - Score: 0.9641
 3. Water                          - Score: 0.6672
 4. FineAgg                        - Score: 0.5326
 5. CoarseAgg                      - Score: 0.5070
 6. Superplasticizer               - Score: 0.4563
 7. FlyAsh                         - Score: 0.1135
 8. Slag                           - Score: 0.0960
================================================================================

Features Ranked by Differentiation Strength:
================================================================================
 1. Cement                         - Score: 1.0000
 2. Age                            - Score: 0.9641
 3. Water                          - Score: 0.6672
 4. FineAgg                        - Score: 0.5326
 5. CoarseAgg                      - Score: 0.5070
 6. Superplasticizer               - Score: 0.4563
 7. FlyAsh                         - Score: 0.1135
 8. Slag                           - Score: 0.0960
================================================================================

Features Ranked by Differentiation Strength:
================================================================================
 1. Age                            - Score: 1.0000
 2. Cement                         - Score: 0.7017
 3. CoarseAgg                      - Score: 0.6576
 4. FineAgg                        - Score: 0.5873
 5. Superplasticizer               - Score: 0.5000
 6. Water                          - Score: 0.3997
 7. Slag                           - Score: 0.2072
 8. FlyAsh                         - Score: 0.1176
================================================================================
  Automatically selected 3 Gaussians for Age (label 2)
  Automatically selected 4 Gaussians for Age (label 0)
  Automatically selected 4 Gaussians for Age (label 1)
  Automatically selected 3 Gaussians for Cement (label 2)
  Automatically selected 2 Gaussians for Cement (label 0)
  Automatically selected 2 Gaussians for Cement (label 1)
  Automatically selected 2 Gaussians for CoarseAgg (label 2)
  Automatically selected 1 Gaussians for CoarseAgg (label 0)
  Automatically selected 1 Gaussians for CoarseAgg (label 1)
  Automatically selected 3 Gaussians for FineAgg (label 2)
  Automatically selected 1 Gaussians for FineAgg (label 0)
  Automatically selected 1 Gaussians for FineAgg (label 1)
  Automatically selected 4 Gaussians for Superplasticizer (label 2)
  Automatically selected 2 Gaussians for Superplasticizer (label 0)
  Automatically selected 2 Gaussians for Superplasticizer (label 1)
  Automatically selected 1 Gaussians for Water (label 2)
  Automatically selected 4 Gaussians for Water (label 0)
  Automatically selected 1 Gaussians for Water (label 1)
  Automatically selected 3 Gaussians for Slag (label 2)
  Automatically selected 2 Gaussians for Slag (label 0)
  Automatically selected 2 Gaussians for Slag (label 1)
  Automatically selected 2 Gaussians for FlyAsh (label 2)
  Automatically selected 2 Gaussians for FlyAsh (label 0)
  Automatically selected 2 Gaussians for FlyAsh (label 1)

Features Ranked by Differentiation Strength:
================================================================================
 1. Age                            - Score: 1.0000
 2. Cement                         - Score: 0.4925
 3. Water                          - Score: 0.3374
 4. CoarseAgg                      - Score: 0.3221
 5. FineAgg                        - Score: 0.2684
 6. Superplasticizer               - Score: 0.1278
 7. Slag                           - Score: 0.0664
 8. FlyAsh                         - Score: 0.0540
================================================================================
  Automatically selected 4 Gaussians for Age (label 2)
  Automatically selected 4 Gaussians for Age (label 1)
  Automatically selected 4 Gaussians for Age (label 0)
  Automatically selected 2 Gaussians for Cement (label 2)
  Automatically selected 2 Gaussians for Cement (label 1)
  Automatically selected 2 Gaussians for Cement (label 0)
  Automatically selected 3 Gaussians for Water (label 2)
  Automatically selected 1 Gaussians for Water (label 1)
  Automatically selected 2 Gaussians for Water (label 0)
  Automatically selected 1 Gaussians for CoarseAgg (label 2)
  Automatically selected 2 Gaussians for CoarseAgg (label 1)
  Automatically selected 1 Gaussians for CoarseAgg (label 0)
  Automatically selected 4 Gaussians for FineAgg (label 2)
  Automatically selected 1 Gaussians for FineAgg (label 1)
  Automatically selected 1 Gaussians for FineAgg (label 0)
  Automatically selected 2 Gaussians for Superplasticizer (label 2)
  Automatically selected 2 Gaussians for Superplasticizer (label 1)
  Automatically selected 2 Gaussians for Superplasticizer (label 0)
  Automatically selected 2 Gaussians for Slag (label 2)
  Automatically selected 2 Gaussians for Slag (label 1)
  Automatically selected 2 Gaussians for Slag (label 0)
  Automatically selected 2 Gaussians for FlyAsh (label 2)
  Automatically selected 2 Gaussians for FlyAsh (label 1)
  Automatically selected 2 Gaussians for FlyAsh (label 0)

Features Ranked by Differentiation Strength:
================================================================================
 1. Age                            - Score: 1.0000
 2. Water                          - Score: 0.8270
 3. Superplasticizer               - Score: 0.6651
 4. CoarseAgg                      - Score: 0.6584
 5. FineAgg                        - Score: 0.5148
 6. Cement                         - Score: 0.5146
 7. Slag                           - Score: 0.3792
 8. FlyAsh                         - Score: 0.0508
================================================================================
  Automatically selected 4 Gaussians for Age (label 2)
  Automatically selected 3 Gaussians for Age (label 1)
  Automatically selected 4 Gaussians for Age (label 0)
  Automatically selected 4 Gaussians for Water (label 2)
  Automatically selected 3 Gaussians for Water (label 1)
  Automatically selected 3 Gaussians for Water (label 0)
  Automatically selected 3 Gaussians for Superplasticizer (label 2)
  Automatically selected 4 Gaussians for Superplasticizer (label 1)
  Automatically selected 2 Gaussians for Superplasticizer (label 0)
  Automatically selected 3 Gaussians for CoarseAgg (label 2)
  Automatically selected 3 Gaussians for CoarseAgg (label 1)
  Automatically selected 2 Gaussians for CoarseAgg (label 0)
  Automatically selected 4 Gaussians for FineAgg (label 2)
  Automatically selected 4 Gaussians for FineAgg (label 1)
  Automatically selected 1 Gaussians for FineAgg (label 0)
  Automatically selected 3 Gaussians for Cement (label 2)
  Automatically selected 2 Gaussians for Cement (label 1)
  Automatically selected 3 Gaussians for Cement (label 0)
  Automatically selected 4 Gaussians for Slag (label 2)
  Automatically selected 2 Gaussians for Slag (label 1)
  Automatically selected 2 Gaussians for Slag (label 0)
  Automatically selected 2 Gaussians for FlyAsh (label 2)
  Automatically selected 3 Gaussians for FlyAsh (label 1)
  Automatically selected 2 Gaussians for FlyAsh (label 0)

Features Ranked by Differentiation Strength:
================================================================================
 1. Water                          - Score: 1.0000
 2. Cement                         - Score: 0.9010
 3. Age                            - Score: 0.7618
 4. Superplasticizer               - Score: 0.6634
 5. FineAgg                        - Score: 0.5650
 6. CoarseAgg                      - Score: 0.5119
 7. Slag                           - Score: 0.4678
 8. FlyAsh                         - Score: 0.1618
================================================================================
  Automatically selected 3 Gaussians for Water (label 1)
  Automatically selected 2 Gaussians for Water (label 0)
  Automatically selected 4 Gaussians for Water (label 2)
  Automatically selected 4 Gaussians for Cement (label 1)
  Automatically selected 4 Gaussians for Cement (label 0)
  Automatically selected 4 Gaussians for Cement (label 2)
  Automatically selected 4 Gaussians for Age (label 1)
  Automatically selected 4 Gaussians for Age (label 0)
  Automatically selected 4 Gaussians for Age (label 2)
  Automatically selected 3 Gaussians for Superplasticizer (label 1)
  Automatically selected 3 Gaussians for Superplasticizer (label 0)
  Automatically selected 3 Gaussians for Superplasticizer (label 2)
  Automatically selected 2 Gaussians for FineAgg (label 1)
  Automatically selected 1 Gaussians for FineAgg (label 0)
  Automatically selected 4 Gaussians for FineAgg (label 2)
  Automatically selected 4 Gaussians for CoarseAgg (label 1)
  Automatically selected 3 Gaussians for CoarseAgg (label 0)
  Automatically selected 4 Gaussians for CoarseAgg (label 2)
  Automatically selected 4 Gaussians for Slag (label 1)
  Automatically selected 4 Gaussians for Slag (label 0)
  Automatically selected 4 Gaussians for Slag (label 2)
  Automatically selected 2 Gaussians for FlyAsh (label 1)
  Automatically selected 2 Gaussians for FlyAsh (label 0)
  Automatically selected 2 Gaussians for FlyAsh (label 2)

Features Ranked by Differentiation Strength:
================================================================================
 1. Cement                         - Score: 1.0000
 2. Age                            - Score: 0.9291
 3. Water                          - Score: 0.6492
 4. FineAgg                        - Score: 0.5540
 5. CoarseAgg                      - Score: 0.5163
 6. Superplasticizer               - Score: 0.4924
 7. Slag                           - Score: 0.1341
 8. FlyAsh                         - Score: 0.1211
================================================================================
  Automatically selected 3 Gaussians for Cement (label 0)
  Automatically selected 2 Gaussians for Cement (label 1)
  Automatically selected 2 Gaussians for Cement (label 2)
  Automatically selected 4 Gaussians for Age (label 0)
  Automatically selected 4 Gaussians for Age (label 1)
  Automatically selected 4 Gaussians for Age (label 2)
  Automatically selected 3 Gaussians for Water (label 0)
  Automatically selected 3 Gaussians for Water (label 1)
  Automatically selected 3 Gaussians for Water (label 2)
  Automatically selected 1 Gaussians for FineAgg (label 0)
  Automatically selected 4 Gaussians for FineAgg (label 1)
  Automatically selected 4 Gaussians for FineAgg (label 2)
  Automatically selected 2 Gaussians for CoarseAgg (label 0)
  Automatically selected 3 Gaussians for CoarseAgg (label 1)
  Automatically selected 4 Gaussians for CoarseAgg (label 2)
  Automatically selected 2 Gaussians for Superplasticizer (label 0)
  Automatically selected 4 Gaussians for Superplasticizer (label 1)
  Automatically selected 3 Gaussians for Superplasticizer (label 2)
  Automatically selected 2 Gaussians for Slag (label 0)
  Automatically selected 2 Gaussians for Slag (label 1)
  Automatically selected 4 Gaussians for Slag (label 2)
  Automatically selected 3 Gaussians for FlyAsh (label 0)
  Automatically selected 2 Gaussians for FlyAsh (label 1)
  Automatically selected 3 Gaussians for FlyAsh (label 2)

Features Ranked by Differentiation Strength:
================================================================================
 1. Cement                         - Score: 1.0000
 2. Age                            - Score: 0.9291
 3. Water                          - Score: 0.6492
 4. FineAgg                        - Score: 0.5540
 5. CoarseAgg                      - Score: 0.5163
 6. Superplasticizer               - Score: 0.4924
 7. Slag                           - Score: 0.1341
 8. FlyAsh                         - Score: 0.1211
================================================================================

Features Ranked by Differentiation Strength:
================================================================================
 1. Cement                         - Score: 1.0000
 2. Age                            - Score: 0.9291
 3. Water                          - Score: 0.6492
 4. FineAgg                        - Score: 0.5540
 5. CoarseAgg                      - Score: 0.5163
 6. Superplasticizer               - Score: 0.4924
 7. Slag                           - Score: 0.1341
 8. FlyAsh                         - Score: 0.1211
================================================================================

Features Ranked by Differentiation Strength:
================================================================================
 1. Age                            - Score: 1.0000
 2. FineAgg                        - Score: 0.5956
 3. CoarseAgg                      - Score: 0.5575
 4. Cement                         - Score: 0.4793
 5. Water                          - Score: 0.4763
 6. Superplasticizer               - Score: 0.4639
 7. Slag                           - Score: 0.3144
 8. FlyAsh                         - Score: 0.1005
================================================================================
  Automatically selected 4 Gaussians for Age (label 0)
  Automatically selected 2 Gaussians for Age (label 2)
  Automatically selected 4 Gaussians for Age (label 1)
  Automatically selected 1 Gaussians for FineAgg (label 0)
  Automatically selected 3 Gaussians for FineAgg (label 2)
  Automatically selected 1 Gaussians for FineAgg (label 1)
  Automatically selected 1 Gaussians for CoarseAgg (label 0)
  Automatically selected 4 Gaussians for CoarseAgg (label 2)
  Automatically selected 1 Gaussians for CoarseAgg (label 1)
  Automatically selected 1 Gaussians for Cement (label 0)
  Automatically selected 3 Gaussians for Cement (label 2)
  Automatically selected 2 Gaussians for Cement (label 1)
  Automatically selected 4 Gaussians for Water (label 0)
  Automatically selected 1 Gaussians for Water (label 2)
  Automatically selected 1 Gaussians for Water (label 1)
  Automatically selected 2 Gaussians for Superplasticizer (label 0)
  Automatically selected 3 Gaussians for Superplasticizer (label 2)
  Automatically selected 2 Gaussians for Superplasticizer (label 1)
  Automatically selected 2 Gaussians for Slag (label 0)
  Automatically selected 2 Gaussians for Slag (label 2)
  Automatically selected 2 Gaussians for Slag (label 1)
  Automatically selected 2 Gaussians for FlyAsh (label 0)
  Automatically selected 2 Gaussians for FlyAsh (label 2)
  Automatically selected 3 Gaussians for FlyAsh (label 1)

Features Ranked by Differentiation Strength:
================================================================================
 1. Age                            - Score: 1.0000
 2. Cement                         - Score: 0.4772
 3. Water                          - Score: 0.3903
 4. CoarseAgg                      - Score: 0.3448
 5. FineAgg                        - Score: 0.3168
 6. Superplasticizer               - Score: 0.1677
 7. Slag                           - Score: 0.0923
 8. FlyAsh                         - Score: 0.0682
================================================================================
  Automatically selected 4 Gaussians for Age (label 0)
  Automatically selected 4 Gaussians for Age (label 2)
  Automatically selected 4 Gaussians for Age (label 1)
  Automatically selected 2 Gaussians for Cement (label 0)
  Automatically selected 2 Gaussians for Cement (label 2)
  Automatically selected 2 Gaussians for Cement (label 1)
  Automatically selected 4 Gaussians for Water (label 0)
  Automatically selected 3 Gaussians for Water (label 2)
  Automatically selected 3 Gaussians for Water (label 1)
  Automatically selected 2 Gaussians for CoarseAgg (label 0)
  Automatically selected 4 Gaussians for CoarseAgg (label 2)
  Automatically selected 3 Gaussians for CoarseAgg (label 1)
  Automatically selected 4 Gaussians for FineAgg (label 0)
  Automatically selected 3 Gaussians for FineAgg (label 2)
  Automatically selected 1 Gaussians for FineAgg (label 1)
  Automatically selected 2 Gaussians for Superplasticizer (label 0)
  Automatically selected 2 Gaussians for Superplasticizer (label 2)
  Automatically selected 3 Gaussians for Superplasticizer (label 1)
  Automatically selected 2 Gaussians for Slag (label 0)
  Automatically selected 4 Gaussians for Slag (label 2)
  Automatically selected 2 Gaussians for Slag (label 1)
  Automatically selected 2 Gaussians for FlyAsh (label 0)
  Automatically selected 4 Gaussians for FlyAsh (label 2)
  Automatically selected 2 Gaussians for FlyAsh (label 1)

Features Ranked by Differentiation Strength:
================================================================================
 1. Age                            - Score: 1.0000
 2. CoarseAgg                      - Score: 0.6029
 3. Cement                         - Score: 0.5626
 4. Water                          - Score: 0.5617
 5. Superplasticizer               - Score: 0.5463
 6. FineAgg                        - Score: 0.4830
 7. Slag                           - Score: 0.2640
 8. FlyAsh                         - Score: 0.0855
================================================================================
  Automatically selected 4 Gaussians for Age (label 1)
  Automatically selected 4 Gaussians for Age (label 2)
  Automatically selected 4 Gaussians for Age (label 0)
  Automatically selected 3 Gaussians for CoarseAgg (label 1)
  Automatically selected 4 Gaussians for CoarseAgg (label 2)
  Automatically selected 2 Gaussians for CoarseAgg (label 0)
  Automatically selected 3 Gaussians for Cement (label 1)
  Automatically selected 4 Gaussians for Cement (label 2)
  Automatically selected 3 Gaussians for Cement (label 0)
  Automatically selected 1 Gaussians for Water (label 1)
  Automatically selected 3 Gaussians for Water (label 2)
  Automatically selected 4 Gaussians for Water (label 0)
  Automatically selected 4 Gaussians for Superplasticizer (label 1)
  Automatically selected 3 Gaussians for Superplasticizer (label 2)
  Automatically selected 2 Gaussians for Superplasticizer (label 0)
  Automatically selected 1 Gaussians for FineAgg (label 1)
  Automatically selected 4 Gaussians for FineAgg (label 2)
  Automatically selected 1 Gaussians for FineAgg (label 0)
  Automatically selected 2 Gaussians for Slag (label 1)
  Automatically selected 2 Gaussians for Slag (label 2)
  Automatically selected 2 Gaussians for Slag (label 0)
  Automatically selected 4 Gaussians for FlyAsh (label 1)
  Automatically selected 2 Gaussians for FlyAsh (label 2)
  Automatically selected 2 Gaussians for FlyAsh (label 0)

Features Ranked by Differentiation Strength:
================================================================================
 1. Water                          - Score: 1.0000
 2. Cement                         - Score: 0.9423
 3. Age                            - Score: 0.8141
 4. Superplasticizer               - Score: 0.7186
 5. CoarseAgg                      - Score: 0.6543
 6. FineAgg                        - Score: 0.5856
 7. Slag                           - Score: 0.4996
 8. FlyAsh                         - Score: 0.1804
================================================================================
  Automatically selected 4 Gaussians for Water (label 2)
  Automatically selected 4 Gaussians for Water (label 0)
  Automatically selected 3 Gaussians for Water (label 1)
  Automatically selected 4 Gaussians for Cement (label 2)
  Automatically selected 4 Gaussians for Cement (label 0)
  Automatically selected 4 Gaussians for Cement (label 1)
  Automatically selected 3 Gaussians for Age (label 2)
  Automatically selected 4 Gaussians for Age (label 0)
  Automatically selected 4 Gaussians for Age (label 1)
  Automatically selected 3 Gaussians for Superplasticizer (label 2)
  Automatically selected 4 Gaussians for Superplasticizer (label 0)
  Automatically selected 3 Gaussians for Superplasticizer (label 1)
  Automatically selected 4 Gaussians for CoarseAgg (label 2)
  Automatically selected 4 Gaussians for CoarseAgg (label 0)
  Automatically selected 4 Gaussians for CoarseAgg (label 1)
  Automatically selected 4 Gaussians for FineAgg (label 2)
  Automatically selected 3 Gaussians for FineAgg (label 0)
  Automatically selected 2 Gaussians for FineAgg (label 1)
  Automatically selected 4 Gaussians for Slag (label 2)
  Automatically selected 3 Gaussians for Slag (label 0)
  Automatically selected 2 Gaussians for Slag (label 1)
  Automatically selected 2 Gaussians for FlyAsh (label 2)
  Automatically selected 4 Gaussians for FlyAsh (label 0)
  Automatically selected 4 Gaussians for FlyAsh (label 1)
  Concrete: probability done

Features Ranked by Differentiation Strength:
================================================================================
 1. Age                            - Score: 1.0000
 2. Cement                         - Score: 0.9306
 3. Water                          - Score: 0.6608
 4. FineAgg                        - Score: 0.5154
 5. CoarseAgg                      - Score: 0.4978
 6. Superplasticizer               - Score: 0.4839
 7. Slag                           - Score: 0.1348
 8. FlyAsh                         - Score: 0.1057
================================================================================
  Automatically selected 4 Gaussians for Age (label 2)
  Automatically selected 4 Gaussians for Age (label 1)
  Automatically selected 4 Gaussians for Age (label 0)
  Automatically selected 2 Gaussians for Cement (label 2)
  Automatically selected 2 Gaussians for Cement (label 1)
  Automatically selected 3 Gaussians for Cement (label 0)
  Automatically selected 3 Gaussians for Water (label 2)
  Automatically selected 3 Gaussians for Water (label 1)
  Automatically selected 3 Gaussians for Water (label 0)
  Automatically selected 3 Gaussians for FineAgg (label 2)
  Automatically selected 3 Gaussians for FineAgg (label 1)
  Automatically selected 1 Gaussians for FineAgg (label 0)
  Automatically selected 4 Gaussians for CoarseAgg (label 2)
  Automatically selected 3 Gaussians for CoarseAgg (label 1)
  Automatically selected 3 Gaussians for CoarseAgg (label 0)
  Automatically selected 3 Gaussians for Superplasticizer (label 2)
  Automatically selected 4 Gaussians for Superplasticizer (label 1)
  Automatically selected 2 Gaussians for Superplasticizer (label 0)
  Automatically selected 4 Gaussians for Slag (label 2)
  Automatically selected 2 Gaussians for Slag (label 1)
  Automatically selected 2 Gaussians for Slag (label 0)
  Automatically selected 3 Gaussians for FlyAsh (label 2)
  Automatically selected 2 Gaussians for FlyAsh (label 1)
  Automatically selected 2 Gaussians for FlyAsh (label 0)

Features Ranked by Differentiation Strength:
================================================================================
 1. Age                            - Score: 1.0000
 2. Cement                         - Score: 0.9306
 3. Water                          - Score: 0.6608
 4. FineAgg                        - Score: 0.5154
 5. CoarseAgg                      - Score: 0.4978
 6. Superplasticizer               - Score: 0.4839
 7. Slag                           - Score: 0.1348
 8. FlyAsh                         - Score: 0.1057
================================================================================

Features Ranked by Differentiation Strength:
================================================================================
 1. Age                            - Score: 1.0000
 2. Cement                         - Score: 0.9306
 3. Water                          - Score: 0.6608
 4. FineAgg                        - Score: 0.5154
 5. CoarseAgg                      - Score: 0.4978
 6. Superplasticizer               - Score: 0.4839
 7. Slag                           - Score: 0.1348
 8. FlyAsh                         - Score: 0.1057
================================================================================

Features Ranked by Differentiation Strength:
================================================================================
 1. Age                            - Score: 1.0000
 2. CoarseAgg                      - Score: 0.6368
 3. FineAgg                        - Score: 0.6326
 4. Cement                         - Score: 0.5066
 5. Superplasticizer               - Score: 0.4316
 6. Water                          - Score: 0.4034
 7. Slag                           - Score: 0.3237
 8. FlyAsh                         - Score: 0.1077
================================================================================
  Automatically selected 4 Gaussians for Age (label 0)
  Automatically selected 4 Gaussians for Age (label 1)
  Automatically selected 4 Gaussians for Age (label 2)
  Automatically selected 1 Gaussians for CoarseAgg (label 0)
  Automatically selected 1 Gaussians for CoarseAgg (label 1)
  Automatically selected 4 Gaussians for CoarseAgg (label 2)
  Automatically selected 1 Gaussians for FineAgg (label 0)
  Automatically selected 1 Gaussians for FineAgg (label 1)
  Automatically selected 3 Gaussians for FineAgg (label 2)
  Automatically selected 2 Gaussians for Cement (label 0)
  Automatically selected 2 Gaussians for Cement (label 1)
  Automatically selected 3 Gaussians for Cement (label 2)
  Automatically selected 2 Gaussians for Superplasticizer (label 0)
  Automatically selected 2 Gaussians for Superplasticizer (label 1)
  Automatically selected 3 Gaussians for Superplasticizer (label 2)
  Automatically selected 4 Gaussians for Water (label 0)
  Automatically selected 1 Gaussians for Water (label 1)
  Automatically selected 1 Gaussians for Water (label 2)
  Automatically selected 2 Gaussians for Slag (label 0)
  Automatically selected 2 Gaussians for Slag (label 1)
  Automatically selected 3 Gaussians for Slag (label 2)
  Automatically selected 2 Gaussians for FlyAsh (label 0)
  Automatically selected 3 Gaussians for FlyAsh (label 1)
  Automatically selected 2 Gaussians for FlyAsh (label 2)

Features Ranked by Differentiation Strength:
================================================================================
 1. Age                            - Score: 1.0000
 2. Cement                         - Score: 0.4461
 3. Water                          - Score: 0.3698
 4. CoarseAgg                      - Score: 0.3265
 5. FineAgg                        - Score: 0.3010
 6. Superplasticizer               - Score: 0.1654
 7. Slag                           - Score: 0.0898
 8. FlyAsh                         - Score: 0.0574
================================================================================
  Automatically selected 4 Gaussians for Age (label 0)
  Automatically selected 3 Gaussians for Age (label 1)
  Automatically selected 4 Gaussians for Age (label 2)
  Automatically selected 3 Gaussians for Cement (label 0)
  Automatically selected 2 Gaussians for Cement (label 1)
  Automatically selected 2 Gaussians for Cement (label 2)
  Automatically selected 2 Gaussians for Water (label 0)
  Automatically selected 3 Gaussians for Water (label 1)
  Automatically selected 3 Gaussians for Water (label 2)
  Automatically selected 1 Gaussians for CoarseAgg (label 0)
  Automatically selected 3 Gaussians for CoarseAgg (label 1)
  Automatically selected 1 Gaussians for CoarseAgg (label 2)
  Automatically selected 4 Gaussians for FineAgg (label 0)
  Automatically selected 1 Gaussians for FineAgg (label 1)
  Automatically selected 3 Gaussians for FineAgg (label 2)
  Automatically selected 2 Gaussians for Superplasticizer (label 0)
  Automatically selected 2 Gaussians for Superplasticizer (label 1)
  Automatically selected 2 Gaussians for Superplasticizer (label 2)
  Automatically selected 2 Gaussians for Slag (label 0)
  Automatically selected 2 Gaussians for Slag (label 1)
  Automatically selected 2 Gaussians for Slag (label 2)
  Automatically selected 2 Gaussians for FlyAsh (label 0)
  Automatically selected 2 Gaussians for FlyAsh (label 1)
  Automatically selected 4 Gaussians for FlyAsh (label 2)

Features Ranked by Differentiation Strength:
================================================================================
 1. Cement                         - Score: 1.0000
 2. Water                          - Score: 0.8962
 3. CoarseAgg                      - Score: 0.8787
 4. Age                            - Score: 0.8353
 5. Superplasticizer               - Score: 0.8254
 6. FineAgg                        - Score: 0.6271
 7. Slag                           - Score: 0.3809
 8. FlyAsh                         - Score: 0.1025
================================================================================
  Automatically selected 2 Gaussians for Cement (label 2)
  Automatically selected 1 Gaussians for Cement (label 1)
  Automatically selected 2 Gaussians for Cement (label 0)
  Automatically selected 1 Gaussians for Water (label 2)
  Automatically selected 1 Gaussians for Water (label 1)
  Automatically selected 2 Gaussians for Water (label 0)
  Automatically selected 4 Gaussians for CoarseAgg (label 2)
  Automatically selected 3 Gaussians for CoarseAgg (label 1)
  Automatically selected 4 Gaussians for CoarseAgg (label 0)
  Automatically selected 4 Gaussians for Age (label 2)
  Automatically selected 4 Gaussians for Age (label 1)
  Automatically selected 4 Gaussians for Age (label 0)
  Automatically selected 3 Gaussians for Superplasticizer (label 2)
  Automatically selected 3 Gaussians for Superplasticizer (label 1)
  Automatically selected 3 Gaussians for Superplasticizer (label 0)
  Automatically selected 1 Gaussians for FineAgg (label 2)
  Automatically selected 3 Gaussians for FineAgg (label 1)
  Automatically selected 1 Gaussians for FineAgg (label 0)
  Automatically selected 4 Gaussians for Slag (label 2)
  Automatically selected 2 Gaussians for Slag (label 1)
  Automatically selected 2 Gaussians for Slag (label 0)
  Automatically selected 2 Gaussians for FlyAsh (label 2)
  Automatically selected 2 Gaussians for FlyAsh (label 1)
  Automatically selected 3 Gaussians for FlyAsh (label 0)

Features Ranked by Differentiation Strength:
================================================================================
 1. Water                          - Score: 1.0000
 2. Age                            - Score: 0.9976
 3. Cement                         - Score: 0.9334
 4. Superplasticizer               - Score: 0.7571
 5. CoarseAgg                      - Score: 0.6287
 6. FineAgg                        - Score: 0.5829
 7. Slag                           - Score: 0.4284
 8. FlyAsh                         - Score: 0.1707
================================================================================
  Automatically selected 3 Gaussians for Water (label 1)
  Automatically selected 3 Gaussians for Water (label 0)
  Automatically selected 3 Gaussians for Water (label 2)
  Automatically selected 4 Gaussians for Age (label 1)
  Automatically selected 4 Gaussians for Age (label 0)
  Automatically selected 4 Gaussians for Age (label 2)
  Automatically selected 1 Gaussians for Cement (label 1)
  Automatically selected 3 Gaussians for Cement (label 0)
  Automatically selected 1 Gaussians for Cement (label 2)
  Automatically selected 3 Gaussians for Superplasticizer (label 1)
  Automatically selected 3 Gaussians for Superplasticizer (label 0)
  Automatically selected 3 Gaussians for Superplasticizer (label 2)
  Automatically selected 1 Gaussians for CoarseAgg (label 1)
  Automatically selected 3 Gaussians for CoarseAgg (label 0)
  Automatically selected 4 Gaussians for CoarseAgg (label 2)
  Automatically selected 2 Gaussians for FineAgg (label 1)
  Automatically selected 3 Gaussians for FineAgg (label 0)
  Automatically selected 3 Gaussians for FineAgg (label 2)
  Automatically selected 2 Gaussians for Slag (label 1)
  Automatically selected 2 Gaussians for Slag (label 0)
  Automatically selected 2 Gaussians for Slag (label 2)
  Automatically selected 2 Gaussians for FlyAsh (label 1)
  Automatically selected 3 Gaussians for FlyAsh (label 0)
  Automatically selected 3 Gaussians for FlyAsh (label 2)

Features Ranked by Differentiation Strength:
================================================================================
 1. Age                            - Score: 1.0000
 2. Cement                         - Score: 0.8865
 3. Water                          - Score: 0.6582
 4. CoarseAgg                      - Score: 0.5128
 5. FineAgg                        - Score: 0.4726
 6. Superplasticizer               - Score: 0.4546
 7. Slag                           - Score: 0.1093
 8. FlyAsh                         - Score: 0.0868
================================================================================
  Automatically selected 4 Gaussians for Age (label 0)
  Automatically selected 4 Gaussians for Age (label 1)
  Automatically selected 4 Gaussians for Age (label 2)
  Automatically selected 2 Gaussians for Cement (label 0)
  Automatically selected 3 Gaussians for Cement (label 1)
  Automatically selected 1 Gaussians for Cement (label 2)
  Automatically selected 4 Gaussians for Water (label 0)
  Automatically selected 3 Gaussians for Water (label 1)
  Automatically selected 3 Gaussians for Water (label 2)
  Automatically selected 2 Gaussians for CoarseAgg (label 0)
  Automatically selected 4 Gaussians for CoarseAgg (label 1)
  Automatically selected 4 Gaussians for CoarseAgg (label 2)
  Automatically selected 1 Gaussians for FineAgg (label 0)
  Automatically selected 4 Gaussians for FineAgg (label 1)
  Automatically selected 3 Gaussians for FineAgg (label 2)
  Automatically selected 2 Gaussians for Superplasticizer (label 0)
  Automatically selected 3 Gaussians for Superplasticizer (label 1)
  Automatically selected 3 Gaussians for Superplasticizer (label 2)
  Automatically selected 2 Gaussians for Slag (label 0)
  Automatically selected 2 Gaussians for Slag (label 1)
  Automatically selected 2 Gaussians for Slag (label 2)
  Automatically selected 2 Gaussians for FlyAsh (label 0)
  Automatically selected 3 Gaussians for FlyAsh (label 1)
  Automatically selected 2 Gaussians for FlyAsh (label 2)

Features Ranked by Differentiation Strength:
================================================================================
 1. Age                            - Score: 1.0000
 2. Cement                         - Score: 0.8865
 3. Water                          - Score: 0.6582
 4. CoarseAgg                      - Score: 0.5128
 5. FineAgg                        - Score: 0.4726
 6. Superplasticizer               - Score: 0.4546
 7. Slag                           - Score: 0.1093
 8. FlyAsh                         - Score: 0.0868
================================================================================

Features Ranked by Differentiation Strength:
================================================================================
 1. Age                            - Score: 1.0000
 2. Cement                         - Score: 0.8865
 3. Water                          - Score: 0.6582
 4. CoarseAgg                      - Score: 0.5128
 5. FineAgg                        - Score: 0.4726
 6. Superplasticizer               - Score: 0.4546
 7. Slag                           - Score: 0.1093
 8. FlyAsh                         - Score: 0.0868
================================================================================

Features Ranked by Differentiation Strength:
================================================================================
 1. Age                            - Score: 1.0000
 2. CoarseAgg                      - Score: 0.5334
 3. FineAgg                        - Score: 0.4614
 4. Cement                         - Score: 0.4212
 5. Superplasticizer               - Score: 0.3758
 6. Water                          - Score: 0.3539
 7. Slag                           - Score: 0.2256
 8. FlyAsh                         - Score: 0.0856
================================================================================
  Automatically selected 4 Gaussians for Age (label 1)
  Automatically selected 3 Gaussians for Age (label 2)
  Automatically selected 4 Gaussians for Age (label 0)
  Automatically selected 1 Gaussians for CoarseAgg (label 1)
  Automatically selected 3 Gaussians for CoarseAgg (label 2)
  Automatically selected 1 Gaussians for CoarseAgg (label 0)
  Automatically selected 1 Gaussians for FineAgg (label 1)
  Automatically selected 3 Gaussians for FineAgg (label 2)
  Automatically selected 4 Gaussians for FineAgg (label 0)
  Automatically selected 2 Gaussians for Cement (label 1)
  Automatically selected 3 Gaussians for Cement (label 2)
  Automatically selected 1 Gaussians for Cement (label 0)
  Automatically selected 2 Gaussians for Superplasticizer (label 1)
  Automatically selected 2 Gaussians for Superplasticizer (label 2)
  Automatically selected 2 Gaussians for Superplasticizer (label 0)
  Automatically selected 2 Gaussians for Water (label 1)
  Automatically selected 1 Gaussians for Water (label 2)
  Automatically selected 4 Gaussians for Water (label 0)
  Automatically selected 2 Gaussians for Slag (label 1)
  Automatically selected 2 Gaussians for Slag (label 2)
  Automatically selected 2 Gaussians for Slag (label 0)
  Automatically selected 2 Gaussians for FlyAsh (label 1)
  Automatically selected 2 Gaussians for FlyAsh (label 2)
  Automatically selected 2 Gaussians for FlyAsh (label 0)

Features Ranked by Differentiation Strength:
================================================================================
 1. Age                            - Score: 1.0000
 2. Cement                         - Score: 0.4402
 3. CoarseAgg                      - Score: 0.2985
 4. Water                          - Score: 0.2924
 5. FineAgg                        - Score: 0.2415
 6. Superplasticizer               - Score: 0.1488
 7. Slag                           - Score: 0.0615
 8. FlyAsh                         - Score: 0.0518
================================================================================
  Automatically selected 4 Gaussians for Age (label 1)
  Automatically selected 4 Gaussians for Age (label 0)
  Automatically selected 4 Gaussians for Age (label 2)
  Automatically selected 2 Gaussians for Cement (label 1)
  Automatically selected 2 Gaussians for Cement (label 0)
  Automatically selected 4 Gaussians for Cement (label 2)
  Automatically selected 3 Gaussians for CoarseAgg (label 1)
  Automatically selected 1 Gaussians for CoarseAgg (label 0)
  Automatically selected 3 Gaussians for CoarseAgg (label 2)
  Automatically selected 3 Gaussians for Water (label 1)
  Automatically selected 4 Gaussians for Water (label 0)
  Automatically selected 4 Gaussians for Water (label 2)
  Automatically selected 1 Gaussians for FineAgg (label 1)
  Automatically selected 1 Gaussians for FineAgg (label 0)
  Automatically selected 4 Gaussians for FineAgg (label 2)
  Automatically selected 2 Gaussians for Superplasticizer (label 1)
  Automatically selected 2 Gaussians for Superplasticizer (label 0)
  Automatically selected 2 Gaussians for Superplasticizer (label 2)
  Automatically selected 2 Gaussians for Slag (label 1)
  Automatically selected 2 Gaussians for Slag (label 0)
  Automatically selected 2 Gaussians for Slag (label 2)
  Automatically selected 2 Gaussians for FlyAsh (label 1)
  Automatically selected 2 Gaussians for FlyAsh (label 0)
  Automatically selected 4 Gaussians for FlyAsh (label 2)

Features Ranked by Differentiation Strength:
================================================================================
 1. Age                            - Score: 1.0000
 2. Water                          - Score: 0.5417
 3. Superplasticizer               - Score: 0.5286
 4. CoarseAgg                      - Score: 0.5203
 5. Cement                         - Score: 0.5117
 6. FineAgg                        - Score: 0.3654
 7. Slag                           - Score: 0.2500
 8. FlyAsh                         - Score: 0.0366
================================================================================
  Automatically selected 4 Gaussians for Age (label 1)
  Automatically selected 4 Gaussians for Age (label 0)
  Automatically selected 4 Gaussians for Age (label 2)
  Automatically selected 3 Gaussians for Water (label 1)
  Automatically selected 4 Gaussians for Water (label 0)
  Automatically selected 3 Gaussians for Water (label 2)
  Automatically selected 4 Gaussians for Superplasticizer (label 1)
  Automatically selected 4 Gaussians for Superplasticizer (label 0)
  Automatically selected 3 Gaussians for Superplasticizer (label 2)
  Automatically selected 4 Gaussians for CoarseAgg (label 1)
  Automatically selected 2 Gaussians for CoarseAgg (label 0)
  Automatically selected 3 Gaussians for CoarseAgg (label 2)
  Automatically selected 3 Gaussians for Cement (label 1)
  Automatically selected 4 Gaussians for Cement (label 0)
  Automatically selected 4 Gaussians for Cement (label 2)
  Automatically selected 1 Gaussians for FineAgg (label 1)
  Automatically selected 1 Gaussians for FineAgg (label 0)
  Automatically selected 4 Gaussians for FineAgg (label 2)
  Automatically selected 2 Gaussians for Slag (label 1)
  Automatically selected 2 Gaussians for Slag (label 0)
  Automatically selected 4 Gaussians for Slag (label 2)

Features Ranked by Differentiation Strength:
================================================================================
 1. Water                          - Score: 1.0000
 2. Cement                         - Score: 0.8257
 3. Superplasticizer               - Score: 0.7060
 4. Age                            - Score: 0.6730
 5. CoarseAgg                      - Score: 0.6258
 6. FineAgg                        - Score: 0.5704
 7. Slag                           - Score: 0.5159
 8. FlyAsh                         - Score: 0.1348
================================================================================
  Automatically selected 4 Gaussians for Water (label 0)
  Automatically selected 4 Gaussians for Water (label 2)
  Automatically selected 3 Gaussians for Water (label 1)
  Automatically selected 4 Gaussians for Cement (label 0)
  Automatically selected 2 Gaussians for Cement (label 2)
  Automatically selected 2 Gaussians for Cement (label 1)
  Automatically selected 3 Gaussians for Superplasticizer (label 0)
  Automatically selected 3 Gaussians for Superplasticizer (label 2)
  Automatically selected 3 Gaussians for Superplasticizer (label 1)
  Automatically selected 4 Gaussians for Age (label 0)
  Automatically selected 4 Gaussians for Age (label 2)
  Automatically selected 4 Gaussians for Age (label 1)
  Automatically selected 3 Gaussians for CoarseAgg (label 0)
  Automatically selected 4 Gaussians for CoarseAgg (label 2)
  Automatically selected 4 Gaussians for CoarseAgg (label 1)
  Automatically selected 1 Gaussians for FineAgg (label 0)
  Automatically selected 4 Gaussians for FineAgg (label 2)
  Automatically selected 2 Gaussians for FineAgg (label 1)
  Automatically selected 4 Gaussians for Slag (label 0)
  Automatically selected 4 Gaussians for Slag (label 2)
  Automatically selected 3 Gaussians for Slag (label 1)
  Automatically selected 4 Gaussians for FlyAsh (label 0)
  Automatically selected 2 Gaussians for FlyAsh (label 2)
  Automatically selected 2 Gaussians for FlyAsh (label 1)

Features Ranked by Differentiation Strength:
================================================================================
 1. Age                            - Score: 1.0000
 2. Cement                         - Score: 0.9682
 3. Water                          - Score: 0.6490
 4. FineAgg                        - Score: 0.5475
 5. CoarseAgg                      - Score: 0.4744
 6. Superplasticizer               - Score: 0.4313
 7. FlyAsh                         - Score: 0.0989
 8. Slag                           - Score: 0.0816
================================================================================
  Automatically selected 3 Gaussians for Age (label 2)
  Automatically selected 4 Gaussians for Age (label 1)
  Automatically selected 3 Gaussians for Age (label 0)
  Automatically selected 4 Gaussians for Cement (label 2)
  Automatically selected 2 Gaussians for Cement (label 1)
  Automatically selected 2 Gaussians for Cement (label 0)
  Automatically selected 3 Gaussians for Water (label 2)
  Automatically selected 3 Gaussians for Water (label 1)
  Automatically selected 4 Gaussians for Water (label 0)
  Automatically selected 4 Gaussians for FineAgg (label 2)
  Automatically selected 4 Gaussians for FineAgg (label 1)
  Automatically selected 1 Gaussians for FineAgg (label 0)
  Automatically selected 4 Gaussians for CoarseAgg (label 2)
  Automatically selected 3 Gaussians for CoarseAgg (label 1)
  Automatically selected 3 Gaussians for CoarseAgg (label 0)
  Automatically selected 3 Gaussians for Superplasticizer (label 2)
  Automatically selected 4 Gaussians for Superplasticizer (label 1)
  Automatically selected 2 Gaussians for Superplasticizer (label 0)
  Automatically selected 2 Gaussians for FlyAsh (label 2)
  Automatically selected 2 Gaussians for FlyAsh (label 1)
  Automatically selected 4 Gaussians for FlyAsh (label 0)
  Automatically selected 4 Gaussians for Slag (label 2)
  Automatically selected 2 Gaussians for Slag (label 1)
  Automatically selected 2 Gaussians for Slag (label 0)

Features Ranked by Differentiation Strength:
================================================================================
 1. Age                            - Score: 1.0000
 2. Cement                         - Score: 0.9682
 3. Water                          - Score: 0.6490
 4. FineAgg                        - Score: 0.5475
 5. CoarseAgg                      - Score: 0.4744
 6. Superplasticizer               - Score: 0.4313
 7. FlyAsh                         - Score: 0.0989
 8. Slag                           - Score: 0.0816
================================================================================

Features Ranked by Differentiation Strength:
================================================================================
 1. Age                            - Score: 1.0000
 2. Cement                         - Score: 0.9682
 3. Water                          - Score: 0.6490
 4. FineAgg                        - Score: 0.5475
 5. CoarseAgg                      - Score: 0.4744
 6. Superplasticizer               - Score: 0.4313
 7. FlyAsh                         - Score: 0.0989
 8. Slag                           - Score: 0.0816
================================================================================

Features Ranked by Differentiation Strength:
================================================================================
 1. Age                            - Score: 1.0000
 2. CoarseAgg                      - Score: 0.5797
 3. Cement                         - Score: 0.5760
 4. FineAgg                        - Score: 0.5751
 5. Superplasticizer               - Score: 0.3950
 6. Water                          - Score: 0.3701
 7. Slag                           - Score: 0.2306
 8. FlyAsh                         - Score: 0.0909
================================================================================
  Automatically selected 4 Gaussians for Age (label 2)
  Automatically selected 4 Gaussians for Age (label 1)
  Automatically selected 4 Gaussians for Age (label 0)
  Automatically selected 1 Gaussians for CoarseAgg (label 2)
  Automatically selected 4 Gaussians for CoarseAgg (label 1)
  Automatically selected 1 Gaussians for CoarseAgg (label 0)
  Automatically selected 3 Gaussians for Cement (label 2)
  Automatically selected 3 Gaussians for Cement (label 1)
  Automatically selected 3 Gaussians for Cement (label 0)
  Automatically selected 3 Gaussians for FineAgg (label 2)
  Automatically selected 1 Gaussians for FineAgg (label 1)
  Automatically selected 1 Gaussians for FineAgg (label 0)
  Automatically selected 2 Gaussians for Superplasticizer (label 2)
  Automatically selected 2 Gaussians for Superplasticizer (label 1)
  Automatically selected 2 Gaussians for Superplasticizer (label 0)
  Automatically selected 1 Gaussians for Water (label 2)
  Automatically selected 1 Gaussians for Water (label 1)
  Automatically selected 4 Gaussians for Water (label 0)
  Automatically selected 2 Gaussians for Slag (label 2)
  Automatically selected 2 Gaussians for Slag (label 1)
  Automatically selected 2 Gaussians for Slag (label 0)
  Automatically selected 3 Gaussians for FlyAsh (label 2)
  Automatically selected 3 Gaussians for FlyAsh (label 1)
  Automatically selected 2 Gaussians for FlyAsh (label 0)

Features Ranked by Differentiation Strength:
================================================================================
 1. Age                            - Score: 1.0000
 2. Cement                         - Score: 0.4479
 3. Water                          - Score: 0.2874
 4. FineAgg                        - Score: 0.2772
 5. CoarseAgg                      - Score: 0.2557
 6. Superplasticizer               - Score: 0.1117
 7. Slag                           - Score: 0.0563
 8. FlyAsh                         - Score: 0.0398
================================================================================
  Automatically selected 4 Gaussians for Age (label 2)
  Automatically selected 4 Gaussians for Age (label 1)
  Automatically selected 4 Gaussians for Age (label 0)
  Automatically selected 2 Gaussians for Cement (label 2)
  Automatically selected 2 Gaussians for Cement (label 1)
  Automatically selected 2 Gaussians for Cement (label 0)
  Automatically selected 3 Gaussians for Water (label 2)
  Automatically selected 1 Gaussians for Water (label 1)
  Automatically selected 2 Gaussians for Water (label 0)
  Automatically selected 3 Gaussians for FineAgg (label 2)
  Automatically selected 1 Gaussians for FineAgg (label 1)
  Automatically selected 1 Gaussians for FineAgg (label 0)
  Automatically selected 4 Gaussians for CoarseAgg (label 2)
  Automatically selected 3 Gaussians for CoarseAgg (label 1)
  Automatically selected 1 Gaussians for CoarseAgg (label 0)
  Automatically selected 2 Gaussians for Superplasticizer (label 2)
  Automatically selected 2 Gaussians for Superplasticizer (label 1)
  Automatically selected 2 Gaussians for Superplasticizer (label 0)
  Automatically selected 2 Gaussians for Slag (label 2)
  Automatically selected 2 Gaussians for Slag (label 1)
  Automatically selected 2 Gaussians for Slag (label 0)

Features Ranked by Differentiation Strength:
================================================================================
 1. Age                            - Score: 1.0000
 2. Water                          - Score: 0.5701
 3. CoarseAgg                      - Score: 0.5319
 4. Superplasticizer               - Score: 0.4484
 5. Cement                         - Score: 0.4408
 6. FineAgg                        - Score: 0.4337
 7. Slag                           - Score: 0.2264
 8. FlyAsh                         - Score: 0.0666
================================================================================
  Automatically selected 3 Gaussians for Age (label 1)
  Automatically selected 4 Gaussians for Age (label 0)
  Automatically selected 4 Gaussians for Age (label 2)
  Automatically selected 3 Gaussians for Water (label 1)
  Automatically selected 4 Gaussians for Water (label 0)
  Automatically selected 3 Gaussians for Water (label 2)
  Automatically selected 1 Gaussians for CoarseAgg (label 1)
  Automatically selected 2 Gaussians for CoarseAgg (label 0)
  Automatically selected 3 Gaussians for CoarseAgg (label 2)
  Automatically selected 3 Gaussians for Superplasticizer (label 1)
  Automatically selected 2 Gaussians for Superplasticizer (label 0)
  Automatically selected 3 Gaussians for Superplasticizer (label 2)
  Automatically selected 2 Gaussians for Cement (label 1)
  Automatically selected 2 Gaussians for Cement (label 0)
  Automatically selected 4 Gaussians for Cement (label 2)
  Automatically selected 3 Gaussians for FineAgg (label 1)
  Automatically selected 1 Gaussians for FineAgg (label 0)
  Automatically selected 4 Gaussians for FineAgg (label 2)
  Automatically selected 2 Gaussians for Slag (label 1)
  Automatically selected 2 Gaussians for Slag (label 0)
  Automatically selected 4 Gaussians for Slag (label 2)
  Automatically selected 4 Gaussians for FlyAsh (label 1)
  Automatically selected 2 Gaussians for FlyAsh (label 0)
  Automatically selected 2 Gaussians for FlyAsh (label 2)

Features Ranked by Differentiation Strength:
================================================================================
 1. Water                          - Score: 1.0000
 2. Cement                         - Score: 0.9168
 3. Age                            - Score: 0.8743
 4. Superplasticizer               - Score: 0.6827
 5. FineAgg                        - Score: 0.6036
 6. CoarseAgg                      - Score: 0.5142
 7. Slag                           - Score: 0.4705
 8. FlyAsh                         - Score: 0.2326
================================================================================
  Automatically selected 4 Gaussians for Water (label 2)
  Automatically selected 3 Gaussians for Water (label 1)
  Automatically selected 4 Gaussians for Water (label 0)
  Automatically selected 2 Gaussians for Cement (label 2)
  Automatically selected 2 Gaussians for Cement (label 1)
  Automatically selected 4 Gaussians for Cement (label 0)
  Automatically selected 4 Gaussians for Age (label 2)
  Automatically selected 4 Gaussians for Age (label 1)
  Automatically selected 4 Gaussians for Age (label 0)
  Automatically selected 3 Gaussians for Superplasticizer (label 2)
  Automatically selected 3 Gaussians for Superplasticizer (label 1)
  Automatically selected 2 Gaussians for Superplasticizer (label 0)
  Automatically selected 1 Gaussians for FineAgg (label 2)
  Automatically selected 2 Gaussians for FineAgg (label 1)
  Automatically selected 3 Gaussians for FineAgg (label 0)
  Automatically selected 4 Gaussians for CoarseAgg (label 2)
  Automatically selected 4 Gaussians for CoarseAgg (label 1)
  Automatically selected 4 Gaussians for CoarseAgg (label 0)
  Automatically selected 4 Gaussians for Slag (label 2)
  Automatically selected 2 Gaussians for Slag (label 1)
  Automatically selected 4 Gaussians for Slag (label 0)
  Automatically selected 2 Gaussians for FlyAsh (label 2)
  Automatically selected 2 Gaussians for FlyAsh (label 1)
  Automatically selected 4 Gaussians for FlyAsh (label 0)

Features Ranked by Differentiation Strength:
================================================================================
 1. Cement                         - Score: 1.0000
 2. Age                            - Score: 0.9641
 3. Water                          - Score: 0.6672
 4. FineAgg                        - Score: 0.5326
 5. CoarseAgg                      - Score: 0.5070
 6. Superplasticizer               - Score: 0.4563
 7. FlyAsh                         - Score: 0.1135
 8. Slag                           - Score: 0.0960
================================================================================
  Automatically selected 2 Gaussians for Cement (label 2)
  Automatically selected 2 Gaussians for Cement (label 1)
  Automatically selected 3 Gaussians for Cement (label 0)
  Automatically selected 4 Gaussians for Age (label 2)
  Automatically selected 4 Gaussians for Age (label 1)
  Automatically selected 4 Gaussians for Age (label 0)
  Automatically selected 3 Gaussians for Water (label 2)
  Automatically selected 3 Gaussians for Water (label 1)
  Automatically selected 4 Gaussians for Water (label 0)
  Automatically selected 4 Gaussians for FineAgg (label 2)
  Automatically selected 4 Gaussians for FineAgg (label 1)
  Automatically selected 1 Gaussians for FineAgg (label 0)
  Automatically selected 4 Gaussians for CoarseAgg (label 2)
  Automatically selected 3 Gaussians for CoarseAgg (label 1)
  Automatically selected 1 Gaussians for CoarseAgg (label 0)
  Automatically selected 3 Gaussians for Superplasticizer (label 2)
  Automatically selected 3 Gaussians for Superplasticizer (label 1)
  Automatically selected 2 Gaussians for Superplasticizer (label 0)
  Automatically selected 2 Gaussians for FlyAsh (label 2)
  Automatically selected 2 Gaussians for FlyAsh (label 1)
  Automatically selected 4 Gaussians for FlyAsh (label 0)
  Automatically selected 4 Gaussians for Slag (label 2)
  Automatically selected 2 Gaussians for Slag (label 1)
  Automatically selected 2 Gaussians for Slag (label 0)

Features Ranked by Differentiation Strength:
================================================================================
 1. Cement                         - Score: 1.0000
 2. Age                            - Score: 0.9641
 3. Water                          - Score: 0.6672
 4. FineAgg                        - Score: 0.5326
 5. CoarseAgg                      - Score: 0.5070
 6. Superplasticizer               - Score: 0.4563
 7. FlyAsh                         - Score: 0.1135
 8. Slag                           - Score: 0.0960
================================================================================

Features Ranked by Differentiation Strength:
================================================================================
 1. Cement                         - Score: 1.0000
 2. Age                            - Score: 0.9641
 3. Water                          - Score: 0.6672
 4. FineAgg                        - Score: 0.5326
 5. CoarseAgg                      - Score: 0.5070
 6. Superplasticizer               - Score: 0.4563
 7. FlyAsh                         - Score: 0.1135
 8. Slag                           - Score: 0.0960
================================================================================

Features Ranked by Differentiation Strength:
================================================================================
 1. Age                            - Score: 1.0000
 2. Cement                         - Score: 0.7017
 3. CoarseAgg                      - Score: 0.6576
 4. FineAgg                        - Score: 0.5873
 5. Superplasticizer               - Score: 0.5000
 6. Water                          - Score: 0.3997
 7. Slag                           - Score: 0.2072
 8. FlyAsh                         - Score: 0.1176
================================================================================
  Automatically selected 3 Gaussians for Age (label 2)
  Automatically selected 4 Gaussians for Age (label 0)
  Automatically selected 4 Gaussians for Age (label 1)
  Automatically selected 3 Gaussians for Cement (label 2)
  Automatically selected 2 Gaussians for Cement (label 0)
  Automatically selected 2 Gaussians for Cement (label 1)
  Automatically selected 2 Gaussians for CoarseAgg (label 2)
  Automatically selected 1 Gaussians for CoarseAgg (label 0)
  Automatically selected 1 Gaussians for CoarseAgg (label 1)
  Automatically selected 3 Gaussians for FineAgg (label 2)
  Automatically selected 1 Gaussians for FineAgg (label 0)
  Automatically selected 1 Gaussians for FineAgg (label 1)
  Automatically selected 4 Gaussians for Superplasticizer (label 2)
  Automatically selected 2 Gaussians for Superplasticizer (label 0)
  Automatically selected 2 Gaussians for Superplasticizer (label 1)
  Automatically selected 1 Gaussians for Water (label 2)
  Automatically selected 4 Gaussians for Water (label 0)
  Automatically selected 1 Gaussians for Water (label 1)
  Automatically selected 3 Gaussians for Slag (label 2)
  Automatically selected 2 Gaussians for Slag (label 0)
  Automatically selected 2 Gaussians for Slag (label 1)
  Automatically selected 2 Gaussians for FlyAsh (label 2)
  Automatically selected 2 Gaussians for FlyAsh (label 0)
  Automatically selected 2 Gaussians for FlyAsh (label 1)

Features Ranked by Differentiation Strength:
================================================================================
 1. Age                            - Score: 1.0000
 2. Cement                         - Score: 0.4925
 3. Water                          - Score: 0.3374
 4. CoarseAgg                      - Score: 0.3221
 5. FineAgg                        - Score: 0.2684
 6. Superplasticizer               - Score: 0.1278
 7. Slag                           - Score: 0.0664
 8. FlyAsh                         - Score: 0.0540
================================================================================
  Automatically selected 4 Gaussians for Age (label 2)
  Automatically selected 4 Gaussians for Age (label 1)
  Automatically selected 4 Gaussians for Age (label 0)
  Automatically selected 2 Gaussians for Cement (label 2)
  Automatically selected 2 Gaussians for Cement (label 1)
  Automatically selected 2 Gaussians for Cement (label 0)
  Automatically selected 3 Gaussians for Water (label 2)
  Automatically selected 1 Gaussians for Water (label 1)
  Automatically selected 2 Gaussians for Water (label 0)
  Automatically selected 1 Gaussians for CoarseAgg (label 2)
  Automatically selected 2 Gaussians for CoarseAgg (label 1)
  Automatically selected 1 Gaussians for CoarseAgg (label 0)
  Automatically selected 4 Gaussians for FineAgg (label 2)
  Automatically selected 1 Gaussians for FineAgg (label 1)
  Automatically selected 1 Gaussians for FineAgg (label 0)
  Automatically selected 2 Gaussians for Superplasticizer (label 2)
  Automatically selected 2 Gaussians for Superplasticizer (label 1)
  Automatically selected 2 Gaussians for Superplasticizer (label 0)
  Automatically selected 2 Gaussians for Slag (label 2)
  Automatically selected 2 Gaussians for Slag (label 1)
  Automatically selected 2 Gaussians for Slag (label 0)
  Automatically selected 2 Gaussians for FlyAsh (label 2)
  Automatically selected 2 Gaussians for FlyAsh (label 1)
  Automatically selected 2 Gaussians for FlyAsh (label 0)

Features Ranked by Differentiation Strength:
================================================================================
 1. Age                            - Score: 1.0000
 2. Water                          - Score: 0.8270
 3. Superplasticizer               - Score: 0.6651
 4. CoarseAgg                      - Score: 0.6584
 5. FineAgg                        - Score: 0.5148
 6. Cement                         - Score: 0.5146
 7. Slag                           - Score: 0.3792
 8. FlyAsh                         - Score: 0.0508
================================================================================
  Automatically selected 4 Gaussians for Age (label 2)
  Automatically selected 3 Gaussians for Age (label 1)
  Automatically selected 4 Gaussians for Age (label 0)
  Automatically selected 4 Gaussians for Water (label 2)
  Automatically selected 3 Gaussians for Water (label 1)
  Automatically selected 3 Gaussians for Water (label 0)
  Automatically selected 3 Gaussians for Superplasticizer (label 2)
  Automatically selected 4 Gaussians for Superplasticizer (label 1)
  Automatically selected 2 Gaussians for Superplasticizer (label 0)
  Automatically selected 3 Gaussians for CoarseAgg (label 2)
  Automatically selected 3 Gaussians for CoarseAgg (label 1)
  Automatically selected 2 Gaussians for CoarseAgg (label 0)
  Automatically selected 4 Gaussians for FineAgg (label 2)
  Automatically selected 4 Gaussians for FineAgg (label 1)
  Automatically selected 1 Gaussians for FineAgg (label 0)
  Automatically selected 3 Gaussians for Cement (label 2)
  Automatically selected 2 Gaussians for Cement (label 1)
  Automatically selected 3 Gaussians for Cement (label 0)
  Automatically selected 4 Gaussians for Slag (label 2)
  Automatically selected 2 Gaussians for Slag (label 1)
  Automatically selected 2 Gaussians for Slag (label 0)
  Automatically selected 2 Gaussians for FlyAsh (label 2)
  Automatically selected 3 Gaussians for FlyAsh (label 1)
  Automatically selected 2 Gaussians for FlyAsh (label 0)

Features Ranked by Differentiation Strength:
================================================================================
 1. Water                          - Score: 1.0000
 2. Cement                         - Score: 0.9010
 3. Age                            - Score: 0.7618
 4. Superplasticizer               - Score: 0.6634
 5. FineAgg                        - Score: 0.5650
 6. CoarseAgg                      - Score: 0.5119
 7. Slag                           - Score: 0.4678
 8. FlyAsh                         - Score: 0.1618
================================================================================
  Automatically selected 3 Gaussians for Water (label 1)
  Automatically selected 2 Gaussians for Water (label 0)
  Automatically selected 4 Gaussians for Water (label 2)
  Automatically selected 4 Gaussians for Cement (label 1)
  Automatically selected 4 Gaussians for Cement (label 0)
  Automatically selected 4 Gaussians for Cement (label 2)
  Automatically selected 4 Gaussians for Age (label 1)
  Automatically selected 4 Gaussians for Age (label 0)
  Automatically selected 4 Gaussians for Age (label 2)
  Automatically selected 3 Gaussians for Superplasticizer (label 1)
  Automatically selected 3 Gaussians for Superplasticizer (label 0)
  Automatically selected 3 Gaussians for Superplasticizer (label 2)
  Automatically selected 2 Gaussians for FineAgg (label 1)
  Automatically selected 1 Gaussians for FineAgg (label 0)
  Automatically selected 4 Gaussians for FineAgg (label 2)
  Automatically selected 4 Gaussians for CoarseAgg (label 1)
  Automatically selected 3 Gaussians for CoarseAgg (label 0)
  Automatically selected 4 Gaussians for CoarseAgg (label 2)
  Automatically selected 4 Gaussians for Slag (label 1)
  Automatically selected 4 Gaussians for Slag (label 0)
  Automatically selected 4 Gaussians for Slag (label 2)
  Automatically selected 2 Gaussians for FlyAsh (label 1)
  Automatically selected 2 Gaussians for FlyAsh (label 0)
  Automatically selected 2 Gaussians for FlyAsh (label 2)

Features Ranked by Differentiation Strength:
================================================================================
 1. Cement                         - Score: 1.0000
 2. Age                            - Score: 0.9291
 3. Water                          - Score: 0.6492
 4. FineAgg                        - Score: 0.5540
 5. CoarseAgg                      - Score: 0.5163
 6. Superplasticizer               - Score: 0.4924
 7. Slag                           - Score: 0.1341
 8. FlyAsh                         - Score: 0.1211
================================================================================
  Automatically selected 3 Gaussians for Cement (label 0)
  Automatically selected 2 Gaussians for Cement (label 1)
  Automatically selected 2 Gaussians for Cement (label 2)
  Automatically selected 4 Gaussians for Age (label 0)
  Automatically selected 4 Gaussians for Age (label 1)
  Automatically selected 4 Gaussians for Age (label 2)
  Automatically selected 3 Gaussians for Water (label 0)
  Automatically selected 3 Gaussians for Water (label 1)
  Automatically selected 3 Gaussians for Water (label 2)
  Automatically selected 1 Gaussians for FineAgg (label 0)
  Automatically selected 4 Gaussians for FineAgg (label 1)
  Automatically selected 4 Gaussians for FineAgg (label 2)
  Automatically selected 2 Gaussians for CoarseAgg (label 0)
  Automatically selected 3 Gaussians for CoarseAgg (label 1)
  Automatically selected 4 Gaussians for CoarseAgg (label 2)
  Automatically selected 2 Gaussians for Superplasticizer (label 0)
  Automatically selected 4 Gaussians for Superplasticizer (label 1)
  Automatically selected 3 Gaussians for Superplasticizer (label 2)
  Automatically selected 2 Gaussians for Slag (label 0)
  Automatically selected 2 Gaussians for Slag (label 1)
  Automatically selected 4 Gaussians for Slag (label 2)
  Automatically selected 3 Gaussians for FlyAsh (label 0)
  Automatically selected 2 Gaussians for FlyAsh (label 1)
  Automatically selected 3 Gaussians for FlyAsh (label 2)

Features Ranked by Differentiation Strength:
================================================================================
 1. Cement                         - Score: 1.0000
 2. Age                            - Score: 0.9291
 3. Water                          - Score: 0.6492
 4. FineAgg                        - Score: 0.5540
 5. CoarseAgg                      - Score: 0.5163
 6. Superplasticizer               - Score: 0.4924
 7. Slag                           - Score: 0.1341
 8. FlyAsh                         - Score: 0.1211
================================================================================

Features Ranked by Differentiation Strength:
================================================================================
 1. Cement                         - Score: 1.0000
 2. Age                            - Score: 0.9291
 3. Water                          - Score: 0.6492
 4. FineAgg                        - Score: 0.5540
 5. CoarseAgg                      - Score: 0.5163
 6. Superplasticizer               - Score: 0.4924
 7. Slag                           - Score: 0.1341
 8. FlyAsh                         - Score: 0.1211
================================================================================

Features Ranked by Differentiation Strength:
================================================================================
 1. Age                            - Score: 1.0000
 2. FineAgg                        - Score: 0.5956
 3. CoarseAgg                      - Score: 0.5575
 4. Cement                         - Score: 0.4793
 5. Water                          - Score: 0.4763
 6. Superplasticizer               - Score: 0.4639
 7. Slag                           - Score: 0.3144
 8. FlyAsh                         - Score: 0.1005
================================================================================
  Automatically selected 4 Gaussians for Age (label 0)
  Automatically selected 2 Gaussians for Age (label 2)
  Automatically selected 4 Gaussians for Age (label 1)
  Automatically selected 1 Gaussians for FineAgg (label 0)
  Automatically selected 3 Gaussians for FineAgg (label 2)
  Automatically selected 1 Gaussians for FineAgg (label 1)
  Automatically selected 1 Gaussians for CoarseAgg (label 0)
  Automatically selected 4 Gaussians for CoarseAgg (label 2)
  Automatically selected 1 Gaussians for CoarseAgg (label 1)
  Automatically selected 1 Gaussians for Cement (label 0)
  Automatically selected 3 Gaussians for Cement (label 2)
  Automatically selected 2 Gaussians for Cement (label 1)
  Automatically selected 4 Gaussians for Water (label 0)
  Automatically selected 1 Gaussians for Water (label 2)
  Automatically selected 1 Gaussians for Water (label 1)
  Automatically selected 2 Gaussians for Superplasticizer (label 0)
  Automatically selected 3 Gaussians for Superplasticizer (label 2)
  Automatically selected 2 Gaussians for Superplasticizer (label 1)
  Automatically selected 2 Gaussians for Slag (label 0)
  Automatically selected 2 Gaussians for Slag (label 2)
  Automatically selected 2 Gaussians for Slag (label 1)
  Automatically selected 2 Gaussians for FlyAsh (label 0)
  Automatically selected 2 Gaussians for FlyAsh (label 2)
  Automatically selected 3 Gaussians for FlyAsh (label 1)

Features Ranked by Differentiation Strength:
================================================================================
 1. Age                            - Score: 1.0000
 2. Cement                         - Score: 0.4772
 3. Water                          - Score: 0.3903
 4. CoarseAgg                      - Score: 0.3448
 5. FineAgg                        - Score: 0.3168
 6. Superplasticizer               - Score: 0.1677
 7. Slag                           - Score: 0.0923
 8. FlyAsh                         - Score: 0.0682
================================================================================
  Automatically selected 4 Gaussians for Age (label 0)
  Automatically selected 4 Gaussians for Age (label 2)
  Automatically selected 4 Gaussians for Age (label 1)
  Automatically selected 2 Gaussians for Cement (label 0)
  Automatically selected 2 Gaussians for Cement (label 2)
  Automatically selected 2 Gaussians for Cement (label 1)
  Automatically selected 4 Gaussians for Water (label 0)
  Automatically selected 3 Gaussians for Water (label 2)
  Automatically selected 3 Gaussians for Water (label 1)
  Automatically selected 2 Gaussians for CoarseAgg (label 0)
  Automatically selected 4 Gaussians for CoarseAgg (label 2)
  Automatically selected 3 Gaussians for CoarseAgg (label 1)
  Automatically selected 4 Gaussians for FineAgg (label 0)
  Automatically selected 3 Gaussians for FineAgg (label 2)
  Automatically selected 1 Gaussians for FineAgg (label 1)
  Automatically selected 2 Gaussians for Superplasticizer (label 0)
  Automatically selected 2 Gaussians for Superplasticizer (label 2)
  Automatically selected 3 Gaussians for Superplasticizer (label 1)
  Automatically selected 2 Gaussians for Slag (label 0)
  Automatically selected 4 Gaussians for Slag (label 2)
  Automatically selected 2 Gaussians for Slag (label 1)
  Automatically selected 2 Gaussians for FlyAsh (label 0)
  Automatically selected 4 Gaussians for FlyAsh (label 2)
  Automatically selected 2 Gaussians for FlyAsh (label 1)

Features Ranked by Differentiation Strength:
================================================================================
 1. Age                            - Score: 1.0000
 2. CoarseAgg                      - Score: 0.6029
 3. Cement                         - Score: 0.5626
 4. Water                          - Score: 0.5617
 5. Superplasticizer               - Score: 0.5463
 6. FineAgg                        - Score: 0.4830
 7. Slag                           - Score: 0.2640
 8. FlyAsh                         - Score: 0.0855
================================================================================
  Automatically selected 4 Gaussians for Age (label 1)
  Automatically selected 4 Gaussians for Age (label 2)
  Automatically selected 4 Gaussians for Age (label 0)
  Automatically selected 3 Gaussians for CoarseAgg (label 1)
  Automatically selected 4 Gaussians for CoarseAgg (label 2)
  Automatically selected 2 Gaussians for CoarseAgg (label 0)
  Automatically selected 3 Gaussians for Cement (label 1)
  Automatically selected 4 Gaussians for Cement (label 2)
  Automatically selected 3 Gaussians for Cement (label 0)
  Automatically selected 1 Gaussians for Water (label 1)
  Automatically selected 3 Gaussians for Water (label 2)
  Automatically selected 4 Gaussians for Water (label 0)
  Automatically selected 4 Gaussians for Superplasticizer (label 1)
  Automatically selected 3 Gaussians for Superplasticizer (label 2)
  Automatically selected 2 Gaussians for Superplasticizer (label 0)
  Automatically selected 1 Gaussians for FineAgg (label 1)
  Automatically selected 4 Gaussians for FineAgg (label 2)
  Automatically selected 1 Gaussians for FineAgg (label 0)
  Automatically selected 2 Gaussians for Slag (label 1)
  Automatically selected 2 Gaussians for Slag (label 2)
  Automatically selected 2 Gaussians for Slag (label 0)
  Automatically selected 4 Gaussians for FlyAsh (label 1)
  Automatically selected 2 Gaussians for FlyAsh (label 2)
  Automatically selected 2 Gaussians for FlyAsh (label 0)

Features Ranked by Differentiation Strength:
================================================================================
 1. Water                          - Score: 1.0000
 2. Cement                         - Score: 0.9423
 3. Age                            - Score: 0.8141
 4. Superplasticizer               - Score: 0.7186
 5. CoarseAgg                      - Score: 0.6543
 6. FineAgg                        - Score: 0.5856
 7. Slag                           - Score: 0.4996
 8. FlyAsh                         - Score: 0.1804
================================================================================
  Automatically selected 4 Gaussians for Water (label 2)
  Automatically selected 4 Gaussians for Water (label 0)
  Automatically selected 3 Gaussians for Water (label 1)
  Automatically selected 4 Gaussians for Cement (label 2)
  Automatically selected 4 Gaussians for Cement (label 0)
  Automatically selected 4 Gaussians for Cement (label 1)
  Automatically selected 3 Gaussians for Age (label 2)
  Automatically selected 4 Gaussians for Age (label 0)
  Automatically selected 4 Gaussians for Age (label 1)
  Automatically selected 3 Gaussians for Superplasticizer (label 2)
  Automatically selected 4 Gaussians for Superplasticizer (label 0)
  Automatically selected 3 Gaussians for Superplasticizer (label 1)
  Automatically selected 4 Gaussians for CoarseAgg (label 2)
  Automatically selected 4 Gaussians for CoarseAgg (label 0)
  Automatically selected 4 Gaussians for CoarseAgg (label 1)
  Automatically selected 4 Gaussians for FineAgg (label 2)
  Automatically selected 3 Gaussians for FineAgg (label 0)
  Automatically selected 2 Gaussians for FineAgg (label 1)
  Automatically selected 4 Gaussians for Slag (label 2)
  Automatically selected 3 Gaussians for Slag (label 0)
  Automatically selected 2 Gaussians for Slag (label 1)
  Automatically selected 2 Gaussians for FlyAsh (label 2)
  Automatically selected 4 Gaussians for FlyAsh (label 0)
  Automatically selected 4 Gaussians for FlyAsh (label 1)
  Concrete: luk done

Features Ranked by Differentiation Strength:
================================================================================
 1. Age                            - Score: 1.0000
 2. Cement                         - Score: 0.9306
 3. Water                          - Score: 0.6608
 4. FineAgg                        - Score: 0.5154
 5. CoarseAgg                      - Score: 0.4978
 6. Superplasticizer               - Score: 0.4839
 7. Slag                           - Score: 0.1348
 8. FlyAsh                         - Score: 0.1057
================================================================================
  Automatically selected 4 Gaussians for Age (label 2)
  Automatically selected 4 Gaussians for Age (label 1)
  Automatically selected 4 Gaussians for Age (label 0)
  Automatically selected 2 Gaussians for Cement (label 2)
  Automatically selected 2 Gaussians for Cement (label 1)
  Automatically selected 3 Gaussians for Cement (label 0)
  Automatically selected 3 Gaussians for Water (label 2)
  Automatically selected 3 Gaussians for Water (label 1)
  Automatically selected 3 Gaussians for Water (label 0)
  Automatically selected 3 Gaussians for FineAgg (label 2)
  Automatically selected 3 Gaussians for FineAgg (label 1)
  Automatically selected 1 Gaussians for FineAgg (label 0)
  Automatically selected 4 Gaussians for CoarseAgg (label 2)
  Automatically selected 3 Gaussians for CoarseAgg (label 1)
  Automatically selected 3 Gaussians for CoarseAgg (label 0)
  Automatically selected 3 Gaussians for Superplasticizer (label 2)
  Automatically selected 4 Gaussians for Superplasticizer (label 1)
  Automatically selected 2 Gaussians for Superplasticizer (label 0)
  Automatically selected 4 Gaussians for Slag (label 2)
  Automatically selected 2 Gaussians for Slag (label 1)
  Automatically selected 2 Gaussians for Slag (label 0)
  Automatically selected 3 Gaussians for FlyAsh (label 2)
  Automatically selected 2 Gaussians for FlyAsh (label 1)
  Automatically selected 2 Gaussians for FlyAsh (label 0)

Features Ranked by Differentiation Strength:
================================================================================
 1. Age                            - Score: 1.0000
 2. Cement                         - Score: 0.9306
 3. Water                          - Score: 0.6608
 4. FineAgg                        - Score: 0.5154
 5. CoarseAgg                      - Score: 0.4978
 6. Superplasticizer               - Score: 0.4839
 7. Slag                           - Score: 0.1348
 8. FlyAsh                         - Score: 0.1057
================================================================================

Features Ranked by Differentiation Strength:
================================================================================
 1. Age                            - Score: 1.0000
 2. Cement                         - Score: 0.9306
 3. Water                          - Score: 0.6608
 4. FineAgg                        - Score: 0.5154
 5. CoarseAgg                      - Score: 0.4978
 6. Superplasticizer               - Score: 0.4839
 7. Slag                           - Score: 0.1348
 8. FlyAsh                         - Score: 0.1057
================================================================================

Features Ranked by Differentiation Strength:
================================================================================
 1. Age                            - Score: 1.0000
 2. CoarseAgg                      - Score: 0.6368
 3. FineAgg                        - Score: 0.6326
 4. Cement                         - Score: 0.5066
 5. Superplasticizer               - Score: 0.4316
 6. Water                          - Score: 0.4034
 7. Slag                           - Score: 0.3237
 8. FlyAsh                         - Score: 0.1077
================================================================================
  Automatically selected 4 Gaussians for Age (label 0)
  Automatically selected 4 Gaussians for Age (label 1)
  Automatically selected 4 Gaussians for Age (label 2)
  Automatically selected 1 Gaussians for CoarseAgg (label 0)
  Automatically selected 1 Gaussians for CoarseAgg (label 1)
  Automatically selected 4 Gaussians for CoarseAgg (label 2)
  Automatically selected 1 Gaussians for FineAgg (label 0)
  Automatically selected 1 Gaussians for FineAgg (label 1)
  Automatically selected 3 Gaussians for FineAgg (label 2)
  Automatically selected 2 Gaussians for Cement (label 0)
  Automatically selected 2 Gaussians for Cement (label 1)
  Automatically selected 3 Gaussians for Cement (label 2)
  Automatically selected 2 Gaussians for Superplasticizer (label 0)
  Automatically selected 2 Gaussians for Superplasticizer (label 1)
  Automatically selected 3 Gaussians for Superplasticizer (label 2)
  Automatically selected 4 Gaussians for Water (label 0)
  Automatically selected 1 Gaussians for Water (label 1)
  Automatically selected 1 Gaussians for Water (label 2)
  Automatically selected 2 Gaussians for Slag (label 0)
  Automatically selected 2 Gaussians for Slag (label 1)
  Automatically selected 3 Gaussians for Slag (label 2)
  Automatically selected 2 Gaussians for FlyAsh (label 0)
  Automatically selected 3 Gaussians for FlyAsh (label 1)
  Automatically selected 2 Gaussians for FlyAsh (label 2)

Features Ranked by Differentiation Strength:
================================================================================
 1. Age                            - Score: 1.0000
 2. Cement                         - Score: 0.4461
 3. Water                          - Score: 0.3698
 4. CoarseAgg                      - Score: 0.3265
 5. FineAgg                        - Score: 0.3010
 6. Superplasticizer               - Score: 0.1654
 7. Slag                           - Score: 0.0898
 8. FlyAsh                         - Score: 0.0574
================================================================================
  Automatically selected 4 Gaussians for Age (label 0)
  Automatically selected 3 Gaussians for Age (label 1)
  Automatically selected 4 Gaussians for Age (label 2)
  Automatically selected 3 Gaussians for Cement (label 0)
  Automatically selected 2 Gaussians for Cement (label 1)
  Automatically selected 2 Gaussians for Cement (label 2)
  Automatically selected 2 Gaussians for Water (label 0)
  Automatically selected 3 Gaussians for Water (label 1)
  Automatically selected 3 Gaussians for Water (label 2)
  Automatically selected 1 Gaussians for CoarseAgg (label 0)
  Automatically selected 3 Gaussians for CoarseAgg (label 1)
  Automatically selected 1 Gaussians for CoarseAgg (label 2)
  Automatically selected 4 Gaussians for FineAgg (label 0)
  Automatically selected 1 Gaussians for FineAgg (label 1)
  Automatically selected 3 Gaussians for FineAgg (label 2)
  Automatically selected 2 Gaussians for Superplasticizer (label 0)
  Automatically selected 2 Gaussians for Superplasticizer (label 1)
  Automatically selected 2 Gaussians for Superplasticizer (label 2)
  Automatically selected 2 Gaussians for Slag (label 0)
  Automatically selected 2 Gaussians for Slag (label 1)
  Automatically selected 2 Gaussians for Slag (label 2)
  Automatically selected 2 Gaussians for FlyAsh (label 0)
  Automatically selected 2 Gaussians for FlyAsh (label 1)
  Automatically selected 4 Gaussians for FlyAsh (label 2)

Features Ranked by Differentiation Strength:
================================================================================
 1. Cement                         - Score: 1.0000
 2. Water                          - Score: 0.8962
 3. CoarseAgg                      - Score: 0.8787
 4. Age                            - Score: 0.8353
 5. Superplasticizer               - Score: 0.8254
 6. FineAgg                        - Score: 0.6271
 7. Slag                           - Score: 0.3809
 8. FlyAsh                         - Score: 0.1025
================================================================================
  Automatically selected 2 Gaussians for Cement (label 2)
  Automatically selected 1 Gaussians for Cement (label 1)
  Automatically selected 2 Gaussians for Cement (label 0)
  Automatically selected 1 Gaussians for Water (label 2)
  Automatically selected 1 Gaussians for Water (label 1)
  Automatically selected 2 Gaussians for Water (label 0)
  Automatically selected 4 Gaussians for CoarseAgg (label 2)
  Automatically selected 3 Gaussians for CoarseAgg (label 1)
  Automatically selected 4 Gaussians for CoarseAgg (label 0)
  Automatically selected 4 Gaussians for Age (label 2)
  Automatically selected 4 Gaussians for Age (label 1)
  Automatically selected 4 Gaussians for Age (label 0)
  Automatically selected 3 Gaussians for Superplasticizer (label 2)
  Automatically selected 3 Gaussians for Superplasticizer (label 1)
  Automatically selected 3 Gaussians for Superplasticizer (label 0)
  Automatically selected 1 Gaussians for FineAgg (label 2)
  Automatically selected 3 Gaussians for FineAgg (label 1)
  Automatically selected 1 Gaussians for FineAgg (label 0)
  Automatically selected 4 Gaussians for Slag (label 2)
  Automatically selected 2 Gaussians for Slag (label 1)
  Automatically selected 2 Gaussians for Slag (label 0)
  Automatically selected 2 Gaussians for FlyAsh (label 2)
  Automatically selected 2 Gaussians for FlyAsh (label 1)
  Automatically selected 3 Gaussians for FlyAsh (label 0)

Features Ranked by Differentiation Strength:
================================================================================
 1. Water                          - Score: 1.0000
 2. Age                            - Score: 0.9976
 3. Cement                         - Score: 0.9334
 4. Superplasticizer               - Score: 0.7571
 5. CoarseAgg                      - Score: 0.6287
 6. FineAgg                        - Score: 0.5829
 7. Slag                           - Score: 0.4284
 8. FlyAsh                         - Score: 0.1707
================================================================================
  Automatically selected 3 Gaussians for Water (label 1)
  Automatically selected 3 Gaussians for Water (label 0)
  Automatically selected 3 Gaussians for Water (label 2)
  Automatically selected 4 Gaussians for Age (label 1)
  Automatically selected 4 Gaussians for Age (label 0)
  Automatically selected 4 Gaussians for Age (label 2)
  Automatically selected 1 Gaussians for Cement (label 1)
  Automatically selected 3 Gaussians for Cement (label 0)
  Automatically selected 1 Gaussians for Cement (label 2)
  Automatically selected 3 Gaussians for Superplasticizer (label 1)
  Automatically selected 3 Gaussians for Superplasticizer (label 0)
  Automatically selected 3 Gaussians for Superplasticizer (label 2)
  Automatically selected 1 Gaussians for CoarseAgg (label 1)
  Automatically selected 3 Gaussians for CoarseAgg (label 0)
  Automatically selected 4 Gaussians for CoarseAgg (label 2)
  Automatically selected 2 Gaussians for FineAgg (label 1)
  Automatically selected 3 Gaussians for FineAgg (label 0)
  Automatically selected 3 Gaussians for FineAgg (label 2)
  Automatically selected 2 Gaussians for Slag (label 1)
  Automatically selected 2 Gaussians for Slag (label 0)
  Automatically selected 2 Gaussians for Slag (label 2)
  Automatically selected 2 Gaussians for FlyAsh (label 1)
  Automatically selected 3 Gaussians for FlyAsh (label 0)
  Automatically selected 3 Gaussians for FlyAsh (label 2)

Features Ranked by Differentiation Strength:
================================================================================
 1. Age                            - Score: 1.0000
 2. Cement                         - Score: 0.8865
 3. Water                          - Score: 0.6582
 4. CoarseAgg                      - Score: 0.5128
 5. FineAgg                        - Score: 0.4726
 6. Superplasticizer               - Score: 0.4546
 7. Slag                           - Score: 0.1093
 8. FlyAsh                         - Score: 0.0868
================================================================================
  Automatically selected 4 Gaussians for Age (label 0)
  Automatically selected 4 Gaussians for Age (label 1)
  Automatically selected 4 Gaussians for Age (label 2)
  Automatically selected 2 Gaussians for Cement (label 0)
  Automatically selected 3 Gaussians for Cement (label 1)
  Automatically selected 1 Gaussians for Cement (label 2)
  Automatically selected 4 Gaussians for Water (label 0)
  Automatically selected 3 Gaussians for Water (label 1)
  Automatically selected 3 Gaussians for Water (label 2)
  Automatically selected 2 Gaussians for CoarseAgg (label 0)
  Automatically selected 4 Gaussians for CoarseAgg (label 1)
  Automatically selected 4 Gaussians for CoarseAgg (label 2)
  Automatically selected 1 Gaussians for FineAgg (label 0)
  Automatically selected 4 Gaussians for FineAgg (label 1)
  Automatically selected 3 Gaussians for FineAgg (label 2)
  Automatically selected 2 Gaussians for Superplasticizer (label 0)
  Automatically selected 3 Gaussians for Superplasticizer (label 1)
  Automatically selected 3 Gaussians for Superplasticizer (label 2)
  Automatically selected 2 Gaussians for Slag (label 0)
  Automatically selected 2 Gaussians for Slag (label 1)
  Automatically selected 2 Gaussians for Slag (label 2)
  Automatically selected 2 Gaussians for FlyAsh (label 0)
  Automatically selected 3 Gaussians for FlyAsh (label 1)
  Automatically selected 2 Gaussians for FlyAsh (label 2)

Features Ranked by Differentiation Strength:
================================================================================
 1. Age                            - Score: 1.0000
 2. Cement                         - Score: 0.8865
 3. Water                          - Score: 0.6582
 4. CoarseAgg                      - Score: 0.5128
 5. FineAgg                        - Score: 0.4726
 6. Superplasticizer               - Score: 0.4546
 7. Slag                           - Score: 0.1093
 8. FlyAsh                         - Score: 0.0868
================================================================================

Features Ranked by Differentiation Strength:
================================================================================
 1. Age                            - Score: 1.0000
 2. Cement                         - Score: 0.8865
 3. Water                          - Score: 0.6582
 4. CoarseAgg                      - Score: 0.5128
 5. FineAgg                        - Score: 0.4726
 6. Superplasticizer               - Score: 0.4546
 7. Slag                           - Score: 0.1093
 8. FlyAsh                         - Score: 0.0868
================================================================================

Features Ranked by Differentiation Strength:
================================================================================
 1. Age                            - Score: 1.0000
 2. CoarseAgg                      - Score: 0.5334
 3. FineAgg                        - Score: 0.4614
 4. Cement                         - Score: 0.4212
 5. Superplasticizer               - Score: 0.3758
 6. Water                          - Score: 0.3539
 7. Slag                           - Score: 0.2256
 8. FlyAsh                         - Score: 0.0856
================================================================================
  Automatically selected 4 Gaussians for Age (label 1)
  Automatically selected 3 Gaussians for Age (label 2)
  Automatically selected 4 Gaussians for Age (label 0)
  Automatically selected 1 Gaussians for CoarseAgg (label 1)
  Automatically selected 3 Gaussians for CoarseAgg (label 2)
  Automatically selected 1 Gaussians for CoarseAgg (label 0)
  Automatically selected 1 Gaussians for FineAgg (label 1)
  Automatically selected 3 Gaussians for FineAgg (label 2)
  Automatically selected 4 Gaussians for FineAgg (label 0)
  Automatically selected 2 Gaussians for Cement (label 1)
  Automatically selected 3 Gaussians for Cement (label 2)
  Automatically selected 1 Gaussians for Cement (label 0)
  Automatically selected 2 Gaussians for Superplasticizer (label 1)
  Automatically selected 2 Gaussians for Superplasticizer (label 2)
  Automatically selected 2 Gaussians for Superplasticizer (label 0)
  Automatically selected 2 Gaussians for Water (label 1)
  Automatically selected 1 Gaussians for Water (label 2)
  Automatically selected 4 Gaussians for Water (label 0)
  Automatically selected 2 Gaussians for Slag (label 1)
  Automatically selected 2 Gaussians for Slag (label 2)
  Automatically selected 2 Gaussians for Slag (label 0)
  Automatically selected 2 Gaussians for FlyAsh (label 1)
  Automatically selected 2 Gaussians for FlyAsh (label 2)
  Automatically selected 2 Gaussians for FlyAsh (label 0)

Features Ranked by Differentiation Strength:
================================================================================
 1. Age                            - Score: 1.0000
 2. Cement                         - Score: 0.4402
 3. CoarseAgg                      - Score: 0.2985
 4. Water                          - Score: 0.2924
 5. FineAgg                        - Score: 0.2415
 6. Superplasticizer               - Score: 0.1488
 7. Slag                           - Score: 0.0615
 8. FlyAsh                         - Score: 0.0518
================================================================================
  Automatically selected 4 Gaussians for Age (label 1)
  Automatically selected 4 Gaussians for Age (label 0)
  Automatically selected 4 Gaussians for Age (label 2)
  Automatically selected 2 Gaussians for Cement (label 1)
  Automatically selected 2 Gaussians for Cement (label 0)
  Automatically selected 4 Gaussians for Cement (label 2)
  Automatically selected 3 Gaussians for CoarseAgg (label 1)
  Automatically selected 1 Gaussians for CoarseAgg (label 0)
  Automatically selected 3 Gaussians for CoarseAgg (label 2)
  Automatically selected 3 Gaussians for Water (label 1)
  Automatically selected 4 Gaussians for Water (label 0)
  Automatically selected 4 Gaussians for Water (label 2)
  Automatically selected 1 Gaussians for FineAgg (label 1)
  Automatically selected 1 Gaussians for FineAgg (label 0)
  Automatically selected 4 Gaussians for FineAgg (label 2)
  Automatically selected 2 Gaussians for Superplasticizer (label 1)
  Automatically selected 2 Gaussians for Superplasticizer (label 0)
  Automatically selected 2 Gaussians for Superplasticizer (label 2)
  Automatically selected 2 Gaussians for Slag (label 1)
  Automatically selected 2 Gaussians for Slag (label 0)
  Automatically selected 2 Gaussians for Slag (label 2)
  Automatically selected 2 Gaussians for FlyAsh (label 1)
  Automatically selected 2 Gaussians for FlyAsh (label 0)
  Automatically selected 4 Gaussians for FlyAsh (label 2)

Features Ranked by Differentiation Strength:
================================================================================
 1. Age                            - Score: 1.0000
 2. Water                          - Score: 0.5417
 3. Superplasticizer               - Score: 0.5286
 4. CoarseAgg                      - Score: 0.5203
 5. Cement                         - Score: 0.5117
 6. FineAgg                        - Score: 0.3654
 7. Slag                           - Score: 0.2500
 8. FlyAsh                         - Score: 0.0366
================================================================================
  Automatically selected 4 Gaussians for Age (label 1)
  Automatically selected 4 Gaussians for Age (label 0)
  Automatically selected 4 Gaussians for Age (label 2)
  Automatically selected 3 Gaussians for Water (label 1)
  Automatically selected 4 Gaussians for Water (label 0)
  Automatically selected 3 Gaussians for Water (label 2)
  Automatically selected 4 Gaussians for Superplasticizer (label 1)
  Automatically selected 4 Gaussians for Superplasticizer (label 0)
  Automatically selected 3 Gaussians for Superplasticizer (label 2)
  Automatically selected 4 Gaussians for CoarseAgg (label 1)
  Automatically selected 2 Gaussians for CoarseAgg (label 0)
  Automatically selected 3 Gaussians for CoarseAgg (label 2)
  Automatically selected 3 Gaussians for Cement (label 1)
  Automatically selected 4 Gaussians for Cement (label 0)
  Automatically selected 4 Gaussians for Cement (label 2)
  Automatically selected 1 Gaussians for FineAgg (label 1)
  Automatically selected 1 Gaussians for FineAgg (label 0)
  Automatically selected 4 Gaussians for FineAgg (label 2)
  Automatically selected 2 Gaussians for Slag (label 1)
  Automatically selected 2 Gaussians for Slag (label 0)
  Automatically selected 4 Gaussians for Slag (label 2)

Features Ranked by Differentiation Strength:
================================================================================
 1. Water                          - Score: 1.0000
 2. Cement                         - Score: 0.8257
 3. Superplasticizer               - Score: 0.7060
 4. Age                            - Score: 0.6730
 5. CoarseAgg                      - Score: 0.6258
 6. FineAgg                        - Score: 0.5704
 7. Slag                           - Score: 0.5159
 8. FlyAsh                         - Score: 0.1348
================================================================================
  Automatically selected 4 Gaussians for Water (label 0)
  Automatically selected 4 Gaussians for Water (label 2)
  Automatically selected 3 Gaussians for Water (label 1)
  Automatically selected 4 Gaussians for Cement (label 0)
  Automatically selected 2 Gaussians for Cement (label 2)
  Automatically selected 2 Gaussians for Cement (label 1)
  Automatically selected 3 Gaussians for Superplasticizer (label 0)
  Automatically selected 3 Gaussians for Superplasticizer (label 2)
  Automatically selected 3 Gaussians for Superplasticizer (label 1)
  Automatically selected 4 Gaussians for Age (label 0)
  Automatically selected 4 Gaussians for Age (label 2)
  Automatically selected 4 Gaussians for Age (label 1)
  Automatically selected 3 Gaussians for CoarseAgg (label 0)
  Automatically selected 4 Gaussians for CoarseAgg (label 2)
  Automatically selected 4 Gaussians for CoarseAgg (label 1)
  Automatically selected 1 Gaussians for FineAgg (label 0)
  Automatically selected 4 Gaussians for FineAgg (label 2)
  Automatically selected 2 Gaussians for FineAgg (label 1)
  Automatically selected 4 Gaussians for Slag (label 0)
  Automatically selected 4 Gaussians for Slag (label 2)
  Automatically selected 3 Gaussians for Slag (label 1)
  Automatically selected 4 Gaussians for FlyAsh (label 0)
  Automatically selected 2 Gaussians for FlyAsh (label 2)
  Automatically selected 2 Gaussians for FlyAsh (label 1)

Features Ranked by Differentiation Strength:
================================================================================
 1. Age                            - Score: 1.0000
 2. Cement                         - Score: 0.9682
 3. Water                          - Score: 0.6490
 4. FineAgg                        - Score: 0.5475
 5. CoarseAgg                      - Score: 0.4744
 6. Superplasticizer               - Score: 0.4313
 7. FlyAsh                         - Score: 0.0989
 8. Slag                           - Score: 0.0816
================================================================================
  Automatically selected 3 Gaussians for Age (label 2)
  Automatically selected 4 Gaussians for Age (label 1)
  Automatically selected 3 Gaussians for Age (label 0)
  Automatically selected 4 Gaussians for Cement (label 2)
  Automatically selected 2 Gaussians for Cement (label 1)
  Automatically selected 2 Gaussians for Cement (label 0)
  Automatically selected 3 Gaussians for Water (label 2)
  Automatically selected 3 Gaussians for Water (label 1)
  Automatically selected 4 Gaussians for Water (label 0)
  Automatically selected 4 Gaussians for FineAgg (label 2)
  Automatically selected 4 Gaussians for FineAgg (label 1)
  Automatically selected 1 Gaussians for FineAgg (label 0)
  Automatically selected 4 Gaussians for CoarseAgg (label 2)
  Automatically selected 3 Gaussians for CoarseAgg (label 1)
  Automatically selected 3 Gaussians for CoarseAgg (label 0)
  Automatically selected 3 Gaussians for Superplasticizer (label 2)
  Automatically selected 4 Gaussians for Superplasticizer (label 1)
  Automatically selected 2 Gaussians for Superplasticizer (label 0)
  Automatically selected 2 Gaussians for FlyAsh (label 2)
  Automatically selected 2 Gaussians for FlyAsh (label 1)
  Automatically selected 4 Gaussians for FlyAsh (label 0)
  Automatically selected 4 Gaussians for Slag (label 2)
  Automatically selected 2 Gaussians for Slag (label 1)
  Automatically selected 2 Gaussians for Slag (label 0)

Features Ranked by Differentiation Strength:
================================================================================
 1. Age                            - Score: 1.0000
 2. Cement                         - Score: 0.9682
 3. Water                          - Score: 0.6490
 4. FineAgg                        - Score: 0.5475
 5. CoarseAgg                      - Score: 0.4744
 6. Superplasticizer               - Score: 0.4313
 7. FlyAsh                         - Score: 0.0989
 8. Slag                           - Score: 0.0816
================================================================================

Features Ranked by Differentiation Strength:
================================================================================
 1. Age                            - Score: 1.0000
 2. Cement                         - Score: 0.9682
 3. Water                          - Score: 0.6490
 4. FineAgg                        - Score: 0.5475
 5. CoarseAgg                      - Score: 0.4744
 6. Superplasticizer               - Score: 0.4313
 7. FlyAsh                         - Score: 0.0989
 8. Slag                           - Score: 0.0816
================================================================================

Features Ranked by Differentiation Strength:
================================================================================
 1. Age                            - Score: 1.0000
 2. CoarseAgg                      - Score: 0.5797
 3. Cement                         - Score: 0.5760
 4. FineAgg                        - Score: 0.5751
 5. Superplasticizer               - Score: 0.3950
 6. Water                          - Score: 0.3701
 7. Slag                           - Score: 0.2306
 8. FlyAsh                         - Score: 0.0909
================================================================================
  Automatically selected 4 Gaussians for Age (label 2)
  Automatically selected 4 Gaussians for Age (label 1)
  Automatically selected 4 Gaussians for Age (label 0)
  Automatically selected 1 Gaussians for CoarseAgg (label 2)
  Automatically selected 4 Gaussians for CoarseAgg (label 1)
  Automatically selected 1 Gaussians for CoarseAgg (label 0)
  Automatically selected 3 Gaussians for Cement (label 2)
  Automatically selected 3 Gaussians for Cement (label 1)
  Automatically selected 3 Gaussians for Cement (label 0)
  Automatically selected 3 Gaussians for FineAgg (label 2)
  Automatically selected 1 Gaussians for FineAgg (label 1)
  Automatically selected 1 Gaussians for FineAgg (label 0)
  Automatically selected 2 Gaussians for Superplasticizer (label 2)
  Automatically selected 2 Gaussians for Superplasticizer (label 1)
  Automatically selected 2 Gaussians for Superplasticizer (label 0)
  Automatically selected 1 Gaussians for Water (label 2)
  Automatically selected 1 Gaussians for Water (label 1)
  Automatically selected 4 Gaussians for Water (label 0)
  Automatically selected 2 Gaussians for Slag (label 2)
  Automatically selected 2 Gaussians for Slag (label 1)
  Automatically selected 2 Gaussians for Slag (label 0)
  Automatically selected 3 Gaussians for FlyAsh (label 2)
  Automatically selected 3 Gaussians for FlyAsh (label 1)
  Automatically selected 2 Gaussians for FlyAsh (label 0)

Features Ranked by Differentiation Strength:
================================================================================
 1. Age                            - Score: 1.0000
 2. Cement                         - Score: 0.4479
 3. Water                          - Score: 0.2874
 4. FineAgg                        - Score: 0.2772
 5. CoarseAgg                      - Score: 0.2557
 6. Superplasticizer               - Score: 0.1117
 7. Slag                           - Score: 0.0563
 8. FlyAsh                         - Score: 0.0398
================================================================================
  Automatically selected 4 Gaussians for Age (label 2)
  Automatically selected 4 Gaussians for Age (label 1)
  Automatically selected 4 Gaussians for Age (label 0)
  Automatically selected 2 Gaussians for Cement (label 2)
  Automatically selected 2 Gaussians for Cement (label 1)
  Automatically selected 2 Gaussians for Cement (label 0)
  Automatically selected 3 Gaussians for Water (label 2)
  Automatically selected 1 Gaussians for Water (label 1)
  Automatically selected 2 Gaussians for Water (label 0)
  Automatically selected 3 Gaussians for FineAgg (label 2)
  Automatically selected 1 Gaussians for FineAgg (label 1)
  Automatically selected 1 Gaussians for FineAgg (label 0)
  Automatically selected 4 Gaussians for CoarseAgg (label 2)
  Automatically selected 3 Gaussians for CoarseAgg (label 1)
  Automatically selected 1 Gaussians for CoarseAgg (label 0)
  Automatically selected 2 Gaussians for Superplasticizer (label 2)
  Automatically selected 2 Gaussians for Superplasticizer (label 1)
  Automatically selected 2 Gaussians for Superplasticizer (label 0)
  Automatically selected 2 Gaussians for Slag (label 2)
  Automatically selected 2 Gaussians for Slag (label 1)
  Automatically selected 2 Gaussians for Slag (label 0)

Features Ranked by Differentiation Strength:
================================================================================
 1. Age                            - Score: 1.0000
 2. Water                          - Score: 0.5701
 3. CoarseAgg                      - Score: 0.5319
 4. Superplasticizer               - Score: 0.4484
 5. Cement                         - Score: 0.4408
 6. FineAgg                        - Score: 0.4337
 7. Slag                           - Score: 0.2264
 8. FlyAsh                         - Score: 0.0666
================================================================================
  Automatically selected 3 Gaussians for Age (label 1)
  Automatically selected 4 Gaussians for Age (label 0)
  Automatically selected 4 Gaussians for Age (label 2)
  Automatically selected 3 Gaussians for Water (label 1)
  Automatically selected 4 Gaussians for Water (label 0)
  Automatically selected 3 Gaussians for Water (label 2)
  Automatically selected 1 Gaussians for CoarseAgg (label 1)
  Automatically selected 2 Gaussians for CoarseAgg (label 0)
  Automatically selected 3 Gaussians for CoarseAgg (label 2)
  Automatically selected 3 Gaussians for Superplasticizer (label 1)
  Automatically selected 2 Gaussians for Superplasticizer (label 0)
  Automatically selected 3 Gaussians for Superplasticizer (label 2)
  Automatically selected 2 Gaussians for Cement (label 1)
  Automatically selected 2 Gaussians for Cement (label 0)
  Automatically selected 4 Gaussians for Cement (label 2)
  Automatically selected 3 Gaussians for FineAgg (label 1)
  Automatically selected 1 Gaussians for FineAgg (label 0)
  Automatically selected 4 Gaussians for FineAgg (label 2)
  Automatically selected 2 Gaussians for Slag (label 1)
  Automatically selected 2 Gaussians for Slag (label 0)
  Automatically selected 4 Gaussians for Slag (label 2)
  Automatically selected 4 Gaussians for FlyAsh (label 1)
  Automatically selected 2 Gaussians for FlyAsh (label 0)
  Automatically selected 2 Gaussians for FlyAsh (label 2)

Features Ranked by Differentiation Strength:
================================================================================
 1. Water                          - Score: 1.0000
 2. Cement                         - Score: 0.9168
 3. Age                            - Score: 0.8743
 4. Superplasticizer               - Score: 0.6827
 5. FineAgg                        - Score: 0.6036
 6. CoarseAgg                      - Score: 0.5142
 7. Slag                           - Score: 0.4705
 8. FlyAsh                         - Score: 0.2326
================================================================================
  Automatically selected 4 Gaussians for Water (label 2)
  Automatically selected 3 Gaussians for Water (label 1)
  Automatically selected 4 Gaussians for Water (label 0)
  Automatically selected 2 Gaussians for Cement (label 2)
  Automatically selected 2 Gaussians for Cement (label 1)
  Automatically selected 4 Gaussians for Cement (label 0)
  Automatically selected 4 Gaussians for Age (label 2)
  Automatically selected 4 Gaussians for Age (label 1)
  Automatically selected 4 Gaussians for Age (label 0)
  Automatically selected 3 Gaussians for Superplasticizer (label 2)
  Automatically selected 3 Gaussians for Superplasticizer (label 1)
  Automatically selected 2 Gaussians for Superplasticizer (label 0)
  Automatically selected 1 Gaussians for FineAgg (label 2)
  Automatically selected 2 Gaussians for FineAgg (label 1)
  Automatically selected 3 Gaussians for FineAgg (label 0)
  Automatically selected 4 Gaussians for CoarseAgg (label 2)
  Automatically selected 4 Gaussians for CoarseAgg (label 1)
  Automatically selected 4 Gaussians for CoarseAgg (label 0)
  Automatically selected 4 Gaussians for Slag (label 2)
  Automatically selected 2 Gaussians for Slag (label 1)
  Automatically selected 4 Gaussians for Slag (label 0)
  Automatically selected 2 Gaussians for FlyAsh (label 2)
  Automatically selected 2 Gaussians for FlyAsh (label 1)
  Automatically selected 4 Gaussians for FlyAsh (label 0)

Features Ranked by Differentiation Strength:
================================================================================
 1. Cement                         - Score: 1.0000
 2. Age                            - Score: 0.9641
 3. Water                          - Score: 0.6672
 4. FineAgg                        - Score: 0.5326
 5. CoarseAgg                      - Score: 0.5070
 6. Superplasticizer               - Score: 0.4563
 7. FlyAsh                         - Score: 0.1135
 8. Slag                           - Score: 0.0960
================================================================================
  Automatically selected 2 Gaussians for Cement (label 2)
  Automatically selected 2 Gaussians for Cement (label 1)
  Automatically selected 3 Gaussians for Cement (label 0)
  Automatically selected 4 Gaussians for Age (label 2)
  Automatically selected 4 Gaussians for Age (label 1)
  Automatically selected 4 Gaussians for Age (label 0)
  Automatically selected 3 Gaussians for Water (label 2)
  Automatically selected 3 Gaussians for Water (label 1)
  Automatically selected 4 Gaussians for Water (label 0)
  Automatically selected 4 Gaussians for FineAgg (label 2)
  Automatically selected 4 Gaussians for FineAgg (label 1)
  Automatically selected 1 Gaussians for FineAgg (label 0)
  Automatically selected 4 Gaussians for CoarseAgg (label 2)
  Automatically selected 3 Gaussians for CoarseAgg (label 1)
  Automatically selected 1 Gaussians for CoarseAgg (label 0)
  Automatically selected 3 Gaussians for Superplasticizer (label 2)
  Automatically selected 3 Gaussians for Superplasticizer (label 1)
  Automatically selected 2 Gaussians for Superplasticizer (label 0)
  Automatically selected 2 Gaussians for FlyAsh (label 2)
  Automatically selected 2 Gaussians for FlyAsh (label 1)
  Automatically selected 4 Gaussians for FlyAsh (label 0)
  Automatically selected 4 Gaussians for Slag (label 2)
  Automatically selected 2 Gaussians for Slag (label 1)
  Automatically selected 2 Gaussians for Slag (label 0)

Features Ranked by Differentiation Strength:
================================================================================
 1. Cement                         - Score: 1.0000
 2. Age                            - Score: 0.9641
 3. Water                          - Score: 0.6672
 4. FineAgg                        - Score: 0.5326
 5. CoarseAgg                      - Score: 0.5070
 6. Superplasticizer               - Score: 0.4563
 7. FlyAsh                         - Score: 0.1135
 8. Slag                           - Score: 0.0960
================================================================================

Features Ranked by Differentiation Strength:
================================================================================
 1. Cement                         - Score: 1.0000
 2. Age                            - Score: 0.9641
 3. Water                          - Score: 0.6672
 4. FineAgg                        - Score: 0.5326
 5. CoarseAgg                      - Score: 0.5070
 6. Superplasticizer               - Score: 0.4563
 7. FlyAsh                         - Score: 0.1135
 8. Slag                           - Score: 0.0960
================================================================================

Features Ranked by Differentiation Strength:
================================================================================
 1. Age                            - Score: 1.0000
 2. Cement                         - Score: 0.7017
 3. CoarseAgg                      - Score: 0.6576
 4. FineAgg                        - Score: 0.5873
 5. Superplasticizer               - Score: 0.5000
 6. Water                          - Score: 0.3997
 7. Slag                           - Score: 0.2072
 8. FlyAsh                         - Score: 0.1176
================================================================================
  Automatically selected 3 Gaussians for Age (label 2)
  Automatically selected 4 Gaussians for Age (label 0)
  Automatically selected 4 Gaussians for Age (label 1)
  Automatically selected 3 Gaussians for Cement (label 2)
  Automatically selected 2 Gaussians for Cement (label 0)
  Automatically selected 2 Gaussians for Cement (label 1)
  Automatically selected 2 Gaussians for CoarseAgg (label 2)
  Automatically selected 1 Gaussians for CoarseAgg (label 0)
  Automatically selected 1 Gaussians for CoarseAgg (label 1)
  Automatically selected 3 Gaussians for FineAgg (label 2)
  Automatically selected 1 Gaussians for FineAgg (label 0)
  Automatically selected 1 Gaussians for FineAgg (label 1)
  Automatically selected 4 Gaussians for Superplasticizer (label 2)
  Automatically selected 2 Gaussians for Superplasticizer (label 0)
  Automatically selected 2 Gaussians for Superplasticizer (label 1)
  Automatically selected 1 Gaussians for Water (label 2)
  Automatically selected 4 Gaussians for Water (label 0)
  Automatically selected 1 Gaussians for Water (label 1)
  Automatically selected 3 Gaussians for Slag (label 2)
  Automatically selected 2 Gaussians for Slag (label 0)
  Automatically selected 2 Gaussians for Slag (label 1)
  Automatically selected 2 Gaussians for FlyAsh (label 2)
  Automatically selected 2 Gaussians for FlyAsh (label 0)
  Automatically selected 2 Gaussians for FlyAsh (label 1)

Features Ranked by Differentiation Strength:
================================================================================
 1. Age                            - Score: 1.0000
 2. Cement                         - Score: 0.4925
 3. Water                          - Score: 0.3374
 4. CoarseAgg                      - Score: 0.3221
 5. FineAgg                        - Score: 0.2684
 6. Superplasticizer               - Score: 0.1278
 7. Slag                           - Score: 0.0664
 8. FlyAsh                         - Score: 0.0540
================================================================================
  Automatically selected 4 Gaussians for Age (label 2)
  Automatically selected 4 Gaussians for Age (label 1)
  Automatically selected 4 Gaussians for Age (label 0)
  Automatically selected 2 Gaussians for Cement (label 2)
  Automatically selected 2 Gaussians for Cement (label 1)
  Automatically selected 2 Gaussians for Cement (label 0)
  Automatically selected 3 Gaussians for Water (label 2)
  Automatically selected 1 Gaussians for Water (label 1)
  Automatically selected 2 Gaussians for Water (label 0)
  Automatically selected 1 Gaussians for CoarseAgg (label 2)
  Automatically selected 2 Gaussians for CoarseAgg (label 1)
  Automatically selected 1 Gaussians for CoarseAgg (label 0)
  Automatically selected 4 Gaussians for FineAgg (label 2)
  Automatically selected 1 Gaussians for FineAgg (label 1)
  Automatically selected 1 Gaussians for FineAgg (label 0)
  Automatically selected 2 Gaussians for Superplasticizer (label 2)
  Automatically selected 2 Gaussians for Superplasticizer (label 1)
  Automatically selected 2 Gaussians for Superplasticizer (label 0)
  Automatically selected 2 Gaussians for Slag (label 2)
  Automatically selected 2 Gaussians for Slag (label 1)
  Automatically selected 2 Gaussians for Slag (label 0)
  Automatically selected 2 Gaussians for FlyAsh (label 2)
  Automatically selected 2 Gaussians for FlyAsh (label 1)
  Automatically selected 2 Gaussians for FlyAsh (label 0)

Features Ranked by Differentiation Strength:
================================================================================
 1. Age                            - Score: 1.0000
 2. Water                          - Score: 0.8270
 3. Superplasticizer               - Score: 0.6651
 4. CoarseAgg                      - Score: 0.6584
 5. FineAgg                        - Score: 0.5148
 6. Cement                         - Score: 0.5146
 7. Slag                           - Score: 0.3792
 8. FlyAsh                         - Score: 0.0508
================================================================================
  Automatically selected 4 Gaussians for Age (label 2)
  Automatically selected 3 Gaussians for Age (label 1)
  Automatically selected 4 Gaussians for Age (label 0)
  Automatically selected 4 Gaussians for Water (label 2)
  Automatically selected 3 Gaussians for Water (label 1)
  Automatically selected 3 Gaussians for Water (label 0)
  Automatically selected 3 Gaussians for Superplasticizer (label 2)
  Automatically selected 4 Gaussians for Superplasticizer (label 1)
  Automatically selected 2 Gaussians for Superplasticizer (label 0)
  Automatically selected 3 Gaussians for CoarseAgg (label 2)
  Automatically selected 3 Gaussians for CoarseAgg (label 1)
  Automatically selected 2 Gaussians for CoarseAgg (label 0)
  Automatically selected 4 Gaussians for FineAgg (label 2)
  Automatically selected 4 Gaussians for FineAgg (label 1)
  Automatically selected 1 Gaussians for FineAgg (label 0)
  Automatically selected 3 Gaussians for Cement (label 2)
  Automatically selected 2 Gaussians for Cement (label 1)
  Automatically selected 3 Gaussians for Cement (label 0)
  Automatically selected 4 Gaussians for Slag (label 2)
  Automatically selected 2 Gaussians for Slag (label 1)
  Automatically selected 2 Gaussians for Slag (label 0)
  Automatically selected 2 Gaussians for FlyAsh (label 2)
  Automatically selected 3 Gaussians for FlyAsh (label 1)
  Automatically selected 2 Gaussians for FlyAsh (label 0)

Features Ranked by Differentiation Strength:
================================================================================
 1. Water                          - Score: 1.0000
 2. Cement                         - Score: 0.9010
 3. Age                            - Score: 0.7618
 4. Superplasticizer               - Score: 0.6634
 5. FineAgg                        - Score: 0.5650
 6. CoarseAgg                      - Score: 0.5119
 7. Slag                           - Score: 0.4678
 8. FlyAsh                         - Score: 0.1618
================================================================================
  Automatically selected 3 Gaussians for Water (label 1)
  Automatically selected 2 Gaussians for Water (label 0)
  Automatically selected 4 Gaussians for Water (label 2)
  Automatically selected 4 Gaussians for Cement (label 1)
  Automatically selected 4 Gaussians for Cement (label 0)
  Automatically selected 4 Gaussians for Cement (label 2)
  Automatically selected 4 Gaussians for Age (label 1)
  Automatically selected 4 Gaussians for Age (label 0)
  Automatically selected 4 Gaussians for Age (label 2)
  Automatically selected 3 Gaussians for Superplasticizer (label 1)
  Automatically selected 3 Gaussians for Superplasticizer (label 0)
  Automatically selected 3 Gaussians for Superplasticizer (label 2)
  Automatically selected 2 Gaussians for FineAgg (label 1)
  Automatically selected 1 Gaussians for FineAgg (label 0)
  Automatically selected 4 Gaussians for FineAgg (label 2)
  Automatically selected 4 Gaussians for CoarseAgg (label 1)
  Automatically selected 3 Gaussians for CoarseAgg (label 0)
  Automatically selected 4 Gaussians for CoarseAgg (label 2)
  Automatically selected 4 Gaussians for Slag (label 1)
  Automatically selected 4 Gaussians for Slag (label 0)
  Automatically selected 4 Gaussians for Slag (label 2)
  Automatically selected 2 Gaussians for FlyAsh (label 1)
  Automatically selected 2 Gaussians for FlyAsh (label 0)
  Automatically selected 2 Gaussians for FlyAsh (label 2)

Features Ranked by Differentiation Strength:
================================================================================
 1. Cement                         - Score: 1.0000
 2. Age                            - Score: 0.9291
 3. Water                          - Score: 0.6492
 4. FineAgg                        - Score: 0.5540
 5. CoarseAgg                      - Score: 0.5163
 6. Superplasticizer               - Score: 0.4924
 7. Slag                           - Score: 0.1341
 8. FlyAsh                         - Score: 0.1211
================================================================================
  Automatically selected 3 Gaussians for Cement (label 0)
  Automatically selected 2 Gaussians for Cement (label 1)
  Automatically selected 2 Gaussians for Cement (label 2)
  Automatically selected 4 Gaussians for Age (label 0)
  Automatically selected 4 Gaussians for Age (label 1)
  Automatically selected 4 Gaussians for Age (label 2)
  Automatically selected 3 Gaussians for Water (label 0)
  Automatically selected 3 Gaussians for Water (label 1)
  Automatically selected 3 Gaussians for Water (label 2)
  Automatically selected 1 Gaussians for FineAgg (label 0)
  Automatically selected 4 Gaussians for FineAgg (label 1)
  Automatically selected 4 Gaussians for FineAgg (label 2)
  Automatically selected 2 Gaussians for CoarseAgg (label 0)
  Automatically selected 3 Gaussians for CoarseAgg (label 1)
  Automatically selected 4 Gaussians for CoarseAgg (label 2)
  Automatically selected 2 Gaussians for Superplasticizer (label 0)
  Automatically selected 4 Gaussians for Superplasticizer (label 1)
  Automatically selected 3 Gaussians for Superplasticizer (label 2)
  Automatically selected 2 Gaussians for Slag (label 0)
  Automatically selected 2 Gaussians for Slag (label 1)
  Automatically selected 4 Gaussians for Slag (label 2)
  Automatically selected 3 Gaussians for FlyAsh (label 0)
  Automatically selected 2 Gaussians for FlyAsh (label 1)
  Automatically selected 3 Gaussians for FlyAsh (label 2)

Features Ranked by Differentiation Strength:
================================================================================
 1. Cement                         - Score: 1.0000
 2. Age                            - Score: 0.9291
 3. Water                          - Score: 0.6492
 4. FineAgg                        - Score: 0.5540
 5. CoarseAgg                      - Score: 0.5163
 6. Superplasticizer               - Score: 0.4924
 7. Slag                           - Score: 0.1341
 8. FlyAsh                         - Score: 0.1211
================================================================================

Features Ranked by Differentiation Strength:
================================================================================
 1. Cement                         - Score: 1.0000
 2. Age                            - Score: 0.9291
 3. Water                          - Score: 0.6492
 4. FineAgg                        - Score: 0.5540
 5. CoarseAgg                      - Score: 0.5163
 6. Superplasticizer               - Score: 0.4924
 7. Slag                           - Score: 0.1341
 8. FlyAsh                         - Score: 0.1211
================================================================================

Features Ranked by Differentiation Strength:
================================================================================
 1. Age                            - Score: 1.0000
 2. FineAgg                        - Score: 0.5956
 3. CoarseAgg                      - Score: 0.5575
 4. Cement                         - Score: 0.4793
 5. Water                          - Score: 0.4763
 6. Superplasticizer               - Score: 0.4639
 7. Slag                           - Score: 0.3144
 8. FlyAsh                         - Score: 0.1005
================================================================================
  Automatically selected 4 Gaussians for Age (label 0)
  Automatically selected 2 Gaussians for Age (label 2)
  Automatically selected 4 Gaussians for Age (label 1)
  Automatically selected 1 Gaussians for FineAgg (label 0)
  Automatically selected 3 Gaussians for FineAgg (label 2)
  Automatically selected 1 Gaussians for FineAgg (label 1)
  Automatically selected 1 Gaussians for CoarseAgg (label 0)
  Automatically selected 4 Gaussians for CoarseAgg (label 2)
  Automatically selected 1 Gaussians for CoarseAgg (label 1)
  Automatically selected 1 Gaussians for Cement (label 0)
  Automatically selected 3 Gaussians for Cement (label 2)
  Automatically selected 2 Gaussians for Cement (label 1)
  Automatically selected 4 Gaussians for Water (label 0)
  Automatically selected 1 Gaussians for Water (label 2)
  Automatically selected 1 Gaussians for Water (label 1)
  Automatically selected 2 Gaussians for Superplasticizer (label 0)
  Automatically selected 3 Gaussians for Superplasticizer (label 2)
  Automatically selected 2 Gaussians for Superplasticizer (label 1)
  Automatically selected 2 Gaussians for Slag (label 0)
  Automatically selected 2 Gaussians for Slag (label 2)
  Automatically selected 2 Gaussians for Slag (label 1)
  Automatically selected 2 Gaussians for FlyAsh (label 0)
  Automatically selected 2 Gaussians for FlyAsh (label 2)
  Automatically selected 3 Gaussians for FlyAsh (label 1)

Features Ranked by Differentiation Strength:
================================================================================
 1. Age                            - Score: 1.0000
 2. Cement                         - Score: 0.4772
 3. Water                          - Score: 0.3903
 4. CoarseAgg                      - Score: 0.3448
 5. FineAgg                        - Score: 0.3168
 6. Superplasticizer               - Score: 0.1677
 7. Slag                           - Score: 0.0923
 8. FlyAsh                         - Score: 0.0682
================================================================================
  Automatically selected 4 Gaussians for Age (label 0)
  Automatically selected 4 Gaussians for Age (label 2)
  Automatically selected 4 Gaussians for Age (label 1)
  Automatically selected 2 Gaussians for Cement (label 0)
  Automatically selected 2 Gaussians for Cement (label 2)
  Automatically selected 2 Gaussians for Cement (label 1)
  Automatically selected 4 Gaussians for Water (label 0)
  Automatically selected 3 Gaussians for Water (label 2)
  Automatically selected 3 Gaussians for Water (label 1)
  Automatically selected 2 Gaussians for CoarseAgg (label 0)
  Automatically selected 4 Gaussians for CoarseAgg (label 2)
  Automatically selected 3 Gaussians for CoarseAgg (label 1)
  Automatically selected 4 Gaussians for FineAgg (label 0)
  Automatically selected 3 Gaussians for FineAgg (label 2)
  Automatically selected 1 Gaussians for FineAgg (label 1)
  Automatically selected 2 Gaussians for Superplasticizer (label 0)
  Automatically selected 2 Gaussians for Superplasticizer (label 2)
  Automatically selected 3 Gaussians for Superplasticizer (label 1)
  Automatically selected 2 Gaussians for Slag (label 0)
  Automatically selected 4 Gaussians for Slag (label 2)
  Automatically selected 2 Gaussians for Slag (label 1)
  Automatically selected 2 Gaussians for FlyAsh (label 0)
  Automatically selected 4 Gaussians for FlyAsh (label 2)
  Automatically selected 2 Gaussians for FlyAsh (label 1)

Features Ranked by Differentiation Strength:
================================================================================
 1. Age                            - Score: 1.0000
 2. CoarseAgg                      - Score: 0.6029
 3. Cement                         - Score: 0.5626
 4. Water                          - Score: 0.5617
 5. Superplasticizer               - Score: 0.5463
 6. FineAgg                        - Score: 0.4830
 7. Slag                           - Score: 0.2640
 8. FlyAsh                         - Score: 0.0855
================================================================================
  Automatically selected 4 Gaussians for Age (label 1)
  Automatically selected 4 Gaussians for Age (label 2)
  Automatically selected 4 Gaussians for Age (label 0)
  Automatically selected 3 Gaussians for CoarseAgg (label 1)
  Automatically selected 4 Gaussians for CoarseAgg (label 2)
  Automatically selected 2 Gaussians for CoarseAgg (label 0)
  Automatically selected 3 Gaussians for Cement (label 1)
  Automatically selected 4 Gaussians for Cement (label 2)
  Automatically selected 3 Gaussians for Cement (label 0)
  Automatically selected 1 Gaussians for Water (label 1)
  Automatically selected 3 Gaussians for Water (label 2)
  Automatically selected 4 Gaussians for Water (label 0)
  Automatically selected 4 Gaussians for Superplasticizer (label 1)
  Automatically selected 3 Gaussians for Superplasticizer (label 2)
  Automatically selected 2 Gaussians for Superplasticizer (label 0)
  Automatically selected 1 Gaussians for FineAgg (label 1)
  Automatically selected 4 Gaussians for FineAgg (label 2)
  Automatically selected 1 Gaussians for FineAgg (label 0)
  Automatically selected 2 Gaussians for Slag (label 1)
  Automatically selected 2 Gaussians for Slag (label 2)
  Automatically selected 2 Gaussians for Slag (label 0)
  Automatically selected 4 Gaussians for FlyAsh (label 1)
  Automatically selected 2 Gaussians for FlyAsh (label 2)
  Automatically selected 2 Gaussians for FlyAsh (label 0)

Features Ranked by Differentiation Strength:
================================================================================
 1. Water                          - Score: 1.0000
 2. Cement                         - Score: 0.9423
 3. Age                            - Score: 0.8141
 4. Superplasticizer               - Score: 0.7186
 5. CoarseAgg                      - Score: 0.6543
 6. FineAgg                        - Score: 0.5856
 7. Slag                           - Score: 0.4996
 8. FlyAsh                         - Score: 0.1804
================================================================================
  Automatically selected 4 Gaussians for Water (label 2)
  Automatically selected 4 Gaussians for Water (label 0)
  Automatically selected 3 Gaussians for Water (label 1)
  Automatically selected 4 Gaussians for Cement (label 2)
  Automatically selected 4 Gaussians for Cement (label 0)
  Automatically selected 4 Gaussians for Cement (label 1)
  Automatically selected 3 Gaussians for Age (label 2)
  Automatically selected 4 Gaussians for Age (label 0)
  Automatically selected 4 Gaussians for Age (label 1)
  Automatically selected 3 Gaussians for Superplasticizer (label 2)
  Automatically selected 4 Gaussians for Superplasticizer (label 0)
  Automatically selected 3 Gaussians for Superplasticizer (label 1)
  Automatically selected 4 Gaussians for CoarseAgg (label 2)
  Automatically selected 4 Gaussians for CoarseAgg (label 0)
  Automatically selected 4 Gaussians for CoarseAgg (label 1)
  Automatically selected 4 Gaussians for FineAgg (label 2)
  Automatically selected 3 Gaussians for FineAgg (label 0)
  Automatically selected 2 Gaussians for FineAgg (label 1)
  Automatically selected 4 Gaussians for Slag (label 2)
  Automatically selected 3 Gaussians for Slag (label 0)
  Automatically selected 2 Gaussians for Slag (label 1)
  Automatically selected 2 Gaussians for FlyAsh (label 2)
  Automatically selected 4 Gaussians for FlyAsh (label 0)
  Automatically selected 4 Gaussians for FlyAsh (label 1)
  Concrete: hamacher done

Features Ranked by Differentiation Strength:
================================================================================
 1. Age                            - Score: 1.0000
 2. Cement                         - Score: 0.9306
 3. Water                          - Score: 0.6608
 4. FineAgg                        - Score: 0.5154
 5. CoarseAgg                      - Score: 0.4978
 6. Superplasticizer               - Score: 0.4839
 7. Slag                           - Score: 0.1348
 8. FlyAsh                         - Score: 0.1057
================================================================================
  Automatically selected 4 Gaussians for Age (label 2)
  Automatically selected 4 Gaussians for Age (label 1)
  Automatically selected 4 Gaussians for Age (label 0)
  Automatically selected 2 Gaussians for Cement (label 2)
  Automatically selected 2 Gaussians for Cement (label 1)
  Automatically selected 3 Gaussians for Cement (label 0)
  Automatically selected 3 Gaussians for Water (label 2)
  Automatically selected 3 Gaussians for Water (label 1)
  Automatically selected 3 Gaussians for Water (label 0)
  Automatically selected 3 Gaussians for FineAgg (label 2)
  Automatically selected 3 Gaussians for FineAgg (label 1)
  Automatically selected 1 Gaussians for FineAgg (label 0)
  Automatically selected 4 Gaussians for CoarseAgg (label 2)
  Automatically selected 3 Gaussians for CoarseAgg (label 1)
  Automatically selected 3 Gaussians for CoarseAgg (label 0)
  Automatically selected 3 Gaussians for Superplasticizer (label 2)
  Automatically selected 4 Gaussians for Superplasticizer (label 1)
  Automatically selected 2 Gaussians for Superplasticizer (label 0)
  Automatically selected 4 Gaussians for Slag (label 2)
  Automatically selected 2 Gaussians for Slag (label 1)
  Automatically selected 2 Gaussians for Slag (label 0)
  Automatically selected 3 Gaussians for FlyAsh (label 2)
  Automatically selected 2 Gaussians for FlyAsh (label 1)
  Automatically selected 2 Gaussians for FlyAsh (label 0)

Features Ranked by Differentiation Strength:
================================================================================
 1. Age                            - Score: 1.0000
 2. Cement                         - Score: 0.9306
 3. Water                          - Score: 0.6608
 4. FineAgg                        - Score: 0.5154
 5. CoarseAgg                      - Score: 0.4978
 6. Superplasticizer               - Score: 0.4839
 7. Slag                           - Score: 0.1348
 8. FlyAsh                         - Score: 0.1057
================================================================================

Features Ranked by Differentiation Strength:
================================================================================
 1. Age                            - Score: 1.0000
 2. Cement                         - Score: 0.9306
 3. Water                          - Score: 0.6608
 4. FineAgg                        - Score: 0.5154
 5. CoarseAgg                      - Score: 0.4978
 6. Superplasticizer               - Score: 0.4839
 7. Slag                           - Score: 0.1348
 8. FlyAsh                         - Score: 0.1057
================================================================================

Features Ranked by Differentiation Strength:
================================================================================
 1. Age                            - Score: 1.0000
 2. CoarseAgg                      - Score: 0.6368
 3. FineAgg                        - Score: 0.6326
 4. Cement                         - Score: 0.5066
 5. Superplasticizer               - Score: 0.4316
 6. Water                          - Score: 0.4034
 7. Slag                           - Score: 0.3237
 8. FlyAsh                         - Score: 0.1077
================================================================================
  Automatically selected 4 Gaussians for Age (label 0)
  Automatically selected 4 Gaussians for Age (label 1)
  Automatically selected 4 Gaussians for Age (label 2)
  Automatically selected 1 Gaussians for CoarseAgg (label 0)
  Automatically selected 1 Gaussians for CoarseAgg (label 1)
  Automatically selected 4 Gaussians for CoarseAgg (label 2)
  Automatically selected 1 Gaussians for FineAgg (label 0)
  Automatically selected 1 Gaussians for FineAgg (label 1)
  Automatically selected 3 Gaussians for FineAgg (label 2)
  Automatically selected 2 Gaussians for Cement (label 0)
  Automatically selected 2 Gaussians for Cement (label 1)
  Automatically selected 3 Gaussians for Cement (label 2)
  Automatically selected 2 Gaussians for Superplasticizer (label 0)
  Automatically selected 2 Gaussians for Superplasticizer (label 1)
  Automatically selected 3 Gaussians for Superplasticizer (label 2)
  Automatically selected 4 Gaussians for Water (label 0)
  Automatically selected 1 Gaussians for Water (label 1)
  Automatically selected 1 Gaussians for Water (label 2)
  Automatically selected 2 Gaussians for Slag (label 0)
  Automatically selected 2 Gaussians for Slag (label 1)
  Automatically selected 3 Gaussians for Slag (label 2)
  Automatically selected 2 Gaussians for FlyAsh (label 0)
  Automatically selected 3 Gaussians for FlyAsh (label 1)
  Automatically selected 2 Gaussians for FlyAsh (label 2)

Features Ranked by Differentiation Strength:
================================================================================
 1. Age                            - Score: 1.0000
 2. Cement                         - Score: 0.4461
 3. Water                          - Score: 0.3698
 4. CoarseAgg                      - Score: 0.3265
 5. FineAgg                        - Score: 0.3010
 6. Superplasticizer               - Score: 0.1654
 7. Slag                           - Score: 0.0898
 8. FlyAsh                         - Score: 0.0574
================================================================================
  Automatically selected 4 Gaussians for Age (label 0)
  Automatically selected 3 Gaussians for Age (label 1)
  Automatically selected 4 Gaussians for Age (label 2)
  Automatically selected 3 Gaussians for Cement (label 0)
  Automatically selected 2 Gaussians for Cement (label 1)
  Automatically selected 2 Gaussians for Cement (label 2)
  Automatically selected 2 Gaussians for Water (label 0)
  Automatically selected 3 Gaussians for Water (label 1)
  Automatically selected 3 Gaussians for Water (label 2)
  Automatically selected 1 Gaussians for CoarseAgg (label 0)
  Automatically selected 3 Gaussians for CoarseAgg (label 1)
  Automatically selected 1 Gaussians for CoarseAgg (label 2)
  Automatically selected 4 Gaussians for FineAgg (label 0)
  Automatically selected 1 Gaussians for FineAgg (label 1)
  Automatically selected 3 Gaussians for FineAgg (label 2)
  Automatically selected 2 Gaussians for Superplasticizer (label 0)
  Automatically selected 2 Gaussians for Superplasticizer (label 1)
  Automatically selected 2 Gaussians for Superplasticizer (label 2)
  Automatically selected 2 Gaussians for Slag (label 0)
  Automatically selected 2 Gaussians for Slag (label 1)
  Automatically selected 2 Gaussians for Slag (label 2)
  Automatically selected 2 Gaussians for FlyAsh (label 0)
  Automatically selected 2 Gaussians for FlyAsh (label 1)
  Automatically selected 4 Gaussians for FlyAsh (label 2)

Features Ranked by Differentiation Strength:
================================================================================
 1. Cement                         - Score: 1.0000
 2. Water                          - Score: 0.8962
 3. CoarseAgg                      - Score: 0.8787
 4. Age                            - Score: 0.8353
 5. Superplasticizer               - Score: 0.8254
 6. FineAgg                        - Score: 0.6271
 7. Slag                           - Score: 0.3809
 8. FlyAsh                         - Score: 0.1025
================================================================================
  Automatically selected 2 Gaussians for Cement (label 2)
  Automatically selected 1 Gaussians for Cement (label 1)
  Automatically selected 2 Gaussians for Cement (label 0)
  Automatically selected 1 Gaussians for Water (label 2)
  Automatically selected 1 Gaussians for Water (label 1)
  Automatically selected 2 Gaussians for Water (label 0)
  Automatically selected 4 Gaussians for CoarseAgg (label 2)
  Automatically selected 3 Gaussians for CoarseAgg (label 1)
  Automatically selected 4 Gaussians for CoarseAgg (label 0)
  Automatically selected 4 Gaussians for Age (label 2)
  Automatically selected 4 Gaussians for Age (label 1)
  Automatically selected 4 Gaussians for Age (label 0)
  Automatically selected 3 Gaussians for Superplasticizer (label 2)
  Automatically selected 3 Gaussians for Superplasticizer (label 1)
  Automatically selected 3 Gaussians for Superplasticizer (label 0)
  Automatically selected 1 Gaussians for FineAgg (label 2)
  Automatically selected 3 Gaussians for FineAgg (label 1)
  Automatically selected 1 Gaussians for FineAgg (label 0)
  Automatically selected 4 Gaussians for Slag (label 2)
  Automatically selected 2 Gaussians for Slag (label 1)
  Automatically selected 2 Gaussians for Slag (label 0)
  Automatically selected 2 Gaussians for FlyAsh (label 2)
  Automatically selected 2 Gaussians for FlyAsh (label 1)
  Automatically selected 3 Gaussians for FlyAsh (label 0)

Features Ranked by Differentiation Strength:
================================================================================
 1. Water                          - Score: 1.0000
 2. Age                            - Score: 0.9976
 3. Cement                         - Score: 0.9334
 4. Superplasticizer               - Score: 0.7571
 5. CoarseAgg                      - Score: 0.6287
 6. FineAgg                        - Score: 0.5829
 7. Slag                           - Score: 0.4284
 8. FlyAsh                         - Score: 0.1707
================================================================================
  Automatically selected 3 Gaussians for Water (label 1)
  Automatically selected 3 Gaussians for Water (label 0)
  Automatically selected 3 Gaussians for Water (label 2)
  Automatically selected 4 Gaussians for Age (label 1)
  Automatically selected 4 Gaussians for Age (label 0)
  Automatically selected 4 Gaussians for Age (label 2)
  Automatically selected 1 Gaussians for Cement (label 1)
  Automatically selected 3 Gaussians for Cement (label 0)
  Automatically selected 1 Gaussians for Cement (label 2)
  Automatically selected 3 Gaussians for Superplasticizer (label 1)
  Automatically selected 3 Gaussians for Superplasticizer (label 0)
  Automatically selected 3 Gaussians for Superplasticizer (label 2)
  Automatically selected 1 Gaussians for CoarseAgg (label 1)
  Automatically selected 3 Gaussians for CoarseAgg (label 0)
  Automatically selected 4 Gaussians for CoarseAgg (label 2)
  Automatically selected 2 Gaussians for FineAgg (label 1)
  Automatically selected 3 Gaussians for FineAgg (label 0)
  Automatically selected 3 Gaussians for FineAgg (label 2)
  Automatically selected 2 Gaussians for Slag (label 1)
  Automatically selected 2 Gaussians for Slag (label 0)
  Automatically selected 2 Gaussians for Slag (label 2)
  Automatically selected 2 Gaussians for FlyAsh (label 1)
  Automatically selected 3 Gaussians for FlyAsh (label 0)
  Automatically selected 3 Gaussians for FlyAsh (label 2)

Features Ranked by Differentiation Strength:
================================================================================
 1. Age                            - Score: 1.0000
 2. Cement                         - Score: 0.8865
 3. Water                          - Score: 0.6582
 4. CoarseAgg                      - Score: 0.5128
 5. FineAgg                        - Score: 0.4726
 6. Superplasticizer               - Score: 0.4546
 7. Slag                           - Score: 0.1093
 8. FlyAsh                         - Score: 0.0868
================================================================================
  Automatically selected 4 Gaussians for Age (label 0)
  Automatically selected 4 Gaussians for Age (label 1)
  Automatically selected 4 Gaussians for Age (label 2)
  Automatically selected 2 Gaussians for Cement (label 0)
  Automatically selected 3 Gaussians for Cement (label 1)
  Automatically selected 1 Gaussians for Cement (label 2)
  Automatically selected 4 Gaussians for Water (label 0)
  Automatically selected 3 Gaussians for Water (label 1)
  Automatically selected 3 Gaussians for Water (label 2)
  Automatically selected 2 Gaussians for CoarseAgg (label 0)
  Automatically selected 4 Gaussians for CoarseAgg (label 1)
  Automatically selected 4 Gaussians for CoarseAgg (label 2)
  Automatically selected 1 Gaussians for FineAgg (label 0)
  Automatically selected 4 Gaussians for FineAgg (label 1)
  Automatically selected 3 Gaussians for FineAgg (label 2)
  Automatically selected 2 Gaussians for Superplasticizer (label 0)
  Automatically selected 3 Gaussians for Superplasticizer (label 1)
  Automatically selected 3 Gaussians for Superplasticizer (label 2)
  Automatically selected 2 Gaussians for Slag (label 0)
  Automatically selected 2 Gaussians for Slag (label 1)
  Automatically selected 2 Gaussians for Slag (label 2)
  Automatically selected 2 Gaussians for FlyAsh (label 0)
  Automatically selected 3 Gaussians for FlyAsh (label 1)
  Automatically selected 2 Gaussians for FlyAsh (label 2)

Features Ranked by Differentiation Strength:
================================================================================
 1. Age                            - Score: 1.0000
 2. Cement                         - Score: 0.8865
 3. Water                          - Score: 0.6582
 4. CoarseAgg                      - Score: 0.5128
 5. FineAgg                        - Score: 0.4726
 6. Superplasticizer               - Score: 0.4546
 7. Slag                           - Score: 0.1093
 8. FlyAsh                         - Score: 0.0868
================================================================================

Features Ranked by Differentiation Strength:
================================================================================
 1. Age                            - Score: 1.0000
 2. Cement                         - Score: 0.8865
 3. Water                          - Score: 0.6582
 4. CoarseAgg                      - Score: 0.5128
 5. FineAgg                        - Score: 0.4726
 6. Superplasticizer               - Score: 0.4546
 7. Slag                           - Score: 0.1093
 8. FlyAsh                         - Score: 0.0868
================================================================================

Features Ranked by Differentiation Strength:
================================================================================
 1. Age                            - Score: 1.0000
 2. CoarseAgg                      - Score: 0.5334
 3. FineAgg                        - Score: 0.4614
 4. Cement                         - Score: 0.4212
 5. Superplasticizer               - Score: 0.3758
 6. Water                          - Score: 0.3539
 7. Slag                           - Score: 0.2256
 8. FlyAsh                         - Score: 0.0856
================================================================================
  Automatically selected 4 Gaussians for Age (label 1)
  Automatically selected 3 Gaussians for Age (label 2)
  Automatically selected 4 Gaussians for Age (label 0)
  Automatically selected 1 Gaussians for CoarseAgg (label 1)
  Automatically selected 3 Gaussians for CoarseAgg (label 2)
  Automatically selected 1 Gaussians for CoarseAgg (label 0)
  Automatically selected 1 Gaussians for FineAgg (label 1)
  Automatically selected 3 Gaussians for FineAgg (label 2)
  Automatically selected 4 Gaussians for FineAgg (label 0)
  Automatically selected 2 Gaussians for Cement (label 1)
  Automatically selected 3 Gaussians for Cement (label 2)
  Automatically selected 1 Gaussians for Cement (label 0)
  Automatically selected 2 Gaussians for Superplasticizer (label 1)
  Automatically selected 2 Gaussians for Superplasticizer (label 2)
  Automatically selected 2 Gaussians for Superplasticizer (label 0)
  Automatically selected 2 Gaussians for Water (label 1)
  Automatically selected 1 Gaussians for Water (label 2)
  Automatically selected 4 Gaussians for Water (label 0)
  Automatically selected 2 Gaussians for Slag (label 1)
  Automatically selected 2 Gaussians for Slag (label 2)
  Automatically selected 2 Gaussians for Slag (label 0)
  Automatically selected 2 Gaussians for FlyAsh (label 1)
  Automatically selected 2 Gaussians for FlyAsh (label 2)
  Automatically selected 2 Gaussians for FlyAsh (label 0)

Features Ranked by Differentiation Strength:
================================================================================
 1. Age                            - Score: 1.0000
 2. Cement                         - Score: 0.4402
 3. CoarseAgg                      - Score: 0.2985
 4. Water                          - Score: 0.2924
 5. FineAgg                        - Score: 0.2415
 6. Superplasticizer               - Score: 0.1488
 7. Slag                           - Score: 0.0615
 8. FlyAsh                         - Score: 0.0518
================================================================================
  Automatically selected 4 Gaussians for Age (label 1)
  Automatically selected 4 Gaussians for Age (label 0)
  Automatically selected 4 Gaussians for Age (label 2)
  Automatically selected 2 Gaussians for Cement (label 1)
  Automatically selected 2 Gaussians for Cement (label 0)
  Automatically selected 4 Gaussians for Cement (label 2)
  Automatically selected 3 Gaussians for CoarseAgg (label 1)
  Automatically selected 1 Gaussians for CoarseAgg (label 0)
  Automatically selected 3 Gaussians for CoarseAgg (label 2)
  Automatically selected 3 Gaussians for Water (label 1)
  Automatically selected 4 Gaussians for Water (label 0)
  Automatically selected 4 Gaussians for Water (label 2)
  Automatically selected 1 Gaussians for FineAgg (label 1)
  Automatically selected 1 Gaussians for FineAgg (label 0)
  Automatically selected 4 Gaussians for FineAgg (label 2)
  Automatically selected 2 Gaussians for Superplasticizer (label 1)
  Automatically selected 2 Gaussians for Superplasticizer (label 0)
  Automatically selected 2 Gaussians for Superplasticizer (label 2)
  Automatically selected 2 Gaussians for Slag (label 1)
  Automatically selected 2 Gaussians for Slag (label 0)
  Automatically selected 2 Gaussians for Slag (label 2)
  Automatically selected 2 Gaussians for FlyAsh (label 1)
  Automatically selected 2 Gaussians for FlyAsh (label 0)
  Automatically selected 4 Gaussians for FlyAsh (label 2)

Features Ranked by Differentiation Strength:
================================================================================
 1. Age                            - Score: 1.0000
 2. Water                          - Score: 0.5417
 3. Superplasticizer               - Score: 0.5286
 4. CoarseAgg                      - Score: 0.5203
 5. Cement                         - Score: 0.5117
 6. FineAgg                        - Score: 0.3654
 7. Slag                           - Score: 0.2500
 8. FlyAsh                         - Score: 0.0366
================================================================================
  Automatically selected 4 Gaussians for Age (label 1)
  Automatically selected 4 Gaussians for Age (label 0)
  Automatically selected 4 Gaussians for Age (label 2)
  Automatically selected 3 Gaussians for Water (label 1)
  Automatically selected 4 Gaussians for Water (label 0)
  Automatically selected 3 Gaussians for Water (label 2)
  Automatically selected 4 Gaussians for Superplasticizer (label 1)
  Automatically selected 4 Gaussians for Superplasticizer (label 0)
  Automatically selected 3 Gaussians for Superplasticizer (label 2)
  Automatically selected 4 Gaussians for CoarseAgg (label 1)
  Automatically selected 2 Gaussians for CoarseAgg (label 0)
  Automatically selected 3 Gaussians for CoarseAgg (label 2)
  Automatically selected 3 Gaussians for Cement (label 1)
  Automatically selected 4 Gaussians for Cement (label 0)
  Automatically selected 4 Gaussians for Cement (label 2)
  Automatically selected 1 Gaussians for FineAgg (label 1)
  Automatically selected 1 Gaussians for FineAgg (label 0)
  Automatically selected 4 Gaussians for FineAgg (label 2)
  Automatically selected 2 Gaussians for Slag (label 1)
  Automatically selected 2 Gaussians for Slag (label 0)
  Automatically selected 4 Gaussians for Slag (label 2)

Features Ranked by Differentiation Strength:
================================================================================
 1. Water                          - Score: 1.0000
 2. Cement                         - Score: 0.8257
 3. Superplasticizer               - Score: 0.7060
 4. Age                            - Score: 0.6730
 5. CoarseAgg                      - Score: 0.6258
 6. FineAgg                        - Score: 0.5704
 7. Slag                           - Score: 0.5159
 8. FlyAsh                         - Score: 0.1348
================================================================================
  Automatically selected 4 Gaussians for Water (label 0)
  Automatically selected 4 Gaussians for Water (label 2)
  Automatically selected 3 Gaussians for Water (label 1)
  Automatically selected 4 Gaussians for Cement (label 0)
  Automatically selected 2 Gaussians for Cement (label 2)
  Automatically selected 2 Gaussians for Cement (label 1)
  Automatically selected 3 Gaussians for Superplasticizer (label 0)
  Automatically selected 3 Gaussians for Superplasticizer (label 2)
  Automatically selected 3 Gaussians for Superplasticizer (label 1)
  Automatically selected 4 Gaussians for Age (label 0)
  Automatically selected 4 Gaussians for Age (label 2)
  Automatically selected 4 Gaussians for Age (label 1)
  Automatically selected 3 Gaussians for CoarseAgg (label 0)
  Automatically selected 4 Gaussians for CoarseAgg (label 2)
  Automatically selected 4 Gaussians for CoarseAgg (label 1)
  Automatically selected 1 Gaussians for FineAgg (label 0)
  Automatically selected 4 Gaussians for FineAgg (label 2)
  Automatically selected 2 Gaussians for FineAgg (label 1)
  Automatically selected 4 Gaussians for Slag (label 0)
  Automatically selected 4 Gaussians for Slag (label 2)
  Automatically selected 3 Gaussians for Slag (label 1)
  Automatically selected 4 Gaussians for FlyAsh (label 0)
  Automatically selected 2 Gaussians for FlyAsh (label 2)
  Automatically selected 2 Gaussians for FlyAsh (label 1)

Features Ranked by Differentiation Strength:
================================================================================
 1. Age                            - Score: 1.0000
 2. Cement                         - Score: 0.9682
 3. Water                          - Score: 0.6490
 4. FineAgg                        - Score: 0.5475
 5. CoarseAgg                      - Score: 0.4744
 6. Superplasticizer               - Score: 0.4313
 7. FlyAsh                         - Score: 0.0989
 8. Slag                           - Score: 0.0816
================================================================================
  Automatically selected 3 Gaussians for Age (label 2)
  Automatically selected 4 Gaussians for Age (label 1)
  Automatically selected 3 Gaussians for Age (label 0)
  Automatically selected 4 Gaussians for Cement (label 2)
  Automatically selected 2 Gaussians for Cement (label 1)
  Automatically selected 2 Gaussians for Cement (label 0)
  Automatically selected 3 Gaussians for Water (label 2)
  Automatically selected 3 Gaussians for Water (label 1)
  Automatically selected 4 Gaussians for Water (label 0)
  Automatically selected 4 Gaussians for FineAgg (label 2)
  Automatically selected 4 Gaussians for FineAgg (label 1)
  Automatically selected 1 Gaussians for FineAgg (label 0)
  Automatically selected 4 Gaussians for CoarseAgg (label 2)
  Automatically selected 3 Gaussians for CoarseAgg (label 1)
  Automatically selected 3 Gaussians for CoarseAgg (label 0)
  Automatically selected 3 Gaussians for Superplasticizer (label 2)
  Automatically selected 4 Gaussians for Superplasticizer (label 1)
  Automatically selected 2 Gaussians for Superplasticizer (label 0)
  Automatically selected 2 Gaussians for FlyAsh (label 2)
  Automatically selected 2 Gaussians for FlyAsh (label 1)
  Automatically selected 4 Gaussians for FlyAsh (label 0)
  Automatically selected 4 Gaussians for Slag (label 2)
  Automatically selected 2 Gaussians for Slag (label 1)
  Automatically selected 2 Gaussians for Slag (label 0)

Features Ranked by Differentiation Strength:
================================================================================
 1. Age                            - Score: 1.0000
 2. Cement                         - Score: 0.9682
 3. Water                          - Score: 0.6490
 4. FineAgg                        - Score: 0.5475
 5. CoarseAgg                      - Score: 0.4744
 6. Superplasticizer               - Score: 0.4313
 7. FlyAsh                         - Score: 0.0989
 8. Slag                           - Score: 0.0816
================================================================================

Features Ranked by Differentiation Strength:
================================================================================
 1. Age                            - Score: 1.0000
 2. Cement                         - Score: 0.9682
 3. Water                          - Score: 0.6490
 4. FineAgg                        - Score: 0.5475
 5. CoarseAgg                      - Score: 0.4744
 6. Superplasticizer               - Score: 0.4313
 7. FlyAsh                         - Score: 0.0989
 8. Slag                           - Score: 0.0816
================================================================================

Features Ranked by Differentiation Strength:
================================================================================
 1. Age                            - Score: 1.0000
 2. CoarseAgg                      - Score: 0.5797
 3. Cement                         - Score: 0.5760
 4. FineAgg                        - Score: 0.5751
 5. Superplasticizer               - Score: 0.3950
 6. Water                          - Score: 0.3701
 7. Slag                           - Score: 0.2306
 8. FlyAsh                         - Score: 0.0909
================================================================================
  Automatically selected 4 Gaussians for Age (label 2)
  Automatically selected 4 Gaussians for Age (label 1)
  Automatically selected 4 Gaussians for Age (label 0)
  Automatically selected 1 Gaussians for CoarseAgg (label 2)
  Automatically selected 4 Gaussians for CoarseAgg (label 1)
  Automatically selected 1 Gaussians for CoarseAgg (label 0)
  Automatically selected 3 Gaussians for Cement (label 2)
  Automatically selected 3 Gaussians for Cement (label 1)
  Automatically selected 3 Gaussians for Cement (label 0)
  Automatically selected 3 Gaussians for FineAgg (label 2)
  Automatically selected 1 Gaussians for FineAgg (label 1)
  Automatically selected 1 Gaussians for FineAgg (label 0)
  Automatically selected 2 Gaussians for Superplasticizer (label 2)
  Automatically selected 2 Gaussians for Superplasticizer (label 1)
  Automatically selected 2 Gaussians for Superplasticizer (label 0)
  Automatically selected 1 Gaussians for Water (label 2)
  Automatically selected 1 Gaussians for Water (label 1)
  Automatically selected 4 Gaussians for Water (label 0)
  Automatically selected 2 Gaussians for Slag (label 2)
  Automatically selected 2 Gaussians for Slag (label 1)
  Automatically selected 2 Gaussians for Slag (label 0)
  Automatically selected 3 Gaussians for FlyAsh (label 2)
  Automatically selected 3 Gaussians for FlyAsh (label 1)
  Automatically selected 2 Gaussians for FlyAsh (label 0)

Features Ranked by Differentiation Strength:
================================================================================
 1. Age                            - Score: 1.0000
 2. Cement                         - Score: 0.4479
 3. Water                          - Score: 0.2874
 4. FineAgg                        - Score: 0.2772
 5. CoarseAgg                      - Score: 0.2557
 6. Superplasticizer               - Score: 0.1117
 7. Slag                           - Score: 0.0563
 8. FlyAsh                         - Score: 0.0398
================================================================================
  Automatically selected 4 Gaussians for Age (label 2)
  Automatically selected 4 Gaussians for Age (label 1)
  Automatically selected 4 Gaussians for Age (label 0)
  Automatically selected 2 Gaussians for Cement (label 2)
  Automatically selected 2 Gaussians for Cement (label 1)
  Automatically selected 2 Gaussians for Cement (label 0)
  Automatically selected 3 Gaussians for Water (label 2)
  Automatically selected 1 Gaussians for Water (label 1)
  Automatically selected 2 Gaussians for Water (label 0)
  Automatically selected 3 Gaussians for FineAgg (label 2)
  Automatically selected 1 Gaussians for FineAgg (label 1)
  Automatically selected 1 Gaussians for FineAgg (label 0)
  Automatically selected 4 Gaussians for CoarseAgg (label 2)
  Automatically selected 3 Gaussians for CoarseAgg (label 1)
  Automatically selected 1 Gaussians for CoarseAgg (label 0)
  Automatically selected 2 Gaussians for Superplasticizer (label 2)
  Automatically selected 2 Gaussians for Superplasticizer (label 1)
  Automatically selected 2 Gaussians for Superplasticizer (label 0)
  Automatically selected 2 Gaussians for Slag (label 2)
  Automatically selected 2 Gaussians for Slag (label 1)
  Automatically selected 2 Gaussians for Slag (label 0)

Features Ranked by Differentiation Strength:
================================================================================
 1. Age                            - Score: 1.0000
 2. Water                          - Score: 0.5701
 3. CoarseAgg                      - Score: 0.5319
 4. Superplasticizer               - Score: 0.4484
 5. Cement                         - Score: 0.4408
 6. FineAgg                        - Score: 0.4337
 7. Slag                           - Score: 0.2264
 8. FlyAsh                         - Score: 0.0666
================================================================================
  Automatically selected 3 Gaussians for Age (label 1)
  Automatically selected 4 Gaussians for Age (label 0)
  Automatically selected 4 Gaussians for Age (label 2)
  Automatically selected 3 Gaussians for Water (label 1)
  Automatically selected 4 Gaussians for Water (label 0)
  Automatically selected 3 Gaussians for Water (label 2)
  Automatically selected 1 Gaussians for CoarseAgg (label 1)
  Automatically selected 2 Gaussians for CoarseAgg (label 0)
  Automatically selected 3 Gaussians for CoarseAgg (label 2)
  Automatically selected 3 Gaussians for Superplasticizer (label 1)
  Automatically selected 2 Gaussians for Superplasticizer (label 0)
  Automatically selected 3 Gaussians for Superplasticizer (label 2)
  Automatically selected 2 Gaussians for Cement (label 1)
  Automatically selected 2 Gaussians for Cement (label 0)
  Automatically selected 4 Gaussians for Cement (label 2)
  Automatically selected 3 Gaussians for FineAgg (label 1)
  Automatically selected 1 Gaussians for FineAgg (label 0)
  Automatically selected 4 Gaussians for FineAgg (label 2)
  Automatically selected 2 Gaussians for Slag (label 1)
  Automatically selected 2 Gaussians for Slag (label 0)
  Automatically selected 4 Gaussians for Slag (label 2)
  Automatically selected 4 Gaussians for FlyAsh (label 1)
  Automatically selected 2 Gaussians for FlyAsh (label 0)
  Automatically selected 2 Gaussians for FlyAsh (label 2)

Features Ranked by Differentiation Strength:
================================================================================
 1. Water                          - Score: 1.0000
 2. Cement                         - Score: 0.9168
 3. Age                            - Score: 0.8743
 4. Superplasticizer               - Score: 0.6827
 5. FineAgg                        - Score: 0.6036
 6. CoarseAgg                      - Score: 0.5142
 7. Slag                           - Score: 0.4705
 8. FlyAsh                         - Score: 0.2326
================================================================================
  Automatically selected 4 Gaussians for Water (label 2)
  Automatically selected 3 Gaussians for Water (label 1)
  Automatically selected 4 Gaussians for Water (label 0)
  Automatically selected 2 Gaussians for Cement (label 2)
  Automatically selected 2 Gaussians for Cement (label 1)
  Automatically selected 4 Gaussians for Cement (label 0)
  Automatically selected 4 Gaussians for Age (label 2)
  Automatically selected 4 Gaussians for Age (label 1)
  Automatically selected 4 Gaussians for Age (label 0)
  Automatically selected 3 Gaussians for Superplasticizer (label 2)
  Automatically selected 3 Gaussians for Superplasticizer (label 1)
  Automatically selected 2 Gaussians for Superplasticizer (label 0)
  Automatically selected 1 Gaussians for FineAgg (label 2)
  Automatically selected 2 Gaussians for FineAgg (label 1)
  Automatically selected 3 Gaussians for FineAgg (label 0)
  Automatically selected 4 Gaussians for CoarseAgg (label 2)
  Automatically selected 4 Gaussians for CoarseAgg (label 1)
  Automatically selected 4 Gaussians for CoarseAgg (label 0)
  Automatically selected 4 Gaussians for Slag (label 2)
  Automatically selected 2 Gaussians for Slag (label 1)
  Automatically selected 4 Gaussians for Slag (label 0)
  Automatically selected 2 Gaussians for FlyAsh (label 2)
  Automatically selected 2 Gaussians for FlyAsh (label 1)
  Automatically selected 4 Gaussians for FlyAsh (label 0)

Features Ranked by Differentiation Strength:
================================================================================
 1. Cement                         - Score: 1.0000
 2. Age                            - Score: 0.9641
 3. Water                          - Score: 0.6672
 4. FineAgg                        - Score: 0.5326
 5. CoarseAgg                      - Score: 0.5070
 6. Superplasticizer               - Score: 0.4563
 7. FlyAsh                         - Score: 0.1135
 8. Slag                           - Score: 0.0960
================================================================================
  Automatically selected 2 Gaussians for Cement (label 2)
  Automatically selected 2 Gaussians for Cement (label 1)
  Automatically selected 3 Gaussians for Cement (label 0)
  Automatically selected 4 Gaussians for Age (label 2)
  Automatically selected 4 Gaussians for Age (label 1)
  Automatically selected 4 Gaussians for Age (label 0)
  Automatically selected 3 Gaussians for Water (label 2)
  Automatically selected 3 Gaussians for Water (label 1)
  Automatically selected 4 Gaussians for Water (label 0)
  Automatically selected 4 Gaussians for FineAgg (label 2)
  Automatically selected 4 Gaussians for FineAgg (label 1)
  Automatically selected 1 Gaussians for FineAgg (label 0)
  Automatically selected 4 Gaussians for CoarseAgg (label 2)
  Automatically selected 3 Gaussians for CoarseAgg (label 1)
  Automatically selected 1 Gaussians for CoarseAgg (label 0)
  Automatically selected 3 Gaussians for Superplasticizer (label 2)
  Automatically selected 3 Gaussians for Superplasticizer (label 1)
  Automatically selected 2 Gaussians for Superplasticizer (label 0)
  Automatically selected 2 Gaussians for FlyAsh (label 2)
  Automatically selected 2 Gaussians for FlyAsh (label 1)
  Automatically selected 4 Gaussians for FlyAsh (label 0)
  Automatically selected 4 Gaussians for Slag (label 2)
  Automatically selected 2 Gaussians for Slag (label 1)
  Automatically selected 2 Gaussians for Slag (label 0)

Features Ranked by Differentiation Strength:
================================================================================
 1. Cement                         - Score: 1.0000
 2. Age                            - Score: 0.9641
 3. Water                          - Score: 0.6672
 4. FineAgg                        - Score: 0.5326
 5. CoarseAgg                      - Score: 0.5070
 6. Superplasticizer               - Score: 0.4563
 7. FlyAsh                         - Score: 0.1135
 8. Slag                           - Score: 0.0960
================================================================================

Features Ranked by Differentiation Strength:
================================================================================
 1. Cement                         - Score: 1.0000
 2. Age                            - Score: 0.9641
 3. Water                          - Score: 0.6672
 4. FineAgg                        - Score: 0.5326
 5. CoarseAgg                      - Score: 0.5070
 6. Superplasticizer               - Score: 0.4563
 7. FlyAsh                         - Score: 0.1135
 8. Slag                           - Score: 0.0960
================================================================================

Features Ranked by Differentiation Strength:
================================================================================
 1. Age                            - Score: 1.0000
 2. Cement                         - Score: 0.7017
 3. CoarseAgg                      - Score: 0.6576
 4. FineAgg                        - Score: 0.5873
 5. Superplasticizer               - Score: 0.5000
 6. Water                          - Score: 0.3997
 7. Slag                           - Score: 0.2072
 8. FlyAsh                         - Score: 0.1176
================================================================================
  Automatically selected 3 Gaussians for Age (label 2)
  Automatically selected 4 Gaussians for Age (label 0)
  Automatically selected 4 Gaussians for Age (label 1)
  Automatically selected 3 Gaussians for Cement (label 2)
  Automatically selected 2 Gaussians for Cement (label 0)
  Automatically selected 2 Gaussians for Cement (label 1)
  Automatically selected 2 Gaussians for CoarseAgg (label 2)
  Automatically selected 1 Gaussians for CoarseAgg (label 0)
  Automatically selected 1 Gaussians for CoarseAgg (label 1)
  Automatically selected 3 Gaussians for FineAgg (label 2)
  Automatically selected 1 Gaussians for FineAgg (label 0)
  Automatically selected 1 Gaussians for FineAgg (label 1)
  Automatically selected 4 Gaussians for Superplasticizer (label 2)
  Automatically selected 2 Gaussians for Superplasticizer (label 0)
  Automatically selected 2 Gaussians for Superplasticizer (label 1)
  Automatically selected 1 Gaussians for Water (label 2)
  Automatically selected 4 Gaussians for Water (label 0)
  Automatically selected 1 Gaussians for Water (label 1)
  Automatically selected 3 Gaussians for Slag (label 2)
  Automatically selected 2 Gaussians for Slag (label 0)
  Automatically selected 2 Gaussians for Slag (label 1)
  Automatically selected 2 Gaussians for FlyAsh (label 2)
  Automatically selected 2 Gaussians for FlyAsh (label 0)
  Automatically selected 2 Gaussians for FlyAsh (label 1)

Features Ranked by Differentiation Strength:
================================================================================
 1. Age                            - Score: 1.0000
 2. Cement                         - Score: 0.4925
 3. Water                          - Score: 0.3374
 4. CoarseAgg                      - Score: 0.3221
 5. FineAgg                        - Score: 0.2684
 6. Superplasticizer               - Score: 0.1278
 7. Slag                           - Score: 0.0664
 8. FlyAsh                         - Score: 0.0540
================================================================================
  Automatically selected 4 Gaussians for Age (label 2)
  Automatically selected 4 Gaussians for Age (label 1)
  Automatically selected 4 Gaussians for Age (label 0)
  Automatically selected 2 Gaussians for Cement (label 2)
  Automatically selected 2 Gaussians for Cement (label 1)
  Automatically selected 2 Gaussians for Cement (label 0)
  Automatically selected 3 Gaussians for Water (label 2)
  Automatically selected 1 Gaussians for Water (label 1)
  Automatically selected 2 Gaussians for Water (label 0)
  Automatically selected 1 Gaussians for CoarseAgg (label 2)
  Automatically selected 2 Gaussians for CoarseAgg (label 1)
  Automatically selected 1 Gaussians for CoarseAgg (label 0)
  Automatically selected 4 Gaussians for FineAgg (label 2)
  Automatically selected 1 Gaussians for FineAgg (label 1)
  Automatically selected 1 Gaussians for FineAgg (label 0)
  Automatically selected 2 Gaussians for Superplasticizer (label 2)
  Automatically selected 2 Gaussians for Superplasticizer (label 1)
  Automatically selected 2 Gaussians for Superplasticizer (label 0)
  Automatically selected 2 Gaussians for Slag (label 2)
  Automatically selected 2 Gaussians for Slag (label 1)
  Automatically selected 2 Gaussians for Slag (label 0)
  Automatically selected 2 Gaussians for FlyAsh (label 2)
  Automatically selected 2 Gaussians for FlyAsh (label 1)
  Automatically selected 2 Gaussians for FlyAsh (label 0)

Features Ranked by Differentiation Strength:
================================================================================
 1. Age                            - Score: 1.0000
 2. Water                          - Score: 0.8270
 3. Superplasticizer               - Score: 0.6651
 4. CoarseAgg                      - Score: 0.6584
 5. FineAgg                        - Score: 0.5148
 6. Cement                         - Score: 0.5146
 7. Slag                           - Score: 0.3792
 8. FlyAsh                         - Score: 0.0508
================================================================================
  Automatically selected 4 Gaussians for Age (label 2)
  Automatically selected 3 Gaussians for Age (label 1)
  Automatically selected 4 Gaussians for Age (label 0)
  Automatically selected 4 Gaussians for Water (label 2)
  Automatically selected 3 Gaussians for Water (label 1)
  Automatically selected 3 Gaussians for Water (label 0)
  Automatically selected 3 Gaussians for Superplasticizer (label 2)
  Automatically selected 4 Gaussians for Superplasticizer (label 1)
  Automatically selected 2 Gaussians for Superplasticizer (label 0)
  Automatically selected 3 Gaussians for CoarseAgg (label 2)
  Automatically selected 3 Gaussians for CoarseAgg (label 1)
  Automatically selected 2 Gaussians for CoarseAgg (label 0)
  Automatically selected 4 Gaussians for FineAgg (label 2)
  Automatically selected 4 Gaussians for FineAgg (label 1)
  Automatically selected 1 Gaussians for FineAgg (label 0)
  Automatically selected 3 Gaussians for Cement (label 2)
  Automatically selected 2 Gaussians for Cement (label 1)
  Automatically selected 3 Gaussians for Cement (label 0)
  Automatically selected 4 Gaussians for Slag (label 2)
  Automatically selected 2 Gaussians for Slag (label 1)
  Automatically selected 2 Gaussians for Slag (label 0)
  Automatically selected 2 Gaussians for FlyAsh (label 2)
  Automatically selected 3 Gaussians for FlyAsh (label 1)
  Automatically selected 2 Gaussians for FlyAsh (label 0)

Features Ranked by Differentiation Strength:
================================================================================
 1. Water                          - Score: 1.0000
 2. Cement                         - Score: 0.9010
 3. Age                            - Score: 0.7618
 4. Superplasticizer               - Score: 0.6634
 5. FineAgg                        - Score: 0.5650
 6. CoarseAgg                      - Score: 0.5119
 7. Slag                           - Score: 0.4678
 8. FlyAsh                         - Score: 0.1618
================================================================================
  Automatically selected 3 Gaussians for Water (label 1)
  Automatically selected 2 Gaussians for Water (label 0)
  Automatically selected 4 Gaussians for Water (label 2)
  Automatically selected 4 Gaussians for Cement (label 1)
  Automatically selected 4 Gaussians for Cement (label 0)
  Automatically selected 4 Gaussians for Cement (label 2)
  Automatically selected 4 Gaussians for Age (label 1)
  Automatically selected 4 Gaussians for Age (label 0)
  Automatically selected 4 Gaussians for Age (label 2)
  Automatically selected 3 Gaussians for Superplasticizer (label 1)
  Automatically selected 3 Gaussians for Superplasticizer (label 0)
  Automatically selected 3 Gaussians for Superplasticizer (label 2)
  Automatically selected 2 Gaussians for FineAgg (label 1)
  Automatically selected 1 Gaussians for FineAgg (label 0)
  Automatically selected 4 Gaussians for FineAgg (label 2)
  Automatically selected 4 Gaussians for CoarseAgg (label 1)
  Automatically selected 3 Gaussians for CoarseAgg (label 0)
  Automatically selected 4 Gaussians for CoarseAgg (label 2)
  Automatically selected 4 Gaussians for Slag (label 1)
  Automatically selected 4 Gaussians for Slag (label 0)
  Automatically selected 4 Gaussians for Slag (label 2)
  Automatically selected 2 Gaussians for FlyAsh (label 1)
  Automatically selected 2 Gaussians for FlyAsh (label 0)
  Automatically selected 2 Gaussians for FlyAsh (label 2)

Features Ranked by Differentiation Strength:
================================================================================
 1. Cement                         - Score: 1.0000
 2. Age                            - Score: 0.9291
 3. Water                          - Score: 0.6492
 4. FineAgg                        - Score: 0.5540
 5. CoarseAgg                      - Score: 0.5163
 6. Superplasticizer               - Score: 0.4924
 7. Slag                           - Score: 0.1341
 8. FlyAsh                         - Score: 0.1211
================================================================================
  Automatically selected 3 Gaussians for Cement (label 0)
  Automatically selected 2 Gaussians for Cement (label 1)
  Automatically selected 2 Gaussians for Cement (label 2)
  Automatically selected 4 Gaussians for Age (label 0)
  Automatically selected 4 Gaussians for Age (label 1)
  Automatically selected 4 Gaussians for Age (label 2)
  Automatically selected 3 Gaussians for Water (label 0)
  Automatically selected 3 Gaussians for Water (label 1)
  Automatically selected 3 Gaussians for Water (label 2)
  Automatically selected 1 Gaussians for FineAgg (label 0)
  Automatically selected 4 Gaussians for FineAgg (label 1)
  Automatically selected 4 Gaussians for FineAgg (label 2)
  Automatically selected 2 Gaussians for CoarseAgg (label 0)
  Automatically selected 3 Gaussians for CoarseAgg (label 1)
  Automatically selected 4 Gaussians for CoarseAgg (label 2)
  Automatically selected 2 Gaussians for Superplasticizer (label 0)
  Automatically selected 4 Gaussians for Superplasticizer (label 1)
  Automatically selected 3 Gaussians for Superplasticizer (label 2)
  Automatically selected 2 Gaussians for Slag (label 0)
  Automatically selected 2 Gaussians for Slag (label 1)
  Automatically selected 4 Gaussians for Slag (label 2)
  Automatically selected 3 Gaussians for FlyAsh (label 0)
  Automatically selected 2 Gaussians for FlyAsh (label 1)
  Automatically selected 3 Gaussians for FlyAsh (label 2)

Features Ranked by Differentiation Strength:
================================================================================
 1. Cement                         - Score: 1.0000
 2. Age                            - Score: 0.9291
 3. Water                          - Score: 0.6492
 4. FineAgg                        - Score: 0.5540
 5. CoarseAgg                      - Score: 0.5163
 6. Superplasticizer               - Score: 0.4924
 7. Slag                           - Score: 0.1341
 8. FlyAsh                         - Score: 0.1211
================================================================================

Features Ranked by Differentiation Strength:
================================================================================
 1. Cement                         - Score: 1.0000
 2. Age                            - Score: 0.9291
 3. Water                          - Score: 0.6492
 4. FineAgg                        - Score: 0.5540
 5. CoarseAgg                      - Score: 0.5163
 6. Superplasticizer               - Score: 0.4924
 7. Slag                           - Score: 0.1341
 8. FlyAsh                         - Score: 0.1211
================================================================================

Features Ranked by Differentiation Strength:
================================================================================
 1. Age                            - Score: 1.0000
 2. FineAgg                        - Score: 0.5956
 3. CoarseAgg                      - Score: 0.5575
 4. Cement                         - Score: 0.4793
 5. Water                          - Score: 0.4763
 6. Superplasticizer               - Score: 0.4639
 7. Slag                           - Score: 0.3144
 8. FlyAsh                         - Score: 0.1005
================================================================================
  Automatically selected 4 Gaussians for Age (label 0)
  Automatically selected 2 Gaussians for Age (label 2)
  Automatically selected 4 Gaussians for Age (label 1)
  Automatically selected 1 Gaussians for FineAgg (label 0)
  Automatically selected 3 Gaussians for FineAgg (label 2)
  Automatically selected 1 Gaussians for FineAgg (label 1)
  Automatically selected 1 Gaussians for CoarseAgg (label 0)
  Automatically selected 4 Gaussians for CoarseAgg (label 2)
  Automatically selected 1 Gaussians for CoarseAgg (label 1)
  Automatically selected 1 Gaussians for Cement (label 0)
  Automatically selected 3 Gaussians for Cement (label 2)
  Automatically selected 2 Gaussians for Cement (label 1)
  Automatically selected 4 Gaussians for Water (label 0)
  Automatically selected 1 Gaussians for Water (label 2)
  Automatically selected 1 Gaussians for Water (label 1)
  Automatically selected 2 Gaussians for Superplasticizer (label 0)
  Automatically selected 3 Gaussians for Superplasticizer (label 2)
  Automatically selected 2 Gaussians for Superplasticizer (label 1)
  Automatically selected 2 Gaussians for Slag (label 0)
  Automatically selected 2 Gaussians for Slag (label 2)
  Automatically selected 2 Gaussians for Slag (label 1)
  Automatically selected 2 Gaussians for FlyAsh (label 0)
  Automatically selected 2 Gaussians for FlyAsh (label 2)
  Automatically selected 3 Gaussians for FlyAsh (label 1)

Features Ranked by Differentiation Strength:
================================================================================
 1. Age                            - Score: 1.0000
 2. Cement                         - Score: 0.4772
 3. Water                          - Score: 0.3903
 4. CoarseAgg                      - Score: 0.3448
 5. FineAgg                        - Score: 0.3168
 6. Superplasticizer               - Score: 0.1677
 7. Slag                           - Score: 0.0923
 8. FlyAsh                         - Score: 0.0682
================================================================================
  Automatically selected 4 Gaussians for Age (label 0)
  Automatically selected 4 Gaussians for Age (label 2)
  Automatically selected 4 Gaussians for Age (label 1)
  Automatically selected 2 Gaussians for Cement (label 0)
  Automatically selected 2 Gaussians for Cement (label 2)
  Automatically selected 2 Gaussians for Cement (label 1)
  Automatically selected 4 Gaussians for Water (label 0)
  Automatically selected 3 Gaussians for Water (label 2)
  Automatically selected 3 Gaussians for Water (label 1)
  Automatically selected 2 Gaussians for CoarseAgg (label 0)
  Automatically selected 4 Gaussians for CoarseAgg (label 2)
  Automatically selected 3 Gaussians for CoarseAgg (label 1)
  Automatically selected 4 Gaussians for FineAgg (label 0)
  Automatically selected 3 Gaussians for FineAgg (label 2)
  Automatically selected 1 Gaussians for FineAgg (label 1)
  Automatically selected 2 Gaussians for Superplasticizer (label 0)
  Automatically selected 2 Gaussians for Superplasticizer (label 2)
  Automatically selected 3 Gaussians for Superplasticizer (label 1)
  Automatically selected 2 Gaussians for Slag (label 0)
  Automatically selected 4 Gaussians for Slag (label 2)
  Automatically selected 2 Gaussians for Slag (label 1)
  Automatically selected 2 Gaussians for FlyAsh (label 0)
  Automatically selected 4 Gaussians for FlyAsh (label 2)
  Automatically selected 2 Gaussians for FlyAsh (label 1)

Features Ranked by Differentiation Strength:
================================================================================
 1. Age                            - Score: 1.0000
 2. CoarseAgg                      - Score: 0.6029
 3. Cement                         - Score: 0.5626
 4. Water                          - Score: 0.5617
 5. Superplasticizer               - Score: 0.5463
 6. FineAgg                        - Score: 0.4830
 7. Slag                           - Score: 0.2640
 8. FlyAsh                         - Score: 0.0855
================================================================================
  Automatically selected 4 Gaussians for Age (label 1)
  Automatically selected 4 Gaussians for Age (label 2)
  Automatically selected 4 Gaussians for Age (label 0)
  Automatically selected 3 Gaussians for CoarseAgg (label 1)
  Automatically selected 4 Gaussians for CoarseAgg (label 2)
  Automatically selected 2 Gaussians for CoarseAgg (label 0)
  Automatically selected 3 Gaussians for Cement (label 1)
  Automatically selected 4 Gaussians for Cement (label 2)
  Automatically selected 3 Gaussians for Cement (label 0)
  Automatically selected 1 Gaussians for Water (label 1)
  Automatically selected 3 Gaussians for Water (label 2)
  Automatically selected 4 Gaussians for Water (label 0)
  Automatically selected 4 Gaussians for Superplasticizer (label 1)
  Automatically selected 3 Gaussians for Superplasticizer (label 2)
  Automatically selected 2 Gaussians for Superplasticizer (label 0)
  Automatically selected 1 Gaussians for FineAgg (label 1)
  Automatically selected 4 Gaussians for FineAgg (label 2)
  Automatically selected 1 Gaussians for FineAgg (label 0)
  Automatically selected 2 Gaussians for Slag (label 1)
  Automatically selected 2 Gaussians for Slag (label 2)
  Automatically selected 2 Gaussians for Slag (label 0)
  Automatically selected 4 Gaussians for FlyAsh (label 1)
  Automatically selected 2 Gaussians for FlyAsh (label 2)
  Automatically selected 2 Gaussians for FlyAsh (label 0)

Features Ranked by Differentiation Strength:
================================================================================
 1. Water                          - Score: 1.0000
 2. Cement                         - Score: 0.9423
 3. Age                            - Score: 0.8141
 4. Superplasticizer               - Score: 0.7186
 5. CoarseAgg                      - Score: 0.6543
 6. FineAgg                        - Score: 0.5856
 7. Slag                           - Score: 0.4996
 8. FlyAsh                         - Score: 0.1804
================================================================================
  Automatically selected 4 Gaussians for Water (label 2)
  Automatically selected 4 Gaussians for Water (label 0)
  Automatically selected 3 Gaussians for Water (label 1)
  Automatically selected 4 Gaussians for Cement (label 2)
  Automatically selected 4 Gaussians for Cement (label 0)
  Automatically selected 4 Gaussians for Cement (label 1)
  Automatically selected 3 Gaussians for Age (label 2)
  Automatically selected 4 Gaussians for Age (label 0)
  Automatically selected 4 Gaussians for Age (label 1)
  Automatically selected 3 Gaussians for Superplasticizer (label 2)
  Automatically selected 4 Gaussians for Superplasticizer (label 0)
  Automatically selected 3 Gaussians for Superplasticizer (label 1)
  Automatically selected 4 Gaussians for CoarseAgg (label 2)
  Automatically selected 4 Gaussians for CoarseAgg (label 0)
  Automatically selected 4 Gaussians for CoarseAgg (label 1)
  Automatically selected 4 Gaussians for FineAgg (label 2)
  Automatically selected 3 Gaussians for FineAgg (label 0)
  Automatically selected 2 Gaussians for FineAgg (label 1)
  Automatically selected 4 Gaussians for Slag (label 2)
  Automatically selected 3 Gaussians for Slag (label 0)
  Automatically selected 2 Gaussians for Slag (label 1)
  Automatically selected 2 Gaussians for FlyAsh (label 2)
  Automatically selected 4 Gaussians for FlyAsh (label 0)
  Automatically selected 4 Gaussians for FlyAsh (label 1)
  Concrete: einstein done

Features Ranked by Differentiation Strength:
================================================================================
 1. URLSimilarityIndex             - Score: 1.0000
 2. HasSocialNet                   - Score: 0.7806
 3. NoOfCSS                        - Score: 0.6500
 4. HasCopyrightInfo               - Score: 0.5639
 5. NoOfOtherSpecialCharsInURL     - Score: 0.5318
 6. NoOfSelfRef                    - Score: 0.5302
 7. HasDescription                 - Score: 0.5225
 8. HasTitle                       - Score: 0.5014
 9. NoOfJS                         - Score: 0.4868
10. NoOfImage                      - Score: 0.4548
11. SpacialCharRatioInURL          - Score: 0.3713
12. NoOfiFrame                     - Score: 0.3675
13. HasSubmitButton                - Score: 0.3635
14. DegitRatioInURL                - Score: 0.3402
15. LineOfCode                     - Score: 0.3291
16. NoOfEmptyRef                   - Score: 0.3136
17. DomainTitleMatchScore          - Score: 0.3098
18. IsHTTPS                        - Score: 0.3034
19. HasHiddenFields                - Score: 0.3033
20. URLCharProb                    - Score: 0.3021
21. NoOfExternalRef                - Score: 0.2963
22. HasFavicon                     - Score: 0.2937
23. NoOfDegitsInURL                - Score: 0.2886
24. LetterRatioInURL               - Score: 0.2838
25. URLLength                      - Score: 0.2790
26. IsResponsive                   - Score: 0.2781
27. NoOfLettersInURL               - Score: 0.2775
28. Robots                         - Score: 0.2631
29. HasExternalFormSubmit          - Score: 0.2629
30. URLTitleMatchScore             - Score: 0.2554
31. LargestLineLength              - Score: 0.2540
32. DomainLength                   - Score: 0.2416
33. Pay                            - Score: 0.2369
34. NoOfPopup                      - Score: 0.2001
35. CharContinuationRate           - Score: 0.1999
36. NoOfSubDomain                  - Score: 0.1371
37. Bank                           - Score: 0.1324
38. Crypto                         - Score: 0.1317
39. HasPasswordField               - Score: 0.1010
40. NoOfSelfRedirect               - Score: 0.0766
41. TLDLength                      - Score: 0.0568
42. TLDLegitimateProb              - Score: 0.0314
43. NoOfURLRedirect                - Score: 0.0218
44. NoOfQMarkInURL                 - Score: 0.0015
45. NoOfEqualsInURL                - Score: 0.0005
46. IsDomainIP                     - Score: 0.0000
47. HasObfuscation                 - Score: 0.0000
48. NoOfAmpersandInURL             - Score: 0.0000
49. NoOfObfuscatedChar             - Score: 0.0000
50. ObfuscationRatio               - Score: 0.0000
================================================================================
  Automatically selected 4 Gaussians for URLSimilarityIndex (label legit)
  Automatically selected 1 Gaussians for URLSimilarityIndex (label phish)
  Automatically selected 2 Gaussians for HasSocialNet (label legit)
  Automatically selected 2 Gaussians for HasSocialNet (label phish)
  Automatically selected 4 Gaussians for NoOfCSS (label legit)
  Automatically selected 4 Gaussians for NoOfCSS (label phish)
  Automatically selected 2 Gaussians for HasCopyrightInfo (label legit)
  Automatically selected 2 Gaussians for HasCopyrightInfo (label phish)
  Automatically selected 4 Gaussians for NoOfOtherSpecialCharsInURL (label legit)
  Automatically selected 4 Gaussians for NoOfOtherSpecialCharsInURL (label phish)

Features Ranked by Differentiation Strength:
================================================================================
 1. URLSimilarityIndex             - Score: 1.0000
 2. HasSocialNet                   - Score: 0.7806
 3. NoOfCSS                        - Score: 0.6500
 4. HasCopyrightInfo               - Score: 0.5639
 5. NoOfOtherSpecialCharsInURL     - Score: 0.5318
 6. NoOfSelfRef                    - Score: 0.5302
 7. HasDescription                 - Score: 0.5225
 8. HasTitle                       - Score: 0.5014
 9. NoOfJS                         - Score: 0.4868
10. NoOfImage                      - Score: 0.4548
11. SpacialCharRatioInURL          - Score: 0.3713
12. NoOfiFrame                     - Score: 0.3675
13. HasSubmitButton                - Score: 0.3635
14. DegitRatioInURL                - Score: 0.3402
15. LineOfCode                     - Score: 0.3291
16. NoOfEmptyRef                   - Score: 0.3136
17. DomainTitleMatchScore          - Score: 0.3098
18. IsHTTPS                        - Score: 0.3034
19. HasHiddenFields                - Score: 0.3033
20. URLCharProb                    - Score: 0.3021
21. NoOfExternalRef                - Score: 0.2963
22. HasFavicon                     - Score: 0.2937
23. NoOfDegitsInURL                - Score: 0.2886
24. LetterRatioInURL               - Score: 0.2838
25. URLLength                      - Score: 0.2790
26. IsResponsive                   - Score: 0.2781
27. NoOfLettersInURL               - Score: 0.2775
28. Robots                         - Score: 0.2631
29. HasExternalFormSubmit          - Score: 0.2629
30. URLTitleMatchScore             - Score: 0.2554
31. LargestLineLength              - Score: 0.2540
32. DomainLength                   - Score: 0.2416
33. Pay                            - Score: 0.2369
34. NoOfPopup                      - Score: 0.2001
35. CharContinuationRate           - Score: 0.1999
36. NoOfSubDomain                  - Score: 0.1371
37. Bank                           - Score: 0.1324
38. Crypto                         - Score: 0.1317
39. HasPasswordField               - Score: 0.1010
40. NoOfSelfRedirect               - Score: 0.0766
41. TLDLength                      - Score: 0.0568
42. TLDLegitimateProb              - Score: 0.0314
43. NoOfURLRedirect                - Score: 0.0218
44. NoOfQMarkInURL                 - Score: 0.0015
45. NoOfEqualsInURL                - Score: 0.0005
46. IsDomainIP                     - Score: 0.0000
47. HasObfuscation                 - Score: 0.0000
48. NoOfAmpersandInURL             - Score: 0.0000
49. NoOfObfuscatedChar             - Score: 0.0000
50. ObfuscationRatio               - Score: 0.0000
================================================================================

Features Ranked by Differentiation Strength:
================================================================================
 1. URLSimilarityIndex             - Score: 1.0000
 2. HasSocialNet                   - Score: 0.7806
 3. NoOfCSS                        - Score: 0.6500
 4. HasCopyrightInfo               - Score: 0.5639
 5. NoOfOtherSpecialCharsInURL     - Score: 0.5318
 6. NoOfSelfRef                    - Score: 0.5302
 7. HasDescription                 - Score: 0.5225
 8. HasTitle                       - Score: 0.5014
 9. NoOfJS                         - Score: 0.4868
10. NoOfImage                      - Score: 0.4548
11. SpacialCharRatioInURL          - Score: 0.3713
12. NoOfiFrame                     - Score: 0.3675
13. HasSubmitButton                - Score: 0.3635
14. DegitRatioInURL                - Score: 0.3402
15. LineOfCode                     - Score: 0.3291
16. NoOfEmptyRef                   - Score: 0.3136
17. DomainTitleMatchScore          - Score: 0.3098
18. IsHTTPS                        - Score: 0.3034
19. HasHiddenFields                - Score: 0.3033
20. URLCharProb                    - Score: 0.3021
21. NoOfExternalRef                - Score: 0.2963
22. HasFavicon                     - Score: 0.2937
23. NoOfDegitsInURL                - Score: 0.2886
24. LetterRatioInURL               - Score: 0.2838
25. URLLength                      - Score: 0.2790
26. IsResponsive                   - Score: 0.2781
27. NoOfLettersInURL               - Score: 0.2775
28. Robots                         - Score: 0.2631
29. HasExternalFormSubmit          - Score: 0.2629
30. URLTitleMatchScore             - Score: 0.2554
31. LargestLineLength              - Score: 0.2540
32. DomainLength                   - Score: 0.2416
33. Pay                            - Score: 0.2369
34. NoOfPopup                      - Score: 0.2001
35. CharContinuationRate           - Score: 0.1999
36. NoOfSubDomain                  - Score: 0.1371
37. Bank                           - Score: 0.1324
38. Crypto                         - Score: 0.1317
39. HasPasswordField               - Score: 0.1010
40. NoOfSelfRedirect               - Score: 0.0766
41. TLDLength                      - Score: 0.0568
42. TLDLegitimateProb              - Score: 0.0314
43. NoOfURLRedirect                - Score: 0.0218
44. NoOfQMarkInURL                 - Score: 0.0015
45. NoOfEqualsInURL                - Score: 0.0005
46. IsDomainIP                     - Score: 0.0000
47. HasObfuscation                 - Score: 0.0000
48. NoOfAmpersandInURL             - Score: 0.0000
49. NoOfObfuscatedChar             - Score: 0.0000
50. ObfuscationRatio               - Score: 0.0000
================================================================================

Features Ranked by Differentiation Strength:
================================================================================
 1. URLSimilarityIndex             - Score: 1.0000
 2. LineOfCode                     - Score: 0.7673
 3. NoOfCSS                        - Score: 0.6967
 4. NoOfJS                         - Score: 0.6313
 5. NoOfSelfRef                    - Score: 0.6036
 6. NoOfOtherSpecialCharsInURL     - Score: 0.5237
 7. HasDescription                 - Score: 0.4683
 8. HasTitle                       - Score: 0.4681
 9. NoOfImage                      - Score: 0.4537
10. DegitRatioInURL                - Score: 0.3561
11. SpacialCharRatioInURL          - Score: 0.3559
12. NoOfExternalRef                - Score: 0.3378
13. NoOfiFrame                     - Score: 0.3306
14. HasSubmitButton                - Score: 0.3270
15. DomainTitleMatchScore          - Score: 0.3195
16. IsHTTPS                        - Score: 0.3162
17. LetterRatioInURL               - Score: 0.3132
18. NoOfEmptyRef                   - Score: 0.3070
19. URLCharProb                    - Score: 0.2865
20. NoOfDegitsInURL                - Score: 0.2828
21. HasHiddenFields                - Score: 0.2791
22. HasFavicon                     - Score: 0.2772
23. URLLength                      - Score: 0.2754
24. NoOfLettersInURL               - Score: 0.2751
25. NoOfSelfRedirect               - Score: 0.2726
26. URLTitleMatchScore             - Score: 0.2690
27. DomainLength                   - Score: 0.2676
28. NoOfPopup                      - Score: 0.2616
29. LargestLineLength              - Score: 0.2416
30. IsResponsive                   - Score: 0.2322
31. Pay                            - Score: 0.2035
32. Robots                         - Score: 0.1984
33. HasExternalFormSubmit          - Score: 0.1888
34. Crypto                         - Score: 0.1883
35. CharContinuationRate           - Score: 0.1861
36. NoOfSubDomain                  - Score: 0.1599
37. NoOfURLRedirect                - Score: 0.1015
38. Bank                           - Score: 0.0901
39. HasPasswordField               - Score: 0.0793
40. TLDLength                      - Score: 0.0325
41. TLDLegitimateProb              - Score: 0.0147
42. NoOfQMarkInURL                 - Score: 0.0010
43. NoOfEqualsInURL                - Score: 0.0004
44. IsDomainIP                     - Score: 0.0000
45. HasObfuscation                 - Score: 0.0000
46. NoOfAmpersandInURL             - Score: 0.0000
47. NoOfObfuscatedChar             - Score: 0.0000
48. ObfuscationRatio               - Score: 0.0000
49. HasSocialNet                   - Score: 0.0000
50. HasCopyrightInfo               - Score: 0.0000
================================================================================
  Automatically selected 4 Gaussians for URLSimilarityIndex (label legit)
  Automatically selected 1 Gaussians for URLSimilarityIndex (label phish)
  Automatically selected 4 Gaussians for LineOfCode (label legit)
  Automatically selected 3 Gaussians for LineOfCode (label phish)
  Automatically selected 4 Gaussians for NoOfCSS (label legit)
  Automatically selected 3 Gaussians for NoOfCSS (label phish)
  Automatically selected 4 Gaussians for NoOfJS (label legit)
  Automatically selected 4 Gaussians for NoOfJS (label phish)
  Automatically selected 4 Gaussians for NoOfSelfRef (label legit)
  Automatically selected 4 Gaussians for NoOfSelfRef (label phish)

Features Ranked by Differentiation Strength:
================================================================================
 1. URLSimilarityIndex             - Score: 1.0000
 2. NoOfOtherSpecialCharsInURL     - Score: 0.6673
 3. URLLength                      - Score: 0.6104
 4. NoOfLettersInURL               - Score: 0.5965
 5. NoOfSelfRef                    - Score: 0.5853
 6. NoOfImage                      - Score: 0.5085
 7. SpacialCharRatioInURL          - Score: 0.5053
 8. LetterRatioInURL               - Score: 0.4642
 9. NoOfDegitsInURL                - Score: 0.4617
10. NoOfCSS                        - Score: 0.4182
11. URLCharProb                    - Score: 0.4139
12. NoOfJS                         - Score: 0.4026
13. LargestLineLength              - Score: 0.3925
14. DegitRatioInURL                - Score: 0.3797
15. DomainTitleMatchScore          - Score: 0.3390
16. DomainLength                   - Score: 0.3381
17. LineOfCode                     - Score: 0.3146
18. NoOfExternalRef                - Score: 0.2991
19. NoOfiFrame                     - Score: 0.2874
20. HasTitle                       - Score: 0.2380
21. CharContinuationRate           - Score: 0.2322
22. URLTitleMatchScore             - Score: 0.2258
23. NoOfSubDomain                  - Score: 0.2194
24. HasDescription                 - Score: 0.1887
25. IsHTTPS                        - Score: 0.1683
26. Robots                         - Score: 0.1561
27. NoOfPopup                      - Score: 0.1388
28. NoOfEmptyRef                   - Score: 0.1122
29. NoOfURLRedirect                - Score: 0.1109
30. HasPasswordField               - Score: 0.1061
31. NoOfSelfRedirect               - Score: 0.0901
32. TLDLength                      - Score: 0.0799
33. Crypto                         - Score: 0.0544
34. HasExternalFormSubmit          - Score: 0.0365
35. TLDLegitimateProb              - Score: 0.0348
36. HasFavicon                     - Score: 0.0285
37. NoOfQMarkInURL                 - Score: 0.0234
38. HasHiddenFields                - Score: 0.0179
39. IsResponsive                   - Score: 0.0137
40. Pay                            - Score: 0.0099
41. Bank                           - Score: 0.0065
42. NoOfEqualsInURL                - Score: 0.0064
43. HasSubmitButton                - Score: 0.0028
44. HasObfuscation                 - Score: 0.0004
45. IsDomainIP                     - Score: 0.0003
46. NoOfAmpersandInURL             - Score: 0.0003
47. NoOfObfuscatedChar             - Score: 0.0002
48. ObfuscationRatio               - Score: 0.0000
49. HasSocialNet                   - Score: 0.0000
50. HasCopyrightInfo               - Score: 0.0000
================================================================================
  Automatically selected 1 Gaussians for URLSimilarityIndex (label phish)
  Automatically selected 3 Gaussians for URLSimilarityIndex (label legit)
  Automatically selected 4 Gaussians for NoOfOtherSpecialCharsInURL (label phish)
  Automatically selected 3 Gaussians for NoOfOtherSpecialCharsInURL (label legit)
  Automatically selected 2 Gaussians for URLLength (label phish)
  Automatically selected 4 Gaussians for URLLength (label legit)
  Automatically selected 2 Gaussians for NoOfLettersInURL (label phish)
  Automatically selected 4 Gaussians for NoOfLettersInURL (label legit)
  Automatically selected 4 Gaussians for NoOfSelfRef (label phish)
  Automatically selected 4 Gaussians for NoOfSelfRef (label legit)

Features Ranked by Differentiation Strength:
================================================================================
 1. URLSimilarityIndex             - Score: 1.0000
 2. NoOfOtherSpecialCharsInURL     - Score: 0.5682
 3. NoOfSelfRef                    - Score: 0.5598
 4. SpacialCharRatioInURL          - Score: 0.5341
 5. NoOfCSS                        - Score: 0.5280
 6. NoOfJS                         - Score: 0.5185
 7. NoOfDegitsInURL                - Score: 0.5171
 8. HasTitle                       - Score: 0.5100
 9. NoOfImage                      - Score: 0.4785
10. LargestLineLength              - Score: 0.4636
11. DegitRatioInURL                - Score: 0.4621
12. NoOfExternalRef                - Score: 0.4590
13. URLCharProb                    - Score: 0.4554
14. HasCopyrightInfo               - Score: 0.4182
15. NoOfEmptyRef                   - Score: 0.3366
16. LineOfCode                     - Score: 0.3235
17. URLLength                      - Score: 0.3139
18. NoOfLettersInURL               - Score: 0.3032
19. LetterRatioInURL               - Score: 0.2700
20. HasDescription                 - Score: 0.2604
21. DomainTitleMatchScore          - Score: 0.2554
22. IsResponsive                   - Score: 0.2488
23. HasFavicon                     - Score: 0.2285
24. HasSubmitButton                - Score: 0.2142
25. DomainLength                   - Score: 0.2136
26. Robots                         - Score: 0.2083
27. HasHiddenFields                - Score: 0.1792
28. CharContinuationRate           - Score: 0.1782
29. NoOfiFrame                     - Score: 0.1621
30. TLDLength                      - Score: 0.1613
31. NoOfSubDomain                  - Score: 0.1379
32. Crypto                         - Score: 0.1353
33. NoOfPopup                      - Score: 0.1218
34. TLDLegitimateProb              - Score: 0.0974
35. URLTitleMatchScore             - Score: 0.0813
36. Pay                            - Score: 0.0741
37. NoOfURLRedirect                - Score: 0.0734
38. IsHTTPS                        - Score: 0.0583
39. Bank                           - Score: 0.0278
40. HasExternalFormSubmit          - Score: 0.0212
41. HasPasswordField               - Score: 0.0133
42. IsDomainIP                     - Score: 0.0024
43. NoOfEqualsInURL                - Score: 0.0024
44. NoOfQMarkInURL                 - Score: 0.0024
45. NoOfSelfRedirect               - Score: 0.0005
46. HasObfuscation                 - Score: 0.0000
47. NoOfObfuscatedChar             - Score: 0.0000
48. ObfuscationRatio               - Score: 0.0000
49. NoOfAmpersandInURL             - Score: 0.0000
50. HasSocialNet                   - Score: 0.0000
================================================================================
  Automatically selected 1 Gaussians for URLSimilarityIndex (label phish)
  Automatically selected 3 Gaussians for URLSimilarityIndex (label legit)
  Automatically selected 4 Gaussians for NoOfOtherSpecialCharsInURL (label phish)
  Automatically selected 4 Gaussians for NoOfOtherSpecialCharsInURL (label legit)
  Automatically selected 4 Gaussians for NoOfSelfRef (label phish)
  Automatically selected 4 Gaussians for NoOfSelfRef (label legit)
  Automatically selected 4 Gaussians for SpacialCharRatioInURL (label phish)
  Automatically selected 1 Gaussians for SpacialCharRatioInURL (label legit)
  Automatically selected 4 Gaussians for NoOfCSS (label phish)
  Automatically selected 4 Gaussians for NoOfCSS (label legit)

Features Ranked by Differentiation Strength:
================================================================================
 1. URLSimilarityIndex             - Score: 1.0000
 2. HasSocialNet                   - Score: 0.7935
 3. HasCopyrightInfo               - Score: 0.5801
 4. NoOfOtherSpecialCharsInURL     - Score: 0.5425
 5. NoOfSelfRef                    - Score: 0.5398
 6. HasDescription                 - Score: 0.5389
 7. NoOfCSS                        - Score: 0.5256
 8. HasTitle                       - Score: 0.4963
 9. NoOfJS                         - Score: 0.4954
10. NoOfImage                      - Score: 0.4649
11. SpacialCharRatioInURL          - Score: 0.3852
12. HasSubmitButton                - Score: 0.3831
13. NoOfiFrame                     - Score: 0.3705
14. DegitRatioInURL                - Score: 0.3437
15. NoOfEmptyRef                   - Score: 0.3142
16. DomainTitleMatchScore          - Score: 0.3119
17. HasHiddenFields                - Score: 0.3076
18. URLCharProb                    - Score: 0.3032
19. NoOfExternalRef                - Score: 0.3021
20. IsHTTPS                        - Score: 0.2992
21. HasFavicon                     - Score: 0.2933
22. NoOfDegitsInURL                - Score: 0.2906
23. URLLength                      - Score: 0.2817
24. NoOfLettersInURL               - Score: 0.2812
25. IsResponsive                   - Score: 0.2723
26. LetterRatioInURL               - Score: 0.2703
27. LineOfCode                     - Score: 0.2683
28. Robots                         - Score: 0.2653
29. HasExternalFormSubmit          - Score: 0.2641
30. URLTitleMatchScore             - Score: 0.2586
31. LargestLineLength              - Score: 0.2487
32. DomainLength                   - Score: 0.2473
33. Pay                            - Score: 0.2391
34. NoOfPopup                      - Score: 0.2112
35. CharContinuationRate           - Score: 0.2029
36. NoOfSubDomain                  - Score: 0.1418
37. Bank                           - Score: 0.1348
38. Crypto                         - Score: 0.1332
39. HasPasswordField               - Score: 0.1058
40. NoOfSelfRedirect               - Score: 0.0756
41. TLDLength                      - Score: 0.0558
42. TLDLegitimateProb              - Score: 0.0348
43. NoOfURLRedirect                - Score: 0.0250
44. NoOfQMarkInURL                 - Score: 0.0014
45. NoOfEqualsInURL                - Score: 0.0005
46. IsDomainIP                     - Score: 0.0000
47. HasObfuscation                 - Score: 0.0000
48. NoOfAmpersandInURL             - Score: 0.0000
49. NoOfObfuscatedChar             - Score: 0.0000
50. ObfuscationRatio               - Score: 0.0000
================================================================================
  Automatically selected 1 Gaussians for URLSimilarityIndex (label phish)
  Automatically selected 4 Gaussians for URLSimilarityIndex (label legit)
  Automatically selected 2 Gaussians for HasSocialNet (label phish)
  Automatically selected 2 Gaussians for HasSocialNet (label legit)
  Automatically selected 2 Gaussians for HasCopyrightInfo (label phish)
  Automatically selected 2 Gaussians for HasCopyrightInfo (label legit)
  Automatically selected 4 Gaussians for NoOfOtherSpecialCharsInURL (label phish)
  Automatically selected 4 Gaussians for NoOfOtherSpecialCharsInURL (label legit)
  Automatically selected 4 Gaussians for NoOfSelfRef (label phish)
  Automatically selected 4 Gaussians for NoOfSelfRef (label legit)

Features Ranked by Differentiation Strength:
================================================================================
 1. URLSimilarityIndex             - Score: 1.0000
 2. HasSocialNet                   - Score: 0.7935
 3. HasCopyrightInfo               - Score: 0.5801
 4. NoOfOtherSpecialCharsInURL     - Score: 0.5425
 5. NoOfSelfRef                    - Score: 0.5398
 6. HasDescription                 - Score: 0.5389
 7. NoOfCSS                        - Score: 0.5256
 8. HasTitle                       - Score: 0.4963
 9. NoOfJS                         - Score: 0.4954
10. NoOfImage                      - Score: 0.4649
11. SpacialCharRatioInURL          - Score: 0.3852
12. HasSubmitButton                - Score: 0.3831
13. NoOfiFrame                     - Score: 0.3705
14. DegitRatioInURL                - Score: 0.3437
15. NoOfEmptyRef                   - Score: 0.3142
16. DomainTitleMatchScore          - Score: 0.3119
17. HasHiddenFields                - Score: 0.3076
18. URLCharProb                    - Score: 0.3032
19. NoOfExternalRef                - Score: 0.3021
20. IsHTTPS                        - Score: 0.2992
21. HasFavicon                     - Score: 0.2933
22. NoOfDegitsInURL                - Score: 0.2906
23. URLLength                      - Score: 0.2817
24. NoOfLettersInURL               - Score: 0.2812
25. IsResponsive                   - Score: 0.2723
26. LetterRatioInURL               - Score: 0.2703
27. LineOfCode                     - Score: 0.2683
28. Robots                         - Score: 0.2653
29. HasExternalFormSubmit          - Score: 0.2641
30. URLTitleMatchScore             - Score: 0.2586
31. LargestLineLength              - Score: 0.2487
32. DomainLength                   - Score: 0.2473
33. Pay                            - Score: 0.2391
34. NoOfPopup                      - Score: 0.2112
35. CharContinuationRate           - Score: 0.2029
36. NoOfSubDomain                  - Score: 0.1418
37. Bank                           - Score: 0.1348
38. Crypto                         - Score: 0.1332
39. HasPasswordField               - Score: 0.1058
40. NoOfSelfRedirect               - Score: 0.0756
41. TLDLength                      - Score: 0.0558
42. TLDLegitimateProb              - Score: 0.0348
43. NoOfURLRedirect                - Score: 0.0250
44. NoOfQMarkInURL                 - Score: 0.0014
45. NoOfEqualsInURL                - Score: 0.0005
46. IsDomainIP                     - Score: 0.0000
47. HasObfuscation                 - Score: 0.0000
48. NoOfAmpersandInURL             - Score: 0.0000
49. NoOfObfuscatedChar             - Score: 0.0000
50. ObfuscationRatio               - Score: 0.0000
================================================================================

Features Ranked by Differentiation Strength:
================================================================================
 1. URLSimilarityIndex             - Score: 1.0000
 2. HasSocialNet                   - Score: 0.7935
 3. HasCopyrightInfo               - Score: 0.5801
 4. NoOfOtherSpecialCharsInURL     - Score: 0.5425
 5. NoOfSelfRef                    - Score: 0.5398
 6. HasDescription                 - Score: 0.5389
 7. NoOfCSS                        - Score: 0.5256
 8. HasTitle                       - Score: 0.4963
 9. NoOfJS                         - Score: 0.4954
10. NoOfImage                      - Score: 0.4649
11. SpacialCharRatioInURL          - Score: 0.3852
12. HasSubmitButton                - Score: 0.3831
13. NoOfiFrame                     - Score: 0.3705
14. DegitRatioInURL                - Score: 0.3437
15. NoOfEmptyRef                   - Score: 0.3142
16. DomainTitleMatchScore          - Score: 0.3119
17. HasHiddenFields                - Score: 0.3076
18. URLCharProb                    - Score: 0.3032
19. NoOfExternalRef                - Score: 0.3021
20. IsHTTPS                        - Score: 0.2992
21. HasFavicon                     - Score: 0.2933
22. NoOfDegitsInURL                - Score: 0.2906
23. URLLength                      - Score: 0.2817
24. NoOfLettersInURL               - Score: 0.2812
25. IsResponsive                   - Score: 0.2723
26. LetterRatioInURL               - Score: 0.2703
27. LineOfCode                     - Score: 0.2683
28. Robots                         - Score: 0.2653
29. HasExternalFormSubmit          - Score: 0.2641
30. URLTitleMatchScore             - Score: 0.2586
31. LargestLineLength              - Score: 0.2487
32. DomainLength                   - Score: 0.2473
33. Pay                            - Score: 0.2391
34. NoOfPopup                      - Score: 0.2112
35. CharContinuationRate           - Score: 0.2029
36. NoOfSubDomain                  - Score: 0.1418
37. Bank                           - Score: 0.1348
38. Crypto                         - Score: 0.1332
39. HasPasswordField               - Score: 0.1058
40. NoOfSelfRedirect               - Score: 0.0756
41. TLDLength                      - Score: 0.0558
42. TLDLegitimateProb              - Score: 0.0348
43. NoOfURLRedirect                - Score: 0.0250
44. NoOfQMarkInURL                 - Score: 0.0014
45. NoOfEqualsInURL                - Score: 0.0005
46. IsDomainIP                     - Score: 0.0000
47. HasObfuscation                 - Score: 0.0000
48. NoOfAmpersandInURL             - Score: 0.0000
49. NoOfObfuscatedChar             - Score: 0.0000
50. ObfuscationRatio               - Score: 0.0000
================================================================================

Features Ranked by Differentiation Strength:
================================================================================
 1. URLSimilarityIndex             - Score: 1.0000
 2. LineOfCode                     - Score: 0.7885
 3. NoOfCSS                        - Score: 0.7101
 4. NoOfJS                         - Score: 0.6309
 5. NoOfSelfRef                    - Score: 0.6170
 6. NoOfOtherSpecialCharsInURL     - Score: 0.5309
 7. NoOfImage                      - Score: 0.4811
 8. HasTitle                       - Score: 0.4726
 9. HasDescription                 - Score: 0.4684
10. DegitRatioInURL                - Score: 0.3650
11. SpacialCharRatioInURL          - Score: 0.3648
12. NoOfiFrame                     - Score: 0.3525
13. NoOfExternalRef                - Score: 0.3456
14. HasSubmitButton                - Score: 0.3417
15. DomainTitleMatchScore          - Score: 0.3201
16. IsHTTPS                        - Score: 0.3116
17. LetterRatioInURL               - Score: 0.3047
18. NoOfEmptyRef                   - Score: 0.2981
19. URLCharProb                    - Score: 0.2907
20. NoOfDegitsInURL                - Score: 0.2867
21. HasFavicon                     - Score: 0.2852
22. DomainLength                   - Score: 0.2817
23. NoOfLettersInURL               - Score: 0.2798
24. URLLength                      - Score: 0.2794
25. HasHiddenFields                - Score: 0.2792
26. URLTitleMatchScore             - Score: 0.2704
27. NoOfPopup                      - Score: 0.2511
28. LargestLineLength              - Score: 0.2358
29. NoOfSelfRedirect               - Score: 0.2328
30. IsResponsive                   - Score: 0.2233
31. Pay                            - Score: 0.2078
32. Robots                         - Score: 0.2050
33. Crypto                         - Score: 0.2003
34. HasExternalFormSubmit          - Score: 0.1948
35. CharContinuationRate           - Score: 0.1855
36. NoOfSubDomain                  - Score: 0.1603
37. Bank                           - Score: 0.1003
38. NoOfURLRedirect                - Score: 0.0957
39. HasPasswordField               - Score: 0.0802
40. TLDLength                      - Score: 0.0298
41. TLDLegitimateProb              - Score: 0.0152
42. NoOfQMarkInURL                 - Score: 0.0010
43. NoOfEqualsInURL                - Score: 0.0004
44. IsDomainIP                     - Score: 0.0000
45. HasObfuscation                 - Score: 0.0000
46. NoOfAmpersandInURL             - Score: 0.0000
47. NoOfObfuscatedChar             - Score: 0.0000
48. ObfuscationRatio               - Score: 0.0000
49. HasSocialNet                   - Score: 0.0000
50. HasCopyrightInfo               - Score: 0.0000
================================================================================
  Automatically selected 4 Gaussians for URLSimilarityIndex (label legit)
  Automatically selected 1 Gaussians for URLSimilarityIndex (label phish)
  Automatically selected 4 Gaussians for LineOfCode (label legit)
  Automatically selected 3 Gaussians for LineOfCode (label phish)
  Automatically selected 4 Gaussians for NoOfCSS (label legit)
  Automatically selected 3 Gaussians for NoOfCSS (label phish)
  Automatically selected 4 Gaussians for NoOfJS (label legit)
  Automatically selected 4 Gaussians for NoOfJS (label phish)
  Automatically selected 4 Gaussians for NoOfSelfRef (label legit)
  Automatically selected 4 Gaussians for NoOfSelfRef (label phish)

Features Ranked by Differentiation Strength:
================================================================================
 1. URLSimilarityIndex             - Score: 1.0000
 2. NoOfOtherSpecialCharsInURL     - Score: 0.6533
 3. URLLength                      - Score: 0.6016
 4. NoOfLettersInURL               - Score: 0.5791
 5. NoOfSelfRef                    - Score: 0.5702
 6. SpacialCharRatioInURL          - Score: 0.5067
 7. NoOfImage                      - Score: 0.4993
 8. LetterRatioInURL               - Score: 0.4679
 9. NoOfDegitsInURL                - Score: 0.4514
10. NoOfJS                         - Score: 0.4140
11. URLCharProb                    - Score: 0.3872
12. LargestLineLength              - Score: 0.3862
13. NoOfCSS                        - Score: 0.3745
14. DegitRatioInURL                - Score: 0.3657
15. DomainLength                   - Score: 0.3303
16. DomainTitleMatchScore          - Score: 0.3237
17. LineOfCode                     - Score: 0.3049
18. NoOfExternalRef                - Score: 0.2911
19. NoOfiFrame                     - Score: 0.2797
20. CharContinuationRate           - Score: 0.2281
21. NoOfSubDomain                  - Score: 0.2154
22. URLTitleMatchScore             - Score: 0.2127
23. HasDescription                 - Score: 0.1875
24. NoOfEmptyRef                   - Score: 0.1731
25. IsHTTPS                        - Score: 0.1706
26. NoOfPopup                      - Score: 0.1587
27. Robots                         - Score: 0.1486
28. HasTitle                       - Score: 0.1389
29. NoOfURLRedirect                - Score: 0.1068
30. NoOfSelfRedirect               - Score: 0.1064
31. HasPasswordField               - Score: 0.0962
32. TLDLength                      - Score: 0.0882
33. Crypto                         - Score: 0.0565
34. TLDLegitimateProb              - Score: 0.0424
35. IsResponsive                   - Score: 0.0260
36. NoOfQMarkInURL                 - Score: 0.0226
37. HasFavicon                     - Score: 0.0220
38. HasExternalFormSubmit          - Score: 0.0177
39. HasHiddenFields                - Score: 0.0157
40. Pay                            - Score: 0.0155
41. HasSubmitButton                - Score: 0.0070
42. NoOfEqualsInURL                - Score: 0.0051
43. Bank                           - Score: 0.0018
44. IsDomainIP                     - Score: 0.0003
45. HasObfuscation                 - Score: 0.0003
46. NoOfAmpersandInURL             - Score: 0.0003
47. NoOfObfuscatedChar             - Score: 0.0002
48. ObfuscationRatio               - Score: 0.0000
49. HasSocialNet                   - Score: 0.0000
50. HasCopyrightInfo               - Score: 0.0000
================================================================================
  Automatically selected 1 Gaussians for URLSimilarityIndex (label phish)
  Automatically selected 3 Gaussians for URLSimilarityIndex (label legit)
  Automatically selected 4 Gaussians for NoOfOtherSpecialCharsInURL (label phish)
  Automatically selected 3 Gaussians for NoOfOtherSpecialCharsInURL (label legit)
  Automatically selected 2 Gaussians for URLLength (label phish)
  Automatically selected 4 Gaussians for URLLength (label legit)
  Automatically selected 2 Gaussians for NoOfLettersInURL (label phish)
  Automatically selected 4 Gaussians for NoOfLettersInURL (label legit)
  Automatically selected 4 Gaussians for NoOfSelfRef (label phish)
  Automatically selected 3 Gaussians for NoOfSelfRef (label legit)

Features Ranked by Differentiation Strength:
================================================================================
 1. URLSimilarityIndex             - Score: 1.0000
 2. HasTitle                       - Score: 0.5718
 3. NoOfSelfRef                    - Score: 0.5641
 4. SpacialCharRatioInURL          - Score: 0.5521
 5. NoOfOtherSpecialCharsInURL     - Score: 0.5433
 6. NoOfJS                         - Score: 0.5236
 7. NoOfImage                      - Score: 0.4845
 8. NoOfExternalRef                - Score: 0.4644
 9. NoOfDegitsInURL                - Score: 0.4629
10. URLCharProb                    - Score: 0.4570
11. LargestLineLength              - Score: 0.4526
12. DegitRatioInURL                - Score: 0.4351
13. NoOfCSS                        - Score: 0.4187
14. IsResponsive                   - Score: 0.3838
15. NoOfiFrame                     - Score: 0.3586
16. HasFavicon                     - Score: 0.3470
17. NoOfEmptyRef                   - Score: 0.3192
18. URLLength                      - Score: 0.2952
19. HasSubmitButton                - Score: 0.2847
20. LineOfCode                     - Score: 0.2701
21. HasCopyrightInfo               - Score: 0.2631
22. NoOfLettersInURL               - Score: 0.2594
23. HasDescription                 - Score: 0.2522
24. LetterRatioInURL               - Score: 0.2327
25. DomainLength                   - Score: 0.2259
26. NoOfPopup                      - Score: 0.2214
27. CharContinuationRate           - Score: 0.2176
28. Crypto                         - Score: 0.2114
29. Robots                         - Score: 0.2067
30. HasHiddenFields                - Score: 0.1677
31. DomainTitleMatchScore          - Score: 0.1331
32. NoOfSubDomain                  - Score: 0.1231
33. NoOfURLRedirect                - Score: 0.1227
34. URLTitleMatchScore             - Score: 0.0962
35. TLDLength                      - Score: 0.0935
36. TLDLegitimateProb              - Score: 0.0875
37. IsHTTPS                        - Score: 0.0697
38. Pay                            - Score: 0.0656
39. HasExternalFormSubmit          - Score: 0.0177
40. HasPasswordField               - Score: 0.0126
41. Bank                           - Score: 0.0094
42. IsDomainIP                     - Score: 0.0029
43. NoOfEqualsInURL                - Score: 0.0029
44. NoOfQMarkInURL                 - Score: 0.0029
45. NoOfSelfRedirect               - Score: 0.0005
46. HasObfuscation                 - Score: 0.0000
47. NoOfObfuscatedChar             - Score: 0.0000
48. ObfuscationRatio               - Score: 0.0000
49. NoOfAmpersandInURL             - Score: 0.0000
50. HasSocialNet                   - Score: 0.0000
================================================================================
  Automatically selected 1 Gaussians for URLSimilarityIndex (label phish)
  Automatically selected 4 Gaussians for URLSimilarityIndex (label legit)
  Automatically selected 2 Gaussians for HasTitle (label phish)
  Automatically selected 2 Gaussians for HasTitle (label legit)
  Automatically selected 4 Gaussians for NoOfSelfRef (label phish)
  Automatically selected 4 Gaussians for NoOfSelfRef (label legit)
  Automatically selected 4 Gaussians for SpacialCharRatioInURL (label phish)
  Automatically selected 1 Gaussians for SpacialCharRatioInURL (label legit)
  Automatically selected 4 Gaussians for NoOfOtherSpecialCharsInURL (label phish)
  Automatically selected 4 Gaussians for NoOfOtherSpecialCharsInURL (label legit)

Features Ranked by Differentiation Strength:
================================================================================
 1. URLSimilarityIndex             - Score: 1.0000
 2. HasSocialNet                   - Score: 0.7813
 3. HasCopyrightInfo               - Score: 0.5715
 4. HasDescription                 - Score: 0.5347
 5. NoOfOtherSpecialCharsInURL     - Score: 0.5336
 6. NoOfSelfRef                    - Score: 0.5317
 7. NoOfCSS                        - Score: 0.5210
 8. HasTitle                       - Score: 0.5096
 9. NoOfJS                         - Score: 0.4908
10. NoOfImage                      - Score: 0.4607
11. SpacialCharRatioInURL          - Score: 0.3778
12. HasSubmitButton                - Score: 0.3638
13. NoOfiFrame                     - Score: 0.3624
14. DegitRatioInURL                - Score: 0.3377
15. LineOfCode                     - Score: 0.3292
16. DomainTitleMatchScore          - Score: 0.3144
17. URLCharProb                    - Score: 0.3103
18. HasHiddenFields                - Score: 0.3060
19. NoOfEmptyRef                   - Score: 0.3039
20. IsHTTPS                        - Score: 0.3032
21. NoOfExternalRef                - Score: 0.2973
22. HasFavicon                     - Score: 0.2867
23. NoOfDegitsInURL                - Score: 0.2858
24. URLLength                      - Score: 0.2792
25. NoOfLettersInURL               - Score: 0.2788
26. LargestLineLength              - Score: 0.2722
27. IsResponsive                   - Score: 0.2720
28. Robots                         - Score: 0.2672
29. LetterRatioInURL               - Score: 0.2653
30. URLTitleMatchScore             - Score: 0.2585
31. HasExternalFormSubmit          - Score: 0.2496
32. DomainLength                   - Score: 0.2425
33. Pay                            - Score: 0.2378
34. CharContinuationRate           - Score: 0.2022
35. NoOfPopup                      - Score: 0.2014
36. NoOfSubDomain                  - Score: 0.1421
37. Bank                           - Score: 0.1334
38. Crypto                         - Score: 0.1322
39. HasPasswordField               - Score: 0.0977
40. NoOfSelfRedirect               - Score: 0.0739
41. TLDLength                      - Score: 0.0585
42. TLDLegitimateProb              - Score: 0.0336
43. NoOfURLRedirect                - Score: 0.0230
44. NoOfQMarkInURL                 - Score: 0.0015
45. NoOfEqualsInURL                - Score: 0.0005
46. IsDomainIP                     - Score: 0.0000
47. HasObfuscation                 - Score: 0.0000
48. NoOfAmpersandInURL             - Score: 0.0000
49. NoOfObfuscatedChar             - Score: 0.0000
50. ObfuscationRatio               - Score: 0.0000
================================================================================
  Automatically selected 1 Gaussians for URLSimilarityIndex (label phish)
  Automatically selected 4 Gaussians for URLSimilarityIndex (label legit)
  Automatically selected 2 Gaussians for HasSocialNet (label phish)
  Automatically selected 2 Gaussians for HasSocialNet (label legit)
  Automatically selected 2 Gaussians for HasCopyrightInfo (label phish)
  Automatically selected 2 Gaussians for HasCopyrightInfo (label legit)
  Automatically selected 2 Gaussians for HasDescription (label phish)
  Automatically selected 2 Gaussians for HasDescription (label legit)
  Automatically selected 4 Gaussians for NoOfOtherSpecialCharsInURL (label phish)
  Automatically selected 4 Gaussians for NoOfOtherSpecialCharsInURL (label legit)

Features Ranked by Differentiation Strength:
================================================================================
 1. URLSimilarityIndex             - Score: 1.0000
 2. HasSocialNet                   - Score: 0.7813
 3. HasCopyrightInfo               - Score: 0.5715
 4. HasDescription                 - Score: 0.5347
 5. NoOfOtherSpecialCharsInURL     - Score: 0.5336
 6. NoOfSelfRef                    - Score: 0.5317
 7. NoOfCSS                        - Score: 0.5210
 8. HasTitle                       - Score: 0.5096
 9. NoOfJS                         - Score: 0.4908
10. NoOfImage                      - Score: 0.4607
11. SpacialCharRatioInURL          - Score: 0.3778
12. HasSubmitButton                - Score: 0.3638
13. NoOfiFrame                     - Score: 0.3624
14. DegitRatioInURL                - Score: 0.3377
15. LineOfCode                     - Score: 0.3292
16. DomainTitleMatchScore          - Score: 0.3144
17. URLCharProb                    - Score: 0.3103
18. HasHiddenFields                - Score: 0.3060
19. NoOfEmptyRef                   - Score: 0.3039
20. IsHTTPS                        - Score: 0.3032
21. NoOfExternalRef                - Score: 0.2973
22. HasFavicon                     - Score: 0.2867
23. NoOfDegitsInURL                - Score: 0.2858
24. URLLength                      - Score: 0.2792
25. NoOfLettersInURL               - Score: 0.2788
26. LargestLineLength              - Score: 0.2722
27. IsResponsive                   - Score: 0.2720
28. Robots                         - Score: 0.2672
29. LetterRatioInURL               - Score: 0.2653
30. URLTitleMatchScore             - Score: 0.2585
31. HasExternalFormSubmit          - Score: 0.2496
32. DomainLength                   - Score: 0.2425
33. Pay                            - Score: 0.2378
34. CharContinuationRate           - Score: 0.2022
35. NoOfPopup                      - Score: 0.2014
36. NoOfSubDomain                  - Score: 0.1421
37. Bank                           - Score: 0.1334
38. Crypto                         - Score: 0.1322
39. HasPasswordField               - Score: 0.0977
40. NoOfSelfRedirect               - Score: 0.0739
41. TLDLength                      - Score: 0.0585
42. TLDLegitimateProb              - Score: 0.0336
43. NoOfURLRedirect                - Score: 0.0230
44. NoOfQMarkInURL                 - Score: 0.0015
45. NoOfEqualsInURL                - Score: 0.0005
46. IsDomainIP                     - Score: 0.0000
47. HasObfuscation                 - Score: 0.0000
48. NoOfAmpersandInURL             - Score: 0.0000
49. NoOfObfuscatedChar             - Score: 0.0000
50. ObfuscationRatio               - Score: 0.0000
================================================================================

Features Ranked by Differentiation Strength:
================================================================================
 1. URLSimilarityIndex             - Score: 1.0000
 2. HasSocialNet                   - Score: 0.7813
 3. HasCopyrightInfo               - Score: 0.5715
 4. HasDescription                 - Score: 0.5347
 5. NoOfOtherSpecialCharsInURL     - Score: 0.5336
 6. NoOfSelfRef                    - Score: 0.5317
 7. NoOfCSS                        - Score: 0.5210
 8. HasTitle                       - Score: 0.5096
 9. NoOfJS                         - Score: 0.4908
10. NoOfImage                      - Score: 0.4607
11. SpacialCharRatioInURL          - Score: 0.3778
12. HasSubmitButton                - Score: 0.3638
13. NoOfiFrame                     - Score: 0.3624
14. DegitRatioInURL                - Score: 0.3377
15. LineOfCode                     - Score: 0.3292
16. DomainTitleMatchScore          - Score: 0.3144
17. URLCharProb                    - Score: 0.3103
18. HasHiddenFields                - Score: 0.3060
19. NoOfEmptyRef                   - Score: 0.3039
20. IsHTTPS                        - Score: 0.3032
21. NoOfExternalRef                - Score: 0.2973
22. HasFavicon                     - Score: 0.2867
23. NoOfDegitsInURL                - Score: 0.2858
24. URLLength                      - Score: 0.2792
25. NoOfLettersInURL               - Score: 0.2788
26. LargestLineLength              - Score: 0.2722
27. IsResponsive                   - Score: 0.2720
28. Robots                         - Score: 0.2672
29. LetterRatioInURL               - Score: 0.2653
30. URLTitleMatchScore             - Score: 0.2585
31. HasExternalFormSubmit          - Score: 0.2496
32. DomainLength                   - Score: 0.2425
33. Pay                            - Score: 0.2378
34. CharContinuationRate           - Score: 0.2022
35. NoOfPopup                      - Score: 0.2014
36. NoOfSubDomain                  - Score: 0.1421
37. Bank                           - Score: 0.1334
38. Crypto                         - Score: 0.1322
39. HasPasswordField               - Score: 0.0977
40. NoOfSelfRedirect               - Score: 0.0739
41. TLDLength                      - Score: 0.0585
42. TLDLegitimateProb              - Score: 0.0336
43. NoOfURLRedirect                - Score: 0.0230
44. NoOfQMarkInURL                 - Score: 0.0015
45. NoOfEqualsInURL                - Score: 0.0005
46. IsDomainIP                     - Score: 0.0000
47. HasObfuscation                 - Score: 0.0000
48. NoOfAmpersandInURL             - Score: 0.0000
49. NoOfObfuscatedChar             - Score: 0.0000
50. ObfuscationRatio               - Score: 0.0000
================================================================================

Features Ranked by Differentiation Strength:
================================================================================
 1. URLSimilarityIndex             - Score: 1.0000
 2. LineOfCode                     - Score: 0.7823
 3. NoOfCSS                        - Score: 0.7053
 4. NoOfJS                         - Score: 0.6432
 5. NoOfSelfRef                    - Score: 0.6216
 6. NoOfOtherSpecialCharsInURL     - Score: 0.5236
 7. HasTitle                       - Score: 0.5028
 8. NoOfImage                      - Score: 0.4832
 9. HasDescription                 - Score: 0.4600
10. SpacialCharRatioInURL          - Score: 0.3598
11. NoOfExternalRef                - Score: 0.3401
12. NoOfiFrame                     - Score: 0.3370
13. DegitRatioInURL                - Score: 0.3326
14. HasSubmitButton                - Score: 0.3264
15. DomainTitleMatchScore          - Score: 0.3257
16. IsHTTPS                        - Score: 0.3150
17. LetterRatioInURL               - Score: 0.2998
18. URLCharProb                    - Score: 0.2861
19. NoOfEmptyRef                   - Score: 0.2857
20. NoOfDegitsInURL                - Score: 0.2807
21. HasFavicon                     - Score: 0.2787
22. NoOfLettersInURL               - Score: 0.2769
23. URLLength                      - Score: 0.2762
24. HasHiddenFields                - Score: 0.2748
25. DomainLength                   - Score: 0.2741
26. URLTitleMatchScore             - Score: 0.2730
27. LargestLineLength              - Score: 0.2608
28. NoOfPopup                      - Score: 0.2437
29. NoOfSelfRedirect               - Score: 0.2295
30. IsResponsive                   - Score: 0.2280
31. Pay                            - Score: 0.2126
32. Robots                         - Score: 0.1952
33. CharContinuationRate           - Score: 0.1857
34. NoOfSubDomain                  - Score: 0.1661
35. HasExternalFormSubmit          - Score: 0.1647
36. Crypto                         - Score: 0.1488
37. Bank                           - Score: 0.0920
38. HasPasswordField               - Score: 0.0898
39. NoOfURLRedirect                - Score: 0.0879
40. TLDLength                      - Score: 0.0324
41. TLDLegitimateProb              - Score: 0.0148
42. NoOfQMarkInURL                 - Score: 0.0011
43. NoOfEqualsInURL                - Score: 0.0004
44. IsDomainIP                     - Score: 0.0000
45. HasObfuscation                 - Score: 0.0000
46. NoOfAmpersandInURL             - Score: 0.0000
47. NoOfObfuscatedChar             - Score: 0.0000
48. ObfuscationRatio               - Score: 0.0000
49. HasSocialNet                   - Score: 0.0000
50. HasCopyrightInfo               - Score: 0.0000
================================================================================
  Automatically selected 4 Gaussians for URLSimilarityIndex (label legit)
  Automatically selected 1 Gaussians for URLSimilarityIndex (label phish)
  Automatically selected 4 Gaussians for LineOfCode (label legit)
  Automatically selected 4 Gaussians for LineOfCode (label phish)
  Automatically selected 4 Gaussians for NoOfCSS (label legit)
  Automatically selected 3 Gaussians for NoOfCSS (label phish)
  Automatically selected 4 Gaussians for NoOfJS (label legit)
  Automatically selected 4 Gaussians for NoOfJS (label phish)
  Automatically selected 4 Gaussians for NoOfSelfRef (label legit)
  Automatically selected 4 Gaussians for NoOfSelfRef (label phish)

Features Ranked by Differentiation Strength:
================================================================================
 1. URLSimilarityIndex             - Score: 1.0000
 2. NoOfOtherSpecialCharsInURL     - Score: 0.6736
 3. URLLength                      - Score: 0.6209
 4. NoOfSelfRef                    - Score: 0.6087
 5. NoOfLettersInURL               - Score: 0.5971
 6. SpacialCharRatioInURL          - Score: 0.5335
 7. NoOfDegitsInURL                - Score: 0.4692
 8. NoOfImage                      - Score: 0.4609
 9. LetterRatioInURL               - Score: 0.4521
10. URLCharProb                    - Score: 0.4402
11. NoOfJS                         - Score: 0.4315
12. LargestLineLength              - Score: 0.4020
13. DegitRatioInURL                - Score: 0.3975
14. NoOfCSS                        - Score: 0.3781
15. DomainTitleMatchScore          - Score: 0.3523
16. DomainLength                   - Score: 0.3400
17. LineOfCode                     - Score: 0.3130
18. NoOfExternalRef                - Score: 0.3013
19. NoOfiFrame                     - Score: 0.2573
20. CharContinuationRate           - Score: 0.2499
21. URLTitleMatchScore             - Score: 0.2388
22. NoOfSubDomain                  - Score: 0.2314
23. HasDescription                 - Score: 0.1985
24. HasTitle                       - Score: 0.1834
25. IsHTTPS                        - Score: 0.1767
26. NoOfPopup                      - Score: 0.1716
27. Robots                         - Score: 0.1484
28. HasPasswordField               - Score: 0.1051
29. TLDLength                      - Score: 0.1022
30. NoOfURLRedirect                - Score: 0.1018
31. NoOfSelfRedirect               - Score: 0.0932
32. NoOfEmptyRef                   - Score: 0.0668
33. TLDLegitimateProb              - Score: 0.0477
34. Crypto                         - Score: 0.0418
35. NoOfQMarkInURL                 - Score: 0.0242
36. HasFavicon                     - Score: 0.0213
37. IsResponsive                   - Score: 0.0166
38. HasHiddenFields                - Score: 0.0164
39. Bank                           - Score: 0.0121
40. Pay                            - Score: 0.0102
41. NoOfEqualsInURL                - Score: 0.0062
42. HasExternalFormSubmit          - Score: 0.0041
43. HasSubmitButton                - Score: 0.0019
44. HasObfuscation                 - Score: 0.0004
45. IsDomainIP                     - Score: 0.0003
46. NoOfAmpersandInURL             - Score: 0.0003
47. NoOfObfuscatedChar             - Score: 0.0002
48. ObfuscationRatio               - Score: 0.0000
49. HasSocialNet                   - Score: 0.0000
50. HasCopyrightInfo               - Score: 0.0000
================================================================================
  Automatically selected 1 Gaussians for URLSimilarityIndex (label phish)
  Automatically selected 3 Gaussians for URLSimilarityIndex (label legit)
  Automatically selected 4 Gaussians for NoOfOtherSpecialCharsInURL (label phish)
  Automatically selected 3 Gaussians for NoOfOtherSpecialCharsInURL (label legit)
  Automatically selected 2 Gaussians for URLLength (label phish)
  Automatically selected 4 Gaussians for URLLength (label legit)
  Automatically selected 4 Gaussians for NoOfSelfRef (label phish)
  Automatically selected 4 Gaussians for NoOfSelfRef (label legit)
  Automatically selected 2 Gaussians for NoOfLettersInURL (label phish)
  Automatically selected 4 Gaussians for NoOfLettersInURL (label legit)

Features Ranked by Differentiation Strength:
================================================================================
 1. URLSimilarityIndex             - Score: 1.0000
 2. NoOfSelfRef                    - Score: 0.5628
 3. HasTitle                       - Score: 0.5388
 4. SpacialCharRatioInURL          - Score: 0.5292
 5. LineOfCode                     - Score: 0.5246
 6. NoOfJS                         - Score: 0.5225
 7. NoOfOtherSpecialCharsInURL     - Score: 0.5118
 8. NoOfImage                      - Score: 0.4854
 9. URLCharProb                    - Score: 0.4662
10. NoOfExternalRef                - Score: 0.4637
11. LargestLineLength              - Score: 0.4560
12. NoOfDegitsInURL                - Score: 0.4558
13. DegitRatioInURL                - Score: 0.4320
14. NoOfCSS                        - Score: 0.4128
15. IsResponsive                   - Score: 0.3852
16. NoOfiFrame                     - Score: 0.3836
17. HasFavicon                     - Score: 0.3439
18. NoOfEmptyRef                   - Score: 0.3258
19. HasCopyrightInfo               - Score: 0.3206
20. URLLength                      - Score: 0.2653
21. HasDescription                 - Score: 0.2532
22. NoOfLettersInURL               - Score: 0.2505
23. LetterRatioInURL               - Score: 0.2504
24. Robots                         - Score: 0.2135
25. Crypto                         - Score: 0.2061
26. DomainLength                   - Score: 0.2060
27. HasSubmitButton                - Score: 0.2035
28. CharContinuationRate           - Score: 0.1976
29. DomainTitleMatchScore          - Score: 0.1420
30. IsHTTPS                        - Score: 0.1229
31. NoOfPopup                      - Score: 0.1214
32. HasHiddenFields                - Score: 0.1207
33. NoOfSubDomain                  - Score: 0.1138
34. URLTitleMatchScore             - Score: 0.1045
35. TLDLegitimateProb              - Score: 0.0873
36. NoOfURLRedirect                - Score: 0.0856
37. TLDLength                      - Score: 0.0781
38. Pay                            - Score: 0.0649
39. HasExternalFormSubmit          - Score: 0.0175
40. HasPasswordField               - Score: 0.0121
41. Bank                           - Score: 0.0087
42. IsDomainIP                     - Score: 0.0029
43. NoOfEqualsInURL                - Score: 0.0029
44. NoOfQMarkInURL                 - Score: 0.0029
45. NoOfSelfRedirect               - Score: 0.0005
46. HasObfuscation                 - Score: 0.0000
47. NoOfObfuscatedChar             - Score: 0.0000
48. ObfuscationRatio               - Score: 0.0000
49. NoOfAmpersandInURL             - Score: 0.0000
50. HasSocialNet                   - Score: 0.0000
================================================================================
  Automatically selected 1 Gaussians for URLSimilarityIndex (label phish)
  Automatically selected 1 Gaussians for URLSimilarityIndex (label legit)
  Automatically selected 4 Gaussians for NoOfSelfRef (label phish)
  Automatically selected 4 Gaussians for NoOfSelfRef (label legit)
  Automatically selected 2 Gaussians for HasTitle (label phish)
  Automatically selected 2 Gaussians for HasTitle (label legit)
  Automatically selected 4 Gaussians for SpacialCharRatioInURL (label phish)
  Automatically selected 2 Gaussians for SpacialCharRatioInURL (label legit)
  Automatically selected 4 Gaussians for LineOfCode (label phish)
  Automatically selected 2 Gaussians for LineOfCode (label legit)

Features Ranked by Differentiation Strength:
================================================================================
 1. URLSimilarityIndex             - Score: 1.0000
 2. HasSocialNet                   - Score: 0.7989
 3. HasCopyrightInfo               - Score: 0.5793
 4. NoOfOtherSpecialCharsInURL     - Score: 0.5434
 5. NoOfSelfRef                    - Score: 0.5391
 6. HasDescription                 - Score: 0.5368
 7. NoOfCSS                        - Score: 0.5251
 8. HasTitle                       - Score: 0.5019
 9. NoOfJS                         - Score: 0.4991
10. NoOfImage                      - Score: 0.4660
11. NoOfExternalRef                - Score: 0.4479
12. SpacialCharRatioInURL          - Score: 0.3901
13. HasSubmitButton                - Score: 0.3732
14. NoOfiFrame                     - Score: 0.3728
15. DegitRatioInURL                - Score: 0.3464
16. DomainTitleMatchScore          - Score: 0.3207
17. URLCharProb                    - Score: 0.3139
18. HasHiddenFields                - Score: 0.3038
19. NoOfEmptyRef                   - Score: 0.3027
20. IsHTTPS                        - Score: 0.2980
21. HasFavicon                     - Score: 0.2952
22. NoOfDegitsInURL                - Score: 0.2923
23. LetterRatioInURL               - Score: 0.2833
24. URLLength                      - Score: 0.2820
25. NoOfLettersInURL               - Score: 0.2811
26. IsResponsive                   - Score: 0.2804
27. URLTitleMatchScore             - Score: 0.2678
28. Robots                         - Score: 0.2678
29. LineOfCode                     - Score: 0.2607
30. LargestLineLength              - Score: 0.2605
31. HasExternalFormSubmit          - Score: 0.2561
32. DomainLength                   - Score: 0.2458
33. Pay                            - Score: 0.2349
34. NoOfPopup                      - Score: 0.2101
35. CharContinuationRate           - Score: 0.2077
36. NoOfSubDomain                  - Score: 0.1448
37. Crypto                         - Score: 0.1412
38. Bank                           - Score: 0.1292
39. HasPasswordField               - Score: 0.1008
40. NoOfSelfRedirect               - Score: 0.0782
41. TLDLength                      - Score: 0.0566
42. TLDLegitimateProb              - Score: 0.0332
43. NoOfURLRedirect                - Score: 0.0217
44. NoOfQMarkInURL                 - Score: 0.0017
45. NoOfEqualsInURL                - Score: 0.0005
46. IsDomainIP                     - Score: 0.0000
47. HasObfuscation                 - Score: 0.0000
48. NoOfAmpersandInURL             - Score: 0.0000
49. NoOfObfuscatedChar             - Score: 0.0000
50. ObfuscationRatio               - Score: 0.0000
================================================================================
  Automatically selected 4 Gaussians for URLSimilarityIndex (label legit)
  Automatically selected 1 Gaussians for URLSimilarityIndex (label phish)
  Automatically selected 2 Gaussians for HasSocialNet (label legit)
  Automatically selected 2 Gaussians for HasSocialNet (label phish)
  Automatically selected 2 Gaussians for HasCopyrightInfo (label legit)
  Automatically selected 2 Gaussians for HasCopyrightInfo (label phish)
  Automatically selected 4 Gaussians for NoOfOtherSpecialCharsInURL (label legit)
  Automatically selected 4 Gaussians for NoOfOtherSpecialCharsInURL (label phish)
  Automatically selected 4 Gaussians for NoOfSelfRef (label legit)
  Automatically selected 4 Gaussians for NoOfSelfRef (label phish)

Features Ranked by Differentiation Strength:
================================================================================
 1. URLSimilarityIndex             - Score: 1.0000
 2. HasSocialNet                   - Score: 0.7989
 3. HasCopyrightInfo               - Score: 0.5793
 4. NoOfOtherSpecialCharsInURL     - Score: 0.5434
 5. NoOfSelfRef                    - Score: 0.5391
 6. HasDescription                 - Score: 0.5368
 7. NoOfCSS                        - Score: 0.5251
 8. HasTitle                       - Score: 0.5019
 9. NoOfJS                         - Score: 0.4991
10. NoOfImage                      - Score: 0.4660
11. NoOfExternalRef                - Score: 0.4479
12. SpacialCharRatioInURL          - Score: 0.3901
13. HasSubmitButton                - Score: 0.3732
14. NoOfiFrame                     - Score: 0.3728
15. DegitRatioInURL                - Score: 0.3464
16. DomainTitleMatchScore          - Score: 0.3207
17. URLCharProb                    - Score: 0.3139
18. HasHiddenFields                - Score: 0.3038
19. NoOfEmptyRef                   - Score: 0.3027
20. IsHTTPS                        - Score: 0.2980
21. HasFavicon                     - Score: 0.2952
22. NoOfDegitsInURL                - Score: 0.2923
23. LetterRatioInURL               - Score: 0.2833
24. URLLength                      - Score: 0.2820
25. NoOfLettersInURL               - Score: 0.2811
26. IsResponsive                   - Score: 0.2804
27. URLTitleMatchScore             - Score: 0.2678
28. Robots                         - Score: 0.2678
29. LineOfCode                     - Score: 0.2607
30. LargestLineLength              - Score: 0.2605
31. HasExternalFormSubmit          - Score: 0.2561
32. DomainLength                   - Score: 0.2458
33. Pay                            - Score: 0.2349
34. NoOfPopup                      - Score: 0.2101
35. CharContinuationRate           - Score: 0.2077
36. NoOfSubDomain                  - Score: 0.1448
37. Crypto                         - Score: 0.1412
38. Bank                           - Score: 0.1292
39. HasPasswordField               - Score: 0.1008
40. NoOfSelfRedirect               - Score: 0.0782
41. TLDLength                      - Score: 0.0566
42. TLDLegitimateProb              - Score: 0.0332
43. NoOfURLRedirect                - Score: 0.0217
44. NoOfQMarkInURL                 - Score: 0.0017
45. NoOfEqualsInURL                - Score: 0.0005
46. IsDomainIP                     - Score: 0.0000
47. HasObfuscation                 - Score: 0.0000
48. NoOfAmpersandInURL             - Score: 0.0000
49. NoOfObfuscatedChar             - Score: 0.0000
50. ObfuscationRatio               - Score: 0.0000
================================================================================

Features Ranked by Differentiation Strength:
================================================================================
 1. URLSimilarityIndex             - Score: 1.0000
 2. HasSocialNet                   - Score: 0.7989
 3. HasCopyrightInfo               - Score: 0.5793
 4. NoOfOtherSpecialCharsInURL     - Score: 0.5434
 5. NoOfSelfRef                    - Score: 0.5391
 6. HasDescription                 - Score: 0.5368
 7. NoOfCSS                        - Score: 0.5251
 8. HasTitle                       - Score: 0.5019
 9. NoOfJS                         - Score: 0.4991
10. NoOfImage                      - Score: 0.4660
11. NoOfExternalRef                - Score: 0.4479
12. SpacialCharRatioInURL          - Score: 0.3901
13. HasSubmitButton                - Score: 0.3732
14. NoOfiFrame                     - Score: 0.3728
15. DegitRatioInURL                - Score: 0.3464
16. DomainTitleMatchScore          - Score: 0.3207
17. URLCharProb                    - Score: 0.3139
18. HasHiddenFields                - Score: 0.3038
19. NoOfEmptyRef                   - Score: 0.3027
20. IsHTTPS                        - Score: 0.2980
21. HasFavicon                     - Score: 0.2952
22. NoOfDegitsInURL                - Score: 0.2923
23. LetterRatioInURL               - Score: 0.2833
24. URLLength                      - Score: 0.2820
25. NoOfLettersInURL               - Score: 0.2811
26. IsResponsive                   - Score: 0.2804
27. URLTitleMatchScore             - Score: 0.2678
28. Robots                         - Score: 0.2678
29. LineOfCode                     - Score: 0.2607
30. LargestLineLength              - Score: 0.2605
31. HasExternalFormSubmit          - Score: 0.2561
32. DomainLength                   - Score: 0.2458
33. Pay                            - Score: 0.2349
34. NoOfPopup                      - Score: 0.2101
35. CharContinuationRate           - Score: 0.2077
36. NoOfSubDomain                  - Score: 0.1448
37. Crypto                         - Score: 0.1412
38. Bank                           - Score: 0.1292
39. HasPasswordField               - Score: 0.1008
40. NoOfSelfRedirect               - Score: 0.0782
41. TLDLength                      - Score: 0.0566
42. TLDLegitimateProb              - Score: 0.0332
43. NoOfURLRedirect                - Score: 0.0217
44. NoOfQMarkInURL                 - Score: 0.0017
45. NoOfEqualsInURL                - Score: 0.0005
46. IsDomainIP                     - Score: 0.0000
47. HasObfuscation                 - Score: 0.0000
48. NoOfAmpersandInURL             - Score: 0.0000
49. NoOfObfuscatedChar             - Score: 0.0000
50. ObfuscationRatio               - Score: 0.0000
================================================================================

Features Ranked by Differentiation Strength:
================================================================================
 1. URLSimilarityIndex             - Score: 1.0000
 2. LineOfCode                     - Score: 0.7310
 3. NoOfCSS                        - Score: 0.7074
 4. NoOfExternalRef                - Score: 0.6638
 5. NoOfJS                         - Score: 0.6317
 6. NoOfSelfRef                    - Score: 0.6152
 7. NoOfOtherSpecialCharsInURL     - Score: 0.5344
 8. NoOfImage                      - Score: 0.4783
 9. HasTitle                       - Score: 0.4772
10. HasDescription                 - Score: 0.4703
11. SpacialCharRatioInURL          - Score: 0.3781
12. DegitRatioInURL                - Score: 0.3501
13. DomainTitleMatchScore          - Score: 0.3345
14. NoOfiFrame                     - Score: 0.3341
15. HasSubmitButton                - Score: 0.3249
16. IsHTTPS                        - Score: 0.3083
17. LetterRatioInURL               - Score: 0.3057
18. URLCharProb                    - Score: 0.2879
19. NoOfEmptyRef                   - Score: 0.2869
20. NoOfDegitsInURL                - Score: 0.2858
21. URLTitleMatchScore             - Score: 0.2851
22. NoOfLettersInURL               - Score: 0.2792
23. URLLength                      - Score: 0.2785
24. HasHiddenFields                - Score: 0.2729
25. HasFavicon                     - Score: 0.2703
26. NoOfPopup                      - Score: 0.2671
27. DomainLength                   - Score: 0.2628
28. LargestLineLength              - Score: 0.2427
29. NoOfSelfRedirect               - Score: 0.2334
30. IsResponsive                   - Score: 0.2317
31. Robots                         - Score: 0.2080
32. Pay                            - Score: 0.2064
33. Crypto                         - Score: 0.1977
34. CharContinuationRate           - Score: 0.1936
35. HasExternalFormSubmit          - Score: 0.1807
36. NoOfSubDomain                  - Score: 0.1743
37. Bank                           - Score: 0.0871
38. NoOfURLRedirect                - Score: 0.0771
39. HasPasswordField               - Score: 0.0765
40. TLDLength                      - Score: 0.0435
41. TLDLegitimateProb              - Score: 0.0137
42. NoOfQMarkInURL                 - Score: 0.0011
43. NoOfEqualsInURL                - Score: 0.0004
44. IsDomainIP                     - Score: 0.0000
45. HasObfuscation                 - Score: 0.0000
46. NoOfAmpersandInURL             - Score: 0.0000
47. NoOfObfuscatedChar             - Score: 0.0000
48. ObfuscationRatio               - Score: 0.0000
49. HasSocialNet                   - Score: 0.0000
50. HasCopyrightInfo               - Score: 0.0000
================================================================================
  Automatically selected 4 Gaussians for URLSimilarityIndex (label legit)
  Automatically selected 1 Gaussians for URLSimilarityIndex (label phish)
  Automatically selected 4 Gaussians for LineOfCode (label legit)
  Automatically selected 3 Gaussians for LineOfCode (label phish)
  Automatically selected 4 Gaussians for NoOfCSS (label legit)
  Automatically selected 3 Gaussians for NoOfCSS (label phish)
  Automatically selected 4 Gaussians for NoOfExternalRef (label legit)
  Automatically selected 4 Gaussians for NoOfExternalRef (label phish)
  Automatically selected 4 Gaussians for NoOfJS (label legit)
  Automatically selected 4 Gaussians for NoOfJS (label phish)

Features Ranked by Differentiation Strength:
================================================================================
 1. URLSimilarityIndex             - Score: 1.0000
 2. NoOfOtherSpecialCharsInURL     - Score: 0.6751
 3. URLLength                      - Score: 0.6159
 4. NoOfLettersInURL               - Score: 0.6038
 5. SpacialCharRatioInURL          - Score: 0.5336
 6. NoOfSelfRef                    - Score: 0.5139
 7. NoOfImage                      - Score: 0.5012
 8. NoOfDegitsInURL                - Score: 0.4736
 9. LetterRatioInURL               - Score: 0.4441
10. URLCharProb                    - Score: 0.4297
11. NoOfExternalRef                - Score: 0.4259
12. NoOfJS                         - Score: 0.4107
13. LargestLineLength              - Score: 0.4033
14. DegitRatioInURL                - Score: 0.3954
15. NoOfCSS                        - Score: 0.3747
16. DomainTitleMatchScore          - Score: 0.3462
17. DomainLength                   - Score: 0.3442
18. LineOfCode                     - Score: 0.3400
19. NoOfiFrame                     - Score: 0.2749
20. CharContinuationRate           - Score: 0.2448
21. URLTitleMatchScore             - Score: 0.2367
22. NoOfSubDomain                  - Score: 0.2278
23. HasDescription                 - Score: 0.2002
24. HasTitle                       - Score: 0.1905
25. IsHTTPS                        - Score: 0.1872
26. NoOfPopup                      - Score: 0.1646
27. Robots                         - Score: 0.1427
28. HasPasswordField               - Score: 0.1084
29. NoOfEmptyRef                   - Score: 0.1078
30. NoOfURLRedirect                - Score: 0.1011
31. TLDLength                      - Score: 0.1007
32. NoOfSelfRedirect               - Score: 0.0910
33. TLDLegitimateProb              - Score: 0.0449
34. Crypto                         - Score: 0.0378
35. HasExternalFormSubmit          - Score: 0.0290
36. HasFavicon                     - Score: 0.0286
37. NoOfQMarkInURL                 - Score: 0.0276
38. IsResponsive                   - Score: 0.0121
39. HasHiddenFields                - Score: 0.0119
40. Bank                           - Score: 0.0103
41. Pay                            - Score: 0.0086
42. NoOfEqualsInURL                - Score: 0.0067
43. HasSubmitButton                - Score: 0.0021
44. IsDomainIP                     - Score: 0.0005
45. HasObfuscation                 - Score: 0.0004
46. NoOfAmpersandInURL             - Score: 0.0003
47. NoOfObfuscatedChar             - Score: 0.0002
48. ObfuscationRatio               - Score: 0.0000
49. HasSocialNet                   - Score: 0.0000
50. HasCopyrightInfo               - Score: 0.0000
================================================================================
  Automatically selected 3 Gaussians for URLSimilarityIndex (label legit)
  Automatically selected 1 Gaussians for URLSimilarityIndex (label phish)
  Automatically selected 3 Gaussians for NoOfOtherSpecialCharsInURL (label legit)
  Automatically selected 4 Gaussians for NoOfOtherSpecialCharsInURL (label phish)
  Automatically selected 4 Gaussians for URLLength (label legit)
  Automatically selected 2 Gaussians for URLLength (label phish)
  Automatically selected 4 Gaussians for NoOfLettersInURL (label legit)
  Automatically selected 2 Gaussians for NoOfLettersInURL (label phish)
  Automatically selected 4 Gaussians for SpacialCharRatioInURL (label legit)
  Automatically selected 2 Gaussians for SpacialCharRatioInURL (label phish)

Features Ranked by Differentiation Strength:
================================================================================
 1. URLSimilarityIndex             - Score: 1.0000
 2. SpacialCharRatioInURL          - Score: 0.5903
 3. NoOfSelfRef                    - Score: 0.5595
 4. NoOfOtherSpecialCharsInURL     - Score: 0.5575
 5. NoOfJS                         - Score: 0.5205
 6. URLCharProb                    - Score: 0.5071
 7. HasTitle                       - Score: 0.5052
 8. LargestLineLength              - Score: 0.5040
 9. NoOfImage                      - Score: 0.4810
10. NoOfDegitsInURL                - Score: 0.4639
11. NoOfExternalRef                - Score: 0.4594
12. DegitRatioInURL                - Score: 0.4393
13. NoOfCSS                        - Score: 0.3949
14. IsResponsive                   - Score: 0.3534
15. NoOfEmptyRef                   - Score: 0.3210
16. HasDescription                 - Score: 0.2976
17. LetterRatioInURL               - Score: 0.2748
18. LineOfCode                     - Score: 0.2679
19. HasSubmitButton                - Score: 0.2519
20. URLLength                      - Score: 0.2510
21. NoOfLettersInURL               - Score: 0.2410
22. TLDLegitimateProb              - Score: 0.2384
23. HasCopyrightInfo               - Score: 0.2317
24. DomainTitleMatchScore          - Score: 0.2193
25. Robots                         - Score: 0.2071
26. CharContinuationRate           - Score: 0.2049
27. NoOfiFrame                     - Score: 0.1968
28. DomainLength                   - Score: 0.1968
29. HasFavicon                     - Score: 0.1907
30. NoOfSubDomain                  - Score: 0.1755
31. Crypto                         - Score: 0.1715
32. HasHiddenFields                - Score: 0.1409
33. TLDLength                      - Score: 0.1321
34. NoOfPopup                      - Score: 0.1232
35. URLTitleMatchScore             - Score: 0.1165
36. NoOfURLRedirect                - Score: 0.1076
37. IsHTTPS                        - Score: 0.1027
38. Bank                           - Score: 0.0245
39. Pay                            - Score: 0.0131
40. HasPasswordField               - Score: 0.0123
41. IsDomainIP                     - Score: 0.0040
42. NoOfEqualsInURL                - Score: 0.0040
43. NoOfQMarkInURL                 - Score: 0.0040
44. HasExternalFormSubmit          - Score: 0.0020
45. NoOfSelfRedirect               - Score: 0.0005
46. HasObfuscation                 - Score: 0.0000
47. NoOfObfuscatedChar             - Score: 0.0000
48. ObfuscationRatio               - Score: 0.0000
49. NoOfAmpersandInURL             - Score: 0.0000
50. HasSocialNet                   - Score: 0.0000
================================================================================
  Automatically selected 1 Gaussians for URLSimilarityIndex (label phish)
  Automatically selected 1 Gaussians for URLSimilarityIndex (label legit)
  Automatically selected 4 Gaussians for SpacialCharRatioInURL (label phish)
  Automatically selected 1 Gaussians for SpacialCharRatioInURL (label legit)
  Automatically selected 4 Gaussians for NoOfSelfRef (label phish)
  Automatically selected 2 Gaussians for NoOfSelfRef (label legit)
  Automatically selected 4 Gaussians for NoOfOtherSpecialCharsInURL (label phish)
  Automatically selected 4 Gaussians for NoOfOtherSpecialCharsInURL (label legit)
  Automatically selected 4 Gaussians for NoOfJS (label phish)
  Automatically selected 4 Gaussians for NoOfJS (label legit)

Features Ranked by Differentiation Strength:
================================================================================
 1. URLSimilarityIndex             - Score: 1.0000
 2. HasSocialNet                   - Score: 0.8016
 3. NoOfCSS                        - Score: 0.6063
 4. HasCopyrightInfo               - Score: 0.5875
 5. NoOfSelfRef                    - Score: 0.5422
 6. NoOfOtherSpecialCharsInURL     - Score: 0.5417
 7. HasDescription                 - Score: 0.5415
 8. HasTitle                       - Score: 0.5080
 9. NoOfJS                         - Score: 0.4984
10. NoOfImage                      - Score: 0.4647
11. SpacialCharRatioInURL          - Score: 0.3833
12. HasSubmitButton                - Score: 0.3784
13. NoOfiFrame                     - Score: 0.3741
14. DegitRatioInURL                - Score: 0.3443
15. NoOfEmptyRef                   - Score: 0.3158
16. DomainTitleMatchScore          - Score: 0.3143
17. HasHiddenFields                - Score: 0.3108
18. URLCharProb                    - Score: 0.3095
19. NoOfPopup                      - Score: 0.3080
20. NoOfExternalRef                - Score: 0.3080
21. IsHTTPS                        - Score: 0.3042
22. HasFavicon                     - Score: 0.2967
23. NoOfDegitsInURL                - Score: 0.2902
24. NoOfLettersInURL               - Score: 0.2831
25. URLLength                      - Score: 0.2830
26. IsResponsive                   - Score: 0.2803
27. LetterRatioInURL               - Score: 0.2745
28. HasExternalFormSubmit          - Score: 0.2641
29. Robots                         - Score: 0.2632
30. LineOfCode                     - Score: 0.2610
31. URLTitleMatchScore             - Score: 0.2605
32. LargestLineLength              - Score: 0.2563
33. DomainLength                   - Score: 0.2497
34. Pay                            - Score: 0.2421
35. CharContinuationRate           - Score: 0.2042
36. NoOfSubDomain                  - Score: 0.1440
37. Bank                           - Score: 0.1348
38. Crypto                         - Score: 0.1257
39. HasPasswordField               - Score: 0.1000
40. NoOfSelfRedirect               - Score: 0.0744
41. TLDLength                      - Score: 0.0615
42. TLDLegitimateProb              - Score: 0.0324
43. NoOfURLRedirect                - Score: 0.0203
44. NoOfQMarkInURL                 - Score: 0.0014
45. NoOfEqualsInURL                - Score: 0.0005
46. IsDomainIP                     - Score: 0.0000
47. HasObfuscation                 - Score: 0.0000
48. NoOfAmpersandInURL             - Score: 0.0000
49. NoOfObfuscatedChar             - Score: 0.0000
50. ObfuscationRatio               - Score: 0.0000
================================================================================
  Automatically selected 1 Gaussians for URLSimilarityIndex (label phish)
  Automatically selected 4 Gaussians for URLSimilarityIndex (label legit)
  Automatically selected 2 Gaussians for HasSocialNet (label phish)
  Automatically selected 2 Gaussians for HasSocialNet (label legit)
  Automatically selected 4 Gaussians for NoOfCSS (label phish)
  Automatically selected 4 Gaussians for NoOfCSS (label legit)
  Automatically selected 2 Gaussians for HasCopyrightInfo (label phish)
  Automatically selected 2 Gaussians for HasCopyrightInfo (label legit)
  Automatically selected 4 Gaussians for NoOfSelfRef (label phish)
  Automatically selected 4 Gaussians for NoOfSelfRef (label legit)

Features Ranked by Differentiation Strength:
================================================================================
 1. URLSimilarityIndex             - Score: 1.0000
 2. HasSocialNet                   - Score: 0.8016
 3. NoOfCSS                        - Score: 0.6063
 4. HasCopyrightInfo               - Score: 0.5875
 5. NoOfSelfRef                    - Score: 0.5422
 6. NoOfOtherSpecialCharsInURL     - Score: 0.5417
 7. HasDescription                 - Score: 0.5415
 8. HasTitle                       - Score: 0.5080
 9. NoOfJS                         - Score: 0.4984
10. NoOfImage                      - Score: 0.4647
11. SpacialCharRatioInURL          - Score: 0.3833
12. HasSubmitButton                - Score: 0.3784
13. NoOfiFrame                     - Score: 0.3741
14. DegitRatioInURL                - Score: 0.3443
15. NoOfEmptyRef                   - Score: 0.3158
16. DomainTitleMatchScore          - Score: 0.3143
17. HasHiddenFields                - Score: 0.3108
18. URLCharProb                    - Score: 0.3095
19. NoOfPopup                      - Score: 0.3080
20. NoOfExternalRef                - Score: 0.3080
21. IsHTTPS                        - Score: 0.3042
22. HasFavicon                     - Score: 0.2967
23. NoOfDegitsInURL                - Score: 0.2902
24. NoOfLettersInURL               - Score: 0.2831
25. URLLength                      - Score: 0.2830
26. IsResponsive                   - Score: 0.2803
27. LetterRatioInURL               - Score: 0.2745
28. HasExternalFormSubmit          - Score: 0.2641
29. Robots                         - Score: 0.2632
30. LineOfCode                     - Score: 0.2610
31. URLTitleMatchScore             - Score: 0.2605
32. LargestLineLength              - Score: 0.2563
33. DomainLength                   - Score: 0.2497
34. Pay                            - Score: 0.2421
35. CharContinuationRate           - Score: 0.2042
36. NoOfSubDomain                  - Score: 0.1440
37. Bank                           - Score: 0.1348
38. Crypto                         - Score: 0.1257
39. HasPasswordField               - Score: 0.1000
40. NoOfSelfRedirect               - Score: 0.0744
41. TLDLength                      - Score: 0.0615
42. TLDLegitimateProb              - Score: 0.0324
43. NoOfURLRedirect                - Score: 0.0203
44. NoOfQMarkInURL                 - Score: 0.0014
45. NoOfEqualsInURL                - Score: 0.0005
46. IsDomainIP                     - Score: 0.0000
47. HasObfuscation                 - Score: 0.0000
48. NoOfAmpersandInURL             - Score: 0.0000
49. NoOfObfuscatedChar             - Score: 0.0000
50. ObfuscationRatio               - Score: 0.0000
================================================================================

Features Ranked by Differentiation Strength:
================================================================================
 1. URLSimilarityIndex             - Score: 1.0000
 2. HasSocialNet                   - Score: 0.8016
 3. NoOfCSS                        - Score: 0.6063
 4. HasCopyrightInfo               - Score: 0.5875
 5. NoOfSelfRef                    - Score: 0.5422
 6. NoOfOtherSpecialCharsInURL     - Score: 0.5417
 7. HasDescription                 - Score: 0.5415
 8. HasTitle                       - Score: 0.5080
 9. NoOfJS                         - Score: 0.4984
10. NoOfImage                      - Score: 0.4647
11. SpacialCharRatioInURL          - Score: 0.3833
12. HasSubmitButton                - Score: 0.3784
13. NoOfiFrame                     - Score: 0.3741
14. DegitRatioInURL                - Score: 0.3443
15. NoOfEmptyRef                   - Score: 0.3158
16. DomainTitleMatchScore          - Score: 0.3143
17. HasHiddenFields                - Score: 0.3108
18. URLCharProb                    - Score: 0.3095
19. NoOfPopup                      - Score: 0.3080
20. NoOfExternalRef                - Score: 0.3080
21. IsHTTPS                        - Score: 0.3042
22. HasFavicon                     - Score: 0.2967
23. NoOfDegitsInURL                - Score: 0.2902
24. NoOfLettersInURL               - Score: 0.2831
25. URLLength                      - Score: 0.2830
26. IsResponsive                   - Score: 0.2803
27. LetterRatioInURL               - Score: 0.2745
28. HasExternalFormSubmit          - Score: 0.2641
29. Robots                         - Score: 0.2632
30. LineOfCode                     - Score: 0.2610
31. URLTitleMatchScore             - Score: 0.2605
32. LargestLineLength              - Score: 0.2563
33. DomainLength                   - Score: 0.2497
34. Pay                            - Score: 0.2421
35. CharContinuationRate           - Score: 0.2042
36. NoOfSubDomain                  - Score: 0.1440
37. Bank                           - Score: 0.1348
38. Crypto                         - Score: 0.1257
39. HasPasswordField               - Score: 0.1000
40. NoOfSelfRedirect               - Score: 0.0744
41. TLDLength                      - Score: 0.0615
42. TLDLegitimateProb              - Score: 0.0324
43. NoOfURLRedirect                - Score: 0.0203
44. NoOfQMarkInURL                 - Score: 0.0014
45. NoOfEqualsInURL                - Score: 0.0005
46. IsDomainIP                     - Score: 0.0000
47. HasObfuscation                 - Score: 0.0000
48. NoOfAmpersandInURL             - Score: 0.0000
49. NoOfObfuscatedChar             - Score: 0.0000
50. ObfuscationRatio               - Score: 0.0000
================================================================================

Features Ranked by Differentiation Strength:
================================================================================
 1. URLSimilarityIndex             - Score: 1.0000
 2. LineOfCode                     - Score: 0.7957
 3. NoOfCSS                        - Score: 0.7010
 4. NoOfJS                         - Score: 0.6332
 5. NoOfSelfRef                    - Score: 0.6079
 6. NoOfOtherSpecialCharsInURL     - Score: 0.5309
 7. HasDescription                 - Score: 0.4807
 8. HasTitle                       - Score: 0.4767
 9. NoOfImage                      - Score: 0.4758
10. SpacialCharRatioInURL          - Score: 0.3632
11. NoOfiFrame                     - Score: 0.3577
12. NoOfExternalRef                - Score: 0.3466
13. DegitRatioInURL                - Score: 0.3444
14. HasSubmitButton                - Score: 0.3437
15. DomainTitleMatchScore          - Score: 0.3262
16. IsHTTPS                        - Score: 0.3153
17. LetterRatioInURL               - Score: 0.3048
18. NoOfEmptyRef                   - Score: 0.2934
19. NoOfDegitsInURL                - Score: 0.2848
20. NoOfLettersInURL               - Score: 0.2815
21. URLCharProb                    - Score: 0.2808
22. URLLength                      - Score: 0.2802
23. HasHiddenFields                - Score: 0.2781
24. URLTitleMatchScore             - Score: 0.2760
25. DomainLength                   - Score: 0.2748
26. HasFavicon                     - Score: 0.2632
27. NoOfPopup                      - Score: 0.2462
28. LargestLineLength              - Score: 0.2438
29. NoOfSelfRedirect               - Score: 0.2309
30. Pay                            - Score: 0.2180
31. IsResponsive                   - Score: 0.2147
32. Robots                         - Score: 0.2103
33. CharContinuationRate           - Score: 0.1873
34. HasExternalFormSubmit          - Score: 0.1784
35. NoOfSubDomain                  - Score: 0.1658
36. Crypto                         - Score: 0.1489
37. Bank                           - Score: 0.1200
38. HasPasswordField               - Score: 0.0858
39. NoOfURLRedirect                - Score: 0.0808
40. TLDLength                      - Score: 0.0307
41. TLDLegitimateProb              - Score: 0.0138
42. NoOfQMarkInURL                 - Score: 0.0010
43. NoOfEqualsInURL                - Score: 0.0004
44. IsDomainIP                     - Score: 0.0000
45. HasObfuscation                 - Score: 0.0000
46. NoOfAmpersandInURL             - Score: 0.0000
47. NoOfObfuscatedChar             - Score: 0.0000
48. ObfuscationRatio               - Score: 0.0000
49. HasSocialNet                   - Score: 0.0000
50. HasCopyrightInfo               - Score: 0.0000
================================================================================
  Automatically selected 4 Gaussians for URLSimilarityIndex (label legit)
  Automatically selected 1 Gaussians for URLSimilarityIndex (label phish)
  Automatically selected 4 Gaussians for LineOfCode (label legit)
  Automatically selected 3 Gaussians for LineOfCode (label phish)
  Automatically selected 4 Gaussians for NoOfCSS (label legit)
  Automatically selected 3 Gaussians for NoOfCSS (label phish)
  Automatically selected 4 Gaussians for NoOfJS (label legit)
  Automatically selected 4 Gaussians for NoOfJS (label phish)
  Automatically selected 4 Gaussians for NoOfSelfRef (label legit)
  Automatically selected 4 Gaussians for NoOfSelfRef (label phish)

Features Ranked by Differentiation Strength:
================================================================================
 1. URLSimilarityIndex             - Score: 1.0000
 2. NoOfOtherSpecialCharsInURL     - Score: 0.6575
 3. URLLength                      - Score: 0.5925
 4. NoOfSelfRef                    - Score: 0.5849
 5. NoOfLettersInURL               - Score: 0.5732
 6. NoOfImage                      - Score: 0.5088
 7. SpacialCharRatioInURL          - Score: 0.4872
 8. NoOfDegitsInURL                - Score: 0.4736
 9. NoOfExternalRef                - Score: 0.4659
10. URLCharProb                    - Score: 0.4299
11. LetterRatioInURL               - Score: 0.4263
12. LargestLineLength              - Score: 0.4011
13. DegitRatioInURL                - Score: 0.3941
14. NoOfJS                         - Score: 0.3932
15. NoOfCSS                        - Score: 0.3892
16. LineOfCode                     - Score: 0.3396
17. DomainLength                   - Score: 0.3285
18. DomainTitleMatchScore          - Score: 0.3189
19. NoOfiFrame                     - Score: 0.2899
20. CharContinuationRate           - Score: 0.2179
21. NoOfSubDomain                  - Score: 0.2137
22. URLTitleMatchScore             - Score: 0.2101
23. HasTitle                       - Score: 0.1933
24. HasDescription                 - Score: 0.1881
25. IsHTTPS                        - Score: 0.1821
26. NoOfPopup                      - Score: 0.1568
27. Robots                         - Score: 0.1264
28. NoOfEmptyRef                   - Score: 0.1116
29. HasPasswordField               - Score: 0.1105
30. TLDLength                      - Score: 0.0960
31. NoOfURLRedirect                - Score: 0.0959
32. NoOfSelfRedirect               - Score: 0.0654
33. Crypto                         - Score: 0.0524
34. TLDLegitimateProb              - Score: 0.0430
35. HasFavicon                     - Score: 0.0318
36. NoOfQMarkInURL                 - Score: 0.0219
37. HasExternalFormSubmit          - Score: 0.0176
38. HasHiddenFields                - Score: 0.0171
39. Bank                           - Score: 0.0141
40. Pay                            - Score: 0.0110
41. IsResponsive                   - Score: 0.0082
42. HasSubmitButton                - Score: 0.0071
43. NoOfEqualsInURL                - Score: 0.0059
44. IsDomainIP                     - Score: 0.0004
45. HasObfuscation                 - Score: 0.0003
46. NoOfAmpersandInURL             - Score: 0.0002
47. NoOfObfuscatedChar             - Score: 0.0001
48. ObfuscationRatio               - Score: 0.0000
49. HasSocialNet                   - Score: 0.0000
50. HasCopyrightInfo               - Score: 0.0000
================================================================================
  Automatically selected 1 Gaussians for URLSimilarityIndex (label phish)
  Automatically selected 3 Gaussians for URLSimilarityIndex (label legit)
  Automatically selected 4 Gaussians for NoOfOtherSpecialCharsInURL (label phish)
  Automatically selected 4 Gaussians for NoOfOtherSpecialCharsInURL (label legit)
  Automatically selected 2 Gaussians for URLLength (label phish)
  Automatically selected 4 Gaussians for URLLength (label legit)
  Automatically selected 4 Gaussians for NoOfSelfRef (label phish)
  Automatically selected 3 Gaussians for NoOfSelfRef (label legit)
  Automatically selected 2 Gaussians for NoOfLettersInURL (label phish)
  Automatically selected 4 Gaussians for NoOfLettersInURL (label legit)

Features Ranked by Differentiation Strength:
================================================================================
 1. URLSimilarityIndex             - Score: 1.0000
 2. NoOfCSS                        - Score: 0.6443
 3. SpacialCharRatioInURL          - Score: 0.5732
 4. HasTitle                       - Score: 0.5668
 5. NoOfSelfRef                    - Score: 0.5630
 6. NoOfOtherSpecialCharsInURL     - Score: 0.5290
 7. NoOfJS                         - Score: 0.5277
 8. LargestLineLength              - Score: 0.5022
 9. NoOfImage                      - Score: 0.4809
10. NoOfExternalRef                - Score: 0.4621
11. URLCharProb                    - Score: 0.4433
12. NoOfDegitsInURL                - Score: 0.3948
13. DegitRatioInURL                - Score: 0.3497
14. NoOfEmptyRef                   - Score: 0.3231
15. HasDescription                 - Score: 0.3033
16. IsResponsive                   - Score: 0.2972
17. HasCopyrightInfo               - Score: 0.2909
18. LineOfCode                     - Score: 0.2671
19. LetterRatioInURL               - Score: 0.2650
20. HasSubmitButton                - Score: 0.2497
21. Crypto                         - Score: 0.2413
22. URLLength                      - Score: 0.2389
23. Robots                         - Score: 0.2084
24. NoOfiFrame                     - Score: 0.1996
25. HasFavicon                     - Score: 0.1899
26. NoOfSubDomain                  - Score: 0.1806
27. CharContinuationRate           - Score: 0.1775
28. DomainLength                   - Score: 0.1773
29. NoOfLettersInURL               - Score: 0.1737
30. TLDLegitimateProb              - Score: 0.1512
31. DomainTitleMatchScore          - Score: 0.1457
32. HasHiddenFields                - Score: 0.0924
33. NoOfPopup                      - Score: 0.0894
34. TLDLength                      - Score: 0.0828
35. NoOfURLRedirect                - Score: 0.0684
36. URLTitleMatchScore             - Score: 0.0677
37. Bank                           - Score: 0.0575
38. IsHTTPS                        - Score: 0.0499
39. Pay                            - Score: 0.0439
40. HasPasswordField               - Score: 0.0122
41. HasExternalFormSubmit          - Score: 0.0043
42. NoOfEqualsInURL                - Score: 0.0040
43. NoOfQMarkInURL                 - Score: 0.0040
44. NoOfSelfRedirect               - Score: 0.0005
45. IsDomainIP                     - Score: 0.0000
46. HasObfuscation                 - Score: 0.0000
47. NoOfObfuscatedChar             - Score: 0.0000
48. ObfuscationRatio               - Score: 0.0000
49. NoOfAmpersandInURL             - Score: 0.0000
50. HasSocialNet                   - Score: 0.0000
================================================================================
  Automatically selected 1 Gaussians for URLSimilarityIndex (label phish)
  Automatically selected 4 Gaussians for URLSimilarityIndex (label legit)
  Automatically selected 4 Gaussians for NoOfCSS (label phish)
  Automatically selected 3 Gaussians for NoOfCSS (label legit)
  Automatically selected 4 Gaussians for SpacialCharRatioInURL (label phish)
  Automatically selected 1 Gaussians for SpacialCharRatioInURL (label legit)
  Automatically selected 2 Gaussians for HasTitle (label phish)
  Automatically selected 2 Gaussians for HasTitle (label legit)
  Automatically selected 4 Gaussians for NoOfSelfRef (label phish)
  Automatically selected 4 Gaussians for NoOfSelfRef (label legit)
  PhiUSIIL: min/max done

Features Ranked by Differentiation Strength:
================================================================================
 1. URLSimilarityIndex             - Score: 1.0000
 2. HasSocialNet                   - Score: 0.7806
 3. NoOfCSS                        - Score: 0.6500
 4. HasCopyrightInfo               - Score: 0.5639
 5. NoOfOtherSpecialCharsInURL     - Score: 0.5318
 6. NoOfSelfRef                    - Score: 0.5302
 7. HasDescription                 - Score: 0.5225
 8. HasTitle                       - Score: 0.5014
 9. NoOfJS                         - Score: 0.4868
10. NoOfImage                      - Score: 0.4548
11. SpacialCharRatioInURL          - Score: 0.3713
12. NoOfiFrame                     - Score: 0.3675
13. HasSubmitButton                - Score: 0.3635
14. DegitRatioInURL                - Score: 0.3402
15. LineOfCode                     - Score: 0.3291
16. NoOfEmptyRef                   - Score: 0.3136
17. DomainTitleMatchScore          - Score: 0.3098
18. IsHTTPS                        - Score: 0.3034
19. HasHiddenFields                - Score: 0.3033
20. URLCharProb                    - Score: 0.3021
21. NoOfExternalRef                - Score: 0.2963
22. HasFavicon                     - Score: 0.2937
23. NoOfDegitsInURL                - Score: 0.2886
24. LetterRatioInURL               - Score: 0.2838
25. URLLength                      - Score: 0.2790
26. IsResponsive                   - Score: 0.2781
27. NoOfLettersInURL               - Score: 0.2775
28. Robots                         - Score: 0.2631
29. HasExternalFormSubmit          - Score: 0.2629
30. URLTitleMatchScore             - Score: 0.2554
31. LargestLineLength              - Score: 0.2540
32. DomainLength                   - Score: 0.2416
33. Pay                            - Score: 0.2369
34. NoOfPopup                      - Score: 0.2001
35. CharContinuationRate           - Score: 0.1999
36. NoOfSubDomain                  - Score: 0.1371
37. Bank                           - Score: 0.1324
38. Crypto                         - Score: 0.1317
39. HasPasswordField               - Score: 0.1010
40. NoOfSelfRedirect               - Score: 0.0766
41. TLDLength                      - Score: 0.0568
42. TLDLegitimateProb              - Score: 0.0314
43. NoOfURLRedirect                - Score: 0.0218
44. NoOfQMarkInURL                 - Score: 0.0015
45. NoOfEqualsInURL                - Score: 0.0005
46. IsDomainIP                     - Score: 0.0000
47. HasObfuscation                 - Score: 0.0000
48. NoOfAmpersandInURL             - Score: 0.0000
49. NoOfObfuscatedChar             - Score: 0.0000
50. ObfuscationRatio               - Score: 0.0000
================================================================================
  Automatically selected 4 Gaussians for URLSimilarityIndex (label legit)
  Automatically selected 1 Gaussians for URLSimilarityIndex (label phish)
  Automatically selected 2 Gaussians for HasSocialNet (label legit)
  Automatically selected 2 Gaussians for HasSocialNet (label phish)
  Automatically selected 4 Gaussians for NoOfCSS (label legit)
  Automatically selected 4 Gaussians for NoOfCSS (label phish)
  Automatically selected 2 Gaussians for HasCopyrightInfo (label legit)
  Automatically selected 2 Gaussians for HasCopyrightInfo (label phish)
  Automatically selected 4 Gaussians for NoOfOtherSpecialCharsInURL (label legit)
  Automatically selected 4 Gaussians for NoOfOtherSpecialCharsInURL (label phish)

Features Ranked by Differentiation Strength:
================================================================================
 1. URLSimilarityIndex             - Score: 1.0000
 2. HasSocialNet                   - Score: 0.7806
 3. NoOfCSS                        - Score: 0.6500
 4. HasCopyrightInfo               - Score: 0.5639
 5. NoOfOtherSpecialCharsInURL     - Score: 0.5318
 6. NoOfSelfRef                    - Score: 0.5302
 7. HasDescription                 - Score: 0.5225
 8. HasTitle                       - Score: 0.5014
 9. NoOfJS                         - Score: 0.4868
10. NoOfImage                      - Score: 0.4548
11. SpacialCharRatioInURL          - Score: 0.3713
12. NoOfiFrame                     - Score: 0.3675
13. HasSubmitButton                - Score: 0.3635
14. DegitRatioInURL                - Score: 0.3402
15. LineOfCode                     - Score: 0.3291
16. NoOfEmptyRef                   - Score: 0.3136
17. DomainTitleMatchScore          - Score: 0.3098
18. IsHTTPS                        - Score: 0.3034
19. HasHiddenFields                - Score: 0.3033
20. URLCharProb                    - Score: 0.3021
21. NoOfExternalRef                - Score: 0.2963
22. HasFavicon                     - Score: 0.2937
23. NoOfDegitsInURL                - Score: 0.2886
24. LetterRatioInURL               - Score: 0.2838
25. URLLength                      - Score: 0.2790
26. IsResponsive                   - Score: 0.2781
27. NoOfLettersInURL               - Score: 0.2775
28. Robots                         - Score: 0.2631
29. HasExternalFormSubmit          - Score: 0.2629
30. URLTitleMatchScore             - Score: 0.2554
31. LargestLineLength              - Score: 0.2540
32. DomainLength                   - Score: 0.2416
33. Pay                            - Score: 0.2369
34. NoOfPopup                      - Score: 0.2001
35. CharContinuationRate           - Score: 0.1999
36. NoOfSubDomain                  - Score: 0.1371
37. Bank                           - Score: 0.1324
38. Crypto                         - Score: 0.1317
39. HasPasswordField               - Score: 0.1010
40. NoOfSelfRedirect               - Score: 0.0766
41. TLDLength                      - Score: 0.0568
42. TLDLegitimateProb              - Score: 0.0314
43. NoOfURLRedirect                - Score: 0.0218
44. NoOfQMarkInURL                 - Score: 0.0015
45. NoOfEqualsInURL                - Score: 0.0005
46. IsDomainIP                     - Score: 0.0000
47. HasObfuscation                 - Score: 0.0000
48. NoOfAmpersandInURL             - Score: 0.0000
49. NoOfObfuscatedChar             - Score: 0.0000
50. ObfuscationRatio               - Score: 0.0000
================================================================================

Features Ranked by Differentiation Strength:
================================================================================
 1. URLSimilarityIndex             - Score: 1.0000
 2. HasSocialNet                   - Score: 0.7806
 3. NoOfCSS                        - Score: 0.6500
 4. HasCopyrightInfo               - Score: 0.5639
 5. NoOfOtherSpecialCharsInURL     - Score: 0.5318
 6. NoOfSelfRef                    - Score: 0.5302
 7. HasDescription                 - Score: 0.5225
 8. HasTitle                       - Score: 0.5014
 9. NoOfJS                         - Score: 0.4868
10. NoOfImage                      - Score: 0.4548
11. SpacialCharRatioInURL          - Score: 0.3713
12. NoOfiFrame                     - Score: 0.3675
13. HasSubmitButton                - Score: 0.3635
14. DegitRatioInURL                - Score: 0.3402
15. LineOfCode                     - Score: 0.3291
16. NoOfEmptyRef                   - Score: 0.3136
17. DomainTitleMatchScore          - Score: 0.3098
18. IsHTTPS                        - Score: 0.3034
19. HasHiddenFields                - Score: 0.3033
20. URLCharProb                    - Score: 0.3021
21. NoOfExternalRef                - Score: 0.2963
22. HasFavicon                     - Score: 0.2937
23. NoOfDegitsInURL                - Score: 0.2886
24. LetterRatioInURL               - Score: 0.2838
25. URLLength                      - Score: 0.2790
26. IsResponsive                   - Score: 0.2781
27. NoOfLettersInURL               - Score: 0.2775
28. Robots                         - Score: 0.2631
29. HasExternalFormSubmit          - Score: 0.2629
30. URLTitleMatchScore             - Score: 0.2554
31. LargestLineLength              - Score: 0.2540
32. DomainLength                   - Score: 0.2416
33. Pay                            - Score: 0.2369
34. NoOfPopup                      - Score: 0.2001
35. CharContinuationRate           - Score: 0.1999
36. NoOfSubDomain                  - Score: 0.1371
37. Bank                           - Score: 0.1324
38. Crypto                         - Score: 0.1317
39. HasPasswordField               - Score: 0.1010
40. NoOfSelfRedirect               - Score: 0.0766
41. TLDLength                      - Score: 0.0568
42. TLDLegitimateProb              - Score: 0.0314
43. NoOfURLRedirect                - Score: 0.0218
44. NoOfQMarkInURL                 - Score: 0.0015
45. NoOfEqualsInURL                - Score: 0.0005
46. IsDomainIP                     - Score: 0.0000
47. HasObfuscation                 - Score: 0.0000
48. NoOfAmpersandInURL             - Score: 0.0000
49. NoOfObfuscatedChar             - Score: 0.0000
50. ObfuscationRatio               - Score: 0.0000
================================================================================

Features Ranked by Differentiation Strength:
================================================================================
 1. URLSimilarityIndex             - Score: 1.0000
 2. LineOfCode                     - Score: 0.7673
 3. NoOfCSS                        - Score: 0.6967
 4. NoOfJS                         - Score: 0.6313
 5. NoOfSelfRef                    - Score: 0.6036
 6. NoOfOtherSpecialCharsInURL     - Score: 0.5237
 7. HasDescription                 - Score: 0.4683
 8. HasTitle                       - Score: 0.4681
 9. NoOfImage                      - Score: 0.4537
10. DegitRatioInURL                - Score: 0.3561
11. SpacialCharRatioInURL          - Score: 0.3559
12. NoOfExternalRef                - Score: 0.3378
13. NoOfiFrame                     - Score: 0.3306
14. HasSubmitButton                - Score: 0.3270
15. DomainTitleMatchScore          - Score: 0.3195
16. IsHTTPS                        - Score: 0.3162
17. LetterRatioInURL               - Score: 0.3132
18. NoOfEmptyRef                   - Score: 0.3070
19. URLCharProb                    - Score: 0.2865
20. NoOfDegitsInURL                - Score: 0.2828
21. HasHiddenFields                - Score: 0.2791
22. HasFavicon                     - Score: 0.2772
23. URLLength                      - Score: 0.2754
24. NoOfLettersInURL               - Score: 0.2751
25. NoOfSelfRedirect               - Score: 0.2726
26. URLTitleMatchScore             - Score: 0.2690
27. DomainLength                   - Score: 0.2676
28. NoOfPopup                      - Score: 0.2616
29. LargestLineLength              - Score: 0.2416
30. IsResponsive                   - Score: 0.2322
31. Pay                            - Score: 0.2035
32. Robots                         - Score: 0.1984
33. HasExternalFormSubmit          - Score: 0.1888
34. Crypto                         - Score: 0.1883
35. CharContinuationRate           - Score: 0.1861
36. NoOfSubDomain                  - Score: 0.1599
37. NoOfURLRedirect                - Score: 0.1015
38. Bank                           - Score: 0.0901
39. HasPasswordField               - Score: 0.0793
40. TLDLength                      - Score: 0.0325
41. TLDLegitimateProb              - Score: 0.0147
42. NoOfQMarkInURL                 - Score: 0.0010
43. NoOfEqualsInURL                - Score: 0.0004
44. IsDomainIP                     - Score: 0.0000
45. HasObfuscation                 - Score: 0.0000
46. NoOfAmpersandInURL             - Score: 0.0000
47. NoOfObfuscatedChar             - Score: 0.0000
48. ObfuscationRatio               - Score: 0.0000
49. HasSocialNet                   - Score: 0.0000
50. HasCopyrightInfo               - Score: 0.0000
================================================================================
  Automatically selected 4 Gaussians for URLSimilarityIndex (label legit)
  Automatically selected 1 Gaussians for URLSimilarityIndex (label phish)
  Automatically selected 4 Gaussians for LineOfCode (label legit)
  Automatically selected 3 Gaussians for LineOfCode (label phish)
  Automatically selected 4 Gaussians for NoOfCSS (label legit)
  Automatically selected 3 Gaussians for NoOfCSS (label phish)
  Automatically selected 4 Gaussians for NoOfJS (label legit)
  Automatically selected 4 Gaussians for NoOfJS (label phish)
  Automatically selected 4 Gaussians for NoOfSelfRef (label legit)
  Automatically selected 4 Gaussians for NoOfSelfRef (label phish)

Features Ranked by Differentiation Strength:
================================================================================
 1. URLSimilarityIndex             - Score: 1.0000
 2. NoOfOtherSpecialCharsInURL     - Score: 0.6673
 3. URLLength                      - Score: 0.6104
 4. NoOfLettersInURL               - Score: 0.5965
 5. NoOfSelfRef                    - Score: 0.5853
 6. NoOfImage                      - Score: 0.5085
 7. SpacialCharRatioInURL          - Score: 0.5053
 8. LetterRatioInURL               - Score: 0.4642
 9. NoOfDegitsInURL                - Score: 0.4617
10. NoOfCSS                        - Score: 0.4182
11. URLCharProb                    - Score: 0.4139
12. NoOfJS                         - Score: 0.4026
13. LargestLineLength              - Score: 0.3925
14. DegitRatioInURL                - Score: 0.3797
15. DomainTitleMatchScore          - Score: 0.3390
16. DomainLength                   - Score: 0.3381
17. LineOfCode                     - Score: 0.3146
18. NoOfExternalRef                - Score: 0.2991
19. NoOfiFrame                     - Score: 0.2874
20. HasTitle                       - Score: 0.2380
21. CharContinuationRate           - Score: 0.2322
22. URLTitleMatchScore             - Score: 0.2258
23. NoOfSubDomain                  - Score: 0.2194
24. HasDescription                 - Score: 0.1887
25. IsHTTPS                        - Score: 0.1683
26. Robots                         - Score: 0.1561
27. NoOfPopup                      - Score: 0.1388
28. NoOfEmptyRef                   - Score: 0.1122
29. NoOfURLRedirect                - Score: 0.1109
30. HasPasswordField               - Score: 0.1061
31. NoOfSelfRedirect               - Score: 0.0901
32. TLDLength                      - Score: 0.0799
33. Crypto                         - Score: 0.0544
34. HasExternalFormSubmit          - Score: 0.0365
35. TLDLegitimateProb              - Score: 0.0348
36. HasFavicon                     - Score: 0.0285
37. NoOfQMarkInURL                 - Score: 0.0234
38. HasHiddenFields                - Score: 0.0179
39. IsResponsive                   - Score: 0.0137
40. Pay                            - Score: 0.0099
41. Bank                           - Score: 0.0065
42. NoOfEqualsInURL                - Score: 0.0064
43. HasSubmitButton                - Score: 0.0028
44. HasObfuscation                 - Score: 0.0004
45. IsDomainIP                     - Score: 0.0003
46. NoOfAmpersandInURL             - Score: 0.0003
47. NoOfObfuscatedChar             - Score: 0.0002
48. ObfuscationRatio               - Score: 0.0000
49. HasSocialNet                   - Score: 0.0000
50. HasCopyrightInfo               - Score: 0.0000
================================================================================
  Automatically selected 1 Gaussians for URLSimilarityIndex (label phish)
  Automatically selected 3 Gaussians for URLSimilarityIndex (label legit)
  Automatically selected 4 Gaussians for NoOfOtherSpecialCharsInURL (label phish)
  Automatically selected 3 Gaussians for NoOfOtherSpecialCharsInURL (label legit)
  Automatically selected 2 Gaussians for URLLength (label phish)
  Automatically selected 4 Gaussians for URLLength (label legit)
  Automatically selected 2 Gaussians for NoOfLettersInURL (label phish)
  Automatically selected 4 Gaussians for NoOfLettersInURL (label legit)
  Automatically selected 4 Gaussians for NoOfSelfRef (label phish)
  Automatically selected 4 Gaussians for NoOfSelfRef (label legit)

Features Ranked by Differentiation Strength:
================================================================================
 1. URLSimilarityIndex             - Score: 1.0000
 2. NoOfOtherSpecialCharsInURL     - Score: 0.5682
 3. NoOfSelfRef                    - Score: 0.5598
 4. SpacialCharRatioInURL          - Score: 0.5341
 5. NoOfCSS                        - Score: 0.5280
 6. NoOfJS                         - Score: 0.5185
 7. NoOfDegitsInURL                - Score: 0.5171
 8. HasTitle                       - Score: 0.5100
 9. NoOfImage                      - Score: 0.4785
10. LargestLineLength              - Score: 0.4636
11. DegitRatioInURL                - Score: 0.4621
12. NoOfExternalRef                - Score: 0.4590
13. URLCharProb                    - Score: 0.4554
14. HasCopyrightInfo               - Score: 0.4182
15. NoOfEmptyRef                   - Score: 0.3366
16. LineOfCode                     - Score: 0.3235
17. URLLength                      - Score: 0.3139
18. NoOfLettersInURL               - Score: 0.3032
19. LetterRatioInURL               - Score: 0.2700
20. HasDescription                 - Score: 0.2604
21. DomainTitleMatchScore          - Score: 0.2554
22. IsResponsive                   - Score: 0.2488
23. HasFavicon                     - Score: 0.2285
24. HasSubmitButton                - Score: 0.2142
25. DomainLength                   - Score: 0.2136
26. Robots                         - Score: 0.2083
27. HasHiddenFields                - Score: 0.1792
28. CharContinuationRate           - Score: 0.1782
29. NoOfiFrame                     - Score: 0.1621
30. TLDLength                      - Score: 0.1613
31. NoOfSubDomain                  - Score: 0.1379
32. Crypto                         - Score: 0.1353
33. NoOfPopup                      - Score: 0.1218
34. TLDLegitimateProb              - Score: 0.0974
35. URLTitleMatchScore             - Score: 0.0813
36. Pay                            - Score: 0.0741
37. NoOfURLRedirect                - Score: 0.0734
38. IsHTTPS                        - Score: 0.0583
39. Bank                           - Score: 0.0278
40. HasExternalFormSubmit          - Score: 0.0212
41. HasPasswordField               - Score: 0.0133
42. IsDomainIP                     - Score: 0.0024
43. NoOfEqualsInURL                - Score: 0.0024
44. NoOfQMarkInURL                 - Score: 0.0024
45. NoOfSelfRedirect               - Score: 0.0005
46. HasObfuscation                 - Score: 0.0000
47. NoOfObfuscatedChar             - Score: 0.0000
48. ObfuscationRatio               - Score: 0.0000
49. NoOfAmpersandInURL             - Score: 0.0000
50. HasSocialNet                   - Score: 0.0000
================================================================================
  Automatically selected 1 Gaussians for URLSimilarityIndex (label phish)
  Automatically selected 3 Gaussians for URLSimilarityIndex (label legit)
  Automatically selected 4 Gaussians for NoOfOtherSpecialCharsInURL (label phish)
  Automatically selected 4 Gaussians for NoOfOtherSpecialCharsInURL (label legit)
  Automatically selected 4 Gaussians for NoOfSelfRef (label phish)
  Automatically selected 4 Gaussians for NoOfSelfRef (label legit)
  Automatically selected 4 Gaussians for SpacialCharRatioInURL (label phish)
  Automatically selected 1 Gaussians for SpacialCharRatioInURL (label legit)
  Automatically selected 4 Gaussians for NoOfCSS (label phish)
  Automatically selected 4 Gaussians for NoOfCSS (label legit)

Features Ranked by Differentiation Strength:
================================================================================
 1. URLSimilarityIndex             - Score: 1.0000
 2. HasSocialNet                   - Score: 0.7935
 3. HasCopyrightInfo               - Score: 0.5801
 4. NoOfOtherSpecialCharsInURL     - Score: 0.5425
 5. NoOfSelfRef                    - Score: 0.5398
 6. HasDescription                 - Score: 0.5389
 7. NoOfCSS                        - Score: 0.5256
 8. HasTitle                       - Score: 0.4963
 9. NoOfJS                         - Score: 0.4954
10. NoOfImage                      - Score: 0.4649
11. SpacialCharRatioInURL          - Score: 0.3852
12. HasSubmitButton                - Score: 0.3831
13. NoOfiFrame                     - Score: 0.3705
14. DegitRatioInURL                - Score: 0.3437
15. NoOfEmptyRef                   - Score: 0.3142
16. DomainTitleMatchScore          - Score: 0.3119
17. HasHiddenFields                - Score: 0.3076
18. URLCharProb                    - Score: 0.3032
19. NoOfExternalRef                - Score: 0.3021
20. IsHTTPS                        - Score: 0.2992
21. HasFavicon                     - Score: 0.2933
22. NoOfDegitsInURL                - Score: 0.2906
23. URLLength                      - Score: 0.2817
24. NoOfLettersInURL               - Score: 0.2812
25. IsResponsive                   - Score: 0.2723
26. LetterRatioInURL               - Score: 0.2703
27. LineOfCode                     - Score: 0.2683
28. Robots                         - Score: 0.2653
29. HasExternalFormSubmit          - Score: 0.2641
30. URLTitleMatchScore             - Score: 0.2586
31. LargestLineLength              - Score: 0.2487
32. DomainLength                   - Score: 0.2473
33. Pay                            - Score: 0.2391
34. NoOfPopup                      - Score: 0.2112
35. CharContinuationRate           - Score: 0.2029
36. NoOfSubDomain                  - Score: 0.1418
37. Bank                           - Score: 0.1348
38. Crypto                         - Score: 0.1332
39. HasPasswordField               - Score: 0.1058
40. NoOfSelfRedirect               - Score: 0.0756
41. TLDLength                      - Score: 0.0558
42. TLDLegitimateProb              - Score: 0.0348
43. NoOfURLRedirect                - Score: 0.0250
44. NoOfQMarkInURL                 - Score: 0.0014
45. NoOfEqualsInURL                - Score: 0.0005
46. IsDomainIP                     - Score: 0.0000
47. HasObfuscation                 - Score: 0.0000
48. NoOfAmpersandInURL             - Score: 0.0000
49. NoOfObfuscatedChar             - Score: 0.0000
50. ObfuscationRatio               - Score: 0.0000
================================================================================
  Automatically selected 1 Gaussians for URLSimilarityIndex (label phish)
  Automatically selected 4 Gaussians for URLSimilarityIndex (label legit)
  Automatically selected 2 Gaussians for HasSocialNet (label phish)
  Automatically selected 2 Gaussians for HasSocialNet (label legit)
  Automatically selected 2 Gaussians for HasCopyrightInfo (label phish)
  Automatically selected 2 Gaussians for HasCopyrightInfo (label legit)
  Automatically selected 4 Gaussians for NoOfOtherSpecialCharsInURL (label phish)
  Automatically selected 4 Gaussians for NoOfOtherSpecialCharsInURL (label legit)
  Automatically selected 4 Gaussians for NoOfSelfRef (label phish)
  Automatically selected 4 Gaussians for NoOfSelfRef (label legit)

Features Ranked by Differentiation Strength:
================================================================================
 1. URLSimilarityIndex             - Score: 1.0000
 2. HasSocialNet                   - Score: 0.7935
 3. HasCopyrightInfo               - Score: 0.5801
 4. NoOfOtherSpecialCharsInURL     - Score: 0.5425
 5. NoOfSelfRef                    - Score: 0.5398
 6. HasDescription                 - Score: 0.5389
 7. NoOfCSS                        - Score: 0.5256
 8. HasTitle                       - Score: 0.4963
 9. NoOfJS                         - Score: 0.4954
10. NoOfImage                      - Score: 0.4649
11. SpacialCharRatioInURL          - Score: 0.3852
12. HasSubmitButton                - Score: 0.3831
13. NoOfiFrame                     - Score: 0.3705
14. DegitRatioInURL                - Score: 0.3437
15. NoOfEmptyRef                   - Score: 0.3142
16. DomainTitleMatchScore          - Score: 0.3119
17. HasHiddenFields                - Score: 0.3076
18. URLCharProb                    - Score: 0.3032
19. NoOfExternalRef                - Score: 0.3021
20. IsHTTPS                        - Score: 0.2992
21. HasFavicon                     - Score: 0.2933
22. NoOfDegitsInURL                - Score: 0.2906
23. URLLength                      - Score: 0.2817
24. NoOfLettersInURL               - Score: 0.2812
25. IsResponsive                   - Score: 0.2723
26. LetterRatioInURL               - Score: 0.2703
27. LineOfCode                     - Score: 0.2683
28. Robots                         - Score: 0.2653
29. HasExternalFormSubmit          - Score: 0.2641
30. URLTitleMatchScore             - Score: 0.2586
31. LargestLineLength              - Score: 0.2487
32. DomainLength                   - Score: 0.2473
33. Pay                            - Score: 0.2391
34. NoOfPopup                      - Score: 0.2112
35. CharContinuationRate           - Score: 0.2029
36. NoOfSubDomain                  - Score: 0.1418
37. Bank                           - Score: 0.1348
38. Crypto                         - Score: 0.1332
39. HasPasswordField               - Score: 0.1058
40. NoOfSelfRedirect               - Score: 0.0756
41. TLDLength                      - Score: 0.0558
42. TLDLegitimateProb              - Score: 0.0348
43. NoOfURLRedirect                - Score: 0.0250
44. NoOfQMarkInURL                 - Score: 0.0014
45. NoOfEqualsInURL                - Score: 0.0005
46. IsDomainIP                     - Score: 0.0000
47. HasObfuscation                 - Score: 0.0000
48. NoOfAmpersandInURL             - Score: 0.0000
49. NoOfObfuscatedChar             - Score: 0.0000
50. ObfuscationRatio               - Score: 0.0000
================================================================================

Features Ranked by Differentiation Strength:
================================================================================
 1. URLSimilarityIndex             - Score: 1.0000
 2. HasSocialNet                   - Score: 0.7935
 3. HasCopyrightInfo               - Score: 0.5801
 4. NoOfOtherSpecialCharsInURL     - Score: 0.5425
 5. NoOfSelfRef                    - Score: 0.5398
 6. HasDescription                 - Score: 0.5389
 7. NoOfCSS                        - Score: 0.5256
 8. HasTitle                       - Score: 0.4963
 9. NoOfJS                         - Score: 0.4954
10. NoOfImage                      - Score: 0.4649
11. SpacialCharRatioInURL          - Score: 0.3852
12. HasSubmitButton                - Score: 0.3831
13. NoOfiFrame                     - Score: 0.3705
14. DegitRatioInURL                - Score: 0.3437
15. NoOfEmptyRef                   - Score: 0.3142
16. DomainTitleMatchScore          - Score: 0.3119
17. HasHiddenFields                - Score: 0.3076
18. URLCharProb                    - Score: 0.3032
19. NoOfExternalRef                - Score: 0.3021
20. IsHTTPS                        - Score: 0.2992
21. HasFavicon                     - Score: 0.2933
22. NoOfDegitsInURL                - Score: 0.2906
23. URLLength                      - Score: 0.2817
24. NoOfLettersInURL               - Score: 0.2812
25. IsResponsive                   - Score: 0.2723
26. LetterRatioInURL               - Score: 0.2703
27. LineOfCode                     - Score: 0.2683
28. Robots                         - Score: 0.2653
29. HasExternalFormSubmit          - Score: 0.2641
30. URLTitleMatchScore             - Score: 0.2586
31. LargestLineLength              - Score: 0.2487
32. DomainLength                   - Score: 0.2473
33. Pay                            - Score: 0.2391
34. NoOfPopup                      - Score: 0.2112
35. CharContinuationRate           - Score: 0.2029
36. NoOfSubDomain                  - Score: 0.1418
37. Bank                           - Score: 0.1348
38. Crypto                         - Score: 0.1332
39. HasPasswordField               - Score: 0.1058
40. NoOfSelfRedirect               - Score: 0.0756
41. TLDLength                      - Score: 0.0558
42. TLDLegitimateProb              - Score: 0.0348
43. NoOfURLRedirect                - Score: 0.0250
44. NoOfQMarkInURL                 - Score: 0.0014
45. NoOfEqualsInURL                - Score: 0.0005
46. IsDomainIP                     - Score: 0.0000
47. HasObfuscation                 - Score: 0.0000
48. NoOfAmpersandInURL             - Score: 0.0000
49. NoOfObfuscatedChar             - Score: 0.0000
50. ObfuscationRatio               - Score: 0.0000
================================================================================

Features Ranked by Differentiation Strength:
================================================================================
 1. URLSimilarityIndex             - Score: 1.0000
 2. LineOfCode                     - Score: 0.7885
 3. NoOfCSS                        - Score: 0.7101
 4. NoOfJS                         - Score: 0.6309
 5. NoOfSelfRef                    - Score: 0.6170
 6. NoOfOtherSpecialCharsInURL     - Score: 0.5309
 7. NoOfImage                      - Score: 0.4811
 8. HasTitle                       - Score: 0.4726
 9. HasDescription                 - Score: 0.4684
10. DegitRatioInURL                - Score: 0.3650
11. SpacialCharRatioInURL          - Score: 0.3648
12. NoOfiFrame                     - Score: 0.3525
13. NoOfExternalRef                - Score: 0.3456
14. HasSubmitButton                - Score: 0.3417
15. DomainTitleMatchScore          - Score: 0.3201
16. IsHTTPS                        - Score: 0.3116
17. LetterRatioInURL               - Score: 0.3047
18. NoOfEmptyRef                   - Score: 0.2981
19. URLCharProb                    - Score: 0.2907
20. NoOfDegitsInURL                - Score: 0.2867
21. HasFavicon                     - Score: 0.2852
22. DomainLength                   - Score: 0.2817
23. NoOfLettersInURL               - Score: 0.2798
24. URLLength                      - Score: 0.2794
25. HasHiddenFields                - Score: 0.2792
26. URLTitleMatchScore             - Score: 0.2704
27. NoOfPopup                      - Score: 0.2511
28. LargestLineLength              - Score: 0.2358
29. NoOfSelfRedirect               - Score: 0.2328
30. IsResponsive                   - Score: 0.2233
31. Pay                            - Score: 0.2078
32. Robots                         - Score: 0.2050
33. Crypto                         - Score: 0.2003
34. HasExternalFormSubmit          - Score: 0.1948
35. CharContinuationRate           - Score: 0.1855
36. NoOfSubDomain                  - Score: 0.1603
37. Bank                           - Score: 0.1003
38. NoOfURLRedirect                - Score: 0.0957
39. HasPasswordField               - Score: 0.0802
40. TLDLength                      - Score: 0.0298
41. TLDLegitimateProb              - Score: 0.0152
42. NoOfQMarkInURL                 - Score: 0.0010
43. NoOfEqualsInURL                - Score: 0.0004
44. IsDomainIP                     - Score: 0.0000
45. HasObfuscation                 - Score: 0.0000
46. NoOfAmpersandInURL             - Score: 0.0000
47. NoOfObfuscatedChar             - Score: 0.0000
48. ObfuscationRatio               - Score: 0.0000
49. HasSocialNet                   - Score: 0.0000
50. HasCopyrightInfo               - Score: 0.0000
================================================================================
  Automatically selected 4 Gaussians for URLSimilarityIndex (label legit)
  Automatically selected 1 Gaussians for URLSimilarityIndex (label phish)
  Automatically selected 4 Gaussians for LineOfCode (label legit)
  Automatically selected 3 Gaussians for LineOfCode (label phish)
  Automatically selected 4 Gaussians for NoOfCSS (label legit)
  Automatically selected 3 Gaussians for NoOfCSS (label phish)
  Automatically selected 4 Gaussians for NoOfJS (label legit)
  Automatically selected 4 Gaussians for NoOfJS (label phish)
  Automatically selected 4 Gaussians for NoOfSelfRef (label legit)
  Automatically selected 4 Gaussians for NoOfSelfRef (label phish)

Features Ranked by Differentiation Strength:
================================================================================
 1. URLSimilarityIndex             - Score: 1.0000
 2. NoOfOtherSpecialCharsInURL     - Score: 0.6533
 3. URLLength                      - Score: 0.6016
 4. NoOfLettersInURL               - Score: 0.5791
 5. NoOfSelfRef                    - Score: 0.5702
 6. SpacialCharRatioInURL          - Score: 0.5067
 7. NoOfImage                      - Score: 0.4993
 8. LetterRatioInURL               - Score: 0.4679
 9. NoOfDegitsInURL                - Score: 0.4514
10. NoOfJS                         - Score: 0.4140
11. URLCharProb                    - Score: 0.3872
12. LargestLineLength              - Score: 0.3862
13. NoOfCSS                        - Score: 0.3745
14. DegitRatioInURL                - Score: 0.3657
15. DomainLength                   - Score: 0.3303
16. DomainTitleMatchScore          - Score: 0.3237
17. LineOfCode                     - Score: 0.3049
18. NoOfExternalRef                - Score: 0.2911
19. NoOfiFrame                     - Score: 0.2797
20. CharContinuationRate           - Score: 0.2281
21. NoOfSubDomain                  - Score: 0.2154
22. URLTitleMatchScore             - Score: 0.2127
23. HasDescription                 - Score: 0.1875
24. NoOfEmptyRef                   - Score: 0.1731
25. IsHTTPS                        - Score: 0.1706
26. NoOfPopup                      - Score: 0.1587
27. Robots                         - Score: 0.1486
28. HasTitle                       - Score: 0.1389
29. NoOfURLRedirect                - Score: 0.1068
30. NoOfSelfRedirect               - Score: 0.1064
31. HasPasswordField               - Score: 0.0962
32. TLDLength                      - Score: 0.0882
33. Crypto                         - Score: 0.0565
34. TLDLegitimateProb              - Score: 0.0424
35. IsResponsive                   - Score: 0.0260
36. NoOfQMarkInURL                 - Score: 0.0226
37. HasFavicon                     - Score: 0.0220
38. HasExternalFormSubmit          - Score: 0.0177
39. HasHiddenFields                - Score: 0.0157
40. Pay                            - Score: 0.0155
41. HasSubmitButton                - Score: 0.0070
42. NoOfEqualsInURL                - Score: 0.0051
43. Bank                           - Score: 0.0018
44. IsDomainIP                     - Score: 0.0003
45. HasObfuscation                 - Score: 0.0003
46. NoOfAmpersandInURL             - Score: 0.0003
47. NoOfObfuscatedChar             - Score: 0.0002
48. ObfuscationRatio               - Score: 0.0000
49. HasSocialNet                   - Score: 0.0000
50. HasCopyrightInfo               - Score: 0.0000
================================================================================
  Automatically selected 1 Gaussians for URLSimilarityIndex (label phish)
  Automatically selected 3 Gaussians for URLSimilarityIndex (label legit)
  Automatically selected 4 Gaussians for NoOfOtherSpecialCharsInURL (label phish)
  Automatically selected 3 Gaussians for NoOfOtherSpecialCharsInURL (label legit)
  Automatically selected 2 Gaussians for URLLength (label phish)
  Automatically selected 4 Gaussians for URLLength (label legit)
  Automatically selected 2 Gaussians for NoOfLettersInURL (label phish)
  Automatically selected 4 Gaussians for NoOfLettersInURL (label legit)
  Automatically selected 4 Gaussians for NoOfSelfRef (label phish)
  Automatically selected 3 Gaussians for NoOfSelfRef (label legit)

Features Ranked by Differentiation Strength:
================================================================================
 1. URLSimilarityIndex             - Score: 1.0000
 2. HasTitle                       - Score: 0.5718
 3. NoOfSelfRef                    - Score: 0.5641
 4. SpacialCharRatioInURL          - Score: 0.5521
 5. NoOfOtherSpecialCharsInURL     - Score: 0.5433
 6. NoOfJS                         - Score: 0.5236
 7. NoOfImage                      - Score: 0.4845
 8. NoOfExternalRef                - Score: 0.4644
 9. NoOfDegitsInURL                - Score: 0.4629
10. URLCharProb                    - Score: 0.4570
11. LargestLineLength              - Score: 0.4526
12. DegitRatioInURL                - Score: 0.4351
13. NoOfCSS                        - Score: 0.4187
14. IsResponsive                   - Score: 0.3838
15. NoOfiFrame                     - Score: 0.3586
16. HasFavicon                     - Score: 0.3470
17. NoOfEmptyRef                   - Score: 0.3192
18. URLLength                      - Score: 0.2952
19. HasSubmitButton                - Score: 0.2847
20. LineOfCode                     - Score: 0.2701
21. HasCopyrightInfo               - Score: 0.2631
22. NoOfLettersInURL               - Score: 0.2594
23. HasDescription                 - Score: 0.2522
24. LetterRatioInURL               - Score: 0.2327
25. DomainLength                   - Score: 0.2259
26. NoOfPopup                      - Score: 0.2214
27. CharContinuationRate           - Score: 0.2176
28. Crypto                         - Score: 0.2114
29. Robots                         - Score: 0.2067
30. HasHiddenFields                - Score: 0.1677
31. DomainTitleMatchScore          - Score: 0.1331
32. NoOfSubDomain                  - Score: 0.1231
33. NoOfURLRedirect                - Score: 0.1227
34. URLTitleMatchScore             - Score: 0.0962
35. TLDLength                      - Score: 0.0935
36. TLDLegitimateProb              - Score: 0.0875
37. IsHTTPS                        - Score: 0.0697
38. Pay                            - Score: 0.0656
39. HasExternalFormSubmit          - Score: 0.0177
40. HasPasswordField               - Score: 0.0126
41. Bank                           - Score: 0.0094
42. IsDomainIP                     - Score: 0.0029
43. NoOfEqualsInURL                - Score: 0.0029
44. NoOfQMarkInURL                 - Score: 0.0029
45. NoOfSelfRedirect               - Score: 0.0005
46. HasObfuscation                 - Score: 0.0000
47. NoOfObfuscatedChar             - Score: 0.0000
48. ObfuscationRatio               - Score: 0.0000
49. NoOfAmpersandInURL             - Score: 0.0000
50. HasSocialNet                   - Score: 0.0000
================================================================================
  Automatically selected 1 Gaussians for URLSimilarityIndex (label phish)
  Automatically selected 4 Gaussians for URLSimilarityIndex (label legit)
  Automatically selected 2 Gaussians for HasTitle (label phish)
  Automatically selected 2 Gaussians for HasTitle (label legit)
  Automatically selected 4 Gaussians for NoOfSelfRef (label phish)
  Automatically selected 4 Gaussians for NoOfSelfRef (label legit)
  Automatically selected 4 Gaussians for SpacialCharRatioInURL (label phish)
  Automatically selected 1 Gaussians for SpacialCharRatioInURL (label legit)
  Automatically selected 4 Gaussians for NoOfOtherSpecialCharsInURL (label phish)
  Automatically selected 4 Gaussians for NoOfOtherSpecialCharsInURL (label legit)

Features Ranked by Differentiation Strength:
================================================================================
 1. URLSimilarityIndex             - Score: 1.0000
 2. HasSocialNet                   - Score: 0.7813
 3. HasCopyrightInfo               - Score: 0.5715
 4. HasDescription                 - Score: 0.5347
 5. NoOfOtherSpecialCharsInURL     - Score: 0.5336
 6. NoOfSelfRef                    - Score: 0.5317
 7. NoOfCSS                        - Score: 0.5210
 8. HasTitle                       - Score: 0.5096
 9. NoOfJS                         - Score: 0.4908
10. NoOfImage                      - Score: 0.4607
11. SpacialCharRatioInURL          - Score: 0.3778
12. HasSubmitButton                - Score: 0.3638
13. NoOfiFrame                     - Score: 0.3624
14. DegitRatioInURL                - Score: 0.3377
15. LineOfCode                     - Score: 0.3292
16. DomainTitleMatchScore          - Score: 0.3144
17. URLCharProb                    - Score: 0.3103
18. HasHiddenFields                - Score: 0.3060
19. NoOfEmptyRef                   - Score: 0.3039
20. IsHTTPS                        - Score: 0.3032
21. NoOfExternalRef                - Score: 0.2973
22. HasFavicon                     - Score: 0.2867
23. NoOfDegitsInURL                - Score: 0.2858
24. URLLength                      - Score: 0.2792
25. NoOfLettersInURL               - Score: 0.2788
26. LargestLineLength              - Score: 0.2722
27. IsResponsive                   - Score: 0.2720
28. Robots                         - Score: 0.2672
29. LetterRatioInURL               - Score: 0.2653
30. URLTitleMatchScore             - Score: 0.2585
31. HasExternalFormSubmit          - Score: 0.2496
32. DomainLength                   - Score: 0.2425
33. Pay                            - Score: 0.2378
34. CharContinuationRate           - Score: 0.2022
35. NoOfPopup                      - Score: 0.2014
36. NoOfSubDomain                  - Score: 0.1421
37. Bank                           - Score: 0.1334
38. Crypto                         - Score: 0.1322
39. HasPasswordField               - Score: 0.0977
40. NoOfSelfRedirect               - Score: 0.0739
41. TLDLength                      - Score: 0.0585
42. TLDLegitimateProb              - Score: 0.0336
43. NoOfURLRedirect                - Score: 0.0230
44. NoOfQMarkInURL                 - Score: 0.0015
45. NoOfEqualsInURL                - Score: 0.0005
46. IsDomainIP                     - Score: 0.0000
47. HasObfuscation                 - Score: 0.0000
48. NoOfAmpersandInURL             - Score: 0.0000
49. NoOfObfuscatedChar             - Score: 0.0000
50. ObfuscationRatio               - Score: 0.0000
================================================================================
  Automatically selected 1 Gaussians for URLSimilarityIndex (label phish)
  Automatically selected 4 Gaussians for URLSimilarityIndex (label legit)
  Automatically selected 2 Gaussians for HasSocialNet (label phish)
  Automatically selected 2 Gaussians for HasSocialNet (label legit)
  Automatically selected 2 Gaussians for HasCopyrightInfo (label phish)
  Automatically selected 2 Gaussians for HasCopyrightInfo (label legit)
  Automatically selected 2 Gaussians for HasDescription (label phish)
  Automatically selected 2 Gaussians for HasDescription (label legit)
  Automatically selected 4 Gaussians for NoOfOtherSpecialCharsInURL (label phish)
  Automatically selected 4 Gaussians for NoOfOtherSpecialCharsInURL (label legit)

Features Ranked by Differentiation Strength:
================================================================================
 1. URLSimilarityIndex             - Score: 1.0000
 2. HasSocialNet                   - Score: 0.7813
 3. HasCopyrightInfo               - Score: 0.5715
 4. HasDescription                 - Score: 0.5347
 5. NoOfOtherSpecialCharsInURL     - Score: 0.5336
 6. NoOfSelfRef                    - Score: 0.5317
 7. NoOfCSS                        - Score: 0.5210
 8. HasTitle                       - Score: 0.5096
 9. NoOfJS                         - Score: 0.4908
10. NoOfImage                      - Score: 0.4607
11. SpacialCharRatioInURL          - Score: 0.3778
12. HasSubmitButton                - Score: 0.3638
13. NoOfiFrame                     - Score: 0.3624
14. DegitRatioInURL                - Score: 0.3377
15. LineOfCode                     - Score: 0.3292
16. DomainTitleMatchScore          - Score: 0.3144
17. URLCharProb                    - Score: 0.3103
18. HasHiddenFields                - Score: 0.3060
19. NoOfEmptyRef                   - Score: 0.3039
20. IsHTTPS                        - Score: 0.3032
21. NoOfExternalRef                - Score: 0.2973
22. HasFavicon                     - Score: 0.2867
23. NoOfDegitsInURL                - Score: 0.2858
24. URLLength                      - Score: 0.2792
25. NoOfLettersInURL               - Score: 0.2788
26. LargestLineLength              - Score: 0.2722
27. IsResponsive                   - Score: 0.2720
28. Robots                         - Score: 0.2672
29. LetterRatioInURL               - Score: 0.2653
30. URLTitleMatchScore             - Score: 0.2585
31. HasExternalFormSubmit          - Score: 0.2496
32. DomainLength                   - Score: 0.2425
33. Pay                            - Score: 0.2378
34. CharContinuationRate           - Score: 0.2022
35. NoOfPopup                      - Score: 0.2014
36. NoOfSubDomain                  - Score: 0.1421
37. Bank                           - Score: 0.1334
38. Crypto                         - Score: 0.1322
39. HasPasswordField               - Score: 0.0977
40. NoOfSelfRedirect               - Score: 0.0739
41. TLDLength                      - Score: 0.0585
42. TLDLegitimateProb              - Score: 0.0336
43. NoOfURLRedirect                - Score: 0.0230
44. NoOfQMarkInURL                 - Score: 0.0015
45. NoOfEqualsInURL                - Score: 0.0005
46. IsDomainIP                     - Score: 0.0000
47. HasObfuscation                 - Score: 0.0000
48. NoOfAmpersandInURL             - Score: 0.0000
49. NoOfObfuscatedChar             - Score: 0.0000
50. ObfuscationRatio               - Score: 0.0000
================================================================================

Features Ranked by Differentiation Strength:
================================================================================
 1. URLSimilarityIndex             - Score: 1.0000
 2. HasSocialNet                   - Score: 0.7813
 3. HasCopyrightInfo               - Score: 0.5715
 4. HasDescription                 - Score: 0.5347
 5. NoOfOtherSpecialCharsInURL     - Score: 0.5336
 6. NoOfSelfRef                    - Score: 0.5317
 7. NoOfCSS                        - Score: 0.5210
 8. HasTitle                       - Score: 0.5096
 9. NoOfJS                         - Score: 0.4908
10. NoOfImage                      - Score: 0.4607
11. SpacialCharRatioInURL          - Score: 0.3778
12. HasSubmitButton                - Score: 0.3638
13. NoOfiFrame                     - Score: 0.3624
14. DegitRatioInURL                - Score: 0.3377
15. LineOfCode                     - Score: 0.3292
16. DomainTitleMatchScore          - Score: 0.3144
17. URLCharProb                    - Score: 0.3103
18. HasHiddenFields                - Score: 0.3060
19. NoOfEmptyRef                   - Score: 0.3039
20. IsHTTPS                        - Score: 0.3032
21. NoOfExternalRef                - Score: 0.2973
22. HasFavicon                     - Score: 0.2867
23. NoOfDegitsInURL                - Score: 0.2858
24. URLLength                      - Score: 0.2792
25. NoOfLettersInURL               - Score: 0.2788
26. LargestLineLength              - Score: 0.2722
27. IsResponsive                   - Score: 0.2720
28. Robots                         - Score: 0.2672
29. LetterRatioInURL               - Score: 0.2653
30. URLTitleMatchScore             - Score: 0.2585
31. HasExternalFormSubmit          - Score: 0.2496
32. DomainLength                   - Score: 0.2425
33. Pay                            - Score: 0.2378
34. CharContinuationRate           - Score: 0.2022
35. NoOfPopup                      - Score: 0.2014
36. NoOfSubDomain                  - Score: 0.1421
37. Bank                           - Score: 0.1334
38. Crypto                         - Score: 0.1322
39. HasPasswordField               - Score: 0.0977
40. NoOfSelfRedirect               - Score: 0.0739
41. TLDLength                      - Score: 0.0585
42. TLDLegitimateProb              - Score: 0.0336
43. NoOfURLRedirect                - Score: 0.0230
44. NoOfQMarkInURL                 - Score: 0.0015
45. NoOfEqualsInURL                - Score: 0.0005
46. IsDomainIP                     - Score: 0.0000
47. HasObfuscation                 - Score: 0.0000
48. NoOfAmpersandInURL             - Score: 0.0000
49. NoOfObfuscatedChar             - Score: 0.0000
50. ObfuscationRatio               - Score: 0.0000
================================================================================

Features Ranked by Differentiation Strength:
================================================================================
 1. URLSimilarityIndex             - Score: 1.0000
 2. LineOfCode                     - Score: 0.7823
 3. NoOfCSS                        - Score: 0.7053
 4. NoOfJS                         - Score: 0.6432
 5. NoOfSelfRef                    - Score: 0.6216
 6. NoOfOtherSpecialCharsInURL     - Score: 0.5236
 7. HasTitle                       - Score: 0.5028
 8. NoOfImage                      - Score: 0.4832
 9. HasDescription                 - Score: 0.4600
10. SpacialCharRatioInURL          - Score: 0.3598
11. NoOfExternalRef                - Score: 0.3401
12. NoOfiFrame                     - Score: 0.3370
13. DegitRatioInURL                - Score: 0.3326
14. HasSubmitButton                - Score: 0.3264
15. DomainTitleMatchScore          - Score: 0.3257
16. IsHTTPS                        - Score: 0.3150
17. LetterRatioInURL               - Score: 0.2998
18. URLCharProb                    - Score: 0.2861
19. NoOfEmptyRef                   - Score: 0.2857
20. NoOfDegitsInURL                - Score: 0.2807
21. HasFavicon                     - Score: 0.2787
22. NoOfLettersInURL               - Score: 0.2769
23. URLLength                      - Score: 0.2762
24. HasHiddenFields                - Score: 0.2748
25. DomainLength                   - Score: 0.2741
26. URLTitleMatchScore             - Score: 0.2730
27. LargestLineLength              - Score: 0.2608
28. NoOfPopup                      - Score: 0.2437
29. NoOfSelfRedirect               - Score: 0.2295
30. IsResponsive                   - Score: 0.2280
31. Pay                            - Score: 0.2126
32. Robots                         - Score: 0.1952
33. CharContinuationRate           - Score: 0.1857
34. NoOfSubDomain                  - Score: 0.1661
35. HasExternalFormSubmit          - Score: 0.1647
36. Crypto                         - Score: 0.1488
37. Bank                           - Score: 0.0920
38. HasPasswordField               - Score: 0.0898
39. NoOfURLRedirect                - Score: 0.0879
40. TLDLength                      - Score: 0.0324
41. TLDLegitimateProb              - Score: 0.0148
42. NoOfQMarkInURL                 - Score: 0.0011
43. NoOfEqualsInURL                - Score: 0.0004
44. IsDomainIP                     - Score: 0.0000
45. HasObfuscation                 - Score: 0.0000
46. NoOfAmpersandInURL             - Score: 0.0000
47. NoOfObfuscatedChar             - Score: 0.0000
48. ObfuscationRatio               - Score: 0.0000
49. HasSocialNet                   - Score: 0.0000
50. HasCopyrightInfo               - Score: 0.0000
================================================================================
  Automatically selected 4 Gaussians for URLSimilarityIndex (label legit)
  Automatically selected 1 Gaussians for URLSimilarityIndex (label phish)
  Automatically selected 4 Gaussians for LineOfCode (label legit)
  Automatically selected 4 Gaussians for LineOfCode (label phish)
  Automatically selected 4 Gaussians for NoOfCSS (label legit)
  Automatically selected 3 Gaussians for NoOfCSS (label phish)
  Automatically selected 4 Gaussians for NoOfJS (label legit)
  Automatically selected 4 Gaussians for NoOfJS (label phish)
  Automatically selected 4 Gaussians for NoOfSelfRef (label legit)
  Automatically selected 4 Gaussians for NoOfSelfRef (label phish)

Features Ranked by Differentiation Strength:
================================================================================
 1. URLSimilarityIndex             - Score: 1.0000
 2. NoOfOtherSpecialCharsInURL     - Score: 0.6736
 3. URLLength                      - Score: 0.6209
 4. NoOfSelfRef                    - Score: 0.6087
 5. NoOfLettersInURL               - Score: 0.5971
 6. SpacialCharRatioInURL          - Score: 0.5335
 7. NoOfDegitsInURL                - Score: 0.4692
 8. NoOfImage                      - Score: 0.4609
 9. LetterRatioInURL               - Score: 0.4521
10. URLCharProb                    - Score: 0.4402
11. NoOfJS                         - Score: 0.4315
12. LargestLineLength              - Score: 0.4020
13. DegitRatioInURL                - Score: 0.3975
14. NoOfCSS                        - Score: 0.3781
15. DomainTitleMatchScore          - Score: 0.3523
16. DomainLength                   - Score: 0.3400
17. LineOfCode                     - Score: 0.3130
18. NoOfExternalRef                - Score: 0.3013
19. NoOfiFrame                     - Score: 0.2573
20. CharContinuationRate           - Score: 0.2499
21. URLTitleMatchScore             - Score: 0.2388
22. NoOfSubDomain                  - Score: 0.2314
23. HasDescription                 - Score: 0.1985
24. HasTitle                       - Score: 0.1834
25. IsHTTPS                        - Score: 0.1767
26. NoOfPopup                      - Score: 0.1716
27. Robots                         - Score: 0.1484
28. HasPasswordField               - Score: 0.1051
29. TLDLength                      - Score: 0.1022
30. NoOfURLRedirect                - Score: 0.1018
31. NoOfSelfRedirect               - Score: 0.0932
32. NoOfEmptyRef                   - Score: 0.0668
33. TLDLegitimateProb              - Score: 0.0477
34. Crypto                         - Score: 0.0418
35. NoOfQMarkInURL                 - Score: 0.0242
36. HasFavicon                     - Score: 0.0213
37. IsResponsive                   - Score: 0.0166
38. HasHiddenFields                - Score: 0.0164
39. Bank                           - Score: 0.0121
40. Pay                            - Score: 0.0102
41. NoOfEqualsInURL                - Score: 0.0062
42. HasExternalFormSubmit          - Score: 0.0041
43. HasSubmitButton                - Score: 0.0019
44. HasObfuscation                 - Score: 0.0004
45. IsDomainIP                     - Score: 0.0003
46. NoOfAmpersandInURL             - Score: 0.0003
47. NoOfObfuscatedChar             - Score: 0.0002
48. ObfuscationRatio               - Score: 0.0000
49. HasSocialNet                   - Score: 0.0000
50. HasCopyrightInfo               - Score: 0.0000
================================================================================
  Automatically selected 1 Gaussians for URLSimilarityIndex (label phish)
  Automatically selected 3 Gaussians for URLSimilarityIndex (label legit)
  Automatically selected 4 Gaussians for NoOfOtherSpecialCharsInURL (label phish)
  Automatically selected 3 Gaussians for NoOfOtherSpecialCharsInURL (label legit)
  Automatically selected 2 Gaussians for URLLength (label phish)
  Automatically selected 4 Gaussians for URLLength (label legit)
  Automatically selected 4 Gaussians for NoOfSelfRef (label phish)
  Automatically selected 4 Gaussians for NoOfSelfRef (label legit)
  Automatically selected 2 Gaussians for NoOfLettersInURL (label phish)
  Automatically selected 4 Gaussians for NoOfLettersInURL (label legit)

Features Ranked by Differentiation Strength:
================================================================================
 1. URLSimilarityIndex             - Score: 1.0000
 2. NoOfSelfRef                    - Score: 0.5628
 3. HasTitle                       - Score: 0.5388
 4. SpacialCharRatioInURL          - Score: 0.5292
 5. LineOfCode                     - Score: 0.5246
 6. NoOfJS                         - Score: 0.5225
 7. NoOfOtherSpecialCharsInURL     - Score: 0.5118
 8. NoOfImage                      - Score: 0.4854
 9. URLCharProb                    - Score: 0.4662
10. NoOfExternalRef                - Score: 0.4637
11. LargestLineLength              - Score: 0.4560
12. NoOfDegitsInURL                - Score: 0.4558
13. DegitRatioInURL                - Score: 0.4320
14. NoOfCSS                        - Score: 0.4128
15. IsResponsive                   - Score: 0.3852
16. NoOfiFrame                     - Score: 0.3836
17. HasFavicon                     - Score: 0.3439
18. NoOfEmptyRef                   - Score: 0.3258
19. HasCopyrightInfo               - Score: 0.3206
20. URLLength                      - Score: 0.2653
21. HasDescription                 - Score: 0.2532
22. NoOfLettersInURL               - Score: 0.2505
23. LetterRatioInURL               - Score: 0.2504
24. Robots                         - Score: 0.2135
25. Crypto                         - Score: 0.2061
26. DomainLength                   - Score: 0.2060
27. HasSubmitButton                - Score: 0.2035
28. CharContinuationRate           - Score: 0.1976
29. DomainTitleMatchScore          - Score: 0.1420
30. IsHTTPS                        - Score: 0.1229
31. NoOfPopup                      - Score: 0.1214
32. HasHiddenFields                - Score: 0.1207
33. NoOfSubDomain                  - Score: 0.1138
34. URLTitleMatchScore             - Score: 0.1045
35. TLDLegitimateProb              - Score: 0.0873
36. NoOfURLRedirect                - Score: 0.0856
37. TLDLength                      - Score: 0.0781
38. Pay                            - Score: 0.0649
39. HasExternalFormSubmit          - Score: 0.0175
40. HasPasswordField               - Score: 0.0121
41. Bank                           - Score: 0.0087
42. IsDomainIP                     - Score: 0.0029
43. NoOfEqualsInURL                - Score: 0.0029
44. NoOfQMarkInURL                 - Score: 0.0029
45. NoOfSelfRedirect               - Score: 0.0005
46. HasObfuscation                 - Score: 0.0000
47. NoOfObfuscatedChar             - Score: 0.0000
48. ObfuscationRatio               - Score: 0.0000
49. NoOfAmpersandInURL             - Score: 0.0000
50. HasSocialNet                   - Score: 0.0000
================================================================================
  Automatically selected 1 Gaussians for URLSimilarityIndex (label phish)
  Automatically selected 1 Gaussians for URLSimilarityIndex (label legit)
  Automatically selected 4 Gaussians for NoOfSelfRef (label phish)
  Automatically selected 4 Gaussians for NoOfSelfRef (label legit)
  Automatically selected 2 Gaussians for HasTitle (label phish)
  Automatically selected 2 Gaussians for HasTitle (label legit)
  Automatically selected 4 Gaussians for SpacialCharRatioInURL (label phish)
  Automatically selected 2 Gaussians for SpacialCharRatioInURL (label legit)
  Automatically selected 4 Gaussians for LineOfCode (label phish)
  Automatically selected 2 Gaussians for LineOfCode (label legit)

Features Ranked by Differentiation Strength:
================================================================================
 1. URLSimilarityIndex             - Score: 1.0000
 2. HasSocialNet                   - Score: 0.7989
 3. HasCopyrightInfo               - Score: 0.5793
 4. NoOfOtherSpecialCharsInURL     - Score: 0.5434
 5. NoOfSelfRef                    - Score: 0.5391
 6. HasDescription                 - Score: 0.5368
 7. NoOfCSS                        - Score: 0.5251
 8. HasTitle                       - Score: 0.5019
 9. NoOfJS                         - Score: 0.4991
10. NoOfImage                      - Score: 0.4660
11. NoOfExternalRef                - Score: 0.4479
12. SpacialCharRatioInURL          - Score: 0.3901
13. HasSubmitButton                - Score: 0.3732
14. NoOfiFrame                     - Score: 0.3728
15. DegitRatioInURL                - Score: 0.3464
16. DomainTitleMatchScore          - Score: 0.3207
17. URLCharProb                    - Score: 0.3139
18. HasHiddenFields                - Score: 0.3038
19. NoOfEmptyRef                   - Score: 0.3027
20. IsHTTPS                        - Score: 0.2980
21. HasFavicon                     - Score: 0.2952
22. NoOfDegitsInURL                - Score: 0.2923
23. LetterRatioInURL               - Score: 0.2833
24. URLLength                      - Score: 0.2820
25. NoOfLettersInURL               - Score: 0.2811
26. IsResponsive                   - Score: 0.2804
27. URLTitleMatchScore             - Score: 0.2678
28. Robots                         - Score: 0.2678
29. LineOfCode                     - Score: 0.2607
30. LargestLineLength              - Score: 0.2605
31. HasExternalFormSubmit          - Score: 0.2561
32. DomainLength                   - Score: 0.2458
33. Pay                            - Score: 0.2349
34. NoOfPopup                      - Score: 0.2101
35. CharContinuationRate           - Score: 0.2077
36. NoOfSubDomain                  - Score: 0.1448
37. Crypto                         - Score: 0.1412
38. Bank                           - Score: 0.1292
39. HasPasswordField               - Score: 0.1008
40. NoOfSelfRedirect               - Score: 0.0782
41. TLDLength                      - Score: 0.0566
42. TLDLegitimateProb              - Score: 0.0332
43. NoOfURLRedirect                - Score: 0.0217
44. NoOfQMarkInURL                 - Score: 0.0017
45. NoOfEqualsInURL                - Score: 0.0005
46. IsDomainIP                     - Score: 0.0000
47. HasObfuscation                 - Score: 0.0000
48. NoOfAmpersandInURL             - Score: 0.0000
49. NoOfObfuscatedChar             - Score: 0.0000
50. ObfuscationRatio               - Score: 0.0000
================================================================================
  Automatically selected 4 Gaussians for URLSimilarityIndex (label legit)
  Automatically selected 1 Gaussians for URLSimilarityIndex (label phish)
  Automatically selected 2 Gaussians for HasSocialNet (label legit)
  Automatically selected 2 Gaussians for HasSocialNet (label phish)
  Automatically selected 2 Gaussians for HasCopyrightInfo (label legit)
  Automatically selected 2 Gaussians for HasCopyrightInfo (label phish)
  Automatically selected 4 Gaussians for NoOfOtherSpecialCharsInURL (label legit)
  Automatically selected 4 Gaussians for NoOfOtherSpecialCharsInURL (label phish)
  Automatically selected 4 Gaussians for NoOfSelfRef (label legit)
  Automatically selected 4 Gaussians for NoOfSelfRef (label phish)

Features Ranked by Differentiation Strength:
================================================================================
 1. URLSimilarityIndex             - Score: 1.0000
 2. HasSocialNet                   - Score: 0.7989
 3. HasCopyrightInfo               - Score: 0.5793
 4. NoOfOtherSpecialCharsInURL     - Score: 0.5434
 5. NoOfSelfRef                    - Score: 0.5391
 6. HasDescription                 - Score: 0.5368
 7. NoOfCSS                        - Score: 0.5251
 8. HasTitle                       - Score: 0.5019
 9. NoOfJS                         - Score: 0.4991
10. NoOfImage                      - Score: 0.4660
11. NoOfExternalRef                - Score: 0.4479
12. SpacialCharRatioInURL          - Score: 0.3901
13. HasSubmitButton                - Score: 0.3732
14. NoOfiFrame                     - Score: 0.3728
15. DegitRatioInURL                - Score: 0.3464
16. DomainTitleMatchScore          - Score: 0.3207
17. URLCharProb                    - Score: 0.3139
18. HasHiddenFields                - Score: 0.3038
19. NoOfEmptyRef                   - Score: 0.3027
20. IsHTTPS                        - Score: 0.2980
21. HasFavicon                     - Score: 0.2952
22. NoOfDegitsInURL                - Score: 0.2923
23. LetterRatioInURL               - Score: 0.2833
24. URLLength                      - Score: 0.2820
25. NoOfLettersInURL               - Score: 0.2811
26. IsResponsive                   - Score: 0.2804
27. URLTitleMatchScore             - Score: 0.2678
28. Robots                         - Score: 0.2678
29. LineOfCode                     - Score: 0.2607
30. LargestLineLength              - Score: 0.2605
31. HasExternalFormSubmit          - Score: 0.2561
32. DomainLength                   - Score: 0.2458
33. Pay                            - Score: 0.2349
34. NoOfPopup                      - Score: 0.2101
35. CharContinuationRate           - Score: 0.2077
36. NoOfSubDomain                  - Score: 0.1448
37. Crypto                         - Score: 0.1412
38. Bank                           - Score: 0.1292
39. HasPasswordField               - Score: 0.1008
40. NoOfSelfRedirect               - Score: 0.0782
41. TLDLength                      - Score: 0.0566
42. TLDLegitimateProb              - Score: 0.0332
43. NoOfURLRedirect                - Score: 0.0217
44. NoOfQMarkInURL                 - Score: 0.0017
45. NoOfEqualsInURL                - Score: 0.0005
46. IsDomainIP                     - Score: 0.0000
47. HasObfuscation                 - Score: 0.0000
48. NoOfAmpersandInURL             - Score: 0.0000
49. NoOfObfuscatedChar             - Score: 0.0000
50. ObfuscationRatio               - Score: 0.0000
================================================================================

Features Ranked by Differentiation Strength:
================================================================================
 1. URLSimilarityIndex             - Score: 1.0000
 2. HasSocialNet                   - Score: 0.7989
 3. HasCopyrightInfo               - Score: 0.5793
 4. NoOfOtherSpecialCharsInURL     - Score: 0.5434
 5. NoOfSelfRef                    - Score: 0.5391
 6. HasDescription                 - Score: 0.5368
 7. NoOfCSS                        - Score: 0.5251
 8. HasTitle                       - Score: 0.5019
 9. NoOfJS                         - Score: 0.4991
10. NoOfImage                      - Score: 0.4660
11. NoOfExternalRef                - Score: 0.4479
12. SpacialCharRatioInURL          - Score: 0.3901
13. HasSubmitButton                - Score: 0.3732
14. NoOfiFrame                     - Score: 0.3728
15. DegitRatioInURL                - Score: 0.3464
16. DomainTitleMatchScore          - Score: 0.3207
17. URLCharProb                    - Score: 0.3139
18. HasHiddenFields                - Score: 0.3038
19. NoOfEmptyRef                   - Score: 0.3027
20. IsHTTPS                        - Score: 0.2980
21. HasFavicon                     - Score: 0.2952
22. NoOfDegitsInURL                - Score: 0.2923
23. LetterRatioInURL               - Score: 0.2833
24. URLLength                      - Score: 0.2820
25. NoOfLettersInURL               - Score: 0.2811
26. IsResponsive                   - Score: 0.2804
27. URLTitleMatchScore             - Score: 0.2678
28. Robots                         - Score: 0.2678
29. LineOfCode                     - Score: 0.2607
30. LargestLineLength              - Score: 0.2605
31. HasExternalFormSubmit          - Score: 0.2561
32. DomainLength                   - Score: 0.2458
33. Pay                            - Score: 0.2349
34. NoOfPopup                      - Score: 0.2101
35. CharContinuationRate           - Score: 0.2077
36. NoOfSubDomain                  - Score: 0.1448
37. Crypto                         - Score: 0.1412
38. Bank                           - Score: 0.1292
39. HasPasswordField               - Score: 0.1008
40. NoOfSelfRedirect               - Score: 0.0782
41. TLDLength                      - Score: 0.0566
42. TLDLegitimateProb              - Score: 0.0332
43. NoOfURLRedirect                - Score: 0.0217
44. NoOfQMarkInURL                 - Score: 0.0017
45. NoOfEqualsInURL                - Score: 0.0005
46. IsDomainIP                     - Score: 0.0000
47. HasObfuscation                 - Score: 0.0000
48. NoOfAmpersandInURL             - Score: 0.0000
49. NoOfObfuscatedChar             - Score: 0.0000
50. ObfuscationRatio               - Score: 0.0000
================================================================================

Features Ranked by Differentiation Strength:
================================================================================
 1. URLSimilarityIndex             - Score: 1.0000
 2. LineOfCode                     - Score: 0.7310
 3. NoOfCSS                        - Score: 0.7074
 4. NoOfExternalRef                - Score: 0.6638
 5. NoOfJS                         - Score: 0.6317
 6. NoOfSelfRef                    - Score: 0.6152
 7. NoOfOtherSpecialCharsInURL     - Score: 0.5344
 8. NoOfImage                      - Score: 0.4783
 9. HasTitle                       - Score: 0.4772
10. HasDescription                 - Score: 0.4703
11. SpacialCharRatioInURL          - Score: 0.3781
12. DegitRatioInURL                - Score: 0.3501
13. DomainTitleMatchScore          - Score: 0.3345
14. NoOfiFrame                     - Score: 0.3341
15. HasSubmitButton                - Score: 0.3249
16. IsHTTPS                        - Score: 0.3083
17. LetterRatioInURL               - Score: 0.3057
18. URLCharProb                    - Score: 0.2879
19. NoOfEmptyRef                   - Score: 0.2869
20. NoOfDegitsInURL                - Score: 0.2858
21. URLTitleMatchScore             - Score: 0.2851
22. NoOfLettersInURL               - Score: 0.2792
23. URLLength                      - Score: 0.2785
24. HasHiddenFields                - Score: 0.2729
25. HasFavicon                     - Score: 0.2703
26. NoOfPopup                      - Score: 0.2671
27. DomainLength                   - Score: 0.2628
28. LargestLineLength              - Score: 0.2427
29. NoOfSelfRedirect               - Score: 0.2334
30. IsResponsive                   - Score: 0.2317
31. Robots                         - Score: 0.2080
32. Pay                            - Score: 0.2064
33. Crypto                         - Score: 0.1977
34. CharContinuationRate           - Score: 0.1936
35. HasExternalFormSubmit          - Score: 0.1807
36. NoOfSubDomain                  - Score: 0.1743
37. Bank                           - Score: 0.0871
38. NoOfURLRedirect                - Score: 0.0771
39. HasPasswordField               - Score: 0.0765
40. TLDLength                      - Score: 0.0435
41. TLDLegitimateProb              - Score: 0.0137
42. NoOfQMarkInURL                 - Score: 0.0011
43. NoOfEqualsInURL                - Score: 0.0004
44. IsDomainIP                     - Score: 0.0000
45. HasObfuscation                 - Score: 0.0000
46. NoOfAmpersandInURL             - Score: 0.0000
47. NoOfObfuscatedChar             - Score: 0.0000
48. ObfuscationRatio               - Score: 0.0000
49. HasSocialNet                   - Score: 0.0000
50. HasCopyrightInfo               - Score: 0.0000
================================================================================
  Automatically selected 4 Gaussians for URLSimilarityIndex (label legit)
  Automatically selected 1 Gaussians for URLSimilarityIndex (label phish)
  Automatically selected 4 Gaussians for LineOfCode (label legit)
  Automatically selected 3 Gaussians for LineOfCode (label phish)
  Automatically selected 4 Gaussians for NoOfCSS (label legit)
  Automatically selected 3 Gaussians for NoOfCSS (label phish)
  Automatically selected 4 Gaussians for NoOfExternalRef (label legit)
  Automatically selected 4 Gaussians for NoOfExternalRef (label phish)
  Automatically selected 4 Gaussians for NoOfJS (label legit)
  Automatically selected 4 Gaussians for NoOfJS (label phish)

Features Ranked by Differentiation Strength:
================================================================================
 1. URLSimilarityIndex             - Score: 1.0000
 2. NoOfOtherSpecialCharsInURL     - Score: 0.6751
 3. URLLength                      - Score: 0.6159
 4. NoOfLettersInURL               - Score: 0.6038
 5. SpacialCharRatioInURL          - Score: 0.5336
 6. NoOfSelfRef                    - Score: 0.5139
 7. NoOfImage                      - Score: 0.5012
 8. NoOfDegitsInURL                - Score: 0.4736
 9. LetterRatioInURL               - Score: 0.4441
10. URLCharProb                    - Score: 0.4297
11. NoOfExternalRef                - Score: 0.4259
12. NoOfJS                         - Score: 0.4107
13. LargestLineLength              - Score: 0.4033
14. DegitRatioInURL                - Score: 0.3954
15. NoOfCSS                        - Score: 0.3747
16. DomainTitleMatchScore          - Score: 0.3462
17. DomainLength                   - Score: 0.3442
18. LineOfCode                     - Score: 0.3400
19. NoOfiFrame                     - Score: 0.2749
20. CharContinuationRate           - Score: 0.2448
21. URLTitleMatchScore             - Score: 0.2367
22. NoOfSubDomain                  - Score: 0.2278
23. HasDescription                 - Score: 0.2002
24. HasTitle                       - Score: 0.1905
25. IsHTTPS                        - Score: 0.1872
26. NoOfPopup                      - Score: 0.1646
27. Robots                         - Score: 0.1427
28. HasPasswordField               - Score: 0.1084
29. NoOfEmptyRef                   - Score: 0.1078
30. NoOfURLRedirect                - Score: 0.1011
31. TLDLength                      - Score: 0.1007
32. NoOfSelfRedirect               - Score: 0.0910
33. TLDLegitimateProb              - Score: 0.0449
34. Crypto                         - Score: 0.0378
35. HasExternalFormSubmit          - Score: 0.0290
36. HasFavicon                     - Score: 0.0286
37. NoOfQMarkInURL                 - Score: 0.0276
38. IsResponsive                   - Score: 0.0121
39. HasHiddenFields                - Score: 0.0119
40. Bank                           - Score: 0.0103
41. Pay                            - Score: 0.0086
42. NoOfEqualsInURL                - Score: 0.0067
43. HasSubmitButton                - Score: 0.0021
44. IsDomainIP                     - Score: 0.0005
45. HasObfuscation                 - Score: 0.0004
46. NoOfAmpersandInURL             - Score: 0.0003
47. NoOfObfuscatedChar             - Score: 0.0002
48. ObfuscationRatio               - Score: 0.0000
49. HasSocialNet                   - Score: 0.0000
50. HasCopyrightInfo               - Score: 0.0000
================================================================================
  Automatically selected 3 Gaussians for URLSimilarityIndex (label legit)
  Automatically selected 1 Gaussians for URLSimilarityIndex (label phish)
  Automatically selected 3 Gaussians for NoOfOtherSpecialCharsInURL (label legit)
  Automatically selected 4 Gaussians for NoOfOtherSpecialCharsInURL (label phish)
  Automatically selected 4 Gaussians for URLLength (label legit)
  Automatically selected 2 Gaussians for URLLength (label phish)
  Automatically selected 4 Gaussians for NoOfLettersInURL (label legit)
  Automatically selected 2 Gaussians for NoOfLettersInURL (label phish)
  Automatically selected 4 Gaussians for SpacialCharRatioInURL (label legit)
  Automatically selected 2 Gaussians for SpacialCharRatioInURL (label phish)

Features Ranked by Differentiation Strength:
================================================================================
 1. URLSimilarityIndex             - Score: 1.0000
 2. SpacialCharRatioInURL          - Score: 0.5903
 3. NoOfSelfRef                    - Score: 0.5595
 4. NoOfOtherSpecialCharsInURL     - Score: 0.5575
 5. NoOfJS                         - Score: 0.5205
 6. URLCharProb                    - Score: 0.5071
 7. HasTitle                       - Score: 0.5052
 8. LargestLineLength              - Score: 0.5040
 9. NoOfImage                      - Score: 0.4810
10. NoOfDegitsInURL                - Score: 0.4639
11. NoOfExternalRef                - Score: 0.4594
12. DegitRatioInURL                - Score: 0.4393
13. NoOfCSS                        - Score: 0.3949
14. IsResponsive                   - Score: 0.3534
15. NoOfEmptyRef                   - Score: 0.3210
16. HasDescription                 - Score: 0.2976
17. LetterRatioInURL               - Score: 0.2748
18. LineOfCode                     - Score: 0.2679
19. HasSubmitButton                - Score: 0.2519
20. URLLength                      - Score: 0.2510
21. NoOfLettersInURL               - Score: 0.2410
22. TLDLegitimateProb              - Score: 0.2384
23. HasCopyrightInfo               - Score: 0.2317
24. DomainTitleMatchScore          - Score: 0.2193
25. Robots                         - Score: 0.2071
26. CharContinuationRate           - Score: 0.2049
27. NoOfiFrame                     - Score: 0.1968
28. DomainLength                   - Score: 0.1968
29. HasFavicon                     - Score: 0.1907
30. NoOfSubDomain                  - Score: 0.1755
31. Crypto                         - Score: 0.1715
32. HasHiddenFields                - Score: 0.1409
33. TLDLength                      - Score: 0.1321
34. NoOfPopup                      - Score: 0.1232
35. URLTitleMatchScore             - Score: 0.1165
36. NoOfURLRedirect                - Score: 0.1076
37. IsHTTPS                        - Score: 0.1027
38. Bank                           - Score: 0.0245
39. Pay                            - Score: 0.0131
40. HasPasswordField               - Score: 0.0123
41. IsDomainIP                     - Score: 0.0040
42. NoOfEqualsInURL                - Score: 0.0040
43. NoOfQMarkInURL                 - Score: 0.0040
44. HasExternalFormSubmit          - Score: 0.0020
45. NoOfSelfRedirect               - Score: 0.0005
46. HasObfuscation                 - Score: 0.0000
47. NoOfObfuscatedChar             - Score: 0.0000
48. ObfuscationRatio               - Score: 0.0000
49. NoOfAmpersandInURL             - Score: 0.0000
50. HasSocialNet                   - Score: 0.0000
================================================================================
  Automatically selected 1 Gaussians for URLSimilarityIndex (label phish)
  Automatically selected 1 Gaussians for URLSimilarityIndex (label legit)
  Automatically selected 4 Gaussians for SpacialCharRatioInURL (label phish)
  Automatically selected 1 Gaussians for SpacialCharRatioInURL (label legit)
  Automatically selected 4 Gaussians for NoOfSelfRef (label phish)
  Automatically selected 2 Gaussians for NoOfSelfRef (label legit)
  Automatically selected 4 Gaussians for NoOfOtherSpecialCharsInURL (label phish)
  Automatically selected 4 Gaussians for NoOfOtherSpecialCharsInURL (label legit)
  Automatically selected 4 Gaussians for NoOfJS (label phish)
  Automatically selected 4 Gaussians for NoOfJS (label legit)

Features Ranked by Differentiation Strength:
================================================================================
 1. URLSimilarityIndex             - Score: 1.0000
 2. HasSocialNet                   - Score: 0.8016
 3. NoOfCSS                        - Score: 0.6063
 4. HasCopyrightInfo               - Score: 0.5875
 5. NoOfSelfRef                    - Score: 0.5422
 6. NoOfOtherSpecialCharsInURL     - Score: 0.5417
 7. HasDescription                 - Score: 0.5415
 8. HasTitle                       - Score: 0.5080
 9. NoOfJS                         - Score: 0.4984
10. NoOfImage                      - Score: 0.4647
11. SpacialCharRatioInURL          - Score: 0.3833
12. HasSubmitButton                - Score: 0.3784
13. NoOfiFrame                     - Score: 0.3741
14. DegitRatioInURL                - Score: 0.3443
15. NoOfEmptyRef                   - Score: 0.3158
16. DomainTitleMatchScore          - Score: 0.3143
17. HasHiddenFields                - Score: 0.3108
18. URLCharProb                    - Score: 0.3095
19. NoOfPopup                      - Score: 0.3080
20. NoOfExternalRef                - Score: 0.3080
21. IsHTTPS                        - Score: 0.3042
22. HasFavicon                     - Score: 0.2967
23. NoOfDegitsInURL                - Score: 0.2902
24. NoOfLettersInURL               - Score: 0.2831
25. URLLength                      - Score: 0.2830
26. IsResponsive                   - Score: 0.2803
27. LetterRatioInURL               - Score: 0.2745
28. HasExternalFormSubmit          - Score: 0.2641
29. Robots                         - Score: 0.2632
30. LineOfCode                     - Score: 0.2610
31. URLTitleMatchScore             - Score: 0.2605
32. LargestLineLength              - Score: 0.2563
33. DomainLength                   - Score: 0.2497
34. Pay                            - Score: 0.2421
35. CharContinuationRate           - Score: 0.2042
36. NoOfSubDomain                  - Score: 0.1440
37. Bank                           - Score: 0.1348
38. Crypto                         - Score: 0.1257
39. HasPasswordField               - Score: 0.1000
40. NoOfSelfRedirect               - Score: 0.0744
41. TLDLength                      - Score: 0.0615
42. TLDLegitimateProb              - Score: 0.0324
43. NoOfURLRedirect                - Score: 0.0203
44. NoOfQMarkInURL                 - Score: 0.0014
45. NoOfEqualsInURL                - Score: 0.0005
46. IsDomainIP                     - Score: 0.0000
47. HasObfuscation                 - Score: 0.0000
48. NoOfAmpersandInURL             - Score: 0.0000
49. NoOfObfuscatedChar             - Score: 0.0000
50. ObfuscationRatio               - Score: 0.0000
================================================================================
  Automatically selected 1 Gaussians for URLSimilarityIndex (label phish)
  Automatically selected 4 Gaussians for URLSimilarityIndex (label legit)
  Automatically selected 2 Gaussians for HasSocialNet (label phish)
  Automatically selected 2 Gaussians for HasSocialNet (label legit)
  Automatically selected 4 Gaussians for NoOfCSS (label phish)
  Automatically selected 4 Gaussians for NoOfCSS (label legit)
  Automatically selected 2 Gaussians for HasCopyrightInfo (label phish)
  Automatically selected 2 Gaussians for HasCopyrightInfo (label legit)
  Automatically selected 4 Gaussians for NoOfSelfRef (label phish)
  Automatically selected 4 Gaussians for NoOfSelfRef (label legit)

Features Ranked by Differentiation Strength:
================================================================================
 1. URLSimilarityIndex             - Score: 1.0000
 2. HasSocialNet                   - Score: 0.8016
 3. NoOfCSS                        - Score: 0.6063
 4. HasCopyrightInfo               - Score: 0.5875
 5. NoOfSelfRef                    - Score: 0.5422
 6. NoOfOtherSpecialCharsInURL     - Score: 0.5417
 7. HasDescription                 - Score: 0.5415
 8. HasTitle                       - Score: 0.5080
 9. NoOfJS                         - Score: 0.4984
10. NoOfImage                      - Score: 0.4647
11. SpacialCharRatioInURL          - Score: 0.3833
12. HasSubmitButton                - Score: 0.3784
13. NoOfiFrame                     - Score: 0.3741
14. DegitRatioInURL                - Score: 0.3443
15. NoOfEmptyRef                   - Score: 0.3158
16. DomainTitleMatchScore          - Score: 0.3143
17. HasHiddenFields                - Score: 0.3108
18. URLCharProb                    - Score: 0.3095
19. NoOfPopup                      - Score: 0.3080
20. NoOfExternalRef                - Score: 0.3080
21. IsHTTPS                        - Score: 0.3042
22. HasFavicon                     - Score: 0.2967
23. NoOfDegitsInURL                - Score: 0.2902
24. NoOfLettersInURL               - Score: 0.2831
25. URLLength                      - Score: 0.2830
26. IsResponsive                   - Score: 0.2803
27. LetterRatioInURL               - Score: 0.2745
28. HasExternalFormSubmit          - Score: 0.2641
29. Robots                         - Score: 0.2632
30. LineOfCode                     - Score: 0.2610
31. URLTitleMatchScore             - Score: 0.2605
32. LargestLineLength              - Score: 0.2563
33. DomainLength                   - Score: 0.2497
34. Pay                            - Score: 0.2421
35. CharContinuationRate           - Score: 0.2042
36. NoOfSubDomain                  - Score: 0.1440
37. Bank                           - Score: 0.1348
38. Crypto                         - Score: 0.1257
39. HasPasswordField               - Score: 0.1000
40. NoOfSelfRedirect               - Score: 0.0744
41. TLDLength                      - Score: 0.0615
42. TLDLegitimateProb              - Score: 0.0324
43. NoOfURLRedirect                - Score: 0.0203
44. NoOfQMarkInURL                 - Score: 0.0014
45. NoOfEqualsInURL                - Score: 0.0005
46. IsDomainIP                     - Score: 0.0000
47. HasObfuscation                 - Score: 0.0000
48. NoOfAmpersandInURL             - Score: 0.0000
49. NoOfObfuscatedChar             - Score: 0.0000
50. ObfuscationRatio               - Score: 0.0000
================================================================================

Features Ranked by Differentiation Strength:
================================================================================
 1. URLSimilarityIndex             - Score: 1.0000
 2. HasSocialNet                   - Score: 0.8016
 3. NoOfCSS                        - Score: 0.6063
 4. HasCopyrightInfo               - Score: 0.5875
 5. NoOfSelfRef                    - Score: 0.5422
 6. NoOfOtherSpecialCharsInURL     - Score: 0.5417
 7. HasDescription                 - Score: 0.5415
 8. HasTitle                       - Score: 0.5080
 9. NoOfJS                         - Score: 0.4984
10. NoOfImage                      - Score: 0.4647
11. SpacialCharRatioInURL          - Score: 0.3833
12. HasSubmitButton                - Score: 0.3784
13. NoOfiFrame                     - Score: 0.3741
14. DegitRatioInURL                - Score: 0.3443
15. NoOfEmptyRef                   - Score: 0.3158
16. DomainTitleMatchScore          - Score: 0.3143
17. HasHiddenFields                - Score: 0.3108
18. URLCharProb                    - Score: 0.3095
19. NoOfPopup                      - Score: 0.3080
20. NoOfExternalRef                - Score: 0.3080
21. IsHTTPS                        - Score: 0.3042
22. HasFavicon                     - Score: 0.2967
23. NoOfDegitsInURL                - Score: 0.2902
24. NoOfLettersInURL               - Score: 0.2831
25. URLLength                      - Score: 0.2830
26. IsResponsive                   - Score: 0.2803
27. LetterRatioInURL               - Score: 0.2745
28. HasExternalFormSubmit          - Score: 0.2641
29. Robots                         - Score: 0.2632
30. LineOfCode                     - Score: 0.2610
31. URLTitleMatchScore             - Score: 0.2605
32. LargestLineLength              - Score: 0.2563
33. DomainLength                   - Score: 0.2497
34. Pay                            - Score: 0.2421
35. CharContinuationRate           - Score: 0.2042
36. NoOfSubDomain                  - Score: 0.1440
37. Bank                           - Score: 0.1348
38. Crypto                         - Score: 0.1257
39. HasPasswordField               - Score: 0.1000
40. NoOfSelfRedirect               - Score: 0.0744
41. TLDLength                      - Score: 0.0615
42. TLDLegitimateProb              - Score: 0.0324
43. NoOfURLRedirect                - Score: 0.0203
44. NoOfQMarkInURL                 - Score: 0.0014
45. NoOfEqualsInURL                - Score: 0.0005
46. IsDomainIP                     - Score: 0.0000
47. HasObfuscation                 - Score: 0.0000
48. NoOfAmpersandInURL             - Score: 0.0000
49. NoOfObfuscatedChar             - Score: 0.0000
50. ObfuscationRatio               - Score: 0.0000
================================================================================

Features Ranked by Differentiation Strength:
================================================================================
 1. URLSimilarityIndex             - Score: 1.0000
 2. LineOfCode                     - Score: 0.7957
 3. NoOfCSS                        - Score: 0.7010
 4. NoOfJS                         - Score: 0.6332
 5. NoOfSelfRef                    - Score: 0.6079
 6. NoOfOtherSpecialCharsInURL     - Score: 0.5309
 7. HasDescription                 - Score: 0.4807
 8. HasTitle                       - Score: 0.4767
 9. NoOfImage                      - Score: 0.4758
10. SpacialCharRatioInURL          - Score: 0.3632
11. NoOfiFrame                     - Score: 0.3577
12. NoOfExternalRef                - Score: 0.3466
13. DegitRatioInURL                - Score: 0.3444
14. HasSubmitButton                - Score: 0.3437
15. DomainTitleMatchScore          - Score: 0.3262
16. IsHTTPS                        - Score: 0.3153
17. LetterRatioInURL               - Score: 0.3048
18. NoOfEmptyRef                   - Score: 0.2934
19. NoOfDegitsInURL                - Score: 0.2848
20. NoOfLettersInURL               - Score: 0.2815
21. URLCharProb                    - Score: 0.2808
22. URLLength                      - Score: 0.2802
23. HasHiddenFields                - Score: 0.2781
24. URLTitleMatchScore             - Score: 0.2760
25. DomainLength                   - Score: 0.2748
26. HasFavicon                     - Score: 0.2632
27. NoOfPopup                      - Score: 0.2462
28. LargestLineLength              - Score: 0.2438
29. NoOfSelfRedirect               - Score: 0.2309
30. Pay                            - Score: 0.2180
31. IsResponsive                   - Score: 0.2147
32. Robots                         - Score: 0.2103
33. CharContinuationRate           - Score: 0.1873
34. HasExternalFormSubmit          - Score: 0.1784
35. NoOfSubDomain                  - Score: 0.1658
36. Crypto                         - Score: 0.1489
37. Bank                           - Score: 0.1200
38. HasPasswordField               - Score: 0.0858
39. NoOfURLRedirect                - Score: 0.0808
40. TLDLength                      - Score: 0.0307
41. TLDLegitimateProb              - Score: 0.0138
42. NoOfQMarkInURL                 - Score: 0.0010
43. NoOfEqualsInURL                - Score: 0.0004
44. IsDomainIP                     - Score: 0.0000
45. HasObfuscation                 - Score: 0.0000
46. NoOfAmpersandInURL             - Score: 0.0000
47. NoOfObfuscatedChar             - Score: 0.0000
48. ObfuscationRatio               - Score: 0.0000
49. HasSocialNet                   - Score: 0.0000
50. HasCopyrightInfo               - Score: 0.0000
================================================================================
  Automatically selected 4 Gaussians for URLSimilarityIndex (label legit)
  Automatically selected 1 Gaussians for URLSimilarityIndex (label phish)
  Automatically selected 4 Gaussians for LineOfCode (label legit)
  Automatically selected 3 Gaussians for LineOfCode (label phish)
  Automatically selected 4 Gaussians for NoOfCSS (label legit)
  Automatically selected 3 Gaussians for NoOfCSS (label phish)
  Automatically selected 4 Gaussians for NoOfJS (label legit)
  Automatically selected 4 Gaussians for NoOfJS (label phish)
  Automatically selected 4 Gaussians for NoOfSelfRef (label legit)
  Automatically selected 4 Gaussians for NoOfSelfRef (label phish)

Features Ranked by Differentiation Strength:
================================================================================
 1. URLSimilarityIndex             - Score: 1.0000
 2. NoOfOtherSpecialCharsInURL     - Score: 0.6575
 3. URLLength                      - Score: 0.5925
 4. NoOfSelfRef                    - Score: 0.5849
 5. NoOfLettersInURL               - Score: 0.5732
 6. NoOfImage                      - Score: 0.5088
 7. SpacialCharRatioInURL          - Score: 0.4872
 8. NoOfDegitsInURL                - Score: 0.4736
 9. NoOfExternalRef                - Score: 0.4659
10. URLCharProb                    - Score: 0.4299
11. LetterRatioInURL               - Score: 0.4263
12. LargestLineLength              - Score: 0.4011
13. DegitRatioInURL                - Score: 0.3941
14. NoOfJS                         - Score: 0.3932
15. NoOfCSS                        - Score: 0.3892
16. LineOfCode                     - Score: 0.3396
17. DomainLength                   - Score: 0.3285
18. DomainTitleMatchScore          - Score: 0.3189
19. NoOfiFrame                     - Score: 0.2899
20. CharContinuationRate           - Score: 0.2179
21. NoOfSubDomain                  - Score: 0.2137
22. URLTitleMatchScore             - Score: 0.2101
23. HasTitle                       - Score: 0.1933
24. HasDescription                 - Score: 0.1881
25. IsHTTPS                        - Score: 0.1821
26. NoOfPopup                      - Score: 0.1568
27. Robots                         - Score: 0.1264
28. NoOfEmptyRef                   - Score: 0.1116
29. HasPasswordField               - Score: 0.1105
30. TLDLength                      - Score: 0.0960
31. NoOfURLRedirect                - Score: 0.0959
32. NoOfSelfRedirect               - Score: 0.0654
33. Crypto                         - Score: 0.0524
34. TLDLegitimateProb              - Score: 0.0430
35. HasFavicon                     - Score: 0.0318
36. NoOfQMarkInURL                 - Score: 0.0219
37. HasExternalFormSubmit          - Score: 0.0176
38. HasHiddenFields                - Score: 0.0171
39. Bank                           - Score: 0.0141
40. Pay                            - Score: 0.0110
41. IsResponsive                   - Score: 0.0082
42. HasSubmitButton                - Score: 0.0071
43. NoOfEqualsInURL                - Score: 0.0059
44. IsDomainIP                     - Score: 0.0004
45. HasObfuscation                 - Score: 0.0003
46. NoOfAmpersandInURL             - Score: 0.0002
47. NoOfObfuscatedChar             - Score: 0.0001
48. ObfuscationRatio               - Score: 0.0000
49. HasSocialNet                   - Score: 0.0000
50. HasCopyrightInfo               - Score: 0.0000
================================================================================
  Automatically selected 1 Gaussians for URLSimilarityIndex (label phish)
  Automatically selected 3 Gaussians for URLSimilarityIndex (label legit)
  Automatically selected 4 Gaussians for NoOfOtherSpecialCharsInURL (label phish)
  Automatically selected 4 Gaussians for NoOfOtherSpecialCharsInURL (label legit)
  Automatically selected 2 Gaussians for URLLength (label phish)
  Automatically selected 4 Gaussians for URLLength (label legit)
  Automatically selected 4 Gaussians for NoOfSelfRef (label phish)
  Automatically selected 3 Gaussians for NoOfSelfRef (label legit)
  Automatically selected 2 Gaussians for NoOfLettersInURL (label phish)
  Automatically selected 4 Gaussians for NoOfLettersInURL (label legit)

Features Ranked by Differentiation Strength:
================================================================================
 1. URLSimilarityIndex             - Score: 1.0000
 2. NoOfCSS                        - Score: 0.6443
 3. SpacialCharRatioInURL          - Score: 0.5732
 4. HasTitle                       - Score: 0.5668
 5. NoOfSelfRef                    - Score: 0.5630
 6. NoOfOtherSpecialCharsInURL     - Score: 0.5290
 7. NoOfJS                         - Score: 0.5277
 8. LargestLineLength              - Score: 0.5022
 9. NoOfImage                      - Score: 0.4809
10. NoOfExternalRef                - Score: 0.4621
11. URLCharProb                    - Score: 0.4433
12. NoOfDegitsInURL                - Score: 0.3948
13. DegitRatioInURL                - Score: 0.3497
14. NoOfEmptyRef                   - Score: 0.3231
15. HasDescription                 - Score: 0.3033
16. IsResponsive                   - Score: 0.2972
17. HasCopyrightInfo               - Score: 0.2909
18. LineOfCode                     - Score: 0.2671
19. LetterRatioInURL               - Score: 0.2650
20. HasSubmitButton                - Score: 0.2497
21. Crypto                         - Score: 0.2413
22. URLLength                      - Score: 0.2389
23. Robots                         - Score: 0.2084
24. NoOfiFrame                     - Score: 0.1996
25. HasFavicon                     - Score: 0.1899
26. NoOfSubDomain                  - Score: 0.1806
27. CharContinuationRate           - Score: 0.1775
28. DomainLength                   - Score: 0.1773
29. NoOfLettersInURL               - Score: 0.1737
30. TLDLegitimateProb              - Score: 0.1512
31. DomainTitleMatchScore          - Score: 0.1457
32. HasHiddenFields                - Score: 0.0924
33. NoOfPopup                      - Score: 0.0894
34. TLDLength                      - Score: 0.0828
35. NoOfURLRedirect                - Score: 0.0684
36. URLTitleMatchScore             - Score: 0.0677
37. Bank                           - Score: 0.0575
38. IsHTTPS                        - Score: 0.0499
39. Pay                            - Score: 0.0439
40. HasPasswordField               - Score: 0.0122
41. HasExternalFormSubmit          - Score: 0.0043
42. NoOfEqualsInURL                - Score: 0.0040
43. NoOfQMarkInURL                 - Score: 0.0040
44. NoOfSelfRedirect               - Score: 0.0005
45. IsDomainIP                     - Score: 0.0000
46. HasObfuscation                 - Score: 0.0000
47. NoOfObfuscatedChar             - Score: 0.0000
48. ObfuscationRatio               - Score: 0.0000
49. NoOfAmpersandInURL             - Score: 0.0000
50. HasSocialNet                   - Score: 0.0000
================================================================================
  Automatically selected 1 Gaussians for URLSimilarityIndex (label phish)
  Automatically selected 4 Gaussians for URLSimilarityIndex (label legit)
  Automatically selected 4 Gaussians for NoOfCSS (label phish)
  Automatically selected 3 Gaussians for NoOfCSS (label legit)
  Automatically selected 4 Gaussians for SpacialCharRatioInURL (label phish)
  Automatically selected 1 Gaussians for SpacialCharRatioInURL (label legit)
  Automatically selected 2 Gaussians for HasTitle (label phish)
  Automatically selected 2 Gaussians for HasTitle (label legit)
  Automatically selected 4 Gaussians for NoOfSelfRef (label phish)
  Automatically selected 4 Gaussians for NoOfSelfRef (label legit)
  PhiUSIIL: probability done

Features Ranked by Differentiation Strength:
================================================================================
 1. URLSimilarityIndex             - Score: 1.0000
 2. HasSocialNet                   - Score: 0.7806
 3. NoOfCSS                        - Score: 0.6500
 4. HasCopyrightInfo               - Score: 0.5639
 5. NoOfOtherSpecialCharsInURL     - Score: 0.5318
 6. NoOfSelfRef                    - Score: 0.5302
 7. HasDescription                 - Score: 0.5225
 8. HasTitle                       - Score: 0.5014
 9. NoOfJS                         - Score: 0.4868
10. NoOfImage                      - Score: 0.4548
11. SpacialCharRatioInURL          - Score: 0.3713
12. NoOfiFrame                     - Score: 0.3675
13. HasSubmitButton                - Score: 0.3635
14. DegitRatioInURL                - Score: 0.3402
15. LineOfCode                     - Score: 0.3291
16. NoOfEmptyRef                   - Score: 0.3136
17. DomainTitleMatchScore          - Score: 0.3098
18. IsHTTPS                        - Score: 0.3034
19. HasHiddenFields                - Score: 0.3033
20. URLCharProb                    - Score: 0.3021
21. NoOfExternalRef                - Score: 0.2963
22. HasFavicon                     - Score: 0.2937
23. NoOfDegitsInURL                - Score: 0.2886
24. LetterRatioInURL               - Score: 0.2838
25. URLLength                      - Score: 0.2790
26. IsResponsive                   - Score: 0.2781
27. NoOfLettersInURL               - Score: 0.2775
28. Robots                         - Score: 0.2631
29. HasExternalFormSubmit          - Score: 0.2629
30. URLTitleMatchScore             - Score: 0.2554
31. LargestLineLength              - Score: 0.2540
32. DomainLength                   - Score: 0.2416
33. Pay                            - Score: 0.2369
34. NoOfPopup                      - Score: 0.2001
35. CharContinuationRate           - Score: 0.1999
36. NoOfSubDomain                  - Score: 0.1371
37. Bank                           - Score: 0.1324
38. Crypto                         - Score: 0.1317
39. HasPasswordField               - Score: 0.1010
40. NoOfSelfRedirect               - Score: 0.0766
41. TLDLength                      - Score: 0.0568
42. TLDLegitimateProb              - Score: 0.0314
43. NoOfURLRedirect                - Score: 0.0218
44. NoOfQMarkInURL                 - Score: 0.0015
45. NoOfEqualsInURL                - Score: 0.0005
46. IsDomainIP                     - Score: 0.0000
47. HasObfuscation                 - Score: 0.0000
48. NoOfAmpersandInURL             - Score: 0.0000
49. NoOfObfuscatedChar             - Score: 0.0000
50. ObfuscationRatio               - Score: 0.0000
================================================================================
  Automatically selected 4 Gaussians for URLSimilarityIndex (label legit)
  Automatically selected 1 Gaussians for URLSimilarityIndex (label phish)
  Automatically selected 2 Gaussians for HasSocialNet (label legit)
  Automatically selected 2 Gaussians for HasSocialNet (label phish)
  Automatically selected 4 Gaussians for NoOfCSS (label legit)
  Automatically selected 4 Gaussians for NoOfCSS (label phish)
  Automatically selected 2 Gaussians for HasCopyrightInfo (label legit)
  Automatically selected 2 Gaussians for HasCopyrightInfo (label phish)
  Automatically selected 4 Gaussians for NoOfOtherSpecialCharsInURL (label legit)
  Automatically selected 4 Gaussians for NoOfOtherSpecialCharsInURL (label phish)

Features Ranked by Differentiation Strength:
================================================================================
 1. URLSimilarityIndex             - Score: 1.0000
 2. HasSocialNet                   - Score: 0.7806
 3. NoOfCSS                        - Score: 0.6500
 4. HasCopyrightInfo               - Score: 0.5639
 5. NoOfOtherSpecialCharsInURL     - Score: 0.5318
 6. NoOfSelfRef                    - Score: 0.5302
 7. HasDescription                 - Score: 0.5225
 8. HasTitle                       - Score: 0.5014
 9. NoOfJS                         - Score: 0.4868
10. NoOfImage                      - Score: 0.4548
11. SpacialCharRatioInURL          - Score: 0.3713
12. NoOfiFrame                     - Score: 0.3675
13. HasSubmitButton                - Score: 0.3635
14. DegitRatioInURL                - Score: 0.3402
15. LineOfCode                     - Score: 0.3291
16. NoOfEmptyRef                   - Score: 0.3136
17. DomainTitleMatchScore          - Score: 0.3098
18. IsHTTPS                        - Score: 0.3034
19. HasHiddenFields                - Score: 0.3033
20. URLCharProb                    - Score: 0.3021
21. NoOfExternalRef                - Score: 0.2963
22. HasFavicon                     - Score: 0.2937
23. NoOfDegitsInURL                - Score: 0.2886
24. LetterRatioInURL               - Score: 0.2838
25. URLLength                      - Score: 0.2790
26. IsResponsive                   - Score: 0.2781
27. NoOfLettersInURL               - Score: 0.2775
28. Robots                         - Score: 0.2631
29. HasExternalFormSubmit          - Score: 0.2629
30. URLTitleMatchScore             - Score: 0.2554
31. LargestLineLength              - Score: 0.2540
32. DomainLength                   - Score: 0.2416
33. Pay                            - Score: 0.2369
34. NoOfPopup                      - Score: 0.2001
35. CharContinuationRate           - Score: 0.1999
36. NoOfSubDomain                  - Score: 0.1371
37. Bank                           - Score: 0.1324
38. Crypto                         - Score: 0.1317
39. HasPasswordField               - Score: 0.1010
40. NoOfSelfRedirect               - Score: 0.0766
41. TLDLength                      - Score: 0.0568
42. TLDLegitimateProb              - Score: 0.0314
43. NoOfURLRedirect                - Score: 0.0218
44. NoOfQMarkInURL                 - Score: 0.0015
45. NoOfEqualsInURL                - Score: 0.0005
46. IsDomainIP                     - Score: 0.0000
47. HasObfuscation                 - Score: 0.0000
48. NoOfAmpersandInURL             - Score: 0.0000
49. NoOfObfuscatedChar             - Score: 0.0000
50. ObfuscationRatio               - Score: 0.0000
================================================================================

Features Ranked by Differentiation Strength:
================================================================================
 1. URLSimilarityIndex             - Score: 1.0000
 2. HasSocialNet                   - Score: 0.7806
 3. NoOfCSS                        - Score: 0.6500
 4. HasCopyrightInfo               - Score: 0.5639
 5. NoOfOtherSpecialCharsInURL     - Score: 0.5318
 6. NoOfSelfRef                    - Score: 0.5302
 7. HasDescription                 - Score: 0.5225
 8. HasTitle                       - Score: 0.5014
 9. NoOfJS                         - Score: 0.4868
10. NoOfImage                      - Score: 0.4548
11. SpacialCharRatioInURL          - Score: 0.3713
12. NoOfiFrame                     - Score: 0.3675
13. HasSubmitButton                - Score: 0.3635
14. DegitRatioInURL                - Score: 0.3402
15. LineOfCode                     - Score: 0.3291
16. NoOfEmptyRef                   - Score: 0.3136
17. DomainTitleMatchScore          - Score: 0.3098
18. IsHTTPS                        - Score: 0.3034
19. HasHiddenFields                - Score: 0.3033
20. URLCharProb                    - Score: 0.3021
21. NoOfExternalRef                - Score: 0.2963
22. HasFavicon                     - Score: 0.2937
23. NoOfDegitsInURL                - Score: 0.2886
24. LetterRatioInURL               - Score: 0.2838
25. URLLength                      - Score: 0.2790
26. IsResponsive                   - Score: 0.2781
27. NoOfLettersInURL               - Score: 0.2775
28. Robots                         - Score: 0.2631
29. HasExternalFormSubmit          - Score: 0.2629
30. URLTitleMatchScore             - Score: 0.2554
31. LargestLineLength              - Score: 0.2540
32. DomainLength                   - Score: 0.2416
33. Pay                            - Score: 0.2369
34. NoOfPopup                      - Score: 0.2001
35. CharContinuationRate           - Score: 0.1999
36. NoOfSubDomain                  - Score: 0.1371
37. Bank                           - Score: 0.1324
38. Crypto                         - Score: 0.1317
39. HasPasswordField               - Score: 0.1010
40. NoOfSelfRedirect               - Score: 0.0766
41. TLDLength                      - Score: 0.0568
42. TLDLegitimateProb              - Score: 0.0314
43. NoOfURLRedirect                - Score: 0.0218
44. NoOfQMarkInURL                 - Score: 0.0015
45. NoOfEqualsInURL                - Score: 0.0005
46. IsDomainIP                     - Score: 0.0000
47. HasObfuscation                 - Score: 0.0000
48. NoOfAmpersandInURL             - Score: 0.0000
49. NoOfObfuscatedChar             - Score: 0.0000
50. ObfuscationRatio               - Score: 0.0000
================================================================================

Features Ranked by Differentiation Strength:
================================================================================
 1. URLSimilarityIndex             - Score: 1.0000
 2. LineOfCode                     - Score: 0.7673
 3. NoOfCSS                        - Score: 0.6967
 4. NoOfJS                         - Score: 0.6313
 5. NoOfSelfRef                    - Score: 0.6036
 6. NoOfOtherSpecialCharsInURL     - Score: 0.5237
 7. HasDescription                 - Score: 0.4683
 8. HasTitle                       - Score: 0.4681
 9. NoOfImage                      - Score: 0.4537
10. DegitRatioInURL                - Score: 0.3561
11. SpacialCharRatioInURL          - Score: 0.3559
12. NoOfExternalRef                - Score: 0.3378
13. NoOfiFrame                     - Score: 0.3306
14. HasSubmitButton                - Score: 0.3270
15. DomainTitleMatchScore          - Score: 0.3195
16. IsHTTPS                        - Score: 0.3162
17. LetterRatioInURL               - Score: 0.3132
18. NoOfEmptyRef                   - Score: 0.3070
19. URLCharProb                    - Score: 0.2865
20. NoOfDegitsInURL                - Score: 0.2828
21. HasHiddenFields                - Score: 0.2791
22. HasFavicon                     - Score: 0.2772
23. URLLength                      - Score: 0.2754
24. NoOfLettersInURL               - Score: 0.2751
25. NoOfSelfRedirect               - Score: 0.2726
26. URLTitleMatchScore             - Score: 0.2690
27. DomainLength                   - Score: 0.2676
28. NoOfPopup                      - Score: 0.2616
29. LargestLineLength              - Score: 0.2416
30. IsResponsive                   - Score: 0.2322
31. Pay                            - Score: 0.2035
32. Robots                         - Score: 0.1984
33. HasExternalFormSubmit          - Score: 0.1888
34. Crypto                         - Score: 0.1883
35. CharContinuationRate           - Score: 0.1861
36. NoOfSubDomain                  - Score: 0.1599
37. NoOfURLRedirect                - Score: 0.1015
38. Bank                           - Score: 0.0901
39. HasPasswordField               - Score: 0.0793
40. TLDLength                      - Score: 0.0325
41. TLDLegitimateProb              - Score: 0.0147
42. NoOfQMarkInURL                 - Score: 0.0010
43. NoOfEqualsInURL                - Score: 0.0004
44. IsDomainIP                     - Score: 0.0000
45. HasObfuscation                 - Score: 0.0000
46. NoOfAmpersandInURL             - Score: 0.0000
47. NoOfObfuscatedChar             - Score: 0.0000
48. ObfuscationRatio               - Score: 0.0000
49. HasSocialNet                   - Score: 0.0000
50. HasCopyrightInfo               - Score: 0.0000
================================================================================
  Automatically selected 4 Gaussians for URLSimilarityIndex (label legit)
  Automatically selected 1 Gaussians for URLSimilarityIndex (label phish)
  Automatically selected 4 Gaussians for LineOfCode (label legit)
  Automatically selected 3 Gaussians for LineOfCode (label phish)
  Automatically selected 4 Gaussians for NoOfCSS (label legit)
  Automatically selected 3 Gaussians for NoOfCSS (label phish)
  Automatically selected 4 Gaussians for NoOfJS (label legit)
  Automatically selected 4 Gaussians for NoOfJS (label phish)
  Automatically selected 4 Gaussians for NoOfSelfRef (label legit)
  Automatically selected 4 Gaussians for NoOfSelfRef (label phish)

Features Ranked by Differentiation Strength:
================================================================================
 1. URLSimilarityIndex             - Score: 1.0000
 2. NoOfOtherSpecialCharsInURL     - Score: 0.6673
 3. URLLength                      - Score: 0.6104
 4. NoOfLettersInURL               - Score: 0.5965
 5. NoOfSelfRef                    - Score: 0.5853
 6. NoOfImage                      - Score: 0.5085
 7. SpacialCharRatioInURL          - Score: 0.5053
 8. LetterRatioInURL               - Score: 0.4642
 9. NoOfDegitsInURL                - Score: 0.4617
10. NoOfCSS                        - Score: 0.4182
11. URLCharProb                    - Score: 0.4139
12. NoOfJS                         - Score: 0.4026
13. LargestLineLength              - Score: 0.3925
14. DegitRatioInURL                - Score: 0.3797
15. DomainTitleMatchScore          - Score: 0.3390
16. DomainLength                   - Score: 0.3381
17. LineOfCode                     - Score: 0.3146
18. NoOfExternalRef                - Score: 0.2991
19. NoOfiFrame                     - Score: 0.2874
20. HasTitle                       - Score: 0.2380
21. CharContinuationRate           - Score: 0.2322
22. URLTitleMatchScore             - Score: 0.2258
23. NoOfSubDomain                  - Score: 0.2194
24. HasDescription                 - Score: 0.1887
25. IsHTTPS                        - Score: 0.1683
26. Robots                         - Score: 0.1561
27. NoOfPopup                      - Score: 0.1388
28. NoOfEmptyRef                   - Score: 0.1122
29. NoOfURLRedirect                - Score: 0.1109
30. HasPasswordField               - Score: 0.1061
31. NoOfSelfRedirect               - Score: 0.0901
32. TLDLength                      - Score: 0.0799
33. Crypto                         - Score: 0.0544
34. HasExternalFormSubmit          - Score: 0.0365
35. TLDLegitimateProb              - Score: 0.0348
36. HasFavicon                     - Score: 0.0285
37. NoOfQMarkInURL                 - Score: 0.0234
38. HasHiddenFields                - Score: 0.0179
39. IsResponsive                   - Score: 0.0137
40. Pay                            - Score: 0.0099
41. Bank                           - Score: 0.0065
42. NoOfEqualsInURL                - Score: 0.0064
43. HasSubmitButton                - Score: 0.0028
44. HasObfuscation                 - Score: 0.0004
45. IsDomainIP                     - Score: 0.0003
46. NoOfAmpersandInURL             - Score: 0.0003
47. NoOfObfuscatedChar             - Score: 0.0002
48. ObfuscationRatio               - Score: 0.0000
49. HasSocialNet                   - Score: 0.0000
50. HasCopyrightInfo               - Score: 0.0000
================================================================================
  Automatically selected 1 Gaussians for URLSimilarityIndex (label phish)
  Automatically selected 3 Gaussians for URLSimilarityIndex (label legit)
  Automatically selected 4 Gaussians for NoOfOtherSpecialCharsInURL (label phish)
  Automatically selected 3 Gaussians for NoOfOtherSpecialCharsInURL (label legit)
  Automatically selected 2 Gaussians for URLLength (label phish)
  Automatically selected 4 Gaussians for URLLength (label legit)
  Automatically selected 2 Gaussians for NoOfLettersInURL (label phish)
  Automatically selected 4 Gaussians for NoOfLettersInURL (label legit)
  Automatically selected 4 Gaussians for NoOfSelfRef (label phish)
  Automatically selected 4 Gaussians for NoOfSelfRef (label legit)

Features Ranked by Differentiation Strength:
================================================================================
 1. URLSimilarityIndex             - Score: 1.0000
 2. NoOfOtherSpecialCharsInURL     - Score: 0.5682
 3. NoOfSelfRef                    - Score: 0.5598
 4. SpacialCharRatioInURL          - Score: 0.5341
 5. NoOfCSS                        - Score: 0.5280
 6. NoOfJS                         - Score: 0.5185
 7. NoOfDegitsInURL                - Score: 0.5171
 8. HasTitle                       - Score: 0.5100
 9. NoOfImage                      - Score: 0.4785
10. LargestLineLength              - Score: 0.4636
11. DegitRatioInURL                - Score: 0.4621
12. NoOfExternalRef                - Score: 0.4590
13. URLCharProb                    - Score: 0.4554
14. HasCopyrightInfo               - Score: 0.4182
15. NoOfEmptyRef                   - Score: 0.3366
16. LineOfCode                     - Score: 0.3235
17. URLLength                      - Score: 0.3139
18. NoOfLettersInURL               - Score: 0.3032
19. LetterRatioInURL               - Score: 0.2700
20. HasDescription                 - Score: 0.2604
21. DomainTitleMatchScore          - Score: 0.2554
22. IsResponsive                   - Score: 0.2488
23. HasFavicon                     - Score: 0.2285
24. HasSubmitButton                - Score: 0.2142
25. DomainLength                   - Score: 0.2136
26. Robots                         - Score: 0.2083
27. HasHiddenFields                - Score: 0.1792
28. CharContinuationRate           - Score: 0.1782
29. NoOfiFrame                     - Score: 0.1621
30. TLDLength                      - Score: 0.1613
31. NoOfSubDomain                  - Score: 0.1379
32. Crypto                         - Score: 0.1353
33. NoOfPopup                      - Score: 0.1218
34. TLDLegitimateProb              - Score: 0.0974
35. URLTitleMatchScore             - Score: 0.0813
36. Pay                            - Score: 0.0741
37. NoOfURLRedirect                - Score: 0.0734
38. IsHTTPS                        - Score: 0.0583
39. Bank                           - Score: 0.0278
40. HasExternalFormSubmit          - Score: 0.0212
41. HasPasswordField               - Score: 0.0133
42. IsDomainIP                     - Score: 0.0024
43. NoOfEqualsInURL                - Score: 0.0024
44. NoOfQMarkInURL                 - Score: 0.0024
45. NoOfSelfRedirect               - Score: 0.0005
46. HasObfuscation                 - Score: 0.0000
47. NoOfObfuscatedChar             - Score: 0.0000
48. ObfuscationRatio               - Score: 0.0000
49. NoOfAmpersandInURL             - Score: 0.0000
50. HasSocialNet                   - Score: 0.0000
================================================================================
  Automatically selected 1 Gaussians for URLSimilarityIndex (label phish)
  Automatically selected 3 Gaussians for URLSimilarityIndex (label legit)
  Automatically selected 4 Gaussians for NoOfOtherSpecialCharsInURL (label phish)
  Automatically selected 4 Gaussians for NoOfOtherSpecialCharsInURL (label legit)
  Automatically selected 4 Gaussians for NoOfSelfRef (label phish)
  Automatically selected 4 Gaussians for NoOfSelfRef (label legit)
  Automatically selected 4 Gaussians for SpacialCharRatioInURL (label phish)
  Automatically selected 1 Gaussians for SpacialCharRatioInURL (label legit)
  Automatically selected 4 Gaussians for NoOfCSS (label phish)
  Automatically selected 4 Gaussians for NoOfCSS (label legit)

Features Ranked by Differentiation Strength:
================================================================================
 1. URLSimilarityIndex             - Score: 1.0000
 2. HasSocialNet                   - Score: 0.7935
 3. HasCopyrightInfo               - Score: 0.5801
 4. NoOfOtherSpecialCharsInURL     - Score: 0.5425
 5. NoOfSelfRef                    - Score: 0.5398
 6. HasDescription                 - Score: 0.5389
 7. NoOfCSS                        - Score: 0.5256
 8. HasTitle                       - Score: 0.4963
 9. NoOfJS                         - Score: 0.4954
10. NoOfImage                      - Score: 0.4649
11. SpacialCharRatioInURL          - Score: 0.3852
12. HasSubmitButton                - Score: 0.3831
13. NoOfiFrame                     - Score: 0.3705
14. DegitRatioInURL                - Score: 0.3437
15. NoOfEmptyRef                   - Score: 0.3142
16. DomainTitleMatchScore          - Score: 0.3119
17. HasHiddenFields                - Score: 0.3076
18. URLCharProb                    - Score: 0.3032
19. NoOfExternalRef                - Score: 0.3021
20. IsHTTPS                        - Score: 0.2992
21. HasFavicon                     - Score: 0.2933
22. NoOfDegitsInURL                - Score: 0.2906
23. URLLength                      - Score: 0.2817
24. NoOfLettersInURL               - Score: 0.2812
25. IsResponsive                   - Score: 0.2723
26. LetterRatioInURL               - Score: 0.2703
27. LineOfCode                     - Score: 0.2683
28. Robots                         - Score: 0.2653
29. HasExternalFormSubmit          - Score: 0.2641
30. URLTitleMatchScore             - Score: 0.2586
31. LargestLineLength              - Score: 0.2487
32. DomainLength                   - Score: 0.2473
33. Pay                            - Score: 0.2391
34. NoOfPopup                      - Score: 0.2112
35. CharContinuationRate           - Score: 0.2029
36. NoOfSubDomain                  - Score: 0.1418
37. Bank                           - Score: 0.1348
38. Crypto                         - Score: 0.1332
39. HasPasswordField               - Score: 0.1058
40. NoOfSelfRedirect               - Score: 0.0756
41. TLDLength                      - Score: 0.0558
42. TLDLegitimateProb              - Score: 0.0348
43. NoOfURLRedirect                - Score: 0.0250
44. NoOfQMarkInURL                 - Score: 0.0014
45. NoOfEqualsInURL                - Score: 0.0005
46. IsDomainIP                     - Score: 0.0000
47. HasObfuscation                 - Score: 0.0000
48. NoOfAmpersandInURL             - Score: 0.0000
49. NoOfObfuscatedChar             - Score: 0.0000
50. ObfuscationRatio               - Score: 0.0000
================================================================================
  Automatically selected 1 Gaussians for URLSimilarityIndex (label phish)
  Automatically selected 4 Gaussians for URLSimilarityIndex (label legit)
  Automatically selected 2 Gaussians for HasSocialNet (label phish)
  Automatically selected 2 Gaussians for HasSocialNet (label legit)
  Automatically selected 2 Gaussians for HasCopyrightInfo (label phish)
  Automatically selected 2 Gaussians for HasCopyrightInfo (label legit)
  Automatically selected 4 Gaussians for NoOfOtherSpecialCharsInURL (label phish)
  Automatically selected 4 Gaussians for NoOfOtherSpecialCharsInURL (label legit)
  Automatically selected 4 Gaussians for NoOfSelfRef (label phish)
  Automatically selected 4 Gaussians for NoOfSelfRef (label legit)

Features Ranked by Differentiation Strength:
================================================================================
 1. URLSimilarityIndex             - Score: 1.0000
 2. HasSocialNet                   - Score: 0.7935
 3. HasCopyrightInfo               - Score: 0.5801
 4. NoOfOtherSpecialCharsInURL     - Score: 0.5425
 5. NoOfSelfRef                    - Score: 0.5398
 6. HasDescription                 - Score: 0.5389
 7. NoOfCSS                        - Score: 0.5256
 8. HasTitle                       - Score: 0.4963
 9. NoOfJS                         - Score: 0.4954
10. NoOfImage                      - Score: 0.4649
11. SpacialCharRatioInURL          - Score: 0.3852
12. HasSubmitButton                - Score: 0.3831
13. NoOfiFrame                     - Score: 0.3705
14. DegitRatioInURL                - Score: 0.3437
15. NoOfEmptyRef                   - Score: 0.3142
16. DomainTitleMatchScore          - Score: 0.3119
17. HasHiddenFields                - Score: 0.3076
18. URLCharProb                    - Score: 0.3032
19. NoOfExternalRef                - Score: 0.3021
20. IsHTTPS                        - Score: 0.2992
21. HasFavicon                     - Score: 0.2933
22. NoOfDegitsInURL                - Score: 0.2906
23. URLLength                      - Score: 0.2817
24. NoOfLettersInURL               - Score: 0.2812
25. IsResponsive                   - Score: 0.2723
26. LetterRatioInURL               - Score: 0.2703
27. LineOfCode                     - Score: 0.2683
28. Robots                         - Score: 0.2653
29. HasExternalFormSubmit          - Score: 0.2641
30. URLTitleMatchScore             - Score: 0.2586
31. LargestLineLength              - Score: 0.2487
32. DomainLength                   - Score: 0.2473
33. Pay                            - Score: 0.2391
34. NoOfPopup                      - Score: 0.2112
35. CharContinuationRate           - Score: 0.2029
36. NoOfSubDomain                  - Score: 0.1418
37. Bank                           - Score: 0.1348
38. Crypto                         - Score: 0.1332
39. HasPasswordField               - Score: 0.1058
40. NoOfSelfRedirect               - Score: 0.0756
41. TLDLength                      - Score: 0.0558
42. TLDLegitimateProb              - Score: 0.0348
43. NoOfURLRedirect                - Score: 0.0250
44. NoOfQMarkInURL                 - Score: 0.0014
45. NoOfEqualsInURL                - Score: 0.0005
46. IsDomainIP                     - Score: 0.0000
47. HasObfuscation                 - Score: 0.0000
48. NoOfAmpersandInURL             - Score: 0.0000
49. NoOfObfuscatedChar             - Score: 0.0000
50. ObfuscationRatio               - Score: 0.0000
================================================================================

Features Ranked by Differentiation Strength:
================================================================================
 1. URLSimilarityIndex             - Score: 1.0000
 2. HasSocialNet                   - Score: 0.7935
 3. HasCopyrightInfo               - Score: 0.5801
 4. NoOfOtherSpecialCharsInURL     - Score: 0.5425
 5. NoOfSelfRef                    - Score: 0.5398
 6. HasDescription                 - Score: 0.5389
 7. NoOfCSS                        - Score: 0.5256
 8. HasTitle                       - Score: 0.4963
 9. NoOfJS                         - Score: 0.4954
10. NoOfImage                      - Score: 0.4649
11. SpacialCharRatioInURL          - Score: 0.3852
12. HasSubmitButton                - Score: 0.3831
13. NoOfiFrame                     - Score: 0.3705
14. DegitRatioInURL                - Score: 0.3437
15. NoOfEmptyRef                   - Score: 0.3142
16. DomainTitleMatchScore          - Score: 0.3119
17. HasHiddenFields                - Score: 0.3076
18. URLCharProb                    - Score: 0.3032
19. NoOfExternalRef                - Score: 0.3021
20. IsHTTPS                        - Score: 0.2992
21. HasFavicon                     - Score: 0.2933
22. NoOfDegitsInURL                - Score: 0.2906
23. URLLength                      - Score: 0.2817
24. NoOfLettersInURL               - Score: 0.2812
25. IsResponsive                   - Score: 0.2723
26. LetterRatioInURL               - Score: 0.2703
27. LineOfCode                     - Score: 0.2683
28. Robots                         - Score: 0.2653
29. HasExternalFormSubmit          - Score: 0.2641
30. URLTitleMatchScore             - Score: 0.2586
31. LargestLineLength              - Score: 0.2487
32. DomainLength                   - Score: 0.2473
33. Pay                            - Score: 0.2391
34. NoOfPopup                      - Score: 0.2112
35. CharContinuationRate           - Score: 0.2029
36. NoOfSubDomain                  - Score: 0.1418
37. Bank                           - Score: 0.1348
38. Crypto                         - Score: 0.1332
39. HasPasswordField               - Score: 0.1058
40. NoOfSelfRedirect               - Score: 0.0756
41. TLDLength                      - Score: 0.0558
42. TLDLegitimateProb              - Score: 0.0348
43. NoOfURLRedirect                - Score: 0.0250
44. NoOfQMarkInURL                 - Score: 0.0014
45. NoOfEqualsInURL                - Score: 0.0005
46. IsDomainIP                     - Score: 0.0000
47. HasObfuscation                 - Score: 0.0000
48. NoOfAmpersandInURL             - Score: 0.0000
49. NoOfObfuscatedChar             - Score: 0.0000
50. ObfuscationRatio               - Score: 0.0000
================================================================================

Features Ranked by Differentiation Strength:
================================================================================
 1. URLSimilarityIndex             - Score: 1.0000
 2. LineOfCode                     - Score: 0.7885
 3. NoOfCSS                        - Score: 0.7101
 4. NoOfJS                         - Score: 0.6309
 5. NoOfSelfRef                    - Score: 0.6170
 6. NoOfOtherSpecialCharsInURL     - Score: 0.5309
 7. NoOfImage                      - Score: 0.4811
 8. HasTitle                       - Score: 0.4726
 9. HasDescription                 - Score: 0.4684
10. DegitRatioInURL                - Score: 0.3650
11. SpacialCharRatioInURL          - Score: 0.3648
12. NoOfiFrame                     - Score: 0.3525
13. NoOfExternalRef                - Score: 0.3456
14. HasSubmitButton                - Score: 0.3417
15. DomainTitleMatchScore          - Score: 0.3201
16. IsHTTPS                        - Score: 0.3116
17. LetterRatioInURL               - Score: 0.3047
18. NoOfEmptyRef                   - Score: 0.2981
19. URLCharProb                    - Score: 0.2907
20. NoOfDegitsInURL                - Score: 0.2867
21. HasFavicon                     - Score: 0.2852
22. DomainLength                   - Score: 0.2817
23. NoOfLettersInURL               - Score: 0.2798
24. URLLength                      - Score: 0.2794
25. HasHiddenFields                - Score: 0.2792
26. URLTitleMatchScore             - Score: 0.2704
27. NoOfPopup                      - Score: 0.2511
28. LargestLineLength              - Score: 0.2358
29. NoOfSelfRedirect               - Score: 0.2328
30. IsResponsive                   - Score: 0.2233
31. Pay                            - Score: 0.2078
32. Robots                         - Score: 0.2050
33. Crypto                         - Score: 0.2003
34. HasExternalFormSubmit          - Score: 0.1948
35. CharContinuationRate           - Score: 0.1855
36. NoOfSubDomain                  - Score: 0.1603
37. Bank                           - Score: 0.1003
38. NoOfURLRedirect                - Score: 0.0957
39. HasPasswordField               - Score: 0.0802
40. TLDLength                      - Score: 0.0298
41. TLDLegitimateProb              - Score: 0.0152
42. NoOfQMarkInURL                 - Score: 0.0010
43. NoOfEqualsInURL                - Score: 0.0004
44. IsDomainIP                     - Score: 0.0000
45. HasObfuscation                 - Score: 0.0000
46. NoOfAmpersandInURL             - Score: 0.0000
47. NoOfObfuscatedChar             - Score: 0.0000
48. ObfuscationRatio               - Score: 0.0000
49. HasSocialNet                   - Score: 0.0000
50. HasCopyrightInfo               - Score: 0.0000
================================================================================
  Automatically selected 4 Gaussians for URLSimilarityIndex (label legit)
  Automatically selected 1 Gaussians for URLSimilarityIndex (label phish)
  Automatically selected 4 Gaussians for LineOfCode (label legit)
  Automatically selected 3 Gaussians for LineOfCode (label phish)
  Automatically selected 4 Gaussians for NoOfCSS (label legit)
  Automatically selected 3 Gaussians for NoOfCSS (label phish)
  Automatically selected 4 Gaussians for NoOfJS (label legit)
  Automatically selected 4 Gaussians for NoOfJS (label phish)
  Automatically selected 4 Gaussians for NoOfSelfRef (label legit)
  Automatically selected 4 Gaussians for NoOfSelfRef (label phish)

Features Ranked by Differentiation Strength:
================================================================================
 1. URLSimilarityIndex             - Score: 1.0000
 2. NoOfOtherSpecialCharsInURL     - Score: 0.6533
 3. URLLength                      - Score: 0.6016
 4. NoOfLettersInURL               - Score: 0.5791
 5. NoOfSelfRef                    - Score: 0.5702
 6. SpacialCharRatioInURL          - Score: 0.5067
 7. NoOfImage                      - Score: 0.4993
 8. LetterRatioInURL               - Score: 0.4679
 9. NoOfDegitsInURL                - Score: 0.4514
10. NoOfJS                         - Score: 0.4140
11. URLCharProb                    - Score: 0.3872
12. LargestLineLength              - Score: 0.3862
13. NoOfCSS                        - Score: 0.3745
14. DegitRatioInURL                - Score: 0.3657
15. DomainLength                   - Score: 0.3303
16. DomainTitleMatchScore          - Score: 0.3237
17. LineOfCode                     - Score: 0.3049
18. NoOfExternalRef                - Score: 0.2911
19. NoOfiFrame                     - Score: 0.2797
20. CharContinuationRate           - Score: 0.2281
21. NoOfSubDomain                  - Score: 0.2154
22. URLTitleMatchScore             - Score: 0.2127
23. HasDescription                 - Score: 0.1875
24. NoOfEmptyRef                   - Score: 0.1731
25. IsHTTPS                        - Score: 0.1706
26. NoOfPopup                      - Score: 0.1587
27. Robots                         - Score: 0.1486
28. HasTitle                       - Score: 0.1389
29. NoOfURLRedirect                - Score: 0.1068
30. NoOfSelfRedirect               - Score: 0.1064
31. HasPasswordField               - Score: 0.0962
32. TLDLength                      - Score: 0.0882
33. Crypto                         - Score: 0.0565
34. TLDLegitimateProb              - Score: 0.0424
35. IsResponsive                   - Score: 0.0260
36. NoOfQMarkInURL                 - Score: 0.0226
37. HasFavicon                     - Score: 0.0220
38. HasExternalFormSubmit          - Score: 0.0177
39. HasHiddenFields                - Score: 0.0157
40. Pay                            - Score: 0.0155
41. HasSubmitButton                - Score: 0.0070
42. NoOfEqualsInURL                - Score: 0.0051
43. Bank                           - Score: 0.0018
44. IsDomainIP                     - Score: 0.0003
45. HasObfuscation                 - Score: 0.0003
46. NoOfAmpersandInURL             - Score: 0.0003
47. NoOfObfuscatedChar             - Score: 0.0002
48. ObfuscationRatio               - Score: 0.0000
49. HasSocialNet                   - Score: 0.0000
50. HasCopyrightInfo               - Score: 0.0000
================================================================================
  Automatically selected 1 Gaussians for URLSimilarityIndex (label phish)
  Automatically selected 3 Gaussians for URLSimilarityIndex (label legit)
  Automatically selected 4 Gaussians for NoOfOtherSpecialCharsInURL (label phish)
  Automatically selected 3 Gaussians for NoOfOtherSpecialCharsInURL (label legit)
  Automatically selected 2 Gaussians for URLLength (label phish)
  Automatically selected 4 Gaussians for URLLength (label legit)
  Automatically selected 2 Gaussians for NoOfLettersInURL (label phish)
  Automatically selected 4 Gaussians for NoOfLettersInURL (label legit)
  Automatically selected 4 Gaussians for NoOfSelfRef (label phish)
  Automatically selected 3 Gaussians for NoOfSelfRef (label legit)

Features Ranked by Differentiation Strength:
================================================================================
 1. URLSimilarityIndex             - Score: 1.0000
 2. HasTitle                       - Score: 0.5718
 3. NoOfSelfRef                    - Score: 0.5641
 4. SpacialCharRatioInURL          - Score: 0.5521
 5. NoOfOtherSpecialCharsInURL     - Score: 0.5433
 6. NoOfJS                         - Score: 0.5236
 7. NoOfImage                      - Score: 0.4845
 8. NoOfExternalRef                - Score: 0.4644
 9. NoOfDegitsInURL                - Score: 0.4629
10. URLCharProb                    - Score: 0.4570
11. LargestLineLength              - Score: 0.4526
12. DegitRatioInURL                - Score: 0.4351
13. NoOfCSS                        - Score: 0.4187
14. IsResponsive                   - Score: 0.3838
15. NoOfiFrame                     - Score: 0.3586
16. HasFavicon                     - Score: 0.3470
17. NoOfEmptyRef                   - Score: 0.3192
18. URLLength                      - Score: 0.2952
19. HasSubmitButton                - Score: 0.2847
20. LineOfCode                     - Score: 0.2701
21. HasCopyrightInfo               - Score: 0.2631
22. NoOfLettersInURL               - Score: 0.2594
23. HasDescription                 - Score: 0.2522
24. LetterRatioInURL               - Score: 0.2327
25. DomainLength                   - Score: 0.2259
26. NoOfPopup                      - Score: 0.2214
27. CharContinuationRate           - Score: 0.2176
28. Crypto                         - Score: 0.2114
29. Robots                         - Score: 0.2067
30. HasHiddenFields                - Score: 0.1677
31. DomainTitleMatchScore          - Score: 0.1331
32. NoOfSubDomain                  - Score: 0.1231
33. NoOfURLRedirect                - Score: 0.1227
34. URLTitleMatchScore             - Score: 0.0962
35. TLDLength                      - Score: 0.0935
36. TLDLegitimateProb              - Score: 0.0875
37. IsHTTPS                        - Score: 0.0697
38. Pay                            - Score: 0.0656
39. HasExternalFormSubmit          - Score: 0.0177
40. HasPasswordField               - Score: 0.0126
41. Bank                           - Score: 0.0094
42. IsDomainIP                     - Score: 0.0029
43. NoOfEqualsInURL                - Score: 0.0029
44. NoOfQMarkInURL                 - Score: 0.0029
45. NoOfSelfRedirect               - Score: 0.0005
46. HasObfuscation                 - Score: 0.0000
47. NoOfObfuscatedChar             - Score: 0.0000
48. ObfuscationRatio               - Score: 0.0000
49. NoOfAmpersandInURL             - Score: 0.0000
50. HasSocialNet                   - Score: 0.0000
================================================================================
  Automatically selected 1 Gaussians for URLSimilarityIndex (label phish)
  Automatically selected 4 Gaussians for URLSimilarityIndex (label legit)
  Automatically selected 2 Gaussians for HasTitle (label phish)
  Automatically selected 2 Gaussians for HasTitle (label legit)
  Automatically selected 4 Gaussians for NoOfSelfRef (label phish)
  Automatically selected 4 Gaussians for NoOfSelfRef (label legit)
  Automatically selected 4 Gaussians for SpacialCharRatioInURL (label phish)
  Automatically selected 1 Gaussians for SpacialCharRatioInURL (label legit)
  Automatically selected 4 Gaussians for NoOfOtherSpecialCharsInURL (label phish)
  Automatically selected 4 Gaussians for NoOfOtherSpecialCharsInURL (label legit)

Features Ranked by Differentiation Strength:
================================================================================
 1. URLSimilarityIndex             - Score: 1.0000
 2. HasSocialNet                   - Score: 0.7813
 3. HasCopyrightInfo               - Score: 0.5715
 4. HasDescription                 - Score: 0.5347
 5. NoOfOtherSpecialCharsInURL     - Score: 0.5336
 6. NoOfSelfRef                    - Score: 0.5317
 7. NoOfCSS                        - Score: 0.5210
 8. HasTitle                       - Score: 0.5096
 9. NoOfJS                         - Score: 0.4908
10. NoOfImage                      - Score: 0.4607
11. SpacialCharRatioInURL          - Score: 0.3778
12. HasSubmitButton                - Score: 0.3638
13. NoOfiFrame                     - Score: 0.3624
14. DegitRatioInURL                - Score: 0.3377
15. LineOfCode                     - Score: 0.3292
16. DomainTitleMatchScore          - Score: 0.3144
17. URLCharProb                    - Score: 0.3103
18. HasHiddenFields                - Score: 0.3060
19. NoOfEmptyRef                   - Score: 0.3039
20. IsHTTPS                        - Score: 0.3032
21. NoOfExternalRef                - Score: 0.2973
22. HasFavicon                     - Score: 0.2867
23. NoOfDegitsInURL                - Score: 0.2858
24. URLLength                      - Score: 0.2792
25. NoOfLettersInURL               - Score: 0.2788
26. LargestLineLength              - Score: 0.2722
27. IsResponsive                   - Score: 0.2720
28. Robots                         - Score: 0.2672
29. LetterRatioInURL               - Score: 0.2653
30. URLTitleMatchScore             - Score: 0.2585
31. HasExternalFormSubmit          - Score: 0.2496
32. DomainLength                   - Score: 0.2425
33. Pay                            - Score: 0.2378
34. CharContinuationRate           - Score: 0.2022
35. NoOfPopup                      - Score: 0.2014
36. NoOfSubDomain                  - Score: 0.1421
37. Bank                           - Score: 0.1334
38. Crypto                         - Score: 0.1322
39. HasPasswordField               - Score: 0.0977
40. NoOfSelfRedirect               - Score: 0.0739
41. TLDLength                      - Score: 0.0585
42. TLDLegitimateProb              - Score: 0.0336
43. NoOfURLRedirect                - Score: 0.0230
44. NoOfQMarkInURL                 - Score: 0.0015
45. NoOfEqualsInURL                - Score: 0.0005
46. IsDomainIP                     - Score: 0.0000
47. HasObfuscation                 - Score: 0.0000
48. NoOfAmpersandInURL             - Score: 0.0000
49. NoOfObfuscatedChar             - Score: 0.0000
50. ObfuscationRatio               - Score: 0.0000
================================================================================
  Automatically selected 1 Gaussians for URLSimilarityIndex (label phish)
  Automatically selected 4 Gaussians for URLSimilarityIndex (label legit)
  Automatically selected 2 Gaussians for HasSocialNet (label phish)
  Automatically selected 2 Gaussians for HasSocialNet (label legit)
  Automatically selected 2 Gaussians for HasCopyrightInfo (label phish)
  Automatically selected 2 Gaussians for HasCopyrightInfo (label legit)
  Automatically selected 2 Gaussians for HasDescription (label phish)
  Automatically selected 2 Gaussians for HasDescription (label legit)
  Automatically selected 4 Gaussians for NoOfOtherSpecialCharsInURL (label phish)
  Automatically selected 4 Gaussians for NoOfOtherSpecialCharsInURL (label legit)

Features Ranked by Differentiation Strength:
================================================================================
 1. URLSimilarityIndex             - Score: 1.0000
 2. HasSocialNet                   - Score: 0.7813
 3. HasCopyrightInfo               - Score: 0.5715
 4. HasDescription                 - Score: 0.5347
 5. NoOfOtherSpecialCharsInURL     - Score: 0.5336
 6. NoOfSelfRef                    - Score: 0.5317
 7. NoOfCSS                        - Score: 0.5210
 8. HasTitle                       - Score: 0.5096
 9. NoOfJS                         - Score: 0.4908
10. NoOfImage                      - Score: 0.4607
11. SpacialCharRatioInURL          - Score: 0.3778
12. HasSubmitButton                - Score: 0.3638
13. NoOfiFrame                     - Score: 0.3624
14. DegitRatioInURL                - Score: 0.3377
15. LineOfCode                     - Score: 0.3292
16. DomainTitleMatchScore          - Score: 0.3144
17. URLCharProb                    - Score: 0.3103
18. HasHiddenFields                - Score: 0.3060
19. NoOfEmptyRef                   - Score: 0.3039
20. IsHTTPS                        - Score: 0.3032
21. NoOfExternalRef                - Score: 0.2973
22. HasFavicon                     - Score: 0.2867
23. NoOfDegitsInURL                - Score: 0.2858
24. URLLength                      - Score: 0.2792
25. NoOfLettersInURL               - Score: 0.2788
26. LargestLineLength              - Score: 0.2722
27. IsResponsive                   - Score: 0.2720
28. Robots                         - Score: 0.2672
29. LetterRatioInURL               - Score: 0.2653
30. URLTitleMatchScore             - Score: 0.2585
31. HasExternalFormSubmit          - Score: 0.2496
32. DomainLength                   - Score: 0.2425
33. Pay                            - Score: 0.2378
34. CharContinuationRate           - Score: 0.2022
35. NoOfPopup                      - Score: 0.2014
36. NoOfSubDomain                  - Score: 0.1421
37. Bank                           - Score: 0.1334
38. Crypto                         - Score: 0.1322
39. HasPasswordField               - Score: 0.0977
40. NoOfSelfRedirect               - Score: 0.0739
41. TLDLength                      - Score: 0.0585
42. TLDLegitimateProb              - Score: 0.0336
43. NoOfURLRedirect                - Score: 0.0230
44. NoOfQMarkInURL                 - Score: 0.0015
45. NoOfEqualsInURL                - Score: 0.0005
46. IsDomainIP                     - Score: 0.0000
47. HasObfuscation                 - Score: 0.0000
48. NoOfAmpersandInURL             - Score: 0.0000
49. NoOfObfuscatedChar             - Score: 0.0000
50. ObfuscationRatio               - Score: 0.0000
================================================================================

Features Ranked by Differentiation Strength:
================================================================================
 1. URLSimilarityIndex             - Score: 1.0000
 2. HasSocialNet                   - Score: 0.7813
 3. HasCopyrightInfo               - Score: 0.5715
 4. HasDescription                 - Score: 0.5347
 5. NoOfOtherSpecialCharsInURL     - Score: 0.5336
 6. NoOfSelfRef                    - Score: 0.5317
 7. NoOfCSS                        - Score: 0.5210
 8. HasTitle                       - Score: 0.5096
 9. NoOfJS                         - Score: 0.4908
10. NoOfImage                      - Score: 0.4607
11. SpacialCharRatioInURL          - Score: 0.3778
12. HasSubmitButton                - Score: 0.3638
13. NoOfiFrame                     - Score: 0.3624
14. DegitRatioInURL                - Score: 0.3377
15. LineOfCode                     - Score: 0.3292
16. DomainTitleMatchScore          - Score: 0.3144
17. URLCharProb                    - Score: 0.3103
18. HasHiddenFields                - Score: 0.3060
19. NoOfEmptyRef                   - Score: 0.3039
20. IsHTTPS                        - Score: 0.3032
21. NoOfExternalRef                - Score: 0.2973
22. HasFavicon                     - Score: 0.2867
23. NoOfDegitsInURL                - Score: 0.2858
24. URLLength                      - Score: 0.2792
25. NoOfLettersInURL               - Score: 0.2788
26. LargestLineLength              - Score: 0.2722
27. IsResponsive                   - Score: 0.2720
28. Robots                         - Score: 0.2672
29. LetterRatioInURL               - Score: 0.2653
30. URLTitleMatchScore             - Score: 0.2585
31. HasExternalFormSubmit          - Score: 0.2496
32. DomainLength                   - Score: 0.2425
33. Pay                            - Score: 0.2378
34. CharContinuationRate           - Score: 0.2022
35. NoOfPopup                      - Score: 0.2014
36. NoOfSubDomain                  - Score: 0.1421
37. Bank                           - Score: 0.1334
38. Crypto                         - Score: 0.1322
39. HasPasswordField               - Score: 0.0977
40. NoOfSelfRedirect               - Score: 0.0739
41. TLDLength                      - Score: 0.0585
42. TLDLegitimateProb              - Score: 0.0336
43. NoOfURLRedirect                - Score: 0.0230
44. NoOfQMarkInURL                 - Score: 0.0015
45. NoOfEqualsInURL                - Score: 0.0005
46. IsDomainIP                     - Score: 0.0000
47. HasObfuscation                 - Score: 0.0000
48. NoOfAmpersandInURL             - Score: 0.0000
49. NoOfObfuscatedChar             - Score: 0.0000
50. ObfuscationRatio               - Score: 0.0000
================================================================================

Features Ranked by Differentiation Strength:
================================================================================
 1. URLSimilarityIndex             - Score: 1.0000
 2. LineOfCode                     - Score: 0.7823
 3. NoOfCSS                        - Score: 0.7053
 4. NoOfJS                         - Score: 0.6432
 5. NoOfSelfRef                    - Score: 0.6216
 6. NoOfOtherSpecialCharsInURL     - Score: 0.5236
 7. HasTitle                       - Score: 0.5028
 8. NoOfImage                      - Score: 0.4832
 9. HasDescription                 - Score: 0.4600
10. SpacialCharRatioInURL          - Score: 0.3598
11. NoOfExternalRef                - Score: 0.3401
12. NoOfiFrame                     - Score: 0.3370
13. DegitRatioInURL                - Score: 0.3326
14. HasSubmitButton                - Score: 0.3264
15. DomainTitleMatchScore          - Score: 0.3257
16. IsHTTPS                        - Score: 0.3150
17. LetterRatioInURL               - Score: 0.2998
18. URLCharProb                    - Score: 0.2861
19. NoOfEmptyRef                   - Score: 0.2857
20. NoOfDegitsInURL                - Score: 0.2807
21. HasFavicon                     - Score: 0.2787
22. NoOfLettersInURL               - Score: 0.2769
23. URLLength                      - Score: 0.2762
24. HasHiddenFields                - Score: 0.2748
25. DomainLength                   - Score: 0.2741
26. URLTitleMatchScore             - Score: 0.2730
27. LargestLineLength              - Score: 0.2608
28. NoOfPopup                      - Score: 0.2437
29. NoOfSelfRedirect               - Score: 0.2295
30. IsResponsive                   - Score: 0.2280
31. Pay                            - Score: 0.2126
32. Robots                         - Score: 0.1952
33. CharContinuationRate           - Score: 0.1857
34. NoOfSubDomain                  - Score: 0.1661
35. HasExternalFormSubmit          - Score: 0.1647
36. Crypto                         - Score: 0.1488
37. Bank                           - Score: 0.0920
38. HasPasswordField               - Score: 0.0898
39. NoOfURLRedirect                - Score: 0.0879
40. TLDLength                      - Score: 0.0324
41. TLDLegitimateProb              - Score: 0.0148
42. NoOfQMarkInURL                 - Score: 0.0011
43. NoOfEqualsInURL                - Score: 0.0004
44. IsDomainIP                     - Score: 0.0000
45. HasObfuscation                 - Score: 0.0000
46. NoOfAmpersandInURL             - Score: 0.0000
47. NoOfObfuscatedChar             - Score: 0.0000
48. ObfuscationRatio               - Score: 0.0000
49. HasSocialNet                   - Score: 0.0000
50. HasCopyrightInfo               - Score: 0.0000
================================================================================
  Automatically selected 4 Gaussians for URLSimilarityIndex (label legit)
  Automatically selected 1 Gaussians for URLSimilarityIndex (label phish)
  Automatically selected 4 Gaussians for LineOfCode (label legit)
  Automatically selected 4 Gaussians for LineOfCode (label phish)
  Automatically selected 4 Gaussians for NoOfCSS (label legit)
  Automatically selected 3 Gaussians for NoOfCSS (label phish)
  Automatically selected 4 Gaussians for NoOfJS (label legit)
  Automatically selected 4 Gaussians for NoOfJS (label phish)
  Automatically selected 4 Gaussians for NoOfSelfRef (label legit)
  Automatically selected 4 Gaussians for NoOfSelfRef (label phish)

Features Ranked by Differentiation Strength:
================================================================================
 1. URLSimilarityIndex             - Score: 1.0000
 2. NoOfOtherSpecialCharsInURL     - Score: 0.6736
 3. URLLength                      - Score: 0.6209
 4. NoOfSelfRef                    - Score: 0.6087
 5. NoOfLettersInURL               - Score: 0.5971
 6. SpacialCharRatioInURL          - Score: 0.5335
 7. NoOfDegitsInURL                - Score: 0.4692
 8. NoOfImage                      - Score: 0.4609
 9. LetterRatioInURL               - Score: 0.4521
10. URLCharProb                    - Score: 0.4402
11. NoOfJS                         - Score: 0.4315
12. LargestLineLength              - Score: 0.4020
13. DegitRatioInURL                - Score: 0.3975
14. NoOfCSS                        - Score: 0.3781
15. DomainTitleMatchScore          - Score: 0.3523
16. DomainLength                   - Score: 0.3400
17. LineOfCode                     - Score: 0.3130
18. NoOfExternalRef                - Score: 0.3013
19. NoOfiFrame                     - Score: 0.2573
20. CharContinuationRate           - Score: 0.2499
21. URLTitleMatchScore             - Score: 0.2388
22. NoOfSubDomain                  - Score: 0.2314
23. HasDescription                 - Score: 0.1985
24. HasTitle                       - Score: 0.1834
25. IsHTTPS                        - Score: 0.1767
26. NoOfPopup                      - Score: 0.1716
27. Robots                         - Score: 0.1484
28. HasPasswordField               - Score: 0.1051
29. TLDLength                      - Score: 0.1022
30. NoOfURLRedirect                - Score: 0.1018
31. NoOfSelfRedirect               - Score: 0.0932
32. NoOfEmptyRef                   - Score: 0.0668
33. TLDLegitimateProb              - Score: 0.0477
34. Crypto                         - Score: 0.0418
35. NoOfQMarkInURL                 - Score: 0.0242
36. HasFavicon                     - Score: 0.0213
37. IsResponsive                   - Score: 0.0166
38. HasHiddenFields                - Score: 0.0164
39. Bank                           - Score: 0.0121
40. Pay                            - Score: 0.0102
41. NoOfEqualsInURL                - Score: 0.0062
42. HasExternalFormSubmit          - Score: 0.0041
43. HasSubmitButton                - Score: 0.0019
44. HasObfuscation                 - Score: 0.0004
45. IsDomainIP                     - Score: 0.0003
46. NoOfAmpersandInURL             - Score: 0.0003
47. NoOfObfuscatedChar             - Score: 0.0002
48. ObfuscationRatio               - Score: 0.0000
49. HasSocialNet                   - Score: 0.0000
50. HasCopyrightInfo               - Score: 0.0000
================================================================================
  Automatically selected 1 Gaussians for URLSimilarityIndex (label phish)
  Automatically selected 3 Gaussians for URLSimilarityIndex (label legit)
  Automatically selected 4 Gaussians for NoOfOtherSpecialCharsInURL (label phish)
  Automatically selected 3 Gaussians for NoOfOtherSpecialCharsInURL (label legit)
  Automatically selected 2 Gaussians for URLLength (label phish)
  Automatically selected 4 Gaussians for URLLength (label legit)
  Automatically selected 4 Gaussians for NoOfSelfRef (label phish)
  Automatically selected 4 Gaussians for NoOfSelfRef (label legit)
  Automatically selected 2 Gaussians for NoOfLettersInURL (label phish)
  Automatically selected 4 Gaussians for NoOfLettersInURL (label legit)

Features Ranked by Differentiation Strength:
================================================================================
 1. URLSimilarityIndex             - Score: 1.0000
 2. NoOfSelfRef                    - Score: 0.5628
 3. HasTitle                       - Score: 0.5388
 4. SpacialCharRatioInURL          - Score: 0.5292
 5. LineOfCode                     - Score: 0.5246
 6. NoOfJS                         - Score: 0.5225
 7. NoOfOtherSpecialCharsInURL     - Score: 0.5118
 8. NoOfImage                      - Score: 0.4854
 9. URLCharProb                    - Score: 0.4662
10. NoOfExternalRef                - Score: 0.4637
11. LargestLineLength              - Score: 0.4560
12. NoOfDegitsInURL                - Score: 0.4558
13. DegitRatioInURL                - Score: 0.4320
14. NoOfCSS                        - Score: 0.4128
15. IsResponsive                   - Score: 0.3852
16. NoOfiFrame                     - Score: 0.3836
17. HasFavicon                     - Score: 0.3439
18. NoOfEmptyRef                   - Score: 0.3258
19. HasCopyrightInfo               - Score: 0.3206
20. URLLength                      - Score: 0.2653
21. HasDescription                 - Score: 0.2532
22. NoOfLettersInURL               - Score: 0.2505
23. LetterRatioInURL               - Score: 0.2504
24. Robots                         - Score: 0.2135
25. Crypto                         - Score: 0.2061
26. DomainLength                   - Score: 0.2060
27. HasSubmitButton                - Score: 0.2035
28. CharContinuationRate           - Score: 0.1976
29. DomainTitleMatchScore          - Score: 0.1420
30. IsHTTPS                        - Score: 0.1229
31. NoOfPopup                      - Score: 0.1214
32. HasHiddenFields                - Score: 0.1207
33. NoOfSubDomain                  - Score: 0.1138
34. URLTitleMatchScore             - Score: 0.1045
35. TLDLegitimateProb              - Score: 0.0873
36. NoOfURLRedirect                - Score: 0.0856
37. TLDLength                      - Score: 0.0781
38. Pay                            - Score: 0.0649
39. HasExternalFormSubmit          - Score: 0.0175
40. HasPasswordField               - Score: 0.0121
41. Bank                           - Score: 0.0087
42. IsDomainIP                     - Score: 0.0029
43. NoOfEqualsInURL                - Score: 0.0029
44. NoOfQMarkInURL                 - Score: 0.0029
45. NoOfSelfRedirect               - Score: 0.0005
46. HasObfuscation                 - Score: 0.0000
47. NoOfObfuscatedChar             - Score: 0.0000
48. ObfuscationRatio               - Score: 0.0000
49. NoOfAmpersandInURL             - Score: 0.0000
50. HasSocialNet                   - Score: 0.0000
================================================================================
  Automatically selected 1 Gaussians for URLSimilarityIndex (label phish)
  Automatically selected 1 Gaussians for URLSimilarityIndex (label legit)
  Automatically selected 4 Gaussians for NoOfSelfRef (label phish)
  Automatically selected 4 Gaussians for NoOfSelfRef (label legit)
  Automatically selected 2 Gaussians for HasTitle (label phish)
  Automatically selected 2 Gaussians for HasTitle (label legit)
  Automatically selected 4 Gaussians for SpacialCharRatioInURL (label phish)
  Automatically selected 2 Gaussians for SpacialCharRatioInURL (label legit)
  Automatically selected 4 Gaussians for LineOfCode (label phish)
  Automatically selected 2 Gaussians for LineOfCode (label legit)

Features Ranked by Differentiation Strength:
================================================================================
 1. URLSimilarityIndex             - Score: 1.0000
 2. HasSocialNet                   - Score: 0.7989
 3. HasCopyrightInfo               - Score: 0.5793
 4. NoOfOtherSpecialCharsInURL     - Score: 0.5434
 5. NoOfSelfRef                    - Score: 0.5391
 6. HasDescription                 - Score: 0.5368
 7. NoOfCSS                        - Score: 0.5251
 8. HasTitle                       - Score: 0.5019
 9. NoOfJS                         - Score: 0.4991
10. NoOfImage                      - Score: 0.4660
11. NoOfExternalRef                - Score: 0.4479
12. SpacialCharRatioInURL          - Score: 0.3901
13. HasSubmitButton                - Score: 0.3732
14. NoOfiFrame                     - Score: 0.3728
15. DegitRatioInURL                - Score: 0.3464
16. DomainTitleMatchScore          - Score: 0.3207
17. URLCharProb                    - Score: 0.3139
18. HasHiddenFields                - Score: 0.3038
19. NoOfEmptyRef                   - Score: 0.3027
20. IsHTTPS                        - Score: 0.2980
21. HasFavicon                     - Score: 0.2952
22. NoOfDegitsInURL                - Score: 0.2923
23. LetterRatioInURL               - Score: 0.2833
24. URLLength                      - Score: 0.2820
25. NoOfLettersInURL               - Score: 0.2811
26. IsResponsive                   - Score: 0.2804
27. URLTitleMatchScore             - Score: 0.2678
28. Robots                         - Score: 0.2678
29. LineOfCode                     - Score: 0.2607
30. LargestLineLength              - Score: 0.2605
31. HasExternalFormSubmit          - Score: 0.2561
32. DomainLength                   - Score: 0.2458
33. Pay                            - Score: 0.2349
34. NoOfPopup                      - Score: 0.2101
35. CharContinuationRate           - Score: 0.2077
36. NoOfSubDomain                  - Score: 0.1448
37. Crypto                         - Score: 0.1412
38. Bank                           - Score: 0.1292
39. HasPasswordField               - Score: 0.1008
40. NoOfSelfRedirect               - Score: 0.0782
41. TLDLength                      - Score: 0.0566
42. TLDLegitimateProb              - Score: 0.0332
43. NoOfURLRedirect                - Score: 0.0217
44. NoOfQMarkInURL                 - Score: 0.0017
45. NoOfEqualsInURL                - Score: 0.0005
46. IsDomainIP                     - Score: 0.0000
47. HasObfuscation                 - Score: 0.0000
48. NoOfAmpersandInURL             - Score: 0.0000
49. NoOfObfuscatedChar             - Score: 0.0000
50. ObfuscationRatio               - Score: 0.0000
================================================================================
  Automatically selected 4 Gaussians for URLSimilarityIndex (label legit)
  Automatically selected 1 Gaussians for URLSimilarityIndex (label phish)
  Automatically selected 2 Gaussians for HasSocialNet (label legit)
  Automatically selected 2 Gaussians for HasSocialNet (label phish)
  Automatically selected 2 Gaussians for HasCopyrightInfo (label legit)
  Automatically selected 2 Gaussians for HasCopyrightInfo (label phish)
  Automatically selected 4 Gaussians for NoOfOtherSpecialCharsInURL (label legit)
  Automatically selected 4 Gaussians for NoOfOtherSpecialCharsInURL (label phish)
  Automatically selected 4 Gaussians for NoOfSelfRef (label legit)
  Automatically selected 4 Gaussians for NoOfSelfRef (label phish)

Features Ranked by Differentiation Strength:
================================================================================
 1. URLSimilarityIndex             - Score: 1.0000
 2. HasSocialNet                   - Score: 0.7989
 3. HasCopyrightInfo               - Score: 0.5793
 4. NoOfOtherSpecialCharsInURL     - Score: 0.5434
 5. NoOfSelfRef                    - Score: 0.5391
 6. HasDescription                 - Score: 0.5368
 7. NoOfCSS                        - Score: 0.5251
 8. HasTitle                       - Score: 0.5019
 9. NoOfJS                         - Score: 0.4991
10. NoOfImage                      - Score: 0.4660
11. NoOfExternalRef                - Score: 0.4479
12. SpacialCharRatioInURL          - Score: 0.3901
13. HasSubmitButton                - Score: 0.3732
14. NoOfiFrame                     - Score: 0.3728
15. DegitRatioInURL                - Score: 0.3464
16. DomainTitleMatchScore          - Score: 0.3207
17. URLCharProb                    - Score: 0.3139
18. HasHiddenFields                - Score: 0.3038
19. NoOfEmptyRef                   - Score: 0.3027
20. IsHTTPS                        - Score: 0.2980
21. HasFavicon                     - Score: 0.2952
22. NoOfDegitsInURL                - Score: 0.2923
23. LetterRatioInURL               - Score: 0.2833
24. URLLength                      - Score: 0.2820
25. NoOfLettersInURL               - Score: 0.2811
26. IsResponsive                   - Score: 0.2804
27. URLTitleMatchScore             - Score: 0.2678
28. Robots                         - Score: 0.2678
29. LineOfCode                     - Score: 0.2607
30. LargestLineLength              - Score: 0.2605
31. HasExternalFormSubmit          - Score: 0.2561
32. DomainLength                   - Score: 0.2458
33. Pay                            - Score: 0.2349
34. NoOfPopup                      - Score: 0.2101
35. CharContinuationRate           - Score: 0.2077
36. NoOfSubDomain                  - Score: 0.1448
37. Crypto                         - Score: 0.1412
38. Bank                           - Score: 0.1292
39. HasPasswordField               - Score: 0.1008
40. NoOfSelfRedirect               - Score: 0.0782
41. TLDLength                      - Score: 0.0566
42. TLDLegitimateProb              - Score: 0.0332
43. NoOfURLRedirect                - Score: 0.0217
44. NoOfQMarkInURL                 - Score: 0.0017
45. NoOfEqualsInURL                - Score: 0.0005
46. IsDomainIP                     - Score: 0.0000
47. HasObfuscation                 - Score: 0.0000
48. NoOfAmpersandInURL             - Score: 0.0000
49. NoOfObfuscatedChar             - Score: 0.0000
50. ObfuscationRatio               - Score: 0.0000
================================================================================

Features Ranked by Differentiation Strength:
================================================================================
 1. URLSimilarityIndex             - Score: 1.0000
 2. HasSocialNet                   - Score: 0.7989
 3. HasCopyrightInfo               - Score: 0.5793
 4. NoOfOtherSpecialCharsInURL     - Score: 0.5434
 5. NoOfSelfRef                    - Score: 0.5391
 6. HasDescription                 - Score: 0.5368
 7. NoOfCSS                        - Score: 0.5251
 8. HasTitle                       - Score: 0.5019
 9. NoOfJS                         - Score: 0.4991
10. NoOfImage                      - Score: 0.4660
11. NoOfExternalRef                - Score: 0.4479
12. SpacialCharRatioInURL          - Score: 0.3901
13. HasSubmitButton                - Score: 0.3732
14. NoOfiFrame                     - Score: 0.3728
15. DegitRatioInURL                - Score: 0.3464
16. DomainTitleMatchScore          - Score: 0.3207
17. URLCharProb                    - Score: 0.3139
18. HasHiddenFields                - Score: 0.3038
19. NoOfEmptyRef                   - Score: 0.3027
20. IsHTTPS                        - Score: 0.2980
21. HasFavicon                     - Score: 0.2952
22. NoOfDegitsInURL                - Score: 0.2923
23. LetterRatioInURL               - Score: 0.2833
24. URLLength                      - Score: 0.2820
25. NoOfLettersInURL               - Score: 0.2811
26. IsResponsive                   - Score: 0.2804
27. URLTitleMatchScore             - Score: 0.2678
28. Robots                         - Score: 0.2678
29. LineOfCode                     - Score: 0.2607
30. LargestLineLength              - Score: 0.2605
31. HasExternalFormSubmit          - Score: 0.2561
32. DomainLength                   - Score: 0.2458
33. Pay                            - Score: 0.2349
34. NoOfPopup                      - Score: 0.2101
35. CharContinuationRate           - Score: 0.2077
36. NoOfSubDomain                  - Score: 0.1448
37. Crypto                         - Score: 0.1412
38. Bank                           - Score: 0.1292
39. HasPasswordField               - Score: 0.1008
40. NoOfSelfRedirect               - Score: 0.0782
41. TLDLength                      - Score: 0.0566
42. TLDLegitimateProb              - Score: 0.0332
43. NoOfURLRedirect                - Score: 0.0217
44. NoOfQMarkInURL                 - Score: 0.0017
45. NoOfEqualsInURL                - Score: 0.0005
46. IsDomainIP                     - Score: 0.0000
47. HasObfuscation                 - Score: 0.0000
48. NoOfAmpersandInURL             - Score: 0.0000
49. NoOfObfuscatedChar             - Score: 0.0000
50. ObfuscationRatio               - Score: 0.0000
================================================================================

Features Ranked by Differentiation Strength:
================================================================================
 1. URLSimilarityIndex             - Score: 1.0000
 2. LineOfCode                     - Score: 0.7310
 3. NoOfCSS                        - Score: 0.7074
 4. NoOfExternalRef                - Score: 0.6638
 5. NoOfJS                         - Score: 0.6317
 6. NoOfSelfRef                    - Score: 0.6152
 7. NoOfOtherSpecialCharsInURL     - Score: 0.5344
 8. NoOfImage                      - Score: 0.4783
 9. HasTitle                       - Score: 0.4772
10. HasDescription                 - Score: 0.4703
11. SpacialCharRatioInURL          - Score: 0.3781
12. DegitRatioInURL                - Score: 0.3501
13. DomainTitleMatchScore          - Score: 0.3345
14. NoOfiFrame                     - Score: 0.3341
15. HasSubmitButton                - Score: 0.3249
16. IsHTTPS                        - Score: 0.3083
17. LetterRatioInURL               - Score: 0.3057
18. URLCharProb                    - Score: 0.2879
19. NoOfEmptyRef                   - Score: 0.2869
20. NoOfDegitsInURL                - Score: 0.2858
21. URLTitleMatchScore             - Score: 0.2851
22. NoOfLettersInURL               - Score: 0.2792
23. URLLength                      - Score: 0.2785
24. HasHiddenFields                - Score: 0.2729
25. HasFavicon                     - Score: 0.2703
26. NoOfPopup                      - Score: 0.2671
27. DomainLength                   - Score: 0.2628
28. LargestLineLength              - Score: 0.2427
29. NoOfSelfRedirect               - Score: 0.2334
30. IsResponsive                   - Score: 0.2317
31. Robots                         - Score: 0.2080
32. Pay                            - Score: 0.2064
33. Crypto                         - Score: 0.1977
34. CharContinuationRate           - Score: 0.1936
35. HasExternalFormSubmit          - Score: 0.1807
36. NoOfSubDomain                  - Score: 0.1743
37. Bank                           - Score: 0.0871
38. NoOfURLRedirect                - Score: 0.0771
39. HasPasswordField               - Score: 0.0765
40. TLDLength                      - Score: 0.0435
41. TLDLegitimateProb              - Score: 0.0137
42. NoOfQMarkInURL                 - Score: 0.0011
43. NoOfEqualsInURL                - Score: 0.0004
44. IsDomainIP                     - Score: 0.0000
45. HasObfuscation                 - Score: 0.0000
46. NoOfAmpersandInURL             - Score: 0.0000
47. NoOfObfuscatedChar             - Score: 0.0000
48. ObfuscationRatio               - Score: 0.0000
49. HasSocialNet                   - Score: 0.0000
50. HasCopyrightInfo               - Score: 0.0000
================================================================================
  Automatically selected 4 Gaussians for URLSimilarityIndex (label legit)
  Automatically selected 1 Gaussians for URLSimilarityIndex (label phish)
  Automatically selected 4 Gaussians for LineOfCode (label legit)
  Automatically selected 3 Gaussians for LineOfCode (label phish)
  Automatically selected 4 Gaussians for NoOfCSS (label legit)
  Automatically selected 3 Gaussians for NoOfCSS (label phish)
  Automatically selected 4 Gaussians for NoOfExternalRef (label legit)
  Automatically selected 4 Gaussians for NoOfExternalRef (label phish)
  Automatically selected 4 Gaussians for NoOfJS (label legit)
  Automatically selected 4 Gaussians for NoOfJS (label phish)

Features Ranked by Differentiation Strength:
================================================================================
 1. URLSimilarityIndex             - Score: 1.0000
 2. NoOfOtherSpecialCharsInURL     - Score: 0.6751
 3. URLLength                      - Score: 0.6159
 4. NoOfLettersInURL               - Score: 0.6038
 5. SpacialCharRatioInURL          - Score: 0.5336
 6. NoOfSelfRef                    - Score: 0.5139
 7. NoOfImage                      - Score: 0.5012
 8. NoOfDegitsInURL                - Score: 0.4736
 9. LetterRatioInURL               - Score: 0.4441
10. URLCharProb                    - Score: 0.4297
11. NoOfExternalRef                - Score: 0.4259
12. NoOfJS                         - Score: 0.4107
13. LargestLineLength              - Score: 0.4033
14. DegitRatioInURL                - Score: 0.3954
15. NoOfCSS                        - Score: 0.3747
16. DomainTitleMatchScore          - Score: 0.3462
17. DomainLength                   - Score: 0.3442
18. LineOfCode                     - Score: 0.3400
19. NoOfiFrame                     - Score: 0.2749
20. CharContinuationRate           - Score: 0.2448
21. URLTitleMatchScore             - Score: 0.2367
22. NoOfSubDomain                  - Score: 0.2278
23. HasDescription                 - Score: 0.2002
24. HasTitle                       - Score: 0.1905
25. IsHTTPS                        - Score: 0.1872
26. NoOfPopup                      - Score: 0.1646
27. Robots                         - Score: 0.1427
28. HasPasswordField               - Score: 0.1084
29. NoOfEmptyRef                   - Score: 0.1078
30. NoOfURLRedirect                - Score: 0.1011
31. TLDLength                      - Score: 0.1007
32. NoOfSelfRedirect               - Score: 0.0910
33. TLDLegitimateProb              - Score: 0.0449
34. Crypto                         - Score: 0.0378
35. HasExternalFormSubmit          - Score: 0.0290
36. HasFavicon                     - Score: 0.0286
37. NoOfQMarkInURL                 - Score: 0.0276
38. IsResponsive                   - Score: 0.0121
39. HasHiddenFields                - Score: 0.0119
40. Bank                           - Score: 0.0103
41. Pay                            - Score: 0.0086
42. NoOfEqualsInURL                - Score: 0.0067
43. HasSubmitButton                - Score: 0.0021
44. IsDomainIP                     - Score: 0.0005
45. HasObfuscation                 - Score: 0.0004
46. NoOfAmpersandInURL             - Score: 0.0003
47. NoOfObfuscatedChar             - Score: 0.0002
48. ObfuscationRatio               - Score: 0.0000
49. HasSocialNet                   - Score: 0.0000
50. HasCopyrightInfo               - Score: 0.0000
================================================================================
  Automatically selected 3 Gaussians for URLSimilarityIndex (label legit)
  Automatically selected 1 Gaussians for URLSimilarityIndex (label phish)
  Automatically selected 3 Gaussians for NoOfOtherSpecialCharsInURL (label legit)
  Automatically selected 4 Gaussians for NoOfOtherSpecialCharsInURL (label phish)
  Automatically selected 4 Gaussians for URLLength (label legit)
  Automatically selected 2 Gaussians for URLLength (label phish)
  Automatically selected 4 Gaussians for NoOfLettersInURL (label legit)
  Automatically selected 2 Gaussians for NoOfLettersInURL (label phish)
  Automatically selected 4 Gaussians for SpacialCharRatioInURL (label legit)
  Automatically selected 2 Gaussians for SpacialCharRatioInURL (label phish)

Features Ranked by Differentiation Strength:
================================================================================
 1. URLSimilarityIndex             - Score: 1.0000
 2. SpacialCharRatioInURL          - Score: 0.5903
 3. NoOfSelfRef                    - Score: 0.5595
 4. NoOfOtherSpecialCharsInURL     - Score: 0.5575
 5. NoOfJS                         - Score: 0.5205
 6. URLCharProb                    - Score: 0.5071
 7. HasTitle                       - Score: 0.5052
 8. LargestLineLength              - Score: 0.5040
 9. NoOfImage                      - Score: 0.4810
10. NoOfDegitsInURL                - Score: 0.4639
11. NoOfExternalRef                - Score: 0.4594
12. DegitRatioInURL                - Score: 0.4393
13. NoOfCSS                        - Score: 0.3949
14. IsResponsive                   - Score: 0.3534
15. NoOfEmptyRef                   - Score: 0.3210
16. HasDescription                 - Score: 0.2976
17. LetterRatioInURL               - Score: 0.2748
18. LineOfCode                     - Score: 0.2679
19. HasSubmitButton                - Score: 0.2519
20. URLLength                      - Score: 0.2510
21. NoOfLettersInURL               - Score: 0.2410
22. TLDLegitimateProb              - Score: 0.2384
23. HasCopyrightInfo               - Score: 0.2317
24. DomainTitleMatchScore          - Score: 0.2193
25. Robots                         - Score: 0.2071
26. CharContinuationRate           - Score: 0.2049
27. NoOfiFrame                     - Score: 0.1968
28. DomainLength                   - Score: 0.1968
29. HasFavicon                     - Score: 0.1907
30. NoOfSubDomain                  - Score: 0.1755
31. Crypto                         - Score: 0.1715
32. HasHiddenFields                - Score: 0.1409
33. TLDLength                      - Score: 0.1321
34. NoOfPopup                      - Score: 0.1232
35. URLTitleMatchScore             - Score: 0.1165
36. NoOfURLRedirect                - Score: 0.1076
37. IsHTTPS                        - Score: 0.1027
38. Bank                           - Score: 0.0245
39. Pay                            - Score: 0.0131
40. HasPasswordField               - Score: 0.0123
41. IsDomainIP                     - Score: 0.0040
42. NoOfEqualsInURL                - Score: 0.0040
43. NoOfQMarkInURL                 - Score: 0.0040
44. HasExternalFormSubmit          - Score: 0.0020
45. NoOfSelfRedirect               - Score: 0.0005
46. HasObfuscation                 - Score: 0.0000
47. NoOfObfuscatedChar             - Score: 0.0000
48. ObfuscationRatio               - Score: 0.0000
49. NoOfAmpersandInURL             - Score: 0.0000
50. HasSocialNet                   - Score: 0.0000
================================================================================
  Automatically selected 1 Gaussians for URLSimilarityIndex (label phish)
  Automatically selected 1 Gaussians for URLSimilarityIndex (label legit)
  Automatically selected 4 Gaussians for SpacialCharRatioInURL (label phish)
  Automatically selected 1 Gaussians for SpacialCharRatioInURL (label legit)
  Automatically selected 4 Gaussians for NoOfSelfRef (label phish)
  Automatically selected 2 Gaussians for NoOfSelfRef (label legit)
  Automatically selected 4 Gaussians for NoOfOtherSpecialCharsInURL (label phish)
  Automatically selected 4 Gaussians for NoOfOtherSpecialCharsInURL (label legit)
  Automatically selected 4 Gaussians for NoOfJS (label phish)
  Automatically selected 4 Gaussians for NoOfJS (label legit)

Features Ranked by Differentiation Strength:
================================================================================
 1. URLSimilarityIndex             - Score: 1.0000
 2. HasSocialNet                   - Score: 0.8016
 3. NoOfCSS                        - Score: 0.6063
 4. HasCopyrightInfo               - Score: 0.5875
 5. NoOfSelfRef                    - Score: 0.5422
 6. NoOfOtherSpecialCharsInURL     - Score: 0.5417
 7. HasDescription                 - Score: 0.5415
 8. HasTitle                       - Score: 0.5080
 9. NoOfJS                         - Score: 0.4984
10. NoOfImage                      - Score: 0.4647
11. SpacialCharRatioInURL          - Score: 0.3833
12. HasSubmitButton                - Score: 0.3784
13. NoOfiFrame                     - Score: 0.3741
14. DegitRatioInURL                - Score: 0.3443
15. NoOfEmptyRef                   - Score: 0.3158
16. DomainTitleMatchScore          - Score: 0.3143
17. HasHiddenFields                - Score: 0.3108
18. URLCharProb                    - Score: 0.3095
19. NoOfPopup                      - Score: 0.3080
20. NoOfExternalRef                - Score: 0.3080
21. IsHTTPS                        - Score: 0.3042
22. HasFavicon                     - Score: 0.2967
23. NoOfDegitsInURL                - Score: 0.2902
24. NoOfLettersInURL               - Score: 0.2831
25. URLLength                      - Score: 0.2830
26. IsResponsive                   - Score: 0.2803
27. LetterRatioInURL               - Score: 0.2745
28. HasExternalFormSubmit          - Score: 0.2641
29. Robots                         - Score: 0.2632
30. LineOfCode                     - Score: 0.2610
31. URLTitleMatchScore             - Score: 0.2605
32. LargestLineLength              - Score: 0.2563
33. DomainLength                   - Score: 0.2497
34. Pay                            - Score: 0.2421
35. CharContinuationRate           - Score: 0.2042
36. NoOfSubDomain                  - Score: 0.1440
37. Bank                           - Score: 0.1348
38. Crypto                         - Score: 0.1257
39. HasPasswordField               - Score: 0.1000
40. NoOfSelfRedirect               - Score: 0.0744
41. TLDLength                      - Score: 0.0615
42. TLDLegitimateProb              - Score: 0.0324
43. NoOfURLRedirect                - Score: 0.0203
44. NoOfQMarkInURL                 - Score: 0.0014
45. NoOfEqualsInURL                - Score: 0.0005
46. IsDomainIP                     - Score: 0.0000
47. HasObfuscation                 - Score: 0.0000
48. NoOfAmpersandInURL             - Score: 0.0000
49. NoOfObfuscatedChar             - Score: 0.0000
50. ObfuscationRatio               - Score: 0.0000
================================================================================
  Automatically selected 1 Gaussians for URLSimilarityIndex (label phish)
  Automatically selected 4 Gaussians for URLSimilarityIndex (label legit)
  Automatically selected 2 Gaussians for HasSocialNet (label phish)
  Automatically selected 2 Gaussians for HasSocialNet (label legit)
  Automatically selected 4 Gaussians for NoOfCSS (label phish)
  Automatically selected 4 Gaussians for NoOfCSS (label legit)
  Automatically selected 2 Gaussians for HasCopyrightInfo (label phish)
  Automatically selected 2 Gaussians for HasCopyrightInfo (label legit)
  Automatically selected 4 Gaussians for NoOfSelfRef (label phish)
  Automatically selected 4 Gaussians for NoOfSelfRef (label legit)

Features Ranked by Differentiation Strength:
================================================================================
 1. URLSimilarityIndex             - Score: 1.0000
 2. HasSocialNet                   - Score: 0.8016
 3. NoOfCSS                        - Score: 0.6063
 4. HasCopyrightInfo               - Score: 0.5875
 5. NoOfSelfRef                    - Score: 0.5422
 6. NoOfOtherSpecialCharsInURL     - Score: 0.5417
 7. HasDescription                 - Score: 0.5415
 8. HasTitle                       - Score: 0.5080
 9. NoOfJS                         - Score: 0.4984
10. NoOfImage                      - Score: 0.4647
11. SpacialCharRatioInURL          - Score: 0.3833
12. HasSubmitButton                - Score: 0.3784
13. NoOfiFrame                     - Score: 0.3741
14. DegitRatioInURL                - Score: 0.3443
15. NoOfEmptyRef                   - Score: 0.3158
16. DomainTitleMatchScore          - Score: 0.3143
17. HasHiddenFields                - Score: 0.3108
18. URLCharProb                    - Score: 0.3095
19. NoOfPopup                      - Score: 0.3080
20. NoOfExternalRef                - Score: 0.3080
21. IsHTTPS                        - Score: 0.3042
22. HasFavicon                     - Score: 0.2967
23. NoOfDegitsInURL                - Score: 0.2902
24. NoOfLettersInURL               - Score: 0.2831
25. URLLength                      - Score: 0.2830
26. IsResponsive                   - Score: 0.2803
27. LetterRatioInURL               - Score: 0.2745
28. HasExternalFormSubmit          - Score: 0.2641
29. Robots                         - Score: 0.2632
30. LineOfCode                     - Score: 0.2610
31. URLTitleMatchScore             - Score: 0.2605
32. LargestLineLength              - Score: 0.2563
33. DomainLength                   - Score: 0.2497
34. Pay                            - Score: 0.2421
35. CharContinuationRate           - Score: 0.2042
36. NoOfSubDomain                  - Score: 0.1440
37. Bank                           - Score: 0.1348
38. Crypto                         - Score: 0.1257
39. HasPasswordField               - Score: 0.1000
40. NoOfSelfRedirect               - Score: 0.0744
41. TLDLength                      - Score: 0.0615
42. TLDLegitimateProb              - Score: 0.0324
43. NoOfURLRedirect                - Score: 0.0203
44. NoOfQMarkInURL                 - Score: 0.0014
45. NoOfEqualsInURL                - Score: 0.0005
46. IsDomainIP                     - Score: 0.0000
47. HasObfuscation                 - Score: 0.0000
48. NoOfAmpersandInURL             - Score: 0.0000
49. NoOfObfuscatedChar             - Score: 0.0000
50. ObfuscationRatio               - Score: 0.0000
================================================================================

Features Ranked by Differentiation Strength:
================================================================================
 1. URLSimilarityIndex             - Score: 1.0000
 2. HasSocialNet                   - Score: 0.8016
 3. NoOfCSS                        - Score: 0.6063
 4. HasCopyrightInfo               - Score: 0.5875
 5. NoOfSelfRef                    - Score: 0.5422
 6. NoOfOtherSpecialCharsInURL     - Score: 0.5417
 7. HasDescription                 - Score: 0.5415
 8. HasTitle                       - Score: 0.5080
 9. NoOfJS                         - Score: 0.4984
10. NoOfImage                      - Score: 0.4647
11. SpacialCharRatioInURL          - Score: 0.3833
12. HasSubmitButton                - Score: 0.3784
13. NoOfiFrame                     - Score: 0.3741
14. DegitRatioInURL                - Score: 0.3443
15. NoOfEmptyRef                   - Score: 0.3158
16. DomainTitleMatchScore          - Score: 0.3143
17. HasHiddenFields                - Score: 0.3108
18. URLCharProb                    - Score: 0.3095
19. NoOfPopup                      - Score: 0.3080
20. NoOfExternalRef                - Score: 0.3080
21. IsHTTPS                        - Score: 0.3042
22. HasFavicon                     - Score: 0.2967
23. NoOfDegitsInURL                - Score: 0.2902
24. NoOfLettersInURL               - Score: 0.2831
25. URLLength                      - Score: 0.2830
26. IsResponsive                   - Score: 0.2803
27. LetterRatioInURL               - Score: 0.2745
28. HasExternalFormSubmit          - Score: 0.2641
29. Robots                         - Score: 0.2632
30. LineOfCode                     - Score: 0.2610
31. URLTitleMatchScore             - Score: 0.2605
32. LargestLineLength              - Score: 0.2563
33. DomainLength                   - Score: 0.2497
34. Pay                            - Score: 0.2421
35. CharContinuationRate           - Score: 0.2042
36. NoOfSubDomain                  - Score: 0.1440
37. Bank                           - Score: 0.1348
38. Crypto                         - Score: 0.1257
39. HasPasswordField               - Score: 0.1000
40. NoOfSelfRedirect               - Score: 0.0744
41. TLDLength                      - Score: 0.0615
42. TLDLegitimateProb              - Score: 0.0324
43. NoOfURLRedirect                - Score: 0.0203
44. NoOfQMarkInURL                 - Score: 0.0014
45. NoOfEqualsInURL                - Score: 0.0005
46. IsDomainIP                     - Score: 0.0000
47. HasObfuscation                 - Score: 0.0000
48. NoOfAmpersandInURL             - Score: 0.0000
49. NoOfObfuscatedChar             - Score: 0.0000
50. ObfuscationRatio               - Score: 0.0000
================================================================================

Features Ranked by Differentiation Strength:
================================================================================
 1. URLSimilarityIndex             - Score: 1.0000
 2. LineOfCode                     - Score: 0.7957
 3. NoOfCSS                        - Score: 0.7010
 4. NoOfJS                         - Score: 0.6332
 5. NoOfSelfRef                    - Score: 0.6079
 6. NoOfOtherSpecialCharsInURL     - Score: 0.5309
 7. HasDescription                 - Score: 0.4807
 8. HasTitle                       - Score: 0.4767
 9. NoOfImage                      - Score: 0.4758
10. SpacialCharRatioInURL          - Score: 0.3632
11. NoOfiFrame                     - Score: 0.3577
12. NoOfExternalRef                - Score: 0.3466
13. DegitRatioInURL                - Score: 0.3444
14. HasSubmitButton                - Score: 0.3437
15. DomainTitleMatchScore          - Score: 0.3262
16. IsHTTPS                        - Score: 0.3153
17. LetterRatioInURL               - Score: 0.3048
18. NoOfEmptyRef                   - Score: 0.2934
19. NoOfDegitsInURL                - Score: 0.2848
20. NoOfLettersInURL               - Score: 0.2815
21. URLCharProb                    - Score: 0.2808
22. URLLength                      - Score: 0.2802
23. HasHiddenFields                - Score: 0.2781
24. URLTitleMatchScore             - Score: 0.2760
25. DomainLength                   - Score: 0.2748
26. HasFavicon                     - Score: 0.2632
27. NoOfPopup                      - Score: 0.2462
28. LargestLineLength              - Score: 0.2438
29. NoOfSelfRedirect               - Score: 0.2309
30. Pay                            - Score: 0.2180
31. IsResponsive                   - Score: 0.2147
32. Robots                         - Score: 0.2103
33. CharContinuationRate           - Score: 0.1873
34. HasExternalFormSubmit          - Score: 0.1784
35. NoOfSubDomain                  - Score: 0.1658
36. Crypto                         - Score: 0.1489
37. Bank                           - Score: 0.1200
38. HasPasswordField               - Score: 0.0858
39. NoOfURLRedirect                - Score: 0.0808
40. TLDLength                      - Score: 0.0307
41. TLDLegitimateProb              - Score: 0.0138
42. NoOfQMarkInURL                 - Score: 0.0010
43. NoOfEqualsInURL                - Score: 0.0004
44. IsDomainIP                     - Score: 0.0000
45. HasObfuscation                 - Score: 0.0000
46. NoOfAmpersandInURL             - Score: 0.0000
47. NoOfObfuscatedChar             - Score: 0.0000
48. ObfuscationRatio               - Score: 0.0000
49. HasSocialNet                   - Score: 0.0000
50. HasCopyrightInfo               - Score: 0.0000
================================================================================
  Automatically selected 4 Gaussians for URLSimilarityIndex (label legit)
  Automatically selected 1 Gaussians for URLSimilarityIndex (label phish)
  Automatically selected 4 Gaussians for LineOfCode (label legit)
  Automatically selected 3 Gaussians for LineOfCode (label phish)
  Automatically selected 4 Gaussians for NoOfCSS (label legit)
  Automatically selected 3 Gaussians for NoOfCSS (label phish)
  Automatically selected 4 Gaussians for NoOfJS (label legit)
  Automatically selected 4 Gaussians for NoOfJS (label phish)
  Automatically selected 4 Gaussians for NoOfSelfRef (label legit)
  Automatically selected 4 Gaussians for NoOfSelfRef (label phish)

Features Ranked by Differentiation Strength:
================================================================================
 1. URLSimilarityIndex             - Score: 1.0000
 2. NoOfOtherSpecialCharsInURL     - Score: 0.6575
 3. URLLength                      - Score: 0.5925
 4. NoOfSelfRef                    - Score: 0.5849
 5. NoOfLettersInURL               - Score: 0.5732
 6. NoOfImage                      - Score: 0.5088
 7. SpacialCharRatioInURL          - Score: 0.4872
 8. NoOfDegitsInURL                - Score: 0.4736
 9. NoOfExternalRef                - Score: 0.4659
10. URLCharProb                    - Score: 0.4299
11. LetterRatioInURL               - Score: 0.4263
12. LargestLineLength              - Score: 0.4011
13. DegitRatioInURL                - Score: 0.3941
14. NoOfJS                         - Score: 0.3932
15. NoOfCSS                        - Score: 0.3892
16. LineOfCode                     - Score: 0.3396
17. DomainLength                   - Score: 0.3285
18. DomainTitleMatchScore          - Score: 0.3189
19. NoOfiFrame                     - Score: 0.2899
20. CharContinuationRate           - Score: 0.2179
21. NoOfSubDomain                  - Score: 0.2137
22. URLTitleMatchScore             - Score: 0.2101
23. HasTitle                       - Score: 0.1933
24. HasDescription                 - Score: 0.1881
25. IsHTTPS                        - Score: 0.1821
26. NoOfPopup                      - Score: 0.1568
27. Robots                         - Score: 0.1264
28. NoOfEmptyRef                   - Score: 0.1116
29. HasPasswordField               - Score: 0.1105
30. TLDLength                      - Score: 0.0960
31. NoOfURLRedirect                - Score: 0.0959
32. NoOfSelfRedirect               - Score: 0.0654
33. Crypto                         - Score: 0.0524
34. TLDLegitimateProb              - Score: 0.0430
35. HasFavicon                     - Score: 0.0318
36. NoOfQMarkInURL                 - Score: 0.0219
37. HasExternalFormSubmit          - Score: 0.0176
38. HasHiddenFields                - Score: 0.0171
39. Bank                           - Score: 0.0141
40. Pay                            - Score: 0.0110
41. IsResponsive                   - Score: 0.0082
42. HasSubmitButton                - Score: 0.0071
43. NoOfEqualsInURL                - Score: 0.0059
44. IsDomainIP                     - Score: 0.0004
45. HasObfuscation                 - Score: 0.0003
46. NoOfAmpersandInURL             - Score: 0.0002
47. NoOfObfuscatedChar             - Score: 0.0001
48. ObfuscationRatio               - Score: 0.0000
49. HasSocialNet                   - Score: 0.0000
50. HasCopyrightInfo               - Score: 0.0000
================================================================================
  Automatically selected 1 Gaussians for URLSimilarityIndex (label phish)
  Automatically selected 3 Gaussians for URLSimilarityIndex (label legit)
  Automatically selected 4 Gaussians for NoOfOtherSpecialCharsInURL (label phish)
  Automatically selected 4 Gaussians for NoOfOtherSpecialCharsInURL (label legit)
  Automatically selected 2 Gaussians for URLLength (label phish)
  Automatically selected 4 Gaussians for URLLength (label legit)
  Automatically selected 4 Gaussians for NoOfSelfRef (label phish)
  Automatically selected 3 Gaussians for NoOfSelfRef (label legit)
  Automatically selected 2 Gaussians for NoOfLettersInURL (label phish)
  Automatically selected 4 Gaussians for NoOfLettersInURL (label legit)

Features Ranked by Differentiation Strength:
================================================================================
 1. URLSimilarityIndex             - Score: 1.0000
 2. NoOfCSS                        - Score: 0.6443
 3. SpacialCharRatioInURL          - Score: 0.5732
 4. HasTitle                       - Score: 0.5668
 5. NoOfSelfRef                    - Score: 0.5630
 6. NoOfOtherSpecialCharsInURL     - Score: 0.5290
 7. NoOfJS                         - Score: 0.5277
 8. LargestLineLength              - Score: 0.5022
 9. NoOfImage                      - Score: 0.4809
10. NoOfExternalRef                - Score: 0.4621
11. URLCharProb                    - Score: 0.4433
12. NoOfDegitsInURL                - Score: 0.3948
13. DegitRatioInURL                - Score: 0.3497
14. NoOfEmptyRef                   - Score: 0.3231
15. HasDescription                 - Score: 0.3033
16. IsResponsive                   - Score: 0.2972
17. HasCopyrightInfo               - Score: 0.2909
18. LineOfCode                     - Score: 0.2671
19. LetterRatioInURL               - Score: 0.2650
20. HasSubmitButton                - Score: 0.2497
21. Crypto                         - Score: 0.2413
22. URLLength                      - Score: 0.2389
23. Robots                         - Score: 0.2084
24. NoOfiFrame                     - Score: 0.1996
25. HasFavicon                     - Score: 0.1899
26. NoOfSubDomain                  - Score: 0.1806
27. CharContinuationRate           - Score: 0.1775
28. DomainLength                   - Score: 0.1773
29. NoOfLettersInURL               - Score: 0.1737
30. TLDLegitimateProb              - Score: 0.1512
31. DomainTitleMatchScore          - Score: 0.1457
32. HasHiddenFields                - Score: 0.0924
33. NoOfPopup                      - Score: 0.0894
34. TLDLength                      - Score: 0.0828
35. NoOfURLRedirect                - Score: 0.0684
36. URLTitleMatchScore             - Score: 0.0677
37. Bank                           - Score: 0.0575
38. IsHTTPS                        - Score: 0.0499
39. Pay                            - Score: 0.0439
40. HasPasswordField               - Score: 0.0122
41. HasExternalFormSubmit          - Score: 0.0043
42. NoOfEqualsInURL                - Score: 0.0040
43. NoOfQMarkInURL                 - Score: 0.0040
44. NoOfSelfRedirect               - Score: 0.0005
45. IsDomainIP                     - Score: 0.0000
46. HasObfuscation                 - Score: 0.0000
47. NoOfObfuscatedChar             - Score: 0.0000
48. ObfuscationRatio               - Score: 0.0000
49. NoOfAmpersandInURL             - Score: 0.0000
50. HasSocialNet                   - Score: 0.0000
================================================================================
  Automatically selected 1 Gaussians for URLSimilarityIndex (label phish)
  Automatically selected 4 Gaussians for URLSimilarityIndex (label legit)
  Automatically selected 4 Gaussians for NoOfCSS (label phish)
  Automatically selected 3 Gaussians for NoOfCSS (label legit)
  Automatically selected 4 Gaussians for SpacialCharRatioInURL (label phish)
  Automatically selected 1 Gaussians for SpacialCharRatioInURL (label legit)
  Automatically selected 2 Gaussians for HasTitle (label phish)
  Automatically selected 2 Gaussians for HasTitle (label legit)
  Automatically selected 4 Gaussians for NoOfSelfRef (label phish)
  Automatically selected 4 Gaussians for NoOfSelfRef (label legit)
  PhiUSIIL: luk done

Features Ranked by Differentiation Strength:
================================================================================
 1. URLSimilarityIndex             - Score: 1.0000
 2. HasSocialNet                   - Score: 0.7806
 3. NoOfCSS                        - Score: 0.6500
 4. HasCopyrightInfo               - Score: 0.5639
 5. NoOfOtherSpecialCharsInURL     - Score: 0.5318
 6. NoOfSelfRef                    - Score: 0.5302
 7. HasDescription                 - Score: 0.5225
 8. HasTitle                       - Score: 0.5014
 9. NoOfJS                         - Score: 0.4868
10. NoOfImage                      - Score: 0.4548
11. SpacialCharRatioInURL          - Score: 0.3713
12. NoOfiFrame                     - Score: 0.3675
13. HasSubmitButton                - Score: 0.3635
14. DegitRatioInURL                - Score: 0.3402
15. LineOfCode                     - Score: 0.3291
16. NoOfEmptyRef                   - Score: 0.3136
17. DomainTitleMatchScore          - Score: 0.3098
18. IsHTTPS                        - Score: 0.3034
19. HasHiddenFields                - Score: 0.3033
20. URLCharProb                    - Score: 0.3021
21. NoOfExternalRef                - Score: 0.2963
22. HasFavicon                     - Score: 0.2937
23. NoOfDegitsInURL                - Score: 0.2886
24. LetterRatioInURL               - Score: 0.2838
25. URLLength                      - Score: 0.2790
26. IsResponsive                   - Score: 0.2781
27. NoOfLettersInURL               - Score: 0.2775
28. Robots                         - Score: 0.2631
29. HasExternalFormSubmit          - Score: 0.2629
30. URLTitleMatchScore             - Score: 0.2554
31. LargestLineLength              - Score: 0.2540
32. DomainLength                   - Score: 0.2416
33. Pay                            - Score: 0.2369
34. NoOfPopup                      - Score: 0.2001
35. CharContinuationRate           - Score: 0.1999
36. NoOfSubDomain                  - Score: 0.1371
37. Bank                           - Score: 0.1324
38. Crypto                         - Score: 0.1317
39. HasPasswordField               - Score: 0.1010
40. NoOfSelfRedirect               - Score: 0.0766
41. TLDLength                      - Score: 0.0568
42. TLDLegitimateProb              - Score: 0.0314
43. NoOfURLRedirect                - Score: 0.0218
44. NoOfQMarkInURL                 - Score: 0.0015
45. NoOfEqualsInURL                - Score: 0.0005
46. IsDomainIP                     - Score: 0.0000
47. HasObfuscation                 - Score: 0.0000
48. NoOfAmpersandInURL             - Score: 0.0000
49. NoOfObfuscatedChar             - Score: 0.0000
50. ObfuscationRatio               - Score: 0.0000
================================================================================
  Automatically selected 4 Gaussians for URLSimilarityIndex (label legit)
  Automatically selected 1 Gaussians for URLSimilarityIndex (label phish)
  Automatically selected 2 Gaussians for HasSocialNet (label legit)
  Automatically selected 2 Gaussians for HasSocialNet (label phish)
  Automatically selected 4 Gaussians for NoOfCSS (label legit)
  Automatically selected 4 Gaussians for NoOfCSS (label phish)
  Automatically selected 2 Gaussians for HasCopyrightInfo (label legit)
  Automatically selected 2 Gaussians for HasCopyrightInfo (label phish)
  Automatically selected 4 Gaussians for NoOfOtherSpecialCharsInURL (label legit)
  Automatically selected 4 Gaussians for NoOfOtherSpecialCharsInURL (label phish)

Features Ranked by Differentiation Strength:
================================================================================
 1. URLSimilarityIndex             - Score: 1.0000
 2. HasSocialNet                   - Score: 0.7806
 3. NoOfCSS                        - Score: 0.6500
 4. HasCopyrightInfo               - Score: 0.5639
 5. NoOfOtherSpecialCharsInURL     - Score: 0.5318
 6. NoOfSelfRef                    - Score: 0.5302
 7. HasDescription                 - Score: 0.5225
 8. HasTitle                       - Score: 0.5014
 9. NoOfJS                         - Score: 0.4868
10. NoOfImage                      - Score: 0.4548
11. SpacialCharRatioInURL          - Score: 0.3713
12. NoOfiFrame                     - Score: 0.3675
13. HasSubmitButton                - Score: 0.3635
14. DegitRatioInURL                - Score: 0.3402
15. LineOfCode                     - Score: 0.3291
16. NoOfEmptyRef                   - Score: 0.3136
17. DomainTitleMatchScore          - Score: 0.3098
18. IsHTTPS                        - Score: 0.3034
19. HasHiddenFields                - Score: 0.3033
20. URLCharProb                    - Score: 0.3021
21. NoOfExternalRef                - Score: 0.2963
22. HasFavicon                     - Score: 0.2937
23. NoOfDegitsInURL                - Score: 0.2886
24. LetterRatioInURL               - Score: 0.2838
25. URLLength                      - Score: 0.2790
26. IsResponsive                   - Score: 0.2781
27. NoOfLettersInURL               - Score: 0.2775
28. Robots                         - Score: 0.2631
29. HasExternalFormSubmit          - Score: 0.2629
30. URLTitleMatchScore             - Score: 0.2554
31. LargestLineLength              - Score: 0.2540
32. DomainLength                   - Score: 0.2416
33. Pay                            - Score: 0.2369
34. NoOfPopup                      - Score: 0.2001
35. CharContinuationRate           - Score: 0.1999
36. NoOfSubDomain                  - Score: 0.1371
37. Bank                           - Score: 0.1324
38. Crypto                         - Score: 0.1317
39. HasPasswordField               - Score: 0.1010
40. NoOfSelfRedirect               - Score: 0.0766
41. TLDLength                      - Score: 0.0568
42. TLDLegitimateProb              - Score: 0.0314
43. NoOfURLRedirect                - Score: 0.0218
44. NoOfQMarkInURL                 - Score: 0.0015
45. NoOfEqualsInURL                - Score: 0.0005
46. IsDomainIP                     - Score: 0.0000
47. HasObfuscation                 - Score: 0.0000
48. NoOfAmpersandInURL             - Score: 0.0000
49. NoOfObfuscatedChar             - Score: 0.0000
50. ObfuscationRatio               - Score: 0.0000
================================================================================

Features Ranked by Differentiation Strength:
================================================================================
 1. URLSimilarityIndex             - Score: 1.0000
 2. HasSocialNet                   - Score: 0.7806
 3. NoOfCSS                        - Score: 0.6500
 4. HasCopyrightInfo               - Score: 0.5639
 5. NoOfOtherSpecialCharsInURL     - Score: 0.5318
 6. NoOfSelfRef                    - Score: 0.5302
 7. HasDescription                 - Score: 0.5225
 8. HasTitle                       - Score: 0.5014
 9. NoOfJS                         - Score: 0.4868
10. NoOfImage                      - Score: 0.4548
11. SpacialCharRatioInURL          - Score: 0.3713
12. NoOfiFrame                     - Score: 0.3675
13. HasSubmitButton                - Score: 0.3635
14. DegitRatioInURL                - Score: 0.3402
15. LineOfCode                     - Score: 0.3291
16. NoOfEmptyRef                   - Score: 0.3136
17. DomainTitleMatchScore          - Score: 0.3098
18. IsHTTPS                        - Score: 0.3034
19. HasHiddenFields                - Score: 0.3033
20. URLCharProb                    - Score: 0.3021
21. NoOfExternalRef                - Score: 0.2963
22. HasFavicon                     - Score: 0.2937
23. NoOfDegitsInURL                - Score: 0.2886
24. LetterRatioInURL               - Score: 0.2838
25. URLLength                      - Score: 0.2790
26. IsResponsive                   - Score: 0.2781
27. NoOfLettersInURL               - Score: 0.2775
28. Robots                         - Score: 0.2631
29. HasExternalFormSubmit          - Score: 0.2629
30. URLTitleMatchScore             - Score: 0.2554
31. LargestLineLength              - Score: 0.2540
32. DomainLength                   - Score: 0.2416
33. Pay                            - Score: 0.2369
34. NoOfPopup                      - Score: 0.2001
35. CharContinuationRate           - Score: 0.1999
36. NoOfSubDomain                  - Score: 0.1371
37. Bank                           - Score: 0.1324
38. Crypto                         - Score: 0.1317
39. HasPasswordField               - Score: 0.1010
40. NoOfSelfRedirect               - Score: 0.0766
41. TLDLength                      - Score: 0.0568
42. TLDLegitimateProb              - Score: 0.0314
43. NoOfURLRedirect                - Score: 0.0218
44. NoOfQMarkInURL                 - Score: 0.0015
45. NoOfEqualsInURL                - Score: 0.0005
46. IsDomainIP                     - Score: 0.0000
47. HasObfuscation                 - Score: 0.0000
48. NoOfAmpersandInURL             - Score: 0.0000
49. NoOfObfuscatedChar             - Score: 0.0000
50. ObfuscationRatio               - Score: 0.0000
================================================================================

Features Ranked by Differentiation Strength:
================================================================================
 1. URLSimilarityIndex             - Score: 1.0000
 2. LineOfCode                     - Score: 0.7673
 3. NoOfCSS                        - Score: 0.6967
 4. NoOfJS                         - Score: 0.6313
 5. NoOfSelfRef                    - Score: 0.6036
 6. NoOfOtherSpecialCharsInURL     - Score: 0.5237
 7. HasDescription                 - Score: 0.4683
 8. HasTitle                       - Score: 0.4681
 9. NoOfImage                      - Score: 0.4537
10. DegitRatioInURL                - Score: 0.3561
11. SpacialCharRatioInURL          - Score: 0.3559
12. NoOfExternalRef                - Score: 0.3378
13. NoOfiFrame                     - Score: 0.3306
14. HasSubmitButton                - Score: 0.3270
15. DomainTitleMatchScore          - Score: 0.3195
16. IsHTTPS                        - Score: 0.3162
17. LetterRatioInURL               - Score: 0.3132
18. NoOfEmptyRef                   - Score: 0.3070
19. URLCharProb                    - Score: 0.2865
20. NoOfDegitsInURL                - Score: 0.2828
21. HasHiddenFields                - Score: 0.2791
22. HasFavicon                     - Score: 0.2772
23. URLLength                      - Score: 0.2754
24. NoOfLettersInURL               - Score: 0.2751
25. NoOfSelfRedirect               - Score: 0.2726
26. URLTitleMatchScore             - Score: 0.2690
27. DomainLength                   - Score: 0.2676
28. NoOfPopup                      - Score: 0.2616
29. LargestLineLength              - Score: 0.2416
30. IsResponsive                   - Score: 0.2322
31. Pay                            - Score: 0.2035
32. Robots                         - Score: 0.1984
33. HasExternalFormSubmit          - Score: 0.1888
34. Crypto                         - Score: 0.1883
35. CharContinuationRate           - Score: 0.1861
36. NoOfSubDomain                  - Score: 0.1599
37. NoOfURLRedirect                - Score: 0.1015
38. Bank                           - Score: 0.0901
39. HasPasswordField               - Score: 0.0793
40. TLDLength                      - Score: 0.0325
41. TLDLegitimateProb              - Score: 0.0147
42. NoOfQMarkInURL                 - Score: 0.0010
43. NoOfEqualsInURL                - Score: 0.0004
44. IsDomainIP                     - Score: 0.0000
45. HasObfuscation                 - Score: 0.0000
46. NoOfAmpersandInURL             - Score: 0.0000
47. NoOfObfuscatedChar             - Score: 0.0000
48. ObfuscationRatio               - Score: 0.0000
49. HasSocialNet                   - Score: 0.0000
50. HasCopyrightInfo               - Score: 0.0000
================================================================================
  Automatically selected 4 Gaussians for URLSimilarityIndex (label legit)
  Automatically selected 1 Gaussians for URLSimilarityIndex (label phish)
  Automatically selected 4 Gaussians for LineOfCode (label legit)
  Automatically selected 3 Gaussians for LineOfCode (label phish)
  Automatically selected 4 Gaussians for NoOfCSS (label legit)
  Automatically selected 3 Gaussians for NoOfCSS (label phish)
  Automatically selected 4 Gaussians for NoOfJS (label legit)
  Automatically selected 4 Gaussians for NoOfJS (label phish)
  Automatically selected 4 Gaussians for NoOfSelfRef (label legit)
  Automatically selected 4 Gaussians for NoOfSelfRef (label phish)

Features Ranked by Differentiation Strength:
================================================================================
 1. URLSimilarityIndex             - Score: 1.0000
 2. NoOfOtherSpecialCharsInURL     - Score: 0.6673
 3. URLLength                      - Score: 0.6104
 4. NoOfLettersInURL               - Score: 0.5965
 5. NoOfSelfRef                    - Score: 0.5853
 6. NoOfImage                      - Score: 0.5085
 7. SpacialCharRatioInURL          - Score: 0.5053
 8. LetterRatioInURL               - Score: 0.4642
 9. NoOfDegitsInURL                - Score: 0.4617
10. NoOfCSS                        - Score: 0.4182
11. URLCharProb                    - Score: 0.4139
12. NoOfJS                         - Score: 0.4026
13. LargestLineLength              - Score: 0.3925
14. DegitRatioInURL                - Score: 0.3797
15. DomainTitleMatchScore          - Score: 0.3390
16. DomainLength                   - Score: 0.3381
17. LineOfCode                     - Score: 0.3146
18. NoOfExternalRef                - Score: 0.2991
19. NoOfiFrame                     - Score: 0.2874
20. HasTitle                       - Score: 0.2380
21. CharContinuationRate           - Score: 0.2322
22. URLTitleMatchScore             - Score: 0.2258
23. NoOfSubDomain                  - Score: 0.2194
24. HasDescription                 - Score: 0.1887
25. IsHTTPS                        - Score: 0.1683
26. Robots                         - Score: 0.1561
27. NoOfPopup                      - Score: 0.1388
28. NoOfEmptyRef                   - Score: 0.1122
29. NoOfURLRedirect                - Score: 0.1109
30. HasPasswordField               - Score: 0.1061
31. NoOfSelfRedirect               - Score: 0.0901
32. TLDLength                      - Score: 0.0799
33. Crypto                         - Score: 0.0544
34. HasExternalFormSubmit          - Score: 0.0365
35. TLDLegitimateProb              - Score: 0.0348
36. HasFavicon                     - Score: 0.0285
37. NoOfQMarkInURL                 - Score: 0.0234
38. HasHiddenFields                - Score: 0.0179
39. IsResponsive                   - Score: 0.0137
40. Pay                            - Score: 0.0099
41. Bank                           - Score: 0.0065
42. NoOfEqualsInURL                - Score: 0.0064
43. HasSubmitButton                - Score: 0.0028
44. HasObfuscation                 - Score: 0.0004
45. IsDomainIP                     - Score: 0.0003
46. NoOfAmpersandInURL             - Score: 0.0003
47. NoOfObfuscatedChar             - Score: 0.0002
48. ObfuscationRatio               - Score: 0.0000
49. HasSocialNet                   - Score: 0.0000
50. HasCopyrightInfo               - Score: 0.0000
================================================================================
  Automatically selected 1 Gaussians for URLSimilarityIndex (label phish)
  Automatically selected 3 Gaussians for URLSimilarityIndex (label legit)
  Automatically selected 4 Gaussians for NoOfOtherSpecialCharsInURL (label phish)
  Automatically selected 3 Gaussians for NoOfOtherSpecialCharsInURL (label legit)
  Automatically selected 2 Gaussians for URLLength (label phish)
  Automatically selected 4 Gaussians for URLLength (label legit)
  Automatically selected 2 Gaussians for NoOfLettersInURL (label phish)
  Automatically selected 4 Gaussians for NoOfLettersInURL (label legit)
  Automatically selected 4 Gaussians for NoOfSelfRef (label phish)
  Automatically selected 4 Gaussians for NoOfSelfRef (label legit)

Features Ranked by Differentiation Strength:
================================================================================
 1. URLSimilarityIndex             - Score: 1.0000
 2. NoOfOtherSpecialCharsInURL     - Score: 0.5682
 3. NoOfSelfRef                    - Score: 0.5598
 4. SpacialCharRatioInURL          - Score: 0.5341
 5. NoOfCSS                        - Score: 0.5280
 6. NoOfJS                         - Score: 0.5185
 7. NoOfDegitsInURL                - Score: 0.5171
 8. HasTitle                       - Score: 0.5100
 9. NoOfImage                      - Score: 0.4785
10. LargestLineLength              - Score: 0.4636
11. DegitRatioInURL                - Score: 0.4621
12. NoOfExternalRef                - Score: 0.4590
13. URLCharProb                    - Score: 0.4554
14. HasCopyrightInfo               - Score: 0.4182
15. NoOfEmptyRef                   - Score: 0.3366
16. LineOfCode                     - Score: 0.3235
17. URLLength                      - Score: 0.3139
18. NoOfLettersInURL               - Score: 0.3032
19. LetterRatioInURL               - Score: 0.2700
20. HasDescription                 - Score: 0.2604
21. DomainTitleMatchScore          - Score: 0.2554
22. IsResponsive                   - Score: 0.2488
23. HasFavicon                     - Score: 0.2285
24. HasSubmitButton                - Score: 0.2142
25. DomainLength                   - Score: 0.2136
26. Robots                         - Score: 0.2083
27. HasHiddenFields                - Score: 0.1792
28. CharContinuationRate           - Score: 0.1782
29. NoOfiFrame                     - Score: 0.1621
30. TLDLength                      - Score: 0.1613
31. NoOfSubDomain                  - Score: 0.1379
32. Crypto                         - Score: 0.1353
33. NoOfPopup                      - Score: 0.1218
34. TLDLegitimateProb              - Score: 0.0974
35. URLTitleMatchScore             - Score: 0.0813
36. Pay                            - Score: 0.0741
37. NoOfURLRedirect                - Score: 0.0734
38. IsHTTPS                        - Score: 0.0583
39. Bank                           - Score: 0.0278
40. HasExternalFormSubmit          - Score: 0.0212
41. HasPasswordField               - Score: 0.0133
42. IsDomainIP                     - Score: 0.0024
43. NoOfEqualsInURL                - Score: 0.0024
44. NoOfQMarkInURL                 - Score: 0.0024
45. NoOfSelfRedirect               - Score: 0.0005
46. HasObfuscation                 - Score: 0.0000
47. NoOfObfuscatedChar             - Score: 0.0000
48. ObfuscationRatio               - Score: 0.0000
49. NoOfAmpersandInURL             - Score: 0.0000
50. HasSocialNet                   - Score: 0.0000
================================================================================
  Automatically selected 1 Gaussians for URLSimilarityIndex (label phish)
  Automatically selected 3 Gaussians for URLSimilarityIndex (label legit)
  Automatically selected 4 Gaussians for NoOfOtherSpecialCharsInURL (label phish)
  Automatically selected 4 Gaussians for NoOfOtherSpecialCharsInURL (label legit)
  Automatically selected 4 Gaussians for NoOfSelfRef (label phish)
  Automatically selected 4 Gaussians for NoOfSelfRef (label legit)
  Automatically selected 4 Gaussians for SpacialCharRatioInURL (label phish)
  Automatically selected 1 Gaussians for SpacialCharRatioInURL (label legit)
  Automatically selected 4 Gaussians for NoOfCSS (label phish)
  Automatically selected 4 Gaussians for NoOfCSS (label legit)

Features Ranked by Differentiation Strength:
================================================================================
 1. URLSimilarityIndex             - Score: 1.0000
 2. HasSocialNet                   - Score: 0.7935
 3. HasCopyrightInfo               - Score: 0.5801
 4. NoOfOtherSpecialCharsInURL     - Score: 0.5425
 5. NoOfSelfRef                    - Score: 0.5398
 6. HasDescription                 - Score: 0.5389
 7. NoOfCSS                        - Score: 0.5256
 8. HasTitle                       - Score: 0.4963
 9. NoOfJS                         - Score: 0.4954
10. NoOfImage                      - Score: 0.4649
11. SpacialCharRatioInURL          - Score: 0.3852
12. HasSubmitButton                - Score: 0.3831
13. NoOfiFrame                     - Score: 0.3705
14. DegitRatioInURL                - Score: 0.3437
15. NoOfEmptyRef                   - Score: 0.3142
16. DomainTitleMatchScore          - Score: 0.3119
17. HasHiddenFields                - Score: 0.3076
18. URLCharProb                    - Score: 0.3032
19. NoOfExternalRef                - Score: 0.3021
20. IsHTTPS                        - Score: 0.2992
21. HasFavicon                     - Score: 0.2933
22. NoOfDegitsInURL                - Score: 0.2906
23. URLLength                      - Score: 0.2817
24. NoOfLettersInURL               - Score: 0.2812
25. IsResponsive                   - Score: 0.2723
26. LetterRatioInURL               - Score: 0.2703
27. LineOfCode                     - Score: 0.2683
28. Robots                         - Score: 0.2653
29. HasExternalFormSubmit          - Score: 0.2641
30. URLTitleMatchScore             - Score: 0.2586
31. LargestLineLength              - Score: 0.2487
32. DomainLength                   - Score: 0.2473
33. Pay                            - Score: 0.2391
34. NoOfPopup                      - Score: 0.2112
35. CharContinuationRate           - Score: 0.2029
36. NoOfSubDomain                  - Score: 0.1418
37. Bank                           - Score: 0.1348
38. Crypto                         - Score: 0.1332
39. HasPasswordField               - Score: 0.1058
40. NoOfSelfRedirect               - Score: 0.0756
41. TLDLength                      - Score: 0.0558
42. TLDLegitimateProb              - Score: 0.0348
43. NoOfURLRedirect                - Score: 0.0250
44. NoOfQMarkInURL                 - Score: 0.0014
45. NoOfEqualsInURL                - Score: 0.0005
46. IsDomainIP                     - Score: 0.0000
47. HasObfuscation                 - Score: 0.0000
48. NoOfAmpersandInURL             - Score: 0.0000
49. NoOfObfuscatedChar             - Score: 0.0000
50. ObfuscationRatio               - Score: 0.0000
================================================================================
  Automatically selected 1 Gaussians for URLSimilarityIndex (label phish)
  Automatically selected 4 Gaussians for URLSimilarityIndex (label legit)
  Automatically selected 2 Gaussians for HasSocialNet (label phish)
  Automatically selected 2 Gaussians for HasSocialNet (label legit)
  Automatically selected 2 Gaussians for HasCopyrightInfo (label phish)
  Automatically selected 2 Gaussians for HasCopyrightInfo (label legit)
  Automatically selected 4 Gaussians for NoOfOtherSpecialCharsInURL (label phish)
  Automatically selected 4 Gaussians for NoOfOtherSpecialCharsInURL (label legit)
  Automatically selected 4 Gaussians for NoOfSelfRef (label phish)
  Automatically selected 4 Gaussians for NoOfSelfRef (label legit)

Features Ranked by Differentiation Strength:
================================================================================
 1. URLSimilarityIndex             - Score: 1.0000
 2. HasSocialNet                   - Score: 0.7935
 3. HasCopyrightInfo               - Score: 0.5801
 4. NoOfOtherSpecialCharsInURL     - Score: 0.5425
 5. NoOfSelfRef                    - Score: 0.5398
 6. HasDescription                 - Score: 0.5389
 7. NoOfCSS                        - Score: 0.5256
 8. HasTitle                       - Score: 0.4963
 9. NoOfJS                         - Score: 0.4954
10. NoOfImage                      - Score: 0.4649
11. SpacialCharRatioInURL          - Score: 0.3852
12. HasSubmitButton                - Score: 0.3831
13. NoOfiFrame                     - Score: 0.3705
14. DegitRatioInURL                - Score: 0.3437
15. NoOfEmptyRef                   - Score: 0.3142
16. DomainTitleMatchScore          - Score: 0.3119
17. HasHiddenFields                - Score: 0.3076
18. URLCharProb                    - Score: 0.3032
19. NoOfExternalRef                - Score: 0.3021
20. IsHTTPS                        - Score: 0.2992
21. HasFavicon                     - Score: 0.2933
22. NoOfDegitsInURL                - Score: 0.2906
23. URLLength                      - Score: 0.2817
24. NoOfLettersInURL               - Score: 0.2812
25. IsResponsive                   - Score: 0.2723
26. LetterRatioInURL               - Score: 0.2703
27. LineOfCode                     - Score: 0.2683
28. Robots                         - Score: 0.2653
29. HasExternalFormSubmit          - Score: 0.2641
30. URLTitleMatchScore             - Score: 0.2586
31. LargestLineLength              - Score: 0.2487
32. DomainLength                   - Score: 0.2473
33. Pay                            - Score: 0.2391
34. NoOfPopup                      - Score: 0.2112
35. CharContinuationRate           - Score: 0.2029
36. NoOfSubDomain                  - Score: 0.1418
37. Bank                           - Score: 0.1348
38. Crypto                         - Score: 0.1332
39. HasPasswordField               - Score: 0.1058
40. NoOfSelfRedirect               - Score: 0.0756
41. TLDLength                      - Score: 0.0558
42. TLDLegitimateProb              - Score: 0.0348
43. NoOfURLRedirect                - Score: 0.0250
44. NoOfQMarkInURL                 - Score: 0.0014
45. NoOfEqualsInURL                - Score: 0.0005
46. IsDomainIP                     - Score: 0.0000
47. HasObfuscation                 - Score: 0.0000
48. NoOfAmpersandInURL             - Score: 0.0000
49. NoOfObfuscatedChar             - Score: 0.0000
50. ObfuscationRatio               - Score: 0.0000
================================================================================

Features Ranked by Differentiation Strength:
================================================================================
 1. URLSimilarityIndex             - Score: 1.0000
 2. HasSocialNet                   - Score: 0.7935
 3. HasCopyrightInfo               - Score: 0.5801
 4. NoOfOtherSpecialCharsInURL     - Score: 0.5425
 5. NoOfSelfRef                    - Score: 0.5398
 6. HasDescription                 - Score: 0.5389
 7. NoOfCSS                        - Score: 0.5256
 8. HasTitle                       - Score: 0.4963
 9. NoOfJS                         - Score: 0.4954
10. NoOfImage                      - Score: 0.4649
11. SpacialCharRatioInURL          - Score: 0.3852
12. HasSubmitButton                - Score: 0.3831
13. NoOfiFrame                     - Score: 0.3705
14. DegitRatioInURL                - Score: 0.3437
15. NoOfEmptyRef                   - Score: 0.3142
16. DomainTitleMatchScore          - Score: 0.3119
17. HasHiddenFields                - Score: 0.3076
18. URLCharProb                    - Score: 0.3032
19. NoOfExternalRef                - Score: 0.3021
20. IsHTTPS                        - Score: 0.2992
21. HasFavicon                     - Score: 0.2933
22. NoOfDegitsInURL                - Score: 0.2906
23. URLLength                      - Score: 0.2817
24. NoOfLettersInURL               - Score: 0.2812
25. IsResponsive                   - Score: 0.2723
26. LetterRatioInURL               - Score: 0.2703
27. LineOfCode                     - Score: 0.2683
28. Robots                         - Score: 0.2653
29. HasExternalFormSubmit          - Score: 0.2641
30. URLTitleMatchScore             - Score: 0.2586
31. LargestLineLength              - Score: 0.2487
32. DomainLength                   - Score: 0.2473
33. Pay                            - Score: 0.2391
34. NoOfPopup                      - Score: 0.2112
35. CharContinuationRate           - Score: 0.2029
36. NoOfSubDomain                  - Score: 0.1418
37. Bank                           - Score: 0.1348
38. Crypto                         - Score: 0.1332
39. HasPasswordField               - Score: 0.1058
40. NoOfSelfRedirect               - Score: 0.0756
41. TLDLength                      - Score: 0.0558
42. TLDLegitimateProb              - Score: 0.0348
43. NoOfURLRedirect                - Score: 0.0250
44. NoOfQMarkInURL                 - Score: 0.0014
45. NoOfEqualsInURL                - Score: 0.0005
46. IsDomainIP                     - Score: 0.0000
47. HasObfuscation                 - Score: 0.0000
48. NoOfAmpersandInURL             - Score: 0.0000
49. NoOfObfuscatedChar             - Score: 0.0000
50. ObfuscationRatio               - Score: 0.0000
================================================================================

Features Ranked by Differentiation Strength:
================================================================================
 1. URLSimilarityIndex             - Score: 1.0000
 2. LineOfCode                     - Score: 0.7885
 3. NoOfCSS                        - Score: 0.7101
 4. NoOfJS                         - Score: 0.6309
 5. NoOfSelfRef                    - Score: 0.6170
 6. NoOfOtherSpecialCharsInURL     - Score: 0.5309
 7. NoOfImage                      - Score: 0.4811
 8. HasTitle                       - Score: 0.4726
 9. HasDescription                 - Score: 0.4684
10. DegitRatioInURL                - Score: 0.3650
11. SpacialCharRatioInURL          - Score: 0.3648
12. NoOfiFrame                     - Score: 0.3525
13. NoOfExternalRef                - Score: 0.3456
14. HasSubmitButton                - Score: 0.3417
15. DomainTitleMatchScore          - Score: 0.3201
16. IsHTTPS                        - Score: 0.3116
17. LetterRatioInURL               - Score: 0.3047
18. NoOfEmptyRef                   - Score: 0.2981
19. URLCharProb                    - Score: 0.2907
20. NoOfDegitsInURL                - Score: 0.2867
21. HasFavicon                     - Score: 0.2852
22. DomainLength                   - Score: 0.2817
23. NoOfLettersInURL               - Score: 0.2798
24. URLLength                      - Score: 0.2794
25. HasHiddenFields                - Score: 0.2792
26. URLTitleMatchScore             - Score: 0.2704
27. NoOfPopup                      - Score: 0.2511
28. LargestLineLength              - Score: 0.2358
29. NoOfSelfRedirect               - Score: 0.2328
30. IsResponsive                   - Score: 0.2233
31. Pay                            - Score: 0.2078
32. Robots                         - Score: 0.2050
33. Crypto                         - Score: 0.2003
34. HasExternalFormSubmit          - Score: 0.1948
35. CharContinuationRate           - Score: 0.1855
36. NoOfSubDomain                  - Score: 0.1603
37. Bank                           - Score: 0.1003
38. NoOfURLRedirect                - Score: 0.0957
39. HasPasswordField               - Score: 0.0802
40. TLDLength                      - Score: 0.0298
41. TLDLegitimateProb              - Score: 0.0152
42. NoOfQMarkInURL                 - Score: 0.0010
43. NoOfEqualsInURL                - Score: 0.0004
44. IsDomainIP                     - Score: 0.0000
45. HasObfuscation                 - Score: 0.0000
46. NoOfAmpersandInURL             - Score: 0.0000
47. NoOfObfuscatedChar             - Score: 0.0000
48. ObfuscationRatio               - Score: 0.0000
49. HasSocialNet                   - Score: 0.0000
50. HasCopyrightInfo               - Score: 0.0000
================================================================================
  Automatically selected 4 Gaussians for URLSimilarityIndex (label legit)
  Automatically selected 1 Gaussians for URLSimilarityIndex (label phish)
  Automatically selected 4 Gaussians for LineOfCode (label legit)
  Automatically selected 3 Gaussians for LineOfCode (label phish)
  Automatically selected 4 Gaussians for NoOfCSS (label legit)
  Automatically selected 3 Gaussians for NoOfCSS (label phish)
  Automatically selected 4 Gaussians for NoOfJS (label legit)
  Automatically selected 4 Gaussians for NoOfJS (label phish)
  Automatically selected 4 Gaussians for NoOfSelfRef (label legit)
  Automatically selected 4 Gaussians for NoOfSelfRef (label phish)

Features Ranked by Differentiation Strength:
================================================================================
 1. URLSimilarityIndex             - Score: 1.0000
 2. NoOfOtherSpecialCharsInURL     - Score: 0.6533
 3. URLLength                      - Score: 0.6016
 4. NoOfLettersInURL               - Score: 0.5791
 5. NoOfSelfRef                    - Score: 0.5702
 6. SpacialCharRatioInURL          - Score: 0.5067
 7. NoOfImage                      - Score: 0.4993
 8. LetterRatioInURL               - Score: 0.4679
 9. NoOfDegitsInURL                - Score: 0.4514
10. NoOfJS                         - Score: 0.4140
11. URLCharProb                    - Score: 0.3872
12. LargestLineLength              - Score: 0.3862
13. NoOfCSS                        - Score: 0.3745
14. DegitRatioInURL                - Score: 0.3657
15. DomainLength                   - Score: 0.3303
16. DomainTitleMatchScore          - Score: 0.3237
17. LineOfCode                     - Score: 0.3049
18. NoOfExternalRef                - Score: 0.2911
19. NoOfiFrame                     - Score: 0.2797
20. CharContinuationRate           - Score: 0.2281
21. NoOfSubDomain                  - Score: 0.2154
22. URLTitleMatchScore             - Score: 0.2127
23. HasDescription                 - Score: 0.1875
24. NoOfEmptyRef                   - Score: 0.1731
25. IsHTTPS                        - Score: 0.1706
26. NoOfPopup                      - Score: 0.1587
27. Robots                         - Score: 0.1486
28. HasTitle                       - Score: 0.1389
29. NoOfURLRedirect                - Score: 0.1068
30. NoOfSelfRedirect               - Score: 0.1064
31. HasPasswordField               - Score: 0.0962
32. TLDLength                      - Score: 0.0882
33. Crypto                         - Score: 0.0565
34. TLDLegitimateProb              - Score: 0.0424
35. IsResponsive                   - Score: 0.0260
36. NoOfQMarkInURL                 - Score: 0.0226
37. HasFavicon                     - Score: 0.0220
38. HasExternalFormSubmit          - Score: 0.0177
39. HasHiddenFields                - Score: 0.0157
40. Pay                            - Score: 0.0155
41. HasSubmitButton                - Score: 0.0070
42. NoOfEqualsInURL                - Score: 0.0051
43. Bank                           - Score: 0.0018
44. IsDomainIP                     - Score: 0.0003
45. HasObfuscation                 - Score: 0.0003
46. NoOfAmpersandInURL             - Score: 0.0003
47. NoOfObfuscatedChar             - Score: 0.0002
48. ObfuscationRatio               - Score: 0.0000
49. HasSocialNet                   - Score: 0.0000
50. HasCopyrightInfo               - Score: 0.0000
================================================================================
  Automatically selected 1 Gaussians for URLSimilarityIndex (label phish)
  Automatically selected 3 Gaussians for URLSimilarityIndex (label legit)
  Automatically selected 4 Gaussians for NoOfOtherSpecialCharsInURL (label phish)
  Automatically selected 3 Gaussians for NoOfOtherSpecialCharsInURL (label legit)
  Automatically selected 2 Gaussians for URLLength (label phish)
  Automatically selected 4 Gaussians for URLLength (label legit)
  Automatically selected 2 Gaussians for NoOfLettersInURL (label phish)
  Automatically selected 4 Gaussians for NoOfLettersInURL (label legit)
  Automatically selected 4 Gaussians for NoOfSelfRef (label phish)
  Automatically selected 3 Gaussians for NoOfSelfRef (label legit)

Features Ranked by Differentiation Strength:
================================================================================
 1. URLSimilarityIndex             - Score: 1.0000
 2. HasTitle                       - Score: 0.5718
 3. NoOfSelfRef                    - Score: 0.5641
 4. SpacialCharRatioInURL          - Score: 0.5521
 5. NoOfOtherSpecialCharsInURL     - Score: 0.5433
 6. NoOfJS                         - Score: 0.5236
 7. NoOfImage                      - Score: 0.4845
 8. NoOfExternalRef                - Score: 0.4644
 9. NoOfDegitsInURL                - Score: 0.4629
10. URLCharProb                    - Score: 0.4570
11. LargestLineLength              - Score: 0.4526
12. DegitRatioInURL                - Score: 0.4351
13. NoOfCSS                        - Score: 0.4187
14. IsResponsive                   - Score: 0.3838
15. NoOfiFrame                     - Score: 0.3586
16. HasFavicon                     - Score: 0.3470
17. NoOfEmptyRef                   - Score: 0.3192
18. URLLength                      - Score: 0.2952
19. HasSubmitButton                - Score: 0.2847
20. LineOfCode                     - Score: 0.2701
21. HasCopyrightInfo               - Score: 0.2631
22. NoOfLettersInURL               - Score: 0.2594
23. HasDescription                 - Score: 0.2522
24. LetterRatioInURL               - Score: 0.2327
25. DomainLength                   - Score: 0.2259
26. NoOfPopup                      - Score: 0.2214
27. CharContinuationRate           - Score: 0.2176
28. Crypto                         - Score: 0.2114
29. Robots                         - Score: 0.2067
30. HasHiddenFields                - Score: 0.1677
31. DomainTitleMatchScore          - Score: 0.1331
32. NoOfSubDomain                  - Score: 0.1231
33. NoOfURLRedirect                - Score: 0.1227
34. URLTitleMatchScore             - Score: 0.0962
35. TLDLength                      - Score: 0.0935
36. TLDLegitimateProb              - Score: 0.0875
37. IsHTTPS                        - Score: 0.0697
38. Pay                            - Score: 0.0656
39. HasExternalFormSubmit          - Score: 0.0177
40. HasPasswordField               - Score: 0.0126
41. Bank                           - Score: 0.0094
42. IsDomainIP                     - Score: 0.0029
43. NoOfEqualsInURL                - Score: 0.0029
44. NoOfQMarkInURL                 - Score: 0.0029
45. NoOfSelfRedirect               - Score: 0.0005
46. HasObfuscation                 - Score: 0.0000
47. NoOfObfuscatedChar             - Score: 0.0000
48. ObfuscationRatio               - Score: 0.0000
49. NoOfAmpersandInURL             - Score: 0.0000
50. HasSocialNet                   - Score: 0.0000
================================================================================
  Automatically selected 1 Gaussians for URLSimilarityIndex (label phish)
  Automatically selected 4 Gaussians for URLSimilarityIndex (label legit)
  Automatically selected 2 Gaussians for HasTitle (label phish)
  Automatically selected 2 Gaussians for HasTitle (label legit)
  Automatically selected 4 Gaussians for NoOfSelfRef (label phish)
  Automatically selected 4 Gaussians for NoOfSelfRef (label legit)
  Automatically selected 4 Gaussians for SpacialCharRatioInURL (label phish)
  Automatically selected 1 Gaussians for SpacialCharRatioInURL (label legit)
  Automatically selected 4 Gaussians for NoOfOtherSpecialCharsInURL (label phish)
  Automatically selected 4 Gaussians for NoOfOtherSpecialCharsInURL (label legit)

Features Ranked by Differentiation Strength:
================================================================================
 1. URLSimilarityIndex             - Score: 1.0000
 2. HasSocialNet                   - Score: 0.7813
 3. HasCopyrightInfo               - Score: 0.5715
 4. HasDescription                 - Score: 0.5347
 5. NoOfOtherSpecialCharsInURL     - Score: 0.5336
 6. NoOfSelfRef                    - Score: 0.5317
 7. NoOfCSS                        - Score: 0.5210
 8. HasTitle                       - Score: 0.5096
 9. NoOfJS                         - Score: 0.4908
10. NoOfImage                      - Score: 0.4607
11. SpacialCharRatioInURL          - Score: 0.3778
12. HasSubmitButton                - Score: 0.3638
13. NoOfiFrame                     - Score: 0.3624
14. DegitRatioInURL                - Score: 0.3377
15. LineOfCode                     - Score: 0.3292
16. DomainTitleMatchScore          - Score: 0.3144
17. URLCharProb                    - Score: 0.3103
18. HasHiddenFields                - Score: 0.3060
19. NoOfEmptyRef                   - Score: 0.3039
20. IsHTTPS                        - Score: 0.3032
21. NoOfExternalRef                - Score: 0.2973
22. HasFavicon                     - Score: 0.2867
23. NoOfDegitsInURL                - Score: 0.2858
24. URLLength                      - Score: 0.2792
25. NoOfLettersInURL               - Score: 0.2788
26. LargestLineLength              - Score: 0.2722
27. IsResponsive                   - Score: 0.2720
28. Robots                         - Score: 0.2672
29. LetterRatioInURL               - Score: 0.2653
30. URLTitleMatchScore             - Score: 0.2585
31. HasExternalFormSubmit          - Score: 0.2496
32. DomainLength                   - Score: 0.2425
33. Pay                            - Score: 0.2378
34. CharContinuationRate           - Score: 0.2022
35. NoOfPopup                      - Score: 0.2014
36. NoOfSubDomain                  - Score: 0.1421
37. Bank                           - Score: 0.1334
38. Crypto                         - Score: 0.1322
39. HasPasswordField               - Score: 0.0977
40. NoOfSelfRedirect               - Score: 0.0739
41. TLDLength                      - Score: 0.0585
42. TLDLegitimateProb              - Score: 0.0336
43. NoOfURLRedirect                - Score: 0.0230
44. NoOfQMarkInURL                 - Score: 0.0015
45. NoOfEqualsInURL                - Score: 0.0005
46. IsDomainIP                     - Score: 0.0000
47. HasObfuscation                 - Score: 0.0000
48. NoOfAmpersandInURL             - Score: 0.0000
49. NoOfObfuscatedChar             - Score: 0.0000
50. ObfuscationRatio               - Score: 0.0000
================================================================================
  Automatically selected 1 Gaussians for URLSimilarityIndex (label phish)
  Automatically selected 4 Gaussians for URLSimilarityIndex (label legit)
  Automatically selected 2 Gaussians for HasSocialNet (label phish)
  Automatically selected 2 Gaussians for HasSocialNet (label legit)
  Automatically selected 2 Gaussians for HasCopyrightInfo (label phish)
  Automatically selected 2 Gaussians for HasCopyrightInfo (label legit)
  Automatically selected 2 Gaussians for HasDescription (label phish)
  Automatically selected 2 Gaussians for HasDescription (label legit)
  Automatically selected 4 Gaussians for NoOfOtherSpecialCharsInURL (label phish)
  Automatically selected 4 Gaussians for NoOfOtherSpecialCharsInURL (label legit)

Features Ranked by Differentiation Strength:
================================================================================
 1. URLSimilarityIndex             - Score: 1.0000
 2. HasSocialNet                   - Score: 0.7813
 3. HasCopyrightInfo               - Score: 0.5715
 4. HasDescription                 - Score: 0.5347
 5. NoOfOtherSpecialCharsInURL     - Score: 0.5336
 6. NoOfSelfRef                    - Score: 0.5317
 7. NoOfCSS                        - Score: 0.5210
 8. HasTitle                       - Score: 0.5096
 9. NoOfJS                         - Score: 0.4908
10. NoOfImage                      - Score: 0.4607
11. SpacialCharRatioInURL          - Score: 0.3778
12. HasSubmitButton                - Score: 0.3638
13. NoOfiFrame                     - Score: 0.3624
14. DegitRatioInURL                - Score: 0.3377
15. LineOfCode                     - Score: 0.3292
16. DomainTitleMatchScore          - Score: 0.3144
17. URLCharProb                    - Score: 0.3103
18. HasHiddenFields                - Score: 0.3060
19. NoOfEmptyRef                   - Score: 0.3039
20. IsHTTPS                        - Score: 0.3032
21. NoOfExternalRef                - Score: 0.2973
22. HasFavicon                     - Score: 0.2867
23. NoOfDegitsInURL                - Score: 0.2858
24. URLLength                      - Score: 0.2792
25. NoOfLettersInURL               - Score: 0.2788
26. LargestLineLength              - Score: 0.2722
27. IsResponsive                   - Score: 0.2720
28. Robots                         - Score: 0.2672
29. LetterRatioInURL               - Score: 0.2653
30. URLTitleMatchScore             - Score: 0.2585
31. HasExternalFormSubmit          - Score: 0.2496
32. DomainLength                   - Score: 0.2425
33. Pay                            - Score: 0.2378
34. CharContinuationRate           - Score: 0.2022
35. NoOfPopup                      - Score: 0.2014
36. NoOfSubDomain                  - Score: 0.1421
37. Bank                           - Score: 0.1334
38. Crypto                         - Score: 0.1322
39. HasPasswordField               - Score: 0.0977
40. NoOfSelfRedirect               - Score: 0.0739
41. TLDLength                      - Score: 0.0585
42. TLDLegitimateProb              - Score: 0.0336
43. NoOfURLRedirect                - Score: 0.0230
44. NoOfQMarkInURL                 - Score: 0.0015
45. NoOfEqualsInURL                - Score: 0.0005
46. IsDomainIP                     - Score: 0.0000
47. HasObfuscation                 - Score: 0.0000
48. NoOfAmpersandInURL             - Score: 0.0000
49. NoOfObfuscatedChar             - Score: 0.0000
50. ObfuscationRatio               - Score: 0.0000
================================================================================

Features Ranked by Differentiation Strength:
================================================================================
 1. URLSimilarityIndex             - Score: 1.0000
 2. HasSocialNet                   - Score: 0.7813
 3. HasCopyrightInfo               - Score: 0.5715
 4. HasDescription                 - Score: 0.5347
 5. NoOfOtherSpecialCharsInURL     - Score: 0.5336
 6. NoOfSelfRef                    - Score: 0.5317
 7. NoOfCSS                        - Score: 0.5210
 8. HasTitle                       - Score: 0.5096
 9. NoOfJS                         - Score: 0.4908
10. NoOfImage                      - Score: 0.4607
11. SpacialCharRatioInURL          - Score: 0.3778
12. HasSubmitButton                - Score: 0.3638
13. NoOfiFrame                     - Score: 0.3624
14. DegitRatioInURL                - Score: 0.3377
15. LineOfCode                     - Score: 0.3292
16. DomainTitleMatchScore          - Score: 0.3144
17. URLCharProb                    - Score: 0.3103
18. HasHiddenFields                - Score: 0.3060
19. NoOfEmptyRef                   - Score: 0.3039
20. IsHTTPS                        - Score: 0.3032
21. NoOfExternalRef                - Score: 0.2973
22. HasFavicon                     - Score: 0.2867
23. NoOfDegitsInURL                - Score: 0.2858
24. URLLength                      - Score: 0.2792
25. NoOfLettersInURL               - Score: 0.2788
26. LargestLineLength              - Score: 0.2722
27. IsResponsive                   - Score: 0.2720
28. Robots                         - Score: 0.2672
29. LetterRatioInURL               - Score: 0.2653
30. URLTitleMatchScore             - Score: 0.2585
31. HasExternalFormSubmit          - Score: 0.2496
32. DomainLength                   - Score: 0.2425
33. Pay                            - Score: 0.2378
34. CharContinuationRate           - Score: 0.2022
35. NoOfPopup                      - Score: 0.2014
36. NoOfSubDomain                  - Score: 0.1421
37. Bank                           - Score: 0.1334
38. Crypto                         - Score: 0.1322
39. HasPasswordField               - Score: 0.0977
40. NoOfSelfRedirect               - Score: 0.0739
41. TLDLength                      - Score: 0.0585
42. TLDLegitimateProb              - Score: 0.0336
43. NoOfURLRedirect                - Score: 0.0230
44. NoOfQMarkInURL                 - Score: 0.0015
45. NoOfEqualsInURL                - Score: 0.0005
46. IsDomainIP                     - Score: 0.0000
47. HasObfuscation                 - Score: 0.0000
48. NoOfAmpersandInURL             - Score: 0.0000
49. NoOfObfuscatedChar             - Score: 0.0000
50. ObfuscationRatio               - Score: 0.0000
================================================================================

Features Ranked by Differentiation Strength:
================================================================================
 1. URLSimilarityIndex             - Score: 1.0000
 2. LineOfCode                     - Score: 0.7823
 3. NoOfCSS                        - Score: 0.7053
 4. NoOfJS                         - Score: 0.6432
 5. NoOfSelfRef                    - Score: 0.6216
 6. NoOfOtherSpecialCharsInURL     - Score: 0.5236
 7. HasTitle                       - Score: 0.5028
 8. NoOfImage                      - Score: 0.4832
 9. HasDescription                 - Score: 0.4600
10. SpacialCharRatioInURL          - Score: 0.3598
11. NoOfExternalRef                - Score: 0.3401
12. NoOfiFrame                     - Score: 0.3370
13. DegitRatioInURL                - Score: 0.3326
14. HasSubmitButton                - Score: 0.3264
15. DomainTitleMatchScore          - Score: 0.3257
16. IsHTTPS                        - Score: 0.3150
17. LetterRatioInURL               - Score: 0.2998
18. URLCharProb                    - Score: 0.2861
19. NoOfEmptyRef                   - Score: 0.2857
20. NoOfDegitsInURL                - Score: 0.2807
21. HasFavicon                     - Score: 0.2787
22. NoOfLettersInURL               - Score: 0.2769
23. URLLength                      - Score: 0.2762
24. HasHiddenFields                - Score: 0.2748
25. DomainLength                   - Score: 0.2741
26. URLTitleMatchScore             - Score: 0.2730
27. LargestLineLength              - Score: 0.2608
28. NoOfPopup                      - Score: 0.2437
29. NoOfSelfRedirect               - Score: 0.2295
30. IsResponsive                   - Score: 0.2280
31. Pay                            - Score: 0.2126
32. Robots                         - Score: 0.1952
33. CharContinuationRate           - Score: 0.1857
34. NoOfSubDomain                  - Score: 0.1661
35. HasExternalFormSubmit          - Score: 0.1647
36. Crypto                         - Score: 0.1488
37. Bank                           - Score: 0.0920
38. HasPasswordField               - Score: 0.0898
39. NoOfURLRedirect                - Score: 0.0879
40. TLDLength                      - Score: 0.0324
41. TLDLegitimateProb              - Score: 0.0148
42. NoOfQMarkInURL                 - Score: 0.0011
43. NoOfEqualsInURL                - Score: 0.0004
44. IsDomainIP                     - Score: 0.0000
45. HasObfuscation                 - Score: 0.0000
46. NoOfAmpersandInURL             - Score: 0.0000
47. NoOfObfuscatedChar             - Score: 0.0000
48. ObfuscationRatio               - Score: 0.0000
49. HasSocialNet                   - Score: 0.0000
50. HasCopyrightInfo               - Score: 0.0000
================================================================================
  Automatically selected 4 Gaussians for URLSimilarityIndex (label legit)
  Automatically selected 1 Gaussians for URLSimilarityIndex (label phish)
  Automatically selected 4 Gaussians for LineOfCode (label legit)
  Automatically selected 4 Gaussians for LineOfCode (label phish)
  Automatically selected 4 Gaussians for NoOfCSS (label legit)
  Automatically selected 3 Gaussians for NoOfCSS (label phish)
  Automatically selected 4 Gaussians for NoOfJS (label legit)
  Automatically selected 4 Gaussians for NoOfJS (label phish)
  Automatically selected 4 Gaussians for NoOfSelfRef (label legit)
  Automatically selected 4 Gaussians for NoOfSelfRef (label phish)

Features Ranked by Differentiation Strength:
================================================================================
 1. URLSimilarityIndex             - Score: 1.0000
 2. NoOfOtherSpecialCharsInURL     - Score: 0.6736
 3. URLLength                      - Score: 0.6209
 4. NoOfSelfRef                    - Score: 0.6087
 5. NoOfLettersInURL               - Score: 0.5971
 6. SpacialCharRatioInURL          - Score: 0.5335
 7. NoOfDegitsInURL                - Score: 0.4692
 8. NoOfImage                      - Score: 0.4609
 9. LetterRatioInURL               - Score: 0.4521
10. URLCharProb                    - Score: 0.4402
11. NoOfJS                         - Score: 0.4315
12. LargestLineLength              - Score: 0.4020
13. DegitRatioInURL                - Score: 0.3975
14. NoOfCSS                        - Score: 0.3781
15. DomainTitleMatchScore          - Score: 0.3523
16. DomainLength                   - Score: 0.3400
17. LineOfCode                     - Score: 0.3130
18. NoOfExternalRef                - Score: 0.3013
19. NoOfiFrame                     - Score: 0.2573
20. CharContinuationRate           - Score: 0.2499
21. URLTitleMatchScore             - Score: 0.2388
22. NoOfSubDomain                  - Score: 0.2314
23. HasDescription                 - Score: 0.1985
24. HasTitle                       - Score: 0.1834
25. IsHTTPS                        - Score: 0.1767
26. NoOfPopup                      - Score: 0.1716
27. Robots                         - Score: 0.1484
28. HasPasswordField               - Score: 0.1051
29. TLDLength                      - Score: 0.1022
30. NoOfURLRedirect                - Score: 0.1018
31. NoOfSelfRedirect               - Score: 0.0932
32. NoOfEmptyRef                   - Score: 0.0668
33. TLDLegitimateProb              - Score: 0.0477
34. Crypto                         - Score: 0.0418
35. NoOfQMarkInURL                 - Score: 0.0242
36. HasFavicon                     - Score: 0.0213
37. IsResponsive                   - Score: 0.0166
38. HasHiddenFields                - Score: 0.0164
39. Bank                           - Score: 0.0121
40. Pay                            - Score: 0.0102
41. NoOfEqualsInURL                - Score: 0.0062
42. HasExternalFormSubmit          - Score: 0.0041
43. HasSubmitButton                - Score: 0.0019
44. HasObfuscation                 - Score: 0.0004
45. IsDomainIP                     - Score: 0.0003
46. NoOfAmpersandInURL             - Score: 0.0003
47. NoOfObfuscatedChar             - Score: 0.0002
48. ObfuscationRatio               - Score: 0.0000
49. HasSocialNet                   - Score: 0.0000
50. HasCopyrightInfo               - Score: 0.0000
================================================================================
  Automatically selected 1 Gaussians for URLSimilarityIndex (label phish)
  Automatically selected 3 Gaussians for URLSimilarityIndex (label legit)
  Automatically selected 4 Gaussians for NoOfOtherSpecialCharsInURL (label phish)
  Automatically selected 3 Gaussians for NoOfOtherSpecialCharsInURL (label legit)
  Automatically selected 2 Gaussians for URLLength (label phish)
  Automatically selected 4 Gaussians for URLLength (label legit)
  Automatically selected 4 Gaussians for NoOfSelfRef (label phish)
  Automatically selected 4 Gaussians for NoOfSelfRef (label legit)
  Automatically selected 2 Gaussians for NoOfLettersInURL (label phish)
  Automatically selected 4 Gaussians for NoOfLettersInURL (label legit)

Features Ranked by Differentiation Strength:
================================================================================
 1. URLSimilarityIndex             - Score: 1.0000
 2. NoOfSelfRef                    - Score: 0.5628
 3. HasTitle                       - Score: 0.5388
 4. SpacialCharRatioInURL          - Score: 0.5292
 5. LineOfCode                     - Score: 0.5246
 6. NoOfJS                         - Score: 0.5225
 7. NoOfOtherSpecialCharsInURL     - Score: 0.5118
 8. NoOfImage                      - Score: 0.4854
 9. URLCharProb                    - Score: 0.4662
10. NoOfExternalRef                - Score: 0.4637
11. LargestLineLength              - Score: 0.4560
12. NoOfDegitsInURL                - Score: 0.4558
13. DegitRatioInURL                - Score: 0.4320
14. NoOfCSS                        - Score: 0.4128
15. IsResponsive                   - Score: 0.3852
16. NoOfiFrame                     - Score: 0.3836
17. HasFavicon                     - Score: 0.3439
18. NoOfEmptyRef                   - Score: 0.3258
19. HasCopyrightInfo               - Score: 0.3206
20. URLLength                      - Score: 0.2653
21. HasDescription                 - Score: 0.2532
22. NoOfLettersInURL               - Score: 0.2505
23. LetterRatioInURL               - Score: 0.2504
24. Robots                         - Score: 0.2135
25. Crypto                         - Score: 0.2061
26. DomainLength                   - Score: 0.2060
27. HasSubmitButton                - Score: 0.2035
28. CharContinuationRate           - Score: 0.1976
29. DomainTitleMatchScore          - Score: 0.1420
30. IsHTTPS                        - Score: 0.1229
31. NoOfPopup                      - Score: 0.1214
32. HasHiddenFields                - Score: 0.1207
33. NoOfSubDomain                  - Score: 0.1138
34. URLTitleMatchScore             - Score: 0.1045
35. TLDLegitimateProb              - Score: 0.0873
36. NoOfURLRedirect                - Score: 0.0856
37. TLDLength                      - Score: 0.0781
38. Pay                            - Score: 0.0649
39. HasExternalFormSubmit          - Score: 0.0175
40. HasPasswordField               - Score: 0.0121
41. Bank                           - Score: 0.0087
42. IsDomainIP                     - Score: 0.0029
43. NoOfEqualsInURL                - Score: 0.0029
44. NoOfQMarkInURL                 - Score: 0.0029
45. NoOfSelfRedirect               - Score: 0.0005
46. HasObfuscation                 - Score: 0.0000
47. NoOfObfuscatedChar             - Score: 0.0000
48. ObfuscationRatio               - Score: 0.0000
49. NoOfAmpersandInURL             - Score: 0.0000
50. HasSocialNet                   - Score: 0.0000
================================================================================
  Automatically selected 1 Gaussians for URLSimilarityIndex (label phish)
  Automatically selected 1 Gaussians for URLSimilarityIndex (label legit)
  Automatically selected 4 Gaussians for NoOfSelfRef (label phish)
  Automatically selected 4 Gaussians for NoOfSelfRef (label legit)
  Automatically selected 2 Gaussians for HasTitle (label phish)
  Automatically selected 2 Gaussians for HasTitle (label legit)
  Automatically selected 4 Gaussians for SpacialCharRatioInURL (label phish)
  Automatically selected 2 Gaussians for SpacialCharRatioInURL (label legit)
  Automatically selected 4 Gaussians for LineOfCode (label phish)
  Automatically selected 2 Gaussians for LineOfCode (label legit)

Features Ranked by Differentiation Strength:
================================================================================
 1. URLSimilarityIndex             - Score: 1.0000
 2. HasSocialNet                   - Score: 0.7989
 3. HasCopyrightInfo               - Score: 0.5793
 4. NoOfOtherSpecialCharsInURL     - Score: 0.5434
 5. NoOfSelfRef                    - Score: 0.5391
 6. HasDescription                 - Score: 0.5368
 7. NoOfCSS                        - Score: 0.5251
 8. HasTitle                       - Score: 0.5019
 9. NoOfJS                         - Score: 0.4991
10. NoOfImage                      - Score: 0.4660
11. NoOfExternalRef                - Score: 0.4479
12. SpacialCharRatioInURL          - Score: 0.3901
13. HasSubmitButton                - Score: 0.3732
14. NoOfiFrame                     - Score: 0.3728
15. DegitRatioInURL                - Score: 0.3464
16. DomainTitleMatchScore          - Score: 0.3207
17. URLCharProb                    - Score: 0.3139
18. HasHiddenFields                - Score: 0.3038
19. NoOfEmptyRef                   - Score: 0.3027
20. IsHTTPS                        - Score: 0.2980
21. HasFavicon                     - Score: 0.2952
22. NoOfDegitsInURL                - Score: 0.2923
23. LetterRatioInURL               - Score: 0.2833
24. URLLength                      - Score: 0.2820
25. NoOfLettersInURL               - Score: 0.2811
26. IsResponsive                   - Score: 0.2804
27. URLTitleMatchScore             - Score: 0.2678
28. Robots                         - Score: 0.2678
29. LineOfCode                     - Score: 0.2607
30. LargestLineLength              - Score: 0.2605
31. HasExternalFormSubmit          - Score: 0.2561
32. DomainLength                   - Score: 0.2458
33. Pay                            - Score: 0.2349
34. NoOfPopup                      - Score: 0.2101
35. CharContinuationRate           - Score: 0.2077
36. NoOfSubDomain                  - Score: 0.1448
37. Crypto                         - Score: 0.1412
38. Bank                           - Score: 0.1292
39. HasPasswordField               - Score: 0.1008
40. NoOfSelfRedirect               - Score: 0.0782
41. TLDLength                      - Score: 0.0566
42. TLDLegitimateProb              - Score: 0.0332
43. NoOfURLRedirect                - Score: 0.0217
44. NoOfQMarkInURL                 - Score: 0.0017
45. NoOfEqualsInURL                - Score: 0.0005
46. IsDomainIP                     - Score: 0.0000
47. HasObfuscation                 - Score: 0.0000
48. NoOfAmpersandInURL             - Score: 0.0000
49. NoOfObfuscatedChar             - Score: 0.0000
50. ObfuscationRatio               - Score: 0.0000
================================================================================
  Automatically selected 4 Gaussians for URLSimilarityIndex (label legit)
  Automatically selected 1 Gaussians for URLSimilarityIndex (label phish)
  Automatically selected 2 Gaussians for HasSocialNet (label legit)
  Automatically selected 2 Gaussians for HasSocialNet (label phish)
  Automatically selected 2 Gaussians for HasCopyrightInfo (label legit)
  Automatically selected 2 Gaussians for HasCopyrightInfo (label phish)
  Automatically selected 4 Gaussians for NoOfOtherSpecialCharsInURL (label legit)
  Automatically selected 4 Gaussians for NoOfOtherSpecialCharsInURL (label phish)
  Automatically selected 4 Gaussians for NoOfSelfRef (label legit)
  Automatically selected 4 Gaussians for NoOfSelfRef (label phish)

Features Ranked by Differentiation Strength:
================================================================================
 1. URLSimilarityIndex             - Score: 1.0000
 2. HasSocialNet                   - Score: 0.7989
 3. HasCopyrightInfo               - Score: 0.5793
 4. NoOfOtherSpecialCharsInURL     - Score: 0.5434
 5. NoOfSelfRef                    - Score: 0.5391
 6. HasDescription                 - Score: 0.5368
 7. NoOfCSS                        - Score: 0.5251
 8. HasTitle                       - Score: 0.5019
 9. NoOfJS                         - Score: 0.4991
10. NoOfImage                      - Score: 0.4660
11. NoOfExternalRef                - Score: 0.4479
12. SpacialCharRatioInURL          - Score: 0.3901
13. HasSubmitButton                - Score: 0.3732
14. NoOfiFrame                     - Score: 0.3728
15. DegitRatioInURL                - Score: 0.3464
16. DomainTitleMatchScore          - Score: 0.3207
17. URLCharProb                    - Score: 0.3139
18. HasHiddenFields                - Score: 0.3038
19. NoOfEmptyRef                   - Score: 0.3027
20. IsHTTPS                        - Score: 0.2980
21. HasFavicon                     - Score: 0.2952
22. NoOfDegitsInURL                - Score: 0.2923
23. LetterRatioInURL               - Score: 0.2833
24. URLLength                      - Score: 0.2820
25. NoOfLettersInURL               - Score: 0.2811
26. IsResponsive                   - Score: 0.2804
27. URLTitleMatchScore             - Score: 0.2678
28. Robots                         - Score: 0.2678
29. LineOfCode                     - Score: 0.2607
30. LargestLineLength              - Score: 0.2605
31. HasExternalFormSubmit          - Score: 0.2561
32. DomainLength                   - Score: 0.2458
33. Pay                            - Score: 0.2349
34. NoOfPopup                      - Score: 0.2101
35. CharContinuationRate           - Score: 0.2077
36. NoOfSubDomain                  - Score: 0.1448
37. Crypto                         - Score: 0.1412
38. Bank                           - Score: 0.1292
39. HasPasswordField               - Score: 0.1008
40. NoOfSelfRedirect               - Score: 0.0782
41. TLDLength                      - Score: 0.0566
42. TLDLegitimateProb              - Score: 0.0332
43. NoOfURLRedirect                - Score: 0.0217
44. NoOfQMarkInURL                 - Score: 0.0017
45. NoOfEqualsInURL                - Score: 0.0005
46. IsDomainIP                     - Score: 0.0000
47. HasObfuscation                 - Score: 0.0000
48. NoOfAmpersandInURL             - Score: 0.0000
49. NoOfObfuscatedChar             - Score: 0.0000
50. ObfuscationRatio               - Score: 0.0000
================================================================================

Features Ranked by Differentiation Strength:
================================================================================
 1. URLSimilarityIndex             - Score: 1.0000
 2. HasSocialNet                   - Score: 0.7989
 3. HasCopyrightInfo               - Score: 0.5793
 4. NoOfOtherSpecialCharsInURL     - Score: 0.5434
 5. NoOfSelfRef                    - Score: 0.5391
 6. HasDescription                 - Score: 0.5368
 7. NoOfCSS                        - Score: 0.5251
 8. HasTitle                       - Score: 0.5019
 9. NoOfJS                         - Score: 0.4991
10. NoOfImage                      - Score: 0.4660
11. NoOfExternalRef                - Score: 0.4479
12. SpacialCharRatioInURL          - Score: 0.3901
13. HasSubmitButton                - Score: 0.3732
14. NoOfiFrame                     - Score: 0.3728
15. DegitRatioInURL                - Score: 0.3464
16. DomainTitleMatchScore          - Score: 0.3207
17. URLCharProb                    - Score: 0.3139
18. HasHiddenFields                - Score: 0.3038
19. NoOfEmptyRef                   - Score: 0.3027
20. IsHTTPS                        - Score: 0.2980
21. HasFavicon                     - Score: 0.2952
22. NoOfDegitsInURL                - Score: 0.2923
23. LetterRatioInURL               - Score: 0.2833
24. URLLength                      - Score: 0.2820
25. NoOfLettersInURL               - Score: 0.2811
26. IsResponsive                   - Score: 0.2804
27. URLTitleMatchScore             - Score: 0.2678
28. Robots                         - Score: 0.2678
29. LineOfCode                     - Score: 0.2607
30. LargestLineLength              - Score: 0.2605
31. HasExternalFormSubmit          - Score: 0.2561
32. DomainLength                   - Score: 0.2458
33. Pay                            - Score: 0.2349
34. NoOfPopup                      - Score: 0.2101
35. CharContinuationRate           - Score: 0.2077
36. NoOfSubDomain                  - Score: 0.1448
37. Crypto                         - Score: 0.1412
38. Bank                           - Score: 0.1292
39. HasPasswordField               - Score: 0.1008
40. NoOfSelfRedirect               - Score: 0.0782
41. TLDLength                      - Score: 0.0566
42. TLDLegitimateProb              - Score: 0.0332
43. NoOfURLRedirect                - Score: 0.0217
44. NoOfQMarkInURL                 - Score: 0.0017
45. NoOfEqualsInURL                - Score: 0.0005
46. IsDomainIP                     - Score: 0.0000
47. HasObfuscation                 - Score: 0.0000
48. NoOfAmpersandInURL             - Score: 0.0000
49. NoOfObfuscatedChar             - Score: 0.0000
50. ObfuscationRatio               - Score: 0.0000
================================================================================

Features Ranked by Differentiation Strength:
================================================================================
 1. URLSimilarityIndex             - Score: 1.0000
 2. LineOfCode                     - Score: 0.7310
 3. NoOfCSS                        - Score: 0.7074
 4. NoOfExternalRef                - Score: 0.6638
 5. NoOfJS                         - Score: 0.6317
 6. NoOfSelfRef                    - Score: 0.6152
 7. NoOfOtherSpecialCharsInURL     - Score: 0.5344
 8. NoOfImage                      - Score: 0.4783
 9. HasTitle                       - Score: 0.4772
10. HasDescription                 - Score: 0.4703
11. SpacialCharRatioInURL          - Score: 0.3781
12. DegitRatioInURL                - Score: 0.3501
13. DomainTitleMatchScore          - Score: 0.3345
14. NoOfiFrame                     - Score: 0.3341
15. HasSubmitButton                - Score: 0.3249
16. IsHTTPS                        - Score: 0.3083
17. LetterRatioInURL               - Score: 0.3057
18. URLCharProb                    - Score: 0.2879
19. NoOfEmptyRef                   - Score: 0.2869
20. NoOfDegitsInURL                - Score: 0.2858
21. URLTitleMatchScore             - Score: 0.2851
22. NoOfLettersInURL               - Score: 0.2792
23. URLLength                      - Score: 0.2785
24. HasHiddenFields                - Score: 0.2729
25. HasFavicon                     - Score: 0.2703
26. NoOfPopup                      - Score: 0.2671
27. DomainLength                   - Score: 0.2628
28. LargestLineLength              - Score: 0.2427
29. NoOfSelfRedirect               - Score: 0.2334
30. IsResponsive                   - Score: 0.2317
31. Robots                         - Score: 0.2080
32. Pay                            - Score: 0.2064
33. Crypto                         - Score: 0.1977
34. CharContinuationRate           - Score: 0.1936
35. HasExternalFormSubmit          - Score: 0.1807
36. NoOfSubDomain                  - Score: 0.1743
37. Bank                           - Score: 0.0871
38. NoOfURLRedirect                - Score: 0.0771
39. HasPasswordField               - Score: 0.0765
40. TLDLength                      - Score: 0.0435
41. TLDLegitimateProb              - Score: 0.0137
42. NoOfQMarkInURL                 - Score: 0.0011
43. NoOfEqualsInURL                - Score: 0.0004
44. IsDomainIP                     - Score: 0.0000
45. HasObfuscation                 - Score: 0.0000
46. NoOfAmpersandInURL             - Score: 0.0000
47. NoOfObfuscatedChar             - Score: 0.0000
48. ObfuscationRatio               - Score: 0.0000
49. HasSocialNet                   - Score: 0.0000
50. HasCopyrightInfo               - Score: 0.0000
================================================================================
  Automatically selected 4 Gaussians for URLSimilarityIndex (label legit)
  Automatically selected 1 Gaussians for URLSimilarityIndex (label phish)
  Automatically selected 4 Gaussians for LineOfCode (label legit)
  Automatically selected 3 Gaussians for LineOfCode (label phish)
  Automatically selected 4 Gaussians for NoOfCSS (label legit)
  Automatically selected 3 Gaussians for NoOfCSS (label phish)
  Automatically selected 4 Gaussians for NoOfExternalRef (label legit)
  Automatically selected 4 Gaussians for NoOfExternalRef (label phish)
  Automatically selected 4 Gaussians for NoOfJS (label legit)
  Automatically selected 4 Gaussians for NoOfJS (label phish)

Features Ranked by Differentiation Strength:
================================================================================
 1. URLSimilarityIndex             - Score: 1.0000
 2. NoOfOtherSpecialCharsInURL     - Score: 0.6751
 3. URLLength                      - Score: 0.6159
 4. NoOfLettersInURL               - Score: 0.6038
 5. SpacialCharRatioInURL          - Score: 0.5336
 6. NoOfSelfRef                    - Score: 0.5139
 7. NoOfImage                      - Score: 0.5012
 8. NoOfDegitsInURL                - Score: 0.4736
 9. LetterRatioInURL               - Score: 0.4441
10. URLCharProb                    - Score: 0.4297
11. NoOfExternalRef                - Score: 0.4259
12. NoOfJS                         - Score: 0.4107
13. LargestLineLength              - Score: 0.4033
14. DegitRatioInURL                - Score: 0.3954
15. NoOfCSS                        - Score: 0.3747
16. DomainTitleMatchScore          - Score: 0.3462
17. DomainLength                   - Score: 0.3442
18. LineOfCode                     - Score: 0.3400
19. NoOfiFrame                     - Score: 0.2749
20. CharContinuationRate           - Score: 0.2448
21. URLTitleMatchScore             - Score: 0.2367
22. NoOfSubDomain                  - Score: 0.2278
23. HasDescription                 - Score: 0.2002
24. HasTitle                       - Score: 0.1905
25. IsHTTPS                        - Score: 0.1872
26. NoOfPopup                      - Score: 0.1646
27. Robots                         - Score: 0.1427
28. HasPasswordField               - Score: 0.1084
29. NoOfEmptyRef                   - Score: 0.1078
30. NoOfURLRedirect                - Score: 0.1011
31. TLDLength                      - Score: 0.1007
32. NoOfSelfRedirect               - Score: 0.0910
33. TLDLegitimateProb              - Score: 0.0449
34. Crypto                         - Score: 0.0378
35. HasExternalFormSubmit          - Score: 0.0290
36. HasFavicon                     - Score: 0.0286
37. NoOfQMarkInURL                 - Score: 0.0276
38. IsResponsive                   - Score: 0.0121
39. HasHiddenFields                - Score: 0.0119
40. Bank                           - Score: 0.0103
41. Pay                            - Score: 0.0086
42. NoOfEqualsInURL                - Score: 0.0067
43. HasSubmitButton                - Score: 0.0021
44. IsDomainIP                     - Score: 0.0005
45. HasObfuscation                 - Score: 0.0004
46. NoOfAmpersandInURL             - Score: 0.0003
47. NoOfObfuscatedChar             - Score: 0.0002
48. ObfuscationRatio               - Score: 0.0000
49. HasSocialNet                   - Score: 0.0000
50. HasCopyrightInfo               - Score: 0.0000
================================================================================
  Automatically selected 3 Gaussians for URLSimilarityIndex (label legit)
  Automatically selected 1 Gaussians for URLSimilarityIndex (label phish)
  Automatically selected 3 Gaussians for NoOfOtherSpecialCharsInURL (label legit)
  Automatically selected 4 Gaussians for NoOfOtherSpecialCharsInURL (label phish)
  Automatically selected 4 Gaussians for URLLength (label legit)
  Automatically selected 2 Gaussians for URLLength (label phish)
  Automatically selected 4 Gaussians for NoOfLettersInURL (label legit)
  Automatically selected 2 Gaussians for NoOfLettersInURL (label phish)
  Automatically selected 4 Gaussians for SpacialCharRatioInURL (label legit)
  Automatically selected 2 Gaussians for SpacialCharRatioInURL (label phish)

Features Ranked by Differentiation Strength:
================================================================================
 1. URLSimilarityIndex             - Score: 1.0000
 2. SpacialCharRatioInURL          - Score: 0.5903
 3. NoOfSelfRef                    - Score: 0.5595
 4. NoOfOtherSpecialCharsInURL     - Score: 0.5575
 5. NoOfJS                         - Score: 0.5205
 6. URLCharProb                    - Score: 0.5071
 7. HasTitle                       - Score: 0.5052
 8. LargestLineLength              - Score: 0.5040
 9. NoOfImage                      - Score: 0.4810
10. NoOfDegitsInURL                - Score: 0.4639
11. NoOfExternalRef                - Score: 0.4594
12. DegitRatioInURL                - Score: 0.4393
13. NoOfCSS                        - Score: 0.3949
14. IsResponsive                   - Score: 0.3534
15. NoOfEmptyRef                   - Score: 0.3210
16. HasDescription                 - Score: 0.2976
17. LetterRatioInURL               - Score: 0.2748
18. LineOfCode                     - Score: 0.2679
19. HasSubmitButton                - Score: 0.2519
20. URLLength                      - Score: 0.2510
21. NoOfLettersInURL               - Score: 0.2410
22. TLDLegitimateProb              - Score: 0.2384
23. HasCopyrightInfo               - Score: 0.2317
24. DomainTitleMatchScore          - Score: 0.2193
25. Robots                         - Score: 0.2071
26. CharContinuationRate           - Score: 0.2049
27. NoOfiFrame                     - Score: 0.1968
28. DomainLength                   - Score: 0.1968
29. HasFavicon                     - Score: 0.1907
30. NoOfSubDomain                  - Score: 0.1755
31. Crypto                         - Score: 0.1715
32. HasHiddenFields                - Score: 0.1409
33. TLDLength                      - Score: 0.1321
34. NoOfPopup                      - Score: 0.1232
35. URLTitleMatchScore             - Score: 0.1165
36. NoOfURLRedirect                - Score: 0.1076
37. IsHTTPS                        - Score: 0.1027
38. Bank                           - Score: 0.0245
39. Pay                            - Score: 0.0131
40. HasPasswordField               - Score: 0.0123
41. IsDomainIP                     - Score: 0.0040
42. NoOfEqualsInURL                - Score: 0.0040
43. NoOfQMarkInURL                 - Score: 0.0040
44. HasExternalFormSubmit          - Score: 0.0020
45. NoOfSelfRedirect               - Score: 0.0005
46. HasObfuscation                 - Score: 0.0000
47. NoOfObfuscatedChar             - Score: 0.0000
48. ObfuscationRatio               - Score: 0.0000
49. NoOfAmpersandInURL             - Score: 0.0000
50. HasSocialNet                   - Score: 0.0000
================================================================================
  Automatically selected 1 Gaussians for URLSimilarityIndex (label phish)
  Automatically selected 1 Gaussians for URLSimilarityIndex (label legit)
  Automatically selected 4 Gaussians for SpacialCharRatioInURL (label phish)
  Automatically selected 1 Gaussians for SpacialCharRatioInURL (label legit)
  Automatically selected 4 Gaussians for NoOfSelfRef (label phish)
  Automatically selected 2 Gaussians for NoOfSelfRef (label legit)
  Automatically selected 4 Gaussians for NoOfOtherSpecialCharsInURL (label phish)
  Automatically selected 4 Gaussians for NoOfOtherSpecialCharsInURL (label legit)
  Automatically selected 4 Gaussians for NoOfJS (label phish)
  Automatically selected 4 Gaussians for NoOfJS (label legit)

Features Ranked by Differentiation Strength:
================================================================================
 1. URLSimilarityIndex             - Score: 1.0000
 2. HasSocialNet                   - Score: 0.8016
 3. NoOfCSS                        - Score: 0.6063
 4. HasCopyrightInfo               - Score: 0.5875
 5. NoOfSelfRef                    - Score: 0.5422
 6. NoOfOtherSpecialCharsInURL     - Score: 0.5417
 7. HasDescription                 - Score: 0.5415
 8. HasTitle                       - Score: 0.5080
 9. NoOfJS                         - Score: 0.4984
10. NoOfImage                      - Score: 0.4647
11. SpacialCharRatioInURL          - Score: 0.3833
12. HasSubmitButton                - Score: 0.3784
13. NoOfiFrame                     - Score: 0.3741
14. DegitRatioInURL                - Score: 0.3443
15. NoOfEmptyRef                   - Score: 0.3158
16. DomainTitleMatchScore          - Score: 0.3143
17. HasHiddenFields                - Score: 0.3108
18. URLCharProb                    - Score: 0.3095
19. NoOfPopup                      - Score: 0.3080
20. NoOfExternalRef                - Score: 0.3080
21. IsHTTPS                        - Score: 0.3042
22. HasFavicon                     - Score: 0.2967
23. NoOfDegitsInURL                - Score: 0.2902
24. NoOfLettersInURL               - Score: 0.2831
25. URLLength                      - Score: 0.2830
26. IsResponsive                   - Score: 0.2803
27. LetterRatioInURL               - Score: 0.2745
28. HasExternalFormSubmit          - Score: 0.2641
29. Robots                         - Score: 0.2632
30. LineOfCode                     - Score: 0.2610
31. URLTitleMatchScore             - Score: 0.2605
32. LargestLineLength              - Score: 0.2563
33. DomainLength                   - Score: 0.2497
34. Pay                            - Score: 0.2421
35. CharContinuationRate           - Score: 0.2042
36. NoOfSubDomain                  - Score: 0.1440
37. Bank                           - Score: 0.1348
38. Crypto                         - Score: 0.1257
39. HasPasswordField               - Score: 0.1000
40. NoOfSelfRedirect               - Score: 0.0744
41. TLDLength                      - Score: 0.0615
42. TLDLegitimateProb              - Score: 0.0324
43. NoOfURLRedirect                - Score: 0.0203
44. NoOfQMarkInURL                 - Score: 0.0014
45. NoOfEqualsInURL                - Score: 0.0005
46. IsDomainIP                     - Score: 0.0000
47. HasObfuscation                 - Score: 0.0000
48. NoOfAmpersandInURL             - Score: 0.0000
49. NoOfObfuscatedChar             - Score: 0.0000
50. ObfuscationRatio               - Score: 0.0000
================================================================================
  Automatically selected 1 Gaussians for URLSimilarityIndex (label phish)
  Automatically selected 4 Gaussians for URLSimilarityIndex (label legit)
  Automatically selected 2 Gaussians for HasSocialNet (label phish)
  Automatically selected 2 Gaussians for HasSocialNet (label legit)
  Automatically selected 4 Gaussians for NoOfCSS (label phish)
  Automatically selected 4 Gaussians for NoOfCSS (label legit)
  Automatically selected 2 Gaussians for HasCopyrightInfo (label phish)
  Automatically selected 2 Gaussians for HasCopyrightInfo (label legit)
  Automatically selected 4 Gaussians for NoOfSelfRef (label phish)
  Automatically selected 4 Gaussians for NoOfSelfRef (label legit)

Features Ranked by Differentiation Strength:
================================================================================
 1. URLSimilarityIndex             - Score: 1.0000
 2. HasSocialNet                   - Score: 0.8016
 3. NoOfCSS                        - Score: 0.6063
 4. HasCopyrightInfo               - Score: 0.5875
 5. NoOfSelfRef                    - Score: 0.5422
 6. NoOfOtherSpecialCharsInURL     - Score: 0.5417
 7. HasDescription                 - Score: 0.5415
 8. HasTitle                       - Score: 0.5080
 9. NoOfJS                         - Score: 0.4984
10. NoOfImage                      - Score: 0.4647
11. SpacialCharRatioInURL          - Score: 0.3833
12. HasSubmitButton                - Score: 0.3784
13. NoOfiFrame                     - Score: 0.3741
14. DegitRatioInURL                - Score: 0.3443
15. NoOfEmptyRef                   - Score: 0.3158
16. DomainTitleMatchScore          - Score: 0.3143
17. HasHiddenFields                - Score: 0.3108
18. URLCharProb                    - Score: 0.3095
19. NoOfPopup                      - Score: 0.3080
20. NoOfExternalRef                - Score: 0.3080
21. IsHTTPS                        - Score: 0.3042
22. HasFavicon                     - Score: 0.2967
23. NoOfDegitsInURL                - Score: 0.2902
24. NoOfLettersInURL               - Score: 0.2831
25. URLLength                      - Score: 0.2830
26. IsResponsive                   - Score: 0.2803
27. LetterRatioInURL               - Score: 0.2745
28. HasExternalFormSubmit          - Score: 0.2641
29. Robots                         - Score: 0.2632
30. LineOfCode                     - Score: 0.2610
31. URLTitleMatchScore             - Score: 0.2605
32. LargestLineLength              - Score: 0.2563
33. DomainLength                   - Score: 0.2497
34. Pay                            - Score: 0.2421
35. CharContinuationRate           - Score: 0.2042
36. NoOfSubDomain                  - Score: 0.1440
37. Bank                           - Score: 0.1348
38. Crypto                         - Score: 0.1257
39. HasPasswordField               - Score: 0.1000
40. NoOfSelfRedirect               - Score: 0.0744
41. TLDLength                      - Score: 0.0615
42. TLDLegitimateProb              - Score: 0.0324
43. NoOfURLRedirect                - Score: 0.0203
44. NoOfQMarkInURL                 - Score: 0.0014
45. NoOfEqualsInURL                - Score: 0.0005
46. IsDomainIP                     - Score: 0.0000
47. HasObfuscation                 - Score: 0.0000
48. NoOfAmpersandInURL             - Score: 0.0000
49. NoOfObfuscatedChar             - Score: 0.0000
50. ObfuscationRatio               - Score: 0.0000
================================================================================

Features Ranked by Differentiation Strength:
================================================================================
 1. URLSimilarityIndex             - Score: 1.0000
 2. HasSocialNet                   - Score: 0.8016
 3. NoOfCSS                        - Score: 0.6063
 4. HasCopyrightInfo               - Score: 0.5875
 5. NoOfSelfRef                    - Score: 0.5422
 6. NoOfOtherSpecialCharsInURL     - Score: 0.5417
 7. HasDescription                 - Score: 0.5415
 8. HasTitle                       - Score: 0.5080
 9. NoOfJS                         - Score: 0.4984
10. NoOfImage                      - Score: 0.4647
11. SpacialCharRatioInURL          - Score: 0.3833
12. HasSubmitButton                - Score: 0.3784
13. NoOfiFrame                     - Score: 0.3741
14. DegitRatioInURL                - Score: 0.3443
15. NoOfEmptyRef                   - Score: 0.3158
16. DomainTitleMatchScore          - Score: 0.3143
17. HasHiddenFields                - Score: 0.3108
18. URLCharProb                    - Score: 0.3095
19. NoOfPopup                      - Score: 0.3080
20. NoOfExternalRef                - Score: 0.3080
21. IsHTTPS                        - Score: 0.3042
22. HasFavicon                     - Score: 0.2967
23. NoOfDegitsInURL                - Score: 0.2902
24. NoOfLettersInURL               - Score: 0.2831
25. URLLength                      - Score: 0.2830
26. IsResponsive                   - Score: 0.2803
27. LetterRatioInURL               - Score: 0.2745
28. HasExternalFormSubmit          - Score: 0.2641
29. Robots                         - Score: 0.2632
30. LineOfCode                     - Score: 0.2610
31. URLTitleMatchScore             - Score: 0.2605
32. LargestLineLength              - Score: 0.2563
33. DomainLength                   - Score: 0.2497
34. Pay                            - Score: 0.2421
35. CharContinuationRate           - Score: 0.2042
36. NoOfSubDomain                  - Score: 0.1440
37. Bank                           - Score: 0.1348
38. Crypto                         - Score: 0.1257
39. HasPasswordField               - Score: 0.1000
40. NoOfSelfRedirect               - Score: 0.0744
41. TLDLength                      - Score: 0.0615
42. TLDLegitimateProb              - Score: 0.0324
43. NoOfURLRedirect                - Score: 0.0203
44. NoOfQMarkInURL                 - Score: 0.0014
45. NoOfEqualsInURL                - Score: 0.0005
46. IsDomainIP                     - Score: 0.0000
47. HasObfuscation                 - Score: 0.0000
48. NoOfAmpersandInURL             - Score: 0.0000
49. NoOfObfuscatedChar             - Score: 0.0000
50. ObfuscationRatio               - Score: 0.0000
================================================================================

Features Ranked by Differentiation Strength:
================================================================================
 1. URLSimilarityIndex             - Score: 1.0000
 2. LineOfCode                     - Score: 0.7957
 3. NoOfCSS                        - Score: 0.7010
 4. NoOfJS                         - Score: 0.6332
 5. NoOfSelfRef                    - Score: 0.6079
 6. NoOfOtherSpecialCharsInURL     - Score: 0.5309
 7. HasDescription                 - Score: 0.4807
 8. HasTitle                       - Score: 0.4767
 9. NoOfImage                      - Score: 0.4758
10. SpacialCharRatioInURL          - Score: 0.3632
11. NoOfiFrame                     - Score: 0.3577
12. NoOfExternalRef                - Score: 0.3466
13. DegitRatioInURL                - Score: 0.3444
14. HasSubmitButton                - Score: 0.3437
15. DomainTitleMatchScore          - Score: 0.3262
16. IsHTTPS                        - Score: 0.3153
17. LetterRatioInURL               - Score: 0.3048
18. NoOfEmptyRef                   - Score: 0.2934
19. NoOfDegitsInURL                - Score: 0.2848
20. NoOfLettersInURL               - Score: 0.2815
21. URLCharProb                    - Score: 0.2808
22. URLLength                      - Score: 0.2802
23. HasHiddenFields                - Score: 0.2781
24. URLTitleMatchScore             - Score: 0.2760
25. DomainLength                   - Score: 0.2748
26. HasFavicon                     - Score: 0.2632
27. NoOfPopup                      - Score: 0.2462
28. LargestLineLength              - Score: 0.2438
29. NoOfSelfRedirect               - Score: 0.2309
30. Pay                            - Score: 0.2180
31. IsResponsive                   - Score: 0.2147
32. Robots                         - Score: 0.2103
33. CharContinuationRate           - Score: 0.1873
34. HasExternalFormSubmit          - Score: 0.1784
35. NoOfSubDomain                  - Score: 0.1658
36. Crypto                         - Score: 0.1489
37. Bank                           - Score: 0.1200
38. HasPasswordField               - Score: 0.0858
39. NoOfURLRedirect                - Score: 0.0808
40. TLDLength                      - Score: 0.0307
41. TLDLegitimateProb              - Score: 0.0138
42. NoOfQMarkInURL                 - Score: 0.0010
43. NoOfEqualsInURL                - Score: 0.0004
44. IsDomainIP                     - Score: 0.0000
45. HasObfuscation                 - Score: 0.0000
46. NoOfAmpersandInURL             - Score: 0.0000
47. NoOfObfuscatedChar             - Score: 0.0000
48. ObfuscationRatio               - Score: 0.0000
49. HasSocialNet                   - Score: 0.0000
50. HasCopyrightInfo               - Score: 0.0000
================================================================================
  Automatically selected 4 Gaussians for URLSimilarityIndex (label legit)
  Automatically selected 1 Gaussians for URLSimilarityIndex (label phish)
  Automatically selected 4 Gaussians for LineOfCode (label legit)
  Automatically selected 3 Gaussians for LineOfCode (label phish)
  Automatically selected 4 Gaussians for NoOfCSS (label legit)
  Automatically selected 3 Gaussians for NoOfCSS (label phish)
  Automatically selected 4 Gaussians for NoOfJS (label legit)
  Automatically selected 4 Gaussians for NoOfJS (label phish)
  Automatically selected 4 Gaussians for NoOfSelfRef (label legit)
  Automatically selected 4 Gaussians for NoOfSelfRef (label phish)

Features Ranked by Differentiation Strength:
================================================================================
 1. URLSimilarityIndex             - Score: 1.0000
 2. NoOfOtherSpecialCharsInURL     - Score: 0.6575
 3. URLLength                      - Score: 0.5925
 4. NoOfSelfRef                    - Score: 0.5849
 5. NoOfLettersInURL               - Score: 0.5732
 6. NoOfImage                      - Score: 0.5088
 7. SpacialCharRatioInURL          - Score: 0.4872
 8. NoOfDegitsInURL                - Score: 0.4736
 9. NoOfExternalRef                - Score: 0.4659
10. URLCharProb                    - Score: 0.4299
11. LetterRatioInURL               - Score: 0.4263
12. LargestLineLength              - Score: 0.4011
13. DegitRatioInURL                - Score: 0.3941
14. NoOfJS                         - Score: 0.3932
15. NoOfCSS                        - Score: 0.3892
16. LineOfCode                     - Score: 0.3396
17. DomainLength                   - Score: 0.3285
18. DomainTitleMatchScore          - Score: 0.3189
19. NoOfiFrame                     - Score: 0.2899
20. CharContinuationRate           - Score: 0.2179
21. NoOfSubDomain                  - Score: 0.2137
22. URLTitleMatchScore             - Score: 0.2101
23. HasTitle                       - Score: 0.1933
24. HasDescription                 - Score: 0.1881
25. IsHTTPS                        - Score: 0.1821
26. NoOfPopup                      - Score: 0.1568
27. Robots                         - Score: 0.1264
28. NoOfEmptyRef                   - Score: 0.1116
29. HasPasswordField               - Score: 0.1105
30. TLDLength                      - Score: 0.0960
31. NoOfURLRedirect                - Score: 0.0959
32. NoOfSelfRedirect               - Score: 0.0654
33. Crypto                         - Score: 0.0524
34. TLDLegitimateProb              - Score: 0.0430
35. HasFavicon                     - Score: 0.0318
36. NoOfQMarkInURL                 - Score: 0.0219
37. HasExternalFormSubmit          - Score: 0.0176
38. HasHiddenFields                - Score: 0.0171
39. Bank                           - Score: 0.0141
40. Pay                            - Score: 0.0110
41. IsResponsive                   - Score: 0.0082
42. HasSubmitButton                - Score: 0.0071
43. NoOfEqualsInURL                - Score: 0.0059
44. IsDomainIP                     - Score: 0.0004
45. HasObfuscation                 - Score: 0.0003
46. NoOfAmpersandInURL             - Score: 0.0002
47. NoOfObfuscatedChar             - Score: 0.0001
48. ObfuscationRatio               - Score: 0.0000
49. HasSocialNet                   - Score: 0.0000
50. HasCopyrightInfo               - Score: 0.0000
================================================================================
  Automatically selected 1 Gaussians for URLSimilarityIndex (label phish)
  Automatically selected 3 Gaussians for URLSimilarityIndex (label legit)
  Automatically selected 4 Gaussians for NoOfOtherSpecialCharsInURL (label phish)
  Automatically selected 4 Gaussians for NoOfOtherSpecialCharsInURL (label legit)
  Automatically selected 2 Gaussians for URLLength (label phish)
  Automatically selected 4 Gaussians for URLLength (label legit)
  Automatically selected 4 Gaussians for NoOfSelfRef (label phish)
  Automatically selected 3 Gaussians for NoOfSelfRef (label legit)
  Automatically selected 2 Gaussians for NoOfLettersInURL (label phish)
  Automatically selected 4 Gaussians for NoOfLettersInURL (label legit)

Features Ranked by Differentiation Strength:
================================================================================
 1. URLSimilarityIndex             - Score: 1.0000
 2. NoOfCSS                        - Score: 0.6443
 3. SpacialCharRatioInURL          - Score: 0.5732
 4. HasTitle                       - Score: 0.5668
 5. NoOfSelfRef                    - Score: 0.5630
 6. NoOfOtherSpecialCharsInURL     - Score: 0.5290
 7. NoOfJS                         - Score: 0.5277
 8. LargestLineLength              - Score: 0.5022
 9. NoOfImage                      - Score: 0.4809
10. NoOfExternalRef                - Score: 0.4621
11. URLCharProb                    - Score: 0.4433
12. NoOfDegitsInURL                - Score: 0.3948
13. DegitRatioInURL                - Score: 0.3497
14. NoOfEmptyRef                   - Score: 0.3231
15. HasDescription                 - Score: 0.3033
16. IsResponsive                   - Score: 0.2972
17. HasCopyrightInfo               - Score: 0.2909
18. LineOfCode                     - Score: 0.2671
19. LetterRatioInURL               - Score: 0.2650
20. HasSubmitButton                - Score: 0.2497
21. Crypto                         - Score: 0.2413
22. URLLength                      - Score: 0.2389
23. Robots                         - Score: 0.2084
24. NoOfiFrame                     - Score: 0.1996
25. HasFavicon                     - Score: 0.1899
26. NoOfSubDomain                  - Score: 0.1806
27. CharContinuationRate           - Score: 0.1775
28. DomainLength                   - Score: 0.1773
29. NoOfLettersInURL               - Score: 0.1737
30. TLDLegitimateProb              - Score: 0.1512
31. DomainTitleMatchScore          - Score: 0.1457
32. HasHiddenFields                - Score: 0.0924
33. NoOfPopup                      - Score: 0.0894
34. TLDLength                      - Score: 0.0828
35. NoOfURLRedirect                - Score: 0.0684
36. URLTitleMatchScore             - Score: 0.0677
37. Bank                           - Score: 0.0575
38. IsHTTPS                        - Score: 0.0499
39. Pay                            - Score: 0.0439
40. HasPasswordField               - Score: 0.0122
41. HasExternalFormSubmit          - Score: 0.0043
42. NoOfEqualsInURL                - Score: 0.0040
43. NoOfQMarkInURL                 - Score: 0.0040
44. NoOfSelfRedirect               - Score: 0.0005
45. IsDomainIP                     - Score: 0.0000
46. HasObfuscation                 - Score: 0.0000
47. NoOfObfuscatedChar             - Score: 0.0000
48. ObfuscationRatio               - Score: 0.0000
49. NoOfAmpersandInURL             - Score: 0.0000
50. HasSocialNet                   - Score: 0.0000
================================================================================
  Automatically selected 1 Gaussians for URLSimilarityIndex (label phish)
  Automatically selected 4 Gaussians for URLSimilarityIndex (label legit)
  Automatically selected 4 Gaussians for NoOfCSS (label phish)
  Automatically selected 3 Gaussians for NoOfCSS (label legit)
  Automatically selected 4 Gaussians for SpacialCharRatioInURL (label phish)
  Automatically selected 1 Gaussians for SpacialCharRatioInURL (label legit)
  Automatically selected 2 Gaussians for HasTitle (label phish)
  Automatically selected 2 Gaussians for HasTitle (label legit)
  Automatically selected 4 Gaussians for NoOfSelfRef (label phish)
  Automatically selected 4 Gaussians for NoOfSelfRef (label legit)
  PhiUSIIL: hamacher done

Features Ranked by Differentiation Strength:
================================================================================
 1. URLSimilarityIndex             - Score: 1.0000
 2. HasSocialNet                   - Score: 0.7806
 3. NoOfCSS                        - Score: 0.6500
 4. HasCopyrightInfo               - Score: 0.5639
 5. NoOfOtherSpecialCharsInURL     - Score: 0.5318
 6. NoOfSelfRef                    - Score: 0.5302
 7. HasDescription                 - Score: 0.5225
 8. HasTitle                       - Score: 0.5014
 9. NoOfJS                         - Score: 0.4868
10. NoOfImage                      - Score: 0.4548
11. SpacialCharRatioInURL          - Score: 0.3713
12. NoOfiFrame                     - Score: 0.3675
13. HasSubmitButton                - Score: 0.3635
14. DegitRatioInURL                - Score: 0.3402
15. LineOfCode                     - Score: 0.3291
16. NoOfEmptyRef                   - Score: 0.3136
17. DomainTitleMatchScore          - Score: 0.3098
18. IsHTTPS                        - Score: 0.3034
19. HasHiddenFields                - Score: 0.3033
20. URLCharProb                    - Score: 0.3021
21. NoOfExternalRef                - Score: 0.2963
22. HasFavicon                     - Score: 0.2937
23. NoOfDegitsInURL                - Score: 0.2886
24. LetterRatioInURL               - Score: 0.2838
25. URLLength                      - Score: 0.2790
26. IsResponsive                   - Score: 0.2781
27. NoOfLettersInURL               - Score: 0.2775
28. Robots                         - Score: 0.2631
29. HasExternalFormSubmit          - Score: 0.2629
30. URLTitleMatchScore             - Score: 0.2554
31. LargestLineLength              - Score: 0.2540
32. DomainLength                   - Score: 0.2416
33. Pay                            - Score: 0.2369
34. NoOfPopup                      - Score: 0.2001
35. CharContinuationRate           - Score: 0.1999
36. NoOfSubDomain                  - Score: 0.1371
37. Bank                           - Score: 0.1324
38. Crypto                         - Score: 0.1317
39. HasPasswordField               - Score: 0.1010
40. NoOfSelfRedirect               - Score: 0.0766
41. TLDLength                      - Score: 0.0568
42. TLDLegitimateProb              - Score: 0.0314
43. NoOfURLRedirect                - Score: 0.0218
44. NoOfQMarkInURL                 - Score: 0.0015
45. NoOfEqualsInURL                - Score: 0.0005
46. IsDomainIP                     - Score: 0.0000
47. HasObfuscation                 - Score: 0.0000
48. NoOfAmpersandInURL             - Score: 0.0000
49. NoOfObfuscatedChar             - Score: 0.0000
50. ObfuscationRatio               - Score: 0.0000
================================================================================
  Automatically selected 4 Gaussians for URLSimilarityIndex (label legit)
  Automatically selected 1 Gaussians for URLSimilarityIndex (label phish)
  Automatically selected 2 Gaussians for HasSocialNet (label legit)
  Automatically selected 2 Gaussians for HasSocialNet (label phish)
  Automatically selected 4 Gaussians for NoOfCSS (label legit)
  Automatically selected 4 Gaussians for NoOfCSS (label phish)
  Automatically selected 2 Gaussians for HasCopyrightInfo (label legit)
  Automatically selected 2 Gaussians for HasCopyrightInfo (label phish)
  Automatically selected 4 Gaussians for NoOfOtherSpecialCharsInURL (label legit)
  Automatically selected 4 Gaussians for NoOfOtherSpecialCharsInURL (label phish)

Features Ranked by Differentiation Strength:
================================================================================
 1. URLSimilarityIndex             - Score: 1.0000
 2. HasSocialNet                   - Score: 0.7806
 3. NoOfCSS                        - Score: 0.6500
 4. HasCopyrightInfo               - Score: 0.5639
 5. NoOfOtherSpecialCharsInURL     - Score: 0.5318
 6. NoOfSelfRef                    - Score: 0.5302
 7. HasDescription                 - Score: 0.5225
 8. HasTitle                       - Score: 0.5014
 9. NoOfJS                         - Score: 0.4868
10. NoOfImage                      - Score: 0.4548
11. SpacialCharRatioInURL          - Score: 0.3713
12. NoOfiFrame                     - Score: 0.3675
13. HasSubmitButton                - Score: 0.3635
14. DegitRatioInURL                - Score: 0.3402
15. LineOfCode                     - Score: 0.3291
16. NoOfEmptyRef                   - Score: 0.3136
17. DomainTitleMatchScore          - Score: 0.3098
18. IsHTTPS                        - Score: 0.3034
19. HasHiddenFields                - Score: 0.3033
20. URLCharProb                    - Score: 0.3021
21. NoOfExternalRef                - Score: 0.2963
22. HasFavicon                     - Score: 0.2937
23. NoOfDegitsInURL                - Score: 0.2886
24. LetterRatioInURL               - Score: 0.2838
25. URLLength                      - Score: 0.2790
26. IsResponsive                   - Score: 0.2781
27. NoOfLettersInURL               - Score: 0.2775
28. Robots                         - Score: 0.2631
29. HasExternalFormSubmit          - Score: 0.2629
30. URLTitleMatchScore             - Score: 0.2554
31. LargestLineLength              - Score: 0.2540
32. DomainLength                   - Score: 0.2416
33. Pay                            - Score: 0.2369
34. NoOfPopup                      - Score: 0.2001
35. CharContinuationRate           - Score: 0.1999
36. NoOfSubDomain                  - Score: 0.1371
37. Bank                           - Score: 0.1324
38. Crypto                         - Score: 0.1317
39. HasPasswordField               - Score: 0.1010
40. NoOfSelfRedirect               - Score: 0.0766
41. TLDLength                      - Score: 0.0568
42. TLDLegitimateProb              - Score: 0.0314
43. NoOfURLRedirect                - Score: 0.0218
44. NoOfQMarkInURL                 - Score: 0.0015
45. NoOfEqualsInURL                - Score: 0.0005
46. IsDomainIP                     - Score: 0.0000
47. HasObfuscation                 - Score: 0.0000
48. NoOfAmpersandInURL             - Score: 0.0000
49. NoOfObfuscatedChar             - Score: 0.0000
50. ObfuscationRatio               - Score: 0.0000
================================================================================

Features Ranked by Differentiation Strength:
================================================================================
 1. URLSimilarityIndex             - Score: 1.0000
 2. HasSocialNet                   - Score: 0.7806
 3. NoOfCSS                        - Score: 0.6500
 4. HasCopyrightInfo               - Score: 0.5639
 5. NoOfOtherSpecialCharsInURL     - Score: 0.5318
 6. NoOfSelfRef                    - Score: 0.5302
 7. HasDescription                 - Score: 0.5225
 8. HasTitle                       - Score: 0.5014
 9. NoOfJS                         - Score: 0.4868
10. NoOfImage                      - Score: 0.4548
11. SpacialCharRatioInURL          - Score: 0.3713
12. NoOfiFrame                     - Score: 0.3675
13. HasSubmitButton                - Score: 0.3635
14. DegitRatioInURL                - Score: 0.3402
15. LineOfCode                     - Score: 0.3291
16. NoOfEmptyRef                   - Score: 0.3136
17. DomainTitleMatchScore          - Score: 0.3098
18. IsHTTPS                        - Score: 0.3034
19. HasHiddenFields                - Score: 0.3033
20. URLCharProb                    - Score: 0.3021
21. NoOfExternalRef                - Score: 0.2963
22. HasFavicon                     - Score: 0.2937
23. NoOfDegitsInURL                - Score: 0.2886
24. LetterRatioInURL               - Score: 0.2838
25. URLLength                      - Score: 0.2790
26. IsResponsive                   - Score: 0.2781
27. NoOfLettersInURL               - Score: 0.2775
28. Robots                         - Score: 0.2631
29. HasExternalFormSubmit          - Score: 0.2629
30. URLTitleMatchScore             - Score: 0.2554
31. LargestLineLength              - Score: 0.2540
32. DomainLength                   - Score: 0.2416
33. Pay                            - Score: 0.2369
34. NoOfPopup                      - Score: 0.2001
35. CharContinuationRate           - Score: 0.1999
36. NoOfSubDomain                  - Score: 0.1371
37. Bank                           - Score: 0.1324
38. Crypto                         - Score: 0.1317
39. HasPasswordField               - Score: 0.1010
40. NoOfSelfRedirect               - Score: 0.0766
41. TLDLength                      - Score: 0.0568
42. TLDLegitimateProb              - Score: 0.0314
43. NoOfURLRedirect                - Score: 0.0218
44. NoOfQMarkInURL                 - Score: 0.0015
45. NoOfEqualsInURL                - Score: 0.0005
46. IsDomainIP                     - Score: 0.0000
47. HasObfuscation                 - Score: 0.0000
48. NoOfAmpersandInURL             - Score: 0.0000
49. NoOfObfuscatedChar             - Score: 0.0000
50. ObfuscationRatio               - Score: 0.0000
================================================================================

Features Ranked by Differentiation Strength:
================================================================================
 1. URLSimilarityIndex             - Score: 1.0000
 2. LineOfCode                     - Score: 0.7673
 3. NoOfCSS                        - Score: 0.6967
 4. NoOfJS                         - Score: 0.6313
 5. NoOfSelfRef                    - Score: 0.6036
 6. NoOfOtherSpecialCharsInURL     - Score: 0.5237
 7. HasDescription                 - Score: 0.4683
 8. HasTitle                       - Score: 0.4681
 9. NoOfImage                      - Score: 0.4537
10. DegitRatioInURL                - Score: 0.3561
11. SpacialCharRatioInURL          - Score: 0.3559
12. NoOfExternalRef                - Score: 0.3378
13. NoOfiFrame                     - Score: 0.3306
14. HasSubmitButton                - Score: 0.3270
15. DomainTitleMatchScore          - Score: 0.3195
16. IsHTTPS                        - Score: 0.3162
17. LetterRatioInURL               - Score: 0.3132
18. NoOfEmptyRef                   - Score: 0.3070
19. URLCharProb                    - Score: 0.2865
20. NoOfDegitsInURL                - Score: 0.2828
21. HasHiddenFields                - Score: 0.2791
22. HasFavicon                     - Score: 0.2772
23. URLLength                      - Score: 0.2754
24. NoOfLettersInURL               - Score: 0.2751
25. NoOfSelfRedirect               - Score: 0.2726
26. URLTitleMatchScore             - Score: 0.2690
27. DomainLength                   - Score: 0.2676
28. NoOfPopup                      - Score: 0.2616
29. LargestLineLength              - Score: 0.2416
30. IsResponsive                   - Score: 0.2322
31. Pay                            - Score: 0.2035
32. Robots                         - Score: 0.1984
33. HasExternalFormSubmit          - Score: 0.1888
34. Crypto                         - Score: 0.1883
35. CharContinuationRate           - Score: 0.1861
36. NoOfSubDomain                  - Score: 0.1599
37. NoOfURLRedirect                - Score: 0.1015
38. Bank                           - Score: 0.0901
39. HasPasswordField               - Score: 0.0793
40. TLDLength                      - Score: 0.0325
41. TLDLegitimateProb              - Score: 0.0147
42. NoOfQMarkInURL                 - Score: 0.0010
43. NoOfEqualsInURL                - Score: 0.0004
44. IsDomainIP                     - Score: 0.0000
45. HasObfuscation                 - Score: 0.0000
46. NoOfAmpersandInURL             - Score: 0.0000
47. NoOfObfuscatedChar             - Score: 0.0000
48. ObfuscationRatio               - Score: 0.0000
49. HasSocialNet                   - Score: 0.0000
50. HasCopyrightInfo               - Score: 0.0000
================================================================================
  Automatically selected 4 Gaussians for URLSimilarityIndex (label legit)
  Automatically selected 1 Gaussians for URLSimilarityIndex (label phish)
  Automatically selected 4 Gaussians for LineOfCode (label legit)
  Automatically selected 3 Gaussians for LineOfCode (label phish)
  Automatically selected 4 Gaussians for NoOfCSS (label legit)
  Automatically selected 3 Gaussians for NoOfCSS (label phish)
  Automatically selected 4 Gaussians for NoOfJS (label legit)
  Automatically selected 4 Gaussians for NoOfJS (label phish)
  Automatically selected 4 Gaussians for NoOfSelfRef (label legit)
  Automatically selected 4 Gaussians for NoOfSelfRef (label phish)

Features Ranked by Differentiation Strength:
================================================================================
 1. URLSimilarityIndex             - Score: 1.0000
 2. NoOfOtherSpecialCharsInURL     - Score: 0.6673
 3. URLLength                      - Score: 0.6104
 4. NoOfLettersInURL               - Score: 0.5965
 5. NoOfSelfRef                    - Score: 0.5853
 6. NoOfImage                      - Score: 0.5085
 7. SpacialCharRatioInURL          - Score: 0.5053
 8. LetterRatioInURL               - Score: 0.4642
 9. NoOfDegitsInURL                - Score: 0.4617
10. NoOfCSS                        - Score: 0.4182
11. URLCharProb                    - Score: 0.4139
12. NoOfJS                         - Score: 0.4026
13. LargestLineLength              - Score: 0.3925
14. DegitRatioInURL                - Score: 0.3797
15. DomainTitleMatchScore          - Score: 0.3390
16. DomainLength                   - Score: 0.3381
17. LineOfCode                     - Score: 0.3146
18. NoOfExternalRef                - Score: 0.2991
19. NoOfiFrame                     - Score: 0.2874
20. HasTitle                       - Score: 0.2380
21. CharContinuationRate           - Score: 0.2322
22. URLTitleMatchScore             - Score: 0.2258
23. NoOfSubDomain                  - Score: 0.2194
24. HasDescription                 - Score: 0.1887
25. IsHTTPS                        - Score: 0.1683
26. Robots                         - Score: 0.1561
27. NoOfPopup                      - Score: 0.1388
28. NoOfEmptyRef                   - Score: 0.1122
29. NoOfURLRedirect                - Score: 0.1109
30. HasPasswordField               - Score: 0.1061
31. NoOfSelfRedirect               - Score: 0.0901
32. TLDLength                      - Score: 0.0799
33. Crypto                         - Score: 0.0544
34. HasExternalFormSubmit          - Score: 0.0365
35. TLDLegitimateProb              - Score: 0.0348
36. HasFavicon                     - Score: 0.0285
37. NoOfQMarkInURL                 - Score: 0.0234
38. HasHiddenFields                - Score: 0.0179
39. IsResponsive                   - Score: 0.0137
40. Pay                            - Score: 0.0099
41. Bank                           - Score: 0.0065
42. NoOfEqualsInURL                - Score: 0.0064
43. HasSubmitButton                - Score: 0.0028
44. HasObfuscation                 - Score: 0.0004
45. IsDomainIP                     - Score: 0.0003
46. NoOfAmpersandInURL             - Score: 0.0003
47. NoOfObfuscatedChar             - Score: 0.0002
48. ObfuscationRatio               - Score: 0.0000
49. HasSocialNet                   - Score: 0.0000
50. HasCopyrightInfo               - Score: 0.0000
================================================================================
  Automatically selected 1 Gaussians for URLSimilarityIndex (label phish)
  Automatically selected 3 Gaussians for URLSimilarityIndex (label legit)
  Automatically selected 4 Gaussians for NoOfOtherSpecialCharsInURL (label phish)
  Automatically selected 3 Gaussians for NoOfOtherSpecialCharsInURL (label legit)
  Automatically selected 2 Gaussians for URLLength (label phish)
  Automatically selected 4 Gaussians for URLLength (label legit)
  Automatically selected 2 Gaussians for NoOfLettersInURL (label phish)
  Automatically selected 4 Gaussians for NoOfLettersInURL (label legit)
  Automatically selected 4 Gaussians for NoOfSelfRef (label phish)
  Automatically selected 4 Gaussians for NoOfSelfRef (label legit)

Features Ranked by Differentiation Strength:
================================================================================
 1. URLSimilarityIndex             - Score: 1.0000
 2. NoOfOtherSpecialCharsInURL     - Score: 0.5682
 3. NoOfSelfRef                    - Score: 0.5598
 4. SpacialCharRatioInURL          - Score: 0.5341
 5. NoOfCSS                        - Score: 0.5280
 6. NoOfJS                         - Score: 0.5185
 7. NoOfDegitsInURL                - Score: 0.5171
 8. HasTitle                       - Score: 0.5100
 9. NoOfImage                      - Score: 0.4785
10. LargestLineLength              - Score: 0.4636
11. DegitRatioInURL                - Score: 0.4621
12. NoOfExternalRef                - Score: 0.4590
13. URLCharProb                    - Score: 0.4554
14. HasCopyrightInfo               - Score: 0.4182
15. NoOfEmptyRef                   - Score: 0.3366
16. LineOfCode                     - Score: 0.3235
17. URLLength                      - Score: 0.3139
18. NoOfLettersInURL               - Score: 0.3032
19. LetterRatioInURL               - Score: 0.2700
20. HasDescription                 - Score: 0.2604
21. DomainTitleMatchScore          - Score: 0.2554
22. IsResponsive                   - Score: 0.2488
23. HasFavicon                     - Score: 0.2285
24. HasSubmitButton                - Score: 0.2142
25. DomainLength                   - Score: 0.2136
26. Robots                         - Score: 0.2083
27. HasHiddenFields                - Score: 0.1792
28. CharContinuationRate           - Score: 0.1782
29. NoOfiFrame                     - Score: 0.1621
30. TLDLength                      - Score: 0.1613
31. NoOfSubDomain                  - Score: 0.1379
32. Crypto                         - Score: 0.1353
33. NoOfPopup                      - Score: 0.1218
34. TLDLegitimateProb              - Score: 0.0974
35. URLTitleMatchScore             - Score: 0.0813
36. Pay                            - Score: 0.0741
37. NoOfURLRedirect                - Score: 0.0734
38. IsHTTPS                        - Score: 0.0583
39. Bank                           - Score: 0.0278
40. HasExternalFormSubmit          - Score: 0.0212
41. HasPasswordField               - Score: 0.0133
42. IsDomainIP                     - Score: 0.0024
43. NoOfEqualsInURL                - Score: 0.0024
44. NoOfQMarkInURL                 - Score: 0.0024
45. NoOfSelfRedirect               - Score: 0.0005
46. HasObfuscation                 - Score: 0.0000
47. NoOfObfuscatedChar             - Score: 0.0000
48. ObfuscationRatio               - Score: 0.0000
49. NoOfAmpersandInURL             - Score: 0.0000
50. HasSocialNet                   - Score: 0.0000
================================================================================
  Automatically selected 1 Gaussians for URLSimilarityIndex (label phish)
  Automatically selected 3 Gaussians for URLSimilarityIndex (label legit)
  Automatically selected 4 Gaussians for NoOfOtherSpecialCharsInURL (label phish)
  Automatically selected 4 Gaussians for NoOfOtherSpecialCharsInURL (label legit)
  Automatically selected 4 Gaussians for NoOfSelfRef (label phish)
  Automatically selected 4 Gaussians for NoOfSelfRef (label legit)
  Automatically selected 4 Gaussians for SpacialCharRatioInURL (label phish)
  Automatically selected 1 Gaussians for SpacialCharRatioInURL (label legit)
  Automatically selected 4 Gaussians for NoOfCSS (label phish)
  Automatically selected 4 Gaussians for NoOfCSS (label legit)

Features Ranked by Differentiation Strength:
================================================================================
 1. URLSimilarityIndex             - Score: 1.0000
 2. HasSocialNet                   - Score: 0.7935
 3. HasCopyrightInfo               - Score: 0.5801
 4. NoOfOtherSpecialCharsInURL     - Score: 0.5425
 5. NoOfSelfRef                    - Score: 0.5398
 6. HasDescription                 - Score: 0.5389
 7. NoOfCSS                        - Score: 0.5256
 8. HasTitle                       - Score: 0.4963
 9. NoOfJS                         - Score: 0.4954
10. NoOfImage                      - Score: 0.4649
11. SpacialCharRatioInURL          - Score: 0.3852
12. HasSubmitButton                - Score: 0.3831
13. NoOfiFrame                     - Score: 0.3705
14. DegitRatioInURL                - Score: 0.3437
15. NoOfEmptyRef                   - Score: 0.3142
16. DomainTitleMatchScore          - Score: 0.3119
17. HasHiddenFields                - Score: 0.3076
18. URLCharProb                    - Score: 0.3032
19. NoOfExternalRef                - Score: 0.3021
20. IsHTTPS                        - Score: 0.2992
21. HasFavicon                     - Score: 0.2933
22. NoOfDegitsInURL                - Score: 0.2906
23. URLLength                      - Score: 0.2817
24. NoOfLettersInURL               - Score: 0.2812
25. IsResponsive                   - Score: 0.2723
26. LetterRatioInURL               - Score: 0.2703
27. LineOfCode                     - Score: 0.2683
28. Robots                         - Score: 0.2653
29. HasExternalFormSubmit          - Score: 0.2641
30. URLTitleMatchScore             - Score: 0.2586
31. LargestLineLength              - Score: 0.2487
32. DomainLength                   - Score: 0.2473
33. Pay                            - Score: 0.2391
34. NoOfPopup                      - Score: 0.2112
35. CharContinuationRate           - Score: 0.2029
36. NoOfSubDomain                  - Score: 0.1418
37. Bank                           - Score: 0.1348
38. Crypto                         - Score: 0.1332
39. HasPasswordField               - Score: 0.1058
40. NoOfSelfRedirect               - Score: 0.0756
41. TLDLength                      - Score: 0.0558
42. TLDLegitimateProb              - Score: 0.0348
43. NoOfURLRedirect                - Score: 0.0250
44. NoOfQMarkInURL                 - Score: 0.0014
45. NoOfEqualsInURL                - Score: 0.0005
46. IsDomainIP                     - Score: 0.0000
47. HasObfuscation                 - Score: 0.0000
48. NoOfAmpersandInURL             - Score: 0.0000
49. NoOfObfuscatedChar             - Score: 0.0000
50. ObfuscationRatio               - Score: 0.0000
================================================================================
  Automatically selected 1 Gaussians for URLSimilarityIndex (label phish)
  Automatically selected 4 Gaussians for URLSimilarityIndex (label legit)
  Automatically selected 2 Gaussians for HasSocialNet (label phish)
  Automatically selected 2 Gaussians for HasSocialNet (label legit)
  Automatically selected 2 Gaussians for HasCopyrightInfo (label phish)
  Automatically selected 2 Gaussians for HasCopyrightInfo (label legit)
  Automatically selected 4 Gaussians for NoOfOtherSpecialCharsInURL (label phish)
  Automatically selected 4 Gaussians for NoOfOtherSpecialCharsInURL (label legit)
  Automatically selected 4 Gaussians for NoOfSelfRef (label phish)
  Automatically selected 4 Gaussians for NoOfSelfRef (label legit)

Features Ranked by Differentiation Strength:
================================================================================
 1. URLSimilarityIndex             - Score: 1.0000
 2. HasSocialNet                   - Score: 0.7935
 3. HasCopyrightInfo               - Score: 0.5801
 4. NoOfOtherSpecialCharsInURL     - Score: 0.5425
 5. NoOfSelfRef                    - Score: 0.5398
 6. HasDescription                 - Score: 0.5389
 7. NoOfCSS                        - Score: 0.5256
 8. HasTitle                       - Score: 0.4963
 9. NoOfJS                         - Score: 0.4954
10. NoOfImage                      - Score: 0.4649
11. SpacialCharRatioInURL          - Score: 0.3852
12. HasSubmitButton                - Score: 0.3831
13. NoOfiFrame                     - Score: 0.3705
14. DegitRatioInURL                - Score: 0.3437
15. NoOfEmptyRef                   - Score: 0.3142
16. DomainTitleMatchScore          - Score: 0.3119
17. HasHiddenFields                - Score: 0.3076
18. URLCharProb                    - Score: 0.3032
19. NoOfExternalRef                - Score: 0.3021
20. IsHTTPS                        - Score: 0.2992
21. HasFavicon                     - Score: 0.2933
22. NoOfDegitsInURL                - Score: 0.2906
23. URLLength                      - Score: 0.2817
24. NoOfLettersInURL               - Score: 0.2812
25. IsResponsive                   - Score: 0.2723
26. LetterRatioInURL               - Score: 0.2703
27. LineOfCode                     - Score: 0.2683
28. Robots                         - Score: 0.2653
29. HasExternalFormSubmit          - Score: 0.2641
30. URLTitleMatchScore             - Score: 0.2586
31. LargestLineLength              - Score: 0.2487
32. DomainLength                   - Score: 0.2473
33. Pay                            - Score: 0.2391
34. NoOfPopup                      - Score: 0.2112
35. CharContinuationRate           - Score: 0.2029
36. NoOfSubDomain                  - Score: 0.1418
37. Bank                           - Score: 0.1348
38. Crypto                         - Score: 0.1332
39. HasPasswordField               - Score: 0.1058
40. NoOfSelfRedirect               - Score: 0.0756
41. TLDLength                      - Score: 0.0558
42. TLDLegitimateProb              - Score: 0.0348
43. NoOfURLRedirect                - Score: 0.0250
44. NoOfQMarkInURL                 - Score: 0.0014
45. NoOfEqualsInURL                - Score: 0.0005
46. IsDomainIP                     - Score: 0.0000
47. HasObfuscation                 - Score: 0.0000
48. NoOfAmpersandInURL             - Score: 0.0000
49. NoOfObfuscatedChar             - Score: 0.0000
50. ObfuscationRatio               - Score: 0.0000
================================================================================

Features Ranked by Differentiation Strength:
================================================================================
 1. URLSimilarityIndex             - Score: 1.0000
 2. HasSocialNet                   - Score: 0.7935
 3. HasCopyrightInfo               - Score: 0.5801
 4. NoOfOtherSpecialCharsInURL     - Score: 0.5425
 5. NoOfSelfRef                    - Score: 0.5398
 6. HasDescription                 - Score: 0.5389
 7. NoOfCSS                        - Score: 0.5256
 8. HasTitle                       - Score: 0.4963
 9. NoOfJS                         - Score: 0.4954
10. NoOfImage                      - Score: 0.4649
11. SpacialCharRatioInURL          - Score: 0.3852
12. HasSubmitButton                - Score: 0.3831
13. NoOfiFrame                     - Score: 0.3705
14. DegitRatioInURL                - Score: 0.3437
15. NoOfEmptyRef                   - Score: 0.3142
16. DomainTitleMatchScore          - Score: 0.3119
17. HasHiddenFields                - Score: 0.3076
18. URLCharProb                    - Score: 0.3032
19. NoOfExternalRef                - Score: 0.3021
20. IsHTTPS                        - Score: 0.2992
21. HasFavicon                     - Score: 0.2933
22. NoOfDegitsInURL                - Score: 0.2906
23. URLLength                      - Score: 0.2817
24. NoOfLettersInURL               - Score: 0.2812
25. IsResponsive                   - Score: 0.2723
26. LetterRatioInURL               - Score: 0.2703
27. LineOfCode                     - Score: 0.2683
28. Robots                         - Score: 0.2653
29. HasExternalFormSubmit          - Score: 0.2641
30. URLTitleMatchScore             - Score: 0.2586
31. LargestLineLength              - Score: 0.2487
32. DomainLength                   - Score: 0.2473
33. Pay                            - Score: 0.2391
34. NoOfPopup                      - Score: 0.2112
35. CharContinuationRate           - Score: 0.2029
36. NoOfSubDomain                  - Score: 0.1418
37. Bank                           - Score: 0.1348
38. Crypto                         - Score: 0.1332
39. HasPasswordField               - Score: 0.1058
40. NoOfSelfRedirect               - Score: 0.0756
41. TLDLength                      - Score: 0.0558
42. TLDLegitimateProb              - Score: 0.0348
43. NoOfURLRedirect                - Score: 0.0250
44. NoOfQMarkInURL                 - Score: 0.0014
45. NoOfEqualsInURL                - Score: 0.0005
46. IsDomainIP                     - Score: 0.0000
47. HasObfuscation                 - Score: 0.0000
48. NoOfAmpersandInURL             - Score: 0.0000
49. NoOfObfuscatedChar             - Score: 0.0000
50. ObfuscationRatio               - Score: 0.0000
================================================================================

Features Ranked by Differentiation Strength:
================================================================================
 1. URLSimilarityIndex             - Score: 1.0000
 2. LineOfCode                     - Score: 0.7885
 3. NoOfCSS                        - Score: 0.7101
 4. NoOfJS                         - Score: 0.6309
 5. NoOfSelfRef                    - Score: 0.6170
 6. NoOfOtherSpecialCharsInURL     - Score: 0.5309
 7. NoOfImage                      - Score: 0.4811
 8. HasTitle                       - Score: 0.4726
 9. HasDescription                 - Score: 0.4684
10. DegitRatioInURL                - Score: 0.3650
11. SpacialCharRatioInURL          - Score: 0.3648
12. NoOfiFrame                     - Score: 0.3525
13. NoOfExternalRef                - Score: 0.3456
14. HasSubmitButton                - Score: 0.3417
15. DomainTitleMatchScore          - Score: 0.3201
16. IsHTTPS                        - Score: 0.3116
17. LetterRatioInURL               - Score: 0.3047
18. NoOfEmptyRef                   - Score: 0.2981
19. URLCharProb                    - Score: 0.2907
20. NoOfDegitsInURL                - Score: 0.2867
21. HasFavicon                     - Score: 0.2852
22. DomainLength                   - Score: 0.2817
23. NoOfLettersInURL               - Score: 0.2798
24. URLLength                      - Score: 0.2794
25. HasHiddenFields                - Score: 0.2792
26. URLTitleMatchScore             - Score: 0.2704
27. NoOfPopup                      - Score: 0.2511
28. LargestLineLength              - Score: 0.2358
29. NoOfSelfRedirect               - Score: 0.2328
30. IsResponsive                   - Score: 0.2233
31. Pay                            - Score: 0.2078
32. Robots                         - Score: 0.2050
33. Crypto                         - Score: 0.2003
34. HasExternalFormSubmit          - Score: 0.1948
35. CharContinuationRate           - Score: 0.1855
36. NoOfSubDomain                  - Score: 0.1603
37. Bank                           - Score: 0.1003
38. NoOfURLRedirect                - Score: 0.0957
39. HasPasswordField               - Score: 0.0802
40. TLDLength                      - Score: 0.0298
41. TLDLegitimateProb              - Score: 0.0152
42. NoOfQMarkInURL                 - Score: 0.0010
43. NoOfEqualsInURL                - Score: 0.0004
44. IsDomainIP                     - Score: 0.0000
45. HasObfuscation                 - Score: 0.0000
46. NoOfAmpersandInURL             - Score: 0.0000
47. NoOfObfuscatedChar             - Score: 0.0000
48. ObfuscationRatio               - Score: 0.0000
49. HasSocialNet                   - Score: 0.0000
50. HasCopyrightInfo               - Score: 0.0000
================================================================================
  Automatically selected 4 Gaussians for URLSimilarityIndex (label legit)
  Automatically selected 1 Gaussians for URLSimilarityIndex (label phish)
  Automatically selected 4 Gaussians for LineOfCode (label legit)
  Automatically selected 3 Gaussians for LineOfCode (label phish)
  Automatically selected 4 Gaussians for NoOfCSS (label legit)
  Automatically selected 3 Gaussians for NoOfCSS (label phish)
  Automatically selected 4 Gaussians for NoOfJS (label legit)
  Automatically selected 4 Gaussians for NoOfJS (label phish)
  Automatically selected 4 Gaussians for NoOfSelfRef (label legit)
  Automatically selected 4 Gaussians for NoOfSelfRef (label phish)

Features Ranked by Differentiation Strength:
================================================================================
 1. URLSimilarityIndex             - Score: 1.0000
 2. NoOfOtherSpecialCharsInURL     - Score: 0.6533
 3. URLLength                      - Score: 0.6016
 4. NoOfLettersInURL               - Score: 0.5791
 5. NoOfSelfRef                    - Score: 0.5702
 6. SpacialCharRatioInURL          - Score: 0.5067
 7. NoOfImage                      - Score: 0.4993
 8. LetterRatioInURL               - Score: 0.4679
 9. NoOfDegitsInURL                - Score: 0.4514
10. NoOfJS                         - Score: 0.4140
11. URLCharProb                    - Score: 0.3872
12. LargestLineLength              - Score: 0.3862
13. NoOfCSS                        - Score: 0.3745
14. DegitRatioInURL                - Score: 0.3657
15. DomainLength                   - Score: 0.3303
16. DomainTitleMatchScore          - Score: 0.3237
17. LineOfCode                     - Score: 0.3049
18. NoOfExternalRef                - Score: 0.2911
19. NoOfiFrame                     - Score: 0.2797
20. CharContinuationRate           - Score: 0.2281
21. NoOfSubDomain                  - Score: 0.2154
22. URLTitleMatchScore             - Score: 0.2127
23. HasDescription                 - Score: 0.1875
24. NoOfEmptyRef                   - Score: 0.1731
25. IsHTTPS                        - Score: 0.1706
26. NoOfPopup                      - Score: 0.1587
27. Robots                         - Score: 0.1486
28. HasTitle                       - Score: 0.1389
29. NoOfURLRedirect                - Score: 0.1068
30. NoOfSelfRedirect               - Score: 0.1064
31. HasPasswordField               - Score: 0.0962
32. TLDLength                      - Score: 0.0882
33. Crypto                         - Score: 0.0565
34. TLDLegitimateProb              - Score: 0.0424
35. IsResponsive                   - Score: 0.0260
36. NoOfQMarkInURL                 - Score: 0.0226
37. HasFavicon                     - Score: 0.0220
38. HasExternalFormSubmit          - Score: 0.0177
39. HasHiddenFields                - Score: 0.0157
40. Pay                            - Score: 0.0155
41. HasSubmitButton                - Score: 0.0070
42. NoOfEqualsInURL                - Score: 0.0051
43. Bank                           - Score: 0.0018
44. IsDomainIP                     - Score: 0.0003
45. HasObfuscation                 - Score: 0.0003
46. NoOfAmpersandInURL             - Score: 0.0003
47. NoOfObfuscatedChar             - Score: 0.0002
48. ObfuscationRatio               - Score: 0.0000
49. HasSocialNet                   - Score: 0.0000
50. HasCopyrightInfo               - Score: 0.0000
================================================================================
  Automatically selected 1 Gaussians for URLSimilarityIndex (label phish)
  Automatically selected 3 Gaussians for URLSimilarityIndex (label legit)
  Automatically selected 4 Gaussians for NoOfOtherSpecialCharsInURL (label phish)
  Automatically selected 3 Gaussians for NoOfOtherSpecialCharsInURL (label legit)
  Automatically selected 2 Gaussians for URLLength (label phish)
  Automatically selected 4 Gaussians for URLLength (label legit)
  Automatically selected 2 Gaussians for NoOfLettersInURL (label phish)
  Automatically selected 4 Gaussians for NoOfLettersInURL (label legit)
  Automatically selected 4 Gaussians for NoOfSelfRef (label phish)
  Automatically selected 3 Gaussians for NoOfSelfRef (label legit)

Features Ranked by Differentiation Strength:
================================================================================
 1. URLSimilarityIndex             - Score: 1.0000
 2. HasTitle                       - Score: 0.5718
 3. NoOfSelfRef                    - Score: 0.5641
 4. SpacialCharRatioInURL          - Score: 0.5521
 5. NoOfOtherSpecialCharsInURL     - Score: 0.5433
 6. NoOfJS                         - Score: 0.5236
 7. NoOfImage                      - Score: 0.4845
 8. NoOfExternalRef                - Score: 0.4644
 9. NoOfDegitsInURL                - Score: 0.4629
10. URLCharProb                    - Score: 0.4570
11. LargestLineLength              - Score: 0.4526
12. DegitRatioInURL                - Score: 0.4351
13. NoOfCSS                        - Score: 0.4187
14. IsResponsive                   - Score: 0.3838
15. NoOfiFrame                     - Score: 0.3586
16. HasFavicon                     - Score: 0.3470
17. NoOfEmptyRef                   - Score: 0.3192
18. URLLength                      - Score: 0.2952
19. HasSubmitButton                - Score: 0.2847
20. LineOfCode                     - Score: 0.2701
21. HasCopyrightInfo               - Score: 0.2631
22. NoOfLettersInURL               - Score: 0.2594
23. HasDescription                 - Score: 0.2522
24. LetterRatioInURL               - Score: 0.2327
25. DomainLength                   - Score: 0.2259
26. NoOfPopup                      - Score: 0.2214
27. CharContinuationRate           - Score: 0.2176
28. Crypto                         - Score: 0.2114
29. Robots                         - Score: 0.2067
30. HasHiddenFields                - Score: 0.1677
31. DomainTitleMatchScore          - Score: 0.1331
32. NoOfSubDomain                  - Score: 0.1231
33. NoOfURLRedirect                - Score: 0.1227
34. URLTitleMatchScore             - Score: 0.0962
35. TLDLength                      - Score: 0.0935
36. TLDLegitimateProb              - Score: 0.0875
37. IsHTTPS                        - Score: 0.0697
38. Pay                            - Score: 0.0656
39. HasExternalFormSubmit          - Score: 0.0177
40. HasPasswordField               - Score: 0.0126
41. Bank                           - Score: 0.0094
42. IsDomainIP                     - Score: 0.0029
43. NoOfEqualsInURL                - Score: 0.0029
44. NoOfQMarkInURL                 - Score: 0.0029
45. NoOfSelfRedirect               - Score: 0.0005
46. HasObfuscation                 - Score: 0.0000
47. NoOfObfuscatedChar             - Score: 0.0000
48. ObfuscationRatio               - Score: 0.0000
49. NoOfAmpersandInURL             - Score: 0.0000
50. HasSocialNet                   - Score: 0.0000
================================================================================
  Automatically selected 1 Gaussians for URLSimilarityIndex (label phish)
  Automatically selected 4 Gaussians for URLSimilarityIndex (label legit)
  Automatically selected 2 Gaussians for HasTitle (label phish)
  Automatically selected 2 Gaussians for HasTitle (label legit)
  Automatically selected 4 Gaussians for NoOfSelfRef (label phish)
  Automatically selected 4 Gaussians for NoOfSelfRef (label legit)
  Automatically selected 4 Gaussians for SpacialCharRatioInURL (label phish)
  Automatically selected 1 Gaussians for SpacialCharRatioInURL (label legit)
  Automatically selected 4 Gaussians for NoOfOtherSpecialCharsInURL (label phish)
  Automatically selected 4 Gaussians for NoOfOtherSpecialCharsInURL (label legit)

Features Ranked by Differentiation Strength:
================================================================================
 1. URLSimilarityIndex             - Score: 1.0000
 2. HasSocialNet                   - Score: 0.7813
 3. HasCopyrightInfo               - Score: 0.5715
 4. HasDescription                 - Score: 0.5347
 5. NoOfOtherSpecialCharsInURL     - Score: 0.5336
 6. NoOfSelfRef                    - Score: 0.5317
 7. NoOfCSS                        - Score: 0.5210
 8. HasTitle                       - Score: 0.5096
 9. NoOfJS                         - Score: 0.4908
10. NoOfImage                      - Score: 0.4607
11. SpacialCharRatioInURL          - Score: 0.3778
12. HasSubmitButton                - Score: 0.3638
13. NoOfiFrame                     - Score: 0.3624
14. DegitRatioInURL                - Score: 0.3377
15. LineOfCode                     - Score: 0.3292
16. DomainTitleMatchScore          - Score: 0.3144
17. URLCharProb                    - Score: 0.3103
18. HasHiddenFields                - Score: 0.3060
19. NoOfEmptyRef                   - Score: 0.3039
20. IsHTTPS                        - Score: 0.3032
21. NoOfExternalRef                - Score: 0.2973
22. HasFavicon                     - Score: 0.2867
23. NoOfDegitsInURL                - Score: 0.2858
24. URLLength                      - Score: 0.2792
25. NoOfLettersInURL               - Score: 0.2788
26. LargestLineLength              - Score: 0.2722
27. IsResponsive                   - Score: 0.2720
28. Robots                         - Score: 0.2672
29. LetterRatioInURL               - Score: 0.2653
30. URLTitleMatchScore             - Score: 0.2585
31. HasExternalFormSubmit          - Score: 0.2496
32. DomainLength                   - Score: 0.2425
33. Pay                            - Score: 0.2378
34. CharContinuationRate           - Score: 0.2022
35. NoOfPopup                      - Score: 0.2014
36. NoOfSubDomain                  - Score: 0.1421
37. Bank                           - Score: 0.1334
38. Crypto                         - Score: 0.1322
39. HasPasswordField               - Score: 0.0977
40. NoOfSelfRedirect               - Score: 0.0739
41. TLDLength                      - Score: 0.0585
42. TLDLegitimateProb              - Score: 0.0336
43. NoOfURLRedirect                - Score: 0.0230
44. NoOfQMarkInURL                 - Score: 0.0015
45. NoOfEqualsInURL                - Score: 0.0005
46. IsDomainIP                     - Score: 0.0000
47. HasObfuscation                 - Score: 0.0000
48. NoOfAmpersandInURL             - Score: 0.0000
49. NoOfObfuscatedChar             - Score: 0.0000
50. ObfuscationRatio               - Score: 0.0000
================================================================================
  Automatically selected 1 Gaussians for URLSimilarityIndex (label phish)
  Automatically selected 4 Gaussians for URLSimilarityIndex (label legit)
  Automatically selected 2 Gaussians for HasSocialNet (label phish)
  Automatically selected 2 Gaussians for HasSocialNet (label legit)
  Automatically selected 2 Gaussians for HasCopyrightInfo (label phish)
  Automatically selected 2 Gaussians for HasCopyrightInfo (label legit)
  Automatically selected 2 Gaussians for HasDescription (label phish)
  Automatically selected 2 Gaussians for HasDescription (label legit)
  Automatically selected 4 Gaussians for NoOfOtherSpecialCharsInURL (label phish)
  Automatically selected 4 Gaussians for NoOfOtherSpecialCharsInURL (label legit)

Features Ranked by Differentiation Strength:
================================================================================
 1. URLSimilarityIndex             - Score: 1.0000
 2. HasSocialNet                   - Score: 0.7813
 3. HasCopyrightInfo               - Score: 0.5715
 4. HasDescription                 - Score: 0.5347
 5. NoOfOtherSpecialCharsInURL     - Score: 0.5336
 6. NoOfSelfRef                    - Score: 0.5317
 7. NoOfCSS                        - Score: 0.5210
 8. HasTitle                       - Score: 0.5096
 9. NoOfJS                         - Score: 0.4908
10. NoOfImage                      - Score: 0.4607
11. SpacialCharRatioInURL          - Score: 0.3778
12. HasSubmitButton                - Score: 0.3638
13. NoOfiFrame                     - Score: 0.3624
14. DegitRatioInURL                - Score: 0.3377
15. LineOfCode                     - Score: 0.3292
16. DomainTitleMatchScore          - Score: 0.3144
17. URLCharProb                    - Score: 0.3103
18. HasHiddenFields                - Score: 0.3060
19. NoOfEmptyRef                   - Score: 0.3039
20. IsHTTPS                        - Score: 0.3032
21. NoOfExternalRef                - Score: 0.2973
22. HasFavicon                     - Score: 0.2867
23. NoOfDegitsInURL                - Score: 0.2858
24. URLLength                      - Score: 0.2792
25. NoOfLettersInURL               - Score: 0.2788
26. LargestLineLength              - Score: 0.2722
27. IsResponsive                   - Score: 0.2720
28. Robots                         - Score: 0.2672
29. LetterRatioInURL               - Score: 0.2653
30. URLTitleMatchScore             - Score: 0.2585
31. HasExternalFormSubmit          - Score: 0.2496
32. DomainLength                   - Score: 0.2425
33. Pay                            - Score: 0.2378
34. CharContinuationRate           - Score: 0.2022
35. NoOfPopup                      - Score: 0.2014
36. NoOfSubDomain                  - Score: 0.1421
37. Bank                           - Score: 0.1334
38. Crypto                         - Score: 0.1322
39. HasPasswordField               - Score: 0.0977
40. NoOfSelfRedirect               - Score: 0.0739
41. TLDLength                      - Score: 0.0585
42. TLDLegitimateProb              - Score: 0.0336
43. NoOfURLRedirect                - Score: 0.0230
44. NoOfQMarkInURL                 - Score: 0.0015
45. NoOfEqualsInURL                - Score: 0.0005
46. IsDomainIP                     - Score: 0.0000
47. HasObfuscation                 - Score: 0.0000
48. NoOfAmpersandInURL             - Score: 0.0000
49. NoOfObfuscatedChar             - Score: 0.0000
50. ObfuscationRatio               - Score: 0.0000
================================================================================

Features Ranked by Differentiation Strength:
================================================================================
 1. URLSimilarityIndex             - Score: 1.0000
 2. HasSocialNet                   - Score: 0.7813
 3. HasCopyrightInfo               - Score: 0.5715
 4. HasDescription                 - Score: 0.5347
 5. NoOfOtherSpecialCharsInURL     - Score: 0.5336
 6. NoOfSelfRef                    - Score: 0.5317
 7. NoOfCSS                        - Score: 0.5210
 8. HasTitle                       - Score: 0.5096
 9. NoOfJS                         - Score: 0.4908
10. NoOfImage                      - Score: 0.4607
11. SpacialCharRatioInURL          - Score: 0.3778
12. HasSubmitButton                - Score: 0.3638
13. NoOfiFrame                     - Score: 0.3624
14. DegitRatioInURL                - Score: 0.3377
15. LineOfCode                     - Score: 0.3292
16. DomainTitleMatchScore          - Score: 0.3144
17. URLCharProb                    - Score: 0.3103
18. HasHiddenFields                - Score: 0.3060
19. NoOfEmptyRef                   - Score: 0.3039
20. IsHTTPS                        - Score: 0.3032
21. NoOfExternalRef                - Score: 0.2973
22. HasFavicon                     - Score: 0.2867
23. NoOfDegitsInURL                - Score: 0.2858
24. URLLength                      - Score: 0.2792
25. NoOfLettersInURL               - Score: 0.2788
26. LargestLineLength              - Score: 0.2722
27. IsResponsive                   - Score: 0.2720
28. Robots                         - Score: 0.2672
29. LetterRatioInURL               - Score: 0.2653
30. URLTitleMatchScore             - Score: 0.2585
31. HasExternalFormSubmit          - Score: 0.2496
32. DomainLength                   - Score: 0.2425
33. Pay                            - Score: 0.2378
34. CharContinuationRate           - Score: 0.2022
35. NoOfPopup                      - Score: 0.2014
36. NoOfSubDomain                  - Score: 0.1421
37. Bank                           - Score: 0.1334
38. Crypto                         - Score: 0.1322
39. HasPasswordField               - Score: 0.0977
40. NoOfSelfRedirect               - Score: 0.0739
41. TLDLength                      - Score: 0.0585
42. TLDLegitimateProb              - Score: 0.0336
43. NoOfURLRedirect                - Score: 0.0230
44. NoOfQMarkInURL                 - Score: 0.0015
45. NoOfEqualsInURL                - Score: 0.0005
46. IsDomainIP                     - Score: 0.0000
47. HasObfuscation                 - Score: 0.0000
48. NoOfAmpersandInURL             - Score: 0.0000
49. NoOfObfuscatedChar             - Score: 0.0000
50. ObfuscationRatio               - Score: 0.0000
================================================================================

Features Ranked by Differentiation Strength:
================================================================================
 1. URLSimilarityIndex             - Score: 1.0000
 2. LineOfCode                     - Score: 0.7823
 3. NoOfCSS                        - Score: 0.7053
 4. NoOfJS                         - Score: 0.6432
 5. NoOfSelfRef                    - Score: 0.6216
 6. NoOfOtherSpecialCharsInURL     - Score: 0.5236
 7. HasTitle                       - Score: 0.5028
 8. NoOfImage                      - Score: 0.4832
 9. HasDescription                 - Score: 0.4600
10. SpacialCharRatioInURL          - Score: 0.3598
11. NoOfExternalRef                - Score: 0.3401
12. NoOfiFrame                     - Score: 0.3370
13. DegitRatioInURL                - Score: 0.3326
14. HasSubmitButton                - Score: 0.3264
15. DomainTitleMatchScore          - Score: 0.3257
16. IsHTTPS                        - Score: 0.3150
17. LetterRatioInURL               - Score: 0.2998
18. URLCharProb                    - Score: 0.2861
19. NoOfEmptyRef                   - Score: 0.2857
20. NoOfDegitsInURL                - Score: 0.2807
21. HasFavicon                     - Score: 0.2787
22. NoOfLettersInURL               - Score: 0.2769
23. URLLength                      - Score: 0.2762
24. HasHiddenFields                - Score: 0.2748
25. DomainLength                   - Score: 0.2741
26. URLTitleMatchScore             - Score: 0.2730
27. LargestLineLength              - Score: 0.2608
28. NoOfPopup                      - Score: 0.2437
29. NoOfSelfRedirect               - Score: 0.2295
30. IsResponsive                   - Score: 0.2280
31. Pay                            - Score: 0.2126
32. Robots                         - Score: 0.1952
33. CharContinuationRate           - Score: 0.1857
34. NoOfSubDomain                  - Score: 0.1661
35. HasExternalFormSubmit          - Score: 0.1647
36. Crypto                         - Score: 0.1488
37. Bank                           - Score: 0.0920
38. HasPasswordField               - Score: 0.0898
39. NoOfURLRedirect                - Score: 0.0879
40. TLDLength                      - Score: 0.0324
41. TLDLegitimateProb              - Score: 0.0148
42. NoOfQMarkInURL                 - Score: 0.0011
43. NoOfEqualsInURL                - Score: 0.0004
44. IsDomainIP                     - Score: 0.0000
45. HasObfuscation                 - Score: 0.0000
46. NoOfAmpersandInURL             - Score: 0.0000
47. NoOfObfuscatedChar             - Score: 0.0000
48. ObfuscationRatio               - Score: 0.0000
49. HasSocialNet                   - Score: 0.0000
50. HasCopyrightInfo               - Score: 0.0000
================================================================================
  Automatically selected 4 Gaussians for URLSimilarityIndex (label legit)
  Automatically selected 1 Gaussians for URLSimilarityIndex (label phish)
  Automatically selected 4 Gaussians for LineOfCode (label legit)
  Automatically selected 4 Gaussians for LineOfCode (label phish)
  Automatically selected 4 Gaussians for NoOfCSS (label legit)
  Automatically selected 3 Gaussians for NoOfCSS (label phish)
  Automatically selected 4 Gaussians for NoOfJS (label legit)
  Automatically selected 4 Gaussians for NoOfJS (label phish)
  Automatically selected 4 Gaussians for NoOfSelfRef (label legit)
  Automatically selected 4 Gaussians for NoOfSelfRef (label phish)

Features Ranked by Differentiation Strength:
================================================================================
 1. URLSimilarityIndex             - Score: 1.0000
 2. NoOfOtherSpecialCharsInURL     - Score: 0.6736
 3. URLLength                      - Score: 0.6209
 4. NoOfSelfRef                    - Score: 0.6087
 5. NoOfLettersInURL               - Score: 0.5971
 6. SpacialCharRatioInURL          - Score: 0.5335
 7. NoOfDegitsInURL                - Score: 0.4692
 8. NoOfImage                      - Score: 0.4609
 9. LetterRatioInURL               - Score: 0.4521
10. URLCharProb                    - Score: 0.4402
11. NoOfJS                         - Score: 0.4315
12. LargestLineLength              - Score: 0.4020
13. DegitRatioInURL                - Score: 0.3975
14. NoOfCSS                        - Score: 0.3781
15. DomainTitleMatchScore          - Score: 0.3523
16. DomainLength                   - Score: 0.3400
17. LineOfCode                     - Score: 0.3130
18. NoOfExternalRef                - Score: 0.3013
19. NoOfiFrame                     - Score: 0.2573
20. CharContinuationRate           - Score: 0.2499
21. URLTitleMatchScore             - Score: 0.2388
22. NoOfSubDomain                  - Score: 0.2314
23. HasDescription                 - Score: 0.1985
24. HasTitle                       - Score: 0.1834
25. IsHTTPS                        - Score: 0.1767
26. NoOfPopup                      - Score: 0.1716
27. Robots                         - Score: 0.1484
28. HasPasswordField               - Score: 0.1051
29. TLDLength                      - Score: 0.1022
30. NoOfURLRedirect                - Score: 0.1018
31. NoOfSelfRedirect               - Score: 0.0932
32. NoOfEmptyRef                   - Score: 0.0668
33. TLDLegitimateProb              - Score: 0.0477
34. Crypto                         - Score: 0.0418
35. NoOfQMarkInURL                 - Score: 0.0242
36. HasFavicon                     - Score: 0.0213
37. IsResponsive                   - Score: 0.0166
38. HasHiddenFields                - Score: 0.0164
39. Bank                           - Score: 0.0121
40. Pay                            - Score: 0.0102
41. NoOfEqualsInURL                - Score: 0.0062
42. HasExternalFormSubmit          - Score: 0.0041
43. HasSubmitButton                - Score: 0.0019
44. HasObfuscation                 - Score: 0.0004
45. IsDomainIP                     - Score: 0.0003
46. NoOfAmpersandInURL             - Score: 0.0003
47. NoOfObfuscatedChar             - Score: 0.0002
48. ObfuscationRatio               - Score: 0.0000
49. HasSocialNet                   - Score: 0.0000
50. HasCopyrightInfo               - Score: 0.0000
================================================================================
  Automatically selected 1 Gaussians for URLSimilarityIndex (label phish)
  Automatically selected 3 Gaussians for URLSimilarityIndex (label legit)
  Automatically selected 4 Gaussians for NoOfOtherSpecialCharsInURL (label phish)
  Automatically selected 3 Gaussians for NoOfOtherSpecialCharsInURL (label legit)
  Automatically selected 2 Gaussians for URLLength (label phish)
  Automatically selected 4 Gaussians for URLLength (label legit)
  Automatically selected 4 Gaussians for NoOfSelfRef (label phish)
  Automatically selected 4 Gaussians for NoOfSelfRef (label legit)
  Automatically selected 2 Gaussians for NoOfLettersInURL (label phish)
  Automatically selected 4 Gaussians for NoOfLettersInURL (label legit)

Features Ranked by Differentiation Strength:
================================================================================
 1. URLSimilarityIndex             - Score: 1.0000
 2. NoOfSelfRef                    - Score: 0.5628
 3. HasTitle                       - Score: 0.5388
 4. SpacialCharRatioInURL          - Score: 0.5292
 5. LineOfCode                     - Score: 0.5246
 6. NoOfJS                         - Score: 0.5225
 7. NoOfOtherSpecialCharsInURL     - Score: 0.5118
 8. NoOfImage                      - Score: 0.4854
 9. URLCharProb                    - Score: 0.4662
10. NoOfExternalRef                - Score: 0.4637
11. LargestLineLength              - Score: 0.4560
12. NoOfDegitsInURL                - Score: 0.4558
13. DegitRatioInURL                - Score: 0.4320
14. NoOfCSS                        - Score: 0.4128
15. IsResponsive                   - Score: 0.3852
16. NoOfiFrame                     - Score: 0.3836
17. HasFavicon                     - Score: 0.3439
18. NoOfEmptyRef                   - Score: 0.3258
19. HasCopyrightInfo               - Score: 0.3206
20. URLLength                      - Score: 0.2653
21. HasDescription                 - Score: 0.2532
22. NoOfLettersInURL               - Score: 0.2505
23. LetterRatioInURL               - Score: 0.2504
24. Robots                         - Score: 0.2135
25. Crypto                         - Score: 0.2061
26. DomainLength                   - Score: 0.2060
27. HasSubmitButton                - Score: 0.2035
28. CharContinuationRate           - Score: 0.1976
29. DomainTitleMatchScore          - Score: 0.1420
30. IsHTTPS                        - Score: 0.1229
31. NoOfPopup                      - Score: 0.1214
32. HasHiddenFields                - Score: 0.1207
33. NoOfSubDomain                  - Score: 0.1138
34. URLTitleMatchScore             - Score: 0.1045
35. TLDLegitimateProb              - Score: 0.0873
36. NoOfURLRedirect                - Score: 0.0856
37. TLDLength                      - Score: 0.0781
38. Pay                            - Score: 0.0649
39. HasExternalFormSubmit          - Score: 0.0175
40. HasPasswordField               - Score: 0.0121
41. Bank                           - Score: 0.0087
42. IsDomainIP                     - Score: 0.0029
43. NoOfEqualsInURL                - Score: 0.0029
44. NoOfQMarkInURL                 - Score: 0.0029
45. NoOfSelfRedirect               - Score: 0.0005
46. HasObfuscation                 - Score: 0.0000
47. NoOfObfuscatedChar             - Score: 0.0000
48. ObfuscationRatio               - Score: 0.0000
49. NoOfAmpersandInURL             - Score: 0.0000
50. HasSocialNet                   - Score: 0.0000
================================================================================
  Automatically selected 1 Gaussians for URLSimilarityIndex (label phish)
  Automatically selected 1 Gaussians for URLSimilarityIndex (label legit)
  Automatically selected 4 Gaussians for NoOfSelfRef (label phish)
  Automatically selected 4 Gaussians for NoOfSelfRef (label legit)
  Automatically selected 2 Gaussians for HasTitle (label phish)
  Automatically selected 2 Gaussians for HasTitle (label legit)
  Automatically selected 4 Gaussians for SpacialCharRatioInURL (label phish)
  Automatically selected 2 Gaussians for SpacialCharRatioInURL (label legit)
  Automatically selected 4 Gaussians for LineOfCode (label phish)
  Automatically selected 2 Gaussians for LineOfCode (label legit)

Features Ranked by Differentiation Strength:
================================================================================
 1. URLSimilarityIndex             - Score: 1.0000
 2. HasSocialNet                   - Score: 0.7989
 3. HasCopyrightInfo               - Score: 0.5793
 4. NoOfOtherSpecialCharsInURL     - Score: 0.5434
 5. NoOfSelfRef                    - Score: 0.5391
 6. HasDescription                 - Score: 0.5368
 7. NoOfCSS                        - Score: 0.5251
 8. HasTitle                       - Score: 0.5019
 9. NoOfJS                         - Score: 0.4991
10. NoOfImage                      - Score: 0.4660
11. NoOfExternalRef                - Score: 0.4479
12. SpacialCharRatioInURL          - Score: 0.3901
13. HasSubmitButton                - Score: 0.3732
14. NoOfiFrame                     - Score: 0.3728
15. DegitRatioInURL                - Score: 0.3464
16. DomainTitleMatchScore          - Score: 0.3207
17. URLCharProb                    - Score: 0.3139
18. HasHiddenFields                - Score: 0.3038
19. NoOfEmptyRef                   - Score: 0.3027
20. IsHTTPS                        - Score: 0.2980
21. HasFavicon                     - Score: 0.2952
22. NoOfDegitsInURL                - Score: 0.2923
23. LetterRatioInURL               - Score: 0.2833
24. URLLength                      - Score: 0.2820
25. NoOfLettersInURL               - Score: 0.2811
26. IsResponsive                   - Score: 0.2804
27. URLTitleMatchScore             - Score: 0.2678
28. Robots                         - Score: 0.2678
29. LineOfCode                     - Score: 0.2607
30. LargestLineLength              - Score: 0.2605
31. HasExternalFormSubmit          - Score: 0.2561
32. DomainLength                   - Score: 0.2458
33. Pay                            - Score: 0.2349
34. NoOfPopup                      - Score: 0.2101
35. CharContinuationRate           - Score: 0.2077
36. NoOfSubDomain                  - Score: 0.1448
37. Crypto                         - Score: 0.1412
38. Bank                           - Score: 0.1292
39. HasPasswordField               - Score: 0.1008
40. NoOfSelfRedirect               - Score: 0.0782
41. TLDLength                      - Score: 0.0566
42. TLDLegitimateProb              - Score: 0.0332
43. NoOfURLRedirect                - Score: 0.0217
44. NoOfQMarkInURL                 - Score: 0.0017
45. NoOfEqualsInURL                - Score: 0.0005
46. IsDomainIP                     - Score: 0.0000
47. HasObfuscation                 - Score: 0.0000
48. NoOfAmpersandInURL             - Score: 0.0000
49. NoOfObfuscatedChar             - Score: 0.0000
50. ObfuscationRatio               - Score: 0.0000
================================================================================
  Automatically selected 4 Gaussians for URLSimilarityIndex (label legit)
  Automatically selected 1 Gaussians for URLSimilarityIndex (label phish)
  Automatically selected 2 Gaussians for HasSocialNet (label legit)
  Automatically selected 2 Gaussians for HasSocialNet (label phish)
  Automatically selected 2 Gaussians for HasCopyrightInfo (label legit)
  Automatically selected 2 Gaussians for HasCopyrightInfo (label phish)
  Automatically selected 4 Gaussians for NoOfOtherSpecialCharsInURL (label legit)
  Automatically selected 4 Gaussians for NoOfOtherSpecialCharsInURL (label phish)
  Automatically selected 4 Gaussians for NoOfSelfRef (label legit)
  Automatically selected 4 Gaussians for NoOfSelfRef (label phish)

Features Ranked by Differentiation Strength:
================================================================================
 1. URLSimilarityIndex             - Score: 1.0000
 2. HasSocialNet                   - Score: 0.7989
 3. HasCopyrightInfo               - Score: 0.5793
 4. NoOfOtherSpecialCharsInURL     - Score: 0.5434
 5. NoOfSelfRef                    - Score: 0.5391
 6. HasDescription                 - Score: 0.5368
 7. NoOfCSS                        - Score: 0.5251
 8. HasTitle                       - Score: 0.5019
 9. NoOfJS                         - Score: 0.4991
10. NoOfImage                      - Score: 0.4660
11. NoOfExternalRef                - Score: 0.4479
12. SpacialCharRatioInURL          - Score: 0.3901
13. HasSubmitButton                - Score: 0.3732
14. NoOfiFrame                     - Score: 0.3728
15. DegitRatioInURL                - Score: 0.3464
16. DomainTitleMatchScore          - Score: 0.3207
17. URLCharProb                    - Score: 0.3139
18. HasHiddenFields                - Score: 0.3038
19. NoOfEmptyRef                   - Score: 0.3027
20. IsHTTPS                        - Score: 0.2980
21. HasFavicon                     - Score: 0.2952
22. NoOfDegitsInURL                - Score: 0.2923
23. LetterRatioInURL               - Score: 0.2833
24. URLLength                      - Score: 0.2820
25. NoOfLettersInURL               - Score: 0.2811
26. IsResponsive                   - Score: 0.2804
27. URLTitleMatchScore             - Score: 0.2678
28. Robots                         - Score: 0.2678
29. LineOfCode                     - Score: 0.2607
30. LargestLineLength              - Score: 0.2605
31. HasExternalFormSubmit          - Score: 0.2561
32. DomainLength                   - Score: 0.2458
33. Pay                            - Score: 0.2349
34. NoOfPopup                      - Score: 0.2101
35. CharContinuationRate           - Score: 0.2077
36. NoOfSubDomain                  - Score: 0.1448
37. Crypto                         - Score: 0.1412
38. Bank                           - Score: 0.1292
39. HasPasswordField               - Score: 0.1008
40. NoOfSelfRedirect               - Score: 0.0782
41. TLDLength                      - Score: 0.0566
42. TLDLegitimateProb              - Score: 0.0332
43. NoOfURLRedirect                - Score: 0.0217
44. NoOfQMarkInURL                 - Score: 0.0017
45. NoOfEqualsInURL                - Score: 0.0005
46. IsDomainIP                     - Score: 0.0000
47. HasObfuscation                 - Score: 0.0000
48. NoOfAmpersandInURL             - Score: 0.0000
49. NoOfObfuscatedChar             - Score: 0.0000
50. ObfuscationRatio               - Score: 0.0000
================================================================================

Features Ranked by Differentiation Strength:
================================================================================
 1. URLSimilarityIndex             - Score: 1.0000
 2. HasSocialNet                   - Score: 0.7989
 3. HasCopyrightInfo               - Score: 0.5793
 4. NoOfOtherSpecialCharsInURL     - Score: 0.5434
 5. NoOfSelfRef                    - Score: 0.5391
 6. HasDescription                 - Score: 0.5368
 7. NoOfCSS                        - Score: 0.5251
 8. HasTitle                       - Score: 0.5019
 9. NoOfJS                         - Score: 0.4991
10. NoOfImage                      - Score: 0.4660
11. NoOfExternalRef                - Score: 0.4479
12. SpacialCharRatioInURL          - Score: 0.3901
13. HasSubmitButton                - Score: 0.3732
14. NoOfiFrame                     - Score: 0.3728
15. DegitRatioInURL                - Score: 0.3464
16. DomainTitleMatchScore          - Score: 0.3207
17. URLCharProb                    - Score: 0.3139
18. HasHiddenFields                - Score: 0.3038
19. NoOfEmptyRef                   - Score: 0.3027
20. IsHTTPS                        - Score: 0.2980
21. HasFavicon                     - Score: 0.2952
22. NoOfDegitsInURL                - Score: 0.2923
23. LetterRatioInURL               - Score: 0.2833
24. URLLength                      - Score: 0.2820
25. NoOfLettersInURL               - Score: 0.2811
26. IsResponsive                   - Score: 0.2804
27. URLTitleMatchScore             - Score: 0.2678
28. Robots                         - Score: 0.2678
29. LineOfCode                     - Score: 0.2607
30. LargestLineLength              - Score: 0.2605
31. HasExternalFormSubmit          - Score: 0.2561
32. DomainLength                   - Score: 0.2458
33. Pay                            - Score: 0.2349
34. NoOfPopup                      - Score: 0.2101
35. CharContinuationRate           - Score: 0.2077
36. NoOfSubDomain                  - Score: 0.1448
37. Crypto                         - Score: 0.1412
38. Bank                           - Score: 0.1292
39. HasPasswordField               - Score: 0.1008
40. NoOfSelfRedirect               - Score: 0.0782
41. TLDLength                      - Score: 0.0566
42. TLDLegitimateProb              - Score: 0.0332
43. NoOfURLRedirect                - Score: 0.0217
44. NoOfQMarkInURL                 - Score: 0.0017
45. NoOfEqualsInURL                - Score: 0.0005
46. IsDomainIP                     - Score: 0.0000
47. HasObfuscation                 - Score: 0.0000
48. NoOfAmpersandInURL             - Score: 0.0000
49. NoOfObfuscatedChar             - Score: 0.0000
50. ObfuscationRatio               - Score: 0.0000
================================================================================

Features Ranked by Differentiation Strength:
================================================================================
 1. URLSimilarityIndex             - Score: 1.0000
 2. LineOfCode                     - Score: 0.7310
 3. NoOfCSS                        - Score: 0.7074
 4. NoOfExternalRef                - Score: 0.6638
 5. NoOfJS                         - Score: 0.6317
 6. NoOfSelfRef                    - Score: 0.6152
 7. NoOfOtherSpecialCharsInURL     - Score: 0.5344
 8. NoOfImage                      - Score: 0.4783
 9. HasTitle                       - Score: 0.4772
10. HasDescription                 - Score: 0.4703
11. SpacialCharRatioInURL          - Score: 0.3781
12. DegitRatioInURL                - Score: 0.3501
13. DomainTitleMatchScore          - Score: 0.3345
14. NoOfiFrame                     - Score: 0.3341
15. HasSubmitButton                - Score: 0.3249
16. IsHTTPS                        - Score: 0.3083
17. LetterRatioInURL               - Score: 0.3057
18. URLCharProb                    - Score: 0.2879
19. NoOfEmptyRef                   - Score: 0.2869
20. NoOfDegitsInURL                - Score: 0.2858
21. URLTitleMatchScore             - Score: 0.2851
22. NoOfLettersInURL               - Score: 0.2792
23. URLLength                      - Score: 0.2785
24. HasHiddenFields                - Score: 0.2729
25. HasFavicon                     - Score: 0.2703
26. NoOfPopup                      - Score: 0.2671
27. DomainLength                   - Score: 0.2628
28. LargestLineLength              - Score: 0.2427
29. NoOfSelfRedirect               - Score: 0.2334
30. IsResponsive                   - Score: 0.2317
31. Robots                         - Score: 0.2080
32. Pay                            - Score: 0.2064
33. Crypto                         - Score: 0.1977
34. CharContinuationRate           - Score: 0.1936
35. HasExternalFormSubmit          - Score: 0.1807
36. NoOfSubDomain                  - Score: 0.1743
37. Bank                           - Score: 0.0871
38. NoOfURLRedirect                - Score: 0.0771
39. HasPasswordField               - Score: 0.0765
40. TLDLength                      - Score: 0.0435
41. TLDLegitimateProb              - Score: 0.0137
42. NoOfQMarkInURL                 - Score: 0.0011
43. NoOfEqualsInURL                - Score: 0.0004
44. IsDomainIP                     - Score: 0.0000
45. HasObfuscation                 - Score: 0.0000
46. NoOfAmpersandInURL             - Score: 0.0000
47. NoOfObfuscatedChar             - Score: 0.0000
48. ObfuscationRatio               - Score: 0.0000
49. HasSocialNet                   - Score: 0.0000
50. HasCopyrightInfo               - Score: 0.0000
================================================================================
  Automatically selected 4 Gaussians for URLSimilarityIndex (label legit)
  Automatically selected 1 Gaussians for URLSimilarityIndex (label phish)
  Automatically selected 4 Gaussians for LineOfCode (label legit)
  Automatically selected 3 Gaussians for LineOfCode (label phish)
  Automatically selected 4 Gaussians for NoOfCSS (label legit)
  Automatically selected 3 Gaussians for NoOfCSS (label phish)
  Automatically selected 4 Gaussians for NoOfExternalRef (label legit)
  Automatically selected 4 Gaussians for NoOfExternalRef (label phish)
  Automatically selected 4 Gaussians for NoOfJS (label legit)
  Automatically selected 4 Gaussians for NoOfJS (label phish)

Features Ranked by Differentiation Strength:
================================================================================
 1. URLSimilarityIndex             - Score: 1.0000
 2. NoOfOtherSpecialCharsInURL     - Score: 0.6751
 3. URLLength                      - Score: 0.6159
 4. NoOfLettersInURL               - Score: 0.6038
 5. SpacialCharRatioInURL          - Score: 0.5336
 6. NoOfSelfRef                    - Score: 0.5139
 7. NoOfImage                      - Score: 0.5012
 8. NoOfDegitsInURL                - Score: 0.4736
 9. LetterRatioInURL               - Score: 0.4441
10. URLCharProb                    - Score: 0.4297
11. NoOfExternalRef                - Score: 0.4259
12. NoOfJS                         - Score: 0.4107
13. LargestLineLength              - Score: 0.4033
14. DegitRatioInURL                - Score: 0.3954
15. NoOfCSS                        - Score: 0.3747
16. DomainTitleMatchScore          - Score: 0.3462
17. DomainLength                   - Score: 0.3442
18. LineOfCode                     - Score: 0.3400
19. NoOfiFrame                     - Score: 0.2749
20. CharContinuationRate           - Score: 0.2448
21. URLTitleMatchScore             - Score: 0.2367
22. NoOfSubDomain                  - Score: 0.2278
23. HasDescription                 - Score: 0.2002
24. HasTitle                       - Score: 0.1905
25. IsHTTPS                        - Score: 0.1872
26. NoOfPopup                      - Score: 0.1646
27. Robots                         - Score: 0.1427
28. HasPasswordField               - Score: 0.1084
29. NoOfEmptyRef                   - Score: 0.1078
30. NoOfURLRedirect                - Score: 0.1011
31. TLDLength                      - Score: 0.1007
32. NoOfSelfRedirect               - Score: 0.0910
33. TLDLegitimateProb              - Score: 0.0449
34. Crypto                         - Score: 0.0378
35. HasExternalFormSubmit          - Score: 0.0290
36. HasFavicon                     - Score: 0.0286
37. NoOfQMarkInURL                 - Score: 0.0276
38. IsResponsive                   - Score: 0.0121
39. HasHiddenFields                - Score: 0.0119
40. Bank                           - Score: 0.0103
41. Pay                            - Score: 0.0086
42. NoOfEqualsInURL                - Score: 0.0067
43. HasSubmitButton                - Score: 0.0021
44. IsDomainIP                     - Score: 0.0005
45. HasObfuscation                 - Score: 0.0004
46. NoOfAmpersandInURL             - Score: 0.0003
47. NoOfObfuscatedChar             - Score: 0.0002
48. ObfuscationRatio               - Score: 0.0000
49. HasSocialNet                   - Score: 0.0000
50. HasCopyrightInfo               - Score: 0.0000
================================================================================
  Automatically selected 3 Gaussians for URLSimilarityIndex (label legit)
  Automatically selected 1 Gaussians for URLSimilarityIndex (label phish)
  Automatically selected 3 Gaussians for NoOfOtherSpecialCharsInURL (label legit)
  Automatically selected 4 Gaussians for NoOfOtherSpecialCharsInURL (label phish)
  Automatically selected 4 Gaussians for URLLength (label legit)
  Automatically selected 2 Gaussians for URLLength (label phish)
  Automatically selected 4 Gaussians for NoOfLettersInURL (label legit)
  Automatically selected 2 Gaussians for NoOfLettersInURL (label phish)
  Automatically selected 4 Gaussians for SpacialCharRatioInURL (label legit)
  Automatically selected 2 Gaussians for SpacialCharRatioInURL (label phish)

Features Ranked by Differentiation Strength:
================================================================================
 1. URLSimilarityIndex             - Score: 1.0000
 2. SpacialCharRatioInURL          - Score: 0.5903
 3. NoOfSelfRef                    - Score: 0.5595
 4. NoOfOtherSpecialCharsInURL     - Score: 0.5575
 5. NoOfJS                         - Score: 0.5205
 6. URLCharProb                    - Score: 0.5071
 7. HasTitle                       - Score: 0.5052
 8. LargestLineLength              - Score: 0.5040
 9. NoOfImage                      - Score: 0.4810
10. NoOfDegitsInURL                - Score: 0.4639
11. NoOfExternalRef                - Score: 0.4594
12. DegitRatioInURL                - Score: 0.4393
13. NoOfCSS                        - Score: 0.3949
14. IsResponsive                   - Score: 0.3534
15. NoOfEmptyRef                   - Score: 0.3210
16. HasDescription                 - Score: 0.2976
17. LetterRatioInURL               - Score: 0.2748
18. LineOfCode                     - Score: 0.2679
19. HasSubmitButton                - Score: 0.2519
20. URLLength                      - Score: 0.2510
21. NoOfLettersInURL               - Score: 0.2410
22. TLDLegitimateProb              - Score: 0.2384
23. HasCopyrightInfo               - Score: 0.2317
24. DomainTitleMatchScore          - Score: 0.2193
25. Robots                         - Score: 0.2071
26. CharContinuationRate           - Score: 0.2049
27. NoOfiFrame                     - Score: 0.1968
28. DomainLength                   - Score: 0.1968
29. HasFavicon                     - Score: 0.1907
30. NoOfSubDomain                  - Score: 0.1755
31. Crypto                         - Score: 0.1715
32. HasHiddenFields                - Score: 0.1409
33. TLDLength                      - Score: 0.1321
34. NoOfPopup                      - Score: 0.1232
35. URLTitleMatchScore             - Score: 0.1165
36. NoOfURLRedirect                - Score: 0.1076
37. IsHTTPS                        - Score: 0.1027
38. Bank                           - Score: 0.0245
39. Pay                            - Score: 0.0131
40. HasPasswordField               - Score: 0.0123
41. IsDomainIP                     - Score: 0.0040
42. NoOfEqualsInURL                - Score: 0.0040
43. NoOfQMarkInURL                 - Score: 0.0040
44. HasExternalFormSubmit          - Score: 0.0020
45. NoOfSelfRedirect               - Score: 0.0005
46. HasObfuscation                 - Score: 0.0000
47. NoOfObfuscatedChar             - Score: 0.0000
48. ObfuscationRatio               - Score: 0.0000
49. NoOfAmpersandInURL             - Score: 0.0000
50. HasSocialNet                   - Score: 0.0000
================================================================================
  Automatically selected 1 Gaussians for URLSimilarityIndex (label phish)
  Automatically selected 1 Gaussians for URLSimilarityIndex (label legit)
  Automatically selected 4 Gaussians for SpacialCharRatioInURL (label phish)
  Automatically selected 1 Gaussians for SpacialCharRatioInURL (label legit)
  Automatically selected 4 Gaussians for NoOfSelfRef (label phish)
  Automatically selected 2 Gaussians for NoOfSelfRef (label legit)
  Automatically selected 4 Gaussians for NoOfOtherSpecialCharsInURL (label phish)
  Automatically selected 4 Gaussians for NoOfOtherSpecialCharsInURL (label legit)
  Automatically selected 4 Gaussians for NoOfJS (label phish)
  Automatically selected 4 Gaussians for NoOfJS (label legit)

Features Ranked by Differentiation Strength:
================================================================================
 1. URLSimilarityIndex             - Score: 1.0000
 2. HasSocialNet                   - Score: 0.8016
 3. NoOfCSS                        - Score: 0.6063
 4. HasCopyrightInfo               - Score: 0.5875
 5. NoOfSelfRef                    - Score: 0.5422
 6. NoOfOtherSpecialCharsInURL     - Score: 0.5417
 7. HasDescription                 - Score: 0.5415
 8. HasTitle                       - Score: 0.5080
 9. NoOfJS                         - Score: 0.4984
10. NoOfImage                      - Score: 0.4647
11. SpacialCharRatioInURL          - Score: 0.3833
12. HasSubmitButton                - Score: 0.3784
13. NoOfiFrame                     - Score: 0.3741
14. DegitRatioInURL                - Score: 0.3443
15. NoOfEmptyRef                   - Score: 0.3158
16. DomainTitleMatchScore          - Score: 0.3143
17. HasHiddenFields                - Score: 0.3108
18. URLCharProb                    - Score: 0.3095
19. NoOfPopup                      - Score: 0.3080
20. NoOfExternalRef                - Score: 0.3080
21. IsHTTPS                        - Score: 0.3042
22. HasFavicon                     - Score: 0.2967
23. NoOfDegitsInURL                - Score: 0.2902
24. NoOfLettersInURL               - Score: 0.2831
25. URLLength                      - Score: 0.2830
26. IsResponsive                   - Score: 0.2803
27. LetterRatioInURL               - Score: 0.2745
28. HasExternalFormSubmit          - Score: 0.2641
29. Robots                         - Score: 0.2632
30. LineOfCode                     - Score: 0.2610
31. URLTitleMatchScore             - Score: 0.2605
32. LargestLineLength              - Score: 0.2563
33. DomainLength                   - Score: 0.2497
34. Pay                            - Score: 0.2421
35. CharContinuationRate           - Score: 0.2042
36. NoOfSubDomain                  - Score: 0.1440
37. Bank                           - Score: 0.1348
38. Crypto                         - Score: 0.1257
39. HasPasswordField               - Score: 0.1000
40. NoOfSelfRedirect               - Score: 0.0744
41. TLDLength                      - Score: 0.0615
42. TLDLegitimateProb              - Score: 0.0324
43. NoOfURLRedirect                - Score: 0.0203
44. NoOfQMarkInURL                 - Score: 0.0014
45. NoOfEqualsInURL                - Score: 0.0005
46. IsDomainIP                     - Score: 0.0000
47. HasObfuscation                 - Score: 0.0000
48. NoOfAmpersandInURL             - Score: 0.0000
49. NoOfObfuscatedChar             - Score: 0.0000
50. ObfuscationRatio               - Score: 0.0000
================================================================================
  Automatically selected 1 Gaussians for URLSimilarityIndex (label phish)
  Automatically selected 4 Gaussians for URLSimilarityIndex (label legit)
  Automatically selected 2 Gaussians for HasSocialNet (label phish)
  Automatically selected 2 Gaussians for HasSocialNet (label legit)
  Automatically selected 4 Gaussians for NoOfCSS (label phish)
  Automatically selected 4 Gaussians for NoOfCSS (label legit)
  Automatically selected 2 Gaussians for HasCopyrightInfo (label phish)
  Automatically selected 2 Gaussians for HasCopyrightInfo (label legit)
  Automatically selected 4 Gaussians for NoOfSelfRef (label phish)
  Automatically selected 4 Gaussians for NoOfSelfRef (label legit)

Features Ranked by Differentiation Strength:
================================================================================
 1. URLSimilarityIndex             - Score: 1.0000
 2. HasSocialNet                   - Score: 0.8016
 3. NoOfCSS                        - Score: 0.6063
 4. HasCopyrightInfo               - Score: 0.5875
 5. NoOfSelfRef                    - Score: 0.5422
 6. NoOfOtherSpecialCharsInURL     - Score: 0.5417
 7. HasDescription                 - Score: 0.5415
 8. HasTitle                       - Score: 0.5080
 9. NoOfJS                         - Score: 0.4984
10. NoOfImage                      - Score: 0.4647
11. SpacialCharRatioInURL          - Score: 0.3833
12. HasSubmitButton                - Score: 0.3784
13. NoOfiFrame                     - Score: 0.3741
14. DegitRatioInURL                - Score: 0.3443
15. NoOfEmptyRef                   - Score: 0.3158
16. DomainTitleMatchScore          - Score: 0.3143
17. HasHiddenFields                - Score: 0.3108
18. URLCharProb                    - Score: 0.3095
19. NoOfPopup                      - Score: 0.3080
20. NoOfExternalRef                - Score: 0.3080
21. IsHTTPS                        - Score: 0.3042
22. HasFavicon                     - Score: 0.2967
23. NoOfDegitsInURL                - Score: 0.2902
24. NoOfLettersInURL               - Score: 0.2831
25. URLLength                      - Score: 0.2830
26. IsResponsive                   - Score: 0.2803
27. LetterRatioInURL               - Score: 0.2745
28. HasExternalFormSubmit          - Score: 0.2641
29. Robots                         - Score: 0.2632
30. LineOfCode                     - Score: 0.2610
31. URLTitleMatchScore             - Score: 0.2605
32. LargestLineLength              - Score: 0.2563
33. DomainLength                   - Score: 0.2497
34. Pay                            - Score: 0.2421
35. CharContinuationRate           - Score: 0.2042
36. NoOfSubDomain                  - Score: 0.1440
37. Bank                           - Score: 0.1348
38. Crypto                         - Score: 0.1257
39. HasPasswordField               - Score: 0.1000
40. NoOfSelfRedirect               - Score: 0.0744
41. TLDLength                      - Score: 0.0615
42. TLDLegitimateProb              - Score: 0.0324
43. NoOfURLRedirect                - Score: 0.0203
44. NoOfQMarkInURL                 - Score: 0.0014
45. NoOfEqualsInURL                - Score: 0.0005
46. IsDomainIP                     - Score: 0.0000
47. HasObfuscation                 - Score: 0.0000
48. NoOfAmpersandInURL             - Score: 0.0000
49. NoOfObfuscatedChar             - Score: 0.0000
50. ObfuscationRatio               - Score: 0.0000
================================================================================

Features Ranked by Differentiation Strength:
================================================================================
 1. URLSimilarityIndex             - Score: 1.0000
 2. HasSocialNet                   - Score: 0.8016
 3. NoOfCSS                        - Score: 0.6063
 4. HasCopyrightInfo               - Score: 0.5875
 5. NoOfSelfRef                    - Score: 0.5422
 6. NoOfOtherSpecialCharsInURL     - Score: 0.5417
 7. HasDescription                 - Score: 0.5415
 8. HasTitle                       - Score: 0.5080
 9. NoOfJS                         - Score: 0.4984
10. NoOfImage                      - Score: 0.4647
11. SpacialCharRatioInURL          - Score: 0.3833
12. HasSubmitButton                - Score: 0.3784
13. NoOfiFrame                     - Score: 0.3741
14. DegitRatioInURL                - Score: 0.3443
15. NoOfEmptyRef                   - Score: 0.3158
16. DomainTitleMatchScore          - Score: 0.3143
17. HasHiddenFields                - Score: 0.3108
18. URLCharProb                    - Score: 0.3095
19. NoOfPopup                      - Score: 0.3080
20. NoOfExternalRef                - Score: 0.3080
21. IsHTTPS                        - Score: 0.3042
22. HasFavicon                     - Score: 0.2967
23. NoOfDegitsInURL                - Score: 0.2902
24. NoOfLettersInURL               - Score: 0.2831
25. URLLength                      - Score: 0.2830
26. IsResponsive                   - Score: 0.2803
27. LetterRatioInURL               - Score: 0.2745
28. HasExternalFormSubmit          - Score: 0.2641
29. Robots                         - Score: 0.2632
30. LineOfCode                     - Score: 0.2610
31. URLTitleMatchScore             - Score: 0.2605
32. LargestLineLength              - Score: 0.2563
33. DomainLength                   - Score: 0.2497
34. Pay                            - Score: 0.2421
35. CharContinuationRate           - Score: 0.2042
36. NoOfSubDomain                  - Score: 0.1440
37. Bank                           - Score: 0.1348
38. Crypto                         - Score: 0.1257
39. HasPasswordField               - Score: 0.1000
40. NoOfSelfRedirect               - Score: 0.0744
41. TLDLength                      - Score: 0.0615
42. TLDLegitimateProb              - Score: 0.0324
43. NoOfURLRedirect                - Score: 0.0203
44. NoOfQMarkInURL                 - Score: 0.0014
45. NoOfEqualsInURL                - Score: 0.0005
46. IsDomainIP                     - Score: 0.0000
47. HasObfuscation                 - Score: 0.0000
48. NoOfAmpersandInURL             - Score: 0.0000
49. NoOfObfuscatedChar             - Score: 0.0000
50. ObfuscationRatio               - Score: 0.0000
================================================================================

Features Ranked by Differentiation Strength:
================================================================================
 1. URLSimilarityIndex             - Score: 1.0000
 2. LineOfCode                     - Score: 0.7957
 3. NoOfCSS                        - Score: 0.7010
 4. NoOfJS                         - Score: 0.6332
 5. NoOfSelfRef                    - Score: 0.6079
 6. NoOfOtherSpecialCharsInURL     - Score: 0.5309
 7. HasDescription                 - Score: 0.4807
 8. HasTitle                       - Score: 0.4767
 9. NoOfImage                      - Score: 0.4758
10. SpacialCharRatioInURL          - Score: 0.3632
11. NoOfiFrame                     - Score: 0.3577
12. NoOfExternalRef                - Score: 0.3466
13. DegitRatioInURL                - Score: 0.3444
14. HasSubmitButton                - Score: 0.3437
15. DomainTitleMatchScore          - Score: 0.3262
16. IsHTTPS                        - Score: 0.3153
17. LetterRatioInURL               - Score: 0.3048
18. NoOfEmptyRef                   - Score: 0.2934
19. NoOfDegitsInURL                - Score: 0.2848
20. NoOfLettersInURL               - Score: 0.2815
21. URLCharProb                    - Score: 0.2808
22. URLLength                      - Score: 0.2802
23. HasHiddenFields                - Score: 0.2781
24. URLTitleMatchScore             - Score: 0.2760
25. DomainLength                   - Score: 0.2748
26. HasFavicon                     - Score: 0.2632
27. NoOfPopup                      - Score: 0.2462
28. LargestLineLength              - Score: 0.2438
29. NoOfSelfRedirect               - Score: 0.2309
30. Pay                            - Score: 0.2180
31. IsResponsive                   - Score: 0.2147
32. Robots                         - Score: 0.2103
33. CharContinuationRate           - Score: 0.1873
34. HasExternalFormSubmit          - Score: 0.1784
35. NoOfSubDomain                  - Score: 0.1658
36. Crypto                         - Score: 0.1489
37. Bank                           - Score: 0.1200
38. HasPasswordField               - Score: 0.0858
39. NoOfURLRedirect                - Score: 0.0808
40. TLDLength                      - Score: 0.0307
41. TLDLegitimateProb              - Score: 0.0138
42. NoOfQMarkInURL                 - Score: 0.0010
43. NoOfEqualsInURL                - Score: 0.0004
44. IsDomainIP                     - Score: 0.0000
45. HasObfuscation                 - Score: 0.0000
46. NoOfAmpersandInURL             - Score: 0.0000
47. NoOfObfuscatedChar             - Score: 0.0000
48. ObfuscationRatio               - Score: 0.0000
49. HasSocialNet                   - Score: 0.0000
50. HasCopyrightInfo               - Score: 0.0000
================================================================================
  Automatically selected 4 Gaussians for URLSimilarityIndex (label legit)
  Automatically selected 1 Gaussians for URLSimilarityIndex (label phish)
  Automatically selected 4 Gaussians for LineOfCode (label legit)
  Automatically selected 3 Gaussians for LineOfCode (label phish)
  Automatically selected 4 Gaussians for NoOfCSS (label legit)
  Automatically selected 3 Gaussians for NoOfCSS (label phish)
  Automatically selected 4 Gaussians for NoOfJS (label legit)
  Automatically selected 4 Gaussians for NoOfJS (label phish)
  Automatically selected 4 Gaussians for NoOfSelfRef (label legit)
  Automatically selected 4 Gaussians for NoOfSelfRef (label phish)

Features Ranked by Differentiation Strength:
================================================================================
 1. URLSimilarityIndex             - Score: 1.0000
 2. NoOfOtherSpecialCharsInURL     - Score: 0.6575
 3. URLLength                      - Score: 0.5925
 4. NoOfSelfRef                    - Score: 0.5849
 5. NoOfLettersInURL               - Score: 0.5732
 6. NoOfImage                      - Score: 0.5088
 7. SpacialCharRatioInURL          - Score: 0.4872
 8. NoOfDegitsInURL                - Score: 0.4736
 9. NoOfExternalRef                - Score: 0.4659
10. URLCharProb                    - Score: 0.4299
11. LetterRatioInURL               - Score: 0.4263
12. LargestLineLength              - Score: 0.4011
13. DegitRatioInURL                - Score: 0.3941
14. NoOfJS                         - Score: 0.3932
15. NoOfCSS                        - Score: 0.3892
16. LineOfCode                     - Score: 0.3396
17. DomainLength                   - Score: 0.3285
18. DomainTitleMatchScore          - Score: 0.3189
19. NoOfiFrame                     - Score: 0.2899
20. CharContinuationRate           - Score: 0.2179
21. NoOfSubDomain                  - Score: 0.2137
22. URLTitleMatchScore             - Score: 0.2101
23. HasTitle                       - Score: 0.1933
24. HasDescription                 - Score: 0.1881
25. IsHTTPS                        - Score: 0.1821
26. NoOfPopup                      - Score: 0.1568
27. Robots                         - Score: 0.1264
28. NoOfEmptyRef                   - Score: 0.1116
29. HasPasswordField               - Score: 0.1105
30. TLDLength                      - Score: 0.0960
31. NoOfURLRedirect                - Score: 0.0959
32. NoOfSelfRedirect               - Score: 0.0654
33. Crypto                         - Score: 0.0524
34. TLDLegitimateProb              - Score: 0.0430
35. HasFavicon                     - Score: 0.0318
36. NoOfQMarkInURL                 - Score: 0.0219
37. HasExternalFormSubmit          - Score: 0.0176
38. HasHiddenFields                - Score: 0.0171
39. Bank                           - Score: 0.0141
40. Pay                            - Score: 0.0110
41. IsResponsive                   - Score: 0.0082
42. HasSubmitButton                - Score: 0.0071
43. NoOfEqualsInURL                - Score: 0.0059
44. IsDomainIP                     - Score: 0.0004
45. HasObfuscation                 - Score: 0.0003
46. NoOfAmpersandInURL             - Score: 0.0002
47. NoOfObfuscatedChar             - Score: 0.0001
48. ObfuscationRatio               - Score: 0.0000
49. HasSocialNet                   - Score: 0.0000
50. HasCopyrightInfo               - Score: 0.0000
================================================================================
  Automatically selected 1 Gaussians for URLSimilarityIndex (label phish)
  Automatically selected 3 Gaussians for URLSimilarityIndex (label legit)
  Automatically selected 4 Gaussians for NoOfOtherSpecialCharsInURL (label phish)
  Automatically selected 4 Gaussians for NoOfOtherSpecialCharsInURL (label legit)
  Automatically selected 2 Gaussians for URLLength (label phish)
  Automatically selected 4 Gaussians for URLLength (label legit)
  Automatically selected 4 Gaussians for NoOfSelfRef (label phish)
  Automatically selected 3 Gaussians for NoOfSelfRef (label legit)
  Automatically selected 2 Gaussians for NoOfLettersInURL (label phish)
  Automatically selected 4 Gaussians for NoOfLettersInURL (label legit)

Features Ranked by Differentiation Strength:
================================================================================
 1. URLSimilarityIndex             - Score: 1.0000
 2. NoOfCSS                        - Score: 0.6443
 3. SpacialCharRatioInURL          - Score: 0.5732
 4. HasTitle                       - Score: 0.5668
 5. NoOfSelfRef                    - Score: 0.5630
 6. NoOfOtherSpecialCharsInURL     - Score: 0.5290
 7. NoOfJS                         - Score: 0.5277
 8. LargestLineLength              - Score: 0.5022
 9. NoOfImage                      - Score: 0.4809
10. NoOfExternalRef                - Score: 0.4621
11. URLCharProb                    - Score: 0.4433
12. NoOfDegitsInURL                - Score: 0.3948
13. DegitRatioInURL                - Score: 0.3497
14. NoOfEmptyRef                   - Score: 0.3231
15. HasDescription                 - Score: 0.3033
16. IsResponsive                   - Score: 0.2972
17. HasCopyrightInfo               - Score: 0.2909
18. LineOfCode                     - Score: 0.2671
19. LetterRatioInURL               - Score: 0.2650
20. HasSubmitButton                - Score: 0.2497
21. Crypto                         - Score: 0.2413
22. URLLength                      - Score: 0.2389
23. Robots                         - Score: 0.2084
24. NoOfiFrame                     - Score: 0.1996
25. HasFavicon                     - Score: 0.1899
26. NoOfSubDomain                  - Score: 0.1806
27. CharContinuationRate           - Score: 0.1775
28. DomainLength                   - Score: 0.1773
29. NoOfLettersInURL               - Score: 0.1737
30. TLDLegitimateProb              - Score: 0.1512
31. DomainTitleMatchScore          - Score: 0.1457
32. HasHiddenFields                - Score: 0.0924
33. NoOfPopup                      - Score: 0.0894
34. TLDLength                      - Score: 0.0828
35. NoOfURLRedirect                - Score: 0.0684
36. URLTitleMatchScore             - Score: 0.0677
37. Bank                           - Score: 0.0575
38. IsHTTPS                        - Score: 0.0499
39. Pay                            - Score: 0.0439
40. HasPasswordField               - Score: 0.0122
41. HasExternalFormSubmit          - Score: 0.0043
42. NoOfEqualsInURL                - Score: 0.0040
43. NoOfQMarkInURL                 - Score: 0.0040
44. NoOfSelfRedirect               - Score: 0.0005
45. IsDomainIP                     - Score: 0.0000
46. HasObfuscation                 - Score: 0.0000
47. NoOfObfuscatedChar             - Score: 0.0000
48. ObfuscationRatio               - Score: 0.0000
49. NoOfAmpersandInURL             - Score: 0.0000
50. HasSocialNet                   - Score: 0.0000
================================================================================
  Automatically selected 1 Gaussians for URLSimilarityIndex (label phish)
  Automatically selected 4 Gaussians for URLSimilarityIndex (label legit)
  Automatically selected 4 Gaussians for NoOfCSS (label phish)
  Automatically selected 3 Gaussians for NoOfCSS (label legit)
  Automatically selected 4 Gaussians for SpacialCharRatioInURL (label phish)
  Automatically selected 1 Gaussians for SpacialCharRatioInURL (label legit)
  Automatically selected 2 Gaussians for HasTitle (label phish)
  Automatically selected 2 Gaussians for HasTitle (label legit)
  Automatically selected 4 Gaussians for NoOfSelfRef (label phish)
  Automatically selected 4 Gaussians for NoOfSelfRef (label legit)
  PhiUSIIL: einstein done
  wrote /home/user/grad-school/reproduce/outputs/table_norm_conorm_matrix.md
  wrote /home/user/grad-school/reproduce/outputs/table_norm_conorm_matrix.csv
