arm,init,seed,eval,seconds,best_obj
none,hot,0,0,0.0000,0.009248
scipy-lbfgsb,hot,0,0,0.0000,0.009248
scipy-lbfgsb,hot,0,12,0.4221,0.009248
scipy-lbfgsb,hot,0,14,0.4811,0.009248
scipy-lbfgsb,hot,0,22,0.7183,0.009248
scipy-lbfgsb,hot,0,58,1.8141,0.009247
scipy-lbfgsb,hot,0,102,3.1481,0.009179
scipy-lbfgsb,hot,0,113,3.4814,0.009178
scipy-lbfgsb,hot,0,129,3.9778,0.009178
scipy-lbfgsb,hot,0,153,4.7176,0.009178
scipy-lbfgsb,hot,0,203,6.2210,0.003306
scipy-lbfgsb,hot,0,214,6.5517,0.003306
scipy-lbfgsb,hot,0,230,7.0443,0.003306
scipy-lbfgsb,hot,0,254,7.7751,0.003305
scipy-lbfgsb,hot,0,405,12.4238,0.001484
scipy-lbfgsb,hot,0,408,12.5207,0.001484
scipy-lbfgsb,hot,0,409,12.5519,0.001484
scipy-lbfgsb,hot,0,417,12.7979,0.001484
scipy-lbfgsb,hot,0,433,13.2890,0.001484
scipy-lbfgsb,hot,0,457,14.0266,0.001484
scipy-lbfgsb,hot,0,462,14.1795,0.001482
scipy-lbfgsb,hot,0,463,14.2092,0.001478
scipy-lbfgsb,hot,0,506,15.5015,0.001088
scipy-lbfgsb,hot,0,515,15.7718,0.001088
scipy-lbfgsb,hot,0,518,15.8636,0.001088
scipy-lbfgsb,hot,0,534,16.3498,0.001088
scipy-lbfgsb,hot,0,558,17.0898,0.001088
scipy-lbfgsb,hot,0,603,18.4424,0.001088
scipy-lbfgsb,hot,0,604,18.4739,0.001088
scipy-lbfgsb,hot,0,607,18.5635,0.000997
scipy-lbfgsb,hot,0,610,18.6526,0.000997
scipy-lbfgsb,hot,0,611,18.6823,0.000997
scipy-lbfgsb,hot,0,619,18.9190,0.000997
scipy-lbfgsb,hot,0,635,19.3950,0.000997
scipy-lbfgsb,hot,0,659,20.1104,0.000997
scipy-lbfgsb,hot,0,664,20.2607,0.000997
scipy-lbfgsb,hot,0,665,20.2903,0.000997
scipy-lbfgsb,hot,0,704,21.4619,0.000996
scipy-lbfgsb,hot,0,705,21.4918,0.000996
scipy-lbfgsb,hot,0,708,21.5818,0.000946
scipy-lbfgsb,hot,0,711,21.6744,0.000946
scipy-lbfgsb,hot,0,712,21.7044,0.000946
scipy-lbfgsb,hot,0,720,21.9464,0.000946
scipy-lbfgsb,hot,0,736,22.4407,0.000946
scipy-lbfgsb,hot,0,760,23.1787,0.000946
scipy-lbfgsb,hot,0,765,23.3374,0.000946
scipy-lbfgsb,hot,0,805,24.5708,0.000946
scipy-lbfgsb,hot,0,806,24.6026,0.000946
scipy-lbfgsb,hot,0,809,24.6932,0.000869
scipy-lbfgsb,hot,0,812,24.7840,0.000869
scipy-lbfgsb,hot,0,813,24.8142,0.000869
scipy-lbfgsb,hot,0,858,26.1868,0.000869
scipy-lbfgsb,hot,0,866,26.4309,0.000869
scipy-lbfgsb,hot,0,910,27.7735,0.000832
scipy-lbfgsb,hot,0,913,27.8646,0.000832
scipy-lbfgsb,hot,0,914,27.8953,0.000832
scipy-lbfgsb,hot,0,919,28.0460,0.000832
scipy-lbfgsb,hot,0,935,28.5332,0.000832
scipy-lbfgsb,hot,0,959,29.2643,0.000832
scipy-lbfgsb,hot,0,967,29.5076,0.000832
scipy-lbfgsb,hot,0,1011,30.8499,0.000801
scipy-lbfgsb,hot,0,1014,30.9441,0.000801
scipy-lbfgsb,hot,0,1015,30.9796,0.000801
scipy-lbfgsb,hot,0,1020,31.1564,0.000801
scipy-lbfgsb,hot,0,1036,31.6455,0.000801
scipy-lbfgsb,hot,0,1060,32.3957,0.000801
scipy-lbfgsb,hot,0,1213,37.1663,0.000763
scipy-lbfgsb,hot,0,1216,37.2601,0.000763
scipy-lbfgsb,hot,0,1217,37.2917,0.000763
scipy-lbfgsb,hot,0,1222,37.4475,0.000763
scipy-lbfgsb,hot,0,1238,37.9476,0.000763
scipy-lbfgsb,hot,0,1262,38.6928,0.000763
scipy-lbfgsb,hot,0,1415,43.3651,0.000762
scipy-lbfgsb,hot,0,1418,43.4557,0.000762
scipy-lbfgsb,hot,0,1419,43.4858,0.000762
scipy-lbfgsb,hot,0,1424,43.6350,0.000762
scipy-lbfgsb,hot,0,1440,44.1091,0.000762
scipy-lbfgsb,hot,0,1464,44.8153,0.000762
scipy-lbfgsb,hot,0,1617,49.4244,0.000758
scipy-lbfgsb,hot,0,1627,49.7300,0.000758
scipy-lbfgsb,hot,0,1643,50.2122,0.000758
scipy-lbfgsb,hot,0,1667,50.9308,0.000758
scipy-lbfgsb,hot,0,1718,52.4884,0.000756
scipy-lbfgsb,hot,0,1721,52.5779,0.000756
scipy-lbfgsb,hot,0,1722,52.6081,0.000756
scipy-lbfgsb,hot,0,1727,52.7566,0.000756
scipy-lbfgsb,hot,0,1743,53.2372,0.000756
scipy-lbfgsb,hot,0,1767,53.9625,0.000756
scipy-lbfgsb,hot,0,1819,55.5224,0.000756
scipy-lbfgsb,hot,0,1822,55.6114,0.000756
scipy-lbfgsb,hot,0,1823,55.6410,0.000756
scipy-lbfgsb,hot,0,1828,55.7890,0.000756
scipy-lbfgsb,hot,0,1844,56.2623,0.000756
scipy-lbfgsb,hot,0,1868,56.9703,0.000756
scipy-lbfgsb,hot,0,1920,58.5268,0.000755
scipy-lbfgsb,hot,0,1930,58.8248,0.000755
scipy-lbfgsb,hot,0,1933,58.9146,0.000755
scipy-lbfgsb,hot,0,1941,59.1540,0.000755
scipy-powell,hot,0,0,0.0000,0.009248
scipy-powell,hot,0,94,2.8374,0.002567
scipy-powell,hot,0,97,2.9278,0.002053
scipy-powell,hot,0,98,2.9579,0.001811
scipy-powell,hot,0,99,2.9880,0.001583
scipy-powell,hot,0,102,3.0773,0.001583
scipy-powell,hot,0,103,3.1076,0.001583
scipy-powell,hot,0,104,3.1373,0.001583
scipy-powell,hot,0,105,3.1676,0.001583
scipy-powell,hot,0,106,3.1979,0.001583
scipy-powell,hot,0,119,3.5867,0.001583
scipy-powell,hot,0,120,3.6164,0.001583
scipy-powell,hot,0,121,3.6463,0.001583
scipy-powell,hot,0,122,3.6764,0.001583
scipy-powell,hot,0,123,3.7060,0.001583
scipy-powell,hot,0,124,3.7359,0.001583
scipy-powell,hot,0,128,3.8588,0.001583
scipy-powell,hot,0,135,4.0697,0.001583
scipy-powell,hot,0,136,4.1002,0.001583
scipy-powell,hot,0,137,4.1298,0.001583
scipy-powell,hot,0,144,4.3410,0.001583
scipy-powell,hot,0,165,4.9749,0.001583
scipy-powell,hot,0,166,5.0050,0.001583
scipy-powell,hot,0,167,5.0353,0.001583
scipy-powell,hot,0,168,5.0649,0.001583
scipy-powell,hot,0,171,5.1547,0.001583
scipy-powell,hot,0,178,5.3646,0.001583
scipy-powell,hot,0,179,5.3946,0.001583
scipy-powell,hot,0,183,5.5146,0.001583
scipy-powell,hot,0,276,8.3128,0.001476
scipy-powell,hot,0,279,8.4042,0.001475
scipy-powell,hot,0,280,8.4348,0.001474
scipy-powell,hot,0,281,8.4649,0.001473
scipy-powell,hot,0,282,8.4948,0.001473
scipy-powell,hot,0,283,8.5248,0.001473
scipy-powell,hot,0,284,8.5556,0.001473
scipy-powell,hot,0,285,8.5858,0.001473
scipy-powell,hot,0,401,12.0737,0.001346
scipy-powell,hot,0,404,12.1666,0.001340
scipy-powell,hot,0,406,12.2256,0.001339
scipy-powell,hot,0,407,12.2552,0.001339
scipy-powell,hot,0,408,12.2845,0.001339
scipy-powell,hot,0,409,12.3141,0.001339
scipy-powell,hot,0,410,12.3439,0.001339
scipy-powell,hot,0,411,12.3739,0.001339
scipy-powell,hot,0,412,12.4038,0.001339
scipy-powell,hot,0,413,12.4342,0.001339
scipy-powell,hot,0,414,12.4641,0.001339
scipy-powell,hot,0,418,12.5860,0.001339
scipy-powell,hot,0,468,14.0814,0.001211
scipy-powell,hot,0,471,14.1725,0.001210
scipy-powell,hot,0,473,14.2329,0.001210
scipy-powell,hot,0,474,14.2634,0.001210
scipy-powell,hot,0,681,20.5203,0.001071
scipy-powell,hot,0,682,20.5501,0.001069
scipy-powell,hot,0,684,20.6103,0.001067
scipy-powell,hot,0,686,20.6708,0.001067
scipy-powell,hot,0,688,20.7388,0.001066
scipy-powell,hot,0,689,20.7690,0.001066
scipy-powell,hot,0,690,20.7988,0.001066
scipy-powell,hot,0,692,20.8584,0.001066
scipy-powell,hot,0,694,20.9191,0.001066
scipy-powell,hot,0,695,20.9495,0.001066
scipy-powell,hot,0,696,20.9807,0.001066
scipy-powell,hot,0,820,24.7273,0.001014
scipy-powell,hot,0,823,24.8204,0.001009
scipy-powell,hot,0,825,24.8804,0.001008
scipy-powell,hot,0,826,24.9107,0.001008
scipy-powell,hot,0,827,24.9408,0.001008
scipy-powell,hot,0,828,24.9708,0.001008
scipy-powell,hot,0,829,25.0015,0.001008
scipy-powell,hot,0,830,25.0326,0.001008
scipy-powell,hot,0,831,25.0627,0.001008
scipy-powell,hot,0,952,28.7834,0.000900
scipy-powell,hot,0,953,28.8144,0.000898
scipy-powell,hot,0,956,28.9050,0.000898
scipy-powell,hot,0,957,28.9354,0.000898
scipy-powell,hot,0,959,28.9952,0.000898
scipy-powell,hot,0,960,29.0264,0.000898
scipy-powell,hot,0,961,29.0573,0.000898
scipy-powell,hot,0,962,29.0878,0.000898
scipy-powell,hot,0,963,29.1181,0.000898
scipy-powell,hot,0,1020,30.8712,0.000898
scipy-powell,hot,0,1021,30.9019,0.000898
scipy-powell,hot,0,1022,30.9317,0.000898
scipy-powell,hot,0,1023,30.9611,0.000898
scipy-powell,hot,0,1024,30.9917,0.000898
scipy-powell,hot,0,1039,31.4541,0.000898
scipy-powell,hot,0,1047,31.7048,0.000896
scipy-powell,hot,0,1048,31.7366,0.000894
scipy-powell,hot,0,1050,31.7977,0.000894
scipy-powell,hot,0,1051,31.8280,0.000894
scipy-powell,hot,0,1052,31.8582,0.000894
scipy-powell,hot,0,1054,31.9192,0.000894
scipy-powell,hot,0,1056,31.9799,0.000894
scipy-powell,hot,0,1057,32.0106,0.000894
scipy-powell,hot,0,1058,32.0408,0.000894
scipy-powell,hot,0,1066,32.2841,0.000894
scipy-powell,hot,0,1072,32.4670,0.000894
scipy-powell,hot,0,1083,32.8027,0.000823
scipy-powell,hot,0,1085,32.8637,0.000819
scipy-powell,hot,0,1087,32.9244,0.000819
scipy-powell,hot,0,1088,32.9544,0.000819
scipy-powell,hot,0,1089,32.9845,0.000819
scipy-powell,hot,0,1090,33.0145,0.000819
scipy-powell,hot,0,1091,33.0448,0.000819
scipy-powell,hot,0,1145,34.6764,0.000819
scipy-powell,hot,0,1147,34.7363,0.000819
scipy-powell,hot,0,1148,34.7667,0.000819
scipy-powell,hot,0,1149,34.7982,0.000819
scipy-powell,hot,0,1150,34.8283,0.000819
scipy-powell,hot,0,1156,35.0102,0.000819
scipy-powell,hot,0,1166,35.3084,0.000819
scipy-powell,hot,0,1167,35.3387,0.000819
scipy-powell,hot,0,1168,35.3685,0.000819
scipy-powell,hot,0,1169,35.3985,0.000819
scipy-powell,hot,0,1170,35.4285,0.000819
scipy-powell,hot,0,1171,35.4590,0.000819
scipy-powell,hot,0,1183,35.8266,0.000819
scipy-powell,hot,0,1184,35.8579,0.000819
scipy-powell,hot,0,1185,35.8881,0.000819
scipy-powell,hot,0,1186,35.9179,0.000819
scipy-powell,hot,0,1187,35.9479,0.000819
scipy-powell,hot,0,1192,36.1001,0.000819
scipy-powell,hot,0,1199,36.3107,0.000819
scipy-powell,hot,0,1202,36.4009,0.000819
scipy-powell,hot,0,1203,36.4305,0.000819
scipy-powell,hot,0,1204,36.4605,0.000819
scipy-powell,hot,0,1230,37.2437,0.000819
scipy-powell,hot,0,1231,37.2737,0.000819
scipy-powell,hot,0,1232,37.3039,0.000819
scipy-powell,hot,0,1233,37.3339,0.000819
scipy-powell,hot,0,1234,37.3641,0.000819
scipy-powell,hot,0,1235,37.3943,0.000819
scipy-powell,hot,0,1236,37.4243,0.000819
scipy-powell,hot,0,1252,37.9049,0.000819
scipy-powell,hot,0,1278,38.6830,0.000819
scipy-powell,hot,0,1287,38.9509,0.000819
scipy-powell,hot,0,1297,39.2593,0.000819
scipy-powell,hot,0,1299,39.3213,0.000819
scipy-powell,hot,0,1306,39.5338,0.000818
scipy-powell,hot,0,1307,39.5636,0.000813
scipy-powell,hot,0,1308,39.5939,0.000802
scipy-powell,hot,0,1309,39.6242,0.000791
scipy-powell,hot,0,1311,39.6843,0.000791
scipy-powell,hot,0,1312,39.7143,0.000791
scipy-powell,hot,0,1313,39.7450,0.000791
scipy-powell,hot,0,1314,39.7750,0.000791
scipy-powell,hot,0,1315,39.8054,0.000791
scipy-powell,hot,0,1371,41.4772,0.000791
scipy-powell,hot,0,1372,41.5084,0.000791
scipy-powell,hot,0,1373,41.5389,0.000791
scipy-powell,hot,0,1375,41.5999,0.000791
scipy-powell,hot,0,1376,41.6305,0.000791
scipy-powell,hot,0,1388,41.9957,0.000791
scipy-powell,hot,0,1389,42.0253,0.000791
scipy-powell,hot,0,1390,42.0564,0.000791
scipy-powell,hot,0,1391,42.0866,0.000791
scipy-powell,hot,0,1392,42.1173,0.000791
scipy-powell,hot,0,1393,42.1481,0.000791
scipy-powell,hot,0,1394,42.1786,0.000791
scipy-powell,hot,0,1400,42.3593,0.000791
scipy-powell,hot,0,1404,42.4801,0.000791
scipy-powell,hot,0,1414,42.7789,0.000791
scipy-powell,hot,0,1415,42.8086,0.000791
scipy-powell,hot,0,1423,43.0492,0.000791
scipy-powell,hot,0,1424,43.0793,0.000791
scipy-powell,hot,0,1432,43.3216,0.000791
scipy-powell,hot,0,1433,43.3517,0.000791
scipy-powell,hot,0,1519,45.9712,0.000759
scipy-powell,hot,0,1522,46.0641,0.000758
scipy-powell,hot,0,1523,46.0947,0.000748
scipy-powell,hot,0,1525,46.1563,0.000748
scipy-powell,hot,0,1527,46.2190,0.000748
scipy-powell,hot,0,1529,46.2833,0.000748
scipy-powell,hot,0,1530,46.3140,0.000748
scipy-powell,hot,0,1644,49.7731,0.000657
scipy-powell,hot,0,1647,49.8626,0.000656
scipy-powell,hot,0,1648,49.8930,0.000650
scipy-powell,hot,0,1649,49.9227,0.000649
scipy-powell,hot,0,1650,49.9527,0.000648
scipy-powell,hot,0,1652,50.0131,0.000648
scipy-powell,hot,0,1653,50.0426,0.000648
scipy-powell,hot,0,1655,50.1033,0.000648
scipy-powell,hot,0,1656,50.1340,0.000648
scipy-powell,hot,0,1657,50.1654,0.000648
scipy-powell,hot,0,1658,50.1958,0.000648
scipy-powell,hot,0,1659,50.2261,0.000648
scipy-powell,hot,0,1660,50.2571,0.000648
scipy-powell,hot,0,1937,58.7722,0.000648
scipy-powell,hot,0,1942,58.9269,0.000647
scipy-powell,hot,0,1944,58.9864,0.000647
scipy-powell,hot,0,1945,59.0162,0.000647
scipy-powell,hot,0,1946,59.0464,0.000647
scipy-powell,hot,0,1947,59.0764,0.000647
scipy-powell,hot,0,1948,59.1064,0.000647
scipy-powell,hot,0,1949,59.1364,0.000647
scipy-powell,hot,0,1956,59.3451,0.000647
scipy-de,hot,0,0,0.0000,0.009248
opt-ga,hot,0,0,0.0000,0.009248
opt-ga,hot,0,281,5.6509,0.003000
opt-ga,hot,0,540,11.9254,0.001324
opt-ga,hot,0,869,21.7945,0.001273
opt-ga,hot,0,955,24.5064,0.001118
opt-ga,hot,0,1180,31.3856,0.001067
opt-ga,hot,0,1385,37.4779,0.001011
opt-ga,hot,0,1518,41.4408,0.000960
opt-ga,hot,0,1711,47.2577,0.000930
opt-ga,hot,0,1810,50.2171,0.000881
opt-pso,hot,0,0,0.0000,0.009248
opt-aco,hot,0,0,0.0000,0.009248
opt-aco,hot,0,465,8.8139,0.008538
opt-aco,hot,0,1248,23.5531,0.008464
opt-aco,hot,0,1271,23.9705,0.008121
opt-aco,hot,0,1284,24.2121,0.007330
opt-aco,hot,0,1349,25.4492,0.006192
opt-aco,hot,0,1889,35.6310,0.002975
opt-gd,hot,0,0,0.0000,0.009248
opt-gd,hot,0,12,0.4147,0.009248
opt-gd,hot,0,14,0.4786,0.009248
opt-gd,hot,0,22,0.7392,0.009248
opt-gd,hot,0,32,1.0582,0.009248
opt-gd,hot,0,33,1.0896,0.009248
opt-gd,hot,0,37,1.2184,0.009248
opt-gd,hot,0,65,2.1043,0.009248
opt-gd,hot,0,102,3.2870,0.009214
opt-gd,hot,0,113,3.6391,0.009214
opt-gd,hot,0,129,4.1343,0.009214
opt-gd,hot,0,133,4.2569,0.009214
opt-gd,hot,0,134,4.2874,0.009214
opt-gd,hot,0,138,4.4096,0.009214
opt-gd,hot,0,166,5.2849,0.009214
opt-gd,hot,0,304,9.4961,0.001926
opt-gd,hot,0,307,9.5853,0.001926
opt-gd,hot,0,308,9.6150,0.001926
opt-gd,hot,0,316,9.8559,0.001926
opt-gd,hot,0,332,10.3309,0.001926
opt-gd,hot,0,356,11.0828,0.001926
opt-gd,hot,0,361,11.2336,0.001926
opt-gd,hot,0,362,11.2644,0.001926
opt-gd,hot,0,405,12.6030,0.001597
opt-gd,hot,0,416,12.9484,0.001597
opt-gd,hot,0,432,13.4465,0.001597
opt-gd,hot,0,456,14.2022,0.001597
opt-gd,hot,0,506,15.7713,0.001488
opt-gd,hot,0,509,15.8719,0.001488
opt-gd,hot,0,510,15.9046,0.001488
opt-gd,hot,0,518,16.1562,0.001488
opt-gd,hot,0,534,16.6474,0.001488
opt-gd,hot,0,558,17.3717,0.001488
opt-gd,hot,0,563,17.5228,0.001488
opt-gd,hot,0,564,17.5527,0.001488
opt-gd,hot,0,708,22.0327,0.001279
opt-gd,hot,0,711,22.1240,0.001279
opt-gd,hot,0,712,22.1547,0.001279
opt-gd,hot,0,720,22.3994,0.001279
opt-gd,hot,0,736,22.8923,0.001279
opt-gd,hot,0,760,23.6258,0.001279
opt-gd,hot,0,765,23.7802,0.001279
opt-gd,hot,0,766,23.8110,0.001279
opt-gd,hot,0,809,25.1267,0.001229
opt-gd,hot,0,812,25.2186,0.001229
opt-gd,hot,0,813,25.2493,0.001229
opt-gd,hot,0,821,25.4967,0.001229
opt-gd,hot,0,837,25.9901,0.001229
opt-gd,hot,0,861,26.7381,0.001229
opt-gd,hot,0,866,26.8953,0.001229
opt-gd,hot,0,867,26.9271,0.001229
opt-gd,hot,0,910,28.2944,0.000966
opt-gd,hot,0,913,28.3898,0.000966
opt-gd,hot,0,914,28.4225,0.000966
opt-gd,hot,0,967,30.1658,0.000966
opt-gd,hot,0,968,30.2013,0.000966
opt-gd,hot,0,1011,31.5802,0.000930
opt-gd,hot,0,1014,31.6761,0.000930
opt-gd,hot,0,1015,31.7076,0.000930
opt-gd,hot,0,1068,33.4461,0.000930
opt-gd,hot,0,1112,34.9073,0.000849
opt-gd,hot,0,1115,35.0004,0.000849
opt-gd,hot,0,1116,35.0314,0.000849
opt-gd,hot,0,1169,36.7570,0.000849
opt-gd,hot,0,1213,38.1355,0.000843
opt-gd,hot,0,1216,38.2311,0.000843
opt-gd,hot,0,1217,38.2618,0.000843
opt-gd,hot,0,1314,41.3813,0.000839
opt-gd,hot,0,1317,41.4738,0.000839
opt-gd,hot,0,1318,41.5042,0.000839
opt-gd,hot,0,1415,44.5517,0.000820
opt-gd,hot,0,1418,44.6468,0.000820
opt-gd,hot,0,1419,44.6787,0.000820
opt-gd,hot,0,1424,44.8395,0.000820
opt-gd,hot,0,1430,45.0316,0.000820
opt-gd,hot,0,1464,46.1201,0.000820
opt-gd,hot,0,1516,47.7818,0.000780
opt-gd,hot,0,1519,47.8786,0.000780
opt-gd,hot,0,1520,47.9105,0.000780
opt-gd,hot,0,1525,48.0736,0.000780
opt-gd,hot,0,1531,48.2577,0.000780
opt-gd,hot,0,1565,49.3253,0.000780
opt-gd,hot,0,1718,54.0659,0.000775
opt-gd,hot,0,1721,54.1585,0.000775
opt-gd,hot,0,1722,54.1897,0.000775
opt-gd,hot,0,1727,54.3427,0.000775
opt-gd,hot,0,1733,54.5323,0.000775
opt-gd,hot,0,1819,57.2200,0.000763
opt-gd,hot,0,1824,57.3798,0.000763
opt-gd,hot,0,1829,57.5394,0.000763
opt-gd,hot,0,1869,58.7876,0.000763
opt-gd,hot,0,1920,60.3826,0.000758
opt-gd,hot,0,1923,60.4749,0.000758
opt-gd,hot,0,1924,60.5058,0.000758
opt-gd,hot,0,1929,60.6598,0.000758
opt-gd,hot,0,1935,60.8441,0.000758
opt-gd,hot,0,1969,61.8918,0.000758
none,hot,1,0,0.0000,0.008828
scipy-lbfgsb,hot,1,0,0.0000,0.008828
scipy-lbfgsb,hot,1,12,0.4452,0.008828
scipy-lbfgsb,hot,1,14,0.5205,0.008828
scipy-lbfgsb,hot,1,22,0.7789,0.008828
scipy-lbfgsb,hot,1,60,1.9676,0.008828
scipy-lbfgsb,hot,1,102,3.2852,0.008765
scipy-lbfgsb,hot,1,113,3.6224,0.008765
scipy-lbfgsb,hot,1,129,4.1020,0.008765
scipy-lbfgsb,hot,1,137,4.3471,0.008765
scipy-lbfgsb,hot,1,203,6.3562,0.003735
scipy-lbfgsb,hot,1,214,6.6953,0.003734
scipy-lbfgsb,hot,1,230,7.1784,0.003734
scipy-lbfgsb,hot,1,238,7.4184,0.003734
scipy-lbfgsb,hot,1,405,12.5842,0.001411
scipy-lbfgsb,hot,1,408,12.6739,0.001411
scipy-lbfgsb,hot,1,409,12.7032,0.001411
scipy-lbfgsb,hot,1,417,12.9436,0.001411
scipy-lbfgsb,hot,1,433,13.4283,0.001411
scipy-lbfgsb,hot,1,441,13.6703,0.001411
scipy-lbfgsb,hot,1,442,13.7006,0.001411
scipy-lbfgsb,hot,1,464,14.3533,0.001409
scipy-lbfgsb,hot,1,465,14.3832,0.001407
scipy-lbfgsb,hot,1,506,15.6174,0.001165
scipy-lbfgsb,hot,1,513,15.8276,0.001165
scipy-lbfgsb,hot,1,518,15.9760,0.001165
scipy-lbfgsb,hot,1,534,16.4563,0.001165
scipy-lbfgsb,hot,1,541,16.6652,0.001165
scipy-lbfgsb,hot,1,607,18.6569,0.001010
scipy-lbfgsb,hot,1,610,18.7478,0.001010
scipy-lbfgsb,hot,1,611,18.7778,0.001010
scipy-lbfgsb,hot,1,619,19.0193,0.001010
scipy-lbfgsb,hot,1,635,19.5093,0.001010
scipy-lbfgsb,hot,1,643,19.7636,0.001010
scipy-lbfgsb,hot,1,644,19.7956,0.001010
scipy-lbfgsb,hot,1,645,19.8270,0.001010
scipy-lbfgsb,hot,1,704,21.6139,0.001010
scipy-lbfgsb,hot,1,705,21.6443,0.001010
scipy-lbfgsb,hot,1,708,21.7353,0.000978
scipy-lbfgsb,hot,1,711,21.8272,0.000978
scipy-lbfgsb,hot,1,712,21.8580,0.000978
scipy-lbfgsb,hot,1,720,22.0987,0.000978
scipy-lbfgsb,hot,1,736,22.5870,0.000978
scipy-lbfgsb,hot,1,744,22.8443,0.000978
scipy-lbfgsb,hot,1,745,22.8783,0.000978
scipy-lbfgsb,hot,1,746,22.9114,0.000978
scipy-lbfgsb,hot,1,767,23.5697,0.000978
scipy-lbfgsb,hot,1,805,24.7657,0.000978
scipy-lbfgsb,hot,1,806,24.7964,0.000978
scipy-lbfgsb,hot,1,809,24.8898,0.000905
scipy-lbfgsb,hot,1,812,24.9873,0.000905
scipy-lbfgsb,hot,1,813,25.0184,0.000905
scipy-lbfgsb,hot,1,845,26.0321,0.000905
scipy-lbfgsb,hot,1,846,26.0632,0.000905
scipy-lbfgsb,hot,1,868,26.7460,0.000905
scipy-lbfgsb,hot,1,906,27.9207,0.000905
scipy-lbfgsb,hot,1,910,28.0510,0.000884
scipy-lbfgsb,hot,1,913,28.1432,0.000884
scipy-lbfgsb,hot,1,914,28.1741,0.000884
scipy-lbfgsb,hot,1,917,28.2679,0.000884
scipy-lbfgsb,hot,1,931,28.6950,0.000884
scipy-lbfgsb,hot,1,932,28.7261,0.000884
scipy-lbfgsb,hot,1,969,29.8790,0.000883
scipy-lbfgsb,hot,1,1007,31.0764,0.000883
scipy-lbfgsb,hot,1,1011,31.2043,0.000873
scipy-lbfgsb,hot,1,1014,31.2982,0.000873
scipy-lbfgsb,hot,1,1015,31.3285,0.000873
scipy-lbfgsb,hot,1,1018,31.4250,0.000873
scipy-lbfgsb,hot,1,1036,31.9740,0.000873
scipy-lbfgsb,hot,1,1070,32.9950,0.000873
scipy-lbfgsb,hot,1,1112,34.2713,0.000866
scipy-lbfgsb,hot,1,1115,34.3626,0.000866
scipy-lbfgsb,hot,1,1116,34.3927,0.000866
scipy-lbfgsb,hot,1,1119,34.4852,0.000866
scipy-lbfgsb,hot,1,1133,34.9192,0.000866
scipy-lbfgsb,hot,1,1134,34.9494,0.000866
scipy-lbfgsb,hot,1,1213,37.4228,0.000863
scipy-lbfgsb,hot,1,1216,37.5146,0.000863
scipy-lbfgsb,hot,1,1217,37.5439,0.000863
scipy-lbfgsb,hot,1,1220,37.6340,0.000863
scipy-lbfgsb,hot,1,1235,38.0970,0.000863
scipy-lbfgsb,hot,1,1314,40.4536,0.000860
scipy-lbfgsb,hot,1,1322,40.7109,0.000860
scipy-lbfgsb,hot,1,1340,41.2984,0.000860
scipy-lbfgsb,hot,1,1415,43.7919,0.000855
scipy-lbfgsb,hot,1,1418,43.8838,0.000855
scipy-lbfgsb,hot,1,1419,43.9140,0.000855
scipy-lbfgsb,hot,1,1422,44.0072,0.000855
scipy-lbfgsb,hot,1,1440,44.5555,0.000855
scipy-lbfgsb,hot,1,1446,44.7349,0.000855
scipy-lbfgsb,hot,1,1617,49.8726,0.000851
scipy-lbfgsb,hot,1,1620,49.9623,0.000851
scipy-lbfgsb,hot,1,1621,49.9917,0.000851
scipy-lbfgsb,hot,1,1624,50.0807,0.000851
scipy-lbfgsb,hot,1,1642,50.6189,0.000851
scipy-lbfgsb,hot,1,1718,52.9505,0.000850
scipy-lbfgsb,hot,1,1721,53.0464,0.000850
scipy-lbfgsb,hot,1,1722,53.0770,0.000850
scipy-lbfgsb,hot,1,1725,53.1697,0.000850
scipy-lbfgsb,hot,1,1743,53.7225,0.000850
scipy-lbfgsb,hot,1,1755,54.0876,0.000850
scipy-lbfgsb,hot,1,1756,54.1176,0.000850
scipy-lbfgsb,hot,1,1819,56.0442,0.000849
scipy-lbfgsb,hot,1,1827,56.2889,0.000849
scipy-lbfgsb,hot,1,1845,56.8378,0.000849
scipy-lbfgsb,hot,1,1920,59.1027,0.000848
scipy-lbfgsb,hot,1,1926,59.2838,0.000848
scipy-lbfgsb,hot,1,1928,59.3435,0.000848
scipy-lbfgsb,hot,1,1933,59.4949,0.000848
scipy-lbfgsb,hot,1,1941,59.7341,0.000848
scipy-powell,hot,1,0,0.0000,0.008828
scipy-powell,hot,1,101,3.0977,0.002705
scipy-powell,hot,1,104,3.1857,0.001993
scipy-powell,hot,1,105,3.2153,0.001790
scipy-powell,hot,1,106,3.2445,0.001580
scipy-powell,hot,1,109,3.3330,0.001579
scipy-powell,hot,1,110,3.3627,0.001579
scipy-powell,hot,1,111,3.3921,0.001579
scipy-powell,hot,1,112,3.4219,0.001579
scipy-powell,hot,1,113,3.4514,0.001579
scipy-powell,hot,1,123,3.7441,0.001579
scipy-powell,hot,1,124,3.7736,0.001579
scipy-powell,hot,1,125,3.8027,0.001579
scipy-powell,hot,1,126,3.8316,0.001579
scipy-powell,hot,1,127,3.8609,0.001579
scipy-powell,hot,1,128,3.8902,0.001579
scipy-powell,hot,1,129,3.9195,0.001579
scipy-powell,hot,1,140,4.2412,0.001579
scipy-powell,hot,1,141,4.2704,0.001579
scipy-powell,hot,1,142,4.2996,0.001579
scipy-powell,hot,1,146,4.4157,0.001579
scipy-powell,hot,1,162,4.8871,0.001579
scipy-powell,hot,1,174,5.2452,0.001579
scipy-powell,hot,1,175,5.2765,0.001579
scipy-powell,hot,1,176,5.3065,0.001579
scipy-powell,hot,1,177,5.3377,0.001579
scipy-powell,hot,1,184,5.5472,0.001579
scipy-powell,hot,1,203,6.1341,0.001463
scipy-powell,hot,1,206,6.2286,0.001462
scipy-powell,hot,1,207,6.2594,0.001461
scipy-powell,hot,1,208,6.2899,0.001461
scipy-powell,hot,1,209,6.3199,0.001461
scipy-powell,hot,1,210,6.3509,0.001461
scipy-powell,hot,1,211,6.3821,0.001461
scipy-powell,hot,1,212,6.4128,0.001461
scipy-powell,hot,1,431,13.0239,0.001327
scipy-powell,hot,1,432,13.0535,0.001320
scipy-powell,hot,1,435,13.1411,0.001319
scipy-powell,hot,1,436,13.1707,0.001319
scipy-powell,hot,1,437,13.1999,0.001319
scipy-powell,hot,1,438,13.2294,0.001319
scipy-powell,hot,1,439,13.2585,0.001319
scipy-powell,hot,1,440,13.2880,0.001319
scipy-powell,hot,1,441,13.3176,0.001319
scipy-powell,hot,1,442,13.3470,0.001319
scipy-powell,hot,1,443,13.3762,0.001319
scipy-powell,hot,1,587,17.7477,0.001195
scipy-powell,hot,1,590,17.8382,0.001195
scipy-powell,hot,1,591,17.8683,0.001195
scipy-powell,hot,1,592,17.8992,0.001195
scipy-powell,hot,1,593,17.9302,0.001195
scipy-powell,hot,1,594,17.9620,0.001195
scipy-powell,hot,1,595,17.9946,0.001195
scipy-powell,hot,1,729,22.1939,0.001111
scipy-powell,hot,1,730,22.2253,0.001091
scipy-powell,hot,1,731,22.2556,0.001057
scipy-powell,hot,1,734,22.3455,0.001057
scipy-powell,hot,1,735,22.3749,0.001057
scipy-powell,hot,1,736,22.4049,0.001057
scipy-powell,hot,1,737,22.4343,0.001057
scipy-powell,hot,1,738,22.4639,0.001057
scipy-powell,hot,1,854,25.9286,0.000994
scipy-powell,hot,1,857,26.0195,0.000990
scipy-powell,hot,1,859,26.0788,0.000989
scipy-powell,hot,1,860,26.1083,0.000989
scipy-powell,hot,1,861,26.1382,0.000988
scipy-powell,hot,1,862,26.1697,0.000988
scipy-powell,hot,1,863,26.2011,0.000988
scipy-powell,hot,1,864,26.2323,0.000988
scipy-powell,hot,1,865,26.2643,0.000988
scipy-powell,hot,1,1001,30.3271,0.000872
scipy-powell,hot,1,1004,30.4165,0.000872
scipy-powell,hot,1,1005,30.4461,0.000871
scipy-powell,hot,1,1007,30.5052,0.000871
scipy-powell,hot,1,1009,30.5635,0.000871
scipy-powell,hot,1,1010,30.5925,0.000871
scipy-powell,hot,1,1011,30.6220,0.000871
scipy-powell,hot,1,1012,30.6511,0.000871
scipy-powell,hot,1,1013,30.6801,0.000871
scipy-powell,hot,1,1014,30.7094,0.000871
scipy-powell,hot,1,1068,32.3286,0.000864
scipy-powell,hot,1,1070,32.3878,0.000864
scipy-powell,hot,1,1072,32.4488,0.000863
scipy-powell,hot,1,1073,32.4790,0.000863
scipy-powell,hot,1,1074,32.5094,0.000863
scipy-powell,hot,1,1075,32.5389,0.000863
scipy-powell,hot,1,1076,32.5686,0.000863
scipy-powell,hot,1,1077,32.5984,0.000863
scipy-powell,hot,1,1078,32.6283,0.000863
scipy-powell,hot,1,1268,38.3885,0.000863
scipy-powell,hot,1,1269,38.4193,0.000853
scipy-powell,hot,1,1271,38.4823,0.000853
scipy-powell,hot,1,1272,38.5116,0.000853
scipy-powell,hot,1,1273,38.5407,0.000853
scipy-powell,hot,1,1274,38.5702,0.000853
scipy-powell,hot,1,1275,38.6001,0.000853
scipy-powell,hot,1,1277,38.6600,0.000853
scipy-powell,hot,1,1337,40.4922,0.000853
scipy-powell,hot,1,1338,40.5247,0.000853
scipy-powell,hot,1,1339,40.5572,0.000853
scipy-powell,hot,1,1340,40.5891,0.000853
scipy-powell,hot,1,1352,40.9796,0.000853
scipy-powell,hot,1,1358,41.1696,0.000853
scipy-powell,hot,1,1365,41.3842,0.000853
scipy-powell,hot,1,1366,41.4143,0.000853
scipy-powell,hot,1,1367,41.4441,0.000853
scipy-powell,hot,1,1369,41.5044,0.000853
scipy-powell,hot,1,1370,41.5352,0.000853
scipy-powell,hot,1,1371,41.5660,0.000853
scipy-powell,hot,1,1391,42.1783,0.000848
scipy-powell,hot,1,1393,42.2419,0.000848
scipy-powell,hot,1,1394,42.2744,0.000848
scipy-powell,hot,1,1395,42.3061,0.000848
scipy-powell,hot,1,1396,42.3372,0.000848
scipy-powell,hot,1,1397,42.3695,0.000848
scipy-powell,hot,1,1398,42.4002,0.000848
scipy-powell,hot,1,1455,44.2044,0.000847
scipy-powell,hot,1,1457,44.2690,0.000847
scipy-powell,hot,1,1458,44.3002,0.000847
scipy-powell,hot,1,1459,44.3322,0.000847
scipy-powell,hot,1,1460,44.3632,0.000847
scipy-powell,hot,1,1461,44.3945,0.000847
scipy-powell,hot,1,1473,44.7690,0.000847
scipy-powell,hot,1,1474,44.8001,0.000847
scipy-powell,hot,1,1475,44.8323,0.000847
scipy-powell,hot,1,1477,44.8959,0.000847
scipy-powell,hot,1,1479,44.9586,0.000847
scipy-powell,hot,1,1480,44.9916,0.000847
scipy-powell,hot,1,1481,45.0231,0.000847
scipy-powell,hot,1,1495,45.4790,0.000847
scipy-powell,hot,1,1496,45.5146,0.000847
scipy-powell,hot,1,1497,45.5466,0.000847
scipy-powell,hot,1,1500,45.6464,0.000847
scipy-powell,hot,1,1510,45.9699,0.000847
scipy-powell,hot,1,1511,46.0003,0.000847
scipy-powell,hot,1,1512,46.0304,0.000847
scipy-powell,hot,1,1513,46.0603,0.000847
scipy-powell,hot,1,1531,46.6065,0.000847
scipy-powell,hot,1,1532,46.6365,0.000847
scipy-powell,hot,1,1533,46.6673,0.000847
scipy-powell,hot,1,1534,46.6973,0.000847
scipy-powell,hot,1,1535,46.7277,0.000847
scipy-powell,hot,1,1551,47.2165,0.000847
scipy-powell,hot,1,1558,47.4300,0.000847
scipy-powell,hot,1,1559,47.4608,0.000847
scipy-powell,hot,1,1560,47.4913,0.000847
scipy-powell,hot,1,1561,47.5230,0.000847
scipy-powell,hot,1,1562,47.5536,0.000847
scipy-powell,hot,1,1563,47.5840,0.000847
scipy-powell,hot,1,1564,47.6146,0.000847
scipy-powell,hot,1,1565,47.6452,0.000847
scipy-powell,hot,1,1590,48.4103,0.000847
scipy-powell,hot,1,1591,48.4419,0.000847
scipy-powell,hot,1,1592,48.4729,0.000847
scipy-powell,hot,1,1593,48.5043,0.000847
scipy-powell,hot,1,1596,48.5957,0.000847
scipy-powell,hot,1,1610,49.0263,0.000847
scipy-powell,hot,1,1612,49.0875,0.000847
scipy-powell,hot,1,1639,49.9031,0.000847
scipy-powell,hot,1,1648,50.1671,0.000847
scipy-powell,hot,1,1659,50.4991,0.000847
scipy-powell,hot,1,1660,50.5296,0.000846
scipy-powell,hot,1,1661,50.5589,0.000846
scipy-powell,hot,1,1662,50.5885,0.000846
scipy-powell,hot,1,1664,50.6470,0.000846
scipy-powell,hot,1,1665,50.6762,0.000846
scipy-powell,hot,1,1666,50.7053,0.000846
scipy-powell,hot,1,1667,50.7346,0.000846
scipy-powell,hot,1,1668,50.7640,0.000846
scipy-powell,hot,1,1673,50.9105,0.000846
scipy-powell,hot,1,1947,59.1179,0.000846
scipy-powell,hot,1,1949,59.1781,0.000846
scipy-powell,hot,1,1951,59.2371,0.000846
scipy-powell,hot,1,1952,59.2659,0.000846
scipy-powell,hot,1,1953,59.2955,0.000846
scipy-powell,hot,1,1955,59.3552,0.000846
scipy-powell,hot,1,1956,59.3853,0.000846
scipy-powell,hot,1,1957,59.4157,0.000846
scipy-powell,hot,1,1958,59.4447,0.000846
scipy-de,hot,1,0,0.0000,0.008828
opt-ga,hot,1,0,0.0000,0.008828
opt-ga,hot,1,341,6.7101,0.007733
opt-ga,hot,1,461,9.4221,0.004601
opt-ga,hot,1,531,11.2118,0.002982
opt-ga,hot,1,540,11.4537,0.001888
opt-ga,hot,1,588,12.7089,0.001609
opt-ga,hot,1,758,17.5306,0.001551
opt-ga,hot,1,923,22.4967,0.001548
opt-ga,hot,1,992,24.5599,0.001370
opt-ga,hot,1,1341,35.4385,0.001327
opt-ga,hot,1,1543,41.6581,0.001325
opt-ga,hot,1,1548,41.8100,0.001305
opt-ga,hot,1,1632,44.3971,0.001212
opt-ga,hot,1,1802,49.6226,0.001106
opt-ga,hot,1,1920,53.2474,0.000865
opt-pso,hot,1,0,0.0000,0.008828
opt-aco,hot,1,0,0.0000,0.008828
opt-aco,hot,1,1677,30.4639,0.007783
opt-aco,hot,1,1837,33.4714,0.006800
opt-aco,hot,1,1952,35.6476,0.006692
opt-gd,hot,1,0,0.0000,0.008828
opt-gd,hot,1,12,0.3976,0.008828
opt-gd,hot,1,14,0.4587,0.008828
opt-gd,hot,1,22,0.7044,0.008828
opt-gd,hot,1,40,1.2542,0.008828
opt-gd,hot,1,41,1.2852,0.008828
opt-gd,hot,1,44,1.3789,0.008828
opt-gd,hot,1,45,1.4096,0.008828
opt-gd,hot,1,63,1.9666,0.008828
opt-gd,hot,1,102,3.1557,0.008796
opt-gd,hot,1,113,3.4913,0.008796
opt-gd,hot,1,129,3.9747,0.008796
opt-gd,hot,1,137,4.2161,0.008796
opt-gd,hot,1,141,4.3377,0.008796
opt-gd,hot,1,142,4.3678,0.008796
opt-gd,hot,1,145,4.4587,0.008796
opt-gd,hot,1,146,4.4889,0.008796
opt-gd,hot,1,164,5.0334,0.008796
opt-gd,hot,1,304,9.2802,0.001517
opt-gd,hot,1,307,9.3722,0.001517
opt-gd,hot,1,308,9.4028,0.001517
opt-gd,hot,1,316,9.6486,0.001517
opt-gd,hot,1,332,10.1442,0.001517
opt-gd,hot,1,340,10.3906,0.001517
opt-gd,hot,1,341,10.4218,0.001517
opt-gd,hot,1,363,11.1051,0.001517
opt-gd,hot,1,364,11.1362,0.001517
opt-gd,hot,1,506,15.6091,0.001278
opt-gd,hot,1,509,15.7041,0.001278
opt-gd,hot,1,510,15.7357,0.001278
opt-gd,hot,1,518,15.9879,0.001278
opt-gd,hot,1,534,16.4947,0.001278
opt-gd,hot,1,542,16.7537,0.001278
opt-gd,hot,1,565,17.4795,0.001278
opt-gd,hot,1,566,17.5105,0.001278
opt-gd,hot,1,607,18.7914,0.001219
opt-gd,hot,1,610,18.8831,0.001219
opt-gd,hot,1,611,18.9132,0.001219
opt-gd,hot,1,619,19.1580,0.001219
opt-gd,hot,1,635,19.6515,0.001219
opt-gd,hot,1,643,19.8933,0.001219
opt-gd,hot,1,644,19.9232,0.001219
opt-gd,hot,1,666,20.5872,0.001219
opt-gd,hot,1,667,20.6175,0.001219
opt-gd,hot,1,708,21.8636,0.001148
opt-gd,hot,1,711,21.9536,0.001148
opt-gd,hot,1,712,21.9835,0.001148
opt-gd,hot,1,720,22.2241,0.001148
opt-gd,hot,1,736,22.7088,0.001148
opt-gd,hot,1,744,22.9526,0.001148
opt-gd,hot,1,745,22.9834,0.001148
opt-gd,hot,1,767,23.6735,0.001148
opt-gd,hot,1,768,23.7039,0.001148
opt-gd,hot,1,809,24.9655,0.001024
opt-gd,hot,1,812,25.0590,0.001024
opt-gd,hot,1,813,25.0898,0.001024
opt-gd,hot,1,845,26.0813,0.001024
opt-gd,hot,1,846,26.1116,0.001024
opt-gd,hot,1,868,26.7912,0.001024
opt-gd,hot,1,869,26.8225,0.001024
opt-gd,hot,1,910,28.0940,0.000959
opt-gd,hot,1,913,28.1864,0.000959
opt-gd,hot,1,914,28.2167,0.000959
opt-gd,hot,1,931,28.7426,0.000959
opt-gd,hot,1,932,28.7732,0.000959
opt-gd,hot,1,969,29.9140,0.000959
opt-gd,hot,1,1011,31.2220,0.000911
opt-gd,hot,1,1014,31.3187,0.000911
opt-gd,hot,1,1015,31.3519,0.000911
opt-gd,hot,1,1032,31.8925,0.000911
opt-gd,hot,1,1033,31.9239,0.000911
opt-gd,hot,1,1070,33.0699,0.000911
opt-gd,hot,1,1112,34.3479,0.000895
opt-gd,hot,1,1115,34.4459,0.000895
opt-gd,hot,1,1116,34.4766,0.000895
opt-gd,hot,1,1133,35.0050,0.000895
opt-gd,hot,1,1134,35.0362,0.000895
opt-gd,hot,1,1213,37.4739,0.000886
opt-gd,hot,1,1216,37.5669,0.000886
opt-gd,hot,1,1217,37.5992,0.000886
opt-gd,hot,1,1314,40.5789,0.000885
opt-gd,hot,1,1317,40.6768,0.000885
opt-gd,hot,1,1318,40.7085,0.000885
opt-gd,hot,1,1415,43.8251,0.000882
opt-gd,hot,1,1418,43.9174,0.000882
opt-gd,hot,1,1419,43.9482,0.000882
opt-gd,hot,1,1436,44.4688,0.000882
opt-gd,hot,1,1437,44.4994,0.000882
opt-gd,hot,1,1617,50.0975,0.000879
opt-gd,hot,1,1620,50.1911,0.000879
opt-gd,hot,1,1621,50.2223,0.000879
opt-gd,hot,1,1819,56.5274,0.000879
opt-gd,hot,1,1822,56.6285,0.000879
opt-gd,hot,1,1823,56.6632,0.000879
opt-gd,hot,1,1920,59.9127,0.000878
opt-gd,hot,1,1923,60.0136,0.000878
opt-gd,hot,1,1924,60.0481,0.000878
none,hot,2,0,0.0000,0.011620
scipy-lbfgsb,hot,2,0,0.0000,0.011620
scipy-lbfgsb,hot,2,8,0.2863,0.011620
scipy-lbfgsb,hot,2,10,0.3499,0.011620
scipy-lbfgsb,hot,2,16,0.5416,0.011620
scipy-lbfgsb,hot,2,58,1.8520,0.011620
scipy-lbfgsb,hot,2,102,3.2220,0.011520
scipy-lbfgsb,hot,2,109,3.4416,0.011520
scipy-lbfgsb,hot,2,125,3.9441,0.011520
scipy-lbfgsb,hot,2,151,4.7547,0.011520
scipy-lbfgsb,hot,2,203,6.3752,0.003079
scipy-lbfgsb,hot,2,210,6.5913,0.003079
scipy-lbfgsb,hot,2,226,7.0935,0.003079
scipy-lbfgsb,hot,2,252,7.9145,0.003079
scipy-lbfgsb,hot,2,405,12.9442,0.001804
scipy-lbfgsb,hot,2,406,12.9784,0.001804
scipy-lbfgsb,hot,2,407,13.0112,0.001804
scipy-lbfgsb,hot,2,408,13.0428,0.001804
scipy-lbfgsb,hot,2,409,13.0751,0.001804
scipy-lbfgsb,hot,2,413,13.2022,0.001803
scipy-lbfgsb,hot,2,429,13.7260,0.001803
scipy-lbfgsb,hot,2,455,14.5651,0.001803
scipy-lbfgsb,hot,2,462,14.7920,0.001801
scipy-lbfgsb,hot,2,463,14.8238,0.001797
scipy-lbfgsb,hot,2,506,16.2194,0.001069
scipy-lbfgsb,hot,2,507,16.2534,0.001069
scipy-lbfgsb,hot,2,508,16.2865,0.001069
scipy-lbfgsb,hot,2,509,16.3205,0.001069
scipy-lbfgsb,hot,2,510,16.3534,0.001069
scipy-lbfgsb,hot,2,514,16.4858,0.001069
scipy-lbfgsb,hot,2,530,17.0174,0.001069
scipy-lbfgsb,hot,2,556,17.8931,0.001069
scipy-lbfgsb,hot,2,563,18.1265,0.001069
scipy-lbfgsb,hot,2,564,18.1595,0.001069
scipy-lbfgsb,hot,2,583,18.7926,0.001069
scipy-lbfgsb,hot,2,584,18.8261,0.001068
scipy-lbfgsb,hot,2,607,19.6028,0.000890
scipy-lbfgsb,hot,2,608,19.6359,0.000890
scipy-lbfgsb,hot,2,609,19.6683,0.000890
scipy-lbfgsb,hot,2,610,19.7009,0.000890
scipy-lbfgsb,hot,2,611,19.7331,0.000890
scipy-lbfgsb,hot,2,615,19.8661,0.000890
scipy-lbfgsb,hot,2,631,20.3877,0.000890
scipy-lbfgsb,hot,2,657,21.2309,0.000890
scipy-lbfgsb,hot,2,664,21.4557,0.000889
scipy-lbfgsb,hot,2,665,21.4881,0.000889
scipy-lbfgsb,hot,2,684,22.1017,0.000889
scipy-lbfgsb,hot,2,685,22.1333,0.000889
scipy-lbfgsb,hot,2,708,22.8815,0.000763
scipy-lbfgsb,hot,2,709,22.9156,0.000763
scipy-lbfgsb,hot,2,710,22.9496,0.000763
scipy-lbfgsb,hot,2,711,22.9817,0.000763
scipy-lbfgsb,hot,2,712,23.0140,0.000763
scipy-lbfgsb,hot,2,732,23.6694,0.000763
scipy-lbfgsb,hot,2,758,24.5598,0.000763
scipy-lbfgsb,hot,2,765,24.8067,0.000763
scipy-lbfgsb,hot,2,766,24.8404,0.000763
scipy-lbfgsb,hot,2,785,25.4748,0.000763
scipy-lbfgsb,hot,2,786,25.5068,0.000763
scipy-lbfgsb,hot,2,809,26.2494,0.000710
scipy-lbfgsb,hot,2,810,26.2817,0.000710
scipy-lbfgsb,hot,2,811,26.3142,0.000710
scipy-lbfgsb,hot,2,812,26.3462,0.000710
scipy-lbfgsb,hot,2,813,26.3785,0.000710
scipy-lbfgsb,hot,2,859,27.8723,0.000710
scipy-lbfgsb,hot,2,866,28.0970,0.000709
scipy-lbfgsb,hot,2,886,28.7323,0.000709
scipy-lbfgsb,hot,2,910,29.5186,0.000671
scipy-lbfgsb,hot,2,911,29.5514,0.000671
scipy-lbfgsb,hot,2,912,29.5834,0.000671
scipy-lbfgsb,hot,2,913,29.6153,0.000671
scipy-lbfgsb,hot,2,914,29.6487,0.000671
scipy-lbfgsb,hot,2,967,31.4694,0.000671
scipy-lbfgsb,hot,2,1011,32.9697,0.000645
scipy-lbfgsb,hot,2,1012,33.0063,0.000645
scipy-lbfgsb,hot,2,1013,33.0390,0.000645
scipy-lbfgsb,hot,2,1014,33.0721,0.000645
scipy-lbfgsb,hot,2,1015,33.1043,0.000645
scipy-lbfgsb,hot,2,1024,33.4042,0.000645
scipy-lbfgsb,hot,2,1030,33.6066,0.000645
scipy-lbfgsb,hot,2,1068,34.8758,0.000645
scipy-lbfgsb,hot,2,1112,36.2752,0.000620
scipy-lbfgsb,hot,2,1113,36.3070,0.000620
scipy-lbfgsb,hot,2,1114,36.3389,0.000620
scipy-lbfgsb,hot,2,1115,36.3704,0.000620
scipy-lbfgsb,hot,2,1116,36.4020,0.000620
scipy-lbfgsb,hot,2,1121,36.5579,0.000620
scipy-lbfgsb,hot,2,1125,36.6874,0.000620
scipy-lbfgsb,hot,2,1131,36.8765,0.000620
scipy-lbfgsb,hot,2,1314,42.8633,0.000619
scipy-lbfgsb,hot,2,1315,42.8961,0.000619
scipy-lbfgsb,hot,2,1316,42.9281,0.000619
scipy-lbfgsb,hot,2,1317,42.9616,0.000619
scipy-lbfgsb,hot,2,1318,42.9959,0.000619
scipy-lbfgsb,hot,2,1323,43.1669,0.000619
scipy-lbfgsb,hot,2,1327,43.3036,0.000619
scipy-lbfgsb,hot,2,1333,43.5078,0.000619
scipy-lbfgsb,hot,2,1516,49.6177,0.000600
scipy-lbfgsb,hot,2,1517,49.6523,0.000600
scipy-lbfgsb,hot,2,1518,49.6863,0.000600
scipy-lbfgsb,hot,2,1519,49.7194,0.000600
scipy-lbfgsb,hot,2,1520,49.7528,0.000600
scipy-lbfgsb,hot,2,1525,49.9180,0.000600
scipy-lbfgsb,hot,2,1529,50.0511,0.000600
scipy-lbfgsb,hot,2,1535,50.2462,0.000600
scipy-lbfgsb,hot,2,1718,56.2073,0.000599
scipy-lbfgsb,hot,2,1719,56.2391,0.000599
scipy-lbfgsb,hot,2,1720,56.2706,0.000599
scipy-lbfgsb,hot,2,1725,56.4279,0.000599
scipy-lbfgsb,hot,2,1727,56.4909,0.000599
scipy-lbfgsb,hot,2,1733,56.6807,0.000599
scipy-lbfgsb,hot,2,1797,58.7898,0.000599
scipy-lbfgsb,hot,2,1819,59.4867,0.000594
scipy-lbfgsb,hot,2,1820,59.5190,0.000594
scipy-lbfgsb,hot,2,1821,59.5505,0.000594
scipy-lbfgsb,hot,2,1826,59.7097,0.000594
scipy-lbfgsb,hot,2,1828,59.7722,0.000594
scipy-lbfgsb,hot,2,1833,59.9279,0.000594
scipy-lbfgsb,hot,2,1839,60.1154,0.000594
scipy-lbfgsb,hot,2,1898,61.9626,0.000594
scipy-lbfgsb,hot,2,1920,62.6509,0.000584
scipy-lbfgsb,hot,2,1921,62.6821,0.000584
scipy-lbfgsb,hot,2,1922,62.7132,0.000584
scipy-lbfgsb,hot,2,1927,62.8717,0.000584
scipy-lbfgsb,hot,2,1929,62.9343,0.000584
scipy-lbfgsb,hot,2,1934,63.0907,0.000584
scipy-lbfgsb,hot,2,1940,63.2777,0.000584
scipy-lbfgsb,hot,2,1999,65.1599,0.000584
scipy-powell,hot,2,0,0.0000,0.011620
scipy-powell,hot,2,7,0.2480,0.011620
scipy-powell,hot,2,8,0.2788,0.011620
scipy-powell,hot,2,9,0.3095,0.011620
scipy-powell,hot,2,10,0.3399,0.011620
scipy-powell,hot,2,11,0.3704,0.011620
scipy-powell,hot,2,14,0.4619,0.011620
scipy-powell,hot,2,15,0.4921,0.011620
scipy-powell,hot,2,31,0.9817,0.011620
scipy-powell,hot,2,32,1.0118,0.011620
scipy-powell,hot,2,33,1.0419,0.011620
scipy-powell,hot,2,34,1.0724,0.011620
scipy-powell,hot,2,35,1.1029,0.011620
scipy-powell,hot,2,36,1.1335,0.011620
scipy-powell,hot,2,37,1.1639,0.011620
scipy-powell,hot,2,44,1.3765,0.011620
scipy-powell,hot,2,46,1.4374,0.011620
scipy-powell,hot,2,51,1.5894,0.002675
scipy-powell,hot,2,55,1.7125,0.002323
scipy-powell,hot,2,59,1.8348,0.002306
scipy-powell,hot,2,60,1.8660,0.002306
scipy-powell,hot,2,61,1.8974,0.002306
scipy-powell,hot,2,63,1.9587,0.002306
scipy-powell,hot,2,64,1.9901,0.002306
scipy-powell,hot,2,65,2.0215,0.002306
scipy-powell,hot,2,66,2.0517,0.002306
scipy-powell,hot,2,67,2.0823,0.002306
scipy-powell,hot,2,81,2.5186,0.002305
scipy-powell,hot,2,82,2.5494,0.002305
scipy-powell,hot,2,83,2.5803,0.002305
scipy-powell,hot,2,84,2.6115,0.002305
scipy-powell,hot,2,85,2.6427,0.002305
scipy-powell,hot,2,86,2.6743,0.002305
scipy-powell,hot,2,87,2.7051,0.002305
scipy-powell,hot,2,257,8.0284,0.001900
scipy-powell,hot,2,259,8.0907,0.001444
scipy-powell,hot,2,262,8.1845,0.001441
scipy-powell,hot,2,263,8.2153,0.001439
scipy-powell,hot,2,266,8.3069,0.001439
scipy-powell,hot,2,268,8.3691,0.001439
scipy-powell,hot,2,269,8.3995,0.001439
scipy-powell,hot,2,270,8.4309,0.001439
scipy-powell,hot,2,271,8.4614,0.001439
scipy-powell,hot,2,274,8.5551,0.001439
scipy-powell,hot,2,394,12.2733,0.001213
scipy-powell,hot,2,395,12.3037,0.001165
scipy-powell,hot,2,398,12.3948,0.001165
scipy-powell,hot,2,399,12.4252,0.001165
scipy-powell,hot,2,400,12.4555,0.001165
scipy-powell,hot,2,401,12.4862,0.001165
scipy-powell,hot,2,402,12.5175,0.001165
scipy-powell,hot,2,447,13.9167,0.000980
scipy-powell,hot,2,452,14.0780,0.000980
scipy-powell,hot,2,456,14.2031,0.000980
scipy-powell,hot,2,458,14.2642,0.000980
scipy-powell,hot,2,459,14.2952,0.000980
scipy-powell,hot,2,460,14.3262,0.000980
scipy-powell,hot,2,461,14.3571,0.000980
scipy-powell,hot,2,546,17.0515,0.000848
scipy-powell,hot,2,548,17.1133,0.000844
scipy-powell,hot,2,549,17.1435,0.000844
scipy-powell,hot,2,550,17.1736,0.000844
scipy-powell,hot,2,551,17.2037,0.000844
scipy-powell,hot,2,552,17.2337,0.000844
scipy-powell,hot,2,553,17.2639,0.000844
scipy-powell,hot,2,728,22.6399,0.000757
scipy-powell,hot,2,731,22.7310,0.000751
scipy-powell,hot,2,733,22.7914,0.000751
scipy-powell,hot,2,734,22.8221,0.000751
scipy-powell,hot,2,735,22.8527,0.000750
scipy-powell,hot,2,736,22.8834,0.000750
scipy-powell,hot,2,737,22.9139,0.000750
scipy-powell,hot,2,738,22.9439,0.000750
scipy-powell,hot,2,739,22.9747,0.000750
scipy-powell,hot,2,740,23.0050,0.000750
scipy-powell,hot,2,741,23.0351,0.000750
scipy-powell,hot,2,742,23.0655,0.000750
scipy-powell,hot,2,866,26.8276,0.000701
scipy-powell,hot,2,869,26.9185,0.000700
scipy-powell,hot,2,871,26.9792,0.000700
scipy-powell,hot,2,872,27.0101,0.000700
scipy-powell,hot,2,873,27.0454,0.000700
scipy-powell,hot,2,874,27.0897,0.000700
scipy-powell,hot,2,875,27.1326,0.000700
scipy-powell,hot,2,876,27.1697,0.000700
scipy-powell,hot,2,925,28.6908,0.000700
scipy-powell,hot,2,926,28.7212,0.000696
scipy-powell,hot,2,928,28.7824,0.000696
scipy-powell,hot,2,929,28.8126,0.000696
scipy-powell,hot,2,930,28.8429,0.000696
scipy-powell,hot,2,931,28.8732,0.000696
scipy-powell,hot,2,932,28.9036,0.000696
scipy-powell,hot,2,933,28.9339,0.000696
scipy-powell,hot,2,934,28.9651,0.000696
scipy-powell,hot,2,1005,31.1698,0.000696
scipy-powell,hot,2,1006,31.2007,0.000695
scipy-powell,hot,2,1007,31.2321,0.000695
scipy-powell,hot,2,1008,31.2625,0.000695
scipy-powell,hot,2,1009,31.2934,0.000695
scipy-powell,hot,2,1010,31.3259,0.000695
scipy-powell,hot,2,1011,31.3584,0.000695
scipy-powell,hot,2,1079,33.4820,0.000695
scipy-powell,hot,2,1080,33.5134,0.000695
scipy-powell,hot,2,1081,33.5454,0.000695
scipy-powell,hot,2,1082,33.5766,0.000695
scipy-powell,hot,2,1083,33.6084,0.000695
scipy-powell,hot,2,1084,33.6397,0.000695
scipy-powell,hot,2,1089,33.7958,0.000695
scipy-powell,hot,2,1095,33.9899,0.000695
scipy-powell,hot,2,1098,34.0864,0.000695
scipy-powell,hot,2,1099,34.1187,0.000695
scipy-powell,hot,2,1100,34.1508,0.000695
scipy-powell,hot,2,1101,34.1823,0.000695
scipy-powell,hot,2,1107,34.3692,0.000695
scipy-powell,hot,2,1116,34.6535,0.000695
scipy-powell,hot,2,1117,34.6842,0.000695
scipy-powell,hot,2,1118,34.7152,0.000695
scipy-powell,hot,2,1119,34.7458,0.000695
scipy-powell,hot,2,1120,34.7765,0.000695
scipy-powell,hot,2,1124,34.9010,0.000695
scipy-powell,hot,2,1136,35.2802,0.000695
scipy-powell,hot,2,1146,35.5921,0.000695
scipy-powell,hot,2,1147,35.6231,0.000695
scipy-powell,hot,2,1148,35.6541,0.000695
scipy-powell,hot,2,1149,35.6848,0.000695
scipy-powell,hot,2,1151,35.7467,0.000695
scipy-powell,hot,2,1152,35.7778,0.000695
scipy-powell,hot,2,1181,36.6867,0.000695
scipy-powell,hot,2,1182,36.7183,0.000695
scipy-powell,hot,2,1183,36.7491,0.000695
scipy-powell,hot,2,1184,36.7799,0.000695
scipy-powell,hot,2,1189,36.9351,0.000695
scipy-powell,hot,2,1220,37.8987,0.000695
scipy-powell,hot,2,1221,37.9295,0.000695
scipy-powell,hot,2,1228,38.1516,0.000695
scipy-powell,hot,2,1232,38.2783,0.000695
scipy-powell,hot,2,1250,38.8559,0.000694
scipy-powell,hot,2,1251,38.8885,0.000694
scipy-powell,hot,2,1252,38.9204,0.000694
scipy-powell,hot,2,1253,38.9519,0.000694
scipy-powell,hot,2,1254,38.9851,0.000694
scipy-powell,hot,2,1255,39.0182,0.000694
scipy-powell,hot,2,1256,39.0496,0.000694
scipy-powell,hot,2,1257,39.0809,0.000694
scipy-powell,hot,2,1258,39.1119,0.000694
scipy-powell,hot,2,1259,39.1434,0.000694
scipy-powell,hot,2,1317,40.9641,0.000693
scipy-powell,hot,2,1319,41.0266,0.000693
scipy-powell,hot,2,1320,41.0571,0.000693
scipy-powell,hot,2,1321,41.0883,0.000693
scipy-powell,hot,2,1322,41.1194,0.000693
scipy-powell,hot,2,1332,41.4320,0.000693
scipy-powell,hot,2,1336,41.5552,0.000693
scipy-powell,hot,2,1344,41.8044,0.000693
scipy-powell,hot,2,1347,41.8974,0.000693
scipy-powell,hot,2,1349,41.9585,0.000693
scipy-powell,hot,2,1350,41.9886,0.000693
scipy-powell,hot,2,1351,42.0196,0.000693
scipy-powell,hot,2,1352,42.0505,0.000693
scipy-powell,hot,2,1366,42.4826,0.000693
scipy-powell,hot,2,1367,42.5131,0.000693
scipy-powell,hot,2,1368,42.5439,0.000693
scipy-powell,hot,2,1369,42.5744,0.000693
scipy-powell,hot,2,1373,42.6976,0.000693
scipy-powell,hot,2,1375,42.7592,0.000693
scipy-powell,hot,2,1391,43.2522,0.000693
scipy-powell,hot,2,1392,43.2841,0.000693
scipy-powell,hot,2,1393,43.3164,0.000693
scipy-powell,hot,2,1394,43.3478,0.000693
scipy-powell,hot,2,1396,43.4091,0.000693
scipy-powell,hot,2,1410,43.8414,0.000638
scipy-powell,hot,2,1412,43.9032,0.000633
scipy-powell,hot,2,1413,43.9333,0.000627
scipy-powell,hot,2,1414,43.9640,0.000621
scipy-powell,hot,2,1416,44.0266,0.000620
scipy-powell,hot,2,1417,44.0574,0.000620
scipy-powell,hot,2,1418,44.0883,0.000620
scipy-powell,hot,2,1419,44.1190,0.000620
scipy-powell,hot,2,1420,44.1498,0.000620
scipy-powell,hot,2,1421,44.1823,0.000620
scipy-powell,hot,2,1422,44.2134,0.000620
scipy-powell,hot,2,1423,44.2443,0.000620
scipy-powell,hot,2,1598,49.6099,0.000604
scipy-powell,hot,2,1601,49.7026,0.000597
scipy-powell,hot,2,1602,49.7330,0.000592
scipy-powell,hot,2,1604,49.7935,0.000592
scipy-powell,hot,2,1606,49.8543,0.000592
scipy-powell,hot,2,1608,49.9160,0.000592
scipy-powell,hot,2,1609,49.9468,0.000592
scipy-powell,hot,2,1898,59.0825,0.000591
scipy-powell,hot,2,1899,59.1135,0.000591
scipy-powell,hot,2,1900,59.1451,0.000591
scipy-powell,hot,2,1901,59.1764,0.000591
scipy-powell,hot,2,1902,59.2075,0.000591
scipy-powell,hot,2,1903,59.2396,0.000591
scipy-powell,hot,2,1904,59.2712,0.000591
scipy-powell,hot,2,1905,59.3026,0.000591
scipy-powell,hot,2,1908,59.3992,0.000591
scipy-powell,hot,2,1914,59.5875,0.000591
scipy-powell,hot,2,1978,61.6008,0.000591
scipy-powell,hot,2,1979,61.6317,0.000591
scipy-powell,hot,2,1980,61.6628,0.000591
scipy-powell,hot,2,1981,61.6940,0.000591
scipy-powell,hot,2,1982,61.7252,0.000591
scipy-powell,hot,2,1983,61.7566,0.000591
scipy-powell,hot,2,1984,61.7903,0.000591
scipy-powell,hot,2,1985,61.8237,0.000591
scipy-powell,hot,2,1986,61.8565,0.000591
scipy-powell,hot,2,1988,61.9219,0.000591
scipy-powell,hot,2,1990,61.9877,0.000591
scipy-de,hot,2,0,0.0000,0.011620
opt-ga,hot,2,0,0.0000,0.011620
opt-ga,hot,2,121,2.3495,0.010365
opt-ga,hot,2,131,2.5795,0.007772
opt-ga,hot,2,292,5.8964,0.006639
opt-ga,hot,2,387,8.2520,0.006253
opt-ga,hot,2,408,8.8854,0.005878
opt-ga,hot,2,451,10.0826,0.005076
opt-ga,hot,2,525,12.2550,0.005075
opt-ga,hot,2,540,12.6859,0.003387
opt-ga,hot,2,669,16.4463,0.002862
opt-ga,hot,2,745,18.7151,0.001869
opt-ga,hot,2,770,19.4825,0.001772
opt-ga,hot,2,805,20.5158,0.001024
opt-ga,hot,2,1263,34.3881,0.000875
opt-ga,hot,2,1660,46.3775,0.000853
opt-ga,hot,2,1698,47.5053,0.000843
opt-ga,hot,2,1864,52.5026,0.000833
opt-ga,hot,2,1881,53.0358,0.000810
opt-pso,hot,2,0,0.0000,0.011620
opt-aco,hot,2,0,0.0000,0.011620
opt-aco,hot,2,655,11.9028,0.008435
opt-gd,hot,2,0,0.0000,0.011620
opt-gd,hot,2,8,0.3078,0.011620
opt-gd,hot,2,10,0.3727,0.011620
opt-gd,hot,2,16,0.5743,0.011620
opt-gd,hot,2,32,1.1059,0.011620
opt-gd,hot,2,45,1.5351,0.011620
opt-gd,hot,2,102,3.4320,0.011574
opt-gd,hot,2,109,3.6606,0.011574
opt-gd,hot,2,125,4.2025,0.011574
opt-gd,hot,2,133,4.4713,0.011574
opt-gd,hot,2,146,4.9071,0.011574
opt-gd,hot,2,304,10.1142,0.001837
opt-gd,hot,2,305,10.1465,0.001837
opt-gd,hot,2,306,10.1787,0.001837
opt-gd,hot,2,307,10.2108,0.001837
opt-gd,hot,2,308,10.2425,0.001837
opt-gd,hot,2,312,10.3721,0.001837
opt-gd,hot,2,328,10.8956,0.001837
opt-gd,hot,2,354,11.7480,0.001837
opt-gd,hot,2,361,11.9727,0.001837
opt-gd,hot,2,362,12.0048,0.001837
opt-gd,hot,2,506,16.7341,0.001611
opt-gd,hot,2,507,16.7662,0.001611
opt-gd,hot,2,508,16.7974,0.001611
opt-gd,hot,2,514,16.9911,0.001611
opt-gd,hot,2,550,18.1427,0.001611
opt-gd,hot,2,607,19.9774,0.001225
opt-gd,hot,2,608,20.0105,0.001225
opt-gd,hot,2,609,20.0442,0.001225
opt-gd,hot,2,610,20.0780,0.001225
opt-gd,hot,2,611,20.1121,0.001225
opt-gd,hot,2,615,20.2494,0.001225
opt-gd,hot,2,631,20.7838,0.001225
opt-gd,hot,2,657,21.6533,0.001225
opt-gd,hot,2,664,21.9104,0.001225
opt-gd,hot,2,665,21.9454,0.001225
opt-gd,hot,2,684,22.5689,0.001225
opt-gd,hot,2,685,22.6026,0.001225
opt-gd,hot,2,708,23.3969,0.001052
opt-gd,hot,2,709,23.4314,0.001052
opt-gd,hot,2,710,23.4652,0.001052
opt-gd,hot,2,711,23.4988,0.001052
opt-gd,hot,2,712,23.5323,0.001052
opt-gd,hot,2,716,23.6658,0.001052
opt-gd,hot,2,732,24.1784,0.001052
opt-gd,hot,2,758,25.0196,0.001052
opt-gd,hot,2,765,25.2497,0.001052
opt-gd,hot,2,766,25.2819,0.001052
opt-gd,hot,2,786,25.9247,0.001052
opt-gd,hot,2,809,26.6632,0.000950
opt-gd,hot,2,810,26.6957,0.000950
opt-gd,hot,2,811,26.7270,0.000950
opt-gd,hot,2,812,26.7589,0.000950
opt-gd,hot,2,813,26.7907,0.000950
opt-gd,hot,2,833,27.4297,0.000950
opt-gd,hot,2,859,28.2523,0.000950
opt-gd,hot,2,866,28.4753,0.000950
opt-gd,hot,2,867,28.5067,0.000950
opt-gd,hot,2,910,29.8605,0.000816
opt-gd,hot,2,911,29.8920,0.000816
opt-gd,hot,2,912,29.9238,0.000816
opt-gd,hot,2,913,29.9549,0.000816
opt-gd,hot,2,914,29.9857,0.000816
opt-gd,hot,2,967,31.6424,0.000816
opt-gd,hot,2,968,31.6739,0.000816
opt-gd,hot,2,1011,33.0032,0.000735
opt-gd,hot,2,1012,33.0340,0.000735
opt-gd,hot,2,1013,33.0649,0.000735
opt-gd,hot,2,1014,33.0956,0.000735
opt-gd,hot,2,1015,33.1263,0.000735
opt-gd,hot,2,1068,34.7706,0.000735
opt-gd,hot,2,1112,36.1375,0.000691
opt-gd,hot,2,1113,36.1695,0.000691
opt-gd,hot,2,1114,36.2015,0.000691
opt-gd,hot,2,1115,36.2339,0.000691
opt-gd,hot,2,1116,36.2656,0.000691
opt-gd,hot,2,1169,37.9226,0.000691
opt-gd,hot,2,1213,39.2852,0.000676
opt-gd,hot,2,1214,39.3164,0.000676
opt-gd,hot,2,1215,39.3474,0.000676
opt-gd,hot,2,1216,39.3784,0.000676
opt-gd,hot,2,1217,39.4094,0.000676
opt-gd,hot,2,1314,42.4222,0.000671
opt-gd,hot,2,1315,42.4532,0.000671
opt-gd,hot,2,1316,42.4843,0.000671
opt-gd,hot,2,1317,42.5153,0.000671
opt-gd,hot,2,1318,42.5459,0.000671
opt-gd,hot,2,1415,45.5865,0.000668
opt-gd,hot,2,1416,45.6185,0.000668
opt-gd,hot,2,1417,45.6517,0.000668
opt-gd,hot,2,1418,45.6842,0.000668
opt-gd,hot,2,1419,45.7168,0.000668
opt-gd,hot,2,1516,48.7907,0.000659
opt-gd,hot,2,1517,48.8224,0.000659
opt-gd,hot,2,1518,48.8539,0.000659
opt-gd,hot,2,1519,48.8867,0.000659
opt-gd,hot,2,1520,48.9193,0.000659
opt-gd,hot,2,1617,52.0295,0.000642
opt-gd,hot,2,1618,52.0609,0.000642
opt-gd,hot,2,1619,52.0923,0.000642
opt-gd,hot,2,1620,52.1239,0.000642
opt-gd,hot,2,1621,52.1554,0.000642
opt-gd,hot,2,1630,52.4373,0.000642
opt-gd,hot,2,1665,53.5427,0.000642
opt-gd,hot,2,1718,55.2178,0.000635
opt-gd,hot,2,1719,55.2494,0.000635
opt-gd,hot,2,1720,55.2816,0.000635
opt-gd,hot,2,1721,55.3135,0.000635
opt-gd,hot,2,1722,55.3449,0.000635
opt-gd,hot,2,1731,55.6300,0.000635
opt-gd,hot,2,1765,56.6966,0.000635
opt-gd,hot,2,1766,56.7286,0.000635
opt-gd,hot,2,1819,58.4009,0.000613
opt-gd,hot,2,1820,58.4324,0.000613
opt-gd,hot,2,1821,58.4633,0.000613
opt-gd,hot,2,1822,58.4941,0.000613
opt-gd,hot,2,1823,58.5251,0.000613
opt-gd,hot,2,1832,58.8110,0.000613
opt-gd,hot,2,1866,59.8814,0.000613
opt-gd,hot,2,1867,59.9124,0.000613
opt-gd,hot,2,1920,61.5708,0.000608
opt-gd,hot,2,1921,61.6035,0.000608
opt-gd,hot,2,1922,61.6365,0.000608
opt-gd,hot,2,1923,61.6698,0.000608
opt-gd,hot,2,1924,61.7023,0.000608
opt-gd,hot,2,1929,61.8664,0.000608
opt-gd,hot,2,1933,61.9964,0.000608
opt-gd,hot,2,1967,63.1088,0.000608
opt-gd,hot,2,1968,63.1409,0.000608
none,hot,3,0,0.0000,0.010282
scipy-lbfgsb,hot,3,0,0.0000,0.010282
scipy-lbfgsb,hot,3,12,0.4086,0.010282
scipy-lbfgsb,hot,3,14,0.4704,0.010281
scipy-lbfgsb,hot,3,22,0.7202,0.010281
scipy-lbfgsb,hot,3,60,1.9285,0.010281
scipy-lbfgsb,hot,3,63,2.0225,0.010281
scipy-lbfgsb,hot,3,102,3.2758,0.010181
scipy-lbfgsb,hot,3,113,3.6282,0.010180
scipy-lbfgsb,hot,3,129,4.1411,0.010180
scipy-lbfgsb,hot,3,137,4.4004,0.010180
scipy-lbfgsb,hot,3,203,6.4451,0.001739
scipy-lbfgsb,hot,3,214,6.7872,0.001738
scipy-lbfgsb,hot,3,230,7.2887,0.001738
scipy-lbfgsb,hot,3,238,7.5310,0.001738
scipy-lbfgsb,hot,3,405,12.7726,0.001144
scipy-lbfgsb,hot,3,408,12.8664,0.001144
scipy-lbfgsb,hot,3,409,12.8973,0.001144
scipy-lbfgsb,hot,3,417,13.1437,0.001144
scipy-lbfgsb,hot,3,433,13.6310,0.001144
scipy-lbfgsb,hot,3,441,13.8757,0.001144
scipy-lbfgsb,hot,3,442,13.9068,0.001144
scipy-lbfgsb,hot,3,464,14.5741,0.001142
scipy-lbfgsb,hot,3,465,14.6050,0.001137
scipy-lbfgsb,hot,3,506,15.8865,0.000697
scipy-lbfgsb,hot,3,509,15.9821,0.000697
scipy-lbfgsb,hot,3,510,16.0134,0.000697
scipy-lbfgsb,hot,3,518,16.2595,0.000697
scipy-lbfgsb,hot,3,534,16.7520,0.000697
scipy-lbfgsb,hot,3,542,17.0037,0.000697
scipy-lbfgsb,hot,3,543,17.0338,0.000697
scipy-lbfgsb,hot,3,544,17.0641,0.000697
scipy-lbfgsb,hot,3,589,18.4264,0.000697
scipy-lbfgsb,hot,3,590,18.4581,0.000697
scipy-lbfgsb,hot,3,607,18.9840,0.000682
scipy-lbfgsb,hot,3,610,19.0756,0.000682
scipy-lbfgsb,hot,3,611,19.1061,0.000682
scipy-lbfgsb,hot,3,619,19.3458,0.000682
scipy-lbfgsb,hot,3,635,19.8301,0.000682
scipy-lbfgsb,hot,3,643,20.0737,0.000682
scipy-lbfgsb,hot,3,644,20.1044,0.000682
scipy-lbfgsb,hot,3,690,21.5049,0.000682
scipy-lbfgsb,hot,3,691,21.5349,0.000682
scipy-lbfgsb,hot,3,708,22.0674,0.000628
scipy-lbfgsb,hot,3,711,22.1624,0.000628
scipy-lbfgsb,hot,3,712,22.1944,0.000628
scipy-lbfgsb,hot,3,720,22.4468,0.000628
scipy-lbfgsb,hot,3,736,22.9599,0.000628
scipy-lbfgsb,hot,3,744,23.2127,0.000628
scipy-lbfgsb,hot,3,745,23.2445,0.000628
scipy-lbfgsb,hot,3,767,23.9512,0.000628
scipy-lbfgsb,hot,3,792,24.7436,0.000628
scipy-lbfgsb,hot,3,809,25.3056,0.000609
scipy-lbfgsb,hot,3,812,25.3984,0.000609
scipy-lbfgsb,hot,3,813,25.4294,0.000609
scipy-lbfgsb,hot,3,845,26.4190,0.000609
scipy-lbfgsb,hot,3,846,26.4498,0.000609
scipy-lbfgsb,hot,3,868,27.1240,0.000609
scipy-lbfgsb,hot,3,910,28.4052,0.000603
scipy-lbfgsb,hot,3,913,28.4984,0.000603
scipy-lbfgsb,hot,3,914,28.5292,0.000603
scipy-lbfgsb,hot,3,919,28.6817,0.000603
scipy-lbfgsb,hot,3,933,29.1153,0.000603
scipy-lbfgsb,hot,3,946,29.5153,0.000603
scipy-lbfgsb,hot,3,947,29.5479,0.000603
scipy-lbfgsb,hot,3,969,30.2211,0.000603
scipy-lbfgsb,hot,3,1011,31.5515,0.000602
scipy-lbfgsb,hot,3,1020,31.8329,0.000602
scipy-lbfgsb,hot,3,1034,32.2696,0.000602
scipy-lbfgsb,hot,3,1042,32.5170,0.000602
scipy-lbfgsb,hot,3,1047,32.6725,0.000602
scipy-lbfgsb,hot,3,1070,33.3892,0.000602
scipy-lbfgsb,hot,3,1112,34.7026,0.000602
scipy-lbfgsb,hot,3,1123,35.0515,0.000602
scipy-lbfgsb,hot,3,1139,35.5789,0.000602
scipy-lbfgsb,hot,3,1167,36.4637,0.000602
scipy-lbfgsb,hot,3,1171,36.5878,0.000602
scipy-lbfgsb,hot,3,1213,37.8809,0.000601
scipy-lbfgsb,hot,3,1224,38.2217,0.000601
scipy-lbfgsb,hot,3,1232,38.4704,0.000601
scipy-lbfgsb,hot,3,1246,38.9081,0.000601
scipy-lbfgsb,hot,3,1268,39.5691,0.000601
scipy-lbfgsb,hot,3,1272,39.6881,0.000601
scipy-lbfgsb,hot,3,1314,40.9543,0.000601
scipy-lbfgsb,hot,3,1325,41.2894,0.000601
scipy-lbfgsb,hot,3,1327,41.3543,0.000601
scipy-lbfgsb,hot,3,1343,41.8559,0.000601
scipy-lbfgsb,hot,3,1373,42.7908,0.000601
scipy-lbfgsb,hot,3,1415,44.1089,0.000601
scipy-lbfgsb,hot,3,1418,44.2052,0.000601
scipy-lbfgsb,hot,3,1419,44.2362,0.000601
scipy-lbfgsb,hot,3,1428,44.5144,0.000601
scipy-lbfgsb,hot,3,1444,45.0123,0.000601
scipy-lbfgsb,hot,3,1474,45.9313,0.000601
scipy-lbfgsb,hot,3,1498,46.6677,0.000601
scipy-lbfgsb,hot,3,1516,47.2206,0.000600
scipy-lbfgsb,hot,3,1519,47.3122,0.000600
scipy-lbfgsb,hot,3,1520,47.3425,0.000600
scipy-lbfgsb,hot,3,1529,47.6182,0.000600
scipy-lbfgsb,hot,3,1545,48.1114,0.000600
scipy-lbfgsb,hot,3,1575,49.0391,0.000600
scipy-lbfgsb,hot,3,1599,49.7833,0.000600
scipy-lbfgsb,hot,3,1617,50.3402,0.000599
scipy-lbfgsb,hot,3,1650,51.3409,0.000599
scipy-lbfgsb,hot,3,1652,51.4012,0.000599
scipy-lbfgsb,hot,3,1654,51.4613,0.000599
scipy-lbfgsb,hot,3,1700,52.8494,0.000599
scipy-lbfgsb,hot,3,1718,53.3819,0.000599
scipy-lbfgsb,hot,3,1729,53.7076,0.000599
scipy-lbfgsb,hot,3,1745,54.1847,0.000599
scipy-lbfgsb,hot,3,1819,56.4013,0.000599
scipy-lbfgsb,hot,3,1830,56.7324,0.000599
scipy-lbfgsb,hot,3,1846,57.2187,0.000599
scipy-lbfgsb,hot,3,1920,59.4546,0.000598
scipy-lbfgsb,hot,3,1931,59.7856,0.000598
scipy-lbfgsb,hot,3,1947,60.2752,0.000598
scipy-powell,hot,3,0,0.0000,0.010282
scipy-powell,hot,3,92,2.7853,0.001736
scipy-powell,hot,3,95,2.8761,0.001689
scipy-powell,hot,3,96,2.9063,0.001151
scipy-powell,hot,3,97,2.9365,0.001098
scipy-powell,hot,3,98,2.9681,0.001070
scipy-powell,hot,3,99,2.9974,0.001069
scipy-powell,hot,3,100,3.0268,0.001068
scipy-powell,hot,3,102,3.0852,0.001068
scipy-powell,hot,3,103,3.1141,0.001068
scipy-powell,hot,3,104,3.1435,0.001068
scipy-powell,hot,3,108,3.2623,0.001068
scipy-powell,hot,3,110,3.3229,0.001068
scipy-powell,hot,3,120,3.6205,0.001068
scipy-powell,hot,3,121,3.6504,0.001068
scipy-powell,hot,3,122,3.6805,0.001068
scipy-powell,hot,3,123,3.7103,0.001068
scipy-powell,hot,3,124,3.7401,0.001068
scipy-powell,hot,3,125,3.7699,0.001068
scipy-powell,hot,3,135,4.0720,0.001068
scipy-powell,hot,3,136,4.1031,0.001068
scipy-powell,hot,3,137,4.1332,0.001068
scipy-powell,hot,3,152,4.5900,0.001068
scipy-powell,hot,3,166,5.0134,0.001068
scipy-powell,hot,3,167,5.0430,0.001068
scipy-powell,hot,3,168,5.0726,0.001068
scipy-powell,hot,3,169,5.1029,0.001068
scipy-powell,hot,3,172,5.1919,0.001068
scipy-powell,hot,3,176,5.3101,0.001068
scipy-powell,hot,3,274,8.2261,0.000997
scipy-powell,hot,3,277,8.3168,0.000995
scipy-powell,hot,3,278,8.3468,0.000994
scipy-powell,hot,3,279,8.3768,0.000994
scipy-powell,hot,3,280,8.4079,0.000994
scipy-powell,hot,3,281,8.4379,0.000994
scipy-powell,hot,3,282,8.4671,0.000994
scipy-powell,hot,3,283,8.4968,0.000994
scipy-powell,hot,3,284,8.5262,0.000994
scipy-powell,hot,3,400,11.9583,0.000926
scipy-powell,hot,3,401,11.9879,0.000922
scipy-powell,hot,3,403,12.0466,0.000907
scipy-powell,hot,3,404,12.0759,0.000902
scipy-powell,hot,3,406,12.1349,0.000902
scipy-powell,hot,3,407,12.1646,0.000901
scipy-powell,hot,3,408,12.1942,0.000901
scipy-powell,hot,3,409,12.2238,0.000901
scipy-powell,hot,3,410,12.2531,0.000901
scipy-powell,hot,3,411,12.2824,0.000901
scipy-powell,hot,3,412,12.3116,0.000901
scipy-powell,hot,3,413,12.3412,0.000901
scipy-powell,hot,3,414,12.3708,0.000901
scipy-powell,hot,3,415,12.4000,0.000901
scipy-powell,hot,3,424,12.6647,0.000901
scipy-powell,hot,3,559,16.6791,0.000821
scipy-powell,hot,3,564,16.8285,0.000821
scipy-powell,hot,3,565,16.8588,0.000821
scipy-powell,hot,3,566,16.8880,0.000821
scipy-powell,hot,3,684,20.4296,0.000735
scipy-powell,hot,3,688,20.5524,0.000729
scipy-powell,hot,3,689,20.5831,0.000728
scipy-powell,hot,3,690,20.6130,0.000727
scipy-powell,hot,3,694,20.7372,0.000727
scipy-powell,hot,3,696,20.8019,0.000727
scipy-powell,hot,3,697,20.8340,0.000727
scipy-powell,hot,3,698,20.8644,0.000727
scipy-powell,hot,3,751,22.4549,0.000694
scipy-powell,hot,3,754,22.5420,0.000689
scipy-powell,hot,3,756,22.6000,0.000687
scipy-powell,hot,3,757,22.6305,0.000687
scipy-powell,hot,3,758,22.6610,0.000687
scipy-powell,hot,3,759,22.6913,0.000687
scipy-powell,hot,3,760,22.7208,0.000687
scipy-powell,hot,3,761,22.7507,0.000687
scipy-powell,hot,3,762,22.7807,0.000687
scipy-powell,hot,3,970,29.0333,0.000638
scipy-powell,hot,3,971,29.0632,0.000637
scipy-powell,hot,3,973,29.1223,0.000621
scipy-powell,hot,3,974,29.1512,0.000614
scipy-powell,hot,3,975,29.1817,0.000614
scipy-powell,hot,3,976,29.2102,0.000613
scipy-powell,hot,3,980,29.3310,0.000613
scipy-powell,hot,3,981,29.3616,0.000613
scipy-powell,hot,3,982,29.3911,0.000613
scipy-powell,hot,3,985,29.4804,0.000613
scipy-powell,hot,3,1042,31.1568,0.000613
scipy-powell,hot,3,1045,31.2438,0.000613
scipy-powell,hot,3,1046,31.2730,0.000613
scipy-powell,hot,3,1047,31.3045,0.000613
scipy-powell,hot,3,1048,31.3356,0.000613
scipy-powell,hot,3,1050,31.3959,0.000613
scipy-powell,hot,3,1282,38.4136,0.000613
scipy-powell,hot,3,1285,38.5050,0.000613
scipy-powell,hot,3,1286,38.5350,0.000613
scipy-powell,hot,3,1287,38.5647,0.000613
scipy-powell,hot,3,1288,38.5942,0.000613
scipy-powell,hot,3,1289,38.6246,0.000613
scipy-powell,hot,3,1351,40.4762,0.000613
scipy-powell,hot,3,1352,40.5069,0.000613
scipy-powell,hot,3,1353,40.5359,0.000613
scipy-powell,hot,3,1354,40.5648,0.000613
scipy-powell,hot,3,1355,40.5934,0.000613
scipy-powell,hot,3,1358,40.6793,0.000613
scipy-powell,hot,3,1361,40.7670,0.000613
scipy-powell,hot,3,1378,41.2671,0.000613
scipy-powell,hot,3,1379,41.2966,0.000613
scipy-powell,hot,3,1380,41.3259,0.000613
scipy-powell,hot,3,1384,41.4430,0.000613
scipy-powell,hot,3,1401,41.9396,0.000602
scipy-powell,hot,3,1404,42.0272,0.000599
scipy-powell,hot,3,1406,42.0856,0.000598
scipy-powell,hot,3,1407,42.1141,0.000598
scipy-powell,hot,3,1408,42.1428,0.000598
scipy-powell,hot,3,1409,42.1713,0.000598
scipy-powell,hot,3,1410,42.2008,0.000598
scipy-powell,hot,3,1411,42.2304,0.000598
scipy-powell,hot,3,1412,42.2613,0.000598
scipy-powell,hot,3,1468,43.9368,0.000598
scipy-powell,hot,3,1470,43.9965,0.000598
scipy-powell,hot,3,1471,44.0266,0.000598
scipy-powell,hot,3,1472,44.0563,0.000598
scipy-powell,hot,3,1473,44.0862,0.000598
scipy-powell,hot,3,1474,44.1164,0.000598
scipy-powell,hot,3,1499,44.8662,0.000598
scipy-powell,hot,3,1500,44.8952,0.000598
scipy-powell,hot,3,1501,44.9243,0.000598
scipy-powell,hot,3,1502,44.9539,0.000598
scipy-powell,hot,3,1503,44.9829,0.000598
scipy-powell,hot,3,1504,45.0116,0.000598
scipy-powell,hot,3,1505,45.0406,0.000598
scipy-powell,hot,3,1527,45.6810,0.000598
scipy-powell,hot,3,1528,45.7114,0.000598
scipy-powell,hot,3,1532,45.8303,0.000598
scipy-powell,hot,3,1544,46.1854,0.000598
scipy-powell,hot,3,1546,46.2467,0.000598
scipy-powell,hot,3,1547,46.2775,0.000598
scipy-powell,hot,3,1548,46.3072,0.000598
scipy-powell,hot,3,1553,46.4559,0.000598
scipy-powell,hot,3,1577,47.1960,0.000598
scipy-powell,hot,3,1578,47.2283,0.000598
scipy-powell,hot,3,1579,47.2600,0.000598
scipy-powell,hot,3,1580,47.2908,0.000598
scipy-powell,hot,3,1581,47.3225,0.000598
scipy-powell,hot,3,1583,47.3853,0.000598
scipy-powell,hot,3,1589,47.5661,0.000598
scipy-powell,hot,3,1619,48.4611,0.000598
scipy-powell,hot,3,1630,48.7909,0.000594
scipy-powell,hot,3,1631,48.8210,0.000592
scipy-powell,hot,3,1632,48.8515,0.000592
scipy-powell,hot,3,1634,48.9130,0.000592
scipy-powell,hot,3,1635,48.9436,0.000592
scipy-powell,hot,3,1636,48.9749,0.000592
scipy-powell,hot,3,1637,49.0048,0.000592
scipy-powell,hot,3,1638,49.0372,0.000592
scipy-powell,hot,3,1698,50.8187,0.000591
scipy-powell,hot,3,1699,50.8478,0.000591
scipy-powell,hot,3,1700,50.8782,0.000591
scipy-powell,hot,3,1701,50.9069,0.000591
scipy-powell,hot,3,1702,50.9357,0.000591
scipy-powell,hot,3,1704,50.9947,0.000591
scipy-powell,hot,3,1705,51.0254,0.000591
scipy-powell,hot,3,1706,51.0552,0.000591
scipy-powell,hot,3,1710,51.1730,0.000591
scipy-powell,hot,3,1713,51.2600,0.000591
scipy-powell,hot,3,1718,51.4048,0.000591
scipy-powell,hot,3,1719,51.4339,0.000591
scipy-powell,hot,3,1720,51.4631,0.000591
scipy-powell,hot,3,1721,51.4924,0.000591
scipy-powell,hot,3,1722,51.5211,0.000591
scipy-powell,hot,3,1738,51.9901,0.000591
scipy-powell,hot,3,1758,52.5783,0.000591
scipy-powell,hot,3,1766,52.8136,0.000591
scipy-powell,hot,3,1804,53.9390,0.000591
scipy-de,hot,3,0,0.0000,0.010282
opt-ga,hot,3,0,0.0000,0.010282
opt-ga,hot,3,339,6.5612,0.004931
opt-ga,hot,3,557,12.0664,0.004405
opt-ga,hot,3,605,13.3623,0.003687
opt-ga,hot,3,698,15.8327,0.002681
opt-ga,hot,3,750,17.2491,0.001279
opt-ga,hot,3,976,23.7785,0.001237
opt-ga,hot,3,1005,24.6600,0.000820
opt-ga,hot,3,1551,41.2906,0.000779
opt-ga,hot,3,1566,41.7659,0.000733
opt-ga,hot,3,1613,43.2842,0.000704
opt-ga,hot,3,1965,54.3881,0.000668
opt-pso,hot,3,0,0.0000,0.010282
opt-aco,hot,3,0,0.0000,0.010282
opt-aco,hot,3,455,8.4237,0.006823
opt-aco,hot,3,1720,32.3990,0.006372
opt-aco,hot,3,1985,37.2867,0.006309
opt-gd,hot,3,0,0.0000,0.010282
opt-gd,hot,3,12,0.4168,0.010282
opt-gd,hot,3,14,0.4811,0.010282
opt-gd,hot,3,22,0.7476,0.010282
opt-gd,hot,3,40,1.3347,0.010282
opt-gd,hot,3,47,1.5589,0.010282
opt-gd,hot,3,63,2.0784,0.010282
opt-gd,hot,3,102,3.3224,0.010234
opt-gd,hot,3,113,3.6668,0.010234
opt-gd,hot,3,129,4.1821,0.010234
opt-gd,hot,3,137,4.4378,0.010234
opt-gd,hot,3,141,4.5766,0.010234
opt-gd,hot,3,148,4.8097,0.010234
opt-gd,hot,3,164,5.3145,0.010234
opt-gd,hot,3,304,9.7860,0.001205
opt-gd,hot,3,307,9.8819,0.001205
opt-gd,hot,3,308,9.9135,0.001205
opt-gd,hot,3,316,10.1673,0.001205
opt-gd,hot,3,332,10.6743,0.001205
opt-gd,hot,3,340,10.9258,0.001205
opt-gd,hot,3,341,10.9574,0.001205
opt-gd,hot,3,363,11.6427,0.001205
opt-gd,hot,3,364,11.6741,0.001205
opt-gd,hot,3,506,16.1406,0.000794
opt-gd,hot,3,515,16.4386,0.000794
opt-gd,hot,3,518,16.5367,0.000794
opt-gd,hot,3,534,17.0423,0.000794
opt-gd,hot,3,541,17.2734,0.000794
opt-gd,hot,3,607,19.4698,0.000764
opt-gd,hot,3,610,19.5633,0.000764
opt-gd,hot,3,611,19.5939,0.000764
opt-gd,hot,3,619,19.8398,0.000764
opt-gd,hot,3,635,20.3452,0.000764
opt-gd,hot,3,643,20.6062,0.000764
opt-gd,hot,3,644,20.6386,0.000764
opt-gd,hot,3,645,20.6734,0.000764
opt-gd,hot,3,666,21.3495,0.000764
opt-gd,hot,3,667,21.3814,0.000764
opt-gd,hot,3,691,22.1532,0.000764
opt-gd,hot,3,708,22.7017,0.000726
opt-gd,hot,3,711,22.7956,0.000726
opt-gd,hot,3,712,22.8267,0.000726
opt-gd,hot,3,720,23.0819,0.000726
opt-gd,hot,3,736,23.5817,0.000726
opt-gd,hot,3,744,23.8301,0.000726
opt-gd,hot,3,745,23.8606,0.000726
opt-gd,hot,3,767,24.5482,0.000726
opt-gd,hot,3,768,24.5790,0.000726
opt-gd,hot,3,809,25.8489,0.000679
opt-gd,hot,3,812,25.9407,0.000679
opt-gd,hot,3,813,25.9715,0.000679
opt-gd,hot,3,845,26.9853,0.000679
opt-gd,hot,3,846,27.0170,0.000679
opt-gd,hot,3,868,27.7107,0.000679
opt-gd,hot,3,869,27.7414,0.000679
opt-gd,hot,3,910,29.0170,0.000639
opt-gd,hot,3,913,29.1126,0.000639
opt-gd,hot,3,914,29.1425,0.000639
opt-gd,hot,3,946,30.1364,0.000639
opt-gd,hot,3,947,30.1667,0.000639
opt-gd,hot,3,969,30.8384,0.000639
opt-gd,hot,3,1011,32.1304,0.000614
opt-gd,hot,3,1014,32.2216,0.000614
opt-gd,hot,3,1015,32.2518,0.000614
opt-gd,hot,3,1048,33.2730,0.000614
opt-gd,hot,3,1070,33.9694,0.000614
opt-gd,hot,3,1112,35.2436,0.000607
opt-gd,hot,3,1115,35.3397,0.000607
opt-gd,hot,3,1116,35.3698,0.000607
opt-gd,hot,3,1149,36.3817,0.000607
opt-gd,hot,3,1171,37.0486,0.000607
opt-gd,hot,3,1213,38.3408,0.000605
opt-gd,hot,3,1216,38.4328,0.000605
opt-gd,hot,3,1217,38.4631,0.000605
opt-gd,hot,3,1272,40.1691,0.000605
opt-gd,hot,3,1314,41.4614,0.000604
opt-gd,hot,3,1317,41.5557,0.000604
opt-gd,hot,3,1318,41.5866,0.000604
opt-gd,hot,3,1373,43.2881,0.000604
opt-gd,hot,3,1415,44.5771,0.000604
opt-gd,hot,3,1418,44.6733,0.000604
opt-gd,hot,3,1419,44.7042,0.000604
opt-gd,hot,3,1474,46.4158,0.000604
opt-gd,hot,3,1516,47.6923,0.000604
opt-gd,hot,3,1521,47.8471,0.000604
opt-gd,hot,3,1547,48.6554,0.000604
opt-gd,hot,3,1555,48.9000,0.000604
opt-gd,hot,3,1575,49.5176,0.000604
opt-gd,hot,3,1577,49.5797,0.000604
opt-gd,hot,3,1617,50.8137,0.000603
opt-gd,hot,3,1628,51.1490,0.000603
opt-gd,hot,3,1630,51.2097,0.000603
opt-gd,hot,3,1638,51.4486,0.000603
opt-gd,hot,3,1718,53.8888,0.000603
opt-gd,hot,3,1721,53.9824,0.000603
opt-gd,hot,3,1722,54.0142,0.000603
opt-gd,hot,3,1731,54.3031,0.000603
opt-gd,hot,3,1739,54.5572,0.000603
opt-gd,hot,3,1801,56.4985,0.000603
opt-gd,hot,3,1819,57.0548,0.000602
opt-gd,hot,3,1822,57.1461,0.000602
opt-gd,hot,3,1823,57.1767,0.000602
opt-gd,hot,3,1832,57.4487,0.000602
opt-gd,hot,3,1840,57.6854,0.000602
none,hot,4,0,0.0000,0.015801
scipy-lbfgsb,hot,4,0,0.0000,0.015801
scipy-lbfgsb,hot,4,12,0.3911,0.015801
scipy-lbfgsb,hot,4,14,0.4513,0.015801
scipy-lbfgsb,hot,4,22,0.6924,0.015801
scipy-lbfgsb,hot,4,58,1.8013,0.015801
scipy-lbfgsb,hot,4,86,2.6737,0.015764
scipy-lbfgsb,hot,4,87,2.7061,0.015655
scipy-lbfgsb,hot,4,100,3.1116,0.006511
scipy-lbfgsb,hot,4,111,3.4494,0.006511
scipy-lbfgsb,hot,4,127,3.9473,0.006511
scipy-lbfgsb,hot,4,135,4.2037,0.006511
scipy-lbfgsb,hot,4,185,5.7753,0.006511
scipy-lbfgsb,hot,4,186,5.8064,0.006511
scipy-lbfgsb,hot,4,188,5.8690,0.006511
scipy-lbfgsb,hot,4,194,6.0549,0.006457
scipy-lbfgsb,hot,4,397,12.4652,0.005826
scipy-lbfgsb,hot,4,408,12.8055,0.005826
scipy-lbfgsb,hot,4,424,13.3035,0.005826
scipy-lbfgsb,hot,4,432,13.5622,0.005826
scipy-lbfgsb,hot,4,482,15.1344,0.005826
scipy-lbfgsb,hot,4,483,15.1655,0.005826
scipy-lbfgsb,hot,4,485,15.2273,0.005826
scipy-lbfgsb,hot,4,490,15.3831,0.005818
scipy-lbfgsb,hot,4,496,15.5699,0.005499
scipy-lbfgsb,hot,4,507,15.9164,0.005499
scipy-lbfgsb,hot,4,523,16.4190,0.005499
scipy-lbfgsb,hot,4,531,16.6692,0.005499
scipy-lbfgsb,hot,4,589,18.4919,0.005494
scipy-lbfgsb,hot,4,595,18.6796,0.005356
scipy-lbfgsb,hot,4,606,19.0262,0.005356
scipy-lbfgsb,hot,4,622,19.5391,0.005356
scipy-lbfgsb,hot,4,630,19.7975,0.005356
scipy-lbfgsb,hot,4,688,21.6136,0.005354
scipy-lbfgsb,hot,4,689,21.6454,0.005353
scipy-lbfgsb,hot,4,694,21.8001,0.005324
scipy-lbfgsb,hot,4,705,22.1445,0.005324
scipy-lbfgsb,hot,4,721,22.6325,0.005324
scipy-lbfgsb,hot,4,729,22.8797,0.005324
scipy-lbfgsb,hot,4,787,24.6979,0.005323
scipy-lbfgsb,hot,4,788,24.7287,0.005322
scipy-lbfgsb,hot,4,793,24.9054,0.005225
scipy-lbfgsb,hot,4,804,25.2501,0.005225
scipy-lbfgsb,hot,4,820,25.7463,0.005225
scipy-lbfgsb,hot,4,828,25.9906,0.005225
scipy-lbfgsb,hot,4,886,27.7888,0.005222
scipy-lbfgsb,hot,4,892,27.9755,0.004533
scipy-lbfgsb,hot,4,903,28.3278,0.004533
scipy-lbfgsb,hot,4,919,28.8316,0.004533
scipy-lbfgsb,hot,4,927,29.0851,0.004533
scipy-lbfgsb,hot,4,985,30.9117,0.004528
scipy-lbfgsb,hot,4,991,31.0982,0.002463
scipy-lbfgsb,hot,4,995,31.2175,0.002463
scipy-lbfgsb,hot,4,996,31.2475,0.002463
scipy-lbfgsb,hot,4,997,31.2772,0.002463
scipy-lbfgsb,hot,4,1000,31.3685,0.002463
scipy-lbfgsb,hot,4,1008,31.6106,0.002463
scipy-lbfgsb,hot,4,1019,31.9497,0.002463
scipy-lbfgsb,hot,4,1027,32.2005,0.002463
scipy-lbfgsb,hot,4,1048,32.8642,0.002463
scipy-lbfgsb,hot,4,1080,33.8838,0.002463
scipy-lbfgsb,hot,4,1085,34.0405,0.002463
scipy-lbfgsb,hot,4,1090,34.1972,0.001989
scipy-lbfgsb,hot,4,1093,34.2889,0.001989
scipy-lbfgsb,hot,4,1094,34.3196,0.001989
scipy-lbfgsb,hot,4,1095,34.3508,0.001989
scipy-lbfgsb,hot,4,1096,34.3828,0.001989
scipy-lbfgsb,hot,4,1127,35.3710,0.001989
scipy-lbfgsb,hot,4,1128,35.4026,0.001989
scipy-lbfgsb,hot,4,1147,36.0034,0.001987
scipy-lbfgsb,hot,4,1148,36.0350,0.001985
scipy-lbfgsb,hot,4,1288,40.5475,0.001713
scipy-lbfgsb,hot,4,1291,40.6431,0.001713
scipy-lbfgsb,hot,4,1292,40.6748,0.001713
scipy-lbfgsb,hot,4,1293,40.7062,0.001713
scipy-lbfgsb,hot,4,1294,40.7373,0.001713
scipy-lbfgsb,hot,4,1325,41.7482,0.001713
scipy-lbfgsb,hot,4,1326,41.7808,0.001713
scipy-lbfgsb,hot,4,1345,42.3798,0.001712
scipy-lbfgsb,hot,4,1346,42.4107,0.001712
scipy-lbfgsb,hot,4,1386,43.6923,0.001711
scipy-lbfgsb,hot,4,1585,50.1679,0.001646
scipy-lbfgsb,hot,4,1588,50.2599,0.001646
scipy-lbfgsb,hot,4,1589,50.2904,0.001646
scipy-lbfgsb,hot,4,1590,50.3204,0.001646
scipy-lbfgsb,hot,4,1591,50.3505,0.001646
scipy-lbfgsb,hot,4,1622,51.3137,0.001646
scipy-lbfgsb,hot,4,1623,51.3451,0.001646
scipy-lbfgsb,hot,4,1642,51.9362,0.001645
scipy-lbfgsb,hot,4,1643,51.9670,0.001645
scipy-lbfgsb,hot,4,1669,52.7909,0.001645
scipy-lbfgsb,hot,4,1683,53.2342,0.001645
scipy-lbfgsb,hot,4,1783,56.3356,0.001578
scipy-lbfgsb,hot,4,1786,56.4273,0.001578
scipy-lbfgsb,hot,4,1787,56.4578,0.001578
scipy-lbfgsb,hot,4,1788,56.4880,0.001578
scipy-lbfgsb,hot,4,1789,56.5185,0.001578
scipy-lbfgsb,hot,4,1820,57.4919,0.001578
scipy-lbfgsb,hot,4,1840,58.1233,0.001577
scipy-lbfgsb,hot,4,1879,59.3355,0.001577
scipy-lbfgsb,hot,4,1882,59.4283,0.001496
scipy-lbfgsb,hot,4,1885,59.5250,0.001496
scipy-lbfgsb,hot,4,1886,59.5572,0.001496
scipy-lbfgsb,hot,4,1887,59.5887,0.001496
scipy-lbfgsb,hot,4,1888,59.6205,0.001496
scipy-lbfgsb,hot,4,1907,60.2131,0.001496
scipy-lbfgsb,hot,4,1919,60.5822,0.001496
scipy-lbfgsb,hot,4,1920,60.6127,0.001496
scipy-lbfgsb,hot,4,1939,61.1944,0.001496
scipy-lbfgsb,hot,4,1940,61.2247,0.001496
scipy-lbfgsb,hot,4,1979,62.4143,0.001495
scipy-lbfgsb,hot,4,1980,62.4448,0.001495
scipy-powell,hot,4,0,0.0000,0.015801
scipy-powell,hot,4,108,3.3123,0.015801
scipy-powell,hot,4,109,3.3422,0.015801
scipy-powell,hot,4,110,3.3724,0.015801
scipy-powell,hot,4,112,3.4336,0.015801
scipy-powell,hot,4,113,3.4634,0.015801
scipy-powell,hot,4,114,3.4935,0.015801
scipy-powell,hot,4,144,4.4078,0.015801
scipy-powell,hot,4,145,4.4386,0.015801
scipy-powell,hot,4,146,4.4689,0.015801
scipy-powell,hot,4,147,4.4989,0.015801
scipy-powell,hot,4,148,4.5290,0.015801
scipy-powell,hot,4,149,4.5594,0.015801
scipy-powell,hot,4,150,4.5898,0.015801
scipy-powell,hot,4,163,4.9875,0.015801
scipy-powell,hot,4,166,5.0780,0.003402
scipy-powell,hot,4,170,5.1993,0.003024
scipy-powell,hot,4,172,5.2600,0.003024
scipy-powell,hot,4,174,5.3204,0.003024
scipy-powell,hot,4,175,5.3502,0.003024
scipy-powell,hot,4,176,5.3800,0.003024
scipy-powell,hot,4,177,5.4106,0.003024
scipy-powell,hot,4,178,5.4409,0.003024
scipy-powell,hot,4,194,5.9234,0.003023
scipy-powell,hot,4,195,5.9538,0.003023
scipy-powell,hot,4,196,5.9843,0.003023
scipy-powell,hot,4,197,6.0142,0.003023
scipy-powell,hot,4,198,6.0441,0.003023
scipy-powell,hot,4,209,6.3786,0.003023
scipy-powell,hot,4,210,6.4120,0.003023
scipy-powell,hot,4,290,8.8162,0.002811
scipy-powell,hot,4,294,8.9370,0.002789
scipy-powell,hot,4,295,8.9672,0.002695
scipy-powell,hot,4,297,9.0292,0.002690
scipy-powell,hot,4,298,9.0589,0.002688
scipy-powell,hot,4,300,9.1185,0.002688
scipy-powell,hot,4,301,9.1483,0.002688
scipy-powell,hot,4,302,9.1780,0.002688
scipy-powell,hot,4,432,13.1436,0.002304
scipy-powell,hot,4,435,13.2332,0.002287
scipy-powell,hot,4,436,13.2629,0.002280
scipy-powell,hot,4,439,13.3523,0.002280
scipy-powell,hot,4,440,13.3826,0.002280
scipy-powell,hot,4,442,13.4432,0.002280
scipy-powell,hot,4,444,13.5026,0.002280
scipy-powell,hot,4,445,13.5336,0.002280
scipy-powell,hot,4,446,13.5636,0.002280
scipy-powell,hot,4,447,13.5942,0.002280
scipy-powell,hot,4,453,13.7723,0.002280
scipy-powell,hot,4,568,17.2786,0.002032
scipy-powell,hot,4,569,17.3083,0.001987
scipy-powell,hot,4,571,17.3688,0.001986
scipy-powell,hot,4,572,17.4000,0.001986
scipy-powell,hot,4,573,17.4303,0.001986
scipy-powell,hot,4,574,17.4607,0.001986
scipy-powell,hot,4,575,17.4904,0.001986
scipy-powell,hot,4,576,17.5204,0.001986
scipy-powell,hot,4,704,21.4092,0.001512
scipy-powell,hot,4,710,21.5862,0.001512
scipy-powell,hot,4,711,21.6156,0.001512
scipy-powell,hot,4,713,21.6746,0.001512
scipy-powell,hot,4,714,21.7040,0.001512
scipy-powell,hot,4,715,21.7342,0.001512
scipy-powell,hot,4,717,21.7932,0.001512
scipy-powell,hot,4,718,21.8229,0.001512
scipy-powell,hot,4,719,21.8523,0.001512
scipy-powell,hot,4,721,21.9138,0.001512
scipy-powell,hot,4,839,25.4245,0.001414
scipy-powell,hot,4,842,25.5137,0.001413
scipy-powell,hot,4,843,25.5432,0.001413
scipy-powell,hot,4,844,25.5726,0.001413
scipy-powell,hot,4,845,25.6027,0.001413
scipy-powell,hot,4,846,25.6327,0.001413
scipy-powell,hot,4,966,29.2555,0.001254
scipy-powell,hot,4,968,29.3173,0.001252
scipy-powell,hot,4,971,29.4123,0.001252
scipy-powell,hot,4,972,29.4443,0.001252
scipy-powell,hot,4,973,29.4766,0.001252
scipy-powell,hot,4,974,29.5086,0.001252
scipy-powell,hot,4,975,29.5398,0.001252
scipy-powell,hot,4,976,29.5696,0.001252
scipy-powell,hot,4,1100,33.2950,0.001245
scipy-powell,hot,4,1103,33.3858,0.001231
scipy-powell,hot,4,1104,33.4162,0.001228
scipy-powell,hot,4,1107,33.5058,0.001228
scipy-powell,hot,4,1108,33.5363,0.001228
scipy-powell,hot,4,1109,33.5663,0.001228
scipy-powell,hot,4,1110,33.5966,0.001228
scipy-powell,hot,4,1228,37.1616,0.001228
scipy-powell,hot,4,1229,37.1924,0.001211
scipy-powell,hot,4,1230,37.2232,0.001200
scipy-powell,hot,4,1232,37.2850,0.001200
scipy-powell,hot,4,1234,37.3457,0.001200
scipy-powell,hot,4,1236,37.4068,0.001200
scipy-powell,hot,4,1237,37.4375,0.001200
scipy-powell,hot,4,1288,39.0029,0.001164
scipy-powell,hot,4,1290,39.0646,0.001163
scipy-powell,hot,4,1292,39.1258,0.001163
scipy-powell,hot,4,1293,39.1562,0.001163
scipy-powell,hot,4,1294,39.1865,0.001163
scipy-powell,hot,4,1295,39.2169,0.001163
scipy-powell,hot,4,1296,39.2484,0.001163
scipy-powell,hot,4,1362,41.2932,0.001163
scipy-powell,hot,4,1363,41.3232,0.001163
scipy-powell,hot,4,1364,41.3531,0.001163
scipy-powell,hot,4,1365,41.3831,0.001163
scipy-powell,hot,4,1366,41.4130,0.001163
scipy-powell,hot,4,1386,42.0172,0.001162
scipy-powell,hot,4,1387,42.0474,0.001162
scipy-powell,hot,4,1388,42.0776,0.001162
scipy-powell,hot,4,1389,42.1075,0.001162
scipy-powell,hot,4,1391,42.1678,0.001162
scipy-powell,hot,4,1392,42.1984,0.001162
scipy-powell,hot,4,1393,42.2290,0.001162
scipy-powell,hot,4,1404,42.5600,0.001162
scipy-powell,hot,4,1406,42.6194,0.001161
scipy-powell,hot,4,1407,42.6489,0.001161
scipy-powell,hot,4,1408,42.6785,0.001161
scipy-powell,hot,4,1409,42.7080,0.001161
scipy-powell,hot,4,1410,42.7377,0.001161
scipy-powell,hot,4,1417,42.9442,0.001161
scipy-powell,hot,4,1418,42.9739,0.001161
scipy-powell,hot,4,1419,43.0030,0.001161
scipy-powell,hot,4,1420,43.0322,0.001161
scipy-powell,hot,4,1421,43.0610,0.001161
scipy-powell,hot,4,1422,43.0902,0.001161
scipy-powell,hot,4,1423,43.1194,0.001161
scipy-powell,hot,4,1435,43.4749,0.001161
scipy-powell,hot,4,1436,43.5043,0.001161
scipy-powell,hot,4,1437,43.5344,0.001161
scipy-powell,hot,4,1438,43.5627,0.001161
scipy-powell,hot,4,1443,43.7047,0.001161
scipy-powell,hot,4,1460,44.1946,0.001161
scipy-powell,hot,4,1461,44.2233,0.001161
scipy-powell,hot,4,1462,44.2522,0.001161
scipy-powell,hot,4,1463,44.2809,0.001161
scipy-powell,hot,4,1497,45.2640,0.001161
scipy-powell,hot,4,1499,45.3225,0.001161
scipy-powell,hot,4,1500,45.3512,0.001161
scipy-powell,hot,4,1501,45.3798,0.001161
scipy-powell,hot,4,1502,45.4081,0.001161
scipy-powell,hot,4,1505,45.4953,0.001161
scipy-powell,hot,4,1518,45.8742,0.001161
scipy-powell,hot,4,1520,45.9317,0.001161
scipy-powell,hot,4,1521,45.9608,0.001161
scipy-powell,hot,4,1538,46.4568,0.001149
scipy-powell,hot,4,1541,46.5434,0.001149
scipy-powell,hot,4,1542,46.5722,0.001149
scipy-powell,hot,4,1544,46.6297,0.001149
scipy-powell,hot,4,1545,46.6588,0.001149
scipy-powell,hot,4,1546,46.6882,0.001149
scipy-powell,hot,4,1547,46.7166,0.001149
scipy-powell,hot,4,1548,46.7465,0.001149
scipy-powell,hot,4,1606,48.4073,0.001149
scipy-powell,hot,4,1607,48.4356,0.001149
scipy-powell,hot,4,1628,49.0336,0.001149
scipy-powell,hot,4,1629,49.0618,0.001149
scipy-powell,hot,4,1630,49.0904,0.001149
scipy-powell,hot,4,1631,49.1187,0.001149
scipy-powell,hot,4,1636,49.2619,0.001149
scipy-powell,hot,4,1648,49.6078,0.001148
scipy-powell,hot,4,1649,49.6367,0.001148
scipy-powell,hot,4,1650,49.6685,0.001147
scipy-powell,hot,4,1651,49.6977,0.001147
scipy-powell,hot,4,1652,49.7262,0.001147
scipy-powell,hot,4,1653,49.7546,0.001147
scipy-powell,hot,4,1655,49.8126,0.001147
scipy-powell,hot,4,1656,49.8414,0.001147
scipy-powell,hot,4,1669,50.2137,0.001147
scipy-powell,hot,4,1670,50.2422,0.001146
scipy-powell,hot,4,1671,50.2706,0.001145
scipy-powell,hot,4,1672,50.2991,0.001145
scipy-powell,hot,4,1673,50.3275,0.001145
scipy-powell,hot,4,1674,50.3567,0.001145
scipy-powell,hot,4,1675,50.3878,0.001145
scipy-powell,hot,4,1676,50.4170,0.001144
scipy-powell,hot,4,1677,50.4463,0.001144
scipy-powell,hot,4,1678,50.4754,0.001144
scipy-powell,hot,4,1679,50.5046,0.001144
scipy-powell,hot,4,1680,50.5339,0.001144
scipy-powell,hot,4,1681,50.5632,0.001144
scipy-powell,hot,4,1682,50.5924,0.001144
scipy-powell,hot,4,1683,50.6217,0.001144
scipy-powell,hot,4,1684,50.6519,0.001144
scipy-powell,hot,4,1685,50.6815,0.001144
scipy-powell,hot,4,1686,50.7107,0.001144
scipy-powell,hot,4,1687,50.7420,0.001144
scipy-powell,hot,4,1688,50.7711,0.001144
scipy-powell,hot,4,1689,50.8003,0.001144
scipy-powell,hot,4,1690,50.8294,0.001144
scipy-powell,hot,4,1691,50.8585,0.001144
scipy-powell,hot,4,1692,50.8875,0.001144
scipy-powell,hot,4,1693,50.9167,0.001144
scipy-powell,hot,4,1694,50.9461,0.001144
scipy-powell,hot,4,1695,50.9752,0.001144
scipy-powell,hot,4,1696,51.0055,0.001144
scipy-powell,hot,4,1697,51.0348,0.001144
scipy-powell,hot,4,1698,51.0643,0.001144
scipy-powell,hot,4,1699,51.0935,0.001144
scipy-powell,hot,4,1700,51.1226,0.001144
scipy-powell,hot,4,1701,51.1518,0.001144
scipy-powell,hot,4,1702,51.1811,0.001144
scipy-powell,hot,4,1703,51.2105,0.001144
scipy-powell,hot,4,1704,51.2400,0.001144
scipy-powell,hot,4,1705,51.2695,0.001144
scipy-de,hot,4,0,0.0000,0.015801
opt-ga,hot,4,0,0.0000,0.015801
opt-ga,hot,4,907,16.9063,0.015773
opt-ga,hot,4,1070,20.0790,0.015680
opt-ga,hot,4,1118,20.9852,0.015536
opt-ga,hot,4,1147,21.5849,0.015492
opt-ga,hot,4,1213,22.8761,0.015132
opt-ga,hot,4,1249,23.5757,0.014924
opt-ga,hot,4,1283,24.2282,0.014596
opt-ga,hot,4,1360,25.7953,0.014492
opt-ga,hot,4,1475,28.1419,0.014492
opt-ga,hot,4,1476,28.1635,0.014446
opt-ga,hot,4,1508,28.8065,0.014267
opt-ga,hot,4,1517,28.9871,0.014140
opt-ga,hot,4,1526,29.1655,0.014000
opt-ga,hot,4,1542,29.4882,0.013707
opt-ga,hot,4,1568,30.0144,0.013487
opt-ga,hot,4,1741,33.5066,0.013431
opt-ga,hot,4,1781,34.3017,0.013224
opt-ga,hot,4,1796,34.5944,0.012896
opt-ga,hot,4,1887,36.3764,0.012728
opt-pso,hot,4,0,0.0000,0.015801
opt-aco,hot,4,0,0.0000,0.015801
opt-gd,hot,4,0,0.0000,0.015801
opt-gd,hot,4,12,0.4273,0.015801
opt-gd,hot,4,14,0.4933,0.015801
opt-gd,hot,4,22,0.7444,0.015801
opt-gd,hot,4,42,1.3856,0.015801
opt-gd,hot,4,45,1.4797,0.015801
opt-gd,hot,4,48,1.5727,0.015801
opt-gd,hot,4,70,2.2619,0.015801
opt-gd,hot,4,86,2.7613,0.015801
opt-gd,hot,4,87,2.7916,0.015801
opt-gd,hot,4,100,3.1925,0.006528
opt-gd,hot,4,111,3.5336,0.006528
opt-gd,hot,4,127,4.0250,0.006528
opt-gd,hot,4,135,4.2714,0.006528
opt-gd,hot,4,142,4.4863,0.006528
opt-gd,hot,4,144,4.5484,0.006528
opt-gd,hot,4,147,4.6409,0.006528
opt-gd,hot,4,169,5.3154,0.006528
opt-gd,hot,4,185,5.8183,0.006528
opt-gd,hot,4,186,5.8504,0.006528
opt-gd,hot,4,188,5.9134,0.006528
opt-gd,hot,4,194,6.1013,0.006527
opt-gd,hot,4,397,12.4571,0.005871
opt-gd,hot,4,408,12.7954,0.005871
opt-gd,hot,4,424,13.2805,0.005871
opt-gd,hot,4,432,13.5259,0.005871
opt-gd,hot,4,438,13.7081,0.005871
opt-gd,hot,4,439,13.7385,0.005871
opt-gd,hot,4,440,13.7688,0.005871
opt-gd,hot,4,441,13.8009,0.005871
opt-gd,hot,4,444,13.8923,0.005871
opt-gd,hot,4,466,14.5703,0.005871
opt-gd,hot,4,482,15.0755,0.005871
opt-gd,hot,4,483,15.1076,0.005871
opt-gd,hot,4,485,15.1697,0.005871
opt-gd,hot,4,490,15.3230,0.005871
opt-gd,hot,4,496,15.5088,0.005538
opt-gd,hot,4,507,15.8521,0.005538
opt-gd,hot,4,523,16.3469,0.005538
opt-gd,hot,4,531,16.5906,0.005538
opt-gd,hot,4,537,16.7715,0.005538
opt-gd,hot,4,538,16.8020,0.005538
opt-gd,hot,4,539,16.8322,0.005538
opt-gd,hot,4,540,16.8630,0.005538
opt-gd,hot,4,543,16.9571,0.005538
opt-gd,hot,4,565,17.6195,0.005538
opt-gd,hot,4,585,18.2235,0.005538
opt-gd,hot,4,589,18.3471,0.005538
opt-gd,hot,4,595,18.5303,0.005391
opt-gd,hot,4,606,18.8665,0.005391
opt-gd,hot,4,622,19.3635,0.005391
opt-gd,hot,4,630,19.6126,0.005391
opt-gd,hot,4,637,19.8432,0.005391
opt-gd,hot,4,638,19.8752,0.005391
opt-gd,hot,4,639,19.9063,0.005391
opt-gd,hot,4,642,20.0001,0.005391
opt-gd,hot,4,664,20.6835,0.005391
opt-gd,hot,4,684,21.2860,0.005391
opt-gd,hot,4,688,21.4058,0.005391
opt-gd,hot,4,689,21.4367,0.005391
opt-gd,hot,4,694,21.5891,0.005364
opt-gd,hot,4,705,21.9252,0.005364
opt-gd,hot,4,721,22.4032,0.005364
opt-gd,hot,4,729,22.6504,0.005364
opt-gd,hot,4,736,22.8672,0.005364
opt-gd,hot,4,737,22.8994,0.005364
opt-gd,hot,4,738,22.9323,0.005364
opt-gd,hot,4,741,23.0331,0.005364
opt-gd,hot,4,763,23.7231,0.005364
opt-gd,hot,4,783,24.3309,0.005364
opt-gd,hot,4,787,24.4513,0.005364
opt-gd,hot,4,793,24.6451,0.005023
opt-gd,hot,4,804,24.9978,0.005023
opt-gd,hot,4,820,25.4943,0.005023
opt-gd,hot,4,828,25.7511,0.005023
opt-gd,hot,4,834,25.9612,0.005023
opt-gd,hot,4,835,25.9937,0.005023
opt-gd,hot,4,836,26.0267,0.005023
opt-gd,hot,4,837,26.0593,0.005023
opt-gd,hot,4,840,26.1587,0.005023
opt-gd,hot,4,862,26.8569,0.005023
opt-gd,hot,4,882,27.4760,0.005023
opt-gd,hot,4,886,27.6065,0.005023
opt-gd,hot,4,892,27.7959,0.003707
opt-gd,hot,4,903,28.1573,0.003707
opt-gd,hot,4,919,28.6557,0.003707
opt-gd,hot,4,927,28.9006,0.003707
opt-gd,hot,4,933,29.0944,0.003707
opt-gd,hot,4,934,29.1252,0.003707
opt-gd,hot,4,935,29.1597,0.003707
opt-gd,hot,4,936,29.1904,0.003707
opt-gd,hot,4,939,29.2866,0.003707
opt-gd,hot,4,961,29.9783,0.003707
opt-gd,hot,4,981,30.6094,0.003707
opt-gd,hot,4,985,30.7362,0.003707
opt-gd,hot,4,991,30.9280,0.003215
opt-gd,hot,4,1002,31.2707,0.003215
opt-gd,hot,4,1018,31.7641,0.003215
opt-gd,hot,4,1026,32.0117,0.003215
opt-gd,hot,4,1032,32.1992,0.003215
opt-gd,hot,4,1033,32.2297,0.003215
opt-gd,hot,4,1034,32.2605,0.003215
opt-gd,hot,4,1035,32.2919,0.003215
opt-gd,hot,4,1038,32.3841,0.003215
opt-gd,hot,4,1060,33.0702,0.003215
opt-gd,hot,4,1080,33.6913,0.003215
opt-gd,hot,4,1084,33.8134,0.003215
opt-gd,hot,4,1189,36.9776,0.003128
opt-gd,hot,4,1200,37.3153,0.003128
opt-gd,hot,4,1216,37.8094,0.003128
opt-gd,hot,4,1224,38.0561,0.003128
opt-gd,hot,4,1230,38.2426,0.003128
opt-gd,hot,4,1232,38.3080,0.003128
opt-gd,hot,4,1233,38.3395,0.003128
opt-gd,hot,4,1236,38.4306,0.003128
opt-gd,hot,4,1258,39.1081,0.003128
opt-gd,hot,4,1278,39.7261,0.003128
opt-gd,hot,4,1282,39.8527,0.003128
opt-gd,hot,4,1288,40.0351,0.002987
opt-gd,hot,4,1299,40.3703,0.002987
opt-gd,hot,4,1315,40.8548,0.002987
opt-gd,hot,4,1323,41.1003,0.002987
opt-gd,hot,4,1329,41.2870,0.002987
opt-gd,hot,4,1330,41.3176,0.002987
opt-gd,hot,4,1331,41.3483,0.002987
opt-gd,hot,4,1332,41.3788,0.002987
opt-gd,hot,4,1335,41.4695,0.002987
opt-gd,hot,4,1357,42.1482,0.002987
opt-gd,hot,4,1377,42.7505,0.002987
opt-gd,hot,4,1381,42.8711,0.002987
opt-gd,hot,4,1387,43.0574,0.002641
opt-gd,hot,4,1396,43.3295,0.002641
opt-gd,hot,4,1404,43.5717,0.002641
opt-gd,hot,4,1422,44.1229,0.002641
opt-gd,hot,4,1428,44.3028,0.002641
opt-gd,hot,4,1429,44.3326,0.002641
opt-gd,hot,4,1430,44.3627,0.002641
opt-gd,hot,4,1431,44.3932,0.002641
opt-gd,hot,4,1434,44.4840,0.002641
opt-gd,hot,4,1456,45.1615,0.002641
opt-gd,hot,4,1476,45.7659,0.002641
opt-gd,hot,4,1478,45.8265,0.002641
opt-gd,hot,4,1480,45.8901,0.002641
opt-gd,hot,4,1486,46.0741,0.002516
opt-gd,hot,4,1495,46.3527,0.002516
opt-gd,hot,4,1503,46.5944,0.002516
opt-gd,hot,4,1521,47.1557,0.002516
opt-gd,hot,4,1527,47.3480,0.002516
opt-gd,hot,4,1528,47.3792,0.002516
opt-gd,hot,4,1529,47.4107,0.002516
opt-gd,hot,4,1530,47.4430,0.002516
opt-gd,hot,4,1533,47.5360,0.002516
opt-gd,hot,4,1555,48.2148,0.002516
opt-gd,hot,4,1575,48.8228,0.002516
opt-gd,hot,4,1577,48.8831,0.002516
opt-gd,hot,4,1579,48.9435,0.002516
opt-gd,hot,4,1585,49.1265,0.002470
opt-gd,hot,4,1594,49.4016,0.002470
opt-gd,hot,4,1602,49.6436,0.002470
opt-gd,hot,4,1626,50.3807,0.002470
opt-gd,hot,4,1627,50.4121,0.002470
opt-gd,hot,4,1628,50.4430,0.002470
opt-gd,hot,4,1629,50.4743,0.002470
opt-gd,hot,4,1654,51.2321,0.002470
opt-gd,hot,4,1670,51.7283,0.002470
opt-gd,hot,4,1676,51.9093,0.002470
opt-gd,hot,4,1678,51.9705,0.002470
opt-gd,hot,4,1684,52.1535,0.002413
opt-gd,hot,4,1693,52.4221,0.002413
opt-gd,hot,4,1701,52.6706,0.002413
opt-gd,hot,4,1725,53.4060,0.002413
opt-gd,hot,4,1726,53.4356,0.002413
opt-gd,hot,4,1727,53.4657,0.002413
opt-gd,hot,4,1728,53.4960,0.002413
opt-gd,hot,4,1769,54.7401,0.002413
opt-gd,hot,4,1781,55.1034,0.002413
opt-gd,hot,4,1882,58.1761,0.002388
opt-gd,hot,4,1885,58.2653,0.002388
opt-gd,hot,4,1886,58.2963,0.002388
opt-gd,hot,4,1887,58.3295,0.002388
opt-gd,hot,4,1888,58.3612,0.002388
opt-gd,hot,4,1939,59.8927,0.002388
opt-gd,hot,4,1976,60.9953,0.002388
opt-gd,hot,4,1981,61.1487,0.002327
opt-gd,hot,4,1984,61.2384,0.002327
opt-gd,hot,4,1985,61.2686,0.002327
opt-gd,hot,4,1986,61.2983,0.002327
opt-gd,hot,4,1987,61.3275,0.002327
none,hot,5,0,0.0000,0.011508
scipy-lbfgsb,hot,5,0,0.0000,0.011508
scipy-lbfgsb,hot,5,12,0.4232,0.011508
scipy-lbfgsb,hot,5,14,0.4873,0.011508
scipy-lbfgsb,hot,5,22,0.7470,0.011508
scipy-lbfgsb,hot,5,60,1.9886,0.011508
scipy-lbfgsb,hot,5,100,3.2599,0.011393
scipy-lbfgsb,hot,5,111,3.6077,0.011393
scipy-lbfgsb,hot,5,127,4.1166,0.011393
scipy-lbfgsb,hot,5,135,4.3725,0.011393
scipy-lbfgsb,hot,5,199,6.4417,0.001940
scipy-lbfgsb,hot,5,210,6.8013,0.001939
scipy-lbfgsb,hot,5,226,7.3157,0.001939
scipy-lbfgsb,hot,5,234,7.5731,0.001939
scipy-lbfgsb,hot,5,397,12.9413,0.001441
scipy-lbfgsb,hot,5,400,13.0396,0.001441
scipy-lbfgsb,hot,5,401,13.0719,0.001441
scipy-lbfgsb,hot,5,409,13.3302,0.001441
scipy-lbfgsb,hot,5,425,13.8664,0.001441
scipy-lbfgsb,hot,5,433,14.1407,0.001441
scipy-lbfgsb,hot,5,456,14.8760,0.001439
scipy-lbfgsb,hot,5,457,14.9083,0.001434
scipy-lbfgsb,hot,5,496,16.1696,0.000618
scipy-lbfgsb,hot,5,499,16.2667,0.000618
scipy-lbfgsb,hot,5,500,16.2990,0.000618
scipy-lbfgsb,hot,5,508,16.5589,0.000618
scipy-lbfgsb,hot,5,524,17.0999,0.000618
scipy-lbfgsb,hot,5,532,17.3713,0.000618
scipy-lbfgsb,hot,5,555,18.1341,0.000618
scipy-lbfgsb,hot,5,556,18.1662,0.000618
scipy-lbfgsb,hot,5,595,19.4849,0.000575
scipy-lbfgsb,hot,5,598,19.5816,0.000575
scipy-lbfgsb,hot,5,599,19.6147,0.000575
scipy-lbfgsb,hot,5,607,19.8714,0.000575
scipy-lbfgsb,hot,5,616,20.1582,0.000574
scipy-lbfgsb,hot,5,617,20.1900,0.000571
scipy-lbfgsb,hot,5,694,22.7267,0.000518
scipy-lbfgsb,hot,5,697,22.8268,0.000518
scipy-lbfgsb,hot,5,698,22.8598,0.000518
scipy-lbfgsb,hot,5,706,23.1262,0.000518
scipy-lbfgsb,hot,5,715,23.4247,0.000518
scipy-lbfgsb,hot,5,716,23.4572,0.000517
scipy-lbfgsb,hot,5,793,25.9916,0.000490
scipy-lbfgsb,hot,5,796,26.0868,0.000490
scipy-lbfgsb,hot,5,797,26.1180,0.000490
scipy-lbfgsb,hot,5,805,26.3712,0.000490
scipy-lbfgsb,hot,5,814,26.6532,0.000490
scipy-lbfgsb,hot,5,815,26.6848,0.000489
scipy-lbfgsb,hot,5,892,29.1325,0.000464
scipy-lbfgsb,hot,5,895,29.2268,0.000464
scipy-lbfgsb,hot,5,896,29.2581,0.000464
scipy-lbfgsb,hot,5,904,29.5117,0.000464
scipy-lbfgsb,hot,5,913,29.8051,0.000464
scipy-lbfgsb,hot,5,914,29.8363,0.000464
scipy-lbfgsb,hot,5,951,31.0189,0.000464
scipy-lbfgsb,hot,5,952,31.0528,0.000464
scipy-lbfgsb,hot,5,991,32.2940,0.000434
scipy-lbfgsb,hot,5,994,32.3873,0.000434
scipy-lbfgsb,hot,5,995,32.4183,0.000434
scipy-lbfgsb,hot,5,1012,32.9568,0.000434
scipy-lbfgsb,hot,5,1050,34.1457,0.000434
scipy-lbfgsb,hot,5,1090,35.4320,0.000414
scipy-lbfgsb,hot,5,1093,35.5329,0.000414
scipy-lbfgsb,hot,5,1094,35.5665,0.000414
scipy-lbfgsb,hot,5,1099,35.7367,0.000414
scipy-lbfgsb,hot,5,1121,36.4798,0.000414
scipy-lbfgsb,hot,5,1149,37.4103,0.000414
scipy-lbfgsb,hot,5,1189,38.7478,0.000409
scipy-lbfgsb,hot,5,1192,38.8483,0.000409
scipy-lbfgsb,hot,5,1193,38.8817,0.000409
scipy-lbfgsb,hot,5,1198,39.0497,0.000409
scipy-lbfgsb,hot,5,1220,39.7896,0.000409
scipy-lbfgsb,hot,5,1248,40.7292,0.000409
scipy-lbfgsb,hot,5,1288,42.0835,0.000404
scipy-lbfgsb,hot,5,1291,42.1814,0.000404
scipy-lbfgsb,hot,5,1292,42.2133,0.000404
scipy-lbfgsb,hot,5,1297,42.3739,0.000404
scipy-lbfgsb,hot,5,1319,43.0990,0.000404
scipy-lbfgsb,hot,5,1347,43.9944,0.000404
scipy-lbfgsb,hot,5,1387,45.2807,0.000396
scipy-lbfgsb,hot,5,1390,45.3766,0.000396
scipy-lbfgsb,hot,5,1391,45.4082,0.000396
scipy-lbfgsb,hot,5,1396,45.5659,0.000396
scipy-lbfgsb,hot,5,1404,45.8452,0.000396
scipy-lbfgsb,hot,5,1418,46.3007,0.000396
scipy-lbfgsb,hot,5,1486,48.4560,0.000366
scipy-lbfgsb,hot,5,1489,48.5543,0.000366
scipy-lbfgsb,hot,5,1490,48.5863,0.000366
scipy-lbfgsb,hot,5,1495,48.7504,0.000366
scipy-lbfgsb,hot,5,1503,49.0137,0.000366
scipy-lbfgsb,hot,5,1684,54.9982,0.000353
scipy-lbfgsb,hot,5,1687,55.0974,0.000353
scipy-lbfgsb,hot,5,1688,55.1312,0.000353
scipy-lbfgsb,hot,5,1693,55.2951,0.000353
scipy-lbfgsb,hot,5,1701,55.5613,0.000353
scipy-lbfgsb,hot,5,1882,61.4129,0.000338
scipy-lbfgsb,hot,5,1887,61.5719,0.000338
scipy-lbfgsb,hot,5,1888,61.6034,0.000338
scipy-lbfgsb,hot,5,1892,61.7328,0.000338
scipy-lbfgsb,hot,5,1899,61.9631,0.000338
scipy-lbfgsb,hot,5,1914,62.4509,0.000338
scipy-lbfgsb,hot,5,1981,64.6247,0.000310
scipy-lbfgsb,hot,5,1991,64.9405,0.000310
scipy-lbfgsb,hot,5,1999,65.1968,0.000310
scipy-powell,hot,5,0,0.0000,0.011508
scipy-powell,hot,5,101,3.1540,0.001903
scipy-powell,hot,5,105,3.2784,0.001684
scipy-powell,hot,5,108,3.3725,0.001677
scipy-powell,hot,5,110,3.4361,0.001676
scipy-powell,hot,5,111,3.4668,0.001676
scipy-powell,hot,5,112,3.4971,0.001676
scipy-powell,hot,5,113,3.5270,0.001676
scipy-powell,hot,5,114,3.5569,0.001676
scipy-powell,hot,5,115,3.5875,0.001676
scipy-powell,hot,5,117,3.6491,0.001676
scipy-powell,hot,5,132,4.1128,0.001676
scipy-powell,hot,5,134,4.1731,0.001676
scipy-powell,hot,5,135,4.2035,0.001676
scipy-powell,hot,5,136,4.2354,0.001676
scipy-powell,hot,5,137,4.2664,0.001676
scipy-powell,hot,5,143,4.4497,0.001676
scipy-powell,hot,5,151,4.6928,0.001676
scipy-powell,hot,5,152,4.7232,0.001676
scipy-powell,hot,5,153,4.7531,0.001676
scipy-powell,hot,5,172,5.3259,0.001676
scipy-powell,hot,5,176,5.4476,0.001676
scipy-powell,hot,5,178,5.5092,0.001676
scipy-powell,hot,5,179,5.5395,0.001676
scipy-powell,hot,5,180,5.5700,0.001676
scipy-powell,hot,5,181,5.6005,0.001676
scipy-powell,hot,5,182,5.6307,0.001676
scipy-powell,hot,5,183,5.6619,0.001676
scipy-powell,hot,5,186,5.7534,0.001676
scipy-powell,hot,5,190,5.8751,0.001676
scipy-powell,hot,5,271,8.3886,0.001535
scipy-powell,hot,5,272,8.4199,0.001500
scipy-powell,hot,5,275,8.5133,0.001500
scipy-powell,hot,5,276,8.5444,0.001500
scipy-powell,hot,5,277,8.5752,0.001500
scipy-powell,hot,5,278,8.6064,0.001500
scipy-powell,hot,5,279,8.6374,0.001500
scipy-powell,hot,5,395,12.2614,0.000827
scipy-powell,hot,5,396,12.2930,0.000817
scipy-powell,hot,5,398,12.3539,0.000806
scipy-powell,hot,5,403,12.5066,0.000805
scipy-powell,hot,5,407,12.6302,0.000805
scipy-powell,hot,5,408,12.6609,0.000805
scipy-powell,hot,5,409,12.6921,0.000805
scipy-powell,hot,5,410,12.7235,0.000805
scipy-powell,hot,5,411,12.7545,0.000805
scipy-powell,hot,5,412,12.7852,0.000805
scipy-powell,hot,5,551,17.0912,0.000727
scipy-powell,hot,5,554,17.1863,0.000724
scipy-powell,hot,5,556,17.2545,0.000723
scipy-powell,hot,5,557,17.2858,0.000722
scipy-powell,hot,5,558,17.3165,0.000722
scipy-powell,hot,5,559,17.3470,0.000722
scipy-powell,hot,5,560,17.3777,0.000722
scipy-powell,hot,5,561,17.4084,0.000722
scipy-powell,hot,5,562,17.4395,0.000722
scipy-powell,hot,5,684,21.2363,0.000638
scipy-powell,hot,5,686,21.3011,0.000636
scipy-powell,hot,5,687,21.3356,0.000636
scipy-powell,hot,5,688,21.3691,0.000636
scipy-powell,hot,5,689,21.4004,0.000636
scipy-powell,hot,5,690,21.4326,0.000636
scipy-powell,hot,5,691,21.4641,0.000636
scipy-powell,hot,5,692,21.4940,0.000636
scipy-powell,hot,5,746,23.1766,0.000600
scipy-powell,hot,5,747,23.2069,0.000597
scipy-powell,hot,5,748,23.2369,0.000597
scipy-powell,hot,5,749,23.2669,0.000596
scipy-powell,hot,5,750,23.2968,0.000596
scipy-powell,hot,5,751,23.3268,0.000596
scipy-powell,hot,5,752,23.3565,0.000596
scipy-powell,hot,5,753,23.3868,0.000596
scipy-powell,hot,5,940,29.0639,0.000530
scipy-powell,hot,5,943,29.1548,0.000524
scipy-powell,hot,5,944,29.1859,0.000523
scipy-powell,hot,5,945,29.2175,0.000522
scipy-powell,hot,5,946,29.2496,0.000522
scipy-powell,hot,5,948,29.3125,0.000522
scipy-powell,hot,5,949,29.3438,0.000522
scipy-powell,hot,5,950,29.3737,0.000522
scipy-powell,hot,5,951,29.4034,0.000522
scipy-powell,hot,5,952,29.4340,0.000522
scipy-powell,hot,5,953,29.4647,0.000522
scipy-powell,hot,5,954,29.4953,0.000522
scipy-powell,hot,5,1007,31.1086,0.000501
scipy-powell,hot,5,1010,31.1992,0.000499
scipy-powell,hot,5,1011,31.2299,0.000493
scipy-powell,hot,5,1013,31.2912,0.000493
scipy-powell,hot,5,1015,31.3537,0.000493
scipy-powell,hot,5,1017,31.4154,0.000493
scipy-powell,hot,5,1018,31.4454,0.000493
scipy-powell,hot,5,1216,37.5781,0.000434
scipy-powell,hot,5,1220,37.7004,0.000429
scipy-powell,hot,5,1221,37.7309,0.000428
scipy-powell,hot,5,1223,37.7930,0.000428
scipy-powell,hot,5,1224,37.8238,0.000428
scipy-powell,hot,5,1225,37.8549,0.000428
scipy-powell,hot,5,1227,37.9165,0.000428
scipy-powell,hot,5,1228,37.9473,0.000428
scipy-powell,hot,5,1229,37.9789,0.000428
scipy-powell,hot,5,1230,38.0098,0.000428
scipy-powell,hot,5,1291,39.8635,0.000428
scipy-powell,hot,5,1292,39.8939,0.000428
scipy-powell,hot,5,1293,39.9237,0.000428
scipy-powell,hot,5,1298,40.0760,0.000428
scipy-powell,hot,5,1299,40.1060,0.000428
scipy-powell,hot,5,1314,40.5680,0.000428
scipy-powell,hot,5,1315,40.5987,0.000428
scipy-powell,hot,5,1316,40.6299,0.000428
scipy-powell,hot,5,1317,40.6607,0.000428
scipy-powell,hot,5,1318,40.6915,0.000428
scipy-powell,hot,5,1320,40.7545,0.000428
scipy-powell,hot,5,1323,40.8539,0.000428
scipy-powell,hot,5,1343,41.4737,0.000427
scipy-powell,hot,5,1344,41.5042,0.000427
scipy-powell,hot,5,1345,41.5354,0.000427
scipy-powell,hot,5,1348,41.6294,0.000427
scipy-powell,hot,5,1349,41.6601,0.000427
scipy-powell,hot,5,1350,41.6907,0.000427
scipy-powell,hot,5,1353,41.7825,0.000427
scipy-powell,hot,5,1410,43.5243,0.000427
scipy-powell,hot,5,1411,43.5549,0.000427
scipy-powell,hot,5,1412,43.5858,0.000427
scipy-powell,hot,5,1414,43.6473,0.000427
scipy-powell,hot,5,1422,43.9021,0.000427
scipy-powell,hot,5,1423,43.9329,0.000427
scipy-powell,hot,5,1424,43.9639,0.000427
scipy-powell,hot,5,1425,43.9948,0.000427
scipy-powell,hot,5,1426,44.0250,0.000427
scipy-powell,hot,5,1427,44.0561,0.000427
scipy-powell,hot,5,1437,44.3675,0.000427
scipy-powell,hot,5,1446,44.6486,0.000427
scipy-powell,hot,5,1447,44.6794,0.000427
scipy-powell,hot,5,1448,44.7109,0.000427
scipy-powell,hot,5,1449,44.7422,0.000427
scipy-powell,hot,5,1450,44.7734,0.000427
scipy-powell,hot,5,1451,44.8049,0.000427
scipy-powell,hot,5,1467,45.3045,0.000427
scipy-powell,hot,5,1478,45.6505,0.000427
scipy-powell,hot,5,1479,45.6816,0.000427
scipy-powell,hot,5,1480,45.7128,0.000427
scipy-powell,hot,5,1481,45.7440,0.000427
scipy-powell,hot,5,1482,45.7754,0.000427
scipy-powell,hot,5,1483,45.8072,0.000427
scipy-powell,hot,5,1484,45.8398,0.000427
scipy-powell,hot,5,1512,46.7197,0.000427
scipy-powell,hot,5,1513,46.7504,0.000427
scipy-powell,hot,5,1514,46.7822,0.000427
scipy-powell,hot,5,1515,46.8140,0.000427
scipy-powell,hot,5,1516,46.8449,0.000427
scipy-powell,hot,5,1525,47.1210,0.000427
scipy-powell,hot,5,1552,47.9717,0.000427
scipy-powell,hot,5,1559,48.1891,0.000427
scipy-powell,hot,5,1560,48.2194,0.000427
scipy-powell,hot,5,1578,48.7657,0.000426
scipy-powell,hot,5,1580,48.8291,0.000426
scipy-powell,hot,5,1582,48.8909,0.000426
scipy-powell,hot,5,1583,48.9216,0.000426
scipy-powell,hot,5,1584,48.9522,0.000426
scipy-powell,hot,5,1585,48.9830,0.000426
scipy-powell,hot,5,1586,49.0136,0.000426
scipy-powell,hot,5,1587,49.0448,0.000426
scipy-powell,hot,5,1588,49.0750,0.000426
scipy-powell,hot,5,1589,49.1051,0.000426
scipy-powell,hot,5,1646,50.8473,0.000426
scipy-powell,hot,5,1647,50.8785,0.000426
scipy-powell,hot,5,1648,50.9092,0.000426
scipy-powell,hot,5,1649,50.9399,0.000426
scipy-powell,hot,5,1650,50.9707,0.000426
scipy-powell,hot,5,1651,51.0019,0.000426
scipy-powell,hot,5,1666,51.4734,0.000426
scipy-powell,hot,5,1668,51.5363,0.000426
scipy-powell,hot,5,1669,51.5674,0.000426
scipy-powell,hot,5,1670,51.5987,0.000426
scipy-powell,hot,5,1671,51.6302,0.000426
scipy-powell,hot,5,1673,51.6942,0.000426
scipy-powell,hot,5,1676,51.7872,0.000426
scipy-powell,hot,5,1681,51.9481,0.000426
scipy-powell,hot,5,1688,52.1693,0.000426
scipy-powell,hot,5,1698,52.4880,0.000426
scipy-powell,hot,5,1718,53.1128,0.000426
scipy-powell,hot,5,1719,53.1432,0.000426
scipy-powell,hot,5,1722,53.2355,0.000426
scipy-powell,hot,5,1725,53.3280,0.000426
scipy-powell,hot,5,1909,59.1566,0.000426
scipy-powell,hot,5,1911,59.2193,0.000426
scipy-powell,hot,5,1913,59.2808,0.000426
scipy-powell,hot,5,1914,59.3119,0.000426
scipy-powell,hot,5,1915,59.3427,0.000426
scipy-powell,hot,5,1916,59.3742,0.000426
scipy-powell,hot,5,1917,59.4056,0.000426
scipy-powell,hot,5,1926,59.6914,0.000426
scipy-powell,hot,5,1989,61.6222,0.000426
scipy-powell,hot,5,1990,61.6533,0.000426
scipy-powell,hot,5,1991,61.6837,0.000426
scipy-powell,hot,5,1992,61.7143,0.000426
scipy-powell,hot,5,1993,61.7458,0.000426
scipy-powell,hot,5,1995,61.8058,0.000426
scipy-powell,hot,5,1996,61.8368,0.000426
scipy-de,hot,5,0,0.0000,0.011508
opt-ga,hot,5,0,0.0000,0.011508
opt-ga,hot,5,393,7.4833,0.008649
opt-ga,hot,5,477,9.3776,0.008511
opt-ga,hot,5,499,9.9171,0.008365
opt-ga,hot,5,540,10.9187,0.007505
opt-ga,hot,5,585,12.0289,0.004263
opt-ga,hot,5,670,14.2965,0.002919
opt-ga,hot,5,723,15.7935,0.002045
opt-ga,hot,5,740,16.2648,0.001736
opt-ga,hot,5,832,18.8826,0.001388
opt-ga,hot,5,911,21.2034,0.001062
opt-ga,hot,5,930,21.7848,0.000975
opt-ga,hot,5,941,22.1190,0.000942
opt-ga,hot,5,1053,25.5322,0.000938
opt-ga,hot,5,1135,28.0450,0.000689
opt-ga,hot,5,1404,36.3285,0.000686
opt-ga,hot,5,1460,38.1168,0.000666
opt-ga,hot,5,1615,42.9103,0.000610
opt-ga,hot,5,1681,44.9249,0.000502
opt-pso,hot,5,0,0.0000,0.011508
opt-aco,hot,5,0,0.0000,0.011508
opt-gd,hot,5,0,0.0000,0.011508
opt-gd,hot,5,12,0.4403,0.011508
opt-gd,hot,5,14,0.5066,0.011508
opt-gd,hot,5,22,0.7663,0.011508
opt-gd,hot,5,41,1.4290,0.011508
opt-gd,hot,5,45,1.5624,0.011508
opt-gd,hot,5,100,3.3921,0.011459
opt-gd,hot,5,111,3.7510,0.011459
opt-gd,hot,5,127,4.2720,0.011459
opt-gd,hot,5,135,4.5428,0.011459
opt-gd,hot,5,140,4.7079,0.011459
opt-gd,hot,5,144,4.8388,0.011459
opt-gd,hot,5,298,9.9565,0.001703
opt-gd,hot,5,301,10.0534,0.001703
opt-gd,hot,5,302,10.0856,0.001703
opt-gd,hot,5,310,10.3562,0.001703
opt-gd,hot,5,319,10.6489,0.001703
opt-gd,hot,5,320,10.6825,0.001703
opt-gd,hot,5,357,11.8963,0.001703
opt-gd,hot,5,358,11.9289,0.001703
opt-gd,hot,5,496,16.4046,0.001164
opt-gd,hot,5,499,16.5038,0.001164
opt-gd,hot,5,500,16.5404,0.001164
opt-gd,hot,5,508,16.8057,0.001164
opt-gd,hot,5,524,17.3266,0.001164
opt-gd,hot,5,532,17.5830,0.001164
opt-gd,hot,5,555,18.3414,0.001164
opt-gd,hot,5,556,18.3752,0.001164
opt-gd,hot,5,595,19.6677,0.001021
opt-gd,hot,5,598,19.7668,0.001021
opt-gd,hot,5,599,19.7995,0.001021
opt-gd,hot,5,607,20.0670,0.001021
opt-gd,hot,5,623,20.6051,0.001021
opt-gd,hot,5,631,20.8714,0.001021
opt-gd,hot,5,654,21.6492,0.001021
opt-gd,hot,5,655,21.6831,0.001021
opt-gd,hot,5,694,22.9414,0.000863
opt-gd,hot,5,697,23.0359,0.000863
opt-gd,hot,5,698,23.0673,0.000863
opt-gd,hot,5,706,23.3189,0.000863
opt-gd,hot,5,722,23.8228,0.000863
opt-gd,hot,5,730,24.0791,0.000863
opt-gd,hot,5,753,24.8440,0.000863
opt-gd,hot,5,754,24.8771,0.000863
opt-gd,hot,5,991,32.4255,0.000809
opt-gd,hot,5,994,32.5219,0.000809
opt-gd,hot,5,995,32.5547,0.000809
opt-gd,hot,5,1003,32.8150,0.000809
opt-gd,hot,5,1012,33.1098,0.000809
opt-gd,hot,5,1013,33.1436,0.000809
opt-gd,hot,5,1050,34.3442,0.000809
opt-gd,hot,5,1051,34.3756,0.000809
opt-gd,hot,5,1090,35.6405,0.000772
opt-gd,hot,5,1093,35.7348,0.000772
opt-gd,hot,5,1094,35.7676,0.000772
opt-gd,hot,5,1102,36.0188,0.000772
opt-gd,hot,5,1111,36.3014,0.000772
opt-gd,hot,5,1112,36.3355,0.000772
opt-gd,hot,5,1149,37.4983,0.000772
opt-gd,hot,5,1150,37.5290,0.000772
opt-gd,hot,5,1189,38.7863,0.000618
opt-gd,hot,5,1192,38.8801,0.000618
opt-gd,hot,5,1193,38.9119,0.000618
opt-gd,hot,5,1210,39.4536,0.000618
opt-gd,hot,5,1211,39.4844,0.000618
opt-gd,hot,5,1288,41.8991,0.000555
opt-gd,hot,5,1291,41.9916,0.000555
opt-gd,hot,5,1292,42.0224,0.000555
opt-gd,hot,5,1309,42.5455,0.000555
opt-gd,hot,5,1310,42.5763,0.000555
opt-gd,hot,5,1387,45.0507,0.000507
opt-gd,hot,5,1390,45.1469,0.000507
opt-gd,hot,5,1391,45.1789,0.000507
opt-gd,hot,5,1446,46.9153,0.000507
opt-gd,hot,5,1486,48.1735,0.000487
opt-gd,hot,5,1489,48.2673,0.000487
opt-gd,hot,5,1490,48.2996,0.000487
opt-gd,hot,5,1545,50.0377,0.000487
opt-gd,hot,5,1585,51.2904,0.000477
opt-gd,hot,5,1588,51.3846,0.000477
opt-gd,hot,5,1589,51.4160,0.000477
opt-gd,hot,5,1644,53.1374,0.000477
opt-gd,hot,5,1684,54.4386,0.000474
opt-gd,hot,5,1687,54.5326,0.000474
opt-gd,hot,5,1688,54.5641,0.000474
opt-gd,hot,5,1743,56.3300,0.000474
opt-gd,hot,5,1783,57.5935,0.000466
opt-gd,hot,5,1786,57.6883,0.000466
opt-gd,hot,5,1787,57.7197,0.000466
opt-gd,hot,5,1882,60.7193,0.000437
opt-gd,hot,5,1885,60.8142,0.000437
opt-gd,hot,5,1886,60.8463,0.000437
opt-gd,hot,5,1895,61.1301,0.000437
opt-gd,hot,5,1981,63.8565,0.000357
opt-gd,hot,5,1984,63.9519,0.000357
opt-gd,hot,5,1985,63.9836,0.000357
opt-gd,hot,5,1994,64.2691,0.000357
none,hot,6,0,0.0000,0.013122
scipy-lbfgsb,hot,6,0,0.0000,0.013122
scipy-lbfgsb,hot,6,8,0.2909,0.013122
scipy-lbfgsb,hot,6,10,0.3547,0.013122
scipy-lbfgsb,hot,6,18,0.6140,0.013122
scipy-lbfgsb,hot,6,58,1.8966,0.013122
scipy-lbfgsb,hot,6,94,3.0726,0.012933
scipy-lbfgsb,hot,6,101,3.2957,0.012933
scipy-lbfgsb,hot,6,119,3.8580,0.012933
scipy-lbfgsb,hot,6,127,4.1103,0.012933
scipy-lbfgsb,hot,6,179,5.7273,0.012933
scipy-lbfgsb,hot,6,187,5.9727,0.000909
scipy-lbfgsb,hot,6,188,6.0032,0.000909
scipy-lbfgsb,hot,6,189,6.0337,0.000909
scipy-lbfgsb,hot,6,195,6.2172,0.000909
scipy-lbfgsb,hot,6,213,6.7828,0.000909
scipy-lbfgsb,hot,6,221,7.0369,0.000909
scipy-lbfgsb,hot,6,244,7.7696,0.000908
scipy-lbfgsb,hot,6,245,7.8007,0.000907
scipy-lbfgsb,hot,6,280,8.8926,0.000770
scipy-lbfgsb,hot,6,283,8.9877,0.000770
scipy-lbfgsb,hot,6,284,9.0187,0.000770
scipy-lbfgsb,hot,6,287,9.1122,0.000770
scipy-lbfgsb,hot,6,332,10.5088,0.000769
scipy-lbfgsb,hot,6,365,11.5363,0.000769
scipy-lbfgsb,hot,6,373,11.7863,0.000449
scipy-lbfgsb,hot,6,374,11.8169,0.000449
scipy-lbfgsb,hot,6,375,11.8479,0.000449
scipy-lbfgsb,hot,6,399,12.6013,0.000449
scipy-lbfgsb,hot,6,407,12.8569,0.000449
scipy-lbfgsb,hot,6,430,13.5636,0.000449
scipy-lbfgsb,hot,6,434,13.6851,0.000449
scipy-lbfgsb,hot,6,435,13.7156,0.000449
scipy-lbfgsb,hot,6,466,14.6822,0.000432
scipy-lbfgsb,hot,6,467,14.7132,0.000432
scipy-lbfgsb,hot,6,468,14.7438,0.000432
scipy-lbfgsb,hot,6,492,15.4945,0.000432
scipy-lbfgsb,hot,6,500,15.7394,0.000432
scipy-lbfgsb,hot,6,523,16.4516,0.000432
scipy-lbfgsb,hot,6,527,16.5745,0.000431
scipy-lbfgsb,hot,6,528,16.6062,0.000431
scipy-lbfgsb,hot,6,559,17.5822,0.000395
scipy-lbfgsb,hot,6,560,17.6133,0.000395
scipy-lbfgsb,hot,6,561,17.6436,0.000395
scipy-lbfgsb,hot,6,616,19.3503,0.000395
scipy-lbfgsb,hot,6,620,19.4732,0.000395
scipy-lbfgsb,hot,6,652,20.4509,0.000379
scipy-lbfgsb,hot,6,653,20.4822,0.000379
scipy-lbfgsb,hot,6,654,20.5130,0.000379
scipy-lbfgsb,hot,6,665,20.8552,0.000379
scipy-lbfgsb,hot,6,673,21.1067,0.000379
scipy-lbfgsb,hot,6,709,22.2319,0.000379
scipy-lbfgsb,hot,6,713,22.3555,0.000379
scipy-lbfgsb,hot,6,745,23.3726,0.000367
scipy-lbfgsb,hot,6,746,23.4043,0.000367
scipy-lbfgsb,hot,6,747,23.4357,0.000367
scipy-lbfgsb,hot,6,754,23.6540,0.000367
scipy-lbfgsb,hot,6,758,23.7761,0.000367
scipy-lbfgsb,hot,6,766,24.0213,0.000367
scipy-lbfgsb,hot,6,802,25.1249,0.000367
scipy-lbfgsb,hot,6,806,25.2510,0.000367
scipy-lbfgsb,hot,6,838,26.2599,0.000353
scipy-lbfgsb,hot,6,839,26.2907,0.000353
scipy-lbfgsb,hot,6,840,26.3210,0.000353
scipy-lbfgsb,hot,6,847,26.5321,0.000353
scipy-lbfgsb,hot,6,851,26.6547,0.000353
scipy-lbfgsb,hot,6,859,26.8980,0.000353
scipy-lbfgsb,hot,6,870,27.2328,0.000353
scipy-lbfgsb,hot,6,1024,31.9592,0.000351
scipy-lbfgsb,hot,6,1027,32.0517,0.000351
scipy-lbfgsb,hot,6,1028,32.0820,0.000351
scipy-lbfgsb,hot,6,1031,32.1746,0.000351
scipy-lbfgsb,hot,6,1033,32.2362,0.000351
scipy-lbfgsb,hot,6,1038,32.3901,0.000351
scipy-lbfgsb,hot,6,1041,32.4827,0.000351
scipy-lbfgsb,hot,6,1046,32.6350,0.000351
scipy-lbfgsb,hot,6,1055,32.9155,0.000351
scipy-lbfgsb,hot,6,1056,32.9472,0.000350
scipy-lbfgsb,hot,6,1112,34.7303,0.000350
scipy-lbfgsb,hot,6,1117,34.8892,0.000349
scipy-lbfgsb,hot,6,1118,34.9218,0.000349
scipy-lbfgsb,hot,6,1119,34.9542,0.000349
scipy-lbfgsb,hot,6,1126,35.1805,0.000349
scipy-lbfgsb,hot,6,1130,35.3085,0.000349
scipy-lbfgsb,hot,6,1138,35.5690,0.000349
scipy-lbfgsb,hot,6,1148,35.8861,0.000349
scipy-lbfgsb,hot,6,1149,35.9178,0.000349
scipy-lbfgsb,hot,6,1303,40.7172,0.000346
scipy-lbfgsb,hot,6,1306,40.8091,0.000346
scipy-lbfgsb,hot,6,1307,40.8393,0.000346
scipy-lbfgsb,hot,6,1312,40.9927,0.000346
scipy-lbfgsb,hot,6,1320,41.2373,0.000346
scipy-lbfgsb,hot,6,1334,41.6653,0.000346
scipy-lbfgsb,hot,6,1335,41.6960,0.000346
scipy-lbfgsb,hot,6,1391,43.4055,0.000346
scipy-lbfgsb,hot,6,1396,43.5591,0.000345
scipy-lbfgsb,hot,6,1397,43.5897,0.000345
scipy-lbfgsb,hot,6,1405,43.8442,0.000345
scipy-lbfgsb,hot,6,1409,43.9668,0.000345
scipy-lbfgsb,hot,6,1417,44.2143,0.000345
scipy-lbfgsb,hot,6,1428,44.5524,0.000345
scipy-lbfgsb,hot,6,1489,46.4724,0.000344
scipy-lbfgsb,hot,6,1490,46.5038,0.000344
scipy-lbfgsb,hot,6,1498,46.7536,0.000344
scipy-lbfgsb,hot,6,1502,46.8793,0.000344
scipy-lbfgsb,hot,6,1510,47.1370,0.000344
scipy-lbfgsb,hot,6,1582,49.4688,0.000342
scipy-lbfgsb,hot,6,1585,49.5640,0.000342
scipy-lbfgsb,hot,6,1586,49.5966,0.000342
scipy-lbfgsb,hot,6,1599,50.0154,0.000342
scipy-lbfgsb,hot,6,1675,52.4586,0.000341
scipy-lbfgsb,hot,6,1678,52.5518,0.000341
scipy-lbfgsb,hot,6,1679,52.5836,0.000341
scipy-lbfgsb,hot,6,1692,53.0019,0.000341
scipy-lbfgsb,hot,6,1768,55.3828,0.000341
scipy-lbfgsb,hot,6,1771,55.4748,0.000341
scipy-lbfgsb,hot,6,1772,55.5050,0.000341
scipy-lbfgsb,hot,6,1775,55.5970,0.000341
scipy-lbfgsb,hot,6,1782,55.8157,0.000341
scipy-lbfgsb,hot,6,1785,55.9135,0.000341
scipy-lbfgsb,hot,6,1861,58.4026,0.000340
scipy-lbfgsb,hot,6,1864,58.4978,0.000340
scipy-lbfgsb,hot,6,1865,58.5298,0.000340
scipy-lbfgsb,hot,6,1868,58.6246,0.000340
scipy-lbfgsb,hot,6,1870,58.6879,0.000340
scipy-lbfgsb,hot,6,1875,58.8586,0.000340
scipy-lbfgsb,hot,6,1878,58.9581,0.000340
scipy-lbfgsb,hot,6,1954,61.3908,0.000340
scipy-lbfgsb,hot,6,1957,61.4867,0.000340
scipy-lbfgsb,hot,6,1958,61.5178,0.000340
scipy-lbfgsb,hot,6,1961,61.6125,0.000340
scipy-lbfgsb,hot,6,1968,61.8331,0.000340
scipy-lbfgsb,hot,6,1976,62.0802,0.000340
scipy-lbfgsb,hot,6,1990,62.5133,0.000340
scipy-powell,hot,6,0,0.0000,0.013122
scipy-powell,hot,6,2,0.0976,0.001949
scipy-powell,hot,6,5,0.1933,0.001825
scipy-powell,hot,6,6,0.2243,0.001268
scipy-powell,hot,6,8,0.2864,0.001257
scipy-powell,hot,6,9,0.3174,0.001257
scipy-powell,hot,6,10,0.3479,0.001257
scipy-powell,hot,6,11,0.3784,0.001257
scipy-powell,hot,6,12,0.4095,0.001257
scipy-powell,hot,6,13,0.4406,0.001257
scipy-powell,hot,6,14,0.4719,0.001257
scipy-powell,hot,6,24,0.7863,0.001256
scipy-powell,hot,6,25,0.8164,0.001256
scipy-powell,hot,6,26,0.8481,0.001256
scipy-powell,hot,6,27,0.8785,0.001256
scipy-powell,hot,6,28,0.9088,0.001256
scipy-powell,hot,6,29,0.9396,0.001256
scipy-powell,hot,6,40,1.2769,0.001256
scipy-powell,hot,6,42,1.3383,0.001256
scipy-powell,hot,6,43,1.3696,0.001256
scipy-powell,hot,6,44,1.4005,0.001256
scipy-powell,hot,6,45,1.4319,0.001256
scipy-powell,hot,6,66,2.0954,0.001256
scipy-powell,hot,6,68,2.1583,0.001255
scipy-powell,hot,6,72,2.2892,0.001255
scipy-powell,hot,6,73,2.3218,0.001255
scipy-powell,hot,6,74,2.3538,0.001255
scipy-powell,hot,6,75,2.3856,0.001255
scipy-powell,hot,6,76,2.4181,0.001255
scipy-powell,hot,6,77,2.4509,0.001255
scipy-powell,hot,6,78,2.4838,0.001255
scipy-powell,hot,6,82,2.6224,0.001255
scipy-powell,hot,6,85,2.7194,0.001255
scipy-powell,hot,6,260,8.2583,0.001146
scipy-powell,hot,6,263,8.3582,0.001127
scipy-powell,hot,6,264,8.3908,0.001120
scipy-powell,hot,6,266,8.4544,0.001119
scipy-powell,hot,6,267,8.4863,0.001119
scipy-powell,hot,6,268,8.5172,0.001119
scipy-powell,hot,6,270,8.5813,0.001119
scipy-powell,hot,6,271,8.6125,0.001119
scipy-powell,hot,6,272,8.6447,0.001119
scipy-powell,hot,6,273,8.6757,0.001119
scipy-powell,hot,6,274,8.7082,0.001119
scipy-powell,hot,6,396,12.6001,0.000988
scipy-powell,hot,6,397,12.6314,0.000982
scipy-powell,hot,6,398,12.6632,0.000978
scipy-powell,hot,6,399,12.6958,0.000977
scipy-powell,hot,6,400,12.7277,0.000977
scipy-powell,hot,6,401,12.7585,0.000977
scipy-powell,hot,6,402,12.7902,0.000977
scipy-powell,hot,6,403,12.8219,0.000977
scipy-powell,hot,6,404,12.8536,0.000977
scipy-powell,hot,6,516,16.3448,0.000737
scipy-powell,hot,6,519,16.4411,0.000730
scipy-powell,hot,6,522,16.5382,0.000729
scipy-powell,hot,6,525,16.6341,0.000729
scipy-powell,hot,6,526,16.6656,0.000729
scipy-powell,hot,6,527,16.6975,0.000729
scipy-powell,hot,6,528,16.7314,0.000729
scipy-powell,hot,6,529,16.7650,0.000729
scipy-powell,hot,6,671,21.2689,0.000602
scipy-powell,hot,6,673,21.3313,0.000601
scipy-powell,hot,6,674,21.3636,0.000601
scipy-powell,hot,6,675,21.3966,0.000601
scipy-powell,hot,6,676,21.4291,0.000601
scipy-powell,hot,6,677,21.4614,0.000601
scipy-powell,hot,6,678,21.4929,0.000601
scipy-powell,hot,6,679,21.5244,0.000601
scipy-powell,hot,6,723,22.9329,0.000537
scipy-powell,hot,6,724,22.9662,0.000536
scipy-powell,hot,6,726,23.0324,0.000518
scipy-powell,hot,6,727,23.0640,0.000511
scipy-powell,hot,6,728,23.0953,0.000510
scipy-powell,hot,6,729,23.1263,0.000509
scipy-powell,hot,6,731,23.1885,0.000509
scipy-powell,hot,6,732,23.2202,0.000509
scipy-powell,hot,6,734,23.2832,0.000509
scipy-powell,hot,6,735,23.3143,0.000509
scipy-powell,hot,6,736,23.3453,0.000509
scipy-powell,hot,6,737,23.3765,0.000509
scipy-powell,hot,6,738,23.4082,0.000509
scipy-powell,hot,6,919,29.2477,0.000473
scipy-powell,hot,6,922,29.3402,0.000467
scipy-powell,hot,6,924,29.4020,0.000465
scipy-powell,hot,6,925,29.4324,0.000465
scipy-powell,hot,6,926,29.4629,0.000465
scipy-powell,hot,6,927,29.4937,0.000465
scipy-powell,hot,6,928,29.5241,0.000465
scipy-powell,hot,6,929,29.5557,0.000465
scipy-powell,hot,6,930,29.5867,0.000465
scipy-powell,hot,6,978,31.0612,0.000416
scipy-powell,hot,6,981,31.1519,0.000415
scipy-powell,hot,6,982,31.1819,0.000413
scipy-powell,hot,6,983,31.2122,0.000412
scipy-powell,hot,6,984,31.2427,0.000412
scipy-powell,hot,6,985,31.2736,0.000412
scipy-powell,hot,6,986,31.3039,0.000412
scipy-powell,hot,6,988,31.3643,0.000412
scipy-powell,hot,6,989,31.3948,0.000412
scipy-powell,hot,6,990,31.4249,0.000412
scipy-powell,hot,6,991,31.4557,0.000412
scipy-powell,hot,6,994,31.5477,0.000412
scipy-powell,hot,6,1113,35.2702,0.000402
scipy-powell,hot,6,1115,35.3339,0.000402
scipy-powell,hot,6,1116,35.3652,0.000397
scipy-powell,hot,6,1117,35.3969,0.000394
scipy-powell,hot,6,1119,35.4616,0.000394
scipy-powell,hot,6,1121,35.5279,0.000394
scipy-powell,hot,6,1123,35.5940,0.000394
scipy-powell,hot,6,1124,35.6259,0.000394
scipy-powell,hot,6,1247,39.4868,0.000394
scipy-powell,hot,6,1248,39.5178,0.000394
scipy-powell,hot,6,1249,39.5485,0.000394
scipy-powell,hot,6,1251,39.6095,0.000394
scipy-powell,hot,6,1252,39.6399,0.000394
scipy-powell,hot,6,1253,39.6704,0.000394
scipy-powell,hot,6,1254,39.7009,0.000394
scipy-powell,hot,6,1255,39.7326,0.000394
scipy-powell,hot,6,1256,39.7632,0.000394
scipy-powell,hot,6,1321,41.7686,0.000394
scipy-powell,hot,6,1322,41.7995,0.000393
scipy-powell,hot,6,1323,41.8300,0.000393
scipy-powell,hot,6,1325,41.8909,0.000393
scipy-powell,hot,6,1326,41.9214,0.000393
scipy-powell,hot,6,1327,41.9518,0.000393
scipy-powell,hot,6,1328,41.9818,0.000393
scipy-powell,hot,6,1329,42.0118,0.000393
scipy-powell,hot,6,1335,42.1924,0.000393
scipy-powell,hot,6,1388,43.8359,0.000393
scipy-powell,hot,6,1389,43.8662,0.000393
scipy-powell,hot,6,1390,43.8962,0.000393
scipy-powell,hot,6,1391,43.9268,0.000393
scipy-powell,hot,6,1392,43.9571,0.000393
scipy-powell,hot,6,1393,43.9871,0.000393
scipy-powell,hot,6,1399,44.1709,0.000393
scipy-powell,hot,6,1409,44.4759,0.000393
scipy-powell,hot,6,1411,44.5359,0.000393
scipy-powell,hot,6,1412,44.5662,0.000393
scipy-powell,hot,6,1413,44.5963,0.000393
scipy-powell,hot,6,1414,44.6268,0.000393
scipy-powell,hot,6,1415,44.6568,0.000393
scipy-powell,hot,6,1416,44.6876,0.000393
scipy-powell,hot,6,1425,44.9688,0.000393
scipy-powell,hot,6,1426,44.9995,0.000393
scipy-powell,hot,6,1429,45.0904,0.000393
scipy-powell,hot,6,1438,45.3660,0.000393
scipy-powell,hot,6,1439,45.3967,0.000393
scipy-powell,hot,6,1440,45.4276,0.000393
scipy-powell,hot,6,1441,45.4578,0.000393
scipy-powell,hot,6,1442,45.4898,0.000393
scipy-powell,hot,6,1443,45.5216,0.000393
scipy-powell,hot,6,1452,45.7978,0.000393
scipy-powell,hot,6,1456,45.9188,0.000393
scipy-powell,hot,6,1466,46.2270,0.000393
scipy-powell,hot,6,1467,46.2595,0.000393
scipy-powell,hot,6,1468,46.2900,0.000393
scipy-powell,hot,6,1469,46.3200,0.000393
scipy-powell,hot,6,1470,46.3503,0.000393
scipy-powell,hot,6,1505,47.4366,0.000393
scipy-powell,hot,6,1506,47.4673,0.000393
scipy-powell,hot,6,1539,48.5097,0.000393
scipy-powell,hot,6,1540,48.5421,0.000393
scipy-powell,hot,6,1542,48.6095,0.000393
scipy-powell,hot,6,1572,49.6086,0.000393
scipy-powell,hot,6,1573,49.6402,0.000393
scipy-powell,hot,6,1574,49.6714,0.000393
scipy-powell,hot,6,1575,49.7019,0.000393
scipy-powell,hot,6,1586,50.0624,0.000393
scipy-powell,hot,6,1587,50.0934,0.000393
scipy-powell,hot,6,1588,50.1241,0.000393
scipy-powell,hot,6,1591,50.2409,0.000393
scipy-powell,hot,6,1649,52.0695,0.000387
scipy-powell,hot,6,1652,52.1648,0.000387
scipy-powell,hot,6,1653,52.1959,0.000387
scipy-powell,hot,6,1654,52.2276,0.000387
scipy-powell,hot,6,1655,52.2595,0.000387
scipy-powell,hot,6,1656,52.2911,0.000387
scipy-powell,hot,6,1666,52.6135,0.000386
scipy-powell,hot,6,1667,52.6451,0.000385
scipy-powell,hot,6,1670,52.7405,0.000385
scipy-powell,hot,6,1671,52.7722,0.000385
scipy-powell,hot,6,1672,52.8046,0.000385
scipy-powell,hot,6,1673,52.8371,0.000385
scipy-powell,hot,6,1674,52.8682,0.000385
scipy-powell,hot,6,1675,52.8990,0.000385
scipy-powell,hot,6,1683,53.1590,0.000380
scipy-powell,hot,6,1684,53.1912,0.000380
scipy-powell,hot,6,1685,53.2222,0.000380
scipy-powell,hot,6,1686,53.2544,0.000380
scipy-powell,hot,6,1687,53.2853,0.000380
scipy-powell,hot,6,1688,53.3178,0.000380
scipy-powell,hot,6,1689,53.3505,0.000380
scipy-powell,hot,6,1690,53.3839,0.000380
scipy-powell,hot,6,1692,53.4511,0.000380
scipy-powell,hot,6,1693,53.4843,0.000380
scipy-powell,hot,6,1702,53.7752,0.000380
scipy-powell,hot,6,1703,53.8074,0.000379
scipy-powell,hot,6,1704,53.8402,0.000379
scipy-powell,hot,6,1705,53.8734,0.000379
scipy-powell,hot,6,1707,53.9369,0.000379
scipy-powell,hot,6,1708,53.9681,0.000379
scipy-powell,hot,6,1709,53.9993,0.000379
scipy-powell,hot,6,1710,54.0312,0.000379
scipy-powell,hot,6,1827,57.6270,0.000379
scipy-powell,hot,6,1829,57.6907,0.000379
scipy-powell,hot,6,1831,57.7529,0.000379
scipy-powell,hot,6,1832,57.7829,0.000379
scipy-powell,hot,6,1833,57.8133,0.000379
scipy-powell,hot,6,1835,57.8743,0.000379
scipy-powell,hot,6,1836,57.9058,0.000379
scipy-powell,hot,6,1837,57.9359,0.000379
scipy-de,hot,6,0,0.0000,0.013122
scipy-de,hot,6,1,0.0753,0.013122
opt-ga,hot,6,0,0.0000,0.013122
opt-ga,hot,6,217,4.0186,0.012705
opt-ga,hot,6,344,6.4878,0.011604
opt-ga,hot,6,390,7.4743,0.005697
opt-ga,hot,6,609,12.7443,0.005680
opt-ga,hot,6,617,12.9492,0.005632
opt-ga,hot,6,625,13.1678,0.005216
opt-ga,hot,6,669,14.3353,0.004086
opt-ga,hot,6,842,19.1842,0.003966
opt-ga,hot,6,897,20.7362,0.003933
opt-ga,hot,6,921,21.4056,0.003415
opt-ga,hot,6,945,22.0800,0.001352
opt-ga,hot,6,1060,25.2834,0.001187
opt-ga,hot,6,1073,25.6561,0.001129
opt-ga,hot,6,1126,27.1316,0.000826
opt-ga,hot,6,1299,32.2088,0.000787
opt-ga,hot,6,1379,34.6129,0.000688
opt-ga,hot,6,1621,41.8535,0.000662
opt-ga,hot,6,1766,46.2067,0.000639
opt-ga,hot,6,1792,46.9965,0.000582
opt-pso,hot,6,0,0.0000,0.013122
opt-aco,hot,6,0,0.0000,0.013122
opt-aco,hot,6,1863,35.0513,0.011299
opt-aco,hot,6,1947,36.6350,0.010923
opt-gd,hot,6,0,0.0000,0.013122
opt-gd,hot,6,8,0.2854,0.013122
opt-gd,hot,6,10,0.3470,0.013122
opt-gd,hot,6,18,0.5898,0.013122
opt-gd,hot,6,42,1.3187,0.013122
opt-gd,hot,6,44,1.3795,0.013122
opt-gd,hot,6,53,1.6556,0.013122
opt-gd,hot,6,94,2.9171,0.013056
opt-gd,hot,6,101,3.1391,0.013056
opt-gd,hot,6,119,3.6963,0.013056
opt-gd,hot,6,127,3.9547,0.013056
opt-gd,hot,6,135,4.2005,0.013056
opt-gd,hot,6,137,4.2611,0.013056
opt-gd,hot,6,146,4.5333,0.013056
opt-gd,hot,6,280,8.6476,0.001193
opt-gd,hot,6,283,8.7398,0.001193
opt-gd,hot,6,287,8.8633,0.001193
opt-gd,hot,6,305,9.4303,0.001193
opt-gd,hot,6,332,10.2775,0.001193
opt-gd,hot,6,365,11.3118,0.001193
opt-gd,hot,6,652,20.2056,0.000955
opt-gd,hot,6,653,20.2363,0.000955
opt-gd,hot,6,654,20.2668,0.000955
opt-gd,hot,6,660,20.4492,0.000955
opt-gd,hot,6,678,21.0056,0.000955
opt-gd,hot,6,686,21.2507,0.000955
opt-gd,hot,6,709,21.9708,0.000955
opt-gd,hot,6,710,22.0017,0.000955
opt-gd,hot,6,745,23.1122,0.000870
opt-gd,hot,6,746,23.1440,0.000870
opt-gd,hot,6,753,23.3640,0.000870
opt-gd,hot,6,771,23.9510,0.000870
opt-gd,hot,6,779,24.2092,0.000870
opt-gd,hot,6,802,24.9422,0.000870
opt-gd,hot,6,803,24.9733,0.000870
opt-gd,hot,6,838,26.0508,0.000808
opt-gd,hot,6,839,26.0832,0.000808
opt-gd,hot,6,840,26.1138,0.000808
opt-gd,hot,6,846,26.3010,0.000808
opt-gd,hot,6,864,26.8460,0.000808
opt-gd,hot,6,872,27.0927,0.000808
opt-gd,hot,6,895,27.8144,0.000808
opt-gd,hot,6,896,27.8475,0.000808
opt-gd,hot,6,931,28.9513,0.000705
opt-gd,hot,6,932,28.9820,0.000705
opt-gd,hot,6,933,29.0145,0.000705
opt-gd,hot,6,957,29.7469,0.000705
opt-gd,hot,6,965,29.9914,0.000705
opt-gd,hot,6,988,30.6936,0.000705
opt-gd,hot,6,989,30.7242,0.000705
opt-gd,hot,6,1024,31.7945,0.000589
opt-gd,hot,6,1025,31.8253,0.000589
opt-gd,hot,6,1026,31.8558,0.000589
opt-gd,hot,6,1058,32.8494,0.000589
opt-gd,hot,6,1081,33.5779,0.000589
opt-gd,hot,6,1082,33.6093,0.000589
opt-gd,hot,6,1117,34.7323,0.000512
opt-gd,hot,6,1118,34.7633,0.000512
opt-gd,hot,6,1119,34.7942,0.000512
opt-gd,hot,6,1174,36.5593,0.000512
opt-gd,hot,6,1175,36.5906,0.000512
opt-gd,hot,6,1210,37.6971,0.000450
opt-gd,hot,6,1211,37.7286,0.000450
opt-gd,hot,6,1212,37.7601,0.000450
opt-gd,hot,6,1267,39.4817,0.000450
opt-gd,hot,6,1303,40.6025,0.000405
opt-gd,hot,6,1304,40.6335,0.000405
opt-gd,hot,6,1305,40.6642,0.000405
opt-gd,hot,6,1320,41.1275,0.000405
opt-gd,hot,6,1360,42.3493,0.000405
opt-gd,hot,6,1396,43.4646,0.000392
opt-gd,hot,6,1397,43.4959,0.000392
opt-gd,hot,6,1398,43.5265,0.000392
opt-gd,hot,6,1405,43.7436,0.000392
opt-gd,hot,6,1413,43.9917,0.000392
opt-gd,hot,6,1453,45.2530,0.000392
opt-gd,hot,6,1457,45.3783,0.000392
opt-gd,hot,6,1489,46.4052,0.000389
opt-gd,hot,6,1490,46.4383,0.000389
opt-gd,hot,6,1491,46.4707,0.000389
opt-gd,hot,6,1506,46.9598,0.000389
opt-gd,hot,6,1582,49.3920,0.000375
opt-gd,hot,6,1583,49.4242,0.000375
opt-gd,hot,6,1584,49.4555,0.000375
opt-gd,hot,6,1599,49.9270,0.000375
opt-gd,hot,6,1675,52.3074,0.000372
opt-gd,hot,6,1676,52.3382,0.000372
opt-gd,hot,6,1677,52.3694,0.000372
opt-gd,hot,6,1688,52.7095,0.000372
opt-gd,hot,6,1710,53.3951,0.000372
opt-gd,hot,6,1768,55.2207,0.000367
opt-gd,hot,6,1769,55.2518,0.000367
opt-gd,hot,6,1770,55.2828,0.000367
opt-gd,hot,6,1803,56.3082,0.000367
opt-gd,hot,6,1861,58.1211,0.000360
opt-gd,hot,6,1862,58.1524,0.000360
opt-gd,hot,6,1863,58.1832,0.000360
opt-gd,hot,6,1874,58.5258,0.000360
opt-gd,hot,6,1896,59.2023,0.000360
opt-gd,hot,6,1954,61.0047,0.000352
opt-gd,hot,6,1955,61.0361,0.000352
opt-gd,hot,6,1956,61.0672,0.000352
opt-gd,hot,6,1967,61.4106,0.000352
opt-gd,hot,6,1989,62.1162,0.000352
none,hot,7,0,0.0000,0.010203
scipy-lbfgsb,hot,7,0,0.0000,0.010203
scipy-lbfgsb,hot,7,12,0.4289,0.010203
scipy-lbfgsb,hot,7,14,0.4963,0.010203
scipy-lbfgsb,hot,7,22,0.7667,0.010203
scipy-lbfgsb,hot,7,60,2.0464,0.010203
scipy-lbfgsb,hot,7,102,3.4728,0.010110
scipy-lbfgsb,hot,7,113,3.8451,0.010109
scipy-lbfgsb,hot,7,129,4.3808,0.010109
scipy-lbfgsb,hot,7,153,5.1791,0.010109
scipy-lbfgsb,hot,7,203,6.7583,0.002235
scipy-lbfgsb,hot,7,214,7.0890,0.002235
scipy-lbfgsb,hot,7,230,7.6076,0.002235
scipy-lbfgsb,hot,7,254,8.4061,0.002235
scipy-lbfgsb,hot,7,405,13.4294,0.001537
scipy-lbfgsb,hot,7,408,13.5290,0.001537
scipy-lbfgsb,hot,7,409,13.5611,0.001537
scipy-lbfgsb,hot,7,410,13.5946,0.001537
scipy-lbfgsb,hot,7,411,13.6279,0.001537
scipy-lbfgsb,hot,7,417,13.8249,0.001537
scipy-lbfgsb,hot,7,433,14.3786,0.001537
scipy-lbfgsb,hot,7,457,15.1858,0.001537
scipy-lbfgsb,hot,7,464,15.4209,0.001535
scipy-lbfgsb,hot,7,465,15.4543,0.001531
scipy-lbfgsb,hot,7,506,16.7817,0.001006
scipy-lbfgsb,hot,7,509,16.8775,0.001006
scipy-lbfgsb,hot,7,510,16.9086,0.001006
scipy-lbfgsb,hot,7,511,16.9409,0.001006
scipy-lbfgsb,hot,7,512,16.9738,0.001006
scipy-lbfgsb,hot,7,518,17.1639,0.001006
scipy-lbfgsb,hot,7,534,17.6689,0.001006
scipy-lbfgsb,hot,7,558,18.4400,0.001006
scipy-lbfgsb,hot,7,565,18.6655,0.001006
scipy-lbfgsb,hot,7,566,18.6982,0.001006
scipy-lbfgsb,hot,7,605,19.9482,0.001006
scipy-lbfgsb,hot,7,606,19.9796,0.001006
scipy-lbfgsb,hot,7,607,20.0097,0.000957
scipy-lbfgsb,hot,7,610,20.1026,0.000957
scipy-lbfgsb,hot,7,611,20.1354,0.000957
scipy-lbfgsb,hot,7,612,20.1666,0.000957
scipy-lbfgsb,hot,7,613,20.1973,0.000957
scipy-lbfgsb,hot,7,619,20.3862,0.000957
scipy-lbfgsb,hot,7,635,20.9107,0.000957
scipy-lbfgsb,hot,7,659,21.6540,0.000957
scipy-lbfgsb,hot,7,666,21.8706,0.000956
scipy-lbfgsb,hot,7,667,21.9017,0.000956
scipy-lbfgsb,hot,7,706,23.1343,0.000956
scipy-lbfgsb,hot,7,707,23.1649,0.000956
scipy-lbfgsb,hot,7,708,23.1951,0.000860
scipy-lbfgsb,hot,7,711,23.2886,0.000860
scipy-lbfgsb,hot,7,712,23.3206,0.000860
scipy-lbfgsb,hot,7,713,23.3520,0.000860
scipy-lbfgsb,hot,7,714,23.3835,0.000860
scipy-lbfgsb,hot,7,720,23.5679,0.000860
scipy-lbfgsb,hot,7,736,24.0765,0.000860
scipy-lbfgsb,hot,7,760,24.8509,0.000860
scipy-lbfgsb,hot,7,767,25.0846,0.000859
scipy-lbfgsb,hot,7,768,25.1170,0.000859
scipy-lbfgsb,hot,7,807,26.3186,0.000859
scipy-lbfgsb,hot,7,809,26.3799,0.000804
scipy-lbfgsb,hot,7,812,26.4759,0.000804
scipy-lbfgsb,hot,7,813,26.5072,0.000804
scipy-lbfgsb,hot,7,814,26.5397,0.000804
scipy-lbfgsb,hot,7,815,26.5715,0.000804
scipy-lbfgsb,hot,7,868,28.2251,0.000804
scipy-lbfgsb,hot,7,910,29.5110,0.000770
scipy-lbfgsb,hot,7,913,29.6019,0.000770
scipy-lbfgsb,hot,7,914,29.6323,0.000770
scipy-lbfgsb,hot,7,915,29.6619,0.000770
scipy-lbfgsb,hot,7,916,29.6918,0.000770
scipy-lbfgsb,hot,7,919,29.7816,0.000770
scipy-lbfgsb,hot,7,931,30.1425,0.000770
scipy-lbfgsb,hot,7,932,30.1721,0.000770
scipy-lbfgsb,hot,7,969,31.3184,0.000769
scipy-lbfgsb,hot,7,1011,32.6091,0.000746
scipy-lbfgsb,hot,7,1014,32.7032,0.000746
scipy-lbfgsb,hot,7,1015,32.7354,0.000746
scipy-lbfgsb,hot,7,1016,32.7665,0.000746
scipy-lbfgsb,hot,7,1017,32.7976,0.000746
scipy-lbfgsb,hot,7,1020,32.8891,0.000746
scipy-lbfgsb,hot,7,1036,33.3768,0.000746
scipy-lbfgsb,hot,7,1058,34.0369,0.000746
scipy-lbfgsb,hot,7,1070,34.4015,0.000746
scipy-lbfgsb,hot,7,1112,35.6766,0.000709
scipy-lbfgsb,hot,7,1115,35.7689,0.000709
scipy-lbfgsb,hot,7,1116,35.7999,0.000709
scipy-lbfgsb,hot,7,1117,35.8306,0.000709
scipy-lbfgsb,hot,7,1118,35.8609,0.000709
scipy-lbfgsb,hot,7,1121,35.9549,0.000708
scipy-lbfgsb,hot,7,1137,36.4510,0.000708
scipy-lbfgsb,hot,7,1159,37.1120,0.000708
scipy-lbfgsb,hot,7,1415,45.0660,0.000700
scipy-lbfgsb,hot,7,1418,45.1617,0.000700
scipy-lbfgsb,hot,7,1419,45.1923,0.000700
scipy-lbfgsb,hot,7,1420,45.2225,0.000700
scipy-lbfgsb,hot,7,1421,45.2535,0.000700
scipy-lbfgsb,hot,7,1424,45.3474,0.000700
scipy-lbfgsb,hot,7,1432,45.5957,0.000700
scipy-lbfgsb,hot,7,1462,46.5381,0.000700
scipy-lbfgsb,hot,7,1516,48.2375,0.000698
scipy-lbfgsb,hot,7,1520,48.3656,0.000698
scipy-lbfgsb,hot,7,1526,48.5572,0.000698
scipy-lbfgsb,hot,7,1529,48.6537,0.000698
scipy-lbfgsb,hot,7,1545,49.1527,0.000698
scipy-lbfgsb,hot,7,1617,51.3746,0.000698
scipy-lbfgsb,hot,7,1620,51.4663,0.000698
scipy-lbfgsb,hot,7,1621,51.4964,0.000698
scipy-lbfgsb,hot,7,1622,51.5273,0.000698
scipy-lbfgsb,hot,7,1623,51.5574,0.000698
scipy-lbfgsb,hot,7,1626,51.6482,0.000697
scipy-lbfgsb,hot,7,1638,52.0108,0.000697
scipy-lbfgsb,hot,7,1639,52.0408,0.000697
scipy-lbfgsb,hot,7,1718,54.4813,0.000697
scipy-lbfgsb,hot,7,1721,54.5725,0.000697
scipy-lbfgsb,hot,7,1722,54.6032,0.000697
scipy-lbfgsb,hot,7,1723,54.6352,0.000697
scipy-lbfgsb,hot,7,1724,54.6674,0.000697
scipy-lbfgsb,hot,7,1727,54.7621,0.000696
scipy-lbfgsb,hot,7,1739,55.1296,0.000696
scipy-lbfgsb,hot,7,1740,55.1602,0.000696
scipy-lbfgsb,hot,7,1819,57.5806,0.000695
scipy-lbfgsb,hot,7,1822,57.6772,0.000695
scipy-lbfgsb,hot,7,1823,57.7082,0.000695
scipy-lbfgsb,hot,7,1824,57.7389,0.000695
scipy-lbfgsb,hot,7,1825,57.7702,0.000695
scipy-lbfgsb,hot,7,1828,57.8610,0.000695
scipy-lbfgsb,hot,7,1832,57.9884,0.000695
scipy-lbfgsb,hot,7,1840,58.2346,0.000695
scipy-lbfgsb,hot,7,1866,59.0400,0.000695
scipy-powell,hot,7,0,0.0000,0.010203
scipy-powell,hot,7,102,3.0793,0.010203
scipy-powell,hot,7,104,3.1369,0.010203
scipy-powell,hot,7,118,3.5589,0.010203
scipy-powell,hot,7,139,4.2069,0.010203
scipy-powell,hot,7,140,4.2357,0.010203
scipy-powell,hot,7,141,4.2669,0.010203
scipy-powell,hot,7,142,4.3006,0.010203
scipy-powell,hot,7,143,4.3327,0.010203
scipy-powell,hot,7,144,4.3640,0.010203
scipy-powell,hot,7,147,4.4532,0.010203
scipy-powell,hot,7,153,4.6343,0.010203
scipy-powell,hot,7,160,4.8483,0.002417
scipy-powell,hot,7,163,4.9410,0.002084
scipy-powell,hot,7,164,4.9700,0.001591
scipy-powell,hot,7,166,5.0296,0.001550
scipy-powell,hot,7,167,5.0593,0.001537
scipy-powell,hot,7,168,5.0896,0.001535
scipy-powell,hot,7,169,5.1212,0.001535
scipy-powell,hot,7,170,5.1513,0.001535
scipy-powell,hot,7,171,5.1836,0.001535
scipy-powell,hot,7,172,5.2160,0.001535
scipy-powell,hot,7,173,5.2498,0.001535
scipy-powell,hot,7,174,5.2810,0.001535
scipy-powell,hot,7,184,5.5757,0.001535
scipy-powell,hot,7,185,5.6059,0.001535
scipy-powell,hot,7,186,5.6353,0.001535
scipy-powell,hot,7,187,5.6648,0.001535
scipy-powell,hot,7,188,5.6940,0.001535
scipy-powell,hot,7,288,8.6789,0.001426
scipy-powell,hot,7,291,8.7670,0.001425
scipy-powell,hot,7,292,8.7974,0.001424
scipy-powell,hot,7,293,8.8291,0.001424
scipy-powell,hot,7,294,8.8605,0.001424
scipy-powell,hot,7,295,8.8908,0.001424
scipy-powell,hot,7,296,8.9211,0.001424
scipy-powell,hot,7,297,8.9516,0.001424
scipy-powell,hot,7,415,12.5722,0.001313
scipy-powell,hot,7,418,12.6700,0.001296
scipy-powell,hot,7,419,12.7031,0.001289
scipy-powell,hot,7,421,12.7685,0.001288
scipy-powell,hot,7,422,12.8029,0.001288
scipy-powell,hot,7,423,12.8339,0.001288
scipy-powell,hot,7,424,12.8644,0.001288
scipy-powell,hot,7,425,12.8967,0.001288
scipy-powell,hot,7,426,12.9282,0.001288
scipy-powell,hot,7,427,12.9615,0.001288
scipy-powell,hot,7,428,12.9952,0.001288
scipy-powell,hot,7,429,13.0276,0.001288
scipy-powell,hot,7,430,13.0594,0.001288
scipy-powell,hot,7,432,13.1243,0.001288
scipy-powell,hot,7,568,17.3998,0.001170
scipy-powell,hot,7,571,17.4927,0.001170
scipy-powell,hot,7,572,17.5237,0.001170
scipy-powell,hot,7,573,17.5542,0.001170
scipy-powell,hot,7,574,17.5847,0.001170
scipy-powell,hot,7,575,17.6146,0.001170
scipy-powell,hot,7,694,21.1467,0.001038
scipy-powell,hot,7,696,21.2090,0.001037
scipy-powell,hot,7,697,21.2386,0.001036
scipy-powell,hot,7,699,21.2970,0.001036
scipy-powell,hot,7,700,21.3258,0.001036
scipy-powell,hot,7,701,21.3557,0.001036
scipy-powell,hot,7,702,21.3846,0.001036
scipy-powell,hot,7,703,21.4135,0.001036
scipy-powell,hot,7,704,21.4432,0.001036
scipy-powell,hot,7,817,24.7444,0.000967
scipy-powell,hot,7,820,24.8321,0.000964
scipy-powell,hot,7,822,24.8897,0.000963
scipy-powell,hot,7,823,24.9183,0.000963
scipy-powell,hot,7,824,24.9496,0.000963
scipy-powell,hot,7,825,24.9799,0.000963
scipy-powell,hot,7,826,25.0107,0.000963
scipy-powell,hot,7,827,25.0420,0.000963
scipy-powell,hot,7,828,25.0721,0.000963
scipy-powell,hot,7,940,28.4062,0.000869
scipy-powell,hot,7,943,28.4928,0.000852
scipy-powell,hot,7,944,28.5222,0.000845
scipy-powell,hot,7,946,28.5802,0.000844
scipy-powell,hot,7,947,28.6091,0.000844
scipy-powell,hot,7,948,28.6378,0.000844
scipy-powell,hot,7,949,28.6665,0.000844
scipy-powell,hot,7,950,28.6957,0.000844
scipy-powell,hot,7,951,28.7245,0.000844
scipy-powell,hot,7,952,28.7532,0.000844
scipy-powell,hot,7,953,28.7826,0.000844
scipy-powell,hot,7,954,28.8112,0.000844
scipy-powell,hot,7,956,28.8687,0.000844
scipy-powell,hot,7,957,28.8975,0.000844
scipy-powell,hot,7,1015,30.5974,0.000844
scipy-powell,hot,7,1016,30.6261,0.000844
scipy-powell,hot,7,1017,30.6549,0.000844
scipy-powell,hot,7,1018,30.6838,0.000844
scipy-powell,hot,7,1041,31.3507,0.000844
scipy-powell,hot,7,1042,31.3797,0.000844
scipy-powell,hot,7,1043,31.4084,0.000844
scipy-powell,hot,7,1044,31.4372,0.000844
scipy-powell,hot,7,1046,31.4947,0.000844
scipy-powell,hot,7,1048,31.5526,0.000844
scipy-powell,hot,7,1054,31.7290,0.000844
scipy-powell,hot,7,1069,32.1704,0.000838
scipy-powell,hot,7,1072,32.2599,0.000838
scipy-powell,hot,7,1074,32.3187,0.000838
scipy-powell,hot,7,1075,32.3479,0.000838
scipy-powell,hot,7,1076,32.3768,0.000838
scipy-powell,hot,7,1077,32.4057,0.000838
scipy-powell,hot,7,1078,32.4353,0.000838
scipy-powell,hot,7,1079,32.4640,0.000838
scipy-powell,hot,7,1151,34.6238,0.000838
scipy-powell,hot,7,1152,34.6533,0.000838
scipy-powell,hot,7,1153,34.6827,0.000838
scipy-powell,hot,7,1172,35.2474,0.000838
scipy-powell,hot,7,1173,35.2765,0.000838
scipy-powell,hot,7,1174,35.3060,0.000838
scipy-powell,hot,7,1180,35.4844,0.000838
scipy-powell,hot,7,1184,35.6163,0.000838
scipy-powell,hot,7,1193,35.9062,0.000838
scipy-powell,hot,7,1194,35.9381,0.000838
scipy-powell,hot,7,1195,35.9705,0.000838
scipy-powell,hot,7,1197,36.0320,0.000838
scipy-powell,hot,7,1199,36.0906,0.000838
scipy-powell,hot,7,1215,36.5631,0.000838
scipy-powell,hot,7,1216,36.5928,0.000838
scipy-powell,hot,7,1217,36.6225,0.000838
scipy-powell,hot,7,1218,36.6526,0.000838
scipy-powell,hot,7,1219,36.6824,0.000838
scipy-powell,hot,7,1220,36.7129,0.000838
scipy-powell,hot,7,1223,36.8033,0.000838
scipy-powell,hot,7,1224,36.8337,0.000838
scipy-powell,hot,7,1243,37.4023,0.000838
scipy-powell,hot,7,1244,37.4316,0.000838
scipy-powell,hot,7,1245,37.4613,0.000838
scipy-powell,hot,7,1246,37.4908,0.000838
scipy-powell,hot,7,1247,37.5197,0.000838
scipy-powell,hot,7,1251,37.6392,0.000838
scipy-powell,hot,7,1254,37.7272,0.000838
scipy-powell,hot,7,1255,37.7565,0.000838
scipy-powell,hot,7,1258,37.8453,0.000838
scipy-powell,hot,7,1282,38.5756,0.000838
scipy-powell,hot,7,1284,38.6381,0.000838
scipy-powell,hot,7,1291,38.8555,0.000838
scipy-powell,hot,7,1311,39.4540,0.000836
scipy-powell,hot,7,1313,39.5128,0.000836
scipy-powell,hot,7,1314,39.5419,0.000836
scipy-powell,hot,7,1315,39.5711,0.000836
scipy-powell,hot,7,1316,39.6009,0.000836
scipy-powell,hot,7,1317,39.6303,0.000836
scipy-powell,hot,7,1318,39.6596,0.000836
scipy-powell,hot,7,1319,39.6890,0.000836
scipy-powell,hot,7,1321,39.7476,0.000836
scipy-powell,hot,7,1322,39.7768,0.000836
scipy-powell,hot,7,1376,41.4378,0.000836
scipy-powell,hot,7,1378,41.4978,0.000836
scipy-powell,hot,7,1379,41.5286,0.000836
scipy-powell,hot,7,1380,41.5586,0.000836
scipy-powell,hot,7,1394,41.9814,0.000836
scipy-powell,hot,7,1395,42.0114,0.000836
scipy-powell,hot,7,1396,42.0412,0.000836
scipy-powell,hot,7,1397,42.0716,0.000836
scipy-powell,hot,7,1398,42.1015,0.000836
scipy-powell,hot,7,1401,42.1960,0.000836
scipy-powell,hot,7,1411,42.5060,0.000836
scipy-powell,hot,7,1417,42.6884,0.000836
scipy-powell,hot,7,1418,42.7182,0.000836
scipy-powell,hot,7,1433,43.1925,0.000836
scipy-powell,hot,7,1443,43.5037,0.000836
scipy-powell,hot,7,1471,44.3688,0.000834
scipy-powell,hot,7,1473,44.4286,0.000833
scipy-powell,hot,7,1474,44.4586,0.000793
scipy-powell,hot,7,1475,44.4891,0.000788
scipy-powell,hot,7,1478,44.5788,0.000788
scipy-powell,hot,7,1480,44.6385,0.000788
scipy-powell,hot,7,1481,44.6684,0.000788
scipy-powell,hot,7,1482,44.6985,0.000788
scipy-powell,hot,7,1664,50.1824,0.000699
scipy-powell,hot,7,1665,50.2137,0.000693
scipy-powell,hot,7,1667,50.2776,0.000686
scipy-powell,hot,7,1668,50.3083,0.000686
scipy-powell,hot,7,1669,50.3389,0.000685
scipy-powell,hot,7,1671,50.3991,0.000685
scipy-powell,hot,7,1672,50.4290,0.000685
scipy-powell,hot,7,1674,50.4898,0.000685
scipy-powell,hot,7,1675,50.5201,0.000685
scipy-powell,hot,7,1676,50.5509,0.000685
scipy-powell,hot,7,1677,50.5829,0.000685
scipy-powell,hot,7,1678,50.6152,0.000685
scipy-powell,hot,7,1976,59.6034,0.000660
scipy-powell,hot,7,1978,59.6629,0.000657
scipy-powell,hot,7,1981,59.7518,0.000657
scipy-powell,hot,7,1982,59.7810,0.000657
scipy-powell,hot,7,1983,59.8103,0.000657
scipy-de,hot,7,0,0.0000,0.010203
opt-ga,hot,7,0,0.0000,0.010203
opt-ga,hot,7,222,4.3539,0.010135
opt-ga,hot,7,384,7.6330,0.009067
opt-ga,hot,7,399,7.9549,0.005077
opt-ga,hot,7,589,12.4600,0.005020
opt-ga,hot,7,630,13.5319,0.003384
opt-ga,hot,7,631,13.5612,0.001858
opt-ga,hot,7,641,13.8323,0.001682
opt-ga,hot,7,845,19.7995,0.001408
opt-ga,hot,7,1041,25.7730,0.001370
opt-ga,hot,7,1051,26.0699,0.001341
opt-ga,hot,7,1062,26.3989,0.001335
opt-ga,hot,7,1187,30.0490,0.001332
opt-ga,hot,7,1254,32.0492,0.001230
opt-ga,hot,7,1354,34.9979,0.001223
opt-ga,hot,7,1380,35.7528,0.001169
opt-ga,hot,7,1652,43.8161,0.001164
opt-ga,hot,7,1804,48.4372,0.001139
opt-ga,hot,7,1812,48.6789,0.001107
opt-ga,hot,7,1825,49.0620,0.000992
opt-pso,hot,7,0,0.0000,0.010203
opt-aco,hot,7,0,0.0000,0.010203
opt-gd,hot,7,0,0.0000,0.010203
opt-gd,hot,7,12,0.4137,0.010203
opt-gd,hot,7,14,0.4750,0.010203
opt-gd,hot,7,22,0.7202,0.010203
opt-gd,hot,7,32,1.0285,0.010203
opt-gd,hot,7,33,1.0593,0.010203
opt-gd,hot,7,38,1.2120,0.010203
opt-gd,hot,7,39,1.2427,0.010203
opt-gd,hot,7,63,1.9793,0.010203
opt-gd,hot,7,102,3.2063,0.010159
opt-gd,hot,7,113,3.5420,0.010159
opt-gd,hot,7,129,4.0423,0.010159
opt-gd,hot,7,133,4.1711,0.010159
opt-gd,hot,7,134,4.2039,0.010159
opt-gd,hot,7,139,4.3688,0.010159
opt-gd,hot,7,140,4.4004,0.010159
opt-gd,hot,7,164,5.1586,0.010159
opt-gd,hot,7,304,9.6342,0.001847
opt-gd,hot,7,307,9.7285,0.001847
opt-gd,hot,7,308,9.7597,0.001847
opt-gd,hot,7,309,9.7910,0.001847
opt-gd,hot,7,310,9.8222,0.001847
opt-gd,hot,7,316,10.0083,0.001847
opt-gd,hot,7,325,10.2864,0.001847
opt-gd,hot,7,326,10.3169,0.001847
opt-gd,hot,7,356,11.2506,0.001847
opt-gd,hot,7,363,11.4691,0.001847
opt-gd,hot,7,364,11.5005,0.001847
opt-gd,hot,7,506,15.8995,0.001210
opt-gd,hot,7,509,15.9943,0.001210
opt-gd,hot,7,510,16.0249,0.001210
opt-gd,hot,7,511,16.0556,0.001210
opt-gd,hot,7,512,16.0860,0.001210
opt-gd,hot,7,518,16.2687,0.001210
opt-gd,hot,7,534,16.7621,0.001210
opt-gd,hot,7,558,17.4987,0.001210
opt-gd,hot,7,565,17.7080,0.001210
opt-gd,hot,7,566,17.7381,0.001210
opt-gd,hot,7,607,18.9890,0.001179
opt-gd,hot,7,610,19.0821,0.001179
opt-gd,hot,7,611,19.1122,0.001179
opt-gd,hot,7,612,19.1426,0.001179
opt-gd,hot,7,613,19.1733,0.001179
opt-gd,hot,7,619,19.3651,0.001179
opt-gd,hot,7,635,19.8944,0.001179
opt-gd,hot,7,659,20.6461,0.001179
opt-gd,hot,7,666,20.8664,0.001179
opt-gd,hot,7,667,20.8972,0.001179
opt-gd,hot,7,708,22.1895,0.001081
opt-gd,hot,7,711,22.2814,0.001081
opt-gd,hot,7,712,22.3123,0.001081
opt-gd,hot,7,713,22.3436,0.001081
opt-gd,hot,7,714,22.3740,0.001081
opt-gd,hot,7,720,22.5596,0.001081
opt-gd,hot,7,736,23.0688,0.001081
opt-gd,hot,7,760,23.8604,0.001081
opt-gd,hot,7,767,24.0821,0.001081
opt-gd,hot,7,768,24.1152,0.001081
opt-gd,hot,7,809,25.4492,0.000872
opt-gd,hot,7,812,25.5469,0.000872
opt-gd,hot,7,813,25.5799,0.000872
opt-gd,hot,7,814,25.6135,0.000872
opt-gd,hot,7,815,25.6492,0.000872
opt-gd,hot,7,868,27.3143,0.000872
opt-gd,hot,7,910,28.7056,0.000835
opt-gd,hot,7,913,28.8012,0.000835
opt-gd,hot,7,914,28.8329,0.000835
opt-gd,hot,7,915,28.8670,0.000835
opt-gd,hot,7,916,28.9012,0.000835
opt-gd,hot,7,969,30.6093,0.000835
opt-gd,hot,7,1011,31.9325,0.000797
opt-gd,hot,7,1014,32.0247,0.000797
opt-gd,hot,7,1015,32.0555,0.000797
opt-gd,hot,7,1016,32.0862,0.000797
opt-gd,hot,7,1017,32.1169,0.000797
opt-gd,hot,7,1032,32.5823,0.000797
opt-gd,hot,7,1033,32.6132,0.000797
opt-gd,hot,7,1070,33.7727,0.000797
opt-gd,hot,7,1112,35.0811,0.000789
opt-gd,hot,7,1115,35.1791,0.000789
opt-gd,hot,7,1116,35.2103,0.000789
opt-gd,hot,7,1117,35.2423,0.000789
opt-gd,hot,7,1118,35.2754,0.000789
opt-gd,hot,7,1213,38.2239,0.000785
opt-gd,hot,7,1216,38.3172,0.000785
opt-gd,hot,7,1217,38.3482,0.000785
opt-gd,hot,7,1218,38.3802,0.000785
opt-gd,hot,7,1219,38.4108,0.000785
opt-gd,hot,7,1415,44.4518,0.000770
opt-gd,hot,7,1418,44.5445,0.000770
opt-gd,hot,7,1419,44.5755,0.000770
opt-gd,hot,7,1420,44.6064,0.000770
opt-gd,hot,7,1421,44.6371,0.000770
opt-gd,hot,7,1516,47.5647,0.000765
opt-gd,hot,7,1519,47.6573,0.000765
opt-gd,hot,7,1520,47.6879,0.000765
opt-gd,hot,7,1521,47.7178,0.000765
opt-gd,hot,7,1522,47.7484,0.000765
opt-gd,hot,7,1617,50.6773,0.000713
opt-gd,hot,7,1620,50.7691,0.000713
opt-gd,hot,7,1621,50.7995,0.000713
opt-gd,hot,7,1622,50.8304,0.000713
opt-gd,hot,7,1623,50.8613,0.000713
opt-gd,hot,7,1626,50.9548,0.000713
opt-gd,hot,7,1634,51.2088,0.000713
opt-gd,hot,7,1718,53.8623,0.000696
opt-gd,hot,7,1721,53.9579,0.000696
opt-gd,hot,7,1722,53.9898,0.000696
opt-gd,hot,7,1723,54.0215,0.000696
opt-gd,hot,7,1724,54.0540,0.000696
opt-gd,hot,7,1727,54.1519,0.000696
opt-gd,hot,7,1735,54.4112,0.000696
opt-gd,hot,7,1819,57.0999,0.000696
opt-gd,hot,7,1829,57.4278,0.000696
opt-gd,hot,7,1837,57.6789,0.000696
opt-gd,hot,7,1874,58.8595,0.000696
opt-gd,hot,7,1920,60.3584,0.000693
opt-gd,hot,7,1923,60.4549,0.000693
opt-gd,hot,7,1929,60.6517,0.000693
opt-gd,hot,7,1973,62.0510,0.000693
none,hot,8,0,0.0000,0.011041
scipy-lbfgsb,hot,8,0,0.0000,0.011041
scipy-lbfgsb,hot,8,8,0.2897,0.011041
scipy-lbfgsb,hot,8,10,0.3547,0.011041
scipy-lbfgsb,hot,8,18,0.6112,0.011041
scipy-lbfgsb,hot,8,42,1.3688,0.011041
scipy-lbfgsb,hot,8,102,3.2938,0.010931
scipy-lbfgsb,hot,8,109,3.5148,0.010931
scipy-lbfgsb,hot,8,125,4.0256,0.010931
scipy-lbfgsb,hot,8,133,4.2808,0.010930
scipy-lbfgsb,hot,8,203,6.4598,0.001624
scipy-lbfgsb,hot,8,210,6.6731,0.001624
scipy-lbfgsb,hot,8,226,7.1618,0.001624
scipy-lbfgsb,hot,8,234,7.4096,0.001624
scipy-lbfgsb,hot,8,405,12.7313,0.001483
scipy-lbfgsb,hot,8,406,12.7642,0.001483
scipy-lbfgsb,hot,8,407,12.7962,0.001483
scipy-lbfgsb,hot,8,413,12.9875,0.001483
scipy-lbfgsb,hot,8,429,13.4880,0.001483
scipy-lbfgsb,hot,8,437,13.7344,0.001483
scipy-lbfgsb,hot,8,438,13.7644,0.001483
scipy-lbfgsb,hot,8,446,14.0054,0.001480
scipy-lbfgsb,hot,8,447,14.0352,0.001475
scipy-lbfgsb,hot,8,506,15.8223,0.000976
scipy-lbfgsb,hot,8,507,15.8525,0.000976
scipy-lbfgsb,hot,8,508,15.8826,0.000976
scipy-lbfgsb,hot,8,514,16.0668,0.000976
scipy-lbfgsb,hot,8,530,16.5518,0.000976
scipy-lbfgsb,hot,8,538,16.8053,0.000976
scipy-lbfgsb,hot,8,547,17.0871,0.000976
scipy-lbfgsb,hot,8,548,17.1177,0.000976
scipy-lbfgsb,hot,8,607,18.9704,0.000952
scipy-lbfgsb,hot,8,608,19.0020,0.000952
scipy-lbfgsb,hot,8,609,19.0337,0.000952
scipy-lbfgsb,hot,8,615,19.2189,0.000952
scipy-lbfgsb,hot,8,631,19.7099,0.000952
scipy-lbfgsb,hot,8,639,19.9519,0.000952
scipy-lbfgsb,hot,8,640,19.9832,0.000952
scipy-lbfgsb,hot,8,641,20.0136,0.000952
scipy-lbfgsb,hot,8,648,20.2276,0.000952
scipy-lbfgsb,hot,8,649,20.2577,0.000952
scipy-lbfgsb,hot,8,687,21.4418,0.000952
scipy-lbfgsb,hot,8,708,22.1101,0.000886
scipy-lbfgsb,hot,8,709,22.1421,0.000886
scipy-lbfgsb,hot,8,710,22.1752,0.000886
scipy-lbfgsb,hot,8,716,22.3644,0.000886
scipy-lbfgsb,hot,8,732,22.8720,0.000886
scipy-lbfgsb,hot,8,740,23.1355,0.000886
scipy-lbfgsb,hot,8,741,23.1668,0.000886
scipy-lbfgsb,hot,8,749,23.4261,0.000886
scipy-lbfgsb,hot,8,809,25.3053,0.000849
scipy-lbfgsb,hot,8,810,25.3358,0.000849
scipy-lbfgsb,hot,8,811,25.3662,0.000849
scipy-lbfgsb,hot,8,841,26.2887,0.000849
scipy-lbfgsb,hot,8,842,26.3189,0.000849
scipy-lbfgsb,hot,8,850,26.5800,0.000849
scipy-lbfgsb,hot,8,910,28.4361,0.000833
scipy-lbfgsb,hot,8,911,28.4666,0.000833
scipy-lbfgsb,hot,8,912,28.4968,0.000833
scipy-lbfgsb,hot,8,923,28.8285,0.000833
scipy-lbfgsb,hot,8,939,29.3254,0.000833
scipy-lbfgsb,hot,8,943,29.4564,0.000833
scipy-lbfgsb,hot,8,951,29.7163,0.000833
scipy-lbfgsb,hot,8,1011,31.6282,0.000825
scipy-lbfgsb,hot,8,1012,31.6611,0.000825
scipy-lbfgsb,hot,8,1013,31.6940,0.000825
scipy-lbfgsb,hot,8,1024,32.0527,0.000825
scipy-lbfgsb,hot,8,1040,32.5715,0.000825
scipy-lbfgsb,hot,8,1052,32.9569,0.000825
scipy-lbfgsb,hot,8,1112,34.8822,0.000816
scipy-lbfgsb,hot,8,1113,34.9132,0.000816
scipy-lbfgsb,hot,8,1114,34.9437,0.000816
scipy-lbfgsb,hot,8,1121,35.1592,0.000816
scipy-lbfgsb,hot,8,1125,35.2872,0.000816
scipy-lbfgsb,hot,8,1141,35.7960,0.000816
scipy-lbfgsb,hot,8,1314,41.3596,0.000808
scipy-lbfgsb,hot,8,1321,41.5962,0.000808
scipy-lbfgsb,hot,8,1323,41.6643,0.000808
scipy-lbfgsb,hot,8,1328,41.8335,0.000808
scipy-lbfgsb,hot,8,1344,42.3987,0.000808
scipy-lbfgsb,hot,8,1351,42.6347,0.000808
scipy-lbfgsb,hot,8,1415,44.6932,0.000801
scipy-lbfgsb,hot,8,1416,44.7257,0.000801
scipy-lbfgsb,hot,8,1417,44.7575,0.000801
scipy-lbfgsb,hot,8,1424,44.9790,0.000801
scipy-lbfgsb,hot,8,1432,45.2316,0.000801
scipy-lbfgsb,hot,8,1452,45.8667,0.000801
scipy-lbfgsb,hot,8,1617,51.1076,0.000800
scipy-lbfgsb,hot,8,1621,51.2360,0.000800
scipy-lbfgsb,hot,8,1626,51.3968,0.000800
scipy-lbfgsb,hot,8,1634,51.6542,0.000800
scipy-lbfgsb,hot,8,1654,52.2929,0.000800
scipy-lbfgsb,hot,8,1718,54.3930,0.000796
scipy-lbfgsb,hot,8,1719,54.4260,0.000796
scipy-lbfgsb,hot,8,1720,54.4591,0.000796
scipy-lbfgsb,hot,8,1727,54.6976,0.000796
scipy-lbfgsb,hot,8,1731,54.8291,0.000796
scipy-lbfgsb,hot,8,1747,55.3485,0.000796
scipy-lbfgsb,hot,8,1755,55.6097,0.000796
scipy-lbfgsb,hot,8,1798,56.9961,0.000796
scipy-powell,hot,8,0,0.0000,0.011041
scipy-powell,hot,8,2,0.0957,0.002504
scipy-powell,hot,8,5,0.1880,0.002187
scipy-powell,hot,8,6,0.2191,0.001597
scipy-powell,hot,8,8,0.2829,0.001583
scipy-powell,hot,8,9,0.3144,0.001547
scipy-powell,hot,8,11,0.3855,0.001539
scipy-powell,hot,8,12,0.4231,0.001539
scipy-powell,hot,8,13,0.4597,0.001539
scipy-powell,hot,8,14,0.4962,0.001539
scipy-powell,hot,8,15,0.5316,0.001539
scipy-powell,hot,8,16,0.5683,0.001539
scipy-powell,hot,8,27,0.9369,0.001539
scipy-powell,hot,8,28,0.9682,0.001539
scipy-powell,hot,8,29,0.9990,0.001539
scipy-powell,hot,8,30,1.0302,0.001539
scipy-powell,hot,8,31,1.0618,0.001539
scipy-powell,hot,8,32,1.0926,0.001539
scipy-powell,hot,8,38,1.2789,0.001539
scipy-powell,hot,8,49,1.6292,0.001539
scipy-powell,hot,8,50,1.6603,0.001539
scipy-powell,hot,8,51,1.6914,0.001539
scipy-powell,hot,8,52,1.7227,0.001539
scipy-powell,hot,8,61,2.0096,0.001539
scipy-powell,hot,8,63,2.0726,0.001539
scipy-powell,hot,8,80,2.6141,0.001539
scipy-powell,hot,8,81,2.6452,0.001539
scipy-powell,hot,8,82,2.6767,0.001539
scipy-powell,hot,8,83,2.7081,0.001539
scipy-powell,hot,8,84,2.7404,0.001539
scipy-powell,hot,8,88,2.8698,0.001539
scipy-powell,hot,8,89,2.9015,0.001539
scipy-powell,hot,8,270,8.6368,0.001406
scipy-powell,hot,8,273,8.7348,0.001399
scipy-powell,hot,8,275,8.7973,0.001398
scipy-powell,hot,8,276,8.8285,0.001398
scipy-powell,hot,8,277,8.8593,0.001398
scipy-powell,hot,8,278,8.8913,0.001398
scipy-powell,hot,8,279,8.9221,0.001398
scipy-powell,hot,8,280,8.9529,0.001398
scipy-powell,hot,8,281,8.9835,0.001398
scipy-powell,hot,8,282,9.0149,0.001398
scipy-powell,hot,8,283,9.0466,0.001398
scipy-powell,hot,8,407,12.9070,0.001287
scipy-powell,hot,8,410,12.9958,0.001285
scipy-powell,hot,8,411,13.0251,0.001284
scipy-powell,hot,8,412,13.0549,0.001284
scipy-powell,hot,8,413,13.0860,0.001284
scipy-powell,hot,8,414,13.1160,0.001284
scipy-powell,hot,8,415,13.1460,0.001284
scipy-powell,hot,8,416,13.1758,0.001284
scipy-powell,hot,8,524,16.5059,0.001144
scipy-powell,hot,8,527,16.5965,0.001143
scipy-powell,hot,8,528,16.6265,0.001142
scipy-powell,hot,8,530,16.6862,0.001142
scipy-powell,hot,8,532,16.7465,0.001142
scipy-powell,hot,8,533,16.7766,0.001142
scipy-powell,hot,8,534,16.8077,0.001142
scipy-powell,hot,8,535,16.8391,0.001142
scipy-powell,hot,8,536,16.8706,0.001142
scipy-powell,hot,8,537,16.9029,0.001142
scipy-powell,hot,8,538,16.9346,0.001142
scipy-powell,hot,8,655,20.5382,0.001020
scipy-powell,hot,8,658,20.6296,0.001020
scipy-powell,hot,8,659,20.6597,0.001020
scipy-powell,hot,8,660,20.6897,0.001020
scipy-powell,hot,8,661,20.7200,0.001020
scipy-powell,hot,8,662,20.7502,0.001020
scipy-powell,hot,8,663,20.7807,0.001020
scipy-powell,hot,8,774,24.1551,0.000921
scipy-powell,hot,8,777,24.2456,0.000915
scipy-powell,hot,8,779,24.3062,0.000914
scipy-powell,hot,8,780,24.3361,0.000914
scipy-powell,hot,8,781,24.3660,0.000914
scipy-powell,hot,8,782,24.3964,0.000914
scipy-powell,hot,8,783,24.4291,0.000914
scipy-powell,hot,8,784,24.4597,0.000914
scipy-powell,hot,8,785,24.4902,0.000914
scipy-powell,hot,8,786,24.5206,0.000914
scipy-powell,hot,8,787,24.5510,0.000914
scipy-powell,hot,8,910,28.3571,0.000871
scipy-powell,hot,8,913,28.4472,0.000863
scipy-powell,hot,8,915,28.5077,0.000861
scipy-powell,hot,8,916,28.5386,0.000861
scipy-powell,hot,8,917,28.5697,0.000861
scipy-powell,hot,8,918,28.6012,0.000861
scipy-powell,hot,8,919,28.6317,0.000861
scipy-powell,hot,8,920,28.6626,0.000861
scipy-powell,hot,8,921,28.6934,0.000861
scipy-powell,hot,8,1039,32.4096,0.000854
scipy-powell,hot,8,1040,32.4409,0.000854
scipy-powell,hot,8,1041,32.4729,0.000853
scipy-powell,hot,8,1042,32.5038,0.000853
scipy-powell,hot,8,1043,32.5355,0.000853
scipy-powell,hot,8,1044,32.5666,0.000853
scipy-powell,hot,8,1045,32.5988,0.000853
scipy-powell,hot,8,1046,32.6307,0.000853
scipy-powell,hot,8,1176,36.7022,0.000847
scipy-powell,hot,8,1178,36.7632,0.000847
scipy-powell,hot,8,1179,36.7945,0.000847
scipy-powell,hot,8,1180,36.8254,0.000847
scipy-powell,hot,8,1181,36.8563,0.000847
scipy-powell,hot,8,1182,36.8874,0.000847
scipy-powell,hot,8,1183,36.9180,0.000847
scipy-powell,hot,8,1478,46.1317,0.000847
scipy-powell,hot,8,1479,46.1623,0.000847
scipy-powell,hot,8,1480,46.1929,0.000847
scipy-powell,hot,8,1481,46.2231,0.000847
scipy-powell,hot,8,1482,46.2533,0.000847
scipy-powell,hot,8,1483,46.2847,0.000847
scipy-powell,hot,8,1484,46.3149,0.000847
scipy-powell,hot,8,1485,46.3468,0.000847
scipy-powell,hot,8,1486,46.3771,0.000847
scipy-powell,hot,8,1525,47.5610,0.000847
scipy-powell,hot,8,1534,47.8326,0.000823
scipy-powell,hot,8,1537,47.9225,0.000821
scipy-powell,hot,8,1538,47.9519,0.000821
scipy-powell,hot,8,1539,47.9818,0.000821
scipy-powell,hot,8,1540,48.0119,0.000821
scipy-powell,hot,8,1546,48.1955,0.000821
scipy-powell,hot,8,1635,50.9378,0.000821
scipy-powell,hot,8,1636,50.9677,0.000821
scipy-powell,hot,8,1637,50.9980,0.000821
scipy-powell,hot,8,1638,51.0280,0.000821
scipy-powell,hot,8,1639,51.0578,0.000821
scipy-powell,hot,8,1640,51.0876,0.000821
scipy-powell,hot,8,1641,51.1176,0.000821
scipy-powell,hot,8,1642,51.1481,0.000821
scipy-powell,hot,8,1643,51.1806,0.000821
scipy-powell,hot,8,1645,51.2435,0.000821
scipy-powell,hot,8,1655,51.5439,0.000821
scipy-powell,hot,8,1656,51.5737,0.000821
scipy-powell,hot,8,1657,51.6036,0.000821
scipy-powell,hot,8,1658,51.6331,0.000821
scipy-powell,hot,8,1659,51.6644,0.000821
scipy-powell,hot,8,1660,51.6955,0.000821
scipy-powell,hot,8,1661,51.7255,0.000821
scipy-powell,hot,8,1669,51.9630,0.000821
scipy-powell,hot,8,1685,52.4569,0.000821
scipy-powell,hot,8,1687,52.5194,0.000821
scipy-powell,hot,8,1689,52.5811,0.000821
scipy-powell,hot,8,1690,52.6120,0.000821
scipy-powell,hot,8,1691,52.6430,0.000821
scipy-powell,hot,8,1692,52.6740,0.000821
scipy-powell,hot,8,1693,52.7045,0.000821
scipy-powell,hot,8,1694,52.7356,0.000821
scipy-powell,hot,8,1695,52.7668,0.000821
scipy-powell,hot,8,1701,52.9487,0.000821
scipy-powell,hot,8,1710,53.2205,0.000821
scipy-powell,hot,8,1711,53.2508,0.000821
scipy-powell,hot,8,1714,53.3445,0.000821
scipy-powell,hot,8,1715,53.3751,0.000821
scipy-powell,hot,8,1716,53.4053,0.000821
scipy-powell,hot,8,1717,53.4356,0.000821
scipy-powell,hot,8,1718,53.4661,0.000821
scipy-powell,hot,8,1725,53.6782,0.000821
scipy-powell,hot,8,1727,53.7406,0.000821
scipy-powell,hot,8,1729,53.8028,0.000821
scipy-powell,hot,8,1741,54.1716,0.000778
scipy-powell,hot,8,1744,54.2656,0.000778
scipy-powell,hot,8,1745,54.2971,0.000778
scipy-powell,hot,8,1746,54.3277,0.000778
scipy-powell,hot,8,1747,54.3608,0.000778
scipy-powell,hot,8,1748,54.3920,0.000778
scipy-powell,hot,8,1749,54.4233,0.000778
scipy-powell,hot,8,1751,54.4861,0.000778
scipy-powell,hot,8,1806,56.2378,0.000778
scipy-powell,hot,8,1807,56.2699,0.000778
scipy-powell,hot,8,1808,56.3020,0.000778
scipy-powell,hot,8,1809,56.3323,0.000778
scipy-powell,hot,8,1810,56.3626,0.000778
scipy-powell,hot,8,1813,56.4534,0.000778
scipy-powell,hot,8,1829,56.9489,0.000778
scipy-powell,hot,8,1830,56.9820,0.000778
scipy-powell,hot,8,1831,57.0116,0.000778
scipy-powell,hot,8,1832,57.0417,0.000778
scipy-powell,hot,8,1833,57.0712,0.000778
scipy-powell,hot,8,1835,57.1308,0.000778
scipy-powell,hot,8,1839,57.2483,0.000778
scipy-powell,hot,8,1850,57.5745,0.000778
scipy-powell,hot,8,1851,57.6040,0.000778
scipy-powell,hot,8,1852,57.6332,0.000778
scipy-powell,hot,8,1853,57.6627,0.000778
scipy-powell,hot,8,1854,57.6927,0.000778
scipy-powell,hot,8,1862,57.9336,0.000778
scipy-powell,hot,8,1864,57.9923,0.000778
scipy-powell,hot,8,1865,58.0217,0.000778
scipy-powell,hot,8,1866,58.0511,0.000778
scipy-powell,hot,8,1867,58.0806,0.000778
scipy-powell,hot,8,1868,58.1117,0.000778
scipy-powell,hot,8,1869,58.1416,0.000778
scipy-powell,hot,8,1879,58.4371,0.000778
scipy-de,hot,8,0,0.0000,0.011041
opt-ga,hot,8,0,0.0000,0.011041
opt-ga,hot,8,368,7.1841,0.010223
opt-ga,hot,8,407,8.1088,0.009285
opt-ga,hot,8,419,8.4292,0.006197
opt-ga,hot,8,454,9.3242,0.004140
opt-ga,hot,8,518,11.0193,0.004126
opt-ga,hot,8,584,12.8725,0.003417
opt-ga,hot,8,598,13.2713,0.002067
opt-ga,hot,8,645,14.5963,0.001757
opt-ga,hot,8,809,19.3099,0.001714
opt-ga,hot,8,876,21.3237,0.001527
opt-ga,hot,8,878,21.3846,0.001245
opt-ga,hot,8,1063,27.0343,0.001135
opt-ga,hot,8,1233,32.1754,0.001132
opt-ga,hot,8,1270,33.2849,0.001002
opt-ga,hot,8,1334,35.2104,0.000919
opt-ga,hot,8,1528,41.2088,0.000852
opt-ga,hot,8,1675,45.7012,0.000844
opt-pso,hot,8,0,0.0000,0.011041
opt-aco,hot,8,0,0.0000,0.011041
opt-aco,hot,8,1555,29.5811,0.009455
opt-aco,hot,8,1995,37.7789,0.008724
opt-gd,hot,8,0,0.0000,0.011041
opt-gd,hot,8,8,0.2767,0.011041
opt-gd,hot,8,10,0.3378,0.011041
opt-gd,hot,8,18,0.5808,0.011041
opt-gd,hot,8,42,1.3112,0.011041
opt-gd,hot,8,46,1.4332,0.011041
opt-gd,hot,8,61,1.9031,0.011041
opt-gd,hot,8,71,2.2287,0.011041
opt-gd,hot,8,102,3.1976,0.010995
opt-gd,hot,8,109,3.4151,0.010995
opt-gd,hot,8,125,3.9186,0.010995
opt-gd,hot,8,133,4.1713,0.010995
opt-gd,hot,8,147,4.6022,0.010995
opt-gd,hot,8,162,5.0558,0.010995
opt-gd,hot,8,172,5.3567,0.010995
opt-gd,hot,8,304,9.4701,0.001310
opt-gd,hot,8,312,9.7208,0.001310
opt-gd,hot,8,328,10.2232,0.001310
opt-gd,hot,8,335,10.4382,0.001310
opt-gd,hot,8,506,15.6618,0.001240
opt-gd,hot,8,514,15.9067,0.001240
opt-gd,hot,8,530,16.3942,0.001240
opt-gd,hot,8,538,16.6384,0.001240
opt-gd,hot,8,607,18.7640,0.001098
opt-gd,hot,8,608,18.7968,0.001098
opt-gd,hot,8,609,18.8290,0.001098
opt-gd,hot,8,615,19.0167,0.001098
opt-gd,hot,8,631,19.5046,0.001098
opt-gd,hot,8,639,19.7490,0.001098
opt-gd,hot,8,641,19.8091,0.001098
opt-gd,hot,8,687,21.2087,0.001098
opt-gd,hot,8,708,21.8520,0.000908
opt-gd,hot,8,709,21.8835,0.000908
opt-gd,hot,8,710,21.9135,0.000908
opt-gd,hot,8,716,22.0987,0.000908
opt-gd,hot,8,732,22.5900,0.000908
opt-gd,hot,8,740,22.8363,0.000908
opt-gd,hot,8,741,22.8669,0.000908
opt-gd,hot,8,742,22.8980,0.000908
opt-gd,hot,8,788,24.3246,0.000908
opt-gd,hot,8,809,24.9915,0.000874
opt-gd,hot,8,810,25.0243,0.000874
opt-gd,hot,8,811,25.0565,0.000874
opt-gd,hot,8,817,25.2511,0.000874
opt-gd,hot,8,833,25.7806,0.000874
opt-gd,hot,8,841,26.0426,0.000874
opt-gd,hot,8,842,26.0766,0.000874
opt-gd,hot,8,843,26.1097,0.000874
opt-gd,hot,8,889,27.5873,0.000874
opt-gd,hot,8,910,28.2636,0.000846
opt-gd,hot,8,911,28.2948,0.000846
opt-gd,hot,8,912,28.3275,0.000846
opt-gd,hot,8,942,29.2970,0.000846
opt-gd,hot,8,943,29.3276,0.000846
opt-gd,hot,8,1011,31.4442,0.000838
opt-gd,hot,8,1012,31.4756,0.000838
opt-gd,hot,8,1013,31.5070,0.000838
opt-gd,hot,8,1044,32.4726,0.000838
opt-gd,hot,8,1112,34.5812,0.000835
opt-gd,hot,8,1113,34.6120,0.000835
opt-gd,hot,8,1114,34.6429,0.000835
opt-gd,hot,8,1145,35.6075,0.000835
opt-gd,hot,8,1213,37.6785,0.000834
opt-gd,hot,8,1214,37.7090,0.000834
opt-gd,hot,8,1215,37.7392,0.000834
opt-gd,hot,8,1314,40.7850,0.000832
opt-gd,hot,8,1315,40.8165,0.000832
opt-gd,hot,8,1316,40.8487,0.000832
opt-gd,hot,8,1415,43.9338,0.000829
opt-gd,hot,8,1416,43.9645,0.000829
opt-gd,hot,8,1417,43.9953,0.000829
opt-gd,hot,8,1494,46.3571,0.000829
opt-gd,hot,8,1495,46.3885,0.000829
opt-gd,hot,8,1516,47.0435,0.000827
opt-gd,hot,8,1517,47.0750,0.000827
opt-gd,hot,8,1518,47.1062,0.000827
opt-gd,hot,8,1595,49.5317,0.000827
opt-gd,hot,8,1617,50.2231,0.000825
opt-gd,hot,8,1618,50.2547,0.000825
opt-gd,hot,8,1619,50.2864,0.000825
opt-gd,hot,8,1819,56.6695,0.000824
opt-gd,hot,8,1820,56.7004,0.000824
opt-gd,hot,8,1821,56.7314,0.000824
opt-gd,hot,8,1836,57.2025,0.000824
none,hot,9,0,0.0000,0.013512
scipy-lbfgsb,hot,9,0,0.0000,0.013512
scipy-lbfgsb,hot,9,8,0.2935,0.013512
scipy-lbfgsb,hot,9,10,0.3585,0.013512
scipy-lbfgsb,hot,9,18,0.6202,0.013512
scipy-lbfgsb,hot,9,56,1.9088,0.013512
scipy-lbfgsb,hot,9,94,3.1401,0.013335
scipy-lbfgsb,hot,9,101,3.3631,0.013335
scipy-lbfgsb,hot,9,117,3.8671,0.013335
scipy-lbfgsb,hot,9,125,4.1178,0.013335
scipy-lbfgsb,hot,9,179,5.8675,0.013334
scipy-lbfgsb,hot,9,187,6.1288,0.002695
scipy-lbfgsb,hot,9,188,6.1612,0.002695
scipy-lbfgsb,hot,9,189,6.1933,0.002695
scipy-lbfgsb,hot,9,190,6.2263,0.002695
scipy-lbfgsb,hot,9,191,6.2585,0.002695
scipy-lbfgsb,hot,9,211,6.9007,0.002695
scipy-lbfgsb,hot,9,219,7.1622,0.002695
scipy-lbfgsb,hot,9,220,7.1962,0.002695
scipy-lbfgsb,hot,9,242,7.9268,0.002692
scipy-lbfgsb,hot,9,243,7.9599,0.002689
scipy-lbfgsb,hot,9,280,9.1748,0.002169
scipy-lbfgsb,hot,9,281,9.2081,0.002169
scipy-lbfgsb,hot,9,282,9.2405,0.002169
scipy-lbfgsb,hot,9,283,9.2727,0.002169
scipy-lbfgsb,hot,9,284,9.3052,0.002169
scipy-lbfgsb,hot,9,288,9.4330,0.002169
scipy-lbfgsb,hot,9,304,9.9490,0.002169
scipy-lbfgsb,hot,9,312,10.2013,0.002169
scipy-lbfgsb,hot,9,335,10.9218,0.002169
scipy-lbfgsb,hot,9,373,12.1092,0.001977
scipy-lbfgsb,hot,9,374,12.1407,0.001977
scipy-lbfgsb,hot,9,375,12.1721,0.001977
scipy-lbfgsb,hot,9,376,12.2038,0.001977
scipy-lbfgsb,hot,9,377,12.2354,0.001977
scipy-lbfgsb,hot,9,397,12.8680,0.001977
scipy-lbfgsb,hot,9,405,13.1215,0.001977
scipy-lbfgsb,hot,9,406,13.1532,0.001977
scipy-lbfgsb,hot,9,407,13.1851,0.001977
scipy-lbfgsb,hot,9,428,13.8469,0.001977
scipy-lbfgsb,hot,9,434,14.0347,0.001977
scipy-lbfgsb,hot,9,435,14.0660,0.001977
scipy-lbfgsb,hot,9,466,15.0467,0.001905
scipy-lbfgsb,hot,9,467,15.0794,0.001905
scipy-lbfgsb,hot,9,468,15.1115,0.001905
scipy-lbfgsb,hot,9,469,15.1436,0.001905
scipy-lbfgsb,hot,9,470,15.1759,0.001905
scipy-lbfgsb,hot,9,498,16.0736,0.001905
scipy-lbfgsb,hot,9,499,16.1057,0.001905
scipy-lbfgsb,hot,9,500,16.1375,0.001905
scipy-lbfgsb,hot,9,521,16.8109,0.001905
scipy-lbfgsb,hot,9,527,17.0034,0.001905
scipy-lbfgsb,hot,9,559,18.0529,0.001785
scipy-lbfgsb,hot,9,560,18.0853,0.001785
scipy-lbfgsb,hot,9,561,18.1183,0.001785
scipy-lbfgsb,hot,9,562,18.1517,0.001785
scipy-lbfgsb,hot,9,563,18.1836,0.001785
scipy-lbfgsb,hot,9,572,18.4733,0.001785
scipy-lbfgsb,hot,9,586,18.9188,0.001785
scipy-lbfgsb,hot,9,592,19.1089,0.001785
scipy-lbfgsb,hot,9,593,19.1398,0.001785
scipy-lbfgsb,hot,9,614,19.8053,0.001785
scipy-lbfgsb,hot,9,620,20.0056,0.001785
scipy-lbfgsb,hot,9,652,21.0281,0.001742
scipy-lbfgsb,hot,9,653,21.0593,0.001742
scipy-lbfgsb,hot,9,654,21.0904,0.001742
scipy-lbfgsb,hot,9,655,21.1222,0.001742
scipy-lbfgsb,hot,9,656,21.1536,0.001742
scipy-lbfgsb,hot,9,665,21.4323,0.001742
scipy-lbfgsb,hot,9,679,21.8685,0.001742
scipy-lbfgsb,hot,9,707,22.7504,0.001742
scipy-lbfgsb,hot,9,745,23.9346,0.001686
scipy-lbfgsb,hot,9,746,23.9691,0.001686
scipy-lbfgsb,hot,9,747,24.0013,0.001686
scipy-lbfgsb,hot,9,748,24.0335,0.001686
scipy-lbfgsb,hot,9,749,24.0664,0.001686
scipy-lbfgsb,hot,9,758,24.3510,0.001686
scipy-lbfgsb,hot,9,772,24.7969,0.001686
scipy-lbfgsb,hot,9,838,26.9434,0.001599
scipy-lbfgsb,hot,9,845,27.1668,0.001599
scipy-lbfgsb,hot,9,847,27.2304,0.001599
scipy-lbfgsb,hot,9,852,27.3883,0.001599
scipy-lbfgsb,hot,9,866,27.8311,0.001599
scipy-lbfgsb,hot,9,931,29.8682,0.001589
scipy-lbfgsb,hot,9,932,29.8992,0.001589
scipy-lbfgsb,hot,9,933,29.9304,0.001589
scipy-lbfgsb,hot,9,934,29.9611,0.001589
scipy-lbfgsb,hot,9,935,29.9918,0.001589
scipy-lbfgsb,hot,9,944,30.2735,0.001589
scipy-lbfgsb,hot,9,958,30.7195,0.001589
scipy-lbfgsb,hot,9,966,30.9682,0.001589
scipy-lbfgsb,hot,9,1024,32.7805,0.001555
scipy-lbfgsb,hot,9,1025,32.8133,0.001555
scipy-lbfgsb,hot,9,1026,32.8467,0.001555
scipy-lbfgsb,hot,9,1027,32.8796,0.001555
scipy-lbfgsb,hot,9,1028,32.9114,0.001555
scipy-lbfgsb,hot,9,1033,33.0734,0.001555
scipy-lbfgsb,hot,9,1037,33.2017,0.001555
scipy-lbfgsb,hot,9,1051,33.6594,0.001555
scipy-lbfgsb,hot,9,1059,33.9257,0.001555
scipy-lbfgsb,hot,9,1113,35.7111,0.001555
scipy-lbfgsb,hot,9,1210,38.9421,0.001547
scipy-lbfgsb,hot,9,1213,39.0433,0.001547
scipy-lbfgsb,hot,9,1214,39.0764,0.001547
scipy-lbfgsb,hot,9,1219,39.2424,0.001547
scipy-lbfgsb,hot,9,1227,39.5115,0.001547
scipy-lbfgsb,hot,9,1243,40.0575,0.001547
scipy-lbfgsb,hot,9,1244,40.0912,0.001547
scipy-lbfgsb,hot,9,1299,41.9222,0.001547
scipy-lbfgsb,hot,9,1303,42.0501,0.001545
scipy-lbfgsb,hot,9,1310,42.2819,0.001545
scipy-lbfgsb,hot,9,1317,42.5103,0.001545
scipy-lbfgsb,hot,9,1331,42.9670,0.001545
scipy-lbfgsb,hot,9,1336,43.1340,0.001545
scipy-lbfgsb,hot,9,1337,43.1662,0.001545
scipy-lbfgsb,hot,9,1339,43.2296,0.001545
scipy-lbfgsb,hot,9,1396,45.0803,0.001544
scipy-lbfgsb,hot,9,1403,45.3139,0.001544
scipy-lbfgsb,hot,9,1410,45.5474,0.001544
scipy-lbfgsb,hot,9,1424,46.0132,0.001544
scipy-lbfgsb,hot,9,1429,46.1758,0.001544
scipy-lbfgsb,hot,9,1430,46.2079,0.001544
scipy-lbfgsb,hot,9,1432,46.2725,0.001544
scipy-lbfgsb,hot,9,1489,48.1397,0.001543
scipy-lbfgsb,hot,9,1496,48.3657,0.001543
scipy-lbfgsb,hot,9,1503,48.5926,0.001543
scipy-lbfgsb,hot,9,1511,48.8473,0.001543
scipy-lbfgsb,hot,9,1522,49.1907,0.001543
scipy-lbfgsb,hot,9,1554,50.2124,0.001543
scipy-lbfgsb,hot,9,1556,50.2763,0.001543
scipy-lbfgsb,hot,9,1582,51.1225,0.001543
scipy-lbfgsb,hot,9,1584,51.1860,0.001543
scipy-lbfgsb,hot,9,1585,51.2178,0.001543
scipy-lbfgsb,hot,9,1586,51.2503,0.001543
scipy-lbfgsb,hot,9,1595,51.5346,0.001543
scipy-lbfgsb,hot,9,1609,51.9838,0.001543
scipy-lbfgsb,hot,9,1617,52.2320,0.001543
scipy-lbfgsb,hot,9,1649,53.2432,0.001543
scipy-lbfgsb,hot,9,1675,54.0645,0.001543
scipy-lbfgsb,hot,9,1676,54.0962,0.001543
scipy-lbfgsb,hot,9,1677,54.1282,0.001543
scipy-lbfgsb,hot,9,1678,54.1596,0.001543
scipy-lbfgsb,hot,9,1679,54.1920,0.001543
scipy-lbfgsb,hot,9,1688,54.4766,0.001543
scipy-lbfgsb,hot,9,1702,54.9203,0.001543
scipy-lbfgsb,hot,9,1710,55.1722,0.001543
scipy-lbfgsb,hot,9,1768,56.9935,0.001541
scipy-lbfgsb,hot,9,1769,57.0267,0.001541
scipy-lbfgsb,hot,9,1770,57.0598,0.001541
scipy-lbfgsb,hot,9,1771,57.0923,0.001541
scipy-lbfgsb,hot,9,1772,57.1239,0.001541
scipy-lbfgsb,hot,9,1781,57.4035,0.001541
scipy-lbfgsb,hot,9,1795,57.8508,0.001541
scipy-lbfgsb,hot,9,1803,58.1085,0.001541
scipy-powell,hot,9,0,0.0000,0.013512
scipy-powell,hot,9,7,0.2515,0.013512
scipy-powell,hot,9,8,0.2837,0.013512
scipy-powell,hot,9,9,0.3156,0.013512
scipy-powell,hot,9,23,0.7621,0.013512
scipy-powell,hot,9,38,1.2316,0.013512
scipy-powell,hot,9,39,1.2628,0.013512
scipy-powell,hot,9,41,1.3267,0.013512
scipy-powell,hot,9,42,1.3595,0.013512
scipy-powell,hot,9,43,1.3923,0.013512
scipy-powell,hot,9,44,1.4251,0.013512
scipy-powell,hot,9,51,1.6513,0.013512
scipy-powell,hot,9,56,1.8141,0.004981
scipy-powell,hot,9,59,1.9108,0.003761
scipy-powell,hot,9,60,1.9439,0.003490
scipy-powell,hot,9,61,1.9762,0.003143
scipy-powell,hot,9,64,2.0787,0.003143
scipy-powell,hot,9,65,2.1120,0.003143
scipy-powell,hot,9,66,2.1454,0.003143
scipy-powell,hot,9,67,2.1776,0.003143
scipy-powell,hot,9,68,2.2094,0.003143
scipy-powell,hot,9,73,2.3750,0.003143
scipy-powell,hot,9,81,2.6301,0.003143
scipy-powell,hot,9,83,2.6932,0.003143
scipy-powell,hot,9,84,2.7246,0.003143
scipy-powell,hot,9,85,2.7570,0.003143
scipy-powell,hot,9,86,2.7885,0.003143
scipy-powell,hot,9,274,8.7282,0.002876
scipy-powell,hot,9,277,8.8216,0.002857
scipy-powell,hot,9,278,8.8520,0.002850
scipy-powell,hot,9,281,8.9466,0.002849
scipy-powell,hot,9,282,8.9773,0.002849
scipy-powell,hot,9,285,9.0688,0.002849
scipy-powell,hot,9,286,9.0994,0.002849
scipy-powell,hot,9,287,9.1299,0.002849
scipy-powell,hot,9,288,9.1604,0.002849
scipy-powell,hot,9,289,9.1906,0.002849
scipy-powell,hot,9,413,13.0459,0.002561
scipy-powell,hot,9,415,13.1070,0.002561
scipy-powell,hot,9,416,13.1375,0.002558
scipy-powell,hot,9,417,13.1682,0.002558
scipy-powell,hot,9,418,13.1991,0.002558
scipy-powell,hot,9,419,13.2297,0.002558
scipy-powell,hot,9,420,13.2605,0.002558
scipy-powell,hot,9,421,13.2912,0.002558
scipy-powell,hot,9,531,16.8672,0.002283
scipy-powell,hot,9,532,16.9022,0.002278
scipy-powell,hot,9,535,17.0059,0.002277
scipy-powell,hot,9,536,17.0387,0.002277
scipy-powell,hot,9,537,17.0722,0.002277
scipy-powell,hot,9,539,17.1396,0.002277
scipy-powell,hot,9,540,17.1724,0.002277
scipy-powell,hot,9,541,17.2058,0.002277
scipy-powell,hot,9,542,17.2396,0.002277
scipy-powell,hot,9,543,17.2738,0.002277
scipy-powell,hot,9,552,17.5750,0.002277
scipy-powell,hot,9,670,21.4714,0.002035
scipy-powell,hot,9,672,21.5361,0.002032
scipy-powell,hot,9,673,21.5686,0.002031
scipy-powell,hot,9,674,21.6001,0.002031
scipy-powell,hot,9,675,21.6328,0.002031
scipy-powell,hot,9,676,21.6650,0.002031
scipy-powell,hot,9,677,21.6980,0.002031
scipy-powell,hot,9,678,21.7327,0.002031
scipy-powell,hot,9,789,25.3752,0.001811
scipy-powell,hot,9,790,25.4092,0.001811
scipy-powell,hot,9,793,25.5112,0.001810
scipy-powell,hot,9,796,25.6090,0.001810
scipy-powell,hot,9,797,25.6411,0.001810
scipy-powell,hot,9,798,25.6739,0.001810
scipy-powell,hot,9,799,25.7097,0.001810
scipy-powell,hot,9,800,25.7460,0.001810
scipy-powell,hot,9,852,27.4546,0.001695
scipy-powell,hot,9,855,27.5486,0.001693
scipy-powell,hot,9,856,27.5801,0.001693
scipy-powell,hot,9,857,27.6113,0.001693
scipy-powell,hot,9,858,27.6424,0.001693
scipy-powell,hot,9,859,27.6735,0.001693
scipy-powell,hot,9,860,27.7051,0.001693
scipy-powell,hot,9,861,27.7366,0.001693
scipy-powell,hot,9,1064,34.1691,0.001633
scipy-powell,hot,9,1065,34.2005,0.001631
scipy-powell,hot,9,1066,34.2320,0.001628
scipy-powell,hot,9,1067,34.2641,0.001628
scipy-powell,hot,9,1068,34.2961,0.001628
scipy-powell,hot,9,1069,34.3283,0.001628
scipy-powell,hot,9,1070,34.3596,0.001628
scipy-powell,hot,9,1071,34.3912,0.001628
scipy-powell,hot,9,1124,36.0654,0.001587
scipy-powell,hot,9,1125,36.0979,0.001584
scipy-powell,hot,9,1127,36.1611,0.001584
scipy-powell,hot,9,1129,36.2252,0.001584
scipy-powell,hot,9,1130,36.2571,0.001584
scipy-powell,hot,9,1259,40.3844,0.001584
scipy-powell,hot,9,1260,40.4172,0.001584
scipy-powell,hot,9,1261,40.4496,0.001583
scipy-powell,hot,9,1263,40.5140,0.001583
scipy-powell,hot,9,1264,40.5460,0.001583
scipy-powell,hot,9,1265,40.5784,0.001583
scipy-powell,hot,9,1267,40.6431,0.001583
scipy-powell,hot,9,1268,40.6748,0.001583
scipy-powell,hot,9,1269,40.7068,0.001583
scipy-powell,hot,9,1270,40.7382,0.001583
scipy-powell,hot,9,1273,40.8342,0.001583
scipy-de,hot,9,0,0.0000,0.013512
opt-ga,hot,9,0,0.0000,0.013512
opt-pso,hot,9,0,0.0000,0.013512
opt-aco,hot,9,0,0.0000,0.013512
opt-aco,hot,9,1070,20.2427,0.010958
opt-aco,hot,9,1508,28.0918,0.008145
opt-gd,hot,9,0,0.0000,0.013512
opt-gd,hot,9,8,0.2900,0.013512
opt-gd,hot,9,10,0.3570,0.013512
opt-gd,hot,9,18,0.6207,0.013512
opt-gd,hot,9,40,1.3329,0.013512
opt-gd,hot,9,48,1.5973,0.013512
opt-gd,hot,9,53,1.7640,0.013512
opt-gd,hot,9,94,3.1189,0.013449
opt-gd,hot,9,101,3.3440,0.013449
opt-gd,hot,9,117,3.8762,0.013449
opt-gd,hot,9,125,4.1518,0.013449
opt-gd,hot,9,133,4.4147,0.013449
opt-gd,hot,9,141,4.6763,0.013449
opt-gd,hot,9,146,4.8388,0.013449
opt-gd,hot,9,280,9.2081,0.002746
opt-gd,hot,9,288,9.4721,0.002746
opt-gd,hot,9,304,9.9929,0.002746
opt-gd,hot,9,466,15.2321,0.002597
opt-gd,hot,9,467,15.2658,0.002597
opt-gd,hot,9,468,15.2991,0.002597
opt-gd,hot,9,469,15.3321,0.002597
opt-gd,hot,9,470,15.3654,0.002597
opt-gd,hot,9,490,16.0238,0.002597
opt-gd,hot,9,498,16.2892,0.002597
opt-gd,hot,9,521,17.0521,0.002597
opt-gd,hot,9,522,17.0854,0.002597
opt-gd,hot,9,559,18.2971,0.002021
opt-gd,hot,9,560,18.3403,0.002021
opt-gd,hot,9,561,18.3844,0.002021
opt-gd,hot,9,562,18.4194,0.002021
opt-gd,hot,9,563,18.4516,0.002021
opt-gd,hot,9,614,20.1164,0.002021
opt-gd,hot,9,745,24.2811,0.001919
opt-gd,hot,9,746,24.3128,0.001919
opt-gd,hot,9,747,24.3440,0.001919
opt-gd,hot,9,748,24.3755,0.001919
opt-gd,hot,9,749,24.4069,0.001919
opt-gd,hot,9,778,25.3387,0.001919
opt-gd,hot,9,779,25.3702,0.001919
opt-gd,hot,9,838,27.2523,0.001864
opt-gd,hot,9,839,27.2853,0.001864
opt-gd,hot,9,840,27.3181,0.001864
opt-gd,hot,9,841,27.3501,0.001864
opt-gd,hot,9,842,27.3822,0.001864
opt-gd,hot,9,871,28.3119,0.001864
opt-gd,hot,9,872,28.3435,0.001864
opt-gd,hot,9,931,30.2427,0.001821
opt-gd,hot,9,932,30.2751,0.001821
opt-gd,hot,9,933,30.3073,0.001821
opt-gd,hot,9,934,30.3395,0.001821
opt-gd,hot,9,935,30.3719,0.001821
opt-gd,hot,9,964,31.3129,0.001821
opt-gd,hot,9,986,32.0259,0.001821
opt-gd,hot,9,992,32.2225,0.001821
opt-gd,hot,9,1024,33.2676,0.001804
opt-gd,hot,9,1025,33.3033,0.001804
opt-gd,hot,9,1026,33.3387,0.001804
opt-gd,hot,9,1027,33.3758,0.001804
opt-gd,hot,9,1028,33.4128,0.001804
opt-gd,hot,9,1079,35.2040,0.001804
opt-gd,hot,9,1085,35.4188,0.001804
opt-gd,hot,9,1117,36.5281,0.001791
opt-gd,hot,9,1118,36.5615,0.001791
opt-gd,hot,9,1119,36.5937,0.001791
opt-gd,hot,9,1120,36.6258,0.001791
opt-gd,hot,9,1121,36.6595,0.001791
opt-gd,hot,9,1172,38.3061,0.001791
opt-gd,hot,9,1210,39.5424,0.001783
opt-gd,hot,9,1211,39.5749,0.001783
opt-gd,hot,9,1212,39.6083,0.001783
opt-gd,hot,9,1213,39.6408,0.001783
opt-gd,hot,9,1214,39.6732,0.001783
opt-gd,hot,9,1303,42.5738,0.001775
opt-gd,hot,9,1304,42.6081,0.001775
opt-gd,hot,9,1305,42.6428,0.001775
opt-gd,hot,9,1306,42.6748,0.001775
opt-gd,hot,9,1307,42.7071,0.001775
opt-gd,hot,9,1396,45.5811,0.001754
opt-gd,hot,9,1397,45.6142,0.001754
opt-gd,hot,9,1398,45.6461,0.001754
opt-gd,hot,9,1399,45.6782,0.001754
opt-gd,hot,9,1400,45.7108,0.001754
opt-gd,hot,9,1409,46.0052,0.001754
opt-gd,hot,9,1417,46.2716,0.001754
opt-gd,hot,9,1423,46.4694,0.001754
opt-gd,hot,9,1431,46.7491,0.001754
opt-gd,hot,9,1489,48.6746,0.001725
opt-gd,hot,9,1490,48.7087,0.001725
opt-gd,hot,9,1491,48.7428,0.001725
opt-gd,hot,9,1492,48.7752,0.001725
opt-gd,hot,9,1493,48.8077,0.001725
opt-gd,hot,9,1502,49.0990,0.001725
opt-gd,hot,9,1510,49.3529,0.001725
opt-gd,hot,9,1516,49.5457,0.001725
opt-gd,hot,9,1524,49.8073,0.001725
opt-gd,hot,9,1582,51.7023,0.001664
opt-gd,hot,9,1589,51.9289,0.001664
opt-gd,hot,9,1591,51.9940,0.001664
opt-gd,hot,9,1596,52.1572,0.001664
opt-gd,hot,9,1600,52.2887,0.001664
opt-gd,hot,9,1608,52.5536,0.001664
opt-gd,hot,9,1641,53.6468,0.001664
opt-gd,hot,9,1675,54.8288,0.001643
opt-gd,hot,9,1676,54.8631,0.001643
opt-gd,hot,9,1677,54.8961,0.001643
opt-gd,hot,9,1678,54.9292,0.001643
opt-gd,hot,9,1679,54.9622,0.001643
opt-gd,hot,9,1684,55.1259,0.001643
opt-gd,hot,9,1688,55.2561,0.001643
opt-gd,hot,9,1696,55.5185,0.001643
opt-gd,hot,9,1702,55.7134,0.001643
opt-gd,hot,9,1710,55.9737,0.001643
opt-gd,hot,9,1768,57.9045,0.001576
opt-gd,hot,9,1775,58.1384,0.001576
opt-gd,hot,9,1782,58.3729,0.001576
opt-gd,hot,9,1790,58.6411,0.001576
opt-gd,hot,9,1796,58.8506,0.001576
opt-gd,hot,9,1803,59.0873,0.001576
opt-gd,hot,9,1954,64.0956,0.001576
opt-gd,hot,9,1961,64.3326,0.001576
opt-gd,hot,9,1968,64.5624,0.001576
opt-gd,hot,9,1976,64.8265,0.001576
opt-gd,hot,9,1982,65.0249,0.001576
opt-gd,hot,9,1989,65.2616,0.001576
