  [skip] m5py unavailable (ModuleNotFoundError); columns ['M5Prime'] -> N/A
Table 6.1 -- model family vs. baselines

Features Ranked by Differentiation Strength:
================================================================================
 1. Cement                         - Score: 1.0000
 2. Age                            - Score: 0.8958
 3. Superplasticizer               - Score: 0.7684
 4. Water                          - Score: 0.7167
 5. FineAgg                        - Score: 0.4678
 6. CoarseAgg                      - Score: 0.4468
 7. Slag                           - Score: 0.3478
 8. FlyAsh                         - Score: 0.2942
================================================================================

Features Ranked by Differentiation Strength:
================================================================================
 1. Cement                         - Score: 1.0000
 2. Age                            - Score: 0.8958
 3. Superplasticizer               - Score: 0.7684
 4. Water                          - Score: 0.7167
 5. FineAgg                        - Score: 0.4678
 6. CoarseAgg                      - Score: 0.4468
 7. Slag                           - Score: 0.3478
 8. FlyAsh                         - Score: 0.2942
================================================================================

Features Ranked by Differentiation Strength:
================================================================================
 1. Cement                         - Score: 1.0000
 2. Age                            - Score: 0.8958
 3. Superplasticizer               - Score: 0.7684
 4. Water                          - Score: 0.7167
 5. FineAgg                        - Score: 0.4678
 6. CoarseAgg                      - Score: 0.4468
 7. Slag                           - Score: 0.3478
 8. FlyAsh                         - Score: 0.2942
================================================================================

Features Ranked by Differentiation Strength:
================================================================================
 1. Age                            - Score: 1.0000
 2. Slag                           - Score: 0.2486
 3. FineAgg                        - Score: 0.2131
 4. Superplasticizer               - Score: 0.2059
 5. CoarseAgg                      - Score: 0.1714
 6. Water                          - Score: 0.1565
 7. Cement                         - Score: 0.1486
 8. FlyAsh                         - Score: 0.1320
================================================================================

Features Ranked by Differentiation Strength:
================================================================================
 1. Slag                           - Score: 1.0000
 2. Superplasticizer               - Score: 0.6200
 3. Age                            - Score: 0.5804
 4. FlyAsh                         - Score: 0.5336
 5. Cement                         - Score: 0.4351
 6. FineAgg                        - Score: 0.4197
 7. Water                          - Score: 0.3653
 8. CoarseAgg                      - Score: 0.3160
================================================================================

Features Ranked by Differentiation Strength:
================================================================================
 1. Slag                           - Score: 1.0000
 2. Age                            - Score: 0.5327
 3. CoarseAgg                      - Score: 0.5055
 4. FineAgg                        - Score: 0.4764
 5. Superplasticizer               - Score: 0.4735
 6. Cement                         - Score: 0.3441
 7. Water                          - Score: 0.3123
 8. FlyAsh                         - Score: 0.2431
================================================================================

Features Ranked by Differentiation Strength:
================================================================================
 1. Cement                         - Score: 1.0000
 2. Age                            - Score: 0.6471
 3. Water                          - Score: 0.5630
 4. CoarseAgg                      - Score: 0.5602
 5. Slag                           - Score: 0.2921
 6. Superplasticizer               - Score: 0.2689
 7. FineAgg                        - Score: 0.2265
 8. FlyAsh                         - Score: 0.1567
================================================================================

Features Ranked by Differentiation Strength:
================================================================================
 1. FineAgg                        - Score: 1.0000
 2. Age                            - Score: 0.9831
 3. Superplasticizer               - Score: 0.9218
 4. CoarseAgg                      - Score: 0.8680
 5. Water                          - Score: 0.8587
 6. Slag                           - Score: 0.6397
 7. Cement                         - Score: 0.5349
 8. FlyAsh                         - Score: 0.3195
================================================================================

Features Ranked by Differentiation Strength:
================================================================================
 1. Cement                         - Score: 1.0000
 2. Age                            - Score: 0.9994
 3. FineAgg                        - Score: 0.9368
 4. Water                          - Score: 0.6350
 5. CoarseAgg                      - Score: 0.5100
 6. FlyAsh                         - Score: 0.2346
 7. Superplasticizer               - Score: 0.1425
 8. Slag                           - Score: 0.1267
================================================================================

Features Ranked by Differentiation Strength:
================================================================================
 1. Age                            - Score: 1.0000
 2. Water                          - Score: 0.9738
 3. Superplasticizer               - Score: 0.8792
 4. Slag                           - Score: 0.8768
 5. Cement                         - Score: 0.7553
 6. CoarseAgg                      - Score: 0.5776
 7. FineAgg                        - Score: 0.4865
 8. FlyAsh                         - Score: 0.3453
================================================================================

Features Ranked by Differentiation Strength:
================================================================================
 1. Age                            - Score: 1.0000
 2. Slag                           - Score: 0.3610
 3. Water                          - Score: 0.3595
 4. Cement                         - Score: 0.3238
 5. FlyAsh                         - Score: 0.2163
 6. CoarseAgg                      - Score: 0.1722
 7. Superplasticizer               - Score: 0.1481
 8. FineAgg                        - Score: 0.1172
================================================================================

Features Ranked by Differentiation Strength:
================================================================================
 1. Cement                         - Score: 1.0000
 2. Age                            - Score: 0.8602
 3. Superplasticizer               - Score: 0.7261
 4. Water                          - Score: 0.6980
 5. CoarseAgg                      - Score: 0.4898
 6. FineAgg                        - Score: 0.3970
 7. Slag                           - Score: 0.2974
 8. FlyAsh                         - Score: 0.2260
================================================================================

Features Ranked by Differentiation Strength:
================================================================================
 1. Cement                         - Score: 1.0000
 2. Age                            - Score: 0.8602
 3. Superplasticizer               - Score: 0.7261
 4. Water                          - Score: 0.6980
 5. CoarseAgg                      - Score: 0.4898
 6. FineAgg                        - Score: 0.3970
 7. Slag                           - Score: 0.2974
 8. FlyAsh                         - Score: 0.2260
================================================================================

Features Ranked by Differentiation Strength:
================================================================================
 1. Cement                         - Score: 1.0000
 2. Age                            - Score: 0.8602
 3. Superplasticizer               - Score: 0.7261
 4. Water                          - Score: 0.6980
 5. CoarseAgg                      - Score: 0.4898
 6. FineAgg                        - Score: 0.3970
 7. Slag                           - Score: 0.2974
 8. FlyAsh                         - Score: 0.2260
================================================================================

Features Ranked by Differentiation Strength:
================================================================================
 1. Age                            - Score: 1.0000
 2. Superplasticizer               - Score: 0.9532
 3. FlyAsh                         - Score: 0.8367
 4. Water                          - Score: 0.7327
 5. Cement                         - Score: 0.6279
 6. FineAgg                        - Score: 0.4432
 7. CoarseAgg                      - Score: 0.4181
 8. Slag                           - Score: 0.3268
================================================================================

Features Ranked by Differentiation Strength:
================================================================================
 1. Cement                         - Score: 1.0000
 2. Slag                           - Score: 0.6954
 3. Water                          - Score: 0.4770
 4. Superplasticizer               - Score: 0.4516
 5. FineAgg                        - Score: 0.4173
 6. CoarseAgg                      - Score: 0.3430
 7. FlyAsh                         - Score: 0.3425
 8. Age                            - Score: 0.0000
================================================================================

Features Ranked by Differentiation Strength:
================================================================================
 1. Slag                           - Score: 1.0000
 2. Age                            - Score: 0.8912
 3. CoarseAgg                      - Score: 0.5423
 4. Superplasticizer               - Score: 0.5316
 5. FineAgg                        - Score: 0.5033
 6. FlyAsh                         - Score: 0.4963
 7. Cement                         - Score: 0.4283
 8. Water                          - Score: 0.3288
================================================================================

Features Ranked by Differentiation Strength:
================================================================================
 1. Cement                         - Score: 1.0000
 2. Age                            - Score: 0.6189
 3. Water                          - Score: 0.5793
 4. CoarseAgg                      - Score: 0.5305
 5. Superplasticizer               - Score: 0.3291
 6. Slag                           - Score: 0.3189
 7. FineAgg                        - Score: 0.2854
 8. FlyAsh                         - Score: 0.2308
================================================================================

Features Ranked by Differentiation Strength:
================================================================================
 1. Age                            - Score: 1.0000
 2. Water                          - Score: 0.4264
 3. CoarseAgg                      - Score: 0.3911
 4. FineAgg                        - Score: 0.3718
 5. Slag                           - Score: 0.2532
 6. Cement                         - Score: 0.1528
 7. FlyAsh                         - Score: 0.0000
 8. Superplasticizer               - Score: 0.0000
================================================================================

Features Ranked by Differentiation Strength:
================================================================================
 1. Cement                         - Score: 1.0000
 2. FineAgg                        - Score: 0.8937
 3. Age                            - Score: 0.8529
 4. Water                          - Score: 0.6770
 5. Superplasticizer               - Score: 0.5929
 6. CoarseAgg                      - Score: 0.4346
 7. Slag                           - Score: 0.3495
 8. FlyAsh                         - Score: 0.2646
================================================================================

Features Ranked by Differentiation Strength:
================================================================================
 1. Water                          - Score: 1.0000
 2. Superplasticizer               - Score: 0.9493
 3. Slag                           - Score: 0.9133
 4. Age                            - Score: 0.7695
 5. Cement                         - Score: 0.7152
 6. CoarseAgg                      - Score: 0.6055
 7. FineAgg                        - Score: 0.4053
 8. FlyAsh                         - Score: 0.2364
================================================================================

Features Ranked by Differentiation Strength:
================================================================================
 1. Age                            - Score: 1.0000
 2. Cement                         - Score: 0.3964
 3. Slag                           - Score: 0.3600
 4. Water                          - Score: 0.3275
 5. CoarseAgg                      - Score: 0.2111
 6. Superplasticizer               - Score: 0.2063
 7. FlyAsh                         - Score: 0.1971
 8. FineAgg                        - Score: 0.1648
================================================================================

Features Ranked by Differentiation Strength:
================================================================================
 1. Cement                         - Score: 1.0000
 2. Age                            - Score: 0.7765
 3. Superplasticizer               - Score: 0.6251
 4. Water                          - Score: 0.5980
 5. FineAgg                        - Score: 0.4513
 6. CoarseAgg                      - Score: 0.4317
 7. Slag                           - Score: 0.2439
 8. FlyAsh                         - Score: 0.2218
================================================================================

Features Ranked by Differentiation Strength:
================================================================================
 1. Cement                         - Score: 1.0000
 2. Age                            - Score: 0.7765
 3. Superplasticizer               - Score: 0.6251
 4. Water                          - Score: 0.5980
 5. FineAgg                        - Score: 0.4513
 6. CoarseAgg                      - Score: 0.4317
 7. Slag                           - Score: 0.2439
 8. FlyAsh                         - Score: 0.2218
================================================================================

Features Ranked by Differentiation Strength:
================================================================================
 1. Cement                         - Score: 1.0000
 2. Age                            - Score: 0.7765
 3. Superplasticizer               - Score: 0.6251
 4. Water                          - Score: 0.5980
 5. FineAgg                        - Score: 0.4513
 6. CoarseAgg                      - Score: 0.4317
 7. Slag                           - Score: 0.2439
 8. FlyAsh                         - Score: 0.2218
================================================================================

Features Ranked by Differentiation Strength:
================================================================================
 1. Age                            - Score: 1.0000
 2. Slag                           - Score: 0.6510
 3. FineAgg                        - Score: 0.4528
 4. Superplasticizer               - Score: 0.4367
 5. CoarseAgg                      - Score: 0.2340
 6. Water                          - Score: 0.2330
 7. Cement                         - Score: 0.2140
 8. FlyAsh                         - Score: 0.1604
================================================================================

Features Ranked by Differentiation Strength:
================================================================================
 1. Age                            - Score: 1.0000
 2. Superplasticizer               - Score: 0.5359
 3. Water                          - Score: 0.3245
 4. CoarseAgg                      - Score: 0.3142
 5. Slag                           - Score: 0.3046
 6. FlyAsh                         - Score: 0.2886
 7. FineAgg                        - Score: 0.2741
 8. Cement                         - Score: 0.2288
================================================================================

Features Ranked by Differentiation Strength:
================================================================================
 1. Slag                           - Score: 1.0000
 2. Age                            - Score: 0.8695
 3. Superplasticizer               - Score: 0.7331
 4. FineAgg                        - Score: 0.5884
 5. Cement                         - Score: 0.3841
 6. Water                          - Score: 0.3823
 7. CoarseAgg                      - Score: 0.2895
 8. FlyAsh                         - Score: 0.2586
================================================================================

Features Ranked by Differentiation Strength:
================================================================================
 1. Cement                         - Score: 1.0000
 2. Age                            - Score: 0.6262
 3. Water                          - Score: 0.4654
 4. CoarseAgg                      - Score: 0.3791
 5. Slag                           - Score: 0.2560
 6. Superplasticizer               - Score: 0.2448
 7. FlyAsh                         - Score: 0.2187
 8. FineAgg                        - Score: 0.1925
================================================================================

Features Ranked by Differentiation Strength:
================================================================================
 1. Age                            - Score: 1.0000
 2. FineAgg                        - Score: 0.9342
 3. Water                          - Score: 0.8331
 4. Cement                         - Score: 0.7702
 5. CoarseAgg                      - Score: 0.5670
 6. Superplasticizer               - Score: 0.4469
 7. Slag                           - Score: 0.4040
 8. FlyAsh                         - Score: 0.1981
================================================================================

Features Ranked by Differentiation Strength:
================================================================================
 1. Cement                         - Score: 1.0000
 2. FineAgg                        - Score: 0.8799
 3. Age                            - Score: 0.7366
 4. Water                          - Score: 0.5708
 5. CoarseAgg                      - Score: 0.4693
 6. FlyAsh                         - Score: 0.1747
 7. Superplasticizer               - Score: 0.1415
 8. Slag                           - Score: 0.1055
================================================================================

Features Ranked by Differentiation Strength:
================================================================================
 1. Water                          - Score: 1.0000
 2. Age                            - Score: 0.9776
 3. Slag                           - Score: 0.9342
 4. Cement                         - Score: 0.9067
 5. Superplasticizer               - Score: 0.8536
 6. FineAgg                        - Score: 0.5591
 7. CoarseAgg                      - Score: 0.4888
 8. FlyAsh                         - Score: 0.2926
================================================================================

Features Ranked by Differentiation Strength:
================================================================================
 1. Age                            - Score: 1.0000
 2. Water                          - Score: 0.3792
 3. Slag                           - Score: 0.3590
 4. Cement                         - Score: 0.2997
 5. CoarseAgg                      - Score: 0.2420
 6. FlyAsh                         - Score: 0.1732
 7. FineAgg                        - Score: 0.1711
 8. Superplasticizer               - Score: 0.1533
================================================================================

Features Ranked by Differentiation Strength:
================================================================================
 1. Cement                         - Score: 1.0000
 2. Age                            - Score: 0.7687
 3. Superplasticizer               - Score: 0.6434
 4. Water                          - Score: 0.6348
 5. FineAgg                        - Score: 0.4533
 6. CoarseAgg                      - Score: 0.4225
 7. Slag                           - Score: 0.2643
 8. FlyAsh                         - Score: 0.2491
================================================================================

Features Ranked by Differentiation Strength:
================================================================================
 1. Cement                         - Score: 1.0000
 2. Age                            - Score: 0.7687
 3. Superplasticizer               - Score: 0.6434
 4. Water                          - Score: 0.6348
 5. FineAgg                        - Score: 0.4533
 6. CoarseAgg                      - Score: 0.4225
 7. Slag                           - Score: 0.2643
 8. FlyAsh                         - Score: 0.2491
================================================================================

Features Ranked by Differentiation Strength:
================================================================================
 1. Cement                         - Score: 1.0000
 2. Age                            - Score: 0.7687
 3. Superplasticizer               - Score: 0.6434
 4. Water                          - Score: 0.6348
 5. FineAgg                        - Score: 0.4533
 6. CoarseAgg                      - Score: 0.4225
 7. Slag                           - Score: 0.2643
 8. FlyAsh                         - Score: 0.2491
================================================================================

Features Ranked by Differentiation Strength:
================================================================================
 1. Age                            - Score: 1.0000
 2. Slag                           - Score: 0.7152
 3. Superplasticizer               - Score: 0.4746
 4. FineAgg                        - Score: 0.4498
 5. CoarseAgg                      - Score: 0.3663
 6. Cement                         - Score: 0.3633
 7. Water                          - Score: 0.2647
 8. FlyAsh                         - Score: 0.2080
================================================================================

Features Ranked by Differentiation Strength:
================================================================================
 1. Age                            - Score: 1.0000
 2. Superplasticizer               - Score: 0.8330
 3. Water                          - Score: 0.5349
 4. Slag                           - Score: 0.5008
 5. CoarseAgg                      - Score: 0.4754
 6. Cement                         - Score: 0.4086
 7. FlyAsh                         - Score: 0.3887
 8. FineAgg                        - Score: 0.3050
================================================================================

Features Ranked by Differentiation Strength:
================================================================================
 1. Slag                           - Score: 1.0000
 2. Age                            - Score: 0.9179
 3. Superplasticizer               - Score: 0.6126
 4. FineAgg                        - Score: 0.5779
 5. Cement                         - Score: 0.4540
 6. CoarseAgg                      - Score: 0.4410
 7. Water                          - Score: 0.3972
 8. FlyAsh                         - Score: 0.2972
================================================================================

Features Ranked by Differentiation Strength:
================================================================================
 1. Cement                         - Score: 1.0000
 2. Age                            - Score: 0.6583
 3. Water                          - Score: 0.4881
 4. CoarseAgg                      - Score: 0.4132
 5. Superplasticizer               - Score: 0.2525
 6. FineAgg                        - Score: 0.2217
 7. Slag                           - Score: 0.2127
 8. FlyAsh                         - Score: 0.2055
================================================================================

Features Ranked by Differentiation Strength:
================================================================================
 1. Age                            - Score: 1.0000
 2. Water                          - Score: 0.4761
 3. CoarseAgg                      - Score: 0.3969
 4. FineAgg                        - Score: 0.3874
 5. Slag                           - Score: 0.2583
 6. Cement                         - Score: 0.2044
 7. FlyAsh                         - Score: 0.0000
 8. Superplasticizer               - Score: 0.0000
================================================================================

Features Ranked by Differentiation Strength:
================================================================================
 1. Cement                         - Score: 1.0000
 2. FineAgg                        - Score: 0.6958
 3. Age                            - Score: 0.5908
 4. Water                          - Score: 0.4029
 5. CoarseAgg                      - Score: 0.3129
 6. Superplasticizer               - Score: 0.2950
 7. Slag                           - Score: 0.2659
 8. FlyAsh                         - Score: 0.1702
================================================================================

Features Ranked by Differentiation Strength:
================================================================================
 1. Water                          - Score: 1.0000
 2. Age                            - Score: 0.8526
 3. Superplasticizer               - Score: 0.8425
 4. Slag                           - Score: 0.8242
 5. Cement                         - Score: 0.7781
 6. FineAgg                        - Score: 0.4589
 7. CoarseAgg                      - Score: 0.4473
 8. FlyAsh                         - Score: 0.2787
================================================================================

Features Ranked by Differentiation Strength:
================================================================================
 1. Age                            - Score: 1.0000
 2. Water                          - Score: 0.3423
 3. Slag                           - Score: 0.3392
 4. Cement                         - Score: 0.2616
 5. CoarseAgg                      - Score: 0.1844
 6. Superplasticizer               - Score: 0.1357
 7. FlyAsh                         - Score: 0.1293
 8. FineAgg                        - Score: 0.1163
================================================================================

Features Ranked by Differentiation Strength:
================================================================================
 1. Cement                         - Score: 1.0000
 2. Age                            - Score: 0.7640
 3. Superplasticizer               - Score: 0.6939
 4. Water                          - Score: 0.6167
 5. CoarseAgg                      - Score: 0.4626
 6. FineAgg                        - Score: 0.4463
 7. Slag                           - Score: 0.3091
 8. FlyAsh                         - Score: 0.2938
================================================================================

Features Ranked by Differentiation Strength:
================================================================================
 1. Cement                         - Score: 1.0000
 2. Age                            - Score: 0.7640
 3. Superplasticizer               - Score: 0.6939
 4. Water                          - Score: 0.6167
 5. CoarseAgg                      - Score: 0.4626
 6. FineAgg                        - Score: 0.4463
 7. Slag                           - Score: 0.3091
 8. FlyAsh                         - Score: 0.2938
================================================================================

Features Ranked by Differentiation Strength:
================================================================================
 1. Cement                         - Score: 1.0000
 2. Age                            - Score: 0.7640
 3. Superplasticizer               - Score: 0.6939
 4. Water                          - Score: 0.6167
 5. CoarseAgg                      - Score: 0.4626
 6. FineAgg                        - Score: 0.4463
 7. Slag                           - Score: 0.3091
 8. FlyAsh                         - Score: 0.2938
================================================================================

Features Ranked by Differentiation Strength:
================================================================================
 1. Age                            - Score: 1.0000
 2. Superplasticizer               - Score: 0.2692
 3. Water                          - Score: 0.1981
 4. Slag                           - Score: 0.1944
 5. CoarseAgg                      - Score: 0.1924
 6. FlyAsh                         - Score: 0.1820
 7. FineAgg                        - Score: 0.1778
 8. Cement                         - Score: 0.1647
================================================================================

Features Ranked by Differentiation Strength:
================================================================================
 1. Slag                           - Score: 1.0000
 2. Superplasticizer               - Score: 0.5517
 3. FlyAsh                         - Score: 0.5048
 4. Age                            - Score: 0.4802
 5. Cement                         - Score: 0.4152
 6. FineAgg                        - Score: 0.3678
 7. Water                          - Score: 0.3571
 8. CoarseAgg                      - Score: 0.3094
================================================================================

Features Ranked by Differentiation Strength:
================================================================================
 1. Slag                           - Score: 1.0000
 2. Age                            - Score: 0.5838
 3. FineAgg                        - Score: 0.4491
 4. Cement                         - Score: 0.3813
 5. CoarseAgg                      - Score: 0.3445
 6. Superplasticizer               - Score: 0.3061
 7. FlyAsh                         - Score: 0.2636
 8. Water                          - Score: 0.2128
================================================================================

Features Ranked by Differentiation Strength:
================================================================================
 1. Cement                         - Score: 1.0000
 2. Age                            - Score: 0.5985
 3. Water                          - Score: 0.5474
 4. CoarseAgg                      - Score: 0.5203
 5. Superplasticizer               - Score: 0.3150
 6. Slag                           - Score: 0.2973
 7. FineAgg                        - Score: 0.2414
 8. FlyAsh                         - Score: 0.1870
================================================================================

Features Ranked by Differentiation Strength:
================================================================================
 1. Age                            - Score: 1.0000
 2. FineAgg                        - Score: 0.6312
 3. CoarseAgg                      - Score: 0.6278
 4. Water                          - Score: 0.5907
 5. Slag                           - Score: 0.4803
 6. Cement                         - Score: 0.3103
 7. FlyAsh                         - Score: 0.1984
 8. Superplasticizer               - Score: 0.1506
================================================================================

Features Ranked by Differentiation Strength:
================================================================================
 1. Cement                         - Score: 1.0000
 2. FineAgg                        - Score: 0.9541
 3. Age                            - Score: 0.8322
 4. Water                          - Score: 0.5913
 5. CoarseAgg                      - Score: 0.4739
 6. Superplasticizer               - Score: 0.4733
 7. Slag                           - Score: 0.3945
 8. FlyAsh                         - Score: 0.1392
================================================================================

Features Ranked by Differentiation Strength:
================================================================================
 1. Age                            - Score: 1.0000
 2. Cement                         - Score: 0.7521
 3. Slag                           - Score: 0.5082
 4. FlyAsh                         - Score: 0.4524
 5. Water                          - Score: 0.4180
 6. Superplasticizer               - Score: 0.3520
 7. CoarseAgg                      - Score: 0.3296
 8. FineAgg                        - Score: 0.2042
================================================================================

Features Ranked by Differentiation Strength:
================================================================================
 1. Water                          - Score: 1.0000
 2. Age                            - Score: 0.8840
 3. Slag                           - Score: 0.8675
 4. Superplasticizer               - Score: 0.8318
 5. Cement                         - Score: 0.5812
 6. CoarseAgg                      - Score: 0.4216
 7. FineAgg                        - Score: 0.3948
 8. FlyAsh                         - Score: 0.2859
================================================================================

Features Ranked by Differentiation Strength:
================================================================================
 1. Cement                         - Score: 1.0000
 2. Age                            - Score: 0.8423
 3. Superplasticizer               - Score: 0.6895
 4. Water                          - Score: 0.6274
 5. CoarseAgg                      - Score: 0.4373
 6. FineAgg                        - Score: 0.4180
 7. Slag                           - Score: 0.2740
 8. FlyAsh                         - Score: 0.2603
================================================================================

Features Ranked by Differentiation Strength:
================================================================================
 1. Cement                         - Score: 1.0000
 2. Age                            - Score: 0.8423
 3. Superplasticizer               - Score: 0.6895
 4. Water                          - Score: 0.6274
 5. CoarseAgg                      - Score: 0.4373
 6. FineAgg                        - Score: 0.4180
 7. Slag                           - Score: 0.2740
 8. FlyAsh                         - Score: 0.2603
================================================================================

Features Ranked by Differentiation Strength:
================================================================================
 1. Cement                         - Score: 1.0000
 2. Age                            - Score: 0.8423
 3. Superplasticizer               - Score: 0.6895
 4. Water                          - Score: 0.6274
 5. CoarseAgg                      - Score: 0.4373
 6. FineAgg                        - Score: 0.4180
 7. Slag                           - Score: 0.2740
 8. FlyAsh                         - Score: 0.2603
================================================================================

Features Ranked by Differentiation Strength:
================================================================================
 1. Age                            - Score: 1.0000
 2. FineAgg                        - Score: 0.4950
 3. Slag                           - Score: 0.4859
 4. Superplasticizer               - Score: 0.3885
 5. CoarseAgg                      - Score: 0.3682
 6. Cement                         - Score: 0.2266
 7. Water                          - Score: 0.2221
 8. FlyAsh                         - Score: 0.2078
================================================================================

Features Ranked by Differentiation Strength:
================================================================================
 1. Age                            - Score: 1.0000
 2. Superplasticizer               - Score: 0.7888
 3. Water                          - Score: 0.4839
 4. CoarseAgg                      - Score: 0.4210
 5. FlyAsh                         - Score: 0.4051
 6. Cement                         - Score: 0.3583
 7. Slag                           - Score: 0.3583
 8. FineAgg                        - Score: 0.1876
================================================================================

Features Ranked by Differentiation Strength:
================================================================================
 1. Age                            - Score: 1.0000
 2. Slag                           - Score: 0.7547
 3. FineAgg                        - Score: 0.5991
 4. CoarseAgg                      - Score: 0.4942
 5. Superplasticizer               - Score: 0.4751
 6. Cement                         - Score: 0.3388
 7. Water                          - Score: 0.3121
 8. FlyAsh                         - Score: 0.3090
================================================================================

Features Ranked by Differentiation Strength:
================================================================================
 1. Cement                         - Score: 1.0000
 2. Age                            - Score: 0.6115
 3. Water                          - Score: 0.5233
 4. CoarseAgg                      - Score: 0.4459
 5. Superplasticizer               - Score: 0.3393
 6. FineAgg                        - Score: 0.2680
 7. Slag                           - Score: 0.2484
 8. FlyAsh                         - Score: 0.1694
================================================================================

Features Ranked by Differentiation Strength:
================================================================================
 1. Age                            - Score: 1.0000
 2. CoarseAgg                      - Score: 0.5869
 3. Water                          - Score: 0.5581
 4. FineAgg                        - Score: 0.5437
 5. Cement                         - Score: 0.3984
 6. Slag                           - Score: 0.2384
 7. FlyAsh                         - Score: 0.0000
 8. Superplasticizer               - Score: 0.0000
================================================================================

Features Ranked by Differentiation Strength:
================================================================================
 1. Cement                         - Score: 1.0000
 2. FineAgg                        - Score: 0.8056
 3. Age                            - Score: 0.7367
 4. Water                          - Score: 0.5497
 5. Superplasticizer               - Score: 0.4724
 6. CoarseAgg                      - Score: 0.4036
 7. Slag                           - Score: 0.3967
 8. FlyAsh                         - Score: 0.2235
================================================================================

Features Ranked by Differentiation Strength:
================================================================================
 1. Age                            - Score: 1.0000
 2. Slag                           - Score: 0.9589
 3. Water                          - Score: 0.9514
 4. Cement                         - Score: 0.8269
 5. Superplasticizer               - Score: 0.8072
 6. FineAgg                        - Score: 0.4944
 7. CoarseAgg                      - Score: 0.4763
 8. FlyAsh                         - Score: 0.3187
================================================================================

Features Ranked by Differentiation Strength:
================================================================================
 1. Age                            - Score: 1.0000
 2. Slag                           - Score: 0.2650
 3. Cement                         - Score: 0.2624
 4. Water                          - Score: 0.2448
 5. FineAgg                        - Score: 0.1166
 6. CoarseAgg                      - Score: 0.1155
 7. Superplasticizer               - Score: 0.1082
 8. FlyAsh                         - Score: 0.0926
================================================================================

Features Ranked by Differentiation Strength:
================================================================================
 1. Cement                         - Score: 1.0000
 2. Age                            - Score: 0.8578
 3. Superplasticizer               - Score: 0.7147
 4. Water                          - Score: 0.6560
 5. FineAgg                        - Score: 0.4316
 6. CoarseAgg                      - Score: 0.4253
 7. Slag                           - Score: 0.3124
 8. FlyAsh                         - Score: 0.2090
================================================================================

Features Ranked by Differentiation Strength:
================================================================================
 1. Cement                         - Score: 1.0000
 2. Age                            - Score: 0.8578
 3. Superplasticizer               - Score: 0.7147
 4. Water                          - Score: 0.6560
 5. FineAgg                        - Score: 0.4316
 6. CoarseAgg                      - Score: 0.4253
 7. Slag                           - Score: 0.3124
 8. FlyAsh                         - Score: 0.2090
================================================================================

Features Ranked by Differentiation Strength:
================================================================================
 1. Cement                         - Score: 1.0000
 2. Age                            - Score: 0.8578
 3. Superplasticizer               - Score: 0.7147
 4. Water                          - Score: 0.6560
 5. FineAgg                        - Score: 0.4316
 6. CoarseAgg                      - Score: 0.4253
 7. Slag                           - Score: 0.3124
 8. FlyAsh                         - Score: 0.2090
================================================================================

Features Ranked by Differentiation Strength:
================================================================================
 1. Age                            - Score: 1.0000
 2. FineAgg                        - Score: 0.2575
 3. Superplasticizer               - Score: 0.2285
 4. Slag                           - Score: 0.2125
 5. Water                          - Score: 0.1937
 6. FlyAsh                         - Score: 0.1594
 7. CoarseAgg                      - Score: 0.1513
 8. Cement                         - Score: 0.0969
================================================================================

Features Ranked by Differentiation Strength:
================================================================================
 1. Slag                           - Score: 1.0000
 2. Age                            - Score: 0.9932
 3. Cement                         - Score: 0.7581
 4. Water                          - Score: 0.6449
 5. CoarseAgg                      - Score: 0.5656
 6. FineAgg                        - Score: 0.5496
 7. Superplasticizer               - Score: 0.5328
 8. FlyAsh                         - Score: 0.5150
================================================================================

Features Ranked by Differentiation Strength:
================================================================================
 1. Slag                           - Score: 1.0000
 2. Age                            - Score: 0.9537
 3. FineAgg                        - Score: 0.6786
 4. Superplasticizer               - Score: 0.6443
 5. CoarseAgg                      - Score: 0.5188
 6. Cement                         - Score: 0.5046
 7. Water                          - Score: 0.3404
 8. FlyAsh                         - Score: 0.3223
================================================================================

Features Ranked by Differentiation Strength:
================================================================================
 1. Cement                         - Score: 1.0000
 2. Age                            - Score: 0.6471
 3. CoarseAgg                      - Score: 0.4802
 4. Water                          - Score: 0.4553
 5. Slag                           - Score: 0.3548
 6. Superplasticizer               - Score: 0.2269
 7. FineAgg                        - Score: 0.2021
 8. FlyAsh                         - Score: 0.2009
================================================================================

Features Ranked by Differentiation Strength:
================================================================================
 1. Age                            - Score: 1.0000
 2. Water                          - Score: 0.6465
 3. FineAgg                        - Score: 0.6295
 4. CoarseAgg                      - Score: 0.6285
 5. Slag                           - Score: 0.4481
 6. Cement                         - Score: 0.3148
 7. Superplasticizer               - Score: 0.1825
 8. FlyAsh                         - Score: 0.1261
================================================================================

Features Ranked by Differentiation Strength:
================================================================================
 1. Age                            - Score: 1.0000
 2. Slag                           - Score: 0.5426
 3. Cement                         - Score: 0.4304
 4. Water                          - Score: 0.4096
 5. FlyAsh                         - Score: 0.4006
 6. FineAgg                        - Score: 0.2326
 7. Superplasticizer               - Score: 0.2307
 8. CoarseAgg                      - Score: 0.2250
================================================================================

Features Ranked by Differentiation Strength:
================================================================================
 1. Cement                         - Score: 1.0000
 2. Age                            - Score: 0.7722
 3. FineAgg                        - Score: 0.7721
 4. Water                          - Score: 0.5248
 5. Superplasticizer               - Score: 0.4883
 6. CoarseAgg                      - Score: 0.4220
 7. Slag                           - Score: 0.2729
 8. FlyAsh                         - Score: 0.1869
================================================================================

Features Ranked by Differentiation Strength:
================================================================================
 1. Age                            - Score: 1.0000
 2. Water                          - Score: 0.7812
 3. Slag                           - Score: 0.6945
 4. Superplasticizer               - Score: 0.6245
 5. Cement                         - Score: 0.6140
 6. CoarseAgg                      - Score: 0.3528
 7. FineAgg                        - Score: 0.3497
 8. FlyAsh                         - Score: 0.2645
================================================================================

Features Ranked by Differentiation Strength:
================================================================================
 1. Cement                         - Score: 1.0000
 2. Age                            - Score: 0.8454
 3. Superplasticizer               - Score: 0.6670
 4. Water                          - Score: 0.6453
 5. FineAgg                        - Score: 0.4483
 6. CoarseAgg                      - Score: 0.4166
 7. Slag                           - Score: 0.3240
 8. FlyAsh                         - Score: 0.1788
================================================================================

Features Ranked by Differentiation Strength:
================================================================================
 1. Cement                         - Score: 1.0000
 2. Age                            - Score: 0.8454
 3. Superplasticizer               - Score: 0.6670
 4. Water                          - Score: 0.6453
 5. FineAgg                        - Score: 0.4483
 6. CoarseAgg                      - Score: 0.4166
 7. Slag                           - Score: 0.3240
 8. FlyAsh                         - Score: 0.1788
================================================================================

Features Ranked by Differentiation Strength:
================================================================================
 1. Cement                         - Score: 1.0000
 2. Age                            - Score: 0.8454
 3. Superplasticizer               - Score: 0.6670
 4. Water                          - Score: 0.6453
 5. FineAgg                        - Score: 0.4483
 6. CoarseAgg                      - Score: 0.4166
 7. Slag                           - Score: 0.3240
 8. FlyAsh                         - Score: 0.1788
================================================================================

Features Ranked by Differentiation Strength:
================================================================================
 1. Age                            - Score: 1.0000
 2. Slag                           - Score: 0.7188
 3. FineAgg                        - Score: 0.5092
 4. CoarseAgg                      - Score: 0.3563
 5. Superplasticizer               - Score: 0.2749
 6. Water                          - Score: 0.2604
 7. FlyAsh                         - Score: 0.2129
 8. Cement                         - Score: 0.1779
================================================================================

Features Ranked by Differentiation Strength:
================================================================================
 1. Age                            - Score: 1.0000
 2. Superplasticizer               - Score: 0.7654
 3. Water                          - Score: 0.4566
 4. CoarseAgg                      - Score: 0.4004
 5. FlyAsh                         - Score: 0.3733
 6. Slag                           - Score: 0.3655
 7. Cement                         - Score: 0.2998
 8. FineAgg                        - Score: 0.2884
================================================================================

Features Ranked by Differentiation Strength:
================================================================================
 1. Slag                           - Score: 1.0000
 2. Age                            - Score: 0.9888
 3. FineAgg                        - Score: 0.7059
 4. Superplasticizer               - Score: 0.5915
 5. CoarseAgg                      - Score: 0.5370
 6. FlyAsh                         - Score: 0.5368
 7. Cement                         - Score: 0.4034
 8. Water                          - Score: 0.3093
================================================================================

Features Ranked by Differentiation Strength:
================================================================================
 1. Cement                         - Score: 1.0000
 2. Age                            - Score: 0.7002
 3. Water                          - Score: 0.5008
 4. CoarseAgg                      - Score: 0.4646
 5. FineAgg                        - Score: 0.3012
 6. Superplasticizer               - Score: 0.2929
 7. Slag                           - Score: 0.2896
 8. FlyAsh                         - Score: 0.1643
================================================================================

Features Ranked by Differentiation Strength:
================================================================================
 1. FineAgg                        - Score: 1.0000
 2. Age                            - Score: 0.9630
 3. CoarseAgg                      - Score: 0.7509
 4. Superplasticizer               - Score: 0.7021
 5. Water                          - Score: 0.6865
 6. Slag                           - Score: 0.6502
 7. Cement                         - Score: 0.5263
 8. FlyAsh                         - Score: 0.3252
================================================================================

Features Ranked by Differentiation Strength:
================================================================================
 1. Cement                         - Score: 1.0000
 2. FineAgg                        - Score: 0.7934
 3. Age                            - Score: 0.7651
 4. Water                          - Score: 0.5000
 5. CoarseAgg                      - Score: 0.4605
 6. Superplasticizer               - Score: 0.2784
 7. FlyAsh                         - Score: 0.1683
 8. Slag                           - Score: 0.1144
================================================================================

Features Ranked by Differentiation Strength:
================================================================================
 1. Age                            - Score: 1.0000
 2. Water                          - Score: 0.9684
 3. Superplasticizer               - Score: 0.8378
 4. Slag                           - Score: 0.8202
 5. Cement                         - Score: 0.8127
 6. CoarseAgg                      - Score: 0.5238
 7. FineAgg                        - Score: 0.4000
 8. FlyAsh                         - Score: 0.2515
================================================================================

Features Ranked by Differentiation Strength:
================================================================================
 1. Age                            - Score: 1.0000
 2. Slag                           - Score: 0.3341
 3. Water                          - Score: 0.3151
 4. Cement                         - Score: 0.2188
 5. CoarseAgg                      - Score: 0.1631
 6. Superplasticizer               - Score: 0.1548
 7. FineAgg                        - Score: 0.1515
 8. FlyAsh                         - Score: 0.0974
================================================================================

Features Ranked by Differentiation Strength:
================================================================================
 1. Cement                         - Score: 1.0000
 2. Age                            - Score: 0.8162
 3. Superplasticizer               - Score: 0.6041
 4. Water                          - Score: 0.5964
 5. FineAgg                        - Score: 0.4471
 6. CoarseAgg                      - Score: 0.3818
 7. Slag                           - Score: 0.3191
 8. FlyAsh                         - Score: 0.2199
================================================================================

Features Ranked by Differentiation Strength:
================================================================================
 1. Cement                         - Score: 1.0000
 2. Age                            - Score: 0.8162
 3. Superplasticizer               - Score: 0.6041
 4. Water                          - Score: 0.5964
 5. FineAgg                        - Score: 0.4471
 6. CoarseAgg                      - Score: 0.3818
 7. Slag                           - Score: 0.3191
 8. FlyAsh                         - Score: 0.2199
================================================================================

Features Ranked by Differentiation Strength:
================================================================================
 1. Cement                         - Score: 1.0000
 2. Age                            - Score: 0.8162
 3. Superplasticizer               - Score: 0.6041
 4. Water                          - Score: 0.5964
 5. FineAgg                        - Score: 0.4471
 6. CoarseAgg                      - Score: 0.3818
 7. Slag                           - Score: 0.3191
 8. FlyAsh                         - Score: 0.2199
================================================================================

Features Ranked by Differentiation Strength:
================================================================================
 1. Age                            - Score: 1.0000
 2. Slag                           - Score: 0.6835
 3. FineAgg                        - Score: 0.4936
 4. Superplasticizer               - Score: 0.3464
 5. CoarseAgg                      - Score: 0.3339
 6. Water                          - Score: 0.3050
 7. Cement                         - Score: 0.2641
 8. FlyAsh                         - Score: 0.1348
================================================================================

Features Ranked by Differentiation Strength:
================================================================================
 1. Superplasticizer               - Score: 1.0000
 2. Age                            - Score: 0.9400
 3. CoarseAgg                      - Score: 0.6515
 4. FlyAsh                         - Score: 0.5694
 5. Slag                           - Score: 0.5651
 6. Water                          - Score: 0.5445
 7. Cement                         - Score: 0.3937
 8. FineAgg                        - Score: 0.2765
================================================================================

Features Ranked by Differentiation Strength:
================================================================================
 1. Slag                           - Score: 1.0000
 2. Age                            - Score: 0.9140
 3. FineAgg                        - Score: 0.6125
 4. Superplasticizer               - Score: 0.5291
 5. Cement                         - Score: 0.4017
 6. CoarseAgg                      - Score: 0.3849
 7. Water                          - Score: 0.2931
 8. FlyAsh                         - Score: 0.1850
================================================================================

Features Ranked by Differentiation Strength:
================================================================================
 1. Cement                         - Score: 1.0000
 2. Age                            - Score: 0.7037
 3. CoarseAgg                      - Score: 0.4360
 4. Water                          - Score: 0.3670
 5. Slag                           - Score: 0.2295
 6. FineAgg                        - Score: 0.2207
 7. FlyAsh                         - Score: 0.1672
 8. Superplasticizer               - Score: 0.1441
================================================================================

Features Ranked by Differentiation Strength:
================================================================================
 1. FineAgg                        - Score: 1.0000
 2. Age                            - Score: 0.9799
 3. Cement                         - Score: 0.7482
 4. Water                          - Score: 0.7015
 5. CoarseAgg                      - Score: 0.6132
 6. Superplasticizer               - Score: 0.5641
 7. FlyAsh                         - Score: 0.4116
 8. Slag                           - Score: 0.2621
================================================================================

Features Ranked by Differentiation Strength:
================================================================================
 1. Age                            - Score: 1.0000
 2. Cement                         - Score: 0.9234
 3. FineAgg                        - Score: 0.6310
 4. Water                          - Score: 0.5489
 5. Superplasticizer               - Score: 0.4283
 6. CoarseAgg                      - Score: 0.3963
 7. FlyAsh                         - Score: 0.3328
 8. Slag                           - Score: 0.1736
================================================================================

Features Ranked by Differentiation Strength:
================================================================================
 1. Water                          - Score: 1.0000
 2. Age                            - Score: 0.9932
 3. Cement                         - Score: 0.9925
 4. Slag                           - Score: 0.9515
 5. Superplasticizer               - Score: 0.9225
 6. CoarseAgg                      - Score: 0.6623
 7. FineAgg                        - Score: 0.4789
 8. FlyAsh                         - Score: 0.1846
================================================================================

Features Ranked by Differentiation Strength:
================================================================================
 1. Age                            - Score: 1.0000
 2. Cement                         - Score: 0.4046
 3. Slag                           - Score: 0.2697
 4. Water                          - Score: 0.2542
 5. FineAgg                        - Score: 0.2311
 6. FlyAsh                         - Score: 0.1694
 7. Superplasticizer               - Score: 0.1662
 8. CoarseAgg                      - Score: 0.1180
================================================================================

Features Ranked by Differentiation Strength:
================================================================================
 1. Cement                         - Score: 1.0000
 2. Age                            - Score: 0.8439
 3. Superplasticizer               - Score: 0.6885
 4. Water                          - Score: 0.6178
 5. CoarseAgg                      - Score: 0.4032
 6. FineAgg                        - Score: 0.3921
 7. Slag                           - Score: 0.2709
 8. FlyAsh                         - Score: 0.2237
================================================================================

Features Ranked by Differentiation Strength:
================================================================================
 1. Cement                         - Score: 1.0000
 2. Age                            - Score: 0.8439
 3. Superplasticizer               - Score: 0.6885
 4. Water                          - Score: 0.6178
 5. CoarseAgg                      - Score: 0.4032
 6. FineAgg                        - Score: 0.3921
 7. Slag                           - Score: 0.2709
 8. FlyAsh                         - Score: 0.2237
================================================================================

Features Ranked by Differentiation Strength:
================================================================================
 1. Cement                         - Score: 1.0000
 2. Age                            - Score: 0.8439
 3. Superplasticizer               - Score: 0.6885
 4. Water                          - Score: 0.6178
 5. CoarseAgg                      - Score: 0.4032
 6. FineAgg                        - Score: 0.3921
 7. Slag                           - Score: 0.2709
 8. FlyAsh                         - Score: 0.2237
================================================================================

Features Ranked by Differentiation Strength:
================================================================================
 1. Age                            - Score: 1.0000
 2. Slag                           - Score: 0.7438
 3. Superplasticizer               - Score: 0.4544
 4. FineAgg                        - Score: 0.4401
 5. CoarseAgg                      - Score: 0.3309
 6. Cement                         - Score: 0.3031
 7. Water                          - Score: 0.2715
 8. FlyAsh                         - Score: 0.1763
================================================================================

Features Ranked by Differentiation Strength:
================================================================================
 1. Age                            - Score: 1.0000
 2. Superplasticizer               - Score: 0.6212
 3. CoarseAgg                      - Score: 0.4686
 4. Cement                         - Score: 0.4412
 5. Slag                           - Score: 0.4051
 6. Water                          - Score: 0.3448
 7. FlyAsh                         - Score: 0.2769
 8. FineAgg                        - Score: 0.1999
================================================================================

Features Ranked by Differentiation Strength:
================================================================================
 1. Slag                           - Score: 1.0000
 2. Age                            - Score: 0.6867
 3. FineAgg                        - Score: 0.4740
 4. Superplasticizer               - Score: 0.4538
 5. Cement                         - Score: 0.4535
 6. CoarseAgg                      - Score: 0.3863
 7. FlyAsh                         - Score: 0.3181
 8. Water                          - Score: 0.2056
================================================================================

Features Ranked by Differentiation Strength:
================================================================================
 1. Cement                         - Score: 1.0000
 2. Age                            - Score: 0.6132
 3. CoarseAgg                      - Score: 0.4867
 4. Water                          - Score: 0.4513
 5. Slag                           - Score: 0.2967
 6. Superplasticizer               - Score: 0.2671
 7. FineAgg                        - Score: 0.1743
 8. FlyAsh                         - Score: 0.1441
================================================================================

Features Ranked by Differentiation Strength:
================================================================================
 1. FineAgg                        - Score: 1.0000
 2. Age                            - Score: 0.9892
 3. Slag                           - Score: 0.7145
 4. CoarseAgg                      - Score: 0.7066
 5. Water                          - Score: 0.6346
 6. Cement                         - Score: 0.3059
 7. FlyAsh                         - Score: 0.1702
 8. Superplasticizer               - Score: 0.1702
================================================================================

Features Ranked by Differentiation Strength:
================================================================================
 1. Cement                         - Score: 1.0000
 2. FineAgg                        - Score: 0.7566
 3. Age                            - Score: 0.7355
 4. Superplasticizer               - Score: 0.6533
 5. Water                          - Score: 0.5629
 6. CoarseAgg                      - Score: 0.4842
 7. Slag                           - Score: 0.3872
 8. FlyAsh                         - Score: 0.2520
================================================================================

Features Ranked by Differentiation Strength:
================================================================================
 1. Water                          - Score: 1.0000
 2. Age                            - Score: 0.9656
 3. Superplasticizer               - Score: 0.9029
 4. Slag                           - Score: 0.8658
 5. Cement                         - Score: 0.7983
 6. CoarseAgg                      - Score: 0.5208
 7. FineAgg                        - Score: 0.4113
 8. FlyAsh                         - Score: 0.2907
================================================================================

Features Ranked by Differentiation Strength:
================================================================================
 1. Age                            - Score: 1.0000
 2. Cement                         - Score: 0.4547
 3. Water                          - Score: 0.3438
 4. CoarseAgg                      - Score: 0.2861
 5. FlyAsh                         - Score: 0.2766
 6. Slag                           - Score: 0.2331
 7. Superplasticizer               - Score: 0.1909
 8. FineAgg                        - Score: 0.1472
================================================================================
  [phiusiil] repo loader, data from data\PhiUSIIL_Phishing_URL_Dataset.csv

Features Ranked by Differentiation Strength:
================================================================================
 1. URLSimilarityIndex             - Score: 1.0000
 2. HasSocialNet                   - Score: 0.8643
 3. HasCopyrightInfo               - Score: 0.7392
 4. HasDescription                 - Score: 0.6232
 5. DomainTitleMatchScore          - Score: 0.4711
 6. HasSubmitButton                - Score: 0.4645
 7. IsHTTPS                        - Score: 0.4591
 8. IsResponsive                   - Score: 0.4162
 9. URLTitleMatchScore             - Score: 0.4086
10. HasHiddenFields                - Score: 0.3926
11. SpacialCharRatioInURL          - Score: 0.3833
12. HasFavicon                     - Score: 0.3690
13. NoOfJS                         - Score: 0.3466
14. NoOfCSS                        - Score: 0.3403
15. URLCharProb                    - Score: 0.3254
16. CharContinuationRate           - Score: 0.3248
17. NoOfSelfRef                    - Score: 0.3161
18. HasTitle                       - Score: 0.3040
19. NoOfOtherSpecialCharsInURL     - Score: 0.2988
20. Robots                         - Score: 0.2897
21. DegitRatioInURL                - Score: 0.2827
22. LetterRatioInURL               - Score: 0.2623
23. Pay                            - Score: 0.2568
24. NoOfImage                      - Score: 0.2165
25. LineOfCode                     - Score: 0.1983
26. DomainLength                   - Score: 0.1900
27. NoOfiFrame                     - Score: 0.1793
28. NoOfSubDomain                  - Score: 0.1459
29. NoOfExternalRef                - Score: 0.1455
30. NoOfDegitsInURL                - Score: 0.1303
31. Bank                           - Score: 0.1271
32. HasExternalFormSubmit          - Score: 0.1202
33. URLLength                      - Score: 0.1041
34. NoOfQMarkInURL                 - Score: 0.1017
35. NoOfLettersInURL               - Score: 0.1003
36. HasPasswordField               - Score: 0.0931
37. NoOfEmptyRef                   - Score: 0.0895
38. NoOfEqualsInURL                - Score: 0.0747
39. Crypto                         - Score: 0.0631
40. TLDLegitimateProb              - Score: 0.0563
41. NoOfSelfRedirect               - Score: 0.0551
42. TLDLength                      - Score: 0.0485
43. LargestLineLength              - Score: 0.0457
44. NoOfPopup                      - Score: 0.0438
45. IsDomainIP                     - Score: 0.0349
46. NoOfURLRedirect                - Score: 0.0324
47. HasObfuscation                 - Score: 0.0303
48. NoOfAmpersandInURL             - Score: 0.0282
49. ObfuscationRatio               - Score: 0.0241
50. NoOfObfuscatedChar             - Score: 0.0232
================================================================================

Features Ranked by Differentiation Strength:
================================================================================
 1. URLSimilarityIndex             - Score: 1.0000
 2. HasSocialNet                   - Score: 0.8643
 3. HasCopyrightInfo               - Score: 0.7392
 4. HasDescription                 - Score: 0.6232
 5. DomainTitleMatchScore          - Score: 0.4711
 6. HasSubmitButton                - Score: 0.4645
 7. IsHTTPS                        - Score: 0.4591
 8. IsResponsive                   - Score: 0.4162
 9. URLTitleMatchScore             - Score: 0.4086
10. HasHiddenFields                - Score: 0.3926
11. SpacialCharRatioInURL          - Score: 0.3833
12. HasFavicon                     - Score: 0.3690
13. NoOfJS                         - Score: 0.3466
14. NoOfCSS                        - Score: 0.3403
15. URLCharProb                    - Score: 0.3254
16. CharContinuationRate           - Score: 0.3248
17. NoOfSelfRef                    - Score: 0.3161
18. HasTitle                       - Score: 0.3040
19. NoOfOtherSpecialCharsInURL     - Score: 0.2988
20. Robots                         - Score: 0.2897
21. DegitRatioInURL                - Score: 0.2827
22. LetterRatioInURL               - Score: 0.2623
23. Pay                            - Score: 0.2568
24. NoOfImage                      - Score: 0.2165
25. LineOfCode                     - Score: 0.1983
26. DomainLength                   - Score: 0.1900
27. NoOfiFrame                     - Score: 0.1793
28. NoOfSubDomain                  - Score: 0.1459
29. NoOfExternalRef                - Score: 0.1455
30. NoOfDegitsInURL                - Score: 0.1303
31. Bank                           - Score: 0.1271
32. HasExternalFormSubmit          - Score: 0.1202
33. URLLength                      - Score: 0.1041
34. NoOfQMarkInURL                 - Score: 0.1017
35. NoOfLettersInURL               - Score: 0.1003
36. HasPasswordField               - Score: 0.0931
37. NoOfEmptyRef                   - Score: 0.0895
38. NoOfEqualsInURL                - Score: 0.0747
39. Crypto                         - Score: 0.0631
40. TLDLegitimateProb              - Score: 0.0563
41. NoOfSelfRedirect               - Score: 0.0551
42. TLDLength                      - Score: 0.0485
43. LargestLineLength              - Score: 0.0457
44. NoOfPopup                      - Score: 0.0438
45. IsDomainIP                     - Score: 0.0349
46. NoOfURLRedirect                - Score: 0.0324
47. HasObfuscation                 - Score: 0.0303
48. NoOfAmpersandInURL             - Score: 0.0282
49. ObfuscationRatio               - Score: 0.0241
50. NoOfObfuscatedChar             - Score: 0.0232
================================================================================

Features Ranked by Differentiation Strength:
================================================================================
 1. URLSimilarityIndex             - Score: 1.0000
 2. HasSocialNet                   - Score: 0.8643
 3. HasCopyrightInfo               - Score: 0.7392
 4. HasDescription                 - Score: 0.6232
 5. DomainTitleMatchScore          - Score: 0.4711
 6. HasSubmitButton                - Score: 0.4645
 7. IsHTTPS                        - Score: 0.4591
 8. IsResponsive                   - Score: 0.4162
 9. URLTitleMatchScore             - Score: 0.4086
10. HasHiddenFields                - Score: 0.3926
11. SpacialCharRatioInURL          - Score: 0.3833
12. HasFavicon                     - Score: 0.3690
13. NoOfJS                         - Score: 0.3466
14. NoOfCSS                        - Score: 0.3403
15. URLCharProb                    - Score: 0.3254
16. CharContinuationRate           - Score: 0.3248
17. NoOfSelfRef                    - Score: 0.3161
18. HasTitle                       - Score: 0.3040
19. NoOfOtherSpecialCharsInURL     - Score: 0.2988
20. Robots                         - Score: 0.2897
21. DegitRatioInURL                - Score: 0.2827
22. LetterRatioInURL               - Score: 0.2623
23. Pay                            - Score: 0.2568
24. NoOfImage                      - Score: 0.2165
25. LineOfCode                     - Score: 0.1983
26. DomainLength                   - Score: 0.1900
27. NoOfiFrame                     - Score: 0.1793
28. NoOfSubDomain                  - Score: 0.1459
29. NoOfExternalRef                - Score: 0.1455
30. NoOfDegitsInURL                - Score: 0.1303
31. Bank                           - Score: 0.1271
32. HasExternalFormSubmit          - Score: 0.1202
33. URLLength                      - Score: 0.1041
34. NoOfQMarkInURL                 - Score: 0.1017
35. NoOfLettersInURL               - Score: 0.1003
36. HasPasswordField               - Score: 0.0931
37. NoOfEmptyRef                   - Score: 0.0895
38. NoOfEqualsInURL                - Score: 0.0747
39. Crypto                         - Score: 0.0631
40. TLDLegitimateProb              - Score: 0.0563
41. NoOfSelfRedirect               - Score: 0.0551
42. TLDLength                      - Score: 0.0485
43. LargestLineLength              - Score: 0.0457
44. NoOfPopup                      - Score: 0.0438
45. IsDomainIP                     - Score: 0.0349
46. NoOfURLRedirect                - Score: 0.0324
47. HasObfuscation                 - Score: 0.0303
48. NoOfAmpersandInURL             - Score: 0.0282
49. ObfuscationRatio               - Score: 0.0241
50. NoOfObfuscatedChar             - Score: 0.0232
================================================================================

Features Ranked by Differentiation Strength:
================================================================================
 1. URLSimilarityIndex             - Score: 1.0000
 2. IsHTTPS                        - Score: 0.5001
 3. HasDescription                 - Score: 0.4044
 4. NoOfJS                         - Score: 0.3457
 5. DomainTitleMatchScore          - Score: 0.3401
 6. HasSubmitButton                - Score: 0.3329
 7. IsResponsive                   - Score: 0.3247
 8. URLTitleMatchScore             - Score: 0.3163
 9. HasHiddenFields                - Score: 0.2890
10. HasFavicon                     - Score: 0.2761
11. HasTitle                       - Score: 0.2734
12. NoOfOtherSpecialCharsInURL     - Score: 0.2730
13. SpacialCharRatioInURL          - Score: 0.2615
14. NoOfCSS                        - Score: 0.2562
15. LineOfCode                     - Score: 0.2227
16. CharContinuationRate           - Score: 0.2057
17. Robots                         - Score: 0.1967
18. DegitRatioInURL                - Score: 0.1908
19. NoOfSelfRef                    - Score: 0.1872
20. URLCharProb                    - Score: 0.1849
21. NoOfDegitsInURL                - Score: 0.1847
22. NoOfLettersInURL               - Score: 0.1751
23. LetterRatioInURL               - Score: 0.1717
24. Pay                            - Score: 0.1714
25. URLLength                      - Score: 0.1577
26. DomainLength                   - Score: 0.1369
27. NoOfiFrame                     - Score: 0.1288
28. NoOfImage                      - Score: 0.1105
29. NoOfEmptyRef                   - Score: 0.1079
30. NoOfSelfRedirect               - Score: 0.1039
31. NoOfSubDomain                  - Score: 0.0960
32. HasPasswordField               - Score: 0.0915
33. NoOfURLRedirect                - Score: 0.0825
34. NoOfPopup                      - Score: 0.0632
35. Bank                           - Score: 0.0617
36. Crypto                         - Score: 0.0615
37. HasExternalFormSubmit          - Score: 0.0516
38. TLDLegitimateProb              - Score: 0.0437
39. TLDLength                      - Score: 0.0433
40. NoOfExternalRef                - Score: 0.0409
41. LargestLineLength              - Score: 0.0320
42. NoOfQMarkInURL                 - Score: 0.0255
43. NoOfEqualsInURL                - Score: 0.0214
44. IsDomainIP                     - Score: 0.0081
45. HasObfuscation                 - Score: 0.0057
46. NoOfObfuscatedChar             - Score: 0.0057
47. ObfuscationRatio               - Score: 0.0057
48. NoOfAmpersandInURL             - Score: 0.0057
49. HasSocialNet                   - Score: 0.0000
50. HasCopyrightInfo               - Score: 0.0000
================================================================================

Features Ranked by Differentiation Strength:
================================================================================
 1. URLSimilarityIndex             - Score: 1.0000
 2. NoOfOtherSpecialCharsInURL     - Score: 0.3792
 3. IsHTTPS                        - Score: 0.3572
 4. LetterRatioInURL               - Score: 0.3328
 5. SpacialCharRatioInURL          - Score: 0.3237
 6. NoOfLettersInURL               - Score: 0.3186
 7. NoOfJS                         - Score: 0.2857
 8. URLLength                      - Score: 0.2821
 9. DomainTitleMatchScore          - Score: 0.2745
10. NoOfSelfRef                    - Score: 0.2300
11. HasDescription                 - Score: 0.2282
12. NoOfCSS                        - Score: 0.2084
13. URLTitleMatchScore             - Score: 0.1966
14. URLCharProb                    - Score: 0.1869
15. CharContinuationRate           - Score: 0.1865
16. Robots                         - Score: 0.1766
17. DegitRatioInURL                - Score: 0.1693
18. NoOfDegitsInURL                - Score: 0.1661
19. NoOfSubDomain                  - Score: 0.1542
20. NoOfImage                      - Score: 0.1510
21. DomainLength                   - Score: 0.1284
22. HasHiddenFields                - Score: 0.1195
23. Crypto                         - Score: 0.0853
24. HasSubmitButton                - Score: 0.0784
25. LineOfCode                     - Score: 0.0656
26. NoOfiFrame                     - Score: 0.0624
27. HasPasswordField               - Score: 0.0598
28. TLDLength                      - Score: 0.0568
29. NoOfExternalRef                - Score: 0.0538
30. Pay                            - Score: 0.0529
31. NoOfSelfRedirect               - Score: 0.0508
32. HasExternalFormSubmit          - Score: 0.0502
33. LargestLineLength              - Score: 0.0479
34. NoOfURLRedirect                - Score: 0.0472
35. HasTitle                       - Score: 0.0447
36. NoOfPopup                      - Score: 0.0433
37. HasFavicon                     - Score: 0.0393
38. NoOfEqualsInURL                - Score: 0.0388
39. NoOfQMarkInURL                 - Score: 0.0388
40. NoOfEmptyRef                   - Score: 0.0352
41. Bank                           - Score: 0.0346
42. HasObfuscation                 - Score: 0.0273
43. NoOfObfuscatedChar             - Score: 0.0273
44. ObfuscationRatio               - Score: 0.0273
45. NoOfAmpersandInURL             - Score: 0.0273
46. TLDLegitimateProb              - Score: 0.0247
47. IsResponsive                   - Score: 0.0073
48. IsDomainIP                     - Score: 0.0000
49. HasSocialNet                   - Score: 0.0000
50. HasCopyrightInfo               - Score: 0.0000
================================================================================

Features Ranked by Differentiation Strength:
================================================================================
 1. URLSimilarityIndex             - Score: 1.0000
 2. HasCopyrightInfo               - Score: 0.4226
 3. NoOfOtherSpecialCharsInURL     - Score: 0.3225
 4. SpacialCharRatioInURL          - Score: 0.3010
 5. DomainTitleMatchScore          - Score: 0.2922
 6. HasDescription                 - Score: 0.2895
 7. Robots                         - Score: 0.2768
 8. IsResponsive                   - Score: 0.2492
 9. URLCharProb                    - Score: 0.2491
10. NoOfDegitsInURL                - Score: 0.2461
11. HasSubmitButton                - Score: 0.2457
12. HasFavicon                     - Score: 0.2332
13. NoOfJS                         - Score: 0.2306
14. NoOfSelfRef                    - Score: 0.2284
15. HasTitle                       - Score: 0.2189
16. NoOfCSS                        - Score: 0.2126
17. HasHiddenFields                - Score: 0.2110
18. DegitRatioInURL                - Score: 0.2076
19. URLLength                      - Score: 0.2016
20. IsHTTPS                        - Score: 0.1882
21. NoOfLettersInURL               - Score: 0.1803
22. NoOfExternalRef                - Score: 0.1668
23. TLDLength                      - Score: 0.1662
24. NoOfImage                      - Score: 0.1542
25. CharContinuationRate           - Score: 0.1526
26. LineOfCode                     - Score: 0.1395
27. URLTitleMatchScore             - Score: 0.1334
28. LetterRatioInURL               - Score: 0.1312
29. HasPasswordField               - Score: 0.1278
30. NoOfSubDomain                  - Score: 0.1231
31. LargestLineLength              - Score: 0.1217
32. DomainLength                   - Score: 0.1125
33. Pay                            - Score: 0.0988
34. TLDLegitimateProb              - Score: 0.0944
35. IsDomainIP                     - Score: 0.0834
36. NoOfEqualsInURL                - Score: 0.0834
37. NoOfQMarkInURL                 - Score: 0.0834
38. NoOfiFrame                     - Score: 0.0787
39. Crypto                         - Score: 0.0771
40. NoOfURLRedirect                - Score: 0.0765
41. NoOfEmptyRef                   - Score: 0.0610
42. NoOfSelfRedirect               - Score: 0.0552
43. NoOfPopup                      - Score: 0.0460
44. Bank                           - Score: 0.0394
45. HasExternalFormSubmit          - Score: 0.0159
46. HasObfuscation                 - Score: 0.0000
47. NoOfObfuscatedChar             - Score: 0.0000
48. ObfuscationRatio               - Score: 0.0000
49. NoOfAmpersandInURL             - Score: 0.0000
50. HasSocialNet                   - Score: 0.0000
================================================================================

Features Ranked by Differentiation Strength:
================================================================================
 1. URLSimilarityIndex             - Score: 1.0000
 2. HasSocialNet                   - Score: 0.8694
 3. HasCopyrightInfo               - Score: 0.7466
 4. HasDescription                 - Score: 0.6308
 5. HasSubmitButton                - Score: 0.4771
 6. DomainTitleMatchScore          - Score: 0.4682
 7. IsHTTPS                        - Score: 0.4538
 8. URLTitleMatchScore             - Score: 0.4081
 9. IsResponsive                   - Score: 0.4049
10. HasHiddenFields                - Score: 0.3927
11. SpacialCharRatioInURL          - Score: 0.3908
12. HasFavicon                     - Score: 0.3677
13. NoOfJS                         - Score: 0.3465
14. NoOfCSS                        - Score: 0.3282
15. CharContinuationRate           - Score: 0.3260
16. URLCharProb                    - Score: 0.3239
17. NoOfSelfRef                    - Score: 0.3149
18. HasTitle                       - Score: 0.2999
19. NoOfOtherSpecialCharsInURL     - Score: 0.2976
20. Robots                         - Score: 0.2877
21. DegitRatioInURL                - Score: 0.2830
22. LetterRatioInURL               - Score: 0.2595
23. Pay                            - Score: 0.2576
24. NoOfImage                      - Score: 0.2135
25. DomainLength                   - Score: 0.1901
26. NoOfiFrame                     - Score: 0.1852
27. NoOfSubDomain                  - Score: 0.1472
28. NoOfExternalRef                - Score: 0.1468
29. LineOfCode                     - Score: 0.1437
30. NoOfDegitsInURL                - Score: 0.1272
31. Bank                           - Score: 0.1263
32. HasExternalFormSubmit          - Score: 0.1209
33. URLLength                      - Score: 0.1027
34. NoOfQMarkInURL                 - Score: 0.1010
35. NoOfLettersInURL               - Score: 0.0992
36. HasPasswordField               - Score: 0.0944
37. NoOfEmptyRef                   - Score: 0.0918
38. NoOfEqualsInURL                - Score: 0.0737
39. TLDLegitimateProb              - Score: 0.0618
40. Crypto                         - Score: 0.0616
41. NoOfSelfRedirect               - Score: 0.0539
42. TLDLength                      - Score: 0.0518
43. LargestLineLength              - Score: 0.0440
44. NoOfPopup                      - Score: 0.0432
45. IsDomainIP                     - Score: 0.0366
46. NoOfURLRedirect                - Score: 0.0359
47. HasObfuscation                 - Score: 0.0318
48. NoOfAmpersandInURL             - Score: 0.0287
49. ObfuscationRatio               - Score: 0.0253
50. NoOfObfuscatedChar             - Score: 0.0239
================================================================================

Features Ranked by Differentiation Strength:
================================================================================
 1. URLSimilarityIndex             - Score: 1.0000
 2. HasSocialNet                   - Score: 0.8694
 3. HasCopyrightInfo               - Score: 0.7466
 4. HasDescription                 - Score: 0.6308
 5. HasSubmitButton                - Score: 0.4771
 6. DomainTitleMatchScore          - Score: 0.4682
 7. IsHTTPS                        - Score: 0.4538
 8. URLTitleMatchScore             - Score: 0.4081
 9. IsResponsive                   - Score: 0.4049
10. HasHiddenFields                - Score: 0.3927
11. SpacialCharRatioInURL          - Score: 0.3908
12. HasFavicon                     - Score: 0.3677
13. NoOfJS                         - Score: 0.3465
14. NoOfCSS                        - Score: 0.3282
15. CharContinuationRate           - Score: 0.3260
16. URLCharProb                    - Score: 0.3239
17. NoOfSelfRef                    - Score: 0.3149
18. HasTitle                       - Score: 0.2999
19. NoOfOtherSpecialCharsInURL     - Score: 0.2976
20. Robots                         - Score: 0.2877
21. DegitRatioInURL                - Score: 0.2830
22. LetterRatioInURL               - Score: 0.2595
23. Pay                            - Score: 0.2576
24. NoOfImage                      - Score: 0.2135
25. DomainLength                   - Score: 0.1901
26. NoOfiFrame                     - Score: 0.1852
27. NoOfSubDomain                  - Score: 0.1472
28. NoOfExternalRef                - Score: 0.1468
29. LineOfCode                     - Score: 0.1437
30. NoOfDegitsInURL                - Score: 0.1272
31. Bank                           - Score: 0.1263
32. HasExternalFormSubmit          - Score: 0.1209
33. URLLength                      - Score: 0.1027
34. NoOfQMarkInURL                 - Score: 0.1010
35. NoOfLettersInURL               - Score: 0.0992
36. HasPasswordField               - Score: 0.0944
37. NoOfEmptyRef                   - Score: 0.0918
38. NoOfEqualsInURL                - Score: 0.0737
39. TLDLegitimateProb              - Score: 0.0618
40. Crypto                         - Score: 0.0616
41. NoOfSelfRedirect               - Score: 0.0539
42. TLDLength                      - Score: 0.0518
43. LargestLineLength              - Score: 0.0440
44. NoOfPopup                      - Score: 0.0432
45. IsDomainIP                     - Score: 0.0366
46. NoOfURLRedirect                - Score: 0.0359
47. HasObfuscation                 - Score: 0.0318
48. NoOfAmpersandInURL             - Score: 0.0287
49. ObfuscationRatio               - Score: 0.0253
50. NoOfObfuscatedChar             - Score: 0.0239
================================================================================

Features Ranked by Differentiation Strength:
================================================================================
 1. URLSimilarityIndex             - Score: 1.0000
 2. HasSocialNet                   - Score: 0.8694
 3. HasCopyrightInfo               - Score: 0.7466
 4. HasDescription                 - Score: 0.6308
 5. HasSubmitButton                - Score: 0.4771
 6. DomainTitleMatchScore          - Score: 0.4682
 7. IsHTTPS                        - Score: 0.4538
 8. URLTitleMatchScore             - Score: 0.4081
 9. IsResponsive                   - Score: 0.4049
10. HasHiddenFields                - Score: 0.3927
11. SpacialCharRatioInURL          - Score: 0.3908
12. HasFavicon                     - Score: 0.3677
13. NoOfJS                         - Score: 0.3465
14. NoOfCSS                        - Score: 0.3282
15. CharContinuationRate           - Score: 0.3260
16. URLCharProb                    - Score: 0.3239
17. NoOfSelfRef                    - Score: 0.3149
18. HasTitle                       - Score: 0.2999
19. NoOfOtherSpecialCharsInURL     - Score: 0.2976
20. Robots                         - Score: 0.2877
21. DegitRatioInURL                - Score: 0.2830
22. LetterRatioInURL               - Score: 0.2595
23. Pay                            - Score: 0.2576
24. NoOfImage                      - Score: 0.2135
25. DomainLength                   - Score: 0.1901
26. NoOfiFrame                     - Score: 0.1852
27. NoOfSubDomain                  - Score: 0.1472
28. NoOfExternalRef                - Score: 0.1468
29. LineOfCode                     - Score: 0.1437
30. NoOfDegitsInURL                - Score: 0.1272
31. Bank                           - Score: 0.1263
32. HasExternalFormSubmit          - Score: 0.1209
33. URLLength                      - Score: 0.1027
34. NoOfQMarkInURL                 - Score: 0.1010
35. NoOfLettersInURL               - Score: 0.0992
36. HasPasswordField               - Score: 0.0944
37. NoOfEmptyRef                   - Score: 0.0918
38. NoOfEqualsInURL                - Score: 0.0737
39. TLDLegitimateProb              - Score: 0.0618
40. Crypto                         - Score: 0.0616
41. NoOfSelfRedirect               - Score: 0.0539
42. TLDLength                      - Score: 0.0518
43. LargestLineLength              - Score: 0.0440
44. NoOfPopup                      - Score: 0.0432
45. IsDomainIP                     - Score: 0.0366
46. NoOfURLRedirect                - Score: 0.0359
47. HasObfuscation                 - Score: 0.0318
48. NoOfAmpersandInURL             - Score: 0.0287
49. ObfuscationRatio               - Score: 0.0253
50. NoOfObfuscatedChar             - Score: 0.0239
================================================================================

Features Ranked by Differentiation Strength:
================================================================================
 1. URLSimilarityIndex             - Score: 1.0000
 2. IsHTTPS                        - Score: 0.4865
 3. HasDescription                 - Score: 0.3921
 4. NoOfJS                         - Score: 0.3558
 5. DomainTitleMatchScore          - Score: 0.3355
 6. HasSubmitButton                - Score: 0.3351
 7. URLTitleMatchScore             - Score: 0.3111
 8. IsResponsive                   - Score: 0.3095
 9. HasFavicon                     - Score: 0.2848
10. HasHiddenFields                - Score: 0.2811
11. NoOfOtherSpecialCharsInURL     - Score: 0.2742
12. HasTitle                       - Score: 0.2687
13. NoOfCSS                        - Score: 0.2673
14. SpacialCharRatioInURL          - Score: 0.2616
15. LineOfCode                     - Score: 0.2274
16. CharContinuationRate           - Score: 0.2022
17. Robots                         - Score: 0.1974
18. DegitRatioInURL                - Score: 0.1954
19. NoOfSelfRef                    - Score: 0.1876
20. NoOfDegitsInURL                - Score: 0.1875
21. URLCharProb                    - Score: 0.1863
22. NoOfLettersInURL               - Score: 0.1780
23. Pay                            - Score: 0.1775
24. LetterRatioInURL               - Score: 0.1723
25. URLLength                      - Score: 0.1612
26. DomainLength                   - Score: 0.1405
27. NoOfiFrame                     - Score: 0.1362
28. NoOfImage                      - Score: 0.1165
29. NoOfEmptyRef                   - Score: 0.1125
30. NoOfSelfRedirect               - Score: 0.0980
31. NoOfSubDomain                  - Score: 0.0913
32. HasPasswordField               - Score: 0.0884
33. NoOfURLRedirect                - Score: 0.0802
34. Bank                           - Score: 0.0686
35. Crypto                         - Score: 0.0650
36. TLDLength                      - Score: 0.0587
37. NoOfPopup                      - Score: 0.0585
38. HasExternalFormSubmit          - Score: 0.0544
39. TLDLegitimateProb              - Score: 0.0518
40. NoOfExternalRef                - Score: 0.0430
41. LargestLineLength              - Score: 0.0318
42. NoOfQMarkInURL                 - Score: 0.0240
43. NoOfEqualsInURL                - Score: 0.0196
44. IsDomainIP                     - Score: 0.0080
45. NoOfObfuscatedChar             - Score: 0.0057
46. HasObfuscation                 - Score: 0.0057
47. ObfuscationRatio               - Score: 0.0057
48. NoOfAmpersandInURL             - Score: 0.0057
49. HasSocialNet                   - Score: 0.0000
50. HasCopyrightInfo               - Score: 0.0000
================================================================================

Features Ranked by Differentiation Strength:
================================================================================
 1. URLSimilarityIndex             - Score: 1.0000
 2. NoOfOtherSpecialCharsInURL     - Score: 0.3652
 3. IsHTTPS                        - Score: 0.3412
 4. SpacialCharRatioInURL          - Score: 0.3183
 5. LetterRatioInURL               - Score: 0.3171
 6. NoOfLettersInURL               - Score: 0.2995
 7. NoOfJS                         - Score: 0.2687
 8. URLLength                      - Score: 0.2623
 9. DomainTitleMatchScore          - Score: 0.2572
10. HasDescription                 - Score: 0.2219
11. NoOfSelfRef                    - Score: 0.2206
12. NoOfCSS                        - Score: 0.1949
13. NoOfDegitsInURL                - Score: 0.1773
14. DegitRatioInURL                - Score: 0.1752
15. CharContinuationRate           - Score: 0.1724
16. URLCharProb                    - Score: 0.1709
17. URLTitleMatchScore             - Score: 0.1706
18. Robots                         - Score: 0.1697
19. NoOfSubDomain                  - Score: 0.1537
20. NoOfImage                      - Score: 0.1403
21. DomainLength                   - Score: 0.1124
22. HasHiddenFields                - Score: 0.1104
23. HasSubmitButton                - Score: 0.0851
24. Crypto                         - Score: 0.0831
25. Pay                            - Score: 0.0713
26. LineOfCode                     - Score: 0.0626
27. NoOfiFrame                     - Score: 0.0621
28. HasExternalFormSubmit          - Score: 0.0525
29. NoOfExternalRef                - Score: 0.0511
30. HasPasswordField               - Score: 0.0508
31. NoOfSelfRedirect               - Score: 0.0489
32. TLDLength                      - Score: 0.0478
33. HasTitle                       - Score: 0.0451
34. LargestLineLength              - Score: 0.0444
35. Bank                           - Score: 0.0422
36. NoOfEqualsInURL                - Score: 0.0382
37. NoOfQMarkInURL                 - Score: 0.0382
38. NoOfPopup                      - Score: 0.0368
39. NoOfURLRedirect                - Score: 0.0347
40. NoOfEmptyRef                   - Score: 0.0343
41. HasObfuscation                 - Score: 0.0269
42. NoOfAmpersandInURL             - Score: 0.0269
43. ObfuscationRatio               - Score: 0.0269
44. NoOfObfuscatedChar             - Score: 0.0269
45. HasFavicon                     - Score: 0.0254
46. IsResponsive                   - Score: 0.0203
47. TLDLegitimateProb              - Score: 0.0174
48. IsDomainIP                     - Score: 0.0000
49. HasSocialNet                   - Score: 0.0000
50. HasCopyrightInfo               - Score: 0.0000
================================================================================

Features Ranked by Differentiation Strength:
================================================================================
 1. URLSimilarityIndex             - Score: 1.0000
 2. IsResponsive                   - Score: 0.4274
 3. SpacialCharRatioInURL          - Score: 0.3381
 4. NoOfOtherSpecialCharsInURL     - Score: 0.3311
 5. HasSubmitButton                - Score: 0.3253
 6. HasFavicon                     - Score: 0.3186
 7. HasCopyrightInfo               - Score: 0.3162
 8. HasDescription                 - Score: 0.3126
 9. Robots                         - Score: 0.3053
10. HasTitle                       - Score: 0.2974
11. NoOfJS                         - Score: 0.2620
12. NoOfSelfRef                    - Score: 0.2533
13. URLCharProb                    - Score: 0.2461
14. NoOfDegitsInURL                - Score: 0.2353
15. NoOfCSS                        - Score: 0.2311
16. HasHiddenFields                - Score: 0.2234
17. IsHTTPS                        - Score: 0.2187
18. CharContinuationRate           - Score: 0.2165
19. DomainTitleMatchScore          - Score: 0.2087
20. DegitRatioInURL                - Score: 0.1971
21. NoOfExternalRef                - Score: 0.1888
22. URLLength                      - Score: 0.1753
23. NoOfLettersInURL               - Score: 0.1750
24. NoOfImage                      - Score: 0.1695
25. URLTitleMatchScore             - Score: 0.1671
26. NoOfSubDomain                  - Score: 0.1588
27. LetterRatioInURL               - Score: 0.1483
28. NoOfiFrame                     - Score: 0.1433
29. HasPasswordField               - Score: 0.1395
30. Crypto                         - Score: 0.1374
31. NoOfURLRedirect                - Score: 0.1371
32. TLDLength                      - Score: 0.1362
33. LineOfCode                     - Score: 0.1224
34. DomainLength                   - Score: 0.1181
35. Pay                            - Score: 0.1012
36. LargestLineLength              - Score: 0.0978
37. NoOfEqualsInURL                - Score: 0.0959
38. NoOfQMarkInURL                 - Score: 0.0959
39. IsDomainIP                     - Score: 0.0959
40. TLDLegitimateProb              - Score: 0.0954
41. NoOfEmptyRef                   - Score: 0.0629
42. NoOfSelfRedirect               - Score: 0.0615
43. NoOfPopup                      - Score: 0.0283
44. Bank                           - Score: 0.0158
45. HasExternalFormSubmit          - Score: 0.0152
46. HasObfuscation                 - Score: 0.0000
47. NoOfObfuscatedChar             - Score: 0.0000
48. ObfuscationRatio               - Score: 0.0000
49. NoOfAmpersandInURL             - Score: 0.0000
50. HasSocialNet                   - Score: 0.0000
================================================================================

Features Ranked by Differentiation Strength:
================================================================================
 1. URLSimilarityIndex             - Score: 1.0000
 2. HasSocialNet                   - Score: 0.8648
 3. HasCopyrightInfo               - Score: 0.7433
 4. HasDescription                 - Score: 0.6332
 5. DomainTitleMatchScore          - Score: 0.4743
 6. HasSubmitButton                - Score: 0.4647
 7. IsHTTPS                        - Score: 0.4578
 8. URLTitleMatchScore             - Score: 0.4111
 9. IsResponsive                   - Score: 0.4077
10. HasHiddenFields                - Score: 0.3949
11. SpacialCharRatioInURL          - Score: 0.3874
12. HasFavicon                     - Score: 0.3624
13. NoOfJS                         - Score: 0.3461
14. URLCharProb                    - Score: 0.3313
15. CharContinuationRate           - Score: 0.3269
16. NoOfSelfRef                    - Score: 0.3222
17. NoOfCSS                        - Score: 0.3204
18. HasTitle                       - Score: 0.3053
19. NoOfOtherSpecialCharsInURL     - Score: 0.3029
20. Robots                         - Score: 0.2915
21. DegitRatioInURL                - Score: 0.2846
22. LetterRatioInURL               - Score: 0.2593
23. Pay                            - Score: 0.2563
24. NoOfImage                      - Score: 0.2100
25. LineOfCode                     - Score: 0.1951
26. DomainLength                   - Score: 0.1887
27. NoOfiFrame                     - Score: 0.1884
28. NoOfSubDomain                  - Score: 0.1477
29. NoOfExternalRef                - Score: 0.1469
30. NoOfDegitsInURL                - Score: 0.1288
31. Bank                           - Score: 0.1265
32. HasExternalFormSubmit          - Score: 0.1186
33. URLLength                      - Score: 0.1028
34. NoOfQMarkInURL                 - Score: 0.1025
35. NoOfLettersInURL               - Score: 0.0993
36. HasPasswordField               - Score: 0.0897
37. NoOfEmptyRef                   - Score: 0.0854
38. NoOfEqualsInURL                - Score: 0.0743
39. Crypto                         - Score: 0.0622
40. TLDLegitimateProb              - Score: 0.0608
41. NoOfSelfRedirect               - Score: 0.0534
42. LargestLineLength              - Score: 0.0481
43. TLDLength                      - Score: 0.0480
44. NoOfPopup                      - Score: 0.0452
45. IsDomainIP                     - Score: 0.0345
46. NoOfURLRedirect                - Score: 0.0337
47. HasObfuscation                 - Score: 0.0308
48. NoOfAmpersandInURL             - Score: 0.0271
49. ObfuscationRatio               - Score: 0.0245
50. NoOfObfuscatedChar             - Score: 0.0238
================================================================================

Features Ranked by Differentiation Strength:
================================================================================
 1. URLSimilarityIndex             - Score: 1.0000
 2. HasSocialNet                   - Score: 0.8648
 3. HasCopyrightInfo               - Score: 0.7433
 4. HasDescription                 - Score: 0.6332
 5. DomainTitleMatchScore          - Score: 0.4743
 6. HasSubmitButton                - Score: 0.4647
 7. IsHTTPS                        - Score: 0.4578
 8. URLTitleMatchScore             - Score: 0.4111
 9. IsResponsive                   - Score: 0.4077
10. HasHiddenFields                - Score: 0.3949
11. SpacialCharRatioInURL          - Score: 0.3874
12. HasFavicon                     - Score: 0.3624
13. NoOfJS                         - Score: 0.3461
14. URLCharProb                    - Score: 0.3313
15. CharContinuationRate           - Score: 0.3269
16. NoOfSelfRef                    - Score: 0.3222
17. NoOfCSS                        - Score: 0.3204
18. HasTitle                       - Score: 0.3053
19. NoOfOtherSpecialCharsInURL     - Score: 0.3029
20. Robots                         - Score: 0.2915
21. DegitRatioInURL                - Score: 0.2846
22. LetterRatioInURL               - Score: 0.2593
23. Pay                            - Score: 0.2563
24. NoOfImage                      - Score: 0.2100
25. LineOfCode                     - Score: 0.1951
26. DomainLength                   - Score: 0.1887
27. NoOfiFrame                     - Score: 0.1884
28. NoOfSubDomain                  - Score: 0.1477
29. NoOfExternalRef                - Score: 0.1469
30. NoOfDegitsInURL                - Score: 0.1288
31. Bank                           - Score: 0.1265
32. HasExternalFormSubmit          - Score: 0.1186
33. URLLength                      - Score: 0.1028
34. NoOfQMarkInURL                 - Score: 0.1025
35. NoOfLettersInURL               - Score: 0.0993
36. HasPasswordField               - Score: 0.0897
37. NoOfEmptyRef                   - Score: 0.0854
38. NoOfEqualsInURL                - Score: 0.0743
39. Crypto                         - Score: 0.0622
40. TLDLegitimateProb              - Score: 0.0608
41. NoOfSelfRedirect               - Score: 0.0534
42. LargestLineLength              - Score: 0.0481
43. TLDLength                      - Score: 0.0480
44. NoOfPopup                      - Score: 0.0452
45. IsDomainIP                     - Score: 0.0345
46. NoOfURLRedirect                - Score: 0.0337
47. HasObfuscation                 - Score: 0.0308
48. NoOfAmpersandInURL             - Score: 0.0271
49. ObfuscationRatio               - Score: 0.0245
50. NoOfObfuscatedChar             - Score: 0.0238
================================================================================

Features Ranked by Differentiation Strength:
================================================================================
 1. URLSimilarityIndex             - Score: 1.0000
 2. HasSocialNet                   - Score: 0.8648
 3. HasCopyrightInfo               - Score: 0.7433
 4. HasDescription                 - Score: 0.6332
 5. DomainTitleMatchScore          - Score: 0.4743
 6. HasSubmitButton                - Score: 0.4647
 7. IsHTTPS                        - Score: 0.4578
 8. URLTitleMatchScore             - Score: 0.4111
 9. IsResponsive                   - Score: 0.4077
10. HasHiddenFields                - Score: 0.3949
11. SpacialCharRatioInURL          - Score: 0.3874
12. HasFavicon                     - Score: 0.3624
13. NoOfJS                         - Score: 0.3461
14. URLCharProb                    - Score: 0.3313
15. CharContinuationRate           - Score: 0.3269
16. NoOfSelfRef                    - Score: 0.3222
17. NoOfCSS                        - Score: 0.3204
18. HasTitle                       - Score: 0.3053
19. NoOfOtherSpecialCharsInURL     - Score: 0.3029
20. Robots                         - Score: 0.2915
21. DegitRatioInURL                - Score: 0.2846
22. LetterRatioInURL               - Score: 0.2593
23. Pay                            - Score: 0.2563
24. NoOfImage                      - Score: 0.2100
25. LineOfCode                     - Score: 0.1951
26. DomainLength                   - Score: 0.1887
27. NoOfiFrame                     - Score: 0.1884
28. NoOfSubDomain                  - Score: 0.1477
29. NoOfExternalRef                - Score: 0.1469
30. NoOfDegitsInURL                - Score: 0.1288
31. Bank                           - Score: 0.1265
32. HasExternalFormSubmit          - Score: 0.1186
33. URLLength                      - Score: 0.1028
34. NoOfQMarkInURL                 - Score: 0.1025
35. NoOfLettersInURL               - Score: 0.0993
36. HasPasswordField               - Score: 0.0897
37. NoOfEmptyRef                   - Score: 0.0854
38. NoOfEqualsInURL                - Score: 0.0743
39. Crypto                         - Score: 0.0622
40. TLDLegitimateProb              - Score: 0.0608
41. NoOfSelfRedirect               - Score: 0.0534
42. LargestLineLength              - Score: 0.0481
43. TLDLength                      - Score: 0.0480
44. NoOfPopup                      - Score: 0.0452
45. IsDomainIP                     - Score: 0.0345
46. NoOfURLRedirect                - Score: 0.0337
47. HasObfuscation                 - Score: 0.0308
48. NoOfAmpersandInURL             - Score: 0.0271
49. ObfuscationRatio               - Score: 0.0245
50. NoOfObfuscatedChar             - Score: 0.0238
================================================================================

Features Ranked by Differentiation Strength:
================================================================================
 1. URLSimilarityIndex             - Score: 1.0000
 2. IsHTTPS                        - Score: 0.4912
 3. HasDescription                 - Score: 0.3893
 4. DomainTitleMatchScore          - Score: 0.3475
 5. NoOfJS                         - Score: 0.3389
 6. HasSubmitButton                - Score: 0.3356
 7. URLTitleMatchScore             - Score: 0.3222
 8. IsResponsive                   - Score: 0.3182
 9. HasHiddenFields                - Score: 0.2835
10. HasFavicon                     - Score: 0.2818
11. NoOfOtherSpecialCharsInURL     - Score: 0.2767
12. HasTitle                       - Score: 0.2762
13. SpacialCharRatioInURL          - Score: 0.2682
14. NoOfCSS                        - Score: 0.2472
15. LineOfCode                     - Score: 0.2420
16. NoOfSelfRef                    - Score: 0.2186
17. CharContinuationRate           - Score: 0.2055
18. DegitRatioInURL                - Score: 0.1904
19. Robots                         - Score: 0.1892
20. NoOfDegitsInURL                - Score: 0.1877
21. URLCharProb                    - Score: 0.1849
22. Pay                            - Score: 0.1832
23. NoOfLettersInURL               - Score: 0.1785
24. LetterRatioInURL               - Score: 0.1762
25. URLLength                      - Score: 0.1619
26. DomainLength                   - Score: 0.1399
27. NoOfiFrame                     - Score: 0.1353
28. NoOfEmptyRef                   - Score: 0.1167
29. NoOfImage                      - Score: 0.1125
30. NoOfSubDomain                  - Score: 0.0986
31. NoOfSelfRedirect               - Score: 0.0977
32. HasPasswordField               - Score: 0.0972
33. NoOfURLRedirect                - Score: 0.0740
34. Bank                           - Score: 0.0628
35. NoOfPopup                      - Score: 0.0570
36. TLDLegitimateProb              - Score: 0.0527
37. Crypto                         - Score: 0.0488
38. HasExternalFormSubmit          - Score: 0.0477
39. TLDLength                      - Score: 0.0472
40. NoOfExternalRef                - Score: 0.0419
41. LargestLineLength              - Score: 0.0291
42. NoOfQMarkInURL                 - Score: 0.0261
43. NoOfEqualsInURL                - Score: 0.0205
44. IsDomainIP                     - Score: 0.0057
45. HasObfuscation                 - Score: 0.0057
46. ObfuscationRatio               - Score: 0.0057
47. NoOfAmpersandInURL             - Score: 0.0057
48. NoOfObfuscatedChar             - Score: 0.0057
49. HasSocialNet                   - Score: 0.0000
50. HasCopyrightInfo               - Score: 0.0000
================================================================================

Features Ranked by Differentiation Strength:
================================================================================
 1. URLSimilarityIndex             - Score: 1.0000
 2. NoOfOtherSpecialCharsInURL     - Score: 0.3629
 3. IsHTTPS                        - Score: 0.3565
 4. SpacialCharRatioInURL          - Score: 0.3247
 5. LetterRatioInURL               - Score: 0.2974
 6. NoOfLettersInURL               - Score: 0.2956
 7. NoOfJS                         - Score: 0.2896
 8. DomainTitleMatchScore          - Score: 0.2727
 9. URLLength                      - Score: 0.2642
10. NoOfSelfRef                    - Score: 0.2513
11. HasDescription                 - Score: 0.2407
12. URLCharProb                    - Score: 0.2154
13. URLTitleMatchScore             - Score: 0.2129
14. CharContinuationRate           - Score: 0.2105
15. NoOfCSS                        - Score: 0.2038
16. DegitRatioInURL                - Score: 0.1813
17. NoOfDegitsInURL                - Score: 0.1733
18. Robots                         - Score: 0.1726
19. NoOfImage                      - Score: 0.1493
20. NoOfSubDomain                  - Score: 0.1398
21. DomainLength                   - Score: 0.1291
22. HasHiddenFields                - Score: 0.1269
23. HasSubmitButton                - Score: 0.0751
24. Pay                            - Score: 0.0745
25. Crypto                         - Score: 0.0737
26. HasPasswordField               - Score: 0.0703
27. LineOfCode                     - Score: 0.0642
28. NoOfiFrame                     - Score: 0.0638
29. TLDLength                      - Score: 0.0567
30. NoOfExternalRef                - Score: 0.0525
31. Bank                           - Score: 0.0494
32. NoOfSelfRedirect               - Score: 0.0494
33. LargestLineLength              - Score: 0.0451
34. HasTitle                       - Score: 0.0420
35. HasExternalFormSubmit          - Score: 0.0416
36. NoOfPopup                      - Score: 0.0393
37. NoOfEmptyRef                   - Score: 0.0372
38. NoOfEqualsInURL                - Score: 0.0287
39. NoOfQMarkInURL                 - Score: 0.0287
40. HasObfuscation                 - Score: 0.0287
41. NoOfObfuscatedChar             - Score: 0.0287
42. NoOfAmpersandInURL             - Score: 0.0287
43. ObfuscationRatio               - Score: 0.0287
44. NoOfURLRedirect                - Score: 0.0233
45. HasFavicon                     - Score: 0.0209
46. TLDLegitimateProb              - Score: 0.0200
47. IsResponsive                   - Score: 0.0057
48. IsDomainIP                     - Score: 0.0000
49. HasSocialNet                   - Score: 0.0000
50. HasCopyrightInfo               - Score: 0.0000
================================================================================

Features Ranked by Differentiation Strength:
================================================================================
 1. URLSimilarityIndex             - Score: 1.0000
 2. IsResponsive                   - Score: 0.4854
 3. HasCopyrightInfo               - Score: 0.4263
 4. SpacialCharRatioInURL          - Score: 0.3794
 5. HasFavicon                     - Score: 0.3570
 6. HasDescription                 - Score: 0.3553
 7. NoOfOtherSpecialCharsInURL     - Score: 0.3527
 8. Robots                         - Score: 0.3498
 9. HasSubmitButton                - Score: 0.2972
10. IsHTTPS                        - Score: 0.2920
11. NoOfJS                         - Score: 0.2911
12. HasTitle                       - Score: 0.2904
13. NoOfSelfRef                    - Score: 0.2902
14. URLCharProb                    - Score: 0.2852
15. NoOfDegitsInURL                - Score: 0.2522
16. NoOfCSS                        - Score: 0.2460
17. DomainTitleMatchScore          - Score: 0.2396
18. LineOfCode                     - Score: 0.2324
19. NoOfExternalRef                - Score: 0.2174
20. DegitRatioInURL                - Score: 0.2156
21. CharContinuationRate           - Score: 0.2122
22. HasHiddenFields                - Score: 0.2039
23. URLTitleMatchScore             - Score: 0.1923
24. NoOfImage                      - Score: 0.1887
25. NoOfiFrame                     - Score: 0.1685
26. HasPasswordField               - Score: 0.1565
27. NoOfLettersInURL               - Score: 0.1537
28. Crypto                         - Score: 0.1537
29. URLLength                      - Score: 0.1512
30. LetterRatioInURL               - Score: 0.1300
31. DomainLength                   - Score: 0.1272
32. NoOfSubDomain                  - Score: 0.1251
33. Pay                            - Score: 0.1135
34. LargestLineLength              - Score: 0.1108
35. TLDLength                      - Score: 0.1104
36. NoOfURLRedirect                - Score: 0.1098
37. NoOfEqualsInURL                - Score: 0.1086
38. NoOfQMarkInURL                 - Score: 0.1086
39. IsDomainIP                     - Score: 0.1086
40. TLDLegitimateProb              - Score: 0.1072
41. NoOfSelfRedirect               - Score: 0.0703
42. NoOfEmptyRef                   - Score: 0.0654
43. NoOfPopup                      - Score: 0.0623
44. HasExternalFormSubmit          - Score: 0.0170
45. Bank                           - Score: 0.0168
46. HasObfuscation                 - Score: 0.0000
47. NoOfObfuscatedChar             - Score: 0.0000
48. ObfuscationRatio               - Score: 0.0000
49. NoOfAmpersandInURL             - Score: 0.0000
50. HasSocialNet                   - Score: 0.0000
================================================================================

Features Ranked by Differentiation Strength:
================================================================================
 1. URLSimilarityIndex             - Score: 1.0000
 2. HasSocialNet                   - Score: 0.8743
 3. HasCopyrightInfo               - Score: 0.7472
 4. HasDescription                 - Score: 0.6274
 5. DomainTitleMatchScore          - Score: 0.4780
 6. HasSubmitButton                - Score: 0.4693
 7. IsHTTPS                        - Score: 0.4531
 8. URLTitleMatchScore             - Score: 0.4189
 9. IsResponsive                   - Score: 0.4127
10. SpacialCharRatioInURL          - Score: 0.3942
11. HasHiddenFields                - Score: 0.3900
12. HasFavicon                     - Score: 0.3691
13. NoOfJS                         - Score: 0.3420
14. CharContinuationRate           - Score: 0.3315
15. URLCharProb                    - Score: 0.3307
16. NoOfCSS                        - Score: 0.3216
17. NoOfSelfRef                    - Score: 0.3154
18. NoOfOtherSpecialCharsInURL     - Score: 0.3076
19. HasTitle                       - Score: 0.3051
20. Robots                         - Score: 0.2911
21. DegitRatioInURL                - Score: 0.2853
22. NoOfExternalRef                - Score: 0.2571
23. LetterRatioInURL               - Score: 0.2569
24. Pay                            - Score: 0.2532
25. NoOfImage                      - Score: 0.2185
26. DomainLength                   - Score: 0.1909
27. NoOfiFrame                     - Score: 0.1778
28. LineOfCode                     - Score: 0.1545
29. NoOfSubDomain                  - Score: 0.1495
30. NoOfDegitsInURL                - Score: 0.1303
31. Bank                           - Score: 0.1220
32. HasExternalFormSubmit          - Score: 0.1189
33. NoOfQMarkInURL                 - Score: 0.1044
34. URLLength                      - Score: 0.1031
35. NoOfLettersInURL               - Score: 0.0990
36. NoOfEmptyRef                   - Score: 0.0916
37. HasPasswordField               - Score: 0.0911
38. NoOfEqualsInURL                - Score: 0.0762
39. Crypto                         - Score: 0.0639
40. TLDLegitimateProb              - Score: 0.0588
41. NoOfSelfRedirect               - Score: 0.0553
42. TLDLength                      - Score: 0.0496
43. LargestLineLength              - Score: 0.0455
44. NoOfPopup                      - Score: 0.0444
45. IsDomainIP                     - Score: 0.0350
46. HasObfuscation                 - Score: 0.0328
47. NoOfURLRedirect                - Score: 0.0318
48. NoOfAmpersandInURL             - Score: 0.0288
49. ObfuscationRatio               - Score: 0.0256
50. NoOfObfuscatedChar             - Score: 0.0242
================================================================================

Features Ranked by Differentiation Strength:
================================================================================
 1. URLSimilarityIndex             - Score: 1.0000
 2. HasSocialNet                   - Score: 0.8743
 3. HasCopyrightInfo               - Score: 0.7472
 4. HasDescription                 - Score: 0.6274
 5. DomainTitleMatchScore          - Score: 0.4780
 6. HasSubmitButton                - Score: 0.4693
 7. IsHTTPS                        - Score: 0.4531
 8. URLTitleMatchScore             - Score: 0.4189
 9. IsResponsive                   - Score: 0.4127
10. SpacialCharRatioInURL          - Score: 0.3942
11. HasHiddenFields                - Score: 0.3900
12. HasFavicon                     - Score: 0.3691
13. NoOfJS                         - Score: 0.3420
14. CharContinuationRate           - Score: 0.3315
15. URLCharProb                    - Score: 0.3307
16. NoOfCSS                        - Score: 0.3216
17. NoOfSelfRef                    - Score: 0.3154
18. NoOfOtherSpecialCharsInURL     - Score: 0.3076
19. HasTitle                       - Score: 0.3051
20. Robots                         - Score: 0.2911
21. DegitRatioInURL                - Score: 0.2853
22. NoOfExternalRef                - Score: 0.2571
23. LetterRatioInURL               - Score: 0.2569
24. Pay                            - Score: 0.2532
25. NoOfImage                      - Score: 0.2185
26. DomainLength                   - Score: 0.1909
27. NoOfiFrame                     - Score: 0.1778
28. LineOfCode                     - Score: 0.1545
29. NoOfSubDomain                  - Score: 0.1495
30. NoOfDegitsInURL                - Score: 0.1303
31. Bank                           - Score: 0.1220
32. HasExternalFormSubmit          - Score: 0.1189
33. NoOfQMarkInURL                 - Score: 0.1044
34. URLLength                      - Score: 0.1031
35. NoOfLettersInURL               - Score: 0.0990
36. NoOfEmptyRef                   - Score: 0.0916
37. HasPasswordField               - Score: 0.0911
38. NoOfEqualsInURL                - Score: 0.0762
39. Crypto                         - Score: 0.0639
40. TLDLegitimateProb              - Score: 0.0588
41. NoOfSelfRedirect               - Score: 0.0553
42. TLDLength                      - Score: 0.0496
43. LargestLineLength              - Score: 0.0455
44. NoOfPopup                      - Score: 0.0444
45. IsDomainIP                     - Score: 0.0350
46. HasObfuscation                 - Score: 0.0328
47. NoOfURLRedirect                - Score: 0.0318
48. NoOfAmpersandInURL             - Score: 0.0288
49. ObfuscationRatio               - Score: 0.0256
50. NoOfObfuscatedChar             - Score: 0.0242
================================================================================

Features Ranked by Differentiation Strength:
================================================================================
 1. URLSimilarityIndex             - Score: 1.0000
 2. HasSocialNet                   - Score: 0.8743
 3. HasCopyrightInfo               - Score: 0.7472
 4. HasDescription                 - Score: 0.6274
 5. DomainTitleMatchScore          - Score: 0.4780
 6. HasSubmitButton                - Score: 0.4693
 7. IsHTTPS                        - Score: 0.4531
 8. URLTitleMatchScore             - Score: 0.4189
 9. IsResponsive                   - Score: 0.4127
10. SpacialCharRatioInURL          - Score: 0.3942
11. HasHiddenFields                - Score: 0.3900
12. HasFavicon                     - Score: 0.3691
13. NoOfJS                         - Score: 0.3420
14. CharContinuationRate           - Score: 0.3315
15. URLCharProb                    - Score: 0.3307
16. NoOfCSS                        - Score: 0.3216
17. NoOfSelfRef                    - Score: 0.3154
18. NoOfOtherSpecialCharsInURL     - Score: 0.3076
19. HasTitle                       - Score: 0.3051
20. Robots                         - Score: 0.2911
21. DegitRatioInURL                - Score: 0.2853
22. NoOfExternalRef                - Score: 0.2571
23. LetterRatioInURL               - Score: 0.2569
24. Pay                            - Score: 0.2532
25. NoOfImage                      - Score: 0.2185
26. DomainLength                   - Score: 0.1909
27. NoOfiFrame                     - Score: 0.1778
28. LineOfCode                     - Score: 0.1545
29. NoOfSubDomain                  - Score: 0.1495
30. NoOfDegitsInURL                - Score: 0.1303
31. Bank                           - Score: 0.1220
32. HasExternalFormSubmit          - Score: 0.1189
33. NoOfQMarkInURL                 - Score: 0.1044
34. URLLength                      - Score: 0.1031
35. NoOfLettersInURL               - Score: 0.0990
36. NoOfEmptyRef                   - Score: 0.0916
37. HasPasswordField               - Score: 0.0911
38. NoOfEqualsInURL                - Score: 0.0762
39. Crypto                         - Score: 0.0639
40. TLDLegitimateProb              - Score: 0.0588
41. NoOfSelfRedirect               - Score: 0.0553
42. TLDLength                      - Score: 0.0496
43. LargestLineLength              - Score: 0.0455
44. NoOfPopup                      - Score: 0.0444
45. IsDomainIP                     - Score: 0.0350
46. HasObfuscation                 - Score: 0.0328
47. NoOfURLRedirect                - Score: 0.0318
48. NoOfAmpersandInURL             - Score: 0.0288
49. ObfuscationRatio               - Score: 0.0256
50. NoOfObfuscatedChar             - Score: 0.0242
================================================================================

Features Ranked by Differentiation Strength:
================================================================================
 1. URLSimilarityIndex             - Score: 1.0000
 2. IsHTTPS                        - Score: 0.4899
 3. HasDescription                 - Score: 0.3987
 4. NoOfJS                         - Score: 0.3689
 5. DomainTitleMatchScore          - Score: 0.3546
 6. URLTitleMatchScore             - Score: 0.3309
 7. HasSubmitButton                - Score: 0.3272
 8. IsResponsive                   - Score: 0.3234
 9. HasHiddenFields                - Score: 0.2828
10. NoOfOtherSpecialCharsInURL     - Score: 0.2826
11. SpacialCharRatioInURL          - Score: 0.2775
12. HasTitle                       - Score: 0.2755
13. NoOfCSS                        - Score: 0.2711
14. HasFavicon                     - Score: 0.2701
15. NoOfExternalRef                - Score: 0.2620
16. CharContinuationRate           - Score: 0.2144
17. LineOfCode                     - Score: 0.2136
18. Robots                         - Score: 0.2031
19. DegitRatioInURL                - Score: 0.1949
20. NoOfSelfRef                    - Score: 0.1929
21. NoOfDegitsInURL                - Score: 0.1878
22. URLCharProb                    - Score: 0.1853
23. Pay                            - Score: 0.1748
24. NoOfLettersInURL               - Score: 0.1708
25. LetterRatioInURL               - Score: 0.1647
26. URLLength                      - Score: 0.1547
27. NoOfiFrame                     - Score: 0.1377
28. DomainLength                   - Score: 0.1330
29. NoOfEmptyRef                   - Score: 0.1148
30. NoOfImage                      - Score: 0.1124
31. NoOfSubDomain                  - Score: 0.1007
32. NoOfSelfRedirect               - Score: 0.0986
33. HasPasswordField               - Score: 0.0885
34. NoOfPopup                      - Score: 0.0699
35. NoOfURLRedirect                - Score: 0.0679
36. Crypto                         - Score: 0.0655
37. Bank                           - Score: 0.0603
38. TLDLength                      - Score: 0.0548
39. HasExternalFormSubmit          - Score: 0.0545
40. TLDLegitimateProb              - Score: 0.0507
41. LargestLineLength              - Score: 0.0304
42. NoOfQMarkInURL                 - Score: 0.0257
43. NoOfEqualsInURL                - Score: 0.0207
44. IsDomainIP                     - Score: 0.0081
45. NoOfObfuscatedChar             - Score: 0.0057
46. HasObfuscation                 - Score: 0.0057
47. ObfuscationRatio               - Score: 0.0057
48. NoOfAmpersandInURL             - Score: 0.0057
49. HasSocialNet                   - Score: 0.0000
50. HasCopyrightInfo               - Score: 0.0000
================================================================================

Features Ranked by Differentiation Strength:
================================================================================
 1. URLSimilarityIndex             - Score: 1.0000
 2. IsHTTPS                        - Score: 0.4050
 3. NoOfOtherSpecialCharsInURL     - Score: 0.3678
 4. SpacialCharRatioInURL          - Score: 0.3265
 5. NoOfLettersInURL               - Score: 0.3102
 6. LetterRatioInURL               - Score: 0.2991
 7. NoOfJS                         - Score: 0.2881
 8. URLLength                      - Score: 0.2802
 9. DomainTitleMatchScore          - Score: 0.2655
10. HasDescription                 - Score: 0.2462
11. NoOfCSS                        - Score: 0.2139
12. URLCharProb                    - Score: 0.2112
13. CharContinuationRate           - Score: 0.1954
14. URLTitleMatchScore             - Score: 0.1945
15. Robots                         - Score: 0.1913
16. DegitRatioInURL                - Score: 0.1881
17. NoOfSelfRef                    - Score: 0.1822
18. NoOfDegitsInURL                - Score: 0.1802
19. NoOfSubDomain                  - Score: 0.1441
20. NoOfExternalRef                - Score: 0.1402
21. NoOfImage                      - Score: 0.1378
22. DomainLength                   - Score: 0.1265
23. HasHiddenFields                - Score: 0.1175
24. LineOfCode                     - Score: 0.1043
25. HasSubmitButton                - Score: 0.0839
26. Crypto                         - Score: 0.0793
27. TLDLength                      - Score: 0.0788
28. HasExternalFormSubmit          - Score: 0.0733
29. NoOfiFrame                     - Score: 0.0654
30. Pay                            - Score: 0.0638
31. HasPasswordField               - Score: 0.0585
32. NoOfSelfRedirect               - Score: 0.0543
33. LargestLineLength              - Score: 0.0465
34. HasTitle                       - Score: 0.0432
35. Bank                           - Score: 0.0424
36. NoOfPopup                      - Score: 0.0414
37. HasFavicon                     - Score: 0.0395
38. NoOfEmptyRef                   - Score: 0.0349
39. HasObfuscation                 - Score: 0.0296
40. NoOfObfuscatedChar             - Score: 0.0296
41. NoOfEqualsInURL                - Score: 0.0296
42. NoOfQMarkInURL                 - Score: 0.0296
43. NoOfAmpersandInURL             - Score: 0.0296
44. ObfuscationRatio               - Score: 0.0296
45. NoOfURLRedirect                - Score: 0.0233
46. TLDLegitimateProb              - Score: 0.0171
47. IsResponsive                   - Score: 0.0090
48. IsDomainIP                     - Score: 0.0000
49. HasSocialNet                   - Score: 0.0000
50. HasCopyrightInfo               - Score: 0.0000
================================================================================

Features Ranked by Differentiation Strength:
================================================================================
 1. URLSimilarityIndex             - Score: 1.0000
 2. SpacialCharRatioInURL          - Score: 0.3391
 3. IsResponsive                   - Score: 0.3317
 4. HasDescription                 - Score: 0.2962
 5. NoOfOtherSpecialCharsInURL     - Score: 0.2944
 6. URLCharProb                    - Score: 0.2606
 7. Robots                         - Score: 0.2577
 8. HasSubmitButton                - Score: 0.2546
 9. DomainTitleMatchScore          - Score: 0.2411
10. HasCopyrightInfo               - Score: 0.2380
11. NoOfSelfRef                    - Score: 0.2221
12. NoOfJS                         - Score: 0.2143
13. IsHTTPS                        - Score: 0.2060
14. HasTitle                       - Score: 0.2041
15. HasFavicon                     - Score: 0.1977
16. NoOfDegitsInURL                - Score: 0.1853
17. TLDLegitimateProb              - Score: 0.1847
18. NoOfCSS                        - Score: 0.1772
19. HasHiddenFields                - Score: 0.1685
20. NoOfExternalRef                - Score: 0.1652
21. DegitRatioInURL                - Score: 0.1584
22. CharContinuationRate           - Score: 0.1571
23. URLTitleMatchScore             - Score: 0.1502
24. NoOfImage                      - Score: 0.1499
25. NoOfSubDomain                  - Score: 0.1358
26. LargestLineLength              - Score: 0.1280
27. HasPasswordField               - Score: 0.1170
28. NoOfLettersInURL               - Score: 0.1043
29. DomainLength                   - Score: 0.1039
30. NoOfURLRedirect                - Score: 0.1031
31. URLLength                      - Score: 0.0979
32. LetterRatioInURL               - Score: 0.0920
33. Crypto                         - Score: 0.0917
34. TLDLength                      - Score: 0.0912
35. IsDomainIP                     - Score: 0.0878
36. NoOfEqualsInURL                - Score: 0.0878
37. NoOfQMarkInURL                 - Score: 0.0878
38. LineOfCode                     - Score: 0.0864
39. NoOfiFrame                     - Score: 0.0814
40. NoOfEmptyRef                   - Score: 0.0593
41. NoOfPopup                      - Score: 0.0519
42. NoOfSelfRedirect               - Score: 0.0509
43. Bank                           - Score: 0.0320
44. Pay                            - Score: 0.0269
45. HasExternalFormSubmit          - Score: 0.0018
46. HasObfuscation                 - Score: 0.0000
47. NoOfObfuscatedChar             - Score: 0.0000
48. ObfuscationRatio               - Score: 0.0000
49. NoOfAmpersandInURL             - Score: 0.0000
50. HasSocialNet                   - Score: 0.0000
================================================================================

Features Ranked by Differentiation Strength:
================================================================================
 1. URLSimilarityIndex             - Score: 1.0000
 2. HasSocialNet                   - Score: 0.8765
 3. HasCopyrightInfo               - Score: 0.7502
 4. HasDescription                 - Score: 0.6323
 5. HasSubmitButton                - Score: 0.4693
 6. DomainTitleMatchScore          - Score: 0.4686
 7. IsHTTPS                        - Score: 0.4553
 8. IsResponsive                   - Score: 0.4097
 9. URLTitleMatchScore             - Score: 0.4080
10. HasHiddenFields                - Score: 0.3927
11. SpacialCharRatioInURL          - Score: 0.3857
12. HasFavicon                     - Score: 0.3678
13. NoOfCSS                        - Score: 0.3417
14. NoOfJS                         - Score: 0.3416
15. URLCharProb                    - Score: 0.3264
16. CharContinuationRate           - Score: 0.3252
17. NoOfSelfRef                    - Score: 0.3121
18. NoOfOtherSpecialCharsInURL     - Score: 0.3045
19. HasTitle                       - Score: 0.3045
20. Robots                         - Score: 0.2858
21. DegitRatioInURL                - Score: 0.2816
22. LetterRatioInURL               - Score: 0.2627
23. Pay                            - Score: 0.2555
24. NoOfImage                      - Score: 0.2226
25. DomainLength                   - Score: 0.1926
26. NoOfExternalRef                - Score: 0.1835
27. NoOfiFrame                     - Score: 0.1780
28. LineOfCode                     - Score: 0.1539
29. NoOfSubDomain                  - Score: 0.1474
30. NoOfDegitsInURL                - Score: 0.1272
31. Bank                           - Score: 0.1252
32. HasExternalFormSubmit          - Score: 0.1198
33. URLLength                      - Score: 0.1017
34. NoOfQMarkInURL                 - Score: 0.0999
35. NoOfLettersInURL               - Score: 0.0984
36. HasPasswordField               - Score: 0.0900
37. NoOfEmptyRef                   - Score: 0.0853
38. NoOfEqualsInURL                - Score: 0.0713
39. NoOfPopup                      - Score: 0.0589
40. Crypto                         - Score: 0.0585
41. TLDLegitimateProb              - Score: 0.0571
42. NoOfSelfRedirect               - Score: 0.0524
43. TLDLength                      - Score: 0.0518
44. LargestLineLength              - Score: 0.0436
45. IsDomainIP                     - Score: 0.0358
46. NoOfURLRedirect                - Score: 0.0295
47. HasObfuscation                 - Score: 0.0294
48. NoOfAmpersandInURL             - Score: 0.0275
49. ObfuscationRatio               - Score: 0.0229
50. NoOfObfuscatedChar             - Score: 0.0216
================================================================================

Features Ranked by Differentiation Strength:
================================================================================
 1. URLSimilarityIndex             - Score: 1.0000
 2. HasSocialNet                   - Score: 0.8765
 3. HasCopyrightInfo               - Score: 0.7502
 4. HasDescription                 - Score: 0.6323
 5. HasSubmitButton                - Score: 0.4693
 6. DomainTitleMatchScore          - Score: 0.4686
 7. IsHTTPS                        - Score: 0.4553
 8. IsResponsive                   - Score: 0.4097
 9. URLTitleMatchScore             - Score: 0.4080
10. HasHiddenFields                - Score: 0.3927
11. SpacialCharRatioInURL          - Score: 0.3857
12. HasFavicon                     - Score: 0.3678
13. NoOfCSS                        - Score: 0.3417
14. NoOfJS                         - Score: 0.3416
15. URLCharProb                    - Score: 0.3264
16. CharContinuationRate           - Score: 0.3252
17. NoOfSelfRef                    - Score: 0.3121
18. NoOfOtherSpecialCharsInURL     - Score: 0.3045
19. HasTitle                       - Score: 0.3045
20. Robots                         - Score: 0.2858
21. DegitRatioInURL                - Score: 0.2816
22. LetterRatioInURL               - Score: 0.2627
23. Pay                            - Score: 0.2555
24. NoOfImage                      - Score: 0.2226
25. DomainLength                   - Score: 0.1926
26. NoOfExternalRef                - Score: 0.1835
27. NoOfiFrame                     - Score: 0.1780
28. LineOfCode                     - Score: 0.1539
29. NoOfSubDomain                  - Score: 0.1474
30. NoOfDegitsInURL                - Score: 0.1272
31. Bank                           - Score: 0.1252
32. HasExternalFormSubmit          - Score: 0.1198
33. URLLength                      - Score: 0.1017
34. NoOfQMarkInURL                 - Score: 0.0999
35. NoOfLettersInURL               - Score: 0.0984
36. HasPasswordField               - Score: 0.0900
37. NoOfEmptyRef                   - Score: 0.0853
38. NoOfEqualsInURL                - Score: 0.0713
39. NoOfPopup                      - Score: 0.0589
40. Crypto                         - Score: 0.0585
41. TLDLegitimateProb              - Score: 0.0571
42. NoOfSelfRedirect               - Score: 0.0524
43. TLDLength                      - Score: 0.0518
44. LargestLineLength              - Score: 0.0436
45. IsDomainIP                     - Score: 0.0358
46. NoOfURLRedirect                - Score: 0.0295
47. HasObfuscation                 - Score: 0.0294
48. NoOfAmpersandInURL             - Score: 0.0275
49. ObfuscationRatio               - Score: 0.0229
50. NoOfObfuscatedChar             - Score: 0.0216
================================================================================

Features Ranked by Differentiation Strength:
================================================================================
 1. URLSimilarityIndex             - Score: 1.0000
 2. HasSocialNet                   - Score: 0.8765
 3. HasCopyrightInfo               - Score: 0.7502
 4. HasDescription                 - Score: 0.6323
 5. HasSubmitButton                - Score: 0.4693
 6. DomainTitleMatchScore          - Score: 0.4686
 7. IsHTTPS                        - Score: 0.4553
 8. IsResponsive                   - Score: 0.4097
 9. URLTitleMatchScore             - Score: 0.4080
10. HasHiddenFields                - Score: 0.3927
11. SpacialCharRatioInURL          - Score: 0.3857
12. HasFavicon                     - Score: 0.3678
13. NoOfCSS                        - Score: 0.3417
14. NoOfJS                         - Score: 0.3416
15. URLCharProb                    - Score: 0.3264
16. CharContinuationRate           - Score: 0.3252
17. NoOfSelfRef                    - Score: 0.3121
18. NoOfOtherSpecialCharsInURL     - Score: 0.3045
19. HasTitle                       - Score: 0.3045
20. Robots                         - Score: 0.2858
21. DegitRatioInURL                - Score: 0.2816
22. LetterRatioInURL               - Score: 0.2627
23. Pay                            - Score: 0.2555
24. NoOfImage                      - Score: 0.2226
25. DomainLength                   - Score: 0.1926
26. NoOfExternalRef                - Score: 0.1835
27. NoOfiFrame                     - Score: 0.1780
28. LineOfCode                     - Score: 0.1539
29. NoOfSubDomain                  - Score: 0.1474
30. NoOfDegitsInURL                - Score: 0.1272
31. Bank                           - Score: 0.1252
32. HasExternalFormSubmit          - Score: 0.1198
33. URLLength                      - Score: 0.1017
34. NoOfQMarkInURL                 - Score: 0.0999
35. NoOfLettersInURL               - Score: 0.0984
36. HasPasswordField               - Score: 0.0900
37. NoOfEmptyRef                   - Score: 0.0853
38. NoOfEqualsInURL                - Score: 0.0713
39. NoOfPopup                      - Score: 0.0589
40. Crypto                         - Score: 0.0585
41. TLDLegitimateProb              - Score: 0.0571
42. NoOfSelfRedirect               - Score: 0.0524
43. TLDLength                      - Score: 0.0518
44. LargestLineLength              - Score: 0.0436
45. IsDomainIP                     - Score: 0.0358
46. NoOfURLRedirect                - Score: 0.0295
47. HasObfuscation                 - Score: 0.0294
48. NoOfAmpersandInURL             - Score: 0.0275
49. ObfuscationRatio               - Score: 0.0229
50. NoOfObfuscatedChar             - Score: 0.0216
================================================================================

Features Ranked by Differentiation Strength:
================================================================================
 1. URLSimilarityIndex             - Score: 1.0000
 2. IsHTTPS                        - Score: 0.4923
 3. HasDescription                 - Score: 0.4083
 4. NoOfJS                         - Score: 0.3446
 5. HasSubmitButton                - Score: 0.3437
 6. DomainTitleMatchScore          - Score: 0.3424
 7. URLTitleMatchScore             - Score: 0.3173
 8. IsResponsive                   - Score: 0.3023
 9. HasHiddenFields                - Score: 0.2815
10. NoOfOtherSpecialCharsInURL     - Score: 0.2747
11. HasTitle                       - Score: 0.2712
12. SpacialCharRatioInURL          - Score: 0.2656
13. NoOfCSS                        - Score: 0.2633
14. HasFavicon                     - Score: 0.2632
15. LineOfCode                     - Score: 0.2238
16. CharContinuationRate           - Score: 0.2053
17. Robots                         - Score: 0.2038
18. NoOfSelfRef                    - Score: 0.1893
19. DegitRatioInURL                - Score: 0.1883
20. Pay                            - Score: 0.1835
21. NoOfDegitsInURL                - Score: 0.1817
22. URLCharProb                    - Score: 0.1761
23. NoOfLettersInURL               - Score: 0.1749
24. LetterRatioInURL               - Score: 0.1720
25. URLLength                      - Score: 0.1574
26. NoOfiFrame                     - Score: 0.1375
27. DomainLength                   - Score: 0.1351
28. NoOfEmptyRef                   - Score: 0.1158
29. NoOfImage                      - Score: 0.1116
30. NoOfSubDomain                  - Score: 0.0983
31. NoOfSelfRedirect               - Score: 0.0966
32. HasPasswordField               - Score: 0.0934
33. Bank                           - Score: 0.0839
34. NoOfURLRedirect                - Score: 0.0691
35. NoOfPopup                      - Score: 0.0630
36. TLDLegitimateProb              - Score: 0.0534
37. TLDLength                      - Score: 0.0504
38. HasExternalFormSubmit          - Score: 0.0497
39. Crypto                         - Score: 0.0455
40. NoOfExternalRef                - Score: 0.0431
41. LargestLineLength              - Score: 0.0337
42. NoOfQMarkInURL                 - Score: 0.0249
43. NoOfEqualsInURL                - Score: 0.0214
44. IsDomainIP                     - Score: 0.0081
45. HasObfuscation                 - Score: 0.0000
46. NoOfObfuscatedChar             - Score: 0.0000
47. ObfuscationRatio               - Score: 0.0000
48. NoOfAmpersandInURL             - Score: 0.0000
49. HasSocialNet                   - Score: 0.0000
50. HasCopyrightInfo               - Score: 0.0000
================================================================================

Features Ranked by Differentiation Strength:
================================================================================
 1. URLSimilarityIndex             - Score: 1.0000
 2. IsHTTPS                        - Score: 0.3751
 3. NoOfOtherSpecialCharsInURL     - Score: 0.3620
 4. LetterRatioInURL               - Score: 0.3231
 5. SpacialCharRatioInURL          - Score: 0.3190
 6. NoOfJS                         - Score: 0.3014
 7. NoOfLettersInURL               - Score: 0.3005
 8. URLLength                      - Score: 0.2617
 9. DomainTitleMatchScore          - Score: 0.2596
10. NoOfCSS                        - Score: 0.2369
11. HasDescription                 - Score: 0.2345
12. NoOfSelfRef                    - Score: 0.2276
13. URLCharProb                    - Score: 0.2026
14. NoOfExternalRef                - Score: 0.1953
15. DegitRatioInURL                - Score: 0.1867
16. CharContinuationRate           - Score: 0.1857
17. URLTitleMatchScore             - Score: 0.1803
18. NoOfDegitsInURL                - Score: 0.1751
19. Robots                         - Score: 0.1625
20. NoOfSubDomain                  - Score: 0.1556
21. NoOfImage                      - Score: 0.1507
22. DomainLength                   - Score: 0.1288
23. HasHiddenFields                - Score: 0.1174
24. HasSubmitButton                - Score: 0.1040
25. LineOfCode                     - Score: 0.1039
26. Crypto                         - Score: 0.0834
27. Pay                            - Score: 0.0710
28. TLDLength                      - Score: 0.0656
29. NoOfiFrame                     - Score: 0.0631
30. HasTitle                       - Score: 0.0572
31. NoOfSelfRedirect               - Score: 0.0507
32. HasExternalFormSubmit          - Score: 0.0485
33. LargestLineLength              - Score: 0.0479
34. HasPasswordField               - Score: 0.0444
35. NoOfEmptyRef                   - Score: 0.0409
36. NoOfEqualsInURL                - Score: 0.0401
37. NoOfQMarkInURL                 - Score: 0.0401
38. NoOfPopup                      - Score: 0.0394
39. HasFavicon                     - Score: 0.0385
40. Bank                           - Score: 0.0332
41. HasObfuscation                 - Score: 0.0283
42. NoOfAmpersandInURL             - Score: 0.0283
43. ObfuscationRatio               - Score: 0.0283
44. NoOfObfuscatedChar             - Score: 0.0283
45. NoOfURLRedirect                - Score: 0.0282
46. TLDLegitimateProb              - Score: 0.0152
47. IsResponsive                   - Score: 0.0012
48. IsDomainIP                     - Score: 0.0000
49. HasSocialNet                   - Score: 0.0000
50. HasCopyrightInfo               - Score: 0.0000
================================================================================

Features Ranked by Differentiation Strength:
================================================================================
 1. URLSimilarityIndex             - Score: 1.0000
 2. SpacialCharRatioInURL          - Score: 0.4995
 3. HasDescription                 - Score: 0.4084
 4. HasCopyrightInfo               - Score: 0.3961
 5. IsResponsive                   - Score: 0.3737
 6. NoOfOtherSpecialCharsInURL     - Score: 0.3668
 7. URLCharProb                    - Score: 0.3519
 8. Robots                         - Score: 0.3508
 9. HasSubmitButton                - Score: 0.3425
10. HasTitle                       - Score: 0.3325
11. NoOfCSS                        - Score: 0.3082
12. NoOfJS                         - Score: 0.3025
13. NoOfSelfRef                    - Score: 0.2867
14. HasFavicon                     - Score: 0.2670
15. DomainTitleMatchScore          - Score: 0.2567
16. IsHTTPS                        - Score: 0.2287
17. NoOfSubDomain                  - Score: 0.2254
18. DegitRatioInURL                - Score: 0.2218
19. NoOfDegitsInURL                - Score: 0.2210
20. CharContinuationRate           - Score: 0.2134
21. NoOfExternalRef                - Score: 0.2105
22. NoOfImage                      - Score: 0.2035
23. LetterRatioInURL               - Score: 0.1835
24. Crypto                         - Score: 0.1821
25. TLDLegitimateProb              - Score: 0.1778
26. LargestLineLength              - Score: 0.1757
27. HasHiddenFields                - Score: 0.1709
28. HasPasswordField               - Score: 0.1586
29. NoOfLettersInURL               - Score: 0.1504
30. URLTitleMatchScore             - Score: 0.1475
31. URLLength                      - Score: 0.1351
32. DomainLength                   - Score: 0.1243
33. HasExternalFormSubmit          - Score: 0.1218
34. NoOfEqualsInURL                - Score: 0.1194
35. NoOfQMarkInURL                 - Score: 0.1194
36. LineOfCode                     - Score: 0.1184
37. NoOfiFrame                     - Score: 0.1061
38. TLDLength                      - Score: 0.1002
39. Bank                           - Score: 0.0955
40. NoOfURLRedirect                - Score: 0.0887
41. Pay                            - Score: 0.0882
42. NoOfSelfRedirect               - Score: 0.0699
43. NoOfEmptyRef                   - Score: 0.0635
44. NoOfPopup                      - Score: 0.0553
45. IsDomainIP                     - Score: 0.0000
46. HasObfuscation                 - Score: 0.0000
47. NoOfObfuscatedChar             - Score: 0.0000
48. ObfuscationRatio               - Score: 0.0000
49. NoOfAmpersandInURL             - Score: 0.0000
50. HasSocialNet                   - Score: 0.0000
================================================================================

Features Ranked by Differentiation Strength:
================================================================================
 1. URLSimilarityIndex             - Score: 1.0000
 2. HasSocialNet                   - Score: 0.8685
 3. HasCopyrightInfo               - Score: 0.7330
 4. HasDescription                 - Score: 0.6357
 5. DomainTitleMatchScore          - Score: 0.4720
 6. HasSubmitButton                - Score: 0.4666
 7. IsHTTPS                        - Score: 0.4561
 8. IsResponsive                   - Score: 0.4146
 9. URLTitleMatchScore             - Score: 0.4122
10. HasHiddenFields                - Score: 0.3971
11. SpacialCharRatioInURL          - Score: 0.3865
12. HasFavicon                     - Score: 0.3709
13. NoOfJS                         - Score: 0.3423
14. CharContinuationRate           - Score: 0.3302
15. URLCharProb                    - Score: 0.3234
16. NoOfCSS                        - Score: 0.3192
17. NoOfSelfRef                    - Score: 0.3063
18. HasTitle                       - Score: 0.3045
19. Robots                         - Score: 0.2968
20. NoOfOtherSpecialCharsInURL     - Score: 0.2952
21. DegitRatioInURL                - Score: 0.2819
22. LetterRatioInURL               - Score: 0.2603
23. Pay                            - Score: 0.2548
24. NoOfImage                      - Score: 0.2104
25. NoOfiFrame                     - Score: 0.1979
26. DomainLength                   - Score: 0.1883
27. NoOfExternalRef                - Score: 0.1695
28. NoOfSubDomain                  - Score: 0.1474
29. LineOfCode                     - Score: 0.1419
30. NoOfDegitsInURL                - Score: 0.1299
31. Bank                           - Score: 0.1242
32. HasExternalFormSubmit          - Score: 0.1207
33. URLLength                      - Score: 0.1038
34. NoOfQMarkInURL                 - Score: 0.1021
35. NoOfLettersInURL               - Score: 0.1000
36. HasPasswordField               - Score: 0.0904
37. NoOfEmptyRef                   - Score: 0.0849
38. NoOfEqualsInURL                - Score: 0.0746
39. TLDLegitimateProb              - Score: 0.0605
40. Crypto                         - Score: 0.0595
41. TLDLength                      - Score: 0.0504
42. NoOfSelfRedirect               - Score: 0.0487
43. NoOfPopup                      - Score: 0.0444
44. LargestLineLength              - Score: 0.0437
45. IsDomainIP                     - Score: 0.0361
46. HasObfuscation                 - Score: 0.0307
47. NoOfAmpersandInURL             - Score: 0.0286
48. NoOfURLRedirect                - Score: 0.0270
49. ObfuscationRatio               - Score: 0.0238
50. NoOfObfuscatedChar             - Score: 0.0230
================================================================================

Features Ranked by Differentiation Strength:
================================================================================
 1. URLSimilarityIndex             - Score: 1.0000
 2. HasSocialNet                   - Score: 0.8685
 3. HasCopyrightInfo               - Score: 0.7330
 4. HasDescription                 - Score: 0.6357
 5. DomainTitleMatchScore          - Score: 0.4720
 6. HasSubmitButton                - Score: 0.4666
 7. IsHTTPS                        - Score: 0.4561
 8. IsResponsive                   - Score: 0.4146
 9. URLTitleMatchScore             - Score: 0.4122
10. HasHiddenFields                - Score: 0.3971
11. SpacialCharRatioInURL          - Score: 0.3865
12. HasFavicon                     - Score: 0.3709
13. NoOfJS                         - Score: 0.3423
14. CharContinuationRate           - Score: 0.3302
15. URLCharProb                    - Score: 0.3234
16. NoOfCSS                        - Score: 0.3192
17. NoOfSelfRef                    - Score: 0.3063
18. HasTitle                       - Score: 0.3045
19. Robots                         - Score: 0.2968
20. NoOfOtherSpecialCharsInURL     - Score: 0.2952
21. DegitRatioInURL                - Score: 0.2819
22. LetterRatioInURL               - Score: 0.2603
23. Pay                            - Score: 0.2548
24. NoOfImage                      - Score: 0.2104
25. NoOfiFrame                     - Score: 0.1979
26. DomainLength                   - Score: 0.1883
27. NoOfExternalRef                - Score: 0.1695
28. NoOfSubDomain                  - Score: 0.1474
29. LineOfCode                     - Score: 0.1419
30. NoOfDegitsInURL                - Score: 0.1299
31. Bank                           - Score: 0.1242
32. HasExternalFormSubmit          - Score: 0.1207
33. URLLength                      - Score: 0.1038
34. NoOfQMarkInURL                 - Score: 0.1021
35. NoOfLettersInURL               - Score: 0.1000
36. HasPasswordField               - Score: 0.0904
37. NoOfEmptyRef                   - Score: 0.0849
38. NoOfEqualsInURL                - Score: 0.0746
39. TLDLegitimateProb              - Score: 0.0605
40. Crypto                         - Score: 0.0595
41. TLDLength                      - Score: 0.0504
42. NoOfSelfRedirect               - Score: 0.0487
43. NoOfPopup                      - Score: 0.0444
44. LargestLineLength              - Score: 0.0437
45. IsDomainIP                     - Score: 0.0361
46. HasObfuscation                 - Score: 0.0307
47. NoOfAmpersandInURL             - Score: 0.0286
48. NoOfURLRedirect                - Score: 0.0270
49. ObfuscationRatio               - Score: 0.0238
50. NoOfObfuscatedChar             - Score: 0.0230
================================================================================

Features Ranked by Differentiation Strength:
================================================================================
 1. URLSimilarityIndex             - Score: 1.0000
 2. HasSocialNet                   - Score: 0.8685
 3. HasCopyrightInfo               - Score: 0.7330
 4. HasDescription                 - Score: 0.6357
 5. DomainTitleMatchScore          - Score: 0.4720
 6. HasSubmitButton                - Score: 0.4666
 7. IsHTTPS                        - Score: 0.4561
 8. IsResponsive                   - Score: 0.4146
 9. URLTitleMatchScore             - Score: 0.4122
10. HasHiddenFields                - Score: 0.3971
11. SpacialCharRatioInURL          - Score: 0.3865
12. HasFavicon                     - Score: 0.3709
13. NoOfJS                         - Score: 0.3423
14. CharContinuationRate           - Score: 0.3302
15. URLCharProb                    - Score: 0.3234
16. NoOfCSS                        - Score: 0.3192
17. NoOfSelfRef                    - Score: 0.3063
18. HasTitle                       - Score: 0.3045
19. Robots                         - Score: 0.2968
20. NoOfOtherSpecialCharsInURL     - Score: 0.2952
21. DegitRatioInURL                - Score: 0.2819
22. LetterRatioInURL               - Score: 0.2603
23. Pay                            - Score: 0.2548
24. NoOfImage                      - Score: 0.2104
25. NoOfiFrame                     - Score: 0.1979
26. DomainLength                   - Score: 0.1883
27. NoOfExternalRef                - Score: 0.1695
28. NoOfSubDomain                  - Score: 0.1474
29. LineOfCode                     - Score: 0.1419
30. NoOfDegitsInURL                - Score: 0.1299
31. Bank                           - Score: 0.1242
32. HasExternalFormSubmit          - Score: 0.1207
33. URLLength                      - Score: 0.1038
34. NoOfQMarkInURL                 - Score: 0.1021
35. NoOfLettersInURL               - Score: 0.1000
36. HasPasswordField               - Score: 0.0904
37. NoOfEmptyRef                   - Score: 0.0849
38. NoOfEqualsInURL                - Score: 0.0746
39. TLDLegitimateProb              - Score: 0.0605
40. Crypto                         - Score: 0.0595
41. TLDLength                      - Score: 0.0504
42. NoOfSelfRedirect               - Score: 0.0487
43. NoOfPopup                      - Score: 0.0444
44. LargestLineLength              - Score: 0.0437
45. IsDomainIP                     - Score: 0.0361
46. HasObfuscation                 - Score: 0.0307
47. NoOfAmpersandInURL             - Score: 0.0286
48. NoOfURLRedirect                - Score: 0.0270
49. ObfuscationRatio               - Score: 0.0238
50. NoOfObfuscatedChar             - Score: 0.0230
================================================================================

Features Ranked by Differentiation Strength:
================================================================================
 1. URLSimilarityIndex             - Score: 1.0000
 2. IsHTTPS                        - Score: 0.4895
 3. HasDescription                 - Score: 0.4083
 4. NoOfJS                         - Score: 0.3427
 5. DomainTitleMatchScore          - Score: 0.3282
 6. HasSubmitButton                - Score: 0.3198
 7. URLTitleMatchScore             - Score: 0.3077
 8. IsResponsive                   - Score: 0.3076
 9. HasFavicon                     - Score: 0.2882
10. NoOfOtherSpecialCharsInURL     - Score: 0.2738
11. HasTitle                       - Score: 0.2716
12. HasHiddenFields                - Score: 0.2672
13. SpacialCharRatioInURL          - Score: 0.2616
14. NoOfExternalRef                - Score: 0.2599
15. NoOfCSS                        - Score: 0.2577
16. CharContinuationRate           - Score: 0.2125
17. LineOfCode                     - Score: 0.2082
18. Robots                         - Score: 0.1968
19. NoOfSelfRef                    - Score: 0.1880
20. DegitRatioInURL                - Score: 0.1853
21. NoOfDegitsInURL                - Score: 0.1795
22. NoOfLettersInURL               - Score: 0.1774
23. URLCharProb                    - Score: 0.1765
24. LetterRatioInURL               - Score: 0.1725
25. Pay                            - Score: 0.1648
26. URLLength                      - Score: 0.1597
27. DomainLength                   - Score: 0.1395
28. NoOfiFrame                     - Score: 0.1306
29. NoOfEmptyRef                   - Score: 0.1150
30. NoOfImage                      - Score: 0.1123
31. NoOfSelfRedirect               - Score: 0.0933
32. NoOfSubDomain                  - Score: 0.0902
33. HasPasswordField               - Score: 0.0880
34. NoOfURLRedirect                - Score: 0.0720
35. NoOfPopup                      - Score: 0.0664
36. Bank                           - Score: 0.0635
37. Crypto                         - Score: 0.0598
38. TLDLength                      - Score: 0.0561
39. TLDLegitimateProb              - Score: 0.0473
40. HasExternalFormSubmit          - Score: 0.0451
41. LargestLineLength              - Score: 0.0288
42. NoOfQMarkInURL                 - Score: 0.0253
43. NoOfEqualsInURL                - Score: 0.0196
44. IsDomainIP                     - Score: 0.0056
45. HasObfuscation                 - Score: 0.0056
46. ObfuscationRatio               - Score: 0.0056
47. NoOfAmpersandInURL             - Score: 0.0056
48. NoOfObfuscatedChar             - Score: 0.0056
49. HasSocialNet                   - Score: 0.0000
50. HasCopyrightInfo               - Score: 0.0000
================================================================================

Features Ranked by Differentiation Strength:
================================================================================
 1. URLSimilarityIndex             - Score: 1.0000
 2. IsHTTPS                        - Score: 0.3828
 3. NoOfOtherSpecialCharsInURL     - Score: 0.3662
 4. SpacialCharRatioInURL          - Score: 0.3183
 5. LetterRatioInURL               - Score: 0.3116
 6. NoOfLettersInURL               - Score: 0.3047
 7. NoOfJS                         - Score: 0.2869
 8. URLLength                      - Score: 0.2706
 9. DomainTitleMatchScore          - Score: 0.2667
10. HasDescription                 - Score: 0.2178
11. NoOfCSS                        - Score: 0.2140
12. URLCharProb                    - Score: 0.1976
13. URLTitleMatchScore             - Score: 0.1962
14. Robots                         - Score: 0.1882
15. NoOfSelfRef                    - Score: 0.1858
16. DegitRatioInURL                - Score: 0.1818
17. CharContinuationRate           - Score: 0.1788
18. NoOfDegitsInURL                - Score: 0.1724
19. NoOfSubDomain                  - Score: 0.1522
20. NoOfImage                      - Score: 0.1356
21. HasHiddenFields                - Score: 0.1340
22. DomainLength                   - Score: 0.1258
23. NoOfiFrame                     - Score: 0.0974
24. Crypto                         - Score: 0.0867
25. HasSubmitButton                - Score: 0.0855
26. LineOfCode                     - Score: 0.0661
27. TLDLength                      - Score: 0.0622
28. HasPasswordField               - Score: 0.0583
29. NoOfExternalRef                - Score: 0.0551
30. Pay                            - Score: 0.0549
31. NoOfSelfRedirect               - Score: 0.0529
32. LargestLineLength              - Score: 0.0478
33. HasTitle                       - Score: 0.0461
34. NoOfPopup                      - Score: 0.0405
35. HasExternalFormSubmit          - Score: 0.0402
36. NoOfEmptyRef                   - Score: 0.0395
37. NoOfEqualsInURL                - Score: 0.0395
38. NoOfQMarkInURL                 - Score: 0.0395
39. Bank                           - Score: 0.0357
40. HasFavicon                     - Score: 0.0296
41. NoOfObfuscatedChar             - Score: 0.0278
42. HasObfuscation                 - Score: 0.0278
43. ObfuscationRatio               - Score: 0.0278
44. NoOfAmpersandInURL             - Score: 0.0278
45. NoOfURLRedirect                - Score: 0.0216
46. TLDLegitimateProb              - Score: 0.0163
47. IsResponsive                   - Score: 0.0021
48. IsDomainIP                     - Score: 0.0000
49. HasSocialNet                   - Score: 0.0000
50. HasCopyrightInfo               - Score: 0.0000
================================================================================

Features Ranked by Differentiation Strength:
================================================================================
 1. URLSimilarityIndex             - Score: 1.0000
 2. NoOfOtherSpecialCharsInURL     - Score: 0.3446
 3. HasCopyrightInfo               - Score: 0.3437
 4. HasSubmitButton                - Score: 0.3400
 5. SpacialCharRatioInURL          - Score: 0.3120
 6. Robots                         - Score: 0.3088
 7. HasHiddenFields                - Score: 0.2958
 8. IsResponsive                   - Score: 0.2948
 9. HasDescription                 - Score: 0.2880
10. HasFavicon                     - Score: 0.2681
11. NoOfJS                         - Score: 0.2538
12. NoOfSelfRef                    - Score: 0.2528
13. URLCharProb                    - Score: 0.2438
14. IsHTTPS                        - Score: 0.2334
15. NoOfCSS                        - Score: 0.2243
16. NoOfDegitsInURL                - Score: 0.2238
17. NoOfSubDomain                  - Score: 0.2051
18. DomainTitleMatchScore          - Score: 0.2020
19. HasTitle                       - Score: 0.1977
20. DegitRatioInURL                - Score: 0.1921
21. URLLength                      - Score: 0.1899
22. NoOfLettersInURL               - Score: 0.1884
23. NoOfExternalRef                - Score: 0.1860
24. NoOfImage                      - Score: 0.1681
25. LetterRatioInURL               - Score: 0.1595
26. CharContinuationRate           - Score: 0.1484
27. TLDLength                      - Score: 0.1459
28. HasPasswordField               - Score: 0.1396
29. LargestLineLength              - Score: 0.1304
30. Crypto                         - Score: 0.1212
31. TLDLegitimateProb              - Score: 0.1198
32. DomainLength                   - Score: 0.1121
33. LineOfCode                     - Score: 0.0936
34. IsDomainIP                     - Score: 0.0894
35. NoOfEqualsInURL                - Score: 0.0894
36. NoOfQMarkInURL                 - Score: 0.0894
37. NoOfiFrame                     - Score: 0.0838
38. Pay                            - Score: 0.0772
39. Bank                           - Score: 0.0706
40. URLTitleMatchScore             - Score: 0.0671
41. NoOfSelfRedirect               - Score: 0.0624
42. NoOfEmptyRef                   - Score: 0.0604
43. NoOfURLRedirect                - Score: 0.0393
44. NoOfPopup                      - Score: 0.0269
45. HasExternalFormSubmit          - Score: 0.0247
46. HasObfuscation                 - Score: 0.0000
47. NoOfObfuscatedChar             - Score: 0.0000
48. ObfuscationRatio               - Score: 0.0000
49. NoOfAmpersandInURL             - Score: 0.0000
50. HasSocialNet                   - Score: 0.0000
================================================================================

Features Ranked by Differentiation Strength:
================================================================================
 1. URLSimilarityIndex             - Score: 1.0000
 2. HasSocialNet                   - Score: 0.8675
 3. HasCopyrightInfo               - Score: 0.7420
 4. HasDescription                 - Score: 0.6359
 5. DomainTitleMatchScore          - Score: 0.4728
 6. HasSubmitButton                - Score: 0.4653
 7. IsHTTPS                        - Score: 0.4557
 8. IsResponsive                   - Score: 0.4140
 9. URLTitleMatchScore             - Score: 0.4119
10. HasHiddenFields                - Score: 0.3897
11. SpacialCharRatioInURL          - Score: 0.3881
12. HasFavicon                     - Score: 0.3675
13. NoOfJS                         - Score: 0.3408
14. URLCharProb                    - Score: 0.3300
15. CharContinuationRate           - Score: 0.3250
16. NoOfCSS                        - Score: 0.3231
17. NoOfSelfRef                    - Score: 0.3072
18. NoOfOtherSpecialCharsInURL     - Score: 0.3070
19. HasTitle                       - Score: 0.3048
20. Robots                         - Score: 0.2928
21. DegitRatioInURL                - Score: 0.2846
22. LetterRatioInURL               - Score: 0.2586
23. Pay                            - Score: 0.2544
24. NoOfImage                      - Score: 0.2134
25. NoOfLettersInURL               - Score: 0.2038
26. URLLength                      - Score: 0.1917
27. DomainLength                   - Score: 0.1891
28. NoOfDegitsInURL                - Score: 0.1854
29. NoOfExternalRef                - Score: 0.1809
30. NoOfiFrame                     - Score: 0.1783
31. LineOfCode                     - Score: 0.1608
32. NoOfSubDomain                  - Score: 0.1476
33. Bank                           - Score: 0.1215
34. HasExternalFormSubmit          - Score: 0.1190
35. NoOfQMarkInURL                 - Score: 0.1030
36. NoOfEmptyRef                   - Score: 0.0903
37. HasPasswordField               - Score: 0.0874
38. NoOfEqualsInURL                - Score: 0.0767
39. Crypto                         - Score: 0.0619
40. TLDLegitimateProb              - Score: 0.0606
41. NoOfPopup                      - Score: 0.0559
42. NoOfSelfRedirect               - Score: 0.0541
43. TLDLength                      - Score: 0.0513
44. LargestLineLength              - Score: 0.0480
45. IsDomainIP                     - Score: 0.0351
46. HasObfuscation                 - Score: 0.0319
47. NoOfAmpersandInURL             - Score: 0.0286
48. NoOfURLRedirect                - Score: 0.0286
49. ObfuscationRatio               - Score: 0.0249
50. NoOfObfuscatedChar             - Score: 0.0235
================================================================================

Features Ranked by Differentiation Strength:
================================================================================
 1. URLSimilarityIndex             - Score: 1.0000
 2. HasSocialNet                   - Score: 0.8675
 3. HasCopyrightInfo               - Score: 0.7420
 4. HasDescription                 - Score: 0.6359
 5. DomainTitleMatchScore          - Score: 0.4728
 6. HasSubmitButton                - Score: 0.4653
 7. IsHTTPS                        - Score: 0.4557
 8. IsResponsive                   - Score: 0.4140
 9. URLTitleMatchScore             - Score: 0.4119
10. HasHiddenFields                - Score: 0.3897
11. SpacialCharRatioInURL          - Score: 0.3881
12. HasFavicon                     - Score: 0.3675
13. NoOfJS                         - Score: 0.3408
14. URLCharProb                    - Score: 0.3300
15. CharContinuationRate           - Score: 0.3250
16. NoOfCSS                        - Score: 0.3231
17. NoOfSelfRef                    - Score: 0.3072
18. NoOfOtherSpecialCharsInURL     - Score: 0.3070
19. HasTitle                       - Score: 0.3048
20. Robots                         - Score: 0.2928
21. DegitRatioInURL                - Score: 0.2846
22. LetterRatioInURL               - Score: 0.2586
23. Pay                            - Score: 0.2544
24. NoOfImage                      - Score: 0.2134
25. NoOfLettersInURL               - Score: 0.2038
26. URLLength                      - Score: 0.1917
27. DomainLength                   - Score: 0.1891
28. NoOfDegitsInURL                - Score: 0.1854
29. NoOfExternalRef                - Score: 0.1809
30. NoOfiFrame                     - Score: 0.1783
31. LineOfCode                     - Score: 0.1608
32. NoOfSubDomain                  - Score: 0.1476
33. Bank                           - Score: 0.1215
34. HasExternalFormSubmit          - Score: 0.1190
35. NoOfQMarkInURL                 - Score: 0.1030
36. NoOfEmptyRef                   - Score: 0.0903
37. HasPasswordField               - Score: 0.0874
38. NoOfEqualsInURL                - Score: 0.0767
39. Crypto                         - Score: 0.0619
40. TLDLegitimateProb              - Score: 0.0606
41. NoOfPopup                      - Score: 0.0559
42. NoOfSelfRedirect               - Score: 0.0541
43. TLDLength                      - Score: 0.0513
44. LargestLineLength              - Score: 0.0480
45. IsDomainIP                     - Score: 0.0351
46. HasObfuscation                 - Score: 0.0319
47. NoOfAmpersandInURL             - Score: 0.0286
48. NoOfURLRedirect                - Score: 0.0286
49. ObfuscationRatio               - Score: 0.0249
50. NoOfObfuscatedChar             - Score: 0.0235
================================================================================

Features Ranked by Differentiation Strength:
================================================================================
 1. URLSimilarityIndex             - Score: 1.0000
 2. HasSocialNet                   - Score: 0.8675
 3. HasCopyrightInfo               - Score: 0.7420
 4. HasDescription                 - Score: 0.6359
 5. DomainTitleMatchScore          - Score: 0.4728
 6. HasSubmitButton                - Score: 0.4653
 7. IsHTTPS                        - Score: 0.4557
 8. IsResponsive                   - Score: 0.4140
 9. URLTitleMatchScore             - Score: 0.4119
10. HasHiddenFields                - Score: 0.3897
11. SpacialCharRatioInURL          - Score: 0.3881
12. HasFavicon                     - Score: 0.3675
13. NoOfJS                         - Score: 0.3408
14. URLCharProb                    - Score: 0.3300
15. CharContinuationRate           - Score: 0.3250
16. NoOfCSS                        - Score: 0.3231
17. NoOfSelfRef                    - Score: 0.3072
18. NoOfOtherSpecialCharsInURL     - Score: 0.3070
19. HasTitle                       - Score: 0.3048
20. Robots                         - Score: 0.2928
21. DegitRatioInURL                - Score: 0.2846
22. LetterRatioInURL               - Score: 0.2586
23. Pay                            - Score: 0.2544
24. NoOfImage                      - Score: 0.2134
25. NoOfLettersInURL               - Score: 0.2038
26. URLLength                      - Score: 0.1917
27. DomainLength                   - Score: 0.1891
28. NoOfDegitsInURL                - Score: 0.1854
29. NoOfExternalRef                - Score: 0.1809
30. NoOfiFrame                     - Score: 0.1783
31. LineOfCode                     - Score: 0.1608
32. NoOfSubDomain                  - Score: 0.1476
33. Bank                           - Score: 0.1215
34. HasExternalFormSubmit          - Score: 0.1190
35. NoOfQMarkInURL                 - Score: 0.1030
36. NoOfEmptyRef                   - Score: 0.0903
37. HasPasswordField               - Score: 0.0874
38. NoOfEqualsInURL                - Score: 0.0767
39. Crypto                         - Score: 0.0619
40. TLDLegitimateProb              - Score: 0.0606
41. NoOfPopup                      - Score: 0.0559
42. NoOfSelfRedirect               - Score: 0.0541
43. TLDLength                      - Score: 0.0513
44. LargestLineLength              - Score: 0.0480
45. IsDomainIP                     - Score: 0.0351
46. HasObfuscation                 - Score: 0.0319
47. NoOfAmpersandInURL             - Score: 0.0286
48. NoOfURLRedirect                - Score: 0.0286
49. ObfuscationRatio               - Score: 0.0249
50. NoOfObfuscatedChar             - Score: 0.0235
================================================================================

Features Ranked by Differentiation Strength:
================================================================================
 1. URLSimilarityIndex             - Score: 1.0000
 2. IsHTTPS                        - Score: 0.4931
 3. HasDescription                 - Score: 0.4073
 4. NoOfJS                         - Score: 0.3536
 5. HasSubmitButton                - Score: 0.3448
 6. DomainTitleMatchScore          - Score: 0.3375
 7. IsResponsive                   - Score: 0.3249
 8. URLTitleMatchScore             - Score: 0.3137
 9. HasHiddenFields                - Score: 0.2860
10. HasFavicon                     - Score: 0.2822
11. HasTitle                       - Score: 0.2779
12. NoOfOtherSpecialCharsInURL     - Score: 0.2760
13. SpacialCharRatioInURL          - Score: 0.2654
14. NoOfCSS                        - Score: 0.2567
15. LineOfCode                     - Score: 0.2413
16. NoOfSelfRef                    - Score: 0.2216
17. Robots                         - Score: 0.2074
18. CharContinuationRate           - Score: 0.2020
19. DegitRatioInURL                - Score: 0.1873
20. NoOfDegitsInURL                - Score: 0.1835
21. URLCharProb                    - Score: 0.1783
22. NoOfLettersInURL               - Score: 0.1769
23. Pay                            - Score: 0.1767
24. LetterRatioInURL               - Score: 0.1728
25. URLLength                      - Score: 0.1598
26. NoOfiFrame                     - Score: 0.1394
27. DomainLength                   - Score: 0.1393
28. NoOfEmptyRef                   - Score: 0.1174
29. NoOfImage                      - Score: 0.1118
30. NoOfSelfRedirect               - Score: 0.1024
31. NoOfSubDomain                  - Score: 0.0953
32. HasPasswordField               - Score: 0.0848
33. NoOfURLRedirect                - Score: 0.0720
34. Bank                           - Score: 0.0672
35. NoOfPopup                      - Score: 0.0670
36. Crypto                         - Score: 0.0611
37. TLDLength                      - Score: 0.0598
38. HasExternalFormSubmit          - Score: 0.0564
39. TLDLegitimateProb              - Score: 0.0473
40. NoOfExternalRef                - Score: 0.0424
41. LargestLineLength              - Score: 0.0305
42. NoOfQMarkInURL                 - Score: 0.0223
43. NoOfEqualsInURL                - Score: 0.0190
44. IsDomainIP                     - Score: 0.0081
45. HasObfuscation                 - Score: 0.0057
46. NoOfAmpersandInURL             - Score: 0.0057
47. NoOfObfuscatedChar             - Score: 0.0057
48. ObfuscationRatio               - Score: 0.0057
49. HasSocialNet                   - Score: 0.0000
50. HasCopyrightInfo               - Score: 0.0000
================================================================================

Features Ranked by Differentiation Strength:
================================================================================
 1. URLSimilarityIndex             - Score: 1.0000
 2. NoOfOtherSpecialCharsInURL     - Score: 0.3632
 3. IsHTTPS                        - Score: 0.3417
 4. LetterRatioInURL               - Score: 0.3260
 5. SpacialCharRatioInURL          - Score: 0.3241
 6. NoOfLettersInURL               - Score: 0.3095
 7. DomainTitleMatchScore          - Score: 0.2801
 8. NoOfJS                         - Score: 0.2745
 9. URLLength                      - Score: 0.2695
10. HasDescription                 - Score: 0.2483
11. NoOfCSS                        - Score: 0.2047
12. URLTitleMatchScore             - Score: 0.2014
13. URLCharProb                    - Score: 0.1992
14. CharContinuationRate           - Score: 0.1917
15. DegitRatioInURL                - Score: 0.1827
16. Robots                         - Score: 0.1825
17. NoOfSelfRef                    - Score: 0.1794
18. NoOfDegitsInURL                - Score: 0.1779
19. LineOfCode                     - Score: 0.1481
20. NoOfSubDomain                  - Score: 0.1474
21. NoOfImage                      - Score: 0.1425
22. NoOfExternalRef                - Score: 0.1378
23. DomainLength                   - Score: 0.1268
24. HasHiddenFields                - Score: 0.1210
25. HasSubmitButton                - Score: 0.0889
26. Pay                            - Score: 0.0802
27. Crypto                         - Score: 0.0799
28. TLDLength                      - Score: 0.0673
29. NoOfiFrame                     - Score: 0.0633
30. HasExternalFormSubmit          - Score: 0.0604
31. HasTitle                       - Score: 0.0574
32. NoOfSelfRedirect               - Score: 0.0494
33. LargestLineLength              - Score: 0.0450
34. HasPasswordField               - Score: 0.0446
35. Bank                           - Score: 0.0416
36. NoOfPopup                      - Score: 0.0382
37. NoOfEmptyRef                   - Score: 0.0353
38. ObfuscationRatio               - Score: 0.0274
39. NoOfEqualsInURL                - Score: 0.0274
40. NoOfQMarkInURL                 - Score: 0.0274
41. HasObfuscation                 - Score: 0.0274
42. NoOfAmpersandInURL             - Score: 0.0274
43. NoOfObfuscatedChar             - Score: 0.0274
44. NoOfURLRedirect                - Score: 0.0260
45. TLDLegitimateProb              - Score: 0.0205
46. HasFavicon                     - Score: 0.0187
47. IsResponsive                   - Score: 0.0089
48. IsDomainIP                     - Score: 0.0000
49. HasSocialNet                   - Score: 0.0000
50. HasCopyrightInfo               - Score: 0.0000
================================================================================

Features Ranked by Differentiation Strength:
================================================================================
 1. URLSimilarityIndex             - Score: 1.0000
 2. HasCopyrightInfo               - Score: 0.4042
 3. NoOfOtherSpecialCharsInURL     - Score: 0.3524
 4. IsResponsive                   - Score: 0.3468
 5. SpacialCharRatioInURL          - Score: 0.3440
 6. Robots                         - Score: 0.3428
 7. HasDescription                 - Score: 0.3336
 8. HasSubmitButton                - Score: 0.3288
 9. IsHTTPS                        - Score: 0.2871
10. NoOfJS                         - Score: 0.2832
11. NoOfSelfRef                    - Score: 0.2829
12. URLCharProb                    - Score: 0.2715
13. HasFavicon                     - Score: 0.2543
14. NoOfCSS                        - Score: 0.2508
15. HasTitle                       - Score: 0.2489
16. NoOfDegitsInURL                - Score: 0.2413
17. DomainTitleMatchScore          - Score: 0.2382
18. HasHiddenFields                - Score: 0.2350
19. DegitRatioInURL                - Score: 0.2105
20. NoOfExternalRef                - Score: 0.2099
21. NoOfImage                      - Score: 0.1907
22. CharContinuationRate           - Score: 0.1838
23. NoOfSubDomain                  - Score: 0.1771
24. NoOfLettersInURL               - Score: 0.1620
25. URLLength                      - Score: 0.1606
26. HasPasswordField               - Score: 0.1553
27. TLDLegitimateProb              - Score: 0.1458
28. LetterRatioInURL               - Score: 0.1453
29. LargestLineLength              - Score: 0.1412
30. Crypto                         - Score: 0.1288
31. URLTitleMatchScore             - Score: 0.1277
32. LineOfCode                     - Score: 0.1218
33. NoOfiFrame                     - Score: 0.1191
34. DomainLength                   - Score: 0.1176
35. TLDLength                      - Score: 0.1116
36. IsDomainIP                     - Score: 0.0972
37. NoOfEqualsInURL                - Score: 0.0972
38. NoOfQMarkInURL                 - Score: 0.0972
39. Pay                            - Score: 0.0967
40. NoOfURLRedirect                - Score: 0.0760
41. NoOfEmptyRef                   - Score: 0.0720
42. NoOfSelfRedirect               - Score: 0.0684
43. NoOfPopup                      - Score: 0.0611
44. Bank                           - Score: 0.0338
45. HasExternalFormSubmit          - Score: 0.0293
46. HasObfuscation                 - Score: 0.0000
47. NoOfObfuscatedChar             - Score: 0.0000
48. ObfuscationRatio               - Score: 0.0000
49. NoOfAmpersandInURL             - Score: 0.0000
50. HasSocialNet                   - Score: 0.0000
================================================================================

Features Ranked by Differentiation Strength:
================================================================================
 1. URLSimilarityIndex             - Score: 1.0000
 2. HasSocialNet                   - Score: 0.8716
 3. HasCopyrightInfo               - Score: 0.7497
 4. HasDescription                 - Score: 0.6207
 5. DomainTitleMatchScore          - Score: 0.4700
 6. HasSubmitButton                - Score: 0.4683
 7. IsHTTPS                        - Score: 0.4525
 8. NoOfJS                         - Score: 0.4258
 9. IsResponsive                   - Score: 0.4100
10. URLTitleMatchScore             - Score: 0.4070
11. HasHiddenFields                - Score: 0.3913
12. SpacialCharRatioInURL          - Score: 0.3902
13. HasFavicon                     - Score: 0.3666
14. NoOfCSS                        - Score: 0.3374
15. CharContinuationRate           - Score: 0.3284
16. URLCharProb                    - Score: 0.3242
17. NoOfOtherSpecialCharsInURL     - Score: 0.3044
18. NoOfSelfRef                    - Score: 0.3042
19. HasTitle                       - Score: 0.3004
20. Robots                         - Score: 0.2894
21. DegitRatioInURL                - Score: 0.2809
22. LetterRatioInURL               - Score: 0.2612
23. Pay                            - Score: 0.2595
24. NoOfImage                      - Score: 0.2131
25. DomainLength                   - Score: 0.1895
26. NoOfiFrame                     - Score: 0.1788
27. NoOfExternalRef                - Score: 0.1448
28. NoOfSubDomain                  - Score: 0.1439
29. LineOfCode                     - Score: 0.1430
30. NoOfDegitsInURL                - Score: 0.1291
31. Bank                           - Score: 0.1240
32. HasExternalFormSubmit          - Score: 0.1177
33. NoOfQMarkInURL                 - Score: 0.1054
34. URLLength                      - Score: 0.1033
35. NoOfLettersInURL               - Score: 0.0994
36. HasPasswordField               - Score: 0.0916
37. NoOfEmptyRef                   - Score: 0.0878
38. NoOfEqualsInURL                - Score: 0.0761
39. Crypto                         - Score: 0.0585
40. TLDLength                      - Score: 0.0553
41. TLDLegitimateProb              - Score: 0.0551
42. NoOfPopup                      - Score: 0.0539
43. NoOfSelfRedirect               - Score: 0.0534
44. LargestLineLength              - Score: 0.0439
45. IsDomainIP                     - Score: 0.0341
46. NoOfURLRedirect                - Score: 0.0339
47. HasObfuscation                 - Score: 0.0299
48. NoOfAmpersandInURL             - Score: 0.0288
49. ObfuscationRatio               - Score: 0.0234
50. NoOfObfuscatedChar             - Score: 0.0223
================================================================================

Features Ranked by Differentiation Strength:
================================================================================
 1. URLSimilarityIndex             - Score: 1.0000
 2. HasSocialNet                   - Score: 0.8716
 3. HasCopyrightInfo               - Score: 0.7497
 4. HasDescription                 - Score: 0.6207
 5. DomainTitleMatchScore          - Score: 0.4700
 6. HasSubmitButton                - Score: 0.4683
 7. IsHTTPS                        - Score: 0.4525
 8. NoOfJS                         - Score: 0.4258
 9. IsResponsive                   - Score: 0.4100
10. URLTitleMatchScore             - Score: 0.4070
11. HasHiddenFields                - Score: 0.3913
12. SpacialCharRatioInURL          - Score: 0.3902
13. HasFavicon                     - Score: 0.3666
14. NoOfCSS                        - Score: 0.3374
15. CharContinuationRate           - Score: 0.3284
16. URLCharProb                    - Score: 0.3242
17. NoOfOtherSpecialCharsInURL     - Score: 0.3044
18. NoOfSelfRef                    - Score: 0.3042
19. HasTitle                       - Score: 0.3004
20. Robots                         - Score: 0.2894
21. DegitRatioInURL                - Score: 0.2809
22. LetterRatioInURL               - Score: 0.2612
23. Pay                            - Score: 0.2595
24. NoOfImage                      - Score: 0.2131
25. DomainLength                   - Score: 0.1895
26. NoOfiFrame                     - Score: 0.1788
27. NoOfExternalRef                - Score: 0.1448
28. NoOfSubDomain                  - Score: 0.1439
29. LineOfCode                     - Score: 0.1430
30. NoOfDegitsInURL                - Score: 0.1291
31. Bank                           - Score: 0.1240
32. HasExternalFormSubmit          - Score: 0.1177
33. NoOfQMarkInURL                 - Score: 0.1054
34. URLLength                      - Score: 0.1033
35. NoOfLettersInURL               - Score: 0.0994
36. HasPasswordField               - Score: 0.0916
37. NoOfEmptyRef                   - Score: 0.0878
38. NoOfEqualsInURL                - Score: 0.0761
39. Crypto                         - Score: 0.0585
40. TLDLength                      - Score: 0.0553
41. TLDLegitimateProb              - Score: 0.0551
42. NoOfPopup                      - Score: 0.0539
43. NoOfSelfRedirect               - Score: 0.0534
44. LargestLineLength              - Score: 0.0439
45. IsDomainIP                     - Score: 0.0341
46. NoOfURLRedirect                - Score: 0.0339
47. HasObfuscation                 - Score: 0.0299
48. NoOfAmpersandInURL             - Score: 0.0288
49. ObfuscationRatio               - Score: 0.0234
50. NoOfObfuscatedChar             - Score: 0.0223
================================================================================

Features Ranked by Differentiation Strength:
================================================================================
 1. URLSimilarityIndex             - Score: 1.0000
 2. HasSocialNet                   - Score: 0.8716
 3. HasCopyrightInfo               - Score: 0.7497
 4. HasDescription                 - Score: 0.6207
 5. DomainTitleMatchScore          - Score: 0.4700
 6. HasSubmitButton                - Score: 0.4683
 7. IsHTTPS                        - Score: 0.4525
 8. NoOfJS                         - Score: 0.4258
 9. IsResponsive                   - Score: 0.4100
10. URLTitleMatchScore             - Score: 0.4070
11. HasHiddenFields                - Score: 0.3913
12. SpacialCharRatioInURL          - Score: 0.3902
13. HasFavicon                     - Score: 0.3666
14. NoOfCSS                        - Score: 0.3374
15. CharContinuationRate           - Score: 0.3284
16. URLCharProb                    - Score: 0.3242
17. NoOfOtherSpecialCharsInURL     - Score: 0.3044
18. NoOfSelfRef                    - Score: 0.3042
19. HasTitle                       - Score: 0.3004
20. Robots                         - Score: 0.2894
21. DegitRatioInURL                - Score: 0.2809
22. LetterRatioInURL               - Score: 0.2612
23. Pay                            - Score: 0.2595
24. NoOfImage                      - Score: 0.2131
25. DomainLength                   - Score: 0.1895
26. NoOfiFrame                     - Score: 0.1788
27. NoOfExternalRef                - Score: 0.1448
28. NoOfSubDomain                  - Score: 0.1439
29. LineOfCode                     - Score: 0.1430
30. NoOfDegitsInURL                - Score: 0.1291
31. Bank                           - Score: 0.1240
32. HasExternalFormSubmit          - Score: 0.1177
33. NoOfQMarkInURL                 - Score: 0.1054
34. URLLength                      - Score: 0.1033
35. NoOfLettersInURL               - Score: 0.0994
36. HasPasswordField               - Score: 0.0916
37. NoOfEmptyRef                   - Score: 0.0878
38. NoOfEqualsInURL                - Score: 0.0761
39. Crypto                         - Score: 0.0585
40. TLDLength                      - Score: 0.0553
41. TLDLegitimateProb              - Score: 0.0551
42. NoOfPopup                      - Score: 0.0539
43. NoOfSelfRedirect               - Score: 0.0534
44. LargestLineLength              - Score: 0.0439
45. IsDomainIP                     - Score: 0.0341
46. NoOfURLRedirect                - Score: 0.0339
47. HasObfuscation                 - Score: 0.0299
48. NoOfAmpersandInURL             - Score: 0.0288
49. ObfuscationRatio               - Score: 0.0234
50. NoOfObfuscatedChar             - Score: 0.0223
================================================================================

Features Ranked by Differentiation Strength:
================================================================================
 1. URLSimilarityIndex             - Score: 1.0000
 2. IsHTTPS                        - Score: 0.4821
 3. HasDescription                 - Score: 0.3907
 4. NoOfJS                         - Score: 0.3368
 5. DomainTitleMatchScore          - Score: 0.3330
 6. HasSubmitButton                - Score: 0.3326
 7. URLTitleMatchScore             - Score: 0.3096
 8. IsResponsive                   - Score: 0.3093
 9. HasFavicon                     - Score: 0.2908
10. HasHiddenFields                - Score: 0.2810
11. NoOfOtherSpecialCharsInURL     - Score: 0.2766
12. HasTitle                       - Score: 0.2702
13. SpacialCharRatioInURL          - Score: 0.2690
14. NoOfCSS                        - Score: 0.2541
15. CharContinuationRate           - Score: 0.2097
16. LineOfCode                     - Score: 0.2071
17. Robots                         - Score: 0.1951
18. DegitRatioInURL                - Score: 0.1871
19. NoOfDegitsInURL                - Score: 0.1822
20. NoOfSelfRef                    - Score: 0.1753
21. URLCharProb                    - Score: 0.1747
22. NoOfLettersInURL               - Score: 0.1738
23. Pay                            - Score: 0.1675
24. LetterRatioInURL               - Score: 0.1672
25. URLLength                      - Score: 0.1564
26. NoOfiFrame                     - Score: 0.1387
27. DomainLength                   - Score: 0.1343
28. NoOfImage                      - Score: 0.1141
29. NoOfEmptyRef                   - Score: 0.1123
30. NoOfSelfRedirect               - Score: 0.0967
31. NoOfSubDomain                  - Score: 0.0910
32. HasPasswordField               - Score: 0.0893
33. NoOfURLRedirect                - Score: 0.0817
34. Bank                           - Score: 0.0633
35. NoOfPopup                      - Score: 0.0629
36. Crypto                         - Score: 0.0591
37. TLDLength                      - Score: 0.0581
38. TLDLegitimateProb              - Score: 0.0524
39. HasExternalFormSubmit          - Score: 0.0479
40. NoOfExternalRef                - Score: 0.0415
41. LargestLineLength              - Score: 0.0288
42. NoOfQMarkInURL                 - Score: 0.0266
43. NoOfEqualsInURL                - Score: 0.0212
44. IsDomainIP                     - Score: 0.0080
45. HasObfuscation                 - Score: 0.0000
46. NoOfObfuscatedChar             - Score: 0.0000
47. ObfuscationRatio               - Score: 0.0000
48. NoOfAmpersandInURL             - Score: 0.0000
49. HasSocialNet                   - Score: 0.0000
50. HasCopyrightInfo               - Score: 0.0000
================================================================================

Features Ranked by Differentiation Strength:
================================================================================
 1. URLSimilarityIndex             - Score: 1.0000
 2. NoOfOtherSpecialCharsInURL     - Score: 0.3628
 3. LetterRatioInURL               - Score: 0.3132
 4. SpacialCharRatioInURL          - Score: 0.3102
 5. IsHTTPS                        - Score: 0.3005
 6. NoOfLettersInURL               - Score: 0.2991
 7. URLLength                      - Score: 0.2628
 8. DomainTitleMatchScore          - Score: 0.2602
 9. NoOfJS                         - Score: 0.2593
10. HasDescription                 - Score: 0.2014
11. NoOfCSS                        - Score: 0.1906
12. URLCharProb                    - Score: 0.1899
13. CharContinuationRate           - Score: 0.1826
14. URLTitleMatchScore             - Score: 0.1781
15. NoOfSubDomain                  - Score: 0.1714
16. NoOfSelfRef                    - Score: 0.1637
17. DegitRatioInURL                - Score: 0.1589
18. Robots                         - Score: 0.1549
19. NoOfDegitsInURL                - Score: 0.1501
20. DomainLength                   - Score: 0.1271
21. NoOfImage                      - Score: 0.1220
22. HasHiddenFields                - Score: 0.1193
23. Crypto                         - Score: 0.0866
24. HasSubmitButton                - Score: 0.0729
25. Pay                            - Score: 0.0726
26. LineOfCode                     - Score: 0.0604
27. NoOfiFrame                     - Score: 0.0577
28. TLDLength                      - Score: 0.0521
29. NoOfExternalRef                - Score: 0.0505
30. HasExternalFormSubmit          - Score: 0.0481
31. HasPasswordField               - Score: 0.0459
32. NoOfSelfRedirect               - Score: 0.0457
33. LargestLineLength              - Score: 0.0400
34. HasTitle                       - Score: 0.0370
35. NoOfEmptyRef                   - Score: 0.0342
36. NoOfPopup                      - Score: 0.0301
37. Bank                           - Score: 0.0285
38. HasObfuscation                 - Score: 0.0267
39. NoOfAmpersandInURL             - Score: 0.0267
40. NoOfEqualsInURL                - Score: 0.0267
41. NoOfQMarkInURL                 - Score: 0.0267
42. NoOfObfuscatedChar             - Score: 0.0267
43. ObfuscationRatio               - Score: 0.0267
44. HasFavicon                     - Score: 0.0228
45. NoOfURLRedirect                - Score: 0.0207
46. TLDLegitimateProb              - Score: 0.0182
47. IsResponsive                   - Score: 0.0017
48. IsDomainIP                     - Score: 0.0000
49. HasSocialNet                   - Score: 0.0000
50. HasCopyrightInfo               - Score: 0.0000
================================================================================

Features Ranked by Differentiation Strength:
================================================================================
 1. URLSimilarityIndex             - Score: 1.0000
 2. HasCopyrightInfo               - Score: 0.4730
 3. NoOfJS                         - Score: 0.3726
 4. NoOfOtherSpecialCharsInURL     - Score: 0.3627
 5. Robots                         - Score: 0.3576
 6. SpacialCharRatioInURL          - Score: 0.3369
 7. HasSubmitButton                - Score: 0.3298
 8. HasDescription                 - Score: 0.3296
 9. IsHTTPS                        - Score: 0.3132
10. URLCharProb                    - Score: 0.2975
11. NoOfSelfRef                    - Score: 0.2941
12. IsResponsive                   - Score: 0.2939
13. HasHiddenFields                - Score: 0.2831
14. NoOfCSS                        - Score: 0.2713
15. HasFavicon                     - Score: 0.2547
16. DomainTitleMatchScore          - Score: 0.2349
17. HasTitle                       - Score: 0.2312
18. NoOfExternalRef                - Score: 0.2238
19. NoOfDegitsInURL                - Score: 0.2226
20. NoOfImage                      - Score: 0.1989
21. DegitRatioInURL                - Score: 0.1976
22. LargestLineLength              - Score: 0.1928
23. NoOfSubDomain                  - Score: 0.1861
24. TLDLegitimateProb              - Score: 0.1805
25. CharContinuationRate           - Score: 0.1714
26. HasPasswordField               - Score: 0.1630
27. NoOfLettersInURL               - Score: 0.1509
28. LetterRatioInURL               - Score: 0.1502
29. URLLength                      - Score: 0.1412
30. DomainLength                   - Score: 0.1392
31. URLTitleMatchScore             - Score: 0.1153
32. TLDLength                      - Score: 0.1127
33. LineOfCode                     - Score: 0.1105
34. IsDomainIP                     - Score: 0.1044
35. NoOfEqualsInURL                - Score: 0.1044
36. NoOfQMarkInURL                 - Score: 0.1044
37. Crypto                         - Score: 0.0973
38. NoOfiFrame                     - Score: 0.0930
39. NoOfEmptyRef                   - Score: 0.0726
40. NoOfSelfRedirect               - Score: 0.0721
41. NoOfPopup                      - Score: 0.0686
42. Pay                            - Score: 0.0523
43. NoOfURLRedirect                - Score: 0.0485
44. Bank                           - Score: 0.0441
45. HasExternalFormSubmit          - Score: 0.0249
46. HasObfuscation                 - Score: 0.0000
47. NoOfObfuscatedChar             - Score: 0.0000
48. ObfuscationRatio               - Score: 0.0000
49. NoOfAmpersandInURL             - Score: 0.0000
50. HasSocialNet                   - Score: 0.0000
================================================================================

Features Ranked by Differentiation Strength:
================================================================================
 1. URLSimilarityIndex             - Score: 1.0000
 2. HasSocialNet                   - Score: 0.8641
 3. HasCopyrightInfo               - Score: 0.7519
 4. HasDescription                 - Score: 0.6346
 5. DomainTitleMatchScore          - Score: 0.4761
 6. HasSubmitButton                - Score: 0.4680
 7. IsHTTPS                        - Score: 0.4572
 8. URLTitleMatchScore             - Score: 0.4130
 9. IsResponsive                   - Score: 0.4114
10. HasHiddenFields                - Score: 0.3941
11. SpacialCharRatioInURL          - Score: 0.3881
12. HasFavicon                     - Score: 0.3714
13. NoOfJS                         - Score: 0.3424
14. CharContinuationRate           - Score: 0.3274
15. URLCharProb                    - Score: 0.3261
16. NoOfCSS                        - Score: 0.3203
17. NoOfSelfRef                    - Score: 0.3087
18. HasTitle                       - Score: 0.3038
19. NoOfOtherSpecialCharsInURL     - Score: 0.2979
20. Robots                         - Score: 0.2862
21. DegitRatioInURL                - Score: 0.2822
22. LetterRatioInURL               - Score: 0.2580
23. Pay                            - Score: 0.2574
24. NoOfImage                      - Score: 0.2132
25. DomainLength                   - Score: 0.1901
26. NoOfExternalRef                - Score: 0.1817
27. NoOfiFrame                     - Score: 0.1794
28. LineOfCode                     - Score: 0.1589
29. NoOfSubDomain                  - Score: 0.1480
30. NoOfDegitsInURL                - Score: 0.1290
31. Bank                           - Score: 0.1288
32. HasExternalFormSubmit          - Score: 0.1188
33. URLLength                      - Score: 0.1027
34. NoOfQMarkInURL                 - Score: 0.1010
35. NoOfLettersInURL               - Score: 0.0989
36. NoOfEmptyRef                   - Score: 0.0910
37. HasPasswordField               - Score: 0.0909
38. NoOfEqualsInURL                - Score: 0.0737
39. Crypto                         - Score: 0.0634
40. TLDLegitimateProb              - Score: 0.0606
41. NoOfSelfRedirect               - Score: 0.0517
42. TLDLength                      - Score: 0.0502
43. LargestLineLength              - Score: 0.0447
44. NoOfPopup                      - Score: 0.0418
45. IsDomainIP                     - Score: 0.0375
46. NoOfURLRedirect                - Score: 0.0321
47. HasObfuscation                 - Score: 0.0283
48. NoOfAmpersandInURL             - Score: 0.0269
49. ObfuscationRatio               - Score: 0.0223
50. NoOfObfuscatedChar             - Score: 0.0211
================================================================================

Features Ranked by Differentiation Strength:
================================================================================
 1. URLSimilarityIndex             - Score: 1.0000
 2. HasSocialNet                   - Score: 0.8641
 3. HasCopyrightInfo               - Score: 0.7519
 4. HasDescription                 - Score: 0.6346
 5. DomainTitleMatchScore          - Score: 0.4761
 6. HasSubmitButton                - Score: 0.4680
 7. IsHTTPS                        - Score: 0.4572
 8. URLTitleMatchScore             - Score: 0.4130
 9. IsResponsive                   - Score: 0.4114
10. HasHiddenFields                - Score: 0.3941
11. SpacialCharRatioInURL          - Score: 0.3881
12. HasFavicon                     - Score: 0.3714
13. NoOfJS                         - Score: 0.3424
14. CharContinuationRate           - Score: 0.3274
15. URLCharProb                    - Score: 0.3261
16. NoOfCSS                        - Score: 0.3203
17. NoOfSelfRef                    - Score: 0.3087
18. HasTitle                       - Score: 0.3038
19. NoOfOtherSpecialCharsInURL     - Score: 0.2979
20. Robots                         - Score: 0.2862
21. DegitRatioInURL                - Score: 0.2822
22. LetterRatioInURL               - Score: 0.2580
23. Pay                            - Score: 0.2574
24. NoOfImage                      - Score: 0.2132
25. DomainLength                   - Score: 0.1901
26. NoOfExternalRef                - Score: 0.1817
27. NoOfiFrame                     - Score: 0.1794
28. LineOfCode                     - Score: 0.1589
29. NoOfSubDomain                  - Score: 0.1480
30. NoOfDegitsInURL                - Score: 0.1290
31. Bank                           - Score: 0.1288
32. HasExternalFormSubmit          - Score: 0.1188
33. URLLength                      - Score: 0.1027
34. NoOfQMarkInURL                 - Score: 0.1010
35. NoOfLettersInURL               - Score: 0.0989
36. NoOfEmptyRef                   - Score: 0.0910
37. HasPasswordField               - Score: 0.0909
38. NoOfEqualsInURL                - Score: 0.0737
39. Crypto                         - Score: 0.0634
40. TLDLegitimateProb              - Score: 0.0606
41. NoOfSelfRedirect               - Score: 0.0517
42. TLDLength                      - Score: 0.0502
43. LargestLineLength              - Score: 0.0447
44. NoOfPopup                      - Score: 0.0418
45. IsDomainIP                     - Score: 0.0375
46. NoOfURLRedirect                - Score: 0.0321
47. HasObfuscation                 - Score: 0.0283
48. NoOfAmpersandInURL             - Score: 0.0269
49. ObfuscationRatio               - Score: 0.0223
50. NoOfObfuscatedChar             - Score: 0.0211
================================================================================

Features Ranked by Differentiation Strength:
================================================================================
 1. URLSimilarityIndex             - Score: 1.0000
 2. HasSocialNet                   - Score: 0.8641
 3. HasCopyrightInfo               - Score: 0.7519
 4. HasDescription                 - Score: 0.6346
 5. DomainTitleMatchScore          - Score: 0.4761
 6. HasSubmitButton                - Score: 0.4680
 7. IsHTTPS                        - Score: 0.4572
 8. URLTitleMatchScore             - Score: 0.4130
 9. IsResponsive                   - Score: 0.4114
10. HasHiddenFields                - Score: 0.3941
11. SpacialCharRatioInURL          - Score: 0.3881
12. HasFavicon                     - Score: 0.3714
13. NoOfJS                         - Score: 0.3424
14. CharContinuationRate           - Score: 0.3274
15. URLCharProb                    - Score: 0.3261
16. NoOfCSS                        - Score: 0.3203
17. NoOfSelfRef                    - Score: 0.3087
18. HasTitle                       - Score: 0.3038
19. NoOfOtherSpecialCharsInURL     - Score: 0.2979
20. Robots                         - Score: 0.2862
21. DegitRatioInURL                - Score: 0.2822
22. LetterRatioInURL               - Score: 0.2580
23. Pay                            - Score: 0.2574
24. NoOfImage                      - Score: 0.2132
25. DomainLength                   - Score: 0.1901
26. NoOfExternalRef                - Score: 0.1817
27. NoOfiFrame                     - Score: 0.1794
28. LineOfCode                     - Score: 0.1589
29. NoOfSubDomain                  - Score: 0.1480
30. NoOfDegitsInURL                - Score: 0.1290
31. Bank                           - Score: 0.1288
32. HasExternalFormSubmit          - Score: 0.1188
33. URLLength                      - Score: 0.1027
34. NoOfQMarkInURL                 - Score: 0.1010
35. NoOfLettersInURL               - Score: 0.0989
36. NoOfEmptyRef                   - Score: 0.0910
37. HasPasswordField               - Score: 0.0909
38. NoOfEqualsInURL                - Score: 0.0737
39. Crypto                         - Score: 0.0634
40. TLDLegitimateProb              - Score: 0.0606
41. NoOfSelfRedirect               - Score: 0.0517
42. TLDLength                      - Score: 0.0502
43. LargestLineLength              - Score: 0.0447
44. NoOfPopup                      - Score: 0.0418
45. IsDomainIP                     - Score: 0.0375
46. NoOfURLRedirect                - Score: 0.0321
47. HasObfuscation                 - Score: 0.0283
48. NoOfAmpersandInURL             - Score: 0.0269
49. ObfuscationRatio               - Score: 0.0223
50. NoOfObfuscatedChar             - Score: 0.0211
================================================================================

Features Ranked by Differentiation Strength:
================================================================================
 1. URLSimilarityIndex             - Score: 1.0000
 2. IsHTTPS                        - Score: 0.4926
 3. HasDescription                 - Score: 0.3881
 4. NoOfJS                         - Score: 0.3424
 5. DomainTitleMatchScore          - Score: 0.3376
 6. HasSubmitButton                - Score: 0.3330
 7. IsResponsive                   - Score: 0.3176
 8. URLTitleMatchScore             - Score: 0.3132
 9. HasFavicon                     - Score: 0.2891
10. HasHiddenFields                - Score: 0.2859
11. NoOfOtherSpecialCharsInURL     - Score: 0.2816
12. SpacialCharRatioInURL          - Score: 0.2783
13. HasTitle                       - Score: 0.2700
14. NoOfCSS                        - Score: 0.2545
15. CharContinuationRate           - Score: 0.2184
16. LineOfCode                     - Score: 0.2043
17. Robots                         - Score: 0.1926
18. DegitRatioInURL                - Score: 0.1871
19. NoOfDegitsInURL                - Score: 0.1844
20. URLCharProb                    - Score: 0.1843
21. Pay                            - Score: 0.1780
22. NoOfSelfRef                    - Score: 0.1737
23. NoOfLettersInURL               - Score: 0.1677
24. LetterRatioInURL               - Score: 0.1632
25. URLLength                      - Score: 0.1521
26. NoOfiFrame                     - Score: 0.1400
27. DomainLength                   - Score: 0.1317
28. NoOfImage                      - Score: 0.1175
29. NoOfEmptyRef                   - Score: 0.1173
30. NoOfSubDomain                  - Score: 0.1013
31. NoOfSelfRedirect               - Score: 0.0988
32. HasPasswordField               - Score: 0.0884
33. NoOfURLRedirect                - Score: 0.0779
34. Bank                           - Score: 0.0729
35. NoOfPopup                      - Score: 0.0620
36. Crypto                         - Score: 0.0609
37. HasExternalFormSubmit          - Score: 0.0546
38. TLDLegitimateProb              - Score: 0.0473
39. TLDLength                      - Score: 0.0458
40. NoOfExternalRef                - Score: 0.0422
41. LargestLineLength              - Score: 0.0298
42. NoOfQMarkInURL                 - Score: 0.0241
43. NoOfEqualsInURL                - Score: 0.0212
44. IsDomainIP                     - Score: 0.0057
45. HasObfuscation                 - Score: 0.0000
46. NoOfObfuscatedChar             - Score: 0.0000
47. ObfuscationRatio               - Score: 0.0000
48. NoOfAmpersandInURL             - Score: 0.0000
49. HasSocialNet                   - Score: 0.0000
50. HasCopyrightInfo               - Score: 0.0000
================================================================================

Features Ranked by Differentiation Strength:
================================================================================
 1. URLSimilarityIndex             - Score: 1.0000
 2. NoOfOtherSpecialCharsInURL     - Score: 0.3692
 3. IsHTTPS                        - Score: 0.3510
 4. SpacialCharRatioInURL          - Score: 0.3273
 5. LetterRatioInURL               - Score: 0.3112
 6. NoOfLettersInURL               - Score: 0.3022
 7. NoOfJS                         - Score: 0.2767
 8. DomainTitleMatchScore          - Score: 0.2693
 9. URLLength                      - Score: 0.2665
10. NoOfCSS                        - Score: 0.2349
11. HasDescription                 - Score: 0.2345
12. URLCharProb                    - Score: 0.1951
13. URLTitleMatchScore             - Score: 0.1941
14. DegitRatioInURL                - Score: 0.1845
15. CharContinuationRate           - Score: 0.1814
16. NoOfDegitsInURL                - Score: 0.1782
17. NoOfSelfRef                    - Score: 0.1773
18. Robots                         - Score: 0.1592
19. NoOfSubDomain                  - Score: 0.1560
20. NoOfExternalRef                - Score: 0.1355
21. NoOfImage                      - Score: 0.1353
22. DomainLength                   - Score: 0.1229
23. HasHiddenFields                - Score: 0.1089
24. LineOfCode                     - Score: 0.1039
25. HasSubmitButton                - Score: 0.0845
26. TLDLength                      - Score: 0.0732
27. Pay                            - Score: 0.0672
28. Crypto                         - Score: 0.0671
29. NoOfiFrame                     - Score: 0.0646
30. HasExternalFormSubmit          - Score: 0.0602
31. Bank                           - Score: 0.0517
32. HasTitle                       - Score: 0.0500
33. NoOfURLRedirect                - Score: 0.0489
34. LargestLineLength              - Score: 0.0484
35. NoOfSelfRedirect               - Score: 0.0480
36. HasPasswordField               - Score: 0.0478
37. NoOfPopup                      - Score: 0.0447
38. NoOfEmptyRef                   - Score: 0.0409
39. HasObfuscation                 - Score: 0.0284
40. NoOfAmpersandInURL             - Score: 0.0284
41. ObfuscationRatio               - Score: 0.0284
42. NoOfObfuscatedChar             - Score: 0.0284
43. HasFavicon                     - Score: 0.0270
44. TLDLegitimateProb              - Score: 0.0130
45. IsResponsive                   - Score: 0.0027
46. IsDomainIP                     - Score: 0.0000
47. NoOfEqualsInURL                - Score: 0.0000
48. NoOfQMarkInURL                 - Score: 0.0000
49. HasSocialNet                   - Score: 0.0000
50. HasCopyrightInfo               - Score: 0.0000
================================================================================

Features Ranked by Differentiation Strength:
================================================================================
 1. URLSimilarityIndex             - Score: 1.0000
 2. HasDescription                 - Score: 0.4339
 3. HasCopyrightInfo               - Score: 0.4334
 4. HasSubmitButton                - Score: 0.3674
 5. Robots                         - Score: 0.3469
 6. NoOfOtherSpecialCharsInURL     - Score: 0.3433
 7. IsHTTPS                        - Score: 0.3398
 8. DomainTitleMatchScore          - Score: 0.2973
 9. SpacialCharRatioInURL          - Score: 0.2967
10. IsResponsive                   - Score: 0.2923
11. NoOfSelfRef                    - Score: 0.2922
12. NoOfJS                         - Score: 0.2839
13. HasHiddenFields                - Score: 0.2570
14. NoOfCSS                        - Score: 0.2428
15. HasFavicon                     - Score: 0.2276
16. URLCharProb                    - Score: 0.2276
17. NoOfLettersInURL               - Score: 0.2175
18. NoOfExternalRef                - Score: 0.2137
19. NoOfDegitsInURL                - Score: 0.2097
20. HasTitle                       - Score: 0.2025
21. LargestLineLength              - Score: 0.1994
22. LetterRatioInURL               - Score: 0.1977
23. NoOfImage                      - Score: 0.1951
24. URLLength                      - Score: 0.1945
25. NoOfSubDomain                  - Score: 0.1860
26. DegitRatioInURL                - Score: 0.1798
27. CharContinuationRate           - Score: 0.1689
28. TLDLength                      - Score: 0.1638
29. HasPasswordField               - Score: 0.1596
30. DomainLength                   - Score: 0.1445
31. URLTitleMatchScore             - Score: 0.1109
32. TLDLegitimateProb              - Score: 0.1101
33. IsDomainIP                     - Score: 0.1088
34. NoOfEqualsInURL                - Score: 0.1088
35. NoOfQMarkInURL                 - Score: 0.1088
36. LineOfCode                     - Score: 0.1053
37. NoOfiFrame                     - Score: 0.0963
38. NoOfEmptyRef                   - Score: 0.0858
39. NoOfSelfRedirect               - Score: 0.0705
40. Pay                            - Score: 0.0670
41. NoOfURLRedirect                - Score: 0.0630
42. NoOfPopup                      - Score: 0.0595
43. Crypto                         - Score: 0.0441
44. Bank                           - Score: 0.0171
45. HasExternalFormSubmit          - Score: 0.0154
46. HasObfuscation                 - Score: 0.0000
47. NoOfObfuscatedChar             - Score: 0.0000
48. ObfuscationRatio               - Score: 0.0000
49. NoOfAmpersandInURL             - Score: 0.0000
50. HasSocialNet                   - Score: 0.0000
================================================================================

Features Ranked by Differentiation Strength:
================================================================================
 1. URLSimilarityIndex             - Score: 1.0000
 2. HasSocialNet                   - Score: 0.8632
 3. HasCopyrightInfo               - Score: 0.7340
 4. HasDescription                 - Score: 0.6320
 5. DomainTitleMatchScore          - Score: 0.4709
 6. HasSubmitButton                - Score: 0.4684
 7. IsHTTPS                        - Score: 0.4545
 8. IsResponsive                   - Score: 0.4128
 9. URLTitleMatchScore             - Score: 0.4099
10. HasHiddenFields                - Score: 0.3970
11. SpacialCharRatioInURL          - Score: 0.3880
12. HasFavicon                     - Score: 0.3616
13. NoOfJS                         - Score: 0.3499
14. URLCharProb                    - Score: 0.3291
15. CharContinuationRate           - Score: 0.3266
16. NoOfCSS                        - Score: 0.3253
17. HasTitle                       - Score: 0.3022
18. NoOfOtherSpecialCharsInURL     - Score: 0.3018
19. NoOfSelfRef                    - Score: 0.2987
20. Robots                         - Score: 0.2917
21. DegitRatioInURL                - Score: 0.2819
22. LetterRatioInURL               - Score: 0.2601
23. Pay                            - Score: 0.2569
24. NoOfImage                      - Score: 0.2087
25. LineOfCode                     - Score: 0.1937
26. DomainLength                   - Score: 0.1912
27. NoOfiFrame                     - Score: 0.1817
28. NoOfSubDomain                  - Score: 0.1492
29. NoOfExternalRef                - Score: 0.1448
30. NoOfDegitsInURL                - Score: 0.1288
31. Bank                           - Score: 0.1279
32. HasExternalFormSubmit          - Score: 0.1181
33. NoOfQMarkInURL                 - Score: 0.1042
34. URLLength                      - Score: 0.1034
35. NoOfLettersInURL               - Score: 0.0999
36. HasPasswordField               - Score: 0.0924
37. NoOfEmptyRef                   - Score: 0.0872
38. NoOfEqualsInURL                - Score: 0.0765
39. Crypto                         - Score: 0.0609
40. TLDLegitimateProb              - Score: 0.0591
41. NoOfSelfRedirect               - Score: 0.0538
42. TLDLength                      - Score: 0.0482
43. LargestLineLength              - Score: 0.0441
44. NoOfPopup                      - Score: 0.0436
45. IsDomainIP                     - Score: 0.0340
46. NoOfURLRedirect                - Score: 0.0324
47. HasObfuscation                 - Score: 0.0293
48. NoOfAmpersandInURL             - Score: 0.0272
49. ObfuscationRatio               - Score: 0.0230
50. NoOfObfuscatedChar             - Score: 0.0221
================================================================================

Features Ranked by Differentiation Strength:
================================================================================
 1. URLSimilarityIndex             - Score: 1.0000
 2. HasSocialNet                   - Score: 0.8632
 3. HasCopyrightInfo               - Score: 0.7340
 4. HasDescription                 - Score: 0.6320
 5. DomainTitleMatchScore          - Score: 0.4709
 6. HasSubmitButton                - Score: 0.4684
 7. IsHTTPS                        - Score: 0.4545
 8. IsResponsive                   - Score: 0.4128
 9. URLTitleMatchScore             - Score: 0.4099
10. HasHiddenFields                - Score: 0.3970
11. SpacialCharRatioInURL          - Score: 0.3880
12. HasFavicon                     - Score: 0.3616
13. NoOfJS                         - Score: 0.3499
14. URLCharProb                    - Score: 0.3291
15. CharContinuationRate           - Score: 0.3266
16. NoOfCSS                        - Score: 0.3253
17. HasTitle                       - Score: 0.3022
18. NoOfOtherSpecialCharsInURL     - Score: 0.3018
19. NoOfSelfRef                    - Score: 0.2987
20. Robots                         - Score: 0.2917
21. DegitRatioInURL                - Score: 0.2819
22. LetterRatioInURL               - Score: 0.2601
23. Pay                            - Score: 0.2569
24. NoOfImage                      - Score: 0.2087
25. LineOfCode                     - Score: 0.1937
26. DomainLength                   - Score: 0.1912
27. NoOfiFrame                     - Score: 0.1817
28. NoOfSubDomain                  - Score: 0.1492
29. NoOfExternalRef                - Score: 0.1448
30. NoOfDegitsInURL                - Score: 0.1288
31. Bank                           - Score: 0.1279
32. HasExternalFormSubmit          - Score: 0.1181
33. NoOfQMarkInURL                 - Score: 0.1042
34. URLLength                      - Score: 0.1034
35. NoOfLettersInURL               - Score: 0.0999
36. HasPasswordField               - Score: 0.0924
37. NoOfEmptyRef                   - Score: 0.0872
38. NoOfEqualsInURL                - Score: 0.0765
39. Crypto                         - Score: 0.0609
40. TLDLegitimateProb              - Score: 0.0591
41. NoOfSelfRedirect               - Score: 0.0538
42. TLDLength                      - Score: 0.0482
43. LargestLineLength              - Score: 0.0441
44. NoOfPopup                      - Score: 0.0436
45. IsDomainIP                     - Score: 0.0340
46. NoOfURLRedirect                - Score: 0.0324
47. HasObfuscation                 - Score: 0.0293
48. NoOfAmpersandInURL             - Score: 0.0272
49. ObfuscationRatio               - Score: 0.0230
50. NoOfObfuscatedChar             - Score: 0.0221
================================================================================

Features Ranked by Differentiation Strength:
================================================================================
 1. URLSimilarityIndex             - Score: 1.0000
 2. HasSocialNet                   - Score: 0.8632
 3. HasCopyrightInfo               - Score: 0.7340
 4. HasDescription                 - Score: 0.6320
 5. DomainTitleMatchScore          - Score: 0.4709
 6. HasSubmitButton                - Score: 0.4684
 7. IsHTTPS                        - Score: 0.4545
 8. IsResponsive                   - Score: 0.4128
 9. URLTitleMatchScore             - Score: 0.4099
10. HasHiddenFields                - Score: 0.3970
11. SpacialCharRatioInURL          - Score: 0.3880
12. HasFavicon                     - Score: 0.3616
13. NoOfJS                         - Score: 0.3499
14. URLCharProb                    - Score: 0.3291
15. CharContinuationRate           - Score: 0.3266
16. NoOfCSS                        - Score: 0.3253
17. HasTitle                       - Score: 0.3022
18. NoOfOtherSpecialCharsInURL     - Score: 0.3018
19. NoOfSelfRef                    - Score: 0.2987
20. Robots                         - Score: 0.2917
21. DegitRatioInURL                - Score: 0.2819
22. LetterRatioInURL               - Score: 0.2601
23. Pay                            - Score: 0.2569
24. NoOfImage                      - Score: 0.2087
25. LineOfCode                     - Score: 0.1937
26. DomainLength                   - Score: 0.1912
27. NoOfiFrame                     - Score: 0.1817
28. NoOfSubDomain                  - Score: 0.1492
29. NoOfExternalRef                - Score: 0.1448
30. NoOfDegitsInURL                - Score: 0.1288
31. Bank                           - Score: 0.1279
32. HasExternalFormSubmit          - Score: 0.1181
33. NoOfQMarkInURL                 - Score: 0.1042
34. URLLength                      - Score: 0.1034
35. NoOfLettersInURL               - Score: 0.0999
36. HasPasswordField               - Score: 0.0924
37. NoOfEmptyRef                   - Score: 0.0872
38. NoOfEqualsInURL                - Score: 0.0765
39. Crypto                         - Score: 0.0609
40. TLDLegitimateProb              - Score: 0.0591
41. NoOfSelfRedirect               - Score: 0.0538
42. TLDLength                      - Score: 0.0482
43. LargestLineLength              - Score: 0.0441
44. NoOfPopup                      - Score: 0.0436
45. IsDomainIP                     - Score: 0.0340
46. NoOfURLRedirect                - Score: 0.0324
47. HasObfuscation                 - Score: 0.0293
48. NoOfAmpersandInURL             - Score: 0.0272
49. ObfuscationRatio               - Score: 0.0230
50. NoOfObfuscatedChar             - Score: 0.0221
================================================================================

Features Ranked by Differentiation Strength:
================================================================================
 1. URLSimilarityIndex             - Score: 1.0000
 2. IsHTTPS                        - Score: 0.4895
 3. HasDescription                 - Score: 0.4004
 4. NoOfJS                         - Score: 0.3403
 5. HasSubmitButton                - Score: 0.3357
 6. DomainTitleMatchScore          - Score: 0.3324
 7. IsResponsive                   - Score: 0.3099
 8. URLTitleMatchScore             - Score: 0.3087
 9. HasFavicon                     - Score: 0.2853
10. HasHiddenFields                - Score: 0.2844
11. NoOfOtherSpecialCharsInURL     - Score: 0.2757
12. HasTitle                       - Score: 0.2738
13. SpacialCharRatioInURL          - Score: 0.2644
14. NoOfCSS                        - Score: 0.2588
15. CharContinuationRate           - Score: 0.2064
16. LineOfCode                     - Score: 0.2032
17. Robots                         - Score: 0.1926
18. DegitRatioInURL                - Score: 0.1874
19. NoOfDegitsInURL                - Score: 0.1822
20. URLCharProb                    - Score: 0.1790
21. NoOfLettersInURL               - Score: 0.1760
22. NoOfSelfRef                    - Score: 0.1754
23. LetterRatioInURL               - Score: 0.1719
24. Pay                            - Score: 0.1717
25. URLLength                      - Score: 0.1592
26. NoOfiFrame                     - Score: 0.1387
27. DomainLength                   - Score: 0.1380
28. NoOfEmptyRef                   - Score: 0.1193
29. NoOfImage                      - Score: 0.1115
30. NoOfSelfRedirect               - Score: 0.0982
31. NoOfSubDomain                  - Score: 0.0934
32. HasPasswordField               - Score: 0.0879
33. NoOfURLRedirect                - Score: 0.0735
34. Bank                           - Score: 0.0701
35. NoOfPopup                      - Score: 0.0654
36. Crypto                         - Score: 0.0599
37. TLDLength                      - Score: 0.0596
38. TLDLegitimateProb              - Score: 0.0587
39. HasExternalFormSubmit          - Score: 0.0515
40. NoOfExternalRef                - Score: 0.0434
41. LargestLineLength              - Score: 0.0285
42. NoOfQMarkInURL                 - Score: 0.0247
43. NoOfEqualsInURL                - Score: 0.0196
44. ObfuscationRatio               - Score: 0.0057
45. IsDomainIP                     - Score: 0.0057
46. HasObfuscation                 - Score: 0.0057
47. NoOfObfuscatedChar             - Score: 0.0057
48. NoOfAmpersandInURL             - Score: 0.0057
49. HasSocialNet                   - Score: 0.0000
50. HasCopyrightInfo               - Score: 0.0000
================================================================================

Features Ranked by Differentiation Strength:
================================================================================
 1. URLSimilarityIndex             - Score: 1.0000
 2. NoOfOtherSpecialCharsInURL     - Score: 0.3671
 3. IsHTTPS                        - Score: 0.3626
 4. LetterRatioInURL               - Score: 0.3273
 5. SpacialCharRatioInURL          - Score: 0.3195
 6. NoOfLettersInURL               - Score: 0.3053
 7. NoOfJS                         - Score: 0.2765
 8. URLLength                      - Score: 0.2639
 9. DomainTitleMatchScore          - Score: 0.2473
10. HasDescription                 - Score: 0.2316
11. NoOfCSS                        - Score: 0.2033
12. CharContinuationRate           - Score: 0.1919
13. URLTitleMatchScore             - Score: 0.1902
14. Robots                         - Score: 0.1791
15. NoOfSelfRef                    - Score: 0.1755
16. URLCharProb                    - Score: 0.1718
17. DegitRatioInURL                - Score: 0.1707
18. NoOfDegitsInURL                - Score: 0.1662
19. NoOfSubDomain                  - Score: 0.1464
20. NoOfImage                      - Score: 0.1297
21. DomainLength                   - Score: 0.1244
22. HasHiddenFields                - Score: 0.1156
23. Crypto                         - Score: 0.1000
24. HasSubmitButton                - Score: 0.0876
25. TLDLength                      - Score: 0.0820
26. NoOfiFrame                     - Score: 0.0655
27. LineOfCode                     - Score: 0.0654
28. Pay                            - Score: 0.0638
29. NoOfExternalRef                - Score: 0.0534
30. NoOfSelfRedirect               - Score: 0.0521
31. LargestLineLength              - Score: 0.0496
32. HasTitle                       - Score: 0.0493
33. NoOfPopup                      - Score: 0.0404
34. NoOfEqualsInURL                - Score: 0.0397
35. NoOfQMarkInURL                 - Score: 0.0397
36. Bank                           - Score: 0.0387
37. NoOfEmptyRef                   - Score: 0.0358
38. HasPasswordField               - Score: 0.0354
39. HasExternalFormSubmit          - Score: 0.0337
40. HasFavicon                     - Score: 0.0221
41. NoOfURLRedirect                - Score: 0.0218
42. TLDLegitimateProb              - Score: 0.0145
43. IsResponsive                   - Score: 0.0083
44. IsDomainIP                     - Score: 0.0000
45. HasObfuscation                 - Score: 0.0000
46. NoOfObfuscatedChar             - Score: 0.0000
47. ObfuscationRatio               - Score: 0.0000
48. NoOfAmpersandInURL             - Score: 0.0000
49. HasSocialNet                   - Score: 0.0000
50. HasCopyrightInfo               - Score: 0.0000
================================================================================

Features Ranked by Differentiation Strength:
================================================================================
 1. URLSimilarityIndex             - Score: 1.0000
 2. HasSubmitButton                - Score: 0.5402
 3. HasCopyrightInfo               - Score: 0.4637
 4. HasDescription                 - Score: 0.3877
 5. HasHiddenFields                - Score: 0.3641
 6. SpacialCharRatioInURL          - Score: 0.3391
 7. Robots                         - Score: 0.3249
 8. NoOfOtherSpecialCharsInURL     - Score: 0.3228
 9. URLCharProb                    - Score: 0.3181
10. NoOfSubDomain                  - Score: 0.3143
11. IsResponsive                   - Score: 0.3028
12. NoOfJS                         - Score: 0.2879
13. HasTitle                       - Score: 0.2857
14. DegitRatioInURL                - Score: 0.2744
15. NoOfDegitsInURL                - Score: 0.2705
16. NoOfCSS                        - Score: 0.2692
17. NoOfSelfRef                    - Score: 0.2619
18. HasFavicon                     - Score: 0.2529
19. NoOfLettersInURL               - Score: 0.2489
20. IsHTTPS                        - Score: 0.2427
21. URLLength                      - Score: 0.2403
22. LetterRatioInURL               - Score: 0.2245
23. DomainTitleMatchScore          - Score: 0.2066
24. NoOfExternalRef                - Score: 0.2048
25. LargestLineLength              - Score: 0.1937
26. NoOfImage                      - Score: 0.1793
27. DomainLength                   - Score: 0.1567
28. LineOfCode                     - Score: 0.1546
29. HasPasswordField               - Score: 0.1472
30. CharContinuationRate           - Score: 0.1402
31. NoOfURLRedirect                - Score: 0.1143
32. HasExternalFormSubmit          - Score: 0.1134
33. NoOfEqualsInURL                - Score: 0.1051
34. NoOfQMarkInURL                 - Score: 0.1051
35. TLDLength                      - Score: 0.0965
36. NoOfiFrame                     - Score: 0.0926
37. URLTitleMatchScore             - Score: 0.0764
38. NoOfEmptyRef                   - Score: 0.0708
39. NoOfSelfRedirect               - Score: 0.0651
40. Pay                            - Score: 0.0502
41. TLDLegitimateProb              - Score: 0.0458
42. Crypto                         - Score: 0.0457
43. NoOfPopup                      - Score: 0.0307
44. Bank                           - Score: 0.0246
45. IsDomainIP                     - Score: 0.0000
46. HasObfuscation                 - Score: 0.0000
47. NoOfObfuscatedChar             - Score: 0.0000
48. ObfuscationRatio               - Score: 0.0000
49. NoOfAmpersandInURL             - Score: 0.0000
50. HasSocialNet                   - Score: 0.0000
================================================================================
  wrote C:\personal\grad-school\reproduce\outputs\table_6_1.md
  wrote C:\personal\grad-school\reproduce\outputs\table_6_1.csv
