source,instance,n,arm,gap_pct,seconds,q_arm_mean,detail
benchmark/small,berlin52,52,FIS deferred verification,0.0,0.001374693000343541,1.0059237791432494,
benchmark/large,berlin52,52,FIS deferred verification,0.0,0.002011976999710896,1.007694386146369,
benchmark/small,berlin52,52,FIS effort,0.0,0.001276899999993475,1.0044825042296526,
benchmark/large,berlin52,52,FIS effort,0.0,0.0018446079998284404,1.0052625047581623,
benchmark/small,berlin52,52,FIS effort+chain,0.0,0.0012244590002410405,1.007029461345093,
benchmark/large,berlin52,52,FIS effort+chain,0.0,0.0018589859996609448,1.0080664026511228,
benchmark/small,berlin52,52,FIS full (fuzzy construction),5.064969504110316,0.0011843259999295697,1.0182851645016107,
benchmark/large,berlin52,52,FIS full (fuzzy construction),5.064969504110316,0.001743399999668327,1.0132779122445035,
benchmark/small,berlin52,52,LK k32/d10/b32,0.0,0.0014631359999839333,1.0079053264240385,
benchmark/large,berlin52,52,LK k32/d10/b32,0.0,0.0019439259995124303,1.0078036414983984,
benchmark/small,berlin52,52,LK k32/d2/b4,0.0,0.0011506689997986541,1.003949071971721,
benchmark/large,berlin52,52,LK k32/d2/b4,0.0,0.0016360300000997086,1.0040697080289724,
benchmark/small,berlin52,52,LK k32/d3/b8,0.0,0.0012662210001508356,1.0047638345010088,
benchmark/large,berlin52,52,LK k32/d3/b8,0.0,0.0018835509995369648,1.0050733415359843,
benchmark/small,berlin52,52,LK k32/d6/b32,0.0,0.0012982670000383223,1.0035207428679007,
benchmark/large,berlin52,52,LK k32/d6/b32,0.0,0.0017925549996107293,1.003402438675091,
benchmark/small,berlin52,52,LK k48/d10/b32,0.0,0.0015107780000107596,1.0056517538491074,
benchmark/large,berlin52,52,LK k48/d10/b32,0.0,0.0018695849998948688,1.0055846963209243,
benchmark/small,berlin52,52,construct_fis,17.369398037655795,2.6495999918552116e-05,1.1736233946567567,
benchmark/large,berlin52,52,construct_fis,17.369398037655795,2.920399992945022e-05,1.1736233946567567,
benchmark/small,berlin52,52,fis_chain_greedy_handwritten,0.0,0.0012496670001382881,1.0045630520778273,
benchmark/large,berlin52,52,fis_chain_greedy_handwritten,0.0,0.0017320199999630859,1.0043647180736544,
benchmark/small,berlin52,52,fis_construct_lk,0.0,0.0012809059999199235,1.0086753491775193,
benchmark/large,berlin52,52,fis_construct_lk,0.0,0.0017761999997674138,1.0084547624587679,
benchmark/small,berlin52,52,fis_effort_greedy_handwritten,0.0,0.0012621140003830078,1.0060098374959503,
benchmark/large,berlin52,52,fis_effort_greedy_handwritten,0.0,0.0017409399997632136,1.005887548748728,
benchmark/small,berlin52,52,fis_effort_nn,5.8870326173428795,0.0011314669995954318,1.0140412382046813,
benchmark/large,berlin52,52,fis_effort_nn,5.8870326173428795,0.0017118389996539918,1.017924208543351,
benchmark/small,berlin52,52,greedy-edge construction,25.351365685494564,9.673300019130693e-05,1.1203724763346603,
benchmark/large,berlin52,52,greedy-edge construction,25.351365685494564,7.542599996668287e-05,1.1203724763346603,
benchmark/small,berlin52,52,lk_16_4_8,0.0,0.0014759850005248154,1.003941395819218,
benchmark/large,berlin52,52,lk_16_4_8,0.0,0.0018548929997450614,1.0037598898757132,
benchmark/small,berlin52,52,lk_24_4_8,3.0893662158578628,0.0012313600000197766,1.0072554797351712,
benchmark/large,berlin52,52,lk_24_4_8,3.0893662158578628,0.0016801989995656186,1.0069127845632717,
benchmark/small,berlin52,52,lk_32_10_12,0.0,0.0014413810004043626,1.0070875108104045,
benchmark/large,berlin52,52,lk_32_10_12,0.0,0.001931900999352365,1.0068941726003224,
benchmark/small,berlin52,52,lk_32_4_8,3.0893662158578628,0.0012684649996117514,1.0061838313126712,
benchmark/large,berlin52,52,lk_32_4_8,3.0893662158578628,0.0017398719996890577,1.0061319801967652,
benchmark/small,berlin52,52,lk_32_6_8,3.0893662158578628,0.0013107609993312508,1.0069138830927027,
benchmark/large,berlin52,52,lk_32_6_8,3.0893662158578628,0.00178680599992731,1.006694767203914,
benchmark/small,berlin52,52,lk_64_10_32,0.0,0.0014310379997368727,1.0070109860831091,
benchmark/large,berlin52,52,lk_64_10_32,0.0,0.0018115430002580979,1.0070117536630354,
benchmark/small,berlin52,52,nearest-neighbour construction,19.066560594006894,1.909999809868168e-06,1.1752690128617187,
benchmark/large,berlin52,52,nearest-neighbour construction,19.066560594006894,2.671999936865177e-06,1.1752690128617187,
benchmark/small,a280,280,FIS deferred verification,6.010081426909655,0.006429383000067901,1.0059237791432494,
benchmark/large,a280,280,FIS deferred verification,6.5141527723924,0.007171545999881346,1.007694386146369,
benchmark/small,a280,280,FIS effort,6.475378053509112,0.007469065999885061,1.0044825042296526,
benchmark/large,a280,280,FIS effort,6.824350523458705,0.007459524000296369,1.0052625047581623,
benchmark/small,a280,280,FIS effort+chain,6.785575804575417,0.006065365000267775,1.007029461345093,
benchmark/large,a280,280,FIS effort+chain,7.444746025591314,0.006293449999702716,1.0080664026511228,
benchmark/small,a280,280,FIS full (fuzzy construction),7.056998836758433,0.005790113999864843,1.0182851645016107,
benchmark/large,a280,280,FIS full (fuzzy construction),6.901899961225281,0.006034711999291176,1.0132779122445035,
benchmark/small,a280,280,LK k32/d10/b32,6.475378053509112,0.008415305000198714,1.0079053264240385,
benchmark/large,a280,280,LK k32/d10/b32,6.475378053509112,0.00848080299965659,1.0078036414983984,
benchmark/small,a280,280,LK k32/d2/b4,4.575416828227995,0.005989616000078968,1.003949071971721,
benchmark/large,a280,280,LK k32/d2/b4,4.575416828227995,0.006159536999803095,1.0040697080289724,
benchmark/small,a280,280,LK k32/d3/b8,6.669251647925552,0.0061514070002886,1.0047638345010088,
benchmark/large,a280,280,LK k32/d3/b8,6.669251647925552,0.006575750999218144,1.0050733415359843,
benchmark/small,a280,280,LK k32/d6/b32,1.6285381930981,0.006237534000320011,1.0035207428679007,
benchmark/large,a280,280,LK k32/d6/b32,1.6285381930981,0.006401206000191451,1.003402438675091,
benchmark/small,a280,280,LK k48/d10/b32,5.273361768127181,0.00778642600062085,1.0056517538491074,
benchmark/large,a280,280,LK k48/d10/b32,5.273361768127181,0.007959864999975252,1.0055846963209243,
benchmark/small,a280,280,construct_fis,23.730127956572314,0.00021848999995199847,1.1736233946567567,
benchmark/large,a280,280,construct_fis,23.730127956572314,0.00020427499975994579,1.1736233946567567,
benchmark/small,a280,280,fis_chain_greedy_handwritten,4.420317952694843,0.0073938079999607,1.0045630520778273,
benchmark/large,a280,280,fis_chain_greedy_handwritten,4.420317952694843,0.007351437000124861,1.0043647180736544,
benchmark/small,a280,280,fis_construct_lk,3.7611477316789452,0.0066483489999882295,1.0086753491775193,
benchmark/large,a280,280,fis_construct_lk,3.7611477316789452,0.006806964999668708,1.0084547624587679,
benchmark/small,a280,280,fis_effort_greedy_handwritten,7.444746025591314,0.0074378570002409106,1.0060098374959503,
benchmark/large,a280,280,fis_effort_greedy_handwritten,7.444746025591314,0.007418738000069425,1.005887548748728,
benchmark/small,a280,280,fis_effort_nn,5.467235362543621,0.00536359799980346,1.0140412382046813,
benchmark/large,a280,280,fis_effort_nn,5.467235362543621,0.005645767999794771,1.017924208543351,
benchmark/small,a280,280,greedy-edge construction,24.4280728964715,0.0004603920001500228,1.1203724763346603,
benchmark/large,a280,280,greedy-edge construction,24.4280728964715,0.0004676970002037706,1.1203724763346603,
benchmark/small,a280,280,lk_16_4_8,5.350911205893757,0.005214084999806801,1.003941395819218,
benchmark/large,a280,280,lk_16_4_8,5.350911205893757,0.005242022000402358,1.0037598898757132,
benchmark/small,a280,280,lk_24_4_8,4.420317952694843,0.0054270700006782135,1.0072554797351712,
benchmark/large,a280,280,lk_24_4_8,4.420317952694843,0.005463772999974026,1.0069127845632717,
benchmark/small,a280,280,lk_32_10_12,6.475378053509112,0.007985862999703386,1.0070875108104045,
benchmark/large,a280,280,lk_32_10_12,6.475378053509112,0.00815003199977582,1.0068941726003224,
benchmark/small,a280,280,lk_32_4_8,5.389685924777045,0.006388757999957306,1.0061838313126712,
benchmark/large,a280,280,lk_32_4_8,5.389685924777045,0.0063632239998696605,1.0061319801967652,
benchmark/small,a280,280,lk_32_6_8,5.389685924777045,0.0069948509999449016,1.0069138830927027,
benchmark/large,a280,280,lk_32_6_8,5.389685924777045,0.007027643999663269,1.006694767203914,
benchmark/small,a280,280,lk_64_10_32,3.4509499806126405,0.008256616000835493,1.0070109860831091,
benchmark/large,a280,280,lk_64_10_32,3.4509499806126405,0.00860086800003046,1.0070117536630354,
benchmark/small,a280,280,nearest-neighbour construction,21.713842574641333,4.660999820771394e-06,1.1752690128617187,
benchmark/large,a280,280,nearest-neighbour construction,21.713842574641333,5.181999767955858e-06,1.1752690128617187,
benchmark/small,pr439,439,FIS deferred verification,7.980077786171969,0.00838594400056536,1.0059237791432494,
benchmark/large,pr439,439,FIS deferred verification,8.17500956005111,0.009814847000143345,1.007694386146369,
benchmark/small,pr439,439,FIS effort,3.431358833020883,0.007829871000467392,1.0044825042296526,
benchmark/large,pr439,439,FIS effort,3.645877053079269,0.008614327000032063,1.0052625047581623,
benchmark/small,pr439,439,FIS effort+chain,8.349422199837713,0.006939611000689183,1.007029461345093,
benchmark/large,pr439,439,FIS effort+chain,8.17500956005111,0.00766845199996169,1.0080664026511228,
benchmark/small,pr439,439,FIS full (fuzzy construction),4.543122825671302,0.006360560999837617,1.0182851645016107,
benchmark/large,pr439,439,FIS full (fuzzy construction),6.053144557299682,0.0068751240005440195,1.0132779122445035,
benchmark/small,pr439,439,LK k32/d10/b32,6.20423999925385,0.012247645999650558,1.0079053264240385,
benchmark/large,pr439,439,LK k32/d10/b32,6.20423999925385,0.012130471000091347,1.0078036414983984,
benchmark/small,pr439,439,LK k32/d2/b4,6.387979518173424,0.006249168000067584,1.003949071971721,
benchmark/large,pr439,439,LK k32/d2/b4,6.387979518173424,0.006398300000000745,1.0040697080289724,
benchmark/small,pr439,439,LK k32/d3/b8,6.902823246313551,0.0067083970002386195,1.0047638345010088,
benchmark/large,pr439,439,LK k32/d3/b8,6.902823246313551,0.007030451999980869,1.0050733415359843,
benchmark/small,pr439,439,LK k32/d6/b32,6.20423999925385,0.009468620999996347,1.0035207428679007,
benchmark/large,pr439,439,LK k32/d6/b32,6.20423999925385,0.00943815899972833,1.003402438675091,
benchmark/small,pr439,439,LK k48/d10/b32,3.838943451131817,0.011844796999866958,1.0056517538491074,
benchmark/large,pr439,439,LK k48/d10/b32,3.838943451131817,0.012545432000024448,1.0055846963209243,
benchmark/small,pr439,439,construct_fis,32.413703050822164,0.00033118700002887635,1.1736233946567567,
benchmark/large,pr439,439,construct_fis,32.413703050822164,0.00032802800024001044,1.1736233946567567,
benchmark/small,pr439,439,fis_chain_greedy_handwritten,3.3147728438587163,0.009236093000254186,1.0045630520778273,
benchmark/large,pr439,439,fis_chain_greedy_handwritten,3.3147728438587163,0.009051683000052435,1.0043647180736544,
benchmark/small,pr439,439,fis_construct_lk,2.3046718337577063,0.008650513000247884,1.0086753491775193,
benchmark/large,pr439,439,fis_construct_lk,2.3046718337577063,0.00787279500036675,1.0084547624587679,
benchmark/small,pr439,439,fis_effort_greedy_handwritten,3.462137534159695,0.008580272000472178,1.0060098374959503,
benchmark/large,pr439,439,fis_effort_greedy_handwritten,3.462137534159695,0.008641345999876648,1.005887548748728,
benchmark/small,pr439,439,fis_effort_nn,6.0680675639124395,0.0057369410005776444,1.0140412382046813,
benchmark/large,pr439,439,fis_effort_nn,7.1266683455049105,0.0069545129999823985,1.017924208543351,
benchmark/small,pr439,439,greedy-edge construction,19.6088306891631,0.0010020070003520232,1.1203724763346603,
benchmark/large,pr439,439,greedy-edge construction,19.6088306891631,0.0009133899998232664,1.1203724763346603,
benchmark/small,pr439,439,lk_16_4_8,12.602479084473543,0.00497273100017992,1.003941395819218,
benchmark/large,pr439,439,lk_16_4_8,12.602479084473543,0.00476004100028149,1.0037598898757132,
benchmark/small,pr439,439,lk_24_4_8,6.003712097894923,0.00687245199969766,1.0072554797351712,
benchmark/large,pr439,439,lk_24_4_8,6.003712097894923,0.006881454999074776,1.0069127845632717,
benchmark/small,pr439,439,lk_32_10_12,6.201441935513958,0.01010365100000854,1.0070875108104045,
benchmark/large,pr439,439,lk_32_10_12,6.201441935513958,0.009809760999814898,1.0068941726003224,
benchmark/small,pr439,439,lk_32_4_8,6.515757762295158,0.0072780089999469055,1.0061838313126712,
benchmark/large,pr439,439,lk_32_4_8,6.515757762295158,0.007353224999860686,1.0061319801967652,
benchmark/small,pr439,439,lk_32_6_8,6.515757762295158,0.008154286999797478,1.0069138830927027,
benchmark/large,pr439,439,lk_32_6_8,6.515757762295158,0.00804153800027052,1.006694767203914,
benchmark/small,pr439,439,lk_64_10_32,6.239682139959148,0.01588820000006308,1.0070109860831091,
benchmark/large,pr439,439,lk_64_10_32,6.239682139959148,0.016042466000271816,1.0070117536630354,
benchmark/small,pr439,439,nearest-neighbour construction,22.444201945586986,8.882000201992923e-06,1.1752690128617187,
benchmark/large,pr439,439,nearest-neighbour construction,22.444201945586986,1.1701999937940855e-05,1.1752690128617187,
benchmark/small,d493,493,FIS deferred verification,2.465573395805954,0.009120270000039454,1.0059237791432494,
benchmark/large,d493,493,FIS deferred verification,1.8541797611565054,0.009677728999122337,1.007694386146369,
benchmark/small,d493,493,FIS effort,1.5799097194446032,0.00884671200037701,1.0044825042296526,
benchmark/large,d493,493,FIS effort,2.465573395805954,0.00840926499950001,1.0052625047581623,
benchmark/small,d493,493,FIS effort+chain,4.516884749442889,0.007187700000031327,1.007029461345093,
benchmark/large,d493,493,FIS effort+chain,2.0798811496485916,0.0074223369992978405,1.0080664026511228,
benchmark/small,d493,493,FIS full (fuzzy construction),3.6340780526827037,0.00685838999970656,1.0182851645016107,
benchmark/large,d493,493,FIS full (fuzzy construction),3.382663847780127,0.006922877999841148,1.0132779122445035,
benchmark/small,d493,493,LK k32/d10/b32,2.2170161705045426,0.01279694799995923,1.0079053264240385,
benchmark/large,d493,493,LK k32/d10/b32,2.2170161705045426,0.012228490999859787,1.0078036414983984,
benchmark/small,d493,493,LK k32/d2/b4,2.294154619736015,0.007420613999784109,1.003949071971721,
benchmark/large,d493,493,LK k32/d2/b4,2.294154619736015,0.006649492999258655,1.0040697080289724,
benchmark/small,d493,493,LK k32/d3/b8,2.3970058853779785,0.0079317509998873,1.0047638345010088,
benchmark/large,d493,493,LK k32/d3/b8,2.3970058853779785,0.007272037999427994,1.0050733415359843,
benchmark/small,d493,493,LK k32/d6/b32,2.2170161705045426,0.010141467999801534,1.0035207428679007,
benchmark/large,d493,493,LK k32/d6/b32,2.2170161705045426,0.009624721999443864,1.003402438675091,
benchmark/small,d493,493,LK k48/d10/b32,4.416890463402091,0.013415916000667494,1.0056517538491074,
benchmark/large,d493,493,LK k48/d10/b32,4.416890463402091,0.012769402999310842,1.0055846963209243,
benchmark/small,d493,493,construct_fis,19.341751899891435,0.0005341539999790257,1.1736233946567567,
benchmark/large,d493,493,construct_fis,19.341751899891435,0.00035425900023255963,1.1736233946567567,
benchmark/small,d493,493,fis_chain_greedy_handwritten,1.8370378835495114,0.008999893999771302,1.0045630520778273,
benchmark/large,d493,493,fis_chain_greedy_handwritten,1.8370378835495114,0.008355288999609911,1.0043647180736544,
benchmark/small,d493,493,fis_construct_lk,3.7112165019141763,0.01207428699990487,1.0086753491775193,
benchmark/large,d493,493,fis_construct_lk,3.7112165019141763,0.011228759000005084,1.0084547624587679,
benchmark/small,d493,493,fis_effort_greedy_handwritten,1.8141820467401863,0.009295696999743086,1.0060098374959503,
benchmark/large,d493,493,fis_effort_greedy_handwritten,1.8141820467401863,0.008749482999519387,1.005887548748728,
benchmark/small,d493,493,fis_effort_nn,2.488429232615279,0.006136828999842692,1.0140412382046813,
benchmark/large,d493,493,fis_effort_nn,3.754071195931661,0.007559122999737156,1.017924208543351,
benchmark/small,d493,493,greedy-edge construction,14.936289354894006,0.0011005520000253455,1.1203724763346603,
benchmark/large,d493,493,greedy-edge construction,14.936289354894006,0.0010135379998246208,1.1203724763346603,
benchmark/small,d493,493,lk_16_4_8,1.7627564139192047,0.006729848999839305,1.003941395819218,
benchmark/large,d493,493,lk_16_4_8,1.7627564139192047,0.006302587000391213,1.0037598898757132,
benchmark/small,d493,493,lk_24_4_8,2.668418947488715,0.007304079000277852,1.0072554797351712,
benchmark/large,d493,493,lk_24_4_8,2.668418947488715,0.006774933000087913,1.0069127845632717,
benchmark/small,d493,493,lk_32_10_12,2.07416719044626,0.011512130000028264,1.0070875108104045,
benchmark/large,d493,493,lk_32_10_12,2.07416719044626,0.010591222000130074,1.0068941726003224,
benchmark/small,d493,493,lk_32_4_8,2.6055653962630707,0.008845238000048994,1.0061838313126712,
benchmark/large,d493,493,lk_32_4_8,2.6055653962630707,0.008264016999874002,1.0061319801967652,
benchmark/small,d493,493,lk_32_6_8,2.6055653962630707,0.010402387999874918,1.0069138830927027,
benchmark/large,d493,493,lk_32_6_8,2.6055653962630707,0.00945179799964535,1.006694767203914,
benchmark/small,d493,493,lk_64_10_32,0.9113764927718416,0.012858899000093515,1.0070109860831091,
benchmark/large,d493,493,lk_64_10_32,0.9113764927718416,0.012613068999598909,1.0070117536630354,
benchmark/small,d493,493,nearest-neighbour construction,24.65573395805954,1.2145999789936468e-05,1.1752690128617187,
benchmark/large,d493,493,nearest-neighbour construction,24.65573395805954,1.0913000096479664e-05,1.1752690128617187,
benchmark/small,rat783,783,FIS deferred verification,2.6004996593231886,0.010613808000016434,1.0059237791432494,
benchmark/large,rat783,783,FIS deferred verification,2.95253236429707,0.013639413999953831,1.007694386146369,
benchmark/small,rat783,783,FIS effort,2.8049057460822167,0.010797826000271016,1.0044825042296526,
benchmark/large,rat783,783,FIS effort,2.362025891437656,0.012505292000241752,1.0052625047581623,
benchmark/small,rat783,783,FIS effort+chain,2.7935498523733817,0.009289602000080777,1.007029461345093,
benchmark/large,rat783,783,FIS effort+chain,3.395412218941631,0.01119399000026533,1.0080664026511228,
benchmark/small,rat783,783,FIS full (fuzzy construction),3.8155802861685215,0.008744794000449474,1.0182851645016107,
benchmark/large,rat783,783,FIS full (fuzzy construction),2.8389734272087215,0.01043896599958316,1.0132779122445035,
lkh_compare,rat783,783,FIS local search,2.7935498523733817,0.008503399963956326,,
benchmark/small,rat783,783,LK k32/d10/b32,2.203043379513968,0.013104524000482343,1.0079053264240385,
benchmark/large,rat783,783,LK k32/d10/b32,2.203043379513968,0.01367632900019089,1.0078036414983984,
lkh_compare,rat783,783,LK k32/d10/b32,2.203043379513968,0.010346899944124743,,
benchmark/small,rat783,783,LK k32/d2/b4,3.259141494435612,0.009110008999869024,1.003949071971721,
benchmark/large,rat783,783,LK k32/d2/b4,3.259141494435612,0.009708867999961512,1.0040697080289724,
lkh_compare,rat783,783,LK k32/d2/b4,3.259141494435612,0.008213299966882914,,
benchmark/small,rat783,783,LK k32/d3/b8,2.963888258005905,0.009438428000066779,1.0047638345010088,
benchmark/large,rat783,783,LK k32/d3/b8,2.963888258005905,0.010359708000123646,1.0050733415359843,
lkh_compare,rat783,783,LK k32/d3/b8,2.963888258005905,0.008636099984869361,,
benchmark/small,rat783,783,LK k32/d6/b32,2.146263910969793,0.01083505199994761,1.0035207428679007,
benchmark/large,rat783,783,LK k32/d6/b32,2.146263910969793,0.011796891999892978,1.003402438675091,
lkh_compare,rat783,783,LK k32/d6/b32,2.146263910969793,0.009340999968117103,,
lkh_compare,rat783,783,LK k32/d6/b8,2.6686350215761983,0.00949999995646067,,
benchmark/small,rat783,783,LK k48/d10/b32,3.0320236202589146,0.016733037999983935,1.0056517538491074,
benchmark/large,rat783,783,LK k48/d10/b32,3.0320236202589146,0.015843629000301007,1.0055846963209243,
lkh_compare,rat783,783,LK k48/d10/b32,3.0320236202589146,0.01162330000079237,,
lkh_compare,rat783,783,LKH,0.05677946854417443,0.01657449998310767,,nn/trials=1
lkh_compare,rat783,783,LKH,0.02271178741766977,0.030403600016143173,,nn/trials=5
lkh_compare,rat783,783,LKH,0.0,0.07216460001654923,,nn/trials=25
lkh_compare,rat783,783,LKH,0.0,0.2161939999787137,,nn/trials=100
lkh_compare,rat783,783,LKH,0.0,1.7772731000150088,,nn/trials=1000
lkh_compare,rat783,783,LKH,0.0,0.2978744000138249,,alpha/trials=1
lkh_compare,rat783,783,LKH,0.0,0.36006669999915175,,alpha/trials=25
lkh_compare,rat783,783,LKH,0.0,0.49572999999509193,,alpha/trials=100
lkh_compare,rat783,783,LKH,0.0,1.86188859998947,,runs=1 (elkai default)
lkh_compare,rat783,783,LKH,0.0,3.4883358999795746,,runs=2
lkh_compare,rat783,783,LKH,0.0,7.568823200010229,,runs=5
lkh_compare,rat783,783,LKH,0.05677946854417443,0.016918899986194447,,nn5/trials=1
lkh_compare,rat783,783,LKH,0.0,0.0725875000061933,,nn5/trials=25
lkh_compare,rat783,783,LKH,0.0,0.21282380001503043,,nn5/trials=100
lkh_compare,rat783,783,LKH,0.0,1.8070210000150837,,nn5/trials=1000
lkh_compare,rat783,783,LKH,0.10220304337951397,2.582173300004797,,nn32/trials=1
lkh_compare,rat783,783,LKH,0.0,7.827127100026701,,nn32/trials=25
lkh_compare,rat783,783,LKH,0.0,18.6587048000074,,nn32/trials=100
lkh_compare,rat783,783,LKH,0.0,86.98999229999026,,nn32/trials=1000
benchmark/small,rat783,783,construct_fis,25.08516920281626,0.0006367250002767832,1.1736233946567567,
benchmark/large,rat783,783,construct_fis,25.08516920281626,0.0006326119996629131,1.1736233946567567,
benchmark/small,rat783,783,fis_chain_greedy_handwritten,2.384737678855326,0.010802676000366773,1.0045630520778273,
benchmark/large,rat783,783,fis_chain_greedy_handwritten,2.384737678855326,0.011601642000186985,1.0043647180736544,
benchmark/small,rat783,783,fis_construct_lk,2.4982966159436746,0.012103384000511141,1.0086753491775193,
benchmark/large,rat783,783,fis_construct_lk,2.4982966159436746,0.012976117999642156,1.0084547624587679,
benchmark/small,rat783,783,fis_effort_greedy_handwritten,2.8049057460822167,0.011289791000308469,1.0060098374959503,
benchmark/large,rat783,783,fis_effort_greedy_handwritten,2.8049057460822167,0.012128322000080516,1.005887548748728,
benchmark/small,rat783,783,fis_effort_nn,4.133545310015898,0.008095320000393258,1.0140412382046813,
benchmark/large,rat783,783,fis_effort_nn,3.46354758119464,0.01032126000018252,1.017924208543351,
benchmark/small,rat783,783,greedy-edge construction,17.930956166250283,0.0014809039998908702,1.1203724763346603,
benchmark/large,rat783,783,greedy-edge construction,17.930956166250283,0.001388586999837571,1.1203724763346603,
lkh_compare,rat783,783,iterated (control),2.146263910969793,0.009514399949694052,,0 kicks
lkh_compare,rat783,783,iterated (control),1.680672268907563,0.014634799968916923,,100 kicks
lkh_compare,rat783,783,iterated (control),1.5103338632750398,0.02605679997941479,,400 kicks
lkh_compare,rat783,783,iterated (control),1.101521689756984,0.07165889994939789,,1600 kicks
lkh_compare,rat783,783,iterated (control),0.6359300476947536,0.2578545999713242,,6400 kicks
lkh_compare,rat783,783,iterated (control),0.5450828980240745,0.9803890999755822,,25600 kicks
lkh_compare,rat783,783,iterated (control),0.4769475357710652,3.78570349997608,,102400 kicks
lkh_compare,rat783,783,iterated + CHAIN reopt depth,2.259822848058142,0.00811019996763207,,0 kicks
lkh_compare,rat783,783,iterated + CHAIN reopt depth,1.8396547808312513,0.01060959996539168,,100 kicks
lkh_compare,rat783,783,iterated + CHAIN reopt depth,1.5216897569838745,0.020130099961534142,,400 kicks
lkh_compare,rat783,783,iterated + CHAIN reopt depth,1.078809902339314,0.045593999966513366,,1600 kicks
lkh_compare,rat783,783,iterated + CHAIN reopt depth,0.9198273904156257,0.15522799995960668,,6400 kicks
lkh_compare,rat783,783,iterated + CHAIN reopt depth,0.7381330910742675,0.6069996999576688,,25600 kicks
lkh_compare,rat783,783,iterated + CHAIN reopt depth,0.692709516238928,2.2957490999542642,,102400 kicks
lkh_compare,rat783,783,iterated + EFFORT-aimed kicks,2.146263910969793,0.009658899973146617,,0 kicks
lkh_compare,rat783,783,iterated + EFFORT-aimed kicks,1.567113331819214,0.013985699974000454,,100 kicks
lkh_compare,rat783,783,iterated + EFFORT-aimed kicks,1.2945718828071768,0.026206199981970713,,400 kicks
lkh_compare,rat783,783,iterated + EFFORT-aimed kicks,0.6586418351124234,0.07082579997950234,,1600 kicks
lkh_compare,rat783,783,iterated + EFFORT-aimed kicks,0.5223711106064047,0.25167029997101054,,6400 kicks
lkh_compare,rat783,783,iterated + EFFORT-aimed kicks,0.4883034294799001,1.0344849999819417,,25600 kicks
lkh_compare,rat783,783,iterated + EFFORT-aimed kicks,0.4883034294799001,4.076379399979487,,102400 kicks
lkh_compare,rat783,783,iterated + both,2.259822848058142,0.008223399956477806,,0 kicks
lkh_compare,rat783,783,iterated + both,1.8396547808312513,0.010736699972767383,,100 kicks
lkh_compare,rat783,783,iterated + both,1.090165796048149,0.017868699971586466,,400 kicks
lkh_compare,rat783,783,iterated + both,0.8744038155802861,0.04825389996403828,,1600 kicks
lkh_compare,rat783,783,iterated + both,0.6132182602770838,0.16329479997511953,,6400 kicks
lkh_compare,rat783,783,iterated + both,0.6018623665682489,0.6330459999444429,,25600 kicks
lkh_compare,rat783,783,iterated + both,0.49965932318873496,2.447526399977505,,102400 kicks
benchmark/small,rat783,783,lk_16_4_8,2.7935498523733817,0.00851002499985043,1.003941395819218,
benchmark/large,rat783,783,lk_16_4_8,2.7935498523733817,0.0084180999997443,1.0037598898757132,
benchmark/small,rat783,783,lk_24_4_8,2.577787871905519,0.009616534999167925,1.0072554797351712,
benchmark/large,rat783,783,lk_24_4_8,2.577787871905519,0.009309288999702403,1.0069127845632717,
benchmark/small,rat783,783,lk_32_10_12,2.475584828526005,0.013106117000006634,1.0070875108104045,
benchmark/large,rat783,783,lk_32_10_12,2.475584828526005,0.013479509000262624,1.0068941726003224,
benchmark/small,rat783,783,lk_32_4_8,2.9298205768794006,0.010179910999795538,1.0061838313126712,
benchmark/large,rat783,783,lk_32_4_8,2.9298205768794006,0.011171074000230874,1.0061319801967652,
benchmark/small,rat783,783,lk_32_6_8,2.6686350215761983,0.011293954000393569,1.0069138830927027,
benchmark/large,rat783,783,lk_32_6_8,2.6686350215761983,0.012137413000345987,1.006694767203914,
benchmark/small,rat783,783,lk_64_10_32,1.48762207585737,0.017511232999822823,1.0070109860831091,
benchmark/large,rat783,783,lk_64_10_32,1.48762207585737,0.01783238199959669,1.0070117536630354,
benchmark/small,rat783,783,nearest-neighbour construction,27.469906881671587,2.709299997150083e-05,1.1752690128617187,
benchmark/large,rat783,783,nearest-neighbour construction,27.469906881671587,2.1112000013090437e-05,1.1752690128617187,
benchmark/small,pcb1173,1173,FIS deferred verification,3.8740068902481894,0.016054492999955983,1.0059237791432494,
benchmark/large,pcb1173,1173,FIS deferred verification,3.82830626450116,0.020491831000072125,1.007694386146369,
benchmark/small,pcb1173,1173,FIS effort,3.5242213316459257,0.015954039999542147,1.0044825042296526,
benchmark/large,pcb1173,1173,FIS effort,3.1691626239190045,0.017597409000245534,1.0052625047581623,
benchmark/small,pcb1173,1173,FIS effort+chain,4.144695211980594,0.013380985999447148,1.007029461345093,
benchmark/large,pcb1173,1173,FIS effort+chain,3.990016170990649,0.015185624000423559,1.0080664026511228,
benchmark/small,pcb1173,1173,FIS full (fuzzy construction),4.703649019194263,0.012490628999785258,1.0182851645016107,
benchmark/large,pcb1173,1173,FIS full (fuzzy construction),5.457709344020249,0.014938961000098061,1.0132779122445035,
lkh_compare,pcb1173,1173,FIS local search,4.144695211980594,0.010838499991223216,,
benchmark/small,pcb1173,1173,LK k32/d10/b32,3.5171904661463826,0.022469101999831764,1.0079053264240385,
benchmark/large,pcb1173,1173,LK k32/d10/b32,3.5171904661463826,0.02283366500023476,1.0078036414983984,
lkh_compare,pcb1173,1173,LK k32/d10/b32,3.5171904661463826,0.016283300006762147,,
benchmark/small,pcb1173,1173,LK k32/d2/b4,3.759755325880616,0.013101855999593681,1.003949071971721,
benchmark/large,pcb1173,1173,LK k32/d2/b4,3.759755325880616,0.012909753000258206,1.0040697080289724,
lkh_compare,pcb1173,1173,LK k32/d2/b4,3.759755325880616,0.010714500007452443,,
benchmark/small,pcb1173,1173,LK k32/d3/b8,3.634957463263728,0.01429593799957729,1.0047638345010088,
benchmark/large,pcb1173,1173,LK k32/d3/b8,3.634957463263728,0.014407727000161685,1.0050733415359843,
lkh_compare,pcb1173,1173,LK k32/d3/b8,3.634957463263728,0.011363400029949844,,
benchmark/small,pcb1173,1173,LK k32/d6/b32,3.5171904661463826,0.017602741999780847,1.0035207428679007,
benchmark/large,pcb1173,1173,LK k32/d6/b32,3.5171904661463826,0.01788836700052343,1.003402438675091,
lkh_compare,pcb1173,1173,LK k32/d6/b32,3.5171904661463826,0.012923000031150877,,
lkh_compare,pcb1173,1173,LK k32/d6/b8,3.5998031357660127,0.012637400010135025,,
benchmark/small,pcb1173,1173,LK k48/d10/b32,2.4045560008437037,0.02657967799996186,1.0056517538491074,
benchmark/large,pcb1173,1173,LK k48/d10/b32,2.4045560008437037,0.02661854799998764,1.0055846963209243,
lkh_compare,pcb1173,1173,LK k48/d10/b32,2.4045560008437037,0.017568399984156713,,
lkh_compare,pcb1173,1173,LKH,0.7856992195739295,0.08153249998576939,,nn/trials=1
lkh_compare,pcb1173,1173,LKH,0.6696899388314701,0.09344970001257025,,nn/trials=5
lkh_compare,pcb1173,1173,LKH,0.6679322224565845,0.19715270001324825,,nn/trials=25
lkh_compare,pcb1173,1173,LKH,0.3480278422273782,0.5479119000083301,,nn/trials=100
lkh_compare,pcb1173,1173,LKH,0.28826548548126274,4.568421299976762,,nn/trials=1000
lkh_compare,pcb1173,1173,LKH,0.02109259649862898,0.695891399984248,,alpha/trials=1
lkh_compare,pcb1173,1173,LKH,0.008788581874428741,0.7494011999806389,,alpha/trials=25
lkh_compare,pcb1173,1173,LKH,0.008788581874428741,0.8681617999973241,,alpha/trials=100
lkh_compare,pcb1173,1173,LKH,0.0017577163748857484,3.0207459999946877,,runs=1 (elkai default)
lkh_compare,pcb1173,1173,LKH,0.0,6.422192999976687,,runs=2
lkh_compare,pcb1173,1173,LKH,0.0,17.453204199991887,,runs=5
lkh_compare,pcb1173,1173,LKH,0.7856992195739295,0.08197939998353831,,nn5/trials=1
lkh_compare,pcb1173,1173,LKH,0.6679322224565845,0.20063239999581128,,nn5/trials=25
lkh_compare,pcb1173,1173,LKH,0.3480278422273782,0.5439388999948278,,nn5/trials=100
lkh_compare,pcb1173,1173,LKH,0.28826548548126274,4.616205900005298,,nn5/trials=1000
lkh_compare,pcb1173,1173,LKH,0.15819447373971737,4.11857439999585,,nn32/trials=1
lkh_compare,pcb1173,1173,LKH,0.008788581874428741,11.295216400001664,,nn32/trials=25
lkh_compare,pcb1173,1173,LKH,0.0,25.85633759998018,,nn32/trials=100
lkh_compare,pcb1173,1173,LKH,0.0,201.82550449998234,,nn32/trials=1000
benchmark/small,pcb1173,1173,construct_fis,21.503902130352245,0.0009488470000178495,1.1736233946567567,
benchmark/large,pcb1173,1173,construct_fis,21.503902130352245,0.0009450249999645166,1.1736233946567567,
benchmark/small,pcb1173,1173,fis_chain_greedy_handwritten,3.5048864515221823,0.01754868699981671,1.0045630520778273,
benchmark/large,pcb1173,1173,fis_chain_greedy_handwritten,3.5048864515221823,0.017533776000163925,1.0043647180736544,
benchmark/small,pcb1173,1173,fis_construct_lk,3.4099697672783518,0.026042949999919074,1.0086753491775193,
benchmark/large,pcb1173,1173,fis_construct_lk,3.4099697672783518,0.027201384999898437,1.0084547624587679,
benchmark/small,pcb1173,1173,fis_effort_greedy_handwritten,3.3027490684103213,0.017397700999481458,1.0060098374959503,
benchmark/large,pcb1173,1173,fis_effort_greedy_handwritten,3.3027490684103213,0.017427717000373377,1.005887548748728,
benchmark/small,pcb1173,1173,fis_effort_nn,4.719468466568235,0.01174069699982283,1.0140412382046813,
benchmark/large,pcb1173,1173,fis_effort_nn,4.557758560078746,0.013540919999741163,1.017924208543351,
benchmark/small,pcb1173,1173,greedy-edge construction,17.654503269352457,0.0023904599997877085,1.1203724763346603,
benchmark/large,pcb1173,1173,greedy-edge construction,17.654503269352457,0.002368539000144665,1.1203724763346603,
lkh_compare,pcb1173,1173,iterated (control),3.5171904661463826,0.013518900028429925,,0 kicks
lkh_compare,pcb1173,1173,iterated (control),3.060184208676088,0.01993370000855066,,100 kicks
lkh_compare,pcb1173,1173,iterated (control),2.158475708359699,0.041137699998216704,,400 kicks
lkh_compare,pcb1173,1173,iterated (control),1.5063629332770865,0.10625780004193075,,1600 kicks
lkh_compare,pcb1173,1173,iterated (control),0.5695001054629825,0.3472903000074439,,6400 kicks
lkh_compare,pcb1173,1173,iterated (control),0.4622794065949518,1.2083127000078093,,25600 kicks
lkh_compare,pcb1173,1173,iterated (control),0.3357238276031779,4.617986600002041,,102400 kicks
lkh_compare,pcb1173,1173,iterated + CHAIN reopt depth,4.044505378612107,0.010796800022944808,,0 kicks
lkh_compare,pcb1173,1173,iterated + CHAIN reopt depth,3.5945299866413554,0.014367499999934807,,100 kicks
lkh_compare,pcb1173,1173,iterated + CHAIN reopt depth,2.909020600435914,0.024512700038030744,,400 kicks
lkh_compare,pcb1173,1173,iterated + CHAIN reopt depth,1.383322787035084,0.061154100025305524,,1600 kicks
lkh_compare,pcb1173,1173,iterated + CHAIN reopt depth,1.0229909301835056,0.19188110003597103,,6400 kicks
lkh_compare,pcb1173,1173,iterated + CHAIN reopt depth,0.8841313365675315,0.6880095000087749,,25600 kicks
lkh_compare,pcb1173,1173,iterated + CHAIN reopt depth,0.6028967165858117,2.760480400029337,,102400 kicks
lkh_compare,pcb1173,1173,iterated + EFFORT-aimed kicks,3.5171904661463826,0.013589900045190006,,0 kicks
lkh_compare,pcb1173,1173,iterated + EFFORT-aimed kicks,3.1656471911692328,0.02291600004537031,,100 kicks
lkh_compare,pcb1173,1173,iterated + EFFORT-aimed kicks,2.103986500738241,0.046609100041678175,,400 kicks
lkh_compare,pcb1173,1173,iterated + EFFORT-aimed kicks,1.8122055825072065,0.12627150004846044,,1600 kicks
lkh_compare,pcb1173,1173,iterated + EFFORT-aimed kicks,0.8981930675666174,0.37621450002188794,,6400 kicks
lkh_compare,pcb1173,1173,iterated + EFFORT-aimed kicks,0.8085495324474443,1.3232122000481468,,25600 kicks
lkh_compare,pcb1173,1173,iterated + EFFORT-aimed kicks,0.5554383744638965,5.173263200034853,,102400 kicks
lkh_compare,pcb1173,1173,iterated + both,4.044505378612107,0.010966300033032894,,0 kicks
lkh_compare,pcb1173,1173,iterated + both,3.6085917176404414,0.014652600046247244,,100 kicks
lkh_compare,pcb1173,1173,iterated + both,2.8879280039372848,0.024560900026699528,,400 kicks
lkh_compare,pcb1173,1173,iterated + both,2.3289741967236166,0.06369390003965236,,1600 kicks
lkh_compare,pcb1173,1173,iterated + both,1.886029670252408,0.20354390001739375,,6400 kicks
lkh_compare,pcb1173,1173,iterated + both,0.9544399915629614,0.7510429000249133,,25600 kicks
lkh_compare,pcb1173,1173,iterated + both,0.8103072488223301,2.7762183000158984,,102400 kicks
benchmark/small,pcb1173,1173,lk_16_4_8,3.536525346270126,0.01380493699980434,1.003941395819218,
benchmark/large,pcb1173,1173,lk_16_4_8,3.536525346270126,0.01412395999977889,1.0037598898757132,
benchmark/small,pcb1173,1173,lk_24_4_8,4.719468466568235,0.0154025100000581,1.0072554797351712,
benchmark/large,pcb1173,1173,lk_24_4_8,4.719468466568235,0.015609264999966399,1.0069127845632717,
benchmark/small,pcb1173,1173,lk_32_10_12,2.933628629684314,0.021582928999578144,1.0070875108104045,
benchmark/large,pcb1173,1173,lk_32_10_12,2.933628629684314,0.021500844000001962,1.0068941726003224,
benchmark/small,pcb1173,1173,lk_32_4_8,3.5505870772692116,0.014597384999433416,1.0061838313126712,
benchmark/large,pcb1173,1173,lk_32_4_8,3.5505870772692116,0.014549194000210264,1.0061319801967652,
benchmark/small,pcb1173,1173,lk_32_6_8,3.5998031357660127,0.016975338000065676,1.0069138830927027,
benchmark/large,pcb1173,1173,lk_32_6_8,3.5998031357660127,0.01704638499995781,1.006694767203914,
benchmark/small,pcb1173,1173,lk_64_10_32,2.933628629684314,0.031414729000061925,1.0070109860831091,
benchmark/large,pcb1173,1173,lk_64_10_32,2.933628629684314,0.031157390999851486,1.0070117536630354,
benchmark/small,pcb1173,1173,nearest-neighbour construction,23.4584827392252,3.9805000142223435e-05,1.1752690128617187,
benchmark/large,pcb1173,1173,nearest-neighbour construction,23.4584827392252,6.061199974283227e-05,1.1752690128617187,
benchmark/small,rl1323,1323,FIS deferred verification,3.1499006287958133,0.021053738000318845,1.0059237791432494,
benchmark/large,rl1323,1323,FIS deferred verification,4.148794036987554,0.026682547999826056,1.007694386146369,
benchmark/small,rl1323,1323,FIS effort,3.1151114548906547,0.02070201500055191,1.0044825042296526,
benchmark/large,rl1323,1323,FIS effort,2.8604843097124713,0.022378478999598883,1.0052625047581623,
benchmark/small,rl1323,1323,FIS effort+chain,3.3593758674162375,0.01691020300040691,1.007029461345093,
benchmark/large,rl1323,1323,FIS effort+chain,4.538876901839015,0.019783333999384922,1.0080664026511228,
benchmark/small,rl1323,1323,FIS full (fuzzy construction),3.965225629998631,0.01740782200022295,1.0182851645016107,
benchmark/large,rl1323,1323,FIS full (fuzzy construction),3.783877808578122,0.020820856999762327,1.0132779122445035,
lkh_compare,rl1323,1323,FIS local search,3.3593758674162375,0.012799699994502589,,
benchmark/small,rl1323,1323,LK k32/d10/b32,2.7427932745865085,0.029149595000035333,1.0079053264240385,
benchmark/large,rl1323,1323,LK k32/d10/b32,2.7427932745865085,0.029037998000148946,1.0078036414983984,
lkh_compare,rl1323,1323,LK k32/d10/b32,2.7427932745865085,0.018652299972018227,,
benchmark/small,rl1323,1323,LK k32/d2/b4,5.388620979352255,0.01718564000020706,1.003949071971721,
benchmark/large,rl1323,1323,LK k32/d2/b4,5.388620979352255,0.01678813399939827,1.0040697080289724,
lkh_compare,rl1323,1323,LK k32/d2/b4,5.388620979352255,0.012600899994140491,,
benchmark/small,rl1323,1323,LK k32/d3/b8,3.198013316111459,0.01889582599960704,1.0047638345010088,
benchmark/large,rl1323,1323,LK k32/d3/b8,3.198013316111459,0.01855984299982083,1.0050733415359843,
lkh_compare,rl1323,1323,LK k32/d3/b8,3.198013316111459,0.013579399965237826,,
benchmark/small,rl1323,1323,LK k32/d6/b32,2.901195045133402,0.020495523000136018,1.0035207428679007,
benchmark/large,rl1323,1323,LK k32/d6/b32,2.901195045133402,0.02018153600010919,1.003402438675091,
lkh_compare,rl1323,1323,LK k32/d6/b32,2.901195045133402,0.014286699995864183,,
lkh_compare,rl1323,1323,LK k32/d6/b8,3.707637704062561,0.015422699972987175,,
benchmark/small,rl1323,1323,LK k48/d10/b32,2.6225115562973955,0.03327634800052692,1.0056517538491074,
benchmark/large,rl1323,1323,LK k48/d10/b32,2.6225115562973955,0.033504381000511785,1.0055846963209243,
lkh_compare,rl1323,1323,LK k48/d10/b32,2.6225115562973955,0.02076459999079816,,
lkh_compare,rl1323,1323,LKH,8.967094622852047,0.07889809997868724,,nn/trials=1
lkh_compare,rl1323,1323,LKH,6.7528007135481625,0.10815960000036284,,nn/trials=5
lkh_compare,rl1323,1323,LKH,2.2350193746090845,0.24635050000506453,,nn/trials=25
lkh_compare,rl1323,1323,LKH,1.4892727212165848,0.5232683999929577,,nn/trials=100
lkh_compare,rl1323,1323,LKH,0.22205855684143908,2.9072445999772754,,nn/trials=1000
lkh_compare,rl1323,1323,LKH,0.19726201799414506,0.9701297999999952,,alpha/trials=1
lkh_compare,rl1323,1323,LKH,0.04848278491038087,1.0816499999782536,,alpha/trials=25
lkh_compare,rl1323,1323,LKH,0.04848278491038087,1.3067423999891616,,alpha/trials=100
lkh_compare,rl1323,1323,LKH,0.0,4.609494400006952,,runs=1 (elkai default)
lkh_compare,rl1323,1323,LKH,0.0,8.545071100001223,,runs=2
lkh_compare,rl1323,1323,LKH,0.0,18.979919600009453,,runs=5
lkh_compare,rl1323,1323,LKH,8.967094622852047,0.08119540000916459,,nn5/trials=1
lkh_compare,rl1323,1323,LKH,2.2350193746090845,0.2549330000183545,,nn5/trials=25
lkh_compare,rl1323,1323,LKH,1.4892727212165848,0.52281579998089,,nn5/trials=100
lkh_compare,rl1323,1323,LKH,0.22205855684143908,2.9388904999941587,,nn5/trials=1000
lkh_compare,rl1323,1323,LKH,0.11436015677334113,48.62965380001697,,nn32/trials=1
lkh_compare,rl1323,1323,LKH,0.00999263505786476,99.12906040000962,,nn32/trials=25
lkh_compare,rl1323,1323,LKH,0.00999263505786476,113.27618289997918,,nn32/trials=100
lkh_compare,rl1323,1323,LKH,0.005551463921035977,418.153181200003,,nn32/trials=1000
benchmark/small,rl1323,1323,construct_fis,29.23622959374387,0.001007179000225733,1.1736233946567567,
benchmark/large,rl1323,1323,construct_fis,29.23622959374387,0.0009826049999901443,1.1736233946567567,
benchmark/small,rl1323,1323,fis_chain_greedy_handwritten,3.837541959814803,0.022010409000358777,1.0045630520778273,
benchmark/large,rl1323,1323,fis_chain_greedy_handwritten,3.837541959814803,0.021680812999420596,1.0043647180736544,
benchmark/small,rl1323,1323,fis_construct_lk,5.9500590305663605,0.035409477000030165,1.0086753491775193,
benchmark/large,rl1323,1323,fis_construct_lk,5.9500590305663605,0.035722993000035785,1.0084547624587679,
benchmark/small,rl1323,1323,fis_effort_greedy_handwritten,3.1151114548906547,0.022867743000460905,1.0060098374959503,
benchmark/large,rl1323,1323,fis_effort_greedy_handwritten,3.1151114548906547,0.02281701999982033,1.005887548748728,
benchmark/small,rl1323,1323,fis_effort_nn,4.619188079896669,0.01671706200022527,1.0140412382046813,
benchmark/large,rl1323,1323,fis_effort_nn,6.96893770887383,0.017874853999728657,1.017924208543351,
benchmark/small,rl1323,1323,greedy-edge construction,14.63069811509295,0.002886185000079422,1.1203724763346603,
benchmark/large,rl1323,1323,greedy-edge construction,14.63069811509295,0.0028905199997097952,1.1203724763346603,
lkh_compare,rl1323,1323,iterated (control),2.901195045133402,0.014622099988628179,,0 kicks
lkh_compare,rl1323,1323,iterated (control),2.8630749928756214,0.02151259998208843,,100 kicks
lkh_compare,rl1323,1323,iterated (control),1.4552237425008976,0.04795459998422302,,400 kicks
lkh_compare,rl1323,1323,iterated (control),1.0181384831179983,0.14396799996029586,,1600 kicks
lkh_compare,rl1323,1323,iterated (control),0.8871239345815491,0.4921185999701265,,6400 kicks
lkh_compare,rl1323,1323,iterated (control),0.6695065488769388,1.9004675999749452,,25600 kicks
lkh_compare,rl1323,1323,iterated (control),0.5732811742456486,7.566893799987156,,102400 kicks
lkh_compare,rl1323,1323,iterated + CHAIN reopt depth,3.0088934452014997,0.012786399980541319,,0 kicks
lkh_compare,rl1323,1323,iterated + CHAIN reopt depth,2.8549328457914354,0.016670099983457476,,100 kicks
lkh_compare,rl1323,1323,iterated + CHAIN reopt depth,2.636205167302618,0.02995229998487048,,400 kicks
lkh_compare,rl1323,1323,iterated + CHAIN reopt depth,1.0329423869074275,0.07752479999908246,,1600 kicks
lkh_compare,rl1323,1323,iterated + CHAIN reopt depth,0.9178420349446149,0.2823278999712784,,6400 kicks
lkh_compare,rl1323,1323,iterated + CHAIN reopt depth,0.8867538369868134,1.0934199999610428,,25600 kicks
lkh_compare,rl1323,1323,iterated + CHAIN reopt depth,0.525908682119475,3.966465799981961,,102400 kicks
lkh_compare,rl1323,1323,iterated + EFFORT-aimed kicks,2.901195045133402,0.015096199960680678,,0 kicks
lkh_compare,rl1323,1323,iterated + EFFORT-aimed kicks,2.548492037350249,0.023684499959927052,,100 kicks
lkh_compare,rl1323,1323,iterated + EFFORT-aimed kicks,1.2242828433858008,0.05287849996238947,,400 kicks
lkh_compare,rl1323,1323,iterated + EFFORT-aimed kicks,1.037753655638992,0.15089829996577464,,1600 kicks
lkh_compare,rl1323,1323,iterated + EFFORT-aimed kicks,1.037753655638992,0.544082399981562,,6400 kicks
lkh_compare,rl1323,1323,iterated + EFFORT-aimed kicks,0.8108838300659884,2.047452099970542,,25600 kicks
lkh_compare,rl1323,1323,iterated + EFFORT-aimed kicks,0.8108838300659884,8.169206999969902,,102400 kicks
lkh_compare,rl1323,1323,iterated + both,3.0088934452014997,0.012979999970411882,,0 kicks
lkh_compare,rl1323,1323,iterated + both,2.9663322218068906,0.017505899973912165,,100 kicks
lkh_compare,rl1323,1323,iterated + both,2.725398687633929,0.028601699974387884,,400 kicks
lkh_compare,rl1323,1323,iterated + both,1.0248002398232414,0.08255069996812381,,1600 kicks
lkh_compare,rl1323,1323,iterated + both,1.0248002398232414,0.27898569995886646,,6400 kicks
lkh_compare,rl1323,1323,iterated + both,0.8660283716816124,1.048347899952205,,25600 kicks
lkh_compare,rl1323,1323,iterated + both,0.6184330808034079,3.9272406999662053,,102400 kicks
benchmark/small,rl1323,1323,lk_16_4_8,6.577744551238162,0.01474937399962073,1.003941395819218,
benchmark/large,rl1323,1323,lk_16_4_8,6.577744551238162,0.014708927999890875,1.0037598898757132,
benchmark/small,rl1323,1323,lk_24_4_8,3.183949607511501,0.016425522000645287,1.0072554797351712,
benchmark/large,rl1323,1323,lk_24_4_8,3.183949607511501,0.016277086000172858,1.0069127845632717,
benchmark/small,rl1323,1323,lk_32_10_12,2.717256540549743,0.027740517999973235,1.0070875108104045,
benchmark/large,rl1323,1323,lk_32_10_12,2.717256540549743,0.028011162999519,1.0068941726003224,
benchmark/small,rl1323,1323,lk_32_4_8,2.7949770354442465,0.02107104800052184,1.0061838313126712,
benchmark/large,rl1323,1323,lk_32_4_8,2.7949770354442465,0.021037920999333437,1.0061319801967652,
benchmark/small,rl1323,1323,lk_32_6_8,3.707637704062561,0.022565919000044232,1.0069138830927027,
benchmark/large,rl1323,1323,lk_32_6_8,3.707637704062561,0.022635231999629468,1.006694767203914,
benchmark/small,rl1323,1323,lk_64_10_32,2.988538077491034,0.043005457000163005,1.0070109860831091,
benchmark/large,rl1323,1323,lk_64_10_32,2.988538077491034,0.044665277999683894,1.0070117536630354,
benchmark/small,rl1323,1323,nearest-neighbour construction,22.91052150452074,3.801200000452809e-05,1.1752690128617187,
benchmark/large,rl1323,1323,nearest-neighbour construction,22.91052150452074,3.9088999983505346e-05,1.1752690128617187,
benchmark/small,fl1577,1577,FIS deferred verification,8.566677154029394,0.024500450999767054,1.0059237791432494,
benchmark/large,fl1577,1577,FIS deferred verification,8.60712841026563,0.026062660999741638,1.007694386146369,
benchmark/small,fl1577,1577,FIS effort,8.85433053170929,0.02058903899978759,1.0044825042296526,
benchmark/large,fl1577,1577,FIS effort,8.52173131376691,0.022137133999876824,1.0052625047581623,
benchmark/small,fl1577,1577,FIS effort+chain,8.795900939368062,0.018783810999593697,1.007029461345093,
benchmark/large,fl1577,1577,FIS effort+chain,8.926243876129265,0.018806761999712762,1.0080664026511228,
benchmark/small,fl1577,1577,FIS full (fuzzy construction),13.694997527978785,0.019040680999751203,1.0182851645016107,
benchmark/large,fl1577,1577,FIS full (fuzzy construction),11.425232594723358,0.01924862399982885,1.0132779122445035,
lkh_compare,fl1577,1577,FIS local search,8.795900939368062,0.014977100014220923,,
benchmark/small,fl1577,1577,LK k32/d10/b32,8.557687985976898,0.026502498000354535,1.0079053264240385,
benchmark/large,fl1577,1577,LK k32/d10/b32,8.557687985976898,0.0269220359996325,1.0078036414983984,
lkh_compare,fl1577,1577,LK k32/d10/b32,8.557687985976898,0.01902689997223206,,
benchmark/small,fl1577,1577,LK k32/d2/b4,8.921749292103016,0.017416570999557734,1.003949071971721,
benchmark/large,fl1577,1577,LK k32/d2/b4,8.921749292103016,0.01681280799994056,1.0040697080289724,
lkh_compare,fl1577,1577,LK k32/d2/b4,8.921749292103016,0.014127400005236268,,
benchmark/small,fl1577,1577,LK k32/d3/b8,8.557687985976898,0.01778794299934816,1.0047638345010088,
benchmark/large,fl1577,1577,LK k32/d3/b8,8.557687985976898,0.018056422999961796,1.0050733415359843,
lkh_compare,fl1577,1577,LK k32/d3/b8,8.557687985976898,0.014773500006413087,,
benchmark/small,fl1577,1577,LK k32/d6/b32,8.557687985976898,0.022328411999751552,1.0035207428679007,
benchmark/large,fl1577,1577,LK k32/d6/b32,8.557687985976898,0.022658549999960087,1.003402438675091,
lkh_compare,fl1577,1577,LK k32/d6/b32,8.557687985976898,0.016944600007263944,,
lkh_compare,fl1577,1577,LK k32/d6/b8,8.503752977661918,0.015801899979123846,,
benchmark/small,fl1577,1577,LK k48/d10/b32,6.238482628432738,0.03132175099972301,1.0056517538491074,
benchmark/large,fl1577,1577,LK k48/d10/b32,6.238482628432738,0.033368183999755274,1.0055846963209243,
lkh_compare,fl1577,1577,LK k48/d10/b32,6.238482628432738,0.019280800013802946,,
lkh_compare,fl1577,1577,LKH,29.003550721380737,0.32819940001354553,,nn5/trials=1
lkh_compare,fl1577,1577,LKH,23.650501146118927,0.8240547000023071,,nn5/trials=25
lkh_compare,fl1577,1577,LKH,18.283967818778372,3.1781569000158925,,nn5/trials=100
lkh_compare,fl1577,1577,LKH,16.41422086385905,39.86472439998761,,nn5/trials=1000
lkh_compare,fl1577,1577,LKH,3.5866780529462,1.5167978999961633,,alpha/trials=1
lkh_compare,fl1577,1577,LKH,0.08989168052496742,2.603043900016928,,alpha/trials=25
lkh_compare,fl1577,1577,LKH,0.06741876039372556,5.630105899996124,,alpha/trials=100
lkh_compare,fl1577,1577,LKH,0.06292417636747719,94.85507250000956,,runs=1 (elkai default)
lkh_compare,fl1577,1577,LKH,0.06292417636747719,144.85184180000215,,runs=2
lkh_compare,fl1577,1577,LKH,0.05842959234122882,332.745955099992,,runs=5
benchmark/small,fl1577,1577,construct_fis,25.99217942379433,0.0014977350001572631,1.1736233946567567,
benchmark/large,fl1577,1577,construct_fis,25.99217942379433,0.0011126790000162146,1.1736233946567567,
benchmark/small,fl1577,1577,fis_chain_greedy_handwritten,8.899276371971775,0.023501542999383673,1.0045630520778273,
benchmark/large,fl1577,1577,fis_chain_greedy_handwritten,8.899276371971775,0.02334384699952352,1.0043647180736544,
benchmark/small,fl1577,1577,fis_construct_lk,10.67463706233988,0.0338573419999193,1.0086753491775193,
benchmark/large,fl1577,1577,fis_construct_lk,10.67463706233988,0.03392991400005485,1.0084547624587679,
benchmark/small,fl1577,1577,fis_effort_greedy_handwritten,8.899276371971775,0.022137377999570163,1.0060098374959503,
benchmark/large,fl1577,1577,fis_effort_greedy_handwritten,8.899276371971775,0.022210998999980802,1.005887548748728,
benchmark/small,fl1577,1577,fis_effort_nn,13.420827902377635,0.017932543999904738,1.0140412382046813,
benchmark/large,fl1577,1577,fis_effort_nn,13.016315340015282,0.018278821999956563,1.017924208543351,
benchmark/small,fl1577,1577,greedy-edge construction,14.904040631039598,0.0034259469998687564,1.1203724763346603,
benchmark/large,fl1577,1577,greedy-edge construction,14.904040631039598,0.0027682659997481096,1.1203724763346603,
lkh_compare,fl1577,1577,iterated (control),8.557687985976898,0.017116600007284433,,0 kicks
lkh_compare,fl1577,1577,iterated (control),4.7013348914557955,0.1696924999996554,,1600 kicks
lkh_compare,fl1577,1577,iterated (control),4.503573194300867,0.613896199996816,,6400 kicks
lkh_compare,fl1577,1577,iterated (control),4.463121938064632,2.2283420999883674,,25600 kicks
lkh_compare,fl1577,1577,iterated (control),4.458627354038383,8.682032999990042,,102400 kicks
lkh_compare,fl1577,1577,iterated (control),4.458627354038383,35.175681599997915,,409600 kicks
lkh_compare,fl1577,1577,iterated + CHAIN reopt depth,8.63409591442312,0.0155539000115823,,0 kicks
lkh_compare,fl1577,1577,iterated + CHAIN reopt depth,4.6968403074295475,0.11451719998149201,,1600 kicks
lkh_compare,fl1577,1577,iterated + CHAIN reopt depth,4.665378219245809,0.42209159999038093,,6400 kicks
lkh_compare,fl1577,1577,iterated + CHAIN reopt depth,4.521551530405861,1.6003713000100106,,25600 kicks
lkh_compare,fl1577,1577,iterated + CHAIN reopt depth,4.499078610274619,6.399579699995229,,102400 kicks
lkh_compare,fl1577,1577,iterated + CHAIN reopt depth,4.499078610274619,25.64344169999822,,409600 kicks
lkh_compare,fl1577,1577,iterated + EFFORT-aimed kicks,8.557687985976898,0.017521900008432567,,0 kicks
lkh_compare,fl1577,1577,iterated + EFFORT-aimed kicks,5.887905074385365,0.23566490001394413,,1600 kicks
lkh_compare,fl1577,1577,iterated + EFFORT-aimed kicks,2.1843678367567083,0.8400009000033606,,6400 kicks
lkh_compare,fl1577,1577,iterated + EFFORT-aimed kicks,0.8404872129084453,2.9822392000060063,,25600 kicks
lkh_compare,fl1577,1577,iterated + EFFORT-aimed kicks,0.8404872129084453,10.128545300016413,,102400 kicks
lkh_compare,fl1577,1577,iterated + EFFORT-aimed kicks,0.7865522045934649,38.46011469999212,,409600 kicks
lkh_compare,fl1577,1577,iterated + both,8.63409591442312,0.015804800001205876,,0 kicks
lkh_compare,fl1577,1577,iterated + both,5.2766416468155874,0.12988160000531934,,1600 kicks
lkh_compare,fl1577,1577,iterated + both,4.786731987954515,0.45606740002403967,,6400 kicks
lkh_compare,fl1577,1577,iterated + both,4.6968403074295475,1.7511991999926977,,25600 kicks
lkh_compare,fl1577,1577,iterated + both,4.557508202615848,7.057899600011297,,102400 kicks
lkh_compare,fl1577,1577,iterated + both,4.535035282484606,28.319990699994378,,409600 kicks
benchmark/small,fl1577,1577,lk_16_4_8,8.723987594948088,0.013949782000054256,1.003941395819218,
benchmark/large,fl1577,1577,lk_16_4_8,8.723987594948088,0.014900136999585811,1.0037598898757132,
benchmark/small,fl1577,1577,lk_24_4_8,7.75315744527844,0.015780117000304017,1.0072554797351712,
benchmark/large,fl1577,1577,lk_24_4_8,7.75315744527844,0.015256851000231109,1.0069127845632717,
benchmark/small,fl1577,1577,lk_32_10_12,8.575666322081892,0.022846991999813326,1.0070875108104045,
benchmark/large,fl1577,1577,lk_32_10_12,8.575666322081892,0.023483146000216948,1.0068941726003224,
benchmark/small,fl1577,1577,lk_32_4_8,8.503752977661918,0.01870580200011318,1.0061838313126712,
benchmark/large,fl1577,1577,lk_32_4_8,8.503752977661918,0.01881990300034886,1.0061319801967652,
benchmark/small,fl1577,1577,lk_32_6_8,8.503752977661918,0.021473825999692053,1.0069138830927027,
benchmark/large,fl1577,1577,lk_32_6_8,8.503752977661918,0.02035342999988643,1.006694767203914,
benchmark/small,fl1577,1577,lk_64_10_32,9.348734774596611,0.037721052000051714,1.0070109860831091,
benchmark/large,fl1577,1577,lk_64_10_32,9.348734774596611,0.038447963000635355,1.0070117536630354,
benchmark/small,fl1577,1577,nearest-neighbour construction,25.362937660119556,7.474800031559425e-05,1.1752690128617187,
benchmark/large,fl1577,1577,nearest-neighbour construction,25.362937660119556,6.227399990166305e-05,1.1752690128617187,
benchmark/small,d2103,2103,FIS deferred verification,2.8862647607209446,0.03155690199992023,1.0059237791432494,
benchmark/large,d2103,2103,FIS deferred verification,3.547545059042884,0.03852454000025318,1.007694386146369,
benchmark/small,d2103,2103,FIS effort,2.865133623368552,0.03055132999952548,1.0044825042296526,
benchmark/large,d2103,2103,FIS effort,3.021752641392169,0.03235265800049092,1.0052625047581623,
benchmark/small,d2103,2103,FIS effort+chain,2.9919204474829084,0.02628017999995791,1.007029461345093,
benchmark/large,d2103,2103,FIS effort+chain,3.6432566811684275,0.029497199000161345,1.0080664026511228,
benchmark/small,d2103,2103,FIS full (fuzzy construction),1.3362336855189558,0.023385282999697665,1.0182851645016107,
benchmark/large,d2103,2103,FIS full (fuzzy construction),1.454319453076445,0.02268184900003689,1.0132779122445035,
lkh_compare,d2103,2103,FIS local search,2.9919204474829084,0.017304199980571866,,
benchmark/small,d2103,2103,LK k32/d10/b32,2.136730888750777,0.03759409899976163,1.0079053264240385,
benchmark/large,d2103,2103,LK k32/d10/b32,2.136730888750777,0.039324620999650506,1.0078036414983984,
lkh_compare,d2103,2103,LK k32/d10/b32,2.136730888750777,0.023143300000810996,,
benchmark/small,d2103,2103,LK k32/d2/b4,2.6140459912989433,0.024512700000286713,1.003949071971721,
benchmark/large,d2103,2103,LK k32/d2/b4,2.6140459912989433,0.02454507199990985,1.0040697080289724,
lkh_compare,d2103,2103,LK k32/d2/b4,2.6140459912989433,0.0164132000063546,,
benchmark/small,d2103,2103,LK k32/d3/b8,2.468614045991299,0.025931356000455708,1.0047638345010088,
benchmark/large,d2103,2103,LK k32/d3/b8,2.468614045991299,0.026895369000158098,1.0050733415359843,
lkh_compare,d2103,2103,LK k32/d3/b8,2.468614045991299,0.01720010000281036,,
benchmark/small,d2103,2103,LK k32/d6/b32,2.136730888750777,0.030924563000553462,1.0035207428679007,
benchmark/large,d2103,2103,LK k32/d6/b32,2.136730888750777,0.03119057400044767,1.003402438675091,
lkh_compare,d2103,2103,LK k32/d6/b32,2.136730888750777,0.01975549999042414,,
lkh_compare,d2103,2103,LK k32/d6/b8,2.5705407085146055,0.019087199994828552,,
benchmark/small,d2103,2103,LK k48/d10/b32,1.9154754505904288,0.06553408500030855,1.0056517538491074,
benchmark/large,d2103,2103,LK k48/d10/b32,1.9154754505904288,0.06736294100028317,1.0055846963209243,
lkh_compare,d2103,2103,LK k48/d10/b32,1.9154754505904288,0.037403700029244646,,
lkh_compare,d2103,2103,LKH,7.231821006836545,0.2674797999789007,,nn5/trials=1
lkh_compare,d2103,2103,LKH,4.565568676196396,1.2243784999882337,,nn5/trials=25
lkh_compare,d2103,2103,LKH,3.1547545059042883,5.400646599999163,,nn5/trials=100
lkh_compare,d2103,2103,LKH,0.41143567433188316,111.37880770000629,,nn5/trials=1000
lkh_compare,d2103,2103,LKH,0.2921068986948415,2.2512030999932904,,alpha/trials=1
lkh_compare,d2103,2103,LKH,0.14170292106898694,2.7792489000130445,,alpha/trials=25
lkh_compare,d2103,2103,LKH,0.14170292106898694,3.6363363999989815,,alpha/trials=100
lkh_compare,d2103,2103,LKH,0.028589185829707892,39.49197919998551,,runs=1 (elkai default)
lkh_compare,d2103,2103,LKH,0.012430080795525171,93.69203109998489,,runs=2
lkh_compare,d2103,2103,LKH,0.0037290242386575512,371.2472272000159,,runs=5
benchmark/small,d2103,2103,construct_fis,7.225605966438782,0.0012124579998271656,1.1736233946567567,
benchmark/large,d2103,2103,construct_fis,7.225605966438782,0.0012507850001384213,1.1736233946567567,
benchmark/small,d2103,2103,fis_chain_greedy_handwritten,2.4188937228091985,0.032095908999963285,1.0045630520778273,
benchmark/large,d2103,2103,fis_chain_greedy_handwritten,2.4188937228091985,0.03169084300043323,1.0043647180736544,
benchmark/small,d2103,2103,fis_construct_lk,1.3871970167806091,0.035685867999745824,1.0086753491775193,
benchmark/large,d2103,2103,fis_construct_lk,1.3871970167806091,0.03501143500034232,1.0084547624587679,
benchmark/small,d2103,2103,fis_effort_greedy_handwritten,2.4188937228091985,0.03141379699991376,1.0060098374959503,
benchmark/large,d2103,2103,fis_effort_greedy_handwritten,2.4188937228091985,0.03231439500041233,1.005887548748728,
benchmark/small,d2103,2103,fis_effort_nn,1.528899937849596,0.022245107000344433,1.0140412382046813,
benchmark/large,d2103,2103,fis_effort_nn,2.2510876320696083,0.021860931000446726,1.017924208543351,
benchmark/small,d2103,2103,greedy-edge construction,12.326911124922312,0.00365479799984314,1.1203724763346603,
benchmark/large,d2103,2103,greedy-edge construction,12.326911124922312,0.003753863000383717,1.1203724763346603,
lkh_compare,d2103,2103,iterated (control),2.136730888750777,0.020757499965839088,,0 kicks
lkh_compare,d2103,2103,iterated (control),1.490366687383468,0.14575060000061058,,1600 kicks
lkh_compare,d2103,2103,iterated (control),1.1385954008701056,0.6534239999891724,,6400 kicks
lkh_compare,d2103,2103,iterated (control),0.290863890615289,2.4054641000111587,,25600 kicks
lkh_compare,d2103,2103,iterated (control),0.2759477936606588,9.145790399983525,,102400 kicks
lkh_compare,d2103,2103,iterated (control),0.1528899937849596,32.566710599989165,,409600 kicks
lkh_compare,d2103,2103,iterated + CHAIN reopt depth,2.993163455562461,0.01832619999186136,,0 kicks
lkh_compare,d2103,2103,iterated + CHAIN reopt depth,1.5811062771908018,0.09403989996644668,,1600 kicks
lkh_compare,d2103,2103,iterated + CHAIN reopt depth,0.7321317588564326,0.32152319999295287,,6400 kicks
lkh_compare,d2103,2103,iterated + CHAIN reopt depth,0.6003729024238658,1.1590150000120047,,25600 kicks
lkh_compare,d2103,2103,iterated + CHAIN reopt depth,0.5954008701056557,4.43307649999042,,102400 kicks
lkh_compare,d2103,2103,iterated + CHAIN reopt depth,0.5954008701056557,17.317628599965246,,409600 kicks
lkh_compare,d2103,2103,iterated + EFFORT-aimed kicks,2.136730888750777,0.02016609997372143,,0 kicks
lkh_compare,d2103,2103,iterated + EFFORT-aimed kicks,1.5114978247358608,0.16553769996971823,,1600 kicks
lkh_compare,d2103,2103,iterated + EFFORT-aimed kicks,0.7022995649471722,0.5875813999737147,,6400 kicks
lkh_compare,d2103,2103,iterated + EFFORT-aimed kicks,0.4151646985705407,2.241375599987805,,25600 kicks
lkh_compare,d2103,2103,iterated + EFFORT-aimed kicks,0.22747047855811062,8.321383499976946,,102400 kicks
lkh_compare,d2103,2103,iterated + EFFORT-aimed kicks,0.0870105655686762,31.675315900007263,,409600 kicks
lkh_compare,d2103,2103,iterated + both,2.993163455562461,0.01861349999671802,,0 kicks
lkh_compare,d2103,2103,iterated + both,1.3722809198259789,0.10201899998355657,,1600 kicks
lkh_compare,d2103,2103,iterated + both,0.7458048477315102,0.3289012999739498,,6400 kicks
lkh_compare,d2103,2103,iterated + both,0.7458048477315102,1.2524427000025753,,25600 kicks
lkh_compare,d2103,2103,iterated + both,0.7458048477315102,4.924216399987927,,102400 kicks
lkh_compare,d2103,2103,iterated + both,0.6003729024238658,19.480220399971586,,409600 kicks
benchmark/small,d2103,2103,lk_16_4_8,3.3238036047234307,0.024741469000218785,1.003941395819218,
benchmark/large,d2103,2103,lk_16_4_8,3.3238036047234307,0.02755664500000421,1.0037598898757132,
benchmark/small,d2103,2103,lk_24_4_8,4.349285270354257,0.029616589999477583,1.0072554797351712,
benchmark/large,d2103,2103,lk_24_4_8,4.349285270354257,0.02843359100006637,1.0069127845632717,
benchmark/small,d2103,2103,lk_32_10_12,1.9105034182722187,0.04069267699969714,1.0070875108104045,
benchmark/large,d2103,2103,lk_32_10_12,1.9105034182722187,0.04071987399993304,1.0068941726003224,
benchmark/small,d2103,2103,lk_32_4_8,2.432566811684276,0.027093534999949043,1.0061838313126712,
benchmark/large,d2103,2103,lk_32_4_8,2.432566811684276,0.02702228699990883,1.0061319801967652,
benchmark/small,d2103,2103,lk_32_6_8,2.5705407085146055,0.030055206999804795,1.0069138830927027,
benchmark/large,d2103,2103,lk_32_6_8,2.5705407085146055,0.029522899000312464,1.006694767203914,
benchmark/small,d2103,2103,lk_64_10_32,3.950279676817899,0.07073911299994506,1.0070109860831091,
benchmark/large,d2103,2103,lk_64_10_32,3.950279676817899,0.07014517599964165,1.0070117536630354,
benchmark/small,d2103,2103,nearest-neighbour construction,8.763206960845245,3.6006000300403684e-05,1.1752690128617187,
benchmark/large,d2103,2103,nearest-neighbour construction,8.763206960845245,3.3648000226094155e-05,1.1752690128617187,
benchmark/small,pr2392,2392,FIS deferred verification,4.318946544207898,0.05403165600000648,1.0059237791432494,
benchmark/large,pr2392,2392,FIS deferred verification,5.074702670673382,0.05228060800027379,1.007694386146369,
benchmark/small,pr2392,2392,FIS effort,4.2157806746518816,0.05480694800053243,1.0044825042296526,
benchmark/large,pr2392,2392,FIS effort,4.185095441655733,0.046141921000071306,1.0052625047581623,
benchmark/small,pr2392,2392,FIS effort+chain,4.664948999026538,0.03842699500046365,1.007029461345093,
benchmark/large,pr2392,2392,FIS effort+chain,5.684439412536505,0.039475966000281915,1.0080664026511228,
benchmark/small,pr2392,2392,FIS full (fuzzy construction),4.480573073178991,0.032863380999970104,1.0182851645016107,
benchmark/large,pr2392,2392,FIS full (fuzzy construction),4.4763406272484865,0.03528436800070267,1.0132779122445035,
lkh_compare,pr2392,2392,FIS local search,4.664948999026538,0.02309989999048412,,
benchmark/small,pr2392,2392,LK k32/d10/b32,4.275299445549583,0.06247441000050458,1.0079053264240385,
benchmark/large,pr2392,2392,LK k32/d10/b32,4.275299445549583,0.05827153400059615,1.0078036414983984,
lkh_compare,pr2392,2392,LK k32/d10/b32,4.275299445549583,0.03325170002062805,,
benchmark/small,pr2392,2392,LK k32/d2/b4,5.31568756084141,0.03355290600029548,1.003949071971721,
benchmark/large,pr2392,2392,LK k32/d2/b4,5.31568756084141,0.03342662100067173,1.0040697080289724,
lkh_compare,pr2392,2392,LK k32/d2/b4,5.31568756084141,0.021784699987620115,,
benchmark/small,pr2392,2392,LK k32/d3/b8,4.106530664070767,0.03662192799993136,1.0047638345010088,
benchmark/large,pr2392,2392,LK k32/d3/b8,4.106530664070767,0.0366080960002364,1.0050733415359843,
lkh_compare,pr2392,2392,LK k32/d3/b8,4.106530664070767,0.023450400010915473,,
benchmark/small,pr2392,2392,LK k32/d6/b32,4.704628179625005,0.04862909000030413,1.0035207428679007,
benchmark/large,pr2392,2392,LK k32/d6/b32,4.704628179625005,0.047006784000586777,1.003402438675091,
lkh_compare,pr2392,2392,LK k32/d6/b32,4.704628179625005,0.02812360000098124,,
lkh_compare,pr2392,2392,LK k32/d6/b8,4.275299445549583,0.029908500000601634,,
benchmark/small,pr2392,2392,LK k48/d10/b32,4.157320015236805,0.06544899199980136,1.0056517538491074,
benchmark/large,pr2392,2392,LK k48/d10/b32,4.157320015236805,0.06758258399986516,1.0055846963209243,
lkh_compare,pr2392,2392,LK k48/d10/b32,4.157320015236805,0.03876650001620874,,
lkh_compare,pr2392,2392,LKH,0.6152918271469082,0.15157789998920634,,nn/trials=1
lkh_compare,pr2392,2392,LKH,0.285954628179625,0.24253150000004098,,nn/trials=5
lkh_compare,pr2392,2392,LKH,0.19125365048461507,0.4998922999948263,,nn/trials=25
lkh_compare,pr2392,2392,LKH,0.16347822406568757,1.354934000002686,,nn/trials=100
lkh_compare,pr2392,2392,LKH,0.0,11.257899499993073,,nn/trials=1000
lkh_compare,pr2392,2392,LKH,0.25976636898463623,3.078265799995279,,alpha/trials=1
lkh_compare,pr2392,2392,LKH,0.15898125026452786,3.594880699994974,,alpha/trials=25
lkh_compare,pr2392,2392,LKH,0.007935836119693571,4.273492199979955,,alpha/trials=100
lkh_compare,pr2392,2392,LKH,0.0,22.12389190000249,,runs=1 (elkai default)
lkh_compare,pr2392,2392,LKH,0.0,38.53829510000651,,runs=2
lkh_compare,pr2392,2392,LKH,0.0,89.54310569999507,,runs=5
lkh_compare,pr2392,2392,LKH,0.6152918271469082,0.15176639999845065,,nn5/trials=1
lkh_compare,pr2392,2392,LKH,0.19125365048461507,0.4956716999877244,,nn5/trials=25
lkh_compare,pr2392,2392,LKH,0.16347822406568757,1.3702205000154208,,nn5/trials=100
lkh_compare,pr2392,2392,LKH,0.0,11.376247099979082,,nn5/trials=1000
lkh_compare,pr2392,2392,LKH,0.01878147881660812,20.7301394000242,,nn32/trials=1
lkh_compare,pr2392,2392,LKH,0.01878147881660812,183.31248230001074,,nn32/trials=25
lkh_compare,pr2392,2392,LKH,0.005819613154441952,288.5603446000023,,nn32/trials=100
lkh_compare,pr2392,2392,LKH,0.0,598.5770148999873,,nn32/trials=1000
benchmark/small,pr2392,2392,construct_fis,22.08807719981377,0.0022375839998858282,1.1736233946567567,
benchmark/large,pr2392,2392,construct_fis,22.08807719981377,0.002116305000072316,1.1736233946567567,
benchmark/small,pr2392,2392,fis_chain_greedy_handwritten,4.824723832903035,0.06789727700015646,1.0045630520778273,
benchmark/large,pr2392,2392,fis_chain_greedy_handwritten,4.824723832903035,0.050871528000243416,1.0043647180736544,
benchmark/small,pr2392,2392,fis_construct_lk,4.197263723705929,0.0797470960001192,1.0086753491775193,
benchmark/large,pr2392,2392,fis_construct_lk,4.197263723705929,0.05680647100052738,1.0084547624587679,
benchmark/small,pr2392,2392,fis_effort_greedy_handwritten,5.010422398103864,0.06803151599979174,1.0060098374959503,
benchmark/large,pr2392,2392,fis_effort_greedy_handwritten,5.010422398103864,0.05113943900050799,1.005887548748728,
benchmark/small,pr2392,2392,fis_effort_nn,5.356953908663817,0.03401770100072099,1.0140412382046813,
benchmark/large,pr2392,2392,fis_effort_nn,4.049921699750286,0.03132243100026244,1.017924208543351,
benchmark/small,pr2392,2392,greedy-edge construction,21.786779955136073,0.0061273040000742185,1.1203724763346603,
benchmark/large,pr2392,2392,greedy-edge construction,21.786779955136073,0.006089042999974481,1.1203724763346603,
lkh_compare,pr2392,2392,iterated (control),4.704628179625005,0.02871630000299774,,0 kicks
lkh_compare,pr2392,2392,iterated (control),4.3282050196808735,0.03772880000178702,,100 kicks
lkh_compare,pr2392,2392,iterated (control),3.55446099801075,0.06503739999607205,,400 kicks
lkh_compare,pr2392,2392,iterated (control),1.6120328437804208,0.14668039997923188,,1600 kicks
lkh_compare,pr2392,2392,iterated (control),1.3850679307571845,0.4402237000176683,,6400 kicks
lkh_compare,pr2392,2392,iterated (control),1.2033372836162017,1.539945099997567,,25600 kicks
lkh_compare,pr2392,2392,iterated (control),1.160748296440513,5.791122400027234,,102400 kicks
lkh_compare,pr2392,2392,iterated + CHAIN reopt depth,3.872952554281119,0.022312499990221113,,0 kicks
lkh_compare,pr2392,2392,iterated + CHAIN reopt depth,3.648897447835104,0.026089100021636114,,100 kicks
lkh_compare,pr2392,2392,iterated + CHAIN reopt depth,2.973557794049181,0.03811480003059842,,400 kicks
lkh_compare,pr2392,2392,iterated + CHAIN reopt depth,2.2072205527574384,0.08128139999462292,,1600 kicks
lkh_compare,pr2392,2392,iterated + CHAIN reopt depth,1.784769543319084,0.2472276000189595,,6400 kicks
lkh_compare,pr2392,2392,iterated + CHAIN reopt depth,1.319729546705041,0.8947821000183467,,25600 kicks
lkh_compare,pr2392,2392,iterated + CHAIN reopt depth,1.1184238371354807,3.267749199992977,,102400 kicks
lkh_compare,pr2392,2392,iterated + EFFORT-aimed kicks,4.704628179625005,0.028921700024511665,,0 kicks
lkh_compare,pr2392,2392,iterated + EFFORT-aimed kicks,3.7047128285436153,0.03978430002462119,,100 kicks
lkh_compare,pr2392,2392,iterated + EFFORT-aimed kicks,3.018527532060778,0.0627791000297293,,400 kicks
lkh_compare,pr2392,2392,iterated + EFFORT-aimed kicks,2.156166673720743,0.15054140001302585,,1600 kicks
lkh_compare,pr2392,2392,iterated + EFFORT-aimed kicks,1.3951199898421298,0.45626350000384264,,6400 kicks
lkh_compare,pr2392,2392,iterated + EFFORT-aimed kicks,1.1797943031277776,1.5959440000297036,,25600 kicks
lkh_compare,pr2392,2392,iterated + EFFORT-aimed kicks,0.9880115969018496,5.9819898000278044,,102400 kicks
lkh_compare,pr2392,2392,iterated + both,3.872952554281119,0.02252210001461208,,0 kicks
lkh_compare,pr2392,2392,iterated + both,3.4568502137385195,0.026633700006641448,,100 kicks
lkh_compare,pr2392,2392,iterated + both,2.9225039150124856,0.03698580001946539,,400 kicks
lkh_compare,pr2392,2392,iterated + both,2.2347314513057097,0.07845180001459084,,1600 kicks
lkh_compare,pr2392,2392,iterated + both,1.8725927963770264,0.2481401000113692,,6400 kicks
lkh_compare,pr2392,2392,iterated + both,1.2237059296567487,0.8533451000112109,,25600 kicks
lkh_compare,pr2392,2392,iterated + both,1.1044038599906887,3.4154019000125118,,102400 kicks
benchmark/small,pr2392,2392,lk_16_4_8,4.80197443602658,0.029022230000464333,1.003941395819218,
benchmark/large,pr2392,2392,lk_16_4_8,4.80197443602658,0.02755980800020552,1.0037598898757132,
benchmark/small,pr2392,2392,lk_24_4_8,7.0845854319211075,0.03292377800016766,1.0072554797351712,
benchmark/large,pr2392,2392,lk_24_4_8,7.0845854319211075,0.034015805999842996,1.0069127845632717,
benchmark/small,pr2392,2392,lk_32_10_12,4.371323062597876,0.06010810100042363,1.0070875108104045,
benchmark/large,pr2392,2392,lk_32_10_12,4.371323062597876,0.0590638769999714,1.0068941726003224,
benchmark/small,pr2392,2392,lk_32_4_8,4.107853303424049,0.041561247000117874,1.0061838313126712,
benchmark/large,pr2392,2392,lk_32_4_8,4.107853303424049,0.039072304000455915,1.0061319801967652,
benchmark/small,pr2392,2392,lk_32_6_8,4.275299445549583,0.05306938000012451,1.0069138830927027,
benchmark/large,pr2392,2392,lk_32_6_8,4.275299445549583,0.048023391000242555,1.006694767203914,
benchmark/small,pr2392,2392,lk_64_10_32,4.084310322935624,0.09228234299962423,1.0070109860831091,
benchmark/large,pr2392,2392,lk_64_10_32,4.084310322935624,0.07588445799956389,1.0070117536630354,
benchmark/small,pr2392,2392,nearest-neighbour construction,21.991789054894824,0.00017975700029637665,1.1752690128617187,
benchmark/large,pr2392,2392,nearest-neighbour construction,21.991789054894824,0.00016442199967059423,1.1752690128617187,
benchmark/small,pcb3038,3038,FIS deferred verification,3.6080003485990675,0.057252149999840185,1.0059237791432494,
benchmark/large,pcb3038,3038,FIS deferred verification,3.6145365811146455,0.053991230000065116,1.007694386146369,
benchmark/small,pcb3038,3038,FIS effort,3.393030923642279,0.058109773000069254,1.0044825042296526,
benchmark/large,pcb3038,3038,FIS effort,3.098900460441268,0.058809694000046875,1.0052625047581623,
benchmark/small,pcb3038,3038,FIS effort+chain,3.7343675105669094,0.04626262900001166,1.007029461345093,
benchmark/large,pcb3038,3038,FIS effort+chain,3.8128023007538454,0.04213349800011201,1.0080664026511228,
benchmark/small,pcb3038,3038,FIS full (fuzzy construction),4.586982729821198,0.044665693999832,1.0182851645016107,
benchmark/large,pcb3038,3038,FIS full (fuzzy construction),3.8222435254985694,0.03896140500000911,1.0132779122445035,
lkh_compare,pcb3038,3038,FIS local search,3.7343675105669094,0.024328700004843995,,
benchmark/small,pcb3038,3038,LK k32/d10/b32,2.9434833761819688,0.09499168899947108,1.0079053264240385,
benchmark/large,pcb3038,3038,LK k32/d10/b32,2.9434833761819688,0.07483423499979835,1.0078036414983984,
lkh_compare,pcb3038,3038,LK k32/d10/b32,2.9434833761819688,0.042395399999804795,,
benchmark/small,pcb3038,3038,LK k32/d2/b4,3.59928537191163,0.04427528299993355,1.003949071971721,
benchmark/large,pcb3038,3038,LK k32/d2/b4,3.59928537191163,0.03501379899989843,1.0040697080289724,
lkh_compare,pcb3038,3038,LK k32/d2/b4,3.59928537191163,0.02290280000306666,,
benchmark/small,pcb3038,3038,LK k32/d3/b8,3.2877249553357446,0.05164260600031412,1.0047638345010088,
benchmark/large,pcb3038,3038,LK k32/d3/b8,3.2877249553357446,0.03933341999982076,1.0050733415359843,
lkh_compare,pcb3038,3038,LK k32/d3/b8,3.2877249553357446,0.026104799995664507,,
benchmark/small,pcb3038,3038,LK k32/d6/b32,3.2811887228201666,0.06864274800000203,1.0035207428679007,
benchmark/large,pcb3038,3038,LK k32/d6/b32,3.2811887228201666,0.057388107999940985,1.003402438675091,
lkh_compare,pcb3038,3038,LK k32/d6/b32,3.2811887228201666,0.03359639999689534,,
lkh_compare,pcb3038,3038,LK k32/d6/b8,3.3530872804915246,0.03303230000892654,,
benchmark/small,pcb3038,3038,LK k48/d10/b32,2.8468923845628713,0.11823253800048406,1.0056517538491074,
benchmark/large,pcb3038,3038,LK k48/d10/b32,2.8468923845628713,0.09103043400000388,1.0055846963209243,
lkh_compare,pcb3038,3038,LK k48/d10/b32,2.8468923845628713,0.052166600013151765,,
lkh_compare,pcb3038,3038,LKH,0.5483172832512673,0.29036730001098476,,nn/trials=1
lkh_compare,pcb3038,3038,LKH,0.3391578427527706,0.423013899999205,,nn/trials=5
lkh_compare,pcb3038,3038,LKH,0.1742995337487472,1.0225610999914352,,nn/trials=25
lkh_compare,pcb3038,3038,LKH,0.05809984458291574,2.5282345000014175,,nn/trials=100
lkh_compare,pcb3038,3038,LKH,0.05156361206733772,24.184957299992675,,nn/trials=1000
lkh_compare,pcb3038,3038,LKH,0.258544308393975,4.856448700011242,,alpha/trials=1
lkh_compare,pcb3038,3038,LKH,0.08279227853065493,5.662456300022313,,alpha/trials=25
lkh_compare,pcb3038,3038,LKH,0.026144930062312083,7.078901400003815,,alpha/trials=100
lkh_compare,pcb3038,3038,LKH,0.0,71.46520219999366,,runs=1 (elkai default)
lkh_compare,pcb3038,3038,LKH,0.0,145.1213098000153,,runs=2
lkh_compare,pcb3038,3038,LKH,0.0,318.4796042999951,,runs=5
lkh_compare,pcb3038,3038,LKH,0.5483172832512673,0.28338360000634566,,nn5/trials=1
lkh_compare,pcb3038,3038,LKH,0.1742995337487472,1.0261314999952447,,nn5/trials=25
lkh_compare,pcb3038,3038,LKH,0.05809984458291574,2.5076702999940608,,nn5/trials=100
lkh_compare,pcb3038,3038,LKH,0.05156361206733772,24.101216800016118,,nn5/trials=1000
lkh_compare,pcb3038,3038,LKH,0.18083576626432524,51.715264300000854,,nn32/trials=1
lkh_compare,pcb3038,3038,LKH,0.05301610818191061,116.2853352999955,,nn32/trials=25
lkh_compare,pcb3038,3038,LKH,0.034133658692463,193.11012110000593,,nn32/trials=100
benchmark/small,pcb3038,3038,construct_fis,23.25373654625474,0.003295908999916719,1.1736233946567567,
benchmark/large,pcb3038,3038,construct_fis,23.25373654625474,0.0030015239999556798,1.1736233946567567,
benchmark/small,pcb3038,3038,fis_chain_greedy_handwritten,3.1453803361076007,0.058767154999713966,1.0045630520778273,
benchmark/large,pcb3038,3038,fis_chain_greedy_handwritten,3.1453803361076007,0.04497257900038676,1.0043647180736544,
benchmark/small,pcb3038,3038,fis_construct_lk,2.779351315235232,0.08320004100005463,1.0086753491775193,
benchmark/large,pcb3038,3038,fis_construct_lk,2.779351315235232,0.06344011200008026,1.0084547624587679,
benchmark/small,pcb3038,3038,fis_effort_greedy_handwritten,3.281914970877453,0.06005059100016297,1.0060098374959503,
benchmark/large,pcb3038,3038,fis_effort_greedy_handwritten,3.281914970877453,0.048215931999948225,1.005887548748728,
benchmark/small,pcb3038,3038,fis_effort_nn,4.857873255189042,0.04257313799962503,1.0140412382046813,
benchmark/large,pcb3038,3038,fis_effort_nn,4.250729879297573,0.04174595099993894,1.017924208543351,
benchmark/small,pcb3038,3038,greedy-edge construction,18.621726436881783,0.007984506999946461,1.1203724763346603,
benchmark/large,pcb3038,3038,greedy-edge construction,18.621726436881783,0.007056108000142558,1.1203724763346603,
lkh_compare,pcb3038,3038,iterated (control),3.2811887228201666,0.034625900007085875,,0 kicks
lkh_compare,pcb3038,3038,iterated (control),3.0226444144261913,0.04503370000747964,,100 kicks
lkh_compare,pcb3038,3038,iterated (control),2.391534852644269,0.0673409000155516,,400 kicks
lkh_compare,pcb3038,3038,iterated (control),1.8018214301276745,0.15699869999662042,,1600 kicks
lkh_compare,pcb3038,3038,iterated (control),1.1452931863407265,0.4854114000045229,,6400 kicks
lkh_compare,pcb3038,3038,iterated (control),0.9666361642482606,1.7346893999783788,,25600 kicks
lkh_compare,pcb3038,3038,iterated (control),0.7262480572864468,6.299117699993076,,102400 kicks
lkh_compare,pcb3038,3038,iterated + CHAIN reopt depth,3.3058811567679056,0.024686900025699288,,0 kicks
lkh_compare,pcb3038,3038,iterated + CHAIN reopt depth,3.1533690647377517,0.02900539999245666,,100 kicks
lkh_compare,pcb3038,3038,iterated + CHAIN reopt depth,2.599241797028193,0.039213000010931864,,400 kicks
lkh_compare,pcb3038,3038,iterated + CHAIN reopt depth,1.8933286853457667,0.08084609999787062,,1600 kicks
lkh_compare,pcb3038,3038,iterated + CHAIN reopt depth,1.4161837117085712,0.2502772999869194,,6400 kicks
lkh_compare,pcb3038,3038,iterated + CHAIN reopt depth,1.1503769227417318,0.8460173000057694,,25600 kicks
lkh_compare,pcb3038,3038,iterated + CHAIN reopt depth,0.9012738390924804,3.3822857000050135,,102400 kicks
lkh_compare,pcb3038,3038,iterated + EFFORT-aimed kicks,3.2811887228201666,0.03697670003748499,,0 kicks
lkh_compare,pcb3038,3038,iterated + EFFORT-aimed kicks,2.872311066567897,0.04552260003401898,,100 kicks
lkh_compare,pcb3038,3038,iterated + EFFORT-aimed kicks,2.0414832890322017,0.07323470001574606,,400 kicks
lkh_compare,pcb3038,3038,iterated + EFFORT-aimed kicks,1.6340581288945053,0.16813480001292191,,1600 kicks
lkh_compare,pcb3038,3038,iterated + EFFORT-aimed kicks,1.3195927200894737,0.528352100023767,,6400 kicks
lkh_compare,pcb3038,3038,iterated + EFFORT-aimed kicks,0.941217482243235,1.9037887000013143,,25600 kicks
lkh_compare,pcb3038,3038,iterated + EFFORT-aimed kicks,0.7611079640361962,7.518176000012318,,102400 kicks
lkh_compare,pcb3038,3038,iterated + both,3.3058811567679056,0.024379000009503216,,0 kicks
lkh_compare,pcb3038,3038,iterated + both,2.9173384461196568,0.029816300026141107,,100 kicks
lkh_compare,pcb3038,3038,iterated + both,2.4503609452844715,0.04219030003878288,,400 kicks
lkh_compare,pcb3038,3038,iterated + both,1.669644283701541,0.08749090001219884,,1600 kicks
lkh_compare,pcb3038,3038,iterated + both,1.3537263787819367,0.2545222000335343,,6400 kicks
lkh_compare,pcb3038,3038,iterated + both,1.0537859311226343,0.9175830000312999,,25600 kicks
lkh_compare,pcb3038,3038,iterated + both,0.8119453280462475,3.437701199989533,,102400 kicks
benchmark/small,pcb3038,3038,lk_16_4_8,3.4228070939910236,0.06020546999934595,1.003941395819218,
benchmark/large,pcb3038,3038,lk_16_4_8,3.4228070939910236,0.043528591000267625,1.0037598898757132,
benchmark/small,pcb3038,3038,lk_24_4_8,3.3857684430694146,0.06814598700020724,1.0072554797351712,
benchmark/large,pcb3038,3038,lk_24_4_8,3.3857684430694146,0.04794844700018075,1.0069127845632717,
benchmark/small,pcb3038,3038,lk_32_10_12,3.1010792046131277,0.07918456699962917,1.0070875108104045,
benchmark/large,pcb3038,3038,lk_32_10_12,3.1010792046131277,0.06548581600009129,1.0068941726003224,
benchmark/small,pcb3038,3038,lk_32_4_8,3.514314349209116,0.0674848849994305,1.0061838313126712,
benchmark/large,pcb3038,3038,lk_32_4_8,3.514314349209116,0.051229503999820736,1.0061319801967652,
benchmark/small,pcb3038,3038,lk_32_6_8,3.3530872804915246,0.07040154500009521,1.0069138830927027,
benchmark/large,pcb3038,3038,lk_32_6_8,3.3530872804915246,0.053110953999294,1.006694767203914,
benchmark/small,pcb3038,3038,lk_64_10_32,3.23543509521112,0.11785407000024861,1.0070109860831091,
benchmark/large,pcb3038,3038,lk_64_10_32,3.23543509521112,0.09246240500033309,1.0070117536630354,
benchmark/small,pcb3038,3038,nearest-neighbour construction,27.44927157319854,0.0001915919997372839,1.1752690128617187,
benchmark/large,pcb3038,3038,nearest-neighbour construction,27.44927157319854,0.00019243699989601737,1.1752690128617187,
benchmark/small,fl3795,3795,FIS deferred verification,5.063951063533992,0.06938998100076788,1.0059237791432494,
benchmark/large,fl3795,3795,FIS deferred verification,5.077853468650076,0.061563893999846186,1.007694386146369,
benchmark/small,fl3795,3795,FIS effort,5.425413596552204,0.060452301000623265,1.0044825042296526,
benchmark/large,fl3795,3795,FIS effort,5.380230779924927,0.048134707000372146,1.0052625047581623,
benchmark/small,fl3795,3795,FIS effort+chain,5.421937995273182,0.05837413800054492,1.007029461345093,
benchmark/large,fl3795,3795,FIS effort+chain,5.668705686083692,0.04912771099998281,1.0080664026511228,
benchmark/small,fl3795,3795,FIS full (fuzzy construction),16.9609342416238,0.07664186200008771,1.0182851645016107,
benchmark/large,fl3795,3795,FIS full (fuzzy construction),7.090226609203392,0.06331717700049921,1.0132779122445035,
lkh_compare,fl3795,3795,FIS local search,5.421937995273182,0.028751200006809086,,
benchmark/small,fl3795,3795,LK k32/d10/b32,5.474072014458502,0.08147578900070584,1.0079053264240385,
benchmark/large,fl3795,3795,LK k32/d10/b32,5.474072014458502,0.06194598499996573,1.0078036414983984,
lkh_compare,fl3795,3795,LK k32/d10/b32,5.474072014458502,0.037698900006944314,,
benchmark/small,fl3795,3795,LK k32/d2/b4,5.602669261782288,0.05119432000037705,1.003949071971721,
benchmark/large,fl3795,3795,LK k32/d2/b4,5.602669261782288,0.03982451800038689,1.0040697080289724,
lkh_compare,fl3795,3795,LK k32/d2/b4,5.602669261782288,0.026371399988420308,,
benchmark/small,fl3795,3795,LK k32/d3/b8,5.626998470735437,0.057963985000696994,1.0047638345010088,
benchmark/large,fl3795,3795,LK k32/d3/b8,5.626998470735437,0.04174533500054167,1.0050733415359843,
lkh_compare,fl3795,3795,LK k32/d3/b8,5.626998470735437,0.027522899996256456,,
benchmark/small,fl3795,3795,LK k32/d6/b32,5.050048658417906,0.06956258700029139,1.0035207428679007,
benchmark/large,fl3795,3795,LK k32/d6/b32,5.050048658417906,0.051291245000356867,1.003402438675091,
lkh_compare,fl3795,3795,LK k32/d6/b32,5.050048658417906,0.03167130000656471,,
lkh_compare,fl3795,3795,LK k32/d6/b8,5.533157236201863,0.03015189999132417,,
benchmark/small,fl3795,3795,LK k48/d10/b32,7.336994300013902,0.0964714579995416,1.0056517538491074,
benchmark/large,fl3795,3795,LK k48/d10/b32,7.336994300013902,0.07849041600002238,1.0055846963209243,
lkh_compare,fl3795,3795,LK k48/d10/b32,7.336994300013902,0.044714199990266934,,
lkh_compare,fl3795,3795,LKH,33.37272348116224,0.44739149999804795,,nn5/trials=1
lkh_compare,fl3795,3795,LKH,22.633115528986515,1.2870184000057634,,nn5/trials=25
lkh_compare,fl3795,3795,LKH,18.775198109272903,3.3332722000195645,,nn5/trials=100
lkh_compare,fl3795,3795,LKH,6.395106353399138,27.486115000006976,,nn5/trials=1000
lkh_compare,fl3795,3795,LKH,7.343945502571945,7.412622100004228,,alpha/trials=1
lkh_compare,fl3795,3795,LKH,2.464201306826081,9.945357399992645,,alpha/trials=25
lkh_compare,fl3795,3795,LKH,2.439872097872932,14.669316699990304,,alpha/trials=100
lkh_compare,fl3795,3795,LKH,0.1424996524398721,383.5456346999854,,runs=1 (elkai default)
benchmark/small,fl3795,3795,construct_fis,31.607118031419436,0.0031591379997735203,1.1736233946567567,
benchmark/large,fl3795,3795,construct_fis,31.607118031419436,0.002901230000134092,1.1736233946567567,
benchmark/small,fl3795,3795,fis_chain_greedy_handwritten,5.154316696788545,0.06810480300055133,1.0045630520778273,
benchmark/large,fl3795,3795,fis_chain_greedy_handwritten,5.154316696788545,0.054197959000248375,1.0043647180736544,
benchmark/small,fl3795,3795,fis_construct_lk,5.282913944112331,0.07637421199979144,1.0086753491775193,
benchmark/large,fl3795,3795,fis_construct_lk,5.282913944112331,0.06696589300054256,1.0084547624587679,
benchmark/small,fl3795,3795,fis_effort_greedy_handwritten,5.154316696788545,0.06432499000084135,1.0060098374959503,
benchmark/large,fl3795,3795,fis_effort_greedy_handwritten,5.154316696788545,0.050948899000104575,1.005887548748728,
benchmark/small,fl3795,3795,fis_effort_nn,8.99833171138607,0.06611631500027215,1.0140412382046813,
benchmark/large,fl3795,3795,fis_effort_nn,9.283331016265814,0.03800241900034962,1.017924208543351,
benchmark/small,fl3795,3795,greedy-edge construction,17.141665508132906,0.009828889000345953,1.1203724763346603,
benchmark/large,fl3795,3795,greedy-edge construction,17.141665508132906,0.007282914999905188,1.1203724763346603,
lkh_compare,fl3795,3795,iterated (control),5.050048658417906,0.031775299983564764,,0 kicks
lkh_compare,fl3795,3795,iterated (control),3.9517586542471848,0.14020819999859668,,1600 kicks
lkh_compare,fl3795,3795,iterated (control),3.6910885583205895,0.4796057999774348,,6400 kicks
lkh_compare,fl3795,3795,iterated (control),3.55554010843876,1.900000599998748,,25600 kicks
lkh_compare,fl3795,3795,iterated (control),3.5520645071597388,8.56687989999773,,102400 kicks
lkh_compare,fl3795,3795,iterated (control),3.5520645071597388,34.017925499996636,,409600 kicks
lkh_compare,fl3795,3795,iterated + CHAIN reopt depth,5.1751703044626725,0.029583499999716878,,0 kicks
lkh_compare,fl3795,3795,iterated + CHAIN reopt depth,4.365355206450716,0.12154560000635684,,1600 kicks
lkh_compare,fl3795,3795,iterated + CHAIN reopt depth,3.8961490337828444,0.40862299999571405,,6400 kicks
lkh_compare,fl3795,3795,iterated + CHAIN reopt depth,3.673710551925483,1.516617799992673,,25600 kicks
lkh_compare,fl3795,3795,iterated + CHAIN reopt depth,3.659808146809398,5.883908199990401,,102400 kicks
lkh_compare,fl3795,3795,iterated + CHAIN reopt depth,3.5520645071597388,23.375484100019094,,409600 kicks
lkh_compare,fl3795,3795,iterated + EFFORT-aimed kicks,5.050048658417906,0.032718899950850755,,0 kicks
lkh_compare,fl3795,3795,iterated + EFFORT-aimed kicks,3.99346586959544,0.16274439997505397,,1600 kicks
lkh_compare,fl3795,3795,iterated + EFFORT-aimed kicks,3.722368969831781,0.48760179997771047,,6400 kicks
lkh_compare,fl3795,3795,iterated + EFFORT-aimed kicks,3.1766995690254416,1.8423544999677688,,25600 kicks
lkh_compare,fl3795,3795,iterated + EFFORT-aimed kicks,3.131516752398165,6.520666099968366,,102400 kicks
lkh_compare,fl3795,3795,iterated + EFFORT-aimed kicks,3.051577922980676,25.20196129998658,,409600 kicks
lkh_compare,fl3795,3795,iterated + both,5.1751703044626725,0.030123399978037924,,0 kicks
lkh_compare,fl3795,3795,iterated + both,4.153343528430418,0.1244841999723576,,1600 kicks
lkh_compare,fl3795,3795,iterated + both,3.764076185180036,0.420769999967888,,6400 kicks
lkh_compare,fl3795,3795,iterated + both,3.6389545391352702,1.558878999989247,,25600 kicks
lkh_compare,fl3795,3795,iterated + both,3.4895036841373557,6.061201399978017,,102400 kicks
lkh_compare,fl3795,3795,iterated + both,3.468650076463228,24.010891499987338,,409600 kicks
benchmark/small,fl3795,3795,lk_16_4_8,7.218823856527179,0.03398514600030467,1.003941395819218,
benchmark/large,fl3795,3795,lk_16_4_8,7.218823856527179,0.029009876000145596,1.0037598898757132,
benchmark/small,fl3795,3795,lk_24_4_8,5.269011538996247,0.04657412899996416,1.0072554797351712,
benchmark/large,fl3795,3795,lk_24_4_8,5.269011538996247,0.037002863999532565,1.0069127845632717,
benchmark/small,fl3795,3795,lk_32_10_12,5.505352425969693,0.0758220240004448,1.0070875108104045,
benchmark/large,fl3795,3795,lk_32_10_12,5.505352425969693,0.05493909400047414,1.0068941726003224,
benchmark/small,fl3795,3795,lk_32_4_8,5.654803280967608,0.05767949700020836,1.0061838313126712,
benchmark/large,fl3795,3795,lk_32_4_8,5.654803280967608,0.043352969999887137,1.0061319801967652,
benchmark/small,fl3795,3795,lk_32_6_8,5.533157236201863,0.06236056600073425,1.0069138830927027,
benchmark/large,fl3795,3795,lk_32_6_8,5.533157236201863,0.04787156900010814,1.006694767203914,
benchmark/small,fl3795,3795,lk_64_10_32,7.350896705129988,0.1118193849997624,1.0070109860831091,
benchmark/large,fl3795,3795,lk_64_10_32,7.350896705129988,0.09122374300022784,1.0070117536630354,
benchmark/small,fl3795,3795,nearest-neighbour construction,19.216599471708605,0.00037910399987595156,1.1752690128617187,
benchmark/large,fl3795,3795,nearest-neighbour construction,19.216599471708605,0.0003048080002372444,1.1752690128617187,
benchmark/small,fnl4461,4461,FIS deferred verification,2.7124437189838195,0.06677854800000205,1.0059237791432494,
benchmark/large,fnl4461,4461,FIS deferred verification,2.3361414502152646,0.07527756899980886,1.007694386146369,
benchmark/small,fnl4461,4461,FIS effort,2.5152547571837034,0.07414910399984365,1.0044825042296526,
benchmark/large,fnl4461,4461,FIS effort,2.4867719071459087,0.0905145229999107,1.0052625047581623,
benchmark/small,fnl4461,4461,FIS effort+chain,2.875672359585027,0.05677543299998433,1.007029461345093,
benchmark/large,fnl4461,4461,FIS effort+chain,2.665337466998236,0.05941009199977998,1.0080664026511228,
benchmark/small,fnl4461,4461,FIS full (fuzzy construction),3.6710011721788285,0.055921069999840256,1.0182851645016107,
benchmark/large,fnl4461,4461,FIS full (fuzzy construction),3.179124261910761,0.058802979000120104,1.0132779122445035,
lkh_compare,fnl4461,4461,FIS local search,2.875672359585027,0.03292249998776242,,
benchmark/small,fnl4461,4461,LK k32/d10/b32,2.4851286657975744,0.12102706199993918,1.0079053264240385,
benchmark/large,fnl4461,4461,LK k32/d10/b32,2.4851286657975744,0.11933719599983306,1.0078036414983984,
lkh_compare,fnl4461,4461,LK k32/d10/b32,2.4851286657975744,0.06755659999907948,,
benchmark/small,fnl4461,4461,LK k32/d2/b4,2.768313924827186,0.0624351649998971,1.003949071971721,
benchmark/large,fnl4461,4461,LK k32/d2/b4,2.768313924827186,0.05951794400016297,1.0040697080289724,
lkh_compare,fnl4461,4461,LK k32/d2/b4,2.768313924827186,0.03667679999489337,,
benchmark/small,fnl4461,4461,LK k32/d3/b8,2.359694576208056,0.06584473400016577,1.0047638345010088,
benchmark/large,fnl4461,4461,LK k32/d3/b8,2.359694576208056,0.06242473800011794,1.0050733415359843,
lkh_compare,fnl4461,4461,LK k32/d3/b8,2.359694576208056,0.03832009999314323,,
benchmark/small,fnl4461,4461,LK k32/d6/b32,2.4407611493925483,0.08371770700023262,1.0035207428679007,
benchmark/large,fnl4461,4461,LK k32/d6/b32,2.4407611493925483,0.07974745399997119,1.003402438675091,
lkh_compare,fnl4461,4461,LK k32/d6/b32,2.4407611493925483,0.048320300003979355,,
lkh_compare,fnl4461,4461,LK k32/d6/b8,2.389272920478074,0.04901559997233562,,
benchmark/small,fnl4461,4461,LK k48/d10/b32,2.254527129914661,0.1494721940002819,1.0056517538491074,
benchmark/large,fnl4461,4461,LK k48/d10/b32,2.254527129914661,0.14631623399964155,1.0055846963209243,
lkh_compare,fnl4461,4461,LK k48/d10/b32,2.254527129914661,0.08065169997280464,,
lkh_compare,fnl4461,4461,LKH,0.2908537186551713,0.31850520000443794,,nn/trials=1
lkh_compare,fnl4461,4461,LKH,0.17966105408455024,0.9178531999932602,,nn/trials=5
lkh_compare,fnl4461,4461,LKH,0.07668459625560071,2.1035123000037856,,nn/trials=25
lkh_compare,fnl4461,4461,LKH,0.04327202217280326,5.17793299999903,,nn/trials=100
lkh_compare,fnl4461,4461,LKH,0.009311700973894372,46.78367770000477,,nn/trials=1000
lkh_compare,fnl4461,4461,LKH,0.061895424120592006,11.281093400000827,,alpha/trials=1
lkh_compare,fnl4461,4461,LKH,0.021362137528345912,11.530454299994744,,alpha/trials=25
lkh_compare,fnl4461,4461,LKH,0.0054774711611143365,13.189973100001225,,alpha/trials=100
lkh_compare,fnl4461,4461,LKH,0.0,95.17841520000366,,runs=1 (elkai default)
lkh_compare,fnl4461,4461,LKH,0.0,164.56849099998362,,runs=2
lkh_compare,fnl4461,4461,LKH,0.0,373.4086099000124,,runs=5
benchmark/small,fnl4461,4461,construct_fis,20.97488031725513,0.004765481000049476,1.1736233946567567,
benchmark/large,fnl4461,4461,construct_fis,20.97488031725513,0.004849657000249863,1.1736233946567567,
benchmark/small,fnl4461,4461,fis_chain_greedy_handwritten,2.5897483649748585,0.07244163199993636,1.0045630520778273,
benchmark/large,fnl4461,4461,fis_chain_greedy_handwritten,2.5897483649748585,0.0693790089999311,1.0043647180736544,
benchmark/small,fnl4461,4461,fis_construct_lk,2.6204222034770988,0.11780900099984137,1.0086753491775193,
benchmark/large,fnl4461,4461,fis_construct_lk,2.6204222034770988,0.11483263200034344,1.0084547624587679,
benchmark/small,fnl4461,4461,fis_effort_greedy_handwritten,2.4801989417525716,0.08159719499963103,1.0060098374959503,
benchmark/large,fnl4461,4461,fis_effort_greedy_handwritten,2.4801989417525716,0.07810242300001846,1.005887548748728,
benchmark/small,fnl4461,4461,fis_effort_nn,4.046755693831272,0.05506125099964265,1.0140412382046813,
benchmark/large,fnl4461,4461,fis_effort_nn,4.125083531435207,0.061525010999957885,1.017924208543351,
benchmark/small,fnl4461,4461,greedy-edge construction,16.31410010626294,0.011103915000148845,1.1203724763346603,
benchmark/large,fnl4461,4461,greedy-edge construction,16.31410010626294,0.011092662000010023,1.1203724763346603,
lkh_compare,fnl4461,4461,iterated (control),2.4407611493925483,0.048987099988153204,,0 kicks
lkh_compare,fnl4461,4461,iterated (control),2.3186135424996985,0.05574949996662326,,100 kicks
lkh_compare,fnl4461,4461,iterated (control),1.8524807466888686,0.08152870001504198,,400 kicks
lkh_compare,fnl4461,4461,iterated (control),1.3710110316269184,0.17744739999761805,,1600 kicks
lkh_compare,fnl4461,4461,iterated (control),0.91692867237054,0.624187899986282,,6400 kicks
lkh_compare,fnl4461,4461,iterated (control),0.6775631826298435,2.23218029999407,,25600 kicks
lkh_compare,fnl4461,4461,iterated (control),0.4781832323652816,8.055783399991924,,102400 kicks
lkh_compare,fnl4461,4461,iterated + CHAIN reopt depth,2.886079554791144,0.03342059999704361,,0 kicks
lkh_compare,fnl4461,4461,iterated + CHAIN reopt depth,2.6198744563609875,0.03865380000206642,,100 kicks
lkh_compare,fnl4461,4461,iterated + CHAIN reopt depth,2.1975614298390718,0.049882099992828444,,400 kicks
lkh_compare,fnl4461,4461,iterated + CHAIN reopt depth,1.6295476704315153,0.09559370001079515,,1600 kicks
lkh_compare,fnl4461,4461,iterated + CHAIN reopt depth,1.0511267158178412,0.2767990999855101,,6400 kicks
lkh_compare,fnl4461,4461,iterated + CHAIN reopt depth,0.7509612961887756,0.9540936999837868,,25600 kicks
lkh_compare,fnl4461,4461,iterated + CHAIN reopt depth,0.5674660122914453,3.5638828999944963,,102400 kicks
lkh_compare,fnl4461,4461,iterated + EFFORT-aimed kicks,2.4407611493925483,0.047791299992240965,,0 kicks
lkh_compare,fnl4461,4461,iterated + EFFORT-aimed kicks,2.30382437036469,0.05826270001125522,,100 kicks
lkh_compare,fnl4461,4461,iterated + EFFORT-aimed kicks,1.8141384485610683,0.0824432999943383,,400 kicks
lkh_compare,fnl4461,4461,iterated + EFFORT-aimed kicks,1.3392416988924554,0.17509820000850596,,1600 kicks
lkh_compare,fnl4461,4461,iterated + EFFORT-aimed kicks,0.8495557770888337,0.5289486999972723,,6400 kicks
lkh_compare,fnl4461,4461,iterated + EFFORT-aimed kicks,0.631552424876483,1.8625111999863293,,25600 kicks
lkh_compare,fnl4461,4461,iterated + EFFORT-aimed kicks,0.4677760371591644,6.580607999989297,,102400 kicks
lkh_compare,fnl4461,4461,iterated + both,2.886079554791144,0.0334900000016205,,0 kicks
lkh_compare,fnl4461,4461,iterated + both,2.652191536211562,0.037615900015225634,,100 kicks
lkh_compare,fnl4461,4461,iterated + both,2.2271397741090895,0.049639000004390255,,400 kicks
lkh_compare,fnl4461,4461,iterated + both,1.6563872791209755,0.10041900002397597,,1600 kicks
lkh_compare,fnl4461,4461,iterated + both,1.292135446906872,0.2842279000033159,,6400 kicks
lkh_compare,fnl4461,4461,iterated + both,0.9530799820338945,0.9955886999960057,,25600 kicks
lkh_compare,fnl4461,4461,iterated + both,0.742745089447104,3.7076695000287145,,102400 kicks
benchmark/small,fnl4461,4461,lk_16_4_8,2.585366388045967,0.07518522800000937,1.003941395819218,
benchmark/large,fnl4461,4461,lk_16_4_8,2.585366388045967,0.0759246170005099,1.0037598898757132,
benchmark/small,fnl4461,4461,lk_24_4_8,2.658764501604899,0.07102379799971459,1.0072554797351712,
benchmark/large,fnl4461,4461,lk_24_4_8,2.658764501604899,0.07120716600002197,1.0069127845632717,
benchmark/small,fnl4461,4461,lk_32_10_12,2.3564080935113876,0.11203405500009467,1.0070875108104045,
benchmark/large,fnl4461,4461,lk_32_10_12,2.3564080935113876,0.10857988699990528,1.0068941726003224,
benchmark/small,fnl4461,4461,lk_32_4_8,2.4599322984564487,0.07001805300023989,1.0061838313126712,
benchmark/large,fnl4461,4461,lk_32_4_8,2.4599322984564487,0.06714849099989806,1.0061319801967652,
benchmark/small,fnl4461,4461,lk_32_6_8,2.389272920478074,0.0879633540002942,1.0069138830927027,
benchmark/large,fnl4461,4461,lk_32_6_8,2.389272920478074,0.08372562299973652,1.006694767203914,
benchmark/small,fnl4461,4461,lk_64_10_32,2.493344872539246,0.15261073600049713,1.0070109860831091,
benchmark/large,fnl4461,4461,lk_64_10_32,2.493344872539246,0.14704687800031024,1.0070117536630354,
benchmark/small,fnl4461,4461,nearest-neighbour construction,24.297514323587087,0.00033888400002979324,1.1752690128617187,
benchmark/large,fnl4461,4461,nearest-neighbour construction,24.297514323587087,0.00033023200012394227,1.1752690128617187,
benchmark/small,rl5915,5915,FIS deferred verification,3.4111364560677595,0.11844990800000232,1.0059237791432494,
benchmark/large,rl5915,5915,FIS deferred verification,2.896398069067954,0.13509404100022948,1.007694386146369,
benchmark/small,rl5915,5915,FIS effort,3.7273000548158364,0.1381484239996098,1.0044825042296526,
benchmark/large,rl5915,5915,FIS effort,3.496719891075628,0.15565241300009802,1.0052625047581623,
benchmark/small,rl5915,5915,FIS effort+chain,3.985111311513094,0.09802138099985314,1.007029461345093,
benchmark/large,rl5915,5915,FIS effort+chain,3.6836242109171926,0.10561170000028142,1.0080664026511228,
benchmark/small,rl5915,5915,FIS full (fuzzy construction),5.6168549855887395,0.09963114899983339,1.0182851645016107,
benchmark/large,rl5915,5915,FIS full (fuzzy construction),5.6386044948985905,0.10414351600047667,1.0132779122445035,
lkh_compare,rl5915,5915,FIS local search,3.985111311513094,0.05644040001789108,,
benchmark/small,rl5915,5915,LK k32/d10/b32,3.7204038689371033,0.2049865169997247,1.0079053264240385,
benchmark/large,rl5915,5915,LK k32/d10/b32,3.7204038689371033,0.20508963699967353,1.0078036414983984,
lkh_compare,rl5915,5915,LK k32/d10/b32,3.7204038689371033,0.1154994000098668,,
benchmark/small,rl5915,5915,LK k32/d2/b4,3.7992679433451806,0.09685873599983097,1.003949071971721,
benchmark/large,rl5915,5915,LK k32/d2/b4,3.7992679433451806,0.09326408599963543,1.0040697080289724,
lkh_compare,rl5915,5915,LK k32/d2/b4,3.7992679433451806,0.05601790000218898,,
benchmark/small,rl5915,5915,LK k32/d3/b8,3.5978639506303822,0.1134484050003266,1.0047638345010088,
benchmark/large,rl5915,5915,LK k32/d3/b8,3.5978639506303822,0.10883983899975647,1.0050733415359843,
lkh_compare,rl5915,5915,LK k32/d3/b8,3.5978639506303822,0.064801600005012,,
benchmark/small,rl5915,5915,LK k32/d6/b32,3.7204038689371033,0.1569146790002378,1.0035207428679007,
benchmark/large,rl5915,5915,LK k32/d6/b32,3.7204038689371033,0.15090078100001847,1.003402438675091,
lkh_compare,rl5915,5915,LK k32/d6/b32,3.7204038689371033,0.08613579999655485,,
lkh_compare,rl5915,5915,LK k32/d6/b8,3.453220872455926,0.0800988000119105,,
benchmark/small,rl5915,5915,LK k48/d10/b32,3.04952876063162,0.25813956599995436,1.0056517538491074,
benchmark/large,rl5915,5915,LK k48/d10/b32,3.04952876063162,0.25072514399971624,1.0055846963209243,
lkh_compare,rl5915,5915,LK k48/d10/b32,3.04952876063162,0.1460705999925267,,
lkh_compare,rl5915,5915,LKH,18.382755998797588,0.5774593999958597,,nn/trials=1
lkh_compare,rl5915,5915,LKH,15.878025922585893,0.764264400000684,,nn/trials=5
lkh_compare,rl5915,5915,LKH,15.535692182554419,1.2419532999920193,,nn/trials=25
lkh_compare,rl5915,5915,LKH,8.499283857620286,4.188305599993328,,nn/trials=100
lkh_compare,rl5915,5915,LKH,2.5027849981433348,36.38710239998181,,nn/trials=1000
lkh_compare,rl5915,5915,LKH,0.4455997029335314,21.301929799985373,,alpha/trials=1
lkh_compare,rl5915,5915,LKH,0.19344685516241403,21.881494900007965,,alpha/trials=25
lkh_compare,rl5915,5915,LKH,0.17753258005764505,23.789556899981108,,alpha/trials=100
lkh_compare,rl5915,5915,LKH,0.012024118968047672,161.01992990000872,,runs=1 (elkai default)
lkh_compare,rl5915,5915,LKH,0.006012059484023836,318.168342399993,,runs=2
lkh_compare,rl5915,5915,LKH,0.006012059484023836,698.271581900015,,runs=5
lkh_compare,rl5915,5915,LKH,0.3428642158683005,338.18220790001214,,nn32/trials=1
benchmark/small,rl5915,5915,construct_fis,20.07603486994501,0.005876871000054962,1.1736233946567567,
benchmark/large,rl5915,5915,construct_fis,20.07603486994501,0.005841424000209372,1.1736233946567567,
benchmark/small,rl5915,5915,fis_chain_greedy_handwritten,3.2935476455714108,0.14197477399966374,1.0045630520778273,
benchmark/large,rl5915,5915,fis_chain_greedy_handwritten,3.2935476455714108,0.13883487600014632,1.0043647180736544,
benchmark/small,rl5915,5915,fis_construct_lk,4.254239386062632,0.23620712299998559,1.0086753491775193,
benchmark/large,rl5915,5915,fis_construct_lk,4.254239386062632,0.23716808600011063,1.0084547624587679,
benchmark/small,rl5915,5915,fis_effort_greedy_handwritten,3.296200024755539,0.16444750799973917,1.0060098374959503,
benchmark/large,rl5915,5915,fis_effort_greedy_handwritten,3.296200024755539,0.16272399700028473,1.005887548748728,
benchmark/small,rl5915,5915,fis_effort_nn,6.159001290824536,0.1071488199995656,1.0140412382046813,
benchmark/large,rl5915,5915,fis_effort_nn,8.10125015472212,0.10917452600006072,1.017924208543351,
benchmark/small,rl5915,5915,greedy-edge construction,11.854189874984527,0.015981788999852142,1.1203724763346603,
benchmark/large,rl5915,5915,greedy-edge construction,11.854189874984527,0.014896897000198805,1.1203724763346603,
lkh_compare,rl5915,5915,iterated (control),3.7204038689371033,0.08793420001165941,,0 kicks
lkh_compare,rl5915,5915,iterated (control),2.4032323660990573,0.3463722000014968,,1600 kicks
lkh_compare,rl5915,5915,iterated (control),1.9525047300762117,1.0177737000049092,,6400 kicks
lkh_compare,rl5915,5915,iterated (control),1.4729545735858398,3.254294900019886,,25600 kicks
lkh_compare,rl5915,5915,iterated (control),1.3435184694003854,11.293401999981143,,102400 kicks
lkh_compare,rl5915,5915,iterated (control),0.795536929959507,40.787372899998445,,409600 kicks
lkh_compare,rl5915,5915,iterated + CHAIN reopt depth,3.307516842607819,0.05802440000115894,,0 kicks
lkh_compare,rl5915,5915,iterated + CHAIN reopt depth,2.213322016515481,0.1680939999932889,,1600 kicks
lkh_compare,rl5915,5915,iterated + CHAIN reopt depth,1.5785192651141406,0.47422470001038164,,6400 kicks
lkh_compare,rl5915,5915,iterated + CHAIN reopt depth,1.256166781603098,1.69057820001035,,25600 kicks
lkh_compare,rl5915,5915,iterated + CHAIN reopt depth,1.1108164023128746,6.106999400013592,,102400 kicks
lkh_compare,rl5915,5915,iterated + CHAIN reopt depth,0.950082223754708,22.592186299996683,,409600 kicks
lkh_compare,rl5915,5915,iterated + EFFORT-aimed kicks,3.7204038689371033,0.09207610000157729,,0 kicks
lkh_compare,rl5915,5915,iterated + EFFORT-aimed kicks,2.360794299153007,0.3360804000112694,,1600 kicks
lkh_compare,rl5915,5915,iterated + EFFORT-aimed kicks,1.3113362686329637,0.8915254000166897,,6400 kicks
lkh_compare,rl5915,5915,iterated + EFFORT-aimed kicks,0.8805898891305501,3.188783500023419,,25600 kicks
lkh_compare,rl5915,5915,iterated + EFFORT-aimed kicks,0.8349689671635457,11.612981000012951,,102400 kicks
lkh_compare,rl5915,5915,iterated + EFFORT-aimed kicks,0.7672448853288066,45.05426170001738,,409600 kicks
lkh_compare,rl5915,5915,iterated + both,3.307516842607819,0.057086800021352246,,0 kicks
lkh_compare,rl5915,5915,iterated + both,2.142768730217672,0.15873320001992397,,1600 kicks
lkh_compare,rl5915,5915,iterated + both,1.5221120011316818,0.46114110003691167,,6400 kicks
lkh_compare,rl5915,5915,iterated + both,1.1896804767209521,1.554139900021255,,25600 kicks
lkh_compare,rl5915,5915,iterated + both,1.0315986773469135,5.830516100017121,,102400 kicks
lkh_compare,rl5915,5915,iterated + both,0.8530051456156172,21.812119900045218,,409600 kicks
benchmark/small,rl5915,5915,lk_16_4_8,3.671600091949145,0.10447728400004053,1.003941395819218,
benchmark/large,rl5915,5915,lk_16_4_8,3.671600091949145,0.10239601200009929,1.0037598898757132,
benchmark/small,rl5915,5915,lk_24_4_8,3.671953742507029,0.11200900400035607,1.0072554797351712,
benchmark/large,rl5915,5915,lk_24_4_8,3.671953742507029,0.11553756199964482,1.0069127845632717,
benchmark/small,rl5915,5915,lk_32_10_12,3.4758545081604866,0.1995146329995805,1.0070875108104045,
benchmark/large,rl5915,5915,lk_32_10_12,3.4758545081604866,0.1972510489999877,1.0068941726003224,
benchmark/small,rl5915,5915,lk_32_4_8,3.6519724859865965,0.1213439419993847,1.0061838313126712,
benchmark/large,rl5915,5915,lk_32_4_8,3.6519724859865965,0.1169481890001407,1.0061319801967652,
benchmark/small,rl5915,5915,lk_32_6_8,3.453220872455926,0.14398808099986127,1.0069138830927027,
benchmark/large,rl5915,5915,lk_32_6_8,3.453220872455926,0.14167459899999812,1.006694767203914,
benchmark/small,rl5915,5915,lk_64_10_32,2.3047406857284316,0.2742182040001353,1.0070109860831091,
benchmark/large,rl5915,5915,lk_64_10_32,2.3047406857284316,0.2728864940004314,1.0070117536630354,
benchmark/small,rl5915,5915,nearest-neighbour construction,25.103884851378353,0.0009060709999175742,1.1752690128617187,
benchmark/large,rl5915,5915,nearest-neighbour construction,25.103884851378353,0.0006869580001875875,1.1752690128617187,
benchmark/small,pla7397,7397,FIS deferred verification,5.125604839195058,0.17391903299994738,1.0059237791432494,
benchmark/large,pla7397,7397,FIS deferred verification,5.477567168147102,0.2001733309998599,1.007694386146369,
benchmark/small,pla7397,7397,FIS effort,5.356147924518957,0.17825123900001927,1.0044825042296526,
benchmark/large,pla7397,7397,FIS effort,5.207472440243487,0.18623280899964811,1.0052625047581623,
benchmark/small,pla7397,7397,FIS effort+chain,5.379775731868754,0.15883262000033938,1.007029461345093,
benchmark/large,pla7397,7397,FIS effort+chain,5.699481976660404,0.17049601600001552,1.0080664026511228,
benchmark/small,pla7397,7397,FIS full (fuzzy construction),5.94106083008236,0.15913350899927536,1.0182851645016107,
benchmark/large,pla7397,7397,FIS full (fuzzy construction),7.156835332066993,0.159611510999639,1.0132779122445035,
benchmark/small,pla7397,7397,LK k32/d10/b32,5.046316693097482,0.21995199699995283,1.0079053264240385,
benchmark/large,pla7397,7397,LK k32/d10/b32,5.046316693097482,0.2211014519998571,1.0078036414983984,
benchmark/small,pla7397,7397,LK k32/d2/b4,6.085196473644333,0.15481037600011405,1.003949071971721,
benchmark/large,pla7397,7397,LK k32/d2/b4,6.085196473644333,0.15475412900013907,1.0040697080289724,
benchmark/small,pla7397,7397,LK k32/d3/b8,5.204286813379186,0.16269441899930825,1.0047638345010088,
benchmark/large,pla7397,7397,LK k32/d3/b8,5.204286813379186,0.16270557799953167,1.0050733415359843,
benchmark/small,pla7397,7397,LK k32/d6/b32,4.990940094394294,0.1817817789997207,1.0035207428679007,
benchmark/large,pla7397,7397,LK k32/d6/b32,4.990940094394294,0.18381102500006818,1.003402438675091,
benchmark/small,pla7397,7397,LK k48/d10/b32,3.630819293360036,0.3059591510000246,1.0056517538491074,
benchmark/large,pla7397,7397,LK k48/d10/b32,3.630819293360036,0.30885328500062315,1.0055846963209243,
benchmark/small,pla7397,7397,construct_fis,21.50398302237144,0.006993374999638036,1.1736233946567567,
benchmark/large,pla7397,7397,construct_fis,21.50398302237144,0.006522661999952106,1.1736233946567567,
benchmark/small,pla7397,7397,fis_chain_greedy_handwritten,5.434683729589203,0.1811662349996368,1.0045630520778273,
benchmark/large,pla7397,7397,fis_chain_greedy_handwritten,5.434683729589203,0.18298019400026533,1.0043647180736544,
benchmark/small,pla7397,7397,fis_construct_lk,4.89402137370765,0.25045636399954674,1.0086753491775193,
benchmark/large,pla7397,7397,fis_construct_lk,4.89402137370765,0.2550000579999505,1.0084547624587679,
benchmark/small,pla7397,7397,fis_effort_greedy_handwritten,5.192941510687025,0.18815297899982397,1.0060098374959503,
benchmark/large,pla7397,7397,fis_effort_greedy_handwritten,5.192941510687025,0.1887468190002437,1.005887548748728,
benchmark/small,pla7397,7397,fis_effort_nn,5.41014451482344,0.15877135799973985,1.0140412382046813,
benchmark/large,pla7397,7397,fis_effort_nn,5.290139672326679,0.17500184099981198,1.017924208543351,
benchmark/small,pla7397,7397,greedy-edge construction,16.671077534632623,0.020842286000060994,1.1203724763346603,
benchmark/large,pla7397,7397,greedy-edge construction,16.671077534632623,0.019397339000079228,1.1203724763346603,
benchmark/small,pla7397,7397,lk_16_4_8,5.748354049795862,0.16513532699946154,1.003941395819218,
benchmark/large,pla7397,7397,lk_16_4_8,5.748354049795862,0.16060754000000088,1.0037598898757132,
benchmark/small,pla7397,7397,lk_24_4_8,6.9405566326213,0.16747034599984545,1.0072554797351712,
benchmark/large,pla7397,7397,lk_24_4_8,6.9405566326213,0.15740223500006323,1.0069127845632717,
benchmark/small,pla7397,7397,lk_32_10_12,5.379702647311812,0.21266949900018517,1.0070875108104045,
benchmark/large,pla7397,7397,lk_32_10_12,5.379702647311812,0.21458580899980007,1.0068941726003224,
benchmark/small,pla7397,7397,lk_32_4_8,5.559989352009963,0.1644629890001852,1.0061838313126712,
benchmark/large,pla7397,7397,lk_32_4_8,5.559989352009963,0.1659394559997054,1.0061319801967652,
benchmark/small,pla7397,7397,lk_32_6_8,5.268162716145428,0.18253485800005365,1.0069138830927027,
benchmark/large,pla7397,7397,lk_32_6_8,5.268162716145428,0.183621170999686,1.006694767203914,
benchmark/small,pla7397,7397,lk_64_10_32,4.105924801665709,0.3281229690001055,1.0070109860831091,
benchmark/large,pla7397,7397,lk_64_10_32,4.105924801665709,0.32682471400039503,1.0070117536630354,
benchmark/small,pla7397,7397,nearest-neighbour construction,20.83580961008615,0.0009517109997432271,1.1752690128617187,
benchmark/large,pla7397,7397,nearest-neighbour construction,20.83580961008615,0.0008545959999537445,1.1752690128617187,
benchmark/small,rl11849,11849,FIS deferred verification,3.6130654790271293,0.316296722000061,1.0059237791432494,
benchmark/large,rl11849,11849,FIS deferred verification,3.176365337792758,0.34175318299958235,1.007694386146369,
benchmark/small,rl11849,11849,FIS effort,4.22511718986925,0.3350926339999205,1.0044825042296526,
benchmark/large,rl11849,11849,FIS effort,3.166184332515965,0.4514843049996671,1.0052625047581623,
benchmark/small,rl11849,11849,FIS effort+chain,4.7251778426666435,0.24282948599966403,1.007029461345093,
benchmark/large,rl11849,11849,FIS effort+chain,3.7226737486028196,0.2635313139999198,1.0080664026511228,
benchmark/small,rl11849,11849,FIS full (fuzzy construction),5.7413288161440414,0.23902351199967597,1.0182851645016107,
benchmark/large,rl11849,11849,FIS full (fuzzy construction),4.831645163805876,0.26703679399952307,1.0132779122445035,
benchmark/small,rl11849,11849,LK k32/d10/b32,3.3255062342411037,0.6854379960004735,1.0079053264240385,
benchmark/large,rl11849,11849,LK k32/d10/b32,3.3255062342411037,0.6707172329997775,1.0078036414983984,
benchmark/small,rl11849,11849,LK k32/d2/b4,3.9760074862881356,0.24511496900049679,1.003949071971721,
benchmark/large,rl11849,11849,LK k32/d2/b4,3.9760074862881356,0.24991815999965183,1.0040697080289724,
benchmark/small,rl11849,11849,LK k32/d3/b8,3.173116080789526,0.2860445629999049,1.0047638345010088,
benchmark/large,rl11849,11849,LK k32/d3/b8,3.173116080789526,0.28366947199992865,1.0050733415359843,
benchmark/small,rl11849,11849,LK k32/d6/b32,3.567467572415108,0.3971697430001768,1.0035207428679007,
benchmark/large,rl11849,11849,LK k32/d6/b32,3.567467572415108,0.40042338299963376,1.003402438675091,
benchmark/small,rl11849,11849,LK k48/d10/b32,2.696450078415402,0.6622637119994579,1.0056517538491074,
benchmark/large,rl11849,11849,LK k48/d10/b32,2.696450078415402,0.6463731240000925,1.0055846963209243,
benchmark/small,rl11849,11849,construct_fis,21.709477432827025,0.017295855999691412,1.1736233946567567,
benchmark/large,rl11849,11849,construct_fis,21.709477432827025,0.017325333999906434,1.1736233946567567,
benchmark/small,rl11849,11849,fis_chain_greedy_handwritten,4.503253589345903,0.30995651900002485,1.0045630520778273,
benchmark/large,rl11849,11849,fis_chain_greedy_handwritten,4.503253589345903,0.3153624379997382,1.0043647180736544,
benchmark/small,rl11849,11849,fis_construct_lk,4.661275788269749,0.7342578829993727,1.0086753491775193,
benchmark/large,rl11849,11849,fis_construct_lk,4.661275788269749,0.7436910609994811,1.0084547624587679,
benchmark/small,rl11849,11849,fis_effort_greedy_handwritten,4.006442193551742,0.36624062600003526,1.0060098374959503,
benchmark/large,rl11849,11849,fis_effort_greedy_handwritten,4.006442193551742,0.36660241799972937,1.005887548748728,
benchmark/small,rl11849,11849,fis_effort_nn,5.477922381748707,0.2422508800000287,1.0140412382046813,
benchmark/large,rl11849,11849,fis_effort_nn,5.7038540520401,0.26357610199966075,1.017924208543351,
benchmark/small,rl11849,11849,greedy-edge construction,14.055202710313575,0.04701638599999569,1.1203724763346603,
benchmark/large,rl11849,11849,greedy-edge construction,14.055202710313575,0.04703802199992424,1.1203724763346603,
benchmark/small,rl11849,11849,lk_16_4_8,4.358336727001759,0.3065274959994895,1.003941395819218,
benchmark/large,rl11849,11849,lk_16_4_8,4.358336727001759,0.3088497140001891,1.0037598898757132,
benchmark/small,rl11849,11849,lk_24_4_8,3.707835474954727,0.27200995600060196,1.0072554797351712,
benchmark/large,rl11849,11849,lk_24_4_8,3.707835474954727,0.2705870489994595,1.0069127845632717,
benchmark/small,rl11849,11849,lk_32_10_12,3.307093777889456,0.6372696909993465,1.0070875108104045,
benchmark/large,rl11849,11849,lk_32_10_12,3.307093777889456,0.6321624520001023,1.0068941726003224,
benchmark/small,rl11849,11849,lk_32_4_8,3.420601155869025,0.3303896789998362,1.0061838313126712,
benchmark/large,rl11849,11849,lk_32_4_8,3.420601155869025,0.3314662279994991,1.0061319801967652,
benchmark/small,rl11849,11849,lk_32_6_8,3.064049354047708,0.38257486000020435,1.0069138830927027,
benchmark/large,rl11849,11849,lk_32_6_8,3.064049354047708,0.3933624139999665,1.006694767203914,
benchmark/small,rl11849,11849,lk_64_10_32,2.4875228531075892,0.6394448020000709,1.0070109860831091,
benchmark/large,rl11849,11849,lk_64_10_32,2.4875228531075892,0.6288611069999206,1.0070117536630354,
benchmark/small,rl11849,11849,nearest-neighbour construction,23.40407326857925,0.0024536259998058085,1.1752690128617187,
benchmark/large,rl11849,11849,nearest-neighbour construction,23.40407326857925,0.002909890999944764,1.1752690128617187,
benchmark/small,usa13509,13509,FIS deferred verification,2.898724351705629,0.3579263270003139,1.0059237791432494,
benchmark/large,usa13509,13509,FIS deferred verification,2.813246092563632,0.39855125500071154,1.007694386146369,
benchmark/small,usa13509,13509,FIS effort,3.4194056015708263,0.4934743400003754,1.0044825042296526,
benchmark/large,usa13509,13509,FIS effort,5.4097013845716475,0.5251395240006786,1.0052625047581623,
benchmark/small,usa13509,13509,FIS effort+chain,3.3511120706001076,0.27313401799983694,1.007029461345093,
benchmark/large,usa13509,13509,FIS effort+chain,3.036117104164124,0.3083566240006803,1.0080664026511228,
benchmark/small,usa13509,13509,FIS full (fuzzy construction),4.280298429769234,0.2545528979994742,1.0182851645016107,
benchmark/large,usa13509,13509,FIS full (fuzzy construction),4.127232244395059,0.27107505100048,1.0132779122445035,
benchmark/small,usa13509,13509,LK k32/d10/b32,4.850497118555458,0.7247080070001175,1.0079053264240385,
benchmark/large,usa13509,13509,LK k32/d10/b32,4.850497118555458,0.7258111430001009,1.0078036414983984,
benchmark/small,usa13509,13509,LK k32/d2/b4,3.5109440546019965,0.32373502500013274,1.003949071971721,
benchmark/large,usa13509,13509,LK k32/d2/b4,3.5109440546019965,0.3252673470001355,1.0040697080289724,
benchmark/small,usa13509,13509,LK k32/d3/b8,4.847244330753672,0.3347889470001064,1.0047638345010088,
benchmark/large,usa13509,13509,LK k32/d3/b8,4.847244330753672,0.3339741160007179,1.0050733415359843,
benchmark/small,usa13509,13509,LK k32/d6/b32,4.888529714391719,0.4879676999998992,1.0035207428679007,
benchmark/large,usa13509,13509,LK k32/d6/b32,4.888529714391719,0.48496621800040884,1.003402438675091,
benchmark/small,usa13509,13509,LK k48/d10/b32,2.9717119056887706,0.7174593509998886,1.0056517538491074,
benchmark/large,usa13509,13509,LK k48/d10/b32,2.9717119056887706,0.7228931919999013,1.0055846963209243,
benchmark/small,usa13509,13509,construct_fis,23.237921060244684,0.027863944999808155,1.1736233946567567,
benchmark/large,usa13509,13509,construct_fis,23.237921060244684,0.02913837100004457,1.1736233946567567,
benchmark/small,usa13509,13509,fis_chain_greedy_handwritten,5.194802205229992,0.34728824500052724,1.0045630520778273,
benchmark/large,usa13509,13509,fis_chain_greedy_handwritten,5.194802205229992,0.33848527900045156,1.0043647180736544,
benchmark/small,usa13509,13509,fis_construct_lk,4.263068662997622,0.8403070919998754,1.0086753491775193,
benchmark/large,usa13509,13509,fis_construct_lk,4.263068662997622,0.8185753240004487,1.0084547624587679,
benchmark/small,usa13509,13509,fis_effort_greedy_handwritten,5.077221432628835,0.4669316100003016,1.0060098374959503,
benchmark/large,usa13509,13509,fis_effort_greedy_handwritten,5.077221432628835,0.4504426970001987,1.005887548748728,
benchmark/small,usa13509,13509,fis_effort_nn,5.468241556425935,0.22460718099955557,1.0140412382046813,
benchmark/large,usa13509,13509,fis_effort_nn,4.078195217210911,0.29174581700044655,1.017924208543351,
benchmark/small,usa13509,13509,greedy-edge construction,17.31040087907341,0.07290892800028814,1.1203724763346603,
benchmark/large,usa13509,13509,greedy-edge construction,17.31040087907341,0.07246744700023555,1.1203724763346603,
benchmark/small,usa13509,13509,lk_16_4_8,5.731502183946752,0.5590556430001925,1.003941395819218,
benchmark/large,usa13509,13509,lk_16_4_8,5.731502183946752,0.5619944779996331,1.0037598898757132,
benchmark/small,usa13509,13509,lk_24_4_8,4.830349851340091,0.4198941780000496,1.0072554797351712,
benchmark/large,usa13509,13509,lk_24_4_8,4.830349851340091,0.4183839679999437,1.0069127845632717,
benchmark/small,usa13509,13509,lk_32_10_12,4.4975346120392485,0.66168338999978,1.0070875108104045,
benchmark/large,usa13509,13509,lk_32_10_12,4.4975346120392485,0.6526377930003946,1.0068941726003224,
benchmark/small,usa13509,13509,lk_32_4_8,3.817321635507712,0.3529209659996013,1.0061838313126712,
benchmark/large,usa13509,13509,lk_32_4_8,3.817321635507712,0.35055334100024993,1.0061319801967652,
benchmark/small,usa13509,13509,lk_32_6_8,2.89818388850164,0.46213941999985764,1.0069138830927027,
benchmark/large,usa13509,13509,lk_32_6_8,2.89818388850164,0.4572260340005414,1.006694767203914,
benchmark/small,usa13509,13509,lk_64_10_32,3.0145085845824164,0.7426215720001892,1.0070109860831091,
benchmark/large,usa13509,13509,lk_64_10_32,3.0145085845824164,0.7226531309997881,1.0070117536630354,
benchmark/small,usa13509,13509,nearest-neighbour construction,25.34567751291244,0.005177509999612084,1.1752690128617187,
benchmark/large,usa13509,13509,nearest-neighbour construction,25.34567751291244,0.004907616999844322,1.1752690128617187,
benchmark/small,brd14051,14051,FIS deferred verification,3.2046188097191006,0.32686472399973354,1.0059237791432494,
benchmark/large,brd14051,14051,FIS deferred verification,2.9180736495627255,0.3512494239998887,1.007694386146369,
benchmark/small,brd14051,14051,FIS effort,3.240197279418814,0.3756805699999859,1.0044825042296526,
benchmark/large,brd14051,14051,FIS effort,3.0329047583540163,0.49228872399953616,1.0052625047581623,
benchmark/small,brd14051,14051,FIS effort+chain,3.5045857877861457,0.2672919470001034,1.007029461345093,
benchmark/large,brd14051,14051,FIS effort+chain,3.1147139341904833,0.2806443569993462,1.0080664026511228,
benchmark/small,brd14051,14051,FIS full (fuzzy construction),4.266646782491984,0.2633760049998273,1.0182851645016107,
benchmark/large,brd14051,14051,FIS full (fuzzy construction),4.032297580877105,0.2777086909995887,1.0132779122445035,
lkh_compare,brd14051,14051,FIS local search,3.5045857877861457,0.12880760000552982,,
benchmark/small,brd14051,14051,LK k32/d10/b32,2.8249731031029963,0.6515916950002065,1.0079053264240385,
benchmark/large,brd14051,14051,LK k32/d10/b32,2.8249731031029963,0.6272851250000713,1.0078036414983984,
lkh_compare,brd14051,14051,LK k32/d10/b32,2.8249731031029963,0.3226032000093255,,
benchmark/small,brd14051,14051,LK k32/d2/b4,3.255962589345633,0.28771362699990277,1.003949071971721,
benchmark/large,brd14051,14051,LK k32/d2/b4,3.255962589345633,0.2667751839999255,1.0040697080289724,
lkh_compare,brd14051,14051,LK k32/d2/b4,3.255962589345633,0.1397323000128381,,
benchmark/small,brd14051,14051,LK k32/d3/b8,3.0680571385962483,0.3493290279998291,1.0047638345010088,
benchmark/large,brd14051,14051,LK k32/d3/b8,3.0680571385962483,0.3291040150002118,1.0050733415359843,
lkh_compare,brd14051,14051,LK k32/d3/b8,3.0680571385962483,0.17360169999301434,,
benchmark/small,brd14051,14051,LK k32/d6/b32,2.826251371475441,0.47124791399983224,1.0035207428679007,
benchmark/large,brd14051,14051,LK k32/d6/b32,2.826251371475441,0.44855770800040773,1.003402438675091,
lkh_compare,brd14051,14051,LK k32/d6/b32,2.826251371475441,0.24071519999415614,,
lkh_compare,brd14051,14051,LK k32/d6/b8,3.2998498034662376,0.2142714000074193,,
benchmark/small,brd14051,14051,LK k48/d10/b32,2.4757927926968266,0.7944370940003864,1.0056517538491074,
benchmark/large,brd14051,14051,LK k48/d10/b32,2.4757927926968266,0.7649775340005363,1.0055846963209243,
lkh_compare,brd14051,14051,LK k48/d10/b32,2.4757927926968266,0.3962916000455152,,
lkh_compare,brd14051,14051,LKH,0.3713369621952129,2.1368707999936305,,nn5/trials=1
lkh_compare,brd14051,14051,LKH,0.1947228820690904,14.453835399996024,,nn5/trials=25
lkh_compare,brd14051,14051,LKH,0.13336600019174025,46.0517921000137,,nn5/trials=100
lkh_compare,brd14051,14051,LKH,0.0490002876103838,380.9508399000042,,nn5/trials=1000
lkh_compare,brd14051,14051,LKH,0.09565708320461881,146.26691069998196,,alpha/trials=1
lkh_compare,brd14051,14051,LKH,0.02940017256623028,151.10167689999798,,alpha/trials=25
lkh_compare,brd14051,14051,LKH,0.01491313101185594,162.835685500002,,alpha/trials=100
benchmark/small,brd14051,14051,construct_fis,22.578693396678634,0.027650074000121094,1.1736233946567567,
benchmark/large,brd14051,14051,construct_fis,22.578693396678634,0.027563874999941618,1.1736233946567567,
benchmark/small,brd14051,14051,fis_chain_greedy_handwritten,3.1995057362293213,0.3363636059993951,1.0045630520778273,
benchmark/large,brd14051,14051,fis_chain_greedy_handwritten,3.1995057362293213,0.31410269099978905,1.0043647180736544,
benchmark/small,brd14051,14051,fis_construct_lk,3.4952118197215505,0.984507739000037,1.0086753491775193,
benchmark/large,brd14051,14051,fis_construct_lk,3.4952118197215505,0.9776550829997177,1.0084547624587679,
benchmark/small,brd14051,14051,fis_effort_greedy_handwritten,3.241262503062518,0.39731500799962305,1.0060098374959503,
benchmark/large,brd14051,14051,fis_effort_greedy_handwritten,3.241262503062518,0.37689012599958005,1.005887548748728,
benchmark/small,brd14051,14051,fis_effort_nn,3.7855917849952596,0.2538824569996905,1.0140412382046813,
benchmark/large,brd14051,14051,fis_effort_nn,3.6620258423255962,0.27407670399998096,1.017924208543351,
benchmark/small,brd14051,14051,greedy-edge construction,13.789107023019483,0.08069023799998831,1.1203724763346603,
benchmark/large,brd14051,14051,greedy-edge construction,13.789107023019483,0.08015283699978681,1.1203724763346603,
lkh_compare,brd14051,14051,iterated (control),2.826251371475441,0.2379320000181906,,0 kicks
lkh_compare,brd14051,14051,iterated (control),2.184560648508154,0.5073454999946989,,1600 kicks
lkh_compare,brd14051,14051,iterated (control),1.6962621302342427,1.1981530000048224,,6400 kicks
lkh_compare,brd14051,14051,iterated (control),1.3138468421445082,3.7336836000031326,,25600 kicks
lkh_compare,brd14051,14051,iterated (control),1.1498024010140928,13.189822400017874,,102400 kicks
lkh_compare,brd14051,14051,iterated (control),0.9184358256015851,50.95044179999968,,409600 kicks
lkh_compare,brd14051,14051,iterated + CHAIN reopt depth,3.386559008063743,0.13088479998987168,,0 kicks
lkh_compare,brd14051,14051,iterated + CHAIN reopt depth,2.6311023999488694,0.24502529998426326,,1600 kicks
lkh_compare,brd14051,14051,iterated + CHAIN reopt depth,1.9502114468932752,0.581803699984448,,6400 kicks
lkh_compare,brd14051,14051,iterated + CHAIN reopt depth,1.5055870980112274,1.8295788000104949,,25600 kicks
lkh_compare,brd14051,14051,iterated + CHAIN reopt depth,1.2358724714253757,6.9447997999959625,,102400 kicks
lkh_compare,brd14051,14051,iterated + CHAIN reopt depth,1.0607497044004388,26.997939099994255,,409600 kicks
lkh_compare,brd14051,14051,iterated + EFFORT-aimed kicks,2.826251371475441,0.24320439997245558,,0 kicks
lkh_compare,brd14051,14051,iterated + EFFORT-aimed kicks,2.1886084983542293,0.5288136000162922,,1600 kicks
lkh_compare,brd14051,14051,iterated + EFFORT-aimed kicks,1.7490972229619608,1.3222117999976035,,6400 kicks
lkh_compare,brd14051,14051,iterated + EFFORT-aimed kicks,1.2859379826794635,3.866143599996576,,25600 kicks
lkh_compare,brd14051,14051,iterated + EFFORT-aimed kicks,1.0763019695985172,13.439515500009293,,102400 kicks
lkh_compare,brd14051,14051,iterated + EFFORT-aimed kicks,0.9318576435122554,48.48267499997746,,409600 kicks
lkh_compare,brd14051,14051,iterated + both,3.386559008063743,0.13129509999998845,,0 kicks
lkh_compare,brd14051,14051,iterated + both,2.6304632657626468,0.25370070000644773,,1600 kicks
lkh_compare,brd14051,14051,iterated + both,2.0467207090128574,0.5716824000119232,,6400 kicks
lkh_compare,brd14051,14051,iterated + both,1.5479829990306464,1.8769702000136022,,25600 kicks
lkh_compare,brd14051,14051,iterated + both,1.2639943756191612,7.001719599997159,,102400 kicks
lkh_compare,brd14051,14051,iterated + both,1.0579801229268084,26.661423800018383,,409600 kicks
benchmark/small,brd14051,14051,lk_16_4_8,3.403602586363007,0.6582007550000526,1.003941395819218,
benchmark/large,brd14051,14051,lk_16_4_8,3.403602586363007,0.6213154839997515,1.0037598898757132,
benchmark/small,brd14051,14051,lk_24_4_8,2.7853467835572077,0.40287812699989445,1.0072554797351712,
benchmark/large,brd14051,14051,lk_24_4_8,2.7853467835572077,0.410077667999758,1.0069127845632717,
benchmark/small,brd14051,14051,lk_32_10_12,3.111731307988112,0.6455716569998913,1.0070875108104045,
benchmark/large,brd14051,14051,lk_32_10_12,3.111731307988112,0.6348621079996519,1.0068941726003224,
benchmark/small,brd14051,14051,lk_32_4_8,3.2299711324392555,0.38437387299973125,1.0061838313126712,
benchmark/large,brd14051,14051,lk_32_4_8,3.2299711324392555,0.35830887199972494,1.0061319801967652,
benchmark/small,brd14051,14051,lk_32_6_8,3.2998498034662376,0.4282138829998985,1.0069138830927027,
benchmark/large,brd14051,14051,lk_32_6_8,3.2998498034662376,0.4047230279998075,1.006694767203914,
benchmark/small,brd14051,14051,lk_64_10_32,2.746146553468901,0.8969209949996184,1.0070109860831091,
benchmark/large,brd14051,14051,lk_64_10_32,2.746146553468901,0.8344093860000612,1.0070117536630354,
benchmark/small,brd14051,14051,nearest-neighbour construction,22.856077633499154,0.0037689820001105545,1.1752690128617187,
benchmark/large,brd14051,14051,nearest-neighbour construction,22.856077633499154,0.003531084999849554,1.1752690128617187,
benchmark/small,d15112,15112,FIS deferred verification,2.6934353155966244,0.3557148740001139,1.0059237791432494,
benchmark/large,d15112,15112,FIS deferred verification,2.56063884700372,0.4085228329995516,1.007694386146369,
benchmark/small,d15112,15112,FIS effort,2.6095237126561583,0.5067288889999872,1.0044825042296526,
benchmark/large,d15112,15112,FIS effort,2.5780568615534833,0.5912111759994332,1.0052625047581623,
benchmark/small,d15112,15112,FIS effort+chain,2.9224122805902293,0.298347988000387,1.007029461345093,
benchmark/large,d15112,15112,FIS effort+chain,2.7593567794218234,0.3266927949998717,1.0080664026511228,
benchmark/small,d15112,15112,FIS full (fuzzy construction),3.7032351737097318,0.27536628100006055,1.0182851645016107,
benchmark/large,d15112,15112,FIS full (fuzzy construction),3.5277200708925904,0.33922099099982006,1.0132779122445035,
lkh_compare,d15112,15112,FIS local search,2.9224122805902293,0.15501049999147654,,
benchmark/small,d15112,15112,LK k32/d10/b32,2.246606029938643,0.8512425750000148,1.0079053264240385,
benchmark/large,d15112,15112,LK k32/d10/b32,2.246606029938643,0.8494418759996734,1.0078036414983984,
lkh_compare,d15112,15112,LK k32/d10/b32,2.246606029938643,0.44925700000021607,,
benchmark/small,d15112,15112,LK k32/d2/b4,2.921585878440058,0.32631504100027087,1.003949071971721,
benchmark/large,d15112,15112,LK k32/d2/b4,2.921585878440058,0.32441118599945185,1.0040697080289724,
lkh_compare,d15112,15112,LK k32/d2/b4,2.921585878440058,0.17683869999018498,,
benchmark/small,d15112,15112,LK k32/d3/b8,2.7850388154732997,0.3988258619997396,1.0047638345010088,
benchmark/large,d15112,15112,LK k32/d3/b8,2.7850388154732997,0.39660040699982346,1.0050733415359843,
lkh_compare,d15112,15112,LK k32/d3/b8,2.7850388154732997,0.21059649999369867,,
benchmark/small,d15112,15112,LK k32/d6/b32,2.5100376076547724,0.6212140380002893,1.0035207428679007,
benchmark/large,d15112,15112,LK k32/d6/b32,2.5100376076547724,0.6181447709996064,1.003402438675091,
lkh_compare,d15112,15112,LK k32/d6/b32,2.5100376076547724,0.3287770999886561,,
lkh_compare,d15112,15112,LK k32/d6/b8,2.595029890330078,0.3015021000173874,,
benchmark/small,d15112,15112,LK k48/d10/b32,2.4669375570535332,0.9258673610002006,1.0056517538491074,
benchmark/large,d15112,15112,LK k48/d10/b32,2.4669375570535332,0.9248987500000112,1.0055846963209243,
lkh_compare,d15112,15112,LK k48/d10/b32,2.4669375570535332,0.4742893000075128,,
lkh_compare,d15112,15112,LKH,0.2716320298216751,2.509399200003827,,nn5/trials=1
lkh_compare,d15112,15112,LKH,0.10692372435292712,13.485985299979802,,nn5/trials=25
lkh_compare,d15112,15112,LKH,0.05765744232348686,47.896705699997256,,nn5/trials=100
lkh_compare,d15112,15112,LKH,0.03400962694935553,429.0576155000017,,nn5/trials=1000
lkh_compare,d15112,15112,LKH,0.1146156212891365,180.34466440000688,,alpha/trials=1
lkh_compare,d15112,15112,LKH,0.05409755613813375,185.6518444000103,,alpha/trials=25
lkh_compare,d15112,15112,LKH,0.035408153665029966,207.66526750000776,,alpha/trials=100
benchmark/small,d15112,15112,construct_fis,22.140267144030453,0.031904853000014555,1.1736233946567567,
benchmark/large,d15112,15112,construct_fis,22.140267144030453,0.03233574900013991,1.1736233946567567,
benchmark/small,d15112,15112,fis_chain_greedy_handwritten,2.7231222236066226,0.41304273100013233,1.0045630520778273,
benchmark/large,d15112,15112,fis_chain_greedy_handwritten,2.7231222236066226,0.4030814089996966,1.0043647180736544,
benchmark/small,d15112,15112,fis_construct_lk,2.6594256886472687,1.0225812970002153,1.0086753491775193,
benchmark/large,d15112,15112,fis_construct_lk,2.6594256886472687,1.015380968000045,1.0084547624587679,
benchmark/small,d15112,15112,fis_effort_greedy_handwritten,2.699728685817159,0.5609734959998605,1.0060098374959503,
benchmark/large,d15112,15112,fis_effort_greedy_handwritten,2.699728685817159,0.5400509429996418,1.005887548748728,
benchmark/small,d15112,15112,fis_effort_nn,4.1182161918880364,0.2565375109998058,1.0140412382046813,
benchmark/large,d15112,15112,fis_effort_nn,3.8069804282543083,0.29830779599978996,1.017924208543351,
benchmark/small,d15112,15112,greedy-edge construction,15.082792781567926,0.09522814499996457,1.1203724763346603,
benchmark/large,d15112,15112,greedy-edge construction,15.082792781567926,0.09617923599989808,1.1203724763346603,
lkh_compare,d15112,15112,iterated (control),2.5100376076547724,0.3352949999971315,,0 kicks
lkh_compare,d15112,15112,iterated (control),1.8488523181216006,0.6955062999913935,,1600 kicks
lkh_compare,d15112,15112,iterated (control),1.2349626593366916,1.6682144000078551,,6400 kicks
lkh_compare,d15112,15112,iterated (control),0.8205537657238902,5.138963200006401,,25600 kicks
lkh_compare,d15112,15112,iterated (control),0.6028285838518477,18.12990970001556,,102400 kicks
lkh_compare,d15112,15112,iterated (control),0.46882429673177023,68.26190389998374,,409600 kicks
lkh_compare,d15112,15112,iterated + CHAIN reopt depth,2.835004360860577,0.16520180000225082,,0 kicks
lkh_compare,d15112,15112,iterated + CHAIN reopt depth,2.147374202521925,0.3010964999848511,,1600 kicks
lkh_compare,d15112,15112,iterated + CHAIN reopt depth,1.588472071421488,0.6651159999892116,,6400 kicks
lkh_compare,d15112,15112,iterated + CHAIN reopt depth,1.0340197980527424,2.0823301000054926,,25600 kicks
lkh_compare,d15112,15112,iterated + CHAIN reopt depth,0.7256446572465297,7.582378699997207,,102400 kicks
lkh_compare,d15112,15112,iterated + CHAIN reopt depth,0.5409755613813375,29.919797600014135,,409600 kicks
lkh_compare,d15112,15112,iterated + EFFORT-aimed kicks,2.5100376076547724,0.3303584999812301,,0 kicks
lkh_compare,d15112,15112,iterated + EFFORT-aimed kicks,1.8333413854568479,0.6980589999875519,,1600 kicks
lkh_compare,d15112,15112,iterated + EFFORT-aimed kicks,1.355490234469361,1.601050800003577,,6400 kicks
lkh_compare,d15112,15112,iterated + EFFORT-aimed kicks,0.9065631587378677,4.802786799991736,,25600 kicks
lkh_compare,d15112,15112,iterated + EFFORT-aimed kicks,0.674979848501415,16.880835399992066,,102400 kicks
lkh_compare,d15112,15112,iterated + EFFORT-aimed kicks,0.5439633230011874,64.67595730000176,,409600 kicks
lkh_compare,d15112,15112,iterated + both,2.835004360860577,0.16487599999527447,,0 kicks
lkh_compare,d15112,15112,iterated + both,2.234146428289907,0.29648679998354055,,1600 kicks
lkh_compare,d15112,15112,iterated + both,1.659161239959214,0.703957799996715,,6400 kicks
lkh_compare,d15112,15112,iterated + both,1.0541712966376875,2.1875656000047456,,25600 kicks
lkh_compare,d15112,15112,iterated + both,0.7768180211609806,8.049643500009552,,102400 kicks
lkh_compare,d15112,15112,iterated + both,0.6236793457946301,30.34119040000951,,409600 kicks
benchmark/small,d15112,15112,lk_16_4_8,3.2182642503515386,0.7563752269993529,1.003941395819218,
benchmark/large,d15112,15112,lk_16_4_8,3.2182642503515386,0.7579215350001505,1.0037598898757132,
benchmark/small,d15112,15112,lk_24_4_8,3.2500489484350488,0.5573823079998874,1.0072554797351712,
benchmark/large,d15112,15112,lk_24_4_8,3.2500489484350488,0.5511935740000808,1.0069127845632717,
benchmark/small,d15112,15112,lk_32_10_12,2.6845991695294087,0.8747288030003801,1.0070875108104045,
benchmark/large,d15112,15112,lk_32_10_12,2.6845991695294087,0.8830062329998327,1.0068941726003224,
benchmark/small,d15112,15112,lk_32_4_8,2.7235036399836243,0.4675678280000284,1.0061838313126712,
benchmark/large,d15112,15112,lk_32_4_8,2.7235036399836243,0.46686920799947984,1.0061319801967652,
benchmark/small,d15112,15112,lk_32_6_8,2.595029890330078,0.5631893629993101,1.0069138830927027,
benchmark/large,d15112,15112,lk_32_6_8,2.595029890330078,0.5567426490001708,1.006694767203914,
benchmark/small,d15112,15112,lk_64_10_32,2.3355396151763035,0.9545568060002552,1.0070109860831091,
benchmark/large,d15112,15112,lk_64_10_32,2.3355396151763035,0.9181194430007054,1.0070117536630354,
benchmark/small,d15112,15112,nearest-neighbour construction,23.847423278095768,0.004258548000052542,1.1752690128617187,
benchmark/large,d15112,15112,nearest-neighbour construction,23.847423278095768,0.004284991000076843,1.1752690128617187,
benchmark/small,d18512,18512,FIS deferred verification,2.8527458085233666,0.4856318349998219,1.0059237791432494,
benchmark/large,d18512,18512,FIS deferred verification,2.5277494505903246,0.5627566160001152,1.007694386146369,
benchmark/small,d18512,18512,FIS effort,2.641195961800142,0.6645223250002346,1.0044825042296526,
benchmark/large,d18512,18512,FIS effort,2.6177937443237997,0.8896517539997149,1.0052625047581623,
benchmark/small,d18512,18512,FIS effort+chain,3.0694100471453942,0.42567652200023076,1.007029461345093,
benchmark/large,d18512,18512,FIS effort+chain,2.712177522092623,0.45971994599995014,1.0080664026511228,
benchmark/small,d18512,18512,FIS full (fuzzy construction),3.62889352455993,0.34673747100032415,1.0182851645016107,
benchmark/large,d18512,18512,FIS full (fuzzy construction),3.481661030503473,0.40355539899974247,1.0132779122445035,
lkh_compare,d18512,18512,FIS local search,3.0694100471453942,0.2217798999918159,,
benchmark/small,d18512,18512,LK k32/d10/b32,2.4311959308038276,1.1818832970002404,1.0079053264240385,
benchmark/large,d18512,18512,LK k32/d10/b32,2.4311959308038276,1.1781733140001052,1.0078036414983984,
lkh_compare,d18512,18512,LK k32/d10/b32,2.4311959308038276,0.6187796000158414,,
benchmark/small,d18512,18512,LK k32/d2/b4,2.923262424097775,0.46364178499970876,1.003949071971721,
benchmark/large,d18512,18512,LK k32/d2/b4,2.923262424097775,0.45777216600026804,1.0040697080289724,
lkh_compare,d18512,18512,LK k32/d2/b4,2.923262424097775,0.2426145999925211,,
benchmark/small,d18512,18512,LK k32/d3/b8,2.6701775158933603,0.5647140419996504,1.0047638345010088,
benchmark/large,d18512,18512,LK k32/d3/b8,2.6701775158933603,0.563400559999991,1.0050733415359843,
lkh_compare,d18512,18512,LK k32/d3/b8,2.6701775158933603,0.2963066000083927,,
benchmark/small,d18512,18512,LK k32/d6/b32,2.4105833816359237,0.7860670420000133,1.0035207428679007,
benchmark/large,d18512,18512,LK k32/d6/b32,2.4105833816359237,0.7902133839997987,1.003402438675091,
lkh_compare,d18512,18512,LK k32/d6/b32,2.4105833816359237,0.41998900001635775,,
lkh_compare,d18512,18512,LK k32/d6/b8,2.5009376385147806,0.45072299998719245,,
benchmark/small,d18512,18512,LK k48/d10/b32,2.4778453841838206,1.130296109000028,1.0056517538491074,
benchmark/large,d18512,18512,LK k48/d10/b32,2.4778453841838206,1.1289762110000083,1.0055846963209243,
lkh_compare,d18512,18512,LK k48/d10/b32,2.4778453841838206,0.597312800004147,,
lkh_compare,d18512,18512,LKH,0.22425833568388717,2.6711157000099774,,nn5/trials=1
lkh_compare,d18512,18512,LKH,0.11437640064596319,17.450534800009336,,nn5/trials=25
lkh_compare,d18512,18512,LKH,0.07020665242902618,59.60487400001148,,nn5/trials=100
lkh_compare,d18512,18512,LKH,0.038435430027369745,484.60498820000794,,nn5/trials=1000
lkh_compare,d18512,18512,LKH,0.13824356284037828,262.3582187999855,,alpha/trials=1
lkh_compare,d18512,18512,LKH,0.03456089071009457,282.3452824999986,,alpha/trials=25
lkh_compare,d18512,18512,LKH,0.02092251231328595,327.727063600003,,alpha/trials=100
benchmark/small,d18512,18512,construct_fis,20.931036299783955,0.04331759000024249,1.1736233946567567,
benchmark/large,d18512,18512,construct_fis,20.931036299783955,0.043404073999681714,1.1736233946567567,
benchmark/small,d18512,18512,fis_chain_greedy_handwritten,2.748133246956937,0.552895196999998,1.0045630520778273,
benchmark/large,d18512,18512,fis_chain_greedy_handwritten,2.748133246956937,0.5462553219999791,1.0043647180736544,
benchmark/small,d18512,18512,fis_construct_lk,2.707683056484584,1.3662560590000794,1.0086753491775193,
benchmark/large,d18512,18512,fis_construct_lk,2.707683056484584,1.3535244479994617,1.0084547624587679,
benchmark/small,d18512,18512,fis_effort_greedy_handwritten,2.6277125649760245,0.686520427999767,1.0060098374959503,
benchmark/large,d18512,18512,fis_effort_greedy_handwritten,2.6277125649760245,0.6833317010000428,1.005887548748728,
benchmark/small,d18512,18512,fis_effort_nn,3.8677201280767717,0.34955300799992983,1.0140412382046813,
benchmark/large,d18512,18512,fis_effort_nn,3.5551222959590105,0.3726960360004341,1.017924208543351,
benchmark/small,d18512,18512,greedy-edge construction,14.627005849004552,0.17264972600014517,1.1203724763346603,
benchmark/large,d18512,18512,greedy-edge construction,14.627005849004552,0.1709447690000161,1.1203724763346603,
lkh_compare,d18512,18512,iterated (control),2.4105833816359237,0.4156018999929074,,0 kicks
lkh_compare,d18512,18512,iterated (control),1.9496681844528685,0.6912003000034019,,1600 kicks
lkh_compare,d18512,18512,iterated (control),1.5099854627284817,1.4811858000175562,,6400 kicks
lkh_compare,d18512,18512,iterated (control),0.924775044247239,4.378522400016664,,25600 kicks
lkh_compare,d18512,18512,iterated (control),0.6582067392187069,15.37248780002119,,102400 kicks
lkh_compare,d18512,18512,iterated (control),0.5362362415108843,60.25299909999012,,409600 kicks
lkh_compare,d18512,18512,iterated + CHAIN reopt depth,2.8068712630068284,0.21359070000471547,,0 kicks
lkh_compare,d18512,18512,iterated + CHAIN reopt depth,2.3461110473964646,0.34846330000436865,,1600 kicks
lkh_compare,d18512,18512,iterated + CHAIN reopt depth,1.8889154079579937,0.7478362999972887,,6400 kicks
lkh_compare,d18512,18512,iterated + CHAIN reopt depth,1.2229595901047365,2.3294952000142075,,25600 kicks
lkh_compare,d18512,18512,iterated + CHAIN reopt depth,0.8375204188222021,8.489700300007826,,102400 kicks
lkh_compare,d18512,18512,iterated + CHAIN reopt depth,0.6327897612973817,31.794263499992667,,409600 kicks
lkh_compare,d18512,18512,iterated + EFFORT-aimed kicks,2.4105833816359237,0.41296600000350736,,0 kicks
lkh_compare,d18512,18512,iterated + EFFORT-aimed kicks,1.9237862618134705,0.6824430000269786,,1600 kicks
lkh_compare,d18512,18512,iterated + EFFORT-aimed kicks,1.5042511445389144,1.532279400038533,,6400 kicks
lkh_compare,d18512,18512,iterated + EFFORT-aimed kicks,1.0651883491052914,4.520023400022183,,25600 kicks
lkh_compare,d18512,18512,iterated + EFFORT-aimed kicks,0.6589816470821619,15.990010800014716,,102400 kicks
lkh_compare,d18512,18512,iterated + EFFORT-aimed kicks,0.5312768311847721,63.52094600003329,,409600 kicks
lkh_compare,d18512,18512,iterated + both,2.8068712630068284,0.21835560002364218,,0 kicks
lkh_compare,d18512,18512,iterated + both,2.3623841125290204,0.3559030000178609,,1600 kicks
lkh_compare,d18512,18512,iterated + both,1.7486570846726324,0.7495548000151757,,6400 kicks
lkh_compare,d18512,18512,iterated + both,1.1866939020950409,2.2706770000222605,,25600 kicks
lkh_compare,d18512,18512,iterated + both,0.8293063954695786,8.115009700035444,,102400 kicks
lkh_compare,d18512,18512,iterated + both,0.6013285020411073,31.2978116000304,,409600 kicks
benchmark/small,d18512,18512,lk_16_4_8,3.129697878922196,1.265975886000433,1.003941395819218,
benchmark/large,d18512,18512,lk_16_4_8,3.129697878922196,1.2598395710001569,1.0037598898757132,
benchmark/small,d18512,18512,lk_24_4_8,2.7180668218548814,0.7232136999996328,1.0072554797351712,
benchmark/large,d18512,18512,lk_24_4_8,2.7180668218548814,0.7216759819998515,1.0069127845632717,
benchmark/small,d18512,18512,lk_32_10_12,2.4781553473292024,1.2373089159996198,1.0070875108104045,
benchmark/large,d18512,18512,lk_32_10_12,2.4781553473292024,1.221870552999917,1.0068941726003224,
benchmark/small,d18512,18512,lk_32_4_8,2.6010557344731713,0.6193372299994735,1.0061838313126712,
benchmark/large,d18512,18512,lk_32_4_8,2.6010557344731713,0.6186386329995912,1.0061319801967652,
benchmark/small,d18512,18512,lk_32_6_8,2.5009376385147806,0.8482001060001494,1.0069138830927027,
benchmark/large,d18512,18512,lk_32_6_8,2.5009376385147806,0.8479771330003132,1.006694767203914,
benchmark/small,d18512,18512,lk_64_10_32,2.811985654905632,1.1063258300000598,1.0070109860831091,
benchmark/large,d18512,18512,lk_64_10_32,2.811985654905632,1.0983799910000016,1.0070117536630354,
benchmark/small,d18512,18512,nearest-neighbour construction,23.51395919025228,0.006816717000219796,1.1752690128617187,
benchmark/large,d18512,18512,nearest-neighbour construction,23.51395919025228,0.006640425000114192,1.1752690128617187,
