Table 4.4 -- open-set detection, leave-one-class-out
  [rt-iot2022] loaded data\RT_IOT2022.csv: 123117 rows × 82 features
  [data] RT-IOT2022 found (123k × 83, 12 classes) -- using it
  RT-IOT2022: N=123117 M=82 classes=['ARP_poisioning', 'DDOS_Slowloris', 'DOS_SYN_Hping', 'MQTT_Publish', 'Metasploit_Brute_Force_SSH', 'NMAP_FIN_SCAN', 'NMAP_OS_DETECTION', 'NMAP_TCP_scan', 'NMAP_UDP_SCAN', 'NMAP_XMAS_TREE_SCAN', 'Thing_Speak', 'Wipro_bulb']

Features Ranked by Differentiation Strength:
================================================================================
 1. flow_duration                  - Score: 1.0000
 2. fwd_URG_flag_count             - Score: 0.0074
 3. down_up_ratio                  - Score: 0.0041
 4. fwd_PSH_flag_count             - Score: 0.0034
 5. flow_FIN_flag_count            - Score: 0.0030
 6. flow_RST_flag_count            - Score: 0.0030
 7. flow_SYN_flag_count            - Score: 0.0023
 8. fwd_data_pkts_tot              - Score: 0.0013
 9. flow_ACK_flag_count            - Score: 0.0007
10. bwd_subflow_pkts               - Score: 0.0006
11. fwd_pkts_payload.avg           - Score: 0.0005
12. bwd_pkts_tot                   - Score: 0.0005
13. fwd_header_size_min            - Score: 0.0004
14. fwd_header_size_max            - Score: 0.0004
15. fwd_subflow_pkts               - Score: 0.0003
16. fwd_pkts_payload.max           - Score: 0.0002
17. fwd_pkts_payload.std           - Score: 0.0002
18. bwd_header_size_max            - Score: 0.0002
19. bwd_PSH_flag_count             - Score: 0.0002
20. bwd_header_size_min            - Score: 0.0002
21. fwd_subflow_bytes              - Score: 0.0002
22. fwd_pkts_tot                   - Score: 0.0002
23. flow_pkts_payload.max          - Score: 0.0002
24. fwd_pkts_payload.tot           - Score: 0.0001
25. bwd_data_pkts_tot              - Score: 0.0001
26. flow_pkts_payload.tot          - Score: 0.0001
27. bwd_pkts_payload.std           - Score: 0.0001
28. fwd_pkts_payload.min           - Score: 0.0001
29. flow_ECE_flag_count            - Score: 0.0001
30. flow_CWR_flag_count            - Score: 0.0001
31. bwd_header_size_tot            - Score: 0.0001
32. flow_pkts_payload.std          - Score: 0.0000
33. flow_pkts_payload.avg          - Score: 0.0000
34. fwd_last_window_size           - Score: 0.0000
35. fwd_init_window_size           - Score: 0.0000
36. fwd_header_size_tot            - Score: 0.0000
37. bwd_pkts_payload.avg           - Score: 0.0000
38. flow_pkts_payload.min          - Score: 0.0000
39. bwd_pkts_payload.max           - Score: 0.0000
40. fwd_bulk_packets               - Score: 0.0000
41. bwd_bulk_packets               - Score: 0.0000
42. id.resp_p                      - Score: 0.0000
43. bwd_pkts_payload.min           - Score: 0.0000
44. Unnamed: 0                     - Score: 0.0000
45. flow_iat.min                   - Score: 0.0000
46. bwd_pkts_per_sec               - Score: 0.0000
47. bwd_subflow_bytes              - Score: 0.0000
48. flow_iat.avg                   - Score: 0.0000
49. flow_iat.max                   - Score: 0.0000
50. active.min                     - Score: 0.0000
51. active.avg                     - Score: 0.0000
52. active.max                     - Score: 0.0000
53. active.tot                     - Score: 0.0000
54. flow_iat.tot                   - Score: 0.0000
55. fwd_iat.min                    - Score: 0.0000
56. bwd_pkts_payload.tot           - Score: 0.0000
57. fwd_iat.avg                    - Score: 0.0000
58. fwd_iat.max                    - Score: 0.0000
59. fwd_iat.tot                    - Score: 0.0000
60. fwd_pkts_per_sec               - Score: 0.0000
61. flow_pkts_per_sec              - Score: 0.0000
62. bwd_init_window_size           - Score: 0.0000
63. fwd_bulk_rate                  - Score: 0.0000
64. fwd_bulk_bytes                 - Score: 0.0000
65. id.orig_p                      - Score: 0.0000
66. payload_bytes_per_second       - Score: 0.0000
67. bwd_bulk_bytes                 - Score: 0.0000
68. bwd_iat.min                    - Score: 0.0000
69. bwd_bulk_rate                  - Score: 0.0000
70. fwd_iat.std                    - Score: 0.0000
71. flow_iat.std                   - Score: 0.0000
72. bwd_iat.avg                    - Score: 0.0000
73. bwd_iat.max                    - Score: 0.0000
74. bwd_iat.tot                    - Score: 0.0000
75. bwd_iat.std                    - Score: 0.0000
76. active.std                     - Score: 0.0000
77. idle.std                       - Score: 0.0000
78. idle.min                       - Score: 0.0000
79. idle.avg                       - Score: 0.0000
80. idle.max                       - Score: 0.0000
81. idle.tot                       - Score: 0.0000
82. bwd_URG_flag_count             - Score: 0.0000
================================================================================

Features Ranked by Differentiation Strength:
================================================================================
 1. flow_duration                  - Score: 1.0000
 2. fwd_URG_flag_count             - Score: 0.0012
 3. down_up_ratio                  - Score: 0.0012
 4. flow_RST_flag_count            - Score: 0.0006
 5. flow_SYN_flag_count            - Score: 0.0005
 6. fwd_PSH_flag_count             - Score: 0.0005
 7. flow_FIN_flag_count            - Score: 0.0004
 8. fwd_data_pkts_tot              - Score: 0.0003
 9. bwd_subflow_pkts               - Score: 0.0003
10. bwd_pkts_tot                   - Score: 0.0002
11. fwd_header_size_min            - Score: 0.0001
12. fwd_header_size_max            - Score: 0.0001
13. bwd_PSH_flag_count             - Score: 0.0001
14. fwd_pkts_payload.avg           - Score: 0.0001
15. flow_ACK_flag_count            - Score: 0.0001
16. fwd_subflow_pkts               - Score: 0.0001
17. bwd_header_size_min            - Score: 0.0000
18. bwd_header_size_max            - Score: 0.0000
19. fwd_pkts_payload.max           - Score: 0.0000
20. bwd_data_pkts_tot              - Score: 0.0000
21. fwd_pkts_tot                   - Score: 0.0000
22. flow_pkts_payload.max          - Score: 0.0000
23. fwd_subflow_bytes              - Score: 0.0000
24. fwd_pkts_payload.tot           - Score: 0.0000
25. flow_pkts_payload.tot          - Score: 0.0000
26. fwd_pkts_payload.min           - Score: 0.0000
27. fwd_pkts_payload.std           - Score: 0.0000
28. flow_CWR_flag_count            - Score: 0.0000
29. flow_ECE_flag_count            - Score: 0.0000
30. bwd_header_size_tot            - Score: 0.0000
31. fwd_last_window_size           - Score: 0.0000
32. fwd_init_window_size           - Score: 0.0000
33. flow_pkts_payload.avg          - Score: 0.0000
34. flow_pkts_payload.std          - Score: 0.0000
35. id.resp_p                      - Score: 0.0000
36. fwd_header_size_tot            - Score: 0.0000
37. bwd_pkts_payload.std           - Score: 0.0000
38. bwd_pkts_payload.avg           - Score: 0.0000
39. flow_iat.min                   - Score: 0.0000
40. fwd_bulk_packets               - Score: 0.0000
41. flow_pkts_payload.min          - Score: 0.0000
42. flow_iat.avg                   - Score: 0.0000
43. flow_iat.max                   - Score: 0.0000
44. active.min                     - Score: 0.0000
45. active.avg                     - Score: 0.0000
46. active.max                     - Score: 0.0000
47. active.tot                     - Score: 0.0000
48. flow_iat.tot                   - Score: 0.0000
49. bwd_pkts_payload.max           - Score: 0.0000
50. bwd_bulk_packets               - Score: 0.0000
51. bwd_pkts_per_sec               - Score: 0.0000
52. bwd_pkts_payload.min           - Score: 0.0000
53. Unnamed: 0                     - Score: 0.0000
54. fwd_pkts_per_sec               - Score: 0.0000
55. bwd_subflow_bytes              - Score: 0.0000
56. flow_pkts_per_sec              - Score: 0.0000
57. bwd_pkts_payload.tot           - Score: 0.0000
58. payload_bytes_per_second       - Score: 0.0000
59. fwd_bulk_rate                  - Score: 0.0000
60. bwd_init_window_size           - Score: 0.0000
61. fwd_bulk_bytes                 - Score: 0.0000
62. fwd_iat.min                    - Score: 0.0000
63. id.orig_p                      - Score: 0.0000
64. bwd_iat.min                    - Score: 0.0000
65. bwd_bulk_rate                  - Score: 0.0000
66. bwd_bulk_bytes                 - Score: 0.0000
67. fwd_iat.std                    - Score: 0.0000
68. flow_iat.std                   - Score: 0.0000
69. fwd_iat.avg                    - Score: 0.0000
70. fwd_iat.max                    - Score: 0.0000
71. fwd_iat.tot                    - Score: 0.0000
72. bwd_iat.std                    - Score: 0.0000
73. bwd_iat.avg                    - Score: 0.0000
74. bwd_iat.max                    - Score: 0.0000
75. bwd_iat.tot                    - Score: 0.0000
76. active.std                     - Score: 0.0000
77. idle.std                       - Score: 0.0000
78. idle.min                       - Score: 0.0000
79. idle.avg                       - Score: 0.0000
80. idle.max                       - Score: 0.0000
81. idle.tot                       - Score: 0.0000
82. bwd_URG_flag_count             - Score: 0.0000
================================================================================

Features Ranked by Differentiation Strength:
================================================================================
 1. flow_duration                  - Score: 1.0000
 2. fwd_URG_flag_count             - Score: 0.0058
 3. down_up_ratio                  - Score: 0.0052
 4. flow_RST_flag_count            - Score: 0.0036
 5. flow_SYN_flag_count            - Score: 0.0028
 6. fwd_PSH_flag_count             - Score: 0.0024
 7. flow_FIN_flag_count            - Score: 0.0021
 8. fwd_data_pkts_tot              - Score: 0.0018
 9. bwd_subflow_pkts               - Score: 0.0007
10. fwd_pkts_payload.avg           - Score: 0.0006
11. bwd_PSH_flag_count             - Score: 0.0005
12. fwd_header_size_min            - Score: 0.0005
13. fwd_header_size_max            - Score: 0.0005
14. bwd_pkts_tot                   - Score: 0.0005
15. fwd_subflow_pkts               - Score: 0.0004
16. fwd_pkts_payload.max           - Score: 0.0002
17. flow_pkts_payload.max          - Score: 0.0002
18. fwd_subflow_bytes              - Score: 0.0002
19. fwd_pkts_tot                   - Score: 0.0002
20. bwd_header_size_max            - Score: 0.0002
21. bwd_data_pkts_tot              - Score: 0.0002
22. bwd_header_size_min            - Score: 0.0002
23. fwd_pkts_payload.tot           - Score: 0.0002
24. flow_ACK_flag_count            - Score: 0.0002
25. flow_pkts_payload.tot          - Score: 0.0002
26. flow_CWR_flag_count            - Score: 0.0001
27. flow_ECE_flag_count            - Score: 0.0001
28. fwd_pkts_payload.min           - Score: 0.0001
29. fwd_pkts_payload.std           - Score: 0.0001
30. flow_pkts_payload.avg          - Score: 0.0000
31. bwd_header_size_tot            - Score: 0.0000
32. flow_pkts_payload.std          - Score: 0.0000
33. fwd_last_window_size           - Score: 0.0000
34. fwd_init_window_size           - Score: 0.0000
35. bwd_pkts_payload.std           - Score: 0.0000
36. bwd_pkts_payload.avg           - Score: 0.0000
37. fwd_header_size_tot            - Score: 0.0000
38. flow_pkts_payload.min          - Score: 0.0000
39. bwd_bulk_packets               - Score: 0.0000
40. bwd_pkts_payload.max           - Score: 0.0000
41. fwd_bulk_packets               - Score: 0.0000
42. bwd_pkts_payload.min           - Score: 0.0000
43. id.resp_p                      - Score: 0.0000
44. Unnamed: 0                     - Score: 0.0000
45. flow_iat.min                   - Score: 0.0000
46. bwd_pkts_per_sec               - Score: 0.0000
47. bwd_subflow_bytes              - Score: 0.0000
48. flow_iat.avg                   - Score: 0.0000
49. flow_iat.max                   - Score: 0.0000
50. active.min                     - Score: 0.0000
51. active.avg                     - Score: 0.0000
52. active.max                     - Score: 0.0000
53. active.tot                     - Score: 0.0000
54. flow_iat.tot                   - Score: 0.0000
55. bwd_pkts_payload.tot           - Score: 0.0000
56. fwd_pkts_per_sec               - Score: 0.0000
57. flow_pkts_per_sec              - Score: 0.0000
58. payload_bytes_per_second       - Score: 0.0000
59. fwd_iat.min                    - Score: 0.0000
60. fwd_bulk_rate                  - Score: 0.0000
61. bwd_init_window_size           - Score: 0.0000
62. bwd_iat.min                    - Score: 0.0000
63. id.orig_p                      - Score: 0.0000
64. fwd_bulk_bytes                 - Score: 0.0000
65. bwd_bulk_bytes                 - Score: 0.0000
66. bwd_bulk_rate                  - Score: 0.0000
67. flow_iat.std                   - Score: 0.0000
68. fwd_iat.avg                    - Score: 0.0000
69. fwd_iat.std                    - Score: 0.0000
70. fwd_iat.max                    - Score: 0.0000
71. fwd_iat.tot                    - Score: 0.0000
72. bwd_iat.std                    - Score: 0.0000
73. bwd_iat.avg                    - Score: 0.0000
74. bwd_iat.max                    - Score: 0.0000
75. bwd_iat.tot                    - Score: 0.0000
76. active.std                     - Score: 0.0000
77. idle.std                       - Score: 0.0000
78. idle.min                       - Score: 0.0000
79. idle.avg                       - Score: 0.0000
80. idle.max                       - Score: 0.0000
81. idle.tot                       - Score: 0.0000
82. bwd_URG_flag_count             - Score: 0.0000
================================================================================

Features Ranked by Differentiation Strength:
================================================================================
 1. flow_duration                  - Score: 1.0000
 2. fwd_URG_flag_count             - Score: 0.0064
 3. down_up_ratio                  - Score: 0.0044
 4. flow_RST_flag_count            - Score: 0.0034
 5. fwd_PSH_flag_count             - Score: 0.0029
 6. flow_FIN_flag_count            - Score: 0.0027
 7. flow_SYN_flag_count            - Score: 0.0022
 8. fwd_data_pkts_tot              - Score: 0.0017
 9. bwd_subflow_pkts               - Score: 0.0007
10. fwd_pkts_payload.avg           - Score: 0.0006
11. fwd_header_size_min            - Score: 0.0005
12. bwd_pkts_tot                   - Score: 0.0005
13. fwd_header_size_max            - Score: 0.0005
14. fwd_subflow_pkts               - Score: 0.0003
15. bwd_PSH_flag_count             - Score: 0.0003
16. fwd_pkts_payload.max           - Score: 0.0002
17. flow_pkts_payload.max          - Score: 0.0002
18. fwd_subflow_bytes              - Score: 0.0002
19. bwd_data_pkts_tot              - Score: 0.0002
20. fwd_pkts_payload.tot           - Score: 0.0002
21. bwd_header_size_max            - Score: 0.0002
22. bwd_header_size_min            - Score: 0.0002
23. fwd_pkts_tot                   - Score: 0.0002
24. flow_pkts_payload.tot          - Score: 0.0002
25. flow_ACK_flag_count            - Score: 0.0002
26. fwd_pkts_payload.std           - Score: 0.0001
27. flow_ECE_flag_count            - Score: 0.0001
28. fwd_pkts_payload.min           - Score: 0.0001
29. flow_CWR_flag_count            - Score: 0.0001
30. bwd_header_size_tot            - Score: 0.0000
31. flow_pkts_payload.avg          - Score: 0.0000
32. flow_pkts_payload.std          - Score: 0.0000
33. fwd_last_window_size           - Score: 0.0000
34. fwd_init_window_size           - Score: 0.0000
35. bwd_pkts_payload.std           - Score: 0.0000
36. bwd_pkts_payload.avg           - Score: 0.0000
37. fwd_header_size_tot            - Score: 0.0000
38. flow_pkts_payload.min          - Score: 0.0000
39. fwd_bulk_packets               - Score: 0.0000
40. bwd_pkts_payload.max           - Score: 0.0000
41. bwd_pkts_payload.min           - Score: 0.0000
42. bwd_bulk_packets               - Score: 0.0000
43. Unnamed: 0                     - Score: 0.0000
44. id.resp_p                      - Score: 0.0000
45. flow_iat.min                   - Score: 0.0000
46. bwd_subflow_bytes              - Score: 0.0000
47. bwd_pkts_per_sec               - Score: 0.0000
48. flow_iat.avg                   - Score: 0.0000
49. flow_iat.max                   - Score: 0.0000
50. active.min                     - Score: 0.0000
51. active.avg                     - Score: 0.0000
52. active.max                     - Score: 0.0000
53. active.tot                     - Score: 0.0000
54. flow_iat.tot                   - Score: 0.0000
55. bwd_pkts_payload.tot           - Score: 0.0000
56. fwd_pkts_per_sec               - Score: 0.0000
57. fwd_iat.min                    - Score: 0.0000
58. flow_pkts_per_sec              - Score: 0.0000
59. fwd_bulk_rate                  - Score: 0.0000
60. bwd_init_window_size           - Score: 0.0000
61. fwd_iat.avg                    - Score: 0.0000
62. fwd_iat.max                    - Score: 0.0000
63. fwd_iat.tot                    - Score: 0.0000
64. fwd_bulk_bytes                 - Score: 0.0000
65. id.orig_p                      - Score: 0.0000
66. bwd_iat.min                    - Score: 0.0000
67. payload_bytes_per_second       - Score: 0.0000
68. bwd_bulk_rate                  - Score: 0.0000
69. bwd_bulk_bytes                 - Score: 0.0000
70. flow_iat.std                   - Score: 0.0000
71. fwd_iat.std                    - Score: 0.0000
72. bwd_iat.avg                    - Score: 0.0000
73. bwd_iat.std                    - Score: 0.0000
74. bwd_iat.max                    - Score: 0.0000
75. bwd_iat.tot                    - Score: 0.0000
76. active.std                     - Score: 0.0000
77. idle.std                       - Score: 0.0000
78. idle.min                       - Score: 0.0000
79. idle.avg                       - Score: 0.0000
80. idle.max                       - Score: 0.0000
81. idle.tot                       - Score: 0.0000
82. bwd_URG_flag_count             - Score: 0.0000
================================================================================

Features Ranked by Differentiation Strength:
================================================================================
 1. flow_duration                  - Score: 1.0000
 2. fwd_URG_flag_count             - Score: 0.0057
 3. down_up_ratio                  - Score: 0.0053
 4. flow_RST_flag_count            - Score: 0.0046
 5. flow_SYN_flag_count            - Score: 0.0024
 6. fwd_PSH_flag_count             - Score: 0.0024
 7. flow_FIN_flag_count            - Score: 0.0019
 8. fwd_data_pkts_tot              - Score: 0.0017
 9. bwd_subflow_pkts               - Score: 0.0010
10. fwd_subflow_pkts               - Score: 0.0007
11. bwd_PSH_flag_count             - Score: 0.0006
12. bwd_pkts_tot                   - Score: 0.0006
13. fwd_pkts_payload.avg           - Score: 0.0006
14. fwd_header_size_max            - Score: 0.0005
15. fwd_pkts_tot                   - Score: 0.0005
16. bwd_data_pkts_tot              - Score: 0.0005
17. fwd_header_size_min            - Score: 0.0004
18. flow_ACK_flag_count            - Score: 0.0003
19. fwd_pkts_payload.max           - Score: 0.0002
20. flow_pkts_payload.max          - Score: 0.0002
21. fwd_subflow_bytes              - Score: 0.0002
22. fwd_pkts_payload.tot           - Score: 0.0002
23. bwd_header_size_min            - Score: 0.0002
24. flow_pkts_payload.tot          - Score: 0.0002
25. bwd_header_size_max            - Score: 0.0001
26. fwd_pkts_payload.min           - Score: 0.0001
27. flow_ECE_flag_count            - Score: 0.0001
28. fwd_pkts_payload.std           - Score: 0.0001
29. flow_CWR_flag_count            - Score: 0.0001
30. flow_pkts_payload.avg          - Score: 0.0000
31. bwd_header_size_tot            - Score: 0.0000
32. flow_pkts_payload.std          - Score: 0.0000
33. bwd_pkts_payload.avg           - Score: 0.0000
34. fwd_last_window_size           - Score: 0.0000
35. fwd_header_size_tot            - Score: 0.0000
36. fwd_init_window_size           - Score: 0.0000
37. bwd_pkts_payload.std           - Score: 0.0000
38. flow_pkts_payload.min          - Score: 0.0000
39. bwd_pkts_payload.max           - Score: 0.0000
40. bwd_pkts_payload.min           - Score: 0.0000
41. bwd_subflow_bytes              - Score: 0.0000
42. bwd_bulk_packets               - Score: 0.0000
43. id.resp_p                      - Score: 0.0000
44. Unnamed: 0                     - Score: 0.0000
45. flow_iat.min                   - Score: 0.0000
46. bwd_pkts_per_sec               - Score: 0.0000
47. bwd_pkts_payload.tot           - Score: 0.0000
48. fwd_bulk_packets               - Score: 0.0000
49. bwd_iat.min                    - Score: 0.0000
50. flow_iat.avg                   - Score: 0.0000
51. flow_iat.max                   - Score: 0.0000
52. active.min                     - Score: 0.0000
53. active.avg                     - Score: 0.0000
54. active.max                     - Score: 0.0000
55. active.tot                     - Score: 0.0000
56. flow_iat.tot                   - Score: 0.0000
57. fwd_pkts_per_sec               - Score: 0.0000
58. flow_pkts_per_sec              - Score: 0.0000
59. payload_bytes_per_second       - Score: 0.0000
60. fwd_iat.min                    - Score: 0.0000
61. fwd_bulk_rate                  - Score: 0.0000
62. bwd_init_window_size           - Score: 0.0000
63. id.orig_p                      - Score: 0.0000
64. fwd_bulk_bytes                 - Score: 0.0000
65. bwd_bulk_rate                  - Score: 0.0000
66. bwd_bulk_bytes                 - Score: 0.0000
67. flow_iat.std                   - Score: 0.0000
68. fwd_iat.avg                    - Score: 0.0000
69. bwd_iat.avg                    - Score: 0.0000
70. fwd_iat.std                    - Score: 0.0000
71. fwd_iat.max                    - Score: 0.0000
72. fwd_iat.tot                    - Score: 0.0000
73. bwd_iat.std                    - Score: 0.0000
74. bwd_iat.max                    - Score: 0.0000
75. bwd_iat.tot                    - Score: 0.0000
76. active.std                     - Score: 0.0000
77. idle.std                       - Score: 0.0000
78. idle.min                       - Score: 0.0000
79. idle.avg                       - Score: 0.0000
80. idle.max                       - Score: 0.0000
81. idle.tot                       - Score: 0.0000
82. bwd_URG_flag_count             - Score: 0.0000
================================================================================

Features Ranked by Differentiation Strength:
================================================================================
 1. flow_duration                  - Score: 1.0000
 2. fwd_URG_flag_count             - Score: 0.0067
 3. down_up_ratio                  - Score: 0.0043
 4. flow_RST_flag_count            - Score: 0.0035
 5. flow_SYN_flag_count            - Score: 0.0031
 6. fwd_PSH_flag_count             - Score: 0.0030
 7. flow_FIN_flag_count            - Score: 0.0024
 8. fwd_data_pkts_tot              - Score: 0.0018
 9. bwd_subflow_pkts               - Score: 0.0007
10. fwd_header_size_min            - Score: 0.0007
11. fwd_pkts_payload.avg           - Score: 0.0006
12. bwd_pkts_tot                   - Score: 0.0005
13. fwd_header_size_max            - Score: 0.0005
14. flow_ACK_flag_count            - Score: 0.0005
15. fwd_subflow_pkts               - Score: 0.0003
16. bwd_PSH_flag_count             - Score: 0.0003
17. fwd_pkts_payload.max           - Score: 0.0002
18. flow_pkts_payload.max          - Score: 0.0002
19. bwd_header_size_min            - Score: 0.0002
20. fwd_pkts_tot                   - Score: 0.0002
21. fwd_subflow_bytes              - Score: 0.0002
22. bwd_data_pkts_tot              - Score: 0.0002
23. bwd_header_size_max            - Score: 0.0002
24. fwd_pkts_payload.tot           - Score: 0.0002
25. flow_pkts_payload.tot          - Score: 0.0002
26. fwd_pkts_payload.std           - Score: 0.0001
27. fwd_pkts_payload.min           - Score: 0.0001
28. flow_ECE_flag_count            - Score: 0.0001
29. flow_CWR_flag_count            - Score: 0.0001
30. bwd_header_size_tot            - Score: 0.0001
31. flow_pkts_payload.avg          - Score: 0.0000
32. flow_pkts_payload.std          - Score: 0.0000
33. fwd_last_window_size           - Score: 0.0000
34. fwd_init_window_size           - Score: 0.0000
35. bwd_pkts_payload.std           - Score: 0.0000
36. fwd_header_size_tot            - Score: 0.0000
37. bwd_pkts_payload.avg           - Score: 0.0000
38. flow_pkts_payload.min          - Score: 0.0000
39. bwd_pkts_payload.max           - Score: 0.0000
40. id.resp_p                      - Score: 0.0000
41. fwd_bulk_packets               - Score: 0.0000
42. bwd_pkts_payload.min           - Score: 0.0000
43. Unnamed: 0                     - Score: 0.0000
44. flow_iat.min                   - Score: 0.0000
45. bwd_bulk_packets               - Score: 0.0000
46. bwd_pkts_per_sec               - Score: 0.0000
47. bwd_subflow_bytes              - Score: 0.0000
48. flow_iat.avg                   - Score: 0.0000
49. flow_iat.max                   - Score: 0.0000
50. active.min                     - Score: 0.0000
51. active.avg                     - Score: 0.0000
52. active.max                     - Score: 0.0000
53. active.tot                     - Score: 0.0000
54. flow_iat.tot                   - Score: 0.0000
55. fwd_iat.min                    - Score: 0.0000
56. bwd_pkts_payload.tot           - Score: 0.0000
57. fwd_pkts_per_sec               - Score: 0.0000
58. fwd_iat.avg                    - Score: 0.0000
59. fwd_iat.max                    - Score: 0.0000
60. fwd_iat.tot                    - Score: 0.0000
61. flow_pkts_per_sec              - Score: 0.0000
62. fwd_bulk_rate                  - Score: 0.0000
63. bwd_init_window_size           - Score: 0.0000
64. id.orig_p                      - Score: 0.0000
65. fwd_bulk_bytes                 - Score: 0.0000
66. payload_bytes_per_second       - Score: 0.0000
67. bwd_iat.min                    - Score: 0.0000
68. bwd_bulk_rate                  - Score: 0.0000
69. bwd_bulk_bytes                 - Score: 0.0000
70. flow_iat.std                   - Score: 0.0000
71. fwd_iat.std                    - Score: 0.0000
72. bwd_iat.avg                    - Score: 0.0000
73. bwd_iat.std                    - Score: 0.0000
74. bwd_iat.max                    - Score: 0.0000
75. bwd_iat.tot                    - Score: 0.0000
76. active.std                     - Score: 0.0000
77. idle.std                       - Score: 0.0000
78. idle.min                       - Score: 0.0000
79. idle.avg                       - Score: 0.0000
80. idle.max                       - Score: 0.0000
81. idle.tot                       - Score: 0.0000
82. bwd_URG_flag_count             - Score: 0.0000
================================================================================

Features Ranked by Differentiation Strength:
================================================================================
 1. flow_duration                  - Score: 1.0000
 2. fwd_URG_flag_count             - Score: 0.0063
 3. down_up_ratio                  - Score: 0.0040
 4. flow_RST_flag_count            - Score: 0.0039
 5. flow_SYN_flag_count            - Score: 0.0024
 6. fwd_PSH_flag_count             - Score: 0.0022
 7. flow_FIN_flag_count            - Score: 0.0021
 8. fwd_data_pkts_tot              - Score: 0.0014
 9. bwd_subflow_pkts               - Score: 0.0008
10. bwd_pkts_tot                   - Score: 0.0006
11. fwd_pkts_payload.avg           - Score: 0.0004
12. fwd_header_size_min            - Score: 0.0004
13. fwd_header_size_max            - Score: 0.0004
14. fwd_subflow_pkts               - Score: 0.0002
15. bwd_PSH_flag_count             - Score: 0.0002
16. bwd_header_size_min            - Score: 0.0002
17. bwd_header_size_max            - Score: 0.0002
18. fwd_pkts_payload.max           - Score: 0.0002
19. flow_pkts_payload.max          - Score: 0.0002
20. fwd_subflow_bytes              - Score: 0.0001
21. flow_ACK_flag_count            - Score: 0.0001
22. fwd_pkts_tot                   - Score: 0.0001
23. bwd_data_pkts_tot              - Score: 0.0001
24. fwd_pkts_payload.tot           - Score: 0.0001
25. flow_pkts_payload.tot          - Score: 0.0001
26. flow_ECE_flag_count            - Score: 0.0001
27. bwd_header_size_tot            - Score: 0.0001
28. fwd_pkts_payload.min           - Score: 0.0001
29. flow_CWR_flag_count            - Score: 0.0001
30. fwd_pkts_payload.std           - Score: 0.0001
31. flow_pkts_payload.avg          - Score: 0.0000
32. flow_pkts_payload.std          - Score: 0.0000
33. fwd_last_window_size           - Score: 0.0000
34. fwd_init_window_size           - Score: 0.0000
35. bwd_pkts_payload.std           - Score: 0.0000
36. bwd_pkts_payload.avg           - Score: 0.0000
37. fwd_header_size_tot            - Score: 0.0000
38. flow_pkts_payload.min          - Score: 0.0000
39. fwd_bulk_packets               - Score: 0.0000
40. bwd_pkts_payload.max           - Score: 0.0000
41. bwd_bulk_packets               - Score: 0.0000
42. bwd_pkts_payload.min           - Score: 0.0000
43. Unnamed: 0                     - Score: 0.0000
44. id.resp_p                      - Score: 0.0000
45. bwd_pkts_per_sec               - Score: 0.0000
46. flow_iat.min                   - Score: 0.0000
47. bwd_subflow_bytes              - Score: 0.0000
48. flow_iat.avg                   - Score: 0.0000
49. flow_iat.max                   - Score: 0.0000
50. active.min                     - Score: 0.0000
51. active.avg                     - Score: 0.0000
52. active.max                     - Score: 0.0000
53. active.tot                     - Score: 0.0000
54. flow_iat.tot                   - Score: 0.0000
55. bwd_pkts_payload.tot           - Score: 0.0000
56. fwd_pkts_per_sec               - Score: 0.0000
57. fwd_iat.min                    - Score: 0.0000
58. flow_pkts_per_sec              - Score: 0.0000
59. fwd_bulk_rate                  - Score: 0.0000
60. bwd_init_window_size           - Score: 0.0000
61. fwd_bulk_bytes                 - Score: 0.0000
62. id.orig_p                      - Score: 0.0000
63. bwd_iat.min                    - Score: 0.0000
64. payload_bytes_per_second       - Score: 0.0000
65. bwd_bulk_rate                  - Score: 0.0000
66. bwd_bulk_bytes                 - Score: 0.0000
67. fwd_iat.avg                    - Score: 0.0000
68. flow_iat.std                   - Score: 0.0000
69. fwd_iat.std                    - Score: 0.0000
70. bwd_iat.avg                    - Score: 0.0000
71. fwd_iat.max                    - Score: 0.0000
72. fwd_iat.tot                    - Score: 0.0000
73. bwd_iat.std                    - Score: 0.0000
74. bwd_iat.max                    - Score: 0.0000
75. bwd_iat.tot                    - Score: 0.0000
76. active.std                     - Score: 0.0000
77. idle.std                       - Score: 0.0000
78. idle.min                       - Score: 0.0000
79. idle.avg                       - Score: 0.0000
80. idle.max                       - Score: 0.0000
81. idle.tot                       - Score: 0.0000
82. bwd_URG_flag_count             - Score: 0.0000
================================================================================

Features Ranked by Differentiation Strength:
================================================================================
 1. flow_duration                  - Score: 1.0000
 2. fwd_URG_flag_count             - Score: 0.0077
 3. down_up_ratio                  - Score: 0.0053
 4. flow_RST_flag_count            - Score: 0.0033
 5. flow_FIN_flag_count            - Score: 0.0031
 6. fwd_PSH_flag_count             - Score: 0.0028
 7. flow_SYN_flag_count            - Score: 0.0020
 8. fwd_data_pkts_tot              - Score: 0.0016
 9. bwd_subflow_pkts               - Score: 0.0015
10. bwd_pkts_tot                   - Score: 0.0010
11. fwd_subflow_pkts               - Score: 0.0006
12. fwd_pkts_payload.avg           - Score: 0.0006
13. bwd_data_pkts_tot              - Score: 0.0006
14. bwd_PSH_flag_count             - Score: 0.0005
15. fwd_header_size_max            - Score: 0.0005
16. fwd_pkts_tot                   - Score: 0.0005
17. fwd_header_size_min            - Score: 0.0005
18. flow_ACK_flag_count            - Score: 0.0003
19. fwd_pkts_payload.max           - Score: 0.0003
20. flow_pkts_payload.max          - Score: 0.0003
21. bwd_pkts_payload.avg           - Score: 0.0002
22. bwd_header_size_max            - Score: 0.0002
23. bwd_header_size_min            - Score: 0.0002
24. fwd_subflow_bytes              - Score: 0.0002
25. fwd_pkts_payload.tot           - Score: 0.0002
26. bwd_pkts_payload.std           - Score: 0.0002
27. flow_pkts_payload.avg          - Score: 0.0002
28. flow_pkts_payload.tot          - Score: 0.0002
29. fwd_pkts_payload.std           - Score: 0.0001
30. bwd_header_size_tot            - Score: 0.0001
31. flow_pkts_payload.std          - Score: 0.0001
32. flow_CWR_flag_count            - Score: 0.0001
33. fwd_pkts_payload.min           - Score: 0.0001
34. bwd_subflow_bytes              - Score: 0.0001
35. flow_ECE_flag_count            - Score: 0.0001
36. bwd_pkts_payload.tot           - Score: 0.0001
37. bwd_pkts_payload.max           - Score: 0.0000
38. fwd_header_size_tot            - Score: 0.0000
39. fwd_last_window_size           - Score: 0.0000
40. fwd_init_window_size           - Score: 0.0000
41. flow_pkts_payload.min          - Score: 0.0000
42. bwd_bulk_packets               - Score: 0.0000
43. payload_bytes_per_second       - Score: 0.0000
44. id.resp_p                      - Score: 0.0000
45. bwd_pkts_payload.min           - Score: 0.0000
46. Unnamed: 0                     - Score: 0.0000
47. flow_iat.min                   - Score: 0.0000
48. bwd_pkts_per_sec               - Score: 0.0000
49. fwd_bulk_packets               - Score: 0.0000
50. flow_iat.avg                   - Score: 0.0000
51. flow_iat.max                   - Score: 0.0000
52. active.min                     - Score: 0.0000
53. active.avg                     - Score: 0.0000
54. active.max                     - Score: 0.0000
55. active.tot                     - Score: 0.0000
56. flow_iat.tot                   - Score: 0.0000
57. fwd_pkts_per_sec               - Score: 0.0000
58. flow_pkts_per_sec              - Score: 0.0000
59. fwd_iat.min                    - Score: 0.0000
60. bwd_iat.min                    - Score: 0.0000
61. fwd_bulk_rate                  - Score: 0.0000
62. bwd_init_window_size           - Score: 0.0000
63. fwd_iat.avg                    - Score: 0.0000
64. fwd_iat.max                    - Score: 0.0000
65. fwd_iat.tot                    - Score: 0.0000
66. id.orig_p                      - Score: 0.0000
67. fwd_bulk_bytes                 - Score: 0.0000
68. bwd_bulk_bytes                 - Score: 0.0000
69. bwd_bulk_rate                  - Score: 0.0000
70. fwd_iat.std                    - Score: 0.0000
71. flow_iat.std                   - Score: 0.0000
72. bwd_iat.avg                    - Score: 0.0000
73. bwd_iat.std                    - Score: 0.0000
74. bwd_iat.max                    - Score: 0.0000
75. bwd_iat.tot                    - Score: 0.0000
76. active.std                     - Score: 0.0000
77. idle.std                       - Score: 0.0000
78. idle.min                       - Score: 0.0000
79. idle.avg                       - Score: 0.0000
80. idle.max                       - Score: 0.0000
81. idle.tot                       - Score: 0.0000
82. bwd_URG_flag_count             - Score: 0.0000
================================================================================

Features Ranked by Differentiation Strength:
================================================================================
 1. flow_duration                  - Score: 1.0000
 2. fwd_URG_flag_count             - Score: 0.0062
 3. down_up_ratio                  - Score: 0.0042
 4. flow_RST_flag_count            - Score: 0.0031
 5. fwd_PSH_flag_count             - Score: 0.0028
 6. flow_FIN_flag_count            - Score: 0.0028
 7. flow_SYN_flag_count            - Score: 0.0023
 8. fwd_data_pkts_tot              - Score: 0.0017
 9. bwd_subflow_pkts               - Score: 0.0006
10. fwd_pkts_payload.avg           - Score: 0.0005
11. fwd_header_size_min            - Score: 0.0004
12. bwd_pkts_tot                   - Score: 0.0004
13. fwd_header_size_max            - Score: 0.0004
14. fwd_subflow_pkts               - Score: 0.0002
15. bwd_PSH_flag_count             - Score: 0.0002
16. fwd_pkts_payload.max           - Score: 0.0002
17. bwd_header_size_min            - Score: 0.0002
18. bwd_header_size_max            - Score: 0.0002
19. fwd_pkts_tot                   - Score: 0.0002
20. flow_pkts_payload.max          - Score: 0.0002
21. fwd_subflow_bytes              - Score: 0.0002
22. flow_ACK_flag_count            - Score: 0.0001
23. fwd_pkts_payload.tot           - Score: 0.0001
24. bwd_data_pkts_tot              - Score: 0.0001
25. flow_pkts_payload.tot          - Score: 0.0001
26. flow_CWR_flag_count            - Score: 0.0001
27. flow_ECE_flag_count            - Score: 0.0001
28. fwd_pkts_payload.std           - Score: 0.0001
29. fwd_pkts_payload.min           - Score: 0.0001
30. bwd_header_size_tot            - Score: 0.0000
31. flow_pkts_payload.avg          - Score: 0.0000
32. flow_pkts_payload.std          - Score: 0.0000
33. fwd_last_window_size           - Score: 0.0000
34. fwd_init_window_size           - Score: 0.0000
35. bwd_pkts_payload.std           - Score: 0.0000
36. fwd_header_size_tot            - Score: 0.0000
37. bwd_pkts_payload.avg           - Score: 0.0000
38. flow_pkts_payload.min          - Score: 0.0000
39. bwd_pkts_payload.max           - Score: 0.0000
40. fwd_bulk_packets               - Score: 0.0000
41. bwd_pkts_per_sec               - Score: 0.0000
42. bwd_pkts_payload.min           - Score: 0.0000
43. id.resp_p                      - Score: 0.0000
44. Unnamed: 0                     - Score: 0.0000
45. flow_iat.min                   - Score: 0.0000
46. fwd_pkts_per_sec               - Score: 0.0000
47. bwd_bulk_packets               - Score: 0.0000
48. bwd_subflow_bytes              - Score: 0.0000
49. flow_iat.avg                   - Score: 0.0000
50. flow_iat.max                   - Score: 0.0000
51. active.min                     - Score: 0.0000
52. active.avg                     - Score: 0.0000
53. active.max                     - Score: 0.0000
54. active.tot                     - Score: 0.0000
55. flow_iat.tot                   - Score: 0.0000
56. flow_pkts_per_sec              - Score: 0.0000
57. bwd_pkts_payload.tot           - Score: 0.0000
58. fwd_iat.min                    - Score: 0.0000
59. fwd_bulk_rate                  - Score: 0.0000
60. bwd_init_window_size           - Score: 0.0000
61. bwd_iat.min                    - Score: 0.0000
62. payload_bytes_per_second       - Score: 0.0000
63. fwd_iat.avg                    - Score: 0.0000
64. fwd_iat.max                    - Score: 0.0000
65. fwd_iat.tot                    - Score: 0.0000
66. id.orig_p                      - Score: 0.0000
67. fwd_bulk_bytes                 - Score: 0.0000
68. bwd_bulk_bytes                 - Score: 0.0000
69. fwd_iat.std                    - Score: 0.0000
70. flow_iat.std                   - Score: 0.0000
71. bwd_iat.std                    - Score: 0.0000
72. bwd_iat.avg                    - Score: 0.0000
73. bwd_iat.max                    - Score: 0.0000
74. bwd_iat.tot                    - Score: 0.0000
75. active.std                     - Score: 0.0000
76. idle.std                       - Score: 0.0000
77. idle.min                       - Score: 0.0000
78. idle.avg                       - Score: 0.0000
79. idle.max                       - Score: 0.0000
80. idle.tot                       - Score: 0.0000
81. bwd_bulk_rate                  - Score: 0.0000
82. bwd_URG_flag_count             - Score: 0.0000
================================================================================

Features Ranked by Differentiation Strength:
================================================================================
 1. flow_duration                  - Score: 1.0000
 2. fwd_URG_flag_count             - Score: 0.0062
 3. down_up_ratio                  - Score: 0.0044
 4. flow_RST_flag_count            - Score: 0.0040
 5. flow_SYN_flag_count            - Score: 0.0032
 6. fwd_PSH_flag_count             - Score: 0.0026
 7. flow_FIN_flag_count            - Score: 0.0022
 8. fwd_data_pkts_tot              - Score: 0.0015
 9. bwd_subflow_pkts               - Score: 0.0006
10. fwd_pkts_payload.avg           - Score: 0.0005
11. bwd_pkts_tot                   - Score: 0.0005
12. fwd_header_size_min            - Score: 0.0004
13. flow_ACK_flag_count            - Score: 0.0004
14. fwd_header_size_max            - Score: 0.0004
15. fwd_subflow_pkts               - Score: 0.0003
16. fwd_pkts_payload.std           - Score: 0.0002
17. bwd_PSH_flag_count             - Score: 0.0002
18. bwd_header_size_min            - Score: 0.0002
19. fwd_pkts_payload.max           - Score: 0.0002
20. fwd_pkts_tot                   - Score: 0.0002
21. bwd_header_size_max            - Score: 0.0002
22. fwd_subflow_bytes              - Score: 0.0002
23. flow_pkts_payload.max          - Score: 0.0002
24. fwd_pkts_payload.tot           - Score: 0.0001
25. bwd_data_pkts_tot              - Score: 0.0001
26. flow_pkts_payload.tot          - Score: 0.0001
27. bwd_pkts_payload.std           - Score: 0.0001
28. fwd_pkts_payload.min           - Score: 0.0001
29. flow_CWR_flag_count            - Score: 0.0001
30. flow_ECE_flag_count            - Score: 0.0001
31. bwd_header_size_tot            - Score: 0.0001
32. flow_pkts_payload.std          - Score: 0.0000
33. flow_pkts_payload.avg          - Score: 0.0000
34. fwd_last_window_size           - Score: 0.0000
35. fwd_init_window_size           - Score: 0.0000
36. bwd_pkts_payload.avg           - Score: 0.0000
37. fwd_header_size_tot            - Score: 0.0000
38. bwd_pkts_per_sec               - Score: 0.0000
39. bwd_pkts_payload.max           - Score: 0.0000
40. flow_pkts_payload.min          - Score: 0.0000
41. id.resp_p                      - Score: 0.0000
42. fwd_bulk_packets               - Score: 0.0000
43. bwd_pkts_payload.min           - Score: 0.0000
44. fwd_pkts_per_sec               - Score: 0.0000
45. Unnamed: 0                     - Score: 0.0000
46. bwd_bulk_packets               - Score: 0.0000
47. flow_iat.min                   - Score: 0.0000
48. bwd_subflow_bytes              - Score: 0.0000
49. flow_pkts_per_sec              - Score: 0.0000
50. flow_iat.avg                   - Score: 0.0000
51. flow_iat.max                   - Score: 0.0000
52. active.min                     - Score: 0.0000
53. active.avg                     - Score: 0.0000
54. active.max                     - Score: 0.0000
55. active.tot                     - Score: 0.0000
56. flow_iat.tot                   - Score: 0.0000
57. fwd_iat.min                    - Score: 0.0000
58. bwd_pkts_payload.tot           - Score: 0.0000
59. fwd_iat.avg                    - Score: 0.0000
60. fwd_iat.max                    - Score: 0.0000
61. fwd_iat.tot                    - Score: 0.0000
62. bwd_iat.min                    - Score: 0.0000
63. fwd_bulk_rate                  - Score: 0.0000
64. bwd_init_window_size           - Score: 0.0000
65. payload_bytes_per_second       - Score: 0.0000
66. id.orig_p                      - Score: 0.0000
67. fwd_bulk_bytes                 - Score: 0.0000
68. bwd_bulk_rate                  - Score: 0.0000
69. bwd_bulk_bytes                 - Score: 0.0000
70. flow_iat.std                   - Score: 0.0000
71. fwd_iat.std                    - Score: 0.0000
72. bwd_iat.avg                    - Score: 0.0000
73. bwd_iat.max                    - Score: 0.0000
74. bwd_iat.std                    - Score: 0.0000
75. bwd_iat.tot                    - Score: 0.0000
76. active.std                     - Score: 0.0000
77. idle.std                       - Score: 0.0000
78. idle.min                       - Score: 0.0000
79. idle.avg                       - Score: 0.0000
80. idle.max                       - Score: 0.0000
81. idle.tot                       - Score: 0.0000
82. bwd_URG_flag_count             - Score: 0.0000
================================================================================
  done: held-out class ARP_poisioning

Features Ranked by Differentiation Strength:
================================================================================
 1. flow_duration                  - Score: 1.0000
 2. fwd_URG_flag_count             - Score: 0.0057
 3. down_up_ratio                  - Score: 0.0044
 4. flow_RST_flag_count            - Score: 0.0032
 5. fwd_PSH_flag_count             - Score: 0.0020
 6. flow_FIN_flag_count            - Score: 0.0020
 7. flow_SYN_flag_count            - Score: 0.0020
 8. fwd_data_pkts_tot              - Score: 0.0013
 9. fwd_pkts_payload.avg           - Score: 0.0006
10. bwd_subflow_pkts               - Score: 0.0005
11. fwd_header_size_max            - Score: 0.0004
12. fwd_header_size_min            - Score: 0.0004
13. bwd_pkts_tot                   - Score: 0.0004
14. fwd_pkts_payload.max           - Score: 0.0002
15. fwd_subflow_bytes              - Score: 0.0002
16. flow_pkts_payload.max          - Score: 0.0002
17. bwd_PSH_flag_count             - Score: 0.0002
18. fwd_pkts_payload.tot           - Score: 0.0002
19. fwd_subflow_pkts               - Score: 0.0002
20. bwd_header_size_max            - Score: 0.0002
21. bwd_header_size_min            - Score: 0.0002
22. flow_pkts_payload.tot          - Score: 0.0002
23. fwd_pkts_payload.std           - Score: 0.0001
24. flow_ACK_flag_count            - Score: 0.0001
25. bwd_data_pkts_tot              - Score: 0.0001
26. fwd_pkts_payload.min           - Score: 0.0001
27. flow_CWR_flag_count            - Score: 0.0001
28. bwd_pkts_payload.std           - Score: 0.0001
29. flow_ECE_flag_count            - Score: 0.0001
30. fwd_pkts_tot                   - Score: 0.0001
31. bwd_header_size_tot            - Score: 0.0000
32. flow_pkts_payload.avg          - Score: 0.0000
33. flow_pkts_payload.std          - Score: 0.0000
34. fwd_last_window_size           - Score: 0.0000
35. fwd_init_window_size           - Score: 0.0000
36. bwd_pkts_payload.avg           - Score: 0.0000
37. fwd_header_size_tot            - Score: 0.0000
38. flow_pkts_payload.min          - Score: 0.0000
39. bwd_pkts_payload.max           - Score: 0.0000
40. bwd_bulk_packets               - Score: 0.0000
41. fwd_bulk_packets               - Score: 0.0000
42. bwd_pkts_payload.min           - Score: 0.0000
43. id.resp_p                      - Score: 0.0000
44. Unnamed: 0                     - Score: 0.0000
45. flow_iat.min                   - Score: 0.0000
46. bwd_pkts_per_sec               - Score: 0.0000
47. bwd_subflow_bytes              - Score: 0.0000
48. flow_iat.avg                   - Score: 0.0000
49. flow_iat.max                   - Score: 0.0000
50. active.min                     - Score: 0.0000
51. active.avg                     - Score: 0.0000
52. active.max                     - Score: 0.0000
53. active.tot                     - Score: 0.0000
54. flow_iat.tot                   - Score: 0.0000
55. bwd_pkts_payload.tot           - Score: 0.0000
56. fwd_pkts_per_sec               - Score: 0.0000
57. flow_pkts_per_sec              - Score: 0.0000
58. fwd_iat.min                    - Score: 0.0000
59. bwd_init_window_size           - Score: 0.0000
60. fwd_bulk_rate                  - Score: 0.0000
61. id.orig_p                      - Score: 0.0000
62. fwd_bulk_bytes                 - Score: 0.0000
63. payload_bytes_per_second       - Score: 0.0000
64. bwd_bulk_bytes                 - Score: 0.0000
65. bwd_iat.min                    - Score: 0.0000
66. bwd_bulk_rate                  - Score: 0.0000
67. flow_iat.std                   - Score: 0.0000
68. fwd_iat.avg                    - Score: 0.0000
69. fwd_iat.std                    - Score: 0.0000
70. fwd_iat.max                    - Score: 0.0000
71. bwd_iat.avg                    - Score: 0.0000
72. fwd_iat.tot                    - Score: 0.0000
73. bwd_iat.std                    - Score: 0.0000
74. bwd_iat.max                    - Score: 0.0000
75. bwd_iat.tot                    - Score: 0.0000
76. active.std                     - Score: 0.0000
77. idle.std                       - Score: 0.0000
78. idle.min                       - Score: 0.0000
79. idle.avg                       - Score: 0.0000
80. idle.max                       - Score: 0.0000
81. idle.tot                       - Score: 0.0000
82. bwd_URG_flag_count             - Score: 0.0000
================================================================================

Features Ranked by Differentiation Strength:
================================================================================
 1. flow_duration                  - Score: 1.0000
 2. fwd_URG_flag_count             - Score: 0.0079
 3. down_up_ratio                  - Score: 0.0053
 4. flow_RST_flag_count            - Score: 0.0045
 5. flow_FIN_flag_count            - Score: 0.0024
 6. fwd_PSH_flag_count             - Score: 0.0024
 7. flow_SYN_flag_count            - Score: 0.0020
 8. fwd_data_pkts_tot              - Score: 0.0015
 9. fwd_pkts_payload.avg           - Score: 0.0006
10. bwd_subflow_pkts               - Score: 0.0006
11. bwd_PSH_flag_count             - Score: 0.0005
12. fwd_header_size_max            - Score: 0.0005
13. fwd_header_size_min            - Score: 0.0005
14. bwd_pkts_tot                   - Score: 0.0004
15. fwd_subflow_pkts               - Score: 0.0003
16. fwd_pkts_payload.max           - Score: 0.0002
17. flow_pkts_payload.max          - Score: 0.0002
18. bwd_data_pkts_tot              - Score: 0.0002
19. fwd_subflow_bytes              - Score: 0.0002
20. fwd_pkts_payload.tot           - Score: 0.0002
21. bwd_header_size_min            - Score: 0.0002
22. bwd_header_size_max            - Score: 0.0002
23. flow_pkts_payload.tot          - Score: 0.0002
24. flow_ACK_flag_count            - Score: 0.0001
25. fwd_pkts_tot                   - Score: 0.0001
26. fwd_pkts_payload.min           - Score: 0.0001
27. flow_CWR_flag_count            - Score: 0.0001
28. flow_ECE_flag_count            - Score: 0.0001
29. fwd_pkts_payload.std           - Score: 0.0001
30. flow_pkts_payload.avg          - Score: 0.0000
31. bwd_header_size_tot            - Score: 0.0000
32. fwd_last_window_size           - Score: 0.0000
33. flow_pkts_payload.std          - Score: 0.0000
34. fwd_init_window_size           - Score: 0.0000
35. bwd_pkts_payload.std           - Score: 0.0000
36. bwd_pkts_payload.avg           - Score: 0.0000
37. fwd_header_size_tot            - Score: 0.0000
38. flow_pkts_payload.min          - Score: 0.0000
39. fwd_bulk_packets               - Score: 0.0000
40. flow_iat.min                   - Score: 0.0000
41. bwd_pkts_payload.max           - Score: 0.0000
42. bwd_pkts_payload.min           - Score: 0.0000
43. bwd_bulk_packets               - Score: 0.0000
44. id.resp_p                      - Score: 0.0000
45. Unnamed: 0                     - Score: 0.0000
46. bwd_subflow_bytes              - Score: 0.0000
47. bwd_pkts_per_sec               - Score: 0.0000
48. flow_iat.avg                   - Score: 0.0000
49. flow_iat.max                   - Score: 0.0000
50. active.min                     - Score: 0.0000
51. active.avg                     - Score: 0.0000
52. active.max                     - Score: 0.0000
53. active.tot                     - Score: 0.0000
54. flow_iat.tot                   - Score: 0.0000
55. bwd_pkts_payload.tot           - Score: 0.0000
56. fwd_pkts_per_sec               - Score: 0.0000
57. fwd_iat.min                    - Score: 0.0000
58. flow_pkts_per_sec              - Score: 0.0000
59. payload_bytes_per_second       - Score: 0.0000
60. bwd_init_window_size           - Score: 0.0000
61. id.orig_p                      - Score: 0.0000
62. bwd_iat.min                    - Score: 0.0000
63. fwd_bulk_bytes                 - Score: 0.0000
64. bwd_bulk_rate                  - Score: 0.0000
65. bwd_bulk_bytes                 - Score: 0.0000
66. fwd_bulk_rate                  - Score: 0.0000
67. fwd_iat.avg                    - Score: 0.0000
68. flow_iat.std                   - Score: 0.0000
69. bwd_iat.avg                    - Score: 0.0000
70. fwd_iat.std                    - Score: 0.0000
71. fwd_iat.max                    - Score: 0.0000
72. fwd_iat.tot                    - Score: 0.0000
73. bwd_iat.std                    - Score: 0.0000
74. bwd_iat.max                    - Score: 0.0000
75. bwd_iat.tot                    - Score: 0.0000
76. active.std                     - Score: 0.0000
77. idle.min                       - Score: 0.0000
78. idle.std                       - Score: 0.0000
79. idle.avg                       - Score: 0.0000
80. idle.max                       - Score: 0.0000
81. idle.tot                       - Score: 0.0000
82. bwd_URG_flag_count             - Score: 0.0000
================================================================================

Features Ranked by Differentiation Strength:
================================================================================
 1. flow_duration                  - Score: 1.0000
 2. fwd_URG_flag_count             - Score: 0.0063
 3. down_up_ratio                  - Score: 0.0042
 4. flow_RST_flag_count            - Score: 0.0029
 5. flow_SYN_flag_count            - Score: 0.0023
 6. fwd_PSH_flag_count             - Score: 0.0023
 7. flow_FIN_flag_count            - Score: 0.0021
 8. fwd_data_pkts_tot              - Score: 0.0015
 9. bwd_subflow_pkts               - Score: 0.0005
10. fwd_header_size_min            - Score: 0.0005
11. fwd_pkts_payload.avg           - Score: 0.0005
12. bwd_pkts_tot                   - Score: 0.0004
13. fwd_header_size_max            - Score: 0.0004
14. bwd_PSH_flag_count             - Score: 0.0002
15. fwd_subflow_pkts               - Score: 0.0002
16. bwd_header_size_max            - Score: 0.0002
17. bwd_header_size_min            - Score: 0.0002
18. bwd_data_pkts_tot              - Score: 0.0002
19. fwd_pkts_payload.max           - Score: 0.0002
20. flow_pkts_payload.max          - Score: 0.0002
21. fwd_subflow_bytes              - Score: 0.0001
22. fwd_pkts_payload.tot           - Score: 0.0001
23. flow_ACK_flag_count            - Score: 0.0001
24. flow_pkts_payload.tot          - Score: 0.0001
25. flow_CWR_flag_count            - Score: 0.0001
26. flow_ECE_flag_count            - Score: 0.0001
27. fwd_pkts_payload.min           - Score: 0.0001
28. fwd_pkts_payload.std           - Score: 0.0001
29. fwd_pkts_tot                   - Score: 0.0001
30. bwd_header_size_tot            - Score: 0.0000
31. flow_pkts_payload.avg          - Score: 0.0000
32. flow_pkts_payload.std          - Score: 0.0000
33. fwd_last_window_size           - Score: 0.0000
34. fwd_init_window_size           - Score: 0.0000
35. bwd_pkts_payload.std           - Score: 0.0000
36. bwd_pkts_payload.avg           - Score: 0.0000
37. fwd_header_size_tot            - Score: 0.0000
38. flow_pkts_payload.min          - Score: 0.0000
39. bwd_bulk_packets               - Score: 0.0000
40. bwd_pkts_payload.max           - Score: 0.0000
41. bwd_pkts_payload.min           - Score: 0.0000
42. flow_iat.min                   - Score: 0.0000
43. id.resp_p                      - Score: 0.0000
44. Unnamed: 0                     - Score: 0.0000
45. fwd_bulk_packets               - Score: 0.0000
46. bwd_pkts_per_sec               - Score: 0.0000
47. bwd_subflow_bytes              - Score: 0.0000
48. flow_iat.avg                   - Score: 0.0000
49. bwd_pkts_payload.tot           - Score: 0.0000
50. flow_iat.max                   - Score: 0.0000
51. active.min                     - Score: 0.0000
52. active.avg                     - Score: 0.0000
53. active.max                     - Score: 0.0000
54. active.tot                     - Score: 0.0000
55. flow_iat.tot                   - Score: 0.0000
56. fwd_pkts_per_sec               - Score: 0.0000
57. flow_pkts_per_sec              - Score: 0.0000
58. fwd_iat.min                    - Score: 0.0000
59. bwd_init_window_size           - Score: 0.0000
60. fwd_bulk_rate                  - Score: 0.0000
61. id.orig_p                      - Score: 0.0000
62. bwd_iat.min                    - Score: 0.0000
63. payload_bytes_per_second       - Score: 0.0000
64. bwd_bulk_bytes                 - Score: 0.0000
65. fwd_bulk_bytes                 - Score: 0.0000
66. bwd_bulk_rate                  - Score: 0.0000
67. fwd_iat.std                    - Score: 0.0000
68. flow_iat.std                   - Score: 0.0000
69. fwd_iat.avg                    - Score: 0.0000
70. fwd_iat.max                    - Score: 0.0000
71. fwd_iat.tot                    - Score: 0.0000
72. bwd_iat.avg                    - Score: 0.0000
73. bwd_iat.std                    - Score: 0.0000
74. bwd_iat.max                    - Score: 0.0000
75. bwd_iat.tot                    - Score: 0.0000
76. active.std                     - Score: 0.0000
77. idle.std                       - Score: 0.0000
78. idle.min                       - Score: 0.0000
79. idle.avg                       - Score: 0.0000
80. idle.max                       - Score: 0.0000
81. idle.tot                       - Score: 0.0000
82. bwd_URG_flag_count             - Score: 0.0000
================================================================================

Features Ranked by Differentiation Strength:
================================================================================
 1. flow_duration                  - Score: 1.0000
 2. fwd_URG_flag_count             - Score: 0.0068
 3. down_up_ratio                  - Score: 0.0048
 4. flow_RST_flag_count            - Score: 0.0027
 5. fwd_PSH_flag_count             - Score: 0.0027
 6. flow_FIN_flag_count            - Score: 0.0022
 7. flow_SYN_flag_count            - Score: 0.0022
 8. fwd_data_pkts_tot              - Score: 0.0014
 9. fwd_header_size_min            - Score: 0.0006
10. bwd_subflow_pkts               - Score: 0.0005
11. bwd_pkts_tot                   - Score: 0.0004
12. bwd_PSH_flag_count             - Score: 0.0003
13. fwd_header_size_max            - Score: 0.0002
14. fwd_subflow_pkts               - Score: 0.0002
15. fwd_pkts_payload.avg           - Score: 0.0002
16. bwd_header_size_min            - Score: 0.0002
17. bwd_header_size_max            - Score: 0.0002
18. bwd_data_pkts_tot              - Score: 0.0002
19. flow_ACK_flag_count            - Score: 0.0001
20. fwd_pkts_payload.min           - Score: 0.0001
21. flow_CWR_flag_count            - Score: 0.0001
22. flow_ECE_flag_count            - Score: 0.0001
23. fwd_subflow_bytes              - Score: 0.0001
24. fwd_pkts_payload.std           - Score: 0.0001
25. fwd_pkts_payload.max           - Score: 0.0001
26. fwd_init_window_size           - Score: 0.0001
27. fwd_pkts_payload.tot           - Score: 0.0001
28. fwd_pkts_tot                   - Score: 0.0001
29. flow_pkts_payload.max          - Score: 0.0001
30. flow_pkts_payload.tot          - Score: 0.0000
31. flow_pkts_payload.avg          - Score: 0.0000
32. bwd_header_size_tot            - Score: 0.0000
33. flow_pkts_payload.std          - Score: 0.0000
34. fwd_last_window_size           - Score: 0.0000
35. bwd_pkts_payload.std           - Score: 0.0000
36. bwd_pkts_payload.avg           - Score: 0.0000
37. fwd_header_size_tot            - Score: 0.0000
38. flow_pkts_payload.min          - Score: 0.0000
39. bwd_pkts_payload.max           - Score: 0.0000
40. fwd_bulk_packets               - Score: 0.0000
41. bwd_pkts_payload.min           - Score: 0.0000
42. bwd_bulk_packets               - Score: 0.0000
43. bwd_pkts_per_sec               - Score: 0.0000
44. flow_iat.min                   - Score: 0.0000
45. id.resp_p                      - Score: 0.0000
46. Unnamed: 0                     - Score: 0.0000
47. bwd_subflow_bytes              - Score: 0.0000
48. fwd_pkts_per_sec               - Score: 0.0000
49. flow_iat.avg                   - Score: 0.0000
50. flow_iat.max                   - Score: 0.0000
51. active.min                     - Score: 0.0000
52. active.avg                     - Score: 0.0000
53. active.max                     - Score: 0.0000
54. active.tot                     - Score: 0.0000
55. flow_iat.tot                   - Score: 0.0000
56. bwd_pkts_payload.tot           - Score: 0.0000
57. flow_pkts_per_sec              - Score: 0.0000
58. fwd_iat.min                    - Score: 0.0000
59. fwd_bulk_rate                  - Score: 0.0000
60. bwd_init_window_size           - Score: 0.0000
61. id.orig_p                      - Score: 0.0000
62. payload_bytes_per_second       - Score: 0.0000
63. fwd_bulk_bytes                 - Score: 0.0000
64. bwd_iat.min                    - Score: 0.0000
65. bwd_bulk_rate                  - Score: 0.0000
66. bwd_bulk_bytes                 - Score: 0.0000
67. flow_iat.std                   - Score: 0.0000
68. fwd_iat.avg                    - Score: 0.0000
69. fwd_iat.std                    - Score: 0.0000
70. fwd_iat.max                    - Score: 0.0000
71. bwd_iat.avg                    - Score: 0.0000
72. bwd_iat.std                    - Score: 0.0000
73. fwd_iat.tot                    - Score: 0.0000
74. bwd_iat.max                    - Score: 0.0000
75. bwd_iat.tot                    - Score: 0.0000
76. active.std                     - Score: 0.0000
77. idle.std                       - Score: 0.0000
78. idle.min                       - Score: 0.0000
79. idle.avg                       - Score: 0.0000
80. idle.max                       - Score: 0.0000
81. idle.tot                       - Score: 0.0000
82. bwd_URG_flag_count             - Score: 0.0000
================================================================================

Features Ranked by Differentiation Strength:
================================================================================
 1. flow_duration                  - Score: 1.0000
 2. fwd_URG_flag_count             - Score: 0.0065
 3. down_up_ratio                  - Score: 0.0052
 4. flow_RST_flag_count            - Score: 0.0044
 5. fwd_PSH_flag_count             - Score: 0.0023
 6. flow_SYN_flag_count            - Score: 0.0021
 7. flow_FIN_flag_count            - Score: 0.0020
 8. fwd_data_pkts_tot              - Score: 0.0016
 9. fwd_pkts_payload.avg           - Score: 0.0006
10. fwd_header_size_max            - Score: 0.0005
11. bwd_subflow_pkts               - Score: 0.0005
12. bwd_PSH_flag_count             - Score: 0.0005
13. fwd_header_size_min            - Score: 0.0004
14. bwd_pkts_tot                   - Score: 0.0004
15. fwd_subflow_pkts               - Score: 0.0003
16. fwd_pkts_payload.max           - Score: 0.0002
17. flow_pkts_payload.max          - Score: 0.0002
18. fwd_subflow_bytes              - Score: 0.0002
19. fwd_pkts_payload.tot           - Score: 0.0002
20. bwd_header_size_min            - Score: 0.0002
21. flow_pkts_payload.tot          - Score: 0.0002
22. bwd_data_pkts_tot              - Score: 0.0002
23. bwd_header_size_max            - Score: 0.0001
24. flow_ACK_flag_count            - Score: 0.0001
25. fwd_pkts_tot                   - Score: 0.0001
26. fwd_pkts_payload.min           - Score: 0.0001
27. flow_ECE_flag_count            - Score: 0.0001
28. flow_CWR_flag_count            - Score: 0.0001
29. fwd_pkts_payload.std           - Score: 0.0001
30. flow_pkts_payload.avg          - Score: 0.0000
31. bwd_header_size_tot            - Score: 0.0000
32. flow_pkts_payload.std          - Score: 0.0000
33. fwd_last_window_size           - Score: 0.0000
34. fwd_init_window_size           - Score: 0.0000
35. bwd_pkts_payload.avg           - Score: 0.0000
36. bwd_pkts_payload.std           - Score: 0.0000
37. fwd_header_size_tot            - Score: 0.0000
38. flow_pkts_payload.min          - Score: 0.0000
39. bwd_pkts_payload.max           - Score: 0.0000
40. bwd_pkts_payload.min           - Score: 0.0000
41. bwd_bulk_packets               - Score: 0.0000
42. id.resp_p                      - Score: 0.0000
43. Unnamed: 0                     - Score: 0.0000
44. flow_iat.min                   - Score: 0.0000
45. fwd_bulk_packets               - Score: 0.0000
46. bwd_pkts_per_sec               - Score: 0.0000
47. bwd_subflow_bytes              - Score: 0.0000
48. flow_iat.avg                   - Score: 0.0000
49. flow_iat.max                   - Score: 0.0000
50. active.min                     - Score: 0.0000
51. active.avg                     - Score: 0.0000
52. active.max                     - Score: 0.0000
53. active.tot                     - Score: 0.0000
54. flow_iat.tot                   - Score: 0.0000
55. bwd_pkts_payload.tot           - Score: 0.0000
56. fwd_pkts_per_sec               - Score: 0.0000
57. fwd_iat.min                    - Score: 0.0000
58. flow_pkts_per_sec              - Score: 0.0000
59. payload_bytes_per_second       - Score: 0.0000
60. fwd_bulk_rate                  - Score: 0.0000
61. bwd_iat.min                    - Score: 0.0000
62. bwd_init_window_size           - Score: 0.0000
63. id.orig_p                      - Score: 0.0000
64. fwd_bulk_bytes                 - Score: 0.0000
65. bwd_bulk_rate                  - Score: 0.0000
66. bwd_bulk_bytes                 - Score: 0.0000
67. fwd_iat.avg                    - Score: 0.0000
68. flow_iat.std                   - Score: 0.0000
69. fwd_iat.std                    - Score: 0.0000
70. bwd_iat.avg                    - Score: 0.0000
71. fwd_iat.max                    - Score: 0.0000
72. fwd_iat.tot                    - Score: 0.0000
73. bwd_iat.std                    - Score: 0.0000
74. bwd_iat.max                    - Score: 0.0000
75. bwd_iat.tot                    - Score: 0.0000
76. active.std                     - Score: 0.0000
77. idle.min                       - Score: 0.0000
78. idle.std                       - Score: 0.0000
79. idle.avg                       - Score: 0.0000
80. idle.max                       - Score: 0.0000
81. idle.tot                       - Score: 0.0000
82. bwd_URG_flag_count             - Score: 0.0000
================================================================================

Features Ranked by Differentiation Strength:
================================================================================
 1. flow_duration                  - Score: 1.0000
 2. fwd_URG_flag_count             - Score: 0.0065
 3. down_up_ratio                  - Score: 0.0042
 4. flow_RST_flag_count            - Score: 0.0029
 5. fwd_PSH_flag_count             - Score: 0.0026
 6. flow_SYN_flag_count            - Score: 0.0025
 7. flow_FIN_flag_count            - Score: 0.0023
 8. fwd_data_pkts_tot              - Score: 0.0014
 9. bwd_subflow_pkts               - Score: 0.0005
10. fwd_pkts_payload.avg           - Score: 0.0005
11. fwd_header_size_min            - Score: 0.0005
12. bwd_pkts_tot                   - Score: 0.0004
13. fwd_header_size_max            - Score: 0.0004
14. flow_ACK_flag_count            - Score: 0.0004
15. bwd_header_size_min            - Score: 0.0002
16. fwd_subflow_pkts               - Score: 0.0002
17. fwd_pkts_payload.max           - Score: 0.0002
18. bwd_header_size_max            - Score: 0.0002
19. flow_pkts_payload.max          - Score: 0.0002
20. bwd_PSH_flag_count             - Score: 0.0002
21. fwd_subflow_bytes              - Score: 0.0002
22. fwd_pkts_payload.tot           - Score: 0.0001
23. flow_pkts_payload.tot          - Score: 0.0001
24. fwd_pkts_payload.min           - Score: 0.0001
25. bwd_data_pkts_tot              - Score: 0.0001
26. flow_ECE_flag_count            - Score: 0.0001
27. flow_CWR_flag_count            - Score: 0.0001
28. fwd_pkts_payload.std           - Score: 0.0001
29. fwd_pkts_tot                   - Score: 0.0001
30. bwd_header_size_tot            - Score: 0.0001
31. flow_pkts_payload.avg          - Score: 0.0000
32. flow_pkts_payload.std          - Score: 0.0000
33. fwd_last_window_size           - Score: 0.0000
34. fwd_init_window_size           - Score: 0.0000
35. bwd_pkts_payload.std           - Score: 0.0000
36. bwd_pkts_payload.avg           - Score: 0.0000
37. fwd_header_size_tot            - Score: 0.0000
38. flow_pkts_payload.min          - Score: 0.0000
39. bwd_pkts_per_sec               - Score: 0.0000
40. bwd_pkts_payload.max           - Score: 0.0000
41. fwd_bulk_packets               - Score: 0.0000
42. bwd_pkts_payload.min           - Score: 0.0000
43. id.resp_p                      - Score: 0.0000
44. bwd_bulk_packets               - Score: 0.0000
45. fwd_pkts_per_sec               - Score: 0.0000
46. flow_iat.min                   - Score: 0.0000
47. Unnamed: 0                     - Score: 0.0000
48. flow_pkts_per_sec              - Score: 0.0000
49. bwd_subflow_bytes              - Score: 0.0000
50. flow_iat.avg                   - Score: 0.0000
51. flow_iat.max                   - Score: 0.0000
52. active.min                     - Score: 0.0000
53. active.avg                     - Score: 0.0000
54. active.max                     - Score: 0.0000
55. active.tot                     - Score: 0.0000
56. flow_iat.tot                   - Score: 0.0000
57. bwd_pkts_payload.tot           - Score: 0.0000
58. fwd_iat.min                    - Score: 0.0000
59. fwd_iat.avg                    - Score: 0.0000
60. fwd_iat.max                    - Score: 0.0000
61. fwd_iat.tot                    - Score: 0.0000
62. fwd_bulk_rate                  - Score: 0.0000
63. bwd_init_window_size           - Score: 0.0000
64. payload_bytes_per_second       - Score: 0.0000
65. id.orig_p                      - Score: 0.0000
66. fwd_bulk_bytes                 - Score: 0.0000
67. bwd_iat.min                    - Score: 0.0000
68. bwd_bulk_rate                  - Score: 0.0000
69. bwd_bulk_bytes                 - Score: 0.0000
70. flow_iat.std                   - Score: 0.0000
71. fwd_iat.std                    - Score: 0.0000
72. bwd_iat.avg                    - Score: 0.0000
73. bwd_iat.std                    - Score: 0.0000
74. bwd_iat.max                    - Score: 0.0000
75. bwd_iat.tot                    - Score: 0.0000
76. active.std                     - Score: 0.0000
77. idle.std                       - Score: 0.0000
78. idle.min                       - Score: 0.0000
79. idle.avg                       - Score: 0.0000
80. idle.max                       - Score: 0.0000
81. idle.tot                       - Score: 0.0000
82. bwd_URG_flag_count             - Score: 0.0000
================================================================================

Features Ranked by Differentiation Strength:
================================================================================
 1. flow_duration                  - Score: 1.0000
 2. fwd_URG_flag_count             - Score: 0.0063
 3. down_up_ratio                  - Score: 0.0043
 4. flow_RST_flag_count            - Score: 0.0032
 5. flow_FIN_flag_count            - Score: 0.0028
 6. fwd_PSH_flag_count             - Score: 0.0027
 7. flow_SYN_flag_count            - Score: 0.0022
 8. fwd_data_pkts_tot              - Score: 0.0015
 9. fwd_pkts_payload.avg           - Score: 0.0006
10. fwd_header_size_max            - Score: 0.0005
11. bwd_subflow_pkts               - Score: 0.0005
12. fwd_header_size_min            - Score: 0.0004
13. bwd_pkts_tot                   - Score: 0.0004
14. fwd_pkts_payload.max           - Score: 0.0002
15. bwd_PSH_flag_count             - Score: 0.0002
16. flow_pkts_payload.max          - Score: 0.0002
17. fwd_subflow_pkts               - Score: 0.0002
18. fwd_subflow_bytes              - Score: 0.0002
19. fwd_pkts_payload.tot           - Score: 0.0002
20. bwd_header_size_min            - Score: 0.0002
21. flow_pkts_payload.tot          - Score: 0.0002
22. bwd_data_pkts_tot              - Score: 0.0001
23. bwd_header_size_max            - Score: 0.0001
24. flow_ACK_flag_count            - Score: 0.0001
25. flow_ECE_flag_count            - Score: 0.0001
26. flow_CWR_flag_count            - Score: 0.0001
27. fwd_pkts_payload.min           - Score: 0.0001
28. fwd_pkts_payload.std           - Score: 0.0001
29. fwd_pkts_tot                   - Score: 0.0001
30. flow_pkts_payload.avg          - Score: 0.0000
31. bwd_header_size_tot            - Score: 0.0000
32. fwd_last_window_size           - Score: 0.0000
33. flow_pkts_payload.std          - Score: 0.0000
34. fwd_init_window_size           - Score: 0.0000
35. bwd_pkts_payload.std           - Score: 0.0000
36. bwd_pkts_payload.avg           - Score: 0.0000
37. fwd_header_size_tot            - Score: 0.0000
38. flow_pkts_payload.min          - Score: 0.0000
39. flow_iat.min                   - Score: 0.0000
40. fwd_bulk_packets               - Score: 0.0000
41. bwd_pkts_payload.max           - Score: 0.0000
42. bwd_pkts_payload.min           - Score: 0.0000
43. bwd_bulk_packets               - Score: 0.0000
44. bwd_pkts_per_sec               - Score: 0.0000
45. id.resp_p                      - Score: 0.0000
46. Unnamed: 0                     - Score: 0.0000
47. fwd_pkts_per_sec               - Score: 0.0000
48. bwd_subflow_bytes              - Score: 0.0000
49. flow_iat.avg                   - Score: 0.0000
50. flow_iat.max                   - Score: 0.0000
51. active.min                     - Score: 0.0000
52. active.avg                     - Score: 0.0000
53. active.max                     - Score: 0.0000
54. active.tot                     - Score: 0.0000
55. flow_iat.tot                   - Score: 0.0000
56. flow_pkts_per_sec              - Score: 0.0000
57. bwd_pkts_payload.tot           - Score: 0.0000
58. fwd_iat.min                    - Score: 0.0000
59. fwd_bulk_rate                  - Score: 0.0000
60. bwd_init_window_size           - Score: 0.0000
61. fwd_iat.avg                    - Score: 0.0000
62. fwd_iat.max                    - Score: 0.0000
63. fwd_iat.tot                    - Score: 0.0000
64. id.orig_p                      - Score: 0.0000
65. payload_bytes_per_second       - Score: 0.0000
66. fwd_bulk_bytes                 - Score: 0.0000
67. bwd_iat.min                    - Score: 0.0000
68. bwd_bulk_bytes                 - Score: 0.0000
69. bwd_bulk_rate                  - Score: 0.0000
70. flow_iat.std                   - Score: 0.0000
71. fwd_iat.std                    - Score: 0.0000
72. bwd_iat.avg                    - Score: 0.0000
73. bwd_iat.std                    - Score: 0.0000
74. bwd_iat.max                    - Score: 0.0000
75. bwd_iat.tot                    - Score: 0.0000
76. active.std                     - Score: 0.0000
77. idle.std                       - Score: 0.0000
78. idle.min                       - Score: 0.0000
79. idle.avg                       - Score: 0.0000
80. idle.max                       - Score: 0.0000
81. idle.tot                       - Score: 0.0000
82. bwd_URG_flag_count             - Score: 0.0000
================================================================================

Features Ranked by Differentiation Strength:
================================================================================
 1. flow_duration                  - Score: 1.0000
 2. down_up_ratio                  - Score: 0.0058
 3. fwd_URG_flag_count             - Score: 0.0057
 4. flow_RST_flag_count            - Score: 0.0040
 5. flow_FIN_flag_count            - Score: 0.0020
 6. fwd_PSH_flag_count             - Score: 0.0019
 7. flow_SYN_flag_count            - Score: 0.0019
 8. fwd_data_pkts_tot              - Score: 0.0012
 9. bwd_subflow_pkts               - Score: 0.0009
10. bwd_pkts_tot                   - Score: 0.0006
11. fwd_subflow_pkts               - Score: 0.0006
12. bwd_data_pkts_tot              - Score: 0.0006
13. bwd_PSH_flag_count             - Score: 0.0006
14. fwd_pkts_payload.avg           - Score: 0.0005
15. fwd_header_size_min            - Score: 0.0004
16. fwd_header_size_max            - Score: 0.0004
17. fwd_pkts_tot                   - Score: 0.0004
18. bwd_pkts_payload.avg           - Score: 0.0003
19. flow_ACK_flag_count            - Score: 0.0003
20. fwd_pkts_payload.max           - Score: 0.0002
21. flow_pkts_payload.max          - Score: 0.0002
22. flow_pkts_payload.avg          - Score: 0.0002
23. fwd_subflow_bytes              - Score: 0.0002
24. bwd_header_size_min            - Score: 0.0002
25. bwd_header_size_max            - Score: 0.0002
26. fwd_pkts_payload.tot           - Score: 0.0001
27. bwd_pkts_payload.std           - Score: 0.0001
28. fwd_pkts_payload.std           - Score: 0.0001
29. flow_pkts_payload.tot          - Score: 0.0001
30. flow_pkts_payload.std          - Score: 0.0001
31. flow_CWR_flag_count            - Score: 0.0001
32. fwd_pkts_payload.min           - Score: 0.0001
33. bwd_subflow_bytes              - Score: 0.0001
34. flow_ECE_flag_count            - Score: 0.0001
35. bwd_pkts_payload.tot           - Score: 0.0001
36. bwd_pkts_payload.max           - Score: 0.0000
37. bwd_header_size_tot            - Score: 0.0000
38. fwd_last_window_size           - Score: 0.0000
39. fwd_init_window_size           - Score: 0.0000
40. fwd_header_size_tot            - Score: 0.0000
41. flow_pkts_payload.min          - Score: 0.0000
42. bwd_bulk_packets               - Score: 0.0000
43. payload_bytes_per_second       - Score: 0.0000
44. bwd_pkts_payload.min           - Score: 0.0000
45. bwd_pkts_per_sec               - Score: 0.0000
46. id.resp_p                      - Score: 0.0000
47. flow_iat.min                   - Score: 0.0000
48. fwd_bulk_packets               - Score: 0.0000
49. Unnamed: 0                     - Score: 0.0000
50. fwd_pkts_per_sec               - Score: 0.0000
51. flow_iat.avg                   - Score: 0.0000
52. flow_iat.max                   - Score: 0.0000
53. active.min                     - Score: 0.0000
54. active.avg                     - Score: 0.0000
55. active.max                     - Score: 0.0000
56. active.tot                     - Score: 0.0000
57. flow_iat.tot                   - Score: 0.0000
58. flow_pkts_per_sec              - Score: 0.0000
59. fwd_iat.min                    - Score: 0.0000
60. fwd_bulk_rate                  - Score: 0.0000
61. bwd_init_window_size           - Score: 0.0000
62. id.orig_p                      - Score: 0.0000
63. bwd_iat.min                    - Score: 0.0000
64. fwd_bulk_bytes                 - Score: 0.0000
65. bwd_bulk_bytes                 - Score: 0.0000
66. bwd_bulk_rate                  - Score: 0.0000
67. fwd_iat.avg                    - Score: 0.0000
68. flow_iat.std                   - Score: 0.0000
69. fwd_iat.std                    - Score: 0.0000
70. bwd_iat.avg                    - Score: 0.0000
71. fwd_iat.max                    - Score: 0.0000
72. fwd_iat.tot                    - Score: 0.0000
73. bwd_iat.std                    - Score: 0.0000
74. bwd_iat.max                    - Score: 0.0000
75. bwd_iat.tot                    - Score: 0.0000
76. active.std                     - Score: 0.0000
77. idle.std                       - Score: 0.0000
78. idle.min                       - Score: 0.0000
79. idle.avg                       - Score: 0.0000
80. idle.max                       - Score: 0.0000
81. idle.tot                       - Score: 0.0000
82. bwd_URG_flag_count             - Score: 0.0000
================================================================================

Features Ranked by Differentiation Strength:
================================================================================
 1. flow_duration                  - Score: 1.0000
 2. fwd_URG_flag_count             - Score: 0.0012
 3. down_up_ratio                  - Score: 0.0010
 4. fwd_PSH_flag_count             - Score: 0.0006
 5. flow_RST_flag_count            - Score: 0.0005
 6. flow_SYN_flag_count            - Score: 0.0005
 7. flow_FIN_flag_count            - Score: 0.0004
 8. fwd_data_pkts_tot              - Score: 0.0003
 9. bwd_subflow_pkts               - Score: 0.0001
10. bwd_pkts_tot                   - Score: 0.0001
11. fwd_header_size_min            - Score: 0.0001
12. flow_ACK_flag_count            - Score: 0.0001
13. fwd_header_size_max            - Score: 0.0001
14. fwd_pkts_payload.avg           - Score: 0.0000
15. bwd_header_size_min            - Score: 0.0000
16. bwd_header_size_max            - Score: 0.0000
17. fwd_subflow_pkts               - Score: 0.0000
18. bwd_PSH_flag_count             - Score: 0.0000
19. bwd_data_pkts_tot              - Score: 0.0000
20. fwd_pkts_payload.min           - Score: 0.0000
21. fwd_init_window_size           - Score: 0.0000
22. fwd_subflow_bytes              - Score: 0.0000
23. flow_CWR_flag_count            - Score: 0.0000
24. flow_ECE_flag_count            - Score: 0.0000
25. fwd_pkts_payload.max           - Score: 0.0000
26. fwd_pkts_payload.std           - Score: 0.0000
27. fwd_pkts_payload.tot           - Score: 0.0000
28. bwd_header_size_tot            - Score: 0.0000
29. flow_pkts_payload.max          - Score: 0.0000
30. flow_pkts_payload.tot          - Score: 0.0000
31. fwd_pkts_tot                   - Score: 0.0000
32. fwd_last_window_size           - Score: 0.0000
33. flow_pkts_payload.avg          - Score: 0.0000
34. id.resp_p                      - Score: 0.0000
35. flow_pkts_payload.std          - Score: 0.0000
36. bwd_pkts_payload.std           - Score: 0.0000
37. fwd_header_size_tot            - Score: 0.0000
38. bwd_pkts_payload.avg           - Score: 0.0000
39. flow_iat.min                   - Score: 0.0000
40. flow_pkts_payload.min          - Score: 0.0000
41. flow_iat.avg                   - Score: 0.0000
42. flow_iat.max                   - Score: 0.0000
43. active.min                     - Score: 0.0000
44. active.avg                     - Score: 0.0000
45. active.max                     - Score: 0.0000
46. active.tot                     - Score: 0.0000
47. flow_iat.tot                   - Score: 0.0000
48. fwd_bulk_packets               - Score: 0.0000
49. bwd_pkts_payload.max           - Score: 0.0000
50. bwd_pkts_payload.min           - Score: 0.0000
51. bwd_pkts_per_sec               - Score: 0.0000
52. bwd_bulk_packets               - Score: 0.0000
53. fwd_pkts_per_sec               - Score: 0.0000
54. Unnamed: 0                     - Score: 0.0000
55. bwd_subflow_bytes              - Score: 0.0000
56. flow_pkts_per_sec              - Score: 0.0000
57. bwd_pkts_payload.tot           - Score: 0.0000
58. fwd_iat.min                    - Score: 0.0000
59. fwd_bulk_rate                  - Score: 0.0000
60. bwd_init_window_size           - Score: 0.0000
61. bwd_iat.min                    - Score: 0.0000
62. id.orig_p                      - Score: 0.0000
63. fwd_bulk_bytes                 - Score: 0.0000
64. payload_bytes_per_second       - Score: 0.0000
65. bwd_bulk_rate                  - Score: 0.0000
66. bwd_bulk_bytes                 - Score: 0.0000
67. fwd_iat.avg                    - Score: 0.0000
68. flow_iat.std                   - Score: 0.0000
69. fwd_iat.std                    - Score: 0.0000
70. bwd_iat.avg                    - Score: 0.0000
71. fwd_iat.max                    - Score: 0.0000
72. fwd_iat.tot                    - Score: 0.0000
73. bwd_iat.std                    - Score: 0.0000
74. bwd_iat.max                    - Score: 0.0000
75. bwd_iat.tot                    - Score: 0.0000
76. active.std                     - Score: 0.0000
77. idle.min                       - Score: 0.0000
78. idle.std                       - Score: 0.0000
79. idle.avg                       - Score: 0.0000
80. idle.max                       - Score: 0.0000
81. idle.tot                       - Score: 0.0000
82. bwd_URG_flag_count             - Score: 0.0000
================================================================================

Features Ranked by Differentiation Strength:
================================================================================
 1. flow_duration                  - Score: 1.0000
 2. fwd_URG_flag_count             - Score: 0.0075
 3. down_up_ratio                  - Score: 0.0043
 4. flow_RST_flag_count            - Score: 0.0038
 5. flow_FIN_flag_count            - Score: 0.0023
 6. fwd_PSH_flag_count             - Score: 0.0023
 7. flow_SYN_flag_count            - Score: 0.0022
 8. fwd_data_pkts_tot              - Score: 0.0014
 9. fwd_pkts_payload.avg           - Score: 0.0005
10. bwd_subflow_pkts               - Score: 0.0004
11. fwd_header_size_min            - Score: 0.0004
12. fwd_header_size_max            - Score: 0.0004
13. bwd_pkts_tot                   - Score: 0.0004
14. bwd_PSH_flag_count             - Score: 0.0002
15. fwd_pkts_payload.max           - Score: 0.0002
16. fwd_subflow_bytes              - Score: 0.0002
17. fwd_pkts_payload.std           - Score: 0.0002
18. fwd_subflow_pkts               - Score: 0.0002
19. bwd_header_size_min            - Score: 0.0002
20. flow_pkts_payload.max          - Score: 0.0002
21. fwd_pkts_payload.tot           - Score: 0.0001
22. bwd_header_size_max            - Score: 0.0001
23. bwd_data_pkts_tot              - Score: 0.0001
24. flow_pkts_payload.tot          - Score: 0.0001
25. fwd_pkts_payload.min           - Score: 0.0001
26. flow_ACK_flag_count            - Score: 0.0001
27. bwd_pkts_payload.std           - Score: 0.0001
28. flow_CWR_flag_count            - Score: 0.0001
29. flow_ECE_flag_count            - Score: 0.0001
30. fwd_pkts_tot                   - Score: 0.0000
31. flow_pkts_payload.avg          - Score: 0.0000
32. flow_pkts_payload.std          - Score: 0.0000
33. bwd_header_size_tot            - Score: 0.0000
34. fwd_last_window_size           - Score: 0.0000
35. fwd_init_window_size           - Score: 0.0000
36. bwd_pkts_payload.avg           - Score: 0.0000
37. fwd_header_size_tot            - Score: 0.0000
38. flow_pkts_payload.min          - Score: 0.0000
39. bwd_pkts_payload.max           - Score: 0.0000
40. fwd_bulk_packets               - Score: 0.0000
41. bwd_pkts_payload.min           - Score: 0.0000
42. bwd_pkts_per_sec               - Score: 0.0000
43. bwd_bulk_packets               - Score: 0.0000
44. id.resp_p                      - Score: 0.0000
45. Unnamed: 0                     - Score: 0.0000
46. flow_iat.min                   - Score: 0.0000
47. bwd_subflow_bytes              - Score: 0.0000
48. flow_iat.avg                   - Score: 0.0000
49. flow_iat.max                   - Score: 0.0000
50. active.min                     - Score: 0.0000
51. active.avg                     - Score: 0.0000
52. active.max                     - Score: 0.0000
53. active.tot                     - Score: 0.0000
54. flow_iat.tot                   - Score: 0.0000
55. fwd_pkts_per_sec               - Score: 0.0000
56. bwd_pkts_payload.tot           - Score: 0.0000
57. flow_pkts_per_sec              - Score: 0.0000
58. bwd_iat.min                    - Score: 0.0000
59. fwd_iat.min                    - Score: 0.0000
60. fwd_bulk_rate                  - Score: 0.0000
61. bwd_init_window_size           - Score: 0.0000
62. id.orig_p                      - Score: 0.0000
63. fwd_bulk_bytes                 - Score: 0.0000
64. payload_bytes_per_second       - Score: 0.0000
65. bwd_bulk_rate                  - Score: 0.0000
66. bwd_bulk_bytes                 - Score: 0.0000
67. flow_iat.std                   - Score: 0.0000
68. fwd_iat.avg                    - Score: 0.0000
69. fwd_iat.std                    - Score: 0.0000
70. bwd_iat.avg                    - Score: 0.0000
71. fwd_iat.max                    - Score: 0.0000
72. fwd_iat.tot                    - Score: 0.0000
73. bwd_iat.std                    - Score: 0.0000
74. bwd_iat.max                    - Score: 0.0000
75. bwd_iat.tot                    - Score: 0.0000
76. active.std                     - Score: 0.0000
77. idle.std                       - Score: 0.0000
78. idle.min                       - Score: 0.0000
79. idle.avg                       - Score: 0.0000
80. idle.max                       - Score: 0.0000
81. idle.tot                       - Score: 0.0000
82. bwd_URG_flag_count             - Score: 0.0000
================================================================================
  done: held-out class DDOS_Slowloris

Features Ranked by Differentiation Strength:
================================================================================
 1. flow_duration                  - Score: 1.0000
 2. fwd_URG_flag_count             - Score: 0.0861
 3. down_up_ratio                  - Score: 0.0668
 4. flow_RST_flag_count            - Score: 0.0352
 5. flow_SYN_flag_count            - Score: 0.0350
 6. fwd_PSH_flag_count             - Score: 0.0329
 7. flow_FIN_flag_count            - Score: 0.0268
 8. bwd_subflow_pkts               - Score: 0.0164
 9. fwd_data_pkts_tot              - Score: 0.0143
10. bwd_pkts_tot                   - Score: 0.0127
11. flow_ACK_flag_count            - Score: 0.0052
12. fwd_header_size_min            - Score: 0.0050
13. bwd_header_size_min            - Score: 0.0041
14. fwd_subflow_pkts               - Score: 0.0040
15. bwd_header_size_max            - Score: 0.0040
16. bwd_PSH_flag_count             - Score: 0.0032
17. bwd_data_pkts_tot              - Score: 0.0029
18. fwd_header_size_max            - Score: 0.0027
19. fwd_pkts_tot                   - Score: 0.0022
20. bwd_header_size_tot            - Score: 0.0019
21. flow_CWR_flag_count            - Score: 0.0016
22. flow_ECE_flag_count            - Score: 0.0016
23. fwd_pkts_payload.avg           - Score: 0.0015
24. fwd_pkts_payload.std           - Score: 0.0012
25. flow_pkts_payload.avg          - Score: 0.0004
26. fwd_subflow_bytes              - Score: 0.0003
27. fwd_init_window_size           - Score: 0.0003
28. flow_pkts_payload.std          - Score: 0.0003
29. fwd_pkts_payload.max           - Score: 0.0003
30. bwd_pkts_payload.std           - Score: 0.0003
31. bwd_pkts_payload.avg           - Score: 0.0002
32. fwd_header_size_tot            - Score: 0.0002
33. fwd_pkts_payload.tot           - Score: 0.0002
34. fwd_pkts_payload.min           - Score: 0.0002
35. flow_pkts_payload.min          - Score: 0.0001
36. flow_pkts_payload.max          - Score: 0.0001
37. bwd_bulk_packets               - Score: 0.0001
38. bwd_pkts_payload.max           - Score: 0.0001
39. bwd_pkts_payload.min           - Score: 0.0001
40. Unnamed: 0                     - Score: 0.0000
41. bwd_pkts_per_sec               - Score: 0.0000
42. fwd_bulk_packets               - Score: 0.0000
43. bwd_subflow_bytes              - Score: 0.0000
44. id.resp_p                      - Score: 0.0000
45. flow_iat.min                   - Score: 0.0000
46. bwd_pkts_payload.tot           - Score: 0.0000
47. fwd_last_window_size           - Score: 0.0000
48. fwd_pkts_per_sec               - Score: 0.0000
49. flow_pkts_payload.tot          - Score: 0.0000
50. flow_pkts_per_sec              - Score: 0.0000
51. fwd_iat.min                    - Score: 0.0000
52. flow_iat.avg                   - Score: 0.0000
53. bwd_init_window_size           - Score: 0.0000
54. flow_iat.max                   - Score: 0.0000
55. fwd_bulk_rate                  - Score: 0.0000
56. active.min                     - Score: 0.0000
57. active.avg                     - Score: 0.0000
58. active.max                     - Score: 0.0000
59. active.tot                     - Score: 0.0000
60. flow_iat.tot                   - Score: 0.0000
61. id.orig_p                      - Score: 0.0000
62. bwd_iat.min                    - Score: 0.0000
63. payload_bytes_per_second       - Score: 0.0000
64. bwd_bulk_bytes                 - Score: 0.0000
65. fwd_bulk_bytes                 - Score: 0.0000
66. bwd_bulk_rate                  - Score: 0.0000
67. flow_iat.std                   - Score: 0.0000
68. fwd_iat.avg                    - Score: 0.0000
69. fwd_iat.std                    - Score: 0.0000
70. fwd_iat.max                    - Score: 0.0000
71. fwd_iat.tot                    - Score: 0.0000
72. bwd_iat.std                    - Score: 0.0000
73. bwd_iat.avg                    - Score: 0.0000
74. bwd_iat.max                    - Score: 0.0000
75. bwd_iat.tot                    - Score: 0.0000
76. active.std                     - Score: 0.0000
77. idle.std                       - Score: 0.0000
78. idle.min                       - Score: 0.0000
79. idle.avg                       - Score: 0.0000
80. idle.max                       - Score: 0.0000
81. idle.tot                       - Score: 0.0000
82. bwd_URG_flag_count             - Score: 0.0000
================================================================================

Features Ranked by Differentiation Strength:
================================================================================
 1. flow_duration                  - Score: 1.0000
 2. fwd_URG_flag_count             - Score: 0.2193
 3. flow_RST_flag_count            - Score: 0.1683
 4. down_up_ratio                  - Score: 0.1560
 5. flow_SYN_flag_count            - Score: 0.0797
 6. fwd_PSH_flag_count             - Score: 0.0691
 7. flow_FIN_flag_count            - Score: 0.0590
 8. fwd_data_pkts_tot              - Score: 0.0372
 9. bwd_subflow_pkts               - Score: 0.0199
10. bwd_pkts_tot                   - Score: 0.0140
11. fwd_header_size_min            - Score: 0.0136
12. fwd_header_size_max            - Score: 0.0118
13. fwd_subflow_pkts               - Score: 0.0083
14. bwd_PSH_flag_count             - Score: 0.0074
15. bwd_header_size_min            - Score: 0.0070
16. bwd_header_size_max            - Score: 0.0062
17. bwd_data_pkts_tot              - Score: 0.0047
18. fwd_pkts_tot                   - Score: 0.0046
19. fwd_pkts_payload.avg           - Score: 0.0040
20. flow_ACK_flag_count            - Score: 0.0036
21. flow_CWR_flag_count            - Score: 0.0031
22. flow_ECE_flag_count            - Score: 0.0031
23. fwd_pkts_payload.std           - Score: 0.0027
24. bwd_header_size_tot            - Score: 0.0011
25. flow_pkts_payload.avg          - Score: 0.0010
26. fwd_subflow_bytes              - Score: 0.0008
27. fwd_pkts_payload.max           - Score: 0.0008
28. flow_pkts_payload.std          - Score: 0.0007
29. bwd_pkts_payload.avg           - Score: 0.0006
30. bwd_pkts_payload.std           - Score: 0.0006
31. fwd_pkts_payload.min           - Score: 0.0004
32. fwd_header_size_tot            - Score: 0.0004
33. fwd_pkts_payload.tot           - Score: 0.0004
34. flow_pkts_payload.min          - Score: 0.0004
35. flow_pkts_payload.max          - Score: 0.0003
36. fwd_bulk_packets               - Score: 0.0003
37. bwd_pkts_payload.min           - Score: 0.0002
38. bwd_pkts_payload.max           - Score: 0.0002
39. Unnamed: 0                     - Score: 0.0001
40. bwd_bulk_packets               - Score: 0.0001
41. bwd_pkts_per_sec               - Score: 0.0001
42. bwd_subflow_bytes              - Score: 0.0001
43. bwd_pkts_payload.tot           - Score: 0.0000
44. id.resp_p                      - Score: 0.0000
45. flow_iat.min                   - Score: 0.0000
46. flow_pkts_payload.tot          - Score: 0.0000
47. fwd_last_window_size           - Score: 0.0000
48. fwd_pkts_per_sec               - Score: 0.0000
49. fwd_iat.min                    - Score: 0.0000
50. flow_pkts_per_sec              - Score: 0.0000
51. bwd_iat.min                    - Score: 0.0000
52. flow_iat.avg                   - Score: 0.0000
53. fwd_bulk_rate                  - Score: 0.0000
54. fwd_init_window_size           - Score: 0.0000
55. bwd_init_window_size           - Score: 0.0000
56. id.orig_p                      - Score: 0.0000
57. fwd_bulk_bytes                 - Score: 0.0000
58. active.min                     - Score: 0.0000
59. flow_iat.max                   - Score: 0.0000
60. active.avg                     - Score: 0.0000
61. active.max                     - Score: 0.0000
62. active.tot                     - Score: 0.0000
63. payload_bytes_per_second       - Score: 0.0000
64. flow_iat.tot                   - Score: 0.0000
65. bwd_bulk_rate                  - Score: 0.0000
66. bwd_bulk_bytes                 - Score: 0.0000
67. fwd_iat.avg                    - Score: 0.0000
68. bwd_iat.avg                    - Score: 0.0000
69. flow_iat.std                   - Score: 0.0000
70. fwd_iat.std                    - Score: 0.0000
71. bwd_iat.std                    - Score: 0.0000
72. fwd_iat.max                    - Score: 0.0000
73. fwd_iat.tot                    - Score: 0.0000
74. bwd_iat.max                    - Score: 0.0000
75. bwd_iat.tot                    - Score: 0.0000
76. active.std                     - Score: 0.0000
77. idle.std                       - Score: 0.0000
78. idle.min                       - Score: 0.0000
79. idle.avg                       - Score: 0.0000
80. idle.max                       - Score: 0.0000
81. idle.tot                       - Score: 0.0000
82. bwd_URG_flag_count             - Score: 0.0000
================================================================================

Features Ranked by Differentiation Strength:
================================================================================
 1. flow_duration                  - Score: 1.0000
 2. fwd_URG_flag_count             - Score: 0.2362
 3. down_up_ratio                  - Score: 0.2160
 4. flow_RST_flag_count            - Score: 0.1320
 5. flow_SYN_flag_count            - Score: 0.0850
 6. fwd_PSH_flag_count             - Score: 0.0719
 7. flow_FIN_flag_count            - Score: 0.0609
 8. fwd_data_pkts_tot              - Score: 0.0380
 9. bwd_subflow_pkts               - Score: 0.0377
10. fwd_subflow_pkts               - Score: 0.0241
11. bwd_pkts_tot                   - Score: 0.0240
12. bwd_PSH_flag_count             - Score: 0.0217
13. bwd_data_pkts_tot              - Score: 0.0178
14. fwd_pkts_tot                   - Score: 0.0159
15. fwd_header_size_min            - Score: 0.0147
16. fwd_header_size_max            - Score: 0.0133
17. flow_ACK_flag_count            - Score: 0.0083
18. bwd_header_size_min            - Score: 0.0078
19. bwd_header_size_max            - Score: 0.0077
20. fwd_pkts_payload.avg           - Score: 0.0038
21. flow_CWR_flag_count            - Score: 0.0036
22. flow_ECE_flag_count            - Score: 0.0035
23. fwd_pkts_payload.std           - Score: 0.0029
24. bwd_header_size_tot            - Score: 0.0013
25. flow_pkts_payload.avg          - Score: 0.0013
26. fwd_pkts_payload.max           - Score: 0.0011
27. fwd_subflow_bytes              - Score: 0.0010
28. flow_pkts_payload.std          - Score: 0.0008
29. bwd_pkts_payload.avg           - Score: 0.0008
30. bwd_pkts_payload.std           - Score: 0.0007
31. fwd_header_size_tot            - Score: 0.0007
32. fwd_pkts_payload.tot           - Score: 0.0006
33. fwd_pkts_payload.min           - Score: 0.0005
34. flow_pkts_payload.min          - Score: 0.0004
35. flow_pkts_payload.max          - Score: 0.0003
36. bwd_bulk_packets               - Score: 0.0003
37. bwd_pkts_payload.max           - Score: 0.0002
38. fwd_bulk_packets               - Score: 0.0002
39. bwd_pkts_payload.min           - Score: 0.0002
40. Unnamed: 0                     - Score: 0.0001
41. bwd_subflow_bytes              - Score: 0.0001
42. bwd_pkts_per_sec               - Score: 0.0001
43. bwd_pkts_payload.tot           - Score: 0.0001
44. id.resp_p                      - Score: 0.0001
45. flow_pkts_payload.tot          - Score: 0.0000
46. flow_iat.min                   - Score: 0.0000
47. fwd_last_window_size           - Score: 0.0000
48. fwd_pkts_per_sec               - Score: 0.0000
49. fwd_iat.min                    - Score: 0.0000
50. payload_bytes_per_second       - Score: 0.0000
51. flow_pkts_per_sec              - Score: 0.0000
52. fwd_bulk_rate                  - Score: 0.0000
53. bwd_init_window_size           - Score: 0.0000
54. flow_iat.avg                   - Score: 0.0000
55. fwd_init_window_size           - Score: 0.0000
56. id.orig_p                      - Score: 0.0000
57. flow_iat.max                   - Score: 0.0000
58. fwd_bulk_bytes                 - Score: 0.0000
59. bwd_bulk_bytes                 - Score: 0.0000
60. active.min                     - Score: 0.0000
61. active.avg                     - Score: 0.0000
62. active.max                     - Score: 0.0000
63. active.tot                     - Score: 0.0000
64. flow_iat.tot                   - Score: 0.0000
65. bwd_iat.min                    - Score: 0.0000
66. bwd_bulk_rate                  - Score: 0.0000
67. fwd_iat.std                    - Score: 0.0000
68. flow_iat.std                   - Score: 0.0000
69. fwd_iat.avg                    - Score: 0.0000
70. bwd_iat.avg                    - Score: 0.0000
71. fwd_iat.max                    - Score: 0.0000
72. bwd_iat.std                    - Score: 0.0000
73. fwd_iat.tot                    - Score: 0.0000
74. bwd_iat.max                    - Score: 0.0000
75. bwd_iat.tot                    - Score: 0.0000
76. active.std                     - Score: 0.0000
77. idle.std                       - Score: 0.0000
78. idle.min                       - Score: 0.0000
79. idle.avg                       - Score: 0.0000
80. idle.max                       - Score: 0.0000
81. idle.tot                       - Score: 0.0000
82. bwd_URG_flag_count             - Score: 0.0000
================================================================================

Features Ranked by Differentiation Strength:
================================================================================
 1. flow_duration                  - Score: 1.0000
 2. fwd_URG_flag_count             - Score: 0.3379
 3. down_up_ratio                  - Score: 0.2390
 4. flow_RST_flag_count            - Score: 0.1847
 5. fwd_PSH_flag_count             - Score: 0.1279
 6. flow_SYN_flag_count            - Score: 0.1199
 7. flow_FIN_flag_count            - Score: 0.0905
 8. fwd_data_pkts_tot              - Score: 0.0639
 9. bwd_subflow_pkts               - Score: 0.0487
10. bwd_pkts_tot                   - Score: 0.0356
11. fwd_header_size_max            - Score: 0.0212
12. fwd_header_size_min            - Score: 0.0202
13. flow_ACK_flag_count            - Score: 0.0186
14. fwd_subflow_pkts               - Score: 0.0158
15. bwd_header_size_min            - Score: 0.0149
16. bwd_header_size_max            - Score: 0.0140
17. bwd_PSH_flag_count             - Score: 0.0122
18. fwd_pkts_tot                   - Score: 0.0098
19. bwd_data_pkts_tot              - Score: 0.0093
20. bwd_header_size_tot            - Score: 0.0063
21. flow_CWR_flag_count            - Score: 0.0060
22. flow_ECE_flag_count            - Score: 0.0060
23. fwd_pkts_payload.avg           - Score: 0.0057
24. fwd_pkts_payload.std           - Score: 0.0052
25. fwd_subflow_bytes              - Score: 0.0015
26. flow_pkts_payload.avg          - Score: 0.0015
27. fwd_pkts_payload.max           - Score: 0.0013
28. flow_pkts_payload.std          - Score: 0.0012
29. bwd_pkts_payload.std           - Score: 0.0011
30. bwd_pkts_payload.avg           - Score: 0.0009
31. fwd_pkts_payload.tot           - Score: 0.0009
32. fwd_header_size_tot            - Score: 0.0008
33. fwd_pkts_payload.min           - Score: 0.0007
34. flow_pkts_payload.min          - Score: 0.0006
35. flow_pkts_payload.max          - Score: 0.0004
36. bwd_pkts_per_sec               - Score: 0.0004
37. fwd_bulk_packets               - Score: 0.0004
38. bwd_pkts_payload.min           - Score: 0.0003
39. bwd_pkts_payload.max           - Score: 0.0003
40. bwd_bulk_packets               - Score: 0.0002
41. Unnamed: 0                     - Score: 0.0002
42. bwd_subflow_bytes              - Score: 0.0001
43. flow_pkts_payload.tot          - Score: 0.0001
44. id.resp_p                      - Score: 0.0001
45. fwd_pkts_per_sec               - Score: 0.0001
46. bwd_pkts_payload.tot           - Score: 0.0001
47. flow_iat.min                   - Score: 0.0000
48. fwd_last_window_size           - Score: 0.0000
49. fwd_iat.min                    - Score: 0.0000
50. flow_pkts_per_sec              - Score: 0.0000
51. fwd_iat.avg                    - Score: 0.0000
52. fwd_iat.max                    - Score: 0.0000
53. fwd_iat.tot                    - Score: 0.0000
54. fwd_init_window_size           - Score: 0.0000
55. bwd_init_window_size           - Score: 0.0000
56. flow_iat.avg                   - Score: 0.0000
57. id.orig_p                      - Score: 0.0000
58. fwd_bulk_bytes                 - Score: 0.0000
59. bwd_iat.min                    - Score: 0.0000
60. fwd_bulk_rate                  - Score: 0.0000
61. payload_bytes_per_second       - Score: 0.0000
62. flow_iat.max                   - Score: 0.0000
63. bwd_bulk_rate                  - Score: 0.0000
64. active.min                     - Score: 0.0000
65. active.avg                     - Score: 0.0000
66. bwd_bulk_bytes                 - Score: 0.0000
67. active.max                     - Score: 0.0000
68. active.tot                     - Score: 0.0000
69. flow_iat.tot                   - Score: 0.0000
70. flow_iat.std                   - Score: 0.0000
71. fwd_iat.std                    - Score: 0.0000
72. bwd_iat.avg                    - Score: 0.0000
73. bwd_iat.max                    - Score: 0.0000
74. bwd_iat.tot                    - Score: 0.0000
75. bwd_iat.std                    - Score: 0.0000
76. active.std                     - Score: 0.0000
77. idle.std                       - Score: 0.0000
78. idle.min                       - Score: 0.0000
79. idle.avg                       - Score: 0.0000
80. idle.max                       - Score: 0.0000
81. idle.tot                       - Score: 0.0000
82. bwd_URG_flag_count             - Score: 0.0000
================================================================================

Features Ranked by Differentiation Strength:
================================================================================
 1. flow_duration                  - Score: 1.0000
 2. fwd_URG_flag_count             - Score: 0.0672
 3. down_up_ratio                  - Score: 0.0308
 4. fwd_PSH_flag_count             - Score: 0.0212
 5. flow_FIN_flag_count            - Score: 0.0197
 6. flow_RST_flag_count            - Score: 0.0179
 7. flow_SYN_flag_count            - Score: 0.0125
 8. fwd_data_pkts_tot              - Score: 0.0061
 9. bwd_subflow_pkts               - Score: 0.0055
10. bwd_pkts_tot                   - Score: 0.0042
11. flow_ACK_flag_count            - Score: 0.0033
12. fwd_header_size_min            - Score: 0.0025
13. bwd_PSH_flag_count             - Score: 0.0025
14. fwd_header_size_max            - Score: 0.0020
15. fwd_subflow_pkts               - Score: 0.0018
16. bwd_header_size_min            - Score: 0.0014
17. bwd_header_size_max            - Score: 0.0013
18. fwd_pkts_tot                   - Score: 0.0009
19. bwd_data_pkts_tot              - Score: 0.0008
20. fwd_pkts_payload.avg           - Score: 0.0006
21. fwd_pkts_payload.std           - Score: 0.0005
22. flow_CWR_flag_count            - Score: 0.0005
23. flow_ECE_flag_count            - Score: 0.0005
24. bwd_header_size_tot            - Score: 0.0004
25. flow_pkts_payload.avg          - Score: 0.0002
26. fwd_subflow_bytes              - Score: 0.0001
27. fwd_pkts_payload.max           - Score: 0.0001
28. flow_pkts_payload.std          - Score: 0.0001
29. bwd_pkts_payload.std           - Score: 0.0001
30. bwd_pkts_payload.avg           - Score: 0.0001
31. fwd_header_size_tot            - Score: 0.0001
32. fwd_pkts_payload.min           - Score: 0.0001
33. fwd_pkts_payload.tot           - Score: 0.0001
34. flow_pkts_payload.min          - Score: 0.0001
35. flow_pkts_payload.max          - Score: 0.0000
36. fwd_bulk_packets               - Score: 0.0000
37. bwd_pkts_payload.max           - Score: 0.0000
38. bwd_pkts_payload.min           - Score: 0.0000
39. bwd_bulk_packets               - Score: 0.0000
40. bwd_pkts_per_sec               - Score: 0.0000
41. Unnamed: 0                     - Score: 0.0000
42. flow_iat.min                   - Score: 0.0000
43. bwd_subflow_bytes              - Score: 0.0000
44. id.resp_p                      - Score: 0.0000
45. fwd_last_window_size           - Score: 0.0000
46. flow_pkts_payload.tot          - Score: 0.0000
47. fwd_pkts_per_sec               - Score: 0.0000
48. bwd_pkts_payload.tot           - Score: 0.0000
49. fwd_iat.min                    - Score: 0.0000
50. flow_pkts_per_sec              - Score: 0.0000
51. flow_iat.avg                   - Score: 0.0000
52. payload_bytes_per_second       - Score: 0.0000
53. flow_iat.max                   - Score: 0.0000
54. active.min                     - Score: 0.0000
55. active.avg                     - Score: 0.0000
56. active.max                     - Score: 0.0000
57. active.tot                     - Score: 0.0000
58. flow_iat.tot                   - Score: 0.0000
59. fwd_bulk_rate                  - Score: 0.0000
60. bwd_init_window_size           - Score: 0.0000
61. fwd_init_window_size           - Score: 0.0000
62. fwd_bulk_bytes                 - Score: 0.0000
63. id.orig_p                      - Score: 0.0000
64. bwd_iat.min                    - Score: 0.0000
65. bwd_bulk_rate                  - Score: 0.0000
66. bwd_bulk_bytes                 - Score: 0.0000
67. flow_iat.std                   - Score: 0.0000
68. fwd_iat.avg                    - Score: 0.0000
69. fwd_iat.std                    - Score: 0.0000
70. fwd_iat.max                    - Score: 0.0000
71. fwd_iat.tot                    - Score: 0.0000
72. bwd_iat.std                    - Score: 0.0000
73. bwd_iat.avg                    - Score: 0.0000
74. bwd_iat.max                    - Score: 0.0000
75. active.std                     - Score: 0.0000
76. bwd_iat.tot                    - Score: 0.0000
77. idle.std                       - Score: 0.0000
78. idle.min                       - Score: 0.0000
79. idle.avg                       - Score: 0.0000
80. idle.max                       - Score: 0.0000
81. idle.tot                       - Score: 0.0000
82. bwd_URG_flag_count             - Score: 0.0000
================================================================================

Features Ranked by Differentiation Strength:
================================================================================
 1. flow_duration                  - Score: 1.0000
 2. fwd_URG_flag_count             - Score: 0.3839
 3. flow_RST_flag_count            - Score: 0.1971
 4. down_up_ratio                  - Score: 0.1887
 5. flow_FIN_flag_count            - Score: 0.1146
 6. fwd_PSH_flag_count             - Score: 0.1043
 7. flow_SYN_flag_count            - Score: 0.0820
 8. fwd_data_pkts_tot              - Score: 0.0436
 9. bwd_subflow_pkts               - Score: 0.0273
10. bwd_pkts_tot                   - Score: 0.0180
11. fwd_header_size_min            - Score: 0.0156
12. fwd_header_size_max            - Score: 0.0156
13. fwd_subflow_pkts               - Score: 0.0124
14. bwd_PSH_flag_count             - Score: 0.0114
15. bwd_data_pkts_tot              - Score: 0.0086
16. bwd_header_size_min            - Score: 0.0078
17. bwd_header_size_max            - Score: 0.0077
18. fwd_pkts_tot                   - Score: 0.0068
19. flow_ACK_flag_count            - Score: 0.0049
20. fwd_pkts_payload.avg           - Score: 0.0046
21. flow_ECE_flag_count            - Score: 0.0044
22. flow_CWR_flag_count            - Score: 0.0042
23. fwd_pkts_payload.std           - Score: 0.0033
24. bwd_header_size_tot            - Score: 0.0014
25. flow_pkts_payload.avg          - Score: 0.0013
26. fwd_subflow_bytes              - Score: 0.0010
27. fwd_pkts_payload.max           - Score: 0.0009
28. flow_pkts_payload.std          - Score: 0.0008
29. bwd_pkts_payload.std           - Score: 0.0008
30. bwd_pkts_payload.avg           - Score: 0.0007
31. fwd_pkts_payload.min           - Score: 0.0005
32. fwd_pkts_payload.tot           - Score: 0.0005
33. fwd_header_size_tot            - Score: 0.0005
34. flow_pkts_payload.min          - Score: 0.0004
35. flow_pkts_payload.max          - Score: 0.0003
36. fwd_bulk_packets               - Score: 0.0002
37. bwd_pkts_payload.min           - Score: 0.0002
38. bwd_pkts_payload.max           - Score: 0.0002
39. bwd_bulk_packets               - Score: 0.0002
40. bwd_pkts_per_sec               - Score: 0.0002
41. Unnamed: 0                     - Score: 0.0001
42. flow_iat.min                   - Score: 0.0001
43. fwd_pkts_per_sec               - Score: 0.0001
44. bwd_subflow_bytes              - Score: 0.0001
45. flow_pkts_per_sec              - Score: 0.0001
46. id.resp_p                      - Score: 0.0000
47. bwd_pkts_payload.tot           - Score: 0.0000
48. flow_pkts_payload.tot          - Score: 0.0000
49. fwd_last_window_size           - Score: 0.0000
50. fwd_iat.min                    - Score: 0.0000
51. fwd_bulk_rate                  - Score: 0.0000
52. bwd_init_window_size           - Score: 0.0000
53. flow_iat.avg                   - Score: 0.0000
54. fwd_init_window_size           - Score: 0.0000
55. id.orig_p                      - Score: 0.0000
56. payload_bytes_per_second       - Score: 0.0000
57. bwd_iat.min                    - Score: 0.0000
58. fwd_bulk_bytes                 - Score: 0.0000
59. fwd_iat.avg                    - Score: 0.0000
60. flow_iat.max                   - Score: 0.0000
61. fwd_iat.max                    - Score: 0.0000
62. fwd_iat.tot                    - Score: 0.0000
63. active.min                     - Score: 0.0000
64. active.avg                     - Score: 0.0000
65. active.max                     - Score: 0.0000
66. active.tot                     - Score: 0.0000
67. flow_iat.tot                   - Score: 0.0000
68. bwd_bulk_rate                  - Score: 0.0000
69. bwd_bulk_bytes                 - Score: 0.0000
70. fwd_iat.std                    - Score: 0.0000
71. bwd_iat.avg                    - Score: 0.0000
72. flow_iat.std                   - Score: 0.0000
73. bwd_iat.std                    - Score: 0.0000
74. bwd_iat.max                    - Score: 0.0000
75. bwd_iat.tot                    - Score: 0.0000
76. active.std                     - Score: 0.0000
77. idle.std                       - Score: 0.0000
78. idle.min                       - Score: 0.0000
79. idle.avg                       - Score: 0.0000
80. idle.max                       - Score: 0.0000
81. idle.tot                       - Score: 0.0000
82. bwd_URG_flag_count             - Score: 0.0000
================================================================================

Features Ranked by Differentiation Strength:
================================================================================
 1. flow_duration                  - Score: 1.0000
 2. fwd_URG_flag_count             - Score: 0.3271
 3. down_up_ratio                  - Score: 0.2499
 4. flow_RST_flag_count            - Score: 0.1444
 5. flow_FIN_flag_count            - Score: 0.1078
 6. flow_SYN_flag_count            - Score: 0.0981
 7. fwd_PSH_flag_count             - Score: 0.0957
 8. fwd_data_pkts_tot              - Score: 0.0420
 9. bwd_subflow_pkts               - Score: 0.0277
10. bwd_PSH_flag_count             - Score: 0.0221
11. bwd_pkts_tot                   - Score: 0.0177
12. fwd_header_size_min            - Score: 0.0170
13. fwd_subflow_pkts               - Score: 0.0147
14. fwd_header_size_max            - Score: 0.0142
15. fwd_pkts_tot                   - Score: 0.0084
16. bwd_header_size_min            - Score: 0.0082
17. bwd_header_size_max            - Score: 0.0082
18. bwd_data_pkts_tot              - Score: 0.0073
19. flow_ACK_flag_count            - Score: 0.0055
20. fwd_pkts_payload.avg           - Score: 0.0050
21. flow_CWR_flag_count            - Score: 0.0044
22. flow_ECE_flag_count            - Score: 0.0044
23. fwd_pkts_payload.std           - Score: 0.0036
24. flow_pkts_payload.avg          - Score: 0.0015
25. bwd_header_size_tot            - Score: 0.0012
26. fwd_subflow_bytes              - Score: 0.0011
27. fwd_pkts_payload.max           - Score: 0.0011
28. flow_pkts_payload.std          - Score: 0.0009
29. bwd_pkts_payload.std           - Score: 0.0008
30. bwd_pkts_payload.avg           - Score: 0.0008
31. fwd_pkts_payload.min           - Score: 0.0006
32. fwd_header_size_tot            - Score: 0.0005
33. fwd_pkts_payload.tot           - Score: 0.0005
34. flow_pkts_payload.min          - Score: 0.0005
35. flow_pkts_payload.max          - Score: 0.0004
36. fwd_bulk_packets               - Score: 0.0003
37. bwd_pkts_payload.max           - Score: 0.0002
38. bwd_pkts_per_sec               - Score: 0.0002
39. bwd_pkts_payload.min           - Score: 0.0002
40. bwd_bulk_packets               - Score: 0.0002
41. Unnamed: 0                     - Score: 0.0002
42. fwd_pkts_per_sec               - Score: 0.0001
43. bwd_subflow_bytes              - Score: 0.0001
44. flow_iat.min                   - Score: 0.0001
45. flow_pkts_per_sec              - Score: 0.0001
46. fwd_last_window_size           - Score: 0.0001
47. id.resp_p                      - Score: 0.0000
48. bwd_pkts_payload.tot           - Score: 0.0000
49. flow_pkts_payload.tot          - Score: 0.0000
50. payload_bytes_per_second       - Score: 0.0000
51. fwd_iat.min                    - Score: 0.0000
52. fwd_bulk_rate                  - Score: 0.0000
53. bwd_init_window_size           - Score: 0.0000
54. fwd_init_window_size           - Score: 0.0000
55. flow_iat.avg                   - Score: 0.0000
56. id.orig_p                      - Score: 0.0000
57. fwd_bulk_bytes                 - Score: 0.0000
58. bwd_iat.min                    - Score: 0.0000
59. fwd_iat.avg                    - Score: 0.0000
60. fwd_iat.max                    - Score: 0.0000
61. flow_iat.max                   - Score: 0.0000
62. fwd_iat.tot                    - Score: 0.0000
63. active.min                     - Score: 0.0000
64. active.avg                     - Score: 0.0000
65. active.max                     - Score: 0.0000
66. active.tot                     - Score: 0.0000
67. flow_iat.tot                   - Score: 0.0000
68. bwd_bulk_rate                  - Score: 0.0000
69. bwd_bulk_bytes                 - Score: 0.0000
70. fwd_iat.std                    - Score: 0.0000
71. flow_iat.std                   - Score: 0.0000
72. bwd_iat.std                    - Score: 0.0000
73. bwd_iat.avg                    - Score: 0.0000
74. bwd_iat.max                    - Score: 0.0000
75. bwd_iat.tot                    - Score: 0.0000
76. active.std                     - Score: 0.0000
77. idle.std                       - Score: 0.0000
78. idle.min                       - Score: 0.0000
79. idle.avg                       - Score: 0.0000
80. idle.max                       - Score: 0.0000
81. idle.tot                       - Score: 0.0000
82. bwd_URG_flag_count             - Score: 0.0000
================================================================================

Features Ranked by Differentiation Strength:
================================================================================
 1. flow_duration                  - Score: 1.0000
 2. fwd_URG_flag_count             - Score: 0.2743
 3. flow_RST_flag_count            - Score: 0.1755
 4. down_up_ratio                  - Score: 0.1707
 5. flow_SYN_flag_count            - Score: 0.0784
 6. fwd_PSH_flag_count             - Score: 0.0702
 7. flow_FIN_flag_count            - Score: 0.0688
 8. fwd_data_pkts_tot              - Score: 0.0338
 9. bwd_subflow_pkts               - Score: 0.0194
10. fwd_header_size_min            - Score: 0.0142
11. bwd_pkts_tot                   - Score: 0.0130
12. fwd_header_size_max            - Score: 0.0122
13. fwd_subflow_pkts               - Score: 0.0090
14. bwd_PSH_flag_count             - Score: 0.0081
15. bwd_header_size_min            - Score: 0.0066
16. bwd_header_size_max            - Score: 0.0064
17. fwd_pkts_tot                   - Score: 0.0050
18. bwd_data_pkts_tot              - Score: 0.0050
19. fwd_pkts_payload.avg           - Score: 0.0042
20. flow_CWR_flag_count            - Score: 0.0040
21. flow_ECE_flag_count            - Score: 0.0040
22. flow_ACK_flag_count            - Score: 0.0036
23. fwd_pkts_payload.std           - Score: 0.0029
24. flow_pkts_payload.avg          - Score: 0.0010
25. fwd_subflow_bytes              - Score: 0.0009
26. bwd_header_size_tot            - Score: 0.0009
27. fwd_pkts_payload.max           - Score: 0.0008
28. flow_pkts_payload.std          - Score: 0.0007
29. bwd_pkts_payload.std           - Score: 0.0007
30. bwd_pkts_payload.avg           - Score: 0.0006
31. fwd_pkts_payload.min           - Score: 0.0005
32. fwd_header_size_tot            - Score: 0.0004
33. flow_pkts_payload.min          - Score: 0.0004
34. fwd_pkts_payload.tot           - Score: 0.0004
35. flow_pkts_payload.max          - Score: 0.0003
36. fwd_bulk_packets               - Score: 0.0003
37. bwd_pkts_payload.min           - Score: 0.0002
38. bwd_pkts_payload.max           - Score: 0.0002
39. bwd_bulk_packets               - Score: 0.0002
40. Unnamed: 0                     - Score: 0.0001
41. bwd_pkts_per_sec               - Score: 0.0001
42. bwd_subflow_bytes              - Score: 0.0001
43. id.resp_p                      - Score: 0.0000
44. bwd_pkts_payload.tot           - Score: 0.0000
45. fwd_pkts_per_sec               - Score: 0.0000
46. flow_iat.min                   - Score: 0.0000
47. flow_pkts_payload.tot          - Score: 0.0000
48. fwd_last_window_size           - Score: 0.0000
49. flow_pkts_per_sec              - Score: 0.0000
50. fwd_iat.min                    - Score: 0.0000
51. fwd_bulk_rate                  - Score: 0.0000
52. flow_iat.avg                   - Score: 0.0000
53. bwd_init_window_size           - Score: 0.0000
54. fwd_init_window_size           - Score: 0.0000
55. fwd_bulk_bytes                 - Score: 0.0000
56. id.orig_p                      - Score: 0.0000
57. flow_iat.max                   - Score: 0.0000
58. bwd_iat.min                    - Score: 0.0000
59. payload_bytes_per_second       - Score: 0.0000
60. active.min                     - Score: 0.0000
61. active.avg                     - Score: 0.0000
62. active.max                     - Score: 0.0000
63. active.tot                     - Score: 0.0000
64. flow_iat.tot                   - Score: 0.0000
65. bwd_bulk_rate                  - Score: 0.0000
66. bwd_bulk_bytes                 - Score: 0.0000
67. fwd_iat.std                    - Score: 0.0000
68. bwd_iat.avg                    - Score: 0.0000
69. flow_iat.std                   - Score: 0.0000
70. fwd_iat.avg                    - Score: 0.0000
71. fwd_iat.max                    - Score: 0.0000
72. bwd_iat.std                    - Score: 0.0000
73. fwd_iat.tot                    - Score: 0.0000
74. bwd_iat.max                    - Score: 0.0000
75. bwd_iat.tot                    - Score: 0.0000
76. active.std                     - Score: 0.0000
77. idle.std                       - Score: 0.0000
78. idle.min                       - Score: 0.0000
79. idle.avg                       - Score: 0.0000
80. idle.max                       - Score: 0.0000
81. idle.tot                       - Score: 0.0000
82. bwd_URG_flag_count             - Score: 0.0000
================================================================================

Features Ranked by Differentiation Strength:
================================================================================
 1. flow_duration                  - Score: 1.0000
 2. fwd_URG_flag_count             - Score: 0.5202
 3. down_up_ratio                  - Score: 0.2690
 4. flow_RST_flag_count            - Score: 0.2098
 5. fwd_PSH_flag_count             - Score: 0.1291
 6. flow_SYN_flag_count            - Score: 0.1283
 7. flow_FIN_flag_count            - Score: 0.1180
 8. fwd_data_pkts_tot              - Score: 0.0657
 9. bwd_subflow_pkts               - Score: 0.0300
10. bwd_pkts_tot                   - Score: 0.0203
11. fwd_header_size_min            - Score: 0.0198
12. fwd_header_size_max            - Score: 0.0194
13. fwd_subflow_pkts               - Score: 0.0143
14. bwd_PSH_flag_count             - Score: 0.0123
15. bwd_header_size_max            - Score: 0.0110
16. bwd_header_size_min            - Score: 0.0104
17. fwd_pkts_payload.avg           - Score: 0.0090
18. fwd_pkts_tot                   - Score: 0.0084
19. bwd_data_pkts_tot              - Score: 0.0081
20. fwd_pkts_payload.std           - Score: 0.0070
21. flow_CWR_flag_count            - Score: 0.0060
22. flow_ECE_flag_count            - Score: 0.0060
23. flow_ACK_flag_count            - Score: 0.0059
24. bwd_pkts_payload.std           - Score: 0.0023
25. fwd_subflow_bytes              - Score: 0.0018
26. flow_pkts_payload.avg          - Score: 0.0017
27. fwd_pkts_payload.max           - Score: 0.0015
28. bwd_header_size_tot            - Score: 0.0014
29. flow_pkts_payload.std          - Score: 0.0013
30. bwd_pkts_payload.avg           - Score: 0.0010
31. fwd_pkts_payload.tot           - Score: 0.0008
32. fwd_pkts_payload.min           - Score: 0.0007
33. flow_pkts_payload.min          - Score: 0.0006
34. fwd_header_size_tot            - Score: 0.0006
35. flow_pkts_payload.max          - Score: 0.0005
36. fwd_bulk_packets               - Score: 0.0004
37. bwd_pkts_payload.max           - Score: 0.0003
38. bwd_pkts_payload.min           - Score: 0.0003
39. bwd_bulk_packets               - Score: 0.0003
40. Unnamed: 0                     - Score: 0.0002
41. bwd_pkts_per_sec               - Score: 0.0001
42. flow_iat.min                   - Score: 0.0001
43. bwd_subflow_bytes              - Score: 0.0001
44. id.resp_p                      - Score: 0.0001
45. fwd_pkts_per_sec               - Score: 0.0001
46. bwd_pkts_payload.tot           - Score: 0.0001
47. flow_pkts_payload.tot          - Score: 0.0000
48. fwd_last_window_size           - Score: 0.0000
49. flow_pkts_per_sec              - Score: 0.0000
50. fwd_iat.min                    - Score: 0.0000
51. fwd_bulk_rate                  - Score: 0.0000
52. bwd_init_window_size           - Score: 0.0000
53. fwd_init_window_size           - Score: 0.0000
54. flow_iat.avg                   - Score: 0.0000
55. id.orig_p                      - Score: 0.0000
56. fwd_bulk_bytes                 - Score: 0.0000
57. payload_bytes_per_second       - Score: 0.0000
58. bwd_iat.min                    - Score: 0.0000
59. bwd_bulk_rate                  - Score: 0.0000
60. flow_iat.max                   - Score: 0.0000
61. bwd_bulk_bytes                 - Score: 0.0000
62. active.min                     - Score: 0.0000
63. active.avg                     - Score: 0.0000
64. active.max                     - Score: 0.0000
65. active.tot                     - Score: 0.0000
66. flow_iat.tot                   - Score: 0.0000
67. flow_iat.std                   - Score: 0.0000
68. fwd_iat.avg                    - Score: 0.0000
69. fwd_iat.std                    - Score: 0.0000
70. bwd_iat.avg                    - Score: 0.0000
71. fwd_iat.max                    - Score: 0.0000
72. bwd_iat.std                    - Score: 0.0000
73. fwd_iat.tot                    - Score: 0.0000
74. bwd_iat.max                    - Score: 0.0000
75. bwd_iat.tot                    - Score: 0.0000
76. active.std                     - Score: 0.0000
77. idle.std                       - Score: 0.0000
78. idle.min                       - Score: 0.0000
79. idle.avg                       - Score: 0.0000
80. idle.max                       - Score: 0.0000
81. idle.tot                       - Score: 0.0000
82. bwd_URG_flag_count             - Score: 0.0000
================================================================================

Features Ranked by Differentiation Strength:
================================================================================
 1. flow_duration                  - Score: 1.0000
 2. fwd_URG_flag_count             - Score: 0.1442
 3. down_up_ratio                  - Score: 0.1030
 4. flow_RST_flag_count            - Score: 0.0709
 5. flow_SYN_flag_count            - Score: 0.0391
 6. fwd_PSH_flag_count             - Score: 0.0382
 7. flow_FIN_flag_count            - Score: 0.0367
 8. fwd_data_pkts_tot              - Score: 0.0201
 9. bwd_subflow_pkts               - Score: 0.0104
10. fwd_header_size_min            - Score: 0.0081
11. bwd_pkts_tot                   - Score: 0.0071
12. fwd_header_size_max            - Score: 0.0068
13. fwd_subflow_pkts               - Score: 0.0047
14. bwd_PSH_flag_count             - Score: 0.0042
15. bwd_header_size_min            - Score: 0.0037
16. bwd_header_size_max            - Score: 0.0037
17. fwd_pkts_payload.avg           - Score: 0.0030
18. bwd_data_pkts_tot              - Score: 0.0027
19. fwd_pkts_tot                   - Score: 0.0026
20. fwd_pkts_payload.std           - Score: 0.0024
21. flow_ACK_flag_count            - Score: 0.0019
22. flow_CWR_flag_count            - Score: 0.0016
23. flow_ECE_flag_count            - Score: 0.0016
24. bwd_pkts_payload.std           - Score: 0.0008
25. fwd_subflow_bytes              - Score: 0.0006
26. flow_pkts_payload.avg          - Score: 0.0006
27. fwd_pkts_payload.max           - Score: 0.0005
28. bwd_header_size_tot            - Score: 0.0005
29. flow_pkts_payload.std          - Score: 0.0004
30. bwd_pkts_payload.avg           - Score: 0.0004
31. fwd_pkts_payload.tot           - Score: 0.0003
32. fwd_pkts_payload.min           - Score: 0.0002
33. fwd_header_size_tot            - Score: 0.0002
34. flow_pkts_payload.min          - Score: 0.0002
35. flow_pkts_payload.max          - Score: 0.0002
36. fwd_bulk_packets               - Score: 0.0001
37. bwd_pkts_payload.max           - Score: 0.0001
38. bwd_pkts_payload.min           - Score: 0.0001
39. bwd_bulk_packets               - Score: 0.0001
40. Unnamed: 0                     - Score: 0.0001
41. bwd_pkts_per_sec               - Score: 0.0001
42. bwd_subflow_bytes              - Score: 0.0000
43. id.resp_p                      - Score: 0.0000
44. flow_iat.min                   - Score: 0.0000
45. bwd_pkts_payload.tot           - Score: 0.0000
46. fwd_last_window_size           - Score: 0.0000
47. flow_pkts_payload.tot          - Score: 0.0000
48. fwd_pkts_per_sec               - Score: 0.0000
49. flow_pkts_per_sec              - Score: 0.0000
50. fwd_iat.min                    - Score: 0.0000
51. flow_iat.avg                   - Score: 0.0000
52. fwd_bulk_rate                  - Score: 0.0000
53. bwd_iat.min                    - Score: 0.0000
54. bwd_init_window_size           - Score: 0.0000
55. fwd_init_window_size           - Score: 0.0000
56. flow_iat.max                   - Score: 0.0000
57. active.min                     - Score: 0.0000
58. active.avg                     - Score: 0.0000
59. active.max                     - Score: 0.0000
60. active.tot                     - Score: 0.0000
61. flow_iat.tot                   - Score: 0.0000
62. id.orig_p                      - Score: 0.0000
63. fwd_bulk_bytes                 - Score: 0.0000
64. payload_bytes_per_second       - Score: 0.0000
65. bwd_bulk_rate                  - Score: 0.0000
66. bwd_bulk_bytes                 - Score: 0.0000
67. fwd_iat.avg                    - Score: 0.0000
68. flow_iat.std                   - Score: 0.0000
69. fwd_iat.std                    - Score: 0.0000
70. fwd_iat.max                    - Score: 0.0000
71. bwd_iat.std                    - Score: 0.0000
72. fwd_iat.tot                    - Score: 0.0000
73. bwd_iat.avg                    - Score: 0.0000
74. bwd_iat.max                    - Score: 0.0000
75. bwd_iat.tot                    - Score: 0.0000
76. active.std                     - Score: 0.0000
77. idle.std                       - Score: 0.0000
78. idle.min                       - Score: 0.0000
79. idle.avg                       - Score: 0.0000
80. idle.max                       - Score: 0.0000
81. idle.tot                       - Score: 0.0000
82. bwd_URG_flag_count             - Score: 0.0000
================================================================================
  done: held-out class DOS_SYN_Hping

Features Ranked by Differentiation Strength:
================================================================================
 1. flow_duration                  - Score: 1.0000
 2. fwd_URG_flag_count             - Score: 0.0088
 3. flow_FIN_flag_count            - Score: 0.0032
 4. down_up_ratio                  - Score: 0.0025
 5. flow_RST_flag_count            - Score: 0.0023
 6. fwd_PSH_flag_count             - Score: 0.0022
 7. fwd_data_pkts_tot              - Score: 0.0012
 8. flow_SYN_flag_count            - Score: 0.0011
 9. bwd_subflow_pkts               - Score: 0.0005
10. bwd_pkts_tot                   - Score: 0.0003
11. fwd_pkts_payload.avg           - Score: 0.0003
12. fwd_header_size_max            - Score: 0.0002
13. fwd_header_size_min            - Score: 0.0002
14. fwd_subflow_pkts               - Score: 0.0002
15. fwd_pkts_payload.max           - Score: 0.0001
16. flow_pkts_payload.max          - Score: 0.0001
17. fwd_subflow_bytes              - Score: 0.0001
18. fwd_pkts_payload.tot           - Score: 0.0001
19. fwd_pkts_tot                   - Score: 0.0001
20. flow_ACK_flag_count            - Score: 0.0001
21. bwd_data_pkts_tot              - Score: 0.0001
22. flow_pkts_payload.tot          - Score: 0.0001
23. bwd_header_size_min            - Score: 0.0001
24. bwd_header_size_max            - Score: 0.0001
25. bwd_PSH_flag_count             - Score: 0.0001
26. flow_ECE_flag_count            - Score: 0.0001
27. flow_CWR_flag_count            - Score: 0.0001
28. fwd_pkts_payload.min           - Score: 0.0001
29. bwd_header_size_tot            - Score: 0.0000
30. flow_pkts_payload.avg          - Score: 0.0000
31. fwd_last_window_size           - Score: 0.0000
32. fwd_pkts_payload.std           - Score: 0.0000
33. fwd_init_window_size           - Score: 0.0000
34. flow_pkts_payload.std          - Score: 0.0000
35. fwd_header_size_tot            - Score: 0.0000
36. bwd_pkts_payload.avg           - Score: 0.0000
37. flow_pkts_payload.min          - Score: 0.0000
38. bwd_pkts_payload.std           - Score: 0.0000
39. bwd_bulk_packets               - Score: 0.0000
40. flow_iat.min                   - Score: 0.0000
41. bwd_pkts_payload.min           - Score: 0.0000
42. fwd_bulk_packets               - Score: 0.0000
43. bwd_pkts_payload.max           - Score: 0.0000
44. Unnamed: 0                     - Score: 0.0000
45. id.resp_p                      - Score: 0.0000
46. bwd_subflow_bytes              - Score: 0.0000
47. flow_iat.avg                   - Score: 0.0000
48. flow_iat.max                   - Score: 0.0000
49. active.min                     - Score: 0.0000
50. active.avg                     - Score: 0.0000
51. active.max                     - Score: 0.0000
52. active.tot                     - Score: 0.0000
53. flow_iat.tot                   - Score: 0.0000
54. bwd_pkts_per_sec               - Score: 0.0000
55. bwd_pkts_payload.tot           - Score: 0.0000
56. fwd_pkts_per_sec               - Score: 0.0000
57. fwd_iat.min                    - Score: 0.0000
58. flow_pkts_per_sec              - Score: 0.0000
59. fwd_bulk_rate                  - Score: 0.0000
60. id.orig_p                      - Score: 0.0000
61. fwd_bulk_bytes                 - Score: 0.0000
62. bwd_bulk_bytes                 - Score: 0.0000
63. bwd_init_window_size           - Score: 0.0000
64. bwd_iat.min                    - Score: 0.0000
65. bwd_bulk_rate                  - Score: 0.0000
66. payload_bytes_per_second       - Score: 0.0000
67. flow_iat.std                   - Score: 0.0000
68. fwd_iat.avg                    - Score: 0.0000
69. fwd_iat.std                    - Score: 0.0000
70. bwd_iat.avg                    - Score: 0.0000
71. fwd_iat.max                    - Score: 0.0000
72. fwd_iat.tot                    - Score: 0.0000
73. bwd_iat.std                    - Score: 0.0000
74. bwd_iat.max                    - Score: 0.0000
75. bwd_iat.tot                    - Score: 0.0000
76. active.std                     - Score: 0.0000
77. idle.std                       - Score: 0.0000
78. idle.min                       - Score: 0.0000
79. idle.avg                       - Score: 0.0000
80. idle.max                       - Score: 0.0000
81. idle.tot                       - Score: 0.0000
82. bwd_URG_flag_count             - Score: 0.0000
================================================================================

Features Ranked by Differentiation Strength:
================================================================================
 1. flow_duration                  - Score: 1.0000
 2. fwd_URG_flag_count             - Score: 0.0060
 3. down_up_ratio                  - Score: 0.0034
 4. flow_RST_flag_count            - Score: 0.0028
 5. flow_FIN_flag_count            - Score: 0.0019
 6. flow_SYN_flag_count            - Score: 0.0017
 7. fwd_PSH_flag_count             - Score: 0.0015
 8. fwd_data_pkts_tot              - Score: 0.0009
 9. bwd_subflow_pkts               - Score: 0.0007
10. fwd_pkts_payload.avg           - Score: 0.0005
11. bwd_pkts_tot                   - Score: 0.0005
12. fwd_header_size_max            - Score: 0.0004
13. fwd_header_size_min            - Score: 0.0003
14. fwd_pkts_payload.max           - Score: 0.0002
15. fwd_subflow_pkts               - Score: 0.0002
16. flow_pkts_payload.max          - Score: 0.0002
17. fwd_subflow_bytes              - Score: 0.0002
18. fwd_pkts_payload.tot           - Score: 0.0002
19. fwd_pkts_tot                   - Score: 0.0002
20. flow_pkts_payload.tot          - Score: 0.0002
21. flow_ACK_flag_count            - Score: 0.0001
22. bwd_data_pkts_tot              - Score: 0.0001
23. bwd_header_size_min            - Score: 0.0001
24. bwd_header_size_max            - Score: 0.0001
25. bwd_PSH_flag_count             - Score: 0.0001
26. flow_CWR_flag_count            - Score: 0.0001
27. flow_ECE_flag_count            - Score: 0.0001
28. fwd_pkts_payload.min           - Score: 0.0001
29. bwd_header_size_tot            - Score: 0.0000
30. flow_pkts_payload.avg          - Score: 0.0000
31. fwd_last_window_size           - Score: 0.0000
32. fwd_init_window_size           - Score: 0.0000
33. fwd_pkts_payload.std           - Score: 0.0000
34. flow_pkts_payload.std          - Score: 0.0000
35. fwd_header_size_tot            - Score: 0.0000
36. flow_pkts_payload.min          - Score: 0.0000
37. bwd_pkts_payload.avg           - Score: 0.0000
38. bwd_pkts_payload.std           - Score: 0.0000
39. fwd_bulk_packets               - Score: 0.0000
40. bwd_pkts_payload.min           - Score: 0.0000
41. bwd_bulk_packets               - Score: 0.0000
42. Unnamed: 0                     - Score: 0.0000
43. bwd_pkts_payload.max           - Score: 0.0000
44. flow_iat.min                   - Score: 0.0000
45. bwd_subflow_bytes              - Score: 0.0000
46. id.resp_p                      - Score: 0.0000
47. flow_iat.avg                   - Score: 0.0000
48. flow_iat.max                   - Score: 0.0000
49. active.min                     - Score: 0.0000
50. active.avg                     - Score: 0.0000
51. active.max                     - Score: 0.0000
52. active.tot                     - Score: 0.0000
53. flow_iat.tot                   - Score: 0.0000
54. bwd_pkts_payload.tot           - Score: 0.0000
55. bwd_pkts_per_sec               - Score: 0.0000
56. fwd_pkts_per_sec               - Score: 0.0000
57. fwd_iat.min                    - Score: 0.0000
58. flow_pkts_per_sec              - Score: 0.0000
59. bwd_iat.min                    - Score: 0.0000
60. fwd_bulk_rate                  - Score: 0.0000
61. id.orig_p                      - Score: 0.0000
62. fwd_bulk_bytes                 - Score: 0.0000
63. bwd_init_window_size           - Score: 0.0000
64. bwd_bulk_rate                  - Score: 0.0000
65. bwd_bulk_bytes                 - Score: 0.0000
66. payload_bytes_per_second       - Score: 0.0000
67. flow_iat.std                   - Score: 0.0000
68. fwd_iat.avg                    - Score: 0.0000
69. fwd_iat.std                    - Score: 0.0000
70. fwd_iat.max                    - Score: 0.0000
71. bwd_iat.avg                    - Score: 0.0000
72. fwd_iat.tot                    - Score: 0.0000
73. bwd_iat.std                    - Score: 0.0000
74. bwd_iat.max                    - Score: 0.0000
75. bwd_iat.tot                    - Score: 0.0000
76. active.std                     - Score: 0.0000
77. idle.std                       - Score: 0.0000
78. idle.min                       - Score: 0.0000
79. idle.avg                       - Score: 0.0000
80. idle.max                       - Score: 0.0000
81. idle.tot                       - Score: 0.0000
82. bwd_URG_flag_count             - Score: 0.0000
================================================================================

Features Ranked by Differentiation Strength:
================================================================================
 1. flow_duration                  - Score: 1.0000
 2. fwd_URG_flag_count             - Score: 0.0063
 3. down_up_ratio                  - Score: 0.0030
 4. flow_RST_flag_count            - Score: 0.0024
 5. flow_FIN_flag_count            - Score: 0.0018
 6. flow_SYN_flag_count            - Score: 0.0016
 7. fwd_PSH_flag_count             - Score: 0.0013
 8. fwd_data_pkts_tot              - Score: 0.0007
 9. bwd_subflow_pkts               - Score: 0.0006
10. bwd_pkts_tot                   - Score: 0.0004
11. fwd_pkts_payload.avg           - Score: 0.0003
12. fwd_header_size_min            - Score: 0.0003
13. fwd_header_size_max            - Score: 0.0003
14. fwd_subflow_pkts               - Score: 0.0002
15. fwd_pkts_payload.max           - Score: 0.0002
16. flow_pkts_payload.max          - Score: 0.0002
17. bwd_data_pkts_tot              - Score: 0.0001
18. fwd_pkts_tot                   - Score: 0.0001
19. fwd_subflow_bytes              - Score: 0.0001
20. flow_ACK_flag_count            - Score: 0.0001
21. fwd_pkts_payload.tot           - Score: 0.0001
22. bwd_header_size_min            - Score: 0.0001
23. bwd_header_size_max            - Score: 0.0001
24. flow_pkts_payload.tot          - Score: 0.0001
25. bwd_PSH_flag_count             - Score: 0.0001
26. flow_ECE_flag_count            - Score: 0.0001
27. flow_CWR_flag_count            - Score: 0.0001
28. fwd_pkts_payload.min           - Score: 0.0001
29. bwd_header_size_tot            - Score: 0.0000
30. flow_pkts_payload.avg          - Score: 0.0000
31. fwd_last_window_size           - Score: 0.0000
32. fwd_init_window_size           - Score: 0.0000
33. fwd_pkts_payload.std           - Score: 0.0000
34. flow_pkts_payload.std          - Score: 0.0000
35. fwd_header_size_tot            - Score: 0.0000
36. bwd_pkts_payload.avg           - Score: 0.0000
37. flow_pkts_payload.min          - Score: 0.0000
38. bwd_bulk_packets               - Score: 0.0000
39. bwd_pkts_payload.std           - Score: 0.0000
40. bwd_pkts_payload.min           - Score: 0.0000
41. fwd_bulk_packets               - Score: 0.0000
42. bwd_pkts_payload.max           - Score: 0.0000
43. Unnamed: 0                     - Score: 0.0000
44. flow_iat.min                   - Score: 0.0000
45. bwd_subflow_bytes              - Score: 0.0000
46. id.resp_p                      - Score: 0.0000
47. flow_iat.avg                   - Score: 0.0000
48. bwd_pkts_payload.tot           - Score: 0.0000
49. flow_iat.max                   - Score: 0.0000
50. active.min                     - Score: 0.0000
51. active.avg                     - Score: 0.0000
52. active.max                     - Score: 0.0000
53. active.tot                     - Score: 0.0000
54. flow_iat.tot                   - Score: 0.0000
55. bwd_pkts_per_sec               - Score: 0.0000
56. fwd_iat.min                    - Score: 0.0000
57. fwd_pkts_per_sec               - Score: 0.0000
58. fwd_bulk_rate                  - Score: 0.0000
59. flow_pkts_per_sec              - Score: 0.0000
60. id.orig_p                      - Score: 0.0000
61. fwd_bulk_bytes                 - Score: 0.0000
62. bwd_init_window_size           - Score: 0.0000
63. bwd_bulk_bytes                 - Score: 0.0000
64. bwd_bulk_rate                  - Score: 0.0000
65. payload_bytes_per_second       - Score: 0.0000
66. bwd_iat.min                    - Score: 0.0000
67. fwd_iat.avg                    - Score: 0.0000
68. flow_iat.std                   - Score: 0.0000
69. fwd_iat.std                    - Score: 0.0000
70. fwd_iat.max                    - Score: 0.0000
71. fwd_iat.tot                    - Score: 0.0000
72. bwd_iat.avg                    - Score: 0.0000
73. bwd_iat.std                    - Score: 0.0000
74. bwd_iat.max                    - Score: 0.0000
75. bwd_iat.tot                    - Score: 0.0000
76. active.std                     - Score: 0.0000
77. idle.std                       - Score: 0.0000
78. idle.min                       - Score: 0.0000
79. idle.avg                       - Score: 0.0000
80. idle.max                       - Score: 0.0000
81. idle.tot                       - Score: 0.0000
82. bwd_URG_flag_count             - Score: 0.0000
================================================================================

Features Ranked by Differentiation Strength:
================================================================================
 1. flow_duration                  - Score: 1.0000
 2. fwd_URG_flag_count             - Score: 0.0058
 3. down_up_ratio                  - Score: 0.0030
 4. flow_RST_flag_count            - Score: 0.0027
 5. flow_FIN_flag_count            - Score: 0.0020
 6. flow_SYN_flag_count            - Score: 0.0019
 7. fwd_PSH_flag_count             - Score: 0.0016
 8. fwd_data_pkts_tot              - Score: 0.0008
 9. bwd_subflow_pkts               - Score: 0.0007
10. bwd_pkts_tot                   - Score: 0.0005
11. fwd_pkts_payload.avg           - Score: 0.0005
12. flow_ACK_flag_count            - Score: 0.0004
13. fwd_header_size_max            - Score: 0.0004
14. fwd_header_size_min            - Score: 0.0003
15. fwd_pkts_payload.max           - Score: 0.0002
16. fwd_subflow_pkts               - Score: 0.0002
17. flow_pkts_payload.max          - Score: 0.0002
18. fwd_subflow_bytes              - Score: 0.0002
19. fwd_pkts_payload.tot           - Score: 0.0002
20. fwd_pkts_tot                   - Score: 0.0002
21. flow_pkts_payload.tot          - Score: 0.0002
22. bwd_header_size_min            - Score: 0.0002
23. bwd_header_size_max            - Score: 0.0002
24. bwd_data_pkts_tot              - Score: 0.0001
25. flow_ECE_flag_count            - Score: 0.0001
26. flow_CWR_flag_count            - Score: 0.0001
27. fwd_pkts_payload.min           - Score: 0.0001
28. bwd_PSH_flag_count             - Score: 0.0001
29. bwd_header_size_tot            - Score: 0.0001
30. flow_pkts_payload.avg          - Score: 0.0000
31. fwd_last_window_size           - Score: 0.0000
32. fwd_init_window_size           - Score: 0.0000
33. fwd_pkts_payload.std           - Score: 0.0000
34. flow_pkts_payload.std          - Score: 0.0000
35. fwd_header_size_tot            - Score: 0.0000
36. bwd_pkts_payload.avg           - Score: 0.0000
37. flow_pkts_payload.min          - Score: 0.0000
38. fwd_bulk_packets               - Score: 0.0000
39. bwd_pkts_payload.std           - Score: 0.0000
40. bwd_pkts_payload.min           - Score: 0.0000
41. bwd_bulk_packets               - Score: 0.0000
42. Unnamed: 0                     - Score: 0.0000
43. id.resp_p                      - Score: 0.0000
44. bwd_pkts_payload.max           - Score: 0.0000
45. flow_iat.min                   - Score: 0.0000
46. bwd_subflow_bytes              - Score: 0.0000
47. flow_iat.avg                   - Score: 0.0000
48. flow_iat.max                   - Score: 0.0000
49. active.min                     - Score: 0.0000
50. active.avg                     - Score: 0.0000
51. active.max                     - Score: 0.0000
52. active.tot                     - Score: 0.0000
53. flow_iat.tot                   - Score: 0.0000
54. bwd_pkts_payload.tot           - Score: 0.0000
55. bwd_pkts_per_sec               - Score: 0.0000
56. fwd_iat.min                    - Score: 0.0000
57. fwd_iat.avg                    - Score: 0.0000
58. fwd_iat.max                    - Score: 0.0000
59. fwd_iat.tot                    - Score: 0.0000
60. fwd_pkts_per_sec               - Score: 0.0000
61. flow_pkts_per_sec              - Score: 0.0000
62. fwd_bulk_rate                  - Score: 0.0000
63. bwd_iat.min                    - Score: 0.0000
64. fwd_bulk_bytes                 - Score: 0.0000
65. id.orig_p                      - Score: 0.0000
66. bwd_init_window_size           - Score: 0.0000
67. bwd_bulk_rate                  - Score: 0.0000
68. bwd_bulk_bytes                 - Score: 0.0000
69. payload_bytes_per_second       - Score: 0.0000
70. flow_iat.std                   - Score: 0.0000
71. fwd_iat.std                    - Score: 0.0000
72. bwd_iat.avg                    - Score: 0.0000
73. bwd_iat.max                    - Score: 0.0000
74. bwd_iat.tot                    - Score: 0.0000
75. bwd_iat.std                    - Score: 0.0000
76. active.std                     - Score: 0.0000
77. idle.std                       - Score: 0.0000
78. idle.min                       - Score: 0.0000
79. idle.avg                       - Score: 0.0000
80. idle.max                       - Score: 0.0000
81. idle.tot                       - Score: 0.0000
82. bwd_URG_flag_count             - Score: 0.0000
================================================================================

Features Ranked by Differentiation Strength:
================================================================================
 1. flow_duration                  - Score: 1.0000
 2. fwd_URG_flag_count             - Score: 0.0057
 3. down_up_ratio                  - Score: 0.0032
 4. flow_RST_flag_count            - Score: 0.0025
 5. flow_SYN_flag_count            - Score: 0.0019
 6. flow_FIN_flag_count            - Score: 0.0019
 7. fwd_PSH_flag_count             - Score: 0.0016
 8. fwd_data_pkts_tot              - Score: 0.0007
 9. bwd_subflow_pkts               - Score: 0.0007
10. bwd_pkts_tot                   - Score: 0.0005
11. flow_ACK_flag_count            - Score: 0.0004
12. fwd_pkts_payload.avg           - Score: 0.0004
13. fwd_header_size_max            - Score: 0.0003
14. fwd_header_size_min            - Score: 0.0003
15. fwd_subflow_pkts               - Score: 0.0002
16. fwd_pkts_tot                   - Score: 0.0002
17. fwd_pkts_payload.max           - Score: 0.0002
18. flow_pkts_payload.max          - Score: 0.0002
19. bwd_header_size_min            - Score: 0.0001
20. bwd_header_size_max            - Score: 0.0001
21. bwd_data_pkts_tot              - Score: 0.0001
22. fwd_subflow_bytes              - Score: 0.0001
23. fwd_pkts_payload.tot           - Score: 0.0001
24. flow_pkts_payload.tot          - Score: 0.0001
25. flow_CWR_flag_count            - Score: 0.0001
26. flow_ECE_flag_count            - Score: 0.0001
27. bwd_PSH_flag_count             - Score: 0.0001
28. fwd_pkts_payload.min           - Score: 0.0001
29. bwd_header_size_tot            - Score: 0.0001
30. flow_pkts_payload.avg          - Score: 0.0000
31. fwd_last_window_size           - Score: 0.0000
32. fwd_pkts_payload.std           - Score: 0.0000
33. fwd_init_window_size           - Score: 0.0000
34. fwd_header_size_tot            - Score: 0.0000
35. flow_pkts_payload.std          - Score: 0.0000
36. bwd_pkts_payload.avg           - Score: 0.0000
37. flow_pkts_payload.min          - Score: 0.0000
38. bwd_pkts_payload.std           - Score: 0.0000
39. bwd_bulk_packets               - Score: 0.0000
40. fwd_bulk_packets               - Score: 0.0000
41. bwd_pkts_payload.min           - Score: 0.0000
42. Unnamed: 0                     - Score: 0.0000
43. bwd_pkts_payload.max           - Score: 0.0000
44. id.resp_p                      - Score: 0.0000
45. flow_iat.min                   - Score: 0.0000
46. bwd_subflow_bytes              - Score: 0.0000
47. bwd_pkts_per_sec               - Score: 0.0000
48. flow_iat.avg                   - Score: 0.0000
49. flow_iat.max                   - Score: 0.0000
50. active.min                     - Score: 0.0000
51. active.avg                     - Score: 0.0000
52. active.max                     - Score: 0.0000
53. active.tot                     - Score: 0.0000
54. flow_iat.tot                   - Score: 0.0000
55. fwd_iat.min                    - Score: 0.0000
56. bwd_pkts_payload.tot           - Score: 0.0000
57. fwd_iat.avg                    - Score: 0.0000
58. fwd_iat.max                    - Score: 0.0000
59. fwd_iat.tot                    - Score: 0.0000
60. fwd_pkts_per_sec               - Score: 0.0000
61. flow_pkts_per_sec              - Score: 0.0000
62. fwd_bulk_rate                  - Score: 0.0000
63. id.orig_p                      - Score: 0.0000
64. fwd_bulk_bytes                 - Score: 0.0000
65. payload_bytes_per_second       - Score: 0.0000
66. bwd_init_window_size           - Score: 0.0000
67. bwd_bulk_bytes                 - Score: 0.0000
68. bwd_bulk_rate                  - Score: 0.0000
69. bwd_iat.min                    - Score: 0.0000
70. flow_iat.std                   - Score: 0.0000
71. fwd_iat.std                    - Score: 0.0000
72. bwd_iat.avg                    - Score: 0.0000
73. bwd_iat.max                    - Score: 0.0000
74. bwd_iat.std                    - Score: 0.0000
75. bwd_iat.tot                    - Score: 0.0000
76. active.std                     - Score: 0.0000
77. idle.std                       - Score: 0.0000
78. idle.min                       - Score: 0.0000
79. idle.avg                       - Score: 0.0000
80. idle.max                       - Score: 0.0000
81. idle.tot                       - Score: 0.0000
82. bwd_URG_flag_count             - Score: 0.0000
================================================================================

Features Ranked by Differentiation Strength:
================================================================================
 1. flow_duration                  - Score: 1.0000
 2. fwd_URG_flag_count             - Score: 0.0054
 3. down_up_ratio                  - Score: 0.0030
 4. flow_RST_flag_count            - Score: 0.0017
 5. flow_FIN_flag_count            - Score: 0.0017
 6. flow_SYN_flag_count            - Score: 0.0016
 7. fwd_PSH_flag_count             - Score: 0.0014
 8. bwd_subflow_pkts               - Score: 0.0005
 9. fwd_data_pkts_tot              - Score: 0.0005
10. bwd_pkts_tot                   - Score: 0.0004
11. fwd_header_size_min            - Score: 0.0003
12. fwd_subflow_pkts               - Score: 0.0002
13. fwd_pkts_tot                   - Score: 0.0001
14. fwd_header_size_max            - Score: 0.0001
15. flow_ACK_flag_count            - Score: 0.0001
16. bwd_data_pkts_tot              - Score: 0.0001
17. bwd_header_size_min            - Score: 0.0001
18. bwd_header_size_max            - Score: 0.0001
19. bwd_PSH_flag_count             - Score: 0.0001
20. flow_ECE_flag_count            - Score: 0.0001
21. flow_CWR_flag_count            - Score: 0.0001
22. fwd_pkts_payload.avg           - Score: 0.0001
23. fwd_pkts_payload.min           - Score: 0.0001
24. fwd_pkts_payload.max           - Score: 0.0001
25. fwd_init_window_size           - Score: 0.0001
26. fwd_subflow_bytes              - Score: 0.0001
27. fwd_pkts_payload.tot           - Score: 0.0001
28. flow_pkts_payload.max          - Score: 0.0001
29. flow_pkts_payload.tot          - Score: 0.0000
30. bwd_header_size_tot            - Score: 0.0000
31. flow_pkts_payload.avg          - Score: 0.0000
32. fwd_last_window_size           - Score: 0.0000
33. fwd_pkts_payload.std           - Score: 0.0000
34. fwd_header_size_tot            - Score: 0.0000
35. flow_pkts_payload.std          - Score: 0.0000
36. bwd_pkts_payload.avg           - Score: 0.0000
37. flow_pkts_payload.min          - Score: 0.0000
38. fwd_bulk_packets               - Score: 0.0000
39. bwd_pkts_payload.std           - Score: 0.0000
40. bwd_pkts_payload.min           - Score: 0.0000
41. bwd_bulk_packets               - Score: 0.0000
42. bwd_pkts_payload.max           - Score: 0.0000
43. Unnamed: 0                     - Score: 0.0000
44. flow_iat.min                   - Score: 0.0000
45. bwd_subflow_bytes              - Score: 0.0000
46. id.resp_p                      - Score: 0.0000
47. flow_iat.avg                   - Score: 0.0000
48. flow_iat.max                   - Score: 0.0000
49. active.min                     - Score: 0.0000
50. active.avg                     - Score: 0.0000
51. active.max                     - Score: 0.0000
52. active.tot                     - Score: 0.0000
53. flow_iat.tot                   - Score: 0.0000
54. bwd_pkts_payload.tot           - Score: 0.0000
55. bwd_pkts_per_sec               - Score: 0.0000
56. fwd_pkts_per_sec               - Score: 0.0000
57. fwd_iat.min                    - Score: 0.0000
58. flow_pkts_per_sec              - Score: 0.0000
59. fwd_bulk_rate                  - Score: 0.0000
60. fwd_bulk_bytes                 - Score: 0.0000
61. id.orig_p                      - Score: 0.0000
62. bwd_init_window_size           - Score: 0.0000
63. bwd_bulk_rate                  - Score: 0.0000
64. bwd_bulk_bytes                 - Score: 0.0000
65. payload_bytes_per_second       - Score: 0.0000
66. bwd_iat.min                    - Score: 0.0000
67. flow_iat.std                   - Score: 0.0000
68. fwd_iat.std                    - Score: 0.0000
69. fwd_iat.avg                    - Score: 0.0000
70. fwd_iat.max                    - Score: 0.0000
71. bwd_iat.std                    - Score: 0.0000
72. bwd_iat.avg                    - Score: 0.0000
73. fwd_iat.tot                    - Score: 0.0000
74. bwd_iat.max                    - Score: 0.0000
75. bwd_iat.tot                    - Score: 0.0000
76. active.std                     - Score: 0.0000
77. idle.std                       - Score: 0.0000
78. idle.min                       - Score: 0.0000
79. idle.avg                       - Score: 0.0000
80. idle.max                       - Score: 0.0000
81. idle.tot                       - Score: 0.0000
82. bwd_URG_flag_count             - Score: 0.0000
================================================================================

Features Ranked by Differentiation Strength:
================================================================================
 1. flow_duration                  - Score: 1.0000
 2. fwd_URG_flag_count             - Score: 0.0053
 3. down_up_ratio                  - Score: 0.0027
 4. flow_RST_flag_count            - Score: 0.0023
 5. flow_FIN_flag_count            - Score: 0.0018
 6. flow_SYN_flag_count            - Score: 0.0018
 7. fwd_PSH_flag_count             - Score: 0.0015
 8. bwd_subflow_pkts               - Score: 0.0009
 9. fwd_data_pkts_tot              - Score: 0.0008
10. bwd_pkts_tot                   - Score: 0.0007
11. flow_ACK_flag_count            - Score: 0.0004
12. fwd_pkts_payload.avg           - Score: 0.0003
13. fwd_header_size_max            - Score: 0.0003
14. fwd_header_size_min            - Score: 0.0002
15. fwd_subflow_pkts               - Score: 0.0002
16. bwd_data_pkts_tot              - Score: 0.0002
17. fwd_pkts_payload.max           - Score: 0.0002
18. flow_pkts_payload.max          - Score: 0.0001
19. bwd_header_size_min            - Score: 0.0001
20. bwd_header_size_max            - Score: 0.0001
21. fwd_pkts_tot                   - Score: 0.0001
22. fwd_subflow_bytes              - Score: 0.0001
23. fwd_pkts_payload.tot           - Score: 0.0001
24. flow_pkts_payload.tot          - Score: 0.0001
25. bwd_PSH_flag_count             - Score: 0.0001
26. flow_ECE_flag_count            - Score: 0.0001
27. flow_CWR_flag_count            - Score: 0.0001
28. fwd_pkts_payload.min           - Score: 0.0001
29. bwd_header_size_tot            - Score: 0.0001
30. id.resp_p                      - Score: 0.0000
31. flow_pkts_payload.avg          - Score: 0.0000
32. fwd_last_window_size           - Score: 0.0000
33. fwd_init_window_size           - Score: 0.0000
34. fwd_pkts_payload.std           - Score: 0.0000
35. flow_pkts_payload.std          - Score: 0.0000
36. fwd_header_size_tot            - Score: 0.0000
37. bwd_pkts_payload.avg           - Score: 0.0000
38. flow_pkts_payload.min          - Score: 0.0000
39. bwd_pkts_payload.std           - Score: 0.0000
40. bwd_bulk_packets               - Score: 0.0000
41. fwd_bulk_packets               - Score: 0.0000
42. bwd_pkts_payload.min           - Score: 0.0000
43. Unnamed: 0                     - Score: 0.0000
44. bwd_pkts_payload.max           - Score: 0.0000
45. flow_iat.min                   - Score: 0.0000
46. bwd_subflow_bytes              - Score: 0.0000
47. flow_iat.avg                   - Score: 0.0000
48. flow_iat.max                   - Score: 0.0000
49. active.min                     - Score: 0.0000
50. active.avg                     - Score: 0.0000
51. active.max                     - Score: 0.0000
52. active.tot                     - Score: 0.0000
53. flow_iat.tot                   - Score: 0.0000
54. bwd_pkts_payload.tot           - Score: 0.0000
55. bwd_pkts_per_sec               - Score: 0.0000
56. fwd_pkts_per_sec               - Score: 0.0000
57. flow_pkts_per_sec              - Score: 0.0000
58. fwd_bulk_rate                  - Score: 0.0000
59. id.orig_p                      - Score: 0.0000
60. fwd_bulk_bytes                 - Score: 0.0000
61. fwd_iat.min                    - Score: 0.0000
62. bwd_init_window_size           - Score: 0.0000
63. bwd_bulk_bytes                 - Score: 0.0000
64. bwd_bulk_rate                  - Score: 0.0000
65. payload_bytes_per_second       - Score: 0.0000
66. bwd_iat.min                    - Score: 0.0000
67. flow_iat.std                   - Score: 0.0000
68. fwd_iat.std                    - Score: 0.0000
69. fwd_iat.avg                    - Score: 0.0000
70. fwd_iat.max                    - Score: 0.0000
71. fwd_iat.tot                    - Score: 0.0000
72. bwd_iat.std                    - Score: 0.0000
73. bwd_iat.avg                    - Score: 0.0000
74. bwd_iat.max                    - Score: 0.0000
75. active.std                     - Score: 0.0000
76. bwd_iat.tot                    - Score: 0.0000
77. idle.std                       - Score: 0.0000
78. idle.min                       - Score: 0.0000
79. idle.avg                       - Score: 0.0000
80. idle.max                       - Score: 0.0000
81. idle.tot                       - Score: 0.0000
82. bwd_URG_flag_count             - Score: 0.0000
================================================================================

Features Ranked by Differentiation Strength:
================================================================================
 1. flow_duration                  - Score: 1.0000
 2. fwd_URG_flag_count             - Score: 0.0066
 3. down_up_ratio                  - Score: 0.0035
 4. flow_RST_flag_count            - Score: 0.0026
 5. flow_FIN_flag_count            - Score: 0.0020
 6. flow_SYN_flag_count            - Score: 0.0016
 7. fwd_PSH_flag_count             - Score: 0.0015
 8. fwd_data_pkts_tot              - Score: 0.0009
 9. bwd_subflow_pkts               - Score: 0.0006
10. fwd_pkts_payload.avg           - Score: 0.0005
11. bwd_pkts_tot                   - Score: 0.0004
12. fwd_header_size_max            - Score: 0.0004
13. fwd_header_size_min            - Score: 0.0003
14. fwd_subflow_pkts               - Score: 0.0003
15. fwd_pkts_payload.max           - Score: 0.0002
16. flow_pkts_payload.max          - Score: 0.0002
17. bwd_data_pkts_tot              - Score: 0.0002
18. fwd_subflow_bytes              - Score: 0.0002
19. fwd_pkts_payload.tot           - Score: 0.0002
20. fwd_pkts_tot                   - Score: 0.0002
21. flow_pkts_payload.tot          - Score: 0.0002
22. bwd_PSH_flag_count             - Score: 0.0001
23. flow_ACK_flag_count            - Score: 0.0001
24. bwd_header_size_min            - Score: 0.0001
25. bwd_header_size_max            - Score: 0.0001
26. flow_CWR_flag_count            - Score: 0.0001
27. flow_ECE_flag_count            - Score: 0.0001
28. fwd_pkts_payload.min           - Score: 0.0001
29. bwd_header_size_tot            - Score: 0.0000
30. flow_pkts_payload.avg          - Score: 0.0000
31. fwd_last_window_size           - Score: 0.0000
32. fwd_pkts_payload.std           - Score: 0.0000
33. fwd_init_window_size           - Score: 0.0000
34. flow_pkts_payload.std          - Score: 0.0000
35. fwd_header_size_tot            - Score: 0.0000
36. bwd_pkts_payload.avg           - Score: 0.0000
37. flow_pkts_payload.min          - Score: 0.0000
38. bwd_pkts_payload.std           - Score: 0.0000
39. bwd_pkts_payload.min           - Score: 0.0000
40. bwd_bulk_packets               - Score: 0.0000
41. Unnamed: 0                     - Score: 0.0000
42. bwd_pkts_payload.max           - Score: 0.0000
43. fwd_bulk_packets               - Score: 0.0000
44. flow_iat.min                   - Score: 0.0000
45. bwd_subflow_bytes              - Score: 0.0000
46. id.resp_p                      - Score: 0.0000
47. flow_iat.avg                   - Score: 0.0000
48. flow_iat.max                   - Score: 0.0000
49. active.min                     - Score: 0.0000
50. active.avg                     - Score: 0.0000
51. active.max                     - Score: 0.0000
52. active.tot                     - Score: 0.0000
53. flow_iat.tot                   - Score: 0.0000
54. bwd_pkts_payload.tot           - Score: 0.0000
55. bwd_pkts_per_sec               - Score: 0.0000
56. fwd_pkts_per_sec               - Score: 0.0000
57. flow_pkts_per_sec              - Score: 0.0000
58. fwd_iat.min                    - Score: 0.0000
59. fwd_bulk_rate                  - Score: 0.0000
60. id.orig_p                      - Score: 0.0000
61. bwd_iat.min                    - Score: 0.0000
62. bwd_init_window_size           - Score: 0.0000
63. bwd_bulk_rate                  - Score: 0.0000
64. fwd_bulk_bytes                 - Score: 0.0000
65. bwd_bulk_bytes                 - Score: 0.0000
66. payload_bytes_per_second       - Score: 0.0000
67. flow_iat.std                   - Score: 0.0000
68. fwd_iat.avg                    - Score: 0.0000
69. fwd_iat.std                    - Score: 0.0000
70. fwd_iat.max                    - Score: 0.0000
71. fwd_iat.tot                    - Score: 0.0000
72. bwd_iat.avg                    - Score: 0.0000
73. bwd_iat.std                    - Score: 0.0000
74. bwd_iat.max                    - Score: 0.0000
75. bwd_iat.tot                    - Score: 0.0000
76. active.std                     - Score: 0.0000
77. idle.std                       - Score: 0.0000
78. idle.min                       - Score: 0.0000
79. idle.avg                       - Score: 0.0000
80. idle.max                       - Score: 0.0000
81. idle.tot                       - Score: 0.0000
82. bwd_URG_flag_count             - Score: 0.0000
================================================================================

Features Ranked by Differentiation Strength:
================================================================================
 1. flow_duration                  - Score: 1.0000
 2. fwd_URG_flag_count             - Score: 0.0075
 3. down_up_ratio                  - Score: 0.0030
 4. flow_RST_flag_count            - Score: 0.0025
 5. flow_FIN_flag_count            - Score: 0.0021
 6. fwd_PSH_flag_count             - Score: 0.0016
 7. flow_SYN_flag_count            - Score: 0.0016
 8. fwd_data_pkts_tot              - Score: 0.0009
 9. bwd_subflow_pkts               - Score: 0.0006
10. fwd_pkts_payload.avg           - Score: 0.0005
11. bwd_pkts_tot                   - Score: 0.0004
12. fwd_header_size_max            - Score: 0.0004
13. fwd_header_size_min            - Score: 0.0003
14. fwd_pkts_payload.max           - Score: 0.0002
15. fwd_subflow_pkts               - Score: 0.0002
16. flow_pkts_payload.max          - Score: 0.0002
17. fwd_subflow_bytes              - Score: 0.0002
18. fwd_pkts_payload.tot           - Score: 0.0002
19. flow_pkts_payload.tot          - Score: 0.0001
20. fwd_pkts_tot                   - Score: 0.0001
21. bwd_data_pkts_tot              - Score: 0.0001
22. flow_ACK_flag_count            - Score: 0.0001
23. bwd_header_size_min            - Score: 0.0001
24. bwd_header_size_max            - Score: 0.0001
25. bwd_PSH_flag_count             - Score: 0.0001
26. flow_ECE_flag_count            - Score: 0.0001
27. flow_CWR_flag_count            - Score: 0.0001
28. fwd_pkts_payload.min           - Score: 0.0001
29. bwd_header_size_tot            - Score: 0.0000
30. flow_pkts_payload.avg          - Score: 0.0000
31. fwd_last_window_size           - Score: 0.0000
32. fwd_pkts_payload.std           - Score: 0.0000
33. fwd_init_window_size           - Score: 0.0000
34. flow_pkts_payload.std          - Score: 0.0000
35. fwd_header_size_tot            - Score: 0.0000
36. bwd_pkts_payload.avg           - Score: 0.0000
37. flow_pkts_payload.min          - Score: 0.0000
38. bwd_pkts_payload.std           - Score: 0.0000
39. bwd_pkts_payload.min           - Score: 0.0000
40. bwd_bulk_packets               - Score: 0.0000
41. fwd_bulk_packets               - Score: 0.0000
42. Unnamed: 0                     - Score: 0.0000
43. bwd_pkts_payload.max           - Score: 0.0000
44. flow_iat.min                   - Score: 0.0000
45. bwd_subflow_bytes              - Score: 0.0000
46. id.resp_p                      - Score: 0.0000
47. flow_iat.avg                   - Score: 0.0000
48. flow_iat.max                   - Score: 0.0000
49. active.min                     - Score: 0.0000
50. active.avg                     - Score: 0.0000
51. active.max                     - Score: 0.0000
52. active.tot                     - Score: 0.0000
53. flow_iat.tot                   - Score: 0.0000
54. bwd_pkts_payload.tot           - Score: 0.0000
55. bwd_pkts_per_sec               - Score: 0.0000
56. fwd_iat.min                    - Score: 0.0000
57. fwd_pkts_per_sec               - Score: 0.0000
58. bwd_iat.min                    - Score: 0.0000
59. flow_pkts_per_sec              - Score: 0.0000
60. fwd_bulk_rate                  - Score: 0.0000
61. id.orig_p                      - Score: 0.0000
62. fwd_bulk_bytes                 - Score: 0.0000
63. bwd_init_window_size           - Score: 0.0000
64. bwd_bulk_rate                  - Score: 0.0000
65. bwd_bulk_bytes                 - Score: 0.0000
66. payload_bytes_per_second       - Score: 0.0000
67. fwd_iat.avg                    - Score: 0.0000
68. flow_iat.std                   - Score: 0.0000
69. fwd_iat.std                    - Score: 0.0000
70. fwd_iat.max                    - Score: 0.0000
71. fwd_iat.tot                    - Score: 0.0000
72. bwd_iat.avg                    - Score: 0.0000
73. bwd_iat.std                    - Score: 0.0000
74. bwd_iat.max                    - Score: 0.0000
75. bwd_iat.tot                    - Score: 0.0000
76. active.std                     - Score: 0.0000
77. idle.std                       - Score: 0.0000
78. idle.min                       - Score: 0.0000
79. idle.avg                       - Score: 0.0000
80. idle.max                       - Score: 0.0000
81. idle.tot                       - Score: 0.0000
82. bwd_URG_flag_count             - Score: 0.0000
================================================================================

Features Ranked by Differentiation Strength:
================================================================================
 1. flow_duration                  - Score: 1.0000
 2. fwd_URG_flag_count             - Score: 0.0056
 3. down_up_ratio                  - Score: 0.0034
 4. flow_RST_flag_count            - Score: 0.0027
 5. flow_FIN_flag_count            - Score: 0.0018
 6. flow_SYN_flag_count            - Score: 0.0016
 7. fwd_PSH_flag_count             - Score: 0.0013
 8. fwd_data_pkts_tot              - Score: 0.0008
 9. bwd_subflow_pkts               - Score: 0.0006
10. fwd_pkts_payload.avg           - Score: 0.0005
11. bwd_pkts_tot                   - Score: 0.0005
12. fwd_header_size_max            - Score: 0.0004
13. fwd_header_size_min            - Score: 0.0003
14. fwd_pkts_payload.max           - Score: 0.0002
15. fwd_subflow_pkts               - Score: 0.0002
16. flow_pkts_payload.max          - Score: 0.0002
17. fwd_subflow_bytes              - Score: 0.0002
18. fwd_pkts_payload.tot           - Score: 0.0002
19. flow_pkts_payload.tot          - Score: 0.0002
20. bwd_data_pkts_tot              - Score: 0.0001
21. fwd_pkts_tot                   - Score: 0.0001
22. flow_ACK_flag_count            - Score: 0.0001
23. bwd_header_size_min            - Score: 0.0001
24. bwd_header_size_max            - Score: 0.0001
25. bwd_PSH_flag_count             - Score: 0.0001
26. flow_CWR_flag_count            - Score: 0.0001
27. flow_ECE_flag_count            - Score: 0.0001
28. fwd_pkts_payload.min           - Score: 0.0001
29. bwd_header_size_tot            - Score: 0.0000
30. flow_pkts_payload.avg          - Score: 0.0000
31. fwd_last_window_size           - Score: 0.0000
32. fwd_init_window_size           - Score: 0.0000
33. fwd_pkts_payload.std           - Score: 0.0000
34. flow_pkts_payload.std          - Score: 0.0000
35. fwd_header_size_tot            - Score: 0.0000
36. bwd_pkts_payload.avg           - Score: 0.0000
37. flow_pkts_payload.min          - Score: 0.0000
38. fwd_bulk_packets               - Score: 0.0000
39. bwd_pkts_payload.std           - Score: 0.0000
40. bwd_pkts_payload.min           - Score: 0.0000
41. bwd_bulk_packets               - Score: 0.0000
42. Unnamed: 0                     - Score: 0.0000
43. bwd_pkts_payload.max           - Score: 0.0000
44. flow_iat.min                   - Score: 0.0000
45. bwd_subflow_bytes              - Score: 0.0000
46. id.resp_p                      - Score: 0.0000
47. flow_iat.avg                   - Score: 0.0000
48. flow_iat.max                   - Score: 0.0000
49. active.min                     - Score: 0.0000
50. active.avg                     - Score: 0.0000
51. active.max                     - Score: 0.0000
52. active.tot                     - Score: 0.0000
53. flow_iat.tot                   - Score: 0.0000
54. bwd_pkts_per_sec               - Score: 0.0000
55. bwd_pkts_payload.tot           - Score: 0.0000
56. fwd_pkts_per_sec               - Score: 0.0000
57. fwd_iat.min                    - Score: 0.0000
58. flow_pkts_per_sec              - Score: 0.0000
59. fwd_bulk_rate                  - Score: 0.0000
60. bwd_iat.min                    - Score: 0.0000
61. fwd_bulk_bytes                 - Score: 0.0000
62. id.orig_p                      - Score: 0.0000
63. bwd_init_window_size           - Score: 0.0000
64. bwd_bulk_rate                  - Score: 0.0000
65. bwd_bulk_bytes                 - Score: 0.0000
66. payload_bytes_per_second       - Score: 0.0000
67. fwd_iat.avg                    - Score: 0.0000
68. flow_iat.std                   - Score: 0.0000
69. fwd_iat.std                    - Score: 0.0000
70. fwd_iat.max                    - Score: 0.0000
71. fwd_iat.tot                    - Score: 0.0000
72. bwd_iat.std                    - Score: 0.0000
73. bwd_iat.avg                    - Score: 0.0000
74. bwd_iat.max                    - Score: 0.0000
75. bwd_iat.tot                    - Score: 0.0000
76. active.std                     - Score: 0.0000
77. idle.std                       - Score: 0.0000
78. idle.min                       - Score: 0.0000
79. idle.avg                       - Score: 0.0000
80. idle.max                       - Score: 0.0000
81. idle.tot                       - Score: 0.0000
82. bwd_URG_flag_count             - Score: 0.0000
================================================================================
  done: held-out class MQTT_Publish

Features Ranked by Differentiation Strength:
================================================================================
 1. flow_duration                  - Score: 1.0000
 2. fwd_URG_flag_count             - Score: 0.0069
 3. down_up_ratio                  - Score: 0.0037
 4. flow_FIN_flag_count            - Score: 0.0026
 5. fwd_PSH_flag_count             - Score: 0.0026
 6. flow_RST_flag_count            - Score: 0.0024
 7. flow_SYN_flag_count            - Score: 0.0020
 8. fwd_data_pkts_tot              - Score: 0.0013
 9. fwd_pkts_payload.avg           - Score: 0.0005
10. bwd_subflow_pkts               - Score: 0.0005
11. fwd_header_size_min            - Score: 0.0004
12. fwd_header_size_max            - Score: 0.0004
13. bwd_pkts_tot                   - Score: 0.0003
14. fwd_pkts_payload.max           - Score: 0.0002
15. fwd_subflow_pkts               - Score: 0.0002
16. fwd_subflow_bytes              - Score: 0.0002
17. flow_pkts_payload.max          - Score: 0.0002
18. fwd_pkts_payload.tot           - Score: 0.0002
19. bwd_PSH_flag_count             - Score: 0.0002
20. fwd_pkts_payload.std           - Score: 0.0001
21. bwd_header_size_max            - Score: 0.0001
22. bwd_header_size_min            - Score: 0.0001
23. flow_pkts_payload.tot          - Score: 0.0001
24. flow_ACK_flag_count            - Score: 0.0001
25. fwd_pkts_tot                   - Score: 0.0001
26. fwd_pkts_payload.min           - Score: 0.0001
27. bwd_pkts_payload.std           - Score: 0.0001
28. flow_CWR_flag_count            - Score: 0.0001
29. flow_ECE_flag_count            - Score: 0.0001
30. bwd_data_pkts_tot              - Score: 0.0001
31. flow_pkts_payload.std          - Score: 0.0000
32. bwd_header_size_tot            - Score: 0.0000
33. fwd_last_window_size           - Score: 0.0000
34. fwd_init_window_size           - Score: 0.0000
35. flow_pkts_payload.avg          - Score: 0.0000
36. fwd_header_size_tot            - Score: 0.0000
37. bwd_pkts_payload.avg           - Score: 0.0000
38. flow_pkts_payload.min          - Score: 0.0000
39. fwd_bulk_packets               - Score: 0.0000
40. bwd_pkts_payload.max           - Score: 0.0000
41. bwd_bulk_packets               - Score: 0.0000
42. bwd_pkts_payload.min           - Score: 0.0000
43. id.resp_p                      - Score: 0.0000
44. flow_iat.min                   - Score: 0.0000
45. bwd_pkts_per_sec               - Score: 0.0000
46. Unnamed: 0                     - Score: 0.0000
47. bwd_subflow_bytes              - Score: 0.0000
48. flow_iat.avg                   - Score: 0.0000
49. flow_iat.max                   - Score: 0.0000
50. active.min                     - Score: 0.0000
51. active.avg                     - Score: 0.0000
52. active.max                     - Score: 0.0000
53. active.tot                     - Score: 0.0000
54. flow_iat.tot                   - Score: 0.0000
55. bwd_pkts_payload.tot           - Score: 0.0000
56. fwd_pkts_per_sec               - Score: 0.0000
57. fwd_iat.min                    - Score: 0.0000
58. flow_pkts_per_sec              - Score: 0.0000
59. fwd_bulk_rate                  - Score: 0.0000
60. bwd_init_window_size           - Score: 0.0000
61. fwd_iat.avg                    - Score: 0.0000
62. fwd_iat.max                    - Score: 0.0000
63. fwd_iat.tot                    - Score: 0.0000
64. fwd_bulk_bytes                 - Score: 0.0000
65. id.orig_p                      - Score: 0.0000
66. payload_bytes_per_second       - Score: 0.0000
67. bwd_iat.min                    - Score: 0.0000
68. bwd_bulk_bytes                 - Score: 0.0000
69. bwd_bulk_rate                  - Score: 0.0000
70. fwd_iat.std                    - Score: 0.0000
71. flow_iat.std                   - Score: 0.0000
72. bwd_iat.avg                    - Score: 0.0000
73. bwd_iat.std                    - Score: 0.0000
74. bwd_iat.max                    - Score: 0.0000
75. bwd_iat.tot                    - Score: 0.0000
76. active.std                     - Score: 0.0000
77. idle.std                       - Score: 0.0000
78. idle.min                       - Score: 0.0000
79. idle.avg                       - Score: 0.0000
80. idle.max                       - Score: 0.0000
81. idle.tot                       - Score: 0.0000
82. bwd_URG_flag_count             - Score: 0.0000
================================================================================

Features Ranked by Differentiation Strength:
================================================================================
 1. flow_duration                  - Score: 1.0000
 2. fwd_URG_flag_count             - Score: 0.0080
 3. down_up_ratio                  - Score: 0.0050
 4. fwd_PSH_flag_count             - Score: 0.0038
 5. flow_FIN_flag_count            - Score: 0.0032
 6. flow_RST_flag_count            - Score: 0.0029
 7. flow_SYN_flag_count            - Score: 0.0029
 8. fwd_data_pkts_tot              - Score: 0.0017
 9. bwd_subflow_pkts               - Score: 0.0009
10. flow_ACK_flag_count            - Score: 0.0008
11. bwd_pkts_tot                   - Score: 0.0006
12. fwd_pkts_payload.avg           - Score: 0.0006
13. fwd_header_size_max            - Score: 0.0006
14. fwd_header_size_min            - Score: 0.0005
15. bwd_PSH_flag_count             - Score: 0.0005
16. fwd_subflow_pkts               - Score: 0.0003
17. fwd_pkts_payload.max           - Score: 0.0002
18. flow_pkts_payload.max          - Score: 0.0002
19. bwd_header_size_max            - Score: 0.0002
20. bwd_header_size_min            - Score: 0.0002
21. fwd_subflow_bytes              - Score: 0.0002
22. fwd_pkts_tot                   - Score: 0.0002
23. fwd_pkts_payload.tot           - Score: 0.0002
24. flow_pkts_payload.tot          - Score: 0.0002
25. bwd_data_pkts_tot              - Score: 0.0001
26. fwd_pkts_payload.min           - Score: 0.0001
27. fwd_pkts_payload.std           - Score: 0.0001
28. flow_CWR_flag_count            - Score: 0.0001
29. flow_ECE_flag_count            - Score: 0.0001
30. bwd_header_size_tot            - Score: 0.0001
31. flow_pkts_payload.avg          - Score: 0.0000
32. flow_pkts_payload.std          - Score: 0.0000
33. fwd_last_window_size           - Score: 0.0000
34. fwd_init_window_size           - Score: 0.0000
35. fwd_header_size_tot            - Score: 0.0000
36. bwd_pkts_payload.std           - Score: 0.0000
37. bwd_pkts_payload.avg           - Score: 0.0000
38. flow_pkts_payload.min          - Score: 0.0000
39. fwd_bulk_packets               - Score: 0.0000
40. bwd_pkts_payload.max           - Score: 0.0000
41. bwd_bulk_packets               - Score: 0.0000
42. id.resp_p                      - Score: 0.0000
43. bwd_pkts_payload.min           - Score: 0.0000
44. flow_iat.min                   - Score: 0.0000
45. bwd_pkts_per_sec               - Score: 0.0000
46. Unnamed: 0                     - Score: 0.0000
47. bwd_subflow_bytes              - Score: 0.0000
48. flow_iat.avg                   - Score: 0.0000
49. flow_iat.max                   - Score: 0.0000
50. active.min                     - Score: 0.0000
51. active.avg                     - Score: 0.0000
52. active.max                     - Score: 0.0000
53. active.tot                     - Score: 0.0000
54. flow_iat.tot                   - Score: 0.0000
55. bwd_pkts_payload.tot           - Score: 0.0000
56. fwd_pkts_per_sec               - Score: 0.0000
57. flow_pkts_per_sec              - Score: 0.0000
58. payload_bytes_per_second       - Score: 0.0000
59. fwd_bulk_rate                  - Score: 0.0000
60. bwd_init_window_size           - Score: 0.0000
61. fwd_iat.min                    - Score: 0.0000
62. fwd_iat.avg                    - Score: 0.0000
63. fwd_iat.max                    - Score: 0.0000
64. fwd_iat.tot                    - Score: 0.0000
65. id.orig_p                      - Score: 0.0000
66. fwd_bulk_bytes                 - Score: 0.0000
67. bwd_iat.min                    - Score: 0.0000
68. bwd_bulk_rate                  - Score: 0.0000
69. bwd_bulk_bytes                 - Score: 0.0000
70. fwd_iat.std                    - Score: 0.0000
71. flow_iat.std                   - Score: 0.0000
72. bwd_iat.avg                    - Score: 0.0000
73. bwd_iat.std                    - Score: 0.0000
74. bwd_iat.max                    - Score: 0.0000
75. bwd_iat.tot                    - Score: 0.0000
76. active.std                     - Score: 0.0000
77. idle.std                       - Score: 0.0000
78. idle.min                       - Score: 0.0000
79. idle.avg                       - Score: 0.0000
80. idle.max                       - Score: 0.0000
81. idle.tot                       - Score: 0.0000
82. bwd_URG_flag_count             - Score: 0.0000
================================================================================

Features Ranked by Differentiation Strength:
================================================================================
 1. flow_duration                  - Score: 1.0000
 2. fwd_URG_flag_count             - Score: 0.0051
 3. down_up_ratio                  - Score: 0.0038
 4. flow_SYN_flag_count            - Score: 0.0029
 5. fwd_PSH_flag_count             - Score: 0.0024
 6. flow_RST_flag_count            - Score: 0.0023
 7. flow_FIN_flag_count            - Score: 0.0018
 8. fwd_data_pkts_tot              - Score: 0.0015
 9. bwd_subflow_pkts               - Score: 0.0007
10. bwd_pkts_tot                   - Score: 0.0005
11. fwd_header_size_min            - Score: 0.0005
12. fwd_pkts_payload.avg           - Score: 0.0004
13. flow_ACK_flag_count            - Score: 0.0004
14. fwd_header_size_max            - Score: 0.0004
15. fwd_subflow_pkts               - Score: 0.0002
16. bwd_header_size_max            - Score: 0.0002
17. bwd_header_size_min            - Score: 0.0002
18. fwd_pkts_payload.max           - Score: 0.0002
19. flow_pkts_payload.max          - Score: 0.0001
20. bwd_PSH_flag_count             - Score: 0.0001
21. fwd_subflow_bytes              - Score: 0.0001
22. fwd_pkts_payload.tot           - Score: 0.0001
23. flow_pkts_payload.tot          - Score: 0.0001
24. fwd_pkts_tot                   - Score: 0.0001
25. flow_CWR_flag_count            - Score: 0.0001
26. flow_ECE_flag_count            - Score: 0.0001
27. fwd_pkts_payload.std           - Score: 0.0001
28. fwd_pkts_payload.min           - Score: 0.0001
29. bwd_data_pkts_tot              - Score: 0.0001
30. bwd_header_size_tot            - Score: 0.0001
31. flow_pkts_payload.std          - Score: 0.0000
32. fwd_last_window_size           - Score: 0.0000
33. fwd_init_window_size           - Score: 0.0000
34. flow_pkts_payload.avg          - Score: 0.0000
35. fwd_header_size_tot            - Score: 0.0000
36. bwd_pkts_payload.std           - Score: 0.0000
37. bwd_pkts_payload.avg           - Score: 0.0000
38. flow_pkts_payload.min          - Score: 0.0000
39. bwd_bulk_packets               - Score: 0.0000
40. bwd_pkts_payload.max           - Score: 0.0000
41. fwd_bulk_packets               - Score: 0.0000
42. bwd_pkts_payload.min           - Score: 0.0000
43. id.resp_p                      - Score: 0.0000
44. flow_iat.min                   - Score: 0.0000
45. bwd_pkts_per_sec               - Score: 0.0000
46. Unnamed: 0                     - Score: 0.0000
47. bwd_subflow_bytes              - Score: 0.0000
48. flow_iat.avg                   - Score: 0.0000
49. active.min                     - Score: 0.0000
50. flow_iat.max                   - Score: 0.0000
51. active.avg                     - Score: 0.0000
52. active.max                     - Score: 0.0000
53. active.tot                     - Score: 0.0000
54. flow_iat.tot                   - Score: 0.0000
55. bwd_pkts_payload.tot           - Score: 0.0000
56. fwd_pkts_per_sec               - Score: 0.0000
57. fwd_iat.min                    - Score: 0.0000
58. flow_pkts_per_sec              - Score: 0.0000
59. bwd_init_window_size           - Score: 0.0000
60. fwd_bulk_rate                  - Score: 0.0000
61. bwd_iat.min                    - Score: 0.0000
62. id.orig_p                      - Score: 0.0000
63. fwd_bulk_bytes                 - Score: 0.0000
64. bwd_bulk_bytes                 - Score: 0.0000
65. payload_bytes_per_second       - Score: 0.0000
66. bwd_bulk_rate                  - Score: 0.0000
67. fwd_iat.avg                    - Score: 0.0000
68. flow_iat.std                   - Score: 0.0000
69. fwd_iat.std                    - Score: 0.0000
70. fwd_iat.max                    - Score: 0.0000
71. fwd_iat.tot                    - Score: 0.0000
72. bwd_iat.avg                    - Score: 0.0000
73. bwd_iat.std                    - Score: 0.0000
74. bwd_iat.max                    - Score: 0.0000
75. active.std                     - Score: 0.0000
76. bwd_iat.tot                    - Score: 0.0000
77. idle.std                       - Score: 0.0000
78. idle.min                       - Score: 0.0000
79. idle.avg                       - Score: 0.0000
80. idle.max                       - Score: 0.0000
81. idle.tot                       - Score: 0.0000
82. bwd_URG_flag_count             - Score: 0.0000
================================================================================

Features Ranked by Differentiation Strength:
================================================================================
 1. flow_duration                  - Score: 1.0000
 2. fwd_URG_flag_count             - Score: 0.0065
 3. down_up_ratio                  - Score: 0.0041
 4. fwd_PSH_flag_count             - Score: 0.0028
 5. flow_RST_flag_count            - Score: 0.0026
 6. flow_SYN_flag_count            - Score: 0.0026
 7. flow_FIN_flag_count            - Score: 0.0021
 8. fwd_data_pkts_tot              - Score: 0.0015
 9. bwd_subflow_pkts               - Score: 0.0006
10. fwd_header_size_min            - Score: 0.0005
11. fwd_pkts_payload.avg           - Score: 0.0005
12. bwd_pkts_tot                   - Score: 0.0005
13. flow_ACK_flag_count            - Score: 0.0004
14. fwd_header_size_max            - Score: 0.0004
15. fwd_subflow_pkts               - Score: 0.0002
16. bwd_header_size_max            - Score: 0.0002
17. bwd_header_size_min            - Score: 0.0002
18. fwd_pkts_payload.max           - Score: 0.0002
19. bwd_PSH_flag_count             - Score: 0.0002
20. flow_pkts_payload.max          - Score: 0.0002
21. fwd_subflow_bytes              - Score: 0.0002
22. fwd_pkts_payload.tot           - Score: 0.0001
23. fwd_pkts_tot                   - Score: 0.0001
24. flow_pkts_payload.tot          - Score: 0.0001
25. fwd_pkts_payload.std           - Score: 0.0001
26. fwd_pkts_payload.min           - Score: 0.0001
27. flow_CWR_flag_count            - Score: 0.0001
28. flow_ECE_flag_count            - Score: 0.0001
29. bwd_data_pkts_tot              - Score: 0.0001
30. bwd_header_size_tot            - Score: 0.0001
31. flow_pkts_payload.std          - Score: 0.0000
32. flow_pkts_payload.avg          - Score: 0.0000
33. fwd_last_window_size           - Score: 0.0000
34. fwd_init_window_size           - Score: 0.0000
35. bwd_pkts_payload.std           - Score: 0.0000
36. fwd_header_size_tot            - Score: 0.0000
37. bwd_pkts_payload.avg           - Score: 0.0000
38. flow_pkts_payload.min          - Score: 0.0000
39. fwd_bulk_packets               - Score: 0.0000
40. bwd_pkts_payload.max           - Score: 0.0000
41. id.resp_p                      - Score: 0.0000
42. bwd_pkts_payload.min           - Score: 0.0000
43. bwd_bulk_packets               - Score: 0.0000
44. flow_iat.min                   - Score: 0.0000
45. bwd_pkts_per_sec               - Score: 0.0000
46. fwd_pkts_per_sec               - Score: 0.0000
47. Unnamed: 0                     - Score: 0.0000
48. bwd_subflow_bytes              - Score: 0.0000
49. flow_iat.avg                   - Score: 0.0000
50. flow_iat.max                   - Score: 0.0000
51. active.min                     - Score: 0.0000
52. active.avg                     - Score: 0.0000
53. active.max                     - Score: 0.0000
54. active.tot                     - Score: 0.0000
55. flow_iat.tot                   - Score: 0.0000
56. flow_pkts_per_sec              - Score: 0.0000
57. bwd_pkts_payload.tot           - Score: 0.0000
58. fwd_iat.min                    - Score: 0.0000
59. fwd_iat.avg                    - Score: 0.0000
60. fwd_iat.max                    - Score: 0.0000
61. fwd_iat.tot                    - Score: 0.0000
62. fwd_bulk_rate                  - Score: 0.0000
63. bwd_init_window_size           - Score: 0.0000
64. fwd_bulk_bytes                 - Score: 0.0000
65. bwd_iat.min                    - Score: 0.0000
66. id.orig_p                      - Score: 0.0000
67. payload_bytes_per_second       - Score: 0.0000
68. bwd_bulk_rate                  - Score: 0.0000
69. bwd_bulk_bytes                 - Score: 0.0000
70. fwd_iat.std                    - Score: 0.0000
71. flow_iat.std                   - Score: 0.0000
72. bwd_iat.avg                    - Score: 0.0000
73. bwd_iat.max                    - Score: 0.0000
74. bwd_iat.tot                    - Score: 0.0000
75. bwd_iat.std                    - Score: 0.0000
76. active.std                     - Score: 0.0000
77. idle.std                       - Score: 0.0000
78. idle.min                       - Score: 0.0000
79. idle.avg                       - Score: 0.0000
80. idle.max                       - Score: 0.0000
81. idle.tot                       - Score: 0.0000
82. bwd_URG_flag_count             - Score: 0.0000
================================================================================

Features Ranked by Differentiation Strength:
================================================================================
 1. flow_duration                  - Score: 1.0000
 2. fwd_URG_flag_count             - Score: 0.0058
 3. down_up_ratio                  - Score: 0.0050
 4. flow_RST_flag_count            - Score: 0.0027
 5. flow_SYN_flag_count            - Score: 0.0023
 6. fwd_PSH_flag_count             - Score: 0.0023
 7. flow_FIN_flag_count            - Score: 0.0018
 8. fwd_data_pkts_tot              - Score: 0.0015
 9. bwd_subflow_pkts               - Score: 0.0007
10. bwd_PSH_flag_count             - Score: 0.0005
11. fwd_pkts_payload.avg           - Score: 0.0005
12. fwd_header_size_max            - Score: 0.0005
13. fwd_header_size_min            - Score: 0.0004
14. bwd_pkts_tot                   - Score: 0.0004
15. fwd_subflow_pkts               - Score: 0.0003
16. fwd_pkts_tot                   - Score: 0.0002
17. fwd_pkts_payload.max           - Score: 0.0002
18. bwd_header_size_min            - Score: 0.0002
19. flow_pkts_payload.max          - Score: 0.0002
20. fwd_subflow_bytes              - Score: 0.0002
21. bwd_header_size_max            - Score: 0.0001
22. flow_ACK_flag_count            - Score: 0.0001
23. fwd_pkts_payload.tot           - Score: 0.0001
24. bwd_data_pkts_tot              - Score: 0.0001
25. flow_pkts_payload.tot          - Score: 0.0001
26. fwd_pkts_payload.min           - Score: 0.0001
27. flow_ECE_flag_count            - Score: 0.0001
28. fwd_pkts_payload.std           - Score: 0.0001
29. flow_CWR_flag_count            - Score: 0.0001
30. bwd_header_size_tot            - Score: 0.0000
31. flow_pkts_payload.avg          - Score: 0.0000
32. flow_pkts_payload.std          - Score: 0.0000
33. fwd_last_window_size           - Score: 0.0000
34. fwd_init_window_size           - Score: 0.0000
35. bwd_pkts_payload.std           - Score: 0.0000
36. bwd_pkts_payload.avg           - Score: 0.0000
37. fwd_header_size_tot            - Score: 0.0000
38. flow_pkts_payload.min          - Score: 0.0000
39. bwd_pkts_payload.max           - Score: 0.0000
40. bwd_pkts_payload.min           - Score: 0.0000
41. bwd_bulk_packets               - Score: 0.0000
42. id.resp_p                      - Score: 0.0000
43. flow_iat.min                   - Score: 0.0000
44. fwd_bulk_packets               - Score: 0.0000
45. bwd_pkts_per_sec               - Score: 0.0000
46. bwd_subflow_bytes              - Score: 0.0000
47. Unnamed: 0                     - Score: 0.0000
48. flow_iat.avg                   - Score: 0.0000
49. flow_iat.max                   - Score: 0.0000
50. active.min                     - Score: 0.0000
51. active.avg                     - Score: 0.0000
52. active.max                     - Score: 0.0000
53. active.tot                     - Score: 0.0000
54. flow_iat.tot                   - Score: 0.0000
55. bwd_pkts_payload.tot           - Score: 0.0000
56. fwd_pkts_per_sec               - Score: 0.0000
57. fwd_iat.min                    - Score: 0.0000
58. flow_pkts_per_sec              - Score: 0.0000
59. payload_bytes_per_second       - Score: 0.0000
60. fwd_bulk_rate                  - Score: 0.0000
61. bwd_init_window_size           - Score: 0.0000
62. id.orig_p                      - Score: 0.0000
63. fwd_bulk_bytes                 - Score: 0.0000
64. bwd_iat.min                    - Score: 0.0000
65. bwd_bulk_rate                  - Score: 0.0000
66. bwd_bulk_bytes                 - Score: 0.0000
67. flow_iat.std                   - Score: 0.0000
68. fwd_iat.avg                    - Score: 0.0000
69. fwd_iat.std                    - Score: 0.0000
70. fwd_iat.max                    - Score: 0.0000
71. fwd_iat.tot                    - Score: 0.0000
72. bwd_iat.avg                    - Score: 0.0000
73. bwd_iat.std                    - Score: 0.0000
74. bwd_iat.max                    - Score: 0.0000
75. bwd_iat.tot                    - Score: 0.0000
76. active.std                     - Score: 0.0000
77. idle.std                       - Score: 0.0000
78. idle.min                       - Score: 0.0000
79. idle.avg                       - Score: 0.0000
80. idle.max                       - Score: 0.0000
81. idle.tot                       - Score: 0.0000
82. bwd_URG_flag_count             - Score: 0.0000
================================================================================

Features Ranked by Differentiation Strength:
================================================================================
 1. flow_duration                  - Score: 1.0000
 2. fwd_URG_flag_count             - Score: 0.0060
 3. down_up_ratio                  - Score: 0.0042
 4. flow_SYN_flag_count            - Score: 0.0029
 5. flow_RST_flag_count            - Score: 0.0029
 6. fwd_PSH_flag_count             - Score: 0.0028
 7. flow_FIN_flag_count            - Score: 0.0020
 8. fwd_data_pkts_tot              - Score: 0.0017
 9. bwd_subflow_pkts               - Score: 0.0008
10. bwd_pkts_tot                   - Score: 0.0006
11. fwd_pkts_payload.avg           - Score: 0.0006
12. fwd_header_size_max            - Score: 0.0005
13. fwd_header_size_min            - Score: 0.0005
14. flow_ACK_flag_count            - Score: 0.0004
15. fwd_pkts_payload.max           - Score: 0.0002
16. fwd_subflow_pkts               - Score: 0.0002
17. flow_pkts_payload.max          - Score: 0.0002
18. bwd_header_size_min            - Score: 0.0002
19. fwd_subflow_bytes              - Score: 0.0002
20. bwd_header_size_max            - Score: 0.0002
21. fwd_pkts_payload.tot           - Score: 0.0002
22. bwd_PSH_flag_count             - Score: 0.0002
23. flow_pkts_payload.tot          - Score: 0.0002
24. fwd_pkts_tot                   - Score: 0.0001
25. bwd_data_pkts_tot              - Score: 0.0001
26. fwd_pkts_payload.min           - Score: 0.0001
27. fwd_pkts_payload.std           - Score: 0.0001
28. flow_CWR_flag_count            - Score: 0.0001
29. flow_ECE_flag_count            - Score: 0.0001
30. bwd_header_size_tot            - Score: 0.0001
31. flow_pkts_payload.std          - Score: 0.0000
32. fwd_last_window_size           - Score: 0.0000
33. fwd_init_window_size           - Score: 0.0000
34. flow_pkts_payload.avg          - Score: 0.0000
35. bwd_pkts_payload.std           - Score: 0.0000
36. fwd_header_size_tot            - Score: 0.0000
37. bwd_pkts_payload.avg           - Score: 0.0000
38. flow_pkts_payload.min          - Score: 0.0000
39. bwd_pkts_payload.max           - Score: 0.0000
40. fwd_bulk_packets               - Score: 0.0000
41. bwd_pkts_payload.min           - Score: 0.0000
42. id.resp_p                      - Score: 0.0000
43. bwd_bulk_packets               - Score: 0.0000
44. flow_iat.min                   - Score: 0.0000
45. bwd_pkts_per_sec               - Score: 0.0000
46. Unnamed: 0                     - Score: 0.0000
47. bwd_subflow_bytes              - Score: 0.0000
48. flow_iat.avg                   - Score: 0.0000
49. flow_iat.max                   - Score: 0.0000
50. active.min                     - Score: 0.0000
51. active.avg                     - Score: 0.0000
52. active.max                     - Score: 0.0000
53. active.tot                     - Score: 0.0000
54. flow_iat.tot                   - Score: 0.0000
55. bwd_pkts_payload.tot           - Score: 0.0000
56. fwd_pkts_per_sec               - Score: 0.0000
57. flow_pkts_per_sec              - Score: 0.0000
58. bwd_iat.min                    - Score: 0.0000
59. fwd_bulk_rate                  - Score: 0.0000
60. bwd_init_window_size           - Score: 0.0000
61. id.orig_p                      - Score: 0.0000
62. fwd_iat.min                    - Score: 0.0000
63. fwd_bulk_bytes                 - Score: 0.0000
64. payload_bytes_per_second       - Score: 0.0000
65. bwd_bulk_rate                  - Score: 0.0000
66. bwd_bulk_bytes                 - Score: 0.0000
67. flow_iat.std                   - Score: 0.0000
68. fwd_iat.avg                    - Score: 0.0000
69. fwd_iat.std                    - Score: 0.0000
70. fwd_iat.max                    - Score: 0.0000
71. fwd_iat.tot                    - Score: 0.0000
72. bwd_iat.avg                    - Score: 0.0000
73. bwd_iat.std                    - Score: 0.0000
74. bwd_iat.max                    - Score: 0.0000
75. active.std                     - Score: 0.0000
76. bwd_iat.tot                    - Score: 0.0000
77. idle.std                       - Score: 0.0000
78. idle.min                       - Score: 0.0000
79. idle.avg                       - Score: 0.0000
80. idle.max                       - Score: 0.0000
81. idle.tot                       - Score: 0.0000
82. bwd_URG_flag_count             - Score: 0.0000
================================================================================

Features Ranked by Differentiation Strength:
================================================================================
 1. flow_duration                  - Score: 1.0000
 2. fwd_URG_flag_count             - Score: 0.0068
 3. down_up_ratio                  - Score: 0.0043
 4. fwd_PSH_flag_count             - Score: 0.0029
 5. flow_FIN_flag_count            - Score: 0.0028
 6. flow_RST_flag_count            - Score: 0.0027
 7. flow_SYN_flag_count            - Score: 0.0024
 8. fwd_data_pkts_tot              - Score: 0.0017
 9. bwd_subflow_pkts               - Score: 0.0007
10. fwd_pkts_payload.avg           - Score: 0.0005
11. bwd_pkts_tot                   - Score: 0.0005
12. fwd_header_size_min            - Score: 0.0004
13. fwd_header_size_max            - Score: 0.0004
14. fwd_subflow_pkts               - Score: 0.0002
15. bwd_PSH_flag_count             - Score: 0.0002
16. fwd_pkts_payload.max           - Score: 0.0002
17. bwd_header_size_min            - Score: 0.0002
18. flow_pkts_payload.max          - Score: 0.0002
19. fwd_subflow_bytes              - Score: 0.0002
20. bwd_header_size_max            - Score: 0.0002
21. fwd_pkts_payload.tot           - Score: 0.0001
22. flow_ACK_flag_count            - Score: 0.0001
23. fwd_pkts_tot                   - Score: 0.0001
24. flow_pkts_payload.tot          - Score: 0.0001
25. flow_ECE_flag_count            - Score: 0.0001
26. bwd_data_pkts_tot              - Score: 0.0001
27. flow_CWR_flag_count            - Score: 0.0001
28. fwd_pkts_payload.min           - Score: 0.0001
29. fwd_pkts_payload.std           - Score: 0.0001
30. bwd_header_size_tot            - Score: 0.0000
31. flow_pkts_payload.std          - Score: 0.0000
32. fwd_last_window_size           - Score: 0.0000
33. flow_pkts_payload.avg          - Score: 0.0000
34. fwd_init_window_size           - Score: 0.0000
35. bwd_pkts_payload.std           - Score: 0.0000
36. fwd_header_size_tot            - Score: 0.0000
37. bwd_pkts_payload.avg           - Score: 0.0000
38. flow_pkts_payload.min          - Score: 0.0000
39. fwd_bulk_packets               - Score: 0.0000
40. bwd_pkts_payload.max           - Score: 0.0000
41. bwd_bulk_packets               - Score: 0.0000
42. bwd_pkts_payload.min           - Score: 0.0000
43. id.resp_p                      - Score: 0.0000
44. flow_iat.min                   - Score: 0.0000
45. bwd_pkts_per_sec               - Score: 0.0000
46. Unnamed: 0                     - Score: 0.0000
47. bwd_subflow_bytes              - Score: 0.0000
48. flow_iat.avg                   - Score: 0.0000
49. flow_iat.max                   - Score: 0.0000
50. active.min                     - Score: 0.0000
51. active.avg                     - Score: 0.0000
52. active.max                     - Score: 0.0000
53. active.tot                     - Score: 0.0000
54. flow_iat.tot                   - Score: 0.0000
55. bwd_pkts_payload.tot           - Score: 0.0000
56. fwd_pkts_per_sec               - Score: 0.0000
57. flow_pkts_per_sec              - Score: 0.0000
58. fwd_iat.min                    - Score: 0.0000
59. bwd_iat.min                    - Score: 0.0000
60. fwd_bulk_rate                  - Score: 0.0000
61. bwd_init_window_size           - Score: 0.0000
62. fwd_iat.avg                    - Score: 0.0000
63. fwd_iat.max                    - Score: 0.0000
64. fwd_iat.tot                    - Score: 0.0000
65. id.orig_p                      - Score: 0.0000
66. fwd_bulk_bytes                 - Score: 0.0000
67. payload_bytes_per_second       - Score: 0.0000
68. bwd_bulk_bytes                 - Score: 0.0000
69. bwd_bulk_rate                  - Score: 0.0000
70. fwd_iat.std                    - Score: 0.0000
71. flow_iat.std                   - Score: 0.0000
72. bwd_iat.avg                    - Score: 0.0000
73. bwd_iat.std                    - Score: 0.0000
74. bwd_iat.max                    - Score: 0.0000
75. bwd_iat.tot                    - Score: 0.0000
76. active.std                     - Score: 0.0000
77. idle.std                       - Score: 0.0000
78. idle.min                       - Score: 0.0000
79. idle.avg                       - Score: 0.0000
80. idle.max                       - Score: 0.0000
81. idle.tot                       - Score: 0.0000
82. bwd_URG_flag_count             - Score: 0.0000
================================================================================

Features Ranked by Differentiation Strength:
================================================================================
 1. flow_duration                  - Score: 1.0000
 2. fwd_URG_flag_count             - Score: 0.0083
 3. down_up_ratio                  - Score: 0.0054
 4. flow_FIN_flag_count            - Score: 0.0031
 5. fwd_PSH_flag_count             - Score: 0.0030
 6. flow_RST_flag_count            - Score: 0.0030
 7. flow_SYN_flag_count            - Score: 0.0020
 8. fwd_data_pkts_tot              - Score: 0.0015
 9. bwd_subflow_pkts               - Score: 0.0011
10. bwd_pkts_tot                   - Score: 0.0007
11. fwd_subflow_pkts               - Score: 0.0007
12. fwd_pkts_payload.avg           - Score: 0.0006
13. bwd_data_pkts_tot              - Score: 0.0006
14. fwd_header_size_max            - Score: 0.0006
15. bwd_PSH_flag_count             - Score: 0.0005
16. fwd_pkts_tot                   - Score: 0.0005
17. fwd_header_size_min            - Score: 0.0005
18. fwd_pkts_payload.max           - Score: 0.0003
19. flow_ACK_flag_count            - Score: 0.0003
20. flow_pkts_payload.max          - Score: 0.0003
21. bwd_pkts_payload.avg           - Score: 0.0003
22. fwd_subflow_bytes              - Score: 0.0002
23. fwd_pkts_payload.tot           - Score: 0.0002
24. flow_pkts_payload.tot          - Score: 0.0002
25. flow_pkts_payload.avg          - Score: 0.0002
26. bwd_header_size_max            - Score: 0.0002
27. bwd_pkts_payload.std           - Score: 0.0002
28. bwd_header_size_min            - Score: 0.0002
29. fwd_pkts_payload.std           - Score: 0.0002
30. flow_pkts_payload.std          - Score: 0.0001
31. fwd_pkts_payload.min           - Score: 0.0001
32. bwd_subflow_bytes              - Score: 0.0001
33. flow_CWR_flag_count            - Score: 0.0001
34. flow_ECE_flag_count            - Score: 0.0001
35. bwd_pkts_payload.tot           - Score: 0.0001
36. bwd_pkts_payload.max           - Score: 0.0000
37. bwd_header_size_tot            - Score: 0.0000
38. fwd_last_window_size           - Score: 0.0000
39. fwd_init_window_size           - Score: 0.0000
40. fwd_header_size_tot            - Score: 0.0000
41. flow_pkts_payload.min          - Score: 0.0000
42. bwd_bulk_packets               - Score: 0.0000
43. payload_bytes_per_second       - Score: 0.0000
44. fwd_bulk_packets               - Score: 0.0000
45. bwd_pkts_payload.min           - Score: 0.0000
46. id.resp_p                      - Score: 0.0000
47. flow_iat.min                   - Score: 0.0000
48. bwd_pkts_per_sec               - Score: 0.0000
49. Unnamed: 0                     - Score: 0.0000
50. flow_iat.avg                   - Score: 0.0000
51. flow_iat.max                   - Score: 0.0000
52. active.min                     - Score: 0.0000
53. active.avg                     - Score: 0.0000
54. active.max                     - Score: 0.0000
55. active.tot                     - Score: 0.0000
56. flow_iat.tot                   - Score: 0.0000
57. fwd_pkts_per_sec               - Score: 0.0000
58. fwd_iat.min                    - Score: 0.0000
59. flow_pkts_per_sec              - Score: 0.0000
60. fwd_bulk_rate                  - Score: 0.0000
61. bwd_init_window_size           - Score: 0.0000
62. fwd_iat.avg                    - Score: 0.0000
63. fwd_iat.max                    - Score: 0.0000
64. fwd_iat.tot                    - Score: 0.0000
65. id.orig_p                      - Score: 0.0000
66. fwd_bulk_bytes                 - Score: 0.0000
67. bwd_iat.min                    - Score: 0.0000
68. bwd_bulk_bytes                 - Score: 0.0000
69. bwd_bulk_rate                  - Score: 0.0000
70. fwd_iat.std                    - Score: 0.0000
71. flow_iat.std                   - Score: 0.0000
72. bwd_iat.avg                    - Score: 0.0000
73. bwd_iat.max                    - Score: 0.0000
74. bwd_iat.std                    - Score: 0.0000
75. bwd_iat.tot                    - Score: 0.0000
76. active.std                     - Score: 0.0000
77. idle.std                       - Score: 0.0000
78. idle.min                       - Score: 0.0000
79. idle.avg                       - Score: 0.0000
80. idle.max                       - Score: 0.0000
81. idle.tot                       - Score: 0.0000
82. bwd_URG_flag_count             - Score: 0.0000
================================================================================

Features Ranked by Differentiation Strength:
================================================================================
 1. flow_duration                  - Score: 1.0000
 2. fwd_URG_flag_count             - Score: 0.0054
 3. down_up_ratio                  - Score: 0.0038
 4. flow_RST_flag_count            - Score: 0.0025
 5. fwd_PSH_flag_count             - Score: 0.0022
 6. flow_SYN_flag_count            - Score: 0.0021
 7. flow_FIN_flag_count            - Score: 0.0018
 8. fwd_data_pkts_tot              - Score: 0.0014
 9. bwd_subflow_pkts               - Score: 0.0006
10. fwd_pkts_payload.avg           - Score: 0.0005
11. bwd_pkts_tot                   - Score: 0.0004
12. fwd_header_size_min            - Score: 0.0004
13. fwd_header_size_max            - Score: 0.0004
14. fwd_subflow_pkts               - Score: 0.0002
15. bwd_PSH_flag_count             - Score: 0.0002
16. fwd_pkts_payload.max           - Score: 0.0002
17. bwd_header_size_max            - Score: 0.0002
18. bwd_header_size_min            - Score: 0.0002
19. flow_pkts_payload.max          - Score: 0.0002
20. fwd_subflow_bytes              - Score: 0.0001
21. fwd_pkts_tot                   - Score: 0.0001
22. fwd_pkts_payload.tot           - Score: 0.0001
23. flow_ACK_flag_count            - Score: 0.0001
24. flow_pkts_payload.tot          - Score: 0.0001
25. fwd_pkts_payload.min           - Score: 0.0001
26. flow_CWR_flag_count            - Score: 0.0001
27. flow_ECE_flag_count            - Score: 0.0001
28. fwd_pkts_payload.std           - Score: 0.0001
29. bwd_data_pkts_tot              - Score: 0.0001
30. bwd_header_size_tot            - Score: 0.0000
31. flow_pkts_payload.std          - Score: 0.0000
32. fwd_last_window_size           - Score: 0.0000
33. flow_pkts_payload.avg          - Score: 0.0000
34. fwd_init_window_size           - Score: 0.0000
35. bwd_pkts_payload.std           - Score: 0.0000
36. fwd_header_size_tot            - Score: 0.0000
37. bwd_pkts_payload.avg           - Score: 0.0000
38. flow_pkts_payload.min          - Score: 0.0000
39. fwd_bulk_packets               - Score: 0.0000
40. bwd_pkts_payload.max           - Score: 0.0000
41. bwd_pkts_payload.min           - Score: 0.0000
42. bwd_bulk_packets               - Score: 0.0000
43. id.resp_p                      - Score: 0.0000
44. flow_iat.min                   - Score: 0.0000
45. bwd_pkts_per_sec               - Score: 0.0000
46. Unnamed: 0                     - Score: 0.0000
47. bwd_subflow_bytes              - Score: 0.0000
48. flow_iat.avg                   - Score: 0.0000
49. flow_iat.max                   - Score: 0.0000
50. active.min                     - Score: 0.0000
51. active.avg                     - Score: 0.0000
52. active.max                     - Score: 0.0000
53. active.tot                     - Score: 0.0000
54. flow_iat.tot                   - Score: 0.0000
55. bwd_pkts_payload.tot           - Score: 0.0000
56. fwd_pkts_per_sec               - Score: 0.0000
57. flow_pkts_per_sec              - Score: 0.0000
58. fwd_iat.min                    - Score: 0.0000
59. bwd_init_window_size           - Score: 0.0000
60. fwd_bulk_rate                  - Score: 0.0000
61. id.orig_p                      - Score: 0.0000
62. fwd_bulk_bytes                 - Score: 0.0000
63. payload_bytes_per_second       - Score: 0.0000
64. bwd_iat.min                    - Score: 0.0000
65. bwd_bulk_rate                  - Score: 0.0000
66. bwd_bulk_bytes                 - Score: 0.0000
67. flow_iat.std                   - Score: 0.0000
68. fwd_iat.avg                    - Score: 0.0000
69. fwd_iat.std                    - Score: 0.0000
70. fwd_iat.max                    - Score: 0.0000
71. fwd_iat.tot                    - Score: 0.0000
72. bwd_iat.avg                    - Score: 0.0000
73. bwd_iat.std                    - Score: 0.0000
74. bwd_iat.max                    - Score: 0.0000
75. bwd_iat.tot                    - Score: 0.0000
76. active.std                     - Score: 0.0000
77. idle.std                       - Score: 0.0000
78. idle.min                       - Score: 0.0000
79. idle.avg                       - Score: 0.0000
80. idle.max                       - Score: 0.0000
81. idle.tot                       - Score: 0.0000
82. bwd_URG_flag_count             - Score: 0.0000
================================================================================

Features Ranked by Differentiation Strength:
================================================================================
 1. flow_duration                  - Score: 1.0000
 2. fwd_URG_flag_count             - Score: 0.0066
 3. down_up_ratio                  - Score: 0.0043
 4. fwd_PSH_flag_count             - Score: 0.0028
 5. flow_FIN_flag_count            - Score: 0.0027
 6. flow_RST_flag_count            - Score: 0.0027
 7. flow_SYN_flag_count            - Score: 0.0027
 8. fwd_data_pkts_tot              - Score: 0.0016
 9. bwd_subflow_pkts               - Score: 0.0006
10. fwd_pkts_payload.avg           - Score: 0.0005
11. fwd_header_size_min            - Score: 0.0005
12. bwd_pkts_tot                   - Score: 0.0004
13. fwd_header_size_max            - Score: 0.0004
14. fwd_subflow_pkts               - Score: 0.0002
15. fwd_pkts_payload.std           - Score: 0.0002
16. fwd_pkts_payload.max           - Score: 0.0002
17. bwd_PSH_flag_count             - Score: 0.0002
18. fwd_subflow_bytes              - Score: 0.0002
19. bwd_header_size_min            - Score: 0.0002
20. flow_pkts_payload.max          - Score: 0.0002
21. fwd_pkts_payload.tot           - Score: 0.0002
22. bwd_header_size_max            - Score: 0.0002
23. flow_ACK_flag_count            - Score: 0.0001
24. fwd_pkts_tot                   - Score: 0.0001
25. flow_pkts_payload.tot          - Score: 0.0001
26. bwd_data_pkts_tot              - Score: 0.0001
27. bwd_pkts_payload.std           - Score: 0.0001
28. fwd_pkts_payload.min           - Score: 0.0001
29. flow_CWR_flag_count            - Score: 0.0001
30. flow_ECE_flag_count            - Score: 0.0001
31. bwd_header_size_tot            - Score: 0.0000
32. flow_pkts_payload.std          - Score: 0.0000
33. flow_pkts_payload.avg          - Score: 0.0000
34. fwd_last_window_size           - Score: 0.0000
35. fwd_init_window_size           - Score: 0.0000
36. fwd_header_size_tot            - Score: 0.0000
37. bwd_pkts_payload.avg           - Score: 0.0000
38. flow_pkts_payload.min          - Score: 0.0000
39. fwd_bulk_packets               - Score: 0.0000
40. bwd_pkts_payload.max           - Score: 0.0000
41. bwd_pkts_payload.min           - Score: 0.0000
42. bwd_bulk_packets               - Score: 0.0000
43. id.resp_p                      - Score: 0.0000
44. flow_iat.min                   - Score: 0.0000
45. bwd_pkts_per_sec               - Score: 0.0000
46. Unnamed: 0                     - Score: 0.0000
47. bwd_subflow_bytes              - Score: 0.0000
48. flow_iat.avg                   - Score: 0.0000
49. flow_iat.max                   - Score: 0.0000
50. active.min                     - Score: 0.0000
51. active.avg                     - Score: 0.0000
52. active.max                     - Score: 0.0000
53. active.tot                     - Score: 0.0000
54. flow_iat.tot                   - Score: 0.0000
55. bwd_pkts_payload.tot           - Score: 0.0000
56. fwd_pkts_per_sec               - Score: 0.0000
57. flow_pkts_per_sec              - Score: 0.0000
58. fwd_iat.min                    - Score: 0.0000
59. fwd_bulk_rate                  - Score: 0.0000
60. bwd_iat.min                    - Score: 0.0000
61. bwd_init_window_size           - Score: 0.0000
62. fwd_iat.avg                    - Score: 0.0000
63. fwd_iat.max                    - Score: 0.0000
64. fwd_iat.tot                    - Score: 0.0000
65. fwd_bulk_bytes                 - Score: 0.0000
66. id.orig_p                      - Score: 0.0000
67. payload_bytes_per_second       - Score: 0.0000
68. bwd_bulk_rate                  - Score: 0.0000
69. bwd_bulk_bytes                 - Score: 0.0000
70. fwd_iat.std                    - Score: 0.0000
71. flow_iat.std                   - Score: 0.0000
72. bwd_iat.avg                    - Score: 0.0000
73. bwd_iat.std                    - Score: 0.0000
74. bwd_iat.max                    - Score: 0.0000
75. bwd_iat.tot                    - Score: 0.0000
76. active.std                     - Score: 0.0000
77. idle.std                       - Score: 0.0000
78. idle.min                       - Score: 0.0000
79. idle.avg                       - Score: 0.0000
80. idle.max                       - Score: 0.0000
81. idle.tot                       - Score: 0.0000
82. bwd_URG_flag_count             - Score: 0.0000
================================================================================
  done: held-out class Metasploit_Brute_Force_SSH

Features Ranked by Differentiation Strength:
================================================================================
 1. flow_duration                  - Score: 1.0000
 2. down_up_ratio                  - Score: 0.0018
 3. flow_SYN_flag_count            - Score: 0.0012
 4. flow_RST_flag_count            - Score: 0.0008
 5. fwd_PSH_flag_count             - Score: 0.0004
 6. fwd_data_pkts_tot              - Score: 0.0004
 7. fwd_header_size_min            - Score: 0.0003
 8. flow_FIN_flag_count            - Score: 0.0003
 9. bwd_subflow_pkts               - Score: 0.0002
10. bwd_pkts_tot                   - Score: 0.0002
11. fwd_pkts_payload.avg           - Score: 0.0001
12. fwd_header_size_max            - Score: 0.0001
13. fwd_subflow_pkts               - Score: 0.0001
14. fwd_URG_flag_count             - Score: 0.0001
15. bwd_PSH_flag_count             - Score: 0.0001
16. fwd_pkts_payload.std           - Score: 0.0001
17. bwd_header_size_max            - Score: 0.0001
18. bwd_header_size_min            - Score: 0.0001
19. fwd_pkts_tot                   - Score: 0.0001
20. fwd_subflow_bytes              - Score: 0.0001
21. fwd_init_window_size           - Score: 0.0000
22. fwd_pkts_payload.min           - Score: 0.0000
23. flow_ACK_flag_count            - Score: 0.0000
24. fwd_pkts_payload.max           - Score: 0.0000
25. bwd_pkts_payload.std           - Score: 0.0000
26. flow_CWR_flag_count            - Score: 0.0000
27. flow_ECE_flag_count            - Score: 0.0000
28. bwd_data_pkts_tot              - Score: 0.0000
29. fwd_pkts_payload.tot           - Score: 0.0000
30. flow_pkts_payload.max          - Score: 0.0000
31. flow_pkts_payload.tot          - Score: 0.0000
32. fwd_last_window_size           - Score: 0.0000
33. fwd_header_size_tot            - Score: 0.0000
34. flow_pkts_payload.avg          - Score: 0.0000
35. flow_pkts_payload.std          - Score: 0.0000
36. bwd_header_size_tot            - Score: 0.0000
37. bwd_pkts_payload.avg           - Score: 0.0000
38. flow_pkts_payload.min          - Score: 0.0000
39. fwd_bulk_packets               - Score: 0.0000
40. bwd_pkts_payload.max           - Score: 0.0000
41. bwd_bulk_packets               - Score: 0.0000
42. flow_iat.min                   - Score: 0.0000
43. bwd_pkts_payload.min           - Score: 0.0000
44. flow_iat.avg                   - Score: 0.0000
45. flow_iat.max                   - Score: 0.0000
46. active.min                     - Score: 0.0000
47. active.avg                     - Score: 0.0000
48. active.max                     - Score: 0.0000
49. active.tot                     - Score: 0.0000
50. flow_iat.tot                   - Score: 0.0000
51. Unnamed: 0                     - Score: 0.0000
52. bwd_pkts_per_sec               - Score: 0.0000
53. id.resp_p                      - Score: 0.0000
54. bwd_subflow_bytes              - Score: 0.0000
55. bwd_pkts_payload.tot           - Score: 0.0000
56. fwd_pkts_per_sec               - Score: 0.0000
57. flow_pkts_per_sec              - Score: 0.0000
58. fwd_bulk_rate                  - Score: 0.0000
59. bwd_init_window_size           - Score: 0.0000
60. fwd_bulk_bytes                 - Score: 0.0000
61. id.orig_p                      - Score: 0.0000
62. payload_bytes_per_second       - Score: 0.0000
63. bwd_bulk_bytes                 - Score: 0.0000
64. bwd_iat.min                    - Score: 0.0000
65. bwd_bulk_rate                  - Score: 0.0000
66. fwd_iat.min                    - Score: 0.0000
67. fwd_iat.std                    - Score: 0.0000
68. flow_iat.std                   - Score: 0.0000
69. fwd_iat.avg                    - Score: 0.0000
70. fwd_iat.max                    - Score: 0.0000
71. bwd_iat.std                    - Score: 0.0000
72. fwd_iat.tot                    - Score: 0.0000
73. bwd_iat.avg                    - Score: 0.0000
74. bwd_iat.max                    - Score: 0.0000
75. active.std                     - Score: 0.0000
76. bwd_iat.tot                    - Score: 0.0000
77. idle.std                       - Score: 0.0000
78. idle.min                       - Score: 0.0000
79. idle.avg                       - Score: 0.0000
80. idle.max                       - Score: 0.0000
81. idle.tot                       - Score: 0.0000
82. bwd_URG_flag_count             - Score: 0.0000
================================================================================

Features Ranked by Differentiation Strength:
================================================================================
 1. flow_duration                  - Score: 1.0000
 2. fwd_URG_flag_count             - Score: 0.0080
 3. down_up_ratio                  - Score: 0.0048
 4. flow_FIN_flag_count            - Score: 0.0031
 5. fwd_PSH_flag_count             - Score: 0.0028
 6. flow_RST_flag_count            - Score: 0.0027
 7. flow_SYN_flag_count            - Score: 0.0023
 8. fwd_data_pkts_tot              - Score: 0.0015
 9. bwd_subflow_pkts               - Score: 0.0006
10. fwd_header_size_min            - Score: 0.0005
11. fwd_pkts_payload.avg           - Score: 0.0005
12. fwd_header_size_max            - Score: 0.0005
13. bwd_PSH_flag_count             - Score: 0.0005
14. bwd_pkts_tot                   - Score: 0.0004
15. fwd_subflow_pkts               - Score: 0.0004
16. bwd_data_pkts_tot              - Score: 0.0002
17. fwd_pkts_payload.max           - Score: 0.0002
18. fwd_pkts_tot                   - Score: 0.0002
19. flow_pkts_payload.max          - Score: 0.0002
20. fwd_subflow_bytes              - Score: 0.0002
21. bwd_header_size_max            - Score: 0.0002
22. bwd_header_size_min            - Score: 0.0002
23. fwd_pkts_payload.tot           - Score: 0.0001
24. flow_ACK_flag_count            - Score: 0.0001
25. flow_pkts_payload.tot          - Score: 0.0001
26. fwd_pkts_payload.min           - Score: 0.0001
27. flow_CWR_flag_count            - Score: 0.0001
28. flow_ECE_flag_count            - Score: 0.0001
29. fwd_pkts_payload.std           - Score: 0.0001
30. flow_pkts_payload.avg          - Score: 0.0000
31. bwd_header_size_tot            - Score: 0.0000
32. fwd_last_window_size           - Score: 0.0000
33. fwd_init_window_size           - Score: 0.0000
34. flow_pkts_payload.std          - Score: 0.0000
35. bwd_pkts_payload.avg           - Score: 0.0000
36. bwd_pkts_payload.std           - Score: 0.0000
37. fwd_header_size_tot            - Score: 0.0000
38. flow_pkts_payload.min          - Score: 0.0000
39. fwd_bulk_packets               - Score: 0.0000
40. bwd_pkts_payload.max           - Score: 0.0000
41. bwd_bulk_packets               - Score: 0.0000
42. bwd_pkts_payload.min           - Score: 0.0000
43. flow_iat.min                   - Score: 0.0000
44. bwd_pkts_per_sec               - Score: 0.0000
45. bwd_subflow_bytes              - Score: 0.0000
46. Unnamed: 0                     - Score: 0.0000
47. bwd_iat.min                    - Score: 0.0000
48. flow_iat.avg                   - Score: 0.0000
49. flow_iat.max                   - Score: 0.0000
50. active.min                     - Score: 0.0000
51. active.avg                     - Score: 0.0000
52. active.max                     - Score: 0.0000
53. active.tot                     - Score: 0.0000
54. flow_iat.tot                   - Score: 0.0000
55. id.resp_p                      - Score: 0.0000
56. bwd_pkts_payload.tot           - Score: 0.0000
57. fwd_pkts_per_sec               - Score: 0.0000
58. payload_bytes_per_second       - Score: 0.0000
59. flow_pkts_per_sec              - Score: 0.0000
60. bwd_init_window_size           - Score: 0.0000
61. fwd_bulk_rate                  - Score: 0.0000
62. fwd_iat.min                    - Score: 0.0000
63. fwd_iat.avg                    - Score: 0.0000
64. fwd_iat.max                    - Score: 0.0000
65. fwd_iat.tot                    - Score: 0.0000
66. id.orig_p                      - Score: 0.0000
67. fwd_bulk_bytes                 - Score: 0.0000
68. bwd_bulk_rate                  - Score: 0.0000
69. bwd_bulk_bytes                 - Score: 0.0000
70. fwd_iat.std                    - Score: 0.0000
71. flow_iat.std                   - Score: 0.0000
72. bwd_iat.avg                    - Score: 0.0000
73. bwd_iat.std                    - Score: 0.0000
74. bwd_iat.max                    - Score: 0.0000
75. bwd_iat.tot                    - Score: 0.0000
76. active.std                     - Score: 0.0000
77. idle.std                       - Score: 0.0000
78. idle.min                       - Score: 0.0000
79. idle.avg                       - Score: 0.0000
80. idle.max                       - Score: 0.0000
81. idle.tot                       - Score: 0.0000
82. bwd_URG_flag_count             - Score: 0.0000
================================================================================

Features Ranked by Differentiation Strength:
================================================================================
 1. flow_duration                  - Score: 1.0000
 2. fwd_URG_flag_count             - Score: 0.0055
 3. down_up_ratio                  - Score: 0.0036
 4. flow_SYN_flag_count            - Score: 0.0024
 5. fwd_PSH_flag_count             - Score: 0.0021
 6. flow_FIN_flag_count            - Score: 0.0017
 7. flow_RST_flag_count            - Score: 0.0017
 8. fwd_data_pkts_tot              - Score: 0.0015
 9. fwd_pkts_payload.avg           - Score: 0.0006
10. bwd_subflow_pkts               - Score: 0.0006
11. fwd_header_size_min            - Score: 0.0005
12. fwd_header_size_max            - Score: 0.0005
13. bwd_pkts_tot                   - Score: 0.0004
14. fwd_subflow_pkts               - Score: 0.0002
15. fwd_pkts_payload.max           - Score: 0.0002
16. flow_pkts_payload.max          - Score: 0.0002
17. bwd_PSH_flag_count             - Score: 0.0002
18. fwd_subflow_bytes              - Score: 0.0002
19. bwd_header_size_max            - Score: 0.0002
20. fwd_pkts_payload.tot           - Score: 0.0002
21. bwd_header_size_min            - Score: 0.0002
22. flow_pkts_payload.tot          - Score: 0.0002
23. bwd_data_pkts_tot              - Score: 0.0001
24. fwd_pkts_tot                   - Score: 0.0001
25. flow_ACK_flag_count            - Score: 0.0001
26. flow_CWR_flag_count            - Score: 0.0001
27. flow_ECE_flag_count            - Score: 0.0001
28. fwd_pkts_payload.min           - Score: 0.0001
29. fwd_pkts_payload.std           - Score: 0.0001
30. bwd_header_size_tot            - Score: 0.0000
31. flow_pkts_payload.avg          - Score: 0.0000
32. fwd_last_window_size           - Score: 0.0000
33. fwd_init_window_size           - Score: 0.0000
34. flow_pkts_payload.std          - Score: 0.0000
35. bwd_pkts_payload.std           - Score: 0.0000
36. bwd_pkts_payload.avg           - Score: 0.0000
37. fwd_header_size_tot            - Score: 0.0000
38. flow_pkts_payload.min          - Score: 0.0000
39. bwd_bulk_packets               - Score: 0.0000
40. fwd_bulk_packets               - Score: 0.0000
41. bwd_pkts_payload.min           - Score: 0.0000
42. bwd_pkts_payload.max           - Score: 0.0000
43. flow_iat.min                   - Score: 0.0000
44. bwd_pkts_per_sec               - Score: 0.0000
45. Unnamed: 0                     - Score: 0.0000
46. bwd_subflow_bytes              - Score: 0.0000
47. flow_iat.avg                   - Score: 0.0000
48. flow_iat.max                   - Score: 0.0000
49. active.min                     - Score: 0.0000
50. active.avg                     - Score: 0.0000
51. active.max                     - Score: 0.0000
52. active.tot                     - Score: 0.0000
53. flow_iat.tot                   - Score: 0.0000
54. id.resp_p                      - Score: 0.0000
55. bwd_pkts_payload.tot           - Score: 0.0000
56. fwd_pkts_per_sec               - Score: 0.0000
57. flow_pkts_per_sec              - Score: 0.0000
58. fwd_bulk_rate                  - Score: 0.0000
59. bwd_init_window_size           - Score: 0.0000
60. id.orig_p                      - Score: 0.0000
61. fwd_bulk_bytes                 - Score: 0.0000
62. bwd_iat.min                    - Score: 0.0000
63. fwd_iat.min                    - Score: 0.0000
64. bwd_bulk_bytes                 - Score: 0.0000
65. payload_bytes_per_second       - Score: 0.0000
66. bwd_bulk_rate                  - Score: 0.0000
67. flow_iat.std                   - Score: 0.0000
68. fwd_iat.avg                    - Score: 0.0000
69. fwd_iat.std                    - Score: 0.0000
70. fwd_iat.max                    - Score: 0.0000
71. fwd_iat.tot                    - Score: 0.0000
72. bwd_iat.std                    - Score: 0.0000
73. bwd_iat.avg                    - Score: 0.0000
74. bwd_iat.max                    - Score: 0.0000
75. active.std                     - Score: 0.0000
76. bwd_iat.tot                    - Score: 0.0000
77. idle.std                       - Score: 0.0000
78. idle.min                       - Score: 0.0000
79. idle.avg                       - Score: 0.0000
80. idle.max                       - Score: 0.0000
81. idle.tot                       - Score: 0.0000
82. bwd_URG_flag_count             - Score: 0.0000
================================================================================

Features Ranked by Differentiation Strength:
================================================================================
 1. flow_duration                  - Score: 1.0000
 2. fwd_URG_flag_count             - Score: 0.0057
 3. down_up_ratio                  - Score: 0.0042
 4. flow_SYN_flag_count            - Score: 0.0021
 5. fwd_PSH_flag_count             - Score: 0.0021
 6. flow_RST_flag_count            - Score: 0.0018
 7. flow_FIN_flag_count            - Score: 0.0018
 8. fwd_data_pkts_tot              - Score: 0.0015
 9. fwd_pkts_payload.avg           - Score: 0.0006
10. bwd_subflow_pkts               - Score: 0.0005
11. fwd_header_size_min            - Score: 0.0005
12. fwd_header_size_max            - Score: 0.0005
13. bwd_pkts_tot                   - Score: 0.0004
14. fwd_subflow_pkts               - Score: 0.0003
15. fwd_pkts_payload.max           - Score: 0.0002
16. bwd_PSH_flag_count             - Score: 0.0002
17. flow_pkts_payload.max          - Score: 0.0002
18. fwd_subflow_bytes              - Score: 0.0002
19. fwd_pkts_payload.tot           - Score: 0.0002
20. flow_pkts_payload.tot          - Score: 0.0002
21. bwd_header_size_max            - Score: 0.0002
22. bwd_header_size_min            - Score: 0.0002
23. fwd_pkts_tot                   - Score: 0.0001
24. bwd_data_pkts_tot              - Score: 0.0001
25. flow_CWR_flag_count            - Score: 0.0001
26. flow_ACK_flag_count            - Score: 0.0001
27. flow_ECE_flag_count            - Score: 0.0001
28. fwd_pkts_payload.min           - Score: 0.0001
29. fwd_pkts_payload.std           - Score: 0.0001
30. flow_pkts_payload.avg          - Score: 0.0000
31. bwd_header_size_tot            - Score: 0.0000
32. fwd_last_window_size           - Score: 0.0000
33. flow_pkts_payload.std          - Score: 0.0000
34. fwd_init_window_size           - Score: 0.0000
35. bwd_pkts_payload.std           - Score: 0.0000
36. bwd_pkts_payload.avg           - Score: 0.0000
37. fwd_header_size_tot            - Score: 0.0000
38. flow_pkts_payload.min          - Score: 0.0000
39. fwd_bulk_packets               - Score: 0.0000
40. bwd_pkts_payload.max           - Score: 0.0000
41. bwd_pkts_payload.min           - Score: 0.0000
42. bwd_bulk_packets               - Score: 0.0000
43. flow_iat.min                   - Score: 0.0000
44. bwd_pkts_per_sec               - Score: 0.0000
45. Unnamed: 0                     - Score: 0.0000
46. bwd_subflow_bytes              - Score: 0.0000
47. flow_iat.avg                   - Score: 0.0000
48. flow_iat.max                   - Score: 0.0000
49. active.min                     - Score: 0.0000
50. active.avg                     - Score: 0.0000
51. active.max                     - Score: 0.0000
52. active.tot                     - Score: 0.0000
53. flow_iat.tot                   - Score: 0.0000
54. id.resp_p                      - Score: 0.0000
55. fwd_pkts_per_sec               - Score: 0.0000
56. bwd_pkts_payload.tot           - Score: 0.0000
57. flow_pkts_per_sec              - Score: 0.0000
58. fwd_bulk_rate                  - Score: 0.0000
59. bwd_init_window_size           - Score: 0.0000
60. fwd_bulk_bytes                 - Score: 0.0000
61. id.orig_p                      - Score: 0.0000
62. bwd_iat.min                    - Score: 0.0000
63. fwd_iat.min                    - Score: 0.0000
64. payload_bytes_per_second       - Score: 0.0000
65. bwd_bulk_rate                  - Score: 0.0000
66. bwd_bulk_bytes                 - Score: 0.0000
67. flow_iat.std                   - Score: 0.0000
68. fwd_iat.avg                    - Score: 0.0000
69. fwd_iat.std                    - Score: 0.0000
70. fwd_iat.max                    - Score: 0.0000
71. fwd_iat.tot                    - Score: 0.0000
72. bwd_iat.std                    - Score: 0.0000
73. bwd_iat.avg                    - Score: 0.0000
74. bwd_iat.max                    - Score: 0.0000
75. active.std                     - Score: 0.0000
76. bwd_iat.tot                    - Score: 0.0000
77. idle.std                       - Score: 0.0000
78. idle.min                       - Score: 0.0000
79. idle.avg                       - Score: 0.0000
80. idle.max                       - Score: 0.0000
81. idle.tot                       - Score: 0.0000
82. bwd_URG_flag_count             - Score: 0.0000
================================================================================

Features Ranked by Differentiation Strength:
================================================================================
 1. flow_duration                  - Score: 1.0000
 2. fwd_URG_flag_count             - Score: 0.0057
 3. down_up_ratio                  - Score: 0.0050
 4. flow_RST_flag_count            - Score: 0.0026
 5. flow_SYN_flag_count            - Score: 0.0022
 6. fwd_PSH_flag_count             - Score: 0.0021
 7. flow_FIN_flag_count            - Score: 0.0018
 8. fwd_data_pkts_tot              - Score: 0.0015
 9. bwd_subflow_pkts               - Score: 0.0007
10. bwd_PSH_flag_count             - Score: 0.0005
11. fwd_pkts_payload.avg           - Score: 0.0005
12. fwd_header_size_max            - Score: 0.0004
13. fwd_header_size_min            - Score: 0.0004
14. bwd_pkts_tot                   - Score: 0.0004
15. fwd_subflow_pkts               - Score: 0.0004
16. bwd_data_pkts_tot              - Score: 0.0002
17. fwd_pkts_tot                   - Score: 0.0002
18. fwd_pkts_payload.max           - Score: 0.0002
19. flow_pkts_payload.max          - Score: 0.0002
20. bwd_header_size_min            - Score: 0.0002
21. fwd_subflow_bytes              - Score: 0.0002
22. bwd_header_size_max            - Score: 0.0001
23. fwd_pkts_payload.tot           - Score: 0.0001
24. flow_ACK_flag_count            - Score: 0.0001
25. flow_pkts_payload.tot          - Score: 0.0001
26. fwd_pkts_payload.min           - Score: 0.0001
27. flow_ECE_flag_count            - Score: 0.0001
28. flow_CWR_flag_count            - Score: 0.0001
29. fwd_pkts_payload.std           - Score: 0.0001
30. flow_pkts_payload.avg          - Score: 0.0000
31. bwd_header_size_tot            - Score: 0.0000
32. fwd_last_window_size           - Score: 0.0000
33. flow_pkts_payload.std          - Score: 0.0000
34. fwd_init_window_size           - Score: 0.0000
35. bwd_pkts_payload.std           - Score: 0.0000
36. bwd_pkts_payload.avg           - Score: 0.0000
37. fwd_header_size_tot            - Score: 0.0000
38. flow_pkts_payload.min          - Score: 0.0000
39. bwd_pkts_per_sec               - Score: 0.0000
40. bwd_pkts_payload.max           - Score: 0.0000
41. bwd_pkts_payload.min           - Score: 0.0000
42. bwd_bulk_packets               - Score: 0.0000
43. fwd_pkts_per_sec               - Score: 0.0000
44. flow_iat.min                   - Score: 0.0000
45. fwd_bulk_packets               - Score: 0.0000
46. bwd_subflow_bytes              - Score: 0.0000
47. Unnamed: 0                     - Score: 0.0000
48. flow_pkts_per_sec              - Score: 0.0000
49. flow_iat.avg                   - Score: 0.0000
50. flow_iat.max                   - Score: 0.0000
51. active.min                     - Score: 0.0000
52. active.avg                     - Score: 0.0000
53. active.max                     - Score: 0.0000
54. active.tot                     - Score: 0.0000
55. flow_iat.tot                   - Score: 0.0000
56. id.resp_p                      - Score: 0.0000
57. bwd_pkts_payload.tot           - Score: 0.0000
58. payload_bytes_per_second       - Score: 0.0000
59. fwd_bulk_rate                  - Score: 0.0000
60. bwd_init_window_size           - Score: 0.0000
61. id.orig_p                      - Score: 0.0000
62. bwd_iat.min                    - Score: 0.0000
63. fwd_iat.min                    - Score: 0.0000
64. fwd_bulk_bytes                 - Score: 0.0000
65. bwd_bulk_rate                  - Score: 0.0000
66. bwd_bulk_bytes                 - Score: 0.0000
67. flow_iat.std                   - Score: 0.0000
68. fwd_iat.avg                    - Score: 0.0000
69. fwd_iat.std                    - Score: 0.0000
70. bwd_iat.avg                    - Score: 0.0000
71. fwd_iat.max                    - Score: 0.0000
72. fwd_iat.tot                    - Score: 0.0000
73. bwd_iat.std                    - Score: 0.0000
74. bwd_iat.max                    - Score: 0.0000
75. bwd_iat.tot                    - Score: 0.0000
76. active.std                     - Score: 0.0000
77. idle.std                       - Score: 0.0000
78. idle.min                       - Score: 0.0000
79. idle.avg                       - Score: 0.0000
80. idle.max                       - Score: 0.0000
81. idle.tot                       - Score: 0.0000
82. bwd_URG_flag_count             - Score: 0.0000
================================================================================

Features Ranked by Differentiation Strength:
================================================================================
 1. flow_duration                  - Score: 1.0000
 2. fwd_URG_flag_count             - Score: 0.0079
 3. down_up_ratio                  - Score: 0.0037
 4. flow_FIN_flag_count            - Score: 0.0030
 5. fwd_PSH_flag_count             - Score: 0.0029
 6. flow_SYN_flag_count            - Score: 0.0023
 7. fwd_data_pkts_tot              - Score: 0.0020
 8. flow_RST_flag_count            - Score: 0.0017
 9. bwd_subflow_pkts               - Score: 0.0006
10. fwd_pkts_payload.avg           - Score: 0.0006
11. fwd_header_size_min            - Score: 0.0005
12. fwd_header_size_max            - Score: 0.0005
13. bwd_pkts_tot                   - Score: 0.0004
14. fwd_subflow_pkts               - Score: 0.0002
15. fwd_pkts_payload.max           - Score: 0.0002
16. flow_pkts_payload.max          - Score: 0.0002
17. fwd_subflow_bytes              - Score: 0.0002
18. bwd_PSH_flag_count             - Score: 0.0002
19. fwd_pkts_payload.tot           - Score: 0.0002
20. bwd_header_size_min            - Score: 0.0002
21. flow_pkts_payload.tot          - Score: 0.0002
22. bwd_header_size_max            - Score: 0.0001
23. fwd_pkts_tot                   - Score: 0.0001
24. bwd_data_pkts_tot              - Score: 0.0001
25. flow_ACK_flag_count            - Score: 0.0001
26. fwd_pkts_payload.min           - Score: 0.0001
27. flow_CWR_flag_count            - Score: 0.0001
28. flow_ECE_flag_count            - Score: 0.0001
29. fwd_pkts_payload.std           - Score: 0.0001
30. bwd_header_size_tot            - Score: 0.0000
31. flow_pkts_payload.avg          - Score: 0.0000
32. fwd_last_window_size           - Score: 0.0000
33. fwd_init_window_size           - Score: 0.0000
34. flow_pkts_payload.std          - Score: 0.0000
35. bwd_pkts_payload.std           - Score: 0.0000
36. fwd_header_size_tot            - Score: 0.0000
37. bwd_pkts_payload.avg           - Score: 0.0000
38. flow_pkts_payload.min          - Score: 0.0000
39. fwd_bulk_packets               - Score: 0.0000
40. bwd_pkts_payload.min           - Score: 0.0000
41. bwd_pkts_payload.max           - Score: 0.0000
42. bwd_bulk_packets               - Score: 0.0000
43. flow_iat.min                   - Score: 0.0000
44. bwd_pkts_per_sec               - Score: 0.0000
45. Unnamed: 0                     - Score: 0.0000
46. bwd_subflow_bytes              - Score: 0.0000
47. flow_iat.avg                   - Score: 0.0000
48. flow_iat.max                   - Score: 0.0000
49. active.min                     - Score: 0.0000
50. active.avg                     - Score: 0.0000
51. active.max                     - Score: 0.0000
52. active.tot                     - Score: 0.0000
53. flow_iat.tot                   - Score: 0.0000
54. id.resp_p                      - Score: 0.0000
55. bwd_pkts_payload.tot           - Score: 0.0000
56. fwd_pkts_per_sec               - Score: 0.0000
57. flow_pkts_per_sec              - Score: 0.0000
58. bwd_iat.min                    - Score: 0.0000
59. fwd_bulk_rate                  - Score: 0.0000
60. bwd_init_window_size           - Score: 0.0000
61. id.orig_p                      - Score: 0.0000
62. fwd_bulk_bytes                 - Score: 0.0000
63. payload_bytes_per_second       - Score: 0.0000
64. bwd_bulk_rate                  - Score: 0.0000
65. bwd_bulk_bytes                 - Score: 0.0000
66. fwd_iat.min                    - Score: 0.0000
67. fwd_iat.std                    - Score: 0.0000
68. flow_iat.std                   - Score: 0.0000
69. fwd_iat.avg                    - Score: 0.0000
70. fwd_iat.max                    - Score: 0.0000
71. fwd_iat.tot                    - Score: 0.0000
72. bwd_iat.std                    - Score: 0.0000
73. bwd_iat.avg                    - Score: 0.0000
74. bwd_iat.max                    - Score: 0.0000
75. active.std                     - Score: 0.0000
76. bwd_iat.tot                    - Score: 0.0000
77. idle.std                       - Score: 0.0000
78. idle.min                       - Score: 0.0000
79. idle.avg                       - Score: 0.0000
80. idle.max                       - Score: 0.0000
81. idle.tot                       - Score: 0.0000
82. bwd_URG_flag_count             - Score: 0.0000
================================================================================

Features Ranked by Differentiation Strength:
================================================================================
 1. flow_duration                  - Score: 1.0000
 2. fwd_URG_flag_count             - Score: 0.0082
 3. down_up_ratio                  - Score: 0.0042
 4. flow_FIN_flag_count            - Score: 0.0031
 5. fwd_PSH_flag_count             - Score: 0.0030
 6. flow_RST_flag_count            - Score: 0.0027
 7. flow_SYN_flag_count            - Score: 0.0024
 8. fwd_data_pkts_tot              - Score: 0.0016
 9. bwd_subflow_pkts               - Score: 0.0006
10. fwd_pkts_payload.avg           - Score: 0.0005
11. fwd_header_size_min            - Score: 0.0004
12. fwd_header_size_max            - Score: 0.0004
13. bwd_pkts_tot                   - Score: 0.0004
14. fwd_subflow_pkts               - Score: 0.0003
15. bwd_PSH_flag_count             - Score: 0.0002
16. fwd_pkts_payload.max           - Score: 0.0002
17. flow_pkts_payload.max          - Score: 0.0002
18. bwd_data_pkts_tot              - Score: 0.0002
19. bwd_header_size_min            - Score: 0.0002
20. fwd_subflow_bytes              - Score: 0.0002
21. bwd_header_size_max            - Score: 0.0001
22. fwd_pkts_payload.tot           - Score: 0.0001
23. fwd_pkts_tot                   - Score: 0.0001
24. flow_pkts_payload.tot          - Score: 0.0001
25. flow_ACK_flag_count            - Score: 0.0001
26. flow_ECE_flag_count            - Score: 0.0001
27. flow_CWR_flag_count            - Score: 0.0001
28. fwd_pkts_payload.min           - Score: 0.0001
29. fwd_pkts_payload.std           - Score: 0.0001
30. bwd_header_size_tot            - Score: 0.0000
31. flow_pkts_payload.avg          - Score: 0.0000
32. fwd_last_window_size           - Score: 0.0000
33. fwd_init_window_size           - Score: 0.0000
34. flow_pkts_payload.std          - Score: 0.0000
35. bwd_pkts_payload.std           - Score: 0.0000
36. bwd_pkts_payload.avg           - Score: 0.0000
37. fwd_header_size_tot            - Score: 0.0000
38. flow_pkts_payload.min          - Score: 0.0000
39. fwd_bulk_packets               - Score: 0.0000
40. bwd_bulk_packets               - Score: 0.0000
41. bwd_pkts_payload.max           - Score: 0.0000
42. bwd_pkts_payload.min           - Score: 0.0000
43. flow_iat.min                   - Score: 0.0000
44. bwd_pkts_per_sec               - Score: 0.0000
45. Unnamed: 0                     - Score: 0.0000
46. bwd_subflow_bytes              - Score: 0.0000
47. flow_iat.avg                   - Score: 0.0000
48. flow_iat.max                   - Score: 0.0000
49. active.min                     - Score: 0.0000
50. active.avg                     - Score: 0.0000
51. active.max                     - Score: 0.0000
52. active.tot                     - Score: 0.0000
53. flow_iat.tot                   - Score: 0.0000
54. id.resp_p                      - Score: 0.0000
55. bwd_pkts_payload.tot           - Score: 0.0000
56. fwd_pkts_per_sec               - Score: 0.0000
57. fwd_iat.min                    - Score: 0.0000
58. flow_pkts_per_sec              - Score: 0.0000
59. bwd_iat.min                    - Score: 0.0000
60. fwd_bulk_rate                  - Score: 0.0000
61. bwd_init_window_size           - Score: 0.0000
62. fwd_iat.avg                    - Score: 0.0000
63. fwd_iat.max                    - Score: 0.0000
64. fwd_iat.tot                    - Score: 0.0000
65. id.orig_p                      - Score: 0.0000
66. fwd_bulk_bytes                 - Score: 0.0000
67. payload_bytes_per_second       - Score: 0.0000
68. bwd_bulk_bytes                 - Score: 0.0000
69. bwd_bulk_rate                  - Score: 0.0000
70. fwd_iat.std                    - Score: 0.0000
71. flow_iat.std                   - Score: 0.0000
72. bwd_iat.avg                    - Score: 0.0000
73. bwd_iat.std                    - Score: 0.0000
74. bwd_iat.max                    - Score: 0.0000
75. bwd_iat.tot                    - Score: 0.0000
76. active.std                     - Score: 0.0000
77. idle.std                       - Score: 0.0000
78. idle.min                       - Score: 0.0000
79. idle.avg                       - Score: 0.0000
80. idle.max                       - Score: 0.0000
81. idle.tot                       - Score: 0.0000
82. bwd_URG_flag_count             - Score: 0.0000
================================================================================

Features Ranked by Differentiation Strength:
================================================================================
 1. flow_duration                  - Score: 1.0000
 2. fwd_URG_flag_count             - Score: 0.0081
 3. down_up_ratio                  - Score: 0.0052
 4. flow_FIN_flag_count            - Score: 0.0030
 5. fwd_PSH_flag_count             - Score: 0.0027
 6. flow_SYN_flag_count            - Score: 0.0019
 7. flow_RST_flag_count            - Score: 0.0018
 8. fwd_data_pkts_tot              - Score: 0.0014
 9. bwd_subflow_pkts               - Score: 0.0010
10. fwd_pkts_payload.avg           - Score: 0.0006
11. fwd_subflow_pkts               - Score: 0.0006
12. bwd_pkts_tot                   - Score: 0.0006
13. fwd_header_size_max            - Score: 0.0005
14. bwd_data_pkts_tot              - Score: 0.0005
15. bwd_PSH_flag_count             - Score: 0.0005
16. fwd_header_size_min            - Score: 0.0004
17. fwd_pkts_tot                   - Score: 0.0004
18. fwd_pkts_payload.max           - Score: 0.0003
19. flow_pkts_payload.max          - Score: 0.0003
20. bwd_pkts_payload.avg           - Score: 0.0003
21. flow_ACK_flag_count            - Score: 0.0002
22. fwd_subflow_bytes              - Score: 0.0002
23. fwd_pkts_payload.tot           - Score: 0.0002
24. flow_pkts_payload.avg          - Score: 0.0002
25. flow_pkts_payload.tot          - Score: 0.0002
26. bwd_pkts_payload.std           - Score: 0.0002
27. fwd_pkts_payload.std           - Score: 0.0002
28. bwd_header_size_max            - Score: 0.0002
29. bwd_header_size_min            - Score: 0.0001
30. flow_pkts_payload.std          - Score: 0.0001
31. fwd_pkts_payload.min           - Score: 0.0001
32. flow_CWR_flag_count            - Score: 0.0001
33. bwd_subflow_bytes              - Score: 0.0001
34. flow_ECE_flag_count            - Score: 0.0001
35. bwd_pkts_payload.tot           - Score: 0.0001
36. bwd_pkts_payload.max           - Score: 0.0000
37. bwd_header_size_tot            - Score: 0.0000
38. fwd_last_window_size           - Score: 0.0000
39. fwd_init_window_size           - Score: 0.0000
40. fwd_header_size_tot            - Score: 0.0000
41. flow_pkts_payload.min          - Score: 0.0000
42. bwd_bulk_packets               - Score: 0.0000
43. payload_bytes_per_second       - Score: 0.0000
44. fwd_bulk_packets               - Score: 0.0000
45. bwd_pkts_payload.min           - Score: 0.0000
46. flow_iat.min                   - Score: 0.0000
47. bwd_pkts_per_sec               - Score: 0.0000
48. Unnamed: 0                     - Score: 0.0000
49. id.resp_p                      - Score: 0.0000
50. flow_iat.avg                   - Score: 0.0000
51. flow_iat.max                   - Score: 0.0000
52. active.min                     - Score: 0.0000
53. active.avg                     - Score: 0.0000
54. active.max                     - Score: 0.0000
55. active.tot                     - Score: 0.0000
56. flow_iat.tot                   - Score: 0.0000
57. fwd_pkts_per_sec               - Score: 0.0000
58. flow_pkts_per_sec              - Score: 0.0000
59. fwd_bulk_rate                  - Score: 0.0000
60. bwd_init_window_size           - Score: 0.0000
61. fwd_iat.min                    - Score: 0.0000
62. fwd_iat.avg                    - Score: 0.0000
63. fwd_iat.max                    - Score: 0.0000
64. fwd_iat.tot                    - Score: 0.0000
65. id.orig_p                      - Score: 0.0000
66. fwd_bulk_bytes                 - Score: 0.0000
67. bwd_bulk_bytes                 - Score: 0.0000
68. bwd_iat.min                    - Score: 0.0000
69. bwd_bulk_rate                  - Score: 0.0000
70. fwd_iat.std                    - Score: 0.0000
71. flow_iat.std                   - Score: 0.0000
72. bwd_iat.std                    - Score: 0.0000
73. bwd_iat.avg                    - Score: 0.0000
74. bwd_iat.max                    - Score: 0.0000
75. bwd_iat.tot                    - Score: 0.0000
76. active.std                     - Score: 0.0000
77. idle.std                       - Score: 0.0000
78. idle.min                       - Score: 0.0000
79. idle.avg                       - Score: 0.0000
80. idle.max                       - Score: 0.0000
81. idle.tot                       - Score: 0.0000
82. bwd_URG_flag_count             - Score: 0.0000
================================================================================

Features Ranked by Differentiation Strength:
================================================================================
 1. flow_duration                  - Score: 1.0000
 2. fwd_URG_flag_count             - Score: 0.0065
 3. down_up_ratio                  - Score: 0.0039
 4. flow_RST_flag_count            - Score: 0.0027
 5. flow_SYN_flag_count            - Score: 0.0022
 6. fwd_PSH_flag_count             - Score: 0.0022
 7. flow_FIN_flag_count            - Score: 0.0020
 8. fwd_data_pkts_tot              - Score: 0.0015
 9. bwd_subflow_pkts               - Score: 0.0005
10. fwd_pkts_payload.avg           - Score: 0.0005
11. fwd_header_size_min            - Score: 0.0004
12. fwd_header_size_max            - Score: 0.0004
13. bwd_pkts_tot                   - Score: 0.0003
14. fwd_subflow_pkts               - Score: 0.0002
15. fwd_pkts_payload.max           - Score: 0.0002
16. bwd_PSH_flag_count             - Score: 0.0002
17. flow_pkts_payload.max          - Score: 0.0002
18. fwd_subflow_bytes              - Score: 0.0002
19. bwd_header_size_max            - Score: 0.0002
20. bwd_header_size_min            - Score: 0.0002
21. fwd_pkts_payload.tot           - Score: 0.0001
22. fwd_pkts_tot                   - Score: 0.0001
23. flow_pkts_payload.tot          - Score: 0.0001
24. fwd_pkts_payload.min           - Score: 0.0001
25. flow_CWR_flag_count            - Score: 0.0001
26. flow_ECE_flag_count            - Score: 0.0001
27. bwd_data_pkts_tot              - Score: 0.0001
28. flow_ACK_flag_count            - Score: 0.0001
29. fwd_pkts_payload.std           - Score: 0.0001
30. flow_pkts_payload.avg          - Score: 0.0000
31. bwd_header_size_tot            - Score: 0.0000
32. fwd_last_window_size           - Score: 0.0000
33. flow_pkts_payload.std          - Score: 0.0000
34. fwd_init_window_size           - Score: 0.0000
35. bwd_pkts_payload.std           - Score: 0.0000
36. bwd_pkts_payload.avg           - Score: 0.0000
37. fwd_header_size_tot            - Score: 0.0000
38. flow_pkts_payload.min          - Score: 0.0000
39. fwd_bulk_packets               - Score: 0.0000
40. bwd_pkts_payload.max           - Score: 0.0000
41. bwd_pkts_payload.min           - Score: 0.0000
42. bwd_bulk_packets               - Score: 0.0000
43. flow_iat.min                   - Score: 0.0000
44. bwd_iat.min                    - Score: 0.0000
45. bwd_pkts_per_sec               - Score: 0.0000
46. Unnamed: 0                     - Score: 0.0000
47. bwd_subflow_bytes              - Score: 0.0000
48. flow_iat.avg                   - Score: 0.0000
49. flow_iat.max                   - Score: 0.0000
50. active.min                     - Score: 0.0000
51. active.avg                     - Score: 0.0000
52. active.max                     - Score: 0.0000
53. active.tot                     - Score: 0.0000
54. flow_iat.tot                   - Score: 0.0000
55. id.resp_p                      - Score: 0.0000
56. bwd_pkts_payload.tot           - Score: 0.0000
57. fwd_pkts_per_sec               - Score: 0.0000
58. flow_pkts_per_sec              - Score: 0.0000
59. fwd_iat.min                    - Score: 0.0000
60. bwd_init_window_size           - Score: 0.0000
61. fwd_bulk_rate                  - Score: 0.0000
62. id.orig_p                      - Score: 0.0000
63. fwd_bulk_bytes                 - Score: 0.0000
64. payload_bytes_per_second       - Score: 0.0000
65. bwd_bulk_rate                  - Score: 0.0000
66. bwd_bulk_bytes                 - Score: 0.0000
67. fwd_iat.avg                    - Score: 0.0000
68. flow_iat.std                   - Score: 0.0000
69. fwd_iat.std                    - Score: 0.0000
70. bwd_iat.avg                    - Score: 0.0000
71. fwd_iat.max                    - Score: 0.0000
72. fwd_iat.tot                    - Score: 0.0000
73. bwd_iat.std                    - Score: 0.0000
74. bwd_iat.max                    - Score: 0.0000
75. bwd_iat.tot                    - Score: 0.0000
76. active.std                     - Score: 0.0000
77. idle.std                       - Score: 0.0000
78. idle.min                       - Score: 0.0000
79. idle.avg                       - Score: 0.0000
80. idle.max                       - Score: 0.0000
81. idle.tot                       - Score: 0.0000
82. bwd_URG_flag_count             - Score: 0.0000
================================================================================

Features Ranked by Differentiation Strength:
================================================================================
 1. flow_duration                  - Score: 1.0000
 2. fwd_URG_flag_count             - Score: 0.0079
 3. down_up_ratio                  - Score: 0.0037
 4. flow_FIN_flag_count            - Score: 0.0031
 5. flow_RST_flag_count            - Score: 0.0029
 6. fwd_PSH_flag_count             - Score: 0.0028
 7. flow_SYN_flag_count            - Score: 0.0025
 8. fwd_data_pkts_tot              - Score: 0.0015
 9. bwd_subflow_pkts               - Score: 0.0008
10. fwd_pkts_payload.avg           - Score: 0.0006
11. bwd_pkts_tot                   - Score: 0.0006
12. fwd_header_size_max            - Score: 0.0005
13. fwd_header_size_min            - Score: 0.0004
14. fwd_pkts_payload.max           - Score: 0.0003
15. fwd_subflow_pkts               - Score: 0.0002
16. fwd_subflow_bytes              - Score: 0.0002
17. flow_pkts_payload.max          - Score: 0.0002
18. bwd_header_size_min            - Score: 0.0002
19. fwd_pkts_payload.std           - Score: 0.0002
20. bwd_header_size_max            - Score: 0.0002
21. fwd_pkts_payload.tot           - Score: 0.0002
22. bwd_PSH_flag_count             - Score: 0.0002
23. flow_pkts_payload.tot          - Score: 0.0002
24. fwd_pkts_tot                   - Score: 0.0001
25. flow_ACK_flag_count            - Score: 0.0001
26. bwd_pkts_payload.std           - Score: 0.0001
27. bwd_header_size_tot            - Score: 0.0001
28. fwd_pkts_payload.min           - Score: 0.0001
29. flow_CWR_flag_count            - Score: 0.0001
30. flow_ECE_flag_count            - Score: 0.0001
31. bwd_data_pkts_tot              - Score: 0.0001
32. flow_pkts_payload.avg          - Score: 0.0000
33. flow_pkts_payload.std          - Score: 0.0000
34. fwd_last_window_size           - Score: 0.0000
35. fwd_init_window_size           - Score: 0.0000
36. bwd_pkts_payload.avg           - Score: 0.0000
37. fwd_header_size_tot            - Score: 0.0000
38. flow_pkts_payload.min          - Score: 0.0000
39. fwd_bulk_packets               - Score: 0.0000
40. bwd_pkts_payload.max           - Score: 0.0000
41. bwd_pkts_payload.min           - Score: 0.0000
42. bwd_bulk_packets               - Score: 0.0000
43. flow_iat.min                   - Score: 0.0000
44. bwd_pkts_per_sec               - Score: 0.0000
45. Unnamed: 0                     - Score: 0.0000
46. bwd_iat.min                    - Score: 0.0000
47. flow_iat.avg                   - Score: 0.0000
48. flow_iat.max                   - Score: 0.0000
49. active.min                     - Score: 0.0000
50. active.avg                     - Score: 0.0000
51. active.max                     - Score: 0.0000
52. active.tot                     - Score: 0.0000
53. flow_iat.tot                   - Score: 0.0000
54. id.resp_p                      - Score: 0.0000
55. bwd_subflow_bytes              - Score: 0.0000
56. fwd_pkts_per_sec               - Score: 0.0000
57. bwd_pkts_payload.tot           - Score: 0.0000
58. flow_pkts_per_sec              - Score: 0.0000
59. fwd_bulk_rate                  - Score: 0.0000
60. bwd_init_window_size           - Score: 0.0000
61. fwd_iat.min                    - Score: 0.0000
62. fwd_iat.avg                    - Score: 0.0000
63. fwd_iat.max                    - Score: 0.0000
64. fwd_iat.tot                    - Score: 0.0000
65. fwd_bulk_bytes                 - Score: 0.0000
66. id.orig_p                      - Score: 0.0000
67. payload_bytes_per_second       - Score: 0.0000
68. bwd_bulk_rate                  - Score: 0.0000
69. bwd_bulk_bytes                 - Score: 0.0000
70. fwd_iat.std                    - Score: 0.0000
71. flow_iat.std                   - Score: 0.0000
72. bwd_iat.avg                    - Score: 0.0000
73. bwd_iat.std                    - Score: 0.0000
74. bwd_iat.max                    - Score: 0.0000
75. bwd_iat.tot                    - Score: 0.0000
76. active.std                     - Score: 0.0000
77. idle.std                       - Score: 0.0000
78. idle.min                       - Score: 0.0000
79. idle.avg                       - Score: 0.0000
80. idle.max                       - Score: 0.0000
81. idle.tot                       - Score: 0.0000
82. bwd_URG_flag_count             - Score: 0.0000
================================================================================
  done: held-out class NMAP_FIN_SCAN

Features Ranked by Differentiation Strength:
================================================================================
 1. flow_duration                  - Score: 1.0000
 2. fwd_URG_flag_count             - Score: 0.8121
 3. flow_RST_flag_count            - Score: 0.4715
 4. down_up_ratio                  - Score: 0.4304
 5. flow_SYN_flag_count            - Score: 0.2021
 6. flow_FIN_flag_count            - Score: 0.1985
 7. fwd_PSH_flag_count             - Score: 0.1958
 8. fwd_data_pkts_tot              - Score: 0.1571
 9. fwd_pkts_payload.avg           - Score: 0.0555
10. bwd_subflow_pkts               - Score: 0.0543
11. bwd_pkts_tot                   - Score: 0.0361
12. fwd_header_size_min            - Score: 0.0357
13. fwd_header_size_max            - Score: 0.0311
14. fwd_subflow_pkts               - Score: 0.0264
15. bwd_PSH_flag_count             - Score: 0.0250
16. fwd_pkts_payload.max           - Score: 0.0211
17. fwd_subflow_bytes              - Score: 0.0185
18. flow_pkts_payload.max          - Score: 0.0173
19. bwd_data_pkts_tot              - Score: 0.0160
20. bwd_header_size_max            - Score: 0.0154
21. fwd_pkts_payload.tot           - Score: 0.0150
22. bwd_header_size_min            - Score: 0.0149
23. fwd_pkts_tot                   - Score: 0.0143
24. fwd_pkts_payload.std           - Score: 0.0142
25. flow_pkts_payload.tot          - Score: 0.0120
26. flow_ACK_flag_count            - Score: 0.0117
27. flow_CWR_flag_count            - Score: 0.0113
28. flow_ECE_flag_count            - Score: 0.0113
29. fwd_pkts_payload.min           - Score: 0.0099
30. bwd_pkts_payload.std           - Score: 0.0087
31. flow_pkts_payload.avg          - Score: 0.0033
32. flow_pkts_payload.std          - Score: 0.0031
33. bwd_header_size_tot            - Score: 0.0023
34. bwd_pkts_payload.avg           - Score: 0.0020
35. flow_pkts_payload.min          - Score: 0.0011
36. fwd_header_size_tot            - Score: 0.0010
37. fwd_bulk_packets               - Score: 0.0008
38. bwd_pkts_payload.max           - Score: 0.0007
39. bwd_bulk_packets               - Score: 0.0007
40. bwd_pkts_payload.min           - Score: 0.0005
41. id.resp_p                      - Score: 0.0004
42. Unnamed: 0                     - Score: 0.0004
43. bwd_pkts_per_sec               - Score: 0.0003
44. bwd_subflow_bytes              - Score: 0.0002
45. fwd_last_window_size           - Score: 0.0002
46. bwd_pkts_payload.tot           - Score: 0.0001
47. flow_iat.min                   - Score: 0.0001
48. fwd_pkts_per_sec               - Score: 0.0001
49. flow_pkts_per_sec              - Score: 0.0000
50. fwd_bulk_rate                  - Score: 0.0000
51. bwd_iat.min                    - Score: 0.0000
52. fwd_iat.min                    - Score: 0.0000
53. fwd_init_window_size           - Score: 0.0000
54. bwd_init_window_size           - Score: 0.0000
55. fwd_bulk_bytes                 - Score: 0.0000
56. id.orig_p                      - Score: 0.0000
57. flow_iat.avg                   - Score: 0.0000
58. bwd_bulk_bytes                 - Score: 0.0000
59. payload_bytes_per_second       - Score: 0.0000
60. bwd_bulk_rate                  - Score: 0.0000
61. flow_iat.max                   - Score: 0.0000
62. active.min                     - Score: 0.0000
63. active.avg                     - Score: 0.0000
64. active.max                     - Score: 0.0000
65. active.tot                     - Score: 0.0000
66. flow_iat.tot                   - Score: 0.0000
67. flow_iat.std                   - Score: 0.0000
68. bwd_iat.avg                    - Score: 0.0000
69. fwd_iat.avg                    - Score: 0.0000
70. fwd_iat.std                    - Score: 0.0000
71. fwd_iat.max                    - Score: 0.0000
72. bwd_iat.std                    - Score: 0.0000
73. fwd_iat.tot                    - Score: 0.0000
74. bwd_iat.max                    - Score: 0.0000
75. bwd_iat.tot                    - Score: 0.0000
76. active.std                     - Score: 0.0000
77. idle.std                       - Score: 0.0000
78. idle.min                       - Score: 0.0000
79. idle.avg                       - Score: 0.0000
80. idle.max                       - Score: 0.0000
81. idle.tot                       - Score: 0.0000
82. bwd_URG_flag_count             - Score: 0.0000
================================================================================

Features Ranked by Differentiation Strength:
================================================================================
 1. flow_duration                  - Score: 1.0000
 2. fwd_URG_flag_count             - Score: 0.8690
 3. down_up_ratio                  - Score: 0.4440
 4. fwd_PSH_flag_count             - Score: 0.2816
 5. flow_RST_flag_count            - Score: 0.2618
 6. flow_SYN_flag_count            - Score: 0.2453
 7. flow_FIN_flag_count            - Score: 0.2129
 8. fwd_data_pkts_tot              - Score: 0.1276
 9. bwd_subflow_pkts               - Score: 0.0635
10. flow_ACK_flag_count            - Score: 0.0454
11. bwd_PSH_flag_count             - Score: 0.0450
12. bwd_pkts_tot                   - Score: 0.0408
13. fwd_header_size_min            - Score: 0.0398
14. fwd_subflow_pkts               - Score: 0.0336
15. fwd_header_size_max            - Score: 0.0237
16. fwd_pkts_tot                   - Score: 0.0208
17. fwd_pkts_payload.avg           - Score: 0.0178
18. bwd_header_size_min            - Score: 0.0171
19. bwd_header_size_max            - Score: 0.0169
20. bwd_data_pkts_tot              - Score: 0.0166
21. flow_CWR_flag_count            - Score: 0.0100
22. flow_ECE_flag_count            - Score: 0.0096
23. fwd_pkts_payload.min           - Score: 0.0094
24. fwd_pkts_payload.std           - Score: 0.0080
25. fwd_subflow_bytes              - Score: 0.0065
26. fwd_pkts_payload.max           - Score: 0.0063
27. fwd_pkts_payload.tot           - Score: 0.0043
28. bwd_header_size_tot            - Score: 0.0040
29. flow_pkts_payload.max          - Score: 0.0034
30. flow_pkts_payload.avg          - Score: 0.0030
31. flow_pkts_payload.tot          - Score: 0.0026
32. fwd_init_window_size           - Score: 0.0023
33. flow_pkts_payload.std          - Score: 0.0023
34. bwd_pkts_payload.std           - Score: 0.0018
35. fwd_header_size_tot            - Score: 0.0018
36. bwd_pkts_payload.avg           - Score: 0.0017
37. flow_pkts_payload.min          - Score: 0.0009
38. fwd_bulk_packets               - Score: 0.0006
39. bwd_pkts_payload.max           - Score: 0.0005
40. bwd_pkts_payload.min           - Score: 0.0005
41. bwd_bulk_packets               - Score: 0.0005
42. id.resp_p                      - Score: 0.0004
43. bwd_pkts_per_sec               - Score: 0.0003
44. Unnamed: 0                     - Score: 0.0003
45. fwd_last_window_size           - Score: 0.0002
46. bwd_subflow_bytes              - Score: 0.0002
47. flow_iat.min                   - Score: 0.0001
48. bwd_pkts_payload.tot           - Score: 0.0001
49. fwd_pkts_per_sec               - Score: 0.0001
50. fwd_iat.min                    - Score: 0.0000
51. payload_bytes_per_second       - Score: 0.0000
52. flow_pkts_per_sec              - Score: 0.0000
53. fwd_iat.avg                    - Score: 0.0000
54. fwd_iat.max                    - Score: 0.0000
55. fwd_iat.tot                    - Score: 0.0000
56. bwd_init_window_size           - Score: 0.0000
57. fwd_bulk_rate                  - Score: 0.0000
58. bwd_iat.min                    - Score: 0.0000
59. id.orig_p                      - Score: 0.0000
60. fwd_bulk_bytes                 - Score: 0.0000
61. flow_iat.avg                   - Score: 0.0000
62. bwd_bulk_rate                  - Score: 0.0000
63. bwd_bulk_bytes                 - Score: 0.0000
64. flow_iat.max                   - Score: 0.0000
65. active.min                     - Score: 0.0000
66. active.avg                     - Score: 0.0000
67. active.max                     - Score: 0.0000
68. active.tot                     - Score: 0.0000
69. flow_iat.tot                   - Score: 0.0000
70. flow_iat.std                   - Score: 0.0000
71. fwd_iat.std                    - Score: 0.0000
72. bwd_iat.avg                    - Score: 0.0000
73. bwd_iat.std                    - Score: 0.0000
74. bwd_iat.max                    - Score: 0.0000
75. bwd_iat.tot                    - Score: 0.0000
76. active.std                     - Score: 0.0000
77. idle.std                       - Score: 0.0000
78. idle.min                       - Score: 0.0000
79. idle.avg                       - Score: 0.0000
80. idle.max                       - Score: 0.0000
81. idle.tot                       - Score: 0.0000
82. bwd_URG_flag_count             - Score: 0.0000
================================================================================

Features Ranked by Differentiation Strength:
================================================================================
 1. flow_duration                  - Score: 1.0000
 2. fwd_URG_flag_count             - Score: 0.2923
 3. flow_RST_flag_count            - Score: 0.1588
 4. down_up_ratio                  - Score: 0.1281
 5. flow_SYN_flag_count            - Score: 0.0941
 6. fwd_PSH_flag_count             - Score: 0.0915
 7. flow_FIN_flag_count            - Score: 0.0716
 8. fwd_data_pkts_tot              - Score: 0.0566
 9. bwd_subflow_pkts               - Score: 0.0213
10. fwd_pkts_payload.avg           - Score: 0.0199
11. flow_ACK_flag_count            - Score: 0.0159
12. fwd_header_size_min            - Score: 0.0143
13. bwd_pkts_tot                   - Score: 0.0142
14. fwd_header_size_max            - Score: 0.0112
15. fwd_subflow_pkts               - Score: 0.0098
16. fwd_pkts_payload.max           - Score: 0.0078
17. bwd_PSH_flag_count             - Score: 0.0075
18. flow_pkts_payload.max          - Score: 0.0070
19. bwd_header_size_max            - Score: 0.0063
20. fwd_subflow_bytes              - Score: 0.0063
21. bwd_header_size_min            - Score: 0.0062
22. bwd_data_pkts_tot              - Score: 0.0060
23. fwd_pkts_payload.tot           - Score: 0.0055
24. fwd_pkts_tot                   - Score: 0.0050
25. flow_pkts_payload.tot          - Score: 0.0049
26. flow_CWR_flag_count            - Score: 0.0036
27. flow_ECE_flag_count            - Score: 0.0036
28. fwd_pkts_payload.min           - Score: 0.0032
29. fwd_pkts_payload.std           - Score: 0.0029
30. bwd_header_size_tot            - Score: 0.0015
31. flow_pkts_payload.avg          - Score: 0.0010
32. flow_pkts_payload.std          - Score: 0.0008
33. bwd_pkts_payload.std           - Score: 0.0006
34. bwd_pkts_payload.avg           - Score: 0.0005
35. fwd_header_size_tot            - Score: 0.0005
36. flow_pkts_payload.min          - Score: 0.0003
37. bwd_bulk_packets               - Score: 0.0002
38. bwd_pkts_payload.min           - Score: 0.0002
39. fwd_bulk_packets               - Score: 0.0002
40. bwd_pkts_payload.max           - Score: 0.0002
41. id.resp_p                      - Score: 0.0001
42. Unnamed: 0                     - Score: 0.0001
43. bwd_pkts_per_sec               - Score: 0.0001
44. bwd_subflow_bytes              - Score: 0.0001
45. fwd_last_window_size           - Score: 0.0001
46. flow_iat.min                   - Score: 0.0001
47. bwd_iat.min                    - Score: 0.0000
48. bwd_pkts_payload.tot           - Score: 0.0000
49. fwd_iat.min                    - Score: 0.0000
50. fwd_pkts_per_sec               - Score: 0.0000
51. flow_pkts_per_sec              - Score: 0.0000
52. fwd_iat.avg                    - Score: 0.0000
53. fwd_iat.max                    - Score: 0.0000
54. fwd_iat.tot                    - Score: 0.0000
55. fwd_init_window_size           - Score: 0.0000
56. flow_iat.avg                   - Score: 0.0000
57. fwd_bulk_rate                  - Score: 0.0000
58. bwd_init_window_size           - Score: 0.0000
59. id.orig_p                      - Score: 0.0000
60. fwd_bulk_bytes                 - Score: 0.0000
61. flow_iat.max                   - Score: 0.0000
62. active.min                     - Score: 0.0000
63. active.avg                     - Score: 0.0000
64. active.max                     - Score: 0.0000
65. active.tot                     - Score: 0.0000
66. flow_iat.tot                   - Score: 0.0000
67. bwd_bulk_bytes                 - Score: 0.0000
68. payload_bytes_per_second       - Score: 0.0000
69. bwd_bulk_rate                  - Score: 0.0000
70. flow_iat.std                   - Score: 0.0000
71. fwd_iat.std                    - Score: 0.0000
72. bwd_iat.avg                    - Score: 0.0000
73. bwd_iat.max                    - Score: 0.0000
74. bwd_iat.std                    - Score: 0.0000
75. bwd_iat.tot                    - Score: 0.0000
76. active.std                     - Score: 0.0000
77. idle.std                       - Score: 0.0000
78. idle.min                       - Score: 0.0000
79. idle.avg                       - Score: 0.0000
80. idle.max                       - Score: 0.0000
81. idle.tot                       - Score: 0.0000
82. bwd_URG_flag_count             - Score: 0.0000
================================================================================

Features Ranked by Differentiation Strength:
================================================================================
 1. flow_duration                  - Score: 1.0000
 2. fwd_URG_flag_count             - Score: 0.1175
 3. down_up_ratio                  - Score: 0.0794
 4. flow_RST_flag_count            - Score: 0.0642
 5. flow_SYN_flag_count            - Score: 0.0441
 6. fwd_PSH_flag_count             - Score: 0.0429
 7. flow_FIN_flag_count            - Score: 0.0351
 8. fwd_data_pkts_tot              - Score: 0.0317
 9. bwd_subflow_pkts               - Score: 0.0152
10. fwd_pkts_payload.avg           - Score: 0.0111
11. bwd_pkts_tot                   - Score: 0.0111
12. flow_ACK_flag_count            - Score: 0.0084
13. fwd_header_size_min            - Score: 0.0077
14. fwd_header_size_max            - Score: 0.0063
15. fwd_subflow_pkts               - Score: 0.0054
16. fwd_pkts_payload.max           - Score: 0.0045
17. bwd_PSH_flag_count             - Score: 0.0045
18. flow_pkts_payload.max          - Score: 0.0040
19. fwd_subflow_bytes              - Score: 0.0036
20. bwd_header_size_max            - Score: 0.0036
21. bwd_header_size_min            - Score: 0.0035
22. bwd_data_pkts_tot              - Score: 0.0033
23. fwd_pkts_payload.tot           - Score: 0.0033
24. flow_pkts_payload.tot          - Score: 0.0028
25. fwd_pkts_tot                   - Score: 0.0027
26. flow_ECE_flag_count            - Score: 0.0021
27. flow_CWR_flag_count            - Score: 0.0020
28. fwd_pkts_payload.std           - Score: 0.0018
29. fwd_pkts_payload.min           - Score: 0.0016
30. bwd_header_size_tot            - Score: 0.0010
31. flow_pkts_payload.avg          - Score: 0.0006
32. flow_pkts_payload.std          - Score: 0.0005
33. bwd_pkts_payload.std           - Score: 0.0003
34. bwd_pkts_payload.avg           - Score: 0.0003
35. fwd_header_size_tot            - Score: 0.0003
36. flow_pkts_payload.min          - Score: 0.0002
37. fwd_bulk_packets               - Score: 0.0001
38. id.resp_p                      - Score: 0.0001
39. bwd_pkts_payload.min           - Score: 0.0001
40. bwd_pkts_payload.max           - Score: 0.0001
41. bwd_bulk_packets               - Score: 0.0001
42. bwd_pkts_per_sec               - Score: 0.0001
43. Unnamed: 0                     - Score: 0.0001
44. bwd_subflow_bytes              - Score: 0.0000
45. fwd_last_window_size           - Score: 0.0000
46. flow_iat.min                   - Score: 0.0000
47. fwd_pkts_per_sec               - Score: 0.0000
48. bwd_pkts_payload.tot           - Score: 0.0000
49. flow_pkts_per_sec              - Score: 0.0000
50. fwd_init_window_size           - Score: 0.0000
51. fwd_bulk_rate                  - Score: 0.0000
52. bwd_init_window_size           - Score: 0.0000
53. flow_iat.avg                   - Score: 0.0000
54. flow_iat.max                   - Score: 0.0000
55. active.min                     - Score: 0.0000
56. active.avg                     - Score: 0.0000
57. active.max                     - Score: 0.0000
58. active.tot                     - Score: 0.0000
59. flow_iat.tot                   - Score: 0.0000
60. fwd_bulk_bytes                 - Score: 0.0000
61. bwd_iat.min                    - Score: 0.0000
62. id.orig_p                      - Score: 0.0000
63. fwd_iat.min                    - Score: 0.0000
64. payload_bytes_per_second       - Score: 0.0000
65. bwd_bulk_rate                  - Score: 0.0000
66. bwd_bulk_bytes                 - Score: 0.0000
67. flow_iat.std                   - Score: 0.0000
68. fwd_iat.avg                    - Score: 0.0000
69. fwd_iat.std                    - Score: 0.0000
70. fwd_iat.max                    - Score: 0.0000
71. fwd_iat.tot                    - Score: 0.0000
72. bwd_iat.std                    - Score: 0.0000
73. bwd_iat.avg                    - Score: 0.0000
74. bwd_iat.max                    - Score: 0.0000
75. active.std                     - Score: 0.0000
76. bwd_iat.tot                    - Score: 0.0000
77. idle.std                       - Score: 0.0000
78. idle.min                       - Score: 0.0000
79. idle.avg                       - Score: 0.0000
80. idle.max                       - Score: 0.0000
81. idle.tot                       - Score: 0.0000
82. bwd_URG_flag_count             - Score: 0.0000
================================================================================

Features Ranked by Differentiation Strength:
================================================================================
 1. flow_duration                  - Score: 1.0000
 2. fwd_URG_flag_count             - Score: 0.6396
 3. flow_RST_flag_count            - Score: 0.3820
 4. down_up_ratio                  - Score: 0.3465
 5. flow_SYN_flag_count            - Score: 0.2131
 6. fwd_PSH_flag_count             - Score: 0.2083
 7. flow_FIN_flag_count            - Score: 0.1605
 8. fwd_data_pkts_tot              - Score: 0.1451
 9. bwd_subflow_pkts               - Score: 0.0842
10. bwd_pkts_tot                   - Score: 0.0567
11. bwd_PSH_flag_count             - Score: 0.0430
12. fwd_pkts_payload.avg           - Score: 0.0405
13. flow_ACK_flag_count            - Score: 0.0381
14. fwd_subflow_pkts               - Score: 0.0324
15. fwd_header_size_min            - Score: 0.0294
16. fwd_header_size_max            - Score: 0.0290
17. bwd_data_pkts_tot              - Score: 0.0201
18. fwd_pkts_tot                   - Score: 0.0173
19. bwd_header_size_min            - Score: 0.0160
20. fwd_pkts_payload.max           - Score: 0.0157
21. bwd_header_size_max            - Score: 0.0146
22. flow_pkts_payload.max          - Score: 0.0132
23. fwd_subflow_bytes              - Score: 0.0128
24. fwd_pkts_payload.tot           - Score: 0.0110
25. flow_pkts_payload.tot          - Score: 0.0092
26. flow_ECE_flag_count            - Score: 0.0086
27. flow_CWR_flag_count            - Score: 0.0084
28. fwd_pkts_payload.std           - Score: 0.0078
29. fwd_pkts_payload.min           - Score: 0.0077
30. bwd_header_size_tot            - Score: 0.0056
31. flow_pkts_payload.avg          - Score: 0.0027
32. flow_pkts_payload.std          - Score: 0.0020
33. bwd_pkts_payload.std           - Score: 0.0016
34. bwd_pkts_payload.avg           - Score: 0.0014
35. fwd_header_size_tot            - Score: 0.0013
36. flow_pkts_payload.min          - Score: 0.0009
37. bwd_pkts_payload.max           - Score: 0.0005
38. bwd_pkts_payload.min           - Score: 0.0004
39. id.resp_p                      - Score: 0.0004
40. bwd_bulk_packets               - Score: 0.0003
41. Unnamed: 0                     - Score: 0.0003
42. bwd_pkts_per_sec               - Score: 0.0002
43. fwd_bulk_packets               - Score: 0.0002
44. bwd_subflow_bytes              - Score: 0.0002
45. fwd_last_window_size           - Score: 0.0001
46. bwd_pkts_payload.tot           - Score: 0.0001
47. flow_iat.min                   - Score: 0.0001
48. fwd_pkts_per_sec               - Score: 0.0001
49. flow_pkts_per_sec              - Score: 0.0000
50. fwd_init_window_size           - Score: 0.0000
51. fwd_bulk_rate                  - Score: 0.0000
52. bwd_iat.min                    - Score: 0.0000
53. bwd_init_window_size           - Score: 0.0000
54. id.orig_p                      - Score: 0.0000
55. payload_bytes_per_second       - Score: 0.0000
56. flow_iat.avg                   - Score: 0.0000
57. fwd_bulk_bytes                 - Score: 0.0000
58. fwd_iat.min                    - Score: 0.0000
59. bwd_bulk_rate                  - Score: 0.0000
60. bwd_bulk_bytes                 - Score: 0.0000
61. flow_iat.max                   - Score: 0.0000
62. active.min                     - Score: 0.0000
63. active.avg                     - Score: 0.0000
64. active.max                     - Score: 0.0000
65. active.tot                     - Score: 0.0000
66. flow_iat.tot                   - Score: 0.0000
67. flow_iat.std                   - Score: 0.0000
68. fwd_iat.avg                    - Score: 0.0000
69. fwd_iat.std                    - Score: 0.0000
70. bwd_iat.avg                    - Score: 0.0000
71. fwd_iat.max                    - Score: 0.0000
72. fwd_iat.tot                    - Score: 0.0000
73. bwd_iat.std                    - Score: 0.0000
74. bwd_iat.max                    - Score: 0.0000
75. bwd_iat.tot                    - Score: 0.0000
76. active.std                     - Score: 0.0000
77. idle.std                       - Score: 0.0000
78. idle.min                       - Score: 0.0000
79. idle.avg                       - Score: 0.0000
80. idle.max                       - Score: 0.0000
81. idle.tot                       - Score: 0.0000
82. bwd_URG_flag_count             - Score: 0.0000
================================================================================

Features Ranked by Differentiation Strength:
================================================================================
 1. flow_duration                  - Score: 1.0000
 2. fwd_URG_flag_count             - Score: 0.3583
 3. down_up_ratio                  - Score: 0.1771
 4. flow_RST_flag_count            - Score: 0.1616
 5. flow_FIN_flag_count            - Score: 0.1209
 6. fwd_PSH_flag_count             - Score: 0.1093
 7. flow_SYN_flag_count            - Score: 0.0994
 8. fwd_data_pkts_tot              - Score: 0.0747
 9. bwd_subflow_pkts               - Score: 0.0355
10. bwd_pkts_tot                   - Score: 0.0266
11. fwd_pkts_payload.avg           - Score: 0.0227
12. fwd_header_size_min            - Score: 0.0226
13. fwd_header_size_max            - Score: 0.0148
14. fwd_subflow_pkts               - Score: 0.0119
15. bwd_PSH_flag_count             - Score: 0.0103
16. fwd_pkts_payload.max           - Score: 0.0089
17. bwd_header_size_min            - Score: 0.0082
18. flow_pkts_payload.max          - Score: 0.0077
19. bwd_header_size_max            - Score: 0.0075
20. fwd_pkts_tot                   - Score: 0.0075
21. fwd_subflow_bytes              - Score: 0.0071
22. fwd_pkts_payload.tot           - Score: 0.0066
23. flow_ACK_flag_count            - Score: 0.0064
24. bwd_data_pkts_tot              - Score: 0.0063
25. flow_pkts_payload.tot          - Score: 0.0053
26. flow_ECE_flag_count            - Score: 0.0049
27. flow_CWR_flag_count            - Score: 0.0048
28. fwd_pkts_payload.min           - Score: 0.0042
29. fwd_pkts_payload.std           - Score: 0.0039
30. bwd_header_size_tot            - Score: 0.0032
31. flow_pkts_payload.avg          - Score: 0.0014
32. flow_pkts_payload.std          - Score: 0.0011
33. bwd_pkts_payload.std           - Score: 0.0009
34. bwd_pkts_payload.avg           - Score: 0.0008
35. fwd_header_size_tot            - Score: 0.0005
36. flow_pkts_payload.min          - Score: 0.0005
37. bwd_pkts_payload.min           - Score: 0.0002
38. fwd_bulk_packets               - Score: 0.0002
39. bwd_pkts_payload.max           - Score: 0.0002
40. bwd_bulk_packets               - Score: 0.0002
41. id.resp_p                      - Score: 0.0002
42. Unnamed: 0                     - Score: 0.0001
43. bwd_pkts_per_sec               - Score: 0.0001
44. bwd_subflow_bytes              - Score: 0.0001
45. fwd_last_window_size           - Score: 0.0001
46. flow_iat.min                   - Score: 0.0001
47. bwd_pkts_payload.tot           - Score: 0.0000
48. fwd_pkts_per_sec               - Score: 0.0000
49. fwd_iat.min                    - Score: 0.0000
50. fwd_init_window_size           - Score: 0.0000
51. flow_pkts_per_sec              - Score: 0.0000
52. bwd_iat.min                    - Score: 0.0000
53. fwd_bulk_rate                  - Score: 0.0000
54. bwd_init_window_size           - Score: 0.0000
55. flow_iat.avg                   - Score: 0.0000
56. id.orig_p                      - Score: 0.0000
57. fwd_bulk_bytes                 - Score: 0.0000
58. fwd_iat.avg                    - Score: 0.0000
59. fwd_iat.max                    - Score: 0.0000
60. fwd_iat.tot                    - Score: 0.0000
61. flow_iat.max                   - Score: 0.0000
62. active.min                     - Score: 0.0000
63. active.avg                     - Score: 0.0000
64. active.max                     - Score: 0.0000
65. active.tot                     - Score: 0.0000
66. flow_iat.tot                   - Score: 0.0000
67. payload_bytes_per_second       - Score: 0.0000
68. bwd_bulk_rate                  - Score: 0.0000
69. bwd_bulk_bytes                 - Score: 0.0000
70. fwd_iat.std                    - Score: 0.0000
71. flow_iat.std                   - Score: 0.0000
72. bwd_iat.avg                    - Score: 0.0000
73. bwd_iat.std                    - Score: 0.0000
74. bwd_iat.max                    - Score: 0.0000
75. bwd_iat.tot                    - Score: 0.0000
76. active.std                     - Score: 0.0000
77. idle.std                       - Score: 0.0000
78. idle.min                       - Score: 0.0000
79. idle.avg                       - Score: 0.0000
80. idle.max                       - Score: 0.0000
81. idle.tot                       - Score: 0.0000
82. bwd_URG_flag_count             - Score: 0.0000
================================================================================

Features Ranked by Differentiation Strength:
================================================================================
 1. flow_duration                  - Score: 1.0000
 2. fwd_URG_flag_count             - Score: 0.1660
 3. down_up_ratio                  - Score: 0.0710
 4. flow_RST_flag_count            - Score: 0.0641
 5. fwd_PSH_flag_count             - Score: 0.0499
 6. flow_SYN_flag_count            - Score: 0.0490
 7. flow_FIN_flag_count            - Score: 0.0429
 8. fwd_data_pkts_tot              - Score: 0.0350
 9. bwd_subflow_pkts               - Score: 0.0145
10. fwd_pkts_payload.avg           - Score: 0.0114
11. bwd_pkts_tot                   - Score: 0.0107
12. flow_ACK_flag_count            - Score: 0.0079
13. fwd_header_size_min            - Score: 0.0071
14. fwd_header_size_max            - Score: 0.0068
15. fwd_subflow_pkts               - Score: 0.0047
16. fwd_pkts_payload.max           - Score: 0.0045
17. flow_pkts_payload.max          - Score: 0.0040
18. fwd_subflow_bytes              - Score: 0.0036
19. bwd_PSH_flag_count             - Score: 0.0035
20. bwd_header_size_min            - Score: 0.0034
21. fwd_pkts_tot                   - Score: 0.0033
22. fwd_pkts_payload.tot           - Score: 0.0033
23. bwd_header_size_max            - Score: 0.0031
24. flow_pkts_payload.tot          - Score: 0.0029
25. bwd_data_pkts_tot              - Score: 0.0025
26. flow_ECE_flag_count            - Score: 0.0021
27. flow_CWR_flag_count            - Score: 0.0021
28. fwd_pkts_payload.min           - Score: 0.0018
29. fwd_pkts_payload.std           - Score: 0.0016
30. bwd_header_size_tot            - Score: 0.0009
31. flow_pkts_payload.avg          - Score: 0.0006
32. flow_pkts_payload.std          - Score: 0.0004
33. bwd_pkts_payload.std           - Score: 0.0003
34. bwd_pkts_payload.avg           - Score: 0.0003
35. fwd_header_size_tot            - Score: 0.0003
36. flow_pkts_payload.min          - Score: 0.0002
37. bwd_pkts_payload.min           - Score: 0.0001
38. bwd_pkts_payload.max           - Score: 0.0001
39. id.resp_p                      - Score: 0.0001
40. fwd_bulk_packets               - Score: 0.0001
41. bwd_bulk_packets               - Score: 0.0001
42. bwd_pkts_per_sec               - Score: 0.0001
43. Unnamed: 0                     - Score: 0.0001
44. fwd_last_window_size           - Score: 0.0000
45. bwd_subflow_bytes              - Score: 0.0000
46. bwd_pkts_payload.tot           - Score: 0.0000
47. fwd_pkts_per_sec               - Score: 0.0000
48. flow_iat.min                   - Score: 0.0000
49. flow_pkts_per_sec              - Score: 0.0000
50. fwd_init_window_size           - Score: 0.0000
51. bwd_iat.min                    - Score: 0.0000
52. flow_iat.avg                   - Score: 0.0000
53. bwd_init_window_size           - Score: 0.0000
54. flow_iat.max                   - Score: 0.0000
55. active.min                     - Score: 0.0000
56. active.avg                     - Score: 0.0000
57. active.max                     - Score: 0.0000
58. active.tot                     - Score: 0.0000
59. flow_iat.tot                   - Score: 0.0000
60. id.orig_p                      - Score: 0.0000
61. payload_bytes_per_second       - Score: 0.0000
62. bwd_bulk_bytes                 - Score: 0.0000
63. fwd_bulk_bytes                 - Score: 0.0000
64. bwd_bulk_rate                  - Score: 0.0000
65. fwd_iat.min                    - Score: 0.0000
66. fwd_bulk_rate                  - Score: 0.0000
67. flow_iat.std                   - Score: 0.0000
68. fwd_iat.avg                    - Score: 0.0000
69. fwd_iat.std                    - Score: 0.0000
70. fwd_iat.max                    - Score: 0.0000
71. fwd_iat.tot                    - Score: 0.0000
72. bwd_iat.std                    - Score: 0.0000
73. bwd_iat.avg                    - Score: 0.0000
74. active.std                     - Score: 0.0000
75. bwd_iat.max                    - Score: 0.0000
76. bwd_iat.tot                    - Score: 0.0000
77. idle.std                       - Score: 0.0000
78. idle.min                       - Score: 0.0000
79. idle.avg                       - Score: 0.0000
80. idle.max                       - Score: 0.0000
81. idle.tot                       - Score: 0.0000
82. bwd_URG_flag_count             - Score: 0.0000
================================================================================

Features Ranked by Differentiation Strength:
================================================================================
 1. fwd_URG_flag_count             - Score: 1.0000
 2. flow_duration                  - Score: 0.8508
 3. down_up_ratio                  - Score: 0.3699
 4. flow_RST_flag_count            - Score: 0.2670
 5. fwd_PSH_flag_count             - Score: 0.2255
 6. flow_FIN_flag_count            - Score: 0.2145
 7. flow_SYN_flag_count            - Score: 0.1712
 8. fwd_data_pkts_tot              - Score: 0.1120
 9. bwd_subflow_pkts               - Score: 0.0849
10. bwd_pkts_tot                   - Score: 0.0543
11. fwd_subflow_pkts               - Score: 0.0524
12. fwd_pkts_payload.avg           - Score: 0.0450
13. flow_ACK_flag_count            - Score: 0.0447
14. bwd_data_pkts_tot              - Score: 0.0431
15. bwd_PSH_flag_count             - Score: 0.0408
16. fwd_pkts_tot                   - Score: 0.0373
17. fwd_header_size_min            - Score: 0.0307
18. fwd_header_size_max            - Score: 0.0292
19. bwd_pkts_payload.avg           - Score: 0.0182
20. fwd_pkts_payload.max           - Score: 0.0176
21. flow_pkts_payload.max          - Score: 0.0158
22. bwd_header_size_max            - Score: 0.0147
23. bwd_header_size_min            - Score: 0.0146
24. fwd_subflow_bytes              - Score: 0.0133
25. fwd_pkts_payload.std           - Score: 0.0121
26. flow_pkts_payload.avg          - Score: 0.0118
27. fwd_pkts_payload.tot           - Score: 0.0107
28. bwd_pkts_payload.std           - Score: 0.0103
29. flow_pkts_payload.tot          - Score: 0.0095
30. flow_CWR_flag_count            - Score: 0.0087
31. flow_ECE_flag_count            - Score: 0.0084
32. flow_pkts_payload.std          - Score: 0.0080
33. fwd_pkts_payload.min           - Score: 0.0073
34. bwd_subflow_bytes              - Score: 0.0068
35. bwd_header_size_tot            - Score: 0.0039
36. bwd_pkts_payload.tot           - Score: 0.0036
37. bwd_pkts_payload.max           - Score: 0.0031
38. fwd_header_size_tot            - Score: 0.0018
39. flow_pkts_payload.min          - Score: 0.0008
40. bwd_bulk_packets               - Score: 0.0005
41. id.resp_p                      - Score: 0.0005
42. flow_iat.min                   - Score: 0.0005
43. fwd_bulk_packets               - Score: 0.0004
44. bwd_pkts_payload.min           - Score: 0.0004
45. payload_bytes_per_second       - Score: 0.0004
46. bwd_pkts_per_sec               - Score: 0.0003
47. fwd_last_window_size           - Score: 0.0003
48. Unnamed: 0                     - Score: 0.0002
49. fwd_pkts_per_sec               - Score: 0.0002
50. flow_pkts_per_sec              - Score: 0.0001
51. fwd_iat.min                    - Score: 0.0000
52. fwd_iat.avg                    - Score: 0.0000
53. fwd_iat.max                    - Score: 0.0000
54. fwd_iat.tot                    - Score: 0.0000
55. fwd_init_window_size           - Score: 0.0000
56. fwd_bulk_rate                  - Score: 0.0000
57. bwd_init_window_size           - Score: 0.0000
58. bwd_iat.min                    - Score: 0.0000
59. fwd_bulk_bytes                 - Score: 0.0000
60. id.orig_p                      - Score: 0.0000
61. flow_iat.avg                   - Score: 0.0000
62. bwd_bulk_bytes                 - Score: 0.0000
63. flow_iat.max                   - Score: 0.0000
64. bwd_bulk_rate                  - Score: 0.0000
65. active.min                     - Score: 0.0000
66. active.avg                     - Score: 0.0000
67. active.max                     - Score: 0.0000
68. active.tot                     - Score: 0.0000
69. flow_iat.tot                   - Score: 0.0000
70. fwd_iat.std                    - Score: 0.0000
71. flow_iat.std                   - Score: 0.0000
72. bwd_iat.avg                    - Score: 0.0000
73. bwd_iat.std                    - Score: 0.0000
74. bwd_iat.max                    - Score: 0.0000
75. bwd_iat.tot                    - Score: 0.0000
76. active.std                     - Score: 0.0000
77. idle.std                       - Score: 0.0000
78. idle.min                       - Score: 0.0000
79. idle.avg                       - Score: 0.0000
80. idle.max                       - Score: 0.0000
81. idle.tot                       - Score: 0.0000
82. bwd_URG_flag_count             - Score: 0.0000
================================================================================

Features Ranked by Differentiation Strength:
================================================================================
 1. flow_duration                  - Score: 1.0000
 2. fwd_URG_flag_count             - Score: 0.4478
 3. flow_RST_flag_count            - Score: 0.3511
 4. down_up_ratio                  - Score: 0.2795
 5. flow_SYN_flag_count            - Score: 0.1774
 6. fwd_PSH_flag_count             - Score: 0.1695
 7. flow_FIN_flag_count            - Score: 0.1371
 8. fwd_data_pkts_tot              - Score: 0.1108
 9. fwd_pkts_payload.avg           - Score: 0.0425
10. bwd_subflow_pkts               - Score: 0.0412
11. flow_ACK_flag_count            - Score: 0.0313
12. bwd_pkts_tot                   - Score: 0.0283
13. fwd_header_size_min            - Score: 0.0271
14. fwd_header_size_max            - Score: 0.0247
15. fwd_subflow_pkts               - Score: 0.0184
16. fwd_pkts_payload.max           - Score: 0.0168
17. flow_pkts_payload.max          - Score: 0.0151
18. bwd_header_size_min            - Score: 0.0134
19. bwd_header_size_max            - Score: 0.0133
20. bwd_PSH_flag_count             - Score: 0.0132
21. fwd_subflow_bytes              - Score: 0.0132
22. fwd_pkts_payload.tot           - Score: 0.0121
23. fwd_pkts_tot                   - Score: 0.0114
24. flow_pkts_payload.tot          - Score: 0.0107
25. bwd_data_pkts_tot              - Score: 0.0078
26. flow_CWR_flag_count            - Score: 0.0077
27. flow_ECE_flag_count            - Score: 0.0077
28. fwd_pkts_payload.std           - Score: 0.0067
29. fwd_pkts_payload.min           - Score: 0.0062
30. bwd_header_size_tot            - Score: 0.0028
31. flow_pkts_payload.avg          - Score: 0.0021
32. flow_pkts_payload.std          - Score: 0.0017
33. bwd_pkts_payload.std           - Score: 0.0013
34. bwd_pkts_payload.avg           - Score: 0.0011
35. fwd_header_size_tot            - Score: 0.0011
36. flow_pkts_payload.min          - Score: 0.0007
37. id.resp_p                      - Score: 0.0004
38. fwd_bulk_packets               - Score: 0.0004
39. bwd_pkts_payload.min           - Score: 0.0004
40. bwd_pkts_payload.max           - Score: 0.0003
41. bwd_pkts_per_sec               - Score: 0.0003
42. bwd_bulk_packets               - Score: 0.0003
43. flow_iat.min                   - Score: 0.0002
44. Unnamed: 0                     - Score: 0.0002
45. fwd_pkts_per_sec               - Score: 0.0001
46. bwd_subflow_bytes              - Score: 0.0001
47. fwd_last_window_size           - Score: 0.0001
48. flow_pkts_per_sec              - Score: 0.0001
49. fwd_iat.min                    - Score: 0.0001
50. bwd_pkts_payload.tot           - Score: 0.0000
51. fwd_iat.avg                    - Score: 0.0000
52. fwd_iat.max                    - Score: 0.0000
53. fwd_iat.tot                    - Score: 0.0000
54. fwd_init_window_size           - Score: 0.0000
55. fwd_bulk_rate                  - Score: 0.0000
56. bwd_init_window_size           - Score: 0.0000
57. flow_iat.avg                   - Score: 0.0000
58. id.orig_p                      - Score: 0.0000
59. fwd_bulk_bytes                 - Score: 0.0000
60. bwd_iat.min                    - Score: 0.0000
61. payload_bytes_per_second       - Score: 0.0000
62. bwd_bulk_rate                  - Score: 0.0000
63. bwd_bulk_bytes                 - Score: 0.0000
64. active.min                     - Score: 0.0000
65. flow_iat.max                   - Score: 0.0000
66. active.avg                     - Score: 0.0000
67. active.max                     - Score: 0.0000
68. active.tot                     - Score: 0.0000
69. flow_iat.tot                   - Score: 0.0000
70. bwd_iat.avg                    - Score: 0.0000
71. flow_iat.std                   - Score: 0.0000
72. fwd_iat.std                    - Score: 0.0000
73. bwd_iat.max                    - Score: 0.0000
74. bwd_iat.std                    - Score: 0.0000
75. bwd_iat.tot                    - Score: 0.0000
76. active.std                     - Score: 0.0000
77. idle.std                       - Score: 0.0000
78. idle.min                       - Score: 0.0000
79. idle.avg                       - Score: 0.0000
80. idle.max                       - Score: 0.0000
81. idle.tot                       - Score: 0.0000
82. bwd_URG_flag_count             - Score: 0.0000
================================================================================

Features Ranked by Differentiation Strength:
================================================================================
 1. flow_duration                  - Score: 1.0000
 2. fwd_URG_flag_count             - Score: 0.5984
 3. down_up_ratio                  - Score: 0.2678
 4. flow_RST_flag_count            - Score: 0.2387
 5. flow_SYN_flag_count            - Score: 0.1854
 6. fwd_PSH_flag_count             - Score: 0.1746
 7. flow_FIN_flag_count            - Score: 0.1532
 8. fwd_data_pkts_tot              - Score: 0.1041
 9. bwd_subflow_pkts               - Score: 0.0520
10. fwd_pkts_payload.avg           - Score: 0.0444
11. bwd_pkts_tot                   - Score: 0.0378
12. flow_ACK_flag_count            - Score: 0.0310
13. fwd_header_size_min            - Score: 0.0260
14. fwd_header_size_max            - Score: 0.0241
15. fwd_pkts_payload.max           - Score: 0.0172
16. fwd_subflow_pkts               - Score: 0.0169
17. flow_pkts_payload.max          - Score: 0.0148
18. fwd_subflow_bytes              - Score: 0.0144
19. fwd_pkts_payload.std           - Score: 0.0139
20. bwd_header_size_min            - Score: 0.0134
21. bwd_PSH_flag_count             - Score: 0.0124
22. fwd_pkts_payload.tot           - Score: 0.0122
23. bwd_header_size_max            - Score: 0.0121
24. flow_pkts_payload.tot          - Score: 0.0103
25. fwd_pkts_tot                   - Score: 0.0101
26. bwd_data_pkts_tot              - Score: 0.0080
27. flow_CWR_flag_count            - Score: 0.0070
28. flow_ECE_flag_count            - Score: 0.0070
29. fwd_pkts_payload.min           - Score: 0.0066
30. bwd_pkts_payload.std           - Score: 0.0064
31. bwd_header_size_tot            - Score: 0.0046
32. flow_pkts_payload.std          - Score: 0.0022
33. flow_pkts_payload.avg          - Score: 0.0021
34. bwd_pkts_payload.avg           - Score: 0.0013
35. fwd_header_size_tot            - Score: 0.0010
36. flow_pkts_payload.min          - Score: 0.0007
37. fwd_bulk_packets               - Score: 0.0006
38. bwd_pkts_payload.max           - Score: 0.0005
39. bwd_pkts_payload.min           - Score: 0.0003
40. id.resp_p                      - Score: 0.0003
41. bwd_bulk_packets               - Score: 0.0002
42. Unnamed: 0                     - Score: 0.0002
43. bwd_pkts_per_sec               - Score: 0.0002
44. fwd_last_window_size           - Score: 0.0001
45. bwd_subflow_bytes              - Score: 0.0001
46. flow_iat.min                   - Score: 0.0001
47. fwd_pkts_per_sec               - Score: 0.0001
48. fwd_iat.min                    - Score: 0.0001
49. bwd_pkts_payload.tot           - Score: 0.0001
50. flow_pkts_per_sec              - Score: 0.0000
51. fwd_iat.avg                    - Score: 0.0000
52. fwd_iat.max                    - Score: 0.0000
53. fwd_iat.tot                    - Score: 0.0000
54. fwd_init_window_size           - Score: 0.0000
55. fwd_bulk_rate                  - Score: 0.0000
56. bwd_init_window_size           - Score: 0.0000
57. bwd_iat.min                    - Score: 0.0000
58. fwd_bulk_bytes                 - Score: 0.0000
59. flow_iat.avg                   - Score: 0.0000
60. id.orig_p                      - Score: 0.0000
61. payload_bytes_per_second       - Score: 0.0000
62. bwd_bulk_rate                  - Score: 0.0000
63. bwd_bulk_bytes                 - Score: 0.0000
64. active.min                     - Score: 0.0000
65. flow_iat.max                   - Score: 0.0000
66. active.avg                     - Score: 0.0000
67. active.max                     - Score: 0.0000
68. active.tot                     - Score: 0.0000
69. flow_iat.tot                   - Score: 0.0000
70. flow_iat.std                   - Score: 0.0000
71. fwd_iat.std                    - Score: 0.0000
72. bwd_iat.avg                    - Score: 0.0000
73. bwd_iat.max                    - Score: 0.0000
74. bwd_iat.tot                    - Score: 0.0000
75. bwd_iat.std                    - Score: 0.0000
76. active.std                     - Score: 0.0000
77. idle.std                       - Score: 0.0000
78. idle.min                       - Score: 0.0000
79. idle.avg                       - Score: 0.0000
80. idle.max                       - Score: 0.0000
81. idle.tot                       - Score: 0.0000
82. bwd_URG_flag_count             - Score: 0.0000
================================================================================
  done: held-out class NMAP_OS_DETECTION

Features Ranked by Differentiation Strength:
================================================================================
 1. flow_duration                  - Score: 1.0000
 2. fwd_URG_flag_count             - Score: 0.0068
 3. down_up_ratio                  - Score: 0.0038
 4. fwd_PSH_flag_count             - Score: 0.0029
 5. flow_RST_flag_count            - Score: 0.0024
 6. flow_FIN_flag_count            - Score: 0.0022
 7. flow_SYN_flag_count            - Score: 0.0017
 8. fwd_data_pkts_tot              - Score: 0.0012
 9. bwd_subflow_pkts               - Score: 0.0007
10. flow_ACK_flag_count            - Score: 0.0006
11. bwd_pkts_tot                   - Score: 0.0005
12. fwd_subflow_pkts               - Score: 0.0002
13. fwd_header_size_min            - Score: 0.0002
14. bwd_header_size_max            - Score: 0.0002
15. bwd_header_size_min            - Score: 0.0002
16. fwd_pkts_payload.avg           - Score: 0.0002
17. fwd_header_size_max            - Score: 0.0002
18. fwd_pkts_payload.std           - Score: 0.0002
19. bwd_PSH_flag_count             - Score: 0.0002
20. fwd_pkts_tot                   - Score: 0.0001
21. bwd_data_pkts_tot              - Score: 0.0001
22. bwd_pkts_payload.std           - Score: 0.0001
23. flow_CWR_flag_count            - Score: 0.0001
24. flow_ECE_flag_count            - Score: 0.0001
25. fwd_pkts_payload.min           - Score: 0.0001
26. fwd_subflow_bytes              - Score: 0.0001
27. fwd_pkts_payload.max           - Score: 0.0001
28. bwd_header_size_tot            - Score: 0.0001
29. fwd_pkts_payload.tot           - Score: 0.0001
30. flow_pkts_payload.max          - Score: 0.0000
31. flow_pkts_payload.std          - Score: 0.0000
32. flow_pkts_payload.avg          - Score: 0.0000
33. flow_pkts_payload.tot          - Score: 0.0000
34. fwd_last_window_size           - Score: 0.0000
35. fwd_init_window_size           - Score: 0.0000
36. bwd_pkts_payload.avg           - Score: 0.0000
37. flow_pkts_payload.min          - Score: 0.0000
38. fwd_header_size_tot            - Score: 0.0000
39. fwd_bulk_packets               - Score: 0.0000
40. bwd_pkts_payload.max           - Score: 0.0000
41. bwd_bulk_packets               - Score: 0.0000
42. bwd_pkts_payload.min           - Score: 0.0000
43. id.resp_p                      - Score: 0.0000
44. Unnamed: 0                     - Score: 0.0000
45. bwd_pkts_per_sec               - Score: 0.0000
46. bwd_subflow_bytes              - Score: 0.0000
47. flow_iat.min                   - Score: 0.0000
48. flow_iat.avg                   - Score: 0.0000
49. active.min                     - Score: 0.0000
50. active.avg                     - Score: 0.0000
51. active.max                     - Score: 0.0000
52. flow_iat.max                   - Score: 0.0000
53. active.tot                     - Score: 0.0000
54. flow_iat.tot                   - Score: 0.0000
55. bwd_pkts_payload.tot           - Score: 0.0000
56. fwd_pkts_per_sec               - Score: 0.0000
57. flow_pkts_per_sec              - Score: 0.0000
58. fwd_bulk_rate                  - Score: 0.0000
59. bwd_init_window_size           - Score: 0.0000
60. fwd_iat.min                    - Score: 0.0000
61. fwd_iat.avg                    - Score: 0.0000
62. fwd_iat.max                    - Score: 0.0000
63. fwd_iat.tot                    - Score: 0.0000
64. fwd_bulk_bytes                 - Score: 0.0000
65. id.orig_p                      - Score: 0.0000
66. bwd_bulk_bytes                 - Score: 0.0000
67. bwd_iat.min                    - Score: 0.0000
68. payload_bytes_per_second       - Score: 0.0000
69. bwd_bulk_rate                  - Score: 0.0000
70. bwd_iat.std                    - Score: 0.0000
71. flow_iat.std                   - Score: 0.0000
72. bwd_iat.avg                    - Score: 0.0000
73. fwd_iat.std                    - Score: 0.0000
74. bwd_iat.max                    - Score: 0.0000
75. bwd_iat.tot                    - Score: 0.0000
76. active.std                     - Score: 0.0000
77. idle.std                       - Score: 0.0000
78. idle.min                       - Score: 0.0000
79. idle.avg                       - Score: 0.0000
80. idle.max                       - Score: 0.0000
81. idle.tot                       - Score: 0.0000
82. bwd_URG_flag_count             - Score: 0.0000
================================================================================

Features Ranked by Differentiation Strength:
================================================================================
 1. flow_duration                  - Score: 1.0000
 2. fwd_URG_flag_count             - Score: 0.0085
 3. down_up_ratio                  - Score: 0.0046
 4. flow_RST_flag_count            - Score: 0.0031
 5. fwd_PSH_flag_count             - Score: 0.0023
 6. flow_FIN_flag_count            - Score: 0.0020
 7. flow_SYN_flag_count            - Score: 0.0018
 8. fwd_data_pkts_tot              - Score: 0.0013
 9. bwd_subflow_pkts               - Score: 0.0006
10. bwd_PSH_flag_count             - Score: 0.0005
11. bwd_pkts_tot                   - Score: 0.0003
12. fwd_subflow_pkts               - Score: 0.0003
13. fwd_header_size_min            - Score: 0.0003
14. fwd_header_size_max            - Score: 0.0002
15. fwd_pkts_tot                   - Score: 0.0002
16. fwd_pkts_payload.avg           - Score: 0.0002
17. bwd_header_size_min            - Score: 0.0002
18. bwd_data_pkts_tot              - Score: 0.0002
19. bwd_header_size_max            - Score: 0.0001
20. flow_ACK_flag_count            - Score: 0.0001
21. flow_CWR_flag_count            - Score: 0.0001
22. flow_ECE_flag_count            - Score: 0.0001
23. fwd_pkts_payload.min           - Score: 0.0001
24. fwd_pkts_payload.std           - Score: 0.0001
25. fwd_subflow_bytes              - Score: 0.0001
26. fwd_pkts_payload.max           - Score: 0.0001
27. fwd_pkts_payload.tot           - Score: 0.0000
28. flow_pkts_payload.max          - Score: 0.0000
29. flow_pkts_payload.avg          - Score: 0.0000
30. fwd_last_window_size           - Score: 0.0000
31. flow_pkts_payload.tot          - Score: 0.0000
32. bwd_header_size_tot            - Score: 0.0000
33. fwd_init_window_size           - Score: 0.0000
34. flow_pkts_payload.std          - Score: 0.0000
35. bwd_pkts_payload.std           - Score: 0.0000
36. bwd_pkts_payload.avg           - Score: 0.0000
37. flow_pkts_payload.min          - Score: 0.0000
38. fwd_bulk_packets               - Score: 0.0000
39. fwd_header_size_tot            - Score: 0.0000
40. bwd_pkts_payload.min           - Score: 0.0000
41. bwd_pkts_payload.max           - Score: 0.0000
42. bwd_bulk_packets               - Score: 0.0000
43. id.resp_p                      - Score: 0.0000
44. Unnamed: 0                     - Score: 0.0000
45. bwd_pkts_per_sec               - Score: 0.0000
46. flow_iat.min                   - Score: 0.0000
47. bwd_subflow_bytes              - Score: 0.0000
48. flow_iat.avg                   - Score: 0.0000
49. active.min                     - Score: 0.0000
50. active.avg                     - Score: 0.0000
51. flow_iat.max                   - Score: 0.0000
52. active.max                     - Score: 0.0000
53. active.tot                     - Score: 0.0000
54. flow_iat.tot                   - Score: 0.0000
55. bwd_pkts_payload.tot           - Score: 0.0000
56. fwd_pkts_per_sec               - Score: 0.0000
57. flow_pkts_per_sec              - Score: 0.0000
58. payload_bytes_per_second       - Score: 0.0000
59. fwd_iat.min                    - Score: 0.0000
60. fwd_bulk_rate                  - Score: 0.0000
61. bwd_init_window_size           - Score: 0.0000
62. bwd_iat.min                    - Score: 0.0000
63. id.orig_p                      - Score: 0.0000
64. fwd_bulk_bytes                 - Score: 0.0000
65. bwd_bulk_rate                  - Score: 0.0000
66. bwd_bulk_bytes                 - Score: 0.0000
67. bwd_iat.avg                    - Score: 0.0000
68. bwd_iat.std                    - Score: 0.0000
69. flow_iat.std                   - Score: 0.0000
70. fwd_iat.avg                    - Score: 0.0000
71. fwd_iat.std                    - Score: 0.0000
72. bwd_iat.max                    - Score: 0.0000
73. bwd_iat.tot                    - Score: 0.0000
74. fwd_iat.max                    - Score: 0.0000
75. active.std                     - Score: 0.0000
76. fwd_iat.tot                    - Score: 0.0000
77. idle.std                       - Score: 0.0000
78. idle.min                       - Score: 0.0000
79. idle.avg                       - Score: 0.0000
80. idle.max                       - Score: 0.0000
81. idle.tot                       - Score: 0.0000
82. bwd_URG_flag_count             - Score: 0.0000
================================================================================

Features Ranked by Differentiation Strength:
================================================================================
 1. flow_duration                  - Score: 1.0000
 2. fwd_URG_flag_count             - Score: 0.0066
 3. down_up_ratio                  - Score: 0.0034
 4. flow_RST_flag_count            - Score: 0.0028
 5. fwd_PSH_flag_count             - Score: 0.0026
 6. flow_FIN_flag_count            - Score: 0.0021
 7. flow_SYN_flag_count            - Score: 0.0019
 8. fwd_data_pkts_tot              - Score: 0.0013
 9. bwd_subflow_pkts               - Score: 0.0005
10. bwd_pkts_tot                   - Score: 0.0003
11. fwd_header_size_min            - Score: 0.0003
12. fwd_subflow_pkts               - Score: 0.0002
13. bwd_PSH_flag_count             - Score: 0.0002
14. fwd_header_size_max            - Score: 0.0002
15. bwd_header_size_min            - Score: 0.0002
16. fwd_pkts_payload.avg           - Score: 0.0002
17. bwd_header_size_max            - Score: 0.0001
18. bwd_data_pkts_tot              - Score: 0.0001
19. fwd_pkts_tot                   - Score: 0.0001
20. flow_ACK_flag_count            - Score: 0.0001
21. flow_CWR_flag_count            - Score: 0.0001
22. flow_ECE_flag_count            - Score: 0.0001
23. fwd_pkts_payload.min           - Score: 0.0001
24. fwd_pkts_payload.std           - Score: 0.0001
25. fwd_pkts_payload.max           - Score: 0.0001
26. fwd_subflow_bytes              - Score: 0.0001
27. fwd_pkts_payload.tot           - Score: 0.0000
28. flow_pkts_payload.max          - Score: 0.0000
29. flow_pkts_payload.avg          - Score: 0.0000
30. flow_pkts_payload.tot          - Score: 0.0000
31. fwd_last_window_size           - Score: 0.0000
32. bwd_header_size_tot            - Score: 0.0000
33. fwd_init_window_size           - Score: 0.0000
34. flow_pkts_payload.std          - Score: 0.0000
35. bwd_pkts_payload.std           - Score: 0.0000
36. bwd_pkts_payload.avg           - Score: 0.0000
37. flow_pkts_payload.min          - Score: 0.0000
38. bwd_bulk_packets               - Score: 0.0000
39. bwd_pkts_payload.min           - Score: 0.0000
40. fwd_bulk_packets               - Score: 0.0000
41. bwd_pkts_payload.max           - Score: 0.0000
42. fwd_header_size_tot            - Score: 0.0000
43. id.resp_p                      - Score: 0.0000
44. Unnamed: 0                     - Score: 0.0000
45. bwd_pkts_per_sec               - Score: 0.0000
46. bwd_subflow_bytes              - Score: 0.0000
47. flow_iat.min                   - Score: 0.0000
48. flow_iat.avg                   - Score: 0.0000
49. active.min                     - Score: 0.0000
50. flow_iat.max                   - Score: 0.0000
51. active.avg                     - Score: 0.0000
52. active.max                     - Score: 0.0000
53. active.tot                     - Score: 0.0000
54. flow_iat.tot                   - Score: 0.0000
55. bwd_pkts_payload.tot           - Score: 0.0000
56. fwd_pkts_per_sec               - Score: 0.0000
57. flow_pkts_per_sec              - Score: 0.0000
58. fwd_iat.min                    - Score: 0.0000
59. fwd_bulk_rate                  - Score: 0.0000
60. bwd_init_window_size           - Score: 0.0000
61. bwd_iat.min                    - Score: 0.0000
62. fwd_iat.avg                    - Score: 0.0000
63. fwd_iat.max                    - Score: 0.0000
64. fwd_iat.tot                    - Score: 0.0000
65. id.orig_p                      - Score: 0.0000
66. fwd_bulk_bytes                 - Score: 0.0000
67. bwd_bulk_bytes                 - Score: 0.0000
68. payload_bytes_per_second       - Score: 0.0000
69. bwd_bulk_rate                  - Score: 0.0000
70. bwd_iat.avg                    - Score: 0.0000
71. flow_iat.std                   - Score: 0.0000
72. bwd_iat.std                    - Score: 0.0000
73. fwd_iat.std                    - Score: 0.0000
74. bwd_iat.max                    - Score: 0.0000
75. bwd_iat.tot                    - Score: 0.0000
76. active.std                     - Score: 0.0000
77. idle.std                       - Score: 0.0000
78. idle.min                       - Score: 0.0000
79. idle.avg                       - Score: 0.0000
80. idle.max                       - Score: 0.0000
81. idle.tot                       - Score: 0.0000
82. bwd_URG_flag_count             - Score: 0.0000
================================================================================

Features Ranked by Differentiation Strength:
================================================================================
 1. flow_duration                  - Score: 1.0000
 2. fwd_URG_flag_count             - Score: 0.0069
 3. down_up_ratio                  - Score: 0.0036
 4. fwd_PSH_flag_count             - Score: 0.0032
 5. flow_RST_flag_count            - Score: 0.0025
 6. flow_FIN_flag_count            - Score: 0.0023
 7. flow_SYN_flag_count            - Score: 0.0017
 8. fwd_data_pkts_tot              - Score: 0.0012
 9. bwd_subflow_pkts               - Score: 0.0006
10. flow_ACK_flag_count            - Score: 0.0006
11. bwd_pkts_tot                   - Score: 0.0004
12. fwd_header_size_min            - Score: 0.0003
13. fwd_subflow_pkts               - Score: 0.0002
14. bwd_header_size_min            - Score: 0.0002
15. bwd_header_size_max            - Score: 0.0002
16. bwd_PSH_flag_count             - Score: 0.0002
17. fwd_header_size_max            - Score: 0.0002
18. fwd_pkts_payload.avg           - Score: 0.0002
19. fwd_pkts_tot                   - Score: 0.0001
20. bwd_data_pkts_tot              - Score: 0.0001
21. flow_CWR_flag_count            - Score: 0.0001
22. flow_ECE_flag_count            - Score: 0.0001
23. fwd_pkts_payload.std           - Score: 0.0001
24. fwd_pkts_payload.min           - Score: 0.0001
25. fwd_subflow_bytes              - Score: 0.0001
26. fwd_pkts_payload.max           - Score: 0.0001
27. bwd_header_size_tot            - Score: 0.0001
28. fwd_pkts_payload.tot           - Score: 0.0000
29. flow_pkts_payload.max          - Score: 0.0000
30. flow_pkts_payload.avg          - Score: 0.0000
31. flow_pkts_payload.tot          - Score: 0.0000
32. fwd_last_window_size           - Score: 0.0000
33. flow_pkts_payload.std          - Score: 0.0000
34. fwd_init_window_size           - Score: 0.0000
35. bwd_pkts_payload.std           - Score: 0.0000
36. bwd_pkts_payload.avg           - Score: 0.0000
37. flow_pkts_payload.min          - Score: 0.0000
38. fwd_header_size_tot            - Score: 0.0000
39. fwd_bulk_packets               - Score: 0.0000
40. bwd_pkts_payload.min           - Score: 0.0000
41. bwd_pkts_payload.max           - Score: 0.0000
42. id.resp_p                      - Score: 0.0000
43. bwd_bulk_packets               - Score: 0.0000
44. Unnamed: 0                     - Score: 0.0000
45. bwd_pkts_per_sec               - Score: 0.0000
46. flow_iat.min                   - Score: 0.0000
47. bwd_subflow_bytes              - Score: 0.0000
48. flow_iat.avg                   - Score: 0.0000
49. active.min                     - Score: 0.0000
50. active.avg                     - Score: 0.0000
51. flow_iat.max                   - Score: 0.0000
52. active.max                     - Score: 0.0000
53. active.tot                     - Score: 0.0000
54. flow_iat.tot                   - Score: 0.0000
55. fwd_iat.min                    - Score: 0.0000
56. bwd_pkts_payload.tot           - Score: 0.0000
57. fwd_iat.avg                    - Score: 0.0000
58. fwd_iat.max                    - Score: 0.0000
59. fwd_iat.tot                    - Score: 0.0000
60. fwd_pkts_per_sec               - Score: 0.0000
61. flow_pkts_per_sec              - Score: 0.0000
62. bwd_init_window_size           - Score: 0.0000
63. fwd_bulk_rate                  - Score: 0.0000
64. id.orig_p                      - Score: 0.0000
65. fwd_bulk_bytes                 - Score: 0.0000
66. bwd_iat.min                    - Score: 0.0000
67. payload_bytes_per_second       - Score: 0.0000
68. bwd_bulk_rate                  - Score: 0.0000
69. bwd_bulk_bytes                 - Score: 0.0000
70. flow_iat.std                   - Score: 0.0000
71. bwd_iat.avg                    - Score: 0.0000
72. bwd_iat.max                    - Score: 0.0000
73. bwd_iat.tot                    - Score: 0.0000
74. bwd_iat.std                    - Score: 0.0000
75. fwd_iat.std                    - Score: 0.0000
76. active.std                     - Score: 0.0000
77. idle.std                       - Score: 0.0000
78. idle.min                       - Score: 0.0000
79. idle.avg                       - Score: 0.0000
80. idle.max                       - Score: 0.0000
81. idle.tot                       - Score: 0.0000
82. bwd_URG_flag_count             - Score: 0.0000
================================================================================

Features Ranked by Differentiation Strength:
================================================================================
 1. flow_duration                  - Score: 1.0000
 2. fwd_URG_flag_count             - Score: 0.0059
 3. down_up_ratio                  - Score: 0.0044
 4. flow_RST_flag_count            - Score: 0.0025
 5. fwd_PSH_flag_count             - Score: 0.0020
 6. flow_SYN_flag_count            - Score: 0.0019
 7. flow_FIN_flag_count            - Score: 0.0015
 8. fwd_data_pkts_tot              - Score: 0.0012
 9. bwd_subflow_pkts               - Score: 0.0005
10. bwd_PSH_flag_count             - Score: 0.0005
11. bwd_pkts_tot                   - Score: 0.0003
12. fwd_subflow_pkts               - Score: 0.0003
13. fwd_header_size_max            - Score: 0.0002
14. fwd_header_size_min            - Score: 0.0002
15. fwd_pkts_tot                   - Score: 0.0002
16. bwd_data_pkts_tot              - Score: 0.0002
17. fwd_pkts_payload.avg           - Score: 0.0002
18. bwd_header_size_min            - Score: 0.0002
19. bwd_header_size_max            - Score: 0.0001
20. flow_ACK_flag_count            - Score: 0.0001
21. flow_ECE_flag_count            - Score: 0.0001
22. flow_CWR_flag_count            - Score: 0.0001
23. fwd_pkts_payload.min           - Score: 0.0001
24. fwd_pkts_payload.std           - Score: 0.0001
25. fwd_pkts_payload.max           - Score: 0.0001
26. fwd_subflow_bytes              - Score: 0.0001
27. fwd_pkts_payload.tot           - Score: 0.0000
28. flow_pkts_payload.max          - Score: 0.0000
29. flow_pkts_payload.avg          - Score: 0.0000
30. flow_pkts_payload.tot          - Score: 0.0000
31. fwd_last_window_size           - Score: 0.0000
32. bwd_header_size_tot            - Score: 0.0000
33. fwd_init_window_size           - Score: 0.0000
34. flow_pkts_payload.std          - Score: 0.0000
35. bwd_pkts_payload.std           - Score: 0.0000
36. bwd_pkts_payload.avg           - Score: 0.0000
37. flow_pkts_payload.min          - Score: 0.0000
38. fwd_header_size_tot            - Score: 0.0000
39. bwd_pkts_payload.max           - Score: 0.0000
40. bwd_pkts_payload.min           - Score: 0.0000
41. bwd_bulk_packets               - Score: 0.0000
42. id.resp_p                      - Score: 0.0000
43. Unnamed: 0                     - Score: 0.0000
44. fwd_bulk_packets               - Score: 0.0000
45. bwd_pkts_per_sec               - Score: 0.0000
46. bwd_subflow_bytes              - Score: 0.0000
47. flow_iat.min                   - Score: 0.0000
48. flow_iat.avg                   - Score: 0.0000
49. active.min                     - Score: 0.0000
50. active.avg                     - Score: 0.0000
51. flow_iat.max                   - Score: 0.0000
52. active.max                     - Score: 0.0000
53. active.tot                     - Score: 0.0000
54. flow_iat.tot                   - Score: 0.0000
55. bwd_pkts_payload.tot           - Score: 0.0000
56. fwd_pkts_per_sec               - Score: 0.0000
57. flow_pkts_per_sec              - Score: 0.0000
58. fwd_iat.min                    - Score: 0.0000
59. payload_bytes_per_second       - Score: 0.0000
60. fwd_bulk_rate                  - Score: 0.0000
61. bwd_init_window_size           - Score: 0.0000
62. id.orig_p                      - Score: 0.0000
63. fwd_bulk_bytes                 - Score: 0.0000
64. bwd_iat.min                    - Score: 0.0000
65. bwd_bulk_rate                  - Score: 0.0000
66. bwd_bulk_bytes                 - Score: 0.0000
67. bwd_iat.avg                    - Score: 0.0000
68. flow_iat.std                   - Score: 0.0000
69. bwd_iat.std                    - Score: 0.0000
70. fwd_iat.avg                    - Score: 0.0000
71. fwd_iat.std                    - Score: 0.0000
72. bwd_iat.max                    - Score: 0.0000
73. fwd_iat.max                    - Score: 0.0000
74. bwd_iat.tot                    - Score: 0.0000
75. active.std                     - Score: 0.0000
76. fwd_iat.tot                    - Score: 0.0000
77. idle.std                       - Score: 0.0000
78. idle.min                       - Score: 0.0000
79. idle.avg                       - Score: 0.0000
80. idle.max                       - Score: 0.0000
81. idle.tot                       - Score: 0.0000
82. bwd_URG_flag_count             - Score: 0.0000
================================================================================

Features Ranked by Differentiation Strength:
================================================================================
 1. flow_duration                  - Score: 1.0000
 2. fwd_URG_flag_count             - Score: 0.0057
 3. down_up_ratio                  - Score: 0.0036
 4. flow_RST_flag_count            - Score: 0.0027
 5. fwd_PSH_flag_count             - Score: 0.0023
 6. flow_SYN_flag_count            - Score: 0.0021
 7. flow_FIN_flag_count            - Score: 0.0018
 8. fwd_data_pkts_tot              - Score: 0.0014
 9. bwd_subflow_pkts               - Score: 0.0009
10. bwd_pkts_tot                   - Score: 0.0006
11. fwd_subflow_pkts               - Score: 0.0003
12. flow_ACK_flag_count            - Score: 0.0003
13. fwd_header_size_min            - Score: 0.0003
14. bwd_PSH_flag_count             - Score: 0.0003
15. bwd_data_pkts_tot              - Score: 0.0002
16. bwd_header_size_min            - Score: 0.0002
17. bwd_header_size_max            - Score: 0.0002
18. fwd_header_size_max            - Score: 0.0002
19. fwd_pkts_tot                   - Score: 0.0002
20. fwd_pkts_payload.avg           - Score: 0.0002
21. bwd_header_size_tot            - Score: 0.0001
22. flow_ECE_flag_count            - Score: 0.0001
23. flow_CWR_flag_count            - Score: 0.0001
24. fwd_pkts_payload.std           - Score: 0.0001
25. fwd_pkts_payload.min           - Score: 0.0001
26. fwd_subflow_bytes              - Score: 0.0001
27. fwd_pkts_payload.max           - Score: 0.0001
28. fwd_pkts_payload.tot           - Score: 0.0000
29. flow_pkts_payload.max          - Score: 0.0000
30. flow_pkts_payload.avg          - Score: 0.0000
31. flow_pkts_payload.tot          - Score: 0.0000
32. fwd_last_window_size           - Score: 0.0000
33. flow_pkts_payload.std          - Score: 0.0000
34. fwd_init_window_size           - Score: 0.0000
35. bwd_pkts_payload.avg           - Score: 0.0000
36. bwd_pkts_payload.std           - Score: 0.0000
37. flow_pkts_payload.min          - Score: 0.0000
38. fwd_header_size_tot            - Score: 0.0000
39. bwd_pkts_payload.max           - Score: 0.0000
40. fwd_bulk_packets               - Score: 0.0000
41. bwd_pkts_payload.min           - Score: 0.0000
42. id.resp_p                      - Score: 0.0000
43. bwd_bulk_packets               - Score: 0.0000
44. Unnamed: 0                     - Score: 0.0000
45. bwd_pkts_per_sec               - Score: 0.0000
46. bwd_subflow_bytes              - Score: 0.0000
47. bwd_iat.min                    - Score: 0.0000
48. flow_iat.min                   - Score: 0.0000
49. flow_iat.avg                   - Score: 0.0000
50. active.min                     - Score: 0.0000
51. active.avg                     - Score: 0.0000
52. active.max                     - Score: 0.0000
53. flow_iat.max                   - Score: 0.0000
54. active.tot                     - Score: 0.0000
55. flow_iat.tot                   - Score: 0.0000
56. bwd_pkts_payload.tot           - Score: 0.0000
57. fwd_pkts_per_sec               - Score: 0.0000
58. flow_pkts_per_sec              - Score: 0.0000
59. fwd_bulk_rate                  - Score: 0.0000
60. bwd_init_window_size           - Score: 0.0000
61. id.orig_p                      - Score: 0.0000
62. fwd_bulk_bytes                 - Score: 0.0000
63. fwd_iat.min                    - Score: 0.0000
64. payload_bytes_per_second       - Score: 0.0000
65. bwd_bulk_rate                  - Score: 0.0000
66. bwd_bulk_bytes                 - Score: 0.0000
67. bwd_iat.avg                    - Score: 0.0000
68. bwd_iat.std                    - Score: 0.0000
69. flow_iat.std                   - Score: 0.0000
70. fwd_iat.avg                    - Score: 0.0000
71. fwd_iat.std                    - Score: 0.0000
72. bwd_iat.max                    - Score: 0.0000
73. bwd_iat.tot                    - Score: 0.0000
74. fwd_iat.max                    - Score: 0.0000
75. active.std                     - Score: 0.0000
76. fwd_iat.tot                    - Score: 0.0000
77. idle.std                       - Score: 0.0000
78. idle.min                       - Score: 0.0000
79. idle.avg                       - Score: 0.0000
80. idle.max                       - Score: 0.0000
81. idle.tot                       - Score: 0.0000
82. bwd_URG_flag_count             - Score: 0.0000
================================================================================

Features Ranked by Differentiation Strength:
================================================================================
 1. flow_duration                  - Score: 1.0000
 2. fwd_URG_flag_count             - Score: 0.0081
 3. down_up_ratio                  - Score: 0.0037
 4. flow_RST_flag_count            - Score: 0.0024
 5. fwd_PSH_flag_count             - Score: 0.0022
 6. flow_FIN_flag_count            - Score: 0.0019
 7. flow_SYN_flag_count            - Score: 0.0019
 8. fwd_data_pkts_tot              - Score: 0.0012
 9. bwd_subflow_pkts               - Score: 0.0005
10. bwd_pkts_tot                   - Score: 0.0003
11. fwd_header_size_min            - Score: 0.0002
12. fwd_subflow_pkts               - Score: 0.0002
13. bwd_PSH_flag_count             - Score: 0.0002
14. fwd_header_size_max            - Score: 0.0002
15. fwd_pkts_payload.avg           - Score: 0.0002
16. bwd_header_size_min            - Score: 0.0001
17. fwd_pkts_tot                   - Score: 0.0001
18. bwd_header_size_max            - Score: 0.0001
19. bwd_data_pkts_tot              - Score: 0.0001
20. flow_ECE_flag_count            - Score: 0.0001
21. flow_ACK_flag_count            - Score: 0.0001
22. flow_CWR_flag_count            - Score: 0.0001
23. fwd_pkts_payload.min           - Score: 0.0001
24. fwd_pkts_payload.std           - Score: 0.0001
25. fwd_pkts_payload.max           - Score: 0.0001
26. fwd_subflow_bytes              - Score: 0.0001
27. fwd_pkts_payload.tot           - Score: 0.0000
28. flow_pkts_payload.max          - Score: 0.0000
29. flow_pkts_payload.avg          - Score: 0.0000
30. flow_pkts_payload.tot          - Score: 0.0000
31. fwd_last_window_size           - Score: 0.0000
32. fwd_init_window_size           - Score: 0.0000
33. bwd_header_size_tot            - Score: 0.0000
34. flow_pkts_payload.std          - Score: 0.0000
35. bwd_pkts_payload.std           - Score: 0.0000
36. bwd_pkts_payload.avg           - Score: 0.0000
37. flow_pkts_payload.min          - Score: 0.0000
38. fwd_bulk_packets               - Score: 0.0000
39. bwd_pkts_payload.min           - Score: 0.0000
40. bwd_pkts_payload.max           - Score: 0.0000
41. bwd_bulk_packets               - Score: 0.0000
42. fwd_header_size_tot            - Score: 0.0000
43. bwd_pkts_per_sec               - Score: 0.0000
44. id.resp_p                      - Score: 0.0000
45. Unnamed: 0                     - Score: 0.0000
46. flow_iat.min                   - Score: 0.0000
47. fwd_pkts_per_sec               - Score: 0.0000
48. bwd_subflow_bytes              - Score: 0.0000
49. flow_iat.avg                   - Score: 0.0000
50. active.min                     - Score: 0.0000
51. active.avg                     - Score: 0.0000
52. flow_iat.max                   - Score: 0.0000
53. active.max                     - Score: 0.0000
54. active.tot                     - Score: 0.0000
55. flow_iat.tot                   - Score: 0.0000
56. flow_pkts_per_sec              - Score: 0.0000
57. bwd_pkts_payload.tot           - Score: 0.0000
58. fwd_iat.min                    - Score: 0.0000
59. bwd_iat.min                    - Score: 0.0000
60. fwd_bulk_rate                  - Score: 0.0000
61. bwd_init_window_size           - Score: 0.0000
62. id.orig_p                      - Score: 0.0000
63. fwd_bulk_bytes                 - Score: 0.0000
64. payload_bytes_per_second       - Score: 0.0000
65. bwd_bulk_bytes                 - Score: 0.0000
66. bwd_bulk_rate                  - Score: 0.0000
67. bwd_iat.avg                    - Score: 0.0000
68. flow_iat.std                   - Score: 0.0000
69. bwd_iat.std                    - Score: 0.0000
70. fwd_iat.avg                    - Score: 0.0000
71. fwd_iat.std                    - Score: 0.0000
72. bwd_iat.max                    - Score: 0.0000
73. fwd_iat.max                    - Score: 0.0000
74. bwd_iat.tot                    - Score: 0.0000
75. active.std                     - Score: 0.0000
76. fwd_iat.tot                    - Score: 0.0000
77. idle.std                       - Score: 0.0000
78. idle.min                       - Score: 0.0000
79. idle.avg                       - Score: 0.0000
80. idle.max                       - Score: 0.0000
81. idle.tot                       - Score: 0.0000
82. bwd_URG_flag_count             - Score: 0.0000
================================================================================

Features Ranked by Differentiation Strength:
================================================================================
 1. flow_duration                  - Score: 1.0000
 2. fwd_URG_flag_count             - Score: 0.0066
 3. down_up_ratio                  - Score: 0.0048
 4. flow_RST_flag_count            - Score: 0.0030
 5. fwd_PSH_flag_count             - Score: 0.0022
 6. flow_FIN_flag_count            - Score: 0.0018
 7. flow_SYN_flag_count            - Score: 0.0017
 8. bwd_subflow_pkts               - Score: 0.0013
 9. fwd_data_pkts_tot              - Score: 0.0011
10. bwd_pkts_tot                   - Score: 0.0009
11. fwd_subflow_pkts               - Score: 0.0006
12. bwd_data_pkts_tot              - Score: 0.0005
13. bwd_PSH_flag_count             - Score: 0.0005
14. flow_ACK_flag_count            - Score: 0.0004
15. fwd_pkts_tot                   - Score: 0.0004
16. bwd_header_size_min            - Score: 0.0002
17. bwd_header_size_max            - Score: 0.0002
18. fwd_header_size_min            - Score: 0.0002
19. fwd_header_size_max            - Score: 0.0002
20. fwd_pkts_payload.avg           - Score: 0.0002
21. bwd_pkts_payload.avg           - Score: 0.0002
22. bwd_pkts_payload.std           - Score: 0.0002
23. fwd_pkts_payload.std           - Score: 0.0001
24. bwd_header_size_tot            - Score: 0.0001
25. flow_pkts_payload.avg          - Score: 0.0001
26. flow_CWR_flag_count            - Score: 0.0001
27. flow_ECE_flag_count            - Score: 0.0001
28. fwd_pkts_payload.max           - Score: 0.0001
29. flow_pkts_payload.std          - Score: 0.0001
30. fwd_pkts_payload.min           - Score: 0.0001
31. fwd_subflow_bytes              - Score: 0.0001
32. bwd_subflow_bytes              - Score: 0.0001
33. flow_pkts_payload.max          - Score: 0.0001
34. fwd_pkts_payload.tot           - Score: 0.0001
35. bwd_pkts_payload.tot           - Score: 0.0000
36. bwd_pkts_payload.max           - Score: 0.0000
37. flow_pkts_payload.tot          - Score: 0.0000
38. fwd_last_window_size           - Score: 0.0000
39. fwd_init_window_size           - Score: 0.0000
40. fwd_header_size_tot            - Score: 0.0000
41. flow_pkts_payload.min          - Score: 0.0000
42. bwd_bulk_packets               - Score: 0.0000
43. id.resp_p                      - Score: 0.0000
44. payload_bytes_per_second       - Score: 0.0000
45. fwd_bulk_packets               - Score: 0.0000
46. bwd_pkts_payload.min           - Score: 0.0000
47. bwd_pkts_per_sec               - Score: 0.0000
48. fwd_pkts_per_sec               - Score: 0.0000
49. Unnamed: 0                     - Score: 0.0000
50. bwd_iat.min                    - Score: 0.0000
51. flow_pkts_per_sec              - Score: 0.0000
52. flow_iat.min                   - Score: 0.0000
53. flow_iat.avg                   - Score: 0.0000
54. active.min                     - Score: 0.0000
55. active.avg                     - Score: 0.0000
56. flow_iat.max                   - Score: 0.0000
57. active.max                     - Score: 0.0000
58. active.tot                     - Score: 0.0000
59. flow_iat.tot                   - Score: 0.0000
60. fwd_iat.min                    - Score: 0.0000
61. bwd_init_window_size           - Score: 0.0000
62. fwd_bulk_rate                  - Score: 0.0000
63. id.orig_p                      - Score: 0.0000
64. fwd_bulk_bytes                 - Score: 0.0000
65. bwd_bulk_bytes                 - Score: 0.0000
66. bwd_bulk_rate                  - Score: 0.0000
67. bwd_iat.avg                    - Score: 0.0000
68. fwd_iat.avg                    - Score: 0.0000
69. flow_iat.std                   - Score: 0.0000
70. fwd_iat.std                    - Score: 0.0000
71. bwd_iat.std                    - Score: 0.0000
72. bwd_iat.max                    - Score: 0.0000
73. bwd_iat.tot                    - Score: 0.0000
74. fwd_iat.max                    - Score: 0.0000
75. fwd_iat.tot                    - Score: 0.0000
76. active.std                     - Score: 0.0000
77. idle.std                       - Score: 0.0000
78. idle.min                       - Score: 0.0000
79. idle.avg                       - Score: 0.0000
80. idle.max                       - Score: 0.0000
81. idle.tot                       - Score: 0.0000
82. bwd_URG_flag_count             - Score: 0.0000
================================================================================

Features Ranked by Differentiation Strength:
================================================================================
 1. flow_duration                  - Score: 1.0000
 2. fwd_URG_flag_count             - Score: 0.0067
 3. down_up_ratio                  - Score: 0.0032
 4. fwd_PSH_flag_count             - Score: 0.0032
 5. flow_RST_flag_count            - Score: 0.0028
 6. flow_FIN_flag_count            - Score: 0.0022
 7. flow_SYN_flag_count            - Score: 0.0018
 8. fwd_data_pkts_tot              - Score: 0.0012
 9. bwd_subflow_pkts               - Score: 0.0005
10. flow_ACK_flag_count            - Score: 0.0005
11. bwd_pkts_tot                   - Score: 0.0004
12. fwd_subflow_pkts               - Score: 0.0002
13. fwd_header_size_min            - Score: 0.0002
14. bwd_header_size_min            - Score: 0.0002
15. fwd_header_size_max            - Score: 0.0002
16. bwd_header_size_max            - Score: 0.0002
17. bwd_PSH_flag_count             - Score: 0.0002
18. fwd_pkts_payload.avg           - Score: 0.0002
19. fwd_pkts_tot                   - Score: 0.0002
20. bwd_data_pkts_tot              - Score: 0.0001
21. flow_CWR_flag_count            - Score: 0.0001
22. flow_ECE_flag_count            - Score: 0.0001
23. fwd_pkts_payload.std           - Score: 0.0001
24. fwd_pkts_payload.min           - Score: 0.0001
25. fwd_subflow_bytes              - Score: 0.0001
26. fwd_pkts_payload.max           - Score: 0.0001
27. fwd_pkts_payload.tot           - Score: 0.0000
28. bwd_header_size_tot            - Score: 0.0000
29. flow_pkts_payload.max          - Score: 0.0000
30. flow_pkts_payload.avg          - Score: 0.0000
31. flow_pkts_payload.tot          - Score: 0.0000
32. fwd_last_window_size           - Score: 0.0000
33. fwd_init_window_size           - Score: 0.0000
34. flow_pkts_payload.std          - Score: 0.0000
35. bwd_pkts_payload.std           - Score: 0.0000
36. bwd_pkts_payload.avg           - Score: 0.0000
37. flow_pkts_payload.min          - Score: 0.0000
38. fwd_header_size_tot            - Score: 0.0000
39. fwd_bulk_packets               - Score: 0.0000
40. bwd_pkts_payload.min           - Score: 0.0000
41. bwd_pkts_payload.max           - Score: 0.0000
42. id.resp_p                      - Score: 0.0000
43. bwd_bulk_packets               - Score: 0.0000
44. Unnamed: 0                     - Score: 0.0000
45. bwd_pkts_per_sec               - Score: 0.0000
46. bwd_subflow_bytes              - Score: 0.0000
47. flow_iat.min                   - Score: 0.0000
48. flow_iat.avg                   - Score: 0.0000
49. active.min                     - Score: 0.0000
50. active.avg                     - Score: 0.0000
51. active.max                     - Score: 0.0000
52. flow_iat.max                   - Score: 0.0000
53. active.tot                     - Score: 0.0000
54. flow_iat.tot                   - Score: 0.0000
55. bwd_pkts_payload.tot           - Score: 0.0000
56. fwd_iat.min                    - Score: 0.0000
57. fwd_iat.avg                    - Score: 0.0000
58. fwd_iat.max                    - Score: 0.0000
59. fwd_iat.tot                    - Score: 0.0000
60. fwd_pkts_per_sec               - Score: 0.0000
61. flow_pkts_per_sec              - Score: 0.0000
62. fwd_bulk_rate                  - Score: 0.0000
63. bwd_init_window_size           - Score: 0.0000
64. id.orig_p                      - Score: 0.0000
65. fwd_bulk_bytes                 - Score: 0.0000
66. bwd_iat.min                    - Score: 0.0000
67. payload_bytes_per_second       - Score: 0.0000
68. bwd_bulk_rate                  - Score: 0.0000
69. bwd_bulk_bytes                 - Score: 0.0000
70. bwd_iat.avg                    - Score: 0.0000
71. flow_iat.std                   - Score: 0.0000
72. bwd_iat.max                    - Score: 0.0000
73. bwd_iat.tot                    - Score: 0.0000
74. bwd_iat.std                    - Score: 0.0000
75. fwd_iat.std                    - Score: 0.0000
76. active.std                     - Score: 0.0000
77. idle.std                       - Score: 0.0000
78. idle.min                       - Score: 0.0000
79. idle.avg                       - Score: 0.0000
80. idle.max                       - Score: 0.0000
81. idle.tot                       - Score: 0.0000
82. bwd_URG_flag_count             - Score: 0.0000
================================================================================

Features Ranked by Differentiation Strength:
================================================================================
 1. flow_duration                  - Score: 1.0000
 2. fwd_URG_flag_count             - Score: 0.0064
 3. down_up_ratio                  - Score: 0.0037
 4. flow_RST_flag_count            - Score: 0.0024
 5. fwd_PSH_flag_count             - Score: 0.0023
 6. flow_SYN_flag_count            - Score: 0.0023
 7. flow_FIN_flag_count            - Score: 0.0019
 8. fwd_data_pkts_tot              - Score: 0.0012
 9. bwd_subflow_pkts               - Score: 0.0007
10. bwd_pkts_tot                   - Score: 0.0005
11. flow_ACK_flag_count            - Score: 0.0003
12. fwd_header_size_min            - Score: 0.0002
13. fwd_subflow_pkts               - Score: 0.0002
14. fwd_pkts_payload.avg           - Score: 0.0002
15. bwd_header_size_min            - Score: 0.0002
16. fwd_pkts_payload.std           - Score: 0.0002
17. fwd_header_size_max            - Score: 0.0002
18. bwd_PSH_flag_count             - Score: 0.0002
19. bwd_header_size_max            - Score: 0.0002
20. fwd_pkts_tot                   - Score: 0.0001
21. bwd_data_pkts_tot              - Score: 0.0001
22. flow_CWR_flag_count            - Score: 0.0001
23. bwd_pkts_payload.std           - Score: 0.0001
24. flow_ECE_flag_count            - Score: 0.0001
25. fwd_pkts_payload.min           - Score: 0.0001
26. fwd_subflow_bytes              - Score: 0.0001
27. fwd_pkts_payload.max           - Score: 0.0001
28. bwd_header_size_tot            - Score: 0.0001
29. fwd_pkts_payload.tot           - Score: 0.0001
30. flow_pkts_payload.max          - Score: 0.0000
31. flow_pkts_payload.std          - Score: 0.0000
32. flow_pkts_payload.avg          - Score: 0.0000
33. flow_pkts_payload.tot          - Score: 0.0000
34. fwd_last_window_size           - Score: 0.0000
35. fwd_init_window_size           - Score: 0.0000
36. bwd_pkts_payload.avg           - Score: 0.0000
37. flow_pkts_payload.min          - Score: 0.0000
38. fwd_bulk_packets               - Score: 0.0000
39. bwd_pkts_payload.max           - Score: 0.0000
40. id.resp_p                      - Score: 0.0000
41. fwd_header_size_tot            - Score: 0.0000
42. bwd_pkts_payload.min           - Score: 0.0000
43. bwd_bulk_packets               - Score: 0.0000
44. Unnamed: 0                     - Score: 0.0000
45. bwd_pkts_per_sec               - Score: 0.0000
46. flow_iat.min                   - Score: 0.0000
47. bwd_subflow_bytes              - Score: 0.0000
48. flow_iat.avg                   - Score: 0.0000
49. active.min                     - Score: 0.0000
50. active.avg                     - Score: 0.0000
51. flow_iat.max                   - Score: 0.0000
52. active.max                     - Score: 0.0000
53. active.tot                     - Score: 0.0000
54. flow_iat.tot                   - Score: 0.0000
55. fwd_pkts_per_sec               - Score: 0.0000
56. bwd_pkts_payload.tot           - Score: 0.0000
57. flow_pkts_per_sec              - Score: 0.0000
58. fwd_bulk_rate                  - Score: 0.0000
59. bwd_init_window_size           - Score: 0.0000
60. fwd_bulk_bytes                 - Score: 0.0000
61. id.orig_p                      - Score: 0.0000
62. bwd_iat.min                    - Score: 0.0000
63. fwd_iat.min                    - Score: 0.0000
64. payload_bytes_per_second       - Score: 0.0000
65. bwd_bulk_rate                  - Score: 0.0000
66. bwd_bulk_bytes                 - Score: 0.0000
67. bwd_iat.std                    - Score: 0.0000
68. fwd_iat.avg                    - Score: 0.0000
69. bwd_iat.avg                    - Score: 0.0000
70. flow_iat.std                   - Score: 0.0000
71. fwd_iat.std                    - Score: 0.0000
72. active.std                     - Score: 0.0000
73. bwd_iat.max                    - Score: 0.0000
74. fwd_iat.max                    - Score: 0.0000
75. bwd_iat.tot                    - Score: 0.0000
76. fwd_iat.tot                    - Score: 0.0000
77. idle.std                       - Score: 0.0000
78. idle.min                       - Score: 0.0000
79. idle.avg                       - Score: 0.0000
80. idle.max                       - Score: 0.0000
81. idle.tot                       - Score: 0.0000
82. bwd_URG_flag_count             - Score: 0.0000
================================================================================
  done: held-out class NMAP_TCP_scan

Features Ranked by Differentiation Strength:
================================================================================
 1. flow_duration                  - Score: 1.0000
 2. fwd_URG_flag_count             - Score: 0.0079
 3. flow_FIN_flag_count            - Score: 0.0030
 4. fwd_PSH_flag_count             - Score: 0.0028
 5. flow_RST_flag_count            - Score: 0.0028
 6. down_up_ratio                  - Score: 0.0027
 7. fwd_data_pkts_tot              - Score: 0.0020
 8. flow_SYN_flag_count            - Score: 0.0020
 9. fwd_pkts_payload.avg           - Score: 0.0006
10. fwd_header_size_max            - Score: 0.0005
11. fwd_header_size_min            - Score: 0.0004
12. bwd_subflow_pkts               - Score: 0.0003
13. fwd_pkts_payload.max           - Score: 0.0002
14. fwd_subflow_bytes              - Score: 0.0002
15. fwd_subflow_pkts               - Score: 0.0002
16. flow_pkts_payload.max          - Score: 0.0002
17. fwd_pkts_payload.tot           - Score: 0.0002
18. bwd_PSH_flag_count             - Score: 0.0002
19. fwd_pkts_payload.std           - Score: 0.0002
20. flow_pkts_payload.tot          - Score: 0.0002
21. bwd_pkts_tot                   - Score: 0.0001
22. fwd_pkts_tot                   - Score: 0.0001
23. bwd_data_pkts_tot              - Score: 0.0001
24. flow_ACK_flag_count            - Score: 0.0001
25. fwd_pkts_payload.min           - Score: 0.0001
26. bwd_header_size_max            - Score: 0.0001
27. flow_CWR_flag_count            - Score: 0.0001
28. flow_ECE_flag_count            - Score: 0.0001
29. bwd_pkts_payload.std           - Score: 0.0001
30. bwd_header_size_min            - Score: 0.0001
31. flow_pkts_payload.avg          - Score: 0.0000
32. flow_pkts_payload.std          - Score: 0.0000
33. fwd_last_window_size           - Score: 0.0000
34. fwd_init_window_size           - Score: 0.0000
35. bwd_pkts_payload.avg           - Score: 0.0000
36. fwd_header_size_tot            - Score: 0.0000
37. flow_pkts_payload.min          - Score: 0.0000
38. bwd_header_size_tot            - Score: 0.0000
39. fwd_bulk_packets               - Score: 0.0000
40. bwd_pkts_payload.max           - Score: 0.0000
41. bwd_bulk_packets               - Score: 0.0000
42. bwd_pkts_payload.min           - Score: 0.0000
43. id.resp_p                      - Score: 0.0000
44. Unnamed: 0                     - Score: 0.0000
45. flow_iat.min                   - Score: 0.0000
46. bwd_subflow_bytes              - Score: 0.0000
47. flow_iat.avg                   - Score: 0.0000
48. flow_iat.max                   - Score: 0.0000
49. active.min                     - Score: 0.0000
50. active.avg                     - Score: 0.0000
51. active.max                     - Score: 0.0000
52. active.tot                     - Score: 0.0000
53. flow_iat.tot                   - Score: 0.0000
54. bwd_pkts_per_sec               - Score: 0.0000
55. bwd_pkts_payload.tot           - Score: 0.0000
56. fwd_pkts_per_sec               - Score: 0.0000
57. flow_pkts_per_sec              - Score: 0.0000
58. fwd_iat.min                    - Score: 0.0000
59. bwd_init_window_size           - Score: 0.0000
60. bwd_iat.min                    - Score: 0.0000
61. id.orig_p                      - Score: 0.0000
62. fwd_bulk_bytes                 - Score: 0.0000
63. fwd_bulk_rate                  - Score: 0.0000
64. payload_bytes_per_second       - Score: 0.0000
65. bwd_bulk_bytes                 - Score: 0.0000
66. bwd_bulk_rate                  - Score: 0.0000
67. flow_iat.std                   - Score: 0.0000
68. fwd_iat.avg                    - Score: 0.0000
69. fwd_iat.std                    - Score: 0.0000
70. fwd_iat.max                    - Score: 0.0000
71. fwd_iat.tot                    - Score: 0.0000
72. bwd_iat.std                    - Score: 0.0000
73. bwd_iat.avg                    - Score: 0.0000
74. bwd_iat.max                    - Score: 0.0000
75. active.std                     - Score: 0.0000
76. bwd_iat.tot                    - Score: 0.0000
77. idle.std                       - Score: 0.0000
78. idle.min                       - Score: 0.0000
79. idle.avg                       - Score: 0.0000
80. idle.max                       - Score: 0.0000
81. idle.tot                       - Score: 0.0000
82. bwd_URG_flag_count             - Score: 0.0000
================================================================================

Features Ranked by Differentiation Strength:
================================================================================
 1. flow_duration                  - Score: 1.0000
 2. fwd_URG_flag_count             - Score: 0.0061
 3. flow_RST_flag_count            - Score: 0.0038
 4. down_up_ratio                  - Score: 0.0035
 5. flow_FIN_flag_count            - Score: 0.0026
 6. fwd_PSH_flag_count             - Score: 0.0025
 7. flow_SYN_flag_count            - Score: 0.0022
 8. fwd_data_pkts_tot              - Score: 0.0016
 9. fwd_pkts_payload.avg           - Score: 0.0005
10. fwd_header_size_max            - Score: 0.0005
11. fwd_header_size_min            - Score: 0.0005
12. bwd_PSH_flag_count             - Score: 0.0004
13. bwd_subflow_pkts               - Score: 0.0004
14. fwd_subflow_pkts               - Score: 0.0003
15. fwd_pkts_payload.max           - Score: 0.0002
16. fwd_pkts_tot                   - Score: 0.0002
17. flow_pkts_payload.max          - Score: 0.0002
18. bwd_data_pkts_tot              - Score: 0.0002
19. fwd_subflow_bytes              - Score: 0.0002
20. fwd_pkts_payload.tot           - Score: 0.0002
21. bwd_pkts_tot                   - Score: 0.0002
22. flow_pkts_payload.tot          - Score: 0.0001
23. flow_ACK_flag_count            - Score: 0.0001
24. fwd_pkts_payload.min           - Score: 0.0001
25. bwd_header_size_max            - Score: 0.0001
26. flow_CWR_flag_count            - Score: 0.0001
27. flow_ECE_flag_count            - Score: 0.0001
28. bwd_header_size_min            - Score: 0.0001
29. fwd_pkts_payload.std           - Score: 0.0001
30. flow_pkts_payload.avg          - Score: 0.0000
31. fwd_last_window_size           - Score: 0.0000
32. fwd_init_window_size           - Score: 0.0000
33. flow_pkts_payload.std          - Score: 0.0000
34. bwd_pkts_payload.avg           - Score: 0.0000
35. fwd_header_size_tot            - Score: 0.0000
36. bwd_pkts_payload.std           - Score: 0.0000
37. bwd_header_size_tot            - Score: 0.0000
38. flow_pkts_payload.min          - Score: 0.0000
39. flow_iat.min                   - Score: 0.0000
40. fwd_bulk_packets               - Score: 0.0000
41. bwd_pkts_payload.max           - Score: 0.0000
42. bwd_pkts_payload.min           - Score: 0.0000
43. bwd_bulk_packets               - Score: 0.0000
44. id.resp_p                      - Score: 0.0000
45. Unnamed: 0                     - Score: 0.0000
46. bwd_pkts_per_sec               - Score: 0.0000
47. bwd_subflow_bytes              - Score: 0.0000
48. fwd_pkts_per_sec               - Score: 0.0000
49. flow_iat.avg                   - Score: 0.0000
50. flow_iat.max                   - Score: 0.0000
51. active.min                     - Score: 0.0000
52. active.avg                     - Score: 0.0000
53. active.max                     - Score: 0.0000
54. active.tot                     - Score: 0.0000
55. flow_iat.tot                   - Score: 0.0000
56. flow_pkts_per_sec              - Score: 0.0000
57. bwd_pkts_payload.tot           - Score: 0.0000
58. fwd_iat.min                    - Score: 0.0000
59. payload_bytes_per_second       - Score: 0.0000
60. bwd_init_window_size           - Score: 0.0000
61. fwd_iat.avg                    - Score: 0.0000
62. fwd_iat.max                    - Score: 0.0000
63. fwd_iat.tot                    - Score: 0.0000
64. id.orig_p                      - Score: 0.0000
65. bwd_iat.min                    - Score: 0.0000
66. fwd_bulk_bytes                 - Score: 0.0000
67. bwd_bulk_rate                  - Score: 0.0000
68. bwd_bulk_bytes                 - Score: 0.0000
69. fwd_bulk_rate                  - Score: 0.0000
70. fwd_iat.std                    - Score: 0.0000
71. flow_iat.std                   - Score: 0.0000
72. bwd_iat.avg                    - Score: 0.0000
73. bwd_iat.std                    - Score: 0.0000
74. bwd_iat.max                    - Score: 0.0000
75. bwd_iat.tot                    - Score: 0.0000
76. active.std                     - Score: 0.0000
77. idle.std                       - Score: 0.0000
78. idle.min                       - Score: 0.0000
79. idle.avg                       - Score: 0.0000
80. idle.max                       - Score: 0.0000
81. idle.tot                       - Score: 0.0000
82. bwd_URG_flag_count             - Score: 0.0000
================================================================================

Features Ranked by Differentiation Strength:
================================================================================
 1. flow_duration                  - Score: 1.0000
 2. fwd_URG_flag_count             - Score: 0.0076
 3. fwd_PSH_flag_count             - Score: 0.0036
 4. flow_FIN_flag_count            - Score: 0.0030
 5. flow_SYN_flag_count            - Score: 0.0026
 6. down_up_ratio                  - Score: 0.0026
 7. flow_RST_flag_count            - Score: 0.0021
 8. fwd_data_pkts_tot              - Score: 0.0015
 9. fwd_header_size_min            - Score: 0.0005
10. bwd_subflow_pkts               - Score: 0.0003
11. fwd_header_size_max            - Score: 0.0002
12. fwd_subflow_pkts               - Score: 0.0002
13. fwd_pkts_payload.avg           - Score: 0.0002
14. bwd_PSH_flag_count             - Score: 0.0002
15. fwd_pkts_tot                   - Score: 0.0001
16. bwd_pkts_tot                   - Score: 0.0001
17. bwd_data_pkts_tot              - Score: 0.0001
18. bwd_header_size_max            - Score: 0.0001
19. flow_ACK_flag_count            - Score: 0.0001
20. flow_CWR_flag_count            - Score: 0.0001
21. flow_ECE_flag_count            - Score: 0.0001
22. bwd_header_size_min            - Score: 0.0001
23. fwd_pkts_payload.min           - Score: 0.0001
24. fwd_pkts_payload.std           - Score: 0.0001
25. fwd_subflow_bytes              - Score: 0.0001
26. fwd_pkts_payload.max           - Score: 0.0001
27. fwd_pkts_payload.tot           - Score: 0.0001
28. fwd_init_window_size           - Score: 0.0001
29. flow_pkts_payload.max          - Score: 0.0001
30. flow_pkts_payload.tot          - Score: 0.0000
31. flow_pkts_payload.avg          - Score: 0.0000
32. fwd_last_window_size           - Score: 0.0000
33. flow_pkts_payload.std          - Score: 0.0000
34. fwd_header_size_tot            - Score: 0.0000
35. bwd_pkts_payload.std           - Score: 0.0000
36. bwd_pkts_payload.avg           - Score: 0.0000
37. flow_pkts_payload.min          - Score: 0.0000
38. bwd_header_size_tot            - Score: 0.0000
39. bwd_bulk_packets               - Score: 0.0000
40. bwd_pkts_payload.min           - Score: 0.0000
41. bwd_pkts_payload.max           - Score: 0.0000
42. fwd_bulk_packets               - Score: 0.0000
43. flow_iat.min                   - Score: 0.0000
44. id.resp_p                      - Score: 0.0000
45. Unnamed: 0                     - Score: 0.0000
46. bwd_subflow_bytes              - Score: 0.0000
47. flow_iat.avg                   - Score: 0.0000
48. flow_iat.max                   - Score: 0.0000
49. active.min                     - Score: 0.0000
50. active.avg                     - Score: 0.0000
51. active.max                     - Score: 0.0000
52. active.tot                     - Score: 0.0000
53. flow_iat.tot                   - Score: 0.0000
54. bwd_pkts_payload.tot           - Score: 0.0000
55. bwd_pkts_per_sec               - Score: 0.0000
56. fwd_pkts_per_sec               - Score: 0.0000
57. flow_pkts_per_sec              - Score: 0.0000
58. fwd_iat.min                    - Score: 0.0000
59. bwd_init_window_size           - Score: 0.0000
60. fwd_iat.avg                    - Score: 0.0000
61. fwd_iat.max                    - Score: 0.0000
62. fwd_iat.tot                    - Score: 0.0000
63. id.orig_p                      - Score: 0.0000
64. bwd_iat.min                    - Score: 0.0000
65. payload_bytes_per_second       - Score: 0.0000
66. bwd_bulk_bytes                 - Score: 0.0000
67. fwd_bulk_rate                  - Score: 0.0000
68. fwd_bulk_bytes                 - Score: 0.0000
69. bwd_bulk_rate                  - Score: 0.0000
70. fwd_iat.std                    - Score: 0.0000
71. flow_iat.std                   - Score: 0.0000
72. bwd_iat.avg                    - Score: 0.0000
73. bwd_iat.std                    - Score: 0.0000
74. bwd_iat.max                    - Score: 0.0000
75. bwd_iat.tot                    - Score: 0.0000
76. active.std                     - Score: 0.0000
77. idle.std                       - Score: 0.0000
78. idle.min                       - Score: 0.0000
79. idle.avg                       - Score: 0.0000
80. idle.max                       - Score: 0.0000
81. idle.tot                       - Score: 0.0000
82. bwd_URG_flag_count             - Score: 0.0000
================================================================================

Features Ranked by Differentiation Strength:
================================================================================
 1. flow_duration                  - Score: 1.0000
 2. fwd_URG_flag_count             - Score: 0.0067
 3. down_up_ratio                  - Score: 0.0029
 4. fwd_PSH_flag_count             - Score: 0.0026
 5. flow_SYN_flag_count            - Score: 0.0023
 6. flow_RST_flag_count            - Score: 0.0022
 7. flow_FIN_flag_count            - Score: 0.0020
 8. fwd_data_pkts_tot              - Score: 0.0015
 9. fwd_header_size_min            - Score: 0.0005
10. bwd_subflow_pkts               - Score: 0.0003
11. fwd_subflow_pkts               - Score: 0.0003
12. bwd_PSH_flag_count             - Score: 0.0002
13. fwd_header_size_max            - Score: 0.0002
14. fwd_pkts_payload.avg           - Score: 0.0002
15. fwd_pkts_tot                   - Score: 0.0002
16. bwd_data_pkts_tot              - Score: 0.0002
17. bwd_pkts_tot                   - Score: 0.0001
18. flow_ECE_flag_count            - Score: 0.0001
19. fwd_pkts_payload.min           - Score: 0.0001
20. bwd_header_size_max            - Score: 0.0001
21. flow_CWR_flag_count            - Score: 0.0001
22. flow_ACK_flag_count            - Score: 0.0001
23. bwd_header_size_min            - Score: 0.0001
24. fwd_subflow_bytes              - Score: 0.0001
25. fwd_pkts_payload.std           - Score: 0.0001
26. fwd_pkts_payload.max           - Score: 0.0001
27. fwd_pkts_payload.tot           - Score: 0.0001
28. fwd_init_window_size           - Score: 0.0001
29. flow_pkts_payload.max          - Score: 0.0001
30. flow_pkts_payload.tot          - Score: 0.0000
31. flow_pkts_payload.avg          - Score: 0.0000
32. fwd_last_window_size           - Score: 0.0000
33. flow_pkts_payload.std          - Score: 0.0000
34. fwd_header_size_tot            - Score: 0.0000
35. bwd_pkts_payload.std           - Score: 0.0000
36. bwd_pkts_payload.avg           - Score: 0.0000
37. flow_pkts_payload.min          - Score: 0.0000
38. bwd_header_size_tot            - Score: 0.0000
39. fwd_bulk_packets               - Score: 0.0000
40. bwd_pkts_payload.max           - Score: 0.0000
41. bwd_pkts_payload.min           - Score: 0.0000
42. bwd_bulk_packets               - Score: 0.0000
43. flow_iat.min                   - Score: 0.0000
44. id.resp_p                      - Score: 0.0000
45. Unnamed: 0                     - Score: 0.0000
46. bwd_subflow_bytes              - Score: 0.0000
47. flow_iat.avg                   - Score: 0.0000
48. flow_iat.max                   - Score: 0.0000
49. active.min                     - Score: 0.0000
50. active.avg                     - Score: 0.0000
51. active.max                     - Score: 0.0000
52. active.tot                     - Score: 0.0000
53. flow_iat.tot                   - Score: 0.0000
54. bwd_pkts_per_sec               - Score: 0.0000
55. bwd_pkts_payload.tot           - Score: 0.0000
56. fwd_pkts_per_sec               - Score: 0.0000
57. flow_pkts_per_sec              - Score: 0.0000
58. fwd_iat.min                    - Score: 0.0000
59. bwd_init_window_size           - Score: 0.0000
60. id.orig_p                      - Score: 0.0000
61. bwd_iat.min                    - Score: 0.0000
62. fwd_bulk_bytes                 - Score: 0.0000
63. fwd_bulk_rate                  - Score: 0.0000
64. payload_bytes_per_second       - Score: 0.0000
65. bwd_bulk_rate                  - Score: 0.0000
66. bwd_bulk_bytes                 - Score: 0.0000
67. flow_iat.std                   - Score: 0.0000
68. fwd_iat.std                    - Score: 0.0000
69. fwd_iat.avg                    - Score: 0.0000
70. fwd_iat.max                    - Score: 0.0000
71. bwd_iat.avg                    - Score: 0.0000
72. fwd_iat.tot                    - Score: 0.0000
73. bwd_iat.std                    - Score: 0.0000
74. bwd_iat.max                    - Score: 0.0000
75. bwd_iat.tot                    - Score: 0.0000
76. active.std                     - Score: 0.0000
77. idle.std                       - Score: 0.0000
78. idle.min                       - Score: 0.0000
79. idle.avg                       - Score: 0.0000
80. idle.max                       - Score: 0.0000
81. idle.tot                       - Score: 0.0000
82. bwd_URG_flag_count             - Score: 0.0000
================================================================================

Features Ranked by Differentiation Strength:
================================================================================
 1. flow_duration                  - Score: 1.0000
 2. fwd_URG_flag_count             - Score: 0.0058
 3. down_up_ratio                  - Score: 0.0036
 4. flow_SYN_flag_count            - Score: 0.0030
 5. flow_RST_flag_count            - Score: 0.0028
 6. fwd_PSH_flag_count             - Score: 0.0026
 7. flow_FIN_flag_count            - Score: 0.0020
 8. fwd_data_pkts_tot              - Score: 0.0017
 9. bwd_subflow_pkts               - Score: 0.0005
10. fwd_pkts_payload.avg           - Score: 0.0005
11. bwd_PSH_flag_count             - Score: 0.0005
12. fwd_header_size_max            - Score: 0.0005
13. fwd_header_size_min            - Score: 0.0004
14. flow_ACK_flag_count            - Score: 0.0004
15. fwd_subflow_pkts               - Score: 0.0004
16. fwd_pkts_tot                   - Score: 0.0003
17. bwd_pkts_tot                   - Score: 0.0003
18. bwd_data_pkts_tot              - Score: 0.0002
19. fwd_pkts_payload.max           - Score: 0.0002
20. flow_pkts_payload.max          - Score: 0.0002
21. fwd_subflow_bytes              - Score: 0.0002
22. fwd_pkts_payload.tot           - Score: 0.0001
23. bwd_header_size_min            - Score: 0.0001
24. flow_pkts_payload.tot          - Score: 0.0001
25. bwd_header_size_max            - Score: 0.0001
26. fwd_pkts_payload.min           - Score: 0.0001
27. fwd_pkts_payload.std           - Score: 0.0001
28. flow_ECE_flag_count            - Score: 0.0001
29. flow_CWR_flag_count            - Score: 0.0001
30. bwd_header_size_tot            - Score: 0.0000
31. flow_pkts_payload.avg          - Score: 0.0000
32. fwd_last_window_size           - Score: 0.0000
33. flow_pkts_payload.std          - Score: 0.0000
34. fwd_init_window_size           - Score: 0.0000
35. fwd_header_size_tot            - Score: 0.0000
36. bwd_pkts_payload.std           - Score: 0.0000
37. bwd_pkts_payload.avg           - Score: 0.0000
38. flow_pkts_payload.min          - Score: 0.0000
39. bwd_pkts_payload.max           - Score: 0.0000
40. bwd_pkts_payload.min           - Score: 0.0000
41. id.resp_p                      - Score: 0.0000
42. bwd_bulk_packets               - Score: 0.0000
43. bwd_pkts_per_sec               - Score: 0.0000
44. fwd_pkts_per_sec               - Score: 0.0000
45. Unnamed: 0                     - Score: 0.0000
46. flow_iat.min                   - Score: 0.0000
47. bwd_subflow_bytes              - Score: 0.0000
48. fwd_bulk_packets               - Score: 0.0000
49. flow_pkts_per_sec              - Score: 0.0000
50. flow_iat.avg                   - Score: 0.0000
51. active.min                     - Score: 0.0000
52. flow_iat.max                   - Score: 0.0000
53. active.avg                     - Score: 0.0000
54. active.max                     - Score: 0.0000
55. active.tot                     - Score: 0.0000
56. flow_iat.tot                   - Score: 0.0000
57. fwd_iat.min                    - Score: 0.0000
58. bwd_pkts_payload.tot           - Score: 0.0000
59. fwd_iat.avg                    - Score: 0.0000
60. fwd_iat.max                    - Score: 0.0000
61. fwd_iat.tot                    - Score: 0.0000
62. payload_bytes_per_second       - Score: 0.0000
63. bwd_init_window_size           - Score: 0.0000
64. id.orig_p                      - Score: 0.0000
65. bwd_iat.min                    - Score: 0.0000
66. bwd_bulk_rate                  - Score: 0.0000
67. bwd_bulk_bytes                 - Score: 0.0000
68. fwd_bulk_bytes                 - Score: 0.0000
69. flow_iat.std                   - Score: 0.0000
70. fwd_iat.std                    - Score: 0.0000
71. bwd_iat.avg                    - Score: 0.0000
72. bwd_iat.std                    - Score: 0.0000
73. bwd_iat.max                    - Score: 0.0000
74. bwd_iat.tot                    - Score: 0.0000
75. active.std                     - Score: 0.0000
76. fwd_bulk_rate                  - Score: 0.0000
77. idle.std                       - Score: 0.0000
78. idle.min                       - Score: 0.0000
79. idle.avg                       - Score: 0.0000
80. idle.max                       - Score: 0.0000
81. idle.tot                       - Score: 0.0000
82. bwd_URG_flag_count             - Score: 0.0000
================================================================================

Features Ranked by Differentiation Strength:
================================================================================
 1. flow_duration                  - Score: 1.0000
 2. fwd_URG_flag_count             - Score: 0.0059
 3. flow_RST_flag_count            - Score: 0.0029
 4. down_up_ratio                  - Score: 0.0027
 5. flow_SYN_flag_count            - Score: 0.0024
 6. fwd_PSH_flag_count             - Score: 0.0023
 7. flow_FIN_flag_count            - Score: 0.0020
 8. fwd_data_pkts_tot              - Score: 0.0018
 9. fwd_pkts_payload.avg           - Score: 0.0006
10. fwd_header_size_min            - Score: 0.0006
11. fwd_header_size_max            - Score: 0.0005
12. bwd_subflow_pkts               - Score: 0.0003
13. fwd_subflow_pkts               - Score: 0.0003
14. bwd_PSH_flag_count             - Score: 0.0002
15. fwd_pkts_payload.max           - Score: 0.0002
16. flow_pkts_payload.max          - Score: 0.0002
17. fwd_subflow_bytes              - Score: 0.0002
18. bwd_data_pkts_tot              - Score: 0.0002
19. fwd_pkts_payload.tot           - Score: 0.0002
20. fwd_pkts_tot                   - Score: 0.0002
21. flow_pkts_payload.tot          - Score: 0.0002
22. bwd_pkts_tot                   - Score: 0.0001
23. flow_ACK_flag_count            - Score: 0.0001
24. fwd_pkts_payload.min           - Score: 0.0001
25. flow_ECE_flag_count            - Score: 0.0001
26. flow_CWR_flag_count            - Score: 0.0001
27. bwd_header_size_min            - Score: 0.0001
28. fwd_pkts_payload.std           - Score: 0.0001
29. bwd_header_size_max            - Score: 0.0001
30. flow_pkts_payload.avg          - Score: 0.0000
31. fwd_last_window_size           - Score: 0.0000
32. fwd_init_window_size           - Score: 0.0000
33. flow_pkts_payload.std          - Score: 0.0000
34. bwd_pkts_payload.std           - Score: 0.0000
35. bwd_pkts_payload.avg           - Score: 0.0000
36. fwd_header_size_tot            - Score: 0.0000
37. flow_pkts_payload.min          - Score: 0.0000
38. bwd_header_size_tot            - Score: 0.0000
39. bwd_pkts_payload.min           - Score: 0.0000
40. bwd_pkts_payload.max           - Score: 0.0000
41. fwd_bulk_packets               - Score: 0.0000
42. bwd_bulk_packets               - Score: 0.0000
43. id.resp_p                      - Score: 0.0000
44. Unnamed: 0                     - Score: 0.0000
45. bwd_pkts_per_sec               - Score: 0.0000
46. fwd_pkts_per_sec               - Score: 0.0000
47. flow_iat.min                   - Score: 0.0000
48. bwd_subflow_bytes              - Score: 0.0000
49. flow_pkts_per_sec              - Score: 0.0000
50. flow_iat.avg                   - Score: 0.0000
51. flow_iat.max                   - Score: 0.0000
52. active.min                     - Score: 0.0000
53. active.avg                     - Score: 0.0000
54. active.max                     - Score: 0.0000
55. active.tot                     - Score: 0.0000
56. flow_iat.tot                   - Score: 0.0000
57. fwd_iat.min                    - Score: 0.0000
58. bwd_pkts_payload.tot           - Score: 0.0000
59. bwd_iat.min                    - Score: 0.0000
60. payload_bytes_per_second       - Score: 0.0000
61. bwd_init_window_size           - Score: 0.0000
62. id.orig_p                      - Score: 0.0000
63. fwd_bulk_bytes                 - Score: 0.0000
64. bwd_bulk_rate                  - Score: 0.0000
65. bwd_bulk_bytes                 - Score: 0.0000
66. fwd_bulk_rate                  - Score: 0.0000
67. flow_iat.std                   - Score: 0.0000
68. fwd_iat.avg                    - Score: 0.0000
69. fwd_iat.std                    - Score: 0.0000
70. fwd_iat.max                    - Score: 0.0000
71. fwd_iat.tot                    - Score: 0.0000
72. bwd_iat.std                    - Score: 0.0000
73. bwd_iat.avg                    - Score: 0.0000
74. bwd_iat.max                    - Score: 0.0000
75. bwd_iat.tot                    - Score: 0.0000
76. active.std                     - Score: 0.0000
77. idle.std                       - Score: 0.0000
78. idle.min                       - Score: 0.0000
79. idle.avg                       - Score: 0.0000
80. idle.max                       - Score: 0.0000
81. idle.tot                       - Score: 0.0000
82. bwd_URG_flag_count             - Score: 0.0000
================================================================================

Features Ranked by Differentiation Strength:
================================================================================
 1. flow_duration                  - Score: 1.0000
 2. fwd_URG_flag_count             - Score: 0.0057
 3. down_up_ratio                  - Score: 0.0029
 4. flow_RST_flag_count            - Score: 0.0027
 5. flow_SYN_flag_count            - Score: 0.0023
 6. fwd_PSH_flag_count             - Score: 0.0021
 7. flow_FIN_flag_count            - Score: 0.0020
 8. fwd_data_pkts_tot              - Score: 0.0017
 9. fwd_pkts_payload.avg           - Score: 0.0005
10. fwd_header_size_min            - Score: 0.0004
11. fwd_header_size_max            - Score: 0.0004
12. bwd_subflow_pkts               - Score: 0.0004
13. fwd_subflow_pkts               - Score: 0.0003
14. bwd_PSH_flag_count             - Score: 0.0002
15. bwd_data_pkts_tot              - Score: 0.0002
16. fwd_pkts_payload.max           - Score: 0.0002
17. fwd_pkts_tot                   - Score: 0.0002
18. flow_pkts_payload.max          - Score: 0.0002
19. bwd_pkts_tot                   - Score: 0.0002
20. fwd_subflow_bytes              - Score: 0.0002
21. fwd_pkts_payload.tot           - Score: 0.0001
22. flow_pkts_payload.tot          - Score: 0.0001
23. flow_ECE_flag_count            - Score: 0.0001
24. flow_CWR_flag_count            - Score: 0.0001
25. flow_ACK_flag_count            - Score: 0.0001
26. fwd_pkts_payload.min           - Score: 0.0001
27. bwd_header_size_min            - Score: 0.0001
28. fwd_pkts_payload.std           - Score: 0.0001
29. bwd_header_size_max            - Score: 0.0001
30. flow_pkts_payload.avg          - Score: 0.0000
31. fwd_last_window_size           - Score: 0.0000
32. fwd_init_window_size           - Score: 0.0000
33. flow_pkts_payload.std          - Score: 0.0000
34. bwd_pkts_payload.std           - Score: 0.0000
35. bwd_pkts_payload.avg           - Score: 0.0000
36. fwd_header_size_tot            - Score: 0.0000
37. flow_pkts_payload.min          - Score: 0.0000
38. bwd_header_size_tot            - Score: 0.0000
39. bwd_pkts_payload.max           - Score: 0.0000
40. fwd_bulk_packets               - Score: 0.0000
41. bwd_bulk_packets               - Score: 0.0000
42. bwd_pkts_payload.min           - Score: 0.0000
43. id.resp_p                      - Score: 0.0000
44. bwd_pkts_per_sec               - Score: 0.0000
45. Unnamed: 0                     - Score: 0.0000
46. fwd_pkts_per_sec               - Score: 0.0000
47. flow_iat.min                   - Score: 0.0000
48. bwd_subflow_bytes              - Score: 0.0000
49. flow_pkts_per_sec              - Score: 0.0000
50. flow_iat.avg                   - Score: 0.0000
51. flow_iat.max                   - Score: 0.0000
52. active.min                     - Score: 0.0000
53. active.avg                     - Score: 0.0000
54. active.max                     - Score: 0.0000
55. active.tot                     - Score: 0.0000
56. flow_iat.tot                   - Score: 0.0000
57. bwd_pkts_payload.tot           - Score: 0.0000
58. bwd_iat.min                    - Score: 0.0000
59. fwd_iat.min                    - Score: 0.0000
60. bwd_init_window_size           - Score: 0.0000
61. id.orig_p                      - Score: 0.0000
62. payload_bytes_per_second       - Score: 0.0000
63. fwd_bulk_bytes                 - Score: 0.0000
64. bwd_bulk_bytes                 - Score: 0.0000
65. bwd_bulk_rate                  - Score: 0.0000
66. fwd_bulk_rate                  - Score: 0.0000
67. flow_iat.std                   - Score: 0.0000
68. fwd_iat.avg                    - Score: 0.0000
69. fwd_iat.std                    - Score: 0.0000
70. fwd_iat.max                    - Score: 0.0000
71. fwd_iat.tot                    - Score: 0.0000
72. bwd_iat.std                    - Score: 0.0000
73. bwd_iat.avg                    - Score: 0.0000
74. bwd_iat.max                    - Score: 0.0000
75. active.std                     - Score: 0.0000
76. bwd_iat.tot                    - Score: 0.0000
77. idle.std                       - Score: 0.0000
78. idle.min                       - Score: 0.0000
79. idle.avg                       - Score: 0.0000
80. idle.max                       - Score: 0.0000
81. idle.tot                       - Score: 0.0000
82. bwd_URG_flag_count             - Score: 0.0000
================================================================================

Features Ranked by Differentiation Strength:
================================================================================
 1. flow_duration                  - Score: 1.0000
 2. fwd_URG_flag_count             - Score: 0.0069
 3. flow_RST_flag_count            - Score: 0.0044
 4. down_up_ratio                  - Score: 0.0042
 5. fwd_PSH_flag_count             - Score: 0.0022
 6. flow_SYN_flag_count            - Score: 0.0022
 7. flow_FIN_flag_count            - Score: 0.0020
 8. fwd_data_pkts_tot              - Score: 0.0016
 9. bwd_subflow_pkts               - Score: 0.0007
10. fwd_subflow_pkts               - Score: 0.0007
11. fwd_pkts_payload.avg           - Score: 0.0007
12. fwd_header_size_max            - Score: 0.0005
13. bwd_data_pkts_tot              - Score: 0.0005
14. bwd_PSH_flag_count             - Score: 0.0005
15. fwd_pkts_tot                   - Score: 0.0005
16. fwd_header_size_min            - Score: 0.0005
17. bwd_pkts_tot                   - Score: 0.0003
18. fwd_pkts_payload.max           - Score: 0.0003
19. flow_pkts_payload.max          - Score: 0.0003
20. bwd_pkts_payload.avg           - Score: 0.0003
21. flow_ACK_flag_count            - Score: 0.0002
22. fwd_subflow_bytes              - Score: 0.0002
23. fwd_pkts_payload.tot           - Score: 0.0002
24. flow_pkts_payload.avg          - Score: 0.0002
25. flow_pkts_payload.tot          - Score: 0.0002
26. fwd_pkts_payload.std           - Score: 0.0001
27. bwd_pkts_payload.std           - Score: 0.0001
28. flow_pkts_payload.std          - Score: 0.0001
29. flow_CWR_flag_count            - Score: 0.0001
30. fwd_pkts_payload.min           - Score: 0.0001
31. bwd_subflow_bytes              - Score: 0.0001
32. flow_ECE_flag_count            - Score: 0.0001
33. bwd_header_size_max            - Score: 0.0001
34. bwd_header_size_min            - Score: 0.0001
35. bwd_pkts_payload.tot           - Score: 0.0001
36. bwd_pkts_payload.max           - Score: 0.0000
37. fwd_last_window_size           - Score: 0.0000
38. fwd_init_window_size           - Score: 0.0000
39. fwd_header_size_tot            - Score: 0.0000
40. bwd_header_size_tot            - Score: 0.0000
41. flow_pkts_payload.min          - Score: 0.0000
42. bwd_bulk_packets               - Score: 0.0000
43. payload_bytes_per_second       - Score: 0.0000
44. bwd_pkts_payload.min           - Score: 0.0000
45. fwd_bulk_packets               - Score: 0.0000
46. id.resp_p                      - Score: 0.0000
47. flow_iat.min                   - Score: 0.0000
48. Unnamed: 0                     - Score: 0.0000
49. flow_iat.avg                   - Score: 0.0000
50. flow_iat.max                   - Score: 0.0000
51. active.min                     - Score: 0.0000
52. active.avg                     - Score: 0.0000
53. active.max                     - Score: 0.0000
54. active.tot                     - Score: 0.0000
55. flow_iat.tot                   - Score: 0.0000
56. bwd_pkts_per_sec               - Score: 0.0000
57. fwd_pkts_per_sec               - Score: 0.0000
58. flow_pkts_per_sec              - Score: 0.0000
59. fwd_iat.min                    - Score: 0.0000
60. bwd_init_window_size           - Score: 0.0000
61. id.orig_p                      - Score: 0.0000
62. bwd_iat.min                    - Score: 0.0000
63. bwd_bulk_bytes                 - Score: 0.0000
64. fwd_bulk_rate                  - Score: 0.0000
65. fwd_bulk_bytes                 - Score: 0.0000
66. bwd_bulk_rate                  - Score: 0.0000
67. flow_iat.std                   - Score: 0.0000
68. fwd_iat.avg                    - Score: 0.0000
69. bwd_iat.avg                    - Score: 0.0000
70. fwd_iat.std                    - Score: 0.0000
71. fwd_iat.max                    - Score: 0.0000
72. fwd_iat.tot                    - Score: 0.0000
73. bwd_iat.std                    - Score: 0.0000
74. bwd_iat.max                    - Score: 0.0000
75. bwd_iat.tot                    - Score: 0.0000
76. active.std                     - Score: 0.0000
77. idle.std                       - Score: 0.0000
78. idle.min                       - Score: 0.0000
79. idle.avg                       - Score: 0.0000
80. idle.max                       - Score: 0.0000
81. idle.tot                       - Score: 0.0000
82. bwd_URG_flag_count             - Score: 0.0000
================================================================================

Features Ranked by Differentiation Strength:
================================================================================
 1. flow_duration                  - Score: 1.0000
 2. fwd_URG_flag_count             - Score: 0.0063
 3. flow_RST_flag_count            - Score: 0.0026
 4. down_up_ratio                  - Score: 0.0024
 5. fwd_PSH_flag_count             - Score: 0.0022
 6. flow_SYN_flag_count            - Score: 0.0021
 7. flow_FIN_flag_count            - Score: 0.0020
 8. fwd_data_pkts_tot              - Score: 0.0017
 9. fwd_pkts_payload.avg           - Score: 0.0005
10. fwd_header_size_min            - Score: 0.0004
11. fwd_header_size_max            - Score: 0.0004
12. bwd_subflow_pkts               - Score: 0.0003
13. fwd_subflow_pkts               - Score: 0.0002
14. bwd_PSH_flag_count             - Score: 0.0002
15. fwd_pkts_payload.max           - Score: 0.0002
16. flow_pkts_payload.max          - Score: 0.0002
17. fwd_subflow_bytes              - Score: 0.0002
18. fwd_pkts_tot                   - Score: 0.0002
19. bwd_pkts_tot                   - Score: 0.0001
20. fwd_pkts_payload.tot           - Score: 0.0001
21. bwd_data_pkts_tot              - Score: 0.0001
22. flow_pkts_payload.tot          - Score: 0.0001
23. fwd_pkts_payload.min           - Score: 0.0001
24. flow_CWR_flag_count            - Score: 0.0001
25. flow_ECE_flag_count            - Score: 0.0001
26. bwd_header_size_max            - Score: 0.0001
27. flow_ACK_flag_count            - Score: 0.0001
28. bwd_header_size_min            - Score: 0.0001
29. fwd_pkts_payload.std           - Score: 0.0001
30. flow_pkts_payload.avg          - Score: 0.0000
31. fwd_last_window_size           - Score: 0.0000
32. fwd_init_window_size           - Score: 0.0000
33. flow_pkts_payload.std          - Score: 0.0000
34. bwd_pkts_payload.std           - Score: 0.0000
35. bwd_pkts_payload.avg           - Score: 0.0000
36. fwd_header_size_tot            - Score: 0.0000
37. flow_pkts_payload.min          - Score: 0.0000
38. bwd_header_size_tot            - Score: 0.0000
39. bwd_pkts_payload.max           - Score: 0.0000
40. fwd_bulk_packets               - Score: 0.0000
41. bwd_pkts_payload.min           - Score: 0.0000
42. bwd_bulk_packets               - Score: 0.0000
43. id.resp_p                      - Score: 0.0000
44. Unnamed: 0                     - Score: 0.0000
45. flow_iat.min                   - Score: 0.0000
46. bwd_subflow_bytes              - Score: 0.0000
47. flow_iat.avg                   - Score: 0.0000
48. flow_iat.max                   - Score: 0.0000
49. active.min                     - Score: 0.0000
50. active.avg                     - Score: 0.0000
51. active.max                     - Score: 0.0000
52. active.tot                     - Score: 0.0000
53. flow_iat.tot                   - Score: 0.0000
54. bwd_pkts_per_sec               - Score: 0.0000
55. bwd_pkts_payload.tot           - Score: 0.0000
56. fwd_pkts_per_sec               - Score: 0.0000
57. flow_pkts_per_sec              - Score: 0.0000
58. fwd_iat.min                    - Score: 0.0000
59. bwd_iat.min                    - Score: 0.0000
60. bwd_init_window_size           - Score: 0.0000
61. id.orig_p                      - Score: 0.0000
62. payload_bytes_per_second       - Score: 0.0000
63. fwd_bulk_bytes                 - Score: 0.0000
64. bwd_bulk_rate                  - Score: 0.0000
65. bwd_bulk_bytes                 - Score: 0.0000
66. fwd_bulk_rate                  - Score: 0.0000
67. flow_iat.std                   - Score: 0.0000
68. fwd_iat.avg                    - Score: 0.0000
69. fwd_iat.std                    - Score: 0.0000
70. fwd_iat.max                    - Score: 0.0000
71. fwd_iat.tot                    - Score: 0.0000
72. bwd_iat.std                    - Score: 0.0000
73. bwd_iat.avg                    - Score: 0.0000
74. bwd_iat.max                    - Score: 0.0000
75. active.std                     - Score: 0.0000
76. bwd_iat.tot                    - Score: 0.0000
77. idle.std                       - Score: 0.0000
78. idle.min                       - Score: 0.0000
79. idle.avg                       - Score: 0.0000
80. idle.max                       - Score: 0.0000
81. idle.tot                       - Score: 0.0000
82. bwd_URG_flag_count             - Score: 0.0000
================================================================================

Features Ranked by Differentiation Strength:
================================================================================
 1. flow_duration                  - Score: 1.0000
 2. fwd_URG_flag_count             - Score: 0.0065
 3. down_up_ratio                  - Score: 0.0028
 4. flow_RST_flag_count            - Score: 0.0027
 5. flow_SYN_flag_count            - Score: 0.0024
 6. fwd_PSH_flag_count             - Score: 0.0021
 7. flow_FIN_flag_count            - Score: 0.0021
 8. fwd_data_pkts_tot              - Score: 0.0015
 9. fwd_pkts_payload.avg           - Score: 0.0005
10. fwd_header_size_min            - Score: 0.0004
11. fwd_header_size_max            - Score: 0.0004
12. bwd_subflow_pkts               - Score: 0.0003
13. fwd_subflow_pkts               - Score: 0.0002
14. fwd_pkts_payload.max           - Score: 0.0002
15. bwd_PSH_flag_count             - Score: 0.0002
16. fwd_pkts_payload.std           - Score: 0.0002
17. fwd_subflow_bytes              - Score: 0.0002
18. flow_pkts_payload.max          - Score: 0.0002
19. fwd_pkts_tot                   - Score: 0.0002
20. fwd_pkts_payload.tot           - Score: 0.0001
21. bwd_pkts_tot                   - Score: 0.0001
22. flow_pkts_payload.tot          - Score: 0.0001
23. bwd_data_pkts_tot              - Score: 0.0001
24. fwd_pkts_payload.min           - Score: 0.0001
25. flow_ACK_flag_count            - Score: 0.0001
26. flow_CWR_flag_count            - Score: 0.0001
27. flow_ECE_flag_count            - Score: 0.0001
28. bwd_header_size_min            - Score: 0.0001
29. bwd_pkts_payload.std           - Score: 0.0001
30. bwd_header_size_max            - Score: 0.0001
31. flow_pkts_payload.avg          - Score: 0.0000
32. flow_pkts_payload.std          - Score: 0.0000
33. fwd_last_window_size           - Score: 0.0000
34. fwd_init_window_size           - Score: 0.0000
35. bwd_pkts_payload.avg           - Score: 0.0000
36. fwd_header_size_tot            - Score: 0.0000
37. fwd_bulk_packets               - Score: 0.0000
38. flow_pkts_payload.min          - Score: 0.0000
39. bwd_header_size_tot            - Score: 0.0000
40. bwd_pkts_payload.max           - Score: 0.0000
41. bwd_pkts_payload.min           - Score: 0.0000
42. id.resp_p                      - Score: 0.0000
43. bwd_bulk_packets               - Score: 0.0000
44. flow_iat.min                   - Score: 0.0000
45. Unnamed: 0                     - Score: 0.0000
46. bwd_subflow_bytes              - Score: 0.0000
47. flow_iat.avg                   - Score: 0.0000
48. flow_iat.max                   - Score: 0.0000
49. active.min                     - Score: 0.0000
50. active.avg                     - Score: 0.0000
51. active.max                     - Score: 0.0000
52. active.tot                     - Score: 0.0000
53. flow_iat.tot                   - Score: 0.0000
54. bwd_pkts_per_sec               - Score: 0.0000
55. fwd_pkts_per_sec               - Score: 0.0000
56. bwd_pkts_payload.tot           - Score: 0.0000
57. flow_pkts_per_sec              - Score: 0.0000
58. fwd_iat.min                    - Score: 0.0000
59. bwd_init_window_size           - Score: 0.0000
60. id.orig_p                      - Score: 0.0000
61. fwd_bulk_bytes                 - Score: 0.0000
62. bwd_iat.min                    - Score: 0.0000
63. fwd_bulk_rate                  - Score: 0.0000
64. payload_bytes_per_second       - Score: 0.0000
65. bwd_bulk_rate                  - Score: 0.0000
66. bwd_bulk_bytes                 - Score: 0.0000
67. flow_iat.std                   - Score: 0.0000
68. fwd_iat.avg                    - Score: 0.0000
69. fwd_iat.std                    - Score: 0.0000
70. fwd_iat.max                    - Score: 0.0000
71. fwd_iat.tot                    - Score: 0.0000
72. bwd_iat.std                    - Score: 0.0000
73. bwd_iat.avg                    - Score: 0.0000
74. bwd_iat.max                    - Score: 0.0000
75. bwd_iat.tot                    - Score: 0.0000
76. active.std                     - Score: 0.0000
77. idle.std                       - Score: 0.0000
78. idle.min                       - Score: 0.0000
79. idle.avg                       - Score: 0.0000
80. idle.max                       - Score: 0.0000
81. idle.tot                       - Score: 0.0000
82. bwd_URG_flag_count             - Score: 0.0000
================================================================================
  done: held-out class NMAP_UDP_SCAN

Features Ranked by Differentiation Strength:
================================================================================
 1. flow_duration                  - Score: 1.0000
 2. down_up_ratio                  - Score: 0.0037
 3. flow_RST_flag_count            - Score: 0.0026
 4. flow_SYN_flag_count            - Score: 0.0016
 5. fwd_data_pkts_tot              - Score: 0.0009
 6. fwd_PSH_flag_count             - Score: 0.0009
 7. flow_FIN_flag_count            - Score: 0.0006
 8. fwd_pkts_payload.avg           - Score: 0.0005
 9. bwd_subflow_pkts               - Score: 0.0005
10. fwd_header_size_min            - Score: 0.0004
11. fwd_header_size_max            - Score: 0.0003
12. bwd_pkts_tot                   - Score: 0.0003
13. fwd_subflow_pkts               - Score: 0.0002
14. bwd_PSH_flag_count             - Score: 0.0002
15. fwd_pkts_payload.max           - Score: 0.0002
16. fwd_subflow_bytes              - Score: 0.0002
17. flow_pkts_payload.max          - Score: 0.0002
18. bwd_header_size_max            - Score: 0.0001
19. bwd_header_size_min            - Score: 0.0001
20. fwd_pkts_payload.tot           - Score: 0.0001
21. fwd_pkts_payload.std           - Score: 0.0001
22. fwd_pkts_tot                   - Score: 0.0001
23. bwd_data_pkts_tot              - Score: 0.0001
24. flow_pkts_payload.tot          - Score: 0.0001
25. flow_ACK_flag_count            - Score: 0.0001
26. flow_CWR_flag_count            - Score: 0.0001
27. flow_ECE_flag_count            - Score: 0.0001
28. fwd_pkts_payload.min           - Score: 0.0001
29. bwd_pkts_payload.std           - Score: 0.0001
30. flow_pkts_payload.avg          - Score: 0.0000
31. flow_pkts_payload.std          - Score: 0.0000
32. fwd_last_window_size           - Score: 0.0000
33. fwd_init_window_size           - Score: 0.0000
34. bwd_header_size_tot            - Score: 0.0000
35. bwd_pkts_payload.avg           - Score: 0.0000
36. fwd_header_size_tot            - Score: 0.0000
37. flow_pkts_payload.min          - Score: 0.0000
38. fwd_bulk_packets               - Score: 0.0000
39. bwd_pkts_payload.max           - Score: 0.0000
40. bwd_bulk_packets               - Score: 0.0000
41. bwd_pkts_payload.min           - Score: 0.0000
42. id.resp_p                      - Score: 0.0000
43. Unnamed: 0                     - Score: 0.0000
44. flow_iat.min                   - Score: 0.0000
45. bwd_pkts_per_sec               - Score: 0.0000
46. bwd_subflow_bytes              - Score: 0.0000
47. flow_iat.avg                   - Score: 0.0000
48. flow_iat.max                   - Score: 0.0000
49. active.min                     - Score: 0.0000
50. active.avg                     - Score: 0.0000
51. active.max                     - Score: 0.0000
52. active.tot                     - Score: 0.0000
53. flow_iat.tot                   - Score: 0.0000
54. bwd_pkts_payload.tot           - Score: 0.0000
55. fwd_pkts_per_sec               - Score: 0.0000
56. flow_pkts_per_sec              - Score: 0.0000
57. fwd_iat.min                    - Score: 0.0000
58. fwd_bulk_rate                  - Score: 0.0000
59. bwd_init_window_size           - Score: 0.0000
60. id.orig_p                      - Score: 0.0000
61. fwd_bulk_bytes                 - Score: 0.0000
62. bwd_bulk_bytes                 - Score: 0.0000
63. payload_bytes_per_second       - Score: 0.0000
64. bwd_iat.min                    - Score: 0.0000
65. bwd_bulk_rate                  - Score: 0.0000
66. flow_iat.std                   - Score: 0.0000
67. fwd_iat.avg                    - Score: 0.0000
68. fwd_iat.std                    - Score: 0.0000
69. fwd_iat.max                    - Score: 0.0000
70. fwd_iat.tot                    - Score: 0.0000
71. bwd_iat.std                    - Score: 0.0000
72. bwd_iat.avg                    - Score: 0.0000
73. bwd_iat.max                    - Score: 0.0000
74. bwd_iat.tot                    - Score: 0.0000
75. active.std                     - Score: 0.0000
76. idle.std                       - Score: 0.0000
77. idle.min                       - Score: 0.0000
78. idle.avg                       - Score: 0.0000
79. idle.max                       - Score: 0.0000
80. idle.tot                       - Score: 0.0000
81. fwd_URG_flag_count             - Score: 0.0000
82. bwd_URG_flag_count             - Score: 0.0000
================================================================================

Features Ranked by Differentiation Strength:
================================================================================
 1. flow_duration                  - Score: 1.0000
 2. down_up_ratio                  - Score: 0.0043
 3. flow_RST_flag_count            - Score: 0.0028
 4. flow_SYN_flag_count            - Score: 0.0018
 5. fwd_data_pkts_tot              - Score: 0.0011
 6. fwd_PSH_flag_count             - Score: 0.0009
 7. flow_FIN_flag_count            - Score: 0.0006
 8. bwd_subflow_pkts               - Score: 0.0006
 9. fwd_pkts_payload.avg           - Score: 0.0006
10. fwd_header_size_max            - Score: 0.0005
11. fwd_header_size_min            - Score: 0.0004
12. bwd_PSH_flag_count             - Score: 0.0004
13. bwd_pkts_tot                   - Score: 0.0004
14. fwd_subflow_pkts               - Score: 0.0003
15. fwd_pkts_payload.max           - Score: 0.0002
16. flow_pkts_payload.max          - Score: 0.0002
17. fwd_subflow_bytes              - Score: 0.0002
18. fwd_pkts_tot                   - Score: 0.0002
19. fwd_pkts_payload.tot           - Score: 0.0002
20. bwd_data_pkts_tot              - Score: 0.0002
21. flow_pkts_payload.tot          - Score: 0.0002
22. bwd_header_size_min            - Score: 0.0002
23. bwd_header_size_max            - Score: 0.0001
24. flow_ACK_flag_count            - Score: 0.0001
25. flow_CWR_flag_count            - Score: 0.0001
26. flow_ECE_flag_count            - Score: 0.0001
27. fwd_pkts_payload.min           - Score: 0.0001
28. fwd_pkts_payload.std           - Score: 0.0001
29. flow_pkts_payload.avg          - Score: 0.0000
30. bwd_header_size_tot            - Score: 0.0000
31. fwd_last_window_size           - Score: 0.0000
32. fwd_init_window_size           - Score: 0.0000
33. flow_pkts_payload.std          - Score: 0.0000
34. bwd_pkts_payload.std           - Score: 0.0000
35. bwd_pkts_payload.avg           - Score: 0.0000
36. fwd_header_size_tot            - Score: 0.0000
37. flow_pkts_payload.min          - Score: 0.0000
38. fwd_bulk_packets               - Score: 0.0000
39. bwd_pkts_payload.max           - Score: 0.0000
40. bwd_bulk_packets               - Score: 0.0000
41. bwd_pkts_payload.min           - Score: 0.0000
42. Unnamed: 0                     - Score: 0.0000
43. id.resp_p                      - Score: 0.0000
44. flow_iat.min                   - Score: 0.0000
45. bwd_pkts_per_sec               - Score: 0.0000
46. bwd_subflow_bytes              - Score: 0.0000
47. flow_iat.avg                   - Score: 0.0000
48. flow_iat.max                   - Score: 0.0000
49. active.min                     - Score: 0.0000
50. active.avg                     - Score: 0.0000
51. active.max                     - Score: 0.0000
52. active.tot                     - Score: 0.0000
53. flow_iat.tot                   - Score: 0.0000
54. bwd_pkts_payload.tot           - Score: 0.0000
55. fwd_pkts_per_sec               - Score: 0.0000
56. flow_pkts_per_sec              - Score: 0.0000
57. payload_bytes_per_second       - Score: 0.0000
58. fwd_iat.min                    - Score: 0.0000
59. fwd_bulk_rate                  - Score: 0.0000
60. bwd_init_window_size           - Score: 0.0000
61. bwd_iat.min                    - Score: 0.0000
62. id.orig_p                      - Score: 0.0000
63. fwd_bulk_bytes                 - Score: 0.0000
64. bwd_bulk_rate                  - Score: 0.0000
65. bwd_bulk_bytes                 - Score: 0.0000
66. fwd_iat.std                    - Score: 0.0000
67. flow_iat.std                   - Score: 0.0000
68. fwd_iat.avg                    - Score: 0.0000
69. fwd_iat.max                    - Score: 0.0000
70. fwd_iat.tot                    - Score: 0.0000
71. bwd_iat.std                    - Score: 0.0000
72. bwd_iat.avg                    - Score: 0.0000
73. bwd_iat.max                    - Score: 0.0000
74. bwd_iat.tot                    - Score: 0.0000
75. active.std                     - Score: 0.0000
76. idle.std                       - Score: 0.0000
77. idle.min                       - Score: 0.0000
78. idle.avg                       - Score: 0.0000
79. idle.max                       - Score: 0.0000
80. idle.tot                       - Score: 0.0000
81. fwd_URG_flag_count             - Score: 0.0000
82. bwd_URG_flag_count             - Score: 0.0000
================================================================================

Features Ranked by Differentiation Strength:
================================================================================
 1. flow_duration                  - Score: 1.0000
 2. down_up_ratio                  - Score: 0.0035
 3. flow_RST_flag_count            - Score: 0.0026
 4. flow_SYN_flag_count            - Score: 0.0018
 5. fwd_data_pkts_tot              - Score: 0.0011
 6. fwd_PSH_flag_count             - Score: 0.0011
 7. flow_FIN_flag_count            - Score: 0.0006
 8. bwd_subflow_pkts               - Score: 0.0005
 9. fwd_pkts_payload.avg           - Score: 0.0004
10. fwd_header_size_min            - Score: 0.0004
11. fwd_header_size_max            - Score: 0.0003
12. bwd_pkts_tot                   - Score: 0.0003
13. fwd_subflow_pkts               - Score: 0.0002
14. bwd_PSH_flag_count             - Score: 0.0002
15. fwd_pkts_payload.max           - Score: 0.0002
16. flow_pkts_payload.max          - Score: 0.0002
17. bwd_header_size_min            - Score: 0.0001
18. bwd_header_size_max            - Score: 0.0001
19. fwd_subflow_bytes              - Score: 0.0001
20. fwd_pkts_payload.tot           - Score: 0.0001
21. bwd_data_pkts_tot              - Score: 0.0001
22. flow_pkts_payload.tot          - Score: 0.0001
23. fwd_pkts_tot                   - Score: 0.0001
24. flow_ACK_flag_count            - Score: 0.0001
25. flow_CWR_flag_count            - Score: 0.0001
26. flow_ECE_flag_count            - Score: 0.0001
27. fwd_pkts_payload.min           - Score: 0.0001
28. fwd_pkts_payload.std           - Score: 0.0001
29. flow_pkts_payload.avg          - Score: 0.0000
30. fwd_last_window_size           - Score: 0.0000
31. fwd_init_window_size           - Score: 0.0000
32. bwd_header_size_tot            - Score: 0.0000
33. flow_pkts_payload.std          - Score: 0.0000
34. bwd_pkts_payload.std           - Score: 0.0000
35. bwd_pkts_payload.avg           - Score: 0.0000
36. fwd_header_size_tot            - Score: 0.0000
37. flow_pkts_payload.min          - Score: 0.0000
38. bwd_bulk_packets               - Score: 0.0000
39. fwd_bulk_packets               - Score: 0.0000
40. bwd_pkts_payload.max           - Score: 0.0000
41. bwd_pkts_payload.min           - Score: 0.0000
42. Unnamed: 0                     - Score: 0.0000
43. flow_iat.min                   - Score: 0.0000
44. id.resp_p                      - Score: 0.0000
45. bwd_pkts_per_sec               - Score: 0.0000
46. bwd_subflow_bytes              - Score: 0.0000
47. flow_iat.avg                   - Score: 0.0000
48. flow_iat.max                   - Score: 0.0000
49. active.min                     - Score: 0.0000
50. active.avg                     - Score: 0.0000
51. active.max                     - Score: 0.0000
52. active.tot                     - Score: 0.0000
53. flow_iat.tot                   - Score: 0.0000
54. fwd_pkts_per_sec               - Score: 0.0000
55. bwd_pkts_payload.tot           - Score: 0.0000
56. flow_pkts_per_sec              - Score: 0.0000
57. fwd_iat.min                    - Score: 0.0000
58. fwd_bulk_rate                  - Score: 0.0000
59. bwd_iat.min                    - Score: 0.0000
60. bwd_init_window_size           - Score: 0.0000
61. id.orig_p                      - Score: 0.0000
62. fwd_bulk_bytes                 - Score: 0.0000
63. bwd_bulk_bytes                 - Score: 0.0000
64. payload_bytes_per_second       - Score: 0.0000
65. bwd_bulk_rate                  - Score: 0.0000
66. fwd_iat.std                    - Score: 0.0000
67. flow_iat.std                   - Score: 0.0000
68. fwd_iat.avg                    - Score: 0.0000
69. fwd_iat.max                    - Score: 0.0000
70. fwd_iat.tot                    - Score: 0.0000
71. bwd_iat.std                    - Score: 0.0000
72. bwd_iat.avg                    - Score: 0.0000
73. bwd_iat.max                    - Score: 0.0000
74. bwd_iat.tot                    - Score: 0.0000
75. active.std                     - Score: 0.0000
76. idle.std                       - Score: 0.0000
77. idle.min                       - Score: 0.0000
78. idle.avg                       - Score: 0.0000
79. idle.max                       - Score: 0.0000
80. idle.tot                       - Score: 0.0000
81. fwd_URG_flag_count             - Score: 0.0000
82. bwd_URG_flag_count             - Score: 0.0000
================================================================================

Features Ranked by Differentiation Strength:
================================================================================
 1. flow_duration                  - Score: 1.0000
 2. flow_RST_flag_count            - Score: 0.0039
 3. down_up_ratio                  - Score: 0.0038
 4. flow_SYN_flag_count            - Score: 0.0017
 5. fwd_data_pkts_tot              - Score: 0.0012
 6. fwd_PSH_flag_count             - Score: 0.0011
 7. fwd_pkts_payload.avg           - Score: 0.0006
 8. flow_FIN_flag_count            - Score: 0.0006
 9. fwd_header_size_min            - Score: 0.0005
10. bwd_subflow_pkts               - Score: 0.0005
11. fwd_header_size_max            - Score: 0.0004
12. bwd_pkts_tot                   - Score: 0.0003
13. fwd_pkts_payload.max           - Score: 0.0002
14. fwd_subflow_pkts               - Score: 0.0002
15. flow_pkts_payload.max          - Score: 0.0002
16. bwd_PSH_flag_count             - Score: 0.0002
17. fwd_subflow_bytes              - Score: 0.0002
18. fwd_pkts_payload.tot           - Score: 0.0002
19. flow_pkts_payload.tot          - Score: 0.0002
20. bwd_header_size_min            - Score: 0.0002
21. bwd_header_size_max            - Score: 0.0002
22. fwd_pkts_tot                   - Score: 0.0001
23. bwd_data_pkts_tot              - Score: 0.0001
24. flow_ACK_flag_count            - Score: 0.0001
25. flow_ECE_flag_count            - Score: 0.0001
26. flow_CWR_flag_count            - Score: 0.0001
27. fwd_pkts_payload.min           - Score: 0.0001
28. fwd_pkts_payload.std           - Score: 0.0001
29. flow_pkts_payload.avg          - Score: 0.0000
30. fwd_last_window_size           - Score: 0.0000
31. flow_pkts_payload.std          - Score: 0.0000
32. fwd_init_window_size           - Score: 0.0000
33. bwd_header_size_tot            - Score: 0.0000
34. bwd_pkts_payload.std           - Score: 0.0000
35. bwd_pkts_payload.avg           - Score: 0.0000
36. fwd_header_size_tot            - Score: 0.0000
37. flow_pkts_payload.min          - Score: 0.0000
38. fwd_bulk_packets               - Score: 0.0000
39. bwd_pkts_payload.max           - Score: 0.0000
40. bwd_pkts_payload.min           - Score: 0.0000
41. bwd_bulk_packets               - Score: 0.0000
42. id.resp_p                      - Score: 0.0000
43. bwd_pkts_per_sec               - Score: 0.0000
44. flow_iat.min                   - Score: 0.0000
45. Unnamed: 0                     - Score: 0.0000
46. bwd_subflow_bytes              - Score: 0.0000
47. bwd_iat.min                    - Score: 0.0000
48. flow_iat.avg                   - Score: 0.0000
49. flow_iat.max                   - Score: 0.0000
50. active.min                     - Score: 0.0000
51. active.avg                     - Score: 0.0000
52. active.max                     - Score: 0.0000
53. active.tot                     - Score: 0.0000
54. flow_iat.tot                   - Score: 0.0000
55. bwd_pkts_payload.tot           - Score: 0.0000
56. fwd_pkts_per_sec               - Score: 0.0000
57. fwd_iat.min                    - Score: 0.0000
58. flow_pkts_per_sec              - Score: 0.0000
59. fwd_bulk_rate                  - Score: 0.0000
60. bwd_init_window_size           - Score: 0.0000
61. fwd_bulk_bytes                 - Score: 0.0000
62. id.orig_p                      - Score: 0.0000
63. payload_bytes_per_second       - Score: 0.0000
64. bwd_bulk_rate                  - Score: 0.0000
65. bwd_bulk_bytes                 - Score: 0.0000
66. fwd_iat.avg                    - Score: 0.0000
67. flow_iat.std                   - Score: 0.0000
68. fwd_iat.std                    - Score: 0.0000
69. bwd_iat.avg                    - Score: 0.0000
70. fwd_iat.max                    - Score: 0.0000
71. fwd_iat.tot                    - Score: 0.0000
72. bwd_iat.std                    - Score: 0.0000
73. bwd_iat.max                    - Score: 0.0000
74. bwd_iat.tot                    - Score: 0.0000
75. active.std                     - Score: 0.0000
76. idle.std                       - Score: 0.0000
77. idle.min                       - Score: 0.0000
78. idle.avg                       - Score: 0.0000
79. idle.max                       - Score: 0.0000
80. idle.tot                       - Score: 0.0000
81. fwd_URG_flag_count             - Score: 0.0000
82. bwd_URG_flag_count             - Score: 0.0000
================================================================================

Features Ranked by Differentiation Strength:
================================================================================
 1. flow_duration                  - Score: 1.0000
 2. down_up_ratio                  - Score: 0.0047
 3. flow_RST_flag_count            - Score: 0.0029
 4. flow_SYN_flag_count            - Score: 0.0019
 5. fwd_data_pkts_tot              - Score: 0.0013
 6. fwd_PSH_flag_count             - Score: 0.0011
 7. flow_FIN_flag_count            - Score: 0.0008
 8. bwd_subflow_pkts               - Score: 0.0007
 9. fwd_pkts_payload.avg           - Score: 0.0006
10. bwd_PSH_flag_count             - Score: 0.0005
11. fwd_header_size_max            - Score: 0.0005
12. fwd_header_size_min            - Score: 0.0004
13. bwd_pkts_tot                   - Score: 0.0004
14. fwd_subflow_pkts               - Score: 0.0004
15. fwd_pkts_payload.max           - Score: 0.0002
16. flow_pkts_payload.max          - Score: 0.0002
17. fwd_pkts_tot                   - Score: 0.0002
18. bwd_data_pkts_tot              - Score: 0.0002
19. fwd_subflow_bytes              - Score: 0.0002
20. fwd_pkts_payload.tot           - Score: 0.0002
21. bwd_header_size_min            - Score: 0.0002
22. flow_pkts_payload.tot          - Score: 0.0002
23. bwd_header_size_max            - Score: 0.0001
24. flow_ACK_flag_count            - Score: 0.0001
25. flow_ECE_flag_count            - Score: 0.0001
26. flow_CWR_flag_count            - Score: 0.0001
27. fwd_pkts_payload.min           - Score: 0.0001
28. fwd_pkts_payload.std           - Score: 0.0001
29. flow_pkts_payload.avg          - Score: 0.0000
30. bwd_header_size_tot            - Score: 0.0000
31. fwd_last_window_size           - Score: 0.0000
32. flow_pkts_payload.std          - Score: 0.0000
33. fwd_init_window_size           - Score: 0.0000
34. bwd_pkts_payload.std           - Score: 0.0000
35. bwd_pkts_payload.avg           - Score: 0.0000
36. fwd_header_size_tot            - Score: 0.0000
37. bwd_pkts_per_sec               - Score: 0.0000
38. flow_pkts_payload.min          - Score: 0.0000
39. fwd_pkts_per_sec               - Score: 0.0000
40. flow_iat.min                   - Score: 0.0000
41. bwd_pkts_payload.max           - Score: 0.0000
42. bwd_pkts_payload.min           - Score: 0.0000
43. bwd_bulk_packets               - Score: 0.0000
44. flow_pkts_per_sec              - Score: 0.0000
45. id.resp_p                      - Score: 0.0000
46. Unnamed: 0                     - Score: 0.0000
47. fwd_bulk_packets               - Score: 0.0000
48. bwd_subflow_bytes              - Score: 0.0000
49. flow_iat.avg                   - Score: 0.0000
50. flow_iat.max                   - Score: 0.0000
51. active.min                     - Score: 0.0000
52. active.avg                     - Score: 0.0000
53. active.max                     - Score: 0.0000
54. active.tot                     - Score: 0.0000
55. flow_iat.tot                   - Score: 0.0000
56. bwd_pkts_payload.tot           - Score: 0.0000
57. payload_bytes_per_second       - Score: 0.0000
58. fwd_iat.min                    - Score: 0.0000
59. fwd_bulk_rate                  - Score: 0.0000
60. bwd_init_window_size           - Score: 0.0000
61. id.orig_p                      - Score: 0.0000
62. fwd_bulk_bytes                 - Score: 0.0000
63. bwd_iat.min                    - Score: 0.0000
64. bwd_bulk_rate                  - Score: 0.0000
65. bwd_bulk_bytes                 - Score: 0.0000
66. flow_iat.std                   - Score: 0.0000
67. fwd_iat.std                    - Score: 0.0000
68. fwd_iat.avg                    - Score: 0.0000
69. fwd_iat.max                    - Score: 0.0000
70. fwd_iat.tot                    - Score: 0.0000
71. bwd_iat.std                    - Score: 0.0000
72. bwd_iat.avg                    - Score: 0.0000
73. bwd_iat.max                    - Score: 0.0000
74. bwd_iat.tot                    - Score: 0.0000
75. active.std                     - Score: 0.0000
76. idle.std                       - Score: 0.0000
77. idle.min                       - Score: 0.0000
78. idle.avg                       - Score: 0.0000
79. idle.max                       - Score: 0.0000
80. idle.tot                       - Score: 0.0000
81. fwd_URG_flag_count             - Score: 0.0000
82. bwd_URG_flag_count             - Score: 0.0000
================================================================================

Features Ranked by Differentiation Strength:
================================================================================
 1. flow_duration                  - Score: 1.0000
 2. down_up_ratio                  - Score: 0.0036
 3. flow_RST_flag_count            - Score: 0.0028
 4. flow_SYN_flag_count            - Score: 0.0019
 5. fwd_data_pkts_tot              - Score: 0.0012
 6. fwd_PSH_flag_count             - Score: 0.0011
 7. flow_FIN_flag_count            - Score: 0.0007
 8. fwd_header_size_min            - Score: 0.0006
 9. fwd_pkts_payload.avg           - Score: 0.0006
10. bwd_subflow_pkts               - Score: 0.0005
11. fwd_header_size_max            - Score: 0.0004
12. bwd_pkts_tot                   - Score: 0.0004
13. fwd_pkts_payload.max           - Score: 0.0002
14. fwd_subflow_pkts               - Score: 0.0002
15. flow_pkts_payload.max          - Score: 0.0002
16. bwd_PSH_flag_count             - Score: 0.0002
17. fwd_subflow_bytes              - Score: 0.0002
18. fwd_pkts_payload.tot           - Score: 0.0002
19. bwd_header_size_min            - Score: 0.0002
20. flow_pkts_payload.tot          - Score: 0.0002
21. bwd_header_size_max            - Score: 0.0001
22. fwd_pkts_tot                   - Score: 0.0001
23. flow_ACK_flag_count            - Score: 0.0001
24. bwd_data_pkts_tot              - Score: 0.0001
25. flow_ECE_flag_count            - Score: 0.0001
26. flow_CWR_flag_count            - Score: 0.0001
27. fwd_pkts_payload.min           - Score: 0.0001
28. fwd_pkts_payload.std           - Score: 0.0001
29. flow_pkts_payload.avg          - Score: 0.0000
30. bwd_header_size_tot            - Score: 0.0000
31. fwd_last_window_size           - Score: 0.0000
32. fwd_init_window_size           - Score: 0.0000
33. flow_pkts_payload.std          - Score: 0.0000
34. bwd_pkts_payload.std           - Score: 0.0000
35. bwd_pkts_payload.avg           - Score: 0.0000
36. fwd_header_size_tot            - Score: 0.0000
37. flow_pkts_payload.min          - Score: 0.0000
38. flow_iat.min                   - Score: 0.0000
39. bwd_pkts_payload.min           - Score: 0.0000
40. fwd_bulk_packets               - Score: 0.0000
41. bwd_pkts_payload.max           - Score: 0.0000
42. bwd_pkts_per_sec               - Score: 0.0000
43. bwd_bulk_packets               - Score: 0.0000
44. id.resp_p                      - Score: 0.0000
45. Unnamed: 0                     - Score: 0.0000
46. fwd_pkts_per_sec               - Score: 0.0000
47. bwd_subflow_bytes              - Score: 0.0000
48. flow_iat.avg                   - Score: 0.0000
49. flow_iat.max                   - Score: 0.0000
50. active.min                     - Score: 0.0000
51. active.avg                     - Score: 0.0000
52. active.max                     - Score: 0.0000
53. active.tot                     - Score: 0.0000
54. flow_iat.tot                   - Score: 0.0000
55. flow_pkts_per_sec              - Score: 0.0000
56. bwd_pkts_payload.tot           - Score: 0.0000
57. fwd_iat.min                    - Score: 0.0000
58. bwd_iat.min                    - Score: 0.0000
59. fwd_bulk_rate                  - Score: 0.0000
60. bwd_init_window_size           - Score: 0.0000
61. id.orig_p                      - Score: 0.0000
62. fwd_bulk_bytes                 - Score: 0.0000
63. payload_bytes_per_second       - Score: 0.0000
64. bwd_bulk_rate                  - Score: 0.0000
65. bwd_bulk_bytes                 - Score: 0.0000
66. flow_iat.std                   - Score: 0.0000
67. fwd_iat.std                    - Score: 0.0000
68. fwd_iat.avg                    - Score: 0.0000
69. fwd_iat.max                    - Score: 0.0000
70. fwd_iat.tot                    - Score: 0.0000
71. bwd_iat.avg                    - Score: 0.0000
72. bwd_iat.std                    - Score: 0.0000
73. bwd_iat.max                    - Score: 0.0000
74. bwd_iat.tot                    - Score: 0.0000
75. active.std                     - Score: 0.0000
76. idle.std                       - Score: 0.0000
77. idle.min                       - Score: 0.0000
78. idle.avg                       - Score: 0.0000
79. idle.max                       - Score: 0.0000
80. idle.tot                       - Score: 0.0000
81. fwd_URG_flag_count             - Score: 0.0000
82. bwd_URG_flag_count             - Score: 0.0000
================================================================================

Features Ranked by Differentiation Strength:
================================================================================
 1. flow_duration                  - Score: 1.0000
 2. down_up_ratio                  - Score: 0.0036
 3. flow_RST_flag_count            - Score: 0.0025
 4. flow_SYN_flag_count            - Score: 0.0018
 5. fwd_data_pkts_tot              - Score: 0.0012
 6. fwd_PSH_flag_count             - Score: 0.0010
 7. flow_FIN_flag_count            - Score: 0.0006
 8. bwd_subflow_pkts               - Score: 0.0005
 9. fwd_pkts_payload.avg           - Score: 0.0004
10. fwd_header_size_min            - Score: 0.0004
11. fwd_header_size_max            - Score: 0.0003
12. bwd_pkts_tot                   - Score: 0.0003
13. fwd_subflow_pkts               - Score: 0.0002
14. bwd_PSH_flag_count             - Score: 0.0002
15. fwd_pkts_payload.max           - Score: 0.0002
16. flow_pkts_payload.max          - Score: 0.0002
17. fwd_pkts_tot                   - Score: 0.0001
18. bwd_header_size_min            - Score: 0.0001
19. fwd_subflow_bytes              - Score: 0.0001
20. fwd_pkts_payload.tot           - Score: 0.0001
21. bwd_header_size_max            - Score: 0.0001
22. bwd_data_pkts_tot              - Score: 0.0001
23. flow_pkts_payload.tot          - Score: 0.0001
24. flow_ECE_flag_count            - Score: 0.0001
25. flow_CWR_flag_count            - Score: 0.0001
26. flow_ACK_flag_count            - Score: 0.0001
27. fwd_pkts_payload.min           - Score: 0.0001
28. fwd_pkts_payload.std           - Score: 0.0001
29. flow_pkts_payload.avg          - Score: 0.0000
30. fwd_last_window_size           - Score: 0.0000
31. fwd_init_window_size           - Score: 0.0000
32. flow_pkts_payload.std          - Score: 0.0000
33. bwd_header_size_tot            - Score: 0.0000
34. bwd_pkts_payload.std           - Score: 0.0000
35. bwd_pkts_payload.avg           - Score: 0.0000
36. fwd_header_size_tot            - Score: 0.0000
37. flow_pkts_payload.min          - Score: 0.0000
38. bwd_pkts_payload.max           - Score: 0.0000
39. fwd_bulk_packets               - Score: 0.0000
40. bwd_bulk_packets               - Score: 0.0000
41. bwd_pkts_payload.min           - Score: 0.0000
42. Unnamed: 0                     - Score: 0.0000
43. id.resp_p                      - Score: 0.0000
44. flow_iat.min                   - Score: 0.0000
45. bwd_pkts_per_sec               - Score: 0.0000
46. bwd_subflow_bytes              - Score: 0.0000
47. flow_iat.avg                   - Score: 0.0000
48. active.min                     - Score: 0.0000
49. active.avg                     - Score: 0.0000
50. flow_iat.max                   - Score: 0.0000
51. active.max                     - Score: 0.0000
52. active.tot                     - Score: 0.0000
53. flow_iat.tot                   - Score: 0.0000
54. bwd_pkts_payload.tot           - Score: 0.0000
55. fwd_pkts_per_sec               - Score: 0.0000
56. flow_pkts_per_sec              - Score: 0.0000
57. fwd_iat.min                    - Score: 0.0000
58. bwd_iat.min                    - Score: 0.0000
59. bwd_init_window_size           - Score: 0.0000
60. id.orig_p                      - Score: 0.0000
61. bwd_bulk_bytes                 - Score: 0.0000
62. fwd_bulk_bytes                 - Score: 0.0000
63. payload_bytes_per_second       - Score: 0.0000
64. bwd_bulk_rate                  - Score: 0.0000
65. fwd_bulk_rate                  - Score: 0.0000
66. fwd_iat.avg                    - Score: 0.0000
67. flow_iat.std                   - Score: 0.0000
68. fwd_iat.std                    - Score: 0.0000
69. fwd_iat.max                    - Score: 0.0000
70. fwd_iat.tot                    - Score: 0.0000
71. bwd_iat.std                    - Score: 0.0000
72. bwd_iat.avg                    - Score: 0.0000
73. bwd_iat.max                    - Score: 0.0000
74. active.std                     - Score: 0.0000
75. bwd_iat.tot                    - Score: 0.0000
76. idle.std                       - Score: 0.0000
77. idle.min                       - Score: 0.0000
78. idle.avg                       - Score: 0.0000
79. idle.max                       - Score: 0.0000
80. idle.tot                       - Score: 0.0000
81. fwd_URG_flag_count             - Score: 0.0000
82. bwd_URG_flag_count             - Score: 0.0000
================================================================================

Features Ranked by Differentiation Strength:
================================================================================
 1. flow_duration                  - Score: 1.0000
 2. down_up_ratio                  - Score: 0.0047
 3. flow_RST_flag_count            - Score: 0.0027
 4. flow_SYN_flag_count            - Score: 0.0016
 5. fwd_data_pkts_tot              - Score: 0.0010
 6. bwd_subflow_pkts               - Score: 0.0009
 7. fwd_PSH_flag_count             - Score: 0.0008
 8. flow_FIN_flag_count            - Score: 0.0007
 9. fwd_subflow_pkts               - Score: 0.0005
10. bwd_pkts_tot                   - Score: 0.0005
11. bwd_data_pkts_tot              - Score: 0.0005
12. bwd_PSH_flag_count             - Score: 0.0005
13. fwd_pkts_payload.avg           - Score: 0.0005
14. fwd_pkts_tot                   - Score: 0.0004
15. fwd_header_size_max            - Score: 0.0004
16. fwd_header_size_min            - Score: 0.0004
17. bwd_pkts_payload.avg           - Score: 0.0002
18. flow_ACK_flag_count            - Score: 0.0002
19. fwd_pkts_payload.max           - Score: 0.0002
20. flow_pkts_payload.max          - Score: 0.0002
21. flow_pkts_payload.avg          - Score: 0.0002
22. fwd_subflow_bytes              - Score: 0.0002
23. fwd_pkts_payload.tot           - Score: 0.0001
24. bwd_header_size_min            - Score: 0.0001
25. bwd_header_size_max            - Score: 0.0001
26. bwd_pkts_payload.std           - Score: 0.0001
27. flow_pkts_payload.tot          - Score: 0.0001
28. fwd_pkts_payload.std           - Score: 0.0001
29. flow_pkts_payload.std          - Score: 0.0001
30. flow_CWR_flag_count            - Score: 0.0001
31. flow_ECE_flag_count            - Score: 0.0001
32. bwd_subflow_bytes              - Score: 0.0001
33. fwd_pkts_payload.min           - Score: 0.0001
34. bwd_pkts_payload.tot           - Score: 0.0000
35. bwd_pkts_payload.max           - Score: 0.0000
36. bwd_header_size_tot            - Score: 0.0000
37. fwd_last_window_size           - Score: 0.0000
38. fwd_init_window_size           - Score: 0.0000
39. fwd_header_size_tot            - Score: 0.0000
40. flow_pkts_payload.min          - Score: 0.0000
41. bwd_bulk_packets               - Score: 0.0000
42. payload_bytes_per_second       - Score: 0.0000
43. bwd_pkts_payload.min           - Score: 0.0000
44. fwd_bulk_packets               - Score: 0.0000
45. bwd_pkts_per_sec               - Score: 0.0000
46. id.resp_p                      - Score: 0.0000
47. Unnamed: 0                     - Score: 0.0000
48. fwd_pkts_per_sec               - Score: 0.0000
49. flow_iat.min                   - Score: 0.0000
50. flow_pkts_per_sec              - Score: 0.0000
51. flow_iat.avg                   - Score: 0.0000
52. flow_iat.max                   - Score: 0.0000
53. active.min                     - Score: 0.0000
54. active.avg                     - Score: 0.0000
55. active.max                     - Score: 0.0000
56. active.tot                     - Score: 0.0000
57. flow_iat.tot                   - Score: 0.0000
58. fwd_iat.min                    - Score: 0.0000
59. bwd_init_window_size           - Score: 0.0000
60. bwd_iat.min                    - Score: 0.0000
61. id.orig_p                      - Score: 0.0000
62. bwd_bulk_bytes                 - Score: 0.0000
63. fwd_bulk_rate                  - Score: 0.0000
64. fwd_bulk_bytes                 - Score: 0.0000
65. bwd_bulk_rate                  - Score: 0.0000
66. flow_iat.std                   - Score: 0.0000
67. fwd_iat.avg                    - Score: 0.0000
68. fwd_iat.std                    - Score: 0.0000
69. fwd_iat.max                    - Score: 0.0000
70. fwd_iat.tot                    - Score: 0.0000
71. bwd_iat.std                    - Score: 0.0000
72. bwd_iat.avg                    - Score: 0.0000
73. bwd_iat.max                    - Score: 0.0000
74. active.std                     - Score: 0.0000
75. bwd_iat.tot                    - Score: 0.0000
76. idle.std                       - Score: 0.0000
77. idle.min                       - Score: 0.0000
78. idle.avg                       - Score: 0.0000
79. idle.max                       - Score: 0.0000
80. idle.tot                       - Score: 0.0000
81. fwd_URG_flag_count             - Score: 0.0000
82. bwd_URG_flag_count             - Score: 0.0000
================================================================================

Features Ranked by Differentiation Strength:
================================================================================
 1. flow_duration                  - Score: 1.0000
 2. down_up_ratio                  - Score: 0.0035
 3. flow_RST_flag_count            - Score: 0.0033
 4. flow_SYN_flag_count            - Score: 0.0023
 5. fwd_PSH_flag_count             - Score: 0.0012
 6. fwd_data_pkts_tot              - Score: 0.0011
 7. flow_FIN_flag_count            - Score: 0.0007
 8. bwd_subflow_pkts               - Score: 0.0005
 9. fwd_pkts_payload.avg           - Score: 0.0004
10. fwd_header_size_min            - Score: 0.0004
11. bwd_pkts_tot                   - Score: 0.0004
12. flow_ACK_flag_count            - Score: 0.0003
13. fwd_header_size_max            - Score: 0.0003
14. fwd_subflow_pkts               - Score: 0.0002
15. bwd_header_size_min            - Score: 0.0002
16. bwd_header_size_max            - Score: 0.0002
17. fwd_pkts_payload.max           - Score: 0.0002
18. bwd_PSH_flag_count             - Score: 0.0002
19. flow_pkts_payload.max          - Score: 0.0002
20. fwd_pkts_tot                   - Score: 0.0001
21. fwd_subflow_bytes              - Score: 0.0001
22. fwd_pkts_payload.tot           - Score: 0.0001
23. flow_pkts_payload.tot          - Score: 0.0001
24. bwd_data_pkts_tot              - Score: 0.0001
25. flow_CWR_flag_count            - Score: 0.0001
26. flow_ECE_flag_count            - Score: 0.0001
27. fwd_pkts_payload.std           - Score: 0.0001
28. fwd_pkts_payload.min           - Score: 0.0001
29. bwd_header_size_tot            - Score: 0.0000
30. flow_pkts_payload.avg          - Score: 0.0000
31. fwd_last_window_size           - Score: 0.0000
32. fwd_init_window_size           - Score: 0.0000
33. flow_pkts_payload.std          - Score: 0.0000
34. bwd_pkts_payload.std           - Score: 0.0000
35. fwd_header_size_tot            - Score: 0.0000
36. bwd_pkts_payload.avg           - Score: 0.0000
37. flow_pkts_payload.min          - Score: 0.0000
38. fwd_bulk_packets               - Score: 0.0000
39. bwd_pkts_payload.max           - Score: 0.0000
40. bwd_pkts_payload.min           - Score: 0.0000
41. id.resp_p                      - Score: 0.0000
42. bwd_bulk_packets               - Score: 0.0000
43. Unnamed: 0                     - Score: 0.0000
44. bwd_pkts_per_sec               - Score: 0.0000
45. flow_iat.min                   - Score: 0.0000
46. bwd_subflow_bytes              - Score: 0.0000
47. flow_iat.avg                   - Score: 0.0000
48. bwd_iat.min                    - Score: 0.0000
49. flow_iat.max                   - Score: 0.0000
50. active.min                     - Score: 0.0000
51. active.avg                     - Score: 0.0000
52. active.max                     - Score: 0.0000
53. active.tot                     - Score: 0.0000
54. flow_iat.tot                   - Score: 0.0000
55. bwd_pkts_payload.tot           - Score: 0.0000
56. fwd_pkts_per_sec               - Score: 0.0000
57. fwd_iat.min                    - Score: 0.0000
58. fwd_iat.avg                    - Score: 0.0000
59. fwd_iat.max                    - Score: 0.0000
60. fwd_iat.tot                    - Score: 0.0000
61. flow_pkts_per_sec              - Score: 0.0000
62. bwd_init_window_size           - Score: 0.0000
63. fwd_bulk_rate                  - Score: 0.0000
64. id.orig_p                      - Score: 0.0000
65. fwd_bulk_bytes                 - Score: 0.0000
66. payload_bytes_per_second       - Score: 0.0000
67. bwd_bulk_rate                  - Score: 0.0000
68. bwd_bulk_bytes                 - Score: 0.0000
69. fwd_iat.std                    - Score: 0.0000
70. flow_iat.std                   - Score: 0.0000
71. bwd_iat.avg                    - Score: 0.0000
72. bwd_iat.max                    - Score: 0.0000
73. bwd_iat.tot                    - Score: 0.0000
74. bwd_iat.std                    - Score: 0.0000
75. active.std                     - Score: 0.0000
76. idle.std                       - Score: 0.0000
77. idle.min                       - Score: 0.0000
78. idle.avg                       - Score: 0.0000
79. idle.max                       - Score: 0.0000
80. idle.tot                       - Score: 0.0000
81. fwd_URG_flag_count             - Score: 0.0000
82. bwd_URG_flag_count             - Score: 0.0000
================================================================================

Features Ranked by Differentiation Strength:
================================================================================
 1. flow_duration                  - Score: 1.0000
 2. down_up_ratio                  - Score: 0.0039
 3. flow_RST_flag_count            - Score: 0.0022
 4. flow_SYN_flag_count            - Score: 0.0021
 5. fwd_PSH_flag_count             - Score: 0.0010
 6. fwd_data_pkts_tot              - Score: 0.0009
 7. flow_FIN_flag_count            - Score: 0.0007
 8. bwd_subflow_pkts               - Score: 0.0005
 9. fwd_header_size_min            - Score: 0.0005
10. bwd_pkts_tot                   - Score: 0.0003
11. fwd_pkts_payload.avg           - Score: 0.0002
12. fwd_subflow_pkts               - Score: 0.0002
13. bwd_PSH_flag_count             - Score: 0.0002
14. fwd_header_size_max            - Score: 0.0002
15. fwd_pkts_payload.std           - Score: 0.0002
16. bwd_header_size_min            - Score: 0.0002
17. bwd_data_pkts_tot              - Score: 0.0001
18. bwd_header_size_max            - Score: 0.0001
19. fwd_pkts_tot                   - Score: 0.0001
20. flow_ACK_flag_count            - Score: 0.0001
21. flow_CWR_flag_count            - Score: 0.0001
22. flow_ECE_flag_count            - Score: 0.0001
23. fwd_subflow_bytes              - Score: 0.0001
24. fwd_pkts_payload.min           - Score: 0.0001
25. bwd_pkts_payload.std           - Score: 0.0001
26. fwd_pkts_payload.max           - Score: 0.0001
27. fwd_pkts_payload.tot           - Score: 0.0001
28. fwd_init_window_size           - Score: 0.0001
29. flow_pkts_payload.max          - Score: 0.0001
30. flow_pkts_payload.tot          - Score: 0.0000
31. flow_pkts_payload.avg          - Score: 0.0000
32. flow_pkts_payload.std          - Score: 0.0000
33. fwd_last_window_size           - Score: 0.0000
34. bwd_header_size_tot            - Score: 0.0000
35. bwd_pkts_payload.avg           - Score: 0.0000
36. fwd_header_size_tot            - Score: 0.0000
37. flow_pkts_payload.min          - Score: 0.0000
38. fwd_bulk_packets               - Score: 0.0000
39. bwd_pkts_payload.max           - Score: 0.0000
40. bwd_pkts_payload.min           - Score: 0.0000
41. bwd_bulk_packets               - Score: 0.0000
42. id.resp_p                      - Score: 0.0000
43. Unnamed: 0                     - Score: 0.0000
44. bwd_pkts_per_sec               - Score: 0.0000
45. flow_iat.min                   - Score: 0.0000
46. bwd_subflow_bytes              - Score: 0.0000
47. flow_iat.avg                   - Score: 0.0000
48. flow_iat.max                   - Score: 0.0000
49. active.min                     - Score: 0.0000
50. active.avg                     - Score: 0.0000
51. active.max                     - Score: 0.0000
52. active.tot                     - Score: 0.0000
53. flow_iat.tot                   - Score: 0.0000
54. fwd_pkts_per_sec               - Score: 0.0000
55. bwd_pkts_payload.tot           - Score: 0.0000
56. flow_pkts_per_sec              - Score: 0.0000
57. fwd_bulk_rate                  - Score: 0.0000
58. fwd_iat.min                    - Score: 0.0000
59. bwd_iat.min                    - Score: 0.0000
60. bwd_init_window_size           - Score: 0.0000
61. fwd_bulk_bytes                 - Score: 0.0000
62. id.orig_p                      - Score: 0.0000
63. payload_bytes_per_second       - Score: 0.0000
64. bwd_bulk_rate                  - Score: 0.0000
65. bwd_bulk_bytes                 - Score: 0.0000
66. fwd_iat.std                    - Score: 0.0000
67. flow_iat.std                   - Score: 0.0000
68. fwd_iat.avg                    - Score: 0.0000
69. fwd_iat.max                    - Score: 0.0000
70. bwd_iat.std                    - Score: 0.0000
71. fwd_iat.tot                    - Score: 0.0000
72. bwd_iat.avg                    - Score: 0.0000
73. bwd_iat.max                    - Score: 0.0000
74. bwd_iat.tot                    - Score: 0.0000
75. active.std                     - Score: 0.0000
76. idle.std                       - Score: 0.0000
77. idle.min                       - Score: 0.0000
78. idle.avg                       - Score: 0.0000
79. idle.max                       - Score: 0.0000
80. idle.tot                       - Score: 0.0000
81. fwd_URG_flag_count             - Score: 0.0000
82. bwd_URG_flag_count             - Score: 0.0000
================================================================================
  done: held-out class NMAP_XMAS_TREE_SCAN

Features Ranked by Differentiation Strength:
================================================================================
 1. flow_duration                  - Score: 1.0000
 2. fwd_URG_flag_count             - Score: 0.0081
 3. down_up_ratio                  - Score: 0.0041
 4. fwd_PSH_flag_count             - Score: 0.0032
 5. flow_SYN_flag_count            - Score: 0.0029
 6. flow_RST_flag_count            - Score: 0.0026
 7. flow_FIN_flag_count            - Score: 0.0026
 8. fwd_data_pkts_tot              - Score: 0.0013
 9. bwd_subflow_pkts               - Score: 0.0009
10. bwd_pkts_tot                   - Score: 0.0007
11. fwd_header_size_min            - Score: 0.0005
12. flow_ACK_flag_count            - Score: 0.0005
13. fwd_subflow_pkts               - Score: 0.0003
14. bwd_header_size_max            - Score: 0.0003
15. fwd_pkts_payload.avg           - Score: 0.0003
16. bwd_header_size_min            - Score: 0.0002
17. fwd_header_size_max            - Score: 0.0002
18. bwd_PSH_flag_count             - Score: 0.0002
19. bwd_data_pkts_tot              - Score: 0.0002
20. fwd_pkts_payload.std           - Score: 0.0002
21. fwd_pkts_tot                   - Score: 0.0002
22. bwd_header_size_tot            - Score: 0.0001
23. fwd_subflow_bytes              - Score: 0.0001
24. fwd_pkts_payload.min           - Score: 0.0001
25. flow_CWR_flag_count            - Score: 0.0001
26. flow_ECE_flag_count            - Score: 0.0001
27. bwd_pkts_payload.std           - Score: 0.0001
28. fwd_pkts_payload.max           - Score: 0.0001
29. fwd_pkts_payload.tot           - Score: 0.0001
30. fwd_init_window_size           - Score: 0.0001
31. flow_pkts_payload.max          - Score: 0.0001
32. flow_pkts_payload.tot          - Score: 0.0000
33. flow_pkts_payload.avg          - Score: 0.0000
34. flow_pkts_payload.std          - Score: 0.0000
35. fwd_header_size_tot            - Score: 0.0000
36. fwd_last_window_size           - Score: 0.0000
37. bwd_pkts_payload.avg           - Score: 0.0000
38. flow_pkts_payload.min          - Score: 0.0000
39. fwd_bulk_packets               - Score: 0.0000
40. bwd_pkts_payload.max           - Score: 0.0000
41. id.resp_p                      - Score: 0.0000
42. bwd_pkts_payload.min           - Score: 0.0000
43. Unnamed: 0                     - Score: 0.0000
44. flow_iat.min                   - Score: 0.0000
45. bwd_bulk_packets               - Score: 0.0000
46. bwd_subflow_bytes              - Score: 0.0000
47. bwd_pkts_per_sec               - Score: 0.0000
48. flow_iat.avg                   - Score: 0.0000
49. flow_iat.max                   - Score: 0.0000
50. active.min                     - Score: 0.0000
51. active.avg                     - Score: 0.0000
52. active.max                     - Score: 0.0000
53. active.tot                     - Score: 0.0000
54. flow_iat.tot                   - Score: 0.0000
55. bwd_pkts_payload.tot           - Score: 0.0000
56. fwd_iat.min                    - Score: 0.0000
57. fwd_iat.avg                    - Score: 0.0000
58. fwd_iat.max                    - Score: 0.0000
59. fwd_iat.tot                    - Score: 0.0000
60. fwd_pkts_per_sec               - Score: 0.0000
61. flow_pkts_per_sec              - Score: 0.0000
62. fwd_bulk_rate                  - Score: 0.0000
63. bwd_init_window_size           - Score: 0.0000
64. bwd_iat.min                    - Score: 0.0000
65. fwd_bulk_bytes                 - Score: 0.0000
66. id.orig_p                      - Score: 0.0000
67. payload_bytes_per_second       - Score: 0.0000
68. bwd_bulk_rate                  - Score: 0.0000
69. bwd_bulk_bytes                 - Score: 0.0000
70. fwd_iat.std                    - Score: 0.0000
71. flow_iat.std                   - Score: 0.0000
72. bwd_iat.avg                    - Score: 0.0000
73. bwd_iat.max                    - Score: 0.0000
74. bwd_iat.tot                    - Score: 0.0000
75. bwd_iat.std                    - Score: 0.0000
76. active.std                     - Score: 0.0000
77. idle.std                       - Score: 0.0000
78. idle.min                       - Score: 0.0000
79. idle.avg                       - Score: 0.0000
80. idle.max                       - Score: 0.0000
81. idle.tot                       - Score: 0.0000
82. bwd_URG_flag_count             - Score: 0.0000
================================================================================

Features Ranked by Differentiation Strength:
================================================================================
 1. flow_duration                  - Score: 1.0000
 2. fwd_URG_flag_count             - Score: 0.0068
 3. down_up_ratio                  - Score: 0.0054
 4. flow_RST_flag_count            - Score: 0.0032
 5. flow_SYN_flag_count            - Score: 0.0030
 6. fwd_PSH_flag_count             - Score: 0.0027
 7. flow_FIN_flag_count            - Score: 0.0026
 8. fwd_data_pkts_tot              - Score: 0.0015
 9. bwd_subflow_pkts               - Score: 0.0008
10. bwd_pkts_tot                   - Score: 0.0005
11. fwd_header_size_min            - Score: 0.0005
12. bwd_PSH_flag_count             - Score: 0.0005
13. fwd_pkts_payload.avg           - Score: 0.0005
14. flow_ACK_flag_count            - Score: 0.0005
15. fwd_header_size_max            - Score: 0.0005
16. fwd_subflow_pkts               - Score: 0.0004
17. bwd_header_size_max            - Score: 0.0002
18. bwd_header_size_min            - Score: 0.0002
19. fwd_pkts_tot                   - Score: 0.0002
20. fwd_pkts_payload.max           - Score: 0.0002
21. flow_pkts_payload.max          - Score: 0.0002
22. fwd_subflow_bytes              - Score: 0.0002
23. bwd_data_pkts_tot              - Score: 0.0002
24. fwd_pkts_payload.tot           - Score: 0.0001
25. flow_pkts_payload.tot          - Score: 0.0001
26. fwd_pkts_payload.min           - Score: 0.0001
27. fwd_pkts_payload.std           - Score: 0.0001
28. flow_CWR_flag_count            - Score: 0.0001
29. flow_ECE_flag_count            - Score: 0.0001
30. bwd_header_size_tot            - Score: 0.0001
31. flow_pkts_payload.avg          - Score: 0.0000
32. flow_pkts_payload.std          - Score: 0.0000
33. fwd_last_window_size           - Score: 0.0000
34. fwd_init_window_size           - Score: 0.0000
35. bwd_pkts_payload.std           - Score: 0.0000
36. fwd_header_size_tot            - Score: 0.0000
37. bwd_pkts_payload.avg           - Score: 0.0000
38. flow_pkts_payload.min          - Score: 0.0000
39. fwd_bulk_packets               - Score: 0.0000
40. flow_iat.min                   - Score: 0.0000
41. bwd_pkts_payload.max           - Score: 0.0000
42. id.resp_p                      - Score: 0.0000
43. bwd_pkts_payload.min           - Score: 0.0000
44. Unnamed: 0                     - Score: 0.0000
45. bwd_pkts_per_sec               - Score: 0.0000
46. bwd_bulk_packets               - Score: 0.0000
47. fwd_pkts_per_sec               - Score: 0.0000
48. bwd_subflow_bytes              - Score: 0.0000
49. flow_iat.avg                   - Score: 0.0000
50. flow_iat.max                   - Score: 0.0000
51. active.min                     - Score: 0.0000
52. active.avg                     - Score: 0.0000
53. active.max                     - Score: 0.0000
54. active.tot                     - Score: 0.0000
55. flow_iat.tot                   - Score: 0.0000
56. flow_pkts_per_sec              - Score: 0.0000
57. bwd_pkts_payload.tot           - Score: 0.0000
58. fwd_iat.min                    - Score: 0.0000
59. fwd_iat.avg                    - Score: 0.0000
60. fwd_iat.max                    - Score: 0.0000
61. fwd_iat.tot                    - Score: 0.0000
62. payload_bytes_per_second       - Score: 0.0000
63. fwd_bulk_rate                  - Score: 0.0000
64. bwd_init_window_size           - Score: 0.0000
65. id.orig_p                      - Score: 0.0000
66. fwd_bulk_bytes                 - Score: 0.0000
67. bwd_iat.min                    - Score: 0.0000
68. bwd_bulk_rate                  - Score: 0.0000
69. bwd_bulk_bytes                 - Score: 0.0000
70. flow_iat.std                   - Score: 0.0000
71. fwd_iat.std                    - Score: 0.0000
72. bwd_iat.avg                    - Score: 0.0000
73. bwd_iat.max                    - Score: 0.0000
74. bwd_iat.std                    - Score: 0.0000
75. bwd_iat.tot                    - Score: 0.0000
76. active.std                     - Score: 0.0000
77. idle.std                       - Score: 0.0000
78. idle.min                       - Score: 0.0000
79. idle.avg                       - Score: 0.0000
80. idle.max                       - Score: 0.0000
81. idle.tot                       - Score: 0.0000
82. bwd_URG_flag_count             - Score: 0.0000
================================================================================

Features Ranked by Differentiation Strength:
================================================================================
 1. flow_duration                  - Score: 1.0000
 2. fwd_URG_flag_count             - Score: 0.0064
 3. down_up_ratio                  - Score: 0.0050
 4. flow_RST_flag_count            - Score: 0.0030
 5. flow_SYN_flag_count            - Score: 0.0026
 6. fwd_PSH_flag_count             - Score: 0.0023
 7. flow_FIN_flag_count            - Score: 0.0022
 8. fwd_data_pkts_tot              - Score: 0.0015
 9. bwd_subflow_pkts               - Score: 0.0007
10. bwd_PSH_flag_count             - Score: 0.0005
11. fwd_header_size_min            - Score: 0.0005
12. fwd_pkts_payload.avg           - Score: 0.0005
13. bwd_pkts_tot                   - Score: 0.0005
14. fwd_header_size_max            - Score: 0.0004
15. fwd_subflow_pkts               - Score: 0.0003
16. bwd_header_size_max            - Score: 0.0002
17. fwd_pkts_payload.max           - Score: 0.0002
18. bwd_header_size_min            - Score: 0.0002
19. fwd_pkts_tot                   - Score: 0.0002
20. bwd_data_pkts_tot              - Score: 0.0002
21. flow_pkts_payload.max          - Score: 0.0002
22. flow_ACK_flag_count            - Score: 0.0002
23. fwd_subflow_bytes              - Score: 0.0002
24. fwd_pkts_payload.tot           - Score: 0.0001
25. flow_pkts_payload.tot          - Score: 0.0001
26. fwd_pkts_payload.min           - Score: 0.0001
27. flow_CWR_flag_count            - Score: 0.0001
28. flow_ECE_flag_count            - Score: 0.0001
29. fwd_pkts_payload.std           - Score: 0.0001
30. flow_pkts_payload.avg          - Score: 0.0000
31. bwd_header_size_tot            - Score: 0.0000
32. flow_pkts_payload.std          - Score: 0.0000
33. fwd_last_window_size           - Score: 0.0000
34. fwd_init_window_size           - Score: 0.0000
35. bwd_pkts_payload.std           - Score: 0.0000
36. bwd_pkts_payload.avg           - Score: 0.0000
37. fwd_header_size_tot            - Score: 0.0000
38. flow_pkts_payload.min          - Score: 0.0000
39. fwd_bulk_packets               - Score: 0.0000
40. bwd_pkts_payload.max           - Score: 0.0000
41. id.resp_p                      - Score: 0.0000
42. bwd_bulk_packets               - Score: 0.0000
43. bwd_pkts_payload.min           - Score: 0.0000
44. flow_iat.min                   - Score: 0.0000
45. Unnamed: 0                     - Score: 0.0000
46. bwd_subflow_bytes              - Score: 0.0000
47. bwd_pkts_per_sec               - Score: 0.0000
48. flow_iat.avg                   - Score: 0.0000
49. flow_iat.max                   - Score: 0.0000
50. active.min                     - Score: 0.0000
51. active.avg                     - Score: 0.0000
52. active.max                     - Score: 0.0000
53. active.tot                     - Score: 0.0000
54. flow_iat.tot                   - Score: 0.0000
55. bwd_pkts_payload.tot           - Score: 0.0000
56. fwd_pkts_per_sec               - Score: 0.0000
57. fwd_iat.min                    - Score: 0.0000
58. payload_bytes_per_second       - Score: 0.0000
59. flow_pkts_per_sec              - Score: 0.0000
60. fwd_bulk_rate                  - Score: 0.0000
61. bwd_init_window_size           - Score: 0.0000
62. bwd_iat.min                    - Score: 0.0000
63. id.orig_p                      - Score: 0.0000
64. fwd_bulk_bytes                 - Score: 0.0000
65. bwd_bulk_bytes                 - Score: 0.0000
66. bwd_bulk_rate                  - Score: 0.0000
67. flow_iat.std                   - Score: 0.0000
68. fwd_iat.avg                    - Score: 0.0000
69. fwd_iat.std                    - Score: 0.0000
70. fwd_iat.max                    - Score: 0.0000
71. fwd_iat.tot                    - Score: 0.0000
72. bwd_iat.std                    - Score: 0.0000
73. bwd_iat.avg                    - Score: 0.0000
74. bwd_iat.max                    - Score: 0.0000
75. active.std                     - Score: 0.0000
76. bwd_iat.tot                    - Score: 0.0000
77. idle.std                       - Score: 0.0000
78. idle.min                       - Score: 0.0000
79. idle.avg                       - Score: 0.0000
80. idle.max                       - Score: 0.0000
81. idle.tot                       - Score: 0.0000
82. bwd_URG_flag_count             - Score: 0.0000
================================================================================

Features Ranked by Differentiation Strength:
================================================================================
 1. flow_duration                  - Score: 1.0000
 2. fwd_URG_flag_count             - Score: 0.0062
 3. down_up_ratio                  - Score: 0.0042
 4. flow_RST_flag_count            - Score: 0.0037
 5. flow_SYN_flag_count            - Score: 0.0027
 6. fwd_PSH_flag_count             - Score: 0.0027
 7. flow_FIN_flag_count            - Score: 0.0022
 8. fwd_data_pkts_tot              - Score: 0.0017
 9. bwd_subflow_pkts               - Score: 0.0009
10. bwd_pkts_tot                   - Score: 0.0007
11. fwd_header_size_min            - Score: 0.0005
12. fwd_pkts_payload.avg           - Score: 0.0005
13. flow_ACK_flag_count            - Score: 0.0004
14. fwd_header_size_max            - Score: 0.0004
15. fwd_subflow_pkts               - Score: 0.0003
16. bwd_PSH_flag_count             - Score: 0.0002
17. bwd_header_size_max            - Score: 0.0002
18. bwd_header_size_min            - Score: 0.0002
19. fwd_pkts_payload.max           - Score: 0.0002
20. bwd_data_pkts_tot              - Score: 0.0002
21. fwd_subflow_bytes              - Score: 0.0002
22. flow_pkts_payload.max          - Score: 0.0002
23. fwd_pkts_tot                   - Score: 0.0001
24. fwd_pkts_payload.tot           - Score: 0.0001
25. flow_pkts_payload.tot          - Score: 0.0001
26. fwd_pkts_payload.std           - Score: 0.0001
27. fwd_pkts_payload.min           - Score: 0.0001
28. flow_CWR_flag_count            - Score: 0.0001
29. flow_ECE_flag_count            - Score: 0.0001
30. bwd_header_size_tot            - Score: 0.0001
31. flow_pkts_payload.avg          - Score: 0.0000
32. flow_pkts_payload.std          - Score: 0.0000
33. fwd_last_window_size           - Score: 0.0000
34. fwd_init_window_size           - Score: 0.0000
35. bwd_pkts_payload.std           - Score: 0.0000
36. fwd_header_size_tot            - Score: 0.0000
37. bwd_pkts_payload.avg           - Score: 0.0000
38. flow_pkts_payload.min          - Score: 0.0000
39. id.resp_p                      - Score: 0.0000
40. bwd_pkts_payload.max           - Score: 0.0000
41. fwd_bulk_packets               - Score: 0.0000
42. bwd_pkts_payload.min           - Score: 0.0000
43. Unnamed: 0                     - Score: 0.0000
44. flow_iat.min                   - Score: 0.0000
45. bwd_pkts_per_sec               - Score: 0.0000
46. bwd_subflow_bytes              - Score: 0.0000
47. bwd_bulk_packets               - Score: 0.0000
48. fwd_pkts_per_sec               - Score: 0.0000
49. flow_iat.avg                   - Score: 0.0000
50. flow_iat.max                   - Score: 0.0000
51. active.min                     - Score: 0.0000
52. active.avg                     - Score: 0.0000
53. active.max                     - Score: 0.0000
54. active.tot                     - Score: 0.0000
55. flow_iat.tot                   - Score: 0.0000
56. flow_pkts_per_sec              - Score: 0.0000
57. bwd_pkts_payload.tot           - Score: 0.0000
58. fwd_iat.min                    - Score: 0.0000
59. bwd_iat.min                    - Score: 0.0000
60. fwd_bulk_rate                  - Score: 0.0000
61. bwd_init_window_size           - Score: 0.0000
62. id.orig_p                      - Score: 0.0000
63. fwd_bulk_bytes                 - Score: 0.0000
64. payload_bytes_per_second       - Score: 0.0000
65. bwd_bulk_rate                  - Score: 0.0000
66. fwd_iat.avg                    - Score: 0.0000
67. flow_iat.std                   - Score: 0.0000
68. fwd_iat.std                    - Score: 0.0000
69. bwd_bulk_bytes                 - Score: 0.0000
70. fwd_iat.max                    - Score: 0.0000
71. fwd_iat.tot                    - Score: 0.0000
72. bwd_iat.avg                    - Score: 0.0000
73. bwd_iat.std                    - Score: 0.0000
74. bwd_iat.max                    - Score: 0.0000
75. bwd_iat.tot                    - Score: 0.0000
76. active.std                     - Score: 0.0000
77. idle.std                       - Score: 0.0000
78. idle.min                       - Score: 0.0000
79. idle.avg                       - Score: 0.0000
80. idle.max                       - Score: 0.0000
81. idle.tot                       - Score: 0.0000
82. bwd_URG_flag_count             - Score: 0.0000
================================================================================

Features Ranked by Differentiation Strength:
================================================================================
 1. flow_duration                  - Score: 1.0000
 2. down_up_ratio                  - Score: 0.0055
 3. fwd_URG_flag_count             - Score: 0.0055
 4. flow_RST_flag_count            - Score: 0.0032
 5. flow_SYN_flag_count            - Score: 0.0030
 6. fwd_PSH_flag_count             - Score: 0.0026
 7. flow_FIN_flag_count            - Score: 0.0021
 8. fwd_data_pkts_tot              - Score: 0.0016
 9. bwd_subflow_pkts               - Score: 0.0012
10. bwd_pkts_tot                   - Score: 0.0008
11. fwd_subflow_pkts               - Score: 0.0007
12. bwd_PSH_flag_count             - Score: 0.0006
13. fwd_pkts_payload.avg           - Score: 0.0006
14. flow_ACK_flag_count            - Score: 0.0006
15. fwd_pkts_tot                   - Score: 0.0005
16. fwd_header_size_max            - Score: 0.0005
17. bwd_data_pkts_tot              - Score: 0.0005
18. fwd_header_size_min            - Score: 0.0004
19. fwd_pkts_payload.max           - Score: 0.0002
20. bwd_header_size_min            - Score: 0.0002
21. flow_pkts_payload.max          - Score: 0.0002
22. bwd_header_size_max            - Score: 0.0002
23. fwd_subflow_bytes              - Score: 0.0002
24. fwd_pkts_payload.tot           - Score: 0.0002
25. flow_pkts_payload.tot          - Score: 0.0001
26. fwd_pkts_payload.std           - Score: 0.0001
27. fwd_pkts_payload.min           - Score: 0.0001
28. flow_CWR_flag_count            - Score: 0.0001
29. flow_ECE_flag_count            - Score: 0.0001
30. bwd_header_size_tot            - Score: 0.0001
31. flow_pkts_payload.avg          - Score: 0.0000
32. flow_pkts_payload.std          - Score: 0.0000
33. fwd_header_size_tot            - Score: 0.0000
34. bwd_pkts_payload.avg           - Score: 0.0000
35. fwd_last_window_size           - Score: 0.0000
36. bwd_pkts_payload.std           - Score: 0.0000
37. fwd_init_window_size           - Score: 0.0000
38. flow_pkts_payload.min          - Score: 0.0000
39. id.resp_p                      - Score: 0.0000
40. bwd_pkts_payload.max           - Score: 0.0000
41. bwd_pkts_payload.min           - Score: 0.0000
42. fwd_bulk_packets               - Score: 0.0000
43. bwd_subflow_bytes              - Score: 0.0000
44. bwd_bulk_packets               - Score: 0.0000
45. Unnamed: 0                     - Score: 0.0000
46. flow_iat.min                   - Score: 0.0000
47. bwd_pkts_per_sec               - Score: 0.0000
48. bwd_pkts_payload.tot           - Score: 0.0000
49. flow_iat.avg                   - Score: 0.0000
50. flow_iat.max                   - Score: 0.0000
51. active.min                     - Score: 0.0000
52. active.avg                     - Score: 0.0000
53. active.max                     - Score: 0.0000
54. active.tot                     - Score: 0.0000
55. flow_iat.tot                   - Score: 0.0000
56. fwd_iat.min                    - Score: 0.0000
57. fwd_iat.avg                    - Score: 0.0000
58. fwd_iat.max                    - Score: 0.0000
59. fwd_iat.tot                    - Score: 0.0000
60. fwd_pkts_per_sec               - Score: 0.0000
61. payload_bytes_per_second       - Score: 0.0000
62. flow_pkts_per_sec              - Score: 0.0000
63. fwd_bulk_rate                  - Score: 0.0000
64. bwd_init_window_size           - Score: 0.0000
65. id.orig_p                      - Score: 0.0000
66. fwd_bulk_bytes                 - Score: 0.0000
67. bwd_iat.min                    - Score: 0.0000
68. bwd_bulk_rate                  - Score: 0.0000
69. bwd_bulk_bytes                 - Score: 0.0000
70. flow_iat.std                   - Score: 0.0000
71. fwd_iat.std                    - Score: 0.0000
72. bwd_iat.avg                    - Score: 0.0000
73. bwd_iat.std                    - Score: 0.0000
74. bwd_iat.max                    - Score: 0.0000
75. bwd_iat.tot                    - Score: 0.0000
76. active.std                     - Score: 0.0000
77. idle.std                       - Score: 0.0000
78. idle.min                       - Score: 0.0000
79. idle.avg                       - Score: 0.0000
80. idle.max                       - Score: 0.0000
81. idle.tot                       - Score: 0.0000
82. bwd_URG_flag_count             - Score: 0.0000
================================================================================

Features Ranked by Differentiation Strength:
================================================================================
 1. flow_duration                  - Score: 1.0000
 2. fwd_URG_flag_count             - Score: 0.0058
 3. down_up_ratio                  - Score: 0.0043
 4. flow_RST_flag_count            - Score: 0.0041
 5. flow_SYN_flag_count            - Score: 0.0031
 6. fwd_PSH_flag_count             - Score: 0.0027
 7. flow_FIN_flag_count            - Score: 0.0022
 8. fwd_data_pkts_tot              - Score: 0.0016
 9. bwd_subflow_pkts               - Score: 0.0007
10. fwd_header_size_min            - Score: 0.0006
11. bwd_pkts_tot                   - Score: 0.0005
12. fwd_pkts_payload.avg           - Score: 0.0005
13. flow_ACK_flag_count            - Score: 0.0004
14. fwd_header_size_max            - Score: 0.0004
15. fwd_subflow_pkts               - Score: 0.0003
16. bwd_PSH_flag_count             - Score: 0.0002
17. bwd_data_pkts_tot              - Score: 0.0002
18. bwd_header_size_min            - Score: 0.0002
19. fwd_pkts_payload.max           - Score: 0.0002
20. bwd_header_size_max            - Score: 0.0002
21. fwd_pkts_tot                   - Score: 0.0002
22. flow_pkts_payload.max          - Score: 0.0002
23. fwd_subflow_bytes              - Score: 0.0002
24. fwd_pkts_payload.tot           - Score: 0.0001
25. flow_pkts_payload.tot          - Score: 0.0001
26. fwd_pkts_payload.min           - Score: 0.0001
27. fwd_pkts_payload.std           - Score: 0.0001
28. flow_CWR_flag_count            - Score: 0.0001
29. flow_ECE_flag_count            - Score: 0.0001
30. id.resp_p                      - Score: 0.0001
31. bwd_header_size_tot            - Score: 0.0001
32. flow_pkts_payload.avg          - Score: 0.0000
33. flow_pkts_payload.std          - Score: 0.0000
34. fwd_last_window_size           - Score: 0.0000
35. fwd_init_window_size           - Score: 0.0000
36. bwd_pkts_payload.std           - Score: 0.0000
37. fwd_header_size_tot            - Score: 0.0000
38. bwd_pkts_payload.avg           - Score: 0.0000
39. flow_pkts_payload.min          - Score: 0.0000
40. fwd_bulk_packets               - Score: 0.0000
41. bwd_pkts_payload.max           - Score: 0.0000
42. bwd_pkts_payload.min           - Score: 0.0000
43. bwd_bulk_packets               - Score: 0.0000
44. flow_iat.min                   - Score: 0.0000
45. Unnamed: 0                     - Score: 0.0000
46. bwd_subflow_bytes              - Score: 0.0000
47. bwd_pkts_per_sec               - Score: 0.0000
48. fwd_iat.min                    - Score: 0.0000
49. flow_iat.avg                   - Score: 0.0000
50. flow_iat.max                   - Score: 0.0000
51. active.min                     - Score: 0.0000
52. active.avg                     - Score: 0.0000
53. active.max                     - Score: 0.0000
54. active.tot                     - Score: 0.0000
55. flow_iat.tot                   - Score: 0.0000
56. bwd_pkts_payload.tot           - Score: 0.0000
57. fwd_iat.avg                    - Score: 0.0000
58. fwd_iat.max                    - Score: 0.0000
59. fwd_iat.tot                    - Score: 0.0000
60. fwd_pkts_per_sec               - Score: 0.0000
61. flow_pkts_per_sec              - Score: 0.0000
62. fwd_bulk_rate                  - Score: 0.0000
63. bwd_init_window_size           - Score: 0.0000
64. id.orig_p                      - Score: 0.0000
65. fwd_bulk_bytes                 - Score: 0.0000
66. bwd_iat.min                    - Score: 0.0000
67. payload_bytes_per_second       - Score: 0.0000
68. bwd_bulk_bytes                 - Score: 0.0000
69. bwd_bulk_rate                  - Score: 0.0000
70. flow_iat.std                   - Score: 0.0000
71. fwd_iat.std                    - Score: 0.0000
72. bwd_iat.avg                    - Score: 0.0000
73. bwd_iat.max                    - Score: 0.0000
74. bwd_iat.tot                    - Score: 0.0000
75. bwd_iat.std                    - Score: 0.0000
76. active.std                     - Score: 0.0000
77. idle.std                       - Score: 0.0000
78. idle.min                       - Score: 0.0000
79. idle.avg                       - Score: 0.0000
80. idle.max                       - Score: 0.0000
81. idle.tot                       - Score: 0.0000
82. bwd_URG_flag_count             - Score: 0.0000
================================================================================

Features Ranked by Differentiation Strength:
================================================================================
 1. flow_duration                  - Score: 1.0000
 2. fwd_URG_flag_count             - Score: 0.0056
 3. down_up_ratio                  - Score: 0.0042
 4. flow_RST_flag_count            - Score: 0.0031
 5. flow_SYN_flag_count            - Score: 0.0025
 6. fwd_PSH_flag_count             - Score: 0.0022
 7. flow_FIN_flag_count            - Score: 0.0020
 8. fwd_data_pkts_tot              - Score: 0.0015
 9. bwd_subflow_pkts               - Score: 0.0006
10. fwd_pkts_payload.avg           - Score: 0.0005
11. fwd_header_size_min            - Score: 0.0004
12. fwd_header_size_max            - Score: 0.0004
13. bwd_pkts_tot                   - Score: 0.0004
14. fwd_subflow_pkts               - Score: 0.0002
15. bwd_PSH_flag_count             - Score: 0.0002
16. fwd_pkts_payload.max           - Score: 0.0002
17. flow_pkts_payload.max          - Score: 0.0002
18. bwd_header_size_min            - Score: 0.0002
19. fwd_subflow_bytes              - Score: 0.0002
20. fwd_pkts_tot                   - Score: 0.0001
21. bwd_header_size_max            - Score: 0.0001
22. fwd_pkts_payload.tot           - Score: 0.0001
23. flow_ACK_flag_count            - Score: 0.0001
24. bwd_data_pkts_tot              - Score: 0.0001
25. flow_pkts_payload.tot          - Score: 0.0001
26. fwd_pkts_payload.min           - Score: 0.0001
27. fwd_pkts_payload.std           - Score: 0.0001
28. flow_CWR_flag_count            - Score: 0.0001
29. flow_ECE_flag_count            - Score: 0.0001
30. flow_pkts_payload.avg          - Score: 0.0000
31. bwd_header_size_tot            - Score: 0.0000
32. flow_pkts_payload.std          - Score: 0.0000
33. fwd_last_window_size           - Score: 0.0000
34. fwd_init_window_size           - Score: 0.0000
35. bwd_pkts_payload.std           - Score: 0.0000
36. bwd_pkts_payload.avg           - Score: 0.0000
37. fwd_header_size_tot            - Score: 0.0000
38. flow_pkts_payload.min          - Score: 0.0000
39. bwd_pkts_payload.max           - Score: 0.0000
40. bwd_pkts_per_sec               - Score: 0.0000
41. bwd_pkts_payload.min           - Score: 0.0000
42. fwd_bulk_packets               - Score: 0.0000
43. id.resp_p                      - Score: 0.0000
44. Unnamed: 0                     - Score: 0.0000
45. bwd_bulk_packets               - Score: 0.0000
46. flow_iat.min                   - Score: 0.0000
47. bwd_subflow_bytes              - Score: 0.0000
48. fwd_pkts_per_sec               - Score: 0.0000
49. flow_iat.avg                   - Score: 0.0000
50. flow_iat.max                   - Score: 0.0000
51. active.min                     - Score: 0.0000
52. active.avg                     - Score: 0.0000
53. active.max                     - Score: 0.0000
54. active.tot                     - Score: 0.0000
55. flow_iat.tot                   - Score: 0.0000
56. bwd_pkts_payload.tot           - Score: 0.0000
57. flow_pkts_per_sec              - Score: 0.0000
58. fwd_iat.min                    - Score: 0.0000
59. fwd_bulk_rate                  - Score: 0.0000
60. bwd_init_window_size           - Score: 0.0000
61. id.orig_p                      - Score: 0.0000
62. fwd_bulk_bytes                 - Score: 0.0000
63. payload_bytes_per_second       - Score: 0.0000
64. bwd_iat.min                    - Score: 0.0000
65. bwd_bulk_rate                  - Score: 0.0000
66. bwd_bulk_bytes                 - Score: 0.0000
67. flow_iat.std                   - Score: 0.0000
68. fwd_iat.avg                    - Score: 0.0000
69. fwd_iat.std                    - Score: 0.0000
70. fwd_iat.max                    - Score: 0.0000
71. fwd_iat.tot                    - Score: 0.0000
72. bwd_iat.std                    - Score: 0.0000
73. bwd_iat.avg                    - Score: 0.0000
74. bwd_iat.max                    - Score: 0.0000
75. bwd_iat.tot                    - Score: 0.0000
76. active.std                     - Score: 0.0000
77. idle.std                       - Score: 0.0000
78. idle.min                       - Score: 0.0000
79. idle.avg                       - Score: 0.0000
80. idle.max                       - Score: 0.0000
81. idle.tot                       - Score: 0.0000
82. bwd_URG_flag_count             - Score: 0.0000
================================================================================

Features Ranked by Differentiation Strength:
================================================================================
 1. flow_duration                  - Score: 1.0000
 2. fwd_URG_flag_count             - Score: 0.0060
 3. down_up_ratio                  - Score: 0.0048
 4. flow_RST_flag_count            - Score: 0.0030
 5. flow_FIN_flag_count            - Score: 0.0025
 6. fwd_PSH_flag_count             - Score: 0.0025
 7. flow_SYN_flag_count            - Score: 0.0021
 8. fwd_data_pkts_tot              - Score: 0.0015
 9. bwd_subflow_pkts               - Score: 0.0011
10. fwd_subflow_pkts               - Score: 0.0007
11. bwd_pkts_tot                   - Score: 0.0006
12. bwd_data_pkts_tot              - Score: 0.0006
13. fwd_pkts_payload.avg           - Score: 0.0006
14. bwd_PSH_flag_count             - Score: 0.0006
15. fwd_header_size_max            - Score: 0.0005
16. fwd_header_size_min            - Score: 0.0005
17. fwd_pkts_tot                   - Score: 0.0005
18. flow_ACK_flag_count            - Score: 0.0003
19. fwd_pkts_payload.max           - Score: 0.0003
20. flow_pkts_payload.max          - Score: 0.0002
21. bwd_pkts_payload.avg           - Score: 0.0002
22. fwd_subflow_bytes              - Score: 0.0002
23. fwd_pkts_payload.tot           - Score: 0.0002
24. bwd_header_size_min            - Score: 0.0002
25. bwd_header_size_max            - Score: 0.0002
26. flow_pkts_payload.avg          - Score: 0.0002
27. flow_pkts_payload.tot          - Score: 0.0002
28. bwd_pkts_payload.std           - Score: 0.0001
29. fwd_pkts_payload.std           - Score: 0.0001
30. flow_pkts_payload.std          - Score: 0.0001
31. fwd_pkts_payload.min           - Score: 0.0001
32. bwd_subflow_bytes              - Score: 0.0001
33. flow_CWR_flag_count            - Score: 0.0001
34. flow_ECE_flag_count            - Score: 0.0001
35. bwd_pkts_payload.tot           - Score: 0.0000
36. bwd_pkts_payload.max           - Score: 0.0000
37. bwd_header_size_tot            - Score: 0.0000
38. fwd_header_size_tot            - Score: 0.0000
39. fwd_last_window_size           - Score: 0.0000
40. fwd_init_window_size           - Score: 0.0000
41. flow_pkts_payload.min          - Score: 0.0000
42. payload_bytes_per_second       - Score: 0.0000
43. fwd_bulk_packets               - Score: 0.0000
44. bwd_pkts_payload.min           - Score: 0.0000
45. id.resp_p                      - Score: 0.0000
46. Unnamed: 0                     - Score: 0.0000
47. flow_iat.min                   - Score: 0.0000
48. bwd_bulk_packets               - Score: 0.0000
49. bwd_pkts_per_sec               - Score: 0.0000
50. flow_iat.avg                   - Score: 0.0000
51. flow_iat.max                   - Score: 0.0000
52. active.min                     - Score: 0.0000
53. active.avg                     - Score: 0.0000
54. active.max                     - Score: 0.0000
55. active.tot                     - Score: 0.0000
56. flow_iat.tot                   - Score: 0.0000
57. fwd_iat.min                    - Score: 0.0000
58. fwd_pkts_per_sec               - Score: 0.0000
59. flow_pkts_per_sec              - Score: 0.0000
60. fwd_bulk_rate                  - Score: 0.0000
61. bwd_iat.min                    - Score: 0.0000
62. bwd_init_window_size           - Score: 0.0000
63. fwd_iat.avg                    - Score: 0.0000
64. fwd_iat.max                    - Score: 0.0000
65. fwd_iat.tot                    - Score: 0.0000
66. id.orig_p                      - Score: 0.0000
67. fwd_bulk_bytes                 - Score: 0.0000
68. bwd_bulk_rate                  - Score: 0.0000
69. bwd_bulk_bytes                 - Score: 0.0000
70. fwd_iat.std                    - Score: 0.0000
71. flow_iat.std                   - Score: 0.0000
72. bwd_iat.std                    - Score: 0.0000
73. bwd_iat.avg                    - Score: 0.0000
74. bwd_iat.max                    - Score: 0.0000
75. bwd_iat.tot                    - Score: 0.0000
76. active.std                     - Score: 0.0000
77. idle.std                       - Score: 0.0000
78. idle.min                       - Score: 0.0000
79. idle.avg                       - Score: 0.0000
80. idle.max                       - Score: 0.0000
81. idle.tot                       - Score: 0.0000
82. bwd_URG_flag_count             - Score: 0.0000
================================================================================

Features Ranked by Differentiation Strength:
================================================================================
 1. flow_duration                  - Score: 1.0000
 2. fwd_URG_flag_count             - Score: 0.0111
 3. down_up_ratio                  - Score: 0.0041
 4. flow_RST_flag_count            - Score: 0.0031
 5. flow_FIN_flag_count            - Score: 0.0031
 6. fwd_PSH_flag_count             - Score: 0.0030
 7. flow_SYN_flag_count            - Score: 0.0023
 8. fwd_data_pkts_tot              - Score: 0.0018
 9. bwd_subflow_pkts               - Score: 0.0005
10. fwd_pkts_payload.avg           - Score: 0.0005
11. fwd_header_size_min            - Score: 0.0005
12. fwd_header_size_max            - Score: 0.0004
13. bwd_pkts_tot                   - Score: 0.0004
14. fwd_subflow_pkts               - Score: 0.0002
15. bwd_PSH_flag_count             - Score: 0.0002
16. fwd_pkts_payload.max           - Score: 0.0002
17. bwd_header_size_max            - Score: 0.0002
18. bwd_header_size_min            - Score: 0.0002
19. fwd_subflow_bytes              - Score: 0.0002
20. flow_pkts_payload.max          - Score: 0.0002
21. fwd_pkts_tot                   - Score: 0.0002
22. fwd_pkts_payload.tot           - Score: 0.0001
23. flow_ACK_flag_count            - Score: 0.0001
24. bwd_data_pkts_tot              - Score: 0.0001
25. flow_pkts_payload.tot          - Score: 0.0001
26. fwd_pkts_payload.min           - Score: 0.0001
27. flow_CWR_flag_count            - Score: 0.0001
28. flow_ECE_flag_count            - Score: 0.0001
29. fwd_pkts_payload.std           - Score: 0.0001
30. flow_pkts_payload.avg          - Score: 0.0000
31. bwd_header_size_tot            - Score: 0.0000
32. fwd_last_window_size           - Score: 0.0000
33. flow_pkts_payload.std          - Score: 0.0000
34. fwd_init_window_size           - Score: 0.0000
35. bwd_pkts_payload.std           - Score: 0.0000
36. bwd_pkts_payload.avg           - Score: 0.0000
37. fwd_header_size_tot            - Score: 0.0000
38. flow_pkts_payload.min          - Score: 0.0000
39. bwd_pkts_payload.max           - Score: 0.0000
40. flow_iat.min                   - Score: 0.0000
41. bwd_pkts_payload.min           - Score: 0.0000
42. fwd_bulk_packets               - Score: 0.0000
43. Unnamed: 0                     - Score: 0.0000
44. id.resp_p                      - Score: 0.0000
45. bwd_bulk_packets               - Score: 0.0000
46. bwd_pkts_per_sec               - Score: 0.0000
47. bwd_subflow_bytes              - Score: 0.0000
48. flow_iat.avg                   - Score: 0.0000
49. flow_iat.max                   - Score: 0.0000
50. active.min                     - Score: 0.0000
51. active.avg                     - Score: 0.0000
52. active.max                     - Score: 0.0000
53. active.tot                     - Score: 0.0000
54. flow_iat.tot                   - Score: 0.0000
55. bwd_pkts_payload.tot           - Score: 0.0000
56. fwd_pkts_per_sec               - Score: 0.0000
57. fwd_iat.min                    - Score: 0.0000
58. flow_pkts_per_sec              - Score: 0.0000
59. bwd_init_window_size           - Score: 0.0000
60. bwd_iat.min                    - Score: 0.0000
61. id.orig_p                      - Score: 0.0000
62. payload_bytes_per_second       - Score: 0.0000
63. fwd_bulk_rate                  - Score: 0.0000
64. bwd_bulk_rate                  - Score: 0.0000
65. fwd_bulk_bytes                 - Score: 0.0000
66. bwd_bulk_bytes                 - Score: 0.0000
67. flow_iat.std                   - Score: 0.0000
68. fwd_iat.avg                    - Score: 0.0000
69. fwd_iat.std                    - Score: 0.0000
70. fwd_iat.max                    - Score: 0.0000
71. fwd_iat.tot                    - Score: 0.0000
72. bwd_iat.std                    - Score: 0.0000
73. bwd_iat.avg                    - Score: 0.0000
74. bwd_iat.max                    - Score: 0.0000
75. bwd_iat.tot                    - Score: 0.0000
76. active.std                     - Score: 0.0000
77. idle.std                       - Score: 0.0000
78. idle.min                       - Score: 0.0000
79. idle.avg                       - Score: 0.0000
80. idle.max                       - Score: 0.0000
81. idle.tot                       - Score: 0.0000
82. bwd_URG_flag_count             - Score: 0.0000
================================================================================

Features Ranked by Differentiation Strength:
================================================================================
 1. flow_duration                  - Score: 1.0000
 2. fwd_URG_flag_count             - Score: 0.0078
 3. down_up_ratio                  - Score: 0.0040
 4. flow_RST_flag_count            - Score: 0.0033
 5. flow_SYN_flag_count            - Score: 0.0027
 6. flow_FIN_flag_count            - Score: 0.0025
 7. fwd_PSH_flag_count             - Score: 0.0025
 8. fwd_data_pkts_tot              - Score: 0.0016
 9. bwd_subflow_pkts               - Score: 0.0006
10. fwd_pkts_payload.avg           - Score: 0.0005
11. fwd_header_size_min            - Score: 0.0004
12. bwd_pkts_tot                   - Score: 0.0004
13. fwd_header_size_max            - Score: 0.0004
14. bwd_PSH_flag_count             - Score: 0.0002
15. fwd_subflow_pkts               - Score: 0.0002
16. fwd_pkts_payload.max           - Score: 0.0002
17. fwd_pkts_payload.std           - Score: 0.0002
18. fwd_subflow_bytes              - Score: 0.0002
19. bwd_header_size_min            - Score: 0.0002
20. flow_pkts_payload.max          - Score: 0.0002
21. bwd_header_size_max            - Score: 0.0002
22. fwd_pkts_payload.tot           - Score: 0.0002
23. bwd_data_pkts_tot              - Score: 0.0001
24. fwd_pkts_tot                   - Score: 0.0001
25. flow_ACK_flag_count            - Score: 0.0001
26. flow_pkts_payload.tot          - Score: 0.0001
27. fwd_pkts_payload.min           - Score: 0.0001
28. bwd_pkts_payload.std           - Score: 0.0001
29. flow_CWR_flag_count            - Score: 0.0001
30. flow_ECE_flag_count            - Score: 0.0001
31. flow_pkts_payload.avg          - Score: 0.0000
32. flow_pkts_payload.std          - Score: 0.0000
33. bwd_header_size_tot            - Score: 0.0000
34. fwd_last_window_size           - Score: 0.0000
35. fwd_init_window_size           - Score: 0.0000
36. bwd_pkts_payload.avg           - Score: 0.0000
37. fwd_header_size_tot            - Score: 0.0000
38. flow_pkts_payload.min          - Score: 0.0000
39. bwd_pkts_payload.max           - Score: 0.0000
40. fwd_bulk_packets               - Score: 0.0000
41. bwd_pkts_payload.min           - Score: 0.0000
42. id.resp_p                      - Score: 0.0000
43. Unnamed: 0                     - Score: 0.0000
44. flow_iat.min                   - Score: 0.0000
45. bwd_bulk_packets               - Score: 0.0000
46. bwd_subflow_bytes              - Score: 0.0000
47. bwd_pkts_per_sec               - Score: 0.0000
48. flow_iat.avg                   - Score: 0.0000
49. flow_iat.max                   - Score: 0.0000
50. active.min                     - Score: 0.0000
51. active.avg                     - Score: 0.0000
52. active.max                     - Score: 0.0000
53. active.tot                     - Score: 0.0000
54. flow_iat.tot                   - Score: 0.0000
55. bwd_pkts_payload.tot           - Score: 0.0000
56. fwd_pkts_per_sec               - Score: 0.0000
57. flow_pkts_per_sec              - Score: 0.0000
58. bwd_iat.min                    - Score: 0.0000
59. fwd_iat.min                    - Score: 0.0000
60. fwd_bulk_rate                  - Score: 0.0000
61. bwd_init_window_size           - Score: 0.0000
62. id.orig_p                      - Score: 0.0000
63. fwd_bulk_bytes                 - Score: 0.0000
64. payload_bytes_per_second       - Score: 0.0000
65. bwd_bulk_rate                  - Score: 0.0000
66. bwd_bulk_bytes                 - Score: 0.0000
67. flow_iat.std                   - Score: 0.0000
68. fwd_iat.avg                    - Score: 0.0000
69. fwd_iat.std                    - Score: 0.0000
70. fwd_iat.max                    - Score: 0.0000
71. fwd_iat.tot                    - Score: 0.0000
72. bwd_iat.std                    - Score: 0.0000
73. bwd_iat.avg                    - Score: 0.0000
74. bwd_iat.max                    - Score: 0.0000
75. active.std                     - Score: 0.0000
76. bwd_iat.tot                    - Score: 0.0000
77. idle.std                       - Score: 0.0000
78. idle.min                       - Score: 0.0000
79. idle.avg                       - Score: 0.0000
80. idle.max                       - Score: 0.0000
81. idle.tot                       - Score: 0.0000
82. bwd_URG_flag_count             - Score: 0.0000
================================================================================
  done: held-out class Thing_Speak

Features Ranked by Differentiation Strength:
================================================================================
 1. flow_duration                  - Score: 1.0000
 2. fwd_URG_flag_count             - Score: 0.0055
 3. down_up_ratio                  - Score: 0.0045
 4. flow_RST_flag_count            - Score: 0.0043
 5. flow_SYN_flag_count            - Score: 0.0023
 6. fwd_PSH_flag_count             - Score: 0.0022
 7. flow_FIN_flag_count            - Score: 0.0019
 8. fwd_data_pkts_tot              - Score: 0.0016
 9. bwd_subflow_pkts               - Score: 0.0006
10. fwd_pkts_payload.avg           - Score: 0.0006
11. fwd_header_size_min            - Score: 0.0005
12. bwd_pkts_tot                   - Score: 0.0005
13. fwd_header_size_max            - Score: 0.0004
14. bwd_PSH_flag_count             - Score: 0.0003
15. fwd_subflow_pkts               - Score: 0.0003
16. fwd_pkts_payload.max           - Score: 0.0002
17. bwd_data_pkts_tot              - Score: 0.0002
18. fwd_subflow_bytes              - Score: 0.0002
19. flow_pkts_payload.max          - Score: 0.0002
20. fwd_pkts_payload.tot           - Score: 0.0002
21. fwd_pkts_tot                   - Score: 0.0002
22. bwd_header_size_max            - Score: 0.0002
23. bwd_header_size_min            - Score: 0.0002
24. flow_pkts_payload.tot          - Score: 0.0002
25. fwd_pkts_payload.std           - Score: 0.0001
26. flow_ACK_flag_count            - Score: 0.0001
27. fwd_pkts_payload.min           - Score: 0.0001
28. bwd_pkts_payload.std           - Score: 0.0001
29. bwd_header_size_tot            - Score: 0.0000
30. flow_pkts_payload.avg          - Score: 0.0000
31. flow_pkts_payload.std          - Score: 0.0000
32. fwd_last_window_size           - Score: 0.0000
33. fwd_init_window_size           - Score: 0.0000
34. bwd_pkts_payload.avg           - Score: 0.0000
35. fwd_header_size_tot            - Score: 0.0000
36. flow_pkts_payload.min          - Score: 0.0000
37. flow_CWR_flag_count            - Score: 0.0000
38. flow_ECE_flag_count            - Score: 0.0000
39. bwd_pkts_payload.max           - Score: 0.0000
40. bwd_pkts_payload.min           - Score: 0.0000
41. id.resp_p                      - Score: 0.0000
42. fwd_bulk_packets               - Score: 0.0000
43. flow_iat.min                   - Score: 0.0000
44. bwd_bulk_packets               - Score: 0.0000
45. Unnamed: 0                     - Score: 0.0000
46. bwd_pkts_per_sec               - Score: 0.0000
47. bwd_subflow_bytes              - Score: 0.0000
48. bwd_iat.min                    - Score: 0.0000
49. flow_iat.avg                   - Score: 0.0000
50. flow_iat.max                   - Score: 0.0000
51. active.min                     - Score: 0.0000
52. active.avg                     - Score: 0.0000
53. active.max                     - Score: 0.0000
54. active.tot                     - Score: 0.0000
55. flow_iat.tot                   - Score: 0.0000
56. bwd_pkts_payload.tot           - Score: 0.0000
57. fwd_pkts_per_sec               - Score: 0.0000
58. fwd_iat.min                    - Score: 0.0000
59. flow_pkts_per_sec              - Score: 0.0000
60. fwd_bulk_rate                  - Score: 0.0000
61. bwd_init_window_size           - Score: 0.0000
62. id.orig_p                      - Score: 0.0000
63. payload_bytes_per_second       - Score: 0.0000
64. fwd_bulk_bytes                 - Score: 0.0000
65. bwd_bulk_bytes                 - Score: 0.0000
66. bwd_iat.avg                    - Score: 0.0000
67. fwd_iat.avg                    - Score: 0.0000
68. flow_iat.std                   - Score: 0.0000
69. fwd_iat.std                    - Score: 0.0000
70. fwd_iat.max                    - Score: 0.0000
71. bwd_iat.std                    - Score: 0.0000
72. fwd_iat.tot                    - Score: 0.0000
73. bwd_iat.max                    - Score: 0.0000
74. bwd_iat.tot                    - Score: 0.0000
75. active.std                     - Score: 0.0000
76. idle.std                       - Score: 0.0000
77. idle.min                       - Score: 0.0000
78. idle.avg                       - Score: 0.0000
79. idle.max                       - Score: 0.0000
80. bwd_bulk_rate                  - Score: 0.0000
81. idle.tot                       - Score: 0.0000
82. bwd_URG_flag_count             - Score: 0.0000
================================================================================

Features Ranked by Differentiation Strength:
================================================================================
 1. flow_duration                  - Score: 1.0000
 2. fwd_URG_flag_count             - Score: 0.0065
 3. down_up_ratio                  - Score: 0.0052
 4. flow_RST_flag_count            - Score: 0.0034
 5. flow_SYN_flag_count            - Score: 0.0031
 6. fwd_PSH_flag_count             - Score: 0.0027
 7. flow_FIN_flag_count            - Score: 0.0023
 8. fwd_data_pkts_tot              - Score: 0.0016
 9. bwd_subflow_pkts               - Score: 0.0008
10. fwd_pkts_payload.avg           - Score: 0.0006
11. fwd_header_size_min            - Score: 0.0006
12. fwd_header_size_max            - Score: 0.0005
13. bwd_PSH_flag_count             - Score: 0.0005
14. bwd_pkts_tot                   - Score: 0.0005
15. flow_ACK_flag_count            - Score: 0.0005
16. fwd_subflow_pkts               - Score: 0.0004
17. fwd_pkts_payload.max           - Score: 0.0002
18. fwd_pkts_tot                   - Score: 0.0002
19. bwd_data_pkts_tot              - Score: 0.0002
20. flow_pkts_payload.max          - Score: 0.0002
21. bwd_header_size_min            - Score: 0.0002
22. bwd_header_size_max            - Score: 0.0002
23. fwd_subflow_bytes              - Score: 0.0002
24. fwd_pkts_payload.tot           - Score: 0.0002
25. flow_pkts_payload.tot          - Score: 0.0002
26. fwd_pkts_payload.min           - Score: 0.0001
27. fwd_pkts_payload.std           - Score: 0.0001
28. bwd_header_size_tot            - Score: 0.0001
29. flow_pkts_payload.avg          - Score: 0.0000
30. fwd_last_window_size           - Score: 0.0000
31. fwd_header_size_tot            - Score: 0.0000
32. flow_pkts_payload.std          - Score: 0.0000
33. fwd_init_window_size           - Score: 0.0000
34. bwd_pkts_payload.std           - Score: 0.0000
35. bwd_pkts_payload.avg           - Score: 0.0000
36. flow_pkts_payload.min          - Score: 0.0000
37. flow_CWR_flag_count            - Score: 0.0000
38. flow_ECE_flag_count            - Score: 0.0000
39. bwd_pkts_payload.max           - Score: 0.0000
40. id.resp_p                      - Score: 0.0000
41. bwd_pkts_payload.min           - Score: 0.0000
42. bwd_pkts_per_sec               - Score: 0.0000
43. bwd_bulk_packets               - Score: 0.0000
44. flow_iat.min                   - Score: 0.0000
45. fwd_bulk_packets               - Score: 0.0000
46. fwd_pkts_per_sec               - Score: 0.0000
47. Unnamed: 0                     - Score: 0.0000
48. bwd_subflow_bytes              - Score: 0.0000
49. flow_iat.avg                   - Score: 0.0000
50. active.min                     - Score: 0.0000
51. flow_iat.max                   - Score: 0.0000
52. active.avg                     - Score: 0.0000
53. active.max                     - Score: 0.0000
54. active.tot                     - Score: 0.0000
55. flow_iat.tot                   - Score: 0.0000
56. fwd_iat.min                    - Score: 0.0000
57. flow_pkts_per_sec              - Score: 0.0000
58. bwd_pkts_payload.tot           - Score: 0.0000
59. fwd_iat.avg                    - Score: 0.0000
60. fwd_iat.max                    - Score: 0.0000
61. fwd_iat.tot                    - Score: 0.0000
62. payload_bytes_per_second       - Score: 0.0000
63. bwd_init_window_size           - Score: 0.0000
64. fwd_bulk_rate                  - Score: 0.0000
65. id.orig_p                      - Score: 0.0000
66. bwd_iat.min                    - Score: 0.0000
67. fwd_bulk_bytes                 - Score: 0.0000
68. bwd_bulk_bytes                 - Score: 0.0000
69. flow_iat.std                   - Score: 0.0000
70. fwd_iat.std                    - Score: 0.0000
71. bwd_iat.avg                    - Score: 0.0000
72. bwd_iat.max                    - Score: 0.0000
73. bwd_iat.std                    - Score: 0.0000
74. bwd_iat.tot                    - Score: 0.0000
75. active.std                     - Score: 0.0000
76. idle.std                       - Score: 0.0000
77. idle.min                       - Score: 0.0000
78. idle.avg                       - Score: 0.0000
79. idle.max                       - Score: 0.0000
80. idle.tot                       - Score: 0.0000
81. bwd_bulk_rate                  - Score: 0.0000
82. bwd_URG_flag_count             - Score: 0.0000
================================================================================

Features Ranked by Differentiation Strength:
================================================================================
 1. flow_duration                  - Score: 1.0000
 2. fwd_URG_flag_count             - Score: 0.0117
 3. fwd_PSH_flag_count             - Score: 0.0053
 4. flow_RST_flag_count            - Score: 0.0048
 5. flow_FIN_flag_count            - Score: 0.0047
 6. down_up_ratio                  - Score: 0.0046
 7. flow_SYN_flag_count            - Score: 0.0035
 8. fwd_data_pkts_tot              - Score: 0.0022
 9. bwd_subflow_pkts               - Score: 0.0010
10. flow_ACK_flag_count            - Score: 0.0008
11. bwd_pkts_tot                   - Score: 0.0008
12. fwd_pkts_payload.avg           - Score: 0.0006
13. fwd_header_size_min            - Score: 0.0006
14. fwd_header_size_max            - Score: 0.0005
15. fwd_subflow_pkts               - Score: 0.0003
16. bwd_PSH_flag_count             - Score: 0.0003
17. fwd_pkts_payload.max           - Score: 0.0003
18. bwd_header_size_max            - Score: 0.0002
19. bwd_header_size_min            - Score: 0.0002
20. flow_pkts_payload.max          - Score: 0.0002
21. bwd_data_pkts_tot              - Score: 0.0002
22. fwd_subflow_bytes              - Score: 0.0002
23. fwd_pkts_payload.tot           - Score: 0.0002
24. fwd_pkts_tot                   - Score: 0.0002
25. flow_pkts_payload.tot          - Score: 0.0002
26. fwd_pkts_payload.min           - Score: 0.0001
27. fwd_pkts_payload.std           - Score: 0.0001
28. bwd_header_size_tot            - Score: 0.0001
29. flow_pkts_payload.avg          - Score: 0.0000
30. fwd_last_window_size           - Score: 0.0000
31. fwd_init_window_size           - Score: 0.0000
32. flow_pkts_payload.std          - Score: 0.0000
33. fwd_header_size_tot            - Score: 0.0000
34. bwd_pkts_payload.std           - Score: 0.0000
35. bwd_pkts_payload.avg           - Score: 0.0000
36. flow_pkts_payload.min          - Score: 0.0000
37. flow_CWR_flag_count            - Score: 0.0000
38. bwd_pkts_per_sec               - Score: 0.0000
39. flow_ECE_flag_count            - Score: 0.0000
40. fwd_pkts_per_sec               - Score: 0.0000
41. flow_iat.min                   - Score: 0.0000
42. fwd_bulk_packets               - Score: 0.0000
43. id.resp_p                      - Score: 0.0000
44. bwd_pkts_payload.max           - Score: 0.0000
45. flow_pkts_per_sec              - Score: 0.0000
46. bwd_pkts_payload.min           - Score: 0.0000
47. bwd_bulk_packets               - Score: 0.0000
48. Unnamed: 0                     - Score: 0.0000
49. bwd_iat.min                    - Score: 0.0000
50. bwd_subflow_bytes              - Score: 0.0000
51. flow_iat.avg                   - Score: 0.0000
52. flow_iat.max                   - Score: 0.0000
53. active.min                     - Score: 0.0000
54. active.avg                     - Score: 0.0000
55. active.max                     - Score: 0.0000
56. active.tot                     - Score: 0.0000
57. flow_iat.tot                   - Score: 0.0000
58. bwd_pkts_payload.tot           - Score: 0.0000
59. payload_bytes_per_second       - Score: 0.0000
60. fwd_bulk_rate                  - Score: 0.0000
61. bwd_init_window_size           - Score: 0.0000
62. fwd_iat.min                    - Score: 0.0000
63. fwd_iat.avg                    - Score: 0.0000
64. fwd_iat.max                    - Score: 0.0000
65. fwd_iat.tot                    - Score: 0.0000
66. id.orig_p                      - Score: 0.0000
67. fwd_bulk_bytes                 - Score: 0.0000
68. bwd_bulk_bytes                 - Score: 0.0000
69. fwd_iat.std                    - Score: 0.0000
70. flow_iat.std                   - Score: 0.0000
71. bwd_iat.avg                    - Score: 0.0000
72. bwd_iat.std                    - Score: 0.0000
73. bwd_iat.max                    - Score: 0.0000
74. bwd_iat.tot                    - Score: 0.0000
75. active.std                     - Score: 0.0000
76. idle.std                       - Score: 0.0000
77. idle.min                       - Score: 0.0000
78. idle.avg                       - Score: 0.0000
79. idle.max                       - Score: 0.0000
80. idle.tot                       - Score: 0.0000
81. bwd_bulk_rate                  - Score: 0.0000
82. bwd_URG_flag_count             - Score: 0.0000
================================================================================

Features Ranked by Differentiation Strength:
================================================================================
 1. flow_duration                  - Score: 1.0000
 2. fwd_URG_flag_count             - Score: 0.0057
 3. down_up_ratio                  - Score: 0.0039
 4. flow_RST_flag_count            - Score: 0.0035
 5. flow_SYN_flag_count            - Score: 0.0029
 6. fwd_PSH_flag_count             - Score: 0.0027
 7. flow_FIN_flag_count            - Score: 0.0020
 8. fwd_data_pkts_tot              - Score: 0.0016
 9. bwd_subflow_pkts               - Score: 0.0007
10. fwd_pkts_payload.avg           - Score: 0.0006
11. fwd_header_size_min            - Score: 0.0006
12. bwd_pkts_tot                   - Score: 0.0005
13. flow_ACK_flag_count            - Score: 0.0005
14. fwd_header_size_max            - Score: 0.0005
15. fwd_pkts_payload.max           - Score: 0.0002
16. fwd_subflow_pkts               - Score: 0.0002
17. bwd_PSH_flag_count             - Score: 0.0002
18. flow_pkts_payload.max          - Score: 0.0002
19. bwd_header_size_max            - Score: 0.0002
20. bwd_header_size_min            - Score: 0.0002
21. fwd_subflow_bytes              - Score: 0.0002
22. fwd_pkts_payload.tot           - Score: 0.0002
23. fwd_pkts_tot                   - Score: 0.0002
24. flow_pkts_payload.tot          - Score: 0.0002
25. bwd_data_pkts_tot              - Score: 0.0001
26. fwd_pkts_payload.std           - Score: 0.0001
27. fwd_pkts_payload.min           - Score: 0.0001
28. bwd_header_size_tot            - Score: 0.0001
29. flow_pkts_payload.avg          - Score: 0.0000
30. flow_pkts_payload.std          - Score: 0.0000
31. fwd_last_window_size           - Score: 0.0000
32. fwd_init_window_size           - Score: 0.0000
33. fwd_header_size_tot            - Score: 0.0000
34. bwd_pkts_payload.std           - Score: 0.0000
35. bwd_pkts_payload.avg           - Score: 0.0000
36. flow_pkts_payload.min          - Score: 0.0000
37. flow_CWR_flag_count            - Score: 0.0000
38. flow_ECE_flag_count            - Score: 0.0000
39. fwd_bulk_packets               - Score: 0.0000
40. bwd_pkts_payload.max           - Score: 0.0000
41. bwd_pkts_payload.min           - Score: 0.0000
42. id.resp_p                      - Score: 0.0000
43. flow_iat.min                   - Score: 0.0000
44. bwd_bulk_packets               - Score: 0.0000
45. Unnamed: 0                     - Score: 0.0000
46. bwd_pkts_per_sec               - Score: 0.0000
47. bwd_subflow_bytes              - Score: 0.0000
48. flow_iat.avg                   - Score: 0.0000
49. flow_iat.max                   - Score: 0.0000
50. active.min                     - Score: 0.0000
51. active.avg                     - Score: 0.0000
52. active.max                     - Score: 0.0000
53. active.tot                     - Score: 0.0000
54. flow_iat.tot                   - Score: 0.0000
55. fwd_iat.min                    - Score: 0.0000
56. bwd_pkts_payload.tot           - Score: 0.0000
57. fwd_pkts_per_sec               - Score: 0.0000
58. fwd_iat.avg                    - Score: 0.0000
59. fwd_iat.max                    - Score: 0.0000
60. fwd_iat.tot                    - Score: 0.0000
61. flow_pkts_per_sec              - Score: 0.0000
62. bwd_iat.min                    - Score: 0.0000
63. fwd_bulk_rate                  - Score: 0.0000
64. bwd_init_window_size           - Score: 0.0000
65. id.orig_p                      - Score: 0.0000
66. fwd_bulk_bytes                 - Score: 0.0000
67. payload_bytes_per_second       - Score: 0.0000
68. bwd_bulk_bytes                 - Score: 0.0000
69. flow_iat.std                   - Score: 0.0000
70. fwd_iat.std                    - Score: 0.0000
71. bwd_iat.avg                    - Score: 0.0000
72. bwd_iat.max                    - Score: 0.0000
73. bwd_iat.std                    - Score: 0.0000
74. bwd_iat.tot                    - Score: 0.0000
75. active.std                     - Score: 0.0000
76. idle.std                       - Score: 0.0000
77. idle.min                       - Score: 0.0000
78. idle.avg                       - Score: 0.0000
79. idle.max                       - Score: 0.0000
80. idle.tot                       - Score: 0.0000
81. bwd_bulk_rate                  - Score: 0.0000
82. bwd_URG_flag_count             - Score: 0.0000
================================================================================

Features Ranked by Differentiation Strength:
================================================================================
 1. flow_duration                  - Score: 1.0000
 2. fwd_URG_flag_count             - Score: 0.0080
 3. down_up_ratio                  - Score: 0.0050
 4. flow_RST_flag_count            - Score: 0.0033
 5. flow_FIN_flag_count            - Score: 0.0032
 6. fwd_PSH_flag_count             - Score: 0.0031
 7. flow_SYN_flag_count            - Score: 0.0023
 8. fwd_data_pkts_tot              - Score: 0.0017
 9. bwd_subflow_pkts               - Score: 0.0006
10. bwd_PSH_flag_count             - Score: 0.0005
11. fwd_pkts_payload.avg           - Score: 0.0005
12. fwd_header_size_max            - Score: 0.0005
13. bwd_pkts_tot                   - Score: 0.0004
14. fwd_header_size_min            - Score: 0.0004
15. fwd_subflow_pkts               - Score: 0.0003
16. fwd_pkts_tot                   - Score: 0.0002
17. fwd_pkts_payload.max           - Score: 0.0002
18. bwd_data_pkts_tot              - Score: 0.0002
19. flow_pkts_payload.max          - Score: 0.0002
20. flow_ACK_flag_count            - Score: 0.0002
21. bwd_header_size_min            - Score: 0.0002
22. fwd_subflow_bytes              - Score: 0.0002
23. fwd_pkts_payload.tot           - Score: 0.0001
24. bwd_header_size_max            - Score: 0.0001
25. flow_pkts_payload.tot          - Score: 0.0001
26. fwd_pkts_payload.min           - Score: 0.0001
27. fwd_pkts_payload.std           - Score: 0.0001
28. flow_pkts_payload.avg          - Score: 0.0000
29. bwd_header_size_tot            - Score: 0.0000
30. fwd_last_window_size           - Score: 0.0000
31. flow_pkts_payload.std          - Score: 0.0000
32. fwd_init_window_size           - Score: 0.0000
33. bwd_pkts_payload.std           - Score: 0.0000
34. fwd_header_size_tot            - Score: 0.0000
35. bwd_pkts_payload.avg           - Score: 0.0000
36. flow_ECE_flag_count            - Score: 0.0000
37. flow_pkts_payload.min          - Score: 0.0000
38. flow_CWR_flag_count            - Score: 0.0000
39. bwd_pkts_payload.max           - Score: 0.0000
40. fwd_bulk_packets               - Score: 0.0000
41. bwd_pkts_payload.min           - Score: 0.0000
42. id.resp_p                      - Score: 0.0000
43. bwd_bulk_packets               - Score: 0.0000
44. flow_iat.min                   - Score: 0.0000
45. bwd_pkts_per_sec               - Score: 0.0000
46. Unnamed: 0                     - Score: 0.0000
47. bwd_subflow_bytes              - Score: 0.0000
48. flow_iat.avg                   - Score: 0.0000
49. flow_iat.max                   - Score: 0.0000
50. active.min                     - Score: 0.0000
51. active.avg                     - Score: 0.0000
52. active.max                     - Score: 0.0000
53. active.tot                     - Score: 0.0000
54. flow_iat.tot                   - Score: 0.0000
55. bwd_pkts_payload.tot           - Score: 0.0000
56. fwd_pkts_per_sec               - Score: 0.0000
57. payload_bytes_per_second       - Score: 0.0000
58. flow_pkts_per_sec              - Score: 0.0000
59. fwd_iat.min                    - Score: 0.0000
60. fwd_bulk_rate                  - Score: 0.0000
61. bwd_iat.min                    - Score: 0.0000
62. bwd_init_window_size           - Score: 0.0000
63. fwd_iat.avg                    - Score: 0.0000
64. id.orig_p                      - Score: 0.0000
65. fwd_iat.max                    - Score: 0.0000
66. fwd_iat.tot                    - Score: 0.0000
67. fwd_bulk_bytes                 - Score: 0.0000
68. bwd_bulk_bytes                 - Score: 0.0000
69. fwd_iat.std                    - Score: 0.0000
70. flow_iat.std                   - Score: 0.0000
71. bwd_iat.std                    - Score: 0.0000
72. bwd_iat.avg                    - Score: 0.0000
73. bwd_iat.max                    - Score: 0.0000
74. bwd_iat.tot                    - Score: 0.0000
75. active.std                     - Score: 0.0000
76. idle.std                       - Score: 0.0000
77. idle.min                       - Score: 0.0000
78. idle.avg                       - Score: 0.0000
79. idle.max                       - Score: 0.0000
80. idle.tot                       - Score: 0.0000
81. bwd_bulk_rate                  - Score: 0.0000
82. bwd_URG_flag_count             - Score: 0.0000
================================================================================

Features Ranked by Differentiation Strength:
================================================================================
 1. flow_duration                  - Score: 1.0000
 2. fwd_URG_flag_count             - Score: 0.0064
 3. down_up_ratio                  - Score: 0.0042
 4. flow_RST_flag_count            - Score: 0.0032
 5. flow_SYN_flag_count            - Score: 0.0024
 6. fwd_PSH_flag_count             - Score: 0.0023
 7. flow_FIN_flag_count            - Score: 0.0022
 8. fwd_data_pkts_tot              - Score: 0.0016
 9. bwd_subflow_pkts               - Score: 0.0006
10. fwd_header_size_min            - Score: 0.0005
11. fwd_pkts_payload.avg           - Score: 0.0005
12. bwd_pkts_tot                   - Score: 0.0004
13. fwd_header_size_max            - Score: 0.0004
14. bwd_PSH_flag_count             - Score: 0.0002
15. fwd_subflow_pkts               - Score: 0.0002
16. fwd_pkts_payload.max           - Score: 0.0002
17. bwd_header_size_min            - Score: 0.0002
18. flow_pkts_payload.max          - Score: 0.0002
19. fwd_subflow_bytes              - Score: 0.0002
20. fwd_pkts_tot                   - Score: 0.0001
21. bwd_header_size_max            - Score: 0.0001
22. flow_ACK_flag_count            - Score: 0.0001
23. fwd_pkts_payload.tot           - Score: 0.0001
24. bwd_data_pkts_tot              - Score: 0.0001
25. flow_pkts_payload.tot          - Score: 0.0001
26. fwd_pkts_payload.min           - Score: 0.0001
27. fwd_pkts_payload.std           - Score: 0.0001
28. bwd_header_size_tot            - Score: 0.0000
29. flow_pkts_payload.avg          - Score: 0.0000
30. fwd_last_window_size           - Score: 0.0000
31. fwd_init_window_size           - Score: 0.0000
32. flow_pkts_payload.std          - Score: 0.0000
33. bwd_pkts_payload.std           - Score: 0.0000
34. fwd_header_size_tot            - Score: 0.0000
35. bwd_pkts_payload.avg           - Score: 0.0000
36. flow_pkts_payload.min          - Score: 0.0000
37. flow_CWR_flag_count            - Score: 0.0000
38. flow_ECE_flag_count            - Score: 0.0000
39. bwd_pkts_per_sec               - Score: 0.0000
40. fwd_pkts_per_sec               - Score: 0.0000
41. fwd_bulk_packets               - Score: 0.0000
42. bwd_pkts_payload.max           - Score: 0.0000
43. bwd_pkts_payload.min           - Score: 0.0000
44. id.resp_p                      - Score: 0.0000
45. flow_pkts_per_sec              - Score: 0.0000
46. flow_iat.min                   - Score: 0.0000
47. bwd_bulk_packets               - Score: 0.0000
48. Unnamed: 0                     - Score: 0.0000
49. flow_iat.avg                   - Score: 0.0000
50. flow_iat.max                   - Score: 0.0000
51. active.min                     - Score: 0.0000
52. active.avg                     - Score: 0.0000
53. active.max                     - Score: 0.0000
54. active.tot                     - Score: 0.0000
55. flow_iat.tot                   - Score: 0.0000
56. bwd_subflow_bytes              - Score: 0.0000
57. bwd_pkts_payload.tot           - Score: 0.0000
58. fwd_iat.min                    - Score: 0.0000
59. fwd_bulk_rate                  - Score: 0.0000
60. payload_bytes_per_second       - Score: 0.0000
61. bwd_init_window_size           - Score: 0.0000
62. bwd_iat.min                    - Score: 0.0000
63. id.orig_p                      - Score: 0.0000
64. fwd_bulk_bytes                 - Score: 0.0000
65. bwd_bulk_bytes                 - Score: 0.0000
66. flow_iat.std                   - Score: 0.0000
67. fwd_iat.avg                    - Score: 0.0000
68. fwd_iat.std                    - Score: 0.0000
69. fwd_iat.max                    - Score: 0.0000
70. fwd_iat.tot                    - Score: 0.0000
71. bwd_iat.std                    - Score: 0.0000
72. bwd_iat.avg                    - Score: 0.0000
73. bwd_iat.max                    - Score: 0.0000
74. bwd_iat.tot                    - Score: 0.0000
75. active.std                     - Score: 0.0000
76. idle.std                       - Score: 0.0000
77. idle.min                       - Score: 0.0000
78. idle.avg                       - Score: 0.0000
79. idle.max                       - Score: 0.0000
80. idle.tot                       - Score: 0.0000
81. bwd_bulk_rate                  - Score: 0.0000
82. bwd_URG_flag_count             - Score: 0.0000
================================================================================

Features Ranked by Differentiation Strength:
================================================================================
 1. flow_duration                  - Score: 1.0000
 2. fwd_URG_flag_count             - Score: 0.0078
 3. down_up_ratio                  - Score: 0.0040
 4. fwd_PSH_flag_count             - Score: 0.0038
 5. flow_FIN_flag_count            - Score: 0.0034
 6. flow_RST_flag_count            - Score: 0.0033
 7. flow_SYN_flag_count            - Score: 0.0031
 8. fwd_data_pkts_tot              - Score: 0.0017
 9. bwd_subflow_pkts               - Score: 0.0007
10. flow_ACK_flag_count            - Score: 0.0007
11. fwd_pkts_payload.avg           - Score: 0.0006
12. bwd_pkts_tot                   - Score: 0.0006
13. fwd_header_size_max            - Score: 0.0005
14. fwd_header_size_min            - Score: 0.0005
15. fwd_pkts_payload.max           - Score: 0.0002
16. fwd_subflow_pkts               - Score: 0.0002
17. flow_pkts_payload.max          - Score: 0.0002
18. bwd_header_size_min            - Score: 0.0002
19. fwd_subflow_bytes              - Score: 0.0002
20. bwd_PSH_flag_count             - Score: 0.0002
21. bwd_header_size_max            - Score: 0.0002
22. fwd_pkts_tot                   - Score: 0.0002
23. fwd_pkts_payload.tot           - Score: 0.0002
24. flow_pkts_payload.tot          - Score: 0.0002
25. bwd_data_pkts_tot              - Score: 0.0001
26. fwd_pkts_payload.min           - Score: 0.0001
27. fwd_pkts_payload.std           - Score: 0.0001
28. bwd_header_size_tot            - Score: 0.0001
29. flow_pkts_payload.avg          - Score: 0.0000
30. fwd_last_window_size           - Score: 0.0000
31. flow_pkts_payload.std          - Score: 0.0000
32. fwd_init_window_size           - Score: 0.0000
33. fwd_header_size_tot            - Score: 0.0000
34. bwd_pkts_payload.std           - Score: 0.0000
35. bwd_pkts_payload.avg           - Score: 0.0000
36. flow_ECE_flag_count            - Score: 0.0000
37. flow_pkts_payload.min          - Score: 0.0000
38. flow_CWR_flag_count            - Score: 0.0000
39. bwd_pkts_payload.max           - Score: 0.0000
40. id.resp_p                      - Score: 0.0000
41. bwd_pkts_payload.min           - Score: 0.0000
42. bwd_pkts_per_sec               - Score: 0.0000
43. bwd_bulk_packets               - Score: 0.0000
44. flow_iat.min                   - Score: 0.0000
45. fwd_bulk_packets               - Score: 0.0000
46. fwd_pkts_per_sec               - Score: 0.0000
47. Unnamed: 0                     - Score: 0.0000
48. fwd_iat.min                    - Score: 0.0000
49. flow_iat.avg                   - Score: 0.0000
50. flow_iat.max                   - Score: 0.0000
51. active.min                     - Score: 0.0000
52. active.avg                     - Score: 0.0000
53. active.max                     - Score: 0.0000
54. active.tot                     - Score: 0.0000
55. flow_iat.tot                   - Score: 0.0000
56. bwd_subflow_bytes              - Score: 0.0000
57. flow_pkts_per_sec              - Score: 0.0000
58. bwd_pkts_payload.tot           - Score: 0.0000
59. fwd_iat.avg                    - Score: 0.0000
60. fwd_iat.max                    - Score: 0.0000
61. fwd_iat.tot                    - Score: 0.0000
62. fwd_bulk_rate                  - Score: 0.0000
63. bwd_init_window_size           - Score: 0.0000
64. id.orig_p                      - Score: 0.0000
65. payload_bytes_per_second       - Score: 0.0000
66. fwd_bulk_bytes                 - Score: 0.0000
67. bwd_iat.min                    - Score: 0.0000
68. bwd_bulk_bytes                 - Score: 0.0000
69. flow_iat.std                   - Score: 0.0000
70. fwd_iat.std                    - Score: 0.0000
71. bwd_iat.avg                    - Score: 0.0000
72. bwd_iat.max                    - Score: 0.0000
73. bwd_iat.tot                    - Score: 0.0000
74. bwd_iat.std                    - Score: 0.0000
75. active.std                     - Score: 0.0000
76. idle.std                       - Score: 0.0000
77. idle.min                       - Score: 0.0000
78. idle.avg                       - Score: 0.0000
79. idle.max                       - Score: 0.0000
80. bwd_bulk_rate                  - Score: 0.0000
81. idle.tot                       - Score: 0.0000
82. bwd_URG_flag_count             - Score: 0.0000
================================================================================

Features Ranked by Differentiation Strength:
================================================================================
 1. flow_duration                  - Score: 1.0000
 2. fwd_URG_flag_count             - Score: 0.0055
 3. down_up_ratio                  - Score: 0.0054
 4. flow_RST_flag_count            - Score: 0.0033
 5. flow_SYN_flag_count            - Score: 0.0025
 6. fwd_PSH_flag_count             - Score: 0.0023
 7. flow_FIN_flag_count            - Score: 0.0019
 8. fwd_data_pkts_tot              - Score: 0.0015
 9. bwd_subflow_pkts               - Score: 0.0012
10. bwd_pkts_tot                   - Score: 0.0008
11. fwd_subflow_pkts               - Score: 0.0007
12. bwd_data_pkts_tot              - Score: 0.0006
13. fwd_pkts_payload.avg           - Score: 0.0006
14. flow_ACK_flag_count            - Score: 0.0006
15. bwd_PSH_flag_count             - Score: 0.0006
16. fwd_pkts_tot                   - Score: 0.0005
17. fwd_header_size_max            - Score: 0.0005
18. fwd_header_size_min            - Score: 0.0004
19. fwd_pkts_payload.max           - Score: 0.0003
20. flow_pkts_payload.max          - Score: 0.0003
21. bwd_pkts_payload.avg           - Score: 0.0002
22. fwd_subflow_bytes              - Score: 0.0002
23. bwd_header_size_min            - Score: 0.0002
24. bwd_header_size_max            - Score: 0.0002
25. fwd_pkts_payload.tot           - Score: 0.0002
26. fwd_pkts_payload.std           - Score: 0.0002
27. flow_pkts_payload.avg          - Score: 0.0002
28. flow_pkts_payload.tot          - Score: 0.0002
29. bwd_pkts_payload.std           - Score: 0.0001
30. flow_pkts_payload.std          - Score: 0.0001
31. fwd_pkts_payload.min           - Score: 0.0001
32. bwd_subflow_bytes              - Score: 0.0001
33. bwd_header_size_tot            - Score: 0.0001
34. bwd_pkts_payload.tot           - Score: 0.0001
35. bwd_pkts_payload.max           - Score: 0.0000
36. fwd_header_size_tot            - Score: 0.0000
37. fwd_last_window_size           - Score: 0.0000
38. fwd_init_window_size           - Score: 0.0000
39. flow_CWR_flag_count            - Score: 0.0000
40. flow_pkts_payload.min          - Score: 0.0000
41. flow_ECE_flag_count            - Score: 0.0000
42. payload_bytes_per_second       - Score: 0.0000
43. id.resp_p                      - Score: 0.0000
44. bwd_pkts_payload.min           - Score: 0.0000
45. bwd_bulk_packets               - Score: 0.0000
46. flow_iat.min                   - Score: 0.0000
47. fwd_bulk_packets               - Score: 0.0000
48. bwd_pkts_per_sec               - Score: 0.0000
49. Unnamed: 0                     - Score: 0.0000
50. flow_iat.avg                   - Score: 0.0000
51. flow_iat.max                   - Score: 0.0000
52. active.min                     - Score: 0.0000
53. active.avg                     - Score: 0.0000
54. active.max                     - Score: 0.0000
55. active.tot                     - Score: 0.0000
56. flow_iat.tot                   - Score: 0.0000
57. fwd_iat.min                    - Score: 0.0000
58. fwd_pkts_per_sec               - Score: 0.0000
59. fwd_iat.avg                    - Score: 0.0000
60. fwd_iat.max                    - Score: 0.0000
61. fwd_iat.tot                    - Score: 0.0000
62. flow_pkts_per_sec              - Score: 0.0000
63. bwd_init_window_size           - Score: 0.0000
64. fwd_bulk_rate                  - Score: 0.0000
65. id.orig_p                      - Score: 0.0000
66. fwd_bulk_bytes                 - Score: 0.0000
67. bwd_iat.min                    - Score: 0.0000
68. bwd_bulk_bytes                 - Score: 0.0000
69. flow_iat.std                   - Score: 0.0000
70. fwd_iat.std                    - Score: 0.0000
71. bwd_iat.avg                    - Score: 0.0000
72. bwd_iat.max                    - Score: 0.0000
73. bwd_iat.tot                    - Score: 0.0000
74. bwd_iat.std                    - Score: 0.0000
75. active.std                     - Score: 0.0000
76. idle.std                       - Score: 0.0000
77. idle.min                       - Score: 0.0000
78. idle.avg                       - Score: 0.0000
79. idle.max                       - Score: 0.0000
80. idle.tot                       - Score: 0.0000
81. bwd_bulk_rate                  - Score: 0.0000
82. bwd_URG_flag_count             - Score: 0.0000
================================================================================

Features Ranked by Differentiation Strength:
================================================================================
 1. flow_duration                  - Score: 1.0000
 2. fwd_URG_flag_count             - Score: 0.0075
 3. down_up_ratio                  - Score: 0.0040
 4. flow_RST_flag_count            - Score: 0.0033
 5. flow_FIN_flag_count            - Score: 0.0031
 6. fwd_PSH_flag_count             - Score: 0.0031
 7. flow_SYN_flag_count            - Score: 0.0023
 8. fwd_data_pkts_tot              - Score: 0.0021
 9. bwd_subflow_pkts               - Score: 0.0006
10. fwd_pkts_payload.avg           - Score: 0.0006
11. fwd_header_size_max            - Score: 0.0005
12. bwd_pkts_tot                   - Score: 0.0004
13. fwd_header_size_min            - Score: 0.0004
14. bwd_PSH_flag_count             - Score: 0.0003
15. fwd_subflow_pkts               - Score: 0.0003
16. fwd_pkts_payload.max           - Score: 0.0002
17. flow_pkts_payload.max          - Score: 0.0002
18. bwd_data_pkts_tot              - Score: 0.0002
19. fwd_subflow_bytes              - Score: 0.0002
20. fwd_pkts_payload.tot           - Score: 0.0002
21. bwd_header_size_min            - Score: 0.0002
22. bwd_header_size_max            - Score: 0.0002
23. fwd_pkts_tot                   - Score: 0.0002
24. flow_pkts_payload.tot          - Score: 0.0002
25. flow_ACK_flag_count            - Score: 0.0001
26. fwd_pkts_payload.min           - Score: 0.0001
27. fwd_pkts_payload.std           - Score: 0.0001
28. bwd_header_size_tot            - Score: 0.0000
29. flow_pkts_payload.avg          - Score: 0.0000
30. fwd_last_window_size           - Score: 0.0000
31. flow_pkts_payload.std          - Score: 0.0000
32. fwd_init_window_size           - Score: 0.0000
33. bwd_pkts_payload.std           - Score: 0.0000
34. fwd_header_size_tot            - Score: 0.0000
35. bwd_pkts_payload.avg           - Score: 0.0000
36. flow_pkts_payload.min          - Score: 0.0000
37. flow_CWR_flag_count            - Score: 0.0000
38. flow_ECE_flag_count            - Score: 0.0000
39. fwd_bulk_packets               - Score: 0.0000
40. bwd_pkts_payload.max           - Score: 0.0000
41. bwd_pkts_payload.min           - Score: 0.0000
42. id.resp_p                      - Score: 0.0000
43. bwd_bulk_packets               - Score: 0.0000
44. flow_iat.min                   - Score: 0.0000
45. bwd_pkts_per_sec               - Score: 0.0000
46. Unnamed: 0                     - Score: 0.0000
47. bwd_subflow_bytes              - Score: 0.0000
48. flow_iat.avg                   - Score: 0.0000
49. flow_iat.max                   - Score: 0.0000
50. active.min                     - Score: 0.0000
51. active.avg                     - Score: 0.0000
52. active.max                     - Score: 0.0000
53. active.tot                     - Score: 0.0000
54. flow_iat.tot                   - Score: 0.0000
55. bwd_pkts_payload.tot           - Score: 0.0000
56. fwd_pkts_per_sec               - Score: 0.0000
57. flow_pkts_per_sec              - Score: 0.0000
58. fwd_iat.min                    - Score: 0.0000
59. fwd_bulk_rate                  - Score: 0.0000
60. bwd_init_window_size           - Score: 0.0000
61. id.orig_p                      - Score: 0.0000
62. fwd_bulk_bytes                 - Score: 0.0000
63. payload_bytes_per_second       - Score: 0.0000
64. bwd_iat.min                    - Score: 0.0000
65. bwd_bulk_bytes                 - Score: 0.0000
66. flow_iat.std                   - Score: 0.0000
67. fwd_iat.avg                    - Score: 0.0000
68. fwd_iat.std                    - Score: 0.0000
69. fwd_iat.max                    - Score: 0.0000
70. fwd_iat.tot                    - Score: 0.0000
71. bwd_iat.avg                    - Score: 0.0000
72. bwd_iat.std                    - Score: 0.0000
73. bwd_iat.max                    - Score: 0.0000
74. bwd_iat.tot                    - Score: 0.0000
75. active.std                     - Score: 0.0000
76. idle.std                       - Score: 0.0000
77. idle.min                       - Score: 0.0000
78. idle.avg                       - Score: 0.0000
79. idle.max                       - Score: 0.0000
80. idle.tot                       - Score: 0.0000
81. bwd_bulk_rate                  - Score: 0.0000
82. bwd_URG_flag_count             - Score: 0.0000
================================================================================

Features Ranked by Differentiation Strength:
================================================================================
 1. flow_duration                  - Score: 1.0000
 2. fwd_URG_flag_count             - Score: 0.0113
 3. fwd_PSH_flag_count             - Score: 0.0047
 4. down_up_ratio                  - Score: 0.0046
 5. flow_FIN_flag_count            - Score: 0.0043
 6. flow_SYN_flag_count            - Score: 0.0029
 7. flow_RST_flag_count            - Score: 0.0028
 8. fwd_data_pkts_tot              - Score: 0.0016
 9. bwd_subflow_pkts               - Score: 0.0006
10. fwd_header_size_min            - Score: 0.0005
11. bwd_pkts_tot                   - Score: 0.0005
12. fwd_header_size_max            - Score: 0.0003
13. fwd_pkts_payload.avg           - Score: 0.0003
14. bwd_PSH_flag_count             - Score: 0.0002
15. fwd_subflow_pkts               - Score: 0.0002
16. fwd_pkts_payload.std           - Score: 0.0002
17. bwd_header_size_min            - Score: 0.0002
18. fwd_pkts_tot                   - Score: 0.0002
19. bwd_header_size_max            - Score: 0.0002
20. flow_ACK_flag_count            - Score: 0.0001
21. bwd_data_pkts_tot              - Score: 0.0001
22. fwd_pkts_payload.min           - Score: 0.0001
23. fwd_subflow_bytes              - Score: 0.0001
24. fwd_pkts_payload.max           - Score: 0.0001
25. bwd_pkts_payload.std           - Score: 0.0001
26. fwd_pkts_payload.tot           - Score: 0.0001
27. flow_pkts_payload.max          - Score: 0.0001
28. fwd_init_window_size           - Score: 0.0001
29. flow_pkts_payload.tot          - Score: 0.0000
30. bwd_header_size_tot            - Score: 0.0000
31. flow_pkts_payload.std          - Score: 0.0000
32. flow_pkts_payload.avg          - Score: 0.0000
33. fwd_last_window_size           - Score: 0.0000
34. fwd_header_size_tot            - Score: 0.0000
35. bwd_pkts_payload.avg           - Score: 0.0000
36. flow_pkts_payload.min          - Score: 0.0000
37. flow_CWR_flag_count            - Score: 0.0000
38. flow_ECE_flag_count            - Score: 0.0000
39. bwd_pkts_payload.max           - Score: 0.0000
40. flow_iat.min                   - Score: 0.0000
41. bwd_pkts_per_sec               - Score: 0.0000
42. id.resp_p                      - Score: 0.0000
43. bwd_pkts_payload.min           - Score: 0.0000
44. bwd_bulk_packets               - Score: 0.0000
45. fwd_bulk_packets               - Score: 0.0000
46. fwd_pkts_per_sec               - Score: 0.0000
47. Unnamed: 0                     - Score: 0.0000
48. flow_pkts_per_sec              - Score: 0.0000
49. flow_iat.avg                   - Score: 0.0000
50. flow_iat.max                   - Score: 0.0000
51. active.min                     - Score: 0.0000
52. active.avg                     - Score: 0.0000
53. active.max                     - Score: 0.0000
54. active.tot                     - Score: 0.0000
55. flow_iat.tot                   - Score: 0.0000
56. bwd_subflow_bytes              - Score: 0.0000
57. bwd_pkts_payload.tot           - Score: 0.0000
58. fwd_iat.min                    - Score: 0.0000
59. fwd_bulk_rate                  - Score: 0.0000
60. bwd_iat.min                    - Score: 0.0000
61. bwd_init_window_size           - Score: 0.0000
62. fwd_iat.avg                    - Score: 0.0000
63. fwd_iat.max                    - Score: 0.0000
64. fwd_iat.tot                    - Score: 0.0000
65. id.orig_p                      - Score: 0.0000
66. payload_bytes_per_second       - Score: 0.0000
67. fwd_bulk_bytes                 - Score: 0.0000
68. bwd_bulk_bytes                 - Score: 0.0000
69. fwd_iat.std                    - Score: 0.0000
70. flow_iat.std                   - Score: 0.0000
71. bwd_iat.std                    - Score: 0.0000
72. bwd_iat.avg                    - Score: 0.0000
73. bwd_iat.max                    - Score: 0.0000
74. bwd_iat.tot                    - Score: 0.0000
75. active.std                     - Score: 0.0000
76. idle.std                       - Score: 0.0000
77. idle.min                       - Score: 0.0000
78. idle.avg                       - Score: 0.0000
79. idle.max                       - Score: 0.0000
80. bwd_bulk_rate                  - Score: 0.0000
81. idle.tot                       - Score: 0.0000
82. bwd_URG_flag_count             - Score: 0.0000
================================================================================
  done: held-out class Wipro_bulb

  theta sweep (Figure 4.2):
       theta    detection   false alarm        J

Features Ranked by Differentiation Strength:
================================================================================
 1. flow_duration                  - Score: 1.0000
 2. fwd_URG_flag_count             - Score: 0.0074
 3. down_up_ratio                  - Score: 0.0041
 4. fwd_PSH_flag_count             - Score: 0.0034
 5. flow_FIN_flag_count            - Score: 0.0030
 6. flow_RST_flag_count            - Score: 0.0030
 7. flow_SYN_flag_count            - Score: 0.0023
 8. fwd_data_pkts_tot              - Score: 0.0013
 9. flow_ACK_flag_count            - Score: 0.0007
10. bwd_subflow_pkts               - Score: 0.0006
11. fwd_pkts_payload.avg           - Score: 0.0005
12. bwd_pkts_tot                   - Score: 0.0005
13. fwd_header_size_min            - Score: 0.0004
14. fwd_header_size_max            - Score: 0.0004
15. fwd_subflow_pkts               - Score: 0.0003
16. fwd_pkts_payload.max           - Score: 0.0002
17. fwd_pkts_payload.std           - Score: 0.0002
18. bwd_header_size_max            - Score: 0.0002
19. bwd_PSH_flag_count             - Score: 0.0002
20. bwd_header_size_min            - Score: 0.0002
21. fwd_subflow_bytes              - Score: 0.0002
22. fwd_pkts_tot                   - Score: 0.0002
23. flow_pkts_payload.max          - Score: 0.0002
24. fwd_pkts_payload.tot           - Score: 0.0001
25. bwd_data_pkts_tot              - Score: 0.0001
26. flow_pkts_payload.tot          - Score: 0.0001
27. bwd_pkts_payload.std           - Score: 0.0001
28. fwd_pkts_payload.min           - Score: 0.0001
29. flow_ECE_flag_count            - Score: 0.0001
30. flow_CWR_flag_count            - Score: 0.0001
31. bwd_header_size_tot            - Score: 0.0001
32. flow_pkts_payload.std          - Score: 0.0000
33. flow_pkts_payload.avg          - Score: 0.0000
34. fwd_last_window_size           - Score: 0.0000
35. fwd_init_window_size           - Score: 0.0000
36. fwd_header_size_tot            - Score: 0.0000
37. bwd_pkts_payload.avg           - Score: 0.0000
38. flow_pkts_payload.min          - Score: 0.0000
39. bwd_pkts_payload.max           - Score: 0.0000
40. fwd_bulk_packets               - Score: 0.0000
41. bwd_bulk_packets               - Score: 0.0000
42. id.resp_p                      - Score: 0.0000
43. bwd_pkts_payload.min           - Score: 0.0000
44. Unnamed: 0                     - Score: 0.0000
45. flow_iat.min                   - Score: 0.0000
46. bwd_pkts_per_sec               - Score: 0.0000
47. bwd_subflow_bytes              - Score: 0.0000
48. flow_iat.avg                   - Score: 0.0000
49. flow_iat.max                   - Score: 0.0000
50. active.min                     - Score: 0.0000
51. active.avg                     - Score: 0.0000
52. active.max                     - Score: 0.0000
53. active.tot                     - Score: 0.0000
54. flow_iat.tot                   - Score: 0.0000
55. fwd_iat.min                    - Score: 0.0000
56. bwd_pkts_payload.tot           - Score: 0.0000
57. fwd_iat.avg                    - Score: 0.0000
58. fwd_iat.max                    - Score: 0.0000
59. fwd_iat.tot                    - Score: 0.0000
60. fwd_pkts_per_sec               - Score: 0.0000
61. flow_pkts_per_sec              - Score: 0.0000
62. bwd_init_window_size           - Score: 0.0000
63. fwd_bulk_rate                  - Score: 0.0000
64. fwd_bulk_bytes                 - Score: 0.0000
65. id.orig_p                      - Score: 0.0000
66. payload_bytes_per_second       - Score: 0.0000
67. bwd_bulk_bytes                 - Score: 0.0000
68. bwd_iat.min                    - Score: 0.0000
69. bwd_bulk_rate                  - Score: 0.0000
70. fwd_iat.std                    - Score: 0.0000
71. flow_iat.std                   - Score: 0.0000
72. bwd_iat.avg                    - Score: 0.0000
73. bwd_iat.max                    - Score: 0.0000
74. bwd_iat.tot                    - Score: 0.0000
75. bwd_iat.std                    - Score: 0.0000
76. active.std                     - Score: 0.0000
77. idle.std                       - Score: 0.0000
78. idle.min                       - Score: 0.0000
79. idle.avg                       - Score: 0.0000
80. idle.max                       - Score: 0.0000
81. idle.tot                       - Score: 0.0000
82. bwd_URG_flag_count             - Score: 0.0000
================================================================================

Features Ranked by Differentiation Strength:
================================================================================
 1. flow_duration                  - Score: 1.0000
 2. fwd_URG_flag_count             - Score: 0.0057
 3. down_up_ratio                  - Score: 0.0044
 4. flow_RST_flag_count            - Score: 0.0032
 5. fwd_PSH_flag_count             - Score: 0.0020
 6. flow_FIN_flag_count            - Score: 0.0020
 7. flow_SYN_flag_count            - Score: 0.0020
 8. fwd_data_pkts_tot              - Score: 0.0013
 9. fwd_pkts_payload.avg           - Score: 0.0006
10. bwd_subflow_pkts               - Score: 0.0005
11. fwd_header_size_max            - Score: 0.0004
12. fwd_header_size_min            - Score: 0.0004
13. bwd_pkts_tot                   - Score: 0.0004
14. fwd_pkts_payload.max           - Score: 0.0002
15. fwd_subflow_bytes              - Score: 0.0002
16. flow_pkts_payload.max          - Score: 0.0002
17. bwd_PSH_flag_count             - Score: 0.0002
18. fwd_pkts_payload.tot           - Score: 0.0002
19. fwd_subflow_pkts               - Score: 0.0002
20. bwd_header_size_max            - Score: 0.0002
21. bwd_header_size_min            - Score: 0.0002
22. flow_pkts_payload.tot          - Score: 0.0002
23. fwd_pkts_payload.std           - Score: 0.0001
24. flow_ACK_flag_count            - Score: 0.0001
25. bwd_data_pkts_tot              - Score: 0.0001
26. fwd_pkts_payload.min           - Score: 0.0001
27. flow_CWR_flag_count            - Score: 0.0001
28. bwd_pkts_payload.std           - Score: 0.0001
29. flow_ECE_flag_count            - Score: 0.0001
30. fwd_pkts_tot                   - Score: 0.0001
31. bwd_header_size_tot            - Score: 0.0000
32. flow_pkts_payload.avg          - Score: 0.0000
33. flow_pkts_payload.std          - Score: 0.0000
34. fwd_last_window_size           - Score: 0.0000
35. fwd_init_window_size           - Score: 0.0000
36. bwd_pkts_payload.avg           - Score: 0.0000
37. fwd_header_size_tot            - Score: 0.0000
38. flow_pkts_payload.min          - Score: 0.0000
39. bwd_pkts_payload.max           - Score: 0.0000
40. bwd_bulk_packets               - Score: 0.0000
41. fwd_bulk_packets               - Score: 0.0000
42. bwd_pkts_payload.min           - Score: 0.0000
43. id.resp_p                      - Score: 0.0000
44. Unnamed: 0                     - Score: 0.0000
45. flow_iat.min                   - Score: 0.0000
46. bwd_pkts_per_sec               - Score: 0.0000
47. bwd_subflow_bytes              - Score: 0.0000
48. flow_iat.avg                   - Score: 0.0000
49. flow_iat.max                   - Score: 0.0000
50. active.min                     - Score: 0.0000
51. active.avg                     - Score: 0.0000
52. active.max                     - Score: 0.0000
53. active.tot                     - Score: 0.0000
54. flow_iat.tot                   - Score: 0.0000
55. bwd_pkts_payload.tot           - Score: 0.0000
56. fwd_pkts_per_sec               - Score: 0.0000
57. flow_pkts_per_sec              - Score: 0.0000
58. fwd_iat.min                    - Score: 0.0000
59. bwd_init_window_size           - Score: 0.0000
60. fwd_bulk_rate                  - Score: 0.0000
61. id.orig_p                      - Score: 0.0000
62. fwd_bulk_bytes                 - Score: 0.0000
63. payload_bytes_per_second       - Score: 0.0000
64. bwd_bulk_bytes                 - Score: 0.0000
65. bwd_iat.min                    - Score: 0.0000
66. bwd_bulk_rate                  - Score: 0.0000
67. flow_iat.std                   - Score: 0.0000
68. fwd_iat.avg                    - Score: 0.0000
69. fwd_iat.std                    - Score: 0.0000
70. fwd_iat.max                    - Score: 0.0000
71. bwd_iat.avg                    - Score: 0.0000
72. fwd_iat.tot                    - Score: 0.0000
73. bwd_iat.std                    - Score: 0.0000
74. bwd_iat.max                    - Score: 0.0000
75. bwd_iat.tot                    - Score: 0.0000
76. active.std                     - Score: 0.0000
77. idle.std                       - Score: 0.0000
78. idle.min                       - Score: 0.0000
79. idle.avg                       - Score: 0.0000
80. idle.max                       - Score: 0.0000
81. idle.tot                       - Score: 0.0000
82. bwd_URG_flag_count             - Score: 0.0000
================================================================================

Features Ranked by Differentiation Strength:
================================================================================
 1. flow_duration                  - Score: 1.0000
 2. fwd_URG_flag_count             - Score: 0.0861
 3. down_up_ratio                  - Score: 0.0668
 4. flow_RST_flag_count            - Score: 0.0352
 5. flow_SYN_flag_count            - Score: 0.0350
 6. fwd_PSH_flag_count             - Score: 0.0329
 7. flow_FIN_flag_count            - Score: 0.0268
 8. bwd_subflow_pkts               - Score: 0.0164
 9. fwd_data_pkts_tot              - Score: 0.0143
10. bwd_pkts_tot                   - Score: 0.0127
11. flow_ACK_flag_count            - Score: 0.0052
12. fwd_header_size_min            - Score: 0.0050
13. bwd_header_size_min            - Score: 0.0041
14. fwd_subflow_pkts               - Score: 0.0040
15. bwd_header_size_max            - Score: 0.0040
16. bwd_PSH_flag_count             - Score: 0.0032
17. bwd_data_pkts_tot              - Score: 0.0029
18. fwd_header_size_max            - Score: 0.0027
19. fwd_pkts_tot                   - Score: 0.0022
20. bwd_header_size_tot            - Score: 0.0019
21. flow_CWR_flag_count            - Score: 0.0016
22. flow_ECE_flag_count            - Score: 0.0016
23. fwd_pkts_payload.avg           - Score: 0.0015
24. fwd_pkts_payload.std           - Score: 0.0012
25. flow_pkts_payload.avg          - Score: 0.0004
26. fwd_subflow_bytes              - Score: 0.0003
27. fwd_init_window_size           - Score: 0.0003
28. flow_pkts_payload.std          - Score: 0.0003
29. fwd_pkts_payload.max           - Score: 0.0003
30. bwd_pkts_payload.std           - Score: 0.0003
31. bwd_pkts_payload.avg           - Score: 0.0002
32. fwd_header_size_tot            - Score: 0.0002
33. fwd_pkts_payload.tot           - Score: 0.0002
34. fwd_pkts_payload.min           - Score: 0.0002
35. flow_pkts_payload.min          - Score: 0.0001
36. flow_pkts_payload.max          - Score: 0.0001
37. bwd_bulk_packets               - Score: 0.0001
38. bwd_pkts_payload.max           - Score: 0.0001
39. bwd_pkts_payload.min           - Score: 0.0001
40. Unnamed: 0                     - Score: 0.0000
41. bwd_pkts_per_sec               - Score: 0.0000
42. fwd_bulk_packets               - Score: 0.0000
43. bwd_subflow_bytes              - Score: 0.0000
44. id.resp_p                      - Score: 0.0000
45. flow_iat.min                   - Score: 0.0000
46. bwd_pkts_payload.tot           - Score: 0.0000
47. fwd_last_window_size           - Score: 0.0000
48. fwd_pkts_per_sec               - Score: 0.0000
49. flow_pkts_payload.tot          - Score: 0.0000
50. flow_pkts_per_sec              - Score: 0.0000
51. fwd_iat.min                    - Score: 0.0000
52. flow_iat.avg                   - Score: 0.0000
53. bwd_init_window_size           - Score: 0.0000
54. flow_iat.max                   - Score: 0.0000
55. fwd_bulk_rate                  - Score: 0.0000
56. active.min                     - Score: 0.0000
57. active.avg                     - Score: 0.0000
58. active.max                     - Score: 0.0000
59. active.tot                     - Score: 0.0000
60. flow_iat.tot                   - Score: 0.0000
61. id.orig_p                      - Score: 0.0000
62. bwd_iat.min                    - Score: 0.0000
63. payload_bytes_per_second       - Score: 0.0000
64. bwd_bulk_bytes                 - Score: 0.0000
65. fwd_bulk_bytes                 - Score: 0.0000
66. bwd_bulk_rate                  - Score: 0.0000
67. flow_iat.std                   - Score: 0.0000
68. fwd_iat.avg                    - Score: 0.0000
69. fwd_iat.std                    - Score: 0.0000
70. fwd_iat.max                    - Score: 0.0000
71. fwd_iat.tot                    - Score: 0.0000
72. bwd_iat.std                    - Score: 0.0000
73. bwd_iat.avg                    - Score: 0.0000
74. bwd_iat.max                    - Score: 0.0000
75. bwd_iat.tot                    - Score: 0.0000
76. active.std                     - Score: 0.0000
77. idle.std                       - Score: 0.0000
78. idle.min                       - Score: 0.0000
79. idle.avg                       - Score: 0.0000
80. idle.max                       - Score: 0.0000
81. idle.tot                       - Score: 0.0000
82. bwd_URG_flag_count             - Score: 0.0000
================================================================================

Features Ranked by Differentiation Strength:
================================================================================
 1. flow_duration                  - Score: 1.0000
 2. fwd_URG_flag_count             - Score: 0.0088
 3. flow_FIN_flag_count            - Score: 0.0032
 4. down_up_ratio                  - Score: 0.0025
 5. flow_RST_flag_count            - Score: 0.0023
 6. fwd_PSH_flag_count             - Score: 0.0022
 7. fwd_data_pkts_tot              - Score: 0.0012
 8. flow_SYN_flag_count            - Score: 0.0011
 9. bwd_subflow_pkts               - Score: 0.0005
10. bwd_pkts_tot                   - Score: 0.0003
11. fwd_pkts_payload.avg           - Score: 0.0003
12. fwd_header_size_max            - Score: 0.0002
13. fwd_header_size_min            - Score: 0.0002
14. fwd_subflow_pkts               - Score: 0.0002
15. fwd_pkts_payload.max           - Score: 0.0001
16. flow_pkts_payload.max          - Score: 0.0001
17. fwd_subflow_bytes              - Score: 0.0001
18. fwd_pkts_payload.tot           - Score: 0.0001
19. fwd_pkts_tot                   - Score: 0.0001
20. flow_ACK_flag_count            - Score: 0.0001
21. bwd_data_pkts_tot              - Score: 0.0001
22. flow_pkts_payload.tot          - Score: 0.0001
23. bwd_header_size_min            - Score: 0.0001
24. bwd_header_size_max            - Score: 0.0001
25. bwd_PSH_flag_count             - Score: 0.0001
26. flow_ECE_flag_count            - Score: 0.0001
27. flow_CWR_flag_count            - Score: 0.0001
28. fwd_pkts_payload.min           - Score: 0.0001
29. bwd_header_size_tot            - Score: 0.0000
30. flow_pkts_payload.avg          - Score: 0.0000
31. fwd_last_window_size           - Score: 0.0000
32. fwd_pkts_payload.std           - Score: 0.0000
33. fwd_init_window_size           - Score: 0.0000
34. flow_pkts_payload.std          - Score: 0.0000
35. fwd_header_size_tot            - Score: 0.0000
36. bwd_pkts_payload.avg           - Score: 0.0000
37. flow_pkts_payload.min          - Score: 0.0000
38. bwd_pkts_payload.std           - Score: 0.0000
39. bwd_bulk_packets               - Score: 0.0000
40. flow_iat.min                   - Score: 0.0000
41. bwd_pkts_payload.min           - Score: 0.0000
42. fwd_bulk_packets               - Score: 0.0000
43. bwd_pkts_payload.max           - Score: 0.0000
44. Unnamed: 0                     - Score: 0.0000
45. id.resp_p                      - Score: 0.0000
46. bwd_subflow_bytes              - Score: 0.0000
47. flow_iat.avg                   - Score: 0.0000
48. flow_iat.max                   - Score: 0.0000
49. active.min                     - Score: 0.0000
50. active.avg                     - Score: 0.0000
51. active.max                     - Score: 0.0000
52. active.tot                     - Score: 0.0000
53. flow_iat.tot                   - Score: 0.0000
54. bwd_pkts_per_sec               - Score: 0.0000
55. bwd_pkts_payload.tot           - Score: 0.0000
56. fwd_pkts_per_sec               - Score: 0.0000
57. fwd_iat.min                    - Score: 0.0000
58. flow_pkts_per_sec              - Score: 0.0000
59. fwd_bulk_rate                  - Score: 0.0000
60. id.orig_p                      - Score: 0.0000
61. fwd_bulk_bytes                 - Score: 0.0000
62. bwd_bulk_bytes                 - Score: 0.0000
63. bwd_init_window_size           - Score: 0.0000
64. bwd_iat.min                    - Score: 0.0000
65. bwd_bulk_rate                  - Score: 0.0000
66. payload_bytes_per_second       - Score: 0.0000
67. flow_iat.std                   - Score: 0.0000
68. fwd_iat.avg                    - Score: 0.0000
69. fwd_iat.std                    - Score: 0.0000
70. bwd_iat.avg                    - Score: 0.0000
71. fwd_iat.max                    - Score: 0.0000
72. fwd_iat.tot                    - Score: 0.0000
73. bwd_iat.std                    - Score: 0.0000
74. bwd_iat.max                    - Score: 0.0000
75. bwd_iat.tot                    - Score: 0.0000
76. active.std                     - Score: 0.0000
77. idle.std                       - Score: 0.0000
78. idle.min                       - Score: 0.0000
79. idle.avg                       - Score: 0.0000
80. idle.max                       - Score: 0.0000
81. idle.tot                       - Score: 0.0000
82. bwd_URG_flag_count             - Score: 0.0000
================================================================================

Features Ranked by Differentiation Strength:
================================================================================
 1. flow_duration                  - Score: 1.0000
 2. fwd_URG_flag_count             - Score: 0.0069
 3. down_up_ratio                  - Score: 0.0037
 4. flow_FIN_flag_count            - Score: 0.0026
 5. fwd_PSH_flag_count             - Score: 0.0026
 6. flow_RST_flag_count            - Score: 0.0024
 7. flow_SYN_flag_count            - Score: 0.0020
 8. fwd_data_pkts_tot              - Score: 0.0013
 9. fwd_pkts_payload.avg           - Score: 0.0005
10. bwd_subflow_pkts               - Score: 0.0005
11. fwd_header_size_min            - Score: 0.0004
12. fwd_header_size_max            - Score: 0.0004
13. bwd_pkts_tot                   - Score: 0.0003
14. fwd_pkts_payload.max           - Score: 0.0002
15. fwd_subflow_pkts               - Score: 0.0002
16. fwd_subflow_bytes              - Score: 0.0002
17. flow_pkts_payload.max          - Score: 0.0002
18. fwd_pkts_payload.tot           - Score: 0.0002
19. bwd_PSH_flag_count             - Score: 0.0002
20. fwd_pkts_payload.std           - Score: 0.0001
21. bwd_header_size_max            - Score: 0.0001
22. bwd_header_size_min            - Score: 0.0001
23. flow_pkts_payload.tot          - Score: 0.0001
24. flow_ACK_flag_count            - Score: 0.0001
25. fwd_pkts_tot                   - Score: 0.0001
26. fwd_pkts_payload.min           - Score: 0.0001
27. bwd_pkts_payload.std           - Score: 0.0001
28. flow_CWR_flag_count            - Score: 0.0001
29. flow_ECE_flag_count            - Score: 0.0001
30. bwd_data_pkts_tot              - Score: 0.0001
31. flow_pkts_payload.std          - Score: 0.0000
32. bwd_header_size_tot            - Score: 0.0000
33. fwd_last_window_size           - Score: 0.0000
34. fwd_init_window_size           - Score: 0.0000
35. flow_pkts_payload.avg          - Score: 0.0000
36. fwd_header_size_tot            - Score: 0.0000
37. bwd_pkts_payload.avg           - Score: 0.0000
38. flow_pkts_payload.min          - Score: 0.0000
39. fwd_bulk_packets               - Score: 0.0000
40. bwd_pkts_payload.max           - Score: 0.0000
41. bwd_bulk_packets               - Score: 0.0000
42. bwd_pkts_payload.min           - Score: 0.0000
43. id.resp_p                      - Score: 0.0000
44. flow_iat.min                   - Score: 0.0000
45. bwd_pkts_per_sec               - Score: 0.0000
46. Unnamed: 0                     - Score: 0.0000
47. bwd_subflow_bytes              - Score: 0.0000
48. flow_iat.avg                   - Score: 0.0000
49. flow_iat.max                   - Score: 0.0000
50. active.min                     - Score: 0.0000
51. active.avg                     - Score: 0.0000
52. active.max                     - Score: 0.0000
53. active.tot                     - Score: 0.0000
54. flow_iat.tot                   - Score: 0.0000
55. bwd_pkts_payload.tot           - Score: 0.0000
56. fwd_pkts_per_sec               - Score: 0.0000
57. fwd_iat.min                    - Score: 0.0000
58. flow_pkts_per_sec              - Score: 0.0000
59. fwd_bulk_rate                  - Score: 0.0000
60. bwd_init_window_size           - Score: 0.0000
61. fwd_iat.avg                    - Score: 0.0000
62. fwd_iat.max                    - Score: 0.0000
63. fwd_iat.tot                    - Score: 0.0000
64. fwd_bulk_bytes                 - Score: 0.0000
65. id.orig_p                      - Score: 0.0000
66. payload_bytes_per_second       - Score: 0.0000
67. bwd_iat.min                    - Score: 0.0000
68. bwd_bulk_bytes                 - Score: 0.0000
69. bwd_bulk_rate                  - Score: 0.0000
70. fwd_iat.std                    - Score: 0.0000
71. flow_iat.std                   - Score: 0.0000
72. bwd_iat.avg                    - Score: 0.0000
73. bwd_iat.std                    - Score: 0.0000
74. bwd_iat.max                    - Score: 0.0000
75. bwd_iat.tot                    - Score: 0.0000
76. active.std                     - Score: 0.0000
77. idle.std                       - Score: 0.0000
78. idle.min                       - Score: 0.0000
79. idle.avg                       - Score: 0.0000
80. idle.max                       - Score: 0.0000
81. idle.tot                       - Score: 0.0000
82. bwd_URG_flag_count             - Score: 0.0000
================================================================================

Features Ranked by Differentiation Strength:
================================================================================
 1. flow_duration                  - Score: 1.0000
 2. down_up_ratio                  - Score: 0.0018
 3. flow_SYN_flag_count            - Score: 0.0012
 4. flow_RST_flag_count            - Score: 0.0008
 5. fwd_PSH_flag_count             - Score: 0.0004
 6. fwd_data_pkts_tot              - Score: 0.0004
 7. fwd_header_size_min            - Score: 0.0003
 8. flow_FIN_flag_count            - Score: 0.0003
 9. bwd_subflow_pkts               - Score: 0.0002
10. bwd_pkts_tot                   - Score: 0.0002
11. fwd_pkts_payload.avg           - Score: 0.0001
12. fwd_header_size_max            - Score: 0.0001
13. fwd_subflow_pkts               - Score: 0.0001
14. fwd_URG_flag_count             - Score: 0.0001
15. bwd_PSH_flag_count             - Score: 0.0001
16. fwd_pkts_payload.std           - Score: 0.0001
17. bwd_header_size_max            - Score: 0.0001
18. bwd_header_size_min            - Score: 0.0001
19. fwd_pkts_tot                   - Score: 0.0001
20. fwd_subflow_bytes              - Score: 0.0001
21. fwd_init_window_size           - Score: 0.0000
22. fwd_pkts_payload.min           - Score: 0.0000
23. flow_ACK_flag_count            - Score: 0.0000
24. fwd_pkts_payload.max           - Score: 0.0000
25. bwd_pkts_payload.std           - Score: 0.0000
26. flow_CWR_flag_count            - Score: 0.0000
27. flow_ECE_flag_count            - Score: 0.0000
28. bwd_data_pkts_tot              - Score: 0.0000
29. fwd_pkts_payload.tot           - Score: 0.0000
30. flow_pkts_payload.max          - Score: 0.0000
31. flow_pkts_payload.tot          - Score: 0.0000
32. fwd_last_window_size           - Score: 0.0000
33. fwd_header_size_tot            - Score: 0.0000
34. flow_pkts_payload.avg          - Score: 0.0000
35. flow_pkts_payload.std          - Score: 0.0000
36. bwd_header_size_tot            - Score: 0.0000
37. bwd_pkts_payload.avg           - Score: 0.0000
38. flow_pkts_payload.min          - Score: 0.0000
39. fwd_bulk_packets               - Score: 0.0000
40. bwd_pkts_payload.max           - Score: 0.0000
41. bwd_bulk_packets               - Score: 0.0000
42. flow_iat.min                   - Score: 0.0000
43. bwd_pkts_payload.min           - Score: 0.0000
44. flow_iat.avg                   - Score: 0.0000
45. flow_iat.max                   - Score: 0.0000
46. active.min                     - Score: 0.0000
47. active.avg                     - Score: 0.0000
48. active.max                     - Score: 0.0000
49. active.tot                     - Score: 0.0000
50. flow_iat.tot                   - Score: 0.0000
51. Unnamed: 0                     - Score: 0.0000
52. bwd_pkts_per_sec               - Score: 0.0000
53. id.resp_p                      - Score: 0.0000
54. bwd_subflow_bytes              - Score: 0.0000
55. bwd_pkts_payload.tot           - Score: 0.0000
56. fwd_pkts_per_sec               - Score: 0.0000
57. flow_pkts_per_sec              - Score: 0.0000
58. fwd_bulk_rate                  - Score: 0.0000
59. bwd_init_window_size           - Score: 0.0000
60. fwd_bulk_bytes                 - Score: 0.0000
61. id.orig_p                      - Score: 0.0000
62. payload_bytes_per_second       - Score: 0.0000
63. bwd_bulk_bytes                 - Score: 0.0000
64. bwd_iat.min                    - Score: 0.0000
65. bwd_bulk_rate                  - Score: 0.0000
66. fwd_iat.min                    - Score: 0.0000
67. fwd_iat.std                    - Score: 0.0000
68. flow_iat.std                   - Score: 0.0000
69. fwd_iat.avg                    - Score: 0.0000
70. fwd_iat.max                    - Score: 0.0000
71. bwd_iat.std                    - Score: 0.0000
72. fwd_iat.tot                    - Score: 0.0000
73. bwd_iat.avg                    - Score: 0.0000
74. bwd_iat.max                    - Score: 0.0000
75. active.std                     - Score: 0.0000
76. bwd_iat.tot                    - Score: 0.0000
77. idle.std                       - Score: 0.0000
78. idle.min                       - Score: 0.0000
79. idle.avg                       - Score: 0.0000
80. idle.max                       - Score: 0.0000
81. idle.tot                       - Score: 0.0000
82. bwd_URG_flag_count             - Score: 0.0000
================================================================================

Features Ranked by Differentiation Strength:
================================================================================
 1. flow_duration                  - Score: 1.0000
 2. fwd_URG_flag_count             - Score: 0.8121
 3. flow_RST_flag_count            - Score: 0.4715
 4. down_up_ratio                  - Score: 0.4304
 5. flow_SYN_flag_count            - Score: 0.2021
 6. flow_FIN_flag_count            - Score: 0.1985
 7. fwd_PSH_flag_count             - Score: 0.1958
 8. fwd_data_pkts_tot              - Score: 0.1571
 9. fwd_pkts_payload.avg           - Score: 0.0555
10. bwd_subflow_pkts               - Score: 0.0543
11. bwd_pkts_tot                   - Score: 0.0361
12. fwd_header_size_min            - Score: 0.0357
13. fwd_header_size_max            - Score: 0.0311
14. fwd_subflow_pkts               - Score: 0.0264
15. bwd_PSH_flag_count             - Score: 0.0250
16. fwd_pkts_payload.max           - Score: 0.0211
17. fwd_subflow_bytes              - Score: 0.0185
18. flow_pkts_payload.max          - Score: 0.0173
19. bwd_data_pkts_tot              - Score: 0.0160
20. bwd_header_size_max            - Score: 0.0154
21. fwd_pkts_payload.tot           - Score: 0.0150
22. bwd_header_size_min            - Score: 0.0149
23. fwd_pkts_tot                   - Score: 0.0143
24. fwd_pkts_payload.std           - Score: 0.0142
25. flow_pkts_payload.tot          - Score: 0.0120
26. flow_ACK_flag_count            - Score: 0.0117
27. flow_CWR_flag_count            - Score: 0.0113
28. flow_ECE_flag_count            - Score: 0.0113
29. fwd_pkts_payload.min           - Score: 0.0099
30. bwd_pkts_payload.std           - Score: 0.0087
31. flow_pkts_payload.avg          - Score: 0.0033
32. flow_pkts_payload.std          - Score: 0.0031
33. bwd_header_size_tot            - Score: 0.0023
34. bwd_pkts_payload.avg           - Score: 0.0020
35. flow_pkts_payload.min          - Score: 0.0011
36. fwd_header_size_tot            - Score: 0.0010
37. fwd_bulk_packets               - Score: 0.0008
38. bwd_pkts_payload.max           - Score: 0.0007
39. bwd_bulk_packets               - Score: 0.0007
40. bwd_pkts_payload.min           - Score: 0.0005
41. id.resp_p                      - Score: 0.0004
42. Unnamed: 0                     - Score: 0.0004
43. bwd_pkts_per_sec               - Score: 0.0003
44. bwd_subflow_bytes              - Score: 0.0002
45. fwd_last_window_size           - Score: 0.0002
46. bwd_pkts_payload.tot           - Score: 0.0001
47. flow_iat.min                   - Score: 0.0001
48. fwd_pkts_per_sec               - Score: 0.0001
49. flow_pkts_per_sec              - Score: 0.0000
50. fwd_bulk_rate                  - Score: 0.0000
51. bwd_iat.min                    - Score: 0.0000
52. fwd_iat.min                    - Score: 0.0000
53. fwd_init_window_size           - Score: 0.0000
54. bwd_init_window_size           - Score: 0.0000
55. fwd_bulk_bytes                 - Score: 0.0000
56. id.orig_p                      - Score: 0.0000
57. flow_iat.avg                   - Score: 0.0000
58. bwd_bulk_bytes                 - Score: 0.0000
59. payload_bytes_per_second       - Score: 0.0000
60. bwd_bulk_rate                  - Score: 0.0000
61. flow_iat.max                   - Score: 0.0000
62. active.min                     - Score: 0.0000
63. active.avg                     - Score: 0.0000
64. active.max                     - Score: 0.0000
65. active.tot                     - Score: 0.0000
66. flow_iat.tot                   - Score: 0.0000
67. flow_iat.std                   - Score: 0.0000
68. bwd_iat.avg                    - Score: 0.0000
69. fwd_iat.avg                    - Score: 0.0000
70. fwd_iat.std                    - Score: 0.0000
71. fwd_iat.max                    - Score: 0.0000
72. bwd_iat.std                    - Score: 0.0000
73. fwd_iat.tot                    - Score: 0.0000
74. bwd_iat.max                    - Score: 0.0000
75. bwd_iat.tot                    - Score: 0.0000
76. active.std                     - Score: 0.0000
77. idle.std                       - Score: 0.0000
78. idle.min                       - Score: 0.0000
79. idle.avg                       - Score: 0.0000
80. idle.max                       - Score: 0.0000
81. idle.tot                       - Score: 0.0000
82. bwd_URG_flag_count             - Score: 0.0000
================================================================================

Features Ranked by Differentiation Strength:
================================================================================
 1. flow_duration                  - Score: 1.0000
 2. fwd_URG_flag_count             - Score: 0.0068
 3. down_up_ratio                  - Score: 0.0038
 4. fwd_PSH_flag_count             - Score: 0.0029
 5. flow_RST_flag_count            - Score: 0.0024
 6. flow_FIN_flag_count            - Score: 0.0022
 7. flow_SYN_flag_count            - Score: 0.0017
 8. fwd_data_pkts_tot              - Score: 0.0012
 9. bwd_subflow_pkts               - Score: 0.0007
10. flow_ACK_flag_count            - Score: 0.0006
11. bwd_pkts_tot                   - Score: 0.0005
12. fwd_subflow_pkts               - Score: 0.0002
13. fwd_header_size_min            - Score: 0.0002
14. bwd_header_size_max            - Score: 0.0002
15. bwd_header_size_min            - Score: 0.0002
16. fwd_pkts_payload.avg           - Score: 0.0002
17. fwd_header_size_max            - Score: 0.0002
18. fwd_pkts_payload.std           - Score: 0.0002
19. bwd_PSH_flag_count             - Score: 0.0002
20. fwd_pkts_tot                   - Score: 0.0001
21. bwd_data_pkts_tot              - Score: 0.0001
22. bwd_pkts_payload.std           - Score: 0.0001
23. flow_CWR_flag_count            - Score: 0.0001
24. flow_ECE_flag_count            - Score: 0.0001
25. fwd_pkts_payload.min           - Score: 0.0001
26. fwd_subflow_bytes              - Score: 0.0001
27. fwd_pkts_payload.max           - Score: 0.0001
28. bwd_header_size_tot            - Score: 0.0001
29. fwd_pkts_payload.tot           - Score: 0.0001
30. flow_pkts_payload.max          - Score: 0.0000
31. flow_pkts_payload.std          - Score: 0.0000
32. flow_pkts_payload.avg          - Score: 0.0000
33. flow_pkts_payload.tot          - Score: 0.0000
34. fwd_last_window_size           - Score: 0.0000
35. fwd_init_window_size           - Score: 0.0000
36. bwd_pkts_payload.avg           - Score: 0.0000
37. flow_pkts_payload.min          - Score: 0.0000
38. fwd_header_size_tot            - Score: 0.0000
39. fwd_bulk_packets               - Score: 0.0000
40. bwd_pkts_payload.max           - Score: 0.0000
41. bwd_bulk_packets               - Score: 0.0000
42. bwd_pkts_payload.min           - Score: 0.0000
43. id.resp_p                      - Score: 0.0000
44. Unnamed: 0                     - Score: 0.0000
45. bwd_pkts_per_sec               - Score: 0.0000
46. bwd_subflow_bytes              - Score: 0.0000
47. flow_iat.min                   - Score: 0.0000
48. flow_iat.avg                   - Score: 0.0000
49. active.min                     - Score: 0.0000
50. active.avg                     - Score: 0.0000
51. active.max                     - Score: 0.0000
52. flow_iat.max                   - Score: 0.0000
53. active.tot                     - Score: 0.0000
54. flow_iat.tot                   - Score: 0.0000
55. bwd_pkts_payload.tot           - Score: 0.0000
56. fwd_pkts_per_sec               - Score: 0.0000
57. flow_pkts_per_sec              - Score: 0.0000
58. fwd_bulk_rate                  - Score: 0.0000
59. bwd_init_window_size           - Score: 0.0000
60. fwd_iat.min                    - Score: 0.0000
61. fwd_iat.avg                    - Score: 0.0000
62. fwd_iat.max                    - Score: 0.0000
63. fwd_iat.tot                    - Score: 0.0000
64. fwd_bulk_bytes                 - Score: 0.0000
65. id.orig_p                      - Score: 0.0000
66. bwd_bulk_bytes                 - Score: 0.0000
67. bwd_iat.min                    - Score: 0.0000
68. payload_bytes_per_second       - Score: 0.0000
69. bwd_bulk_rate                  - Score: 0.0000
70. bwd_iat.std                    - Score: 0.0000
71. flow_iat.std                   - Score: 0.0000
72. bwd_iat.avg                    - Score: 0.0000
73. fwd_iat.std                    - Score: 0.0000
74. bwd_iat.max                    - Score: 0.0000
75. bwd_iat.tot                    - Score: 0.0000
76. active.std                     - Score: 0.0000
77. idle.std                       - Score: 0.0000
78. idle.min                       - Score: 0.0000
79. idle.avg                       - Score: 0.0000
80. idle.max                       - Score: 0.0000
81. idle.tot                       - Score: 0.0000
82. bwd_URG_flag_count             - Score: 0.0000
================================================================================

Features Ranked by Differentiation Strength:
================================================================================
 1. flow_duration                  - Score: 1.0000
 2. fwd_URG_flag_count             - Score: 0.0079
 3. flow_FIN_flag_count            - Score: 0.0030
 4. fwd_PSH_flag_count             - Score: 0.0028
 5. flow_RST_flag_count            - Score: 0.0028
 6. down_up_ratio                  - Score: 0.0027
 7. fwd_data_pkts_tot              - Score: 0.0020
 8. flow_SYN_flag_count            - Score: 0.0020
 9. fwd_pkts_payload.avg           - Score: 0.0006
10. fwd_header_size_max            - Score: 0.0005
11. fwd_header_size_min            - Score: 0.0004
12. bwd_subflow_pkts               - Score: 0.0003
13. fwd_pkts_payload.max           - Score: 0.0002
14. fwd_subflow_bytes              - Score: 0.0002
15. fwd_subflow_pkts               - Score: 0.0002
16. flow_pkts_payload.max          - Score: 0.0002
17. fwd_pkts_payload.tot           - Score: 0.0002
18. bwd_PSH_flag_count             - Score: 0.0002
19. fwd_pkts_payload.std           - Score: 0.0002
20. flow_pkts_payload.tot          - Score: 0.0002
21. bwd_pkts_tot                   - Score: 0.0001
22. fwd_pkts_tot                   - Score: 0.0001
23. bwd_data_pkts_tot              - Score: 0.0001
24. flow_ACK_flag_count            - Score: 0.0001
25. fwd_pkts_payload.min           - Score: 0.0001
26. bwd_header_size_max            - Score: 0.0001
27. flow_CWR_flag_count            - Score: 0.0001
28. flow_ECE_flag_count            - Score: 0.0001
29. bwd_pkts_payload.std           - Score: 0.0001
30. bwd_header_size_min            - Score: 0.0001
31. flow_pkts_payload.avg          - Score: 0.0000
32. flow_pkts_payload.std          - Score: 0.0000
33. fwd_last_window_size           - Score: 0.0000
34. fwd_init_window_size           - Score: 0.0000
35. bwd_pkts_payload.avg           - Score: 0.0000
36. fwd_header_size_tot            - Score: 0.0000
37. flow_pkts_payload.min          - Score: 0.0000
38. bwd_header_size_tot            - Score: 0.0000
39. fwd_bulk_packets               - Score: 0.0000
40. bwd_pkts_payload.max           - Score: 0.0000
41. bwd_bulk_packets               - Score: 0.0000
42. bwd_pkts_payload.min           - Score: 0.0000
43. id.resp_p                      - Score: 0.0000
44. Unnamed: 0                     - Score: 0.0000
45. flow_iat.min                   - Score: 0.0000
46. bwd_subflow_bytes              - Score: 0.0000
47. flow_iat.avg                   - Score: 0.0000
48. flow_iat.max                   - Score: 0.0000
49. active.min                     - Score: 0.0000
50. active.avg                     - Score: 0.0000
51. active.max                     - Score: 0.0000
52. active.tot                     - Score: 0.0000
53. flow_iat.tot                   - Score: 0.0000
54. bwd_pkts_per_sec               - Score: 0.0000
55. bwd_pkts_payload.tot           - Score: 0.0000
56. fwd_pkts_per_sec               - Score: 0.0000
57. flow_pkts_per_sec              - Score: 0.0000
58. fwd_iat.min                    - Score: 0.0000
59. bwd_init_window_size           - Score: 0.0000
60. bwd_iat.min                    - Score: 0.0000
61. id.orig_p                      - Score: 0.0000
62. fwd_bulk_bytes                 - Score: 0.0000
63. fwd_bulk_rate                  - Score: 0.0000
64. payload_bytes_per_second       - Score: 0.0000
65. bwd_bulk_bytes                 - Score: 0.0000
66. bwd_bulk_rate                  - Score: 0.0000
67. flow_iat.std                   - Score: 0.0000
68. fwd_iat.avg                    - Score: 0.0000
69. fwd_iat.std                    - Score: 0.0000
70. fwd_iat.max                    - Score: 0.0000
71. fwd_iat.tot                    - Score: 0.0000
72. bwd_iat.std                    - Score: 0.0000
73. bwd_iat.avg                    - Score: 0.0000
74. bwd_iat.max                    - Score: 0.0000
75. active.std                     - Score: 0.0000
76. bwd_iat.tot                    - Score: 0.0000
77. idle.std                       - Score: 0.0000
78. idle.min                       - Score: 0.0000
79. idle.avg                       - Score: 0.0000
80. idle.max                       - Score: 0.0000
81. idle.tot                       - Score: 0.0000
82. bwd_URG_flag_count             - Score: 0.0000
================================================================================

Features Ranked by Differentiation Strength:
================================================================================
 1. flow_duration                  - Score: 1.0000
 2. down_up_ratio                  - Score: 0.0037
 3. flow_RST_flag_count            - Score: 0.0026
 4. flow_SYN_flag_count            - Score: 0.0016
 5. fwd_data_pkts_tot              - Score: 0.0009
 6. fwd_PSH_flag_count             - Score: 0.0009
 7. flow_FIN_flag_count            - Score: 0.0006
 8. fwd_pkts_payload.avg           - Score: 0.0005
 9. bwd_subflow_pkts               - Score: 0.0005
10. fwd_header_size_min            - Score: 0.0004
11. fwd_header_size_max            - Score: 0.0003
12. bwd_pkts_tot                   - Score: 0.0003
13. fwd_subflow_pkts               - Score: 0.0002
14. bwd_PSH_flag_count             - Score: 0.0002
15. fwd_pkts_payload.max           - Score: 0.0002
16. fwd_subflow_bytes              - Score: 0.0002
17. flow_pkts_payload.max          - Score: 0.0002
18. bwd_header_size_max            - Score: 0.0001
19. bwd_header_size_min            - Score: 0.0001
20. fwd_pkts_payload.tot           - Score: 0.0001
21. fwd_pkts_payload.std           - Score: 0.0001
22. fwd_pkts_tot                   - Score: 0.0001
23. bwd_data_pkts_tot              - Score: 0.0001
24. flow_pkts_payload.tot          - Score: 0.0001
25. flow_ACK_flag_count            - Score: 0.0001
26. flow_CWR_flag_count            - Score: 0.0001
27. flow_ECE_flag_count            - Score: 0.0001
28. fwd_pkts_payload.min           - Score: 0.0001
29. bwd_pkts_payload.std           - Score: 0.0001
30. flow_pkts_payload.avg          - Score: 0.0000
31. flow_pkts_payload.std          - Score: 0.0000
32. fwd_last_window_size           - Score: 0.0000
33. fwd_init_window_size           - Score: 0.0000
34. bwd_header_size_tot            - Score: 0.0000
35. bwd_pkts_payload.avg           - Score: 0.0000
36. fwd_header_size_tot            - Score: 0.0000
37. flow_pkts_payload.min          - Score: 0.0000
38. fwd_bulk_packets               - Score: 0.0000
39. bwd_pkts_payload.max           - Score: 0.0000
40. bwd_bulk_packets               - Score: 0.0000
41. bwd_pkts_payload.min           - Score: 0.0000
42. id.resp_p                      - Score: 0.0000
43. Unnamed: 0                     - Score: 0.0000
44. flow_iat.min                   - Score: 0.0000
45. bwd_pkts_per_sec               - Score: 0.0000
46. bwd_subflow_bytes              - Score: 0.0000
47. flow_iat.avg                   - Score: 0.0000
48. flow_iat.max                   - Score: 0.0000
49. active.min                     - Score: 0.0000
50. active.avg                     - Score: 0.0000
51. active.max                     - Score: 0.0000
52. active.tot                     - Score: 0.0000
53. flow_iat.tot                   - Score: 0.0000
54. bwd_pkts_payload.tot           - Score: 0.0000
55. fwd_pkts_per_sec               - Score: 0.0000
56. flow_pkts_per_sec              - Score: 0.0000
57. fwd_iat.min                    - Score: 0.0000
58. fwd_bulk_rate                  - Score: 0.0000
59. bwd_init_window_size           - Score: 0.0000
60. id.orig_p                      - Score: 0.0000
61. fwd_bulk_bytes                 - Score: 0.0000
62. bwd_bulk_bytes                 - Score: 0.0000
63. payload_bytes_per_second       - Score: 0.0000
64. bwd_iat.min                    - Score: 0.0000
65. bwd_bulk_rate                  - Score: 0.0000
66. flow_iat.std                   - Score: 0.0000
67. fwd_iat.avg                    - Score: 0.0000
68. fwd_iat.std                    - Score: 0.0000
69. fwd_iat.max                    - Score: 0.0000
70. fwd_iat.tot                    - Score: 0.0000
71. bwd_iat.std                    - Score: 0.0000
72. bwd_iat.avg                    - Score: 0.0000
73. bwd_iat.max                    - Score: 0.0000
74. bwd_iat.tot                    - Score: 0.0000
75. active.std                     - Score: 0.0000
76. idle.std                       - Score: 0.0000
77. idle.min                       - Score: 0.0000
78. idle.avg                       - Score: 0.0000
79. idle.max                       - Score: 0.0000
80. idle.tot                       - Score: 0.0000
81. fwd_URG_flag_count             - Score: 0.0000
82. bwd_URG_flag_count             - Score: 0.0000
================================================================================

Features Ranked by Differentiation Strength:
================================================================================
 1. flow_duration                  - Score: 1.0000
 2. fwd_URG_flag_count             - Score: 0.0081
 3. down_up_ratio                  - Score: 0.0041
 4. fwd_PSH_flag_count             - Score: 0.0032
 5. flow_SYN_flag_count            - Score: 0.0029
 6. flow_RST_flag_count            - Score: 0.0026
 7. flow_FIN_flag_count            - Score: 0.0026
 8. fwd_data_pkts_tot              - Score: 0.0013
 9. bwd_subflow_pkts               - Score: 0.0009
10. bwd_pkts_tot                   - Score: 0.0007
11. fwd_header_size_min            - Score: 0.0005
12. flow_ACK_flag_count            - Score: 0.0005
13. fwd_subflow_pkts               - Score: 0.0003
14. bwd_header_size_max            - Score: 0.0003
15. fwd_pkts_payload.avg           - Score: 0.0003
16. bwd_header_size_min            - Score: 0.0002
17. fwd_header_size_max            - Score: 0.0002
18. bwd_PSH_flag_count             - Score: 0.0002
19. bwd_data_pkts_tot              - Score: 0.0002
20. fwd_pkts_payload.std           - Score: 0.0002
21. fwd_pkts_tot                   - Score: 0.0002
22. bwd_header_size_tot            - Score: 0.0001
23. fwd_subflow_bytes              - Score: 0.0001
24. fwd_pkts_payload.min           - Score: 0.0001
25. flow_CWR_flag_count            - Score: 0.0001
26. flow_ECE_flag_count            - Score: 0.0001
27. bwd_pkts_payload.std           - Score: 0.0001
28. fwd_pkts_payload.max           - Score: 0.0001
29. fwd_pkts_payload.tot           - Score: 0.0001
30. fwd_init_window_size           - Score: 0.0001
31. flow_pkts_payload.max          - Score: 0.0001
32. flow_pkts_payload.tot          - Score: 0.0000
33. flow_pkts_payload.avg          - Score: 0.0000
34. flow_pkts_payload.std          - Score: 0.0000
35. fwd_header_size_tot            - Score: 0.0000
36. fwd_last_window_size           - Score: 0.0000
37. bwd_pkts_payload.avg           - Score: 0.0000
38. flow_pkts_payload.min          - Score: 0.0000
39. fwd_bulk_packets               - Score: 0.0000
40. bwd_pkts_payload.max           - Score: 0.0000
41. id.resp_p                      - Score: 0.0000
42. bwd_pkts_payload.min           - Score: 0.0000
43. Unnamed: 0                     - Score: 0.0000
44. flow_iat.min                   - Score: 0.0000
45. bwd_bulk_packets               - Score: 0.0000
46. bwd_subflow_bytes              - Score: 0.0000
47. bwd_pkts_per_sec               - Score: 0.0000
48. flow_iat.avg                   - Score: 0.0000
49. flow_iat.max                   - Score: 0.0000
50. active.min                     - Score: 0.0000
51. active.avg                     - Score: 0.0000
52. active.max                     - Score: 0.0000
53. active.tot                     - Score: 0.0000
54. flow_iat.tot                   - Score: 0.0000
55. bwd_pkts_payload.tot           - Score: 0.0000
56. fwd_iat.min                    - Score: 0.0000
57. fwd_iat.avg                    - Score: 0.0000
58. fwd_iat.max                    - Score: 0.0000
59. fwd_iat.tot                    - Score: 0.0000
60. fwd_pkts_per_sec               - Score: 0.0000
61. flow_pkts_per_sec              - Score: 0.0000
62. fwd_bulk_rate                  - Score: 0.0000
63. bwd_init_window_size           - Score: 0.0000
64. bwd_iat.min                    - Score: 0.0000
65. fwd_bulk_bytes                 - Score: 0.0000
66. id.orig_p                      - Score: 0.0000
67. payload_bytes_per_second       - Score: 0.0000
68. bwd_bulk_rate                  - Score: 0.0000
69. bwd_bulk_bytes                 - Score: 0.0000
70. fwd_iat.std                    - Score: 0.0000
71. flow_iat.std                   - Score: 0.0000
72. bwd_iat.avg                    - Score: 0.0000
73. bwd_iat.max                    - Score: 0.0000
74. bwd_iat.tot                    - Score: 0.0000
75. bwd_iat.std                    - Score: 0.0000
76. active.std                     - Score: 0.0000
77. idle.std                       - Score: 0.0000
78. idle.min                       - Score: 0.0000
79. idle.avg                       - Score: 0.0000
80. idle.max                       - Score: 0.0000
81. idle.tot                       - Score: 0.0000
82. bwd_URG_flag_count             - Score: 0.0000
================================================================================

Features Ranked by Differentiation Strength:
================================================================================
 1. flow_duration                  - Score: 1.0000
 2. fwd_URG_flag_count             - Score: 0.0055
 3. down_up_ratio                  - Score: 0.0045
 4. flow_RST_flag_count            - Score: 0.0043
 5. flow_SYN_flag_count            - Score: 0.0023
 6. fwd_PSH_flag_count             - Score: 0.0022
 7. flow_FIN_flag_count            - Score: 0.0019
 8. fwd_data_pkts_tot              - Score: 0.0016
 9. bwd_subflow_pkts               - Score: 0.0006
10. fwd_pkts_payload.avg           - Score: 0.0006
11. fwd_header_size_min            - Score: 0.0005
12. bwd_pkts_tot                   - Score: 0.0005
13. fwd_header_size_max            - Score: 0.0004
14. bwd_PSH_flag_count             - Score: 0.0003
15. fwd_subflow_pkts               - Score: 0.0003
16. fwd_pkts_payload.max           - Score: 0.0002
17. bwd_data_pkts_tot              - Score: 0.0002
18. fwd_subflow_bytes              - Score: 0.0002
19. flow_pkts_payload.max          - Score: 0.0002
20. fwd_pkts_payload.tot           - Score: 0.0002
21. fwd_pkts_tot                   - Score: 0.0002
22. bwd_header_size_max            - Score: 0.0002
23. bwd_header_size_min            - Score: 0.0002
24. flow_pkts_payload.tot          - Score: 0.0002
25. fwd_pkts_payload.std           - Score: 0.0001
26. flow_ACK_flag_count            - Score: 0.0001
27. fwd_pkts_payload.min           - Score: 0.0001
28. bwd_pkts_payload.std           - Score: 0.0001
29. bwd_header_size_tot            - Score: 0.0000
30. flow_pkts_payload.avg          - Score: 0.0000
31. flow_pkts_payload.std          - Score: 0.0000
32. fwd_last_window_size           - Score: 0.0000
33. fwd_init_window_size           - Score: 0.0000
34. bwd_pkts_payload.avg           - Score: 0.0000
35. fwd_header_size_tot            - Score: 0.0000
36. flow_pkts_payload.min          - Score: 0.0000
37. flow_CWR_flag_count            - Score: 0.0000
38. flow_ECE_flag_count            - Score: 0.0000
39. bwd_pkts_payload.max           - Score: 0.0000
40. bwd_pkts_payload.min           - Score: 0.0000
41. id.resp_p                      - Score: 0.0000
42. fwd_bulk_packets               - Score: 0.0000
43. flow_iat.min                   - Score: 0.0000
44. bwd_bulk_packets               - Score: 0.0000
45. Unnamed: 0                     - Score: 0.0000
46. bwd_pkts_per_sec               - Score: 0.0000
47. bwd_subflow_bytes              - Score: 0.0000
48. bwd_iat.min                    - Score: 0.0000
49. flow_iat.avg                   - Score: 0.0000
50. flow_iat.max                   - Score: 0.0000
51. active.min                     - Score: 0.0000
52. active.avg                     - Score: 0.0000
53. active.max                     - Score: 0.0000
54. active.tot                     - Score: 0.0000
55. flow_iat.tot                   - Score: 0.0000
56. bwd_pkts_payload.tot           - Score: 0.0000
57. fwd_pkts_per_sec               - Score: 0.0000
58. fwd_iat.min                    - Score: 0.0000
59. flow_pkts_per_sec              - Score: 0.0000
60. fwd_bulk_rate                  - Score: 0.0000
61. bwd_init_window_size           - Score: 0.0000
62. id.orig_p                      - Score: 0.0000
63. payload_bytes_per_second       - Score: 0.0000
64. fwd_bulk_bytes                 - Score: 0.0000
65. bwd_bulk_bytes                 - Score: 0.0000
66. bwd_iat.avg                    - Score: 0.0000
67. fwd_iat.avg                    - Score: 0.0000
68. flow_iat.std                   - Score: 0.0000
69. fwd_iat.std                    - Score: 0.0000
70. fwd_iat.max                    - Score: 0.0000
71. bwd_iat.std                    - Score: 0.0000
72. fwd_iat.tot                    - Score: 0.0000
73. bwd_iat.max                    - Score: 0.0000
74. bwd_iat.tot                    - Score: 0.0000
75. active.std                     - Score: 0.0000
76. idle.std                       - Score: 0.0000
77. idle.min                       - Score: 0.0000
78. idle.avg                       - Score: 0.0000
79. idle.max                       - Score: 0.0000
80. bwd_bulk_rate                  - Score: 0.0000
81. idle.tot                       - Score: 0.0000
82. bwd_URG_flag_count             - Score: 0.0000
================================================================================
       0.500        0.995         0.800   +0.195

Features Ranked by Differentiation Strength:
================================================================================
 1. flow_duration                  - Score: 1.0000
 2. fwd_URG_flag_count             - Score: 0.0074
 3. down_up_ratio                  - Score: 0.0041
 4. fwd_PSH_flag_count             - Score: 0.0034
 5. flow_FIN_flag_count            - Score: 0.0030
 6. flow_RST_flag_count            - Score: 0.0030
 7. flow_SYN_flag_count            - Score: 0.0023
 8. fwd_data_pkts_tot              - Score: 0.0013
 9. flow_ACK_flag_count            - Score: 0.0007
10. bwd_subflow_pkts               - Score: 0.0006
11. fwd_pkts_payload.avg           - Score: 0.0005
12. bwd_pkts_tot                   - Score: 0.0005
13. fwd_header_size_min            - Score: 0.0004
14. fwd_header_size_max            - Score: 0.0004
15. fwd_subflow_pkts               - Score: 0.0003
16. fwd_pkts_payload.max           - Score: 0.0002
17. fwd_pkts_payload.std           - Score: 0.0002
18. bwd_header_size_max            - Score: 0.0002
19. bwd_PSH_flag_count             - Score: 0.0002
20. bwd_header_size_min            - Score: 0.0002
21. fwd_subflow_bytes              - Score: 0.0002
22. fwd_pkts_tot                   - Score: 0.0002
23. flow_pkts_payload.max          - Score: 0.0002
24. fwd_pkts_payload.tot           - Score: 0.0001
25. bwd_data_pkts_tot              - Score: 0.0001
26. flow_pkts_payload.tot          - Score: 0.0001
27. bwd_pkts_payload.std           - Score: 0.0001
28. fwd_pkts_payload.min           - Score: 0.0001
29. flow_ECE_flag_count            - Score: 0.0001
30. flow_CWR_flag_count            - Score: 0.0001
31. bwd_header_size_tot            - Score: 0.0001
32. flow_pkts_payload.std          - Score: 0.0000
33. flow_pkts_payload.avg          - Score: 0.0000
34. fwd_last_window_size           - Score: 0.0000
35. fwd_init_window_size           - Score: 0.0000
36. fwd_header_size_tot            - Score: 0.0000
37. bwd_pkts_payload.avg           - Score: 0.0000
38. flow_pkts_payload.min          - Score: 0.0000
39. bwd_pkts_payload.max           - Score: 0.0000
40. fwd_bulk_packets               - Score: 0.0000
41. bwd_bulk_packets               - Score: 0.0000
42. id.resp_p                      - Score: 0.0000
43. bwd_pkts_payload.min           - Score: 0.0000
44. Unnamed: 0                     - Score: 0.0000
45. flow_iat.min                   - Score: 0.0000
46. bwd_pkts_per_sec               - Score: 0.0000
47. bwd_subflow_bytes              - Score: 0.0000
48. flow_iat.avg                   - Score: 0.0000
49. flow_iat.max                   - Score: 0.0000
50. active.min                     - Score: 0.0000
51. active.avg                     - Score: 0.0000
52. active.max                     - Score: 0.0000
53. active.tot                     - Score: 0.0000
54. flow_iat.tot                   - Score: 0.0000
55. fwd_iat.min                    - Score: 0.0000
56. bwd_pkts_payload.tot           - Score: 0.0000
57. fwd_iat.avg                    - Score: 0.0000
58. fwd_iat.max                    - Score: 0.0000
59. fwd_iat.tot                    - Score: 0.0000
60. fwd_pkts_per_sec               - Score: 0.0000
61. flow_pkts_per_sec              - Score: 0.0000
62. bwd_init_window_size           - Score: 0.0000
63. fwd_bulk_rate                  - Score: 0.0000
64. fwd_bulk_bytes                 - Score: 0.0000
65. id.orig_p                      - Score: 0.0000
66. payload_bytes_per_second       - Score: 0.0000
67. bwd_bulk_bytes                 - Score: 0.0000
68. bwd_iat.min                    - Score: 0.0000
69. bwd_bulk_rate                  - Score: 0.0000
70. fwd_iat.std                    - Score: 0.0000
71. flow_iat.std                   - Score: 0.0000
72. bwd_iat.avg                    - Score: 0.0000
73. bwd_iat.max                    - Score: 0.0000
74. bwd_iat.tot                    - Score: 0.0000
75. bwd_iat.std                    - Score: 0.0000
76. active.std                     - Score: 0.0000
77. idle.std                       - Score: 0.0000
78. idle.min                       - Score: 0.0000
79. idle.avg                       - Score: 0.0000
80. idle.max                       - Score: 0.0000
81. idle.tot                       - Score: 0.0000
82. bwd_URG_flag_count             - Score: 0.0000
================================================================================

Features Ranked by Differentiation Strength:
================================================================================
 1. flow_duration                  - Score: 1.0000
 2. fwd_URG_flag_count             - Score: 0.0057
 3. down_up_ratio                  - Score: 0.0044
 4. flow_RST_flag_count            - Score: 0.0032
 5. fwd_PSH_flag_count             - Score: 0.0020
 6. flow_FIN_flag_count            - Score: 0.0020
 7. flow_SYN_flag_count            - Score: 0.0020
 8. fwd_data_pkts_tot              - Score: 0.0013
 9. fwd_pkts_payload.avg           - Score: 0.0006
10. bwd_subflow_pkts               - Score: 0.0005
11. fwd_header_size_max            - Score: 0.0004
12. fwd_header_size_min            - Score: 0.0004
13. bwd_pkts_tot                   - Score: 0.0004
14. fwd_pkts_payload.max           - Score: 0.0002
15. fwd_subflow_bytes              - Score: 0.0002
16. flow_pkts_payload.max          - Score: 0.0002
17. bwd_PSH_flag_count             - Score: 0.0002
18. fwd_pkts_payload.tot           - Score: 0.0002
19. fwd_subflow_pkts               - Score: 0.0002
20. bwd_header_size_max            - Score: 0.0002
21. bwd_header_size_min            - Score: 0.0002
22. flow_pkts_payload.tot          - Score: 0.0002
23. fwd_pkts_payload.std           - Score: 0.0001
24. flow_ACK_flag_count            - Score: 0.0001
25. bwd_data_pkts_tot              - Score: 0.0001
26. fwd_pkts_payload.min           - Score: 0.0001
27. flow_CWR_flag_count            - Score: 0.0001
28. bwd_pkts_payload.std           - Score: 0.0001
29. flow_ECE_flag_count            - Score: 0.0001
30. fwd_pkts_tot                   - Score: 0.0001
31. bwd_header_size_tot            - Score: 0.0000
32. flow_pkts_payload.avg          - Score: 0.0000
33. flow_pkts_payload.std          - Score: 0.0000
34. fwd_last_window_size           - Score: 0.0000
35. fwd_init_window_size           - Score: 0.0000
36. bwd_pkts_payload.avg           - Score: 0.0000
37. fwd_header_size_tot            - Score: 0.0000
38. flow_pkts_payload.min          - Score: 0.0000
39. bwd_pkts_payload.max           - Score: 0.0000
40. bwd_bulk_packets               - Score: 0.0000
41. fwd_bulk_packets               - Score: 0.0000
42. bwd_pkts_payload.min           - Score: 0.0000
43. id.resp_p                      - Score: 0.0000
44. Unnamed: 0                     - Score: 0.0000
45. flow_iat.min                   - Score: 0.0000
46. bwd_pkts_per_sec               - Score: 0.0000
47. bwd_subflow_bytes              - Score: 0.0000
48. flow_iat.avg                   - Score: 0.0000
49. flow_iat.max                   - Score: 0.0000
50. active.min                     - Score: 0.0000
51. active.avg                     - Score: 0.0000
52. active.max                     - Score: 0.0000
53. active.tot                     - Score: 0.0000
54. flow_iat.tot                   - Score: 0.0000
55. bwd_pkts_payload.tot           - Score: 0.0000
56. fwd_pkts_per_sec               - Score: 0.0000
57. flow_pkts_per_sec              - Score: 0.0000
58. fwd_iat.min                    - Score: 0.0000
59. bwd_init_window_size           - Score: 0.0000
60. fwd_bulk_rate                  - Score: 0.0000
61. id.orig_p                      - Score: 0.0000
62. fwd_bulk_bytes                 - Score: 0.0000
63. payload_bytes_per_second       - Score: 0.0000
64. bwd_bulk_bytes                 - Score: 0.0000
65. bwd_iat.min                    - Score: 0.0000
66. bwd_bulk_rate                  - Score: 0.0000
67. flow_iat.std                   - Score: 0.0000
68. fwd_iat.avg                    - Score: 0.0000
69. fwd_iat.std                    - Score: 0.0000
70. fwd_iat.max                    - Score: 0.0000
71. bwd_iat.avg                    - Score: 0.0000
72. fwd_iat.tot                    - Score: 0.0000
73. bwd_iat.std                    - Score: 0.0000
74. bwd_iat.max                    - Score: 0.0000
75. bwd_iat.tot                    - Score: 0.0000
76. active.std                     - Score: 0.0000
77. idle.std                       - Score: 0.0000
78. idle.min                       - Score: 0.0000
79. idle.avg                       - Score: 0.0000
80. idle.max                       - Score: 0.0000
81. idle.tot                       - Score: 0.0000
82. bwd_URG_flag_count             - Score: 0.0000
================================================================================

Features Ranked by Differentiation Strength:
================================================================================
 1. flow_duration                  - Score: 1.0000
 2. fwd_URG_flag_count             - Score: 0.0861
 3. down_up_ratio                  - Score: 0.0668
 4. flow_RST_flag_count            - Score: 0.0352
 5. flow_SYN_flag_count            - Score: 0.0350
 6. fwd_PSH_flag_count             - Score: 0.0329
 7. flow_FIN_flag_count            - Score: 0.0268
 8. bwd_subflow_pkts               - Score: 0.0164
 9. fwd_data_pkts_tot              - Score: 0.0143
10. bwd_pkts_tot                   - Score: 0.0127
11. flow_ACK_flag_count            - Score: 0.0052
12. fwd_header_size_min            - Score: 0.0050
13. bwd_header_size_min            - Score: 0.0041
14. fwd_subflow_pkts               - Score: 0.0040
15. bwd_header_size_max            - Score: 0.0040
16. bwd_PSH_flag_count             - Score: 0.0032
17. bwd_data_pkts_tot              - Score: 0.0029
18. fwd_header_size_max            - Score: 0.0027
19. fwd_pkts_tot                   - Score: 0.0022
20. bwd_header_size_tot            - Score: 0.0019
21. flow_CWR_flag_count            - Score: 0.0016
22. flow_ECE_flag_count            - Score: 0.0016
23. fwd_pkts_payload.avg           - Score: 0.0015
24. fwd_pkts_payload.std           - Score: 0.0012
25. flow_pkts_payload.avg          - Score: 0.0004
26. fwd_subflow_bytes              - Score: 0.0003
27. fwd_init_window_size           - Score: 0.0003
28. flow_pkts_payload.std          - Score: 0.0003
29. fwd_pkts_payload.max           - Score: 0.0003
30. bwd_pkts_payload.std           - Score: 0.0003
31. bwd_pkts_payload.avg           - Score: 0.0002
32. fwd_header_size_tot            - Score: 0.0002
33. fwd_pkts_payload.tot           - Score: 0.0002
34. fwd_pkts_payload.min           - Score: 0.0002
35. flow_pkts_payload.min          - Score: 0.0001
36. flow_pkts_payload.max          - Score: 0.0001
37. bwd_bulk_packets               - Score: 0.0001
38. bwd_pkts_payload.max           - Score: 0.0001
39. bwd_pkts_payload.min           - Score: 0.0001
40. Unnamed: 0                     - Score: 0.0000
41. bwd_pkts_per_sec               - Score: 0.0000
42. fwd_bulk_packets               - Score: 0.0000
43. bwd_subflow_bytes              - Score: 0.0000
44. id.resp_p                      - Score: 0.0000
45. flow_iat.min                   - Score: 0.0000
46. bwd_pkts_payload.tot           - Score: 0.0000
47. fwd_last_window_size           - Score: 0.0000
48. fwd_pkts_per_sec               - Score: 0.0000
49. flow_pkts_payload.tot          - Score: 0.0000
50. flow_pkts_per_sec              - Score: 0.0000
51. fwd_iat.min                    - Score: 0.0000
52. flow_iat.avg                   - Score: 0.0000
53. bwd_init_window_size           - Score: 0.0000
54. flow_iat.max                   - Score: 0.0000
55. fwd_bulk_rate                  - Score: 0.0000
56. active.min                     - Score: 0.0000
57. active.avg                     - Score: 0.0000
58. active.max                     - Score: 0.0000
59. active.tot                     - Score: 0.0000
60. flow_iat.tot                   - Score: 0.0000
61. id.orig_p                      - Score: 0.0000
62. bwd_iat.min                    - Score: 0.0000
63. payload_bytes_per_second       - Score: 0.0000
64. bwd_bulk_bytes                 - Score: 0.0000
65. fwd_bulk_bytes                 - Score: 0.0000
66. bwd_bulk_rate                  - Score: 0.0000
67. flow_iat.std                   - Score: 0.0000
68. fwd_iat.avg                    - Score: 0.0000
69. fwd_iat.std                    - Score: 0.0000
70. fwd_iat.max                    - Score: 0.0000
71. fwd_iat.tot                    - Score: 0.0000
72. bwd_iat.std                    - Score: 0.0000
73. bwd_iat.avg                    - Score: 0.0000
74. bwd_iat.max                    - Score: 0.0000
75. bwd_iat.tot                    - Score: 0.0000
76. active.std                     - Score: 0.0000
77. idle.std                       - Score: 0.0000
78. idle.min                       - Score: 0.0000
79. idle.avg                       - Score: 0.0000
80. idle.max                       - Score: 0.0000
81. idle.tot                       - Score: 0.0000
82. bwd_URG_flag_count             - Score: 0.0000
================================================================================

Features Ranked by Differentiation Strength:
================================================================================
 1. flow_duration                  - Score: 1.0000
 2. fwd_URG_flag_count             - Score: 0.0088
 3. flow_FIN_flag_count            - Score: 0.0032
 4. down_up_ratio                  - Score: 0.0025
 5. flow_RST_flag_count            - Score: 0.0023
 6. fwd_PSH_flag_count             - Score: 0.0022
 7. fwd_data_pkts_tot              - Score: 0.0012
 8. flow_SYN_flag_count            - Score: 0.0011
 9. bwd_subflow_pkts               - Score: 0.0005
10. bwd_pkts_tot                   - Score: 0.0003
11. fwd_pkts_payload.avg           - Score: 0.0003
12. fwd_header_size_max            - Score: 0.0002
13. fwd_header_size_min            - Score: 0.0002
14. fwd_subflow_pkts               - Score: 0.0002
15. fwd_pkts_payload.max           - Score: 0.0001
16. flow_pkts_payload.max          - Score: 0.0001
17. fwd_subflow_bytes              - Score: 0.0001
18. fwd_pkts_payload.tot           - Score: 0.0001
19. fwd_pkts_tot                   - Score: 0.0001
20. flow_ACK_flag_count            - Score: 0.0001
21. bwd_data_pkts_tot              - Score: 0.0001
22. flow_pkts_payload.tot          - Score: 0.0001
23. bwd_header_size_min            - Score: 0.0001
24. bwd_header_size_max            - Score: 0.0001
25. bwd_PSH_flag_count             - Score: 0.0001
26. flow_ECE_flag_count            - Score: 0.0001
27. flow_CWR_flag_count            - Score: 0.0001
28. fwd_pkts_payload.min           - Score: 0.0001
29. bwd_header_size_tot            - Score: 0.0000
30. flow_pkts_payload.avg          - Score: 0.0000
31. fwd_last_window_size           - Score: 0.0000
32. fwd_pkts_payload.std           - Score: 0.0000
33. fwd_init_window_size           - Score: 0.0000
34. flow_pkts_payload.std          - Score: 0.0000
35. fwd_header_size_tot            - Score: 0.0000
36. bwd_pkts_payload.avg           - Score: 0.0000
37. flow_pkts_payload.min          - Score: 0.0000
38. bwd_pkts_payload.std           - Score: 0.0000
39. bwd_bulk_packets               - Score: 0.0000
40. flow_iat.min                   - Score: 0.0000
41. bwd_pkts_payload.min           - Score: 0.0000
42. fwd_bulk_packets               - Score: 0.0000
43. bwd_pkts_payload.max           - Score: 0.0000
44. Unnamed: 0                     - Score: 0.0000
45. id.resp_p                      - Score: 0.0000
46. bwd_subflow_bytes              - Score: 0.0000
47. flow_iat.avg                   - Score: 0.0000
48. flow_iat.max                   - Score: 0.0000
49. active.min                     - Score: 0.0000
50. active.avg                     - Score: 0.0000
51. active.max                     - Score: 0.0000
52. active.tot                     - Score: 0.0000
53. flow_iat.tot                   - Score: 0.0000
54. bwd_pkts_per_sec               - Score: 0.0000
55. bwd_pkts_payload.tot           - Score: 0.0000
56. fwd_pkts_per_sec               - Score: 0.0000
57. fwd_iat.min                    - Score: 0.0000
58. flow_pkts_per_sec              - Score: 0.0000
59. fwd_bulk_rate                  - Score: 0.0000
60. id.orig_p                      - Score: 0.0000
61. fwd_bulk_bytes                 - Score: 0.0000
62. bwd_bulk_bytes                 - Score: 0.0000
63. bwd_init_window_size           - Score: 0.0000
64. bwd_iat.min                    - Score: 0.0000
65. bwd_bulk_rate                  - Score: 0.0000
66. payload_bytes_per_second       - Score: 0.0000
67. flow_iat.std                   - Score: 0.0000
68. fwd_iat.avg                    - Score: 0.0000
69. fwd_iat.std                    - Score: 0.0000
70. bwd_iat.avg                    - Score: 0.0000
71. fwd_iat.max                    - Score: 0.0000
72. fwd_iat.tot                    - Score: 0.0000
73. bwd_iat.std                    - Score: 0.0000
74. bwd_iat.max                    - Score: 0.0000
75. bwd_iat.tot                    - Score: 0.0000
76. active.std                     - Score: 0.0000
77. idle.std                       - Score: 0.0000
78. idle.min                       - Score: 0.0000
79. idle.avg                       - Score: 0.0000
80. idle.max                       - Score: 0.0000
81. idle.tot                       - Score: 0.0000
82. bwd_URG_flag_count             - Score: 0.0000
================================================================================

Features Ranked by Differentiation Strength:
================================================================================
 1. flow_duration                  - Score: 1.0000
 2. fwd_URG_flag_count             - Score: 0.0069
 3. down_up_ratio                  - Score: 0.0037
 4. flow_FIN_flag_count            - Score: 0.0026
 5. fwd_PSH_flag_count             - Score: 0.0026
 6. flow_RST_flag_count            - Score: 0.0024
 7. flow_SYN_flag_count            - Score: 0.0020
 8. fwd_data_pkts_tot              - Score: 0.0013
 9. fwd_pkts_payload.avg           - Score: 0.0005
10. bwd_subflow_pkts               - Score: 0.0005
11. fwd_header_size_min            - Score: 0.0004
12. fwd_header_size_max            - Score: 0.0004
13. bwd_pkts_tot                   - Score: 0.0003
14. fwd_pkts_payload.max           - Score: 0.0002
15. fwd_subflow_pkts               - Score: 0.0002
16. fwd_subflow_bytes              - Score: 0.0002
17. flow_pkts_payload.max          - Score: 0.0002
18. fwd_pkts_payload.tot           - Score: 0.0002
19. bwd_PSH_flag_count             - Score: 0.0002
20. fwd_pkts_payload.std           - Score: 0.0001
21. bwd_header_size_max            - Score: 0.0001
22. bwd_header_size_min            - Score: 0.0001
23. flow_pkts_payload.tot          - Score: 0.0001
24. flow_ACK_flag_count            - Score: 0.0001
25. fwd_pkts_tot                   - Score: 0.0001
26. fwd_pkts_payload.min           - Score: 0.0001
27. bwd_pkts_payload.std           - Score: 0.0001
28. flow_CWR_flag_count            - Score: 0.0001
29. flow_ECE_flag_count            - Score: 0.0001
30. bwd_data_pkts_tot              - Score: 0.0001
31. flow_pkts_payload.std          - Score: 0.0000
32. bwd_header_size_tot            - Score: 0.0000
33. fwd_last_window_size           - Score: 0.0000
34. fwd_init_window_size           - Score: 0.0000
35. flow_pkts_payload.avg          - Score: 0.0000
36. fwd_header_size_tot            - Score: 0.0000
37. bwd_pkts_payload.avg           - Score: 0.0000
38. flow_pkts_payload.min          - Score: 0.0000
39. fwd_bulk_packets               - Score: 0.0000
40. bwd_pkts_payload.max           - Score: 0.0000
41. bwd_bulk_packets               - Score: 0.0000
42. bwd_pkts_payload.min           - Score: 0.0000
43. id.resp_p                      - Score: 0.0000
44. flow_iat.min                   - Score: 0.0000
45. bwd_pkts_per_sec               - Score: 0.0000
46. Unnamed: 0                     - Score: 0.0000
47. bwd_subflow_bytes              - Score: 0.0000
48. flow_iat.avg                   - Score: 0.0000
49. flow_iat.max                   - Score: 0.0000
50. active.min                     - Score: 0.0000
51. active.avg                     - Score: 0.0000
52. active.max                     - Score: 0.0000
53. active.tot                     - Score: 0.0000
54. flow_iat.tot                   - Score: 0.0000
55. bwd_pkts_payload.tot           - Score: 0.0000
56. fwd_pkts_per_sec               - Score: 0.0000
57. fwd_iat.min                    - Score: 0.0000
58. flow_pkts_per_sec              - Score: 0.0000
59. fwd_bulk_rate                  - Score: 0.0000
60. bwd_init_window_size           - Score: 0.0000
61. fwd_iat.avg                    - Score: 0.0000
62. fwd_iat.max                    - Score: 0.0000
63. fwd_iat.tot                    - Score: 0.0000
64. fwd_bulk_bytes                 - Score: 0.0000
65. id.orig_p                      - Score: 0.0000
66. payload_bytes_per_second       - Score: 0.0000
67. bwd_iat.min                    - Score: 0.0000
68. bwd_bulk_bytes                 - Score: 0.0000
69. bwd_bulk_rate                  - Score: 0.0000
70. fwd_iat.std                    - Score: 0.0000
71. flow_iat.std                   - Score: 0.0000
72. bwd_iat.avg                    - Score: 0.0000
73. bwd_iat.std                    - Score: 0.0000
74. bwd_iat.max                    - Score: 0.0000
75. bwd_iat.tot                    - Score: 0.0000
76. active.std                     - Score: 0.0000
77. idle.std                       - Score: 0.0000
78. idle.min                       - Score: 0.0000
79. idle.avg                       - Score: 0.0000
80. idle.max                       - Score: 0.0000
81. idle.tot                       - Score: 0.0000
82. bwd_URG_flag_count             - Score: 0.0000
================================================================================

Features Ranked by Differentiation Strength:
================================================================================
 1. flow_duration                  - Score: 1.0000
 2. down_up_ratio                  - Score: 0.0018
 3. flow_SYN_flag_count            - Score: 0.0012
 4. flow_RST_flag_count            - Score: 0.0008
 5. fwd_PSH_flag_count             - Score: 0.0004
 6. fwd_data_pkts_tot              - Score: 0.0004
 7. fwd_header_size_min            - Score: 0.0003
 8. flow_FIN_flag_count            - Score: 0.0003
 9. bwd_subflow_pkts               - Score: 0.0002
10. bwd_pkts_tot                   - Score: 0.0002
11. fwd_pkts_payload.avg           - Score: 0.0001
12. fwd_header_size_max            - Score: 0.0001
13. fwd_subflow_pkts               - Score: 0.0001
14. fwd_URG_flag_count             - Score: 0.0001
15. bwd_PSH_flag_count             - Score: 0.0001
16. fwd_pkts_payload.std           - Score: 0.0001
17. bwd_header_size_max            - Score: 0.0001
18. bwd_header_size_min            - Score: 0.0001
19. fwd_pkts_tot                   - Score: 0.0001
20. fwd_subflow_bytes              - Score: 0.0001
21. fwd_init_window_size           - Score: 0.0000
22. fwd_pkts_payload.min           - Score: 0.0000
23. flow_ACK_flag_count            - Score: 0.0000
24. fwd_pkts_payload.max           - Score: 0.0000
25. bwd_pkts_payload.std           - Score: 0.0000
26. flow_CWR_flag_count            - Score: 0.0000
27. flow_ECE_flag_count            - Score: 0.0000
28. bwd_data_pkts_tot              - Score: 0.0000
29. fwd_pkts_payload.tot           - Score: 0.0000
30. flow_pkts_payload.max          - Score: 0.0000
31. flow_pkts_payload.tot          - Score: 0.0000
32. fwd_last_window_size           - Score: 0.0000
33. fwd_header_size_tot            - Score: 0.0000
34. flow_pkts_payload.avg          - Score: 0.0000
35. flow_pkts_payload.std          - Score: 0.0000
36. bwd_header_size_tot            - Score: 0.0000
37. bwd_pkts_payload.avg           - Score: 0.0000
38. flow_pkts_payload.min          - Score: 0.0000
39. fwd_bulk_packets               - Score: 0.0000
40. bwd_pkts_payload.max           - Score: 0.0000
41. bwd_bulk_packets               - Score: 0.0000
42. flow_iat.min                   - Score: 0.0000
43. bwd_pkts_payload.min           - Score: 0.0000
44. flow_iat.avg                   - Score: 0.0000
45. flow_iat.max                   - Score: 0.0000
46. active.min                     - Score: 0.0000
47. active.avg                     - Score: 0.0000
48. active.max                     - Score: 0.0000
49. active.tot                     - Score: 0.0000
50. flow_iat.tot                   - Score: 0.0000
51. Unnamed: 0                     - Score: 0.0000
52. bwd_pkts_per_sec               - Score: 0.0000
53. id.resp_p                      - Score: 0.0000
54. bwd_subflow_bytes              - Score: 0.0000
55. bwd_pkts_payload.tot           - Score: 0.0000
56. fwd_pkts_per_sec               - Score: 0.0000
57. flow_pkts_per_sec              - Score: 0.0000
58. fwd_bulk_rate                  - Score: 0.0000
59. bwd_init_window_size           - Score: 0.0000
60. fwd_bulk_bytes                 - Score: 0.0000
61. id.orig_p                      - Score: 0.0000
62. payload_bytes_per_second       - Score: 0.0000
63. bwd_bulk_bytes                 - Score: 0.0000
64. bwd_iat.min                    - Score: 0.0000
65. bwd_bulk_rate                  - Score: 0.0000
66. fwd_iat.min                    - Score: 0.0000
67. fwd_iat.std                    - Score: 0.0000
68. flow_iat.std                   - Score: 0.0000
69. fwd_iat.avg                    - Score: 0.0000
70. fwd_iat.max                    - Score: 0.0000
71. bwd_iat.std                    - Score: 0.0000
72. fwd_iat.tot                    - Score: 0.0000
73. bwd_iat.avg                    - Score: 0.0000
74. bwd_iat.max                    - Score: 0.0000
75. active.std                     - Score: 0.0000
76. bwd_iat.tot                    - Score: 0.0000
77. idle.std                       - Score: 0.0000
78. idle.min                       - Score: 0.0000
79. idle.avg                       - Score: 0.0000
80. idle.max                       - Score: 0.0000
81. idle.tot                       - Score: 0.0000
82. bwd_URG_flag_count             - Score: 0.0000
================================================================================

Features Ranked by Differentiation Strength:
================================================================================
 1. flow_duration                  - Score: 1.0000
 2. fwd_URG_flag_count             - Score: 0.8121
 3. flow_RST_flag_count            - Score: 0.4715
 4. down_up_ratio                  - Score: 0.4304
 5. flow_SYN_flag_count            - Score: 0.2021
 6. flow_FIN_flag_count            - Score: 0.1985
 7. fwd_PSH_flag_count             - Score: 0.1958
 8. fwd_data_pkts_tot              - Score: 0.1571
 9. fwd_pkts_payload.avg           - Score: 0.0555
10. bwd_subflow_pkts               - Score: 0.0543
11. bwd_pkts_tot                   - Score: 0.0361
12. fwd_header_size_min            - Score: 0.0357
13. fwd_header_size_max            - Score: 0.0311
14. fwd_subflow_pkts               - Score: 0.0264
15. bwd_PSH_flag_count             - Score: 0.0250
16. fwd_pkts_payload.max           - Score: 0.0211
17. fwd_subflow_bytes              - Score: 0.0185
18. flow_pkts_payload.max          - Score: 0.0173
19. bwd_data_pkts_tot              - Score: 0.0160
20. bwd_header_size_max            - Score: 0.0154
21. fwd_pkts_payload.tot           - Score: 0.0150
22. bwd_header_size_min            - Score: 0.0149
23. fwd_pkts_tot                   - Score: 0.0143
24. fwd_pkts_payload.std           - Score: 0.0142
25. flow_pkts_payload.tot          - Score: 0.0120
26. flow_ACK_flag_count            - Score: 0.0117
27. flow_CWR_flag_count            - Score: 0.0113
28. flow_ECE_flag_count            - Score: 0.0113
29. fwd_pkts_payload.min           - Score: 0.0099
30. bwd_pkts_payload.std           - Score: 0.0087
31. flow_pkts_payload.avg          - Score: 0.0033
32. flow_pkts_payload.std          - Score: 0.0031
33. bwd_header_size_tot            - Score: 0.0023
34. bwd_pkts_payload.avg           - Score: 0.0020
35. flow_pkts_payload.min          - Score: 0.0011
36. fwd_header_size_tot            - Score: 0.0010
37. fwd_bulk_packets               - Score: 0.0008
38. bwd_pkts_payload.max           - Score: 0.0007
39. bwd_bulk_packets               - Score: 0.0007
40. bwd_pkts_payload.min           - Score: 0.0005
41. id.resp_p                      - Score: 0.0004
42. Unnamed: 0                     - Score: 0.0004
43. bwd_pkts_per_sec               - Score: 0.0003
44. bwd_subflow_bytes              - Score: 0.0002
45. fwd_last_window_size           - Score: 0.0002
46. bwd_pkts_payload.tot           - Score: 0.0001
47. flow_iat.min                   - Score: 0.0001
48. fwd_pkts_per_sec               - Score: 0.0001
49. flow_pkts_per_sec              - Score: 0.0000
50. fwd_bulk_rate                  - Score: 0.0000
51. bwd_iat.min                    - Score: 0.0000
52. fwd_iat.min                    - Score: 0.0000
53. fwd_init_window_size           - Score: 0.0000
54. bwd_init_window_size           - Score: 0.0000
55. fwd_bulk_bytes                 - Score: 0.0000
56. id.orig_p                      - Score: 0.0000
57. flow_iat.avg                   - Score: 0.0000
58. bwd_bulk_bytes                 - Score: 0.0000
59. payload_bytes_per_second       - Score: 0.0000
60. bwd_bulk_rate                  - Score: 0.0000
61. flow_iat.max                   - Score: 0.0000
62. active.min                     - Score: 0.0000
63. active.avg                     - Score: 0.0000
64. active.max                     - Score: 0.0000
65. active.tot                     - Score: 0.0000
66. flow_iat.tot                   - Score: 0.0000
67. flow_iat.std                   - Score: 0.0000
68. bwd_iat.avg                    - Score: 0.0000
69. fwd_iat.avg                    - Score: 0.0000
70. fwd_iat.std                    - Score: 0.0000
71. fwd_iat.max                    - Score: 0.0000
72. bwd_iat.std                    - Score: 0.0000
73. fwd_iat.tot                    - Score: 0.0000
74. bwd_iat.max                    - Score: 0.0000
75. bwd_iat.tot                    - Score: 0.0000
76. active.std                     - Score: 0.0000
77. idle.std                       - Score: 0.0000
78. idle.min                       - Score: 0.0000
79. idle.avg                       - Score: 0.0000
80. idle.max                       - Score: 0.0000
81. idle.tot                       - Score: 0.0000
82. bwd_URG_flag_count             - Score: 0.0000
================================================================================

Features Ranked by Differentiation Strength:
================================================================================
 1. flow_duration                  - Score: 1.0000
 2. fwd_URG_flag_count             - Score: 0.0068
 3. down_up_ratio                  - Score: 0.0038
 4. fwd_PSH_flag_count             - Score: 0.0029
 5. flow_RST_flag_count            - Score: 0.0024
 6. flow_FIN_flag_count            - Score: 0.0022
 7. flow_SYN_flag_count            - Score: 0.0017
 8. fwd_data_pkts_tot              - Score: 0.0012
 9. bwd_subflow_pkts               - Score: 0.0007
10. flow_ACK_flag_count            - Score: 0.0006
11. bwd_pkts_tot                   - Score: 0.0005
12. fwd_subflow_pkts               - Score: 0.0002
13. fwd_header_size_min            - Score: 0.0002
14. bwd_header_size_max            - Score: 0.0002
15. bwd_header_size_min            - Score: 0.0002
16. fwd_pkts_payload.avg           - Score: 0.0002
17. fwd_header_size_max            - Score: 0.0002
18. fwd_pkts_payload.std           - Score: 0.0002
19. bwd_PSH_flag_count             - Score: 0.0002
20. fwd_pkts_tot                   - Score: 0.0001
21. bwd_data_pkts_tot              - Score: 0.0001
22. bwd_pkts_payload.std           - Score: 0.0001
23. flow_CWR_flag_count            - Score: 0.0001
24. flow_ECE_flag_count            - Score: 0.0001
25. fwd_pkts_payload.min           - Score: 0.0001
26. fwd_subflow_bytes              - Score: 0.0001
27. fwd_pkts_payload.max           - Score: 0.0001
28. bwd_header_size_tot            - Score: 0.0001
29. fwd_pkts_payload.tot           - Score: 0.0001
30. flow_pkts_payload.max          - Score: 0.0000
31. flow_pkts_payload.std          - Score: 0.0000
32. flow_pkts_payload.avg          - Score: 0.0000
33. flow_pkts_payload.tot          - Score: 0.0000
34. fwd_last_window_size           - Score: 0.0000
35. fwd_init_window_size           - Score: 0.0000
36. bwd_pkts_payload.avg           - Score: 0.0000
37. flow_pkts_payload.min          - Score: 0.0000
38. fwd_header_size_tot            - Score: 0.0000
39. fwd_bulk_packets               - Score: 0.0000
40. bwd_pkts_payload.max           - Score: 0.0000
41. bwd_bulk_packets               - Score: 0.0000
42. bwd_pkts_payload.min           - Score: 0.0000
43. id.resp_p                      - Score: 0.0000
44. Unnamed: 0                     - Score: 0.0000
45. bwd_pkts_per_sec               - Score: 0.0000
46. bwd_subflow_bytes              - Score: 0.0000
47. flow_iat.min                   - Score: 0.0000
48. flow_iat.avg                   - Score: 0.0000
49. active.min                     - Score: 0.0000
50. active.avg                     - Score: 0.0000
51. active.max                     - Score: 0.0000
52. flow_iat.max                   - Score: 0.0000
53. active.tot                     - Score: 0.0000
54. flow_iat.tot                   - Score: 0.0000
55. bwd_pkts_payload.tot           - Score: 0.0000
56. fwd_pkts_per_sec               - Score: 0.0000
57. flow_pkts_per_sec              - Score: 0.0000
58. fwd_bulk_rate                  - Score: 0.0000
59. bwd_init_window_size           - Score: 0.0000
60. fwd_iat.min                    - Score: 0.0000
61. fwd_iat.avg                    - Score: 0.0000
62. fwd_iat.max                    - Score: 0.0000
63. fwd_iat.tot                    - Score: 0.0000
64. fwd_bulk_bytes                 - Score: 0.0000
65. id.orig_p                      - Score: 0.0000
66. bwd_bulk_bytes                 - Score: 0.0000
67. bwd_iat.min                    - Score: 0.0000
68. payload_bytes_per_second       - Score: 0.0000
69. bwd_bulk_rate                  - Score: 0.0000
70. bwd_iat.std                    - Score: 0.0000
71. flow_iat.std                   - Score: 0.0000
72. bwd_iat.avg                    - Score: 0.0000
73. fwd_iat.std                    - Score: 0.0000
74. bwd_iat.max                    - Score: 0.0000
75. bwd_iat.tot                    - Score: 0.0000
76. active.std                     - Score: 0.0000
77. idle.std                       - Score: 0.0000
78. idle.min                       - Score: 0.0000
79. idle.avg                       - Score: 0.0000
80. idle.max                       - Score: 0.0000
81. idle.tot                       - Score: 0.0000
82. bwd_URG_flag_count             - Score: 0.0000
================================================================================

Features Ranked by Differentiation Strength:
================================================================================
 1. flow_duration                  - Score: 1.0000
 2. fwd_URG_flag_count             - Score: 0.0079
 3. flow_FIN_flag_count            - Score: 0.0030
 4. fwd_PSH_flag_count             - Score: 0.0028
 5. flow_RST_flag_count            - Score: 0.0028
 6. down_up_ratio                  - Score: 0.0027
 7. fwd_data_pkts_tot              - Score: 0.0020
 8. flow_SYN_flag_count            - Score: 0.0020
 9. fwd_pkts_payload.avg           - Score: 0.0006
10. fwd_header_size_max            - Score: 0.0005
11. fwd_header_size_min            - Score: 0.0004
12. bwd_subflow_pkts               - Score: 0.0003
13. fwd_pkts_payload.max           - Score: 0.0002
14. fwd_subflow_bytes              - Score: 0.0002
15. fwd_subflow_pkts               - Score: 0.0002
16. flow_pkts_payload.max          - Score: 0.0002
17. fwd_pkts_payload.tot           - Score: 0.0002
18. bwd_PSH_flag_count             - Score: 0.0002
19. fwd_pkts_payload.std           - Score: 0.0002
20. flow_pkts_payload.tot          - Score: 0.0002
21. bwd_pkts_tot                   - Score: 0.0001
22. fwd_pkts_tot                   - Score: 0.0001
23. bwd_data_pkts_tot              - Score: 0.0001
24. flow_ACK_flag_count            - Score: 0.0001
25. fwd_pkts_payload.min           - Score: 0.0001
26. bwd_header_size_max            - Score: 0.0001
27. flow_CWR_flag_count            - Score: 0.0001
28. flow_ECE_flag_count            - Score: 0.0001
29. bwd_pkts_payload.std           - Score: 0.0001
30. bwd_header_size_min            - Score: 0.0001
31. flow_pkts_payload.avg          - Score: 0.0000
32. flow_pkts_payload.std          - Score: 0.0000
33. fwd_last_window_size           - Score: 0.0000
34. fwd_init_window_size           - Score: 0.0000
35. bwd_pkts_payload.avg           - Score: 0.0000
36. fwd_header_size_tot            - Score: 0.0000
37. flow_pkts_payload.min          - Score: 0.0000
38. bwd_header_size_tot            - Score: 0.0000
39. fwd_bulk_packets               - Score: 0.0000
40. bwd_pkts_payload.max           - Score: 0.0000
41. bwd_bulk_packets               - Score: 0.0000
42. bwd_pkts_payload.min           - Score: 0.0000
43. id.resp_p                      - Score: 0.0000
44. Unnamed: 0                     - Score: 0.0000
45. flow_iat.min                   - Score: 0.0000
46. bwd_subflow_bytes              - Score: 0.0000
47. flow_iat.avg                   - Score: 0.0000
48. flow_iat.max                   - Score: 0.0000
49. active.min                     - Score: 0.0000
50. active.avg                     - Score: 0.0000
51. active.max                     - Score: 0.0000
52. active.tot                     - Score: 0.0000
53. flow_iat.tot                   - Score: 0.0000
54. bwd_pkts_per_sec               - Score: 0.0000
55. bwd_pkts_payload.tot           - Score: 0.0000
56. fwd_pkts_per_sec               - Score: 0.0000
57. flow_pkts_per_sec              - Score: 0.0000
58. fwd_iat.min                    - Score: 0.0000
59. bwd_init_window_size           - Score: 0.0000
60. bwd_iat.min                    - Score: 0.0000
61. id.orig_p                      - Score: 0.0000
62. fwd_bulk_bytes                 - Score: 0.0000
63. fwd_bulk_rate                  - Score: 0.0000
64. payload_bytes_per_second       - Score: 0.0000
65. bwd_bulk_bytes                 - Score: 0.0000
66. bwd_bulk_rate                  - Score: 0.0000
67. flow_iat.std                   - Score: 0.0000
68. fwd_iat.avg                    - Score: 0.0000
69. fwd_iat.std                    - Score: 0.0000
70. fwd_iat.max                    - Score: 0.0000
71. fwd_iat.tot                    - Score: 0.0000
72. bwd_iat.std                    - Score: 0.0000
73. bwd_iat.avg                    - Score: 0.0000
74. bwd_iat.max                    - Score: 0.0000
75. active.std                     - Score: 0.0000
76. bwd_iat.tot                    - Score: 0.0000
77. idle.std                       - Score: 0.0000
78. idle.min                       - Score: 0.0000
79. idle.avg                       - Score: 0.0000
80. idle.max                       - Score: 0.0000
81. idle.tot                       - Score: 0.0000
82. bwd_URG_flag_count             - Score: 0.0000
================================================================================

Features Ranked by Differentiation Strength:
================================================================================
 1. flow_duration                  - Score: 1.0000
 2. down_up_ratio                  - Score: 0.0037
 3. flow_RST_flag_count            - Score: 0.0026
 4. flow_SYN_flag_count            - Score: 0.0016
 5. fwd_data_pkts_tot              - Score: 0.0009
 6. fwd_PSH_flag_count             - Score: 0.0009
 7. flow_FIN_flag_count            - Score: 0.0006
 8. fwd_pkts_payload.avg           - Score: 0.0005
 9. bwd_subflow_pkts               - Score: 0.0005
10. fwd_header_size_min            - Score: 0.0004
11. fwd_header_size_max            - Score: 0.0003
12. bwd_pkts_tot                   - Score: 0.0003
13. fwd_subflow_pkts               - Score: 0.0002
14. bwd_PSH_flag_count             - Score: 0.0002
15. fwd_pkts_payload.max           - Score: 0.0002
16. fwd_subflow_bytes              - Score: 0.0002
17. flow_pkts_payload.max          - Score: 0.0002
18. bwd_header_size_max            - Score: 0.0001
19. bwd_header_size_min            - Score: 0.0001
20. fwd_pkts_payload.tot           - Score: 0.0001
21. fwd_pkts_payload.std           - Score: 0.0001
22. fwd_pkts_tot                   - Score: 0.0001
23. bwd_data_pkts_tot              - Score: 0.0001
24. flow_pkts_payload.tot          - Score: 0.0001
25. flow_ACK_flag_count            - Score: 0.0001
26. flow_CWR_flag_count            - Score: 0.0001
27. flow_ECE_flag_count            - Score: 0.0001
28. fwd_pkts_payload.min           - Score: 0.0001
29. bwd_pkts_payload.std           - Score: 0.0001
30. flow_pkts_payload.avg          - Score: 0.0000
31. flow_pkts_payload.std          - Score: 0.0000
32. fwd_last_window_size           - Score: 0.0000
33. fwd_init_window_size           - Score: 0.0000
34. bwd_header_size_tot            - Score: 0.0000
35. bwd_pkts_payload.avg           - Score: 0.0000
36. fwd_header_size_tot            - Score: 0.0000
37. flow_pkts_payload.min          - Score: 0.0000
38. fwd_bulk_packets               - Score: 0.0000
39. bwd_pkts_payload.max           - Score: 0.0000
40. bwd_bulk_packets               - Score: 0.0000
41. bwd_pkts_payload.min           - Score: 0.0000
42. id.resp_p                      - Score: 0.0000
43. Unnamed: 0                     - Score: 0.0000
44. flow_iat.min                   - Score: 0.0000
45. bwd_pkts_per_sec               - Score: 0.0000
46. bwd_subflow_bytes              - Score: 0.0000
47. flow_iat.avg                   - Score: 0.0000
48. flow_iat.max                   - Score: 0.0000
49. active.min                     - Score: 0.0000
50. active.avg                     - Score: 0.0000
51. active.max                     - Score: 0.0000
52. active.tot                     - Score: 0.0000
53. flow_iat.tot                   - Score: 0.0000
54. bwd_pkts_payload.tot           - Score: 0.0000
55. fwd_pkts_per_sec               - Score: 0.0000
56. flow_pkts_per_sec              - Score: 0.0000
57. fwd_iat.min                    - Score: 0.0000
58. fwd_bulk_rate                  - Score: 0.0000
59. bwd_init_window_size           - Score: 0.0000
60. id.orig_p                      - Score: 0.0000
61. fwd_bulk_bytes                 - Score: 0.0000
62. bwd_bulk_bytes                 - Score: 0.0000
63. payload_bytes_per_second       - Score: 0.0000
64. bwd_iat.min                    - Score: 0.0000
65. bwd_bulk_rate                  - Score: 0.0000
66. flow_iat.std                   - Score: 0.0000
67. fwd_iat.avg                    - Score: 0.0000
68. fwd_iat.std                    - Score: 0.0000
69. fwd_iat.max                    - Score: 0.0000
70. fwd_iat.tot                    - Score: 0.0000
71. bwd_iat.std                    - Score: 0.0000
72. bwd_iat.avg                    - Score: 0.0000
73. bwd_iat.max                    - Score: 0.0000
74. bwd_iat.tot                    - Score: 0.0000
75. active.std                     - Score: 0.0000
76. idle.std                       - Score: 0.0000
77. idle.min                       - Score: 0.0000
78. idle.avg                       - Score: 0.0000
79. idle.max                       - Score: 0.0000
80. idle.tot                       - Score: 0.0000
81. fwd_URG_flag_count             - Score: 0.0000
82. bwd_URG_flag_count             - Score: 0.0000
================================================================================

Features Ranked by Differentiation Strength:
================================================================================
 1. flow_duration                  - Score: 1.0000
 2. fwd_URG_flag_count             - Score: 0.0081
 3. down_up_ratio                  - Score: 0.0041
 4. fwd_PSH_flag_count             - Score: 0.0032
 5. flow_SYN_flag_count            - Score: 0.0029
 6. flow_RST_flag_count            - Score: 0.0026
 7. flow_FIN_flag_count            - Score: 0.0026
 8. fwd_data_pkts_tot              - Score: 0.0013
 9. bwd_subflow_pkts               - Score: 0.0009
10. bwd_pkts_tot                   - Score: 0.0007
11. fwd_header_size_min            - Score: 0.0005
12. flow_ACK_flag_count            - Score: 0.0005
13. fwd_subflow_pkts               - Score: 0.0003
14. bwd_header_size_max            - Score: 0.0003
15. fwd_pkts_payload.avg           - Score: 0.0003
16. bwd_header_size_min            - Score: 0.0002
17. fwd_header_size_max            - Score: 0.0002
18. bwd_PSH_flag_count             - Score: 0.0002
19. bwd_data_pkts_tot              - Score: 0.0002
20. fwd_pkts_payload.std           - Score: 0.0002
21. fwd_pkts_tot                   - Score: 0.0002
22. bwd_header_size_tot            - Score: 0.0001
23. fwd_subflow_bytes              - Score: 0.0001
24. fwd_pkts_payload.min           - Score: 0.0001
25. flow_CWR_flag_count            - Score: 0.0001
26. flow_ECE_flag_count            - Score: 0.0001
27. bwd_pkts_payload.std           - Score: 0.0001
28. fwd_pkts_payload.max           - Score: 0.0001
29. fwd_pkts_payload.tot           - Score: 0.0001
30. fwd_init_window_size           - Score: 0.0001
31. flow_pkts_payload.max          - Score: 0.0001
32. flow_pkts_payload.tot          - Score: 0.0000
33. flow_pkts_payload.avg          - Score: 0.0000
34. flow_pkts_payload.std          - Score: 0.0000
35. fwd_header_size_tot            - Score: 0.0000
36. fwd_last_window_size           - Score: 0.0000
37. bwd_pkts_payload.avg           - Score: 0.0000
38. flow_pkts_payload.min          - Score: 0.0000
39. fwd_bulk_packets               - Score: 0.0000
40. bwd_pkts_payload.max           - Score: 0.0000
41. id.resp_p                      - Score: 0.0000
42. bwd_pkts_payload.min           - Score: 0.0000
43. Unnamed: 0                     - Score: 0.0000
44. flow_iat.min                   - Score: 0.0000
45. bwd_bulk_packets               - Score: 0.0000
46. bwd_subflow_bytes              - Score: 0.0000
47. bwd_pkts_per_sec               - Score: 0.0000
48. flow_iat.avg                   - Score: 0.0000
49. flow_iat.max                   - Score: 0.0000
50. active.min                     - Score: 0.0000
51. active.avg                     - Score: 0.0000
52. active.max                     - Score: 0.0000
53. active.tot                     - Score: 0.0000
54. flow_iat.tot                   - Score: 0.0000
55. bwd_pkts_payload.tot           - Score: 0.0000
56. fwd_iat.min                    - Score: 0.0000
57. fwd_iat.avg                    - Score: 0.0000
58. fwd_iat.max                    - Score: 0.0000
59. fwd_iat.tot                    - Score: 0.0000
60. fwd_pkts_per_sec               - Score: 0.0000
61. flow_pkts_per_sec              - Score: 0.0000
62. fwd_bulk_rate                  - Score: 0.0000
63. bwd_init_window_size           - Score: 0.0000
64. bwd_iat.min                    - Score: 0.0000
65. fwd_bulk_bytes                 - Score: 0.0000
66. id.orig_p                      - Score: 0.0000
67. payload_bytes_per_second       - Score: 0.0000
68. bwd_bulk_rate                  - Score: 0.0000
69. bwd_bulk_bytes                 - Score: 0.0000
70. fwd_iat.std                    - Score: 0.0000
71. flow_iat.std                   - Score: 0.0000
72. bwd_iat.avg                    - Score: 0.0000
73. bwd_iat.max                    - Score: 0.0000
74. bwd_iat.tot                    - Score: 0.0000
75. bwd_iat.std                    - Score: 0.0000
76. active.std                     - Score: 0.0000
77. idle.std                       - Score: 0.0000
78. idle.min                       - Score: 0.0000
79. idle.avg                       - Score: 0.0000
80. idle.max                       - Score: 0.0000
81. idle.tot                       - Score: 0.0000
82. bwd_URG_flag_count             - Score: 0.0000
================================================================================

Features Ranked by Differentiation Strength:
================================================================================
 1. flow_duration                  - Score: 1.0000
 2. fwd_URG_flag_count             - Score: 0.0055
 3. down_up_ratio                  - Score: 0.0045
 4. flow_RST_flag_count            - Score: 0.0043
 5. flow_SYN_flag_count            - Score: 0.0023
 6. fwd_PSH_flag_count             - Score: 0.0022
 7. flow_FIN_flag_count            - Score: 0.0019
 8. fwd_data_pkts_tot              - Score: 0.0016
 9. bwd_subflow_pkts               - Score: 0.0006
10. fwd_pkts_payload.avg           - Score: 0.0006
11. fwd_header_size_min            - Score: 0.0005
12. bwd_pkts_tot                   - Score: 0.0005
13. fwd_header_size_max            - Score: 0.0004
14. bwd_PSH_flag_count             - Score: 0.0003
15. fwd_subflow_pkts               - Score: 0.0003
16. fwd_pkts_payload.max           - Score: 0.0002
17. bwd_data_pkts_tot              - Score: 0.0002
18. fwd_subflow_bytes              - Score: 0.0002
19. flow_pkts_payload.max          - Score: 0.0002
20. fwd_pkts_payload.tot           - Score: 0.0002
21. fwd_pkts_tot                   - Score: 0.0002
22. bwd_header_size_max            - Score: 0.0002
23. bwd_header_size_min            - Score: 0.0002
24. flow_pkts_payload.tot          - Score: 0.0002
25. fwd_pkts_payload.std           - Score: 0.0001
26. flow_ACK_flag_count            - Score: 0.0001
27. fwd_pkts_payload.min           - Score: 0.0001
28. bwd_pkts_payload.std           - Score: 0.0001
29. bwd_header_size_tot            - Score: 0.0000
30. flow_pkts_payload.avg          - Score: 0.0000
31. flow_pkts_payload.std          - Score: 0.0000
32. fwd_last_window_size           - Score: 0.0000
33. fwd_init_window_size           - Score: 0.0000
34. bwd_pkts_payload.avg           - Score: 0.0000
35. fwd_header_size_tot            - Score: 0.0000
36. flow_pkts_payload.min          - Score: 0.0000
37. flow_CWR_flag_count            - Score: 0.0000
38. flow_ECE_flag_count            - Score: 0.0000
39. bwd_pkts_payload.max           - Score: 0.0000
40. bwd_pkts_payload.min           - Score: 0.0000
41. id.resp_p                      - Score: 0.0000
42. fwd_bulk_packets               - Score: 0.0000
43. flow_iat.min                   - Score: 0.0000
44. bwd_bulk_packets               - Score: 0.0000
45. Unnamed: 0                     - Score: 0.0000
46. bwd_pkts_per_sec               - Score: 0.0000
47. bwd_subflow_bytes              - Score: 0.0000
48. bwd_iat.min                    - Score: 0.0000
49. flow_iat.avg                   - Score: 0.0000
50. flow_iat.max                   - Score: 0.0000
51. active.min                     - Score: 0.0000
52. active.avg                     - Score: 0.0000
53. active.max                     - Score: 0.0000
54. active.tot                     - Score: 0.0000
55. flow_iat.tot                   - Score: 0.0000
56. bwd_pkts_payload.tot           - Score: 0.0000
57. fwd_pkts_per_sec               - Score: 0.0000
58. fwd_iat.min                    - Score: 0.0000
59. flow_pkts_per_sec              - Score: 0.0000
60. fwd_bulk_rate                  - Score: 0.0000
61. bwd_init_window_size           - Score: 0.0000
62. id.orig_p                      - Score: 0.0000
63. payload_bytes_per_second       - Score: 0.0000
64. fwd_bulk_bytes                 - Score: 0.0000
65. bwd_bulk_bytes                 - Score: 0.0000
66. bwd_iat.avg                    - Score: 0.0000
67. fwd_iat.avg                    - Score: 0.0000
68. flow_iat.std                   - Score: 0.0000
69. fwd_iat.std                    - Score: 0.0000
70. fwd_iat.max                    - Score: 0.0000
71. bwd_iat.std                    - Score: 0.0000
72. fwd_iat.tot                    - Score: 0.0000
73. bwd_iat.max                    - Score: 0.0000
74. bwd_iat.tot                    - Score: 0.0000
75. active.std                     - Score: 0.0000
76. idle.std                       - Score: 0.0000
77. idle.min                       - Score: 0.0000
78. idle.avg                       - Score: 0.0000
79. idle.max                       - Score: 0.0000
80. bwd_bulk_rate                  - Score: 0.0000
81. idle.tot                       - Score: 0.0000
82. bwd_URG_flag_count             - Score: 0.0000
================================================================================
       0.600        0.955         0.739   +0.216

Features Ranked by Differentiation Strength:
================================================================================
 1. flow_duration                  - Score: 1.0000
 2. fwd_URG_flag_count             - Score: 0.0074
 3. down_up_ratio                  - Score: 0.0041
 4. fwd_PSH_flag_count             - Score: 0.0034
 5. flow_FIN_flag_count            - Score: 0.0030
 6. flow_RST_flag_count            - Score: 0.0030
 7. flow_SYN_flag_count            - Score: 0.0023
 8. fwd_data_pkts_tot              - Score: 0.0013
 9. flow_ACK_flag_count            - Score: 0.0007
10. bwd_subflow_pkts               - Score: 0.0006
11. fwd_pkts_payload.avg           - Score: 0.0005
12. bwd_pkts_tot                   - Score: 0.0005
13. fwd_header_size_min            - Score: 0.0004
14. fwd_header_size_max            - Score: 0.0004
15. fwd_subflow_pkts               - Score: 0.0003
16. fwd_pkts_payload.max           - Score: 0.0002
17. fwd_pkts_payload.std           - Score: 0.0002
18. bwd_header_size_max            - Score: 0.0002
19. bwd_PSH_flag_count             - Score: 0.0002
20. bwd_header_size_min            - Score: 0.0002
21. fwd_subflow_bytes              - Score: 0.0002
22. fwd_pkts_tot                   - Score: 0.0002
23. flow_pkts_payload.max          - Score: 0.0002
24. fwd_pkts_payload.tot           - Score: 0.0001
25. bwd_data_pkts_tot              - Score: 0.0001
26. flow_pkts_payload.tot          - Score: 0.0001
27. bwd_pkts_payload.std           - Score: 0.0001
28. fwd_pkts_payload.min           - Score: 0.0001
29. flow_ECE_flag_count            - Score: 0.0001
30. flow_CWR_flag_count            - Score: 0.0001
31. bwd_header_size_tot            - Score: 0.0001
32. flow_pkts_payload.std          - Score: 0.0000
33. flow_pkts_payload.avg          - Score: 0.0000
34. fwd_last_window_size           - Score: 0.0000
35. fwd_init_window_size           - Score: 0.0000
36. fwd_header_size_tot            - Score: 0.0000
37. bwd_pkts_payload.avg           - Score: 0.0000
38. flow_pkts_payload.min          - Score: 0.0000
39. bwd_pkts_payload.max           - Score: 0.0000
40. fwd_bulk_packets               - Score: 0.0000
41. bwd_bulk_packets               - Score: 0.0000
42. id.resp_p                      - Score: 0.0000
43. bwd_pkts_payload.min           - Score: 0.0000
44. Unnamed: 0                     - Score: 0.0000
45. flow_iat.min                   - Score: 0.0000
46. bwd_pkts_per_sec               - Score: 0.0000
47. bwd_subflow_bytes              - Score: 0.0000
48. flow_iat.avg                   - Score: 0.0000
49. flow_iat.max                   - Score: 0.0000
50. active.min                     - Score: 0.0000
51. active.avg                     - Score: 0.0000
52. active.max                     - Score: 0.0000
53. active.tot                     - Score: 0.0000
54. flow_iat.tot                   - Score: 0.0000
55. fwd_iat.min                    - Score: 0.0000
56. bwd_pkts_payload.tot           - Score: 0.0000
57. fwd_iat.avg                    - Score: 0.0000
58. fwd_iat.max                    - Score: 0.0000
59. fwd_iat.tot                    - Score: 0.0000
60. fwd_pkts_per_sec               - Score: 0.0000
61. flow_pkts_per_sec              - Score: 0.0000
62. bwd_init_window_size           - Score: 0.0000
63. fwd_bulk_rate                  - Score: 0.0000
64. fwd_bulk_bytes                 - Score: 0.0000
65. id.orig_p                      - Score: 0.0000
66. payload_bytes_per_second       - Score: 0.0000
67. bwd_bulk_bytes                 - Score: 0.0000
68. bwd_iat.min                    - Score: 0.0000
69. bwd_bulk_rate                  - Score: 0.0000
70. fwd_iat.std                    - Score: 0.0000
71. flow_iat.std                   - Score: 0.0000
72. bwd_iat.avg                    - Score: 0.0000
73. bwd_iat.max                    - Score: 0.0000
74. bwd_iat.tot                    - Score: 0.0000
75. bwd_iat.std                    - Score: 0.0000
76. active.std                     - Score: 0.0000
77. idle.std                       - Score: 0.0000
78. idle.min                       - Score: 0.0000
79. idle.avg                       - Score: 0.0000
80. idle.max                       - Score: 0.0000
81. idle.tot                       - Score: 0.0000
82. bwd_URG_flag_count             - Score: 0.0000
================================================================================

Features Ranked by Differentiation Strength:
================================================================================
 1. flow_duration                  - Score: 1.0000
 2. fwd_URG_flag_count             - Score: 0.0057
 3. down_up_ratio                  - Score: 0.0044
 4. flow_RST_flag_count            - Score: 0.0032
 5. fwd_PSH_flag_count             - Score: 0.0020
 6. flow_FIN_flag_count            - Score: 0.0020
 7. flow_SYN_flag_count            - Score: 0.0020
 8. fwd_data_pkts_tot              - Score: 0.0013
 9. fwd_pkts_payload.avg           - Score: 0.0006
10. bwd_subflow_pkts               - Score: 0.0005
11. fwd_header_size_max            - Score: 0.0004
12. fwd_header_size_min            - Score: 0.0004
13. bwd_pkts_tot                   - Score: 0.0004
14. fwd_pkts_payload.max           - Score: 0.0002
15. fwd_subflow_bytes              - Score: 0.0002
16. flow_pkts_payload.max          - Score: 0.0002
17. bwd_PSH_flag_count             - Score: 0.0002
18. fwd_pkts_payload.tot           - Score: 0.0002
19. fwd_subflow_pkts               - Score: 0.0002
20. bwd_header_size_max            - Score: 0.0002
21. bwd_header_size_min            - Score: 0.0002
22. flow_pkts_payload.tot          - Score: 0.0002
23. fwd_pkts_payload.std           - Score: 0.0001
24. flow_ACK_flag_count            - Score: 0.0001
25. bwd_data_pkts_tot              - Score: 0.0001
26. fwd_pkts_payload.min           - Score: 0.0001
27. flow_CWR_flag_count            - Score: 0.0001
28. bwd_pkts_payload.std           - Score: 0.0001
29. flow_ECE_flag_count            - Score: 0.0001
30. fwd_pkts_tot                   - Score: 0.0001
31. bwd_header_size_tot            - Score: 0.0000
32. flow_pkts_payload.avg          - Score: 0.0000
33. flow_pkts_payload.std          - Score: 0.0000
34. fwd_last_window_size           - Score: 0.0000
35. fwd_init_window_size           - Score: 0.0000
36. bwd_pkts_payload.avg           - Score: 0.0000
37. fwd_header_size_tot            - Score: 0.0000
38. flow_pkts_payload.min          - Score: 0.0000
39. bwd_pkts_payload.max           - Score: 0.0000
40. bwd_bulk_packets               - Score: 0.0000
41. fwd_bulk_packets               - Score: 0.0000
42. bwd_pkts_payload.min           - Score: 0.0000
43. id.resp_p                      - Score: 0.0000
44. Unnamed: 0                     - Score: 0.0000
45. flow_iat.min                   - Score: 0.0000
46. bwd_pkts_per_sec               - Score: 0.0000
47. bwd_subflow_bytes              - Score: 0.0000
48. flow_iat.avg                   - Score: 0.0000
49. flow_iat.max                   - Score: 0.0000
50. active.min                     - Score: 0.0000
51. active.avg                     - Score: 0.0000
52. active.max                     - Score: 0.0000
53. active.tot                     - Score: 0.0000
54. flow_iat.tot                   - Score: 0.0000
55. bwd_pkts_payload.tot           - Score: 0.0000
56. fwd_pkts_per_sec               - Score: 0.0000
57. flow_pkts_per_sec              - Score: 0.0000
58. fwd_iat.min                    - Score: 0.0000
59. bwd_init_window_size           - Score: 0.0000
60. fwd_bulk_rate                  - Score: 0.0000
61. id.orig_p                      - Score: 0.0000
62. fwd_bulk_bytes                 - Score: 0.0000
63. payload_bytes_per_second       - Score: 0.0000
64. bwd_bulk_bytes                 - Score: 0.0000
65. bwd_iat.min                    - Score: 0.0000
66. bwd_bulk_rate                  - Score: 0.0000
67. flow_iat.std                   - Score: 0.0000
68. fwd_iat.avg                    - Score: 0.0000
69. fwd_iat.std                    - Score: 0.0000
70. fwd_iat.max                    - Score: 0.0000
71. bwd_iat.avg                    - Score: 0.0000
72. fwd_iat.tot                    - Score: 0.0000
73. bwd_iat.std                    - Score: 0.0000
74. bwd_iat.max                    - Score: 0.0000
75. bwd_iat.tot                    - Score: 0.0000
76. active.std                     - Score: 0.0000
77. idle.std                       - Score: 0.0000
78. idle.min                       - Score: 0.0000
79. idle.avg                       - Score: 0.0000
80. idle.max                       - Score: 0.0000
81. idle.tot                       - Score: 0.0000
82. bwd_URG_flag_count             - Score: 0.0000
================================================================================

Features Ranked by Differentiation Strength:
================================================================================
 1. flow_duration                  - Score: 1.0000
 2. fwd_URG_flag_count             - Score: 0.0861
 3. down_up_ratio                  - Score: 0.0668
 4. flow_RST_flag_count            - Score: 0.0352
 5. flow_SYN_flag_count            - Score: 0.0350
 6. fwd_PSH_flag_count             - Score: 0.0329
 7. flow_FIN_flag_count            - Score: 0.0268
 8. bwd_subflow_pkts               - Score: 0.0164
 9. fwd_data_pkts_tot              - Score: 0.0143
10. bwd_pkts_tot                   - Score: 0.0127
11. flow_ACK_flag_count            - Score: 0.0052
12. fwd_header_size_min            - Score: 0.0050
13. bwd_header_size_min            - Score: 0.0041
14. fwd_subflow_pkts               - Score: 0.0040
15. bwd_header_size_max            - Score: 0.0040
16. bwd_PSH_flag_count             - Score: 0.0032
17. bwd_data_pkts_tot              - Score: 0.0029
18. fwd_header_size_max            - Score: 0.0027
19. fwd_pkts_tot                   - Score: 0.0022
20. bwd_header_size_tot            - Score: 0.0019
21. flow_CWR_flag_count            - Score: 0.0016
22. flow_ECE_flag_count            - Score: 0.0016
23. fwd_pkts_payload.avg           - Score: 0.0015
24. fwd_pkts_payload.std           - Score: 0.0012
25. flow_pkts_payload.avg          - Score: 0.0004
26. fwd_subflow_bytes              - Score: 0.0003
27. fwd_init_window_size           - Score: 0.0003
28. flow_pkts_payload.std          - Score: 0.0003
29. fwd_pkts_payload.max           - Score: 0.0003
30. bwd_pkts_payload.std           - Score: 0.0003
31. bwd_pkts_payload.avg           - Score: 0.0002
32. fwd_header_size_tot            - Score: 0.0002
33. fwd_pkts_payload.tot           - Score: 0.0002
34. fwd_pkts_payload.min           - Score: 0.0002
35. flow_pkts_payload.min          - Score: 0.0001
36. flow_pkts_payload.max          - Score: 0.0001
37. bwd_bulk_packets               - Score: 0.0001
38. bwd_pkts_payload.max           - Score: 0.0001
39. bwd_pkts_payload.min           - Score: 0.0001
40. Unnamed: 0                     - Score: 0.0000
41. bwd_pkts_per_sec               - Score: 0.0000
42. fwd_bulk_packets               - Score: 0.0000
43. bwd_subflow_bytes              - Score: 0.0000
44. id.resp_p                      - Score: 0.0000
45. flow_iat.min                   - Score: 0.0000
46. bwd_pkts_payload.tot           - Score: 0.0000
47. fwd_last_window_size           - Score: 0.0000
48. fwd_pkts_per_sec               - Score: 0.0000
49. flow_pkts_payload.tot          - Score: 0.0000
50. flow_pkts_per_sec              - Score: 0.0000
51. fwd_iat.min                    - Score: 0.0000
52. flow_iat.avg                   - Score: 0.0000
53. bwd_init_window_size           - Score: 0.0000
54. flow_iat.max                   - Score: 0.0000
55. fwd_bulk_rate                  - Score: 0.0000
56. active.min                     - Score: 0.0000
57. active.avg                     - Score: 0.0000
58. active.max                     - Score: 0.0000
59. active.tot                     - Score: 0.0000
60. flow_iat.tot                   - Score: 0.0000
61. id.orig_p                      - Score: 0.0000
62. bwd_iat.min                    - Score: 0.0000
63. payload_bytes_per_second       - Score: 0.0000
64. bwd_bulk_bytes                 - Score: 0.0000
65. fwd_bulk_bytes                 - Score: 0.0000
66. bwd_bulk_rate                  - Score: 0.0000
67. flow_iat.std                   - Score: 0.0000
68. fwd_iat.avg                    - Score: 0.0000
69. fwd_iat.std                    - Score: 0.0000
70. fwd_iat.max                    - Score: 0.0000
71. fwd_iat.tot                    - Score: 0.0000
72. bwd_iat.std                    - Score: 0.0000
73. bwd_iat.avg                    - Score: 0.0000
74. bwd_iat.max                    - Score: 0.0000
75. bwd_iat.tot                    - Score: 0.0000
76. active.std                     - Score: 0.0000
77. idle.std                       - Score: 0.0000
78. idle.min                       - Score: 0.0000
79. idle.avg                       - Score: 0.0000
80. idle.max                       - Score: 0.0000
81. idle.tot                       - Score: 0.0000
82. bwd_URG_flag_count             - Score: 0.0000
================================================================================

Features Ranked by Differentiation Strength:
================================================================================
 1. flow_duration                  - Score: 1.0000
 2. fwd_URG_flag_count             - Score: 0.0088
 3. flow_FIN_flag_count            - Score: 0.0032
 4. down_up_ratio                  - Score: 0.0025
 5. flow_RST_flag_count            - Score: 0.0023
 6. fwd_PSH_flag_count             - Score: 0.0022
 7. fwd_data_pkts_tot              - Score: 0.0012
 8. flow_SYN_flag_count            - Score: 0.0011
 9. bwd_subflow_pkts               - Score: 0.0005
10. bwd_pkts_tot                   - Score: 0.0003
11. fwd_pkts_payload.avg           - Score: 0.0003
12. fwd_header_size_max            - Score: 0.0002
13. fwd_header_size_min            - Score: 0.0002
14. fwd_subflow_pkts               - Score: 0.0002
15. fwd_pkts_payload.max           - Score: 0.0001
16. flow_pkts_payload.max          - Score: 0.0001
17. fwd_subflow_bytes              - Score: 0.0001
18. fwd_pkts_payload.tot           - Score: 0.0001
19. fwd_pkts_tot                   - Score: 0.0001
20. flow_ACK_flag_count            - Score: 0.0001
21. bwd_data_pkts_tot              - Score: 0.0001
22. flow_pkts_payload.tot          - Score: 0.0001
23. bwd_header_size_min            - Score: 0.0001
24. bwd_header_size_max            - Score: 0.0001
25. bwd_PSH_flag_count             - Score: 0.0001
26. flow_ECE_flag_count            - Score: 0.0001
27. flow_CWR_flag_count            - Score: 0.0001
28. fwd_pkts_payload.min           - Score: 0.0001
29. bwd_header_size_tot            - Score: 0.0000
30. flow_pkts_payload.avg          - Score: 0.0000
31. fwd_last_window_size           - Score: 0.0000
32. fwd_pkts_payload.std           - Score: 0.0000
33. fwd_init_window_size           - Score: 0.0000
34. flow_pkts_payload.std          - Score: 0.0000
35. fwd_header_size_tot            - Score: 0.0000
36. bwd_pkts_payload.avg           - Score: 0.0000
37. flow_pkts_payload.min          - Score: 0.0000
38. bwd_pkts_payload.std           - Score: 0.0000
39. bwd_bulk_packets               - Score: 0.0000
40. flow_iat.min                   - Score: 0.0000
41. bwd_pkts_payload.min           - Score: 0.0000
42. fwd_bulk_packets               - Score: 0.0000
43. bwd_pkts_payload.max           - Score: 0.0000
44. Unnamed: 0                     - Score: 0.0000
45. id.resp_p                      - Score: 0.0000
46. bwd_subflow_bytes              - Score: 0.0000
47. flow_iat.avg                   - Score: 0.0000
48. flow_iat.max                   - Score: 0.0000
49. active.min                     - Score: 0.0000
50. active.avg                     - Score: 0.0000
51. active.max                     - Score: 0.0000
52. active.tot                     - Score: 0.0000
53. flow_iat.tot                   - Score: 0.0000
54. bwd_pkts_per_sec               - Score: 0.0000
55. bwd_pkts_payload.tot           - Score: 0.0000
56. fwd_pkts_per_sec               - Score: 0.0000
57. fwd_iat.min                    - Score: 0.0000
58. flow_pkts_per_sec              - Score: 0.0000
59. fwd_bulk_rate                  - Score: 0.0000
60. id.orig_p                      - Score: 0.0000
61. fwd_bulk_bytes                 - Score: 0.0000
62. bwd_bulk_bytes                 - Score: 0.0000
63. bwd_init_window_size           - Score: 0.0000
64. bwd_iat.min                    - Score: 0.0000
65. bwd_bulk_rate                  - Score: 0.0000
66. payload_bytes_per_second       - Score: 0.0000
67. flow_iat.std                   - Score: 0.0000
68. fwd_iat.avg                    - Score: 0.0000
69. fwd_iat.std                    - Score: 0.0000
70. bwd_iat.avg                    - Score: 0.0000
71. fwd_iat.max                    - Score: 0.0000
72. fwd_iat.tot                    - Score: 0.0000
73. bwd_iat.std                    - Score: 0.0000
74. bwd_iat.max                    - Score: 0.0000
75. bwd_iat.tot                    - Score: 0.0000
76. active.std                     - Score: 0.0000
77. idle.std                       - Score: 0.0000
78. idle.min                       - Score: 0.0000
79. idle.avg                       - Score: 0.0000
80. idle.max                       - Score: 0.0000
81. idle.tot                       - Score: 0.0000
82. bwd_URG_flag_count             - Score: 0.0000
================================================================================

Features Ranked by Differentiation Strength:
================================================================================
 1. flow_duration                  - Score: 1.0000
 2. fwd_URG_flag_count             - Score: 0.0069
 3. down_up_ratio                  - Score: 0.0037
 4. flow_FIN_flag_count            - Score: 0.0026
 5. fwd_PSH_flag_count             - Score: 0.0026
 6. flow_RST_flag_count            - Score: 0.0024
 7. flow_SYN_flag_count            - Score: 0.0020
 8. fwd_data_pkts_tot              - Score: 0.0013
 9. fwd_pkts_payload.avg           - Score: 0.0005
10. bwd_subflow_pkts               - Score: 0.0005
11. fwd_header_size_min            - Score: 0.0004
12. fwd_header_size_max            - Score: 0.0004
13. bwd_pkts_tot                   - Score: 0.0003
14. fwd_pkts_payload.max           - Score: 0.0002
15. fwd_subflow_pkts               - Score: 0.0002
16. fwd_subflow_bytes              - Score: 0.0002
17. flow_pkts_payload.max          - Score: 0.0002
18. fwd_pkts_payload.tot           - Score: 0.0002
19. bwd_PSH_flag_count             - Score: 0.0002
20. fwd_pkts_payload.std           - Score: 0.0001
21. bwd_header_size_max            - Score: 0.0001
22. bwd_header_size_min            - Score: 0.0001
23. flow_pkts_payload.tot          - Score: 0.0001
24. flow_ACK_flag_count            - Score: 0.0001
25. fwd_pkts_tot                   - Score: 0.0001
26. fwd_pkts_payload.min           - Score: 0.0001
27. bwd_pkts_payload.std           - Score: 0.0001
28. flow_CWR_flag_count            - Score: 0.0001
29. flow_ECE_flag_count            - Score: 0.0001
30. bwd_data_pkts_tot              - Score: 0.0001
31. flow_pkts_payload.std          - Score: 0.0000
32. bwd_header_size_tot            - Score: 0.0000
33. fwd_last_window_size           - Score: 0.0000
34. fwd_init_window_size           - Score: 0.0000
35. flow_pkts_payload.avg          - Score: 0.0000
36. fwd_header_size_tot            - Score: 0.0000
37. bwd_pkts_payload.avg           - Score: 0.0000
38. flow_pkts_payload.min          - Score: 0.0000
39. fwd_bulk_packets               - Score: 0.0000
40. bwd_pkts_payload.max           - Score: 0.0000
41. bwd_bulk_packets               - Score: 0.0000
42. bwd_pkts_payload.min           - Score: 0.0000
43. id.resp_p                      - Score: 0.0000
44. flow_iat.min                   - Score: 0.0000
45. bwd_pkts_per_sec               - Score: 0.0000
46. Unnamed: 0                     - Score: 0.0000
47. bwd_subflow_bytes              - Score: 0.0000
48. flow_iat.avg                   - Score: 0.0000
49. flow_iat.max                   - Score: 0.0000
50. active.min                     - Score: 0.0000
51. active.avg                     - Score: 0.0000
52. active.max                     - Score: 0.0000
53. active.tot                     - Score: 0.0000
54. flow_iat.tot                   - Score: 0.0000
55. bwd_pkts_payload.tot           - Score: 0.0000
56. fwd_pkts_per_sec               - Score: 0.0000
57. fwd_iat.min                    - Score: 0.0000
58. flow_pkts_per_sec              - Score: 0.0000
59. fwd_bulk_rate                  - Score: 0.0000
60. bwd_init_window_size           - Score: 0.0000
61. fwd_iat.avg                    - Score: 0.0000
62. fwd_iat.max                    - Score: 0.0000
63. fwd_iat.tot                    - Score: 0.0000
64. fwd_bulk_bytes                 - Score: 0.0000
65. id.orig_p                      - Score: 0.0000
66. payload_bytes_per_second       - Score: 0.0000
67. bwd_iat.min                    - Score: 0.0000
68. bwd_bulk_bytes                 - Score: 0.0000
69. bwd_bulk_rate                  - Score: 0.0000
70. fwd_iat.std                    - Score: 0.0000
71. flow_iat.std                   - Score: 0.0000
72. bwd_iat.avg                    - Score: 0.0000
73. bwd_iat.std                    - Score: 0.0000
74. bwd_iat.max                    - Score: 0.0000
75. bwd_iat.tot                    - Score: 0.0000
76. active.std                     - Score: 0.0000
77. idle.std                       - Score: 0.0000
78. idle.min                       - Score: 0.0000
79. idle.avg                       - Score: 0.0000
80. idle.max                       - Score: 0.0000
81. idle.tot                       - Score: 0.0000
82. bwd_URG_flag_count             - Score: 0.0000
================================================================================

Features Ranked by Differentiation Strength:
================================================================================
 1. flow_duration                  - Score: 1.0000
 2. down_up_ratio                  - Score: 0.0018
 3. flow_SYN_flag_count            - Score: 0.0012
 4. flow_RST_flag_count            - Score: 0.0008
 5. fwd_PSH_flag_count             - Score: 0.0004
 6. fwd_data_pkts_tot              - Score: 0.0004
 7. fwd_header_size_min            - Score: 0.0003
 8. flow_FIN_flag_count            - Score: 0.0003
 9. bwd_subflow_pkts               - Score: 0.0002
10. bwd_pkts_tot                   - Score: 0.0002
11. fwd_pkts_payload.avg           - Score: 0.0001
12. fwd_header_size_max            - Score: 0.0001
13. fwd_subflow_pkts               - Score: 0.0001
14. fwd_URG_flag_count             - Score: 0.0001
15. bwd_PSH_flag_count             - Score: 0.0001
16. fwd_pkts_payload.std           - Score: 0.0001
17. bwd_header_size_max            - Score: 0.0001
18. bwd_header_size_min            - Score: 0.0001
19. fwd_pkts_tot                   - Score: 0.0001
20. fwd_subflow_bytes              - Score: 0.0001
21. fwd_init_window_size           - Score: 0.0000
22. fwd_pkts_payload.min           - Score: 0.0000
23. flow_ACK_flag_count            - Score: 0.0000
24. fwd_pkts_payload.max           - Score: 0.0000
25. bwd_pkts_payload.std           - Score: 0.0000
26. flow_CWR_flag_count            - Score: 0.0000
27. flow_ECE_flag_count            - Score: 0.0000
28. bwd_data_pkts_tot              - Score: 0.0000
29. fwd_pkts_payload.tot           - Score: 0.0000
30. flow_pkts_payload.max          - Score: 0.0000
31. flow_pkts_payload.tot          - Score: 0.0000
32. fwd_last_window_size           - Score: 0.0000
33. fwd_header_size_tot            - Score: 0.0000
34. flow_pkts_payload.avg          - Score: 0.0000
35. flow_pkts_payload.std          - Score: 0.0000
36. bwd_header_size_tot            - Score: 0.0000
37. bwd_pkts_payload.avg           - Score: 0.0000
38. flow_pkts_payload.min          - Score: 0.0000
39. fwd_bulk_packets               - Score: 0.0000
40. bwd_pkts_payload.max           - Score: 0.0000
41. bwd_bulk_packets               - Score: 0.0000
42. flow_iat.min                   - Score: 0.0000
43. bwd_pkts_payload.min           - Score: 0.0000
44. flow_iat.avg                   - Score: 0.0000
45. flow_iat.max                   - Score: 0.0000
46. active.min                     - Score: 0.0000
47. active.avg                     - Score: 0.0000
48. active.max                     - Score: 0.0000
49. active.tot                     - Score: 0.0000
50. flow_iat.tot                   - Score: 0.0000
51. Unnamed: 0                     - Score: 0.0000
52. bwd_pkts_per_sec               - Score: 0.0000
53. id.resp_p                      - Score: 0.0000
54. bwd_subflow_bytes              - Score: 0.0000
55. bwd_pkts_payload.tot           - Score: 0.0000
56. fwd_pkts_per_sec               - Score: 0.0000
57. flow_pkts_per_sec              - Score: 0.0000
58. fwd_bulk_rate                  - Score: 0.0000
59. bwd_init_window_size           - Score: 0.0000
60. fwd_bulk_bytes                 - Score: 0.0000
61. id.orig_p                      - Score: 0.0000
62. payload_bytes_per_second       - Score: 0.0000
63. bwd_bulk_bytes                 - Score: 0.0000
64. bwd_iat.min                    - Score: 0.0000
65. bwd_bulk_rate                  - Score: 0.0000
66. fwd_iat.min                    - Score: 0.0000
67. fwd_iat.std                    - Score: 0.0000
68. flow_iat.std                   - Score: 0.0000
69. fwd_iat.avg                    - Score: 0.0000
70. fwd_iat.max                    - Score: 0.0000
71. bwd_iat.std                    - Score: 0.0000
72. fwd_iat.tot                    - Score: 0.0000
73. bwd_iat.avg                    - Score: 0.0000
74. bwd_iat.max                    - Score: 0.0000
75. active.std                     - Score: 0.0000
76. bwd_iat.tot                    - Score: 0.0000
77. idle.std                       - Score: 0.0000
78. idle.min                       - Score: 0.0000
79. idle.avg                       - Score: 0.0000
80. idle.max                       - Score: 0.0000
81. idle.tot                       - Score: 0.0000
82. bwd_URG_flag_count             - Score: 0.0000
================================================================================

Features Ranked by Differentiation Strength:
================================================================================
 1. flow_duration                  - Score: 1.0000
 2. fwd_URG_flag_count             - Score: 0.8121
 3. flow_RST_flag_count            - Score: 0.4715
 4. down_up_ratio                  - Score: 0.4304
 5. flow_SYN_flag_count            - Score: 0.2021
 6. flow_FIN_flag_count            - Score: 0.1985
 7. fwd_PSH_flag_count             - Score: 0.1958
 8. fwd_data_pkts_tot              - Score: 0.1571
 9. fwd_pkts_payload.avg           - Score: 0.0555
10. bwd_subflow_pkts               - Score: 0.0543
11. bwd_pkts_tot                   - Score: 0.0361
12. fwd_header_size_min            - Score: 0.0357
13. fwd_header_size_max            - Score: 0.0311
14. fwd_subflow_pkts               - Score: 0.0264
15. bwd_PSH_flag_count             - Score: 0.0250
16. fwd_pkts_payload.max           - Score: 0.0211
17. fwd_subflow_bytes              - Score: 0.0185
18. flow_pkts_payload.max          - Score: 0.0173
19. bwd_data_pkts_tot              - Score: 0.0160
20. bwd_header_size_max            - Score: 0.0154
21. fwd_pkts_payload.tot           - Score: 0.0150
22. bwd_header_size_min            - Score: 0.0149
23. fwd_pkts_tot                   - Score: 0.0143
24. fwd_pkts_payload.std           - Score: 0.0142
25. flow_pkts_payload.tot          - Score: 0.0120
26. flow_ACK_flag_count            - Score: 0.0117
27. flow_CWR_flag_count            - Score: 0.0113
28. flow_ECE_flag_count            - Score: 0.0113
29. fwd_pkts_payload.min           - Score: 0.0099
30. bwd_pkts_payload.std           - Score: 0.0087
31. flow_pkts_payload.avg          - Score: 0.0033
32. flow_pkts_payload.std          - Score: 0.0031
33. bwd_header_size_tot            - Score: 0.0023
34. bwd_pkts_payload.avg           - Score: 0.0020
35. flow_pkts_payload.min          - Score: 0.0011
36. fwd_header_size_tot            - Score: 0.0010
37. fwd_bulk_packets               - Score: 0.0008
38. bwd_pkts_payload.max           - Score: 0.0007
39. bwd_bulk_packets               - Score: 0.0007
40. bwd_pkts_payload.min           - Score: 0.0005
41. id.resp_p                      - Score: 0.0004
42. Unnamed: 0                     - Score: 0.0004
43. bwd_pkts_per_sec               - Score: 0.0003
44. bwd_subflow_bytes              - Score: 0.0002
45. fwd_last_window_size           - Score: 0.0002
46. bwd_pkts_payload.tot           - Score: 0.0001
47. flow_iat.min                   - Score: 0.0001
48. fwd_pkts_per_sec               - Score: 0.0001
49. flow_pkts_per_sec              - Score: 0.0000
50. fwd_bulk_rate                  - Score: 0.0000
51. bwd_iat.min                    - Score: 0.0000
52. fwd_iat.min                    - Score: 0.0000
53. fwd_init_window_size           - Score: 0.0000
54. bwd_init_window_size           - Score: 0.0000
55. fwd_bulk_bytes                 - Score: 0.0000
56. id.orig_p                      - Score: 0.0000
57. flow_iat.avg                   - Score: 0.0000
58. bwd_bulk_bytes                 - Score: 0.0000
59. payload_bytes_per_second       - Score: 0.0000
60. bwd_bulk_rate                  - Score: 0.0000
61. flow_iat.max                   - Score: 0.0000
62. active.min                     - Score: 0.0000
63. active.avg                     - Score: 0.0000
64. active.max                     - Score: 0.0000
65. active.tot                     - Score: 0.0000
66. flow_iat.tot                   - Score: 0.0000
67. flow_iat.std                   - Score: 0.0000
68. bwd_iat.avg                    - Score: 0.0000
69. fwd_iat.avg                    - Score: 0.0000
70. fwd_iat.std                    - Score: 0.0000
71. fwd_iat.max                    - Score: 0.0000
72. bwd_iat.std                    - Score: 0.0000
73. fwd_iat.tot                    - Score: 0.0000
74. bwd_iat.max                    - Score: 0.0000
75. bwd_iat.tot                    - Score: 0.0000
76. active.std                     - Score: 0.0000
77. idle.std                       - Score: 0.0000
78. idle.min                       - Score: 0.0000
79. idle.avg                       - Score: 0.0000
80. idle.max                       - Score: 0.0000
81. idle.tot                       - Score: 0.0000
82. bwd_URG_flag_count             - Score: 0.0000
================================================================================

Features Ranked by Differentiation Strength:
================================================================================
 1. flow_duration                  - Score: 1.0000
 2. fwd_URG_flag_count             - Score: 0.0068
 3. down_up_ratio                  - Score: 0.0038
 4. fwd_PSH_flag_count             - Score: 0.0029
 5. flow_RST_flag_count            - Score: 0.0024
 6. flow_FIN_flag_count            - Score: 0.0022
 7. flow_SYN_flag_count            - Score: 0.0017
 8. fwd_data_pkts_tot              - Score: 0.0012
 9. bwd_subflow_pkts               - Score: 0.0007
10. flow_ACK_flag_count            - Score: 0.0006
11. bwd_pkts_tot                   - Score: 0.0005
12. fwd_subflow_pkts               - Score: 0.0002
13. fwd_header_size_min            - Score: 0.0002
14. bwd_header_size_max            - Score: 0.0002
15. bwd_header_size_min            - Score: 0.0002
16. fwd_pkts_payload.avg           - Score: 0.0002
17. fwd_header_size_max            - Score: 0.0002
18. fwd_pkts_payload.std           - Score: 0.0002
19. bwd_PSH_flag_count             - Score: 0.0002
20. fwd_pkts_tot                   - Score: 0.0001
21. bwd_data_pkts_tot              - Score: 0.0001
22. bwd_pkts_payload.std           - Score: 0.0001
23. flow_CWR_flag_count            - Score: 0.0001
24. flow_ECE_flag_count            - Score: 0.0001
25. fwd_pkts_payload.min           - Score: 0.0001
26. fwd_subflow_bytes              - Score: 0.0001
27. fwd_pkts_payload.max           - Score: 0.0001
28. bwd_header_size_tot            - Score: 0.0001
29. fwd_pkts_payload.tot           - Score: 0.0001
30. flow_pkts_payload.max          - Score: 0.0000
31. flow_pkts_payload.std          - Score: 0.0000
32. flow_pkts_payload.avg          - Score: 0.0000
33. flow_pkts_payload.tot          - Score: 0.0000
34. fwd_last_window_size           - Score: 0.0000
35. fwd_init_window_size           - Score: 0.0000
36. bwd_pkts_payload.avg           - Score: 0.0000
37. flow_pkts_payload.min          - Score: 0.0000
38. fwd_header_size_tot            - Score: 0.0000
39. fwd_bulk_packets               - Score: 0.0000
40. bwd_pkts_payload.max           - Score: 0.0000
41. bwd_bulk_packets               - Score: 0.0000
42. bwd_pkts_payload.min           - Score: 0.0000
43. id.resp_p                      - Score: 0.0000
44. Unnamed: 0                     - Score: 0.0000
45. bwd_pkts_per_sec               - Score: 0.0000
46. bwd_subflow_bytes              - Score: 0.0000
47. flow_iat.min                   - Score: 0.0000
48. flow_iat.avg                   - Score: 0.0000
49. active.min                     - Score: 0.0000
50. active.avg                     - Score: 0.0000
51. active.max                     - Score: 0.0000
52. flow_iat.max                   - Score: 0.0000
53. active.tot                     - Score: 0.0000
54. flow_iat.tot                   - Score: 0.0000
55. bwd_pkts_payload.tot           - Score: 0.0000
56. fwd_pkts_per_sec               - Score: 0.0000
57. flow_pkts_per_sec              - Score: 0.0000
58. fwd_bulk_rate                  - Score: 0.0000
59. bwd_init_window_size           - Score: 0.0000
60. fwd_iat.min                    - Score: 0.0000
61. fwd_iat.avg                    - Score: 0.0000
62. fwd_iat.max                    - Score: 0.0000
63. fwd_iat.tot                    - Score: 0.0000
64. fwd_bulk_bytes                 - Score: 0.0000
65. id.orig_p                      - Score: 0.0000
66. bwd_bulk_bytes                 - Score: 0.0000
67. bwd_iat.min                    - Score: 0.0000
68. payload_bytes_per_second       - Score: 0.0000
69. bwd_bulk_rate                  - Score: 0.0000
70. bwd_iat.std                    - Score: 0.0000
71. flow_iat.std                   - Score: 0.0000
72. bwd_iat.avg                    - Score: 0.0000
73. fwd_iat.std                    - Score: 0.0000
74. bwd_iat.max                    - Score: 0.0000
75. bwd_iat.tot                    - Score: 0.0000
76. active.std                     - Score: 0.0000
77. idle.std                       - Score: 0.0000
78. idle.min                       - Score: 0.0000
79. idle.avg                       - Score: 0.0000
80. idle.max                       - Score: 0.0000
81. idle.tot                       - Score: 0.0000
82. bwd_URG_flag_count             - Score: 0.0000
================================================================================

Features Ranked by Differentiation Strength:
================================================================================
 1. flow_duration                  - Score: 1.0000
 2. fwd_URG_flag_count             - Score: 0.0079
 3. flow_FIN_flag_count            - Score: 0.0030
 4. fwd_PSH_flag_count             - Score: 0.0028
 5. flow_RST_flag_count            - Score: 0.0028
 6. down_up_ratio                  - Score: 0.0027
 7. fwd_data_pkts_tot              - Score: 0.0020
 8. flow_SYN_flag_count            - Score: 0.0020
 9. fwd_pkts_payload.avg           - Score: 0.0006
10. fwd_header_size_max            - Score: 0.0005
11. fwd_header_size_min            - Score: 0.0004
12. bwd_subflow_pkts               - Score: 0.0003
13. fwd_pkts_payload.max           - Score: 0.0002
14. fwd_subflow_bytes              - Score: 0.0002
15. fwd_subflow_pkts               - Score: 0.0002
16. flow_pkts_payload.max          - Score: 0.0002
17. fwd_pkts_payload.tot           - Score: 0.0002
18. bwd_PSH_flag_count             - Score: 0.0002
19. fwd_pkts_payload.std           - Score: 0.0002
20. flow_pkts_payload.tot          - Score: 0.0002
21. bwd_pkts_tot                   - Score: 0.0001
22. fwd_pkts_tot                   - Score: 0.0001
23. bwd_data_pkts_tot              - Score: 0.0001
24. flow_ACK_flag_count            - Score: 0.0001
25. fwd_pkts_payload.min           - Score: 0.0001
26. bwd_header_size_max            - Score: 0.0001
27. flow_CWR_flag_count            - Score: 0.0001
28. flow_ECE_flag_count            - Score: 0.0001
29. bwd_pkts_payload.std           - Score: 0.0001
30. bwd_header_size_min            - Score: 0.0001
31. flow_pkts_payload.avg          - Score: 0.0000
32. flow_pkts_payload.std          - Score: 0.0000
33. fwd_last_window_size           - Score: 0.0000
34. fwd_init_window_size           - Score: 0.0000
35. bwd_pkts_payload.avg           - Score: 0.0000
36. fwd_header_size_tot            - Score: 0.0000
37. flow_pkts_payload.min          - Score: 0.0000
38. bwd_header_size_tot            - Score: 0.0000
39. fwd_bulk_packets               - Score: 0.0000
40. bwd_pkts_payload.max           - Score: 0.0000
41. bwd_bulk_packets               - Score: 0.0000
42. bwd_pkts_payload.min           - Score: 0.0000
43. id.resp_p                      - Score: 0.0000
44. Unnamed: 0                     - Score: 0.0000
45. flow_iat.min                   - Score: 0.0000
46. bwd_subflow_bytes              - Score: 0.0000
47. flow_iat.avg                   - Score: 0.0000
48. flow_iat.max                   - Score: 0.0000
49. active.min                     - Score: 0.0000
50. active.avg                     - Score: 0.0000
51. active.max                     - Score: 0.0000
52. active.tot                     - Score: 0.0000
53. flow_iat.tot                   - Score: 0.0000
54. bwd_pkts_per_sec               - Score: 0.0000
55. bwd_pkts_payload.tot           - Score: 0.0000
56. fwd_pkts_per_sec               - Score: 0.0000
57. flow_pkts_per_sec              - Score: 0.0000
58. fwd_iat.min                    - Score: 0.0000
59. bwd_init_window_size           - Score: 0.0000
60. bwd_iat.min                    - Score: 0.0000
61. id.orig_p                      - Score: 0.0000
62. fwd_bulk_bytes                 - Score: 0.0000
63. fwd_bulk_rate                  - Score: 0.0000
64. payload_bytes_per_second       - Score: 0.0000
65. bwd_bulk_bytes                 - Score: 0.0000
66. bwd_bulk_rate                  - Score: 0.0000
67. flow_iat.std                   - Score: 0.0000
68. fwd_iat.avg                    - Score: 0.0000
69. fwd_iat.std                    - Score: 0.0000
70. fwd_iat.max                    - Score: 0.0000
71. fwd_iat.tot                    - Score: 0.0000
72. bwd_iat.std                    - Score: 0.0000
73. bwd_iat.avg                    - Score: 0.0000
74. bwd_iat.max                    - Score: 0.0000
75. active.std                     - Score: 0.0000
76. bwd_iat.tot                    - Score: 0.0000
77. idle.std                       - Score: 0.0000
78. idle.min                       - Score: 0.0000
79. idle.avg                       - Score: 0.0000
80. idle.max                       - Score: 0.0000
81. idle.tot                       - Score: 0.0000
82. bwd_URG_flag_count             - Score: 0.0000
================================================================================

Features Ranked by Differentiation Strength:
================================================================================
 1. flow_duration                  - Score: 1.0000
 2. down_up_ratio                  - Score: 0.0037
 3. flow_RST_flag_count            - Score: 0.0026
 4. flow_SYN_flag_count            - Score: 0.0016
 5. fwd_data_pkts_tot              - Score: 0.0009
 6. fwd_PSH_flag_count             - Score: 0.0009
 7. flow_FIN_flag_count            - Score: 0.0006
 8. fwd_pkts_payload.avg           - Score: 0.0005
 9. bwd_subflow_pkts               - Score: 0.0005
10. fwd_header_size_min            - Score: 0.0004
11. fwd_header_size_max            - Score: 0.0003
12. bwd_pkts_tot                   - Score: 0.0003
13. fwd_subflow_pkts               - Score: 0.0002
14. bwd_PSH_flag_count             - Score: 0.0002
15. fwd_pkts_payload.max           - Score: 0.0002
16. fwd_subflow_bytes              - Score: 0.0002
17. flow_pkts_payload.max          - Score: 0.0002
18. bwd_header_size_max            - Score: 0.0001
19. bwd_header_size_min            - Score: 0.0001
20. fwd_pkts_payload.tot           - Score: 0.0001
21. fwd_pkts_payload.std           - Score: 0.0001
22. fwd_pkts_tot                   - Score: 0.0001
23. bwd_data_pkts_tot              - Score: 0.0001
24. flow_pkts_payload.tot          - Score: 0.0001
25. flow_ACK_flag_count            - Score: 0.0001
26. flow_CWR_flag_count            - Score: 0.0001
27. flow_ECE_flag_count            - Score: 0.0001
28. fwd_pkts_payload.min           - Score: 0.0001
29. bwd_pkts_payload.std           - Score: 0.0001
30. flow_pkts_payload.avg          - Score: 0.0000
31. flow_pkts_payload.std          - Score: 0.0000
32. fwd_last_window_size           - Score: 0.0000
33. fwd_init_window_size           - Score: 0.0000
34. bwd_header_size_tot            - Score: 0.0000
35. bwd_pkts_payload.avg           - Score: 0.0000
36. fwd_header_size_tot            - Score: 0.0000
37. flow_pkts_payload.min          - Score: 0.0000
38. fwd_bulk_packets               - Score: 0.0000
39. bwd_pkts_payload.max           - Score: 0.0000
40. bwd_bulk_packets               - Score: 0.0000
41. bwd_pkts_payload.min           - Score: 0.0000
42. id.resp_p                      - Score: 0.0000
43. Unnamed: 0                     - Score: 0.0000
44. flow_iat.min                   - Score: 0.0000
45. bwd_pkts_per_sec               - Score: 0.0000
46. bwd_subflow_bytes              - Score: 0.0000
47. flow_iat.avg                   - Score: 0.0000
48. flow_iat.max                   - Score: 0.0000
49. active.min                     - Score: 0.0000
50. active.avg                     - Score: 0.0000
51. active.max                     - Score: 0.0000
52. active.tot                     - Score: 0.0000
53. flow_iat.tot                   - Score: 0.0000
54. bwd_pkts_payload.tot           - Score: 0.0000
55. fwd_pkts_per_sec               - Score: 0.0000
56. flow_pkts_per_sec              - Score: 0.0000
57. fwd_iat.min                    - Score: 0.0000
58. fwd_bulk_rate                  - Score: 0.0000
59. bwd_init_window_size           - Score: 0.0000
60. id.orig_p                      - Score: 0.0000
61. fwd_bulk_bytes                 - Score: 0.0000
62. bwd_bulk_bytes                 - Score: 0.0000
63. payload_bytes_per_second       - Score: 0.0000
64. bwd_iat.min                    - Score: 0.0000
65. bwd_bulk_rate                  - Score: 0.0000
66. flow_iat.std                   - Score: 0.0000
67. fwd_iat.avg                    - Score: 0.0000
68. fwd_iat.std                    - Score: 0.0000
69. fwd_iat.max                    - Score: 0.0000
70. fwd_iat.tot                    - Score: 0.0000
71. bwd_iat.std                    - Score: 0.0000
72. bwd_iat.avg                    - Score: 0.0000
73. bwd_iat.max                    - Score: 0.0000
74. bwd_iat.tot                    - Score: 0.0000
75. active.std                     - Score: 0.0000
76. idle.std                       - Score: 0.0000
77. idle.min                       - Score: 0.0000
78. idle.avg                       - Score: 0.0000
79. idle.max                       - Score: 0.0000
80. idle.tot                       - Score: 0.0000
81. fwd_URG_flag_count             - Score: 0.0000
82. bwd_URG_flag_count             - Score: 0.0000
================================================================================

Features Ranked by Differentiation Strength:
================================================================================
 1. flow_duration                  - Score: 1.0000
 2. fwd_URG_flag_count             - Score: 0.0081
 3. down_up_ratio                  - Score: 0.0041
 4. fwd_PSH_flag_count             - Score: 0.0032
 5. flow_SYN_flag_count            - Score: 0.0029
 6. flow_RST_flag_count            - Score: 0.0026
 7. flow_FIN_flag_count            - Score: 0.0026
 8. fwd_data_pkts_tot              - Score: 0.0013
 9. bwd_subflow_pkts               - Score: 0.0009
10. bwd_pkts_tot                   - Score: 0.0007
11. fwd_header_size_min            - Score: 0.0005
12. flow_ACK_flag_count            - Score: 0.0005
13. fwd_subflow_pkts               - Score: 0.0003
14. bwd_header_size_max            - Score: 0.0003
15. fwd_pkts_payload.avg           - Score: 0.0003
16. bwd_header_size_min            - Score: 0.0002
17. fwd_header_size_max            - Score: 0.0002
18. bwd_PSH_flag_count             - Score: 0.0002
19. bwd_data_pkts_tot              - Score: 0.0002
20. fwd_pkts_payload.std           - Score: 0.0002
21. fwd_pkts_tot                   - Score: 0.0002
22. bwd_header_size_tot            - Score: 0.0001
23. fwd_subflow_bytes              - Score: 0.0001
24. fwd_pkts_payload.min           - Score: 0.0001
25. flow_CWR_flag_count            - Score: 0.0001
26. flow_ECE_flag_count            - Score: 0.0001
27. bwd_pkts_payload.std           - Score: 0.0001
28. fwd_pkts_payload.max           - Score: 0.0001
29. fwd_pkts_payload.tot           - Score: 0.0001
30. fwd_init_window_size           - Score: 0.0001
31. flow_pkts_payload.max          - Score: 0.0001
32. flow_pkts_payload.tot          - Score: 0.0000
33. flow_pkts_payload.avg          - Score: 0.0000
34. flow_pkts_payload.std          - Score: 0.0000
35. fwd_header_size_tot            - Score: 0.0000
36. fwd_last_window_size           - Score: 0.0000
37. bwd_pkts_payload.avg           - Score: 0.0000
38. flow_pkts_payload.min          - Score: 0.0000
39. fwd_bulk_packets               - Score: 0.0000
40. bwd_pkts_payload.max           - Score: 0.0000
41. id.resp_p                      - Score: 0.0000
42. bwd_pkts_payload.min           - Score: 0.0000
43. Unnamed: 0                     - Score: 0.0000
44. flow_iat.min                   - Score: 0.0000
45. bwd_bulk_packets               - Score: 0.0000
46. bwd_subflow_bytes              - Score: 0.0000
47. bwd_pkts_per_sec               - Score: 0.0000
48. flow_iat.avg                   - Score: 0.0000
49. flow_iat.max                   - Score: 0.0000
50. active.min                     - Score: 0.0000
51. active.avg                     - Score: 0.0000
52. active.max                     - Score: 0.0000
53. active.tot                     - Score: 0.0000
54. flow_iat.tot                   - Score: 0.0000
55. bwd_pkts_payload.tot           - Score: 0.0000
56. fwd_iat.min                    - Score: 0.0000
57. fwd_iat.avg                    - Score: 0.0000
58. fwd_iat.max                    - Score: 0.0000
59. fwd_iat.tot                    - Score: 0.0000
60. fwd_pkts_per_sec               - Score: 0.0000
61. flow_pkts_per_sec              - Score: 0.0000
62. fwd_bulk_rate                  - Score: 0.0000
63. bwd_init_window_size           - Score: 0.0000
64. bwd_iat.min                    - Score: 0.0000
65. fwd_bulk_bytes                 - Score: 0.0000
66. id.orig_p                      - Score: 0.0000
67. payload_bytes_per_second       - Score: 0.0000
68. bwd_bulk_rate                  - Score: 0.0000
69. bwd_bulk_bytes                 - Score: 0.0000
70. fwd_iat.std                    - Score: 0.0000
71. flow_iat.std                   - Score: 0.0000
72. bwd_iat.avg                    - Score: 0.0000
73. bwd_iat.max                    - Score: 0.0000
74. bwd_iat.tot                    - Score: 0.0000
75. bwd_iat.std                    - Score: 0.0000
76. active.std                     - Score: 0.0000
77. idle.std                       - Score: 0.0000
78. idle.min                       - Score: 0.0000
79. idle.avg                       - Score: 0.0000
80. idle.max                       - Score: 0.0000
81. idle.tot                       - Score: 0.0000
82. bwd_URG_flag_count             - Score: 0.0000
================================================================================

Features Ranked by Differentiation Strength:
================================================================================
 1. flow_duration                  - Score: 1.0000
 2. fwd_URG_flag_count             - Score: 0.0055
 3. down_up_ratio                  - Score: 0.0045
 4. flow_RST_flag_count            - Score: 0.0043
 5. flow_SYN_flag_count            - Score: 0.0023
 6. fwd_PSH_flag_count             - Score: 0.0022
 7. flow_FIN_flag_count            - Score: 0.0019
 8. fwd_data_pkts_tot              - Score: 0.0016
 9. bwd_subflow_pkts               - Score: 0.0006
10. fwd_pkts_payload.avg           - Score: 0.0006
11. fwd_header_size_min            - Score: 0.0005
12. bwd_pkts_tot                   - Score: 0.0005
13. fwd_header_size_max            - Score: 0.0004
14. bwd_PSH_flag_count             - Score: 0.0003
15. fwd_subflow_pkts               - Score: 0.0003
16. fwd_pkts_payload.max           - Score: 0.0002
17. bwd_data_pkts_tot              - Score: 0.0002
18. fwd_subflow_bytes              - Score: 0.0002
19. flow_pkts_payload.max          - Score: 0.0002
20. fwd_pkts_payload.tot           - Score: 0.0002
21. fwd_pkts_tot                   - Score: 0.0002
22. bwd_header_size_max            - Score: 0.0002
23. bwd_header_size_min            - Score: 0.0002
24. flow_pkts_payload.tot          - Score: 0.0002
25. fwd_pkts_payload.std           - Score: 0.0001
26. flow_ACK_flag_count            - Score: 0.0001
27. fwd_pkts_payload.min           - Score: 0.0001
28. bwd_pkts_payload.std           - Score: 0.0001
29. bwd_header_size_tot            - Score: 0.0000
30. flow_pkts_payload.avg          - Score: 0.0000
31. flow_pkts_payload.std          - Score: 0.0000
32. fwd_last_window_size           - Score: 0.0000
33. fwd_init_window_size           - Score: 0.0000
34. bwd_pkts_payload.avg           - Score: 0.0000
35. fwd_header_size_tot            - Score: 0.0000
36. flow_pkts_payload.min          - Score: 0.0000
37. flow_CWR_flag_count            - Score: 0.0000
38. flow_ECE_flag_count            - Score: 0.0000
39. bwd_pkts_payload.max           - Score: 0.0000
40. bwd_pkts_payload.min           - Score: 0.0000
41. id.resp_p                      - Score: 0.0000
42. fwd_bulk_packets               - Score: 0.0000
43. flow_iat.min                   - Score: 0.0000
44. bwd_bulk_packets               - Score: 0.0000
45. Unnamed: 0                     - Score: 0.0000
46. bwd_pkts_per_sec               - Score: 0.0000
47. bwd_subflow_bytes              - Score: 0.0000
48. bwd_iat.min                    - Score: 0.0000
49. flow_iat.avg                   - Score: 0.0000
50. flow_iat.max                   - Score: 0.0000
51. active.min                     - Score: 0.0000
52. active.avg                     - Score: 0.0000
53. active.max                     - Score: 0.0000
54. active.tot                     - Score: 0.0000
55. flow_iat.tot                   - Score: 0.0000
56. bwd_pkts_payload.tot           - Score: 0.0000
57. fwd_pkts_per_sec               - Score: 0.0000
58. fwd_iat.min                    - Score: 0.0000
59. flow_pkts_per_sec              - Score: 0.0000
60. fwd_bulk_rate                  - Score: 0.0000
61. bwd_init_window_size           - Score: 0.0000
62. id.orig_p                      - Score: 0.0000
63. payload_bytes_per_second       - Score: 0.0000
64. fwd_bulk_bytes                 - Score: 0.0000
65. bwd_bulk_bytes                 - Score: 0.0000
66. bwd_iat.avg                    - Score: 0.0000
67. fwd_iat.avg                    - Score: 0.0000
68. flow_iat.std                   - Score: 0.0000
69. fwd_iat.std                    - Score: 0.0000
70. fwd_iat.max                    - Score: 0.0000
71. bwd_iat.std                    - Score: 0.0000
72. fwd_iat.tot                    - Score: 0.0000
73. bwd_iat.max                    - Score: 0.0000
74. bwd_iat.tot                    - Score: 0.0000
75. active.std                     - Score: 0.0000
76. idle.std                       - Score: 0.0000
77. idle.min                       - Score: 0.0000
78. idle.avg                       - Score: 0.0000
79. idle.max                       - Score: 0.0000
80. bwd_bulk_rate                  - Score: 0.0000
81. idle.tot                       - Score: 0.0000
82. bwd_URG_flag_count             - Score: 0.0000
================================================================================
       0.700        0.947         0.670   +0.277

Features Ranked by Differentiation Strength:
================================================================================
 1. flow_duration                  - Score: 1.0000
 2. fwd_URG_flag_count             - Score: 0.0074
 3. down_up_ratio                  - Score: 0.0041
 4. fwd_PSH_flag_count             - Score: 0.0034
 5. flow_FIN_flag_count            - Score: 0.0030
 6. flow_RST_flag_count            - Score: 0.0030
 7. flow_SYN_flag_count            - Score: 0.0023
 8. fwd_data_pkts_tot              - Score: 0.0013
 9. flow_ACK_flag_count            - Score: 0.0007
10. bwd_subflow_pkts               - Score: 0.0006
11. fwd_pkts_payload.avg           - Score: 0.0005
12. bwd_pkts_tot                   - Score: 0.0005
13. fwd_header_size_min            - Score: 0.0004
14. fwd_header_size_max            - Score: 0.0004
15. fwd_subflow_pkts               - Score: 0.0003
16. fwd_pkts_payload.max           - Score: 0.0002
17. fwd_pkts_payload.std           - Score: 0.0002
18. bwd_header_size_max            - Score: 0.0002
19. bwd_PSH_flag_count             - Score: 0.0002
20. bwd_header_size_min            - Score: 0.0002
21. fwd_subflow_bytes              - Score: 0.0002
22. fwd_pkts_tot                   - Score: 0.0002
23. flow_pkts_payload.max          - Score: 0.0002
24. fwd_pkts_payload.tot           - Score: 0.0001
25. bwd_data_pkts_tot              - Score: 0.0001
26. flow_pkts_payload.tot          - Score: 0.0001
27. bwd_pkts_payload.std           - Score: 0.0001
28. fwd_pkts_payload.min           - Score: 0.0001
29. flow_ECE_flag_count            - Score: 0.0001
30. flow_CWR_flag_count            - Score: 0.0001
31. bwd_header_size_tot            - Score: 0.0001
32. flow_pkts_payload.std          - Score: 0.0000
33. flow_pkts_payload.avg          - Score: 0.0000
34. fwd_last_window_size           - Score: 0.0000
35. fwd_init_window_size           - Score: 0.0000
36. fwd_header_size_tot            - Score: 0.0000
37. bwd_pkts_payload.avg           - Score: 0.0000
38. flow_pkts_payload.min          - Score: 0.0000
39. bwd_pkts_payload.max           - Score: 0.0000
40. fwd_bulk_packets               - Score: 0.0000
41. bwd_bulk_packets               - Score: 0.0000
42. id.resp_p                      - Score: 0.0000
43. bwd_pkts_payload.min           - Score: 0.0000
44. Unnamed: 0                     - Score: 0.0000
45. flow_iat.min                   - Score: 0.0000
46. bwd_pkts_per_sec               - Score: 0.0000
47. bwd_subflow_bytes              - Score: 0.0000
48. flow_iat.avg                   - Score: 0.0000
49. flow_iat.max                   - Score: 0.0000
50. active.min                     - Score: 0.0000
51. active.avg                     - Score: 0.0000
52. active.max                     - Score: 0.0000
53. active.tot                     - Score: 0.0000
54. flow_iat.tot                   - Score: 0.0000
55. fwd_iat.min                    - Score: 0.0000
56. bwd_pkts_payload.tot           - Score: 0.0000
57. fwd_iat.avg                    - Score: 0.0000
58. fwd_iat.max                    - Score: 0.0000
59. fwd_iat.tot                    - Score: 0.0000
60. fwd_pkts_per_sec               - Score: 0.0000
61. flow_pkts_per_sec              - Score: 0.0000
62. bwd_init_window_size           - Score: 0.0000
63. fwd_bulk_rate                  - Score: 0.0000
64. fwd_bulk_bytes                 - Score: 0.0000
65. id.orig_p                      - Score: 0.0000
66. payload_bytes_per_second       - Score: 0.0000
67. bwd_bulk_bytes                 - Score: 0.0000
68. bwd_iat.min                    - Score: 0.0000
69. bwd_bulk_rate                  - Score: 0.0000
70. fwd_iat.std                    - Score: 0.0000
71. flow_iat.std                   - Score: 0.0000
72. bwd_iat.avg                    - Score: 0.0000
73. bwd_iat.max                    - Score: 0.0000
74. bwd_iat.tot                    - Score: 0.0000
75. bwd_iat.std                    - Score: 0.0000
76. active.std                     - Score: 0.0000
77. idle.std                       - Score: 0.0000
78. idle.min                       - Score: 0.0000
79. idle.avg                       - Score: 0.0000
80. idle.max                       - Score: 0.0000
81. idle.tot                       - Score: 0.0000
82. bwd_URG_flag_count             - Score: 0.0000
================================================================================

Features Ranked by Differentiation Strength:
================================================================================
 1. flow_duration                  - Score: 1.0000
 2. fwd_URG_flag_count             - Score: 0.0057
 3. down_up_ratio                  - Score: 0.0044
 4. flow_RST_flag_count            - Score: 0.0032
 5. fwd_PSH_flag_count             - Score: 0.0020
 6. flow_FIN_flag_count            - Score: 0.0020
 7. flow_SYN_flag_count            - Score: 0.0020
 8. fwd_data_pkts_tot              - Score: 0.0013
 9. fwd_pkts_payload.avg           - Score: 0.0006
10. bwd_subflow_pkts               - Score: 0.0005
11. fwd_header_size_max            - Score: 0.0004
12. fwd_header_size_min            - Score: 0.0004
13. bwd_pkts_tot                   - Score: 0.0004
14. fwd_pkts_payload.max           - Score: 0.0002
15. fwd_subflow_bytes              - Score: 0.0002
16. flow_pkts_payload.max          - Score: 0.0002
17. bwd_PSH_flag_count             - Score: 0.0002
18. fwd_pkts_payload.tot           - Score: 0.0002
19. fwd_subflow_pkts               - Score: 0.0002
20. bwd_header_size_max            - Score: 0.0002
21. bwd_header_size_min            - Score: 0.0002
22. flow_pkts_payload.tot          - Score: 0.0002
23. fwd_pkts_payload.std           - Score: 0.0001
24. flow_ACK_flag_count            - Score: 0.0001
25. bwd_data_pkts_tot              - Score: 0.0001
26. fwd_pkts_payload.min           - Score: 0.0001
27. flow_CWR_flag_count            - Score: 0.0001
28. bwd_pkts_payload.std           - Score: 0.0001
29. flow_ECE_flag_count            - Score: 0.0001
30. fwd_pkts_tot                   - Score: 0.0001
31. bwd_header_size_tot            - Score: 0.0000
32. flow_pkts_payload.avg          - Score: 0.0000
33. flow_pkts_payload.std          - Score: 0.0000
34. fwd_last_window_size           - Score: 0.0000
35. fwd_init_window_size           - Score: 0.0000
36. bwd_pkts_payload.avg           - Score: 0.0000
37. fwd_header_size_tot            - Score: 0.0000
38. flow_pkts_payload.min          - Score: 0.0000
39. bwd_pkts_payload.max           - Score: 0.0000
40. bwd_bulk_packets               - Score: 0.0000
41. fwd_bulk_packets               - Score: 0.0000
42. bwd_pkts_payload.min           - Score: 0.0000
43. id.resp_p                      - Score: 0.0000
44. Unnamed: 0                     - Score: 0.0000
45. flow_iat.min                   - Score: 0.0000
46. bwd_pkts_per_sec               - Score: 0.0000
47. bwd_subflow_bytes              - Score: 0.0000
48. flow_iat.avg                   - Score: 0.0000
49. flow_iat.max                   - Score: 0.0000
50. active.min                     - Score: 0.0000
51. active.avg                     - Score: 0.0000
52. active.max                     - Score: 0.0000
53. active.tot                     - Score: 0.0000
54. flow_iat.tot                   - Score: 0.0000
55. bwd_pkts_payload.tot           - Score: 0.0000
56. fwd_pkts_per_sec               - Score: 0.0000
57. flow_pkts_per_sec              - Score: 0.0000
58. fwd_iat.min                    - Score: 0.0000
59. bwd_init_window_size           - Score: 0.0000
60. fwd_bulk_rate                  - Score: 0.0000
61. id.orig_p                      - Score: 0.0000
62. fwd_bulk_bytes                 - Score: 0.0000
63. payload_bytes_per_second       - Score: 0.0000
64. bwd_bulk_bytes                 - Score: 0.0000
65. bwd_iat.min                    - Score: 0.0000
66. bwd_bulk_rate                  - Score: 0.0000
67. flow_iat.std                   - Score: 0.0000
68. fwd_iat.avg                    - Score: 0.0000
69. fwd_iat.std                    - Score: 0.0000
70. fwd_iat.max                    - Score: 0.0000
71. bwd_iat.avg                    - Score: 0.0000
72. fwd_iat.tot                    - Score: 0.0000
73. bwd_iat.std                    - Score: 0.0000
74. bwd_iat.max                    - Score: 0.0000
75. bwd_iat.tot                    - Score: 0.0000
76. active.std                     - Score: 0.0000
77. idle.std                       - Score: 0.0000
78. idle.min                       - Score: 0.0000
79. idle.avg                       - Score: 0.0000
80. idle.max                       - Score: 0.0000
81. idle.tot                       - Score: 0.0000
82. bwd_URG_flag_count             - Score: 0.0000
================================================================================

Features Ranked by Differentiation Strength:
================================================================================
 1. flow_duration                  - Score: 1.0000
 2. fwd_URG_flag_count             - Score: 0.0861
 3. down_up_ratio                  - Score: 0.0668
 4. flow_RST_flag_count            - Score: 0.0352
 5. flow_SYN_flag_count            - Score: 0.0350
 6. fwd_PSH_flag_count             - Score: 0.0329
 7. flow_FIN_flag_count            - Score: 0.0268
 8. bwd_subflow_pkts               - Score: 0.0164
 9. fwd_data_pkts_tot              - Score: 0.0143
10. bwd_pkts_tot                   - Score: 0.0127
11. flow_ACK_flag_count            - Score: 0.0052
12. fwd_header_size_min            - Score: 0.0050
13. bwd_header_size_min            - Score: 0.0041
14. fwd_subflow_pkts               - Score: 0.0040
15. bwd_header_size_max            - Score: 0.0040
16. bwd_PSH_flag_count             - Score: 0.0032
17. bwd_data_pkts_tot              - Score: 0.0029
18. fwd_header_size_max            - Score: 0.0027
19. fwd_pkts_tot                   - Score: 0.0022
20. bwd_header_size_tot            - Score: 0.0019
21. flow_CWR_flag_count            - Score: 0.0016
22. flow_ECE_flag_count            - Score: 0.0016
23. fwd_pkts_payload.avg           - Score: 0.0015
24. fwd_pkts_payload.std           - Score: 0.0012
25. flow_pkts_payload.avg          - Score: 0.0004
26. fwd_subflow_bytes              - Score: 0.0003
27. fwd_init_window_size           - Score: 0.0003
28. flow_pkts_payload.std          - Score: 0.0003
29. fwd_pkts_payload.max           - Score: 0.0003
30. bwd_pkts_payload.std           - Score: 0.0003
31. bwd_pkts_payload.avg           - Score: 0.0002
32. fwd_header_size_tot            - Score: 0.0002
33. fwd_pkts_payload.tot           - Score: 0.0002
34. fwd_pkts_payload.min           - Score: 0.0002
35. flow_pkts_payload.min          - Score: 0.0001
36. flow_pkts_payload.max          - Score: 0.0001
37. bwd_bulk_packets               - Score: 0.0001
38. bwd_pkts_payload.max           - Score: 0.0001
39. bwd_pkts_payload.min           - Score: 0.0001
40. Unnamed: 0                     - Score: 0.0000
41. bwd_pkts_per_sec               - Score: 0.0000
42. fwd_bulk_packets               - Score: 0.0000
43. bwd_subflow_bytes              - Score: 0.0000
44. id.resp_p                      - Score: 0.0000
45. flow_iat.min                   - Score: 0.0000
46. bwd_pkts_payload.tot           - Score: 0.0000
47. fwd_last_window_size           - Score: 0.0000
48. fwd_pkts_per_sec               - Score: 0.0000
49. flow_pkts_payload.tot          - Score: 0.0000
50. flow_pkts_per_sec              - Score: 0.0000
51. fwd_iat.min                    - Score: 0.0000
52. flow_iat.avg                   - Score: 0.0000
53. bwd_init_window_size           - Score: 0.0000
54. flow_iat.max                   - Score: 0.0000
55. fwd_bulk_rate                  - Score: 0.0000
56. active.min                     - Score: 0.0000
57. active.avg                     - Score: 0.0000
58. active.max                     - Score: 0.0000
59. active.tot                     - Score: 0.0000
60. flow_iat.tot                   - Score: 0.0000
61. id.orig_p                      - Score: 0.0000
62. bwd_iat.min                    - Score: 0.0000
63. payload_bytes_per_second       - Score: 0.0000
64. bwd_bulk_bytes                 - Score: 0.0000
65. fwd_bulk_bytes                 - Score: 0.0000
66. bwd_bulk_rate                  - Score: 0.0000
67. flow_iat.std                   - Score: 0.0000
68. fwd_iat.avg                    - Score: 0.0000
69. fwd_iat.std                    - Score: 0.0000
70. fwd_iat.max                    - Score: 0.0000
71. fwd_iat.tot                    - Score: 0.0000
72. bwd_iat.std                    - Score: 0.0000
73. bwd_iat.avg                    - Score: 0.0000
74. bwd_iat.max                    - Score: 0.0000
75. bwd_iat.tot                    - Score: 0.0000
76. active.std                     - Score: 0.0000
77. idle.std                       - Score: 0.0000
78. idle.min                       - Score: 0.0000
79. idle.avg                       - Score: 0.0000
80. idle.max                       - Score: 0.0000
81. idle.tot                       - Score: 0.0000
82. bwd_URG_flag_count             - Score: 0.0000
================================================================================

Features Ranked by Differentiation Strength:
================================================================================
 1. flow_duration                  - Score: 1.0000
 2. fwd_URG_flag_count             - Score: 0.0088
 3. flow_FIN_flag_count            - Score: 0.0032
 4. down_up_ratio                  - Score: 0.0025
 5. flow_RST_flag_count            - Score: 0.0023
 6. fwd_PSH_flag_count             - Score: 0.0022
 7. fwd_data_pkts_tot              - Score: 0.0012
 8. flow_SYN_flag_count            - Score: 0.0011
 9. bwd_subflow_pkts               - Score: 0.0005
10. bwd_pkts_tot                   - Score: 0.0003
11. fwd_pkts_payload.avg           - Score: 0.0003
12. fwd_header_size_max            - Score: 0.0002
13. fwd_header_size_min            - Score: 0.0002
14. fwd_subflow_pkts               - Score: 0.0002
15. fwd_pkts_payload.max           - Score: 0.0001
16. flow_pkts_payload.max          - Score: 0.0001
17. fwd_subflow_bytes              - Score: 0.0001
18. fwd_pkts_payload.tot           - Score: 0.0001
19. fwd_pkts_tot                   - Score: 0.0001
20. flow_ACK_flag_count            - Score: 0.0001
21. bwd_data_pkts_tot              - Score: 0.0001
22. flow_pkts_payload.tot          - Score: 0.0001
23. bwd_header_size_min            - Score: 0.0001
24. bwd_header_size_max            - Score: 0.0001
25. bwd_PSH_flag_count             - Score: 0.0001
26. flow_ECE_flag_count            - Score: 0.0001
27. flow_CWR_flag_count            - Score: 0.0001
28. fwd_pkts_payload.min           - Score: 0.0001
29. bwd_header_size_tot            - Score: 0.0000
30. flow_pkts_payload.avg          - Score: 0.0000
31. fwd_last_window_size           - Score: 0.0000
32. fwd_pkts_payload.std           - Score: 0.0000
33. fwd_init_window_size           - Score: 0.0000
34. flow_pkts_payload.std          - Score: 0.0000
35. fwd_header_size_tot            - Score: 0.0000
36. bwd_pkts_payload.avg           - Score: 0.0000
37. flow_pkts_payload.min          - Score: 0.0000
38. bwd_pkts_payload.std           - Score: 0.0000
39. bwd_bulk_packets               - Score: 0.0000
40. flow_iat.min                   - Score: 0.0000
41. bwd_pkts_payload.min           - Score: 0.0000
42. fwd_bulk_packets               - Score: 0.0000
43. bwd_pkts_payload.max           - Score: 0.0000
44. Unnamed: 0                     - Score: 0.0000
45. id.resp_p                      - Score: 0.0000
46. bwd_subflow_bytes              - Score: 0.0000
47. flow_iat.avg                   - Score: 0.0000
48. flow_iat.max                   - Score: 0.0000
49. active.min                     - Score: 0.0000
50. active.avg                     - Score: 0.0000
51. active.max                     - Score: 0.0000
52. active.tot                     - Score: 0.0000
53. flow_iat.tot                   - Score: 0.0000
54. bwd_pkts_per_sec               - Score: 0.0000
55. bwd_pkts_payload.tot           - Score: 0.0000
56. fwd_pkts_per_sec               - Score: 0.0000
57. fwd_iat.min                    - Score: 0.0000
58. flow_pkts_per_sec              - Score: 0.0000
59. fwd_bulk_rate                  - Score: 0.0000
60. id.orig_p                      - Score: 0.0000
61. fwd_bulk_bytes                 - Score: 0.0000
62. bwd_bulk_bytes                 - Score: 0.0000
63. bwd_init_window_size           - Score: 0.0000
64. bwd_iat.min                    - Score: 0.0000
65. bwd_bulk_rate                  - Score: 0.0000
66. payload_bytes_per_second       - Score: 0.0000
67. flow_iat.std                   - Score: 0.0000
68. fwd_iat.avg                    - Score: 0.0000
69. fwd_iat.std                    - Score: 0.0000
70. bwd_iat.avg                    - Score: 0.0000
71. fwd_iat.max                    - Score: 0.0000
72. fwd_iat.tot                    - Score: 0.0000
73. bwd_iat.std                    - Score: 0.0000
74. bwd_iat.max                    - Score: 0.0000
75. bwd_iat.tot                    - Score: 0.0000
76. active.std                     - Score: 0.0000
77. idle.std                       - Score: 0.0000
78. idle.min                       - Score: 0.0000
79. idle.avg                       - Score: 0.0000
80. idle.max                       - Score: 0.0000
81. idle.tot                       - Score: 0.0000
82. bwd_URG_flag_count             - Score: 0.0000
================================================================================

Features Ranked by Differentiation Strength:
================================================================================
 1. flow_duration                  - Score: 1.0000
 2. fwd_URG_flag_count             - Score: 0.0069
 3. down_up_ratio                  - Score: 0.0037
 4. flow_FIN_flag_count            - Score: 0.0026
 5. fwd_PSH_flag_count             - Score: 0.0026
 6. flow_RST_flag_count            - Score: 0.0024
 7. flow_SYN_flag_count            - Score: 0.0020
 8. fwd_data_pkts_tot              - Score: 0.0013
 9. fwd_pkts_payload.avg           - Score: 0.0005
10. bwd_subflow_pkts               - Score: 0.0005
11. fwd_header_size_min            - Score: 0.0004
12. fwd_header_size_max            - Score: 0.0004
13. bwd_pkts_tot                   - Score: 0.0003
14. fwd_pkts_payload.max           - Score: 0.0002
15. fwd_subflow_pkts               - Score: 0.0002
16. fwd_subflow_bytes              - Score: 0.0002
17. flow_pkts_payload.max          - Score: 0.0002
18. fwd_pkts_payload.tot           - Score: 0.0002
19. bwd_PSH_flag_count             - Score: 0.0002
20. fwd_pkts_payload.std           - Score: 0.0001
21. bwd_header_size_max            - Score: 0.0001
22. bwd_header_size_min            - Score: 0.0001
23. flow_pkts_payload.tot          - Score: 0.0001
24. flow_ACK_flag_count            - Score: 0.0001
25. fwd_pkts_tot                   - Score: 0.0001
26. fwd_pkts_payload.min           - Score: 0.0001
27. bwd_pkts_payload.std           - Score: 0.0001
28. flow_CWR_flag_count            - Score: 0.0001
29. flow_ECE_flag_count            - Score: 0.0001
30. bwd_data_pkts_tot              - Score: 0.0001
31. flow_pkts_payload.std          - Score: 0.0000
32. bwd_header_size_tot            - Score: 0.0000
33. fwd_last_window_size           - Score: 0.0000
34. fwd_init_window_size           - Score: 0.0000
35. flow_pkts_payload.avg          - Score: 0.0000
36. fwd_header_size_tot            - Score: 0.0000
37. bwd_pkts_payload.avg           - Score: 0.0000
38. flow_pkts_payload.min          - Score: 0.0000
39. fwd_bulk_packets               - Score: 0.0000
40. bwd_pkts_payload.max           - Score: 0.0000
41. bwd_bulk_packets               - Score: 0.0000
42. bwd_pkts_payload.min           - Score: 0.0000
43. id.resp_p                      - Score: 0.0000
44. flow_iat.min                   - Score: 0.0000
45. bwd_pkts_per_sec               - Score: 0.0000
46. Unnamed: 0                     - Score: 0.0000
47. bwd_subflow_bytes              - Score: 0.0000
48. flow_iat.avg                   - Score: 0.0000
49. flow_iat.max                   - Score: 0.0000
50. active.min                     - Score: 0.0000
51. active.avg                     - Score: 0.0000
52. active.max                     - Score: 0.0000
53. active.tot                     - Score: 0.0000
54. flow_iat.tot                   - Score: 0.0000
55. bwd_pkts_payload.tot           - Score: 0.0000
56. fwd_pkts_per_sec               - Score: 0.0000
57. fwd_iat.min                    - Score: 0.0000
58. flow_pkts_per_sec              - Score: 0.0000
59. fwd_bulk_rate                  - Score: 0.0000
60. bwd_init_window_size           - Score: 0.0000
61. fwd_iat.avg                    - Score: 0.0000
62. fwd_iat.max                    - Score: 0.0000
63. fwd_iat.tot                    - Score: 0.0000
64. fwd_bulk_bytes                 - Score: 0.0000
65. id.orig_p                      - Score: 0.0000
66. payload_bytes_per_second       - Score: 0.0000
67. bwd_iat.min                    - Score: 0.0000
68. bwd_bulk_bytes                 - Score: 0.0000
69. bwd_bulk_rate                  - Score: 0.0000
70. fwd_iat.std                    - Score: 0.0000
71. flow_iat.std                   - Score: 0.0000
72. bwd_iat.avg                    - Score: 0.0000
73. bwd_iat.std                    - Score: 0.0000
74. bwd_iat.max                    - Score: 0.0000
75. bwd_iat.tot                    - Score: 0.0000
76. active.std                     - Score: 0.0000
77. idle.std                       - Score: 0.0000
78. idle.min                       - Score: 0.0000
79. idle.avg                       - Score: 0.0000
80. idle.max                       - Score: 0.0000
81. idle.tot                       - Score: 0.0000
82. bwd_URG_flag_count             - Score: 0.0000
================================================================================

Features Ranked by Differentiation Strength:
================================================================================
 1. flow_duration                  - Score: 1.0000
 2. down_up_ratio                  - Score: 0.0018
 3. flow_SYN_flag_count            - Score: 0.0012
 4. flow_RST_flag_count            - Score: 0.0008
 5. fwd_PSH_flag_count             - Score: 0.0004
 6. fwd_data_pkts_tot              - Score: 0.0004
 7. fwd_header_size_min            - Score: 0.0003
 8. flow_FIN_flag_count            - Score: 0.0003
 9. bwd_subflow_pkts               - Score: 0.0002
10. bwd_pkts_tot                   - Score: 0.0002
11. fwd_pkts_payload.avg           - Score: 0.0001
12. fwd_header_size_max            - Score: 0.0001
13. fwd_subflow_pkts               - Score: 0.0001
14. fwd_URG_flag_count             - Score: 0.0001
15. bwd_PSH_flag_count             - Score: 0.0001
16. fwd_pkts_payload.std           - Score: 0.0001
17. bwd_header_size_max            - Score: 0.0001
18. bwd_header_size_min            - Score: 0.0001
19. fwd_pkts_tot                   - Score: 0.0001
20. fwd_subflow_bytes              - Score: 0.0001
21. fwd_init_window_size           - Score: 0.0000
22. fwd_pkts_payload.min           - Score: 0.0000
23. flow_ACK_flag_count            - Score: 0.0000
24. fwd_pkts_payload.max           - Score: 0.0000
25. bwd_pkts_payload.std           - Score: 0.0000
26. flow_CWR_flag_count            - Score: 0.0000
27. flow_ECE_flag_count            - Score: 0.0000
28. bwd_data_pkts_tot              - Score: 0.0000
29. fwd_pkts_payload.tot           - Score: 0.0000
30. flow_pkts_payload.max          - Score: 0.0000
31. flow_pkts_payload.tot          - Score: 0.0000
32. fwd_last_window_size           - Score: 0.0000
33. fwd_header_size_tot            - Score: 0.0000
34. flow_pkts_payload.avg          - Score: 0.0000
35. flow_pkts_payload.std          - Score: 0.0000
36. bwd_header_size_tot            - Score: 0.0000
37. bwd_pkts_payload.avg           - Score: 0.0000
38. flow_pkts_payload.min          - Score: 0.0000
39. fwd_bulk_packets               - Score: 0.0000
40. bwd_pkts_payload.max           - Score: 0.0000
41. bwd_bulk_packets               - Score: 0.0000
42. flow_iat.min                   - Score: 0.0000
43. bwd_pkts_payload.min           - Score: 0.0000
44. flow_iat.avg                   - Score: 0.0000
45. flow_iat.max                   - Score: 0.0000
46. active.min                     - Score: 0.0000
47. active.avg                     - Score: 0.0000
48. active.max                     - Score: 0.0000
49. active.tot                     - Score: 0.0000
50. flow_iat.tot                   - Score: 0.0000
51. Unnamed: 0                     - Score: 0.0000
52. bwd_pkts_per_sec               - Score: 0.0000
53. id.resp_p                      - Score: 0.0000
54. bwd_subflow_bytes              - Score: 0.0000
55. bwd_pkts_payload.tot           - Score: 0.0000
56. fwd_pkts_per_sec               - Score: 0.0000
57. flow_pkts_per_sec              - Score: 0.0000
58. fwd_bulk_rate                  - Score: 0.0000
59. bwd_init_window_size           - Score: 0.0000
60. fwd_bulk_bytes                 - Score: 0.0000
61. id.orig_p                      - Score: 0.0000
62. payload_bytes_per_second       - Score: 0.0000
63. bwd_bulk_bytes                 - Score: 0.0000
64. bwd_iat.min                    - Score: 0.0000
65. bwd_bulk_rate                  - Score: 0.0000
66. fwd_iat.min                    - Score: 0.0000
67. fwd_iat.std                    - Score: 0.0000
68. flow_iat.std                   - Score: 0.0000
69. fwd_iat.avg                    - Score: 0.0000
70. fwd_iat.max                    - Score: 0.0000
71. bwd_iat.std                    - Score: 0.0000
72. fwd_iat.tot                    - Score: 0.0000
73. bwd_iat.avg                    - Score: 0.0000
74. bwd_iat.max                    - Score: 0.0000
75. active.std                     - Score: 0.0000
76. bwd_iat.tot                    - Score: 0.0000
77. idle.std                       - Score: 0.0000
78. idle.min                       - Score: 0.0000
79. idle.avg                       - Score: 0.0000
80. idle.max                       - Score: 0.0000
81. idle.tot                       - Score: 0.0000
82. bwd_URG_flag_count             - Score: 0.0000
================================================================================

Features Ranked by Differentiation Strength:
================================================================================
 1. flow_duration                  - Score: 1.0000
 2. fwd_URG_flag_count             - Score: 0.8121
 3. flow_RST_flag_count            - Score: 0.4715
 4. down_up_ratio                  - Score: 0.4304
 5. flow_SYN_flag_count            - Score: 0.2021
 6. flow_FIN_flag_count            - Score: 0.1985
 7. fwd_PSH_flag_count             - Score: 0.1958
 8. fwd_data_pkts_tot              - Score: 0.1571
 9. fwd_pkts_payload.avg           - Score: 0.0555
10. bwd_subflow_pkts               - Score: 0.0543
11. bwd_pkts_tot                   - Score: 0.0361
12. fwd_header_size_min            - Score: 0.0357
13. fwd_header_size_max            - Score: 0.0311
14. fwd_subflow_pkts               - Score: 0.0264
15. bwd_PSH_flag_count             - Score: 0.0250
16. fwd_pkts_payload.max           - Score: 0.0211
17. fwd_subflow_bytes              - Score: 0.0185
18. flow_pkts_payload.max          - Score: 0.0173
19. bwd_data_pkts_tot              - Score: 0.0160
20. bwd_header_size_max            - Score: 0.0154
21. fwd_pkts_payload.tot           - Score: 0.0150
22. bwd_header_size_min            - Score: 0.0149
23. fwd_pkts_tot                   - Score: 0.0143
24. fwd_pkts_payload.std           - Score: 0.0142
25. flow_pkts_payload.tot          - Score: 0.0120
26. flow_ACK_flag_count            - Score: 0.0117
27. flow_CWR_flag_count            - Score: 0.0113
28. flow_ECE_flag_count            - Score: 0.0113
29. fwd_pkts_payload.min           - Score: 0.0099
30. bwd_pkts_payload.std           - Score: 0.0087
31. flow_pkts_payload.avg          - Score: 0.0033
32. flow_pkts_payload.std          - Score: 0.0031
33. bwd_header_size_tot            - Score: 0.0023
34. bwd_pkts_payload.avg           - Score: 0.0020
35. flow_pkts_payload.min          - Score: 0.0011
36. fwd_header_size_tot            - Score: 0.0010
37. fwd_bulk_packets               - Score: 0.0008
38. bwd_pkts_payload.max           - Score: 0.0007
39. bwd_bulk_packets               - Score: 0.0007
40. bwd_pkts_payload.min           - Score: 0.0005
41. id.resp_p                      - Score: 0.0004
42. Unnamed: 0                     - Score: 0.0004
43. bwd_pkts_per_sec               - Score: 0.0003
44. bwd_subflow_bytes              - Score: 0.0002
45. fwd_last_window_size           - Score: 0.0002
46. bwd_pkts_payload.tot           - Score: 0.0001
47. flow_iat.min                   - Score: 0.0001
48. fwd_pkts_per_sec               - Score: 0.0001
49. flow_pkts_per_sec              - Score: 0.0000
50. fwd_bulk_rate                  - Score: 0.0000
51. bwd_iat.min                    - Score: 0.0000
52. fwd_iat.min                    - Score: 0.0000
53. fwd_init_window_size           - Score: 0.0000
54. bwd_init_window_size           - Score: 0.0000
55. fwd_bulk_bytes                 - Score: 0.0000
56. id.orig_p                      - Score: 0.0000
57. flow_iat.avg                   - Score: 0.0000
58. bwd_bulk_bytes                 - Score: 0.0000
59. payload_bytes_per_second       - Score: 0.0000
60. bwd_bulk_rate                  - Score: 0.0000
61. flow_iat.max                   - Score: 0.0000
62. active.min                     - Score: 0.0000
63. active.avg                     - Score: 0.0000
64. active.max                     - Score: 0.0000
65. active.tot                     - Score: 0.0000
66. flow_iat.tot                   - Score: 0.0000
67. flow_iat.std                   - Score: 0.0000
68. bwd_iat.avg                    - Score: 0.0000
69. fwd_iat.avg                    - Score: 0.0000
70. fwd_iat.std                    - Score: 0.0000
71. fwd_iat.max                    - Score: 0.0000
72. bwd_iat.std                    - Score: 0.0000
73. fwd_iat.tot                    - Score: 0.0000
74. bwd_iat.max                    - Score: 0.0000
75. bwd_iat.tot                    - Score: 0.0000
76. active.std                     - Score: 0.0000
77. idle.std                       - Score: 0.0000
78. idle.min                       - Score: 0.0000
79. idle.avg                       - Score: 0.0000
80. idle.max                       - Score: 0.0000
81. idle.tot                       - Score: 0.0000
82. bwd_URG_flag_count             - Score: 0.0000
================================================================================

Features Ranked by Differentiation Strength:
================================================================================
 1. flow_duration                  - Score: 1.0000
 2. fwd_URG_flag_count             - Score: 0.0068
 3. down_up_ratio                  - Score: 0.0038
 4. fwd_PSH_flag_count             - Score: 0.0029
 5. flow_RST_flag_count            - Score: 0.0024
 6. flow_FIN_flag_count            - Score: 0.0022
 7. flow_SYN_flag_count            - Score: 0.0017
 8. fwd_data_pkts_tot              - Score: 0.0012
 9. bwd_subflow_pkts               - Score: 0.0007
10. flow_ACK_flag_count            - Score: 0.0006
11. bwd_pkts_tot                   - Score: 0.0005
12. fwd_subflow_pkts               - Score: 0.0002
13. fwd_header_size_min            - Score: 0.0002
14. bwd_header_size_max            - Score: 0.0002
15. bwd_header_size_min            - Score: 0.0002
16. fwd_pkts_payload.avg           - Score: 0.0002
17. fwd_header_size_max            - Score: 0.0002
18. fwd_pkts_payload.std           - Score: 0.0002
19. bwd_PSH_flag_count             - Score: 0.0002
20. fwd_pkts_tot                   - Score: 0.0001
21. bwd_data_pkts_tot              - Score: 0.0001
22. bwd_pkts_payload.std           - Score: 0.0001
23. flow_CWR_flag_count            - Score: 0.0001
24. flow_ECE_flag_count            - Score: 0.0001
25. fwd_pkts_payload.min           - Score: 0.0001
26. fwd_subflow_bytes              - Score: 0.0001
27. fwd_pkts_payload.max           - Score: 0.0001
28. bwd_header_size_tot            - Score: 0.0001
29. fwd_pkts_payload.tot           - Score: 0.0001
30. flow_pkts_payload.max          - Score: 0.0000
31. flow_pkts_payload.std          - Score: 0.0000
32. flow_pkts_payload.avg          - Score: 0.0000
33. flow_pkts_payload.tot          - Score: 0.0000
34. fwd_last_window_size           - Score: 0.0000
35. fwd_init_window_size           - Score: 0.0000
36. bwd_pkts_payload.avg           - Score: 0.0000
37. flow_pkts_payload.min          - Score: 0.0000
38. fwd_header_size_tot            - Score: 0.0000
39. fwd_bulk_packets               - Score: 0.0000
40. bwd_pkts_payload.max           - Score: 0.0000
41. bwd_bulk_packets               - Score: 0.0000
42. bwd_pkts_payload.min           - Score: 0.0000
43. id.resp_p                      - Score: 0.0000
44. Unnamed: 0                     - Score: 0.0000
45. bwd_pkts_per_sec               - Score: 0.0000
46. bwd_subflow_bytes              - Score: 0.0000
47. flow_iat.min                   - Score: 0.0000
48. flow_iat.avg                   - Score: 0.0000
49. active.min                     - Score: 0.0000
50. active.avg                     - Score: 0.0000
51. active.max                     - Score: 0.0000
52. flow_iat.max                   - Score: 0.0000
53. active.tot                     - Score: 0.0000
54. flow_iat.tot                   - Score: 0.0000
55. bwd_pkts_payload.tot           - Score: 0.0000
56. fwd_pkts_per_sec               - Score: 0.0000
57. flow_pkts_per_sec              - Score: 0.0000
58. fwd_bulk_rate                  - Score: 0.0000
59. bwd_init_window_size           - Score: 0.0000
60. fwd_iat.min                    - Score: 0.0000
61. fwd_iat.avg                    - Score: 0.0000
62. fwd_iat.max                    - Score: 0.0000
63. fwd_iat.tot                    - Score: 0.0000
64. fwd_bulk_bytes                 - Score: 0.0000
65. id.orig_p                      - Score: 0.0000
66. bwd_bulk_bytes                 - Score: 0.0000
67. bwd_iat.min                    - Score: 0.0000
68. payload_bytes_per_second       - Score: 0.0000
69. bwd_bulk_rate                  - Score: 0.0000
70. bwd_iat.std                    - Score: 0.0000
71. flow_iat.std                   - Score: 0.0000
72. bwd_iat.avg                    - Score: 0.0000
73. fwd_iat.std                    - Score: 0.0000
74. bwd_iat.max                    - Score: 0.0000
75. bwd_iat.tot                    - Score: 0.0000
76. active.std                     - Score: 0.0000
77. idle.std                       - Score: 0.0000
78. idle.min                       - Score: 0.0000
79. idle.avg                       - Score: 0.0000
80. idle.max                       - Score: 0.0000
81. idle.tot                       - Score: 0.0000
82. bwd_URG_flag_count             - Score: 0.0000
================================================================================

Features Ranked by Differentiation Strength:
================================================================================
 1. flow_duration                  - Score: 1.0000
 2. fwd_URG_flag_count             - Score: 0.0079
 3. flow_FIN_flag_count            - Score: 0.0030
 4. fwd_PSH_flag_count             - Score: 0.0028
 5. flow_RST_flag_count            - Score: 0.0028
 6. down_up_ratio                  - Score: 0.0027
 7. fwd_data_pkts_tot              - Score: 0.0020
 8. flow_SYN_flag_count            - Score: 0.0020
 9. fwd_pkts_payload.avg           - Score: 0.0006
10. fwd_header_size_max            - Score: 0.0005
11. fwd_header_size_min            - Score: 0.0004
12. bwd_subflow_pkts               - Score: 0.0003
13. fwd_pkts_payload.max           - Score: 0.0002
14. fwd_subflow_bytes              - Score: 0.0002
15. fwd_subflow_pkts               - Score: 0.0002
16. flow_pkts_payload.max          - Score: 0.0002
17. fwd_pkts_payload.tot           - Score: 0.0002
18. bwd_PSH_flag_count             - Score: 0.0002
19. fwd_pkts_payload.std           - Score: 0.0002
20. flow_pkts_payload.tot          - Score: 0.0002
21. bwd_pkts_tot                   - Score: 0.0001
22. fwd_pkts_tot                   - Score: 0.0001
23. bwd_data_pkts_tot              - Score: 0.0001
24. flow_ACK_flag_count            - Score: 0.0001
25. fwd_pkts_payload.min           - Score: 0.0001
26. bwd_header_size_max            - Score: 0.0001
27. flow_CWR_flag_count            - Score: 0.0001
28. flow_ECE_flag_count            - Score: 0.0001
29. bwd_pkts_payload.std           - Score: 0.0001
30. bwd_header_size_min            - Score: 0.0001
31. flow_pkts_payload.avg          - Score: 0.0000
32. flow_pkts_payload.std          - Score: 0.0000
33. fwd_last_window_size           - Score: 0.0000
34. fwd_init_window_size           - Score: 0.0000
35. bwd_pkts_payload.avg           - Score: 0.0000
36. fwd_header_size_tot            - Score: 0.0000
37. flow_pkts_payload.min          - Score: 0.0000
38. bwd_header_size_tot            - Score: 0.0000
39. fwd_bulk_packets               - Score: 0.0000
40. bwd_pkts_payload.max           - Score: 0.0000
41. bwd_bulk_packets               - Score: 0.0000
42. bwd_pkts_payload.min           - Score: 0.0000
43. id.resp_p                      - Score: 0.0000
44. Unnamed: 0                     - Score: 0.0000
45. flow_iat.min                   - Score: 0.0000
46. bwd_subflow_bytes              - Score: 0.0000
47. flow_iat.avg                   - Score: 0.0000
48. flow_iat.max                   - Score: 0.0000
49. active.min                     - Score: 0.0000
50. active.avg                     - Score: 0.0000
51. active.max                     - Score: 0.0000
52. active.tot                     - Score: 0.0000
53. flow_iat.tot                   - Score: 0.0000
54. bwd_pkts_per_sec               - Score: 0.0000
55. bwd_pkts_payload.tot           - Score: 0.0000
56. fwd_pkts_per_sec               - Score: 0.0000
57. flow_pkts_per_sec              - Score: 0.0000
58. fwd_iat.min                    - Score: 0.0000
59. bwd_init_window_size           - Score: 0.0000
60. bwd_iat.min                    - Score: 0.0000
61. id.orig_p                      - Score: 0.0000
62. fwd_bulk_bytes                 - Score: 0.0000
63. fwd_bulk_rate                  - Score: 0.0000
64. payload_bytes_per_second       - Score: 0.0000
65. bwd_bulk_bytes                 - Score: 0.0000
66. bwd_bulk_rate                  - Score: 0.0000
67. flow_iat.std                   - Score: 0.0000
68. fwd_iat.avg                    - Score: 0.0000
69. fwd_iat.std                    - Score: 0.0000
70. fwd_iat.max                    - Score: 0.0000
71. fwd_iat.tot                    - Score: 0.0000
72. bwd_iat.std                    - Score: 0.0000
73. bwd_iat.avg                    - Score: 0.0000
74. bwd_iat.max                    - Score: 0.0000
75. active.std                     - Score: 0.0000
76. bwd_iat.tot                    - Score: 0.0000
77. idle.std                       - Score: 0.0000
78. idle.min                       - Score: 0.0000
79. idle.avg                       - Score: 0.0000
80. idle.max                       - Score: 0.0000
81. idle.tot                       - Score: 0.0000
82. bwd_URG_flag_count             - Score: 0.0000
================================================================================

Features Ranked by Differentiation Strength:
================================================================================
 1. flow_duration                  - Score: 1.0000
 2. down_up_ratio                  - Score: 0.0037
 3. flow_RST_flag_count            - Score: 0.0026
 4. flow_SYN_flag_count            - Score: 0.0016
 5. fwd_data_pkts_tot              - Score: 0.0009
 6. fwd_PSH_flag_count             - Score: 0.0009
 7. flow_FIN_flag_count            - Score: 0.0006
 8. fwd_pkts_payload.avg           - Score: 0.0005
 9. bwd_subflow_pkts               - Score: 0.0005
10. fwd_header_size_min            - Score: 0.0004
11. fwd_header_size_max            - Score: 0.0003
12. bwd_pkts_tot                   - Score: 0.0003
13. fwd_subflow_pkts               - Score: 0.0002
14. bwd_PSH_flag_count             - Score: 0.0002
15. fwd_pkts_payload.max           - Score: 0.0002
16. fwd_subflow_bytes              - Score: 0.0002
17. flow_pkts_payload.max          - Score: 0.0002
18. bwd_header_size_max            - Score: 0.0001
19. bwd_header_size_min            - Score: 0.0001
20. fwd_pkts_payload.tot           - Score: 0.0001
21. fwd_pkts_payload.std           - Score: 0.0001
22. fwd_pkts_tot                   - Score: 0.0001
23. bwd_data_pkts_tot              - Score: 0.0001
24. flow_pkts_payload.tot          - Score: 0.0001
25. flow_ACK_flag_count            - Score: 0.0001
26. flow_CWR_flag_count            - Score: 0.0001
27. flow_ECE_flag_count            - Score: 0.0001
28. fwd_pkts_payload.min           - Score: 0.0001
29. bwd_pkts_payload.std           - Score: 0.0001
30. flow_pkts_payload.avg          - Score: 0.0000
31. flow_pkts_payload.std          - Score: 0.0000
32. fwd_last_window_size           - Score: 0.0000
33. fwd_init_window_size           - Score: 0.0000
34. bwd_header_size_tot            - Score: 0.0000
35. bwd_pkts_payload.avg           - Score: 0.0000
36. fwd_header_size_tot            - Score: 0.0000
37. flow_pkts_payload.min          - Score: 0.0000
38. fwd_bulk_packets               - Score: 0.0000
39. bwd_pkts_payload.max           - Score: 0.0000
40. bwd_bulk_packets               - Score: 0.0000
41. bwd_pkts_payload.min           - Score: 0.0000
42. id.resp_p                      - Score: 0.0000
43. Unnamed: 0                     - Score: 0.0000
44. flow_iat.min                   - Score: 0.0000
45. bwd_pkts_per_sec               - Score: 0.0000
46. bwd_subflow_bytes              - Score: 0.0000
47. flow_iat.avg                   - Score: 0.0000
48. flow_iat.max                   - Score: 0.0000
49. active.min                     - Score: 0.0000
50. active.avg                     - Score: 0.0000
51. active.max                     - Score: 0.0000
52. active.tot                     - Score: 0.0000
53. flow_iat.tot                   - Score: 0.0000
54. bwd_pkts_payload.tot           - Score: 0.0000
55. fwd_pkts_per_sec               - Score: 0.0000
56. flow_pkts_per_sec              - Score: 0.0000
57. fwd_iat.min                    - Score: 0.0000
58. fwd_bulk_rate                  - Score: 0.0000
59. bwd_init_window_size           - Score: 0.0000
60. id.orig_p                      - Score: 0.0000
61. fwd_bulk_bytes                 - Score: 0.0000
62. bwd_bulk_bytes                 - Score: 0.0000
63. payload_bytes_per_second       - Score: 0.0000
64. bwd_iat.min                    - Score: 0.0000
65. bwd_bulk_rate                  - Score: 0.0000
66. flow_iat.std                   - Score: 0.0000
67. fwd_iat.avg                    - Score: 0.0000
68. fwd_iat.std                    - Score: 0.0000
69. fwd_iat.max                    - Score: 0.0000
70. fwd_iat.tot                    - Score: 0.0000
71. bwd_iat.std                    - Score: 0.0000
72. bwd_iat.avg                    - Score: 0.0000
73. bwd_iat.max                    - Score: 0.0000
74. bwd_iat.tot                    - Score: 0.0000
75. active.std                     - Score: 0.0000
76. idle.std                       - Score: 0.0000
77. idle.min                       - Score: 0.0000
78. idle.avg                       - Score: 0.0000
79. idle.max                       - Score: 0.0000
80. idle.tot                       - Score: 0.0000
81. fwd_URG_flag_count             - Score: 0.0000
82. bwd_URG_flag_count             - Score: 0.0000
================================================================================

Features Ranked by Differentiation Strength:
================================================================================
 1. flow_duration                  - Score: 1.0000
 2. fwd_URG_flag_count             - Score: 0.0081
 3. down_up_ratio                  - Score: 0.0041
 4. fwd_PSH_flag_count             - Score: 0.0032
 5. flow_SYN_flag_count            - Score: 0.0029
 6. flow_RST_flag_count            - Score: 0.0026
 7. flow_FIN_flag_count            - Score: 0.0026
 8. fwd_data_pkts_tot              - Score: 0.0013
 9. bwd_subflow_pkts               - Score: 0.0009
10. bwd_pkts_tot                   - Score: 0.0007
11. fwd_header_size_min            - Score: 0.0005
12. flow_ACK_flag_count            - Score: 0.0005
13. fwd_subflow_pkts               - Score: 0.0003
14. bwd_header_size_max            - Score: 0.0003
15. fwd_pkts_payload.avg           - Score: 0.0003
16. bwd_header_size_min            - Score: 0.0002
17. fwd_header_size_max            - Score: 0.0002
18. bwd_PSH_flag_count             - Score: 0.0002
19. bwd_data_pkts_tot              - Score: 0.0002
20. fwd_pkts_payload.std           - Score: 0.0002
21. fwd_pkts_tot                   - Score: 0.0002
22. bwd_header_size_tot            - Score: 0.0001
23. fwd_subflow_bytes              - Score: 0.0001
24. fwd_pkts_payload.min           - Score: 0.0001
25. flow_CWR_flag_count            - Score: 0.0001
26. flow_ECE_flag_count            - Score: 0.0001
27. bwd_pkts_payload.std           - Score: 0.0001
28. fwd_pkts_payload.max           - Score: 0.0001
29. fwd_pkts_payload.tot           - Score: 0.0001
30. fwd_init_window_size           - Score: 0.0001
31. flow_pkts_payload.max          - Score: 0.0001
32. flow_pkts_payload.tot          - Score: 0.0000
33. flow_pkts_payload.avg          - Score: 0.0000
34. flow_pkts_payload.std          - Score: 0.0000
35. fwd_header_size_tot            - Score: 0.0000
36. fwd_last_window_size           - Score: 0.0000
37. bwd_pkts_payload.avg           - Score: 0.0000
38. flow_pkts_payload.min          - Score: 0.0000
39. fwd_bulk_packets               - Score: 0.0000
40. bwd_pkts_payload.max           - Score: 0.0000
41. id.resp_p                      - Score: 0.0000
42. bwd_pkts_payload.min           - Score: 0.0000
43. Unnamed: 0                     - Score: 0.0000
44. flow_iat.min                   - Score: 0.0000
45. bwd_bulk_packets               - Score: 0.0000
46. bwd_subflow_bytes              - Score: 0.0000
47. bwd_pkts_per_sec               - Score: 0.0000
48. flow_iat.avg                   - Score: 0.0000
49. flow_iat.max                   - Score: 0.0000
50. active.min                     - Score: 0.0000
51. active.avg                     - Score: 0.0000
52. active.max                     - Score: 0.0000
53. active.tot                     - Score: 0.0000
54. flow_iat.tot                   - Score: 0.0000
55. bwd_pkts_payload.tot           - Score: 0.0000
56. fwd_iat.min                    - Score: 0.0000
57. fwd_iat.avg                    - Score: 0.0000
58. fwd_iat.max                    - Score: 0.0000
59. fwd_iat.tot                    - Score: 0.0000
60. fwd_pkts_per_sec               - Score: 0.0000
61. flow_pkts_per_sec              - Score: 0.0000
62. fwd_bulk_rate                  - Score: 0.0000
63. bwd_init_window_size           - Score: 0.0000
64. bwd_iat.min                    - Score: 0.0000
65. fwd_bulk_bytes                 - Score: 0.0000
66. id.orig_p                      - Score: 0.0000
67. payload_bytes_per_second       - Score: 0.0000
68. bwd_bulk_rate                  - Score: 0.0000
69. bwd_bulk_bytes                 - Score: 0.0000
70. fwd_iat.std                    - Score: 0.0000
71. flow_iat.std                   - Score: 0.0000
72. bwd_iat.avg                    - Score: 0.0000
73. bwd_iat.max                    - Score: 0.0000
74. bwd_iat.tot                    - Score: 0.0000
75. bwd_iat.std                    - Score: 0.0000
76. active.std                     - Score: 0.0000
77. idle.std                       - Score: 0.0000
78. idle.min                       - Score: 0.0000
79. idle.avg                       - Score: 0.0000
80. idle.max                       - Score: 0.0000
81. idle.tot                       - Score: 0.0000
82. bwd_URG_flag_count             - Score: 0.0000
================================================================================

Features Ranked by Differentiation Strength:
================================================================================
 1. flow_duration                  - Score: 1.0000
 2. fwd_URG_flag_count             - Score: 0.0055
 3. down_up_ratio                  - Score: 0.0045
 4. flow_RST_flag_count            - Score: 0.0043
 5. flow_SYN_flag_count            - Score: 0.0023
 6. fwd_PSH_flag_count             - Score: 0.0022
 7. flow_FIN_flag_count            - Score: 0.0019
 8. fwd_data_pkts_tot              - Score: 0.0016
 9. bwd_subflow_pkts               - Score: 0.0006
10. fwd_pkts_payload.avg           - Score: 0.0006
11. fwd_header_size_min            - Score: 0.0005
12. bwd_pkts_tot                   - Score: 0.0005
13. fwd_header_size_max            - Score: 0.0004
14. bwd_PSH_flag_count             - Score: 0.0003
15. fwd_subflow_pkts               - Score: 0.0003
16. fwd_pkts_payload.max           - Score: 0.0002
17. bwd_data_pkts_tot              - Score: 0.0002
18. fwd_subflow_bytes              - Score: 0.0002
19. flow_pkts_payload.max          - Score: 0.0002
20. fwd_pkts_payload.tot           - Score: 0.0002
21. fwd_pkts_tot                   - Score: 0.0002
22. bwd_header_size_max            - Score: 0.0002
23. bwd_header_size_min            - Score: 0.0002
24. flow_pkts_payload.tot          - Score: 0.0002
25. fwd_pkts_payload.std           - Score: 0.0001
26. flow_ACK_flag_count            - Score: 0.0001
27. fwd_pkts_payload.min           - Score: 0.0001
28. bwd_pkts_payload.std           - Score: 0.0001
29. bwd_header_size_tot            - Score: 0.0000
30. flow_pkts_payload.avg          - Score: 0.0000
31. flow_pkts_payload.std          - Score: 0.0000
32. fwd_last_window_size           - Score: 0.0000
33. fwd_init_window_size           - Score: 0.0000
34. bwd_pkts_payload.avg           - Score: 0.0000
35. fwd_header_size_tot            - Score: 0.0000
36. flow_pkts_payload.min          - Score: 0.0000
37. flow_CWR_flag_count            - Score: 0.0000
38. flow_ECE_flag_count            - Score: 0.0000
39. bwd_pkts_payload.max           - Score: 0.0000
40. bwd_pkts_payload.min           - Score: 0.0000
41. id.resp_p                      - Score: 0.0000
42. fwd_bulk_packets               - Score: 0.0000
43. flow_iat.min                   - Score: 0.0000
44. bwd_bulk_packets               - Score: 0.0000
45. Unnamed: 0                     - Score: 0.0000
46. bwd_pkts_per_sec               - Score: 0.0000
47. bwd_subflow_bytes              - Score: 0.0000
48. bwd_iat.min                    - Score: 0.0000
49. flow_iat.avg                   - Score: 0.0000
50. flow_iat.max                   - Score: 0.0000
51. active.min                     - Score: 0.0000
52. active.avg                     - Score: 0.0000
53. active.max                     - Score: 0.0000
54. active.tot                     - Score: 0.0000
55. flow_iat.tot                   - Score: 0.0000
56. bwd_pkts_payload.tot           - Score: 0.0000
57. fwd_pkts_per_sec               - Score: 0.0000
58. fwd_iat.min                    - Score: 0.0000
59. flow_pkts_per_sec              - Score: 0.0000
60. fwd_bulk_rate                  - Score: 0.0000
61. bwd_init_window_size           - Score: 0.0000
62. id.orig_p                      - Score: 0.0000
63. payload_bytes_per_second       - Score: 0.0000
64. fwd_bulk_bytes                 - Score: 0.0000
65. bwd_bulk_bytes                 - Score: 0.0000
66. bwd_iat.avg                    - Score: 0.0000
67. fwd_iat.avg                    - Score: 0.0000
68. flow_iat.std                   - Score: 0.0000
69. fwd_iat.std                    - Score: 0.0000
70. fwd_iat.max                    - Score: 0.0000
71. bwd_iat.std                    - Score: 0.0000
72. fwd_iat.tot                    - Score: 0.0000
73. bwd_iat.max                    - Score: 0.0000
74. bwd_iat.tot                    - Score: 0.0000
75. active.std                     - Score: 0.0000
76. idle.std                       - Score: 0.0000
77. idle.min                       - Score: 0.0000
78. idle.avg                       - Score: 0.0000
79. idle.max                       - Score: 0.0000
80. bwd_bulk_rate                  - Score: 0.0000
81. idle.tot                       - Score: 0.0000
82. bwd_URG_flag_count             - Score: 0.0000
================================================================================
       0.800        0.923         0.603   +0.320

Features Ranked by Differentiation Strength:
================================================================================
 1. flow_duration                  - Score: 1.0000
 2. fwd_URG_flag_count             - Score: 0.0074
 3. down_up_ratio                  - Score: 0.0041
 4. fwd_PSH_flag_count             - Score: 0.0034
 5. flow_FIN_flag_count            - Score: 0.0030
 6. flow_RST_flag_count            - Score: 0.0030
 7. flow_SYN_flag_count            - Score: 0.0023
 8. fwd_data_pkts_tot              - Score: 0.0013
 9. flow_ACK_flag_count            - Score: 0.0007
10. bwd_subflow_pkts               - Score: 0.0006
11. fwd_pkts_payload.avg           - Score: 0.0005
12. bwd_pkts_tot                   - Score: 0.0005
13. fwd_header_size_min            - Score: 0.0004
14. fwd_header_size_max            - Score: 0.0004
15. fwd_subflow_pkts               - Score: 0.0003
16. fwd_pkts_payload.max           - Score: 0.0002
17. fwd_pkts_payload.std           - Score: 0.0002
18. bwd_header_size_max            - Score: 0.0002
19. bwd_PSH_flag_count             - Score: 0.0002
20. bwd_header_size_min            - Score: 0.0002
21. fwd_subflow_bytes              - Score: 0.0002
22. fwd_pkts_tot                   - Score: 0.0002
23. flow_pkts_payload.max          - Score: 0.0002
24. fwd_pkts_payload.tot           - Score: 0.0001
25. bwd_data_pkts_tot              - Score: 0.0001
26. flow_pkts_payload.tot          - Score: 0.0001
27. bwd_pkts_payload.std           - Score: 0.0001
28. fwd_pkts_payload.min           - Score: 0.0001
29. flow_ECE_flag_count            - Score: 0.0001
30. flow_CWR_flag_count            - Score: 0.0001
31. bwd_header_size_tot            - Score: 0.0001
32. flow_pkts_payload.std          - Score: 0.0000
33. flow_pkts_payload.avg          - Score: 0.0000
34. fwd_last_window_size           - Score: 0.0000
35. fwd_init_window_size           - Score: 0.0000
36. fwd_header_size_tot            - Score: 0.0000
37. bwd_pkts_payload.avg           - Score: 0.0000
38. flow_pkts_payload.min          - Score: 0.0000
39. bwd_pkts_payload.max           - Score: 0.0000
40. fwd_bulk_packets               - Score: 0.0000
41. bwd_bulk_packets               - Score: 0.0000
42. id.resp_p                      - Score: 0.0000
43. bwd_pkts_payload.min           - Score: 0.0000
44. Unnamed: 0                     - Score: 0.0000
45. flow_iat.min                   - Score: 0.0000
46. bwd_pkts_per_sec               - Score: 0.0000
47. bwd_subflow_bytes              - Score: 0.0000
48. flow_iat.avg                   - Score: 0.0000
49. flow_iat.max                   - Score: 0.0000
50. active.min                     - Score: 0.0000
51. active.avg                     - Score: 0.0000
52. active.max                     - Score: 0.0000
53. active.tot                     - Score: 0.0000
54. flow_iat.tot                   - Score: 0.0000
55. fwd_iat.min                    - Score: 0.0000
56. bwd_pkts_payload.tot           - Score: 0.0000
57. fwd_iat.avg                    - Score: 0.0000
58. fwd_iat.max                    - Score: 0.0000
59. fwd_iat.tot                    - Score: 0.0000
60. fwd_pkts_per_sec               - Score: 0.0000
61. flow_pkts_per_sec              - Score: 0.0000
62. bwd_init_window_size           - Score: 0.0000
63. fwd_bulk_rate                  - Score: 0.0000
64. fwd_bulk_bytes                 - Score: 0.0000
65. id.orig_p                      - Score: 0.0000
66. payload_bytes_per_second       - Score: 0.0000
67. bwd_bulk_bytes                 - Score: 0.0000
68. bwd_iat.min                    - Score: 0.0000
69. bwd_bulk_rate                  - Score: 0.0000
70. fwd_iat.std                    - Score: 0.0000
71. flow_iat.std                   - Score: 0.0000
72. bwd_iat.avg                    - Score: 0.0000
73. bwd_iat.max                    - Score: 0.0000
74. bwd_iat.tot                    - Score: 0.0000
75. bwd_iat.std                    - Score: 0.0000
76. active.std                     - Score: 0.0000
77. idle.std                       - Score: 0.0000
78. idle.min                       - Score: 0.0000
79. idle.avg                       - Score: 0.0000
80. idle.max                       - Score: 0.0000
81. idle.tot                       - Score: 0.0000
82. bwd_URG_flag_count             - Score: 0.0000
================================================================================

Features Ranked by Differentiation Strength:
================================================================================
 1. flow_duration                  - Score: 1.0000
 2. fwd_URG_flag_count             - Score: 0.0057
 3. down_up_ratio                  - Score: 0.0044
 4. flow_RST_flag_count            - Score: 0.0032
 5. fwd_PSH_flag_count             - Score: 0.0020
 6. flow_FIN_flag_count            - Score: 0.0020
 7. flow_SYN_flag_count            - Score: 0.0020
 8. fwd_data_pkts_tot              - Score: 0.0013
 9. fwd_pkts_payload.avg           - Score: 0.0006
10. bwd_subflow_pkts               - Score: 0.0005
11. fwd_header_size_max            - Score: 0.0004
12. fwd_header_size_min            - Score: 0.0004
13. bwd_pkts_tot                   - Score: 0.0004
14. fwd_pkts_payload.max           - Score: 0.0002
15. fwd_subflow_bytes              - Score: 0.0002
16. flow_pkts_payload.max          - Score: 0.0002
17. bwd_PSH_flag_count             - Score: 0.0002
18. fwd_pkts_payload.tot           - Score: 0.0002
19. fwd_subflow_pkts               - Score: 0.0002
20. bwd_header_size_max            - Score: 0.0002
21. bwd_header_size_min            - Score: 0.0002
22. flow_pkts_payload.tot          - Score: 0.0002
23. fwd_pkts_payload.std           - Score: 0.0001
24. flow_ACK_flag_count            - Score: 0.0001
25. bwd_data_pkts_tot              - Score: 0.0001
26. fwd_pkts_payload.min           - Score: 0.0001
27. flow_CWR_flag_count            - Score: 0.0001
28. bwd_pkts_payload.std           - Score: 0.0001
29. flow_ECE_flag_count            - Score: 0.0001
30. fwd_pkts_tot                   - Score: 0.0001
31. bwd_header_size_tot            - Score: 0.0000
32. flow_pkts_payload.avg          - Score: 0.0000
33. flow_pkts_payload.std          - Score: 0.0000
34. fwd_last_window_size           - Score: 0.0000
35. fwd_init_window_size           - Score: 0.0000
36. bwd_pkts_payload.avg           - Score: 0.0000
37. fwd_header_size_tot            - Score: 0.0000
38. flow_pkts_payload.min          - Score: 0.0000
39. bwd_pkts_payload.max           - Score: 0.0000
40. bwd_bulk_packets               - Score: 0.0000
41. fwd_bulk_packets               - Score: 0.0000
42. bwd_pkts_payload.min           - Score: 0.0000
43. id.resp_p                      - Score: 0.0000
44. Unnamed: 0                     - Score: 0.0000
45. flow_iat.min                   - Score: 0.0000
46. bwd_pkts_per_sec               - Score: 0.0000
47. bwd_subflow_bytes              - Score: 0.0000
48. flow_iat.avg                   - Score: 0.0000
49. flow_iat.max                   - Score: 0.0000
50. active.min                     - Score: 0.0000
51. active.avg                     - Score: 0.0000
52. active.max                     - Score: 0.0000
53. active.tot                     - Score: 0.0000
54. flow_iat.tot                   - Score: 0.0000
55. bwd_pkts_payload.tot           - Score: 0.0000
56. fwd_pkts_per_sec               - Score: 0.0000
57. flow_pkts_per_sec              - Score: 0.0000
58. fwd_iat.min                    - Score: 0.0000
59. bwd_init_window_size           - Score: 0.0000
60. fwd_bulk_rate                  - Score: 0.0000
61. id.orig_p                      - Score: 0.0000
62. fwd_bulk_bytes                 - Score: 0.0000
63. payload_bytes_per_second       - Score: 0.0000
64. bwd_bulk_bytes                 - Score: 0.0000
65. bwd_iat.min                    - Score: 0.0000
66. bwd_bulk_rate                  - Score: 0.0000
67. flow_iat.std                   - Score: 0.0000
68. fwd_iat.avg                    - Score: 0.0000
69. fwd_iat.std                    - Score: 0.0000
70. fwd_iat.max                    - Score: 0.0000
71. bwd_iat.avg                    - Score: 0.0000
72. fwd_iat.tot                    - Score: 0.0000
73. bwd_iat.std                    - Score: 0.0000
74. bwd_iat.max                    - Score: 0.0000
75. bwd_iat.tot                    - Score: 0.0000
76. active.std                     - Score: 0.0000
77. idle.std                       - Score: 0.0000
78. idle.min                       - Score: 0.0000
79. idle.avg                       - Score: 0.0000
80. idle.max                       - Score: 0.0000
81. idle.tot                       - Score: 0.0000
82. bwd_URG_flag_count             - Score: 0.0000
================================================================================

Features Ranked by Differentiation Strength:
================================================================================
 1. flow_duration                  - Score: 1.0000
 2. fwd_URG_flag_count             - Score: 0.0861
 3. down_up_ratio                  - Score: 0.0668
 4. flow_RST_flag_count            - Score: 0.0352
 5. flow_SYN_flag_count            - Score: 0.0350
 6. fwd_PSH_flag_count             - Score: 0.0329
 7. flow_FIN_flag_count            - Score: 0.0268
 8. bwd_subflow_pkts               - Score: 0.0164
 9. fwd_data_pkts_tot              - Score: 0.0143
10. bwd_pkts_tot                   - Score: 0.0127
11. flow_ACK_flag_count            - Score: 0.0052
12. fwd_header_size_min            - Score: 0.0050
13. bwd_header_size_min            - Score: 0.0041
14. fwd_subflow_pkts               - Score: 0.0040
15. bwd_header_size_max            - Score: 0.0040
16. bwd_PSH_flag_count             - Score: 0.0032
17. bwd_data_pkts_tot              - Score: 0.0029
18. fwd_header_size_max            - Score: 0.0027
19. fwd_pkts_tot                   - Score: 0.0022
20. bwd_header_size_tot            - Score: 0.0019
21. flow_CWR_flag_count            - Score: 0.0016
22. flow_ECE_flag_count            - Score: 0.0016
23. fwd_pkts_payload.avg           - Score: 0.0015
24. fwd_pkts_payload.std           - Score: 0.0012
25. flow_pkts_payload.avg          - Score: 0.0004
26. fwd_subflow_bytes              - Score: 0.0003
27. fwd_init_window_size           - Score: 0.0003
28. flow_pkts_payload.std          - Score: 0.0003
29. fwd_pkts_payload.max           - Score: 0.0003
30. bwd_pkts_payload.std           - Score: 0.0003
31. bwd_pkts_payload.avg           - Score: 0.0002
32. fwd_header_size_tot            - Score: 0.0002
33. fwd_pkts_payload.tot           - Score: 0.0002
34. fwd_pkts_payload.min           - Score: 0.0002
35. flow_pkts_payload.min          - Score: 0.0001
36. flow_pkts_payload.max          - Score: 0.0001
37. bwd_bulk_packets               - Score: 0.0001
38. bwd_pkts_payload.max           - Score: 0.0001
39. bwd_pkts_payload.min           - Score: 0.0001
40. Unnamed: 0                     - Score: 0.0000
41. bwd_pkts_per_sec               - Score: 0.0000
42. fwd_bulk_packets               - Score: 0.0000
43. bwd_subflow_bytes              - Score: 0.0000
44. id.resp_p                      - Score: 0.0000
45. flow_iat.min                   - Score: 0.0000
46. bwd_pkts_payload.tot           - Score: 0.0000
47. fwd_last_window_size           - Score: 0.0000
48. fwd_pkts_per_sec               - Score: 0.0000
49. flow_pkts_payload.tot          - Score: 0.0000
50. flow_pkts_per_sec              - Score: 0.0000
51. fwd_iat.min                    - Score: 0.0000
52. flow_iat.avg                   - Score: 0.0000
53. bwd_init_window_size           - Score: 0.0000
54. flow_iat.max                   - Score: 0.0000
55. fwd_bulk_rate                  - Score: 0.0000
56. active.min                     - Score: 0.0000
57. active.avg                     - Score: 0.0000
58. active.max                     - Score: 0.0000
59. active.tot                     - Score: 0.0000
60. flow_iat.tot                   - Score: 0.0000
61. id.orig_p                      - Score: 0.0000
62. bwd_iat.min                    - Score: 0.0000
63. payload_bytes_per_second       - Score: 0.0000
64. bwd_bulk_bytes                 - Score: 0.0000
65. fwd_bulk_bytes                 - Score: 0.0000
66. bwd_bulk_rate                  - Score: 0.0000
67. flow_iat.std                   - Score: 0.0000
68. fwd_iat.avg                    - Score: 0.0000
69. fwd_iat.std                    - Score: 0.0000
70. fwd_iat.max                    - Score: 0.0000
71. fwd_iat.tot                    - Score: 0.0000
72. bwd_iat.std                    - Score: 0.0000
73. bwd_iat.avg                    - Score: 0.0000
74. bwd_iat.max                    - Score: 0.0000
75. bwd_iat.tot                    - Score: 0.0000
76. active.std                     - Score: 0.0000
77. idle.std                       - Score: 0.0000
78. idle.min                       - Score: 0.0000
79. idle.avg                       - Score: 0.0000
80. idle.max                       - Score: 0.0000
81. idle.tot                       - Score: 0.0000
82. bwd_URG_flag_count             - Score: 0.0000
================================================================================

Features Ranked by Differentiation Strength:
================================================================================
 1. flow_duration                  - Score: 1.0000
 2. fwd_URG_flag_count             - Score: 0.0088
 3. flow_FIN_flag_count            - Score: 0.0032
 4. down_up_ratio                  - Score: 0.0025
 5. flow_RST_flag_count            - Score: 0.0023
 6. fwd_PSH_flag_count             - Score: 0.0022
 7. fwd_data_pkts_tot              - Score: 0.0012
 8. flow_SYN_flag_count            - Score: 0.0011
 9. bwd_subflow_pkts               - Score: 0.0005
10. bwd_pkts_tot                   - Score: 0.0003
11. fwd_pkts_payload.avg           - Score: 0.0003
12. fwd_header_size_max            - Score: 0.0002
13. fwd_header_size_min            - Score: 0.0002
14. fwd_subflow_pkts               - Score: 0.0002
15. fwd_pkts_payload.max           - Score: 0.0001
16. flow_pkts_payload.max          - Score: 0.0001
17. fwd_subflow_bytes              - Score: 0.0001
18. fwd_pkts_payload.tot           - Score: 0.0001
19. fwd_pkts_tot                   - Score: 0.0001
20. flow_ACK_flag_count            - Score: 0.0001
21. bwd_data_pkts_tot              - Score: 0.0001
22. flow_pkts_payload.tot          - Score: 0.0001
23. bwd_header_size_min            - Score: 0.0001
24. bwd_header_size_max            - Score: 0.0001
25. bwd_PSH_flag_count             - Score: 0.0001
26. flow_ECE_flag_count            - Score: 0.0001
27. flow_CWR_flag_count            - Score: 0.0001
28. fwd_pkts_payload.min           - Score: 0.0001
29. bwd_header_size_tot            - Score: 0.0000
30. flow_pkts_payload.avg          - Score: 0.0000
31. fwd_last_window_size           - Score: 0.0000
32. fwd_pkts_payload.std           - Score: 0.0000
33. fwd_init_window_size           - Score: 0.0000
34. flow_pkts_payload.std          - Score: 0.0000
35. fwd_header_size_tot            - Score: 0.0000
36. bwd_pkts_payload.avg           - Score: 0.0000
37. flow_pkts_payload.min          - Score: 0.0000
38. bwd_pkts_payload.std           - Score: 0.0000
39. bwd_bulk_packets               - Score: 0.0000
40. flow_iat.min                   - Score: 0.0000
41. bwd_pkts_payload.min           - Score: 0.0000
42. fwd_bulk_packets               - Score: 0.0000
43. bwd_pkts_payload.max           - Score: 0.0000
44. Unnamed: 0                     - Score: 0.0000
45. id.resp_p                      - Score: 0.0000
46. bwd_subflow_bytes              - Score: 0.0000
47. flow_iat.avg                   - Score: 0.0000
48. flow_iat.max                   - Score: 0.0000
49. active.min                     - Score: 0.0000
50. active.avg                     - Score: 0.0000
51. active.max                     - Score: 0.0000
52. active.tot                     - Score: 0.0000
53. flow_iat.tot                   - Score: 0.0000
54. bwd_pkts_per_sec               - Score: 0.0000
55. bwd_pkts_payload.tot           - Score: 0.0000
56. fwd_pkts_per_sec               - Score: 0.0000
57. fwd_iat.min                    - Score: 0.0000
58. flow_pkts_per_sec              - Score: 0.0000
59. fwd_bulk_rate                  - Score: 0.0000
60. id.orig_p                      - Score: 0.0000
61. fwd_bulk_bytes                 - Score: 0.0000
62. bwd_bulk_bytes                 - Score: 0.0000
63. bwd_init_window_size           - Score: 0.0000
64. bwd_iat.min                    - Score: 0.0000
65. bwd_bulk_rate                  - Score: 0.0000
66. payload_bytes_per_second       - Score: 0.0000
67. flow_iat.std                   - Score: 0.0000
68. fwd_iat.avg                    - Score: 0.0000
69. fwd_iat.std                    - Score: 0.0000
70. bwd_iat.avg                    - Score: 0.0000
71. fwd_iat.max                    - Score: 0.0000
72. fwd_iat.tot                    - Score: 0.0000
73. bwd_iat.std                    - Score: 0.0000
74. bwd_iat.max                    - Score: 0.0000
75. bwd_iat.tot                    - Score: 0.0000
76. active.std                     - Score: 0.0000
77. idle.std                       - Score: 0.0000
78. idle.min                       - Score: 0.0000
79. idle.avg                       - Score: 0.0000
80. idle.max                       - Score: 0.0000
81. idle.tot                       - Score: 0.0000
82. bwd_URG_flag_count             - Score: 0.0000
================================================================================

Features Ranked by Differentiation Strength:
================================================================================
 1. flow_duration                  - Score: 1.0000
 2. fwd_URG_flag_count             - Score: 0.0069
 3. down_up_ratio                  - Score: 0.0037
 4. flow_FIN_flag_count            - Score: 0.0026
 5. fwd_PSH_flag_count             - Score: 0.0026
 6. flow_RST_flag_count            - Score: 0.0024
 7. flow_SYN_flag_count            - Score: 0.0020
 8. fwd_data_pkts_tot              - Score: 0.0013
 9. fwd_pkts_payload.avg           - Score: 0.0005
10. bwd_subflow_pkts               - Score: 0.0005
11. fwd_header_size_min            - Score: 0.0004
12. fwd_header_size_max            - Score: 0.0004
13. bwd_pkts_tot                   - Score: 0.0003
14. fwd_pkts_payload.max           - Score: 0.0002
15. fwd_subflow_pkts               - Score: 0.0002
16. fwd_subflow_bytes              - Score: 0.0002
17. flow_pkts_payload.max          - Score: 0.0002
18. fwd_pkts_payload.tot           - Score: 0.0002
19. bwd_PSH_flag_count             - Score: 0.0002
20. fwd_pkts_payload.std           - Score: 0.0001
21. bwd_header_size_max            - Score: 0.0001
22. bwd_header_size_min            - Score: 0.0001
23. flow_pkts_payload.tot          - Score: 0.0001
24. flow_ACK_flag_count            - Score: 0.0001
25. fwd_pkts_tot                   - Score: 0.0001
26. fwd_pkts_payload.min           - Score: 0.0001
27. bwd_pkts_payload.std           - Score: 0.0001
28. flow_CWR_flag_count            - Score: 0.0001
29. flow_ECE_flag_count            - Score: 0.0001
30. bwd_data_pkts_tot              - Score: 0.0001
31. flow_pkts_payload.std          - Score: 0.0000
32. bwd_header_size_tot            - Score: 0.0000
33. fwd_last_window_size           - Score: 0.0000
34. fwd_init_window_size           - Score: 0.0000
35. flow_pkts_payload.avg          - Score: 0.0000
36. fwd_header_size_tot            - Score: 0.0000
37. bwd_pkts_payload.avg           - Score: 0.0000
38. flow_pkts_payload.min          - Score: 0.0000
39. fwd_bulk_packets               - Score: 0.0000
40. bwd_pkts_payload.max           - Score: 0.0000
41. bwd_bulk_packets               - Score: 0.0000
42. bwd_pkts_payload.min           - Score: 0.0000
43. id.resp_p                      - Score: 0.0000
44. flow_iat.min                   - Score: 0.0000
45. bwd_pkts_per_sec               - Score: 0.0000
46. Unnamed: 0                     - Score: 0.0000
47. bwd_subflow_bytes              - Score: 0.0000
48. flow_iat.avg                   - Score: 0.0000
49. flow_iat.max                   - Score: 0.0000
50. active.min                     - Score: 0.0000
51. active.avg                     - Score: 0.0000
52. active.max                     - Score: 0.0000
53. active.tot                     - Score: 0.0000
54. flow_iat.tot                   - Score: 0.0000
55. bwd_pkts_payload.tot           - Score: 0.0000
56. fwd_pkts_per_sec               - Score: 0.0000
57. fwd_iat.min                    - Score: 0.0000
58. flow_pkts_per_sec              - Score: 0.0000
59. fwd_bulk_rate                  - Score: 0.0000
60. bwd_init_window_size           - Score: 0.0000
61. fwd_iat.avg                    - Score: 0.0000
62. fwd_iat.max                    - Score: 0.0000
63. fwd_iat.tot                    - Score: 0.0000
64. fwd_bulk_bytes                 - Score: 0.0000
65. id.orig_p                      - Score: 0.0000
66. payload_bytes_per_second       - Score: 0.0000
67. bwd_iat.min                    - Score: 0.0000
68. bwd_bulk_bytes                 - Score: 0.0000
69. bwd_bulk_rate                  - Score: 0.0000
70. fwd_iat.std                    - Score: 0.0000
71. flow_iat.std                   - Score: 0.0000
72. bwd_iat.avg                    - Score: 0.0000
73. bwd_iat.std                    - Score: 0.0000
74. bwd_iat.max                    - Score: 0.0000
75. bwd_iat.tot                    - Score: 0.0000
76. active.std                     - Score: 0.0000
77. idle.std                       - Score: 0.0000
78. idle.min                       - Score: 0.0000
79. idle.avg                       - Score: 0.0000
80. idle.max                       - Score: 0.0000
81. idle.tot                       - Score: 0.0000
82. bwd_URG_flag_count             - Score: 0.0000
================================================================================

Features Ranked by Differentiation Strength:
================================================================================
 1. flow_duration                  - Score: 1.0000
 2. down_up_ratio                  - Score: 0.0018
 3. flow_SYN_flag_count            - Score: 0.0012
 4. flow_RST_flag_count            - Score: 0.0008
 5. fwd_PSH_flag_count             - Score: 0.0004
 6. fwd_data_pkts_tot              - Score: 0.0004
 7. fwd_header_size_min            - Score: 0.0003
 8. flow_FIN_flag_count            - Score: 0.0003
 9. bwd_subflow_pkts               - Score: 0.0002
10. bwd_pkts_tot                   - Score: 0.0002
11. fwd_pkts_payload.avg           - Score: 0.0001
12. fwd_header_size_max            - Score: 0.0001
13. fwd_subflow_pkts               - Score: 0.0001
14. fwd_URG_flag_count             - Score: 0.0001
15. bwd_PSH_flag_count             - Score: 0.0001
16. fwd_pkts_payload.std           - Score: 0.0001
17. bwd_header_size_max            - Score: 0.0001
18. bwd_header_size_min            - Score: 0.0001
19. fwd_pkts_tot                   - Score: 0.0001
20. fwd_subflow_bytes              - Score: 0.0001
21. fwd_init_window_size           - Score: 0.0000
22. fwd_pkts_payload.min           - Score: 0.0000
23. flow_ACK_flag_count            - Score: 0.0000
24. fwd_pkts_payload.max           - Score: 0.0000
25. bwd_pkts_payload.std           - Score: 0.0000
26. flow_CWR_flag_count            - Score: 0.0000
27. flow_ECE_flag_count            - Score: 0.0000
28. bwd_data_pkts_tot              - Score: 0.0000
29. fwd_pkts_payload.tot           - Score: 0.0000
30. flow_pkts_payload.max          - Score: 0.0000
31. flow_pkts_payload.tot          - Score: 0.0000
32. fwd_last_window_size           - Score: 0.0000
33. fwd_header_size_tot            - Score: 0.0000
34. flow_pkts_payload.avg          - Score: 0.0000
35. flow_pkts_payload.std          - Score: 0.0000
36. bwd_header_size_tot            - Score: 0.0000
37. bwd_pkts_payload.avg           - Score: 0.0000
38. flow_pkts_payload.min          - Score: 0.0000
39. fwd_bulk_packets               - Score: 0.0000
40. bwd_pkts_payload.max           - Score: 0.0000
41. bwd_bulk_packets               - Score: 0.0000
42. flow_iat.min                   - Score: 0.0000
43. bwd_pkts_payload.min           - Score: 0.0000
44. flow_iat.avg                   - Score: 0.0000
45. flow_iat.max                   - Score: 0.0000
46. active.min                     - Score: 0.0000
47. active.avg                     - Score: 0.0000
48. active.max                     - Score: 0.0000
49. active.tot                     - Score: 0.0000
50. flow_iat.tot                   - Score: 0.0000
51. Unnamed: 0                     - Score: 0.0000
52. bwd_pkts_per_sec               - Score: 0.0000
53. id.resp_p                      - Score: 0.0000
54. bwd_subflow_bytes              - Score: 0.0000
55. bwd_pkts_payload.tot           - Score: 0.0000
56. fwd_pkts_per_sec               - Score: 0.0000
57. flow_pkts_per_sec              - Score: 0.0000
58. fwd_bulk_rate                  - Score: 0.0000
59. bwd_init_window_size           - Score: 0.0000
60. fwd_bulk_bytes                 - Score: 0.0000
61. id.orig_p                      - Score: 0.0000
62. payload_bytes_per_second       - Score: 0.0000
63. bwd_bulk_bytes                 - Score: 0.0000
64. bwd_iat.min                    - Score: 0.0000
65. bwd_bulk_rate                  - Score: 0.0000
66. fwd_iat.min                    - Score: 0.0000
67. fwd_iat.std                    - Score: 0.0000
68. flow_iat.std                   - Score: 0.0000
69. fwd_iat.avg                    - Score: 0.0000
70. fwd_iat.max                    - Score: 0.0000
71. bwd_iat.std                    - Score: 0.0000
72. fwd_iat.tot                    - Score: 0.0000
73. bwd_iat.avg                    - Score: 0.0000
74. bwd_iat.max                    - Score: 0.0000
75. active.std                     - Score: 0.0000
76. bwd_iat.tot                    - Score: 0.0000
77. idle.std                       - Score: 0.0000
78. idle.min                       - Score: 0.0000
79. idle.avg                       - Score: 0.0000
80. idle.max                       - Score: 0.0000
81. idle.tot                       - Score: 0.0000
82. bwd_URG_flag_count             - Score: 0.0000
================================================================================

Features Ranked by Differentiation Strength:
================================================================================
 1. flow_duration                  - Score: 1.0000
 2. fwd_URG_flag_count             - Score: 0.8121
 3. flow_RST_flag_count            - Score: 0.4715
 4. down_up_ratio                  - Score: 0.4304
 5. flow_SYN_flag_count            - Score: 0.2021
 6. flow_FIN_flag_count            - Score: 0.1985
 7. fwd_PSH_flag_count             - Score: 0.1958
 8. fwd_data_pkts_tot              - Score: 0.1571
 9. fwd_pkts_payload.avg           - Score: 0.0555
10. bwd_subflow_pkts               - Score: 0.0543
11. bwd_pkts_tot                   - Score: 0.0361
12. fwd_header_size_min            - Score: 0.0357
13. fwd_header_size_max            - Score: 0.0311
14. fwd_subflow_pkts               - Score: 0.0264
15. bwd_PSH_flag_count             - Score: 0.0250
16. fwd_pkts_payload.max           - Score: 0.0211
17. fwd_subflow_bytes              - Score: 0.0185
18. flow_pkts_payload.max          - Score: 0.0173
19. bwd_data_pkts_tot              - Score: 0.0160
20. bwd_header_size_max            - Score: 0.0154
21. fwd_pkts_payload.tot           - Score: 0.0150
22. bwd_header_size_min            - Score: 0.0149
23. fwd_pkts_tot                   - Score: 0.0143
24. fwd_pkts_payload.std           - Score: 0.0142
25. flow_pkts_payload.tot          - Score: 0.0120
26. flow_ACK_flag_count            - Score: 0.0117
27. flow_CWR_flag_count            - Score: 0.0113
28. flow_ECE_flag_count            - Score: 0.0113
29. fwd_pkts_payload.min           - Score: 0.0099
30. bwd_pkts_payload.std           - Score: 0.0087
31. flow_pkts_payload.avg          - Score: 0.0033
32. flow_pkts_payload.std          - Score: 0.0031
33. bwd_header_size_tot            - Score: 0.0023
34. bwd_pkts_payload.avg           - Score: 0.0020
35. flow_pkts_payload.min          - Score: 0.0011
36. fwd_header_size_tot            - Score: 0.0010
37. fwd_bulk_packets               - Score: 0.0008
38. bwd_pkts_payload.max           - Score: 0.0007
39. bwd_bulk_packets               - Score: 0.0007
40. bwd_pkts_payload.min           - Score: 0.0005
41. id.resp_p                      - Score: 0.0004
42. Unnamed: 0                     - Score: 0.0004
43. bwd_pkts_per_sec               - Score: 0.0003
44. bwd_subflow_bytes              - Score: 0.0002
45. fwd_last_window_size           - Score: 0.0002
46. bwd_pkts_payload.tot           - Score: 0.0001
47. flow_iat.min                   - Score: 0.0001
48. fwd_pkts_per_sec               - Score: 0.0001
49. flow_pkts_per_sec              - Score: 0.0000
50. fwd_bulk_rate                  - Score: 0.0000
51. bwd_iat.min                    - Score: 0.0000
52. fwd_iat.min                    - Score: 0.0000
53. fwd_init_window_size           - Score: 0.0000
54. bwd_init_window_size           - Score: 0.0000
55. fwd_bulk_bytes                 - Score: 0.0000
56. id.orig_p                      - Score: 0.0000
57. flow_iat.avg                   - Score: 0.0000
58. bwd_bulk_bytes                 - Score: 0.0000
59. payload_bytes_per_second       - Score: 0.0000
60. bwd_bulk_rate                  - Score: 0.0000
61. flow_iat.max                   - Score: 0.0000
62. active.min                     - Score: 0.0000
63. active.avg                     - Score: 0.0000
64. active.max                     - Score: 0.0000
65. active.tot                     - Score: 0.0000
66. flow_iat.tot                   - Score: 0.0000
67. flow_iat.std                   - Score: 0.0000
68. bwd_iat.avg                    - Score: 0.0000
69. fwd_iat.avg                    - Score: 0.0000
70. fwd_iat.std                    - Score: 0.0000
71. fwd_iat.max                    - Score: 0.0000
72. bwd_iat.std                    - Score: 0.0000
73. fwd_iat.tot                    - Score: 0.0000
74. bwd_iat.max                    - Score: 0.0000
75. bwd_iat.tot                    - Score: 0.0000
76. active.std                     - Score: 0.0000
77. idle.std                       - Score: 0.0000
78. idle.min                       - Score: 0.0000
79. idle.avg                       - Score: 0.0000
80. idle.max                       - Score: 0.0000
81. idle.tot                       - Score: 0.0000
82. bwd_URG_flag_count             - Score: 0.0000
================================================================================

Features Ranked by Differentiation Strength:
================================================================================
 1. flow_duration                  - Score: 1.0000
 2. fwd_URG_flag_count             - Score: 0.0068
 3. down_up_ratio                  - Score: 0.0038
 4. fwd_PSH_flag_count             - Score: 0.0029
 5. flow_RST_flag_count            - Score: 0.0024
 6. flow_FIN_flag_count            - Score: 0.0022
 7. flow_SYN_flag_count            - Score: 0.0017
 8. fwd_data_pkts_tot              - Score: 0.0012
 9. bwd_subflow_pkts               - Score: 0.0007
10. flow_ACK_flag_count            - Score: 0.0006
11. bwd_pkts_tot                   - Score: 0.0005
12. fwd_subflow_pkts               - Score: 0.0002
13. fwd_header_size_min            - Score: 0.0002
14. bwd_header_size_max            - Score: 0.0002
15. bwd_header_size_min            - Score: 0.0002
16. fwd_pkts_payload.avg           - Score: 0.0002
17. fwd_header_size_max            - Score: 0.0002
18. fwd_pkts_payload.std           - Score: 0.0002
19. bwd_PSH_flag_count             - Score: 0.0002
20. fwd_pkts_tot                   - Score: 0.0001
21. bwd_data_pkts_tot              - Score: 0.0001
22. bwd_pkts_payload.std           - Score: 0.0001
23. flow_CWR_flag_count            - Score: 0.0001
24. flow_ECE_flag_count            - Score: 0.0001
25. fwd_pkts_payload.min           - Score: 0.0001
26. fwd_subflow_bytes              - Score: 0.0001
27. fwd_pkts_payload.max           - Score: 0.0001
28. bwd_header_size_tot            - Score: 0.0001
29. fwd_pkts_payload.tot           - Score: 0.0001
30. flow_pkts_payload.max          - Score: 0.0000
31. flow_pkts_payload.std          - Score: 0.0000
32. flow_pkts_payload.avg          - Score: 0.0000
33. flow_pkts_payload.tot          - Score: 0.0000
34. fwd_last_window_size           - Score: 0.0000
35. fwd_init_window_size           - Score: 0.0000
36. bwd_pkts_payload.avg           - Score: 0.0000
37. flow_pkts_payload.min          - Score: 0.0000
38. fwd_header_size_tot            - Score: 0.0000
39. fwd_bulk_packets               - Score: 0.0000
40. bwd_pkts_payload.max           - Score: 0.0000
41. bwd_bulk_packets               - Score: 0.0000
42. bwd_pkts_payload.min           - Score: 0.0000
43. id.resp_p                      - Score: 0.0000
44. Unnamed: 0                     - Score: 0.0000
45. bwd_pkts_per_sec               - Score: 0.0000
46. bwd_subflow_bytes              - Score: 0.0000
47. flow_iat.min                   - Score: 0.0000
48. flow_iat.avg                   - Score: 0.0000
49. active.min                     - Score: 0.0000
50. active.avg                     - Score: 0.0000
51. active.max                     - Score: 0.0000
52. flow_iat.max                   - Score: 0.0000
53. active.tot                     - Score: 0.0000
54. flow_iat.tot                   - Score: 0.0000
55. bwd_pkts_payload.tot           - Score: 0.0000
56. fwd_pkts_per_sec               - Score: 0.0000
57. flow_pkts_per_sec              - Score: 0.0000
58. fwd_bulk_rate                  - Score: 0.0000
59. bwd_init_window_size           - Score: 0.0000
60. fwd_iat.min                    - Score: 0.0000
61. fwd_iat.avg                    - Score: 0.0000
62. fwd_iat.max                    - Score: 0.0000
63. fwd_iat.tot                    - Score: 0.0000
64. fwd_bulk_bytes                 - Score: 0.0000
65. id.orig_p                      - Score: 0.0000
66. bwd_bulk_bytes                 - Score: 0.0000
67. bwd_iat.min                    - Score: 0.0000
68. payload_bytes_per_second       - Score: 0.0000
69. bwd_bulk_rate                  - Score: 0.0000
70. bwd_iat.std                    - Score: 0.0000
71. flow_iat.std                   - Score: 0.0000
72. bwd_iat.avg                    - Score: 0.0000
73. fwd_iat.std                    - Score: 0.0000
74. bwd_iat.max                    - Score: 0.0000
75. bwd_iat.tot                    - Score: 0.0000
76. active.std                     - Score: 0.0000
77. idle.std                       - Score: 0.0000
78. idle.min                       - Score: 0.0000
79. idle.avg                       - Score: 0.0000
80. idle.max                       - Score: 0.0000
81. idle.tot                       - Score: 0.0000
82. bwd_URG_flag_count             - Score: 0.0000
================================================================================

Features Ranked by Differentiation Strength:
================================================================================
 1. flow_duration                  - Score: 1.0000
 2. fwd_URG_flag_count             - Score: 0.0079
 3. flow_FIN_flag_count            - Score: 0.0030
 4. fwd_PSH_flag_count             - Score: 0.0028
 5. flow_RST_flag_count            - Score: 0.0028
 6. down_up_ratio                  - Score: 0.0027
 7. fwd_data_pkts_tot              - Score: 0.0020
 8. flow_SYN_flag_count            - Score: 0.0020
 9. fwd_pkts_payload.avg           - Score: 0.0006
10. fwd_header_size_max            - Score: 0.0005
11. fwd_header_size_min            - Score: 0.0004
12. bwd_subflow_pkts               - Score: 0.0003
13. fwd_pkts_payload.max           - Score: 0.0002
14. fwd_subflow_bytes              - Score: 0.0002
15. fwd_subflow_pkts               - Score: 0.0002
16. flow_pkts_payload.max          - Score: 0.0002
17. fwd_pkts_payload.tot           - Score: 0.0002
18. bwd_PSH_flag_count             - Score: 0.0002
19. fwd_pkts_payload.std           - Score: 0.0002
20. flow_pkts_payload.tot          - Score: 0.0002
21. bwd_pkts_tot                   - Score: 0.0001
22. fwd_pkts_tot                   - Score: 0.0001
23. bwd_data_pkts_tot              - Score: 0.0001
24. flow_ACK_flag_count            - Score: 0.0001
25. fwd_pkts_payload.min           - Score: 0.0001
26. bwd_header_size_max            - Score: 0.0001
27. flow_CWR_flag_count            - Score: 0.0001
28. flow_ECE_flag_count            - Score: 0.0001
29. bwd_pkts_payload.std           - Score: 0.0001
30. bwd_header_size_min            - Score: 0.0001
31. flow_pkts_payload.avg          - Score: 0.0000
32. flow_pkts_payload.std          - Score: 0.0000
33. fwd_last_window_size           - Score: 0.0000
34. fwd_init_window_size           - Score: 0.0000
35. bwd_pkts_payload.avg           - Score: 0.0000
36. fwd_header_size_tot            - Score: 0.0000
37. flow_pkts_payload.min          - Score: 0.0000
38. bwd_header_size_tot            - Score: 0.0000
39. fwd_bulk_packets               - Score: 0.0000
40. bwd_pkts_payload.max           - Score: 0.0000
41. bwd_bulk_packets               - Score: 0.0000
42. bwd_pkts_payload.min           - Score: 0.0000
43. id.resp_p                      - Score: 0.0000
44. Unnamed: 0                     - Score: 0.0000
45. flow_iat.min                   - Score: 0.0000
46. bwd_subflow_bytes              - Score: 0.0000
47. flow_iat.avg                   - Score: 0.0000
48. flow_iat.max                   - Score: 0.0000
49. active.min                     - Score: 0.0000
50. active.avg                     - Score: 0.0000
51. active.max                     - Score: 0.0000
52. active.tot                     - Score: 0.0000
53. flow_iat.tot                   - Score: 0.0000
54. bwd_pkts_per_sec               - Score: 0.0000
55. bwd_pkts_payload.tot           - Score: 0.0000
56. fwd_pkts_per_sec               - Score: 0.0000
57. flow_pkts_per_sec              - Score: 0.0000
58. fwd_iat.min                    - Score: 0.0000
59. bwd_init_window_size           - Score: 0.0000
60. bwd_iat.min                    - Score: 0.0000
61. id.orig_p                      - Score: 0.0000
62. fwd_bulk_bytes                 - Score: 0.0000
63. fwd_bulk_rate                  - Score: 0.0000
64. payload_bytes_per_second       - Score: 0.0000
65. bwd_bulk_bytes                 - Score: 0.0000
66. bwd_bulk_rate                  - Score: 0.0000
67. flow_iat.std                   - Score: 0.0000
68. fwd_iat.avg                    - Score: 0.0000
69. fwd_iat.std                    - Score: 0.0000
70. fwd_iat.max                    - Score: 0.0000
71. fwd_iat.tot                    - Score: 0.0000
72. bwd_iat.std                    - Score: 0.0000
73. bwd_iat.avg                    - Score: 0.0000
74. bwd_iat.max                    - Score: 0.0000
75. active.std                     - Score: 0.0000
76. bwd_iat.tot                    - Score: 0.0000
77. idle.std                       - Score: 0.0000
78. idle.min                       - Score: 0.0000
79. idle.avg                       - Score: 0.0000
80. idle.max                       - Score: 0.0000
81. idle.tot                       - Score: 0.0000
82. bwd_URG_flag_count             - Score: 0.0000
================================================================================

Features Ranked by Differentiation Strength:
================================================================================
 1. flow_duration                  - Score: 1.0000
 2. down_up_ratio                  - Score: 0.0037
 3. flow_RST_flag_count            - Score: 0.0026
 4. flow_SYN_flag_count            - Score: 0.0016
 5. fwd_data_pkts_tot              - Score: 0.0009
 6. fwd_PSH_flag_count             - Score: 0.0009
 7. flow_FIN_flag_count            - Score: 0.0006
 8. fwd_pkts_payload.avg           - Score: 0.0005
 9. bwd_subflow_pkts               - Score: 0.0005
10. fwd_header_size_min            - Score: 0.0004
11. fwd_header_size_max            - Score: 0.0003
12. bwd_pkts_tot                   - Score: 0.0003
13. fwd_subflow_pkts               - Score: 0.0002
14. bwd_PSH_flag_count             - Score: 0.0002
15. fwd_pkts_payload.max           - Score: 0.0002
16. fwd_subflow_bytes              - Score: 0.0002
17. flow_pkts_payload.max          - Score: 0.0002
18. bwd_header_size_max            - Score: 0.0001
19. bwd_header_size_min            - Score: 0.0001
20. fwd_pkts_payload.tot           - Score: 0.0001
21. fwd_pkts_payload.std           - Score: 0.0001
22. fwd_pkts_tot                   - Score: 0.0001
23. bwd_data_pkts_tot              - Score: 0.0001
24. flow_pkts_payload.tot          - Score: 0.0001
25. flow_ACK_flag_count            - Score: 0.0001
26. flow_CWR_flag_count            - Score: 0.0001
27. flow_ECE_flag_count            - Score: 0.0001
28. fwd_pkts_payload.min           - Score: 0.0001
29. bwd_pkts_payload.std           - Score: 0.0001
30. flow_pkts_payload.avg          - Score: 0.0000
31. flow_pkts_payload.std          - Score: 0.0000
32. fwd_last_window_size           - Score: 0.0000
33. fwd_init_window_size           - Score: 0.0000
34. bwd_header_size_tot            - Score: 0.0000
35. bwd_pkts_payload.avg           - Score: 0.0000
36. fwd_header_size_tot            - Score: 0.0000
37. flow_pkts_payload.min          - Score: 0.0000
38. fwd_bulk_packets               - Score: 0.0000
39. bwd_pkts_payload.max           - Score: 0.0000
40. bwd_bulk_packets               - Score: 0.0000
41. bwd_pkts_payload.min           - Score: 0.0000
42. id.resp_p                      - Score: 0.0000
43. Unnamed: 0                     - Score: 0.0000
44. flow_iat.min                   - Score: 0.0000
45. bwd_pkts_per_sec               - Score: 0.0000
46. bwd_subflow_bytes              - Score: 0.0000
47. flow_iat.avg                   - Score: 0.0000
48. flow_iat.max                   - Score: 0.0000
49. active.min                     - Score: 0.0000
50. active.avg                     - Score: 0.0000
51. active.max                     - Score: 0.0000
52. active.tot                     - Score: 0.0000
53. flow_iat.tot                   - Score: 0.0000
54. bwd_pkts_payload.tot           - Score: 0.0000
55. fwd_pkts_per_sec               - Score: 0.0000
56. flow_pkts_per_sec              - Score: 0.0000
57. fwd_iat.min                    - Score: 0.0000
58. fwd_bulk_rate                  - Score: 0.0000
59. bwd_init_window_size           - Score: 0.0000
60. id.orig_p                      - Score: 0.0000
61. fwd_bulk_bytes                 - Score: 0.0000
62. bwd_bulk_bytes                 - Score: 0.0000
63. payload_bytes_per_second       - Score: 0.0000
64. bwd_iat.min                    - Score: 0.0000
65. bwd_bulk_rate                  - Score: 0.0000
66. flow_iat.std                   - Score: 0.0000
67. fwd_iat.avg                    - Score: 0.0000
68. fwd_iat.std                    - Score: 0.0000
69. fwd_iat.max                    - Score: 0.0000
70. fwd_iat.tot                    - Score: 0.0000
71. bwd_iat.std                    - Score: 0.0000
72. bwd_iat.avg                    - Score: 0.0000
73. bwd_iat.max                    - Score: 0.0000
74. bwd_iat.tot                    - Score: 0.0000
75. active.std                     - Score: 0.0000
76. idle.std                       - Score: 0.0000
77. idle.min                       - Score: 0.0000
78. idle.avg                       - Score: 0.0000
79. idle.max                       - Score: 0.0000
80. idle.tot                       - Score: 0.0000
81. fwd_URG_flag_count             - Score: 0.0000
82. bwd_URG_flag_count             - Score: 0.0000
================================================================================

Features Ranked by Differentiation Strength:
================================================================================
 1. flow_duration                  - Score: 1.0000
 2. fwd_URG_flag_count             - Score: 0.0081
 3. down_up_ratio                  - Score: 0.0041
 4. fwd_PSH_flag_count             - Score: 0.0032
 5. flow_SYN_flag_count            - Score: 0.0029
 6. flow_RST_flag_count            - Score: 0.0026
 7. flow_FIN_flag_count            - Score: 0.0026
 8. fwd_data_pkts_tot              - Score: 0.0013
 9. bwd_subflow_pkts               - Score: 0.0009
10. bwd_pkts_tot                   - Score: 0.0007
11. fwd_header_size_min            - Score: 0.0005
12. flow_ACK_flag_count            - Score: 0.0005
13. fwd_subflow_pkts               - Score: 0.0003
14. bwd_header_size_max            - Score: 0.0003
15. fwd_pkts_payload.avg           - Score: 0.0003
16. bwd_header_size_min            - Score: 0.0002
17. fwd_header_size_max            - Score: 0.0002
18. bwd_PSH_flag_count             - Score: 0.0002
19. bwd_data_pkts_tot              - Score: 0.0002
20. fwd_pkts_payload.std           - Score: 0.0002
21. fwd_pkts_tot                   - Score: 0.0002
22. bwd_header_size_tot            - Score: 0.0001
23. fwd_subflow_bytes              - Score: 0.0001
24. fwd_pkts_payload.min           - Score: 0.0001
25. flow_CWR_flag_count            - Score: 0.0001
26. flow_ECE_flag_count            - Score: 0.0001
27. bwd_pkts_payload.std           - Score: 0.0001
28. fwd_pkts_payload.max           - Score: 0.0001
29. fwd_pkts_payload.tot           - Score: 0.0001
30. fwd_init_window_size           - Score: 0.0001
31. flow_pkts_payload.max          - Score: 0.0001
32. flow_pkts_payload.tot          - Score: 0.0000
33. flow_pkts_payload.avg          - Score: 0.0000
34. flow_pkts_payload.std          - Score: 0.0000
35. fwd_header_size_tot            - Score: 0.0000
36. fwd_last_window_size           - Score: 0.0000
37. bwd_pkts_payload.avg           - Score: 0.0000
38. flow_pkts_payload.min          - Score: 0.0000
39. fwd_bulk_packets               - Score: 0.0000
40. bwd_pkts_payload.max           - Score: 0.0000
41. id.resp_p                      - Score: 0.0000
42. bwd_pkts_payload.min           - Score: 0.0000
43. Unnamed: 0                     - Score: 0.0000
44. flow_iat.min                   - Score: 0.0000
45. bwd_bulk_packets               - Score: 0.0000
46. bwd_subflow_bytes              - Score: 0.0000
47. bwd_pkts_per_sec               - Score: 0.0000
48. flow_iat.avg                   - Score: 0.0000
49. flow_iat.max                   - Score: 0.0000
50. active.min                     - Score: 0.0000
51. active.avg                     - Score: 0.0000
52. active.max                     - Score: 0.0000
53. active.tot                     - Score: 0.0000
54. flow_iat.tot                   - Score: 0.0000
55. bwd_pkts_payload.tot           - Score: 0.0000
56. fwd_iat.min                    - Score: 0.0000
57. fwd_iat.avg                    - Score: 0.0000
58. fwd_iat.max                    - Score: 0.0000
59. fwd_iat.tot                    - Score: 0.0000
60. fwd_pkts_per_sec               - Score: 0.0000
61. flow_pkts_per_sec              - Score: 0.0000
62. fwd_bulk_rate                  - Score: 0.0000
63. bwd_init_window_size           - Score: 0.0000
64. bwd_iat.min                    - Score: 0.0000
65. fwd_bulk_bytes                 - Score: 0.0000
66. id.orig_p                      - Score: 0.0000
67. payload_bytes_per_second       - Score: 0.0000
68. bwd_bulk_rate                  - Score: 0.0000
69. bwd_bulk_bytes                 - Score: 0.0000
70. fwd_iat.std                    - Score: 0.0000
71. flow_iat.std                   - Score: 0.0000
72. bwd_iat.avg                    - Score: 0.0000
73. bwd_iat.max                    - Score: 0.0000
74. bwd_iat.tot                    - Score: 0.0000
75. bwd_iat.std                    - Score: 0.0000
76. active.std                     - Score: 0.0000
77. idle.std                       - Score: 0.0000
78. idle.min                       - Score: 0.0000
79. idle.avg                       - Score: 0.0000
80. idle.max                       - Score: 0.0000
81. idle.tot                       - Score: 0.0000
82. bwd_URG_flag_count             - Score: 0.0000
================================================================================

Features Ranked by Differentiation Strength:
================================================================================
 1. flow_duration                  - Score: 1.0000
 2. fwd_URG_flag_count             - Score: 0.0055
 3. down_up_ratio                  - Score: 0.0045
 4. flow_RST_flag_count            - Score: 0.0043
 5. flow_SYN_flag_count            - Score: 0.0023
 6. fwd_PSH_flag_count             - Score: 0.0022
 7. flow_FIN_flag_count            - Score: 0.0019
 8. fwd_data_pkts_tot              - Score: 0.0016
 9. bwd_subflow_pkts               - Score: 0.0006
10. fwd_pkts_payload.avg           - Score: 0.0006
11. fwd_header_size_min            - Score: 0.0005
12. bwd_pkts_tot                   - Score: 0.0005
13. fwd_header_size_max            - Score: 0.0004
14. bwd_PSH_flag_count             - Score: 0.0003
15. fwd_subflow_pkts               - Score: 0.0003
16. fwd_pkts_payload.max           - Score: 0.0002
17. bwd_data_pkts_tot              - Score: 0.0002
18. fwd_subflow_bytes              - Score: 0.0002
19. flow_pkts_payload.max          - Score: 0.0002
20. fwd_pkts_payload.tot           - Score: 0.0002
21. fwd_pkts_tot                   - Score: 0.0002
22. bwd_header_size_max            - Score: 0.0002
23. bwd_header_size_min            - Score: 0.0002
24. flow_pkts_payload.tot          - Score: 0.0002
25. fwd_pkts_payload.std           - Score: 0.0001
26. flow_ACK_flag_count            - Score: 0.0001
27. fwd_pkts_payload.min           - Score: 0.0001
28. bwd_pkts_payload.std           - Score: 0.0001
29. bwd_header_size_tot            - Score: 0.0000
30. flow_pkts_payload.avg          - Score: 0.0000
31. flow_pkts_payload.std          - Score: 0.0000
32. fwd_last_window_size           - Score: 0.0000
33. fwd_init_window_size           - Score: 0.0000
34. bwd_pkts_payload.avg           - Score: 0.0000
35. fwd_header_size_tot            - Score: 0.0000
36. flow_pkts_payload.min          - Score: 0.0000
37. flow_CWR_flag_count            - Score: 0.0000
38. flow_ECE_flag_count            - Score: 0.0000
39. bwd_pkts_payload.max           - Score: 0.0000
40. bwd_pkts_payload.min           - Score: 0.0000
41. id.resp_p                      - Score: 0.0000
42. fwd_bulk_packets               - Score: 0.0000
43. flow_iat.min                   - Score: 0.0000
44. bwd_bulk_packets               - Score: 0.0000
45. Unnamed: 0                     - Score: 0.0000
46. bwd_pkts_per_sec               - Score: 0.0000
47. bwd_subflow_bytes              - Score: 0.0000
48. bwd_iat.min                    - Score: 0.0000
49. flow_iat.avg                   - Score: 0.0000
50. flow_iat.max                   - Score: 0.0000
51. active.min                     - Score: 0.0000
52. active.avg                     - Score: 0.0000
53. active.max                     - Score: 0.0000
54. active.tot                     - Score: 0.0000
55. flow_iat.tot                   - Score: 0.0000
56. bwd_pkts_payload.tot           - Score: 0.0000
57. fwd_pkts_per_sec               - Score: 0.0000
58. fwd_iat.min                    - Score: 0.0000
59. flow_pkts_per_sec              - Score: 0.0000
60. fwd_bulk_rate                  - Score: 0.0000
61. bwd_init_window_size           - Score: 0.0000
62. id.orig_p                      - Score: 0.0000
63. payload_bytes_per_second       - Score: 0.0000
64. fwd_bulk_bytes                 - Score: 0.0000
65. bwd_bulk_bytes                 - Score: 0.0000
66. bwd_iat.avg                    - Score: 0.0000
67. fwd_iat.avg                    - Score: 0.0000
68. flow_iat.std                   - Score: 0.0000
69. fwd_iat.std                    - Score: 0.0000
70. fwd_iat.max                    - Score: 0.0000
71. bwd_iat.std                    - Score: 0.0000
72. fwd_iat.tot                    - Score: 0.0000
73. bwd_iat.max                    - Score: 0.0000
74. bwd_iat.tot                    - Score: 0.0000
75. active.std                     - Score: 0.0000
76. idle.std                       - Score: 0.0000
77. idle.min                       - Score: 0.0000
78. idle.avg                       - Score: 0.0000
79. idle.max                       - Score: 0.0000
80. bwd_bulk_rate                  - Score: 0.0000
81. idle.tot                       - Score: 0.0000
82. bwd_URG_flag_count             - Score: 0.0000
================================================================================
       0.900        0.851         0.552   +0.298

Features Ranked by Differentiation Strength:
================================================================================
 1. flow_duration                  - Score: 1.0000
 2. fwd_URG_flag_count             - Score: 0.0074
 3. down_up_ratio                  - Score: 0.0041
 4. fwd_PSH_flag_count             - Score: 0.0034
 5. flow_FIN_flag_count            - Score: 0.0030
 6. flow_RST_flag_count            - Score: 0.0030
 7. flow_SYN_flag_count            - Score: 0.0023
 8. fwd_data_pkts_tot              - Score: 0.0013
 9. flow_ACK_flag_count            - Score: 0.0007
10. bwd_subflow_pkts               - Score: 0.0006
11. fwd_pkts_payload.avg           - Score: 0.0005
12. bwd_pkts_tot                   - Score: 0.0005
13. fwd_header_size_min            - Score: 0.0004
14. fwd_header_size_max            - Score: 0.0004
15. fwd_subflow_pkts               - Score: 0.0003
16. fwd_pkts_payload.max           - Score: 0.0002
17. fwd_pkts_payload.std           - Score: 0.0002
18. bwd_header_size_max            - Score: 0.0002
19. bwd_PSH_flag_count             - Score: 0.0002
20. bwd_header_size_min            - Score: 0.0002
21. fwd_subflow_bytes              - Score: 0.0002
22. fwd_pkts_tot                   - Score: 0.0002
23. flow_pkts_payload.max          - Score: 0.0002
24. fwd_pkts_payload.tot           - Score: 0.0001
25. bwd_data_pkts_tot              - Score: 0.0001
26. flow_pkts_payload.tot          - Score: 0.0001
27. bwd_pkts_payload.std           - Score: 0.0001
28. fwd_pkts_payload.min           - Score: 0.0001
29. flow_ECE_flag_count            - Score: 0.0001
30. flow_CWR_flag_count            - Score: 0.0001
31. bwd_header_size_tot            - Score: 0.0001
32. flow_pkts_payload.std          - Score: 0.0000
33. flow_pkts_payload.avg          - Score: 0.0000
34. fwd_last_window_size           - Score: 0.0000
35. fwd_init_window_size           - Score: 0.0000
36. fwd_header_size_tot            - Score: 0.0000
37. bwd_pkts_payload.avg           - Score: 0.0000
38. flow_pkts_payload.min          - Score: 0.0000
39. bwd_pkts_payload.max           - Score: 0.0000
40. fwd_bulk_packets               - Score: 0.0000
41. bwd_bulk_packets               - Score: 0.0000
42. id.resp_p                      - Score: 0.0000
43. bwd_pkts_payload.min           - Score: 0.0000
44. Unnamed: 0                     - Score: 0.0000
45. flow_iat.min                   - Score: 0.0000
46. bwd_pkts_per_sec               - Score: 0.0000
47. bwd_subflow_bytes              - Score: 0.0000
48. flow_iat.avg                   - Score: 0.0000
49. flow_iat.max                   - Score: 0.0000
50. active.min                     - Score: 0.0000
51. active.avg                     - Score: 0.0000
52. active.max                     - Score: 0.0000
53. active.tot                     - Score: 0.0000
54. flow_iat.tot                   - Score: 0.0000
55. fwd_iat.min                    - Score: 0.0000
56. bwd_pkts_payload.tot           - Score: 0.0000
57. fwd_iat.avg                    - Score: 0.0000
58. fwd_iat.max                    - Score: 0.0000
59. fwd_iat.tot                    - Score: 0.0000
60. fwd_pkts_per_sec               - Score: 0.0000
61. flow_pkts_per_sec              - Score: 0.0000
62. bwd_init_window_size           - Score: 0.0000
63. fwd_bulk_rate                  - Score: 0.0000
64. fwd_bulk_bytes                 - Score: 0.0000
65. id.orig_p                      - Score: 0.0000
66. payload_bytes_per_second       - Score: 0.0000
67. bwd_bulk_bytes                 - Score: 0.0000
68. bwd_iat.min                    - Score: 0.0000
69. bwd_bulk_rate                  - Score: 0.0000
70. fwd_iat.std                    - Score: 0.0000
71. flow_iat.std                   - Score: 0.0000
72. bwd_iat.avg                    - Score: 0.0000
73. bwd_iat.max                    - Score: 0.0000
74. bwd_iat.tot                    - Score: 0.0000
75. bwd_iat.std                    - Score: 0.0000
76. active.std                     - Score: 0.0000
77. idle.std                       - Score: 0.0000
78. idle.min                       - Score: 0.0000
79. idle.avg                       - Score: 0.0000
80. idle.max                       - Score: 0.0000
81. idle.tot                       - Score: 0.0000
82. bwd_URG_flag_count             - Score: 0.0000
================================================================================

Features Ranked by Differentiation Strength:
================================================================================
 1. flow_duration                  - Score: 1.0000
 2. fwd_URG_flag_count             - Score: 0.0057
 3. down_up_ratio                  - Score: 0.0044
 4. flow_RST_flag_count            - Score: 0.0032
 5. fwd_PSH_flag_count             - Score: 0.0020
 6. flow_FIN_flag_count            - Score: 0.0020
 7. flow_SYN_flag_count            - Score: 0.0020
 8. fwd_data_pkts_tot              - Score: 0.0013
 9. fwd_pkts_payload.avg           - Score: 0.0006
10. bwd_subflow_pkts               - Score: 0.0005
11. fwd_header_size_max            - Score: 0.0004
12. fwd_header_size_min            - Score: 0.0004
13. bwd_pkts_tot                   - Score: 0.0004
14. fwd_pkts_payload.max           - Score: 0.0002
15. fwd_subflow_bytes              - Score: 0.0002
16. flow_pkts_payload.max          - Score: 0.0002
17. bwd_PSH_flag_count             - Score: 0.0002
18. fwd_pkts_payload.tot           - Score: 0.0002
19. fwd_subflow_pkts               - Score: 0.0002
20. bwd_header_size_max            - Score: 0.0002
21. bwd_header_size_min            - Score: 0.0002
22. flow_pkts_payload.tot          - Score: 0.0002
23. fwd_pkts_payload.std           - Score: 0.0001
24. flow_ACK_flag_count            - Score: 0.0001
25. bwd_data_pkts_tot              - Score: 0.0001
26. fwd_pkts_payload.min           - Score: 0.0001
27. flow_CWR_flag_count            - Score: 0.0001
28. bwd_pkts_payload.std           - Score: 0.0001
29. flow_ECE_flag_count            - Score: 0.0001
30. fwd_pkts_tot                   - Score: 0.0001
31. bwd_header_size_tot            - Score: 0.0000
32. flow_pkts_payload.avg          - Score: 0.0000
33. flow_pkts_payload.std          - Score: 0.0000
34. fwd_last_window_size           - Score: 0.0000
35. fwd_init_window_size           - Score: 0.0000
36. bwd_pkts_payload.avg           - Score: 0.0000
37. fwd_header_size_tot            - Score: 0.0000
38. flow_pkts_payload.min          - Score: 0.0000
39. bwd_pkts_payload.max           - Score: 0.0000
40. bwd_bulk_packets               - Score: 0.0000
41. fwd_bulk_packets               - Score: 0.0000
42. bwd_pkts_payload.min           - Score: 0.0000
43. id.resp_p                      - Score: 0.0000
44. Unnamed: 0                     - Score: 0.0000
45. flow_iat.min                   - Score: 0.0000
46. bwd_pkts_per_sec               - Score: 0.0000
47. bwd_subflow_bytes              - Score: 0.0000
48. flow_iat.avg                   - Score: 0.0000
49. flow_iat.max                   - Score: 0.0000
50. active.min                     - Score: 0.0000
51. active.avg                     - Score: 0.0000
52. active.max                     - Score: 0.0000
53. active.tot                     - Score: 0.0000
54. flow_iat.tot                   - Score: 0.0000
55. bwd_pkts_payload.tot           - Score: 0.0000
56. fwd_pkts_per_sec               - Score: 0.0000
57. flow_pkts_per_sec              - Score: 0.0000
58. fwd_iat.min                    - Score: 0.0000
59. bwd_init_window_size           - Score: 0.0000
60. fwd_bulk_rate                  - Score: 0.0000
61. id.orig_p                      - Score: 0.0000
62. fwd_bulk_bytes                 - Score: 0.0000
63. payload_bytes_per_second       - Score: 0.0000
64. bwd_bulk_bytes                 - Score: 0.0000
65. bwd_iat.min                    - Score: 0.0000
66. bwd_bulk_rate                  - Score: 0.0000
67. flow_iat.std                   - Score: 0.0000
68. fwd_iat.avg                    - Score: 0.0000
69. fwd_iat.std                    - Score: 0.0000
70. fwd_iat.max                    - Score: 0.0000
71. bwd_iat.avg                    - Score: 0.0000
72. fwd_iat.tot                    - Score: 0.0000
73. bwd_iat.std                    - Score: 0.0000
74. bwd_iat.max                    - Score: 0.0000
75. bwd_iat.tot                    - Score: 0.0000
76. active.std                     - Score: 0.0000
77. idle.std                       - Score: 0.0000
78. idle.min                       - Score: 0.0000
79. idle.avg                       - Score: 0.0000
80. idle.max                       - Score: 0.0000
81. idle.tot                       - Score: 0.0000
82. bwd_URG_flag_count             - Score: 0.0000
================================================================================

Features Ranked by Differentiation Strength:
================================================================================
 1. flow_duration                  - Score: 1.0000
 2. fwd_URG_flag_count             - Score: 0.0861
 3. down_up_ratio                  - Score: 0.0668
 4. flow_RST_flag_count            - Score: 0.0352
 5. flow_SYN_flag_count            - Score: 0.0350
 6. fwd_PSH_flag_count             - Score: 0.0329
 7. flow_FIN_flag_count            - Score: 0.0268
 8. bwd_subflow_pkts               - Score: 0.0164
 9. fwd_data_pkts_tot              - Score: 0.0143
10. bwd_pkts_tot                   - Score: 0.0127
11. flow_ACK_flag_count            - Score: 0.0052
12. fwd_header_size_min            - Score: 0.0050
13. bwd_header_size_min            - Score: 0.0041
14. fwd_subflow_pkts               - Score: 0.0040
15. bwd_header_size_max            - Score: 0.0040
16. bwd_PSH_flag_count             - Score: 0.0032
17. bwd_data_pkts_tot              - Score: 0.0029
18. fwd_header_size_max            - Score: 0.0027
19. fwd_pkts_tot                   - Score: 0.0022
20. bwd_header_size_tot            - Score: 0.0019
21. flow_CWR_flag_count            - Score: 0.0016
22. flow_ECE_flag_count            - Score: 0.0016
23. fwd_pkts_payload.avg           - Score: 0.0015
24. fwd_pkts_payload.std           - Score: 0.0012
25. flow_pkts_payload.avg          - Score: 0.0004
26. fwd_subflow_bytes              - Score: 0.0003
27. fwd_init_window_size           - Score: 0.0003
28. flow_pkts_payload.std          - Score: 0.0003
29. fwd_pkts_payload.max           - Score: 0.0003
30. bwd_pkts_payload.std           - Score: 0.0003
31. bwd_pkts_payload.avg           - Score: 0.0002
32. fwd_header_size_tot            - Score: 0.0002
33. fwd_pkts_payload.tot           - Score: 0.0002
34. fwd_pkts_payload.min           - Score: 0.0002
35. flow_pkts_payload.min          - Score: 0.0001
36. flow_pkts_payload.max          - Score: 0.0001
37. bwd_bulk_packets               - Score: 0.0001
38. bwd_pkts_payload.max           - Score: 0.0001
39. bwd_pkts_payload.min           - Score: 0.0001
40. Unnamed: 0                     - Score: 0.0000
41. bwd_pkts_per_sec               - Score: 0.0000
42. fwd_bulk_packets               - Score: 0.0000
43. bwd_subflow_bytes              - Score: 0.0000
44. id.resp_p                      - Score: 0.0000
45. flow_iat.min                   - Score: 0.0000
46. bwd_pkts_payload.tot           - Score: 0.0000
47. fwd_last_window_size           - Score: 0.0000
48. fwd_pkts_per_sec               - Score: 0.0000
49. flow_pkts_payload.tot          - Score: 0.0000
50. flow_pkts_per_sec              - Score: 0.0000
51. fwd_iat.min                    - Score: 0.0000
52. flow_iat.avg                   - Score: 0.0000
53. bwd_init_window_size           - Score: 0.0000
54. flow_iat.max                   - Score: 0.0000
55. fwd_bulk_rate                  - Score: 0.0000
56. active.min                     - Score: 0.0000
57. active.avg                     - Score: 0.0000
58. active.max                     - Score: 0.0000
59. active.tot                     - Score: 0.0000
60. flow_iat.tot                   - Score: 0.0000
61. id.orig_p                      - Score: 0.0000
62. bwd_iat.min                    - Score: 0.0000
63. payload_bytes_per_second       - Score: 0.0000
64. bwd_bulk_bytes                 - Score: 0.0000
65. fwd_bulk_bytes                 - Score: 0.0000
66. bwd_bulk_rate                  - Score: 0.0000
67. flow_iat.std                   - Score: 0.0000
68. fwd_iat.avg                    - Score: 0.0000
69. fwd_iat.std                    - Score: 0.0000
70. fwd_iat.max                    - Score: 0.0000
71. fwd_iat.tot                    - Score: 0.0000
72. bwd_iat.std                    - Score: 0.0000
73. bwd_iat.avg                    - Score: 0.0000
74. bwd_iat.max                    - Score: 0.0000
75. bwd_iat.tot                    - Score: 0.0000
76. active.std                     - Score: 0.0000
77. idle.std                       - Score: 0.0000
78. idle.min                       - Score: 0.0000
79. idle.avg                       - Score: 0.0000
80. idle.max                       - Score: 0.0000
81. idle.tot                       - Score: 0.0000
82. bwd_URG_flag_count             - Score: 0.0000
================================================================================

Features Ranked by Differentiation Strength:
================================================================================
 1. flow_duration                  - Score: 1.0000
 2. fwd_URG_flag_count             - Score: 0.0088
 3. flow_FIN_flag_count            - Score: 0.0032
 4. down_up_ratio                  - Score: 0.0025
 5. flow_RST_flag_count            - Score: 0.0023
 6. fwd_PSH_flag_count             - Score: 0.0022
 7. fwd_data_pkts_tot              - Score: 0.0012
 8. flow_SYN_flag_count            - Score: 0.0011
 9. bwd_subflow_pkts               - Score: 0.0005
10. bwd_pkts_tot                   - Score: 0.0003
11. fwd_pkts_payload.avg           - Score: 0.0003
12. fwd_header_size_max            - Score: 0.0002
13. fwd_header_size_min            - Score: 0.0002
14. fwd_subflow_pkts               - Score: 0.0002
15. fwd_pkts_payload.max           - Score: 0.0001
16. flow_pkts_payload.max          - Score: 0.0001
17. fwd_subflow_bytes              - Score: 0.0001
18. fwd_pkts_payload.tot           - Score: 0.0001
19. fwd_pkts_tot                   - Score: 0.0001
20. flow_ACK_flag_count            - Score: 0.0001
21. bwd_data_pkts_tot              - Score: 0.0001
22. flow_pkts_payload.tot          - Score: 0.0001
23. bwd_header_size_min            - Score: 0.0001
24. bwd_header_size_max            - Score: 0.0001
25. bwd_PSH_flag_count             - Score: 0.0001
26. flow_ECE_flag_count            - Score: 0.0001
27. flow_CWR_flag_count            - Score: 0.0001
28. fwd_pkts_payload.min           - Score: 0.0001
29. bwd_header_size_tot            - Score: 0.0000
30. flow_pkts_payload.avg          - Score: 0.0000
31. fwd_last_window_size           - Score: 0.0000
32. fwd_pkts_payload.std           - Score: 0.0000
33. fwd_init_window_size           - Score: 0.0000
34. flow_pkts_payload.std          - Score: 0.0000
35. fwd_header_size_tot            - Score: 0.0000
36. bwd_pkts_payload.avg           - Score: 0.0000
37. flow_pkts_payload.min          - Score: 0.0000
38. bwd_pkts_payload.std           - Score: 0.0000
39. bwd_bulk_packets               - Score: 0.0000
40. flow_iat.min                   - Score: 0.0000
41. bwd_pkts_payload.min           - Score: 0.0000
42. fwd_bulk_packets               - Score: 0.0000
43. bwd_pkts_payload.max           - Score: 0.0000
44. Unnamed: 0                     - Score: 0.0000
45. id.resp_p                      - Score: 0.0000
46. bwd_subflow_bytes              - Score: 0.0000
47. flow_iat.avg                   - Score: 0.0000
48. flow_iat.max                   - Score: 0.0000
49. active.min                     - Score: 0.0000
50. active.avg                     - Score: 0.0000
51. active.max                     - Score: 0.0000
52. active.tot                     - Score: 0.0000
53. flow_iat.tot                   - Score: 0.0000
54. bwd_pkts_per_sec               - Score: 0.0000
55. bwd_pkts_payload.tot           - Score: 0.0000
56. fwd_pkts_per_sec               - Score: 0.0000
57. fwd_iat.min                    - Score: 0.0000
58. flow_pkts_per_sec              - Score: 0.0000
59. fwd_bulk_rate                  - Score: 0.0000
60. id.orig_p                      - Score: 0.0000
61. fwd_bulk_bytes                 - Score: 0.0000
62. bwd_bulk_bytes                 - Score: 0.0000
63. bwd_init_window_size           - Score: 0.0000
64. bwd_iat.min                    - Score: 0.0000
65. bwd_bulk_rate                  - Score: 0.0000
66. payload_bytes_per_second       - Score: 0.0000
67. flow_iat.std                   - Score: 0.0000
68. fwd_iat.avg                    - Score: 0.0000
69. fwd_iat.std                    - Score: 0.0000
70. bwd_iat.avg                    - Score: 0.0000
71. fwd_iat.max                    - Score: 0.0000
72. fwd_iat.tot                    - Score: 0.0000
73. bwd_iat.std                    - Score: 0.0000
74. bwd_iat.max                    - Score: 0.0000
75. bwd_iat.tot                    - Score: 0.0000
76. active.std                     - Score: 0.0000
77. idle.std                       - Score: 0.0000
78. idle.min                       - Score: 0.0000
79. idle.avg                       - Score: 0.0000
80. idle.max                       - Score: 0.0000
81. idle.tot                       - Score: 0.0000
82. bwd_URG_flag_count             - Score: 0.0000
================================================================================

Features Ranked by Differentiation Strength:
================================================================================
 1. flow_duration                  - Score: 1.0000
 2. fwd_URG_flag_count             - Score: 0.0069
 3. down_up_ratio                  - Score: 0.0037
 4. flow_FIN_flag_count            - Score: 0.0026
 5. fwd_PSH_flag_count             - Score: 0.0026
 6. flow_RST_flag_count            - Score: 0.0024
 7. flow_SYN_flag_count            - Score: 0.0020
 8. fwd_data_pkts_tot              - Score: 0.0013
 9. fwd_pkts_payload.avg           - Score: 0.0005
10. bwd_subflow_pkts               - Score: 0.0005
11. fwd_header_size_min            - Score: 0.0004
12. fwd_header_size_max            - Score: 0.0004
13. bwd_pkts_tot                   - Score: 0.0003
14. fwd_pkts_payload.max           - Score: 0.0002
15. fwd_subflow_pkts               - Score: 0.0002
16. fwd_subflow_bytes              - Score: 0.0002
17. flow_pkts_payload.max          - Score: 0.0002
18. fwd_pkts_payload.tot           - Score: 0.0002
19. bwd_PSH_flag_count             - Score: 0.0002
20. fwd_pkts_payload.std           - Score: 0.0001
21. bwd_header_size_max            - Score: 0.0001
22. bwd_header_size_min            - Score: 0.0001
23. flow_pkts_payload.tot          - Score: 0.0001
24. flow_ACK_flag_count            - Score: 0.0001
25. fwd_pkts_tot                   - Score: 0.0001
26. fwd_pkts_payload.min           - Score: 0.0001
27. bwd_pkts_payload.std           - Score: 0.0001
28. flow_CWR_flag_count            - Score: 0.0001
29. flow_ECE_flag_count            - Score: 0.0001
30. bwd_data_pkts_tot              - Score: 0.0001
31. flow_pkts_payload.std          - Score: 0.0000
32. bwd_header_size_tot            - Score: 0.0000
33. fwd_last_window_size           - Score: 0.0000
34. fwd_init_window_size           - Score: 0.0000
35. flow_pkts_payload.avg          - Score: 0.0000
36. fwd_header_size_tot            - Score: 0.0000
37. bwd_pkts_payload.avg           - Score: 0.0000
38. flow_pkts_payload.min          - Score: 0.0000
39. fwd_bulk_packets               - Score: 0.0000
40. bwd_pkts_payload.max           - Score: 0.0000
41. bwd_bulk_packets               - Score: 0.0000
42. bwd_pkts_payload.min           - Score: 0.0000
43. id.resp_p                      - Score: 0.0000
44. flow_iat.min                   - Score: 0.0000
45. bwd_pkts_per_sec               - Score: 0.0000
46. Unnamed: 0                     - Score: 0.0000
47. bwd_subflow_bytes              - Score: 0.0000
48. flow_iat.avg                   - Score: 0.0000
49. flow_iat.max                   - Score: 0.0000
50. active.min                     - Score: 0.0000
51. active.avg                     - Score: 0.0000
52. active.max                     - Score: 0.0000
53. active.tot                     - Score: 0.0000
54. flow_iat.tot                   - Score: 0.0000
55. bwd_pkts_payload.tot           - Score: 0.0000
56. fwd_pkts_per_sec               - Score: 0.0000
57. fwd_iat.min                    - Score: 0.0000
58. flow_pkts_per_sec              - Score: 0.0000
59. fwd_bulk_rate                  - Score: 0.0000
60. bwd_init_window_size           - Score: 0.0000
61. fwd_iat.avg                    - Score: 0.0000
62. fwd_iat.max                    - Score: 0.0000
63. fwd_iat.tot                    - Score: 0.0000
64. fwd_bulk_bytes                 - Score: 0.0000
65. id.orig_p                      - Score: 0.0000
66. payload_bytes_per_second       - Score: 0.0000
67. bwd_iat.min                    - Score: 0.0000
68. bwd_bulk_bytes                 - Score: 0.0000
69. bwd_bulk_rate                  - Score: 0.0000
70. fwd_iat.std                    - Score: 0.0000
71. flow_iat.std                   - Score: 0.0000
72. bwd_iat.avg                    - Score: 0.0000
73. bwd_iat.std                    - Score: 0.0000
74. bwd_iat.max                    - Score: 0.0000
75. bwd_iat.tot                    - Score: 0.0000
76. active.std                     - Score: 0.0000
77. idle.std                       - Score: 0.0000
78. idle.min                       - Score: 0.0000
79. idle.avg                       - Score: 0.0000
80. idle.max                       - Score: 0.0000
81. idle.tot                       - Score: 0.0000
82. bwd_URG_flag_count             - Score: 0.0000
================================================================================

Features Ranked by Differentiation Strength:
================================================================================
 1. flow_duration                  - Score: 1.0000
 2. down_up_ratio                  - Score: 0.0018
 3. flow_SYN_flag_count            - Score: 0.0012
 4. flow_RST_flag_count            - Score: 0.0008
 5. fwd_PSH_flag_count             - Score: 0.0004
 6. fwd_data_pkts_tot              - Score: 0.0004
 7. fwd_header_size_min            - Score: 0.0003
 8. flow_FIN_flag_count            - Score: 0.0003
 9. bwd_subflow_pkts               - Score: 0.0002
10. bwd_pkts_tot                   - Score: 0.0002
11. fwd_pkts_payload.avg           - Score: 0.0001
12. fwd_header_size_max            - Score: 0.0001
13. fwd_subflow_pkts               - Score: 0.0001
14. fwd_URG_flag_count             - Score: 0.0001
15. bwd_PSH_flag_count             - Score: 0.0001
16. fwd_pkts_payload.std           - Score: 0.0001
17. bwd_header_size_max            - Score: 0.0001
18. bwd_header_size_min            - Score: 0.0001
19. fwd_pkts_tot                   - Score: 0.0001
20. fwd_subflow_bytes              - Score: 0.0001
21. fwd_init_window_size           - Score: 0.0000
22. fwd_pkts_payload.min           - Score: 0.0000
23. flow_ACK_flag_count            - Score: 0.0000
24. fwd_pkts_payload.max           - Score: 0.0000
25. bwd_pkts_payload.std           - Score: 0.0000
26. flow_CWR_flag_count            - Score: 0.0000
27. flow_ECE_flag_count            - Score: 0.0000
28. bwd_data_pkts_tot              - Score: 0.0000
29. fwd_pkts_payload.tot           - Score: 0.0000
30. flow_pkts_payload.max          - Score: 0.0000
31. flow_pkts_payload.tot          - Score: 0.0000
32. fwd_last_window_size           - Score: 0.0000
33. fwd_header_size_tot            - Score: 0.0000
34. flow_pkts_payload.avg          - Score: 0.0000
35. flow_pkts_payload.std          - Score: 0.0000
36. bwd_header_size_tot            - Score: 0.0000
37. bwd_pkts_payload.avg           - Score: 0.0000
38. flow_pkts_payload.min          - Score: 0.0000
39. fwd_bulk_packets               - Score: 0.0000
40. bwd_pkts_payload.max           - Score: 0.0000
41. bwd_bulk_packets               - Score: 0.0000
42. flow_iat.min                   - Score: 0.0000
43. bwd_pkts_payload.min           - Score: 0.0000
44. flow_iat.avg                   - Score: 0.0000
45. flow_iat.max                   - Score: 0.0000
46. active.min                     - Score: 0.0000
47. active.avg                     - Score: 0.0000
48. active.max                     - Score: 0.0000
49. active.tot                     - Score: 0.0000
50. flow_iat.tot                   - Score: 0.0000
51. Unnamed: 0                     - Score: 0.0000
52. bwd_pkts_per_sec               - Score: 0.0000
53. id.resp_p                      - Score: 0.0000
54. bwd_subflow_bytes              - Score: 0.0000
55. bwd_pkts_payload.tot           - Score: 0.0000
56. fwd_pkts_per_sec               - Score: 0.0000
57. flow_pkts_per_sec              - Score: 0.0000
58. fwd_bulk_rate                  - Score: 0.0000
59. bwd_init_window_size           - Score: 0.0000
60. fwd_bulk_bytes                 - Score: 0.0000
61. id.orig_p                      - Score: 0.0000
62. payload_bytes_per_second       - Score: 0.0000
63. bwd_bulk_bytes                 - Score: 0.0000
64. bwd_iat.min                    - Score: 0.0000
65. bwd_bulk_rate                  - Score: 0.0000
66. fwd_iat.min                    - Score: 0.0000
67. fwd_iat.std                    - Score: 0.0000
68. flow_iat.std                   - Score: 0.0000
69. fwd_iat.avg                    - Score: 0.0000
70. fwd_iat.max                    - Score: 0.0000
71. bwd_iat.std                    - Score: 0.0000
72. fwd_iat.tot                    - Score: 0.0000
73. bwd_iat.avg                    - Score: 0.0000
74. bwd_iat.max                    - Score: 0.0000
75. active.std                     - Score: 0.0000
76. bwd_iat.tot                    - Score: 0.0000
77. idle.std                       - Score: 0.0000
78. idle.min                       - Score: 0.0000
79. idle.avg                       - Score: 0.0000
80. idle.max                       - Score: 0.0000
81. idle.tot                       - Score: 0.0000
82. bwd_URG_flag_count             - Score: 0.0000
================================================================================

Features Ranked by Differentiation Strength:
================================================================================
 1. flow_duration                  - Score: 1.0000
 2. fwd_URG_flag_count             - Score: 0.8121
 3. flow_RST_flag_count            - Score: 0.4715
 4. down_up_ratio                  - Score: 0.4304
 5. flow_SYN_flag_count            - Score: 0.2021
 6. flow_FIN_flag_count            - Score: 0.1985
 7. fwd_PSH_flag_count             - Score: 0.1958
 8. fwd_data_pkts_tot              - Score: 0.1571
 9. fwd_pkts_payload.avg           - Score: 0.0555
10. bwd_subflow_pkts               - Score: 0.0543
11. bwd_pkts_tot                   - Score: 0.0361
12. fwd_header_size_min            - Score: 0.0357
13. fwd_header_size_max            - Score: 0.0311
14. fwd_subflow_pkts               - Score: 0.0264
15. bwd_PSH_flag_count             - Score: 0.0250
16. fwd_pkts_payload.max           - Score: 0.0211
17. fwd_subflow_bytes              - Score: 0.0185
18. flow_pkts_payload.max          - Score: 0.0173
19. bwd_data_pkts_tot              - Score: 0.0160
20. bwd_header_size_max            - Score: 0.0154
21. fwd_pkts_payload.tot           - Score: 0.0150
22. bwd_header_size_min            - Score: 0.0149
23. fwd_pkts_tot                   - Score: 0.0143
24. fwd_pkts_payload.std           - Score: 0.0142
25. flow_pkts_payload.tot          - Score: 0.0120
26. flow_ACK_flag_count            - Score: 0.0117
27. flow_CWR_flag_count            - Score: 0.0113
28. flow_ECE_flag_count            - Score: 0.0113
29. fwd_pkts_payload.min           - Score: 0.0099
30. bwd_pkts_payload.std           - Score: 0.0087
31. flow_pkts_payload.avg          - Score: 0.0033
32. flow_pkts_payload.std          - Score: 0.0031
33. bwd_header_size_tot            - Score: 0.0023
34. bwd_pkts_payload.avg           - Score: 0.0020
35. flow_pkts_payload.min          - Score: 0.0011
36. fwd_header_size_tot            - Score: 0.0010
37. fwd_bulk_packets               - Score: 0.0008
38. bwd_pkts_payload.max           - Score: 0.0007
39. bwd_bulk_packets               - Score: 0.0007
40. bwd_pkts_payload.min           - Score: 0.0005
41. id.resp_p                      - Score: 0.0004
42. Unnamed: 0                     - Score: 0.0004
43. bwd_pkts_per_sec               - Score: 0.0003
44. bwd_subflow_bytes              - Score: 0.0002
45. fwd_last_window_size           - Score: 0.0002
46. bwd_pkts_payload.tot           - Score: 0.0001
47. flow_iat.min                   - Score: 0.0001
48. fwd_pkts_per_sec               - Score: 0.0001
49. flow_pkts_per_sec              - Score: 0.0000
50. fwd_bulk_rate                  - Score: 0.0000
51. bwd_iat.min                    - Score: 0.0000
52. fwd_iat.min                    - Score: 0.0000
53. fwd_init_window_size           - Score: 0.0000
54. bwd_init_window_size           - Score: 0.0000
55. fwd_bulk_bytes                 - Score: 0.0000
56. id.orig_p                      - Score: 0.0000
57. flow_iat.avg                   - Score: 0.0000
58. bwd_bulk_bytes                 - Score: 0.0000
59. payload_bytes_per_second       - Score: 0.0000
60. bwd_bulk_rate                  - Score: 0.0000
61. flow_iat.max                   - Score: 0.0000
62. active.min                     - Score: 0.0000
63. active.avg                     - Score: 0.0000
64. active.max                     - Score: 0.0000
65. active.tot                     - Score: 0.0000
66. flow_iat.tot                   - Score: 0.0000
67. flow_iat.std                   - Score: 0.0000
68. bwd_iat.avg                    - Score: 0.0000
69. fwd_iat.avg                    - Score: 0.0000
70. fwd_iat.std                    - Score: 0.0000
71. fwd_iat.max                    - Score: 0.0000
72. bwd_iat.std                    - Score: 0.0000
73. fwd_iat.tot                    - Score: 0.0000
74. bwd_iat.max                    - Score: 0.0000
75. bwd_iat.tot                    - Score: 0.0000
76. active.std                     - Score: 0.0000
77. idle.std                       - Score: 0.0000
78. idle.min                       - Score: 0.0000
79. idle.avg                       - Score: 0.0000
80. idle.max                       - Score: 0.0000
81. idle.tot                       - Score: 0.0000
82. bwd_URG_flag_count             - Score: 0.0000
================================================================================

Features Ranked by Differentiation Strength:
================================================================================
 1. flow_duration                  - Score: 1.0000
 2. fwd_URG_flag_count             - Score: 0.0068
 3. down_up_ratio                  - Score: 0.0038
 4. fwd_PSH_flag_count             - Score: 0.0029
 5. flow_RST_flag_count            - Score: 0.0024
 6. flow_FIN_flag_count            - Score: 0.0022
 7. flow_SYN_flag_count            - Score: 0.0017
 8. fwd_data_pkts_tot              - Score: 0.0012
 9. bwd_subflow_pkts               - Score: 0.0007
10. flow_ACK_flag_count            - Score: 0.0006
11. bwd_pkts_tot                   - Score: 0.0005
12. fwd_subflow_pkts               - Score: 0.0002
13. fwd_header_size_min            - Score: 0.0002
14. bwd_header_size_max            - Score: 0.0002
15. bwd_header_size_min            - Score: 0.0002
16. fwd_pkts_payload.avg           - Score: 0.0002
17. fwd_header_size_max            - Score: 0.0002
18. fwd_pkts_payload.std           - Score: 0.0002
19. bwd_PSH_flag_count             - Score: 0.0002
20. fwd_pkts_tot                   - Score: 0.0001
21. bwd_data_pkts_tot              - Score: 0.0001
22. bwd_pkts_payload.std           - Score: 0.0001
23. flow_CWR_flag_count            - Score: 0.0001
24. flow_ECE_flag_count            - Score: 0.0001
25. fwd_pkts_payload.min           - Score: 0.0001
26. fwd_subflow_bytes              - Score: 0.0001
27. fwd_pkts_payload.max           - Score: 0.0001
28. bwd_header_size_tot            - Score: 0.0001
29. fwd_pkts_payload.tot           - Score: 0.0001
30. flow_pkts_payload.max          - Score: 0.0000
31. flow_pkts_payload.std          - Score: 0.0000
32. flow_pkts_payload.avg          - Score: 0.0000
33. flow_pkts_payload.tot          - Score: 0.0000
34. fwd_last_window_size           - Score: 0.0000
35. fwd_init_window_size           - Score: 0.0000
36. bwd_pkts_payload.avg           - Score: 0.0000
37. flow_pkts_payload.min          - Score: 0.0000
38. fwd_header_size_tot            - Score: 0.0000
39. fwd_bulk_packets               - Score: 0.0000
40. bwd_pkts_payload.max           - Score: 0.0000
41. bwd_bulk_packets               - Score: 0.0000
42. bwd_pkts_payload.min           - Score: 0.0000
43. id.resp_p                      - Score: 0.0000
44. Unnamed: 0                     - Score: 0.0000
45. bwd_pkts_per_sec               - Score: 0.0000
46. bwd_subflow_bytes              - Score: 0.0000
47. flow_iat.min                   - Score: 0.0000
48. flow_iat.avg                   - Score: 0.0000
49. active.min                     - Score: 0.0000
50. active.avg                     - Score: 0.0000
51. active.max                     - Score: 0.0000
52. flow_iat.max                   - Score: 0.0000
53. active.tot                     - Score: 0.0000
54. flow_iat.tot                   - Score: 0.0000
55. bwd_pkts_payload.tot           - Score: 0.0000
56. fwd_pkts_per_sec               - Score: 0.0000
57. flow_pkts_per_sec              - Score: 0.0000
58. fwd_bulk_rate                  - Score: 0.0000
59. bwd_init_window_size           - Score: 0.0000
60. fwd_iat.min                    - Score: 0.0000
61. fwd_iat.avg                    - Score: 0.0000
62. fwd_iat.max                    - Score: 0.0000
63. fwd_iat.tot                    - Score: 0.0000
64. fwd_bulk_bytes                 - Score: 0.0000
65. id.orig_p                      - Score: 0.0000
66. bwd_bulk_bytes                 - Score: 0.0000
67. bwd_iat.min                    - Score: 0.0000
68. payload_bytes_per_second       - Score: 0.0000
69. bwd_bulk_rate                  - Score: 0.0000
70. bwd_iat.std                    - Score: 0.0000
71. flow_iat.std                   - Score: 0.0000
72. bwd_iat.avg                    - Score: 0.0000
73. fwd_iat.std                    - Score: 0.0000
74. bwd_iat.max                    - Score: 0.0000
75. bwd_iat.tot                    - Score: 0.0000
76. active.std                     - Score: 0.0000
77. idle.std                       - Score: 0.0000
78. idle.min                       - Score: 0.0000
79. idle.avg                       - Score: 0.0000
80. idle.max                       - Score: 0.0000
81. idle.tot                       - Score: 0.0000
82. bwd_URG_flag_count             - Score: 0.0000
================================================================================

Features Ranked by Differentiation Strength:
================================================================================
 1. flow_duration                  - Score: 1.0000
 2. fwd_URG_flag_count             - Score: 0.0079
 3. flow_FIN_flag_count            - Score: 0.0030
 4. fwd_PSH_flag_count             - Score: 0.0028
 5. flow_RST_flag_count            - Score: 0.0028
 6. down_up_ratio                  - Score: 0.0027
 7. fwd_data_pkts_tot              - Score: 0.0020
 8. flow_SYN_flag_count            - Score: 0.0020
 9. fwd_pkts_payload.avg           - Score: 0.0006
10. fwd_header_size_max            - Score: 0.0005
11. fwd_header_size_min            - Score: 0.0004
12. bwd_subflow_pkts               - Score: 0.0003
13. fwd_pkts_payload.max           - Score: 0.0002
14. fwd_subflow_bytes              - Score: 0.0002
15. fwd_subflow_pkts               - Score: 0.0002
16. flow_pkts_payload.max          - Score: 0.0002
17. fwd_pkts_payload.tot           - Score: 0.0002
18. bwd_PSH_flag_count             - Score: 0.0002
19. fwd_pkts_payload.std           - Score: 0.0002
20. flow_pkts_payload.tot          - Score: 0.0002
21. bwd_pkts_tot                   - Score: 0.0001
22. fwd_pkts_tot                   - Score: 0.0001
23. bwd_data_pkts_tot              - Score: 0.0001
24. flow_ACK_flag_count            - Score: 0.0001
25. fwd_pkts_payload.min           - Score: 0.0001
26. bwd_header_size_max            - Score: 0.0001
27. flow_CWR_flag_count            - Score: 0.0001
28. flow_ECE_flag_count            - Score: 0.0001
29. bwd_pkts_payload.std           - Score: 0.0001
30. bwd_header_size_min            - Score: 0.0001
31. flow_pkts_payload.avg          - Score: 0.0000
32. flow_pkts_payload.std          - Score: 0.0000
33. fwd_last_window_size           - Score: 0.0000
34. fwd_init_window_size           - Score: 0.0000
35. bwd_pkts_payload.avg           - Score: 0.0000
36. fwd_header_size_tot            - Score: 0.0000
37. flow_pkts_payload.min          - Score: 0.0000
38. bwd_header_size_tot            - Score: 0.0000
39. fwd_bulk_packets               - Score: 0.0000
40. bwd_pkts_payload.max           - Score: 0.0000
41. bwd_bulk_packets               - Score: 0.0000
42. bwd_pkts_payload.min           - Score: 0.0000
43. id.resp_p                      - Score: 0.0000
44. Unnamed: 0                     - Score: 0.0000
45. flow_iat.min                   - Score: 0.0000
46. bwd_subflow_bytes              - Score: 0.0000
47. flow_iat.avg                   - Score: 0.0000
48. flow_iat.max                   - Score: 0.0000
49. active.min                     - Score: 0.0000
50. active.avg                     - Score: 0.0000
51. active.max                     - Score: 0.0000
52. active.tot                     - Score: 0.0000
53. flow_iat.tot                   - Score: 0.0000
54. bwd_pkts_per_sec               - Score: 0.0000
55. bwd_pkts_payload.tot           - Score: 0.0000
56. fwd_pkts_per_sec               - Score: 0.0000
57. flow_pkts_per_sec              - Score: 0.0000
58. fwd_iat.min                    - Score: 0.0000
59. bwd_init_window_size           - Score: 0.0000
60. bwd_iat.min                    - Score: 0.0000
61. id.orig_p                      - Score: 0.0000
62. fwd_bulk_bytes                 - Score: 0.0000
63. fwd_bulk_rate                  - Score: 0.0000
64. payload_bytes_per_second       - Score: 0.0000
65. bwd_bulk_bytes                 - Score: 0.0000
66. bwd_bulk_rate                  - Score: 0.0000
67. flow_iat.std                   - Score: 0.0000
68. fwd_iat.avg                    - Score: 0.0000
69. fwd_iat.std                    - Score: 0.0000
70. fwd_iat.max                    - Score: 0.0000
71. fwd_iat.tot                    - Score: 0.0000
72. bwd_iat.std                    - Score: 0.0000
73. bwd_iat.avg                    - Score: 0.0000
74. bwd_iat.max                    - Score: 0.0000
75. active.std                     - Score: 0.0000
76. bwd_iat.tot                    - Score: 0.0000
77. idle.std                       - Score: 0.0000
78. idle.min                       - Score: 0.0000
79. idle.avg                       - Score: 0.0000
80. idle.max                       - Score: 0.0000
81. idle.tot                       - Score: 0.0000
82. bwd_URG_flag_count             - Score: 0.0000
================================================================================

Features Ranked by Differentiation Strength:
================================================================================
 1. flow_duration                  - Score: 1.0000
 2. down_up_ratio                  - Score: 0.0037
 3. flow_RST_flag_count            - Score: 0.0026
 4. flow_SYN_flag_count            - Score: 0.0016
 5. fwd_data_pkts_tot              - Score: 0.0009
 6. fwd_PSH_flag_count             - Score: 0.0009
 7. flow_FIN_flag_count            - Score: 0.0006
 8. fwd_pkts_payload.avg           - Score: 0.0005
 9. bwd_subflow_pkts               - Score: 0.0005
10. fwd_header_size_min            - Score: 0.0004
11. fwd_header_size_max            - Score: 0.0003
12. bwd_pkts_tot                   - Score: 0.0003
13. fwd_subflow_pkts               - Score: 0.0002
14. bwd_PSH_flag_count             - Score: 0.0002
15. fwd_pkts_payload.max           - Score: 0.0002
16. fwd_subflow_bytes              - Score: 0.0002
17. flow_pkts_payload.max          - Score: 0.0002
18. bwd_header_size_max            - Score: 0.0001
19. bwd_header_size_min            - Score: 0.0001
20. fwd_pkts_payload.tot           - Score: 0.0001
21. fwd_pkts_payload.std           - Score: 0.0001
22. fwd_pkts_tot                   - Score: 0.0001
23. bwd_data_pkts_tot              - Score: 0.0001
24. flow_pkts_payload.tot          - Score: 0.0001
25. flow_ACK_flag_count            - Score: 0.0001
26. flow_CWR_flag_count            - Score: 0.0001
27. flow_ECE_flag_count            - Score: 0.0001
28. fwd_pkts_payload.min           - Score: 0.0001
29. bwd_pkts_payload.std           - Score: 0.0001
30. flow_pkts_payload.avg          - Score: 0.0000
31. flow_pkts_payload.std          - Score: 0.0000
32. fwd_last_window_size           - Score: 0.0000
33. fwd_init_window_size           - Score: 0.0000
34. bwd_header_size_tot            - Score: 0.0000
35. bwd_pkts_payload.avg           - Score: 0.0000
36. fwd_header_size_tot            - Score: 0.0000
37. flow_pkts_payload.min          - Score: 0.0000
38. fwd_bulk_packets               - Score: 0.0000
39. bwd_pkts_payload.max           - Score: 0.0000
40. bwd_bulk_packets               - Score: 0.0000
41. bwd_pkts_payload.min           - Score: 0.0000
42. id.resp_p                      - Score: 0.0000
43. Unnamed: 0                     - Score: 0.0000
44. flow_iat.min                   - Score: 0.0000
45. bwd_pkts_per_sec               - Score: 0.0000
46. bwd_subflow_bytes              - Score: 0.0000
47. flow_iat.avg                   - Score: 0.0000
48. flow_iat.max                   - Score: 0.0000
49. active.min                     - Score: 0.0000
50. active.avg                     - Score: 0.0000
51. active.max                     - Score: 0.0000
52. active.tot                     - Score: 0.0000
53. flow_iat.tot                   - Score: 0.0000
54. bwd_pkts_payload.tot           - Score: 0.0000
55. fwd_pkts_per_sec               - Score: 0.0000
56. flow_pkts_per_sec              - Score: 0.0000
57. fwd_iat.min                    - Score: 0.0000
58. fwd_bulk_rate                  - Score: 0.0000
59. bwd_init_window_size           - Score: 0.0000
60. id.orig_p                      - Score: 0.0000
61. fwd_bulk_bytes                 - Score: 0.0000
62. bwd_bulk_bytes                 - Score: 0.0000
63. payload_bytes_per_second       - Score: 0.0000
64. bwd_iat.min                    - Score: 0.0000
65. bwd_bulk_rate                  - Score: 0.0000
66. flow_iat.std                   - Score: 0.0000
67. fwd_iat.avg                    - Score: 0.0000
68. fwd_iat.std                    - Score: 0.0000
69. fwd_iat.max                    - Score: 0.0000
70. fwd_iat.tot                    - Score: 0.0000
71. bwd_iat.std                    - Score: 0.0000
72. bwd_iat.avg                    - Score: 0.0000
73. bwd_iat.max                    - Score: 0.0000
74. bwd_iat.tot                    - Score: 0.0000
75. active.std                     - Score: 0.0000
76. idle.std                       - Score: 0.0000
77. idle.min                       - Score: 0.0000
78. idle.avg                       - Score: 0.0000
79. idle.max                       - Score: 0.0000
80. idle.tot                       - Score: 0.0000
81. fwd_URG_flag_count             - Score: 0.0000
82. bwd_URG_flag_count             - Score: 0.0000
================================================================================

Features Ranked by Differentiation Strength:
================================================================================
 1. flow_duration                  - Score: 1.0000
 2. fwd_URG_flag_count             - Score: 0.0081
 3. down_up_ratio                  - Score: 0.0041
 4. fwd_PSH_flag_count             - Score: 0.0032
 5. flow_SYN_flag_count            - Score: 0.0029
 6. flow_RST_flag_count            - Score: 0.0026
 7. flow_FIN_flag_count            - Score: 0.0026
 8. fwd_data_pkts_tot              - Score: 0.0013
 9. bwd_subflow_pkts               - Score: 0.0009
10. bwd_pkts_tot                   - Score: 0.0007
11. fwd_header_size_min            - Score: 0.0005
12. flow_ACK_flag_count            - Score: 0.0005
13. fwd_subflow_pkts               - Score: 0.0003
14. bwd_header_size_max            - Score: 0.0003
15. fwd_pkts_payload.avg           - Score: 0.0003
16. bwd_header_size_min            - Score: 0.0002
17. fwd_header_size_max            - Score: 0.0002
18. bwd_PSH_flag_count             - Score: 0.0002
19. bwd_data_pkts_tot              - Score: 0.0002
20. fwd_pkts_payload.std           - Score: 0.0002
21. fwd_pkts_tot                   - Score: 0.0002
22. bwd_header_size_tot            - Score: 0.0001
23. fwd_subflow_bytes              - Score: 0.0001
24. fwd_pkts_payload.min           - Score: 0.0001
25. flow_CWR_flag_count            - Score: 0.0001
26. flow_ECE_flag_count            - Score: 0.0001
27. bwd_pkts_payload.std           - Score: 0.0001
28. fwd_pkts_payload.max           - Score: 0.0001
29. fwd_pkts_payload.tot           - Score: 0.0001
30. fwd_init_window_size           - Score: 0.0001
31. flow_pkts_payload.max          - Score: 0.0001
32. flow_pkts_payload.tot          - Score: 0.0000
33. flow_pkts_payload.avg          - Score: 0.0000
34. flow_pkts_payload.std          - Score: 0.0000
35. fwd_header_size_tot            - Score: 0.0000
36. fwd_last_window_size           - Score: 0.0000
37. bwd_pkts_payload.avg           - Score: 0.0000
38. flow_pkts_payload.min          - Score: 0.0000
39. fwd_bulk_packets               - Score: 0.0000
40. bwd_pkts_payload.max           - Score: 0.0000
41. id.resp_p                      - Score: 0.0000
42. bwd_pkts_payload.min           - Score: 0.0000
43. Unnamed: 0                     - Score: 0.0000
44. flow_iat.min                   - Score: 0.0000
45. bwd_bulk_packets               - Score: 0.0000
46. bwd_subflow_bytes              - Score: 0.0000
47. bwd_pkts_per_sec               - Score: 0.0000
48. flow_iat.avg                   - Score: 0.0000
49. flow_iat.max                   - Score: 0.0000
50. active.min                     - Score: 0.0000
51. active.avg                     - Score: 0.0000
52. active.max                     - Score: 0.0000
53. active.tot                     - Score: 0.0000
54. flow_iat.tot                   - Score: 0.0000
55. bwd_pkts_payload.tot           - Score: 0.0000
56. fwd_iat.min                    - Score: 0.0000
57. fwd_iat.avg                    - Score: 0.0000
58. fwd_iat.max                    - Score: 0.0000
59. fwd_iat.tot                    - Score: 0.0000
60. fwd_pkts_per_sec               - Score: 0.0000
61. flow_pkts_per_sec              - Score: 0.0000
62. fwd_bulk_rate                  - Score: 0.0000
63. bwd_init_window_size           - Score: 0.0000
64. bwd_iat.min                    - Score: 0.0000
65. fwd_bulk_bytes                 - Score: 0.0000
66. id.orig_p                      - Score: 0.0000
67. payload_bytes_per_second       - Score: 0.0000
68. bwd_bulk_rate                  - Score: 0.0000
69. bwd_bulk_bytes                 - Score: 0.0000
70. fwd_iat.std                    - Score: 0.0000
71. flow_iat.std                   - Score: 0.0000
72. bwd_iat.avg                    - Score: 0.0000
73. bwd_iat.max                    - Score: 0.0000
74. bwd_iat.tot                    - Score: 0.0000
75. bwd_iat.std                    - Score: 0.0000
76. active.std                     - Score: 0.0000
77. idle.std                       - Score: 0.0000
78. idle.min                       - Score: 0.0000
79. idle.avg                       - Score: 0.0000
80. idle.max                       - Score: 0.0000
81. idle.tot                       - Score: 0.0000
82. bwd_URG_flag_count             - Score: 0.0000
================================================================================

Features Ranked by Differentiation Strength:
================================================================================
 1. flow_duration                  - Score: 1.0000
 2. fwd_URG_flag_count             - Score: 0.0055
 3. down_up_ratio                  - Score: 0.0045
 4. flow_RST_flag_count            - Score: 0.0043
 5. flow_SYN_flag_count            - Score: 0.0023
 6. fwd_PSH_flag_count             - Score: 0.0022
 7. flow_FIN_flag_count            - Score: 0.0019
 8. fwd_data_pkts_tot              - Score: 0.0016
 9. bwd_subflow_pkts               - Score: 0.0006
10. fwd_pkts_payload.avg           - Score: 0.0006
11. fwd_header_size_min            - Score: 0.0005
12. bwd_pkts_tot                   - Score: 0.0005
13. fwd_header_size_max            - Score: 0.0004
14. bwd_PSH_flag_count             - Score: 0.0003
15. fwd_subflow_pkts               - Score: 0.0003
16. fwd_pkts_payload.max           - Score: 0.0002
17. bwd_data_pkts_tot              - Score: 0.0002
18. fwd_subflow_bytes              - Score: 0.0002
19. flow_pkts_payload.max          - Score: 0.0002
20. fwd_pkts_payload.tot           - Score: 0.0002
21. fwd_pkts_tot                   - Score: 0.0002
22. bwd_header_size_max            - Score: 0.0002
23. bwd_header_size_min            - Score: 0.0002
24. flow_pkts_payload.tot          - Score: 0.0002
25. fwd_pkts_payload.std           - Score: 0.0001
26. flow_ACK_flag_count            - Score: 0.0001
27. fwd_pkts_payload.min           - Score: 0.0001
28. bwd_pkts_payload.std           - Score: 0.0001
29. bwd_header_size_tot            - Score: 0.0000
30. flow_pkts_payload.avg          - Score: 0.0000
31. flow_pkts_payload.std          - Score: 0.0000
32. fwd_last_window_size           - Score: 0.0000
33. fwd_init_window_size           - Score: 0.0000
34. bwd_pkts_payload.avg           - Score: 0.0000
35. fwd_header_size_tot            - Score: 0.0000
36. flow_pkts_payload.min          - Score: 0.0000
37. flow_CWR_flag_count            - Score: 0.0000
38. flow_ECE_flag_count            - Score: 0.0000
39. bwd_pkts_payload.max           - Score: 0.0000
40. bwd_pkts_payload.min           - Score: 0.0000
41. id.resp_p                      - Score: 0.0000
42. fwd_bulk_packets               - Score: 0.0000
43. flow_iat.min                   - Score: 0.0000
44. bwd_bulk_packets               - Score: 0.0000
45. Unnamed: 0                     - Score: 0.0000
46. bwd_pkts_per_sec               - Score: 0.0000
47. bwd_subflow_bytes              - Score: 0.0000
48. bwd_iat.min                    - Score: 0.0000
49. flow_iat.avg                   - Score: 0.0000
50. flow_iat.max                   - Score: 0.0000
51. active.min                     - Score: 0.0000
52. active.avg                     - Score: 0.0000
53. active.max                     - Score: 0.0000
54. active.tot                     - Score: 0.0000
55. flow_iat.tot                   - Score: 0.0000
56. bwd_pkts_payload.tot           - Score: 0.0000
57. fwd_pkts_per_sec               - Score: 0.0000
58. fwd_iat.min                    - Score: 0.0000
59. flow_pkts_per_sec              - Score: 0.0000
60. fwd_bulk_rate                  - Score: 0.0000
61. bwd_init_window_size           - Score: 0.0000
62. id.orig_p                      - Score: 0.0000
63. payload_bytes_per_second       - Score: 0.0000
64. fwd_bulk_bytes                 - Score: 0.0000
65. bwd_bulk_bytes                 - Score: 0.0000
66. bwd_iat.avg                    - Score: 0.0000
67. fwd_iat.avg                    - Score: 0.0000
68. flow_iat.std                   - Score: 0.0000
69. fwd_iat.std                    - Score: 0.0000
70. fwd_iat.max                    - Score: 0.0000
71. bwd_iat.std                    - Score: 0.0000
72. fwd_iat.tot                    - Score: 0.0000
73. bwd_iat.max                    - Score: 0.0000
74. bwd_iat.tot                    - Score: 0.0000
75. active.std                     - Score: 0.0000
76. idle.std                       - Score: 0.0000
77. idle.min                       - Score: 0.0000
78. idle.avg                       - Score: 0.0000
79. idle.max                       - Score: 0.0000
80. bwd_bulk_rate                  - Score: 0.0000
81. idle.tot                       - Score: 0.0000
82. bwd_URG_flag_count             - Score: 0.0000
================================================================================
       0.990        0.777         0.305   +0.472

Features Ranked by Differentiation Strength:
================================================================================
 1. flow_duration                  - Score: 1.0000
 2. fwd_URG_flag_count             - Score: 0.0074
 3. down_up_ratio                  - Score: 0.0041
 4. fwd_PSH_flag_count             - Score: 0.0034
 5. flow_FIN_flag_count            - Score: 0.0030
 6. flow_RST_flag_count            - Score: 0.0030
 7. flow_SYN_flag_count            - Score: 0.0023
 8. fwd_data_pkts_tot              - Score: 0.0013
 9. flow_ACK_flag_count            - Score: 0.0007
10. bwd_subflow_pkts               - Score: 0.0006
11. fwd_pkts_payload.avg           - Score: 0.0005
12. bwd_pkts_tot                   - Score: 0.0005
13. fwd_header_size_min            - Score: 0.0004
14. fwd_header_size_max            - Score: 0.0004
15. fwd_subflow_pkts               - Score: 0.0003
16. fwd_pkts_payload.max           - Score: 0.0002
17. fwd_pkts_payload.std           - Score: 0.0002
18. bwd_header_size_max            - Score: 0.0002
19. bwd_PSH_flag_count             - Score: 0.0002
20. bwd_header_size_min            - Score: 0.0002
21. fwd_subflow_bytes              - Score: 0.0002
22. fwd_pkts_tot                   - Score: 0.0002
23. flow_pkts_payload.max          - Score: 0.0002
24. fwd_pkts_payload.tot           - Score: 0.0001
25. bwd_data_pkts_tot              - Score: 0.0001
26. flow_pkts_payload.tot          - Score: 0.0001
27. bwd_pkts_payload.std           - Score: 0.0001
28. fwd_pkts_payload.min           - Score: 0.0001
29. flow_ECE_flag_count            - Score: 0.0001
30. flow_CWR_flag_count            - Score: 0.0001
31. bwd_header_size_tot            - Score: 0.0001
32. flow_pkts_payload.std          - Score: 0.0000
33. flow_pkts_payload.avg          - Score: 0.0000
34. fwd_last_window_size           - Score: 0.0000
35. fwd_init_window_size           - Score: 0.0000
36. fwd_header_size_tot            - Score: 0.0000
37. bwd_pkts_payload.avg           - Score: 0.0000
38. flow_pkts_payload.min          - Score: 0.0000
39. bwd_pkts_payload.max           - Score: 0.0000
40. fwd_bulk_packets               - Score: 0.0000
41. bwd_bulk_packets               - Score: 0.0000
42. id.resp_p                      - Score: 0.0000
43. bwd_pkts_payload.min           - Score: 0.0000
44. Unnamed: 0                     - Score: 0.0000
45. flow_iat.min                   - Score: 0.0000
46. bwd_pkts_per_sec               - Score: 0.0000
47. bwd_subflow_bytes              - Score: 0.0000
48. flow_iat.avg                   - Score: 0.0000
49. flow_iat.max                   - Score: 0.0000
50. active.min                     - Score: 0.0000
51. active.avg                     - Score: 0.0000
52. active.max                     - Score: 0.0000
53. active.tot                     - Score: 0.0000
54. flow_iat.tot                   - Score: 0.0000
55. fwd_iat.min                    - Score: 0.0000
56. bwd_pkts_payload.tot           - Score: 0.0000
57. fwd_iat.avg                    - Score: 0.0000
58. fwd_iat.max                    - Score: 0.0000
59. fwd_iat.tot                    - Score: 0.0000
60. fwd_pkts_per_sec               - Score: 0.0000
61. flow_pkts_per_sec              - Score: 0.0000
62. bwd_init_window_size           - Score: 0.0000
63. fwd_bulk_rate                  - Score: 0.0000
64. fwd_bulk_bytes                 - Score: 0.0000
65. id.orig_p                      - Score: 0.0000
66. payload_bytes_per_second       - Score: 0.0000
67. bwd_bulk_bytes                 - Score: 0.0000
68. bwd_iat.min                    - Score: 0.0000
69. bwd_bulk_rate                  - Score: 0.0000
70. fwd_iat.std                    - Score: 0.0000
71. flow_iat.std                   - Score: 0.0000
72. bwd_iat.avg                    - Score: 0.0000
73. bwd_iat.max                    - Score: 0.0000
74. bwd_iat.tot                    - Score: 0.0000
75. bwd_iat.std                    - Score: 0.0000
76. active.std                     - Score: 0.0000
77. idle.std                       - Score: 0.0000
78. idle.min                       - Score: 0.0000
79. idle.avg                       - Score: 0.0000
80. idle.max                       - Score: 0.0000
81. idle.tot                       - Score: 0.0000
82. bwd_URG_flag_count             - Score: 0.0000
================================================================================

Features Ranked by Differentiation Strength:
================================================================================
 1. flow_duration                  - Score: 1.0000
 2. fwd_URG_flag_count             - Score: 0.0057
 3. down_up_ratio                  - Score: 0.0044
 4. flow_RST_flag_count            - Score: 0.0032
 5. fwd_PSH_flag_count             - Score: 0.0020
 6. flow_FIN_flag_count            - Score: 0.0020
 7. flow_SYN_flag_count            - Score: 0.0020
 8. fwd_data_pkts_tot              - Score: 0.0013
 9. fwd_pkts_payload.avg           - Score: 0.0006
10. bwd_subflow_pkts               - Score: 0.0005
11. fwd_header_size_max            - Score: 0.0004
12. fwd_header_size_min            - Score: 0.0004
13. bwd_pkts_tot                   - Score: 0.0004
14. fwd_pkts_payload.max           - Score: 0.0002
15. fwd_subflow_bytes              - Score: 0.0002
16. flow_pkts_payload.max          - Score: 0.0002
17. bwd_PSH_flag_count             - Score: 0.0002
18. fwd_pkts_payload.tot           - Score: 0.0002
19. fwd_subflow_pkts               - Score: 0.0002
20. bwd_header_size_max            - Score: 0.0002
21. bwd_header_size_min            - Score: 0.0002
22. flow_pkts_payload.tot          - Score: 0.0002
23. fwd_pkts_payload.std           - Score: 0.0001
24. flow_ACK_flag_count            - Score: 0.0001
25. bwd_data_pkts_tot              - Score: 0.0001
26. fwd_pkts_payload.min           - Score: 0.0001
27. flow_CWR_flag_count            - Score: 0.0001
28. bwd_pkts_payload.std           - Score: 0.0001
29. flow_ECE_flag_count            - Score: 0.0001
30. fwd_pkts_tot                   - Score: 0.0001
31. bwd_header_size_tot            - Score: 0.0000
32. flow_pkts_payload.avg          - Score: 0.0000
33. flow_pkts_payload.std          - Score: 0.0000
34. fwd_last_window_size           - Score: 0.0000
35. fwd_init_window_size           - Score: 0.0000
36. bwd_pkts_payload.avg           - Score: 0.0000
37. fwd_header_size_tot            - Score: 0.0000
38. flow_pkts_payload.min          - Score: 0.0000
39. bwd_pkts_payload.max           - Score: 0.0000
40. bwd_bulk_packets               - Score: 0.0000
41. fwd_bulk_packets               - Score: 0.0000
42. bwd_pkts_payload.min           - Score: 0.0000
43. id.resp_p                      - Score: 0.0000
44. Unnamed: 0                     - Score: 0.0000
45. flow_iat.min                   - Score: 0.0000
46. bwd_pkts_per_sec               - Score: 0.0000
47. bwd_subflow_bytes              - Score: 0.0000
48. flow_iat.avg                   - Score: 0.0000
49. flow_iat.max                   - Score: 0.0000
50. active.min                     - Score: 0.0000
51. active.avg                     - Score: 0.0000
52. active.max                     - Score: 0.0000
53. active.tot                     - Score: 0.0000
54. flow_iat.tot                   - Score: 0.0000
55. bwd_pkts_payload.tot           - Score: 0.0000
56. fwd_pkts_per_sec               - Score: 0.0000
57. flow_pkts_per_sec              - Score: 0.0000
58. fwd_iat.min                    - Score: 0.0000
59. bwd_init_window_size           - Score: 0.0000
60. fwd_bulk_rate                  - Score: 0.0000
61. id.orig_p                      - Score: 0.0000
62. fwd_bulk_bytes                 - Score: 0.0000
63. payload_bytes_per_second       - Score: 0.0000
64. bwd_bulk_bytes                 - Score: 0.0000
65. bwd_iat.min                    - Score: 0.0000
66. bwd_bulk_rate                  - Score: 0.0000
67. flow_iat.std                   - Score: 0.0000
68. fwd_iat.avg                    - Score: 0.0000
69. fwd_iat.std                    - Score: 0.0000
70. fwd_iat.max                    - Score: 0.0000
71. bwd_iat.avg                    - Score: 0.0000
72. fwd_iat.tot                    - Score: 0.0000
73. bwd_iat.std                    - Score: 0.0000
74. bwd_iat.max                    - Score: 0.0000
75. bwd_iat.tot                    - Score: 0.0000
76. active.std                     - Score: 0.0000
77. idle.std                       - Score: 0.0000
78. idle.min                       - Score: 0.0000
79. idle.avg                       - Score: 0.0000
80. idle.max                       - Score: 0.0000
81. idle.tot                       - Score: 0.0000
82. bwd_URG_flag_count             - Score: 0.0000
================================================================================

Features Ranked by Differentiation Strength:
================================================================================
 1. flow_duration                  - Score: 1.0000
 2. fwd_URG_flag_count             - Score: 0.0861
 3. down_up_ratio                  - Score: 0.0668
 4. flow_RST_flag_count            - Score: 0.0352
 5. flow_SYN_flag_count            - Score: 0.0350
 6. fwd_PSH_flag_count             - Score: 0.0329
 7. flow_FIN_flag_count            - Score: 0.0268
 8. bwd_subflow_pkts               - Score: 0.0164
 9. fwd_data_pkts_tot              - Score: 0.0143
10. bwd_pkts_tot                   - Score: 0.0127
11. flow_ACK_flag_count            - Score: 0.0052
12. fwd_header_size_min            - Score: 0.0050
13. bwd_header_size_min            - Score: 0.0041
14. fwd_subflow_pkts               - Score: 0.0040
15. bwd_header_size_max            - Score: 0.0040
16. bwd_PSH_flag_count             - Score: 0.0032
17. bwd_data_pkts_tot              - Score: 0.0029
18. fwd_header_size_max            - Score: 0.0027
19. fwd_pkts_tot                   - Score: 0.0022
20. bwd_header_size_tot            - Score: 0.0019
21. flow_CWR_flag_count            - Score: 0.0016
22. flow_ECE_flag_count            - Score: 0.0016
23. fwd_pkts_payload.avg           - Score: 0.0015
24. fwd_pkts_payload.std           - Score: 0.0012
25. flow_pkts_payload.avg          - Score: 0.0004
26. fwd_subflow_bytes              - Score: 0.0003
27. fwd_init_window_size           - Score: 0.0003
28. flow_pkts_payload.std          - Score: 0.0003
29. fwd_pkts_payload.max           - Score: 0.0003
30. bwd_pkts_payload.std           - Score: 0.0003
31. bwd_pkts_payload.avg           - Score: 0.0002
32. fwd_header_size_tot            - Score: 0.0002
33. fwd_pkts_payload.tot           - Score: 0.0002
34. fwd_pkts_payload.min           - Score: 0.0002
35. flow_pkts_payload.min          - Score: 0.0001
36. flow_pkts_payload.max          - Score: 0.0001
37. bwd_bulk_packets               - Score: 0.0001
38. bwd_pkts_payload.max           - Score: 0.0001
39. bwd_pkts_payload.min           - Score: 0.0001
40. Unnamed: 0                     - Score: 0.0000
41. bwd_pkts_per_sec               - Score: 0.0000
42. fwd_bulk_packets               - Score: 0.0000
43. bwd_subflow_bytes              - Score: 0.0000
44. id.resp_p                      - Score: 0.0000
45. flow_iat.min                   - Score: 0.0000
46. bwd_pkts_payload.tot           - Score: 0.0000
47. fwd_last_window_size           - Score: 0.0000
48. fwd_pkts_per_sec               - Score: 0.0000
49. flow_pkts_payload.tot          - Score: 0.0000
50. flow_pkts_per_sec              - Score: 0.0000
51. fwd_iat.min                    - Score: 0.0000
52. flow_iat.avg                   - Score: 0.0000
53. bwd_init_window_size           - Score: 0.0000
54. flow_iat.max                   - Score: 0.0000
55. fwd_bulk_rate                  - Score: 0.0000
56. active.min                     - Score: 0.0000
57. active.avg                     - Score: 0.0000
58. active.max                     - Score: 0.0000
59. active.tot                     - Score: 0.0000
60. flow_iat.tot                   - Score: 0.0000
61. id.orig_p                      - Score: 0.0000
62. bwd_iat.min                    - Score: 0.0000
63. payload_bytes_per_second       - Score: 0.0000
64. bwd_bulk_bytes                 - Score: 0.0000
65. fwd_bulk_bytes                 - Score: 0.0000
66. bwd_bulk_rate                  - Score: 0.0000
67. flow_iat.std                   - Score: 0.0000
68. fwd_iat.avg                    - Score: 0.0000
69. fwd_iat.std                    - Score: 0.0000
70. fwd_iat.max                    - Score: 0.0000
71. fwd_iat.tot                    - Score: 0.0000
72. bwd_iat.std                    - Score: 0.0000
73. bwd_iat.avg                    - Score: 0.0000
74. bwd_iat.max                    - Score: 0.0000
75. bwd_iat.tot                    - Score: 0.0000
76. active.std                     - Score: 0.0000
77. idle.std                       - Score: 0.0000
78. idle.min                       - Score: 0.0000
79. idle.avg                       - Score: 0.0000
80. idle.max                       - Score: 0.0000
81. idle.tot                       - Score: 0.0000
82. bwd_URG_flag_count             - Score: 0.0000
================================================================================

Features Ranked by Differentiation Strength:
================================================================================
 1. flow_duration                  - Score: 1.0000
 2. fwd_URG_flag_count             - Score: 0.0088
 3. flow_FIN_flag_count            - Score: 0.0032
 4. down_up_ratio                  - Score: 0.0025
 5. flow_RST_flag_count            - Score: 0.0023
 6. fwd_PSH_flag_count             - Score: 0.0022
 7. fwd_data_pkts_tot              - Score: 0.0012
 8. flow_SYN_flag_count            - Score: 0.0011
 9. bwd_subflow_pkts               - Score: 0.0005
10. bwd_pkts_tot                   - Score: 0.0003
11. fwd_pkts_payload.avg           - Score: 0.0003
12. fwd_header_size_max            - Score: 0.0002
13. fwd_header_size_min            - Score: 0.0002
14. fwd_subflow_pkts               - Score: 0.0002
15. fwd_pkts_payload.max           - Score: 0.0001
16. flow_pkts_payload.max          - Score: 0.0001
17. fwd_subflow_bytes              - Score: 0.0001
18. fwd_pkts_payload.tot           - Score: 0.0001
19. fwd_pkts_tot                   - Score: 0.0001
20. flow_ACK_flag_count            - Score: 0.0001
21. bwd_data_pkts_tot              - Score: 0.0001
22. flow_pkts_payload.tot          - Score: 0.0001
23. bwd_header_size_min            - Score: 0.0001
24. bwd_header_size_max            - Score: 0.0001
25. bwd_PSH_flag_count             - Score: 0.0001
26. flow_ECE_flag_count            - Score: 0.0001
27. flow_CWR_flag_count            - Score: 0.0001
28. fwd_pkts_payload.min           - Score: 0.0001
29. bwd_header_size_tot            - Score: 0.0000
30. flow_pkts_payload.avg          - Score: 0.0000
31. fwd_last_window_size           - Score: 0.0000
32. fwd_pkts_payload.std           - Score: 0.0000
33. fwd_init_window_size           - Score: 0.0000
34. flow_pkts_payload.std          - Score: 0.0000
35. fwd_header_size_tot            - Score: 0.0000
36. bwd_pkts_payload.avg           - Score: 0.0000
37. flow_pkts_payload.min          - Score: 0.0000
38. bwd_pkts_payload.std           - Score: 0.0000
39. bwd_bulk_packets               - Score: 0.0000
40. flow_iat.min                   - Score: 0.0000
41. bwd_pkts_payload.min           - Score: 0.0000
42. fwd_bulk_packets               - Score: 0.0000
43. bwd_pkts_payload.max           - Score: 0.0000
44. Unnamed: 0                     - Score: 0.0000
45. id.resp_p                      - Score: 0.0000
46. bwd_subflow_bytes              - Score: 0.0000
47. flow_iat.avg                   - Score: 0.0000
48. flow_iat.max                   - Score: 0.0000
49. active.min                     - Score: 0.0000
50. active.avg                     - Score: 0.0000
51. active.max                     - Score: 0.0000
52. active.tot                     - Score: 0.0000
53. flow_iat.tot                   - Score: 0.0000
54. bwd_pkts_per_sec               - Score: 0.0000
55. bwd_pkts_payload.tot           - Score: 0.0000
56. fwd_pkts_per_sec               - Score: 0.0000
57. fwd_iat.min                    - Score: 0.0000
58. flow_pkts_per_sec              - Score: 0.0000
59. fwd_bulk_rate                  - Score: 0.0000
60. id.orig_p                      - Score: 0.0000
61. fwd_bulk_bytes                 - Score: 0.0000
62. bwd_bulk_bytes                 - Score: 0.0000
63. bwd_init_window_size           - Score: 0.0000
64. bwd_iat.min                    - Score: 0.0000
65. bwd_bulk_rate                  - Score: 0.0000
66. payload_bytes_per_second       - Score: 0.0000
67. flow_iat.std                   - Score: 0.0000
68. fwd_iat.avg                    - Score: 0.0000
69. fwd_iat.std                    - Score: 0.0000
70. bwd_iat.avg                    - Score: 0.0000
71. fwd_iat.max                    - Score: 0.0000
72. fwd_iat.tot                    - Score: 0.0000
73. bwd_iat.std                    - Score: 0.0000
74. bwd_iat.max                    - Score: 0.0000
75. bwd_iat.tot                    - Score: 0.0000
76. active.std                     - Score: 0.0000
77. idle.std                       - Score: 0.0000
78. idle.min                       - Score: 0.0000
79. idle.avg                       - Score: 0.0000
80. idle.max                       - Score: 0.0000
81. idle.tot                       - Score: 0.0000
82. bwd_URG_flag_count             - Score: 0.0000
================================================================================

Features Ranked by Differentiation Strength:
================================================================================
 1. flow_duration                  - Score: 1.0000
 2. fwd_URG_flag_count             - Score: 0.0069
 3. down_up_ratio                  - Score: 0.0037
 4. flow_FIN_flag_count            - Score: 0.0026
 5. fwd_PSH_flag_count             - Score: 0.0026
 6. flow_RST_flag_count            - Score: 0.0024
 7. flow_SYN_flag_count            - Score: 0.0020
 8. fwd_data_pkts_tot              - Score: 0.0013
 9. fwd_pkts_payload.avg           - Score: 0.0005
10. bwd_subflow_pkts               - Score: 0.0005
11. fwd_header_size_min            - Score: 0.0004
12. fwd_header_size_max            - Score: 0.0004
13. bwd_pkts_tot                   - Score: 0.0003
14. fwd_pkts_payload.max           - Score: 0.0002
15. fwd_subflow_pkts               - Score: 0.0002
16. fwd_subflow_bytes              - Score: 0.0002
17. flow_pkts_payload.max          - Score: 0.0002
18. fwd_pkts_payload.tot           - Score: 0.0002
19. bwd_PSH_flag_count             - Score: 0.0002
20. fwd_pkts_payload.std           - Score: 0.0001
21. bwd_header_size_max            - Score: 0.0001
22. bwd_header_size_min            - Score: 0.0001
23. flow_pkts_payload.tot          - Score: 0.0001
24. flow_ACK_flag_count            - Score: 0.0001
25. fwd_pkts_tot                   - Score: 0.0001
26. fwd_pkts_payload.min           - Score: 0.0001
27. bwd_pkts_payload.std           - Score: 0.0001
28. flow_CWR_flag_count            - Score: 0.0001
29. flow_ECE_flag_count            - Score: 0.0001
30. bwd_data_pkts_tot              - Score: 0.0001
31. flow_pkts_payload.std          - Score: 0.0000
32. bwd_header_size_tot            - Score: 0.0000
33. fwd_last_window_size           - Score: 0.0000
34. fwd_init_window_size           - Score: 0.0000
35. flow_pkts_payload.avg          - Score: 0.0000
36. fwd_header_size_tot            - Score: 0.0000
37. bwd_pkts_payload.avg           - Score: 0.0000
38. flow_pkts_payload.min          - Score: 0.0000
39. fwd_bulk_packets               - Score: 0.0000
40. bwd_pkts_payload.max           - Score: 0.0000
41. bwd_bulk_packets               - Score: 0.0000
42. bwd_pkts_payload.min           - Score: 0.0000
43. id.resp_p                      - Score: 0.0000
44. flow_iat.min                   - Score: 0.0000
45. bwd_pkts_per_sec               - Score: 0.0000
46. Unnamed: 0                     - Score: 0.0000
47. bwd_subflow_bytes              - Score: 0.0000
48. flow_iat.avg                   - Score: 0.0000
49. flow_iat.max                   - Score: 0.0000
50. active.min                     - Score: 0.0000
51. active.avg                     - Score: 0.0000
52. active.max                     - Score: 0.0000
53. active.tot                     - Score: 0.0000
54. flow_iat.tot                   - Score: 0.0000
55. bwd_pkts_payload.tot           - Score: 0.0000
56. fwd_pkts_per_sec               - Score: 0.0000
57. fwd_iat.min                    - Score: 0.0000
58. flow_pkts_per_sec              - Score: 0.0000
59. fwd_bulk_rate                  - Score: 0.0000
60. bwd_init_window_size           - Score: 0.0000
61. fwd_iat.avg                    - Score: 0.0000
62. fwd_iat.max                    - Score: 0.0000
63. fwd_iat.tot                    - Score: 0.0000
64. fwd_bulk_bytes                 - Score: 0.0000
65. id.orig_p                      - Score: 0.0000
66. payload_bytes_per_second       - Score: 0.0000
67. bwd_iat.min                    - Score: 0.0000
68. bwd_bulk_bytes                 - Score: 0.0000
69. bwd_bulk_rate                  - Score: 0.0000
70. fwd_iat.std                    - Score: 0.0000
71. flow_iat.std                   - Score: 0.0000
72. bwd_iat.avg                    - Score: 0.0000
73. bwd_iat.std                    - Score: 0.0000
74. bwd_iat.max                    - Score: 0.0000
75. bwd_iat.tot                    - Score: 0.0000
76. active.std                     - Score: 0.0000
77. idle.std                       - Score: 0.0000
78. idle.min                       - Score: 0.0000
79. idle.avg                       - Score: 0.0000
80. idle.max                       - Score: 0.0000
81. idle.tot                       - Score: 0.0000
82. bwd_URG_flag_count             - Score: 0.0000
================================================================================

Features Ranked by Differentiation Strength:
================================================================================
 1. flow_duration                  - Score: 1.0000
 2. down_up_ratio                  - Score: 0.0018
 3. flow_SYN_flag_count            - Score: 0.0012
 4. flow_RST_flag_count            - Score: 0.0008
 5. fwd_PSH_flag_count             - Score: 0.0004
 6. fwd_data_pkts_tot              - Score: 0.0004
 7. fwd_header_size_min            - Score: 0.0003
 8. flow_FIN_flag_count            - Score: 0.0003
 9. bwd_subflow_pkts               - Score: 0.0002
10. bwd_pkts_tot                   - Score: 0.0002
11. fwd_pkts_payload.avg           - Score: 0.0001
12. fwd_header_size_max            - Score: 0.0001
13. fwd_subflow_pkts               - Score: 0.0001
14. fwd_URG_flag_count             - Score: 0.0001
15. bwd_PSH_flag_count             - Score: 0.0001
16. fwd_pkts_payload.std           - Score: 0.0001
17. bwd_header_size_max            - Score: 0.0001
18. bwd_header_size_min            - Score: 0.0001
19. fwd_pkts_tot                   - Score: 0.0001
20. fwd_subflow_bytes              - Score: 0.0001
21. fwd_init_window_size           - Score: 0.0000
22. fwd_pkts_payload.min           - Score: 0.0000
23. flow_ACK_flag_count            - Score: 0.0000
24. fwd_pkts_payload.max           - Score: 0.0000
25. bwd_pkts_payload.std           - Score: 0.0000
26. flow_CWR_flag_count            - Score: 0.0000
27. flow_ECE_flag_count            - Score: 0.0000
28. bwd_data_pkts_tot              - Score: 0.0000
29. fwd_pkts_payload.tot           - Score: 0.0000
30. flow_pkts_payload.max          - Score: 0.0000
31. flow_pkts_payload.tot          - Score: 0.0000
32. fwd_last_window_size           - Score: 0.0000
33. fwd_header_size_tot            - Score: 0.0000
34. flow_pkts_payload.avg          - Score: 0.0000
35. flow_pkts_payload.std          - Score: 0.0000
36. bwd_header_size_tot            - Score: 0.0000
37. bwd_pkts_payload.avg           - Score: 0.0000
38. flow_pkts_payload.min          - Score: 0.0000
39. fwd_bulk_packets               - Score: 0.0000
40. bwd_pkts_payload.max           - Score: 0.0000
41. bwd_bulk_packets               - Score: 0.0000
42. flow_iat.min                   - Score: 0.0000
43. bwd_pkts_payload.min           - Score: 0.0000
44. flow_iat.avg                   - Score: 0.0000
45. flow_iat.max                   - Score: 0.0000
46. active.min                     - Score: 0.0000
47. active.avg                     - Score: 0.0000
48. active.max                     - Score: 0.0000
49. active.tot                     - Score: 0.0000
50. flow_iat.tot                   - Score: 0.0000
51. Unnamed: 0                     - Score: 0.0000
52. bwd_pkts_per_sec               - Score: 0.0000
53. id.resp_p                      - Score: 0.0000
54. bwd_subflow_bytes              - Score: 0.0000
55. bwd_pkts_payload.tot           - Score: 0.0000
56. fwd_pkts_per_sec               - Score: 0.0000
57. flow_pkts_per_sec              - Score: 0.0000
58. fwd_bulk_rate                  - Score: 0.0000
59. bwd_init_window_size           - Score: 0.0000
60. fwd_bulk_bytes                 - Score: 0.0000
61. id.orig_p                      - Score: 0.0000
62. payload_bytes_per_second       - Score: 0.0000
63. bwd_bulk_bytes                 - Score: 0.0000
64. bwd_iat.min                    - Score: 0.0000
65. bwd_bulk_rate                  - Score: 0.0000
66. fwd_iat.min                    - Score: 0.0000
67. fwd_iat.std                    - Score: 0.0000
68. flow_iat.std                   - Score: 0.0000
69. fwd_iat.avg                    - Score: 0.0000
70. fwd_iat.max                    - Score: 0.0000
71. bwd_iat.std                    - Score: 0.0000
72. fwd_iat.tot                    - Score: 0.0000
73. bwd_iat.avg                    - Score: 0.0000
74. bwd_iat.max                    - Score: 0.0000
75. active.std                     - Score: 0.0000
76. bwd_iat.tot                    - Score: 0.0000
77. idle.std                       - Score: 0.0000
78. idle.min                       - Score: 0.0000
79. idle.avg                       - Score: 0.0000
80. idle.max                       - Score: 0.0000
81. idle.tot                       - Score: 0.0000
82. bwd_URG_flag_count             - Score: 0.0000
================================================================================

Features Ranked by Differentiation Strength:
================================================================================
 1. flow_duration                  - Score: 1.0000
 2. fwd_URG_flag_count             - Score: 0.8121
 3. flow_RST_flag_count            - Score: 0.4715
 4. down_up_ratio                  - Score: 0.4304
 5. flow_SYN_flag_count            - Score: 0.2021
 6. flow_FIN_flag_count            - Score: 0.1985
 7. fwd_PSH_flag_count             - Score: 0.1958
 8. fwd_data_pkts_tot              - Score: 0.1571
 9. fwd_pkts_payload.avg           - Score: 0.0555
10. bwd_subflow_pkts               - Score: 0.0543
11. bwd_pkts_tot                   - Score: 0.0361
12. fwd_header_size_min            - Score: 0.0357
13. fwd_header_size_max            - Score: 0.0311
14. fwd_subflow_pkts               - Score: 0.0264
15. bwd_PSH_flag_count             - Score: 0.0250
16. fwd_pkts_payload.max           - Score: 0.0211
17. fwd_subflow_bytes              - Score: 0.0185
18. flow_pkts_payload.max          - Score: 0.0173
19. bwd_data_pkts_tot              - Score: 0.0160
20. bwd_header_size_max            - Score: 0.0154
21. fwd_pkts_payload.tot           - Score: 0.0150
22. bwd_header_size_min            - Score: 0.0149
23. fwd_pkts_tot                   - Score: 0.0143
24. fwd_pkts_payload.std           - Score: 0.0142
25. flow_pkts_payload.tot          - Score: 0.0120
26. flow_ACK_flag_count            - Score: 0.0117
27. flow_CWR_flag_count            - Score: 0.0113
28. flow_ECE_flag_count            - Score: 0.0113
29. fwd_pkts_payload.min           - Score: 0.0099
30. bwd_pkts_payload.std           - Score: 0.0087
31. flow_pkts_payload.avg          - Score: 0.0033
32. flow_pkts_payload.std          - Score: 0.0031
33. bwd_header_size_tot            - Score: 0.0023
34. bwd_pkts_payload.avg           - Score: 0.0020
35. flow_pkts_payload.min          - Score: 0.0011
36. fwd_header_size_tot            - Score: 0.0010
37. fwd_bulk_packets               - Score: 0.0008
38. bwd_pkts_payload.max           - Score: 0.0007
39. bwd_bulk_packets               - Score: 0.0007
40. bwd_pkts_payload.min           - Score: 0.0005
41. id.resp_p                      - Score: 0.0004
42. Unnamed: 0                     - Score: 0.0004
43. bwd_pkts_per_sec               - Score: 0.0003
44. bwd_subflow_bytes              - Score: 0.0002
45. fwd_last_window_size           - Score: 0.0002
46. bwd_pkts_payload.tot           - Score: 0.0001
47. flow_iat.min                   - Score: 0.0001
48. fwd_pkts_per_sec               - Score: 0.0001
49. flow_pkts_per_sec              - Score: 0.0000
50. fwd_bulk_rate                  - Score: 0.0000
51. bwd_iat.min                    - Score: 0.0000
52. fwd_iat.min                    - Score: 0.0000
53. fwd_init_window_size           - Score: 0.0000
54. bwd_init_window_size           - Score: 0.0000
55. fwd_bulk_bytes                 - Score: 0.0000
56. id.orig_p                      - Score: 0.0000
57. flow_iat.avg                   - Score: 0.0000
58. bwd_bulk_bytes                 - Score: 0.0000
59. payload_bytes_per_second       - Score: 0.0000
60. bwd_bulk_rate                  - Score: 0.0000
61. flow_iat.max                   - Score: 0.0000
62. active.min                     - Score: 0.0000
63. active.avg                     - Score: 0.0000
64. active.max                     - Score: 0.0000
65. active.tot                     - Score: 0.0000
66. flow_iat.tot                   - Score: 0.0000
67. flow_iat.std                   - Score: 0.0000
68. bwd_iat.avg                    - Score: 0.0000
69. fwd_iat.avg                    - Score: 0.0000
70. fwd_iat.std                    - Score: 0.0000
71. fwd_iat.max                    - Score: 0.0000
72. bwd_iat.std                    - Score: 0.0000
73. fwd_iat.tot                    - Score: 0.0000
74. bwd_iat.max                    - Score: 0.0000
75. bwd_iat.tot                    - Score: 0.0000
76. active.std                     - Score: 0.0000
77. idle.std                       - Score: 0.0000
78. idle.min                       - Score: 0.0000
79. idle.avg                       - Score: 0.0000
80. idle.max                       - Score: 0.0000
81. idle.tot                       - Score: 0.0000
82. bwd_URG_flag_count             - Score: 0.0000
================================================================================

Features Ranked by Differentiation Strength:
================================================================================
 1. flow_duration                  - Score: 1.0000
 2. fwd_URG_flag_count             - Score: 0.0068
 3. down_up_ratio                  - Score: 0.0038
 4. fwd_PSH_flag_count             - Score: 0.0029
 5. flow_RST_flag_count            - Score: 0.0024
 6. flow_FIN_flag_count            - Score: 0.0022
 7. flow_SYN_flag_count            - Score: 0.0017
 8. fwd_data_pkts_tot              - Score: 0.0012
 9. bwd_subflow_pkts               - Score: 0.0007
10. flow_ACK_flag_count            - Score: 0.0006
11. bwd_pkts_tot                   - Score: 0.0005
12. fwd_subflow_pkts               - Score: 0.0002
13. fwd_header_size_min            - Score: 0.0002
14. bwd_header_size_max            - Score: 0.0002
15. bwd_header_size_min            - Score: 0.0002
16. fwd_pkts_payload.avg           - Score: 0.0002
17. fwd_header_size_max            - Score: 0.0002
18. fwd_pkts_payload.std           - Score: 0.0002
19. bwd_PSH_flag_count             - Score: 0.0002
20. fwd_pkts_tot                   - Score: 0.0001
21. bwd_data_pkts_tot              - Score: 0.0001
22. bwd_pkts_payload.std           - Score: 0.0001
23. flow_CWR_flag_count            - Score: 0.0001
24. flow_ECE_flag_count            - Score: 0.0001
25. fwd_pkts_payload.min           - Score: 0.0001
26. fwd_subflow_bytes              - Score: 0.0001
27. fwd_pkts_payload.max           - Score: 0.0001
28. bwd_header_size_tot            - Score: 0.0001
29. fwd_pkts_payload.tot           - Score: 0.0001
30. flow_pkts_payload.max          - Score: 0.0000
31. flow_pkts_payload.std          - Score: 0.0000
32. flow_pkts_payload.avg          - Score: 0.0000
33. flow_pkts_payload.tot          - Score: 0.0000
34. fwd_last_window_size           - Score: 0.0000
35. fwd_init_window_size           - Score: 0.0000
36. bwd_pkts_payload.avg           - Score: 0.0000
37. flow_pkts_payload.min          - Score: 0.0000
38. fwd_header_size_tot            - Score: 0.0000
39. fwd_bulk_packets               - Score: 0.0000
40. bwd_pkts_payload.max           - Score: 0.0000
41. bwd_bulk_packets               - Score: 0.0000
42. bwd_pkts_payload.min           - Score: 0.0000
43. id.resp_p                      - Score: 0.0000
44. Unnamed: 0                     - Score: 0.0000
45. bwd_pkts_per_sec               - Score: 0.0000
46. bwd_subflow_bytes              - Score: 0.0000
47. flow_iat.min                   - Score: 0.0000
48. flow_iat.avg                   - Score: 0.0000
49. active.min                     - Score: 0.0000
50. active.avg                     - Score: 0.0000
51. active.max                     - Score: 0.0000
52. flow_iat.max                   - Score: 0.0000
53. active.tot                     - Score: 0.0000
54. flow_iat.tot                   - Score: 0.0000
55. bwd_pkts_payload.tot           - Score: 0.0000
56. fwd_pkts_per_sec               - Score: 0.0000
57. flow_pkts_per_sec              - Score: 0.0000
58. fwd_bulk_rate                  - Score: 0.0000
59. bwd_init_window_size           - Score: 0.0000
60. fwd_iat.min                    - Score: 0.0000
61. fwd_iat.avg                    - Score: 0.0000
62. fwd_iat.max                    - Score: 0.0000
63. fwd_iat.tot                    - Score: 0.0000
64. fwd_bulk_bytes                 - Score: 0.0000
65. id.orig_p                      - Score: 0.0000
66. bwd_bulk_bytes                 - Score: 0.0000
67. bwd_iat.min                    - Score: 0.0000
68. payload_bytes_per_second       - Score: 0.0000
69. bwd_bulk_rate                  - Score: 0.0000
70. bwd_iat.std                    - Score: 0.0000
71. flow_iat.std                   - Score: 0.0000
72. bwd_iat.avg                    - Score: 0.0000
73. fwd_iat.std                    - Score: 0.0000
74. bwd_iat.max                    - Score: 0.0000
75. bwd_iat.tot                    - Score: 0.0000
76. active.std                     - Score: 0.0000
77. idle.std                       - Score: 0.0000
78. idle.min                       - Score: 0.0000
79. idle.avg                       - Score: 0.0000
80. idle.max                       - Score: 0.0000
81. idle.tot                       - Score: 0.0000
82. bwd_URG_flag_count             - Score: 0.0000
================================================================================

Features Ranked by Differentiation Strength:
================================================================================
 1. flow_duration                  - Score: 1.0000
 2. fwd_URG_flag_count             - Score: 0.0079
 3. flow_FIN_flag_count            - Score: 0.0030
 4. fwd_PSH_flag_count             - Score: 0.0028
 5. flow_RST_flag_count            - Score: 0.0028
 6. down_up_ratio                  - Score: 0.0027
 7. fwd_data_pkts_tot              - Score: 0.0020
 8. flow_SYN_flag_count            - Score: 0.0020
 9. fwd_pkts_payload.avg           - Score: 0.0006
10. fwd_header_size_max            - Score: 0.0005
11. fwd_header_size_min            - Score: 0.0004
12. bwd_subflow_pkts               - Score: 0.0003
13. fwd_pkts_payload.max           - Score: 0.0002
14. fwd_subflow_bytes              - Score: 0.0002
15. fwd_subflow_pkts               - Score: 0.0002
16. flow_pkts_payload.max          - Score: 0.0002
17. fwd_pkts_payload.tot           - Score: 0.0002
18. bwd_PSH_flag_count             - Score: 0.0002
19. fwd_pkts_payload.std           - Score: 0.0002
20. flow_pkts_payload.tot          - Score: 0.0002
21. bwd_pkts_tot                   - Score: 0.0001
22. fwd_pkts_tot                   - Score: 0.0001
23. bwd_data_pkts_tot              - Score: 0.0001
24. flow_ACK_flag_count            - Score: 0.0001
25. fwd_pkts_payload.min           - Score: 0.0001
26. bwd_header_size_max            - Score: 0.0001
27. flow_CWR_flag_count            - Score: 0.0001
28. flow_ECE_flag_count            - Score: 0.0001
29. bwd_pkts_payload.std           - Score: 0.0001
30. bwd_header_size_min            - Score: 0.0001
31. flow_pkts_payload.avg          - Score: 0.0000
32. flow_pkts_payload.std          - Score: 0.0000
33. fwd_last_window_size           - Score: 0.0000
34. fwd_init_window_size           - Score: 0.0000
35. bwd_pkts_payload.avg           - Score: 0.0000
36. fwd_header_size_tot            - Score: 0.0000
37. flow_pkts_payload.min          - Score: 0.0000
38. bwd_header_size_tot            - Score: 0.0000
39. fwd_bulk_packets               - Score: 0.0000
40. bwd_pkts_payload.max           - Score: 0.0000
41. bwd_bulk_packets               - Score: 0.0000
42. bwd_pkts_payload.min           - Score: 0.0000
43. id.resp_p                      - Score: 0.0000
44. Unnamed: 0                     - Score: 0.0000
45. flow_iat.min                   - Score: 0.0000
46. bwd_subflow_bytes              - Score: 0.0000
47. flow_iat.avg                   - Score: 0.0000
48. flow_iat.max                   - Score: 0.0000
49. active.min                     - Score: 0.0000
50. active.avg                     - Score: 0.0000
51. active.max                     - Score: 0.0000
52. active.tot                     - Score: 0.0000
53. flow_iat.tot                   - Score: 0.0000
54. bwd_pkts_per_sec               - Score: 0.0000
55. bwd_pkts_payload.tot           - Score: 0.0000
56. fwd_pkts_per_sec               - Score: 0.0000
57. flow_pkts_per_sec              - Score: 0.0000
58. fwd_iat.min                    - Score: 0.0000
59. bwd_init_window_size           - Score: 0.0000
60. bwd_iat.min                    - Score: 0.0000
61. id.orig_p                      - Score: 0.0000
62. fwd_bulk_bytes                 - Score: 0.0000
63. fwd_bulk_rate                  - Score: 0.0000
64. payload_bytes_per_second       - Score: 0.0000
65. bwd_bulk_bytes                 - Score: 0.0000
66. bwd_bulk_rate                  - Score: 0.0000
67. flow_iat.std                   - Score: 0.0000
68. fwd_iat.avg                    - Score: 0.0000
69. fwd_iat.std                    - Score: 0.0000
70. fwd_iat.max                    - Score: 0.0000
71. fwd_iat.tot                    - Score: 0.0000
72. bwd_iat.std                    - Score: 0.0000
73. bwd_iat.avg                    - Score: 0.0000
74. bwd_iat.max                    - Score: 0.0000
75. active.std                     - Score: 0.0000
76. bwd_iat.tot                    - Score: 0.0000
77. idle.std                       - Score: 0.0000
78. idle.min                       - Score: 0.0000
79. idle.avg                       - Score: 0.0000
80. idle.max                       - Score: 0.0000
81. idle.tot                       - Score: 0.0000
82. bwd_URG_flag_count             - Score: 0.0000
================================================================================

Features Ranked by Differentiation Strength:
================================================================================
 1. flow_duration                  - Score: 1.0000
 2. down_up_ratio                  - Score: 0.0037
 3. flow_RST_flag_count            - Score: 0.0026
 4. flow_SYN_flag_count            - Score: 0.0016
 5. fwd_data_pkts_tot              - Score: 0.0009
 6. fwd_PSH_flag_count             - Score: 0.0009
 7. flow_FIN_flag_count            - Score: 0.0006
 8. fwd_pkts_payload.avg           - Score: 0.0005
 9. bwd_subflow_pkts               - Score: 0.0005
10. fwd_header_size_min            - Score: 0.0004
11. fwd_header_size_max            - Score: 0.0003
12. bwd_pkts_tot                   - Score: 0.0003
13. fwd_subflow_pkts               - Score: 0.0002
14. bwd_PSH_flag_count             - Score: 0.0002
15. fwd_pkts_payload.max           - Score: 0.0002
16. fwd_subflow_bytes              - Score: 0.0002
17. flow_pkts_payload.max          - Score: 0.0002
18. bwd_header_size_max            - Score: 0.0001
19. bwd_header_size_min            - Score: 0.0001
20. fwd_pkts_payload.tot           - Score: 0.0001
21. fwd_pkts_payload.std           - Score: 0.0001
22. fwd_pkts_tot                   - Score: 0.0001
23. bwd_data_pkts_tot              - Score: 0.0001
24. flow_pkts_payload.tot          - Score: 0.0001
25. flow_ACK_flag_count            - Score: 0.0001
26. flow_CWR_flag_count            - Score: 0.0001
27. flow_ECE_flag_count            - Score: 0.0001
28. fwd_pkts_payload.min           - Score: 0.0001
29. bwd_pkts_payload.std           - Score: 0.0001
30. flow_pkts_payload.avg          - Score: 0.0000
31. flow_pkts_payload.std          - Score: 0.0000
32. fwd_last_window_size           - Score: 0.0000
33. fwd_init_window_size           - Score: 0.0000
34. bwd_header_size_tot            - Score: 0.0000
35. bwd_pkts_payload.avg           - Score: 0.0000
36. fwd_header_size_tot            - Score: 0.0000
37. flow_pkts_payload.min          - Score: 0.0000
38. fwd_bulk_packets               - Score: 0.0000
39. bwd_pkts_payload.max           - Score: 0.0000
40. bwd_bulk_packets               - Score: 0.0000
41. bwd_pkts_payload.min           - Score: 0.0000
42. id.resp_p                      - Score: 0.0000
43. Unnamed: 0                     - Score: 0.0000
44. flow_iat.min                   - Score: 0.0000
45. bwd_pkts_per_sec               - Score: 0.0000
46. bwd_subflow_bytes              - Score: 0.0000
47. flow_iat.avg                   - Score: 0.0000
48. flow_iat.max                   - Score: 0.0000
49. active.min                     - Score: 0.0000
50. active.avg                     - Score: 0.0000
51. active.max                     - Score: 0.0000
52. active.tot                     - Score: 0.0000
53. flow_iat.tot                   - Score: 0.0000
54. bwd_pkts_payload.tot           - Score: 0.0000
55. fwd_pkts_per_sec               - Score: 0.0000
56. flow_pkts_per_sec              - Score: 0.0000
57. fwd_iat.min                    - Score: 0.0000
58. fwd_bulk_rate                  - Score: 0.0000
59. bwd_init_window_size           - Score: 0.0000
60. id.orig_p                      - Score: 0.0000
61. fwd_bulk_bytes                 - Score: 0.0000
62. bwd_bulk_bytes                 - Score: 0.0000
63. payload_bytes_per_second       - Score: 0.0000
64. bwd_iat.min                    - Score: 0.0000
65. bwd_bulk_rate                  - Score: 0.0000
66. flow_iat.std                   - Score: 0.0000
67. fwd_iat.avg                    - Score: 0.0000
68. fwd_iat.std                    - Score: 0.0000
69. fwd_iat.max                    - Score: 0.0000
70. fwd_iat.tot                    - Score: 0.0000
71. bwd_iat.std                    - Score: 0.0000
72. bwd_iat.avg                    - Score: 0.0000
73. bwd_iat.max                    - Score: 0.0000
74. bwd_iat.tot                    - Score: 0.0000
75. active.std                     - Score: 0.0000
76. idle.std                       - Score: 0.0000
77. idle.min                       - Score: 0.0000
78. idle.avg                       - Score: 0.0000
79. idle.max                       - Score: 0.0000
80. idle.tot                       - Score: 0.0000
81. fwd_URG_flag_count             - Score: 0.0000
82. bwd_URG_flag_count             - Score: 0.0000
================================================================================

Features Ranked by Differentiation Strength:
================================================================================
 1. flow_duration                  - Score: 1.0000
 2. fwd_URG_flag_count             - Score: 0.0081
 3. down_up_ratio                  - Score: 0.0041
 4. fwd_PSH_flag_count             - Score: 0.0032
 5. flow_SYN_flag_count            - Score: 0.0029
 6. flow_RST_flag_count            - Score: 0.0026
 7. flow_FIN_flag_count            - Score: 0.0026
 8. fwd_data_pkts_tot              - Score: 0.0013
 9. bwd_subflow_pkts               - Score: 0.0009
10. bwd_pkts_tot                   - Score: 0.0007
11. fwd_header_size_min            - Score: 0.0005
12. flow_ACK_flag_count            - Score: 0.0005
13. fwd_subflow_pkts               - Score: 0.0003
14. bwd_header_size_max            - Score: 0.0003
15. fwd_pkts_payload.avg           - Score: 0.0003
16. bwd_header_size_min            - Score: 0.0002
17. fwd_header_size_max            - Score: 0.0002
18. bwd_PSH_flag_count             - Score: 0.0002
19. bwd_data_pkts_tot              - Score: 0.0002
20. fwd_pkts_payload.std           - Score: 0.0002
21. fwd_pkts_tot                   - Score: 0.0002
22. bwd_header_size_tot            - Score: 0.0001
23. fwd_subflow_bytes              - Score: 0.0001
24. fwd_pkts_payload.min           - Score: 0.0001
25. flow_CWR_flag_count            - Score: 0.0001
26. flow_ECE_flag_count            - Score: 0.0001
27. bwd_pkts_payload.std           - Score: 0.0001
28. fwd_pkts_payload.max           - Score: 0.0001
29. fwd_pkts_payload.tot           - Score: 0.0001
30. fwd_init_window_size           - Score: 0.0001
31. flow_pkts_payload.max          - Score: 0.0001
32. flow_pkts_payload.tot          - Score: 0.0000
33. flow_pkts_payload.avg          - Score: 0.0000
34. flow_pkts_payload.std          - Score: 0.0000
35. fwd_header_size_tot            - Score: 0.0000
36. fwd_last_window_size           - Score: 0.0000
37. bwd_pkts_payload.avg           - Score: 0.0000
38. flow_pkts_payload.min          - Score: 0.0000
39. fwd_bulk_packets               - Score: 0.0000
40. bwd_pkts_payload.max           - Score: 0.0000
41. id.resp_p                      - Score: 0.0000
42. bwd_pkts_payload.min           - Score: 0.0000
43. Unnamed: 0                     - Score: 0.0000
44. flow_iat.min                   - Score: 0.0000
45. bwd_bulk_packets               - Score: 0.0000
46. bwd_subflow_bytes              - Score: 0.0000
47. bwd_pkts_per_sec               - Score: 0.0000
48. flow_iat.avg                   - Score: 0.0000
49. flow_iat.max                   - Score: 0.0000
50. active.min                     - Score: 0.0000
51. active.avg                     - Score: 0.0000
52. active.max                     - Score: 0.0000
53. active.tot                     - Score: 0.0000
54. flow_iat.tot                   - Score: 0.0000
55. bwd_pkts_payload.tot           - Score: 0.0000
56. fwd_iat.min                    - Score: 0.0000
57. fwd_iat.avg                    - Score: 0.0000
58. fwd_iat.max                    - Score: 0.0000
59. fwd_iat.tot                    - Score: 0.0000
60. fwd_pkts_per_sec               - Score: 0.0000
61. flow_pkts_per_sec              - Score: 0.0000
62. fwd_bulk_rate                  - Score: 0.0000
63. bwd_init_window_size           - Score: 0.0000
64. bwd_iat.min                    - Score: 0.0000
65. fwd_bulk_bytes                 - Score: 0.0000
66. id.orig_p                      - Score: 0.0000
67. payload_bytes_per_second       - Score: 0.0000
68. bwd_bulk_rate                  - Score: 0.0000
69. bwd_bulk_bytes                 - Score: 0.0000
70. fwd_iat.std                    - Score: 0.0000
71. flow_iat.std                   - Score: 0.0000
72. bwd_iat.avg                    - Score: 0.0000
73. bwd_iat.max                    - Score: 0.0000
74. bwd_iat.tot                    - Score: 0.0000
75. bwd_iat.std                    - Score: 0.0000
76. active.std                     - Score: 0.0000
77. idle.std                       - Score: 0.0000
78. idle.min                       - Score: 0.0000
79. idle.avg                       - Score: 0.0000
80. idle.max                       - Score: 0.0000
81. idle.tot                       - Score: 0.0000
82. bwd_URG_flag_count             - Score: 0.0000
================================================================================

Features Ranked by Differentiation Strength:
================================================================================
 1. flow_duration                  - Score: 1.0000
 2. fwd_URG_flag_count             - Score: 0.0055
 3. down_up_ratio                  - Score: 0.0045
 4. flow_RST_flag_count            - Score: 0.0043
 5. flow_SYN_flag_count            - Score: 0.0023
 6. fwd_PSH_flag_count             - Score: 0.0022
 7. flow_FIN_flag_count            - Score: 0.0019
 8. fwd_data_pkts_tot              - Score: 0.0016
 9. bwd_subflow_pkts               - Score: 0.0006
10. fwd_pkts_payload.avg           - Score: 0.0006
11. fwd_header_size_min            - Score: 0.0005
12. bwd_pkts_tot                   - Score: 0.0005
13. fwd_header_size_max            - Score: 0.0004
14. bwd_PSH_flag_count             - Score: 0.0003
15. fwd_subflow_pkts               - Score: 0.0003
16. fwd_pkts_payload.max           - Score: 0.0002
17. bwd_data_pkts_tot              - Score: 0.0002
18. fwd_subflow_bytes              - Score: 0.0002
19. flow_pkts_payload.max          - Score: 0.0002
20. fwd_pkts_payload.tot           - Score: 0.0002
21. fwd_pkts_tot                   - Score: 0.0002
22. bwd_header_size_max            - Score: 0.0002
23. bwd_header_size_min            - Score: 0.0002
24. flow_pkts_payload.tot          - Score: 0.0002
25. fwd_pkts_payload.std           - Score: 0.0001
26. flow_ACK_flag_count            - Score: 0.0001
27. fwd_pkts_payload.min           - Score: 0.0001
28. bwd_pkts_payload.std           - Score: 0.0001
29. bwd_header_size_tot            - Score: 0.0000
30. flow_pkts_payload.avg          - Score: 0.0000
31. flow_pkts_payload.std          - Score: 0.0000
32. fwd_last_window_size           - Score: 0.0000
33. fwd_init_window_size           - Score: 0.0000
34. bwd_pkts_payload.avg           - Score: 0.0000
35. fwd_header_size_tot            - Score: 0.0000
36. flow_pkts_payload.min          - Score: 0.0000
37. flow_CWR_flag_count            - Score: 0.0000
38. flow_ECE_flag_count            - Score: 0.0000
39. bwd_pkts_payload.max           - Score: 0.0000
40. bwd_pkts_payload.min           - Score: 0.0000
41. id.resp_p                      - Score: 0.0000
42. fwd_bulk_packets               - Score: 0.0000
43. flow_iat.min                   - Score: 0.0000
44. bwd_bulk_packets               - Score: 0.0000
45. Unnamed: 0                     - Score: 0.0000
46. bwd_pkts_per_sec               - Score: 0.0000
47. bwd_subflow_bytes              - Score: 0.0000
48. bwd_iat.min                    - Score: 0.0000
49. flow_iat.avg                   - Score: 0.0000
50. flow_iat.max                   - Score: 0.0000
51. active.min                     - Score: 0.0000
52. active.avg                     - Score: 0.0000
53. active.max                     - Score: 0.0000
54. active.tot                     - Score: 0.0000
55. flow_iat.tot                   - Score: 0.0000
56. bwd_pkts_payload.tot           - Score: 0.0000
57. fwd_pkts_per_sec               - Score: 0.0000
58. fwd_iat.min                    - Score: 0.0000
59. flow_pkts_per_sec              - Score: 0.0000
60. fwd_bulk_rate                  - Score: 0.0000
61. bwd_init_window_size           - Score: 0.0000
62. id.orig_p                      - Score: 0.0000
63. payload_bytes_per_second       - Score: 0.0000
64. fwd_bulk_bytes                 - Score: 0.0000
65. bwd_bulk_bytes                 - Score: 0.0000
66. bwd_iat.avg                    - Score: 0.0000
67. fwd_iat.avg                    - Score: 0.0000
68. flow_iat.std                   - Score: 0.0000
69. fwd_iat.std                    - Score: 0.0000
70. fwd_iat.max                    - Score: 0.0000
71. bwd_iat.std                    - Score: 0.0000
72. fwd_iat.tot                    - Score: 0.0000
73. bwd_iat.max                    - Score: 0.0000
74. bwd_iat.tot                    - Score: 0.0000
75. active.std                     - Score: 0.0000
76. idle.std                       - Score: 0.0000
77. idle.min                       - Score: 0.0000
78. idle.avg                       - Score: 0.0000
79. idle.max                       - Score: 0.0000
80. bwd_bulk_rate                  - Score: 0.0000
81. idle.tot                       - Score: 0.0000
82. bwd_URG_flag_count             - Score: 0.0000
================================================================================
       1.100        0.000         0.000   +0.000
  wrote C:\personal\grad-school\reproduce\outputs\table_4_4b_theta_sweep.md
  wrote C:\personal\grad-school\reproduce\outputs\table_4_4b_theta_sweep.csv
  wrote C:\personal\grad-school\reproduce\outputs\table_4_4_openset.md
  wrote C:\personal\grad-school\reproduce\outputs\table_4_4_openset.csv
