Norm/conorm matrix -- De Morgan diagonal
  families: ['min/max', 'probability', 'luk', 'hamacher', 'einstein']
  seeds:    [0, 1, 2, 3, 4, 5, 6, 7, 8, 9]
  [skip] Concrete / flat MoG-TSK / min/max: ImportError: cannot import name 'MixtureOfGaussiansFuzzyRegressor' from 'tribblefis.gaussian_regressor' (C:\personal\grad-school\tribble-fis\.venv\Lib\site-packages\tribblefis\gaussian_regressor.py)

Features Ranked by Differentiation Strength:
================================================================================
 1. Superplasticizer               - Score: 1.0000
 2. Water                          - Score: 0.2791
 3. Age                            - Score: 0.0702
 4. Cement                         - Score: 0.0689
 5. FlyAsh                         - Score: 0.0338
 6. CoarseAgg                      - Score: 0.0313
 7. Slag                           - Score: 0.0293
 8. FineAgg                        - Score: 0.0249
================================================================================

Features Ranked by Differentiation Strength:
================================================================================
 1. Superplasticizer               - Score: 1.0000
 2. Water                          - Score: 0.2791
 3. Age                            - Score: 0.0702
 4. Cement                         - Score: 0.0689
 5. FlyAsh                         - Score: 0.0338
 6. CoarseAgg                      - Score: 0.0313
 7. Slag                           - Score: 0.0293
 8. FineAgg                        - Score: 0.0249
================================================================================

Features Ranked by Differentiation Strength:
================================================================================
 1. Superplasticizer               - Score: 1.0000
 2. Age                            - Score: 0.3580
 3. Water                          - Score: 0.2189
 4. Cement                         - Score: 0.0734
 5. FineAgg                        - Score: 0.0449
 6. Slag                           - Score: 0.0302
 7. CoarseAgg                      - Score: 0.0287
 8. FlyAsh                         - Score: 0.0265
================================================================================

Features Ranked by Differentiation Strength:
================================================================================
 1. Superplasticizer               - Score: 1.0000
 2. Water                          - Score: 0.2243
 3. Age                            - Score: 0.0760
 4. Cement                         - Score: 0.0621
 5. FineAgg                        - Score: 0.0155
 6. CoarseAgg                      - Score: 0.0152
 7. Slag                           - Score: 0.0128
 8. FlyAsh                         - Score: 0.0121
================================================================================

Features Ranked by Differentiation Strength:
================================================================================
 1. Superplasticizer               - Score: 1.0000
 2. Water                          - Score: 0.2072
 3. Cement                         - Score: 0.0639
 4. Age                            - Score: 0.0400
 5. FineAgg                        - Score: 0.0387
 6. CoarseAgg                      - Score: 0.0307
 7. FlyAsh                         - Score: 0.0177
 8. Slag                           - Score: 0.0145
================================================================================

Features Ranked by Differentiation Strength:
================================================================================
 1. Superplasticizer               - Score: 1.0000
 2. Water                          - Score: 0.3281
 3. Age                            - Score: 0.1360
 4. Slag                           - Score: 0.1146
 5. Cement                         - Score: 0.0715
 6. FlyAsh                         - Score: 0.0501
 7. CoarseAgg                      - Score: 0.0496
 8. FineAgg                        - Score: 0.0348
================================================================================

Features Ranked by Differentiation Strength:
================================================================================
 1. Superplasticizer               - Score: 1.0000
 2. Water                          - Score: 0.2799
 3. Age                            - Score: 0.0742
 4. Cement                         - Score: 0.0676
 5. CoarseAgg                      - Score: 0.0345
 6. FlyAsh                         - Score: 0.0256
 7. Slag                           - Score: 0.0249
 8. FineAgg                        - Score: 0.0219
================================================================================

Features Ranked by Differentiation Strength:
================================================================================
 1. Superplasticizer               - Score: 1.0000
 2. Water                          - Score: 0.2799
 3. Age                            - Score: 0.0742
 4. Cement                         - Score: 0.0676
 5. CoarseAgg                      - Score: 0.0345
 6. FlyAsh                         - Score: 0.0256
 7. Slag                           - Score: 0.0249
 8. FineAgg                        - Score: 0.0219
================================================================================

Features Ranked by Differentiation Strength:
================================================================================
 1. Superplasticizer               - Score: 1.0000
 2. Age                            - Score: 0.4959
 3. Water                          - Score: 0.2106
 4. Cement                         - Score: 0.0933
 5. FlyAsh                         - Score: 0.0286
 6. FineAgg                        - Score: 0.0191
 7. Slag                           - Score: 0.0189
 8. CoarseAgg                      - Score: 0.0170
================================================================================

Features Ranked by Differentiation Strength:
================================================================================
 1. Superplasticizer               - Score: 1.0000
 2. Water                          - Score: 0.1769
 3. Cement                         - Score: 0.0723
 4. Age                            - Score: 0.0542
 5. CoarseAgg                      - Score: 0.0174
 6. FineAgg                        - Score: 0.0146
 7. FlyAsh                         - Score: 0.0119
 8. Slag                           - Score: 0.0095
================================================================================

Features Ranked by Differentiation Strength:
================================================================================
 1. Superplasticizer               - Score: 1.0000
 2. Water                          - Score: 0.2834
 3. Cement                         - Score: 0.0981
 4. Age                            - Score: 0.0598
 5. FineAgg                        - Score: 0.0572
 6. CoarseAgg                      - Score: 0.0443
 7. Slag                           - Score: 0.0152
 8. FlyAsh                         - Score: 0.0138
================================================================================

Features Ranked by Differentiation Strength:
================================================================================
 1. Superplasticizer               - Score: 1.0000
 2. Water                          - Score: 0.3061
 3. Age                            - Score: 0.1293
 4. Slag                           - Score: 0.0999
 5. Cement                         - Score: 0.0776
 6. CoarseAgg                      - Score: 0.0525
 7. FlyAsh                         - Score: 0.0489
 8. FineAgg                        - Score: 0.0264
================================================================================

Features Ranked by Differentiation Strength:
================================================================================
 1. Superplasticizer               - Score: 1.0000
 2. Water                          - Score: 0.3022
 3. Cement                         - Score: 0.0800
 4. Age                            - Score: 0.0756
 5. FlyAsh                         - Score: 0.0342
 6. CoarseAgg                      - Score: 0.0340
 7. FineAgg                        - Score: 0.0284
 8. Slag                           - Score: 0.0259
================================================================================

Features Ranked by Differentiation Strength:
================================================================================
 1. Superplasticizer               - Score: 1.0000
 2. Water                          - Score: 0.3022
 3. Cement                         - Score: 0.0800
 4. Age                            - Score: 0.0756
 5. FlyAsh                         - Score: 0.0342
 6. CoarseAgg                      - Score: 0.0340
 7. FineAgg                        - Score: 0.0284
 8. Slag                           - Score: 0.0259
================================================================================

Features Ranked by Differentiation Strength:
================================================================================
 1. Superplasticizer               - Score: 1.0000
 2. Age                            - Score: 0.4807
 3. Water                          - Score: 0.1670
 4. Cement                         - Score: 0.0728
 5. FlyAsh                         - Score: 0.0333
 6. FineAgg                        - Score: 0.0318
 7. CoarseAgg                      - Score: 0.0228
 8. Slag                           - Score: 0.0204
================================================================================

Features Ranked by Differentiation Strength:
================================================================================
 1. Superplasticizer               - Score: 1.0000
 2. Water                          - Score: 0.1876
 3. Cement                         - Score: 0.0778
 4. Age                            - Score: 0.0579
 5. CoarseAgg                      - Score: 0.0198
 6. FineAgg                        - Score: 0.0179
 7. Slag                           - Score: 0.0136
 8. FlyAsh                         - Score: 0.0122
================================================================================

Features Ranked by Differentiation Strength:
================================================================================
 1. Superplasticizer               - Score: 1.0000
 2. Water                          - Score: 0.3234
 3. Cement                         - Score: 0.1054
 4. FineAgg                        - Score: 0.0621
 5. Age                            - Score: 0.0578
 6. CoarseAgg                      - Score: 0.0481
 7. Slag                           - Score: 0.0170
 8. FlyAsh                         - Score: 0.0159
================================================================================

Features Ranked by Differentiation Strength:
================================================================================
 1. Superplasticizer               - Score: 1.0000
 2. Water                          - Score: 0.3232
 3. Age                            - Score: 0.1130
 4. Slag                           - Score: 0.1076
 5. Cement                         - Score: 0.0751
 6. CoarseAgg                      - Score: 0.0419
 7. FlyAsh                         - Score: 0.0418
 8. FineAgg                        - Score: 0.0355
================================================================================

Features Ranked by Differentiation Strength:
================================================================================
 1. Superplasticizer               - Score: 1.0000
 2. Water                          - Score: 0.2961
 3. Cement                         - Score: 0.0764
 4. Age                            - Score: 0.0726
 5. FlyAsh                         - Score: 0.0368
 6. CoarseAgg                      - Score: 0.0315
 7. FineAgg                        - Score: 0.0266
 8. Slag                           - Score: 0.0253
================================================================================

Features Ranked by Differentiation Strength:
================================================================================
 1. Superplasticizer               - Score: 1.0000
 2. Water                          - Score: 0.2961
 3. Cement                         - Score: 0.0764
 4. Age                            - Score: 0.0726
 5. FlyAsh                         - Score: 0.0368
 6. CoarseAgg                      - Score: 0.0315
 7. FineAgg                        - Score: 0.0266
 8. Slag                           - Score: 0.0253
================================================================================

Features Ranked by Differentiation Strength:
================================================================================
 1. Superplasticizer               - Score: 1.0000
 2. Age                            - Score: 0.4615
 3. Water                          - Score: 0.1830
 4. Cement                         - Score: 0.0856
 5. FineAgg                        - Score: 0.0318
 6. Slag                           - Score: 0.0275
 7. FlyAsh                         - Score: 0.0262
 8. CoarseAgg                      - Score: 0.0249
================================================================================

Features Ranked by Differentiation Strength:
================================================================================
 1. Superplasticizer               - Score: 1.0000
 2. Water                          - Score: 0.2032
 3. Cement                         - Score: 0.0664
 4. Age                            - Score: 0.0656
 5. FineAgg                        - Score: 0.0176
 6. Slag                           - Score: 0.0171
 7. CoarseAgg                      - Score: 0.0147
 8. FlyAsh                         - Score: 0.0106
================================================================================

Features Ranked by Differentiation Strength:
================================================================================
 1. Superplasticizer               - Score: 1.0000
 2. Water                          - Score: 0.3194
 3. Cement                         - Score: 0.1350
 4. FineAgg                        - Score: 0.0830
 5. Age                            - Score: 0.0632
 6. CoarseAgg                      - Score: 0.0512
 7. Slag                           - Score: 0.0272
 8. FlyAsh                         - Score: 0.0206
================================================================================

Features Ranked by Differentiation Strength:
================================================================================
 1. Superplasticizer               - Score: 1.0000
 2. Water                          - Score: 0.3221
 3. Age                            - Score: 0.1028
 4. Slag                           - Score: 0.0863
 5. Cement                         - Score: 0.0619
 6. FlyAsh                         - Score: 0.0397
 7. CoarseAgg                      - Score: 0.0296
 8. FineAgg                        - Score: 0.0252
================================================================================

Features Ranked by Differentiation Strength:
================================================================================
 1. Superplasticizer               - Score: 1.0000
 2. Water                          - Score: 0.2996
 3. Cement                         - Score: 0.0762
 4. Age                            - Score: 0.0724
 5. CoarseAgg                      - Score: 0.0374
 6. FlyAsh                         - Score: 0.0371
 7. Slag                           - Score: 0.0287
 8. FineAgg                        - Score: 0.0272
================================================================================

Features Ranked by Differentiation Strength:
================================================================================
 1. Superplasticizer               - Score: 1.0000
 2. Water                          - Score: 0.2996
 3. Cement                         - Score: 0.0762
 4. Age                            - Score: 0.0724
 5. CoarseAgg                      - Score: 0.0374
 6. FlyAsh                         - Score: 0.0371
 7. Slag                           - Score: 0.0287
 8. FineAgg                        - Score: 0.0272
================================================================================

Features Ranked by Differentiation Strength:
================================================================================
 1. Superplasticizer               - Score: 1.0000
 2. Age                            - Score: 0.3895
 3. Water                          - Score: 0.2511
 4. Cement                         - Score: 0.0821
 5. FineAgg                        - Score: 0.0329
 6. FlyAsh                         - Score: 0.0253
 7. CoarseAgg                      - Score: 0.0205
 8. Slag                           - Score: 0.0203
================================================================================

Features Ranked by Differentiation Strength:
================================================================================
 1. Superplasticizer               - Score: 1.0000
 2. Water                          - Score: 0.2101
 3. Cement                         - Score: 0.0966
 4. Age                            - Score: 0.0799
 5. FineAgg                        - Score: 0.0300
 6. CoarseAgg                      - Score: 0.0180
 7. FlyAsh                         - Score: 0.0158
 8. Slag                           - Score: 0.0153
================================================================================

Features Ranked by Differentiation Strength:
================================================================================
 1. Superplasticizer               - Score: 1.0000
 2. Water                          - Score: 0.2680
 3. Cement                         - Score: 0.1079
 4. FineAgg                        - Score: 0.0725
 5. Age                            - Score: 0.0555
 6. CoarseAgg                      - Score: 0.0489
 7. Slag                           - Score: 0.0236
 8. FlyAsh                         - Score: 0.0218
================================================================================

Features Ranked by Differentiation Strength:
================================================================================
 1. Superplasticizer               - Score: 1.0000
 2. Water                          - Score: 0.3260
 3. Age                            - Score: 0.1073
 4. Slag                           - Score: 0.0902
 5. Cement                         - Score: 0.0790
 6. FlyAsh                         - Score: 0.0529
 7. CoarseAgg                      - Score: 0.0484
 8. FineAgg                        - Score: 0.0281
================================================================================

Features Ranked by Differentiation Strength:
================================================================================
 1. Superplasticizer               - Score: 1.0000
 2. Water                          - Score: 0.2945
 3. Cement                         - Score: 0.0750
 4. Age                            - Score: 0.0728
 5. FlyAsh                         - Score: 0.0337
 6. CoarseAgg                      - Score: 0.0325
 7. Slag                           - Score: 0.0265
 8. FineAgg                        - Score: 0.0255
================================================================================

Features Ranked by Differentiation Strength:
================================================================================
 1. Superplasticizer               - Score: 1.0000
 2. Water                          - Score: 0.2945
 3. Cement                         - Score: 0.0750
 4. Age                            - Score: 0.0728
 5. FlyAsh                         - Score: 0.0337
 6. CoarseAgg                      - Score: 0.0325
 7. Slag                           - Score: 0.0265
 8. FineAgg                        - Score: 0.0255
================================================================================

Features Ranked by Differentiation Strength:
================================================================================
 1. Superplasticizer               - Score: 1.0000
 2. Age                            - Score: 0.8496
 3. Water                          - Score: 0.1876
 4. Cement                         - Score: 0.0793
 5. FineAgg                        - Score: 0.0329
 6. CoarseAgg                      - Score: 0.0323
 7. FlyAsh                         - Score: 0.0314
 8. Slag                           - Score: 0.0235
================================================================================

Features Ranked by Differentiation Strength:
================================================================================
 1. Superplasticizer               - Score: 1.0000
 2. Water                          - Score: 0.1891
 3. Age                            - Score: 0.0687
 4. Cement                         - Score: 0.0638
 5. CoarseAgg                      - Score: 0.0178
 6. FineAgg                        - Score: 0.0157
 7. Slag                           - Score: 0.0140
 8. FlyAsh                         - Score: 0.0123
================================================================================

Features Ranked by Differentiation Strength:
================================================================================
 1. Superplasticizer               - Score: 1.0000
 2. Water                          - Score: 0.3031
 3. Cement                         - Score: 0.1008
 4. FineAgg                        - Score: 0.0623
 5. Age                            - Score: 0.0521
 6. CoarseAgg                      - Score: 0.0440
 7. FlyAsh                         - Score: 0.0153
 8. Slag                           - Score: 0.0127
================================================================================

Features Ranked by Differentiation Strength:
================================================================================
 1. Superplasticizer               - Score: 1.0000
 2. Water                          - Score: 0.3095
 3. Age                            - Score: 0.1328
 4. Slag                           - Score: 0.1099
 5. Cement                         - Score: 0.0726
 6. FlyAsh                         - Score: 0.0468
 7. CoarseAgg                      - Score: 0.0447
 8. FineAgg                        - Score: 0.0337
================================================================================

Features Ranked by Differentiation Strength:
================================================================================
 1. Superplasticizer               - Score: 1.0000
 2. Water                          - Score: 0.2873
 3. Age                            - Score: 0.0750
 4. Cement                         - Score: 0.0667
 5. CoarseAgg                      - Score: 0.0310
 6. FlyAsh                         - Score: 0.0244
 7. FineAgg                        - Score: 0.0226
 8. Slag                           - Score: 0.0199
================================================================================

Features Ranked by Differentiation Strength:
================================================================================
 1. Superplasticizer               - Score: 1.0000
 2. Water                          - Score: 0.2873
 3. Age                            - Score: 0.0750
 4. Cement                         - Score: 0.0667
 5. CoarseAgg                      - Score: 0.0310
 6. FlyAsh                         - Score: 0.0244
 7. FineAgg                        - Score: 0.0226
 8. Slag                           - Score: 0.0199
================================================================================

Features Ranked by Differentiation Strength:
================================================================================
 1. Superplasticizer               - Score: 1.0000
 2. Age                            - Score: 0.4817
 3. Water                          - Score: 0.1765
 4. Cement                         - Score: 0.0797
 5. Slag                           - Score: 0.0285
 6. FineAgg                        - Score: 0.0282
 7. FlyAsh                         - Score: 0.0253
 8. CoarseAgg                      - Score: 0.0251
================================================================================

Features Ranked by Differentiation Strength:
================================================================================
 1. Superplasticizer               - Score: 1.0000
 2. Water                          - Score: 0.1977
 3. Cement                         - Score: 0.0696
 4. Age                            - Score: 0.0619
 5. FineAgg                        - Score: 0.0211
 6. CoarseAgg                      - Score: 0.0201
 7. FlyAsh                         - Score: 0.0134
 8. Slag                           - Score: 0.0116
================================================================================

Features Ranked by Differentiation Strength:
================================================================================
 1. Superplasticizer               - Score: 1.0000
 2. Water                          - Score: 0.1833
 3. Age                            - Score: 0.0561
 4. Cement                         - Score: 0.0539
 5. Slag                           - Score: 0.0378
 6. FineAgg                        - Score: 0.0228
 7. CoarseAgg                      - Score: 0.0203
 8. FlyAsh                         - Score: 0.0142
================================================================================

Features Ranked by Differentiation Strength:
================================================================================
 1. Superplasticizer               - Score: 1.0000
 2. Water                          - Score: 0.3200
 3. Age                            - Score: 0.0915
 4. Cement                         - Score: 0.0727
 5. Slag                           - Score: 0.0660
 6. CoarseAgg                      - Score: 0.0397
 7. FlyAsh                         - Score: 0.0270
 8. FineAgg                        - Score: 0.0257
================================================================================

Features Ranked by Differentiation Strength:
================================================================================
 1. Superplasticizer               - Score: 1.0000
 2. Water                          - Score: 0.2806
 3. Age                            - Score: 0.0803
 4. Cement                         - Score: 0.0750
 5. FlyAsh                         - Score: 0.0335
 6. Slag                           - Score: 0.0315
 7. CoarseAgg                      - Score: 0.0311
 8. FineAgg                        - Score: 0.0309
================================================================================

Features Ranked by Differentiation Strength:
================================================================================
 1. Superplasticizer               - Score: 1.0000
 2. Water                          - Score: 0.2806
 3. Age                            - Score: 0.0803
 4. Cement                         - Score: 0.0750
 5. FlyAsh                         - Score: 0.0335
 6. Slag                           - Score: 0.0315
 7. CoarseAgg                      - Score: 0.0311
 8. FineAgg                        - Score: 0.0309
================================================================================

Features Ranked by Differentiation Strength:
================================================================================
 1. Superplasticizer               - Score: 1.0000
 2. Age                            - Score: 0.5077
 3. Water                          - Score: 0.1810
 4. Cement                         - Score: 0.0878
 5. FineAgg                        - Score: 0.0366
 6. Slag                           - Score: 0.0364
 7. CoarseAgg                      - Score: 0.0295
 8. FlyAsh                         - Score: 0.0280
================================================================================

Features Ranked by Differentiation Strength:
================================================================================
 1. Superplasticizer               - Score: 1.0000
 2. Water                          - Score: 0.1905
 3. Cement                         - Score: 0.0761
 4. Age                            - Score: 0.0758
 5. FineAgg                        - Score: 0.0313
 6. Slag                           - Score: 0.0169
 7. CoarseAgg                      - Score: 0.0166
 8. FlyAsh                         - Score: 0.0156
================================================================================

Features Ranked by Differentiation Strength:
================================================================================
 1. Superplasticizer               - Score: 1.0000
 2. Water                          - Score: 0.2444
 3. Cement                         - Score: 0.0819
 4. FineAgg                        - Score: 0.0578
 5. Age                            - Score: 0.0548
 6. CoarseAgg                      - Score: 0.0382
 7. Slag                           - Score: 0.0182
 8. FlyAsh                         - Score: 0.0159
================================================================================

Features Ranked by Differentiation Strength:
================================================================================
 1. Superplasticizer               - Score: 1.0000
 2. Water                          - Score: 0.2916
 3. Age                            - Score: 0.1491
 4. Slag                           - Score: 0.1073
 5. Cement                         - Score: 0.0781
 6. FlyAsh                         - Score: 0.0512
 7. CoarseAgg                      - Score: 0.0502
 8. FineAgg                        - Score: 0.0354
================================================================================

Features Ranked by Differentiation Strength:
================================================================================
 1. Superplasticizer               - Score: 1.0000
 2. Water                          - Score: 0.2910
 3. Cement                         - Score: 0.0748
 4. Age                            - Score: 0.0738
 5. CoarseAgg                      - Score: 0.0333
 6. FlyAsh                         - Score: 0.0297
 7. FineAgg                        - Score: 0.0277
 8. Slag                           - Score: 0.0248
================================================================================

Features Ranked by Differentiation Strength:
================================================================================
 1. Superplasticizer               - Score: 1.0000
 2. Water                          - Score: 0.2910
 3. Cement                         - Score: 0.0748
 4. Age                            - Score: 0.0738
 5. CoarseAgg                      - Score: 0.0333
 6. FlyAsh                         - Score: 0.0297
 7. FineAgg                        - Score: 0.0277
 8. Slag                           - Score: 0.0248
================================================================================

Features Ranked by Differentiation Strength:
================================================================================
 1. Superplasticizer               - Score: 1.0000
 2. Age                            - Score: 0.4846
 3. Water                          - Score: 0.1826
 4. Cement                         - Score: 0.0935
 5. Slag                           - Score: 0.0365
 6. FineAgg                        - Score: 0.0340
 7. FlyAsh                         - Score: 0.0296
 8. CoarseAgg                      - Score: 0.0270
================================================================================

Features Ranked by Differentiation Strength:
================================================================================
 1. Superplasticizer               - Score: 1.0000
 2. Water                          - Score: 0.2021
 3. Age                            - Score: 0.0769
 4. Cement                         - Score: 0.0709
 5. FineAgg                        - Score: 0.0238
 6. CoarseAgg                      - Score: 0.0205
 7. Slag                           - Score: 0.0159
 8. FlyAsh                         - Score: 0.0121
================================================================================

Features Ranked by Differentiation Strength:
================================================================================
 1. Superplasticizer               - Score: 1.0000
 2. Water                          - Score: 0.3255
 3. Cement                         - Score: 0.0956
 4. FineAgg                        - Score: 0.0565
 5. Age                            - Score: 0.0487
 6. CoarseAgg                      - Score: 0.0432
 7. FlyAsh                         - Score: 0.0249
 8. Slag                           - Score: 0.0166
================================================================================

Features Ranked by Differentiation Strength:
================================================================================
 1. Superplasticizer               - Score: 1.0000
 2. Water                          - Score: 0.3067
 3. Age                            - Score: 0.1181
 4. Slag                           - Score: 0.1084
 5. Cement                         - Score: 0.0789
 6. CoarseAgg                      - Score: 0.0514
 7. FlyAsh                         - Score: 0.0505
 8. FineAgg                        - Score: 0.0298
================================================================================

Features Ranked by Differentiation Strength:
================================================================================
 1. Superplasticizer               - Score: 1.0000
 2. Water                          - Score: 0.2974
 3. Age                            - Score: 0.1101
 4. Cement                         - Score: 0.0803
 5. FlyAsh                         - Score: 0.0418
 6. CoarseAgg                      - Score: 0.0325
 7. Slag                           - Score: 0.0285
 8. FineAgg                        - Score: 0.0245
================================================================================

Features Ranked by Differentiation Strength:
================================================================================
 1. Superplasticizer               - Score: 1.0000
 2. Water                          - Score: 0.2974
 3. Age                            - Score: 0.1101
 4. Cement                         - Score: 0.0803
 5. FlyAsh                         - Score: 0.0418
 6. CoarseAgg                      - Score: 0.0325
 7. Slag                           - Score: 0.0285
 8. FineAgg                        - Score: 0.0245
================================================================================

Features Ranked by Differentiation Strength:
================================================================================
 1. Superplasticizer               - Score: 1.0000
 2. Age                            - Score: 0.3792
 3. Water                          - Score: 0.2719
 4. Cement                         - Score: 0.0760
 5. FineAgg                        - Score: 0.0318
 6. Slag                           - Score: 0.0208
 7. CoarseAgg                      - Score: 0.0185
 8. FlyAsh                         - Score: 0.0183
================================================================================

Features Ranked by Differentiation Strength:
================================================================================
 1. Superplasticizer               - Score: 1.0000
 2. Water                          - Score: 0.2176
 3. Age                            - Score: 0.0896
 4. Cement                         - Score: 0.0825
 5. CoarseAgg                      - Score: 0.0157
 6. FineAgg                        - Score: 0.0144
 7. Slag                           - Score: 0.0108
 8. FlyAsh                         - Score: 0.0107
================================================================================

Features Ranked by Differentiation Strength:
================================================================================
 1. Superplasticizer               - Score: 1.0000
 2. Water                          - Score: 0.1790
 3. Cement                         - Score: 0.0502
 4. Age                            - Score: 0.0397
 5. FineAgg                        - Score: 0.0311
 6. CoarseAgg                      - Score: 0.0248
 7. Slag                           - Score: 0.0119
 8. FlyAsh                         - Score: 0.0108
================================================================================

Features Ranked by Differentiation Strength:
================================================================================
 1. Superplasticizer               - Score: 1.0000
 2. Water                          - Score: 0.3360
 3. Age                            - Score: 0.1819
 4. Slag                           - Score: 0.1177
 5. Cement                         - Score: 0.0816
 6. FlyAsh                         - Score: 0.0736
 7. CoarseAgg                      - Score: 0.0486
 8. FineAgg                        - Score: 0.0319
================================================================================
  Concrete: min/max done
  [skip] Concrete / flat MoG-TSK / probability: ImportError: cannot import name 'MixtureOfGaussiansFuzzyRegressor' from 'tribblefis.gaussian_regressor' (C:\personal\grad-school\tribble-fis\.venv\Lib\site-packages\tribblefis\gaussian_regressor.py)

Features Ranked by Differentiation Strength:
================================================================================
 1. Superplasticizer               - Score: 1.0000
 2. Water                          - Score: 0.2791
 3. Age                            - Score: 0.0702
 4. Cement                         - Score: 0.0689
 5. FlyAsh                         - Score: 0.0338
 6. CoarseAgg                      - Score: 0.0313
 7. Slag                           - Score: 0.0293
 8. FineAgg                        - Score: 0.0249
================================================================================

Features Ranked by Differentiation Strength:
================================================================================
 1. Superplasticizer               - Score: 1.0000
 2. Water                          - Score: 0.2791
 3. Age                            - Score: 0.0702
 4. Cement                         - Score: 0.0689
 5. FlyAsh                         - Score: 0.0338
 6. CoarseAgg                      - Score: 0.0313
 7. Slag                           - Score: 0.0293
 8. FineAgg                        - Score: 0.0249
================================================================================

Features Ranked by Differentiation Strength:
================================================================================
 1. Superplasticizer               - Score: 1.0000
 2. Age                            - Score: 0.3580
 3. Water                          - Score: 0.2189
 4. Cement                         - Score: 0.0734
 5. FineAgg                        - Score: 0.0449
 6. Slag                           - Score: 0.0302
 7. CoarseAgg                      - Score: 0.0287
 8. FlyAsh                         - Score: 0.0265
================================================================================

Features Ranked by Differentiation Strength:
================================================================================
 1. Superplasticizer               - Score: 1.0000
 2. Water                          - Score: 0.2243
 3. Age                            - Score: 0.0760
 4. Cement                         - Score: 0.0621
 5. FineAgg                        - Score: 0.0155
 6. CoarseAgg                      - Score: 0.0152
 7. Slag                           - Score: 0.0128
 8. FlyAsh                         - Score: 0.0121
================================================================================

Features Ranked by Differentiation Strength:
================================================================================
 1. Superplasticizer               - Score: 1.0000
 2. Water                          - Score: 0.2072
 3. Cement                         - Score: 0.0639
 4. Age                            - Score: 0.0400
 5. FineAgg                        - Score: 0.0387
 6. CoarseAgg                      - Score: 0.0307
 7. FlyAsh                         - Score: 0.0177
 8. Slag                           - Score: 0.0145
================================================================================

Features Ranked by Differentiation Strength:
================================================================================
 1. Superplasticizer               - Score: 1.0000
 2. Water                          - Score: 0.3281
 3. Age                            - Score: 0.1360
 4. Slag                           - Score: 0.1146
 5. Cement                         - Score: 0.0715
 6. FlyAsh                         - Score: 0.0501
 7. CoarseAgg                      - Score: 0.0496
 8. FineAgg                        - Score: 0.0348
================================================================================

Features Ranked by Differentiation Strength:
================================================================================
 1. Superplasticizer               - Score: 1.0000
 2. Water                          - Score: 0.2799
 3. Age                            - Score: 0.0742
 4. Cement                         - Score: 0.0676
 5. CoarseAgg                      - Score: 0.0345
 6. FlyAsh                         - Score: 0.0256
 7. Slag                           - Score: 0.0249
 8. FineAgg                        - Score: 0.0219
================================================================================

Features Ranked by Differentiation Strength:
================================================================================
 1. Superplasticizer               - Score: 1.0000
 2. Water                          - Score: 0.2799
 3. Age                            - Score: 0.0742
 4. Cement                         - Score: 0.0676
 5. CoarseAgg                      - Score: 0.0345
 6. FlyAsh                         - Score: 0.0256
 7. Slag                           - Score: 0.0249
 8. FineAgg                        - Score: 0.0219
================================================================================

Features Ranked by Differentiation Strength:
================================================================================
 1. Superplasticizer               - Score: 1.0000
 2. Age                            - Score: 0.4959
 3. Water                          - Score: 0.2106
 4. Cement                         - Score: 0.0933
 5. FlyAsh                         - Score: 0.0286
 6. FineAgg                        - Score: 0.0191
 7. Slag                           - Score: 0.0189
 8. CoarseAgg                      - Score: 0.0170
================================================================================

Features Ranked by Differentiation Strength:
================================================================================
 1. Superplasticizer               - Score: 1.0000
 2. Water                          - Score: 0.1769
 3. Cement                         - Score: 0.0723
 4. Age                            - Score: 0.0542
 5. CoarseAgg                      - Score: 0.0174
 6. FineAgg                        - Score: 0.0146
 7. FlyAsh                         - Score: 0.0119
 8. Slag                           - Score: 0.0095
================================================================================

Features Ranked by Differentiation Strength:
================================================================================
 1. Superplasticizer               - Score: 1.0000
 2. Water                          - Score: 0.2834
 3. Cement                         - Score: 0.0981
 4. Age                            - Score: 0.0598
 5. FineAgg                        - Score: 0.0572
 6. CoarseAgg                      - Score: 0.0443
 7. Slag                           - Score: 0.0152
 8. FlyAsh                         - Score: 0.0138
================================================================================

Features Ranked by Differentiation Strength:
================================================================================
 1. Superplasticizer               - Score: 1.0000
 2. Water                          - Score: 0.3061
 3. Age                            - Score: 0.1293
 4. Slag                           - Score: 0.0999
 5. Cement                         - Score: 0.0776
 6. CoarseAgg                      - Score: 0.0525
 7. FlyAsh                         - Score: 0.0489
 8. FineAgg                        - Score: 0.0264
================================================================================

Features Ranked by Differentiation Strength:
================================================================================
 1. Superplasticizer               - Score: 1.0000
 2. Water                          - Score: 0.3022
 3. Cement                         - Score: 0.0800
 4. Age                            - Score: 0.0756
 5. FlyAsh                         - Score: 0.0342
 6. CoarseAgg                      - Score: 0.0340
 7. FineAgg                        - Score: 0.0284
 8. Slag                           - Score: 0.0259
================================================================================

Features Ranked by Differentiation Strength:
================================================================================
 1. Superplasticizer               - Score: 1.0000
 2. Water                          - Score: 0.3022
 3. Cement                         - Score: 0.0800
 4. Age                            - Score: 0.0756
 5. FlyAsh                         - Score: 0.0342
 6. CoarseAgg                      - Score: 0.0340
 7. FineAgg                        - Score: 0.0284
 8. Slag                           - Score: 0.0259
================================================================================

Features Ranked by Differentiation Strength:
================================================================================
 1. Superplasticizer               - Score: 1.0000
 2. Age                            - Score: 0.4807
 3. Water                          - Score: 0.1670
 4. Cement                         - Score: 0.0728
 5. FlyAsh                         - Score: 0.0333
 6. FineAgg                        - Score: 0.0318
 7. CoarseAgg                      - Score: 0.0228
 8. Slag                           - Score: 0.0204
================================================================================

Features Ranked by Differentiation Strength:
================================================================================
 1. Superplasticizer               - Score: 1.0000
 2. Water                          - Score: 0.1876
 3. Cement                         - Score: 0.0778
 4. Age                            - Score: 0.0579
 5. CoarseAgg                      - Score: 0.0198
 6. FineAgg                        - Score: 0.0179
 7. Slag                           - Score: 0.0136
 8. FlyAsh                         - Score: 0.0122
================================================================================

Features Ranked by Differentiation Strength:
================================================================================
 1. Superplasticizer               - Score: 1.0000
 2. Water                          - Score: 0.3234
 3. Cement                         - Score: 0.1054
 4. FineAgg                        - Score: 0.0621
 5. Age                            - Score: 0.0578
 6. CoarseAgg                      - Score: 0.0481
 7. Slag                           - Score: 0.0170
 8. FlyAsh                         - Score: 0.0159
================================================================================

Features Ranked by Differentiation Strength:
================================================================================
 1. Superplasticizer               - Score: 1.0000
 2. Water                          - Score: 0.3232
 3. Age                            - Score: 0.1130
 4. Slag                           - Score: 0.1076
 5. Cement                         - Score: 0.0751
 6. CoarseAgg                      - Score: 0.0419
 7. FlyAsh                         - Score: 0.0418
 8. FineAgg                        - Score: 0.0355
================================================================================

Features Ranked by Differentiation Strength:
================================================================================
 1. Superplasticizer               - Score: 1.0000
 2. Water                          - Score: 0.2961
 3. Cement                         - Score: 0.0764
 4. Age                            - Score: 0.0726
 5. FlyAsh                         - Score: 0.0368
 6. CoarseAgg                      - Score: 0.0315
 7. FineAgg                        - Score: 0.0266
 8. Slag                           - Score: 0.0253
================================================================================

Features Ranked by Differentiation Strength:
================================================================================
 1. Superplasticizer               - Score: 1.0000
 2. Water                          - Score: 0.2961
 3. Cement                         - Score: 0.0764
 4. Age                            - Score: 0.0726
 5. FlyAsh                         - Score: 0.0368
 6. CoarseAgg                      - Score: 0.0315
 7. FineAgg                        - Score: 0.0266
 8. Slag                           - Score: 0.0253
================================================================================

Features Ranked by Differentiation Strength:
================================================================================
 1. Superplasticizer               - Score: 1.0000
 2. Age                            - Score: 0.4615
 3. Water                          - Score: 0.1830
 4. Cement                         - Score: 0.0856
 5. FineAgg                        - Score: 0.0318
 6. Slag                           - Score: 0.0275
 7. FlyAsh                         - Score: 0.0262
 8. CoarseAgg                      - Score: 0.0249
================================================================================

Features Ranked by Differentiation Strength:
================================================================================
 1. Superplasticizer               - Score: 1.0000
 2. Water                          - Score: 0.2032
 3. Cement                         - Score: 0.0664
 4. Age                            - Score: 0.0656
 5. FineAgg                        - Score: 0.0176
 6. Slag                           - Score: 0.0171
 7. CoarseAgg                      - Score: 0.0147
 8. FlyAsh                         - Score: 0.0106
================================================================================

Features Ranked by Differentiation Strength:
================================================================================
 1. Superplasticizer               - Score: 1.0000
 2. Water                          - Score: 0.3194
 3. Cement                         - Score: 0.1350
 4. FineAgg                        - Score: 0.0830
 5. Age                            - Score: 0.0632
 6. CoarseAgg                      - Score: 0.0512
 7. Slag                           - Score: 0.0272
 8. FlyAsh                         - Score: 0.0206
================================================================================

Features Ranked by Differentiation Strength:
================================================================================
 1. Superplasticizer               - Score: 1.0000
 2. Water                          - Score: 0.3221
 3. Age                            - Score: 0.1028
 4. Slag                           - Score: 0.0863
 5. Cement                         - Score: 0.0619
 6. FlyAsh                         - Score: 0.0397
 7. CoarseAgg                      - Score: 0.0296
 8. FineAgg                        - Score: 0.0252
================================================================================

Features Ranked by Differentiation Strength:
================================================================================
 1. Superplasticizer               - Score: 1.0000
 2. Water                          - Score: 0.2996
 3. Cement                         - Score: 0.0762
 4. Age                            - Score: 0.0724
 5. CoarseAgg                      - Score: 0.0374
 6. FlyAsh                         - Score: 0.0371
 7. Slag                           - Score: 0.0287
 8. FineAgg                        - Score: 0.0272
================================================================================

Features Ranked by Differentiation Strength:
================================================================================
 1. Superplasticizer               - Score: 1.0000
 2. Water                          - Score: 0.2996
 3. Cement                         - Score: 0.0762
 4. Age                            - Score: 0.0724
 5. CoarseAgg                      - Score: 0.0374
 6. FlyAsh                         - Score: 0.0371
 7. Slag                           - Score: 0.0287
 8. FineAgg                        - Score: 0.0272
================================================================================

Features Ranked by Differentiation Strength:
================================================================================
 1. Superplasticizer               - Score: 1.0000
 2. Age                            - Score: 0.3895
 3. Water                          - Score: 0.2511
 4. Cement                         - Score: 0.0821
 5. FineAgg                        - Score: 0.0329
 6. FlyAsh                         - Score: 0.0253
 7. CoarseAgg                      - Score: 0.0205
 8. Slag                           - Score: 0.0203
================================================================================

Features Ranked by Differentiation Strength:
================================================================================
 1. Superplasticizer               - Score: 1.0000
 2. Water                          - Score: 0.2101
 3. Cement                         - Score: 0.0966
 4. Age                            - Score: 0.0799
 5. FineAgg                        - Score: 0.0300
 6. CoarseAgg                      - Score: 0.0180
 7. FlyAsh                         - Score: 0.0158
 8. Slag                           - Score: 0.0153
================================================================================

Features Ranked by Differentiation Strength:
================================================================================
 1. Superplasticizer               - Score: 1.0000
 2. Water                          - Score: 0.2680
 3. Cement                         - Score: 0.1079
 4. FineAgg                        - Score: 0.0725
 5. Age                            - Score: 0.0555
 6. CoarseAgg                      - Score: 0.0489
 7. Slag                           - Score: 0.0236
 8. FlyAsh                         - Score: 0.0218
================================================================================

Features Ranked by Differentiation Strength:
================================================================================
 1. Superplasticizer               - Score: 1.0000
 2. Water                          - Score: 0.3260
 3. Age                            - Score: 0.1073
 4. Slag                           - Score: 0.0902
 5. Cement                         - Score: 0.0790
 6. FlyAsh                         - Score: 0.0529
 7. CoarseAgg                      - Score: 0.0484
 8. FineAgg                        - Score: 0.0281
================================================================================

Features Ranked by Differentiation Strength:
================================================================================
 1. Superplasticizer               - Score: 1.0000
 2. Water                          - Score: 0.2945
 3. Cement                         - Score: 0.0750
 4. Age                            - Score: 0.0728
 5. FlyAsh                         - Score: 0.0337
 6. CoarseAgg                      - Score: 0.0325
 7. Slag                           - Score: 0.0265
 8. FineAgg                        - Score: 0.0255
================================================================================

Features Ranked by Differentiation Strength:
================================================================================
 1. Superplasticizer               - Score: 1.0000
 2. Water                          - Score: 0.2945
 3. Cement                         - Score: 0.0750
 4. Age                            - Score: 0.0728
 5. FlyAsh                         - Score: 0.0337
 6. CoarseAgg                      - Score: 0.0325
 7. Slag                           - Score: 0.0265
 8. FineAgg                        - Score: 0.0255
================================================================================

Features Ranked by Differentiation Strength:
================================================================================
 1. Superplasticizer               - Score: 1.0000
 2. Age                            - Score: 0.8496
 3. Water                          - Score: 0.1876
 4. Cement                         - Score: 0.0793
 5. FineAgg                        - Score: 0.0329
 6. CoarseAgg                      - Score: 0.0323
 7. FlyAsh                         - Score: 0.0314
 8. Slag                           - Score: 0.0235
================================================================================

Features Ranked by Differentiation Strength:
================================================================================
 1. Superplasticizer               - Score: 1.0000
 2. Water                          - Score: 0.1891
 3. Age                            - Score: 0.0687
 4. Cement                         - Score: 0.0638
 5. CoarseAgg                      - Score: 0.0178
 6. FineAgg                        - Score: 0.0157
 7. Slag                           - Score: 0.0140
 8. FlyAsh                         - Score: 0.0123
================================================================================

Features Ranked by Differentiation Strength:
================================================================================
 1. Superplasticizer               - Score: 1.0000
 2. Water                          - Score: 0.3031
 3. Cement                         - Score: 0.1008
 4. FineAgg                        - Score: 0.0623
 5. Age                            - Score: 0.0521
 6. CoarseAgg                      - Score: 0.0440
 7. FlyAsh                         - Score: 0.0153
 8. Slag                           - Score: 0.0127
================================================================================

Features Ranked by Differentiation Strength:
================================================================================
 1. Superplasticizer               - Score: 1.0000
 2. Water                          - Score: 0.3095
 3. Age                            - Score: 0.1328
 4. Slag                           - Score: 0.1099
 5. Cement                         - Score: 0.0726
 6. FlyAsh                         - Score: 0.0468
 7. CoarseAgg                      - Score: 0.0447
 8. FineAgg                        - Score: 0.0337
================================================================================

Features Ranked by Differentiation Strength:
================================================================================
 1. Superplasticizer               - Score: 1.0000
 2. Water                          - Score: 0.2873
 3. Age                            - Score: 0.0750
 4. Cement                         - Score: 0.0667
 5. CoarseAgg                      - Score: 0.0310
 6. FlyAsh                         - Score: 0.0244
 7. FineAgg                        - Score: 0.0226
 8. Slag                           - Score: 0.0199
================================================================================

Features Ranked by Differentiation Strength:
================================================================================
 1. Superplasticizer               - Score: 1.0000
 2. Water                          - Score: 0.2873
 3. Age                            - Score: 0.0750
 4. Cement                         - Score: 0.0667
 5. CoarseAgg                      - Score: 0.0310
 6. FlyAsh                         - Score: 0.0244
 7. FineAgg                        - Score: 0.0226
 8. Slag                           - Score: 0.0199
================================================================================

Features Ranked by Differentiation Strength:
================================================================================
 1. Superplasticizer               - Score: 1.0000
 2. Age                            - Score: 0.4817
 3. Water                          - Score: 0.1765
 4. Cement                         - Score: 0.0797
 5. Slag                           - Score: 0.0285
 6. FineAgg                        - Score: 0.0282
 7. FlyAsh                         - Score: 0.0253
 8. CoarseAgg                      - Score: 0.0251
================================================================================

Features Ranked by Differentiation Strength:
================================================================================
 1. Superplasticizer               - Score: 1.0000
 2. Water                          - Score: 0.1977
 3. Cement                         - Score: 0.0696
 4. Age                            - Score: 0.0619
 5. FineAgg                        - Score: 0.0211
 6. CoarseAgg                      - Score: 0.0201
 7. FlyAsh                         - Score: 0.0134
 8. Slag                           - Score: 0.0116
================================================================================

Features Ranked by Differentiation Strength:
================================================================================
 1. Superplasticizer               - Score: 1.0000
 2. Water                          - Score: 0.1833
 3. Age                            - Score: 0.0561
 4. Cement                         - Score: 0.0539
 5. Slag                           - Score: 0.0378
 6. FineAgg                        - Score: 0.0228
 7. CoarseAgg                      - Score: 0.0203
 8. FlyAsh                         - Score: 0.0142
================================================================================

Features Ranked by Differentiation Strength:
================================================================================
 1. Superplasticizer               - Score: 1.0000
 2. Water                          - Score: 0.3200
 3. Age                            - Score: 0.0915
 4. Cement                         - Score: 0.0727
 5. Slag                           - Score: 0.0660
 6. CoarseAgg                      - Score: 0.0397
 7. FlyAsh                         - Score: 0.0270
 8. FineAgg                        - Score: 0.0257
================================================================================

Features Ranked by Differentiation Strength:
================================================================================
 1. Superplasticizer               - Score: 1.0000
 2. Water                          - Score: 0.2806
 3. Age                            - Score: 0.0803
 4. Cement                         - Score: 0.0750
 5. FlyAsh                         - Score: 0.0335
 6. Slag                           - Score: 0.0315
 7. CoarseAgg                      - Score: 0.0311
 8. FineAgg                        - Score: 0.0309
================================================================================

Features Ranked by Differentiation Strength:
================================================================================
 1. Superplasticizer               - Score: 1.0000
 2. Water                          - Score: 0.2806
 3. Age                            - Score: 0.0803
 4. Cement                         - Score: 0.0750
 5. FlyAsh                         - Score: 0.0335
 6. Slag                           - Score: 0.0315
 7. CoarseAgg                      - Score: 0.0311
 8. FineAgg                        - Score: 0.0309
================================================================================

Features Ranked by Differentiation Strength:
================================================================================
 1. Superplasticizer               - Score: 1.0000
 2. Age                            - Score: 0.5077
 3. Water                          - Score: 0.1810
 4. Cement                         - Score: 0.0878
 5. FineAgg                        - Score: 0.0366
 6. Slag                           - Score: 0.0364
 7. CoarseAgg                      - Score: 0.0295
 8. FlyAsh                         - Score: 0.0280
================================================================================

Features Ranked by Differentiation Strength:
================================================================================
 1. Superplasticizer               - Score: 1.0000
 2. Water                          - Score: 0.1905
 3. Cement                         - Score: 0.0761
 4. Age                            - Score: 0.0758
 5. FineAgg                        - Score: 0.0313
 6. Slag                           - Score: 0.0169
 7. CoarseAgg                      - Score: 0.0166
 8. FlyAsh                         - Score: 0.0156
================================================================================

Features Ranked by Differentiation Strength:
================================================================================
 1. Superplasticizer               - Score: 1.0000
 2. Water                          - Score: 0.2444
 3. Cement                         - Score: 0.0819
 4. FineAgg                        - Score: 0.0578
 5. Age                            - Score: 0.0548
 6. CoarseAgg                      - Score: 0.0382
 7. Slag                           - Score: 0.0182
 8. FlyAsh                         - Score: 0.0159
================================================================================

Features Ranked by Differentiation Strength:
================================================================================
 1. Superplasticizer               - Score: 1.0000
 2. Water                          - Score: 0.2916
 3. Age                            - Score: 0.1491
 4. Slag                           - Score: 0.1073
 5. Cement                         - Score: 0.0781
 6. FlyAsh                         - Score: 0.0512
 7. CoarseAgg                      - Score: 0.0502
 8. FineAgg                        - Score: 0.0354
================================================================================

Features Ranked by Differentiation Strength:
================================================================================
 1. Superplasticizer               - Score: 1.0000
 2. Water                          - Score: 0.2910
 3. Cement                         - Score: 0.0748
 4. Age                            - Score: 0.0738
 5. CoarseAgg                      - Score: 0.0333
 6. FlyAsh                         - Score: 0.0297
 7. FineAgg                        - Score: 0.0277
 8. Slag                           - Score: 0.0248
================================================================================

Features Ranked by Differentiation Strength:
================================================================================
 1. Superplasticizer               - Score: 1.0000
 2. Water                          - Score: 0.2910
 3. Cement                         - Score: 0.0748
 4. Age                            - Score: 0.0738
 5. CoarseAgg                      - Score: 0.0333
 6. FlyAsh                         - Score: 0.0297
 7. FineAgg                        - Score: 0.0277
 8. Slag                           - Score: 0.0248
================================================================================

Features Ranked by Differentiation Strength:
================================================================================
 1. Superplasticizer               - Score: 1.0000
 2. Age                            - Score: 0.4846
 3. Water                          - Score: 0.1826
 4. Cement                         - Score: 0.0935
 5. Slag                           - Score: 0.0365
 6. FineAgg                        - Score: 0.0340
 7. FlyAsh                         - Score: 0.0296
 8. CoarseAgg                      - Score: 0.0270
================================================================================

Features Ranked by Differentiation Strength:
================================================================================
 1. Superplasticizer               - Score: 1.0000
 2. Water                          - Score: 0.2021
 3. Age                            - Score: 0.0769
 4. Cement                         - Score: 0.0709
 5. FineAgg                        - Score: 0.0238
 6. CoarseAgg                      - Score: 0.0205
 7. Slag                           - Score: 0.0159
 8. FlyAsh                         - Score: 0.0121
================================================================================

Features Ranked by Differentiation Strength:
================================================================================
 1. Superplasticizer               - Score: 1.0000
 2. Water                          - Score: 0.3255
 3. Cement                         - Score: 0.0956
 4. FineAgg                        - Score: 0.0565
 5. Age                            - Score: 0.0487
 6. CoarseAgg                      - Score: 0.0432
 7. FlyAsh                         - Score: 0.0249
 8. Slag                           - Score: 0.0166
================================================================================

Features Ranked by Differentiation Strength:
================================================================================
 1. Superplasticizer               - Score: 1.0000
 2. Water                          - Score: 0.3067
 3. Age                            - Score: 0.1181
 4. Slag                           - Score: 0.1084
 5. Cement                         - Score: 0.0789
 6. CoarseAgg                      - Score: 0.0514
 7. FlyAsh                         - Score: 0.0505
 8. FineAgg                        - Score: 0.0298
================================================================================

Features Ranked by Differentiation Strength:
================================================================================
 1. Superplasticizer               - Score: 1.0000
 2. Water                          - Score: 0.2974
 3. Age                            - Score: 0.1101
 4. Cement                         - Score: 0.0803
 5. FlyAsh                         - Score: 0.0418
 6. CoarseAgg                      - Score: 0.0325
 7. Slag                           - Score: 0.0285
 8. FineAgg                        - Score: 0.0245
================================================================================

Features Ranked by Differentiation Strength:
================================================================================
 1. Superplasticizer               - Score: 1.0000
 2. Water                          - Score: 0.2974
 3. Age                            - Score: 0.1101
 4. Cement                         - Score: 0.0803
 5. FlyAsh                         - Score: 0.0418
 6. CoarseAgg                      - Score: 0.0325
 7. Slag                           - Score: 0.0285
 8. FineAgg                        - Score: 0.0245
================================================================================

Features Ranked by Differentiation Strength:
================================================================================
 1. Superplasticizer               - Score: 1.0000
 2. Age                            - Score: 0.3792
 3. Water                          - Score: 0.2719
 4. Cement                         - Score: 0.0760
 5. FineAgg                        - Score: 0.0318
 6. Slag                           - Score: 0.0208
 7. CoarseAgg                      - Score: 0.0185
 8. FlyAsh                         - Score: 0.0183
================================================================================

Features Ranked by Differentiation Strength:
================================================================================
 1. Superplasticizer               - Score: 1.0000
 2. Water                          - Score: 0.2176
 3. Age                            - Score: 0.0896
 4. Cement                         - Score: 0.0825
 5. CoarseAgg                      - Score: 0.0157
 6. FineAgg                        - Score: 0.0144
 7. Slag                           - Score: 0.0108
 8. FlyAsh                         - Score: 0.0107
================================================================================

Features Ranked by Differentiation Strength:
================================================================================
 1. Superplasticizer               - Score: 1.0000
 2. Water                          - Score: 0.1790
 3. Cement                         - Score: 0.0502
 4. Age                            - Score: 0.0397
 5. FineAgg                        - Score: 0.0311
 6. CoarseAgg                      - Score: 0.0248
 7. Slag                           - Score: 0.0119
 8. FlyAsh                         - Score: 0.0108
================================================================================

Features Ranked by Differentiation Strength:
================================================================================
 1. Superplasticizer               - Score: 1.0000
 2. Water                          - Score: 0.3360
 3. Age                            - Score: 0.1819
 4. Slag                           - Score: 0.1177
 5. Cement                         - Score: 0.0816
 6. FlyAsh                         - Score: 0.0736
 7. CoarseAgg                      - Score: 0.0486
 8. FineAgg                        - Score: 0.0319
================================================================================
  Concrete: probability done
  [skip] Concrete / flat MoG-TSK / luk: ImportError: cannot import name 'MixtureOfGaussiansFuzzyRegressor' from 'tribblefis.gaussian_regressor' (C:\personal\grad-school\tribble-fis\.venv\Lib\site-packages\tribblefis\gaussian_regressor.py)

Features Ranked by Differentiation Strength:
================================================================================
 1. Superplasticizer               - Score: 1.0000
 2. Water                          - Score: 0.2791
 3. Age                            - Score: 0.0702
 4. Cement                         - Score: 0.0689
 5. FlyAsh                         - Score: 0.0338
 6. CoarseAgg                      - Score: 0.0313
 7. Slag                           - Score: 0.0293
 8. FineAgg                        - Score: 0.0249
================================================================================

Features Ranked by Differentiation Strength:
================================================================================
 1. Superplasticizer               - Score: 1.0000
 2. Water                          - Score: 0.2791
 3. Age                            - Score: 0.0702
 4. Cement                         - Score: 0.0689
 5. FlyAsh                         - Score: 0.0338
 6. CoarseAgg                      - Score: 0.0313
 7. Slag                           - Score: 0.0293
 8. FineAgg                        - Score: 0.0249
================================================================================

Features Ranked by Differentiation Strength:
================================================================================
 1. Superplasticizer               - Score: 1.0000
 2. Age                            - Score: 0.3580
 3. Water                          - Score: 0.2189
 4. Cement                         - Score: 0.0734
 5. FineAgg                        - Score: 0.0449
 6. Slag                           - Score: 0.0302
 7. CoarseAgg                      - Score: 0.0287
 8. FlyAsh                         - Score: 0.0265
================================================================================

Features Ranked by Differentiation Strength:
================================================================================
 1. Superplasticizer               - Score: 1.0000
 2. Water                          - Score: 0.2243
 3. Age                            - Score: 0.0760
 4. Cement                         - Score: 0.0621
 5. FineAgg                        - Score: 0.0155
 6. CoarseAgg                      - Score: 0.0152
 7. Slag                           - Score: 0.0128
 8. FlyAsh                         - Score: 0.0121
================================================================================

Features Ranked by Differentiation Strength:
================================================================================
 1. Superplasticizer               - Score: 1.0000
 2. Water                          - Score: 0.2072
 3. Cement                         - Score: 0.0639
 4. Age                            - Score: 0.0400
 5. FineAgg                        - Score: 0.0387
 6. CoarseAgg                      - Score: 0.0307
 7. FlyAsh                         - Score: 0.0177
 8. Slag                           - Score: 0.0145
================================================================================

Features Ranked by Differentiation Strength:
================================================================================
 1. Superplasticizer               - Score: 1.0000
 2. Water                          - Score: 0.3281
 3. Age                            - Score: 0.1360
 4. Slag                           - Score: 0.1146
 5. Cement                         - Score: 0.0715
 6. FlyAsh                         - Score: 0.0501
 7. CoarseAgg                      - Score: 0.0496
 8. FineAgg                        - Score: 0.0348
================================================================================

Features Ranked by Differentiation Strength:
================================================================================
 1. Superplasticizer               - Score: 1.0000
 2. Water                          - Score: 0.2799
 3. Age                            - Score: 0.0742
 4. Cement                         - Score: 0.0676
 5. CoarseAgg                      - Score: 0.0345
 6. FlyAsh                         - Score: 0.0256
 7. Slag                           - Score: 0.0249
 8. FineAgg                        - Score: 0.0219
================================================================================

Features Ranked by Differentiation Strength:
================================================================================
 1. Superplasticizer               - Score: 1.0000
 2. Water                          - Score: 0.2799
 3. Age                            - Score: 0.0742
 4. Cement                         - Score: 0.0676
 5. CoarseAgg                      - Score: 0.0345
 6. FlyAsh                         - Score: 0.0256
 7. Slag                           - Score: 0.0249
 8. FineAgg                        - Score: 0.0219
================================================================================

Features Ranked by Differentiation Strength:
================================================================================
 1. Superplasticizer               - Score: 1.0000
 2. Age                            - Score: 0.4959
 3. Water                          - Score: 0.2106
 4. Cement                         - Score: 0.0933
 5. FlyAsh                         - Score: 0.0286
 6. FineAgg                        - Score: 0.0191
 7. Slag                           - Score: 0.0189
 8. CoarseAgg                      - Score: 0.0170
================================================================================

Features Ranked by Differentiation Strength:
================================================================================
 1. Superplasticizer               - Score: 1.0000
 2. Water                          - Score: 0.1769
 3. Cement                         - Score: 0.0723
 4. Age                            - Score: 0.0542
 5. CoarseAgg                      - Score: 0.0174
 6. FineAgg                        - Score: 0.0146
 7. FlyAsh                         - Score: 0.0119
 8. Slag                           - Score: 0.0095
================================================================================

Features Ranked by Differentiation Strength:
================================================================================
 1. Superplasticizer               - Score: 1.0000
 2. Water                          - Score: 0.2834
 3. Cement                         - Score: 0.0981
 4. Age                            - Score: 0.0598
 5. FineAgg                        - Score: 0.0572
 6. CoarseAgg                      - Score: 0.0443
 7. Slag                           - Score: 0.0152
 8. FlyAsh                         - Score: 0.0138
================================================================================

Features Ranked by Differentiation Strength:
================================================================================
 1. Superplasticizer               - Score: 1.0000
 2. Water                          - Score: 0.3061
 3. Age                            - Score: 0.1293
 4. Slag                           - Score: 0.0999
 5. Cement                         - Score: 0.0776
 6. CoarseAgg                      - Score: 0.0525
 7. FlyAsh                         - Score: 0.0489
 8. FineAgg                        - Score: 0.0264
================================================================================

Features Ranked by Differentiation Strength:
================================================================================
 1. Superplasticizer               - Score: 1.0000
 2. Water                          - Score: 0.3022
 3. Cement                         - Score: 0.0800
 4. Age                            - Score: 0.0756
 5. FlyAsh                         - Score: 0.0342
 6. CoarseAgg                      - Score: 0.0340
 7. FineAgg                        - Score: 0.0284
 8. Slag                           - Score: 0.0259
================================================================================

Features Ranked by Differentiation Strength:
================================================================================
 1. Superplasticizer               - Score: 1.0000
 2. Water                          - Score: 0.3022
 3. Cement                         - Score: 0.0800
 4. Age                            - Score: 0.0756
 5. FlyAsh                         - Score: 0.0342
 6. CoarseAgg                      - Score: 0.0340
 7. FineAgg                        - Score: 0.0284
 8. Slag                           - Score: 0.0259
================================================================================

Features Ranked by Differentiation Strength:
================================================================================
 1. Superplasticizer               - Score: 1.0000
 2. Age                            - Score: 0.4807
 3. Water                          - Score: 0.1670
 4. Cement                         - Score: 0.0728
 5. FlyAsh                         - Score: 0.0333
 6. FineAgg                        - Score: 0.0318
 7. CoarseAgg                      - Score: 0.0228
 8. Slag                           - Score: 0.0204
================================================================================

Features Ranked by Differentiation Strength:
================================================================================
 1. Superplasticizer               - Score: 1.0000
 2. Water                          - Score: 0.1876
 3. Cement                         - Score: 0.0778
 4. Age                            - Score: 0.0579
 5. CoarseAgg                      - Score: 0.0198
 6. FineAgg                        - Score: 0.0179
 7. Slag                           - Score: 0.0136
 8. FlyAsh                         - Score: 0.0122
================================================================================

Features Ranked by Differentiation Strength:
================================================================================
 1. Superplasticizer               - Score: 1.0000
 2. Water                          - Score: 0.3234
 3. Cement                         - Score: 0.1054
 4. FineAgg                        - Score: 0.0621
 5. Age                            - Score: 0.0578
 6. CoarseAgg                      - Score: 0.0481
 7. Slag                           - Score: 0.0170
 8. FlyAsh                         - Score: 0.0159
================================================================================

Features Ranked by Differentiation Strength:
================================================================================
 1. Superplasticizer               - Score: 1.0000
 2. Water                          - Score: 0.3232
 3. Age                            - Score: 0.1130
 4. Slag                           - Score: 0.1076
 5. Cement                         - Score: 0.0751
 6. CoarseAgg                      - Score: 0.0419
 7. FlyAsh                         - Score: 0.0418
 8. FineAgg                        - Score: 0.0355
================================================================================

Features Ranked by Differentiation Strength:
================================================================================
 1. Superplasticizer               - Score: 1.0000
 2. Water                          - Score: 0.2961
 3. Cement                         - Score: 0.0764
 4. Age                            - Score: 0.0726
 5. FlyAsh                         - Score: 0.0368
 6. CoarseAgg                      - Score: 0.0315
 7. FineAgg                        - Score: 0.0266
 8. Slag                           - Score: 0.0253
================================================================================

Features Ranked by Differentiation Strength:
================================================================================
 1. Superplasticizer               - Score: 1.0000
 2. Water                          - Score: 0.2961
 3. Cement                         - Score: 0.0764
 4. Age                            - Score: 0.0726
 5. FlyAsh                         - Score: 0.0368
 6. CoarseAgg                      - Score: 0.0315
 7. FineAgg                        - Score: 0.0266
 8. Slag                           - Score: 0.0253
================================================================================

Features Ranked by Differentiation Strength:
================================================================================
 1. Superplasticizer               - Score: 1.0000
 2. Age                            - Score: 0.4615
 3. Water                          - Score: 0.1830
 4. Cement                         - Score: 0.0856
 5. FineAgg                        - Score: 0.0318
 6. Slag                           - Score: 0.0275
 7. FlyAsh                         - Score: 0.0262
 8. CoarseAgg                      - Score: 0.0249
================================================================================

Features Ranked by Differentiation Strength:
================================================================================
 1. Superplasticizer               - Score: 1.0000
 2. Water                          - Score: 0.2032
 3. Cement                         - Score: 0.0664
 4. Age                            - Score: 0.0656
 5. FineAgg                        - Score: 0.0176
 6. Slag                           - Score: 0.0171
 7. CoarseAgg                      - Score: 0.0147
 8. FlyAsh                         - Score: 0.0106
================================================================================

Features Ranked by Differentiation Strength:
================================================================================
 1. Superplasticizer               - Score: 1.0000
 2. Water                          - Score: 0.3194
 3. Cement                         - Score: 0.1350
 4. FineAgg                        - Score: 0.0830
 5. Age                            - Score: 0.0632
 6. CoarseAgg                      - Score: 0.0512
 7. Slag                           - Score: 0.0272
 8. FlyAsh                         - Score: 0.0206
================================================================================

Features Ranked by Differentiation Strength:
================================================================================
 1. Superplasticizer               - Score: 1.0000
 2. Water                          - Score: 0.3221
 3. Age                            - Score: 0.1028
 4. Slag                           - Score: 0.0863
 5. Cement                         - Score: 0.0619
 6. FlyAsh                         - Score: 0.0397
 7. CoarseAgg                      - Score: 0.0296
 8. FineAgg                        - Score: 0.0252
================================================================================

Features Ranked by Differentiation Strength:
================================================================================
 1. Superplasticizer               - Score: 1.0000
 2. Water                          - Score: 0.2996
 3. Cement                         - Score: 0.0762
 4. Age                            - Score: 0.0724
 5. CoarseAgg                      - Score: 0.0374
 6. FlyAsh                         - Score: 0.0371
 7. Slag                           - Score: 0.0287
 8. FineAgg                        - Score: 0.0272
================================================================================

Features Ranked by Differentiation Strength:
================================================================================
 1. Superplasticizer               - Score: 1.0000
 2. Water                          - Score: 0.2996
 3. Cement                         - Score: 0.0762
 4. Age                            - Score: 0.0724
 5. CoarseAgg                      - Score: 0.0374
 6. FlyAsh                         - Score: 0.0371
 7. Slag                           - Score: 0.0287
 8. FineAgg                        - Score: 0.0272
================================================================================

Features Ranked by Differentiation Strength:
================================================================================
 1. Superplasticizer               - Score: 1.0000
 2. Age                            - Score: 0.3895
 3. Water                          - Score: 0.2511
 4. Cement                         - Score: 0.0821
 5. FineAgg                        - Score: 0.0329
 6. FlyAsh                         - Score: 0.0253
 7. CoarseAgg                      - Score: 0.0205
 8. Slag                           - Score: 0.0203
================================================================================

Features Ranked by Differentiation Strength:
================================================================================
 1. Superplasticizer               - Score: 1.0000
 2. Water                          - Score: 0.2101
 3. Cement                         - Score: 0.0966
 4. Age                            - Score: 0.0799
 5. FineAgg                        - Score: 0.0300
 6. CoarseAgg                      - Score: 0.0180
 7. FlyAsh                         - Score: 0.0158
 8. Slag                           - Score: 0.0153
================================================================================

Features Ranked by Differentiation Strength:
================================================================================
 1. Superplasticizer               - Score: 1.0000
 2. Water                          - Score: 0.2680
 3. Cement                         - Score: 0.1079
 4. FineAgg                        - Score: 0.0725
 5. Age                            - Score: 0.0555
 6. CoarseAgg                      - Score: 0.0489
 7. Slag                           - Score: 0.0236
 8. FlyAsh                         - Score: 0.0218
================================================================================

Features Ranked by Differentiation Strength:
================================================================================
 1. Superplasticizer               - Score: 1.0000
 2. Water                          - Score: 0.3260
 3. Age                            - Score: 0.1073
 4. Slag                           - Score: 0.0902
 5. Cement                         - Score: 0.0790
 6. FlyAsh                         - Score: 0.0529
 7. CoarseAgg                      - Score: 0.0484
 8. FineAgg                        - Score: 0.0281
================================================================================

Features Ranked by Differentiation Strength:
================================================================================
 1. Superplasticizer               - Score: 1.0000
 2. Water                          - Score: 0.2945
 3. Cement                         - Score: 0.0750
 4. Age                            - Score: 0.0728
 5. FlyAsh                         - Score: 0.0337
 6. CoarseAgg                      - Score: 0.0325
 7. Slag                           - Score: 0.0265
 8. FineAgg                        - Score: 0.0255
================================================================================

Features Ranked by Differentiation Strength:
================================================================================
 1. Superplasticizer               - Score: 1.0000
 2. Water                          - Score: 0.2945
 3. Cement                         - Score: 0.0750
 4. Age                            - Score: 0.0728
 5. FlyAsh                         - Score: 0.0337
 6. CoarseAgg                      - Score: 0.0325
 7. Slag                           - Score: 0.0265
 8. FineAgg                        - Score: 0.0255
================================================================================

Features Ranked by Differentiation Strength:
================================================================================
 1. Superplasticizer               - Score: 1.0000
 2. Age                            - Score: 0.8496
 3. Water                          - Score: 0.1876
 4. Cement                         - Score: 0.0793
 5. FineAgg                        - Score: 0.0329
 6. CoarseAgg                      - Score: 0.0323
 7. FlyAsh                         - Score: 0.0314
 8. Slag                           - Score: 0.0235
================================================================================

Features Ranked by Differentiation Strength:
================================================================================
 1. Superplasticizer               - Score: 1.0000
 2. Water                          - Score: 0.1891
 3. Age                            - Score: 0.0687
 4. Cement                         - Score: 0.0638
 5. CoarseAgg                      - Score: 0.0178
 6. FineAgg                        - Score: 0.0157
 7. Slag                           - Score: 0.0140
 8. FlyAsh                         - Score: 0.0123
================================================================================

Features Ranked by Differentiation Strength:
================================================================================
 1. Superplasticizer               - Score: 1.0000
 2. Water                          - Score: 0.3031
 3. Cement                         - Score: 0.1008
 4. FineAgg                        - Score: 0.0623
 5. Age                            - Score: 0.0521
 6. CoarseAgg                      - Score: 0.0440
 7. FlyAsh                         - Score: 0.0153
 8. Slag                           - Score: 0.0127
================================================================================

Features Ranked by Differentiation Strength:
================================================================================
 1. Superplasticizer               - Score: 1.0000
 2. Water                          - Score: 0.3095
 3. Age                            - Score: 0.1328
 4. Slag                           - Score: 0.1099
 5. Cement                         - Score: 0.0726
 6. FlyAsh                         - Score: 0.0468
 7. CoarseAgg                      - Score: 0.0447
 8. FineAgg                        - Score: 0.0337
================================================================================

Features Ranked by Differentiation Strength:
================================================================================
 1. Superplasticizer               - Score: 1.0000
 2. Water                          - Score: 0.2873
 3. Age                            - Score: 0.0750
 4. Cement                         - Score: 0.0667
 5. CoarseAgg                      - Score: 0.0310
 6. FlyAsh                         - Score: 0.0244
 7. FineAgg                        - Score: 0.0226
 8. Slag                           - Score: 0.0199
================================================================================

Features Ranked by Differentiation Strength:
================================================================================
 1. Superplasticizer               - Score: 1.0000
 2. Water                          - Score: 0.2873
 3. Age                            - Score: 0.0750
 4. Cement                         - Score: 0.0667
 5. CoarseAgg                      - Score: 0.0310
 6. FlyAsh                         - Score: 0.0244
 7. FineAgg                        - Score: 0.0226
 8. Slag                           - Score: 0.0199
================================================================================

Features Ranked by Differentiation Strength:
================================================================================
 1. Superplasticizer               - Score: 1.0000
 2. Age                            - Score: 0.4817
 3. Water                          - Score: 0.1765
 4. Cement                         - Score: 0.0797
 5. Slag                           - Score: 0.0285
 6. FineAgg                        - Score: 0.0282
 7. FlyAsh                         - Score: 0.0253
 8. CoarseAgg                      - Score: 0.0251
================================================================================

Features Ranked by Differentiation Strength:
================================================================================
 1. Superplasticizer               - Score: 1.0000
 2. Water                          - Score: 0.1977
 3. Cement                         - Score: 0.0696
 4. Age                            - Score: 0.0619
 5. FineAgg                        - Score: 0.0211
 6. CoarseAgg                      - Score: 0.0201
 7. FlyAsh                         - Score: 0.0134
 8. Slag                           - Score: 0.0116
================================================================================

Features Ranked by Differentiation Strength:
================================================================================
 1. Superplasticizer               - Score: 1.0000
 2. Water                          - Score: 0.1833
 3. Age                            - Score: 0.0561
 4. Cement                         - Score: 0.0539
 5. Slag                           - Score: 0.0378
 6. FineAgg                        - Score: 0.0228
 7. CoarseAgg                      - Score: 0.0203
 8. FlyAsh                         - Score: 0.0142
================================================================================

Features Ranked by Differentiation Strength:
================================================================================
 1. Superplasticizer               - Score: 1.0000
 2. Water                          - Score: 0.3200
 3. Age                            - Score: 0.0915
 4. Cement                         - Score: 0.0727
 5. Slag                           - Score: 0.0660
 6. CoarseAgg                      - Score: 0.0397
 7. FlyAsh                         - Score: 0.0270
 8. FineAgg                        - Score: 0.0257
================================================================================

Features Ranked by Differentiation Strength:
================================================================================
 1. Superplasticizer               - Score: 1.0000
 2. Water                          - Score: 0.2806
 3. Age                            - Score: 0.0803
 4. Cement                         - Score: 0.0750
 5. FlyAsh                         - Score: 0.0335
 6. Slag                           - Score: 0.0315
 7. CoarseAgg                      - Score: 0.0311
 8. FineAgg                        - Score: 0.0309
================================================================================

Features Ranked by Differentiation Strength:
================================================================================
 1. Superplasticizer               - Score: 1.0000
 2. Water                          - Score: 0.2806
 3. Age                            - Score: 0.0803
 4. Cement                         - Score: 0.0750
 5. FlyAsh                         - Score: 0.0335
 6. Slag                           - Score: 0.0315
 7. CoarseAgg                      - Score: 0.0311
 8. FineAgg                        - Score: 0.0309
================================================================================

Features Ranked by Differentiation Strength:
================================================================================
 1. Superplasticizer               - Score: 1.0000
 2. Age                            - Score: 0.5077
 3. Water                          - Score: 0.1810
 4. Cement                         - Score: 0.0878
 5. FineAgg                        - Score: 0.0366
 6. Slag                           - Score: 0.0364
 7. CoarseAgg                      - Score: 0.0295
 8. FlyAsh                         - Score: 0.0280
================================================================================

Features Ranked by Differentiation Strength:
================================================================================
 1. Superplasticizer               - Score: 1.0000
 2. Water                          - Score: 0.1905
 3. Cement                         - Score: 0.0761
 4. Age                            - Score: 0.0758
 5. FineAgg                        - Score: 0.0313
 6. Slag                           - Score: 0.0169
 7. CoarseAgg                      - Score: 0.0166
 8. FlyAsh                         - Score: 0.0156
================================================================================

Features Ranked by Differentiation Strength:
================================================================================
 1. Superplasticizer               - Score: 1.0000
 2. Water                          - Score: 0.2444
 3. Cement                         - Score: 0.0819
 4. FineAgg                        - Score: 0.0578
 5. Age                            - Score: 0.0548
 6. CoarseAgg                      - Score: 0.0382
 7. Slag                           - Score: 0.0182
 8. FlyAsh                         - Score: 0.0159
================================================================================

Features Ranked by Differentiation Strength:
================================================================================
 1. Superplasticizer               - Score: 1.0000
 2. Water                          - Score: 0.2916
 3. Age                            - Score: 0.1491
 4. Slag                           - Score: 0.1073
 5. Cement                         - Score: 0.0781
 6. FlyAsh                         - Score: 0.0512
 7. CoarseAgg                      - Score: 0.0502
 8. FineAgg                        - Score: 0.0354
================================================================================

Features Ranked by Differentiation Strength:
================================================================================
 1. Superplasticizer               - Score: 1.0000
 2. Water                          - Score: 0.2910
 3. Cement                         - Score: 0.0748
 4. Age                            - Score: 0.0738
 5. CoarseAgg                      - Score: 0.0333
 6. FlyAsh                         - Score: 0.0297
 7. FineAgg                        - Score: 0.0277
 8. Slag                           - Score: 0.0248
================================================================================

Features Ranked by Differentiation Strength:
================================================================================
 1. Superplasticizer               - Score: 1.0000
 2. Water                          - Score: 0.2910
 3. Cement                         - Score: 0.0748
 4. Age                            - Score: 0.0738
 5. CoarseAgg                      - Score: 0.0333
 6. FlyAsh                         - Score: 0.0297
 7. FineAgg                        - Score: 0.0277
 8. Slag                           - Score: 0.0248
================================================================================

Features Ranked by Differentiation Strength:
================================================================================
 1. Superplasticizer               - Score: 1.0000
 2. Age                            - Score: 0.4846
 3. Water                          - Score: 0.1826
 4. Cement                         - Score: 0.0935
 5. Slag                           - Score: 0.0365
 6. FineAgg                        - Score: 0.0340
 7. FlyAsh                         - Score: 0.0296
 8. CoarseAgg                      - Score: 0.0270
================================================================================

Features Ranked by Differentiation Strength:
================================================================================
 1. Superplasticizer               - Score: 1.0000
 2. Water                          - Score: 0.2021
 3. Age                            - Score: 0.0769
 4. Cement                         - Score: 0.0709
 5. FineAgg                        - Score: 0.0238
 6. CoarseAgg                      - Score: 0.0205
 7. Slag                           - Score: 0.0159
 8. FlyAsh                         - Score: 0.0121
================================================================================

Features Ranked by Differentiation Strength:
================================================================================
 1. Superplasticizer               - Score: 1.0000
 2. Water                          - Score: 0.3255
 3. Cement                         - Score: 0.0956
 4. FineAgg                        - Score: 0.0565
 5. Age                            - Score: 0.0487
 6. CoarseAgg                      - Score: 0.0432
 7. FlyAsh                         - Score: 0.0249
 8. Slag                           - Score: 0.0166
================================================================================

Features Ranked by Differentiation Strength:
================================================================================
 1. Superplasticizer               - Score: 1.0000
 2. Water                          - Score: 0.3067
 3. Age                            - Score: 0.1181
 4. Slag                           - Score: 0.1084
 5. Cement                         - Score: 0.0789
 6. CoarseAgg                      - Score: 0.0514
 7. FlyAsh                         - Score: 0.0505
 8. FineAgg                        - Score: 0.0298
================================================================================

Features Ranked by Differentiation Strength:
================================================================================
 1. Superplasticizer               - Score: 1.0000
 2. Water                          - Score: 0.2974
 3. Age                            - Score: 0.1101
 4. Cement                         - Score: 0.0803
 5. FlyAsh                         - Score: 0.0418
 6. CoarseAgg                      - Score: 0.0325
 7. Slag                           - Score: 0.0285
 8. FineAgg                        - Score: 0.0245
================================================================================

Features Ranked by Differentiation Strength:
================================================================================
 1. Superplasticizer               - Score: 1.0000
 2. Water                          - Score: 0.2974
 3. Age                            - Score: 0.1101
 4. Cement                         - Score: 0.0803
 5. FlyAsh                         - Score: 0.0418
 6. CoarseAgg                      - Score: 0.0325
 7. Slag                           - Score: 0.0285
 8. FineAgg                        - Score: 0.0245
================================================================================

Features Ranked by Differentiation Strength:
================================================================================
 1. Superplasticizer               - Score: 1.0000
 2. Age                            - Score: 0.3792
 3. Water                          - Score: 0.2719
 4. Cement                         - Score: 0.0760
 5. FineAgg                        - Score: 0.0318
 6. Slag                           - Score: 0.0208
 7. CoarseAgg                      - Score: 0.0185
 8. FlyAsh                         - Score: 0.0183
================================================================================

Features Ranked by Differentiation Strength:
================================================================================
 1. Superplasticizer               - Score: 1.0000
 2. Water                          - Score: 0.2176
 3. Age                            - Score: 0.0896
 4. Cement                         - Score: 0.0825
 5. CoarseAgg                      - Score: 0.0157
 6. FineAgg                        - Score: 0.0144
 7. Slag                           - Score: 0.0108
 8. FlyAsh                         - Score: 0.0107
================================================================================

Features Ranked by Differentiation Strength:
================================================================================
 1. Superplasticizer               - Score: 1.0000
 2. Water                          - Score: 0.1790
 3. Cement                         - Score: 0.0502
 4. Age                            - Score: 0.0397
 5. FineAgg                        - Score: 0.0311
 6. CoarseAgg                      - Score: 0.0248
 7. Slag                           - Score: 0.0119
 8. FlyAsh                         - Score: 0.0108
================================================================================

Features Ranked by Differentiation Strength:
================================================================================
 1. Superplasticizer               - Score: 1.0000
 2. Water                          - Score: 0.3360
 3. Age                            - Score: 0.1819
 4. Slag                           - Score: 0.1177
 5. Cement                         - Score: 0.0816
 6. FlyAsh                         - Score: 0.0736
 7. CoarseAgg                      - Score: 0.0486
 8. FineAgg                        - Score: 0.0319
================================================================================
  Concrete: luk done
  [skip] Concrete / flat MoG-TSK / hamacher: ImportError: cannot import name 'MixtureOfGaussiansFuzzyRegressor' from 'tribblefis.gaussian_regressor' (C:\personal\grad-school\tribble-fis\.venv\Lib\site-packages\tribblefis\gaussian_regressor.py)

Features Ranked by Differentiation Strength:
================================================================================
 1. Superplasticizer               - Score: 1.0000
 2. Water                          - Score: 0.2791
 3. Age                            - Score: 0.0702
 4. Cement                         - Score: 0.0689
 5. FlyAsh                         - Score: 0.0338
 6. CoarseAgg                      - Score: 0.0313
 7. Slag                           - Score: 0.0293
 8. FineAgg                        - Score: 0.0249
================================================================================

Features Ranked by Differentiation Strength:
================================================================================
 1. Superplasticizer               - Score: 1.0000
 2. Water                          - Score: 0.2791
 3. Age                            - Score: 0.0702
 4. Cement                         - Score: 0.0689
 5. FlyAsh                         - Score: 0.0338
 6. CoarseAgg                      - Score: 0.0313
 7. Slag                           - Score: 0.0293
 8. FineAgg                        - Score: 0.0249
================================================================================

Features Ranked by Differentiation Strength:
================================================================================
 1. Superplasticizer               - Score: 1.0000
 2. Age                            - Score: 0.3580
 3. Water                          - Score: 0.2189
 4. Cement                         - Score: 0.0734
 5. FineAgg                        - Score: 0.0449
 6. Slag                           - Score: 0.0302
 7. CoarseAgg                      - Score: 0.0287
 8. FlyAsh                         - Score: 0.0265
================================================================================

Features Ranked by Differentiation Strength:
================================================================================
 1. Superplasticizer               - Score: 1.0000
 2. Water                          - Score: 0.2243
 3. Age                            - Score: 0.0760
 4. Cement                         - Score: 0.0621
 5. FineAgg                        - Score: 0.0155
 6. CoarseAgg                      - Score: 0.0152
 7. Slag                           - Score: 0.0128
 8. FlyAsh                         - Score: 0.0121
================================================================================

Features Ranked by Differentiation Strength:
================================================================================
 1. Superplasticizer               - Score: 1.0000
 2. Water                          - Score: 0.2072
 3. Cement                         - Score: 0.0639
 4. Age                            - Score: 0.0400
 5. FineAgg                        - Score: 0.0387
 6. CoarseAgg                      - Score: 0.0307
 7. FlyAsh                         - Score: 0.0177
 8. Slag                           - Score: 0.0145
================================================================================

Features Ranked by Differentiation Strength:
================================================================================
 1. Superplasticizer               - Score: 1.0000
 2. Water                          - Score: 0.3281
 3. Age                            - Score: 0.1360
 4. Slag                           - Score: 0.1146
 5. Cement                         - Score: 0.0715
 6. FlyAsh                         - Score: 0.0501
 7. CoarseAgg                      - Score: 0.0496
 8. FineAgg                        - Score: 0.0348
================================================================================

Features Ranked by Differentiation Strength:
================================================================================
 1. Superplasticizer               - Score: 1.0000
 2. Water                          - Score: 0.2799
 3. Age                            - Score: 0.0742
 4. Cement                         - Score: 0.0676
 5. CoarseAgg                      - Score: 0.0345
 6. FlyAsh                         - Score: 0.0256
 7. Slag                           - Score: 0.0249
 8. FineAgg                        - Score: 0.0219
================================================================================

Features Ranked by Differentiation Strength:
================================================================================
 1. Superplasticizer               - Score: 1.0000
 2. Water                          - Score: 0.2799
 3. Age                            - Score: 0.0742
 4. Cement                         - Score: 0.0676
 5. CoarseAgg                      - Score: 0.0345
 6. FlyAsh                         - Score: 0.0256
 7. Slag                           - Score: 0.0249
 8. FineAgg                        - Score: 0.0219
================================================================================

Features Ranked by Differentiation Strength:
================================================================================
 1. Superplasticizer               - Score: 1.0000
 2. Age                            - Score: 0.4959
 3. Water                          - Score: 0.2106
 4. Cement                         - Score: 0.0933
 5. FlyAsh                         - Score: 0.0286
 6. FineAgg                        - Score: 0.0191
 7. Slag                           - Score: 0.0189
 8. CoarseAgg                      - Score: 0.0170
================================================================================

Features Ranked by Differentiation Strength:
================================================================================
 1. Superplasticizer               - Score: 1.0000
 2. Water                          - Score: 0.1769
 3. Cement                         - Score: 0.0723
 4. Age                            - Score: 0.0542
 5. CoarseAgg                      - Score: 0.0174
 6. FineAgg                        - Score: 0.0146
 7. FlyAsh                         - Score: 0.0119
 8. Slag                           - Score: 0.0095
================================================================================

Features Ranked by Differentiation Strength:
================================================================================
 1. Superplasticizer               - Score: 1.0000
 2. Water                          - Score: 0.2834
 3. Cement                         - Score: 0.0981
 4. Age                            - Score: 0.0598
 5. FineAgg                        - Score: 0.0572
 6. CoarseAgg                      - Score: 0.0443
 7. Slag                           - Score: 0.0152
 8. FlyAsh                         - Score: 0.0138
================================================================================

Features Ranked by Differentiation Strength:
================================================================================
 1. Superplasticizer               - Score: 1.0000
 2. Water                          - Score: 0.3061
 3. Age                            - Score: 0.1293
 4. Slag                           - Score: 0.0999
 5. Cement                         - Score: 0.0776
 6. CoarseAgg                      - Score: 0.0525
 7. FlyAsh                         - Score: 0.0489
 8. FineAgg                        - Score: 0.0264
================================================================================

Features Ranked by Differentiation Strength:
================================================================================
 1. Superplasticizer               - Score: 1.0000
 2. Water                          - Score: 0.3022
 3. Cement                         - Score: 0.0800
 4. Age                            - Score: 0.0756
 5. FlyAsh                         - Score: 0.0342
 6. CoarseAgg                      - Score: 0.0340
 7. FineAgg                        - Score: 0.0284
 8. Slag                           - Score: 0.0259
================================================================================

Features Ranked by Differentiation Strength:
================================================================================
 1. Superplasticizer               - Score: 1.0000
 2. Water                          - Score: 0.3022
 3. Cement                         - Score: 0.0800
 4. Age                            - Score: 0.0756
 5. FlyAsh                         - Score: 0.0342
 6. CoarseAgg                      - Score: 0.0340
 7. FineAgg                        - Score: 0.0284
 8. Slag                           - Score: 0.0259
================================================================================

Features Ranked by Differentiation Strength:
================================================================================
 1. Superplasticizer               - Score: 1.0000
 2. Age                            - Score: 0.4807
 3. Water                          - Score: 0.1670
 4. Cement                         - Score: 0.0728
 5. FlyAsh                         - Score: 0.0333
 6. FineAgg                        - Score: 0.0318
 7. CoarseAgg                      - Score: 0.0228
 8. Slag                           - Score: 0.0204
================================================================================

Features Ranked by Differentiation Strength:
================================================================================
 1. Superplasticizer               - Score: 1.0000
 2. Water                          - Score: 0.1876
 3. Cement                         - Score: 0.0778
 4. Age                            - Score: 0.0579
 5. CoarseAgg                      - Score: 0.0198
 6. FineAgg                        - Score: 0.0179
 7. Slag                           - Score: 0.0136
 8. FlyAsh                         - Score: 0.0122
================================================================================

Features Ranked by Differentiation Strength:
================================================================================
 1. Superplasticizer               - Score: 1.0000
 2. Water                          - Score: 0.3234
 3. Cement                         - Score: 0.1054
 4. FineAgg                        - Score: 0.0621
 5. Age                            - Score: 0.0578
 6. CoarseAgg                      - Score: 0.0481
 7. Slag                           - Score: 0.0170
 8. FlyAsh                         - Score: 0.0159
================================================================================

Features Ranked by Differentiation Strength:
================================================================================
 1. Superplasticizer               - Score: 1.0000
 2. Water                          - Score: 0.3232
 3. Age                            - Score: 0.1130
 4. Slag                           - Score: 0.1076
 5. Cement                         - Score: 0.0751
 6. CoarseAgg                      - Score: 0.0419
 7. FlyAsh                         - Score: 0.0418
 8. FineAgg                        - Score: 0.0355
================================================================================

Features Ranked by Differentiation Strength:
================================================================================
 1. Superplasticizer               - Score: 1.0000
 2. Water                          - Score: 0.2961
 3. Cement                         - Score: 0.0764
 4. Age                            - Score: 0.0726
 5. FlyAsh                         - Score: 0.0368
 6. CoarseAgg                      - Score: 0.0315
 7. FineAgg                        - Score: 0.0266
 8. Slag                           - Score: 0.0253
================================================================================

Features Ranked by Differentiation Strength:
================================================================================
 1. Superplasticizer               - Score: 1.0000
 2. Water                          - Score: 0.2961
 3. Cement                         - Score: 0.0764
 4. Age                            - Score: 0.0726
 5. FlyAsh                         - Score: 0.0368
 6. CoarseAgg                      - Score: 0.0315
 7. FineAgg                        - Score: 0.0266
 8. Slag                           - Score: 0.0253
================================================================================

Features Ranked by Differentiation Strength:
================================================================================
 1. Superplasticizer               - Score: 1.0000
 2. Age                            - Score: 0.4615
 3. Water                          - Score: 0.1830
 4. Cement                         - Score: 0.0856
 5. FineAgg                        - Score: 0.0318
 6. Slag                           - Score: 0.0275
 7. FlyAsh                         - Score: 0.0262
 8. CoarseAgg                      - Score: 0.0249
================================================================================

Features Ranked by Differentiation Strength:
================================================================================
 1. Superplasticizer               - Score: 1.0000
 2. Water                          - Score: 0.2032
 3. Cement                         - Score: 0.0664
 4. Age                            - Score: 0.0656
 5. FineAgg                        - Score: 0.0176
 6. Slag                           - Score: 0.0171
 7. CoarseAgg                      - Score: 0.0147
 8. FlyAsh                         - Score: 0.0106
================================================================================

Features Ranked by Differentiation Strength:
================================================================================
 1. Superplasticizer               - Score: 1.0000
 2. Water                          - Score: 0.3194
 3. Cement                         - Score: 0.1350
 4. FineAgg                        - Score: 0.0830
 5. Age                            - Score: 0.0632
 6. CoarseAgg                      - Score: 0.0512
 7. Slag                           - Score: 0.0272
 8. FlyAsh                         - Score: 0.0206
================================================================================

Features Ranked by Differentiation Strength:
================================================================================
 1. Superplasticizer               - Score: 1.0000
 2. Water                          - Score: 0.3221
 3. Age                            - Score: 0.1028
 4. Slag                           - Score: 0.0863
 5. Cement                         - Score: 0.0619
 6. FlyAsh                         - Score: 0.0397
 7. CoarseAgg                      - Score: 0.0296
 8. FineAgg                        - Score: 0.0252
================================================================================

Features Ranked by Differentiation Strength:
================================================================================
 1. Superplasticizer               - Score: 1.0000
 2. Water                          - Score: 0.2996
 3. Cement                         - Score: 0.0762
 4. Age                            - Score: 0.0724
 5. CoarseAgg                      - Score: 0.0374
 6. FlyAsh                         - Score: 0.0371
 7. Slag                           - Score: 0.0287
 8. FineAgg                        - Score: 0.0272
================================================================================

Features Ranked by Differentiation Strength:
================================================================================
 1. Superplasticizer               - Score: 1.0000
 2. Water                          - Score: 0.2996
 3. Cement                         - Score: 0.0762
 4. Age                            - Score: 0.0724
 5. CoarseAgg                      - Score: 0.0374
 6. FlyAsh                         - Score: 0.0371
 7. Slag                           - Score: 0.0287
 8. FineAgg                        - Score: 0.0272
================================================================================

Features Ranked by Differentiation Strength:
================================================================================
 1. Superplasticizer               - Score: 1.0000
 2. Age                            - Score: 0.3895
 3. Water                          - Score: 0.2511
 4. Cement                         - Score: 0.0821
 5. FineAgg                        - Score: 0.0329
 6. FlyAsh                         - Score: 0.0253
 7. CoarseAgg                      - Score: 0.0205
 8. Slag                           - Score: 0.0203
================================================================================

Features Ranked by Differentiation Strength:
================================================================================
 1. Superplasticizer               - Score: 1.0000
 2. Water                          - Score: 0.2101
 3. Cement                         - Score: 0.0966
 4. Age                            - Score: 0.0799
 5. FineAgg                        - Score: 0.0300
 6. CoarseAgg                      - Score: 0.0180
 7. FlyAsh                         - Score: 0.0158
 8. Slag                           - Score: 0.0153
================================================================================

Features Ranked by Differentiation Strength:
================================================================================
 1. Superplasticizer               - Score: 1.0000
 2. Water                          - Score: 0.2680
 3. Cement                         - Score: 0.1079
 4. FineAgg                        - Score: 0.0725
 5. Age                            - Score: 0.0555
 6. CoarseAgg                      - Score: 0.0489
 7. Slag                           - Score: 0.0236
 8. FlyAsh                         - Score: 0.0218
================================================================================

Features Ranked by Differentiation Strength:
================================================================================
 1. Superplasticizer               - Score: 1.0000
 2. Water                          - Score: 0.3260
 3. Age                            - Score: 0.1073
 4. Slag                           - Score: 0.0902
 5. Cement                         - Score: 0.0790
 6. FlyAsh                         - Score: 0.0529
 7. CoarseAgg                      - Score: 0.0484
 8. FineAgg                        - Score: 0.0281
================================================================================

Features Ranked by Differentiation Strength:
================================================================================
 1. Superplasticizer               - Score: 1.0000
 2. Water                          - Score: 0.2945
 3. Cement                         - Score: 0.0750
 4. Age                            - Score: 0.0728
 5. FlyAsh                         - Score: 0.0337
 6. CoarseAgg                      - Score: 0.0325
 7. Slag                           - Score: 0.0265
 8. FineAgg                        - Score: 0.0255
================================================================================

Features Ranked by Differentiation Strength:
================================================================================
 1. Superplasticizer               - Score: 1.0000
 2. Water                          - Score: 0.2945
 3. Cement                         - Score: 0.0750
 4. Age                            - Score: 0.0728
 5. FlyAsh                         - Score: 0.0337
 6. CoarseAgg                      - Score: 0.0325
 7. Slag                           - Score: 0.0265
 8. FineAgg                        - Score: 0.0255
================================================================================

Features Ranked by Differentiation Strength:
================================================================================
 1. Superplasticizer               - Score: 1.0000
 2. Age                            - Score: 0.8496
 3. Water                          - Score: 0.1876
 4. Cement                         - Score: 0.0793
 5. FineAgg                        - Score: 0.0329
 6. CoarseAgg                      - Score: 0.0323
 7. FlyAsh                         - Score: 0.0314
 8. Slag                           - Score: 0.0235
================================================================================

Features Ranked by Differentiation Strength:
================================================================================
 1. Superplasticizer               - Score: 1.0000
 2. Water                          - Score: 0.1891
 3. Age                            - Score: 0.0687
 4. Cement                         - Score: 0.0638
 5. CoarseAgg                      - Score: 0.0178
 6. FineAgg                        - Score: 0.0157
 7. Slag                           - Score: 0.0140
 8. FlyAsh                         - Score: 0.0123
================================================================================

Features Ranked by Differentiation Strength:
================================================================================
 1. Superplasticizer               - Score: 1.0000
 2. Water                          - Score: 0.3031
 3. Cement                         - Score: 0.1008
 4. FineAgg                        - Score: 0.0623
 5. Age                            - Score: 0.0521
 6. CoarseAgg                      - Score: 0.0440
 7. FlyAsh                         - Score: 0.0153
 8. Slag                           - Score: 0.0127
================================================================================

Features Ranked by Differentiation Strength:
================================================================================
 1. Superplasticizer               - Score: 1.0000
 2. Water                          - Score: 0.3095
 3. Age                            - Score: 0.1328
 4. Slag                           - Score: 0.1099
 5. Cement                         - Score: 0.0726
 6. FlyAsh                         - Score: 0.0468
 7. CoarseAgg                      - Score: 0.0447
 8. FineAgg                        - Score: 0.0337
================================================================================

Features Ranked by Differentiation Strength:
================================================================================
 1. Superplasticizer               - Score: 1.0000
 2. Water                          - Score: 0.2873
 3. Age                            - Score: 0.0750
 4. Cement                         - Score: 0.0667
 5. CoarseAgg                      - Score: 0.0310
 6. FlyAsh                         - Score: 0.0244
 7. FineAgg                        - Score: 0.0226
 8. Slag                           - Score: 0.0199
================================================================================

Features Ranked by Differentiation Strength:
================================================================================
 1. Superplasticizer               - Score: 1.0000
 2. Water                          - Score: 0.2873
 3. Age                            - Score: 0.0750
 4. Cement                         - Score: 0.0667
 5. CoarseAgg                      - Score: 0.0310
 6. FlyAsh                         - Score: 0.0244
 7. FineAgg                        - Score: 0.0226
 8. Slag                           - Score: 0.0199
================================================================================

Features Ranked by Differentiation Strength:
================================================================================
 1. Superplasticizer               - Score: 1.0000
 2. Age                            - Score: 0.4817
 3. Water                          - Score: 0.1765
 4. Cement                         - Score: 0.0797
 5. Slag                           - Score: 0.0285
 6. FineAgg                        - Score: 0.0282
 7. FlyAsh                         - Score: 0.0253
 8. CoarseAgg                      - Score: 0.0251
================================================================================

Features Ranked by Differentiation Strength:
================================================================================
 1. Superplasticizer               - Score: 1.0000
 2. Water                          - Score: 0.1977
 3. Cement                         - Score: 0.0696
 4. Age                            - Score: 0.0619
 5. FineAgg                        - Score: 0.0211
 6. CoarseAgg                      - Score: 0.0201
 7. FlyAsh                         - Score: 0.0134
 8. Slag                           - Score: 0.0116
================================================================================

Features Ranked by Differentiation Strength:
================================================================================
 1. Superplasticizer               - Score: 1.0000
 2. Water                          - Score: 0.1833
 3. Age                            - Score: 0.0561
 4. Cement                         - Score: 0.0539
 5. Slag                           - Score: 0.0378
 6. FineAgg                        - Score: 0.0228
 7. CoarseAgg                      - Score: 0.0203
 8. FlyAsh                         - Score: 0.0142
================================================================================

Features Ranked by Differentiation Strength:
================================================================================
 1. Superplasticizer               - Score: 1.0000
 2. Water                          - Score: 0.3200
 3. Age                            - Score: 0.0915
 4. Cement                         - Score: 0.0727
 5. Slag                           - Score: 0.0660
 6. CoarseAgg                      - Score: 0.0397
 7. FlyAsh                         - Score: 0.0270
 8. FineAgg                        - Score: 0.0257
================================================================================

Features Ranked by Differentiation Strength:
================================================================================
 1. Superplasticizer               - Score: 1.0000
 2. Water                          - Score: 0.2806
 3. Age                            - Score: 0.0803
 4. Cement                         - Score: 0.0750
 5. FlyAsh                         - Score: 0.0335
 6. Slag                           - Score: 0.0315
 7. CoarseAgg                      - Score: 0.0311
 8. FineAgg                        - Score: 0.0309
================================================================================

Features Ranked by Differentiation Strength:
================================================================================
 1. Superplasticizer               - Score: 1.0000
 2. Water                          - Score: 0.2806
 3. Age                            - Score: 0.0803
 4. Cement                         - Score: 0.0750
 5. FlyAsh                         - Score: 0.0335
 6. Slag                           - Score: 0.0315
 7. CoarseAgg                      - Score: 0.0311
 8. FineAgg                        - Score: 0.0309
================================================================================

Features Ranked by Differentiation Strength:
================================================================================
 1. Superplasticizer               - Score: 1.0000
 2. Age                            - Score: 0.5077
 3. Water                          - Score: 0.1810
 4. Cement                         - Score: 0.0878
 5. FineAgg                        - Score: 0.0366
 6. Slag                           - Score: 0.0364
 7. CoarseAgg                      - Score: 0.0295
 8. FlyAsh                         - Score: 0.0280
================================================================================

Features Ranked by Differentiation Strength:
================================================================================
 1. Superplasticizer               - Score: 1.0000
 2. Water                          - Score: 0.1905
 3. Cement                         - Score: 0.0761
 4. Age                            - Score: 0.0758
 5. FineAgg                        - Score: 0.0313
 6. Slag                           - Score: 0.0169
 7. CoarseAgg                      - Score: 0.0166
 8. FlyAsh                         - Score: 0.0156
================================================================================

Features Ranked by Differentiation Strength:
================================================================================
 1. Superplasticizer               - Score: 1.0000
 2. Water                          - Score: 0.2444
 3. Cement                         - Score: 0.0819
 4. FineAgg                        - Score: 0.0578
 5. Age                            - Score: 0.0548
 6. CoarseAgg                      - Score: 0.0382
 7. Slag                           - Score: 0.0182
 8. FlyAsh                         - Score: 0.0159
================================================================================

Features Ranked by Differentiation Strength:
================================================================================
 1. Superplasticizer               - Score: 1.0000
 2. Water                          - Score: 0.2916
 3. Age                            - Score: 0.1491
 4. Slag                           - Score: 0.1073
 5. Cement                         - Score: 0.0781
 6. FlyAsh                         - Score: 0.0512
 7. CoarseAgg                      - Score: 0.0502
 8. FineAgg                        - Score: 0.0354
================================================================================

Features Ranked by Differentiation Strength:
================================================================================
 1. Superplasticizer               - Score: 1.0000
 2. Water                          - Score: 0.2910
 3. Cement                         - Score: 0.0748
 4. Age                            - Score: 0.0738
 5. CoarseAgg                      - Score: 0.0333
 6. FlyAsh                         - Score: 0.0297
 7. FineAgg                        - Score: 0.0277
 8. Slag                           - Score: 0.0248
================================================================================

Features Ranked by Differentiation Strength:
================================================================================
 1. Superplasticizer               - Score: 1.0000
 2. Water                          - Score: 0.2910
 3. Cement                         - Score: 0.0748
 4. Age                            - Score: 0.0738
 5. CoarseAgg                      - Score: 0.0333
 6. FlyAsh                         - Score: 0.0297
 7. FineAgg                        - Score: 0.0277
 8. Slag                           - Score: 0.0248
================================================================================

Features Ranked by Differentiation Strength:
================================================================================
 1. Superplasticizer               - Score: 1.0000
 2. Age                            - Score: 0.4846
 3. Water                          - Score: 0.1826
 4. Cement                         - Score: 0.0935
 5. Slag                           - Score: 0.0365
 6. FineAgg                        - Score: 0.0340
 7. FlyAsh                         - Score: 0.0296
 8. CoarseAgg                      - Score: 0.0270
================================================================================

Features Ranked by Differentiation Strength:
================================================================================
 1. Superplasticizer               - Score: 1.0000
 2. Water                          - Score: 0.2021
 3. Age                            - Score: 0.0769
 4. Cement                         - Score: 0.0709
 5. FineAgg                        - Score: 0.0238
 6. CoarseAgg                      - Score: 0.0205
 7. Slag                           - Score: 0.0159
 8. FlyAsh                         - Score: 0.0121
================================================================================

Features Ranked by Differentiation Strength:
================================================================================
 1. Superplasticizer               - Score: 1.0000
 2. Water                          - Score: 0.3255
 3. Cement                         - Score: 0.0956
 4. FineAgg                        - Score: 0.0565
 5. Age                            - Score: 0.0487
 6. CoarseAgg                      - Score: 0.0432
 7. FlyAsh                         - Score: 0.0249
 8. Slag                           - Score: 0.0166
================================================================================

Features Ranked by Differentiation Strength:
================================================================================
 1. Superplasticizer               - Score: 1.0000
 2. Water                          - Score: 0.3067
 3. Age                            - Score: 0.1181
 4. Slag                           - Score: 0.1084
 5. Cement                         - Score: 0.0789
 6. CoarseAgg                      - Score: 0.0514
 7. FlyAsh                         - Score: 0.0505
 8. FineAgg                        - Score: 0.0298
================================================================================

Features Ranked by Differentiation Strength:
================================================================================
 1. Superplasticizer               - Score: 1.0000
 2. Water                          - Score: 0.2974
 3. Age                            - Score: 0.1101
 4. Cement                         - Score: 0.0803
 5. FlyAsh                         - Score: 0.0418
 6. CoarseAgg                      - Score: 0.0325
 7. Slag                           - Score: 0.0285
 8. FineAgg                        - Score: 0.0245
================================================================================

Features Ranked by Differentiation Strength:
================================================================================
 1. Superplasticizer               - Score: 1.0000
 2. Water                          - Score: 0.2974
 3. Age                            - Score: 0.1101
 4. Cement                         - Score: 0.0803
 5. FlyAsh                         - Score: 0.0418
 6. CoarseAgg                      - Score: 0.0325
 7. Slag                           - Score: 0.0285
 8. FineAgg                        - Score: 0.0245
================================================================================

Features Ranked by Differentiation Strength:
================================================================================
 1. Superplasticizer               - Score: 1.0000
 2. Age                            - Score: 0.3792
 3. Water                          - Score: 0.2719
 4. Cement                         - Score: 0.0760
 5. FineAgg                        - Score: 0.0318
 6. Slag                           - Score: 0.0208
 7. CoarseAgg                      - Score: 0.0185
 8. FlyAsh                         - Score: 0.0183
================================================================================

Features Ranked by Differentiation Strength:
================================================================================
 1. Superplasticizer               - Score: 1.0000
 2. Water                          - Score: 0.2176
 3. Age                            - Score: 0.0896
 4. Cement                         - Score: 0.0825
 5. CoarseAgg                      - Score: 0.0157
 6. FineAgg                        - Score: 0.0144
 7. Slag                           - Score: 0.0108
 8. FlyAsh                         - Score: 0.0107
================================================================================

Features Ranked by Differentiation Strength:
================================================================================
 1. Superplasticizer               - Score: 1.0000
 2. Water                          - Score: 0.1790
 3. Cement                         - Score: 0.0502
 4. Age                            - Score: 0.0397
 5. FineAgg                        - Score: 0.0311
 6. CoarseAgg                      - Score: 0.0248
 7. Slag                           - Score: 0.0119
 8. FlyAsh                         - Score: 0.0108
================================================================================

Features Ranked by Differentiation Strength:
================================================================================
 1. Superplasticizer               - Score: 1.0000
 2. Water                          - Score: 0.3360
 3. Age                            - Score: 0.1819
 4. Slag                           - Score: 0.1177
 5. Cement                         - Score: 0.0816
 6. FlyAsh                         - Score: 0.0736
 7. CoarseAgg                      - Score: 0.0486
 8. FineAgg                        - Score: 0.0319
================================================================================
  Concrete: hamacher done
  [skip] Concrete / flat MoG-TSK / einstein: ImportError: cannot import name 'MixtureOfGaussiansFuzzyRegressor' from 'tribblefis.gaussian_regressor' (C:\personal\grad-school\tribble-fis\.venv\Lib\site-packages\tribblefis\gaussian_regressor.py)

Features Ranked by Differentiation Strength:
================================================================================
 1. Superplasticizer               - Score: 1.0000
 2. Water                          - Score: 0.2791
 3. Age                            - Score: 0.0702
 4. Cement                         - Score: 0.0689
 5. FlyAsh                         - Score: 0.0338
 6. CoarseAgg                      - Score: 0.0313
 7. Slag                           - Score: 0.0293
 8. FineAgg                        - Score: 0.0249
================================================================================

Features Ranked by Differentiation Strength:
================================================================================
 1. Superplasticizer               - Score: 1.0000
 2. Water                          - Score: 0.2791
 3. Age                            - Score: 0.0702
 4. Cement                         - Score: 0.0689
 5. FlyAsh                         - Score: 0.0338
 6. CoarseAgg                      - Score: 0.0313
 7. Slag                           - Score: 0.0293
 8. FineAgg                        - Score: 0.0249
================================================================================

Features Ranked by Differentiation Strength:
================================================================================
 1. Superplasticizer               - Score: 1.0000
 2. Age                            - Score: 0.3580
 3. Water                          - Score: 0.2189
 4. Cement                         - Score: 0.0734
 5. FineAgg                        - Score: 0.0449
 6. Slag                           - Score: 0.0302
 7. CoarseAgg                      - Score: 0.0287
 8. FlyAsh                         - Score: 0.0265
================================================================================

Features Ranked by Differentiation Strength:
================================================================================
 1. Superplasticizer               - Score: 1.0000
 2. Water                          - Score: 0.2243
 3. Age                            - Score: 0.0760
 4. Cement                         - Score: 0.0621
 5. FineAgg                        - Score: 0.0155
 6. CoarseAgg                      - Score: 0.0152
 7. Slag                           - Score: 0.0128
 8. FlyAsh                         - Score: 0.0121
================================================================================

Features Ranked by Differentiation Strength:
================================================================================
 1. Superplasticizer               - Score: 1.0000
 2. Water                          - Score: 0.2072
 3. Cement                         - Score: 0.0639
 4. Age                            - Score: 0.0400
 5. FineAgg                        - Score: 0.0387
 6. CoarseAgg                      - Score: 0.0307
 7. FlyAsh                         - Score: 0.0177
 8. Slag                           - Score: 0.0145
================================================================================

Features Ranked by Differentiation Strength:
================================================================================
 1. Superplasticizer               - Score: 1.0000
 2. Water                          - Score: 0.3281
 3. Age                            - Score: 0.1360
 4. Slag                           - Score: 0.1146
 5. Cement                         - Score: 0.0715
 6. FlyAsh                         - Score: 0.0501
 7. CoarseAgg                      - Score: 0.0496
 8. FineAgg                        - Score: 0.0348
================================================================================

Features Ranked by Differentiation Strength:
================================================================================
 1. Superplasticizer               - Score: 1.0000
 2. Water                          - Score: 0.2799
 3. Age                            - Score: 0.0742
 4. Cement                         - Score: 0.0676
 5. CoarseAgg                      - Score: 0.0345
 6. FlyAsh                         - Score: 0.0256
 7. Slag                           - Score: 0.0249
 8. FineAgg                        - Score: 0.0219
================================================================================

Features Ranked by Differentiation Strength:
================================================================================
 1. Superplasticizer               - Score: 1.0000
 2. Water                          - Score: 0.2799
 3. Age                            - Score: 0.0742
 4. Cement                         - Score: 0.0676
 5. CoarseAgg                      - Score: 0.0345
 6. FlyAsh                         - Score: 0.0256
 7. Slag                           - Score: 0.0249
 8. FineAgg                        - Score: 0.0219
================================================================================

Features Ranked by Differentiation Strength:
================================================================================
 1. Superplasticizer               - Score: 1.0000
 2. Age                            - Score: 0.4959
 3. Water                          - Score: 0.2106
 4. Cement                         - Score: 0.0933
 5. FlyAsh                         - Score: 0.0286
 6. FineAgg                        - Score: 0.0191
 7. Slag                           - Score: 0.0189
 8. CoarseAgg                      - Score: 0.0170
================================================================================

Features Ranked by Differentiation Strength:
================================================================================
 1. Superplasticizer               - Score: 1.0000
 2. Water                          - Score: 0.1769
 3. Cement                         - Score: 0.0723
 4. Age                            - Score: 0.0542
 5. CoarseAgg                      - Score: 0.0174
 6. FineAgg                        - Score: 0.0146
 7. FlyAsh                         - Score: 0.0119
 8. Slag                           - Score: 0.0095
================================================================================

Features Ranked by Differentiation Strength:
================================================================================
 1. Superplasticizer               - Score: 1.0000
 2. Water                          - Score: 0.2834
 3. Cement                         - Score: 0.0981
 4. Age                            - Score: 0.0598
 5. FineAgg                        - Score: 0.0572
 6. CoarseAgg                      - Score: 0.0443
 7. Slag                           - Score: 0.0152
 8. FlyAsh                         - Score: 0.0138
================================================================================

Features Ranked by Differentiation Strength:
================================================================================
 1. Superplasticizer               - Score: 1.0000
 2. Water                          - Score: 0.3061
 3. Age                            - Score: 0.1293
 4. Slag                           - Score: 0.0999
 5. Cement                         - Score: 0.0776
 6. CoarseAgg                      - Score: 0.0525
 7. FlyAsh                         - Score: 0.0489
 8. FineAgg                        - Score: 0.0264
================================================================================

Features Ranked by Differentiation Strength:
================================================================================
 1. Superplasticizer               - Score: 1.0000
 2. Water                          - Score: 0.3022
 3. Cement                         - Score: 0.0800
 4. Age                            - Score: 0.0756
 5. FlyAsh                         - Score: 0.0342
 6. CoarseAgg                      - Score: 0.0340
 7. FineAgg                        - Score: 0.0284
 8. Slag                           - Score: 0.0259
================================================================================

Features Ranked by Differentiation Strength:
================================================================================
 1. Superplasticizer               - Score: 1.0000
 2. Water                          - Score: 0.3022
 3. Cement                         - Score: 0.0800
 4. Age                            - Score: 0.0756
 5. FlyAsh                         - Score: 0.0342
 6. CoarseAgg                      - Score: 0.0340
 7. FineAgg                        - Score: 0.0284
 8. Slag                           - Score: 0.0259
================================================================================

Features Ranked by Differentiation Strength:
================================================================================
 1. Superplasticizer               - Score: 1.0000
 2. Age                            - Score: 0.4807
 3. Water                          - Score: 0.1670
 4. Cement                         - Score: 0.0728
 5. FlyAsh                         - Score: 0.0333
 6. FineAgg                        - Score: 0.0318
 7. CoarseAgg                      - Score: 0.0228
 8. Slag                           - Score: 0.0204
================================================================================

Features Ranked by Differentiation Strength:
================================================================================
 1. Superplasticizer               - Score: 1.0000
 2. Water                          - Score: 0.1876
 3. Cement                         - Score: 0.0778
 4. Age                            - Score: 0.0579
 5. CoarseAgg                      - Score: 0.0198
 6. FineAgg                        - Score: 0.0179
 7. Slag                           - Score: 0.0136
 8. FlyAsh                         - Score: 0.0122
================================================================================

Features Ranked by Differentiation Strength:
================================================================================
 1. Superplasticizer               - Score: 1.0000
 2. Water                          - Score: 0.3234
 3. Cement                         - Score: 0.1054
 4. FineAgg                        - Score: 0.0621
 5. Age                            - Score: 0.0578
 6. CoarseAgg                      - Score: 0.0481
 7. Slag                           - Score: 0.0170
 8. FlyAsh                         - Score: 0.0159
================================================================================

Features Ranked by Differentiation Strength:
================================================================================
 1. Superplasticizer               - Score: 1.0000
 2. Water                          - Score: 0.3232
 3. Age                            - Score: 0.1130
 4. Slag                           - Score: 0.1076
 5. Cement                         - Score: 0.0751
 6. CoarseAgg                      - Score: 0.0419
 7. FlyAsh                         - Score: 0.0418
 8. FineAgg                        - Score: 0.0355
================================================================================

Features Ranked by Differentiation Strength:
================================================================================
 1. Superplasticizer               - Score: 1.0000
 2. Water                          - Score: 0.2961
 3. Cement                         - Score: 0.0764
 4. Age                            - Score: 0.0726
 5. FlyAsh                         - Score: 0.0368
 6. CoarseAgg                      - Score: 0.0315
 7. FineAgg                        - Score: 0.0266
 8. Slag                           - Score: 0.0253
================================================================================

Features Ranked by Differentiation Strength:
================================================================================
 1. Superplasticizer               - Score: 1.0000
 2. Water                          - Score: 0.2961
 3. Cement                         - Score: 0.0764
 4. Age                            - Score: 0.0726
 5. FlyAsh                         - Score: 0.0368
 6. CoarseAgg                      - Score: 0.0315
 7. FineAgg                        - Score: 0.0266
 8. Slag                           - Score: 0.0253
================================================================================

Features Ranked by Differentiation Strength:
================================================================================
 1. Superplasticizer               - Score: 1.0000
 2. Age                            - Score: 0.4615
 3. Water                          - Score: 0.1830
 4. Cement                         - Score: 0.0856
 5. FineAgg                        - Score: 0.0318
 6. Slag                           - Score: 0.0275
 7. FlyAsh                         - Score: 0.0262
 8. CoarseAgg                      - Score: 0.0249
================================================================================

Features Ranked by Differentiation Strength:
================================================================================
 1. Superplasticizer               - Score: 1.0000
 2. Water                          - Score: 0.2032
 3. Cement                         - Score: 0.0664
 4. Age                            - Score: 0.0656
 5. FineAgg                        - Score: 0.0176
 6. Slag                           - Score: 0.0171
 7. CoarseAgg                      - Score: 0.0147
 8. FlyAsh                         - Score: 0.0106
================================================================================

Features Ranked by Differentiation Strength:
================================================================================
 1. Superplasticizer               - Score: 1.0000
 2. Water                          - Score: 0.3194
 3. Cement                         - Score: 0.1350
 4. FineAgg                        - Score: 0.0830
 5. Age                            - Score: 0.0632
 6. CoarseAgg                      - Score: 0.0512
 7. Slag                           - Score: 0.0272
 8. FlyAsh                         - Score: 0.0206
================================================================================

Features Ranked by Differentiation Strength:
================================================================================
 1. Superplasticizer               - Score: 1.0000
 2. Water                          - Score: 0.3221
 3. Age                            - Score: 0.1028
 4. Slag                           - Score: 0.0863
 5. Cement                         - Score: 0.0619
 6. FlyAsh                         - Score: 0.0397
 7. CoarseAgg                      - Score: 0.0296
 8. FineAgg                        - Score: 0.0252
================================================================================

Features Ranked by Differentiation Strength:
================================================================================
 1. Superplasticizer               - Score: 1.0000
 2. Water                          - Score: 0.2996
 3. Cement                         - Score: 0.0762
 4. Age                            - Score: 0.0724
 5. CoarseAgg                      - Score: 0.0374
 6. FlyAsh                         - Score: 0.0371
 7. Slag                           - Score: 0.0287
 8. FineAgg                        - Score: 0.0272
================================================================================

Features Ranked by Differentiation Strength:
================================================================================
 1. Superplasticizer               - Score: 1.0000
 2. Water                          - Score: 0.2996
 3. Cement                         - Score: 0.0762
 4. Age                            - Score: 0.0724
 5. CoarseAgg                      - Score: 0.0374
 6. FlyAsh                         - Score: 0.0371
 7. Slag                           - Score: 0.0287
 8. FineAgg                        - Score: 0.0272
================================================================================

Features Ranked by Differentiation Strength:
================================================================================
 1. Superplasticizer               - Score: 1.0000
 2. Age                            - Score: 0.3895
 3. Water                          - Score: 0.2511
 4. Cement                         - Score: 0.0821
 5. FineAgg                        - Score: 0.0329
 6. FlyAsh                         - Score: 0.0253
 7. CoarseAgg                      - Score: 0.0205
 8. Slag                           - Score: 0.0203
================================================================================

Features Ranked by Differentiation Strength:
================================================================================
 1. Superplasticizer               - Score: 1.0000
 2. Water                          - Score: 0.2101
 3. Cement                         - Score: 0.0966
 4. Age                            - Score: 0.0799
 5. FineAgg                        - Score: 0.0300
 6. CoarseAgg                      - Score: 0.0180
 7. FlyAsh                         - Score: 0.0158
 8. Slag                           - Score: 0.0153
================================================================================

Features Ranked by Differentiation Strength:
================================================================================
 1. Superplasticizer               - Score: 1.0000
 2. Water                          - Score: 0.2680
 3. Cement                         - Score: 0.1079
 4. FineAgg                        - Score: 0.0725
 5. Age                            - Score: 0.0555
 6. CoarseAgg                      - Score: 0.0489
 7. Slag                           - Score: 0.0236
 8. FlyAsh                         - Score: 0.0218
================================================================================

Features Ranked by Differentiation Strength:
================================================================================
 1. Superplasticizer               - Score: 1.0000
 2. Water                          - Score: 0.3260
 3. Age                            - Score: 0.1073
 4. Slag                           - Score: 0.0902
 5. Cement                         - Score: 0.0790
 6. FlyAsh                         - Score: 0.0529
 7. CoarseAgg                      - Score: 0.0484
 8. FineAgg                        - Score: 0.0281
================================================================================

Features Ranked by Differentiation Strength:
================================================================================
 1. Superplasticizer               - Score: 1.0000
 2. Water                          - Score: 0.2945
 3. Cement                         - Score: 0.0750
 4. Age                            - Score: 0.0728
 5. FlyAsh                         - Score: 0.0337
 6. CoarseAgg                      - Score: 0.0325
 7. Slag                           - Score: 0.0265
 8. FineAgg                        - Score: 0.0255
================================================================================

Features Ranked by Differentiation Strength:
================================================================================
 1. Superplasticizer               - Score: 1.0000
 2. Water                          - Score: 0.2945
 3. Cement                         - Score: 0.0750
 4. Age                            - Score: 0.0728
 5. FlyAsh                         - Score: 0.0337
 6. CoarseAgg                      - Score: 0.0325
 7. Slag                           - Score: 0.0265
 8. FineAgg                        - Score: 0.0255
================================================================================

Features Ranked by Differentiation Strength:
================================================================================
 1. Superplasticizer               - Score: 1.0000
 2. Age                            - Score: 0.8496
 3. Water                          - Score: 0.1876
 4. Cement                         - Score: 0.0793
 5. FineAgg                        - Score: 0.0329
 6. CoarseAgg                      - Score: 0.0323
 7. FlyAsh                         - Score: 0.0314
 8. Slag                           - Score: 0.0235
================================================================================

Features Ranked by Differentiation Strength:
================================================================================
 1. Superplasticizer               - Score: 1.0000
 2. Water                          - Score: 0.1891
 3. Age                            - Score: 0.0687
 4. Cement                         - Score: 0.0638
 5. CoarseAgg                      - Score: 0.0178
 6. FineAgg                        - Score: 0.0157
 7. Slag                           - Score: 0.0140
 8. FlyAsh                         - Score: 0.0123
================================================================================

Features Ranked by Differentiation Strength:
================================================================================
 1. Superplasticizer               - Score: 1.0000
 2. Water                          - Score: 0.3031
 3. Cement                         - Score: 0.1008
 4. FineAgg                        - Score: 0.0623
 5. Age                            - Score: 0.0521
 6. CoarseAgg                      - Score: 0.0440
 7. FlyAsh                         - Score: 0.0153
 8. Slag                           - Score: 0.0127
================================================================================

Features Ranked by Differentiation Strength:
================================================================================
 1. Superplasticizer               - Score: 1.0000
 2. Water                          - Score: 0.3095
 3. Age                            - Score: 0.1328
 4. Slag                           - Score: 0.1099
 5. Cement                         - Score: 0.0726
 6. FlyAsh                         - Score: 0.0468
 7. CoarseAgg                      - Score: 0.0447
 8. FineAgg                        - Score: 0.0337
================================================================================

Features Ranked by Differentiation Strength:
================================================================================
 1. Superplasticizer               - Score: 1.0000
 2. Water                          - Score: 0.2873
 3. Age                            - Score: 0.0750
 4. Cement                         - Score: 0.0667
 5. CoarseAgg                      - Score: 0.0310
 6. FlyAsh                         - Score: 0.0244
 7. FineAgg                        - Score: 0.0226
 8. Slag                           - Score: 0.0199
================================================================================

Features Ranked by Differentiation Strength:
================================================================================
 1. Superplasticizer               - Score: 1.0000
 2. Water                          - Score: 0.2873
 3. Age                            - Score: 0.0750
 4. Cement                         - Score: 0.0667
 5. CoarseAgg                      - Score: 0.0310
 6. FlyAsh                         - Score: 0.0244
 7. FineAgg                        - Score: 0.0226
 8. Slag                           - Score: 0.0199
================================================================================

Features Ranked by Differentiation Strength:
================================================================================
 1. Superplasticizer               - Score: 1.0000
 2. Age                            - Score: 0.4817
 3. Water                          - Score: 0.1765
 4. Cement                         - Score: 0.0797
 5. Slag                           - Score: 0.0285
 6. FineAgg                        - Score: 0.0282
 7. FlyAsh                         - Score: 0.0253
 8. CoarseAgg                      - Score: 0.0251
================================================================================

Features Ranked by Differentiation Strength:
================================================================================
 1. Superplasticizer               - Score: 1.0000
 2. Water                          - Score: 0.1977
 3. Cement                         - Score: 0.0696
 4. Age                            - Score: 0.0619
 5. FineAgg                        - Score: 0.0211
 6. CoarseAgg                      - Score: 0.0201
 7. FlyAsh                         - Score: 0.0134
 8. Slag                           - Score: 0.0116
================================================================================

Features Ranked by Differentiation Strength:
================================================================================
 1. Superplasticizer               - Score: 1.0000
 2. Water                          - Score: 0.1833
 3. Age                            - Score: 0.0561
 4. Cement                         - Score: 0.0539
 5. Slag                           - Score: 0.0378
 6. FineAgg                        - Score: 0.0228
 7. CoarseAgg                      - Score: 0.0203
 8. FlyAsh                         - Score: 0.0142
================================================================================

Features Ranked by Differentiation Strength:
================================================================================
 1. Superplasticizer               - Score: 1.0000
 2. Water                          - Score: 0.3200
 3. Age                            - Score: 0.0915
 4. Cement                         - Score: 0.0727
 5. Slag                           - Score: 0.0660
 6. CoarseAgg                      - Score: 0.0397
 7. FlyAsh                         - Score: 0.0270
 8. FineAgg                        - Score: 0.0257
================================================================================

Features Ranked by Differentiation Strength:
================================================================================
 1. Superplasticizer               - Score: 1.0000
 2. Water                          - Score: 0.2806
 3. Age                            - Score: 0.0803
 4. Cement                         - Score: 0.0750
 5. FlyAsh                         - Score: 0.0335
 6. Slag                           - Score: 0.0315
 7. CoarseAgg                      - Score: 0.0311
 8. FineAgg                        - Score: 0.0309
================================================================================

Features Ranked by Differentiation Strength:
================================================================================
 1. Superplasticizer               - Score: 1.0000
 2. Water                          - Score: 0.2806
 3. Age                            - Score: 0.0803
 4. Cement                         - Score: 0.0750
 5. FlyAsh                         - Score: 0.0335
 6. Slag                           - Score: 0.0315
 7. CoarseAgg                      - Score: 0.0311
 8. FineAgg                        - Score: 0.0309
================================================================================

Features Ranked by Differentiation Strength:
================================================================================
 1. Superplasticizer               - Score: 1.0000
 2. Age                            - Score: 0.5077
 3. Water                          - Score: 0.1810
 4. Cement                         - Score: 0.0878
 5. FineAgg                        - Score: 0.0366
 6. Slag                           - Score: 0.0364
 7. CoarseAgg                      - Score: 0.0295
 8. FlyAsh                         - Score: 0.0280
================================================================================

Features Ranked by Differentiation Strength:
================================================================================
 1. Superplasticizer               - Score: 1.0000
 2. Water                          - Score: 0.1905
 3. Cement                         - Score: 0.0761
 4. Age                            - Score: 0.0758
 5. FineAgg                        - Score: 0.0313
 6. Slag                           - Score: 0.0169
 7. CoarseAgg                      - Score: 0.0166
 8. FlyAsh                         - Score: 0.0156
================================================================================

Features Ranked by Differentiation Strength:
================================================================================
 1. Superplasticizer               - Score: 1.0000
 2. Water                          - Score: 0.2444
 3. Cement                         - Score: 0.0819
 4. FineAgg                        - Score: 0.0578
 5. Age                            - Score: 0.0548
 6. CoarseAgg                      - Score: 0.0382
 7. Slag                           - Score: 0.0182
 8. FlyAsh                         - Score: 0.0159
================================================================================

Features Ranked by Differentiation Strength:
================================================================================
 1. Superplasticizer               - Score: 1.0000
 2. Water                          - Score: 0.2916
 3. Age                            - Score: 0.1491
 4. Slag                           - Score: 0.1073
 5. Cement                         - Score: 0.0781
 6. FlyAsh                         - Score: 0.0512
 7. CoarseAgg                      - Score: 0.0502
 8. FineAgg                        - Score: 0.0354
================================================================================

Features Ranked by Differentiation Strength:
================================================================================
 1. Superplasticizer               - Score: 1.0000
 2. Water                          - Score: 0.2910
 3. Cement                         - Score: 0.0748
 4. Age                            - Score: 0.0738
 5. CoarseAgg                      - Score: 0.0333
 6. FlyAsh                         - Score: 0.0297
 7. FineAgg                        - Score: 0.0277
 8. Slag                           - Score: 0.0248
================================================================================

Features Ranked by Differentiation Strength:
================================================================================
 1. Superplasticizer               - Score: 1.0000
 2. Water                          - Score: 0.2910
 3. Cement                         - Score: 0.0748
 4. Age                            - Score: 0.0738
 5. CoarseAgg                      - Score: 0.0333
 6. FlyAsh                         - Score: 0.0297
 7. FineAgg                        - Score: 0.0277
 8. Slag                           - Score: 0.0248
================================================================================

Features Ranked by Differentiation Strength:
================================================================================
 1. Superplasticizer               - Score: 1.0000
 2. Age                            - Score: 0.4846
 3. Water                          - Score: 0.1826
 4. Cement                         - Score: 0.0935
 5. Slag                           - Score: 0.0365
 6. FineAgg                        - Score: 0.0340
 7. FlyAsh                         - Score: 0.0296
 8. CoarseAgg                      - Score: 0.0270
================================================================================

Features Ranked by Differentiation Strength:
================================================================================
 1. Superplasticizer               - Score: 1.0000
 2. Water                          - Score: 0.2021
 3. Age                            - Score: 0.0769
 4. Cement                         - Score: 0.0709
 5. FineAgg                        - Score: 0.0238
 6. CoarseAgg                      - Score: 0.0205
 7. Slag                           - Score: 0.0159
 8. FlyAsh                         - Score: 0.0121
================================================================================

Features Ranked by Differentiation Strength:
================================================================================
 1. Superplasticizer               - Score: 1.0000
 2. Water                          - Score: 0.3255
 3. Cement                         - Score: 0.0956
 4. FineAgg                        - Score: 0.0565
 5. Age                            - Score: 0.0487
 6. CoarseAgg                      - Score: 0.0432
 7. FlyAsh                         - Score: 0.0249
 8. Slag                           - Score: 0.0166
================================================================================

Features Ranked by Differentiation Strength:
================================================================================
 1. Superplasticizer               - Score: 1.0000
 2. Water                          - Score: 0.3067
 3. Age                            - Score: 0.1181
 4. Slag                           - Score: 0.1084
 5. Cement                         - Score: 0.0789
 6. CoarseAgg                      - Score: 0.0514
 7. FlyAsh                         - Score: 0.0505
 8. FineAgg                        - Score: 0.0298
================================================================================

Features Ranked by Differentiation Strength:
================================================================================
 1. Superplasticizer               - Score: 1.0000
 2. Water                          - Score: 0.2974
 3. Age                            - Score: 0.1101
 4. Cement                         - Score: 0.0803
 5. FlyAsh                         - Score: 0.0418
 6. CoarseAgg                      - Score: 0.0325
 7. Slag                           - Score: 0.0285
 8. FineAgg                        - Score: 0.0245
================================================================================

Features Ranked by Differentiation Strength:
================================================================================
 1. Superplasticizer               - Score: 1.0000
 2. Water                          - Score: 0.2974
 3. Age                            - Score: 0.1101
 4. Cement                         - Score: 0.0803
 5. FlyAsh                         - Score: 0.0418
 6. CoarseAgg                      - Score: 0.0325
 7. Slag                           - Score: 0.0285
 8. FineAgg                        - Score: 0.0245
================================================================================

Features Ranked by Differentiation Strength:
================================================================================
 1. Superplasticizer               - Score: 1.0000
 2. Age                            - Score: 0.3792
 3. Water                          - Score: 0.2719
 4. Cement                         - Score: 0.0760
 5. FineAgg                        - Score: 0.0318
 6. Slag                           - Score: 0.0208
 7. CoarseAgg                      - Score: 0.0185
 8. FlyAsh                         - Score: 0.0183
================================================================================

Features Ranked by Differentiation Strength:
================================================================================
 1. Superplasticizer               - Score: 1.0000
 2. Water                          - Score: 0.2176
 3. Age                            - Score: 0.0896
 4. Cement                         - Score: 0.0825
 5. CoarseAgg                      - Score: 0.0157
 6. FineAgg                        - Score: 0.0144
 7. Slag                           - Score: 0.0108
 8. FlyAsh                         - Score: 0.0107
================================================================================

Features Ranked by Differentiation Strength:
================================================================================
 1. Superplasticizer               - Score: 1.0000
 2. Water                          - Score: 0.1790
 3. Cement                         - Score: 0.0502
 4. Age                            - Score: 0.0397
 5. FineAgg                        - Score: 0.0311
 6. CoarseAgg                      - Score: 0.0248
 7. Slag                           - Score: 0.0119
 8. FlyAsh                         - Score: 0.0108
================================================================================

Features Ranked by Differentiation Strength:
================================================================================
 1. Superplasticizer               - Score: 1.0000
 2. Water                          - Score: 0.3360
 3. Age                            - Score: 0.1819
 4. Slag                           - Score: 0.1177
 5. Cement                         - Score: 0.0816
 6. FlyAsh                         - Score: 0.0736
 7. CoarseAgg                      - Score: 0.0486
 8. FineAgg                        - Score: 0.0319
================================================================================
  Concrete: einstein done
  [phiusiil] repo loader, data from data\PhiUSIIL_Phishing_URL_Dataset.csv
  [skip] PhiUSIIL / flat MoG / min/max: ImportError: cannot import name 'MixtureOfGaussiansFuzzyClassifier' from 'tribblefis.gaussian_classifier' (C:\personal\grad-school\tribble-fis\.venv\Lib\site-packages\tribblefis\gaussian_classifier.py)

Features Ranked by Differentiation Strength:
================================================================================
 1. URLCharProb                    - Score: 1.0000
 2. SpacialCharRatioInURL          - Score: 0.2475
 3. DegitRatioInURL                - Score: 0.0768
 4. LetterRatioInURL               - Score: 0.0522
 5. HasSocialNet                   - Score: 0.0493
 6. HasCopyrightInfo               - Score: 0.0422
 7. CharContinuationRate           - Score: 0.0359
 8. HasDescription                 - Score: 0.0356
 9. HasSubmitButton                - Score: 0.0265
10. IsHTTPS                        - Score: 0.0262
11. IsResponsive                   - Score: 0.0237
12. HasHiddenFields                - Score: 0.0224
13. ObfuscationRatio               - Score: 0.0213
14. HasFavicon                     - Score: 0.0211
15. HasTitle                       - Score: 0.0173
16. Robots                         - Score: 0.0165
17. Pay                            - Score: 0.0147
18. TLDLegitimateProb              - Score: 0.0111
19. Bank                           - Score: 0.0073
20. HasExternalFormSubmit          - Score: 0.0069
21. HasPasswordField               - Score: 0.0053
22. Crypto                         - Score: 0.0036
23. NoOfSelfRedirect               - Score: 0.0031
24. NoOfQMarkInURL                 - Score: 0.0029
25. NoOfSubDomain                  - Score: 0.0028
26. IsDomainIP                     - Score: 0.0020
27. NoOfURLRedirect                - Score: 0.0018
28. HasObfuscation                 - Score: 0.0017
29. URLSimilarityIndex             - Score: 0.0010
30. NoOfOtherSpecialCharsInURL     - Score: 0.0009
31. NoOfEqualsInURL                - Score: 0.0007
32. TLDLength                      - Score: 0.0006
33. DomainTitleMatchScore          - Score: 0.0005
34. URLTitleMatchScore             - Score: 0.0004
35. NoOfiFrame                     - Score: 0.0004
36. NoOfCSS                        - Score: 0.0004
37. NoOfJS                         - Score: 0.0003
38. DomainLength                   - Score: 0.0003
39. NoOfAmpersandInURL             - Score: 0.0002
40. NoOfDegitsInURL                - Score: 0.0002
41. NoOfPopup                      - Score: 0.0001
42. NoOfObfuscatedChar             - Score: 0.0001
43. NoOfEmptyRef                   - Score: 0.0001
44. NoOfImage                      - Score: 0.0001
45. NoOfSelfRef                    - Score: 0.0001
46. NoOfLettersInURL               - Score: 0.0001
47. URLLength                      - Score: 0.0000
48. NoOfExternalRef                - Score: 0.0000
49. LineOfCode                     - Score: 0.0000
50. LargestLineLength              - Score: 0.0000
================================================================================

Features Ranked by Differentiation Strength:
================================================================================
 1. URLCharProb                    - Score: 1.0000
 2. SpacialCharRatioInURL          - Score: 0.2475
 3. DegitRatioInURL                - Score: 0.0768
 4. LetterRatioInURL               - Score: 0.0522
 5. HasSocialNet                   - Score: 0.0493
 6. HasCopyrightInfo               - Score: 0.0422
 7. CharContinuationRate           - Score: 0.0359
 8. HasDescription                 - Score: 0.0356
 9. HasSubmitButton                - Score: 0.0265
10. IsHTTPS                        - Score: 0.0262
11. IsResponsive                   - Score: 0.0237
12. HasHiddenFields                - Score: 0.0224
13. ObfuscationRatio               - Score: 0.0213
14. HasFavicon                     - Score: 0.0211
15. HasTitle                       - Score: 0.0173
16. Robots                         - Score: 0.0165
17. Pay                            - Score: 0.0147
18. TLDLegitimateProb              - Score: 0.0111
19. Bank                           - Score: 0.0073
20. HasExternalFormSubmit          - Score: 0.0069
21. HasPasswordField               - Score: 0.0053
22. Crypto                         - Score: 0.0036
23. NoOfSelfRedirect               - Score: 0.0031
24. NoOfQMarkInURL                 - Score: 0.0029
25. NoOfSubDomain                  - Score: 0.0028
26. IsDomainIP                     - Score: 0.0020
27. NoOfURLRedirect                - Score: 0.0018
28. HasObfuscation                 - Score: 0.0017
29. URLSimilarityIndex             - Score: 0.0010
30. NoOfOtherSpecialCharsInURL     - Score: 0.0009
31. NoOfEqualsInURL                - Score: 0.0007
32. TLDLength                      - Score: 0.0006
33. DomainTitleMatchScore          - Score: 0.0005
34. URLTitleMatchScore             - Score: 0.0004
35. NoOfiFrame                     - Score: 0.0004
36. NoOfCSS                        - Score: 0.0004
37. NoOfJS                         - Score: 0.0003
38. DomainLength                   - Score: 0.0003
39. NoOfAmpersandInURL             - Score: 0.0002
40. NoOfDegitsInURL                - Score: 0.0002
41. NoOfPopup                      - Score: 0.0001
42. NoOfObfuscatedChar             - Score: 0.0001
43. NoOfEmptyRef                   - Score: 0.0001
44. NoOfImage                      - Score: 0.0001
45. NoOfSelfRef                    - Score: 0.0001
46. NoOfLettersInURL               - Score: 0.0001
47. URLLength                      - Score: 0.0000
48. NoOfExternalRef                - Score: 0.0000
49. LineOfCode                     - Score: 0.0000
50. LargestLineLength              - Score: 0.0000
================================================================================

Features Ranked by Differentiation Strength:
================================================================================
 1. URLCharProb                    - Score: 1.0000
 2. SpacialCharRatioInURL          - Score: 0.6721
 3. DegitRatioInURL                - Score: 0.1022
 4. HasSocialNet                   - Score: 0.0699
 5. HasCopyrightInfo               - Score: 0.0635
================================================================================

Features Ranked by Differentiation Strength:
================================================================================
 1. SpacialCharRatioInURL          - Score: 1.0000
 2. URLCharProb                    - Score: 0.9753
 3. IsHTTPS                        - Score: 0.2824
 4. HasSocialNet                   - Score: 0.1705
 5. HasCopyrightInfo               - Score: 0.1596
================================================================================

Features Ranked by Differentiation Strength:
================================================================================
 1. URLCharProb                    - Score: 1.0000
 2. SpacialCharRatioInURL          - Score: 0.7143
 3. DegitRatioInURL                - Score: 0.1064
 4. HasSocialNet                   - Score: 0.0786
 5. HasCopyrightInfo               - Score: 0.0715
================================================================================

Features Ranked by Differentiation Strength:
================================================================================
 1. URLCharProb                    - Score: 1.0000
 2. SpacialCharRatioInURL          - Score: 0.2608
 3. DegitRatioInURL                - Score: 0.0785
 4. LetterRatioInURL               - Score: 0.0542
 5. HasSocialNet                   - Score: 0.0492
================================================================================

Features Ranked by Differentiation Strength:
================================================================================
 1. URLCharProb                    - Score: 1.0000
 2. SpacialCharRatioInURL          - Score: 0.2575
 3. DegitRatioInURL                - Score: 0.0784
 4. LetterRatioInURL               - Score: 0.0514
 5. HasSocialNet                   - Score: 0.0498
 6. HasCopyrightInfo               - Score: 0.0427
 7. HasDescription                 - Score: 0.0361
 8. CharContinuationRate           - Score: 0.0358
 9. HasSubmitButton                - Score: 0.0273
10. IsHTTPS                        - Score: 0.0260
11. IsResponsive                   - Score: 0.0232
12. HasHiddenFields                - Score: 0.0225
13. HasFavicon                     - Score: 0.0211
14. ObfuscationRatio               - Score: 0.0209
15. HasTitle                       - Score: 0.0172
16. Robots                         - Score: 0.0165
17. Pay                            - Score: 0.0147
18. TLDLegitimateProb              - Score: 0.0120
19. Bank                           - Score: 0.0072
20. HasExternalFormSubmit          - Score: 0.0069
21. HasPasswordField               - Score: 0.0054
22. Crypto                         - Score: 0.0035
23. NoOfSelfRedirect               - Score: 0.0031
24. NoOfQMarkInURL                 - Score: 0.0029
25. NoOfSubDomain                  - Score: 0.0028
26. IsDomainIP                     - Score: 0.0021
27. NoOfURLRedirect                - Score: 0.0021
28. HasObfuscation                 - Score: 0.0018
29. URLSimilarityIndex             - Score: 0.0010
30. NoOfOtherSpecialCharsInURL     - Score: 0.0008
31. TLDLength                      - Score: 0.0007
32. NoOfEqualsInURL                - Score: 0.0006
33. DomainTitleMatchScore          - Score: 0.0005
34. NoOfiFrame                     - Score: 0.0005
35. URLTitleMatchScore             - Score: 0.0004
36. NoOfCSS                        - Score: 0.0003
37. NoOfJS                         - Score: 0.0003
38. DomainLength                   - Score: 0.0003
39. NoOfAmpersandInURL             - Score: 0.0002
40. NoOfDegitsInURL                - Score: 0.0002
41. NoOfPopup                      - Score: 0.0001
42. NoOfObfuscatedChar             - Score: 0.0001
43. NoOfEmptyRef                   - Score: 0.0001
44. NoOfImage                      - Score: 0.0001
45. NoOfSelfRef                    - Score: 0.0001
46. NoOfLettersInURL               - Score: 0.0001
47. URLLength                      - Score: 0.0000
48. NoOfExternalRef                - Score: 0.0000
49. LineOfCode                     - Score: 0.0000
50. LargestLineLength              - Score: 0.0000
================================================================================

Features Ranked by Differentiation Strength:
================================================================================
 1. URLCharProb                    - Score: 1.0000
 2. SpacialCharRatioInURL          - Score: 0.2575
 3. DegitRatioInURL                - Score: 0.0784
 4. LetterRatioInURL               - Score: 0.0514
 5. HasSocialNet                   - Score: 0.0498
 6. HasCopyrightInfo               - Score: 0.0427
 7. HasDescription                 - Score: 0.0361
 8. CharContinuationRate           - Score: 0.0358
 9. HasSubmitButton                - Score: 0.0273
10. IsHTTPS                        - Score: 0.0260
11. IsResponsive                   - Score: 0.0232
12. HasHiddenFields                - Score: 0.0225
13. HasFavicon                     - Score: 0.0211
14. ObfuscationRatio               - Score: 0.0209
15. HasTitle                       - Score: 0.0172
16. Robots                         - Score: 0.0165
17. Pay                            - Score: 0.0147
18. TLDLegitimateProb              - Score: 0.0120
19. Bank                           - Score: 0.0072
20. HasExternalFormSubmit          - Score: 0.0069
21. HasPasswordField               - Score: 0.0054
22. Crypto                         - Score: 0.0035
23. NoOfSelfRedirect               - Score: 0.0031
24. NoOfQMarkInURL                 - Score: 0.0029
25. NoOfSubDomain                  - Score: 0.0028
26. IsDomainIP                     - Score: 0.0021
27. NoOfURLRedirect                - Score: 0.0021
28. HasObfuscation                 - Score: 0.0018
29. URLSimilarityIndex             - Score: 0.0010
30. NoOfOtherSpecialCharsInURL     - Score: 0.0008
31. TLDLength                      - Score: 0.0007
32. NoOfEqualsInURL                - Score: 0.0006
33. DomainTitleMatchScore          - Score: 0.0005
34. NoOfiFrame                     - Score: 0.0005
35. URLTitleMatchScore             - Score: 0.0004
36. NoOfCSS                        - Score: 0.0003
37. NoOfJS                         - Score: 0.0003
38. DomainLength                   - Score: 0.0003
39. NoOfAmpersandInURL             - Score: 0.0002
40. NoOfDegitsInURL                - Score: 0.0002
41. NoOfPopup                      - Score: 0.0001
42. NoOfObfuscatedChar             - Score: 0.0001
43. NoOfEmptyRef                   - Score: 0.0001
44. NoOfImage                      - Score: 0.0001
45. NoOfSelfRef                    - Score: 0.0001
46. NoOfLettersInURL               - Score: 0.0001
47. URLLength                      - Score: 0.0000
48. NoOfExternalRef                - Score: 0.0000
49. LineOfCode                     - Score: 0.0000
50. LargestLineLength              - Score: 0.0000
================================================================================

Features Ranked by Differentiation Strength:
================================================================================
 1. URLCharProb                    - Score: 1.0000
 2. SpacialCharRatioInURL          - Score: 0.6749
 3. DegitRatioInURL                - Score: 0.1017
 4. HasSocialNet                   - Score: 0.0692
 5. HasCopyrightInfo               - Score: 0.0637
================================================================================

Features Ranked by Differentiation Strength:
================================================================================
 1. SpacialCharRatioInURL          - Score: 1.0000
 2. URLCharProb                    - Score: 0.8271
 3. IsHTTPS                        - Score: 0.2497
 4. HasSocialNet                   - Score: 0.1613
 5. HasCopyrightInfo               - Score: 0.1512
================================================================================

Features Ranked by Differentiation Strength:
================================================================================
 1. URLCharProb                    - Score: 1.0000
 2. SpacialCharRatioInURL          - Score: 0.7335
 3. DegitRatioInURL                - Score: 0.1069
 4. HasSocialNet                   - Score: 0.0787
 5. HasCopyrightInfo               - Score: 0.0721
================================================================================

Features Ranked by Differentiation Strength:
================================================================================
 1. URLCharProb                    - Score: 1.0000
 2. SpacialCharRatioInURL          - Score: 0.2713
 3. DegitRatioInURL                - Score: 0.0798
 4. LetterRatioInURL               - Score: 0.0532
 5. HasSocialNet                   - Score: 0.0497
================================================================================

Features Ranked by Differentiation Strength:
================================================================================
 1. URLCharProb                    - Score: 1.0000
 2. SpacialCharRatioInURL          - Score: 0.2508
 3. DegitRatioInURL                - Score: 0.0773
 4. LetterRatioInURL               - Score: 0.0500
 5. HasSocialNet                   - Score: 0.0483
 6. HasCopyrightInfo               - Score: 0.0416
 7. HasDescription                 - Score: 0.0354
 8. CharContinuationRate           - Score: 0.0353
 9. HasSubmitButton                - Score: 0.0260
10. IsHTTPS                        - Score: 0.0256
11. IsResponsive                   - Score: 0.0228
12. HasHiddenFields                - Score: 0.0221
13. ObfuscationRatio               - Score: 0.0218
14. HasFavicon                     - Score: 0.0203
15. HasTitle                       - Score: 0.0171
16. Robots                         - Score: 0.0163
17. Pay                            - Score: 0.0143
18. TLDLegitimateProb              - Score: 0.0111
19. Bank                           - Score: 0.0071
20. HasExternalFormSubmit          - Score: 0.0066
21. HasPasswordField               - Score: 0.0050
22. Crypto                         - Score: 0.0035
23. NoOfSelfRedirect               - Score: 0.0030
24. NoOfQMarkInURL                 - Score: 0.0029
25. NoOfSubDomain                  - Score: 0.0024
26. IsDomainIP                     - Score: 0.0019
27. NoOfURLRedirect                - Score: 0.0019
28. HasObfuscation                 - Score: 0.0017
29. URLSimilarityIndex             - Score: 0.0010
30. NoOfOtherSpecialCharsInURL     - Score: 0.0008
31. NoOfEqualsInURL                - Score: 0.0006
32. TLDLength                      - Score: 0.0006
33. DomainTitleMatchScore          - Score: 0.0005
34. NoOfiFrame                     - Score: 0.0005
35. URLTitleMatchScore             - Score: 0.0004
36. NoOfCSS                        - Score: 0.0003
37. NoOfJS                         - Score: 0.0003
38. DomainLength                   - Score: 0.0003
39. NoOfAmpersandInURL             - Score: 0.0002
40. NoOfDegitsInURL                - Score: 0.0002
41. NoOfPopup                      - Score: 0.0001
42. NoOfObfuscatedChar             - Score: 0.0001
43. NoOfEmptyRef                   - Score: 0.0001
44. NoOfImage                      - Score: 0.0001
45. NoOfSelfRef                    - Score: 0.0001
46. NoOfLettersInURL               - Score: 0.0001
47. URLLength                      - Score: 0.0000
48. NoOfExternalRef                - Score: 0.0000
49. LineOfCode                     - Score: 0.0000
50. LargestLineLength              - Score: 0.0000
================================================================================

Features Ranked by Differentiation Strength:
================================================================================
 1. URLCharProb                    - Score: 1.0000
 2. SpacialCharRatioInURL          - Score: 0.2508
 3. DegitRatioInURL                - Score: 0.0773
 4. LetterRatioInURL               - Score: 0.0500
 5. HasSocialNet                   - Score: 0.0483
 6. HasCopyrightInfo               - Score: 0.0416
 7. HasDescription                 - Score: 0.0354
 8. CharContinuationRate           - Score: 0.0353
 9. HasSubmitButton                - Score: 0.0260
10. IsHTTPS                        - Score: 0.0256
11. IsResponsive                   - Score: 0.0228
12. HasHiddenFields                - Score: 0.0221
13. ObfuscationRatio               - Score: 0.0218
14. HasFavicon                     - Score: 0.0203
15. HasTitle                       - Score: 0.0171
16. Robots                         - Score: 0.0163
17. Pay                            - Score: 0.0143
18. TLDLegitimateProb              - Score: 0.0111
19. Bank                           - Score: 0.0071
20. HasExternalFormSubmit          - Score: 0.0066
21. HasPasswordField               - Score: 0.0050
22. Crypto                         - Score: 0.0035
23. NoOfSelfRedirect               - Score: 0.0030
24. NoOfQMarkInURL                 - Score: 0.0029
25. NoOfSubDomain                  - Score: 0.0024
26. IsDomainIP                     - Score: 0.0019
27. NoOfURLRedirect                - Score: 0.0019
28. HasObfuscation                 - Score: 0.0017
29. URLSimilarityIndex             - Score: 0.0010
30. NoOfOtherSpecialCharsInURL     - Score: 0.0008
31. NoOfEqualsInURL                - Score: 0.0006
32. TLDLength                      - Score: 0.0006
33. DomainTitleMatchScore          - Score: 0.0005
34. NoOfiFrame                     - Score: 0.0005
35. URLTitleMatchScore             - Score: 0.0004
36. NoOfCSS                        - Score: 0.0003
37. NoOfJS                         - Score: 0.0003
38. DomainLength                   - Score: 0.0003
39. NoOfAmpersandInURL             - Score: 0.0002
40. NoOfDegitsInURL                - Score: 0.0002
41. NoOfPopup                      - Score: 0.0001
42. NoOfObfuscatedChar             - Score: 0.0001
43. NoOfEmptyRef                   - Score: 0.0001
44. NoOfImage                      - Score: 0.0001
45. NoOfSelfRef                    - Score: 0.0001
46. NoOfLettersInURL               - Score: 0.0001
47. URLLength                      - Score: 0.0000
48. NoOfExternalRef                - Score: 0.0000
49. LineOfCode                     - Score: 0.0000
50. LargestLineLength              - Score: 0.0000
================================================================================

Features Ranked by Differentiation Strength:
================================================================================
 1. URLCharProb                    - Score: 1.0000
 2. SpacialCharRatioInURL          - Score: 0.6654
 3. DegitRatioInURL                - Score: 0.1009
 4. HasSocialNet                   - Score: 0.0661
 5. HasCopyrightInfo               - Score: 0.0614
================================================================================

Features Ranked by Differentiation Strength:
================================================================================
 1. SpacialCharRatioInURL          - Score: 1.0000
 2. URLCharProb                    - Score: 0.9993
 3. IsHTTPS                        - Score: 0.2635
 4. HasSocialNet                   - Score: 0.1682
 5. HasCopyrightInfo               - Score: 0.1601
================================================================================

Features Ranked by Differentiation Strength:
================================================================================
 1. URLCharProb                    - Score: 1.0000
 2. SpacialCharRatioInURL          - Score: 0.7111
 3. DegitRatioInURL                - Score: 0.1057
 4. HasSocialNet                   - Score: 0.0748
 5. HasCopyrightInfo               - Score: 0.0694
================================================================================

Features Ranked by Differentiation Strength:
================================================================================
 1. URLCharProb                    - Score: 1.0000
 2. SpacialCharRatioInURL          - Score: 0.2649
 3. DegitRatioInURL                - Score: 0.0789
 4. LetterRatioInURL               - Score: 0.0519
 5. HasSocialNet                   - Score: 0.0483
================================================================================

Features Ranked by Differentiation Strength:
================================================================================
 1. URLCharProb                    - Score: 1.0000
 2. SpacialCharRatioInURL          - Score: 0.2492
 3. DegitRatioInURL                - Score: 0.0758
 4. LetterRatioInURL               - Score: 0.0499
 5. HasSocialNet                   - Score: 0.0491
 6. HasCopyrightInfo               - Score: 0.0420
 7. CharContinuationRate           - Score: 0.0367
 8. HasDescription                 - Score: 0.0352
 9. HasSubmitButton                - Score: 0.0264
10. IsHTTPS                        - Score: 0.0255
11. IsResponsive                   - Score: 0.0232
12. HasHiddenFields                - Score: 0.0219
13. ObfuscationRatio               - Score: 0.0216
14. HasFavicon                     - Score: 0.0207
15. HasTitle                       - Score: 0.0171
16. Robots                         - Score: 0.0164
17. Pay                            - Score: 0.0142
18. TLDLegitimateProb              - Score: 0.0112
19. Bank                           - Score: 0.0069
20. HasExternalFormSubmit          - Score: 0.0067
21. HasPasswordField               - Score: 0.0051
22. Crypto                         - Score: 0.0036
23. NoOfSelfRedirect               - Score: 0.0031
24. NoOfQMarkInURL                 - Score: 0.0029
25. NoOfSubDomain                  - Score: 0.0024
26. IsDomainIP                     - Score: 0.0020
27. HasObfuscation                 - Score: 0.0018
28. NoOfURLRedirect                - Score: 0.0018
29. URLSimilarityIndex             - Score: 0.0010
30. NoOfOtherSpecialCharsInURL     - Score: 0.0009
31. NoOfEqualsInURL                - Score: 0.0007
32. TLDLength                      - Score: 0.0006
33. DomainTitleMatchScore          - Score: 0.0005
34. URLTitleMatchScore             - Score: 0.0005
35. NoOfiFrame                     - Score: 0.0004
36. NoOfCSS                        - Score: 0.0003
37. NoOfJS                         - Score: 0.0003
38. DomainLength                   - Score: 0.0003
39. NoOfAmpersandInURL             - Score: 0.0002
40. NoOfDegitsInURL                - Score: 0.0002
41. NoOfObfuscatedChar             - Score: 0.0001
42. NoOfPopup                      - Score: 0.0001
43. NoOfEmptyRef                   - Score: 0.0001
44. NoOfImage                      - Score: 0.0001
45. NoOfSelfRef                    - Score: 0.0001
46. NoOfLettersInURL               - Score: 0.0001
47. NoOfExternalRef                - Score: 0.0001
48. URLLength                      - Score: 0.0000
49. LineOfCode                     - Score: 0.0000
50. LargestLineLength              - Score: 0.0000
================================================================================

Features Ranked by Differentiation Strength:
================================================================================
 1. URLCharProb                    - Score: 1.0000
 2. SpacialCharRatioInURL          - Score: 0.2492
 3. DegitRatioInURL                - Score: 0.0758
 4. LetterRatioInURL               - Score: 0.0499
 5. HasSocialNet                   - Score: 0.0491
 6. HasCopyrightInfo               - Score: 0.0420
 7. CharContinuationRate           - Score: 0.0367
 8. HasDescription                 - Score: 0.0352
 9. HasSubmitButton                - Score: 0.0264
10. IsHTTPS                        - Score: 0.0255
11. IsResponsive                   - Score: 0.0232
12. HasHiddenFields                - Score: 0.0219
13. ObfuscationRatio               - Score: 0.0216
14. HasFavicon                     - Score: 0.0207
15. HasTitle                       - Score: 0.0171
16. Robots                         - Score: 0.0164
17. Pay                            - Score: 0.0142
18. TLDLegitimateProb              - Score: 0.0112
19. Bank                           - Score: 0.0069
20. HasExternalFormSubmit          - Score: 0.0067
21. HasPasswordField               - Score: 0.0051
22. Crypto                         - Score: 0.0036
23. NoOfSelfRedirect               - Score: 0.0031
24. NoOfQMarkInURL                 - Score: 0.0029
25. NoOfSubDomain                  - Score: 0.0024
26. IsDomainIP                     - Score: 0.0020
27. HasObfuscation                 - Score: 0.0018
28. NoOfURLRedirect                - Score: 0.0018
29. URLSimilarityIndex             - Score: 0.0010
30. NoOfOtherSpecialCharsInURL     - Score: 0.0009
31. NoOfEqualsInURL                - Score: 0.0007
32. TLDLength                      - Score: 0.0006
33. DomainTitleMatchScore          - Score: 0.0005
34. URLTitleMatchScore             - Score: 0.0005
35. NoOfiFrame                     - Score: 0.0004
36. NoOfCSS                        - Score: 0.0003
37. NoOfJS                         - Score: 0.0003
38. DomainLength                   - Score: 0.0003
39. NoOfAmpersandInURL             - Score: 0.0002
40. NoOfDegitsInURL                - Score: 0.0002
41. NoOfObfuscatedChar             - Score: 0.0001
42. NoOfPopup                      - Score: 0.0001
43. NoOfEmptyRef                   - Score: 0.0001
44. NoOfImage                      - Score: 0.0001
45. NoOfSelfRef                    - Score: 0.0001
46. NoOfLettersInURL               - Score: 0.0001
47. NoOfExternalRef                - Score: 0.0001
48. URLLength                      - Score: 0.0000
49. LineOfCode                     - Score: 0.0000
50. LargestLineLength              - Score: 0.0000
================================================================================

Features Ranked by Differentiation Strength:
================================================================================
 1. URLCharProb                    - Score: 1.0000
 2. SpacialCharRatioInURL          - Score: 0.6750
 3. DegitRatioInURL                - Score: 0.1017
 4. HasSocialNet                   - Score: 0.0695
 5. HasCopyrightInfo               - Score: 0.0639
================================================================================

Features Ranked by Differentiation Strength:
================================================================================
 1. SpacialCharRatioInURL          - Score: 1.0000
 2. URLCharProb                    - Score: 0.7786
 3. IsHTTPS                        - Score: 0.2699
 4. HasSocialNet                   - Score: 0.1639
 5. HasCopyrightInfo               - Score: 0.1554
================================================================================

Features Ranked by Differentiation Strength:
================================================================================
 1. URLCharProb                    - Score: 1.0000
 2. SpacialCharRatioInURL          - Score: 0.7217
 3. DegitRatioInURL                - Score: 0.1052
 4. HasSocialNet                   - Score: 0.0788
 5. HasCopyrightInfo               - Score: 0.0724
================================================================================

Features Ranked by Differentiation Strength:
================================================================================
 1. URLCharProb                    - Score: 1.0000
 2. SpacialCharRatioInURL          - Score: 0.2627
 3. DegitRatioInURL                - Score: 0.0775
 4. LetterRatioInURL               - Score: 0.0521
 5. HasSocialNet                   - Score: 0.0490
================================================================================

Features Ranked by Differentiation Strength:
================================================================================
 1. URLCharProb                    - Score: 1.0000
 2. SpacialCharRatioInURL          - Score: 0.2521
 3. DegitRatioInURL                - Score: 0.0769
 4. LetterRatioInURL               - Score: 0.0518
 5. HasSocialNet                   - Score: 0.0497
 6. HasCopyrightInfo               - Score: 0.0426
 7. HasDescription                 - Score: 0.0359
 8. CharContinuationRate           - Score: 0.0358
 9. HasSubmitButton                - Score: 0.0266
10. IsHTTPS                        - Score: 0.0258
11. IsResponsive                   - Score: 0.0232
12. HasHiddenFields                - Score: 0.0223
13. HasFavicon                     - Score: 0.0209
14. ObfuscationRatio               - Score: 0.0182
15. HasTitle                       - Score: 0.0173
16. Robots                         - Score: 0.0162
17. Pay                            - Score: 0.0145
18. TLDLegitimateProb              - Score: 0.0113
19. Bank                           - Score: 0.0071
20. HasExternalFormSubmit          - Score: 0.0068
21. HasPasswordField               - Score: 0.0051
22. Crypto                         - Score: 0.0033
23. NoOfSelfRedirect               - Score: 0.0030
24. NoOfQMarkInURL                 - Score: 0.0028
25. NoOfSubDomain                  - Score: 0.0024
26. IsDomainIP                     - Score: 0.0020
27. NoOfURLRedirect                - Score: 0.0017
28. HasObfuscation                 - Score: 0.0017
29. URLSimilarityIndex             - Score: 0.0010
30. NoOfOtherSpecialCharsInURL     - Score: 0.0008
31. TLDLength                      - Score: 0.0006
32. NoOfEqualsInURL                - Score: 0.0006
33. DomainTitleMatchScore          - Score: 0.0005
34. URLTitleMatchScore             - Score: 0.0004
35. NoOfiFrame                     - Score: 0.0004
36. NoOfCSS                        - Score: 0.0004
37. NoOfJS                         - Score: 0.0003
38. DomainLength                   - Score: 0.0003
39. NoOfAmpersandInURL             - Score: 0.0002
40. NoOfPopup                      - Score: 0.0002
41. NoOfDegitsInURL                - Score: 0.0002
42. NoOfObfuscatedChar             - Score: 0.0001
43. NoOfEmptyRef                   - Score: 0.0001
44. NoOfImage                      - Score: 0.0001
45. NoOfSelfRef                    - Score: 0.0001
46. NoOfLettersInURL               - Score: 0.0001
47. URLLength                      - Score: 0.0000
48. NoOfExternalRef                - Score: 0.0000
49. LineOfCode                     - Score: 0.0000
50. LargestLineLength              - Score: 0.0000
================================================================================

Features Ranked by Differentiation Strength:
================================================================================
 1. URLCharProb                    - Score: 1.0000
 2. SpacialCharRatioInURL          - Score: 0.2521
 3. DegitRatioInURL                - Score: 0.0769
 4. LetterRatioInURL               - Score: 0.0518
 5. HasSocialNet                   - Score: 0.0497
 6. HasCopyrightInfo               - Score: 0.0426
 7. HasDescription                 - Score: 0.0359
 8. CharContinuationRate           - Score: 0.0358
 9. HasSubmitButton                - Score: 0.0266
10. IsHTTPS                        - Score: 0.0258
11. IsResponsive                   - Score: 0.0232
12. HasHiddenFields                - Score: 0.0223
13. HasFavicon                     - Score: 0.0209
14. ObfuscationRatio               - Score: 0.0182
15. HasTitle                       - Score: 0.0173
16. Robots                         - Score: 0.0162
17. Pay                            - Score: 0.0145
18. TLDLegitimateProb              - Score: 0.0113
19. Bank                           - Score: 0.0071
20. HasExternalFormSubmit          - Score: 0.0068
21. HasPasswordField               - Score: 0.0051
22. Crypto                         - Score: 0.0033
23. NoOfSelfRedirect               - Score: 0.0030
24. NoOfQMarkInURL                 - Score: 0.0028
25. NoOfSubDomain                  - Score: 0.0024
26. IsDomainIP                     - Score: 0.0020
27. NoOfURLRedirect                - Score: 0.0017
28. HasObfuscation                 - Score: 0.0017
29. URLSimilarityIndex             - Score: 0.0010
30. NoOfOtherSpecialCharsInURL     - Score: 0.0008
31. TLDLength                      - Score: 0.0006
32. NoOfEqualsInURL                - Score: 0.0006
33. DomainTitleMatchScore          - Score: 0.0005
34. URLTitleMatchScore             - Score: 0.0004
35. NoOfiFrame                     - Score: 0.0004
36. NoOfCSS                        - Score: 0.0004
37. NoOfJS                         - Score: 0.0003
38. DomainLength                   - Score: 0.0003
39. NoOfAmpersandInURL             - Score: 0.0002
40. NoOfPopup                      - Score: 0.0002
41. NoOfDegitsInURL                - Score: 0.0002
42. NoOfObfuscatedChar             - Score: 0.0001
43. NoOfEmptyRef                   - Score: 0.0001
44. NoOfImage                      - Score: 0.0001
45. NoOfSelfRef                    - Score: 0.0001
46. NoOfLettersInURL               - Score: 0.0001
47. URLLength                      - Score: 0.0000
48. NoOfExternalRef                - Score: 0.0000
49. LineOfCode                     - Score: 0.0000
50. LargestLineLength              - Score: 0.0000
================================================================================

Features Ranked by Differentiation Strength:
================================================================================
 1. URLCharProb                    - Score: 1.0000
 2. SpacialCharRatioInURL          - Score: 0.6607
 3. DegitRatioInURL                - Score: 0.1045
 4. HasSocialNet                   - Score: 0.0715
 5. HasCopyrightInfo               - Score: 0.0636
================================================================================

Features Ranked by Differentiation Strength:
================================================================================
 1. SpacialCharRatioInURL          - Score: 1.0000
 2. URLCharProb                    - Score: 0.9801
 3. IsHTTPS                        - Score: 0.2764
 4. HasSocialNet                   - Score: 0.1732
 5. HasCopyrightInfo               - Score: 0.1623
================================================================================

Features Ranked by Differentiation Strength:
================================================================================
 1. URLCharProb                    - Score: 1.0000
 2. SpacialCharRatioInURL          - Score: 0.6319
 3. DegitRatioInURL                - Score: 0.1004
 4. HasSocialNet                   - Score: 0.0716
 5. HasCopyrightInfo               - Score: 0.0631
================================================================================

Features Ranked by Differentiation Strength:
================================================================================
 1. URLCharProb                    - Score: 1.0000
 2. SpacialCharRatioInURL          - Score: 0.2748
 3. DegitRatioInURL                - Score: 0.0820
 4. LetterRatioInURL               - Score: 0.0723
 5. HasSocialNet                   - Score: 0.0493
================================================================================

Features Ranked by Differentiation Strength:
================================================================================
 1. URLCharProb                    - Score: 1.0000
 2. SpacialCharRatioInURL          - Score: 0.2509
 3. DegitRatioInURL                - Score: 0.0785
 4. LetterRatioInURL               - Score: 0.0516
 5. HasSocialNet                   - Score: 0.0499
 6. HasCopyrightInfo               - Score: 0.0421
 7. HasDescription                 - Score: 0.0365
 8. CharContinuationRate           - Score: 0.0365
 9. HasSubmitButton                - Score: 0.0268
10. IsHTTPS                        - Score: 0.0262
11. IsResponsive                   - Score: 0.0238
12. HasHiddenFields                - Score: 0.0228
13. HasFavicon                     - Score: 0.0213
14. ObfuscationRatio               - Score: 0.0203
15. HasTitle                       - Score: 0.0175
16. Robots                         - Score: 0.0170
17. Pay                            - Score: 0.0146
18. TLDLegitimateProb              - Score: 0.0119
19. Bank                           - Score: 0.0071
20. HasExternalFormSubmit          - Score: 0.0069
21. HasPasswordField               - Score: 0.0052
22. Crypto                         - Score: 0.0034
23. NoOfQMarkInURL                 - Score: 0.0029
24. NoOfSubDomain                  - Score: 0.0028
25. NoOfSelfRedirect               - Score: 0.0028
26. IsDomainIP                     - Score: 0.0021
27. HasObfuscation                 - Score: 0.0018
28. NoOfURLRedirect                - Score: 0.0016
29. URLSimilarityIndex             - Score: 0.0010
30. NoOfOtherSpecialCharsInURL     - Score: 0.0008
31. NoOfEqualsInURL                - Score: 0.0007
32. TLDLength                      - Score: 0.0006
33. DomainTitleMatchScore          - Score: 0.0005
34. NoOfiFrame                     - Score: 0.0005
35. URLTitleMatchScore             - Score: 0.0005
36. NoOfCSS                        - Score: 0.0003
37. NoOfJS                         - Score: 0.0003
38. DomainLength                   - Score: 0.0003
39. NoOfAmpersandInURL             - Score: 0.0002
40. NoOfDegitsInURL                - Score: 0.0002
41. NoOfPopup                      - Score: 0.0001
42. NoOfObfuscatedChar             - Score: 0.0001
43. NoOfEmptyRef                   - Score: 0.0001
44. NoOfImage                      - Score: 0.0001
45. NoOfSelfRef                    - Score: 0.0001
46. NoOfLettersInURL               - Score: 0.0001
47. URLLength                      - Score: 0.0000
48. NoOfExternalRef                - Score: 0.0000
49. LineOfCode                     - Score: 0.0000
50. LargestLineLength              - Score: 0.0000
================================================================================

Features Ranked by Differentiation Strength:
================================================================================
 1. URLCharProb                    - Score: 1.0000
 2. SpacialCharRatioInURL          - Score: 0.2509
 3. DegitRatioInURL                - Score: 0.0785
 4. LetterRatioInURL               - Score: 0.0516
 5. HasSocialNet                   - Score: 0.0499
 6. HasCopyrightInfo               - Score: 0.0421
 7. HasDescription                 - Score: 0.0365
 8. CharContinuationRate           - Score: 0.0365
 9. HasSubmitButton                - Score: 0.0268
10. IsHTTPS                        - Score: 0.0262
11. IsResponsive                   - Score: 0.0238
12. HasHiddenFields                - Score: 0.0228
13. HasFavicon                     - Score: 0.0213
14. ObfuscationRatio               - Score: 0.0203
15. HasTitle                       - Score: 0.0175
16. Robots                         - Score: 0.0170
17. Pay                            - Score: 0.0146
18. TLDLegitimateProb              - Score: 0.0119
19. Bank                           - Score: 0.0071
20. HasExternalFormSubmit          - Score: 0.0069
21. HasPasswordField               - Score: 0.0052
22. Crypto                         - Score: 0.0034
23. NoOfQMarkInURL                 - Score: 0.0029
24. NoOfSubDomain                  - Score: 0.0028
25. NoOfSelfRedirect               - Score: 0.0028
26. IsDomainIP                     - Score: 0.0021
27. HasObfuscation                 - Score: 0.0018
28. NoOfURLRedirect                - Score: 0.0016
29. URLSimilarityIndex             - Score: 0.0010
30. NoOfOtherSpecialCharsInURL     - Score: 0.0008
31. NoOfEqualsInURL                - Score: 0.0007
32. TLDLength                      - Score: 0.0006
33. DomainTitleMatchScore          - Score: 0.0005
34. NoOfiFrame                     - Score: 0.0005
35. URLTitleMatchScore             - Score: 0.0005
36. NoOfCSS                        - Score: 0.0003
37. NoOfJS                         - Score: 0.0003
38. DomainLength                   - Score: 0.0003
39. NoOfAmpersandInURL             - Score: 0.0002
40. NoOfDegitsInURL                - Score: 0.0002
41. NoOfPopup                      - Score: 0.0001
42. NoOfObfuscatedChar             - Score: 0.0001
43. NoOfEmptyRef                   - Score: 0.0001
44. NoOfImage                      - Score: 0.0001
45. NoOfSelfRef                    - Score: 0.0001
46. NoOfLettersInURL               - Score: 0.0001
47. URLLength                      - Score: 0.0000
48. NoOfExternalRef                - Score: 0.0000
49. LineOfCode                     - Score: 0.0000
50. LargestLineLength              - Score: 0.0000
================================================================================

Features Ranked by Differentiation Strength:
================================================================================
 1. URLCharProb                    - Score: 1.0000
 2. SpacialCharRatioInURL          - Score: 0.6755
 3. DegitRatioInURL                - Score: 0.1060
 4. HasSocialNet                   - Score: 0.0706
 5. HasCopyrightInfo               - Score: 0.0640
================================================================================

Features Ranked by Differentiation Strength:
================================================================================
 1. SpacialCharRatioInURL          - Score: 1.0000
 2. URLCharProb                    - Score: 0.9781
 3. IsHTTPS                        - Score: 0.2685
 4. HasSocialNet                   - Score: 0.1730
 5. HasCopyrightInfo               - Score: 0.1614
================================================================================

Features Ranked by Differentiation Strength:
================================================================================
 1. URLCharProb                    - Score: 1.0000
 2. SpacialCharRatioInURL          - Score: 0.7036
 3. DegitRatioInURL                - Score: 0.1091
 4. HasSocialNet                   - Score: 0.0793
 5. IsHTTPS                        - Score: 0.0714
================================================================================

Features Ranked by Differentiation Strength:
================================================================================
 1. URLCharProb                    - Score: 1.0000
 2. SpacialCharRatioInURL          - Score: 0.2645
 3. DegitRatioInURL                - Score: 0.0802
 4. LetterRatioInURL               - Score: 0.0536
 5. HasSocialNet                   - Score: 0.0498
================================================================================

Features Ranked by Differentiation Strength:
================================================================================
 1. URLCharProb                    - Score: 1.0000
 2. SpacialCharRatioInURL          - Score: 0.2529
 3. DegitRatioInURL                - Score: 0.0768
 4. LetterRatioInURL               - Score: 0.0508
 5. HasSocialNet                   - Score: 0.0491
 6. HasCopyrightInfo               - Score: 0.0420
 7. HasDescription                 - Score: 0.0360
 8. CharContinuationRate           - Score: 0.0354
 9. HasSubmitButton                - Score: 0.0263
10. IsHTTPS                        - Score: 0.0258
11. IsResponsive                   - Score: 0.0234
12. HasHiddenFields                - Score: 0.0221
13. ObfuscationRatio               - Score: 0.0216
14. HasFavicon                     - Score: 0.0208
15. HasTitle                       - Score: 0.0172
16. Robots                         - Score: 0.0166
17. Pay                            - Score: 0.0144
18. TLDLegitimateProb              - Score: 0.0117
19. Bank                           - Score: 0.0069
20. HasExternalFormSubmit          - Score: 0.0067
21. HasPasswordField               - Score: 0.0049
22. Crypto                         - Score: 0.0035
23. NoOfSelfRedirect               - Score: 0.0031
24. NoOfQMarkInURL                 - Score: 0.0029
25. NoOfSubDomain                  - Score: 0.0024
26. IsDomainIP                     - Score: 0.0020
27. HasObfuscation                 - Score: 0.0018
28. NoOfURLRedirect                - Score: 0.0016
29. URLSimilarityIndex             - Score: 0.0010
30. NoOfOtherSpecialCharsInURL     - Score: 0.0008
31. NoOfEqualsInURL                - Score: 0.0007
32. TLDLength                      - Score: 0.0006
33. DomainTitleMatchScore          - Score: 0.0005
34. URLTitleMatchScore             - Score: 0.0004
35. NoOfiFrame                     - Score: 0.0004
36. NoOfCSS                        - Score: 0.0003
37. NoOfJS                         - Score: 0.0003
38. DomainLength                   - Score: 0.0003
39. NoOfDegitsInURL                - Score: 0.0002
40. NoOfAmpersandInURL             - Score: 0.0002
41. NoOfPopup                      - Score: 0.0002
42. NoOfLettersInURL               - Score: 0.0001
43. NoOfObfuscatedChar             - Score: 0.0001
44. URLLength                      - Score: 0.0001
45. NoOfEmptyRef                   - Score: 0.0001
46. NoOfImage                      - Score: 0.0001
47. NoOfSelfRef                    - Score: 0.0001
48. NoOfExternalRef                - Score: 0.0000
49. LineOfCode                     - Score: 0.0000
50. LargestLineLength              - Score: 0.0000
================================================================================

Features Ranked by Differentiation Strength:
================================================================================
 1. URLCharProb                    - Score: 1.0000
 2. SpacialCharRatioInURL          - Score: 0.2529
 3. DegitRatioInURL                - Score: 0.0768
 4. LetterRatioInURL               - Score: 0.0508
 5. HasSocialNet                   - Score: 0.0491
 6. HasCopyrightInfo               - Score: 0.0420
 7. HasDescription                 - Score: 0.0360
 8. CharContinuationRate           - Score: 0.0354
 9. HasSubmitButton                - Score: 0.0263
10. IsHTTPS                        - Score: 0.0258
11. IsResponsive                   - Score: 0.0234
12. HasHiddenFields                - Score: 0.0221
13. ObfuscationRatio               - Score: 0.0216
14. HasFavicon                     - Score: 0.0208
15. HasTitle                       - Score: 0.0172
16. Robots                         - Score: 0.0166
17. Pay                            - Score: 0.0144
18. TLDLegitimateProb              - Score: 0.0117
19. Bank                           - Score: 0.0069
20. HasExternalFormSubmit          - Score: 0.0067
21. HasPasswordField               - Score: 0.0049
22. Crypto                         - Score: 0.0035
23. NoOfSelfRedirect               - Score: 0.0031
24. NoOfQMarkInURL                 - Score: 0.0029
25. NoOfSubDomain                  - Score: 0.0024
26. IsDomainIP                     - Score: 0.0020
27. HasObfuscation                 - Score: 0.0018
28. NoOfURLRedirect                - Score: 0.0016
29. URLSimilarityIndex             - Score: 0.0010
30. NoOfOtherSpecialCharsInURL     - Score: 0.0008
31. NoOfEqualsInURL                - Score: 0.0007
32. TLDLength                      - Score: 0.0006
33. DomainTitleMatchScore          - Score: 0.0005
34. URLTitleMatchScore             - Score: 0.0004
35. NoOfiFrame                     - Score: 0.0004
36. NoOfCSS                        - Score: 0.0003
37. NoOfJS                         - Score: 0.0003
38. DomainLength                   - Score: 0.0003
39. NoOfDegitsInURL                - Score: 0.0002
40. NoOfAmpersandInURL             - Score: 0.0002
41. NoOfPopup                      - Score: 0.0002
42. NoOfLettersInURL               - Score: 0.0001
43. NoOfObfuscatedChar             - Score: 0.0001
44. URLLength                      - Score: 0.0001
45. NoOfEmptyRef                   - Score: 0.0001
46. NoOfImage                      - Score: 0.0001
47. NoOfSelfRef                    - Score: 0.0001
48. NoOfExternalRef                - Score: 0.0000
49. LineOfCode                     - Score: 0.0000
50. LargestLineLength              - Score: 0.0000
================================================================================

Features Ranked by Differentiation Strength:
================================================================================
 1. URLCharProb                    - Score: 1.0000
 2. SpacialCharRatioInURL          - Score: 0.7315
 3. DegitRatioInURL                - Score: 0.1063
 4. HasSocialNet                   - Score: 0.0734
 5. HasCopyrightInfo               - Score: 0.0675
================================================================================

Features Ranked by Differentiation Strength:
================================================================================
 1. SpacialCharRatioInURL          - Score: 1.0000
 2. URLCharProb                    - Score: 0.7053
 3. IsHTTPS                        - Score: 0.3320
 4. HasSocialNet                   - Score: 0.1959
 5. HasCopyrightInfo               - Score: 0.1860
================================================================================

Features Ranked by Differentiation Strength:
================================================================================
 1. URLCharProb                    - Score: 1.0000
 2. SpacialCharRatioInURL          - Score: 0.7313
 3. DegitRatioInURL                - Score: 0.1097
 4. HasSocialNet                   - Score: 0.0787
 5. HasCopyrightInfo               - Score: 0.0723
================================================================================

Features Ranked by Differentiation Strength:
================================================================================
 1. URLCharProb                    - Score: 1.0000
 2. SpacialCharRatioInURL          - Score: 0.2714
 3. DegitRatioInURL                - Score: 0.0797
 4. LetterRatioInURL               - Score: 0.0613
 5. HasSocialNet                   - Score: 0.0490
================================================================================

Features Ranked by Differentiation Strength:
================================================================================
 1. URLCharProb                    - Score: 1.0000
 2. SpacialCharRatioInURL          - Score: 0.2540
 3. DegitRatioInURL                - Score: 0.0761
 4. LetterRatioInURL               - Score: 0.0518
 5. HasSocialNet                   - Score: 0.0496
 6. HasCopyrightInfo               - Score: 0.0427
 7. CharContinuationRate           - Score: 0.0361
 8. HasDescription                 - Score: 0.0353
 9. HasSubmitButton                - Score: 0.0266
10. IsHTTPS                        - Score: 0.0257
11. IsResponsive                   - Score: 0.0233
12. HasHiddenFields                - Score: 0.0223
13. HasFavicon                     - Score: 0.0209
14. ObfuscationRatio               - Score: 0.0201
15. HasTitle                       - Score: 0.0171
16. Robots                         - Score: 0.0165
17. Pay                            - Score: 0.0148
18. TLDLegitimateProb              - Score: 0.0112
19. Bank                           - Score: 0.0071
20. HasExternalFormSubmit          - Score: 0.0067
21. HasPasswordField               - Score: 0.0052
22. Crypto                         - Score: 0.0033
23. NoOfSelfRedirect               - Score: 0.0030
24. NoOfQMarkInURL                 - Score: 0.0030
25. NoOfSubDomain                  - Score: 0.0023
26. IsDomainIP                     - Score: 0.0019
27. NoOfURLRedirect                - Score: 0.0019
28. HasObfuscation                 - Score: 0.0017
29. URLSimilarityIndex             - Score: 0.0010
30. NoOfOtherSpecialCharsInURL     - Score: 0.0008
31. NoOfEqualsInURL                - Score: 0.0007
32. TLDLength                      - Score: 0.0006
33. DomainTitleMatchScore          - Score: 0.0005
34. URLTitleMatchScore             - Score: 0.0004
35. NoOfiFrame                     - Score: 0.0004
36. NoOfJS                         - Score: 0.0004
37. NoOfCSS                        - Score: 0.0003
38. DomainLength                   - Score: 0.0003
39. NoOfAmpersandInURL             - Score: 0.0002
40. NoOfDegitsInURL                - Score: 0.0002
41. NoOfPopup                      - Score: 0.0002
42. NoOfObfuscatedChar             - Score: 0.0001
43. NoOfEmptyRef                   - Score: 0.0001
44. NoOfImage                      - Score: 0.0001
45. NoOfLettersInURL               - Score: 0.0001
46. NoOfSelfRef                    - Score: 0.0001
47. URLLength                      - Score: 0.0000
48. NoOfExternalRef                - Score: 0.0000
49. LineOfCode                     - Score: 0.0000
50. LargestLineLength              - Score: 0.0000
================================================================================

Features Ranked by Differentiation Strength:
================================================================================
 1. URLCharProb                    - Score: 1.0000
 2. SpacialCharRatioInURL          - Score: 0.2540
 3. DegitRatioInURL                - Score: 0.0761
 4. LetterRatioInURL               - Score: 0.0518
 5. HasSocialNet                   - Score: 0.0496
 6. HasCopyrightInfo               - Score: 0.0427
 7. CharContinuationRate           - Score: 0.0361
 8. HasDescription                 - Score: 0.0353
 9. HasSubmitButton                - Score: 0.0266
10. IsHTTPS                        - Score: 0.0257
11. IsResponsive                   - Score: 0.0233
12. HasHiddenFields                - Score: 0.0223
13. HasFavicon                     - Score: 0.0209
14. ObfuscationRatio               - Score: 0.0201
15. HasTitle                       - Score: 0.0171
16. Robots                         - Score: 0.0165
17. Pay                            - Score: 0.0148
18. TLDLegitimateProb              - Score: 0.0112
19. Bank                           - Score: 0.0071
20. HasExternalFormSubmit          - Score: 0.0067
21. HasPasswordField               - Score: 0.0052
22. Crypto                         - Score: 0.0033
23. NoOfSelfRedirect               - Score: 0.0030
24. NoOfQMarkInURL                 - Score: 0.0030
25. NoOfSubDomain                  - Score: 0.0023
26. IsDomainIP                     - Score: 0.0019
27. NoOfURLRedirect                - Score: 0.0019
28. HasObfuscation                 - Score: 0.0017
29. URLSimilarityIndex             - Score: 0.0010
30. NoOfOtherSpecialCharsInURL     - Score: 0.0008
31. NoOfEqualsInURL                - Score: 0.0007
32. TLDLength                      - Score: 0.0006
33. DomainTitleMatchScore          - Score: 0.0005
34. URLTitleMatchScore             - Score: 0.0004
35. NoOfiFrame                     - Score: 0.0004
36. NoOfJS                         - Score: 0.0004
37. NoOfCSS                        - Score: 0.0003
38. DomainLength                   - Score: 0.0003
39. NoOfAmpersandInURL             - Score: 0.0002
40. NoOfDegitsInURL                - Score: 0.0002
41. NoOfPopup                      - Score: 0.0002
42. NoOfObfuscatedChar             - Score: 0.0001
43. NoOfEmptyRef                   - Score: 0.0001
44. NoOfImage                      - Score: 0.0001
45. NoOfLettersInURL               - Score: 0.0001
46. NoOfSelfRef                    - Score: 0.0001
47. URLLength                      - Score: 0.0000
48. NoOfExternalRef                - Score: 0.0000
49. LineOfCode                     - Score: 0.0000
50. LargestLineLength              - Score: 0.0000
================================================================================

Features Ranked by Differentiation Strength:
================================================================================
 1. URLCharProb                    - Score: 1.0000
 2. SpacialCharRatioInURL          - Score: 0.6686
 3. DegitRatioInURL                - Score: 0.1020
 4. HasSocialNet                   - Score: 0.0696
 5. HasCopyrightInfo               - Score: 0.0645
================================================================================

Features Ranked by Differentiation Strength:
================================================================================
 1. SpacialCharRatioInURL          - Score: 1.0000
 2. URLCharProb                    - Score: 0.9211
 3. IsHTTPS                        - Score: 0.2627
 4. HasSocialNet                   - Score: 0.1733
 5. HasCopyrightInfo               - Score: 0.1658
================================================================================

Features Ranked by Differentiation Strength:
================================================================================
 1. URLCharProb                    - Score: 1.0000
 2. SpacialCharRatioInURL          - Score: 0.7139
 3. DegitRatioInURL                - Score: 0.1070
 4. HasSocialNet                   - Score: 0.0785
 5. HasCopyrightInfo               - Score: 0.0727
================================================================================

Features Ranked by Differentiation Strength:
================================================================================
 1. URLCharProb                    - Score: 1.0000
 2. SpacialCharRatioInURL          - Score: 0.2680
 3. DegitRatioInURL                - Score: 0.0779
 4. LetterRatioInURL               - Score: 0.0539
 5. HasSocialNet                   - Score: 0.0496
================================================================================

Features Ranked by Differentiation Strength:
================================================================================
 1. URLCharProb                    - Score: 1.0000
 2. SpacialCharRatioInURL          - Score: 0.2527
 3. DegitRatioInURL                - Score: 0.0776
 4. LetterRatioInURL               - Score: 0.0515
 5. HasSocialNet                   - Score: 0.0494
 6. HasCopyrightInfo               - Score: 0.0430
 7. HasDescription                 - Score: 0.0363
 8. CharContinuationRate           - Score: 0.0360
 9. HasSubmitButton                - Score: 0.0268
10. IsHTTPS                        - Score: 0.0262
11. IsResponsive                   - Score: 0.0235
12. HasHiddenFields                - Score: 0.0225
13. HasFavicon                     - Score: 0.0212
14. ObfuscationRatio               - Score: 0.0196
15. HasTitle                       - Score: 0.0174
16. Robots                         - Score: 0.0164
17. Pay                            - Score: 0.0147
18. TLDLegitimateProb              - Score: 0.0119
19. Bank                           - Score: 0.0074
20. HasExternalFormSubmit          - Score: 0.0068
21. HasPasswordField               - Score: 0.0052
22. Crypto                         - Score: 0.0036
23. NoOfSelfRedirect               - Score: 0.0030
24. NoOfQMarkInURL                 - Score: 0.0029
25. NoOfSubDomain                  - Score: 0.0028
26. IsDomainIP                     - Score: 0.0021
27. NoOfURLRedirect                - Score: 0.0018
28. HasObfuscation                 - Score: 0.0016
29. URLSimilarityIndex             - Score: 0.0010
30. NoOfOtherSpecialCharsInURL     - Score: 0.0008
31. NoOfEqualsInURL                - Score: 0.0006
32. TLDLength                      - Score: 0.0006
33. DomainTitleMatchScore          - Score: 0.0005
34. URLTitleMatchScore             - Score: 0.0005
35. NoOfiFrame                     - Score: 0.0004
36. NoOfCSS                        - Score: 0.0003
37. NoOfJS                         - Score: 0.0003
38. DomainLength                   - Score: 0.0003
39. NoOfAmpersandInURL             - Score: 0.0002
40. NoOfDegitsInURL                - Score: 0.0002
41. NoOfPopup                      - Score: 0.0001
42. NoOfObfuscatedChar             - Score: 0.0001
43. NoOfEmptyRef                   - Score: 0.0001
44. NoOfImage                      - Score: 0.0001
45. NoOfSelfRef                    - Score: 0.0001
46. NoOfLettersInURL               - Score: 0.0001
47. URLLength                      - Score: 0.0000
48. NoOfExternalRef                - Score: 0.0000
49. LineOfCode                     - Score: 0.0000
50. LargestLineLength              - Score: 0.0000
================================================================================

Features Ranked by Differentiation Strength:
================================================================================
 1. URLCharProb                    - Score: 1.0000
 2. SpacialCharRatioInURL          - Score: 0.2527
 3. DegitRatioInURL                - Score: 0.0776
 4. LetterRatioInURL               - Score: 0.0515
 5. HasSocialNet                   - Score: 0.0494
 6. HasCopyrightInfo               - Score: 0.0430
 7. HasDescription                 - Score: 0.0363
 8. CharContinuationRate           - Score: 0.0360
 9. HasSubmitButton                - Score: 0.0268
10. IsHTTPS                        - Score: 0.0262
11. IsResponsive                   - Score: 0.0235
12. HasHiddenFields                - Score: 0.0225
13. HasFavicon                     - Score: 0.0212
14. ObfuscationRatio               - Score: 0.0196
15. HasTitle                       - Score: 0.0174
16. Robots                         - Score: 0.0164
17. Pay                            - Score: 0.0147
18. TLDLegitimateProb              - Score: 0.0119
19. Bank                           - Score: 0.0074
20. HasExternalFormSubmit          - Score: 0.0068
21. HasPasswordField               - Score: 0.0052
22. Crypto                         - Score: 0.0036
23. NoOfSelfRedirect               - Score: 0.0030
24. NoOfQMarkInURL                 - Score: 0.0029
25. NoOfSubDomain                  - Score: 0.0028
26. IsDomainIP                     - Score: 0.0021
27. NoOfURLRedirect                - Score: 0.0018
28. HasObfuscation                 - Score: 0.0016
29. URLSimilarityIndex             - Score: 0.0010
30. NoOfOtherSpecialCharsInURL     - Score: 0.0008
31. NoOfEqualsInURL                - Score: 0.0006
32. TLDLength                      - Score: 0.0006
33. DomainTitleMatchScore          - Score: 0.0005
34. URLTitleMatchScore             - Score: 0.0005
35. NoOfiFrame                     - Score: 0.0004
36. NoOfCSS                        - Score: 0.0003
37. NoOfJS                         - Score: 0.0003
38. DomainLength                   - Score: 0.0003
39. NoOfAmpersandInURL             - Score: 0.0002
40. NoOfDegitsInURL                - Score: 0.0002
41. NoOfPopup                      - Score: 0.0001
42. NoOfObfuscatedChar             - Score: 0.0001
43. NoOfEmptyRef                   - Score: 0.0001
44. NoOfImage                      - Score: 0.0001
45. NoOfSelfRef                    - Score: 0.0001
46. NoOfLettersInURL               - Score: 0.0001
47. URLLength                      - Score: 0.0000
48. NoOfExternalRef                - Score: 0.0000
49. LineOfCode                     - Score: 0.0000
50. LargestLineLength              - Score: 0.0000
================================================================================

Features Ranked by Differentiation Strength:
================================================================================
 1. URLCharProb                    - Score: 1.0000
 2. SpacialCharRatioInURL          - Score: 0.6849
 3. DegitRatioInURL                - Score: 0.1044
 4. HasSocialNet                   - Score: 0.0701
 5. HasCopyrightInfo               - Score: 0.0643
================================================================================

Features Ranked by Differentiation Strength:
================================================================================
 1. SpacialCharRatioInURL          - Score: 1.0000
 2. URLCharProb                    - Score: 0.6467
 3. IsHTTPS                        - Score: 0.2475
 4. HasSocialNet                   - Score: 0.1526
 5. HasCopyrightInfo               - Score: 0.1441
================================================================================

Features Ranked by Differentiation Strength:
================================================================================
 1. URLCharProb                    - Score: 1.0000
 2. SpacialCharRatioInURL          - Score: 0.7373
 3. DegitRatioInURL                - Score: 0.1091
 4. HasSocialNet                   - Score: 0.0796
 5. HasCopyrightInfo               - Score: 0.0733
================================================================================

Features Ranked by Differentiation Strength:
================================================================================
 1. URLCharProb                    - Score: 1.0000
 2. SpacialCharRatioInURL          - Score: 0.2665
 3. DegitRatioInURL                - Score: 0.0790
 4. LetterRatioInURL               - Score: 0.0536
 5. HasSocialNet                   - Score: 0.0493
================================================================================

Features Ranked by Differentiation Strength:
================================================================================
 1. URLCharProb                    - Score: 1.0000
 2. SpacialCharRatioInURL          - Score: 0.2479
 3. DegitRatioInURL                - Score: 0.0763
 4. LetterRatioInURL               - Score: 0.0505
 5. HasSocialNet                   - Score: 0.0484
 6. HasCopyrightInfo               - Score: 0.0412
 7. HasDescription                 - Score: 0.0355
 8. CharContinuationRate           - Score: 0.0352
 9. HasSubmitButton                - Score: 0.0263
10. IsHTTPS                        - Score: 0.0255
11. IsResponsive                   - Score: 0.0232
12. HasHiddenFields                - Score: 0.0223
13. HasFavicon                     - Score: 0.0203
14. ObfuscationRatio               - Score: 0.0180
15. HasTitle                       - Score: 0.0170
16. Robots                         - Score: 0.0164
17. Pay                            - Score: 0.0144
18. TLDLegitimateProb              - Score: 0.0113
19. Bank                           - Score: 0.0072
20. HasExternalFormSubmit          - Score: 0.0066
21. HasPasswordField               - Score: 0.0052
22. Crypto                         - Score: 0.0034
23. NoOfSelfRedirect               - Score: 0.0030
24. NoOfQMarkInURL                 - Score: 0.0029
25. NoOfSubDomain                  - Score: 0.0024
26. IsDomainIP                     - Score: 0.0019
27. NoOfURLRedirect                - Score: 0.0018
28. HasObfuscation                 - Score: 0.0016
29. URLSimilarityIndex             - Score: 0.0010
30. NoOfOtherSpecialCharsInURL     - Score: 0.0008
31. NoOfEqualsInURL                - Score: 0.0007
32. TLDLength                      - Score: 0.0006
33. DomainTitleMatchScore          - Score: 0.0005
34. URLTitleMatchScore             - Score: 0.0004
35. NoOfiFrame                     - Score: 0.0004
36. NoOfCSS                        - Score: 0.0003
37. NoOfJS                         - Score: 0.0003
38. DomainLength                   - Score: 0.0003
39. NoOfAmpersandInURL             - Score: 0.0002
40. NoOfDegitsInURL                - Score: 0.0002
41. NoOfPopup                      - Score: 0.0001
42. NoOfObfuscatedChar             - Score: 0.0001
43. NoOfEmptyRef                   - Score: 0.0001
44. NoOfImage                      - Score: 0.0001
45. NoOfLettersInURL               - Score: 0.0001
46. NoOfSelfRef                    - Score: 0.0001
47. URLLength                      - Score: 0.0000
48. NoOfExternalRef                - Score: 0.0000
49. LineOfCode                     - Score: 0.0000
50. LargestLineLength              - Score: 0.0000
================================================================================

Features Ranked by Differentiation Strength:
================================================================================
 1. URLCharProb                    - Score: 1.0000
 2. SpacialCharRatioInURL          - Score: 0.2479
 3. DegitRatioInURL                - Score: 0.0763
 4. LetterRatioInURL               - Score: 0.0505
 5. HasSocialNet                   - Score: 0.0484
 6. HasCopyrightInfo               - Score: 0.0412
 7. HasDescription                 - Score: 0.0355
 8. CharContinuationRate           - Score: 0.0352
 9. HasSubmitButton                - Score: 0.0263
10. IsHTTPS                        - Score: 0.0255
11. IsResponsive                   - Score: 0.0232
12. HasHiddenFields                - Score: 0.0223
13. HasFavicon                     - Score: 0.0203
14. ObfuscationRatio               - Score: 0.0180
15. HasTitle                       - Score: 0.0170
16. Robots                         - Score: 0.0164
17. Pay                            - Score: 0.0144
18. TLDLegitimateProb              - Score: 0.0113
19. Bank                           - Score: 0.0072
20. HasExternalFormSubmit          - Score: 0.0066
21. HasPasswordField               - Score: 0.0052
22. Crypto                         - Score: 0.0034
23. NoOfSelfRedirect               - Score: 0.0030
24. NoOfQMarkInURL                 - Score: 0.0029
25. NoOfSubDomain                  - Score: 0.0024
26. IsDomainIP                     - Score: 0.0019
27. NoOfURLRedirect                - Score: 0.0018
28. HasObfuscation                 - Score: 0.0016
29. URLSimilarityIndex             - Score: 0.0010
30. NoOfOtherSpecialCharsInURL     - Score: 0.0008
31. NoOfEqualsInURL                - Score: 0.0007
32. TLDLength                      - Score: 0.0006
33. DomainTitleMatchScore          - Score: 0.0005
34. URLTitleMatchScore             - Score: 0.0004
35. NoOfiFrame                     - Score: 0.0004
36. NoOfCSS                        - Score: 0.0003
37. NoOfJS                         - Score: 0.0003
38. DomainLength                   - Score: 0.0003
39. NoOfAmpersandInURL             - Score: 0.0002
40. NoOfDegitsInURL                - Score: 0.0002
41. NoOfPopup                      - Score: 0.0001
42. NoOfObfuscatedChar             - Score: 0.0001
43. NoOfEmptyRef                   - Score: 0.0001
44. NoOfImage                      - Score: 0.0001
45. NoOfLettersInURL               - Score: 0.0001
46. NoOfSelfRef                    - Score: 0.0001
47. URLLength                      - Score: 0.0000
48. NoOfExternalRef                - Score: 0.0000
49. LineOfCode                     - Score: 0.0000
50. LargestLineLength              - Score: 0.0000
================================================================================

Features Ranked by Differentiation Strength:
================================================================================
 1. URLCharProb                    - Score: 1.0000
 2. SpacialCharRatioInURL          - Score: 0.6680
 3. DegitRatioInURL                - Score: 0.1010
 4. HasSocialNet                   - Score: 0.0671
 5. HasCopyrightInfo               - Score: 0.0607
================================================================================

Features Ranked by Differentiation Strength:
================================================================================
 1. SpacialCharRatioInURL          - Score: 1.0000
 2. URLCharProb                    - Score: 0.8987
 3. IsHTTPS                        - Score: 0.2735
 4. HasSocialNet                   - Score: 0.1710
 5. HasCopyrightInfo               - Score: 0.1616
================================================================================

Features Ranked by Differentiation Strength:
================================================================================
 1. URLCharProb                    - Score: 1.0000
 2. SpacialCharRatioInURL          - Score: 0.7152
 3. DegitRatioInURL                - Score: 0.1050
 4. HasSocialNet                   - Score: 0.0755
 5. HasCopyrightInfo               - Score: 0.0684
================================================================================

Features Ranked by Differentiation Strength:
================================================================================
 1. URLCharProb                    - Score: 1.0000
 2. SpacialCharRatioInURL          - Score: 0.2615
 3. DegitRatioInURL                - Score: 0.0780
 4. LetterRatioInURL               - Score: 0.0524
 5. HasSocialNet                   - Score: 0.0484
================================================================================
  PhiUSIIL: min/max done
  [skip] PhiUSIIL / flat MoG / probability: ImportError: cannot import name 'MixtureOfGaussiansFuzzyClassifier' from 'tribblefis.gaussian_classifier' (C:\personal\grad-school\tribble-fis\.venv\Lib\site-packages\tribblefis\gaussian_classifier.py)

Features Ranked by Differentiation Strength:
================================================================================
 1. URLCharProb                    - Score: 1.0000
 2. SpacialCharRatioInURL          - Score: 0.2475
 3. DegitRatioInURL                - Score: 0.0768
 4. LetterRatioInURL               - Score: 0.0522
 5. HasSocialNet                   - Score: 0.0493
 6. HasCopyrightInfo               - Score: 0.0422
 7. CharContinuationRate           - Score: 0.0359
 8. HasDescription                 - Score: 0.0356
 9. HasSubmitButton                - Score: 0.0265
10. IsHTTPS                        - Score: 0.0262
11. IsResponsive                   - Score: 0.0237
12. HasHiddenFields                - Score: 0.0224
13. ObfuscationRatio               - Score: 0.0213
14. HasFavicon                     - Score: 0.0211
15. HasTitle                       - Score: 0.0173
16. Robots                         - Score: 0.0165
17. Pay                            - Score: 0.0147
18. TLDLegitimateProb              - Score: 0.0111
19. Bank                           - Score: 0.0073
20. HasExternalFormSubmit          - Score: 0.0069
21. HasPasswordField               - Score: 0.0053
22. Crypto                         - Score: 0.0036
23. NoOfSelfRedirect               - Score: 0.0031
24. NoOfQMarkInURL                 - Score: 0.0029
25. NoOfSubDomain                  - Score: 0.0028
26. IsDomainIP                     - Score: 0.0020
27. NoOfURLRedirect                - Score: 0.0018
28. HasObfuscation                 - Score: 0.0017
29. URLSimilarityIndex             - Score: 0.0010
30. NoOfOtherSpecialCharsInURL     - Score: 0.0009
31. NoOfEqualsInURL                - Score: 0.0007
32. TLDLength                      - Score: 0.0006
33. DomainTitleMatchScore          - Score: 0.0005
34. URLTitleMatchScore             - Score: 0.0004
35. NoOfiFrame                     - Score: 0.0004
36. NoOfCSS                        - Score: 0.0004
37. NoOfJS                         - Score: 0.0003
38. DomainLength                   - Score: 0.0003
39. NoOfAmpersandInURL             - Score: 0.0002
40. NoOfDegitsInURL                - Score: 0.0002
41. NoOfPopup                      - Score: 0.0001
42. NoOfObfuscatedChar             - Score: 0.0001
43. NoOfEmptyRef                   - Score: 0.0001
44. NoOfImage                      - Score: 0.0001
45. NoOfSelfRef                    - Score: 0.0001
46. NoOfLettersInURL               - Score: 0.0001
47. URLLength                      - Score: 0.0000
48. NoOfExternalRef                - Score: 0.0000
49. LineOfCode                     - Score: 0.0000
50. LargestLineLength              - Score: 0.0000
================================================================================

Features Ranked by Differentiation Strength:
================================================================================
 1. URLCharProb                    - Score: 1.0000
 2. SpacialCharRatioInURL          - Score: 0.2475
 3. DegitRatioInURL                - Score: 0.0768
 4. LetterRatioInURL               - Score: 0.0522
 5. HasSocialNet                   - Score: 0.0493
 6. HasCopyrightInfo               - Score: 0.0422
 7. CharContinuationRate           - Score: 0.0359
 8. HasDescription                 - Score: 0.0356
 9. HasSubmitButton                - Score: 0.0265
10. IsHTTPS                        - Score: 0.0262
11. IsResponsive                   - Score: 0.0237
12. HasHiddenFields                - Score: 0.0224
13. ObfuscationRatio               - Score: 0.0213
14. HasFavicon                     - Score: 0.0211
15. HasTitle                       - Score: 0.0173
16. Robots                         - Score: 0.0165
17. Pay                            - Score: 0.0147
18. TLDLegitimateProb              - Score: 0.0111
19. Bank                           - Score: 0.0073
20. HasExternalFormSubmit          - Score: 0.0069
21. HasPasswordField               - Score: 0.0053
22. Crypto                         - Score: 0.0036
23. NoOfSelfRedirect               - Score: 0.0031
24. NoOfQMarkInURL                 - Score: 0.0029
25. NoOfSubDomain                  - Score: 0.0028
26. IsDomainIP                     - Score: 0.0020
27. NoOfURLRedirect                - Score: 0.0018
28. HasObfuscation                 - Score: 0.0017
29. URLSimilarityIndex             - Score: 0.0010
30. NoOfOtherSpecialCharsInURL     - Score: 0.0009
31. NoOfEqualsInURL                - Score: 0.0007
32. TLDLength                      - Score: 0.0006
33. DomainTitleMatchScore          - Score: 0.0005
34. URLTitleMatchScore             - Score: 0.0004
35. NoOfiFrame                     - Score: 0.0004
36. NoOfCSS                        - Score: 0.0004
37. NoOfJS                         - Score: 0.0003
38. DomainLength                   - Score: 0.0003
39. NoOfAmpersandInURL             - Score: 0.0002
40. NoOfDegitsInURL                - Score: 0.0002
41. NoOfPopup                      - Score: 0.0001
42. NoOfObfuscatedChar             - Score: 0.0001
43. NoOfEmptyRef                   - Score: 0.0001
44. NoOfImage                      - Score: 0.0001
45. NoOfSelfRef                    - Score: 0.0001
46. NoOfLettersInURL               - Score: 0.0001
47. URLLength                      - Score: 0.0000
48. NoOfExternalRef                - Score: 0.0000
49. LineOfCode                     - Score: 0.0000
50. LargestLineLength              - Score: 0.0000
================================================================================

Features Ranked by Differentiation Strength:
================================================================================
 1. URLCharProb                    - Score: 1.0000
 2. SpacialCharRatioInURL          - Score: 0.6721
 3. DegitRatioInURL                - Score: 0.1022
 4. HasSocialNet                   - Score: 0.0699
 5. HasCopyrightInfo               - Score: 0.0635
================================================================================

Features Ranked by Differentiation Strength:
================================================================================
 1. SpacialCharRatioInURL          - Score: 1.0000
 2. URLCharProb                    - Score: 0.9753
 3. IsHTTPS                        - Score: 0.2824
 4. HasSocialNet                   - Score: 0.1705
 5. HasCopyrightInfo               - Score: 0.1596
================================================================================

Features Ranked by Differentiation Strength:
================================================================================
 1. URLCharProb                    - Score: 1.0000
 2. SpacialCharRatioInURL          - Score: 0.7143
 3. DegitRatioInURL                - Score: 0.1064
 4. HasSocialNet                   - Score: 0.0786
 5. HasCopyrightInfo               - Score: 0.0715
================================================================================

Features Ranked by Differentiation Strength:
================================================================================
 1. URLCharProb                    - Score: 1.0000
 2. SpacialCharRatioInURL          - Score: 0.2608
 3. DegitRatioInURL                - Score: 0.0785
 4. LetterRatioInURL               - Score: 0.0542
 5. HasSocialNet                   - Score: 0.0492
================================================================================

Features Ranked by Differentiation Strength:
================================================================================
 1. URLCharProb                    - Score: 1.0000
 2. SpacialCharRatioInURL          - Score: 0.2575
 3. DegitRatioInURL                - Score: 0.0784
 4. LetterRatioInURL               - Score: 0.0514
 5. HasSocialNet                   - Score: 0.0498
 6. HasCopyrightInfo               - Score: 0.0427
 7. HasDescription                 - Score: 0.0361
 8. CharContinuationRate           - Score: 0.0358
 9. HasSubmitButton                - Score: 0.0273
10. IsHTTPS                        - Score: 0.0260
11. IsResponsive                   - Score: 0.0232
12. HasHiddenFields                - Score: 0.0225
13. HasFavicon                     - Score: 0.0211
14. ObfuscationRatio               - Score: 0.0209
15. HasTitle                       - Score: 0.0172
16. Robots                         - Score: 0.0165
17. Pay                            - Score: 0.0147
18. TLDLegitimateProb              - Score: 0.0120
19. Bank                           - Score: 0.0072
20. HasExternalFormSubmit          - Score: 0.0069
21. HasPasswordField               - Score: 0.0054
22. Crypto                         - Score: 0.0035
23. NoOfSelfRedirect               - Score: 0.0031
24. NoOfQMarkInURL                 - Score: 0.0029
25. NoOfSubDomain                  - Score: 0.0028
26. IsDomainIP                     - Score: 0.0021
27. NoOfURLRedirect                - Score: 0.0021
28. HasObfuscation                 - Score: 0.0018
29. URLSimilarityIndex             - Score: 0.0010
30. NoOfOtherSpecialCharsInURL     - Score: 0.0008
31. TLDLength                      - Score: 0.0007
32. NoOfEqualsInURL                - Score: 0.0006
33. DomainTitleMatchScore          - Score: 0.0005
34. NoOfiFrame                     - Score: 0.0005
35. URLTitleMatchScore             - Score: 0.0004
36. NoOfCSS                        - Score: 0.0003
37. NoOfJS                         - Score: 0.0003
38. DomainLength                   - Score: 0.0003
39. NoOfAmpersandInURL             - Score: 0.0002
40. NoOfDegitsInURL                - Score: 0.0002
41. NoOfPopup                      - Score: 0.0001
42. NoOfObfuscatedChar             - Score: 0.0001
43. NoOfEmptyRef                   - Score: 0.0001
44. NoOfImage                      - Score: 0.0001
45. NoOfSelfRef                    - Score: 0.0001
46. NoOfLettersInURL               - Score: 0.0001
47. URLLength                      - Score: 0.0000
48. NoOfExternalRef                - Score: 0.0000
49. LineOfCode                     - Score: 0.0000
50. LargestLineLength              - Score: 0.0000
================================================================================

Features Ranked by Differentiation Strength:
================================================================================
 1. URLCharProb                    - Score: 1.0000
 2. SpacialCharRatioInURL          - Score: 0.2575
 3. DegitRatioInURL                - Score: 0.0784
 4. LetterRatioInURL               - Score: 0.0514
 5. HasSocialNet                   - Score: 0.0498
 6. HasCopyrightInfo               - Score: 0.0427
 7. HasDescription                 - Score: 0.0361
 8. CharContinuationRate           - Score: 0.0358
 9. HasSubmitButton                - Score: 0.0273
10. IsHTTPS                        - Score: 0.0260
11. IsResponsive                   - Score: 0.0232
12. HasHiddenFields                - Score: 0.0225
13. HasFavicon                     - Score: 0.0211
14. ObfuscationRatio               - Score: 0.0209
15. HasTitle                       - Score: 0.0172
16. Robots                         - Score: 0.0165
17. Pay                            - Score: 0.0147
18. TLDLegitimateProb              - Score: 0.0120
19. Bank                           - Score: 0.0072
20. HasExternalFormSubmit          - Score: 0.0069
21. HasPasswordField               - Score: 0.0054
22. Crypto                         - Score: 0.0035
23. NoOfSelfRedirect               - Score: 0.0031
24. NoOfQMarkInURL                 - Score: 0.0029
25. NoOfSubDomain                  - Score: 0.0028
26. IsDomainIP                     - Score: 0.0021
27. NoOfURLRedirect                - Score: 0.0021
28. HasObfuscation                 - Score: 0.0018
29. URLSimilarityIndex             - Score: 0.0010
30. NoOfOtherSpecialCharsInURL     - Score: 0.0008
31. TLDLength                      - Score: 0.0007
32. NoOfEqualsInURL                - Score: 0.0006
33. DomainTitleMatchScore          - Score: 0.0005
34. NoOfiFrame                     - Score: 0.0005
35. URLTitleMatchScore             - Score: 0.0004
36. NoOfCSS                        - Score: 0.0003
37. NoOfJS                         - Score: 0.0003
38. DomainLength                   - Score: 0.0003
39. NoOfAmpersandInURL             - Score: 0.0002
40. NoOfDegitsInURL                - Score: 0.0002
41. NoOfPopup                      - Score: 0.0001
42. NoOfObfuscatedChar             - Score: 0.0001
43. NoOfEmptyRef                   - Score: 0.0001
44. NoOfImage                      - Score: 0.0001
45. NoOfSelfRef                    - Score: 0.0001
46. NoOfLettersInURL               - Score: 0.0001
47. URLLength                      - Score: 0.0000
48. NoOfExternalRef                - Score: 0.0000
49. LineOfCode                     - Score: 0.0000
50. LargestLineLength              - Score: 0.0000
================================================================================

Features Ranked by Differentiation Strength:
================================================================================
 1. URLCharProb                    - Score: 1.0000
 2. SpacialCharRatioInURL          - Score: 0.6749
 3. DegitRatioInURL                - Score: 0.1017
 4. HasSocialNet                   - Score: 0.0692
 5. HasCopyrightInfo               - Score: 0.0637
================================================================================

Features Ranked by Differentiation Strength:
================================================================================
 1. SpacialCharRatioInURL          - Score: 1.0000
 2. URLCharProb                    - Score: 0.8271
 3. IsHTTPS                        - Score: 0.2497
 4. HasSocialNet                   - Score: 0.1613
 5. HasCopyrightInfo               - Score: 0.1512
================================================================================

Features Ranked by Differentiation Strength:
================================================================================
 1. URLCharProb                    - Score: 1.0000
 2. SpacialCharRatioInURL          - Score: 0.7335
 3. DegitRatioInURL                - Score: 0.1069
 4. HasSocialNet                   - Score: 0.0787
 5. HasCopyrightInfo               - Score: 0.0721
================================================================================

Features Ranked by Differentiation Strength:
================================================================================
 1. URLCharProb                    - Score: 1.0000
 2. SpacialCharRatioInURL          - Score: 0.2713
 3. DegitRatioInURL                - Score: 0.0798
 4. LetterRatioInURL               - Score: 0.0532
 5. HasSocialNet                   - Score: 0.0497
================================================================================

Features Ranked by Differentiation Strength:
================================================================================
 1. URLCharProb                    - Score: 1.0000
 2. SpacialCharRatioInURL          - Score: 0.2508
 3. DegitRatioInURL                - Score: 0.0773
 4. LetterRatioInURL               - Score: 0.0500
 5. HasSocialNet                   - Score: 0.0483
 6. HasCopyrightInfo               - Score: 0.0416
 7. HasDescription                 - Score: 0.0354
 8. CharContinuationRate           - Score: 0.0353
 9. HasSubmitButton                - Score: 0.0260
10. IsHTTPS                        - Score: 0.0256
11. IsResponsive                   - Score: 0.0228
12. HasHiddenFields                - Score: 0.0221
13. ObfuscationRatio               - Score: 0.0218
14. HasFavicon                     - Score: 0.0203
15. HasTitle                       - Score: 0.0171
16. Robots                         - Score: 0.0163
17. Pay                            - Score: 0.0143
18. TLDLegitimateProb              - Score: 0.0111
19. Bank                           - Score: 0.0071
20. HasExternalFormSubmit          - Score: 0.0066
21. HasPasswordField               - Score: 0.0050
22. Crypto                         - Score: 0.0035
23. NoOfSelfRedirect               - Score: 0.0030
24. NoOfQMarkInURL                 - Score: 0.0029
25. NoOfSubDomain                  - Score: 0.0024
26. IsDomainIP                     - Score: 0.0019
27. NoOfURLRedirect                - Score: 0.0019
28. HasObfuscation                 - Score: 0.0017
29. URLSimilarityIndex             - Score: 0.0010
30. NoOfOtherSpecialCharsInURL     - Score: 0.0008
31. NoOfEqualsInURL                - Score: 0.0006
32. TLDLength                      - Score: 0.0006
33. DomainTitleMatchScore          - Score: 0.0005
34. NoOfiFrame                     - Score: 0.0005
35. URLTitleMatchScore             - Score: 0.0004
36. NoOfCSS                        - Score: 0.0003
37. NoOfJS                         - Score: 0.0003
38. DomainLength                   - Score: 0.0003
39. NoOfAmpersandInURL             - Score: 0.0002
40. NoOfDegitsInURL                - Score: 0.0002
41. NoOfPopup                      - Score: 0.0001
42. NoOfObfuscatedChar             - Score: 0.0001
43. NoOfEmptyRef                   - Score: 0.0001
44. NoOfImage                      - Score: 0.0001
45. NoOfSelfRef                    - Score: 0.0001
46. NoOfLettersInURL               - Score: 0.0001
47. URLLength                      - Score: 0.0000
48. NoOfExternalRef                - Score: 0.0000
49. LineOfCode                     - Score: 0.0000
50. LargestLineLength              - Score: 0.0000
================================================================================

Features Ranked by Differentiation Strength:
================================================================================
 1. URLCharProb                    - Score: 1.0000
 2. SpacialCharRatioInURL          - Score: 0.2508
 3. DegitRatioInURL                - Score: 0.0773
 4. LetterRatioInURL               - Score: 0.0500
 5. HasSocialNet                   - Score: 0.0483
 6. HasCopyrightInfo               - Score: 0.0416
 7. HasDescription                 - Score: 0.0354
 8. CharContinuationRate           - Score: 0.0353
 9. HasSubmitButton                - Score: 0.0260
10. IsHTTPS                        - Score: 0.0256
11. IsResponsive                   - Score: 0.0228
12. HasHiddenFields                - Score: 0.0221
13. ObfuscationRatio               - Score: 0.0218
14. HasFavicon                     - Score: 0.0203
15. HasTitle                       - Score: 0.0171
16. Robots                         - Score: 0.0163
17. Pay                            - Score: 0.0143
18. TLDLegitimateProb              - Score: 0.0111
19. Bank                           - Score: 0.0071
20. HasExternalFormSubmit          - Score: 0.0066
21. HasPasswordField               - Score: 0.0050
22. Crypto                         - Score: 0.0035
23. NoOfSelfRedirect               - Score: 0.0030
24. NoOfQMarkInURL                 - Score: 0.0029
25. NoOfSubDomain                  - Score: 0.0024
26. IsDomainIP                     - Score: 0.0019
27. NoOfURLRedirect                - Score: 0.0019
28. HasObfuscation                 - Score: 0.0017
29. URLSimilarityIndex             - Score: 0.0010
30. NoOfOtherSpecialCharsInURL     - Score: 0.0008
31. NoOfEqualsInURL                - Score: 0.0006
32. TLDLength                      - Score: 0.0006
33. DomainTitleMatchScore          - Score: 0.0005
34. NoOfiFrame                     - Score: 0.0005
35. URLTitleMatchScore             - Score: 0.0004
36. NoOfCSS                        - Score: 0.0003
37. NoOfJS                         - Score: 0.0003
38. DomainLength                   - Score: 0.0003
39. NoOfAmpersandInURL             - Score: 0.0002
40. NoOfDegitsInURL                - Score: 0.0002
41. NoOfPopup                      - Score: 0.0001
42. NoOfObfuscatedChar             - Score: 0.0001
43. NoOfEmptyRef                   - Score: 0.0001
44. NoOfImage                      - Score: 0.0001
45. NoOfSelfRef                    - Score: 0.0001
46. NoOfLettersInURL               - Score: 0.0001
47. URLLength                      - Score: 0.0000
48. NoOfExternalRef                - Score: 0.0000
49. LineOfCode                     - Score: 0.0000
50. LargestLineLength              - Score: 0.0000
================================================================================

Features Ranked by Differentiation Strength:
================================================================================
 1. URLCharProb                    - Score: 1.0000
 2. SpacialCharRatioInURL          - Score: 0.6654
 3. DegitRatioInURL                - Score: 0.1009
 4. HasSocialNet                   - Score: 0.0661
 5. HasCopyrightInfo               - Score: 0.0614
================================================================================

Features Ranked by Differentiation Strength:
================================================================================
 1. SpacialCharRatioInURL          - Score: 1.0000
 2. URLCharProb                    - Score: 0.9993
 3. IsHTTPS                        - Score: 0.2635
 4. HasSocialNet                   - Score: 0.1682
 5. HasCopyrightInfo               - Score: 0.1601
================================================================================

Features Ranked by Differentiation Strength:
================================================================================
 1. URLCharProb                    - Score: 1.0000
 2. SpacialCharRatioInURL          - Score: 0.7111
 3. DegitRatioInURL                - Score: 0.1057
 4. HasSocialNet                   - Score: 0.0748
 5. HasCopyrightInfo               - Score: 0.0694
================================================================================

Features Ranked by Differentiation Strength:
================================================================================
 1. URLCharProb                    - Score: 1.0000
 2. SpacialCharRatioInURL          - Score: 0.2649
 3. DegitRatioInURL                - Score: 0.0789
 4. LetterRatioInURL               - Score: 0.0519
 5. HasSocialNet                   - Score: 0.0483
================================================================================

Features Ranked by Differentiation Strength:
================================================================================
 1. URLCharProb                    - Score: 1.0000
 2. SpacialCharRatioInURL          - Score: 0.2492
 3. DegitRatioInURL                - Score: 0.0758
 4. LetterRatioInURL               - Score: 0.0499
 5. HasSocialNet                   - Score: 0.0491
 6. HasCopyrightInfo               - Score: 0.0420
 7. CharContinuationRate           - Score: 0.0367
 8. HasDescription                 - Score: 0.0352
 9. HasSubmitButton                - Score: 0.0264
10. IsHTTPS                        - Score: 0.0255
11. IsResponsive                   - Score: 0.0232
12. HasHiddenFields                - Score: 0.0219
13. ObfuscationRatio               - Score: 0.0216
14. HasFavicon                     - Score: 0.0207
15. HasTitle                       - Score: 0.0171
16. Robots                         - Score: 0.0164
17. Pay                            - Score: 0.0142
18. TLDLegitimateProb              - Score: 0.0112
19. Bank                           - Score: 0.0069
20. HasExternalFormSubmit          - Score: 0.0067
21. HasPasswordField               - Score: 0.0051
22. Crypto                         - Score: 0.0036
23. NoOfSelfRedirect               - Score: 0.0031
24. NoOfQMarkInURL                 - Score: 0.0029
25. NoOfSubDomain                  - Score: 0.0024
26. IsDomainIP                     - Score: 0.0020
27. HasObfuscation                 - Score: 0.0018
28. NoOfURLRedirect                - Score: 0.0018
29. URLSimilarityIndex             - Score: 0.0010
30. NoOfOtherSpecialCharsInURL     - Score: 0.0009
31. NoOfEqualsInURL                - Score: 0.0007
32. TLDLength                      - Score: 0.0006
33. DomainTitleMatchScore          - Score: 0.0005
34. URLTitleMatchScore             - Score: 0.0005
35. NoOfiFrame                     - Score: 0.0004
36. NoOfCSS                        - Score: 0.0003
37. NoOfJS                         - Score: 0.0003
38. DomainLength                   - Score: 0.0003
39. NoOfAmpersandInURL             - Score: 0.0002
40. NoOfDegitsInURL                - Score: 0.0002
41. NoOfObfuscatedChar             - Score: 0.0001
42. NoOfPopup                      - Score: 0.0001
43. NoOfEmptyRef                   - Score: 0.0001
44. NoOfImage                      - Score: 0.0001
45. NoOfSelfRef                    - Score: 0.0001
46. NoOfLettersInURL               - Score: 0.0001
47. NoOfExternalRef                - Score: 0.0001
48. URLLength                      - Score: 0.0000
49. LineOfCode                     - Score: 0.0000
50. LargestLineLength              - Score: 0.0000
================================================================================

Features Ranked by Differentiation Strength:
================================================================================
 1. URLCharProb                    - Score: 1.0000
 2. SpacialCharRatioInURL          - Score: 0.2492
 3. DegitRatioInURL                - Score: 0.0758
 4. LetterRatioInURL               - Score: 0.0499
 5. HasSocialNet                   - Score: 0.0491
 6. HasCopyrightInfo               - Score: 0.0420
 7. CharContinuationRate           - Score: 0.0367
 8. HasDescription                 - Score: 0.0352
 9. HasSubmitButton                - Score: 0.0264
10. IsHTTPS                        - Score: 0.0255
11. IsResponsive                   - Score: 0.0232
12. HasHiddenFields                - Score: 0.0219
13. ObfuscationRatio               - Score: 0.0216
14. HasFavicon                     - Score: 0.0207
15. HasTitle                       - Score: 0.0171
16. Robots                         - Score: 0.0164
17. Pay                            - Score: 0.0142
18. TLDLegitimateProb              - Score: 0.0112
19. Bank                           - Score: 0.0069
20. HasExternalFormSubmit          - Score: 0.0067
21. HasPasswordField               - Score: 0.0051
22. Crypto                         - Score: 0.0036
23. NoOfSelfRedirect               - Score: 0.0031
24. NoOfQMarkInURL                 - Score: 0.0029
25. NoOfSubDomain                  - Score: 0.0024
26. IsDomainIP                     - Score: 0.0020
27. HasObfuscation                 - Score: 0.0018
28. NoOfURLRedirect                - Score: 0.0018
29. URLSimilarityIndex             - Score: 0.0010
30. NoOfOtherSpecialCharsInURL     - Score: 0.0009
31. NoOfEqualsInURL                - Score: 0.0007
32. TLDLength                      - Score: 0.0006
33. DomainTitleMatchScore          - Score: 0.0005
34. URLTitleMatchScore             - Score: 0.0005
35. NoOfiFrame                     - Score: 0.0004
36. NoOfCSS                        - Score: 0.0003
37. NoOfJS                         - Score: 0.0003
38. DomainLength                   - Score: 0.0003
39. NoOfAmpersandInURL             - Score: 0.0002
40. NoOfDegitsInURL                - Score: 0.0002
41. NoOfObfuscatedChar             - Score: 0.0001
42. NoOfPopup                      - Score: 0.0001
43. NoOfEmptyRef                   - Score: 0.0001
44. NoOfImage                      - Score: 0.0001
45. NoOfSelfRef                    - Score: 0.0001
46. NoOfLettersInURL               - Score: 0.0001
47. NoOfExternalRef                - Score: 0.0001
48. URLLength                      - Score: 0.0000
49. LineOfCode                     - Score: 0.0000
50. LargestLineLength              - Score: 0.0000
================================================================================

Features Ranked by Differentiation Strength:
================================================================================
 1. URLCharProb                    - Score: 1.0000
 2. SpacialCharRatioInURL          - Score: 0.6750
 3. DegitRatioInURL                - Score: 0.1017
 4. HasSocialNet                   - Score: 0.0695
 5. HasCopyrightInfo               - Score: 0.0639
================================================================================

Features Ranked by Differentiation Strength:
================================================================================
 1. SpacialCharRatioInURL          - Score: 1.0000
 2. URLCharProb                    - Score: 0.7786
 3. IsHTTPS                        - Score: 0.2699
 4. HasSocialNet                   - Score: 0.1639
 5. HasCopyrightInfo               - Score: 0.1554
================================================================================

Features Ranked by Differentiation Strength:
================================================================================
 1. URLCharProb                    - Score: 1.0000
 2. SpacialCharRatioInURL          - Score: 0.7217
 3. DegitRatioInURL                - Score: 0.1052
 4. HasSocialNet                   - Score: 0.0788
 5. HasCopyrightInfo               - Score: 0.0724
================================================================================

Features Ranked by Differentiation Strength:
================================================================================
 1. URLCharProb                    - Score: 1.0000
 2. SpacialCharRatioInURL          - Score: 0.2627
 3. DegitRatioInURL                - Score: 0.0775
 4. LetterRatioInURL               - Score: 0.0521
 5. HasSocialNet                   - Score: 0.0490
================================================================================

Features Ranked by Differentiation Strength:
================================================================================
 1. URLCharProb                    - Score: 1.0000
 2. SpacialCharRatioInURL          - Score: 0.2521
 3. DegitRatioInURL                - Score: 0.0769
 4. LetterRatioInURL               - Score: 0.0518
 5. HasSocialNet                   - Score: 0.0497
 6. HasCopyrightInfo               - Score: 0.0426
 7. HasDescription                 - Score: 0.0359
 8. CharContinuationRate           - Score: 0.0358
 9. HasSubmitButton                - Score: 0.0266
10. IsHTTPS                        - Score: 0.0258
11. IsResponsive                   - Score: 0.0232
12. HasHiddenFields                - Score: 0.0223
13. HasFavicon                     - Score: 0.0209
14. ObfuscationRatio               - Score: 0.0182
15. HasTitle                       - Score: 0.0173
16. Robots                         - Score: 0.0162
17. Pay                            - Score: 0.0145
18. TLDLegitimateProb              - Score: 0.0113
19. Bank                           - Score: 0.0071
20. HasExternalFormSubmit          - Score: 0.0068
21. HasPasswordField               - Score: 0.0051
22. Crypto                         - Score: 0.0033
23. NoOfSelfRedirect               - Score: 0.0030
24. NoOfQMarkInURL                 - Score: 0.0028
25. NoOfSubDomain                  - Score: 0.0024
26. IsDomainIP                     - Score: 0.0020
27. NoOfURLRedirect                - Score: 0.0017
28. HasObfuscation                 - Score: 0.0017
29. URLSimilarityIndex             - Score: 0.0010
30. NoOfOtherSpecialCharsInURL     - Score: 0.0008
31. TLDLength                      - Score: 0.0006
32. NoOfEqualsInURL                - Score: 0.0006
33. DomainTitleMatchScore          - Score: 0.0005
34. URLTitleMatchScore             - Score: 0.0004
35. NoOfiFrame                     - Score: 0.0004
36. NoOfCSS                        - Score: 0.0004
37. NoOfJS                         - Score: 0.0003
38. DomainLength                   - Score: 0.0003
39. NoOfAmpersandInURL             - Score: 0.0002
40. NoOfPopup                      - Score: 0.0002
41. NoOfDegitsInURL                - Score: 0.0002
42. NoOfObfuscatedChar             - Score: 0.0001
43. NoOfEmptyRef                   - Score: 0.0001
44. NoOfImage                      - Score: 0.0001
45. NoOfSelfRef                    - Score: 0.0001
46. NoOfLettersInURL               - Score: 0.0001
47. URLLength                      - Score: 0.0000
48. NoOfExternalRef                - Score: 0.0000
49. LineOfCode                     - Score: 0.0000
50. LargestLineLength              - Score: 0.0000
================================================================================

Features Ranked by Differentiation Strength:
================================================================================
 1. URLCharProb                    - Score: 1.0000
 2. SpacialCharRatioInURL          - Score: 0.2521
 3. DegitRatioInURL                - Score: 0.0769
 4. LetterRatioInURL               - Score: 0.0518
 5. HasSocialNet                   - Score: 0.0497
 6. HasCopyrightInfo               - Score: 0.0426
 7. HasDescription                 - Score: 0.0359
 8. CharContinuationRate           - Score: 0.0358
 9. HasSubmitButton                - Score: 0.0266
10. IsHTTPS                        - Score: 0.0258
11. IsResponsive                   - Score: 0.0232
12. HasHiddenFields                - Score: 0.0223
13. HasFavicon                     - Score: 0.0209
14. ObfuscationRatio               - Score: 0.0182
15. HasTitle                       - Score: 0.0173
16. Robots                         - Score: 0.0162
17. Pay                            - Score: 0.0145
18. TLDLegitimateProb              - Score: 0.0113
19. Bank                           - Score: 0.0071
20. HasExternalFormSubmit          - Score: 0.0068
21. HasPasswordField               - Score: 0.0051
22. Crypto                         - Score: 0.0033
23. NoOfSelfRedirect               - Score: 0.0030
24. NoOfQMarkInURL                 - Score: 0.0028
25. NoOfSubDomain                  - Score: 0.0024
26. IsDomainIP                     - Score: 0.0020
27. NoOfURLRedirect                - Score: 0.0017
28. HasObfuscation                 - Score: 0.0017
29. URLSimilarityIndex             - Score: 0.0010
30. NoOfOtherSpecialCharsInURL     - Score: 0.0008
31. TLDLength                      - Score: 0.0006
32. NoOfEqualsInURL                - Score: 0.0006
33. DomainTitleMatchScore          - Score: 0.0005
34. URLTitleMatchScore             - Score: 0.0004
35. NoOfiFrame                     - Score: 0.0004
36. NoOfCSS                        - Score: 0.0004
37. NoOfJS                         - Score: 0.0003
38. DomainLength                   - Score: 0.0003
39. NoOfAmpersandInURL             - Score: 0.0002
40. NoOfPopup                      - Score: 0.0002
41. NoOfDegitsInURL                - Score: 0.0002
42. NoOfObfuscatedChar             - Score: 0.0001
43. NoOfEmptyRef                   - Score: 0.0001
44. NoOfImage                      - Score: 0.0001
45. NoOfSelfRef                    - Score: 0.0001
46. NoOfLettersInURL               - Score: 0.0001
47. URLLength                      - Score: 0.0000
48. NoOfExternalRef                - Score: 0.0000
49. LineOfCode                     - Score: 0.0000
50. LargestLineLength              - Score: 0.0000
================================================================================

Features Ranked by Differentiation Strength:
================================================================================
 1. URLCharProb                    - Score: 1.0000
 2. SpacialCharRatioInURL          - Score: 0.6607
 3. DegitRatioInURL                - Score: 0.1045
 4. HasSocialNet                   - Score: 0.0715
 5. HasCopyrightInfo               - Score: 0.0636
================================================================================

Features Ranked by Differentiation Strength:
================================================================================
 1. SpacialCharRatioInURL          - Score: 1.0000
 2. URLCharProb                    - Score: 0.9801
 3. IsHTTPS                        - Score: 0.2764
 4. HasSocialNet                   - Score: 0.1732
 5. HasCopyrightInfo               - Score: 0.1623
================================================================================

Features Ranked by Differentiation Strength:
================================================================================
 1. URLCharProb                    - Score: 1.0000
 2. SpacialCharRatioInURL          - Score: 0.6319
 3. DegitRatioInURL                - Score: 0.1004
 4. HasSocialNet                   - Score: 0.0716
 5. HasCopyrightInfo               - Score: 0.0631
================================================================================

Features Ranked by Differentiation Strength:
================================================================================
 1. URLCharProb                    - Score: 1.0000
 2. SpacialCharRatioInURL          - Score: 0.2748
 3. DegitRatioInURL                - Score: 0.0820
 4. LetterRatioInURL               - Score: 0.0723
 5. HasSocialNet                   - Score: 0.0493
================================================================================

Features Ranked by Differentiation Strength:
================================================================================
 1. URLCharProb                    - Score: 1.0000
 2. SpacialCharRatioInURL          - Score: 0.2509
 3. DegitRatioInURL                - Score: 0.0785
 4. LetterRatioInURL               - Score: 0.0516
 5. HasSocialNet                   - Score: 0.0499
 6. HasCopyrightInfo               - Score: 0.0421
 7. HasDescription                 - Score: 0.0365
 8. CharContinuationRate           - Score: 0.0365
 9. HasSubmitButton                - Score: 0.0268
10. IsHTTPS                        - Score: 0.0262
11. IsResponsive                   - Score: 0.0238
12. HasHiddenFields                - Score: 0.0228
13. HasFavicon                     - Score: 0.0213
14. ObfuscationRatio               - Score: 0.0203
15. HasTitle                       - Score: 0.0175
16. Robots                         - Score: 0.0170
17. Pay                            - Score: 0.0146
18. TLDLegitimateProb              - Score: 0.0119
19. Bank                           - Score: 0.0071
20. HasExternalFormSubmit          - Score: 0.0069
21. HasPasswordField               - Score: 0.0052
22. Crypto                         - Score: 0.0034
23. NoOfQMarkInURL                 - Score: 0.0029
24. NoOfSubDomain                  - Score: 0.0028
25. NoOfSelfRedirect               - Score: 0.0028
26. IsDomainIP                     - Score: 0.0021
27. HasObfuscation                 - Score: 0.0018
28. NoOfURLRedirect                - Score: 0.0016
29. URLSimilarityIndex             - Score: 0.0010
30. NoOfOtherSpecialCharsInURL     - Score: 0.0008
31. NoOfEqualsInURL                - Score: 0.0007
32. TLDLength                      - Score: 0.0006
33. DomainTitleMatchScore          - Score: 0.0005
34. NoOfiFrame                     - Score: 0.0005
35. URLTitleMatchScore             - Score: 0.0005
36. NoOfCSS                        - Score: 0.0003
37. NoOfJS                         - Score: 0.0003
38. DomainLength                   - Score: 0.0003
39. NoOfAmpersandInURL             - Score: 0.0002
40. NoOfDegitsInURL                - Score: 0.0002
41. NoOfPopup                      - Score: 0.0001
42. NoOfObfuscatedChar             - Score: 0.0001
43. NoOfEmptyRef                   - Score: 0.0001
44. NoOfImage                      - Score: 0.0001
45. NoOfSelfRef                    - Score: 0.0001
46. NoOfLettersInURL               - Score: 0.0001
47. URLLength                      - Score: 0.0000
48. NoOfExternalRef                - Score: 0.0000
49. LineOfCode                     - Score: 0.0000
50. LargestLineLength              - Score: 0.0000
================================================================================

Features Ranked by Differentiation Strength:
================================================================================
 1. URLCharProb                    - Score: 1.0000
 2. SpacialCharRatioInURL          - Score: 0.2509
 3. DegitRatioInURL                - Score: 0.0785
 4. LetterRatioInURL               - Score: 0.0516
 5. HasSocialNet                   - Score: 0.0499
 6. HasCopyrightInfo               - Score: 0.0421
 7. HasDescription                 - Score: 0.0365
 8. CharContinuationRate           - Score: 0.0365
 9. HasSubmitButton                - Score: 0.0268
10. IsHTTPS                        - Score: 0.0262
11. IsResponsive                   - Score: 0.0238
12. HasHiddenFields                - Score: 0.0228
13. HasFavicon                     - Score: 0.0213
14. ObfuscationRatio               - Score: 0.0203
15. HasTitle                       - Score: 0.0175
16. Robots                         - Score: 0.0170
17. Pay                            - Score: 0.0146
18. TLDLegitimateProb              - Score: 0.0119
19. Bank                           - Score: 0.0071
20. HasExternalFormSubmit          - Score: 0.0069
21. HasPasswordField               - Score: 0.0052
22. Crypto                         - Score: 0.0034
23. NoOfQMarkInURL                 - Score: 0.0029
24. NoOfSubDomain                  - Score: 0.0028
25. NoOfSelfRedirect               - Score: 0.0028
26. IsDomainIP                     - Score: 0.0021
27. HasObfuscation                 - Score: 0.0018
28. NoOfURLRedirect                - Score: 0.0016
29. URLSimilarityIndex             - Score: 0.0010
30. NoOfOtherSpecialCharsInURL     - Score: 0.0008
31. NoOfEqualsInURL                - Score: 0.0007
32. TLDLength                      - Score: 0.0006
33. DomainTitleMatchScore          - Score: 0.0005
34. NoOfiFrame                     - Score: 0.0005
35. URLTitleMatchScore             - Score: 0.0005
36. NoOfCSS                        - Score: 0.0003
37. NoOfJS                         - Score: 0.0003
38. DomainLength                   - Score: 0.0003
39. NoOfAmpersandInURL             - Score: 0.0002
40. NoOfDegitsInURL                - Score: 0.0002
41. NoOfPopup                      - Score: 0.0001
42. NoOfObfuscatedChar             - Score: 0.0001
43. NoOfEmptyRef                   - Score: 0.0001
44. NoOfImage                      - Score: 0.0001
45. NoOfSelfRef                    - Score: 0.0001
46. NoOfLettersInURL               - Score: 0.0001
47. URLLength                      - Score: 0.0000
48. NoOfExternalRef                - Score: 0.0000
49. LineOfCode                     - Score: 0.0000
50. LargestLineLength              - Score: 0.0000
================================================================================

Features Ranked by Differentiation Strength:
================================================================================
 1. URLCharProb                    - Score: 1.0000
 2. SpacialCharRatioInURL          - Score: 0.6755
 3. DegitRatioInURL                - Score: 0.1060
 4. HasSocialNet                   - Score: 0.0706
 5. HasCopyrightInfo               - Score: 0.0640
================================================================================

Features Ranked by Differentiation Strength:
================================================================================
 1. SpacialCharRatioInURL          - Score: 1.0000
 2. URLCharProb                    - Score: 0.9781
 3. IsHTTPS                        - Score: 0.2685
 4. HasSocialNet                   - Score: 0.1730
 5. HasCopyrightInfo               - Score: 0.1614
================================================================================

Features Ranked by Differentiation Strength:
================================================================================
 1. URLCharProb                    - Score: 1.0000
 2. SpacialCharRatioInURL          - Score: 0.7036
 3. DegitRatioInURL                - Score: 0.1091
 4. HasSocialNet                   - Score: 0.0793
 5. IsHTTPS                        - Score: 0.0714
================================================================================

Features Ranked by Differentiation Strength:
================================================================================
 1. URLCharProb                    - Score: 1.0000
 2. SpacialCharRatioInURL          - Score: 0.2645
 3. DegitRatioInURL                - Score: 0.0802
 4. LetterRatioInURL               - Score: 0.0536
 5. HasSocialNet                   - Score: 0.0498
================================================================================

Features Ranked by Differentiation Strength:
================================================================================
 1. URLCharProb                    - Score: 1.0000
 2. SpacialCharRatioInURL          - Score: 0.2529
 3. DegitRatioInURL                - Score: 0.0768
 4. LetterRatioInURL               - Score: 0.0508
 5. HasSocialNet                   - Score: 0.0491
 6. HasCopyrightInfo               - Score: 0.0420
 7. HasDescription                 - Score: 0.0360
 8. CharContinuationRate           - Score: 0.0354
 9. HasSubmitButton                - Score: 0.0263
10. IsHTTPS                        - Score: 0.0258
11. IsResponsive                   - Score: 0.0234
12. HasHiddenFields                - Score: 0.0221
13. ObfuscationRatio               - Score: 0.0216
14. HasFavicon                     - Score: 0.0208
15. HasTitle                       - Score: 0.0172
16. Robots                         - Score: 0.0166
17. Pay                            - Score: 0.0144
18. TLDLegitimateProb              - Score: 0.0117
19. Bank                           - Score: 0.0069
20. HasExternalFormSubmit          - Score: 0.0067
21. HasPasswordField               - Score: 0.0049
22. Crypto                         - Score: 0.0035
23. NoOfSelfRedirect               - Score: 0.0031
24. NoOfQMarkInURL                 - Score: 0.0029
25. NoOfSubDomain                  - Score: 0.0024
26. IsDomainIP                     - Score: 0.0020
27. HasObfuscation                 - Score: 0.0018
28. NoOfURLRedirect                - Score: 0.0016
29. URLSimilarityIndex             - Score: 0.0010
30. NoOfOtherSpecialCharsInURL     - Score: 0.0008
31. NoOfEqualsInURL                - Score: 0.0007
32. TLDLength                      - Score: 0.0006
33. DomainTitleMatchScore          - Score: 0.0005
34. URLTitleMatchScore             - Score: 0.0004
35. NoOfiFrame                     - Score: 0.0004
36. NoOfCSS                        - Score: 0.0003
37. NoOfJS                         - Score: 0.0003
38. DomainLength                   - Score: 0.0003
39. NoOfDegitsInURL                - Score: 0.0002
40. NoOfAmpersandInURL             - Score: 0.0002
41. NoOfPopup                      - Score: 0.0002
42. NoOfLettersInURL               - Score: 0.0001
43. NoOfObfuscatedChar             - Score: 0.0001
44. URLLength                      - Score: 0.0001
45. NoOfEmptyRef                   - Score: 0.0001
46. NoOfImage                      - Score: 0.0001
47. NoOfSelfRef                    - Score: 0.0001
48. NoOfExternalRef                - Score: 0.0000
49. LineOfCode                     - Score: 0.0000
50. LargestLineLength              - Score: 0.0000
================================================================================

Features Ranked by Differentiation Strength:
================================================================================
 1. URLCharProb                    - Score: 1.0000
 2. SpacialCharRatioInURL          - Score: 0.2529
 3. DegitRatioInURL                - Score: 0.0768
 4. LetterRatioInURL               - Score: 0.0508
 5. HasSocialNet                   - Score: 0.0491
 6. HasCopyrightInfo               - Score: 0.0420
 7. HasDescription                 - Score: 0.0360
 8. CharContinuationRate           - Score: 0.0354
 9. HasSubmitButton                - Score: 0.0263
10. IsHTTPS                        - Score: 0.0258
11. IsResponsive                   - Score: 0.0234
12. HasHiddenFields                - Score: 0.0221
13. ObfuscationRatio               - Score: 0.0216
14. HasFavicon                     - Score: 0.0208
15. HasTitle                       - Score: 0.0172
16. Robots                         - Score: 0.0166
17. Pay                            - Score: 0.0144
18. TLDLegitimateProb              - Score: 0.0117
19. Bank                           - Score: 0.0069
20. HasExternalFormSubmit          - Score: 0.0067
21. HasPasswordField               - Score: 0.0049
22. Crypto                         - Score: 0.0035
23. NoOfSelfRedirect               - Score: 0.0031
24. NoOfQMarkInURL                 - Score: 0.0029
25. NoOfSubDomain                  - Score: 0.0024
26. IsDomainIP                     - Score: 0.0020
27. HasObfuscation                 - Score: 0.0018
28. NoOfURLRedirect                - Score: 0.0016
29. URLSimilarityIndex             - Score: 0.0010
30. NoOfOtherSpecialCharsInURL     - Score: 0.0008
31. NoOfEqualsInURL                - Score: 0.0007
32. TLDLength                      - Score: 0.0006
33. DomainTitleMatchScore          - Score: 0.0005
34. URLTitleMatchScore             - Score: 0.0004
35. NoOfiFrame                     - Score: 0.0004
36. NoOfCSS                        - Score: 0.0003
37. NoOfJS                         - Score: 0.0003
38. DomainLength                   - Score: 0.0003
39. NoOfDegitsInURL                - Score: 0.0002
40. NoOfAmpersandInURL             - Score: 0.0002
41. NoOfPopup                      - Score: 0.0002
42. NoOfLettersInURL               - Score: 0.0001
43. NoOfObfuscatedChar             - Score: 0.0001
44. URLLength                      - Score: 0.0001
45. NoOfEmptyRef                   - Score: 0.0001
46. NoOfImage                      - Score: 0.0001
47. NoOfSelfRef                    - Score: 0.0001
48. NoOfExternalRef                - Score: 0.0000
49. LineOfCode                     - Score: 0.0000
50. LargestLineLength              - Score: 0.0000
================================================================================

Features Ranked by Differentiation Strength:
================================================================================
 1. URLCharProb                    - Score: 1.0000
 2. SpacialCharRatioInURL          - Score: 0.7315
 3. DegitRatioInURL                - Score: 0.1063
 4. HasSocialNet                   - Score: 0.0734
 5. HasCopyrightInfo               - Score: 0.0675
================================================================================

Features Ranked by Differentiation Strength:
================================================================================
 1. SpacialCharRatioInURL          - Score: 1.0000
 2. URLCharProb                    - Score: 0.7053
 3. IsHTTPS                        - Score: 0.3320
 4. HasSocialNet                   - Score: 0.1959
 5. HasCopyrightInfo               - Score: 0.1860
================================================================================

Features Ranked by Differentiation Strength:
================================================================================
 1. URLCharProb                    - Score: 1.0000
 2. SpacialCharRatioInURL          - Score: 0.7313
 3. DegitRatioInURL                - Score: 0.1097
 4. HasSocialNet                   - Score: 0.0787
 5. HasCopyrightInfo               - Score: 0.0723
================================================================================

Features Ranked by Differentiation Strength:
================================================================================
 1. URLCharProb                    - Score: 1.0000
 2. SpacialCharRatioInURL          - Score: 0.2714
 3. DegitRatioInURL                - Score: 0.0797
 4. LetterRatioInURL               - Score: 0.0613
 5. HasSocialNet                   - Score: 0.0490
================================================================================

Features Ranked by Differentiation Strength:
================================================================================
 1. URLCharProb                    - Score: 1.0000
 2. SpacialCharRatioInURL          - Score: 0.2540
 3. DegitRatioInURL                - Score: 0.0761
 4. LetterRatioInURL               - Score: 0.0518
 5. HasSocialNet                   - Score: 0.0496
 6. HasCopyrightInfo               - Score: 0.0427
 7. CharContinuationRate           - Score: 0.0361
 8. HasDescription                 - Score: 0.0353
 9. HasSubmitButton                - Score: 0.0266
10. IsHTTPS                        - Score: 0.0257
11. IsResponsive                   - Score: 0.0233
12. HasHiddenFields                - Score: 0.0223
13. HasFavicon                     - Score: 0.0209
14. ObfuscationRatio               - Score: 0.0201
15. HasTitle                       - Score: 0.0171
16. Robots                         - Score: 0.0165
17. Pay                            - Score: 0.0148
18. TLDLegitimateProb              - Score: 0.0112
19. Bank                           - Score: 0.0071
20. HasExternalFormSubmit          - Score: 0.0067
21. HasPasswordField               - Score: 0.0052
22. Crypto                         - Score: 0.0033
23. NoOfSelfRedirect               - Score: 0.0030
24. NoOfQMarkInURL                 - Score: 0.0030
25. NoOfSubDomain                  - Score: 0.0023
26. IsDomainIP                     - Score: 0.0019
27. NoOfURLRedirect                - Score: 0.0019
28. HasObfuscation                 - Score: 0.0017
29. URLSimilarityIndex             - Score: 0.0010
30. NoOfOtherSpecialCharsInURL     - Score: 0.0008
31. NoOfEqualsInURL                - Score: 0.0007
32. TLDLength                      - Score: 0.0006
33. DomainTitleMatchScore          - Score: 0.0005
34. URLTitleMatchScore             - Score: 0.0004
35. NoOfiFrame                     - Score: 0.0004
36. NoOfJS                         - Score: 0.0004
37. NoOfCSS                        - Score: 0.0003
38. DomainLength                   - Score: 0.0003
39. NoOfAmpersandInURL             - Score: 0.0002
40. NoOfDegitsInURL                - Score: 0.0002
41. NoOfPopup                      - Score: 0.0002
42. NoOfObfuscatedChar             - Score: 0.0001
43. NoOfEmptyRef                   - Score: 0.0001
44. NoOfImage                      - Score: 0.0001
45. NoOfLettersInURL               - Score: 0.0001
46. NoOfSelfRef                    - Score: 0.0001
47. URLLength                      - Score: 0.0000
48. NoOfExternalRef                - Score: 0.0000
49. LineOfCode                     - Score: 0.0000
50. LargestLineLength              - Score: 0.0000
================================================================================

Features Ranked by Differentiation Strength:
================================================================================
 1. URLCharProb                    - Score: 1.0000
 2. SpacialCharRatioInURL          - Score: 0.2540
 3. DegitRatioInURL                - Score: 0.0761
 4. LetterRatioInURL               - Score: 0.0518
 5. HasSocialNet                   - Score: 0.0496
 6. HasCopyrightInfo               - Score: 0.0427
 7. CharContinuationRate           - Score: 0.0361
 8. HasDescription                 - Score: 0.0353
 9. HasSubmitButton                - Score: 0.0266
10. IsHTTPS                        - Score: 0.0257
11. IsResponsive                   - Score: 0.0233
12. HasHiddenFields                - Score: 0.0223
13. HasFavicon                     - Score: 0.0209
14. ObfuscationRatio               - Score: 0.0201
15. HasTitle                       - Score: 0.0171
16. Robots                         - Score: 0.0165
17. Pay                            - Score: 0.0148
18. TLDLegitimateProb              - Score: 0.0112
19. Bank                           - Score: 0.0071
20. HasExternalFormSubmit          - Score: 0.0067
21. HasPasswordField               - Score: 0.0052
22. Crypto                         - Score: 0.0033
23. NoOfSelfRedirect               - Score: 0.0030
24. NoOfQMarkInURL                 - Score: 0.0030
25. NoOfSubDomain                  - Score: 0.0023
26. IsDomainIP                     - Score: 0.0019
27. NoOfURLRedirect                - Score: 0.0019
28. HasObfuscation                 - Score: 0.0017
29. URLSimilarityIndex             - Score: 0.0010
30. NoOfOtherSpecialCharsInURL     - Score: 0.0008
31. NoOfEqualsInURL                - Score: 0.0007
32. TLDLength                      - Score: 0.0006
33. DomainTitleMatchScore          - Score: 0.0005
34. URLTitleMatchScore             - Score: 0.0004
35. NoOfiFrame                     - Score: 0.0004
36. NoOfJS                         - Score: 0.0004
37. NoOfCSS                        - Score: 0.0003
38. DomainLength                   - Score: 0.0003
39. NoOfAmpersandInURL             - Score: 0.0002
40. NoOfDegitsInURL                - Score: 0.0002
41. NoOfPopup                      - Score: 0.0002
42. NoOfObfuscatedChar             - Score: 0.0001
43. NoOfEmptyRef                   - Score: 0.0001
44. NoOfImage                      - Score: 0.0001
45. NoOfLettersInURL               - Score: 0.0001
46. NoOfSelfRef                    - Score: 0.0001
47. URLLength                      - Score: 0.0000
48. NoOfExternalRef                - Score: 0.0000
49. LineOfCode                     - Score: 0.0000
50. LargestLineLength              - Score: 0.0000
================================================================================

Features Ranked by Differentiation Strength:
================================================================================
 1. URLCharProb                    - Score: 1.0000
 2. SpacialCharRatioInURL          - Score: 0.6686
 3. DegitRatioInURL                - Score: 0.1020
 4. HasSocialNet                   - Score: 0.0696
 5. HasCopyrightInfo               - Score: 0.0645
================================================================================

Features Ranked by Differentiation Strength:
================================================================================
 1. SpacialCharRatioInURL          - Score: 1.0000
 2. URLCharProb                    - Score: 0.9211
 3. IsHTTPS                        - Score: 0.2627
 4. HasSocialNet                   - Score: 0.1733
 5. HasCopyrightInfo               - Score: 0.1658
================================================================================

Features Ranked by Differentiation Strength:
================================================================================
 1. URLCharProb                    - Score: 1.0000
 2. SpacialCharRatioInURL          - Score: 0.7139
 3. DegitRatioInURL                - Score: 0.1070
 4. HasSocialNet                   - Score: 0.0785
 5. HasCopyrightInfo               - Score: 0.0727
================================================================================

Features Ranked by Differentiation Strength:
================================================================================
 1. URLCharProb                    - Score: 1.0000
 2. SpacialCharRatioInURL          - Score: 0.2680
 3. DegitRatioInURL                - Score: 0.0779
 4. LetterRatioInURL               - Score: 0.0539
 5. HasSocialNet                   - Score: 0.0496
================================================================================

Features Ranked by Differentiation Strength:
================================================================================
 1. URLCharProb                    - Score: 1.0000
 2. SpacialCharRatioInURL          - Score: 0.2527
 3. DegitRatioInURL                - Score: 0.0776
 4. LetterRatioInURL               - Score: 0.0515
 5. HasSocialNet                   - Score: 0.0494
 6. HasCopyrightInfo               - Score: 0.0430
 7. HasDescription                 - Score: 0.0363
 8. CharContinuationRate           - Score: 0.0360
 9. HasSubmitButton                - Score: 0.0268
10. IsHTTPS                        - Score: 0.0262
11. IsResponsive                   - Score: 0.0235
12. HasHiddenFields                - Score: 0.0225
13. HasFavicon                     - Score: 0.0212
14. ObfuscationRatio               - Score: 0.0196
15. HasTitle                       - Score: 0.0174
16. Robots                         - Score: 0.0164
17. Pay                            - Score: 0.0147
18. TLDLegitimateProb              - Score: 0.0119
19. Bank                           - Score: 0.0074
20. HasExternalFormSubmit          - Score: 0.0068
21. HasPasswordField               - Score: 0.0052
22. Crypto                         - Score: 0.0036
23. NoOfSelfRedirect               - Score: 0.0030
24. NoOfQMarkInURL                 - Score: 0.0029
25. NoOfSubDomain                  - Score: 0.0028
26. IsDomainIP                     - Score: 0.0021
27. NoOfURLRedirect                - Score: 0.0018
28. HasObfuscation                 - Score: 0.0016
29. URLSimilarityIndex             - Score: 0.0010
30. NoOfOtherSpecialCharsInURL     - Score: 0.0008
31. NoOfEqualsInURL                - Score: 0.0006
32. TLDLength                      - Score: 0.0006
33. DomainTitleMatchScore          - Score: 0.0005
34. URLTitleMatchScore             - Score: 0.0005
35. NoOfiFrame                     - Score: 0.0004
36. NoOfCSS                        - Score: 0.0003
37. NoOfJS                         - Score: 0.0003
38. DomainLength                   - Score: 0.0003
39. NoOfAmpersandInURL             - Score: 0.0002
40. NoOfDegitsInURL                - Score: 0.0002
41. NoOfPopup                      - Score: 0.0001
42. NoOfObfuscatedChar             - Score: 0.0001
43. NoOfEmptyRef                   - Score: 0.0001
44. NoOfImage                      - Score: 0.0001
45. NoOfSelfRef                    - Score: 0.0001
46. NoOfLettersInURL               - Score: 0.0001
47. URLLength                      - Score: 0.0000
48. NoOfExternalRef                - Score: 0.0000
49. LineOfCode                     - Score: 0.0000
50. LargestLineLength              - Score: 0.0000
================================================================================

Features Ranked by Differentiation Strength:
================================================================================
 1. URLCharProb                    - Score: 1.0000
 2. SpacialCharRatioInURL          - Score: 0.2527
 3. DegitRatioInURL                - Score: 0.0776
 4. LetterRatioInURL               - Score: 0.0515
 5. HasSocialNet                   - Score: 0.0494
 6. HasCopyrightInfo               - Score: 0.0430
 7. HasDescription                 - Score: 0.0363
 8. CharContinuationRate           - Score: 0.0360
 9. HasSubmitButton                - Score: 0.0268
10. IsHTTPS                        - Score: 0.0262
11. IsResponsive                   - Score: 0.0235
12. HasHiddenFields                - Score: 0.0225
13. HasFavicon                     - Score: 0.0212
14. ObfuscationRatio               - Score: 0.0196
15. HasTitle                       - Score: 0.0174
16. Robots                         - Score: 0.0164
17. Pay                            - Score: 0.0147
18. TLDLegitimateProb              - Score: 0.0119
19. Bank                           - Score: 0.0074
20. HasExternalFormSubmit          - Score: 0.0068
21. HasPasswordField               - Score: 0.0052
22. Crypto                         - Score: 0.0036
23. NoOfSelfRedirect               - Score: 0.0030
24. NoOfQMarkInURL                 - Score: 0.0029
25. NoOfSubDomain                  - Score: 0.0028
26. IsDomainIP                     - Score: 0.0021
27. NoOfURLRedirect                - Score: 0.0018
28. HasObfuscation                 - Score: 0.0016
29. URLSimilarityIndex             - Score: 0.0010
30. NoOfOtherSpecialCharsInURL     - Score: 0.0008
31. NoOfEqualsInURL                - Score: 0.0006
32. TLDLength                      - Score: 0.0006
33. DomainTitleMatchScore          - Score: 0.0005
34. URLTitleMatchScore             - Score: 0.0005
35. NoOfiFrame                     - Score: 0.0004
36. NoOfCSS                        - Score: 0.0003
37. NoOfJS                         - Score: 0.0003
38. DomainLength                   - Score: 0.0003
39. NoOfAmpersandInURL             - Score: 0.0002
40. NoOfDegitsInURL                - Score: 0.0002
41. NoOfPopup                      - Score: 0.0001
42. NoOfObfuscatedChar             - Score: 0.0001
43. NoOfEmptyRef                   - Score: 0.0001
44. NoOfImage                      - Score: 0.0001
45. NoOfSelfRef                    - Score: 0.0001
46. NoOfLettersInURL               - Score: 0.0001
47. URLLength                      - Score: 0.0000
48. NoOfExternalRef                - Score: 0.0000
49. LineOfCode                     - Score: 0.0000
50. LargestLineLength              - Score: 0.0000
================================================================================

Features Ranked by Differentiation Strength:
================================================================================
 1. URLCharProb                    - Score: 1.0000
 2. SpacialCharRatioInURL          - Score: 0.6849
 3. DegitRatioInURL                - Score: 0.1044
 4. HasSocialNet                   - Score: 0.0701
 5. HasCopyrightInfo               - Score: 0.0643
================================================================================

Features Ranked by Differentiation Strength:
================================================================================
 1. SpacialCharRatioInURL          - Score: 1.0000
 2. URLCharProb                    - Score: 0.6467
 3. IsHTTPS                        - Score: 0.2475
 4. HasSocialNet                   - Score: 0.1526
 5. HasCopyrightInfo               - Score: 0.1441
================================================================================

Features Ranked by Differentiation Strength:
================================================================================
 1. URLCharProb                    - Score: 1.0000
 2. SpacialCharRatioInURL          - Score: 0.7373
 3. DegitRatioInURL                - Score: 0.1091
 4. HasSocialNet                   - Score: 0.0796
 5. HasCopyrightInfo               - Score: 0.0733
================================================================================

Features Ranked by Differentiation Strength:
================================================================================
 1. URLCharProb                    - Score: 1.0000
 2. SpacialCharRatioInURL          - Score: 0.2665
 3. DegitRatioInURL                - Score: 0.0790
 4. LetterRatioInURL               - Score: 0.0536
 5. HasSocialNet                   - Score: 0.0493
================================================================================

Features Ranked by Differentiation Strength:
================================================================================
 1. URLCharProb                    - Score: 1.0000
 2. SpacialCharRatioInURL          - Score: 0.2479
 3. DegitRatioInURL                - Score: 0.0763
 4. LetterRatioInURL               - Score: 0.0505
 5. HasSocialNet                   - Score: 0.0484
 6. HasCopyrightInfo               - Score: 0.0412
 7. HasDescription                 - Score: 0.0355
 8. CharContinuationRate           - Score: 0.0352
 9. HasSubmitButton                - Score: 0.0263
10. IsHTTPS                        - Score: 0.0255
11. IsResponsive                   - Score: 0.0232
12. HasHiddenFields                - Score: 0.0223
13. HasFavicon                     - Score: 0.0203
14. ObfuscationRatio               - Score: 0.0180
15. HasTitle                       - Score: 0.0170
16. Robots                         - Score: 0.0164
17. Pay                            - Score: 0.0144
18. TLDLegitimateProb              - Score: 0.0113
19. Bank                           - Score: 0.0072
20. HasExternalFormSubmit          - Score: 0.0066
21. HasPasswordField               - Score: 0.0052
22. Crypto                         - Score: 0.0034
23. NoOfSelfRedirect               - Score: 0.0030
24. NoOfQMarkInURL                 - Score: 0.0029
25. NoOfSubDomain                  - Score: 0.0024
26. IsDomainIP                     - Score: 0.0019
27. NoOfURLRedirect                - Score: 0.0018
28. HasObfuscation                 - Score: 0.0016
29. URLSimilarityIndex             - Score: 0.0010
30. NoOfOtherSpecialCharsInURL     - Score: 0.0008
31. NoOfEqualsInURL                - Score: 0.0007
32. TLDLength                      - Score: 0.0006
33. DomainTitleMatchScore          - Score: 0.0005
34. URLTitleMatchScore             - Score: 0.0004
35. NoOfiFrame                     - Score: 0.0004
36. NoOfCSS                        - Score: 0.0003
37. NoOfJS                         - Score: 0.0003
38. DomainLength                   - Score: 0.0003
39. NoOfAmpersandInURL             - Score: 0.0002
40. NoOfDegitsInURL                - Score: 0.0002
41. NoOfPopup                      - Score: 0.0001
42. NoOfObfuscatedChar             - Score: 0.0001
43. NoOfEmptyRef                   - Score: 0.0001
44. NoOfImage                      - Score: 0.0001
45. NoOfLettersInURL               - Score: 0.0001
46. NoOfSelfRef                    - Score: 0.0001
47. URLLength                      - Score: 0.0000
48. NoOfExternalRef                - Score: 0.0000
49. LineOfCode                     - Score: 0.0000
50. LargestLineLength              - Score: 0.0000
================================================================================

Features Ranked by Differentiation Strength:
================================================================================
 1. URLCharProb                    - Score: 1.0000
 2. SpacialCharRatioInURL          - Score: 0.2479
 3. DegitRatioInURL                - Score: 0.0763
 4. LetterRatioInURL               - Score: 0.0505
 5. HasSocialNet                   - Score: 0.0484
 6. HasCopyrightInfo               - Score: 0.0412
 7. HasDescription                 - Score: 0.0355
 8. CharContinuationRate           - Score: 0.0352
 9. HasSubmitButton                - Score: 0.0263
10. IsHTTPS                        - Score: 0.0255
11. IsResponsive                   - Score: 0.0232
12. HasHiddenFields                - Score: 0.0223
13. HasFavicon                     - Score: 0.0203
14. ObfuscationRatio               - Score: 0.0180
15. HasTitle                       - Score: 0.0170
16. Robots                         - Score: 0.0164
17. Pay                            - Score: 0.0144
18. TLDLegitimateProb              - Score: 0.0113
19. Bank                           - Score: 0.0072
20. HasExternalFormSubmit          - Score: 0.0066
21. HasPasswordField               - Score: 0.0052
22. Crypto                         - Score: 0.0034
23. NoOfSelfRedirect               - Score: 0.0030
24. NoOfQMarkInURL                 - Score: 0.0029
25. NoOfSubDomain                  - Score: 0.0024
26. IsDomainIP                     - Score: 0.0019
27. NoOfURLRedirect                - Score: 0.0018
28. HasObfuscation                 - Score: 0.0016
29. URLSimilarityIndex             - Score: 0.0010
30. NoOfOtherSpecialCharsInURL     - Score: 0.0008
31. NoOfEqualsInURL                - Score: 0.0007
32. TLDLength                      - Score: 0.0006
33. DomainTitleMatchScore          - Score: 0.0005
34. URLTitleMatchScore             - Score: 0.0004
35. NoOfiFrame                     - Score: 0.0004
36. NoOfCSS                        - Score: 0.0003
37. NoOfJS                         - Score: 0.0003
38. DomainLength                   - Score: 0.0003
39. NoOfAmpersandInURL             - Score: 0.0002
40. NoOfDegitsInURL                - Score: 0.0002
41. NoOfPopup                      - Score: 0.0001
42. NoOfObfuscatedChar             - Score: 0.0001
43. NoOfEmptyRef                   - Score: 0.0001
44. NoOfImage                      - Score: 0.0001
45. NoOfLettersInURL               - Score: 0.0001
46. NoOfSelfRef                    - Score: 0.0001
47. URLLength                      - Score: 0.0000
48. NoOfExternalRef                - Score: 0.0000
49. LineOfCode                     - Score: 0.0000
50. LargestLineLength              - Score: 0.0000
================================================================================

Features Ranked by Differentiation Strength:
================================================================================
 1. URLCharProb                    - Score: 1.0000
 2. SpacialCharRatioInURL          - Score: 0.6680
 3. DegitRatioInURL                - Score: 0.1010
 4. HasSocialNet                   - Score: 0.0671
 5. HasCopyrightInfo               - Score: 0.0607
================================================================================

Features Ranked by Differentiation Strength:
================================================================================
 1. SpacialCharRatioInURL          - Score: 1.0000
 2. URLCharProb                    - Score: 0.8987
 3. IsHTTPS                        - Score: 0.2735
 4. HasSocialNet                   - Score: 0.1710
 5. HasCopyrightInfo               - Score: 0.1616
================================================================================

Features Ranked by Differentiation Strength:
================================================================================
 1. URLCharProb                    - Score: 1.0000
 2. SpacialCharRatioInURL          - Score: 0.7152
 3. DegitRatioInURL                - Score: 0.1050
 4. HasSocialNet                   - Score: 0.0755
 5. HasCopyrightInfo               - Score: 0.0684
================================================================================

Features Ranked by Differentiation Strength:
================================================================================
 1. URLCharProb                    - Score: 1.0000
 2. SpacialCharRatioInURL          - Score: 0.2615
 3. DegitRatioInURL                - Score: 0.0780
 4. LetterRatioInURL               - Score: 0.0524
 5. HasSocialNet                   - Score: 0.0484
================================================================================
  PhiUSIIL: probability done
  [skip] PhiUSIIL / flat MoG / luk: ImportError: cannot import name 'MixtureOfGaussiansFuzzyClassifier' from 'tribblefis.gaussian_classifier' (C:\personal\grad-school\tribble-fis\.venv\Lib\site-packages\tribblefis\gaussian_classifier.py)

Features Ranked by Differentiation Strength:
================================================================================
 1. URLCharProb                    - Score: 1.0000
 2. SpacialCharRatioInURL          - Score: 0.2475
 3. DegitRatioInURL                - Score: 0.0768
 4. LetterRatioInURL               - Score: 0.0522
 5. HasSocialNet                   - Score: 0.0493
 6. HasCopyrightInfo               - Score: 0.0422
 7. CharContinuationRate           - Score: 0.0359
 8. HasDescription                 - Score: 0.0356
 9. HasSubmitButton                - Score: 0.0265
10. IsHTTPS                        - Score: 0.0262
11. IsResponsive                   - Score: 0.0237
12. HasHiddenFields                - Score: 0.0224
13. ObfuscationRatio               - Score: 0.0213
14. HasFavicon                     - Score: 0.0211
15. HasTitle                       - Score: 0.0173
16. Robots                         - Score: 0.0165
17. Pay                            - Score: 0.0147
18. TLDLegitimateProb              - Score: 0.0111
19. Bank                           - Score: 0.0073
20. HasExternalFormSubmit          - Score: 0.0069
21. HasPasswordField               - Score: 0.0053
22. Crypto                         - Score: 0.0036
23. NoOfSelfRedirect               - Score: 0.0031
24. NoOfQMarkInURL                 - Score: 0.0029
25. NoOfSubDomain                  - Score: 0.0028
26. IsDomainIP                     - Score: 0.0020
27. NoOfURLRedirect                - Score: 0.0018
28. HasObfuscation                 - Score: 0.0017
29. URLSimilarityIndex             - Score: 0.0010
30. NoOfOtherSpecialCharsInURL     - Score: 0.0009
31. NoOfEqualsInURL                - Score: 0.0007
32. TLDLength                      - Score: 0.0006
33. DomainTitleMatchScore          - Score: 0.0005
34. URLTitleMatchScore             - Score: 0.0004
35. NoOfiFrame                     - Score: 0.0004
36. NoOfCSS                        - Score: 0.0004
37. NoOfJS                         - Score: 0.0003
38. DomainLength                   - Score: 0.0003
39. NoOfAmpersandInURL             - Score: 0.0002
40. NoOfDegitsInURL                - Score: 0.0002
41. NoOfPopup                      - Score: 0.0001
42. NoOfObfuscatedChar             - Score: 0.0001
43. NoOfEmptyRef                   - Score: 0.0001
44. NoOfImage                      - Score: 0.0001
45. NoOfSelfRef                    - Score: 0.0001
46. NoOfLettersInURL               - Score: 0.0001
47. URLLength                      - Score: 0.0000
48. NoOfExternalRef                - Score: 0.0000
49. LineOfCode                     - Score: 0.0000
50. LargestLineLength              - Score: 0.0000
================================================================================

Features Ranked by Differentiation Strength:
================================================================================
 1. URLCharProb                    - Score: 1.0000
 2. SpacialCharRatioInURL          - Score: 0.2475
 3. DegitRatioInURL                - Score: 0.0768
 4. LetterRatioInURL               - Score: 0.0522
 5. HasSocialNet                   - Score: 0.0493
 6. HasCopyrightInfo               - Score: 0.0422
 7. CharContinuationRate           - Score: 0.0359
 8. HasDescription                 - Score: 0.0356
 9. HasSubmitButton                - Score: 0.0265
10. IsHTTPS                        - Score: 0.0262
11. IsResponsive                   - Score: 0.0237
12. HasHiddenFields                - Score: 0.0224
13. ObfuscationRatio               - Score: 0.0213
14. HasFavicon                     - Score: 0.0211
15. HasTitle                       - Score: 0.0173
16. Robots                         - Score: 0.0165
17. Pay                            - Score: 0.0147
18. TLDLegitimateProb              - Score: 0.0111
19. Bank                           - Score: 0.0073
20. HasExternalFormSubmit          - Score: 0.0069
21. HasPasswordField               - Score: 0.0053
22. Crypto                         - Score: 0.0036
23. NoOfSelfRedirect               - Score: 0.0031
24. NoOfQMarkInURL                 - Score: 0.0029
25. NoOfSubDomain                  - Score: 0.0028
26. IsDomainIP                     - Score: 0.0020
27. NoOfURLRedirect                - Score: 0.0018
28. HasObfuscation                 - Score: 0.0017
29. URLSimilarityIndex             - Score: 0.0010
30. NoOfOtherSpecialCharsInURL     - Score: 0.0009
31. NoOfEqualsInURL                - Score: 0.0007
32. TLDLength                      - Score: 0.0006
33. DomainTitleMatchScore          - Score: 0.0005
34. URLTitleMatchScore             - Score: 0.0004
35. NoOfiFrame                     - Score: 0.0004
36. NoOfCSS                        - Score: 0.0004
37. NoOfJS                         - Score: 0.0003
38. DomainLength                   - Score: 0.0003
39. NoOfAmpersandInURL             - Score: 0.0002
40. NoOfDegitsInURL                - Score: 0.0002
41. NoOfPopup                      - Score: 0.0001
42. NoOfObfuscatedChar             - Score: 0.0001
43. NoOfEmptyRef                   - Score: 0.0001
44. NoOfImage                      - Score: 0.0001
45. NoOfSelfRef                    - Score: 0.0001
46. NoOfLettersInURL               - Score: 0.0001
47. URLLength                      - Score: 0.0000
48. NoOfExternalRef                - Score: 0.0000
49. LineOfCode                     - Score: 0.0000
50. LargestLineLength              - Score: 0.0000
================================================================================

Features Ranked by Differentiation Strength:
================================================================================
 1. URLCharProb                    - Score: 1.0000
 2. SpacialCharRatioInURL          - Score: 0.6721
 3. DegitRatioInURL                - Score: 0.1022
 4. HasSocialNet                   - Score: 0.0699
 5. HasCopyrightInfo               - Score: 0.0635
================================================================================

Features Ranked by Differentiation Strength:
================================================================================
 1. SpacialCharRatioInURL          - Score: 1.0000
 2. URLCharProb                    - Score: 0.9753
 3. IsHTTPS                        - Score: 0.2824
 4. HasSocialNet                   - Score: 0.1705
 5. HasCopyrightInfo               - Score: 0.1596
================================================================================

Features Ranked by Differentiation Strength:
================================================================================
 1. URLCharProb                    - Score: 1.0000
 2. SpacialCharRatioInURL          - Score: 0.7143
 3. DegitRatioInURL                - Score: 0.1064
 4. HasSocialNet                   - Score: 0.0786
 5. HasCopyrightInfo               - Score: 0.0715
================================================================================

Features Ranked by Differentiation Strength:
================================================================================
 1. URLCharProb                    - Score: 1.0000
 2. SpacialCharRatioInURL          - Score: 0.2608
 3. DegitRatioInURL                - Score: 0.0785
 4. LetterRatioInURL               - Score: 0.0542
 5. HasSocialNet                   - Score: 0.0492
================================================================================

Features Ranked by Differentiation Strength:
================================================================================
 1. URLCharProb                    - Score: 1.0000
 2. SpacialCharRatioInURL          - Score: 0.2575
 3. DegitRatioInURL                - Score: 0.0784
 4. LetterRatioInURL               - Score: 0.0514
 5. HasSocialNet                   - Score: 0.0498
 6. HasCopyrightInfo               - Score: 0.0427
 7. HasDescription                 - Score: 0.0361
 8. CharContinuationRate           - Score: 0.0358
 9. HasSubmitButton                - Score: 0.0273
10. IsHTTPS                        - Score: 0.0260
11. IsResponsive                   - Score: 0.0232
12. HasHiddenFields                - Score: 0.0225
13. HasFavicon                     - Score: 0.0211
14. ObfuscationRatio               - Score: 0.0209
15. HasTitle                       - Score: 0.0172
16. Robots                         - Score: 0.0165
17. Pay                            - Score: 0.0147
18. TLDLegitimateProb              - Score: 0.0120
19. Bank                           - Score: 0.0072
20. HasExternalFormSubmit          - Score: 0.0069
21. HasPasswordField               - Score: 0.0054
22. Crypto                         - Score: 0.0035
23. NoOfSelfRedirect               - Score: 0.0031
24. NoOfQMarkInURL                 - Score: 0.0029
25. NoOfSubDomain                  - Score: 0.0028
26. IsDomainIP                     - Score: 0.0021
27. NoOfURLRedirect                - Score: 0.0021
28. HasObfuscation                 - Score: 0.0018
29. URLSimilarityIndex             - Score: 0.0010
30. NoOfOtherSpecialCharsInURL     - Score: 0.0008
31. TLDLength                      - Score: 0.0007
32. NoOfEqualsInURL                - Score: 0.0006
33. DomainTitleMatchScore          - Score: 0.0005
34. NoOfiFrame                     - Score: 0.0005
35. URLTitleMatchScore             - Score: 0.0004
36. NoOfCSS                        - Score: 0.0003
37. NoOfJS                         - Score: 0.0003
38. DomainLength                   - Score: 0.0003
39. NoOfAmpersandInURL             - Score: 0.0002
40. NoOfDegitsInURL                - Score: 0.0002
41. NoOfPopup                      - Score: 0.0001
42. NoOfObfuscatedChar             - Score: 0.0001
43. NoOfEmptyRef                   - Score: 0.0001
44. NoOfImage                      - Score: 0.0001
45. NoOfSelfRef                    - Score: 0.0001
46. NoOfLettersInURL               - Score: 0.0001
47. URLLength                      - Score: 0.0000
48. NoOfExternalRef                - Score: 0.0000
49. LineOfCode                     - Score: 0.0000
50. LargestLineLength              - Score: 0.0000
================================================================================

Features Ranked by Differentiation Strength:
================================================================================
 1. URLCharProb                    - Score: 1.0000
 2. SpacialCharRatioInURL          - Score: 0.2575
 3. DegitRatioInURL                - Score: 0.0784
 4. LetterRatioInURL               - Score: 0.0514
 5. HasSocialNet                   - Score: 0.0498
 6. HasCopyrightInfo               - Score: 0.0427
 7. HasDescription                 - Score: 0.0361
 8. CharContinuationRate           - Score: 0.0358
 9. HasSubmitButton                - Score: 0.0273
10. IsHTTPS                        - Score: 0.0260
11. IsResponsive                   - Score: 0.0232
12. HasHiddenFields                - Score: 0.0225
13. HasFavicon                     - Score: 0.0211
14. ObfuscationRatio               - Score: 0.0209
15. HasTitle                       - Score: 0.0172
16. Robots                         - Score: 0.0165
17. Pay                            - Score: 0.0147
18. TLDLegitimateProb              - Score: 0.0120
19. Bank                           - Score: 0.0072
20. HasExternalFormSubmit          - Score: 0.0069
21. HasPasswordField               - Score: 0.0054
22. Crypto                         - Score: 0.0035
23. NoOfSelfRedirect               - Score: 0.0031
24. NoOfQMarkInURL                 - Score: 0.0029
25. NoOfSubDomain                  - Score: 0.0028
26. IsDomainIP                     - Score: 0.0021
27. NoOfURLRedirect                - Score: 0.0021
28. HasObfuscation                 - Score: 0.0018
29. URLSimilarityIndex             - Score: 0.0010
30. NoOfOtherSpecialCharsInURL     - Score: 0.0008
31. TLDLength                      - Score: 0.0007
32. NoOfEqualsInURL                - Score: 0.0006
33. DomainTitleMatchScore          - Score: 0.0005
34. NoOfiFrame                     - Score: 0.0005
35. URLTitleMatchScore             - Score: 0.0004
36. NoOfCSS                        - Score: 0.0003
37. NoOfJS                         - Score: 0.0003
38. DomainLength                   - Score: 0.0003
39. NoOfAmpersandInURL             - Score: 0.0002
40. NoOfDegitsInURL                - Score: 0.0002
41. NoOfPopup                      - Score: 0.0001
42. NoOfObfuscatedChar             - Score: 0.0001
43. NoOfEmptyRef                   - Score: 0.0001
44. NoOfImage                      - Score: 0.0001
45. NoOfSelfRef                    - Score: 0.0001
46. NoOfLettersInURL               - Score: 0.0001
47. URLLength                      - Score: 0.0000
48. NoOfExternalRef                - Score: 0.0000
49. LineOfCode                     - Score: 0.0000
50. LargestLineLength              - Score: 0.0000
================================================================================

Features Ranked by Differentiation Strength:
================================================================================
 1. URLCharProb                    - Score: 1.0000
 2. SpacialCharRatioInURL          - Score: 0.6749
 3. DegitRatioInURL                - Score: 0.1017
 4. HasSocialNet                   - Score: 0.0692
 5. HasCopyrightInfo               - Score: 0.0637
================================================================================

Features Ranked by Differentiation Strength:
================================================================================
 1. SpacialCharRatioInURL          - Score: 1.0000
 2. URLCharProb                    - Score: 0.8271
 3. IsHTTPS                        - Score: 0.2497
 4. HasSocialNet                   - Score: 0.1613
 5. HasCopyrightInfo               - Score: 0.1512
================================================================================

Features Ranked by Differentiation Strength:
================================================================================
 1. URLCharProb                    - Score: 1.0000
 2. SpacialCharRatioInURL          - Score: 0.7335
 3. DegitRatioInURL                - Score: 0.1069
 4. HasSocialNet                   - Score: 0.0787
 5. HasCopyrightInfo               - Score: 0.0721
================================================================================

Features Ranked by Differentiation Strength:
================================================================================
 1. URLCharProb                    - Score: 1.0000
 2. SpacialCharRatioInURL          - Score: 0.2713
 3. DegitRatioInURL                - Score: 0.0798
 4. LetterRatioInURL               - Score: 0.0532
 5. HasSocialNet                   - Score: 0.0497
================================================================================

Features Ranked by Differentiation Strength:
================================================================================
 1. URLCharProb                    - Score: 1.0000
 2. SpacialCharRatioInURL          - Score: 0.2508
 3. DegitRatioInURL                - Score: 0.0773
 4. LetterRatioInURL               - Score: 0.0500
 5. HasSocialNet                   - Score: 0.0483
 6. HasCopyrightInfo               - Score: 0.0416
 7. HasDescription                 - Score: 0.0354
 8. CharContinuationRate           - Score: 0.0353
 9. HasSubmitButton                - Score: 0.0260
10. IsHTTPS                        - Score: 0.0256
11. IsResponsive                   - Score: 0.0228
12. HasHiddenFields                - Score: 0.0221
13. ObfuscationRatio               - Score: 0.0218
14. HasFavicon                     - Score: 0.0203
15. HasTitle                       - Score: 0.0171
16. Robots                         - Score: 0.0163
17. Pay                            - Score: 0.0143
18. TLDLegitimateProb              - Score: 0.0111
19. Bank                           - Score: 0.0071
20. HasExternalFormSubmit          - Score: 0.0066
21. HasPasswordField               - Score: 0.0050
22. Crypto                         - Score: 0.0035
23. NoOfSelfRedirect               - Score: 0.0030
24. NoOfQMarkInURL                 - Score: 0.0029
25. NoOfSubDomain                  - Score: 0.0024
26. IsDomainIP                     - Score: 0.0019
27. NoOfURLRedirect                - Score: 0.0019
28. HasObfuscation                 - Score: 0.0017
29. URLSimilarityIndex             - Score: 0.0010
30. NoOfOtherSpecialCharsInURL     - Score: 0.0008
31. NoOfEqualsInURL                - Score: 0.0006
32. TLDLength                      - Score: 0.0006
33. DomainTitleMatchScore          - Score: 0.0005
34. NoOfiFrame                     - Score: 0.0005
35. URLTitleMatchScore             - Score: 0.0004
36. NoOfCSS                        - Score: 0.0003
37. NoOfJS                         - Score: 0.0003
38. DomainLength                   - Score: 0.0003
39. NoOfAmpersandInURL             - Score: 0.0002
40. NoOfDegitsInURL                - Score: 0.0002
41. NoOfPopup                      - Score: 0.0001
42. NoOfObfuscatedChar             - Score: 0.0001
43. NoOfEmptyRef                   - Score: 0.0001
44. NoOfImage                      - Score: 0.0001
45. NoOfSelfRef                    - Score: 0.0001
46. NoOfLettersInURL               - Score: 0.0001
47. URLLength                      - Score: 0.0000
48. NoOfExternalRef                - Score: 0.0000
49. LineOfCode                     - Score: 0.0000
50. LargestLineLength              - Score: 0.0000
================================================================================

Features Ranked by Differentiation Strength:
================================================================================
 1. URLCharProb                    - Score: 1.0000
 2. SpacialCharRatioInURL          - Score: 0.2508
 3. DegitRatioInURL                - Score: 0.0773
 4. LetterRatioInURL               - Score: 0.0500
 5. HasSocialNet                   - Score: 0.0483
 6. HasCopyrightInfo               - Score: 0.0416
 7. HasDescription                 - Score: 0.0354
 8. CharContinuationRate           - Score: 0.0353
 9. HasSubmitButton                - Score: 0.0260
10. IsHTTPS                        - Score: 0.0256
11. IsResponsive                   - Score: 0.0228
12. HasHiddenFields                - Score: 0.0221
13. ObfuscationRatio               - Score: 0.0218
14. HasFavicon                     - Score: 0.0203
15. HasTitle                       - Score: 0.0171
16. Robots                         - Score: 0.0163
17. Pay                            - Score: 0.0143
18. TLDLegitimateProb              - Score: 0.0111
19. Bank                           - Score: 0.0071
20. HasExternalFormSubmit          - Score: 0.0066
21. HasPasswordField               - Score: 0.0050
22. Crypto                         - Score: 0.0035
23. NoOfSelfRedirect               - Score: 0.0030
24. NoOfQMarkInURL                 - Score: 0.0029
25. NoOfSubDomain                  - Score: 0.0024
26. IsDomainIP                     - Score: 0.0019
27. NoOfURLRedirect                - Score: 0.0019
28. HasObfuscation                 - Score: 0.0017
29. URLSimilarityIndex             - Score: 0.0010
30. NoOfOtherSpecialCharsInURL     - Score: 0.0008
31. NoOfEqualsInURL                - Score: 0.0006
32. TLDLength                      - Score: 0.0006
33. DomainTitleMatchScore          - Score: 0.0005
34. NoOfiFrame                     - Score: 0.0005
35. URLTitleMatchScore             - Score: 0.0004
36. NoOfCSS                        - Score: 0.0003
37. NoOfJS                         - Score: 0.0003
38. DomainLength                   - Score: 0.0003
39. NoOfAmpersandInURL             - Score: 0.0002
40. NoOfDegitsInURL                - Score: 0.0002
41. NoOfPopup                      - Score: 0.0001
42. NoOfObfuscatedChar             - Score: 0.0001
43. NoOfEmptyRef                   - Score: 0.0001
44. NoOfImage                      - Score: 0.0001
45. NoOfSelfRef                    - Score: 0.0001
46. NoOfLettersInURL               - Score: 0.0001
47. URLLength                      - Score: 0.0000
48. NoOfExternalRef                - Score: 0.0000
49. LineOfCode                     - Score: 0.0000
50. LargestLineLength              - Score: 0.0000
================================================================================

Features Ranked by Differentiation Strength:
================================================================================
 1. URLCharProb                    - Score: 1.0000
 2. SpacialCharRatioInURL          - Score: 0.6654
 3. DegitRatioInURL                - Score: 0.1009
 4. HasSocialNet                   - Score: 0.0661
 5. HasCopyrightInfo               - Score: 0.0614
================================================================================

Features Ranked by Differentiation Strength:
================================================================================
 1. SpacialCharRatioInURL          - Score: 1.0000
 2. URLCharProb                    - Score: 0.9993
 3. IsHTTPS                        - Score: 0.2635
 4. HasSocialNet                   - Score: 0.1682
 5. HasCopyrightInfo               - Score: 0.1601
================================================================================

Features Ranked by Differentiation Strength:
================================================================================
 1. URLCharProb                    - Score: 1.0000
 2. SpacialCharRatioInURL          - Score: 0.7111
 3. DegitRatioInURL                - Score: 0.1057
 4. HasSocialNet                   - Score: 0.0748
 5. HasCopyrightInfo               - Score: 0.0694
================================================================================

Features Ranked by Differentiation Strength:
================================================================================
 1. URLCharProb                    - Score: 1.0000
 2. SpacialCharRatioInURL          - Score: 0.2649
 3. DegitRatioInURL                - Score: 0.0789
 4. LetterRatioInURL               - Score: 0.0519
 5. HasSocialNet                   - Score: 0.0483
================================================================================

Features Ranked by Differentiation Strength:
================================================================================
 1. URLCharProb                    - Score: 1.0000
 2. SpacialCharRatioInURL          - Score: 0.2492
 3. DegitRatioInURL                - Score: 0.0758
 4. LetterRatioInURL               - Score: 0.0499
 5. HasSocialNet                   - Score: 0.0491
 6. HasCopyrightInfo               - Score: 0.0420
 7. CharContinuationRate           - Score: 0.0367
 8. HasDescription                 - Score: 0.0352
 9. HasSubmitButton                - Score: 0.0264
10. IsHTTPS                        - Score: 0.0255
11. IsResponsive                   - Score: 0.0232
12. HasHiddenFields                - Score: 0.0219
13. ObfuscationRatio               - Score: 0.0216
14. HasFavicon                     - Score: 0.0207
15. HasTitle                       - Score: 0.0171
16. Robots                         - Score: 0.0164
17. Pay                            - Score: 0.0142
18. TLDLegitimateProb              - Score: 0.0112
19. Bank                           - Score: 0.0069
20. HasExternalFormSubmit          - Score: 0.0067
21. HasPasswordField               - Score: 0.0051
22. Crypto                         - Score: 0.0036
23. NoOfSelfRedirect               - Score: 0.0031
24. NoOfQMarkInURL                 - Score: 0.0029
25. NoOfSubDomain                  - Score: 0.0024
26. IsDomainIP                     - Score: 0.0020
27. HasObfuscation                 - Score: 0.0018
28. NoOfURLRedirect                - Score: 0.0018
29. URLSimilarityIndex             - Score: 0.0010
30. NoOfOtherSpecialCharsInURL     - Score: 0.0009
31. NoOfEqualsInURL                - Score: 0.0007
32. TLDLength                      - Score: 0.0006
33. DomainTitleMatchScore          - Score: 0.0005
34. URLTitleMatchScore             - Score: 0.0005
35. NoOfiFrame                     - Score: 0.0004
36. NoOfCSS                        - Score: 0.0003
37. NoOfJS                         - Score: 0.0003
38. DomainLength                   - Score: 0.0003
39. NoOfAmpersandInURL             - Score: 0.0002
40. NoOfDegitsInURL                - Score: 0.0002
41. NoOfObfuscatedChar             - Score: 0.0001
42. NoOfPopup                      - Score: 0.0001
43. NoOfEmptyRef                   - Score: 0.0001
44. NoOfImage                      - Score: 0.0001
45. NoOfSelfRef                    - Score: 0.0001
46. NoOfLettersInURL               - Score: 0.0001
47. NoOfExternalRef                - Score: 0.0001
48. URLLength                      - Score: 0.0000
49. LineOfCode                     - Score: 0.0000
50. LargestLineLength              - Score: 0.0000
================================================================================

Features Ranked by Differentiation Strength:
================================================================================
 1. URLCharProb                    - Score: 1.0000
 2. SpacialCharRatioInURL          - Score: 0.2492
 3. DegitRatioInURL                - Score: 0.0758
 4. LetterRatioInURL               - Score: 0.0499
 5. HasSocialNet                   - Score: 0.0491
 6. HasCopyrightInfo               - Score: 0.0420
 7. CharContinuationRate           - Score: 0.0367
 8. HasDescription                 - Score: 0.0352
 9. HasSubmitButton                - Score: 0.0264
10. IsHTTPS                        - Score: 0.0255
11. IsResponsive                   - Score: 0.0232
12. HasHiddenFields                - Score: 0.0219
13. ObfuscationRatio               - Score: 0.0216
14. HasFavicon                     - Score: 0.0207
15. HasTitle                       - Score: 0.0171
16. Robots                         - Score: 0.0164
17. Pay                            - Score: 0.0142
18. TLDLegitimateProb              - Score: 0.0112
19. Bank                           - Score: 0.0069
20. HasExternalFormSubmit          - Score: 0.0067
21. HasPasswordField               - Score: 0.0051
22. Crypto                         - Score: 0.0036
23. NoOfSelfRedirect               - Score: 0.0031
24. NoOfQMarkInURL                 - Score: 0.0029
25. NoOfSubDomain                  - Score: 0.0024
26. IsDomainIP                     - Score: 0.0020
27. HasObfuscation                 - Score: 0.0018
28. NoOfURLRedirect                - Score: 0.0018
29. URLSimilarityIndex             - Score: 0.0010
30. NoOfOtherSpecialCharsInURL     - Score: 0.0009
31. NoOfEqualsInURL                - Score: 0.0007
32. TLDLength                      - Score: 0.0006
33. DomainTitleMatchScore          - Score: 0.0005
34. URLTitleMatchScore             - Score: 0.0005
35. NoOfiFrame                     - Score: 0.0004
36. NoOfCSS                        - Score: 0.0003
37. NoOfJS                         - Score: 0.0003
38. DomainLength                   - Score: 0.0003
39. NoOfAmpersandInURL             - Score: 0.0002
40. NoOfDegitsInURL                - Score: 0.0002
41. NoOfObfuscatedChar             - Score: 0.0001
42. NoOfPopup                      - Score: 0.0001
43. NoOfEmptyRef                   - Score: 0.0001
44. NoOfImage                      - Score: 0.0001
45. NoOfSelfRef                    - Score: 0.0001
46. NoOfLettersInURL               - Score: 0.0001
47. NoOfExternalRef                - Score: 0.0001
48. URLLength                      - Score: 0.0000
49. LineOfCode                     - Score: 0.0000
50. LargestLineLength              - Score: 0.0000
================================================================================

Features Ranked by Differentiation Strength:
================================================================================
 1. URLCharProb                    - Score: 1.0000
 2. SpacialCharRatioInURL          - Score: 0.6750
 3. DegitRatioInURL                - Score: 0.1017
 4. HasSocialNet                   - Score: 0.0695
 5. HasCopyrightInfo               - Score: 0.0639
================================================================================

Features Ranked by Differentiation Strength:
================================================================================
 1. SpacialCharRatioInURL          - Score: 1.0000
 2. URLCharProb                    - Score: 0.7786
 3. IsHTTPS                        - Score: 0.2699
 4. HasSocialNet                   - Score: 0.1639
 5. HasCopyrightInfo               - Score: 0.1554
================================================================================

Features Ranked by Differentiation Strength:
================================================================================
 1. URLCharProb                    - Score: 1.0000
 2. SpacialCharRatioInURL          - Score: 0.7217
 3. DegitRatioInURL                - Score: 0.1052
 4. HasSocialNet                   - Score: 0.0788
 5. HasCopyrightInfo               - Score: 0.0724
================================================================================

Features Ranked by Differentiation Strength:
================================================================================
 1. URLCharProb                    - Score: 1.0000
 2. SpacialCharRatioInURL          - Score: 0.2627
 3. DegitRatioInURL                - Score: 0.0775
 4. LetterRatioInURL               - Score: 0.0521
 5. HasSocialNet                   - Score: 0.0490
================================================================================

Features Ranked by Differentiation Strength:
================================================================================
 1. URLCharProb                    - Score: 1.0000
 2. SpacialCharRatioInURL          - Score: 0.2521
 3. DegitRatioInURL                - Score: 0.0769
 4. LetterRatioInURL               - Score: 0.0518
 5. HasSocialNet                   - Score: 0.0497
 6. HasCopyrightInfo               - Score: 0.0426
 7. HasDescription                 - Score: 0.0359
 8. CharContinuationRate           - Score: 0.0358
 9. HasSubmitButton                - Score: 0.0266
10. IsHTTPS                        - Score: 0.0258
11. IsResponsive                   - Score: 0.0232
12. HasHiddenFields                - Score: 0.0223
13. HasFavicon                     - Score: 0.0209
14. ObfuscationRatio               - Score: 0.0182
15. HasTitle                       - Score: 0.0173
16. Robots                         - Score: 0.0162
17. Pay                            - Score: 0.0145
18. TLDLegitimateProb              - Score: 0.0113
19. Bank                           - Score: 0.0071
20. HasExternalFormSubmit          - Score: 0.0068
21. HasPasswordField               - Score: 0.0051
22. Crypto                         - Score: 0.0033
23. NoOfSelfRedirect               - Score: 0.0030
24. NoOfQMarkInURL                 - Score: 0.0028
25. NoOfSubDomain                  - Score: 0.0024
26. IsDomainIP                     - Score: 0.0020
27. NoOfURLRedirect                - Score: 0.0017
28. HasObfuscation                 - Score: 0.0017
29. URLSimilarityIndex             - Score: 0.0010
30. NoOfOtherSpecialCharsInURL     - Score: 0.0008
31. TLDLength                      - Score: 0.0006
32. NoOfEqualsInURL                - Score: 0.0006
33. DomainTitleMatchScore          - Score: 0.0005
34. URLTitleMatchScore             - Score: 0.0004
35. NoOfiFrame                     - Score: 0.0004
36. NoOfCSS                        - Score: 0.0004
37. NoOfJS                         - Score: 0.0003
38. DomainLength                   - Score: 0.0003
39. NoOfAmpersandInURL             - Score: 0.0002
40. NoOfPopup                      - Score: 0.0002
41. NoOfDegitsInURL                - Score: 0.0002
42. NoOfObfuscatedChar             - Score: 0.0001
43. NoOfEmptyRef                   - Score: 0.0001
44. NoOfImage                      - Score: 0.0001
45. NoOfSelfRef                    - Score: 0.0001
46. NoOfLettersInURL               - Score: 0.0001
47. URLLength                      - Score: 0.0000
48. NoOfExternalRef                - Score: 0.0000
49. LineOfCode                     - Score: 0.0000
50. LargestLineLength              - Score: 0.0000
================================================================================

Features Ranked by Differentiation Strength:
================================================================================
 1. URLCharProb                    - Score: 1.0000
 2. SpacialCharRatioInURL          - Score: 0.2521
 3. DegitRatioInURL                - Score: 0.0769
 4. LetterRatioInURL               - Score: 0.0518
 5. HasSocialNet                   - Score: 0.0497
 6. HasCopyrightInfo               - Score: 0.0426
 7. HasDescription                 - Score: 0.0359
 8. CharContinuationRate           - Score: 0.0358
 9. HasSubmitButton                - Score: 0.0266
10. IsHTTPS                        - Score: 0.0258
11. IsResponsive                   - Score: 0.0232
12. HasHiddenFields                - Score: 0.0223
13. HasFavicon                     - Score: 0.0209
14. ObfuscationRatio               - Score: 0.0182
15. HasTitle                       - Score: 0.0173
16. Robots                         - Score: 0.0162
17. Pay                            - Score: 0.0145
18. TLDLegitimateProb              - Score: 0.0113
19. Bank                           - Score: 0.0071
20. HasExternalFormSubmit          - Score: 0.0068
21. HasPasswordField               - Score: 0.0051
22. Crypto                         - Score: 0.0033
23. NoOfSelfRedirect               - Score: 0.0030
24. NoOfQMarkInURL                 - Score: 0.0028
25. NoOfSubDomain                  - Score: 0.0024
26. IsDomainIP                     - Score: 0.0020
27. NoOfURLRedirect                - Score: 0.0017
28. HasObfuscation                 - Score: 0.0017
29. URLSimilarityIndex             - Score: 0.0010
30. NoOfOtherSpecialCharsInURL     - Score: 0.0008
31. TLDLength                      - Score: 0.0006
32. NoOfEqualsInURL                - Score: 0.0006
33. DomainTitleMatchScore          - Score: 0.0005
34. URLTitleMatchScore             - Score: 0.0004
35. NoOfiFrame                     - Score: 0.0004
36. NoOfCSS                        - Score: 0.0004
37. NoOfJS                         - Score: 0.0003
38. DomainLength                   - Score: 0.0003
39. NoOfAmpersandInURL             - Score: 0.0002
40. NoOfPopup                      - Score: 0.0002
41. NoOfDegitsInURL                - Score: 0.0002
42. NoOfObfuscatedChar             - Score: 0.0001
43. NoOfEmptyRef                   - Score: 0.0001
44. NoOfImage                      - Score: 0.0001
45. NoOfSelfRef                    - Score: 0.0001
46. NoOfLettersInURL               - Score: 0.0001
47. URLLength                      - Score: 0.0000
48. NoOfExternalRef                - Score: 0.0000
49. LineOfCode                     - Score: 0.0000
50. LargestLineLength              - Score: 0.0000
================================================================================

Features Ranked by Differentiation Strength:
================================================================================
 1. URLCharProb                    - Score: 1.0000
 2. SpacialCharRatioInURL          - Score: 0.6607
 3. DegitRatioInURL                - Score: 0.1045
 4. HasSocialNet                   - Score: 0.0715
 5. HasCopyrightInfo               - Score: 0.0636
================================================================================

Features Ranked by Differentiation Strength:
================================================================================
 1. SpacialCharRatioInURL          - Score: 1.0000
 2. URLCharProb                    - Score: 0.9801
 3. IsHTTPS                        - Score: 0.2764
 4. HasSocialNet                   - Score: 0.1732
 5. HasCopyrightInfo               - Score: 0.1623
================================================================================

Features Ranked by Differentiation Strength:
================================================================================
 1. URLCharProb                    - Score: 1.0000
 2. SpacialCharRatioInURL          - Score: 0.6319
 3. DegitRatioInURL                - Score: 0.1004
 4. HasSocialNet                   - Score: 0.0716
 5. HasCopyrightInfo               - Score: 0.0631
================================================================================

Features Ranked by Differentiation Strength:
================================================================================
 1. URLCharProb                    - Score: 1.0000
 2. SpacialCharRatioInURL          - Score: 0.2748
 3. DegitRatioInURL                - Score: 0.0820
 4. LetterRatioInURL               - Score: 0.0723
 5. HasSocialNet                   - Score: 0.0493
================================================================================

Features Ranked by Differentiation Strength:
================================================================================
 1. URLCharProb                    - Score: 1.0000
 2. SpacialCharRatioInURL          - Score: 0.2509
 3. DegitRatioInURL                - Score: 0.0785
 4. LetterRatioInURL               - Score: 0.0516
 5. HasSocialNet                   - Score: 0.0499
 6. HasCopyrightInfo               - Score: 0.0421
 7. HasDescription                 - Score: 0.0365
 8. CharContinuationRate           - Score: 0.0365
 9. HasSubmitButton                - Score: 0.0268
10. IsHTTPS                        - Score: 0.0262
11. IsResponsive                   - Score: 0.0238
12. HasHiddenFields                - Score: 0.0228
13. HasFavicon                     - Score: 0.0213
14. ObfuscationRatio               - Score: 0.0203
15. HasTitle                       - Score: 0.0175
16. Robots                         - Score: 0.0170
17. Pay                            - Score: 0.0146
18. TLDLegitimateProb              - Score: 0.0119
19. Bank                           - Score: 0.0071
20. HasExternalFormSubmit          - Score: 0.0069
21. HasPasswordField               - Score: 0.0052
22. Crypto                         - Score: 0.0034
23. NoOfQMarkInURL                 - Score: 0.0029
24. NoOfSubDomain                  - Score: 0.0028
25. NoOfSelfRedirect               - Score: 0.0028
26. IsDomainIP                     - Score: 0.0021
27. HasObfuscation                 - Score: 0.0018
28. NoOfURLRedirect                - Score: 0.0016
29. URLSimilarityIndex             - Score: 0.0010
30. NoOfOtherSpecialCharsInURL     - Score: 0.0008
31. NoOfEqualsInURL                - Score: 0.0007
32. TLDLength                      - Score: 0.0006
33. DomainTitleMatchScore          - Score: 0.0005
34. NoOfiFrame                     - Score: 0.0005
35. URLTitleMatchScore             - Score: 0.0005
36. NoOfCSS                        - Score: 0.0003
37. NoOfJS                         - Score: 0.0003
38. DomainLength                   - Score: 0.0003
39. NoOfAmpersandInURL             - Score: 0.0002
40. NoOfDegitsInURL                - Score: 0.0002
41. NoOfPopup                      - Score: 0.0001
42. NoOfObfuscatedChar             - Score: 0.0001
43. NoOfEmptyRef                   - Score: 0.0001
44. NoOfImage                      - Score: 0.0001
45. NoOfSelfRef                    - Score: 0.0001
46. NoOfLettersInURL               - Score: 0.0001
47. URLLength                      - Score: 0.0000
48. NoOfExternalRef                - Score: 0.0000
49. LineOfCode                     - Score: 0.0000
50. LargestLineLength              - Score: 0.0000
================================================================================

Features Ranked by Differentiation Strength:
================================================================================
 1. URLCharProb                    - Score: 1.0000
 2. SpacialCharRatioInURL          - Score: 0.2509
 3. DegitRatioInURL                - Score: 0.0785
 4. LetterRatioInURL               - Score: 0.0516
 5. HasSocialNet                   - Score: 0.0499
 6. HasCopyrightInfo               - Score: 0.0421
 7. HasDescription                 - Score: 0.0365
 8. CharContinuationRate           - Score: 0.0365
 9. HasSubmitButton                - Score: 0.0268
10. IsHTTPS                        - Score: 0.0262
11. IsResponsive                   - Score: 0.0238
12. HasHiddenFields                - Score: 0.0228
13. HasFavicon                     - Score: 0.0213
14. ObfuscationRatio               - Score: 0.0203
15. HasTitle                       - Score: 0.0175
16. Robots                         - Score: 0.0170
17. Pay                            - Score: 0.0146
18. TLDLegitimateProb              - Score: 0.0119
19. Bank                           - Score: 0.0071
20. HasExternalFormSubmit          - Score: 0.0069
21. HasPasswordField               - Score: 0.0052
22. Crypto                         - Score: 0.0034
23. NoOfQMarkInURL                 - Score: 0.0029
24. NoOfSubDomain                  - Score: 0.0028
25. NoOfSelfRedirect               - Score: 0.0028
26. IsDomainIP                     - Score: 0.0021
27. HasObfuscation                 - Score: 0.0018
28. NoOfURLRedirect                - Score: 0.0016
29. URLSimilarityIndex             - Score: 0.0010
30. NoOfOtherSpecialCharsInURL     - Score: 0.0008
31. NoOfEqualsInURL                - Score: 0.0007
32. TLDLength                      - Score: 0.0006
33. DomainTitleMatchScore          - Score: 0.0005
34. NoOfiFrame                     - Score: 0.0005
35. URLTitleMatchScore             - Score: 0.0005
36. NoOfCSS                        - Score: 0.0003
37. NoOfJS                         - Score: 0.0003
38. DomainLength                   - Score: 0.0003
39. NoOfAmpersandInURL             - Score: 0.0002
40. NoOfDegitsInURL                - Score: 0.0002
41. NoOfPopup                      - Score: 0.0001
42. NoOfObfuscatedChar             - Score: 0.0001
43. NoOfEmptyRef                   - Score: 0.0001
44. NoOfImage                      - Score: 0.0001
45. NoOfSelfRef                    - Score: 0.0001
46. NoOfLettersInURL               - Score: 0.0001
47. URLLength                      - Score: 0.0000
48. NoOfExternalRef                - Score: 0.0000
49. LineOfCode                     - Score: 0.0000
50. LargestLineLength              - Score: 0.0000
================================================================================

Features Ranked by Differentiation Strength:
================================================================================
 1. URLCharProb                    - Score: 1.0000
 2. SpacialCharRatioInURL          - Score: 0.6755
 3. DegitRatioInURL                - Score: 0.1060
 4. HasSocialNet                   - Score: 0.0706
 5. HasCopyrightInfo               - Score: 0.0640
================================================================================

Features Ranked by Differentiation Strength:
================================================================================
 1. SpacialCharRatioInURL          - Score: 1.0000
 2. URLCharProb                    - Score: 0.9781
 3. IsHTTPS                        - Score: 0.2685
 4. HasSocialNet                   - Score: 0.1730
 5. HasCopyrightInfo               - Score: 0.1614
================================================================================

Features Ranked by Differentiation Strength:
================================================================================
 1. URLCharProb                    - Score: 1.0000
 2. SpacialCharRatioInURL          - Score: 0.7036
 3. DegitRatioInURL                - Score: 0.1091
 4. HasSocialNet                   - Score: 0.0793
 5. IsHTTPS                        - Score: 0.0714
================================================================================

Features Ranked by Differentiation Strength:
================================================================================
 1. URLCharProb                    - Score: 1.0000
 2. SpacialCharRatioInURL          - Score: 0.2645
 3. DegitRatioInURL                - Score: 0.0802
 4. LetterRatioInURL               - Score: 0.0536
 5. HasSocialNet                   - Score: 0.0498
================================================================================

Features Ranked by Differentiation Strength:
================================================================================
 1. URLCharProb                    - Score: 1.0000
 2. SpacialCharRatioInURL          - Score: 0.2529
 3. DegitRatioInURL                - Score: 0.0768
 4. LetterRatioInURL               - Score: 0.0508
 5. HasSocialNet                   - Score: 0.0491
 6. HasCopyrightInfo               - Score: 0.0420
 7. HasDescription                 - Score: 0.0360
 8. CharContinuationRate           - Score: 0.0354
 9. HasSubmitButton                - Score: 0.0263
10. IsHTTPS                        - Score: 0.0258
11. IsResponsive                   - Score: 0.0234
12. HasHiddenFields                - Score: 0.0221
13. ObfuscationRatio               - Score: 0.0216
14. HasFavicon                     - Score: 0.0208
15. HasTitle                       - Score: 0.0172
16. Robots                         - Score: 0.0166
17. Pay                            - Score: 0.0144
18. TLDLegitimateProb              - Score: 0.0117
19. Bank                           - Score: 0.0069
20. HasExternalFormSubmit          - Score: 0.0067
21. HasPasswordField               - Score: 0.0049
22. Crypto                         - Score: 0.0035
23. NoOfSelfRedirect               - Score: 0.0031
24. NoOfQMarkInURL                 - Score: 0.0029
25. NoOfSubDomain                  - Score: 0.0024
26. IsDomainIP                     - Score: 0.0020
27. HasObfuscation                 - Score: 0.0018
28. NoOfURLRedirect                - Score: 0.0016
29. URLSimilarityIndex             - Score: 0.0010
30. NoOfOtherSpecialCharsInURL     - Score: 0.0008
31. NoOfEqualsInURL                - Score: 0.0007
32. TLDLength                      - Score: 0.0006
33. DomainTitleMatchScore          - Score: 0.0005
34. URLTitleMatchScore             - Score: 0.0004
35. NoOfiFrame                     - Score: 0.0004
36. NoOfCSS                        - Score: 0.0003
37. NoOfJS                         - Score: 0.0003
38. DomainLength                   - Score: 0.0003
39. NoOfDegitsInURL                - Score: 0.0002
40. NoOfAmpersandInURL             - Score: 0.0002
41. NoOfPopup                      - Score: 0.0002
42. NoOfLettersInURL               - Score: 0.0001
43. NoOfObfuscatedChar             - Score: 0.0001
44. URLLength                      - Score: 0.0001
45. NoOfEmptyRef                   - Score: 0.0001
46. NoOfImage                      - Score: 0.0001
47. NoOfSelfRef                    - Score: 0.0001
48. NoOfExternalRef                - Score: 0.0000
49. LineOfCode                     - Score: 0.0000
50. LargestLineLength              - Score: 0.0000
================================================================================

Features Ranked by Differentiation Strength:
================================================================================
 1. URLCharProb                    - Score: 1.0000
 2. SpacialCharRatioInURL          - Score: 0.2529
 3. DegitRatioInURL                - Score: 0.0768
 4. LetterRatioInURL               - Score: 0.0508
 5. HasSocialNet                   - Score: 0.0491
 6. HasCopyrightInfo               - Score: 0.0420
 7. HasDescription                 - Score: 0.0360
 8. CharContinuationRate           - Score: 0.0354
 9. HasSubmitButton                - Score: 0.0263
10. IsHTTPS                        - Score: 0.0258
11. IsResponsive                   - Score: 0.0234
12. HasHiddenFields                - Score: 0.0221
13. ObfuscationRatio               - Score: 0.0216
14. HasFavicon                     - Score: 0.0208
15. HasTitle                       - Score: 0.0172
16. Robots                         - Score: 0.0166
17. Pay                            - Score: 0.0144
18. TLDLegitimateProb              - Score: 0.0117
19. Bank                           - Score: 0.0069
20. HasExternalFormSubmit          - Score: 0.0067
21. HasPasswordField               - Score: 0.0049
22. Crypto                         - Score: 0.0035
23. NoOfSelfRedirect               - Score: 0.0031
24. NoOfQMarkInURL                 - Score: 0.0029
25. NoOfSubDomain                  - Score: 0.0024
26. IsDomainIP                     - Score: 0.0020
27. HasObfuscation                 - Score: 0.0018
28. NoOfURLRedirect                - Score: 0.0016
29. URLSimilarityIndex             - Score: 0.0010
30. NoOfOtherSpecialCharsInURL     - Score: 0.0008
31. NoOfEqualsInURL                - Score: 0.0007
32. TLDLength                      - Score: 0.0006
33. DomainTitleMatchScore          - Score: 0.0005
34. URLTitleMatchScore             - Score: 0.0004
35. NoOfiFrame                     - Score: 0.0004
36. NoOfCSS                        - Score: 0.0003
37. NoOfJS                         - Score: 0.0003
38. DomainLength                   - Score: 0.0003
39. NoOfDegitsInURL                - Score: 0.0002
40. NoOfAmpersandInURL             - Score: 0.0002
41. NoOfPopup                      - Score: 0.0002
42. NoOfLettersInURL               - Score: 0.0001
43. NoOfObfuscatedChar             - Score: 0.0001
44. URLLength                      - Score: 0.0001
45. NoOfEmptyRef                   - Score: 0.0001
46. NoOfImage                      - Score: 0.0001
47. NoOfSelfRef                    - Score: 0.0001
48. NoOfExternalRef                - Score: 0.0000
49. LineOfCode                     - Score: 0.0000
50. LargestLineLength              - Score: 0.0000
================================================================================

Features Ranked by Differentiation Strength:
================================================================================
 1. URLCharProb                    - Score: 1.0000
 2. SpacialCharRatioInURL          - Score: 0.7315
 3. DegitRatioInURL                - Score: 0.1063
 4. HasSocialNet                   - Score: 0.0734
 5. HasCopyrightInfo               - Score: 0.0675
================================================================================

Features Ranked by Differentiation Strength:
================================================================================
 1. SpacialCharRatioInURL          - Score: 1.0000
 2. URLCharProb                    - Score: 0.7053
 3. IsHTTPS                        - Score: 0.3320
 4. HasSocialNet                   - Score: 0.1959
 5. HasCopyrightInfo               - Score: 0.1860
================================================================================

Features Ranked by Differentiation Strength:
================================================================================
 1. URLCharProb                    - Score: 1.0000
 2. SpacialCharRatioInURL          - Score: 0.7313
 3. DegitRatioInURL                - Score: 0.1097
 4. HasSocialNet                   - Score: 0.0787
 5. HasCopyrightInfo               - Score: 0.0723
================================================================================

Features Ranked by Differentiation Strength:
================================================================================
 1. URLCharProb                    - Score: 1.0000
 2. SpacialCharRatioInURL          - Score: 0.2714
 3. DegitRatioInURL                - Score: 0.0797
 4. LetterRatioInURL               - Score: 0.0613
 5. HasSocialNet                   - Score: 0.0490
================================================================================

Features Ranked by Differentiation Strength:
================================================================================
 1. URLCharProb                    - Score: 1.0000
 2. SpacialCharRatioInURL          - Score: 0.2540
 3. DegitRatioInURL                - Score: 0.0761
 4. LetterRatioInURL               - Score: 0.0518
 5. HasSocialNet                   - Score: 0.0496
 6. HasCopyrightInfo               - Score: 0.0427
 7. CharContinuationRate           - Score: 0.0361
 8. HasDescription                 - Score: 0.0353
 9. HasSubmitButton                - Score: 0.0266
10. IsHTTPS                        - Score: 0.0257
11. IsResponsive                   - Score: 0.0233
12. HasHiddenFields                - Score: 0.0223
13. HasFavicon                     - Score: 0.0209
14. ObfuscationRatio               - Score: 0.0201
15. HasTitle                       - Score: 0.0171
16. Robots                         - Score: 0.0165
17. Pay                            - Score: 0.0148
18. TLDLegitimateProb              - Score: 0.0112
19. Bank                           - Score: 0.0071
20. HasExternalFormSubmit          - Score: 0.0067
21. HasPasswordField               - Score: 0.0052
22. Crypto                         - Score: 0.0033
23. NoOfSelfRedirect               - Score: 0.0030
24. NoOfQMarkInURL                 - Score: 0.0030
25. NoOfSubDomain                  - Score: 0.0023
26. IsDomainIP                     - Score: 0.0019
27. NoOfURLRedirect                - Score: 0.0019
28. HasObfuscation                 - Score: 0.0017
29. URLSimilarityIndex             - Score: 0.0010
30. NoOfOtherSpecialCharsInURL     - Score: 0.0008
31. NoOfEqualsInURL                - Score: 0.0007
32. TLDLength                      - Score: 0.0006
33. DomainTitleMatchScore          - Score: 0.0005
34. URLTitleMatchScore             - Score: 0.0004
35. NoOfiFrame                     - Score: 0.0004
36. NoOfJS                         - Score: 0.0004
37. NoOfCSS                        - Score: 0.0003
38. DomainLength                   - Score: 0.0003
39. NoOfAmpersandInURL             - Score: 0.0002
40. NoOfDegitsInURL                - Score: 0.0002
41. NoOfPopup                      - Score: 0.0002
42. NoOfObfuscatedChar             - Score: 0.0001
43. NoOfEmptyRef                   - Score: 0.0001
44. NoOfImage                      - Score: 0.0001
45. NoOfLettersInURL               - Score: 0.0001
46. NoOfSelfRef                    - Score: 0.0001
47. URLLength                      - Score: 0.0000
48. NoOfExternalRef                - Score: 0.0000
49. LineOfCode                     - Score: 0.0000
50. LargestLineLength              - Score: 0.0000
================================================================================

Features Ranked by Differentiation Strength:
================================================================================
 1. URLCharProb                    - Score: 1.0000
 2. SpacialCharRatioInURL          - Score: 0.2540
 3. DegitRatioInURL                - Score: 0.0761
 4. LetterRatioInURL               - Score: 0.0518
 5. HasSocialNet                   - Score: 0.0496
 6. HasCopyrightInfo               - Score: 0.0427
 7. CharContinuationRate           - Score: 0.0361
 8. HasDescription                 - Score: 0.0353
 9. HasSubmitButton                - Score: 0.0266
10. IsHTTPS                        - Score: 0.0257
11. IsResponsive                   - Score: 0.0233
12. HasHiddenFields                - Score: 0.0223
13. HasFavicon                     - Score: 0.0209
14. ObfuscationRatio               - Score: 0.0201
15. HasTitle                       - Score: 0.0171
16. Robots                         - Score: 0.0165
17. Pay                            - Score: 0.0148
18. TLDLegitimateProb              - Score: 0.0112
19. Bank                           - Score: 0.0071
20. HasExternalFormSubmit          - Score: 0.0067
21. HasPasswordField               - Score: 0.0052
22. Crypto                         - Score: 0.0033
23. NoOfSelfRedirect               - Score: 0.0030
24. NoOfQMarkInURL                 - Score: 0.0030
25. NoOfSubDomain                  - Score: 0.0023
26. IsDomainIP                     - Score: 0.0019
27. NoOfURLRedirect                - Score: 0.0019
28. HasObfuscation                 - Score: 0.0017
29. URLSimilarityIndex             - Score: 0.0010
30. NoOfOtherSpecialCharsInURL     - Score: 0.0008
31. NoOfEqualsInURL                - Score: 0.0007
32. TLDLength                      - Score: 0.0006
33. DomainTitleMatchScore          - Score: 0.0005
34. URLTitleMatchScore             - Score: 0.0004
35. NoOfiFrame                     - Score: 0.0004
36. NoOfJS                         - Score: 0.0004
37. NoOfCSS                        - Score: 0.0003
38. DomainLength                   - Score: 0.0003
39. NoOfAmpersandInURL             - Score: 0.0002
40. NoOfDegitsInURL                - Score: 0.0002
41. NoOfPopup                      - Score: 0.0002
42. NoOfObfuscatedChar             - Score: 0.0001
43. NoOfEmptyRef                   - Score: 0.0001
44. NoOfImage                      - Score: 0.0001
45. NoOfLettersInURL               - Score: 0.0001
46. NoOfSelfRef                    - Score: 0.0001
47. URLLength                      - Score: 0.0000
48. NoOfExternalRef                - Score: 0.0000
49. LineOfCode                     - Score: 0.0000
50. LargestLineLength              - Score: 0.0000
================================================================================

Features Ranked by Differentiation Strength:
================================================================================
 1. URLCharProb                    - Score: 1.0000
 2. SpacialCharRatioInURL          - Score: 0.6686
 3. DegitRatioInURL                - Score: 0.1020
 4. HasSocialNet                   - Score: 0.0696
 5. HasCopyrightInfo               - Score: 0.0645
================================================================================

Features Ranked by Differentiation Strength:
================================================================================
 1. SpacialCharRatioInURL          - Score: 1.0000
 2. URLCharProb                    - Score: 0.9211
 3. IsHTTPS                        - Score: 0.2627
 4. HasSocialNet                   - Score: 0.1733
 5. HasCopyrightInfo               - Score: 0.1658
================================================================================

Features Ranked by Differentiation Strength:
================================================================================
 1. URLCharProb                    - Score: 1.0000
 2. SpacialCharRatioInURL          - Score: 0.7139
 3. DegitRatioInURL                - Score: 0.1070
 4. HasSocialNet                   - Score: 0.0785
 5. HasCopyrightInfo               - Score: 0.0727
================================================================================

Features Ranked by Differentiation Strength:
================================================================================
 1. URLCharProb                    - Score: 1.0000
 2. SpacialCharRatioInURL          - Score: 0.2680
 3. DegitRatioInURL                - Score: 0.0779
 4. LetterRatioInURL               - Score: 0.0539
 5. HasSocialNet                   - Score: 0.0496
================================================================================

Features Ranked by Differentiation Strength:
================================================================================
 1. URLCharProb                    - Score: 1.0000
 2. SpacialCharRatioInURL          - Score: 0.2527
 3. DegitRatioInURL                - Score: 0.0776
 4. LetterRatioInURL               - Score: 0.0515
 5. HasSocialNet                   - Score: 0.0494
 6. HasCopyrightInfo               - Score: 0.0430
 7. HasDescription                 - Score: 0.0363
 8. CharContinuationRate           - Score: 0.0360
 9. HasSubmitButton                - Score: 0.0268
10. IsHTTPS                        - Score: 0.0262
11. IsResponsive                   - Score: 0.0235
12. HasHiddenFields                - Score: 0.0225
13. HasFavicon                     - Score: 0.0212
14. ObfuscationRatio               - Score: 0.0196
15. HasTitle                       - Score: 0.0174
16. Robots                         - Score: 0.0164
17. Pay                            - Score: 0.0147
18. TLDLegitimateProb              - Score: 0.0119
19. Bank                           - Score: 0.0074
20. HasExternalFormSubmit          - Score: 0.0068
21. HasPasswordField               - Score: 0.0052
22. Crypto                         - Score: 0.0036
23. NoOfSelfRedirect               - Score: 0.0030
24. NoOfQMarkInURL                 - Score: 0.0029
25. NoOfSubDomain                  - Score: 0.0028
26. IsDomainIP                     - Score: 0.0021
27. NoOfURLRedirect                - Score: 0.0018
28. HasObfuscation                 - Score: 0.0016
29. URLSimilarityIndex             - Score: 0.0010
30. NoOfOtherSpecialCharsInURL     - Score: 0.0008
31. NoOfEqualsInURL                - Score: 0.0006
32. TLDLength                      - Score: 0.0006
33. DomainTitleMatchScore          - Score: 0.0005
34. URLTitleMatchScore             - Score: 0.0005
35. NoOfiFrame                     - Score: 0.0004
36. NoOfCSS                        - Score: 0.0003
37. NoOfJS                         - Score: 0.0003
38. DomainLength                   - Score: 0.0003
39. NoOfAmpersandInURL             - Score: 0.0002
40. NoOfDegitsInURL                - Score: 0.0002
41. NoOfPopup                      - Score: 0.0001
42. NoOfObfuscatedChar             - Score: 0.0001
43. NoOfEmptyRef                   - Score: 0.0001
44. NoOfImage                      - Score: 0.0001
45. NoOfSelfRef                    - Score: 0.0001
46. NoOfLettersInURL               - Score: 0.0001
47. URLLength                      - Score: 0.0000
48. NoOfExternalRef                - Score: 0.0000
49. LineOfCode                     - Score: 0.0000
50. LargestLineLength              - Score: 0.0000
================================================================================

Features Ranked by Differentiation Strength:
================================================================================
 1. URLCharProb                    - Score: 1.0000
 2. SpacialCharRatioInURL          - Score: 0.2527
 3. DegitRatioInURL                - Score: 0.0776
 4. LetterRatioInURL               - Score: 0.0515
 5. HasSocialNet                   - Score: 0.0494
 6. HasCopyrightInfo               - Score: 0.0430
 7. HasDescription                 - Score: 0.0363
 8. CharContinuationRate           - Score: 0.0360
 9. HasSubmitButton                - Score: 0.0268
10. IsHTTPS                        - Score: 0.0262
11. IsResponsive                   - Score: 0.0235
12. HasHiddenFields                - Score: 0.0225
13. HasFavicon                     - Score: 0.0212
14. ObfuscationRatio               - Score: 0.0196
15. HasTitle                       - Score: 0.0174
16. Robots                         - Score: 0.0164
17. Pay                            - Score: 0.0147
18. TLDLegitimateProb              - Score: 0.0119
19. Bank                           - Score: 0.0074
20. HasExternalFormSubmit          - Score: 0.0068
21. HasPasswordField               - Score: 0.0052
22. Crypto                         - Score: 0.0036
23. NoOfSelfRedirect               - Score: 0.0030
24. NoOfQMarkInURL                 - Score: 0.0029
25. NoOfSubDomain                  - Score: 0.0028
26. IsDomainIP                     - Score: 0.0021
27. NoOfURLRedirect                - Score: 0.0018
28. HasObfuscation                 - Score: 0.0016
29. URLSimilarityIndex             - Score: 0.0010
30. NoOfOtherSpecialCharsInURL     - Score: 0.0008
31. NoOfEqualsInURL                - Score: 0.0006
32. TLDLength                      - Score: 0.0006
33. DomainTitleMatchScore          - Score: 0.0005
34. URLTitleMatchScore             - Score: 0.0005
35. NoOfiFrame                     - Score: 0.0004
36. NoOfCSS                        - Score: 0.0003
37. NoOfJS                         - Score: 0.0003
38. DomainLength                   - Score: 0.0003
39. NoOfAmpersandInURL             - Score: 0.0002
40. NoOfDegitsInURL                - Score: 0.0002
41. NoOfPopup                      - Score: 0.0001
42. NoOfObfuscatedChar             - Score: 0.0001
43. NoOfEmptyRef                   - Score: 0.0001
44. NoOfImage                      - Score: 0.0001
45. NoOfSelfRef                    - Score: 0.0001
46. NoOfLettersInURL               - Score: 0.0001
47. URLLength                      - Score: 0.0000
48. NoOfExternalRef                - Score: 0.0000
49. LineOfCode                     - Score: 0.0000
50. LargestLineLength              - Score: 0.0000
================================================================================

Features Ranked by Differentiation Strength:
================================================================================
 1. URLCharProb                    - Score: 1.0000
 2. SpacialCharRatioInURL          - Score: 0.6849
 3. DegitRatioInURL                - Score: 0.1044
 4. HasSocialNet                   - Score: 0.0701
 5. HasCopyrightInfo               - Score: 0.0643
================================================================================

Features Ranked by Differentiation Strength:
================================================================================
 1. SpacialCharRatioInURL          - Score: 1.0000
 2. URLCharProb                    - Score: 0.6467
 3. IsHTTPS                        - Score: 0.2475
 4. HasSocialNet                   - Score: 0.1526
 5. HasCopyrightInfo               - Score: 0.1441
================================================================================

Features Ranked by Differentiation Strength:
================================================================================
 1. URLCharProb                    - Score: 1.0000
 2. SpacialCharRatioInURL          - Score: 0.7373
 3. DegitRatioInURL                - Score: 0.1091
 4. HasSocialNet                   - Score: 0.0796
 5. HasCopyrightInfo               - Score: 0.0733
================================================================================

Features Ranked by Differentiation Strength:
================================================================================
 1. URLCharProb                    - Score: 1.0000
 2. SpacialCharRatioInURL          - Score: 0.2665
 3. DegitRatioInURL                - Score: 0.0790
 4. LetterRatioInURL               - Score: 0.0536
 5. HasSocialNet                   - Score: 0.0493
================================================================================

Features Ranked by Differentiation Strength:
================================================================================
 1. URLCharProb                    - Score: 1.0000
 2. SpacialCharRatioInURL          - Score: 0.2479
 3. DegitRatioInURL                - Score: 0.0763
 4. LetterRatioInURL               - Score: 0.0505
 5. HasSocialNet                   - Score: 0.0484
 6. HasCopyrightInfo               - Score: 0.0412
 7. HasDescription                 - Score: 0.0355
 8. CharContinuationRate           - Score: 0.0352
 9. HasSubmitButton                - Score: 0.0263
10. IsHTTPS                        - Score: 0.0255
11. IsResponsive                   - Score: 0.0232
12. HasHiddenFields                - Score: 0.0223
13. HasFavicon                     - Score: 0.0203
14. ObfuscationRatio               - Score: 0.0180
15. HasTitle                       - Score: 0.0170
16. Robots                         - Score: 0.0164
17. Pay                            - Score: 0.0144
18. TLDLegitimateProb              - Score: 0.0113
19. Bank                           - Score: 0.0072
20. HasExternalFormSubmit          - Score: 0.0066
21. HasPasswordField               - Score: 0.0052
22. Crypto                         - Score: 0.0034
23. NoOfSelfRedirect               - Score: 0.0030
24. NoOfQMarkInURL                 - Score: 0.0029
25. NoOfSubDomain                  - Score: 0.0024
26. IsDomainIP                     - Score: 0.0019
27. NoOfURLRedirect                - Score: 0.0018
28. HasObfuscation                 - Score: 0.0016
29. URLSimilarityIndex             - Score: 0.0010
30. NoOfOtherSpecialCharsInURL     - Score: 0.0008
31. NoOfEqualsInURL                - Score: 0.0007
32. TLDLength                      - Score: 0.0006
33. DomainTitleMatchScore          - Score: 0.0005
34. URLTitleMatchScore             - Score: 0.0004
35. NoOfiFrame                     - Score: 0.0004
36. NoOfCSS                        - Score: 0.0003
37. NoOfJS                         - Score: 0.0003
38. DomainLength                   - Score: 0.0003
39. NoOfAmpersandInURL             - Score: 0.0002
40. NoOfDegitsInURL                - Score: 0.0002
41. NoOfPopup                      - Score: 0.0001
42. NoOfObfuscatedChar             - Score: 0.0001
43. NoOfEmptyRef                   - Score: 0.0001
44. NoOfImage                      - Score: 0.0001
45. NoOfLettersInURL               - Score: 0.0001
46. NoOfSelfRef                    - Score: 0.0001
47. URLLength                      - Score: 0.0000
48. NoOfExternalRef                - Score: 0.0000
49. LineOfCode                     - Score: 0.0000
50. LargestLineLength              - Score: 0.0000
================================================================================

Features Ranked by Differentiation Strength:
================================================================================
 1. URLCharProb                    - Score: 1.0000
 2. SpacialCharRatioInURL          - Score: 0.2479
 3. DegitRatioInURL                - Score: 0.0763
 4. LetterRatioInURL               - Score: 0.0505
 5. HasSocialNet                   - Score: 0.0484
 6. HasCopyrightInfo               - Score: 0.0412
 7. HasDescription                 - Score: 0.0355
 8. CharContinuationRate           - Score: 0.0352
 9. HasSubmitButton                - Score: 0.0263
10. IsHTTPS                        - Score: 0.0255
11. IsResponsive                   - Score: 0.0232
12. HasHiddenFields                - Score: 0.0223
13. HasFavicon                     - Score: 0.0203
14. ObfuscationRatio               - Score: 0.0180
15. HasTitle                       - Score: 0.0170
16. Robots                         - Score: 0.0164
17. Pay                            - Score: 0.0144
18. TLDLegitimateProb              - Score: 0.0113
19. Bank                           - Score: 0.0072
20. HasExternalFormSubmit          - Score: 0.0066
21. HasPasswordField               - Score: 0.0052
22. Crypto                         - Score: 0.0034
23. NoOfSelfRedirect               - Score: 0.0030
24. NoOfQMarkInURL                 - Score: 0.0029
25. NoOfSubDomain                  - Score: 0.0024
26. IsDomainIP                     - Score: 0.0019
27. NoOfURLRedirect                - Score: 0.0018
28. HasObfuscation                 - Score: 0.0016
29. URLSimilarityIndex             - Score: 0.0010
30. NoOfOtherSpecialCharsInURL     - Score: 0.0008
31. NoOfEqualsInURL                - Score: 0.0007
32. TLDLength                      - Score: 0.0006
33. DomainTitleMatchScore          - Score: 0.0005
34. URLTitleMatchScore             - Score: 0.0004
35. NoOfiFrame                     - Score: 0.0004
36. NoOfCSS                        - Score: 0.0003
37. NoOfJS                         - Score: 0.0003
38. DomainLength                   - Score: 0.0003
39. NoOfAmpersandInURL             - Score: 0.0002
40. NoOfDegitsInURL                - Score: 0.0002
41. NoOfPopup                      - Score: 0.0001
42. NoOfObfuscatedChar             - Score: 0.0001
43. NoOfEmptyRef                   - Score: 0.0001
44. NoOfImage                      - Score: 0.0001
45. NoOfLettersInURL               - Score: 0.0001
46. NoOfSelfRef                    - Score: 0.0001
47. URLLength                      - Score: 0.0000
48. NoOfExternalRef                - Score: 0.0000
49. LineOfCode                     - Score: 0.0000
50. LargestLineLength              - Score: 0.0000
================================================================================

Features Ranked by Differentiation Strength:
================================================================================
 1. URLCharProb                    - Score: 1.0000
 2. SpacialCharRatioInURL          - Score: 0.6680
 3. DegitRatioInURL                - Score: 0.1010
 4. HasSocialNet                   - Score: 0.0671
 5. HasCopyrightInfo               - Score: 0.0607
================================================================================

Features Ranked by Differentiation Strength:
================================================================================
 1. SpacialCharRatioInURL          - Score: 1.0000
 2. URLCharProb                    - Score: 0.8987
 3. IsHTTPS                        - Score: 0.2735
 4. HasSocialNet                   - Score: 0.1710
 5. HasCopyrightInfo               - Score: 0.1616
================================================================================

Features Ranked by Differentiation Strength:
================================================================================
 1. URLCharProb                    - Score: 1.0000
 2. SpacialCharRatioInURL          - Score: 0.7152
 3. DegitRatioInURL                - Score: 0.1050
 4. HasSocialNet                   - Score: 0.0755
 5. HasCopyrightInfo               - Score: 0.0684
================================================================================

Features Ranked by Differentiation Strength:
================================================================================
 1. URLCharProb                    - Score: 1.0000
 2. SpacialCharRatioInURL          - Score: 0.2615
 3. DegitRatioInURL                - Score: 0.0780
 4. LetterRatioInURL               - Score: 0.0524
 5. HasSocialNet                   - Score: 0.0484
================================================================================
  PhiUSIIL: luk done
  [skip] PhiUSIIL / flat MoG / hamacher: ImportError: cannot import name 'MixtureOfGaussiansFuzzyClassifier' from 'tribblefis.gaussian_classifier' (C:\personal\grad-school\tribble-fis\.venv\Lib\site-packages\tribblefis\gaussian_classifier.py)

Features Ranked by Differentiation Strength:
================================================================================
 1. URLCharProb                    - Score: 1.0000
 2. SpacialCharRatioInURL          - Score: 0.2475
 3. DegitRatioInURL                - Score: 0.0768
 4. LetterRatioInURL               - Score: 0.0522
 5. HasSocialNet                   - Score: 0.0493
 6. HasCopyrightInfo               - Score: 0.0422
 7. CharContinuationRate           - Score: 0.0359
 8. HasDescription                 - Score: 0.0356
 9. HasSubmitButton                - Score: 0.0265
10. IsHTTPS                        - Score: 0.0262
11. IsResponsive                   - Score: 0.0237
12. HasHiddenFields                - Score: 0.0224
13. ObfuscationRatio               - Score: 0.0213
14. HasFavicon                     - Score: 0.0211
15. HasTitle                       - Score: 0.0173
16. Robots                         - Score: 0.0165
17. Pay                            - Score: 0.0147
18. TLDLegitimateProb              - Score: 0.0111
19. Bank                           - Score: 0.0073
20. HasExternalFormSubmit          - Score: 0.0069
21. HasPasswordField               - Score: 0.0053
22. Crypto                         - Score: 0.0036
23. NoOfSelfRedirect               - Score: 0.0031
24. NoOfQMarkInURL                 - Score: 0.0029
25. NoOfSubDomain                  - Score: 0.0028
26. IsDomainIP                     - Score: 0.0020
27. NoOfURLRedirect                - Score: 0.0018
28. HasObfuscation                 - Score: 0.0017
29. URLSimilarityIndex             - Score: 0.0010
30. NoOfOtherSpecialCharsInURL     - Score: 0.0009
31. NoOfEqualsInURL                - Score: 0.0007
32. TLDLength                      - Score: 0.0006
33. DomainTitleMatchScore          - Score: 0.0005
34. URLTitleMatchScore             - Score: 0.0004
35. NoOfiFrame                     - Score: 0.0004
36. NoOfCSS                        - Score: 0.0004
37. NoOfJS                         - Score: 0.0003
38. DomainLength                   - Score: 0.0003
39. NoOfAmpersandInURL             - Score: 0.0002
40. NoOfDegitsInURL                - Score: 0.0002
41. NoOfPopup                      - Score: 0.0001
42. NoOfObfuscatedChar             - Score: 0.0001
43. NoOfEmptyRef                   - Score: 0.0001
44. NoOfImage                      - Score: 0.0001
45. NoOfSelfRef                    - Score: 0.0001
46. NoOfLettersInURL               - Score: 0.0001
47. URLLength                      - Score: 0.0000
48. NoOfExternalRef                - Score: 0.0000
49. LineOfCode                     - Score: 0.0000
50. LargestLineLength              - Score: 0.0000
================================================================================

Features Ranked by Differentiation Strength:
================================================================================
 1. URLCharProb                    - Score: 1.0000
 2. SpacialCharRatioInURL          - Score: 0.2475
 3. DegitRatioInURL                - Score: 0.0768
 4. LetterRatioInURL               - Score: 0.0522
 5. HasSocialNet                   - Score: 0.0493
 6. HasCopyrightInfo               - Score: 0.0422
 7. CharContinuationRate           - Score: 0.0359
 8. HasDescription                 - Score: 0.0356
 9. HasSubmitButton                - Score: 0.0265
10. IsHTTPS                        - Score: 0.0262
11. IsResponsive                   - Score: 0.0237
12. HasHiddenFields                - Score: 0.0224
13. ObfuscationRatio               - Score: 0.0213
14. HasFavicon                     - Score: 0.0211
15. HasTitle                       - Score: 0.0173
16. Robots                         - Score: 0.0165
17. Pay                            - Score: 0.0147
18. TLDLegitimateProb              - Score: 0.0111
19. Bank                           - Score: 0.0073
20. HasExternalFormSubmit          - Score: 0.0069
21. HasPasswordField               - Score: 0.0053
22. Crypto                         - Score: 0.0036
23. NoOfSelfRedirect               - Score: 0.0031
24. NoOfQMarkInURL                 - Score: 0.0029
25. NoOfSubDomain                  - Score: 0.0028
26. IsDomainIP                     - Score: 0.0020
27. NoOfURLRedirect                - Score: 0.0018
28. HasObfuscation                 - Score: 0.0017
29. URLSimilarityIndex             - Score: 0.0010
30. NoOfOtherSpecialCharsInURL     - Score: 0.0009
31. NoOfEqualsInURL                - Score: 0.0007
32. TLDLength                      - Score: 0.0006
33. DomainTitleMatchScore          - Score: 0.0005
34. URLTitleMatchScore             - Score: 0.0004
35. NoOfiFrame                     - Score: 0.0004
36. NoOfCSS                        - Score: 0.0004
37. NoOfJS                         - Score: 0.0003
38. DomainLength                   - Score: 0.0003
39. NoOfAmpersandInURL             - Score: 0.0002
40. NoOfDegitsInURL                - Score: 0.0002
41. NoOfPopup                      - Score: 0.0001
42. NoOfObfuscatedChar             - Score: 0.0001
43. NoOfEmptyRef                   - Score: 0.0001
44. NoOfImage                      - Score: 0.0001
45. NoOfSelfRef                    - Score: 0.0001
46. NoOfLettersInURL               - Score: 0.0001
47. URLLength                      - Score: 0.0000
48. NoOfExternalRef                - Score: 0.0000
49. LineOfCode                     - Score: 0.0000
50. LargestLineLength              - Score: 0.0000
================================================================================

Features Ranked by Differentiation Strength:
================================================================================
 1. URLCharProb                    - Score: 1.0000
 2. SpacialCharRatioInURL          - Score: 0.6721
 3. DegitRatioInURL                - Score: 0.1022
 4. HasSocialNet                   - Score: 0.0699
 5. HasCopyrightInfo               - Score: 0.0635
================================================================================

Features Ranked by Differentiation Strength:
================================================================================
 1. SpacialCharRatioInURL          - Score: 1.0000
 2. URLCharProb                    - Score: 0.9753
 3. IsHTTPS                        - Score: 0.2824
 4. HasSocialNet                   - Score: 0.1705
 5. HasCopyrightInfo               - Score: 0.1596
================================================================================

Features Ranked by Differentiation Strength:
================================================================================
 1. URLCharProb                    - Score: 1.0000
 2. SpacialCharRatioInURL          - Score: 0.7143
 3. DegitRatioInURL                - Score: 0.1064
 4. HasSocialNet                   - Score: 0.0786
 5. HasCopyrightInfo               - Score: 0.0715
================================================================================

Features Ranked by Differentiation Strength:
================================================================================
 1. URLCharProb                    - Score: 1.0000
 2. SpacialCharRatioInURL          - Score: 0.2608
 3. DegitRatioInURL                - Score: 0.0785
 4. LetterRatioInURL               - Score: 0.0542
 5. HasSocialNet                   - Score: 0.0492
================================================================================

Features Ranked by Differentiation Strength:
================================================================================
 1. URLCharProb                    - Score: 1.0000
 2. SpacialCharRatioInURL          - Score: 0.2575
 3. DegitRatioInURL                - Score: 0.0784
 4. LetterRatioInURL               - Score: 0.0514
 5. HasSocialNet                   - Score: 0.0498
 6. HasCopyrightInfo               - Score: 0.0427
 7. HasDescription                 - Score: 0.0361
 8. CharContinuationRate           - Score: 0.0358
 9. HasSubmitButton                - Score: 0.0273
10. IsHTTPS                        - Score: 0.0260
11. IsResponsive                   - Score: 0.0232
12. HasHiddenFields                - Score: 0.0225
13. HasFavicon                     - Score: 0.0211
14. ObfuscationRatio               - Score: 0.0209
15. HasTitle                       - Score: 0.0172
16. Robots                         - Score: 0.0165
17. Pay                            - Score: 0.0147
18. TLDLegitimateProb              - Score: 0.0120
19. Bank                           - Score: 0.0072
20. HasExternalFormSubmit          - Score: 0.0069
21. HasPasswordField               - Score: 0.0054
22. Crypto                         - Score: 0.0035
23. NoOfSelfRedirect               - Score: 0.0031
24. NoOfQMarkInURL                 - Score: 0.0029
25. NoOfSubDomain                  - Score: 0.0028
26. IsDomainIP                     - Score: 0.0021
27. NoOfURLRedirect                - Score: 0.0021
28. HasObfuscation                 - Score: 0.0018
29. URLSimilarityIndex             - Score: 0.0010
30. NoOfOtherSpecialCharsInURL     - Score: 0.0008
31. TLDLength                      - Score: 0.0007
32. NoOfEqualsInURL                - Score: 0.0006
33. DomainTitleMatchScore          - Score: 0.0005
34. NoOfiFrame                     - Score: 0.0005
35. URLTitleMatchScore             - Score: 0.0004
36. NoOfCSS                        - Score: 0.0003
37. NoOfJS                         - Score: 0.0003
38. DomainLength                   - Score: 0.0003
39. NoOfAmpersandInURL             - Score: 0.0002
40. NoOfDegitsInURL                - Score: 0.0002
41. NoOfPopup                      - Score: 0.0001
42. NoOfObfuscatedChar             - Score: 0.0001
43. NoOfEmptyRef                   - Score: 0.0001
44. NoOfImage                      - Score: 0.0001
45. NoOfSelfRef                    - Score: 0.0001
46. NoOfLettersInURL               - Score: 0.0001
47. URLLength                      - Score: 0.0000
48. NoOfExternalRef                - Score: 0.0000
49. LineOfCode                     - Score: 0.0000
50. LargestLineLength              - Score: 0.0000
================================================================================

Features Ranked by Differentiation Strength:
================================================================================
 1. URLCharProb                    - Score: 1.0000
 2. SpacialCharRatioInURL          - Score: 0.2575
 3. DegitRatioInURL                - Score: 0.0784
 4. LetterRatioInURL               - Score: 0.0514
 5. HasSocialNet                   - Score: 0.0498
 6. HasCopyrightInfo               - Score: 0.0427
 7. HasDescription                 - Score: 0.0361
 8. CharContinuationRate           - Score: 0.0358
 9. HasSubmitButton                - Score: 0.0273
10. IsHTTPS                        - Score: 0.0260
11. IsResponsive                   - Score: 0.0232
12. HasHiddenFields                - Score: 0.0225
13. HasFavicon                     - Score: 0.0211
14. ObfuscationRatio               - Score: 0.0209
15. HasTitle                       - Score: 0.0172
16. Robots                         - Score: 0.0165
17. Pay                            - Score: 0.0147
18. TLDLegitimateProb              - Score: 0.0120
19. Bank                           - Score: 0.0072
20. HasExternalFormSubmit          - Score: 0.0069
21. HasPasswordField               - Score: 0.0054
22. Crypto                         - Score: 0.0035
23. NoOfSelfRedirect               - Score: 0.0031
24. NoOfQMarkInURL                 - Score: 0.0029
25. NoOfSubDomain                  - Score: 0.0028
26. IsDomainIP                     - Score: 0.0021
27. NoOfURLRedirect                - Score: 0.0021
28. HasObfuscation                 - Score: 0.0018
29. URLSimilarityIndex             - Score: 0.0010
30. NoOfOtherSpecialCharsInURL     - Score: 0.0008
31. TLDLength                      - Score: 0.0007
32. NoOfEqualsInURL                - Score: 0.0006
33. DomainTitleMatchScore          - Score: 0.0005
34. NoOfiFrame                     - Score: 0.0005
35. URLTitleMatchScore             - Score: 0.0004
36. NoOfCSS                        - Score: 0.0003
37. NoOfJS                         - Score: 0.0003
38. DomainLength                   - Score: 0.0003
39. NoOfAmpersandInURL             - Score: 0.0002
40. NoOfDegitsInURL                - Score: 0.0002
41. NoOfPopup                      - Score: 0.0001
42. NoOfObfuscatedChar             - Score: 0.0001
43. NoOfEmptyRef                   - Score: 0.0001
44. NoOfImage                      - Score: 0.0001
45. NoOfSelfRef                    - Score: 0.0001
46. NoOfLettersInURL               - Score: 0.0001
47. URLLength                      - Score: 0.0000
48. NoOfExternalRef                - Score: 0.0000
49. LineOfCode                     - Score: 0.0000
50. LargestLineLength              - Score: 0.0000
================================================================================

Features Ranked by Differentiation Strength:
================================================================================
 1. URLCharProb                    - Score: 1.0000
 2. SpacialCharRatioInURL          - Score: 0.6749
 3. DegitRatioInURL                - Score: 0.1017
 4. HasSocialNet                   - Score: 0.0692
 5. HasCopyrightInfo               - Score: 0.0637
================================================================================

Features Ranked by Differentiation Strength:
================================================================================
 1. SpacialCharRatioInURL          - Score: 1.0000
 2. URLCharProb                    - Score: 0.8271
 3. IsHTTPS                        - Score: 0.2497
 4. HasSocialNet                   - Score: 0.1613
 5. HasCopyrightInfo               - Score: 0.1512
================================================================================

Features Ranked by Differentiation Strength:
================================================================================
 1. URLCharProb                    - Score: 1.0000
 2. SpacialCharRatioInURL          - Score: 0.7335
 3. DegitRatioInURL                - Score: 0.1069
 4. HasSocialNet                   - Score: 0.0787
 5. HasCopyrightInfo               - Score: 0.0721
================================================================================

Features Ranked by Differentiation Strength:
================================================================================
 1. URLCharProb                    - Score: 1.0000
 2. SpacialCharRatioInURL          - Score: 0.2713
 3. DegitRatioInURL                - Score: 0.0798
 4. LetterRatioInURL               - Score: 0.0532
 5. HasSocialNet                   - Score: 0.0497
================================================================================

Features Ranked by Differentiation Strength:
================================================================================
 1. URLCharProb                    - Score: 1.0000
 2. SpacialCharRatioInURL          - Score: 0.2508
 3. DegitRatioInURL                - Score: 0.0773
 4. LetterRatioInURL               - Score: 0.0500
 5. HasSocialNet                   - Score: 0.0483
 6. HasCopyrightInfo               - Score: 0.0416
 7. HasDescription                 - Score: 0.0354
 8. CharContinuationRate           - Score: 0.0353
 9. HasSubmitButton                - Score: 0.0260
10. IsHTTPS                        - Score: 0.0256
11. IsResponsive                   - Score: 0.0228
12. HasHiddenFields                - Score: 0.0221
13. ObfuscationRatio               - Score: 0.0218
14. HasFavicon                     - Score: 0.0203
15. HasTitle                       - Score: 0.0171
16. Robots                         - Score: 0.0163
17. Pay                            - Score: 0.0143
18. TLDLegitimateProb              - Score: 0.0111
19. Bank                           - Score: 0.0071
20. HasExternalFormSubmit          - Score: 0.0066
21. HasPasswordField               - Score: 0.0050
22. Crypto                         - Score: 0.0035
23. NoOfSelfRedirect               - Score: 0.0030
24. NoOfQMarkInURL                 - Score: 0.0029
25. NoOfSubDomain                  - Score: 0.0024
26. IsDomainIP                     - Score: 0.0019
27. NoOfURLRedirect                - Score: 0.0019
28. HasObfuscation                 - Score: 0.0017
29. URLSimilarityIndex             - Score: 0.0010
30. NoOfOtherSpecialCharsInURL     - Score: 0.0008
31. NoOfEqualsInURL                - Score: 0.0006
32. TLDLength                      - Score: 0.0006
33. DomainTitleMatchScore          - Score: 0.0005
34. NoOfiFrame                     - Score: 0.0005
35. URLTitleMatchScore             - Score: 0.0004
36. NoOfCSS                        - Score: 0.0003
37. NoOfJS                         - Score: 0.0003
38. DomainLength                   - Score: 0.0003
39. NoOfAmpersandInURL             - Score: 0.0002
40. NoOfDegitsInURL                - Score: 0.0002
41. NoOfPopup                      - Score: 0.0001
42. NoOfObfuscatedChar             - Score: 0.0001
43. NoOfEmptyRef                   - Score: 0.0001
44. NoOfImage                      - Score: 0.0001
45. NoOfSelfRef                    - Score: 0.0001
46. NoOfLettersInURL               - Score: 0.0001
47. URLLength                      - Score: 0.0000
48. NoOfExternalRef                - Score: 0.0000
49. LineOfCode                     - Score: 0.0000
50. LargestLineLength              - Score: 0.0000
================================================================================

Features Ranked by Differentiation Strength:
================================================================================
 1. URLCharProb                    - Score: 1.0000
 2. SpacialCharRatioInURL          - Score: 0.2508
 3. DegitRatioInURL                - Score: 0.0773
 4. LetterRatioInURL               - Score: 0.0500
 5. HasSocialNet                   - Score: 0.0483
 6. HasCopyrightInfo               - Score: 0.0416
 7. HasDescription                 - Score: 0.0354
 8. CharContinuationRate           - Score: 0.0353
 9. HasSubmitButton                - Score: 0.0260
10. IsHTTPS                        - Score: 0.0256
11. IsResponsive                   - Score: 0.0228
12. HasHiddenFields                - Score: 0.0221
13. ObfuscationRatio               - Score: 0.0218
14. HasFavicon                     - Score: 0.0203
15. HasTitle                       - Score: 0.0171
16. Robots                         - Score: 0.0163
17. Pay                            - Score: 0.0143
18. TLDLegitimateProb              - Score: 0.0111
19. Bank                           - Score: 0.0071
20. HasExternalFormSubmit          - Score: 0.0066
21. HasPasswordField               - Score: 0.0050
22. Crypto                         - Score: 0.0035
23. NoOfSelfRedirect               - Score: 0.0030
24. NoOfQMarkInURL                 - Score: 0.0029
25. NoOfSubDomain                  - Score: 0.0024
26. IsDomainIP                     - Score: 0.0019
27. NoOfURLRedirect                - Score: 0.0019
28. HasObfuscation                 - Score: 0.0017
29. URLSimilarityIndex             - Score: 0.0010
30. NoOfOtherSpecialCharsInURL     - Score: 0.0008
31. NoOfEqualsInURL                - Score: 0.0006
32. TLDLength                      - Score: 0.0006
33. DomainTitleMatchScore          - Score: 0.0005
34. NoOfiFrame                     - Score: 0.0005
35. URLTitleMatchScore             - Score: 0.0004
36. NoOfCSS                        - Score: 0.0003
37. NoOfJS                         - Score: 0.0003
38. DomainLength                   - Score: 0.0003
39. NoOfAmpersandInURL             - Score: 0.0002
40. NoOfDegitsInURL                - Score: 0.0002
41. NoOfPopup                      - Score: 0.0001
42. NoOfObfuscatedChar             - Score: 0.0001
43. NoOfEmptyRef                   - Score: 0.0001
44. NoOfImage                      - Score: 0.0001
45. NoOfSelfRef                    - Score: 0.0001
46. NoOfLettersInURL               - Score: 0.0001
47. URLLength                      - Score: 0.0000
48. NoOfExternalRef                - Score: 0.0000
49. LineOfCode                     - Score: 0.0000
50. LargestLineLength              - Score: 0.0000
================================================================================

Features Ranked by Differentiation Strength:
================================================================================
 1. URLCharProb                    - Score: 1.0000
 2. SpacialCharRatioInURL          - Score: 0.6654
 3. DegitRatioInURL                - Score: 0.1009
 4. HasSocialNet                   - Score: 0.0661
 5. HasCopyrightInfo               - Score: 0.0614
================================================================================

Features Ranked by Differentiation Strength:
================================================================================
 1. SpacialCharRatioInURL          - Score: 1.0000
 2. URLCharProb                    - Score: 0.9993
 3. IsHTTPS                        - Score: 0.2635
 4. HasSocialNet                   - Score: 0.1682
 5. HasCopyrightInfo               - Score: 0.1601
================================================================================

Features Ranked by Differentiation Strength:
================================================================================
 1. URLCharProb                    - Score: 1.0000
 2. SpacialCharRatioInURL          - Score: 0.7111
 3. DegitRatioInURL                - Score: 0.1057
 4. HasSocialNet                   - Score: 0.0748
 5. HasCopyrightInfo               - Score: 0.0694
================================================================================

Features Ranked by Differentiation Strength:
================================================================================
 1. URLCharProb                    - Score: 1.0000
 2. SpacialCharRatioInURL          - Score: 0.2649
 3. DegitRatioInURL                - Score: 0.0789
 4. LetterRatioInURL               - Score: 0.0519
 5. HasSocialNet                   - Score: 0.0483
================================================================================

Features Ranked by Differentiation Strength:
================================================================================
 1. URLCharProb                    - Score: 1.0000
 2. SpacialCharRatioInURL          - Score: 0.2492
 3. DegitRatioInURL                - Score: 0.0758
 4. LetterRatioInURL               - Score: 0.0499
 5. HasSocialNet                   - Score: 0.0491
 6. HasCopyrightInfo               - Score: 0.0420
 7. CharContinuationRate           - Score: 0.0367
 8. HasDescription                 - Score: 0.0352
 9. HasSubmitButton                - Score: 0.0264
10. IsHTTPS                        - Score: 0.0255
11. IsResponsive                   - Score: 0.0232
12. HasHiddenFields                - Score: 0.0219
13. ObfuscationRatio               - Score: 0.0216
14. HasFavicon                     - Score: 0.0207
15. HasTitle                       - Score: 0.0171
16. Robots                         - Score: 0.0164
17. Pay                            - Score: 0.0142
18. TLDLegitimateProb              - Score: 0.0112
19. Bank                           - Score: 0.0069
20. HasExternalFormSubmit          - Score: 0.0067
21. HasPasswordField               - Score: 0.0051
22. Crypto                         - Score: 0.0036
23. NoOfSelfRedirect               - Score: 0.0031
24. NoOfQMarkInURL                 - Score: 0.0029
25. NoOfSubDomain                  - Score: 0.0024
26. IsDomainIP                     - Score: 0.0020
27. HasObfuscation                 - Score: 0.0018
28. NoOfURLRedirect                - Score: 0.0018
29. URLSimilarityIndex             - Score: 0.0010
30. NoOfOtherSpecialCharsInURL     - Score: 0.0009
31. NoOfEqualsInURL                - Score: 0.0007
32. TLDLength                      - Score: 0.0006
33. DomainTitleMatchScore          - Score: 0.0005
34. URLTitleMatchScore             - Score: 0.0005
35. NoOfiFrame                     - Score: 0.0004
36. NoOfCSS                        - Score: 0.0003
37. NoOfJS                         - Score: 0.0003
38. DomainLength                   - Score: 0.0003
39. NoOfAmpersandInURL             - Score: 0.0002
40. NoOfDegitsInURL                - Score: 0.0002
41. NoOfObfuscatedChar             - Score: 0.0001
42. NoOfPopup                      - Score: 0.0001
43. NoOfEmptyRef                   - Score: 0.0001
44. NoOfImage                      - Score: 0.0001
45. NoOfSelfRef                    - Score: 0.0001
46. NoOfLettersInURL               - Score: 0.0001
47. NoOfExternalRef                - Score: 0.0001
48. URLLength                      - Score: 0.0000
49. LineOfCode                     - Score: 0.0000
50. LargestLineLength              - Score: 0.0000
================================================================================

Features Ranked by Differentiation Strength:
================================================================================
 1. URLCharProb                    - Score: 1.0000
 2. SpacialCharRatioInURL          - Score: 0.2492
 3. DegitRatioInURL                - Score: 0.0758
 4. LetterRatioInURL               - Score: 0.0499
 5. HasSocialNet                   - Score: 0.0491
 6. HasCopyrightInfo               - Score: 0.0420
 7. CharContinuationRate           - Score: 0.0367
 8. HasDescription                 - Score: 0.0352
 9. HasSubmitButton                - Score: 0.0264
10. IsHTTPS                        - Score: 0.0255
11. IsResponsive                   - Score: 0.0232
12. HasHiddenFields                - Score: 0.0219
13. ObfuscationRatio               - Score: 0.0216
14. HasFavicon                     - Score: 0.0207
15. HasTitle                       - Score: 0.0171
16. Robots                         - Score: 0.0164
17. Pay                            - Score: 0.0142
18. TLDLegitimateProb              - Score: 0.0112
19. Bank                           - Score: 0.0069
20. HasExternalFormSubmit          - Score: 0.0067
21. HasPasswordField               - Score: 0.0051
22. Crypto                         - Score: 0.0036
23. NoOfSelfRedirect               - Score: 0.0031
24. NoOfQMarkInURL                 - Score: 0.0029
25. NoOfSubDomain                  - Score: 0.0024
26. IsDomainIP                     - Score: 0.0020
27. HasObfuscation                 - Score: 0.0018
28. NoOfURLRedirect                - Score: 0.0018
29. URLSimilarityIndex             - Score: 0.0010
30. NoOfOtherSpecialCharsInURL     - Score: 0.0009
31. NoOfEqualsInURL                - Score: 0.0007
32. TLDLength                      - Score: 0.0006
33. DomainTitleMatchScore          - Score: 0.0005
34. URLTitleMatchScore             - Score: 0.0005
35. NoOfiFrame                     - Score: 0.0004
36. NoOfCSS                        - Score: 0.0003
37. NoOfJS                         - Score: 0.0003
38. DomainLength                   - Score: 0.0003
39. NoOfAmpersandInURL             - Score: 0.0002
40. NoOfDegitsInURL                - Score: 0.0002
41. NoOfObfuscatedChar             - Score: 0.0001
42. NoOfPopup                      - Score: 0.0001
43. NoOfEmptyRef                   - Score: 0.0001
44. NoOfImage                      - Score: 0.0001
45. NoOfSelfRef                    - Score: 0.0001
46. NoOfLettersInURL               - Score: 0.0001
47. NoOfExternalRef                - Score: 0.0001
48. URLLength                      - Score: 0.0000
49. LineOfCode                     - Score: 0.0000
50. LargestLineLength              - Score: 0.0000
================================================================================

Features Ranked by Differentiation Strength:
================================================================================
 1. URLCharProb                    - Score: 1.0000
 2. SpacialCharRatioInURL          - Score: 0.6750
 3. DegitRatioInURL                - Score: 0.1017
 4. HasSocialNet                   - Score: 0.0695
 5. HasCopyrightInfo               - Score: 0.0639
================================================================================

Features Ranked by Differentiation Strength:
================================================================================
 1. SpacialCharRatioInURL          - Score: 1.0000
 2. URLCharProb                    - Score: 0.7786
 3. IsHTTPS                        - Score: 0.2699
 4. HasSocialNet                   - Score: 0.1639
 5. HasCopyrightInfo               - Score: 0.1554
================================================================================

Features Ranked by Differentiation Strength:
================================================================================
 1. URLCharProb                    - Score: 1.0000
 2. SpacialCharRatioInURL          - Score: 0.7217
 3. DegitRatioInURL                - Score: 0.1052
 4. HasSocialNet                   - Score: 0.0788
 5. HasCopyrightInfo               - Score: 0.0724
================================================================================

Features Ranked by Differentiation Strength:
================================================================================
 1. URLCharProb                    - Score: 1.0000
 2. SpacialCharRatioInURL          - Score: 0.2627
 3. DegitRatioInURL                - Score: 0.0775
 4. LetterRatioInURL               - Score: 0.0521
 5. HasSocialNet                   - Score: 0.0490
================================================================================

Features Ranked by Differentiation Strength:
================================================================================
 1. URLCharProb                    - Score: 1.0000
 2. SpacialCharRatioInURL          - Score: 0.2521
 3. DegitRatioInURL                - Score: 0.0769
 4. LetterRatioInURL               - Score: 0.0518
 5. HasSocialNet                   - Score: 0.0497
 6. HasCopyrightInfo               - Score: 0.0426
 7. HasDescription                 - Score: 0.0359
 8. CharContinuationRate           - Score: 0.0358
 9. HasSubmitButton                - Score: 0.0266
10. IsHTTPS                        - Score: 0.0258
11. IsResponsive                   - Score: 0.0232
12. HasHiddenFields                - Score: 0.0223
13. HasFavicon                     - Score: 0.0209
14. ObfuscationRatio               - Score: 0.0182
15. HasTitle                       - Score: 0.0173
16. Robots                         - Score: 0.0162
17. Pay                            - Score: 0.0145
18. TLDLegitimateProb              - Score: 0.0113
19. Bank                           - Score: 0.0071
20. HasExternalFormSubmit          - Score: 0.0068
21. HasPasswordField               - Score: 0.0051
22. Crypto                         - Score: 0.0033
23. NoOfSelfRedirect               - Score: 0.0030
24. NoOfQMarkInURL                 - Score: 0.0028
25. NoOfSubDomain                  - Score: 0.0024
26. IsDomainIP                     - Score: 0.0020
27. NoOfURLRedirect                - Score: 0.0017
28. HasObfuscation                 - Score: 0.0017
29. URLSimilarityIndex             - Score: 0.0010
30. NoOfOtherSpecialCharsInURL     - Score: 0.0008
31. TLDLength                      - Score: 0.0006
32. NoOfEqualsInURL                - Score: 0.0006
33. DomainTitleMatchScore          - Score: 0.0005
34. URLTitleMatchScore             - Score: 0.0004
35. NoOfiFrame                     - Score: 0.0004
36. NoOfCSS                        - Score: 0.0004
37. NoOfJS                         - Score: 0.0003
38. DomainLength                   - Score: 0.0003
39. NoOfAmpersandInURL             - Score: 0.0002
40. NoOfPopup                      - Score: 0.0002
41. NoOfDegitsInURL                - Score: 0.0002
42. NoOfObfuscatedChar             - Score: 0.0001
43. NoOfEmptyRef                   - Score: 0.0001
44. NoOfImage                      - Score: 0.0001
45. NoOfSelfRef                    - Score: 0.0001
46. NoOfLettersInURL               - Score: 0.0001
47. URLLength                      - Score: 0.0000
48. NoOfExternalRef                - Score: 0.0000
49. LineOfCode                     - Score: 0.0000
50. LargestLineLength              - Score: 0.0000
================================================================================

Features Ranked by Differentiation Strength:
================================================================================
 1. URLCharProb                    - Score: 1.0000
 2. SpacialCharRatioInURL          - Score: 0.2521
 3. DegitRatioInURL                - Score: 0.0769
 4. LetterRatioInURL               - Score: 0.0518
 5. HasSocialNet                   - Score: 0.0497
 6. HasCopyrightInfo               - Score: 0.0426
 7. HasDescription                 - Score: 0.0359
 8. CharContinuationRate           - Score: 0.0358
 9. HasSubmitButton                - Score: 0.0266
10. IsHTTPS                        - Score: 0.0258
11. IsResponsive                   - Score: 0.0232
12. HasHiddenFields                - Score: 0.0223
13. HasFavicon                     - Score: 0.0209
14. ObfuscationRatio               - Score: 0.0182
15. HasTitle                       - Score: 0.0173
16. Robots                         - Score: 0.0162
17. Pay                            - Score: 0.0145
18. TLDLegitimateProb              - Score: 0.0113
19. Bank                           - Score: 0.0071
20. HasExternalFormSubmit          - Score: 0.0068
21. HasPasswordField               - Score: 0.0051
22. Crypto                         - Score: 0.0033
23. NoOfSelfRedirect               - Score: 0.0030
24. NoOfQMarkInURL                 - Score: 0.0028
25. NoOfSubDomain                  - Score: 0.0024
26. IsDomainIP                     - Score: 0.0020
27. NoOfURLRedirect                - Score: 0.0017
28. HasObfuscation                 - Score: 0.0017
29. URLSimilarityIndex             - Score: 0.0010
30. NoOfOtherSpecialCharsInURL     - Score: 0.0008
31. TLDLength                      - Score: 0.0006
32. NoOfEqualsInURL                - Score: 0.0006
33. DomainTitleMatchScore          - Score: 0.0005
34. URLTitleMatchScore             - Score: 0.0004
35. NoOfiFrame                     - Score: 0.0004
36. NoOfCSS                        - Score: 0.0004
37. NoOfJS                         - Score: 0.0003
38. DomainLength                   - Score: 0.0003
39. NoOfAmpersandInURL             - Score: 0.0002
40. NoOfPopup                      - Score: 0.0002
41. NoOfDegitsInURL                - Score: 0.0002
42. NoOfObfuscatedChar             - Score: 0.0001
43. NoOfEmptyRef                   - Score: 0.0001
44. NoOfImage                      - Score: 0.0001
45. NoOfSelfRef                    - Score: 0.0001
46. NoOfLettersInURL               - Score: 0.0001
47. URLLength                      - Score: 0.0000
48. NoOfExternalRef                - Score: 0.0000
49. LineOfCode                     - Score: 0.0000
50. LargestLineLength              - Score: 0.0000
================================================================================

Features Ranked by Differentiation Strength:
================================================================================
 1. URLCharProb                    - Score: 1.0000
 2. SpacialCharRatioInURL          - Score: 0.6607
 3. DegitRatioInURL                - Score: 0.1045
 4. HasSocialNet                   - Score: 0.0715
 5. HasCopyrightInfo               - Score: 0.0636
================================================================================

Features Ranked by Differentiation Strength:
================================================================================
 1. SpacialCharRatioInURL          - Score: 1.0000
 2. URLCharProb                    - Score: 0.9801
 3. IsHTTPS                        - Score: 0.2764
 4. HasSocialNet                   - Score: 0.1732
 5. HasCopyrightInfo               - Score: 0.1623
================================================================================

Features Ranked by Differentiation Strength:
================================================================================
 1. URLCharProb                    - Score: 1.0000
 2. SpacialCharRatioInURL          - Score: 0.6319
 3. DegitRatioInURL                - Score: 0.1004
 4. HasSocialNet                   - Score: 0.0716
 5. HasCopyrightInfo               - Score: 0.0631
================================================================================

Features Ranked by Differentiation Strength:
================================================================================
 1. URLCharProb                    - Score: 1.0000
 2. SpacialCharRatioInURL          - Score: 0.2748
 3. DegitRatioInURL                - Score: 0.0820
 4. LetterRatioInURL               - Score: 0.0723
 5. HasSocialNet                   - Score: 0.0493
================================================================================

Features Ranked by Differentiation Strength:
================================================================================
 1. URLCharProb                    - Score: 1.0000
 2. SpacialCharRatioInURL          - Score: 0.2509
 3. DegitRatioInURL                - Score: 0.0785
 4. LetterRatioInURL               - Score: 0.0516
 5. HasSocialNet                   - Score: 0.0499
 6. HasCopyrightInfo               - Score: 0.0421
 7. HasDescription                 - Score: 0.0365
 8. CharContinuationRate           - Score: 0.0365
 9. HasSubmitButton                - Score: 0.0268
10. IsHTTPS                        - Score: 0.0262
11. IsResponsive                   - Score: 0.0238
12. HasHiddenFields                - Score: 0.0228
13. HasFavicon                     - Score: 0.0213
14. ObfuscationRatio               - Score: 0.0203
15. HasTitle                       - Score: 0.0175
16. Robots                         - Score: 0.0170
17. Pay                            - Score: 0.0146
18. TLDLegitimateProb              - Score: 0.0119
19. Bank                           - Score: 0.0071
20. HasExternalFormSubmit          - Score: 0.0069
21. HasPasswordField               - Score: 0.0052
22. Crypto                         - Score: 0.0034
23. NoOfQMarkInURL                 - Score: 0.0029
24. NoOfSubDomain                  - Score: 0.0028
25. NoOfSelfRedirect               - Score: 0.0028
26. IsDomainIP                     - Score: 0.0021
27. HasObfuscation                 - Score: 0.0018
28. NoOfURLRedirect                - Score: 0.0016
29. URLSimilarityIndex             - Score: 0.0010
30. NoOfOtherSpecialCharsInURL     - Score: 0.0008
31. NoOfEqualsInURL                - Score: 0.0007
32. TLDLength                      - Score: 0.0006
33. DomainTitleMatchScore          - Score: 0.0005
34. NoOfiFrame                     - Score: 0.0005
35. URLTitleMatchScore             - Score: 0.0005
36. NoOfCSS                        - Score: 0.0003
37. NoOfJS                         - Score: 0.0003
38. DomainLength                   - Score: 0.0003
39. NoOfAmpersandInURL             - Score: 0.0002
40. NoOfDegitsInURL                - Score: 0.0002
41. NoOfPopup                      - Score: 0.0001
42. NoOfObfuscatedChar             - Score: 0.0001
43. NoOfEmptyRef                   - Score: 0.0001
44. NoOfImage                      - Score: 0.0001
45. NoOfSelfRef                    - Score: 0.0001
46. NoOfLettersInURL               - Score: 0.0001
47. URLLength                      - Score: 0.0000
48. NoOfExternalRef                - Score: 0.0000
49. LineOfCode                     - Score: 0.0000
50. LargestLineLength              - Score: 0.0000
================================================================================

Features Ranked by Differentiation Strength:
================================================================================
 1. URLCharProb                    - Score: 1.0000
 2. SpacialCharRatioInURL          - Score: 0.2509
 3. DegitRatioInURL                - Score: 0.0785
 4. LetterRatioInURL               - Score: 0.0516
 5. HasSocialNet                   - Score: 0.0499
 6. HasCopyrightInfo               - Score: 0.0421
 7. HasDescription                 - Score: 0.0365
 8. CharContinuationRate           - Score: 0.0365
 9. HasSubmitButton                - Score: 0.0268
10. IsHTTPS                        - Score: 0.0262
11. IsResponsive                   - Score: 0.0238
12. HasHiddenFields                - Score: 0.0228
13. HasFavicon                     - Score: 0.0213
14. ObfuscationRatio               - Score: 0.0203
15. HasTitle                       - Score: 0.0175
16. Robots                         - Score: 0.0170
17. Pay                            - Score: 0.0146
18. TLDLegitimateProb              - Score: 0.0119
19. Bank                           - Score: 0.0071
20. HasExternalFormSubmit          - Score: 0.0069
21. HasPasswordField               - Score: 0.0052
22. Crypto                         - Score: 0.0034
23. NoOfQMarkInURL                 - Score: 0.0029
24. NoOfSubDomain                  - Score: 0.0028
25. NoOfSelfRedirect               - Score: 0.0028
26. IsDomainIP                     - Score: 0.0021
27. HasObfuscation                 - Score: 0.0018
28. NoOfURLRedirect                - Score: 0.0016
29. URLSimilarityIndex             - Score: 0.0010
30. NoOfOtherSpecialCharsInURL     - Score: 0.0008
31. NoOfEqualsInURL                - Score: 0.0007
32. TLDLength                      - Score: 0.0006
33. DomainTitleMatchScore          - Score: 0.0005
34. NoOfiFrame                     - Score: 0.0005
35. URLTitleMatchScore             - Score: 0.0005
36. NoOfCSS                        - Score: 0.0003
37. NoOfJS                         - Score: 0.0003
38. DomainLength                   - Score: 0.0003
39. NoOfAmpersandInURL             - Score: 0.0002
40. NoOfDegitsInURL                - Score: 0.0002
41. NoOfPopup                      - Score: 0.0001
42. NoOfObfuscatedChar             - Score: 0.0001
43. NoOfEmptyRef                   - Score: 0.0001
44. NoOfImage                      - Score: 0.0001
45. NoOfSelfRef                    - Score: 0.0001
46. NoOfLettersInURL               - Score: 0.0001
47. URLLength                      - Score: 0.0000
48. NoOfExternalRef                - Score: 0.0000
49. LineOfCode                     - Score: 0.0000
50. LargestLineLength              - Score: 0.0000
================================================================================

Features Ranked by Differentiation Strength:
================================================================================
 1. URLCharProb                    - Score: 1.0000
 2. SpacialCharRatioInURL          - Score: 0.6755
 3. DegitRatioInURL                - Score: 0.1060
 4. HasSocialNet                   - Score: 0.0706
 5. HasCopyrightInfo               - Score: 0.0640
================================================================================

Features Ranked by Differentiation Strength:
================================================================================
 1. SpacialCharRatioInURL          - Score: 1.0000
 2. URLCharProb                    - Score: 0.9781
 3. IsHTTPS                        - Score: 0.2685
 4. HasSocialNet                   - Score: 0.1730
 5. HasCopyrightInfo               - Score: 0.1614
================================================================================

Features Ranked by Differentiation Strength:
================================================================================
 1. URLCharProb                    - Score: 1.0000
 2. SpacialCharRatioInURL          - Score: 0.7036
 3. DegitRatioInURL                - Score: 0.1091
 4. HasSocialNet                   - Score: 0.0793
 5. IsHTTPS                        - Score: 0.0714
================================================================================

Features Ranked by Differentiation Strength:
================================================================================
 1. URLCharProb                    - Score: 1.0000
 2. SpacialCharRatioInURL          - Score: 0.2645
 3. DegitRatioInURL                - Score: 0.0802
 4. LetterRatioInURL               - Score: 0.0536
 5. HasSocialNet                   - Score: 0.0498
================================================================================

Features Ranked by Differentiation Strength:
================================================================================
 1. URLCharProb                    - Score: 1.0000
 2. SpacialCharRatioInURL          - Score: 0.2529
 3. DegitRatioInURL                - Score: 0.0768
 4. LetterRatioInURL               - Score: 0.0508
 5. HasSocialNet                   - Score: 0.0491
 6. HasCopyrightInfo               - Score: 0.0420
 7. HasDescription                 - Score: 0.0360
 8. CharContinuationRate           - Score: 0.0354
 9. HasSubmitButton                - Score: 0.0263
10. IsHTTPS                        - Score: 0.0258
11. IsResponsive                   - Score: 0.0234
12. HasHiddenFields                - Score: 0.0221
13. ObfuscationRatio               - Score: 0.0216
14. HasFavicon                     - Score: 0.0208
15. HasTitle                       - Score: 0.0172
16. Robots                         - Score: 0.0166
17. Pay                            - Score: 0.0144
18. TLDLegitimateProb              - Score: 0.0117
19. Bank                           - Score: 0.0069
20. HasExternalFormSubmit          - Score: 0.0067
21. HasPasswordField               - Score: 0.0049
22. Crypto                         - Score: 0.0035
23. NoOfSelfRedirect               - Score: 0.0031
24. NoOfQMarkInURL                 - Score: 0.0029
25. NoOfSubDomain                  - Score: 0.0024
26. IsDomainIP                     - Score: 0.0020
27. HasObfuscation                 - Score: 0.0018
28. NoOfURLRedirect                - Score: 0.0016
29. URLSimilarityIndex             - Score: 0.0010
30. NoOfOtherSpecialCharsInURL     - Score: 0.0008
31. NoOfEqualsInURL                - Score: 0.0007
32. TLDLength                      - Score: 0.0006
33. DomainTitleMatchScore          - Score: 0.0005
34. URLTitleMatchScore             - Score: 0.0004
35. NoOfiFrame                     - Score: 0.0004
36. NoOfCSS                        - Score: 0.0003
37. NoOfJS                         - Score: 0.0003
38. DomainLength                   - Score: 0.0003
39. NoOfDegitsInURL                - Score: 0.0002
40. NoOfAmpersandInURL             - Score: 0.0002
41. NoOfPopup                      - Score: 0.0002
42. NoOfLettersInURL               - Score: 0.0001
43. NoOfObfuscatedChar             - Score: 0.0001
44. URLLength                      - Score: 0.0001
45. NoOfEmptyRef                   - Score: 0.0001
46. NoOfImage                      - Score: 0.0001
47. NoOfSelfRef                    - Score: 0.0001
48. NoOfExternalRef                - Score: 0.0000
49. LineOfCode                     - Score: 0.0000
50. LargestLineLength              - Score: 0.0000
================================================================================

Features Ranked by Differentiation Strength:
================================================================================
 1. URLCharProb                    - Score: 1.0000
 2. SpacialCharRatioInURL          - Score: 0.2529
 3. DegitRatioInURL                - Score: 0.0768
 4. LetterRatioInURL               - Score: 0.0508
 5. HasSocialNet                   - Score: 0.0491
 6. HasCopyrightInfo               - Score: 0.0420
 7. HasDescription                 - Score: 0.0360
 8. CharContinuationRate           - Score: 0.0354
 9. HasSubmitButton                - Score: 0.0263
10. IsHTTPS                        - Score: 0.0258
11. IsResponsive                   - Score: 0.0234
12. HasHiddenFields                - Score: 0.0221
13. ObfuscationRatio               - Score: 0.0216
14. HasFavicon                     - Score: 0.0208
15. HasTitle                       - Score: 0.0172
16. Robots                         - Score: 0.0166
17. Pay                            - Score: 0.0144
18. TLDLegitimateProb              - Score: 0.0117
19. Bank                           - Score: 0.0069
20. HasExternalFormSubmit          - Score: 0.0067
21. HasPasswordField               - Score: 0.0049
22. Crypto                         - Score: 0.0035
23. NoOfSelfRedirect               - Score: 0.0031
24. NoOfQMarkInURL                 - Score: 0.0029
25. NoOfSubDomain                  - Score: 0.0024
26. IsDomainIP                     - Score: 0.0020
27. HasObfuscation                 - Score: 0.0018
28. NoOfURLRedirect                - Score: 0.0016
29. URLSimilarityIndex             - Score: 0.0010
30. NoOfOtherSpecialCharsInURL     - Score: 0.0008
31. NoOfEqualsInURL                - Score: 0.0007
32. TLDLength                      - Score: 0.0006
33. DomainTitleMatchScore          - Score: 0.0005
34. URLTitleMatchScore             - Score: 0.0004
35. NoOfiFrame                     - Score: 0.0004
36. NoOfCSS                        - Score: 0.0003
37. NoOfJS                         - Score: 0.0003
38. DomainLength                   - Score: 0.0003
39. NoOfDegitsInURL                - Score: 0.0002
40. NoOfAmpersandInURL             - Score: 0.0002
41. NoOfPopup                      - Score: 0.0002
42. NoOfLettersInURL               - Score: 0.0001
43. NoOfObfuscatedChar             - Score: 0.0001
44. URLLength                      - Score: 0.0001
45. NoOfEmptyRef                   - Score: 0.0001
46. NoOfImage                      - Score: 0.0001
47. NoOfSelfRef                    - Score: 0.0001
48. NoOfExternalRef                - Score: 0.0000
49. LineOfCode                     - Score: 0.0000
50. LargestLineLength              - Score: 0.0000
================================================================================

Features Ranked by Differentiation Strength:
================================================================================
 1. URLCharProb                    - Score: 1.0000
 2. SpacialCharRatioInURL          - Score: 0.7315
 3. DegitRatioInURL                - Score: 0.1063
 4. HasSocialNet                   - Score: 0.0734
 5. HasCopyrightInfo               - Score: 0.0675
================================================================================

Features Ranked by Differentiation Strength:
================================================================================
 1. SpacialCharRatioInURL          - Score: 1.0000
 2. URLCharProb                    - Score: 0.7053
 3. IsHTTPS                        - Score: 0.3320
 4. HasSocialNet                   - Score: 0.1959
 5. HasCopyrightInfo               - Score: 0.1860
================================================================================

Features Ranked by Differentiation Strength:
================================================================================
 1. URLCharProb                    - Score: 1.0000
 2. SpacialCharRatioInURL          - Score: 0.7313
 3. DegitRatioInURL                - Score: 0.1097
 4. HasSocialNet                   - Score: 0.0787
 5. HasCopyrightInfo               - Score: 0.0723
================================================================================

Features Ranked by Differentiation Strength:
================================================================================
 1. URLCharProb                    - Score: 1.0000
 2. SpacialCharRatioInURL          - Score: 0.2714
 3. DegitRatioInURL                - Score: 0.0797
 4. LetterRatioInURL               - Score: 0.0613
 5. HasSocialNet                   - Score: 0.0490
================================================================================

Features Ranked by Differentiation Strength:
================================================================================
 1. URLCharProb                    - Score: 1.0000
 2. SpacialCharRatioInURL          - Score: 0.2540
 3. DegitRatioInURL                - Score: 0.0761
 4. LetterRatioInURL               - Score: 0.0518
 5. HasSocialNet                   - Score: 0.0496
 6. HasCopyrightInfo               - Score: 0.0427
 7. CharContinuationRate           - Score: 0.0361
 8. HasDescription                 - Score: 0.0353
 9. HasSubmitButton                - Score: 0.0266
10. IsHTTPS                        - Score: 0.0257
11. IsResponsive                   - Score: 0.0233
12. HasHiddenFields                - Score: 0.0223
13. HasFavicon                     - Score: 0.0209
14. ObfuscationRatio               - Score: 0.0201
15. HasTitle                       - Score: 0.0171
16. Robots                         - Score: 0.0165
17. Pay                            - Score: 0.0148
18. TLDLegitimateProb              - Score: 0.0112
19. Bank                           - Score: 0.0071
20. HasExternalFormSubmit          - Score: 0.0067
21. HasPasswordField               - Score: 0.0052
22. Crypto                         - Score: 0.0033
23. NoOfSelfRedirect               - Score: 0.0030
24. NoOfQMarkInURL                 - Score: 0.0030
25. NoOfSubDomain                  - Score: 0.0023
26. IsDomainIP                     - Score: 0.0019
27. NoOfURLRedirect                - Score: 0.0019
28. HasObfuscation                 - Score: 0.0017
29. URLSimilarityIndex             - Score: 0.0010
30. NoOfOtherSpecialCharsInURL     - Score: 0.0008
31. NoOfEqualsInURL                - Score: 0.0007
32. TLDLength                      - Score: 0.0006
33. DomainTitleMatchScore          - Score: 0.0005
34. URLTitleMatchScore             - Score: 0.0004
35. NoOfiFrame                     - Score: 0.0004
36. NoOfJS                         - Score: 0.0004
37. NoOfCSS                        - Score: 0.0003
38. DomainLength                   - Score: 0.0003
39. NoOfAmpersandInURL             - Score: 0.0002
40. NoOfDegitsInURL                - Score: 0.0002
41. NoOfPopup                      - Score: 0.0002
42. NoOfObfuscatedChar             - Score: 0.0001
43. NoOfEmptyRef                   - Score: 0.0001
44. NoOfImage                      - Score: 0.0001
45. NoOfLettersInURL               - Score: 0.0001
46. NoOfSelfRef                    - Score: 0.0001
47. URLLength                      - Score: 0.0000
48. NoOfExternalRef                - Score: 0.0000
49. LineOfCode                     - Score: 0.0000
50. LargestLineLength              - Score: 0.0000
================================================================================

Features Ranked by Differentiation Strength:
================================================================================
 1. URLCharProb                    - Score: 1.0000
 2. SpacialCharRatioInURL          - Score: 0.2540
 3. DegitRatioInURL                - Score: 0.0761
 4. LetterRatioInURL               - Score: 0.0518
 5. HasSocialNet                   - Score: 0.0496
 6. HasCopyrightInfo               - Score: 0.0427
 7. CharContinuationRate           - Score: 0.0361
 8. HasDescription                 - Score: 0.0353
 9. HasSubmitButton                - Score: 0.0266
10. IsHTTPS                        - Score: 0.0257
11. IsResponsive                   - Score: 0.0233
12. HasHiddenFields                - Score: 0.0223
13. HasFavicon                     - Score: 0.0209
14. ObfuscationRatio               - Score: 0.0201
15. HasTitle                       - Score: 0.0171
16. Robots                         - Score: 0.0165
17. Pay                            - Score: 0.0148
18. TLDLegitimateProb              - Score: 0.0112
19. Bank                           - Score: 0.0071
20. HasExternalFormSubmit          - Score: 0.0067
21. HasPasswordField               - Score: 0.0052
22. Crypto                         - Score: 0.0033
23. NoOfSelfRedirect               - Score: 0.0030
24. NoOfQMarkInURL                 - Score: 0.0030
25. NoOfSubDomain                  - Score: 0.0023
26. IsDomainIP                     - Score: 0.0019
27. NoOfURLRedirect                - Score: 0.0019
28. HasObfuscation                 - Score: 0.0017
29. URLSimilarityIndex             - Score: 0.0010
30. NoOfOtherSpecialCharsInURL     - Score: 0.0008
31. NoOfEqualsInURL                - Score: 0.0007
32. TLDLength                      - Score: 0.0006
33. DomainTitleMatchScore          - Score: 0.0005
34. URLTitleMatchScore             - Score: 0.0004
35. NoOfiFrame                     - Score: 0.0004
36. NoOfJS                         - Score: 0.0004
37. NoOfCSS                        - Score: 0.0003
38. DomainLength                   - Score: 0.0003
39. NoOfAmpersandInURL             - Score: 0.0002
40. NoOfDegitsInURL                - Score: 0.0002
41. NoOfPopup                      - Score: 0.0002
42. NoOfObfuscatedChar             - Score: 0.0001
43. NoOfEmptyRef                   - Score: 0.0001
44. NoOfImage                      - Score: 0.0001
45. NoOfLettersInURL               - Score: 0.0001
46. NoOfSelfRef                    - Score: 0.0001
47. URLLength                      - Score: 0.0000
48. NoOfExternalRef                - Score: 0.0000
49. LineOfCode                     - Score: 0.0000
50. LargestLineLength              - Score: 0.0000
================================================================================

Features Ranked by Differentiation Strength:
================================================================================
 1. URLCharProb                    - Score: 1.0000
 2. SpacialCharRatioInURL          - Score: 0.6686
 3. DegitRatioInURL                - Score: 0.1020
 4. HasSocialNet                   - Score: 0.0696
 5. HasCopyrightInfo               - Score: 0.0645
================================================================================

Features Ranked by Differentiation Strength:
================================================================================
 1. SpacialCharRatioInURL          - Score: 1.0000
 2. URLCharProb                    - Score: 0.9211
 3. IsHTTPS                        - Score: 0.2627
 4. HasSocialNet                   - Score: 0.1733
 5. HasCopyrightInfo               - Score: 0.1658
================================================================================

Features Ranked by Differentiation Strength:
================================================================================
 1. URLCharProb                    - Score: 1.0000
 2. SpacialCharRatioInURL          - Score: 0.7139
 3. DegitRatioInURL                - Score: 0.1070
 4. HasSocialNet                   - Score: 0.0785
 5. HasCopyrightInfo               - Score: 0.0727
================================================================================

Features Ranked by Differentiation Strength:
================================================================================
 1. URLCharProb                    - Score: 1.0000
 2. SpacialCharRatioInURL          - Score: 0.2680
 3. DegitRatioInURL                - Score: 0.0779
 4. LetterRatioInURL               - Score: 0.0539
 5. HasSocialNet                   - Score: 0.0496
================================================================================

Features Ranked by Differentiation Strength:
================================================================================
 1. URLCharProb                    - Score: 1.0000
 2. SpacialCharRatioInURL          - Score: 0.2527
 3. DegitRatioInURL                - Score: 0.0776
 4. LetterRatioInURL               - Score: 0.0515
 5. HasSocialNet                   - Score: 0.0494
 6. HasCopyrightInfo               - Score: 0.0430
 7. HasDescription                 - Score: 0.0363
 8. CharContinuationRate           - Score: 0.0360
 9. HasSubmitButton                - Score: 0.0268
10. IsHTTPS                        - Score: 0.0262
11. IsResponsive                   - Score: 0.0235
12. HasHiddenFields                - Score: 0.0225
13. HasFavicon                     - Score: 0.0212
14. ObfuscationRatio               - Score: 0.0196
15. HasTitle                       - Score: 0.0174
16. Robots                         - Score: 0.0164
17. Pay                            - Score: 0.0147
18. TLDLegitimateProb              - Score: 0.0119
19. Bank                           - Score: 0.0074
20. HasExternalFormSubmit          - Score: 0.0068
21. HasPasswordField               - Score: 0.0052
22. Crypto                         - Score: 0.0036
23. NoOfSelfRedirect               - Score: 0.0030
24. NoOfQMarkInURL                 - Score: 0.0029
25. NoOfSubDomain                  - Score: 0.0028
26. IsDomainIP                     - Score: 0.0021
27. NoOfURLRedirect                - Score: 0.0018
28. HasObfuscation                 - Score: 0.0016
29. URLSimilarityIndex             - Score: 0.0010
30. NoOfOtherSpecialCharsInURL     - Score: 0.0008
31. NoOfEqualsInURL                - Score: 0.0006
32. TLDLength                      - Score: 0.0006
33. DomainTitleMatchScore          - Score: 0.0005
34. URLTitleMatchScore             - Score: 0.0005
35. NoOfiFrame                     - Score: 0.0004
36. NoOfCSS                        - Score: 0.0003
37. NoOfJS                         - Score: 0.0003
38. DomainLength                   - Score: 0.0003
39. NoOfAmpersandInURL             - Score: 0.0002
40. NoOfDegitsInURL                - Score: 0.0002
41. NoOfPopup                      - Score: 0.0001
42. NoOfObfuscatedChar             - Score: 0.0001
43. NoOfEmptyRef                   - Score: 0.0001
44. NoOfImage                      - Score: 0.0001
45. NoOfSelfRef                    - Score: 0.0001
46. NoOfLettersInURL               - Score: 0.0001
47. URLLength                      - Score: 0.0000
48. NoOfExternalRef                - Score: 0.0000
49. LineOfCode                     - Score: 0.0000
50. LargestLineLength              - Score: 0.0000
================================================================================

Features Ranked by Differentiation Strength:
================================================================================
 1. URLCharProb                    - Score: 1.0000
 2. SpacialCharRatioInURL          - Score: 0.2527
 3. DegitRatioInURL                - Score: 0.0776
 4. LetterRatioInURL               - Score: 0.0515
 5. HasSocialNet                   - Score: 0.0494
 6. HasCopyrightInfo               - Score: 0.0430
 7. HasDescription                 - Score: 0.0363
 8. CharContinuationRate           - Score: 0.0360
 9. HasSubmitButton                - Score: 0.0268
10. IsHTTPS                        - Score: 0.0262
11. IsResponsive                   - Score: 0.0235
12. HasHiddenFields                - Score: 0.0225
13. HasFavicon                     - Score: 0.0212
14. ObfuscationRatio               - Score: 0.0196
15. HasTitle                       - Score: 0.0174
16. Robots                         - Score: 0.0164
17. Pay                            - Score: 0.0147
18. TLDLegitimateProb              - Score: 0.0119
19. Bank                           - Score: 0.0074
20. HasExternalFormSubmit          - Score: 0.0068
21. HasPasswordField               - Score: 0.0052
22. Crypto                         - Score: 0.0036
23. NoOfSelfRedirect               - Score: 0.0030
24. NoOfQMarkInURL                 - Score: 0.0029
25. NoOfSubDomain                  - Score: 0.0028
26. IsDomainIP                     - Score: 0.0021
27. NoOfURLRedirect                - Score: 0.0018
28. HasObfuscation                 - Score: 0.0016
29. URLSimilarityIndex             - Score: 0.0010
30. NoOfOtherSpecialCharsInURL     - Score: 0.0008
31. NoOfEqualsInURL                - Score: 0.0006
32. TLDLength                      - Score: 0.0006
33. DomainTitleMatchScore          - Score: 0.0005
34. URLTitleMatchScore             - Score: 0.0005
35. NoOfiFrame                     - Score: 0.0004
36. NoOfCSS                        - Score: 0.0003
37. NoOfJS                         - Score: 0.0003
38. DomainLength                   - Score: 0.0003
39. NoOfAmpersandInURL             - Score: 0.0002
40. NoOfDegitsInURL                - Score: 0.0002
41. NoOfPopup                      - Score: 0.0001
42. NoOfObfuscatedChar             - Score: 0.0001
43. NoOfEmptyRef                   - Score: 0.0001
44. NoOfImage                      - Score: 0.0001
45. NoOfSelfRef                    - Score: 0.0001
46. NoOfLettersInURL               - Score: 0.0001
47. URLLength                      - Score: 0.0000
48. NoOfExternalRef                - Score: 0.0000
49. LineOfCode                     - Score: 0.0000
50. LargestLineLength              - Score: 0.0000
================================================================================

Features Ranked by Differentiation Strength:
================================================================================
 1. URLCharProb                    - Score: 1.0000
 2. SpacialCharRatioInURL          - Score: 0.6849
 3. DegitRatioInURL                - Score: 0.1044
 4. HasSocialNet                   - Score: 0.0701
 5. HasCopyrightInfo               - Score: 0.0643
================================================================================

Features Ranked by Differentiation Strength:
================================================================================
 1. SpacialCharRatioInURL          - Score: 1.0000
 2. URLCharProb                    - Score: 0.6467
 3. IsHTTPS                        - Score: 0.2475
 4. HasSocialNet                   - Score: 0.1526
 5. HasCopyrightInfo               - Score: 0.1441
================================================================================

Features Ranked by Differentiation Strength:
================================================================================
 1. URLCharProb                    - Score: 1.0000
 2. SpacialCharRatioInURL          - Score: 0.7373
 3. DegitRatioInURL                - Score: 0.1091
 4. HasSocialNet                   - Score: 0.0796
 5. HasCopyrightInfo               - Score: 0.0733
================================================================================

Features Ranked by Differentiation Strength:
================================================================================
 1. URLCharProb                    - Score: 1.0000
 2. SpacialCharRatioInURL          - Score: 0.2665
 3. DegitRatioInURL                - Score: 0.0790
 4. LetterRatioInURL               - Score: 0.0536
 5. HasSocialNet                   - Score: 0.0493
================================================================================

Features Ranked by Differentiation Strength:
================================================================================
 1. URLCharProb                    - Score: 1.0000
 2. SpacialCharRatioInURL          - Score: 0.2479
 3. DegitRatioInURL                - Score: 0.0763
 4. LetterRatioInURL               - Score: 0.0505
 5. HasSocialNet                   - Score: 0.0484
 6. HasCopyrightInfo               - Score: 0.0412
 7. HasDescription                 - Score: 0.0355
 8. CharContinuationRate           - Score: 0.0352
 9. HasSubmitButton                - Score: 0.0263
10. IsHTTPS                        - Score: 0.0255
11. IsResponsive                   - Score: 0.0232
12. HasHiddenFields                - Score: 0.0223
13. HasFavicon                     - Score: 0.0203
14. ObfuscationRatio               - Score: 0.0180
15. HasTitle                       - Score: 0.0170
16. Robots                         - Score: 0.0164
17. Pay                            - Score: 0.0144
18. TLDLegitimateProb              - Score: 0.0113
19. Bank                           - Score: 0.0072
20. HasExternalFormSubmit          - Score: 0.0066
21. HasPasswordField               - Score: 0.0052
22. Crypto                         - Score: 0.0034
23. NoOfSelfRedirect               - Score: 0.0030
24. NoOfQMarkInURL                 - Score: 0.0029
25. NoOfSubDomain                  - Score: 0.0024
26. IsDomainIP                     - Score: 0.0019
27. NoOfURLRedirect                - Score: 0.0018
28. HasObfuscation                 - Score: 0.0016
29. URLSimilarityIndex             - Score: 0.0010
30. NoOfOtherSpecialCharsInURL     - Score: 0.0008
31. NoOfEqualsInURL                - Score: 0.0007
32. TLDLength                      - Score: 0.0006
33. DomainTitleMatchScore          - Score: 0.0005
34. URLTitleMatchScore             - Score: 0.0004
35. NoOfiFrame                     - Score: 0.0004
36. NoOfCSS                        - Score: 0.0003
37. NoOfJS                         - Score: 0.0003
38. DomainLength                   - Score: 0.0003
39. NoOfAmpersandInURL             - Score: 0.0002
40. NoOfDegitsInURL                - Score: 0.0002
41. NoOfPopup                      - Score: 0.0001
42. NoOfObfuscatedChar             - Score: 0.0001
43. NoOfEmptyRef                   - Score: 0.0001
44. NoOfImage                      - Score: 0.0001
45. NoOfLettersInURL               - Score: 0.0001
46. NoOfSelfRef                    - Score: 0.0001
47. URLLength                      - Score: 0.0000
48. NoOfExternalRef                - Score: 0.0000
49. LineOfCode                     - Score: 0.0000
50. LargestLineLength              - Score: 0.0000
================================================================================

Features Ranked by Differentiation Strength:
================================================================================
 1. URLCharProb                    - Score: 1.0000
 2. SpacialCharRatioInURL          - Score: 0.2479
 3. DegitRatioInURL                - Score: 0.0763
 4. LetterRatioInURL               - Score: 0.0505
 5. HasSocialNet                   - Score: 0.0484
 6. HasCopyrightInfo               - Score: 0.0412
 7. HasDescription                 - Score: 0.0355
 8. CharContinuationRate           - Score: 0.0352
 9. HasSubmitButton                - Score: 0.0263
10. IsHTTPS                        - Score: 0.0255
11. IsResponsive                   - Score: 0.0232
12. HasHiddenFields                - Score: 0.0223
13. HasFavicon                     - Score: 0.0203
14. ObfuscationRatio               - Score: 0.0180
15. HasTitle                       - Score: 0.0170
16. Robots                         - Score: 0.0164
17. Pay                            - Score: 0.0144
18. TLDLegitimateProb              - Score: 0.0113
19. Bank                           - Score: 0.0072
20. HasExternalFormSubmit          - Score: 0.0066
21. HasPasswordField               - Score: 0.0052
22. Crypto                         - Score: 0.0034
23. NoOfSelfRedirect               - Score: 0.0030
24. NoOfQMarkInURL                 - Score: 0.0029
25. NoOfSubDomain                  - Score: 0.0024
26. IsDomainIP                     - Score: 0.0019
27. NoOfURLRedirect                - Score: 0.0018
28. HasObfuscation                 - Score: 0.0016
29. URLSimilarityIndex             - Score: 0.0010
30. NoOfOtherSpecialCharsInURL     - Score: 0.0008
31. NoOfEqualsInURL                - Score: 0.0007
32. TLDLength                      - Score: 0.0006
33. DomainTitleMatchScore          - Score: 0.0005
34. URLTitleMatchScore             - Score: 0.0004
35. NoOfiFrame                     - Score: 0.0004
36. NoOfCSS                        - Score: 0.0003
37. NoOfJS                         - Score: 0.0003
38. DomainLength                   - Score: 0.0003
39. NoOfAmpersandInURL             - Score: 0.0002
40. NoOfDegitsInURL                - Score: 0.0002
41. NoOfPopup                      - Score: 0.0001
42. NoOfObfuscatedChar             - Score: 0.0001
43. NoOfEmptyRef                   - Score: 0.0001
44. NoOfImage                      - Score: 0.0001
45. NoOfLettersInURL               - Score: 0.0001
46. NoOfSelfRef                    - Score: 0.0001
47. URLLength                      - Score: 0.0000
48. NoOfExternalRef                - Score: 0.0000
49. LineOfCode                     - Score: 0.0000
50. LargestLineLength              - Score: 0.0000
================================================================================

Features Ranked by Differentiation Strength:
================================================================================
 1. URLCharProb                    - Score: 1.0000
 2. SpacialCharRatioInURL          - Score: 0.6680
 3. DegitRatioInURL                - Score: 0.1010
 4. HasSocialNet                   - Score: 0.0671
 5. HasCopyrightInfo               - Score: 0.0607
================================================================================

Features Ranked by Differentiation Strength:
================================================================================
 1. SpacialCharRatioInURL          - Score: 1.0000
 2. URLCharProb                    - Score: 0.8987
 3. IsHTTPS                        - Score: 0.2735
 4. HasSocialNet                   - Score: 0.1710
 5. HasCopyrightInfo               - Score: 0.1616
================================================================================

Features Ranked by Differentiation Strength:
================================================================================
 1. URLCharProb                    - Score: 1.0000
 2. SpacialCharRatioInURL          - Score: 0.7152
 3. DegitRatioInURL                - Score: 0.1050
 4. HasSocialNet                   - Score: 0.0755
 5. HasCopyrightInfo               - Score: 0.0684
================================================================================

Features Ranked by Differentiation Strength:
================================================================================
 1. URLCharProb                    - Score: 1.0000
 2. SpacialCharRatioInURL          - Score: 0.2615
 3. DegitRatioInURL                - Score: 0.0780
 4. LetterRatioInURL               - Score: 0.0524
 5. HasSocialNet                   - Score: 0.0484
================================================================================
  PhiUSIIL: hamacher done
  [skip] PhiUSIIL / flat MoG / einstein: ImportError: cannot import name 'MixtureOfGaussiansFuzzyClassifier' from 'tribblefis.gaussian_classifier' (C:\personal\grad-school\tribble-fis\.venv\Lib\site-packages\tribblefis\gaussian_classifier.py)

Features Ranked by Differentiation Strength:
================================================================================
 1. URLCharProb                    - Score: 1.0000
 2. SpacialCharRatioInURL          - Score: 0.2475
 3. DegitRatioInURL                - Score: 0.0768
 4. LetterRatioInURL               - Score: 0.0522
 5. HasSocialNet                   - Score: 0.0493
 6. HasCopyrightInfo               - Score: 0.0422
 7. CharContinuationRate           - Score: 0.0359
 8. HasDescription                 - Score: 0.0356
 9. HasSubmitButton                - Score: 0.0265
10. IsHTTPS                        - Score: 0.0262
11. IsResponsive                   - Score: 0.0237
12. HasHiddenFields                - Score: 0.0224
13. ObfuscationRatio               - Score: 0.0213
14. HasFavicon                     - Score: 0.0211
15. HasTitle                       - Score: 0.0173
16. Robots                         - Score: 0.0165
17. Pay                            - Score: 0.0147
18. TLDLegitimateProb              - Score: 0.0111
19. Bank                           - Score: 0.0073
20. HasExternalFormSubmit          - Score: 0.0069
21. HasPasswordField               - Score: 0.0053
22. Crypto                         - Score: 0.0036
23. NoOfSelfRedirect               - Score: 0.0031
24. NoOfQMarkInURL                 - Score: 0.0029
25. NoOfSubDomain                  - Score: 0.0028
26. IsDomainIP                     - Score: 0.0020
27. NoOfURLRedirect                - Score: 0.0018
28. HasObfuscation                 - Score: 0.0017
29. URLSimilarityIndex             - Score: 0.0010
30. NoOfOtherSpecialCharsInURL     - Score: 0.0009
31. NoOfEqualsInURL                - Score: 0.0007
32. TLDLength                      - Score: 0.0006
33. DomainTitleMatchScore          - Score: 0.0005
34. URLTitleMatchScore             - Score: 0.0004
35. NoOfiFrame                     - Score: 0.0004
36. NoOfCSS                        - Score: 0.0004
37. NoOfJS                         - Score: 0.0003
38. DomainLength                   - Score: 0.0003
39. NoOfAmpersandInURL             - Score: 0.0002
40. NoOfDegitsInURL                - Score: 0.0002
41. NoOfPopup                      - Score: 0.0001
42. NoOfObfuscatedChar             - Score: 0.0001
43. NoOfEmptyRef                   - Score: 0.0001
44. NoOfImage                      - Score: 0.0001
45. NoOfSelfRef                    - Score: 0.0001
46. NoOfLettersInURL               - Score: 0.0001
47. URLLength                      - Score: 0.0000
48. NoOfExternalRef                - Score: 0.0000
49. LineOfCode                     - Score: 0.0000
50. LargestLineLength              - Score: 0.0000
================================================================================

Features Ranked by Differentiation Strength:
================================================================================
 1. URLCharProb                    - Score: 1.0000
 2. SpacialCharRatioInURL          - Score: 0.2475
 3. DegitRatioInURL                - Score: 0.0768
 4. LetterRatioInURL               - Score: 0.0522
 5. HasSocialNet                   - Score: 0.0493
 6. HasCopyrightInfo               - Score: 0.0422
 7. CharContinuationRate           - Score: 0.0359
 8. HasDescription                 - Score: 0.0356
 9. HasSubmitButton                - Score: 0.0265
10. IsHTTPS                        - Score: 0.0262
11. IsResponsive                   - Score: 0.0237
12. HasHiddenFields                - Score: 0.0224
13. ObfuscationRatio               - Score: 0.0213
14. HasFavicon                     - Score: 0.0211
15. HasTitle                       - Score: 0.0173
16. Robots                         - Score: 0.0165
17. Pay                            - Score: 0.0147
18. TLDLegitimateProb              - Score: 0.0111
19. Bank                           - Score: 0.0073
20. HasExternalFormSubmit          - Score: 0.0069
21. HasPasswordField               - Score: 0.0053
22. Crypto                         - Score: 0.0036
23. NoOfSelfRedirect               - Score: 0.0031
24. NoOfQMarkInURL                 - Score: 0.0029
25. NoOfSubDomain                  - Score: 0.0028
26. IsDomainIP                     - Score: 0.0020
27. NoOfURLRedirect                - Score: 0.0018
28. HasObfuscation                 - Score: 0.0017
29. URLSimilarityIndex             - Score: 0.0010
30. NoOfOtherSpecialCharsInURL     - Score: 0.0009
31. NoOfEqualsInURL                - Score: 0.0007
32. TLDLength                      - Score: 0.0006
33. DomainTitleMatchScore          - Score: 0.0005
34. URLTitleMatchScore             - Score: 0.0004
35. NoOfiFrame                     - Score: 0.0004
36. NoOfCSS                        - Score: 0.0004
37. NoOfJS                         - Score: 0.0003
38. DomainLength                   - Score: 0.0003
39. NoOfAmpersandInURL             - Score: 0.0002
40. NoOfDegitsInURL                - Score: 0.0002
41. NoOfPopup                      - Score: 0.0001
42. NoOfObfuscatedChar             - Score: 0.0001
43. NoOfEmptyRef                   - Score: 0.0001
44. NoOfImage                      - Score: 0.0001
45. NoOfSelfRef                    - Score: 0.0001
46. NoOfLettersInURL               - Score: 0.0001
47. URLLength                      - Score: 0.0000
48. NoOfExternalRef                - Score: 0.0000
49. LineOfCode                     - Score: 0.0000
50. LargestLineLength              - Score: 0.0000
================================================================================

Features Ranked by Differentiation Strength:
================================================================================
 1. URLCharProb                    - Score: 1.0000
 2. SpacialCharRatioInURL          - Score: 0.6721
 3. DegitRatioInURL                - Score: 0.1022
 4. HasSocialNet                   - Score: 0.0699
 5. HasCopyrightInfo               - Score: 0.0635
================================================================================

Features Ranked by Differentiation Strength:
================================================================================
 1. SpacialCharRatioInURL          - Score: 1.0000
 2. URLCharProb                    - Score: 0.9753
 3. IsHTTPS                        - Score: 0.2824
 4. HasSocialNet                   - Score: 0.1705
 5. HasCopyrightInfo               - Score: 0.1596
================================================================================

Features Ranked by Differentiation Strength:
================================================================================
 1. URLCharProb                    - Score: 1.0000
 2. SpacialCharRatioInURL          - Score: 0.7143
 3. DegitRatioInURL                - Score: 0.1064
 4. HasSocialNet                   - Score: 0.0786
 5. HasCopyrightInfo               - Score: 0.0715
================================================================================

Features Ranked by Differentiation Strength:
================================================================================
 1. URLCharProb                    - Score: 1.0000
 2. SpacialCharRatioInURL          - Score: 0.2608
 3. DegitRatioInURL                - Score: 0.0785
 4. LetterRatioInURL               - Score: 0.0542
 5. HasSocialNet                   - Score: 0.0492
================================================================================

Features Ranked by Differentiation Strength:
================================================================================
 1. URLCharProb                    - Score: 1.0000
 2. SpacialCharRatioInURL          - Score: 0.2575
 3. DegitRatioInURL                - Score: 0.0784
 4. LetterRatioInURL               - Score: 0.0514
 5. HasSocialNet                   - Score: 0.0498
 6. HasCopyrightInfo               - Score: 0.0427
 7. HasDescription                 - Score: 0.0361
 8. CharContinuationRate           - Score: 0.0358
 9. HasSubmitButton                - Score: 0.0273
10. IsHTTPS                        - Score: 0.0260
11. IsResponsive                   - Score: 0.0232
12. HasHiddenFields                - Score: 0.0225
13. HasFavicon                     - Score: 0.0211
14. ObfuscationRatio               - Score: 0.0209
15. HasTitle                       - Score: 0.0172
16. Robots                         - Score: 0.0165
17. Pay                            - Score: 0.0147
18. TLDLegitimateProb              - Score: 0.0120
19. Bank                           - Score: 0.0072
20. HasExternalFormSubmit          - Score: 0.0069
21. HasPasswordField               - Score: 0.0054
22. Crypto                         - Score: 0.0035
23. NoOfSelfRedirect               - Score: 0.0031
24. NoOfQMarkInURL                 - Score: 0.0029
25. NoOfSubDomain                  - Score: 0.0028
26. IsDomainIP                     - Score: 0.0021
27. NoOfURLRedirect                - Score: 0.0021
28. HasObfuscation                 - Score: 0.0018
29. URLSimilarityIndex             - Score: 0.0010
30. NoOfOtherSpecialCharsInURL     - Score: 0.0008
31. TLDLength                      - Score: 0.0007
32. NoOfEqualsInURL                - Score: 0.0006
33. DomainTitleMatchScore          - Score: 0.0005
34. NoOfiFrame                     - Score: 0.0005
35. URLTitleMatchScore             - Score: 0.0004
36. NoOfCSS                        - Score: 0.0003
37. NoOfJS                         - Score: 0.0003
38. DomainLength                   - Score: 0.0003
39. NoOfAmpersandInURL             - Score: 0.0002
40. NoOfDegitsInURL                - Score: 0.0002
41. NoOfPopup                      - Score: 0.0001
42. NoOfObfuscatedChar             - Score: 0.0001
43. NoOfEmptyRef                   - Score: 0.0001
44. NoOfImage                      - Score: 0.0001
45. NoOfSelfRef                    - Score: 0.0001
46. NoOfLettersInURL               - Score: 0.0001
47. URLLength                      - Score: 0.0000
48. NoOfExternalRef                - Score: 0.0000
49. LineOfCode                     - Score: 0.0000
50. LargestLineLength              - Score: 0.0000
================================================================================

Features Ranked by Differentiation Strength:
================================================================================
 1. URLCharProb                    - Score: 1.0000
 2. SpacialCharRatioInURL          - Score: 0.2575
 3. DegitRatioInURL                - Score: 0.0784
 4. LetterRatioInURL               - Score: 0.0514
 5. HasSocialNet                   - Score: 0.0498
 6. HasCopyrightInfo               - Score: 0.0427
 7. HasDescription                 - Score: 0.0361
 8. CharContinuationRate           - Score: 0.0358
 9. HasSubmitButton                - Score: 0.0273
10. IsHTTPS                        - Score: 0.0260
11. IsResponsive                   - Score: 0.0232
12. HasHiddenFields                - Score: 0.0225
13. HasFavicon                     - Score: 0.0211
14. ObfuscationRatio               - Score: 0.0209
15. HasTitle                       - Score: 0.0172
16. Robots                         - Score: 0.0165
17. Pay                            - Score: 0.0147
18. TLDLegitimateProb              - Score: 0.0120
19. Bank                           - Score: 0.0072
20. HasExternalFormSubmit          - Score: 0.0069
21. HasPasswordField               - Score: 0.0054
22. Crypto                         - Score: 0.0035
23. NoOfSelfRedirect               - Score: 0.0031
24. NoOfQMarkInURL                 - Score: 0.0029
25. NoOfSubDomain                  - Score: 0.0028
26. IsDomainIP                     - Score: 0.0021
27. NoOfURLRedirect                - Score: 0.0021
28. HasObfuscation                 - Score: 0.0018
29. URLSimilarityIndex             - Score: 0.0010
30. NoOfOtherSpecialCharsInURL     - Score: 0.0008
31. TLDLength                      - Score: 0.0007
32. NoOfEqualsInURL                - Score: 0.0006
33. DomainTitleMatchScore          - Score: 0.0005
34. NoOfiFrame                     - Score: 0.0005
35. URLTitleMatchScore             - Score: 0.0004
36. NoOfCSS                        - Score: 0.0003
37. NoOfJS                         - Score: 0.0003
38. DomainLength                   - Score: 0.0003
39. NoOfAmpersandInURL             - Score: 0.0002
40. NoOfDegitsInURL                - Score: 0.0002
41. NoOfPopup                      - Score: 0.0001
42. NoOfObfuscatedChar             - Score: 0.0001
43. NoOfEmptyRef                   - Score: 0.0001
44. NoOfImage                      - Score: 0.0001
45. NoOfSelfRef                    - Score: 0.0001
46. NoOfLettersInURL               - Score: 0.0001
47. URLLength                      - Score: 0.0000
48. NoOfExternalRef                - Score: 0.0000
49. LineOfCode                     - Score: 0.0000
50. LargestLineLength              - Score: 0.0000
================================================================================

Features Ranked by Differentiation Strength:
================================================================================
 1. URLCharProb                    - Score: 1.0000
 2. SpacialCharRatioInURL          - Score: 0.6749
 3. DegitRatioInURL                - Score: 0.1017
 4. HasSocialNet                   - Score: 0.0692
 5. HasCopyrightInfo               - Score: 0.0637
================================================================================

Features Ranked by Differentiation Strength:
================================================================================
 1. SpacialCharRatioInURL          - Score: 1.0000
 2. URLCharProb                    - Score: 0.8271
 3. IsHTTPS                        - Score: 0.2497
 4. HasSocialNet                   - Score: 0.1613
 5. HasCopyrightInfo               - Score: 0.1512
================================================================================

Features Ranked by Differentiation Strength:
================================================================================
 1. URLCharProb                    - Score: 1.0000
 2. SpacialCharRatioInURL          - Score: 0.7335
 3. DegitRatioInURL                - Score: 0.1069
 4. HasSocialNet                   - Score: 0.0787
 5. HasCopyrightInfo               - Score: 0.0721
================================================================================

Features Ranked by Differentiation Strength:
================================================================================
 1. URLCharProb                    - Score: 1.0000
 2. SpacialCharRatioInURL          - Score: 0.2713
 3. DegitRatioInURL                - Score: 0.0798
 4. LetterRatioInURL               - Score: 0.0532
 5. HasSocialNet                   - Score: 0.0497
================================================================================

Features Ranked by Differentiation Strength:
================================================================================
 1. URLCharProb                    - Score: 1.0000
 2. SpacialCharRatioInURL          - Score: 0.2508
 3. DegitRatioInURL                - Score: 0.0773
 4. LetterRatioInURL               - Score: 0.0500
 5. HasSocialNet                   - Score: 0.0483
 6. HasCopyrightInfo               - Score: 0.0416
 7. HasDescription                 - Score: 0.0354
 8. CharContinuationRate           - Score: 0.0353
 9. HasSubmitButton                - Score: 0.0260
10. IsHTTPS                        - Score: 0.0256
11. IsResponsive                   - Score: 0.0228
12. HasHiddenFields                - Score: 0.0221
13. ObfuscationRatio               - Score: 0.0218
14. HasFavicon                     - Score: 0.0203
15. HasTitle                       - Score: 0.0171
16. Robots                         - Score: 0.0163
17. Pay                            - Score: 0.0143
18. TLDLegitimateProb              - Score: 0.0111
19. Bank                           - Score: 0.0071
20. HasExternalFormSubmit          - Score: 0.0066
21. HasPasswordField               - Score: 0.0050
22. Crypto                         - Score: 0.0035
23. NoOfSelfRedirect               - Score: 0.0030
24. NoOfQMarkInURL                 - Score: 0.0029
25. NoOfSubDomain                  - Score: 0.0024
26. IsDomainIP                     - Score: 0.0019
27. NoOfURLRedirect                - Score: 0.0019
28. HasObfuscation                 - Score: 0.0017
29. URLSimilarityIndex             - Score: 0.0010
30. NoOfOtherSpecialCharsInURL     - Score: 0.0008
31. NoOfEqualsInURL                - Score: 0.0006
32. TLDLength                      - Score: 0.0006
33. DomainTitleMatchScore          - Score: 0.0005
34. NoOfiFrame                     - Score: 0.0005
35. URLTitleMatchScore             - Score: 0.0004
36. NoOfCSS                        - Score: 0.0003
37. NoOfJS                         - Score: 0.0003
38. DomainLength                   - Score: 0.0003
39. NoOfAmpersandInURL             - Score: 0.0002
40. NoOfDegitsInURL                - Score: 0.0002
41. NoOfPopup                      - Score: 0.0001
42. NoOfObfuscatedChar             - Score: 0.0001
43. NoOfEmptyRef                   - Score: 0.0001
44. NoOfImage                      - Score: 0.0001
45. NoOfSelfRef                    - Score: 0.0001
46. NoOfLettersInURL               - Score: 0.0001
47. URLLength                      - Score: 0.0000
48. NoOfExternalRef                - Score: 0.0000
49. LineOfCode                     - Score: 0.0000
50. LargestLineLength              - Score: 0.0000
================================================================================

Features Ranked by Differentiation Strength:
================================================================================
 1. URLCharProb                    - Score: 1.0000
 2. SpacialCharRatioInURL          - Score: 0.2508
 3. DegitRatioInURL                - Score: 0.0773
 4. LetterRatioInURL               - Score: 0.0500
 5. HasSocialNet                   - Score: 0.0483
 6. HasCopyrightInfo               - Score: 0.0416
 7. HasDescription                 - Score: 0.0354
 8. CharContinuationRate           - Score: 0.0353
 9. HasSubmitButton                - Score: 0.0260
10. IsHTTPS                        - Score: 0.0256
11. IsResponsive                   - Score: 0.0228
12. HasHiddenFields                - Score: 0.0221
13. ObfuscationRatio               - Score: 0.0218
14. HasFavicon                     - Score: 0.0203
15. HasTitle                       - Score: 0.0171
16. Robots                         - Score: 0.0163
17. Pay                            - Score: 0.0143
18. TLDLegitimateProb              - Score: 0.0111
19. Bank                           - Score: 0.0071
20. HasExternalFormSubmit          - Score: 0.0066
21. HasPasswordField               - Score: 0.0050
22. Crypto                         - Score: 0.0035
23. NoOfSelfRedirect               - Score: 0.0030
24. NoOfQMarkInURL                 - Score: 0.0029
25. NoOfSubDomain                  - Score: 0.0024
26. IsDomainIP                     - Score: 0.0019
27. NoOfURLRedirect                - Score: 0.0019
28. HasObfuscation                 - Score: 0.0017
29. URLSimilarityIndex             - Score: 0.0010
30. NoOfOtherSpecialCharsInURL     - Score: 0.0008
31. NoOfEqualsInURL                - Score: 0.0006
32. TLDLength                      - Score: 0.0006
33. DomainTitleMatchScore          - Score: 0.0005
34. NoOfiFrame                     - Score: 0.0005
35. URLTitleMatchScore             - Score: 0.0004
36. NoOfCSS                        - Score: 0.0003
37. NoOfJS                         - Score: 0.0003
38. DomainLength                   - Score: 0.0003
39. NoOfAmpersandInURL             - Score: 0.0002
40. NoOfDegitsInURL                - Score: 0.0002
41. NoOfPopup                      - Score: 0.0001
42. NoOfObfuscatedChar             - Score: 0.0001
43. NoOfEmptyRef                   - Score: 0.0001
44. NoOfImage                      - Score: 0.0001
45. NoOfSelfRef                    - Score: 0.0001
46. NoOfLettersInURL               - Score: 0.0001
47. URLLength                      - Score: 0.0000
48. NoOfExternalRef                - Score: 0.0000
49. LineOfCode                     - Score: 0.0000
50. LargestLineLength              - Score: 0.0000
================================================================================

Features Ranked by Differentiation Strength:
================================================================================
 1. URLCharProb                    - Score: 1.0000
 2. SpacialCharRatioInURL          - Score: 0.6654
 3. DegitRatioInURL                - Score: 0.1009
 4. HasSocialNet                   - Score: 0.0661
 5. HasCopyrightInfo               - Score: 0.0614
================================================================================

Features Ranked by Differentiation Strength:
================================================================================
 1. SpacialCharRatioInURL          - Score: 1.0000
 2. URLCharProb                    - Score: 0.9993
 3. IsHTTPS                        - Score: 0.2635
 4. HasSocialNet                   - Score: 0.1682
 5. HasCopyrightInfo               - Score: 0.1601
================================================================================

Features Ranked by Differentiation Strength:
================================================================================
 1. URLCharProb                    - Score: 1.0000
 2. SpacialCharRatioInURL          - Score: 0.7111
 3. DegitRatioInURL                - Score: 0.1057
 4. HasSocialNet                   - Score: 0.0748
 5. HasCopyrightInfo               - Score: 0.0694
================================================================================

Features Ranked by Differentiation Strength:
================================================================================
 1. URLCharProb                    - Score: 1.0000
 2. SpacialCharRatioInURL          - Score: 0.2649
 3. DegitRatioInURL                - Score: 0.0789
 4. LetterRatioInURL               - Score: 0.0519
 5. HasSocialNet                   - Score: 0.0483
================================================================================

Features Ranked by Differentiation Strength:
================================================================================
 1. URLCharProb                    - Score: 1.0000
 2. SpacialCharRatioInURL          - Score: 0.2492
 3. DegitRatioInURL                - Score: 0.0758
 4. LetterRatioInURL               - Score: 0.0499
 5. HasSocialNet                   - Score: 0.0491
 6. HasCopyrightInfo               - Score: 0.0420
 7. CharContinuationRate           - Score: 0.0367
 8. HasDescription                 - Score: 0.0352
 9. HasSubmitButton                - Score: 0.0264
10. IsHTTPS                        - Score: 0.0255
11. IsResponsive                   - Score: 0.0232
12. HasHiddenFields                - Score: 0.0219
13. ObfuscationRatio               - Score: 0.0216
14. HasFavicon                     - Score: 0.0207
15. HasTitle                       - Score: 0.0171
16. Robots                         - Score: 0.0164
17. Pay                            - Score: 0.0142
18. TLDLegitimateProb              - Score: 0.0112
19. Bank                           - Score: 0.0069
20. HasExternalFormSubmit          - Score: 0.0067
21. HasPasswordField               - Score: 0.0051
22. Crypto                         - Score: 0.0036
23. NoOfSelfRedirect               - Score: 0.0031
24. NoOfQMarkInURL                 - Score: 0.0029
25. NoOfSubDomain                  - Score: 0.0024
26. IsDomainIP                     - Score: 0.0020
27. HasObfuscation                 - Score: 0.0018
28. NoOfURLRedirect                - Score: 0.0018
29. URLSimilarityIndex             - Score: 0.0010
30. NoOfOtherSpecialCharsInURL     - Score: 0.0009
31. NoOfEqualsInURL                - Score: 0.0007
32. TLDLength                      - Score: 0.0006
33. DomainTitleMatchScore          - Score: 0.0005
34. URLTitleMatchScore             - Score: 0.0005
35. NoOfiFrame                     - Score: 0.0004
36. NoOfCSS                        - Score: 0.0003
37. NoOfJS                         - Score: 0.0003
38. DomainLength                   - Score: 0.0003
39. NoOfAmpersandInURL             - Score: 0.0002
40. NoOfDegitsInURL                - Score: 0.0002
41. NoOfObfuscatedChar             - Score: 0.0001
42. NoOfPopup                      - Score: 0.0001
43. NoOfEmptyRef                   - Score: 0.0001
44. NoOfImage                      - Score: 0.0001
45. NoOfSelfRef                    - Score: 0.0001
46. NoOfLettersInURL               - Score: 0.0001
47. NoOfExternalRef                - Score: 0.0001
48. URLLength                      - Score: 0.0000
49. LineOfCode                     - Score: 0.0000
50. LargestLineLength              - Score: 0.0000
================================================================================

Features Ranked by Differentiation Strength:
================================================================================
 1. URLCharProb                    - Score: 1.0000
 2. SpacialCharRatioInURL          - Score: 0.2492
 3. DegitRatioInURL                - Score: 0.0758
 4. LetterRatioInURL               - Score: 0.0499
 5. HasSocialNet                   - Score: 0.0491
 6. HasCopyrightInfo               - Score: 0.0420
 7. CharContinuationRate           - Score: 0.0367
 8. HasDescription                 - Score: 0.0352
 9. HasSubmitButton                - Score: 0.0264
10. IsHTTPS                        - Score: 0.0255
11. IsResponsive                   - Score: 0.0232
12. HasHiddenFields                - Score: 0.0219
13. ObfuscationRatio               - Score: 0.0216
14. HasFavicon                     - Score: 0.0207
15. HasTitle                       - Score: 0.0171
16. Robots                         - Score: 0.0164
17. Pay                            - Score: 0.0142
18. TLDLegitimateProb              - Score: 0.0112
19. Bank                           - Score: 0.0069
20. HasExternalFormSubmit          - Score: 0.0067
21. HasPasswordField               - Score: 0.0051
22. Crypto                         - Score: 0.0036
23. NoOfSelfRedirect               - Score: 0.0031
24. NoOfQMarkInURL                 - Score: 0.0029
25. NoOfSubDomain                  - Score: 0.0024
26. IsDomainIP                     - Score: 0.0020
27. HasObfuscation                 - Score: 0.0018
28. NoOfURLRedirect                - Score: 0.0018
29. URLSimilarityIndex             - Score: 0.0010
30. NoOfOtherSpecialCharsInURL     - Score: 0.0009
31. NoOfEqualsInURL                - Score: 0.0007
32. TLDLength                      - Score: 0.0006
33. DomainTitleMatchScore          - Score: 0.0005
34. URLTitleMatchScore             - Score: 0.0005
35. NoOfiFrame                     - Score: 0.0004
36. NoOfCSS                        - Score: 0.0003
37. NoOfJS                         - Score: 0.0003
38. DomainLength                   - Score: 0.0003
39. NoOfAmpersandInURL             - Score: 0.0002
40. NoOfDegitsInURL                - Score: 0.0002
41. NoOfObfuscatedChar             - Score: 0.0001
42. NoOfPopup                      - Score: 0.0001
43. NoOfEmptyRef                   - Score: 0.0001
44. NoOfImage                      - Score: 0.0001
45. NoOfSelfRef                    - Score: 0.0001
46. NoOfLettersInURL               - Score: 0.0001
47. NoOfExternalRef                - Score: 0.0001
48. URLLength                      - Score: 0.0000
49. LineOfCode                     - Score: 0.0000
50. LargestLineLength              - Score: 0.0000
================================================================================

Features Ranked by Differentiation Strength:
================================================================================
 1. URLCharProb                    - Score: 1.0000
 2. SpacialCharRatioInURL          - Score: 0.6750
 3. DegitRatioInURL                - Score: 0.1017
 4. HasSocialNet                   - Score: 0.0695
 5. HasCopyrightInfo               - Score: 0.0639
================================================================================

Features Ranked by Differentiation Strength:
================================================================================
 1. SpacialCharRatioInURL          - Score: 1.0000
 2. URLCharProb                    - Score: 0.7786
 3. IsHTTPS                        - Score: 0.2699
 4. HasSocialNet                   - Score: 0.1639
 5. HasCopyrightInfo               - Score: 0.1554
================================================================================

Features Ranked by Differentiation Strength:
================================================================================
 1. URLCharProb                    - Score: 1.0000
 2. SpacialCharRatioInURL          - Score: 0.7217
 3. DegitRatioInURL                - Score: 0.1052
 4. HasSocialNet                   - Score: 0.0788
 5. HasCopyrightInfo               - Score: 0.0724
================================================================================

Features Ranked by Differentiation Strength:
================================================================================
 1. URLCharProb                    - Score: 1.0000
 2. SpacialCharRatioInURL          - Score: 0.2627
 3. DegitRatioInURL                - Score: 0.0775
 4. LetterRatioInURL               - Score: 0.0521
 5. HasSocialNet                   - Score: 0.0490
================================================================================

Features Ranked by Differentiation Strength:
================================================================================
 1. URLCharProb                    - Score: 1.0000
 2. SpacialCharRatioInURL          - Score: 0.2521
 3. DegitRatioInURL                - Score: 0.0769
 4. LetterRatioInURL               - Score: 0.0518
 5. HasSocialNet                   - Score: 0.0497
 6. HasCopyrightInfo               - Score: 0.0426
 7. HasDescription                 - Score: 0.0359
 8. CharContinuationRate           - Score: 0.0358
 9. HasSubmitButton                - Score: 0.0266
10. IsHTTPS                        - Score: 0.0258
11. IsResponsive                   - Score: 0.0232
12. HasHiddenFields                - Score: 0.0223
13. HasFavicon                     - Score: 0.0209
14. ObfuscationRatio               - Score: 0.0182
15. HasTitle                       - Score: 0.0173
16. Robots                         - Score: 0.0162
17. Pay                            - Score: 0.0145
18. TLDLegitimateProb              - Score: 0.0113
19. Bank                           - Score: 0.0071
20. HasExternalFormSubmit          - Score: 0.0068
21. HasPasswordField               - Score: 0.0051
22. Crypto                         - Score: 0.0033
23. NoOfSelfRedirect               - Score: 0.0030
24. NoOfQMarkInURL                 - Score: 0.0028
25. NoOfSubDomain                  - Score: 0.0024
26. IsDomainIP                     - Score: 0.0020
27. NoOfURLRedirect                - Score: 0.0017
28. HasObfuscation                 - Score: 0.0017
29. URLSimilarityIndex             - Score: 0.0010
30. NoOfOtherSpecialCharsInURL     - Score: 0.0008
31. TLDLength                      - Score: 0.0006
32. NoOfEqualsInURL                - Score: 0.0006
33. DomainTitleMatchScore          - Score: 0.0005
34. URLTitleMatchScore             - Score: 0.0004
35. NoOfiFrame                     - Score: 0.0004
36. NoOfCSS                        - Score: 0.0004
37. NoOfJS                         - Score: 0.0003
38. DomainLength                   - Score: 0.0003
39. NoOfAmpersandInURL             - Score: 0.0002
40. NoOfPopup                      - Score: 0.0002
41. NoOfDegitsInURL                - Score: 0.0002
42. NoOfObfuscatedChar             - Score: 0.0001
43. NoOfEmptyRef                   - Score: 0.0001
44. NoOfImage                      - Score: 0.0001
45. NoOfSelfRef                    - Score: 0.0001
46. NoOfLettersInURL               - Score: 0.0001
47. URLLength                      - Score: 0.0000
48. NoOfExternalRef                - Score: 0.0000
49. LineOfCode                     - Score: 0.0000
50. LargestLineLength              - Score: 0.0000
================================================================================

Features Ranked by Differentiation Strength:
================================================================================
 1. URLCharProb                    - Score: 1.0000
 2. SpacialCharRatioInURL          - Score: 0.2521
 3. DegitRatioInURL                - Score: 0.0769
 4. LetterRatioInURL               - Score: 0.0518
 5. HasSocialNet                   - Score: 0.0497
 6. HasCopyrightInfo               - Score: 0.0426
 7. HasDescription                 - Score: 0.0359
 8. CharContinuationRate           - Score: 0.0358
 9. HasSubmitButton                - Score: 0.0266
10. IsHTTPS                        - Score: 0.0258
11. IsResponsive                   - Score: 0.0232
12. HasHiddenFields                - Score: 0.0223
13. HasFavicon                     - Score: 0.0209
14. ObfuscationRatio               - Score: 0.0182
15. HasTitle                       - Score: 0.0173
16. Robots                         - Score: 0.0162
17. Pay                            - Score: 0.0145
18. TLDLegitimateProb              - Score: 0.0113
19. Bank                           - Score: 0.0071
20. HasExternalFormSubmit          - Score: 0.0068
21. HasPasswordField               - Score: 0.0051
22. Crypto                         - Score: 0.0033
23. NoOfSelfRedirect               - Score: 0.0030
24. NoOfQMarkInURL                 - Score: 0.0028
25. NoOfSubDomain                  - Score: 0.0024
26. IsDomainIP                     - Score: 0.0020
27. NoOfURLRedirect                - Score: 0.0017
28. HasObfuscation                 - Score: 0.0017
29. URLSimilarityIndex             - Score: 0.0010
30. NoOfOtherSpecialCharsInURL     - Score: 0.0008
31. TLDLength                      - Score: 0.0006
32. NoOfEqualsInURL                - Score: 0.0006
33. DomainTitleMatchScore          - Score: 0.0005
34. URLTitleMatchScore             - Score: 0.0004
35. NoOfiFrame                     - Score: 0.0004
36. NoOfCSS                        - Score: 0.0004
37. NoOfJS                         - Score: 0.0003
38. DomainLength                   - Score: 0.0003
39. NoOfAmpersandInURL             - Score: 0.0002
40. NoOfPopup                      - Score: 0.0002
41. NoOfDegitsInURL                - Score: 0.0002
42. NoOfObfuscatedChar             - Score: 0.0001
43. NoOfEmptyRef                   - Score: 0.0001
44. NoOfImage                      - Score: 0.0001
45. NoOfSelfRef                    - Score: 0.0001
46. NoOfLettersInURL               - Score: 0.0001
47. URLLength                      - Score: 0.0000
48. NoOfExternalRef                - Score: 0.0000
49. LineOfCode                     - Score: 0.0000
50. LargestLineLength              - Score: 0.0000
================================================================================

Features Ranked by Differentiation Strength:
================================================================================
 1. URLCharProb                    - Score: 1.0000
 2. SpacialCharRatioInURL          - Score: 0.6607
 3. DegitRatioInURL                - Score: 0.1045
 4. HasSocialNet                   - Score: 0.0715
 5. HasCopyrightInfo               - Score: 0.0636
================================================================================

Features Ranked by Differentiation Strength:
================================================================================
 1. SpacialCharRatioInURL          - Score: 1.0000
 2. URLCharProb                    - Score: 0.9801
 3. IsHTTPS                        - Score: 0.2764
 4. HasSocialNet                   - Score: 0.1732
 5. HasCopyrightInfo               - Score: 0.1623
================================================================================

Features Ranked by Differentiation Strength:
================================================================================
 1. URLCharProb                    - Score: 1.0000
 2. SpacialCharRatioInURL          - Score: 0.6319
 3. DegitRatioInURL                - Score: 0.1004
 4. HasSocialNet                   - Score: 0.0716
 5. HasCopyrightInfo               - Score: 0.0631
================================================================================

Features Ranked by Differentiation Strength:
================================================================================
 1. URLCharProb                    - Score: 1.0000
 2. SpacialCharRatioInURL          - Score: 0.2748
 3. DegitRatioInURL                - Score: 0.0820
 4. LetterRatioInURL               - Score: 0.0723
 5. HasSocialNet                   - Score: 0.0493
================================================================================

Features Ranked by Differentiation Strength:
================================================================================
 1. URLCharProb                    - Score: 1.0000
 2. SpacialCharRatioInURL          - Score: 0.2509
 3. DegitRatioInURL                - Score: 0.0785
 4. LetterRatioInURL               - Score: 0.0516
 5. HasSocialNet                   - Score: 0.0499
 6. HasCopyrightInfo               - Score: 0.0421
 7. HasDescription                 - Score: 0.0365
 8. CharContinuationRate           - Score: 0.0365
 9. HasSubmitButton                - Score: 0.0268
10. IsHTTPS                        - Score: 0.0262
11. IsResponsive                   - Score: 0.0238
12. HasHiddenFields                - Score: 0.0228
13. HasFavicon                     - Score: 0.0213
14. ObfuscationRatio               - Score: 0.0203
15. HasTitle                       - Score: 0.0175
16. Robots                         - Score: 0.0170
17. Pay                            - Score: 0.0146
18. TLDLegitimateProb              - Score: 0.0119
19. Bank                           - Score: 0.0071
20. HasExternalFormSubmit          - Score: 0.0069
21. HasPasswordField               - Score: 0.0052
22. Crypto                         - Score: 0.0034
23. NoOfQMarkInURL                 - Score: 0.0029
24. NoOfSubDomain                  - Score: 0.0028
25. NoOfSelfRedirect               - Score: 0.0028
26. IsDomainIP                     - Score: 0.0021
27. HasObfuscation                 - Score: 0.0018
28. NoOfURLRedirect                - Score: 0.0016
29. URLSimilarityIndex             - Score: 0.0010
30. NoOfOtherSpecialCharsInURL     - Score: 0.0008
31. NoOfEqualsInURL                - Score: 0.0007
32. TLDLength                      - Score: 0.0006
33. DomainTitleMatchScore          - Score: 0.0005
34. NoOfiFrame                     - Score: 0.0005
35. URLTitleMatchScore             - Score: 0.0005
36. NoOfCSS                        - Score: 0.0003
37. NoOfJS                         - Score: 0.0003
38. DomainLength                   - Score: 0.0003
39. NoOfAmpersandInURL             - Score: 0.0002
40. NoOfDegitsInURL                - Score: 0.0002
41. NoOfPopup                      - Score: 0.0001
42. NoOfObfuscatedChar             - Score: 0.0001
43. NoOfEmptyRef                   - Score: 0.0001
44. NoOfImage                      - Score: 0.0001
45. NoOfSelfRef                    - Score: 0.0001
46. NoOfLettersInURL               - Score: 0.0001
47. URLLength                      - Score: 0.0000
48. NoOfExternalRef                - Score: 0.0000
49. LineOfCode                     - Score: 0.0000
50. LargestLineLength              - Score: 0.0000
================================================================================

Features Ranked by Differentiation Strength:
================================================================================
 1. URLCharProb                    - Score: 1.0000
 2. SpacialCharRatioInURL          - Score: 0.2509
 3. DegitRatioInURL                - Score: 0.0785
 4. LetterRatioInURL               - Score: 0.0516
 5. HasSocialNet                   - Score: 0.0499
 6. HasCopyrightInfo               - Score: 0.0421
 7. HasDescription                 - Score: 0.0365
 8. CharContinuationRate           - Score: 0.0365
 9. HasSubmitButton                - Score: 0.0268
10. IsHTTPS                        - Score: 0.0262
11. IsResponsive                   - Score: 0.0238
12. HasHiddenFields                - Score: 0.0228
13. HasFavicon                     - Score: 0.0213
14. ObfuscationRatio               - Score: 0.0203
15. HasTitle                       - Score: 0.0175
16. Robots                         - Score: 0.0170
17. Pay                            - Score: 0.0146
18. TLDLegitimateProb              - Score: 0.0119
19. Bank                           - Score: 0.0071
20. HasExternalFormSubmit          - Score: 0.0069
21. HasPasswordField               - Score: 0.0052
22. Crypto                         - Score: 0.0034
23. NoOfQMarkInURL                 - Score: 0.0029
24. NoOfSubDomain                  - Score: 0.0028
25. NoOfSelfRedirect               - Score: 0.0028
26. IsDomainIP                     - Score: 0.0021
27. HasObfuscation                 - Score: 0.0018
28. NoOfURLRedirect                - Score: 0.0016
29. URLSimilarityIndex             - Score: 0.0010
30. NoOfOtherSpecialCharsInURL     - Score: 0.0008
31. NoOfEqualsInURL                - Score: 0.0007
32. TLDLength                      - Score: 0.0006
33. DomainTitleMatchScore          - Score: 0.0005
34. NoOfiFrame                     - Score: 0.0005
35. URLTitleMatchScore             - Score: 0.0005
36. NoOfCSS                        - Score: 0.0003
37. NoOfJS                         - Score: 0.0003
38. DomainLength                   - Score: 0.0003
39. NoOfAmpersandInURL             - Score: 0.0002
40. NoOfDegitsInURL                - Score: 0.0002
41. NoOfPopup                      - Score: 0.0001
42. NoOfObfuscatedChar             - Score: 0.0001
43. NoOfEmptyRef                   - Score: 0.0001
44. NoOfImage                      - Score: 0.0001
45. NoOfSelfRef                    - Score: 0.0001
46. NoOfLettersInURL               - Score: 0.0001
47. URLLength                      - Score: 0.0000
48. NoOfExternalRef                - Score: 0.0000
49. LineOfCode                     - Score: 0.0000
50. LargestLineLength              - Score: 0.0000
================================================================================

Features Ranked by Differentiation Strength:
================================================================================
 1. URLCharProb                    - Score: 1.0000
 2. SpacialCharRatioInURL          - Score: 0.6755
 3. DegitRatioInURL                - Score: 0.1060
 4. HasSocialNet                   - Score: 0.0706
 5. HasCopyrightInfo               - Score: 0.0640
================================================================================

Features Ranked by Differentiation Strength:
================================================================================
 1. SpacialCharRatioInURL          - Score: 1.0000
 2. URLCharProb                    - Score: 0.9781
 3. IsHTTPS                        - Score: 0.2685
 4. HasSocialNet                   - Score: 0.1730
 5. HasCopyrightInfo               - Score: 0.1614
================================================================================

Features Ranked by Differentiation Strength:
================================================================================
 1. URLCharProb                    - Score: 1.0000
 2. SpacialCharRatioInURL          - Score: 0.7036
 3. DegitRatioInURL                - Score: 0.1091
 4. HasSocialNet                   - Score: 0.0793
 5. IsHTTPS                        - Score: 0.0714
================================================================================

Features Ranked by Differentiation Strength:
================================================================================
 1. URLCharProb                    - Score: 1.0000
 2. SpacialCharRatioInURL          - Score: 0.2645
 3. DegitRatioInURL                - Score: 0.0802
 4. LetterRatioInURL               - Score: 0.0536
 5. HasSocialNet                   - Score: 0.0498
================================================================================

Features Ranked by Differentiation Strength:
================================================================================
 1. URLCharProb                    - Score: 1.0000
 2. SpacialCharRatioInURL          - Score: 0.2529
 3. DegitRatioInURL                - Score: 0.0768
 4. LetterRatioInURL               - Score: 0.0508
 5. HasSocialNet                   - Score: 0.0491
 6. HasCopyrightInfo               - Score: 0.0420
 7. HasDescription                 - Score: 0.0360
 8. CharContinuationRate           - Score: 0.0354
 9. HasSubmitButton                - Score: 0.0263
10. IsHTTPS                        - Score: 0.0258
11. IsResponsive                   - Score: 0.0234
12. HasHiddenFields                - Score: 0.0221
13. ObfuscationRatio               - Score: 0.0216
14. HasFavicon                     - Score: 0.0208
15. HasTitle                       - Score: 0.0172
16. Robots                         - Score: 0.0166
17. Pay                            - Score: 0.0144
18. TLDLegitimateProb              - Score: 0.0117
19. Bank                           - Score: 0.0069
20. HasExternalFormSubmit          - Score: 0.0067
21. HasPasswordField               - Score: 0.0049
22. Crypto                         - Score: 0.0035
23. NoOfSelfRedirect               - Score: 0.0031
24. NoOfQMarkInURL                 - Score: 0.0029
25. NoOfSubDomain                  - Score: 0.0024
26. IsDomainIP                     - Score: 0.0020
27. HasObfuscation                 - Score: 0.0018
28. NoOfURLRedirect                - Score: 0.0016
29. URLSimilarityIndex             - Score: 0.0010
30. NoOfOtherSpecialCharsInURL     - Score: 0.0008
31. NoOfEqualsInURL                - Score: 0.0007
32. TLDLength                      - Score: 0.0006
33. DomainTitleMatchScore          - Score: 0.0005
34. URLTitleMatchScore             - Score: 0.0004
35. NoOfiFrame                     - Score: 0.0004
36. NoOfCSS                        - Score: 0.0003
37. NoOfJS                         - Score: 0.0003
38. DomainLength                   - Score: 0.0003
39. NoOfDegitsInURL                - Score: 0.0002
40. NoOfAmpersandInURL             - Score: 0.0002
41. NoOfPopup                      - Score: 0.0002
42. NoOfLettersInURL               - Score: 0.0001
43. NoOfObfuscatedChar             - Score: 0.0001
44. URLLength                      - Score: 0.0001
45. NoOfEmptyRef                   - Score: 0.0001
46. NoOfImage                      - Score: 0.0001
47. NoOfSelfRef                    - Score: 0.0001
48. NoOfExternalRef                - Score: 0.0000
49. LineOfCode                     - Score: 0.0000
50. LargestLineLength              - Score: 0.0000
================================================================================

Features Ranked by Differentiation Strength:
================================================================================
 1. URLCharProb                    - Score: 1.0000
 2. SpacialCharRatioInURL          - Score: 0.2529
 3. DegitRatioInURL                - Score: 0.0768
 4. LetterRatioInURL               - Score: 0.0508
 5. HasSocialNet                   - Score: 0.0491
 6. HasCopyrightInfo               - Score: 0.0420
 7. HasDescription                 - Score: 0.0360
 8. CharContinuationRate           - Score: 0.0354
 9. HasSubmitButton                - Score: 0.0263
10. IsHTTPS                        - Score: 0.0258
11. IsResponsive                   - Score: 0.0234
12. HasHiddenFields                - Score: 0.0221
13. ObfuscationRatio               - Score: 0.0216
14. HasFavicon                     - Score: 0.0208
15. HasTitle                       - Score: 0.0172
16. Robots                         - Score: 0.0166
17. Pay                            - Score: 0.0144
18. TLDLegitimateProb              - Score: 0.0117
19. Bank                           - Score: 0.0069
20. HasExternalFormSubmit          - Score: 0.0067
21. HasPasswordField               - Score: 0.0049
22. Crypto                         - Score: 0.0035
23. NoOfSelfRedirect               - Score: 0.0031
24. NoOfQMarkInURL                 - Score: 0.0029
25. NoOfSubDomain                  - Score: 0.0024
26. IsDomainIP                     - Score: 0.0020
27. HasObfuscation                 - Score: 0.0018
28. NoOfURLRedirect                - Score: 0.0016
29. URLSimilarityIndex             - Score: 0.0010
30. NoOfOtherSpecialCharsInURL     - Score: 0.0008
31. NoOfEqualsInURL                - Score: 0.0007
32. TLDLength                      - Score: 0.0006
33. DomainTitleMatchScore          - Score: 0.0005
34. URLTitleMatchScore             - Score: 0.0004
35. NoOfiFrame                     - Score: 0.0004
36. NoOfCSS                        - Score: 0.0003
37. NoOfJS                         - Score: 0.0003
38. DomainLength                   - Score: 0.0003
39. NoOfDegitsInURL                - Score: 0.0002
40. NoOfAmpersandInURL             - Score: 0.0002
41. NoOfPopup                      - Score: 0.0002
42. NoOfLettersInURL               - Score: 0.0001
43. NoOfObfuscatedChar             - Score: 0.0001
44. URLLength                      - Score: 0.0001
45. NoOfEmptyRef                   - Score: 0.0001
46. NoOfImage                      - Score: 0.0001
47. NoOfSelfRef                    - Score: 0.0001
48. NoOfExternalRef                - Score: 0.0000
49. LineOfCode                     - Score: 0.0000
50. LargestLineLength              - Score: 0.0000
================================================================================

Features Ranked by Differentiation Strength:
================================================================================
 1. URLCharProb                    - Score: 1.0000
 2. SpacialCharRatioInURL          - Score: 0.7315
 3. DegitRatioInURL                - Score: 0.1063
 4. HasSocialNet                   - Score: 0.0734
 5. HasCopyrightInfo               - Score: 0.0675
================================================================================

Features Ranked by Differentiation Strength:
================================================================================
 1. SpacialCharRatioInURL          - Score: 1.0000
 2. URLCharProb                    - Score: 0.7053
 3. IsHTTPS                        - Score: 0.3320
 4. HasSocialNet                   - Score: 0.1959
 5. HasCopyrightInfo               - Score: 0.1860
================================================================================

Features Ranked by Differentiation Strength:
================================================================================
 1. URLCharProb                    - Score: 1.0000
 2. SpacialCharRatioInURL          - Score: 0.7313
 3. DegitRatioInURL                - Score: 0.1097
 4. HasSocialNet                   - Score: 0.0787
 5. HasCopyrightInfo               - Score: 0.0723
================================================================================

Features Ranked by Differentiation Strength:
================================================================================
 1. URLCharProb                    - Score: 1.0000
 2. SpacialCharRatioInURL          - Score: 0.2714
 3. DegitRatioInURL                - Score: 0.0797
 4. LetterRatioInURL               - Score: 0.0613
 5. HasSocialNet                   - Score: 0.0490
================================================================================

Features Ranked by Differentiation Strength:
================================================================================
 1. URLCharProb                    - Score: 1.0000
 2. SpacialCharRatioInURL          - Score: 0.2540
 3. DegitRatioInURL                - Score: 0.0761
 4. LetterRatioInURL               - Score: 0.0518
 5. HasSocialNet                   - Score: 0.0496
 6. HasCopyrightInfo               - Score: 0.0427
 7. CharContinuationRate           - Score: 0.0361
 8. HasDescription                 - Score: 0.0353
 9. HasSubmitButton                - Score: 0.0266
10. IsHTTPS                        - Score: 0.0257
11. IsResponsive                   - Score: 0.0233
12. HasHiddenFields                - Score: 0.0223
13. HasFavicon                     - Score: 0.0209
14. ObfuscationRatio               - Score: 0.0201
15. HasTitle                       - Score: 0.0171
16. Robots                         - Score: 0.0165
17. Pay                            - Score: 0.0148
18. TLDLegitimateProb              - Score: 0.0112
19. Bank                           - Score: 0.0071
20. HasExternalFormSubmit          - Score: 0.0067
21. HasPasswordField               - Score: 0.0052
22. Crypto                         - Score: 0.0033
23. NoOfSelfRedirect               - Score: 0.0030
24. NoOfQMarkInURL                 - Score: 0.0030
25. NoOfSubDomain                  - Score: 0.0023
26. IsDomainIP                     - Score: 0.0019
27. NoOfURLRedirect                - Score: 0.0019
28. HasObfuscation                 - Score: 0.0017
29. URLSimilarityIndex             - Score: 0.0010
30. NoOfOtherSpecialCharsInURL     - Score: 0.0008
31. NoOfEqualsInURL                - Score: 0.0007
32. TLDLength                      - Score: 0.0006
33. DomainTitleMatchScore          - Score: 0.0005
34. URLTitleMatchScore             - Score: 0.0004
35. NoOfiFrame                     - Score: 0.0004
36. NoOfJS                         - Score: 0.0004
37. NoOfCSS                        - Score: 0.0003
38. DomainLength                   - Score: 0.0003
39. NoOfAmpersandInURL             - Score: 0.0002
40. NoOfDegitsInURL                - Score: 0.0002
41. NoOfPopup                      - Score: 0.0002
42. NoOfObfuscatedChar             - Score: 0.0001
43. NoOfEmptyRef                   - Score: 0.0001
44. NoOfImage                      - Score: 0.0001
45. NoOfLettersInURL               - Score: 0.0001
46. NoOfSelfRef                    - Score: 0.0001
47. URLLength                      - Score: 0.0000
48. NoOfExternalRef                - Score: 0.0000
49. LineOfCode                     - Score: 0.0000
50. LargestLineLength              - Score: 0.0000
================================================================================

Features Ranked by Differentiation Strength:
================================================================================
 1. URLCharProb                    - Score: 1.0000
 2. SpacialCharRatioInURL          - Score: 0.2540
 3. DegitRatioInURL                - Score: 0.0761
 4. LetterRatioInURL               - Score: 0.0518
 5. HasSocialNet                   - Score: 0.0496
 6. HasCopyrightInfo               - Score: 0.0427
 7. CharContinuationRate           - Score: 0.0361
 8. HasDescription                 - Score: 0.0353
 9. HasSubmitButton                - Score: 0.0266
10. IsHTTPS                        - Score: 0.0257
11. IsResponsive                   - Score: 0.0233
12. HasHiddenFields                - Score: 0.0223
13. HasFavicon                     - Score: 0.0209
14. ObfuscationRatio               - Score: 0.0201
15. HasTitle                       - Score: 0.0171
16. Robots                         - Score: 0.0165
17. Pay                            - Score: 0.0148
18. TLDLegitimateProb              - Score: 0.0112
19. Bank                           - Score: 0.0071
20. HasExternalFormSubmit          - Score: 0.0067
21. HasPasswordField               - Score: 0.0052
22. Crypto                         - Score: 0.0033
23. NoOfSelfRedirect               - Score: 0.0030
24. NoOfQMarkInURL                 - Score: 0.0030
25. NoOfSubDomain                  - Score: 0.0023
26. IsDomainIP                     - Score: 0.0019
27. NoOfURLRedirect                - Score: 0.0019
28. HasObfuscation                 - Score: 0.0017
29. URLSimilarityIndex             - Score: 0.0010
30. NoOfOtherSpecialCharsInURL     - Score: 0.0008
31. NoOfEqualsInURL                - Score: 0.0007
32. TLDLength                      - Score: 0.0006
33. DomainTitleMatchScore          - Score: 0.0005
34. URLTitleMatchScore             - Score: 0.0004
35. NoOfiFrame                     - Score: 0.0004
36. NoOfJS                         - Score: 0.0004
37. NoOfCSS                        - Score: 0.0003
38. DomainLength                   - Score: 0.0003
39. NoOfAmpersandInURL             - Score: 0.0002
40. NoOfDegitsInURL                - Score: 0.0002
41. NoOfPopup                      - Score: 0.0002
42. NoOfObfuscatedChar             - Score: 0.0001
43. NoOfEmptyRef                   - Score: 0.0001
44. NoOfImage                      - Score: 0.0001
45. NoOfLettersInURL               - Score: 0.0001
46. NoOfSelfRef                    - Score: 0.0001
47. URLLength                      - Score: 0.0000
48. NoOfExternalRef                - Score: 0.0000
49. LineOfCode                     - Score: 0.0000
50. LargestLineLength              - Score: 0.0000
================================================================================

Features Ranked by Differentiation Strength:
================================================================================
 1. URLCharProb                    - Score: 1.0000
 2. SpacialCharRatioInURL          - Score: 0.6686
 3. DegitRatioInURL                - Score: 0.1020
 4. HasSocialNet                   - Score: 0.0696
 5. HasCopyrightInfo               - Score: 0.0645
================================================================================

Features Ranked by Differentiation Strength:
================================================================================
 1. SpacialCharRatioInURL          - Score: 1.0000
 2. URLCharProb                    - Score: 0.9211
 3. IsHTTPS                        - Score: 0.2627
 4. HasSocialNet                   - Score: 0.1733
 5. HasCopyrightInfo               - Score: 0.1658
================================================================================

Features Ranked by Differentiation Strength:
================================================================================
 1. URLCharProb                    - Score: 1.0000
 2. SpacialCharRatioInURL          - Score: 0.7139
 3. DegitRatioInURL                - Score: 0.1070
 4. HasSocialNet                   - Score: 0.0785
 5. HasCopyrightInfo               - Score: 0.0727
================================================================================

Features Ranked by Differentiation Strength:
================================================================================
 1. URLCharProb                    - Score: 1.0000
 2. SpacialCharRatioInURL          - Score: 0.2680
 3. DegitRatioInURL                - Score: 0.0779
 4. LetterRatioInURL               - Score: 0.0539
 5. HasSocialNet                   - Score: 0.0496
================================================================================

Features Ranked by Differentiation Strength:
================================================================================
 1. URLCharProb                    - Score: 1.0000
 2. SpacialCharRatioInURL          - Score: 0.2527
 3. DegitRatioInURL                - Score: 0.0776
 4. LetterRatioInURL               - Score: 0.0515
 5. HasSocialNet                   - Score: 0.0494
 6. HasCopyrightInfo               - Score: 0.0430
 7. HasDescription                 - Score: 0.0363
 8. CharContinuationRate           - Score: 0.0360
 9. HasSubmitButton                - Score: 0.0268
10. IsHTTPS                        - Score: 0.0262
11. IsResponsive                   - Score: 0.0235
12. HasHiddenFields                - Score: 0.0225
13. HasFavicon                     - Score: 0.0212
14. ObfuscationRatio               - Score: 0.0196
15. HasTitle                       - Score: 0.0174
16. Robots                         - Score: 0.0164
17. Pay                            - Score: 0.0147
18. TLDLegitimateProb              - Score: 0.0119
19. Bank                           - Score: 0.0074
20. HasExternalFormSubmit          - Score: 0.0068
21. HasPasswordField               - Score: 0.0052
22. Crypto                         - Score: 0.0036
23. NoOfSelfRedirect               - Score: 0.0030
24. NoOfQMarkInURL                 - Score: 0.0029
25. NoOfSubDomain                  - Score: 0.0028
26. IsDomainIP                     - Score: 0.0021
27. NoOfURLRedirect                - Score: 0.0018
28. HasObfuscation                 - Score: 0.0016
29. URLSimilarityIndex             - Score: 0.0010
30. NoOfOtherSpecialCharsInURL     - Score: 0.0008
31. NoOfEqualsInURL                - Score: 0.0006
32. TLDLength                      - Score: 0.0006
33. DomainTitleMatchScore          - Score: 0.0005
34. URLTitleMatchScore             - Score: 0.0005
35. NoOfiFrame                     - Score: 0.0004
36. NoOfCSS                        - Score: 0.0003
37. NoOfJS                         - Score: 0.0003
38. DomainLength                   - Score: 0.0003
39. NoOfAmpersandInURL             - Score: 0.0002
40. NoOfDegitsInURL                - Score: 0.0002
41. NoOfPopup                      - Score: 0.0001
42. NoOfObfuscatedChar             - Score: 0.0001
43. NoOfEmptyRef                   - Score: 0.0001
44. NoOfImage                      - Score: 0.0001
45. NoOfSelfRef                    - Score: 0.0001
46. NoOfLettersInURL               - Score: 0.0001
47. URLLength                      - Score: 0.0000
48. NoOfExternalRef                - Score: 0.0000
49. LineOfCode                     - Score: 0.0000
50. LargestLineLength              - Score: 0.0000
================================================================================

Features Ranked by Differentiation Strength:
================================================================================
 1. URLCharProb                    - Score: 1.0000
 2. SpacialCharRatioInURL          - Score: 0.2527
 3. DegitRatioInURL                - Score: 0.0776
 4. LetterRatioInURL               - Score: 0.0515
 5. HasSocialNet                   - Score: 0.0494
 6. HasCopyrightInfo               - Score: 0.0430
 7. HasDescription                 - Score: 0.0363
 8. CharContinuationRate           - Score: 0.0360
 9. HasSubmitButton                - Score: 0.0268
10. IsHTTPS                        - Score: 0.0262
11. IsResponsive                   - Score: 0.0235
12. HasHiddenFields                - Score: 0.0225
13. HasFavicon                     - Score: 0.0212
14. ObfuscationRatio               - Score: 0.0196
15. HasTitle                       - Score: 0.0174
16. Robots                         - Score: 0.0164
17. Pay                            - Score: 0.0147
18. TLDLegitimateProb              - Score: 0.0119
19. Bank                           - Score: 0.0074
20. HasExternalFormSubmit          - Score: 0.0068
21. HasPasswordField               - Score: 0.0052
22. Crypto                         - Score: 0.0036
23. NoOfSelfRedirect               - Score: 0.0030
24. NoOfQMarkInURL                 - Score: 0.0029
25. NoOfSubDomain                  - Score: 0.0028
26. IsDomainIP                     - Score: 0.0021
27. NoOfURLRedirect                - Score: 0.0018
28. HasObfuscation                 - Score: 0.0016
29. URLSimilarityIndex             - Score: 0.0010
30. NoOfOtherSpecialCharsInURL     - Score: 0.0008
31. NoOfEqualsInURL                - Score: 0.0006
32. TLDLength                      - Score: 0.0006
33. DomainTitleMatchScore          - Score: 0.0005
34. URLTitleMatchScore             - Score: 0.0005
35. NoOfiFrame                     - Score: 0.0004
36. NoOfCSS                        - Score: 0.0003
37. NoOfJS                         - Score: 0.0003
38. DomainLength                   - Score: 0.0003
39. NoOfAmpersandInURL             - Score: 0.0002
40. NoOfDegitsInURL                - Score: 0.0002
41. NoOfPopup                      - Score: 0.0001
42. NoOfObfuscatedChar             - Score: 0.0001
43. NoOfEmptyRef                   - Score: 0.0001
44. NoOfImage                      - Score: 0.0001
45. NoOfSelfRef                    - Score: 0.0001
46. NoOfLettersInURL               - Score: 0.0001
47. URLLength                      - Score: 0.0000
48. NoOfExternalRef                - Score: 0.0000
49. LineOfCode                     - Score: 0.0000
50. LargestLineLength              - Score: 0.0000
================================================================================

Features Ranked by Differentiation Strength:
================================================================================
 1. URLCharProb                    - Score: 1.0000
 2. SpacialCharRatioInURL          - Score: 0.6849
 3. DegitRatioInURL                - Score: 0.1044
 4. HasSocialNet                   - Score: 0.0701
 5. HasCopyrightInfo               - Score: 0.0643
================================================================================

Features Ranked by Differentiation Strength:
================================================================================
 1. SpacialCharRatioInURL          - Score: 1.0000
 2. URLCharProb                    - Score: 0.6467
 3. IsHTTPS                        - Score: 0.2475
 4. HasSocialNet                   - Score: 0.1526
 5. HasCopyrightInfo               - Score: 0.1441
================================================================================

Features Ranked by Differentiation Strength:
================================================================================
 1. URLCharProb                    - Score: 1.0000
 2. SpacialCharRatioInURL          - Score: 0.7373
 3. DegitRatioInURL                - Score: 0.1091
 4. HasSocialNet                   - Score: 0.0796
 5. HasCopyrightInfo               - Score: 0.0733
================================================================================

Features Ranked by Differentiation Strength:
================================================================================
 1. URLCharProb                    - Score: 1.0000
 2. SpacialCharRatioInURL          - Score: 0.2665
 3. DegitRatioInURL                - Score: 0.0790
 4. LetterRatioInURL               - Score: 0.0536
 5. HasSocialNet                   - Score: 0.0493
================================================================================

Features Ranked by Differentiation Strength:
================================================================================
 1. URLCharProb                    - Score: 1.0000
 2. SpacialCharRatioInURL          - Score: 0.2479
 3. DegitRatioInURL                - Score: 0.0763
 4. LetterRatioInURL               - Score: 0.0505
 5. HasSocialNet                   - Score: 0.0484
 6. HasCopyrightInfo               - Score: 0.0412
 7. HasDescription                 - Score: 0.0355
 8. CharContinuationRate           - Score: 0.0352
 9. HasSubmitButton                - Score: 0.0263
10. IsHTTPS                        - Score: 0.0255
11. IsResponsive                   - Score: 0.0232
12. HasHiddenFields                - Score: 0.0223
13. HasFavicon                     - Score: 0.0203
14. ObfuscationRatio               - Score: 0.0180
15. HasTitle                       - Score: 0.0170
16. Robots                         - Score: 0.0164
17. Pay                            - Score: 0.0144
18. TLDLegitimateProb              - Score: 0.0113
19. Bank                           - Score: 0.0072
20. HasExternalFormSubmit          - Score: 0.0066
21. HasPasswordField               - Score: 0.0052
22. Crypto                         - Score: 0.0034
23. NoOfSelfRedirect               - Score: 0.0030
24. NoOfQMarkInURL                 - Score: 0.0029
25. NoOfSubDomain                  - Score: 0.0024
26. IsDomainIP                     - Score: 0.0019
27. NoOfURLRedirect                - Score: 0.0018
28. HasObfuscation                 - Score: 0.0016
29. URLSimilarityIndex             - Score: 0.0010
30. NoOfOtherSpecialCharsInURL     - Score: 0.0008
31. NoOfEqualsInURL                - Score: 0.0007
32. TLDLength                      - Score: 0.0006
33. DomainTitleMatchScore          - Score: 0.0005
34. URLTitleMatchScore             - Score: 0.0004
35. NoOfiFrame                     - Score: 0.0004
36. NoOfCSS                        - Score: 0.0003
37. NoOfJS                         - Score: 0.0003
38. DomainLength                   - Score: 0.0003
39. NoOfAmpersandInURL             - Score: 0.0002
40. NoOfDegitsInURL                - Score: 0.0002
41. NoOfPopup                      - Score: 0.0001
42. NoOfObfuscatedChar             - Score: 0.0001
43. NoOfEmptyRef                   - Score: 0.0001
44. NoOfImage                      - Score: 0.0001
45. NoOfLettersInURL               - Score: 0.0001
46. NoOfSelfRef                    - Score: 0.0001
47. URLLength                      - Score: 0.0000
48. NoOfExternalRef                - Score: 0.0000
49. LineOfCode                     - Score: 0.0000
50. LargestLineLength              - Score: 0.0000
================================================================================

Features Ranked by Differentiation Strength:
================================================================================
 1. URLCharProb                    - Score: 1.0000
 2. SpacialCharRatioInURL          - Score: 0.2479
 3. DegitRatioInURL                - Score: 0.0763
 4. LetterRatioInURL               - Score: 0.0505
 5. HasSocialNet                   - Score: 0.0484
 6. HasCopyrightInfo               - Score: 0.0412
 7. HasDescription                 - Score: 0.0355
 8. CharContinuationRate           - Score: 0.0352
 9. HasSubmitButton                - Score: 0.0263
10. IsHTTPS                        - Score: 0.0255
11. IsResponsive                   - Score: 0.0232
12. HasHiddenFields                - Score: 0.0223
13. HasFavicon                     - Score: 0.0203
14. ObfuscationRatio               - Score: 0.0180
15. HasTitle                       - Score: 0.0170
16. Robots                         - Score: 0.0164
17. Pay                            - Score: 0.0144
18. TLDLegitimateProb              - Score: 0.0113
19. Bank                           - Score: 0.0072
20. HasExternalFormSubmit          - Score: 0.0066
21. HasPasswordField               - Score: 0.0052
22. Crypto                         - Score: 0.0034
23. NoOfSelfRedirect               - Score: 0.0030
24. NoOfQMarkInURL                 - Score: 0.0029
25. NoOfSubDomain                  - Score: 0.0024
26. IsDomainIP                     - Score: 0.0019
27. NoOfURLRedirect                - Score: 0.0018
28. HasObfuscation                 - Score: 0.0016
29. URLSimilarityIndex             - Score: 0.0010
30. NoOfOtherSpecialCharsInURL     - Score: 0.0008
31. NoOfEqualsInURL                - Score: 0.0007
32. TLDLength                      - Score: 0.0006
33. DomainTitleMatchScore          - Score: 0.0005
34. URLTitleMatchScore             - Score: 0.0004
35. NoOfiFrame                     - Score: 0.0004
36. NoOfCSS                        - Score: 0.0003
37. NoOfJS                         - Score: 0.0003
38. DomainLength                   - Score: 0.0003
39. NoOfAmpersandInURL             - Score: 0.0002
40. NoOfDegitsInURL                - Score: 0.0002
41. NoOfPopup                      - Score: 0.0001
42. NoOfObfuscatedChar             - Score: 0.0001
43. NoOfEmptyRef                   - Score: 0.0001
44. NoOfImage                      - Score: 0.0001
45. NoOfLettersInURL               - Score: 0.0001
46. NoOfSelfRef                    - Score: 0.0001
47. URLLength                      - Score: 0.0000
48. NoOfExternalRef                - Score: 0.0000
49. LineOfCode                     - Score: 0.0000
50. LargestLineLength              - Score: 0.0000
================================================================================

Features Ranked by Differentiation Strength:
================================================================================
 1. URLCharProb                    - Score: 1.0000
 2. SpacialCharRatioInURL          - Score: 0.6680
 3. DegitRatioInURL                - Score: 0.1010
 4. HasSocialNet                   - Score: 0.0671
 5. HasCopyrightInfo               - Score: 0.0607
================================================================================

Features Ranked by Differentiation Strength:
================================================================================
 1. SpacialCharRatioInURL          - Score: 1.0000
 2. URLCharProb                    - Score: 0.8987
 3. IsHTTPS                        - Score: 0.2735
 4. HasSocialNet                   - Score: 0.1710
 5. HasCopyrightInfo               - Score: 0.1616
================================================================================

Features Ranked by Differentiation Strength:
================================================================================
 1. URLCharProb                    - Score: 1.0000
 2. SpacialCharRatioInURL          - Score: 0.7152
 3. DegitRatioInURL                - Score: 0.1050
 4. HasSocialNet                   - Score: 0.0755
 5. HasCopyrightInfo               - Score: 0.0684
================================================================================

Features Ranked by Differentiation Strength:
================================================================================
 1. URLCharProb                    - Score: 1.0000
 2. SpacialCharRatioInURL          - Score: 0.2615
 3. DegitRatioInURL                - Score: 0.0780
 4. LetterRatioInURL               - Score: 0.0524
 5. HasSocialNet                   - Score: 0.0484
================================================================================
  PhiUSIIL: einstein done
  wrote C:\personal\grad-school\reproduce\outputs\table_norm_conorm_matrix.md
  wrote C:\personal\grad-school\reproduce\outputs\table_norm_conorm_matrix.csv
