  [skip] m5py unavailable (ModuleNotFoundError); columns ['M5Prime'] -> N/A
Table 6.1 -- model family vs. baselines

Features Ranked by Differentiation Strength:
================================================================================
 1. Superplasticizer               - Score: 1.0000
 2. Water                          - Score: 0.2791
 3. Age                            - Score: 0.0702
 4. Cement                         - Score: 0.0689
 5. FlyAsh                         - Score: 0.0338
 6. CoarseAgg                      - Score: 0.0313
 7. Slag                           - Score: 0.0293
 8. FineAgg                        - Score: 0.0249
================================================================================

Features Ranked by Differentiation Strength:
================================================================================
 1. Superplasticizer               - Score: 1.0000
 2. Water                          - Score: 0.2791
 3. Age                            - Score: 0.0702
 4. Cement                         - Score: 0.0689
 5. FlyAsh                         - Score: 0.0338
 6. CoarseAgg                      - Score: 0.0313
 7. Slag                           - Score: 0.0293
 8. FineAgg                        - Score: 0.0249
================================================================================

Features Ranked by Differentiation Strength:
================================================================================
 1. Superplasticizer               - Score: 1.0000
 2. Water                          - Score: 0.2791
 3. Age                            - Score: 0.0702
 4. Cement                         - Score: 0.0689
 5. FlyAsh                         - Score: 0.0338
 6. CoarseAgg                      - Score: 0.0313
 7. Slag                           - Score: 0.0293
 8. FineAgg                        - Score: 0.0249
================================================================================

Features Ranked by Differentiation Strength:
================================================================================
 1. Superplasticizer               - Score: 1.0000
 2. Age                            - Score: 0.7763
 3. Water                          - Score: 0.0610
 4. FineAgg                        - Score: 0.0424
 5. Cement                         - Score: 0.0318
 6. Slag                           - Score: 0.0257
 7. FlyAsh                         - Score: 0.0251
 8. CoarseAgg                      - Score: 0.0251
================================================================================

Features Ranked by Differentiation Strength:
================================================================================
 1. Superplasticizer               - Score: 1.0000
 2. Age                            - Score: 0.2672
 3. Water                          - Score: 0.2661
 4. Cement                         - Score: 0.1249
 5. Slag                           - Score: 0.0528
 6. FlyAsh                         - Score: 0.0500
 7. FineAgg                        - Score: 0.0471
 8. CoarseAgg                      - Score: 0.0156
================================================================================

Features Ranked by Differentiation Strength:
================================================================================
 1. Superplasticizer               - Score: 1.0000
 2. Age                            - Score: 0.5763
 3. Cement                         - Score: 0.3602
 4. Slag                           - Score: 0.1875
 5. Water                          - Score: 0.1872
 6. FlyAsh                         - Score: 0.0807
 7. FineAgg                        - Score: 0.0804
 8. CoarseAgg                      - Score: 0.0615
================================================================================

Features Ranked by Differentiation Strength:
================================================================================
 1. Superplasticizer               - Score: 1.0000
 2. Water                          - Score: 0.3183
 3. Cement                         - Score: 0.1374
 4. Age                            - Score: 0.0675
 5. CoarseAgg                      - Score: 0.0482
 6. FineAgg                        - Score: 0.0210
 7. FlyAsh                         - Score: 0.0179
 8. Slag                           - Score: 0.0171
================================================================================

Features Ranked by Differentiation Strength:
================================================================================
 1. Superplasticizer               - Score: 1.0000
 2. Water                          - Score: 0.3197
 3. Age                            - Score: 0.0775
 4. FineAgg                        - Score: 0.0524
 5. CoarseAgg                      - Score: 0.0505
 6. Cement                         - Score: 0.0463
 7. Slag                           - Score: 0.0317
 8. FlyAsh                         - Score: 0.0212
================================================================================

Features Ranked by Differentiation Strength:
================================================================================
 1. Superplasticizer               - Score: 1.0000
 2. Water                          - Score: 0.1879
 3. Cement                         - Score: 0.0404
 4. Age                            - Score: 0.0371
 5. FineAgg                        - Score: 0.0286
 6. FlyAsh                         - Score: 0.0213
 7. Slag                           - Score: 0.0211
 8. CoarseAgg                      - Score: 0.0198
================================================================================

Features Ranked by Differentiation Strength:
================================================================================
 1. Superplasticizer               - Score: 1.0000
 2. Age                            - Score: 0.2533
 3. Water                          - Score: 0.1895
 4. Cement                         - Score: 0.1099
 5. Slag                           - Score: 0.1010
 6. FlyAsh                         - Score: 0.0810
 7. FineAgg                        - Score: 0.0274
 8. CoarseAgg                      - Score: 0.0245
================================================================================

Features Ranked by Differentiation Strength:
================================================================================
 1. Superplasticizer               - Score: 1.0000
 2. Water                          - Score: 0.3666
 3. Age                            - Score: 0.1746
 4. Slag                           - Score: 0.1121
 5. Cement                         - Score: 0.0565
 6. CoarseAgg                      - Score: 0.0470
 7. FineAgg                        - Score: 0.0393
 8. FlyAsh                         - Score: 0.0368
================================================================================

Features Ranked by Differentiation Strength:
================================================================================
 1. Superplasticizer               - Score: 1.0000
 2. Water                          - Score: 0.2799
 3. Age                            - Score: 0.0742
 4. Cement                         - Score: 0.0676
 5. CoarseAgg                      - Score: 0.0345
 6. FlyAsh                         - Score: 0.0256
 7. Slag                           - Score: 0.0249
 8. FineAgg                        - Score: 0.0219
================================================================================

Features Ranked by Differentiation Strength:
================================================================================
 1. Superplasticizer               - Score: 1.0000
 2. Water                          - Score: 0.2799
 3. Age                            - Score: 0.0742
 4. Cement                         - Score: 0.0676
 5. CoarseAgg                      - Score: 0.0345
 6. FlyAsh                         - Score: 0.0256
 7. Slag                           - Score: 0.0249
 8. FineAgg                        - Score: 0.0219
================================================================================

Features Ranked by Differentiation Strength:
================================================================================
 1. Superplasticizer               - Score: 1.0000
 2. Water                          - Score: 0.2799
 3. Age                            - Score: 0.0742
 4. Cement                         - Score: 0.0676
 5. CoarseAgg                      - Score: 0.0345
 6. FlyAsh                         - Score: 0.0256
 7. Slag                           - Score: 0.0249
 8. FineAgg                        - Score: 0.0219
================================================================================

Features Ranked by Differentiation Strength:
================================================================================
 1. Age                            - Score: 1.0000
 2. Superplasticizer               - Score: 0.7120
 3. Water                          - Score: 0.1427
 4. FlyAsh                         - Score: 0.0425
 5. FineAgg                        - Score: 0.0305
 6. CoarseAgg                      - Score: 0.0291
 7. Cement                         - Score: 0.0284
 8. Slag                           - Score: 0.0147
================================================================================

Features Ranked by Differentiation Strength:
================================================================================
 1. Superplasticizer               - Score: 1.0000
 2. Water                          - Score: 0.2867
 3. Cement                         - Score: 0.1524
 4. FlyAsh                         - Score: 0.0454
 5. Slag                           - Score: 0.0327
 6. FineAgg                        - Score: 0.0301
 7. CoarseAgg                      - Score: 0.0232
 8. Age                            - Score: 0.0000
================================================================================

Features Ranked by Differentiation Strength:
================================================================================
 1. Superplasticizer               - Score: 1.0000
 2. Age                            - Score: 0.6314
 3. Cement                         - Score: 0.3082
 4. Water                          - Score: 0.1797
 5. Slag                           - Score: 0.1490
 6. FlyAsh                         - Score: 0.0659
 7. CoarseAgg                      - Score: 0.0612
 8. FineAgg                        - Score: 0.0583
================================================================================

Features Ranked by Differentiation Strength:
================================================================================
 1. Superplasticizer               - Score: 1.0000
 2. Water                          - Score: 0.2576
 3. Cement                         - Score: 0.1442
 4. Age                            - Score: 0.0485
 5. CoarseAgg                      - Score: 0.0455
 6. FineAgg                        - Score: 0.0237
 7. FlyAsh                         - Score: 0.0226
 8. Slag                           - Score: 0.0199
================================================================================

Features Ranked by Differentiation Strength:
================================================================================
 1. Water                          - Score: 1.0000
 2. Cement                         - Score: 0.2760
 3. Age                            - Score: 0.2576
 4. CoarseAgg                      - Score: 0.1992
 5. FineAgg                        - Score: 0.1608
 6. Slag                           - Score: 0.1511
 7. FlyAsh                         - Score: 0.0000
 8. Superplasticizer               - Score: 0.0000
================================================================================

Features Ranked by Differentiation Strength:
================================================================================
 1. Superplasticizer               - Score: 1.0000
 2. Water                          - Score: 0.1564
 3. Cement                         - Score: 0.0473
 4. Age                            - Score: 0.0376
 5. FineAgg                        - Score: 0.0282
 6. FlyAsh                         - Score: 0.0253
 7. CoarseAgg                      - Score: 0.0209
 8. Slag                           - Score: 0.0196
================================================================================

Features Ranked by Differentiation Strength:
================================================================================
 1. Superplasticizer               - Score: 1.0000
 2. Age                            - Score: 0.2323
 3. Cement                         - Score: 0.1021
 4. Water                          - Score: 0.0848
 5. FlyAsh                         - Score: 0.0796
 6. Slag                           - Score: 0.0726
 7. FineAgg                        - Score: 0.0322
 8. CoarseAgg                      - Score: 0.0291
================================================================================

Features Ranked by Differentiation Strength:
================================================================================
 1. Superplasticizer               - Score: 1.0000
 2. Water                          - Score: 0.3387
 3. Age                            - Score: 0.1872
 4. Slag                           - Score: 0.1113
 5. CoarseAgg                      - Score: 0.0634
 6. Cement                         - Score: 0.0491
 7. FlyAsh                         - Score: 0.0360
 8. FineAgg                        - Score: 0.0327
================================================================================

Features Ranked by Differentiation Strength:
================================================================================
 1. Superplasticizer               - Score: 1.0000
 2. Water                          - Score: 0.3022
 3. Cement                         - Score: 0.0800
 4. Age                            - Score: 0.0756
 5. FlyAsh                         - Score: 0.0342
 6. CoarseAgg                      - Score: 0.0340
 7. FineAgg                        - Score: 0.0284
 8. Slag                           - Score: 0.0259
================================================================================

Features Ranked by Differentiation Strength:
================================================================================
 1. Superplasticizer               - Score: 1.0000
 2. Water                          - Score: 0.3022
 3. Cement                         - Score: 0.0800
 4. Age                            - Score: 0.0756
 5. FlyAsh                         - Score: 0.0342
 6. CoarseAgg                      - Score: 0.0340
 7. FineAgg                        - Score: 0.0284
 8. Slag                           - Score: 0.0259
================================================================================

Features Ranked by Differentiation Strength:
================================================================================
 1. Superplasticizer               - Score: 1.0000
 2. Water                          - Score: 0.3022
 3. Cement                         - Score: 0.0800
 4. Age                            - Score: 0.0756
 5. FlyAsh                         - Score: 0.0342
 6. CoarseAgg                      - Score: 0.0340
 7. FineAgg                        - Score: 0.0284
 8. Slag                           - Score: 0.0259
================================================================================

Features Ranked by Differentiation Strength:
================================================================================
 1. Superplasticizer               - Score: 1.0000
 2. Age                            - Score: 0.7519
 3. Water                          - Score: 0.1729
 4. Cement                         - Score: 0.0969
 5. Slag                           - Score: 0.0707
 6. FineAgg                        - Score: 0.0519
 7. FlyAsh                         - Score: 0.0273
 8. CoarseAgg                      - Score: 0.0230
================================================================================

Features Ranked by Differentiation Strength:
================================================================================
 1. Superplasticizer               - Score: 1.0000
 2. Age                            - Score: 0.4639
 3. Water                          - Score: 0.2357
 4. Cement                         - Score: 0.0954
 5. Slag                           - Score: 0.0616
 6. FlyAsh                         - Score: 0.0327
 7. FineAgg                        - Score: 0.0319
 8. CoarseAgg                      - Score: 0.0278
================================================================================

Features Ranked by Differentiation Strength:
================================================================================
 1. Superplasticizer               - Score: 1.0000
 2. Age                            - Score: 0.5531
 3. Cement                         - Score: 0.1828
 4. Water                          - Score: 0.1821
 5. Slag                           - Score: 0.0806
 6. FineAgg                        - Score: 0.0483
 7. FlyAsh                         - Score: 0.0335
 8. CoarseAgg                      - Score: 0.0197
================================================================================

Features Ranked by Differentiation Strength:
================================================================================
 1. Superplasticizer               - Score: 1.0000
 2. Water                          - Score: 0.2931
 3. Cement                         - Score: 0.1825
 4. Age                            - Score: 0.0599
 5. CoarseAgg                      - Score: 0.0473
 6. FlyAsh                         - Score: 0.0247
 7. Slag                           - Score: 0.0225
 8. FineAgg                        - Score: 0.0222
================================================================================

Features Ranked by Differentiation Strength:
================================================================================
 1. Water                          - Score: 1.0000
 2. FineAgg                        - Score: 0.2348
 3. Age                            - Score: 0.1623
 4. CoarseAgg                      - Score: 0.1562
 5. Cement                         - Score: 0.1168
 6. Slag                           - Score: 0.0678
 7. FlyAsh                         - Score: 0.0000
 8. Superplasticizer               - Score: 0.0000
================================================================================

Features Ranked by Differentiation Strength:
================================================================================
 1. Superplasticizer               - Score: 1.0000
 2. Water                          - Score: 0.1786
 3. Cement                         - Score: 0.0615
 4. Age                            - Score: 0.0393
 5. FineAgg                        - Score: 0.0378
 6. Slag                           - Score: 0.0246
 7. FlyAsh                         - Score: 0.0242
 8. CoarseAgg                      - Score: 0.0205
================================================================================

Features Ranked by Differentiation Strength:
================================================================================
 1. Superplasticizer               - Score: 1.0000
 2. Age                            - Score: 0.3629
 3. Water                          - Score: 0.1784
 4. Cement                         - Score: 0.1655
 5. Slag                           - Score: 0.1174
 6. FlyAsh                         - Score: 0.0989
 7. FineAgg                        - Score: 0.0477
 8. CoarseAgg                      - Score: 0.0363
================================================================================

Features Ranked by Differentiation Strength:
================================================================================
 1. Superplasticizer               - Score: 1.0000
 2. Water                          - Score: 0.5525
 3. Age                            - Score: 0.3158
 4. Slag                           - Score: 0.1738
 5. FlyAsh                         - Score: 0.0956
 6. Cement                         - Score: 0.0937
 7. FineAgg                        - Score: 0.0623
 8. CoarseAgg                      - Score: 0.0431
================================================================================

Features Ranked by Differentiation Strength:
================================================================================
 1. Superplasticizer               - Score: 1.0000
 2. Water                          - Score: 0.2961
 3. Cement                         - Score: 0.0764
 4. Age                            - Score: 0.0726
 5. FlyAsh                         - Score: 0.0368
 6. CoarseAgg                      - Score: 0.0315
 7. FineAgg                        - Score: 0.0266
 8. Slag                           - Score: 0.0253
================================================================================

Features Ranked by Differentiation Strength:
================================================================================
 1. Superplasticizer               - Score: 1.0000
 2. Water                          - Score: 0.2961
 3. Cement                         - Score: 0.0764
 4. Age                            - Score: 0.0726
 5. FlyAsh                         - Score: 0.0368
 6. CoarseAgg                      - Score: 0.0315
 7. FineAgg                        - Score: 0.0266
 8. Slag                           - Score: 0.0253
================================================================================

Features Ranked by Differentiation Strength:
================================================================================
 1. Superplasticizer               - Score: 1.0000
 2. Water                          - Score: 0.2961
 3. Cement                         - Score: 0.0764
 4. Age                            - Score: 0.0726
 5. FlyAsh                         - Score: 0.0368
 6. CoarseAgg                      - Score: 0.0315
 7. FineAgg                        - Score: 0.0266
 8. Slag                           - Score: 0.0253
================================================================================

Features Ranked by Differentiation Strength:
================================================================================
 1. Superplasticizer               - Score: 1.0000
 2. Age                            - Score: 0.8601
 3. Water                          - Score: 0.1583
 4. Cement                         - Score: 0.1311
 5. Slag                           - Score: 0.0824
 6. FineAgg                        - Score: 0.0631
 7. CoarseAgg                      - Score: 0.0403
 8. FlyAsh                         - Score: 0.0305
================================================================================

Features Ranked by Differentiation Strength:
================================================================================
 1. Superplasticizer               - Score: 1.0000
 2. Age                            - Score: 0.4282
 3. Water                          - Score: 0.1156
 4. Cement                         - Score: 0.0990
 5. Slag                           - Score: 0.0751
 6. FineAgg                        - Score: 0.0314
 7. CoarseAgg                      - Score: 0.0257
 8. FlyAsh                         - Score: 0.0224
================================================================================

Features Ranked by Differentiation Strength:
================================================================================
 1. Superplasticizer               - Score: 1.0000
 2. Age                            - Score: 0.6552
 3. Cement                         - Score: 0.2490
 4. Water                          - Score: 0.1702
 5. Slag                           - Score: 0.0855
 6. FineAgg                        - Score: 0.0568
 7. FlyAsh                         - Score: 0.0373
 8. CoarseAgg                      - Score: 0.0332
================================================================================

Features Ranked by Differentiation Strength:
================================================================================
 1. Superplasticizer               - Score: 1.0000
 2. Water                          - Score: 0.2871
 3. Cement                         - Score: 0.1528
 4. Age                            - Score: 0.0716
 5. CoarseAgg                      - Score: 0.0399
 6. FlyAsh                         - Score: 0.0210
 7. FineAgg                        - Score: 0.0203
 8. Slag                           - Score: 0.0189
================================================================================

Features Ranked by Differentiation Strength:
================================================================================
 1. Water                          - Score: 1.0000
 2. FineAgg                        - Score: 0.1930
 3. CoarseAgg                      - Score: 0.1504
 4. Age                            - Score: 0.1484
 5. Cement                         - Score: 0.0897
 6. Slag                           - Score: 0.0700
 7. FlyAsh                         - Score: 0.0000
 8. Superplasticizer               - Score: 0.0000
================================================================================

Features Ranked by Differentiation Strength:
================================================================================
 1. Superplasticizer               - Score: 1.0000
 2. Water                          - Score: 0.1813
 3. Cement                         - Score: 0.0645
 4. Age                            - Score: 0.0408
 5. FineAgg                        - Score: 0.0358
 6. FlyAsh                         - Score: 0.0254
 7. CoarseAgg                      - Score: 0.0228
 8. Slag                           - Score: 0.0228
================================================================================

Features Ranked by Differentiation Strength:
================================================================================
 1. Superplasticizer               - Score: 1.0000
 2. Age                            - Score: 0.3538
 3. Water                          - Score: 0.1996
 4. Cement                         - Score: 0.1403
 5. Slag                           - Score: 0.1139
 6. FlyAsh                         - Score: 0.0878
 7. FineAgg                        - Score: 0.0347
 8. CoarseAgg                      - Score: 0.0296
================================================================================

Features Ranked by Differentiation Strength:
================================================================================
 1. Superplasticizer               - Score: 1.0000
 2. Water                          - Score: 0.4641
 3. Age                            - Score: 0.2300
 4. Slag                           - Score: 0.1194
 5. FlyAsh                         - Score: 0.0690
 6. Cement                         - Score: 0.0585
 7. FineAgg                        - Score: 0.0390
 8. CoarseAgg                      - Score: 0.0239
================================================================================

Features Ranked by Differentiation Strength:
================================================================================
 1. Superplasticizer               - Score: 1.0000
 2. Water                          - Score: 0.2996
 3. Cement                         - Score: 0.0762
 4. Age                            - Score: 0.0724
 5. CoarseAgg                      - Score: 0.0374
 6. FlyAsh                         - Score: 0.0371
 7. Slag                           - Score: 0.0287
 8. FineAgg                        - Score: 0.0272
================================================================================

Features Ranked by Differentiation Strength:
================================================================================
 1. Superplasticizer               - Score: 1.0000
 2. Water                          - Score: 0.2996
 3. Cement                         - Score: 0.0762
 4. Age                            - Score: 0.0724
 5. CoarseAgg                      - Score: 0.0374
 6. FlyAsh                         - Score: 0.0371
 7. Slag                           - Score: 0.0287
 8. FineAgg                        - Score: 0.0272
================================================================================

Features Ranked by Differentiation Strength:
================================================================================
 1. Superplasticizer               - Score: 1.0000
 2. Water                          - Score: 0.2996
 3. Cement                         - Score: 0.0762
 4. Age                            - Score: 0.0724
 5. CoarseAgg                      - Score: 0.0374
 6. FlyAsh                         - Score: 0.0371
 7. Slag                           - Score: 0.0287
 8. FineAgg                        - Score: 0.0272
================================================================================

Features Ranked by Differentiation Strength:
================================================================================
 1. Superplasticizer               - Score: 1.0000
 2. Age                            - Score: 0.7990
 3. Water                          - Score: 0.0768
 4. Cement                         - Score: 0.0351
 5. CoarseAgg                      - Score: 0.0276
 6. FineAgg                        - Score: 0.0235
 7. FlyAsh                         - Score: 0.0227
 8. Slag                           - Score: 0.0167
================================================================================

Features Ranked by Differentiation Strength:
================================================================================
 1. Superplasticizer               - Score: 1.0000
 2. Age                            - Score: 0.3407
 3. Water                          - Score: 0.2268
 4. Cement                         - Score: 0.1562
 5. FlyAsh                         - Score: 0.0698
 6. FineAgg                        - Score: 0.0471
 7. Slag                           - Score: 0.0447
 8. CoarseAgg                      - Score: 0.0202
================================================================================

Features Ranked by Differentiation Strength:
================================================================================
 1. Superplasticizer               - Score: 1.0000
 2. Age                            - Score: 0.6580
 3. Cement                         - Score: 0.3649
 4. Slag                           - Score: 0.2235
 5. Water                          - Score: 0.2217
 6. FineAgg                        - Score: 0.1021
 7. FlyAsh                         - Score: 0.0767
 8. CoarseAgg                      - Score: 0.0672
================================================================================

Features Ranked by Differentiation Strength:
================================================================================
 1. Superplasticizer               - Score: 1.0000
 2. Water                          - Score: 0.3121
 3. Cement                         - Score: 0.2281
 4. Age                            - Score: 0.0881
 5. CoarseAgg                      - Score: 0.0776
 6. FineAgg                        - Score: 0.0520
 7. FlyAsh                         - Score: 0.0408
 8. Slag                           - Score: 0.0346
================================================================================

Features Ranked by Differentiation Strength:
================================================================================
 1. Superplasticizer               - Score: 1.0000
 2. Water                          - Score: 0.6374
 3. CoarseAgg                      - Score: 0.1924
 4. Age                            - Score: 0.1745
 5. FineAgg                        - Score: 0.1434
 6. Cement                         - Score: 0.1014
 7. Slag                           - Score: 0.0887
 8. FlyAsh                         - Score: 0.0612
================================================================================

Features Ranked by Differentiation Strength:
================================================================================
 1. Superplasticizer               - Score: 1.0000
 2. Water                          - Score: 0.2257
 3. Cement                         - Score: 0.0796
 4. FineAgg                        - Score: 0.0482
 5. Age                            - Score: 0.0408
 6. CoarseAgg                      - Score: 0.0294
 7. Slag                           - Score: 0.0279
 8. FlyAsh                         - Score: 0.0255
================================================================================

Features Ranked by Differentiation Strength:
================================================================================
 1. Superplasticizer               - Score: 1.0000
 2. Age                            - Score: 0.1578
 3. Water                          - Score: 0.1164
 4. Cement                         - Score: 0.0831
 5. FlyAsh                         - Score: 0.0558
 6. Slag                           - Score: 0.0482
 7. CoarseAgg                      - Score: 0.0261
 8. FineAgg                        - Score: 0.0153
================================================================================

Features Ranked by Differentiation Strength:
================================================================================
 1. Superplasticizer               - Score: 1.0000
 2. Water                          - Score: 0.4034
 3. Age                            - Score: 0.1284
 4. Slag                           - Score: 0.1045
 5. Cement                         - Score: 0.0535
 6. CoarseAgg                      - Score: 0.0407
 7. FlyAsh                         - Score: 0.0387
 8. FineAgg                        - Score: 0.0310
================================================================================

Features Ranked by Differentiation Strength:
================================================================================
 1. Superplasticizer               - Score: 1.0000
 2. Water                          - Score: 0.2945
 3. Cement                         - Score: 0.0750
 4. Age                            - Score: 0.0728
 5. FlyAsh                         - Score: 0.0337
 6. CoarseAgg                      - Score: 0.0325
 7. Slag                           - Score: 0.0265
 8. FineAgg                        - Score: 0.0255
================================================================================

Features Ranked by Differentiation Strength:
================================================================================
 1. Superplasticizer               - Score: 1.0000
 2. Water                          - Score: 0.2945
 3. Cement                         - Score: 0.0750
 4. Age                            - Score: 0.0728
 5. FlyAsh                         - Score: 0.0337
 6. CoarseAgg                      - Score: 0.0325
 7. Slag                           - Score: 0.0265
 8. FineAgg                        - Score: 0.0255
================================================================================

Features Ranked by Differentiation Strength:
================================================================================
 1. Superplasticizer               - Score: 1.0000
 2. Water                          - Score: 0.2945
 3. Cement                         - Score: 0.0750
 4. Age                            - Score: 0.0728
 5. FlyAsh                         - Score: 0.0337
 6. CoarseAgg                      - Score: 0.0325
 7. Slag                           - Score: 0.0265
 8. FineAgg                        - Score: 0.0255
================================================================================

Features Ranked by Differentiation Strength:
================================================================================
 1. Age                            - Score: 1.0000
 2. Superplasticizer               - Score: 0.7836
 3. Water                          - Score: 0.1151
 4. Cement                         - Score: 0.0812
 5. Slag                           - Score: 0.0736
 6. FineAgg                        - Score: 0.0631
 7. CoarseAgg                      - Score: 0.0415
 8. FlyAsh                         - Score: 0.0234
================================================================================

Features Ranked by Differentiation Strength:
================================================================================
 1. Superplasticizer               - Score: 1.0000
 2. Age                            - Score: 0.3084
 3. Water                          - Score: 0.2528
 4. Cement                         - Score: 0.2024
 5. CoarseAgg                      - Score: 0.0668
 6. FlyAsh                         - Score: 0.0571
 7. Slag                           - Score: 0.0460
 8. FineAgg                        - Score: 0.0424
================================================================================

Features Ranked by Differentiation Strength:
================================================================================
 1. Superplasticizer               - Score: 1.0000
 2. Age                            - Score: 0.9170
 3. Cement                         - Score: 0.1884
 4. Water                          - Score: 0.1490
 5. Slag                           - Score: 0.0867
 6. FineAgg                        - Score: 0.0675
 7. CoarseAgg                      - Score: 0.0432
 8. FlyAsh                         - Score: 0.0374
================================================================================

Features Ranked by Differentiation Strength:
================================================================================
 1. Superplasticizer               - Score: 1.0000
 2. Water                          - Score: 0.2718
 3. Cement                         - Score: 0.1416
 4. Age                            - Score: 0.0596
 5. CoarseAgg                      - Score: 0.0386
 6. FineAgg                        - Score: 0.0257
 7. FlyAsh                         - Score: 0.0219
 8. Slag                           - Score: 0.0197
================================================================================

Features Ranked by Differentiation Strength:
================================================================================
 1. Water                          - Score: 1.0000
 2. CoarseAgg                      - Score: 0.3534
 3. Age                            - Score: 0.1754
 4. FineAgg                        - Score: 0.1697
 5. Cement                         - Score: 0.1450
 6. Slag                           - Score: 0.0370
 7. FlyAsh                         - Score: 0.0000
 8. Superplasticizer               - Score: 0.0000
================================================================================

Features Ranked by Differentiation Strength:
================================================================================
 1. Superplasticizer               - Score: 1.0000
 2. Water                          - Score: 0.1450
 3. Cement                         - Score: 0.0588
 4. FineAgg                        - Score: 0.0395
 5. Age                            - Score: 0.0371
 6. FlyAsh                         - Score: 0.0317
 7. Slag                           - Score: 0.0294
 8. CoarseAgg                      - Score: 0.0212
================================================================================

Features Ranked by Differentiation Strength:
================================================================================
 1. Superplasticizer               - Score: 1.0000
 2. Age                            - Score: 0.4794
 3. Water                          - Score: 0.1842
 4. Cement                         - Score: 0.1793
 5. Slag                           - Score: 0.1323
 6. FlyAsh                         - Score: 0.1286
 7. FineAgg                        - Score: 0.0650
 8. CoarseAgg                      - Score: 0.0387
================================================================================

Features Ranked by Differentiation Strength:
================================================================================
 1. Superplasticizer               - Score: 1.0000
 2. Water                          - Score: 0.4248
 3. Age                            - Score: 0.2404
 4. Slag                           - Score: 0.1281
 5. Cement                         - Score: 0.0687
 6. FlyAsh                         - Score: 0.0572
 7. CoarseAgg                      - Score: 0.0451
 8. FineAgg                        - Score: 0.0391
================================================================================

Features Ranked by Differentiation Strength:
================================================================================
 1. Superplasticizer               - Score: 1.0000
 2. Water                          - Score: 0.2873
 3. Age                            - Score: 0.0750
 4. Cement                         - Score: 0.0667
 5. CoarseAgg                      - Score: 0.0310
 6. FlyAsh                         - Score: 0.0244
 7. FineAgg                        - Score: 0.0226
 8. Slag                           - Score: 0.0199
================================================================================

Features Ranked by Differentiation Strength:
================================================================================
 1. Superplasticizer               - Score: 1.0000
 2. Water                          - Score: 0.2873
 3. Age                            - Score: 0.0750
 4. Cement                         - Score: 0.0667
 5. CoarseAgg                      - Score: 0.0310
 6. FlyAsh                         - Score: 0.0244
 7. FineAgg                        - Score: 0.0226
 8. Slag                           - Score: 0.0199
================================================================================

Features Ranked by Differentiation Strength:
================================================================================
 1. Superplasticizer               - Score: 1.0000
 2. Water                          - Score: 0.2873
 3. Age                            - Score: 0.0750
 4. Cement                         - Score: 0.0667
 5. CoarseAgg                      - Score: 0.0310
 6. FlyAsh                         - Score: 0.0244
 7. FineAgg                        - Score: 0.0226
 8. Slag                           - Score: 0.0199
================================================================================

Features Ranked by Differentiation Strength:
================================================================================
 1. Superplasticizer               - Score: 1.0000
 2. Age                            - Score: 0.9627
 3. Water                          - Score: 0.1061
 4. FineAgg                        - Score: 0.0522
 5. CoarseAgg                      - Score: 0.0348
 6. Slag                           - Score: 0.0312
 7. FlyAsh                         - Score: 0.0228
 8. Cement                         - Score: 0.0222
================================================================================

Features Ranked by Differentiation Strength:
================================================================================
 1. Superplasticizer               - Score: 1.0000
 2. Age                            - Score: 0.2856
 3. Water                          - Score: 0.2175
 4. Cement                         - Score: 0.0906
 5. FlyAsh                         - Score: 0.0532
 6. Slag                           - Score: 0.0419
 7. FineAgg                        - Score: 0.0377
 8. CoarseAgg                      - Score: 0.0152
================================================================================

Features Ranked by Differentiation Strength:
================================================================================
 1. Superplasticizer               - Score: 1.0000
 2. Age                            - Score: 0.6820
 3. Cement                         - Score: 0.2757
 4. Water                          - Score: 0.1616
 5. Slag                           - Score: 0.0898
 6. FineAgg                        - Score: 0.0591
 7. FlyAsh                         - Score: 0.0396
 8. CoarseAgg                      - Score: 0.0373
================================================================================

Features Ranked by Differentiation Strength:
================================================================================
 1. Superplasticizer               - Score: 1.0000
 2. Water                          - Score: 0.2989
 3. Cement                         - Score: 0.2045
 4. Age                            - Score: 0.0782
 5. CoarseAgg                      - Score: 0.0642
 6. Slag                           - Score: 0.0320
 7. FineAgg                        - Score: 0.0290
 8. FlyAsh                         - Score: 0.0273
================================================================================

Features Ranked by Differentiation Strength:
================================================================================
 1. Superplasticizer               - Score: 1.0000
 2. Water                          - Score: 0.3920
 3. Age                            - Score: 0.1009
 4. CoarseAgg                      - Score: 0.0857
 5. FineAgg                        - Score: 0.0793
 6. Cement                         - Score: 0.0582
 7. Slag                           - Score: 0.0382
 8. FlyAsh                         - Score: 0.0247
================================================================================

Features Ranked by Differentiation Strength:
================================================================================
 1. Superplasticizer               - Score: 1.0000
 2. Age                            - Score: 0.3770
 3. Water                          - Score: 0.1795
 4. Cement                         - Score: 0.1248
 5. Slag                           - Score: 0.1153
 6. FlyAsh                         - Score: 0.1041
 7. FineAgg                        - Score: 0.0490
 8. CoarseAgg                      - Score: 0.0292
================================================================================

Features Ranked by Differentiation Strength:
================================================================================
 1. Superplasticizer               - Score: 1.0000
 2. Water                          - Score: 0.1503
 3. Cement                         - Score: 0.0617
 4. Age                            - Score: 0.0440
 5. FineAgg                        - Score: 0.0364
 6. FlyAsh                         - Score: 0.0339
 7. CoarseAgg                      - Score: 0.0240
 8. Slag                           - Score: 0.0229
================================================================================

Features Ranked by Differentiation Strength:
================================================================================
 1. Superplasticizer               - Score: 1.0000
 2. Water                          - Score: 0.4085
 3. Age                            - Score: 0.1889
 4. Slag                           - Score: 0.1237
 5. Cement                         - Score: 0.0798
 6. FlyAsh                         - Score: 0.0520
 7. CoarseAgg                      - Score: 0.0461
 8. FineAgg                        - Score: 0.0422
================================================================================

Features Ranked by Differentiation Strength:
================================================================================
 1. Superplasticizer               - Score: 1.0000
 2. Water                          - Score: 0.2806
 3. Age                            - Score: 0.0803
 4. Cement                         - Score: 0.0750
 5. FlyAsh                         - Score: 0.0335
 6. Slag                           - Score: 0.0315
 7. CoarseAgg                      - Score: 0.0311
 8. FineAgg                        - Score: 0.0309
================================================================================

Features Ranked by Differentiation Strength:
================================================================================
 1. Superplasticizer               - Score: 1.0000
 2. Water                          - Score: 0.2806
 3. Age                            - Score: 0.0803
 4. Cement                         - Score: 0.0750
 5. FlyAsh                         - Score: 0.0335
 6. Slag                           - Score: 0.0315
 7. CoarseAgg                      - Score: 0.0311
 8. FineAgg                        - Score: 0.0309
================================================================================

Features Ranked by Differentiation Strength:
================================================================================
 1. Superplasticizer               - Score: 1.0000
 2. Water                          - Score: 0.2806
 3. Age                            - Score: 0.0803
 4. Cement                         - Score: 0.0750
 5. FlyAsh                         - Score: 0.0335
 6. Slag                           - Score: 0.0315
 7. CoarseAgg                      - Score: 0.0311
 8. FineAgg                        - Score: 0.0309
================================================================================

Features Ranked by Differentiation Strength:
================================================================================
 1. Age                            - Score: 1.0000
 2. Superplasticizer               - Score: 0.8627
 3. Cement                         - Score: 0.1357
 4. Water                          - Score: 0.1295
 5. Slag                           - Score: 0.0997
 6. FineAgg                        - Score: 0.0783
 7. FlyAsh                         - Score: 0.0564
 8. CoarseAgg                      - Score: 0.0441
================================================================================

Features Ranked by Differentiation Strength:
================================================================================
 1. Superplasticizer               - Score: 1.0000
 2. Age                            - Score: 0.4263
 3. Water                          - Score: 0.2663
 4. Slag                           - Score: 0.0675
 5. Cement                         - Score: 0.0569
 6. FineAgg                        - Score: 0.0267
 7. CoarseAgg                      - Score: 0.0222
 8. FlyAsh                         - Score: 0.0214
================================================================================

Features Ranked by Differentiation Strength:
================================================================================
 1. Superplasticizer               - Score: 1.0000
 2. Age                            - Score: 0.8478
 3. Cement                         - Score: 0.3026
 4. Water                          - Score: 0.1536
 5. Slag                           - Score: 0.1017
 6. FineAgg                        - Score: 0.0693
 7. FlyAsh                         - Score: 0.0690
 8. CoarseAgg                      - Score: 0.0425
================================================================================

Features Ranked by Differentiation Strength:
================================================================================
 1. Superplasticizer               - Score: 1.0000
 2. Water                          - Score: 0.2921
 3. Cement                         - Score: 0.1986
 4. Age                            - Score: 0.0922
 5. CoarseAgg                      - Score: 0.0594
 6. FineAgg                        - Score: 0.0454
 7. Slag                           - Score: 0.0319
 8. FlyAsh                         - Score: 0.0287
================================================================================

Features Ranked by Differentiation Strength:
================================================================================
 1. Water                          - Score: 1.0000
 2. FineAgg                        - Score: 0.2219
 3. CoarseAgg                      - Score: 0.2157
 4. Age                            - Score: 0.2024
 5. Cement                         - Score: 0.1445
 6. Slag                           - Score: 0.0801
 7. FlyAsh                         - Score: 0.0000
 8. Superplasticizer               - Score: 0.0000
================================================================================

Features Ranked by Differentiation Strength:
================================================================================
 1. Superplasticizer               - Score: 1.0000
 2. Water                          - Score: 0.1498
 3. Cement                         - Score: 0.0575
 4. FineAgg                        - Score: 0.0467
 5. Age                            - Score: 0.0374
 6. FlyAsh                         - Score: 0.0308
 7. Slag                           - Score: 0.0274
 8. CoarseAgg                      - Score: 0.0229
================================================================================

Features Ranked by Differentiation Strength:
================================================================================
 1. Superplasticizer               - Score: 1.0000
 2. Age                            - Score: 0.4116
 3. Water                          - Score: 0.2023
 4. Cement                         - Score: 0.1434
 5. Slag                           - Score: 0.1129
 6. FlyAsh                         - Score: 0.1093
 7. FineAgg                        - Score: 0.0443
 8. CoarseAgg                      - Score: 0.0395
================================================================================

Features Ranked by Differentiation Strength:
================================================================================
 1. Superplasticizer               - Score: 1.0000
 2. Water                          - Score: 0.4309
 3. Age                            - Score: 0.2987
 4. Slag                           - Score: 0.1349
 5. Cement                         - Score: 0.0953
 6. FlyAsh                         - Score: 0.0703
 7. CoarseAgg                      - Score: 0.0554
 8. FineAgg                        - Score: 0.0416
================================================================================

Features Ranked by Differentiation Strength:
================================================================================
 1. Superplasticizer               - Score: 1.0000
 2. Water                          - Score: 0.2910
 3. Cement                         - Score: 0.0748
 4. Age                            - Score: 0.0738
 5. CoarseAgg                      - Score: 0.0333
 6. FlyAsh                         - Score: 0.0297
 7. FineAgg                        - Score: 0.0277
 8. Slag                           - Score: 0.0248
================================================================================

Features Ranked by Differentiation Strength:
================================================================================
 1. Superplasticizer               - Score: 1.0000
 2. Water                          - Score: 0.2910
 3. Cement                         - Score: 0.0748
 4. Age                            - Score: 0.0738
 5. CoarseAgg                      - Score: 0.0333
 6. FlyAsh                         - Score: 0.0297
 7. FineAgg                        - Score: 0.0277
 8. Slag                           - Score: 0.0248
================================================================================

Features Ranked by Differentiation Strength:
================================================================================
 1. Superplasticizer               - Score: 1.0000
 2. Water                          - Score: 0.2910
 3. Cement                         - Score: 0.0748
 4. Age                            - Score: 0.0738
 5. CoarseAgg                      - Score: 0.0333
 6. FlyAsh                         - Score: 0.0297
 7. FineAgg                        - Score: 0.0277
 8. Slag                           - Score: 0.0248
================================================================================

Features Ranked by Differentiation Strength:
================================================================================
 1. Age                            - Score: 1.0000
 2. Superplasticizer               - Score: 0.8791
 3. Cement                         - Score: 0.1260
 4. Water                          - Score: 0.1233
 5. FineAgg                        - Score: 0.1017
 6. Slag                           - Score: 0.0908
 7. FlyAsh                         - Score: 0.0327
 8. CoarseAgg                      - Score: 0.0236
================================================================================

Features Ranked by Differentiation Strength:
================================================================================
 1. Superplasticizer               - Score: 1.0000
 2. Age                            - Score: 0.4567
 3. Water                          - Score: 0.1197
 4. Cement                         - Score: 0.0992
 5. Slag                           - Score: 0.0913
 6. FineAgg                        - Score: 0.0352
 7. CoarseAgg                      - Score: 0.0297
 8. FlyAsh                         - Score: 0.0243
================================================================================

Features Ranked by Differentiation Strength:
================================================================================
 1. Superplasticizer               - Score: 1.0000
 2. Age                            - Score: 0.8581
 3. Cement                         - Score: 0.2344
 4. Water                          - Score: 0.1620
 5. Slag                           - Score: 0.0942
 6. FineAgg                        - Score: 0.0733
 7. CoarseAgg                      - Score: 0.0429
 8. FlyAsh                         - Score: 0.0277
================================================================================

Features Ranked by Differentiation Strength:
================================================================================
 1. Superplasticizer               - Score: 1.0000
 2. Water                          - Score: 0.2861
 3. Cement                         - Score: 0.1728
 4. Age                            - Score: 0.0902
 5. CoarseAgg                      - Score: 0.0609
 6. FineAgg                        - Score: 0.0299
 7. FlyAsh                         - Score: 0.0233
 8. Slag                           - Score: 0.0223
================================================================================

Features Ranked by Differentiation Strength:
================================================================================
 1. Water                          - Score: 1.0000
 2. CoarseAgg                      - Score: 0.3226
 3. FineAgg                        - Score: 0.2006
 4. Age                            - Score: 0.1737
 5. Cement                         - Score: 0.1539
 6. Slag                           - Score: 0.0628
 7. FlyAsh                         - Score: 0.0000
 8. Superplasticizer               - Score: 0.0000
================================================================================

Features Ranked by Differentiation Strength:
================================================================================
 1. Superplasticizer               - Score: 1.0000
 2. Water                          - Score: 0.1938
 3. Cement                         - Score: 0.0681
 4. Age                            - Score: 0.0414
 5. FineAgg                        - Score: 0.0333
 6. CoarseAgg                      - Score: 0.0297
 7. Slag                           - Score: 0.0199
 8. FlyAsh                         - Score: 0.0197
================================================================================

Features Ranked by Differentiation Strength:
================================================================================
 1. Superplasticizer               - Score: 1.0000
 2. Age                            - Score: 0.3789
 3. Water                          - Score: 0.1551
 4. Cement                         - Score: 0.1500
 5. Slag                           - Score: 0.1109
 6. FlyAsh                         - Score: 0.0994
 7. FineAgg                        - Score: 0.0499
 8. CoarseAgg                      - Score: 0.0330
================================================================================

Features Ranked by Differentiation Strength:
================================================================================
 1. Superplasticizer               - Score: 1.0000
 2. Water                          - Score: 0.4206
 3. Age                            - Score: 0.2233
 4. Slag                           - Score: 0.1244
 5. Cement                         - Score: 0.0670
 6. CoarseAgg                      - Score: 0.0506
 7. FlyAsh                         - Score: 0.0500
 8. FineAgg                        - Score: 0.0398
================================================================================

Features Ranked by Differentiation Strength:
================================================================================
 1. Superplasticizer               - Score: 1.0000
 2. Water                          - Score: 0.2974
 3. Age                            - Score: 0.1101
 4. Cement                         - Score: 0.0803
 5. FlyAsh                         - Score: 0.0418
 6. CoarseAgg                      - Score: 0.0325
 7. Slag                           - Score: 0.0285
 8. FineAgg                        - Score: 0.0245
================================================================================

Features Ranked by Differentiation Strength:
================================================================================
 1. Superplasticizer               - Score: 1.0000
 2. Water                          - Score: 0.2974
 3. Age                            - Score: 0.1101
 4. Cement                         - Score: 0.0803
 5. FlyAsh                         - Score: 0.0418
 6. CoarseAgg                      - Score: 0.0325
 7. Slag                           - Score: 0.0285
 8. FineAgg                        - Score: 0.0245
================================================================================

Features Ranked by Differentiation Strength:
================================================================================
 1. Superplasticizer               - Score: 1.0000
 2. Water                          - Score: 0.2974
 3. Age                            - Score: 0.1101
 4. Cement                         - Score: 0.0803
 5. FlyAsh                         - Score: 0.0418
 6. CoarseAgg                      - Score: 0.0325
 7. Slag                           - Score: 0.0285
 8. FineAgg                        - Score: 0.0245
================================================================================

Features Ranked by Differentiation Strength:
================================================================================
 1. Age                            - Score: 1.0000
 2. Superplasticizer               - Score: 0.9781
 3. Cement                         - Score: 0.1702
 4. Water                          - Score: 0.1463
 5. Slag                           - Score: 0.1037
 6. FineAgg                        - Score: 0.0643
 7. CoarseAgg                      - Score: 0.0384
 8. FlyAsh                         - Score: 0.0352
================================================================================

Features Ranked by Differentiation Strength:
================================================================================
 1. Superplasticizer               - Score: 1.0000
 2. Age                            - Score: 0.5127
 3. Cement                         - Score: 0.1525
 4. Water                          - Score: 0.1104
 5. Slag                           - Score: 0.0762
 6. CoarseAgg                      - Score: 0.0337
 7. FineAgg                        - Score: 0.0293
 8. FlyAsh                         - Score: 0.0236
================================================================================

Features Ranked by Differentiation Strength:
================================================================================
 1. Superplasticizer               - Score: 1.0000
 2. Age                            - Score: 0.6588
 3. Cement                         - Score: 0.5378
 4. Slag                           - Score: 0.2048
 5. Water                          - Score: 0.2008
 6. FineAgg                        - Score: 0.0811
 7. FlyAsh                         - Score: 0.0731
 8. CoarseAgg                      - Score: 0.0624
================================================================================

Features Ranked by Differentiation Strength:
================================================================================
 1. Superplasticizer               - Score: 1.0000
 2. Water                          - Score: 0.3277
 3. Cement                         - Score: 0.1774
 4. Age                            - Score: 0.1102
 5. CoarseAgg                      - Score: 0.0575
 6. Slag                           - Score: 0.0224
 7. FlyAsh                         - Score: 0.0221
 8. FineAgg                        - Score: 0.0201
================================================================================

Features Ranked by Differentiation Strength:
================================================================================
 1. Superplasticizer               - Score: 1.0000
 2. Water                          - Score: 0.2830
 3. FineAgg                        - Score: 0.1003
 4. Age                            - Score: 0.0786
 5. CoarseAgg                      - Score: 0.0786
 6. Cement                         - Score: 0.0576
 7. Slag                           - Score: 0.0489
 8. FlyAsh                         - Score: 0.0122
================================================================================

Features Ranked by Differentiation Strength:
================================================================================
 1. Superplasticizer               - Score: 1.0000
 2. Water                          - Score: 0.1776
 3. Cement                         - Score: 0.0459
 4. Age                            - Score: 0.0435
 5. FineAgg                        - Score: 0.0257
 6. FlyAsh                         - Score: 0.0236
 7. Slag                           - Score: 0.0208
 8. CoarseAgg                      - Score: 0.0183
================================================================================

Features Ranked by Differentiation Strength:
================================================================================
 1. Superplasticizer               - Score: 1.0000
 2. Age                            - Score: 0.4496
 3. Cement                         - Score: 0.1609
 4. FlyAsh                         - Score: 0.1385
 5. Water                          - Score: 0.1359
 6. Slag                           - Score: 0.1355
 7. FineAgg                        - Score: 0.0598
 8. CoarseAgg                      - Score: 0.0446
================================================================================

Features Ranked by Differentiation Strength:
================================================================================
 1. Superplasticizer               - Score: 1.0000
 2. Water                          - Score: 0.4018
 3. Age                            - Score: 0.2221
 4. Slag                           - Score: 0.1017
 5. Cement                         - Score: 0.0585
 6. FlyAsh                         - Score: 0.0435
 7. CoarseAgg                      - Score: 0.0362
 8. FineAgg                        - Score: 0.0308
================================================================================
  [phiusiil] repo loader, data from data\PhiUSIIL_Phishing_URL_Dataset.csv

Features Ranked by Differentiation Strength:
================================================================================
 1. URLCharProb                    - Score: 1.0000
 2. SpacialCharRatioInURL          - Score: 0.2475
 3. DegitRatioInURL                - Score: 0.0768
 4. LetterRatioInURL               - Score: 0.0522
 5. HasSocialNet                   - Score: 0.0493
================================================================================

Features Ranked by Differentiation Strength:
================================================================================
 1. URLCharProb                    - Score: 1.0000
 2. SpacialCharRatioInURL          - Score: 0.2475
 3. DegitRatioInURL                - Score: 0.0768
 4. LetterRatioInURL               - Score: 0.0522
 5. HasSocialNet                   - Score: 0.0493
 6. HasCopyrightInfo               - Score: 0.0422
 7. CharContinuationRate           - Score: 0.0359
 8. HasDescription                 - Score: 0.0356
 9. HasSubmitButton                - Score: 0.0265
10. IsHTTPS                        - Score: 0.0262
11. IsResponsive                   - Score: 0.0237
12. HasHiddenFields                - Score: 0.0224
13. ObfuscationRatio               - Score: 0.0213
14. HasFavicon                     - Score: 0.0211
15. HasTitle                       - Score: 0.0173
16. Robots                         - Score: 0.0165
17. Pay                            - Score: 0.0147
18. TLDLegitimateProb              - Score: 0.0111
19. Bank                           - Score: 0.0073
20. HasExternalFormSubmit          - Score: 0.0069
21. HasPasswordField               - Score: 0.0053
22. Crypto                         - Score: 0.0036
23. NoOfSelfRedirect               - Score: 0.0031
24. NoOfQMarkInURL                 - Score: 0.0029
25. NoOfSubDomain                  - Score: 0.0028
26. IsDomainIP                     - Score: 0.0020
27. NoOfURLRedirect                - Score: 0.0018
28. HasObfuscation                 - Score: 0.0017
29. URLSimilarityIndex             - Score: 0.0010
30. NoOfOtherSpecialCharsInURL     - Score: 0.0009
31. NoOfEqualsInURL                - Score: 0.0007
32. TLDLength                      - Score: 0.0006
33. DomainTitleMatchScore          - Score: 0.0005
34. URLTitleMatchScore             - Score: 0.0004
35. NoOfiFrame                     - Score: 0.0004
36. NoOfCSS                        - Score: 0.0004
37. NoOfJS                         - Score: 0.0003
38. DomainLength                   - Score: 0.0003
39. NoOfAmpersandInURL             - Score: 0.0002
40. NoOfDegitsInURL                - Score: 0.0002
41. NoOfPopup                      - Score: 0.0001
42. NoOfObfuscatedChar             - Score: 0.0001
43. NoOfEmptyRef                   - Score: 0.0001
44. NoOfImage                      - Score: 0.0001
45. NoOfSelfRef                    - Score: 0.0001
46. NoOfLettersInURL               - Score: 0.0001
47. URLLength                      - Score: 0.0000
48. NoOfExternalRef                - Score: 0.0000
49. LineOfCode                     - Score: 0.0000
50. LargestLineLength              - Score: 0.0000
================================================================================

Features Ranked by Differentiation Strength:
================================================================================
 1. URLCharProb                    - Score: 1.0000
 2. SpacialCharRatioInURL          - Score: 0.2475
 3. DegitRatioInURL                - Score: 0.0768
 4. LetterRatioInURL               - Score: 0.0522
 5. HasSocialNet                   - Score: 0.0493
 6. HasCopyrightInfo               - Score: 0.0422
 7. CharContinuationRate           - Score: 0.0359
 8. HasDescription                 - Score: 0.0356
 9. HasSubmitButton                - Score: 0.0265
10. IsHTTPS                        - Score: 0.0262
11. IsResponsive                   - Score: 0.0237
12. HasHiddenFields                - Score: 0.0224
13. ObfuscationRatio               - Score: 0.0213
14. HasFavicon                     - Score: 0.0211
15. HasTitle                       - Score: 0.0173
16. Robots                         - Score: 0.0165
17. Pay                            - Score: 0.0147
18. TLDLegitimateProb              - Score: 0.0111
19. Bank                           - Score: 0.0073
20. HasExternalFormSubmit          - Score: 0.0069
21. HasPasswordField               - Score: 0.0053
22. Crypto                         - Score: 0.0036
23. NoOfSelfRedirect               - Score: 0.0031
24. NoOfQMarkInURL                 - Score: 0.0029
25. NoOfSubDomain                  - Score: 0.0028
26. IsDomainIP                     - Score: 0.0020
27. NoOfURLRedirect                - Score: 0.0018
28. HasObfuscation                 - Score: 0.0017
29. URLSimilarityIndex             - Score: 0.0010
30. NoOfOtherSpecialCharsInURL     - Score: 0.0009
31. NoOfEqualsInURL                - Score: 0.0007
32. TLDLength                      - Score: 0.0006
33. DomainTitleMatchScore          - Score: 0.0005
34. URLTitleMatchScore             - Score: 0.0004
35. NoOfiFrame                     - Score: 0.0004
36. NoOfCSS                        - Score: 0.0004
37. NoOfJS                         - Score: 0.0003
38. DomainLength                   - Score: 0.0003
39. NoOfAmpersandInURL             - Score: 0.0002
40. NoOfDegitsInURL                - Score: 0.0002
41. NoOfPopup                      - Score: 0.0001
42. NoOfObfuscatedChar             - Score: 0.0001
43. NoOfEmptyRef                   - Score: 0.0001
44. NoOfImage                      - Score: 0.0001
45. NoOfSelfRef                    - Score: 0.0001
46. NoOfLettersInURL               - Score: 0.0001
47. URLLength                      - Score: 0.0000
48. NoOfExternalRef                - Score: 0.0000
49. LineOfCode                     - Score: 0.0000
50. LargestLineLength              - Score: 0.0000
================================================================================

Features Ranked by Differentiation Strength:
================================================================================
 1. URLCharProb                    - Score: 1.0000
 2. SpacialCharRatioInURL          - Score: 0.4455
 3. DegitRatioInURL                - Score: 0.0885
 4. ObfuscationRatio               - Score: 0.0526
 5. HasSocialNet                   - Score: 0.0426
================================================================================

Features Ranked by Differentiation Strength:
================================================================================
 1. URLCharProb                    - Score: 1.0000
 2. LetterRatioInURL               - Score: 0.0426
 3. DegitRatioInURL                - Score: 0.0150
 4. IsHTTPS                        - Score: 0.0084
 5. HasDescription                 - Score: 0.0045
================================================================================

Features Ranked by Differentiation Strength:
================================================================================
 1. SpacialCharRatioInURL          - Score: 1.0000
 2. URLCharProb                    - Score: 0.6363
 3. IsHTTPS                        - Score: 0.4288
 4. DegitRatioInURL                - Score: 0.2243
 5. LetterRatioInURL               - Score: 0.2145
================================================================================

Features Ranked by Differentiation Strength:
================================================================================
 1. URLCharProb                    - Score: 1.0000
 2. SpacialCharRatioInURL          - Score: 0.6916
 3. DegitRatioInURL                - Score: 0.0955
 4. IsHTTPS                        - Score: 0.0879
 5. HasSocialNet                   - Score: 0.0695
================================================================================

Features Ranked by Differentiation Strength:
================================================================================
 1. URLCharProb                    - Score: 1.0000
 2. SpacialCharRatioInURL          - Score: 0.1122
 3. DegitRatioInURL                - Score: 0.0886
 4. LetterRatioInURL               - Score: 0.0486
 5. HasSocialNet                   - Score: 0.0367
================================================================================

Features Ranked by Differentiation Strength:
================================================================================
 1. URLCharProb                    - Score: 1.0000
 2. SpacialCharRatioInURL          - Score: 0.2480
 3. DegitRatioInURL                - Score: 0.0971
 4. LetterRatioInURL               - Score: 0.0831
 5. HasSocialNet                   - Score: 0.0480
================================================================================

Features Ranked by Differentiation Strength:
================================================================================
 1. URLCharProb                    - Score: 1.0000
 2. SpacialCharRatioInURL          - Score: 0.2575
 3. DegitRatioInURL                - Score: 0.0784
 4. LetterRatioInURL               - Score: 0.0514
 5. HasSocialNet                   - Score: 0.0498
================================================================================

Features Ranked by Differentiation Strength:
================================================================================
 1. URLCharProb                    - Score: 1.0000
 2. SpacialCharRatioInURL          - Score: 0.2575
 3. DegitRatioInURL                - Score: 0.0784
 4. LetterRatioInURL               - Score: 0.0514
 5. HasSocialNet                   - Score: 0.0498
 6. HasCopyrightInfo               - Score: 0.0427
 7. HasDescription                 - Score: 0.0361
 8. CharContinuationRate           - Score: 0.0358
 9. HasSubmitButton                - Score: 0.0273
10. IsHTTPS                        - Score: 0.0260
11. IsResponsive                   - Score: 0.0232
12. HasHiddenFields                - Score: 0.0225
13. HasFavicon                     - Score: 0.0211
14. ObfuscationRatio               - Score: 0.0209
15. HasTitle                       - Score: 0.0172
16. Robots                         - Score: 0.0165
17. Pay                            - Score: 0.0147
18. TLDLegitimateProb              - Score: 0.0120
19. Bank                           - Score: 0.0072
20. HasExternalFormSubmit          - Score: 0.0069
21. HasPasswordField               - Score: 0.0054
22. Crypto                         - Score: 0.0035
23. NoOfSelfRedirect               - Score: 0.0031
24. NoOfQMarkInURL                 - Score: 0.0029
25. NoOfSubDomain                  - Score: 0.0028
26. IsDomainIP                     - Score: 0.0021
27. NoOfURLRedirect                - Score: 0.0021
28. HasObfuscation                 - Score: 0.0018
29. URLSimilarityIndex             - Score: 0.0010
30. NoOfOtherSpecialCharsInURL     - Score: 0.0008
31. TLDLength                      - Score: 0.0007
32. NoOfEqualsInURL                - Score: 0.0006
33. DomainTitleMatchScore          - Score: 0.0005
34. NoOfiFrame                     - Score: 0.0005
35. URLTitleMatchScore             - Score: 0.0004
36. NoOfCSS                        - Score: 0.0003
37. NoOfJS                         - Score: 0.0003
38. DomainLength                   - Score: 0.0003
39. NoOfAmpersandInURL             - Score: 0.0002
40. NoOfDegitsInURL                - Score: 0.0002
41. NoOfPopup                      - Score: 0.0001
42. NoOfObfuscatedChar             - Score: 0.0001
43. NoOfEmptyRef                   - Score: 0.0001
44. NoOfImage                      - Score: 0.0001
45. NoOfSelfRef                    - Score: 0.0001
46. NoOfLettersInURL               - Score: 0.0001
47. URLLength                      - Score: 0.0000
48. NoOfExternalRef                - Score: 0.0000
49. LineOfCode                     - Score: 0.0000
50. LargestLineLength              - Score: 0.0000
================================================================================

Features Ranked by Differentiation Strength:
================================================================================
 1. URLCharProb                    - Score: 1.0000
 2. SpacialCharRatioInURL          - Score: 0.2575
 3. DegitRatioInURL                - Score: 0.0784
 4. LetterRatioInURL               - Score: 0.0514
 5. HasSocialNet                   - Score: 0.0498
 6. HasCopyrightInfo               - Score: 0.0427
 7. HasDescription                 - Score: 0.0361
 8. CharContinuationRate           - Score: 0.0358
 9. HasSubmitButton                - Score: 0.0273
10. IsHTTPS                        - Score: 0.0260
11. IsResponsive                   - Score: 0.0232
12. HasHiddenFields                - Score: 0.0225
13. HasFavicon                     - Score: 0.0211
14. ObfuscationRatio               - Score: 0.0209
15. HasTitle                       - Score: 0.0172
16. Robots                         - Score: 0.0165
17. Pay                            - Score: 0.0147
18. TLDLegitimateProb              - Score: 0.0120
19. Bank                           - Score: 0.0072
20. HasExternalFormSubmit          - Score: 0.0069
21. HasPasswordField               - Score: 0.0054
22. Crypto                         - Score: 0.0035
23. NoOfSelfRedirect               - Score: 0.0031
24. NoOfQMarkInURL                 - Score: 0.0029
25. NoOfSubDomain                  - Score: 0.0028
26. IsDomainIP                     - Score: 0.0021
27. NoOfURLRedirect                - Score: 0.0021
28. HasObfuscation                 - Score: 0.0018
29. URLSimilarityIndex             - Score: 0.0010
30. NoOfOtherSpecialCharsInURL     - Score: 0.0008
31. TLDLength                      - Score: 0.0007
32. NoOfEqualsInURL                - Score: 0.0006
33. DomainTitleMatchScore          - Score: 0.0005
34. NoOfiFrame                     - Score: 0.0005
35. URLTitleMatchScore             - Score: 0.0004
36. NoOfCSS                        - Score: 0.0003
37. NoOfJS                         - Score: 0.0003
38. DomainLength                   - Score: 0.0003
39. NoOfAmpersandInURL             - Score: 0.0002
40. NoOfDegitsInURL                - Score: 0.0002
41. NoOfPopup                      - Score: 0.0001
42. NoOfObfuscatedChar             - Score: 0.0001
43. NoOfEmptyRef                   - Score: 0.0001
44. NoOfImage                      - Score: 0.0001
45. NoOfSelfRef                    - Score: 0.0001
46. NoOfLettersInURL               - Score: 0.0001
47. URLLength                      - Score: 0.0000
48. NoOfExternalRef                - Score: 0.0000
49. LineOfCode                     - Score: 0.0000
50. LargestLineLength              - Score: 0.0000
================================================================================

Features Ranked by Differentiation Strength:
================================================================================
 1. URLCharProb                    - Score: 1.0000
 2. SpacialCharRatioInURL          - Score: 0.4755
 3. DegitRatioInURL                - Score: 0.0866
 4. HasSocialNet                   - Score: 0.0439
 5. HasCopyrightInfo               - Score: 0.0394
================================================================================

Features Ranked by Differentiation Strength:
================================================================================
 1. URLCharProb                    - Score: 1.0000
 2. SpacialCharRatioInURL          - Score: 0.0833
 3. LetterRatioInURL               - Score: 0.0351
 4. IsHTTPS                        - Score: 0.0331
 5. DegitRatioInURL                - Score: 0.0221
================================================================================

Features Ranked by Differentiation Strength:
================================================================================
 1. SpacialCharRatioInURL          - Score: 1.0000
 2. URLCharProb                    - Score: 0.4824
 3. IsHTTPS                        - Score: 0.2572
 4. LetterRatioInURL               - Score: 0.1462
 5. HasSocialNet                   - Score: 0.1242
================================================================================

Features Ranked by Differentiation Strength:
================================================================================
 1. URLCharProb                    - Score: 1.0000
 2. SpacialCharRatioInURL          - Score: 0.7778
 3. DegitRatioInURL                - Score: 0.0878
 4. IsHTTPS                        - Score: 0.0826
 5. HasSocialNet                   - Score: 0.0686
================================================================================

Features Ranked by Differentiation Strength:
================================================================================
 1. URLCharProb                    - Score: 1.0000
 2. SpacialCharRatioInURL          - Score: 0.0991
 3. DegitRatioInURL                - Score: 0.0863
 4. LetterRatioInURL               - Score: 0.0470
 5. HasSocialNet                   - Score: 0.0373
================================================================================

Features Ranked by Differentiation Strength:
================================================================================
 1. URLCharProb                    - Score: 1.0000
 2. SpacialCharRatioInURL          - Score: 0.2629
 3. DegitRatioInURL                - Score: 0.0993
 4. LetterRatioInURL               - Score: 0.0842
 5. HasSocialNet                   - Score: 0.0492
================================================================================

Features Ranked by Differentiation Strength:
================================================================================
 1. URLCharProb                    - Score: 1.0000
 2. SpacialCharRatioInURL          - Score: 0.2508
 3. DegitRatioInURL                - Score: 0.0773
 4. LetterRatioInURL               - Score: 0.0500
 5. HasSocialNet                   - Score: 0.0483
================================================================================

Features Ranked by Differentiation Strength:
================================================================================
 1. URLCharProb                    - Score: 1.0000
 2. SpacialCharRatioInURL          - Score: 0.2508
 3. DegitRatioInURL                - Score: 0.0773
 4. LetterRatioInURL               - Score: 0.0500
 5. HasSocialNet                   - Score: 0.0483
 6. HasCopyrightInfo               - Score: 0.0416
 7. HasDescription                 - Score: 0.0354
 8. CharContinuationRate           - Score: 0.0353
 9. HasSubmitButton                - Score: 0.0260
10. IsHTTPS                        - Score: 0.0256
11. IsResponsive                   - Score: 0.0228
12. HasHiddenFields                - Score: 0.0221
13. ObfuscationRatio               - Score: 0.0218
14. HasFavicon                     - Score: 0.0203
15. HasTitle                       - Score: 0.0171
16. Robots                         - Score: 0.0163
17. Pay                            - Score: 0.0143
18. TLDLegitimateProb              - Score: 0.0111
19. Bank                           - Score: 0.0071
20. HasExternalFormSubmit          - Score: 0.0066
21. HasPasswordField               - Score: 0.0050
22. Crypto                         - Score: 0.0035
23. NoOfSelfRedirect               - Score: 0.0030
24. NoOfQMarkInURL                 - Score: 0.0029
25. NoOfSubDomain                  - Score: 0.0024
26. IsDomainIP                     - Score: 0.0019
27. NoOfURLRedirect                - Score: 0.0019
28. HasObfuscation                 - Score: 0.0017
29. URLSimilarityIndex             - Score: 0.0010
30. NoOfOtherSpecialCharsInURL     - Score: 0.0008
31. NoOfEqualsInURL                - Score: 0.0006
32. TLDLength                      - Score: 0.0006
33. DomainTitleMatchScore          - Score: 0.0005
34. NoOfiFrame                     - Score: 0.0005
35. URLTitleMatchScore             - Score: 0.0004
36. NoOfCSS                        - Score: 0.0003
37. NoOfJS                         - Score: 0.0003
38. DomainLength                   - Score: 0.0003
39. NoOfAmpersandInURL             - Score: 0.0002
40. NoOfDegitsInURL                - Score: 0.0002
41. NoOfPopup                      - Score: 0.0001
42. NoOfObfuscatedChar             - Score: 0.0001
43. NoOfEmptyRef                   - Score: 0.0001
44. NoOfImage                      - Score: 0.0001
45. NoOfSelfRef                    - Score: 0.0001
46. NoOfLettersInURL               - Score: 0.0001
47. URLLength                      - Score: 0.0000
48. NoOfExternalRef                - Score: 0.0000
49. LineOfCode                     - Score: 0.0000
50. LargestLineLength              - Score: 0.0000
================================================================================

Features Ranked by Differentiation Strength:
================================================================================
 1. URLCharProb                    - Score: 1.0000
 2. SpacialCharRatioInURL          - Score: 0.2508
 3. DegitRatioInURL                - Score: 0.0773
 4. LetterRatioInURL               - Score: 0.0500
 5. HasSocialNet                   - Score: 0.0483
 6. HasCopyrightInfo               - Score: 0.0416
 7. HasDescription                 - Score: 0.0354
 8. CharContinuationRate           - Score: 0.0353
 9. HasSubmitButton                - Score: 0.0260
10. IsHTTPS                        - Score: 0.0256
11. IsResponsive                   - Score: 0.0228
12. HasHiddenFields                - Score: 0.0221
13. ObfuscationRatio               - Score: 0.0218
14. HasFavicon                     - Score: 0.0203
15. HasTitle                       - Score: 0.0171
16. Robots                         - Score: 0.0163
17. Pay                            - Score: 0.0143
18. TLDLegitimateProb              - Score: 0.0111
19. Bank                           - Score: 0.0071
20. HasExternalFormSubmit          - Score: 0.0066
21. HasPasswordField               - Score: 0.0050
22. Crypto                         - Score: 0.0035
23. NoOfSelfRedirect               - Score: 0.0030
24. NoOfQMarkInURL                 - Score: 0.0029
25. NoOfSubDomain                  - Score: 0.0024
26. IsDomainIP                     - Score: 0.0019
27. NoOfURLRedirect                - Score: 0.0019
28. HasObfuscation                 - Score: 0.0017
29. URLSimilarityIndex             - Score: 0.0010
30. NoOfOtherSpecialCharsInURL     - Score: 0.0008
31. NoOfEqualsInURL                - Score: 0.0006
32. TLDLength                      - Score: 0.0006
33. DomainTitleMatchScore          - Score: 0.0005
34. NoOfiFrame                     - Score: 0.0005
35. URLTitleMatchScore             - Score: 0.0004
36. NoOfCSS                        - Score: 0.0003
37. NoOfJS                         - Score: 0.0003
38. DomainLength                   - Score: 0.0003
39. NoOfAmpersandInURL             - Score: 0.0002
40. NoOfDegitsInURL                - Score: 0.0002
41. NoOfPopup                      - Score: 0.0001
42. NoOfObfuscatedChar             - Score: 0.0001
43. NoOfEmptyRef                   - Score: 0.0001
44. NoOfImage                      - Score: 0.0001
45. NoOfSelfRef                    - Score: 0.0001
46. NoOfLettersInURL               - Score: 0.0001
47. URLLength                      - Score: 0.0000
48. NoOfExternalRef                - Score: 0.0000
49. LineOfCode                     - Score: 0.0000
50. LargestLineLength              - Score: 0.0000
================================================================================

Features Ranked by Differentiation Strength:
================================================================================
 1. URLCharProb                    - Score: 1.0000
 2. SpacialCharRatioInURL          - Score: 0.4672
 3. DegitRatioInURL                - Score: 0.0877
 4. ObfuscationRatio               - Score: 0.0499
 5. HasSocialNet                   - Score: 0.0425
================================================================================

Features Ranked by Differentiation Strength:
================================================================================
 1. URLCharProb                    - Score: 1.0000
 2. SpacialCharRatioInURL          - Score: 0.1023
 3. LetterRatioInURL               - Score: 0.0367
 4. IsHTTPS                        - Score: 0.0204
 5. DegitRatioInURL                - Score: 0.0181
================================================================================

Features Ranked by Differentiation Strength:
================================================================================
 1. SpacialCharRatioInURL          - Score: 1.0000
 2. URLCharProb                    - Score: 0.4000
 3. IsHTTPS                        - Score: 0.2954
 4. LetterRatioInURL               - Score: 0.1878
 5. HasSocialNet                   - Score: 0.1457
================================================================================

Features Ranked by Differentiation Strength:
================================================================================
 1. URLCharProb                    - Score: 1.0000
 2. SpacialCharRatioInURL          - Score: 0.6956
 3. DegitRatioInURL                - Score: 0.0879
 4. IsHTTPS                        - Score: 0.0869
 5. HasSocialNet                   - Score: 0.0695
================================================================================

Features Ranked by Differentiation Strength:
================================================================================
 1. URLCharProb                    - Score: 1.0000
 2. SpacialCharRatioInURL          - Score: 0.1227
 3. DegitRatioInURL                - Score: 0.0854
 4. LetterRatioInURL               - Score: 0.0457
 5. HasSocialNet                   - Score: 0.0345
================================================================================

Features Ranked by Differentiation Strength:
================================================================================
 1. URLCharProb                    - Score: 1.0000
 2. SpacialCharRatioInURL          - Score: 0.2523
 3. DegitRatioInURL                - Score: 0.0962
 4. LetterRatioInURL               - Score: 0.0808
 5. HasSocialNet                   - Score: 0.0481
================================================================================

Features Ranked by Differentiation Strength:
================================================================================
 1. URLCharProb                    - Score: 1.0000
 2. SpacialCharRatioInURL          - Score: 0.2492
 3. DegitRatioInURL                - Score: 0.0758
 4. LetterRatioInURL               - Score: 0.0499
 5. HasSocialNet                   - Score: 0.0491
================================================================================

Features Ranked by Differentiation Strength:
================================================================================
 1. URLCharProb                    - Score: 1.0000
 2. SpacialCharRatioInURL          - Score: 0.2492
 3. DegitRatioInURL                - Score: 0.0758
 4. LetterRatioInURL               - Score: 0.0499
 5. HasSocialNet                   - Score: 0.0491
 6. HasCopyrightInfo               - Score: 0.0420
 7. CharContinuationRate           - Score: 0.0367
 8. HasDescription                 - Score: 0.0352
 9. HasSubmitButton                - Score: 0.0264
10. IsHTTPS                        - Score: 0.0255
11. IsResponsive                   - Score: 0.0232
12. HasHiddenFields                - Score: 0.0219
13. ObfuscationRatio               - Score: 0.0216
14. HasFavicon                     - Score: 0.0207
15. HasTitle                       - Score: 0.0171
16. Robots                         - Score: 0.0164
17. Pay                            - Score: 0.0142
18. TLDLegitimateProb              - Score: 0.0112
19. Bank                           - Score: 0.0069
20. HasExternalFormSubmit          - Score: 0.0067
21. HasPasswordField               - Score: 0.0051
22. Crypto                         - Score: 0.0036
23. NoOfSelfRedirect               - Score: 0.0031
24. NoOfQMarkInURL                 - Score: 0.0029
25. NoOfSubDomain                  - Score: 0.0024
26. IsDomainIP                     - Score: 0.0020
27. HasObfuscation                 - Score: 0.0018
28. NoOfURLRedirect                - Score: 0.0018
29. URLSimilarityIndex             - Score: 0.0010
30. NoOfOtherSpecialCharsInURL     - Score: 0.0009
31. NoOfEqualsInURL                - Score: 0.0007
32. TLDLength                      - Score: 0.0006
33. DomainTitleMatchScore          - Score: 0.0005
34. URLTitleMatchScore             - Score: 0.0005
35. NoOfiFrame                     - Score: 0.0004
36. NoOfCSS                        - Score: 0.0003
37. NoOfJS                         - Score: 0.0003
38. DomainLength                   - Score: 0.0003
39. NoOfAmpersandInURL             - Score: 0.0002
40. NoOfDegitsInURL                - Score: 0.0002
41. NoOfObfuscatedChar             - Score: 0.0001
42. NoOfPopup                      - Score: 0.0001
43. NoOfEmptyRef                   - Score: 0.0001
44. NoOfImage                      - Score: 0.0001
45. NoOfSelfRef                    - Score: 0.0001
46. NoOfLettersInURL               - Score: 0.0001
47. NoOfExternalRef                - Score: 0.0001
48. URLLength                      - Score: 0.0000
49. LineOfCode                     - Score: 0.0000
50. LargestLineLength              - Score: 0.0000
================================================================================

Features Ranked by Differentiation Strength:
================================================================================
 1. URLCharProb                    - Score: 1.0000
 2. SpacialCharRatioInURL          - Score: 0.2492
 3. DegitRatioInURL                - Score: 0.0758
 4. LetterRatioInURL               - Score: 0.0499
 5. HasSocialNet                   - Score: 0.0491
 6. HasCopyrightInfo               - Score: 0.0420
 7. CharContinuationRate           - Score: 0.0367
 8. HasDescription                 - Score: 0.0352
 9. HasSubmitButton                - Score: 0.0264
10. IsHTTPS                        - Score: 0.0255
11. IsResponsive                   - Score: 0.0232
12. HasHiddenFields                - Score: 0.0219
13. ObfuscationRatio               - Score: 0.0216
14. HasFavicon                     - Score: 0.0207
15. HasTitle                       - Score: 0.0171
16. Robots                         - Score: 0.0164
17. Pay                            - Score: 0.0142
18. TLDLegitimateProb              - Score: 0.0112
19. Bank                           - Score: 0.0069
20. HasExternalFormSubmit          - Score: 0.0067
21. HasPasswordField               - Score: 0.0051
22. Crypto                         - Score: 0.0036
23. NoOfSelfRedirect               - Score: 0.0031
24. NoOfQMarkInURL                 - Score: 0.0029
25. NoOfSubDomain                  - Score: 0.0024
26. IsDomainIP                     - Score: 0.0020
27. HasObfuscation                 - Score: 0.0018
28. NoOfURLRedirect                - Score: 0.0018
29. URLSimilarityIndex             - Score: 0.0010
30. NoOfOtherSpecialCharsInURL     - Score: 0.0009
31. NoOfEqualsInURL                - Score: 0.0007
32. TLDLength                      - Score: 0.0006
33. DomainTitleMatchScore          - Score: 0.0005
34. URLTitleMatchScore             - Score: 0.0005
35. NoOfiFrame                     - Score: 0.0004
36. NoOfCSS                        - Score: 0.0003
37. NoOfJS                         - Score: 0.0003
38. DomainLength                   - Score: 0.0003
39. NoOfAmpersandInURL             - Score: 0.0002
40. NoOfDegitsInURL                - Score: 0.0002
41. NoOfObfuscatedChar             - Score: 0.0001
42. NoOfPopup                      - Score: 0.0001
43. NoOfEmptyRef                   - Score: 0.0001
44. NoOfImage                      - Score: 0.0001
45. NoOfSelfRef                    - Score: 0.0001
46. NoOfLettersInURL               - Score: 0.0001
47. NoOfExternalRef                - Score: 0.0001
48. URLLength                      - Score: 0.0000
49. LineOfCode                     - Score: 0.0000
50. LargestLineLength              - Score: 0.0000
================================================================================

Features Ranked by Differentiation Strength:
================================================================================
 1. URLCharProb                    - Score: 1.0000
 2. SpacialCharRatioInURL          - Score: 0.4676
 3. DegitRatioInURL                - Score: 0.0854
 4. ObfuscationRatio               - Score: 0.0514
 5. HasSocialNet                   - Score: 0.0433
================================================================================

Features Ranked by Differentiation Strength:
================================================================================
 1. URLCharProb                    - Score: 1.0000
 2. SpacialCharRatioInURL          - Score: 0.1007
 3. LetterRatioInURL               - Score: 0.0285
 4. IsHTTPS                        - Score: 0.0238
 5. DegitRatioInURL                - Score: 0.0167
================================================================================

Features Ranked by Differentiation Strength:
================================================================================
 1. SpacialCharRatioInURL          - Score: 1.0000
 2. URLCharProb                    - Score: 0.3344
 3. IsHTTPS                        - Score: 0.2479
 4. DegitRatioInURL                - Score: 0.1719
 5. LetterRatioInURL               - Score: 0.1305
================================================================================

Features Ranked by Differentiation Strength:
================================================================================
 1. URLCharProb                    - Score: 1.0000
 2. SpacialCharRatioInURL          - Score: 0.6453
 3. DegitRatioInURL                - Score: 0.0952
 4. IsHTTPS                        - Score: 0.0932
 5. HasCopyrightInfo               - Score: 0.0732
================================================================================

Features Ranked by Differentiation Strength:
================================================================================
 1. URLCharProb                    - Score: 1.0000
 2. SpacialCharRatioInURL          - Score: 0.1220
 3. DegitRatioInURL                - Score: 0.0897
 4. LetterRatioInURL               - Score: 0.0503
 5. HasSocialNet                   - Score: 0.0391
================================================================================

Features Ranked by Differentiation Strength:
================================================================================
 1. URLCharProb                    - Score: 1.0000
 2. SpacialCharRatioInURL          - Score: 0.2496
 3. DegitRatioInURL                - Score: 0.0951
 4. LetterRatioInURL               - Score: 0.0802
 5. HasSocialNet                   - Score: 0.0483
================================================================================

Features Ranked by Differentiation Strength:
================================================================================
 1. URLCharProb                    - Score: 1.0000
 2. SpacialCharRatioInURL          - Score: 0.2521
 3. DegitRatioInURL                - Score: 0.0769
 4. LetterRatioInURL               - Score: 0.0518
 5. HasSocialNet                   - Score: 0.0497
================================================================================

Features Ranked by Differentiation Strength:
================================================================================
 1. URLCharProb                    - Score: 1.0000
 2. SpacialCharRatioInURL          - Score: 0.2521
 3. DegitRatioInURL                - Score: 0.0769
 4. LetterRatioInURL               - Score: 0.0518
 5. HasSocialNet                   - Score: 0.0497
 6. HasCopyrightInfo               - Score: 0.0426
 7. HasDescription                 - Score: 0.0359
 8. CharContinuationRate           - Score: 0.0358
 9. HasSubmitButton                - Score: 0.0266
10. IsHTTPS                        - Score: 0.0258
11. IsResponsive                   - Score: 0.0232
12. HasHiddenFields                - Score: 0.0223
13. HasFavicon                     - Score: 0.0209
14. ObfuscationRatio               - Score: 0.0182
15. HasTitle                       - Score: 0.0173
16. Robots                         - Score: 0.0162
17. Pay                            - Score: 0.0145
18. TLDLegitimateProb              - Score: 0.0113
19. Bank                           - Score: 0.0071
20. HasExternalFormSubmit          - Score: 0.0068
21. HasPasswordField               - Score: 0.0051
22. Crypto                         - Score: 0.0033
23. NoOfSelfRedirect               - Score: 0.0030
24. NoOfQMarkInURL                 - Score: 0.0028
25. NoOfSubDomain                  - Score: 0.0024
26. IsDomainIP                     - Score: 0.0020
27. NoOfURLRedirect                - Score: 0.0017
28. HasObfuscation                 - Score: 0.0017
29. URLSimilarityIndex             - Score: 0.0010
30. NoOfOtherSpecialCharsInURL     - Score: 0.0008
31. TLDLength                      - Score: 0.0006
32. NoOfEqualsInURL                - Score: 0.0006
33. DomainTitleMatchScore          - Score: 0.0005
34. URLTitleMatchScore             - Score: 0.0004
35. NoOfiFrame                     - Score: 0.0004
36. NoOfCSS                        - Score: 0.0004
37. NoOfJS                         - Score: 0.0003
38. DomainLength                   - Score: 0.0003
39. NoOfAmpersandInURL             - Score: 0.0002
40. NoOfPopup                      - Score: 0.0002
41. NoOfDegitsInURL                - Score: 0.0002
42. NoOfObfuscatedChar             - Score: 0.0001
43. NoOfEmptyRef                   - Score: 0.0001
44. NoOfImage                      - Score: 0.0001
45. NoOfSelfRef                    - Score: 0.0001
46. NoOfLettersInURL               - Score: 0.0001
47. URLLength                      - Score: 0.0000
48. NoOfExternalRef                - Score: 0.0000
49. LineOfCode                     - Score: 0.0000
50. LargestLineLength              - Score: 0.0000
================================================================================

Features Ranked by Differentiation Strength:
================================================================================
 1. URLCharProb                    - Score: 1.0000
 2. SpacialCharRatioInURL          - Score: 0.2521
 3. DegitRatioInURL                - Score: 0.0769
 4. LetterRatioInURL               - Score: 0.0518
 5. HasSocialNet                   - Score: 0.0497
 6. HasCopyrightInfo               - Score: 0.0426
 7. HasDescription                 - Score: 0.0359
 8. CharContinuationRate           - Score: 0.0358
 9. HasSubmitButton                - Score: 0.0266
10. IsHTTPS                        - Score: 0.0258
11. IsResponsive                   - Score: 0.0232
12. HasHiddenFields                - Score: 0.0223
13. HasFavicon                     - Score: 0.0209
14. ObfuscationRatio               - Score: 0.0182
15. HasTitle                       - Score: 0.0173
16. Robots                         - Score: 0.0162
17. Pay                            - Score: 0.0145
18. TLDLegitimateProb              - Score: 0.0113
19. Bank                           - Score: 0.0071
20. HasExternalFormSubmit          - Score: 0.0068
21. HasPasswordField               - Score: 0.0051
22. Crypto                         - Score: 0.0033
23. NoOfSelfRedirect               - Score: 0.0030
24. NoOfQMarkInURL                 - Score: 0.0028
25. NoOfSubDomain                  - Score: 0.0024
26. IsDomainIP                     - Score: 0.0020
27. NoOfURLRedirect                - Score: 0.0017
28. HasObfuscation                 - Score: 0.0017
29. URLSimilarityIndex             - Score: 0.0010
30. NoOfOtherSpecialCharsInURL     - Score: 0.0008
31. TLDLength                      - Score: 0.0006
32. NoOfEqualsInURL                - Score: 0.0006
33. DomainTitleMatchScore          - Score: 0.0005
34. URLTitleMatchScore             - Score: 0.0004
35. NoOfiFrame                     - Score: 0.0004
36. NoOfCSS                        - Score: 0.0004
37. NoOfJS                         - Score: 0.0003
38. DomainLength                   - Score: 0.0003
39. NoOfAmpersandInURL             - Score: 0.0002
40. NoOfPopup                      - Score: 0.0002
41. NoOfDegitsInURL                - Score: 0.0002
42. NoOfObfuscatedChar             - Score: 0.0001
43. NoOfEmptyRef                   - Score: 0.0001
44. NoOfImage                      - Score: 0.0001
45. NoOfSelfRef                    - Score: 0.0001
46. NoOfLettersInURL               - Score: 0.0001
47. URLLength                      - Score: 0.0000
48. NoOfExternalRef                - Score: 0.0000
49. LineOfCode                     - Score: 0.0000
50. LargestLineLength              - Score: 0.0000
================================================================================

Features Ranked by Differentiation Strength:
================================================================================
 1. URLCharProb                    - Score: 1.0000
 2. SpacialCharRatioInURL          - Score: 0.4559
 3. DegitRatioInURL                - Score: 0.0896
 4. HasSocialNet                   - Score: 0.0452
 5. HasCopyrightInfo               - Score: 0.0388
================================================================================

Features Ranked by Differentiation Strength:
================================================================================
 1. URLCharProb                    - Score: 1.0000
 2. SpacialCharRatioInURL          - Score: 0.1258
 3. LetterRatioInURL               - Score: 0.0447
 4. IsHTTPS                        - Score: 0.0313
 5. DegitRatioInURL                - Score: 0.0146
================================================================================

Features Ranked by Differentiation Strength:
================================================================================
 1. SpacialCharRatioInURL          - Score: 1.0000
 2. URLCharProb                    - Score: 0.4684
 3. IsHTTPS                        - Score: 0.3836
 4. LetterRatioInURL               - Score: 0.2286
 5. DegitRatioInURL                - Score: 0.2216
================================================================================

Features Ranked by Differentiation Strength:
================================================================================
 1. URLCharProb                    - Score: 1.0000
 2. SpacialCharRatioInURL          - Score: 0.9132
 3. DegitRatioInURL                - Score: 0.1032
 4. IsHTTPS                        - Score: 0.0987
 5. HasSocialNet                   - Score: 0.0791
================================================================================

Features Ranked by Differentiation Strength:
================================================================================
 1. URLCharProb                    - Score: 1.0000
 2. SpacialCharRatioInURL          - Score: 0.2231
 3. DegitRatioInURL                - Score: 0.0979
 4. LetterRatioInURL               - Score: 0.0589
 5. HasSocialNet                   - Score: 0.0400
================================================================================

Features Ranked by Differentiation Strength:
================================================================================
 1. URLCharProb                    - Score: 1.0000
 2. SpacialCharRatioInURL          - Score: 0.4486
 3. DegitRatioInURL                - Score: 0.0856
 4. LetterRatioInURL               - Score: 0.0729
 5. HasSocialNet                   - Score: 0.0391
================================================================================

Features Ranked by Differentiation Strength:
================================================================================
 1. URLCharProb                    - Score: 1.0000
 2. SpacialCharRatioInURL          - Score: 0.2362
 3. DegitRatioInURL                - Score: 0.0874
 4. LetterRatioInURL               - Score: 0.0775
 5. HasSocialNet                   - Score: 0.0439
================================================================================

Features Ranked by Differentiation Strength:
================================================================================
 1. URLCharProb                    - Score: 1.0000
 2. SpacialCharRatioInURL          - Score: 0.2509
 3. DegitRatioInURL                - Score: 0.0785
 4. LetterRatioInURL               - Score: 0.0516
 5. HasSocialNet                   - Score: 0.0499
================================================================================

Features Ranked by Differentiation Strength:
================================================================================
 1. URLCharProb                    - Score: 1.0000
 2. SpacialCharRatioInURL          - Score: 0.2509
 3. DegitRatioInURL                - Score: 0.0785
 4. LetterRatioInURL               - Score: 0.0516
 5. HasSocialNet                   - Score: 0.0499
 6. HasCopyrightInfo               - Score: 0.0421
 7. HasDescription                 - Score: 0.0365
 8. CharContinuationRate           - Score: 0.0365
 9. HasSubmitButton                - Score: 0.0268
10. IsHTTPS                        - Score: 0.0262
11. IsResponsive                   - Score: 0.0238
12. HasHiddenFields                - Score: 0.0228
13. HasFavicon                     - Score: 0.0213
14. ObfuscationRatio               - Score: 0.0203
15. HasTitle                       - Score: 0.0175
16. Robots                         - Score: 0.0170
17. Pay                            - Score: 0.0146
18. TLDLegitimateProb              - Score: 0.0119
19. Bank                           - Score: 0.0071
20. HasExternalFormSubmit          - Score: 0.0069
21. HasPasswordField               - Score: 0.0052
22. Crypto                         - Score: 0.0034
23. NoOfQMarkInURL                 - Score: 0.0029
24. NoOfSubDomain                  - Score: 0.0028
25. NoOfSelfRedirect               - Score: 0.0028
26. IsDomainIP                     - Score: 0.0021
27. HasObfuscation                 - Score: 0.0018
28. NoOfURLRedirect                - Score: 0.0016
29. URLSimilarityIndex             - Score: 0.0010
30. NoOfOtherSpecialCharsInURL     - Score: 0.0008
31. NoOfEqualsInURL                - Score: 0.0007
32. TLDLength                      - Score: 0.0006
33. DomainTitleMatchScore          - Score: 0.0005
34. NoOfiFrame                     - Score: 0.0005
35. URLTitleMatchScore             - Score: 0.0005
36. NoOfCSS                        - Score: 0.0003
37. NoOfJS                         - Score: 0.0003
38. DomainLength                   - Score: 0.0003
39. NoOfAmpersandInURL             - Score: 0.0002
40. NoOfDegitsInURL                - Score: 0.0002
41. NoOfPopup                      - Score: 0.0001
42. NoOfObfuscatedChar             - Score: 0.0001
43. NoOfEmptyRef                   - Score: 0.0001
44. NoOfImage                      - Score: 0.0001
45. NoOfSelfRef                    - Score: 0.0001
46. NoOfLettersInURL               - Score: 0.0001
47. URLLength                      - Score: 0.0000
48. NoOfExternalRef                - Score: 0.0000
49. LineOfCode                     - Score: 0.0000
50. LargestLineLength              - Score: 0.0000
================================================================================

Features Ranked by Differentiation Strength:
================================================================================
 1. URLCharProb                    - Score: 1.0000
 2. SpacialCharRatioInURL          - Score: 0.2509
 3. DegitRatioInURL                - Score: 0.0785
 4. LetterRatioInURL               - Score: 0.0516
 5. HasSocialNet                   - Score: 0.0499
 6. HasCopyrightInfo               - Score: 0.0421
 7. HasDescription                 - Score: 0.0365
 8. CharContinuationRate           - Score: 0.0365
 9. HasSubmitButton                - Score: 0.0268
10. IsHTTPS                        - Score: 0.0262
11. IsResponsive                   - Score: 0.0238
12. HasHiddenFields                - Score: 0.0228
13. HasFavicon                     - Score: 0.0213
14. ObfuscationRatio               - Score: 0.0203
15. HasTitle                       - Score: 0.0175
16. Robots                         - Score: 0.0170
17. Pay                            - Score: 0.0146
18. TLDLegitimateProb              - Score: 0.0119
19. Bank                           - Score: 0.0071
20. HasExternalFormSubmit          - Score: 0.0069
21. HasPasswordField               - Score: 0.0052
22. Crypto                         - Score: 0.0034
23. NoOfQMarkInURL                 - Score: 0.0029
24. NoOfSubDomain                  - Score: 0.0028
25. NoOfSelfRedirect               - Score: 0.0028
26. IsDomainIP                     - Score: 0.0021
27. HasObfuscation                 - Score: 0.0018
28. NoOfURLRedirect                - Score: 0.0016
29. URLSimilarityIndex             - Score: 0.0010
30. NoOfOtherSpecialCharsInURL     - Score: 0.0008
31. NoOfEqualsInURL                - Score: 0.0007
32. TLDLength                      - Score: 0.0006
33. DomainTitleMatchScore          - Score: 0.0005
34. NoOfiFrame                     - Score: 0.0005
35. URLTitleMatchScore             - Score: 0.0005
36. NoOfCSS                        - Score: 0.0003
37. NoOfJS                         - Score: 0.0003
38. DomainLength                   - Score: 0.0003
39. NoOfAmpersandInURL             - Score: 0.0002
40. NoOfDegitsInURL                - Score: 0.0002
41. NoOfPopup                      - Score: 0.0001
42. NoOfObfuscatedChar             - Score: 0.0001
43. NoOfEmptyRef                   - Score: 0.0001
44. NoOfImage                      - Score: 0.0001
45. NoOfSelfRef                    - Score: 0.0001
46. NoOfLettersInURL               - Score: 0.0001
47. URLLength                      - Score: 0.0000
48. NoOfExternalRef                - Score: 0.0000
49. LineOfCode                     - Score: 0.0000
50. LargestLineLength              - Score: 0.0000
================================================================================

Features Ranked by Differentiation Strength:
================================================================================
 1. URLCharProb                    - Score: 1.0000
 2. SpacialCharRatioInURL          - Score: 0.4613
 3. DegitRatioInURL                - Score: 0.0902
 4. ObfuscationRatio               - Score: 0.0518
 5. HasSocialNet                   - Score: 0.0432
================================================================================

Features Ranked by Differentiation Strength:
================================================================================
 1. URLCharProb                    - Score: 1.0000
 2. SpacialCharRatioInURL          - Score: 0.0791
 3. LetterRatioInURL               - Score: 0.0228
 4. IsHTTPS                        - Score: 0.0164
 5. DegitRatioInURL                - Score: 0.0115
================================================================================

Features Ranked by Differentiation Strength:
================================================================================
 1. SpacialCharRatioInURL          - Score: 1.0000
 2. URLCharProb                    - Score: 0.2775
 3. IsHTTPS                        - Score: 0.2627
 4. LetterRatioInURL               - Score: 0.1545
 5. HasSocialNet                   - Score: 0.1254
================================================================================

Features Ranked by Differentiation Strength:
================================================================================
 1. URLCharProb                    - Score: 1.0000
 2. SpacialCharRatioInURL          - Score: 0.6507
 3. DegitRatioInURL                - Score: 0.1003
 4. IsHTTPS                        - Score: 0.0857
 5. HasSocialNet                   - Score: 0.0695
================================================================================

Features Ranked by Differentiation Strength:
================================================================================
 1. URLCharProb                    - Score: 1.0000
 2. SpacialCharRatioInURL          - Score: 0.1153
 3. DegitRatioInURL                - Score: 0.0889
 4. LetterRatioInURL               - Score: 0.0468
 5. HasSocialNet                   - Score: 0.0361
================================================================================

Features Ranked by Differentiation Strength:
================================================================================
 1. URLCharProb                    - Score: 1.0000
 2. SpacialCharRatioInURL          - Score: 0.2527
 3. DegitRatioInURL                - Score: 0.0994
 4. LetterRatioInURL               - Score: 0.0837
 5. HasSocialNet                   - Score: 0.0497
================================================================================

Features Ranked by Differentiation Strength:
================================================================================
 1. URLCharProb                    - Score: 1.0000
 2. SpacialCharRatioInURL          - Score: 0.2529
 3. DegitRatioInURL                - Score: 0.0768
 4. LetterRatioInURL               - Score: 0.0508
 5. HasSocialNet                   - Score: 0.0491
================================================================================

Features Ranked by Differentiation Strength:
================================================================================
 1. URLCharProb                    - Score: 1.0000
 2. SpacialCharRatioInURL          - Score: 0.2529
 3. DegitRatioInURL                - Score: 0.0768
 4. LetterRatioInURL               - Score: 0.0508
 5. HasSocialNet                   - Score: 0.0491
 6. HasCopyrightInfo               - Score: 0.0420
 7. HasDescription                 - Score: 0.0360
 8. CharContinuationRate           - Score: 0.0354
 9. HasSubmitButton                - Score: 0.0263
10. IsHTTPS                        - Score: 0.0258
11. IsResponsive                   - Score: 0.0234
12. HasHiddenFields                - Score: 0.0221
13. ObfuscationRatio               - Score: 0.0216
14. HasFavicon                     - Score: 0.0208
15. HasTitle                       - Score: 0.0172
16. Robots                         - Score: 0.0166
17. Pay                            - Score: 0.0144
18. TLDLegitimateProb              - Score: 0.0117
19. Bank                           - Score: 0.0069
20. HasExternalFormSubmit          - Score: 0.0067
21. HasPasswordField               - Score: 0.0049
22. Crypto                         - Score: 0.0035
23. NoOfSelfRedirect               - Score: 0.0031
24. NoOfQMarkInURL                 - Score: 0.0029
25. NoOfSubDomain                  - Score: 0.0024
26. IsDomainIP                     - Score: 0.0020
27. HasObfuscation                 - Score: 0.0018
28. NoOfURLRedirect                - Score: 0.0016
29. URLSimilarityIndex             - Score: 0.0010
30. NoOfOtherSpecialCharsInURL     - Score: 0.0008
31. NoOfEqualsInURL                - Score: 0.0007
32. TLDLength                      - Score: 0.0006
33. DomainTitleMatchScore          - Score: 0.0005
34. URLTitleMatchScore             - Score: 0.0004
35. NoOfiFrame                     - Score: 0.0004
36. NoOfCSS                        - Score: 0.0003
37. NoOfJS                         - Score: 0.0003
38. DomainLength                   - Score: 0.0003
39. NoOfDegitsInURL                - Score: 0.0002
40. NoOfAmpersandInURL             - Score: 0.0002
41. NoOfPopup                      - Score: 0.0002
42. NoOfLettersInURL               - Score: 0.0001
43. NoOfObfuscatedChar             - Score: 0.0001
44. URLLength                      - Score: 0.0001
45. NoOfEmptyRef                   - Score: 0.0001
46. NoOfImage                      - Score: 0.0001
47. NoOfSelfRef                    - Score: 0.0001
48. NoOfExternalRef                - Score: 0.0000
49. LineOfCode                     - Score: 0.0000
50. LargestLineLength              - Score: 0.0000
================================================================================

Features Ranked by Differentiation Strength:
================================================================================
 1. URLCharProb                    - Score: 1.0000
 2. SpacialCharRatioInURL          - Score: 0.2529
 3. DegitRatioInURL                - Score: 0.0768
 4. LetterRatioInURL               - Score: 0.0508
 5. HasSocialNet                   - Score: 0.0491
 6. HasCopyrightInfo               - Score: 0.0420
 7. HasDescription                 - Score: 0.0360
 8. CharContinuationRate           - Score: 0.0354
 9. HasSubmitButton                - Score: 0.0263
10. IsHTTPS                        - Score: 0.0258
11. IsResponsive                   - Score: 0.0234
12. HasHiddenFields                - Score: 0.0221
13. ObfuscationRatio               - Score: 0.0216
14. HasFavicon                     - Score: 0.0208
15. HasTitle                       - Score: 0.0172
16. Robots                         - Score: 0.0166
17. Pay                            - Score: 0.0144
18. TLDLegitimateProb              - Score: 0.0117
19. Bank                           - Score: 0.0069
20. HasExternalFormSubmit          - Score: 0.0067
21. HasPasswordField               - Score: 0.0049
22. Crypto                         - Score: 0.0035
23. NoOfSelfRedirect               - Score: 0.0031
24. NoOfQMarkInURL                 - Score: 0.0029
25. NoOfSubDomain                  - Score: 0.0024
26. IsDomainIP                     - Score: 0.0020
27. HasObfuscation                 - Score: 0.0018
28. NoOfURLRedirect                - Score: 0.0016
29. URLSimilarityIndex             - Score: 0.0010
30. NoOfOtherSpecialCharsInURL     - Score: 0.0008
31. NoOfEqualsInURL                - Score: 0.0007
32. TLDLength                      - Score: 0.0006
33. DomainTitleMatchScore          - Score: 0.0005
34. URLTitleMatchScore             - Score: 0.0004
35. NoOfiFrame                     - Score: 0.0004
36. NoOfCSS                        - Score: 0.0003
37. NoOfJS                         - Score: 0.0003
38. DomainLength                   - Score: 0.0003
39. NoOfDegitsInURL                - Score: 0.0002
40. NoOfAmpersandInURL             - Score: 0.0002
41. NoOfPopup                      - Score: 0.0002
42. NoOfLettersInURL               - Score: 0.0001
43. NoOfObfuscatedChar             - Score: 0.0001
44. URLLength                      - Score: 0.0001
45. NoOfEmptyRef                   - Score: 0.0001
46. NoOfImage                      - Score: 0.0001
47. NoOfSelfRef                    - Score: 0.0001
48. NoOfExternalRef                - Score: 0.0000
49. LineOfCode                     - Score: 0.0000
50. LargestLineLength              - Score: 0.0000
================================================================================

Features Ranked by Differentiation Strength:
================================================================================
 1. URLCharProb                    - Score: 1.0000
 2. SpacialCharRatioInURL          - Score: 0.4666
 3. DegitRatioInURL                - Score: 0.0841
 4. HasSocialNet                   - Score: 0.0405
 5. HasCopyrightInfo               - Score: 0.0364
================================================================================

Features Ranked by Differentiation Strength:
================================================================================
 1. URLCharProb                    - Score: 1.0000
 2. SpacialCharRatioInURL          - Score: 0.5791
 3. LetterRatioInURL               - Score: 0.3135
 4. DegitRatioInURL                - Score: 0.0148
 5. HasCopyrightInfo               - Score: 0.0108
================================================================================

Features Ranked by Differentiation Strength:
================================================================================
 1. URLCharProb                    - Score: 1.0000
 2. SpacialCharRatioInURL          - Score: 0.4593
 3. IsHTTPS                        - Score: 0.3417
 4. LetterRatioInURL               - Score: 0.2627
 5. HasSocialNet                   - Score: 0.1761
================================================================================

Features Ranked by Differentiation Strength:
================================================================================
 1. URLCharProb                    - Score: 1.0000
 2. SpacialCharRatioInURL          - Score: 0.5413
 3. IsHTTPS                        - Score: 0.1469
 4. HasCopyrightInfo               - Score: 0.0978
 5. HasSocialNet                   - Score: 0.0957
================================================================================

Features Ranked by Differentiation Strength:
================================================================================
 1. URLCharProb                    - Score: 1.0000
 2. DegitRatioInURL                - Score: 0.0819
 3. SpacialCharRatioInURL          - Score: 0.0753
 4. LetterRatioInURL               - Score: 0.0480
 5. HasSocialNet                   - Score: 0.0336
================================================================================

Features Ranked by Differentiation Strength:
================================================================================
 1. SpacialCharRatioInURL          - Score: 1.0000
 2. URLCharProb                    - Score: 0.1135
 3. DegitRatioInURL                - Score: 0.0155
 4. HasSocialNet                   - Score: 0.0063
 5. HasCopyrightInfo               - Score: 0.0061
================================================================================

Features Ranked by Differentiation Strength:
================================================================================
 1. URLCharProb                    - Score: 1.0000
 2. SpacialCharRatioInURL          - Score: 0.2719
 3. DegitRatioInURL                - Score: 0.1003
 4. LetterRatioInURL               - Score: 0.0840
 5. HasSocialNet                   - Score: 0.0514
================================================================================

Features Ranked by Differentiation Strength:
================================================================================
 1. URLCharProb                    - Score: 1.0000
 2. SpacialCharRatioInURL          - Score: 0.2540
 3. DegitRatioInURL                - Score: 0.0761
 4. LetterRatioInURL               - Score: 0.0518
 5. HasSocialNet                   - Score: 0.0496
================================================================================

Features Ranked by Differentiation Strength:
================================================================================
 1. URLCharProb                    - Score: 1.0000
 2. SpacialCharRatioInURL          - Score: 0.2540
 3. DegitRatioInURL                - Score: 0.0761
 4. LetterRatioInURL               - Score: 0.0518
 5. HasSocialNet                   - Score: 0.0496
 6. HasCopyrightInfo               - Score: 0.0427
 7. CharContinuationRate           - Score: 0.0361
 8. HasDescription                 - Score: 0.0353
 9. HasSubmitButton                - Score: 0.0266
10. IsHTTPS                        - Score: 0.0257
11. IsResponsive                   - Score: 0.0233
12. HasHiddenFields                - Score: 0.0223
13. HasFavicon                     - Score: 0.0209
14. ObfuscationRatio               - Score: 0.0201
15. HasTitle                       - Score: 0.0171
16. Robots                         - Score: 0.0165
17. Pay                            - Score: 0.0148
18. TLDLegitimateProb              - Score: 0.0112
19. Bank                           - Score: 0.0071
20. HasExternalFormSubmit          - Score: 0.0067
21. HasPasswordField               - Score: 0.0052
22. Crypto                         - Score: 0.0033
23. NoOfSelfRedirect               - Score: 0.0030
24. NoOfQMarkInURL                 - Score: 0.0030
25. NoOfSubDomain                  - Score: 0.0023
26. IsDomainIP                     - Score: 0.0019
27. NoOfURLRedirect                - Score: 0.0019
28. HasObfuscation                 - Score: 0.0017
29. URLSimilarityIndex             - Score: 0.0010
30. NoOfOtherSpecialCharsInURL     - Score: 0.0008
31. NoOfEqualsInURL                - Score: 0.0007
32. TLDLength                      - Score: 0.0006
33. DomainTitleMatchScore          - Score: 0.0005
34. URLTitleMatchScore             - Score: 0.0004
35. NoOfiFrame                     - Score: 0.0004
36. NoOfJS                         - Score: 0.0004
37. NoOfCSS                        - Score: 0.0003
38. DomainLength                   - Score: 0.0003
39. NoOfAmpersandInURL             - Score: 0.0002
40. NoOfDegitsInURL                - Score: 0.0002
41. NoOfPopup                      - Score: 0.0002
42. NoOfObfuscatedChar             - Score: 0.0001
43. NoOfEmptyRef                   - Score: 0.0001
44. NoOfImage                      - Score: 0.0001
45. NoOfLettersInURL               - Score: 0.0001
46. NoOfSelfRef                    - Score: 0.0001
47. URLLength                      - Score: 0.0000
48. NoOfExternalRef                - Score: 0.0000
49. LineOfCode                     - Score: 0.0000
50. LargestLineLength              - Score: 0.0000
================================================================================

Features Ranked by Differentiation Strength:
================================================================================
 1. URLCharProb                    - Score: 1.0000
 2. SpacialCharRatioInURL          - Score: 0.2540
 3. DegitRatioInURL                - Score: 0.0761
 4. LetterRatioInURL               - Score: 0.0518
 5. HasSocialNet                   - Score: 0.0496
 6. HasCopyrightInfo               - Score: 0.0427
 7. CharContinuationRate           - Score: 0.0361
 8. HasDescription                 - Score: 0.0353
 9. HasSubmitButton                - Score: 0.0266
10. IsHTTPS                        - Score: 0.0257
11. IsResponsive                   - Score: 0.0233
12. HasHiddenFields                - Score: 0.0223
13. HasFavicon                     - Score: 0.0209
14. ObfuscationRatio               - Score: 0.0201
15. HasTitle                       - Score: 0.0171
16. Robots                         - Score: 0.0165
17. Pay                            - Score: 0.0148
18. TLDLegitimateProb              - Score: 0.0112
19. Bank                           - Score: 0.0071
20. HasExternalFormSubmit          - Score: 0.0067
21. HasPasswordField               - Score: 0.0052
22. Crypto                         - Score: 0.0033
23. NoOfSelfRedirect               - Score: 0.0030
24. NoOfQMarkInURL                 - Score: 0.0030
25. NoOfSubDomain                  - Score: 0.0023
26. IsDomainIP                     - Score: 0.0019
27. NoOfURLRedirect                - Score: 0.0019
28. HasObfuscation                 - Score: 0.0017
29. URLSimilarityIndex             - Score: 0.0010
30. NoOfOtherSpecialCharsInURL     - Score: 0.0008
31. NoOfEqualsInURL                - Score: 0.0007
32. TLDLength                      - Score: 0.0006
33. DomainTitleMatchScore          - Score: 0.0005
34. URLTitleMatchScore             - Score: 0.0004
35. NoOfiFrame                     - Score: 0.0004
36. NoOfJS                         - Score: 0.0004
37. NoOfCSS                        - Score: 0.0003
38. DomainLength                   - Score: 0.0003
39. NoOfAmpersandInURL             - Score: 0.0002
40. NoOfDegitsInURL                - Score: 0.0002
41. NoOfPopup                      - Score: 0.0002
42. NoOfObfuscatedChar             - Score: 0.0001
43. NoOfEmptyRef                   - Score: 0.0001
44. NoOfImage                      - Score: 0.0001
45. NoOfLettersInURL               - Score: 0.0001
46. NoOfSelfRef                    - Score: 0.0001
47. URLLength                      - Score: 0.0000
48. NoOfExternalRef                - Score: 0.0000
49. LineOfCode                     - Score: 0.0000
50. LargestLineLength              - Score: 0.0000
================================================================================

Features Ranked by Differentiation Strength:
================================================================================
 1. URLCharProb                    - Score: 1.0000
 2. SpacialCharRatioInURL          - Score: 0.4596
 3. DegitRatioInURL                - Score: 0.0859
 4. ObfuscationRatio               - Score: 0.0518
 5. HasSocialNet                   - Score: 0.0434
================================================================================

Features Ranked by Differentiation Strength:
================================================================================
 1. URLCharProb                    - Score: 1.0000
 2. SpacialCharRatioInURL          - Score: 0.0337
 3. LetterRatioInURL               - Score: 0.0111
 4. IsHTTPS                        - Score: 0.0064
 5. HasCopyrightInfo               - Score: 0.0041
================================================================================

Features Ranked by Differentiation Strength:
================================================================================
 1. SpacialCharRatioInURL          - Score: 1.0000
 2. URLCharProb                    - Score: 0.8087
 3. IsHTTPS                        - Score: 0.2857
 4. LetterRatioInURL               - Score: 0.1703
 5. DegitRatioInURL                - Score: 0.1605
================================================================================

Features Ranked by Differentiation Strength:
================================================================================
 1. URLCharProb                    - Score: 1.0000
 2. SpacialCharRatioInURL          - Score: 0.6669
 3. DegitRatioInURL                - Score: 0.1256
 4. IsHTTPS                        - Score: 0.0921
 5. HasSocialNet                   - Score: 0.0758
================================================================================

Features Ranked by Differentiation Strength:
================================================================================
 1. URLCharProb                    - Score: 1.0000
 2. SpacialCharRatioInURL          - Score: 0.1060
 3. DegitRatioInURL                - Score: 0.0858
 4. LetterRatioInURL               - Score: 0.0486
 5. HasSocialNet                   - Score: 0.0375
================================================================================

Features Ranked by Differentiation Strength:
================================================================================
 1. URLCharProb                    - Score: 1.0000
 2. SpacialCharRatioInURL          - Score: 0.2611
 3. DegitRatioInURL                - Score: 0.0975
 4. LetterRatioInURL               - Score: 0.0844
 5. HasSocialNet                   - Score: 0.0502
================================================================================

Features Ranked by Differentiation Strength:
================================================================================
 1. URLCharProb                    - Score: 1.0000
 2. SpacialCharRatioInURL          - Score: 0.2527
 3. DegitRatioInURL                - Score: 0.0776
 4. LetterRatioInURL               - Score: 0.0515
 5. HasSocialNet                   - Score: 0.0494
================================================================================

Features Ranked by Differentiation Strength:
================================================================================
 1. URLCharProb                    - Score: 1.0000
 2. SpacialCharRatioInURL          - Score: 0.2527
 3. DegitRatioInURL                - Score: 0.0776
 4. LetterRatioInURL               - Score: 0.0515
 5. HasSocialNet                   - Score: 0.0494
 6. HasCopyrightInfo               - Score: 0.0430
 7. HasDescription                 - Score: 0.0363
 8. CharContinuationRate           - Score: 0.0360
 9. HasSubmitButton                - Score: 0.0268
10. IsHTTPS                        - Score: 0.0262
11. IsResponsive                   - Score: 0.0235
12. HasHiddenFields                - Score: 0.0225
13. HasFavicon                     - Score: 0.0212
14. ObfuscationRatio               - Score: 0.0196
15. HasTitle                       - Score: 0.0174
16. Robots                         - Score: 0.0164
17. Pay                            - Score: 0.0147
18. TLDLegitimateProb              - Score: 0.0119
19. Bank                           - Score: 0.0074
20. HasExternalFormSubmit          - Score: 0.0068
21. HasPasswordField               - Score: 0.0052
22. Crypto                         - Score: 0.0036
23. NoOfSelfRedirect               - Score: 0.0030
24. NoOfQMarkInURL                 - Score: 0.0029
25. NoOfSubDomain                  - Score: 0.0028
26. IsDomainIP                     - Score: 0.0021
27. NoOfURLRedirect                - Score: 0.0018
28. HasObfuscation                 - Score: 0.0016
29. URLSimilarityIndex             - Score: 0.0010
30. NoOfOtherSpecialCharsInURL     - Score: 0.0008
31. NoOfEqualsInURL                - Score: 0.0006
32. TLDLength                      - Score: 0.0006
33. DomainTitleMatchScore          - Score: 0.0005
34. URLTitleMatchScore             - Score: 0.0005
35. NoOfiFrame                     - Score: 0.0004
36. NoOfCSS                        - Score: 0.0003
37. NoOfJS                         - Score: 0.0003
38. DomainLength                   - Score: 0.0003
39. NoOfAmpersandInURL             - Score: 0.0002
40. NoOfDegitsInURL                - Score: 0.0002
41. NoOfPopup                      - Score: 0.0001
42. NoOfObfuscatedChar             - Score: 0.0001
43. NoOfEmptyRef                   - Score: 0.0001
44. NoOfImage                      - Score: 0.0001
45. NoOfSelfRef                    - Score: 0.0001
46. NoOfLettersInURL               - Score: 0.0001
47. URLLength                      - Score: 0.0000
48. NoOfExternalRef                - Score: 0.0000
49. LineOfCode                     - Score: 0.0000
50. LargestLineLength              - Score: 0.0000
================================================================================

Features Ranked by Differentiation Strength:
================================================================================
 1. URLCharProb                    - Score: 1.0000
 2. SpacialCharRatioInURL          - Score: 0.2527
 3. DegitRatioInURL                - Score: 0.0776
 4. LetterRatioInURL               - Score: 0.0515
 5. HasSocialNet                   - Score: 0.0494
 6. HasCopyrightInfo               - Score: 0.0430
 7. HasDescription                 - Score: 0.0363
 8. CharContinuationRate           - Score: 0.0360
 9. HasSubmitButton                - Score: 0.0268
10. IsHTTPS                        - Score: 0.0262
11. IsResponsive                   - Score: 0.0235
12. HasHiddenFields                - Score: 0.0225
13. HasFavicon                     - Score: 0.0212
14. ObfuscationRatio               - Score: 0.0196
15. HasTitle                       - Score: 0.0174
16. Robots                         - Score: 0.0164
17. Pay                            - Score: 0.0147
18. TLDLegitimateProb              - Score: 0.0119
19. Bank                           - Score: 0.0074
20. HasExternalFormSubmit          - Score: 0.0068
21. HasPasswordField               - Score: 0.0052
22. Crypto                         - Score: 0.0036
23. NoOfSelfRedirect               - Score: 0.0030
24. NoOfQMarkInURL                 - Score: 0.0029
25. NoOfSubDomain                  - Score: 0.0028
26. IsDomainIP                     - Score: 0.0021
27. NoOfURLRedirect                - Score: 0.0018
28. HasObfuscation                 - Score: 0.0016
29. URLSimilarityIndex             - Score: 0.0010
30. NoOfOtherSpecialCharsInURL     - Score: 0.0008
31. NoOfEqualsInURL                - Score: 0.0006
32. TLDLength                      - Score: 0.0006
33. DomainTitleMatchScore          - Score: 0.0005
34. URLTitleMatchScore             - Score: 0.0005
35. NoOfiFrame                     - Score: 0.0004
36. NoOfCSS                        - Score: 0.0003
37. NoOfJS                         - Score: 0.0003
38. DomainLength                   - Score: 0.0003
39. NoOfAmpersandInURL             - Score: 0.0002
40. NoOfDegitsInURL                - Score: 0.0002
41. NoOfPopup                      - Score: 0.0001
42. NoOfObfuscatedChar             - Score: 0.0001
43. NoOfEmptyRef                   - Score: 0.0001
44. NoOfImage                      - Score: 0.0001
45. NoOfSelfRef                    - Score: 0.0001
46. NoOfLettersInURL               - Score: 0.0001
47. URLLength                      - Score: 0.0000
48. NoOfExternalRef                - Score: 0.0000
49. LineOfCode                     - Score: 0.0000
50. LargestLineLength              - Score: 0.0000
================================================================================

Features Ranked by Differentiation Strength:
================================================================================
 1. URLCharProb                    - Score: 1.0000
 2. SpacialCharRatioInURL          - Score: 0.4336
 3. DegitRatioInURL                - Score: 0.0867
 4. ObfuscationRatio               - Score: 0.0512
 5. HasSocialNet                   - Score: 0.0418
================================================================================

Features Ranked by Differentiation Strength:
================================================================================
 1. URLCharProb                    - Score: 1.0000
 2. LetterRatioInURL               - Score: 0.0146
 3. DegitRatioInURL                - Score: 0.0057
 4. IsHTTPS                        - Score: 0.0028
 5. HasSocialNet                   - Score: 0.0014
================================================================================

Features Ranked by Differentiation Strength:
================================================================================
 1. SpacialCharRatioInURL          - Score: 1.0000
 2. IsHTTPS                        - Score: 0.4360
 3. URLCharProb                    - Score: 0.3506
 4. LetterRatioInURL               - Score: 0.2291
 5. HasSocialNet                   - Score: 0.1933
================================================================================

Features Ranked by Differentiation Strength:
================================================================================
 1. URLCharProb                    - Score: 1.0000
 2. SpacialCharRatioInURL          - Score: 0.8662
 3. DegitRatioInURL                - Score: 0.1056
 4. IsHTTPS                        - Score: 0.0919
 5. HasSocialNet                   - Score: 0.0723
================================================================================

Features Ranked by Differentiation Strength:
================================================================================
 1. URLCharProb                    - Score: 1.0000
 2. SpacialCharRatioInURL          - Score: 0.1331
 3. DegitRatioInURL                - Score: 0.0874
 4. LetterRatioInURL               - Score: 0.0469
 5. HasSocialNet                   - Score: 0.0362
================================================================================

Features Ranked by Differentiation Strength:
================================================================================
 1. URLCharProb                    - Score: 1.0000
 2. SpacialCharRatioInURL          - Score: 0.2500
 3. DegitRatioInURL                - Score: 0.0960
 4. LetterRatioInURL               - Score: 0.0807
 5. HasSocialNet                   - Score: 0.0482
================================================================================

Features Ranked by Differentiation Strength:
================================================================================
 1. URLCharProb                    - Score: 1.0000
 2. SpacialCharRatioInURL          - Score: 0.2479
 3. DegitRatioInURL                - Score: 0.0763
 4. LetterRatioInURL               - Score: 0.0505
 5. HasSocialNet                   - Score: 0.0484
================================================================================

Features Ranked by Differentiation Strength:
================================================================================
 1. URLCharProb                    - Score: 1.0000
 2. SpacialCharRatioInURL          - Score: 0.2479
 3. DegitRatioInURL                - Score: 0.0763
 4. LetterRatioInURL               - Score: 0.0505
 5. HasSocialNet                   - Score: 0.0484
 6. HasCopyrightInfo               - Score: 0.0412
 7. HasDescription                 - Score: 0.0355
 8. CharContinuationRate           - Score: 0.0352
 9. HasSubmitButton                - Score: 0.0263
10. IsHTTPS                        - Score: 0.0255
11. IsResponsive                   - Score: 0.0232
12. HasHiddenFields                - Score: 0.0223
13. HasFavicon                     - Score: 0.0203
14. ObfuscationRatio               - Score: 0.0180
15. HasTitle                       - Score: 0.0170
16. Robots                         - Score: 0.0164
17. Pay                            - Score: 0.0144
18. TLDLegitimateProb              - Score: 0.0113
19. Bank                           - Score: 0.0072
20. HasExternalFormSubmit          - Score: 0.0066
21. HasPasswordField               - Score: 0.0052
22. Crypto                         - Score: 0.0034
23. NoOfSelfRedirect               - Score: 0.0030
24. NoOfQMarkInURL                 - Score: 0.0029
25. NoOfSubDomain                  - Score: 0.0024
26. IsDomainIP                     - Score: 0.0019
27. NoOfURLRedirect                - Score: 0.0018
28. HasObfuscation                 - Score: 0.0016
29. URLSimilarityIndex             - Score: 0.0010
30. NoOfOtherSpecialCharsInURL     - Score: 0.0008
31. NoOfEqualsInURL                - Score: 0.0007
32. TLDLength                      - Score: 0.0006
33. DomainTitleMatchScore          - Score: 0.0005
34. URLTitleMatchScore             - Score: 0.0004
35. NoOfiFrame                     - Score: 0.0004
36. NoOfCSS                        - Score: 0.0003
37. NoOfJS                         - Score: 0.0003
38. DomainLength                   - Score: 0.0003
39. NoOfAmpersandInURL             - Score: 0.0002
40. NoOfDegitsInURL                - Score: 0.0002
41. NoOfPopup                      - Score: 0.0001
42. NoOfObfuscatedChar             - Score: 0.0001
43. NoOfEmptyRef                   - Score: 0.0001
44. NoOfImage                      - Score: 0.0001
45. NoOfLettersInURL               - Score: 0.0001
46. NoOfSelfRef                    - Score: 0.0001
47. URLLength                      - Score: 0.0000
48. NoOfExternalRef                - Score: 0.0000
49. LineOfCode                     - Score: 0.0000
50. LargestLineLength              - Score: 0.0000
================================================================================

Features Ranked by Differentiation Strength:
================================================================================
 1. URLCharProb                    - Score: 1.0000
 2. SpacialCharRatioInURL          - Score: 0.2479
 3. DegitRatioInURL                - Score: 0.0763
 4. LetterRatioInURL               - Score: 0.0505
 5. HasSocialNet                   - Score: 0.0484
 6. HasCopyrightInfo               - Score: 0.0412
 7. HasDescription                 - Score: 0.0355
 8. CharContinuationRate           - Score: 0.0352
 9. HasSubmitButton                - Score: 0.0263
10. IsHTTPS                        - Score: 0.0255
11. IsResponsive                   - Score: 0.0232
12. HasHiddenFields                - Score: 0.0223
13. HasFavicon                     - Score: 0.0203
14. ObfuscationRatio               - Score: 0.0180
15. HasTitle                       - Score: 0.0170
16. Robots                         - Score: 0.0164
17. Pay                            - Score: 0.0144
18. TLDLegitimateProb              - Score: 0.0113
19. Bank                           - Score: 0.0072
20. HasExternalFormSubmit          - Score: 0.0066
21. HasPasswordField               - Score: 0.0052
22. Crypto                         - Score: 0.0034
23. NoOfSelfRedirect               - Score: 0.0030
24. NoOfQMarkInURL                 - Score: 0.0029
25. NoOfSubDomain                  - Score: 0.0024
26. IsDomainIP                     - Score: 0.0019
27. NoOfURLRedirect                - Score: 0.0018
28. HasObfuscation                 - Score: 0.0016
29. URLSimilarityIndex             - Score: 0.0010
30. NoOfOtherSpecialCharsInURL     - Score: 0.0008
31. NoOfEqualsInURL                - Score: 0.0007
32. TLDLength                      - Score: 0.0006
33. DomainTitleMatchScore          - Score: 0.0005
34. URLTitleMatchScore             - Score: 0.0004
35. NoOfiFrame                     - Score: 0.0004
36. NoOfCSS                        - Score: 0.0003
37. NoOfJS                         - Score: 0.0003
38. DomainLength                   - Score: 0.0003
39. NoOfAmpersandInURL             - Score: 0.0002
40. NoOfDegitsInURL                - Score: 0.0002
41. NoOfPopup                      - Score: 0.0001
42. NoOfObfuscatedChar             - Score: 0.0001
43. NoOfEmptyRef                   - Score: 0.0001
44. NoOfImage                      - Score: 0.0001
45. NoOfLettersInURL               - Score: 0.0001
46. NoOfSelfRef                    - Score: 0.0001
47. URLLength                      - Score: 0.0000
48. NoOfExternalRef                - Score: 0.0000
49. LineOfCode                     - Score: 0.0000
50. LargestLineLength              - Score: 0.0000
================================================================================

Features Ranked by Differentiation Strength:
================================================================================
 1. URLCharProb                    - Score: 1.0000
 2. SpacialCharRatioInURL          - Score: 0.4678
 3. DegitRatioInURL                - Score: 0.0853
 4. ObfuscationRatio               - Score: 0.0490
 5. HasSocialNet                   - Score: 0.0418
================================================================================

Features Ranked by Differentiation Strength:
================================================================================
 1. URLCharProb                    - Score: 1.0000
 2. SpacialCharRatioInURL          - Score: 0.1059
 3. LetterRatioInURL               - Score: 0.0274
 4. IsHTTPS                        - Score: 0.0235
 5. DegitRatioInURL                - Score: 0.0101
================================================================================

Features Ranked by Differentiation Strength:
================================================================================
 1. SpacialCharRatioInURL          - Score: 1.0000
 2. URLCharProb                    - Score: 0.7423
 3. IsHTTPS                        - Score: 0.3323
 4. LetterRatioInURL               - Score: 0.1789
 5. HasSocialNet                   - Score: 0.1446
================================================================================

Features Ranked by Differentiation Strength:
================================================================================
 1. URLCharProb                    - Score: 1.0000
 2. SpacialCharRatioInURL          - Score: 0.8707
 3. DegitRatioInURL                - Score: 0.1103
 4. IsHTTPS                        - Score: 0.1020
 5. HasSocialNet                   - Score: 0.0806
================================================================================

Features Ranked by Differentiation Strength:
================================================================================
 1. URLCharProb                    - Score: 1.0000
 2. SpacialCharRatioInURL          - Score: 0.1472
 3. DegitRatioInURL                - Score: 0.0844
 4. LetterRatioInURL               - Score: 0.0461
 5. HasSocialNet                   - Score: 0.0347
================================================================================

Features Ranked by Differentiation Strength:
================================================================================
 1. URLCharProb                    - Score: 1.0000
 2. SpacialCharRatioInURL          - Score: 0.2488
 3. DegitRatioInURL                - Score: 0.0949
 4. LetterRatioInURL               - Score: 0.0802
 5. HasSocialNet                   - Score: 0.0472
================================================================================
  wrote C:\personal\grad-school\reproduce\outputs\table_6_1.md
  wrote C:\personal\grad-school\reproduce\outputs\table_6_1.csv
