Goal G5 -- output partitioning: uniform vs quantile vs hybrid
  Concrete N=1030 target skew=+0.417 buckets=[3, 4, 6] orders=['0th', '1st', '2nd'] seeds=[0, 1, 2, 3, 4, 5, 6, 7, 8, 9]

Features Ranked by Differentiation Strength:
================================================================================
 1. Cement                         - Score: 1.0000
 2. Age                            - Score: 0.9675
 3. Water                          - Score: 0.7472
 4. Superplasticizer               - Score: 0.7047
 5. Slag                           - Score: 0.4047
 6. CoarseAgg                      - Score: 0.3548
 7. FlyAsh                         - Score: 0.3396
 8. FineAgg                        - Score: 0.2754
================================================================================

Solving 0th consequents in closed form (basis=raw, l2=0.01)...
  Training MSE: 0.0288

Features Ranked by Differentiation Strength:
================================================================================
 1. Cement                         - Score: 1.0000
 2. Age                            - Score: 0.9401
 3. Water                          - Score: 0.7291
 4. Superplasticizer               - Score: 0.6564
 5. CoarseAgg                      - Score: 0.3785
 6. Slag                           - Score: 0.3733
 7. FlyAsh                         - Score: 0.2997
 8. FineAgg                        - Score: 0.2381
================================================================================

Solving 0th consequents in closed form (basis=raw, l2=0.01)...
  Training MSE: 0.0241

Features Ranked by Differentiation Strength:
================================================================================
 1. Cement                         - Score: 1.0000
 2. Age                            - Score: 0.9367
 3. Water                          - Score: 0.7033
 4. Superplasticizer               - Score: 0.6242
 5. Slag                           - Score: 0.3392
 6. CoarseAgg                      - Score: 0.3285
 7. FlyAsh                         - Score: 0.2729
 8. FineAgg                        - Score: 0.2608
================================================================================

Solving 0th consequents in closed form (basis=raw, l2=0.01)...
  Training MSE: 0.0218

Features Ranked by Differentiation Strength:
================================================================================
 1. Cement                         - Score: 1.0000
 2. Age                            - Score: 0.9127
 3. Water                          - Score: 0.7100
 4. Superplasticizer               - Score: 0.6209
 5. Slag                           - Score: 0.3390
 6. CoarseAgg                      - Score: 0.3118
 7. FlyAsh                         - Score: 0.2938
 8. FineAgg                        - Score: 0.2617
================================================================================

Solving 0th consequents in closed form (basis=raw, l2=0.01)...
  Training MSE: 0.0222

Features Ranked by Differentiation Strength:
================================================================================
 1. Cement                         - Score: 1.0000
 2. Age                            - Score: 0.8268
 3. Water                          - Score: 0.6980
 4. Superplasticizer               - Score: 0.6469
 5. Slag                           - Score: 0.3712
 6. CoarseAgg                      - Score: 0.3693
 7. FlyAsh                         - Score: 0.3215
 8. FineAgg                        - Score: 0.2506
================================================================================

Solving 0th consequents in closed form (basis=raw, l2=0.01)...
  Training MSE: 0.0200

Features Ranked by Differentiation Strength:
================================================================================
 1. Cement                         - Score: 1.0000
 2. Age                            - Score: 0.9200
 3. Water                          - Score: 0.6995
 4. Superplasticizer               - Score: 0.6378
 5. Slag                           - Score: 0.3521
 6. CoarseAgg                      - Score: 0.3260
 7. FlyAsh                         - Score: 0.3014
 8. FineAgg                        - Score: 0.2497
================================================================================

Solving 0th consequents in closed form (basis=raw, l2=0.01)...
  Training MSE: 0.0247

Features Ranked by Differentiation Strength:
================================================================================
 1. Cement                         - Score: 1.0000
 2. Age                            - Score: 0.9185
 3. Water                          - Score: 0.7050
 4. Superplasticizer               - Score: 0.6442
 5. Slag                           - Score: 0.3723
 6. CoarseAgg                      - Score: 0.3528
 7. FlyAsh                         - Score: 0.2860
 8. FineAgg                        - Score: 0.2503
================================================================================

Solving 0th consequents in closed form (basis=raw, l2=0.01)...
  Training MSE: 0.0264

Features Ranked by Differentiation Strength:
================================================================================
 1. Cement                         - Score: 1.0000
 2. Age                            - Score: 0.9793
 3. Water                          - Score: 0.6937
 4. Superplasticizer               - Score: 0.6288
 5. Slag                           - Score: 0.4189
 6. CoarseAgg                      - Score: 0.3302
 7. FlyAsh                         - Score: 0.3001
 8. FineAgg                        - Score: 0.2959
================================================================================

Solving 0th consequents in closed form (basis=raw, l2=0.01)...
  Training MSE: 0.0199

Features Ranked by Differentiation Strength:
================================================================================
 1. Cement                         - Score: 1.0000
 2. Age                            - Score: 0.9272
 3. Water                          - Score: 0.6833
 4. Superplasticizer               - Score: 0.5923
 5. Slag                           - Score: 0.3746
 6. CoarseAgg                      - Score: 0.3176
 7. FlyAsh                         - Score: 0.2803
 8. FineAgg                        - Score: 0.2673
================================================================================

Solving 0th consequents in closed form (basis=raw, l2=0.01)...
  Training MSE: 0.0212

Features Ranked by Differentiation Strength:
================================================================================
 1. Cement                         - Score: 1.0000
 2. Age                            - Score: 0.9266
 3. Water                          - Score: 0.6824
 4. Superplasticizer               - Score: 0.6071
 5. Slag                           - Score: 0.3354
 6. FlyAsh                         - Score: 0.3322
 7. CoarseAgg                      - Score: 0.3198
 8. FineAgg                        - Score: 0.2252
================================================================================

Solving 0th consequents in closed form (basis=raw, l2=0.01)...
  Training MSE: 0.0193

Features Ranked by Differentiation Strength:
================================================================================
 1. Age                            - Score: 1.0000
 2. Cement                         - Score: 0.6761
 3. Superplasticizer               - Score: 0.5143
 4. Water                          - Score: 0.4750
 5. FineAgg                        - Score: 0.3203
 6. Slag                           - Score: 0.3154
 7. CoarseAgg                      - Score: 0.2986
 8. FlyAsh                         - Score: 0.1967
================================================================================

Solving 0th consequents in closed form (basis=raw, l2=0.01)...
  Training MSE: 0.0343

Features Ranked by Differentiation Strength:
================================================================================
 1. Age                            - Score: 1.0000
 2. Cement                         - Score: 0.7086
 3. Superplasticizer               - Score: 0.5215
 4. Water                          - Score: 0.4870
 5. CoarseAgg                      - Score: 0.3376
 6. FineAgg                        - Score: 0.2853
 7. Slag                           - Score: 0.2814
 8. FlyAsh                         - Score: 0.1628
================================================================================

Solving 0th consequents in closed form (basis=raw, l2=0.01)...
  Training MSE: 0.0346

Features Ranked by Differentiation Strength:
================================================================================
 1. Age                            - Score: 1.0000
 2. Cement                         - Score: 0.7711
 3. Superplasticizer               - Score: 0.4832
 4. Water                          - Score: 0.4599
 5. FineAgg                        - Score: 0.3480
 6. CoarseAgg                      - Score: 0.3269
 7. Slag                           - Score: 0.2940
 8. FlyAsh                         - Score: 0.1735
================================================================================

Solving 0th consequents in closed form (basis=raw, l2=0.01)...
  Training MSE: 0.0303

Features Ranked by Differentiation Strength:
================================================================================
 1. Age                            - Score: 1.0000
 2. Cement                         - Score: 0.7753
 3. Superplasticizer               - Score: 0.4901
 4. Water                          - Score: 0.4875
 5. FineAgg                        - Score: 0.3436
 6. CoarseAgg                      - Score: 0.3271
 7. Slag                           - Score: 0.3041
 8. FlyAsh                         - Score: 0.1812
================================================================================

Solving 0th consequents in closed form (basis=raw, l2=0.01)...
  Training MSE: 0.0283

Features Ranked by Differentiation Strength:
================================================================================
 1. Age                            - Score: 1.0000
 2. Cement                         - Score: 0.7954
 3. Superplasticizer               - Score: 0.5442
 4. Water                          - Score: 0.4865
 5. CoarseAgg                      - Score: 0.3664
 6. FineAgg                        - Score: 0.3517
 7. Slag                           - Score: 0.3445
 8. FlyAsh                         - Score: 0.2297
================================================================================

Solving 0th consequents in closed form (basis=raw, l2=0.01)...
  Training MSE: 0.0316

Features Ranked by Differentiation Strength:
================================================================================
 1. Age                            - Score: 1.0000
 2. Cement                         - Score: 0.7464
 3. Superplasticizer               - Score: 0.5094
 4. Water                          - Score: 0.4613
 5. CoarseAgg                      - Score: 0.3191
 6. FineAgg                        - Score: 0.3058
 7. Slag                           - Score: 0.2779
 8. FlyAsh                         - Score: 0.1990
================================================================================

Solving 0th consequents in closed form (basis=raw, l2=0.01)...
  Training MSE: 0.0330

Features Ranked by Differentiation Strength:
================================================================================
 1. Age                            - Score: 1.0000
 2. Cement                         - Score: 0.7150
 3. Superplasticizer               - Score: 0.5264
 4. Water                          - Score: 0.4779
 5. FineAgg                        - Score: 0.3142
 6. CoarseAgg                      - Score: 0.3112
 7. Slag                           - Score: 0.3084
 8. FlyAsh                         - Score: 0.1289
================================================================================

Solving 0th consequents in closed form (basis=raw, l2=0.01)...
  Training MSE: 0.0285

Features Ranked by Differentiation Strength:
================================================================================
 1. Age                            - Score: 1.0000
 2. Cement                         - Score: 0.7367
 3. Superplasticizer               - Score: 0.4980
 4. Water                          - Score: 0.4803
 5. Slag                           - Score: 0.3406
 6. FineAgg                        - Score: 0.3347
 7. CoarseAgg                      - Score: 0.3079
 8. FlyAsh                         - Score: 0.1275
================================================================================

Solving 0th consequents in closed form (basis=raw, l2=0.01)...
  Training MSE: 0.0286

Features Ranked by Differentiation Strength:
================================================================================
 1. Age                            - Score: 1.0000
 2. Cement                         - Score: 0.7808
 3. Superplasticizer               - Score: 0.4763
 4. Water                          - Score: 0.4683
 5. FineAgg                        - Score: 0.3473
 6. Slag                           - Score: 0.3343
 7. CoarseAgg                      - Score: 0.2997
 8. FlyAsh                         - Score: 0.1631
================================================================================

Solving 0th consequents in closed form (basis=raw, l2=0.01)...
  Training MSE: 0.0279

Features Ranked by Differentiation Strength:
================================================================================
 1. Age                            - Score: 1.0000
 2. Cement                         - Score: 0.7554
 3. Superplasticizer               - Score: 0.5174
 4. Water                          - Score: 0.4614
 5. CoarseAgg                      - Score: 0.3013
 6. FineAgg                        - Score: 0.2982
 7. Slag                           - Score: 0.2720
 8. FlyAsh                         - Score: 0.1645
================================================================================

Solving 0th consequents in closed form (basis=raw, l2=0.01)...
  Training MSE: 0.0287

Features Ranked by Differentiation Strength:
================================================================================
 1. Age                            - Score: 1.0000
 2. Cement                         - Score: 0.6761
 3. Superplasticizer               - Score: 0.5143
 4. Water                          - Score: 0.4750
 5. FineAgg                        - Score: 0.3203
 6. Slag                           - Score: 0.3154
 7. CoarseAgg                      - Score: 0.2986
 8. FlyAsh                         - Score: 0.1967
================================================================================

Solving 0th consequents in closed form (basis=raw, l2=0.01)...
  Training MSE: 0.0571

Features Ranked by Differentiation Strength:
================================================================================
 1. Age                            - Score: 1.0000
 2. Cement                         - Score: 0.7086
 3. Superplasticizer               - Score: 0.5215
 4. Water                          - Score: 0.4870
 5. CoarseAgg                      - Score: 0.3376
 6. FineAgg                        - Score: 0.2853
 7. Slag                           - Score: 0.2814
 8. FlyAsh                         - Score: 0.1628
================================================================================

Solving 0th consequents in closed form (basis=raw, l2=0.01)...
  Training MSE: 0.0641

Features Ranked by Differentiation Strength:
================================================================================
 1. Age                            - Score: 1.0000
 2. Cement                         - Score: 0.7711
 3. Superplasticizer               - Score: 0.4832
 4. Water                          - Score: 0.4599
 5. FineAgg                        - Score: 0.3480
 6. CoarseAgg                      - Score: 0.3269
 7. Slag                           - Score: 0.2940
 8. FlyAsh                         - Score: 0.1735
================================================================================

Solving 0th consequents in closed form (basis=raw, l2=0.01)...
  Training MSE: 0.0559

Features Ranked by Differentiation Strength:
================================================================================
 1. Age                            - Score: 1.0000
 2. Cement                         - Score: 0.7753
 3. Superplasticizer               - Score: 0.4901
 4. Water                          - Score: 0.4875
 5. FineAgg                        - Score: 0.3436
 6. CoarseAgg                      - Score: 0.3271
 7. Slag                           - Score: 0.3041
 8. FlyAsh                         - Score: 0.1812
================================================================================

Solving 0th consequents in closed form (basis=raw, l2=0.01)...
  Training MSE: 0.0524

Features Ranked by Differentiation Strength:
================================================================================
 1. Age                            - Score: 1.0000
 2. Cement                         - Score: 0.7954
 3. Superplasticizer               - Score: 0.5442
 4. Water                          - Score: 0.4865
 5. CoarseAgg                      - Score: 0.3664
 6. FineAgg                        - Score: 0.3517
 7. Slag                           - Score: 0.3445
 8. FlyAsh                         - Score: 0.2297
================================================================================

Solving 0th consequents in closed form (basis=raw, l2=0.01)...
  Training MSE: 0.0564

Features Ranked by Differentiation Strength:
================================================================================
 1. Age                            - Score: 1.0000
 2. Cement                         - Score: 0.7464
 3. Superplasticizer               - Score: 0.5094
 4. Water                          - Score: 0.4613
 5. CoarseAgg                      - Score: 0.3191
 6. FineAgg                        - Score: 0.3058
 7. Slag                           - Score: 0.2779
 8. FlyAsh                         - Score: 0.1990
================================================================================

Solving 0th consequents in closed form (basis=raw, l2=0.01)...
  Training MSE: 0.0585

Features Ranked by Differentiation Strength:
================================================================================
 1. Age                            - Score: 1.0000
 2. Cement                         - Score: 0.7150
 3. Superplasticizer               - Score: 0.5264
 4. Water                          - Score: 0.4779
 5. FineAgg                        - Score: 0.3142
 6. CoarseAgg                      - Score: 0.3112
 7. Slag                           - Score: 0.3084
 8. FlyAsh                         - Score: 0.1289
================================================================================

Solving 0th consequents in closed form (basis=raw, l2=0.01)...
  Training MSE: 0.0577

Features Ranked by Differentiation Strength:
================================================================================
 1. Age                            - Score: 1.0000
 2. Cement                         - Score: 0.7367
 3. Superplasticizer               - Score: 0.4980
 4. Water                          - Score: 0.4803
 5. Slag                           - Score: 0.3406
 6. FineAgg                        - Score: 0.3347
 7. CoarseAgg                      - Score: 0.3079
 8. FlyAsh                         - Score: 0.1275
================================================================================

Solving 0th consequents in closed form (basis=raw, l2=0.01)...
  Training MSE: 0.0515

Features Ranked by Differentiation Strength:
================================================================================
 1. Age                            - Score: 1.0000
 2. Cement                         - Score: 0.7808
 3. Superplasticizer               - Score: 0.4763
 4. Water                          - Score: 0.4683
 5. FineAgg                        - Score: 0.3473
 6. Slag                           - Score: 0.3343
 7. CoarseAgg                      - Score: 0.2997
 8. FlyAsh                         - Score: 0.1631
================================================================================

Solving 0th consequents in closed form (basis=raw, l2=0.01)...
  Training MSE: 0.0490

Features Ranked by Differentiation Strength:
================================================================================
 1. Age                            - Score: 1.0000
 2. Cement                         - Score: 0.7554
 3. Superplasticizer               - Score: 0.5174
 4. Water                          - Score: 0.4614
 5. CoarseAgg                      - Score: 0.3013
 6. FineAgg                        - Score: 0.2982
 7. Slag                           - Score: 0.2720
 8. FlyAsh                         - Score: 0.1645
================================================================================

Solving 0th consequents in closed form (basis=raw, l2=0.01)...
  Training MSE: 0.0555
  done: n=3 0th

Features Ranked by Differentiation Strength:
================================================================================
 1. Cement                         - Score: 1.0000
 2. Age                            - Score: 0.9675
 3. Water                          - Score: 0.7472
 4. Superplasticizer               - Score: 0.7047
 5. Slag                           - Score: 0.4047
 6. CoarseAgg                      - Score: 0.3548
 7. FlyAsh                         - Score: 0.3396
 8. FineAgg                        - Score: 0.2754
================================================================================

Solving 1st consequents in closed form (basis=raw, l2=0.01)...
  Training MSE: 0.0086

Features Ranked by Differentiation Strength:
================================================================================
 1. Cement                         - Score: 1.0000
 2. Age                            - Score: 0.9401
 3. Water                          - Score: 0.7291
 4. Superplasticizer               - Score: 0.6564
 5. CoarseAgg                      - Score: 0.3785
 6. Slag                           - Score: 0.3733
 7. FlyAsh                         - Score: 0.2997
 8. FineAgg                        - Score: 0.2381
================================================================================

Solving 1st consequents in closed form (basis=raw, l2=0.01)...
  Training MSE: 0.0077

Features Ranked by Differentiation Strength:
================================================================================
 1. Cement                         - Score: 1.0000
 2. Age                            - Score: 0.9367
 3. Water                          - Score: 0.7033
 4. Superplasticizer               - Score: 0.6242
 5. Slag                           - Score: 0.3392
 6. CoarseAgg                      - Score: 0.3285
 7. FlyAsh                         - Score: 0.2729
 8. FineAgg                        - Score: 0.2608
================================================================================

Solving 1st consequents in closed form (basis=raw, l2=0.01)...
  Training MSE: 0.0077

Features Ranked by Differentiation Strength:
================================================================================
 1. Cement                         - Score: 1.0000
 2. Age                            - Score: 0.9127
 3. Water                          - Score: 0.7100
 4. Superplasticizer               - Score: 0.6209
 5. Slag                           - Score: 0.3390
 6. CoarseAgg                      - Score: 0.3118
 7. FlyAsh                         - Score: 0.2938
 8. FineAgg                        - Score: 0.2617
================================================================================

Solving 1st consequents in closed form (basis=raw, l2=0.01)...
  Training MSE: 0.0077

Features Ranked by Differentiation Strength:
================================================================================
 1. Cement                         - Score: 1.0000
 2. Age                            - Score: 0.8268
 3. Water                          - Score: 0.6980
 4. Superplasticizer               - Score: 0.6469
 5. Slag                           - Score: 0.3712
 6. CoarseAgg                      - Score: 0.3693
 7. FlyAsh                         - Score: 0.3215
 8. FineAgg                        - Score: 0.2506
================================================================================

Solving 1st consequents in closed form (basis=raw, l2=0.01)...
  Training MSE: 0.0078

Features Ranked by Differentiation Strength:
================================================================================
 1. Cement                         - Score: 1.0000
 2. Age                            - Score: 0.9200
 3. Water                          - Score: 0.6995
 4. Superplasticizer               - Score: 0.6378
 5. Slag                           - Score: 0.3521
 6. CoarseAgg                      - Score: 0.3260
 7. FlyAsh                         - Score: 0.3014
 8. FineAgg                        - Score: 0.2497
================================================================================

Solving 1st consequents in closed form (basis=raw, l2=0.01)...
  Training MSE: 0.0080

Features Ranked by Differentiation Strength:
================================================================================
 1. Cement                         - Score: 1.0000
 2. Age                            - Score: 0.9185
 3. Water                          - Score: 0.7050
 4. Superplasticizer               - Score: 0.6442
 5. Slag                           - Score: 0.3723
 6. CoarseAgg                      - Score: 0.3528
 7. FlyAsh                         - Score: 0.2860
 8. FineAgg                        - Score: 0.2503
================================================================================

Solving 1st consequents in closed form (basis=raw, l2=0.01)...
  Training MSE: 0.0080

Features Ranked by Differentiation Strength:
================================================================================
 1. Cement                         - Score: 1.0000
 2. Age                            - Score: 0.9793
 3. Water                          - Score: 0.6937
 4. Superplasticizer               - Score: 0.6288
 5. Slag                           - Score: 0.4189
 6. CoarseAgg                      - Score: 0.3302
 7. FlyAsh                         - Score: 0.3001
 8. FineAgg                        - Score: 0.2959
================================================================================

Solving 1st consequents in closed form (basis=raw, l2=0.01)...
  Training MSE: 0.0074

Features Ranked by Differentiation Strength:
================================================================================
 1. Cement                         - Score: 1.0000
 2. Age                            - Score: 0.9272
 3. Water                          - Score: 0.6833
 4. Superplasticizer               - Score: 0.5923
 5. Slag                           - Score: 0.3746
 6. CoarseAgg                      - Score: 0.3176
 7. FlyAsh                         - Score: 0.2803
 8. FineAgg                        - Score: 0.2673
================================================================================

Solving 1st consequents in closed form (basis=raw, l2=0.01)...
  Training MSE: 0.0081

Features Ranked by Differentiation Strength:
================================================================================
 1. Cement                         - Score: 1.0000
 2. Age                            - Score: 0.9266
 3. Water                          - Score: 0.6824
 4. Superplasticizer               - Score: 0.6071
 5. Slag                           - Score: 0.3354
 6. FlyAsh                         - Score: 0.3322
 7. CoarseAgg                      - Score: 0.3198
 8. FineAgg                        - Score: 0.2252
================================================================================

Solving 1st consequents in closed form (basis=raw, l2=0.01)...
  Training MSE: 0.0076

Features Ranked by Differentiation Strength:
================================================================================
 1. Age                            - Score: 1.0000
 2. Cement                         - Score: 0.6761
 3. Superplasticizer               - Score: 0.5143
 4. Water                          - Score: 0.4750
 5. FineAgg                        - Score: 0.3203
 6. Slag                           - Score: 0.3154
 7. CoarseAgg                      - Score: 0.2986
 8. FlyAsh                         - Score: 0.1967
================================================================================

Solving 1st consequents in closed form (basis=raw, l2=0.01)...
  Training MSE: 0.0085

Features Ranked by Differentiation Strength:
================================================================================
 1. Age                            - Score: 1.0000
 2. Cement                         - Score: 0.7086
 3. Superplasticizer               - Score: 0.5215
 4. Water                          - Score: 0.4870
 5. CoarseAgg                      - Score: 0.3376
 6. FineAgg                        - Score: 0.2853
 7. Slag                           - Score: 0.2814
 8. FlyAsh                         - Score: 0.1628
================================================================================

Solving 1st consequents in closed form (basis=raw, l2=0.01)...
  Training MSE: 0.0082

Features Ranked by Differentiation Strength:
================================================================================
 1. Age                            - Score: 1.0000
 2. Cement                         - Score: 0.7711
 3. Superplasticizer               - Score: 0.4832
 4. Water                          - Score: 0.4599
 5. FineAgg                        - Score: 0.3480
 6. CoarseAgg                      - Score: 0.3269
 7. Slag                           - Score: 0.2940
 8. FlyAsh                         - Score: 0.1735
================================================================================

Solving 1st consequents in closed form (basis=raw, l2=0.01)...
  Training MSE: 0.0080

Features Ranked by Differentiation Strength:
================================================================================
 1. Age                            - Score: 1.0000
 2. Cement                         - Score: 0.7753
 3. Superplasticizer               - Score: 0.4901
 4. Water                          - Score: 0.4875
 5. FineAgg                        - Score: 0.3436
 6. CoarseAgg                      - Score: 0.3271
 7. Slag                           - Score: 0.3041
 8. FlyAsh                         - Score: 0.1812
================================================================================

Solving 1st consequents in closed form (basis=raw, l2=0.01)...
  Training MSE: 0.0077

Features Ranked by Differentiation Strength:
================================================================================
 1. Age                            - Score: 1.0000
 2. Cement                         - Score: 0.7954
 3. Superplasticizer               - Score: 0.5442
 4. Water                          - Score: 0.4865
 5. CoarseAgg                      - Score: 0.3664
 6. FineAgg                        - Score: 0.3517
 7. Slag                           - Score: 0.3445
 8. FlyAsh                         - Score: 0.2297
================================================================================

Solving 1st consequents in closed form (basis=raw, l2=0.01)...
  Training MSE: 0.0079

Features Ranked by Differentiation Strength:
================================================================================
 1. Age                            - Score: 1.0000
 2. Cement                         - Score: 0.7464
 3. Superplasticizer               - Score: 0.5094
 4. Water                          - Score: 0.4613
 5. CoarseAgg                      - Score: 0.3191
 6. FineAgg                        - Score: 0.3058
 7. Slag                           - Score: 0.2779
 8. FlyAsh                         - Score: 0.1990
================================================================================

Solving 1st consequents in closed form (basis=raw, l2=0.01)...
  Training MSE: 0.0078

Features Ranked by Differentiation Strength:
================================================================================
 1. Age                            - Score: 1.0000
 2. Cement                         - Score: 0.7150
 3. Superplasticizer               - Score: 0.5264
 4. Water                          - Score: 0.4779
 5. FineAgg                        - Score: 0.3142
 6. CoarseAgg                      - Score: 0.3112
 7. Slag                           - Score: 0.3084
 8. FlyAsh                         - Score: 0.1289
================================================================================

Solving 1st consequents in closed form (basis=raw, l2=0.01)...
  Training MSE: 0.0080

Features Ranked by Differentiation Strength:
================================================================================
 1. Age                            - Score: 1.0000
 2. Cement                         - Score: 0.7367
 3. Superplasticizer               - Score: 0.4980
 4. Water                          - Score: 0.4803
 5. Slag                           - Score: 0.3406
 6. FineAgg                        - Score: 0.3347
 7. CoarseAgg                      - Score: 0.3079
 8. FlyAsh                         - Score: 0.1275
================================================================================

Solving 1st consequents in closed form (basis=raw, l2=0.01)...
  Training MSE: 0.0084

Features Ranked by Differentiation Strength:
================================================================================
 1. Age                            - Score: 1.0000
 2. Cement                         - Score: 0.7808
 3. Superplasticizer               - Score: 0.4763
 4. Water                          - Score: 0.4683
 5. FineAgg                        - Score: 0.3473
 6. Slag                           - Score: 0.3343
 7. CoarseAgg                      - Score: 0.2997
 8. FlyAsh                         - Score: 0.1631
================================================================================

Solving 1st consequents in closed form (basis=raw, l2=0.01)...
  Training MSE: 0.0083

Features Ranked by Differentiation Strength:
================================================================================
 1. Age                            - Score: 1.0000
 2. Cement                         - Score: 0.7554
 3. Superplasticizer               - Score: 0.5174
 4. Water                          - Score: 0.4614
 5. CoarseAgg                      - Score: 0.3013
 6. FineAgg                        - Score: 0.2982
 7. Slag                           - Score: 0.2720
 8. FlyAsh                         - Score: 0.1645
================================================================================

Solving 1st consequents in closed form (basis=raw, l2=0.01)...
  Training MSE: 0.0081

Features Ranked by Differentiation Strength:
================================================================================
 1. Age                            - Score: 1.0000
 2. Cement                         - Score: 0.6761
 3. Superplasticizer               - Score: 0.5143
 4. Water                          - Score: 0.4750
 5. FineAgg                        - Score: 0.3203
 6. Slag                           - Score: 0.3154
 7. CoarseAgg                      - Score: 0.2986
 8. FlyAsh                         - Score: 0.1967
================================================================================

Solving 1st consequents in closed form (basis=raw, l2=0.01)...
  Training MSE: 0.0084

Features Ranked by Differentiation Strength:
================================================================================
 1. Age                            - Score: 1.0000
 2. Cement                         - Score: 0.7086
 3. Superplasticizer               - Score: 0.5215
 4. Water                          - Score: 0.4870
 5. CoarseAgg                      - Score: 0.3376
 6. FineAgg                        - Score: 0.2853
 7. Slag                           - Score: 0.2814
 8. FlyAsh                         - Score: 0.1628
================================================================================

Solving 1st consequents in closed form (basis=raw, l2=0.01)...
  Training MSE: 0.0082

Features Ranked by Differentiation Strength:
================================================================================
 1. Age                            - Score: 1.0000
 2. Cement                         - Score: 0.7711
 3. Superplasticizer               - Score: 0.4832
 4. Water                          - Score: 0.4599
 5. FineAgg                        - Score: 0.3480
 6. CoarseAgg                      - Score: 0.3269
 7. Slag                           - Score: 0.2940
 8. FlyAsh                         - Score: 0.1735
================================================================================

Solving 1st consequents in closed form (basis=raw, l2=0.01)...
  Training MSE: 0.0080

Features Ranked by Differentiation Strength:
================================================================================
 1. Age                            - Score: 1.0000
 2. Cement                         - Score: 0.7753
 3. Superplasticizer               - Score: 0.4901
 4. Water                          - Score: 0.4875
 5. FineAgg                        - Score: 0.3436
 6. CoarseAgg                      - Score: 0.3271
 7. Slag                           - Score: 0.3041
 8. FlyAsh                         - Score: 0.1812
================================================================================

Solving 1st consequents in closed form (basis=raw, l2=0.01)...
  Training MSE: 0.0077

Features Ranked by Differentiation Strength:
================================================================================
 1. Age                            - Score: 1.0000
 2. Cement                         - Score: 0.7954
 3. Superplasticizer               - Score: 0.5442
 4. Water                          - Score: 0.4865
 5. CoarseAgg                      - Score: 0.3664
 6. FineAgg                        - Score: 0.3517
 7. Slag                           - Score: 0.3445
 8. FlyAsh                         - Score: 0.2297
================================================================================

Solving 1st consequents in closed form (basis=raw, l2=0.01)...
  Training MSE: 0.0078

Features Ranked by Differentiation Strength:
================================================================================
 1. Age                            - Score: 1.0000
 2. Cement                         - Score: 0.7464
 3. Superplasticizer               - Score: 0.5094
 4. Water                          - Score: 0.4613
 5. CoarseAgg                      - Score: 0.3191
 6. FineAgg                        - Score: 0.3058
 7. Slag                           - Score: 0.2779
 8. FlyAsh                         - Score: 0.1990
================================================================================

Solving 1st consequents in closed form (basis=raw, l2=0.01)...
  Training MSE: 0.0078

Features Ranked by Differentiation Strength:
================================================================================
 1. Age                            - Score: 1.0000
 2. Cement                         - Score: 0.7150
 3. Superplasticizer               - Score: 0.5264
 4. Water                          - Score: 0.4779
 5. FineAgg                        - Score: 0.3142
 6. CoarseAgg                      - Score: 0.3112
 7. Slag                           - Score: 0.3084
 8. FlyAsh                         - Score: 0.1289
================================================================================

Solving 1st consequents in closed form (basis=raw, l2=0.01)...
  Training MSE: 0.0081

Features Ranked by Differentiation Strength:
================================================================================
 1. Age                            - Score: 1.0000
 2. Cement                         - Score: 0.7367
 3. Superplasticizer               - Score: 0.4980
 4. Water                          - Score: 0.4803
 5. Slag                           - Score: 0.3406
 6. FineAgg                        - Score: 0.3347
 7. CoarseAgg                      - Score: 0.3079
 8. FlyAsh                         - Score: 0.1275
================================================================================

Solving 1st consequents in closed form (basis=raw, l2=0.01)...
  Training MSE: 0.0084

Features Ranked by Differentiation Strength:
================================================================================
 1. Age                            - Score: 1.0000
 2. Cement                         - Score: 0.7808
 3. Superplasticizer               - Score: 0.4763
 4. Water                          - Score: 0.4683
 5. FineAgg                        - Score: 0.3473
 6. Slag                           - Score: 0.3343
 7. CoarseAgg                      - Score: 0.2997
 8. FlyAsh                         - Score: 0.1631
================================================================================

Solving 1st consequents in closed form (basis=raw, l2=0.01)...
  Training MSE: 0.0083

Features Ranked by Differentiation Strength:
================================================================================
 1. Age                            - Score: 1.0000
 2. Cement                         - Score: 0.7554
 3. Superplasticizer               - Score: 0.5174
 4. Water                          - Score: 0.4614
 5. CoarseAgg                      - Score: 0.3013
 6. FineAgg                        - Score: 0.2982
 7. Slag                           - Score: 0.2720
 8. FlyAsh                         - Score: 0.1645
================================================================================

Solving 1st consequents in closed form (basis=raw, l2=0.01)...
  Training MSE: 0.0081
  done: n=3 1st

Features Ranked by Differentiation Strength:
================================================================================
 1. Cement                         - Score: 1.0000
 2. Age                            - Score: 0.9675
 3. Water                          - Score: 0.7472
 4. Superplasticizer               - Score: 0.7047
 5. Slag                           - Score: 0.4047
 6. CoarseAgg                      - Score: 0.3548
 7. FlyAsh                         - Score: 0.3396
 8. FineAgg                        - Score: 0.2754
================================================================================

Solving 2nd consequents in closed form (basis=raw, l2=0.01)...
  Training MSE: 0.0061

Features Ranked by Differentiation Strength:
================================================================================
 1. Cement                         - Score: 1.0000
 2. Age                            - Score: 0.9401
 3. Water                          - Score: 0.7291
 4. Superplasticizer               - Score: 0.6564
 5. CoarseAgg                      - Score: 0.3785
 6. Slag                           - Score: 0.3733
 7. FlyAsh                         - Score: 0.2997
 8. FineAgg                        - Score: 0.2381
================================================================================

Solving 2nd consequents in closed form (basis=raw, l2=0.01)...
  Training MSE: 0.0058

Features Ranked by Differentiation Strength:
================================================================================
 1. Cement                         - Score: 1.0000
 2. Age                            - Score: 0.9367
 3. Water                          - Score: 0.7033
 4. Superplasticizer               - Score: 0.6242
 5. Slag                           - Score: 0.3392
 6. CoarseAgg                      - Score: 0.3285
 7. FlyAsh                         - Score: 0.2729
 8. FineAgg                        - Score: 0.2608
================================================================================

Solving 2nd consequents in closed form (basis=raw, l2=0.01)...
  Training MSE: 0.0056

Features Ranked by Differentiation Strength:
================================================================================
 1. Cement                         - Score: 1.0000
 2. Age                            - Score: 0.9127
 3. Water                          - Score: 0.7100
 4. Superplasticizer               - Score: 0.6209
 5. Slag                           - Score: 0.3390
 6. CoarseAgg                      - Score: 0.3118
 7. FlyAsh                         - Score: 0.2938
 8. FineAgg                        - Score: 0.2617
================================================================================

Solving 2nd consequents in closed form (basis=raw, l2=0.01)...
  Training MSE: 0.0057

Features Ranked by Differentiation Strength:
================================================================================
 1. Cement                         - Score: 1.0000
 2. Age                            - Score: 0.8268
 3. Water                          - Score: 0.6980
 4. Superplasticizer               - Score: 0.6469
 5. Slag                           - Score: 0.3712
 6. CoarseAgg                      - Score: 0.3693
 7. FlyAsh                         - Score: 0.3215
 8. FineAgg                        - Score: 0.2506
================================================================================

Solving 2nd consequents in closed form (basis=raw, l2=0.01)...
  Training MSE: 0.0054

Features Ranked by Differentiation Strength:
================================================================================
 1. Cement                         - Score: 1.0000
 2. Age                            - Score: 0.9200
 3. Water                          - Score: 0.6995
 4. Superplasticizer               - Score: 0.6378
 5. Slag                           - Score: 0.3521
 6. CoarseAgg                      - Score: 0.3260
 7. FlyAsh                         - Score: 0.3014
 8. FineAgg                        - Score: 0.2497
================================================================================

Solving 2nd consequents in closed form (basis=raw, l2=0.01)...
  Training MSE: 0.0060

Features Ranked by Differentiation Strength:
================================================================================
 1. Cement                         - Score: 1.0000
 2. Age                            - Score: 0.9185
 3. Water                          - Score: 0.7050
 4. Superplasticizer               - Score: 0.6442
 5. Slag                           - Score: 0.3723
 6. CoarseAgg                      - Score: 0.3528
 7. FlyAsh                         - Score: 0.2860
 8. FineAgg                        - Score: 0.2503
================================================================================

Solving 2nd consequents in closed form (basis=raw, l2=0.01)...
  Training MSE: 0.0063

Features Ranked by Differentiation Strength:
================================================================================
 1. Cement                         - Score: 1.0000
 2. Age                            - Score: 0.9793
 3. Water                          - Score: 0.6937
 4. Superplasticizer               - Score: 0.6288
 5. Slag                           - Score: 0.4189
 6. CoarseAgg                      - Score: 0.3302
 7. FlyAsh                         - Score: 0.3001
 8. FineAgg                        - Score: 0.2959
================================================================================

Solving 2nd consequents in closed form (basis=raw, l2=0.01)...
  Training MSE: 0.0053

Features Ranked by Differentiation Strength:
================================================================================
 1. Cement                         - Score: 1.0000
 2. Age                            - Score: 0.9272
 3. Water                          - Score: 0.6833
 4. Superplasticizer               - Score: 0.5923
 5. Slag                           - Score: 0.3746
 6. CoarseAgg                      - Score: 0.3176
 7. FlyAsh                         - Score: 0.2803
 8. FineAgg                        - Score: 0.2673
================================================================================

Solving 2nd consequents in closed form (basis=raw, l2=0.01)...
  Training MSE: 0.0057

Features Ranked by Differentiation Strength:
================================================================================
 1. Cement                         - Score: 1.0000
 2. Age                            - Score: 0.9266
 3. Water                          - Score: 0.6824
 4. Superplasticizer               - Score: 0.6071
 5. Slag                           - Score: 0.3354
 6. FlyAsh                         - Score: 0.3322
 7. CoarseAgg                      - Score: 0.3198
 8. FineAgg                        - Score: 0.2252
================================================================================

Solving 2nd consequents in closed form (basis=raw, l2=0.01)...
  Training MSE: 0.0058

Features Ranked by Differentiation Strength:
================================================================================
 1. Age                            - Score: 1.0000
 2. Cement                         - Score: 0.6761
 3. Superplasticizer               - Score: 0.5143
 4. Water                          - Score: 0.4750
 5. FineAgg                        - Score: 0.3203
 6. Slag                           - Score: 0.3154
 7. CoarseAgg                      - Score: 0.2986
 8. FlyAsh                         - Score: 0.1967
================================================================================

Solving 2nd consequents in closed form (basis=raw, l2=0.01)...
  Training MSE: 0.0060

Features Ranked by Differentiation Strength:
================================================================================
 1. Age                            - Score: 1.0000
 2. Cement                         - Score: 0.7086
 3. Superplasticizer               - Score: 0.5215
 4. Water                          - Score: 0.4870
 5. CoarseAgg                      - Score: 0.3376
 6. FineAgg                        - Score: 0.2853
 7. Slag                           - Score: 0.2814
 8. FlyAsh                         - Score: 0.1628
================================================================================

Solving 2nd consequents in closed form (basis=raw, l2=0.01)...
  Training MSE: 0.0057

Features Ranked by Differentiation Strength:
================================================================================
 1. Age                            - Score: 1.0000
 2. Cement                         - Score: 0.7711
 3. Superplasticizer               - Score: 0.4832
 4. Water                          - Score: 0.4599
 5. FineAgg                        - Score: 0.3480
 6. CoarseAgg                      - Score: 0.3269
 7. Slag                           - Score: 0.2940
 8. FlyAsh                         - Score: 0.1735
================================================================================

Solving 2nd consequents in closed form (basis=raw, l2=0.01)...
  Training MSE: 0.0056

Features Ranked by Differentiation Strength:
================================================================================
 1. Age                            - Score: 1.0000
 2. Cement                         - Score: 0.7753
 3. Superplasticizer               - Score: 0.4901
 4. Water                          - Score: 0.4875
 5. FineAgg                        - Score: 0.3436
 6. CoarseAgg                      - Score: 0.3271
 7. Slag                           - Score: 0.3041
 8. FlyAsh                         - Score: 0.1812
================================================================================

Solving 2nd consequents in closed form (basis=raw, l2=0.01)...
  Training MSE: 0.0055

Features Ranked by Differentiation Strength:
================================================================================
 1. Age                            - Score: 1.0000
 2. Cement                         - Score: 0.7954
 3. Superplasticizer               - Score: 0.5442
 4. Water                          - Score: 0.4865
 5. CoarseAgg                      - Score: 0.3664
 6. FineAgg                        - Score: 0.3517
 7. Slag                           - Score: 0.3445
 8. FlyAsh                         - Score: 0.2297
================================================================================

Solving 2nd consequents in closed form (basis=raw, l2=0.01)...
  Training MSE: 0.0056

Features Ranked by Differentiation Strength:
================================================================================
 1. Age                            - Score: 1.0000
 2. Cement                         - Score: 0.7464
 3. Superplasticizer               - Score: 0.5094
 4. Water                          - Score: 0.4613
 5. CoarseAgg                      - Score: 0.3191
 6. FineAgg                        - Score: 0.3058
 7. Slag                           - Score: 0.2779
 8. FlyAsh                         - Score: 0.1990
================================================================================

Solving 2nd consequents in closed form (basis=raw, l2=0.01)...
  Training MSE: 0.0057

Features Ranked by Differentiation Strength:
================================================================================
 1. Age                            - Score: 1.0000
 2. Cement                         - Score: 0.7150
 3. Superplasticizer               - Score: 0.5264
 4. Water                          - Score: 0.4779
 5. FineAgg                        - Score: 0.3142
 6. CoarseAgg                      - Score: 0.3112
 7. Slag                           - Score: 0.3084
 8. FlyAsh                         - Score: 0.1289
================================================================================

Solving 2nd consequents in closed form (basis=raw, l2=0.01)...
  Training MSE: 0.0060

Features Ranked by Differentiation Strength:
================================================================================
 1. Age                            - Score: 1.0000
 2. Cement                         - Score: 0.7367
 3. Superplasticizer               - Score: 0.4980
 4. Water                          - Score: 0.4803
 5. Slag                           - Score: 0.3406
 6. FineAgg                        - Score: 0.3347
 7. CoarseAgg                      - Score: 0.3079
 8. FlyAsh                         - Score: 0.1275
================================================================================

Solving 2nd consequents in closed form (basis=raw, l2=0.01)...
  Training MSE: 0.0059

Features Ranked by Differentiation Strength:
================================================================================
 1. Age                            - Score: 1.0000
 2. Cement                         - Score: 0.7808
 3. Superplasticizer               - Score: 0.4763
 4. Water                          - Score: 0.4683
 5. FineAgg                        - Score: 0.3473
 6. Slag                           - Score: 0.3343
 7. CoarseAgg                      - Score: 0.2997
 8. FlyAsh                         - Score: 0.1631
================================================================================

Solving 2nd consequents in closed form (basis=raw, l2=0.01)...
  Training MSE: 0.0062

Features Ranked by Differentiation Strength:
================================================================================
 1. Age                            - Score: 1.0000
 2. Cement                         - Score: 0.7554
 3. Superplasticizer               - Score: 0.5174
 4. Water                          - Score: 0.4614
 5. CoarseAgg                      - Score: 0.3013
 6. FineAgg                        - Score: 0.2982
 7. Slag                           - Score: 0.2720
 8. FlyAsh                         - Score: 0.1645
================================================================================

Solving 2nd consequents in closed form (basis=raw, l2=0.01)...
  Training MSE: 0.0057

Features Ranked by Differentiation Strength:
================================================================================
 1. Age                            - Score: 1.0000
 2. Cement                         - Score: 0.6761
 3. Superplasticizer               - Score: 0.5143
 4. Water                          - Score: 0.4750
 5. FineAgg                        - Score: 0.3203
 6. Slag                           - Score: 0.3154
 7. CoarseAgg                      - Score: 0.2986
 8. FlyAsh                         - Score: 0.1967
================================================================================

Solving 2nd consequents in closed form (basis=raw, l2=0.01)...
  Training MSE: 0.0060

Features Ranked by Differentiation Strength:
================================================================================
 1. Age                            - Score: 1.0000
 2. Cement                         - Score: 0.7086
 3. Superplasticizer               - Score: 0.5215
 4. Water                          - Score: 0.4870
 5. CoarseAgg                      - Score: 0.3376
 6. FineAgg                        - Score: 0.2853
 7. Slag                           - Score: 0.2814
 8. FlyAsh                         - Score: 0.1628
================================================================================

Solving 2nd consequents in closed form (basis=raw, l2=0.01)...
  Training MSE: 0.0058

Features Ranked by Differentiation Strength:
================================================================================
 1. Age                            - Score: 1.0000
 2. Cement                         - Score: 0.7711
 3. Superplasticizer               - Score: 0.4832
 4. Water                          - Score: 0.4599
 5. FineAgg                        - Score: 0.3480
 6. CoarseAgg                      - Score: 0.3269
 7. Slag                           - Score: 0.2940
 8. FlyAsh                         - Score: 0.1735
================================================================================

Solving 2nd consequents in closed form (basis=raw, l2=0.01)...
  Training MSE: 0.0057

Features Ranked by Differentiation Strength:
================================================================================
 1. Age                            - Score: 1.0000
 2. Cement                         - Score: 0.7753
 3. Superplasticizer               - Score: 0.4901
 4. Water                          - Score: 0.4875
 5. FineAgg                        - Score: 0.3436
 6. CoarseAgg                      - Score: 0.3271
 7. Slag                           - Score: 0.3041
 8. FlyAsh                         - Score: 0.1812
================================================================================

Solving 2nd consequents in closed form (basis=raw, l2=0.01)...
  Training MSE: 0.0056

Features Ranked by Differentiation Strength:
================================================================================
 1. Age                            - Score: 1.0000
 2. Cement                         - Score: 0.7954
 3. Superplasticizer               - Score: 0.5442
 4. Water                          - Score: 0.4865
 5. CoarseAgg                      - Score: 0.3664
 6. FineAgg                        - Score: 0.3517
 7. Slag                           - Score: 0.3445
 8. FlyAsh                         - Score: 0.2297
================================================================================

Solving 2nd consequents in closed form (basis=raw, l2=0.01)...
  Training MSE: 0.0056

Features Ranked by Differentiation Strength:
================================================================================
 1. Age                            - Score: 1.0000
 2. Cement                         - Score: 0.7464
 3. Superplasticizer               - Score: 0.5094
 4. Water                          - Score: 0.4613
 5. CoarseAgg                      - Score: 0.3191
 6. FineAgg                        - Score: 0.3058
 7. Slag                           - Score: 0.2779
 8. FlyAsh                         - Score: 0.1990
================================================================================

Solving 2nd consequents in closed form (basis=raw, l2=0.01)...
  Training MSE: 0.0058

Features Ranked by Differentiation Strength:
================================================================================
 1. Age                            - Score: 1.0000
 2. Cement                         - Score: 0.7150
 3. Superplasticizer               - Score: 0.5264
 4. Water                          - Score: 0.4779
 5. FineAgg                        - Score: 0.3142
 6. CoarseAgg                      - Score: 0.3112
 7. Slag                           - Score: 0.3084
 8. FlyAsh                         - Score: 0.1289
================================================================================

Solving 2nd consequents in closed form (basis=raw, l2=0.01)...
  Training MSE: 0.0061

Features Ranked by Differentiation Strength:
================================================================================
 1. Age                            - Score: 1.0000
 2. Cement                         - Score: 0.7367
 3. Superplasticizer               - Score: 0.4980
 4. Water                          - Score: 0.4803
 5. Slag                           - Score: 0.3406
 6. FineAgg                        - Score: 0.3347
 7. CoarseAgg                      - Score: 0.3079
 8. FlyAsh                         - Score: 0.1275
================================================================================

Solving 2nd consequents in closed form (basis=raw, l2=0.01)...
  Training MSE: 0.0061

Features Ranked by Differentiation Strength:
================================================================================
 1. Age                            - Score: 1.0000
 2. Cement                         - Score: 0.7808
 3. Superplasticizer               - Score: 0.4763
 4. Water                          - Score: 0.4683
 5. FineAgg                        - Score: 0.3473
 6. Slag                           - Score: 0.3343
 7. CoarseAgg                      - Score: 0.2997
 8. FlyAsh                         - Score: 0.1631
================================================================================

Solving 2nd consequents in closed form (basis=raw, l2=0.01)...
  Training MSE: 0.0062

Features Ranked by Differentiation Strength:
================================================================================
 1. Age                            - Score: 1.0000
 2. Cement                         - Score: 0.7554
 3. Superplasticizer               - Score: 0.5174
 4. Water                          - Score: 0.4614
 5. CoarseAgg                      - Score: 0.3013
 6. FineAgg                        - Score: 0.2982
 7. Slag                           - Score: 0.2720
 8. FlyAsh                         - Score: 0.1645
================================================================================

Solving 2nd consequents in closed form (basis=raw, l2=0.01)...
  Training MSE: 0.0058
  done: n=3 2nd

Features Ranked by Differentiation Strength:
================================================================================
 1. Age                            - Score: 1.0000
 2. Cement                         - Score: 0.8625
 3. Water                          - Score: 0.6909
 4. Superplasticizer               - Score: 0.5937
 5. Slag                           - Score: 0.4414
 6. FlyAsh                         - Score: 0.3628
 7. CoarseAgg                      - Score: 0.2885
 8. FineAgg                        - Score: 0.2661
================================================================================

Solving 0th consequents in closed form (basis=raw, l2=0.01)...
  Training MSE: 0.0228

Features Ranked by Differentiation Strength:
================================================================================
 1. Age                            - Score: 1.0000
 2. Cement                         - Score: 0.9194
 3. Water                          - Score: 0.6858
 4. Superplasticizer               - Score: 0.5796
 5. Slag                           - Score: 0.4064
 6. FlyAsh                         - Score: 0.3456
 7. CoarseAgg                      - Score: 0.3354
 8. FineAgg                        - Score: 0.2395
================================================================================

Solving 0th consequents in closed form (basis=raw, l2=0.01)...
  Training MSE: 0.0220

Features Ranked by Differentiation Strength:
================================================================================
 1. Age                            - Score: 1.0000
 2. Cement                         - Score: 0.8903
 3. Water                          - Score: 0.6734
 4. Superplasticizer               - Score: 0.5302
 5. Slag                           - Score: 0.3649
 6. FlyAsh                         - Score: 0.2957
 7. CoarseAgg                      - Score: 0.2733
 8. FineAgg                        - Score: 0.2720
================================================================================

Solving 0th consequents in closed form (basis=raw, l2=0.01)...
  Training MSE: 0.0229

Features Ranked by Differentiation Strength:
================================================================================
 1. Age                            - Score: 1.0000
 2. Cement                         - Score: 0.9109
 3. Water                          - Score: 0.7114
 4. Superplasticizer               - Score: 0.5695
 5. Slag                           - Score: 0.3957
 6. FlyAsh                         - Score: 0.3409
 7. CoarseAgg                      - Score: 0.3143
 8. FineAgg                        - Score: 0.2547
================================================================================

Solving 0th consequents in closed form (basis=raw, l2=0.01)...
  Training MSE: 0.0210

Features Ranked by Differentiation Strength:
================================================================================
 1. Age                            - Score: 1.0000
 2. Cement                         - Score: 0.9899
 3. Water                          - Score: 0.7042
 4. Superplasticizer               - Score: 0.6145
 5. Slag                           - Score: 0.4902
 6. FlyAsh                         - Score: 0.3785
 7. CoarseAgg                      - Score: 0.3726
 8. FineAgg                        - Score: 0.2924
================================================================================

Solving 0th consequents in closed form (basis=raw, l2=0.01)...
  Training MSE: 0.0217

Features Ranked by Differentiation Strength:
================================================================================
 1. Age                            - Score: 1.0000
 2. Cement                         - Score: 0.9091
 3. Water                          - Score: 0.6323
 4. Superplasticizer               - Score: 0.5494
 5. Slag                           - Score: 0.3802
 6. FlyAsh                         - Score: 0.3314
 7. CoarseAgg                      - Score: 0.3027
 8. FineAgg                        - Score: 0.2417
================================================================================

Solving 0th consequents in closed form (basis=raw, l2=0.01)...
  Training MSE: 0.0237

Features Ranked by Differentiation Strength:
================================================================================
 1. Age                            - Score: 1.0000
 2. Cement                         - Score: 0.8672
 3. Water                          - Score: 0.6557
 4. Superplasticizer               - Score: 0.5824
 5. Slag                           - Score: 0.4120
 6. FlyAsh                         - Score: 0.3112
 7. CoarseAgg                      - Score: 0.3019
 8. FineAgg                        - Score: 0.2529
================================================================================

Solving 0th consequents in closed form (basis=raw, l2=0.01)...
  Training MSE: 0.0199

Features Ranked by Differentiation Strength:
================================================================================
 1. Age                            - Score: 1.0000
 2. Cement                         - Score: 0.8665
 3. Water                          - Score: 0.6577
 4. Superplasticizer               - Score: 0.5795
 5. Slag                           - Score: 0.4665
 6. FlyAsh                         - Score: 0.3275
 7. CoarseAgg                      - Score: 0.3014
 8. FineAgg                        - Score: 0.2863
================================================================================

Solving 0th consequents in closed form (basis=raw, l2=0.01)...
  Training MSE: 0.0200

Features Ranked by Differentiation Strength:
================================================================================
 1. Age                            - Score: 1.0000
 2. Cement                         - Score: 0.9262
 3. Water                          - Score: 0.6708
 4. Superplasticizer               - Score: 0.5700
 5. Slag                           - Score: 0.4473
 6. FlyAsh                         - Score: 0.3032
 7. CoarseAgg                      - Score: 0.3008
 8. FineAgg                        - Score: 0.2944
================================================================================

Solving 0th consequents in closed form (basis=raw, l2=0.01)...
  Training MSE: 0.0221

Features Ranked by Differentiation Strength:
================================================================================
 1. Age                            - Score: 1.0000
 2. Cement                         - Score: 0.9249
 3. Water                          - Score: 0.6587
 4. Superplasticizer               - Score: 0.5766
 5. Slag                           - Score: 0.4221
 6. FlyAsh                         - Score: 0.3682
 7. CoarseAgg                      - Score: 0.3076
 8. FineAgg                        - Score: 0.2565
================================================================================

Solving 0th consequents in closed form (basis=raw, l2=0.01)...
  Training MSE: 0.0196

Features Ranked by Differentiation Strength:
================================================================================
 1. Age                            - Score: 1.0000
 2. Cement                         - Score: 0.7227
 3. Superplasticizer               - Score: 0.5226
 4. Water                          - Score: 0.5113
 5. Slag                           - Score: 0.3448
 6. FineAgg                        - Score: 0.3368
 7. CoarseAgg                      - Score: 0.3181
 8. FlyAsh                         - Score: 0.2160
================================================================================

Solving 0th consequents in closed form (basis=raw, l2=0.01)...
  Training MSE: 0.0283

Features Ranked by Differentiation Strength:
================================================================================
 1. Age                            - Score: 1.0000
 2. Cement                         - Score: 0.7660
 3. Superplasticizer               - Score: 0.5152
 4. Water                          - Score: 0.4973
 5. CoarseAgg                      - Score: 0.3400
 6. FineAgg                        - Score: 0.2979
 7. Slag                           - Score: 0.2974
 8. FlyAsh                         - Score: 0.1874
================================================================================

Solving 0th consequents in closed form (basis=raw, l2=0.01)...
  Training MSE: 0.0290

Features Ranked by Differentiation Strength:
================================================================================
 1. Age                            - Score: 1.0000
 2. Cement                         - Score: 0.7747
 3. Water                          - Score: 0.4823
 4. Superplasticizer               - Score: 0.4764
 5. FineAgg                        - Score: 0.3363
 6. CoarseAgg                      - Score: 0.3106
 7. Slag                           - Score: 0.2911
 8. FlyAsh                         - Score: 0.1746
================================================================================

Solving 0th consequents in closed form (basis=raw, l2=0.01)...
  Training MSE: 0.0261

Features Ranked by Differentiation Strength:
================================================================================
 1. Age                            - Score: 1.0000
 2. Cement                         - Score: 0.8129
 3. Water                          - Score: 0.4963
 4. Superplasticizer               - Score: 0.4659
 5. FineAgg                        - Score: 0.3322
 6. CoarseAgg                      - Score: 0.3147
 7. Slag                           - Score: 0.2925
 8. FlyAsh                         - Score: 0.2172
================================================================================

Solving 0th consequents in closed form (basis=raw, l2=0.01)...
  Training MSE: 0.0249

Features Ranked by Differentiation Strength:
================================================================================
 1. Age                            - Score: 1.0000
 2. Cement                         - Score: 0.8090
 3. Superplasticizer               - Score: 0.5356
 4. Water                          - Score: 0.5233
 5. CoarseAgg                      - Score: 0.3703
 6. Slag                           - Score: 0.3672
 7. FineAgg                        - Score: 0.3377
 8. FlyAsh                         - Score: 0.2260
================================================================================

Solving 0th consequents in closed form (basis=raw, l2=0.01)...
  Training MSE: 0.0266

Features Ranked by Differentiation Strength:
================================================================================
 1. Age                            - Score: 1.0000
 2. Cement                         - Score: 0.7863
 3. Superplasticizer               - Score: 0.5051
 4. Water                          - Score: 0.4889
 5. CoarseAgg                      - Score: 0.3264
 6. Slag                           - Score: 0.3118
 7. FineAgg                        - Score: 0.2999
 8. FlyAsh                         - Score: 0.2248
================================================================================

Solving 0th consequents in closed form (basis=raw, l2=0.01)...
  Training MSE: 0.0244

Features Ranked by Differentiation Strength:
================================================================================
 1. Age                            - Score: 1.0000
 2. Cement                         - Score: 0.7271
 3. Superplasticizer               - Score: 0.5007
 4. Water                          - Score: 0.4832
 5. FineAgg                        - Score: 0.3178
 6. Slag                           - Score: 0.3178
 7. CoarseAgg                      - Score: 0.3080
 8. FlyAsh                         - Score: 0.1494
================================================================================

Solving 0th consequents in closed form (basis=raw, l2=0.01)...
  Training MSE: 0.0259

Features Ranked by Differentiation Strength:
================================================================================
 1. Age                            - Score: 1.0000
 2. Cement                         - Score: 0.7451
 3. Water                          - Score: 0.4921
 4. Superplasticizer               - Score: 0.4850
 5. Slag                           - Score: 0.3426
 6. CoarseAgg                      - Score: 0.3157
 7. FineAgg                        - Score: 0.3118
 8. FlyAsh                         - Score: 0.1546
================================================================================

Solving 0th consequents in closed form (basis=raw, l2=0.01)...
  Training MSE: 0.0286

Features Ranked by Differentiation Strength:
================================================================================
 1. Age                            - Score: 1.0000
 2. Cement                         - Score: 0.7870
 3. Water                          - Score: 0.4785
 4. Superplasticizer               - Score: 0.4623
 5. Slag                           - Score: 0.3514
 6. FineAgg                        - Score: 0.3478
 7. CoarseAgg                      - Score: 0.3017
 8. FlyAsh                         - Score: 0.1996
================================================================================

Solving 0th consequents in closed form (basis=raw, l2=0.01)...
  Training MSE: 0.0267

Features Ranked by Differentiation Strength:
================================================================================
 1. Age                            - Score: 1.0000
 2. Cement                         - Score: 0.8014
 3. Superplasticizer               - Score: 0.5410
 4. Water                          - Score: 0.5100
 5. CoarseAgg                      - Score: 0.3203
 6. Slag                           - Score: 0.3158
 7. FineAgg                        - Score: 0.3019
 8. FlyAsh                         - Score: 0.1961
================================================================================

Solving 0th consequents in closed form (basis=raw, l2=0.01)...
  Training MSE: 0.0271

Features Ranked by Differentiation Strength:
================================================================================
 1. Age                            - Score: 1.0000
 2. Cement                         - Score: 0.7227
 3. Superplasticizer               - Score: 0.5226
 4. Water                          - Score: 0.5113
 5. Slag                           - Score: 0.3448
 6. FineAgg                        - Score: 0.3368
 7. CoarseAgg                      - Score: 0.3181
 8. FlyAsh                         - Score: 0.2160
================================================================================

Solving 0th consequents in closed form (basis=raw, l2=0.01)...
  Training MSE: 0.0353

Features Ranked by Differentiation Strength:
================================================================================
 1. Age                            - Score: 1.0000
 2. Cement                         - Score: 0.7660
 3. Superplasticizer               - Score: 0.5152
 4. Water                          - Score: 0.4973
 5. CoarseAgg                      - Score: 0.3400
 6. FineAgg                        - Score: 0.2979
 7. Slag                           - Score: 0.2974
 8. FlyAsh                         - Score: 0.1874
================================================================================

Solving 0th consequents in closed form (basis=raw, l2=0.01)...
  Training MSE: 0.0395

Features Ranked by Differentiation Strength:
================================================================================
 1. Age                            - Score: 1.0000
 2. Cement                         - Score: 0.7747
 3. Water                          - Score: 0.4823
 4. Superplasticizer               - Score: 0.4764
 5. FineAgg                        - Score: 0.3363
 6. CoarseAgg                      - Score: 0.3106
 7. Slag                           - Score: 0.2911
 8. FlyAsh                         - Score: 0.1746
================================================================================

Solving 0th consequents in closed form (basis=raw, l2=0.01)...
  Training MSE: 0.0345

Features Ranked by Differentiation Strength:
================================================================================
 1. Age                            - Score: 1.0000
 2. Cement                         - Score: 0.8129
 3. Water                          - Score: 0.4963
 4. Superplasticizer               - Score: 0.4659
 5. FineAgg                        - Score: 0.3322
 6. CoarseAgg                      - Score: 0.3147
 7. Slag                           - Score: 0.2925
 8. FlyAsh                         - Score: 0.2172
================================================================================

Solving 0th consequents in closed form (basis=raw, l2=0.01)...
  Training MSE: 0.0312

Features Ranked by Differentiation Strength:
================================================================================
 1. Age                            - Score: 1.0000
 2. Cement                         - Score: 0.8090
 3. Superplasticizer               - Score: 0.5356
 4. Water                          - Score: 0.5233
 5. CoarseAgg                      - Score: 0.3703
 6. Slag                           - Score: 0.3672
 7. FineAgg                        - Score: 0.3377
 8. FlyAsh                         - Score: 0.2260
================================================================================

Solving 0th consequents in closed form (basis=raw, l2=0.01)...
  Training MSE: 0.0382

Features Ranked by Differentiation Strength:
================================================================================
 1. Age                            - Score: 1.0000
 2. Cement                         - Score: 0.7863
 3. Superplasticizer               - Score: 0.5051
 4. Water                          - Score: 0.4889
 5. CoarseAgg                      - Score: 0.3264
 6. Slag                           - Score: 0.3118
 7. FineAgg                        - Score: 0.2999
 8. FlyAsh                         - Score: 0.2248
================================================================================

Solving 0th consequents in closed form (basis=raw, l2=0.01)...
  Training MSE: 0.0342

Features Ranked by Differentiation Strength:
================================================================================
 1. Age                            - Score: 1.0000
 2. Cement                         - Score: 0.7271
 3. Superplasticizer               - Score: 0.5007
 4. Water                          - Score: 0.4832
 5. FineAgg                        - Score: 0.3178
 6. Slag                           - Score: 0.3178
 7. CoarseAgg                      - Score: 0.3080
 8. FlyAsh                         - Score: 0.1494
================================================================================

Solving 0th consequents in closed form (basis=raw, l2=0.01)...
  Training MSE: 0.0346

Features Ranked by Differentiation Strength:
================================================================================
 1. Age                            - Score: 1.0000
 2. Cement                         - Score: 0.7451
 3. Water                          - Score: 0.4921
 4. Superplasticizer               - Score: 0.4850
 5. Slag                           - Score: 0.3426
 6. CoarseAgg                      - Score: 0.3157
 7. FineAgg                        - Score: 0.3118
 8. FlyAsh                         - Score: 0.1546
================================================================================

Solving 0th consequents in closed form (basis=raw, l2=0.01)...
  Training MSE: 0.0404

Features Ranked by Differentiation Strength:
================================================================================
 1. Age                            - Score: 1.0000
 2. Cement                         - Score: 0.7870
 3. Water                          - Score: 0.4785
 4. Superplasticizer               - Score: 0.4623
 5. Slag                           - Score: 0.3514
 6. FineAgg                        - Score: 0.3478
 7. CoarseAgg                      - Score: 0.3017
 8. FlyAsh                         - Score: 0.1996
================================================================================

Solving 0th consequents in closed form (basis=raw, l2=0.01)...
  Training MSE: 0.0345

Features Ranked by Differentiation Strength:
================================================================================
 1. Age                            - Score: 1.0000
 2. Cement                         - Score: 0.8014
 3. Superplasticizer               - Score: 0.5410
 4. Water                          - Score: 0.5100
 5. CoarseAgg                      - Score: 0.3203
 6. Slag                           - Score: 0.3158
 7. FineAgg                        - Score: 0.3019
 8. FlyAsh                         - Score: 0.1961
================================================================================

Solving 0th consequents in closed form (basis=raw, l2=0.01)...
  Training MSE: 0.0358
  done: n=4 0th

Features Ranked by Differentiation Strength:
================================================================================
 1. Age                            - Score: 1.0000
 2. Cement                         - Score: 0.8625
 3. Water                          - Score: 0.6909
 4. Superplasticizer               - Score: 0.5937
 5. Slag                           - Score: 0.4414
 6. FlyAsh                         - Score: 0.3628
 7. CoarseAgg                      - Score: 0.2885
 8. FineAgg                        - Score: 0.2661
================================================================================

Solving 1st consequents in closed form (basis=raw, l2=0.01)...
  Training MSE: 0.0079

Features Ranked by Differentiation Strength:
================================================================================
 1. Age                            - Score: 1.0000
 2. Cement                         - Score: 0.9194
 3. Water                          - Score: 0.6858
 4. Superplasticizer               - Score: 0.5796
 5. Slag                           - Score: 0.4064
 6. FlyAsh                         - Score: 0.3456
 7. CoarseAgg                      - Score: 0.3354
 8. FineAgg                        - Score: 0.2395
================================================================================

Solving 1st consequents in closed form (basis=raw, l2=0.01)...
  Training MSE: 0.0075

Features Ranked by Differentiation Strength:
================================================================================
 1. Age                            - Score: 1.0000
 2. Cement                         - Score: 0.8903
 3. Water                          - Score: 0.6734
 4. Superplasticizer               - Score: 0.5302
 5. Slag                           - Score: 0.3649
 6. FlyAsh                         - Score: 0.2957
 7. CoarseAgg                      - Score: 0.2733
 8. FineAgg                        - Score: 0.2720
================================================================================

Solving 1st consequents in closed form (basis=raw, l2=0.01)...
  Training MSE: 0.0073

Features Ranked by Differentiation Strength:
================================================================================
 1. Age                            - Score: 1.0000
 2. Cement                         - Score: 0.9109
 3. Water                          - Score: 0.7114
 4. Superplasticizer               - Score: 0.5695
 5. Slag                           - Score: 0.3957
 6. FlyAsh                         - Score: 0.3409
 7. CoarseAgg                      - Score: 0.3143
 8. FineAgg                        - Score: 0.2547
================================================================================

Solving 1st consequents in closed form (basis=raw, l2=0.01)...
  Training MSE: 0.0070

Features Ranked by Differentiation Strength:
================================================================================
 1. Age                            - Score: 1.0000
 2. Cement                         - Score: 0.9899
 3. Water                          - Score: 0.7042
 4. Superplasticizer               - Score: 0.6145
 5. Slag                           - Score: 0.4902
 6. FlyAsh                         - Score: 0.3785
 7. CoarseAgg                      - Score: 0.3726
 8. FineAgg                        - Score: 0.2924
================================================================================

Solving 1st consequents in closed form (basis=raw, l2=0.01)...
  Training MSE: 0.0074

Features Ranked by Differentiation Strength:
================================================================================
 1. Age                            - Score: 1.0000
 2. Cement                         - Score: 0.9091
 3. Water                          - Score: 0.6323
 4. Superplasticizer               - Score: 0.5494
 5. Slag                           - Score: 0.3802
 6. FlyAsh                         - Score: 0.3314
 7. CoarseAgg                      - Score: 0.3027
 8. FineAgg                        - Score: 0.2417
================================================================================

Solving 1st consequents in closed form (basis=raw, l2=0.01)...
  Training MSE: 0.0075

Features Ranked by Differentiation Strength:
================================================================================
 1. Age                            - Score: 1.0000
 2. Cement                         - Score: 0.8672
 3. Water                          - Score: 0.6557
 4. Superplasticizer               - Score: 0.5824
 5. Slag                           - Score: 0.4120
 6. FlyAsh                         - Score: 0.3112
 7. CoarseAgg                      - Score: 0.3019
 8. FineAgg                        - Score: 0.2529
================================================================================

Solving 1st consequents in closed form (basis=raw, l2=0.01)...
  Training MSE: 0.0073

Features Ranked by Differentiation Strength:
================================================================================
 1. Age                            - Score: 1.0000
 2. Cement                         - Score: 0.8665
 3. Water                          - Score: 0.6577
 4. Superplasticizer               - Score: 0.5795
 5. Slag                           - Score: 0.4665
 6. FlyAsh                         - Score: 0.3275
 7. CoarseAgg                      - Score: 0.3014
 8. FineAgg                        - Score: 0.2863
================================================================================

Solving 1st consequents in closed form (basis=raw, l2=0.01)...
  Training MSE: 0.0070

Features Ranked by Differentiation Strength:
================================================================================
 1. Age                            - Score: 1.0000
 2. Cement                         - Score: 0.9262
 3. Water                          - Score: 0.6708
 4. Superplasticizer               - Score: 0.5700
 5. Slag                           - Score: 0.4473
 6. FlyAsh                         - Score: 0.3032
 7. CoarseAgg                      - Score: 0.3008
 8. FineAgg                        - Score: 0.2944
================================================================================

Solving 1st consequents in closed form (basis=raw, l2=0.01)...
  Training MSE: 0.0078

Features Ranked by Differentiation Strength:
================================================================================
 1. Age                            - Score: 1.0000
 2. Cement                         - Score: 0.9249
 3. Water                          - Score: 0.6587
 4. Superplasticizer               - Score: 0.5766
 5. Slag                           - Score: 0.4221
 6. FlyAsh                         - Score: 0.3682
 7. CoarseAgg                      - Score: 0.3076
 8. FineAgg                        - Score: 0.2565
================================================================================

Solving 1st consequents in closed form (basis=raw, l2=0.01)...
  Training MSE: 0.0072

Features Ranked by Differentiation Strength:
================================================================================
 1. Age                            - Score: 1.0000
 2. Cement                         - Score: 0.7227
 3. Superplasticizer               - Score: 0.5226
 4. Water                          - Score: 0.5113
 5. Slag                           - Score: 0.3448
 6. FineAgg                        - Score: 0.3368
 7. CoarseAgg                      - Score: 0.3181
 8. FlyAsh                         - Score: 0.2160
================================================================================

Solving 1st consequents in closed form (basis=raw, l2=0.01)...
  Training MSE: 0.0079

Features Ranked by Differentiation Strength:
================================================================================
 1. Age                            - Score: 1.0000
 2. Cement                         - Score: 0.7660
 3. Superplasticizer               - Score: 0.5152
 4. Water                          - Score: 0.4973
 5. CoarseAgg                      - Score: 0.3400
 6. FineAgg                        - Score: 0.2979
 7. Slag                           - Score: 0.2974
 8. FlyAsh                         - Score: 0.1874
================================================================================

Solving 1st consequents in closed form (basis=raw, l2=0.01)...
  Training MSE: 0.0076

Features Ranked by Differentiation Strength:
================================================================================
 1. Age                            - Score: 1.0000
 2. Cement                         - Score: 0.7747
 3. Water                          - Score: 0.4823
 4. Superplasticizer               - Score: 0.4764
 5. FineAgg                        - Score: 0.3363
 6. CoarseAgg                      - Score: 0.3106
 7. Slag                           - Score: 0.2911
 8. FlyAsh                         - Score: 0.1746
================================================================================

Solving 1st consequents in closed form (basis=raw, l2=0.01)...
  Training MSE: 0.0073

Features Ranked by Differentiation Strength:
================================================================================
 1. Age                            - Score: 1.0000
 2. Cement                         - Score: 0.8129
 3. Water                          - Score: 0.4963
 4. Superplasticizer               - Score: 0.4659
 5. FineAgg                        - Score: 0.3322
 6. CoarseAgg                      - Score: 0.3147
 7. Slag                           - Score: 0.2925
 8. FlyAsh                         - Score: 0.2172
================================================================================

Solving 1st consequents in closed form (basis=raw, l2=0.01)...
  Training MSE: 0.0073

Features Ranked by Differentiation Strength:
================================================================================
 1. Age                            - Score: 1.0000
 2. Cement                         - Score: 0.8090
 3. Superplasticizer               - Score: 0.5356
 4. Water                          - Score: 0.5233
 5. CoarseAgg                      - Score: 0.3703
 6. Slag                           - Score: 0.3672
 7. FineAgg                        - Score: 0.3377
 8. FlyAsh                         - Score: 0.2260
================================================================================

Solving 1st consequents in closed form (basis=raw, l2=0.01)...
  Training MSE: 0.0077

Features Ranked by Differentiation Strength:
================================================================================
 1. Age                            - Score: 1.0000
 2. Cement                         - Score: 0.7863
 3. Superplasticizer               - Score: 0.5051
 4. Water                          - Score: 0.4889
 5. CoarseAgg                      - Score: 0.3264
 6. Slag                           - Score: 0.3118
 7. FineAgg                        - Score: 0.2999
 8. FlyAsh                         - Score: 0.2248
================================================================================

Solving 1st consequents in closed form (basis=raw, l2=0.01)...
  Training MSE: 0.0076

Features Ranked by Differentiation Strength:
================================================================================
 1. Age                            - Score: 1.0000
 2. Cement                         - Score: 0.7271
 3. Superplasticizer               - Score: 0.5007
 4. Water                          - Score: 0.4832
 5. FineAgg                        - Score: 0.3178
 6. Slag                           - Score: 0.3178
 7. CoarseAgg                      - Score: 0.3080
 8. FlyAsh                         - Score: 0.1494
================================================================================

Solving 1st consequents in closed form (basis=raw, l2=0.01)...
  Training MSE: 0.0070

Features Ranked by Differentiation Strength:
================================================================================
 1. Age                            - Score: 1.0000
 2. Cement                         - Score: 0.7451
 3. Water                          - Score: 0.4921
 4. Superplasticizer               - Score: 0.4850
 5. Slag                           - Score: 0.3426
 6. CoarseAgg                      - Score: 0.3157
 7. FineAgg                        - Score: 0.3118
 8. FlyAsh                         - Score: 0.1546
================================================================================

Solving 1st consequents in closed form (basis=raw, l2=0.01)...
  Training MSE: 0.0078

Features Ranked by Differentiation Strength:
================================================================================
 1. Age                            - Score: 1.0000
 2. Cement                         - Score: 0.7870
 3. Water                          - Score: 0.4785
 4. Superplasticizer               - Score: 0.4623
 5. Slag                           - Score: 0.3514
 6. FineAgg                        - Score: 0.3478
 7. CoarseAgg                      - Score: 0.3017
 8. FlyAsh                         - Score: 0.1996
================================================================================

Solving 1st consequents in closed form (basis=raw, l2=0.01)...
  Training MSE: 0.0076

Features Ranked by Differentiation Strength:
================================================================================
 1. Age                            - Score: 1.0000
 2. Cement                         - Score: 0.8014
 3. Superplasticizer               - Score: 0.5410
 4. Water                          - Score: 0.5100
 5. CoarseAgg                      - Score: 0.3203
 6. Slag                           - Score: 0.3158
 7. FineAgg                        - Score: 0.3019
 8. FlyAsh                         - Score: 0.1961
================================================================================

Solving 1st consequents in closed form (basis=raw, l2=0.01)...
  Training MSE: 0.0080

Features Ranked by Differentiation Strength:
================================================================================
 1. Age                            - Score: 1.0000
 2. Cement                         - Score: 0.7227
 3. Superplasticizer               - Score: 0.5226
 4. Water                          - Score: 0.5113
 5. Slag                           - Score: 0.3448
 6. FineAgg                        - Score: 0.3368
 7. CoarseAgg                      - Score: 0.3181
 8. FlyAsh                         - Score: 0.2160
================================================================================

Solving 1st consequents in closed form (basis=raw, l2=0.01)...
  Training MSE: 0.0077

Features Ranked by Differentiation Strength:
================================================================================
 1. Age                            - Score: 1.0000
 2. Cement                         - Score: 0.7660
 3. Superplasticizer               - Score: 0.5152
 4. Water                          - Score: 0.4973
 5. CoarseAgg                      - Score: 0.3400
 6. FineAgg                        - Score: 0.2979
 7. Slag                           - Score: 0.2974
 8. FlyAsh                         - Score: 0.1874
================================================================================

Solving 1st consequents in closed form (basis=raw, l2=0.01)...
  Training MSE: 0.0075

Features Ranked by Differentiation Strength:
================================================================================
 1. Age                            - Score: 1.0000
 2. Cement                         - Score: 0.7747
 3. Water                          - Score: 0.4823
 4. Superplasticizer               - Score: 0.4764
 5. FineAgg                        - Score: 0.3363
 6. CoarseAgg                      - Score: 0.3106
 7. Slag                           - Score: 0.2911
 8. FlyAsh                         - Score: 0.1746
================================================================================

Solving 1st consequents in closed form (basis=raw, l2=0.01)...
  Training MSE: 0.0072

Features Ranked by Differentiation Strength:
================================================================================
 1. Age                            - Score: 1.0000
 2. Cement                         - Score: 0.8129
 3. Water                          - Score: 0.4963
 4. Superplasticizer               - Score: 0.4659
 5. FineAgg                        - Score: 0.3322
 6. CoarseAgg                      - Score: 0.3147
 7. Slag                           - Score: 0.2925
 8. FlyAsh                         - Score: 0.2172
================================================================================

Solving 1st consequents in closed form (basis=raw, l2=0.01)...
  Training MSE: 0.0071

Features Ranked by Differentiation Strength:
================================================================================
 1. Age                            - Score: 1.0000
 2. Cement                         - Score: 0.8090
 3. Superplasticizer               - Score: 0.5356
 4. Water                          - Score: 0.5233
 5. CoarseAgg                      - Score: 0.3703
 6. Slag                           - Score: 0.3672
 7. FineAgg                        - Score: 0.3377
 8. FlyAsh                         - Score: 0.2260
================================================================================

Solving 1st consequents in closed form (basis=raw, l2=0.01)...
  Training MSE: 0.0076

Features Ranked by Differentiation Strength:
================================================================================
 1. Age                            - Score: 1.0000
 2. Cement                         - Score: 0.7863
 3. Superplasticizer               - Score: 0.5051
 4. Water                          - Score: 0.4889
 5. CoarseAgg                      - Score: 0.3264
 6. Slag                           - Score: 0.3118
 7. FineAgg                        - Score: 0.2999
 8. FlyAsh                         - Score: 0.2248
================================================================================

Solving 1st consequents in closed form (basis=raw, l2=0.01)...
  Training MSE: 0.0075

Features Ranked by Differentiation Strength:
================================================================================
 1. Age                            - Score: 1.0000
 2. Cement                         - Score: 0.7271
 3. Superplasticizer               - Score: 0.5007
 4. Water                          - Score: 0.4832
 5. FineAgg                        - Score: 0.3178
 6. Slag                           - Score: 0.3178
 7. CoarseAgg                      - Score: 0.3080
 8. FlyAsh                         - Score: 0.1494
================================================================================

Solving 1st consequents in closed form (basis=raw, l2=0.01)...
  Training MSE: 0.0069

Features Ranked by Differentiation Strength:
================================================================================
 1. Age                            - Score: 1.0000
 2. Cement                         - Score: 0.7451
 3. Water                          - Score: 0.4921
 4. Superplasticizer               - Score: 0.4850
 5. Slag                           - Score: 0.3426
 6. CoarseAgg                      - Score: 0.3157
 7. FineAgg                        - Score: 0.3118
 8. FlyAsh                         - Score: 0.1546
================================================================================

Solving 1st consequents in closed form (basis=raw, l2=0.01)...
  Training MSE: 0.0078

Features Ranked by Differentiation Strength:
================================================================================
 1. Age                            - Score: 1.0000
 2. Cement                         - Score: 0.7870
 3. Water                          - Score: 0.4785
 4. Superplasticizer               - Score: 0.4623
 5. Slag                           - Score: 0.3514
 6. FineAgg                        - Score: 0.3478
 7. CoarseAgg                      - Score: 0.3017
 8. FlyAsh                         - Score: 0.1996
================================================================================

Solving 1st consequents in closed form (basis=raw, l2=0.01)...
  Training MSE: 0.0075

Features Ranked by Differentiation Strength:
================================================================================
 1. Age                            - Score: 1.0000
 2. Cement                         - Score: 0.8014
 3. Superplasticizer               - Score: 0.5410
 4. Water                          - Score: 0.5100
 5. CoarseAgg                      - Score: 0.3203
 6. Slag                           - Score: 0.3158
 7. FineAgg                        - Score: 0.3019
 8. FlyAsh                         - Score: 0.1961
================================================================================

Solving 1st consequents in closed form (basis=raw, l2=0.01)...
  Training MSE: 0.0079
  done: n=4 1st

Features Ranked by Differentiation Strength:
================================================================================
 1. Age                            - Score: 1.0000
 2. Cement                         - Score: 0.8625
 3. Water                          - Score: 0.6909
 4. Superplasticizer               - Score: 0.5937
 5. Slag                           - Score: 0.4414
 6. FlyAsh                         - Score: 0.3628
 7. CoarseAgg                      - Score: 0.2885
 8. FineAgg                        - Score: 0.2661
================================================================================

Solving 2nd consequents in closed form (basis=raw, l2=0.01)...
  Training MSE: 0.0053

Features Ranked by Differentiation Strength:
================================================================================
 1. Age                            - Score: 1.0000
 2. Cement                         - Score: 0.9194
 3. Water                          - Score: 0.6858
 4. Superplasticizer               - Score: 0.5796
 5. Slag                           - Score: 0.4064
 6. FlyAsh                         - Score: 0.3456
 7. CoarseAgg                      - Score: 0.3354
 8. FineAgg                        - Score: 0.2395
================================================================================

Solving 2nd consequents in closed form (basis=raw, l2=0.01)...
  Training MSE: 0.0054

Features Ranked by Differentiation Strength:
================================================================================
 1. Age                            - Score: 1.0000
 2. Cement                         - Score: 0.8903
 3. Water                          - Score: 0.6734
 4. Superplasticizer               - Score: 0.5302
 5. Slag                           - Score: 0.3649
 6. FlyAsh                         - Score: 0.2957
 7. CoarseAgg                      - Score: 0.2733
 8. FineAgg                        - Score: 0.2720
================================================================================

Solving 2nd consequents in closed form (basis=raw, l2=0.01)...
  Training MSE: 0.0050

Features Ranked by Differentiation Strength:
================================================================================
 1. Age                            - Score: 1.0000
 2. Cement                         - Score: 0.9109
 3. Water                          - Score: 0.7114
 4. Superplasticizer               - Score: 0.5695
 5. Slag                           - Score: 0.3957
 6. FlyAsh                         - Score: 0.3409
 7. CoarseAgg                      - Score: 0.3143
 8. FineAgg                        - Score: 0.2547
================================================================================

Solving 2nd consequents in closed form (basis=raw, l2=0.01)...
  Training MSE: 0.0049

Features Ranked by Differentiation Strength:
================================================================================
 1. Age                            - Score: 1.0000
 2. Cement                         - Score: 0.9899
 3. Water                          - Score: 0.7042
 4. Superplasticizer               - Score: 0.6145
 5. Slag                           - Score: 0.4902
 6. FlyAsh                         - Score: 0.3785
 7. CoarseAgg                      - Score: 0.3726
 8. FineAgg                        - Score: 0.2924
================================================================================

Solving 2nd consequents in closed form (basis=raw, l2=0.01)...
  Training MSE: 0.0047

Features Ranked by Differentiation Strength:
================================================================================
 1. Age                            - Score: 1.0000
 2. Cement                         - Score: 0.9091
 3. Water                          - Score: 0.6323
 4. Superplasticizer               - Score: 0.5494
 5. Slag                           - Score: 0.3802
 6. FlyAsh                         - Score: 0.3314
 7. CoarseAgg                      - Score: 0.3027
 8. FineAgg                        - Score: 0.2417
================================================================================

Solving 2nd consequents in closed form (basis=raw, l2=0.01)...
  Training MSE: 0.0050

Features Ranked by Differentiation Strength:
================================================================================
 1. Age                            - Score: 1.0000
 2. Cement                         - Score: 0.8672
 3. Water                          - Score: 0.6557
 4. Superplasticizer               - Score: 0.5824
 5. Slag                           - Score: 0.4120
 6. FlyAsh                         - Score: 0.3112
 7. CoarseAgg                      - Score: 0.3019
 8. FineAgg                        - Score: 0.2529
================================================================================

Solving 2nd consequents in closed form (basis=raw, l2=0.01)...
  Training MSE: 0.0054

Features Ranked by Differentiation Strength:
================================================================================
 1. Age                            - Score: 1.0000
 2. Cement                         - Score: 0.8665
 3. Water                          - Score: 0.6577
 4. Superplasticizer               - Score: 0.5795
 5. Slag                           - Score: 0.4665
 6. FlyAsh                         - Score: 0.3275
 7. CoarseAgg                      - Score: 0.3014
 8. FineAgg                        - Score: 0.2863
================================================================================

Solving 2nd consequents in closed form (basis=raw, l2=0.01)...
  Training MSE: 0.0049

Features Ranked by Differentiation Strength:
================================================================================
 1. Age                            - Score: 1.0000
 2. Cement                         - Score: 0.9262
 3. Water                          - Score: 0.6708
 4. Superplasticizer               - Score: 0.5700
 5. Slag                           - Score: 0.4473
 6. FlyAsh                         - Score: 0.3032
 7. CoarseAgg                      - Score: 0.3008
 8. FineAgg                        - Score: 0.2944
================================================================================

Solving 2nd consequents in closed form (basis=raw, l2=0.01)...
  Training MSE: 0.0059

Features Ranked by Differentiation Strength:
================================================================================
 1. Age                            - Score: 1.0000
 2. Cement                         - Score: 0.9249
 3. Water                          - Score: 0.6587
 4. Superplasticizer               - Score: 0.5766
 5. Slag                           - Score: 0.4221
 6. FlyAsh                         - Score: 0.3682
 7. CoarseAgg                      - Score: 0.3076
 8. FineAgg                        - Score: 0.2565
================================================================================

Solving 2nd consequents in closed form (basis=raw, l2=0.01)...
  Training MSE: 0.0048

Features Ranked by Differentiation Strength:
================================================================================
 1. Age                            - Score: 1.0000
 2. Cement                         - Score: 0.7227
 3. Superplasticizer               - Score: 0.5226
 4. Water                          - Score: 0.5113
 5. Slag                           - Score: 0.3448
 6. FineAgg                        - Score: 0.3368
 7. CoarseAgg                      - Score: 0.3181
 8. FlyAsh                         - Score: 0.2160
================================================================================

Solving 2nd consequents in closed form (basis=raw, l2=0.01)...
  Training MSE: 0.0052

Features Ranked by Differentiation Strength:
================================================================================
 1. Age                            - Score: 1.0000
 2. Cement                         - Score: 0.7660
 3. Superplasticizer               - Score: 0.5152
 4. Water                          - Score: 0.4973
 5. CoarseAgg                      - Score: 0.3400
 6. FineAgg                        - Score: 0.2979
 7. Slag                           - Score: 0.2974
 8. FlyAsh                         - Score: 0.1874
================================================================================

Solving 2nd consequents in closed form (basis=raw, l2=0.01)...
  Training MSE: 0.0052

Features Ranked by Differentiation Strength:
================================================================================
 1. Age                            - Score: 1.0000
 2. Cement                         - Score: 0.7747
 3. Water                          - Score: 0.4823
 4. Superplasticizer               - Score: 0.4764
 5. FineAgg                        - Score: 0.3363
 6. CoarseAgg                      - Score: 0.3106
 7. Slag                           - Score: 0.2911
 8. FlyAsh                         - Score: 0.1746
================================================================================

Solving 2nd consequents in closed form (basis=raw, l2=0.01)...
  Training MSE: 0.0051

Features Ranked by Differentiation Strength:
================================================================================
 1. Age                            - Score: 1.0000
 2. Cement                         - Score: 0.8129
 3. Water                          - Score: 0.4963
 4. Superplasticizer               - Score: 0.4659
 5. FineAgg                        - Score: 0.3322
 6. CoarseAgg                      - Score: 0.3147
 7. Slag                           - Score: 0.2925
 8. FlyAsh                         - Score: 0.2172
================================================================================

Solving 2nd consequents in closed form (basis=raw, l2=0.01)...
  Training MSE: 0.0049

Features Ranked by Differentiation Strength:
================================================================================
 1. Age                            - Score: 1.0000
 2. Cement                         - Score: 0.8090
 3. Superplasticizer               - Score: 0.5356
 4. Water                          - Score: 0.5233
 5. CoarseAgg                      - Score: 0.3703
 6. Slag                           - Score: 0.3672
 7. FineAgg                        - Score: 0.3377
 8. FlyAsh                         - Score: 0.2260
================================================================================

Solving 2nd consequents in closed form (basis=raw, l2=0.01)...
  Training MSE: 0.0049

Features Ranked by Differentiation Strength:
================================================================================
 1. Age                            - Score: 1.0000
 2. Cement                         - Score: 0.7863
 3. Superplasticizer               - Score: 0.5051
 4. Water                          - Score: 0.4889
 5. CoarseAgg                      - Score: 0.3264
 6. Slag                           - Score: 0.3118
 7. FineAgg                        - Score: 0.2999
 8. FlyAsh                         - Score: 0.2248
================================================================================

Solving 2nd consequents in closed form (basis=raw, l2=0.01)...
  Training MSE: 0.0053

Features Ranked by Differentiation Strength:
================================================================================
 1. Age                            - Score: 1.0000
 2. Cement                         - Score: 0.7271
 3. Superplasticizer               - Score: 0.5007
 4. Water                          - Score: 0.4832
 5. FineAgg                        - Score: 0.3178
 6. Slag                           - Score: 0.3178
 7. CoarseAgg                      - Score: 0.3080
 8. FlyAsh                         - Score: 0.1494
================================================================================

Solving 2nd consequents in closed form (basis=raw, l2=0.01)...
  Training MSE: 0.0049

Features Ranked by Differentiation Strength:
================================================================================
 1. Age                            - Score: 1.0000
 2. Cement                         - Score: 0.7451
 3. Water                          - Score: 0.4921
 4. Superplasticizer               - Score: 0.4850
 5. Slag                           - Score: 0.3426
 6. CoarseAgg                      - Score: 0.3157
 7. FineAgg                        - Score: 0.3118
 8. FlyAsh                         - Score: 0.1546
================================================================================

Solving 2nd consequents in closed form (basis=raw, l2=0.01)...
  Training MSE: 0.0053

Features Ranked by Differentiation Strength:
================================================================================
 1. Age                            - Score: 1.0000
 2. Cement                         - Score: 0.7870
 3. Water                          - Score: 0.4785
 4. Superplasticizer               - Score: 0.4623
 5. Slag                           - Score: 0.3514
 6. FineAgg                        - Score: 0.3478
 7. CoarseAgg                      - Score: 0.3017
 8. FlyAsh                         - Score: 0.1996
================================================================================

Solving 2nd consequents in closed form (basis=raw, l2=0.01)...
  Training MSE: 0.0056

Features Ranked by Differentiation Strength:
================================================================================
 1. Age                            - Score: 1.0000
 2. Cement                         - Score: 0.8014
 3. Superplasticizer               - Score: 0.5410
 4. Water                          - Score: 0.5100
 5. CoarseAgg                      - Score: 0.3203
 6. Slag                           - Score: 0.3158
 7. FineAgg                        - Score: 0.3019
 8. FlyAsh                         - Score: 0.1961
================================================================================

Solving 2nd consequents in closed form (basis=raw, l2=0.01)...
  Training MSE: 0.0056

Features Ranked by Differentiation Strength:
================================================================================
 1. Age                            - Score: 1.0000
 2. Cement                         - Score: 0.7227
 3. Superplasticizer               - Score: 0.5226
 4. Water                          - Score: 0.5113
 5. Slag                           - Score: 0.3448
 6. FineAgg                        - Score: 0.3368
 7. CoarseAgg                      - Score: 0.3181
 8. FlyAsh                         - Score: 0.2160
================================================================================

Solving 2nd consequents in closed form (basis=raw, l2=0.01)...
  Training MSE: 0.0052

Features Ranked by Differentiation Strength:
================================================================================
 1. Age                            - Score: 1.0000
 2. Cement                         - Score: 0.7660
 3. Superplasticizer               - Score: 0.5152
 4. Water                          - Score: 0.4973
 5. CoarseAgg                      - Score: 0.3400
 6. FineAgg                        - Score: 0.2979
 7. Slag                           - Score: 0.2974
 8. FlyAsh                         - Score: 0.1874
================================================================================

Solving 2nd consequents in closed form (basis=raw, l2=0.01)...
  Training MSE: 0.0053

Features Ranked by Differentiation Strength:
================================================================================
 1. Age                            - Score: 1.0000
 2. Cement                         - Score: 0.7747
 3. Water                          - Score: 0.4823
 4. Superplasticizer               - Score: 0.4764
 5. FineAgg                        - Score: 0.3363
 6. CoarseAgg                      - Score: 0.3106
 7. Slag                           - Score: 0.2911
 8. FlyAsh                         - Score: 0.1746
================================================================================

Solving 2nd consequents in closed form (basis=raw, l2=0.01)...
  Training MSE: 0.0051

Features Ranked by Differentiation Strength:
================================================================================
 1. Age                            - Score: 1.0000
 2. Cement                         - Score: 0.8129
 3. Water                          - Score: 0.4963
 4. Superplasticizer               - Score: 0.4659
 5. FineAgg                        - Score: 0.3322
 6. CoarseAgg                      - Score: 0.3147
 7. Slag                           - Score: 0.2925
 8. FlyAsh                         - Score: 0.2172
================================================================================

Solving 2nd consequents in closed form (basis=raw, l2=0.01)...
  Training MSE: 0.0049

Features Ranked by Differentiation Strength:
================================================================================
 1. Age                            - Score: 1.0000
 2. Cement                         - Score: 0.8090
 3. Superplasticizer               - Score: 0.5356
 4. Water                          - Score: 0.5233
 5. CoarseAgg                      - Score: 0.3703
 6. Slag                           - Score: 0.3672
 7. FineAgg                        - Score: 0.3377
 8. FlyAsh                         - Score: 0.2260
================================================================================

Solving 2nd consequents in closed form (basis=raw, l2=0.01)...
  Training MSE: 0.0049

Features Ranked by Differentiation Strength:
================================================================================
 1. Age                            - Score: 1.0000
 2. Cement                         - Score: 0.7863
 3. Superplasticizer               - Score: 0.5051
 4. Water                          - Score: 0.4889
 5. CoarseAgg                      - Score: 0.3264
 6. Slag                           - Score: 0.3118
 7. FineAgg                        - Score: 0.2999
 8. FlyAsh                         - Score: 0.2248
================================================================================

Solving 2nd consequents in closed form (basis=raw, l2=0.01)...
  Training MSE: 0.0053

Features Ranked by Differentiation Strength:
================================================================================
 1. Age                            - Score: 1.0000
 2. Cement                         - Score: 0.7271
 3. Superplasticizer               - Score: 0.5007
 4. Water                          - Score: 0.4832
 5. FineAgg                        - Score: 0.3178
 6. Slag                           - Score: 0.3178
 7. CoarseAgg                      - Score: 0.3080
 8. FlyAsh                         - Score: 0.1494
================================================================================

Solving 2nd consequents in closed form (basis=raw, l2=0.01)...
  Training MSE: 0.0050

Features Ranked by Differentiation Strength:
================================================================================
 1. Age                            - Score: 1.0000
 2. Cement                         - Score: 0.7451
 3. Water                          - Score: 0.4921
 4. Superplasticizer               - Score: 0.4850
 5. Slag                           - Score: 0.3426
 6. CoarseAgg                      - Score: 0.3157
 7. FineAgg                        - Score: 0.3118
 8. FlyAsh                         - Score: 0.1546
================================================================================

Solving 2nd consequents in closed form (basis=raw, l2=0.01)...
  Training MSE: 0.0053

Features Ranked by Differentiation Strength:
================================================================================
 1. Age                            - Score: 1.0000
 2. Cement                         - Score: 0.7870
 3. Water                          - Score: 0.4785
 4. Superplasticizer               - Score: 0.4623
 5. Slag                           - Score: 0.3514
 6. FineAgg                        - Score: 0.3478
 7. CoarseAgg                      - Score: 0.3017
 8. FlyAsh                         - Score: 0.1996
================================================================================

Solving 2nd consequents in closed form (basis=raw, l2=0.01)...
  Training MSE: 0.0056

Features Ranked by Differentiation Strength:
================================================================================
 1. Age                            - Score: 1.0000
 2. Cement                         - Score: 0.8014
 3. Superplasticizer               - Score: 0.5410
 4. Water                          - Score: 0.5100
 5. CoarseAgg                      - Score: 0.3203
 6. Slag                           - Score: 0.3158
 7. FineAgg                        - Score: 0.3019
 8. FlyAsh                         - Score: 0.1961
================================================================================

Solving 2nd consequents in closed form (basis=raw, l2=0.01)...
  Training MSE: 0.0056
  done: n=4 2nd

Features Ranked by Differentiation Strength:
================================================================================
 1. Age                            - Score: 1.0000
 2. Cement                         - Score: 0.8676
 3. Water                          - Score: 0.6860
 4. Superplasticizer               - Score: 0.5891
 5. Slag                           - Score: 0.4092
 6. FineAgg                        - Score: 0.3771
 7. FlyAsh                         - Score: 0.3578
 8. CoarseAgg                      - Score: 0.3123
================================================================================

Solving 0th consequents in closed form (basis=raw, l2=0.01)...
  Training MSE: 0.0162

Features Ranked by Differentiation Strength:
================================================================================
 1. Age                            - Score: 1.0000
 2. Cement                         - Score: 0.9157
 3. Water                          - Score: 0.6734
 4. Superplasticizer               - Score: 0.5584
 5. FlyAsh                         - Score: 0.3892
 6. Slag                           - Score: 0.3730
 7. CoarseAgg                      - Score: 0.3351
 8. FineAgg                        - Score: 0.3030
================================================================================

Solving 0th consequents in closed form (basis=raw, l2=0.01)...
  Training MSE: 0.0193

Features Ranked by Differentiation Strength:
================================================================================
 1. Age                            - Score: 1.0000
 2. Cement                         - Score: 0.9523
 3. Water                          - Score: 0.6966
 4. Superplasticizer               - Score: 0.5468
 5. Slag                           - Score: 0.3606
 6. FineAgg                        - Score: 0.3401
 7. FlyAsh                         - Score: 0.3372
 8. CoarseAgg                      - Score: 0.3062
================================================================================

Solving 0th consequents in closed form (basis=raw, l2=0.01)...
  Training MSE: 0.0160

Features Ranked by Differentiation Strength:
================================================================================
 1. Age                            - Score: 1.0000
 2. Cement                         - Score: 0.9607
 3. Water                          - Score: 0.7011
 4. Superplasticizer               - Score: 0.5353
 5. FlyAsh                         - Score: 0.3892
 6. Slag                           - Score: 0.3416
 7. FineAgg                        - Score: 0.3329
 8. CoarseAgg                      - Score: 0.2898
================================================================================

Solving 0th consequents in closed form (basis=raw, l2=0.01)...
  Training MSE: 0.0153

Features Ranked by Differentiation Strength:
================================================================================
 1. Cement                         - Score: 1.0000
 2. Age                            - Score: 0.9728
 3. Water                          - Score: 0.7067
 4. Superplasticizer               - Score: 0.5812
 5. Slag                           - Score: 0.3938
 6. FlyAsh                         - Score: 0.3707
 7. CoarseAgg                      - Score: 0.3540
 8. FineAgg                        - Score: 0.3287
================================================================================

Solving 0th consequents in closed form (basis=raw, l2=0.01)...
  Training MSE: 0.0175

Features Ranked by Differentiation Strength:
================================================================================
 1. Age                            - Score: 1.0000
 2. Cement                         - Score: 0.9271
 3. Water                          - Score: 0.6476
 4. Superplasticizer               - Score: 0.5390
 5. FlyAsh                         - Score: 0.3630
 6. Slag                           - Score: 0.3443
 7. FineAgg                        - Score: 0.3197
 8. CoarseAgg                      - Score: 0.2876
================================================================================

Solving 0th consequents in closed form (basis=raw, l2=0.01)...
  Training MSE: 0.0159

Features Ranked by Differentiation Strength:
================================================================================
 1. Age                            - Score: 1.0000
 2. Cement                         - Score: 0.9540
 3. Water                          - Score: 0.6355
 4. Superplasticizer               - Score: 0.5369
 5. Slag                           - Score: 0.3451
 6. FineAgg                        - Score: 0.3260
 7. FlyAsh                         - Score: 0.3130
 8. CoarseAgg                      - Score: 0.3124
================================================================================

Solving 0th consequents in closed form (basis=raw, l2=0.01)...
  Training MSE: 0.0159

Features Ranked by Differentiation Strength:
================================================================================
 1. Age                            - Score: 1.0000
 2. Cement                         - Score: 0.9083
 3. Water                          - Score: 0.6684
 4. Superplasticizer               - Score: 0.5515
 5. Slag                           - Score: 0.4272
 6. FlyAsh                         - Score: 0.3588
 7. FineAgg                        - Score: 0.3561
 8. CoarseAgg                      - Score: 0.3008
================================================================================

Solving 0th consequents in closed form (basis=raw, l2=0.01)...
  Training MSE: 0.0150

Features Ranked by Differentiation Strength:
================================================================================
 1. Age                            - Score: 1.0000
 2. Cement                         - Score: 0.9265
 3. Water                          - Score: 0.6539
 4. Superplasticizer               - Score: 0.5298
 5. Slag                           - Score: 0.3946
 6. FineAgg                        - Score: 0.3726
 7. FlyAsh                         - Score: 0.3252
 8. CoarseAgg                      - Score: 0.2950
================================================================================

Solving 0th consequents in closed form (basis=raw, l2=0.01)...
  Training MSE: 0.0151

Features Ranked by Differentiation Strength:
================================================================================
 1. Age                            - Score: 1.0000
 2. Cement                         - Score: 0.9380
 3. Water                          - Score: 0.6635
 4. Superplasticizer               - Score: 0.5548
 5. FlyAsh                         - Score: 0.3920
 6. Slag                           - Score: 0.3698
 7. FineAgg                        - Score: 0.3142
 8. CoarseAgg                      - Score: 0.3135
================================================================================

Solving 0th consequents in closed form (basis=raw, l2=0.01)...
  Training MSE: 0.0167

Features Ranked by Differentiation Strength:
================================================================================
 1. Age                            - Score: 1.0000
 2. Cement                         - Score: 0.7139
 3. Water                          - Score: 0.5135
 4. Superplasticizer               - Score: 0.5103
 5. FineAgg                        - Score: 0.3336
 6. CoarseAgg                      - Score: 0.3301
 7. Slag                           - Score: 0.3289
 8. FlyAsh                         - Score: 0.2275
================================================================================

Solving 0th consequents in closed form (basis=raw, l2=0.01)...
  Training MSE: 0.0202

Features Ranked by Differentiation Strength:
================================================================================
 1. Age                            - Score: 1.0000
 2. Cement                         - Score: 0.7513
 3. Water                          - Score: 0.5082
 4. Superplasticizer               - Score: 0.5082
 5. CoarseAgg                      - Score: 0.3429
 6. FineAgg                        - Score: 0.2825
 7. Slag                           - Score: 0.2803
 8. FlyAsh                         - Score: 0.2082
================================================================================

Solving 0th consequents in closed form (basis=raw, l2=0.01)...
  Training MSE: 0.0226

Features Ranked by Differentiation Strength:
================================================================================
 1. Age                            - Score: 1.0000
 2. Cement                         - Score: 0.7824
 3. Water                          - Score: 0.5058
 4. Superplasticizer               - Score: 0.4725
 5. FineAgg                        - Score: 0.3475
 6. CoarseAgg                      - Score: 0.3286
 7. Slag                           - Score: 0.2992
 8. FlyAsh                         - Score: 0.2030
================================================================================

Solving 0th consequents in closed form (basis=raw, l2=0.01)...
  Training MSE: 0.0226

Features Ranked by Differentiation Strength:
================================================================================
 1. Age                            - Score: 1.0000
 2. Cement                         - Score: 0.8143
 3. Water                          - Score: 0.4987
 4. Superplasticizer               - Score: 0.4781
 5. FineAgg                        - Score: 0.3462
 6. CoarseAgg                      - Score: 0.3388
 7. Slag                           - Score: 0.3054
 8. FlyAsh                         - Score: 0.2113
================================================================================

Solving 0th consequents in closed form (basis=raw, l2=0.01)...
  Training MSE: 0.0213

Features Ranked by Differentiation Strength:
================================================================================
 1. Age                            - Score: 1.0000
 2. Cement                         - Score: 0.8139
 3. Superplasticizer               - Score: 0.5252
 4. Water                          - Score: 0.5231
 5. CoarseAgg                      - Score: 0.3713
 6. Slag                           - Score: 0.3458
 7. FineAgg                        - Score: 0.3387
 8. FlyAsh                         - Score: 0.2568
================================================================================

Solving 0th consequents in closed form (basis=raw, l2=0.01)...
  Training MSE: 0.0216

Features Ranked by Differentiation Strength:
================================================================================
 1. Age                            - Score: 1.0000
 2. Cement                         - Score: 0.7864
 3. Water                          - Score: 0.4913
 4. Superplasticizer               - Score: 0.4897
 5. CoarseAgg                      - Score: 0.3190
 6. FineAgg                        - Score: 0.3070
 7. Slag                           - Score: 0.2898
 8. FlyAsh                         - Score: 0.2403
================================================================================

Solving 0th consequents in closed form (basis=raw, l2=0.01)...
  Training MSE: 0.0222

Features Ranked by Differentiation Strength:
================================================================================
 1. Age                            - Score: 1.0000
 2. Cement                         - Score: 0.7461
 3. Superplasticizer               - Score: 0.5041
 4. Water                          - Score: 0.4924
 5. CoarseAgg                      - Score: 0.3253
 6. Slag                           - Score: 0.3172
 7. FineAgg                        - Score: 0.3166
 8. FlyAsh                         - Score: 0.1940
================================================================================

Solving 0th consequents in closed form (basis=raw, l2=0.01)...
  Training MSE: 0.0228

Features Ranked by Differentiation Strength:
================================================================================
 1. Age                            - Score: 1.0000
 2. Cement                         - Score: 0.7596
 3. Water                          - Score: 0.4956
 4. Superplasticizer               - Score: 0.4830
 5. Slag                           - Score: 0.3569
 6. FineAgg                        - Score: 0.3296
 7. CoarseAgg                      - Score: 0.3247
 8. FlyAsh                         - Score: 0.2088
================================================================================

Solving 0th consequents in closed form (basis=raw, l2=0.01)...
  Training MSE: 0.0179

Features Ranked by Differentiation Strength:
================================================================================
 1. Age                            - Score: 1.0000
 2. Cement                         - Score: 0.8003
 3. Water                          - Score: 0.4840
 4. Superplasticizer               - Score: 0.4594
 5. FineAgg                        - Score: 0.3423
 6. Slag                           - Score: 0.3389
 7. CoarseAgg                      - Score: 0.3171
 8. FlyAsh                         - Score: 0.2050
================================================================================

Solving 0th consequents in closed form (basis=raw, l2=0.01)...
  Training MSE: 0.0210

Features Ranked by Differentiation Strength:
================================================================================
 1. Age                            - Score: 1.0000
 2. Cement                         - Score: 0.8251
 3. Superplasticizer               - Score: 0.5365
 4. Water                          - Score: 0.5179
 5. CoarseAgg                      - Score: 0.3323
 6. FineAgg                        - Score: 0.3036
 7. Slag                           - Score: 0.2926
 8. FlyAsh                         - Score: 0.2400
================================================================================

Solving 0th consequents in closed form (basis=raw, l2=0.01)...
  Training MSE: 0.0191

Features Ranked by Differentiation Strength:
================================================================================
 1. Age                            - Score: 1.0000
 2. Cement                         - Score: 0.7139
 3. Water                          - Score: 0.5135
 4. Superplasticizer               - Score: 0.5103
 5. FineAgg                        - Score: 0.3336
 6. CoarseAgg                      - Score: 0.3301
 7. Slag                           - Score: 0.3289
 8. FlyAsh                         - Score: 0.2275
================================================================================

Solving 0th consequents in closed form (basis=raw, l2=0.01)...
  Training MSE: 0.0203

Features Ranked by Differentiation Strength:
================================================================================
 1. Age                            - Score: 1.0000
 2. Cement                         - Score: 0.7513
 3. Water                          - Score: 0.5082
 4. Superplasticizer               - Score: 0.5082
 5. CoarseAgg                      - Score: 0.3429
 6. FineAgg                        - Score: 0.2825
 7. Slag                           - Score: 0.2803
 8. FlyAsh                         - Score: 0.2082
================================================================================

Solving 0th consequents in closed form (basis=raw, l2=0.01)...
  Training MSE: 0.0276

Features Ranked by Differentiation Strength:
================================================================================
 1. Age                            - Score: 1.0000
 2. Cement                         - Score: 0.7824
 3. Water                          - Score: 0.5058
 4. Superplasticizer               - Score: 0.4725
 5. FineAgg                        - Score: 0.3475
 6. CoarseAgg                      - Score: 0.3286
 7. Slag                           - Score: 0.2992
 8. FlyAsh                         - Score: 0.2030
================================================================================

Solving 0th consequents in closed form (basis=raw, l2=0.01)...
  Training MSE: 0.0266

Features Ranked by Differentiation Strength:
================================================================================
 1. Age                            - Score: 1.0000
 2. Cement                         - Score: 0.8143
 3. Water                          - Score: 0.4987
 4. Superplasticizer               - Score: 0.4781
 5. FineAgg                        - Score: 0.3462
 6. CoarseAgg                      - Score: 0.3388
 7. Slag                           - Score: 0.3054
 8. FlyAsh                         - Score: 0.2113
================================================================================

Solving 0th consequents in closed form (basis=raw, l2=0.01)...
  Training MSE: 0.0245

Features Ranked by Differentiation Strength:
================================================================================
 1. Age                            - Score: 1.0000
 2. Cement                         - Score: 0.8139
 3. Superplasticizer               - Score: 0.5252
 4. Water                          - Score: 0.5231
 5. CoarseAgg                      - Score: 0.3713
 6. Slag                           - Score: 0.3458
 7. FineAgg                        - Score: 0.3387
 8. FlyAsh                         - Score: 0.2568
================================================================================

Solving 0th consequents in closed form (basis=raw, l2=0.01)...
  Training MSE: 0.0263

Features Ranked by Differentiation Strength:
================================================================================
 1. Age                            - Score: 1.0000
 2. Cement                         - Score: 0.7864
 3. Water                          - Score: 0.4913
 4. Superplasticizer               - Score: 0.4897
 5. CoarseAgg                      - Score: 0.3190
 6. FineAgg                        - Score: 0.3070
 7. Slag                           - Score: 0.2898
 8. FlyAsh                         - Score: 0.2403
================================================================================

Solving 0th consequents in closed form (basis=raw, l2=0.01)...
  Training MSE: 0.0237

Features Ranked by Differentiation Strength:
================================================================================
 1. Age                            - Score: 1.0000
 2. Cement                         - Score: 0.7461
 3. Superplasticizer               - Score: 0.5041
 4. Water                          - Score: 0.4924
 5. CoarseAgg                      - Score: 0.3253
 6. Slag                           - Score: 0.3172
 7. FineAgg                        - Score: 0.3166
 8. FlyAsh                         - Score: 0.1940
================================================================================

Solving 0th consequents in closed form (basis=raw, l2=0.01)...
  Training MSE: 0.0278

Features Ranked by Differentiation Strength:
================================================================================
 1. Age                            - Score: 1.0000
 2. Cement                         - Score: 0.7596
 3. Water                          - Score: 0.4956
 4. Superplasticizer               - Score: 0.4830
 5. Slag                           - Score: 0.3569
 6. FineAgg                        - Score: 0.3296
 7. CoarseAgg                      - Score: 0.3247
 8. FlyAsh                         - Score: 0.2088
================================================================================

Solving 0th consequents in closed form (basis=raw, l2=0.01)...
  Training MSE: 0.0174

Features Ranked by Differentiation Strength:
================================================================================
 1. Age                            - Score: 1.0000
 2. Cement                         - Score: 0.8003
 3. Water                          - Score: 0.4840
 4. Superplasticizer               - Score: 0.4594
 5. FineAgg                        - Score: 0.3423
 6. Slag                           - Score: 0.3389
 7. CoarseAgg                      - Score: 0.3171
 8. FlyAsh                         - Score: 0.2050
================================================================================

Solving 0th consequents in closed form (basis=raw, l2=0.01)...
  Training MSE: 0.0277

Features Ranked by Differentiation Strength:
================================================================================
 1. Age                            - Score: 1.0000
 2. Cement                         - Score: 0.8251
 3. Superplasticizer               - Score: 0.5365
 4. Water                          - Score: 0.5179
 5. CoarseAgg                      - Score: 0.3323
 6. FineAgg                        - Score: 0.3036
 7. Slag                           - Score: 0.2926
 8. FlyAsh                         - Score: 0.2400
================================================================================

Solving 0th consequents in closed form (basis=raw, l2=0.01)...
  Training MSE: 0.0200
  done: n=6 0th

Features Ranked by Differentiation Strength:
================================================================================
 1. Age                            - Score: 1.0000
 2. Cement                         - Score: 0.8676
 3. Water                          - Score: 0.6860
 4. Superplasticizer               - Score: 0.5891
 5. Slag                           - Score: 0.4092
 6. FineAgg                        - Score: 0.3771
 7. FlyAsh                         - Score: 0.3578
 8. CoarseAgg                      - Score: 0.3123
================================================================================

Solving 1st consequents in closed form (basis=raw, l2=0.01)...
  Training MSE: 0.0063

Features Ranked by Differentiation Strength:
================================================================================
 1. Age                            - Score: 1.0000
 2. Cement                         - Score: 0.9157
 3. Water                          - Score: 0.6734
 4. Superplasticizer               - Score: 0.5584
 5. FlyAsh                         - Score: 0.3892
 6. Slag                           - Score: 0.3730
 7. CoarseAgg                      - Score: 0.3351
 8. FineAgg                        - Score: 0.3030
================================================================================

Solving 1st consequents in closed form (basis=raw, l2=0.01)...
  Training MSE: 0.0064

Features Ranked by Differentiation Strength:
================================================================================
 1. Age                            - Score: 1.0000
 2. Cement                         - Score: 0.9523
 3. Water                          - Score: 0.6966
 4. Superplasticizer               - Score: 0.5468
 5. Slag                           - Score: 0.3606
 6. FineAgg                        - Score: 0.3401
 7. FlyAsh                         - Score: 0.3372
 8. CoarseAgg                      - Score: 0.3062
================================================================================

Solving 1st consequents in closed form (basis=raw, l2=0.01)...
  Training MSE: 0.0060

Features Ranked by Differentiation Strength:
================================================================================
 1. Age                            - Score: 1.0000
 2. Cement                         - Score: 0.9607
 3. Water                          - Score: 0.7011
 4. Superplasticizer               - Score: 0.5353
 5. FlyAsh                         - Score: 0.3892
 6. Slag                           - Score: 0.3416
 7. FineAgg                        - Score: 0.3329
 8. CoarseAgg                      - Score: 0.2898
================================================================================

Solving 1st consequents in closed form (basis=raw, l2=0.01)...
  Training MSE: 0.0058

Features Ranked by Differentiation Strength:
================================================================================
 1. Cement                         - Score: 1.0000
 2. Age                            - Score: 0.9728
 3. Water                          - Score: 0.7067
 4. Superplasticizer               - Score: 0.5812
 5. Slag                           - Score: 0.3938
 6. FlyAsh                         - Score: 0.3707
 7. CoarseAgg                      - Score: 0.3540
 8. FineAgg                        - Score: 0.3287
================================================================================

Solving 1st consequents in closed form (basis=raw, l2=0.01)...
  Training MSE: 0.0067

Features Ranked by Differentiation Strength:
================================================================================
 1. Age                            - Score: 1.0000
 2. Cement                         - Score: 0.9271
 3. Water                          - Score: 0.6476
 4. Superplasticizer               - Score: 0.5390
 5. FlyAsh                         - Score: 0.3630
 6. Slag                           - Score: 0.3443
 7. FineAgg                        - Score: 0.3197
 8. CoarseAgg                      - Score: 0.2876
================================================================================

Solving 1st consequents in closed form (basis=raw, l2=0.01)...
  Training MSE: 0.0063

Features Ranked by Differentiation Strength:
================================================================================
 1. Age                            - Score: 1.0000
 2. Cement                         - Score: 0.9540
 3. Water                          - Score: 0.6355
 4. Superplasticizer               - Score: 0.5369
 5. Slag                           - Score: 0.3451
 6. FineAgg                        - Score: 0.3260
 7. FlyAsh                         - Score: 0.3130
 8. CoarseAgg                      - Score: 0.3124
================================================================================

Solving 1st consequents in closed form (basis=raw, l2=0.01)...
  Training MSE: 0.0064

Features Ranked by Differentiation Strength:
================================================================================
 1. Age                            - Score: 1.0000
 2. Cement                         - Score: 0.9083
 3. Water                          - Score: 0.6684
 4. Superplasticizer               - Score: 0.5515
 5. Slag                           - Score: 0.4272
 6. FlyAsh                         - Score: 0.3588
 7. FineAgg                        - Score: 0.3561
 8. CoarseAgg                      - Score: 0.3008
================================================================================

Solving 1st consequents in closed form (basis=raw, l2=0.01)...
  Training MSE: 0.0060

Features Ranked by Differentiation Strength:
================================================================================
 1. Age                            - Score: 1.0000
 2. Cement                         - Score: 0.9265
 3. Water                          - Score: 0.6539
 4. Superplasticizer               - Score: 0.5298
 5. Slag                           - Score: 0.3946
 6. FineAgg                        - Score: 0.3726
 7. FlyAsh                         - Score: 0.3252
 8. CoarseAgg                      - Score: 0.2950
================================================================================

Solving 1st consequents in closed form (basis=raw, l2=0.01)...
  Training MSE: 0.0068

Features Ranked by Differentiation Strength:
================================================================================
 1. Age                            - Score: 1.0000
 2. Cement                         - Score: 0.9380
 3. Water                          - Score: 0.6635
 4. Superplasticizer               - Score: 0.5548
 5. FlyAsh                         - Score: 0.3920
 6. Slag                           - Score: 0.3698
 7. FineAgg                        - Score: 0.3142
 8. CoarseAgg                      - Score: 0.3135
================================================================================

Solving 1st consequents in closed form (basis=raw, l2=0.01)...
  Training MSE: 0.0061

Features Ranked by Differentiation Strength:
================================================================================
 1. Age                            - Score: 1.0000
 2. Cement                         - Score: 0.7139
 3. Water                          - Score: 0.5135
 4. Superplasticizer               - Score: 0.5103
 5. FineAgg                        - Score: 0.3336
 6. CoarseAgg                      - Score: 0.3301
 7. Slag                           - Score: 0.3289
 8. FlyAsh                         - Score: 0.2275
================================================================================

Solving 1st consequents in closed form (basis=raw, l2=0.01)...
  Training MSE: 0.0067

Features Ranked by Differentiation Strength:
================================================================================
 1. Age                            - Score: 1.0000
 2. Cement                         - Score: 0.7513
 3. Water                          - Score: 0.5082
 4. Superplasticizer               - Score: 0.5082
 5. CoarseAgg                      - Score: 0.3429
 6. FineAgg                        - Score: 0.2825
 7. Slag                           - Score: 0.2803
 8. FlyAsh                         - Score: 0.2082
================================================================================

Solving 1st consequents in closed form (basis=raw, l2=0.01)...
  Training MSE: 0.0068

Features Ranked by Differentiation Strength:
================================================================================
 1. Age                            - Score: 1.0000
 2. Cement                         - Score: 0.7824
 3. Water                          - Score: 0.5058
 4. Superplasticizer               - Score: 0.4725
 5. FineAgg                        - Score: 0.3475
 6. CoarseAgg                      - Score: 0.3286
 7. Slag                           - Score: 0.2992
 8. FlyAsh                         - Score: 0.2030
================================================================================

Solving 1st consequents in closed form (basis=raw, l2=0.01)...
  Training MSE: 0.0061

Features Ranked by Differentiation Strength:
================================================================================
 1. Age                            - Score: 1.0000
 2. Cement                         - Score: 0.8143
 3. Water                          - Score: 0.4987
 4. Superplasticizer               - Score: 0.4781
 5. FineAgg                        - Score: 0.3462
 6. CoarseAgg                      - Score: 0.3388
 7. Slag                           - Score: 0.3054
 8. FlyAsh                         - Score: 0.2113
================================================================================

Solving 1st consequents in closed form (basis=raw, l2=0.01)...
  Training MSE: 0.0065

Features Ranked by Differentiation Strength:
================================================================================
 1. Age                            - Score: 1.0000
 2. Cement                         - Score: 0.8139
 3. Superplasticizer               - Score: 0.5252
 4. Water                          - Score: 0.5231
 5. CoarseAgg                      - Score: 0.3713
 6. Slag                           - Score: 0.3458
 7. FineAgg                        - Score: 0.3387
 8. FlyAsh                         - Score: 0.2568
================================================================================

Solving 1st consequents in closed form (basis=raw, l2=0.01)...
  Training MSE: 0.0061

Features Ranked by Differentiation Strength:
================================================================================
 1. Age                            - Score: 1.0000
 2. Cement                         - Score: 0.7864
 3. Water                          - Score: 0.4913
 4. Superplasticizer               - Score: 0.4897
 5. CoarseAgg                      - Score: 0.3190
 6. FineAgg                        - Score: 0.3070
 7. Slag                           - Score: 0.2898
 8. FlyAsh                         - Score: 0.2403
================================================================================

Solving 1st consequents in closed form (basis=raw, l2=0.01)...
  Training MSE: 0.0064

Features Ranked by Differentiation Strength:
================================================================================
 1. Age                            - Score: 1.0000
 2. Cement                         - Score: 0.7461
 3. Superplasticizer               - Score: 0.5041
 4. Water                          - Score: 0.4924
 5. CoarseAgg                      - Score: 0.3253
 6. Slag                           - Score: 0.3172
 7. FineAgg                        - Score: 0.3166
 8. FlyAsh                         - Score: 0.1940
================================================================================

Solving 1st consequents in closed form (basis=raw, l2=0.01)...
  Training MSE: 0.0066

Features Ranked by Differentiation Strength:
================================================================================
 1. Age                            - Score: 1.0000
 2. Cement                         - Score: 0.7596
 3. Water                          - Score: 0.4956
 4. Superplasticizer               - Score: 0.4830
 5. Slag                           - Score: 0.3569
 6. FineAgg                        - Score: 0.3296
 7. CoarseAgg                      - Score: 0.3247
 8. FlyAsh                         - Score: 0.2088
================================================================================

Solving 1st consequents in closed form (basis=raw, l2=0.01)...
  Training MSE: 0.0065

Features Ranked by Differentiation Strength:
================================================================================
 1. Age                            - Score: 1.0000
 2. Cement                         - Score: 0.8003
 3. Water                          - Score: 0.4840
 4. Superplasticizer               - Score: 0.4594
 5. FineAgg                        - Score: 0.3423
 6. Slag                           - Score: 0.3389
 7. CoarseAgg                      - Score: 0.3171
 8. FlyAsh                         - Score: 0.2050
================================================================================

Solving 1st consequents in closed form (basis=raw, l2=0.01)...
  Training MSE: 0.0067

Features Ranked by Differentiation Strength:
================================================================================
 1. Age                            - Score: 1.0000
 2. Cement                         - Score: 0.8251
 3. Superplasticizer               - Score: 0.5365
 4. Water                          - Score: 0.5179
 5. CoarseAgg                      - Score: 0.3323
 6. FineAgg                        - Score: 0.3036
 7. Slag                           - Score: 0.2926
 8. FlyAsh                         - Score: 0.2400
================================================================================

Solving 1st consequents in closed form (basis=raw, l2=0.01)...
  Training MSE: 0.0068

Features Ranked by Differentiation Strength:
================================================================================
 1. Age                            - Score: 1.0000
 2. Cement                         - Score: 0.7139
 3. Water                          - Score: 0.5135
 4. Superplasticizer               - Score: 0.5103
 5. FineAgg                        - Score: 0.3336
 6. CoarseAgg                      - Score: 0.3301
 7. Slag                           - Score: 0.3289
 8. FlyAsh                         - Score: 0.2275
================================================================================

Solving 1st consequents in closed form (basis=raw, l2=0.01)...
  Training MSE: 0.0066

Features Ranked by Differentiation Strength:
================================================================================
 1. Age                            - Score: 1.0000
 2. Cement                         - Score: 0.7513
 3. Water                          - Score: 0.5082
 4. Superplasticizer               - Score: 0.5082
 5. CoarseAgg                      - Score: 0.3429
 6. FineAgg                        - Score: 0.2825
 7. Slag                           - Score: 0.2803
 8. FlyAsh                         - Score: 0.2082
================================================================================

Solving 1st consequents in closed form (basis=raw, l2=0.01)...
  Training MSE: 0.0067

Features Ranked by Differentiation Strength:
================================================================================
 1. Age                            - Score: 1.0000
 2. Cement                         - Score: 0.7824
 3. Water                          - Score: 0.5058
 4. Superplasticizer               - Score: 0.4725
 5. FineAgg                        - Score: 0.3475
 6. CoarseAgg                      - Score: 0.3286
 7. Slag                           - Score: 0.2992
 8. FlyAsh                         - Score: 0.2030
================================================================================

Solving 1st consequents in closed form (basis=raw, l2=0.01)...
  Training MSE: 0.0060

Features Ranked by Differentiation Strength:
================================================================================
 1. Age                            - Score: 1.0000
 2. Cement                         - Score: 0.8143
 3. Water                          - Score: 0.4987
 4. Superplasticizer               - Score: 0.4781
 5. FineAgg                        - Score: 0.3462
 6. CoarseAgg                      - Score: 0.3388
 7. Slag                           - Score: 0.3054
 8. FlyAsh                         - Score: 0.2113
================================================================================

Solving 1st consequents in closed form (basis=raw, l2=0.01)...
  Training MSE: 0.0065

Features Ranked by Differentiation Strength:
================================================================================
 1. Age                            - Score: 1.0000
 2. Cement                         - Score: 0.8139
 3. Superplasticizer               - Score: 0.5252
 4. Water                          - Score: 0.5231
 5. CoarseAgg                      - Score: 0.3713
 6. Slag                           - Score: 0.3458
 7. FineAgg                        - Score: 0.3387
 8. FlyAsh                         - Score: 0.2568
================================================================================

Solving 1st consequents in closed form (basis=raw, l2=0.01)...
  Training MSE: 0.0061

Features Ranked by Differentiation Strength:
================================================================================
 1. Age                            - Score: 1.0000
 2. Cement                         - Score: 0.7864
 3. Water                          - Score: 0.4913
 4. Superplasticizer               - Score: 0.4897
 5. CoarseAgg                      - Score: 0.3190
 6. FineAgg                        - Score: 0.3070
 7. Slag                           - Score: 0.2898
 8. FlyAsh                         - Score: 0.2403
================================================================================

Solving 1st consequents in closed form (basis=raw, l2=0.01)...
  Training MSE: 0.0063

Features Ranked by Differentiation Strength:
================================================================================
 1. Age                            - Score: 1.0000
 2. Cement                         - Score: 0.7461
 3. Superplasticizer               - Score: 0.5041
 4. Water                          - Score: 0.4924
 5. CoarseAgg                      - Score: 0.3253
 6. Slag                           - Score: 0.3172
 7. FineAgg                        - Score: 0.3166
 8. FlyAsh                         - Score: 0.1940
================================================================================

Solving 1st consequents in closed form (basis=raw, l2=0.01)...
  Training MSE: 0.0066

Features Ranked by Differentiation Strength:
================================================================================
 1. Age                            - Score: 1.0000
 2. Cement                         - Score: 0.7596
 3. Water                          - Score: 0.4956
 4. Superplasticizer               - Score: 0.4830
 5. Slag                           - Score: 0.3569
 6. FineAgg                        - Score: 0.3296
 7. CoarseAgg                      - Score: 0.3247
 8. FlyAsh                         - Score: 0.2088
================================================================================

Solving 1st consequents in closed form (basis=raw, l2=0.01)...
  Training MSE: 0.0065

Features Ranked by Differentiation Strength:
================================================================================
 1. Age                            - Score: 1.0000
 2. Cement                         - Score: 0.8003
 3. Water                          - Score: 0.4840
 4. Superplasticizer               - Score: 0.4594
 5. FineAgg                        - Score: 0.3423
 6. Slag                           - Score: 0.3389
 7. CoarseAgg                      - Score: 0.3171
 8. FlyAsh                         - Score: 0.2050
================================================================================

Solving 1st consequents in closed form (basis=raw, l2=0.01)...
  Training MSE: 0.0067

Features Ranked by Differentiation Strength:
================================================================================
 1. Age                            - Score: 1.0000
 2. Cement                         - Score: 0.8251
 3. Superplasticizer               - Score: 0.5365
 4. Water                          - Score: 0.5179
 5. CoarseAgg                      - Score: 0.3323
 6. FineAgg                        - Score: 0.3036
 7. Slag                           - Score: 0.2926
 8. FlyAsh                         - Score: 0.2400
================================================================================

Solving 1st consequents in closed form (basis=raw, l2=0.01)...
  Training MSE: 0.0068
  done: n=6 1st

Features Ranked by Differentiation Strength:
================================================================================
 1. Age                            - Score: 1.0000
 2. Cement                         - Score: 0.8676
 3. Water                          - Score: 0.6860
 4. Superplasticizer               - Score: 0.5891
 5. Slag                           - Score: 0.4092
 6. FineAgg                        - Score: 0.3771
 7. FlyAsh                         - Score: 0.3578
 8. CoarseAgg                      - Score: 0.3123
================================================================================

Solving 2nd consequents in closed form (basis=raw, l2=0.01)...
  Training MSE: 0.0045

Features Ranked by Differentiation Strength:
================================================================================
 1. Age                            - Score: 1.0000
 2. Cement                         - Score: 0.9157
 3. Water                          - Score: 0.6734
 4. Superplasticizer               - Score: 0.5584
 5. FlyAsh                         - Score: 0.3892
 6. Slag                           - Score: 0.3730
 7. CoarseAgg                      - Score: 0.3351
 8. FineAgg                        - Score: 0.3030
================================================================================

Solving 2nd consequents in closed form (basis=raw, l2=0.01)...
  Training MSE: 0.0046

Features Ranked by Differentiation Strength:
================================================================================
 1. Age                            - Score: 1.0000
 2. Cement                         - Score: 0.9523
 3. Water                          - Score: 0.6966
 4. Superplasticizer               - Score: 0.5468
 5. Slag                           - Score: 0.3606
 6. FineAgg                        - Score: 0.3401
 7. FlyAsh                         - Score: 0.3372
 8. CoarseAgg                      - Score: 0.3062
================================================================================

Solving 2nd consequents in closed form (basis=raw, l2=0.01)...
  Training MSE: 0.0043

Features Ranked by Differentiation Strength:
================================================================================
 1. Age                            - Score: 1.0000
 2. Cement                         - Score: 0.9607
 3. Water                          - Score: 0.7011
 4. Superplasticizer               - Score: 0.5353
 5. FlyAsh                         - Score: 0.3892
 6. Slag                           - Score: 0.3416
 7. FineAgg                        - Score: 0.3329
 8. CoarseAgg                      - Score: 0.2898
================================================================================

Solving 2nd consequents in closed form (basis=raw, l2=0.01)...
  Training MSE: 0.0042

Features Ranked by Differentiation Strength:
================================================================================
 1. Cement                         - Score: 1.0000
 2. Age                            - Score: 0.9728
 3. Water                          - Score: 0.7067
 4. Superplasticizer               - Score: 0.5812
 5. Slag                           - Score: 0.3938
 6. FlyAsh                         - Score: 0.3707
 7. CoarseAgg                      - Score: 0.3540
 8. FineAgg                        - Score: 0.3287
================================================================================

Solving 2nd consequents in closed form (basis=raw, l2=0.01)...
  Training MSE: 0.0045

Features Ranked by Differentiation Strength:
================================================================================
 1. Age                            - Score: 1.0000
 2. Cement                         - Score: 0.9271
 3. Water                          - Score: 0.6476
 4. Superplasticizer               - Score: 0.5390
 5. FlyAsh                         - Score: 0.3630
 6. Slag                           - Score: 0.3443
 7. FineAgg                        - Score: 0.3197
 8. CoarseAgg                      - Score: 0.2876
================================================================================

Solving 2nd consequents in closed form (basis=raw, l2=0.01)...
  Training MSE: 0.0047

Features Ranked by Differentiation Strength:
================================================================================
 1. Age                            - Score: 1.0000
 2. Cement                         - Score: 0.9540
 3. Water                          - Score: 0.6355
 4. Superplasticizer               - Score: 0.5369
 5. Slag                           - Score: 0.3451
 6. FineAgg                        - Score: 0.3260
 7. FlyAsh                         - Score: 0.3130
 8. CoarseAgg                      - Score: 0.3124
================================================================================

Solving 2nd consequents in closed form (basis=raw, l2=0.01)...
  Training MSE: 0.0046

Features Ranked by Differentiation Strength:
================================================================================
 1. Age                            - Score: 1.0000
 2. Cement                         - Score: 0.9083
 3. Water                          - Score: 0.6684
 4. Superplasticizer               - Score: 0.5515
 5. Slag                           - Score: 0.4272
 6. FlyAsh                         - Score: 0.3588
 7. FineAgg                        - Score: 0.3561
 8. CoarseAgg                      - Score: 0.3008
================================================================================

Solving 2nd consequents in closed form (basis=raw, l2=0.01)...
  Training MSE: 0.0045

Features Ranked by Differentiation Strength:
================================================================================
 1. Age                            - Score: 1.0000
 2. Cement                         - Score: 0.9265
 3. Water                          - Score: 0.6539
 4. Superplasticizer               - Score: 0.5298
 5. Slag                           - Score: 0.3946
 6. FineAgg                        - Score: 0.3726
 7. FlyAsh                         - Score: 0.3252
 8. CoarseAgg                      - Score: 0.2950
================================================================================

Solving 2nd consequents in closed form (basis=raw, l2=0.01)...
  Training MSE: 0.0051

Features Ranked by Differentiation Strength:
================================================================================
 1. Age                            - Score: 1.0000
 2. Cement                         - Score: 0.9380
 3. Water                          - Score: 0.6635
 4. Superplasticizer               - Score: 0.5548
 5. FlyAsh                         - Score: 0.3920
 6. Slag                           - Score: 0.3698
 7. FineAgg                        - Score: 0.3142
 8. CoarseAgg                      - Score: 0.3135
================================================================================

Solving 2nd consequents in closed form (basis=raw, l2=0.01)...
  Training MSE: 0.0045

Features Ranked by Differentiation Strength:
================================================================================
 1. Age                            - Score: 1.0000
 2. Cement                         - Score: 0.7139
 3. Water                          - Score: 0.5135
 4. Superplasticizer               - Score: 0.5103
 5. FineAgg                        - Score: 0.3336
 6. CoarseAgg                      - Score: 0.3301
 7. Slag                           - Score: 0.3289
 8. FlyAsh                         - Score: 0.2275
================================================================================

Solving 2nd consequents in closed form (basis=raw, l2=0.01)...
  Training MSE: 0.0043

Features Ranked by Differentiation Strength:
================================================================================
 1. Age                            - Score: 1.0000
 2. Cement                         - Score: 0.7513
 3. Water                          - Score: 0.5082
 4. Superplasticizer               - Score: 0.5082
 5. CoarseAgg                      - Score: 0.3429
 6. FineAgg                        - Score: 0.2825
 7. Slag                           - Score: 0.2803
 8. FlyAsh                         - Score: 0.2082
================================================================================

Solving 2nd consequents in closed form (basis=raw, l2=0.01)...
  Training MSE: 0.0042

Features Ranked by Differentiation Strength:
================================================================================
 1. Age                            - Score: 1.0000
 2. Cement                         - Score: 0.7824
 3. Water                          - Score: 0.5058
 4. Superplasticizer               - Score: 0.4725
 5. FineAgg                        - Score: 0.3475
 6. CoarseAgg                      - Score: 0.3286
 7. Slag                           - Score: 0.2992
 8. FlyAsh                         - Score: 0.2030
================================================================================

Solving 2nd consequents in closed form (basis=raw, l2=0.01)...
  Training MSE: 0.0040

Features Ranked by Differentiation Strength:
================================================================================
 1. Age                            - Score: 1.0000
 2. Cement                         - Score: 0.8143
 3. Water                          - Score: 0.4987
 4. Superplasticizer               - Score: 0.4781
 5. FineAgg                        - Score: 0.3462
 6. CoarseAgg                      - Score: 0.3388
 7. Slag                           - Score: 0.3054
 8. FlyAsh                         - Score: 0.2113
================================================================================

Solving 2nd consequents in closed form (basis=raw, l2=0.01)...
  Training MSE: 0.0042

Features Ranked by Differentiation Strength:
================================================================================
 1. Age                            - Score: 1.0000
 2. Cement                         - Score: 0.8139
 3. Superplasticizer               - Score: 0.5252
 4. Water                          - Score: 0.5231
 5. CoarseAgg                      - Score: 0.3713
 6. Slag                           - Score: 0.3458
 7. FineAgg                        - Score: 0.3387
 8. FlyAsh                         - Score: 0.2568
================================================================================

Solving 2nd consequents in closed form (basis=raw, l2=0.01)...
  Training MSE: 0.0042

Features Ranked by Differentiation Strength:
================================================================================
 1. Age                            - Score: 1.0000
 2. Cement                         - Score: 0.7864
 3. Water                          - Score: 0.4913
 4. Superplasticizer               - Score: 0.4897
 5. CoarseAgg                      - Score: 0.3190
 6. FineAgg                        - Score: 0.3070
 7. Slag                           - Score: 0.2898
 8. FlyAsh                         - Score: 0.2403
================================================================================

Solving 2nd consequents in closed form (basis=raw, l2=0.01)...
  Training MSE: 0.0045

Features Ranked by Differentiation Strength:
================================================================================
 1. Age                            - Score: 1.0000
 2. Cement                         - Score: 0.7461
 3. Superplasticizer               - Score: 0.5041
 4. Water                          - Score: 0.4924
 5. CoarseAgg                      - Score: 0.3253
 6. Slag                           - Score: 0.3172
 7. FineAgg                        - Score: 0.3166
 8. FlyAsh                         - Score: 0.1940
================================================================================

Solving 2nd consequents in closed form (basis=raw, l2=0.01)...
  Training MSE: 0.0049

Features Ranked by Differentiation Strength:
================================================================================
 1. Age                            - Score: 1.0000
 2. Cement                         - Score: 0.7596
 3. Water                          - Score: 0.4956
 4. Superplasticizer               - Score: 0.4830
 5. Slag                           - Score: 0.3569
 6. FineAgg                        - Score: 0.3296
 7. CoarseAgg                      - Score: 0.3247
 8. FlyAsh                         - Score: 0.2088
================================================================================

Solving 2nd consequents in closed form (basis=raw, l2=0.01)...
  Training MSE: 0.0045

Features Ranked by Differentiation Strength:
================================================================================
 1. Age                            - Score: 1.0000
 2. Cement                         - Score: 0.8003
 3. Water                          - Score: 0.4840
 4. Superplasticizer               - Score: 0.4594
 5. FineAgg                        - Score: 0.3423
 6. Slag                           - Score: 0.3389
 7. CoarseAgg                      - Score: 0.3171
 8. FlyAsh                         - Score: 0.2050
================================================================================

Solving 2nd consequents in closed form (basis=raw, l2=0.01)...
  Training MSE: 0.0048

Features Ranked by Differentiation Strength:
================================================================================
 1. Age                            - Score: 1.0000
 2. Cement                         - Score: 0.8251
 3. Superplasticizer               - Score: 0.5365
 4. Water                          - Score: 0.5179
 5. CoarseAgg                      - Score: 0.3323
 6. FineAgg                        - Score: 0.3036
 7. Slag                           - Score: 0.2926
 8. FlyAsh                         - Score: 0.2400
================================================================================

Solving 2nd consequents in closed form (basis=raw, l2=0.01)...
  Training MSE: 0.0043

Features Ranked by Differentiation Strength:
================================================================================
 1. Age                            - Score: 1.0000
 2. Cement                         - Score: 0.7139
 3. Water                          - Score: 0.5135
 4. Superplasticizer               - Score: 0.5103
 5. FineAgg                        - Score: 0.3336
 6. CoarseAgg                      - Score: 0.3301
 7. Slag                           - Score: 0.3289
 8. FlyAsh                         - Score: 0.2275
================================================================================

Solving 2nd consequents in closed form (basis=raw, l2=0.01)...
  Training MSE: 0.0043

Features Ranked by Differentiation Strength:
================================================================================
 1. Age                            - Score: 1.0000
 2. Cement                         - Score: 0.7513
 3. Water                          - Score: 0.5082
 4. Superplasticizer               - Score: 0.5082
 5. CoarseAgg                      - Score: 0.3429
 6. FineAgg                        - Score: 0.2825
 7. Slag                           - Score: 0.2803
 8. FlyAsh                         - Score: 0.2082
================================================================================

Solving 2nd consequents in closed form (basis=raw, l2=0.01)...
  Training MSE: 0.0042

Features Ranked by Differentiation Strength:
================================================================================
 1. Age                            - Score: 1.0000
 2. Cement                         - Score: 0.7824
 3. Water                          - Score: 0.5058
 4. Superplasticizer               - Score: 0.4725
 5. FineAgg                        - Score: 0.3475
 6. CoarseAgg                      - Score: 0.3286
 7. Slag                           - Score: 0.2992
 8. FlyAsh                         - Score: 0.2030
================================================================================

Solving 2nd consequents in closed form (basis=raw, l2=0.01)...
  Training MSE: 0.0040

Features Ranked by Differentiation Strength:
================================================================================
 1. Age                            - Score: 1.0000
 2. Cement                         - Score: 0.8143
 3. Water                          - Score: 0.4987
 4. Superplasticizer               - Score: 0.4781
 5. FineAgg                        - Score: 0.3462
 6. CoarseAgg                      - Score: 0.3388
 7. Slag                           - Score: 0.3054
 8. FlyAsh                         - Score: 0.2113
================================================================================

Solving 2nd consequents in closed form (basis=raw, l2=0.01)...
  Training MSE: 0.0042

Features Ranked by Differentiation Strength:
================================================================================
 1. Age                            - Score: 1.0000
 2. Cement                         - Score: 0.8139
 3. Superplasticizer               - Score: 0.5252
 4. Water                          - Score: 0.5231
 5. CoarseAgg                      - Score: 0.3713
 6. Slag                           - Score: 0.3458
 7. FineAgg                        - Score: 0.3387
 8. FlyAsh                         - Score: 0.2568
================================================================================

Solving 2nd consequents in closed form (basis=raw, l2=0.01)...
  Training MSE: 0.0042

Features Ranked by Differentiation Strength:
================================================================================
 1. Age                            - Score: 1.0000
 2. Cement                         - Score: 0.7864
 3. Water                          - Score: 0.4913
 4. Superplasticizer               - Score: 0.4897
 5. CoarseAgg                      - Score: 0.3190
 6. FineAgg                        - Score: 0.3070
 7. Slag                           - Score: 0.2898
 8. FlyAsh                         - Score: 0.2403
================================================================================

Solving 2nd consequents in closed form (basis=raw, l2=0.01)...
  Training MSE: 0.0045

Features Ranked by Differentiation Strength:
================================================================================
 1. Age                            - Score: 1.0000
 2. Cement                         - Score: 0.7461
 3. Superplasticizer               - Score: 0.5041
 4. Water                          - Score: 0.4924
 5. CoarseAgg                      - Score: 0.3253
 6. Slag                           - Score: 0.3172
 7. FineAgg                        - Score: 0.3166
 8. FlyAsh                         - Score: 0.1940
================================================================================

Solving 2nd consequents in closed form (basis=raw, l2=0.01)...
  Training MSE: 0.0049

Features Ranked by Differentiation Strength:
================================================================================
 1. Age                            - Score: 1.0000
 2. Cement                         - Score: 0.7596
 3. Water                          - Score: 0.4956
 4. Superplasticizer               - Score: 0.4830
 5. Slag                           - Score: 0.3569
 6. FineAgg                        - Score: 0.3296
 7. CoarseAgg                      - Score: 0.3247
 8. FlyAsh                         - Score: 0.2088
================================================================================

Solving 2nd consequents in closed form (basis=raw, l2=0.01)...
  Training MSE: 0.0045

Features Ranked by Differentiation Strength:
================================================================================
 1. Age                            - Score: 1.0000
 2. Cement                         - Score: 0.8003
 3. Water                          - Score: 0.4840
 4. Superplasticizer               - Score: 0.4594
 5. FineAgg                        - Score: 0.3423
 6. Slag                           - Score: 0.3389
 7. CoarseAgg                      - Score: 0.3171
 8. FlyAsh                         - Score: 0.2050
================================================================================

Solving 2nd consequents in closed form (basis=raw, l2=0.01)...
  Training MSE: 0.0048

Features Ranked by Differentiation Strength:
================================================================================
 1. Age                            - Score: 1.0000
 2. Cement                         - Score: 0.8251
 3. Superplasticizer               - Score: 0.5365
 4. Water                          - Score: 0.5179
 5. CoarseAgg                      - Score: 0.3323
 6. FineAgg                        - Score: 0.3036
 7. Slag                           - Score: 0.2926
 8. FlyAsh                         - Score: 0.2400
================================================================================

Solving 2nd consequents in closed form (basis=raw, l2=0.01)...
  Training MSE: 0.0044
  done: n=6 2nd
  wrote C:\personal\grad-school\reproduce\outputs\table_g5_output_partitioning.md
  wrote C:\personal\grad-school\reproduce\outputs\table_g5_output_partitioning.csv
