model,template,seed,n,auroc_entropy,auroc_fis,est_k20,est_k50,est_k100,est_k200,kg_std,kg_iqr,kg_range,kg_skew,kg_kurt,kg_mean,kg_cv,kg_bimod
smollm2,algorithm,0,152,0.8502423822714682,0.8108552631578948,0.72,0.8752,0.8708,0.8502423822714682,0.29392075953482116,0.3673260807991028,0.7275091290473938,-0.31066931282454585,0.3423161487905282,1.1551475869577816,0.25444433473167877,0.328070527379523
smollm2,conjecture,0,62,0.7939646201873048,0.7460978147762747,0.86,0.824,0.7939646201873048,0.7939646201873048,0.29392075953482116,0.3673260807991028,0.7275091290473938,-0.31066931282454585,0.3423161487905282,1.1551475869577816,0.25444433473167877,0.328070527379523
smollm2,constant,0,40,0.7625,0.8274999999999999,0.79,0.7625,0.7625,0.7625,0.29392075953482116,0.3673260807991028,0.7275091290473938,-0.31066931282454585,0.3423161487905282,1.1551475869577816,0.25444433473167877,0.328070527379523
smollm2,effect,0,56,0.8545918367346939,0.8112244897959183,0.76,0.88,0.8545918367346939,0.8545918367346939,0.29392075953482116,0.3673260807991028,0.7275091290473938,-0.31066931282454585,0.3423161487905282,1.1551475869577816,0.25444433473167877,0.328070527379523
smollm2,element,0,138,0.7288384793110689,0.7460617517328293,0.7000000000000001,0.7584,0.7080000000000001,0.7288384793110689,0.29392075953482116,0.3673260807991028,0.7275091290473938,-0.31066931282454585,0.3423161487905282,1.1551475869577816,0.25444433473167877,0.328070527379523
smollm2,experiment,0,48,0.814236111111111,0.771701388888889,0.87,0.814236111111111,0.814236111111111,0.814236111111111,0.29392075953482116,0.3673260807991028,0.7275091290473938,-0.31066931282454585,0.3423161487905282,1.1551475869577816,0.25444433473167877,0.328070527379523
smollm2,law,0,50,0.9952000000000001,0.7343999999999999,1.0,0.9952000000000001,0.9952000000000001,0.9952000000000001,0.29392075953482116,0.3673260807991028,0.7275091290473938,-0.31066931282454585,0.3423161487905282,1.1551475869577816,0.25444433473167877,0.328070527379523
smollm2,paradox,0,64,0.8251953125,0.6083984375,0.89,0.8656,0.8251953125,0.8251953125,0.29392075953482116,0.3673260807991028,0.7275091290473938,-0.31066931282454585,0.3423161487905282,1.1551475869577816,0.25444433473167877,0.328070527379523
smollm2,reaction,0,76,0.6419667590027701,0.6994459833795014,0.54,0.5888,0.6419667590027701,0.6419667590027701,0.29392075953482116,0.3673260807991028,0.7275091290473938,-0.31066931282454585,0.3423161487905282,1.1551475869577816,0.25444433473167877,0.328070527379523
smollm2,researcher,0,174,0.9236358832078213,0.8450918219051393,1.0,0.944,0.9156,0.9236358832078213,0.29392075953482116,0.3673260807991028,0.7275091290473938,-0.31066931282454585,0.3423161487905282,1.1551475869577816,0.25444433473167877,0.328070527379523
smollm2,theorem,0,64,0.9736328125,0.603515625,1.0,0.968,0.9736328125,0.9736328125,0.29392075953482116,0.3673260807991028,0.7275091290473938,-0.31066931282454585,0.3423161487905282,1.1551475869577816,0.25444433473167877,0.328070527379523
smollm2,algorithm,1,142,0.8321761555246975,0.8366395556437215,0.9400000000000001,0.8704000000000001,0.8136,0.8321761555246975,0.29114328881783147,0.38464754819869995,0.7409628748893736,-0.2338823334673303,0.09552733509705646,1.163206967191778,0.2502936251064743,0.34071769730773094
smollm2,conjecture,1,52,0.8343195266272189,0.8920118343195267,0.8300000000000001,0.8256,0.8343195266272189,0.8343195266272189,0.29114328881783147,0.38464754819869995,0.7409628748893736,-0.2338823334673303,0.09552733509705646,1.163206967191778,0.2502936251064743,0.34071769730773094
smollm2,constant,1,34,0.8096885813148789,0.8927335640138407,0.65,0.8096885813148789,0.8096885813148789,0.8096885813148789,0.29114328881783147,0.38464754819869995,0.7409628748893736,-0.2338823334673303,0.09552733509705646,1.163206967191778,0.2502936251064743,0.34071769730773094
smollm2,effect,1,72,0.8634259259259259,0.9390432098765432,0.9500000000000001,0.856,0.8634259259259259,0.8634259259259259,0.29114328881783147,0.38464754819869995,0.7409628748893736,-0.2338823334673303,0.09552733509705646,1.163206967191778,0.2502936251064743,0.34071769730773094
smollm2,element,1,150,0.7813333333333333,0.823111111111111,0.7600000000000001,0.7808,0.7824,0.7813333333333333,0.29114328881783147,0.38464754819869995,0.7409628748893736,-0.2338823334673303,0.09552733509705646,1.163206967191778,0.2502936251064743,0.34071769730773094
smollm2,experiment,1,36,0.8240740740740742,0.9537037037037037,0.78,0.8240740740740742,0.8240740740740742,0.8240740740740742,0.29114328881783147,0.38464754819869995,0.7409628748893736,-0.2338823334673303,0.09552733509705646,1.163206967191778,0.2502936251064743,0.34071769730773094
smollm2,law,1,50,0.9743999999999999,0.792,0.9400000000000001,0.9743999999999999,0.9743999999999999,0.9743999999999999,0.29114328881783147,0.38464754819869995,0.7409628748893736,-0.2338823334673303,0.09552733509705646,1.163206967191778,0.2502936251064743,0.34071769730773094
smollm2,paradox,1,68,0.9688581314878892,0.7763840830449827,0.95,0.9904,0.9688581314878892,0.9688581314878892,0.29114328881783147,0.38464754819869995,0.7409628748893736,-0.2338823334673303,0.09552733509705646,1.163206967191778,0.2502936251064743,0.34071769730773094
smollm2,reaction,1,70,0.6302040816326531,0.7714285714285714,0.48,0.6672,0.6302040816326531,0.6302040816326531,0.29114328881783147,0.38464754819869995,0.7409628748893736,-0.2338823334673303,0.09552733509705646,1.163206967191778,0.2502936251064743,0.34071769730773094
smollm2,researcher,1,186,0.9284310324893051,0.8914325355532432,0.9400000000000001,0.9168000000000001,0.9352,0.9284310324893051,0.29114328881783147,0.38464754819869995,0.7409628748893736,-0.2338823334673303,0.09552733509705646,1.163206967191778,0.2502936251064743,0.34071769730773094
smollm2,theorem,1,70,0.9461224489795919,0.6289795918367347,0.96,0.9584,0.9461224489795919,0.9461224489795919,0.29114328881783147,0.38464754819869995,0.7409628748893736,-0.2338823334673303,0.09552733509705646,1.163206967191778,0.2502936251064743,0.34071769730773094
smollm2,algorithm,2,148,0.8825785244704164,0.8649561723886049,0.9600000000000001,0.9568000000000001,0.8548,0.8825785244704164,0.29471545597276383,0.3817650079727173,0.7322071671485899,-0.24618601250938676,0.13100287856580506,1.1646980581463091,0.25304022244939767,0.3387437168062754
smollm2,conjecture,2,50,0.8592,0.684,0.81,0.8592,0.8592,0.8592,0.29471545597276383,0.3817650079727173,0.7322071671485899,-0.24618601250938676,0.13100287856580506,1.1646980581463091,0.25304022244939767,0.3387437168062754
smollm2,constant,2,48,0.7847222222222222,0.9131944444444444,0.82,0.7847222222222222,0.7847222222222222,0.7847222222222222,0.29471545597276383,0.3817650079727173,0.7322071671485899,-0.24618601250938676,0.13100287856580506,1.1646980581463091,0.25304022244939767,0.3387437168062754
smollm2,effect,2,62,0.8085327783558793,0.9583766909469303,0.93,0.8048,0.8085327783558793,0.8085327783558793,0.29471545597276383,0.3817650079727173,0.7322071671485899,-0.24618601250938676,0.13100287856580506,1.1646980581463091,0.25304022244939767,0.3387437168062754
smollm2,element,2,152,0.8093836565096953,0.8105090027700831,0.75,0.8160000000000001,0.7696,0.8093836565096953,0.29471545597276383,0.3817650079727173,0.7322071671485899,-0.24618601250938676,0.13100287856580506,1.1646980581463091,0.25304022244939767,0.3387437168062754
smollm2,experiment,2,34,0.7750865051903113,0.8961937716262975,0.8400000000000001,0.7750865051903113,0.7750865051903113,0.7750865051903113,0.29471545597276383,0.3817650079727173,0.7322071671485899,-0.24618601250938676,0.13100287856580506,1.1646980581463091,0.25304022244939767,0.3387437168062754
smollm2,law,2,56,0.9732142857142857,0.8418367346938775,0.93,0.976,0.9732142857142857,0.9732142857142857,0.29471545597276383,0.3817650079727173,0.7322071671485899,-0.24618601250938676,0.13100287856580506,1.1646980581463091,0.25304022244939767,0.3387437168062754
smollm2,paradox,2,68,0.8641868512110726,0.6288927335640139,0.9500000000000001,0.8768,0.8641868512110726,0.8641868512110726,0.29471545597276383,0.3817650079727173,0.7322071671485899,-0.24618601250938676,0.13100287856580506,1.1646980581463091,0.25304022244939767,0.3387437168062754
smollm2,reaction,2,62,0.6753381893860562,0.7174817898022893,0.8,0.6576,0.6753381893860562,0.6753381893860562,0.29471545597276383,0.3817650079727173,0.7322071671485899,-0.24618601250938676,0.13100287856580506,1.1646980581463091,0.25304022244939767,0.3387437168062754
smollm2,researcher,2,176,0.9229080578512397,0.9073476239669421,0.8799999999999999,0.9072,0.9228000000000001,0.9229080578512397,0.29471545597276383,0.3817650079727173,0.7322071671485899,-0.24618601250938676,0.13100287856580506,1.1646980581463091,0.25304022244939767,0.3387437168062754
smollm2,theorem,2,58,0.9548156956004757,0.6040428061831153,0.91,0.952,0.9548156956004757,0.9548156956004757,0.29471545597276383,0.3817650079727173,0.7322071671485899,-0.24618601250938676,0.13100287856580506,1.1646980581463091,0.25304022244939767,0.3387437168062754
smollm2,algorithm,3,138,0.9040117622348246,0.7659105229993699,0.9,0.9263999999999999,0.8924000000000001,0.9040117622348246,0.30244324420219654,0.3696746826171875,0.776659882068634,-0.3522775497741546,0.19924986229571218,1.1720957399162621,0.2580362965620604,0.35136345084247006
smollm2,conjecture,3,66,0.8613406795224977,0.844811753902663,0.8500000000000001,0.8624,0.8613406795224977,0.8613406795224977,0.30244324420219654,0.3696746826171875,0.776659882068634,-0.3522775497741546,0.19924986229571218,1.1720957399162621,0.2580362965620604,0.35136345084247006
smollm2,constant,3,48,0.732638888888889,0.8871527777777779,0.6300000000000001,0.732638888888889,0.732638888888889,0.732638888888889,0.30244324420219654,0.3696746826171875,0.776659882068634,-0.3522775497741546,0.19924986229571218,1.1720957399162621,0.2580362965620604,0.35136345084247006
smollm2,effect,3,56,0.8903061224489796,0.8718112244897959,0.9500000000000001,0.88,0.8903061224489796,0.8903061224489796,0.30244324420219654,0.3696746826171875,0.776659882068634,-0.3522775497741546,0.19924986229571218,1.1720957399162621,0.2580362965620604,0.35136345084247006
smollm2,element,3,134,0.7124081087101805,0.723769213633326,0.62,0.672,0.7192,0.7124081087101805,0.30244324420219654,0.3696746826171875,0.776659882068634,-0.3522775497741546,0.19924986229571218,1.1720957399162621,0.2580362965620604,0.35136345084247006
smollm2,experiment,3,32,0.87109375,0.9921875,0.99,0.87109375,0.87109375,0.87109375,0.30244324420219654,0.3696746826171875,0.776659882068634,-0.3522775497741546,0.19924986229571218,1.1720957399162621,0.2580362965620604,0.35136345084247006
smollm2,law,3,64,0.984375,0.83984375,1.0,0.9824,0.984375,0.984375,0.30244324420219654,0.3696746826171875,0.776659882068634,-0.3522775497741546,0.19924986229571218,1.1720957399162621,0.2580362965620604,0.35136345084247006
smollm2,paradox,3,62,0.8990634755463058,0.7273673257023932,0.98,0.8656000000000001,0.8990634755463058,0.8990634755463058,0.30244324420219654,0.3696746826171875,0.776659882068634,-0.3522775497741546,0.19924986229571218,1.1720957399162621,0.2580362965620604,0.35136345084247006
smollm2,reaction,3,58,0.6516052318668253,0.7217598097502972,0.49,0.6351999999999999,0.6516052318668253,0.6516052318668253,0.30244324420219654,0.3696746826171875,0.776659882068634,-0.3522775497741546,0.19924986229571218,1.1720957399162621,0.2580362965620604,0.35136345084247006
smollm2,researcher,3,186,0.9470459012602612,0.9155393687131461,0.97,0.9632000000000001,0.9496,0.9470459012602612,0.30244324420219654,0.3696746826171875,0.776659882068634,-0.3522775497741546,0.19924986229571218,1.1720957399162621,0.2580362965620604,0.35136345084247006
smollm2,theorem,3,68,0.948961937716263,0.6349480968858131,1.0,0.9264,0.948961937716263,0.948961937716263,0.30244324420219654,0.3696746826171875,0.776659882068634,-0.3522775497741546,0.19924986229571218,1.1720957399162621,0.2580362965620604,0.35136345084247006
smollm2,algorithm,4,148,0.8511687363038715,0.8046932067202338,0.8400000000000001,0.8768,0.8224,0.8511687363038715,0.2976922118211108,0.37727266550064087,0.7571951508522035,-0.31047040892273403,0.009048340699860269,1.163656352572586,0.25582484975667813,0.3643649919553237
smollm2,conjecture,4,60,0.9122222222222223,0.8366666666666667,0.93,0.9184,0.9122222222222223,0.9122222222222223,0.2976922118211108,0.37727266550064087,0.7571951508522035,-0.31047040892273403,0.009048340699860269,1.163656352572586,0.25582484975667813,0.3643649919553237
smollm2,constant,4,40,0.735,0.9275000000000001,0.72,0.735,0.735,0.735,0.2976922118211108,0.37727266550064087,0.7571951508522035,-0.31047040892273403,0.009048340699860269,1.163656352572586,0.25582484975667813,0.3643649919553237
smollm2,effect,4,70,0.9110204081632653,0.9477551020408163,0.95,0.8768,0.9110204081632653,0.9110204081632653,0.2976922118211108,0.37727266550064087,0.7571951508522035,-0.31047040892273403,0.009048340699860269,1.163656352572586,0.25582484975667813,0.3643649919553237
smollm2,element,4,134,0.7807975050122522,0.794386277567387,0.8800000000000001,0.8432,0.7707999999999999,0.7807975050122522,0.2976922118211108,0.37727266550064087,0.7571951508522035,-0.31047040892273403,0.009048340699860269,1.163656352572586,0.25582484975667813,0.3643649919553237
smollm2,experiment,4,50,0.7824,0.952,0.81,0.7824,0.7824,0.7824,0.2976922118211108,0.37727266550064087,0.7571951508522035,-0.31047040892273403,0.009048340699860269,1.163656352572586,0.25582484975667813,0.3643649919553237
smollm2,law,4,56,0.971938775510204,0.8278061224489796,1.0,0.9663999999999999,0.971938775510204,0.971938775510204,0.2976922118211108,0.37727266550064087,0.7571951508522035,-0.31047040892273403,0.009048340699860269,1.163656352572586,0.25582484975667813,0.3643649919553237
smollm2,paradox,4,82,0.8465199286139203,0.7382510410469959,0.82,0.9008,0.8465199286139203,0.8465199286139203,0.2976922118211108,0.37727266550064087,0.7571951508522035,-0.31047040892273403,0.009048340699860269,1.163656352572586,0.25582484975667813,0.3643649919553237
smollm2,reaction,4,64,0.65625,0.8017578125,0.53,0.6671999999999999,0.65625,0.65625,0.2976922118211108,0.37727266550064087,0.7571951508522035,-0.31047040892273403,0.009048340699860269,1.163656352572586,0.25582484975667813,0.3643649919553237
smollm2,researcher,4,160,0.93796875,0.9695312500000001,0.95,0.9663999999999999,0.9308000000000001,0.93796875,0.2976922118211108,0.37727266550064087,0.7571951508522035,-0.31047040892273403,0.009048340699860269,1.163656352572586,0.25582484975667813,0.3643649919553237
smollm2,theorem,4,74,0.9357195032870709,0.6358655953250547,0.96,0.9152,0.9357195032870709,0.9357195032870709,0.2976922118211108,0.37727266550064087,0.7571951508522035,-0.31047040892273403,0.009048340699860269,1.163656352572586,0.25582484975667813,0.3643649919553237
smollm2,algorithm,5,138,0.8886788489813066,0.8028775467338795,0.8899999999999999,0.9536,0.9092,0.8886788489813066,0.2979522586960687,0.37940269708633423,0.7443607926368713,-0.22080270366622273,0.2078189572981719,1.1675406214897983,0.25519648135298356,0.32693672790770706
smollm2,conjecture,5,60,0.8622222222222222,0.7655555555555555,0.8099999999999999,0.8655999999999999,0.8622222222222222,0.8622222222222222,0.2979522586960687,0.37940269708633423,0.7443607926368713,-0.22080270366622273,0.2078189572981719,1.1675406214897983,0.25519648135298356,0.32693672790770706
smollm2,constant,5,44,0.768595041322314,0.9545454545454546,0.8300000000000001,0.768595041322314,0.768595041322314,0.768595041322314,0.2979522586960687,0.37940269708633423,0.7443607926368713,-0.22080270366622273,0.2078189572981719,1.1675406214897983,0.25519648135298356,0.32693672790770706
smollm2,effect,5,50,0.8448,0.9456,0.81,0.8448,0.8448,0.8448,0.2979522586960687,0.37940269708633423,0.7443607926368713,-0.22080270366622273,0.2078189572981719,1.1675406214897983,0.25519648135298356,0.32693672790770706
smollm2,element,5,128,0.772216796875,0.737548828125,0.6399999999999999,0.6719999999999999,0.7847999999999999,0.772216796875,0.2979522586960687,0.37940269708633423,0.7443607926368713,-0.22080270366622273,0.2078189572981719,1.1675406214897983,0.25519648135298356,0.32693672790770706
smollm2,experiment,5,38,0.7534626038781163,0.7590027700831026,0.77,0.7534626038781163,0.7534626038781163,0.7534626038781163,0.2979522586960687,0.37940269708633423,0.7443607926368713,-0.22080270366622273,0.2078189572981719,1.1675406214897983,0.25519648135298356,0.32693672790770706
smollm2,law,5,62,0.9802289281997919,0.9084287200832466,1.0,0.9824,0.9802289281997919,0.9802289281997919,0.2979522586960687,0.37940269708633423,0.7443607926368713,-0.22080270366622273,0.2078189572981719,1.1675406214897983,0.25519648135298356,0.32693672790770706
smollm2,paradox,5,74,0.8809349890430972,0.7355734112490869,0.91,0.8512,0.8809349890430972,0.8809349890430972,0.2979522586960687,0.37940269708633423,0.7443607926368713,-0.22080270366622273,0.2078189572981719,1.1675406214897983,0.25519648135298356,0.32693672790770706
smollm2,reaction,5,76,0.6350415512465374,0.6668975069252077,0.56,0.6416,0.6350415512465374,0.6350415512465374,0.2979522586960687,0.37940269708633423,0.7443607926368713,-0.22080270366622273,0.2078189572981719,1.1675406214897983,0.25519648135298356,0.32693672790770706
smollm2,researcher,5,192,0.9239366319444445,0.8990885416666666,0.9400000000000001,0.952,0.922,0.9239366319444445,0.2979522586960687,0.37940269708633423,0.7443607926368713,-0.22080270366622273,0.2078189572981719,1.1675406214897983,0.25519648135298356,0.32693672790770706
smollm2,theorem,5,68,0.9636678200692042,0.6583044982698962,1.0,0.952,0.9636678200692042,0.9636678200692042,0.2979522586960687,0.37940269708633423,0.7443607926368713,-0.22080270366622273,0.2078189572981719,1.1675406214897983,0.25519648135298356,0.32693672790770706
qwen,algorithm,0,152,0.8550900277008311,0.4553324099722992,0.9700000000000001,0.8767999999999999,0.8492,0.8550900277008311,0.3523770261553574,0.4453762173652649,0.8760509192943574,-0.07354811937603464,0.3975387729012465,1.3448477568455652,0.26202001237661454,0.29592284084790105
qwen,conjecture,0,64,0.7783203125,0.5029296875,0.8200000000000001,0.7808,0.7783203125,0.7783203125,0.3523770261553574,0.4453762173652649,0.8760509192943574,-0.07354811937603464,0.3975387729012465,1.3448477568455652,0.26202001237661454,0.29592284084790105
qwen,constant,0,48,0.8385416666666666,0.5633680555555556,0.89,0.8385416666666666,0.8385416666666666,0.8385416666666666,0.3523770261553574,0.4453762173652649,0.8760509192943574,-0.07354811937603464,0.3975387729012465,1.3448477568455652,0.26202001237661454,0.29592284084790105
qwen,effect,0,62,0.854318418314256,0.7060353798126953,0.85,0.8608,0.854318418314256,0.854318418314256,0.3523770261553574,0.4453762173652649,0.8760509192943574,-0.07354811937603464,0.3975387729012465,1.3448477568455652,0.26202001237661454,0.29592284084790105
qwen,element,0,144,0.6765046296296297,0.6475694444444443,0.8500000000000001,0.6,0.7228,0.6765046296296297,0.3523770261553574,0.4453762173652649,0.8760509192943574,-0.07354811937603464,0.3975387729012465,1.3448477568455652,0.26202001237661454,0.29592284084790105
qwen,experiment,0,60,0.731111111111111,0.6244444444444444,0.74,0.7216,0.731111111111111,0.731111111111111,0.3523770261553574,0.4453762173652649,0.8760509192943574,-0.07354811937603464,0.3975387729012465,1.3448477568455652,0.26202001237661454,0.29592284084790105
qwen,law,0,58,0.9429250891795482,0.5457788347205708,0.9800000000000001,0.9328,0.9429250891795482,0.9429250891795482,0.3523770261553574,0.4453762173652649,0.8760509192943574,-0.07354811937603464,0.3975387729012465,1.3448477568455652,0.26202001237661454,0.29592284084790105
qwen,paradox,0,62,0.6233090530697191,0.6181061394380853,0.6699999999999999,0.7008,0.6233090530697191,0.6233090530697191,0.3523770261553574,0.4453762173652649,0.8760509192943574,-0.07354811937603464,0.3975387729012465,1.3448477568455652,0.26202001237661454,0.29592284084790105
qwen,reaction,0,66,0.5289256198347108,0.564279155188246,0.45000000000000007,0.528,0.5289256198347108,0.5289256198347108,0.3523770261553574,0.4453762173652649,0.8760509192943574,-0.07354811937603464,0.3975387729012465,1.3448477568455652,0.26202001237661454,0.29592284084790105
qwen,researcher,0,184,0.7831994328922495,0.802930056710775,0.93,0.7968,0.7804000000000001,0.7831994328922495,0.3523770261553574,0.4453762173652649,0.8760509192943574,-0.07354811937603464,0.3975387729012465,1.3448477568455652,0.26202001237661454,0.29592284084790105
qwen,theorem,0,70,0.8799999999999999,0.3330612244897959,0.78,0.8704000000000001,0.8799999999999999,0.8799999999999999,0.3523770261553574,0.4453762173652649,0.8760509192943574,-0.07354811937603464,0.3975387729012465,1.3448477568455652,0.26202001237661454,0.29592284084790105
qwen,algorithm,1,142,0.8208688752231701,0.5043642134497124,0.83,0.888,0.7856000000000001,0.8208688752231701,0.3390660548654996,0.4134015142917633,0.8601530194282534,-0.09730733252710111,0.22249119607812418,1.3513663251852166,0.25090610021536647,0.31325724578513625
qwen,conjecture,1,52,0.7869822485207101,0.6878698224852071,0.79,0.7696,0.7869822485207101,0.7869822485207101,0.3390660548654996,0.4134015142917633,0.8601530194282534,-0.09730733252710111,0.22249119607812418,1.3513663251852166,0.25090610021536647,0.31325724578513625
qwen,constant,1,48,0.90625,0.640625,0.9299999999999999,0.90625,0.90625,0.90625,0.3390660548654996,0.4134015142917633,0.8601530194282534,-0.09730733252710111,0.22249119607812418,1.3513663251852166,0.25090610021536647,0.31325724578513625
qwen,effect,1,74,0.7552958363769174,0.733382030679328,0.8699999999999999,0.7264,0.7552958363769174,0.7552958363769174,0.3390660548654996,0.4134015142917633,0.8601530194282534,-0.09730733252710111,0.22249119607812418,1.3513663251852166,0.25090610021536647,0.31325724578513625
qwen,element,1,164,0.720553242117787,0.7112581796549673,0.7500000000000001,0.6368,0.7116,0.720553242117787,0.3390660548654996,0.4134015142917633,0.8601530194282534,-0.09730733252710111,0.22249119607812418,1.3513663251852166,0.25090610021536647,0.31325724578513625
qwen,experiment,1,46,0.6181474480151229,0.48393194706994325,0.61,0.6181474480151229,0.6181474480151229,0.6181474480151229,0.3390660548654996,0.4134015142917633,0.8601530194282534,-0.09730733252710111,0.22249119607812418,1.3513663251852166,0.25090610021536647,0.31325724578513625
qwen,law,1,54,0.9643347050754458,0.48765432098765427,0.97,0.9712000000000001,0.9643347050754458,0.9643347050754458,0.3390660548654996,0.4134015142917633,0.8601530194282534,-0.09730733252710111,0.22249119607812418,1.3513663251852166,0.25090610021536647,0.31325724578513625
qwen,paradox,1,66,0.7033976124885215,0.48347107438016534,0.78,0.6544,0.7033976124885215,0.7033976124885215,0.3390660548654996,0.4134015142917633,0.8601530194282534,-0.09730733252710111,0.22249119607812418,1.3513663251852166,0.25090610021536647,0.31325724578513625
qwen,reaction,1,68,0.5804498269896193,0.5713667820069205,0.53,0.52,0.5804498269896193,0.5804498269896193,0.3390660548654996,0.4134015142917633,0.8601530194282534,-0.09730733252710111,0.22249119607812418,1.3513663251852166,0.25090610021536647,0.31325724578513625
qwen,researcher,1,198,0.7956330986634018,0.7403326191204979,0.8800000000000001,0.7088000000000001,0.8176,0.7956330986634018,0.3390660548654996,0.4134015142917633,0.8601530194282534,-0.09730733252710111,0.22249119607812418,1.3513663251852166,0.25090610021536647,0.31325724578513625
qwen,theorem,1,72,0.875,0.37037037037037035,0.8999999999999999,0.864,0.875,0.875,0.3390660548654996,0.4134015142917633,0.8601530194282534,-0.09730733252710111,0.22249119607812418,1.3513663251852166,0.25090610021536647,0.31325724578513625
qwen,algorithm,2,148,0.8382030679327978,0.42914536157779404,0.79,0.8128,0.8376,0.8382030679327978,0.3481029714168279,0.3988552689552307,0.818301570415497,-0.23385081393805035,0.5564023889839311,1.352545161659901,0.25736883397834365,0.29655986233443454
qwen,conjecture,2,56,0.8354591836734694,0.4119897959183674,0.9,0.8288,0.8354591836734694,0.8354591836734694,0.3481029714168279,0.3988552689552307,0.818301570415497,-0.23385081393805035,0.5564023889839311,1.352545161659901,0.25736883397834365,0.29655986233443454
qwen,constant,2,60,0.8055555555555557,0.48166666666666674,0.8800000000000001,0.8128,0.8055555555555557,0.8055555555555557,0.3481029714168279,0.3988552689552307,0.818301570415497,-0.23385081393805035,0.5564023889839311,1.352545161659901,0.25736883397834365,0.29655986233443454
qwen,effect,2,62,0.7565036420395421,0.7429760665972944,0.8600000000000001,0.8,0.7565036420395421,0.7565036420395421,0.3481029714168279,0.3988552689552307,0.818301570415497,-0.23385081393805035,0.5564023889839311,1.352545161659901,0.25736883397834365,0.29655986233443454
qwen,element,2,166,0.6710698214544927,0.5262737697779067,0.53,0.5136000000000001,0.6704,0.6710698214544927,0.3481029714168279,0.3988552689552307,0.818301570415497,-0.23385081393805035,0.5564023889839311,1.352545161659901,0.25736883397834365,0.29655986233443454
qwen,experiment,2,36,0.654320987654321,0.6743827160493827,0.64,0.654320987654321,0.654320987654321,0.654320987654321,0.3481029714168279,0.3988552689552307,0.818301570415497,-0.23385081393805035,0.5564023889839311,1.352545161659901,0.25736883397834365,0.29655986233443454
qwen,law,2,64,0.9345703125,0.52490234375,0.9099999999999999,0.9264,0.9345703125,0.9345703125,0.3481029714168279,0.3988552689552307,0.818301570415497,-0.23385081393805035,0.5564023889839311,1.352545161659901,0.25736883397834365,0.29655986233443454
qwen,paradox,2,66,0.7070707070707071,0.5808080808080809,0.76,0.7264,0.7070707070707071,0.7070707070707071,0.3481029714168279,0.3988552689552307,0.818301570415497,-0.23385081393805035,0.5564023889839311,1.352545161659901,0.25736883397834365,0.29655986233443454
qwen,reaction,2,56,0.4872448979591837,0.6639030612244898,0.49,0.48,0.4872448979591837,0.4872448979591837,0.3481029714168279,0.3988552689552307,0.818301570415497,-0.23385081393805035,0.5564023889839311,1.352545161659901,0.25736883397834365,0.29655986233443454
qwen,researcher,2,202,0.808058033526125,0.8112439956866974,0.7,0.7487999999999999,0.8292,0.8085000000000001,0.3481029714168279,0.3988552689552307,0.818301570415497,-0.23385081393805035,0.5564023889839311,1.352545161659901,0.25736883397834365,0.29655986233443454
qwen,theorem,2,64,0.91015625,0.37353515625,0.94,0.9024,0.91015625,0.91015625,0.3481029714168279,0.3988552689552307,0.818301570415497,-0.23385081393805035,0.5564023889839311,1.352545161659901,0.25736883397834365,0.29655986233443454
qwen,algorithm,3,136,0.7999567474048443,0.44993512110726636,0.8099999999999999,0.904,0.8532000000000001,0.7999567474048443,0.3452269937398276,0.43111106753349304,0.8543251991271973,-0.17984752637418264,0.29209877118726624,1.3575079465971702,0.2543093720746827,0.3135826729940498
qwen,conjecture,3,74,0.8232286340394448,0.42658875091307524,0.8300000000000001,0.8032,0.8232286340394448,0.8232286340394448,0.3452269937398276,0.43111106753349304,0.8543251991271973,-0.17984752637418264,0.29209877118726624,1.3575079465971702,0.2543093720746827,0.3135826729940498
qwen,constant,3,58,0.882282996432818,0.7235434007134364,0.87,0.8832,0.882282996432818,0.882282996432818,0.3452269937398276,0.43111106753349304,0.8543251991271973,-0.17984752637418264,0.29209877118726624,1.3575079465971702,0.2543093720746827,0.3135826729940498
qwen,effect,3,50,0.8192,0.7999999999999999,0.7000000000000001,0.8192,0.8192,0.8192,0.3452269937398276,0.43111106753349304,0.8543251991271973,-0.17984752637418264,0.29209877118726624,1.3575079465971702,0.2543093720746827,0.3135826729940498
qwen,element,3,144,0.6234567901234568,0.6259645061728395,0.59,0.5631999999999999,0.6384,0.6234567901234568,0.3452269937398276,0.43111106753349304,0.8543251991271973,-0.17984752637418264,0.29209877118726624,1.3575079465971702,0.2543093720746827,0.3135826729940498
qwen,experiment,3,44,0.7086776859504131,0.5743801652892562,0.6799999999999999,0.7086776859504131,0.7086776859504131,0.7086776859504131,0.3452269937398276,0.43111106753349304,0.8543251991271973,-0.17984752637418264,0.29209877118726624,1.3575079465971702,0.2543093720746827,0.3135826729940498
qwen,law,3,70,0.9477551020408164,0.570204081632653,0.98,0.9376,0.9477551020408164,0.9477551020408164,0.3452269937398276,0.43111106753349304,0.8543251991271973,-0.17984752637418264,0.29209877118726624,1.3575079465971702,0.2543093720746827,0.3135826729940498
qwen,paradox,3,62,0.5962539021852238,0.4443288241415192,0.39000000000000007,0.6464,0.5962539021852238,0.5962539021852238,0.3452269937398276,0.43111106753349304,0.8543251991271973,-0.17984752637418264,0.29209877118726624,1.3575079465971702,0.2543093720746827,0.3135826729940498
qwen,reaction,3,62,0.6836628511966701,0.7195629552549427,0.86,0.6688,0.6836628511966701,0.6836628511966701,0.3452269937398276,0.43111106753349304,0.8543251991271973,-0.17984752637418264,0.29209877118726624,1.3575079465971702,0.2543093720746827,0.3135826729940498
qwen,researcher,3,196,0.7644731361932527,0.7741045397750936,0.79,0.728,0.7416000000000001,0.7644731361932527,0.3452269937398276,0.43111106753349304,0.8543251991271973,-0.17984752637418264,0.29209877118726624,1.3575079465971702,0.2543093720746827,0.3135826729940498
qwen,theorem,3,76,0.8677285318559558,0.4342105263157895,0.75,0.8976,0.8677285318559558,0.8677285318559558,0.3452269937398276,0.43111106753349304,0.8543251991271973,-0.17984752637418264,0.29209877118726624,1.3575079465971702,0.2543093720746827,0.3135826729940498
qwen,algorithm,4,150,0.8474666666666667,0.4433777777777777,0.9500000000000001,0.8656,0.8444,0.8474666666666667,0.3329387543340899,0.39959821105003357,0.7909973740577699,-0.11440671226314575,0.8594519941772583,1.3547461254606197,0.24575730303353474,0.2624955296961357
qwen,conjecture,4,66,0.7924701561065197,0.4403122130394858,0.73,0.8432,0.7924701561065197,0.7924701561065197,0.3329387543340899,0.39959821105003357,0.7909973740577699,-0.11440671226314575,0.8594519941772583,1.3547461254606197,0.24575730303353474,0.2624955296961357
qwen,constant,4,52,0.834319526627219,0.6042899408284024,0.84,0.8240000000000001,0.834319526627219,0.834319526627219,0.3329387543340899,0.39959821105003357,0.7909973740577699,-0.11440671226314575,0.8594519941772583,1.3547461254606197,0.24575730303353474,0.2624955296961357
qwen,effect,4,66,0.7887970615243343,0.662534435261708,0.8899999999999999,0.7744,0.7887970615243343,0.7887970615243343,0.3329387543340899,0.39959821105003357,0.7909973740577699,-0.11440671226314575,0.8594519941772583,1.3547461254606197,0.24575730303353474,0.2624955296961357
qwen,element,4,136,0.6386245674740484,0.6084558823529411,0.78,0.6719999999999999,0.6856000000000001,0.6386245674740484,0.3329387543340899,0.39959821105003357,0.7909973740577699,-0.11440671226314575,0.8594519941772583,1.3547461254606197,0.24575730303353474,0.2624955296961357
qwen,experiment,4,56,0.5956632653061225,0.5625,0.61,0.6368,0.5956632653061225,0.5956632653061225,0.3329387543340899,0.39959821105003357,0.7909973740577699,-0.11440671226314575,0.8594519941772583,1.3547461254606197,0.24575730303353474,0.2624955296961357
qwen,law,4,68,0.9126297577854671,0.5250865051903114,0.9299999999999999,0.9296,0.9126297577854671,0.9126297577854671,0.3329387543340899,0.39959821105003357,0.7909973740577699,-0.11440671226314575,0.8594519941772583,1.3547461254606197,0.24575730303353474,0.2624955296961357
qwen,paradox,4,78,0.611439842209073,0.4674556213017751,0.63,0.6544,0.611439842209073,0.611439842209073,0.3329387543340899,0.39959821105003357,0.7909973740577699,-0.11440671226314575,0.8594519941772583,1.3547461254606197,0.24575730303353474,0.2624955296961357
qwen,reaction,4,60,0.6311111111111111,0.5800000000000001,0.81,0.6448,0.6311111111111111,0.6311111111111111,0.3329387543340899,0.39959821105003357,0.7909973740577699,-0.11440671226314575,0.8594519941772583,1.3547461254606197,0.24575730303353474,0.2624955296961357
qwen,researcher,4,178,0.8251483398560787,0.7290114884484282,0.7,0.728,0.8364,0.8251483398560787,0.3329387543340899,0.39959821105003357,0.7909973740577699,-0.11440671226314575,0.8594519941772583,1.3547461254606197,0.24575730303353474,0.2624955296961357
qwen,theorem,4,76,0.9078947368421053,0.5152354570637119,0.86,0.8768,0.9078947368421053,0.9078947368421053,0.3329387543340899,0.39959821105003357,0.7909973740577699,-0.11440671226314575,0.8594519941772583,1.3547461254606197,0.24575730303353474,0.2624955296961357
qwen,algorithm,5,142,0.8286054354294784,0.48561793294981154,0.95,0.8032,0.868,0.8286054354294784,0.3386061292004533,0.4051094055175781,0.8038913905620575,-0.13124399078976845,0.45941982023436134,1.3484590744861558,0.251105973741455,0.2940449664058024
qwen,conjecture,5,68,0.7949826989619377,0.5255190311418685,0.7,0.7696000000000001,0.7949826989619377,0.7949826989619377,0.3386061292004533,0.4051094055175781,0.8038913905620575,-0.13124399078976845,0.45941982023436134,1.3484590744861558,0.251105973741455,0.2940449664058024
qwen,constant,5,52,0.856508875739645,0.6020710059171597,0.9700000000000001,0.8496,0.856508875739645,0.856508875739645,0.3386061292004533,0.4051094055175781,0.8038913905620575,-0.13124399078976845,0.45941982023436134,1.3484590744861558,0.251105973741455,0.2940449664058024
qwen,effect,5,48,0.842013888888889,0.6527777777777777,0.8,0.842013888888889,0.842013888888889,0.842013888888889,0.3386061292004533,0.4051094055175781,0.8038913905620575,-0.13124399078976845,0.45941982023436134,1.3484590744861558,0.251105973741455,0.2940449664058024
qwen,element,5,132,0.7240587695133149,0.6158172635445364,0.7400000000000001,0.688,0.7343999999999999,0.7240587695133149,0.3386061292004533,0.4051094055175781,0.8038913905620575,-0.13124399078976845,0.45941982023436134,1.3484590744861558,0.251105973741455,0.2940449664058024
qwen,experiment,5,44,0.7355371900826446,0.5289256198347108,0.86,0.7355371900826446,0.7355371900826446,0.7355371900826446,0.3386061292004533,0.4051094055175781,0.8038913905620575,-0.13124399078976845,0.45941982023436134,1.3484590744861558,0.251105973741455,0.2940449664058024
qwen,law,5,66,0.9522497704315886,0.5284664830119375,0.9700000000000001,0.9616,0.9522497704315886,0.9522497704315886,0.3386061292004533,0.4051094055175781,0.8038913905620575,-0.13124399078976845,0.45941982023436134,1.3484590744861558,0.251105973741455,0.2940449664058024
qwen,paradox,5,76,0.5228531855955678,0.47991689750692523,0.71,0.5392,0.5228531855955678,0.5228531855955678,0.3386061292004533,0.4051094055175781,0.8038913905620575,-0.13124399078976845,0.45941982023436134,1.3484590744861558,0.251105973741455,0.2940449664058024
qwen,reaction,5,90,0.5945679012345679,0.6701234567901235,0.54,0.624,0.5945679012345679,0.5945679012345679,0.3386061292004533,0.4051094055175781,0.8038913905620575,-0.13124399078976845,0.45941982023436134,1.3484590744861558,0.251105973741455,0.2940449664058024
qwen,researcher,5,210,0.7650793650793651,0.710204081632653,0.8200000000000001,0.736,0.714,0.7535,0.3386061292004533,0.4051094055175781,0.8038913905620575,-0.13124399078976845,0.45941982023436134,1.3484590744861558,0.251105973741455,0.2940449664058024
qwen,theorem,5,62,0.9073881373569198,0.42715920915712796,0.98,0.8799999999999999,0.9073881373569198,0.9073881373569198,0.3386061292004533,0.4051094055175781,0.8038913905620575,-0.13124399078976845,0.45941982023436134,1.3484590744861558,0.251105973741455,0.2940449664058024
gemma,algorithm,0,152,0.7328601108033241,0.5519390581717452,0.64,0.7872,0.6871999999999999,0.7328601108033241,0.6287115301614121,0.9549272358417511,1.6408703684806825,0.7368512003214001,-0.5077354550758404,1.326256502018826,0.47404972471790974,0.6190954703979649
gemma,conjecture,0,62,0.49011446409989595,0.6186264308012487,0.5800000000000001,0.4352,0.49011446409989595,0.49011446409989595,0.6287115301614121,0.9549272358417511,1.6408703684806825,0.7368512003214001,-0.5077354550758404,1.326256502018826,0.47404972471790974,0.6190954703979649
gemma,constant,0,48,0.6024305555555556,0.5190972222222223,0.51,0.6024305555555556,0.6024305555555556,0.6024305555555556,0.6287115301614121,0.9549272358417511,1.6408703684806825,0.7368512003214001,-0.5077354550758404,1.326256502018826,0.47404972471790974,0.6190954703979649
gemma,effect,0,60,0.5244444444444445,0.8022222222222223,0.37,0.5568,0.5244444444444445,0.5244444444444445,0.6287115301614121,0.9549272358417511,1.6408703684806825,0.7368512003214001,-0.5077354550758404,1.326256502018826,0.47404972471790974,0.6190954703979649
gemma,element,0,146,0.5550759992493901,0.6162507036967537,0.61,0.5696,0.5384,0.5550759992493901,0.6287115301614121,0.9549272358417511,1.6408703684806825,0.7368512003214001,-0.5077354550758404,1.326256502018826,0.47404972471790974,0.6190954703979649
gemma,experiment,0,62,0.6971904266389178,0.5306971904266389,0.68,0.6960000000000001,0.6971904266389178,0.6971904266389178,0.6287115301614121,0.9549272358417511,1.6408703684806825,0.7368512003214001,-0.5077354550758404,1.326256502018826,0.47404972471790974,0.6190954703979649
gemma,law,0,58,0.5564803804994055,0.5624256837098692,0.5,0.5104,0.5564803804994055,0.5564803804994055,0.6287115301614121,0.9549272358417511,1.6408703684806825,0.7368512003214001,-0.5077354550758404,1.326256502018826,0.47404972471790974,0.6190954703979649
gemma,paradox,0,64,0.3896484375,0.396484375,0.33999999999999997,0.4464,0.3896484375,0.3896484375,0.6287115301614121,0.9549272358417511,1.6408703684806825,0.7368512003214001,-0.5077354550758404,1.326256502018826,0.47404972471790974,0.6190954703979649
gemma,reaction,0,80,0.565625,0.5081249999999999,0.4600000000000001,0.5648,0.565625,0.565625,0.6287115301614121,0.9549272358417511,1.6408703684806825,0.7368512003214001,-0.5077354550758404,1.326256502018826,0.47404972471790974,0.6190954703979649
gemma,researcher,0,194,0.6033584865554257,0.6459772558188969,0.8200000000000001,0.6176,0.6016,0.6033584865554257,0.6287115301614121,0.9549272358417511,1.6408703684806825,0.7368512003214001,-0.5077354550758404,1.326256502018826,0.47404972471790974,0.6190954703979649
gemma,theorem,0,60,0.7355555555555556,0.4711111111111111,0.72,0.752,0.7355555555555556,0.7355555555555556,0.6287115301614121,0.9549272358417511,1.6408703684806825,0.7368512003214001,-0.5077354550758404,1.326256502018826,0.47404972471790974,0.6190954703979649
gemma,algorithm,1,142,0.7587780202340805,0.6664352311049395,0.74,0.752,0.7651999999999999,0.7587780202340805,0.64277709097204,0.9676225930452347,1.677462899684906,0.7503065854319478,-0.45088384991272745,1.338288461872599,0.4802978646265371,0.6131379974489984
gemma,conjecture,1,52,0.5665680473372781,0.6538461538461539,0.6300000000000001,0.5408,0.5665680473372781,0.5665680473372781,0.64277709097204,0.9676225930452347,1.677462899684906,0.7503065854319478,-0.45088384991272745,1.338288461872599,0.4802978646265371,0.6131379974489984
gemma,constant,1,50,0.576,0.7215999999999999,0.5900000000000001,0.576,0.576,0.576,0.64277709097204,0.9676225930452347,1.677462899684906,0.7503065854319478,-0.45088384991272745,1.338288461872599,0.4802978646265371,0.6131379974489984
gemma,effect,1,72,0.47916666666666663,0.683641975308642,0.30000000000000004,0.4688,0.47916666666666663,0.47916666666666663,0.64277709097204,0.9676225930452347,1.677462899684906,0.7503065854319478,-0.45088384991272745,1.338288461872599,0.4802978646265371,0.6131379974489984
gemma,element,1,162,0.5624142661179699,0.5225575369608292,0.21000000000000002,0.5087999999999999,0.5271999999999999,0.5624142661179699,0.64277709097204,0.9676225930452347,1.677462899684906,0.7503065854319478,-0.45088384991272745,1.338288461872599,0.4802978646265371,0.6131379974489984
gemma,experiment,1,46,0.5935727788279773,0.47258979206049145,0.54,0.5935727788279773,0.5935727788279773,0.5935727788279773,0.64277709097204,0.9676225930452347,1.677462899684906,0.7503065854319478,-0.45088384991272745,1.338288461872599,0.4802978646265371,0.6131379974489984
gemma,law,1,54,0.5802469135802469,0.5747599451303155,0.48,0.5856,0.5802469135802469,0.5802469135802469,0.64277709097204,0.9676225930452347,1.677462899684906,0.7503065854319478,-0.45088384991272745,1.338288461872599,0.4802978646265371,0.6131379974489984
gemma,paradox,1,62,0.4599375650364204,0.5359001040582727,0.41000000000000003,0.47840000000000005,0.4599375650364204,0.4599375650364204,0.64277709097204,0.9676225930452347,1.677462899684906,0.7503065854319478,-0.45088384991272745,1.338288461872599,0.4802978646265371,0.6131379974489984
gemma,reaction,1,74,0.5807158509861212,0.6537618699780863,0.69,0.5696,0.5807158509861212,0.5807158509861212,0.64277709097204,0.9676225930452347,1.677462899684906,0.7503065854319478,-0.45088384991272745,1.338288461872599,0.4802978646265371,0.6131379974489984
gemma,researcher,1,204,0.6135140330642062,0.7062668204536717,0.47,0.6112,0.6056,0.6033,0.64277709097204,0.9676225930452347,1.677462899684906,0.7503065854319478,-0.45088384991272745,1.338288461872599,0.4802978646265371,0.6131379974489984
gemma,theorem,1,76,0.6585872576177285,0.5055401662049861,0.72,0.6015999999999999,0.6585872576177285,0.6585872576177285,0.64277709097204,0.9676225930452347,1.677462899684906,0.7503065854319478,-0.45088384991272745,1.338288461872599,0.4802978646265371,0.6131379974489984
gemma,algorithm,2,146,0.6395196096828673,0.5356539688496904,0.61,0.7216,0.6372,0.6395196096828673,0.6431922579147505,0.9725487977266312,1.6917097270488737,0.7737546481924381,-0.4345773309753649,1.3219656009921252,0.4865423555238481,0.6231707056615555
gemma,conjecture,2,58,0.49227110582639716,0.6052318668252081,0.42000000000000004,0.47840000000000005,0.49227110582639716,0.49227110582639716,0.6431922579147505,0.9725487977266312,1.6917097270488737,0.7737546481924381,-0.4345773309753649,1.3219656009921252,0.4865423555238481,0.6231707056615555
gemma,constant,2,48,0.6145833333333333,0.689236111111111,0.6499999999999999,0.6145833333333333,0.6145833333333333,0.6145833333333333,0.6431922579147505,0.9725487977266312,1.6917097270488737,0.7737546481924381,-0.4345773309753649,1.3219656009921252,0.4865423555238481,0.6231707056615555
gemma,effect,2,66,0.4168962350780533,0.71900826446281,0.37,0.34400000000000003,0.4168962350780533,0.4168962350780533,0.6431922579147505,0.9725487977266312,1.6917097270488737,0.7737546481924381,-0.4345773309753649,1.3219656009921252,0.4865423555238481,0.6231707056615555
gemma,element,2,160,0.5560937499999999,0.615390625,0.54,0.392,0.4976,0.5560937499999999,0.6431922579147505,0.9725487977266312,1.6917097270488737,0.7737546481924381,-0.4345773309753649,1.3219656009921252,0.4865423555238481,0.6231707056615555
gemma,experiment,2,40,0.6375,0.48875,0.71,0.6375,0.6375,0.6375,0.6431922579147505,0.9725487977266312,1.6917097270488737,0.7737546481924381,-0.4345773309753649,1.3219656009921252,0.4865423555238481,0.6231707056615555
gemma,law,2,72,0.5964506172839505,0.5675154320987654,0.63,0.5840000000000001,0.5964506172839505,0.5964506172839505,0.6431922579147505,0.9725487977266312,1.6917097270488737,0.7737546481924381,-0.4345773309753649,1.3219656009921252,0.4865423555238481,0.6231707056615555
gemma,paradox,2,68,0.421280276816609,0.48875432525951557,0.26,0.42719999999999997,0.421280276816609,0.421280276816609,0.6431922579147505,0.9725487977266312,1.6917097270488737,0.7737546481924381,-0.4345773309753649,1.3219656009921252,0.4865423555238481,0.6231707056615555
gemma,reaction,2,66,0.5142332415059687,0.6253443526170799,0.46,0.5552,0.5142332415059687,0.5142332415059687,0.6431922579147505,0.9725487977266312,1.6917097270488737,0.7737546481924381,-0.4345773309753649,1.3219656009921252,0.4865423555238481,0.6231707056615555
gemma,researcher,2,204,0.5738177623990772,0.7195309496347558,0.65,0.6176,0.556,0.5793999999999999,0.6431922579147505,0.9725487977266312,1.6917097270488737,0.7737546481924381,-0.4345773309753649,1.3219656009921252,0.4865423555238481,0.6231707056615555
gemma,theorem,2,62,0.6951092611862644,0.46618106139438087,0.65,0.6832,0.6951092611862644,0.6951092611862644,0.6431922579147505,0.9725487977266312,1.6917097270488737,0.7737546481924381,-0.4345773309753649,1.3219656009921252,0.4865423555238481,0.6231707056615555
gemma,algorithm,3,134,0.7687680997995099,0.3529739362887057,0.79,0.7712,0.7584,0.7687680997995099,0.6390889050871071,0.9370846003293991,1.6814130663871762,0.8459101059144045,-0.33417717770329114,1.2985580106732726,0.4921527566285632,0.6435401078780452
gemma,conjecture,3,70,0.45877551020408164,0.6228571428571428,0.22999999999999998,0.48800000000000004,0.45877551020408164,0.45877551020408164,0.6390889050871071,0.9370846003293991,1.6814130663871762,0.8459101059144045,-0.33417717770329114,1.2985580106732726,0.4921527566285632,0.6435401078780452
gemma,constant,3,56,0.5242346938775511,0.5459183673469388,0.51,0.4688,0.5242346938775511,0.5242346938775511,0.6390889050871071,0.9370846003293991,1.6814130663871762,0.8459101059144045,-0.33417717770329114,1.2985580106732726,0.4921527566285632,0.6435401078780452
gemma,effect,3,60,0.38888888888888884,0.7361111111111112,0.3,0.416,0.38888888888888884,0.38888888888888884,0.6390889050871071,0.9370846003293991,1.6814130663871762,0.8459101059144045,-0.33417717770329114,1.2985580106732726,0.4921527566285632,0.6435401078780452
gemma,element,3,140,0.5693877551020408,0.6384693877551021,0.68,0.616,0.5760000000000001,0.5693877551020408,0.6390889050871071,0.9370846003293991,1.6814130663871762,0.8459101059144045,-0.33417717770329114,1.2985580106732726,0.4921527566285632,0.6435401078780452
gemma,experiment,3,52,0.7544378698224852,0.6819526627218935,0.63,0.744,0.7544378698224852,0.7544378698224852,0.6390889050871071,0.9370846003293991,1.6814130663871762,0.8459101059144045,-0.33417717770329114,1.2985580106732726,0.4921527566285632,0.6435401078780452
gemma,law,3,80,0.675625,0.5265624999999999,0.6000000000000001,0.728,0.675625,0.675625,0.6390889050871071,0.9370846003293991,1.6814130663871762,0.8459101059144045,-0.33417717770329114,1.2985580106732726,0.4921527566285632,0.6435401078780452
gemma,paradox,3,58,0.4982164090368608,0.4845422116527943,0.6799999999999999,0.4576,0.4982164090368608,0.4982164090368608,0.6390889050871071,0.9370846003293991,1.6814130663871762,0.8459101059144045,-0.33417717770329114,1.2985580106732726,0.4921527566285632,0.6435401078780452
gemma,reaction,3,56,0.6147959183673469,0.5982142857142857,0.79,0.6784,0.6147959183673469,0.6147959183673469,0.6390889050871071,0.9370846003293991,1.6814130663871762,0.8459101059144045,-0.33417717770329114,1.2985580106732726,0.4921527566285632,0.6435401078780452
gemma,researcher,3,204,0.5107650903498655,0.6045271049596309,0.53,0.6944,0.5492,0.5018,0.6390889050871071,0.9370846003293991,1.6814130663871762,0.8459101059144045,-0.33417717770329114,1.2985580106732726,0.4921527566285632,0.6435401078780452
gemma,theorem,3,82,0.6740035693039856,0.49405116002379534,0.6699999999999999,0.6848,0.6740035693039856,0.6740035693039856,0.6390889050871071,0.9370846003293991,1.6814130663871762,0.8459101059144045,-0.33417717770329114,1.2985580106732726,0.4921527566285632,0.6435401078780452
gemma,algorithm,4,148,0.7348429510591673,0.703981008035062,0.6300000000000001,0.7264,0.7448,0.7348429510591673,0.641097545057982,0.9688608944416046,1.6646136224269865,0.8076130762076636,-0.35679752575715407,1.317542404875042,0.48658589066983304,0.6250897902589945
gemma,conjecture,4,66,0.45546372819100095,0.650137741046832,0.45,0.4976,0.45546372819100095,0.45546372819100095,0.641097545057982,0.9688608944416046,1.6646136224269865,0.8076130762076636,-0.35679752575715407,1.317542404875042,0.48658589066983304,0.6250897902589945
gemma,constant,4,46,0.44612476370510395,0.38657844990548207,0.45999999999999996,0.44612476370510395,0.44612476370510395,0.44612476370510395,0.641097545057982,0.9688608944416046,1.6646136224269865,0.8076130762076636,-0.35679752575715407,1.317542404875042,0.48658589066983304,0.6250897902589945
gemma,effect,4,68,0.4083044982698961,0.7491349480968857,0.32,0.4048,0.4083044982698961,0.4083044982698961,0.641097545057982,0.9688608944416046,1.6646136224269865,0.8076130762076636,-0.35679752575715407,1.317542404875042,0.48658589066983304,0.6250897902589945
gemma,element,4,134,0.5970149253731343,0.6071508130986856,0.6599999999999999,0.6128,0.6348,0.5970149253731343,0.641097545057982,0.9688608944416046,1.6646136224269865,0.8076130762076636,-0.35679752575715407,1.317542404875042,0.48658589066983304,0.6250897902589945
gemma,experiment,4,58,0.5279429250891796,0.5219976218787158,0.55,0.5920000000000001,0.5279429250891796,0.5279429250891796,0.641097545057982,0.9688608944416046,1.6646136224269865,0.8076130762076636,-0.35679752575715407,1.317542404875042,0.48658589066983304,0.6250897902589945
gemma,law,4,70,0.6391836734693879,0.5987755102040816,0.87,0.6112,0.6391836734693879,0.6391836734693879,0.641097545057982,0.9688608944416046,1.6646136224269865,0.8076130762076636,-0.35679752575715407,1.317542404875042,0.48658589066983304,0.6250897902589945
gemma,paradox,4,70,0.43265306122448977,0.40448979591836737,0.25,0.44480000000000003,0.43265306122448977,0.43265306122448977,0.641097545057982,0.9688608944416046,1.6646136224269865,0.8076130762076636,-0.35679752575715407,1.317542404875042,0.48658589066983304,0.6250897902589945
gemma,reaction,4,64,0.5771484375,0.55908203125,0.65,0.552,0.5771484375,0.5771484375,0.641097545057982,0.9688608944416046,1.6646136224269865,0.8076130762076636,-0.35679752575715407,1.317542404875042,0.48658589066983304,0.6250897902589945
gemma,researcher,4,196,0.5583090379008747,0.6800291545189504,0.7,0.5456000000000001,0.5652,0.5583090379008747,0.641097545057982,0.9688608944416046,1.6646136224269865,0.8076130762076636,-0.35679752575715407,1.317542404875042,0.48658589066983304,0.6250897902589945
gemma,theorem,4,78,0.6587771203155819,0.5062458908612755,0.77,0.5664,0.6587771203155819,0.6587771203155819,0.641097545057982,0.9688608944416046,1.6646136224269865,0.8076130762076636,-0.35679752575715407,1.317542404875042,0.48658589066983304,0.6250897902589945
gemma,algorithm,5,138,0.7595043058181055,0.6810544003360639,0.67,0.84,0.7659999999999999,0.7595043058181055,0.6508910688275619,0.9709995687007904,1.708964681625366,0.8057524415588238,-0.4168087294015663,1.3031659540072513,0.4994690555923401,0.6384494308303723
gemma,conjecture,5,68,0.4679930795847751,0.6020761245674741,0.2899999999999999,0.4096,0.4679930795847751,0.4679930795847751,0.6508910688275619,0.9709995687007904,1.708964681625366,0.8057524415588238,-0.4168087294015663,1.3031659540072513,0.4994690555923401,0.6384494308303723
gemma,constant,5,44,0.5516528925619835,0.6590909090909092,0.45,0.5516528925619835,0.5516528925619835,0.5516528925619835,0.6508910688275619,0.9709995687007904,1.708964681625366,0.8057524415588238,-0.4168087294015663,1.3031659540072513,0.4994690555923401,0.6384494308303723
gemma,effect,5,54,0.4238683127572016,0.7242798353909465,0.37,0.43520000000000003,0.4238683127572016,0.4238683127572016,0.6508910688275619,0.9709995687007904,1.708964681625366,0.8057524415588238,-0.4168087294015663,1.3031659540072513,0.4994690555923401,0.6384494308303723
gemma,element,5,134,0.47271107150813096,0.7027177545110269,0.51,0.4304,0.4444,0.47271107150813096,0.6508910688275619,0.9709995687007904,1.708964681625366,0.8057524415588238,-0.4168087294015663,1.3031659540072513,0.4994690555923401,0.6384494308303723
gemma,experiment,5,56,0.590561224489796,0.5931122448979592,0.64,0.5968,0.590561224489796,0.590561224489796,0.6508910688275619,0.9709995687007904,1.708964681625366,0.8057524415588238,-0.4168087294015663,1.3031659540072513,0.4994690555923401,0.6384494308303723
gemma,law,5,70,0.6718367346938775,0.5938775510204081,0.6,0.6367999999999999,0.6718367346938775,0.6718367346938775,0.6508910688275619,0.9709995687007904,1.708964681625366,0.8057524415588238,-0.4168087294015663,1.3031659540072513,0.4994690555923401,0.6384494308303723
gemma,paradox,5,78,0.5410913872452334,0.3668639053254438,0.72,0.5791999999999999,0.5410913872452334,0.5410913872452334,0.6508910688275619,0.9709995687007904,1.708964681625366,0.8057524415588238,-0.4168087294015663,1.3031659540072513,0.4994690555923401,0.6384494308303723
gemma,reaction,5,84,0.5532879818594104,0.5632086167800453,0.5700000000000001,0.5392,0.5532879818594104,0.5532879818594104,0.6508910688275619,0.9709995687007904,1.708964681625366,0.8057524415588238,-0.4168087294015663,1.3031659540072513,0.4994690555923401,0.6384494308303723
gemma,researcher,5,216,0.5617283950617283,0.6742112482853223,0.44,0.544,0.548,0.5593,0.6508910688275619,0.9709995687007904,1.708964681625366,0.8057524415588238,-0.4168087294015663,1.3031659540072513,0.4994690555923401,0.6384494308303723
gemma,theorem,5,60,0.6366666666666667,0.47388888888888886,0.58,0.5952,0.6366666666666667,0.6366666666666667,0.6508910688275619,0.9709995687007904,1.708964681625366,0.8057524415588238,-0.4168087294015663,1.3031659540072513,0.4994690555923401,0.6384494308303723
lfm,algorithm,0,148,0.9433893352812273,0.52081811541271,0.9199999999999999,0.9936,0.9383999999999999,0.9433893352812273,0.28759238578640955,0.35621659457683563,0.7556840181350708,0.4711800853751748,0.2767078307147228,0.9989332757498088,0.28789949487130706,0.3729385516238324
lfm,conjecture,0,60,0.8077777777777778,0.528888888888889,0.91,0.8208,0.8077777777777778,0.8077777777777778,0.28759238578640955,0.35621659457683563,0.7556840181350708,0.4711800853751748,0.2767078307147228,0.9989332757498088,0.28789949487130706,0.3729385516238324
lfm,constant,0,56,0.9298469387755102,0.78125,1.0,0.9136,0.9298469387755102,0.9298469387755102,0.28759238578640955,0.35621659457683563,0.7556840181350708,0.4711800853751748,0.2767078307147228,0.9989332757498088,0.28789949487130706,0.3729385516238324
lfm,effect,0,60,0.908888888888889,0.6888888888888889,0.8600000000000001,0.912,0.908888888888889,0.908888888888889,0.28759238578640955,0.35621659457683563,0.7556840181350708,0.4711800853751748,0.2767078307147228,0.9989332757498088,0.28789949487130706,0.3729385516238324
lfm,element,0,150,0.7367111111111111,0.5714666666666668,0.7100000000000001,0.7375999999999999,0.7692,0.7367111111111111,0.28759238578640955,0.35621659457683563,0.7556840181350708,0.4711800853751748,0.2767078307147228,0.9989332757498088,0.28789949487130706,0.3729385516238324
lfm,experiment,0,62,0.49947970863683666,0.6977107180020812,0.47000000000000003,0.44480000000000003,0.49947970863683666,0.49947970863683666,0.28759238578640955,0.35621659457683563,0.7556840181350708,0.4711800853751748,0.2767078307147228,0.9989332757498088,0.28789949487130706,0.3729385516238324
lfm,law,0,50,0.9696,0.6016,0.9199999999999999,0.9696,0.9696,0.9696,0.28759238578640955,0.35621659457683563,0.7556840181350708,0.4711800853751748,0.2767078307147228,0.9989332757498088,0.28789949487130706,0.3729385516238324
lfm,paradox,0,62,0.8876170655567117,0.7247658688865766,0.93,0.8992,0.8876170655567117,0.8876170655567117,0.28759238578640955,0.35621659457683563,0.7556840181350708,0.4711800853751748,0.2767078307147228,0.9989332757498088,0.28789949487130706,0.3729385516238324
lfm,reaction,0,74,0.7626004382761139,0.5270270270270271,0.79,0.6944,0.7626004382761139,0.7626004382761139,0.28759238578640955,0.35621659457683563,0.7556840181350708,0.4711800853751748,0.2767078307147228,0.9989332757498088,0.28789949487130706,0.3729385516238324
lfm,researcher,0,174,0.7756638921918352,0.6080063416567578,0.8400000000000001,0.8592,0.7468,0.7756638921918352,0.28759238578640955,0.35621659457683563,0.7556840181350708,0.4711800853751748,0.2767078307147228,0.9989332757498088,0.28789949487130706,0.3729385516238324
lfm,theorem,0,64,0.9072265625,0.4189453125,0.79,0.8992,0.9072265625,0.9072265625,0.28759238578640955,0.35621659457683563,0.7556840181350708,0.4711800853751748,0.2767078307147228,0.9989332757498088,0.28789949487130706,0.3729385516238324
lfm,algorithm,1,138,0.9336273892039488,0.5602814534761604,0.98,0.9104,0.9364,0.9336273892039488,0.29337311825648976,0.3616076111793518,0.763607543706894,0.48809160713483557,0.3081238370505748,1.0029352188894622,0.29251452380825116,0.3743008054030825
lfm,conjecture,1,52,0.7736686390532544,0.5399408284023669,0.9299999999999999,0.7616,0.7736686390532544,0.7736686390532544,0.29337311825648976,0.3616076111793518,0.763607543706894,0.48809160713483557,0.3081238370505748,1.0029352188894622,0.29251452380825116,0.3743008054030825
lfm,constant,1,42,0.9387755102040816,0.6836734693877551,0.97,0.9387755102040816,0.9387755102040816,0.9387755102040816,0.29337311825648976,0.3616076111793518,0.763607543706894,0.48809160713483557,0.3081238370505748,1.0029352188894622,0.29251452380825116,0.3743008054030825
lfm,effect,1,72,0.875,0.795138888888889,0.9099999999999999,0.8448,0.875,0.875,0.29337311825648976,0.3616076111793518,0.763607543706894,0.48809160713483557,0.3081238370505748,1.0029352188894622,0.29251452380825116,0.3743008054030825
lfm,element,1,164,0.7627900059488399,0.677795954788816,0.76,0.8832,0.7415999999999999,0.7627900059488399,0.29337311825648976,0.3616076111793518,0.763607543706894,0.48809160713483557,0.3081238370505748,1.0029352188894622,0.29251452380825116,0.3743008054030825
lfm,experiment,1,44,0.6549586776859504,0.6053719008264463,0.72,0.6549586776859504,0.6549586776859504,0.6549586776859504,0.29337311825648976,0.3616076111793518,0.763607543706894,0.48809160713483557,0.3081238370505748,1.0029352188894622,0.29251452380825116,0.3743008054030825
lfm,law,1,50,0.992,0.4968,1.0,0.992,0.992,0.992,0.29337311825648976,0.3616076111793518,0.763607543706894,0.48809160713483557,0.3081238370505748,1.0029352188894622,0.29251452380825116,0.3743008054030825
lfm,paradox,1,72,0.8333333333333333,0.6358024691358025,0.77,0.8304,0.8333333333333333,0.8333333333333333,0.29337311825648976,0.3616076111793518,0.763607543706894,0.48809160713483557,0.3081238370505748,1.0029352188894622,0.29251452380825116,0.3743008054030825
lfm,reaction,1,78,0.7527942143326758,0.5479947403024326,0.78,0.7808,0.7527942143326758,0.7527942143326758,0.29337311825648976,0.3616076111793518,0.763607543706894,0.48809160713483557,0.3081238370505748,1.0029352188894622,0.29251452380825116,0.3743008054030825
lfm,researcher,1,180,0.7871604938271606,0.6377777777777777,0.8600000000000001,0.8687999999999999,0.7832,0.7871604938271606,0.29337311825648976,0.3616076111793518,0.763607543706894,0.48809160713483557,0.3081238370505748,1.0029352188894622,0.29251452380825116,0.3743008054030825
lfm,theorem,1,66,0.8888888888888888,0.4380165289256199,0.96,0.9087999999999999,0.8888888888888888,0.8888888888888888,0.29337311825648976,0.3616076111793518,0.763607543706894,0.48809160713483557,0.3081238370505748,1.0029352188894622,0.29251452380825116,0.3743008054030825
lfm,algorithm,2,144,0.9575617283950617,0.5726273148148148,0.93,0.9823999999999999,0.9488,0.9575617283950617,0.28439537168801265,0.33577534556388855,0.7287796974182129,0.5309983998844999,0.5323251435567635,1.005380621866176,0.28287333694302547,0.36292222494165655
lfm,conjecture,2,56,0.7959183673469388,0.5669642857142857,0.75,0.8048,0.7959183673469388,0.7959183673469388,0.28439537168801265,0.33577534556388855,0.7287796974182129,0.5309983998844999,0.5323251435567635,1.005380621866176,0.28287333694302547,0.36292222494165655
lfm,constant,2,48,0.9930555555555555,0.7638888888888888,0.98,0.9930555555555555,0.9930555555555555,0.9930555555555555,0.28439537168801265,0.33577534556388855,0.7287796974182129,0.5309983998844999,0.5323251435567635,1.005380621866176,0.28287333694302547,0.36292222494165655
lfm,effect,2,64,0.859375,0.65478515625,0.86,0.888,0.859375,0.859375,0.28439537168801265,0.33577534556388855,0.7287796974182129,0.5309983998844999,0.5323251435567635,1.005380621866176,0.28287333694302547,0.36292222494165655
lfm,element,2,162,0.7447035512879134,0.6226185032769396,0.73,0.7648,0.7196,0.7447035512879134,0.28439537168801265,0.33577534556388855,0.7287796974182129,0.5309983998844999,0.5323251435567635,1.005380621866176,0.28287333694302547,0.36292222494165655
lfm,experiment,2,36,0.6759259259259259,0.6759259259259258,0.6,0.6759259259259259,0.6759259259259259,0.6759259259259259,0.28439537168801265,0.33577534556388855,0.7287796974182129,0.5309983998844999,0.5323251435567635,1.005380621866176,0.28287333694302547,0.36292222494165655
lfm,law,2,76,0.9570637119113574,0.5706371191135734,0.96,0.952,0.9570637119113574,0.9570637119113574,0.28439537168801265,0.33577534556388855,0.7287796974182129,0.5309983998844999,0.5323251435567635,1.005380621866176,0.28287333694302547,0.36292222494165655
lfm,paradox,2,76,0.8774238227146813,0.6835180055401662,0.75,0.8912,0.8774238227146813,0.8774238227146813,0.28439537168801265,0.33577534556388855,0.7287796974182129,0.5309983998844999,0.5323251435567635,1.005380621866176,0.28287333694302547,0.36292222494165655
lfm,reaction,2,58,0.6813317479191439,0.6902497027348395,0.5800000000000001,0.7088000000000001,0.6813317479191439,0.6813317479191439,0.28439537168801265,0.33577534556388855,0.7287796974182129,0.5309983998844999,0.5323251435567635,1.005380621866176,0.28287333694302547,0.36292222494165655
lfm,researcher,2,190,0.6981717451523546,0.6175623268698062,0.85,0.728,0.6672,0.6981717451523546,0.28439537168801265,0.33577534556388855,0.7287796974182129,0.5309983998844999,0.5323251435567635,1.005380621866176,0.28287333694302547,0.36292222494165655
lfm,theorem,2,60,0.9255555555555555,0.515,0.8400000000000001,0.9152,0.9255555555555555,0.9255555555555555,0.28439537168801265,0.33577534556388855,0.7287796974182129,0.5309983998844999,0.5323251435567635,1.005380621866176,0.28287333694302547,0.36292222494165655
lfm,algorithm,3,130,0.9384615384615385,0.6311242603550297,0.9400000000000001,0.968,0.9364000000000001,0.9384615384615385,0.2853804567755067,0.35347092151641846,0.7390981495380401,0.5045607056561927,0.3488522040568669,0.9973491693013593,0.2861389624350678,0.37463029983760393
lfm,conjecture,3,72,0.7083333333333334,0.5165895061728395,0.8300000000000001,0.7392000000000001,0.7083333333333334,0.7083333333333334,0.2853804567755067,0.35347092151641846,0.7390981495380401,0.5045607056561927,0.3488522040568669,0.9973491693013593,0.2861389624350678,0.37463029983760393
lfm,constant,3,52,0.9112426035502958,0.6538461538461539,0.89,0.9072,0.9112426035502958,0.9112426035502958,0.2853804567755067,0.35347092151641846,0.7390981495380401,0.5045607056561927,0.3488522040568669,0.9973491693013593,0.2861389624350678,0.37463029983760393
lfm,effect,3,52,0.8801775147928994,0.7107988165680473,0.9600000000000001,0.8832,0.8801775147928994,0.8801775147928994,0.2853804567755067,0.35347092151641846,0.7390981495380401,0.5045607056561927,0.3488522040568669,0.9973491693013593,0.2861389624350678,0.37463029983760393
lfm,element,3,144,0.7413194444444444,0.6246141975308641,0.82,0.7936,0.6911999999999999,0.7413194444444444,0.2853804567755067,0.35347092151641846,0.7390981495380401,0.5045607056561927,0.3488522040568669,0.9973491693013593,0.2861389624350678,0.37463029983760393
lfm,experiment,3,46,0.5916824196597353,0.5973534971644612,0.6,0.5916824196597353,0.5916824196597353,0.5916824196597353,0.2853804567755067,0.35347092151641846,0.7390981495380401,0.5045607056561927,0.3488522040568669,0.9973491693013593,0.2861389624350678,0.37463029983760393
lfm,law,3,76,0.9833795013850416,0.5405124653739612,0.99,0.9776,0.9833795013850416,0.9833795013850416,0.2853804567755067,0.35347092151641846,0.7390981495380401,0.5045607056561927,0.3488522040568669,0.9973491693013593,0.2861389624350678,0.37463029983760393
lfm,paradox,3,68,0.8607266435986158,0.6492214532871973,0.72,0.8464,0.8607266435986158,0.8607266435986158,0.2853804567755067,0.35347092151641846,0.7390981495380401,0.5045607056561927,0.3488522040568669,0.9973491693013593,0.2861389624350678,0.37463029983760393
lfm,reaction,3,58,0.7158145065398336,0.5558858501783591,0.7,0.744,0.7158145065398336,0.7158145065398336,0.2853804567755067,0.35347092151641846,0.7390981495380401,0.5045607056561927,0.3488522040568669,0.9973491693013593,0.2861389624350678,0.37463029983760393
lfm,researcher,3,190,0.7665373961218837,0.5438781163434904,0.44999999999999996,0.8288,0.7112,0.7665373961218837,0.2853804567755067,0.35347092151641846,0.7390981495380401,0.5045607056561927,0.3488522040568669,0.9973491693013593,0.2861389624350678,0.37463029983760393
lfm,theorem,3,70,0.9142857142857143,0.38163265306122446,0.9600000000000001,0.8976,0.9142857142857143,0.9142857142857143,0.2853804567755067,0.35347092151641846,0.7390981495380401,0.5045607056561927,0.3488522040568669,0.9973491693013593,0.2861389624350678,0.37463029983760393
lfm,algorithm,4,146,0.9560893225745919,0.6634452993056859,0.9400000000000001,0.9856,0.9568,0.9560893225745919,0.28290372024393623,0.372647225856781,0.7376602351665498,0.3786059383234341,0.1286422904294091,1.0040421227483374,0.28176479208639843,0.36544364936376267
lfm,conjecture,4,64,0.7724609375,0.482421875,0.74,0.7263999999999999,0.7724609375,0.7724609375,0.28290372024393623,0.372647225856781,0.7376602351665498,0.3786059383234341,0.1286422904294091,1.0040421227483374,0.28176479208639843,0.36544364936376267
lfm,constant,4,46,0.9659735349716446,0.7315689981096409,0.9500000000000001,0.9659735349716446,0.9659735349716446,0.9659735349716446,0.28290372024393623,0.372647225856781,0.7376602351665498,0.3786059383234341,0.1286422904294091,1.0040421227483374,0.28176479208639843,0.36544364936376267
lfm,effect,4,70,0.9257142857142857,0.7228571428571428,0.91,0.9584,0.9257142857142857,0.9257142857142857,0.28290372024393623,0.372647225856781,0.7376602351665498,0.3786059383234341,0.1286422904294091,1.0040421227483374,0.28176479208639843,0.36544364936376267
lfm,element,4,142,0.7970640745883754,0.6826026582027375,0.87,0.808,0.7632,0.7970640745883754,0.28290372024393623,0.372647225856781,0.7376602351665498,0.3786059383234341,0.1286422904294091,1.0040421227483374,0.28176479208639843,0.36544364936376267
lfm,experiment,4,48,0.5173611111111112,0.6519097222222222,0.51,0.5173611111111112,0.5173611111111112,0.5173611111111112,0.28290372024393623,0.372647225856781,0.7376602351665498,0.3786059383234341,0.1286422904294091,1.0040421227483374,0.28176479208639843,0.36544364936376267
lfm,law,4,64,0.958984375,0.65234375,0.99,0.9392,0.958984375,0.958984375,0.28290372024393623,0.372647225856781,0.7376602351665498,0.3786059383234341,0.1286422904294091,1.0040421227483374,0.28176479208639843,0.36544364936376267
lfm,paradox,4,78,0.8507560815253123,0.7794214332675871,0.77,0.8128,0.8507560815253123,0.8507560815253123,0.28290372024393623,0.372647225856781,0.7376602351665498,0.3786059383234341,0.1286422904294091,1.0040421227483374,0.28176479208639843,0.36544364936376267
lfm,reaction,4,74,0.7633308984660336,0.6033601168736304,0.69,0.7791999999999999,0.7633308984660336,0.7633308984660336,0.28290372024393623,0.372647225856781,0.7376602351665498,0.3786059383234341,0.1286422904294091,1.0040421227483374,0.28176479208639843,0.36544364936376267
lfm,researcher,4,162,0.7654320987654321,0.5674439871970737,0.92,0.7072,0.6868000000000001,0.7654320987654321,0.28290372024393623,0.372647225856781,0.7376602351665498,0.3786059383234341,0.1286422904294091,1.0040421227483374,0.28176479208639843,0.36544364936376267
lfm,theorem,4,70,0.8824489795918368,0.4061224489795918,0.99,0.8752,0.8824489795918368,0.8824489795918368,0.28290372024393623,0.372647225856781,0.7376602351665498,0.3786059383234341,0.1286422904294091,1.0040421227483374,0.28176479208639843,0.36544364936376267
lfm,algorithm,5,134,0.9554466473602139,0.47738917353530846,0.9500000000000001,0.9359999999999999,0.9588,0.9554466473602139,0.2805220281817571,0.34344178438186646,0.7281390607357026,0.4788305787706995,0.40508736874770435,1.0062080409181746,0.27879128022768207,0.3610123881364503
lfm,conjecture,5,62,0.7034339229968782,0.4890738813735692,0.69,0.6576000000000001,0.7034339229968782,0.7034339229968782,0.2805220281817571,0.34344178438186646,0.7281390607357026,0.4788305787706995,0.40508736874770435,1.0062080409181746,0.27879128022768207,0.3610123881364503
lfm,constant,5,48,0.9114583333333333,0.6197916666666667,1.0,0.9114583333333333,0.9114583333333333,0.9114583333333333,0.2805220281817571,0.34344178438186646,0.7281390607357026,0.4788305787706995,0.40508736874770435,1.0062080409181746,0.27879128022768207,0.3610123881364503
lfm,effect,5,52,0.8831360946745562,0.7455621301775149,0.91,0.8752,0.8831360946745562,0.8831360946745562,0.2805220281817571,0.34344178438186646,0.7281390607357026,0.4788305787706995,0.40508736874770435,1.0062080409181746,0.27879128022768207,0.3610123881364503
lfm,element,5,132,0.716712580348944,0.6713728191000918,0.72,0.7904,0.7156,0.716712580348944,0.2805220281817571,0.34344178438186646,0.7281390607357026,0.4788305787706995,0.40508736874770435,1.0062080409181746,0.27879128022768207,0.3610123881364503
lfm,experiment,5,52,0.5517751479289941,0.7655325443786983,0.5,0.5616,0.5517751479289941,0.5517751479289941,0.2805220281817571,0.34344178438186646,0.7281390607357026,0.4788305787706995,0.40508736874770435,1.0062080409181746,0.27879128022768207,0.3610123881364503
lfm,law,5,66,0.9788797061524335,0.5339761248852157,1.0,0.9904,0.9788797061524335,0.9788797061524335,0.2805220281817571,0.34344178438186646,0.7281390607357026,0.4788305787706995,0.40508736874770435,1.0062080409181746,0.27879128022768207,0.3610123881364503
lfm,paradox,5,72,0.7530864197530864,0.6550925925925926,0.76,0.7103999999999999,0.7530864197530864,0.7530864197530864,0.2805220281817571,0.34344178438186646,0.7281390607357026,0.4788305787706995,0.40508736874770435,1.0062080409181746,0.27879128022768207,0.3610123881364503
lfm,reaction,5,84,0.7301587301587301,0.5065192743764172,0.84,0.6688,0.7301587301587301,0.7301587301587301,0.2805220281817571,0.34344178438186646,0.7281390607357026,0.4788305787706995,0.40508736874770435,1.0062080409181746,0.27879128022768207,0.3610123881364503
lfm,researcher,5,192,0.7548828125000001,0.536892361111111,0.7,0.688,0.7620000000000001,0.7548828125000001,0.2805220281817571,0.34344178438186646,0.7281390607357026,0.4788305787706995,0.40508736874770435,1.0062080409181746,0.27879128022768207,0.3610123881364503
lfm,theorem,5,62,0.9344432882414152,0.41935483870967744,0.9600000000000001,0.9344,0.9344432882414152,0.9344432882414152,0.2805220281817571,0.34344178438186646,0.7281390607357026,0.4788305787706995,0.40508736874770435,1.0062080409181746,0.27879128022768207,0.3610123881364503
sl135,algorithm,0,154,0.7343565525383707,0.5699949401248102,0.67,0.6592,0.7263999999999999,0.7343565525383707,0.29200333373926074,0.4025183916091919,0.7663534522056579,-0.27096117310520945,-0.021143588693111504,1.2812430066456042,0.22790628475377386,0.36034632380930115
sl135,conjecture,0,58,0.6052318668252081,0.6569560047562426,0.6599999999999999,0.552,0.6052318668252081,0.6052318668252081,0.29200333373926074,0.4025183916091919,0.7663534522056579,-0.27096117310520945,-0.021143588693111504,1.2812430066456042,0.22790628475377386,0.36034632380930115
sl135,constant,0,44,0.8429752066115702,0.7107438016528925,0.8200000000000001,0.8429752066115702,0.8429752066115702,0.8429752066115702,0.29200333373926074,0.4025183916091919,0.7663534522056579,-0.27096117310520945,-0.021143588693111504,1.2812430066456042,0.22790628475377386,0.36034632380930115
sl135,effect,0,60,0.7622222222222222,0.5883333333333334,0.7300000000000001,0.7552000000000001,0.7622222222222222,0.7622222222222222,0.29200333373926074,0.4025183916091919,0.7663534522056579,-0.27096117310520945,-0.021143588693111504,1.2812430066456042,0.22790628475377386,0.36034632380930115
sl135,element,0,144,0.6865354938271604,0.706983024691358,0.7200000000000001,0.7216,0.6628000000000001,0.6865354938271604,0.29200333373926074,0.4025183916091919,0.7663534522056579,-0.27096117310520945,-0.021143588693111504,1.2812430066456042,0.22790628475377386,0.36034632380930115
sl135,experiment,0,50,0.7152,0.7439999999999999,0.73,0.7152,0.7152,0.7152,0.29200333373926074,0.4025183916091919,0.7663534522056579,-0.27096117310520945,-0.021143588693111504,1.2812430066456042,0.22790628475377386,0.36034632380930115
sl135,law,0,66,0.9146005509641874,0.5587695133149678,0.8300000000000001,0.8752,0.9146005509641874,0.9146005509641874,0.29200333373926074,0.4025183916091919,0.7663534522056579,-0.27096117310520945,-0.021143588693111504,1.2812430066456042,0.22790628475377386,0.36034632380930115
sl135,paradox,0,68,0.6384083044982698,0.4649653979238754,0.67,0.6367999999999999,0.6384083044982698,0.6384083044982698,0.29200333373926074,0.4025183916091919,0.7663534522056579,-0.27096117310520945,-0.021143588693111504,1.2812430066456042,0.22790628475377386,0.36034632380930115
sl135,reaction,0,76,0.5325484764542936,0.6492382271468145,0.6799999999999999,0.5055999999999999,0.5325484764542936,0.5325484764542936,0.29200333373926074,0.4025183916091919,0.7663534522056579,-0.27096117310520945,-0.021143588693111504,1.2812430066456042,0.22790628475377386,0.36034632380930115
sl135,researcher,0,166,0.7548265350558863,0.7632457541007404,0.8,0.7952,0.7504000000000001,0.7548265350558863,0.29200333373926074,0.4025183916091919,0.7663534522056579,-0.27096117310520945,-0.021143588693111504,1.2812430066456042,0.22790628475377386,0.36034632380930115
sl135,theorem,0,64,0.767578125,0.41455078125,0.61,0.7296,0.767578125,0.767578125,0.29200333373926074,0.4025183916091919,0.7663534522056579,-0.27096117310520945,-0.021143588693111504,1.2812430066456042,0.22790628475377386,0.36034632380930115
sl135,algorithm,1,144,0.7748842592592593,0.644579475308642,0.87,0.8160000000000001,0.7936,0.7748842592592593,0.28981064858005107,0.38620030879974365,0.7420724153518677,-0.1863581401600118,0.11084247971366201,1.2896687163418508,0.22471712671869928,0.3326202991051222
sl135,conjecture,1,42,0.7414965986394557,0.6621315192743764,0.76,0.7414965986394557,0.7414965986394557,0.7414965986394557,0.28981064858005107,0.38620030879974365,0.7420724153518677,-0.1863581401600118,0.11084247971366201,1.2896687163418508,0.22471712671869928,0.3326202991051222
sl135,constant,1,36,0.845679012345679,0.4629629629629629,0.8300000000000001,0.845679012345679,0.845679012345679,0.845679012345679,0.28981064858005107,0.38620030879974365,0.7420724153518677,-0.1863581401600118,0.11084247971366201,1.2896687163418508,0.22471712671869928,0.3326202991051222
sl135,effect,1,72,0.7685185185185185,0.8395061728395061,0.79,0.7647999999999999,0.7685185185185185,0.7685185185185185,0.28981064858005107,0.38620030879974365,0.7420724153518677,-0.1863581401600118,0.11084247971366201,1.2896687163418508,0.22471712671869928,0.3326202991051222
sl135,element,1,154,0.7530780907404283,0.7187552707033227,1.0,0.7088000000000001,0.7719999999999999,0.7530780907404283,0.28981064858005107,0.38620030879974365,0.7420724153518677,-0.1863581401600118,0.11084247971366201,1.2896687163418508,0.22471712671869928,0.3326202991051222
sl135,experiment,1,52,0.7707100591715976,0.834319526627219,0.8900000000000001,0.7728,0.7707100591715976,0.7707100591715976,0.28981064858005107,0.38620030879974365,0.7420724153518677,-0.1863581401600118,0.11084247971366201,1.2896687163418508,0.22471712671869928,0.3326202991051222
sl135,law,1,60,0.9244444444444444,0.4494444444444445,0.8,0.9712,0.9244444444444444,0.9244444444444444,0.28981064858005107,0.38620030879974365,0.7420724153518677,-0.1863581401600118,0.11084247971366201,1.2896687163418508,0.22471712671869928,0.3326202991051222
sl135,paradox,1,68,0.6202422145328719,0.4083044982698962,0.51,0.5855999999999999,0.6202422145328719,0.6202422145328719,0.28981064858005107,0.38620030879974365,0.7420724153518677,-0.1863581401600118,0.11084247971366201,1.2896687163418508,0.22471712671869928,0.3326202991051222
sl135,reaction,1,70,0.4057142857142857,0.4342857142857143,0.44000000000000006,0.4064,0.4057142857142857,0.4057142857142857,0.28981064858005107,0.38620030879974365,0.7420724153518677,-0.1863581401600118,0.11084247971366201,1.2896687163418508,0.22471712671869928,0.3326202991051222
sl135,researcher,1,184,0.7582703213610587,0.7835538752362949,0.68,0.7632,0.7892,0.7582703213610587,0.28981064858005107,0.38620030879974365,0.7420724153518677,-0.1863581401600118,0.11084247971366201,1.2896687163418508,0.22471712671869928,0.3326202991051222
sl135,theorem,1,74,0.7932797662527392,0.4722425127830533,0.78,0.7824,0.7932797662527392,0.7932797662527392,0.28981064858005107,0.38620030879974365,0.7420724153518677,-0.1863581401600118,0.11084247971366201,1.2896687163418508,0.22471712671869928,0.3326202991051222
sl135,algorithm,2,156,0.7473701512163051,0.5083004602235371,0.89,0.7776,0.728,0.7473701512163051,0.29982124192197634,0.39477646350860596,0.7717319250106816,-0.22988024400350848,0.14127553386320058,1.2854543273469525,0.23324145814463554,0.3351647809618085
sl135,conjecture,2,48,0.6128472222222222,0.5460069444444444,0.61,0.6128472222222222,0.6128472222222222,0.6128472222222222,0.29982124192197634,0.39477646350860596,0.7717319250106816,-0.22988024400350848,0.14127553386320058,1.2854543273469525,0.23324145814463554,0.3351647809618085
sl135,constant,2,48,0.9131944444444445,0.6336805555555556,0.8899999999999999,0.9131944444444445,0.9131944444444445,0.9131944444444445,0.29982124192197634,0.39477646350860596,0.7717319250106816,-0.22988024400350848,0.14127553386320058,1.2854543273469525,0.23324145814463554,0.3351647809618085
sl135,effect,2,68,0.8122837370242215,0.7270761245674741,0.8999999999999999,0.8271999999999999,0.8122837370242215,0.8122837370242215,0.29982124192197634,0.39477646350860596,0.7717319250106816,-0.22988024400350848,0.14127553386320058,1.2854543273469525,0.23324145814463554,0.3351647809618085
sl135,element,2,154,0.7434643278799123,0.6317254174397032,0.8,0.808,0.7676000000000001,0.7434643278799123,0.29982124192197634,0.39477646350860596,0.7717319250106816,-0.22988024400350848,0.14127553386320058,1.2854543273469525,0.23324145814463554,0.3351647809618085
sl135,experiment,2,40,0.7649999999999999,0.62375,0.81,0.7649999999999999,0.7649999999999999,0.7649999999999999,0.29982124192197634,0.39477646350860596,0.7717319250106816,-0.22988024400350848,0.14127553386320058,1.2854543273469525,0.23324145814463554,0.3351647809618085
sl135,law,2,68,0.8382352941176471,0.527681660899654,0.76,0.8351999999999999,0.8382352941176471,0.8382352941176471,0.29982124192197634,0.39477646350860596,0.7717319250106816,-0.22988024400350848,0.14127553386320058,1.2854543273469525,0.23324145814463554,0.3351647809618085
sl135,paradox,2,66,0.6106519742883381,0.40082644628099173,0.63,0.5664,0.6106519742883381,0.6106519742883381,0.29982124192197634,0.39477646350860596,0.7717319250106816,-0.22988024400350848,0.14127553386320058,1.2854543273469525,0.23324145814463554,0.3351647809618085
sl135,reaction,2,62,0.4464099895941727,0.7070759625390218,0.45999999999999996,0.40320000000000006,0.4464099895941727,0.4464099895941727,0.29982124192197634,0.39477646350860596,0.7717319250106816,-0.22988024400350848,0.14127553386320058,1.2854543273469525,0.23324145814463554,0.3351647809618085
sl135,researcher,2,194,0.7127218620469763,0.6869486661706876,0.9,0.7392000000000001,0.7208,0.7127218620469763,0.29982124192197634,0.39477646350860596,0.7717319250106816,-0.22988024400350848,0.14127553386320058,1.2854543273469525,0.23324145814463554,0.3351647809618085
sl135,theorem,2,58,0.7217598097502973,0.5451843043995244,0.78,0.6944000000000001,0.7217598097502973,0.7217598097502973,0.29982124192197634,0.39477646350860596,0.7717319250106816,-0.22988024400350848,0.14127553386320058,1.2854543273469525,0.23324145814463554,0.3351647809618085
sl135,algorithm,3,138,0.7508926696072253,0.5695232094097878,0.8000000000000002,0.752,0.7216000000000001,0.7508926696072253,0.29475259804827103,0.3816993236541748,0.7489425301551821,-0.14641933727361883,0.2647540041854253,1.2984441179796995,0.22700445382269033,0.312868479740063
sl135,conjecture,3,60,0.47888888888888886,0.615,0.5,0.4688,0.47888888888888886,0.47888888888888886,0.29475259804827103,0.3816993236541748,0.7489425301551821,-0.14641933727361883,0.2647540041854253,1.2984441179796995,0.22700445382269033,0.312868479740063
sl135,constant,3,50,0.8576,0.6399999999999999,0.8800000000000001,0.8576,0.8576,0.8576,0.29475259804827103,0.3816993236541748,0.7489425301551821,-0.14641933727361883,0.2647540041854253,1.2984441179796995,0.22700445382269033,0.312868479740063
sl135,effect,3,56,0.8316326530612245,0.6313775510204082,0.8,0.8240000000000001,0.8316326530612245,0.8316326530612245,0.29475259804827103,0.3816993236541748,0.7489425301551821,-0.14641933727361883,0.2647540041854253,1.2984441179796995,0.22700445382269033,0.312868479740063
sl135,element,3,134,0.6711962575183782,0.6059255959010915,0.77,0.6784,0.6175999999999999,0.6711962575183782,0.29475259804827103,0.3816993236541748,0.7489425301551821,-0.14641933727361883,0.2647540041854253,1.2984441179796995,0.22700445382269033,0.312868479740063
sl135,experiment,3,52,0.7559171597633136,0.6183431952662722,0.8500000000000001,0.7824,0.7559171597633136,0.7559171597633136,0.29475259804827103,0.3816993236541748,0.7489425301551821,-0.14641933727361883,0.2647540041854253,1.2984441179796995,0.22700445382269033,0.312868479740063
sl135,law,3,72,0.9104938271604939,0.5856481481481481,0.9099999999999999,0.9056,0.9104938271604939,0.9104938271604939,0.29475259804827103,0.3816993236541748,0.7489425301551821,-0.14641933727361883,0.2647540041854253,1.2984441179796995,0.22700445382269033,0.312868479740063
sl135,paradox,3,64,0.7734375,0.4150390625,0.8300000000000001,0.7600000000000001,0.7734375,0.7734375,0.29475259804827103,0.3816993236541748,0.7489425301551821,-0.14641933727361883,0.2647540041854253,1.2984441179796995,0.22700445382269033,0.312868479740063
sl135,reaction,3,66,0.46372819100091833,0.5808080808080808,0.49,0.47039999999999993,0.46372819100091833,0.46372819100091833,0.29475259804827103,0.3816993236541748,0.7489425301551821,-0.14641933727361883,0.2647540041854253,1.2984441179796995,0.22700445382269033,0.312868479740063
sl135,researcher,3,168,0.7389455782312926,0.7050736961451247,0.74,0.6928,0.7492,0.7389455782312926,0.29475259804827103,0.3816993236541748,0.7489425301551821,-0.14641933727361883,0.2647540041854253,1.2984441179796995,0.22700445382269033,0.312868479740063
sl135,theorem,3,76,0.8358725761772854,0.5020775623268698,0.99,0.8224,0.8358725761772854,0.8358725761772854,0.29475259804827103,0.3816993236541748,0.7489425301551821,-0.14641933727361883,0.2647540041854253,1.2984441179796995,0.22700445382269033,0.312868479740063
sl135,algorithm,4,150,0.7329777777777777,0.5667555555555555,0.7,0.7184,0.7484000000000001,0.7329777777777777,0.2940943455887312,0.3714630603790283,0.751878011226654,-0.23405989304665148,0.3703495026680388,1.3022471904992108,0.22583603751155368,0.3129598376622546
sl135,conjecture,4,56,0.5918367346938775,0.5497448979591836,0.5700000000000001,0.6128,0.5918367346938775,0.5918367346938775,0.2940943455887312,0.3714630603790283,0.751878011226654,-0.23405989304665148,0.3703495026680388,1.3022471904992108,0.22583603751155368,0.3129598376622546
sl135,constant,4,44,0.8243801652892562,0.6177685950413223,0.84,0.8243801652892562,0.8243801652892562,0.8243801652892562,0.2940943455887312,0.3714630603790283,0.751878011226654,-0.23405989304665148,0.3703495026680388,1.3022471904992108,0.22583603751155368,0.3129598376622546
sl135,effect,4,70,0.7428571428571429,0.7999999999999999,0.7300000000000001,0.6848,0.7428571428571429,0.7428571428571429,0.2940943455887312,0.3714630603790283,0.751878011226654,-0.23405989304665148,0.3703495026680388,1.3022471904992108,0.22583603751155368,0.3129598376622546
sl135,element,4,126,0.7420005039052658,0.691861929957168,0.64,0.8416,0.7204,0.7420005039052658,0.2940943455887312,0.3714630603790283,0.751878011226654,-0.23405989304665148,0.3703495026680388,1.3022471904992108,0.22583603751155368,0.3129598376622546
sl135,experiment,4,64,0.681640625,0.736328125,0.74,0.64,0.681640625,0.681640625,0.2940943455887312,0.3714630603790283,0.751878011226654,-0.23405989304665148,0.3703495026680388,1.3022471904992108,0.22583603751155368,0.3129598376622546
sl135,law,4,74,0.9233016800584368,0.6128560993425859,0.94,0.9408000000000001,0.9233016800584368,0.9233016800584368,0.2940943455887312,0.3714630603790283,0.751878011226654,-0.23405989304665148,0.3703495026680388,1.3022471904992108,0.22583603751155368,0.3129598376622546
sl135,paradox,4,80,0.66875,0.3603125,0.61,0.6528,0.66875,0.66875,0.2940943455887312,0.3714630603790283,0.751878011226654,-0.23405989304665148,0.3703495026680388,1.3022471904992108,0.22583603751155368,0.3129598376622546
sl135,reaction,4,58,0.4851367419738407,0.6736028537455411,0.56,0.46080000000000004,0.4851367419738407,0.4851367419738407,0.2940943455887312,0.3714630603790283,0.751878011226654,-0.23405989304665148,0.3703495026680388,1.3022471904992108,0.22583603751155368,0.3129598376622546
sl135,researcher,4,164,0.7175788221296847,0.733194527067222,0.78,0.7104,0.6876,0.7175788221296847,0.2940943455887312,0.3714630603790283,0.751878011226654,-0.23405989304665148,0.3703495026680388,1.3022471904992108,0.22583603751155368,0.3129598376622546
sl135,theorem,4,70,0.7404081632653061,0.5257142857142857,0.73,0.7664,0.7404081632653061,0.7404081632653061,0.2940943455887312,0.3714630603790283,0.751878011226654,-0.23405989304665148,0.3703495026680388,1.3022471904992108,0.22583603751155368,0.3129598376622546
sl135,algorithm,5,140,0.7887755102040817,0.4721428571428571,0.88,0.7216,0.8084,0.7887755102040817,0.2946216758359304,0.3812382221221924,0.7338503479957582,-0.28118405992858125,0.31431010975175466,1.290575492627434,0.22828705278436226,0.32557740208358643
sl135,conjecture,5,58,0.549346016646849,0.6492271105826397,0.62,0.5584,0.549346016646849,0.549346016646849,0.2946216758359304,0.3812382221221924,0.7338503479957582,-0.28118405992858125,0.31431010975175466,1.290575492627434,0.22828705278436226,0.32557740208358643
sl135,constant,5,48,0.904513888888889,0.5399305555555556,0.89,0.904513888888889,0.904513888888889,0.904513888888889,0.2946216758359304,0.3812382221221924,0.7338503479957582,-0.28118405992858125,0.31431010975175466,1.290575492627434,0.22828705278436226,0.32557740208358643
sl135,effect,5,50,0.7615999999999999,0.696,0.6499999999999999,0.7615999999999999,0.7615999999999999,0.7615999999999999,0.2946216758359304,0.3812382221221924,0.7338503479957582,-0.28118405992858125,0.31431010975175466,1.290575492627434,0.22828705278436226,0.32557740208358643
sl135,element,5,130,0.7263905325443788,0.5857988165680474,0.64,0.7296,0.7028,0.7263905325443788,0.2946216758359304,0.3812382221221924,0.7338503479957582,-0.28118405992858125,0.31431010975175466,1.290575492627434,0.22828705278436226,0.32557740208358643
sl135,experiment,5,50,0.6784,0.7536,0.63,0.6784,0.6784,0.6784,0.2946216758359304,0.3812382221221924,0.7338503479957582,-0.28118405992858125,0.31431010975175466,1.290575492627434,0.22828705278436226,0.32557740208358643
sl135,law,5,78,0.9388560157790926,0.5338593030900723,0.97,0.9184000000000001,0.9388560157790926,0.9388560157790926,0.2946216758359304,0.3812382221221924,0.7338503479957582,-0.28118405992858125,0.31431010975175466,1.290575492627434,0.22828705278436226,0.32557740208358643
sl135,paradox,5,68,0.6176470588235293,0.5955882352941178,0.59,0.5264,0.6176470588235293,0.6176470588235293,0.2946216758359304,0.3812382221221924,0.7338503479957582,-0.28118405992858125,0.31431010975175466,1.290575492627434,0.22828705278436226,0.32557740208358643
sl135,reaction,5,82,0.453896490184414,0.5826888756692445,0.4,0.504,0.453896490184414,0.453896490184414,0.2946216758359304,0.3812382221221924,0.7338503479957582,-0.28118405992858125,0.31431010975175466,1.290575492627434,0.22828705278436226,0.32557740208358643
sl135,researcher,5,188,0.7318922589406971,0.7111815301041194,0.63,0.7168,0.7896000000000001,0.7318922589406971,0.2946216758359304,0.3812382221221924,0.7338503479957582,-0.28118405992858125,0.31431010975175466,1.290575492627434,0.22828705278436226,0.32557740208358643
sl135,theorem,5,64,0.7119140625,0.57080078125,0.5800000000000001,0.6976,0.7119140625,0.7119140625,0.2946216758359304,0.3812382221221924,0.7338503479957582,-0.28118405992858125,0.31431010975175466,1.290575492627434,0.22828705278436226,0.32557740208358643
sl1700,algorithm,0,152,0.9274584487534627,0.9246883656509696,0.85,0.9184,0.9164,0.9274584487534627,0.22592307610877238,0.30354785919189453,0.5909088015556336,-0.038992282538491616,-0.13063416816665718,0.818239713688927,0.27610866602174444,0.34903893628252153
sl1700,conjecture,0,62,0.7991675338189386,0.7565036420395421,0.85,0.8864,0.7991675338189386,0.7991675338189386,0.22592307610877238,0.30354785919189453,0.5909088015556336,-0.038992282538491616,-0.13063416816665718,0.818239713688927,0.27610866602174444,0.34903893628252153
sl1700,constant,0,50,0.9359999999999999,0.9287999999999998,0.93,0.9359999999999999,0.9359999999999999,0.9359999999999999,0.22592307610877238,0.30354785919189453,0.5909088015556336,-0.038992282538491616,-0.13063416816665718,0.818239713688927,0.27610866602174444,0.34903893628252153
sl1700,effect,0,58,0.929845422116528,0.990487514863258,0.87,0.9488,0.929845422116528,0.929845422116528,0.22592307610877238,0.30354785919189453,0.5909088015556336,-0.038992282538491616,-0.13063416816665718,0.818239713688927,0.27610866602174444,0.34903893628252153
sl1700,element,0,142,0.8539972227732592,0.8418964491172387,0.95,0.8672,0.8452,0.8539972227732592,0.22592307610877238,0.30354785919189453,0.5909088015556336,-0.038992282538491616,-0.13063416816665718,0.818239713688927,0.27610866602174444,0.34903893628252153
sl1700,experiment,0,50,0.9023999999999999,0.9216,0.99,0.9023999999999999,0.9023999999999999,0.9023999999999999,0.22592307610877238,0.30354785919189453,0.5909088015556336,-0.038992282538491616,-0.13063416816665718,0.818239713688927,0.27610866602174444,0.34903893628252153
sl1700,law,0,60,0.9955555555555555,0.9355555555555556,1.0,0.9936,0.9955555555555555,0.9955555555555555,0.22592307610877238,0.30354785919189453,0.5909088015556336,-0.038992282538491616,-0.13063416816665718,0.818239713688927,0.27610866602174444,0.34903893628252153
sl1700,paradox,0,64,0.9140625,0.9697265625,0.8799999999999999,0.912,0.9140625,0.9140625,0.22592307610877238,0.30354785919189453,0.5909088015556336,-0.038992282538491616,-0.13063416816665718,0.818239713688927,0.27610866602174444,0.34903893628252153
sl1700,reaction,0,74,0.7107377647918188,0.7699050401753104,0.52,0.8128,0.7107377647918188,0.7107377647918188,0.22592307610877238,0.30354785919189453,0.5909088015556336,-0.038992282538491616,-0.13063416816665718,0.818239713688927,0.27610866602174444,0.34903893628252153
sl1700,researcher,0,190,0.9594459833795014,0.9365096952908587,0.98,0.9488,0.956,0.9594459833795014,0.22592307610877238,0.30354785919189453,0.5909088015556336,-0.038992282538491616,-0.13063416816665718,0.818239713688927,0.27610866602174444,0.34903893628252153
sl1700,theorem,0,62,0.9927159209157128,0.8428720083246618,1.0,0.9888,0.9927159209157128,0.9927159209157128,0.22592307610877238,0.30354785919189453,0.5909088015556336,-0.038992282538491616,-0.13063416816665718,0.818239713688927,0.27610866602174444,0.34903893628252153
sl1700,algorithm,1,144,0.9340277777777779,0.8935185185185185,0.9400000000000001,0.9616,0.9436,0.9340277777777779,0.23490354464379834,0.32234588265419006,0.6191006779670717,0.09890171308610098,-0.18198528684174553,0.8146973705024745,0.2883322726457144,0.3583308290684312
sl1700,conjecture,1,52,0.8550295857988166,0.7004437869822485,0.92,0.864,0.8550295857988166,0.8550295857988166,0.23490354464379834,0.32234588265419006,0.6191006779670717,0.09890171308610098,-0.18198528684174553,0.8146973705024745,0.2883322726457144,0.3583308290684312
sl1700,constant,1,36,0.9259259259259258,0.7098765432098765,0.8500000000000001,0.9259259259259258,0.9259259259259258,0.9259259259259258,0.23490354464379834,0.32234588265419006,0.6191006779670717,0.09890171308610098,-0.18198528684174553,0.8146973705024745,0.2883322726457144,0.3583308290684312
sl1700,effect,1,72,0.9899691358024691,1.0,1.0,0.9952,0.9899691358024691,0.9899691358024691,0.23490354464379834,0.32234588265419006,0.6191006779670717,0.09890171308610098,-0.18198528684174553,0.8146973705024745,0.2883322726457144,0.3583308290684312
sl1700,element,1,156,0.8275805391190006,0.8081854043392506,0.76,0.8848,0.8972,0.8275805391190006,0.23490354464379834,0.32234588265419006,0.6191006779670717,0.09890171308610098,-0.18198528684174553,0.8146973705024745,0.2883322726457144,0.3583308290684312
sl1700,experiment,1,50,0.9488,0.9824,0.9700000000000001,0.9488,0.9488,0.9488,0.23490354464379834,0.32234588265419006,0.6191006779670717,0.09890171308610098,-0.18198528684174553,0.8146973705024745,0.2883322726457144,0.3583308290684312
sl1700,law,1,52,1.0,0.9896449704142012,1.0,1.0,1.0,1.0,0.23490354464379834,0.32234588265419006,0.6191006779670717,0.09890171308610098,-0.18198528684174553,0.8146973705024745,0.2883322726457144,0.3583308290684312
sl1700,paradox,1,76,0.899584487534626,0.8189058171745152,0.84,0.9328000000000001,0.899584487534626,0.899584487534626,0.23490354464379834,0.32234588265419006,0.6191006779670717,0.09890171308610098,-0.18198528684174553,0.8146973705024745,0.2883322726457144,0.3583308290684312
sl1700,reaction,1,78,0.7462195923734386,0.8767258382642997,0.6900000000000001,0.752,0.7462195923734386,0.7462195923734386,0.23490354464379834,0.32234588265419006,0.6191006779670717,0.09890171308610098,-0.18198528684174553,0.8146973705024745,0.2883322726457144,0.3583308290684312
sl1700,researcher,1,204,0.9557862360630526,0.9421376393694733,0.96,0.992,0.9624,0.9553,0.23490354464379834,0.32234588265419006,0.6191006779670717,0.09890171308610098,-0.18198528684174553,0.8146973705024745,0.2883322726457144,0.3583308290684312
sl1700,theorem,1,60,1.0,0.8222222222222223,1.0,1.0,1.0,1.0,0.23490354464379834,0.32234588265419006,0.6191006779670717,0.09890171308610098,-0.18198528684174553,0.8146973705024745,0.2883322726457144,0.3583308290684312
sl1700,algorithm,2,144,0.9552469135802468,0.9228395061728395,1.0,0.9503999999999999,0.9543999999999999,0.9552469135802468,0.23065396711795205,0.3176824152469635,0.6127062559127809,-0.00018886443322216532,-0.24433183249658397,0.8212547021892231,0.280855581371091,0.3628884083720672
sl1700,conjecture,2,50,0.8176,0.5247999999999999,0.8600000000000001,0.8176,0.8176,0.8176,0.23065396711795205,0.3176824152469635,0.6127062559127809,-0.00018886443322216532,-0.24433183249658397,0.8212547021892231,0.280855581371091,0.3628884083720672
sl1700,constant,2,52,0.886094674556213,0.7122781065088758,0.8800000000000001,0.9007999999999999,0.886094674556213,0.886094674556213,0.23065396711795205,0.3176824152469635,0.6127062559127809,-0.00018886443322216532,-0.24433183249658397,0.8212547021892231,0.280855581371091,0.3628884083720672
sl1700,effect,2,68,0.9740484429065743,0.9982698961937716,0.9800000000000001,0.9984,0.9740484429065743,0.9740484429065743,0.23065396711795205,0.3176824152469635,0.6127062559127809,-0.00018886443322216532,-0.24433183249658397,0.8212547021892231,0.280855581371091,0.3628884083720672
sl1700,element,2,156,0.8446745562130177,0.7649572649572649,0.97,0.9168000000000001,0.8796,0.8446745562130177,0.23065396711795205,0.3176824152469635,0.6127062559127809,-0.00018886443322216532,-0.24433183249658397,0.8212547021892231,0.280855581371091,0.3628884083720672
sl1700,experiment,2,32,0.890625,0.9453125,0.89,0.890625,0.890625,0.890625,0.23065396711795205,0.3176824152469635,0.6127062559127809,-0.00018886443322216532,-0.24433183249658397,0.8212547021892231,0.280855581371091,0.3628884083720672
sl1700,law,2,68,0.9801038062283737,0.9013840830449826,0.95,0.984,0.9801038062283737,0.9801038062283737,0.23065396711795205,0.3176824152469635,0.6127062559127809,-0.00018886443322216532,-0.24433183249658397,0.8212547021892231,0.280855581371091,0.3628884083720672
sl1700,paradox,2,70,0.8440816326530612,0.7738775510204082,0.7,0.8400000000000001,0.8440816326530612,0.8440816326530612,0.23065396711795205,0.3176824152469635,0.6127062559127809,-0.00018886443322216532,-0.24433183249658397,0.8212547021892231,0.280855581371091,0.3628884083720672
sl1700,reaction,2,58,0.7776456599286563,0.8507728894173603,0.66,0.7872,0.7776456599286563,0.7776456599286563,0.23065396711795205,0.3176824152469635,0.6127062559127809,-0.00018886443322216532,-0.24433183249658397,0.8212547021892231,0.280855581371091,0.3628884083720672
sl1700,researcher,2,208,0.9581176035502958,0.8989460059171598,0.9299999999999999,0.9296,0.9532,0.9558,0.23065396711795205,0.3176824152469635,0.6127062559127809,-0.00018886443322216532,-0.24433183249658397,0.8212547021892231,0.280855581371091,0.3628884083720672
sl1700,theorem,2,62,0.9979188345473465,0.6566077003121747,0.99,0.9984,0.9979188345473465,0.9979188345473465,0.23065396711795205,0.3176824152469635,0.6127062559127809,-0.00018886443322216532,-0.24433183249658397,0.8212547021892231,0.280855581371091,0.3628884083720672
sl1700,algorithm,3,134,0.926041434617955,0.9529962129650256,0.78,0.9583999999999999,0.9184,0.926041434617955,0.22985977835052798,0.2958061099052429,0.605577123165131,-0.035158134136227565,-0.09840500401663732,0.8278152909478337,0.2776703699320078,0.3450640407902806
sl1700,conjecture,3,68,0.8391003460207612,0.8468858131487889,0.92,0.8032,0.8391003460207612,0.8391003460207612,0.22985977835052798,0.2958061099052429,0.605577123165131,-0.035158134136227565,-0.09840500401663732,0.8278152909478337,0.2776703699320078,0.3450640407902806
sl1700,constant,3,50,0.8912,0.744,0.96,0.8912,0.8912,0.8912,0.22985977835052798,0.2958061099052429,0.605577123165131,-0.035158134136227565,-0.09840500401663732,0.8278152909478337,0.2776703699320078,0.3450640407902806
sl1700,effect,3,56,0.9693877551020408,0.9846938775510204,1.0,0.9728,0.9693877551020408,0.9693877551020408,0.22985977835052798,0.2958061099052429,0.605577123165131,-0.035158134136227565,-0.09840500401663732,0.8278152909478337,0.2776703699320078,0.3450640407902806
sl1700,element,3,142,0.8228526086094029,0.8204721285459234,0.8400000000000001,0.776,0.8735999999999999,0.8228526086094029,0.22985977835052798,0.2958061099052429,0.605577123165131,-0.035158134136227565,-0.09840500401663732,0.8278152909478337,0.2776703699320078,0.3450640407902806
sl1700,experiment,3,40,0.8825,0.86,0.89,0.8825,0.8825,0.8825,0.22985977835052798,0.2958061099052429,0.605577123165131,-0.035158134136227565,-0.09840500401663732,0.8278152909478337,0.2776703699320078,0.3450640407902806
sl1700,law,3,74,0.9985390796201608,0.9663988312636962,0.99,0.9968,0.9985390796201608,0.9985390796201608,0.22985977835052798,0.2958061099052429,0.605577123165131,-0.035158134136227565,-0.09840500401663732,0.8278152909478337,0.2776703699320078,0.3450640407902806
sl1700,paradox,3,70,0.8661224489795918,0.8261224489795919,0.9199999999999999,0.8464,0.8661224489795918,0.8661224489795918,0.22985977835052798,0.2958061099052429,0.605577123165131,-0.035158134136227565,-0.09840500401663732,0.8278152909478337,0.2776703699320078,0.3450640407902806
sl1700,reaction,3,56,0.7563775510204082,0.840561224489796,0.73,0.7296,0.7563775510204082,0.7563775510204082,0.22985977835052798,0.2958061099052429,0.605577123165131,-0.035158134136227565,-0.09840500401663732,0.8278152909478337,0.2776703699320078,0.3450640407902806
sl1700,researcher,3,204,0.9702037677816224,0.9345444059976932,1.0,0.992,0.9675999999999999,0.9702999999999999,0.22985977835052798,0.2958061099052429,0.605577123165131,-0.035158134136227565,-0.09840500401663732,0.8278152909478337,0.2776703699320078,0.3450640407902806
sl1700,theorem,3,68,1.0,0.8745674740484428,1.0,1.0,1.0,1.0,0.22985977835052798,0.2958061099052429,0.605577123165131,-0.035158134136227565,-0.09840500401663732,0.8278152909478337,0.2776703699320078,0.3450640407902806
sl1700,algorithm,4,148,0.9337107377647917,0.9446676406135865,0.92,0.9279999999999999,0.9444,0.9337107377647917,0.22943740159570464,0.31995972990989685,0.611729347705841,0.007583965514691816,-0.344970826226088,0.8278005157299193,0.27716508622398167,0.37666535872175017
sl1700,conjecture,4,60,0.8599999999999999,0.9222222222222222,0.8799999999999999,0.8688,0.8599999999999999,0.8599999999999999,0.22943740159570464,0.31995972990989685,0.611729347705841,0.007583965514691816,-0.344970826226088,0.8278005157299193,0.27716508622398167,0.37666535872175017
sl1700,constant,4,42,0.9024943310657596,0.8072562358276644,0.9500000000000001,0.9024943310657596,0.9024943310657596,0.9024943310657596,0.22943740159570464,0.31995972990989685,0.611729347705841,0.007583965514691816,-0.344970826226088,0.8278005157299193,0.27716508622398167,0.37666535872175017
sl1700,effect,4,72,0.9876543209876544,0.9992283950617283,0.9700000000000001,0.9888,0.9876543209876544,0.9876543209876544,0.22943740159570464,0.31995972990989685,0.611729347705841,0.007583965514691816,-0.344970826226088,0.8278005157299193,0.27716508622398167,0.37666535872175017
sl1700,element,4,134,0.8503007351303186,0.7698819336155046,0.9,0.784,0.8568,0.8503007351303186,0.22943740159570464,0.31995972990989685,0.611729347705841,0.007583965514691816,-0.344970826226088,0.8278005157299193,0.27716508622398167,0.37666535872175017
sl1700,experiment,4,52,0.9215976331360947,0.9393491124260356,1.0,0.9296,0.9215976331360947,0.9215976331360947,0.22943740159570464,0.31995972990989685,0.611729347705841,0.007583965514691816,-0.344970826226088,0.8278005157299193,0.27716508622398167,0.37666535872175017
sl1700,law,4,68,1.0,0.8875432525951557,1.0,1.0,1.0,1.0,0.22943740159570464,0.31995972990989685,0.611729347705841,0.007583965514691816,-0.344970826226088,0.8278005157299193,0.27716508622398167,0.37666535872175017
sl1700,paradox,4,78,0.9125575279421434,0.7468770545693623,0.9099999999999999,0.9376,0.9125575279421434,0.9125575279421434,0.22943740159570464,0.31995972990989685,0.611729347705841,0.007583965514691816,-0.344970826226088,0.8278005157299193,0.27716508622398167,0.37666535872175017
sl1700,reaction,4,62,0.7575442247658689,0.809573361082206,0.83,0.712,0.7575442247658689,0.7575442247658689,0.22943740159570464,0.31995972990989685,0.611729347705841,0.007583965514691816,-0.344970826226088,0.8278005157299193,0.27716508622398167,0.37666535872175017
sl1700,researcher,4,184,0.9693998109640832,0.9458884688090736,1.0,0.9872,0.9872,0.9693998109640832,0.22943740159570464,0.31995972990989685,0.611729347705841,0.007583965514691816,-0.344970826226088,0.8278005157299193,0.27716508622398167,0.37666535872175017
sl1700,theorem,4,70,1.0,0.8440816326530612,1.0,1.0,1.0,1.0,0.22943740159570464,0.31995972990989685,0.611729347705841,0.007583965514691816,-0.344970826226088,0.8278005157299193,0.27716508622398167,0.37666535872175017
sl1700,algorithm,5,136,0.9258217993079585,0.8824610726643598,0.89,0.9328,0.9304,0.9258217993079585,0.22729167818088872,0.3159736394882202,0.6037188172340394,0.0468762204682288,-0.2953387494743067,0.8246892133092063,0.27560888906650444,0.3705445106961357
sl1700,conjecture,5,60,0.9366666666666668,0.7177777777777778,1.0,0.9648,0.9366666666666668,0.9366666666666668,0.22729167818088872,0.3159736394882202,0.6037188172340394,0.0468762204682288,-0.2953387494743067,0.8246892133092063,0.27560888906650444,0.3705445106961357
sl1700,constant,5,46,0.9716446124763705,0.8695652173913043,0.99,0.9716446124763705,0.9716446124763705,0.9716446124763705,0.22729167818088872,0.3159736394882202,0.6037188172340394,0.0468762204682288,-0.2953387494743067,0.8246892133092063,0.27560888906650444,0.3705445106961357
sl1700,effect,5,54,0.9643347050754457,0.9684499314128944,1.0,0.9584,0.9643347050754457,0.9643347050754457,0.22729167818088872,0.3159736394882202,0.6037188172340394,0.0468762204682288,-0.2953387494743067,0.8246892133092063,0.27560888906650444,0.3705445106961357
sl1700,element,5,128,0.837646484375,0.796630859375,0.79,0.8271999999999999,0.8355999999999999,0.837646484375,0.22729167818088872,0.3159736394882202,0.6037188172340394,0.0468762204682288,-0.2953387494743067,0.8246892133092063,0.27560888906650444,0.3705445106961357
sl1700,experiment,5,50,0.896,0.952,0.77,0.896,0.896,0.896,0.22729167818088872,0.3159736394882202,0.6037188172340394,0.0468762204682288,-0.2953387494743067,0.8246892133092063,0.27560888906650444,0.3705445106961357
sl1700,law,5,58,0.9988109393579073,0.9203329369797859,1.0,0.9984,0.9988109393579073,0.9988109393579073,0.22729167818088872,0.3159736394882202,0.6037188172340394,0.0468762204682288,-0.2953387494743067,0.8246892133092063,0.27560888906650444,0.3705445106961357
sl1700,paradox,5,74,0.9474068663257853,0.8765522279035792,0.87,0.9296,0.9474068663257853,0.9474068663257853,0.22729167818088872,0.3159736394882202,0.6037188172340394,0.0468762204682288,-0.2953387494743067,0.8246892133092063,0.27560888906650444,0.3705445106961357
sl1700,reaction,5,84,0.6989795918367346,0.7244897959183674,0.74,0.7136000000000001,0.6989795918367346,0.6989795918367346,0.22729167818088872,0.3159736394882202,0.6037188172340394,0.0468762204682288,-0.2953387494743067,0.8246892133092063,0.27560888906650444,0.3705445106961357
sl1700,researcher,5,212,0.9592381630473478,0.9047703809184764,0.99,0.9568,0.9552,0.9582,0.22729167818088872,0.3159736394882202,0.6037188172340394,0.0468762204682288,-0.2953387494743067,0.8246892133092063,0.27560888906650444,0.3705445106961357
sl1700,theorem,5,70,0.9926530612244899,0.7644897959183673,1.0,0.9936,0.9926530612244899,0.9926530612244899,0.22729167818088872,0.3159736394882202,0.6037188172340394,0.0468762204682288,-0.2953387494743067,0.8246892133092063,0.27560888906650444,0.3705445106961357
