arm,init,seed,eval,seconds,best_cv_mse
none,hot,0,0,0.0000,0.006256
none,hot,1,0,0.0000,0.005528
none,hot,2,0,0.0000,0.006182
none,hot,3,0,0.0000,0.005990
none,hot,4,0,0.0000,0.007497
none,hot,5,0,0.0000,0.006414
none,hot,6,0,0.0000,0.006464
none,hot,7,0,0.0000,0.006181
none,hot,8,0,0.0000,0.006707
none,hot,9,0,0.0000,0.006677
scipy-lbfgsb,hot,0,0,0.0000,0.006256
scipy-lbfgsb,hot,0,3,0.0651,0.006256
scipy-lbfgsb,hot,0,71,1.0960,0.006255
scipy-lbfgsb,hot,0,146,2.2253,0.005904
scipy-lbfgsb,hot,0,148,2.2550,0.005904
scipy-lbfgsb,hot,0,177,2.7182,0.005904
scipy-lbfgsb,hot,0,184,2.8160,0.005904
scipy-lbfgsb,hot,0,223,3.3554,0.005904
scipy-lbfgsb,hot,0,436,6.3852,0.005830
scipy-lbfgsb,hot,0,438,6.4121,0.005829
scipy-lbfgsb,hot,0,474,6.9188,0.005829
scipy-lbfgsb,hot,0,513,7.4849,0.005829
scipy-lbfgsb,hot,0,581,8.4991,0.005429
scipy-lbfgsb,hot,0,583,8.5279,0.005429
scipy-lbfgsb,hot,0,591,8.6486,0.005429
scipy-lbfgsb,hot,0,624,9.1455,0.005429
scipy-lbfgsb,hot,0,658,9.6559,0.005428
scipy-lbfgsb,hot,0,871,12.7765,0.005424
scipy-lbfgsb,hot,0,873,12.8035,0.005424
scipy-lbfgsb,hot,0,881,12.9172,0.005424
scipy-lbfgsb,hot,0,914,13.4393,0.005423
scipy-lbfgsb,hot,0,948,13.9172,0.005423
scipy-lbfgsb,hot,0,1161,17.0158,0.005421
scipy-lbfgsb,hot,0,1163,17.0455,0.005420
scipy-lbfgsb,hot,0,1171,17.1614,0.005420
scipy-lbfgsb,hot,0,1204,17.6410,0.005420
scipy-lbfgsb,hot,0,1238,18.1515,0.005420
scipy-lbfgsb,hot,0,1451,21.2591,0.005418
scipy-lbfgsb,hot,0,1453,21.2876,0.005418
scipy-lbfgsb,hot,0,1461,21.3939,0.005418
scipy-lbfgsb,hot,0,1494,21.8454,0.005418
scipy-lbfgsb,hot,0,1528,22.3053,0.005417
scipy-lbfgsb,hot,0,1743,25.5043,0.005417
scipy-lbfgsb,hot,0,1751,25.6319,0.005417
scipy-lbfgsb,hot,0,1784,26.1196,0.005417
scipy-lbfgsb,hot,0,1818,26.6192,0.005416
scipy-lbfgsb,hot,1,0,0.0000,0.005528
scipy-lbfgsb,hot,1,4,0.0743,0.005528
scipy-lbfgsb,hot,1,11,0.1706,0.005528
scipy-lbfgsb,hot,1,19,0.2795,0.005528
scipy-lbfgsb,hot,1,23,0.3372,0.005528
scipy-lbfgsb,hot,1,61,0.8747,0.005527
scipy-lbfgsb,hot,1,144,2.0472,0.005003
scipy-lbfgsb,hot,1,147,2.0932,0.005003
scipy-lbfgsb,hot,1,152,2.1674,0.005003
scipy-lbfgsb,hot,1,154,2.2037,0.005003
scipy-lbfgsb,hot,1,166,2.3685,0.005003
scipy-lbfgsb,hot,1,198,2.7921,0.005003
scipy-lbfgsb,hot,1,206,2.8971,0.005003
scipy-lbfgsb,hot,1,287,4.0104,0.004575
scipy-lbfgsb,hot,1,290,4.0511,0.004575
scipy-lbfgsb,hot,1,294,4.1082,0.004575
scipy-lbfgsb,hot,1,297,4.1507,0.004575
scipy-lbfgsb,hot,1,330,4.5920,0.004575
scipy-lbfgsb,hot,1,410,5.6837,0.004575
scipy-lbfgsb,hot,1,411,5.6965,0.004574
scipy-lbfgsb,hot,1,430,5.9554,0.004293
scipy-lbfgsb,hot,1,432,5.9814,0.004292
scipy-lbfgsb,hot,1,473,6.5489,0.004292
scipy-lbfgsb,hot,1,553,7.6646,0.004292
scipy-lbfgsb,hot,1,554,7.6774,0.004292
scipy-lbfgsb,hot,1,573,7.9549,0.004253
scipy-lbfgsb,hot,1,574,7.9848,0.004252
scipy-lbfgsb,hot,1,575,8.0102,0.004250
scipy-lbfgsb,hot,1,716,9.9742,0.004137
scipy-lbfgsb,hot,1,718,10.0013,0.004136
scipy-lbfgsb,hot,1,859,12.0403,0.004058
scipy-lbfgsb,hot,1,861,12.0691,0.004058
scipy-lbfgsb,hot,1,933,13.0884,0.004058
scipy-lbfgsb,hot,1,977,13.7828,0.004057
scipy-lbfgsb,hot,1,1002,14.2848,0.003903
scipy-lbfgsb,hot,1,1005,14.3346,0.003903
scipy-lbfgsb,hot,1,1006,14.3490,0.003903
scipy-lbfgsb,hot,1,1012,14.4452,0.003903
scipy-lbfgsb,hot,1,1014,14.4771,0.003903
scipy-lbfgsb,hot,1,1288,18.4514,0.003860
scipy-lbfgsb,hot,1,1291,18.4915,0.003860
scipy-lbfgsb,hot,1,1292,18.5047,0.003860
scipy-lbfgsb,hot,1,1298,18.5815,0.003860
scipy-lbfgsb,hot,1,1300,18.6079,0.003859
scipy-lbfgsb,hot,1,1574,22.5220,0.003852
scipy-lbfgsb,hot,1,1577,22.5635,0.003852
scipy-lbfgsb,hot,1,1578,22.5774,0.003852
scipy-lbfgsb,hot,1,1584,22.6592,0.003852
scipy-lbfgsb,hot,1,1586,22.6855,0.003851
scipy-lbfgsb,hot,1,1860,26.5748,0.003850
scipy-lbfgsb,hot,1,1863,26.6182,0.003850
scipy-lbfgsb,hot,1,1864,26.6328,0.003850
scipy-lbfgsb,hot,1,1870,26.7141,0.003850
scipy-lbfgsb,hot,1,1872,26.7409,0.003850
scipy-lbfgsb,hot,2,0,0.0000,0.006182
scipy-lbfgsb,hot,2,3,0.0557,0.006182
scipy-lbfgsb,hot,2,10,0.1543,0.006182
scipy-lbfgsb,hot,2,27,0.4385,0.006182
scipy-lbfgsb,hot,2,28,0.4534,0.006182
scipy-lbfgsb,hot,2,57,0.8896,0.006182
scipy-lbfgsb,hot,2,69,1.0498,0.006181
scipy-lbfgsb,hot,2,146,2.0918,0.005571
scipy-lbfgsb,hot,2,148,2.1192,0.005570
scipy-lbfgsb,hot,2,156,2.2366,0.005570
scipy-lbfgsb,hot,2,214,3.0698,0.005570
scipy-lbfgsb,hot,2,291,4.1424,0.004902
scipy-lbfgsb,hot,2,293,4.1771,0.004902
scipy-lbfgsb,hot,2,373,5.3086,0.004901
scipy-lbfgsb,hot,2,436,6.2603,0.004710
scipy-lbfgsb,hot,2,440,6.3137,0.004710
scipy-lbfgsb,hot,2,441,6.3283,0.004710
scipy-lbfgsb,hot,2,442,6.3461,0.004710
scipy-lbfgsb,hot,2,446,6.4082,0.004710
scipy-lbfgsb,hot,2,451,6.4802,0.004710
scipy-lbfgsb,hot,2,500,7.1768,0.004709
scipy-lbfgsb,hot,2,538,7.7319,0.004709
scipy-lbfgsb,hot,2,550,7.8958,0.004709
scipy-lbfgsb,hot,2,581,8.3645,0.004468
scipy-lbfgsb,hot,2,586,8.4405,0.004468
scipy-lbfgsb,hot,2,591,8.5157,0.004468
scipy-lbfgsb,hot,2,593,8.5445,0.004468
scipy-lbfgsb,hot,2,596,8.5941,0.004468
scipy-lbfgsb,hot,2,610,8.8009,0.004468
scipy-lbfgsb,hot,2,626,9.0467,0.004468
scipy-lbfgsb,hot,2,645,9.3254,0.004467
scipy-lbfgsb,hot,2,726,10.4607,0.004315
scipy-lbfgsb,hot,2,727,10.4761,0.004315
scipy-lbfgsb,hot,2,738,10.6377,0.004315
scipy-lbfgsb,hot,2,740,10.6661,0.004315
scipy-lbfgsb,hot,2,871,12.4633,0.004132
scipy-lbfgsb,hot,2,873,12.4907,0.004132
scipy-lbfgsb,hot,2,883,12.6253,0.004132
scipy-lbfgsb,hot,2,887,12.6815,0.004132
scipy-lbfgsb,hot,2,898,12.8532,0.004132
scipy-lbfgsb,hot,2,901,12.8970,0.004131
scipy-lbfgsb,hot,2,1016,14.6408,0.004021
scipy-lbfgsb,hot,2,1018,14.6863,0.004021
scipy-lbfgsb,hot,2,1028,14.8240,0.004021
scipy-lbfgsb,hot,2,1032,14.8804,0.004020
scipy-lbfgsb,hot,2,1041,15.0000,0.004020
scipy-lbfgsb,hot,2,1043,15.0264,0.004020
scipy-lbfgsb,hot,2,1046,15.0717,0.004020
scipy-lbfgsb,hot,2,1062,15.2910,0.004020
scipy-lbfgsb,hot,2,1098,15.7829,0.004020
scipy-lbfgsb,hot,2,1306,18.6972,0.003949
scipy-lbfgsb,hot,2,1308,18.7239,0.003949
scipy-lbfgsb,hot,2,1309,18.7380,0.003949
scipy-lbfgsb,hot,2,1315,18.8156,0.003949
scipy-lbfgsb,hot,2,1318,18.8567,0.003949
scipy-lbfgsb,hot,2,1319,18.8708,0.003948
scipy-lbfgsb,hot,2,1320,18.8839,0.003948
scipy-lbfgsb,hot,2,1451,20.8923,0.003861
scipy-lbfgsb,hot,2,1452,20.9236,0.003861
scipy-lbfgsb,hot,2,1454,20.9707,0.003861
scipy-lbfgsb,hot,2,1456,20.9984,0.003861
scipy-lbfgsb,hot,2,1463,21.0999,0.003861
scipy-lbfgsb,hot,2,1465,21.1286,0.003860
scipy-lbfgsb,hot,2,1509,21.7823,0.003860
scipy-lbfgsb,hot,2,1596,23.2687,0.003802
scipy-lbfgsb,hot,2,1598,23.3272,0.003802
scipy-lbfgsb,hot,2,1599,23.3433,0.003802
scipy-lbfgsb,hot,2,1601,23.3744,0.003802
scipy-lbfgsb,hot,2,1606,23.4510,0.003802
scipy-lbfgsb,hot,2,1631,23.8281,0.003802
scipy-lbfgsb,hot,2,1632,23.8436,0.003802
scipy-lbfgsb,hot,2,1660,24.2714,0.003802
scipy-lbfgsb,hot,2,1678,24.5372,0.003801
scipy-lbfgsb,hot,2,1741,25.4961,0.003744
scipy-lbfgsb,hot,2,1744,25.5732,0.003744
scipy-lbfgsb,hot,2,1746,25.6025,0.003744
scipy-lbfgsb,hot,2,1751,25.6790,0.003744
scipy-lbfgsb,hot,2,1776,26.0651,0.003744
scipy-lbfgsb,hot,2,1777,26.0799,0.003744
scipy-lbfgsb,hot,2,1786,26.2147,0.003744
scipy-lbfgsb,hot,2,1835,26.9541,0.003744
scipy-lbfgsb,hot,2,1886,27.8305,0.003730
scipy-lbfgsb,hot,2,1888,27.8578,0.003730
scipy-lbfgsb,hot,2,1889,27.8717,0.003730
scipy-lbfgsb,hot,2,1899,28.0021,0.003730
scipy-lbfgsb,hot,2,1932,28.4475,0.003729
scipy-lbfgsb,hot,3,0,0.0000,0.005990
scipy-lbfgsb,hot,3,3,0.0650,0.005989
scipy-lbfgsb,hot,3,7,0.1178,0.005987
scipy-lbfgsb,hot,3,142,2.0052,0.005189
scipy-lbfgsb,hot,3,143,2.0204,0.005189
scipy-lbfgsb,hot,3,144,2.0332,0.005188
scipy-lbfgsb,hot,3,160,2.2558,0.005188
scipy-lbfgsb,hot,3,280,3.9418,0.005188
scipy-lbfgsb,hot,3,283,3.9848,0.004871
scipy-lbfgsb,hot,3,284,3.9987,0.004871
scipy-lbfgsb,hot,3,285,4.0135,0.004871
scipy-lbfgsb,hot,3,348,4.9057,0.004871
scipy-lbfgsb,hot,3,396,5.5642,0.004870
scipy-lbfgsb,hot,3,397,5.5779,0.004870
scipy-lbfgsb,hot,3,424,5.9434,0.004465
scipy-lbfgsb,hot,3,425,5.9573,0.004465
scipy-lbfgsb,hot,3,431,6.0415,0.004465
scipy-lbfgsb,hot,3,474,6.6511,0.004464
scipy-lbfgsb,hot,3,486,6.8585,0.004464
scipy-lbfgsb,hot,3,565,7.9647,0.004252
scipy-lbfgsb,hot,3,566,7.9801,0.004252
scipy-lbfgsb,hot,3,572,8.0665,0.004252
scipy-lbfgsb,hot,3,573,8.0799,0.004252
scipy-lbfgsb,hot,3,627,8.8721,0.004252
scipy-lbfgsb,hot,3,679,9.5962,0.004252
scipy-lbfgsb,hot,3,706,10.0063,0.004045
scipy-lbfgsb,hot,3,707,10.0375,0.004045
scipy-lbfgsb,hot,3,713,10.1400,0.004045
scipy-lbfgsb,hot,3,714,10.1533,0.004045
scipy-lbfgsb,hot,3,820,11.7225,0.004045
scipy-lbfgsb,hot,3,988,14.1248,0.003947
scipy-lbfgsb,hot,3,989,14.1389,0.003947
scipy-lbfgsb,hot,3,995,14.2208,0.003947
scipy-lbfgsb,hot,3,996,14.2348,0.003947
scipy-lbfgsb,hot,3,1072,15.3011,0.003946
scipy-lbfgsb,hot,3,1102,15.7199,0.003946
scipy-lbfgsb,hot,3,1129,16.2316,0.003817
scipy-lbfgsb,hot,3,1130,16.2686,0.003817
scipy-lbfgsb,hot,3,1134,16.3354,0.003817
scipy-lbfgsb,hot,3,1136,16.3617,0.003817
scipy-lbfgsb,hot,3,1139,16.4329,0.003817
scipy-lbfgsb,hot,3,1155,16.6434,0.003817
scipy-lbfgsb,hot,3,1213,17.4648,0.003817
scipy-lbfgsb,hot,3,1217,17.5271,0.003817
scipy-lbfgsb,hot,3,1243,17.8969,0.003817
scipy-lbfgsb,hot,3,1270,18.3761,0.003652
scipy-lbfgsb,hot,3,1271,18.3900,0.003652
scipy-lbfgsb,hot,3,1275,18.4488,0.003652
scipy-lbfgsb,hot,3,1284,18.5755,0.003651
scipy-lbfgsb,hot,3,1394,20.1422,0.003651
scipy-lbfgsb,hot,3,1411,20.4236,0.003530
scipy-lbfgsb,hot,3,1412,20.4607,0.003530
scipy-lbfgsb,hot,3,1429,20.7247,0.003530
scipy-lbfgsb,hot,3,1441,20.8924,0.003530
scipy-lbfgsb,hot,3,1452,21.0466,0.003530
scipy-lbfgsb,hot,3,1487,21.5409,0.003530
scipy-lbfgsb,hot,3,1489,21.5693,0.003530
scipy-lbfgsb,hot,3,1552,22.5548,0.003460
scipy-lbfgsb,hot,3,1553,22.5691,0.003460
scipy-lbfgsb,hot,3,1557,22.6231,0.003460
scipy-lbfgsb,hot,3,1570,22.8035,0.003460
scipy-lbfgsb,hot,3,1573,22.8517,0.003460
scipy-lbfgsb,hot,3,1628,23.6999,0.003460
scipy-lbfgsb,hot,3,1682,24.4461,0.003460
scipy-lbfgsb,hot,3,1693,24.6198,0.003372
scipy-lbfgsb,hot,3,1694,24.6564,0.003372
scipy-lbfgsb,hot,3,1698,24.7266,0.003372
scipy-lbfgsb,hot,3,1715,24.9988,0.003371
scipy-lbfgsb,hot,3,1834,26.7398,0.003334
scipy-lbfgsb,hot,3,1835,26.7716,0.003334
scipy-lbfgsb,hot,3,1844,26.9153,0.003334
scipy-lbfgsb,hot,3,1855,27.0684,0.003334
scipy-lbfgsb,hot,3,1866,27.2283,0.003334
scipy-lbfgsb,hot,3,1873,27.3343,0.003334
scipy-lbfgsb,hot,3,1975,28.8471,0.003267
scipy-lbfgsb,hot,3,1976,28.8776,0.003267
scipy-lbfgsb,hot,3,1985,29.0189,0.003267
scipy-lbfgsb,hot,3,1996,29.1736,0.003267
scipy-lbfgsb,hot,4,0,0.0000,0.007497
scipy-lbfgsb,hot,4,2,0.0461,0.007497
scipy-lbfgsb,hot,4,4,0.0743,0.007497
scipy-lbfgsb,hot,4,7,0.1160,0.007497
scipy-lbfgsb,hot,4,23,0.3370,0.007497
scipy-lbfgsb,hot,4,60,0.9568,0.007497
scipy-lbfgsb,hot,4,63,1.0035,0.007497
scipy-lbfgsb,hot,4,145,2.1568,0.007497
scipy-lbfgsb,hot,4,291,4.3891,0.007487
scipy-lbfgsb,hot,4,292,4.4033,0.007487
scipy-lbfgsb,hot,4,294,4.4356,0.007487
scipy-lbfgsb,hot,4,297,4.4783,0.007487
scipy-lbfgsb,hot,4,313,4.7216,0.007486
scipy-lbfgsb,hot,4,350,5.3155,0.007486
scipy-lbfgsb,hot,4,353,5.3646,0.007486
scipy-lbfgsb,hot,4,435,6.8489,0.007486
scipy-lbfgsb,hot,4,581,9.3063,0.007484
scipy-lbfgsb,hot,4,582,9.3215,0.007484
scipy-lbfgsb,hot,4,584,9.3500,0.007484
scipy-lbfgsb,hot,4,587,9.3938,0.007484
scipy-lbfgsb,hot,4,603,9.6143,0.007484
scipy-lbfgsb,hot,4,640,10.1268,0.007484
scipy-lbfgsb,hot,4,643,10.1686,0.007484
scipy-lbfgsb,hot,4,725,11.3183,0.007484
scipy-lbfgsb,hot,4,726,11.3341,0.007482
scipy-lbfgsb,hot,4,727,11.3483,0.007482
scipy-lbfgsb,hot,4,729,11.3761,0.007482
scipy-lbfgsb,hot,4,732,11.4196,0.007482
scipy-lbfgsb,hot,4,748,11.6535,0.007482
scipy-lbfgsb,hot,4,785,12.1592,0.007482
scipy-lbfgsb,hot,4,788,12.1999,0.007481
scipy-lbfgsb,hot,4,870,13.4174,0.007481
scipy-lbfgsb,hot,4,1016,15.6442,0.007476
scipy-lbfgsb,hot,4,1017,15.6579,0.007476
scipy-lbfgsb,hot,4,1019,15.6875,0.007476
scipy-lbfgsb,hot,4,1022,15.7330,0.007476
scipy-lbfgsb,hot,4,1038,15.9724,0.007476
scipy-lbfgsb,hot,4,1075,16.5168,0.007476
scipy-lbfgsb,hot,4,1078,16.5597,0.007476
scipy-lbfgsb,hot,4,1160,17.8451,0.007476
scipy-lbfgsb,hot,4,1161,17.8609,0.007471
scipy-lbfgsb,hot,4,1162,17.8782,0.007471
scipy-lbfgsb,hot,4,1164,17.9088,0.007471
scipy-lbfgsb,hot,4,1167,17.9523,0.007471
scipy-lbfgsb,hot,4,1183,18.2513,0.007471
scipy-lbfgsb,hot,4,1220,18.7895,0.007471
scipy-lbfgsb,hot,4,1223,18.8311,0.007471
scipy-lbfgsb,hot,4,1305,20.1978,0.007471
scipy-lbfgsb,hot,4,1457,22.4343,0.007470
scipy-lbfgsb,hot,4,1473,22.6701,0.007470
scipy-lbfgsb,hot,4,1510,23.2144,0.007470
scipy-lbfgsb,hot,4,1513,23.2581,0.007470
scipy-lbfgsb,hot,4,1595,24.6079,0.007470
scipy-lbfgsb,hot,4,1602,24.7225,0.007470
scipy-lbfgsb,hot,4,1618,24.9806,0.007470
scipy-lbfgsb,hot,4,1655,25.6208,0.007470
scipy-lbfgsb,hot,4,1658,25.6660,0.007470
scipy-lbfgsb,hot,4,1740,26.9317,0.007470
scipy-lbfgsb,hot,5,0,0.0000,0.006414
scipy-lbfgsb,hot,5,3,0.0618,0.006414
scipy-lbfgsb,hot,5,15,0.2482,0.006414
scipy-lbfgsb,hot,5,17,0.2769,0.006414
scipy-lbfgsb,hot,5,19,0.3074,0.006413
scipy-lbfgsb,hot,5,142,2.1500,0.005758
scipy-lbfgsb,hot,5,144,2.1799,0.005758
scipy-lbfgsb,hot,5,146,2.2084,0.005758
scipy-lbfgsb,hot,5,158,2.3911,0.005758
scipy-lbfgsb,hot,5,283,4.2892,0.005272
scipy-lbfgsb,hot,5,285,4.3213,0.005272
scipy-lbfgsb,hot,5,287,4.3568,0.005272
scipy-lbfgsb,hot,5,339,5.1736,0.005271
scipy-lbfgsb,hot,5,424,6.3955,0.004880
scipy-lbfgsb,hot,5,428,6.4541,0.004879
scipy-lbfgsb,hot,5,430,6.4827,0.004879
scipy-lbfgsb,hot,5,433,6.5263,0.004879
scipy-lbfgsb,hot,5,439,6.6173,0.004879
scipy-lbfgsb,hot,5,440,6.6323,0.004879
scipy-lbfgsb,hot,5,446,6.7205,0.004879
scipy-lbfgsb,hot,5,466,7.0469,0.004878
scipy-lbfgsb,hot,5,508,7.7061,0.004875
scipy-lbfgsb,hot,5,565,8.5827,0.004296
scipy-lbfgsb,hot,5,569,8.6707,0.004296
scipy-lbfgsb,hot,5,570,8.6861,0.004296
scipy-lbfgsb,hot,5,607,9.2670,0.004296
scipy-lbfgsb,hot,5,631,9.6545,0.004296
scipy-lbfgsb,hot,5,661,10.1341,0.004296
scipy-lbfgsb,hot,5,706,10.8290,0.004249
scipy-lbfgsb,hot,5,710,10.9389,0.004249
scipy-lbfgsb,hot,5,711,10.9546,0.004249
scipy-lbfgsb,hot,5,748,11.4998,0.004249
scipy-lbfgsb,hot,5,772,11.8526,0.004249
scipy-lbfgsb,hot,5,988,15.3243,0.003957
scipy-lbfgsb,hot,5,990,15.3714,0.003957
scipy-lbfgsb,hot,5,992,15.4196,0.003957
scipy-lbfgsb,hot,5,994,15.4649,0.003957
scipy-lbfgsb,hot,5,1054,16.3753,0.003957
scipy-lbfgsb,hot,5,1270,19.5548,0.003903
scipy-lbfgsb,hot,5,1272,19.5845,0.003903
scipy-lbfgsb,hot,5,1312,20.1392,0.003903
scipy-lbfgsb,hot,5,1336,20.4856,0.003903
scipy-lbfgsb,hot,5,1552,23.9078,0.003851
scipy-lbfgsb,hot,5,1554,23.9421,0.003851
scipy-lbfgsb,hot,5,1558,24.0054,0.003851
scipy-lbfgsb,hot,5,1594,24.6163,0.003851
scipy-lbfgsb,hot,5,1618,24.9723,0.003850
scipy-lbfgsb,hot,5,1975,30.4987,0.003850
scipy-lbfgsb,hot,5,1977,30.5263,0.003850
scipy-lbfgsb,hot,5,1981,30.5821,0.003850
scipy-lbfgsb,hot,6,0,0.0000,0.006464
scipy-lbfgsb,hot,6,2,0.0445,0.006464
scipy-lbfgsb,hot,6,3,0.0586,0.006464
scipy-lbfgsb,hot,6,27,0.3974,0.006464
scipy-lbfgsb,hot,6,28,0.4108,0.006464
scipy-lbfgsb,hot,6,29,0.4240,0.006464
scipy-lbfgsb,hot,6,30,0.4377,0.006464
scipy-lbfgsb,hot,6,92,1.3027,0.006463
scipy-lbfgsb,hot,6,148,2.1098,0.005936
scipy-lbfgsb,hot,6,149,2.1236,0.005936
scipy-lbfgsb,hot,6,150,2.1367,0.005936
scipy-lbfgsb,hot,6,174,2.4772,0.005936
scipy-lbfgsb,hot,6,176,2.5074,0.005936
scipy-lbfgsb,hot,6,177,2.5218,0.005936
scipy-lbfgsb,hot,6,178,2.5361,0.005936
scipy-lbfgsb,hot,6,295,4.2254,0.005388
scipy-lbfgsb,hot,6,296,4.2385,0.005388
scipy-lbfgsb,hot,6,297,4.2519,0.005388
scipy-lbfgsb,hot,6,301,4.3080,0.005388
scipy-lbfgsb,hot,6,419,6.0566,0.005388
scipy-lbfgsb,hot,6,421,6.0841,0.005387
scipy-lbfgsb,hot,6,442,6.4191,0.004969
scipy-lbfgsb,hot,6,443,6.4345,0.004969
scipy-lbfgsb,hot,6,447,6.5051,0.004969
scipy-lbfgsb,hot,6,464,6.7503,0.004969
scipy-lbfgsb,hot,6,483,7.0506,0.004969
scipy-lbfgsb,hot,6,508,7.4731,0.004969
scipy-lbfgsb,hot,6,589,8.8150,0.004572
scipy-lbfgsb,hot,6,594,8.9175,0.004571
scipy-lbfgsb,hot,6,667,10.0970,0.004571
scipy-lbfgsb,hot,6,736,11.0990,0.004394
scipy-lbfgsb,hot,6,738,11.1611,0.004394
scipy-lbfgsb,hot,6,739,11.1777,0.004394
scipy-lbfgsb,hot,6,745,11.2620,0.004394
scipy-lbfgsb,hot,6,752,11.3633,0.004394
scipy-lbfgsb,hot,6,754,11.3910,0.004394
scipy-lbfgsb,hot,6,778,11.7322,0.004393
scipy-lbfgsb,hot,6,883,13.2884,0.004270
scipy-lbfgsb,hot,6,884,13.3215,0.004270
scipy-lbfgsb,hot,6,885,13.3503,0.004270
scipy-lbfgsb,hot,6,919,13.8386,0.004270
scipy-lbfgsb,hot,6,949,14.2831,0.004270
scipy-lbfgsb,hot,6,1008,15.1003,0.004270
scipy-lbfgsb,hot,6,1009,15.1129,0.004269
scipy-lbfgsb,hot,6,1030,15.4090,0.004032
scipy-lbfgsb,hot,6,1032,15.4645,0.004031
scipy-lbfgsb,hot,6,1117,16.6652,0.004031
scipy-lbfgsb,hot,6,1118,16.6792,0.004031
scipy-lbfgsb,hot,6,1177,17.6268,0.003944
scipy-lbfgsb,hot,6,1179,17.6560,0.003944
scipy-lbfgsb,hot,6,1180,17.6709,0.003944
scipy-lbfgsb,hot,6,1245,18.5821,0.003943
scipy-lbfgsb,hot,6,1324,19.7105,0.003853
scipy-lbfgsb,hot,6,1326,19.7732,0.003853
scipy-lbfgsb,hot,6,1327,19.7959,0.003853
scipy-lbfgsb,hot,6,1392,20.8917,0.003853
scipy-lbfgsb,hot,6,1438,21.5506,0.003853
scipy-lbfgsb,hot,6,1471,22.0302,0.003756
scipy-lbfgsb,hot,6,1472,22.0609,0.003756
scipy-lbfgsb,hot,6,1474,22.1059,0.003755
scipy-lbfgsb,hot,6,1476,22.1332,0.003755
scipy-lbfgsb,hot,6,1477,22.1463,0.003755
scipy-lbfgsb,hot,6,1490,22.3257,0.003755
scipy-lbfgsb,hot,6,1581,23.6542,0.003755
scipy-lbfgsb,hot,6,1618,24.2130,0.003653
scipy-lbfgsb,hot,6,1619,24.2389,0.003653
scipy-lbfgsb,hot,6,1621,24.2869,0.003653
scipy-lbfgsb,hot,6,1622,24.3004,0.003652
scipy-lbfgsb,hot,6,1623,24.3139,0.003652
scipy-lbfgsb,hot,6,1637,24.5089,0.003652
scipy-lbfgsb,hot,6,1712,25.5528,0.003652
scipy-lbfgsb,hot,6,1728,25.7711,0.003652
scipy-lbfgsb,hot,6,1912,28.4912,0.003569
scipy-lbfgsb,hot,6,1913,28.5104,0.003569
scipy-lbfgsb,hot,6,1916,28.5559,0.003569
scipy-lbfgsb,hot,7,0,0.0000,0.006181
scipy-lbfgsb,hot,7,2,0.0409,0.006181
scipy-lbfgsb,hot,7,9,0.1395,0.006180
scipy-lbfgsb,hot,7,142,2.1140,0.005446
scipy-lbfgsb,hot,7,146,2.1870,0.005446
scipy-lbfgsb,hot,7,150,2.2664,0.005445
scipy-lbfgsb,hot,7,283,4.2392,0.004822
scipy-lbfgsb,hot,7,287,4.2956,0.004822
scipy-lbfgsb,hot,7,288,4.3091,0.004822
scipy-lbfgsb,hot,7,290,4.3366,0.004822
scipy-lbfgsb,hot,7,298,4.4497,0.004821
scipy-lbfgsb,hot,7,317,4.7165,0.004821
scipy-lbfgsb,hot,7,373,5.4882,0.004821
scipy-lbfgsb,hot,7,424,6.1812,0.004388
scipy-lbfgsb,hot,7,426,6.2079,0.004388
scipy-lbfgsb,hot,7,439,6.3837,0.004388
scipy-lbfgsb,hot,7,548,7.9086,0.004388
scipy-lbfgsb,hot,7,565,8.1430,0.004225
scipy-lbfgsb,hot,7,566,8.1668,0.004225
scipy-lbfgsb,hot,7,567,8.1912,0.004225
scipy-lbfgsb,hot,7,609,8.7909,0.004225
scipy-lbfgsb,hot,7,614,8.8602,0.004224
scipy-lbfgsb,hot,7,661,9.6135,0.004224
scipy-lbfgsb,hot,7,667,9.7009,0.004224
scipy-lbfgsb,hot,7,706,10.2466,0.003914
scipy-lbfgsb,hot,7,709,10.3217,0.003914
scipy-lbfgsb,hot,7,713,10.3776,0.003914
scipy-lbfgsb,hot,7,723,10.5128,0.003914
scipy-lbfgsb,hot,7,728,10.5876,0.003914
scipy-lbfgsb,hot,7,729,10.6012,0.003913
scipy-lbfgsb,hot,7,732,10.6410,0.003913
scipy-lbfgsb,hot,7,738,10.7212,0.003913
scipy-lbfgsb,hot,7,744,10.8049,0.003913
scipy-lbfgsb,hot,7,754,10.9572,0.003913
scipy-lbfgsb,hot,7,756,10.9889,0.003913
scipy-lbfgsb,hot,7,836,12.0741,0.003913
scipy-lbfgsb,hot,7,847,12.2353,0.003854
scipy-lbfgsb,hot,7,848,12.2651,0.003854
scipy-lbfgsb,hot,7,854,12.3596,0.003854
scipy-lbfgsb,hot,7,864,12.4937,0.003854
scipy-lbfgsb,hot,7,870,12.5712,0.003854
scipy-lbfgsb,hot,7,873,12.6094,0.003854
scipy-lbfgsb,hot,7,896,12.9262,0.003854
scipy-lbfgsb,hot,7,927,13.3818,0.003853
scipy-lbfgsb,hot,7,943,13.7338,0.003853
scipy-lbfgsb,hot,7,988,14.3751,0.003764
scipy-lbfgsb,hot,7,991,14.4506,0.003764
scipy-lbfgsb,hot,7,995,14.5051,0.003764
scipy-lbfgsb,hot,7,1003,14.6136,0.003764
scipy-lbfgsb,hot,7,1010,14.7052,0.003764
scipy-lbfgsb,hot,7,1036,15.0422,0.003764
scipy-lbfgsb,hot,7,1038,15.0686,0.003763
scipy-lbfgsb,hot,7,1129,16.3684,0.003686
scipy-lbfgsb,hot,7,1130,16.3955,0.003686
scipy-lbfgsb,hot,7,1131,16.4263,0.003686
scipy-lbfgsb,hot,7,1152,16.7292,0.003685
scipy-lbfgsb,hot,7,1178,17.1002,0.003685
scipy-lbfgsb,hot,7,1225,17.8008,0.003685
scipy-lbfgsb,hot,7,1270,18.5228,0.003615
scipy-lbfgsb,hot,7,1271,18.5378,0.003615
scipy-lbfgsb,hot,7,1272,18.5512,0.003615
scipy-lbfgsb,hot,7,1277,18.6242,0.003615
scipy-lbfgsb,hot,7,1287,18.7611,0.003615
scipy-lbfgsb,hot,7,1293,18.8444,0.003615
scipy-lbfgsb,hot,7,1384,20.1032,0.003615
scipy-lbfgsb,hot,7,1552,22.5005,0.003566
scipy-lbfgsb,hot,7,1555,22.5424,0.003566
scipy-lbfgsb,hot,7,1557,22.5692,0.003566
scipy-lbfgsb,hot,7,1559,22.5960,0.003566
scipy-lbfgsb,hot,7,1568,22.7165,0.003566
scipy-lbfgsb,hot,7,1602,23.1833,0.003566
scipy-lbfgsb,hot,7,1622,23.4684,0.003566
scipy-lbfgsb,hot,7,1666,24.0885,0.003566
scipy-lbfgsb,hot,7,1693,24.4953,0.003499
scipy-lbfgsb,hot,7,1697,24.5866,0.003499
scipy-lbfgsb,hot,7,1698,24.5998,0.003499
scipy-lbfgsb,hot,7,1700,24.6261,0.003499
scipy-lbfgsb,hot,7,1708,24.7393,0.003499
scipy-lbfgsb,hot,7,1709,24.7527,0.003497
scipy-lbfgsb,hot,7,1834,26.5119,0.003462
scipy-lbfgsb,hot,7,1836,26.5760,0.003461
scipy-lbfgsb,hot,7,1849,26.7641,0.003461
scipy-lbfgsb,hot,7,1964,28.4884,0.003461
scipy-lbfgsb,hot,7,1975,28.6683,0.003392
scipy-lbfgsb,hot,7,1979,28.7547,0.003392
scipy-lbfgsb,hot,7,1980,28.7683,0.003392
scipy-lbfgsb,hot,7,1982,28.7966,0.003392
scipy-lbfgsb,hot,7,1990,28.9086,0.003392
scipy-lbfgsb,hot,8,0,0.0000,0.006707
scipy-lbfgsb,hot,8,4,0.0712,0.006707
scipy-lbfgsb,hot,8,26,0.3749,0.006707
scipy-lbfgsb,hot,8,27,0.3892,0.006706
scipy-lbfgsb,hot,8,33,0.4708,0.006706
scipy-lbfgsb,hot,8,45,0.6358,0.006706
scipy-lbfgsb,hot,8,144,2.1541,0.006025
scipy-lbfgsb,hot,8,150,2.2450,0.006025
scipy-lbfgsb,hot,8,153,2.2880,0.006025
scipy-lbfgsb,hot,8,154,2.3025,0.006024
scipy-lbfgsb,hot,8,188,2.7835,0.006024
scipy-lbfgsb,hot,8,250,3.7575,0.006024
scipy-lbfgsb,hot,8,287,4.4058,0.005295
scipy-lbfgsb,hot,8,288,4.4197,0.005295
scipy-lbfgsb,hot,8,294,4.5029,0.005295
scipy-lbfgsb,hot,8,319,4.8769,0.005295
scipy-lbfgsb,hot,8,331,5.0289,0.005295
scipy-lbfgsb,hot,8,332,5.0420,0.005294
scipy-lbfgsb,hot,8,341,5.1600,0.005294
scipy-lbfgsb,hot,8,363,5.4630,0.005294
scipy-lbfgsb,hot,8,409,6.0941,0.005294
scipy-lbfgsb,hot,8,430,6.3923,0.004858
scipy-lbfgsb,hot,8,431,6.4072,0.004858
scipy-lbfgsb,hot,8,433,6.4343,0.004858
scipy-lbfgsb,hot,8,434,6.4483,0.004858
scipy-lbfgsb,hot,8,465,6.8896,0.004858
scipy-lbfgsb,hot,8,480,7.1059,0.004858
scipy-lbfgsb,hot,8,513,7.5809,0.004858
scipy-lbfgsb,hot,8,520,7.6841,0.004856
scipy-lbfgsb,hot,8,573,8.4910,0.004426
scipy-lbfgsb,hot,8,574,8.5150,0.004426
scipy-lbfgsb,hot,8,582,8.6534,0.004426
scipy-lbfgsb,hot,8,583,8.6707,0.004426
scipy-lbfgsb,hot,8,598,8.9045,0.004426
scipy-lbfgsb,hot,8,599,8.9185,0.004426
scipy-lbfgsb,hot,8,623,9.2740,0.004426
scipy-lbfgsb,hot,8,645,9.5902,0.004426
scipy-lbfgsb,hot,8,647,9.6185,0.004426
scipy-lbfgsb,hot,8,691,10.2829,0.004426
scipy-lbfgsb,hot,8,716,10.6818,0.004244
scipy-lbfgsb,hot,8,717,10.7130,0.004243
scipy-lbfgsb,hot,8,718,10.7414,0.004243
scipy-lbfgsb,hot,8,725,10.8441,0.004243
scipy-lbfgsb,hot,8,726,10.8606,0.004243
scipy-lbfgsb,hot,8,734,10.9795,0.004243
scipy-lbfgsb,hot,8,742,11.0896,0.004243
scipy-lbfgsb,hot,8,753,11.2450,0.004243
scipy-lbfgsb,hot,8,834,12.4381,0.004243
scipy-lbfgsb,hot,8,859,12.8032,0.003997
scipy-lbfgsb,hot,8,860,12.8338,0.003997
scipy-lbfgsb,hot,8,861,12.8647,0.003997
scipy-lbfgsb,hot,8,877,13.0938,0.003997
scipy-lbfgsb,hot,8,897,13.3891,0.003997
scipy-lbfgsb,hot,8,1145,17.0600,0.003949
scipy-lbfgsb,hot,8,1146,17.0759,0.003949
scipy-lbfgsb,hot,8,1155,17.2078,0.003949
scipy-lbfgsb,hot,8,1163,17.3223,0.003949
scipy-lbfgsb,hot,8,1207,17.9386,0.003949
scipy-lbfgsb,hot,8,1229,18.2472,0.003949
scipy-lbfgsb,hot,8,1288,19.2905,0.003896
scipy-lbfgsb,hot,8,1289,19.3057,0.003896
scipy-lbfgsb,hot,8,1298,19.4361,0.003896
scipy-lbfgsb,hot,8,1306,19.5538,0.003896
scipy-lbfgsb,hot,8,1350,20.1801,0.003896
scipy-lbfgsb,hot,8,1431,21.4588,0.003809
scipy-lbfgsb,hot,8,1432,21.4910,0.003808
scipy-lbfgsb,hot,8,1441,21.6361,0.003808
scipy-lbfgsb,hot,8,1468,22.0429,0.003808
scipy-lbfgsb,hot,8,1515,22.7331,0.003808
scipy-lbfgsb,hot,8,1574,23.6485,0.003740
scipy-lbfgsb,hot,8,1577,23.7256,0.003740
scipy-lbfgsb,hot,8,1578,23.7397,0.003740
scipy-lbfgsb,hot,8,1584,23.8261,0.003740
scipy-lbfgsb,hot,8,1612,24.3249,0.003739
scipy-lbfgsb,hot,8,1717,26.1644,0.003671
scipy-lbfgsb,hot,8,1718,26.1960,0.003671
scipy-lbfgsb,hot,8,1721,26.2521,0.003671
scipy-lbfgsb,hot,8,1725,26.3265,0.003671
scipy-lbfgsb,hot,8,1727,26.3673,0.003671
scipy-lbfgsb,hot,8,1735,26.4935,0.003671
scipy-lbfgsb,hot,8,1792,27.3251,0.003671
scipy-lbfgsb,hot,8,1793,27.3395,0.003671
scipy-lbfgsb,hot,8,1860,28.5550,0.003609
scipy-lbfgsb,hot,8,1864,28.6144,0.003609
scipy-lbfgsb,hot,8,1870,28.7011,0.003609
scipy-lbfgsb,hot,8,1878,28.8210,0.003609
scipy-lbfgsb,hot,8,1936,29.7666,0.003609
scipy-lbfgsb,hot,8,1950,29.9922,0.003609
scipy-lbfgsb,hot,9,0,0.0000,0.006677
scipy-lbfgsb,hot,9,4,0.0760,0.006677
scipy-lbfgsb,hot,9,5,0.0897,0.006677
scipy-lbfgsb,hot,9,11,0.1762,0.006677
scipy-lbfgsb,hot,9,40,0.6024,0.006677
scipy-lbfgsb,hot,9,60,0.8942,0.006677
scipy-lbfgsb,hot,9,69,1.0252,0.006677
scipy-lbfgsb,hot,9,291,4.7301,0.006648
scipy-lbfgsb,hot,9,294,4.7746,0.006648
scipy-lbfgsb,hot,9,295,4.7889,0.006648
scipy-lbfgsb,hot,9,301,4.8761,0.006648
scipy-lbfgsb,hot,9,330,5.2873,0.006648
scipy-lbfgsb,hot,9,350,5.5833,0.006648
scipy-lbfgsb,hot,9,359,5.7117,0.006648
scipy-lbfgsb,hot,9,436,6.8830,0.006489
scipy-lbfgsb,hot,9,437,6.8967,0.006489
scipy-lbfgsb,hot,9,440,7.0432,0.006489
scipy-lbfgsb,hot,9,446,7.1311,0.006489
scipy-lbfgsb,hot,9,514,8.2599,0.006489
scipy-lbfgsb,hot,9,726,11.3600,0.006395
scipy-lbfgsb,hot,9,727,11.3768,0.006394
scipy-lbfgsb,hot,9,730,11.4263,0.006394
scipy-lbfgsb,hot,9,736,11.5126,0.006394
scipy-lbfgsb,hot,9,804,12.5302,0.006394
scipy-lbfgsb,hot,9,858,13.3330,0.006394
scipy-lbfgsb,hot,9,1016,15.6679,0.006379
scipy-lbfgsb,hot,9,1017,15.6830,0.006379
scipy-lbfgsb,hot,9,1020,15.7294,0.006379
scipy-lbfgsb,hot,9,1026,15.8202,0.006378
scipy-lbfgsb,hot,9,1094,16.8100,0.006378
scipy-lbfgsb,hot,9,1148,17.6548,0.006378
scipy-lbfgsb,hot,9,1306,20.1394,0.006373
scipy-lbfgsb,hot,9,1307,20.1554,0.006373
scipy-lbfgsb,hot,9,1310,20.2054,0.006373
scipy-lbfgsb,hot,9,1316,20.2963,0.006372
scipy-lbfgsb,hot,9,1384,21.4714,0.006372
scipy-lbfgsb,hot,9,1436,22.4681,0.006372
scipy-lbfgsb,hot,9,1438,22.4978,0.006372
scipy-lbfgsb,hot,9,1596,24.8515,0.006370
scipy-lbfgsb,hot,9,1597,24.8664,0.006370
scipy-lbfgsb,hot,9,1600,24.9097,0.006370
scipy-lbfgsb,hot,9,1606,24.9936,0.006370
scipy-lbfgsb,hot,9,1674,25.9837,0.006370
scipy-lbfgsb,hot,9,1726,26.7168,0.006370
scipy-lbfgsb,hot,9,1728,26.7432,0.006370
scipy-lbfgsb,hot,9,1886,29.0778,0.006369
scipy-lbfgsb,hot,9,1887,29.0924,0.006369
scipy-lbfgsb,hot,9,1890,29.1361,0.006369
scipy-lbfgsb,hot,9,1896,29.2232,0.006368
scipy-lbfgsb,hot,9,1964,30.1880,0.006368
scipy-powell,hot,0,0,0.0000,0.006256
scipy-powell,hot,0,7,0.1154,0.006254
scipy-powell,hot,0,8,0.1291,0.006252
scipy-powell,hot,0,10,0.1570,0.006252
scipy-powell,hot,0,11,0.1705,0.006252
scipy-powell,hot,0,12,0.1845,0.006252
scipy-powell,hot,0,13,0.1990,0.006252
scipy-powell,hot,0,14,0.2125,0.006252
scipy-powell,hot,0,18,0.2704,0.005771
scipy-powell,hot,0,19,0.2848,0.005755
scipy-powell,hot,0,22,0.3266,0.005754
scipy-powell,hot,0,23,0.3399,0.005754
scipy-powell,hot,0,24,0.3535,0.005754
scipy-powell,hot,0,25,0.3668,0.005754
scipy-powell,hot,0,27,0.3953,0.005754
scipy-powell,hot,0,28,0.4100,0.005754
scipy-powell,hot,0,29,0.4248,0.005754
scipy-powell,hot,0,81,1.1668,0.005742
scipy-powell,hot,0,82,1.1819,0.005742
scipy-powell,hot,0,83,1.1976,0.005742
scipy-powell,hot,0,85,1.2274,0.005742
scipy-powell,hot,0,86,1.2419,0.005741
scipy-powell,hot,0,87,1.2556,0.005741
scipy-powell,hot,0,90,1.2980,0.005741
scipy-powell,hot,0,91,1.3112,0.005741
scipy-powell,hot,0,92,1.3249,0.005741
scipy-powell,hot,0,93,1.3394,0.005741
scipy-powell,hot,0,94,1.3536,0.005741
scipy-powell,hot,0,148,2.1218,0.005741
scipy-powell,hot,0,150,2.1494,0.005741
scipy-powell,hot,0,151,2.1632,0.005741
scipy-powell,hot,0,152,2.1773,0.005741
scipy-powell,hot,0,153,2.1912,0.005741
scipy-powell,hot,0,154,2.2049,0.005741
scipy-powell,hot,0,171,2.4445,0.005741
scipy-powell,hot,0,175,2.5082,0.005741
scipy-powell,hot,0,176,2.5240,0.005741
scipy-powell,hot,0,178,2.5562,0.005741
scipy-powell,hot,0,179,2.5705,0.005741
scipy-powell,hot,0,180,2.5860,0.005741
scipy-powell,hot,0,181,2.6021,0.005741
scipy-powell,hot,0,182,2.6165,0.005741
scipy-powell,hot,0,184,2.6455,0.005741
scipy-powell,hot,0,185,2.6614,0.005741
scipy-powell,hot,0,186,2.6765,0.005741
scipy-powell,hot,0,187,2.6917,0.005741
scipy-powell,hot,0,188,2.7072,0.005741
scipy-powell,hot,0,189,2.7216,0.005741
scipy-powell,hot,0,190,2.7367,0.005741
scipy-powell,hot,0,191,2.7513,0.005741
scipy-powell,hot,0,192,2.7654,0.005741
scipy-powell,hot,0,193,2.7798,0.005741
scipy-powell,hot,0,194,2.7949,0.005741
scipy-powell,hot,0,195,2.8111,0.005741
scipy-powell,hot,0,196,2.8254,0.005741
scipy-powell,hot,0,197,2.8402,0.005741
scipy-powell,hot,0,198,2.8560,0.005741
scipy-powell,hot,0,199,2.8711,0.005741
scipy-powell,hot,0,200,2.8864,0.005741
scipy-powell,hot,0,201,2.9046,0.005741
scipy-powell,hot,0,202,2.9201,0.005741
scipy-powell,hot,0,203,2.9361,0.005741
scipy-powell,hot,0,208,3.0099,0.005715
scipy-powell,hot,0,210,3.0426,0.005663
scipy-powell,hot,0,212,3.0725,0.005663
scipy-powell,hot,0,213,3.0868,0.005663
scipy-powell,hot,0,214,3.1022,0.005663
scipy-powell,hot,0,215,3.1159,0.005663
scipy-powell,hot,0,216,3.1295,0.005663
scipy-powell,hot,0,217,3.1435,0.005663
scipy-powell,hot,0,221,3.1995,0.005635
scipy-powell,hot,0,222,3.2129,0.005621
scipy-powell,hot,0,223,3.2276,0.005619
scipy-powell,hot,0,224,3.2425,0.005618
scipy-powell,hot,0,225,3.2578,0.005617
scipy-powell,hot,0,226,3.2713,0.005617
scipy-powell,hot,0,227,3.2862,0.005617
scipy-powell,hot,0,228,3.3008,0.005617
scipy-powell,hot,0,229,3.3160,0.005617
scipy-powell,hot,0,230,3.3301,0.005617
scipy-powell,hot,0,231,3.3434,0.005617
scipy-powell,hot,0,232,3.3575,0.005617
scipy-powell,hot,0,233,3.3721,0.005617
scipy-powell,hot,0,234,3.3866,0.005617
scipy-powell,hot,0,235,3.4016,0.005617
scipy-powell,hot,0,236,3.4148,0.005617
scipy-powell,hot,0,237,3.4279,0.005617
scipy-powell,hot,0,238,3.4421,0.005617
scipy-powell,hot,0,239,3.4566,0.005617
scipy-powell,hot,0,240,3.4706,0.005617
scipy-powell,hot,0,241,3.4838,0.005617
scipy-powell,hot,0,242,3.4992,0.005617
scipy-powell,hot,0,243,3.5136,0.005617
scipy-powell,hot,0,244,3.5282,0.005617
scipy-powell,hot,0,245,3.5429,0.005617
scipy-powell,hot,0,246,3.5568,0.005617
scipy-powell,hot,0,247,3.5744,0.005617
scipy-powell,hot,0,248,3.5891,0.005617
scipy-powell,hot,0,249,3.6034,0.005617
scipy-powell,hot,0,250,3.6180,0.005617
scipy-powell,hot,0,251,3.6324,0.005617
scipy-powell,hot,0,252,3.6456,0.005617
scipy-powell,hot,0,253,3.6604,0.005617
scipy-powell,hot,0,254,3.6739,0.005617
scipy-powell,hot,0,255,3.6872,0.005617
scipy-powell,hot,0,256,3.7000,0.005617
scipy-powell,hot,0,257,3.7135,0.005617
scipy-powell,hot,0,282,4.0727,0.005616
scipy-powell,hot,0,283,4.0868,0.005615
scipy-powell,hot,0,284,4.1007,0.005615
scipy-powell,hot,0,285,4.1156,0.005615
scipy-powell,hot,0,286,4.1301,0.005614
scipy-powell,hot,0,287,4.1443,0.005614
scipy-powell,hot,0,288,4.1592,0.005614
scipy-powell,hot,0,289,4.1733,0.005614
scipy-powell,hot,0,290,4.1869,0.005614
scipy-powell,hot,0,291,4.2010,0.005614
scipy-powell,hot,0,292,4.2149,0.005614
scipy-powell,hot,0,293,4.2290,0.005614
scipy-powell,hot,0,294,4.2427,0.005614
scipy-powell,hot,0,295,4.2573,0.005614
scipy-powell,hot,0,296,4.2713,0.005614
scipy-powell,hot,0,297,4.2850,0.005614
scipy-powell,hot,0,298,4.2981,0.005614
scipy-powell,hot,0,299,4.3112,0.005614
scipy-powell,hot,0,300,4.3247,0.005614
scipy-powell,hot,0,301,4.3375,0.005614
scipy-powell,hot,0,302,4.3505,0.005614
scipy-powell,hot,0,303,4.3649,0.005614
scipy-powell,hot,0,304,4.3792,0.005614
scipy-powell,hot,0,305,4.3940,0.005614
scipy-powell,hot,0,306,4.4070,0.005614
scipy-powell,hot,0,307,4.4210,0.005614
scipy-powell,hot,0,308,4.4349,0.005614
scipy-powell,hot,0,309,4.4486,0.005614
scipy-powell,hot,0,310,4.4620,0.005614
scipy-powell,hot,0,311,4.4752,0.005614
scipy-powell,hot,0,312,4.4888,0.005614
scipy-powell,hot,0,313,4.5037,0.005614
scipy-powell,hot,0,314,4.5173,0.005614
scipy-powell,hot,0,315,4.5323,0.005614
scipy-powell,hot,0,316,4.5473,0.005614
scipy-powell,hot,0,317,4.5615,0.005614
scipy-powell,hot,0,319,4.5922,0.005614
scipy-powell,hot,0,322,4.6370,0.005614
scipy-powell,hot,0,323,4.6512,0.005614
scipy-powell,hot,0,325,4.6804,0.005614
scipy-powell,hot,0,327,4.7091,0.005614
scipy-powell,hot,0,328,4.7226,0.005614
scipy-powell,hot,0,329,4.7365,0.005614
scipy-powell,hot,0,330,4.7510,0.005614
scipy-powell,hot,0,331,4.7659,0.005614
scipy-powell,hot,0,332,4.7813,0.005614
scipy-powell,hot,0,336,4.8404,0.005614
scipy-powell,hot,0,343,4.9394,0.005614
scipy-powell,hot,0,344,4.9530,0.005614
scipy-powell,hot,0,345,4.9673,0.005614
scipy-powell,hot,0,346,4.9817,0.005614
scipy-powell,hot,0,347,4.9960,0.005614
scipy-powell,hot,0,348,5.0116,0.005614
scipy-powell,hot,0,349,5.0263,0.005614
scipy-powell,hot,0,350,5.0407,0.005614
scipy-powell,hot,0,351,5.0544,0.005614
scipy-powell,hot,0,352,5.0699,0.005614
scipy-powell,hot,0,353,5.0837,0.005614
scipy-powell,hot,0,354,5.0982,0.005614
scipy-powell,hot,0,355,5.1133,0.005614
scipy-powell,hot,0,356,5.1269,0.005614
scipy-powell,hot,0,357,5.1413,0.005614
scipy-powell,hot,0,358,5.1544,0.005614
scipy-powell,hot,0,359,5.1677,0.005614
scipy-powell,hot,0,360,5.1826,0.005614
scipy-powell,hot,0,361,5.1971,0.005614
scipy-powell,hot,0,362,5.2105,0.005614
scipy-powell,hot,0,363,5.2257,0.005614
scipy-powell,hot,0,364,5.2404,0.005614
scipy-powell,hot,0,365,5.2545,0.005614
scipy-powell,hot,0,366,5.2705,0.005614
scipy-powell,hot,0,367,5.2854,0.005614
scipy-powell,hot,0,368,5.3006,0.005614
scipy-powell,hot,0,369,5.3151,0.005614
scipy-powell,hot,0,370,5.3300,0.005614
scipy-powell,hot,0,371,5.3433,0.005614
scipy-powell,hot,0,372,5.3570,0.005614
scipy-powell,hot,0,373,5.3717,0.005614
scipy-powell,hot,0,374,5.3864,0.005614
scipy-powell,hot,0,375,5.4005,0.005614
scipy-powell,hot,0,376,5.4134,0.005614
scipy-powell,hot,0,377,5.4263,0.005614
scipy-powell,hot,0,378,5.4404,0.005614
scipy-powell,hot,0,379,5.4546,0.005614
scipy-powell,hot,0,380,5.4692,0.005614
scipy-powell,hot,0,384,5.5296,0.005614
scipy-powell,hot,0,390,5.6140,0.005614
scipy-powell,hot,0,391,5.6277,0.005614
scipy-powell,hot,0,392,5.6414,0.005614
scipy-powell,hot,0,418,6.0100,0.005614
scipy-powell,hot,0,419,6.0236,0.005614
scipy-powell,hot,0,420,6.0372,0.005614
scipy-powell,hot,0,421,6.0535,0.005614
scipy-powell,hot,0,423,6.0862,0.005614
scipy-powell,hot,0,424,6.1018,0.005614
scipy-powell,hot,0,428,6.1616,0.005614
scipy-powell,hot,0,438,6.3076,0.005614
scipy-powell,hot,0,441,6.3515,0.005614
scipy-powell,hot,0,445,6.4110,0.005613
scipy-powell,hot,0,448,6.4551,0.005453
scipy-powell,hot,0,450,6.4856,0.005450
scipy-powell,hot,0,451,6.5015,0.005450
scipy-powell,hot,0,452,6.5181,0.005450
scipy-powell,hot,0,453,6.5352,0.005450
scipy-powell,hot,0,454,6.5507,0.005450
scipy-powell,hot,0,455,6.5653,0.005450
scipy-powell,hot,0,457,6.5958,0.005450
scipy-powell,hot,0,468,6.7678,0.005449
scipy-powell,hot,0,469,6.7826,0.005449
scipy-powell,hot,0,470,6.7971,0.005449
scipy-powell,hot,0,471,6.8116,0.005449
scipy-powell,hot,0,472,6.8273,0.005449
scipy-powell,hot,0,473,6.8439,0.005449
scipy-powell,hot,0,474,6.8612,0.005449
scipy-powell,hot,0,482,6.9813,0.005447
scipy-powell,hot,0,483,6.9958,0.005447
scipy-powell,hot,0,484,7.0132,0.005447
scipy-powell,hot,0,485,7.0292,0.005447
scipy-powell,hot,0,486,7.0468,0.005447
scipy-powell,hot,0,487,7.0629,0.005447
scipy-powell,hot,0,492,7.1380,0.005430
scipy-powell,hot,0,493,7.1543,0.005430
scipy-powell,hot,0,494,7.1700,0.005428
scipy-powell,hot,0,496,7.2036,0.005427
scipy-powell,hot,0,498,7.2358,0.005427
scipy-powell,hot,0,499,7.2512,0.005427
scipy-powell,hot,0,500,7.2661,0.005427
scipy-powell,hot,0,501,7.2814,0.005427
scipy-powell,hot,0,502,7.2971,0.005427
scipy-powell,hot,0,503,7.3128,0.005427
scipy-powell,hot,0,528,7.7066,0.005427
scipy-powell,hot,0,529,7.7231,0.005427
scipy-powell,hot,0,530,7.7399,0.005427
scipy-powell,hot,0,533,7.7864,0.005427
scipy-powell,hot,0,535,7.8179,0.005427
scipy-powell,hot,0,536,7.8334,0.005427
scipy-powell,hot,0,537,7.8488,0.005427
scipy-powell,hot,0,540,7.8958,0.005427
scipy-powell,hot,0,543,7.9428,0.005416
scipy-powell,hot,0,547,8.0039,0.005415
scipy-powell,hot,0,548,8.0198,0.005415
scipy-powell,hot,0,549,8.0359,0.005415
scipy-powell,hot,0,550,8.0521,0.005415
scipy-powell,hot,0,557,8.1624,0.005384
scipy-powell,hot,0,560,8.2111,0.005381
scipy-powell,hot,0,562,8.2424,0.005381
scipy-powell,hot,0,563,8.2573,0.005381
scipy-powell,hot,0,564,8.2725,0.005381
scipy-powell,hot,0,565,8.2874,0.005381
scipy-powell,hot,0,566,8.3033,0.005381
scipy-powell,hot,0,574,8.4284,0.005257
scipy-powell,hot,0,576,8.4586,0.005248
scipy-powell,hot,0,578,8.4908,0.005248
scipy-powell,hot,0,579,8.5061,0.005248
scipy-powell,hot,0,580,8.5206,0.005248
scipy-powell,hot,0,581,8.5364,0.005248
scipy-powell,hot,0,599,8.8291,0.005198
scipy-powell,hot,0,604,8.9069,0.005198
scipy-powell,hot,0,605,8.9237,0.005198
scipy-powell,hot,0,606,8.9393,0.005198
scipy-powell,hot,0,607,8.9556,0.005198
scipy-powell,hot,0,609,8.9869,0.005198
scipy-powell,hot,0,615,9.0823,0.005179
scipy-powell,hot,0,617,9.1135,0.005168
scipy-powell,hot,0,618,9.1298,0.005167
scipy-powell,hot,0,619,9.1458,0.005167
scipy-powell,hot,0,620,9.1623,0.005167
scipy-powell,hot,0,621,9.1791,0.005167
scipy-powell,hot,0,622,9.1957,0.005167
scipy-powell,hot,0,633,9.3826,0.005157
scipy-powell,hot,0,636,9.4334,0.005157
scipy-powell,hot,0,637,9.4514,0.005157
scipy-powell,hot,0,638,9.4678,0.005157
scipy-powell,hot,0,639,9.4857,0.005157
scipy-powell,hot,0,640,9.5036,0.005157
scipy-powell,hot,0,645,9.5890,0.005099
scipy-powell,hot,0,646,9.6052,0.005029
scipy-powell,hot,0,647,9.6201,0.004980
scipy-powell,hot,0,648,9.6358,0.004954
scipy-powell,hot,0,649,9.6521,0.004943
scipy-powell,hot,0,650,9.6676,0.004938
scipy-powell,hot,0,651,9.6832,0.004935
scipy-powell,hot,0,652,9.6993,0.004934
scipy-powell,hot,0,653,9.7149,0.004934
scipy-powell,hot,0,654,9.7305,0.004933
scipy-powell,hot,0,655,9.7472,0.004933
scipy-powell,hot,0,656,9.7659,0.004933
scipy-powell,hot,0,657,9.7821,0.004933
scipy-powell,hot,0,658,9.7993,0.004933
scipy-powell,hot,0,659,9.8165,0.004933
scipy-powell,hot,0,660,9.8328,0.004933
scipy-powell,hot,0,661,9.8495,0.004933
scipy-powell,hot,0,662,9.8658,0.004933
scipy-powell,hot,0,663,9.8823,0.004933
scipy-powell,hot,0,664,9.8987,0.004933
scipy-powell,hot,0,665,9.9160,0.004933
scipy-powell,hot,0,666,9.9321,0.004933
scipy-powell,hot,0,667,9.9492,0.004933
scipy-powell,hot,0,668,9.9663,0.004933
scipy-powell,hot,0,669,9.9818,0.004933
scipy-powell,hot,0,670,9.9965,0.004933
scipy-powell,hot,0,671,10.0122,0.004933
scipy-powell,hot,0,672,10.0295,0.004933
scipy-powell,hot,0,673,10.0459,0.004933
scipy-powell,hot,0,674,10.0618,0.004933
scipy-powell,hot,0,675,10.0782,0.004933
scipy-powell,hot,0,676,10.0939,0.004933
scipy-powell,hot,0,677,10.1102,0.004933
scipy-powell,hot,0,678,10.1259,0.004933
scipy-powell,hot,0,679,10.1415,0.004933
scipy-powell,hot,0,686,10.2529,0.004931
scipy-powell,hot,0,687,10.2679,0.004931
scipy-powell,hot,0,688,10.2834,0.004931
scipy-powell,hot,0,690,10.3149,0.004931
scipy-powell,hot,0,692,10.3464,0.004931
scipy-powell,hot,0,693,10.3620,0.004931
scipy-powell,hot,0,694,10.3777,0.004931
scipy-powell,hot,0,700,10.4733,0.004923
scipy-powell,hot,0,702,10.5041,0.004923
scipy-powell,hot,0,703,10.5205,0.004922
scipy-powell,hot,0,705,10.5516,0.004922
scipy-powell,hot,0,706,10.5666,0.004922
scipy-powell,hot,0,707,10.5826,0.004922
scipy-powell,hot,0,708,10.5983,0.004922
scipy-powell,hot,0,729,10.9223,0.004921
scipy-powell,hot,0,730,10.9368,0.004910
scipy-powell,hot,0,731,10.9530,0.004908
scipy-powell,hot,0,732,10.9687,0.004905
scipy-powell,hot,0,734,11.0006,0.004905
scipy-powell,hot,0,735,11.0193,0.004905
scipy-powell,hot,0,736,11.0378,0.004905
scipy-powell,hot,0,737,11.0535,0.004905
scipy-powell,hot,0,753,11.3155,0.004904
scipy-powell,hot,0,756,11.3628,0.004904
scipy-powell,hot,0,757,11.3781,0.004904
scipy-powell,hot,0,758,11.3943,0.004904
scipy-powell,hot,0,759,11.4103,0.004904
scipy-powell,hot,0,760,11.4260,0.004904
scipy-powell,hot,0,761,11.4429,0.004904
scipy-powell,hot,0,764,11.4892,0.004900
scipy-powell,hot,0,767,11.5385,0.004898
scipy-powell,hot,0,768,11.5549,0.004897
scipy-powell,hot,0,770,11.5905,0.004897
scipy-powell,hot,0,772,11.6261,0.004897
scipy-powell,hot,0,773,11.6424,0.004896
scipy-powell,hot,0,774,11.6582,0.004896
scipy-powell,hot,0,775,11.6752,0.004896
scipy-powell,hot,0,776,11.6910,0.004896
scipy-powell,hot,0,777,11.7061,0.004896
scipy-powell,hot,0,778,11.7228,0.004896
scipy-powell,hot,0,779,11.7390,0.004896
scipy-powell,hot,0,780,11.7550,0.004896
scipy-powell,hot,0,789,11.9063,0.004896
scipy-powell,hot,0,790,11.9251,0.004896
scipy-powell,hot,0,791,11.9440,0.004896
scipy-powell,hot,0,792,11.9630,0.004896
scipy-powell,hot,0,793,11.9790,0.004896
scipy-powell,hot,0,794,11.9949,0.004896
scipy-powell,hot,0,795,12.0093,0.004896
scipy-powell,hot,0,800,12.0862,0.004887
scipy-powell,hot,0,804,12.1455,0.004862
scipy-powell,hot,0,805,12.1602,0.004855
scipy-powell,hot,0,806,12.1761,0.004855
scipy-powell,hot,0,807,12.1914,0.004855
scipy-powell,hot,0,809,12.2210,0.004855
scipy-powell,hot,0,810,12.2371,0.004855
scipy-powell,hot,0,820,12.3836,0.004855
scipy-powell,hot,0,821,12.3979,0.004855
scipy-powell,hot,0,822,12.4125,0.004855
scipy-powell,hot,0,823,12.4274,0.004855
scipy-powell,hot,0,824,12.4422,0.004855
scipy-powell,hot,0,825,12.4576,0.004855
scipy-powell,hot,0,1180,18.3821,0.004796
scipy-powell,hot,0,1182,18.4141,0.004795
scipy-powell,hot,0,1184,18.4477,0.004795
scipy-powell,hot,0,1185,18.4650,0.004795
scipy-powell,hot,0,1186,18.4825,0.004795
scipy-powell,hot,0,1187,18.4994,0.004795
scipy-powell,hot,0,1188,18.5168,0.004795
scipy-powell,hot,0,1196,18.6479,0.004789
scipy-powell,hot,0,1199,18.6967,0.004789
scipy-powell,hot,0,1200,18.7142,0.004787
scipy-powell,hot,0,1202,18.7489,0.004786
scipy-powell,hot,0,1203,18.7640,0.004786
scipy-powell,hot,0,1204,18.7808,0.004786
scipy-powell,hot,0,1205,18.7965,0.004786
scipy-powell,hot,0,1206,18.8125,0.004786
scipy-powell,hot,0,1207,18.8316,0.004786
scipy-powell,hot,0,1212,18.9144,0.004785
scipy-powell,hot,0,1216,18.9766,0.004781
scipy-powell,hot,0,1218,19.0139,0.004781
scipy-powell,hot,0,1219,19.0322,0.004781
scipy-powell,hot,0,1220,19.0482,0.004781
scipy-powell,hot,0,1221,19.0645,0.004781
scipy-powell,hot,0,1222,19.0814,0.004781
scipy-powell,hot,0,1223,19.0961,0.004781
scipy-powell,hot,0,1226,19.1415,0.004781
scipy-powell,hot,0,1237,19.3142,0.004776
scipy-powell,hot,0,1238,19.3306,0.004776
scipy-powell,hot,0,1239,19.3468,0.004776
scipy-powell,hot,0,1241,19.3799,0.004775
scipy-powell,hot,0,1243,19.4137,0.004775
scipy-powell,hot,0,1244,19.4294,0.004775
scipy-powell,hot,0,1245,19.4455,0.004775
scipy-powell,hot,0,1251,19.5394,0.004721
scipy-powell,hot,0,1255,19.6022,0.004721
scipy-powell,hot,0,1256,19.6185,0.004721
scipy-powell,hot,0,1257,19.6342,0.004721
scipy-powell,hot,0,1258,19.6494,0.004721
scipy-powell,hot,0,1259,19.6642,0.004721
scipy-powell,hot,0,1260,19.6790,0.004721
scipy-powell,hot,0,1262,19.7090,0.004721
scipy-powell,hot,0,1400,21.9492,0.004711
scipy-powell,hot,0,1403,21.9975,0.004708
scipy-powell,hot,0,1404,22.0140,0.004708
scipy-powell,hot,0,1405,22.0301,0.004707
scipy-powell,hot,0,1406,22.0454,0.004707
scipy-powell,hot,0,1408,22.0793,0.004707
scipy-powell,hot,0,1409,22.0953,0.004707
scipy-powell,hot,0,1413,22.1587,0.004693
scipy-powell,hot,0,1417,22.2272,0.004689
scipy-powell,hot,0,1418,22.2434,0.004689
scipy-powell,hot,0,1419,22.2591,0.004688
scipy-powell,hot,0,1421,22.3040,0.004687
scipy-powell,hot,0,1423,22.3387,0.004687
scipy-powell,hot,0,1425,22.3700,0.004687
scipy-powell,hot,0,1426,22.3856,0.004687
scipy-powell,hot,0,1444,22.6715,0.004687
scipy-powell,hot,0,1447,22.7174,0.004687
scipy-powell,hot,0,1448,22.7319,0.004687
scipy-powell,hot,0,1449,22.7486,0.004687
scipy-powell,hot,0,1450,22.7648,0.004687
scipy-powell,hot,0,1451,22.7813,0.004687
scipy-powell,hot,0,1457,22.8792,0.004684
scipy-powell,hot,0,1460,22.9302,0.004684
scipy-powell,hot,0,1461,22.9456,0.004684
scipy-powell,hot,0,1462,22.9622,0.004684
scipy-powell,hot,0,1463,22.9784,0.004684
scipy-powell,hot,0,1464,22.9953,0.004684
scipy-powell,hot,0,1465,23.0139,0.004684
scipy-powell,hot,0,1466,23.0307,0.004684
scipy-powell,hot,0,1469,23.0837,0.004684
scipy-powell,hot,0,1475,23.1800,0.004682
scipy-powell,hot,0,1479,23.2457,0.004682
scipy-powell,hot,0,1480,23.2620,0.004682
scipy-powell,hot,0,1481,23.2779,0.004682
scipy-powell,hot,0,1482,23.2961,0.004682
scipy-powell,hot,0,1484,23.3318,0.004682
scipy-powell,hot,0,1485,23.3490,0.004682
scipy-powell,hot,0,1486,23.3652,0.004682
scipy-powell,hot,0,1487,23.3816,0.004682
scipy-powell,hot,0,1495,23.5163,0.004637
scipy-powell,hot,0,1499,23.5896,0.004623
scipy-powell,hot,0,1501,23.6254,0.004602
scipy-powell,hot,0,1504,23.6780,0.004602
scipy-powell,hot,0,1505,23.7001,0.004602
scipy-powell,hot,0,1506,23.7239,0.004602
scipy-powell,hot,0,1507,23.7473,0.004602
scipy-powell,hot,1,0,0.0000,0.005528
scipy-powell,hot,1,5,0.0978,0.005480
scipy-powell,hot,1,7,0.1334,0.005480
scipy-powell,hot,1,8,0.1531,0.005480
scipy-powell,hot,1,9,0.1700,0.005480
scipy-powell,hot,1,20,0.3535,0.005477
scipy-powell,hot,1,21,0.3692,0.005476
scipy-powell,hot,1,23,0.3992,0.005476
scipy-powell,hot,1,32,0.5396,0.005476
scipy-powell,hot,1,33,0.5561,0.005475
scipy-powell,hot,1,34,0.5728,0.005475
scipy-powell,hot,1,35,0.5885,0.005475
scipy-powell,hot,1,36,0.6039,0.005475
scipy-powell,hot,1,37,0.6194,0.005475
scipy-powell,hot,1,38,0.6353,0.005475
scipy-powell,hot,1,43,0.7184,0.005465
scipy-powell,hot,1,44,0.7337,0.005451
scipy-powell,hot,1,46,0.7646,0.005435
scipy-powell,hot,1,47,0.7788,0.005425
scipy-powell,hot,1,49,0.8097,0.005421
scipy-powell,hot,1,50,0.8262,0.005421
scipy-powell,hot,1,51,0.8420,0.005418
scipy-powell,hot,1,52,0.8568,0.005418
scipy-powell,hot,1,53,0.8729,0.005418
scipy-powell,hot,1,55,0.9048,0.005418
scipy-powell,hot,1,56,0.9213,0.005418
scipy-powell,hot,1,57,0.9365,0.005418
scipy-powell,hot,1,58,0.9520,0.005418
scipy-powell,hot,1,70,1.1395,0.005418
scipy-powell,hot,1,190,3.2093,0.005325
scipy-powell,hot,1,191,3.2258,0.005030
scipy-powell,hot,1,192,3.2426,0.005029
scipy-powell,hot,1,194,3.2750,0.005025
scipy-powell,hot,1,196,3.3057,0.005025
scipy-powell,hot,1,197,3.3227,0.005025
scipy-powell,hot,1,198,3.3388,0.005025
scipy-powell,hot,1,199,3.3542,0.005025
scipy-powell,hot,1,211,3.5571,0.005024
scipy-powell,hot,1,212,3.5762,0.005024
scipy-powell,hot,1,214,3.6057,0.005024
scipy-powell,hot,1,216,3.6344,0.005024
scipy-powell,hot,1,218,3.6658,0.005024
scipy-powell,hot,1,220,3.6980,0.005024
scipy-powell,hot,1,221,3.7134,0.005024
scipy-powell,hot,1,226,3.8025,0.005024
scipy-powell,hot,1,233,3.9233,0.005024
scipy-powell,hot,1,236,3.9690,0.005024
scipy-powell,hot,1,238,3.9993,0.005024
scipy-powell,hot,1,239,4.0142,0.005024
scipy-powell,hot,1,240,4.0298,0.005024
scipy-powell,hot,1,241,4.0449,0.005024
scipy-powell,hot,1,242,4.0610,0.005024
scipy-powell,hot,1,257,4.2981,0.005024
scipy-powell,hot,1,259,4.3279,0.005024
scipy-powell,hot,1,260,4.3441,0.005024
scipy-powell,hot,1,261,4.3605,0.005024
scipy-powell,hot,1,272,4.5286,0.005024
scipy-powell,hot,1,279,4.6373,0.005022
scipy-powell,hot,1,284,4.7161,0.005021
scipy-powell,hot,1,286,4.7477,0.005021
scipy-powell,hot,1,287,4.7627,0.005021
scipy-powell,hot,1,288,4.7788,0.005021
scipy-powell,hot,1,289,4.7960,0.005021
scipy-powell,hot,1,290,4.8117,0.005021
scipy-powell,hot,1,294,4.8785,0.005021
scipy-powell,hot,1,295,4.8937,0.004805
scipy-powell,hot,1,297,4.9236,0.004784
scipy-powell,hot,1,298,4.9399,0.004776
scipy-powell,hot,1,300,4.9721,0.004774
scipy-powell,hot,1,301,4.9875,0.004773
scipy-powell,hot,1,302,5.0047,0.004772
scipy-powell,hot,1,303,5.0206,0.004772
scipy-powell,hot,1,304,5.0354,0.004772
scipy-powell,hot,1,306,5.0671,0.004772
scipy-powell,hot,1,307,5.0825,0.004772
scipy-powell,hot,1,308,5.0974,0.004772
scipy-powell,hot,1,309,5.1134,0.004772
scipy-powell,hot,1,313,5.1746,0.004772
scipy-powell,hot,1,382,6.3987,0.004772
scipy-powell,hot,1,384,6.4372,0.004771
scipy-powell,hot,1,386,6.4714,0.004771
scipy-powell,hot,1,387,6.4896,0.004771
scipy-powell,hot,1,388,6.5099,0.004771
scipy-powell,hot,1,389,6.5290,0.004771
scipy-powell,hot,1,390,6.5474,0.004771
scipy-powell,hot,1,391,6.5665,0.004771
scipy-powell,hot,1,401,6.7482,0.004771
scipy-powell,hot,1,403,6.7799,0.004771
scipy-powell,hot,1,404,6.7954,0.004771
scipy-powell,hot,1,405,6.8113,0.004771
scipy-powell,hot,1,406,6.8276,0.004771
scipy-powell,hot,1,415,6.9636,0.004771
scipy-powell,hot,1,416,6.9807,0.004771
scipy-powell,hot,1,417,6.9957,0.004771
scipy-powell,hot,1,418,7.0106,0.004771
scipy-powell,hot,1,419,7.0255,0.004771
scipy-powell,hot,1,420,7.0415,0.004771
scipy-powell,hot,1,421,7.0582,0.004771
scipy-powell,hot,1,422,7.0740,0.004771
scipy-powell,hot,1,427,7.1545,0.004771
scipy-powell,hot,1,431,7.2183,0.004768
scipy-powell,hot,1,435,7.2819,0.004768
scipy-powell,hot,1,436,7.2976,0.004768
scipy-powell,hot,1,437,7.3135,0.004768
scipy-powell,hot,1,438,7.3298,0.004768
scipy-powell,hot,1,439,7.3462,0.004768
scipy-powell,hot,1,442,7.3922,0.004768
scipy-powell,hot,1,458,7.6768,0.004760
scipy-powell,hot,1,461,7.7221,0.004757
scipy-powell,hot,1,462,7.7381,0.004756
scipy-powell,hot,1,463,7.7540,0.004756
scipy-powell,hot,1,465,7.7841,0.004756
scipy-powell,hot,1,466,7.7996,0.004756
scipy-powell,hot,1,467,7.8148,0.004756
scipy-powell,hot,1,468,7.8307,0.004756
scipy-powell,hot,1,469,7.8463,0.004756
scipy-powell,hot,1,473,7.9166,0.004756
scipy-powell,hot,1,479,8.0155,0.004750
scipy-powell,hot,1,481,8.0497,0.004750
scipy-powell,hot,1,482,8.0644,0.004749
scipy-powell,hot,1,483,8.0796,0.004749
scipy-powell,hot,1,484,8.0943,0.004749
scipy-powell,hot,1,485,8.1100,0.004749
scipy-powell,hot,1,486,8.1241,0.004749
scipy-powell,hot,1,487,8.1389,0.004749
scipy-powell,hot,1,493,8.2309,0.004749
scipy-powell,hot,1,496,8.2821,0.004749
scipy-powell,hot,1,501,8.3644,0.004749
scipy-powell,hot,1,502,8.3809,0.004749
scipy-powell,hot,1,503,8.3955,0.004749
scipy-powell,hot,1,504,8.4121,0.004749
scipy-powell,hot,1,505,8.4279,0.004749
scipy-powell,hot,1,522,8.6869,0.004749
scipy-powell,hot,1,523,8.7018,0.004748
scipy-powell,hot,1,524,8.7179,0.004748
scipy-powell,hot,1,526,8.7501,0.004748
scipy-powell,hot,1,527,8.7666,0.004748
scipy-powell,hot,1,528,8.7825,0.004748
scipy-powell,hot,1,529,8.7984,0.004748
scipy-powell,hot,1,530,8.8136,0.004748
scipy-powell,hot,1,531,8.8287,0.004748
scipy-powell,hot,1,532,8.8439,0.004748
scipy-powell,hot,1,541,8.9918,0.004748
scipy-powell,hot,1,542,9.0094,0.004746
scipy-powell,hot,1,544,9.0426,0.004745
scipy-powell,hot,1,545,9.0590,0.004745
scipy-powell,hot,1,546,9.0753,0.004745
scipy-powell,hot,1,547,9.0918,0.004745
scipy-powell,hot,1,548,9.1076,0.004745
scipy-powell,hot,1,560,9.3076,0.004731
scipy-powell,hot,1,561,9.3226,0.004729
scipy-powell,hot,1,562,9.3378,0.004729
scipy-powell,hot,1,563,9.3543,0.004729
scipy-powell,hot,1,564,9.3694,0.004729
scipy-powell,hot,1,565,9.3840,0.004729
scipy-powell,hot,1,566,9.3985,0.004729
scipy-powell,hot,1,567,9.4129,0.004729
scipy-powell,hot,1,572,9.4958,0.004700
scipy-powell,hot,1,576,9.5584,0.004698
scipy-powell,hot,1,577,9.5742,0.004698
scipy-powell,hot,1,579,9.6061,0.004698
scipy-powell,hot,1,580,9.6215,0.004698
scipy-powell,hot,1,581,9.6362,0.004698
scipy-powell,hot,1,582,9.6522,0.004698
scipy-powell,hot,1,583,9.6703,0.004698
scipy-powell,hot,1,584,9.6886,0.004698
scipy-powell,hot,1,585,9.7046,0.004698
scipy-powell,hot,1,586,9.7202,0.004698
scipy-powell,hot,1,594,9.8483,0.004697
scipy-powell,hot,1,595,9.8634,0.004697
scipy-powell,hot,1,596,9.8789,0.004697
scipy-powell,hot,1,597,9.8944,0.004697
scipy-powell,hot,1,598,9.9086,0.004697
scipy-powell,hot,1,605,10.0173,0.004696
scipy-powell,hot,1,607,10.0494,0.004695
scipy-powell,hot,1,609,10.0800,0.004695
scipy-powell,hot,1,610,10.0953,0.004695
scipy-powell,hot,1,611,10.1110,0.004695
scipy-powell,hot,1,623,10.3051,0.004694
scipy-powell,hot,1,625,10.3390,0.004694
scipy-powell,hot,1,626,10.3554,0.004694
scipy-powell,hot,1,627,10.3713,0.004694
scipy-powell,hot,1,628,10.3881,0.004694
scipy-powell,hot,1,629,10.4079,0.004694
scipy-powell,hot,1,630,10.4287,0.004694
scipy-powell,hot,1,632,10.4637,0.004694
scipy-powell,hot,1,668,11.0671,0.004682
scipy-powell,hot,1,669,11.0826,0.004671
scipy-powell,hot,1,671,11.1141,0.004671
scipy-powell,hot,1,672,11.1291,0.004671
scipy-powell,hot,1,673,11.1439,0.004671
scipy-powell,hot,1,674,11.1594,0.004671
scipy-powell,hot,1,675,11.1752,0.004671
scipy-powell,hot,1,684,11.3107,0.004575
scipy-powell,hot,1,688,11.3741,0.004563
scipy-powell,hot,1,690,11.4040,0.004563
scipy-powell,hot,1,691,11.4213,0.004563
scipy-powell,hot,1,692,11.4390,0.004563
scipy-powell,hot,1,693,11.4562,0.004563
scipy-powell,hot,1,694,11.4735,0.004563
scipy-powell,hot,1,702,11.6232,0.004563
scipy-powell,hot,1,703,11.6431,0.004563
scipy-powell,hot,1,704,11.6624,0.004563
scipy-powell,hot,1,705,11.6803,0.004563
scipy-powell,hot,1,706,11.6977,0.004563
scipy-powell,hot,1,717,11.8855,0.004560
scipy-powell,hot,1,718,11.9012,0.004559
scipy-powell,hot,1,719,11.9162,0.004557
scipy-powell,hot,1,721,11.9474,0.004557
scipy-powell,hot,1,722,11.9629,0.004557
scipy-powell,hot,1,723,11.9784,0.004557
scipy-powell,hot,1,724,11.9936,0.004557
scipy-powell,hot,1,725,12.0112,0.004557
scipy-powell,hot,1,904,14.8576,0.004551
scipy-powell,hot,1,905,14.8736,0.004548
scipy-powell,hot,1,906,14.8891,0.004547
scipy-powell,hot,1,909,14.9359,0.004547
scipy-powell,hot,1,910,14.9519,0.004547
scipy-powell,hot,1,911,14.9674,0.004546
scipy-powell,hot,1,912,14.9836,0.004546
scipy-powell,hot,1,913,14.9990,0.004546
scipy-powell,hot,1,914,15.0154,0.004546
scipy-powell,hot,1,915,15.0315,0.004546
scipy-powell,hot,1,916,15.0478,0.004546
scipy-powell,hot,1,917,15.0636,0.004546
scipy-powell,hot,1,918,15.0798,0.004546
scipy-powell,hot,1,919,15.0959,0.004546
scipy-powell,hot,1,920,15.1119,0.004546
scipy-powell,hot,1,921,15.1278,0.004546
scipy-powell,hot,1,922,15.1439,0.004546
scipy-powell,hot,1,923,15.1602,0.004546
scipy-powell,hot,1,924,15.1796,0.004546
scipy-powell,hot,1,925,15.1960,0.004546
scipy-powell,hot,1,926,15.2127,0.004546
scipy-powell,hot,1,927,15.2313,0.004546
scipy-powell,hot,1,928,15.2505,0.004546
scipy-powell,hot,1,929,15.2697,0.004546
scipy-powell,hot,1,930,15.2868,0.004546
scipy-powell,hot,1,931,15.3039,0.004546
scipy-powell,hot,1,932,15.3207,0.004546
scipy-powell,hot,1,933,15.3368,0.004546
scipy-powell,hot,1,934,15.3538,0.004546
scipy-powell,hot,1,935,15.3705,0.004546
scipy-powell,hot,1,936,15.3877,0.004546
scipy-powell,hot,1,937,15.4037,0.004546
scipy-powell,hot,1,938,15.4203,0.004546
scipy-powell,hot,1,943,15.5048,0.004546
scipy-powell,hot,1,945,15.5367,0.004546
scipy-powell,hot,1,946,15.5529,0.004546
scipy-powell,hot,1,951,15.6332,0.004545
scipy-powell,hot,1,952,15.6490,0.004544
scipy-powell,hot,1,953,15.6649,0.004544
scipy-powell,hot,1,954,15.6804,0.004544
scipy-powell,hot,1,955,15.6967,0.004544
scipy-powell,hot,1,956,15.7127,0.004544
scipy-powell,hot,1,957,15.7299,0.004544
scipy-powell,hot,1,958,15.7450,0.004544
scipy-powell,hot,1,959,15.7604,0.004544
scipy-powell,hot,1,960,15.7789,0.004544
scipy-powell,hot,1,961,15.7967,0.004544
scipy-powell,hot,1,962,15.8163,0.004544
scipy-powell,hot,1,963,15.8342,0.004544
scipy-powell,hot,1,964,15.8508,0.004544
scipy-powell,hot,1,965,15.8658,0.004544
scipy-powell,hot,1,966,15.8812,0.004544
scipy-powell,hot,1,967,15.8981,0.004544
scipy-powell,hot,1,968,15.9140,0.004544
scipy-powell,hot,1,969,15.9296,0.004544
scipy-powell,hot,1,970,15.9463,0.004544
scipy-powell,hot,1,971,15.9637,0.004544
scipy-powell,hot,1,972,15.9804,0.004544
scipy-powell,hot,1,973,15.9974,0.004544
scipy-powell,hot,1,974,16.0138,0.004544
scipy-powell,hot,1,975,16.0347,0.004544
scipy-powell,hot,1,976,16.0512,0.004544
scipy-powell,hot,1,977,16.0687,0.004544
scipy-powell,hot,1,978,16.0868,0.004544
scipy-powell,hot,1,979,16.1039,0.004544
scipy-powell,hot,1,980,16.1199,0.004544
scipy-powell,hot,1,981,16.1361,0.004544
scipy-powell,hot,1,982,16.1522,0.004544
scipy-powell,hot,1,983,16.1689,0.004544
scipy-powell,hot,1,984,16.1858,0.004544
scipy-powell,hot,1,985,16.2010,0.004544
scipy-powell,hot,1,986,16.2157,0.004544
scipy-powell,hot,1,987,16.2326,0.004544
scipy-powell,hot,1,988,16.2504,0.004544
scipy-powell,hot,1,993,16.3340,0.004544
scipy-powell,hot,1,994,16.3501,0.004544
scipy-powell,hot,1,995,16.3666,0.004544
scipy-powell,hot,1,996,16.3844,0.004544
scipy-powell,hot,1,997,16.4011,0.004544
scipy-powell,hot,1,998,16.4174,0.004544
scipy-powell,hot,1,1005,16.5351,0.004544
scipy-powell,hot,1,1007,16.5679,0.004544
scipy-powell,hot,1,1010,16.6166,0.004544
scipy-powell,hot,1,1012,16.6526,0.004544
scipy-powell,hot,1,1013,16.6701,0.004544
scipy-powell,hot,1,1014,16.6898,0.004544
scipy-powell,hot,1,1015,16.7066,0.004544
scipy-powell,hot,1,1018,16.7579,0.004544
scipy-powell,hot,1,1019,16.7749,0.004544
scipy-powell,hot,1,1023,16.8441,0.004544
scipy-powell,hot,1,1032,16.9850,0.004544
scipy-powell,hot,1,1033,17.0002,0.004536
scipy-powell,hot,1,1037,17.0668,0.004536
scipy-powell,hot,1,1038,17.0828,0.004536
scipy-powell,hot,1,1039,17.0999,0.004536
scipy-powell,hot,1,1040,17.1162,0.004536
scipy-powell,hot,1,1041,17.1313,0.004536
scipy-powell,hot,1,1042,17.1468,0.004536
scipy-powell,hot,1,1050,17.2738,0.004503
scipy-powell,hot,1,1055,17.3526,0.004503
scipy-powell,hot,1,1056,17.3690,0.004503
scipy-powell,hot,1,1057,17.3862,0.004503
scipy-powell,hot,1,1058,17.4038,0.004503
scipy-powell,hot,1,1059,17.4194,0.004503
scipy-powell,hot,1,1060,17.4353,0.004503
scipy-powell,hot,1,1066,17.5386,0.004487
scipy-powell,hot,1,1067,17.5556,0.004481
scipy-powell,hot,1,1068,17.5729,0.004479
scipy-powell,hot,1,1069,17.5906,0.004479
scipy-powell,hot,1,1070,17.6067,0.004479
scipy-powell,hot,1,1071,17.6227,0.004479
scipy-powell,hot,1,1072,17.6388,0.004479
scipy-powell,hot,1,1073,17.6541,0.004479
scipy-powell,hot,1,1424,23.6730,0.004403
scipy-powell,hot,1,1428,23.7500,0.004384
scipy-powell,hot,1,1430,23.7965,0.004381
scipy-powell,hot,1,1431,23.8184,0.004381
scipy-powell,hot,1,1433,23.8589,0.004380
scipy-powell,hot,1,1435,23.9004,0.004380
scipy-powell,hot,1,1436,23.9223,0.004380
scipy-powell,hot,1,1437,23.9443,0.004380
scipy-powell,hot,1,1438,23.9670,0.004380
scipy-powell,hot,1,1440,24.0113,0.004380
scipy-powell,hot,1,1451,24.2414,0.004380
scipy-powell,hot,1,1452,24.2642,0.004380
scipy-powell,hot,1,1453,24.2877,0.004380
scipy-powell,hot,1,1454,24.3087,0.004380
scipy-powell,hot,1,1455,24.3237,0.004380
scipy-powell,hot,1,1456,24.3392,0.004380
scipy-powell,hot,1,1457,24.3556,0.004380
scipy-powell,hot,1,1461,24.4223,0.004378
scipy-powell,hot,1,1464,24.4713,0.004377
scipy-powell,hot,1,1466,24.5014,0.004376
scipy-powell,hot,1,1468,24.5345,0.004376
scipy-powell,hot,1,1469,24.5534,0.004376
scipy-powell,hot,1,1470,24.5739,0.004376
scipy-powell,hot,1,1471,24.5951,0.004376
scipy-powell,hot,1,1481,24.7817,0.004374
scipy-powell,hot,1,1482,24.8012,0.004361
scipy-powell,hot,1,1487,24.8850,0.004361
scipy-powell,hot,1,1489,24.9190,0.004361
scipy-powell,hot,1,1490,24.9365,0.004361
scipy-powell,hot,1,1491,24.9513,0.004361
scipy-powell,hot,1,1492,24.9669,0.004361
scipy-powell,hot,1,1493,24.9836,0.004361
scipy-powell,hot,1,1501,25.1318,0.004358
scipy-powell,hot,1,1504,25.1811,0.004358
scipy-powell,hot,1,1505,25.1974,0.004358
scipy-powell,hot,1,1506,25.2169,0.004358
scipy-powell,hot,1,1507,25.2386,0.004358
scipy-powell,hot,1,1508,25.2572,0.004358
scipy-powell,hot,1,1517,25.4129,0.004358
scipy-powell,hot,1,1518,25.4311,0.004358
scipy-powell,hot,1,1519,25.4469,0.004358
scipy-powell,hot,1,1520,25.4618,0.004358
scipy-powell,hot,1,1521,25.4771,0.004358
scipy-powell,hot,1,1522,25.4943,0.004358
scipy-powell,hot,1,1523,25.5107,0.004358
scipy-powell,hot,1,1524,25.5273,0.004358
scipy-powell,hot,1,1533,25.6782,0.004353
scipy-powell,hot,1,1534,25.6934,0.004349
scipy-powell,hot,1,1535,25.7098,0.004344
scipy-powell,hot,1,1536,25.7254,0.004344
scipy-powell,hot,1,1538,25.7549,0.004344
scipy-powell,hot,1,1539,25.7700,0.004344
scipy-powell,hot,1,1550,25.9371,0.004343
scipy-powell,hot,1,1552,25.9684,0.004343
scipy-powell,hot,1,1553,25.9843,0.004343
scipy-powell,hot,1,1554,25.9990,0.004343
scipy-powell,hot,1,1555,26.0140,0.004343
scipy-powell,hot,1,1556,26.0301,0.004343
scipy-powell,hot,1,1557,26.0452,0.004343
scipy-powell,hot,1,1558,26.0603,0.004343
scipy-powell,hot,1,1561,26.1070,0.004343
scipy-powell,hot,1,1565,26.1683,0.004343
scipy-powell,hot,1,1566,26.1834,0.004343
scipy-powell,hot,1,1567,26.1991,0.004343
scipy-powell,hot,1,1568,26.2157,0.004343
scipy-powell,hot,1,1569,26.2316,0.004343
scipy-powell,hot,1,1570,26.2468,0.004343
scipy-powell,hot,1,1583,26.4481,0.004340
scipy-powell,hot,1,1584,26.4641,0.004335
scipy-powell,hot,1,1585,26.4810,0.004333
scipy-powell,hot,1,1586,26.4967,0.004331
scipy-powell,hot,1,1587,26.5119,0.004330
scipy-powell,hot,1,1588,26.5274,0.004329
scipy-powell,hot,1,1589,26.5435,0.004329
scipy-powell,hot,1,1590,26.5583,0.004329
scipy-powell,hot,1,1591,26.5744,0.004329
scipy-powell,hot,1,1592,26.5905,0.004328
scipy-powell,hot,1,1593,26.6053,0.004328
scipy-powell,hot,1,1594,26.6208,0.004328
scipy-powell,hot,1,1595,26.6367,0.004328
scipy-powell,hot,1,1596,26.6531,0.004328
scipy-powell,hot,1,1597,26.6688,0.004328
scipy-powell,hot,1,1598,26.6856,0.004328
scipy-powell,hot,1,1599,26.7011,0.004328
scipy-powell,hot,1,1600,26.7161,0.004328
scipy-powell,hot,1,1601,26.7325,0.004328
scipy-powell,hot,1,1602,26.7480,0.004328
scipy-powell,hot,1,1603,26.7638,0.004328
scipy-powell,hot,1,1604,26.7797,0.004328
scipy-powell,hot,1,1605,26.7961,0.004328
scipy-powell,hot,1,1606,26.8126,0.004328
scipy-powell,hot,1,1607,26.8283,0.004328
scipy-powell,hot,1,1608,26.8446,0.004328
scipy-powell,hot,1,1609,26.8602,0.004328
scipy-powell,hot,1,1610,26.8755,0.004328
scipy-powell,hot,1,1611,26.8908,0.004328
scipy-powell,hot,1,1612,26.9065,0.004328
scipy-powell,hot,1,1613,26.9221,0.004328
scipy-powell,hot,2,0,0.0000,0.006182
scipy-powell,hot,2,4,0.0783,0.005934
scipy-powell,hot,2,12,0.2048,0.005934
scipy-powell,hot,2,13,0.2207,0.005934
scipy-powell,hot,2,14,0.2368,0.005934
scipy-powell,hot,2,15,0.2526,0.005934
scipy-powell,hot,2,16,0.2696,0.005934
scipy-powell,hot,2,17,0.2856,0.005934
scipy-powell,hot,2,24,0.4099,0.005911
scipy-powell,hot,2,25,0.4267,0.005849
scipy-powell,hot,2,27,0.4620,0.005845
scipy-powell,hot,2,28,0.4776,0.005843
scipy-powell,hot,2,30,0.5092,0.005843
scipy-powell,hot,2,31,0.5242,0.005843
scipy-powell,hot,2,32,0.5395,0.005843
scipy-powell,hot,2,33,0.5549,0.005843
scipy-powell,hot,2,34,0.5706,0.005843
scipy-powell,hot,2,36,0.6023,0.005843
scipy-powell,hot,2,426,6.9773,0.005835
scipy-powell,hot,2,429,7.0256,0.005833
scipy-powell,hot,2,430,7.0417,0.005833
scipy-powell,hot,2,431,7.0566,0.005832
scipy-powell,hot,2,433,7.0870,0.005832
scipy-powell,hot,2,434,7.1018,0.005832
scipy-powell,hot,2,435,7.1168,0.005832
scipy-powell,hot,2,436,7.1326,0.005832
scipy-powell,hot,2,437,7.1484,0.005832
scipy-powell,hot,2,441,7.2107,0.005832
scipy-powell,hot,2,454,7.4228,0.005832
scipy-powell,hot,2,455,7.4383,0.005832
scipy-powell,hot,2,458,7.4865,0.005832
scipy-powell,hot,2,460,7.5193,0.005832
scipy-powell,hot,2,461,7.5351,0.005832
scipy-powell,hot,2,462,7.5502,0.005832
scipy-powell,hot,2,464,7.5800,0.005832
scipy-powell,hot,2,481,7.8556,0.005831
scipy-powell,hot,2,484,7.9037,0.005831
scipy-powell,hot,2,485,7.9204,0.005831
scipy-powell,hot,2,486,7.9366,0.005831
scipy-powell,hot,2,500,8.1546,0.005831
scipy-powell,hot,2,502,8.1849,0.005831
scipy-powell,hot,2,503,8.2000,0.005831
scipy-powell,hot,2,505,8.2333,0.005831
scipy-powell,hot,2,507,8.2652,0.005831
scipy-powell,hot,2,508,8.2806,0.005831
scipy-powell,hot,2,509,8.2953,0.005831
scipy-powell,hot,2,510,8.3110,0.005831
scipy-powell,hot,2,521,8.4853,0.005831
scipy-powell,hot,2,533,8.6727,0.005831
scipy-powell,hot,2,535,8.7035,0.005831
scipy-powell,hot,2,536,8.7185,0.005831
scipy-powell,hot,2,537,8.7327,0.005831
scipy-powell,hot,2,538,8.7473,0.005831
scipy-powell,hot,2,559,9.0713,0.005831
scipy-powell,hot,2,562,9.1162,0.005831
scipy-powell,hot,2,563,9.1313,0.005831
scipy-powell,hot,2,564,9.1479,0.005831
scipy-powell,hot,2,566,9.1773,0.005831
scipy-powell,hot,2,568,9.2087,0.005542
scipy-powell,hot,2,571,9.2577,0.005528
scipy-powell,hot,2,573,9.2917,0.005527
scipy-powell,hot,2,574,9.3067,0.005527
scipy-powell,hot,2,576,9.3380,0.005527
scipy-powell,hot,2,577,9.3533,0.005527
scipy-powell,hot,2,589,9.5420,0.005527
scipy-powell,hot,2,590,9.5583,0.005527
scipy-powell,hot,2,591,9.5740,0.005527
scipy-powell,hot,2,592,9.5893,0.005527
scipy-powell,hot,2,593,9.6056,0.005527
scipy-powell,hot,2,598,9.6848,0.005527
scipy-powell,hot,2,601,9.7299,0.005526
scipy-powell,hot,2,602,9.7447,0.005526
scipy-powell,hot,2,603,9.7600,0.005526
scipy-powell,hot,2,604,9.7753,0.005526
scipy-powell,hot,2,605,9.7918,0.005526
scipy-powell,hot,2,606,9.8092,0.005526
scipy-powell,hot,2,609,9.8576,0.005526
scipy-powell,hot,2,610,9.8722,0.005460
scipy-powell,hot,2,612,9.9035,0.005432
scipy-powell,hot,2,615,9.9523,0.005432
scipy-powell,hot,2,616,9.9691,0.005432
scipy-powell,hot,2,617,9.9841,0.005432
scipy-powell,hot,2,618,10.0009,0.005432
scipy-powell,hot,2,619,10.0170,0.005432
scipy-powell,hot,2,624,10.0953,0.005405
scipy-powell,hot,2,626,10.1273,0.005397
scipy-powell,hot,2,628,10.1580,0.005374
scipy-powell,hot,2,630,10.1884,0.005370
scipy-powell,hot,2,632,10.2206,0.005369
scipy-powell,hot,2,633,10.2362,0.005369
scipy-powell,hot,2,634,10.2519,0.005369
scipy-powell,hot,2,635,10.2671,0.005369
scipy-powell,hot,2,636,10.2837,0.005369
scipy-powell,hot,2,637,10.3004,0.005369
scipy-powell,hot,2,638,10.3169,0.005369
scipy-powell,hot,2,640,10.3572,0.005369
scipy-powell,hot,2,647,10.4723,0.005368
scipy-powell,hot,2,650,10.5220,0.005367
scipy-powell,hot,2,651,10.5375,0.005367
scipy-powell,hot,2,652,10.5541,0.005367
scipy-powell,hot,2,653,10.5718,0.005367
scipy-powell,hot,2,656,10.6228,0.005334
scipy-powell,hot,2,660,10.6925,0.005321
scipy-powell,hot,2,663,10.7395,0.005321
scipy-powell,hot,2,664,10.7556,0.005321
scipy-powell,hot,2,665,10.7711,0.005321
scipy-powell,hot,2,666,10.7859,0.005321
scipy-powell,hot,2,667,10.8019,0.005321
scipy-powell,hot,2,686,11.1198,0.005321
scipy-powell,hot,2,688,11.1524,0.005321
scipy-powell,hot,2,690,11.1859,0.005321
scipy-powell,hot,2,692,11.2182,0.005321
scipy-powell,hot,2,694,11.2553,0.005321
scipy-powell,hot,2,695,11.2741,0.005321
scipy-powell,hot,2,696,11.2920,0.005321
scipy-powell,hot,2,697,11.3102,0.005321
scipy-powell,hot,2,704,11.4277,0.005308
scipy-powell,hot,2,705,11.4438,0.005304
scipy-powell,hot,2,708,11.4977,0.005304
scipy-powell,hot,2,709,11.5143,0.005304
scipy-powell,hot,2,710,11.5325,0.005304
scipy-powell,hot,2,711,11.5537,0.005304
scipy-powell,hot,2,712,11.5743,0.005304
scipy-powell,hot,2,713,11.5955,0.005304
scipy-powell,hot,2,714,11.6151,0.005304
scipy-powell,hot,2,719,11.6936,0.005304
scipy-powell,hot,2,720,11.7084,0.005304
scipy-powell,hot,2,722,11.7395,0.005304
scipy-powell,hot,2,731,11.8752,0.005304
scipy-powell,hot,2,733,11.9060,0.005304
scipy-powell,hot,2,734,11.9216,0.005304
scipy-powell,hot,2,735,11.9365,0.005304
scipy-powell,hot,2,737,11.9650,0.005304
scipy-powell,hot,2,738,11.9794,0.005304
scipy-powell,hot,2,748,12.1366,0.005304
scipy-powell,hot,2,749,12.1515,0.005304
scipy-powell,hot,2,750,12.1660,0.005304
scipy-powell,hot,2,751,12.1809,0.005304
scipy-powell,hot,2,752,12.1970,0.005304
scipy-powell,hot,2,753,12.2118,0.005304
scipy-powell,hot,2,758,12.2918,0.005277
scipy-powell,hot,2,759,12.3074,0.005266
scipy-powell,hot,2,765,12.3984,0.005266
scipy-powell,hot,2,766,12.4144,0.005266
scipy-powell,hot,2,767,12.4307,0.005266
scipy-powell,hot,2,768,12.4464,0.005266
scipy-powell,hot,2,769,12.4615,0.005266
scipy-powell,hot,2,773,12.5218,0.005266
scipy-powell,hot,2,783,12.6768,0.005266
scipy-powell,hot,2,785,12.7090,0.005266
scipy-powell,hot,2,786,12.7258,0.005266
scipy-powell,hot,2,787,12.7412,0.005266
scipy-powell,hot,2,796,12.8840,0.005265
scipy-powell,hot,2,800,12.9486,0.005265
scipy-powell,hot,2,801,12.9638,0.005265
scipy-powell,hot,2,802,12.9793,0.005265
scipy-powell,hot,2,803,12.9955,0.005265
scipy-powell,hot,2,804,13.0126,0.005265
scipy-powell,hot,2,808,13.0827,0.005235
scipy-powell,hot,2,810,13.1175,0.005199
scipy-powell,hot,2,811,13.1342,0.005188
scipy-powell,hot,2,812,13.1499,0.005179
scipy-powell,hot,2,813,13.1660,0.005179
scipy-powell,hot,2,814,13.1820,0.005179
scipy-powell,hot,2,815,13.1988,0.005179
scipy-powell,hot,2,816,13.2167,0.005179
scipy-powell,hot,2,817,13.2322,0.005179
scipy-powell,hot,2,830,13.4365,0.005179
scipy-powell,hot,2,832,13.4671,0.005178
scipy-powell,hot,2,833,13.4831,0.005178
scipy-powell,hot,2,835,13.5143,0.005178
scipy-powell,hot,2,836,13.5300,0.005178
scipy-powell,hot,2,837,13.5461,0.005178
scipy-powell,hot,2,838,13.5615,0.005178
scipy-powell,hot,2,839,13.5763,0.005178
scipy-powell,hot,2,840,13.5923,0.005178
scipy-powell,hot,2,847,13.7007,0.005178
scipy-powell,hot,2,849,13.7344,0.005178
scipy-powell,hot,2,850,13.7522,0.005178
scipy-powell,hot,2,851,13.7706,0.005178
scipy-powell,hot,2,852,13.7877,0.005178
scipy-powell,hot,2,853,13.8058,0.005178
scipy-powell,hot,2,863,13.9773,0.005177
scipy-powell,hot,2,867,14.0399,0.005177
scipy-powell,hot,2,868,14.0560,0.005177
scipy-powell,hot,2,869,14.0715,0.005177
scipy-powell,hot,2,870,14.0879,0.005177
scipy-powell,hot,2,873,14.1400,0.005177
scipy-powell,hot,2,878,14.2242,0.005170
scipy-powell,hot,2,879,14.2408,0.005168
scipy-powell,hot,2,880,14.2566,0.005167
scipy-powell,hot,2,881,14.2744,0.005167
scipy-powell,hot,2,882,14.2905,0.005167
scipy-powell,hot,2,883,14.3067,0.005167
scipy-powell,hot,2,884,14.3228,0.005167
scipy-powell,hot,2,894,14.4829,0.005167
scipy-powell,hot,2,895,14.4995,0.005167
scipy-powell,hot,2,897,14.5331,0.005167
scipy-powell,hot,2,899,14.5656,0.005167
scipy-powell,hot,2,900,14.5818,0.005167
scipy-powell,hot,2,904,14.6460,0.005135
scipy-powell,hot,2,907,14.6942,0.005095
scipy-powell,hot,2,909,14.7262,0.005095
scipy-powell,hot,2,910,14.7425,0.005095
scipy-powell,hot,2,911,14.7590,0.005095
scipy-powell,hot,2,912,14.7762,0.005095
scipy-powell,hot,2,913,14.7923,0.005095
scipy-powell,hot,2,921,14.9255,0.005080
scipy-powell,hot,2,924,14.9753,0.005080
scipy-powell,hot,2,925,14.9937,0.005080
scipy-powell,hot,2,926,15.0095,0.005080
scipy-powell,hot,2,927,15.0246,0.005080
scipy-powell,hot,2,939,15.2523,0.005070
scipy-powell,hot,2,940,15.2684,0.005068
scipy-powell,hot,2,941,15.2840,0.005068
scipy-powell,hot,2,942,15.3042,0.005068
scipy-powell,hot,2,943,15.3266,0.005068
scipy-powell,hot,2,944,15.3488,0.005068
scipy-powell,hot,2,945,15.3655,0.005068
scipy-powell,hot,2,954,15.5021,0.005050
scipy-powell,hot,2,958,15.5621,0.005050
scipy-powell,hot,2,959,15.5767,0.005050
scipy-powell,hot,2,960,15.5907,0.005050
scipy-powell,hot,2,961,15.6053,0.005050
scipy-powell,hot,2,963,15.6349,0.004992
scipy-powell,hot,2,965,15.6655,0.004977
scipy-powell,hot,2,966,15.6801,0.004965
scipy-powell,hot,2,967,15.6950,0.004957
scipy-powell,hot,2,969,15.7258,0.004957
scipy-powell,hot,2,971,15.7551,0.004957
scipy-powell,hot,2,972,15.7696,0.004957
scipy-powell,hot,2,973,15.7855,0.004957
scipy-powell,hot,2,983,15.9424,0.004922
scipy-powell,hot,2,984,15.9582,0.004912
scipy-powell,hot,2,986,15.9899,0.004901
scipy-powell,hot,2,987,16.0065,0.004898
scipy-powell,hot,2,989,16.0394,0.004898
scipy-powell,hot,2,990,16.0556,0.004898
scipy-powell,hot,2,991,16.0711,0.004898
scipy-powell,hot,2,992,16.0879,0.004898
scipy-powell,hot,2,995,16.1365,0.004835
scipy-powell,hot,2,999,16.2074,0.004831
scipy-powell,hot,2,1001,16.2418,0.004831
scipy-powell,hot,2,1003,16.2731,0.004831
scipy-powell,hot,2,1005,16.3054,0.004831
scipy-powell,hot,2,1006,16.3218,0.004831
scipy-powell,hot,2,1007,16.3395,0.004831
scipy-powell,hot,2,1013,16.4397,0.004785
scipy-powell,hot,2,1016,16.4876,0.004780
scipy-powell,hot,2,1019,16.5350,0.004780
scipy-powell,hot,2,1020,16.5510,0.004780
scipy-powell,hot,2,1021,16.5666,0.004780
scipy-powell,hot,2,1022,16.5819,0.004780
scipy-powell,hot,2,1031,16.7271,0.004780
scipy-powell,hot,2,1033,16.7593,0.004780
scipy-powell,hot,2,1034,16.7755,0.004780
scipy-powell,hot,2,1035,16.7917,0.004780
scipy-powell,hot,2,1036,16.8076,0.004780
scipy-powell,hot,2,1048,16.9899,0.004780
scipy-powell,hot,2,1051,17.0396,0.004780
scipy-powell,hot,2,1060,17.1782,0.004780
scipy-powell,hot,2,1061,17.1935,0.004780
scipy-powell,hot,2,1062,17.2088,0.004780
scipy-powell,hot,2,1063,17.2252,0.004780
scipy-powell,hot,2,1064,17.2409,0.004780
scipy-powell,hot,2,1065,17.2568,0.004780
scipy-powell,hot,2,1070,17.3413,0.004779
scipy-powell,hot,2,1073,17.3899,0.004779
scipy-powell,hot,2,1074,17.4053,0.004777
scipy-powell,hot,2,1075,17.4248,0.004772
scipy-powell,hot,2,1076,17.4456,0.004771
scipy-powell,hot,2,1077,17.4676,0.004771
scipy-powell,hot,2,1078,17.4887,0.004771
scipy-powell,hot,2,1079,17.5102,0.004771
scipy-powell,hot,2,1080,17.5315,0.004771
scipy-powell,hot,2,1081,17.5465,0.004771
scipy-powell,hot,2,1090,17.7051,0.004761
scipy-powell,hot,2,1092,17.7357,0.004758
scipy-powell,hot,2,1093,17.7503,0.004757
scipy-powell,hot,2,1094,17.7659,0.004757
scipy-powell,hot,2,1096,17.7973,0.004757
scipy-powell,hot,2,1097,17.8119,0.004757
scipy-powell,hot,2,1103,17.9022,0.004740
scipy-powell,hot,2,1106,17.9468,0.004732
scipy-powell,hot,2,1108,17.9763,0.004732
scipy-powell,hot,2,1109,17.9911,0.004732
scipy-powell,hot,2,1110,18.0056,0.004732
scipy-powell,hot,2,1111,18.0196,0.004732
scipy-powell,hot,2,1112,18.0349,0.004732
scipy-powell,hot,2,1113,18.0508,0.004732
scipy-powell,hot,3,0,0.0000,0.005990
scipy-powell,hot,3,10,0.1792,0.005990
scipy-powell,hot,3,11,0.1961,0.005990
scipy-powell,hot,3,12,0.2125,0.005990
scipy-powell,hot,3,13,0.2282,0.005990
scipy-powell,hot,3,18,0.3113,0.005748
scipy-powell,hot,3,20,0.3421,0.005728
scipy-powell,hot,3,23,0.3888,0.005724
scipy-powell,hot,3,25,0.4199,0.005724
scipy-powell,hot,3,27,0.4500,0.005724
scipy-powell,hot,3,28,0.4656,0.005724
scipy-powell,hot,3,29,0.4805,0.005724
scipy-powell,hot,3,30,0.4966,0.005724
scipy-powell,hot,3,75,1.2039,0.005568
scipy-powell,hot,3,77,1.2336,0.005566
scipy-powell,hot,3,78,1.2506,0.005566
scipy-powell,hot,3,79,1.2666,0.005566
scipy-powell,hot,3,80,1.2820,0.005566
scipy-powell,hot,3,81,1.2976,0.005566
scipy-powell,hot,3,83,1.3281,0.005566
scipy-powell,hot,3,84,1.3435,0.005566
scipy-powell,hot,3,85,1.3605,0.005566
scipy-powell,hot,3,92,1.4714,0.005566
scipy-powell,hot,3,104,1.6712,0.005566
scipy-powell,hot,3,105,1.6895,0.005566
scipy-powell,hot,3,106,1.7093,0.005566
scipy-powell,hot,3,107,1.7300,0.005566
scipy-powell,hot,3,109,1.7650,0.005566
scipy-powell,hot,3,110,1.7827,0.005566
scipy-powell,hot,3,115,1.8653,0.005557
scipy-powell,hot,3,117,1.8988,0.005556
scipy-powell,hot,3,118,1.9148,0.005556
scipy-powell,hot,3,119,1.9324,0.005556
scipy-powell,hot,3,120,1.9506,0.005556
scipy-powell,hot,3,123,2.0016,0.005556
scipy-powell,hot,3,125,2.0336,0.005556
scipy-powell,hot,3,126,2.0502,0.005556
scipy-powell,hot,3,127,2.0671,0.005556
scipy-powell,hot,3,128,2.0825,0.005556
scipy-powell,hot,3,145,2.3569,0.005556
scipy-powell,hot,3,146,2.3730,0.005556
scipy-powell,hot,3,147,2.3883,0.005556
scipy-powell,hot,3,148,2.4034,0.005556
scipy-powell,hot,3,149,2.4179,0.005556
scipy-powell,hot,3,150,2.4332,0.005556
scipy-powell,hot,3,151,2.4476,0.005556
scipy-powell,hot,3,164,2.6444,0.005524
scipy-powell,hot,3,167,2.6893,0.005516
scipy-powell,hot,3,168,2.7047,0.005514
scipy-powell,hot,3,170,2.7336,0.005514
scipy-powell,hot,3,171,2.7489,0.005514
scipy-powell,hot,3,172,2.7642,0.005514
scipy-powell,hot,3,173,2.7794,0.005514
scipy-powell,hot,3,175,2.8130,0.005467
scipy-powell,hot,3,177,2.8459,0.005453
scipy-powell,hot,3,178,2.8610,0.005432
scipy-powell,hot,3,179,2.8759,0.005421
scipy-powell,hot,3,182,2.9210,0.005421
scipy-powell,hot,3,184,2.9517,0.005421
scipy-powell,hot,3,185,2.9676,0.005421
scipy-powell,hot,3,186,2.9825,0.005421
scipy-powell,hot,3,187,2.9974,0.005421
scipy-powell,hot,3,188,3.0124,0.005421
scipy-powell,hot,3,189,3.0276,0.005421
scipy-powell,hot,3,650,10.4670,0.005402
scipy-powell,hot,3,652,10.4992,0.005368
scipy-powell,hot,3,653,10.5158,0.005368
scipy-powell,hot,3,654,10.5326,0.005368
scipy-powell,hot,3,655,10.5488,0.005368
scipy-powell,hot,3,656,10.5646,0.005368
scipy-powell,hot,3,657,10.5801,0.005368
scipy-powell,hot,3,658,10.5965,0.005368
scipy-powell,hot,3,659,10.6121,0.005368
scipy-powell,hot,3,670,10.8046,0.005365
scipy-powell,hot,3,674,10.8688,0.005365
scipy-powell,hot,3,675,10.8844,0.005365
scipy-powell,hot,3,676,10.9006,0.005365
scipy-powell,hot,3,677,10.9168,0.005365
scipy-powell,hot,3,678,10.9334,0.005365
scipy-powell,hot,3,686,11.0665,0.005364
scipy-powell,hot,3,688,11.0997,0.005364
scipy-powell,hot,3,689,11.1156,0.005364
scipy-powell,hot,3,690,11.1324,0.005364
scipy-powell,hot,3,691,11.1486,0.005364
scipy-powell,hot,3,692,11.1643,0.005364
scipy-powell,hot,3,702,11.3429,0.005319
scipy-powell,hot,3,704,11.3789,0.005318
scipy-powell,hot,3,705,11.3970,0.005317
scipy-powell,hot,3,706,11.4144,0.005317
scipy-powell,hot,3,707,11.4337,0.005317
scipy-powell,hot,3,708,11.4509,0.005317
scipy-powell,hot,3,709,11.4705,0.005317
scipy-powell,hot,3,710,11.4869,0.005317
scipy-powell,hot,3,711,11.5070,0.005317
scipy-powell,hot,3,712,11.5264,0.005317
scipy-powell,hot,3,790,12.9712,0.005316
scipy-powell,hot,3,791,12.9867,0.005310
scipy-powell,hot,3,792,13.0015,0.005309
scipy-powell,hot,3,793,13.0211,0.005308
scipy-powell,hot,3,794,13.0398,0.005308
scipy-powell,hot,3,795,13.0575,0.005308
scipy-powell,hot,3,796,13.0764,0.005308
scipy-powell,hot,3,797,13.0913,0.005308
scipy-powell,hot,3,798,13.1064,0.005308
scipy-powell,hot,3,799,13.1216,0.005308
scipy-powell,hot,3,800,13.1397,0.005308
scipy-powell,hot,3,801,13.1554,0.005308
scipy-powell,hot,3,802,13.1700,0.005308
scipy-powell,hot,3,803,13.1844,0.005308
scipy-powell,hot,3,804,13.2006,0.005308
scipy-powell,hot,3,805,13.2164,0.005308
scipy-powell,hot,3,806,13.2323,0.005308
scipy-powell,hot,3,807,13.2485,0.005308
scipy-powell,hot,3,808,13.2636,0.005308
scipy-powell,hot,3,809,13.2794,0.005308
scipy-powell,hot,3,810,13.2953,0.005308
scipy-powell,hot,3,811,13.3103,0.005308
scipy-powell,hot,3,812,13.3254,0.005308
scipy-powell,hot,3,813,13.3394,0.005308
scipy-powell,hot,3,814,13.3537,0.005308
scipy-powell,hot,3,815,13.3687,0.005308
scipy-powell,hot,3,816,13.3839,0.005308
scipy-powell,hot,3,817,13.3980,0.005308
scipy-powell,hot,3,818,13.4138,0.005308
scipy-powell,hot,3,819,13.4294,0.005308
scipy-powell,hot,3,820,13.4450,0.005308
scipy-powell,hot,3,821,13.4595,0.005308
scipy-powell,hot,3,822,13.4740,0.005308
scipy-powell,hot,3,823,13.4902,0.005308
scipy-powell,hot,3,824,13.5050,0.005308
scipy-powell,hot,3,825,13.5197,0.005308
scipy-powell,hot,3,826,13.5346,0.005308
scipy-powell,hot,3,827,13.5486,0.005307
scipy-powell,hot,3,828,13.5628,0.005307
scipy-powell,hot,3,832,13.6223,0.005307
scipy-powell,hot,3,835,13.6685,0.005307
scipy-powell,hot,3,836,13.6845,0.005307
scipy-powell,hot,3,837,13.6994,0.005307
scipy-powell,hot,3,838,13.7136,0.005307
scipy-powell,hot,3,839,13.7283,0.005307
scipy-powell,hot,3,840,13.7435,0.005307
scipy-powell,hot,3,841,13.7592,0.005307
scipy-powell,hot,3,846,13.8402,0.005307
scipy-powell,hot,3,851,13.9183,0.005306
scipy-powell,hot,3,852,13.9338,0.005306
scipy-powell,hot,3,853,13.9518,0.005306
scipy-powell,hot,3,854,13.9689,0.005306
scipy-powell,hot,3,855,13.9848,0.005306
scipy-powell,hot,3,856,14.0009,0.005306
scipy-powell,hot,3,857,14.0173,0.005306
scipy-powell,hot,3,858,14.0329,0.005306
scipy-powell,hot,3,859,14.0489,0.005306
scipy-powell,hot,3,860,14.0657,0.005306
scipy-powell,hot,3,861,14.0829,0.005306
scipy-powell,hot,3,862,14.0978,0.005306
scipy-powell,hot,3,863,14.1125,0.005306
scipy-powell,hot,3,864,14.1277,0.005306
scipy-powell,hot,3,865,14.1429,0.005306
scipy-powell,hot,3,866,14.1597,0.005306
scipy-powell,hot,3,867,14.1755,0.005306
scipy-powell,hot,3,868,14.1913,0.005306
scipy-powell,hot,3,869,14.2064,0.005306
scipy-powell,hot,3,870,14.2213,0.005306
scipy-powell,hot,3,871,14.2372,0.005306
scipy-powell,hot,3,872,14.2527,0.005306
scipy-powell,hot,3,873,14.2677,0.005306
scipy-powell,hot,3,874,14.2845,0.005306
scipy-powell,hot,3,875,14.3006,0.005306
scipy-powell,hot,3,876,14.3160,0.005306
scipy-powell,hot,3,877,14.3317,0.005306
scipy-powell,hot,3,878,14.3478,0.005306
scipy-powell,hot,3,879,14.3634,0.005306
scipy-powell,hot,3,880,14.3788,0.005306
scipy-powell,hot,3,881,14.3937,0.005306
scipy-powell,hot,3,882,14.4087,0.005306
scipy-powell,hot,3,883,14.4240,0.005306
scipy-powell,hot,3,884,14.4393,0.005306
scipy-powell,hot,3,885,14.4545,0.005306
scipy-powell,hot,3,886,14.4709,0.005306
scipy-powell,hot,3,1001,16.3867,0.005241
scipy-powell,hot,3,1002,16.4028,0.005240
scipy-powell,hot,3,1003,16.4185,0.005239
scipy-powell,hot,3,1004,16.4336,0.005239
scipy-powell,hot,3,1005,16.4491,0.005239
scipy-powell,hot,3,1006,16.4646,0.005239
scipy-powell,hot,3,1007,16.4795,0.005239
scipy-powell,hot,3,1008,16.4938,0.005239
scipy-powell,hot,3,1010,16.5243,0.005239
scipy-powell,hot,3,1015,16.5994,0.005237
scipy-powell,hot,3,1019,16.6600,0.005237
scipy-powell,hot,3,1020,16.6749,0.005237
scipy-powell,hot,3,1021,16.6894,0.005237
scipy-powell,hot,3,1022,16.7046,0.005237
scipy-powell,hot,3,1023,16.7215,0.005237
scipy-powell,hot,3,1024,16.7388,0.005237
scipy-powell,hot,3,1107,18.0210,0.005032
scipy-powell,hot,3,1109,18.0518,0.005001
scipy-powell,hot,3,1113,18.1128,0.004996
scipy-powell,hot,3,1114,18.1271,0.004995
scipy-powell,hot,3,1116,18.1561,0.004995
scipy-powell,hot,3,1117,18.1713,0.004995
scipy-powell,hot,4,0,0.0000,0.007497
scipy-powell,hot,4,145,2.2282,0.007400
scipy-powell,hot,4,147,2.2589,0.007394
scipy-powell,hot,4,149,2.2905,0.007394
scipy-powell,hot,4,150,2.3056,0.007394
scipy-powell,hot,4,151,2.3204,0.007394
scipy-powell,hot,4,154,2.3642,0.007394
scipy-powell,hot,4,156,2.3945,0.007394
scipy-powell,hot,4,157,2.4098,0.007394
scipy-powell,hot,4,158,2.4249,0.007394
scipy-powell,hot,4,159,2.4401,0.007394
scipy-powell,hot,4,160,2.4566,0.007394
scipy-powell,hot,4,161,2.4735,0.007394
scipy-powell,hot,4,162,2.4895,0.007394
scipy-powell,hot,4,163,2.5043,0.007394
scipy-powell,hot,4,164,2.5194,0.007394
scipy-powell,hot,4,165,2.5355,0.007394
scipy-powell,hot,4,166,2.5512,0.007394
scipy-powell,hot,4,167,2.5675,0.007394
scipy-powell,hot,4,168,2.5843,0.007394
scipy-powell,hot,4,169,2.6009,0.007394
scipy-powell,hot,4,170,2.6167,0.007394
scipy-powell,hot,4,171,2.6328,0.007394
scipy-powell,hot,4,172,2.6503,0.007394
scipy-powell,hot,4,173,2.6648,0.007394
scipy-powell,hot,4,174,2.6793,0.007394
scipy-powell,hot,4,175,2.6943,0.007394
scipy-powell,hot,4,176,2.7093,0.007394
scipy-powell,hot,4,177,2.7244,0.007394
scipy-powell,hot,4,178,2.7386,0.007394
scipy-powell,hot,4,179,2.7552,0.007394
scipy-powell,hot,4,180,2.7704,0.007394
scipy-powell,hot,4,181,2.7860,0.007394
scipy-powell,hot,4,182,2.8021,0.007394
scipy-powell,hot,4,183,2.8175,0.007394
scipy-powell,hot,4,184,2.8325,0.007394
scipy-powell,hot,4,185,2.8476,0.007394
scipy-powell,hot,4,186,2.8636,0.007394
scipy-powell,hot,4,187,2.8796,0.007394
scipy-powell,hot,4,188,2.8963,0.007394
scipy-powell,hot,4,200,3.0783,0.007394
scipy-powell,hot,4,205,3.1587,0.007394
scipy-powell,hot,4,206,3.1758,0.007394
scipy-powell,hot,4,207,3.1913,0.007394
scipy-powell,hot,4,210,3.2373,0.007394
scipy-powell,hot,4,211,3.2545,0.007394
scipy-powell,hot,4,212,3.2713,0.007394
scipy-powell,hot,4,217,3.3484,0.007394
scipy-powell,hot,4,225,3.4701,0.007394
scipy-powell,hot,4,228,3.5151,0.007394
scipy-powell,hot,4,466,7.3004,0.007081
scipy-powell,hot,4,473,7.4045,0.007081
scipy-powell,hot,4,474,7.4192,0.007081
scipy-powell,hot,4,476,7.4492,0.007081
scipy-powell,hot,4,477,7.4646,0.007081
scipy-powell,hot,4,478,7.4799,0.007081
scipy-powell,hot,4,480,7.5103,0.007014
scipy-powell,hot,4,481,7.5242,0.006986
scipy-powell,hot,4,482,7.5385,0.006979
scipy-powell,hot,4,483,7.5531,0.006978
scipy-powell,hot,4,484,7.5674,0.006976
scipy-powell,hot,4,485,7.5818,0.006975
scipy-powell,hot,4,486,7.5965,0.006974
scipy-powell,hot,4,487,7.6115,0.006974
scipy-powell,hot,4,488,7.6266,0.006974
scipy-powell,hot,4,489,7.6427,0.006974
scipy-powell,hot,4,490,7.6574,0.006974
scipy-powell,hot,4,491,7.6729,0.006974
scipy-powell,hot,4,492,7.6888,0.006974
scipy-powell,hot,4,493,7.7044,0.006974
scipy-powell,hot,4,494,7.7194,0.006974
scipy-powell,hot,4,495,7.7350,0.006974
scipy-powell,hot,4,496,7.7530,0.006974
scipy-powell,hot,4,497,7.7684,0.006974
scipy-powell,hot,4,498,7.7825,0.006974
scipy-powell,hot,4,499,7.7980,0.006974
scipy-powell,hot,4,500,7.8118,0.006974
scipy-powell,hot,4,501,7.8279,0.006974
scipy-powell,hot,4,502,7.8436,0.006974
scipy-powell,hot,4,503,7.8583,0.006974
scipy-powell,hot,4,504,7.8740,0.006974
scipy-powell,hot,4,505,7.8903,0.006974
scipy-powell,hot,4,506,7.9054,0.006974
scipy-powell,hot,4,507,7.9198,0.006974
scipy-powell,hot,4,508,7.9350,0.006974
scipy-powell,hot,4,509,7.9503,0.006974
scipy-powell,hot,4,510,7.9653,0.006974
scipy-powell,hot,4,511,7.9802,0.006974
scipy-powell,hot,4,512,7.9955,0.006974
scipy-powell,hot,4,513,8.0116,0.006974
scipy-powell,hot,4,514,8.0275,0.006974
scipy-powell,hot,4,515,8.0440,0.006974
scipy-powell,hot,4,516,8.0590,0.006974
scipy-powell,hot,4,517,8.0740,0.006972
scipy-powell,hot,4,521,8.1375,0.006972
scipy-powell,hot,4,522,8.1530,0.006972
scipy-powell,hot,4,524,8.1830,0.006972
scipy-powell,hot,4,525,8.1978,0.006972
scipy-powell,hot,4,526,8.2120,0.006972
scipy-powell,hot,4,528,8.2404,0.006972
scipy-powell,hot,4,529,8.2562,0.006972
scipy-powell,hot,4,547,8.5262,0.006972
scipy-powell,hot,4,548,8.5421,0.006970
scipy-powell,hot,4,549,8.5569,0.006968
scipy-powell,hot,4,550,8.5722,0.006967
scipy-powell,hot,4,551,8.5872,0.006967
scipy-powell,hot,4,552,8.6028,0.006967
scipy-powell,hot,4,553,8.6189,0.006967
scipy-powell,hot,4,554,8.6349,0.006967
scipy-powell,hot,4,555,8.6504,0.006967
scipy-powell,hot,4,556,8.6655,0.006967
scipy-powell,hot,4,557,8.6808,0.006967
scipy-powell,hot,4,558,8.6956,0.006967
scipy-powell,hot,4,559,8.7110,0.006967
scipy-powell,hot,4,560,8.7263,0.006967
scipy-powell,hot,4,561,8.7432,0.006967
scipy-powell,hot,4,562,8.7590,0.006967
scipy-powell,hot,4,563,8.7747,0.006967
scipy-powell,hot,4,564,8.7910,0.006967
scipy-powell,hot,4,565,8.8071,0.006967
scipy-powell,hot,4,566,8.8235,0.006967
scipy-powell,hot,4,567,8.8396,0.006967
scipy-powell,hot,4,568,8.8554,0.006967
scipy-powell,hot,4,569,8.8711,0.006967
scipy-powell,hot,4,570,8.8861,0.006967
scipy-powell,hot,4,571,8.9022,0.006967
scipy-powell,hot,4,572,8.9172,0.006967
scipy-powell,hot,4,573,8.9329,0.006967
scipy-powell,hot,4,574,8.9476,0.006967
scipy-powell,hot,4,575,8.9636,0.006967
scipy-powell,hot,4,576,8.9794,0.006967
scipy-powell,hot,4,577,8.9958,0.006967
scipy-powell,hot,4,578,9.0115,0.006967
scipy-powell,hot,4,579,9.0267,0.006967
scipy-powell,hot,4,580,9.0429,0.006967
scipy-powell,hot,4,581,9.0587,0.006967
scipy-powell,hot,4,582,9.0742,0.006967
scipy-powell,hot,4,583,9.0905,0.006967
scipy-powell,hot,4,586,9.1384,0.006967
scipy-powell,hot,4,589,9.1848,0.006967
scipy-powell,hot,4,590,9.2008,0.006967
scipy-powell,hot,4,592,9.2324,0.006967
scipy-powell,hot,4,593,9.2494,0.006967
scipy-powell,hot,4,595,9.2813,0.006967
scipy-powell,hot,4,602,9.3965,0.006967
scipy-powell,hot,4,605,9.4445,0.006967
scipy-powell,hot,4,608,9.4910,0.006966
scipy-powell,hot,4,609,9.5063,0.006966
scipy-powell,hot,4,610,9.5218,0.006966
scipy-powell,hot,4,611,9.5374,0.006966
scipy-powell,hot,4,612,9.5529,0.006966
scipy-powell,hot,4,613,9.5683,0.006966
scipy-powell,hot,4,614,9.5835,0.006966
scipy-powell,hot,4,615,9.5992,0.006966
scipy-powell,hot,4,616,9.6145,0.006966
scipy-powell,hot,4,617,9.6314,0.006966
scipy-powell,hot,4,618,9.6472,0.006966
scipy-powell,hot,4,619,9.6642,0.006966
scipy-powell,hot,4,620,9.6807,0.006966
scipy-powell,hot,4,621,9.6999,0.006966
scipy-powell,hot,4,622,9.7191,0.006966
scipy-powell,hot,4,623,9.7355,0.006966
scipy-powell,hot,4,624,9.7512,0.006966
scipy-powell,hot,4,625,9.7671,0.006966
scipy-powell,hot,4,626,9.7832,0.006966
scipy-powell,hot,4,627,9.7996,0.006966
scipy-powell,hot,4,628,9.8154,0.006966
scipy-powell,hot,4,629,9.8312,0.006966
scipy-powell,hot,4,630,9.8463,0.006966
scipy-powell,hot,4,631,9.8626,0.006966
scipy-powell,hot,4,632,9.8779,0.006966
scipy-powell,hot,4,633,9.8947,0.006966
scipy-powell,hot,4,634,9.9111,0.006966
scipy-powell,hot,4,635,9.9270,0.006966
scipy-powell,hot,4,636,9.9435,0.006966
scipy-powell,hot,4,637,9.9593,0.006966
scipy-powell,hot,4,638,9.9751,0.006966
scipy-powell,hot,4,639,9.9908,0.006966
scipy-powell,hot,4,640,10.0071,0.006966
scipy-powell,hot,4,641,10.0231,0.006966
scipy-powell,hot,4,642,10.0389,0.006966
scipy-powell,hot,4,643,10.0535,0.006966
scipy-powell,hot,4,644,10.0685,0.006966
scipy-powell,hot,4,645,10.0842,0.006966
scipy-powell,hot,4,650,10.1672,0.006966
scipy-powell,hot,4,652,10.1989,0.006966
scipy-powell,hot,4,653,10.2144,0.006966
scipy-powell,hot,4,655,10.2466,0.006966
scipy-powell,hot,4,659,10.3126,0.006966
scipy-powell,hot,4,669,10.5088,0.006966
scipy-powell,hot,4,670,10.5307,0.006966
scipy-powell,hot,4,671,10.5499,0.006966
scipy-powell,hot,4,672,10.5694,0.006966
scipy-powell,hot,4,675,10.6221,0.006966
scipy-powell,hot,4,676,10.6403,0.006966
scipy-powell,hot,4,677,10.6625,0.006966
scipy-powell,hot,4,678,10.6794,0.006966
scipy-powell,hot,4,679,10.6972,0.006966
scipy-powell,hot,4,680,10.7182,0.006966
scipy-powell,hot,4,681,10.7400,0.006966
scipy-powell,hot,4,682,10.7594,0.006966
scipy-powell,hot,4,683,10.7771,0.006966
scipy-powell,hot,4,684,10.7929,0.006966
scipy-powell,hot,4,685,10.8110,0.006966
scipy-powell,hot,4,686,10.8303,0.006966
scipy-powell,hot,4,687,10.8481,0.006966
scipy-powell,hot,4,688,10.8649,0.006966
scipy-powell,hot,4,689,10.8831,0.006966
scipy-powell,hot,4,690,10.9019,0.006966
scipy-powell,hot,4,691,10.9189,0.006966
scipy-powell,hot,4,692,10.9367,0.006966
scipy-powell,hot,4,693,10.9547,0.006966
scipy-powell,hot,4,694,10.9746,0.006966
scipy-powell,hot,4,695,10.9929,0.006966
scipy-powell,hot,4,696,11.0096,0.006966
scipy-powell,hot,4,697,11.0271,0.006966
scipy-powell,hot,4,698,11.0449,0.006966
scipy-powell,hot,4,699,11.0633,0.006966
scipy-powell,hot,4,700,11.0814,0.006966
scipy-powell,hot,4,701,11.1003,0.006966
scipy-powell,hot,4,702,11.1175,0.006966
scipy-powell,hot,4,703,11.1354,0.006966
scipy-powell,hot,4,704,11.1530,0.006966
scipy-powell,hot,4,718,11.4002,0.006930
scipy-powell,hot,4,723,11.4864,0.006929
scipy-powell,hot,4,725,11.5230,0.006929
scipy-powell,hot,4,726,11.5448,0.006929
scipy-powell,hot,4,727,11.5634,0.006929
scipy-powell,hot,4,728,11.5822,0.006929
scipy-powell,hot,4,729,11.6011,0.006929
scipy-powell,hot,4,730,11.6194,0.006929
scipy-powell,hot,4,731,11.6369,0.006929
scipy-powell,hot,4,732,11.6549,0.006929
scipy-powell,hot,4,737,11.7365,0.006926
scipy-powell,hot,4,739,11.7689,0.006917
scipy-powell,hot,4,740,11.7860,0.006909
scipy-powell,hot,4,741,11.8028,0.006909
scipy-powell,hot,4,742,11.8191,0.006909
scipy-powell,hot,4,743,11.8352,0.006909
scipy-powell,hot,4,744,11.8526,0.006909
scipy-powell,hot,4,745,11.8692,0.006909
scipy-powell,hot,4,748,11.9180,0.006909
scipy-powell,hot,4,757,12.0633,0.006908
scipy-powell,hot,4,759,12.0959,0.006908
scipy-powell,hot,4,760,12.1118,0.006908
scipy-powell,hot,4,761,12.1282,0.006908
scipy-powell,hot,4,762,12.1440,0.006908
scipy-powell,hot,4,763,12.1611,0.006908
scipy-powell,hot,4,764,12.1779,0.006908
scipy-powell,hot,4,772,12.3173,0.006908
scipy-powell,hot,4,773,12.3343,0.006908
scipy-powell,hot,4,774,12.3516,0.006899
scipy-powell,hot,4,780,12.4533,0.006899
scipy-powell,hot,4,781,12.4722,0.006899
scipy-powell,hot,4,782,12.4893,0.006899
scipy-powell,hot,4,783,12.5081,0.006899
scipy-powell,hot,4,784,12.5304,0.006899
scipy-powell,hot,4,785,12.5554,0.006899
scipy-powell,hot,4,796,12.7566,0.006897
scipy-powell,hot,4,798,12.7883,0.006897
scipy-powell,hot,4,799,12.8048,0.006897
scipy-powell,hot,4,800,12.8221,0.006897
scipy-powell,hot,4,801,12.8389,0.006897
scipy-powell,hot,4,802,12.8558,0.006897
scipy-powell,hot,4,803,12.8723,0.006897
scipy-powell,hot,4,807,12.9376,0.006897
scipy-powell,hot,4,811,13.0009,0.006896
scipy-powell,hot,4,815,13.0626,0.006896
scipy-powell,hot,4,816,13.0786,0.006896
scipy-powell,hot,4,817,13.0935,0.006896
scipy-powell,hot,4,818,13.1093,0.006896
scipy-powell,hot,4,819,13.1243,0.006896
scipy-powell,hot,4,825,13.2166,0.006896
scipy-powell,hot,4,892,14.3198,0.005533
scipy-powell,hot,4,897,14.4010,0.005524
scipy-powell,hot,4,898,14.4169,0.005516
scipy-powell,hot,4,903,14.4986,0.005516
scipy-powell,hot,4,904,14.5142,0.005515
scipy-powell,hot,4,905,14.5301,0.005515
scipy-powell,hot,4,906,14.5478,0.005515
scipy-powell,hot,4,907,14.5630,0.005515
scipy-powell,hot,4,908,14.5795,0.005514
scipy-powell,hot,4,911,14.6296,0.005514
scipy-powell,hot,4,912,14.6456,0.005514
scipy-powell,hot,4,915,14.6937,0.005514
scipy-powell,hot,4,916,14.7106,0.005514
scipy-powell,hot,4,917,14.7285,0.005514
scipy-powell,hot,4,918,14.7462,0.005514
scipy-powell,hot,4,919,14.7636,0.005514
scipy-powell,hot,4,922,14.8144,0.005514
scipy-powell,hot,4,930,14.9574,0.005435
scipy-powell,hot,4,934,15.0229,0.005435
scipy-powell,hot,4,936,15.0566,0.005434
scipy-powell,hot,4,938,15.0894,0.005434
scipy-powell,hot,4,939,15.1062,0.005434
scipy-powell,hot,4,940,15.1221,0.005434
scipy-powell,hot,4,941,15.1378,0.005434
scipy-powell,hot,4,942,15.1533,0.005434
scipy-powell,hot,4,943,15.1699,0.005434
scipy-powell,hot,4,944,15.1874,0.005434
scipy-powell,hot,4,946,15.2201,0.005434
scipy-powell,hot,4,950,15.2850,0.005429
scipy-powell,hot,4,952,15.3150,0.005429
scipy-powell,hot,4,954,15.3462,0.005429
scipy-powell,hot,4,955,15.3609,0.005429
scipy-powell,hot,4,956,15.3763,0.005429
scipy-powell,hot,4,957,15.3915,0.005429
scipy-powell,hot,4,958,15.4069,0.005429
scipy-powell,hot,4,972,15.6230,0.005427
scipy-powell,hot,4,973,15.6403,0.005425
scipy-powell,hot,4,977,15.7098,0.005425
scipy-powell,hot,4,978,15.7265,0.005425
scipy-powell,hot,4,979,15.7429,0.005425
scipy-powell,hot,4,980,15.7606,0.005425
scipy-powell,hot,4,981,15.7782,0.005425
scipy-powell,hot,4,1005,16.1824,0.005422
scipy-powell,hot,4,1006,16.1975,0.005419
scipy-powell,hot,4,1008,16.2312,0.005418
scipy-powell,hot,4,1009,16.2472,0.005418
scipy-powell,hot,4,1010,16.2635,0.005418
scipy-powell,hot,4,1011,16.2787,0.005418
scipy-powell,hot,4,1012,16.2951,0.005418
scipy-powell,hot,4,1253,20.3810,0.005410
scipy-powell,hot,4,1254,20.4007,0.005294
scipy-powell,hot,4,1256,20.4348,0.005267
scipy-powell,hot,4,1257,20.4498,0.005267
scipy-powell,hot,4,1258,20.4651,0.005267
scipy-powell,hot,4,1260,20.4962,0.005267
scipy-powell,hot,4,1261,20.5115,0.005267
scipy-powell,hot,4,1262,20.5283,0.005267
scipy-powell,hot,4,1279,20.8027,0.005267
scipy-powell,hot,4,1280,20.8199,0.005267
scipy-powell,hot,4,1281,20.8355,0.005267
scipy-powell,hot,4,1282,20.8511,0.005267
scipy-powell,hot,4,1283,20.8665,0.005267
scipy-powell,hot,4,1291,20.9924,0.005262
scipy-powell,hot,4,1292,21.0086,0.005260
scipy-powell,hot,4,1293,21.0280,0.005260
scipy-powell,hot,4,1294,21.0468,0.005260
scipy-powell,hot,4,1295,21.0627,0.005260
scipy-powell,hot,4,1296,21.0805,0.005260
scipy-powell,hot,4,1303,21.2208,0.005238
scipy-powell,hot,4,1305,21.2599,0.005238
scipy-powell,hot,4,1306,21.2769,0.005238
scipy-powell,hot,4,1307,21.2929,0.005238
scipy-powell,hot,4,1308,21.3095,0.005238
scipy-powell,hot,4,1309,21.3291,0.005238
scipy-powell,hot,4,1310,21.3513,0.005238
scipy-powell,hot,4,1313,21.4224,0.005196
scipy-powell,hot,4,1316,21.4884,0.005183
scipy-powell,hot,4,1317,21.5086,0.005183
scipy-powell,hot,4,1318,21.5247,0.005182
scipy-powell,hot,4,1319,21.5409,0.005180
scipy-powell,hot,4,1323,21.6093,0.005180
scipy-powell,hot,4,1324,21.6283,0.005180
scipy-powell,hot,4,1325,21.6483,0.005180
scipy-powell,hot,4,1326,21.6672,0.005180
scipy-powell,hot,4,1327,21.6848,0.005180
scipy-powell,hot,4,1329,21.7221,0.005180
scipy-powell,hot,4,1336,21.8300,0.005149
scipy-powell,hot,4,1338,21.8603,0.005147
scipy-powell,hot,4,1340,21.8923,0.005147
scipy-powell,hot,4,1341,21.9083,0.005147
scipy-powell,hot,4,1342,21.9251,0.005147
scipy-powell,hot,4,1343,21.9404,0.005147
scipy-powell,hot,4,1527,24.9519,0.005106
scipy-powell,hot,4,1528,24.9684,0.005098
scipy-powell,hot,4,1530,25.0010,0.005098
scipy-powell,hot,4,1531,25.0179,0.005097
scipy-powell,hot,4,1532,25.0345,0.005097
scipy-powell,hot,4,1533,25.0517,0.005097
scipy-powell,hot,4,1534,25.0686,0.005097
scipy-powell,hot,4,1536,25.1051,0.005097
scipy-powell,hot,4,1552,25.3631,0.005097
scipy-powell,hot,4,1554,25.3947,0.005097
scipy-powell,hot,4,1555,25.4098,0.005097
scipy-powell,hot,4,1556,25.4263,0.005097
scipy-powell,hot,4,1557,25.4414,0.005097
scipy-powell,hot,4,1558,25.4573,0.005097
scipy-powell,hot,4,1573,25.7065,0.004946
scipy-powell,hot,4,1575,25.7419,0.004909
scipy-powell,hot,4,1578,25.7940,0.004907
scipy-powell,hot,4,1579,25.8096,0.004907
scipy-powell,hot,4,1580,25.8251,0.004907
scipy-powell,hot,4,1581,25.8417,0.004907
scipy-powell,hot,4,1582,25.8595,0.004907
scipy-powell,hot,4,1583,25.8760,0.004907
scipy-powell,hot,4,1584,25.8925,0.004907
scipy-powell,hot,4,1593,26.0339,0.004905
scipy-powell,hot,4,1594,26.0493,0.004904
scipy-powell,hot,4,1595,26.0645,0.004904
scipy-powell,hot,4,1596,26.0814,0.004904
scipy-powell,hot,4,1597,26.0972,0.004904
scipy-powell,hot,4,1598,26.1131,0.004904
scipy-powell,hot,5,0,0.0000,0.006414
scipy-powell,hot,5,4,0.0755,0.006268
scipy-powell,hot,5,7,0.1228,0.006244
scipy-powell,hot,5,10,0.1728,0.006244
scipy-powell,hot,5,11,0.1899,0.006244
scipy-powell,hot,5,13,0.2219,0.006244
scipy-powell,hot,5,14,0.2388,0.006244
scipy-powell,hot,5,15,0.2565,0.006244
scipy-powell,hot,5,16,0.2727,0.006244
scipy-powell,hot,5,17,0.2897,0.006244
scipy-powell,hot,5,63,1.1814,0.006008
scipy-powell,hot,5,65,1.2146,0.005999
scipy-powell,hot,5,67,1.2466,0.005999
scipy-powell,hot,5,68,1.2626,0.005999
scipy-powell,hot,5,69,1.2782,0.005999
scipy-powell,hot,5,70,1.2933,0.005999
scipy-powell,hot,5,72,1.3221,0.005999
scipy-powell,hot,5,73,1.3361,0.005999
scipy-powell,hot,5,74,1.3511,0.005999
scipy-powell,hot,5,75,1.3654,0.005999
scipy-powell,hot,5,87,1.5464,0.005999
scipy-powell,hot,5,90,1.5961,0.005999
scipy-powell,hot,5,91,1.6123,0.005999
scipy-powell,hot,5,92,1.6276,0.005999
scipy-powell,hot,5,93,1.6449,0.005999
scipy-powell,hot,5,94,1.6607,0.005999
scipy-powell,hot,5,95,1.6772,0.005999
scipy-powell,hot,5,96,1.6942,0.005999
scipy-powell,hot,5,97,1.7110,0.005999
scipy-powell,hot,5,98,1.7260,0.005999
scipy-powell,hot,5,100,1.7561,0.005999
scipy-powell,hot,5,102,1.7883,0.005999
scipy-powell,hot,5,114,1.9726,0.005637
scipy-powell,hot,5,117,2.0193,0.005626
scipy-powell,hot,5,121,2.0799,0.005626
scipy-powell,hot,5,123,2.1101,0.005626
scipy-powell,hot,5,124,2.1252,0.005626
scipy-powell,hot,5,125,2.1399,0.005626
scipy-powell,hot,5,141,2.4323,0.005626
scipy-powell,hot,5,143,2.4633,0.005626
scipy-powell,hot,5,146,2.5150,0.005590
scipy-powell,hot,5,149,2.5606,0.005571
scipy-powell,hot,5,150,2.5776,0.005549
scipy-powell,hot,5,152,2.6098,0.005547
scipy-powell,hot,5,153,2.6269,0.005547
scipy-powell,hot,5,154,2.6426,0.005547
scipy-powell,hot,5,155,2.6589,0.005547
scipy-powell,hot,5,156,2.6750,0.005547
scipy-powell,hot,5,157,2.6921,0.005547
scipy-powell,hot,5,158,2.7075,0.005547
scipy-powell,hot,5,172,2.9418,0.005546
scipy-powell,hot,5,174,2.9713,0.005546
scipy-powell,hot,5,175,2.9862,0.005546
scipy-powell,hot,5,176,3.0014,0.005546
scipy-powell,hot,5,177,3.0189,0.005546
scipy-powell,hot,5,178,3.0368,0.005546
scipy-powell,hot,5,179,3.0559,0.005546
scipy-powell,hot,5,180,3.0741,0.005546
scipy-powell,hot,5,185,3.1574,0.005544
scipy-powell,hot,5,189,3.2293,0.005544
scipy-powell,hot,5,191,3.2600,0.005544
scipy-powell,hot,5,192,3.2776,0.005544
scipy-powell,hot,5,193,3.2928,0.005544
scipy-powell,hot,5,194,3.3080,0.005544
scipy-powell,hot,5,196,3.3373,0.005544
scipy-powell,hot,5,207,3.5169,0.005542
scipy-powell,hot,5,210,3.5611,0.005542
scipy-powell,hot,5,211,3.5770,0.005542
scipy-powell,hot,5,212,3.5932,0.005542
scipy-powell,hot,5,213,3.6089,0.005542
scipy-powell,hot,5,214,3.6232,0.005542
scipy-powell,hot,5,215,3.6382,0.005542
scipy-powell,hot,5,218,3.6859,0.005542
scipy-powell,hot,5,570,9.6175,0.005420
scipy-powell,hot,5,571,9.6330,0.005291
scipy-powell,hot,5,574,9.6820,0.005268
scipy-powell,hot,5,575,9.6977,0.005265
scipy-powell,hot,5,576,9.7145,0.005263
scipy-powell,hot,5,578,9.7507,0.005263
scipy-powell,hot,5,579,9.7676,0.005263
scipy-powell,hot,5,580,9.7852,0.005263
scipy-powell,hot,5,581,9.8019,0.005263
scipy-powell,hot,5,590,9.9482,0.005257
scipy-powell,hot,5,591,9.9646,0.005256
scipy-powell,hot,5,592,9.9813,0.005256
scipy-powell,hot,5,593,9.9980,0.005256
scipy-powell,hot,5,594,10.0141,0.005256
scipy-powell,hot,5,595,10.0301,0.005256
scipy-powell,hot,5,596,10.0473,0.005256
scipy-powell,hot,5,603,10.1632,0.005254
scipy-powell,hot,5,605,10.1958,0.005250
scipy-powell,hot,5,606,10.2114,0.005250
scipy-powell,hot,5,607,10.2282,0.005250
scipy-powell,hot,5,608,10.2464,0.005250
scipy-powell,hot,5,610,10.2832,0.005250
scipy-powell,hot,5,611,10.3004,0.005250
scipy-powell,hot,5,614,10.3518,0.005250
scipy-powell,hot,5,622,10.4863,0.005250
scipy-powell,hot,5,624,10.5173,0.005250
scipy-powell,hot,5,625,10.5326,0.005250
scipy-powell,hot,5,626,10.5474,0.005250
scipy-powell,hot,5,627,10.5632,0.005250
scipy-powell,hot,5,628,10.5782,0.005250
scipy-powell,hot,5,630,10.6103,0.005250
scipy-powell,hot,5,633,10.6583,0.005246
scipy-powell,hot,5,636,10.7092,0.005206
scipy-powell,hot,5,638,10.7441,0.005167
scipy-powell,hot,5,640,10.7737,0.005166
scipy-powell,hot,5,641,10.7884,0.005166
scipy-powell,hot,5,642,10.8027,0.005166
scipy-powell,hot,5,643,10.8168,0.005166
scipy-powell,hot,5,644,10.8332,0.005166
scipy-powell,hot,5,645,10.8491,0.005166
scipy-powell,hot,5,684,11.4737,0.005165
scipy-powell,hot,5,686,11.5074,0.005164
scipy-powell,hot,5,688,11.5390,0.005164
scipy-powell,hot,5,690,11.5712,0.005164
scipy-powell,hot,5,691,11.5914,0.005164
scipy-powell,hot,5,692,11.6086,0.005164
scipy-powell,hot,5,693,11.6250,0.005164
scipy-powell,hot,5,695,11.6620,0.005164
scipy-powell,hot,5,705,11.8209,0.005163
scipy-powell,hot,5,707,11.8521,0.005162
scipy-powell,hot,5,708,11.8669,0.005162
scipy-powell,hot,5,709,11.8827,0.005162
scipy-powell,hot,5,710,11.8978,0.005162
scipy-powell,hot,5,711,11.9130,0.005162
scipy-powell,hot,5,714,11.9595,0.005150
scipy-powell,hot,5,716,11.9910,0.005115
scipy-powell,hot,5,717,12.0064,0.005104
scipy-powell,hot,5,720,12.0532,0.005103
scipy-powell,hot,5,722,12.0844,0.005103
scipy-powell,hot,5,723,12.0999,0.005103
scipy-powell,hot,5,724,12.1172,0.005103
scipy-powell,hot,5,725,12.1334,0.005103
scipy-powell,hot,5,815,13.5112,0.005029
scipy-powell,hot,5,816,13.5258,0.004920
scipy-powell,hot,5,822,13.6186,0.004920
scipy-powell,hot,5,824,13.6501,0.004920
scipy-powell,hot,5,826,13.6806,0.004920
scipy-powell,hot,5,827,13.6958,0.004920
scipy-powell,hot,5,828,13.7129,0.004920
scipy-powell,hot,5,829,13.7341,0.004920
scipy-powell,hot,5,830,13.7562,0.004920
scipy-powell,hot,5,843,13.9712,0.004920
scipy-powell,hot,5,845,14.0021,0.004919
scipy-powell,hot,5,846,14.0173,0.004919
scipy-powell,hot,5,847,14.0324,0.004919
scipy-powell,hot,5,848,14.0485,0.004919
scipy-powell,hot,5,849,14.0630,0.004919
scipy-powell,hot,5,850,14.0783,0.004919
scipy-powell,hot,5,851,14.0933,0.004919
scipy-powell,hot,5,1149,18.7093,0.004895
scipy-powell,hot,5,1150,18.7248,0.004838
scipy-powell,hot,5,1151,18.7405,0.004830
scipy-powell,hot,5,1152,18.7567,0.004828
scipy-powell,hot,5,1153,18.7733,0.004828
scipy-powell,hot,5,1154,18.7871,0.004828
scipy-powell,hot,5,1155,18.8024,0.004828
scipy-powell,hot,5,1164,18.9383,0.004817
scipy-powell,hot,5,1166,18.9686,0.004816
scipy-powell,hot,5,1167,18.9832,0.004816
scipy-powell,hot,5,1168,19.0000,0.004816
scipy-powell,hot,5,1169,19.0159,0.004816
scipy-powell,hot,5,1170,19.0310,0.004816
scipy-powell,hot,5,1171,19.0461,0.004816
scipy-powell,hot,5,1177,19.1421,0.004806
scipy-powell,hot,5,1178,19.1579,0.004796
scipy-powell,hot,5,1180,19.1886,0.004794
scipy-powell,hot,5,1182,19.2199,0.004794
scipy-powell,hot,5,1183,19.2348,0.004794
scipy-powell,hot,5,1184,19.2495,0.004794
scipy-powell,hot,5,1185,19.2642,0.004794
scipy-powell,hot,5,1190,19.3389,0.004794
scipy-powell,hot,5,1196,19.4296,0.004794
scipy-powell,hot,5,1199,19.4763,0.004794
scipy-powell,hot,5,1200,19.4926,0.004794
scipy-powell,hot,5,1201,19.5116,0.004794
scipy-powell,hot,5,1202,19.5279,0.004794
scipy-powell,hot,5,1203,19.5444,0.004794
scipy-powell,hot,5,1205,19.5767,0.004794
scipy-powell,hot,5,1211,19.6753,0.004789
scipy-powell,hot,5,1214,19.7231,0.004789
scipy-powell,hot,5,1216,19.7566,0.004789
scipy-powell,hot,5,1217,19.7723,0.004789
scipy-powell,hot,5,1218,19.7886,0.004789
scipy-powell,hot,5,1219,19.8067,0.004789
scipy-powell,hot,5,1220,19.8223,0.004789
scipy-powell,hot,5,1221,19.8388,0.004789
scipy-powell,hot,5,1231,20.0025,0.004788
scipy-powell,hot,5,1233,20.0353,0.004787
scipy-powell,hot,5,1234,20.0509,0.004784
scipy-powell,hot,5,1235,20.0668,0.004782
scipy-powell,hot,5,1236,20.0828,0.004782
scipy-powell,hot,5,1237,20.0988,0.004781
scipy-powell,hot,5,1238,20.1137,0.004781
scipy-powell,hot,5,1240,20.1446,0.004781
scipy-powell,hot,5,1241,20.1604,0.004781
scipy-powell,hot,5,1242,20.1758,0.004781
scipy-powell,hot,5,1243,20.1909,0.004781
scipy-powell,hot,5,1244,20.2065,0.004781
scipy-powell,hot,5,1245,20.2214,0.004781
scipy-powell,hot,5,1246,20.2367,0.004781
scipy-powell,hot,5,1247,20.2508,0.004781
scipy-powell,hot,5,1248,20.2662,0.004781
scipy-powell,hot,5,1249,20.2804,0.004781
scipy-powell,hot,5,1250,20.2948,0.004781
scipy-powell,hot,5,1251,20.3097,0.004781
scipy-powell,hot,5,1252,20.3252,0.004781
scipy-powell,hot,5,1253,20.3414,0.004781
scipy-powell,hot,5,1254,20.3559,0.004781
scipy-powell,hot,5,1255,20.3707,0.004781
scipy-powell,hot,5,1256,20.3860,0.004781
scipy-powell,hot,5,1257,20.4008,0.004781
scipy-powell,hot,5,1258,20.4154,0.004781
scipy-powell,hot,5,1259,20.4310,0.004781
scipy-powell,hot,5,1260,20.4473,0.004781
scipy-powell,hot,5,1261,20.4634,0.004781
scipy-powell,hot,5,1262,20.4781,0.004781
scipy-powell,hot,5,1263,20.4957,0.004781
scipy-powell,hot,5,1268,20.5739,0.004779
scipy-powell,hot,5,1269,20.5892,0.004778
scipy-powell,hot,5,1270,20.6048,0.004778
scipy-powell,hot,5,1271,20.6206,0.004778
scipy-powell,hot,5,1272,20.6373,0.004778
scipy-powell,hot,5,1273,20.6540,0.004778
scipy-powell,hot,5,1274,20.6690,0.004778
scipy-powell,hot,5,1278,20.7306,0.004778
scipy-powell,hot,5,1282,20.7925,0.004776
scipy-powell,hot,5,1283,20.8072,0.004776
scipy-powell,hot,5,1286,20.8491,0.004776
scipy-powell,hot,5,1287,20.8645,0.004776
scipy-powell,hot,5,1290,20.9074,0.004776
scipy-powell,hot,5,1291,20.9248,0.004776
scipy-powell,hot,5,1292,20.9418,0.004776
scipy-powell,hot,5,1293,20.9577,0.004776
scipy-powell,hot,5,1295,20.9873,0.004776
scipy-powell,hot,5,1297,21.0187,0.004776
scipy-powell,hot,5,1304,21.1419,0.004775
scipy-powell,hot,5,1305,21.1580,0.004774
scipy-powell,hot,5,1307,21.1873,0.004774
scipy-powell,hot,5,1308,21.2022,0.004774
scipy-powell,hot,5,1309,21.2179,0.004774
scipy-powell,hot,5,1310,21.2316,0.004774
scipy-powell,hot,5,1806,28.9210,0.004753
scipy-powell,hot,5,1807,28.9346,0.004748
scipy-powell,hot,5,1808,28.9486,0.004748
scipy-powell,hot,5,1809,28.9637,0.004748
scipy-powell,hot,5,1810,28.9786,0.004748
scipy-powell,hot,5,1811,28.9943,0.004748
scipy-powell,hot,5,1812,29.0093,0.004748
scipy-powell,hot,5,1813,29.0248,0.004748
scipy-powell,hot,5,1821,29.1398,0.004740
scipy-powell,hot,5,1823,29.1670,0.004740
scipy-powell,hot,5,1824,29.1809,0.004740
scipy-powell,hot,5,1826,29.2154,0.004740
scipy-powell,hot,5,1842,29.4570,0.004732
scipy-powell,hot,5,1846,29.5129,0.004732
scipy-powell,hot,5,1847,29.5291,0.004732
scipy-powell,hot,5,1848,29.5443,0.004732
scipy-powell,hot,6,0,0.0000,0.006464
scipy-powell,hot,6,2,0.0476,0.006143
scipy-powell,hot,6,6,0.1136,0.006128
scipy-powell,hot,6,7,0.1303,0.006124
scipy-powell,hot,6,9,0.1643,0.006122
scipy-powell,hot,6,10,0.1821,0.006122
scipy-powell,hot,6,11,0.1995,0.006122
scipy-powell,hot,6,12,0.2166,0.006122
scipy-powell,hot,6,13,0.2332,0.006122
scipy-powell,hot,6,14,0.2500,0.006122
scipy-powell,hot,6,193,3.1524,0.006103
scipy-powell,hot,6,198,3.2322,0.006103
scipy-powell,hot,6,199,3.2477,0.006103
scipy-powell,hot,6,200,3.2644,0.006103
scipy-powell,hot,6,201,3.2802,0.006103
scipy-powell,hot,6,202,3.2964,0.006103
scipy-powell,hot,6,203,3.3117,0.006103
scipy-powell,hot,6,217,3.5329,0.006103
scipy-powell,hot,6,218,3.5486,0.006103
scipy-powell,hot,6,219,3.5628,0.006103
scipy-powell,hot,6,220,3.5775,0.006103
scipy-powell,hot,6,221,3.5934,0.006103
scipy-powell,hot,6,222,3.6099,0.006103
scipy-powell,hot,6,232,3.7660,0.006102
scipy-powell,hot,6,233,3.7835,0.006102
scipy-powell,hot,6,234,3.8005,0.006102
scipy-powell,hot,6,235,3.8178,0.006102
scipy-powell,hot,6,244,3.9563,0.006102
scipy-powell,hot,6,245,3.9708,0.006102
scipy-powell,hot,6,248,4.0171,0.006102
scipy-powell,hot,6,249,4.0323,0.006102
scipy-powell,hot,6,250,4.0472,0.006102
scipy-powell,hot,6,251,4.0627,0.006102
scipy-powell,hot,6,252,4.0778,0.006102
scipy-powell,hot,6,268,4.3249,0.006102
scipy-powell,hot,6,284,4.5673,0.006102
scipy-powell,hot,6,286,4.5990,0.006102
scipy-powell,hot,6,287,4.6136,0.006102
scipy-powell,hot,6,288,4.6287,0.006102
scipy-powell,hot,6,289,4.6434,0.006102
scipy-powell,hot,6,290,4.6588,0.006102
scipy-powell,hot,6,291,4.6737,0.006102
scipy-powell,hot,6,292,4.6883,0.006102
scipy-powell,hot,6,349,5.5975,0.005800
scipy-powell,hot,6,350,5.6126,0.005792
scipy-powell,hot,6,353,5.6568,0.005792
scipy-powell,hot,6,354,5.6717,0.005792
scipy-powell,hot,6,356,5.7026,0.005792
scipy-powell,hot,6,357,5.7192,0.005792
scipy-powell,hot,6,358,5.7366,0.005792
scipy-powell,hot,6,359,5.7529,0.005792
scipy-powell,hot,6,361,5.7831,0.005792
scipy-powell,hot,6,362,5.7976,0.005792
scipy-powell,hot,6,363,5.8143,0.005790
scipy-powell,hot,6,366,5.8609,0.005790
scipy-powell,hot,6,368,5.8905,0.005790
scipy-powell,hot,6,369,5.9060,0.005790
scipy-powell,hot,6,371,5.9356,0.005790
scipy-powell,hot,6,372,5.9502,0.005790
scipy-powell,hot,6,373,5.9671,0.005790
scipy-powell,hot,6,374,5.9827,0.005790
scipy-powell,hot,6,383,6.1179,0.005790
scipy-powell,hot,6,385,6.1484,0.005790
scipy-powell,hot,6,396,6.3163,0.005790
scipy-powell,hot,6,399,6.3623,0.005790
scipy-powell,hot,6,400,6.3792,0.005790
scipy-powell,hot,6,402,6.4136,0.005790
scipy-powell,hot,6,403,6.4313,0.005790
scipy-powell,hot,6,404,6.4473,0.005790
scipy-powell,hot,6,405,6.4631,0.005790
scipy-powell,hot,6,406,6.4788,0.005790
scipy-powell,hot,6,407,6.4940,0.005790
scipy-powell,hot,6,408,6.5096,0.005790
scipy-powell,hot,6,409,6.5265,0.005790
scipy-powell,hot,6,410,6.5431,0.005790
scipy-powell,hot,6,411,6.5582,0.005790
scipy-powell,hot,6,412,6.5733,0.005790
scipy-powell,hot,6,413,6.5884,0.005790
scipy-powell,hot,6,414,6.6027,0.005790
scipy-powell,hot,6,415,6.6177,0.005790
scipy-powell,hot,6,416,6.6330,0.005790
scipy-powell,hot,6,417,6.6480,0.005790
scipy-powell,hot,6,418,6.6644,0.005790
scipy-powell,hot,6,419,6.6798,0.005790
scipy-powell,hot,6,420,6.6958,0.005790
scipy-powell,hot,6,421,6.7112,0.005790
scipy-powell,hot,6,422,6.7285,0.005790
scipy-powell,hot,6,423,6.7452,0.005790
scipy-powell,hot,6,424,6.7608,0.005790
scipy-powell,hot,6,425,6.7785,0.005790
scipy-powell,hot,6,427,6.8098,0.005790
scipy-powell,hot,6,435,6.9358,0.005789
scipy-powell,hot,6,437,6.9667,0.005789
scipy-powell,hot,6,438,6.9826,0.005789
scipy-powell,hot,6,439,6.9981,0.005789
scipy-powell,hot,6,440,7.0140,0.005789
scipy-powell,hot,6,441,7.0287,0.005789
scipy-powell,hot,6,442,7.0447,0.005789
scipy-powell,hot,6,444,7.0752,0.005789
scipy-powell,hot,6,452,7.2002,0.005789
scipy-powell,hot,6,456,7.2620,0.005789
scipy-powell,hot,6,457,7.2778,0.005789
scipy-powell,hot,6,458,7.2937,0.005789
scipy-powell,hot,6,517,8.2104,0.005480
scipy-powell,hot,6,518,8.2257,0.005359
scipy-powell,hot,6,519,8.2396,0.005282
scipy-powell,hot,6,521,8.2702,0.005276
scipy-powell,hot,6,523,8.2995,0.005276
scipy-powell,hot,6,524,8.3142,0.005276
scipy-powell,hot,6,525,8.3285,0.005276
scipy-powell,hot,6,526,8.3434,0.005276
scipy-powell,hot,6,527,8.3578,0.005276
scipy-powell,hot,6,528,8.3721,0.005276
scipy-powell,hot,6,530,8.3998,0.005276
scipy-powell,hot,6,1101,17.4506,0.005196
scipy-powell,hot,6,1102,17.4663,0.005190
scipy-powell,hot,6,1105,17.5125,0.005190
scipy-powell,hot,6,1107,17.5437,0.005190
scipy-powell,hot,6,1108,17.5587,0.005190
scipy-powell,hot,6,1109,17.5737,0.005190
scipy-powell,hot,6,1110,17.5903,0.005190
scipy-powell,hot,6,1111,17.6075,0.005190
scipy-powell,hot,6,1203,19.0721,0.005171
scipy-powell,hot,6,1205,19.1049,0.005158
scipy-powell,hot,6,1207,19.1382,0.005157
scipy-powell,hot,6,1209,19.1668,0.005157
scipy-powell,hot,6,1210,19.1811,0.005157
scipy-powell,hot,6,1211,19.1949,0.005157
scipy-powell,hot,6,1212,19.2101,0.005157
scipy-powell,hot,6,1213,19.2238,0.005157
scipy-powell,hot,6,1214,19.2384,0.005157
scipy-powell,hot,6,1234,19.5552,0.005151
scipy-powell,hot,6,1235,19.5709,0.005144
scipy-powell,hot,6,1236,19.5893,0.005143
scipy-powell,hot,6,1238,19.6272,0.005143
scipy-powell,hot,6,1239,19.6439,0.005143
scipy-powell,hot,6,1240,19.6603,0.005143
scipy-powell,hot,6,1241,19.6761,0.005143
scipy-powell,hot,6,1242,19.6915,0.005143
scipy-powell,hot,6,1245,19.7393,0.005143
scipy-powell,hot,6,1255,19.9201,0.005143
scipy-powell,hot,6,1256,19.9368,0.005143
scipy-powell,hot,6,1257,19.9538,0.005143
scipy-powell,hot,6,1258,19.9701,0.005143
scipy-powell,hot,6,1259,19.9856,0.005143
scipy-powell,hot,6,1260,20.0010,0.005143
scipy-powell,hot,6,1261,20.0163,0.005143
scipy-powell,hot,6,1268,20.1239,0.005127
scipy-powell,hot,6,1269,20.1420,0.005121
scipy-powell,hot,6,1270,20.1618,0.005115
scipy-powell,hot,6,1272,20.2030,0.005115
scipy-powell,hot,6,1274,20.2457,0.005115
scipy-powell,hot,6,1275,20.2674,0.005115
scipy-powell,hot,6,1276,20.2893,0.005115
scipy-powell,hot,6,1277,20.3103,0.005115
scipy-powell,hot,6,1278,20.3308,0.005115
scipy-powell,hot,6,1279,20.3484,0.005115
scipy-powell,hot,6,1291,20.5638,0.005114
scipy-powell,hot,6,1292,20.5855,0.005114
scipy-powell,hot,6,1293,20.6062,0.005114
scipy-powell,hot,6,1294,20.6274,0.005114
scipy-powell,hot,6,1295,20.6460,0.005114
scipy-powell,hot,6,1296,20.6624,0.005114
scipy-powell,hot,6,1297,20.6790,0.005114
scipy-powell,hot,6,1300,20.7315,0.005114
scipy-powell,hot,6,1543,24.6410,0.005096
scipy-powell,hot,6,1545,24.6714,0.005096
scipy-powell,hot,6,1546,24.6865,0.005095
scipy-powell,hot,6,1547,24.7023,0.005095
scipy-powell,hot,6,1548,24.7177,0.005095
scipy-powell,hot,6,1549,24.7336,0.005095
scipy-powell,hot,6,1550,24.7491,0.005095
scipy-powell,hot,6,1568,25.0341,0.005095
scipy-powell,hot,6,1570,25.0719,0.005095
scipy-powell,hot,6,1571,25.0890,0.005095
scipy-powell,hot,6,1572,25.1046,0.005095
scipy-powell,hot,6,1573,25.1208,0.005095
scipy-powell,hot,6,1583,25.2910,0.005048
scipy-powell,hot,6,1585,25.3232,0.005047
scipy-powell,hot,6,1586,25.3389,0.005046
scipy-powell,hot,6,1587,25.3546,0.005046
scipy-powell,hot,6,1588,25.3693,0.005046
scipy-powell,hot,6,1589,25.3846,0.005046
scipy-powell,hot,6,1602,25.5756,0.005041
scipy-powell,hot,6,1606,25.6336,0.005032
scipy-powell,hot,6,1609,25.6744,0.005032
scipy-powell,hot,6,1610,25.6885,0.005032
scipy-powell,hot,7,0,0.0000,0.006181
scipy-powell,hot,7,13,0.2230,0.005889
scipy-powell,hot,7,14,0.2400,0.005870
scipy-powell,hot,7,15,0.2553,0.005864
scipy-powell,hot,7,16,0.2718,0.005861
scipy-powell,hot,7,18,0.3029,0.005860
scipy-powell,hot,7,19,0.3180,0.005859
scipy-powell,hot,7,20,0.3330,0.005859
scipy-powell,hot,7,21,0.3472,0.005859
scipy-powell,hot,7,22,0.3632,0.005859
scipy-powell,hot,7,23,0.3790,0.005859
scipy-powell,hot,7,24,0.3935,0.005859
scipy-powell,hot,7,25,0.4093,0.005859
scipy-powell,hot,7,26,0.4268,0.005859
scipy-powell,hot,7,27,0.4410,0.005859
scipy-powell,hot,7,28,0.4563,0.005859
scipy-powell,hot,7,29,0.4746,0.005859
scipy-powell,hot,7,30,0.4909,0.005859
scipy-powell,hot,7,31,0.5059,0.005859
scipy-powell,hot,7,32,0.5211,0.005859
scipy-powell,hot,7,33,0.5364,0.005859
scipy-powell,hot,7,34,0.5552,0.005859
scipy-powell,hot,7,35,0.5772,0.005859
scipy-powell,hot,7,36,0.5992,0.005859
scipy-powell,hot,7,37,0.6162,0.005859
scipy-powell,hot,7,38,0.6317,0.005859
scipy-powell,hot,7,39,0.6465,0.005859
scipy-powell,hot,7,40,0.6611,0.005859
scipy-powell,hot,7,41,0.6756,0.005859
scipy-powell,hot,7,42,0.6902,0.005859
scipy-powell,hot,7,43,0.7046,0.005859
scipy-powell,hot,7,44,0.7211,0.005859
scipy-powell,hot,7,45,0.7409,0.005859
scipy-powell,hot,7,46,0.7551,0.005859
scipy-powell,hot,7,47,0.7723,0.005859
scipy-powell,hot,7,48,0.7875,0.005859
scipy-powell,hot,7,49,0.8020,0.005859
scipy-powell,hot,7,50,0.8176,0.005858
scipy-powell,hot,7,52,0.8482,0.005858
scipy-powell,hot,7,53,0.8630,0.005857
scipy-powell,hot,7,55,0.8950,0.005849
scipy-powell,hot,7,56,0.9109,0.005849
scipy-powell,hot,7,57,0.9261,0.005849
scipy-powell,hot,7,58,0.9400,0.005849
scipy-powell,hot,7,59,0.9545,0.005849
scipy-powell,hot,7,60,0.9709,0.005849
scipy-powell,hot,7,61,0.9858,0.005849
scipy-powell,hot,7,67,1.0800,0.005848
scipy-powell,hot,7,69,1.1218,0.005848
scipy-powell,hot,7,71,1.1656,0.005848
scipy-powell,hot,7,72,1.1885,0.005848
scipy-powell,hot,7,73,1.2110,0.005848
scipy-powell,hot,7,74,1.2331,0.005848
scipy-powell,hot,7,90,1.4761,0.005848
scipy-powell,hot,7,93,1.5206,0.005848
scipy-powell,hot,7,96,1.5669,0.005848
scipy-powell,hot,7,97,1.5825,0.005848
scipy-powell,hot,7,98,1.5998,0.005848
scipy-powell,hot,7,99,1.6163,0.005848
scipy-powell,hot,7,105,1.7100,0.005848
scipy-powell,hot,7,106,1.7255,0.005848
scipy-powell,hot,7,114,1.8480,0.005848
scipy-powell,hot,7,117,1.8935,0.005848
scipy-powell,hot,7,118,1.9084,0.005848
scipy-powell,hot,7,120,1.9401,0.005848
scipy-powell,hot,7,121,1.9558,0.005848
scipy-powell,hot,7,127,2.0510,0.005848
scipy-powell,hot,7,130,2.1012,0.005848
scipy-powell,hot,7,136,2.1908,0.005848
scipy-powell,hot,7,137,2.2072,0.005848
scipy-powell,hot,7,138,2.2238,0.005848
scipy-powell,hot,7,139,2.2404,0.005848
scipy-powell,hot,7,141,2.2729,0.005848
scipy-powell,hot,7,142,2.2900,0.005848
scipy-powell,hot,7,144,2.3208,0.005848
scipy-powell,hot,7,151,2.4286,0.005848
scipy-powell,hot,7,158,2.5423,0.005848
scipy-powell,hot,7,160,2.5742,0.005848
scipy-powell,hot,7,161,2.5902,0.005848
scipy-powell,hot,7,162,2.6060,0.005848
scipy-powell,hot,7,163,2.6213,0.005848
scipy-powell,hot,7,164,2.6372,0.005848
scipy-powell,hot,7,166,2.6693,0.005848
scipy-powell,hot,7,175,2.7971,0.005848
scipy-powell,hot,7,176,2.8118,0.005840
scipy-powell,hot,7,182,2.9018,0.005837
scipy-powell,hot,7,183,2.9178,0.005836
scipy-powell,hot,7,184,2.9341,0.005835
scipy-powell,hot,7,186,2.9655,0.005835
scipy-powell,hot,7,187,2.9810,0.005835
scipy-powell,hot,7,188,2.9964,0.005835
scipy-powell,hot,7,189,3.0107,0.005835
scipy-powell,hot,7,190,3.0262,0.005835
scipy-powell,hot,7,241,3.8638,0.005834
scipy-powell,hot,7,242,3.8805,0.005834
scipy-powell,hot,7,243,3.8974,0.005833
scipy-powell,hot,7,245,3.9310,0.005833
scipy-powell,hot,7,246,3.9468,0.005833
scipy-powell,hot,7,247,3.9625,0.005833
scipy-powell,hot,7,253,4.0617,0.005801
scipy-powell,hot,7,254,4.0779,0.005786
scipy-powell,hot,7,256,4.1101,0.005782
scipy-powell,hot,7,257,4.1260,0.005781
scipy-powell,hot,7,259,4.1574,0.005781
scipy-powell,hot,7,260,4.1734,0.005781
scipy-powell,hot,7,261,4.1892,0.005781
scipy-powell,hot,7,262,4.2045,0.005781
scipy-powell,hot,7,263,4.2208,0.005781
scipy-powell,hot,7,264,4.2361,0.005781
scipy-powell,hot,7,265,4.2510,0.005781
scipy-powell,hot,7,330,5.3367,0.005697
scipy-powell,hot,7,333,5.3812,0.005689
scipy-powell,hot,7,334,5.3970,0.005495
scipy-powell,hot,7,336,5.4260,0.005459
scipy-powell,hot,7,338,5.4555,0.005449
scipy-powell,hot,7,339,5.4702,0.005449
scipy-powell,hot,7,340,5.4860,0.005449
scipy-powell,hot,7,341,5.5016,0.005449
scipy-powell,hot,7,342,5.5185,0.005449
scipy-powell,hot,7,343,5.5355,0.005449
scipy-powell,hot,7,345,5.5663,0.005449
scipy-powell,hot,7,357,5.7788,0.005448
scipy-powell,hot,7,360,5.8238,0.005448
scipy-powell,hot,7,362,5.8577,0.005448
scipy-powell,hot,7,363,5.8734,0.005448
scipy-powell,hot,7,364,5.8907,0.005448
scipy-powell,hot,7,365,5.9087,0.005448
scipy-powell,hot,7,369,5.9776,0.005313
scipy-powell,hot,7,371,6.0135,0.005310
scipy-powell,hot,7,372,6.0300,0.005310
scipy-powell,hot,7,376,6.0965,0.005310
scipy-powell,hot,7,378,6.1276,0.005310
scipy-powell,hot,7,379,6.1433,0.005310
scipy-powell,hot,7,380,6.1599,0.005310
scipy-powell,hot,7,381,6.1780,0.005310
scipy-powell,hot,7,389,6.3271,0.005292
scipy-powell,hot,7,391,6.3575,0.005291
scipy-powell,hot,7,393,6.3909,0.005291
scipy-powell,hot,7,394,6.4079,0.005291
scipy-powell,hot,7,395,6.4238,0.005291
scipy-powell,hot,7,396,6.4383,0.005291
scipy-powell,hot,7,397,6.4540,0.005291
scipy-powell,hot,7,522,8.5604,0.005202
scipy-powell,hot,7,524,8.5912,0.005200
scipy-powell,hot,7,525,8.6051,0.005199
scipy-powell,hot,7,526,8.6209,0.005199
scipy-powell,hot,7,527,8.6358,0.005199
scipy-powell,hot,7,528,8.6520,0.005199
scipy-powell,hot,7,529,8.6669,0.005199
scipy-powell,hot,7,542,8.8689,0.005199
scipy-powell,hot,7,543,8.8839,0.005194
scipy-powell,hot,7,544,8.8997,0.005189
scipy-powell,hot,7,546,8.9316,0.005189
scipy-powell,hot,7,547,8.9485,0.005189
scipy-powell,hot,7,548,8.9641,0.005189
scipy-powell,hot,7,549,8.9799,0.005189
scipy-powell,hot,7,550,8.9951,0.005189
scipy-powell,hot,7,564,9.2193,0.005175
scipy-powell,hot,7,566,9.2502,0.005166
scipy-powell,hot,7,568,9.2842,0.005165
scipy-powell,hot,7,569,9.3016,0.005165
scipy-powell,hot,7,570,9.3180,0.005165
scipy-powell,hot,7,571,9.3348,0.005165
scipy-powell,hot,7,572,9.3511,0.005165
scipy-powell,hot,7,573,9.3674,0.005165
scipy-powell,hot,7,574,9.3834,0.005165
scipy-powell,hot,7,578,9.4473,0.005144
scipy-powell,hot,7,579,9.4632,0.005134
scipy-powell,hot,7,580,9.4791,0.005130
scipy-powell,hot,7,581,9.4948,0.005128
scipy-powell,hot,7,582,9.5105,0.005127
scipy-powell,hot,7,583,9.5272,0.005126
scipy-powell,hot,7,584,9.5428,0.005126
scipy-powell,hot,7,585,9.5581,0.005126
scipy-powell,hot,7,586,9.5730,0.005126
scipy-powell,hot,7,587,9.5872,0.005126
scipy-powell,hot,7,588,9.6019,0.005126
scipy-powell,hot,7,589,9.6170,0.005126
scipy-powell,hot,7,590,9.6322,0.005126
scipy-powell,hot,7,591,9.6481,0.005126
scipy-powell,hot,7,592,9.6650,0.005126
scipy-powell,hot,7,593,9.6808,0.005126
scipy-powell,hot,7,594,9.6967,0.005126
scipy-powell,hot,7,595,9.7126,0.005126
scipy-powell,hot,7,596,9.7283,0.005126
scipy-powell,hot,7,597,9.7438,0.005126
scipy-powell,hot,7,598,9.7592,0.005126
scipy-powell,hot,7,599,9.7742,0.005126
scipy-powell,hot,7,600,9.7891,0.005126
scipy-powell,hot,7,601,9.8039,0.005126
scipy-powell,hot,7,602,9.8191,0.005126
scipy-powell,hot,7,603,9.8348,0.005126
scipy-powell,hot,7,604,9.8510,0.005126
scipy-powell,hot,7,605,9.8666,0.005126
scipy-powell,hot,7,606,9.8807,0.005126
scipy-powell,hot,7,607,9.8943,0.005126
scipy-powell,hot,7,608,9.9083,0.005126
scipy-powell,hot,7,609,9.9228,0.005126
scipy-powell,hot,7,610,9.9377,0.005126
scipy-powell,hot,7,611,9.9516,0.005126
scipy-powell,hot,7,612,9.9661,0.005126
scipy-powell,hot,7,613,9.9803,0.005126
scipy-powell,hot,7,619,10.0647,0.005126
scipy-powell,hot,7,621,10.0933,0.005126
scipy-powell,hot,7,622,10.1074,0.005126
scipy-powell,hot,7,623,10.1220,0.005126
scipy-powell,hot,7,631,10.2483,0.005126
scipy-powell,hot,7,632,10.2644,0.005121
scipy-powell,hot,7,633,10.2804,0.005119
scipy-powell,hot,7,634,10.2980,0.005119
scipy-powell,hot,7,635,10.3144,0.005119
scipy-powell,hot,7,636,10.3294,0.005119
scipy-powell,hot,7,637,10.3465,0.005119
scipy-powell,hot,7,638,10.3610,0.005119
scipy-powell,hot,7,639,10.3748,0.005119
scipy-powell,hot,7,640,10.3893,0.005119
scipy-powell,hot,7,641,10.4047,0.005119
scipy-powell,hot,7,642,10.4211,0.005119
scipy-powell,hot,7,643,10.4386,0.005119
scipy-powell,hot,7,644,10.4554,0.005119
scipy-powell,hot,7,645,10.4706,0.005119
scipy-powell,hot,7,646,10.4848,0.005119
scipy-powell,hot,7,647,10.4992,0.005119
scipy-powell,hot,7,648,10.5144,0.005119
scipy-powell,hot,7,649,10.5291,0.005119
scipy-powell,hot,7,650,10.5437,0.005119
scipy-powell,hot,7,651,10.5584,0.005119
scipy-powell,hot,7,652,10.5734,0.005119
scipy-powell,hot,7,653,10.5882,0.005119
scipy-powell,hot,7,654,10.6030,0.005119
scipy-powell,hot,7,655,10.6172,0.005119
scipy-powell,hot,7,656,10.6320,0.005119
scipy-powell,hot,7,657,10.6459,0.005119
scipy-powell,hot,7,658,10.6617,0.005119
scipy-powell,hot,7,659,10.6768,0.005119
scipy-powell,hot,7,660,10.6922,0.005119
scipy-powell,hot,7,661,10.7081,0.005119
scipy-powell,hot,7,662,10.7233,0.005119
scipy-powell,hot,7,663,10.7390,0.005119
scipy-powell,hot,7,664,10.7551,0.005119
scipy-powell,hot,7,665,10.7713,0.005119
scipy-powell,hot,7,666,10.7865,0.005119
scipy-powell,hot,7,667,10.8015,0.005119
scipy-powell,hot,7,668,10.8180,0.005119
scipy-powell,hot,7,673,10.8935,0.005119
scipy-powell,hot,7,674,10.9080,0.005119
scipy-powell,hot,7,675,10.9226,0.005119
scipy-powell,hot,7,676,10.9392,0.005119
scipy-powell,hot,7,678,10.9708,0.005119
scipy-powell,hot,7,679,10.9853,0.005119
scipy-powell,hot,7,688,11.1217,0.005119
scipy-powell,hot,7,700,11.3089,0.005119
scipy-powell,hot,7,701,11.3254,0.005118
scipy-powell,hot,7,702,11.3423,0.005118
scipy-powell,hot,7,703,11.3600,0.005118
scipy-powell,hot,7,705,11.3914,0.005118
scipy-powell,hot,7,706,11.4064,0.005118
scipy-powell,hot,7,707,11.4241,0.005118
scipy-powell,hot,7,708,11.4392,0.005118
scipy-powell,hot,7,709,11.4539,0.005118
scipy-powell,hot,7,710,11.4683,0.005118
scipy-powell,hot,7,711,11.4827,0.005118
scipy-powell,hot,7,712,11.4967,0.005118
scipy-powell,hot,7,713,11.5108,0.005118
scipy-powell,hot,7,714,11.5261,0.005118
scipy-powell,hot,7,715,11.5412,0.005118
scipy-powell,hot,7,716,11.5563,0.005118
scipy-powell,hot,7,717,11.5717,0.005118
scipy-powell,hot,7,718,11.5875,0.005118
scipy-powell,hot,7,719,11.6031,0.005118
scipy-powell,hot,7,720,11.6180,0.005118
scipy-powell,hot,7,721,11.6320,0.005118
scipy-powell,hot,7,722,11.6463,0.005118
scipy-powell,hot,7,723,11.6611,0.005118
scipy-powell,hot,7,724,11.6767,0.005118
scipy-powell,hot,7,725,11.6923,0.005118
scipy-powell,hot,7,726,11.7072,0.005118
scipy-powell,hot,7,727,11.7223,0.005118
scipy-powell,hot,7,728,11.7378,0.005118
scipy-powell,hot,7,729,11.7531,0.005118
scipy-powell,hot,7,730,11.7677,0.005118
scipy-powell,hot,7,731,11.7826,0.005118
scipy-powell,hot,7,732,11.7970,0.005118
scipy-powell,hot,7,733,11.8118,0.005118
scipy-powell,hot,7,734,11.8269,0.005118
scipy-powell,hot,7,735,11.8421,0.005118
scipy-powell,hot,7,737,11.8715,0.005092
scipy-powell,hot,7,741,11.9297,0.005085
scipy-powell,hot,7,742,11.9441,0.005085
scipy-powell,hot,7,743,11.9588,0.005085
scipy-powell,hot,7,744,11.9740,0.005085
scipy-powell,hot,7,745,11.9879,0.005085
scipy-powell,hot,7,861,13.7483,0.005076
scipy-powell,hot,7,863,13.7803,0.005073
scipy-powell,hot,7,866,13.8282,0.005072
scipy-powell,hot,7,867,13.8440,0.005072
scipy-powell,hot,7,868,13.8602,0.005072
scipy-powell,hot,7,870,13.8916,0.005072
scipy-powell,hot,7,871,13.9071,0.005072
scipy-powell,hot,7,872,13.9226,0.005072
scipy-powell,hot,7,873,13.9390,0.005072
scipy-powell,hot,7,895,14.2818,0.005064
scipy-powell,hot,7,897,14.3162,0.005064
scipy-powell,hot,7,898,14.3320,0.005062
scipy-powell,hot,7,899,14.3499,0.005062
scipy-powell,hot,7,900,14.3667,0.005062
scipy-powell,hot,7,902,14.3978,0.005062
scipy-powell,hot,7,903,14.4134,0.005062
scipy-powell,hot,7,913,14.5719,0.005062
scipy-powell,hot,7,914,14.5895,0.005062
scipy-powell,hot,7,915,14.6065,0.005061
scipy-powell,hot,7,917,14.6367,0.005060
scipy-powell,hot,7,918,14.6532,0.005060
scipy-powell,hot,7,919,14.6684,0.005060
scipy-powell,hot,7,921,14.7008,0.005060
scipy-powell,hot,7,923,14.7312,0.005060
scipy-powell,hot,7,924,14.7467,0.005060
scipy-powell,hot,7,926,14.7798,0.005060
scipy-powell,hot,7,938,14.9730,0.005060
scipy-powell,hot,7,939,14.9896,0.005060
scipy-powell,hot,7,941,15.0225,0.005060
scipy-powell,hot,7,942,15.0409,0.005060
scipy-powell,hot,7,943,15.0575,0.005060
scipy-powell,hot,7,944,15.0745,0.005060
scipy-powell,hot,7,945,15.0932,0.005060
scipy-powell,hot,7,947,15.1286,0.005060
scipy-powell,hot,7,957,15.2910,0.005060
scipy-powell,hot,7,958,15.3065,0.005059
scipy-powell,hot,7,959,15.3210,0.005059
scipy-powell,hot,7,960,15.3362,0.005059
scipy-powell,hot,7,961,15.3528,0.005059
scipy-powell,hot,7,970,15.4931,0.005028
scipy-powell,hot,7,972,15.5274,0.005019
scipy-powell,hot,7,973,15.5426,0.005019
scipy-powell,hot,7,974,15.5641,0.005019
scipy-powell,hot,7,975,15.5854,0.005019
scipy-powell,hot,7,976,15.6005,0.005019
scipy-powell,hot,7,977,15.6156,0.005019
scipy-powell,hot,7,978,15.6312,0.005019
scipy-powell,hot,7,1249,19.9207,0.004932
scipy-powell,hot,7,1250,19.9369,0.004683
scipy-powell,hot,7,1252,19.9704,0.004680
scipy-powell,hot,7,1253,19.9868,0.004679
scipy-powell,hot,7,1254,20.0013,0.004679
scipy-powell,hot,7,1255,20.0162,0.004679
scipy-powell,hot,7,1256,20.0303,0.004679
scipy-powell,hot,7,1257,20.0450,0.004679
scipy-powell,hot,7,1265,20.1741,0.004661
scipy-powell,hot,7,1266,20.1903,0.004641
scipy-powell,hot,7,1268,20.2215,0.004640
scipy-powell,hot,7,1269,20.2370,0.004640
scipy-powell,hot,7,1270,20.2528,0.004640
scipy-powell,hot,7,1271,20.2686,0.004640
scipy-powell,hot,7,1272,20.2851,0.004640
scipy-powell,hot,7,1273,20.3015,0.004640
scipy-powell,hot,7,1274,20.3181,0.004640
scipy-powell,hot,7,1277,20.3637,0.004600
scipy-powell,hot,7,1282,20.4407,0.004598
scipy-powell,hot,7,1283,20.4557,0.004595
scipy-powell,hot,7,1285,20.4862,0.004595
scipy-powell,hot,7,1286,20.5012,0.004595
scipy-powell,hot,7,1287,20.5168,0.004595
scipy-powell,hot,7,1291,20.5789,0.004595
scipy-powell,hot,7,1292,20.5947,0.004556
scipy-powell,hot,7,1295,20.6413,0.004556
scipy-powell,hot,7,1296,20.6574,0.004556
scipy-powell,hot,7,1297,20.6734,0.004556
scipy-powell,hot,7,1298,20.6891,0.004556
scipy-powell,hot,7,1299,20.7042,0.004556
scipy-powell,hot,7,1300,20.7209,0.004556
scipy-powell,hot,7,1302,20.7535,0.004556
scipy-powell,hot,7,1303,20.7696,0.004556
scipy-powell,hot,7,1304,20.7876,0.004556
scipy-powell,hot,7,1305,20.8046,0.004556
scipy-powell,hot,7,1306,20.8208,0.004556
scipy-powell,hot,7,1307,20.8375,0.004556
scipy-powell,hot,7,1308,20.8538,0.004556
scipy-powell,hot,7,1314,20.9418,0.004547
scipy-powell,hot,7,1317,20.9869,0.004547
scipy-powell,hot,7,1318,21.0019,0.004541
scipy-powell,hot,7,1319,21.0170,0.004541
scipy-powell,hot,7,1320,21.0312,0.004540
scipy-powell,hot,7,1322,21.0616,0.004540
scipy-powell,hot,7,1323,21.0759,0.004540
scipy-powell,hot,7,1324,21.0896,0.004540
scipy-powell,hot,7,1325,21.1030,0.004540
scipy-powell,hot,7,1329,21.1584,0.004540
scipy-powell,hot,7,1340,21.3107,0.004540
scipy-powell,hot,7,1342,21.3384,0.004540
scipy-powell,hot,7,1343,21.3517,0.004540
scipy-powell,hot,7,1345,21.3802,0.004540
scipy-powell,hot,7,1346,21.3942,0.004540
scipy-powell,hot,7,1347,21.4080,0.004540
scipy-powell,hot,7,1423,22.5345,0.004445
scipy-powell,hot,7,1426,22.5844,0.004445
scipy-powell,hot,7,1427,22.5990,0.004443
scipy-powell,hot,7,1429,22.6295,0.004443
scipy-powell,hot,7,1430,22.6458,0.004443
scipy-powell,hot,7,1441,22.8149,0.004441
scipy-powell,hot,7,1443,22.8487,0.004441
scipy-powell,hot,7,1444,22.8643,0.004441
scipy-powell,hot,7,1445,22.8804,0.004441
scipy-powell,hot,7,1446,22.8971,0.004441
scipy-powell,hot,7,1448,22.9294,0.004441
scipy-powell,hot,7,1459,23.1002,0.004422
scipy-powell,hot,7,1461,23.1318,0.004418
scipy-powell,hot,7,1464,23.1777,0.004416
scipy-powell,hot,7,1466,23.2068,0.004416
scipy-powell,hot,7,1467,23.2218,0.004416
scipy-powell,hot,7,1468,23.2369,0.004416
scipy-powell,hot,7,1469,23.2532,0.004416
scipy-powell,hot,7,1480,23.4134,0.004416
scipy-powell,hot,7,1481,23.4288,0.004393
scipy-powell,hot,7,1482,23.4429,0.004357
scipy-powell,hot,7,1484,23.4697,0.004355
scipy-powell,hot,7,1486,23.4985,0.004354
scipy-powell,hot,7,1487,23.5137,0.004354
scipy-powell,hot,7,1488,23.5282,0.004354
scipy-powell,hot,7,1489,23.5428,0.004354
scipy-powell,hot,7,1490,23.5572,0.004354
scipy-powell,hot,7,1497,23.6599,0.004354
scipy-powell,hot,7,1499,23.6896,0.004353
scipy-powell,hot,7,1500,23.7036,0.004353
scipy-powell,hot,7,1501,23.7172,0.004353
scipy-powell,hot,7,1502,23.7315,0.004353
scipy-powell,hot,7,1515,23.9232,0.004353
scipy-powell,hot,7,1516,23.9386,0.004353
scipy-powell,hot,7,1517,23.9539,0.004353
scipy-powell,hot,7,1518,23.9688,0.004353
scipy-powell,hot,7,1540,24.2964,0.004331
scipy-powell,hot,7,1543,24.3457,0.004331
scipy-powell,hot,7,1544,24.3597,0.004331
scipy-powell,hot,7,1545,24.3746,0.004331
scipy-powell,hot,7,1546,24.3881,0.004331
scipy-powell,hot,7,1548,24.4268,0.004331
scipy-powell,hot,7,1550,24.4660,0.004331
scipy-powell,hot,7,1551,24.4853,0.004331
scipy-powell,hot,7,1556,24.5869,0.004331
scipy-powell,hot,8,0,0.0000,0.006707
scipy-powell,hot,8,2,0.0451,0.006345
scipy-powell,hot,8,5,0.0897,0.006326
scipy-powell,hot,8,6,0.1037,0.006326
scipy-powell,hot,8,7,0.1193,0.006325
scipy-powell,hot,8,9,0.1479,0.006325
scipy-powell,hot,8,10,0.1632,0.006325
scipy-powell,hot,8,11,0.1775,0.006325
scipy-powell,hot,8,12,0.1922,0.006325
scipy-powell,hot,8,13,0.2064,0.006325
scipy-powell,hot,8,25,0.3836,0.006325
scipy-powell,hot,8,26,0.3979,0.006324
scipy-powell,hot,8,27,0.4121,0.006324
scipy-powell,hot,8,28,0.4266,0.006324
scipy-powell,hot,8,30,0.4584,0.006324
scipy-powell,hot,8,32,0.4875,0.006324
scipy-powell,hot,8,33,0.5030,0.006324
scipy-powell,hot,8,34,0.5176,0.006324
scipy-powell,hot,8,35,0.5317,0.006324
scipy-powell,hot,8,36,0.5471,0.006324
scipy-powell,hot,8,48,0.7244,0.006324
scipy-powell,hot,8,51,0.7720,0.006324
scipy-powell,hot,8,55,0.8369,0.006244
scipy-powell,hot,8,57,0.8673,0.006117
scipy-powell,hot,8,58,0.8820,0.006117
scipy-powell,hot,8,61,0.9281,0.006117
scipy-powell,hot,8,62,0.9426,0.006117
scipy-powell,hot,8,64,0.9721,0.006117
scipy-powell,hot,8,65,0.9877,0.006117
scipy-powell,hot,8,67,1.0166,0.006117
scipy-powell,hot,8,68,1.0323,0.006117
scipy-powell,hot,8,69,1.0477,0.006117
scipy-powell,hot,8,70,1.0638,0.006117
scipy-powell,hot,8,71,1.0778,0.006117
scipy-powell,hot,8,72,1.0923,0.006117
scipy-powell,hot,8,74,1.1229,0.006117
scipy-powell,hot,8,75,1.1389,0.006117
scipy-powell,hot,8,76,1.1540,0.006117
scipy-powell,hot,8,77,1.1688,0.006117
scipy-powell,hot,8,78,1.1836,0.006117
scipy-powell,hot,8,79,1.1995,0.006117
scipy-powell,hot,8,80,1.2147,0.006117
scipy-powell,hot,8,81,1.2294,0.006117
scipy-powell,hot,8,82,1.2439,0.006117
scipy-powell,hot,8,83,1.2596,0.006117
scipy-powell,hot,8,84,1.2762,0.006117
scipy-powell,hot,8,85,1.2929,0.006117
scipy-powell,hot,8,86,1.3103,0.006117
scipy-powell,hot,8,87,1.3276,0.006117
scipy-powell,hot,8,88,1.3446,0.006117
scipy-powell,hot,8,89,1.3624,0.006117
scipy-powell,hot,8,90,1.3784,0.006117
scipy-powell,hot,8,91,1.3936,0.006117
scipy-powell,hot,8,92,1.4087,0.006117
scipy-powell,hot,8,93,1.4246,0.006117
scipy-powell,hot,8,94,1.4402,0.006117
scipy-powell,hot,8,95,1.4554,0.006117
scipy-powell,hot,8,96,1.4708,0.006117
scipy-powell,hot,8,98,1.5018,0.006117
scipy-powell,hot,8,101,1.5456,0.005997
scipy-powell,hot,8,106,1.6214,0.005996
scipy-powell,hot,8,108,1.6517,0.005996
scipy-powell,hot,8,109,1.6670,0.005996
scipy-powell,hot,8,140,2.1724,0.005996
scipy-powell,hot,8,141,2.1888,0.005996
scipy-powell,hot,8,142,2.2043,0.005996
scipy-powell,hot,8,143,2.2194,0.005996
scipy-powell,hot,8,144,2.2361,0.005996
scipy-powell,hot,8,146,2.2670,0.005996
scipy-powell,hot,8,147,2.2826,0.005996
scipy-powell,hot,8,148,2.3007,0.005996
scipy-powell,hot,8,149,2.3160,0.005996
scipy-powell,hot,8,161,2.5017,0.005992
scipy-powell,hot,8,163,2.5315,0.005985
scipy-powell,hot,8,164,2.5474,0.005984
scipy-powell,hot,8,166,2.5767,0.005983
scipy-powell,hot,8,169,2.6195,0.005983
scipy-powell,hot,8,171,2.6478,0.005983
scipy-powell,hot,8,172,2.6621,0.005983
scipy-powell,hot,8,173,2.6772,0.005983
scipy-powell,hot,8,174,2.6923,0.005983
scipy-powell,hot,8,175,2.7076,0.005983
scipy-powell,hot,8,184,2.8506,0.005983
scipy-powell,hot,8,185,2.8657,0.005983
scipy-powell,hot,8,195,3.0185,0.005983
scipy-powell,hot,8,197,3.0472,0.005983
scipy-powell,hot,8,198,3.0618,0.005983
scipy-powell,hot,8,199,3.0764,0.005983
scipy-powell,hot,8,208,3.2076,0.005981
scipy-powell,hot,8,212,3.2720,0.005973
scipy-powell,hot,8,214,3.3028,0.005973
scipy-powell,hot,8,215,3.3184,0.005973
scipy-powell,hot,8,216,3.3337,0.005973
scipy-powell,hot,8,217,3.3488,0.005973
scipy-powell,hot,8,218,3.3646,0.005973
scipy-powell,hot,8,219,3.3810,0.005973
scipy-powell,hot,8,223,3.4446,0.005749
scipy-powell,hot,8,225,3.4742,0.005745
scipy-powell,hot,8,226,3.4886,0.005744
scipy-powell,hot,8,227,3.5049,0.005739
scipy-powell,hot,8,229,3.5375,0.005738
scipy-powell,hot,8,231,3.5696,0.005738
scipy-powell,hot,8,232,3.5840,0.005738
scipy-powell,hot,8,233,3.5986,0.005738
scipy-powell,hot,8,235,3.6299,0.005738
scipy-powell,hot,8,236,3.6446,0.005738
scipy-powell,hot,8,237,3.6600,0.005738
scipy-powell,hot,8,243,3.7570,0.005738
scipy-powell,hot,8,246,3.8039,0.005738
scipy-powell,hot,8,248,3.8353,0.005738
scipy-powell,hot,8,250,3.8655,0.005738
scipy-powell,hot,8,259,4.0076,0.005736
scipy-powell,hot,8,260,4.0246,0.005734
scipy-powell,hot,8,261,4.0418,0.005733
scipy-powell,hot,8,262,4.0572,0.005733
scipy-powell,hot,8,263,4.0730,0.005733
scipy-powell,hot,8,264,4.0883,0.005733
scipy-powell,hot,8,265,4.1027,0.005733
scipy-powell,hot,8,266,4.1195,0.005733
scipy-powell,hot,8,267,4.1351,0.005733
scipy-powell,hot,8,273,4.2312,0.005718
scipy-powell,hot,8,278,4.3141,0.005717
scipy-powell,hot,8,279,4.3307,0.005717
scipy-powell,hot,8,281,4.3630,0.005717
scipy-powell,hot,8,282,4.3782,0.005717
scipy-powell,hot,8,283,4.3933,0.005717
scipy-powell,hot,8,284,4.4089,0.005717
scipy-powell,hot,8,285,4.4243,0.005717
scipy-powell,hot,8,297,4.6139,0.005717
scipy-powell,hot,8,298,4.6307,0.005717
scipy-powell,hot,8,299,4.6473,0.005717
scipy-powell,hot,8,301,4.6801,0.005717
scipy-powell,hot,8,302,4.6960,0.005717
scipy-powell,hot,8,303,4.7117,0.005717
scipy-powell,hot,8,304,4.7279,0.005717
scipy-powell,hot,8,305,4.7441,0.005717
scipy-powell,hot,8,307,4.7771,0.005717
scipy-powell,hot,8,310,4.8230,0.005629
scipy-powell,hot,8,321,4.9950,0.005629
scipy-powell,hot,8,322,5.0109,0.005629
scipy-powell,hot,8,323,5.0264,0.005629
scipy-powell,hot,8,324,5.0423,0.005629
scipy-powell,hot,8,325,5.0583,0.005629
scipy-powell,hot,8,326,5.0742,0.005629
scipy-powell,hot,8,327,5.0898,0.005629
scipy-powell,hot,8,505,8.1561,0.005613
scipy-powell,hot,8,510,8.2349,0.005613
scipy-powell,hot,8,511,8.2505,0.005613
scipy-powell,hot,8,512,8.2660,0.005613
scipy-powell,hot,8,513,8.2805,0.005613
scipy-powell,hot,8,514,8.2954,0.005613
scipy-powell,hot,8,515,8.3104,0.005613
scipy-powell,hot,8,516,8.3252,0.005613
scipy-powell,hot,8,517,8.3400,0.005613
scipy-powell,hot,8,521,8.4012,0.005613
scipy-powell,hot,8,523,8.4322,0.005578
scipy-powell,hot,8,525,8.4646,0.005577
scipy-powell,hot,8,527,8.4971,0.005576
scipy-powell,hot,8,529,8.5342,0.005576
scipy-powell,hot,8,530,8.5513,0.005576
scipy-powell,hot,8,531,8.5701,0.005576
scipy-powell,hot,8,532,8.5877,0.005576
scipy-powell,hot,8,533,8.6059,0.005576
scipy-powell,hot,8,534,8.6228,0.005576
scipy-powell,hot,8,543,8.7628,0.005576
scipy-powell,hot,8,544,8.7772,0.005575
scipy-powell,hot,8,545,8.7916,0.005575
scipy-powell,hot,8,547,8.8215,0.005575
scipy-powell,hot,8,548,8.8360,0.005575
scipy-powell,hot,8,549,8.8507,0.005575
scipy-powell,hot,8,550,8.8668,0.005575
scipy-powell,hot,8,551,8.8826,0.005575
scipy-powell,hot,8,555,8.9486,0.005575
scipy-powell,hot,8,560,9.0266,0.005524
scipy-powell,hot,8,561,9.0425,0.005517
scipy-powell,hot,8,562,9.0580,0.005502
scipy-powell,hot,8,564,9.0871,0.005502
scipy-powell,hot,8,565,9.1015,0.005502
scipy-powell,hot,8,566,9.1156,0.005502
scipy-powell,hot,8,567,9.1296,0.005502
scipy-powell,hot,8,577,9.2759,0.005471
scipy-powell,hot,8,578,9.2904,0.005468
scipy-powell,hot,8,579,9.3052,0.005467
scipy-powell,hot,8,580,9.3205,0.005467
scipy-powell,hot,8,581,9.3354,0.005467
scipy-powell,hot,8,582,9.3502,0.005467
scipy-powell,hot,8,583,9.3648,0.005467
scipy-powell,hot,8,585,9.3958,0.005467
scipy-powell,hot,8,592,9.5047,0.005466
scipy-powell,hot,8,593,9.5202,0.005466
scipy-powell,hot,8,594,9.5353,0.005466
scipy-powell,hot,8,595,9.5498,0.005466
scipy-powell,hot,8,596,9.5651,0.005466
scipy-powell,hot,8,597,9.5806,0.005466
scipy-powell,hot,8,598,9.5961,0.005466
scipy-powell,hot,8,599,9.6109,0.005466
scipy-powell,hot,8,607,9.7340,0.005464
scipy-powell,hot,8,609,9.7679,0.005464
scipy-powell,hot,8,610,9.7842,0.005463
scipy-powell,hot,8,611,9.8004,0.005463
scipy-powell,hot,8,612,9.8163,0.005463
scipy-powell,hot,8,613,9.8333,0.005463
scipy-powell,hot,8,614,9.8486,0.005463
scipy-powell,hot,8,615,9.8641,0.005463
scipy-powell,hot,8,619,9.9255,0.005463
scipy-powell,hot,8,621,9.9555,0.005456
scipy-powell,hot,8,622,9.9707,0.005443
scipy-powell,hot,8,624,10.0014,0.005441
scipy-powell,hot,8,626,10.0323,0.005441
scipy-powell,hot,8,627,10.0473,0.005441
scipy-powell,hot,8,628,10.0629,0.005441
scipy-powell,hot,8,629,10.0787,0.005441
scipy-powell,hot,8,630,10.0939,0.005441
scipy-powell,hot,8,631,10.1102,0.005441
scipy-powell,hot,8,634,10.1610,0.005441
scipy-powell,hot,8,642,10.2886,0.005440
scipy-powell,hot,8,643,10.3037,0.005440
scipy-powell,hot,8,644,10.3193,0.005440
scipy-powell,hot,8,645,10.3342,0.005440
scipy-powell,hot,8,646,10.3499,0.005439
scipy-powell,hot,8,647,10.3656,0.005439
scipy-powell,hot,8,648,10.3815,0.005439
scipy-powell,hot,8,649,10.3970,0.005439
scipy-powell,hot,8,650,10.4125,0.005439
scipy-powell,hot,8,651,10.4283,0.005439
scipy-powell,hot,8,652,10.4439,0.005439
scipy-powell,hot,8,653,10.4594,0.005439
scipy-powell,hot,8,654,10.4746,0.005439
scipy-powell,hot,8,655,10.4904,0.005439
scipy-powell,hot,8,656,10.5056,0.005439
scipy-powell,hot,8,657,10.5214,0.005439
scipy-powell,hot,8,658,10.5370,0.005439
scipy-powell,hot,8,659,10.5533,0.005439
scipy-powell,hot,8,660,10.5683,0.005439
scipy-powell,hot,8,661,10.5840,0.005439
scipy-powell,hot,8,662,10.6000,0.005439
scipy-powell,hot,8,663,10.6160,0.005439
scipy-powell,hot,8,664,10.6316,0.005439
scipy-powell,hot,8,665,10.6473,0.005439
scipy-powell,hot,8,666,10.6626,0.005439
scipy-powell,hot,8,667,10.6789,0.005439
scipy-powell,hot,8,668,10.6939,0.005439
scipy-powell,hot,8,669,10.7095,0.005439
scipy-powell,hot,8,670,10.7262,0.005439
scipy-powell,hot,8,671,10.7416,0.005439
scipy-powell,hot,8,672,10.7566,0.005439
scipy-powell,hot,8,673,10.7724,0.005439
scipy-powell,hot,8,674,10.7880,0.005439
scipy-powell,hot,8,734,11.7212,0.005436
scipy-powell,hot,8,735,11.7373,0.005436
scipy-powell,hot,8,736,11.7537,0.005436
scipy-powell,hot,8,737,11.7704,0.005436
scipy-powell,hot,8,738,11.7869,0.005436
scipy-powell,hot,8,739,11.8035,0.005436
scipy-powell,hot,8,748,11.9700,0.005433
scipy-powell,hot,8,752,12.0465,0.005432
scipy-powell,hot,8,753,12.0634,0.005432
scipy-powell,hot,8,754,12.0787,0.005432
scipy-powell,hot,8,755,12.0944,0.005432
scipy-powell,hot,8,756,12.1105,0.005432
scipy-powell,hot,8,757,12.1291,0.005432
scipy-powell,hot,8,758,12.1492,0.005432
scipy-powell,hot,8,861,13.7774,0.005363
scipy-powell,hot,8,866,13.8583,0.005361
scipy-powell,hot,8,867,13.8737,0.005361
scipy-powell,hot,8,868,13.8907,0.005361
scipy-powell,hot,8,869,13.9061,0.005361
scipy-powell,hot,8,870,13.9215,0.005361
scipy-powell,hot,8,874,13.9839,0.005245
scipy-powell,hot,8,881,14.1015,0.005245
scipy-powell,hot,8,882,14.1175,0.005245
scipy-powell,hot,8,883,14.1354,0.005245
scipy-powell,hot,8,884,14.1550,0.005245
scipy-powell,hot,8,885,14.1714,0.005245
scipy-powell,hot,8,886,14.1876,0.005245
scipy-powell,hot,8,887,14.2049,0.005245
scipy-powell,hot,8,892,14.3037,0.005243
scipy-powell,hot,8,893,14.3252,0.005241
scipy-powell,hot,8,895,14.3675,0.005241
scipy-powell,hot,8,897,14.4065,0.005241
scipy-powell,hot,8,899,14.4429,0.005241
scipy-powell,hot,8,911,14.6404,0.005240
scipy-powell,hot,8,912,14.6547,0.005239
scipy-powell,hot,8,913,14.6698,0.005238
scipy-powell,hot,8,914,14.6838,0.005238
scipy-powell,hot,8,916,14.7131,0.005238
scipy-powell,hot,8,917,14.7298,0.005238
scipy-powell,hot,8,918,14.7672,0.005238
scipy-powell,hot,8,919,14.7891,0.005238
scipy-powell,hot,8,920,14.8050,0.005238
scipy-powell,hot,8,921,14.8193,0.005238
scipy-powell,hot,8,922,14.8356,0.005238
scipy-powell,hot,8,926,14.8978,0.005165
scipy-powell,hot,8,930,14.9574,0.005165
scipy-powell,hot,8,932,14.9874,0.005164
scipy-powell,hot,8,934,15.0185,0.005164
scipy-powell,hot,8,935,15.0347,0.005164
scipy-powell,hot,8,936,15.0500,0.005164
scipy-powell,hot,8,937,15.0666,0.005164
scipy-powell,hot,8,938,15.0829,0.005164
scipy-powell,hot,8,940,15.1123,0.005164
scipy-powell,hot,8,944,15.1709,0.005164
scipy-powell,hot,8,953,15.3046,0.005164
scipy-powell,hot,8,955,15.3350,0.005164
scipy-powell,hot,8,956,15.3503,0.005164
scipy-powell,hot,8,957,15.3644,0.005164
scipy-powell,hot,8,958,15.3785,0.005164
scipy-powell,hot,8,959,15.3934,0.005164
scipy-powell,hot,8,960,15.4090,0.005164
scipy-powell,hot,8,1222,19.9679,0.005068
scipy-powell,hot,8,1227,20.0516,0.005053
scipy-powell,hot,8,1228,20.0683,0.005053
scipy-powell,hot,8,1229,20.0845,0.005052
scipy-powell,hot,8,1231,20.1161,0.005052
scipy-powell,hot,8,1232,20.1316,0.005052
scipy-powell,hot,8,1235,20.1797,0.005052
scipy-powell,hot,8,1245,20.3421,0.005052
scipy-powell,hot,8,1247,20.3749,0.005052
scipy-powell,hot,8,1249,20.4074,0.005052
scipy-powell,hot,8,1250,20.4229,0.005052
scipy-powell,hot,8,1251,20.4386,0.005052
scipy-powell,hot,8,1252,20.4551,0.005052
scipy-powell,hot,8,1253,20.4737,0.005052
scipy-powell,hot,8,1259,20.5790,0.005035
scipy-powell,hot,8,1260,20.5979,0.005007
scipy-powell,hot,8,1263,20.6628,0.004994
scipy-powell,hot,8,1266,20.7184,0.004994
scipy-powell,hot,8,1267,20.7384,0.004994
scipy-powell,hot,8,1268,20.7570,0.004994
scipy-powell,hot,8,1269,20.7741,0.004994
scipy-powell,hot,8,1270,20.7911,0.004994
scipy-powell,hot,8,1283,21.0224,0.004993
scipy-powell,hot,8,1286,21.0703,0.004993
scipy-powell,hot,8,1287,21.0863,0.004993
scipy-powell,hot,8,1288,21.1023,0.004993
scipy-powell,hot,8,1289,21.1183,0.004993
scipy-powell,hot,8,1290,21.1359,0.004993
scipy-powell,hot,8,1296,21.2415,0.004993
scipy-powell,hot,8,1298,21.2751,0.004993
scipy-powell,hot,8,1299,21.2912,0.004992
scipy-powell,hot,8,1301,21.3247,0.004992
scipy-powell,hot,8,1303,21.3585,0.004992
scipy-powell,hot,8,1304,21.3765,0.004992
scipy-powell,hot,8,1305,21.3942,0.004992
scipy-powell,hot,8,1319,21.6275,0.004991
scipy-powell,hot,8,1320,21.6441,0.004886
scipy-powell,hot,8,1324,21.7047,0.004883
scipy-powell,hot,8,1326,21.7348,0.004883
scipy-powell,hot,8,1327,21.7499,0.004883
scipy-powell,hot,8,1328,21.7663,0.004883
scipy-powell,hot,8,1362,22.3322,0.004811
scipy-powell,hot,8,1363,22.3473,0.004759
scipy-powell,hot,8,1366,22.3984,0.004759
scipy-powell,hot,8,1367,22.4157,0.004758
scipy-powell,hot,8,1369,22.4477,0.004758
scipy-powell,hot,8,1370,22.4650,0.004758
scipy-powell,hot,8,1379,22.6225,0.004749
scipy-powell,hot,8,1380,22.6385,0.004740
scipy-powell,hot,8,1382,22.6702,0.004739
scipy-powell,hot,8,1383,22.6864,0.004739
scipy-powell,hot,8,1384,22.7037,0.004739
scipy-powell,hot,8,1385,22.7253,0.004739
scipy-powell,hot,8,1386,22.7449,0.004739
scipy-powell,hot,8,1387,22.7629,0.004739
scipy-powell,hot,8,1388,22.7789,0.004739
scipy-powell,hot,8,1398,22.9455,0.004739
scipy-powell,hot,8,1400,22.9759,0.004739
scipy-powell,hot,8,1401,22.9910,0.004739
scipy-powell,hot,8,1402,23.0071,0.004739
scipy-powell,hot,8,1403,23.0223,0.004739
scipy-powell,hot,8,1412,23.1627,0.004738
scipy-powell,hot,8,1413,23.1842,0.004734
scipy-powell,hot,8,1414,23.2012,0.004734
scipy-powell,hot,8,1415,23.2173,0.004734
scipy-powell,hot,8,1416,23.2325,0.004734
scipy-powell,hot,8,1417,23.2481,0.004734
scipy-powell,hot,8,1418,23.2632,0.004734
scipy-powell,hot,8,1420,23.2956,0.004729
scipy-powell,hot,8,1426,23.3893,0.004729
scipy-powell,hot,8,1428,23.4214,0.004729
scipy-powell,hot,8,1429,23.4378,0.004729
scipy-powell,hot,8,1430,23.4532,0.004729
scipy-powell,hot,8,1431,23.4687,0.004729
scipy-powell,hot,8,1432,23.4840,0.004729
scipy-powell,hot,8,1433,23.4994,0.004729
scipy-powell,hot,8,1434,23.5146,0.004729
scipy-powell,hot,8,1447,23.7188,0.004728
scipy-powell,hot,8,1449,23.7546,0.004728
scipy-powell,hot,8,1450,23.7718,0.004728
scipy-powell,hot,8,1451,23.7898,0.004728
scipy-powell,hot,8,1452,23.8070,0.004728
scipy-powell,hot,8,1453,23.8232,0.004728
scipy-powell,hot,8,1459,23.9187,0.004708
scipy-powell,hot,8,1460,23.9347,0.004689
scipy-powell,hot,8,1461,23.9508,0.004630
scipy-powell,hot,8,1464,24.0017,0.004629
scipy-powell,hot,8,1466,24.0349,0.004628
scipy-powell,hot,8,1467,24.0507,0.004628
scipy-powell,hot,8,1468,24.0671,0.004628
scipy-powell,hot,8,1469,24.0840,0.004628
scipy-powell,hot,8,1470,24.1024,0.004628
scipy-powell,hot,8,1471,24.1194,0.004628
scipy-powell,hot,8,1478,24.2449,0.004596
scipy-powell,hot,8,1480,24.2792,0.004594
scipy-powell,hot,8,1481,24.2956,0.004593
scipy-powell,hot,8,1483,24.3299,0.004593
scipy-powell,hot,8,1484,24.3476,0.004593
scipy-powell,hot,8,1485,24.3661,0.004593
scipy-powell,hot,8,1486,24.3918,0.004593
scipy-powell,hot,8,1490,24.4837,0.004568
scipy-powell,hot,8,1496,24.6252,0.004567
scipy-powell,hot,8,1497,24.6491,0.004567
scipy-powell,hot,8,1498,24.6713,0.004567
scipy-powell,hot,8,1500,24.7159,0.004567
scipy-powell,hot,8,1501,24.7388,0.004567
scipy-powell,hot,8,1513,24.9948,0.004566
scipy-powell,hot,8,1517,25.0756,0.004566
scipy-powell,hot,8,1518,25.0923,0.004566
scipy-powell,hot,8,1519,25.1091,0.004566
scipy-powell,hot,8,1520,25.1255,0.004566
scipy-powell,hot,8,1521,25.1415,0.004566
scipy-powell,hot,8,1522,25.1580,0.004566
scipy-powell,hot,8,1600,26.4514,0.004562
scipy-powell,hot,8,1601,26.4679,0.004553
scipy-powell,hot,8,1602,26.4836,0.004553
scipy-powell,hot,8,1603,26.4994,0.004553
scipy-powell,hot,8,1604,26.5144,0.004553
scipy-powell,hot,8,1605,26.5295,0.004553
scipy-powell,hot,8,1816,30.3103,0.004550
scipy-powell,hot,8,1818,30.3459,0.004549
scipy-powell,hot,8,1819,30.3618,0.004545
scipy-powell,hot,8,1821,30.3945,0.004543
scipy-powell,hot,8,1823,30.4275,0.004543
scipy-powell,hot,8,1824,30.4437,0.004543
scipy-powell,hot,8,1827,30.4917,0.004543
scipy-powell,hot,8,1834,30.6041,0.004533
scipy-powell,hot,8,1835,30.6203,0.004498
scipy-powell,hot,8,1839,30.6839,0.004498
scipy-powell,hot,8,1840,30.6992,0.004498
scipy-powell,hot,8,1841,30.7153,0.004498
scipy-powell,hot,8,1842,30.7325,0.004498
scipy-powell,hot,8,1954,32.5697,0.004415
scipy-powell,hot,8,1955,32.5853,0.004414
scipy-powell,hot,8,1959,32.6498,0.004414
scipy-powell,hot,8,1960,32.6654,0.004414
scipy-powell,hot,8,1961,32.6829,0.004414
scipy-powell,hot,8,1962,32.6989,0.004414
scipy-powell,hot,8,1963,32.7147,0.004414
scipy-powell,hot,8,1964,32.7314,0.004414
scipy-powell,hot,8,1981,32.9995,0.004414
scipy-powell,hot,8,1985,33.0898,0.004414
scipy-powell,hot,8,1986,33.1101,0.004414
scipy-powell,hot,8,1987,33.1304,0.004414
scipy-powell,hot,8,1988,33.1527,0.004414
scipy-powell,hot,8,1991,33.2172,0.004414
scipy-powell,hot,8,1995,33.2897,0.004414
scipy-powell,hot,9,0,0.0000,0.006677
scipy-powell,hot,9,5,0.0907,0.006676
scipy-powell,hot,9,6,0.1085,0.006673
scipy-powell,hot,9,7,0.1251,0.006658
scipy-powell,hot,9,8,0.1431,0.006645
scipy-powell,hot,9,10,0.1846,0.006644
scipy-powell,hot,9,11,0.2038,0.006644
scipy-powell,hot,9,12,0.2235,0.006644
scipy-powell,hot,9,13,0.2420,0.006644
scipy-powell,hot,9,14,0.2593,0.006644
scipy-powell,hot,9,15,0.2742,0.006644
scipy-powell,hot,9,16,0.2891,0.006644
scipy-powell,hot,9,18,0.3194,0.006274
scipy-powell,hot,9,20,0.3543,0.006265
scipy-powell,hot,9,23,0.4029,0.006264
scipy-powell,hot,9,24,0.4193,0.006264
scipy-powell,hot,9,25,0.4358,0.006264
scipy-powell,hot,9,27,0.4710,0.006264
scipy-powell,hot,9,28,0.4880,0.006264
scipy-powell,hot,9,107,1.9770,0.006259
scipy-powell,hot,9,109,2.0078,0.006259
scipy-powell,hot,9,110,2.0282,0.006259
scipy-powell,hot,9,112,2.0611,0.006259
scipy-powell,hot,9,114,2.0926,0.006259
scipy-powell,hot,9,115,2.1090,0.006259
scipy-powell,hot,9,116,2.1259,0.006259
scipy-powell,hot,9,124,2.2550,0.006259
scipy-powell,hot,9,130,2.3518,0.006259
scipy-powell,hot,9,131,2.3668,0.006259
scipy-powell,hot,9,132,2.3822,0.006259
scipy-powell,hot,9,133,2.3980,0.006259
scipy-powell,hot,9,134,2.4140,0.006259
scipy-powell,hot,9,135,2.4301,0.006259
scipy-powell,hot,9,136,2.4472,0.006259
scipy-powell,hot,9,138,2.4791,0.006259
scipy-powell,hot,9,145,2.5924,0.006255
scipy-powell,hot,9,147,2.6340,0.006253
scipy-powell,hot,9,149,2.6782,0.006252
scipy-powell,hot,9,150,2.6984,0.006252
scipy-powell,hot,9,151,2.7180,0.006252
scipy-powell,hot,9,152,2.7412,0.006252
scipy-powell,hot,9,153,2.7619,0.006252
scipy-powell,hot,9,154,2.7845,0.006252
scipy-powell,hot,9,160,2.8807,0.006248
scipy-powell,hot,9,161,2.8957,0.006239
scipy-powell,hot,9,162,2.9103,0.006232
scipy-powell,hot,9,165,2.9571,0.006232
scipy-powell,hot,9,166,2.9727,0.006232
scipy-powell,hot,9,168,3.0060,0.006232
scipy-powell,hot,9,169,3.0224,0.006232
scipy-powell,hot,9,170,3.0395,0.006232
scipy-powell,hot,9,171,3.0584,0.006232
scipy-powell,hot,9,174,3.1077,0.006232
scipy-powell,hot,9,176,3.1403,0.006149
scipy-powell,hot,9,177,3.1564,0.005825
scipy-powell,hot,9,178,3.1730,0.005794
scipy-powell,hot,9,180,3.2086,0.005757
scipy-powell,hot,9,181,3.2265,0.005755
scipy-powell,hot,9,182,3.2437,0.005754
scipy-powell,hot,9,183,3.2639,0.005754
scipy-powell,hot,9,184,3.2830,0.005754
scipy-powell,hot,9,185,3.2992,0.005754
scipy-powell,hot,9,186,3.3186,0.005754
scipy-powell,hot,9,188,3.3559,0.005754
scipy-powell,hot,9,202,3.5866,0.005745
scipy-powell,hot,9,204,3.6179,0.005745
scipy-powell,hot,9,205,3.6361,0.005745
scipy-powell,hot,9,206,3.6559,0.005745
scipy-powell,hot,9,207,3.6773,0.005745
scipy-powell,hot,9,208,3.6988,0.005745
scipy-powell,hot,9,209,3.7204,0.005745
scipy-powell,hot,9,210,3.7426,0.005745
scipy-powell,hot,9,217,3.8947,0.005744
scipy-powell,hot,9,219,3.9357,0.005742
scipy-powell,hot,9,220,3.9564,0.005742
scipy-powell,hot,9,221,3.9768,0.005742
scipy-powell,hot,9,222,3.9967,0.005742
scipy-powell,hot,9,223,4.0176,0.005742
scipy-powell,hot,9,224,4.0386,0.005742
scipy-powell,hot,9,239,4.3141,0.005742
scipy-powell,hot,9,242,4.3640,0.005742
scipy-powell,hot,9,243,4.3812,0.005742
scipy-powell,hot,9,245,4.4132,0.005742
scipy-powell,hot,9,246,4.4291,0.005742
scipy-powell,hot,9,247,4.4453,0.005742
scipy-powell,hot,9,258,4.6295,0.005741
scipy-powell,hot,9,260,4.6659,0.005740
scipy-powell,hot,9,265,4.7577,0.005740
scipy-powell,hot,9,266,4.7802,0.005740
scipy-powell,hot,9,267,4.8020,0.005740
scipy-powell,hot,9,268,4.8186,0.005740
scipy-powell,hot,9,269,4.8353,0.005740
scipy-powell,hot,9,270,4.8513,0.005740
scipy-powell,hot,9,275,4.9300,0.005740
scipy-powell,hot,9,288,5.1441,0.005740
scipy-powell,hot,9,289,5.1595,0.005740
scipy-powell,hot,9,290,5.1755,0.005740
scipy-powell,hot,9,291,5.1906,0.005740
scipy-powell,hot,9,292,5.2050,0.005740
scipy-powell,hot,9,293,5.2199,0.005740
scipy-powell,hot,9,294,5.2333,0.005740
scipy-powell,hot,9,299,5.3057,0.005740
scipy-powell,hot,9,307,5.4253,0.005731
scipy-powell,hot,9,308,5.4394,0.005729
scipy-powell,hot,9,309,5.4538,0.005728
scipy-powell,hot,9,311,5.4836,0.005728
scipy-powell,hot,9,312,5.4981,0.005728
scipy-powell,hot,9,313,5.5128,0.005728
scipy-powell,hot,9,314,5.5276,0.005728
scipy-powell,hot,9,338,5.8854,0.005727
scipy-powell,hot,9,341,5.9302,0.005727
scipy-powell,hot,9,342,5.9449,0.005727
scipy-powell,hot,9,343,5.9595,0.005727
scipy-powell,hot,9,344,5.9742,0.005727
scipy-powell,hot,9,494,8.3216,0.005712
scipy-powell,hot,9,496,8.3561,0.005712
scipy-powell,hot,9,497,8.3720,0.005712
scipy-powell,hot,9,498,8.3877,0.005712
scipy-powell,hot,9,499,8.4039,0.005712
scipy-powell,hot,9,591,9.8086,0.005649
scipy-powell,hot,9,595,9.8727,0.005605
scipy-powell,hot,9,597,9.9040,0.005603
scipy-powell,hot,9,598,9.9199,0.005603
scipy-powell,hot,9,599,9.9350,0.005603
scipy-powell,hot,9,600,9.9499,0.005603
scipy-powell,hot,9,601,9.9673,0.005603
scipy-powell,hot,9,602,9.9824,0.005603
scipy-powell,hot,9,603,9.9977,0.005603
scipy-powell,hot,9,713,11.7260,0.005596
scipy-powell,hot,9,716,11.7737,0.005596
scipy-powell,hot,9,717,11.7886,0.005596
scipy-powell,hot,9,718,11.8036,0.005596
scipy-powell,hot,9,719,11.8209,0.005596
scipy-powell,hot,9,734,12.0565,0.005595
scipy-powell,hot,9,737,12.1003,0.005595
scipy-powell,hot,9,738,12.1146,0.005595
scipy-powell,hot,9,739,12.1290,0.005595
scipy-powell,hot,9,740,12.1442,0.005595
scipy-powell,hot,9,741,12.1593,0.005595
scipy-powell,hot,9,742,12.1742,0.005595
scipy-powell,hot,9,750,12.2969,0.005594
scipy-powell,hot,9,752,12.3278,0.005594
scipy-powell,hot,9,753,12.3436,0.005594
scipy-powell,hot,9,754,12.3587,0.005594
scipy-powell,hot,9,755,12.3743,0.005594
scipy-powell,hot,9,756,12.3891,0.005594
scipy-powell,hot,9,759,12.4332,0.005594
scipy-powell,hot,9,770,12.6246,0.005594
scipy-powell,hot,9,771,12.6408,0.005594
scipy-powell,hot,9,772,12.6560,0.005594
scipy-powell,hot,9,776,12.7222,0.005594
scipy-powell,hot,9,784,12.8542,0.005594
scipy-powell,hot,9,786,12.8861,0.005443
scipy-powell,hot,9,787,12.9032,0.005273
scipy-powell,hot,9,790,12.9520,0.005272
scipy-powell,hot,9,792,12.9848,0.005271
scipy-powell,hot,9,793,13.0016,0.005270
scipy-powell,hot,9,795,13.0368,0.005270
scipy-powell,hot,9,796,13.0556,0.005270
scipy-powell,hot,9,797,13.0759,0.005270
scipy-powell,hot,9,798,13.0986,0.005270
scipy-powell,hot,9,799,13.1239,0.005270
scipy-powell,hot,9,800,13.1486,0.005270
scipy-powell,hot,9,813,13.5496,0.005270
scipy-powell,hot,9,821,13.6677,0.005270
scipy-powell,hot,9,823,13.6968,0.005270
scipy-powell,hot,9,825,13.7274,0.005270
scipy-powell,hot,9,827,13.7560,0.005270
scipy-powell,hot,9,828,13.7704,0.005270
scipy-de,hot,0,0,0.0000,0.006256
scipy-de,hot,0,1,0.0802,0.006256
scipy-de,hot,0,3,0.1102,0.005989
scipy-de,hot,0,5,0.1395,0.005823
scipy-de,hot,0,64,1.0408,0.005672
scipy-de,hot,0,99,1.6166,0.005670
scipy-de,hot,0,130,2.1670,0.005518
scipy-de,hot,0,139,2.3304,0.005493
scipy-de,hot,0,170,2.8290,0.005477
scipy-de,hot,0,745,11.7614,0.005426
scipy-de,hot,0,998,15.4925,0.005230
scipy-de,hot,1,0,0.0000,0.005528
scipy-de,hot,1,5,0.1082,0.005447
scipy-de,hot,1,19,0.3150,0.005215
scipy-de,hot,1,248,3.7724,0.005161
scipy-de,hot,1,356,5.5702,0.005123
scipy-de,hot,1,983,15.1889,0.005048
scipy-de,hot,2,0,0.0000,0.006182
scipy-de,hot,2,1,0.0637,0.006182
scipy-de,hot,2,5,0.1490,0.005973
scipy-de,hot,2,9,0.2308,0.005911
scipy-de,hot,2,13,0.3150,0.005777
scipy-de,hot,2,14,0.3364,0.005703
scipy-de,hot,2,28,0.6376,0.005649
scipy-de,hot,2,102,1.7641,0.005626
scipy-de,hot,2,135,2.2631,0.005557
scipy-de,hot,2,250,4.0715,0.005466
scipy-de,hot,2,498,7.9789,0.005385
scipy-de,hot,2,1187,19.0087,0.005323
scipy-de,hot,2,1502,23.7779,0.005282
scipy-de,hot,3,0,0.0000,0.005990
scipy-de,hot,3,1,0.0471,0.005990
scipy-de,hot,3,3,0.0759,0.005971
scipy-de,hot,3,6,0.1199,0.005965
scipy-de,hot,3,9,0.1644,0.005534
scipy-de,hot,3,76,1.2558,0.005457
scipy-de,hot,3,218,3.5182,0.005442
scipy-de,hot,3,263,4.2223,0.005404
scipy-de,hot,3,377,6.1027,0.005391
scipy-de,hot,3,712,11.8528,0.005377
scipy-de,hot,3,724,12.0688,0.005099
scipy-de,hot,4,0,0.0000,0.007497
scipy-de,hot,4,1,0.0447,0.007497
scipy-de,hot,4,2,0.0593,0.005813
scipy-de,hot,4,8,0.1549,0.005775
scipy-de,hot,4,13,0.2356,0.005687
scipy-de,hot,4,25,0.4148,0.005549
scipy-de,hot,4,92,1.4765,0.005243
scipy-de,hot,5,0,0.0000,0.006414
scipy-de,hot,5,1,0.0454,0.006414
scipy-de,hot,5,2,0.0650,0.006388
scipy-de,hot,5,3,0.0847,0.005984
scipy-de,hot,5,4,0.1044,0.005960
scipy-de,hot,5,7,0.1541,0.005854
scipy-de,hot,5,20,0.3740,0.005702
scipy-de,hot,5,21,0.3906,0.005627
scipy-de,hot,5,32,0.5777,0.005360
scipy-de,hot,5,43,0.7370,0.005332
scipy-de,hot,5,1371,21.8551,0.005319
scipy-de,hot,6,0,0.0000,0.006464
scipy-de,hot,6,1,0.0486,0.006464
scipy-de,hot,6,2,0.0640,0.006096
scipy-de,hot,6,4,0.0977,0.005865
scipy-de,hot,6,6,0.1411,0.005720
scipy-de,hot,6,22,0.3998,0.005708
scipy-de,hot,6,114,1.8073,0.005652
scipy-de,hot,6,133,2.0972,0.005603
scipy-de,hot,6,351,5.7471,0.005591
scipy-de,hot,6,423,6.9004,0.005506
scipy-de,hot,6,468,7.6298,0.005428
scipy-de,hot,6,677,11.0405,0.005365
scipy-de,hot,7,0,0.0000,0.006181
scipy-de,hot,7,2,0.0641,0.006018
scipy-de,hot,7,8,0.1634,0.006008
scipy-de,hot,7,9,0.1828,0.005785
scipy-de,hot,7,20,0.3630,0.005699
scipy-de,hot,7,52,0.9195,0.005568
scipy-de,hot,7,94,1.6048,0.005542
scipy-de,hot,7,100,1.7014,0.005501
scipy-de,hot,7,108,1.8386,0.005396
scipy-de,hot,7,395,6.7042,0.005372
scipy-de,hot,7,451,7.5687,0.005339
scipy-de,hot,7,1046,17.3398,0.005302
scipy-de,hot,7,1570,26.1060,0.005169
scipy-de,hot,8,0,0.0000,0.006707
scipy-de,hot,8,1,0.0482,0.006707
scipy-de,hot,8,2,0.0643,0.005950
scipy-de,hot,8,19,0.3543,0.005927
scipy-de,hot,8,42,0.7292,0.005887
scipy-de,hot,8,97,1.6261,0.005825
scipy-de,hot,8,100,1.6796,0.005816
scipy-de,hot,8,105,1.7660,0.005712
scipy-de,hot,8,121,2.0308,0.005587
scipy-de,hot,8,137,2.3208,0.005380
scipy-de,hot,9,0,0.0000,0.006677
scipy-de,hot,9,2,0.0555,0.006026
scipy-de,hot,9,7,0.1217,0.005974
scipy-de,hot,9,14,0.2132,0.005439
scipy-de,hot,9,1301,18.8687,0.005395
opt-ga,hot,0,0,0.0000,0.006256
opt-ga,hot,0,1,0.1251,0.005616
opt-ga,hot,0,57,1.0411,0.005496
opt-ga,hot,0,115,2.0454,0.005456
opt-ga,hot,0,165,2.9032,0.005335
opt-ga,hot,0,225,3.8997,0.005261
opt-ga,hot,0,294,5.0732,0.005259
opt-ga,hot,0,300,5.1794,0.005242
opt-ga,hot,0,370,6.3392,0.005225
opt-ga,hot,0,455,7.8398,0.005209
opt-ga,hot,0,457,7.8764,0.005171
opt-ga,hot,0,551,9.4575,0.005161
opt-ga,hot,0,582,9.9962,0.005139
opt-ga,hot,0,663,11.3778,0.005000
opt-ga,hot,0,919,15.8487,0.004913
opt-ga,hot,0,923,15.9146,0.004903
opt-ga,hot,0,1013,17.4162,0.004826
opt-ga,hot,0,1115,19.0767,0.004819
opt-ga,hot,0,1127,19.2845,0.004816
opt-ga,hot,0,1133,19.3861,0.004813
opt-ga,hot,0,1138,19.4790,0.004792
opt-ga,hot,0,1214,20.7274,0.004787
opt-ga,hot,0,1304,22.2580,0.004781
opt-ga,hot,0,1325,22.6182,0.004776
opt-ga,hot,0,1363,23.2573,0.004752
opt-ga,hot,0,1388,23.6700,0.004732
opt-ga,hot,0,1398,23.8376,0.004694
opt-ga,hot,0,1469,25.0262,0.004680
opt-ga,hot,0,1485,25.2923,0.004677
opt-ga,hot,0,1600,27.2643,0.004675
opt-ga,hot,0,1682,28.7890,0.004642
opt-ga,hot,0,1863,31.8404,0.004633
opt-ga,hot,0,1878,32.1033,0.004618
opt-ga,hot,0,1885,32.2394,0.004604
opt-ga,hot,0,1941,33.2294,0.004593
opt-ga,hot,0,1986,34.0568,0.004590
opt-ga,hot,0,1990,34.1234,0.004588
opt-ga,hot,1,0,0.0000,0.005528
opt-ga,hot,1,26,0.4674,0.005226
opt-ga,hot,1,211,3.7945,0.005189
opt-ga,hot,1,328,5.7701,0.005097
opt-ga,hot,1,406,7.0404,0.005034
opt-ga,hot,1,467,8.0375,0.004825
opt-ga,hot,1,642,10.8624,0.004822
opt-ga,hot,1,669,11.3073,0.004779
opt-ga,hot,1,735,12.4208,0.004776
opt-ga,hot,1,809,13.7134,0.004763
opt-ga,hot,1,815,13.8199,0.004725
opt-ga,hot,1,1001,16.9413,0.004722
opt-ga,hot,1,1006,17.0237,0.004709
opt-ga,hot,1,1029,17.3834,0.004708
opt-ga,hot,1,1039,17.5522,0.004673
opt-ga,hot,1,1066,18.0007,0.004669
opt-ga,hot,1,1116,18.8288,0.004633
opt-ga,hot,1,1125,18.9817,0.004590
opt-ga,hot,1,1206,20.3193,0.004589
opt-ga,hot,1,1243,20.9363,0.004572
opt-ga,hot,1,1308,22.0441,0.004537
opt-ga,hot,1,1435,24.2553,0.004534
opt-ga,hot,1,1470,24.9992,0.004499
opt-ga,hot,1,1575,27.2147,0.004484
opt-ga,hot,1,1586,27.3940,0.004483
opt-ga,hot,1,1601,27.6312,0.004469
opt-ga,hot,1,1718,29.4785,0.004401
opt-ga,hot,1,1870,31.9062,0.004388
opt-ga,hot,1,1872,31.9372,0.004305
opt-ga,hot,2,0,0.0000,0.006182
opt-ga,hot,2,1,0.0659,0.005669
opt-ga,hot,2,17,0.3417,0.005661
opt-ga,hot,2,67,1.1484,0.005574
opt-ga,hot,2,91,1.5248,0.005513
opt-ga,hot,2,138,2.4471,0.005246
opt-ga,hot,2,417,7.0690,0.005208
opt-ga,hot,2,462,7.8091,0.005198
opt-ga,hot,2,546,9.2537,0.005191
opt-ga,hot,2,564,9.5949,0.005183
opt-ga,hot,2,586,9.9897,0.005181
opt-ga,hot,2,638,10.8814,0.005159
opt-ga,hot,2,667,11.3684,0.005155
opt-ga,hot,2,769,13.0508,0.005141
opt-ga,hot,2,786,13.3049,0.005083
opt-ga,hot,2,900,15.1509,0.005075
opt-ga,hot,2,933,15.7380,0.004943
opt-ga,hot,2,990,16.7290,0.004933
opt-ga,hot,2,1003,16.9524,0.004899
opt-ga,hot,2,1068,18.0610,0.004855
opt-ga,hot,2,1181,19.9779,0.004844
opt-ga,hot,2,1226,20.7598,0.004832
opt-ga,hot,2,1303,22.1833,0.004827
opt-ga,hot,2,1426,24.1734,0.004798
opt-ga,hot,2,1490,25.2043,0.004796
opt-ga,hot,2,1512,25.5707,0.004755
opt-ga,hot,2,1569,26.5186,0.004751
opt-ga,hot,2,1685,28.5027,0.004707
opt-ga,hot,2,1740,29.4670,0.004669
opt-ga,hot,2,1865,31.5523,0.004637
opt-ga,hot,2,1991,33.6090,0.004633
opt-ga,hot,3,0,0.0000,0.005990
opt-ga,hot,3,4,0.1081,0.005722
opt-ga,hot,3,23,0.4042,0.005496
opt-ga,hot,3,152,2.4364,0.005474
opt-ga,hot,3,186,2.9934,0.005469
opt-ga,hot,3,265,4.2922,0.005468
opt-ga,hot,3,307,5.0061,0.005428
opt-ga,hot,3,421,7.0031,0.005410
opt-ga,hot,3,462,7.8925,0.005291
opt-ga,hot,3,477,8.1477,0.005266
opt-ga,hot,3,660,11.3038,0.005193
opt-ga,hot,3,661,11.3200,0.005168
opt-ga,hot,3,801,13.5972,0.005161
opt-ga,hot,3,814,13.8095,0.005104
opt-ga,hot,3,855,14.4474,0.005018
opt-ga,hot,3,953,16.0300,0.004991
opt-ga,hot,3,1011,16.9611,0.004990
opt-ga,hot,3,1045,17.4915,0.004963
opt-ga,hot,3,1084,18.2361,0.004912
opt-ga,hot,3,1142,19.2486,0.004886
opt-ga,hot,3,1206,20.3830,0.004885
opt-ga,hot,3,1230,20.7516,0.004880
opt-ga,hot,3,1261,21.3530,0.004816
opt-ga,hot,3,1291,21.8129,0.004814
opt-ga,hot,3,1372,23.0767,0.004787
opt-ga,hot,3,1390,23.3602,0.004754
opt-ga,hot,3,1395,23.4418,0.004746
opt-ga,hot,3,1464,24.6573,0.004682
opt-ga,hot,3,1488,25.0614,0.004663
opt-ga,hot,3,1533,25.8286,0.004633
opt-ga,hot,3,1667,28.1065,0.004626
opt-ga,hot,3,1739,29.4561,0.004596
opt-ga,hot,3,1805,30.5596,0.004587
opt-ga,hot,3,1821,30.8634,0.004583
opt-ga,hot,3,1900,32.1536,0.004551
opt-ga,hot,3,1930,32.6618,0.004484
opt-ga,hot,3,1976,33.4301,0.004478
opt-ga,hot,4,0,0.0000,0.007497
opt-ga,hot,4,1,0.0690,0.006125
opt-ga,hot,4,6,0.1468,0.006074
opt-ga,hot,4,7,0.1623,0.005989
opt-ga,hot,4,10,0.2129,0.005593
opt-ga,hot,4,16,0.3117,0.005505
opt-ga,hot,4,47,0.8400,0.005363
opt-ga,hot,4,182,3.2514,0.005329
opt-ga,hot,4,299,5.1649,0.005189
opt-ga,hot,4,369,6.2896,0.005186
opt-ga,hot,4,412,7.0055,0.005165
opt-ga,hot,4,431,7.3098,0.005161
opt-ga,hot,4,470,7.9917,0.005129
opt-ga,hot,4,495,8.3456,0.004911
opt-ga,hot,4,677,11.1127,0.004782
opt-ga,hot,4,856,13.7363,0.004756
opt-ga,hot,4,1107,17.6391,0.004746
opt-ga,hot,4,1143,18.1876,0.004725
opt-ga,hot,4,1185,18.8906,0.004711
opt-ga,hot,4,1313,20.9456,0.004680
opt-ga,hot,4,1343,21.4087,0.004678
opt-ga,hot,4,1360,21.6847,0.004666
opt-ga,hot,4,1487,23.8543,0.004650
opt-ga,hot,4,1560,25.0374,0.004635
opt-ga,hot,4,1625,26.1163,0.004635
opt-ga,hot,4,1629,26.1815,0.004632
opt-ga,hot,4,1707,27.4425,0.004614
opt-ga,hot,4,1773,28.5057,0.004592
opt-ga,hot,4,1853,29.8056,0.004590
opt-ga,hot,4,1936,31.1226,0.004575
opt-ga,hot,5,0,0.0000,0.006414
opt-ga,hot,5,1,0.0600,0.005702
opt-ga,hot,5,3,0.0878,0.005695
opt-ga,hot,5,11,0.2070,0.005662
opt-ga,hot,5,34,0.5567,0.005553
opt-ga,hot,5,84,1.3043,0.005254
opt-ga,hot,5,426,6.6658,0.005253
opt-ga,hot,5,427,6.6817,0.005246
opt-ga,hot,5,429,6.7141,0.005237
opt-ga,hot,5,462,7.2144,0.005233
opt-ga,hot,5,569,8.8581,0.005176
opt-ga,hot,5,702,10.8432,0.005155
opt-ga,hot,5,751,11.6174,0.005145
opt-ga,hot,5,768,11.8918,0.005138
opt-ga,hot,5,849,13.1750,0.005102
opt-ga,hot,5,1000,15.7864,0.005093
opt-ga,hot,5,1041,16.4878,0.005061
opt-ga,hot,5,1116,17.8058,0.005051
opt-ga,hot,5,1207,19.4562,0.005039
opt-ga,hot,5,1524,25.1030,0.005038
opt-ga,hot,5,1536,25.3001,0.005034
opt-ga,hot,5,1537,25.3165,0.005024
opt-ga,hot,5,1566,25.8021,0.005011
opt-ga,hot,5,1631,27.0480,0.004979
opt-ga,hot,5,1683,27.9339,0.004971
opt-ga,hot,5,1739,28.8866,0.004941
opt-ga,hot,5,1873,31.1976,0.004927
opt-ga,hot,5,1947,32.4548,0.004920
opt-ga,hot,5,1961,32.7070,0.004880
opt-ga,hot,6,0,0.0000,0.006464
opt-ga,hot,6,1,0.1265,0.006399
opt-ga,hot,6,2,0.1436,0.006269
opt-ga,hot,6,4,0.1748,0.006248
opt-ga,hot,6,8,0.2381,0.006030
opt-ga,hot,6,16,0.3706,0.005949
opt-ga,hot,6,21,0.4537,0.005715
opt-ga,hot,6,45,0.8419,0.005700
opt-ga,hot,6,66,1.1677,0.005668
opt-ga,hot,6,127,2.2062,0.005586
opt-ga,hot,6,173,3.0188,0.005574
opt-ga,hot,6,253,4.4525,0.005540
opt-ga,hot,6,285,5.0060,0.005538
opt-ga,hot,6,303,5.3170,0.005442
opt-ga,hot,6,353,6.1946,0.005339
opt-ga,hot,6,481,8.4882,0.005282
opt-ga,hot,6,575,10.1385,0.005276
opt-ga,hot,6,658,11.6773,0.005248
opt-ga,hot,6,705,12.5367,0.005206
opt-ga,hot,6,746,13.2580,0.005172
opt-ga,hot,6,779,13.8438,0.005160
opt-ga,hot,6,784,13.9312,0.005155
opt-ga,hot,6,831,14.7888,0.005143
opt-ga,hot,6,859,15.2853,0.005009
opt-ga,hot,6,934,16.6306,0.004856
opt-ga,hot,6,1095,19.4776,0.004797
opt-ga,hot,6,1101,19.5778,0.004777
opt-ga,hot,6,1157,20.5042,0.004750
opt-ga,hot,6,1183,20.9777,0.004729
opt-ga,hot,6,1333,23.5610,0.004668
opt-ga,hot,6,1505,26.5617,0.004666
opt-ga,hot,6,1510,26.6506,0.004643
opt-ga,hot,6,1561,27.5154,0.004642
opt-ga,hot,6,1618,28.4792,0.004569
opt-ga,hot,6,1700,29.8852,0.004516
opt-ga,hot,6,1951,34.2908,0.004497
opt-ga,hot,6,1985,34.8896,0.004467
opt-ga,hot,7,0,0.0000,0.006181
opt-ga,hot,7,1,0.0690,0.005992
opt-ga,hot,7,2,0.0855,0.005881
opt-ga,hot,7,4,0.1183,0.005647
opt-ga,hot,7,13,0.2679,0.005588
opt-ga,hot,7,57,1.0110,0.005548
opt-ga,hot,7,112,1.9330,0.005506
opt-ga,hot,7,180,3.1191,0.005490
opt-ga,hot,7,219,3.7544,0.005428
opt-ga,hot,7,259,4.4644,0.005321
opt-ga,hot,7,313,5.3898,0.005249
opt-ga,hot,7,347,5.9906,0.005063
opt-ga,hot,7,506,8.6768,0.004899
opt-ga,hot,7,542,9.3438,0.004898
opt-ga,hot,7,628,10.9953,0.004823
opt-ga,hot,7,674,11.8287,0.004716
opt-ga,hot,7,709,12.4334,0.004699
opt-ga,hot,7,768,13.4218,0.004695
opt-ga,hot,7,777,13.5901,0.004694
opt-ga,hot,7,807,14.1217,0.004678
opt-ga,hot,7,821,14.3817,0.004678
opt-ga,hot,7,861,15.0932,0.004651
opt-ga,hot,7,888,15.6029,0.004650
opt-ga,hot,7,900,15.8108,0.004590
opt-ga,hot,7,988,17.6072,0.004578
opt-ga,hot,7,1025,18.3323,0.004547
opt-ga,hot,7,1028,18.3863,0.004513
opt-ga,hot,7,1106,19.7677,0.004438
opt-ga,hot,7,1178,21.0519,0.004356
opt-ga,hot,7,1384,24.7341,0.004323
opt-ga,hot,7,1420,25.3337,0.004294
opt-ga,hot,7,1665,29.4468,0.004250
opt-ga,hot,7,1693,29.9256,0.004245
opt-ga,hot,7,1787,31.4946,0.004227
opt-ga,hot,7,1929,33.9709,0.004181
opt-ga,hot,7,1989,34.9538,0.004171
opt-ga,hot,8,0,0.0000,0.006707
opt-ga,hot,8,1,0.0678,0.005884
opt-ga,hot,8,14,0.2792,0.005811
opt-ga,hot,8,123,2.0315,0.005773
opt-ga,hot,8,134,2.2100,0.005707
opt-ga,hot,8,227,3.8314,0.005659
opt-ga,hot,8,282,4.9070,0.005658
opt-ga,hot,8,309,5.3810,0.005497
opt-ga,hot,8,357,6.2342,0.005346
opt-ga,hot,8,433,7.4852,0.005295
opt-ga,hot,8,585,10.0104,0.005290
opt-ga,hot,8,587,10.0441,0.005262
opt-ga,hot,8,603,10.3140,0.005204
opt-ga,hot,8,703,12.0479,0.005193
opt-ga,hot,8,754,12.9890,0.005190
opt-ga,hot,8,777,13.4076,0.005170
opt-ga,hot,8,802,13.8430,0.005103
opt-ga,hot,8,905,15.6542,0.004929
opt-ga,hot,8,1105,19.2542,0.004919
opt-ga,hot,8,1170,20.3990,0.004878
opt-ga,hot,8,1178,20.5361,0.004766
opt-ga,hot,8,1278,22.2688,0.004627
opt-ga,hot,8,1400,24.3815,0.004570
opt-ga,hot,8,1434,25.0660,0.004530
opt-ga,hot,8,1454,25.4084,0.004525
opt-ga,hot,8,1530,26.7771,0.004463
opt-ga,hot,8,1635,28.6343,0.004392
opt-ga,hot,8,1741,30.4454,0.004360
opt-ga,hot,8,1908,33.3295,0.004332
opt-ga,hot,8,1981,34.6209,0.004314
opt-ga,hot,8,1992,34.8348,0.004282
opt-ga,hot,9,0,0.0000,0.006677
opt-ga,hot,9,1,0.0686,0.006271
opt-ga,hot,9,4,0.1166,0.006040
opt-ga,hot,9,11,0.2296,0.006019
opt-ga,hot,9,24,0.4444,0.005457
opt-ga,hot,9,127,2.1163,0.005428
opt-ga,hot,9,160,2.6717,0.005239
opt-ga,hot,9,273,4.6138,0.005146
opt-ga,hot,9,409,6.9725,0.005127
opt-ga,hot,9,542,9.2286,0.005101
opt-ga,hot,9,585,10.0169,0.005056
opt-ga,hot,9,616,10.5769,0.004997
opt-ga,hot,9,726,12.7514,0.004993
opt-ga,hot,9,753,13.2265,0.004899
opt-ga,hot,9,846,14.8710,0.004854
opt-ga,hot,9,877,15.3733,0.004809
opt-ga,hot,9,978,17.1217,0.004808
opt-ga,hot,9,1002,17.5833,0.004671
opt-ga,hot,9,1200,21.1342,0.004663
opt-ga,hot,9,1221,21.5104,0.004637
opt-ga,hot,9,1290,22.7220,0.004569
opt-ga,hot,9,1496,26.6133,0.004541
opt-ga,hot,9,1541,27.4500,0.004522
opt-ga,hot,9,1660,29.6618,0.004492
opt-ga,hot,9,1771,31.6408,0.004475
opt-ga,hot,9,1786,31.9342,0.004437
opt-ga,hot,9,1913,34.1087,0.004425
opt-ga,hot,9,1949,34.7090,0.004424
opt-ga,hot,9,1960,34.8887,0.004412
opt-ga,hot,9,1965,34.9714,0.004381
opt-pso,hot,0,0,0.0000,0.006256
opt-pso,hot,0,1,0.0687,0.005616
opt-pso,hot,0,57,0.9902,0.005496
opt-pso,hot,0,1433,23.1482,0.005477
opt-pso,hot,1,0,0.0000,0.005528
opt-pso,hot,1,26,0.4470,0.005226
opt-pso,hot,1,544,8.2140,0.005214
opt-pso,hot,1,574,8.7397,0.005174
opt-pso,hot,2,0,0.0000,0.006182
opt-pso,hot,2,1,0.0596,0.005669
opt-pso,hot,2,17,0.2816,0.005661
opt-pso,hot,2,67,0.9629,0.005574
opt-pso,hot,2,91,1.2992,0.005513
opt-pso,hot,2,769,11.4341,0.005412
opt-pso,hot,2,1428,21.4969,0.005263
opt-pso,hot,3,0,0.0000,0.005990
opt-pso,hot,3,4,0.1083,0.005722
opt-pso,hot,3,23,0.4262,0.005496
opt-pso,hot,3,122,1.9128,0.005418
opt-pso,hot,3,138,2.1916,0.005331
opt-pso,hot,3,438,7.1089,0.005277
opt-pso,hot,3,468,7.5135,0.005257
opt-pso,hot,3,1165,17.1301,0.005231
opt-pso,hot,4,0,0.0000,0.007497
opt-pso,hot,4,1,0.0597,0.006125
opt-pso,hot,4,6,0.1241,0.006074
opt-pso,hot,4,7,0.1361,0.005989
opt-pso,hot,4,10,0.1730,0.005593
opt-pso,hot,4,16,0.2507,0.005505
opt-pso,hot,4,47,0.6654,0.005363
opt-pso,hot,4,1786,24.1306,0.005203
opt-pso,hot,5,0,0.0000,0.006414
opt-pso,hot,5,1,0.0625,0.005702
opt-pso,hot,5,3,0.0902,0.005695
opt-pso,hot,5,11,0.1994,0.005662
opt-pso,hot,5,34,0.5119,0.005553
opt-pso,hot,5,84,1.1729,0.005254
opt-pso,hot,6,0,0.0000,0.006464
opt-pso,hot,6,1,0.0767,0.006399
opt-pso,hot,6,2,0.0916,0.006269
opt-pso,hot,6,4,0.1273,0.006248
opt-pso,hot,6,8,0.1879,0.006030
opt-pso,hot,6,16,0.2971,0.005949
opt-pso,hot,6,21,0.3653,0.005715
opt-pso,hot,6,45,0.6973,0.005700
opt-pso,hot,6,66,0.9972,0.005668
opt-pso,hot,6,117,1.6648,0.005617
opt-pso,hot,6,122,1.7346,0.005469
opt-pso,hot,6,468,6.7554,0.005464
opt-pso,hot,7,0,0.0000,0.006181
opt-pso,hot,7,1,0.0607,0.005992
opt-pso,hot,7,2,0.0750,0.005881
opt-pso,hot,7,4,0.1024,0.005647
opt-pso,hot,7,13,0.2296,0.005588
opt-pso,hot,7,57,0.8792,0.005548
opt-pso,hot,7,1098,16.6664,0.005375
opt-pso,hot,7,1447,21.8858,0.005304
opt-pso,hot,8,0,0.0000,0.006707
opt-pso,hot,8,1,0.0600,0.005884
opt-pso,hot,8,14,0.2500,0.005811
opt-pso,hot,8,116,1.7997,0.005782
opt-pso,hot,8,473,6.8946,0.005641
opt-pso,hot,8,503,7.3193,0.005305
opt-pso,hot,8,563,8.2006,0.005294
opt-pso,hot,9,0,0.0000,0.006677
opt-pso,hot,9,1,0.0654,0.006271
opt-pso,hot,9,4,0.1119,0.006040
opt-pso,hot,9,11,0.2132,0.006019
opt-pso,hot,9,24,0.4089,0.005457
opt-pso,hot,9,1751,25.9510,0.005213
opt-aco,hot,0,0,0.0000,0.006256
opt-aco,hot,0,1,0.0624,0.005616
opt-aco,hot,0,57,0.8748,0.005496
opt-aco,hot,0,238,3.5845,0.005253
opt-aco,hot,0,534,7.9728,0.005206
opt-aco,hot,0,568,8.4736,0.005195
opt-aco,hot,0,887,13.3927,0.005072
opt-aco,hot,0,1158,17.4404,0.005018
opt-aco,hot,0,1265,19.0659,0.005016
opt-aco,hot,0,1472,22.0345,0.004984
opt-aco,hot,1,0,0.0000,0.005528
opt-aco,hot,1,26,0.4239,0.005226
opt-aco,hot,1,194,2.9011,0.005221
opt-aco,hot,1,264,3.9435,0.005202
opt-aco,hot,1,283,4.2597,0.005170
opt-aco,hot,1,408,6.0671,0.005113
opt-aco,hot,1,520,7.8901,0.005097
opt-aco,hot,1,753,11.3699,0.005097
opt-aco,hot,1,761,11.4972,0.005081
opt-aco,hot,1,926,14.0605,0.005054
opt-aco,hot,1,993,15.0622,0.005048
opt-aco,hot,1,1059,16.0539,0.005022
opt-aco,hot,1,1165,17.6542,0.004890
opt-aco,hot,1,1448,21.9208,0.004866
opt-aco,hot,1,1479,22.3968,0.004830
opt-aco,hot,1,1669,25.1956,0.004779
opt-aco,hot,2,0,0.0000,0.006182
opt-aco,hot,2,1,0.0635,0.005669
opt-aco,hot,2,17,0.3264,0.005661
opt-aco,hot,2,67,0.9846,0.005574
opt-aco,hot,2,91,1.3128,0.005513
opt-aco,hot,2,152,2.1798,0.005484
opt-aco,hot,2,187,2.7065,0.005345
opt-aco,hot,2,337,4.8999,0.005330
opt-aco,hot,2,498,7.3135,0.005328
opt-aco,hot,2,809,11.9879,0.005320
opt-aco,hot,2,896,13.4055,0.005299
opt-aco,hot,2,979,14.6256,0.005169
opt-aco,hot,2,1230,18.4295,0.005145
opt-aco,hot,2,1324,19.8315,0.005080
opt-aco,hot,2,1615,24.4620,0.005028
opt-aco,hot,2,1764,26.8559,0.004963
opt-aco,hot,2,1813,27.6679,0.004863
opt-aco,hot,2,1866,28.6132,0.004840
opt-aco,hot,3,0,0.0000,0.005990
opt-aco,hot,3,4,0.1172,0.005722
opt-aco,hot,3,23,0.4110,0.005496
opt-aco,hot,3,167,2.9214,0.005412
opt-aco,hot,3,415,7.0990,0.005408
opt-aco,hot,3,495,8.4087,0.005205
opt-aco,hot,3,1295,21.0091,0.005180
opt-aco,hot,3,1859,30.3634,0.005173
opt-aco,hot,4,0,0.0000,0.007497
opt-aco,hot,4,1,0.0685,0.006125
opt-aco,hot,4,6,0.1455,0.006074
opt-aco,hot,4,7,0.1610,0.005989
opt-aco,hot,4,10,0.2063,0.005593
opt-aco,hot,4,16,0.3027,0.005505
opt-aco,hot,4,47,0.8073,0.005363
opt-aco,hot,4,324,5.5963,0.005330
opt-aco,hot,4,448,7.5344,0.005253
opt-aco,hot,4,495,8.4186,0.005250
opt-aco,hot,4,789,13.3174,0.005233
opt-aco,hot,4,881,14.9276,0.005130
opt-aco,hot,4,1016,17.2771,0.005110
opt-aco,hot,4,1034,17.5764,0.005056
opt-aco,hot,4,1517,25.5017,0.005031
opt-aco,hot,4,1732,29.0457,0.004919
opt-aco,hot,5,0,0.0000,0.006414
opt-aco,hot,5,1,0.0694,0.005702
opt-aco,hot,5,3,0.0997,0.005695
opt-aco,hot,5,11,0.2218,0.005662
opt-aco,hot,5,34,0.5736,0.005553
opt-aco,hot,5,84,1.3474,0.005254
opt-aco,hot,5,404,6.6407,0.005239
opt-aco,hot,5,677,11.3372,0.005137
opt-aco,hot,5,1161,19.8241,0.005115
opt-aco,hot,5,1243,21.3492,0.005089
opt-aco,hot,5,1247,21.4288,0.005075
opt-aco,hot,5,1352,23.2045,0.005029
opt-aco,hot,5,1540,26.3851,0.005016
opt-aco,hot,5,1614,27.7195,0.004993
opt-aco,hot,5,1640,28.1954,0.004952
opt-aco,hot,5,1722,29.7109,0.004943
opt-aco,hot,5,1786,31.2721,0.004881
opt-aco,hot,6,0,0.0000,0.006464
opt-aco,hot,6,1,0.0689,0.006399
opt-aco,hot,6,2,0.0839,0.006269
opt-aco,hot,6,4,0.1160,0.006248
opt-aco,hot,6,8,0.1771,0.006030
opt-aco,hot,6,16,0.3075,0.005949
opt-aco,hot,6,21,0.3847,0.005715
opt-aco,hot,6,45,0.7699,0.005700
opt-aco,hot,6,66,1.1375,0.005668
opt-aco,hot,6,111,1.8928,0.005518
opt-aco,hot,6,310,5.8213,0.005470
opt-aco,hot,6,378,7.1475,0.005298
opt-aco,hot,6,551,10.1329,0.005236
opt-aco,hot,6,901,16.4665,0.005212
opt-aco,hot,6,1127,20.4397,0.005172
opt-aco,hot,6,1343,24.3238,0.005019
opt-aco,hot,6,1866,33.5615,0.004994
opt-aco,hot,6,1928,34.5621,0.004829
opt-aco,hot,7,0,0.0000,0.006181
opt-aco,hot,7,1,0.0740,0.005992
opt-aco,hot,7,2,0.0908,0.005881
opt-aco,hot,7,4,0.1234,0.005647
opt-aco,hot,7,13,0.2686,0.005588
opt-aco,hot,7,57,0.9701,0.005548
opt-aco,hot,7,128,2.1525,0.005464
opt-aco,hot,7,209,3.5285,0.005452
opt-aco,hot,7,260,4.4211,0.005321
opt-aco,hot,7,265,4.4970,0.005283
opt-aco,hot,7,438,7.4220,0.005256
opt-aco,hot,7,655,11.4829,0.005236
opt-aco,hot,7,833,14.6869,0.005232
opt-aco,hot,7,854,15.1321,0.005208
opt-aco,hot,7,949,16.7324,0.005173
opt-aco,hot,7,990,17.4711,0.005068
opt-aco,hot,7,1048,18.4118,0.005067
opt-aco,hot,7,1440,24.5433,0.005035
opt-aco,hot,7,1554,26.4217,0.004843
opt-aco,hot,8,0,0.0000,0.006707
opt-aco,hot,8,1,0.0664,0.005884
opt-aco,hot,8,14,0.2654,0.005811
opt-aco,hot,8,119,1.8938,0.005686
opt-aco,hot,8,158,2.5417,0.005677
opt-aco,hot,8,215,3.5020,0.005444
opt-aco,hot,8,484,7.9697,0.005426
opt-aco,hot,8,627,10.4709,0.005419
opt-aco,hot,8,674,11.2563,0.005414
opt-aco,hot,8,676,11.2881,0.005275
opt-aco,hot,8,933,15.6060,0.005252
opt-aco,hot,8,1117,18.7800,0.005249
opt-aco,hot,8,1159,19.5489,0.005215
opt-aco,hot,8,1177,19.8476,0.005149
opt-aco,hot,8,1304,22.0229,0.005123
opt-aco,hot,8,1461,24.7457,0.005101
opt-aco,hot,8,1494,25.3310,0.005093
opt-aco,hot,8,1497,25.3810,0.005043
opt-aco,hot,8,1507,25.5424,0.005041
opt-aco,hot,8,1561,26.5997,0.005030
opt-aco,hot,8,1570,26.7535,0.005026
opt-aco,hot,8,1635,27.8086,0.005000
opt-aco,hot,8,1692,28.7128,0.004909
opt-aco,hot,8,1746,29.6614,0.004885
opt-aco,hot,9,0,0.0000,0.006677
opt-aco,hot,9,1,0.0682,0.006271
opt-aco,hot,9,4,0.1211,0.006040
opt-aco,hot,9,11,0.2420,0.006019
opt-aco,hot,9,24,0.4471,0.005457
opt-aco,hot,9,397,7.1874,0.005453
opt-aco,hot,9,514,9.1349,0.005318
opt-aco,hot,9,556,9.8301,0.005103
opt-aco,hot,9,904,15.5285,0.005057
opt-aco,hot,9,955,16.3376,0.005033
opt-aco,hot,9,1126,19.0581,0.004845
opt-aco,hot,9,1350,22.8346,0.004834
opt-aco,hot,9,1670,28.1644,0.004652
opt-gd,hot,0,0,0.0000,0.006256
opt-gd,hot,0,3,0.0628,0.006256
opt-gd,hot,0,71,1.1206,0.006256
opt-gd,hot,0,146,2.3062,0.005904
opt-gd,hot,0,148,2.3361,0.005904
opt-gd,hot,0,184,2.9225,0.005904
opt-gd,hot,0,223,3.5329,0.005904
opt-gd,hot,0,436,6.8725,0.005830
opt-gd,hot,0,438,6.9052,0.005830
opt-gd,hot,0,474,7.4623,0.005830
opt-gd,hot,0,513,8.0603,0.005830
opt-gd,hot,0,581,9.1056,0.005429
opt-gd,hot,0,583,9.1372,0.005429
opt-gd,hot,0,591,9.2650,0.005429
opt-gd,hot,0,624,9.7712,0.005429
opt-gd,hot,0,658,10.2947,0.005429
opt-gd,hot,0,871,13.5457,0.005424
opt-gd,hot,0,873,13.5777,0.005424
opt-gd,hot,0,881,13.6961,0.005424
opt-gd,hot,0,914,14.2035,0.005424
opt-gd,hot,0,948,14.7888,0.005424
opt-gd,hot,0,1161,18.4990,0.005421
opt-gd,hot,0,1163,18.5286,0.005421
opt-gd,hot,0,1171,18.6731,0.005421
opt-gd,hot,0,1204,19.1767,0.005421
opt-gd,hot,0,1238,19.7169,0.005421
opt-gd,hot,0,1451,23.1544,0.005418
opt-gd,hot,0,1453,23.1852,0.005418
opt-gd,hot,0,1461,23.3108,0.005418
opt-gd,hot,0,1494,23.8791,0.005418
opt-gd,hot,0,1528,24.4359,0.005418
opt-gd,hot,0,1741,27.7602,0.005417
opt-gd,hot,0,1743,27.7929,0.005417
opt-gd,hot,0,1751,27.9184,0.005417
opt-gd,hot,0,1784,28.4505,0.005417
opt-gd,hot,0,1818,28.9670,0.005417
opt-gd,hot,1,0,0.0000,0.005528
opt-gd,hot,1,4,0.0813,0.005528
opt-gd,hot,1,11,0.1945,0.005528
opt-gd,hot,1,19,0.3253,0.005528
opt-gd,hot,1,23,0.3910,0.005528
opt-gd,hot,1,61,1.1365,0.005528
opt-gd,hot,1,144,2.5216,0.005002
opt-gd,hot,1,147,2.5700,0.005002
opt-gd,hot,1,152,2.6485,0.005002
opt-gd,hot,1,154,2.6827,0.005002
opt-gd,hot,1,166,2.8722,0.005002
opt-gd,hot,1,198,3.3617,0.005002
opt-gd,hot,1,206,3.4847,0.005002
opt-gd,hot,1,287,4.9120,0.004575
opt-gd,hot,1,290,4.9593,0.004575
opt-gd,hot,1,294,5.0205,0.004575
opt-gd,hot,1,297,5.0658,0.004575
opt-gd,hot,1,330,5.5624,0.004575
opt-gd,hot,1,410,6.7753,0.004575
opt-gd,hot,1,411,6.7902,0.004575
opt-gd,hot,1,430,7.0883,0.004293
opt-gd,hot,1,432,7.1188,0.004293
opt-gd,hot,1,553,8.9072,0.004293
opt-gd,hot,1,554,8.9227,0.004293
opt-gd,hot,1,573,9.2237,0.004213
opt-gd,hot,1,574,9.2477,0.004213
opt-gd,hot,1,575,9.2718,0.004213
opt-gd,hot,1,716,11.3491,0.004133
opt-gd,hot,1,718,11.3826,0.004133
opt-gd,hot,1,859,13.4214,0.004055
opt-gd,hot,1,861,13.4943,0.004055
opt-gd,hot,1,933,14.6567,0.004055
opt-gd,hot,1,977,15.2901,0.004055
opt-gd,hot,1,1002,15.6558,0.003901
opt-gd,hot,1,1005,15.7335,0.003901
opt-gd,hot,1,1006,15.7473,0.003901
opt-gd,hot,1,1012,15.8338,0.003901
opt-gd,hot,1,1014,15.8618,0.003901
opt-gd,hot,1,1288,19.9586,0.003899
opt-gd,hot,1,1291,20.0019,0.003899
opt-gd,hot,1,1292,20.0164,0.003899
opt-gd,hot,1,1298,20.1025,0.003899
opt-gd,hot,1,1300,20.1318,0.003899
opt-gd,hot,1,1431,22.0056,0.003824
opt-gd,hot,1,1434,22.0504,0.003824
opt-gd,hot,1,1435,22.0659,0.003824
opt-gd,hot,1,1441,22.1545,0.003824
opt-gd,hot,1,1443,22.1854,0.003824
opt-gd,hot,1,1569,23.9826,0.003824
opt-gd,hot,1,1717,26.2693,0.003821
opt-gd,hot,1,1720,26.3124,0.003821
opt-gd,hot,1,1721,26.3271,0.003821
opt-gd,hot,1,1727,26.4178,0.003821
opt-gd,hot,1,1729,26.4468,0.003821
opt-gd,hot,1,1855,28.2716,0.003821
opt-gd,hot,2,0,0.0000,0.006182
opt-gd,hot,2,3,0.0600,0.006182
opt-gd,hot,2,10,0.1549,0.006182
opt-gd,hot,2,27,0.3918,0.006182
opt-gd,hot,2,28,0.4052,0.006182
opt-gd,hot,2,57,0.8082,0.006182
opt-gd,hot,2,69,0.9711,0.006182
opt-gd,hot,2,146,2.1318,0.005570
opt-gd,hot,2,148,2.1609,0.005570
opt-gd,hot,2,156,2.2758,0.005570
opt-gd,hot,2,214,3.1349,0.005570
opt-gd,hot,2,291,4.2822,0.004902
opt-gd,hot,2,293,4.3111,0.004902
opt-gd,hot,2,373,5.5291,0.004902
opt-gd,hot,2,436,6.4490,0.004708
opt-gd,hot,2,440,6.5075,0.004708
opt-gd,hot,2,441,6.5213,0.004708
opt-gd,hot,2,442,6.5352,0.004708
opt-gd,hot,2,446,6.5920,0.004708
opt-gd,hot,2,451,6.6628,0.004708
opt-gd,hot,2,500,7.4107,0.004708
opt-gd,hot,2,538,7.9827,0.004708
opt-gd,hot,2,550,8.1687,0.004708
opt-gd,hot,2,581,8.6588,0.004468
opt-gd,hot,2,586,8.7583,0.004468
opt-gd,hot,2,591,8.8466,0.004468
opt-gd,hot,2,593,8.8814,0.004468
opt-gd,hot,2,610,9.1534,0.004468
opt-gd,hot,2,626,9.4122,0.004468
opt-gd,hot,2,645,9.6973,0.004468
opt-gd,hot,2,726,11.0569,0.004314
opt-gd,hot,2,727,11.0980,0.004314
opt-gd,hot,2,738,11.2825,0.004314
opt-gd,hot,2,740,11.3122,0.004314
opt-gd,hot,2,871,13.5790,0.004152
opt-gd,hot,2,873,13.6411,0.004152
opt-gd,hot,2,887,13.8515,0.004152
opt-gd,hot,2,898,14.0075,0.004152
opt-gd,hot,2,901,14.0494,0.004152
opt-gd,hot,2,1016,15.7351,0.004028
opt-gd,hot,2,1018,15.7972,0.004028
opt-gd,hot,2,1019,15.8128,0.004028
opt-gd,hot,2,1028,15.9445,0.004028
opt-gd,hot,2,1029,15.9585,0.004028
opt-gd,hot,2,1030,15.9731,0.004028
opt-gd,hot,2,1046,16.2077,0.004028
opt-gd,hot,2,1161,17.8733,0.003965
opt-gd,hot,2,1162,17.9046,0.003965
opt-gd,hot,2,1164,17.9508,0.003965
opt-gd,hot,2,1167,17.9943,0.003965
opt-gd,hot,2,1175,18.1086,0.003965
opt-gd,hot,2,1207,18.5705,0.003965
opt-gd,hot,2,1306,20.0565,0.003872
opt-gd,hot,2,1307,20.0885,0.003872
opt-gd,hot,2,1318,20.2615,0.003872
opt-gd,hot,2,1320,20.2897,0.003872
opt-gd,hot,2,1351,20.7614,0.003872
opt-gd,hot,2,1451,22.2603,0.003845
opt-gd,hot,2,1452,22.3091,0.003845
opt-gd,hot,2,1456,22.3742,0.003845
opt-gd,hot,2,1463,22.4777,0.003845
opt-gd,hot,2,1476,22.6750,0.003845
opt-gd,hot,2,1486,22.8253,0.003845
opt-gd,hot,2,1493,22.9439,0.003845
opt-gd,hot,2,1497,23.0099,0.003845
opt-gd,hot,2,1500,23.0614,0.003845
opt-gd,hot,2,1514,23.2849,0.003845
opt-gd,hot,2,1533,23.5679,0.003845
opt-gd,hot,2,1596,24.5088,0.003801
opt-gd,hot,2,1597,24.5422,0.003801
opt-gd,hot,2,1601,24.6155,0.003801
opt-gd,hot,2,1606,24.6898,0.003801
opt-gd,hot,2,1608,24.7201,0.003801
opt-gd,hot,2,1610,24.7523,0.003801
opt-gd,hot,2,1631,25.0715,0.003801
opt-gd,hot,2,1638,25.1756,0.003801
opt-gd,hot,2,1654,25.4274,0.003801
opt-gd,hot,2,1690,26.0012,0.003801
opt-gd,hot,2,1741,26.8837,0.003762
opt-gd,hot,2,1742,26.9170,0.003762
opt-gd,hot,2,1744,26.9645,0.003762
opt-gd,hot,2,1751,27.0739,0.003762
opt-gd,hot,2,1755,27.1390,0.003762
opt-gd,hot,2,1805,27.8944,0.003762
opt-gd,hot,2,1886,29.1150,0.003725
opt-gd,hot,2,1889,29.1993,0.003725
opt-gd,hot,2,1896,29.3080,0.003725
opt-gd,hot,2,1899,29.3583,0.003725
opt-gd,hot,2,1932,29.9577,0.003725
opt-gd,hot,3,0,0.0000,0.005990
opt-gd,hot,3,3,0.0633,0.005990
opt-gd,hot,3,7,0.1256,0.005990
opt-gd,hot,3,142,2.2534,0.005188
opt-gd,hot,3,143,2.2682,0.005188
opt-gd,hot,3,144,2.2833,0.005188
opt-gd,hot,3,160,2.5245,0.005188
opt-gd,hot,3,280,4.3003,0.005188
opt-gd,hot,3,283,4.3441,0.004870
opt-gd,hot,3,284,4.3584,0.004870
opt-gd,hot,3,285,4.3743,0.004870
opt-gd,hot,3,348,5.2809,0.004870
opt-gd,hot,3,396,5.9773,0.004870
opt-gd,hot,3,397,5.9905,0.004870
opt-gd,hot,3,424,6.3641,0.004467
opt-gd,hot,3,425,6.3781,0.004467
opt-gd,hot,3,431,6.4617,0.004467
opt-gd,hot,3,474,7.0612,0.004467
opt-gd,hot,3,486,7.2279,0.004467
opt-gd,hot,3,546,8.0878,0.004467
opt-gd,hot,3,565,8.3705,0.004254
opt-gd,hot,3,566,8.3852,0.004254
opt-gd,hot,3,572,8.4751,0.004254
opt-gd,hot,3,573,8.4893,0.004254
opt-gd,hot,3,627,9.2601,0.004254
opt-gd,hot,3,679,10.0134,0.004254
opt-gd,hot,3,706,10.4266,0.004055
opt-gd,hot,3,707,10.4584,0.004055
opt-gd,hot,3,713,10.5614,0.004055
opt-gd,hot,3,714,10.5757,0.004055
opt-gd,hot,3,820,12.1273,0.004055
opt-gd,hot,3,988,14.5756,0.003951
opt-gd,hot,3,989,14.5890,0.003951
opt-gd,hot,3,995,14.6731,0.003951
opt-gd,hot,3,996,14.6872,0.003951
opt-gd,hot,3,1072,15.7674,0.003951
opt-gd,hot,3,1102,16.1909,0.003951
opt-gd,hot,3,1129,16.5840,0.003820
opt-gd,hot,3,1130,16.6156,0.003820
opt-gd,hot,3,1136,16.7135,0.003820
opt-gd,hot,3,1137,16.7268,0.003820
opt-gd,hot,3,1155,16.9819,0.003820
opt-gd,hot,3,1213,17.8097,0.003820
opt-gd,hot,3,1217,17.8687,0.003820
opt-gd,hot,3,1243,18.2578,0.003820
opt-gd,hot,3,1270,18.8150,0.003615
opt-gd,hot,3,1271,18.8418,0.003615
opt-gd,hot,3,1275,18.9172,0.003615
opt-gd,hot,3,1284,19.0460,0.003615
opt-gd,hot,3,1302,19.3150,0.003615
opt-gd,hot,3,1394,20.6552,0.003615
opt-gd,hot,3,1411,20.9319,0.003527
opt-gd,hot,3,1412,20.9645,0.003527
opt-gd,hot,3,1422,21.1270,0.003527
opt-gd,hot,3,1429,21.2298,0.003527
opt-gd,hot,3,1441,21.4030,0.003527
opt-gd,hot,3,1443,21.4322,0.003527
opt-gd,hot,3,1486,22.1005,0.003527
opt-gd,hot,3,1489,22.1418,0.003527
opt-gd,hot,3,1552,23.0747,0.003442
opt-gd,hot,3,1553,23.1109,0.003442
opt-gd,hot,3,1570,23.3780,0.003442
opt-gd,hot,3,1573,23.4214,0.003442
opt-gd,hot,3,1628,24.2320,0.003442
opt-gd,hot,3,1693,25.1893,0.003381
opt-gd,hot,3,1695,25.2731,0.003381
opt-gd,hot,3,1698,25.3207,0.003381
opt-gd,hot,3,1701,25.3686,0.003381
opt-gd,hot,3,1707,25.4586,0.003381
opt-gd,hot,3,1715,25.5779,0.003381
opt-gd,hot,3,1834,27.3851,0.003349
opt-gd,hot,3,1835,27.4003,0.003349
opt-gd,hot,3,1844,27.5391,0.003349
opt-gd,hot,3,1848,27.5974,0.003349
opt-gd,hot,3,1866,27.8501,0.003349
opt-gd,hot,3,1873,27.9466,0.003349
opt-gd,hot,3,1975,29.5456,0.003308
opt-gd,hot,3,1976,29.5621,0.003308
opt-gd,hot,3,1985,29.6940,0.003308
opt-gd,hot,3,1993,29.8083,0.003308
opt-gd,hot,3,1996,29.8538,0.003308
opt-gd,hot,4,0,0.0000,0.007497
opt-gd,hot,4,2,0.0493,0.007497
opt-gd,hot,4,4,0.0785,0.007497
opt-gd,hot,4,7,0.1218,0.007497
opt-gd,hot,4,23,0.3638,0.007497
opt-gd,hot,4,60,0.8981,0.007497
opt-gd,hot,4,63,0.9425,0.007497
opt-gd,hot,4,145,2.1168,0.007497
opt-gd,hot,4,291,4.2977,0.007487
opt-gd,hot,4,292,4.3139,0.007487
opt-gd,hot,4,294,4.3472,0.007487
opt-gd,hot,4,297,4.3914,0.007487
opt-gd,hot,4,313,4.6252,0.007487
opt-gd,hot,4,350,5.1653,0.007487
opt-gd,hot,4,353,5.2119,0.007487
opt-gd,hot,4,435,6.5762,0.007487
opt-gd,hot,4,581,8.8027,0.007484
opt-gd,hot,4,582,8.8173,0.007484
opt-gd,hot,4,584,8.8482,0.007484
opt-gd,hot,4,587,8.8928,0.007484
opt-gd,hot,4,603,9.1355,0.007484
opt-gd,hot,4,640,9.7045,0.007484
opt-gd,hot,4,643,9.7482,0.007484
opt-gd,hot,4,725,10.9615,0.007484
opt-gd,hot,4,726,10.9762,0.007482
opt-gd,hot,4,727,10.9904,0.007482
opt-gd,hot,4,729,11.0196,0.007482
opt-gd,hot,4,732,11.0641,0.007482
opt-gd,hot,4,748,11.2996,0.007482
opt-gd,hot,4,785,11.8589,0.007482
opt-gd,hot,4,788,11.9075,0.007482
opt-gd,hot,4,870,13.1329,0.007482
opt-gd,hot,4,1016,15.2484,0.007481
opt-gd,hot,4,1017,15.2624,0.007481
opt-gd,hot,4,1019,15.2903,0.007481
opt-gd,hot,4,1022,15.3317,0.007481
opt-gd,hot,4,1038,15.5541,0.007481
opt-gd,hot,4,1075,16.0847,0.007481
opt-gd,hot,4,1078,16.1264,0.007481
opt-gd,hot,4,1160,17.3300,0.007481
opt-gd,hot,4,1161,17.3470,0.007481
opt-gd,hot,4,1162,17.3633,0.007481
opt-gd,hot,4,1164,17.3937,0.007481
opt-gd,hot,4,1167,17.4380,0.007481
opt-gd,hot,4,1183,17.6733,0.007481
opt-gd,hot,4,1220,18.2109,0.007481
opt-gd,hot,4,1223,18.2543,0.007481
opt-gd,hot,4,1305,19.4845,0.007481
opt-gd,hot,4,1451,21.7651,0.007481
opt-gd,hot,4,1452,21.7817,0.007481
opt-gd,hot,4,1454,21.8154,0.007481
opt-gd,hot,4,1457,21.8652,0.007481
opt-gd,hot,4,1473,22.1296,0.007481
opt-gd,hot,4,1510,22.7299,0.007481
opt-gd,hot,4,1513,22.7788,0.007481
opt-gd,hot,4,1595,24.1276,0.007481
opt-gd,hot,4,1596,24.1509,0.007480
opt-gd,hot,4,1597,24.1748,0.007480
opt-gd,hot,4,1599,24.2222,0.007480
opt-gd,hot,4,1602,24.2913,0.007480
opt-gd,hot,4,1618,24.6271,0.007480
opt-gd,hot,4,1655,25.2161,0.007480
opt-gd,hot,4,1658,25.2603,0.007480
opt-gd,hot,4,1740,26.7327,0.007480
opt-gd,hot,4,1886,29.1139,0.007480
opt-gd,hot,4,1887,29.1307,0.007480
opt-gd,hot,4,1889,29.1649,0.007480
opt-gd,hot,4,1892,29.2121,0.007480
opt-gd,hot,4,1908,29.4516,0.007480
opt-gd,hot,4,1945,30.0255,0.007480
opt-gd,hot,4,1948,30.0723,0.007480
opt-gd,hot,5,0,0.0000,0.006414
opt-gd,hot,5,3,0.0687,0.006414
opt-gd,hot,5,15,0.2506,0.006414
opt-gd,hot,5,17,0.2782,0.006414
opt-gd,hot,5,19,0.3083,0.006414
opt-gd,hot,5,142,2.2275,0.005759
opt-gd,hot,5,144,2.2600,0.005759
opt-gd,hot,5,146,2.2913,0.005759
opt-gd,hot,5,158,2.4930,0.005759
opt-gd,hot,5,283,4.4964,0.005277
opt-gd,hot,5,285,4.5267,0.005277
opt-gd,hot,5,287,4.5586,0.005277
opt-gd,hot,5,339,5.3718,0.005277
opt-gd,hot,5,424,7.2347,0.004903
opt-gd,hot,5,428,7.3252,0.004903
opt-gd,hot,5,430,7.3712,0.004903
opt-gd,hot,5,440,7.5953,0.004903
opt-gd,hot,5,446,7.7026,0.004903
opt-gd,hot,5,466,8.1027,0.004903
opt-gd,hot,5,508,8.8720,0.004903
opt-gd,hot,5,565,9.8109,0.004301
opt-gd,hot,5,569,9.9013,0.004301
opt-gd,hot,5,570,9.9167,0.004301
opt-gd,hot,5,607,10.4655,0.004301
opt-gd,hot,5,631,10.8379,0.004301
opt-gd,hot,5,706,12.0603,0.004249
opt-gd,hot,5,710,12.1560,0.004249
opt-gd,hot,5,711,12.1714,0.004249
opt-gd,hot,5,748,12.7513,0.004249
opt-gd,hot,5,772,13.1424,0.004249
opt-gd,hot,5,988,16.8053,0.004159
opt-gd,hot,5,991,16.8500,0.004159
opt-gd,hot,5,992,16.8669,0.004159
opt-gd,hot,5,993,16.8823,0.004159
opt-gd,hot,5,1030,17.4411,0.004159
opt-gd,hot,5,1054,17.8095,0.004159
opt-gd,hot,5,1129,18.9921,0.003919
opt-gd,hot,5,1131,19.0198,0.003919
opt-gd,hot,5,1135,19.0773,0.003919
opt-gd,hot,5,1552,25.7166,0.003918
opt-gd,hot,5,1554,25.7470,0.003918
opt-gd,hot,5,1558,25.8093,0.003918
opt-gd,hot,5,1834,30.0492,0.003918
opt-gd,hot,5,1836,30.0781,0.003918
opt-gd,hot,5,1840,30.1334,0.003918
opt-gd,hot,6,0,0.0000,0.006464
opt-gd,hot,6,2,0.0625,0.006464
opt-gd,hot,6,3,0.0826,0.006464
opt-gd,hot,6,27,0.4581,0.006464
opt-gd,hot,6,28,0.4731,0.006464
opt-gd,hot,6,29,0.4874,0.006464
opt-gd,hot,6,30,0.5027,0.006464
opt-gd,hot,6,92,1.4696,0.006464
opt-gd,hot,6,148,2.3397,0.005936
opt-gd,hot,6,149,2.3571,0.005936
opt-gd,hot,6,150,2.3716,0.005936
opt-gd,hot,6,174,2.7132,0.005936
opt-gd,hot,6,176,2.7419,0.005936
opt-gd,hot,6,177,2.7562,0.005936
opt-gd,hot,6,178,2.7716,0.005936
opt-gd,hot,6,295,4.6398,0.005388
opt-gd,hot,6,296,4.6554,0.005388
opt-gd,hot,6,297,4.6709,0.005388
opt-gd,hot,6,301,4.7292,0.005388
opt-gd,hot,6,421,6.5087,0.005388
opt-gd,hot,6,442,6.8246,0.004970
opt-gd,hot,6,443,6.8441,0.004970
opt-gd,hot,6,447,6.9040,0.004970
opt-gd,hot,6,483,7.4355,0.004970
opt-gd,hot,6,508,7.8051,0.004970
opt-gd,hot,6,589,9.0293,0.004571
opt-gd,hot,6,594,9.1321,0.004571
opt-gd,hot,6,595,9.1468,0.004571
opt-gd,hot,6,667,10.2554,0.004571
opt-gd,hot,6,736,11.3353,0.004399
opt-gd,hot,6,738,11.3976,0.004399
opt-gd,hot,6,745,11.5090,0.004399
opt-gd,hot,6,754,11.6474,0.004399
opt-gd,hot,6,778,12.0056,0.004399
opt-gd,hot,6,883,13.6157,0.004263
opt-gd,hot,6,884,13.6489,0.004263
opt-gd,hot,6,885,13.6770,0.004263
opt-gd,hot,6,893,13.7917,0.004263
opt-gd,hot,6,919,14.1676,0.004263
opt-gd,hot,6,1008,15.8499,0.004263
opt-gd,hot,6,1009,15.8662,0.004263
opt-gd,hot,6,1030,16.2932,0.004035
opt-gd,hot,6,1032,16.3260,0.004035
opt-gd,hot,6,1039,16.4407,0.004035
opt-gd,hot,6,1117,17.8208,0.004035
opt-gd,hot,6,1118,17.8363,0.004035
opt-gd,hot,6,1156,18.4387,0.004035
opt-gd,hot,6,1177,18.7810,0.003973
opt-gd,hot,6,1179,18.8418,0.003973
opt-gd,hot,6,1180,18.8567,0.003973
opt-gd,hot,6,1212,19.3411,0.003973
opt-gd,hot,6,1245,19.8838,0.003973
opt-gd,hot,6,1290,20.6085,0.003973
opt-gd,hot,6,1291,20.6246,0.003973
opt-gd,hot,6,1324,21.2151,0.003916
opt-gd,hot,6,1326,21.2594,0.003916
opt-gd,hot,6,1327,21.2756,0.003916
opt-gd,hot,6,1392,22.3261,0.003916
opt-gd,hot,6,1471,23.8373,0.003828
opt-gd,hot,6,1472,23.8530,0.003828
opt-gd,hot,6,1473,23.8680,0.003828
opt-gd,hot,6,1474,23.8826,0.003828
opt-gd,hot,6,1490,24.1226,0.003828
opt-gd,hot,6,1539,24.8983,0.003828
opt-gd,hot,6,1567,25.4596,0.003828
opt-gd,hot,6,1592,25.8327,0.003828
opt-gd,hot,6,1618,26.3049,0.003737
opt-gd,hot,6,1619,26.3280,0.003737
opt-gd,hot,6,1621,26.3749,0.003737
opt-gd,hot,6,1637,26.6386,0.003737
opt-gd,hot,6,1705,27.6584,0.003737
opt-gd,hot,6,1912,30.9059,0.003618
opt-gd,hot,6,1913,30.9207,0.003618
opt-gd,hot,6,1916,30.9676,0.003618
opt-gd,hot,6,1999,32.3321,0.003618
opt-gd,hot,7,0,0.0000,0.006181
opt-gd,hot,7,2,0.0505,0.006181
opt-gd,hot,7,9,0.1512,0.006181
opt-gd,hot,7,142,2.0784,0.005445
opt-gd,hot,7,146,2.1370,0.005445
opt-gd,hot,7,150,2.1980,0.005445
opt-gd,hot,7,283,4.1851,0.004822
opt-gd,hot,7,287,4.2418,0.004822
opt-gd,hot,7,290,4.2835,0.004822
opt-gd,hot,7,298,4.4191,0.004822
opt-gd,hot,7,317,4.7035,0.004822
opt-gd,hot,7,373,5.6011,0.004822
opt-gd,hot,7,424,6.3634,0.004388
opt-gd,hot,7,426,6.3958,0.004388
opt-gd,hot,7,439,6.5916,0.004388
opt-gd,hot,7,548,8.2726,0.004388
opt-gd,hot,7,565,8.5440,0.004225
opt-gd,hot,7,566,8.5687,0.004225
opt-gd,hot,7,567,8.5937,0.004225
opt-gd,hot,7,609,9.2435,0.004225
opt-gd,hot,7,614,9.3197,0.004225
opt-gd,hot,7,661,10.0272,0.004225
opt-gd,hot,7,667,10.1164,0.004225
opt-gd,hot,7,706,10.7173,0.003916
opt-gd,hot,7,709,10.7896,0.003916
opt-gd,hot,7,711,10.8179,0.003916
opt-gd,hot,7,713,10.8465,0.003916
opt-gd,hot,7,723,10.9909,0.003916
opt-gd,hot,7,728,11.1957,0.003916
opt-gd,hot,7,732,11.2535,0.003916
opt-gd,hot,7,738,11.3428,0.003916
opt-gd,hot,7,744,11.4313,0.003916
opt-gd,hot,7,754,11.5771,0.003916
opt-gd,hot,7,756,11.6055,0.003916
opt-gd,hot,7,836,12.7694,0.003916
opt-gd,hot,7,847,12.9551,0.003864
opt-gd,hot,7,848,12.9933,0.003864
opt-gd,hot,7,849,13.0177,0.003864
opt-gd,hot,7,864,13.2416,0.003864
opt-gd,hot,7,873,13.3716,0.003864
opt-gd,hot,7,896,13.7328,0.003864
opt-gd,hot,7,927,14.2111,0.003864
opt-gd,hot,7,943,14.4522,0.003864
opt-gd,hot,7,988,15.1393,0.003807
opt-gd,hot,7,991,15.2186,0.003807
opt-gd,hot,7,995,15.2810,0.003807
opt-gd,hot,7,1003,15.4086,0.003807
opt-gd,hot,7,1005,15.4397,0.003807
opt-gd,hot,7,1020,15.6687,0.003807
opt-gd,hot,7,1036,15.9293,0.003807
opt-gd,hot,7,1038,15.9627,0.003807
opt-gd,hot,7,1129,17.3770,0.003725
opt-gd,hot,7,1130,17.4188,0.003725
opt-gd,hot,7,1131,17.4497,0.003725
opt-gd,hot,7,1144,17.6746,0.003725
opt-gd,hot,7,1178,18.2214,0.003725
opt-gd,hot,7,1225,18.9570,0.003725
opt-gd,hot,7,1270,19.6570,0.003707
opt-gd,hot,7,1273,19.7424,0.003707
opt-gd,hot,7,1276,19.7924,0.003707
opt-gd,hot,7,1277,19.8079,0.003707
opt-gd,hot,7,1281,19.8703,0.003707
opt-gd,hot,7,1286,19.9491,0.003707
opt-gd,hot,7,1411,21.7987,0.003622
opt-gd,hot,7,1412,21.8125,0.003622
opt-gd,hot,7,1413,21.8263,0.003622
opt-gd,hot,7,1441,22.2196,0.003622
opt-gd,hot,7,1460,22.4927,0.003622
opt-gd,hot,7,1693,26.0013,0.003562
opt-gd,hot,7,1695,26.0327,0.003562
opt-gd,hot,7,1715,26.3441,0.003562
opt-gd,hot,7,1720,26.4182,0.003562
opt-gd,hot,7,1723,26.4623,0.003562
opt-gd,hot,7,1742,26.7549,0.003562
opt-gd,hot,7,1975,30.3218,0.003501
opt-gd,hot,7,1978,30.3716,0.003501
opt-gd,hot,7,1981,30.4168,0.003501
opt-gd,hot,7,1982,30.4321,0.003501
opt-gd,hot,7,1986,30.4915,0.003501
opt-gd,hot,7,1997,30.6617,0.003501
opt-gd,hot,8,0,0.0000,0.006707
opt-gd,hot,8,4,0.0836,0.006707
opt-gd,hot,8,26,0.4453,0.006707
opt-gd,hot,8,27,0.4601,0.006707
opt-gd,hot,8,33,0.5593,0.006707
opt-gd,hot,8,45,0.7660,0.006707
opt-gd,hot,8,144,2.4120,0.006025
opt-gd,hot,8,150,2.5066,0.006025
opt-gd,hot,8,153,2.5506,0.006025
opt-gd,hot,8,154,2.5660,0.006025
opt-gd,hot,8,188,3.0881,0.006025
opt-gd,hot,8,250,4.1408,0.006025
opt-gd,hot,8,287,4.7216,0.005296
opt-gd,hot,8,288,4.7437,0.005296
opt-gd,hot,8,294,4.8787,0.005296
opt-gd,hot,8,319,5.4314,0.005296
opt-gd,hot,8,331,5.7142,0.005296
opt-gd,hot,8,332,5.7362,0.005296
opt-gd,hot,8,341,5.9387,0.005296
opt-gd,hot,8,363,6.4225,0.005296
opt-gd,hot,8,409,7.3343,0.005296
opt-gd,hot,8,430,7.6769,0.004858
opt-gd,hot,8,431,7.6929,0.004858
opt-gd,hot,8,433,7.7236,0.004858
opt-gd,hot,8,434,7.7395,0.004858
opt-gd,hot,8,465,8.2409,0.004858
opt-gd,hot,8,480,8.5078,0.004858
opt-gd,hot,8,513,9.0301,0.004858
opt-gd,hot,8,520,9.1519,0.004858
opt-gd,hot,8,573,10.0127,0.004426
opt-gd,hot,8,574,10.0374,0.004426
opt-gd,hot,8,582,10.1788,0.004426
opt-gd,hot,8,583,10.1953,0.004426
opt-gd,hot,8,598,10.4333,0.004426
opt-gd,hot,8,599,10.4502,0.004426
opt-gd,hot,8,623,10.8217,0.004426
opt-gd,hot,8,645,11.1646,0.004426
opt-gd,hot,8,647,11.1961,0.004426
opt-gd,hot,8,691,11.8848,0.004426
opt-gd,hot,8,705,12.0930,0.004426
opt-gd,hot,8,716,12.3462,0.004242
opt-gd,hot,8,717,12.3628,0.004242
opt-gd,hot,8,718,12.3796,0.004242
opt-gd,hot,8,725,12.4934,0.004242
opt-gd,hot,8,726,12.5090,0.004242
opt-gd,hot,8,734,12.6347,0.004242
opt-gd,hot,8,742,12.7534,0.004242
opt-gd,hot,8,753,12.9128,0.004242
opt-gd,hot,8,834,14.1357,0.004242
opt-gd,hot,8,859,14.6171,0.003999
opt-gd,hot,8,860,14.6348,0.003999
opt-gd,hot,8,861,14.6511,0.003999
opt-gd,hot,8,877,14.8922,0.003999
opt-gd,hot,8,897,15.1916,0.003999
opt-gd,hot,8,1145,19.0172,0.003952
opt-gd,hot,8,1146,19.0380,0.003952
opt-gd,hot,8,1155,19.2064,0.003952
opt-gd,hot,8,1163,19.3319,0.003952
opt-gd,hot,8,1207,20.0055,0.003952
opt-gd,hot,8,1229,20.3561,0.003952
opt-gd,hot,8,1288,21.3293,0.003899
opt-gd,hot,8,1289,21.3455,0.003899
opt-gd,hot,8,1298,21.4830,0.003899
opt-gd,hot,8,1306,21.6110,0.003899
opt-gd,hot,8,1350,22.2725,0.003899
opt-gd,hot,8,1431,23.6170,0.003811
opt-gd,hot,8,1432,23.6549,0.003811
opt-gd,hot,8,1441,23.8064,0.003811
opt-gd,hot,8,1468,24.2208,0.003811
opt-gd,hot,8,1515,24.9306,0.003811
opt-gd,hot,8,1574,25.9335,0.003742
opt-gd,hot,8,1577,25.9833,0.003742
opt-gd,hot,8,1578,26.0000,0.003742
opt-gd,hot,8,1584,26.0951,0.003742
opt-gd,hot,8,1612,26.5119,0.003742
opt-gd,hot,8,1717,28.1720,0.003671
opt-gd,hot,8,1718,28.2047,0.003671
opt-gd,hot,8,1721,28.2612,0.003671
opt-gd,hot,8,1725,28.3206,0.003671
opt-gd,hot,8,1727,28.3488,0.003671
opt-gd,hot,8,1735,28.4655,0.003671
opt-gd,hot,8,1792,29.3714,0.003671
opt-gd,hot,8,1793,29.3866,0.003671
opt-gd,hot,8,1860,30.4371,0.003608
opt-gd,hot,8,1864,30.5320,0.003608
opt-gd,hot,8,1870,30.6259,0.003608
opt-gd,hot,8,1878,30.7502,0.003608
opt-gd,hot,8,1936,31.6299,0.003608
opt-gd,hot,8,1950,31.8423,0.003608
opt-gd,hot,9,0,0.0000,0.006677
opt-gd,hot,9,4,0.0840,0.006677
opt-gd,hot,9,5,0.1012,0.006677
opt-gd,hot,9,11,0.2037,0.006677
opt-gd,hot,9,40,0.6898,0.006677
opt-gd,hot,9,60,1.0134,0.006677
opt-gd,hot,9,69,1.1505,0.006677
opt-gd,hot,9,291,4.7465,0.006648
opt-gd,hot,9,294,4.7993,0.006648
opt-gd,hot,9,295,4.8186,0.006648
opt-gd,hot,9,301,4.9111,0.006648
opt-gd,hot,9,330,5.3707,0.006648
opt-gd,hot,9,350,5.6690,0.006648
opt-gd,hot,9,359,5.8036,0.006648
opt-gd,hot,9,436,7.0169,0.006489
opt-gd,hot,9,437,7.0339,0.006489
opt-gd,hot,9,440,7.0773,0.006489
opt-gd,hot,9,446,7.1675,0.006489
opt-gd,hot,9,514,8.2720,0.006489
opt-gd,hot,9,726,11.5812,0.006395
opt-gd,hot,9,727,11.5959,0.006395
opt-gd,hot,9,730,11.6422,0.006395
opt-gd,hot,9,736,11.7283,0.006395
opt-gd,hot,9,804,12.7514,0.006395
opt-gd,hot,9,858,13.5834,0.006395
opt-gd,hot,9,1016,15.9401,0.006380
opt-gd,hot,9,1017,15.9550,0.006380
opt-gd,hot,9,1020,15.9988,0.006380
opt-gd,hot,9,1026,16.0895,0.006380
opt-gd,hot,9,1094,17.0946,0.006380
opt-gd,hot,9,1148,17.8645,0.006380
opt-gd,hot,9,1306,20.2198,0.006374
opt-gd,hot,9,1307,20.2350,0.006374
opt-gd,hot,9,1310,20.2783,0.006374
opt-gd,hot,9,1316,20.3637,0.006374
opt-gd,hot,9,1384,21.3742,0.006374
opt-gd,hot,9,1438,22.1662,0.006374
opt-gd,hot,9,1596,24.5044,0.006371
opt-gd,hot,9,1597,24.5197,0.006371
opt-gd,hot,9,1600,24.5631,0.006371
opt-gd,hot,9,1606,24.6479,0.006371
opt-gd,hot,9,1674,25.7762,0.006371
opt-gd,hot,9,1726,26.5850,0.006371
opt-gd,hot,9,1728,26.6153,0.006371
opt-gd,hot,9,1886,29.0125,0.006370
opt-gd,hot,9,1887,29.0293,0.006370
opt-gd,hot,9,1890,29.0758,0.006370
opt-gd,hot,9,1896,29.1657,0.006370
opt-gd,hot,9,1964,30.3421,0.006370
none,cold,0,0,0.0000,0.006495
none,cold,1,0,0.0000,0.006025
none,cold,2,0,0.0000,0.006439
none,cold,3,0,0.0000,0.006382
none,cold,4,0,0.0000,0.006222
none,cold,5,0,0.0000,0.006533
none,cold,6,0,0.0000,0.005782
none,cold,7,0,0.0000,0.005357
none,cold,8,0,0.0000,0.006406
none,cold,9,0,0.0000,0.006225
scipy-lbfgsb,cold,0,0,0.0000,0.006495
scipy-lbfgsb,cold,0,3,0.0646,0.006495
scipy-lbfgsb,cold,0,5,0.0942,0.006495
scipy-lbfgsb,cold,0,13,0.2181,0.006495
scipy-lbfgsb,cold,0,17,0.2809,0.006495
scipy-lbfgsb,cold,0,18,0.2961,0.006495
scipy-lbfgsb,cold,0,22,0.3523,0.006495
scipy-lbfgsb,cold,0,23,0.3664,0.006495
scipy-lbfgsb,cold,0,40,0.6302,0.006495
scipy-lbfgsb,cold,0,57,0.8951,0.006495
scipy-lbfgsb,cold,0,58,0.9123,0.006495
scipy-lbfgsb,cold,0,146,2.2964,0.006471
scipy-lbfgsb,cold,0,148,2.3282,0.006471
scipy-lbfgsb,cold,0,150,2.3560,0.006471
scipy-lbfgsb,cold,0,158,2.4730,0.006471
scipy-lbfgsb,cold,0,162,2.5296,0.006471
scipy-lbfgsb,cold,0,163,2.5436,0.006471
scipy-lbfgsb,cold,0,167,2.5969,0.006471
scipy-lbfgsb,cold,0,168,2.6101,0.006471
scipy-lbfgsb,cold,0,185,2.8734,0.006471
scipy-lbfgsb,cold,0,202,3.1537,0.006471
scipy-lbfgsb,cold,0,203,3.1682,0.006471
scipy-lbfgsb,cold,0,291,4.7952,0.006445
scipy-lbfgsb,cold,0,293,4.8309,0.006445
scipy-lbfgsb,cold,0,295,4.8661,0.006445
scipy-lbfgsb,cold,0,303,4.9945,0.006445
scipy-lbfgsb,cold,0,307,5.0625,0.006445
scipy-lbfgsb,cold,0,308,5.0781,0.006445
scipy-lbfgsb,cold,0,312,5.1441,0.006445
scipy-lbfgsb,cold,0,313,5.1580,0.006445
scipy-lbfgsb,cold,0,330,5.4329,0.006445
scipy-lbfgsb,cold,0,347,5.7055,0.006445
scipy-lbfgsb,cold,0,348,5.7278,0.006445
scipy-lbfgsb,cold,0,436,7.3830,0.006332
scipy-lbfgsb,cold,0,438,7.4204,0.006332
scipy-lbfgsb,cold,0,440,7.4547,0.006332
scipy-lbfgsb,cold,0,453,7.6631,0.006332
scipy-lbfgsb,cold,0,457,7.7215,0.006332
scipy-lbfgsb,cold,0,458,7.7356,0.006332
scipy-lbfgsb,cold,0,475,7.9964,0.006331
scipy-lbfgsb,cold,0,492,8.2598,0.006331
scipy-lbfgsb,cold,0,493,8.2739,0.006331
scipy-lbfgsb,cold,0,581,9.5576,0.005945
scipy-lbfgsb,cold,0,583,9.5877,0.005945
scipy-lbfgsb,cold,0,585,9.6166,0.005945
scipy-lbfgsb,cold,0,598,9.8171,0.005945
scipy-lbfgsb,cold,0,602,9.8939,0.005945
scipy-lbfgsb,cold,0,603,9.9092,0.005945
scipy-lbfgsb,cold,0,620,10.1596,0.005945
scipy-lbfgsb,cold,0,637,10.3923,0.005945
scipy-lbfgsb,cold,0,638,10.4063,0.005945
scipy-lbfgsb,cold,0,726,11.6518,0.005445
scipy-lbfgsb,cold,0,728,11.6786,0.005445
scipy-lbfgsb,cold,0,730,11.7066,0.005445
scipy-lbfgsb,cold,0,750,11.9777,0.005445
scipy-lbfgsb,cold,0,752,12.0035,0.005445
scipy-lbfgsb,cold,0,753,12.0162,0.005445
scipy-lbfgsb,cold,0,754,12.0289,0.005445
scipy-lbfgsb,cold,0,765,12.1725,0.005445
scipy-lbfgsb,cold,0,796,12.6028,0.005445
scipy-lbfgsb,cold,0,871,13.6285,0.005435
scipy-lbfgsb,cold,0,872,13.6423,0.005435
scipy-lbfgsb,cold,0,874,13.6685,0.005435
scipy-lbfgsb,cold,0,878,13.7259,0.005435
scipy-lbfgsb,cold,0,895,13.9659,0.005435
scipy-lbfgsb,cold,0,897,13.9955,0.005435
scipy-lbfgsb,cold,0,898,14.0115,0.005435
scipy-lbfgsb,cold,0,899,14.0261,0.005435
scipy-lbfgsb,cold,0,911,14.2107,0.005435
scipy-lbfgsb,cold,0,941,14.7909,0.005435
scipy-lbfgsb,cold,0,1016,16.0742,0.005312
scipy-lbfgsb,cold,0,1017,16.0984,0.005312
scipy-lbfgsb,cold,0,1019,16.1461,0.005312
scipy-lbfgsb,cold,0,1023,16.2012,0.005312
scipy-lbfgsb,cold,0,1040,16.4919,0.005312
scipy-lbfgsb,cold,0,1042,16.5253,0.005312
scipy-lbfgsb,cold,0,1043,16.5451,0.005312
scipy-lbfgsb,cold,0,1044,16.5600,0.005312
scipy-lbfgsb,cold,0,1056,16.7393,0.005312
scipy-lbfgsb,cold,0,1161,18.2751,0.005229
scipy-lbfgsb,cold,0,1162,18.2988,0.005229
scipy-lbfgsb,cold,0,1164,18.3486,0.005229
scipy-lbfgsb,cold,0,1168,18.4039,0.005229
scipy-lbfgsb,cold,0,1185,18.6539,0.005229
scipy-lbfgsb,cold,0,1187,18.6831,0.005229
scipy-lbfgsb,cold,0,1188,18.6965,0.005229
scipy-lbfgsb,cold,0,1230,19.2979,0.005229
scipy-lbfgsb,cold,0,1306,20.4103,0.005123
scipy-lbfgsb,cold,0,1307,20.4342,0.005123
scipy-lbfgsb,cold,0,1309,20.4835,0.005123
scipy-lbfgsb,cold,0,1313,20.5378,0.005123
scipy-lbfgsb,cold,0,1330,20.8644,0.005123
scipy-lbfgsb,cold,0,1332,20.8902,0.005123
scipy-lbfgsb,cold,0,1333,20.9048,0.005123
scipy-lbfgsb,cold,0,1596,25.1269,0.004910
scipy-lbfgsb,cold,0,1597,25.1427,0.004910
scipy-lbfgsb,cold,0,1599,25.1744,0.004910
scipy-lbfgsb,cold,0,1603,25.2380,0.004910
scipy-lbfgsb,cold,0,1620,25.4975,0.004910
scipy-lbfgsb,cold,0,1622,25.5275,0.004910
scipy-lbfgsb,cold,0,1623,25.5417,0.004910
scipy-lbfgsb,cold,0,1634,25.7006,0.004910
scipy-lbfgsb,cold,0,1636,25.7300,0.004910
scipy-lbfgsb,cold,0,1665,26.1638,0.004910
scipy-lbfgsb,cold,0,1686,26.5131,0.004910
scipy-lbfgsb,cold,0,1886,29.6735,0.004882
scipy-lbfgsb,cold,0,1887,29.6896,0.004882
scipy-lbfgsb,cold,0,1889,29.7220,0.004882
scipy-lbfgsb,cold,0,1893,29.7842,0.004882
scipy-lbfgsb,cold,0,1910,30.0445,0.004882
scipy-lbfgsb,cold,0,1912,30.0744,0.004882
scipy-lbfgsb,cold,0,1913,30.0904,0.004882
scipy-lbfgsb,cold,0,1924,30.2510,0.004882
scipy-lbfgsb,cold,0,1955,30.6929,0.004882
scipy-lbfgsb,cold,1,0,0.0000,0.006025
scipy-lbfgsb,cold,1,3,0.0625,0.006025
scipy-lbfgsb,cold,1,30,0.4988,0.006025
scipy-lbfgsb,cold,1,32,0.5315,0.006025
scipy-lbfgsb,cold,1,35,0.5791,0.006025
scipy-lbfgsb,cold,1,41,0.6743,0.006025
scipy-lbfgsb,cold,1,53,0.8495,0.006025
scipy-lbfgsb,cold,1,98,1.5198,0.006024
scipy-lbfgsb,cold,1,144,2.3135,0.006023
scipy-lbfgsb,cold,1,146,2.3595,0.006023
scipy-lbfgsb,cold,1,173,2.8025,0.006023
scipy-lbfgsb,cold,1,175,2.8329,0.006023
scipy-lbfgsb,cold,1,178,2.8781,0.006023
scipy-lbfgsb,cold,1,179,2.8933,0.006023
scipy-lbfgsb,cold,1,184,2.9681,0.006023
scipy-lbfgsb,cold,1,196,3.1477,0.006023
scipy-lbfgsb,cold,1,241,3.9576,0.006023
scipy-lbfgsb,cold,1,287,4.6526,0.005878
scipy-lbfgsb,cold,1,288,4.6689,0.005878
scipy-lbfgsb,cold,1,289,4.6845,0.005878
scipy-lbfgsb,cold,1,298,4.8173,0.005878
scipy-lbfgsb,cold,1,300,4.8465,0.005878
scipy-lbfgsb,cold,1,301,4.8616,0.005878
scipy-lbfgsb,cold,1,320,5.1341,0.005878
scipy-lbfgsb,cold,1,385,6.1961,0.005878
scipy-lbfgsb,cold,1,430,6.9559,0.005811
scipy-lbfgsb,cold,1,431,6.9706,0.005811
scipy-lbfgsb,cold,1,440,7.0976,0.005811
scipy-lbfgsb,cold,1,528,8.4791,0.005811
scipy-lbfgsb,cold,1,573,9.1675,0.005650
scipy-lbfgsb,cold,1,574,9.1914,0.005650
scipy-lbfgsb,cold,1,582,9.3292,0.005650
scipy-lbfgsb,cold,1,606,9.7019,0.005650
scipy-lbfgsb,cold,1,611,9.7765,0.005650
scipy-lbfgsb,cold,1,671,10.7024,0.005650
scipy-lbfgsb,cold,1,716,11.4156,0.005557
scipy-lbfgsb,cold,1,717,11.4396,0.005557
scipy-lbfgsb,cold,1,725,11.5783,0.005557
scipy-lbfgsb,cold,1,749,11.9468,0.005557
scipy-lbfgsb,cold,1,813,12.8961,0.005557
scipy-lbfgsb,cold,1,859,13.6922,0.005422
scipy-lbfgsb,cold,1,860,13.7070,0.005422
scipy-lbfgsb,cold,1,861,13.7225,0.005422
scipy-lbfgsb,cold,1,868,13.8248,0.005421
scipy-lbfgsb,cold,1,869,13.8398,0.005421
scipy-lbfgsb,cold,1,1288,20.4434,0.005287
scipy-lbfgsb,cold,1,1290,20.4729,0.005287
scipy-lbfgsb,cold,1,1298,20.5884,0.005287
scipy-lbfgsb,cold,1,1321,20.9132,0.005287
scipy-lbfgsb,cold,1,1325,20.9708,0.005287
scipy-lbfgsb,cold,1,1385,21.8175,0.005287
scipy-lbfgsb,cold,1,1431,22.4914,0.005261
scipy-lbfgsb,cold,1,1433,22.5225,0.005261
scipy-lbfgsb,cold,1,1441,22.6406,0.005261
scipy-lbfgsb,cold,2,0,0.0000,0.006439
scipy-lbfgsb,cold,2,2,0.0478,0.006439
scipy-lbfgsb,cold,2,3,0.0616,0.006439
scipy-lbfgsb,cold,2,9,0.1485,0.006439
scipy-lbfgsb,cold,2,58,0.8693,0.006439
scipy-lbfgsb,cold,2,60,0.8974,0.006439
scipy-lbfgsb,cold,2,74,1.1062,0.006439
scipy-lbfgsb,cold,2,76,1.1355,0.006439
scipy-lbfgsb,cold,2,128,1.8949,0.006439
scipy-lbfgsb,cold,2,143,2.1144,0.006439
scipy-lbfgsb,cold,2,146,2.1565,0.006416
scipy-lbfgsb,cold,2,147,2.1705,0.006416
scipy-lbfgsb,cold,2,148,2.1850,0.006416
scipy-lbfgsb,cold,2,154,2.2769,0.006416
scipy-lbfgsb,cold,2,203,3.0119,0.006416
scipy-lbfgsb,cold,2,205,3.0424,0.006416
scipy-lbfgsb,cold,2,219,3.2554,0.006416
scipy-lbfgsb,cold,2,221,3.2858,0.006416
scipy-lbfgsb,cold,2,273,4.0302,0.006416
scipy-lbfgsb,cold,2,288,4.2530,0.006416
scipy-lbfgsb,cold,2,291,4.2971,0.005885
scipy-lbfgsb,cold,2,293,4.3256,0.005885
scipy-lbfgsb,cold,2,348,5.1114,0.005885
scipy-lbfgsb,cold,2,350,5.1394,0.005885
scipy-lbfgsb,cold,2,364,5.3374,0.005885
scipy-lbfgsb,cold,2,422,6.2005,0.005883
scipy-lbfgsb,cold,2,436,6.4160,0.005684
scipy-lbfgsb,cold,2,438,6.4479,0.005684
scipy-lbfgsb,cold,2,493,7.2880,0.005684
scipy-lbfgsb,cold,2,495,7.3161,0.005684
scipy-lbfgsb,cold,2,509,7.5274,0.005684
scipy-lbfgsb,cold,2,567,8.3984,0.005684
scipy-lbfgsb,cold,2,581,8.6242,0.005673
scipy-lbfgsb,cold,2,583,8.6726,0.005673
scipy-lbfgsb,cold,2,638,9.4944,0.005672
scipy-lbfgsb,cold,2,640,9.5240,0.005672
scipy-lbfgsb,cold,2,654,9.7218,0.005672
scipy-lbfgsb,cold,2,713,10.5812,0.005672
scipy-lbfgsb,cold,2,726,10.7757,0.005634
scipy-lbfgsb,cold,2,728,10.8057,0.005634
scipy-lbfgsb,cold,2,783,11.6590,0.005634
scipy-lbfgsb,cold,2,785,11.6880,0.005634
scipy-lbfgsb,cold,2,799,11.9056,0.005634
scipy-lbfgsb,cold,2,854,12.7355,0.005634
scipy-lbfgsb,cold,2,858,12.7926,0.005633
scipy-lbfgsb,cold,2,1161,18.1279,0.005512
scipy-lbfgsb,cold,2,1163,18.1590,0.005512
scipy-lbfgsb,cold,2,1218,18.9662,0.005512
scipy-lbfgsb,cold,2,1220,18.9954,0.005512
scipy-lbfgsb,cold,2,1251,19.4606,0.005512
scipy-lbfgsb,cold,2,1273,19.8080,0.005512
scipy-lbfgsb,cold,2,1289,20.0399,0.005512
scipy-lbfgsb,cold,2,1292,20.0866,0.005512
scipy-lbfgsb,cold,2,1596,24.7577,0.005479
scipy-lbfgsb,cold,2,1598,24.7877,0.005479
scipy-lbfgsb,cold,2,1653,25.6217,0.005479
scipy-lbfgsb,cold,2,1655,25.6519,0.005479
scipy-lbfgsb,cold,2,1686,26.1139,0.005479
scipy-lbfgsb,cold,2,1708,26.4394,0.005479
scipy-lbfgsb,cold,2,1724,26.6727,0.005479
scipy-lbfgsb,cold,2,1727,26.7185,0.005479
scipy-lbfgsb,cold,2,1886,29.1597,0.005465
scipy-lbfgsb,cold,2,1888,29.1894,0.005465
scipy-lbfgsb,cold,2,1943,30.0018,0.005465
scipy-lbfgsb,cold,2,1945,30.0306,0.005465
scipy-lbfgsb,cold,2,1972,30.4127,0.005465
scipy-lbfgsb,cold,2,1976,30.4682,0.005465
scipy-lbfgsb,cold,2,1977,30.4825,0.005465
scipy-lbfgsb,cold,3,0,0.0000,0.006382
scipy-lbfgsb,cold,3,4,0.0822,0.006382
scipy-lbfgsb,cold,3,10,0.1744,0.006382
scipy-lbfgsb,cold,3,26,0.4083,0.006382
scipy-lbfgsb,cold,3,27,0.4218,0.006382
scipy-lbfgsb,cold,3,59,0.8844,0.006382
scipy-lbfgsb,cold,3,64,0.9674,0.006381
scipy-lbfgsb,cold,3,142,2.1490,0.006282
scipy-lbfgsb,cold,3,145,2.1932,0.006282
scipy-lbfgsb,cold,3,151,2.2779,0.006282
scipy-lbfgsb,cold,3,155,2.3364,0.006282
scipy-lbfgsb,cold,3,167,2.5211,0.006282
scipy-lbfgsb,cold,3,168,2.5360,0.006282
scipy-lbfgsb,cold,3,205,3.0795,0.006282
scipy-lbfgsb,cold,3,283,4.3405,0.006118
scipy-lbfgsb,cold,3,296,4.5264,0.006118
scipy-lbfgsb,cold,3,308,4.6920,0.006118
scipy-lbfgsb,cold,3,347,5.2516,0.006118
scipy-lbfgsb,cold,3,424,6.3722,0.005852
scipy-lbfgsb,cold,3,435,6.5431,0.005852
scipy-lbfgsb,cold,3,453,6.8000,0.005852
scipy-lbfgsb,cold,3,455,6.8271,0.005852
scipy-lbfgsb,cold,3,469,7.0319,0.005852
scipy-lbfgsb,cold,3,475,7.1200,0.005852
scipy-lbfgsb,cold,3,485,7.2647,0.005851
scipy-lbfgsb,cold,3,565,8.4652,0.005782
scipy-lbfgsb,cold,3,576,8.6553,0.005782
scipy-lbfgsb,cold,3,590,8.8720,0.005782
scipy-lbfgsb,cold,3,591,8.8860,0.005782
scipy-lbfgsb,cold,3,610,9.1454,0.005782
scipy-lbfgsb,cold,3,616,9.2255,0.005782
scipy-lbfgsb,cold,3,629,9.4060,0.005782
scipy-lbfgsb,cold,3,655,9.7818,0.005781
scipy-lbfgsb,cold,3,706,10.5295,0.005667
scipy-lbfgsb,cold,3,717,10.7178,0.005667
scipy-lbfgsb,cold,3,731,10.9220,0.005667
scipy-lbfgsb,cold,3,732,10.9354,0.005667
scipy-lbfgsb,cold,3,757,11.3019,0.005667
scipy-lbfgsb,cold,3,770,11.4915,0.005667
scipy-lbfgsb,cold,3,796,11.8587,0.005667
scipy-lbfgsb,cold,3,988,14.6785,0.005535
scipy-lbfgsb,cold,3,999,14.8418,0.005535
scipy-lbfgsb,cold,3,1013,15.0435,0.005535
scipy-lbfgsb,cold,3,1028,15.2512,0.005535
scipy-lbfgsb,cold,3,1033,15.3250,0.005535
scipy-lbfgsb,cold,3,1039,15.4100,0.005535
scipy-lbfgsb,cold,3,1042,15.4525,0.005535
scipy-lbfgsb,cold,3,1129,16.7255,0.005460
scipy-lbfgsb,cold,3,1140,16.9212,0.005460
scipy-lbfgsb,cold,3,1163,17.2627,0.005460
scipy-lbfgsb,cold,3,1169,17.3477,0.005460
scipy-lbfgsb,cold,3,1174,17.4275,0.005460
scipy-lbfgsb,cold,3,1180,17.5264,0.005460
scipy-lbfgsb,cold,3,1183,17.5764,0.005460
scipy-lbfgsb,cold,3,1191,17.6964,0.005460
scipy-lbfgsb,cold,3,1270,19.0180,0.005422
scipy-lbfgsb,cold,3,1281,19.2107,0.005422
scipy-lbfgsb,cold,3,1304,19.5505,0.005422
scipy-lbfgsb,cold,3,1315,19.7450,0.005422
scipy-lbfgsb,cold,3,1321,19.8339,0.005422
scipy-lbfgsb,cold,3,1324,19.8846,0.005422
scipy-lbfgsb,cold,3,1331,19.9940,0.005422
scipy-lbfgsb,cold,3,1332,20.0084,0.005422
scipy-lbfgsb,cold,3,1411,21.2174,0.005360
scipy-lbfgsb,cold,3,1422,21.4042,0.005360
scipy-lbfgsb,cold,3,1436,21.6162,0.005360
scipy-lbfgsb,cold,3,1445,21.7425,0.005360
scipy-lbfgsb,cold,3,1456,21.8974,0.005360
scipy-lbfgsb,cold,3,1462,21.9834,0.005360
scipy-lbfgsb,cold,3,1468,22.0672,0.005360
scipy-lbfgsb,cold,3,1472,22.1228,0.005360
scipy-lbfgsb,cold,3,1693,25.7951,0.005320
scipy-lbfgsb,cold,3,1704,26.0027,0.005320
scipy-lbfgsb,cold,3,1718,26.2457,0.005320
scipy-lbfgsb,cold,3,1744,26.6844,0.005320
scipy-lbfgsb,cold,3,1750,26.7688,0.005320
scipy-lbfgsb,cold,3,1756,26.8510,0.005320
scipy-lbfgsb,cold,3,1757,26.8657,0.005320
scipy-lbfgsb,cold,3,1834,27.9049,0.005266
scipy-lbfgsb,cold,3,1845,28.0869,0.005266
scipy-lbfgsb,cold,3,1864,28.3458,0.005266
scipy-lbfgsb,cold,3,1868,28.4015,0.005266
scipy-lbfgsb,cold,3,1879,28.5464,0.005266
scipy-lbfgsb,cold,3,1885,28.6249,0.005266
scipy-lbfgsb,cold,3,1891,28.7124,0.005266
scipy-lbfgsb,cold,3,1897,28.8008,0.005266
scipy-lbfgsb,cold,3,1898,28.8151,0.005266
scipy-lbfgsb,cold,3,1975,29.8849,0.005183
scipy-lbfgsb,cold,3,1977,29.9338,0.005183
scipy-lbfgsb,cold,3,1980,29.9832,0.005183
scipy-lbfgsb,cold,3,1981,29.9954,0.005183
scipy-lbfgsb,cold,3,1982,30.0077,0.005183
scipy-lbfgsb,cold,3,1986,30.0582,0.005183
scipy-lbfgsb,cold,4,0,0.0000,0.006222
scipy-lbfgsb,cold,4,2,0.0427,0.006222
scipy-lbfgsb,cold,4,4,0.0715,0.006222
scipy-lbfgsb,cold,4,11,0.1674,0.006222
scipy-lbfgsb,cold,4,17,0.2579,0.006222
scipy-lbfgsb,cold,4,33,0.5400,0.006222
scipy-lbfgsb,cold,4,34,0.5537,0.006222
scipy-lbfgsb,cold,4,41,0.6516,0.006222
scipy-lbfgsb,cold,4,43,0.6860,0.006222
scipy-lbfgsb,cold,4,146,2.2506,0.006188
scipy-lbfgsb,cold,4,147,2.2641,0.006188
scipy-lbfgsb,cold,4,149,2.2904,0.006188
scipy-lbfgsb,cold,4,156,2.3826,0.006188
scipy-lbfgsb,cold,4,162,2.4734,0.006188
scipy-lbfgsb,cold,4,178,2.6974,0.006188
scipy-lbfgsb,cold,4,179,2.7110,0.006188
scipy-lbfgsb,cold,4,186,2.8049,0.006188
scipy-lbfgsb,cold,4,188,2.8310,0.006188
scipy-lbfgsb,cold,4,291,4.3262,0.005283
scipy-lbfgsb,cold,4,292,4.3419,0.005283
scipy-lbfgsb,cold,4,294,4.3729,0.005283
scipy-lbfgsb,cold,4,301,4.4826,0.005283
scipy-lbfgsb,cold,4,307,4.5714,0.005283
scipy-lbfgsb,cold,4,322,4.7835,0.005283
scipy-lbfgsb,cold,4,356,5.2687,0.005283
scipy-lbfgsb,cold,4,436,6.6417,0.005181
scipy-lbfgsb,cold,4,437,6.6556,0.005181
scipy-lbfgsb,cold,4,439,6.6832,0.005181
scipy-lbfgsb,cold,4,446,6.7813,0.005181
scipy-lbfgsb,cold,4,452,6.8799,0.005181
scipy-lbfgsb,cold,4,467,7.1376,0.005181
scipy-lbfgsb,cold,4,581,8.9013,0.005033
scipy-lbfgsb,cold,4,582,8.9249,0.005033
scipy-lbfgsb,cold,4,584,8.9729,0.005033
scipy-lbfgsb,cold,4,591,9.1094,0.005033
scipy-lbfgsb,cold,4,597,9.2034,0.005033
scipy-lbfgsb,cold,4,614,9.4541,0.005033
scipy-lbfgsb,cold,4,619,9.5256,0.005033
scipy-lbfgsb,cold,4,649,9.9354,0.005033
scipy-lbfgsb,cold,4,726,11.1406,0.004922
scipy-lbfgsb,cold,4,727,11.1660,0.004922
scipy-lbfgsb,cold,4,729,11.2124,0.004922
scipy-lbfgsb,cold,4,736,11.3043,0.004922
scipy-lbfgsb,cold,4,742,11.3874,0.004922
scipy-lbfgsb,cold,4,758,11.6128,0.004922
scipy-lbfgsb,cold,4,871,13.2088,0.004859
scipy-lbfgsb,cold,4,872,13.2328,0.004859
scipy-lbfgsb,cold,4,874,13.2806,0.004859
scipy-lbfgsb,cold,4,881,13.3927,0.004859
scipy-lbfgsb,cold,4,887,13.4784,0.004859
scipy-lbfgsb,cold,4,903,13.7565,0.004859
scipy-lbfgsb,cold,4,1016,15.6733,0.004811
scipy-lbfgsb,cold,4,1017,15.6968,0.004811
scipy-lbfgsb,cold,4,1019,15.7448,0.004811
scipy-lbfgsb,cold,4,1026,15.8437,0.004811
scipy-lbfgsb,cold,4,1032,15.9259,0.004811
scipy-lbfgsb,cold,4,1048,16.1436,0.004811
scipy-lbfgsb,cold,4,1055,16.2385,0.004811
scipy-lbfgsb,cold,4,1057,16.2649,0.004811
scipy-lbfgsb,cold,4,1083,16.6176,0.004811
scipy-lbfgsb,cold,4,1161,17.7205,0.004714
scipy-lbfgsb,cold,4,1162,17.7446,0.004714
scipy-lbfgsb,cold,4,1164,17.7926,0.004714
scipy-lbfgsb,cold,4,1171,17.9063,0.004714
scipy-lbfgsb,cold,4,1177,18.0129,0.004714
scipy-lbfgsb,cold,4,1192,18.2684,0.004714
scipy-lbfgsb,cold,4,1228,18.7749,0.004713
scipy-lbfgsb,cold,4,1306,19.8928,0.004631
scipy-lbfgsb,cold,4,1307,19.9329,0.004631
scipy-lbfgsb,cold,4,1309,19.9765,0.004631
scipy-lbfgsb,cold,4,1316,20.0913,0.004631
scipy-lbfgsb,cold,4,1322,20.1744,0.004631
scipy-lbfgsb,cold,4,1337,20.3792,0.004631
scipy-lbfgsb,cold,4,1451,21.9685,0.004574
scipy-lbfgsb,cold,4,1452,21.9925,0.004574
scipy-lbfgsb,cold,4,1454,22.0416,0.004574
scipy-lbfgsb,cold,4,1461,22.1357,0.004574
scipy-lbfgsb,cold,4,1467,22.2162,0.004574
scipy-lbfgsb,cold,4,1482,22.4315,0.004574
scipy-lbfgsb,cold,4,1586,24.1112,0.004574
scipy-lbfgsb,cold,4,1596,24.2942,0.004523
scipy-lbfgsb,cold,4,1597,24.3174,0.004523
scipy-lbfgsb,cold,4,1599,24.3655,0.004523
scipy-lbfgsb,cold,4,1606,24.4952,0.004523
scipy-lbfgsb,cold,4,1612,24.6062,0.004523
scipy-lbfgsb,cold,4,1615,24.6589,0.004523
scipy-lbfgsb,cold,4,1628,24.8389,0.004523
scipy-lbfgsb,cold,4,1683,25.5955,0.004523
scipy-lbfgsb,cold,4,1741,26.3886,0.004504
scipy-lbfgsb,cold,4,1742,26.4127,0.004504
scipy-lbfgsb,cold,4,1744,26.4604,0.004504
scipy-lbfgsb,cold,4,1751,26.5555,0.004504
scipy-lbfgsb,cold,4,1757,26.6357,0.004504
scipy-lbfgsb,cold,4,1760,26.6775,0.004504
scipy-lbfgsb,cold,4,1774,26.8678,0.004504
scipy-lbfgsb,cold,4,1808,27.3347,0.004504
scipy-lbfgsb,cold,4,1829,27.6116,0.004504
scipy-lbfgsb,cold,4,1877,28.2727,0.004504
scipy-lbfgsb,cold,4,1886,28.4065,0.004494
scipy-lbfgsb,cold,4,1887,28.4296,0.004494
scipy-lbfgsb,cold,4,1889,28.4775,0.004494
scipy-lbfgsb,cold,4,1896,28.5758,0.004494
scipy-lbfgsb,cold,4,1902,28.6592,0.004494
scipy-lbfgsb,cold,4,1905,28.7023,0.004494
scipy-lbfgsb,cold,4,1918,28.8891,0.004494
scipy-lbfgsb,cold,4,1953,29.3876,0.004494
scipy-lbfgsb,cold,4,1954,29.4006,0.004494
scipy-lbfgsb,cold,4,1974,29.6906,0.004494
scipy-lbfgsb,cold,5,0,0.0000,0.006533
scipy-lbfgsb,cold,5,3,0.0662,0.006533
scipy-lbfgsb,cold,5,111,1.6448,0.006533
scipy-lbfgsb,cold,5,113,1.6732,0.006533
scipy-lbfgsb,cold,5,142,2.1123,0.006525
scipy-lbfgsb,cold,5,144,2.1443,0.006525
scipy-lbfgsb,cold,5,252,3.7290,0.006525
scipy-lbfgsb,cold,5,254,3.7569,0.006525
scipy-lbfgsb,cold,5,283,4.1742,0.006516
scipy-lbfgsb,cold,5,285,4.2027,0.006516
scipy-lbfgsb,cold,5,393,5.8133,0.006516
scipy-lbfgsb,cold,5,395,5.8390,0.006515
scipy-lbfgsb,cold,5,424,6.2270,0.006477
scipy-lbfgsb,cold,5,426,6.2545,0.006477
scipy-lbfgsb,cold,5,534,7.7602,0.006477
scipy-lbfgsb,cold,5,536,7.7884,0.006477
scipy-lbfgsb,cold,5,565,8.2005,0.006330
scipy-lbfgsb,cold,5,567,8.2311,0.006330
scipy-lbfgsb,cold,5,603,8.7386,0.006330
scipy-lbfgsb,cold,5,605,8.7655,0.006330
scipy-lbfgsb,cold,5,675,9.7375,0.006330
scipy-lbfgsb,cold,5,677,9.7659,0.006330
scipy-lbfgsb,cold,5,706,10.1637,0.006034
scipy-lbfgsb,cold,5,711,10.2361,0.006034
scipy-lbfgsb,cold,5,722,10.3815,0.006034
scipy-lbfgsb,cold,5,723,10.3946,0.006034
scipy-lbfgsb,cold,5,724,10.4073,0.006034
scipy-lbfgsb,cold,5,725,10.4210,0.006034
scipy-lbfgsb,cold,5,728,10.4590,0.006034
scipy-lbfgsb,cold,5,736,10.5649,0.006034
scipy-lbfgsb,cold,5,738,10.5932,0.006033
scipy-lbfgsb,cold,5,988,13.9444,0.006030
scipy-lbfgsb,cold,5,995,14.0443,0.006030
scipy-lbfgsb,cold,5,1016,14.3316,0.006030
scipy-lbfgsb,cold,5,1017,14.3450,0.006030
scipy-lbfgsb,cold,5,1018,14.3579,0.006030
scipy-lbfgsb,cold,5,1020,14.3852,0.006029
scipy-lbfgsb,cold,5,1129,15.8929,0.005878
scipy-lbfgsb,cold,5,1134,15.9953,0.005878
scipy-lbfgsb,cold,5,1136,16.0212,0.005878
scipy-lbfgsb,cold,5,1162,16.3813,0.005878
scipy-lbfgsb,cold,5,1164,16.4072,0.005878
scipy-lbfgsb,cold,5,1166,16.4327,0.005878
scipy-lbfgsb,cold,5,1411,19.9486,0.005731
scipy-lbfgsb,cold,5,1416,20.0150,0.005731
scipy-lbfgsb,cold,5,1418,20.0422,0.005731
scipy-lbfgsb,cold,5,1443,20.3770,0.005731
scipy-lbfgsb,cold,5,1444,20.3901,0.005731
scipy-lbfgsb,cold,5,1446,20.4163,0.005731
scipy-lbfgsb,cold,5,1448,20.4453,0.005731
scipy-lbfgsb,cold,5,1484,20.9522,0.005731
scipy-lbfgsb,cold,5,1485,20.9658,0.005731
scipy-lbfgsb,cold,5,1552,22.0023,0.005576
scipy-lbfgsb,cold,5,1553,22.0382,0.005576
scipy-lbfgsb,cold,5,1583,22.5168,0.005576
scipy-lbfgsb,cold,5,1584,22.5307,0.005576
scipy-lbfgsb,cold,5,1590,22.6182,0.005576
scipy-lbfgsb,cold,5,1693,24.2134,0.005407
scipy-lbfgsb,cold,5,1700,24.3307,0.005407
scipy-lbfgsb,cold,5,1728,24.7147,0.005407
scipy-lbfgsb,cold,5,1731,24.7546,0.005407
scipy-lbfgsb,cold,5,1733,24.7947,0.005407
scipy-lbfgsb,cold,5,1766,25.2676,0.005407
scipy-lbfgsb,cold,5,1794,25.6470,0.005407
scipy-lbfgsb,cold,5,1834,26.2095,0.005292
scipy-lbfgsb,cold,5,1841,26.3474,0.005292
scipy-lbfgsb,cold,5,1867,26.8491,0.005292
scipy-lbfgsb,cold,5,1869,26.8778,0.005292
scipy-lbfgsb,cold,5,1871,26.9050,0.005292
scipy-lbfgsb,cold,5,1975,28.3651,0.005252
scipy-lbfgsb,cold,5,1982,28.4917,0.005252
scipy-lbfgsb,cold,5,1991,28.6192,0.005252
scipy-lbfgsb,cold,5,1992,28.6336,0.005252
scipy-lbfgsb,cold,5,1994,28.6626,0.005252
scipy-lbfgsb,cold,5,1997,28.7030,0.005252
scipy-lbfgsb,cold,6,0,0.0000,0.005782
scipy-lbfgsb,cold,6,2,0.0458,0.005782
scipy-lbfgsb,cold,6,10,0.1588,0.005782
scipy-lbfgsb,cold,6,11,0.1736,0.005782
scipy-lbfgsb,cold,6,12,0.1874,0.005782
scipy-lbfgsb,cold,6,26,0.3876,0.005782
scipy-lbfgsb,cold,6,27,0.4031,0.005782
scipy-lbfgsb,cold,6,148,2.1071,0.005768
scipy-lbfgsb,cold,6,149,2.1210,0.005768
scipy-lbfgsb,cold,6,157,2.2324,0.005768
scipy-lbfgsb,cold,6,158,2.2455,0.005768
scipy-lbfgsb,cold,6,159,2.2589,0.005768
scipy-lbfgsb,cold,6,173,2.4425,0.005768
scipy-lbfgsb,cold,6,174,2.4552,0.005768
scipy-lbfgsb,cold,6,295,4.1137,0.005754
scipy-lbfgsb,cold,6,296,4.1285,0.005754
scipy-lbfgsb,cold,6,304,4.2364,0.005754
scipy-lbfgsb,cold,6,305,4.2501,0.005754
scipy-lbfgsb,cold,6,306,4.2631,0.005754
scipy-lbfgsb,cold,6,320,4.4489,0.005754
scipy-lbfgsb,cold,6,321,4.4619,0.005754
scipy-lbfgsb,cold,6,442,6.1159,0.005700
scipy-lbfgsb,cold,6,443,6.1294,0.005700
scipy-lbfgsb,cold,6,451,6.2352,0.005700
scipy-lbfgsb,cold,6,452,6.2483,0.005700
scipy-lbfgsb,cold,6,453,6.2618,0.005700
scipy-lbfgsb,cold,6,467,6.4485,0.005700
scipy-lbfgsb,cold,6,468,6.4616,0.005700
scipy-lbfgsb,cold,6,589,8.0760,0.005621
scipy-lbfgsb,cold,6,590,8.0890,0.005621
scipy-lbfgsb,cold,6,598,8.1928,0.005621
scipy-lbfgsb,cold,6,599,8.2058,0.005621
scipy-lbfgsb,cold,6,600,8.2185,0.005621
scipy-lbfgsb,cold,6,614,8.4051,0.005621
scipy-lbfgsb,cold,6,615,8.4182,0.005621
scipy-lbfgsb,cold,6,625,8.5583,0.005621
scipy-lbfgsb,cold,6,883,12.1011,0.005599
scipy-lbfgsb,cold,6,884,12.1146,0.005599
scipy-lbfgsb,cold,6,892,12.2189,0.005599
scipy-lbfgsb,cold,6,893,12.2329,0.005599
scipy-lbfgsb,cold,6,894,12.2466,0.005599
scipy-lbfgsb,cold,6,908,12.4276,0.005599
scipy-lbfgsb,cold,6,910,12.4525,0.005599
scipy-lbfgsb,cold,6,918,12.5569,0.005599
scipy-lbfgsb,cold,6,919,12.5712,0.005599
scipy-lbfgsb,cold,6,1030,14.0977,0.005592
scipy-lbfgsb,cold,6,1031,14.1108,0.005592
scipy-lbfgsb,cold,6,1039,14.2150,0.005592
scipy-lbfgsb,cold,6,1040,14.2293,0.005592
scipy-lbfgsb,cold,6,1041,14.2415,0.005592
scipy-lbfgsb,cold,6,1055,14.4201,0.005592
scipy-lbfgsb,cold,6,1057,14.4448,0.005592
scipy-lbfgsb,cold,6,1116,15.2170,0.005592
scipy-lbfgsb,cold,6,1177,16.0595,0.005584
scipy-lbfgsb,cold,6,1178,16.0834,0.005584
scipy-lbfgsb,cold,6,1186,16.2102,0.005584
scipy-lbfgsb,cold,6,1187,16.2234,0.005584
scipy-lbfgsb,cold,6,1188,16.2371,0.005584
scipy-lbfgsb,cold,6,1202,16.4254,0.005584
scipy-lbfgsb,cold,6,1204,16.4533,0.005584
scipy-lbfgsb,cold,6,1263,17.2229,0.005584
scipy-lbfgsb,cold,6,1324,18.0475,0.005584
scipy-lbfgsb,cold,6,1325,18.0715,0.005584
scipy-lbfgsb,cold,6,1333,18.2034,0.005584
scipy-lbfgsb,cold,6,1334,18.2182,0.005584
scipy-lbfgsb,cold,6,1335,18.2321,0.005584
scipy-lbfgsb,cold,6,1349,18.5688,0.005584
scipy-lbfgsb,cold,6,1351,18.5969,0.005584
scipy-lbfgsb,cold,6,1360,18.7208,0.005584
scipy-lbfgsb,cold,6,1361,18.7332,0.005584
scipy-lbfgsb,cold,6,1362,18.7470,0.005584
scipy-lbfgsb,cold,6,1471,20.3002,0.005556
scipy-lbfgsb,cold,6,1472,20.3136,0.005556
scipy-lbfgsb,cold,6,1480,20.4171,0.005556
scipy-lbfgsb,cold,6,1481,20.4297,0.005556
scipy-lbfgsb,cold,6,1482,20.4434,0.005556
scipy-lbfgsb,cold,6,1496,20.6318,0.005556
scipy-lbfgsb,cold,6,1498,20.6636,0.005556
scipy-lbfgsb,cold,6,1507,20.7869,0.005556
scipy-lbfgsb,cold,6,1508,20.7998,0.005556
scipy-lbfgsb,cold,6,1509,20.8132,0.005556
scipy-lbfgsb,cold,6,1618,22.3596,0.005528
scipy-lbfgsb,cold,6,1619,22.3725,0.005528
scipy-lbfgsb,cold,6,1627,22.4804,0.005528
scipy-lbfgsb,cold,6,1628,22.4942,0.005528
scipy-lbfgsb,cold,6,1629,22.5093,0.005528
scipy-lbfgsb,cold,6,1643,22.7032,0.005528
scipy-lbfgsb,cold,6,1645,22.7386,0.005528
scipy-lbfgsb,cold,6,1765,24.6365,0.005497
scipy-lbfgsb,cold,6,1766,24.6514,0.005497
scipy-lbfgsb,cold,6,1774,24.7566,0.005497
scipy-lbfgsb,cold,6,1775,24.7704,0.005497
scipy-lbfgsb,cold,6,1776,24.7839,0.005497
scipy-lbfgsb,cold,6,1790,24.9766,0.005497
scipy-lbfgsb,cold,6,1792,25.0031,0.005497
scipy-lbfgsb,cold,6,1912,26.6371,0.005445
scipy-lbfgsb,cold,6,1913,26.6506,0.005445
scipy-lbfgsb,cold,6,1921,26.7551,0.005445
scipy-lbfgsb,cold,6,1922,26.7685,0.005445
scipy-lbfgsb,cold,6,1923,26.7828,0.005445
scipy-lbfgsb,cold,6,1937,26.9708,0.005445
scipy-lbfgsb,cold,6,1939,26.9989,0.005445
scipy-lbfgsb,cold,6,1997,27.7901,0.005445
scipy-lbfgsb,cold,7,0,0.0000,0.005357
scipy-lbfgsb,cold,7,2,0.0429,0.005357
scipy-lbfgsb,cold,7,6,0.0960,0.005357
scipy-lbfgsb,cold,7,27,0.3772,0.005357
scipy-lbfgsb,cold,7,142,1.9099,0.005323
scipy-lbfgsb,cold,7,143,1.9252,0.005323
scipy-lbfgsb,cold,7,147,1.9812,0.005323
scipy-lbfgsb,cold,7,168,2.2674,0.005323
scipy-lbfgsb,cold,7,283,3.7585,0.005268
scipy-lbfgsb,cold,7,284,3.7725,0.005268
scipy-lbfgsb,cold,7,288,3.8224,0.005268
scipy-lbfgsb,cold,7,309,4.0945,0.005268
scipy-lbfgsb,cold,7,424,5.6501,0.005199
scipy-lbfgsb,cold,7,425,5.6631,0.005199
scipy-lbfgsb,cold,7,429,5.7174,0.005199
scipy-lbfgsb,cold,7,450,6.0047,0.005199
scipy-lbfgsb,cold,7,495,6.6187,0.005199
scipy-lbfgsb,cold,7,496,6.6324,0.005198
scipy-lbfgsb,cold,7,565,7.5979,0.004954
scipy-lbfgsb,cold,7,566,7.6132,0.004954
scipy-lbfgsb,cold,7,568,7.6446,0.004954
scipy-lbfgsb,cold,7,590,7.9538,0.004954
scipy-lbfgsb,cold,7,616,8.3235,0.004954
scipy-lbfgsb,cold,7,617,8.3371,0.004954
scipy-lbfgsb,cold,7,706,9.5993,0.004920
scipy-lbfgsb,cold,7,707,9.6134,0.004920
scipy-lbfgsb,cold,7,709,9.6401,0.004919
scipy-lbfgsb,cold,7,749,10.3417,0.004919
scipy-lbfgsb,cold,7,751,10.3681,0.004919
scipy-lbfgsb,cold,7,774,10.6826,0.004919
scipy-lbfgsb,cold,7,778,10.7411,0.004919
scipy-lbfgsb,cold,7,847,11.6646,0.004888
scipy-lbfgsb,cold,7,848,11.6882,0.004888
scipy-lbfgsb,cold,7,850,11.7365,0.004888
scipy-lbfgsb,cold,7,892,12.2873,0.004888
scipy-lbfgsb,cold,7,914,12.5631,0.004887
scipy-lbfgsb,cold,7,988,13.5406,0.004827
scipy-lbfgsb,cold,7,989,13.5647,0.004827
scipy-lbfgsb,cold,7,991,13.6123,0.004827
scipy-lbfgsb,cold,7,1013,13.8975,0.004827
scipy-lbfgsb,cold,7,1039,14.2502,0.004827
scipy-lbfgsb,cold,7,1040,14.2645,0.004827
scipy-lbfgsb,cold,7,1129,15.6008,0.004770
scipy-lbfgsb,cold,7,1130,15.6252,0.004770
scipy-lbfgsb,cold,7,1132,15.6709,0.004770
scipy-lbfgsb,cold,7,1154,16.0405,0.004770
scipy-lbfgsb,cold,7,1174,16.3586,0.004770
scipy-lbfgsb,cold,7,1177,16.4035,0.004770
scipy-lbfgsb,cold,7,1181,16.4641,0.004770
scipy-lbfgsb,cold,7,1411,19.6771,0.004743
scipy-lbfgsb,cold,7,1412,19.6915,0.004743
scipy-lbfgsb,cold,7,1414,19.7202,0.004743
scipy-lbfgsb,cold,7,1456,20.2789,0.004743
scipy-lbfgsb,cold,7,1463,20.3731,0.004743
scipy-lbfgsb,cold,7,1480,20.6028,0.004743
scipy-lbfgsb,cold,7,1552,21.6339,0.004726
scipy-lbfgsb,cold,7,1553,21.7142,0.004726
scipy-lbfgsb,cold,7,1555,21.7515,0.004726
scipy-lbfgsb,cold,7,1597,22.3967,0.004726
scipy-lbfgsb,cold,7,1602,22.4644,0.004726
scipy-lbfgsb,cold,7,1621,22.7553,0.004726
scipy-lbfgsb,cold,7,1693,23.7487,0.004677
scipy-lbfgsb,cold,7,1694,23.7789,0.004677
scipy-lbfgsb,cold,7,1743,24.4629,0.004677
scipy-lbfgsb,cold,7,1834,25.7467,0.004635
scipy-lbfgsb,cold,7,1835,25.7633,0.004634
scipy-lbfgsb,cold,7,1884,26.4259,0.004634
scipy-lbfgsb,cold,7,1901,26.6543,0.004634
scipy-lbfgsb,cold,7,1975,27.7344,0.004558
scipy-lbfgsb,cold,7,1976,27.7497,0.004558
scipy-lbfgsb,cold,8,0,0.0000,0.006406
scipy-lbfgsb,cold,8,6,0.1123,0.006406
scipy-lbfgsb,cold,8,24,0.3717,0.006406
scipy-lbfgsb,cold,8,144,2.1087,0.006394
scipy-lbfgsb,cold,8,149,2.1748,0.006394
scipy-lbfgsb,cold,8,167,2.4179,0.006394
scipy-lbfgsb,cold,8,287,3.9476,0.006382
scipy-lbfgsb,cold,8,292,4.0105,0.006382
scipy-lbfgsb,cold,8,310,4.2502,0.006382
scipy-lbfgsb,cold,8,430,5.8453,0.006370
scipy-lbfgsb,cold,8,440,5.9910,0.006370
scipy-lbfgsb,cold,8,446,6.0715,0.006370
scipy-lbfgsb,cold,8,452,6.1523,0.006370
scipy-lbfgsb,cold,8,453,6.1655,0.006370
scipy-lbfgsb,cold,8,573,7.8028,0.006357
scipy-lbfgsb,cold,8,583,7.9358,0.006357
scipy-lbfgsb,cold,8,589,8.0133,0.006357
scipy-lbfgsb,cold,8,595,8.0936,0.006357
scipy-lbfgsb,cold,8,596,8.1070,0.006357
scipy-lbfgsb,cold,8,716,9.8127,0.006307
scipy-lbfgsb,cold,8,726,10.0034,0.006307
scipy-lbfgsb,cold,8,738,10.1901,0.006307
scipy-lbfgsb,cold,8,739,10.2028,0.006307
scipy-lbfgsb,cold,8,859,11.7980,0.006213
scipy-lbfgsb,cold,8,869,11.9313,0.006213
scipy-lbfgsb,cold,8,881,12.0879,0.006213
scipy-lbfgsb,cold,8,882,12.1008,0.006213
scipy-lbfgsb,cold,8,883,12.1133,0.006213
scipy-lbfgsb,cold,8,1002,13.7341,0.006158
scipy-lbfgsb,cold,8,1012,13.8870,0.006158
scipy-lbfgsb,cold,8,1024,14.0621,0.006158
scipy-lbfgsb,cold,8,1028,14.1157,0.006158
scipy-lbfgsb,cold,8,1029,14.1295,0.006158
scipy-lbfgsb,cold,8,1047,14.3825,0.006158
scipy-lbfgsb,cold,8,1145,15.7769,0.005987
scipy-lbfgsb,cold,8,1155,15.9627,0.005987
scipy-lbfgsb,cold,8,1167,16.1236,0.005987
scipy-lbfgsb,cold,8,1168,16.1372,0.005987
scipy-lbfgsb,cold,8,1288,17.9824,0.005850
scipy-lbfgsb,cold,8,1293,18.0731,0.005850
scipy-lbfgsb,cold,8,1294,18.0938,0.005850
scipy-lbfgsb,cold,8,1311,18.4240,0.005850
scipy-lbfgsb,cold,8,1574,22.0728,0.005754
scipy-lbfgsb,cold,8,1579,22.1395,0.005754
scipy-lbfgsb,cold,8,1597,22.3887,0.005754
scipy-lbfgsb,cold,8,1717,23.9955,0.005644
scipy-lbfgsb,cold,8,1727,24.1592,0.005644
scipy-lbfgsb,cold,8,1740,24.3238,0.005644
scipy-lbfgsb,cold,8,1776,24.7862,0.005644
scipy-lbfgsb,cold,8,1860,25.9786,0.005633
scipy-lbfgsb,cold,8,1865,26.0451,0.005633
scipy-lbfgsb,cold,8,1883,26.2799,0.005633
scipy-lbfgsb,cold,9,0,0.0000,0.006225
scipy-lbfgsb,cold,9,11,0.1588,0.006225
scipy-lbfgsb,cold,9,15,0.2123,0.006225
scipy-lbfgsb,cold,9,20,0.2764,0.006225
scipy-lbfgsb,cold,9,21,0.2888,0.006225
scipy-lbfgsb,cold,9,22,0.3011,0.006225
scipy-lbfgsb,cold,9,23,0.3130,0.006225
scipy-lbfgsb,cold,9,24,0.3255,0.006225
scipy-lbfgsb,cold,9,28,0.3742,0.006224
scipy-lbfgsb,cold,9,146,1.9158,0.006214
scipy-lbfgsb,cold,9,156,2.0472,0.006214
scipy-lbfgsb,cold,9,160,2.1001,0.006214
scipy-lbfgsb,cold,9,165,2.1627,0.006214
scipy-lbfgsb,cold,9,166,2.1754,0.006214
scipy-lbfgsb,cold,9,167,2.1887,0.006214
scipy-lbfgsb,cold,9,168,2.2015,0.006214
scipy-lbfgsb,cold,9,169,2.2141,0.006214
scipy-lbfgsb,cold,9,173,2.2655,0.006214
scipy-lbfgsb,cold,9,291,3.8479,0.006192
scipy-lbfgsb,cold,9,293,3.8754,0.006192
scipy-lbfgsb,cold,9,297,3.9289,0.006192
scipy-lbfgsb,cold,9,310,4.1104,0.006192
scipy-lbfgsb,cold,9,312,4.1374,0.006192
scipy-lbfgsb,cold,9,317,4.2053,0.006192
scipy-lbfgsb,cold,9,436,5.7599,0.005876
scipy-lbfgsb,cold,9,443,5.8508,0.005876
scipy-lbfgsb,cold,9,444,5.8645,0.005876
scipy-lbfgsb,cold,9,446,5.8910,0.005876
scipy-lbfgsb,cold,9,450,5.9454,0.005876
scipy-lbfgsb,cold,9,455,6.0158,0.005876
scipy-lbfgsb,cold,9,457,6.0441,0.005876
scipy-lbfgsb,cold,9,460,6.0836,0.005876
scipy-lbfgsb,cold,9,462,6.1098,0.005876
scipy-lbfgsb,cold,9,464,6.1340,0.005876
scipy-lbfgsb,cold,9,581,7.6593,0.005741
scipy-lbfgsb,cold,9,582,7.6837,0.005741
scipy-lbfgsb,cold,9,584,7.7318,0.005741
scipy-lbfgsb,cold,9,608,8.0433,0.005741
scipy-lbfgsb,cold,9,634,8.3833,0.005741
scipy-lbfgsb,cold,9,645,8.5271,0.005741
scipy-lbfgsb,cold,9,699,9.2309,0.005741
scipy-lbfgsb,cold,9,703,9.2844,0.005741
scipy-lbfgsb,cold,9,712,9.3966,0.005741
scipy-lbfgsb,cold,9,715,9.4339,0.005740
scipy-lbfgsb,cold,9,726,9.6674,0.005622
scipy-lbfgsb,cold,9,727,9.6813,0.005622
scipy-lbfgsb,cold,9,729,9.7074,0.005622
scipy-lbfgsb,cold,9,753,10.0255,0.005622
scipy-lbfgsb,cold,9,760,10.1148,0.005622
scipy-lbfgsb,cold,9,761,10.1268,0.005622
scipy-lbfgsb,cold,9,779,10.3580,0.005622
scipy-lbfgsb,cold,9,788,10.4740,0.005622
scipy-lbfgsb,cold,9,792,10.5241,0.005622
scipy-lbfgsb,cold,9,844,11.3155,0.005622
scipy-lbfgsb,cold,9,848,11.3638,0.005622
scipy-lbfgsb,cold,9,862,11.5373,0.005622
scipy-lbfgsb,cold,9,871,11.6613,0.005550
scipy-lbfgsb,cold,9,874,11.7342,0.005550
scipy-lbfgsb,cold,9,898,12.0434,0.005550
scipy-lbfgsb,cold,9,905,12.1335,0.005550
scipy-lbfgsb,cold,9,906,12.1463,0.005550
scipy-lbfgsb,cold,9,924,12.3796,0.005550
scipy-lbfgsb,cold,9,937,12.5464,0.005550
scipy-lbfgsb,cold,9,989,13.1965,0.005550
scipy-lbfgsb,cold,9,993,13.2463,0.005550
scipy-lbfgsb,cold,9,1007,13.4282,0.005550
scipy-lbfgsb,cold,9,1016,13.6381,0.005500
scipy-lbfgsb,cold,9,1019,13.6765,0.005500
scipy-lbfgsb,cold,9,1050,14.0666,0.005500
scipy-lbfgsb,cold,9,1051,14.0786,0.005500
scipy-lbfgsb,cold,9,1069,14.3029,0.005500
scipy-lbfgsb,cold,9,1151,15.3549,0.005500
scipy-lbfgsb,cold,9,1152,15.3692,0.005500
scipy-lbfgsb,cold,9,1306,17.3909,0.005490
scipy-lbfgsb,cold,9,1309,17.4338,0.005490
scipy-lbfgsb,cold,9,1341,17.8504,0.005490
scipy-lbfgsb,cold,9,1359,18.1005,0.005490
scipy-lbfgsb,cold,9,1441,19.2545,0.005490
scipy-lbfgsb,cold,9,1451,19.4067,0.005464
scipy-lbfgsb,cold,9,1454,19.4830,0.005464
scipy-lbfgsb,cold,9,1487,19.9066,0.005464
scipy-lbfgsb,cold,9,1504,20.1715,0.005464
scipy-lbfgsb,cold,9,1546,20.7086,0.005464
scipy-lbfgsb,cold,9,1550,20.7584,0.005464
scipy-lbfgsb,cold,9,1582,21.1561,0.005464
scipy-lbfgsb,cold,9,1596,21.3596,0.005436
scipy-lbfgsb,cold,9,1599,21.4345,0.005436
scipy-lbfgsb,cold,9,1631,21.8547,0.005436
scipy-lbfgsb,cold,9,1632,21.8686,0.005436
scipy-lbfgsb,cold,9,1634,21.8981,0.005436
scipy-lbfgsb,cold,9,1649,22.1018,0.005436
scipy-lbfgsb,cold,9,1695,22.7491,0.005436
scipy-lbfgsb,cold,9,1731,23.2486,0.005436
scipy-lbfgsb,cold,9,1741,23.3990,0.005408
scipy-lbfgsb,cold,9,1744,23.4764,0.005408
scipy-lbfgsb,cold,9,1776,23.8955,0.005408
scipy-lbfgsb,cold,9,1794,24.1262,0.005408
scipy-lbfgsb,cold,9,1874,25.2733,0.005408
scipy-lbfgsb,cold,9,1875,25.2870,0.005408
scipy-lbfgsb,cold,9,1886,25.4645,0.005365
scipy-lbfgsb,cold,9,1889,25.5467,0.005365
scipy-lbfgsb,cold,9,1922,25.9835,0.005365
scipy-lbfgsb,cold,9,1939,26.2194,0.005365
scipy-lbfgsb,cold,9,1981,26.7775,0.005365
scipy-powell,cold,0,0,0.0000,0.006495
scipy-powell,cold,0,2,0.0421,0.006495
scipy-powell,cold,0,4,0.0693,0.006494
scipy-powell,cold,0,5,0.0840,0.006494
scipy-powell,cold,0,6,0.0993,0.006494
scipy-powell,cold,0,7,0.1134,0.006494
scipy-powell,cold,0,8,0.1278,0.006494
scipy-powell,cold,0,9,0.1405,0.006494
scipy-powell,cold,0,10,0.1540,0.006494
scipy-powell,cold,0,11,0.1683,0.006494
scipy-powell,cold,0,13,0.1954,0.006494
scipy-powell,cold,0,21,0.3062,0.006494
scipy-powell,cold,0,22,0.3195,0.006494
scipy-powell,cold,0,23,0.3328,0.006494
scipy-powell,cold,0,24,0.3457,0.006494
scipy-powell,cold,0,25,0.3592,0.006494
scipy-powell,cold,0,26,0.3736,0.006494
scipy-powell,cold,0,27,0.3880,0.006494
scipy-powell,cold,0,28,0.4023,0.006494
scipy-powell,cold,0,29,0.4164,0.006494
scipy-powell,cold,0,30,0.4301,0.006494
scipy-powell,cold,0,31,0.4440,0.006494
scipy-powell,cold,0,32,0.4571,0.006494
scipy-powell,cold,0,33,0.4711,0.006494
scipy-powell,cold,0,34,0.4851,0.006494
scipy-powell,cold,0,35,0.4999,0.006494
scipy-powell,cold,0,36,0.5150,0.006494
scipy-powell,cold,0,37,0.5288,0.006494
scipy-powell,cold,0,38,0.5429,0.006494
scipy-powell,cold,0,39,0.5561,0.006494
scipy-powell,cold,0,40,0.5698,0.006494
scipy-powell,cold,0,41,0.5830,0.006494
scipy-powell,cold,0,42,0.5971,0.006494
scipy-powell,cold,0,43,0.6107,0.006494
scipy-powell,cold,0,44,0.6242,0.006494
scipy-powell,cold,0,45,0.6382,0.006494
scipy-powell,cold,0,46,0.6517,0.006494
scipy-powell,cold,0,47,0.6657,0.006494
scipy-powell,cold,0,48,0.6796,0.006494
scipy-powell,cold,0,49,0.6933,0.006494
scipy-powell,cold,0,50,0.7085,0.006494
scipy-powell,cold,0,51,0.7219,0.006494
scipy-powell,cold,0,52,0.7358,0.006494
scipy-powell,cold,0,53,0.7497,0.006494
scipy-powell,cold,0,54,0.7633,0.006494
scipy-powell,cold,0,55,0.7775,0.006494
scipy-powell,cold,0,56,0.7920,0.006494
scipy-powell,cold,0,58,0.8192,0.006494
scipy-powell,cold,0,59,0.8330,0.006494
scipy-powell,cold,0,60,0.8464,0.006494
scipy-powell,cold,0,61,0.8606,0.006494
scipy-powell,cold,0,62,0.8743,0.006494
scipy-powell,cold,0,63,0.8870,0.006494
scipy-powell,cold,0,64,0.9001,0.006494
scipy-powell,cold,0,65,0.9131,0.006494
scipy-powell,cold,0,66,0.9261,0.006494
scipy-powell,cold,0,67,0.9389,0.006494
scipy-powell,cold,0,68,0.9521,0.006494
scipy-powell,cold,0,69,0.9657,0.006494
scipy-powell,cold,0,70,0.9796,0.006494
scipy-powell,cold,0,71,0.9927,0.006494
scipy-powell,cold,0,72,1.0055,0.006494
scipy-powell,cold,0,73,1.0189,0.006494
scipy-powell,cold,0,74,1.0327,0.006494
scipy-powell,cold,0,75,1.0462,0.006494
scipy-powell,cold,0,76,1.0595,0.006494
scipy-powell,cold,0,77,1.0735,0.006494
scipy-powell,cold,0,78,1.0877,0.006494
scipy-powell,cold,0,79,1.1015,0.006494
scipy-powell,cold,0,80,1.1145,0.006494
scipy-powell,cold,0,81,1.1281,0.006494
scipy-powell,cold,0,82,1.1430,0.006494
scipy-powell,cold,0,83,1.1568,0.006494
scipy-powell,cold,0,84,1.1713,0.006494
scipy-powell,cold,0,85,1.1850,0.006494
scipy-powell,cold,0,86,1.1986,0.006494
scipy-powell,cold,0,87,1.2129,0.006494
scipy-powell,cold,0,88,1.2275,0.006494
scipy-powell,cold,0,89,1.2415,0.006494
scipy-powell,cold,0,90,1.2560,0.006494
scipy-powell,cold,0,91,1.2709,0.006494
scipy-powell,cold,0,92,1.2855,0.006494
scipy-powell,cold,0,93,1.2997,0.006494
scipy-powell,cold,0,94,1.3144,0.006494
scipy-powell,cold,0,96,1.3422,0.006494
scipy-powell,cold,0,97,1.3557,0.006494
scipy-powell,cold,0,99,1.3832,0.006494
scipy-powell,cold,0,100,1.3969,0.006494
scipy-powell,cold,0,101,1.4105,0.006494
scipy-powell,cold,0,102,1.4241,0.006494
scipy-powell,cold,0,105,1.4651,0.006494
scipy-powell,cold,0,108,1.5052,0.006494
scipy-powell,cold,0,113,1.5739,0.006494
scipy-powell,cold,0,114,1.5879,0.006494
scipy-powell,cold,0,115,1.6023,0.006494
scipy-powell,cold,0,116,1.6189,0.006494
scipy-powell,cold,0,117,1.6353,0.006494
scipy-powell,cold,0,119,1.6658,0.006494
scipy-powell,cold,0,120,1.6823,0.006494
scipy-powell,cold,0,123,1.7343,0.006494
scipy-powell,cold,0,126,1.7774,0.006494
scipy-powell,cold,0,128,1.8060,0.006494
scipy-powell,cold,0,131,1.8482,0.006494
scipy-powell,cold,0,133,1.8743,0.006494
scipy-powell,cold,0,134,1.8877,0.006494
scipy-powell,cold,0,135,1.9004,0.006494
scipy-powell,cold,0,136,1.9136,0.006494
scipy-powell,cold,0,137,1.9261,0.006494
scipy-powell,cold,0,145,2.0335,0.006492
scipy-powell,cold,0,146,2.0469,0.006490
scipy-powell,cold,0,147,2.0596,0.006489
scipy-powell,cold,0,148,2.0726,0.006488
scipy-powell,cold,0,149,2.0863,0.006487
scipy-powell,cold,0,150,2.1008,0.006486
scipy-powell,cold,0,151,2.1135,0.006486
scipy-powell,cold,0,152,2.1262,0.006486
scipy-powell,cold,0,153,2.1391,0.006486
scipy-powell,cold,0,154,2.1540,0.006486
scipy-powell,cold,0,155,2.1692,0.006486
scipy-powell,cold,0,156,2.1830,0.006486
scipy-powell,cold,0,157,2.1965,0.006486
scipy-powell,cold,0,158,2.2098,0.006486
scipy-powell,cold,0,159,2.2237,0.006486
scipy-powell,cold,0,160,2.2370,0.006486
scipy-powell,cold,0,161,2.2507,0.006486
scipy-powell,cold,0,162,2.2646,0.006486
scipy-powell,cold,0,163,2.2785,0.006486
scipy-powell,cold,0,164,2.2922,0.006486
scipy-powell,cold,0,165,2.3054,0.006486
scipy-powell,cold,0,166,2.3187,0.006486
scipy-powell,cold,0,167,2.3316,0.006486
scipy-powell,cold,0,168,2.3459,0.006486
scipy-powell,cold,0,169,2.3593,0.006486
scipy-powell,cold,0,170,2.3745,0.006486
scipy-powell,cold,0,171,2.3891,0.006486
scipy-powell,cold,0,172,2.4025,0.006486
scipy-powell,cold,0,173,2.4177,0.006486
scipy-powell,cold,0,174,2.4320,0.006486
scipy-powell,cold,0,175,2.4461,0.006486
scipy-powell,cold,0,176,2.4599,0.006486
scipy-powell,cold,0,177,2.4739,0.006486
scipy-powell,cold,0,178,2.4874,0.006486
scipy-powell,cold,0,179,2.5012,0.006486
scipy-powell,cold,0,180,2.5153,0.006486
scipy-powell,cold,0,181,2.5288,0.006471
scipy-powell,cold,0,183,2.5554,0.006464
scipy-powell,cold,0,184,2.5684,0.006463
scipy-powell,cold,0,185,2.5812,0.006463
scipy-powell,cold,0,186,2.5938,0.006463
scipy-powell,cold,0,187,2.6067,0.006463
scipy-powell,cold,0,189,2.6331,0.006463
scipy-powell,cold,0,190,2.6467,0.006463
scipy-powell,cold,0,191,2.6599,0.006463
scipy-powell,cold,0,192,2.6734,0.006463
scipy-powell,cold,0,203,2.9700,0.006462
scipy-powell,cold,0,205,2.9972,0.006462
scipy-powell,cold,0,206,3.0111,0.006462
scipy-powell,cold,0,208,3.0383,0.006462
scipy-powell,cold,0,209,3.0520,0.006462
scipy-powell,cold,0,210,3.0657,0.006462
scipy-powell,cold,0,212,3.0960,0.006462
scipy-powell,cold,0,221,3.2332,0.006462
scipy-powell,cold,0,222,3.2471,0.006462
scipy-powell,cold,0,223,3.2611,0.006462
scipy-powell,cold,0,224,3.2753,0.006462
scipy-powell,cold,0,225,3.2895,0.006462
scipy-powell,cold,0,226,3.3039,0.006462
scipy-powell,cold,0,227,3.3172,0.006462
scipy-powell,cold,0,228,3.3333,0.006462
scipy-powell,cold,0,229,3.3483,0.006462
scipy-powell,cold,0,230,3.3634,0.006462
scipy-powell,cold,0,231,3.3791,0.006462
scipy-powell,cold,0,232,3.3947,0.006462
scipy-powell,cold,0,233,3.4092,0.006462
scipy-powell,cold,0,234,3.4240,0.006462
scipy-powell,cold,0,235,3.4383,0.006462
scipy-powell,cold,0,236,3.4527,0.006462
scipy-powell,cold,0,237,3.4671,0.006462
scipy-powell,cold,0,238,3.4829,0.006462
scipy-powell,cold,0,239,3.4974,0.006462
scipy-powell,cold,0,240,3.5122,0.006462
scipy-powell,cold,0,241,3.5258,0.006462
scipy-powell,cold,0,242,3.5399,0.006462
scipy-powell,cold,0,243,3.5541,0.006462
scipy-powell,cold,0,244,3.5682,0.006462
scipy-powell,cold,0,245,3.5825,0.006462
scipy-powell,cold,0,246,3.5968,0.006462
scipy-powell,cold,0,247,3.6103,0.006462
scipy-powell,cold,0,248,3.6250,0.006462
scipy-powell,cold,0,249,3.6393,0.006462
scipy-powell,cold,0,250,3.6537,0.006462
scipy-powell,cold,0,251,3.6682,0.006462
scipy-powell,cold,0,252,3.6839,0.006462
scipy-powell,cold,0,253,3.6979,0.006462
scipy-powell,cold,0,254,3.7124,0.006462
scipy-powell,cold,0,255,3.7265,0.006462
scipy-powell,cold,0,257,3.7550,0.006462
scipy-powell,cold,0,259,3.7820,0.006462
scipy-powell,cold,0,260,3.7957,0.006462
scipy-powell,cold,0,261,3.8085,0.006462
scipy-powell,cold,0,263,3.8369,0.006462
scipy-powell,cold,0,268,3.9009,0.006462
scipy-powell,cold,0,269,3.9132,0.006462
scipy-powell,cold,0,271,3.9400,0.006462
scipy-powell,cold,0,276,4.0038,0.006462
scipy-powell,cold,0,277,4.0167,0.006462
scipy-powell,cold,0,278,4.0292,0.006462
scipy-powell,cold,0,279,4.0421,0.006462
scipy-powell,cold,0,280,4.0555,0.006462
scipy-powell,cold,0,281,4.0682,0.006462
scipy-powell,cold,0,282,4.0809,0.006462
scipy-powell,cold,0,283,4.0963,0.006462
scipy-powell,cold,0,284,4.1090,0.006462
scipy-powell,cold,0,285,4.1219,0.006462
scipy-powell,cold,0,286,4.1348,0.006462
scipy-powell,cold,0,287,4.1473,0.006462
scipy-powell,cold,0,288,4.1594,0.006462
scipy-powell,cold,0,289,4.1720,0.006462
scipy-powell,cold,0,290,4.1845,0.006462
scipy-powell,cold,0,291,4.1985,0.006462
scipy-powell,cold,0,292,4.2114,0.006462
scipy-powell,cold,0,293,4.2243,0.006462
scipy-powell,cold,0,294,4.2370,0.006462
scipy-powell,cold,0,295,4.2504,0.006462
scipy-powell,cold,0,296,4.2638,0.006462
scipy-powell,cold,0,297,4.2763,0.006462
scipy-powell,cold,0,298,4.2892,0.006462
scipy-powell,cold,0,299,4.3019,0.006462
scipy-powell,cold,0,300,4.3149,0.006462
scipy-powell,cold,0,301,4.3277,0.006462
scipy-powell,cold,0,302,4.3408,0.006462
scipy-powell,cold,0,303,4.3540,0.006462
scipy-powell,cold,0,304,4.3673,0.006462
scipy-powell,cold,0,305,4.3804,0.006462
scipy-powell,cold,0,306,4.3938,0.006462
scipy-powell,cold,0,307,4.4061,0.006462
scipy-powell,cold,0,308,4.4207,0.006462
scipy-powell,cold,0,309,4.4340,0.006462
scipy-powell,cold,0,310,4.4473,0.006462
scipy-powell,cold,0,311,4.4595,0.006462
scipy-powell,cold,0,312,4.4716,0.006462
scipy-powell,cold,0,313,4.4851,0.006458
scipy-powell,cold,0,315,4.5103,0.006458
scipy-powell,cold,0,317,4.5377,0.006458
scipy-powell,cold,0,318,4.5497,0.006458
scipy-powell,cold,0,319,4.5620,0.006458
scipy-powell,cold,0,320,4.5746,0.006458
scipy-powell,cold,0,321,4.5888,0.006458
scipy-powell,cold,0,322,4.6019,0.006458
scipy-powell,cold,0,330,4.7094,0.006458
scipy-powell,cold,0,336,4.7876,0.006458
scipy-powell,cold,0,339,4.8278,0.006458
scipy-powell,cold,0,340,4.8418,0.006458
scipy-powell,cold,0,342,4.8675,0.006458
scipy-powell,cold,0,343,4.8794,0.006458
scipy-powell,cold,0,344,4.8921,0.006458
scipy-powell,cold,0,345,4.9049,0.006458
scipy-powell,cold,0,346,4.9168,0.006458
scipy-powell,cold,0,351,4.9808,0.006458
scipy-powell,cold,0,358,5.0755,0.006455
scipy-powell,cold,0,360,5.1045,0.006453
scipy-powell,cold,0,361,5.1177,0.006452
scipy-powell,cold,0,362,5.1312,0.006452
scipy-powell,cold,0,363,5.1460,0.006451
scipy-powell,cold,0,364,5.1605,0.006451
scipy-powell,cold,0,365,5.1745,0.006451
scipy-powell,cold,0,366,5.1888,0.006451
scipy-powell,cold,0,367,5.2032,0.006451
scipy-powell,cold,0,368,5.2178,0.006451
scipy-powell,cold,0,369,5.2331,0.006451
scipy-powell,cold,0,370,5.2467,0.006451
scipy-powell,cold,0,371,5.2612,0.006451
scipy-powell,cold,0,372,5.2741,0.006451
scipy-powell,cold,0,373,5.2879,0.006451
scipy-powell,cold,0,374,5.3012,0.006451
scipy-powell,cold,0,375,5.3155,0.006451
scipy-powell,cold,0,376,5.3295,0.006451
scipy-powell,cold,0,377,5.3429,0.006451
scipy-powell,cold,0,378,5.3562,0.006451
scipy-powell,cold,0,379,5.3696,0.006451
scipy-powell,cold,0,380,5.3841,0.006451
scipy-powell,cold,0,381,5.3983,0.006451
scipy-powell,cold,0,382,5.4128,0.006451
scipy-powell,cold,0,383,5.4272,0.006451
scipy-powell,cold,0,384,5.4403,0.006451
scipy-powell,cold,0,385,5.4530,0.006451
scipy-powell,cold,0,386,5.4661,0.006451
scipy-powell,cold,0,387,5.4792,0.006451
scipy-powell,cold,0,388,5.4935,0.006451
scipy-powell,cold,0,389,5.5070,0.006451
scipy-powell,cold,0,390,5.5209,0.006451
scipy-powell,cold,0,391,5.5341,0.006451
scipy-powell,cold,0,392,5.5480,0.006451
scipy-powell,cold,0,393,5.5625,0.006451
scipy-powell,cold,0,394,5.5762,0.006451
scipy-powell,cold,0,395,5.5906,0.006449
scipy-powell,cold,0,397,5.6183,0.006448
scipy-powell,cold,0,399,5.6471,0.006448
scipy-powell,cold,0,400,5.6604,0.006448
scipy-powell,cold,0,401,5.6742,0.006448
scipy-powell,cold,0,403,5.7022,0.006448
scipy-powell,cold,0,404,5.7160,0.006448
scipy-powell,cold,0,405,5.7304,0.006448
scipy-powell,cold,0,406,5.7437,0.006448
scipy-powell,cold,0,416,5.8792,0.006448
scipy-powell,cold,0,421,5.9471,0.006434
scipy-powell,cold,0,422,5.9614,0.006428
scipy-powell,cold,0,423,5.9746,0.006426
scipy-powell,cold,0,424,5.9889,0.006425
scipy-powell,cold,0,425,6.0033,0.006425
scipy-powell,cold,0,426,6.0171,0.006424
scipy-powell,cold,0,427,6.0310,0.006424
scipy-powell,cold,0,428,6.0443,0.006424
scipy-powell,cold,0,429,6.0581,0.006424
scipy-powell,cold,0,430,6.0718,0.006424
scipy-powell,cold,0,431,6.0875,0.006424
scipy-powell,cold,0,432,6.1045,0.006424
scipy-powell,cold,0,433,6.1191,0.006424
scipy-powell,cold,0,434,6.1337,0.006424
scipy-powell,cold,0,435,6.1483,0.006424
scipy-powell,cold,0,436,6.1631,0.006424
scipy-powell,cold,0,437,6.1770,0.006424
scipy-powell,cold,0,438,6.1911,0.006424
scipy-powell,cold,0,439,6.2049,0.006424
scipy-powell,cold,0,440,6.2195,0.006424
scipy-powell,cold,0,441,6.2323,0.006424
scipy-powell,cold,0,442,6.2452,0.006424
scipy-powell,cold,0,443,6.2575,0.006424
scipy-powell,cold,0,444,6.2706,0.006424
scipy-powell,cold,0,445,6.2839,0.006424
scipy-powell,cold,0,446,6.2965,0.006424
scipy-powell,cold,0,447,6.3093,0.006424
scipy-powell,cold,0,448,6.3235,0.006424
scipy-powell,cold,0,449,6.3368,0.006424
scipy-powell,cold,0,450,6.3495,0.006424
scipy-powell,cold,0,451,6.3627,0.006424
scipy-powell,cold,0,452,6.3758,0.006424
scipy-powell,cold,0,453,6.3885,0.006424
scipy-powell,cold,0,454,6.4023,0.006424
scipy-powell,cold,0,455,6.4161,0.006424
scipy-powell,cold,0,456,6.4305,0.006424
scipy-powell,cold,0,457,6.4436,0.006422
scipy-powell,cold,0,460,6.4836,0.006422
scipy-powell,cold,0,461,6.4965,0.006422
scipy-powell,cold,0,462,6.5093,0.006422
scipy-powell,cold,0,464,6.5365,0.006422
scipy-powell,cold,0,465,6.5499,0.006422
scipy-powell,cold,0,466,6.5629,0.006422
scipy-powell,cold,0,467,6.5760,0.006422
scipy-powell,cold,0,474,6.6703,0.006402
scipy-powell,cold,0,475,6.6828,0.006317
scipy-powell,cold,0,476,6.6958,0.006244
scipy-powell,cold,0,477,6.7094,0.006194
scipy-powell,cold,0,478,6.7226,0.006163
scipy-powell,cold,0,479,6.7358,0.006145
scipy-powell,cold,0,480,6.7501,0.006133
scipy-powell,cold,0,481,6.7634,0.006127
scipy-powell,cold,0,482,6.7770,0.006122
scipy-powell,cold,0,483,6.7898,0.006120
scipy-powell,cold,0,484,6.8030,0.006118
scipy-powell,cold,0,485,6.8167,0.006117
scipy-powell,cold,0,486,6.8300,0.006117
scipy-powell,cold,0,487,6.8430,0.006116
scipy-powell,cold,0,488,6.8575,0.006116
scipy-powell,cold,0,489,6.8719,0.006116
scipy-powell,cold,0,490,6.8843,0.006116
scipy-powell,cold,0,491,6.8973,0.006116
scipy-powell,cold,0,492,6.9107,0.006116
scipy-powell,cold,0,493,6.9245,0.006116
scipy-powell,cold,0,494,6.9376,0.006116
scipy-powell,cold,0,495,6.9514,0.006116
scipy-powell,cold,0,496,6.9680,0.006116
scipy-powell,cold,0,497,6.9831,0.006116
scipy-powell,cold,0,498,6.9962,0.006116
scipy-powell,cold,0,499,7.0109,0.006116
scipy-powell,cold,0,500,7.0260,0.006116
scipy-powell,cold,0,501,7.0414,0.006116
scipy-powell,cold,0,502,7.0559,0.006116
scipy-powell,cold,0,503,7.0692,0.006116
scipy-powell,cold,0,504,7.0825,0.006116
scipy-powell,cold,0,505,7.0962,0.006116
scipy-powell,cold,0,506,7.1101,0.006116
scipy-powell,cold,0,507,7.1245,0.006116
scipy-powell,cold,0,508,7.1380,0.006116
scipy-powell,cold,0,509,7.1520,0.006116
scipy-powell,cold,0,510,7.1654,0.006116
scipy-powell,cold,0,511,7.1792,0.005951
scipy-powell,cold,0,513,7.2065,0.005928
scipy-powell,cold,0,514,7.2211,0.005927
scipy-powell,cold,0,515,7.2348,0.005927
scipy-powell,cold,0,517,7.2621,0.005927
scipy-powell,cold,0,518,7.2764,0.005927
scipy-powell,cold,0,519,7.2890,0.005927
scipy-powell,cold,0,520,7.3029,0.005927
scipy-powell,cold,0,521,7.3183,0.005927
scipy-powell,cold,0,522,7.3327,0.005927
scipy-powell,cold,0,523,7.3472,0.005927
scipy-powell,cold,0,525,7.3733,0.005927
scipy-powell,cold,0,530,7.4422,0.005925
scipy-powell,cold,0,531,7.4567,0.005925
scipy-powell,cold,0,532,7.4712,0.005924
scipy-powell,cold,0,533,7.4861,0.005924
scipy-powell,cold,0,534,7.5006,0.005924
scipy-powell,cold,0,535,7.5154,0.005924
scipy-powell,cold,0,536,7.5290,0.005924
scipy-powell,cold,0,537,7.5434,0.005924
scipy-powell,cold,0,538,7.5573,0.005924
scipy-powell,cold,0,544,7.6395,0.005922
scipy-powell,cold,0,546,7.6667,0.005921
scipy-powell,cold,0,547,7.6800,0.005921
scipy-powell,cold,0,549,7.7062,0.005921
scipy-powell,cold,0,551,7.7330,0.005921
scipy-powell,cold,0,552,7.7484,0.005921
scipy-powell,cold,0,560,7.8651,0.005912
scipy-powell,cold,0,561,7.8805,0.005904
scipy-powell,cold,0,562,7.8954,0.005900
scipy-powell,cold,0,563,7.9111,0.005897
scipy-powell,cold,0,564,7.9253,0.005896
scipy-powell,cold,0,565,7.9391,0.005895
scipy-powell,cold,0,566,7.9559,0.005894
scipy-powell,cold,0,567,7.9702,0.005894
scipy-powell,cold,0,568,7.9841,0.005894
scipy-powell,cold,0,569,7.9989,0.005894
scipy-powell,cold,0,570,8.0124,0.005894
scipy-powell,cold,0,571,8.0259,0.005894
scipy-powell,cold,0,572,8.0399,0.005894
scipy-powell,cold,0,573,8.0540,0.005894
scipy-powell,cold,0,574,8.0694,0.005894
scipy-powell,cold,0,575,8.0835,0.005894
scipy-powell,cold,0,576,8.1007,0.005894
scipy-powell,cold,0,577,8.1164,0.005894
scipy-powell,cold,0,578,8.1312,0.005894
scipy-powell,cold,0,579,8.1455,0.005894
scipy-powell,cold,0,580,8.1600,0.005894
scipy-powell,cold,0,581,8.1738,0.005894
scipy-powell,cold,0,582,8.1883,0.005894
scipy-powell,cold,0,583,8.2021,0.005894
scipy-powell,cold,0,584,8.2174,0.005894
scipy-powell,cold,0,585,8.2318,0.005894
scipy-powell,cold,0,586,8.2459,0.005894
scipy-powell,cold,0,587,8.2608,0.005894
scipy-powell,cold,0,588,8.2740,0.005894
scipy-powell,cold,0,589,8.2875,0.005894
scipy-powell,cold,0,590,8.3014,0.005894
scipy-powell,cold,0,591,8.3150,0.005894
scipy-powell,cold,0,592,8.3288,0.005894
scipy-powell,cold,0,593,8.3425,0.005894
scipy-powell,cold,0,594,8.3560,0.005894
scipy-powell,cold,0,595,8.3692,0.005894
scipy-powell,cold,0,596,8.3835,0.005846
scipy-powell,cold,0,598,8.4122,0.005842
scipy-powell,cold,0,599,8.4264,0.005842
scipy-powell,cold,0,600,8.4413,0.005842
scipy-powell,cold,0,602,8.4686,0.005842
scipy-powell,cold,0,603,8.4842,0.005842
scipy-powell,cold,0,604,8.4984,0.005842
scipy-powell,cold,0,605,8.5123,0.005842
scipy-powell,cold,0,606,8.5256,0.005842
scipy-powell,cold,0,607,8.5398,0.005842
scipy-powell,cold,0,613,8.6224,0.005801
scipy-powell,cold,0,614,8.6360,0.005711
scipy-powell,cold,0,615,8.6493,0.005652
scipy-powell,cold,0,616,8.6623,0.005617
scipy-powell,cold,0,617,8.6758,0.005596
scipy-powell,cold,0,618,8.6894,0.005583
scipy-powell,cold,0,619,8.7027,0.005576
scipy-powell,cold,0,620,8.7162,0.005571
scipy-powell,cold,0,621,8.7304,0.005568
scipy-powell,cold,0,622,8.7462,0.005567
scipy-powell,cold,0,623,8.7609,0.005566
scipy-powell,cold,0,624,8.7750,0.005565
scipy-powell,cold,0,625,8.7898,0.005565
scipy-powell,cold,0,626,8.8048,0.005564
scipy-powell,cold,0,627,8.8210,0.005564
scipy-powell,cold,0,628,8.8359,0.005564
scipy-powell,cold,0,629,8.8511,0.005564
scipy-powell,cold,0,630,8.8672,0.005564
scipy-powell,cold,0,631,8.8825,0.005564
scipy-powell,cold,0,632,8.8968,0.005564
scipy-powell,cold,0,633,8.9112,0.005564
scipy-powell,cold,0,634,8.9261,0.005564
scipy-powell,cold,0,635,8.9391,0.005564
scipy-powell,cold,0,636,8.9537,0.005564
scipy-powell,cold,0,637,8.9675,0.005564
scipy-powell,cold,0,638,8.9812,0.005564
scipy-powell,cold,0,639,8.9944,0.005564
scipy-powell,cold,0,640,9.0080,0.005564
scipy-powell,cold,0,641,9.0221,0.005564
scipy-powell,cold,0,642,9.0352,0.005564
scipy-powell,cold,0,643,9.0486,0.005564
scipy-powell,cold,0,644,9.0629,0.005564
scipy-powell,cold,0,645,9.0764,0.005564
scipy-powell,cold,0,646,9.0902,0.005564
scipy-powell,cold,0,647,9.1039,0.005564
scipy-powell,cold,0,648,9.1181,0.005564
scipy-powell,cold,0,649,9.1320,0.005447
scipy-powell,cold,0,651,9.1599,0.005390
scipy-powell,cold,0,652,9.1727,0.005370
scipy-powell,cold,0,653,9.1866,0.005361
scipy-powell,cold,0,654,9.1995,0.005358
scipy-powell,cold,0,656,9.2264,0.005358
scipy-powell,cold,0,657,9.2405,0.005357
scipy-powell,cold,0,658,9.2534,0.005357
scipy-powell,cold,0,659,9.2672,0.005357
scipy-powell,cold,0,660,9.2859,0.005357
scipy-powell,cold,0,661,9.3049,0.005357
scipy-powell,cold,0,662,9.3212,0.005357
scipy-powell,cold,0,663,9.3354,0.005357
scipy-powell,cold,0,664,9.3505,0.005357
scipy-powell,cold,0,665,9.3642,0.005357
scipy-powell,cold,0,666,9.3781,0.005357
scipy-powell,cold,0,671,9.4497,0.005350
scipy-powell,cold,0,673,9.4771,0.005350
scipy-powell,cold,0,674,9.4912,0.005350
scipy-powell,cold,0,675,9.5050,0.005350
scipy-powell,cold,0,676,9.5199,0.005350
scipy-powell,cold,0,677,9.5347,0.005350
scipy-powell,cold,0,686,9.6555,0.005350
scipy-powell,cold,0,689,9.6943,0.005350
scipy-powell,cold,0,690,9.7080,0.005350
scipy-powell,cold,0,691,9.7212,0.005350
scipy-powell,cold,0,701,9.8648,0.005332
scipy-powell,cold,0,702,9.8782,0.005290
scipy-powell,cold,0,704,9.9049,0.005290
scipy-powell,cold,0,705,9.9184,0.005289
scipy-powell,cold,0,706,9.9321,0.005289
scipy-powell,cold,0,707,9.9464,0.005288
scipy-powell,cold,0,709,9.9742,0.005288
scipy-powell,cold,0,710,9.9881,0.005288
scipy-powell,cold,0,711,10.0021,0.005288
scipy-powell,cold,0,712,10.0167,0.005288
scipy-powell,cold,0,713,10.0316,0.005288
scipy-powell,cold,0,720,10.1367,0.005288
scipy-powell,cold,0,722,10.1642,0.005285
scipy-powell,cold,0,723,10.1780,0.005285
scipy-powell,cold,0,724,10.1914,0.005285
scipy-powell,cold,0,725,10.2044,0.005285
scipy-powell,cold,0,726,10.2191,0.005285
scipy-powell,cold,0,727,10.2351,0.005285
scipy-powell,cold,0,728,10.2532,0.005285
scipy-powell,cold,0,731,10.2970,0.005285
scipy-powell,cold,0,735,10.3564,0.005285
scipy-powell,cold,0,736,10.3709,0.005284
scipy-powell,cold,0,737,10.3842,0.005284
scipy-powell,cold,0,738,10.3983,0.005284
scipy-powell,cold,0,739,10.4118,0.005284
scipy-powell,cold,0,740,10.4258,0.005284
scipy-powell,cold,0,741,10.4395,0.005284
scipy-powell,cold,0,742,10.4531,0.005284
scipy-powell,cold,0,743,10.4670,0.005284
scipy-powell,cold,0,744,10.4809,0.005284
scipy-powell,cold,0,745,10.4935,0.005284
scipy-powell,cold,0,746,10.5071,0.005284
scipy-powell,cold,0,747,10.5203,0.005284
scipy-powell,cold,0,748,10.5337,0.005284
scipy-powell,cold,0,749,10.5483,0.005284
scipy-powell,cold,0,750,10.5628,0.005284
scipy-powell,cold,0,751,10.5774,0.005284
scipy-powell,cold,0,752,10.5920,0.005284
scipy-powell,cold,0,753,10.6064,0.005284
scipy-powell,cold,0,754,10.6217,0.005284
scipy-powell,cold,0,755,10.6372,0.005284
scipy-powell,cold,0,756,10.6517,0.005284
scipy-powell,cold,0,757,10.6659,0.005284
scipy-powell,cold,0,758,10.6802,0.005284
scipy-powell,cold,0,759,10.6929,0.005284
scipy-powell,cold,0,760,10.7061,0.005284
scipy-powell,cold,0,761,10.7191,0.005284
scipy-powell,cold,0,762,10.7323,0.005284
scipy-powell,cold,0,763,10.7458,0.005284
scipy-powell,cold,0,764,10.7583,0.005284
scipy-powell,cold,0,765,10.7715,0.005284
scipy-powell,cold,0,766,10.7852,0.005284
scipy-powell,cold,0,767,10.7985,0.005284
scipy-powell,cold,0,768,10.8121,0.005284
scipy-powell,cold,0,769,10.8258,0.005284
scipy-powell,cold,0,770,10.8403,0.005284
scipy-powell,cold,0,771,10.8540,0.005284
scipy-powell,cold,0,776,10.9236,0.005284
scipy-powell,cold,0,778,10.9500,0.005284
scipy-powell,cold,0,779,10.9648,0.005284
scipy-powell,cold,0,780,10.9785,0.005284
scipy-powell,cold,0,782,11.0075,0.005284
scipy-powell,cold,0,788,11.0880,0.005284
scipy-powell,cold,0,794,11.1756,0.005284
scipy-powell,cold,0,795,11.1894,0.005284
scipy-powell,cold,0,796,11.2037,0.005284
scipy-powell,cold,0,797,11.2180,0.005284
scipy-powell,cold,0,798,11.2327,0.005284
scipy-powell,cold,0,804,11.3155,0.005284
scipy-powell,cold,0,807,11.3588,0.005282
scipy-powell,cold,0,808,11.3748,0.005282
scipy-powell,cold,0,810,11.4037,0.005281
scipy-powell,cold,0,811,11.4185,0.005281
scipy-powell,cold,0,812,11.4329,0.005281
scipy-powell,cold,0,813,11.4484,0.005281
scipy-powell,cold,0,815,11.4811,0.005281
scipy-powell,cold,0,816,11.4966,0.005281
scipy-powell,cold,0,817,11.5128,0.005281
scipy-powell,cold,0,818,11.5290,0.005281
scipy-powell,cold,0,834,11.7749,0.005281
scipy-powell,cold,0,836,11.8058,0.005281
scipy-powell,cold,0,837,11.8208,0.005281
scipy-powell,cold,0,838,11.8356,0.005281
scipy-powell,cold,0,839,11.8496,0.005281
scipy-powell,cold,0,850,12.0147,0.005281
scipy-powell,cold,0,856,12.0975,0.005280
scipy-powell,cold,0,858,12.1302,0.005280
scipy-powell,cold,0,859,12.1474,0.005280
scipy-powell,cold,0,861,12.1775,0.005280
scipy-powell,cold,0,862,12.1929,0.005280
scipy-powell,cold,0,863,12.2069,0.005280
scipy-powell,cold,0,864,12.2213,0.005280
scipy-powell,cold,0,867,12.2670,0.005280
scipy-powell,cold,0,873,12.3697,0.005275
scipy-powell,cold,0,875,12.3972,0.005274
scipy-powell,cold,0,877,12.4265,0.005274
scipy-powell,cold,0,878,12.4414,0.005274
scipy-powell,cold,0,879,12.4564,0.005274
scipy-powell,cold,0,880,12.4719,0.005274
scipy-powell,cold,0,881,12.4871,0.005274
scipy-powell,cold,0,882,12.5019,0.005274
scipy-powell,cold,0,887,12.5728,0.005274
scipy-powell,cold,0,888,12.5865,0.005274
scipy-powell,cold,0,896,12.6958,0.005274
scipy-powell,cold,0,897,12.7098,0.005274
scipy-powell,cold,0,898,12.7240,0.005274
scipy-powell,cold,0,899,12.7374,0.005274
scipy-powell,cold,0,900,12.7516,0.005274
scipy-powell,cold,0,901,12.7655,0.005274
scipy-powell,cold,0,902,12.7795,0.005274
scipy-powell,cold,0,910,12.9008,0.005274
scipy-powell,cold,0,916,12.9821,0.005274
scipy-powell,cold,0,917,12.9957,0.005274
scipy-powell,cold,0,918,13.0091,0.005274
scipy-powell,cold,0,920,13.0375,0.005274
scipy-powell,cold,0,921,13.0510,0.005274
scipy-powell,cold,0,922,13.0651,0.005274
scipy-powell,cold,0,923,13.0793,0.005274
scipy-powell,cold,0,928,13.1493,0.005274
scipy-powell,cold,0,937,13.2938,0.005274
scipy-powell,cold,0,938,13.3097,0.005274
scipy-powell,cold,0,939,13.3260,0.005274
scipy-powell,cold,0,941,13.3594,0.005274
scipy-powell,cold,0,943,13.3902,0.005274
scipy-powell,cold,0,959,13.6099,0.005274
scipy-powell,cold,0,961,13.6417,0.005274
scipy-powell,cold,0,963,13.6724,0.005274
scipy-powell,cold,0,964,13.6859,0.005274
scipy-powell,cold,0,965,13.7000,0.005274
scipy-powell,cold,0,966,13.7144,0.005274
scipy-powell,cold,0,967,13.7281,0.005274
scipy-powell,cold,0,968,13.7419,0.005274
scipy-powell,cold,0,972,13.8012,0.005274
scipy-powell,cold,0,981,13.9391,0.005273
scipy-powell,cold,0,982,13.9535,0.005273
scipy-powell,cold,0,983,13.9672,0.005273
scipy-powell,cold,0,985,13.9964,0.005273
scipy-powell,cold,0,987,14.0244,0.005273
scipy-powell,cold,0,988,14.0394,0.005273
scipy-powell,cold,0,997,14.1664,0.005273
scipy-powell,cold,0,998,14.1792,0.005273
scipy-powell,cold,0,999,14.1936,0.005273
scipy-powell,cold,0,1000,14.2078,0.005273
scipy-powell,cold,0,1001,14.2226,0.005273
scipy-powell,cold,0,1002,14.2389,0.005273
scipy-powell,cold,0,1003,14.2545,0.005273
scipy-powell,cold,0,1004,14.2718,0.005273
scipy-powell,cold,0,1005,14.2863,0.005273
scipy-powell,cold,0,1006,14.3024,0.005273
scipy-powell,cold,0,1007,14.3161,0.005273
scipy-powell,cold,0,1008,14.3292,0.005273
scipy-powell,cold,0,1009,14.3423,0.005273
scipy-powell,cold,0,1010,14.3553,0.005273
scipy-powell,cold,0,1011,14.3682,0.005273
scipy-powell,cold,0,1012,14.3815,0.005273
scipy-powell,cold,0,1013,14.3952,0.005273
scipy-powell,cold,0,1014,14.4106,0.005273
scipy-powell,cold,0,1015,14.4238,0.005273
scipy-powell,cold,0,1016,14.4378,0.005273
scipy-powell,cold,0,1017,14.4514,0.005273
scipy-powell,cold,0,1018,14.4655,0.005273
scipy-powell,cold,0,1019,14.4795,0.005273
scipy-powell,cold,0,1020,14.4938,0.005273
scipy-powell,cold,0,1021,14.5071,0.005273
scipy-powell,cold,0,1022,14.5219,0.005273
scipy-powell,cold,0,1023,14.5371,0.005273
scipy-powell,cold,0,1024,14.5510,0.005273
scipy-powell,cold,0,1025,14.5645,0.005273
scipy-powell,cold,0,1026,14.5783,0.005273
scipy-powell,cold,0,1027,14.5919,0.005273
scipy-powell,cold,0,1028,14.6047,0.005273
scipy-powell,cold,0,1029,14.6187,0.005273
scipy-powell,cold,0,1030,14.6343,0.005273
scipy-powell,cold,0,1031,14.6500,0.005273
scipy-powell,cold,0,1032,14.6657,0.005272
scipy-powell,cold,0,1034,14.6937,0.005271
scipy-powell,cold,0,1036,14.7211,0.005271
scipy-powell,cold,0,1038,14.7480,0.005271
scipy-powell,cold,0,1039,14.7611,0.005271
scipy-powell,cold,0,1040,14.7755,0.005271
scipy-powell,cold,0,1042,14.8025,0.005271
scipy-powell,cold,0,1061,15.0753,0.005271
scipy-powell,cold,0,1062,15.0900,0.005271
scipy-powell,cold,0,1063,15.1045,0.005271
scipy-powell,cold,0,1064,15.1198,0.005271
scipy-powell,cold,0,1065,15.1339,0.005271
scipy-powell,cold,0,1066,15.1485,0.005271
scipy-powell,cold,0,1067,15.1631,0.005271
scipy-powell,cold,0,1068,15.1773,0.005271
scipy-powell,cold,0,1069,15.1918,0.005271
scipy-powell,cold,0,1070,15.2059,0.005271
scipy-powell,cold,0,1071,15.2201,0.005271
scipy-powell,cold,0,1072,15.2339,0.005271
scipy-powell,cold,0,1073,15.2474,0.005271
scipy-powell,cold,0,1074,15.2613,0.005271
scipy-powell,cold,0,1075,15.2771,0.005271
scipy-powell,cold,0,1076,15.2917,0.005271
scipy-powell,cold,0,1077,15.3062,0.005271
scipy-powell,cold,0,1078,15.3222,0.005271
scipy-powell,cold,0,1079,15.3376,0.005271
scipy-powell,cold,0,1080,15.3528,0.005271
scipy-powell,cold,0,1081,15.3685,0.005271
scipy-powell,cold,0,1082,15.3835,0.005271
scipy-powell,cold,0,1083,15.3989,0.005271
scipy-powell,cold,0,1084,15.4143,0.005271
scipy-powell,cold,0,1085,15.4285,0.005271
scipy-powell,cold,0,1086,15.4434,0.005271
scipy-powell,cold,0,1087,15.4602,0.005271
scipy-powell,cold,0,1088,15.4762,0.005271
scipy-powell,cold,0,1089,15.4922,0.005271
scipy-powell,cold,0,1090,15.5093,0.005271
scipy-powell,cold,0,1091,15.5252,0.005271
scipy-powell,cold,0,1092,15.5400,0.005268
scipy-powell,cold,0,1094,15.5678,0.005262
scipy-powell,cold,0,1095,15.5810,0.005257
scipy-powell,cold,0,1096,15.5943,0.005256
scipy-powell,cold,0,1098,15.6233,0.005256
scipy-powell,cold,0,1099,15.6375,0.005256
scipy-powell,cold,0,1100,15.6529,0.005256
scipy-powell,cold,0,1101,15.6677,0.005256
scipy-powell,cold,0,1102,15.6828,0.005256
scipy-powell,cold,0,1103,15.6963,0.005256
scipy-powell,cold,0,1106,15.7363,0.005256
scipy-powell,cold,0,1111,15.8095,0.005237
scipy-powell,cold,0,1112,15.8241,0.005226
scipy-powell,cold,0,1113,15.8382,0.005220
scipy-powell,cold,0,1114,15.8523,0.005216
scipy-powell,cold,0,1115,15.8660,0.005214
scipy-powell,cold,0,1116,15.8797,0.005213
scipy-powell,cold,0,1117,15.8936,0.005212
scipy-powell,cold,0,1118,15.9070,0.005212
scipy-powell,cold,0,1119,15.9212,0.005211
scipy-powell,cold,0,1120,15.9354,0.005211
scipy-powell,cold,0,1121,15.9488,0.005211
scipy-powell,cold,0,1122,15.9621,0.005211
scipy-powell,cold,0,1123,15.9763,0.005211
scipy-powell,cold,0,1124,15.9902,0.005211
scipy-powell,cold,0,1125,16.0043,0.005211
scipy-powell,cold,0,1126,16.0198,0.005211
scipy-powell,cold,0,1127,16.0335,0.005211
scipy-powell,cold,0,1128,16.0472,0.005211
scipy-powell,cold,0,1129,16.0619,0.005211
scipy-powell,cold,0,1130,16.0757,0.005211
scipy-powell,cold,0,1131,16.0904,0.005211
scipy-powell,cold,0,1132,16.1067,0.005211
scipy-powell,cold,0,1133,16.1230,0.005211
scipy-powell,cold,0,1134,16.1385,0.005211
scipy-powell,cold,0,1135,16.1527,0.005211
scipy-powell,cold,0,1136,16.1678,0.005211
scipy-powell,cold,0,1137,16.1822,0.005211
scipy-powell,cold,0,1138,16.1973,0.005211
scipy-powell,cold,0,1139,16.2109,0.005211
scipy-powell,cold,0,1140,16.2241,0.005211
scipy-powell,cold,0,1141,16.2380,0.005211
scipy-powell,cold,0,1142,16.2520,0.005211
scipy-powell,cold,0,1143,16.2659,0.005211
scipy-powell,cold,0,1146,16.3083,0.005194
scipy-powell,cold,0,1147,16.3227,0.005185
scipy-powell,cold,0,1148,16.3363,0.005185
scipy-powell,cold,0,1151,16.3791,0.005185
scipy-powell,cold,0,1152,16.3948,0.005184
scipy-powell,cold,0,1155,16.4389,0.005184
scipy-powell,cold,0,1156,16.4543,0.005184
scipy-powell,cold,0,1157,16.4687,0.005184
scipy-powell,cold,0,1158,16.4819,0.005184
scipy-powell,cold,0,1159,16.4942,0.005184
scipy-powell,cold,0,1160,16.5075,0.005184
scipy-powell,cold,0,1162,16.5351,0.005184
scipy-powell,cold,0,1163,16.5493,0.005184
scipy-powell,cold,0,1165,16.5767,0.005184
scipy-powell,cold,0,1166,16.5908,0.005184
scipy-powell,cold,0,1168,16.6172,0.005184
scipy-powell,cold,0,1169,16.6302,0.005184
scipy-powell,cold,0,1170,16.6429,0.005184
scipy-powell,cold,0,1172,16.6687,0.005184
scipy-powell,cold,0,1174,16.6943,0.005184
scipy-powell,cold,0,1176,16.7205,0.005184
scipy-powell,cold,0,1181,16.7887,0.005184
scipy-powell,cold,0,1191,16.9227,0.005182
scipy-powell,cold,0,1192,16.9370,0.005174
scipy-powell,cold,0,1193,16.9513,0.005170
scipy-powell,cold,0,1194,16.9649,0.005168
scipy-powell,cold,0,1195,16.9789,0.005167
scipy-powell,cold,0,1196,16.9924,0.005166
scipy-powell,cold,0,1197,17.0066,0.005165
scipy-powell,cold,0,1198,17.0208,0.005165
scipy-powell,cold,0,1199,17.0367,0.005165
scipy-powell,cold,0,1200,17.0508,0.005165
scipy-powell,cold,0,1201,17.0641,0.005165
scipy-powell,cold,0,1202,17.0787,0.005165
scipy-powell,cold,0,1203,17.0917,0.005165
scipy-powell,cold,0,1204,17.1054,0.005165
scipy-powell,cold,0,1205,17.1190,0.005165
scipy-powell,cold,0,1206,17.1322,0.005165
scipy-powell,cold,0,1207,17.1454,0.005165
scipy-powell,cold,0,1208,17.1590,0.005165
scipy-powell,cold,0,1209,17.1727,0.005165
scipy-powell,cold,0,1210,17.1874,0.005165
scipy-powell,cold,0,1211,17.2009,0.005165
scipy-powell,cold,0,1212,17.2134,0.005165
scipy-powell,cold,0,1213,17.2271,0.005165
scipy-powell,cold,0,1214,17.2401,0.005165
scipy-powell,cold,0,1215,17.2533,0.005165
scipy-powell,cold,0,1216,17.2668,0.005165
scipy-powell,cold,0,1217,17.2800,0.005165
scipy-powell,cold,0,1218,17.2939,0.005165
scipy-powell,cold,0,1219,17.3063,0.005165
scipy-powell,cold,0,1220,17.3201,0.005165
scipy-powell,cold,0,1221,17.3328,0.005165
scipy-powell,cold,0,1222,17.3467,0.005165
scipy-powell,cold,0,1223,17.3592,0.005165
scipy-powell,cold,0,1224,17.3723,0.005165
scipy-powell,cold,0,1225,17.3853,0.005165
scipy-powell,cold,0,1229,17.4405,0.005164
scipy-powell,cold,0,1230,17.4540,0.005164
scipy-powell,cold,0,1231,17.4689,0.005164
scipy-powell,cold,0,1232,17.4825,0.005164
scipy-powell,cold,0,1233,17.4961,0.005164
scipy-powell,cold,0,1234,17.5085,0.005164
scipy-powell,cold,0,1243,17.6296,0.005164
scipy-powell,cold,0,1245,17.6569,0.005164
scipy-powell,cold,0,1246,17.6710,0.005164
scipy-powell,cold,0,1249,17.7129,0.005156
scipy-powell,cold,0,1250,17.7277,0.005142
scipy-powell,cold,0,1251,17.7416,0.005132
scipy-powell,cold,0,1252,17.7560,0.005125
scipy-powell,cold,0,1253,17.7693,0.005121
scipy-powell,cold,0,1254,17.7824,0.005119
scipy-powell,cold,0,1255,17.7968,0.005117
scipy-powell,cold,0,1256,17.8114,0.005117
scipy-powell,cold,0,1257,17.8258,0.005116
scipy-powell,cold,0,1258,17.8420,0.005116
scipy-powell,cold,0,1259,17.8568,0.005115
scipy-powell,cold,0,1260,17.8725,0.005115
scipy-powell,cold,0,1261,17.8872,0.005115
scipy-powell,cold,0,1262,17.9010,0.005115
scipy-powell,cold,0,1263,17.9152,0.005115
scipy-powell,cold,0,1264,17.9290,0.005115
scipy-powell,cold,0,1265,17.9427,0.005115
scipy-powell,cold,0,1266,17.9570,0.005115
scipy-powell,cold,0,1267,17.9714,0.005115
scipy-powell,cold,0,1268,17.9851,0.005115
scipy-powell,cold,0,1269,17.9989,0.005115
scipy-powell,cold,0,1270,18.0129,0.005115
scipy-powell,cold,0,1271,18.0283,0.005115
scipy-powell,cold,0,1272,18.0417,0.005115
scipy-powell,cold,0,1273,18.0547,0.005115
scipy-powell,cold,0,1274,18.0682,0.005115
scipy-powell,cold,0,1275,18.0819,0.005115
scipy-powell,cold,0,1276,18.0952,0.005115
scipy-powell,cold,0,1277,18.1080,0.005115
scipy-powell,cold,0,1278,18.1202,0.005115
scipy-powell,cold,0,1279,18.1340,0.005115
scipy-powell,cold,0,1280,18.1478,0.005115
scipy-powell,cold,0,1281,18.1630,0.005115
scipy-powell,cold,0,1282,18.1780,0.005115
scipy-powell,cold,0,1283,18.1929,0.005115
scipy-powell,cold,0,1284,18.2070,0.005115
scipy-powell,cold,0,1285,18.2207,0.005077
scipy-powell,cold,0,1287,18.2482,0.005075
scipy-powell,cold,0,1288,18.2639,0.005074
scipy-powell,cold,0,1289,18.2790,0.005074
scipy-powell,cold,0,1290,18.2927,0.005074
scipy-powell,cold,0,1291,18.3062,0.005074
scipy-powell,cold,0,1292,18.3213,0.005074
scipy-powell,cold,0,1297,18.3960,0.005074
scipy-powell,cold,0,1298,18.4107,0.005074
scipy-powell,cold,0,1300,18.4415,0.005074
scipy-powell,cold,0,1304,18.5026,0.005072
scipy-powell,cold,0,1306,18.5337,0.005072
scipy-powell,cold,0,1307,18.5465,0.005072
scipy-powell,cold,0,1308,18.5602,0.005072
scipy-powell,cold,0,1309,18.5730,0.005072
scipy-powell,cold,0,1313,18.6280,0.005072
scipy-powell,cold,0,1319,18.7126,0.005071
scipy-powell,cold,0,1321,18.7396,0.005071
scipy-powell,cold,0,1323,18.7690,0.005071
scipy-powell,cold,0,1324,18.7847,0.005071
scipy-powell,cold,0,1325,18.7994,0.005071
scipy-powell,cold,0,1332,18.8985,0.005056
scipy-powell,cold,0,1335,18.9411,0.005045
scipy-powell,cold,0,1337,18.9667,0.005045
scipy-powell,cold,0,1338,18.9807,0.005045
scipy-powell,cold,0,1339,18.9934,0.005045
scipy-powell,cold,0,1340,19.0072,0.005045
scipy-powell,cold,0,1341,19.0211,0.005045
scipy-powell,cold,0,1342,19.0362,0.005045
scipy-powell,cold,0,1354,19.2005,0.005042
scipy-powell,cold,0,1357,19.2435,0.005042
scipy-powell,cold,0,1358,19.2570,0.005042
scipy-powell,cold,0,1360,19.2837,0.005042
scipy-powell,cold,0,1361,19.2970,0.005042
scipy-powell,cold,0,1362,19.3111,0.005042
scipy-powell,cold,0,1363,19.3236,0.005042
scipy-powell,cold,0,1364,19.3371,0.005042
scipy-powell,cold,0,1374,19.4717,0.005014
scipy-powell,cold,0,1375,19.4844,0.004998
scipy-powell,cold,0,1379,19.5389,0.004998
scipy-powell,cold,0,1380,19.5528,0.004998
scipy-powell,cold,0,1381,19.5651,0.004998
scipy-powell,cold,0,1382,19.5778,0.004998
scipy-powell,cold,0,1383,19.5925,0.004998
scipy-powell,cold,0,1384,19.6069,0.004998
scipy-powell,cold,0,1387,19.6472,0.004998
scipy-powell,cold,0,1391,19.7057,0.004996
scipy-powell,cold,0,1397,19.7929,0.004996
scipy-powell,cold,0,1398,19.8075,0.004996
scipy-powell,cold,0,1399,19.8219,0.004996
scipy-powell,cold,0,1400,19.8371,0.004996
scipy-powell,cold,0,1403,19.8800,0.004996
scipy-powell,cold,0,1406,19.9227,0.004994
scipy-powell,cold,0,1409,19.9647,0.004993
scipy-powell,cold,0,1411,19.9922,0.004993
scipy-powell,cold,0,1412,20.0053,0.004993
scipy-powell,cold,0,1413,20.0191,0.004993
scipy-powell,cold,0,1420,20.1311,0.004984
scipy-powell,cold,0,1421,20.1495,0.004963
scipy-powell,cold,0,1422,20.1695,0.004947
scipy-powell,cold,0,1423,20.1889,0.004938
scipy-powell,cold,0,1424,20.2065,0.004936
scipy-powell,cold,0,1425,20.2273,0.004935
scipy-powell,cold,0,1426,20.2481,0.004935
scipy-powell,cold,0,1427,20.2678,0.004934
scipy-powell,cold,0,1428,20.2871,0.004934
scipy-powell,cold,0,1429,20.3014,0.004934
scipy-powell,cold,0,1430,20.3171,0.004934
scipy-powell,cold,0,1432,20.3583,0.004934
scipy-powell,cold,0,1433,20.3791,0.004934
scipy-powell,cold,0,1434,20.3937,0.004934
scipy-powell,cold,0,1435,20.4084,0.004934
scipy-powell,cold,0,1458,20.7245,0.004906
scipy-powell,cold,0,1459,20.7377,0.004897
scipy-powell,cold,0,1462,20.7763,0.004897
scipy-powell,cold,0,1464,20.8020,0.004897
scipy-powell,cold,0,1465,20.8162,0.004897
scipy-powell,cold,0,1466,20.8292,0.004897
scipy-powell,cold,0,1481,21.1953,0.004895
scipy-powell,cold,0,1482,21.2095,0.004892
scipy-powell,cold,0,1486,21.2671,0.004892
scipy-powell,cold,0,1487,21.2823,0.004892
scipy-powell,cold,0,1488,21.2965,0.004892
scipy-powell,cold,0,1489,21.3113,0.004892
scipy-powell,cold,0,1490,21.3257,0.004892
scipy-powell,cold,0,1494,21.3859,0.004892
scipy-powell,cold,0,1495,21.4007,0.004892
scipy-powell,cold,0,1498,21.4489,0.004892
scipy-powell,cold,0,1500,21.4779,0.004892
scipy-powell,cold,0,1501,21.4929,0.004891
scipy-powell,cold,0,1503,21.5249,0.004891
scipy-powell,cold,0,1504,21.5401,0.004891
scipy-powell,cold,0,1505,21.5541,0.004891
scipy-powell,cold,0,1506,21.5689,0.004891
scipy-powell,cold,0,1507,21.5838,0.004891
scipy-powell,cold,0,1508,21.5995,0.004891
scipy-powell,cold,0,1518,21.7564,0.004891
scipy-powell,cold,0,1519,21.7719,0.004891
scipy-powell,cold,0,1520,21.7884,0.004891
scipy-powell,cold,0,1521,21.8031,0.004891
scipy-powell,cold,0,1522,21.8185,0.004891
scipy-powell,cold,0,1523,21.8353,0.004891
scipy-powell,cold,0,1524,21.8511,0.004891
scipy-powell,cold,0,1525,21.8661,0.004890
scipy-powell,cold,0,1526,21.8802,0.004890
scipy-powell,cold,0,1527,21.8943,0.004890
scipy-powell,cold,0,1528,21.9092,0.004890
scipy-powell,cold,0,1529,21.9251,0.004890
scipy-powell,cold,0,1530,21.9407,0.004890
scipy-powell,cold,0,1531,21.9569,0.004890
scipy-powell,cold,0,1532,21.9741,0.004890
scipy-powell,cold,0,1533,21.9890,0.004890
scipy-powell,cold,0,1534,22.0041,0.004890
scipy-powell,cold,0,1535,22.0185,0.004890
scipy-powell,cold,0,1536,22.0337,0.004890
scipy-powell,cold,0,1537,22.0492,0.004890
scipy-powell,cold,0,1538,22.0649,0.004890
scipy-powell,cold,0,1539,22.0801,0.004890
scipy-powell,cold,0,1540,22.0951,0.004890
scipy-powell,cold,0,1541,22.1105,0.004890
scipy-powell,cold,0,1542,22.1252,0.004890
scipy-powell,cold,0,1543,22.1395,0.004890
scipy-powell,cold,0,1544,22.1552,0.004890
scipy-powell,cold,0,1545,22.1702,0.004890
scipy-powell,cold,0,1546,22.1862,0.004890
scipy-powell,cold,0,1547,22.2013,0.004890
scipy-powell,cold,0,1548,22.2171,0.004890
scipy-powell,cold,0,1549,22.2331,0.004890
scipy-powell,cold,0,1550,22.2483,0.004890
scipy-powell,cold,0,1551,22.2637,0.004890
scipy-powell,cold,0,1552,22.2786,0.004890
scipy-powell,cold,0,1554,22.3082,0.004890
scipy-powell,cold,0,1556,22.3392,0.004890
scipy-powell,cold,0,1557,22.3545,0.004890
scipy-powell,cold,0,1559,22.3860,0.004890
scipy-powell,cold,0,1561,22.4166,0.004890
scipy-powell,cold,0,1562,22.4309,0.004890
scipy-powell,cold,0,1580,22.6993,0.004890
scipy-powell,cold,0,1581,22.7133,0.004889
scipy-powell,cold,0,1582,22.7270,0.004889
scipy-powell,cold,0,1583,22.7405,0.004889
scipy-powell,cold,0,1584,22.7536,0.004889
scipy-powell,cold,0,1585,22.7679,0.004889
scipy-powell,cold,0,1586,22.7810,0.004889
scipy-powell,cold,0,1587,22.7937,0.004889
scipy-powell,cold,0,1588,22.8083,0.004889
scipy-powell,cold,0,1589,22.8216,0.004889
scipy-powell,cold,0,1590,22.8360,0.004889
scipy-powell,cold,0,1591,22.8517,0.004889
scipy-powell,cold,0,1592,22.8649,0.004889
scipy-powell,cold,0,1593,22.8773,0.004889
scipy-powell,cold,0,1594,22.8909,0.004889
scipy-powell,cold,0,1595,22.9039,0.004889
scipy-powell,cold,0,1596,22.9168,0.004889
scipy-powell,cold,0,1597,22.9304,0.004889
scipy-powell,cold,0,1598,22.9447,0.004889
scipy-powell,cold,0,1599,22.9578,0.004889
scipy-powell,cold,0,1600,22.9711,0.004889
scipy-powell,cold,0,1601,22.9843,0.004889
scipy-powell,cold,0,1602,22.9975,0.004889
scipy-powell,cold,0,1603,23.0111,0.004889
scipy-powell,cold,0,1604,23.0243,0.004889
scipy-powell,cold,0,1605,23.0386,0.004889
scipy-powell,cold,0,1606,23.0525,0.004889
scipy-powell,cold,0,1607,23.0648,0.004889
scipy-powell,cold,0,1608,23.0800,0.004889
scipy-powell,cold,0,1609,23.0933,0.004889
scipy-powell,cold,0,1610,23.1067,0.004889
scipy-powell,cold,0,1611,23.1198,0.004888
scipy-powell,cold,0,1614,23.1621,0.004885
scipy-powell,cold,0,1615,23.1767,0.004885
scipy-powell,cold,0,1616,23.1904,0.004885
scipy-powell,cold,0,1618,23.2206,0.004885
scipy-powell,cold,0,1619,23.2376,0.004885
scipy-powell,cold,0,1620,23.2524,0.004885
scipy-powell,cold,0,1621,23.2667,0.004885
scipy-powell,cold,0,1622,23.2804,0.004885
scipy-powell,cold,0,1631,23.4128,0.004883
scipy-powell,cold,0,1632,23.4266,0.004883
scipy-powell,cold,0,1633,23.4409,0.004883
scipy-powell,cold,0,1634,23.4579,0.004883
scipy-powell,cold,0,1635,23.4730,0.004883
scipy-powell,cold,0,1636,23.4878,0.004883
scipy-powell,cold,0,1650,23.6889,0.004883
scipy-powell,cold,0,1651,23.7035,0.004883
scipy-powell,cold,0,1652,23.7171,0.004883
scipy-powell,cold,0,1653,23.7311,0.004883
scipy-powell,cold,0,1654,23.7444,0.004883
scipy-powell,cold,0,1655,23.7582,0.004883
scipy-powell,cold,0,1656,23.7711,0.004883
scipy-powell,cold,0,1660,23.8242,0.004880
scipy-powell,cold,0,1664,23.8769,0.004839
scipy-powell,cold,0,1665,23.8891,0.004836
scipy-powell,cold,0,1666,23.9019,0.004835
scipy-powell,cold,0,1667,23.9160,0.004835
scipy-powell,cold,0,1668,23.9289,0.004835
scipy-powell,cold,0,1669,23.9426,0.004835
scipy-powell,cold,0,1670,23.9562,0.004835
scipy-powell,cold,0,1671,23.9697,0.004835
scipy-powell,cold,0,1678,24.0635,0.004834
scipy-powell,cold,0,1680,24.0893,0.004833
scipy-powell,cold,0,1681,24.1022,0.004832
scipy-powell,cold,0,1682,24.1155,0.004832
scipy-powell,cold,0,1683,24.1289,0.004832
scipy-powell,cold,0,1684,24.1419,0.004832
scipy-powell,cold,0,1685,24.1554,0.004832
scipy-powell,cold,0,1686,24.1688,0.004832
scipy-powell,cold,0,1689,24.2100,0.004832
scipy-powell,cold,0,1690,24.2237,0.004832
scipy-powell,cold,0,1692,24.2515,0.004832
scipy-powell,cold,0,1693,24.2646,0.004832
scipy-powell,cold,0,1694,24.2783,0.004832
scipy-powell,cold,0,1695,24.2925,0.004832
scipy-powell,cold,0,1700,24.3612,0.004832
scipy-powell,cold,0,1705,24.4312,0.004832
scipy-powell,cold,0,1710,24.5032,0.004832
scipy-powell,cold,0,1711,24.5187,0.004832
scipy-powell,cold,0,1712,24.5348,0.004832
scipy-powell,cold,0,1714,24.5628,0.004832
scipy-powell,cold,0,1715,24.5773,0.004832
scipy-powell,cold,0,1716,24.5925,0.004832
scipy-powell,cold,0,1717,24.6075,0.004832
scipy-powell,cold,0,1723,24.6882,0.004832
scipy-powell,cold,0,1731,24.8019,0.004832
scipy-powell,cold,0,1732,24.8161,0.004832
scipy-powell,cold,0,1733,24.8311,0.004832
scipy-powell,cold,0,1734,24.8451,0.004832
scipy-powell,cold,0,1735,24.8601,0.004832
scipy-powell,cold,0,1736,24.8746,0.004832
scipy-powell,cold,0,1745,24.9983,0.004832
scipy-powell,cold,0,1751,25.0876,0.004832
scipy-powell,cold,0,1752,25.1008,0.004831
scipy-powell,cold,0,1753,25.1136,0.004831
scipy-powell,cold,0,1754,25.1267,0.004831
scipy-powell,cold,0,1756,25.1534,0.004831
scipy-powell,cold,0,1757,25.1672,0.004831
scipy-powell,cold,0,1758,25.1804,0.004831
scipy-powell,cold,0,1759,25.1942,0.004831
scipy-powell,cold,0,1760,25.2075,0.004831
scipy-powell,cold,0,1761,25.2200,0.004831
scipy-powell,cold,0,1763,25.2491,0.004831
scipy-powell,cold,0,1776,25.4329,0.004831
scipy-powell,cold,0,1777,25.4479,0.004831
scipy-powell,cold,0,1778,25.4627,0.004831
scipy-powell,cold,0,1779,25.4771,0.004831
scipy-powell,cold,0,1780,25.4913,0.004831
scipy-powell,cold,0,1781,25.5051,0.004831
scipy-powell,cold,0,1782,25.5194,0.004831
scipy-powell,cold,0,1783,25.5339,0.004831
scipy-powell,cold,0,1784,25.5482,0.004831
scipy-powell,cold,0,1785,25.5636,0.004831
scipy-powell,cold,0,1786,25.5781,0.004831
scipy-powell,cold,0,1787,25.5919,0.004831
scipy-powell,cold,0,1788,25.6058,0.004831
scipy-powell,cold,0,1789,25.6202,0.004831
scipy-powell,cold,0,1790,25.6342,0.004831
scipy-powell,cold,0,1791,25.6500,0.004831
scipy-powell,cold,0,1792,25.6651,0.004831
scipy-powell,cold,0,1793,25.6798,0.004831
scipy-powell,cold,0,1794,25.6940,0.004831
scipy-powell,cold,0,1795,25.7080,0.004831
scipy-powell,cold,0,1796,25.7236,0.004831
scipy-powell,cold,0,1797,25.7380,0.004831
scipy-powell,cold,0,1798,25.7522,0.004831
scipy-powell,cold,0,1799,25.7674,0.004831
scipy-powell,cold,0,1800,25.7809,0.004831
scipy-powell,cold,0,1801,25.7945,0.004831
scipy-powell,cold,0,1802,25.8089,0.004831
scipy-powell,cold,0,1803,25.8228,0.004831
scipy-powell,cold,0,1804,25.8366,0.004831
scipy-powell,cold,0,1805,25.8510,0.004831
scipy-powell,cold,0,1806,25.8649,0.004831
scipy-powell,cold,0,1807,25.8784,0.004830
scipy-powell,cold,0,1809,25.9064,0.004828
scipy-powell,cold,0,1810,25.9218,0.004825
scipy-powell,cold,0,1811,25.9361,0.004823
scipy-powell,cold,0,1812,25.9510,0.004822
scipy-powell,cold,0,1814,25.9809,0.004822
scipy-powell,cold,0,1815,25.9966,0.004822
scipy-powell,cold,0,1816,26.0120,0.004822
scipy-powell,cold,0,1817,26.0271,0.004822
scipy-powell,cold,0,1818,26.0424,0.004822
scipy-powell,cold,0,1819,26.0584,0.004822
scipy-powell,cold,0,1822,26.1014,0.004822
scipy-powell,cold,0,1824,26.1314,0.004819
scipy-powell,cold,0,1825,26.1471,0.004808
scipy-powell,cold,0,1826,26.1615,0.004802
scipy-powell,cold,0,1827,26.1759,0.004798
scipy-powell,cold,0,1828,26.1895,0.004795
scipy-powell,cold,0,1829,26.2031,0.004794
scipy-powell,cold,0,1830,26.2172,0.004793
scipy-powell,cold,0,1831,26.2315,0.004793
scipy-powell,cold,0,1832,26.2457,0.004793
scipy-powell,cold,0,1833,26.2625,0.004792
scipy-powell,cold,0,1834,26.2783,0.004792
scipy-powell,cold,0,1835,26.2941,0.004792
scipy-powell,cold,0,1836,26.3110,0.004792
scipy-powell,cold,0,1837,26.3265,0.004792
scipy-powell,cold,0,1838,26.3428,0.004792
scipy-powell,cold,0,1839,26.3584,0.004792
scipy-powell,cold,0,1840,26.3730,0.004792
scipy-powell,cold,0,1841,26.3893,0.004792
scipy-powell,cold,0,1842,26.4049,0.004792
scipy-powell,cold,0,1843,26.4196,0.004792
scipy-powell,cold,0,1844,26.4341,0.004792
scipy-powell,cold,0,1845,26.4485,0.004792
scipy-powell,cold,0,1846,26.4624,0.004792
scipy-powell,cold,0,1847,26.4758,0.004792
scipy-powell,cold,0,1848,26.4898,0.004792
scipy-powell,cold,0,1849,26.5043,0.004792
scipy-powell,cold,0,1850,26.5190,0.004792
scipy-powell,cold,0,1851,26.5338,0.004792
scipy-powell,cold,0,1852,26.5483,0.004792
scipy-powell,cold,0,1853,26.5624,0.004792
scipy-powell,cold,0,1854,26.5761,0.004792
scipy-powell,cold,0,1855,26.5901,0.004792
scipy-powell,cold,0,1856,26.6068,0.004792
scipy-powell,cold,0,1857,26.6208,0.004792
scipy-powell,cold,0,1858,26.6348,0.004792
scipy-powell,cold,0,1859,26.6503,0.004792
scipy-powell,cold,0,1860,26.6655,0.004784
scipy-powell,cold,0,1861,26.6797,0.004783
scipy-powell,cold,0,1863,26.7090,0.004781
scipy-powell,cold,0,1865,26.7380,0.004781
scipy-powell,cold,0,1867,26.7690,0.004781
scipy-powell,cold,0,1868,26.7842,0.004781
scipy-powell,cold,0,1869,26.8007,0.004781
scipy-powell,cold,0,1870,26.8166,0.004781
scipy-powell,cold,0,1872,26.8484,0.004781
scipy-powell,cold,0,1882,26.9947,0.004781
scipy-powell,cold,0,1883,27.0088,0.004781
scipy-powell,cold,0,1884,27.0229,0.004781
scipy-powell,cold,0,1885,27.0369,0.004781
scipy-powell,cold,0,1886,27.0516,0.004781
scipy-powell,cold,0,1887,27.0664,0.004781
scipy-powell,cold,0,1888,27.0815,0.004781
scipy-powell,cold,0,1889,27.0958,0.004781
scipy-powell,cold,0,1890,27.1102,0.004781
scipy-powell,cold,0,1891,27.1244,0.004781
scipy-powell,cold,0,1892,27.1389,0.004781
scipy-powell,cold,0,1893,27.1527,0.004781
scipy-powell,cold,0,1894,27.1674,0.004781
scipy-powell,cold,0,1895,27.1817,0.004781
scipy-powell,cold,0,1896,27.1959,0.004781
scipy-powell,cold,0,1897,27.2107,0.004781
scipy-powell,cold,0,1898,27.2255,0.004781
scipy-powell,cold,0,1899,27.2405,0.004781
scipy-powell,cold,0,1900,27.2556,0.004781
scipy-powell,cold,0,1901,27.2701,0.004781
scipy-powell,cold,0,1902,27.2857,0.004781
scipy-powell,cold,0,1903,27.3001,0.004781
scipy-powell,cold,0,1904,27.3149,0.004781
scipy-powell,cold,0,1905,27.3291,0.004781
scipy-powell,cold,0,1906,27.3425,0.004781
scipy-powell,cold,0,1907,27.3566,0.004781
scipy-powell,cold,0,1908,27.3699,0.004781
scipy-powell,cold,0,1909,27.3853,0.004781
scipy-powell,cold,0,1910,27.3992,0.004781
scipy-powell,cold,0,1911,27.4140,0.004781
scipy-powell,cold,0,1912,27.4278,0.004781
scipy-powell,cold,0,1913,27.4412,0.004781
scipy-powell,cold,0,1914,27.4548,0.004781
scipy-powell,cold,0,1915,27.4673,0.004781
scipy-powell,cold,0,1916,27.4805,0.004781
scipy-powell,cold,0,1917,27.4935,0.004781
scipy-powell,cold,0,1919,27.5202,0.004780
scipy-powell,cold,0,1920,27.5333,0.004780
scipy-powell,cold,0,1921,27.5482,0.004779
scipy-powell,cold,0,1922,27.5633,0.004778
scipy-powell,cold,0,1923,27.5786,0.004777
scipy-powell,cold,0,1924,27.5929,0.004776
scipy-powell,cold,0,1925,27.6086,0.004776
scipy-powell,cold,0,1926,27.6239,0.004776
scipy-powell,cold,0,1927,27.6370,0.004776
scipy-powell,cold,0,1929,27.6657,0.004776
scipy-powell,cold,0,1930,27.6798,0.004776
scipy-powell,cold,0,1931,27.6941,0.004776
scipy-powell,cold,0,1935,27.7489,0.004772
scipy-powell,cold,0,1936,27.7632,0.004766
scipy-powell,cold,0,1937,27.7783,0.004763
scipy-powell,cold,0,1938,27.7920,0.004761
scipy-powell,cold,0,1939,27.8071,0.004759
scipy-powell,cold,0,1940,27.8205,0.004758
scipy-powell,cold,0,1941,27.8341,0.004758
scipy-powell,cold,0,1942,27.8488,0.004757
scipy-powell,cold,0,1943,27.8617,0.004757
scipy-powell,cold,0,1944,27.8763,0.004757
scipy-powell,cold,0,1945,27.8894,0.004757
scipy-powell,cold,0,1946,27.9036,0.004757
scipy-powell,cold,0,1947,27.9160,0.004757
scipy-powell,cold,0,1948,27.9296,0.004757
scipy-powell,cold,0,1949,27.9435,0.004757
scipy-powell,cold,0,1950,27.9562,0.004757
scipy-powell,cold,0,1951,27.9694,0.004757
scipy-powell,cold,0,1952,27.9835,0.004757
scipy-powell,cold,0,1953,27.9967,0.004757
scipy-powell,cold,0,1954,28.0104,0.004757
scipy-powell,cold,0,1955,28.0231,0.004757
scipy-powell,cold,0,1956,28.0361,0.004757
scipy-powell,cold,0,1957,28.0496,0.004757
scipy-powell,cold,0,1958,28.0620,0.004757
scipy-powell,cold,0,1959,28.0756,0.004757
scipy-powell,cold,0,1960,28.0905,0.004757
scipy-powell,cold,0,1961,28.1043,0.004757
scipy-powell,cold,0,1962,28.1173,0.004757
scipy-powell,cold,0,1963,28.1317,0.004757
scipy-powell,cold,0,1964,28.1449,0.004757
scipy-powell,cold,0,1965,28.1585,0.004757
scipy-powell,cold,0,1966,28.1727,0.004757
scipy-powell,cold,0,1967,28.1852,0.004757
scipy-powell,cold,0,1968,28.1987,0.004757
scipy-powell,cold,0,1969,28.2122,0.004757
scipy-powell,cold,0,1970,28.2266,0.004757
scipy-powell,cold,0,1971,28.2403,0.004735
scipy-powell,cold,0,1973,28.2698,0.004731
scipy-powell,cold,0,1975,28.2982,0.004731
scipy-powell,cold,0,1976,28.3131,0.004731
scipy-powell,cold,0,1977,28.3274,0.004731
scipy-powell,cold,0,1978,28.3427,0.004731
scipy-powell,cold,0,1979,28.3574,0.004731
scipy-powell,cold,0,1980,28.3718,0.004731
scipy-powell,cold,0,1981,28.3861,0.004731
scipy-powell,cold,0,1989,28.4994,0.004709
scipy-powell,cold,0,1990,28.5133,0.004691
scipy-powell,cold,0,1991,28.5269,0.004681
scipy-powell,cold,0,1992,28.5407,0.004674
scipy-powell,cold,0,1993,28.5538,0.004670
scipy-powell,cold,0,1994,28.5678,0.004668
scipy-powell,cold,0,1995,28.5819,0.004666
scipy-powell,cold,0,1996,28.5982,0.004666
scipy-powell,cold,0,1997,28.6134,0.004665
scipy-powell,cold,0,1998,28.6274,0.004665
scipy-powell,cold,0,1999,28.6411,0.004664
scipy-powell,cold,0,2000,28.6563,0.004664
scipy-powell,cold,1,0,0.0000,0.006025
scipy-powell,cold,1,2,0.0655,0.006020
scipy-powell,cold,1,4,0.0959,0.006018
scipy-powell,cold,1,5,0.1103,0.006017
scipy-powell,cold,1,6,0.1242,0.006017
scipy-powell,cold,1,7,0.1390,0.006017
scipy-powell,cold,1,8,0.1540,0.006017
scipy-powell,cold,1,9,0.1700,0.006017
scipy-powell,cold,1,17,0.2831,0.006015
scipy-powell,cold,1,20,0.3218,0.006015
scipy-powell,cold,1,21,0.3351,0.006015
scipy-powell,cold,1,22,0.3476,0.006015
scipy-powell,cold,1,24,0.3741,0.006015
scipy-powell,cold,1,26,0.4036,0.006015
scipy-powell,cold,1,27,0.4175,0.006015
scipy-powell,cold,1,28,0.4308,0.006015
scipy-powell,cold,1,32,0.5023,0.006015
scipy-powell,cold,1,36,0.5564,0.006012
scipy-powell,cold,1,37,0.5703,0.006008
scipy-powell,cold,1,38,0.5848,0.006006
scipy-powell,cold,1,39,0.5994,0.006005
scipy-powell,cold,1,40,0.6136,0.006005
scipy-powell,cold,1,41,0.6271,0.006004
scipy-powell,cold,1,42,0.6411,0.006004
scipy-powell,cold,1,43,0.6564,0.006004
scipy-powell,cold,1,44,0.6702,0.006004
scipy-powell,cold,1,45,0.6843,0.006004
scipy-powell,cold,1,46,0.6992,0.006004
scipy-powell,cold,1,47,0.7122,0.006004
scipy-powell,cold,1,48,0.7261,0.006004
scipy-powell,cold,1,49,0.7409,0.006004
scipy-powell,cold,1,50,0.7549,0.006004
scipy-powell,cold,1,51,0.7678,0.006004
scipy-powell,cold,1,52,0.7817,0.006004
scipy-powell,cold,1,53,0.7958,0.006004
scipy-powell,cold,1,54,0.8104,0.006004
scipy-powell,cold,1,55,0.8243,0.006004
scipy-powell,cold,1,56,0.8375,0.006004
scipy-powell,cold,1,57,0.8510,0.006004
scipy-powell,cold,1,58,0.8647,0.006004
scipy-powell,cold,1,59,0.8790,0.006004
scipy-powell,cold,1,60,0.8963,0.006004
scipy-powell,cold,1,61,0.9122,0.006004
scipy-powell,cold,1,62,0.9269,0.006004
scipy-powell,cold,1,63,0.9404,0.006004
scipy-powell,cold,1,64,0.9538,0.006004
scipy-powell,cold,1,65,0.9675,0.006004
scipy-powell,cold,1,66,0.9810,0.006004
scipy-powell,cold,1,67,0.9955,0.006004
scipy-powell,cold,1,68,1.0088,0.006004
scipy-powell,cold,1,69,1.0218,0.006004
scipy-powell,cold,1,70,1.0350,0.006000
scipy-powell,cold,1,72,1.0607,0.005996
scipy-powell,cold,1,74,1.0878,0.005996
scipy-powell,cold,1,75,1.1010,0.005996
scipy-powell,cold,1,77,1.1285,0.005996
scipy-powell,cold,1,78,1.1422,0.005996
scipy-powell,cold,1,86,1.2505,0.005987
scipy-powell,cold,1,87,1.2656,0.005982
scipy-powell,cold,1,88,1.2806,0.005980
scipy-powell,cold,1,89,1.2940,0.005979
scipy-powell,cold,1,90,1.3073,0.005978
scipy-powell,cold,1,91,1.3209,0.005977
scipy-powell,cold,1,92,1.3349,0.005977
scipy-powell,cold,1,93,1.3482,0.005977
scipy-powell,cold,1,94,1.3611,0.005977
scipy-powell,cold,1,95,1.3746,0.005977
scipy-powell,cold,1,96,1.3873,0.005977
scipy-powell,cold,1,97,1.4019,0.005977
scipy-powell,cold,1,98,1.4164,0.005977
scipy-powell,cold,1,99,1.4301,0.005977
scipy-powell,cold,1,100,1.4441,0.005977
scipy-powell,cold,1,101,1.4596,0.005977
scipy-powell,cold,1,102,1.4741,0.005977
scipy-powell,cold,1,103,1.4879,0.005977
scipy-powell,cold,1,104,1.5016,0.005977
scipy-powell,cold,1,105,1.5163,0.005977
scipy-powell,cold,1,106,1.5308,0.005977
scipy-powell,cold,1,107,1.5453,0.005977
scipy-powell,cold,1,108,1.5599,0.005977
scipy-powell,cold,1,109,1.5736,0.005977
scipy-powell,cold,1,110,1.5878,0.005977
scipy-powell,cold,1,111,1.6018,0.005977
scipy-powell,cold,1,112,1.6150,0.005977
scipy-powell,cold,1,113,1.6283,0.005977
scipy-powell,cold,1,114,1.6418,0.005977
scipy-powell,cold,1,115,1.6552,0.005977
scipy-powell,cold,1,116,1.6689,0.005977
scipy-powell,cold,1,117,1.6824,0.005977
scipy-powell,cold,1,120,1.7222,0.005963
scipy-powell,cold,1,121,1.7352,0.005955
scipy-powell,cold,1,122,1.7483,0.005954
scipy-powell,cold,1,123,1.7621,0.005954
scipy-powell,cold,1,124,1.7750,0.005954
scipy-powell,cold,1,126,1.8013,0.005954
scipy-powell,cold,1,127,1.8143,0.005954
scipy-powell,cold,1,128,1.8277,0.005954
scipy-powell,cold,1,134,1.9092,0.005890
scipy-powell,cold,1,136,1.9366,0.005813
scipy-powell,cold,1,137,1.9498,0.005764
scipy-powell,cold,1,138,1.9634,0.005739
scipy-powell,cold,1,139,1.9773,0.005727
scipy-powell,cold,1,140,1.9916,0.005720
scipy-powell,cold,1,141,2.0052,0.005716
scipy-powell,cold,1,142,2.0196,0.005714
scipy-powell,cold,1,143,2.0332,0.005713
scipy-powell,cold,1,144,2.0476,0.005712
scipy-powell,cold,1,145,2.0626,0.005712
scipy-powell,cold,1,146,2.0765,0.005712
scipy-powell,cold,1,147,2.0910,0.005711
scipy-powell,cold,1,148,2.1072,0.005711
scipy-powell,cold,1,149,2.1225,0.005711
scipy-powell,cold,1,150,2.1373,0.005711
scipy-powell,cold,1,151,2.1526,0.005711
scipy-powell,cold,1,152,2.1678,0.005711
scipy-powell,cold,1,153,2.1823,0.005711
scipy-powell,cold,1,154,2.1975,0.005711
scipy-powell,cold,1,155,2.2123,0.005711
scipy-powell,cold,1,156,2.2261,0.005711
scipy-powell,cold,1,157,2.2398,0.005711
scipy-powell,cold,1,158,2.2536,0.005711
scipy-powell,cold,1,159,2.2674,0.005711
scipy-powell,cold,1,160,2.2802,0.005711
scipy-powell,cold,1,161,2.2937,0.005711
scipy-powell,cold,1,162,2.3092,0.005711
scipy-powell,cold,1,163,2.3236,0.005711
scipy-powell,cold,1,164,2.3373,0.005711
scipy-powell,cold,1,165,2.3516,0.005711
scipy-powell,cold,1,166,2.3656,0.005711
scipy-powell,cold,1,167,2.3793,0.005711
scipy-powell,cold,1,168,2.3934,0.005711
scipy-powell,cold,1,169,2.4080,0.005711
scipy-powell,cold,1,170,2.4226,0.005711
scipy-powell,cold,1,172,2.4505,0.005709
scipy-powell,cold,1,175,2.4889,0.005709
scipy-powell,cold,1,177,2.5147,0.005708
scipy-powell,cold,1,179,2.5395,0.005708
scipy-powell,cold,1,180,2.5532,0.005708
scipy-powell,cold,1,181,2.5668,0.005708
scipy-powell,cold,1,188,2.6648,0.005700
scipy-powell,cold,1,190,2.6915,0.005698
scipy-powell,cold,1,191,2.7048,0.005697
scipy-powell,cold,1,194,2.7445,0.005697
scipy-powell,cold,1,195,2.7589,0.005697
scipy-powell,cold,1,196,2.7724,0.005697
scipy-powell,cold,1,197,2.7862,0.005697
scipy-powell,cold,1,198,2.7996,0.005697
scipy-powell,cold,1,199,2.8130,0.005697
scipy-powell,cold,1,200,2.8268,0.005697
scipy-powell,cold,1,217,3.0611,0.005697
scipy-powell,cold,1,218,3.0742,0.005697
scipy-powell,cold,1,219,3.0872,0.005697
scipy-powell,cold,1,220,3.0996,0.005697
scipy-powell,cold,1,221,3.1128,0.005697
scipy-powell,cold,1,222,3.1254,0.005697
scipy-powell,cold,1,223,3.1385,0.005697
scipy-powell,cold,1,224,3.1519,0.005697
scipy-powell,cold,1,230,3.2307,0.005697
scipy-powell,cold,1,235,3.2934,0.005683
scipy-powell,cold,1,236,3.3061,0.005674
scipy-powell,cold,1,237,3.3190,0.005669
scipy-powell,cold,1,238,3.3322,0.005666
scipy-powell,cold,1,239,3.3455,0.005665
scipy-powell,cold,1,240,3.3588,0.005664
scipy-powell,cold,1,241,3.3722,0.005663
scipy-powell,cold,1,242,3.3855,0.005663
scipy-powell,cold,1,243,3.3993,0.005663
scipy-powell,cold,1,244,3.4123,0.005662
scipy-powell,cold,1,245,3.4254,0.005662
scipy-powell,cold,1,246,3.4387,0.005662
scipy-powell,cold,1,247,3.4523,0.005662
scipy-powell,cold,1,248,3.4649,0.005662
scipy-powell,cold,1,249,3.4774,0.005662
scipy-powell,cold,1,250,3.4915,0.005662
scipy-powell,cold,1,251,3.5048,0.005662
scipy-powell,cold,1,252,3.5180,0.005662
scipy-powell,cold,1,253,3.5310,0.005662
scipy-powell,cold,1,254,3.5436,0.005662
scipy-powell,cold,1,255,3.5566,0.005662
scipy-powell,cold,1,256,3.5697,0.005662
scipy-powell,cold,1,257,3.5822,0.005662
scipy-powell,cold,1,258,3.5947,0.005662
scipy-powell,cold,1,259,3.6080,0.005662
scipy-powell,cold,1,260,3.6217,0.005662
scipy-powell,cold,1,261,3.6349,0.005662
scipy-powell,cold,1,262,3.6480,0.005662
scipy-powell,cold,1,263,3.6607,0.005662
scipy-powell,cold,1,264,3.6736,0.005662
scipy-powell,cold,1,265,3.6867,0.005662
scipy-powell,cold,1,266,3.6999,0.005662
scipy-powell,cold,1,267,3.7143,0.005662
scipy-powell,cold,1,268,3.7283,0.005662
scipy-powell,cold,1,269,3.7422,0.005662
scipy-powell,cold,1,272,3.7806,0.005650
scipy-powell,cold,1,273,3.7935,0.005641
scipy-powell,cold,1,274,3.8064,0.005640
scipy-powell,cold,1,276,3.8311,0.005640
scipy-powell,cold,1,278,3.8575,0.005640
scipy-powell,cold,1,279,3.8703,0.005640
scipy-powell,cold,1,280,3.8834,0.005640
scipy-powell,cold,1,282,3.9085,0.005640
scipy-powell,cold,1,283,3.9215,0.005640
scipy-powell,cold,1,284,3.9356,0.005640
scipy-powell,cold,1,285,3.9494,0.005640
scipy-powell,cold,1,290,4.0149,0.005640
scipy-powell,cold,1,295,4.0791,0.005635
scipy-powell,cold,1,300,4.1441,0.005635
scipy-powell,cold,1,301,4.1578,0.005635
scipy-powell,cold,1,302,4.1712,0.005635
scipy-powell,cold,1,303,4.1845,0.005635
scipy-powell,cold,1,314,4.3366,0.005635
scipy-powell,cold,1,315,4.3500,0.005635
scipy-powell,cold,1,316,4.3633,0.005635
scipy-powell,cold,1,317,4.3762,0.005635
scipy-powell,cold,1,318,4.3891,0.005635
scipy-powell,cold,1,319,4.4020,0.005635
scipy-powell,cold,1,325,4.4780,0.005631
scipy-powell,cold,1,330,4.5415,0.005631
scipy-powell,cold,1,331,4.5538,0.005631
scipy-powell,cold,1,333,4.5792,0.005631
scipy-powell,cold,1,334,4.5921,0.005631
scipy-powell,cold,1,335,4.6044,0.005631
scipy-powell,cold,1,336,4.6178,0.005631
scipy-powell,cold,1,348,4.7714,0.005631
scipy-powell,cold,1,349,4.7841,0.005631
scipy-powell,cold,1,350,4.7960,0.005631
scipy-powell,cold,1,351,4.8100,0.005631
scipy-powell,cold,1,352,4.8233,0.005631
scipy-powell,cold,1,355,4.8628,0.005631
scipy-powell,cold,1,362,4.9566,0.005630
scipy-powell,cold,1,363,4.9710,0.005629
scipy-powell,cold,1,364,4.9842,0.005629
scipy-powell,cold,1,365,4.9978,0.005629
scipy-powell,cold,1,366,5.0139,0.005629
scipy-powell,cold,1,367,5.0286,0.005629
scipy-powell,cold,1,368,5.0428,0.005629
scipy-powell,cold,1,369,5.0558,0.005629
scipy-powell,cold,1,370,5.0683,0.005629
scipy-powell,cold,1,371,5.0807,0.005629
scipy-powell,cold,1,372,5.0940,0.005629
scipy-powell,cold,1,373,5.1063,0.005629
scipy-powell,cold,1,374,5.1191,0.005629
scipy-powell,cold,1,375,5.1323,0.005629
scipy-powell,cold,1,376,5.1446,0.005629
scipy-powell,cold,1,377,5.1570,0.005629
scipy-powell,cold,1,378,5.1694,0.005629
scipy-powell,cold,1,379,5.1815,0.005629
scipy-powell,cold,1,380,5.1945,0.005629
scipy-powell,cold,1,381,5.2071,0.005629
scipy-powell,cold,1,382,5.2197,0.005629
scipy-powell,cold,1,383,5.2323,0.005629
scipy-powell,cold,1,384,5.2452,0.005629
scipy-powell,cold,1,385,5.2582,0.005629
scipy-powell,cold,1,386,5.2712,0.005629
scipy-powell,cold,1,387,5.2848,0.005629
scipy-powell,cold,1,388,5.2987,0.005629
scipy-powell,cold,1,389,5.3131,0.005629
scipy-powell,cold,1,390,5.3261,0.005629
scipy-powell,cold,1,391,5.3390,0.005629
scipy-powell,cold,1,392,5.3531,0.005629
scipy-powell,cold,1,393,5.3657,0.005629
scipy-powell,cold,1,394,5.3788,0.005629
scipy-powell,cold,1,395,5.3913,0.005629
scipy-powell,cold,1,396,5.4035,0.005629
scipy-powell,cold,1,397,5.4166,0.005629
scipy-powell,cold,1,398,5.4308,0.005628
scipy-powell,cold,1,401,5.4727,0.005628
scipy-powell,cold,1,403,5.4993,0.005628
scipy-powell,cold,1,404,5.5125,0.005628
scipy-powell,cold,1,405,5.5266,0.005628
scipy-powell,cold,1,406,5.5410,0.005628
scipy-powell,cold,1,407,5.5547,0.005628
scipy-powell,cold,1,408,5.5680,0.005628
scipy-powell,cold,1,416,5.6809,0.005626
scipy-powell,cold,1,417,5.6947,0.005626
scipy-powell,cold,1,419,5.7212,0.005625
scipy-powell,cold,1,420,5.7342,0.005625
scipy-powell,cold,1,421,5.7465,0.005625
scipy-powell,cold,1,423,5.7711,0.005625
scipy-powell,cold,1,424,5.7830,0.005625
scipy-powell,cold,1,425,5.7954,0.005625
scipy-powell,cold,1,426,5.8082,0.005625
scipy-powell,cold,1,430,5.8585,0.005625
scipy-powell,cold,1,432,5.8854,0.005625
scipy-powell,cold,1,438,5.9636,0.005625
scipy-powell,cold,1,441,6.0032,0.005625
scipy-powell,cold,1,443,6.0298,0.005625
scipy-powell,cold,1,444,6.0423,0.005625
scipy-powell,cold,1,445,6.0550,0.005625
scipy-powell,cold,1,446,6.0675,0.005625
scipy-powell,cold,1,447,6.0805,0.005625
scipy-powell,cold,1,458,6.2183,0.005624
scipy-powell,cold,1,461,6.2562,0.005624
scipy-powell,cold,1,462,6.2680,0.005624
scipy-powell,cold,1,463,6.2818,0.005624
scipy-powell,cold,1,464,6.2945,0.005624
scipy-powell,cold,1,465,6.3074,0.005624
scipy-powell,cold,1,466,6.3202,0.005624
scipy-powell,cold,1,468,6.3462,0.005624
scipy-powell,cold,1,476,6.4512,0.005623
scipy-powell,cold,1,478,6.4793,0.005622
scipy-powell,cold,1,479,6.4929,0.005622
scipy-powell,cold,1,480,6.5073,0.005622
scipy-powell,cold,1,481,6.5206,0.005622
scipy-powell,cold,1,482,6.5344,0.005622
scipy-powell,cold,1,483,6.5479,0.005622
scipy-powell,cold,1,484,6.5618,0.005622
scipy-powell,cold,1,493,6.6821,0.005622
scipy-powell,cold,1,494,6.6952,0.005622
scipy-powell,cold,1,495,6.7077,0.005622
scipy-powell,cold,1,496,6.7227,0.005622
scipy-powell,cold,1,497,6.7361,0.005622
scipy-powell,cold,1,498,6.7500,0.005621
scipy-powell,cold,1,499,6.7627,0.005621
scipy-powell,cold,1,500,6.7755,0.005621
scipy-powell,cold,1,501,6.7892,0.005621
scipy-powell,cold,1,502,6.8016,0.005621
scipy-powell,cold,1,503,6.8152,0.005621
scipy-powell,cold,1,504,6.8277,0.005621
scipy-powell,cold,1,505,6.8409,0.005621
scipy-powell,cold,1,506,6.8541,0.005621
scipy-powell,cold,1,507,6.8669,0.005621
scipy-powell,cold,1,508,6.8804,0.005621
scipy-powell,cold,1,509,6.8934,0.005621
scipy-powell,cold,1,510,6.9091,0.005621
scipy-powell,cold,1,511,6.9229,0.005621
scipy-powell,cold,1,512,6.9386,0.005621
scipy-powell,cold,1,513,6.9527,0.005621
scipy-powell,cold,1,514,6.9662,0.005621
scipy-powell,cold,1,515,6.9798,0.005621
scipy-powell,cold,1,516,6.9943,0.005621
scipy-powell,cold,1,517,7.0075,0.005621
scipy-powell,cold,1,518,7.0201,0.005621
scipy-powell,cold,1,519,7.0330,0.005621
scipy-powell,cold,1,520,7.0465,0.005621
scipy-powell,cold,1,521,7.0597,0.005621
scipy-powell,cold,1,522,7.0738,0.005621
scipy-powell,cold,1,523,7.0867,0.005621
scipy-powell,cold,1,524,7.0997,0.005621
scipy-powell,cold,1,525,7.1132,0.005621
scipy-powell,cold,1,526,7.1269,0.005621
scipy-powell,cold,1,527,7.1404,0.005621
scipy-powell,cold,1,528,7.1543,0.005621
scipy-powell,cold,1,529,7.1687,0.005621
scipy-powell,cold,1,532,7.2084,0.005621
scipy-powell,cold,1,534,7.2344,0.005621
scipy-powell,cold,1,535,7.2475,0.005621
scipy-powell,cold,1,536,7.2603,0.005621
scipy-powell,cold,1,537,7.2729,0.005621
scipy-powell,cold,1,538,7.2863,0.005621
scipy-powell,cold,1,549,7.4347,0.005621
scipy-powell,cold,1,550,7.4472,0.005621
scipy-powell,cold,1,551,7.4605,0.005621
scipy-powell,cold,1,552,7.4739,0.005621
scipy-powell,cold,1,553,7.4865,0.005621
scipy-powell,cold,1,558,7.5553,0.005621
scipy-powell,cold,1,562,7.6071,0.005620
scipy-powell,cold,1,564,7.6329,0.005620
scipy-powell,cold,1,565,7.6460,0.005620
scipy-powell,cold,1,566,7.6584,0.005620
scipy-powell,cold,1,567,7.6712,0.005620
scipy-powell,cold,1,568,7.6837,0.005620
scipy-powell,cold,1,569,7.6965,0.005620
scipy-powell,cold,1,570,7.7084,0.005620
scipy-powell,cold,1,581,7.8465,0.005620
scipy-powell,cold,1,583,7.8711,0.005620
scipy-powell,cold,1,584,7.8829,0.005620
scipy-powell,cold,1,585,7.8955,0.005620
scipy-powell,cold,1,586,7.9082,0.005620
scipy-powell,cold,1,593,8.0076,0.005620
scipy-powell,cold,1,600,8.1054,0.005614
scipy-powell,cold,1,606,8.1867,0.005614
scipy-powell,cold,1,607,8.2004,0.005614
scipy-powell,cold,1,608,8.2132,0.005614
scipy-powell,cold,1,609,8.2265,0.005614
scipy-powell,cold,1,610,8.2395,0.005614
scipy-powell,cold,1,615,8.3055,0.005611
scipy-powell,cold,1,617,8.3341,0.005608
scipy-powell,cold,1,618,8.3473,0.005607
scipy-powell,cold,1,619,8.3600,0.005607
scipy-powell,cold,1,620,8.3726,0.005607
scipy-powell,cold,1,621,8.3864,0.005607
scipy-powell,cold,1,622,8.3994,0.005607
scipy-powell,cold,1,623,8.4121,0.005607
scipy-powell,cold,1,624,8.4256,0.005607
scipy-powell,cold,1,626,8.4548,0.005607
scipy-powell,cold,1,632,8.5383,0.005606
scipy-powell,cold,1,633,8.5518,0.005605
scipy-powell,cold,1,634,8.5651,0.005605
scipy-powell,cold,1,635,8.5799,0.005605
scipy-powell,cold,1,637,8.6074,0.005605
scipy-powell,cold,1,638,8.6207,0.005605
scipy-powell,cold,1,639,8.6344,0.005605
scipy-powell,cold,1,640,8.6473,0.005605
scipy-powell,cold,1,641,8.6610,0.005605
scipy-powell,cold,1,642,8.6749,0.005605
scipy-powell,cold,1,643,8.6903,0.005605
scipy-powell,cold,1,644,8.7034,0.005605
scipy-powell,cold,1,645,8.7170,0.005605
scipy-powell,cold,1,646,8.7308,0.005605
scipy-powell,cold,1,647,8.7444,0.005605
scipy-powell,cold,1,648,8.7577,0.005605
scipy-powell,cold,1,649,8.7713,0.005605
scipy-powell,cold,1,650,8.7847,0.005605
scipy-powell,cold,1,651,8.7981,0.005605
scipy-powell,cold,1,652,8.8110,0.005605
scipy-powell,cold,1,653,8.8238,0.005605
scipy-powell,cold,1,654,8.8375,0.005605
scipy-powell,cold,1,655,8.8512,0.005605
scipy-powell,cold,1,656,8.8651,0.005605
scipy-powell,cold,1,657,8.8796,0.005605
scipy-powell,cold,1,658,8.8951,0.005605
scipy-powell,cold,1,659,8.9092,0.005605
scipy-powell,cold,1,660,8.9228,0.005605
scipy-powell,cold,1,661,8.9366,0.005605
scipy-powell,cold,1,662,8.9498,0.005605
scipy-powell,cold,1,663,8.9636,0.005605
scipy-powell,cold,1,664,8.9770,0.005605
scipy-powell,cold,1,665,8.9914,0.005605
scipy-powell,cold,1,666,9.0049,0.005605
scipy-powell,cold,1,667,9.0193,0.005605
scipy-powell,cold,1,669,9.0486,0.005604
scipy-powell,cold,1,673,9.1042,0.005604
scipy-powell,cold,1,674,9.1178,0.005604
scipy-powell,cold,1,675,9.1311,0.005604
scipy-powell,cold,1,676,9.1456,0.005604
scipy-powell,cold,1,677,9.1599,0.005604
scipy-powell,cold,1,791,10.6882,0.005604
scipy-powell,cold,1,793,10.7146,0.005603
scipy-powell,cold,1,794,10.7269,0.005603
scipy-powell,cold,1,795,10.7390,0.005603
scipy-powell,cold,1,796,10.7516,0.005603
scipy-powell,cold,1,797,10.7650,0.005603
scipy-powell,cold,1,798,10.7781,0.005603
scipy-powell,cold,1,799,10.7919,0.005603
scipy-powell,cold,1,800,10.8051,0.005603
scipy-powell,cold,1,801,10.8189,0.005603
scipy-powell,cold,1,802,10.8318,0.005603
scipy-powell,cold,1,803,10.8447,0.005603
scipy-powell,cold,1,804,10.8584,0.005603
scipy-powell,cold,1,805,10.8710,0.005603
scipy-powell,cold,1,806,10.8834,0.005603
scipy-powell,cold,1,807,10.8968,0.005603
scipy-powell,cold,1,808,10.9101,0.005603
scipy-powell,cold,1,809,10.9236,0.005603
scipy-powell,cold,1,810,10.9370,0.005603
scipy-powell,cold,1,811,10.9517,0.005603
scipy-powell,cold,1,812,10.9654,0.005603
scipy-powell,cold,1,813,10.9781,0.005603
scipy-powell,cold,1,814,10.9922,0.005603
scipy-powell,cold,1,815,11.0047,0.005603
scipy-powell,cold,1,816,11.0175,0.005603
scipy-powell,cold,1,817,11.0303,0.005603
scipy-powell,cold,1,818,11.0425,0.005603
scipy-powell,cold,1,819,11.0551,0.005603
scipy-powell,cold,1,820,11.0677,0.005603
scipy-powell,cold,1,821,11.0799,0.005603
scipy-powell,cold,1,822,11.0923,0.005603
scipy-powell,cold,1,823,11.1058,0.005603
scipy-powell,cold,1,824,11.1192,0.005603
scipy-powell,cold,1,825,11.1324,0.005603
scipy-powell,cold,1,826,11.1461,0.005603
scipy-powell,cold,1,827,11.1597,0.005601
scipy-powell,cold,1,829,11.1861,0.005600
scipy-powell,cold,1,830,11.1990,0.005600
scipy-powell,cold,1,831,11.2128,0.005600
scipy-powell,cold,1,832,11.2269,0.005599
scipy-powell,cold,1,834,11.2522,0.005599
scipy-powell,cold,1,835,11.2654,0.005599
scipy-powell,cold,1,836,11.2784,0.005599
scipy-powell,cold,1,837,11.2905,0.005599
scipy-powell,cold,1,838,11.3027,0.005599
scipy-powell,cold,1,839,11.3160,0.005599
scipy-powell,cold,1,840,11.3293,0.005599
scipy-powell,cold,1,844,11.3845,0.005599
scipy-powell,cold,1,854,11.5348,0.005598
scipy-powell,cold,1,855,11.5492,0.005598
scipy-powell,cold,1,856,11.5639,0.005598
scipy-powell,cold,1,857,11.5784,0.005598
scipy-powell,cold,1,858,11.5921,0.005598
scipy-powell,cold,1,865,11.6989,0.005595
scipy-powell,cold,1,867,11.8732,0.005595
scipy-powell,cold,1,868,11.8869,0.005595
scipy-powell,cold,1,869,11.9020,0.005595
scipy-powell,cold,1,870,11.9166,0.005595
scipy-powell,cold,1,871,11.9313,0.005595
scipy-powell,cold,1,877,12.0201,0.005594
scipy-powell,cold,1,878,12.0340,0.005594
scipy-powell,cold,1,879,12.0486,0.005594
scipy-powell,cold,1,880,12.0637,0.005594
scipy-powell,cold,1,881,12.0775,0.005594
scipy-powell,cold,1,882,12.0922,0.005594
scipy-powell,cold,1,889,12.1887,0.005591
scipy-powell,cold,1,894,12.2737,0.005591
scipy-powell,cold,1,896,12.3099,0.005591
scipy-powell,cold,1,897,12.3293,0.005591
scipy-powell,cold,1,898,12.3501,0.005591
scipy-powell,cold,1,899,12.3696,0.005591
scipy-powell,cold,1,900,12.3899,0.005591
scipy-powell,cold,1,905,12.4887,0.005591
scipy-powell,cold,1,910,12.5632,0.005591
scipy-powell,cold,1,911,12.5776,0.005591
scipy-powell,cold,1,912,12.5918,0.005591
scipy-powell,cold,1,913,12.6060,0.005591
scipy-powell,cold,1,914,12.6212,0.005591
scipy-powell,cold,1,924,12.7691,0.005591
scipy-powell,cold,1,927,12.8094,0.005591
scipy-powell,cold,1,933,12.8924,0.005590
scipy-powell,cold,1,938,12.9616,0.005590
scipy-powell,cold,1,939,12.9750,0.005590
scipy-powell,cold,1,943,13.0331,0.005590
scipy-powell,cold,1,945,13.0617,0.005588
scipy-powell,cold,1,948,13.1022,0.005587
scipy-powell,cold,1,949,13.1161,0.005587
scipy-powell,cold,1,950,13.1303,0.005587
scipy-powell,cold,1,951,13.1440,0.005587
scipy-powell,cold,1,952,13.1581,0.005587
scipy-powell,cold,1,953,13.1712,0.005587
scipy-powell,cold,1,961,13.2748,0.005587
scipy-powell,cold,1,962,13.2886,0.005587
scipy-powell,cold,1,973,13.4397,0.005587
scipy-powell,cold,1,974,13.4537,0.005587
scipy-powell,cold,1,975,13.4677,0.005586
scipy-powell,cold,1,976,13.4823,0.005586
scipy-powell,cold,1,977,13.4965,0.005586
scipy-powell,cold,1,978,13.5112,0.005586
scipy-powell,cold,1,979,13.5252,0.005586
scipy-powell,cold,1,980,13.5385,0.005586
scipy-powell,cold,1,981,13.5514,0.005586
scipy-powell,cold,1,982,13.5644,0.005586
scipy-powell,cold,1,983,13.5777,0.005586
scipy-powell,cold,1,984,13.5912,0.005586
scipy-powell,cold,1,985,13.6048,0.005586
scipy-powell,cold,1,986,13.6184,0.005586
scipy-powell,cold,1,987,13.6315,0.005586
scipy-powell,cold,1,988,13.6448,0.005586
scipy-powell,cold,1,989,13.6591,0.005586
scipy-powell,cold,1,990,13.6724,0.005586
scipy-powell,cold,1,991,13.6860,0.005586
scipy-powell,cold,1,992,13.6992,0.005586
scipy-powell,cold,1,993,13.7129,0.005586
scipy-powell,cold,1,994,13.7266,0.005586
scipy-powell,cold,1,995,13.7401,0.005586
scipy-powell,cold,1,996,13.7552,0.005586
scipy-powell,cold,1,997,13.7690,0.005586
scipy-powell,cold,1,998,13.7825,0.005586
scipy-powell,cold,1,999,13.7961,0.005586
scipy-powell,cold,1,1000,13.8095,0.005586
scipy-powell,cold,1,1001,13.8230,0.005586
scipy-powell,cold,1,1002,13.8363,0.005586
scipy-powell,cold,1,1003,13.8500,0.005586
scipy-powell,cold,1,1004,13.8642,0.005586
scipy-powell,cold,1,1007,13.9049,0.005586
scipy-powell,cold,1,1008,13.9195,0.005579
scipy-powell,cold,1,1010,13.9475,0.005578
scipy-powell,cold,1,1011,13.9606,0.005578
scipy-powell,cold,1,1013,13.9880,0.005578
scipy-powell,cold,1,1014,14.0013,0.005578
scipy-powell,cold,1,1015,14.0149,0.005578
scipy-powell,cold,1,1021,14.0953,0.005577
scipy-powell,cold,1,1022,14.1093,0.005576
scipy-powell,cold,1,1023,14.1236,0.005576
scipy-powell,cold,1,1024,14.1378,0.005576
scipy-powell,cold,1,1025,14.1518,0.005576
scipy-powell,cold,1,1026,14.1652,0.005576
scipy-powell,cold,1,1027,14.1784,0.005576
scipy-powell,cold,1,1028,14.1920,0.005576
scipy-powell,cold,1,1029,14.2058,0.005576
scipy-powell,cold,1,1030,14.2194,0.005576
scipy-powell,cold,1,1031,14.2332,0.005576
scipy-powell,cold,1,1032,14.2473,0.005576
scipy-powell,cold,1,1033,14.2611,0.005576
scipy-powell,cold,1,1034,14.2750,0.005576
scipy-powell,cold,1,1035,14.2902,0.005576
scipy-powell,cold,1,1036,14.3057,0.005576
scipy-powell,cold,1,1037,14.3195,0.005576
scipy-powell,cold,1,1038,14.3323,0.005576
scipy-powell,cold,1,1039,14.3458,0.005576
scipy-powell,cold,1,1040,14.3595,0.005576
scipy-powell,cold,1,1041,14.3736,0.005576
scipy-powell,cold,1,1042,14.3874,0.005576
scipy-powell,cold,1,1043,14.4017,0.005576
scipy-powell,cold,1,1044,14.4164,0.005576
scipy-powell,cold,1,1045,14.4309,0.005576
scipy-powell,cold,1,1046,14.4453,0.005576
scipy-powell,cold,1,1047,14.4603,0.005576
scipy-powell,cold,1,1048,14.4747,0.005576
scipy-powell,cold,1,1049,14.4902,0.005576
scipy-powell,cold,1,1050,14.5072,0.005576
scipy-powell,cold,1,1051,14.5241,0.005576
scipy-powell,cold,1,1052,14.5376,0.005576
scipy-powell,cold,1,1053,14.5509,0.005576
scipy-powell,cold,1,1054,14.5640,0.005576
scipy-powell,cold,1,1058,14.6224,0.005575
scipy-powell,cold,1,1059,14.6373,0.005574
scipy-powell,cold,1,1060,14.6527,0.005573
scipy-powell,cold,1,1061,14.6688,0.005573
scipy-powell,cold,1,1062,14.6835,0.005572
scipy-powell,cold,1,1063,14.6992,0.005572
scipy-powell,cold,1,1064,14.7159,0.005572
scipy-powell,cold,1,1065,14.7314,0.005572
scipy-powell,cold,1,1066,14.7456,0.005572
scipy-powell,cold,1,1067,14.7611,0.005572
scipy-powell,cold,1,1068,14.7753,0.005572
scipy-powell,cold,1,1069,14.7903,0.005572
scipy-powell,cold,1,1070,14.8050,0.005572
scipy-powell,cold,1,1071,14.8202,0.005572
scipy-powell,cold,1,1072,14.8343,0.005572
scipy-powell,cold,1,1073,14.8483,0.005572
scipy-powell,cold,1,1074,14.8627,0.005572
scipy-powell,cold,1,1075,14.8769,0.005572
scipy-powell,cold,1,1076,14.8915,0.005572
scipy-powell,cold,1,1077,14.9055,0.005572
scipy-powell,cold,1,1078,14.9206,0.005572
scipy-powell,cold,1,1079,14.9353,0.005572
scipy-powell,cold,1,1080,14.9490,0.005572
scipy-powell,cold,1,1081,14.9638,0.005572
scipy-powell,cold,1,1082,14.9786,0.005572
scipy-powell,cold,1,1083,14.9943,0.005572
scipy-powell,cold,1,1084,15.0093,0.005572
scipy-powell,cold,1,1085,15.0243,0.005572
scipy-powell,cold,1,1086,15.0387,0.005572
scipy-powell,cold,1,1087,15.0529,0.005572
scipy-powell,cold,1,1088,15.0668,0.005572
scipy-powell,cold,1,1089,15.0804,0.005572
scipy-powell,cold,1,1090,15.0943,0.005572
scipy-powell,cold,1,1091,15.1077,0.005572
scipy-powell,cold,1,1092,15.1227,0.005572
scipy-powell,cold,1,1095,15.1683,0.005572
scipy-powell,cold,1,1096,15.1843,0.005570
scipy-powell,cold,1,1097,15.1987,0.005568
scipy-powell,cold,1,1098,15.2127,0.005566
scipy-powell,cold,1,1099,15.2276,0.005565
scipy-powell,cold,1,1100,15.2422,0.005564
scipy-powell,cold,1,1101,15.2558,0.005564
scipy-powell,cold,1,1102,15.2698,0.005563
scipy-powell,cold,1,1103,15.2837,0.005563
scipy-powell,cold,1,1104,15.2969,0.005563
scipy-powell,cold,1,1105,15.3102,0.005563
scipy-powell,cold,1,1106,15.3243,0.005563
scipy-powell,cold,1,1107,15.3383,0.005563
scipy-powell,cold,1,1108,15.3526,0.005563
scipy-powell,cold,1,1109,15.3670,0.005562
scipy-powell,cold,1,1110,15.3820,0.005562
scipy-powell,cold,1,1111,15.3965,0.005562
scipy-powell,cold,1,1112,15.4121,0.005562
scipy-powell,cold,1,1113,15.4270,0.005562
scipy-powell,cold,1,1114,15.4436,0.005562
scipy-powell,cold,1,1115,15.4582,0.005562
scipy-powell,cold,1,1116,15.4725,0.005562
scipy-powell,cold,1,1117,15.4869,0.005562
scipy-powell,cold,1,1118,15.5020,0.005562
scipy-powell,cold,1,1119,15.5218,0.005562
scipy-powell,cold,1,1120,15.5372,0.005562
scipy-powell,cold,1,1121,15.5515,0.005562
scipy-powell,cold,1,1122,15.5662,0.005562
scipy-powell,cold,1,1123,15.5810,0.005562
scipy-powell,cold,1,1124,15.5964,0.005562
scipy-powell,cold,1,1125,15.6110,0.005562
scipy-powell,cold,1,1126,15.6253,0.005562
scipy-powell,cold,1,1127,15.6405,0.005562
scipy-powell,cold,1,1128,15.6553,0.005562
scipy-powell,cold,1,1129,15.6701,0.005562
scipy-powell,cold,1,1130,15.6851,0.005562
scipy-powell,cold,1,1133,15.7311,0.005556
scipy-powell,cold,1,1135,15.7623,0.005556
scipy-powell,cold,1,1136,15.7779,0.005556
scipy-powell,cold,1,1137,15.7920,0.005556
scipy-powell,cold,1,1138,15.8074,0.005556
scipy-powell,cold,1,1149,15.9749,0.005555
scipy-powell,cold,1,1150,15.9904,0.005554
scipy-powell,cold,1,1151,16.0050,0.005554
scipy-powell,cold,1,1152,16.0187,0.005554
scipy-powell,cold,1,1153,16.0320,0.005554
scipy-powell,cold,1,1154,16.0454,0.005554
scipy-powell,cold,1,1155,16.0603,0.005554
scipy-powell,cold,1,1156,16.0749,0.005554
scipy-powell,cold,1,1167,16.2352,0.005544
scipy-powell,cold,1,1169,16.2659,0.005542
scipy-powell,cold,1,1170,16.2804,0.005542
scipy-powell,cold,1,1171,16.2949,0.005542
scipy-powell,cold,1,1172,16.3095,0.005542
scipy-powell,cold,1,1173,16.3242,0.005542
scipy-powell,cold,1,1174,16.3382,0.005542
scipy-powell,cold,1,1175,16.3521,0.005542
scipy-powell,cold,1,1183,16.4628,0.005542
scipy-powell,cold,1,1184,16.4769,0.005542
scipy-powell,cold,1,1185,16.4902,0.005542
scipy-powell,cold,1,1186,16.5049,0.005542
scipy-powell,cold,1,1187,16.5190,0.005542
scipy-powell,cold,1,1188,16.5332,0.005542
scipy-powell,cold,1,1195,16.6469,0.005542
scipy-powell,cold,1,1199,16.7064,0.005527
scipy-powell,cold,1,1202,16.7523,0.005514
scipy-powell,cold,1,1205,16.7965,0.005512
scipy-powell,cold,1,1206,16.8137,0.005511
scipy-powell,cold,1,1208,16.8452,0.005511
scipy-powell,cold,1,1209,16.8619,0.005511
scipy-powell,cold,1,1210,16.8793,0.005511
scipy-powell,cold,1,1211,16.8953,0.005511
scipy-powell,cold,1,1212,16.9103,0.005511
scipy-powell,cold,1,1384,19.6268,0.005509
scipy-powell,cold,1,1385,19.6406,0.005507
scipy-powell,cold,1,1386,19.6559,0.005504
scipy-powell,cold,1,1387,19.6698,0.005502
scipy-powell,cold,1,1388,19.6838,0.005501
scipy-powell,cold,1,1389,19.6989,0.005500
scipy-powell,cold,1,1390,19.7135,0.005499
scipy-powell,cold,1,1391,19.7277,0.005498
scipy-powell,cold,1,1392,19.7420,0.005498
scipy-powell,cold,1,1393,19.7567,0.005498
scipy-powell,cold,1,1394,19.7711,0.005498
scipy-powell,cold,1,1395,19.7854,0.005498
scipy-powell,cold,1,1396,19.8004,0.005498
scipy-powell,cold,1,1397,19.8159,0.005498
scipy-powell,cold,1,1398,19.8303,0.005498
scipy-powell,cold,1,1399,19.8439,0.005498
scipy-powell,cold,1,1400,19.8586,0.005498
scipy-powell,cold,1,1401,19.8723,0.005498
scipy-powell,cold,1,1402,19.8878,0.005498
scipy-powell,cold,1,1403,19.9032,0.005498
scipy-powell,cold,1,1404,19.9181,0.005498
scipy-powell,cold,1,1405,19.9326,0.005498
scipy-powell,cold,1,1406,19.9477,0.005498
scipy-powell,cold,1,1407,19.9624,0.005498
scipy-powell,cold,1,1408,19.9772,0.005498
scipy-powell,cold,1,1409,19.9926,0.005498
scipy-powell,cold,1,1410,20.0066,0.005498
scipy-powell,cold,1,1411,20.0209,0.005498
scipy-powell,cold,1,1412,20.0349,0.005498
scipy-powell,cold,1,1413,20.0488,0.005498
scipy-powell,cold,1,1414,20.0623,0.005498
scipy-powell,cold,1,1415,20.0766,0.005498
scipy-powell,cold,1,1416,20.0924,0.005498
scipy-powell,cold,1,1417,20.1075,0.005498
scipy-powell,cold,1,1418,20.1229,0.005498
scipy-powell,cold,1,1419,20.1375,0.005473
scipy-powell,cold,1,1422,20.1813,0.005472
scipy-powell,cold,1,1424,20.2104,0.005471
scipy-powell,cold,1,1426,20.2390,0.005471
scipy-powell,cold,1,1427,20.2535,0.005471
scipy-powell,cold,1,1428,20.2692,0.005471
scipy-powell,cold,1,1429,20.2842,0.005471
scipy-powell,cold,1,1430,20.2999,0.005471
scipy-powell,cold,1,1441,20.4727,0.005471
scipy-powell,cold,1,1442,20.4880,0.005471
scipy-powell,cold,1,1443,20.5027,0.005471
scipy-powell,cold,1,1444,20.5176,0.005471
scipy-powell,cold,1,1445,20.5340,0.005471
scipy-powell,cold,1,1452,20.6378,0.005471
scipy-powell,cold,1,1455,20.6817,0.005471
scipy-powell,cold,1,1458,20.7245,0.005471
scipy-powell,cold,1,1459,20.7394,0.005471
scipy-powell,cold,1,1460,20.7535,0.005471
scipy-powell,cold,1,1461,20.7685,0.005471
scipy-powell,cold,1,1462,20.7833,0.005471
scipy-powell,cold,1,1463,20.7984,0.005471
scipy-powell,cold,1,1464,20.8145,0.005471
scipy-powell,cold,1,1465,20.8285,0.005471
scipy-powell,cold,1,1466,20.8423,0.005471
scipy-powell,cold,1,1467,20.8566,0.005471
scipy-powell,cold,1,1468,20.8720,0.005471
scipy-powell,cold,1,1469,20.8886,0.005471
scipy-powell,cold,1,1470,20.9050,0.005471
scipy-powell,cold,1,1471,20.9213,0.005471
scipy-powell,cold,1,1472,20.9358,0.005471
scipy-powell,cold,1,1473,20.9513,0.005471
scipy-powell,cold,1,1474,20.9678,0.005471
scipy-powell,cold,1,1475,20.9841,0.005471
scipy-powell,cold,1,1476,20.9994,0.005471
scipy-powell,cold,1,1477,21.0146,0.005471
scipy-powell,cold,1,1478,21.0290,0.005471
scipy-powell,cold,1,1479,21.0446,0.005471
scipy-powell,cold,1,1480,21.0598,0.005471
scipy-powell,cold,1,1481,21.0747,0.005471
scipy-powell,cold,1,1482,21.0899,0.005471
scipy-powell,cold,1,1483,21.1045,0.005471
scipy-powell,cold,1,1484,21.1185,0.005471
scipy-powell,cold,1,1485,21.1336,0.005471
scipy-powell,cold,1,1486,21.1477,0.005471
scipy-powell,cold,1,1487,21.1616,0.005471
scipy-powell,cold,1,1488,21.1762,0.005471
scipy-powell,cold,1,1489,21.1927,0.005471
scipy-powell,cold,1,1490,21.2086,0.005471
scipy-powell,cold,1,1491,21.2254,0.005471
scipy-powell,cold,1,1492,21.2404,0.005471
scipy-powell,cold,1,1493,21.2548,0.005471
scipy-powell,cold,1,1494,21.2722,0.005469
scipy-powell,cold,1,1496,21.3039,0.005468
scipy-powell,cold,1,1497,21.3195,0.005467
scipy-powell,cold,1,1498,21.3356,0.005467
scipy-powell,cold,1,1499,21.3516,0.005467
scipy-powell,cold,1,1500,21.3666,0.005466
scipy-powell,cold,1,1501,21.3827,0.005466
scipy-powell,cold,1,1502,21.3974,0.005466
scipy-powell,cold,1,1503,21.4127,0.005466
scipy-powell,cold,1,1504,21.4277,0.005466
scipy-powell,cold,1,1505,21.4428,0.005466
scipy-powell,cold,1,1506,21.4577,0.005466
scipy-powell,cold,1,1507,21.4716,0.005466
scipy-powell,cold,1,1508,21.4869,0.005466
scipy-powell,cold,1,1509,21.5010,0.005466
scipy-powell,cold,1,1510,21.5150,0.005466
scipy-powell,cold,1,1511,21.5309,0.005466
scipy-powell,cold,1,1512,21.5458,0.005466
scipy-powell,cold,1,1513,21.5617,0.005466
scipy-powell,cold,1,1514,21.5774,0.005466
scipy-powell,cold,1,1515,21.5923,0.005466
scipy-powell,cold,1,1516,21.6055,0.005466
scipy-powell,cold,1,1517,21.6204,0.005466
scipy-powell,cold,1,1518,21.6348,0.005466
scipy-powell,cold,1,1519,21.6487,0.005466
scipy-powell,cold,1,1520,21.6633,0.005466
scipy-powell,cold,1,1521,21.6791,0.005466
scipy-powell,cold,1,1522,21.6936,0.005466
scipy-powell,cold,1,1523,21.7083,0.005466
scipy-powell,cold,1,1524,21.7221,0.005466
scipy-powell,cold,1,1525,21.7352,0.005466
scipy-powell,cold,1,1526,21.7498,0.005466
scipy-powell,cold,1,1527,21.7648,0.005466
scipy-powell,cold,1,1528,21.7792,0.005466
scipy-powell,cold,1,1529,21.7941,0.005466
scipy-powell,cold,1,1530,21.8078,0.005463
scipy-powell,cold,1,1533,21.8502,0.005463
scipy-powell,cold,1,1534,21.8635,0.005463
scipy-powell,cold,1,1537,21.9051,0.005463
scipy-powell,cold,1,1538,21.9197,0.005463
scipy-powell,cold,1,1539,21.9330,0.005463
scipy-powell,cold,1,1540,21.9465,0.005463
scipy-powell,cold,1,1553,22.1372,0.005463
scipy-powell,cold,1,1554,22.1519,0.005463
scipy-powell,cold,1,1556,22.1811,0.005463
scipy-powell,cold,1,1557,22.1964,0.005463
scipy-powell,cold,1,1558,22.2112,0.005463
scipy-powell,cold,1,1565,22.3171,0.005460
scipy-powell,cold,1,1569,22.3773,0.005460
scipy-powell,cold,1,1570,22.3935,0.005459
scipy-powell,cold,1,1572,22.4247,0.005459
scipy-powell,cold,1,1573,22.4398,0.005459
scipy-powell,cold,1,1574,22.4544,0.005459
scipy-powell,cold,1,1575,22.4695,0.005459
scipy-powell,cold,1,1582,22.5813,0.005459
scipy-powell,cold,1,1584,22.6117,0.005458
scipy-powell,cold,1,1585,22.6276,0.005458
scipy-powell,cold,1,1586,22.6438,0.005457
scipy-powell,cold,1,1587,22.6592,0.005457
scipy-powell,cold,1,1588,22.6739,0.005457
scipy-powell,cold,1,1589,22.6901,0.005457
scipy-powell,cold,1,1590,22.7052,0.005457
scipy-powell,cold,1,1591,22.7203,0.005457
scipy-powell,cold,1,1592,22.7354,0.005457
scipy-powell,cold,1,1593,22.7509,0.005457
scipy-powell,cold,1,1594,22.7659,0.005457
scipy-powell,cold,1,1595,22.7809,0.005457
scipy-powell,cold,1,1596,22.7962,0.005457
scipy-powell,cold,1,1597,22.8133,0.005457
scipy-powell,cold,1,1598,22.8287,0.005457
scipy-powell,cold,1,1599,22.8433,0.005457
scipy-powell,cold,1,1600,22.8583,0.005457
scipy-powell,cold,1,1601,22.8735,0.005457
scipy-powell,cold,1,1602,22.8883,0.005457
scipy-powell,cold,1,1603,22.9023,0.005457
scipy-powell,cold,1,1604,22.9190,0.005457
scipy-powell,cold,1,1605,22.9371,0.005457
scipy-powell,cold,1,1606,22.9553,0.005457
scipy-powell,cold,1,1607,22.9719,0.005457
scipy-powell,cold,1,1608,22.9877,0.005457
scipy-powell,cold,1,1609,23.0030,0.005457
scipy-powell,cold,1,1610,23.0193,0.005457
scipy-powell,cold,1,1611,23.0374,0.005457
scipy-powell,cold,1,1612,23.0563,0.005457
scipy-powell,cold,1,1613,23.0791,0.005457
scipy-powell,cold,1,1614,23.0996,0.005457
scipy-powell,cold,1,1615,23.1214,0.005457
scipy-powell,cold,1,1616,23.1449,0.005457
scipy-powell,cold,1,1617,23.1641,0.005457
scipy-powell,cold,1,1618,23.1868,0.005457
scipy-powell,cold,1,1619,23.2041,0.005457
scipy-powell,cold,1,1620,23.2201,0.005446
scipy-powell,cold,1,1622,23.2637,0.005445
scipy-powell,cold,1,1624,23.3040,0.005444
scipy-powell,cold,1,1625,23.3198,0.005444
scipy-powell,cold,1,1626,23.3358,0.005444
scipy-powell,cold,1,1627,23.3521,0.005444
scipy-powell,cold,1,1628,23.3678,0.005444
scipy-powell,cold,1,1629,23.3844,0.005444
scipy-powell,cold,1,1630,23.3994,0.005444
scipy-powell,cold,1,1631,23.4144,0.005444
scipy-powell,cold,1,1632,23.4302,0.005444
scipy-powell,cold,1,1642,23.5747,0.005443
scipy-powell,cold,1,1644,23.6031,0.005443
scipy-powell,cold,1,1645,23.6172,0.005443
scipy-powell,cold,1,1646,23.6325,0.005443
scipy-powell,cold,1,1647,23.6473,0.005443
scipy-powell,cold,1,1661,23.8859,0.005443
scipy-powell,cold,1,1664,23.9303,0.005440
scipy-powell,cold,1,1666,23.9572,0.005429
scipy-powell,cold,1,1670,24.0161,0.005429
scipy-powell,cold,1,1671,24.0310,0.005429
scipy-powell,cold,1,1672,24.0467,0.005429
scipy-powell,cold,1,1673,24.0610,0.005429
scipy-powell,cold,1,1674,24.0773,0.005429
scipy-powell,cold,1,1675,24.0945,0.005429
scipy-powell,cold,1,1682,24.2026,0.005408
scipy-powell,cold,1,1683,24.2183,0.005382
scipy-powell,cold,1,1684,24.2375,0.005364
scipy-powell,cold,1,1685,24.2525,0.005354
scipy-powell,cold,1,1686,24.2683,0.005348
scipy-powell,cold,1,1687,24.2833,0.005344
scipy-powell,cold,1,1688,24.2982,0.005342
scipy-powell,cold,1,1689,24.3132,0.005341
scipy-powell,cold,1,1690,24.3279,0.005340
scipy-powell,cold,1,1691,24.3431,0.005339
scipy-powell,cold,1,1692,24.3576,0.005339
scipy-powell,cold,1,1693,24.3726,0.005339
scipy-powell,cold,1,1694,24.3883,0.005339
scipy-powell,cold,1,1695,24.4036,0.005339
scipy-powell,cold,1,1696,24.4185,0.005339
scipy-powell,cold,1,1697,24.4336,0.005339
scipy-powell,cold,1,1698,24.4479,0.005339
scipy-powell,cold,1,1699,24.4630,0.005339
scipy-powell,cold,1,1700,24.4785,0.005339
scipy-powell,cold,1,1701,24.4935,0.005339
scipy-powell,cold,1,1702,24.5097,0.005339
scipy-powell,cold,1,1703,24.5254,0.005339
scipy-powell,cold,1,1704,24.5403,0.005339
scipy-powell,cold,1,1705,24.5563,0.005339
scipy-powell,cold,1,1706,24.5767,0.005339
scipy-powell,cold,1,1707,24.5994,0.005339
scipy-powell,cold,1,1708,24.6182,0.005339
scipy-powell,cold,1,1709,24.6329,0.005339
scipy-powell,cold,1,1710,24.6477,0.005339
scipy-powell,cold,1,1711,24.6625,0.005339
scipy-powell,cold,1,1712,24.6771,0.005339
scipy-powell,cold,1,1713,24.6926,0.005339
scipy-powell,cold,1,1714,24.7085,0.005339
scipy-powell,cold,1,1715,24.7263,0.005339
scipy-powell,cold,1,1716,24.7423,0.005339
scipy-powell,cold,1,1717,24.7582,0.005276
scipy-powell,cold,1,1721,24.8193,0.005274
scipy-powell,cold,1,1722,24.8346,0.005274
scipy-powell,cold,1,1723,24.8504,0.005274
scipy-powell,cold,1,1724,24.8656,0.005274
scipy-powell,cold,1,1725,24.8801,0.005274
scipy-powell,cold,1,1726,24.8947,0.005274
scipy-powell,cold,1,1727,24.9094,0.005274
scipy-powell,cold,1,1734,25.0132,0.005269
scipy-powell,cold,1,1735,25.0276,0.005259
scipy-powell,cold,1,1736,25.0417,0.005254
scipy-powell,cold,1,1737,25.0563,0.005252
scipy-powell,cold,1,1738,25.0714,0.005251
scipy-powell,cold,1,1739,25.0865,0.005250
scipy-powell,cold,1,1740,25.1035,0.005250
scipy-powell,cold,1,1741,25.1189,0.005250
scipy-powell,cold,1,1742,25.1361,0.005250
scipy-powell,cold,1,1743,25.1518,0.005250
scipy-powell,cold,1,1744,25.1673,0.005250
scipy-powell,cold,1,1745,25.1831,0.005250
scipy-powell,cold,1,1746,25.1985,0.005250
scipy-powell,cold,1,1747,25.2139,0.005250
scipy-powell,cold,1,1748,25.2308,0.005250
scipy-powell,cold,1,1749,25.2485,0.005250
scipy-powell,cold,1,1750,25.2652,0.005250
scipy-powell,cold,1,1751,25.2804,0.005250
scipy-powell,cold,1,1752,25.2954,0.005250
scipy-powell,cold,1,1753,25.3107,0.005250
scipy-powell,cold,1,1754,25.3265,0.005250
scipy-powell,cold,1,1755,25.3424,0.005250
scipy-powell,cold,1,1756,25.3581,0.005250
scipy-powell,cold,1,1757,25.3737,0.005250
scipy-powell,cold,1,1758,25.3891,0.005250
scipy-powell,cold,1,1759,25.4047,0.005250
scipy-powell,cold,1,1760,25.4188,0.005250
scipy-powell,cold,1,1761,25.4327,0.005250
scipy-powell,cold,1,1762,25.4471,0.005250
scipy-powell,cold,1,1763,25.4609,0.005250
scipy-powell,cold,1,1764,25.4762,0.005250
scipy-powell,cold,1,1765,25.4903,0.005250
scipy-powell,cold,1,1766,25.5060,0.005250
scipy-powell,cold,1,1767,25.5221,0.005250
scipy-powell,cold,1,1768,25.5383,0.005250
scipy-powell,cold,1,1769,25.5537,0.005250
scipy-powell,cold,1,1770,25.5681,0.005250
scipy-powell,cold,1,1773,25.6108,0.005246
scipy-powell,cold,1,1774,25.6247,0.005245
scipy-powell,cold,1,1776,25.6544,0.005245
scipy-powell,cold,1,1777,25.6692,0.005245
scipy-powell,cold,1,1778,25.6853,0.005245
scipy-powell,cold,1,1780,25.7169,0.005245
scipy-powell,cold,1,1781,25.7320,0.005245
scipy-powell,cold,1,1782,25.7478,0.005245
scipy-powell,cold,1,1783,25.7635,0.005245
scipy-powell,cold,1,1784,25.7788,0.005245
scipy-powell,cold,1,1785,25.7949,0.005245
scipy-powell,cold,1,1796,25.9988,0.005245
scipy-powell,cold,1,1797,26.0153,0.005239
scipy-powell,cold,1,1798,26.0302,0.005236
scipy-powell,cold,1,1799,26.0452,0.005235
scipy-powell,cold,1,1800,26.0610,0.005234
scipy-powell,cold,1,1801,26.0759,0.005234
scipy-powell,cold,1,1802,26.0922,0.005233
scipy-powell,cold,1,1803,26.1084,0.005233
scipy-powell,cold,1,1804,26.1237,0.005233
scipy-powell,cold,1,1805,26.1385,0.005233
scipy-powell,cold,1,1806,26.1545,0.005233
scipy-powell,cold,1,1807,26.1695,0.005233
scipy-powell,cold,1,1808,26.1848,0.005233
scipy-powell,cold,1,1809,26.1985,0.005233
scipy-powell,cold,1,1810,26.2128,0.005233
scipy-powell,cold,1,1811,26.2268,0.005233
scipy-powell,cold,1,1812,26.2412,0.005233
scipy-powell,cold,1,1813,26.2554,0.005233
scipy-powell,cold,1,1814,26.2686,0.005233
scipy-powell,cold,1,1815,26.2818,0.005233
scipy-powell,cold,1,1816,26.2952,0.005233
scipy-powell,cold,1,1817,26.3095,0.005233
scipy-powell,cold,1,1818,26.3239,0.005233
scipy-powell,cold,1,1819,26.3379,0.005233
scipy-powell,cold,1,1820,26.3516,0.005233
scipy-powell,cold,1,1821,26.3663,0.005233
scipy-powell,cold,1,1822,26.3801,0.005233
scipy-powell,cold,1,1823,26.3945,0.005233
scipy-powell,cold,1,1824,26.4084,0.005233
scipy-powell,cold,1,1825,26.4225,0.005233
scipy-powell,cold,1,1826,26.4380,0.005233
scipy-powell,cold,1,1827,26.4517,0.005233
scipy-powell,cold,1,1828,26.4662,0.005233
scipy-powell,cold,1,1829,26.4803,0.005233
scipy-powell,cold,1,1830,26.4941,0.005233
scipy-powell,cold,1,1831,26.5092,0.005233
scipy-powell,cold,1,1835,26.5655,0.005233
scipy-powell,cold,1,1836,26.5804,0.005233
scipy-powell,cold,1,1837,26.5949,0.005233
scipy-powell,cold,1,1838,26.6094,0.005233
scipy-powell,cold,1,1839,26.6245,0.005233
scipy-powell,cold,1,1840,26.6381,0.005233
scipy-powell,cold,1,1844,26.6944,0.005233
scipy-powell,cold,1,1845,26.7089,0.005233
scipy-powell,cold,1,1850,26.7828,0.005229
scipy-powell,cold,1,1852,26.8117,0.005229
scipy-powell,cold,1,1854,26.8438,0.005228
scipy-powell,cold,1,1855,26.8581,0.005228
scipy-powell,cold,1,1856,26.8735,0.005228
scipy-powell,cold,1,1858,26.9047,0.005228
scipy-powell,cold,1,1859,26.9197,0.005228
scipy-powell,cold,1,1860,26.9350,0.005228
scipy-powell,cold,1,1861,26.9493,0.005228
scipy-powell,cold,1,1863,26.9776,0.005228
scipy-powell,cold,1,1870,27.0797,0.005226
scipy-powell,cold,1,1873,27.1232,0.005226
scipy-powell,cold,1,1875,27.1520,0.005226
scipy-powell,cold,1,1876,27.1676,0.005226
scipy-powell,cold,1,1877,27.1815,0.005226
scipy-powell,cold,1,1878,27.1959,0.005226
scipy-powell,cold,1,1886,27.3134,0.005225
scipy-powell,cold,1,1887,27.3280,0.005224
scipy-powell,cold,1,1888,27.3427,0.005223
scipy-powell,cold,1,1889,27.3566,0.005223
scipy-powell,cold,1,1890,27.3731,0.005222
scipy-powell,cold,1,1891,27.3879,0.005222
scipy-powell,cold,1,1892,27.4034,0.005222
scipy-powell,cold,1,1893,27.4181,0.005222
scipy-powell,cold,1,1894,27.4325,0.005222
scipy-powell,cold,1,1895,27.4470,0.005222
scipy-powell,cold,1,1896,27.4627,0.005222
scipy-powell,cold,1,1897,27.4779,0.005222
scipy-powell,cold,1,1898,27.4956,0.005222
scipy-powell,cold,1,1899,27.5113,0.005222
scipy-powell,cold,1,1900,27.5277,0.005222
scipy-powell,cold,1,1901,27.5435,0.005222
scipy-powell,cold,1,1902,27.5587,0.005222
scipy-powell,cold,1,1903,27.5736,0.005222
scipy-powell,cold,1,1904,27.5887,0.005222
scipy-powell,cold,1,1905,27.6040,0.005222
scipy-powell,cold,1,1906,27.6185,0.005222
scipy-powell,cold,1,1907,27.6332,0.005222
scipy-powell,cold,1,1908,27.6474,0.005222
scipy-powell,cold,1,1909,27.6611,0.005222
scipy-powell,cold,1,1910,27.6755,0.005222
scipy-powell,cold,1,1911,27.6910,0.005222
scipy-powell,cold,1,1912,27.7084,0.005222
scipy-powell,cold,1,1913,27.7235,0.005222
scipy-powell,cold,1,1914,27.7394,0.005222
scipy-powell,cold,1,1915,27.7549,0.005222
scipy-powell,cold,1,1916,27.7712,0.005222
scipy-powell,cold,1,1917,27.7885,0.005222
scipy-powell,cold,1,1918,27.8063,0.005222
scipy-powell,cold,1,1919,27.8234,0.005222
scipy-powell,cold,1,1920,27.8380,0.005222
scipy-powell,cold,1,1921,27.8560,0.005222
scipy-powell,cold,1,1922,27.8715,0.005217
scipy-powell,cold,1,1924,27.9010,0.005217
scipy-powell,cold,1,1925,27.9166,0.005217
scipy-powell,cold,1,1928,27.9624,0.005217
scipy-powell,cold,1,1929,27.9778,0.005217
scipy-powell,cold,1,1930,27.9923,0.005217
scipy-powell,cold,1,1931,28.0077,0.005217
scipy-powell,cold,1,1932,28.0231,0.005217
scipy-powell,cold,1,1934,28.0530,0.005217
scipy-powell,cold,1,1942,28.1798,0.005213
scipy-powell,cold,1,1943,28.1959,0.005208
scipy-powell,cold,1,1944,28.2109,0.005206
scipy-powell,cold,1,1945,28.2274,0.005204
scipy-powell,cold,1,1946,28.2429,0.005203
scipy-powell,cold,1,1947,28.2589,0.005203
scipy-powell,cold,1,1948,28.2744,0.005202
scipy-powell,cold,1,1949,28.2888,0.005202
scipy-powell,cold,1,1950,28.3040,0.005202
scipy-powell,cold,1,1951,28.3200,0.005202
scipy-powell,cold,1,1952,28.3362,0.005202
scipy-powell,cold,1,1953,28.3521,0.005202
scipy-powell,cold,1,1954,28.3679,0.005202
scipy-powell,cold,1,1955,28.3837,0.005202
scipy-powell,cold,1,1956,28.4006,0.005202
scipy-powell,cold,1,1957,28.4165,0.005202
scipy-powell,cold,1,1958,28.4326,0.005202
scipy-powell,cold,1,1959,28.4497,0.005202
scipy-powell,cold,1,1960,28.4658,0.005202
scipy-powell,cold,1,1961,28.4815,0.005202
scipy-powell,cold,1,1962,28.4991,0.005202
scipy-powell,cold,1,1963,28.5131,0.005202
scipy-powell,cold,1,1964,28.5292,0.005202
scipy-powell,cold,1,1965,28.5446,0.005202
scipy-powell,cold,1,1966,28.5600,0.005202
scipy-powell,cold,1,1967,28.5745,0.005202
scipy-powell,cold,1,1968,28.5887,0.005202
scipy-powell,cold,1,1969,28.6032,0.005202
scipy-powell,cold,1,1970,28.6171,0.005202
scipy-powell,cold,1,1971,28.6321,0.005202
scipy-powell,cold,1,1972,28.6478,0.005202
scipy-powell,cold,1,1973,28.6624,0.005202
scipy-powell,cold,1,1974,28.6766,0.005202
scipy-powell,cold,1,1975,28.6906,0.005202
scipy-powell,cold,1,1976,28.7057,0.005202
scipy-powell,cold,1,1977,28.7217,0.005202
scipy-powell,cold,1,1978,28.7367,0.005161
scipy-powell,cold,1,1980,28.7672,0.005161
scipy-powell,cold,1,1981,28.7813,0.005160
scipy-powell,cold,1,1984,28.8283,0.005160
scipy-powell,cold,1,1986,28.8595,0.005160
scipy-powell,cold,1,1987,28.8753,0.005160
scipy-powell,cold,1,1988,28.8917,0.005160
scipy-powell,cold,1,1989,28.9079,0.005160
scipy-powell,cold,1,1997,29.0359,0.005143
scipy-powell,cold,1,1998,29.0525,0.005135
scipy-powell,cold,1,1999,29.0678,0.005132
scipy-powell,cold,1,2000,29.0825,0.005130
scipy-powell,cold,2,0,0.0000,0.006439
scipy-powell,cold,2,3,0.0690,0.006437
scipy-powell,cold,2,4,0.0852,0.006434
scipy-powell,cold,2,5,0.1014,0.006433
scipy-powell,cold,2,6,0.1166,0.006433
scipy-powell,cold,2,7,0.1323,0.006433
scipy-powell,cold,2,9,0.1632,0.006433
scipy-powell,cold,2,10,0.1785,0.006433
scipy-powell,cold,2,11,0.1956,0.006433
scipy-powell,cold,2,12,0.2120,0.006433
scipy-powell,cold,2,14,0.2456,0.006433
scipy-powell,cold,2,24,0.4073,0.006433
scipy-powell,cold,2,25,0.4228,0.006430
scipy-powell,cold,2,26,0.4387,0.006429
scipy-powell,cold,2,27,0.4542,0.006429
scipy-powell,cold,2,28,0.4701,0.006428
scipy-powell,cold,2,29,0.4855,0.006428
scipy-powell,cold,2,30,0.5006,0.006428
scipy-powell,cold,2,31,0.5164,0.006428
scipy-powell,cold,2,32,0.5318,0.006428
scipy-powell,cold,2,33,0.5492,0.006428
scipy-powell,cold,2,34,0.5687,0.006428
scipy-powell,cold,2,35,0.5865,0.006428
scipy-powell,cold,2,36,0.6038,0.006428
scipy-powell,cold,2,37,0.6243,0.006428
scipy-powell,cold,2,38,0.6420,0.006428
scipy-powell,cold,2,39,0.6589,0.006428
scipy-powell,cold,2,40,0.6751,0.006428
scipy-powell,cold,2,41,0.6947,0.006428
scipy-powell,cold,2,42,0.7115,0.006428
scipy-powell,cold,2,43,0.7279,0.006428
scipy-powell,cold,2,44,0.7438,0.006428
scipy-powell,cold,2,45,0.7600,0.006428
scipy-powell,cold,2,46,0.7765,0.006428
scipy-powell,cold,2,47,0.7922,0.006428
scipy-powell,cold,2,48,0.8091,0.006428
scipy-powell,cold,2,49,0.8253,0.006428
scipy-powell,cold,2,50,0.8466,0.006428
scipy-powell,cold,2,51,0.8650,0.006428
scipy-powell,cold,2,52,0.8867,0.006428
scipy-powell,cold,2,53,0.9075,0.006428
scipy-powell,cold,2,54,0.9233,0.006428
scipy-powell,cold,2,55,0.9385,0.006428
scipy-powell,cold,2,56,0.9538,0.006428
scipy-powell,cold,2,57,0.9692,0.006428
scipy-powell,cold,2,58,0.9854,0.006428
scipy-powell,cold,2,59,1.0013,0.006428
scipy-powell,cold,2,60,1.0174,0.006426
scipy-powell,cold,2,62,1.0491,0.006423
scipy-powell,cold,2,63,1.0641,0.006421
scipy-powell,cold,2,64,1.0797,0.006420
scipy-powell,cold,2,65,1.0946,0.006419
scipy-powell,cold,2,66,1.1121,0.006419
scipy-powell,cold,2,67,1.1281,0.006419
scipy-powell,cold,2,68,1.1433,0.006419
scipy-powell,cold,2,69,1.1587,0.006419
scipy-powell,cold,2,70,1.1739,0.006418
scipy-powell,cold,2,71,1.1894,0.006418
scipy-powell,cold,2,72,1.2051,0.006418
scipy-powell,cold,2,73,1.2206,0.006418
scipy-powell,cold,2,74,1.2365,0.006418
scipy-powell,cold,2,75,1.2529,0.006418
scipy-powell,cold,2,76,1.2677,0.006418
scipy-powell,cold,2,77,1.2834,0.006418
scipy-powell,cold,2,78,1.2982,0.006418
scipy-powell,cold,2,79,1.3157,0.006418
scipy-powell,cold,2,80,1.3315,0.006418
scipy-powell,cold,2,81,1.3479,0.006418
scipy-powell,cold,2,82,1.3641,0.006418
scipy-powell,cold,2,83,1.3795,0.006418
scipy-powell,cold,2,84,1.3944,0.006418
scipy-powell,cold,2,85,1.4099,0.006418
scipy-powell,cold,2,86,1.4252,0.006418
scipy-powell,cold,2,87,1.4407,0.006418
scipy-powell,cold,2,88,1.4596,0.006418
scipy-powell,cold,2,89,1.4748,0.006418
scipy-powell,cold,2,90,1.4934,0.006418
scipy-powell,cold,2,91,1.5098,0.006418
scipy-powell,cold,2,92,1.5240,0.006418
scipy-powell,cold,2,93,1.5388,0.006418
scipy-powell,cold,2,94,1.5534,0.006418
scipy-powell,cold,2,95,1.5675,0.006418
scipy-powell,cold,2,96,1.5830,0.006418
scipy-powell,cold,2,97,1.5979,0.006414
scipy-powell,cold,2,99,1.6256,0.006406
scipy-powell,cold,2,100,1.6395,0.006396
scipy-powell,cold,2,101,1.6538,0.006388
scipy-powell,cold,2,102,1.6680,0.006381
scipy-powell,cold,2,103,1.6828,0.006379
scipy-powell,cold,2,104,1.6986,0.006379
scipy-powell,cold,2,107,1.7451,0.006379
scipy-powell,cold,2,108,1.7604,0.006379
scipy-powell,cold,2,111,1.8056,0.006379
scipy-powell,cold,2,112,1.8222,0.006379
scipy-powell,cold,2,116,1.8838,0.006379
scipy-powell,cold,2,120,1.9515,0.006379
scipy-powell,cold,2,124,2.0158,0.006379
scipy-powell,cold,2,137,2.2165,0.006327
scipy-powell,cold,2,138,2.2314,0.006318
scipy-powell,cold,2,139,2.2471,0.006317
scipy-powell,cold,2,140,2.2619,0.006317
scipy-powell,cold,2,141,2.2769,0.006317
scipy-powell,cold,2,142,2.2928,0.006317
scipy-powell,cold,2,143,2.3078,0.006317
scipy-powell,cold,2,144,2.3225,0.006317
scipy-powell,cold,2,146,2.3496,0.006317
scipy-powell,cold,2,154,2.4602,0.006316
scipy-powell,cold,2,155,2.4759,0.006316
scipy-powell,cold,2,156,2.4907,0.006316
scipy-powell,cold,2,158,2.5199,0.006316
scipy-powell,cold,2,159,2.5333,0.006316
scipy-powell,cold,2,160,2.5476,0.006316
scipy-powell,cold,2,168,2.6624,0.006312
scipy-powell,cold,2,171,2.7069,0.006312
scipy-powell,cold,2,172,2.7223,0.006312
scipy-powell,cold,2,173,2.7397,0.006312
scipy-powell,cold,2,174,2.7545,0.006312
scipy-powell,cold,2,175,2.7700,0.006312
scipy-powell,cold,2,176,2.7844,0.006312
scipy-powell,cold,2,177,2.7980,0.006312
scipy-powell,cold,2,189,2.9763,0.006311
scipy-powell,cold,2,190,2.9920,0.006311
scipy-powell,cold,2,192,3.0219,0.006311
scipy-powell,cold,2,193,3.0362,0.006311
scipy-powell,cold,2,195,3.0646,0.006311
scipy-powell,cold,2,196,3.0796,0.006311
scipy-powell,cold,2,198,3.1089,0.006311
scipy-powell,cold,2,199,3.1240,0.006311
scipy-powell,cold,2,200,3.1383,0.006310
scipy-powell,cold,2,201,3.1526,0.006310
scipy-powell,cold,2,202,3.1677,0.006309
scipy-powell,cold,2,203,3.1835,0.006309
scipy-powell,cold,2,204,3.1985,0.006309
scipy-powell,cold,2,205,3.2144,0.006309
scipy-powell,cold,2,206,3.2301,0.006309
scipy-powell,cold,2,207,3.2451,0.006309
scipy-powell,cold,2,208,3.2617,0.006309
scipy-powell,cold,2,209,3.2783,0.006309
scipy-powell,cold,2,210,3.2944,0.006309
scipy-powell,cold,2,211,3.3108,0.006309
scipy-powell,cold,2,212,3.3260,0.006309
scipy-powell,cold,2,213,3.3406,0.006309
scipy-powell,cold,2,214,3.3566,0.006309
scipy-powell,cold,2,215,3.3722,0.006309
scipy-powell,cold,2,216,3.3876,0.006309
scipy-powell,cold,2,217,3.4030,0.006309
scipy-powell,cold,2,218,3.4188,0.006309
scipy-powell,cold,2,219,3.4338,0.006309
scipy-powell,cold,2,220,3.4489,0.006309
scipy-powell,cold,2,221,3.4635,0.006309
scipy-powell,cold,2,222,3.4791,0.006309
scipy-powell,cold,2,223,3.4933,0.006309
scipy-powell,cold,2,224,3.5084,0.006309
scipy-powell,cold,2,225,3.5234,0.006309
scipy-powell,cold,2,226,3.5391,0.006309
scipy-powell,cold,2,227,3.5535,0.006309
scipy-powell,cold,2,228,3.5685,0.006309
scipy-powell,cold,2,229,3.5834,0.006309
scipy-powell,cold,2,230,3.5979,0.006309
scipy-powell,cold,2,231,3.6116,0.006309
scipy-powell,cold,2,232,3.6264,0.006309
scipy-powell,cold,2,233,3.6406,0.006309
scipy-powell,cold,2,234,3.6543,0.006309
scipy-powell,cold,2,235,3.6685,0.006309
scipy-powell,cold,2,236,3.6835,0.006308
scipy-powell,cold,2,238,3.7139,0.006308
scipy-powell,cold,2,241,3.7607,0.006308
scipy-powell,cold,2,242,3.7774,0.006308
scipy-powell,cold,2,244,3.8082,0.006308
scipy-powell,cold,2,245,3.8237,0.006308
scipy-powell,cold,2,246,3.8382,0.006308
scipy-powell,cold,2,247,3.8521,0.006308
scipy-powell,cold,2,248,3.8680,0.006308
scipy-powell,cold,2,249,3.8826,0.006308
scipy-powell,cold,2,255,3.9737,0.006308
scipy-powell,cold,2,257,4.0054,0.006307
scipy-powell,cold,2,259,4.0399,0.006306
scipy-powell,cold,2,260,4.0565,0.006306
scipy-powell,cold,2,261,4.0735,0.006305
scipy-powell,cold,2,262,4.0893,0.006305
scipy-powell,cold,2,263,4.1051,0.006304
scipy-powell,cold,2,264,4.1208,0.006304
scipy-powell,cold,2,265,4.1360,0.006304
scipy-powell,cold,2,266,4.1516,0.006304
scipy-powell,cold,2,267,4.3101,0.006304
scipy-powell,cold,2,268,4.3264,0.006304
scipy-powell,cold,2,269,4.3432,0.006304
scipy-powell,cold,2,270,4.3595,0.006304
scipy-powell,cold,2,271,4.3757,0.006304
scipy-powell,cold,2,272,4.3923,0.006304
scipy-powell,cold,2,273,4.4086,0.006304
scipy-powell,cold,2,274,4.4248,0.006304
scipy-powell,cold,2,275,4.4409,0.006304
scipy-powell,cold,2,276,4.4623,0.006304
scipy-powell,cold,2,277,4.4842,0.006304
scipy-powell,cold,2,278,4.5051,0.006304
scipy-powell,cold,2,279,4.5257,0.006304
scipy-powell,cold,2,280,4.5474,0.006304
scipy-powell,cold,2,281,4.5704,0.006304
scipy-powell,cold,2,282,4.5908,0.006304
scipy-powell,cold,2,283,4.6098,0.006304
scipy-powell,cold,2,284,4.6309,0.006304
scipy-powell,cold,2,285,4.6497,0.006304
scipy-powell,cold,2,286,4.6663,0.006304
scipy-powell,cold,2,287,4.6849,0.006304
scipy-powell,cold,2,288,4.7017,0.006304
scipy-powell,cold,2,289,4.7179,0.006304
scipy-powell,cold,2,290,4.7329,0.006304
scipy-powell,cold,2,291,4.7479,0.006304
scipy-powell,cold,2,292,4.7638,0.006304
scipy-powell,cold,2,293,4.7839,0.006304
scipy-powell,cold,2,294,4.8000,0.006294
scipy-powell,cold,2,297,4.8453,0.006293
scipy-powell,cold,2,298,4.8643,0.006293
scipy-powell,cold,2,299,4.8792,0.006293
scipy-powell,cold,2,300,4.8943,0.006293
scipy-powell,cold,2,302,4.9242,0.006293
scipy-powell,cold,2,303,4.9401,0.006293
scipy-powell,cold,2,304,4.9564,0.006293
scipy-powell,cold,2,309,5.0349,0.006284
scipy-powell,cold,2,313,5.0969,0.006281
scipy-powell,cold,2,315,5.1272,0.006281
scipy-powell,cold,2,316,5.1413,0.006281
scipy-powell,cold,2,317,5.1562,0.006281
scipy-powell,cold,2,318,5.1719,0.006281
scipy-powell,cold,2,319,5.1874,0.006281
scipy-powell,cold,2,322,5.2313,0.006281
scipy-powell,cold,2,332,5.3749,0.006281
scipy-powell,cold,2,333,5.3891,0.006281
scipy-powell,cold,2,334,5.4051,0.006281
scipy-powell,cold,2,336,5.4404,0.006281
scipy-powell,cold,2,339,5.4839,0.006281
scipy-powell,cold,2,340,5.4993,0.006281
scipy-powell,cold,2,345,5.5710,0.006281
scipy-powell,cold,2,347,5.6006,0.006281
scipy-powell,cold,2,350,5.6437,0.006281
scipy-powell,cold,2,353,5.6891,0.006254
scipy-powell,cold,2,356,5.7336,0.006253
scipy-powell,cold,2,357,5.7481,0.006253
scipy-powell,cold,2,358,5.7628,0.006253
scipy-powell,cold,2,359,5.7778,0.006253
scipy-powell,cold,2,360,5.7930,0.006253
scipy-powell,cold,2,368,5.9169,0.006252
scipy-powell,cold,2,370,5.9466,0.006252
scipy-powell,cold,2,371,5.9636,0.006252
scipy-powell,cold,2,372,5.9778,0.006252
scipy-powell,cold,2,373,5.9923,0.006252
scipy-powell,cold,2,374,6.0058,0.006252
scipy-powell,cold,2,375,6.0203,0.006252
scipy-powell,cold,2,376,6.0357,0.006252
scipy-powell,cold,2,385,6.1661,0.006249
scipy-powell,cold,2,387,6.1963,0.006247
scipy-powell,cold,2,388,6.2108,0.006246
scipy-powell,cold,2,389,6.2253,0.006245
scipy-powell,cold,2,390,6.2402,0.006244
scipy-powell,cold,2,391,6.2553,0.006244
scipy-powell,cold,2,392,6.2693,0.006243
scipy-powell,cold,2,393,6.2851,0.006243
scipy-powell,cold,2,394,6.3003,0.006243
scipy-powell,cold,2,395,6.3149,0.006243
scipy-powell,cold,2,396,6.3286,0.006243
scipy-powell,cold,2,397,6.3424,0.006243
scipy-powell,cold,2,398,6.3568,0.006243
scipy-powell,cold,2,399,6.3711,0.006243
scipy-powell,cold,2,400,6.3845,0.006243
scipy-powell,cold,2,401,6.3982,0.006243
scipy-powell,cold,2,402,6.4126,0.006243
scipy-powell,cold,2,403,6.4278,0.006243
scipy-powell,cold,2,404,6.4435,0.006243
scipy-powell,cold,2,405,6.4570,0.006243
scipy-powell,cold,2,406,6.4701,0.006243
scipy-powell,cold,2,407,6.4840,0.006243
scipy-powell,cold,2,408,6.4975,0.006243
scipy-powell,cold,2,409,6.5111,0.006243
scipy-powell,cold,2,410,6.5254,0.006243
scipy-powell,cold,2,411,6.5388,0.006243
scipy-powell,cold,2,412,6.5521,0.006243
scipy-powell,cold,2,413,6.5651,0.006243
scipy-powell,cold,2,414,6.5787,0.006243
scipy-powell,cold,2,415,6.5916,0.006243
scipy-powell,cold,2,416,6.6053,0.006243
scipy-powell,cold,2,417,6.6191,0.006243
scipy-powell,cold,2,418,6.6323,0.006243
scipy-powell,cold,2,419,6.6455,0.006243
scipy-powell,cold,2,420,6.6586,0.006243
scipy-powell,cold,2,421,6.6723,0.006243
scipy-powell,cold,2,422,6.6870,0.006236
scipy-powell,cold,2,424,6.7158,0.006229
scipy-powell,cold,2,426,6.7447,0.006228
scipy-powell,cold,2,427,6.7600,0.006228
scipy-powell,cold,2,428,6.7738,0.006228
scipy-powell,cold,2,429,6.7869,0.006228
scipy-powell,cold,2,430,6.8001,0.006228
scipy-powell,cold,2,431,6.8133,0.006228
scipy-powell,cold,2,432,6.8277,0.006228
scipy-powell,cold,2,439,6.9231,0.006218
scipy-powell,cold,2,440,6.9364,0.006204
scipy-powell,cold,2,442,6.9630,0.006204
scipy-powell,cold,2,443,6.9781,0.006204
scipy-powell,cold,2,444,6.9922,0.006204
scipy-powell,cold,2,445,7.0067,0.006204
scipy-powell,cold,2,446,7.0213,0.006204
scipy-powell,cold,2,448,7.0487,0.006204
scipy-powell,cold,2,457,7.1815,0.006195
scipy-powell,cold,2,460,7.2242,0.006195
scipy-powell,cold,2,461,7.2380,0.006195
scipy-powell,cold,2,462,7.2515,0.006195
scipy-powell,cold,2,463,7.2658,0.006195
scipy-powell,cold,2,464,7.2801,0.006195
scipy-powell,cold,2,465,7.2939,0.006195
scipy-powell,cold,2,473,7.4072,0.006147
scipy-powell,cold,2,475,7.4336,0.006097
scipy-powell,cold,2,479,7.4878,0.006096
scipy-powell,cold,2,481,7.5154,0.006096
scipy-powell,cold,2,482,7.5306,0.006096
scipy-powell,cold,2,483,7.5445,0.006096
scipy-powell,cold,2,484,7.5583,0.006096
scipy-powell,cold,2,485,7.5728,0.006096
scipy-powell,cold,2,490,7.6425,0.006096
scipy-powell,cold,2,492,7.6692,0.006096
scipy-powell,cold,2,499,7.7687,0.006095
scipy-powell,cold,2,501,7.7964,0.006095
scipy-powell,cold,2,502,7.8101,0.006095
scipy-powell,cold,2,503,7.8235,0.006095
scipy-powell,cold,2,516,8.0098,0.006094
scipy-powell,cold,2,517,8.0257,0.006090
scipy-powell,cold,2,518,8.0396,0.006088
scipy-powell,cold,2,519,8.0537,0.006086
scipy-powell,cold,2,520,8.0680,0.006085
scipy-powell,cold,2,521,8.0838,0.006085
scipy-powell,cold,2,522,8.0992,0.006084
scipy-powell,cold,2,523,8.1130,0.006084
scipy-powell,cold,2,524,8.1269,0.006084
scipy-powell,cold,2,525,8.1409,0.006084
scipy-powell,cold,2,526,8.1555,0.006084
scipy-powell,cold,2,527,8.1701,0.006084
scipy-powell,cold,2,528,8.1846,0.006084
scipy-powell,cold,2,529,8.1990,0.006084
scipy-powell,cold,2,530,8.2133,0.006084
scipy-powell,cold,2,531,8.2285,0.006084
scipy-powell,cold,2,532,8.2427,0.006084
scipy-powell,cold,2,533,8.2579,0.006084
scipy-powell,cold,2,534,8.2726,0.006084
scipy-powell,cold,2,535,8.2875,0.006084
scipy-powell,cold,2,536,8.3033,0.006084
scipy-powell,cold,2,537,8.3189,0.006084
scipy-powell,cold,2,538,8.3335,0.006084
scipy-powell,cold,2,539,8.3474,0.006084
scipy-powell,cold,2,540,8.3614,0.006084
scipy-powell,cold,2,541,8.3764,0.006084
scipy-powell,cold,2,542,8.3906,0.006084
scipy-powell,cold,2,543,8.4053,0.006084
scipy-powell,cold,2,544,8.4209,0.006084
scipy-powell,cold,2,545,8.4410,0.006084
scipy-powell,cold,2,546,8.4579,0.006084
scipy-powell,cold,2,547,8.4733,0.005831
scipy-powell,cold,2,551,8.5331,0.005824
scipy-powell,cold,2,553,8.5637,0.005823
scipy-powell,cold,2,554,8.5788,0.005823
scipy-powell,cold,2,555,8.5940,0.005823
scipy-powell,cold,2,556,8.6082,0.005823
scipy-powell,cold,2,557,8.6219,0.005823
scipy-powell,cold,2,558,8.6412,0.005823
scipy-powell,cold,2,559,8.6571,0.005823
scipy-powell,cold,2,562,8.7054,0.005823
scipy-powell,cold,2,563,8.7215,0.005821
scipy-powell,cold,2,564,8.7364,0.005821
scipy-powell,cold,2,565,8.7505,0.005820
scipy-powell,cold,2,566,8.7657,0.005820
scipy-powell,cold,2,567,8.7801,0.005820
scipy-powell,cold,2,568,8.7957,0.005820
scipy-powell,cold,2,569,8.8109,0.005820
scipy-powell,cold,2,570,8.8255,0.005820
scipy-powell,cold,2,571,8.8406,0.005820
scipy-powell,cold,2,572,8.8560,0.005820
scipy-powell,cold,2,573,8.8715,0.005820
scipy-powell,cold,2,574,8.8873,0.005820
scipy-powell,cold,2,575,8.9019,0.005820
scipy-powell,cold,2,576,8.9207,0.005820
scipy-powell,cold,2,577,8.9360,0.005820
scipy-powell,cold,2,578,8.9504,0.005820
scipy-powell,cold,2,579,8.9658,0.005820
scipy-powell,cold,2,580,8.9815,0.005820
scipy-powell,cold,2,581,8.9973,0.005820
scipy-powell,cold,2,582,9.0113,0.005820
scipy-powell,cold,2,583,9.0283,0.005820
scipy-powell,cold,2,584,9.0438,0.005820
scipy-powell,cold,2,585,9.0579,0.005820
scipy-powell,cold,2,586,9.0724,0.005820
scipy-powell,cold,2,587,9.0878,0.005820
scipy-powell,cold,2,588,9.1038,0.005820
scipy-powell,cold,2,589,9.1191,0.005820
scipy-powell,cold,2,590,9.1342,0.005820
scipy-powell,cold,2,591,9.1494,0.005820
scipy-powell,cold,2,592,9.1650,0.005820
scipy-powell,cold,2,593,9.1805,0.005820
scipy-powell,cold,2,594,9.1951,0.005820
scipy-powell,cold,2,595,9.2101,0.005820
scipy-powell,cold,2,596,9.2262,0.005820
scipy-powell,cold,2,597,9.2419,0.005820
scipy-powell,cold,2,598,9.2587,0.005817
scipy-powell,cold,2,600,9.2891,0.005816
scipy-powell,cold,2,602,9.3185,0.005816
scipy-powell,cold,2,604,9.3500,0.005816
scipy-powell,cold,2,605,9.3657,0.005816
scipy-powell,cold,2,606,9.3807,0.005816
scipy-powell,cold,2,608,9.4122,0.005816
scipy-powell,cold,2,617,9.5535,0.005801
scipy-powell,cold,2,618,9.5697,0.005786
scipy-powell,cold,2,619,9.5851,0.005776
scipy-powell,cold,2,620,9.6014,0.005769
scipy-powell,cold,2,621,9.6166,0.005765
scipy-powell,cold,2,622,9.6313,0.005763
scipy-powell,cold,2,623,9.6472,0.005761
scipy-powell,cold,2,624,9.6617,0.005760
scipy-powell,cold,2,625,9.6762,0.005760
scipy-powell,cold,2,626,9.6910,0.005759
scipy-powell,cold,2,627,9.7055,0.005759
scipy-powell,cold,2,628,9.7210,0.005759
scipy-powell,cold,2,629,9.7377,0.005759
scipy-powell,cold,2,630,9.7529,0.005759
scipy-powell,cold,2,631,9.7696,0.005759
scipy-powell,cold,2,632,9.7868,0.005759
scipy-powell,cold,2,633,9.8034,0.005759
scipy-powell,cold,2,634,9.8182,0.005759
scipy-powell,cold,2,635,9.8329,0.005759
scipy-powell,cold,2,636,9.8474,0.005759
scipy-powell,cold,2,637,9.8617,0.005759
scipy-powell,cold,2,638,9.8769,0.005759
scipy-powell,cold,2,639,9.8916,0.005759
scipy-powell,cold,2,640,9.9057,0.005759
scipy-powell,cold,2,641,9.9218,0.005759
scipy-powell,cold,2,642,9.9374,0.005759
scipy-powell,cold,2,643,9.9524,0.005759
scipy-powell,cold,2,644,9.9684,0.005759
scipy-powell,cold,2,645,9.9829,0.005759
scipy-powell,cold,2,646,9.9974,0.005759
scipy-powell,cold,2,647,10.0120,0.005759
scipy-powell,cold,2,648,10.0260,0.005759
scipy-powell,cold,2,649,10.0399,0.005759
scipy-powell,cold,2,650,10.0547,0.005759
scipy-powell,cold,2,651,10.0711,0.005759
scipy-powell,cold,2,652,10.0868,0.005759
scipy-powell,cold,2,653,10.1017,0.005713
scipy-powell,cold,2,655,10.1335,0.005701
scipy-powell,cold,2,658,10.1790,0.005701
scipy-powell,cold,2,660,10.2080,0.005701
scipy-powell,cold,2,661,10.2229,0.005701
scipy-powell,cold,2,662,10.2394,0.005701
scipy-powell,cold,2,663,10.2539,0.005701
scipy-powell,cold,2,677,10.5007,0.005553
scipy-powell,cold,2,678,10.5169,0.005540
scipy-powell,cold,2,679,10.5326,0.005539
scipy-powell,cold,2,680,10.5474,0.005539
scipy-powell,cold,2,681,10.5621,0.005539
scipy-powell,cold,2,682,10.5769,0.005539
scipy-powell,cold,2,683,10.5926,0.005539
scipy-powell,cold,2,684,10.6078,0.005539
scipy-powell,cold,2,685,10.6242,0.005539
scipy-powell,cold,2,687,10.6571,0.005539
scipy-powell,cold,2,693,10.7520,0.005539
scipy-powell,cold,2,694,10.7675,0.005539
scipy-powell,cold,2,695,10.7819,0.005539
scipy-powell,cold,2,697,10.8153,0.005539
scipy-powell,cold,2,698,10.8313,0.005539
scipy-powell,cold,2,701,10.8816,0.005539
scipy-powell,cold,2,702,10.8987,0.005539
scipy-powell,cold,2,707,10.9800,0.005538
scipy-powell,cold,2,709,11.0118,0.005538
scipy-powell,cold,2,711,11.0459,0.005538
scipy-powell,cold,2,712,11.0615,0.005538
scipy-powell,cold,2,713,11.0792,0.005538
scipy-powell,cold,2,714,11.0963,0.005538
scipy-powell,cold,2,715,11.1127,0.005538
scipy-powell,cold,2,716,11.1299,0.005538
scipy-powell,cold,2,724,11.2547,0.005538
scipy-powell,cold,2,733,11.4041,0.005537
scipy-powell,cold,2,734,11.4202,0.005537
scipy-powell,cold,2,735,11.4373,0.005537
scipy-powell,cold,2,737,11.4718,0.005537
scipy-powell,cold,2,738,11.4891,0.005537
scipy-powell,cold,2,739,11.5046,0.005537
scipy-powell,cold,2,740,11.5208,0.005537
scipy-powell,cold,2,741,11.5354,0.005537
scipy-powell,cold,2,750,11.6732,0.005537
scipy-powell,cold,2,751,11.6894,0.005536
scipy-powell,cold,2,752,11.7055,0.005536
scipy-powell,cold,2,753,11.7221,0.005536
scipy-powell,cold,2,754,11.7370,0.005535
scipy-powell,cold,2,755,11.7522,0.005535
scipy-powell,cold,2,756,11.7666,0.005535
scipy-powell,cold,2,757,11.7809,0.005535
scipy-powell,cold,2,758,11.7962,0.005535
scipy-powell,cold,2,759,11.8115,0.005535
scipy-powell,cold,2,760,11.8271,0.005535
scipy-powell,cold,2,761,11.8424,0.005535
scipy-powell,cold,2,762,11.8580,0.005535
scipy-powell,cold,2,763,11.8734,0.005535
scipy-powell,cold,2,764,11.8888,0.005535
scipy-powell,cold,2,765,11.9051,0.005535
scipy-powell,cold,2,766,11.9199,0.005535
scipy-powell,cold,2,767,11.9355,0.005535
scipy-powell,cold,2,768,11.9507,0.005535
scipy-powell,cold,2,769,11.9656,0.005535
scipy-powell,cold,2,770,11.9800,0.005535
scipy-powell,cold,2,771,11.9956,0.005535
scipy-powell,cold,2,772,12.0098,0.005535
scipy-powell,cold,2,773,12.0245,0.005535
scipy-powell,cold,2,774,12.0397,0.005535
scipy-powell,cold,2,775,12.0546,0.005535
scipy-powell,cold,2,776,12.0695,0.005535
scipy-powell,cold,2,777,12.0846,0.005535
scipy-powell,cold,2,778,12.0998,0.005535
scipy-powell,cold,2,779,12.1158,0.005535
scipy-powell,cold,2,780,12.1313,0.005535
scipy-powell,cold,2,781,12.1461,0.005535
scipy-powell,cold,2,782,12.1614,0.005535
scipy-powell,cold,2,783,12.1767,0.005535
scipy-powell,cold,2,784,12.1935,0.005535
scipy-powell,cold,2,785,12.2094,0.005535
scipy-powell,cold,2,786,12.2250,0.005533
scipy-powell,cold,2,788,12.2558,0.005531
scipy-powell,cold,2,789,12.2720,0.005529
scipy-powell,cold,2,790,12.2878,0.005529
scipy-powell,cold,2,792,12.3165,0.005529
scipy-powell,cold,2,794,12.3487,0.005529
scipy-powell,cold,2,795,12.3670,0.005529
scipy-powell,cold,2,796,12.3842,0.005529
scipy-powell,cold,2,797,12.4004,0.005529
scipy-powell,cold,2,805,12.5286,0.005529
scipy-powell,cold,2,806,12.5463,0.005526
scipy-powell,cold,2,807,12.5636,0.005525
scipy-powell,cold,2,808,12.5804,0.005524
scipy-powell,cold,2,809,12.5973,0.005523
scipy-powell,cold,2,810,12.6139,0.005523
scipy-powell,cold,2,811,12.6310,0.005523
scipy-powell,cold,2,812,12.6500,0.005523
scipy-powell,cold,2,813,12.6659,0.005523
scipy-powell,cold,2,814,12.6823,0.005523
scipy-powell,cold,2,815,12.6988,0.005523
scipy-powell,cold,2,816,12.7151,0.005523
scipy-powell,cold,2,817,12.7317,0.005523
scipy-powell,cold,2,818,12.7479,0.005523
scipy-powell,cold,2,819,12.7641,0.005523
scipy-powell,cold,2,820,12.7807,0.005523
scipy-powell,cold,2,821,12.7965,0.005523
scipy-powell,cold,2,822,12.8136,0.005523
scipy-powell,cold,2,823,12.8313,0.005523
scipy-powell,cold,2,824,12.8472,0.005523
scipy-powell,cold,2,825,12.8630,0.005523
scipy-powell,cold,2,826,12.8785,0.005523
scipy-powell,cold,2,827,12.8948,0.005523
scipy-powell,cold,2,828,12.9108,0.005523
scipy-powell,cold,2,829,12.9266,0.005523
scipy-powell,cold,2,830,12.9418,0.005523
scipy-powell,cold,2,831,12.9577,0.005523
scipy-powell,cold,2,832,12.9732,0.005523
scipy-powell,cold,2,833,12.9890,0.005523
scipy-powell,cold,2,834,13.0056,0.005523
scipy-powell,cold,2,835,13.0216,0.005523
scipy-powell,cold,2,836,13.0371,0.005523
scipy-powell,cold,2,837,13.0526,0.005523
scipy-powell,cold,2,838,13.0688,0.005523
scipy-powell,cold,2,839,13.0857,0.005523
scipy-powell,cold,2,840,13.1019,0.005523
scipy-powell,cold,2,841,13.1178,0.005513
scipy-powell,cold,2,844,13.1701,0.005513
scipy-powell,cold,2,845,13.1873,0.005512
scipy-powell,cold,2,847,13.2232,0.005512
scipy-powell,cold,2,848,13.2401,0.005512
scipy-powell,cold,2,849,13.2587,0.005512
scipy-powell,cold,2,851,13.2889,0.005512
scipy-powell,cold,2,852,13.3043,0.005512
scipy-powell,cold,2,853,13.3201,0.005512
scipy-powell,cold,2,863,13.4774,0.005508
scipy-powell,cold,2,864,13.4925,0.005505
scipy-powell,cold,2,865,13.5110,0.005503
scipy-powell,cold,2,866,13.5320,0.005502
scipy-powell,cold,2,867,13.5487,0.005501
scipy-powell,cold,2,868,13.5645,0.005501
scipy-powell,cold,2,869,13.5793,0.005501
scipy-powell,cold,2,870,13.5950,0.005501
scipy-powell,cold,2,871,13.6098,0.005501
scipy-powell,cold,2,872,13.6242,0.005501
scipy-powell,cold,2,873,13.6391,0.005500
scipy-powell,cold,2,874,13.6540,0.005500
scipy-powell,cold,2,875,13.6696,0.005500
scipy-powell,cold,2,876,13.6846,0.005500
scipy-powell,cold,2,877,13.6998,0.005500
scipy-powell,cold,2,878,13.7143,0.005500
scipy-powell,cold,2,879,13.7295,0.005500
scipy-powell,cold,2,880,13.7445,0.005500
scipy-powell,cold,2,881,13.7601,0.005500
scipy-powell,cold,2,882,13.7764,0.005500
scipy-powell,cold,2,883,13.7922,0.005500
scipy-powell,cold,2,884,13.8075,0.005500
scipy-powell,cold,2,885,13.8221,0.005500
scipy-powell,cold,2,886,13.8373,0.005500
scipy-powell,cold,2,887,13.8518,0.005500
scipy-powell,cold,2,888,13.8673,0.005500
scipy-powell,cold,2,889,13.8827,0.005500
scipy-powell,cold,2,890,13.8972,0.005500
scipy-powell,cold,2,891,13.9121,0.005500
scipy-powell,cold,2,892,13.9270,0.005500
scipy-powell,cold,2,893,13.9418,0.005500
scipy-powell,cold,2,894,13.9572,0.005500
scipy-powell,cold,2,895,13.9732,0.005500
scipy-powell,cold,2,896,13.9894,0.005500
scipy-powell,cold,2,897,14.0047,0.005500
scipy-powell,cold,2,899,14.0372,0.005500
scipy-powell,cold,2,903,14.1026,0.005500
scipy-powell,cold,2,904,14.1184,0.005500
scipy-powell,cold,2,905,14.1344,0.005500
scipy-powell,cold,2,906,14.1504,0.005500
scipy-powell,cold,2,907,14.1660,0.005500
scipy-powell,cold,2,918,14.3308,0.005500
scipy-powell,cold,2,919,14.3452,0.005500
scipy-powell,cold,2,920,14.3611,0.005499
scipy-powell,cold,2,921,14.3778,0.005499
scipy-powell,cold,2,922,14.3931,0.005499
scipy-powell,cold,2,923,14.4087,0.005499
scipy-powell,cold,2,924,14.4238,0.005499
scipy-powell,cold,2,925,14.4390,0.005499
scipy-powell,cold,2,926,14.4543,0.005499
scipy-powell,cold,2,927,14.4702,0.005499
scipy-powell,cold,2,928,14.4859,0.005499
scipy-powell,cold,2,929,14.5023,0.005499
scipy-powell,cold,2,930,14.5171,0.005499
scipy-powell,cold,2,931,14.5328,0.005499
scipy-powell,cold,2,932,14.5483,0.005499
scipy-powell,cold,2,933,14.5643,0.005499
scipy-powell,cold,2,934,14.5800,0.005499
scipy-powell,cold,2,935,14.5956,0.005499
scipy-powell,cold,2,936,14.6114,0.005499
scipy-powell,cold,2,937,14.6274,0.005499
scipy-powell,cold,2,938,14.6430,0.005499
scipy-powell,cold,2,939,14.6591,0.005499
scipy-powell,cold,2,940,14.6737,0.005499
scipy-powell,cold,2,941,14.6885,0.005499
scipy-powell,cold,2,942,14.7045,0.005499
scipy-powell,cold,2,943,14.7204,0.005499
scipy-powell,cold,2,944,14.7369,0.005499
scipy-powell,cold,2,945,14.7525,0.005499
scipy-powell,cold,2,946,14.7681,0.005499
scipy-powell,cold,2,947,14.7829,0.005499
scipy-powell,cold,2,948,14.7981,0.005499
scipy-powell,cold,2,949,14.8127,0.005499
scipy-powell,cold,2,950,14.8279,0.005499
scipy-powell,cold,2,951,14.8438,0.005499
scipy-powell,cold,2,952,14.8607,0.005499
scipy-powell,cold,2,953,14.8777,0.005486
scipy-powell,cold,2,955,14.9094,0.005485
scipy-powell,cold,2,956,14.9258,0.005485
scipy-powell,cold,2,957,14.9406,0.005485
scipy-powell,cold,2,958,14.9557,0.005485
scipy-powell,cold,2,959,14.9713,0.005485
scipy-powell,cold,2,960,14.9856,0.005485
scipy-powell,cold,2,961,15.0009,0.005485
scipy-powell,cold,2,962,15.0162,0.005485
scipy-powell,cold,2,967,15.0901,0.005485
scipy-powell,cold,2,969,15.1197,0.005454
scipy-powell,cold,2,971,15.1496,0.005444
scipy-powell,cold,2,972,15.1648,0.005443
scipy-powell,cold,2,973,15.1802,0.005442
scipy-powell,cold,2,974,15.1958,0.005442
scipy-powell,cold,2,975,15.2121,0.005442
scipy-powell,cold,2,976,15.2275,0.005442
scipy-powell,cold,2,983,15.3416,0.005439
scipy-powell,cold,2,985,15.3765,0.005438
scipy-powell,cold,2,986,15.3938,0.005438
scipy-powell,cold,2,987,15.4106,0.005438
scipy-powell,cold,2,988,15.4262,0.005438
scipy-powell,cold,2,989,15.4426,0.005438
scipy-powell,cold,2,990,15.4581,0.005438
scipy-powell,cold,2,991,15.4744,0.005438
scipy-powell,cold,2,992,15.4898,0.005438
scipy-powell,cold,2,994,15.5201,0.005438
scipy-powell,cold,2,997,15.5706,0.005438
scipy-powell,cold,2,1000,15.6163,0.005438
scipy-powell,cold,2,1001,15.6325,0.005438
scipy-powell,cold,2,1002,15.6482,0.005438
scipy-powell,cold,2,1003,15.6637,0.005438
scipy-powell,cold,2,1004,15.6791,0.005438
scipy-powell,cold,2,1005,15.6947,0.005438
scipy-powell,cold,2,1006,15.7107,0.005438
scipy-powell,cold,2,1009,15.7578,0.005438
scipy-powell,cold,2,1012,15.8030,0.005438
scipy-powell,cold,2,1055,16.4446,0.005438
scipy-powell,cold,2,1056,16.4590,0.005438
scipy-powell,cold,2,1057,16.4741,0.005438
scipy-powell,cold,2,1058,16.4902,0.005437
scipy-powell,cold,2,1059,16.5050,0.005437
scipy-powell,cold,2,1060,16.5203,0.005437
scipy-powell,cold,2,1061,16.5350,0.005437
scipy-powell,cold,2,1062,16.5490,0.005437
scipy-powell,cold,2,1063,16.5645,0.005437
scipy-powell,cold,2,1064,16.5797,0.005437
scipy-powell,cold,2,1065,16.5948,0.005437
scipy-powell,cold,2,1066,16.6100,0.005437
scipy-powell,cold,2,1067,16.6246,0.005437
scipy-powell,cold,2,1068,16.6399,0.005437
scipy-powell,cold,2,1069,16.6563,0.005437
scipy-powell,cold,2,1070,16.6717,0.005437
scipy-powell,cold,2,1071,16.6877,0.005437
scipy-powell,cold,2,1072,16.7041,0.005437
scipy-powell,cold,2,1073,16.7193,0.005437
scipy-powell,cold,2,1074,16.7351,0.005437
scipy-powell,cold,2,1075,16.7526,0.005437
scipy-powell,cold,2,1076,16.7691,0.005437
scipy-powell,cold,2,1077,16.7852,0.005437
scipy-powell,cold,2,1078,16.8008,0.005437
scipy-powell,cold,2,1079,16.8161,0.005437
scipy-powell,cold,2,1080,16.8316,0.005437
scipy-powell,cold,2,1081,16.8469,0.005437
scipy-powell,cold,2,1082,16.8619,0.005437
scipy-powell,cold,2,1083,16.8770,0.005437
scipy-powell,cold,2,1084,16.8926,0.005437
scipy-powell,cold,2,1085,16.9107,0.005437
scipy-powell,cold,2,1086,16.9268,0.005437
scipy-powell,cold,2,1087,16.9420,0.005437
scipy-powell,cold,2,1088,16.9590,0.005437
scipy-powell,cold,2,1089,16.9749,0.005437
scipy-powell,cold,2,1090,16.9914,0.005437
scipy-powell,cold,2,1092,17.0234,0.005437
scipy-powell,cold,2,1093,17.0389,0.005437
scipy-powell,cold,2,1094,17.0545,0.005437
scipy-powell,cold,2,1095,17.0709,0.005437
scipy-powell,cold,2,1096,17.0870,0.005437
scipy-powell,cold,2,1097,17.1033,0.005437
scipy-powell,cold,2,1098,17.1209,0.005437
scipy-powell,cold,2,1099,17.1384,0.005437
scipy-powell,cold,2,1101,17.1713,0.005437
scipy-powell,cold,2,1102,17.1876,0.005437
scipy-powell,cold,2,1104,17.2201,0.005437
scipy-powell,cold,2,1105,17.2371,0.005437
scipy-powell,cold,2,1107,17.2699,0.005437
scipy-powell,cold,2,1108,17.2866,0.005437
scipy-powell,cold,2,1110,17.3179,0.005437
scipy-powell,cold,2,1111,17.3333,0.005437
scipy-powell,cold,2,1112,17.3485,0.005437
scipy-powell,cold,2,1113,17.3639,0.005437
scipy-powell,cold,2,1114,17.3793,0.005437
scipy-powell,cold,2,1116,17.4114,0.005437
scipy-powell,cold,2,1117,17.4262,0.005437
scipy-powell,cold,2,1118,17.4404,0.005437
scipy-powell,cold,2,1119,17.4555,0.005437
scipy-powell,cold,2,1120,17.4706,0.005437
scipy-powell,cold,2,1121,17.4862,0.005437
scipy-powell,cold,2,1122,17.5005,0.005437
scipy-powell,cold,2,1123,17.5156,0.005437
scipy-powell,cold,2,1127,17.5749,0.005437
scipy-powell,cold,2,1129,17.6060,0.005437
scipy-powell,cold,2,1132,17.6547,0.005437
scipy-powell,cold,2,1134,17.6866,0.005436
scipy-powell,cold,2,1135,17.7022,0.005434
scipy-powell,cold,2,1136,17.7198,0.005434
scipy-powell,cold,2,1137,17.7370,0.005433
scipy-powell,cold,2,1138,17.7534,0.005433
scipy-powell,cold,2,1139,17.7694,0.005433
scipy-powell,cold,2,1140,17.7857,0.005432
scipy-powell,cold,2,1141,17.8016,0.005432
scipy-powell,cold,2,1142,17.8179,0.005432
scipy-powell,cold,2,1143,17.8342,0.005432
scipy-powell,cold,2,1144,17.8498,0.005432
scipy-powell,cold,2,1145,17.8658,0.005432
scipy-powell,cold,2,1146,17.8817,0.005432
scipy-powell,cold,2,1147,17.8982,0.005432
scipy-powell,cold,2,1148,17.9142,0.005432
scipy-powell,cold,2,1149,17.9305,0.005432
scipy-powell,cold,2,1150,17.9465,0.005432
scipy-powell,cold,2,1151,17.9620,0.005432
scipy-powell,cold,2,1152,17.9774,0.005432
scipy-powell,cold,2,1153,17.9931,0.005432
scipy-powell,cold,2,1154,18.0082,0.005432
scipy-powell,cold,2,1155,18.0255,0.005432
scipy-powell,cold,2,1156,18.0414,0.005432
scipy-powell,cold,2,1157,18.0576,0.005432
scipy-powell,cold,2,1158,18.0739,0.005432
scipy-powell,cold,2,1159,18.0901,0.005432
scipy-powell,cold,2,1160,18.1060,0.005432
scipy-powell,cold,2,1161,18.1228,0.005432
scipy-powell,cold,2,1162,18.1387,0.005432
scipy-powell,cold,2,1163,18.1539,0.005432
scipy-powell,cold,2,1164,18.1698,0.005432
scipy-powell,cold,2,1165,18.1856,0.005432
scipy-powell,cold,2,1166,18.2006,0.005432
scipy-powell,cold,2,1167,18.2157,0.005432
scipy-powell,cold,2,1168,18.2303,0.005432
scipy-powell,cold,2,1169,18.2448,0.005432
scipy-powell,cold,2,1170,18.2609,0.005428
scipy-powell,cold,2,1172,18.2914,0.005427
scipy-powell,cold,2,1173,18.3067,0.005426
scipy-powell,cold,2,1174,18.3230,0.005426
scipy-powell,cold,2,1175,18.3380,0.005425
scipy-powell,cold,2,1176,18.3541,0.005425
scipy-powell,cold,2,1177,18.3707,0.005425
scipy-powell,cold,2,1178,18.3876,0.005425
scipy-powell,cold,2,1179,18.4055,0.005425
scipy-powell,cold,2,1180,18.4222,0.005425
scipy-powell,cold,2,1182,18.4556,0.005425
scipy-powell,cold,2,1183,18.4717,0.005425
scipy-powell,cold,2,1185,18.5020,0.005425
scipy-powell,cold,2,1186,18.5163,0.005425
scipy-powell,cold,2,1188,18.5448,0.005425
scipy-powell,cold,2,1189,18.5609,0.005425
scipy-powell,cold,2,1190,18.5806,0.005425
scipy-powell,cold,2,1191,18.5962,0.005425
scipy-powell,cold,2,1192,18.6105,0.005425
scipy-powell,cold,2,1193,18.6252,0.005425
scipy-powell,cold,2,1195,18.6544,0.005425
scipy-powell,cold,2,1196,18.6686,0.005425
scipy-powell,cold,2,1197,18.6833,0.005425
scipy-powell,cold,2,1198,18.6994,0.005425
scipy-powell,cold,2,1199,18.7144,0.005425
scipy-powell,cold,2,1200,18.7298,0.005425
scipy-powell,cold,2,1201,18.7445,0.005425
scipy-powell,cold,2,1202,18.7590,0.005425
scipy-powell,cold,2,1203,18.7728,0.005425
scipy-powell,cold,2,1204,18.7878,0.005425
scipy-powell,cold,2,1205,18.8029,0.005425
scipy-powell,cold,2,1207,18.8333,0.005425
scipy-powell,cold,2,1208,18.8491,0.005425
scipy-powell,cold,2,1214,18.9403,0.005425
scipy-powell,cold,2,1215,18.9556,0.005425
scipy-powell,cold,2,1218,19.0012,0.005425
scipy-powell,cold,2,1219,19.0168,0.005425
scipy-powell,cold,2,1220,19.0324,0.005425
scipy-powell,cold,2,1222,19.0633,0.005425
scipy-powell,cold,2,1224,19.0947,0.005425
scipy-powell,cold,2,1225,19.1088,0.005425
scipy-powell,cold,2,1227,19.1374,0.005425
scipy-powell,cold,2,1232,19.2119,0.005425
scipy-powell,cold,2,1238,19.3013,0.005424
scipy-powell,cold,2,1239,19.3155,0.005424
scipy-powell,cold,2,1240,19.3304,0.005424
scipy-powell,cold,2,1242,19.3608,0.005424
scipy-powell,cold,2,1243,19.3762,0.005424
scipy-powell,cold,2,1255,19.5537,0.005424
scipy-powell,cold,2,1256,19.5707,0.005424
scipy-powell,cold,2,1257,19.5853,0.005424
scipy-powell,cold,2,1258,19.5998,0.005424
scipy-powell,cold,2,1259,19.6135,0.005424
scipy-powell,cold,2,1260,19.6275,0.005424
scipy-powell,cold,2,1261,19.6414,0.005424
scipy-powell,cold,2,1262,19.6569,0.005424
scipy-powell,cold,2,1263,19.6735,0.005424
scipy-powell,cold,2,1264,19.6890,0.005424
scipy-powell,cold,2,1265,19.7034,0.005424
scipy-powell,cold,2,1266,19.7200,0.005424
scipy-powell,cold,2,1267,19.7351,0.005424
scipy-powell,cold,2,1268,19.7499,0.005424
scipy-powell,cold,2,1269,19.7666,0.005424
scipy-powell,cold,2,1270,19.7806,0.005424
scipy-powell,cold,2,1271,19.7953,0.005424
scipy-powell,cold,2,1272,19.8097,0.005424
scipy-powell,cold,2,1273,19.8253,0.005424
scipy-powell,cold,2,1274,19.8421,0.005424
scipy-powell,cold,2,1275,19.8581,0.005424
scipy-powell,cold,2,1276,19.8735,0.005424
scipy-powell,cold,2,1277,19.8877,0.005424
scipy-powell,cold,2,1278,19.9018,0.005424
scipy-powell,cold,2,1279,19.9167,0.005424
scipy-powell,cold,2,1280,19.9313,0.005424
scipy-powell,cold,2,1281,19.9453,0.005424
scipy-powell,cold,2,1282,19.9610,0.005424
scipy-powell,cold,2,1283,19.9772,0.005424
scipy-powell,cold,2,1284,19.9926,0.005424
scipy-powell,cold,2,1285,20.0092,0.005424
scipy-powell,cold,2,1286,20.0247,0.005424
scipy-powell,cold,2,1287,20.0405,0.005424
scipy-powell,cold,2,1288,20.0544,0.005424
scipy-powell,cold,2,1289,20.0693,0.005424
scipy-powell,cold,2,1291,20.0983,0.005424
scipy-powell,cold,2,1292,20.1133,0.005424
scipy-powell,cold,2,1293,20.1273,0.005424
scipy-powell,cold,2,1295,20.1574,0.005424
scipy-powell,cold,2,1297,20.1871,0.005424
scipy-powell,cold,2,1298,20.2010,0.005424
scipy-powell,cold,2,1299,20.2167,0.005424
scipy-powell,cold,2,1307,20.3319,0.005424
scipy-powell,cold,2,1311,20.3948,0.005424
scipy-powell,cold,2,1313,20.4293,0.005424
scipy-powell,cold,2,1315,20.4603,0.005424
scipy-powell,cold,2,1316,20.4756,0.005424
scipy-powell,cold,2,1317,20.4910,0.005424
scipy-powell,cold,2,1333,20.7502,0.005424
scipy-powell,cold,2,1334,20.7654,0.005424
scipy-powell,cold,2,1335,20.7834,0.005424
scipy-powell,cold,2,1336,20.8013,0.005424
scipy-powell,cold,2,1338,20.8347,0.005424
scipy-powell,cold,2,1340,20.8660,0.005424
scipy-powell,cold,2,1349,21.0084,0.005424
scipy-powell,cold,2,1354,21.0963,0.005424
scipy-powell,cold,2,1356,21.1256,0.005424
scipy-powell,cold,2,1357,21.1414,0.005424
scipy-powell,cold,2,1358,21.1566,0.005424
scipy-powell,cold,2,1363,21.2321,0.005424
scipy-powell,cold,2,1364,21.2482,0.005424
scipy-powell,cold,2,1367,21.2955,0.005424
scipy-powell,cold,2,1371,21.3545,0.005424
scipy-powell,cold,2,1373,21.3839,0.005424
scipy-powell,cold,2,1375,21.4162,0.005424
scipy-powell,cold,2,1376,21.4338,0.005424
scipy-powell,cold,2,1377,21.4489,0.005424
scipy-powell,cold,2,1387,21.6046,0.005424
scipy-powell,cold,2,1388,21.6199,0.005424
scipy-powell,cold,2,1389,21.6360,0.005424
scipy-powell,cold,2,1390,21.6510,0.005424
scipy-powell,cold,2,1391,21.6660,0.005424
scipy-powell,cold,2,1392,21.6804,0.005424
scipy-powell,cold,2,1401,21.8193,0.005424
scipy-powell,cold,2,1403,21.8496,0.005424
scipy-powell,cold,2,1412,22.0046,0.005424
scipy-powell,cold,2,1413,22.0219,0.005424
scipy-powell,cold,2,1414,22.0399,0.005424
scipy-powell,cold,2,1415,22.0566,0.005424
scipy-powell,cold,2,1416,22.0728,0.005424
scipy-powell,cold,2,1417,22.0898,0.005424
scipy-powell,cold,2,1418,22.1050,0.005424
scipy-powell,cold,2,1419,22.1209,0.005424
scipy-powell,cold,2,1424,22.2040,0.005424
scipy-powell,cold,2,1427,22.2501,0.005424
scipy-powell,cold,2,1429,22.2822,0.005424
scipy-powell,cold,2,1431,22.3150,0.005424
scipy-powell,cold,2,1432,22.3319,0.005424
scipy-powell,cold,2,1433,22.3489,0.005424
scipy-powell,cold,2,1434,22.3651,0.005424
scipy-powell,cold,2,1435,22.3820,0.005424
scipy-powell,cold,2,1451,22.6438,0.005424
scipy-powell,cold,2,1455,22.7064,0.005424
scipy-powell,cold,2,1456,22.7216,0.005424
scipy-powell,cold,2,1457,22.7361,0.005424
scipy-powell,cold,2,1458,22.7525,0.005424
scipy-powell,cold,2,1459,22.7683,0.005424
scipy-powell,cold,2,1460,22.7836,0.005424
scipy-powell,cold,2,1461,22.7996,0.005424
scipy-powell,cold,2,1462,22.8154,0.005424
scipy-powell,cold,2,1463,22.8313,0.005424
scipy-powell,cold,2,1472,23.0170,0.005424
scipy-powell,cold,2,1479,23.1674,0.005423
scipy-powell,cold,2,1480,23.1836,0.005423
scipy-powell,cold,2,1481,23.2035,0.005423
scipy-powell,cold,2,1482,23.2231,0.005422
scipy-powell,cold,2,1483,23.2469,0.005422
scipy-powell,cold,2,1484,23.2679,0.005422
scipy-powell,cold,2,1485,23.2909,0.005422
scipy-powell,cold,2,1486,23.3130,0.005422
scipy-powell,cold,2,1487,23.3356,0.005422
scipy-powell,cold,2,1488,23.3571,0.005422
scipy-powell,cold,2,1489,23.3801,0.005422
scipy-powell,cold,2,1490,23.4029,0.005422
scipy-powell,cold,2,1491,23.4260,0.005422
scipy-powell,cold,2,1492,23.4482,0.005422
scipy-powell,cold,2,1493,23.4708,0.005422
scipy-powell,cold,2,1494,23.4873,0.005422
scipy-powell,cold,2,1495,23.5033,0.005422
scipy-powell,cold,2,1496,23.5218,0.005422
scipy-powell,cold,2,1497,23.5384,0.005422
scipy-powell,cold,2,1498,23.5547,0.005422
scipy-powell,cold,2,1499,23.5710,0.005422
scipy-powell,cold,2,1500,23.5873,0.005422
scipy-powell,cold,2,1501,23.6030,0.005422
scipy-powell,cold,2,1502,23.6202,0.005422
scipy-powell,cold,2,1503,23.6395,0.005422
scipy-powell,cold,2,1504,23.6552,0.005422
scipy-powell,cold,2,1505,23.6707,0.005422
scipy-powell,cold,2,1506,23.6896,0.005422
scipy-powell,cold,2,1507,23.7072,0.005422
scipy-powell,cold,2,1508,23.7240,0.005422
scipy-powell,cold,2,1509,23.7409,0.005422
scipy-powell,cold,2,1510,23.7566,0.005422
scipy-powell,cold,2,1511,23.7723,0.005422
scipy-powell,cold,2,1512,23.7875,0.005422
scipy-powell,cold,2,1513,23.8027,0.005422
scipy-powell,cold,2,1514,23.8186,0.005421
scipy-powell,cold,2,1516,23.8497,0.005420
scipy-powell,cold,2,1517,23.8661,0.005420
scipy-powell,cold,2,1518,23.8813,0.005420
scipy-powell,cold,2,1519,23.8973,0.005420
scipy-powell,cold,2,1520,23.9128,0.005420
scipy-powell,cold,2,1521,23.9278,0.005420
scipy-powell,cold,2,1522,23.9441,0.005420
scipy-powell,cold,2,1524,23.9757,0.005420
scipy-powell,cold,2,1525,23.9913,0.005420
scipy-powell,cold,2,1526,24.0057,0.005420
scipy-powell,cold,2,1527,24.0209,0.005420
scipy-powell,cold,2,1528,24.0382,0.005420
scipy-powell,cold,2,1529,24.0548,0.005420
scipy-powell,cold,2,1530,24.0701,0.005420
scipy-powell,cold,2,1535,24.1484,0.005418
scipy-powell,cold,2,1536,24.1627,0.005408
scipy-powell,cold,2,1537,24.1779,0.005402
scipy-powell,cold,2,1538,24.1936,0.005400
scipy-powell,cold,2,1539,24.2082,0.005398
scipy-powell,cold,2,1540,24.2234,0.005398
scipy-powell,cold,2,1541,24.2389,0.005397
scipy-powell,cold,2,1542,24.2560,0.005397
scipy-powell,cold,2,1543,24.2732,0.005397
scipy-powell,cold,2,1544,24.2900,0.005397
scipy-powell,cold,2,1545,24.3059,0.005397
scipy-powell,cold,2,1546,24.3218,0.005396
scipy-powell,cold,2,1547,24.3370,0.005396
scipy-powell,cold,2,1548,24.3538,0.005396
scipy-powell,cold,2,1549,24.3704,0.005396
scipy-powell,cold,2,1550,24.3880,0.005396
scipy-powell,cold,2,1551,24.4035,0.005396
scipy-powell,cold,2,1552,24.4188,0.005396
scipy-powell,cold,2,1553,24.4353,0.005396
scipy-powell,cold,2,1554,24.4516,0.005396
scipy-powell,cold,2,1555,24.4668,0.005396
scipy-powell,cold,2,1556,24.4827,0.005396
scipy-powell,cold,2,1557,24.4978,0.005396
scipy-powell,cold,2,1558,24.5136,0.005396
scipy-powell,cold,2,1559,24.5300,0.005396
scipy-powell,cold,2,1560,24.5479,0.005396
scipy-powell,cold,2,1561,24.5645,0.005396
scipy-powell,cold,2,1562,24.5807,0.005396
scipy-powell,cold,2,1563,24.5975,0.005396
scipy-powell,cold,2,1564,24.6136,0.005396
scipy-powell,cold,2,1565,24.6304,0.005396
scipy-powell,cold,2,1566,24.6472,0.005396
scipy-powell,cold,2,1567,24.6642,0.005396
scipy-powell,cold,2,1568,24.6803,0.005396
scipy-powell,cold,2,1569,24.6964,0.005396
scipy-powell,cold,2,1570,24.7120,0.005396
scipy-powell,cold,2,1571,24.7282,0.005396
scipy-powell,cold,2,1572,24.7453,0.005392
scipy-powell,cold,2,1575,24.7946,0.005392
scipy-powell,cold,2,1576,24.8106,0.005392
scipy-powell,cold,2,1577,24.8262,0.005392
scipy-powell,cold,2,1578,24.8417,0.005392
scipy-powell,cold,2,1579,24.8575,0.005392
scipy-powell,cold,2,1580,24.8734,0.005392
scipy-powell,cold,2,1581,24.8892,0.005392
scipy-powell,cold,2,1584,24.9399,0.005392
scipy-powell,cold,2,1589,25.0285,0.005388
scipy-powell,cold,2,1590,25.0448,0.005380
scipy-powell,cold,2,1591,25.0617,0.005377
scipy-powell,cold,2,1592,25.0780,0.005377
scipy-powell,cold,2,1593,25.0952,0.005376
scipy-powell,cold,2,1595,25.1266,0.005376
scipy-powell,cold,2,1596,25.1415,0.005376
scipy-powell,cold,2,1597,25.1588,0.005376
scipy-powell,cold,2,1599,25.1909,0.005376
scipy-powell,cold,2,1607,25.3231,0.005373
scipy-powell,cold,2,1609,25.3539,0.005373
scipy-powell,cold,2,1611,25.3857,0.005372
scipy-powell,cold,2,1612,25.4016,0.005372
scipy-powell,cold,2,1613,25.4175,0.005372
scipy-powell,cold,2,1614,25.4339,0.005372
scipy-powell,cold,2,1615,25.4526,0.005372
scipy-powell,cold,2,1616,25.4718,0.005372
scipy-powell,cold,2,1617,25.4882,0.005372
scipy-powell,cold,2,1624,25.6068,0.005372
scipy-powell,cold,2,1626,25.6419,0.005371
scipy-powell,cold,2,1627,25.6589,0.005371
scipy-powell,cold,2,1628,25.6757,0.005370
scipy-powell,cold,2,1629,25.6932,0.005370
scipy-powell,cold,2,1630,25.7092,0.005370
scipy-powell,cold,2,1631,25.7254,0.005370
scipy-powell,cold,2,1632,25.7430,0.005370
scipy-powell,cold,2,1633,25.7596,0.005370
scipy-powell,cold,2,1634,25.7756,0.005370
scipy-powell,cold,2,1635,25.7913,0.005370
scipy-powell,cold,2,1636,25.8072,0.005370
scipy-powell,cold,2,1637,25.8241,0.005370
scipy-powell,cold,2,1638,25.8402,0.005370
scipy-powell,cold,2,1639,25.8584,0.005370
scipy-powell,cold,2,1640,25.8755,0.005370
scipy-powell,cold,2,1641,25.8913,0.005370
scipy-powell,cold,2,1642,25.9081,0.005370
scipy-powell,cold,2,1643,25.9245,0.005370
scipy-powell,cold,2,1644,25.9406,0.005370
scipy-powell,cold,2,1645,25.9568,0.005370
scipy-powell,cold,2,1646,25.9734,0.005370
scipy-powell,cold,2,1647,25.9901,0.005370
scipy-powell,cold,2,1648,26.0082,0.005370
scipy-powell,cold,2,1649,26.0239,0.005370
scipy-powell,cold,2,1650,26.0408,0.005370
scipy-powell,cold,2,1651,26.0608,0.005370
scipy-powell,cold,2,1652,26.0804,0.005370
scipy-powell,cold,2,1653,26.0990,0.005370
scipy-powell,cold,2,1654,26.1153,0.005370
scipy-powell,cold,2,1655,26.1306,0.005370
scipy-powell,cold,2,1656,26.1468,0.005370
scipy-powell,cold,2,1657,26.1634,0.005370
scipy-powell,cold,2,1658,26.1817,0.005370
scipy-powell,cold,2,1659,26.2004,0.005370
scipy-powell,cold,2,1660,26.2158,0.005370
scipy-powell,cold,2,1661,26.2317,0.005369
scipy-powell,cold,2,1663,26.2641,0.005366
scipy-powell,cold,2,1664,26.2819,0.005363
scipy-powell,cold,2,1665,26.2979,0.005359
scipy-powell,cold,2,1666,26.3149,0.005357
scipy-powell,cold,2,1668,26.4920,0.005357
scipy-powell,cold,2,1669,26.5091,0.005357
scipy-powell,cold,2,1670,26.5277,0.005357
scipy-powell,cold,2,1671,26.5439,0.005357
scipy-powell,cold,2,1672,26.5609,0.005357
scipy-powell,cold,2,1673,26.5759,0.005357
scipy-powell,cold,2,1674,26.5920,0.005357
scipy-powell,cold,2,1679,26.6699,0.005351
scipy-powell,cold,2,1680,26.6861,0.005346
scipy-powell,cold,2,1681,26.7012,0.005342
scipy-powell,cold,2,1682,26.7183,0.005340
scipy-powell,cold,2,1683,26.7342,0.005338
scipy-powell,cold,2,1684,26.7521,0.005338
scipy-powell,cold,2,1685,26.7680,0.005337
scipy-powell,cold,2,1686,26.7841,0.005337
scipy-powell,cold,2,1687,26.8003,0.005337
scipy-powell,cold,2,1688,26.8167,0.005336
scipy-powell,cold,2,1689,26.8327,0.005336
scipy-powell,cold,2,1690,26.8499,0.005336
scipy-powell,cold,2,1691,26.8661,0.005336
scipy-powell,cold,2,1692,26.8828,0.005336
scipy-powell,cold,2,1693,26.8994,0.005336
scipy-powell,cold,2,1694,26.9167,0.005336
scipy-powell,cold,2,1695,26.9328,0.005336
scipy-powell,cold,2,1696,26.9495,0.005336
scipy-powell,cold,2,1697,26.9702,0.005336
scipy-powell,cold,2,1698,26.9913,0.005336
scipy-powell,cold,2,1699,27.0120,0.005336
scipy-powell,cold,2,1700,27.0310,0.005336
scipy-powell,cold,2,1701,27.0487,0.005336
scipy-powell,cold,2,1702,27.0688,0.005336
scipy-powell,cold,2,1703,27.0856,0.005336
scipy-powell,cold,2,1704,27.1051,0.005336
scipy-powell,cold,2,1705,27.1222,0.005336
scipy-powell,cold,2,1706,27.1400,0.005336
scipy-powell,cold,2,1707,27.1587,0.005336
scipy-powell,cold,2,1708,27.1761,0.005336
scipy-powell,cold,2,1709,27.1962,0.005336
scipy-powell,cold,2,1710,27.2180,0.005336
scipy-powell,cold,2,1711,27.2395,0.005336
scipy-powell,cold,2,1712,27.2608,0.005336
scipy-powell,cold,2,1713,27.2814,0.005336
scipy-powell,cold,2,1714,27.3020,0.005336
scipy-powell,cold,2,1715,27.3196,0.005309
scipy-powell,cold,2,1717,27.3673,0.005299
scipy-powell,cold,2,1718,27.3909,0.005297
scipy-powell,cold,2,1719,27.4124,0.005296
scipy-powell,cold,2,1720,27.4334,0.005293
scipy-powell,cold,2,1721,27.4526,0.005291
scipy-powell,cold,2,1722,27.4748,0.005290
scipy-powell,cold,2,1723,27.4979,0.005289
scipy-powell,cold,2,1724,27.5209,0.005289
scipy-powell,cold,2,1725,27.5432,0.005289
scipy-powell,cold,2,1726,27.5660,0.005289
scipy-powell,cold,2,1727,27.5864,0.005289
scipy-powell,cold,2,1729,27.6272,0.005289
scipy-powell,cold,2,1730,27.6437,0.005289
scipy-powell,cold,2,1731,27.6594,0.005289
scipy-powell,cold,2,1732,27.6777,0.005289
scipy-powell,cold,2,1733,27.6948,0.005289
scipy-powell,cold,2,1734,27.7119,0.005289
scipy-powell,cold,2,1735,27.7289,0.005289
scipy-powell,cold,2,1736,27.7458,0.005289
scipy-powell,cold,2,1737,27.7646,0.005289
scipy-powell,cold,2,1738,27.7818,0.005289
scipy-powell,cold,2,1739,27.7993,0.005289
scipy-powell,cold,2,1740,27.8153,0.005289
scipy-powell,cold,2,1741,27.8317,0.005289
scipy-powell,cold,2,1742,27.8485,0.005289
scipy-powell,cold,2,1743,27.8646,0.005289
scipy-powell,cold,2,1744,27.8810,0.005289
scipy-powell,cold,2,1745,27.9011,0.005289
scipy-powell,cold,2,1746,27.9190,0.005289
scipy-powell,cold,2,1747,27.9377,0.005289
scipy-powell,cold,2,1748,27.9544,0.005289
scipy-powell,cold,2,1749,27.9723,0.005289
scipy-powell,cold,2,1750,27.9900,0.005289
scipy-powell,cold,2,1753,28.0411,0.005264
scipy-powell,cold,2,1754,28.0582,0.005248
scipy-powell,cold,2,1755,28.0763,0.005238
scipy-powell,cold,2,1756,28.0936,0.005233
scipy-powell,cold,2,1757,28.1113,0.005229
scipy-powell,cold,2,1758,28.1293,0.005227
scipy-powell,cold,2,1759,28.1472,0.005226
scipy-powell,cold,2,1760,28.1659,0.005225
scipy-powell,cold,2,1761,28.1836,0.005225
scipy-powell,cold,2,1762,28.2018,0.005224
scipy-powell,cold,2,1763,28.2202,0.005224
scipy-powell,cold,2,1764,28.2362,0.005224
scipy-powell,cold,2,1765,28.2538,0.005224
scipy-powell,cold,2,1766,28.2722,0.005224
scipy-powell,cold,2,1767,28.2893,0.005224
scipy-powell,cold,2,1768,28.3055,0.005224
scipy-powell,cold,2,1769,28.3205,0.005224
scipy-powell,cold,2,1770,28.3362,0.005224
scipy-powell,cold,2,1771,28.3535,0.005224
scipy-powell,cold,2,1772,28.3707,0.005224
scipy-powell,cold,2,1773,28.3875,0.005224
scipy-powell,cold,2,1774,28.4043,0.005224
scipy-powell,cold,2,1775,28.4206,0.005224
scipy-powell,cold,2,1776,28.4377,0.005224
scipy-powell,cold,2,1777,28.4548,0.005224
scipy-powell,cold,2,1778,28.4741,0.005224
scipy-powell,cold,2,1779,28.4925,0.005224
scipy-powell,cold,2,1780,28.5094,0.005224
scipy-powell,cold,2,1781,28.5277,0.005224
scipy-powell,cold,2,1782,28.5440,0.005224
scipy-powell,cold,2,1783,28.5603,0.005224
scipy-powell,cold,2,1784,28.5766,0.005224
scipy-powell,cold,2,1785,28.5946,0.005224
scipy-powell,cold,2,1786,28.6120,0.005224
scipy-powell,cold,2,1787,28.6288,0.005224
scipy-powell,cold,2,1788,28.6448,0.005224
scipy-powell,cold,2,1790,28.6768,0.005198
scipy-powell,cold,2,1792,28.7080,0.005196
scipy-powell,cold,2,1793,28.7243,0.005196
scipy-powell,cold,2,1794,28.7407,0.005196
scipy-powell,cold,2,1795,28.7585,0.005196
scipy-powell,cold,2,1796,28.7766,0.005196
scipy-powell,cold,2,1797,28.7938,0.005196
scipy-powell,cold,2,1798,28.8121,0.005196
scipy-powell,cold,2,1807,28.9683,0.005193
scipy-powell,cold,2,1808,28.9855,0.005189
scipy-powell,cold,2,1809,29.0031,0.005185
scipy-powell,cold,2,1810,29.0198,0.005183
scipy-powell,cold,2,1811,29.0357,0.005182
scipy-powell,cold,2,1812,29.0528,0.005181
scipy-powell,cold,2,1813,29.0689,0.005180
scipy-powell,cold,2,1814,29.0851,0.005180
scipy-powell,cold,2,1815,29.1020,0.005180
scipy-powell,cold,2,1816,29.1182,0.005179
scipy-powell,cold,2,1817,29.1348,0.005179
scipy-powell,cold,2,1818,29.1506,0.005179
scipy-powell,cold,2,1819,29.1669,0.005179
scipy-powell,cold,2,1820,29.1825,0.005179
scipy-powell,cold,2,1821,29.2000,0.005179
scipy-powell,cold,2,1822,29.2153,0.005179
scipy-powell,cold,2,1823,29.2302,0.005179
scipy-powell,cold,2,1824,29.2457,0.005179
scipy-powell,cold,2,1825,29.2624,0.005179
scipy-powell,cold,2,1826,29.2811,0.005179
scipy-powell,cold,2,1827,29.2988,0.005179
scipy-powell,cold,2,1828,29.3139,0.005179
scipy-powell,cold,2,1829,29.3307,0.005179
scipy-powell,cold,2,1830,29.3475,0.005179
scipy-powell,cold,2,1831,29.3651,0.005179
scipy-powell,cold,2,1832,29.3815,0.005179
scipy-powell,cold,2,1833,29.4000,0.005179
scipy-powell,cold,2,1834,29.4154,0.005179
scipy-powell,cold,2,1835,29.4312,0.005179
scipy-powell,cold,2,1836,29.4463,0.005179
scipy-powell,cold,2,1837,29.4618,0.005179
scipy-powell,cold,2,1838,29.4779,0.005179
scipy-powell,cold,2,1839,29.4940,0.005179
scipy-powell,cold,2,1840,29.5114,0.005179
scipy-powell,cold,2,1841,29.5279,0.005179
scipy-powell,cold,2,1842,29.5456,0.005179
scipy-powell,cold,2,1845,29.5919,0.005173
scipy-powell,cold,2,1848,29.6379,0.005173
scipy-powell,cold,2,1850,29.6698,0.005173
scipy-powell,cold,2,1851,29.6860,0.005173
scipy-powell,cold,2,1852,29.7023,0.005173
scipy-powell,cold,2,1853,29.7198,0.005173
scipy-powell,cold,2,1854,29.7363,0.005173
scipy-powell,cold,2,1868,29.9637,0.005171
scipy-powell,cold,2,1869,29.9814,0.005169
scipy-powell,cold,2,1870,29.9993,0.005169
scipy-powell,cold,2,1871,30.0152,0.005169
scipy-powell,cold,2,1872,30.0324,0.005169
scipy-powell,cold,2,1873,30.0482,0.005169
scipy-powell,cold,2,1874,30.0651,0.005169
scipy-powell,cold,2,1875,30.0824,0.005169
scipy-powell,cold,2,1884,30.2212,0.005169
scipy-powell,cold,2,1892,30.3435,0.005169
scipy-powell,cold,2,1894,30.3736,0.005169
scipy-powell,cold,2,1895,30.3884,0.005169
scipy-powell,cold,2,1896,30.4044,0.005169
scipy-powell,cold,2,1897,30.4200,0.005169
scipy-powell,cold,2,1898,30.4365,0.005169
scipy-powell,cold,2,1900,30.4697,0.005169
scipy-powell,cold,2,1903,30.5171,0.005168
scipy-powell,cold,2,1905,30.5477,0.005168
scipy-powell,cold,2,1906,30.5623,0.005168
scipy-powell,cold,2,1907,30.5775,0.005168
scipy-powell,cold,2,1908,30.5948,0.005168
scipy-powell,cold,2,1909,30.6132,0.005168
scipy-powell,cold,2,1910,30.6294,0.005168
scipy-powell,cold,2,1911,30.6456,0.005168
scipy-powell,cold,2,1912,30.6611,0.005168
scipy-powell,cold,2,1913,30.6763,0.005168
scipy-powell,cold,2,1922,30.8129,0.005168
scipy-powell,cold,2,1924,30.8447,0.005168
scipy-powell,cold,2,1925,30.8594,0.005168
scipy-powell,cold,2,1926,30.8750,0.005168
scipy-powell,cold,2,1928,30.9060,0.005168
scipy-powell,cold,2,1929,30.9212,0.005168
scipy-powell,cold,2,1930,30.9369,0.005168
scipy-powell,cold,2,1931,30.9528,0.005168
scipy-powell,cold,2,1932,30.9679,0.005168
scipy-powell,cold,2,1939,31.0795,0.005168
scipy-powell,cold,2,1945,31.1678,0.005168
scipy-powell,cold,2,1949,31.2308,0.005168
scipy-powell,cold,2,1950,31.2466,0.005168
scipy-powell,cold,2,1951,31.2606,0.005167
scipy-powell,cold,2,1952,31.2763,0.005167
scipy-powell,cold,2,1953,31.2910,0.005167
scipy-powell,cold,2,1954,31.3047,0.005167
scipy-powell,cold,2,1955,31.3196,0.005167
scipy-powell,cold,2,1956,31.3336,0.005167
scipy-powell,cold,2,1957,31.3475,0.005167
scipy-powell,cold,2,1958,31.3623,0.005167
scipy-powell,cold,2,1959,31.3772,0.005167
scipy-powell,cold,2,1960,31.3924,0.005167
scipy-powell,cold,2,1961,31.4072,0.005167
scipy-powell,cold,2,1962,31.4219,0.005167
scipy-powell,cold,2,1963,31.4360,0.005167
scipy-powell,cold,2,1964,31.4501,0.005167
scipy-powell,cold,2,1965,31.4652,0.005167
scipy-powell,cold,2,1966,31.4794,0.005167
scipy-powell,cold,2,1967,31.4947,0.005167
scipy-powell,cold,2,1968,31.5095,0.005167
scipy-powell,cold,2,1969,31.5246,0.005167
scipy-powell,cold,2,1970,31.5393,0.005167
scipy-powell,cold,2,1971,31.5545,0.005167
scipy-powell,cold,2,1972,31.5689,0.005167
scipy-powell,cold,2,1973,31.5850,0.005167
scipy-powell,cold,2,1974,31.6007,0.005167
scipy-powell,cold,2,1975,31.6162,0.005167
scipy-powell,cold,2,1976,31.6321,0.005167
scipy-powell,cold,2,1977,31.6484,0.005167
scipy-powell,cold,2,1978,31.6653,0.005167
scipy-powell,cold,2,1979,31.6812,0.005167
scipy-powell,cold,2,1980,31.6970,0.005167
scipy-powell,cold,2,1981,31.7122,0.005167
scipy-powell,cold,2,1982,31.7278,0.005167
scipy-powell,cold,2,1983,31.7445,0.005167
scipy-powell,cold,2,1984,31.7624,0.005167
scipy-powell,cold,2,1985,31.7790,0.005167
scipy-powell,cold,2,1987,31.8115,0.005166
scipy-powell,cold,2,1988,31.8278,0.005166
scipy-powell,cold,2,1989,31.8447,0.005166
scipy-powell,cold,2,1990,31.8622,0.005166
scipy-powell,cold,2,1991,31.8786,0.005166
scipy-powell,cold,2,1992,31.8945,0.005166
scipy-powell,cold,2,1993,31.9109,0.005166
scipy-powell,cold,2,1994,31.9264,0.005166
scipy-powell,cold,2,1995,31.9430,0.005166
scipy-powell,cold,2,1996,31.9611,0.005166
scipy-powell,cold,2,1997,31.9774,0.005166
scipy-powell,cold,2,1999,32.0087,0.005166
scipy-powell,cold,2,2000,32.0247,0.005166
scipy-powell,cold,3,0,0.0000,0.006382
scipy-powell,cold,3,2,0.0477,0.006382
scipy-powell,cold,3,4,0.0786,0.006381
scipy-powell,cold,3,5,0.0945,0.006381
scipy-powell,cold,3,7,0.1272,0.006381
scipy-powell,cold,3,8,0.1433,0.006381
scipy-powell,cold,3,9,0.1599,0.006381
scipy-powell,cold,3,14,0.2399,0.006381
scipy-powell,cold,3,16,0.2694,0.006381
scipy-powell,cold,3,20,0.3291,0.006380
scipy-powell,cold,3,23,0.3759,0.006380
scipy-powell,cold,3,24,0.3904,0.006380
scipy-powell,cold,3,26,0.4210,0.006380
scipy-powell,cold,3,27,0.4366,0.006380
scipy-powell,cold,3,28,0.4526,0.006380
scipy-powell,cold,3,29,0.4684,0.006380
scipy-powell,cold,3,41,0.6609,0.006380
scipy-powell,cold,3,45,0.7290,0.006380
scipy-powell,cold,3,46,0.7445,0.006380
scipy-powell,cold,3,47,0.7589,0.006380
scipy-powell,cold,3,48,0.7743,0.006380
scipy-powell,cold,3,49,0.7899,0.006380
scipy-powell,cold,3,50,0.8055,0.006380
scipy-powell,cold,3,51,0.8202,0.006380
scipy-powell,cold,3,54,0.8651,0.006380
scipy-powell,cold,3,57,0.9137,0.006380
scipy-powell,cold,3,64,1.0221,0.006380
scipy-powell,cold,3,68,1.0855,0.006380
scipy-powell,cold,3,69,1.1014,0.006380
scipy-powell,cold,3,70,1.1191,0.006380
scipy-powell,cold,3,77,1.2351,0.006377
scipy-powell,cold,3,78,1.2511,0.006373
scipy-powell,cold,3,79,1.2663,0.006371
scipy-powell,cold,3,80,1.2809,0.006370
scipy-powell,cold,3,81,1.2975,0.006369
scipy-powell,cold,3,82,1.3149,0.006369
scipy-powell,cold,3,83,1.3310,0.006369
scipy-powell,cold,3,84,1.3454,0.006368
scipy-powell,cold,3,85,1.3592,0.006368
scipy-powell,cold,3,86,1.3734,0.006368
scipy-powell,cold,3,87,1.3884,0.006368
scipy-powell,cold,3,88,1.4035,0.006368
scipy-powell,cold,3,89,1.4201,0.006368
scipy-powell,cold,3,90,1.4343,0.006368
scipy-powell,cold,3,91,1.4490,0.006368
scipy-powell,cold,3,92,1.4637,0.006368
scipy-powell,cold,3,93,1.4787,0.006368
scipy-powell,cold,3,94,1.4951,0.006368
scipy-powell,cold,3,95,1.5101,0.006368
scipy-powell,cold,3,96,1.5256,0.006368
scipy-powell,cold,3,97,1.5414,0.006368
scipy-powell,cold,3,98,1.5577,0.006368
scipy-powell,cold,3,99,1.5729,0.006368
scipy-powell,cold,3,100,1.5885,0.006368
scipy-powell,cold,3,101,1.6044,0.006368
scipy-powell,cold,3,102,1.6197,0.006368
scipy-powell,cold,3,103,1.6351,0.006368
scipy-powell,cold,3,104,1.6499,0.006368
scipy-powell,cold,3,105,1.6649,0.006368
scipy-powell,cold,3,106,1.6815,0.006368
scipy-powell,cold,3,107,1.6973,0.006368
scipy-powell,cold,3,108,1.7117,0.006368
scipy-powell,cold,3,109,1.7274,0.006368
scipy-powell,cold,3,110,1.7427,0.006368
scipy-powell,cold,3,111,1.7577,0.006368
scipy-powell,cold,3,112,1.7732,0.006368
scipy-powell,cold,3,113,1.7881,0.006360
scipy-powell,cold,3,115,1.8181,0.006357
scipy-powell,cold,3,116,1.8334,0.006356
scipy-powell,cold,3,117,1.8499,0.006356
scipy-powell,cold,3,119,1.8794,0.006356
scipy-powell,cold,3,120,1.8951,0.006356
scipy-powell,cold,3,121,1.9110,0.006356
scipy-powell,cold,3,122,1.9264,0.006356
scipy-powell,cold,3,123,1.9419,0.006356
scipy-powell,cold,3,129,2.0329,0.006316
scipy-powell,cold,3,131,2.0633,0.006262
scipy-powell,cold,3,132,2.0784,0.006223
scipy-powell,cold,3,133,2.0932,0.006199
scipy-powell,cold,3,134,2.1089,0.006184
scipy-powell,cold,3,135,2.1235,0.006175
scipy-powell,cold,3,136,2.1389,0.006170
scipy-powell,cold,3,137,2.1536,0.006167
scipy-powell,cold,3,138,2.1690,0.006165
scipy-powell,cold,3,139,2.1841,0.006164
scipy-powell,cold,3,140,2.1987,0.006163
scipy-powell,cold,3,141,2.2154,0.006163
scipy-powell,cold,3,142,2.2320,0.006162
scipy-powell,cold,3,143,2.2470,0.006162
scipy-powell,cold,3,144,2.2632,0.006162
scipy-powell,cold,3,145,2.2793,0.006162
scipy-powell,cold,3,146,2.2951,0.006162
scipy-powell,cold,3,147,2.3099,0.006162
scipy-powell,cold,3,148,2.3258,0.006162
scipy-powell,cold,3,149,2.3416,0.006162
scipy-powell,cold,3,150,2.3555,0.006162
scipy-powell,cold,3,151,2.3700,0.006162
scipy-powell,cold,3,152,2.3848,0.006162
scipy-powell,cold,3,153,2.4005,0.006162
scipy-powell,cold,3,154,2.4159,0.006162
scipy-powell,cold,3,155,2.4317,0.006162
scipy-powell,cold,3,156,2.4473,0.006162
scipy-powell,cold,3,157,2.4630,0.006162
scipy-powell,cold,3,158,2.4790,0.006162
scipy-powell,cold,3,159,2.4951,0.006162
scipy-powell,cold,3,160,2.5095,0.006162
scipy-powell,cold,3,161,2.5236,0.006162
scipy-powell,cold,3,162,2.5391,0.006162
scipy-powell,cold,3,163,2.5537,0.006162
scipy-powell,cold,3,164,2.5691,0.006162
scipy-powell,cold,3,165,2.5849,0.006162
scipy-powell,cold,3,167,2.6162,0.006124
scipy-powell,cold,3,170,2.6602,0.006124
scipy-powell,cold,3,171,2.6754,0.006124
scipy-powell,cold,3,172,2.6909,0.006124
scipy-powell,cold,3,173,2.7053,0.006124
scipy-powell,cold,3,179,2.7973,0.006116
scipy-powell,cold,3,180,2.8135,0.006096
scipy-powell,cold,3,181,2.8305,0.006084
scipy-powell,cold,3,182,2.8455,0.006077
scipy-powell,cold,3,183,2.8604,0.006073
scipy-powell,cold,3,184,2.8768,0.006071
scipy-powell,cold,3,185,2.8943,0.006070
scipy-powell,cold,3,186,2.9106,0.006069
scipy-powell,cold,3,187,2.9276,0.006069
scipy-powell,cold,3,188,2.9435,0.006068
scipy-powell,cold,3,189,2.9618,0.006068
scipy-powell,cold,3,190,2.9777,0.006068
scipy-powell,cold,3,191,2.9949,0.006068
scipy-powell,cold,3,192,3.0111,0.006068
scipy-powell,cold,3,193,3.0275,0.006068
scipy-powell,cold,3,194,3.0435,0.006068
scipy-powell,cold,3,195,3.0589,0.006068
scipy-powell,cold,3,196,3.0765,0.006068
scipy-powell,cold,3,197,3.0916,0.006068
scipy-powell,cold,3,198,3.1069,0.006068
scipy-powell,cold,3,199,3.1218,0.006068
scipy-powell,cold,3,200,3.1378,0.006068
scipy-powell,cold,3,201,3.1542,0.006068
scipy-powell,cold,3,202,3.1709,0.006068
scipy-powell,cold,3,203,3.1871,0.006068
scipy-powell,cold,3,204,3.2035,0.006068
scipy-powell,cold,3,205,3.2202,0.006068
scipy-powell,cold,3,206,3.2353,0.006068
scipy-powell,cold,3,207,3.2504,0.006068
scipy-powell,cold,3,208,3.2655,0.006068
scipy-powell,cold,3,209,3.2807,0.006068
scipy-powell,cold,3,210,3.2965,0.006068
scipy-powell,cold,3,211,3.3118,0.006068
scipy-powell,cold,3,212,3.3261,0.006068
scipy-powell,cold,3,213,3.3420,0.006068
scipy-powell,cold,3,214,3.3568,0.006068
scipy-powell,cold,3,215,3.3728,0.006062
scipy-powell,cold,3,217,3.4028,0.006056
scipy-powell,cold,3,218,3.4188,0.006056
scipy-powell,cold,3,219,3.4343,0.006056
scipy-powell,cold,3,221,3.4654,0.006056
scipy-powell,cold,3,223,3.4935,0.006056
scipy-powell,cold,3,224,3.5080,0.006056
scipy-powell,cold,3,225,3.5226,0.006056
scipy-powell,cold,3,226,3.5373,0.006056
scipy-powell,cold,3,227,3.5513,0.006056
scipy-powell,cold,3,228,3.5674,0.006056
scipy-powell,cold,3,229,3.5829,0.006056
scipy-powell,cold,3,231,3.6125,0.006056
scipy-powell,cold,3,236,3.6900,0.006054
scipy-powell,cold,3,237,3.7059,0.006017
scipy-powell,cold,3,238,3.7223,0.005997
scipy-powell,cold,3,239,3.7379,0.005987
scipy-powell,cold,3,240,3.7534,0.005982
scipy-powell,cold,3,241,3.7688,0.005979
scipy-powell,cold,3,242,3.7843,0.005977
scipy-powell,cold,3,243,3.7993,0.005976
scipy-powell,cold,3,244,3.8144,0.005976
scipy-powell,cold,3,245,3.8291,0.005975
scipy-powell,cold,3,246,3.8436,0.005975
scipy-powell,cold,3,247,3.8589,0.005975
scipy-powell,cold,3,248,3.8739,0.005975
scipy-powell,cold,3,249,3.8898,0.005975
scipy-powell,cold,3,250,3.9049,0.005975
scipy-powell,cold,3,251,3.9194,0.005975
scipy-powell,cold,3,252,3.9341,0.005975
scipy-powell,cold,3,253,3.9485,0.005975
scipy-powell,cold,3,254,3.9634,0.005975
scipy-powell,cold,3,255,3.9777,0.005975
scipy-powell,cold,3,256,3.9926,0.005975
scipy-powell,cold,3,257,4.0075,0.005975
scipy-powell,cold,3,258,4.0224,0.005975
scipy-powell,cold,3,259,4.0379,0.005975
scipy-powell,cold,3,260,4.0523,0.005975
scipy-powell,cold,3,261,4.0675,0.005975
scipy-powell,cold,3,262,4.0831,0.005975
scipy-powell,cold,3,263,4.0986,0.005975
scipy-powell,cold,3,264,4.1145,0.005975
scipy-powell,cold,3,265,4.1297,0.005975
scipy-powell,cold,3,266,4.1450,0.005975
scipy-powell,cold,3,267,4.1616,0.005975
scipy-powell,cold,3,268,4.1770,0.005975
scipy-powell,cold,3,269,4.1916,0.005975
scipy-powell,cold,3,270,4.2062,0.005975
scipy-powell,cold,3,271,4.2203,0.005975
scipy-powell,cold,3,272,4.2355,0.005975
scipy-powell,cold,3,274,4.2658,0.005967
scipy-powell,cold,3,278,4.3272,0.005967
scipy-powell,cold,3,279,4.3423,0.005967
scipy-powell,cold,3,280,4.3581,0.005967
scipy-powell,cold,3,281,4.3747,0.005967
scipy-powell,cold,3,295,4.5994,0.005967
scipy-powell,cold,3,296,4.6158,0.005967
scipy-powell,cold,3,297,4.6321,0.005967
scipy-powell,cold,3,299,4.6661,0.005967
scipy-powell,cold,3,301,4.6981,0.005967
scipy-powell,cold,3,302,4.7138,0.005967
scipy-powell,cold,3,303,4.7300,0.005967
scipy-powell,cold,3,319,4.9828,0.005967
scipy-powell,cold,3,321,5.0138,0.005967
scipy-powell,cold,3,322,5.0296,0.005967
scipy-powell,cold,3,323,5.0440,0.005967
scipy-powell,cold,3,324,5.0589,0.005967
scipy-powell,cold,3,329,5.1381,0.005967
scipy-powell,cold,3,330,5.1544,0.005967
scipy-powell,cold,3,331,5.1696,0.005967
scipy-powell,cold,3,338,5.2760,0.005967
scipy-powell,cold,3,341,5.3230,0.005967
scipy-powell,cold,3,342,5.3395,0.005967
scipy-powell,cold,3,343,5.3555,0.005967
scipy-powell,cold,3,344,5.3718,0.005967
scipy-powell,cold,3,351,5.4798,0.005961
scipy-powell,cold,3,353,5.5102,0.005961
scipy-powell,cold,3,354,5.5250,0.005961
scipy-powell,cold,3,355,5.5401,0.005961
scipy-powell,cold,3,356,5.5553,0.005961
scipy-powell,cold,3,357,5.5716,0.005961
scipy-powell,cold,3,358,5.5872,0.005961
scipy-powell,cold,3,359,5.6032,0.005961
scipy-powell,cold,3,365,5.7033,0.005961
scipy-powell,cold,3,366,5.7197,0.005961
scipy-powell,cold,3,367,5.7362,0.005961
scipy-powell,cold,3,368,5.7521,0.005961
scipy-powell,cold,3,369,5.7681,0.005961
scipy-powell,cold,3,371,5.8011,0.005961
scipy-powell,cold,3,372,5.8173,0.005961
scipy-powell,cold,3,373,5.8337,0.005961
scipy-powell,cold,3,378,5.9144,0.005961
scipy-powell,cold,3,381,5.9604,0.005961
scipy-powell,cold,3,390,6.1055,0.005961
scipy-powell,cold,3,391,6.1222,0.005961
scipy-powell,cold,3,392,6.1374,0.005961
scipy-powell,cold,3,393,6.1531,0.005961
scipy-powell,cold,3,394,6.1695,0.005961
scipy-powell,cold,3,396,6.2038,0.005961
scipy-powell,cold,3,397,6.2202,0.005961
scipy-powell,cold,3,398,6.2365,0.005961
scipy-powell,cold,3,399,6.2522,0.005961
scipy-powell,cold,3,400,6.2683,0.005961
scipy-powell,cold,3,405,6.3457,0.005961
scipy-powell,cold,3,409,6.4066,0.005960
scipy-powell,cold,3,411,6.4368,0.005960
scipy-powell,cold,3,412,6.4518,0.005960
scipy-powell,cold,3,414,6.4832,0.005960
scipy-powell,cold,3,415,6.4985,0.005960
scipy-powell,cold,3,416,6.5141,0.005960
scipy-powell,cold,3,417,6.5292,0.005960
scipy-powell,cold,3,418,6.5448,0.005960
scipy-powell,cold,3,419,6.5600,0.005960
scipy-powell,cold,3,420,6.5754,0.005960
scipy-powell,cold,3,421,6.5907,0.005960
scipy-powell,cold,3,422,6.6073,0.005960
scipy-powell,cold,3,423,6.6236,0.005960
scipy-powell,cold,3,424,6.6400,0.005960
scipy-powell,cold,3,425,6.6557,0.005960
scipy-powell,cold,3,426,6.6715,0.005960
scipy-powell,cold,3,427,6.6871,0.005960
scipy-powell,cold,3,428,6.7035,0.005960
scipy-powell,cold,3,429,6.7199,0.005960
scipy-powell,cold,3,430,6.7361,0.005960
scipy-powell,cold,3,431,6.7523,0.005960
scipy-powell,cold,3,432,6.7675,0.005960
scipy-powell,cold,3,433,6.7835,0.005960
scipy-powell,cold,3,434,6.8008,0.005960
scipy-powell,cold,3,435,6.8167,0.005960
scipy-powell,cold,3,436,6.8335,0.005960
scipy-powell,cold,3,437,6.8496,0.005960
scipy-powell,cold,3,438,6.8658,0.005960
scipy-powell,cold,3,439,6.8821,0.005960
scipy-powell,cold,3,440,6.8969,0.005960
scipy-powell,cold,3,441,6.9115,0.005960
scipy-powell,cold,3,442,6.9272,0.005960
scipy-powell,cold,3,443,6.9421,0.005960
scipy-powell,cold,3,444,6.9563,0.005960
scipy-powell,cold,3,447,6.9988,0.005960
scipy-powell,cold,3,448,7.0129,0.005960
scipy-powell,cold,3,449,7.0269,0.005960
scipy-powell,cold,3,450,7.0409,0.005960
scipy-powell,cold,3,451,7.0554,0.005960
scipy-powell,cold,3,452,7.0690,0.005960
scipy-powell,cold,3,453,7.0841,0.005960
scipy-powell,cold,3,454,7.0980,0.005960
scipy-powell,cold,3,457,7.1401,0.005960
scipy-powell,cold,3,460,7.1849,0.005960
scipy-powell,cold,3,461,7.1995,0.005960
scipy-powell,cold,3,464,7.2458,0.005960
scipy-powell,cold,3,467,7.2923,0.005960
scipy-powell,cold,3,469,7.3234,0.005960
scipy-powell,cold,3,486,7.5836,0.005959
scipy-powell,cold,3,488,7.6125,0.005958
scipy-powell,cold,3,489,7.6280,0.005957
scipy-powell,cold,3,490,7.6427,0.005956
scipy-powell,cold,3,491,7.6570,0.005956
scipy-powell,cold,3,492,7.6717,0.005956
scipy-powell,cold,3,493,7.6871,0.005956
scipy-powell,cold,3,494,7.7020,0.005956
scipy-powell,cold,3,495,7.7179,0.005956
scipy-powell,cold,3,496,7.7350,0.005956
scipy-powell,cold,3,497,7.7503,0.005956
scipy-powell,cold,3,498,7.7653,0.005956
scipy-powell,cold,3,499,7.7803,0.005956
scipy-powell,cold,3,500,7.7954,0.005956
scipy-powell,cold,3,501,7.8101,0.005956
scipy-powell,cold,3,502,7.8249,0.005956
scipy-powell,cold,3,503,7.8391,0.005956
scipy-powell,cold,3,504,7.8533,0.005956
scipy-powell,cold,3,505,7.8682,0.005956
scipy-powell,cold,3,506,7.8834,0.005956
scipy-powell,cold,3,507,7.8976,0.005956
scipy-powell,cold,3,508,7.9123,0.005956
scipy-powell,cold,3,509,7.9270,0.005956
scipy-powell,cold,3,510,7.9417,0.005956
scipy-powell,cold,3,511,7.9584,0.005956
scipy-powell,cold,3,512,7.9743,0.005956
scipy-powell,cold,3,513,7.9907,0.005956
scipy-powell,cold,3,514,8.0056,0.005956
scipy-powell,cold,3,515,8.0203,0.005956
scipy-powell,cold,3,516,8.0343,0.005956
scipy-powell,cold,3,517,8.0509,0.005956
scipy-powell,cold,3,518,8.0674,0.005956
scipy-powell,cold,3,519,8.0843,0.005956
scipy-powell,cold,3,520,8.1000,0.005956
scipy-powell,cold,3,521,8.1149,0.005956
scipy-powell,cold,3,522,8.1296,0.005956
scipy-powell,cold,3,523,8.1438,0.005949
scipy-powell,cold,3,527,8.2031,0.005949
scipy-powell,cold,3,528,8.2179,0.005949
scipy-powell,cold,3,529,8.2322,0.005949
scipy-powell,cold,3,530,8.2461,0.005949
scipy-powell,cold,3,531,8.2602,0.005949
scipy-powell,cold,3,538,8.3641,0.005949
scipy-powell,cold,3,539,8.3788,0.005949
scipy-powell,cold,3,540,8.3926,0.005948
scipy-powell,cold,3,541,8.4063,0.005948
scipy-powell,cold,3,542,8.4204,0.005948
scipy-powell,cold,3,543,8.4347,0.005948
scipy-powell,cold,3,544,8.4487,0.005948
scipy-powell,cold,3,545,8.4637,0.005948
scipy-powell,cold,3,546,8.4777,0.005948
scipy-powell,cold,3,547,8.4928,0.005948
scipy-powell,cold,3,548,8.5086,0.005948
scipy-powell,cold,3,549,8.5233,0.005948
scipy-powell,cold,3,550,8.5366,0.005948
scipy-powell,cold,3,551,8.5509,0.005948
scipy-powell,cold,3,552,8.5666,0.005948
scipy-powell,cold,3,553,8.5831,0.005948
scipy-powell,cold,3,554,8.5997,0.005948
scipy-powell,cold,3,555,8.6167,0.005948
scipy-powell,cold,3,556,8.6344,0.005948
scipy-powell,cold,3,557,8.6475,0.005948
scipy-powell,cold,3,558,8.6621,0.005948
scipy-powell,cold,3,559,8.6756,0.005948
scipy-powell,cold,3,560,8.6897,0.005948
scipy-powell,cold,3,561,8.7037,0.005948
scipy-powell,cold,3,562,8.7183,0.005948
scipy-powell,cold,3,563,8.7327,0.005948
scipy-powell,cold,3,564,8.7474,0.005948
scipy-powell,cold,3,565,8.7629,0.005948
scipy-powell,cold,3,566,8.7764,0.005948
scipy-powell,cold,3,567,8.7904,0.005948
scipy-powell,cold,3,568,8.8046,0.005948
scipy-powell,cold,3,569,8.8192,0.005948
scipy-powell,cold,3,570,8.8344,0.005948
scipy-powell,cold,3,571,8.8488,0.005948
scipy-powell,cold,3,572,8.8634,0.005948
scipy-powell,cold,3,574,8.8916,0.005947
scipy-powell,cold,3,577,8.9369,0.005947
scipy-powell,cold,3,578,8.9535,0.005947
scipy-powell,cold,3,579,8.9685,0.005947
scipy-powell,cold,3,580,8.9838,0.005947
scipy-powell,cold,3,581,8.9980,0.005947
scipy-powell,cold,3,588,9.1005,0.005932
scipy-powell,cold,3,589,9.1150,0.005910
scipy-powell,cold,3,590,9.1298,0.005896
scipy-powell,cold,3,591,9.1436,0.005889
scipy-powell,cold,3,592,9.1572,0.005887
scipy-powell,cold,3,593,9.1719,0.005886
scipy-powell,cold,3,594,9.1866,0.005885
scipy-powell,cold,3,595,9.2016,0.005885
scipy-powell,cold,3,596,9.2165,0.005885
scipy-powell,cold,3,597,9.2325,0.005885
scipy-powell,cold,3,598,9.2468,0.005885
scipy-powell,cold,3,610,9.4602,0.005885
scipy-powell,cold,3,611,9.4764,0.005863
scipy-powell,cold,3,612,9.4924,0.005859
scipy-powell,cold,3,613,9.5084,0.005859
scipy-powell,cold,3,614,9.5247,0.005857
scipy-powell,cold,3,615,9.5406,0.005857
scipy-powell,cold,3,616,9.5562,0.005857
scipy-powell,cold,3,617,9.5719,0.005856
scipy-powell,cold,3,618,9.5874,0.005856
scipy-powell,cold,3,619,9.6033,0.005856
scipy-powell,cold,3,620,9.6190,0.005856
scipy-powell,cold,3,621,9.6346,0.005856
scipy-powell,cold,3,622,9.6494,0.005856
scipy-powell,cold,3,623,9.6652,0.005856
scipy-powell,cold,3,624,9.6806,0.005856
scipy-powell,cold,3,625,9.6964,0.005856
scipy-powell,cold,3,626,9.7112,0.005856
scipy-powell,cold,3,627,9.7258,0.005856
scipy-powell,cold,3,628,9.7411,0.005856
scipy-powell,cold,3,629,9.7570,0.005856
scipy-powell,cold,3,630,9.7729,0.005856
scipy-powell,cold,3,631,9.7882,0.005856
scipy-powell,cold,3,632,9.8031,0.005856
scipy-powell,cold,3,633,9.8179,0.005856
scipy-powell,cold,3,634,9.8325,0.005856
scipy-powell,cold,3,635,9.8467,0.005856
scipy-powell,cold,3,636,9.8604,0.005856
scipy-powell,cold,3,637,9.8745,0.005856
scipy-powell,cold,3,638,9.8892,0.005856
scipy-powell,cold,3,639,9.9041,0.005856
scipy-powell,cold,3,640,9.9189,0.005856
scipy-powell,cold,3,641,9.9349,0.005856
scipy-powell,cold,3,642,9.9499,0.005856
scipy-powell,cold,3,643,9.9646,0.005856
scipy-powell,cold,3,644,9.9795,0.005856
scipy-powell,cold,3,645,9.9953,0.005856
scipy-powell,cold,3,646,10.0110,0.005856
scipy-powell,cold,3,647,10.0261,0.005856
scipy-powell,cold,3,648,10.0403,0.005832
scipy-powell,cold,3,649,10.0568,0.005801
scipy-powell,cold,3,650,10.0725,0.005793
scipy-powell,cold,3,651,10.0878,0.005790
scipy-powell,cold,3,652,10.1031,0.005789
scipy-powell,cold,3,653,10.1188,0.005788
scipy-powell,cold,3,654,10.1333,0.005787
scipy-powell,cold,3,655,10.1483,0.005787
scipy-powell,cold,3,656,10.1638,0.005786
scipy-powell,cold,3,657,10.1784,0.005786
scipy-powell,cold,3,658,10.1930,0.005786
scipy-powell,cold,3,659,10.2081,0.005786
scipy-powell,cold,3,660,10.2231,0.005786
scipy-powell,cold,3,661,10.2376,0.005786
scipy-powell,cold,3,662,10.2526,0.005786
scipy-powell,cold,3,663,10.2667,0.005786
scipy-powell,cold,3,664,10.2811,0.005786
scipy-powell,cold,3,665,10.2953,0.005786
scipy-powell,cold,3,666,10.3095,0.005786
scipy-powell,cold,3,667,10.3248,0.005786
scipy-powell,cold,3,668,10.3394,0.005786
scipy-powell,cold,3,669,10.3537,0.005786
scipy-powell,cold,3,670,10.3697,0.005786
scipy-powell,cold,3,671,10.3836,0.005786
scipy-powell,cold,3,672,10.3977,0.005786
scipy-powell,cold,3,673,10.4120,0.005786
scipy-powell,cold,3,674,10.4262,0.005786
scipy-powell,cold,3,675,10.4404,0.005786
scipy-powell,cold,3,676,10.4538,0.005786
scipy-powell,cold,3,677,10.4684,0.005786
scipy-powell,cold,3,678,10.4827,0.005786
scipy-powell,cold,3,679,10.4961,0.005786
scipy-powell,cold,3,680,10.5113,0.005786
scipy-powell,cold,3,681,10.5285,0.005786
scipy-powell,cold,3,682,10.5481,0.005786
scipy-powell,cold,3,683,10.5687,0.005786
scipy-powell,cold,3,684,10.5883,0.005786
scipy-powell,cold,3,687,10.6418,0.005786
scipy-powell,cold,3,688,10.6558,0.005784
scipy-powell,cold,3,689,10.6705,0.005783
scipy-powell,cold,3,692,10.7301,0.005783
scipy-powell,cold,3,694,10.7646,0.005783
scipy-powell,cold,3,695,10.7790,0.005783
scipy-powell,cold,3,696,10.7933,0.005783
scipy-powell,cold,3,697,10.8065,0.005783
scipy-powell,cold,3,706,10.9298,0.005783
scipy-powell,cold,3,709,10.9704,0.005783
scipy-powell,cold,3,710,10.9839,0.005783
scipy-powell,cold,3,711,10.9977,0.005783
scipy-powell,cold,3,712,11.0127,0.005783
scipy-powell,cold,3,724,11.1731,0.005781
scipy-powell,cold,3,726,11.2008,0.005775
scipy-powell,cold,3,727,11.2151,0.005773
scipy-powell,cold,3,728,11.2284,0.005772
scipy-powell,cold,3,729,11.2423,0.005772
scipy-powell,cold,3,730,11.2566,0.005772
scipy-powell,cold,3,732,11.2842,0.005772
scipy-powell,cold,3,733,11.2975,0.005772
scipy-powell,cold,3,734,11.3118,0.005772
scipy-powell,cold,3,735,11.3255,0.005772
scipy-powell,cold,3,736,11.3395,0.005772
scipy-powell,cold,3,737,11.3528,0.005772
scipy-powell,cold,3,738,11.3660,0.005772
scipy-powell,cold,3,740,11.3930,0.005772
scipy-powell,cold,3,742,11.4198,0.005772
scipy-powell,cold,3,744,11.4485,0.005757
scipy-powell,cold,3,746,11.4765,0.005751
scipy-powell,cold,3,747,11.4904,0.005748
scipy-powell,cold,3,748,11.5042,0.005747
scipy-powell,cold,3,749,11.5196,0.005746
scipy-powell,cold,3,750,11.5337,0.005746
scipy-powell,cold,3,751,11.5492,0.005746
scipy-powell,cold,3,752,11.5649,0.005746
scipy-powell,cold,3,753,11.5794,0.005746
scipy-powell,cold,3,754,11.5975,0.005746
scipy-powell,cold,3,755,11.6164,0.005746
scipy-powell,cold,3,757,11.6556,0.005746
scipy-powell,cold,3,759,11.6959,0.005746
scipy-powell,cold,3,763,11.7705,0.005740
scipy-powell,cold,3,764,11.7878,0.005740
scipy-powell,cold,3,765,11.8041,0.005739
scipy-powell,cold,3,766,11.8191,0.005739
scipy-powell,cold,3,767,11.8340,0.005739
scipy-powell,cold,3,769,11.8645,0.005739
scipy-powell,cold,3,770,11.8795,0.005739
scipy-powell,cold,3,771,11.8941,0.005739
scipy-powell,cold,3,776,11.9654,0.005727
scipy-powell,cold,3,778,11.9929,0.005722
scipy-powell,cold,3,779,12.0075,0.005720
scipy-powell,cold,3,780,12.0214,0.005719
scipy-powell,cold,3,781,12.0353,0.005718
scipy-powell,cold,3,782,12.0515,0.005718
scipy-powell,cold,3,783,12.0650,0.005718
scipy-powell,cold,3,784,12.0785,0.005718
scipy-powell,cold,3,785,12.0921,0.005718
scipy-powell,cold,3,786,12.1056,0.005718
scipy-powell,cold,3,787,12.1192,0.005718
scipy-powell,cold,3,788,12.1329,0.005718
scipy-powell,cold,3,789,12.1469,0.005718
scipy-powell,cold,3,790,12.1606,0.005718
scipy-powell,cold,3,791,12.1771,0.005718
scipy-powell,cold,3,792,12.1917,0.005718
scipy-powell,cold,3,793,12.2066,0.005718
scipy-powell,cold,3,794,12.2214,0.005718
scipy-powell,cold,3,795,12.2358,0.005718
scipy-powell,cold,3,796,12.2514,0.005718
scipy-powell,cold,3,797,12.2659,0.005718
scipy-powell,cold,3,798,12.2811,0.005718
scipy-powell,cold,3,799,12.2954,0.005718
scipy-powell,cold,3,800,12.3098,0.005718
scipy-powell,cold,3,801,12.3232,0.005718
scipy-powell,cold,3,802,12.3373,0.005718
scipy-powell,cold,3,803,12.3518,0.005718
scipy-powell,cold,3,804,12.3665,0.005718
scipy-powell,cold,3,805,12.3808,0.005718
scipy-powell,cold,3,806,12.3941,0.005718
scipy-powell,cold,3,807,12.4087,0.005718
scipy-powell,cold,3,808,12.4231,0.005718
scipy-powell,cold,3,809,12.4373,0.005718
scipy-powell,cold,3,810,12.4510,0.005718
scipy-powell,cold,3,811,12.4649,0.005718
scipy-powell,cold,3,812,12.4787,0.005718
scipy-powell,cold,3,813,12.4926,0.005710
scipy-powell,cold,3,815,12.5206,0.005702
scipy-powell,cold,3,816,12.5349,0.005702
scipy-powell,cold,3,817,12.5485,0.005700
scipy-powell,cold,3,819,12.5763,0.005700
scipy-powell,cold,3,820,12.5899,0.005700
scipy-powell,cold,3,822,12.6203,0.005700
scipy-powell,cold,3,823,12.6344,0.005700
scipy-powell,cold,3,824,12.6486,0.005700
scipy-powell,cold,3,833,12.7720,0.005700
scipy-powell,cold,3,836,12.8193,0.005700
scipy-powell,cold,3,838,12.8626,0.005700
scipy-powell,cold,3,839,12.8839,0.005700
scipy-powell,cold,3,840,12.9064,0.005700
scipy-powell,cold,3,844,12.9903,0.005700
scipy-powell,cold,3,858,13.2383,0.005700
scipy-powell,cold,3,860,13.2710,0.005700
scipy-powell,cold,3,862,13.3011,0.005700
scipy-powell,cold,3,863,13.3163,0.005700
scipy-powell,cold,3,864,13.3304,0.005700
scipy-powell,cold,3,865,13.3461,0.005700
scipy-powell,cold,3,874,13.4891,0.005690
scipy-powell,cold,3,875,13.5035,0.005679
scipy-powell,cold,3,876,13.5178,0.005671
scipy-powell,cold,3,877,13.5323,0.005667
scipy-powell,cold,3,878,13.5469,0.005664
scipy-powell,cold,3,879,13.5610,0.005662
scipy-powell,cold,3,880,13.5756,0.005661
scipy-powell,cold,3,881,13.5905,0.005661
scipy-powell,cold,3,882,13.6058,0.005660
scipy-powell,cold,3,883,13.6200,0.005660
scipy-powell,cold,3,884,13.6351,0.005660
scipy-powell,cold,3,885,13.6497,0.005660
scipy-powell,cold,3,886,13.6650,0.005660
scipy-powell,cold,3,887,13.6800,0.005660
scipy-powell,cold,3,888,13.6952,0.005660
scipy-powell,cold,3,889,13.7094,0.005660
scipy-powell,cold,3,890,13.7250,0.005660
scipy-powell,cold,3,891,13.7406,0.005660
scipy-powell,cold,3,892,13.7566,0.005660
scipy-powell,cold,3,893,13.7730,0.005660
scipy-powell,cold,3,894,13.7884,0.005660
scipy-powell,cold,3,895,13.8050,0.005660
scipy-powell,cold,3,896,13.8206,0.005660
scipy-powell,cold,3,897,13.8363,0.005660
scipy-powell,cold,3,898,13.8521,0.005660
scipy-powell,cold,3,899,13.8680,0.005660
scipy-powell,cold,3,900,13.8839,0.005660
scipy-powell,cold,3,901,13.8991,0.005660
scipy-powell,cold,3,902,13.9148,0.005660
scipy-powell,cold,3,903,13.9298,0.005660
scipy-powell,cold,3,904,13.9455,0.005660
scipy-powell,cold,3,905,13.9613,0.005660
scipy-powell,cold,3,906,13.9767,0.005660
scipy-powell,cold,3,907,13.9919,0.005660
scipy-powell,cold,3,908,14.0071,0.005623
scipy-powell,cold,3,911,14.0517,0.005623
scipy-powell,cold,3,912,14.0662,0.005623
scipy-powell,cold,3,913,14.0813,0.005623
scipy-powell,cold,3,914,14.0967,0.005623
scipy-powell,cold,3,915,14.1136,0.005623
scipy-powell,cold,3,916,14.1291,0.005623
scipy-powell,cold,3,925,14.2651,0.005623
scipy-powell,cold,3,931,14.3522,0.005622
scipy-powell,cold,3,932,14.3659,0.005622
scipy-powell,cold,3,933,14.3800,0.005622
scipy-powell,cold,3,934,14.3930,0.005622
scipy-powell,cold,3,935,14.4069,0.005622
scipy-powell,cold,3,936,14.4201,0.005621
scipy-powell,cold,3,937,14.4341,0.005621
scipy-powell,cold,3,938,14.5955,0.005621
scipy-powell,cold,3,939,14.6115,0.005621
scipy-powell,cold,3,940,14.6253,0.005621
scipy-powell,cold,3,941,14.6396,0.005621
scipy-powell,cold,3,942,14.6538,0.005621
scipy-powell,cold,3,943,14.6693,0.005621
scipy-powell,cold,3,944,14.6834,0.005621
scipy-powell,cold,3,945,14.6975,0.005621
scipy-powell,cold,3,946,14.7121,0.005621
scipy-powell,cold,3,947,14.7266,0.005621
scipy-powell,cold,3,948,14.7409,0.005621
scipy-powell,cold,3,949,14.7545,0.005621
scipy-powell,cold,3,950,14.7685,0.005621
scipy-powell,cold,3,951,14.7870,0.005621
scipy-powell,cold,3,952,14.8016,0.005621
scipy-powell,cold,3,953,14.8153,0.005621
scipy-powell,cold,3,954,14.8299,0.005621
scipy-powell,cold,3,955,14.8439,0.005621
scipy-powell,cold,3,956,14.8573,0.005621
scipy-powell,cold,3,957,14.8712,0.005621
scipy-powell,cold,3,958,14.8851,0.005621
scipy-powell,cold,3,959,14.8987,0.005621
scipy-powell,cold,3,960,14.9126,0.005621
scipy-powell,cold,3,961,14.9270,0.005621
scipy-powell,cold,3,962,14.9411,0.005621
scipy-powell,cold,3,963,14.9555,0.005621
scipy-powell,cold,3,964,14.9701,0.005621
scipy-powell,cold,3,965,14.9855,0.005621
scipy-powell,cold,3,966,14.9997,0.005619
scipy-powell,cold,3,968,15.0276,0.005613
scipy-powell,cold,3,969,15.0420,0.005607
scipy-powell,cold,3,972,15.0847,0.005607
scipy-powell,cold,3,974,15.1141,0.005607
scipy-powell,cold,3,975,15.1284,0.005607
scipy-powell,cold,3,976,15.1423,0.005607
scipy-powell,cold,3,977,15.1554,0.005607
scipy-powell,cold,3,978,15.1687,0.005607
scipy-powell,cold,3,985,15.2681,0.005599
scipy-powell,cold,3,986,15.2818,0.005590
scipy-powell,cold,3,987,15.2954,0.005584
scipy-powell,cold,3,988,15.3092,0.005580
scipy-powell,cold,3,989,15.3225,0.005577
scipy-powell,cold,3,990,15.3367,0.005576
scipy-powell,cold,3,991,15.3505,0.005575
scipy-powell,cold,3,992,15.3655,0.005574
scipy-powell,cold,3,993,15.3802,0.005574
scipy-powell,cold,3,994,15.3939,0.005574
scipy-powell,cold,3,995,15.4077,0.005574
scipy-powell,cold,3,996,15.4229,0.005573
scipy-powell,cold,3,997,15.4371,0.005573
scipy-powell,cold,3,998,15.4517,0.005573
scipy-powell,cold,3,999,15.4655,0.005573
scipy-powell,cold,3,1000,15.4796,0.005573
scipy-powell,cold,3,1001,15.4938,0.005573
scipy-powell,cold,3,1002,15.5072,0.005573
scipy-powell,cold,3,1003,15.5202,0.005573
scipy-powell,cold,3,1004,15.5348,0.005573
scipy-powell,cold,3,1005,15.5492,0.005573
scipy-powell,cold,3,1006,15.5627,0.005573
scipy-powell,cold,3,1007,15.5772,0.005573
scipy-powell,cold,3,1008,15.5924,0.005573
scipy-powell,cold,3,1009,15.6069,0.005573
scipy-powell,cold,3,1010,15.6212,0.005573
scipy-powell,cold,3,1011,15.6349,0.005573
scipy-powell,cold,3,1012,15.6492,0.005573
scipy-powell,cold,3,1013,15.6638,0.005573
scipy-powell,cold,3,1014,15.6790,0.005573
scipy-powell,cold,3,1015,15.6936,0.005573
scipy-powell,cold,3,1016,15.7081,0.005573
scipy-powell,cold,3,1017,15.7232,0.005573
scipy-powell,cold,3,1018,15.7372,0.005573
scipy-powell,cold,3,1019,15.7508,0.005573
scipy-powell,cold,3,1020,15.7647,0.005473
scipy-powell,cold,3,1022,15.7930,0.005412
scipy-powell,cold,3,1023,15.8080,0.005399
scipy-powell,cold,3,1024,15.8224,0.005397
scipy-powell,cold,3,1025,15.8368,0.005396
scipy-powell,cold,3,1027,15.8649,0.005395
scipy-powell,cold,3,1028,15.8789,0.005395
scipy-powell,cold,3,1029,15.8929,0.005395
scipy-powell,cold,3,1030,15.9064,0.005395
scipy-powell,cold,3,1034,15.9633,0.005395
scipy-powell,cold,3,1035,15.9778,0.005395
scipy-powell,cold,3,1037,16.0071,0.005395
scipy-powell,cold,3,1038,16.0209,0.005395
scipy-powell,cold,3,1039,16.0352,0.005395
scipy-powell,cold,3,1040,16.0495,0.005395
scipy-powell,cold,3,1041,16.0638,0.005395
scipy-powell,cold,3,1042,16.0779,0.005395
scipy-powell,cold,3,1043,16.0920,0.005395
scipy-powell,cold,3,1044,16.1062,0.005395
scipy-powell,cold,3,1045,16.1208,0.005395
scipy-powell,cold,3,1046,16.1361,0.005395
scipy-powell,cold,3,1047,16.1521,0.005395
scipy-powell,cold,3,1048,16.1668,0.005395
scipy-powell,cold,3,1049,16.1805,0.005395
scipy-powell,cold,3,1050,16.1941,0.005395
scipy-powell,cold,3,1051,16.2085,0.005395
scipy-powell,cold,3,1052,16.2225,0.005395
scipy-powell,cold,3,1053,16.2358,0.005395
scipy-powell,cold,3,1054,16.2490,0.005395
scipy-powell,cold,3,1055,16.2628,0.005395
scipy-powell,cold,3,1056,16.2764,0.005395
scipy-powell,cold,3,1057,16.2928,0.005395
scipy-powell,cold,3,1058,16.3082,0.005395
scipy-powell,cold,3,1059,16.3227,0.005395
scipy-powell,cold,3,1062,16.3662,0.005395
scipy-powell,cold,3,1072,16.5194,0.005393
scipy-powell,cold,3,1073,16.5361,0.005389
scipy-powell,cold,3,1074,16.5519,0.005387
scipy-powell,cold,3,1075,16.5654,0.005386
scipy-powell,cold,3,1076,16.5799,0.005385
scipy-powell,cold,3,1077,16.5939,0.005385
scipy-powell,cold,3,1078,16.6073,0.005385
scipy-powell,cold,3,1079,16.6210,0.005385
scipy-powell,cold,3,1080,16.6355,0.005385
scipy-powell,cold,3,1081,16.6500,0.005385
scipy-powell,cold,3,1082,16.6642,0.005385
scipy-powell,cold,3,1083,16.6785,0.005385
scipy-powell,cold,3,1084,16.6928,0.005385
scipy-powell,cold,3,1085,16.7065,0.005385
scipy-powell,cold,3,1086,16.7211,0.005385
scipy-powell,cold,3,1087,16.7376,0.005385
scipy-powell,cold,3,1088,16.7524,0.005385
scipy-powell,cold,3,1089,16.7668,0.005385
scipy-powell,cold,3,1090,16.7813,0.005385
scipy-powell,cold,3,1091,16.7948,0.005385
scipy-powell,cold,3,1092,16.8083,0.005385
scipy-powell,cold,3,1093,16.8231,0.005385
scipy-powell,cold,3,1094,16.8390,0.005385
scipy-powell,cold,3,1095,16.8533,0.005385
scipy-powell,cold,3,1096,16.8684,0.005385
scipy-powell,cold,3,1097,16.8824,0.005385
scipy-powell,cold,3,1098,16.8965,0.005385
scipy-powell,cold,3,1099,16.9124,0.005385
scipy-powell,cold,3,1100,16.9272,0.005385
scipy-powell,cold,3,1101,16.9423,0.005385
scipy-powell,cold,3,1102,16.9578,0.005385
scipy-powell,cold,3,1103,16.9723,0.005385
scipy-powell,cold,3,1104,16.9884,0.005385
scipy-powell,cold,3,1111,17.0906,0.005384
scipy-powell,cold,3,1113,17.1190,0.005384
scipy-powell,cold,3,1114,17.1337,0.005384
scipy-powell,cold,3,1115,17.1491,0.005384
scipy-powell,cold,3,1116,17.1642,0.005384
scipy-powell,cold,3,1120,17.2410,0.005379
scipy-powell,cold,3,1121,17.2563,0.005377
scipy-powell,cold,3,1122,17.2709,0.005377
scipy-powell,cold,3,1125,17.3175,0.005377
scipy-powell,cold,3,1126,17.3326,0.005377
scipy-powell,cold,3,1127,17.3494,0.005377
scipy-powell,cold,3,1128,17.3688,0.005377
scipy-powell,cold,3,1129,17.3888,0.005377
scipy-powell,cold,3,1130,17.4051,0.005377
scipy-powell,cold,3,1133,17.4636,0.005377
scipy-powell,cold,3,1141,17.5870,0.005377
scipy-powell,cold,3,1144,17.6315,0.005377
scipy-powell,cold,3,1145,17.6450,0.005377
scipy-powell,cold,3,1146,17.6589,0.005377
scipy-powell,cold,3,1147,17.6725,0.005377
scipy-powell,cold,3,1155,17.7932,0.005377
scipy-powell,cold,3,1158,17.8357,0.005368
scipy-powell,cold,3,1159,17.8493,0.005365
scipy-powell,cold,3,1160,17.8637,0.005364
scipy-powell,cold,3,1161,17.8779,0.005363
scipy-powell,cold,3,1162,17.8914,0.005363
scipy-powell,cold,3,1163,17.9046,0.005363
scipy-powell,cold,3,1164,17.9180,0.005363
scipy-powell,cold,3,1165,17.9325,0.005363
scipy-powell,cold,3,1166,17.9460,0.005363
scipy-powell,cold,3,1167,17.9595,0.005363
scipy-powell,cold,3,1168,17.9730,0.005363
scipy-powell,cold,3,1169,17.9881,0.005363
scipy-powell,cold,3,1170,18.0027,0.005363
scipy-powell,cold,3,1171,18.0174,0.005363
scipy-powell,cold,3,1172,18.0325,0.005363
scipy-powell,cold,3,1173,18.0482,0.005363
scipy-powell,cold,3,1174,18.0675,0.005363
scipy-powell,cold,3,1175,18.0857,0.005363
scipy-powell,cold,3,1176,18.1014,0.005363
scipy-powell,cold,3,1177,18.1171,0.005363
scipy-powell,cold,3,1178,18.1326,0.005363
scipy-powell,cold,3,1179,18.1480,0.005363
scipy-powell,cold,3,1180,18.1637,0.005363
scipy-powell,cold,3,1181,18.1784,0.005363
scipy-powell,cold,3,1182,18.1924,0.005363
scipy-powell,cold,3,1183,18.2067,0.005363
scipy-powell,cold,3,1184,18.2219,0.005363
scipy-powell,cold,3,1185,18.2367,0.005363
scipy-powell,cold,3,1186,18.2517,0.005363
scipy-powell,cold,3,1187,18.2676,0.005363
scipy-powell,cold,3,1188,18.2831,0.005363
scipy-powell,cold,3,1189,18.2996,0.005363
scipy-powell,cold,3,1190,18.3157,0.005363
scipy-powell,cold,3,1191,18.3313,0.005363
scipy-powell,cold,3,1192,18.3466,0.005363
scipy-powell,cold,3,1195,18.3896,0.005363
scipy-powell,cold,3,1198,18.4332,0.005363
scipy-powell,cold,3,1200,18.4653,0.005363
scipy-powell,cold,3,1202,18.5008,0.005363
scipy-powell,cold,3,1203,18.5212,0.005363
scipy-powell,cold,3,1214,18.7345,0.005361
scipy-powell,cold,3,1215,18.7492,0.005358
scipy-powell,cold,3,1216,18.7642,0.005358
scipy-powell,cold,3,1217,18.7787,0.005358
scipy-powell,cold,3,1219,18.8082,0.005358
scipy-powell,cold,3,1220,18.8224,0.005358
scipy-powell,cold,3,1224,18.8803,0.005358
scipy-powell,cold,3,1234,19.0293,0.005358
scipy-powell,cold,3,1235,19.0430,0.005358
scipy-powell,cold,3,1236,19.0563,0.005358
scipy-powell,cold,3,1238,19.0836,0.005358
scipy-powell,cold,3,1239,19.0975,0.005358
scipy-powell,cold,3,1258,19.4123,0.005353
scipy-powell,cold,3,1259,19.4320,0.005345
scipy-powell,cold,3,1260,19.4527,0.005340
scipy-powell,cold,3,1261,19.4752,0.005336
scipy-powell,cold,3,1262,19.4914,0.005335
scipy-powell,cold,3,1263,19.5061,0.005333
scipy-powell,cold,3,1264,19.5201,0.005333
scipy-powell,cold,3,1265,19.5341,0.005332
scipy-powell,cold,3,1266,19.5478,0.005332
scipy-powell,cold,3,1267,19.5622,0.005332
scipy-powell,cold,3,1268,19.5761,0.005332
scipy-powell,cold,3,1269,19.5893,0.005332
scipy-powell,cold,3,1270,19.6031,0.005332
scipy-powell,cold,3,1271,19.6162,0.005331
scipy-powell,cold,3,1272,19.6292,0.005331
scipy-powell,cold,3,1273,19.6437,0.005331
scipy-powell,cold,3,1274,19.6583,0.005331
scipy-powell,cold,3,1275,19.6716,0.005331
scipy-powell,cold,3,1276,19.6847,0.005331
scipy-powell,cold,3,1277,19.6984,0.005331
scipy-powell,cold,3,1278,19.7121,0.005331
scipy-powell,cold,3,1279,19.7280,0.005331
scipy-powell,cold,3,1280,19.7428,0.005331
scipy-powell,cold,3,1281,19.7576,0.005331
scipy-powell,cold,3,1282,19.7729,0.005331
scipy-powell,cold,3,1283,19.7877,0.005331
scipy-powell,cold,3,1284,19.8029,0.005331
scipy-powell,cold,3,1285,19.8173,0.005331
scipy-powell,cold,3,1286,19.8316,0.005331
scipy-powell,cold,3,1287,19.8458,0.005331
scipy-powell,cold,3,1288,19.8615,0.005331
scipy-powell,cold,3,1289,19.8762,0.005331
scipy-powell,cold,3,1290,19.8901,0.005331
scipy-powell,cold,3,1291,19.9046,0.005331
scipy-powell,cold,3,1294,19.9513,0.005259
scipy-powell,cold,3,1295,19.9656,0.005235
scipy-powell,cold,3,1297,19.9962,0.005235
scipy-powell,cold,3,1298,20.0107,0.005235
scipy-powell,cold,3,1299,20.0253,0.005235
scipy-powell,cold,3,1301,20.0535,0.005235
scipy-powell,cold,3,1302,20.0676,0.005235
scipy-powell,cold,3,1303,20.0814,0.005235
scipy-powell,cold,3,1304,20.0950,0.005235
scipy-powell,cold,3,1305,20.1091,0.005235
scipy-powell,cold,3,1316,20.2715,0.005235
scipy-powell,cold,3,1320,20.3315,0.005234
scipy-powell,cold,3,1321,20.3466,0.005220
scipy-powell,cold,3,1322,20.3616,0.005203
scipy-powell,cold,3,1324,20.3920,0.005203
scipy-powell,cold,3,1325,20.4068,0.005203
scipy-powell,cold,3,1326,20.4217,0.005203
scipy-powell,cold,3,1327,20.4374,0.005203
scipy-powell,cold,3,1328,20.4527,0.005203
scipy-powell,cold,3,1331,20.5005,0.005203
scipy-powell,cold,3,1338,20.6138,0.005186
scipy-powell,cold,3,1342,20.6763,0.005186
scipy-powell,cold,3,1343,20.6923,0.005186
scipy-powell,cold,3,1344,20.7088,0.005186
scipy-powell,cold,3,1359,20.9559,0.005186
scipy-powell,cold,3,1360,20.9720,0.005185
scipy-powell,cold,3,1361,20.9882,0.005185
scipy-powell,cold,3,1362,21.0040,0.005185
scipy-powell,cold,3,1363,21.0201,0.005185
scipy-powell,cold,3,1364,21.0365,0.005185
scipy-powell,cold,3,1365,21.0534,0.005185
scipy-powell,cold,3,1366,21.0711,0.005185
scipy-powell,cold,3,1367,21.0876,0.005185
scipy-powell,cold,3,1368,21.1046,0.005185
scipy-powell,cold,3,1369,21.1210,0.005185
scipy-powell,cold,3,1370,21.1373,0.005185
scipy-powell,cold,3,1371,21.1533,0.005185
scipy-powell,cold,3,1372,21.1700,0.005185
scipy-powell,cold,3,1373,21.1867,0.005185
scipy-powell,cold,3,1374,21.2053,0.005185
scipy-powell,cold,3,1375,21.2190,0.005185
scipy-powell,cold,3,1376,21.2333,0.005185
scipy-powell,cold,3,1377,21.2474,0.005185
scipy-powell,cold,3,1378,21.2610,0.005185
scipy-powell,cold,3,1379,21.2745,0.005185
scipy-powell,cold,3,1380,21.2885,0.005185
scipy-powell,cold,3,1381,21.3027,0.005185
scipy-powell,cold,3,1382,21.3168,0.005185
scipy-powell,cold,3,1383,21.3305,0.005185
scipy-powell,cold,3,1384,21.3435,0.005185
scipy-powell,cold,3,1385,21.3580,0.005185
scipy-powell,cold,3,1386,21.3739,0.005185
scipy-powell,cold,3,1387,21.3882,0.005185
scipy-powell,cold,3,1388,21.4025,0.005185
scipy-powell,cold,3,1392,21.4634,0.005171
scipy-powell,cold,3,1394,21.4953,0.005171
scipy-powell,cold,3,1395,21.5115,0.005171
scipy-powell,cold,3,1396,21.5279,0.005171
scipy-powell,cold,3,1398,21.5593,0.005171
scipy-powell,cold,3,1400,21.5892,0.005171
scipy-powell,cold,3,1405,21.6610,0.005170
scipy-powell,cold,3,1407,21.6901,0.005170
scipy-powell,cold,3,1408,21.7040,0.005170
scipy-powell,cold,3,1409,21.7195,0.005170
scipy-powell,cold,3,1410,21.7354,0.005170
scipy-powell,cold,3,1424,21.9358,0.005170
scipy-powell,cold,3,1425,21.9494,0.005170
scipy-powell,cold,3,1426,21.9629,0.005170
scipy-powell,cold,3,1427,21.9756,0.005170
scipy-powell,cold,3,1428,21.9901,0.005170
scipy-powell,cold,3,1442,22.1865,0.005170
scipy-powell,cold,3,1443,22.2021,0.005170
scipy-powell,cold,3,1444,22.2178,0.005170
scipy-powell,cold,3,1445,22.2328,0.005170
scipy-powell,cold,3,1446,22.2483,0.005170
scipy-powell,cold,3,1447,22.2633,0.005170
scipy-powell,cold,3,1448,22.2783,0.005170
scipy-powell,cold,3,1449,22.2927,0.005170
scipy-powell,cold,3,1450,22.3078,0.005170
scipy-powell,cold,3,1451,22.3220,0.005170
scipy-powell,cold,3,1452,22.3369,0.005170
scipy-powell,cold,3,1453,22.3522,0.005170
scipy-powell,cold,3,1454,22.3662,0.005170
scipy-powell,cold,3,1455,22.3809,0.005170
scipy-powell,cold,3,1456,22.3959,0.005170
scipy-powell,cold,3,1457,22.4099,0.005170
scipy-powell,cold,3,1458,22.4244,0.005170
scipy-powell,cold,3,1459,22.4388,0.005170
scipy-powell,cold,3,1460,22.4539,0.005170
scipy-powell,cold,3,1461,22.4682,0.005170
scipy-powell,cold,3,1462,22.4827,0.005170
scipy-powell,cold,3,1463,22.4976,0.005170
scipy-powell,cold,3,1464,22.5112,0.005170
scipy-powell,cold,3,1465,22.5250,0.005170
scipy-powell,cold,3,1466,22.5398,0.005170
scipy-powell,cold,3,1467,22.5544,0.005170
scipy-powell,cold,3,1468,22.5694,0.005170
scipy-powell,cold,3,1469,22.5841,0.005170
scipy-powell,cold,3,1470,22.5990,0.005170
scipy-powell,cold,3,1473,22.6438,0.005170
scipy-powell,cold,3,1475,22.6744,0.005168
scipy-powell,cold,3,1476,22.6902,0.005168
scipy-powell,cold,3,1478,22.7205,0.005167
scipy-powell,cold,3,1479,22.7358,0.005167
scipy-powell,cold,3,1481,22.7654,0.005167
scipy-powell,cold,3,1482,22.7801,0.005167
scipy-powell,cold,3,1490,22.8987,0.005079
scipy-powell,cold,3,1492,22.9274,0.005079
scipy-powell,cold,3,1493,22.9419,0.005079
scipy-powell,cold,3,1494,22.9565,0.005079
scipy-powell,cold,3,1495,22.9709,0.005079
scipy-powell,cold,3,1496,22.9866,0.005079
scipy-powell,cold,3,1497,23.0022,0.005079
scipy-powell,cold,3,1505,23.1241,0.005078
scipy-powell,cold,3,1507,23.1551,0.005075
scipy-powell,cold,3,1508,23.1705,0.005075
scipy-powell,cold,3,1509,23.1861,0.005075
scipy-powell,cold,3,1510,23.2011,0.005075
scipy-powell,cold,3,1511,23.2146,0.005075
scipy-powell,cold,3,1512,23.2290,0.005075
scipy-powell,cold,3,1513,23.2438,0.005075
scipy-powell,cold,3,1517,23.3045,0.005073
scipy-powell,cold,3,1519,23.3339,0.005048
scipy-powell,cold,3,1521,23.3642,0.005041
scipy-powell,cold,3,1523,23.3946,0.005041
scipy-powell,cold,3,1524,23.4088,0.005041
scipy-powell,cold,3,1525,23.4231,0.005041
scipy-powell,cold,3,1526,23.4380,0.005041
scipy-powell,cold,3,1527,23.4525,0.005041
scipy-powell,cold,3,1536,23.5871,0.005037
scipy-powell,cold,3,1537,23.6029,0.005037
scipy-powell,cold,3,1538,23.6183,0.005037
scipy-powell,cold,3,1539,23.6341,0.005037
scipy-powell,cold,3,1540,23.6491,0.005037
scipy-powell,cold,3,1541,23.6646,0.005037
scipy-powell,cold,3,1543,23.6949,0.005037
scipy-powell,cold,3,1558,23.9103,0.005033
scipy-powell,cold,3,1560,23.9383,0.005033
scipy-powell,cold,3,1561,23.9523,0.005033
scipy-powell,cold,3,1562,23.9663,0.005033
scipy-powell,cold,3,1563,23.9808,0.005033
scipy-powell,cold,3,1575,24.1578,0.005033
scipy-powell,cold,3,1577,24.1882,0.005033
scipy-powell,cold,3,1579,24.2172,0.005033
scipy-powell,cold,3,1580,24.2322,0.005033
scipy-powell,cold,3,1581,24.2456,0.005033
scipy-powell,cold,3,1582,24.2591,0.005033
scipy-powell,cold,3,1583,24.2725,0.005033
scipy-powell,cold,3,1589,24.3557,0.005033
scipy-powell,cold,3,1590,24.3688,0.005032
scipy-powell,cold,3,1591,24.3823,0.005032
scipy-powell,cold,3,1592,24.3956,0.005032
scipy-powell,cold,3,1593,24.4092,0.005032
scipy-powell,cold,3,1594,24.4221,0.005032
scipy-powell,cold,3,1595,24.4356,0.005032
scipy-powell,cold,3,1596,24.4489,0.005032
scipy-powell,cold,3,1597,24.4640,0.005032
scipy-powell,cold,3,1598,24.4784,0.005032
scipy-powell,cold,3,1599,24.4931,0.005032
scipy-powell,cold,3,1600,24.5064,0.005032
scipy-powell,cold,3,1601,24.5202,0.005032
scipy-powell,cold,3,1602,24.5343,0.005032
scipy-powell,cold,3,1603,24.5484,0.005032
scipy-powell,cold,3,1604,24.5635,0.005032
scipy-powell,cold,3,1605,24.5781,0.005032
scipy-powell,cold,3,1606,24.5928,0.005032
scipy-powell,cold,3,1607,24.6072,0.005032
scipy-powell,cold,3,1608,24.6213,0.005032
scipy-powell,cold,3,1609,24.6345,0.005032
scipy-powell,cold,3,1610,24.6488,0.005032
scipy-powell,cold,3,1611,24.6628,0.005032
scipy-powell,cold,3,1612,24.6758,0.005032
scipy-powell,cold,3,1613,24.6890,0.005032
scipy-powell,cold,3,1614,24.7033,0.005032
scipy-powell,cold,3,1615,24.7173,0.005032
scipy-powell,cold,3,1616,24.7305,0.005032
scipy-powell,cold,3,1617,24.7444,0.005032
scipy-powell,cold,3,1618,24.7583,0.005032
scipy-powell,cold,3,1619,24.7727,0.005032
scipy-powell,cold,3,1620,24.7861,0.005032
scipy-powell,cold,3,1621,24.8008,0.005032
scipy-powell,cold,3,1622,24.8146,0.005032
scipy-powell,cold,3,1623,24.8274,0.005032
scipy-powell,cold,3,1624,24.8414,0.005032
scipy-powell,cold,3,1627,24.8903,0.005032
scipy-powell,cold,3,1628,24.9045,0.005032
scipy-powell,cold,3,1631,24.9451,0.005032
scipy-powell,cold,3,1632,24.9592,0.005032
scipy-powell,cold,3,1633,24.9730,0.005032
scipy-powell,cold,3,1635,25.0011,0.005032
scipy-powell,cold,3,1640,25.0743,0.005032
scipy-powell,cold,3,1644,25.1335,0.005032
scipy-powell,cold,3,1650,25.2252,0.005032
scipy-powell,cold,3,1652,25.2531,0.005032
scipy-powell,cold,3,1653,25.2667,0.005032
scipy-powell,cold,3,1654,25.2806,0.005032
scipy-powell,cold,3,1655,25.2944,0.005032
scipy-powell,cold,3,1656,25.3084,0.005032
scipy-powell,cold,3,1657,25.3240,0.005032
scipy-powell,cold,3,1663,25.4122,0.005032
scipy-powell,cold,3,1666,25.4532,0.005032
scipy-powell,cold,3,1669,25.4951,0.005032
scipy-powell,cold,3,1670,25.5080,0.005032
scipy-powell,cold,3,1672,25.5345,0.005032
scipy-powell,cold,3,1673,25.5471,0.005032
scipy-powell,cold,3,1674,25.5602,0.005032
scipy-powell,cold,3,1675,25.5738,0.005032
scipy-powell,cold,3,1676,25.5877,0.005032
scipy-powell,cold,3,1677,25.6021,0.005032
scipy-powell,cold,3,1684,25.6972,0.005032
scipy-powell,cold,3,1696,25.8558,0.005032
scipy-powell,cold,3,1697,25.8693,0.005032
scipy-powell,cold,3,1698,25.8828,0.005032
scipy-powell,cold,3,1699,25.8958,0.005032
scipy-powell,cold,3,1700,25.9085,0.005032
scipy-powell,cold,3,1701,25.9218,0.005032
scipy-powell,cold,3,1702,25.9359,0.005032
scipy-powell,cold,3,1703,25.9488,0.005032
scipy-powell,cold,3,1704,25.9625,0.005032
scipy-powell,cold,3,1706,25.9896,0.005032
scipy-powell,cold,3,1712,26.0715,0.005032
scipy-powell,cold,3,1714,26.0981,0.005032
scipy-powell,cold,3,1718,26.1545,0.005032
scipy-powell,cold,3,1720,26.1837,0.005032
scipy-powell,cold,3,1721,26.1988,0.005032
scipy-powell,cold,3,1722,26.2138,0.005032
scipy-powell,cold,3,1724,26.2438,0.005032
scipy-powell,cold,3,1726,26.2715,0.005032
scipy-powell,cold,3,1727,26.2849,0.005032
scipy-powell,cold,3,1749,26.6032,0.005031
scipy-powell,cold,3,1750,26.6175,0.005031
scipy-powell,cold,3,1751,26.6321,0.005031
scipy-powell,cold,3,1752,26.6465,0.005031
scipy-powell,cold,3,1753,26.6609,0.005031
scipy-powell,cold,3,1754,26.6751,0.005031
scipy-powell,cold,3,1755,26.6898,0.005031
scipy-powell,cold,3,1756,26.7043,0.005031
scipy-powell,cold,3,1757,26.7189,0.005031
scipy-powell,cold,3,1758,26.7333,0.005031
scipy-powell,cold,3,1759,26.7482,0.005031
scipy-powell,cold,3,1760,26.7629,0.005031
scipy-powell,cold,3,1761,26.7774,0.005031
scipy-powell,cold,3,1762,26.7927,0.005031
scipy-powell,cold,3,1763,26.8084,0.005031
scipy-powell,cold,3,1764,26.8247,0.005031
scipy-powell,cold,3,1765,26.8409,0.005031
scipy-powell,cold,3,1766,26.8560,0.005031
scipy-powell,cold,3,1767,26.8703,0.005031
scipy-powell,cold,3,1768,26.8848,0.005031
scipy-powell,cold,3,1769,26.8994,0.005031
scipy-powell,cold,3,1770,26.9133,0.005031
scipy-powell,cold,3,1771,26.9273,0.005031
scipy-powell,cold,3,1772,26.9410,0.005031
scipy-powell,cold,3,1773,26.9552,0.005031
scipy-powell,cold,3,1774,26.9692,0.005031
scipy-powell,cold,3,1775,26.9836,0.005031
scipy-powell,cold,3,1776,26.9981,0.005031
scipy-powell,cold,3,1777,27.0131,0.005031
scipy-powell,cold,3,1778,27.0281,0.005031
scipy-powell,cold,3,1779,27.0428,0.005031
scipy-powell,cold,3,1780,27.0569,0.005031
scipy-powell,cold,3,1781,27.0715,0.005031
scipy-powell,cold,3,1782,27.0860,0.005031
scipy-powell,cold,3,1783,27.1000,0.005031
scipy-powell,cold,3,1784,27.1151,0.005029
scipy-powell,cold,3,1786,27.1439,0.005027
scipy-powell,cold,3,1787,27.1581,0.005027
scipy-powell,cold,3,1788,27.1732,0.005027
scipy-powell,cold,3,1789,27.1874,0.005027
scipy-powell,cold,3,1790,27.2018,0.005027
scipy-powell,cold,3,1791,27.2156,0.005027
scipy-powell,cold,3,1792,27.2298,0.005026
scipy-powell,cold,3,1793,27.2446,0.005026
scipy-powell,cold,3,1794,27.2608,0.005026
scipy-powell,cold,3,1795,27.2752,0.005026
scipy-powell,cold,3,1796,27.2904,0.005026
scipy-powell,cold,3,1797,27.3060,0.005026
scipy-powell,cold,3,1798,27.3209,0.005026
scipy-powell,cold,3,1799,27.3355,0.005026
scipy-powell,cold,3,1800,27.3506,0.005026
scipy-powell,cold,3,1801,27.3652,0.005026
scipy-powell,cold,3,1802,27.3793,0.005026
scipy-powell,cold,3,1803,27.3944,0.005026
scipy-powell,cold,3,1804,27.4094,0.005026
scipy-powell,cold,3,1805,27.4228,0.005026
scipy-powell,cold,3,1806,27.4371,0.005026
scipy-powell,cold,3,1807,27.4520,0.005026
scipy-powell,cold,3,1808,27.4679,0.005026
scipy-powell,cold,3,1809,27.4829,0.005026
scipy-powell,cold,3,1810,27.4979,0.005026
scipy-powell,cold,3,1811,27.5120,0.005026
scipy-powell,cold,3,1812,27.5269,0.005026
scipy-powell,cold,3,1813,27.5411,0.005026
scipy-powell,cold,3,1814,27.5553,0.005026
scipy-powell,cold,3,1815,27.5698,0.005026
scipy-powell,cold,3,1816,27.5841,0.005026
scipy-powell,cold,3,1817,27.5982,0.005026
scipy-powell,cold,3,1818,27.6116,0.005026
scipy-powell,cold,3,1819,27.6260,0.005026
scipy-powell,cold,3,1820,27.6402,0.005026
scipy-powell,cold,3,1824,27.6956,0.005026
scipy-powell,cold,3,1825,27.7098,0.005026
scipy-powell,cold,3,1826,27.7240,0.005026
scipy-powell,cold,3,1827,27.7372,0.005026
scipy-powell,cold,3,1829,27.7654,0.005026
scipy-powell,cold,3,1831,27.7946,0.005026
scipy-powell,cold,3,1841,27.9474,0.005026
scipy-powell,cold,3,1845,28.0108,0.005026
scipy-powell,cold,3,1846,28.0264,0.005026
scipy-powell,cold,3,1847,28.0416,0.005026
scipy-powell,cold,3,1848,28.0565,0.005026
scipy-powell,cold,3,1849,28.0720,0.005026
scipy-powell,cold,3,1850,28.0884,0.005026
scipy-powell,cold,3,1851,28.1041,0.005026
scipy-powell,cold,3,1852,28.1195,0.005026
scipy-powell,cold,3,1853,28.1352,0.005026
scipy-powell,cold,3,1854,28.1504,0.005026
scipy-powell,cold,3,1855,28.1659,0.005026
scipy-powell,cold,3,1856,28.1833,0.005026
scipy-powell,cold,3,1857,28.1989,0.005026
scipy-powell,cold,3,1858,28.2147,0.005026
scipy-powell,cold,3,1859,28.2309,0.005026
scipy-powell,cold,3,1860,28.2452,0.005026
scipy-powell,cold,3,1861,28.2619,0.005026
scipy-powell,cold,3,1862,28.2816,0.005026
scipy-powell,cold,3,1863,28.2971,0.005026
scipy-powell,cold,3,1864,28.3114,0.005026
scipy-powell,cold,3,1865,28.3276,0.005026
scipy-powell,cold,3,1866,28.3448,0.005026
scipy-powell,cold,3,1867,28.3610,0.005026
scipy-powell,cold,3,1868,28.3765,0.005026
scipy-powell,cold,3,1869,28.3955,0.005026
scipy-powell,cold,3,1870,28.4100,0.005026
scipy-powell,cold,3,1871,28.4255,0.005026
scipy-powell,cold,3,1872,28.4409,0.005026
scipy-powell,cold,3,1873,28.4559,0.005026
scipy-powell,cold,3,1874,28.4713,0.005026
scipy-powell,cold,3,1875,28.4867,0.005026
scipy-powell,cold,3,1876,28.5011,0.005026
scipy-powell,cold,3,1877,28.5175,0.005026
scipy-powell,cold,3,1878,28.5322,0.005026
scipy-powell,cold,3,1879,28.5468,0.005026
scipy-powell,cold,3,1880,28.5613,0.005026
scipy-powell,cold,3,1881,28.5755,0.005026
scipy-powell,cold,3,1882,28.5916,0.005026
scipy-powell,cold,3,1883,28.6074,0.005026
scipy-powell,cold,3,1884,28.6227,0.005026
scipy-powell,cold,3,1885,28.6371,0.005026
scipy-powell,cold,3,1886,28.6512,0.005026
scipy-powell,cold,3,1887,28.6650,0.005026
scipy-powell,cold,3,1888,28.6788,0.005026
scipy-powell,cold,3,1889,28.6921,0.005026
scipy-powell,cold,3,1890,28.7068,0.005026
scipy-powell,cold,3,1891,28.7206,0.005026
scipy-powell,cold,3,1892,28.7345,0.005026
scipy-powell,cold,3,1893,28.7484,0.005026
scipy-powell,cold,3,1894,28.7629,0.005026
scipy-powell,cold,3,1895,28.7778,0.005026
scipy-powell,cold,3,1896,28.7919,0.005026
scipy-powell,cold,3,1897,28.8053,0.005026
scipy-powell,cold,3,1898,28.8186,0.005026
scipy-powell,cold,3,1899,28.8326,0.005026
scipy-powell,cold,3,1900,28.8474,0.005026
scipy-powell,cold,3,1901,28.8622,0.005026
scipy-powell,cold,3,1902,28.8768,0.005026
scipy-powell,cold,3,1903,28.8928,0.005026
scipy-powell,cold,3,1904,28.9082,0.005026
scipy-powell,cold,3,1905,28.9231,0.005026
scipy-powell,cold,3,1906,28.9380,0.005026
scipy-powell,cold,3,1907,28.9525,0.005026
scipy-powell,cold,3,1908,28.9671,0.005026
scipy-powell,cold,3,1909,28.9808,0.005026
scipy-powell,cold,3,1910,28.9953,0.005026
scipy-powell,cold,3,1911,29.0103,0.005026
scipy-powell,cold,3,1912,29.0248,0.005026
scipy-powell,cold,3,1913,29.0394,0.005026
scipy-powell,cold,3,1914,29.0532,0.005026
scipy-powell,cold,3,1915,29.0674,0.005026
scipy-powell,cold,3,1916,29.0814,0.005026
scipy-powell,cold,3,1917,29.0958,0.005026
scipy-powell,cold,3,1918,29.1100,0.005026
scipy-powell,cold,3,1920,29.1365,0.005026
scipy-powell,cold,3,1922,29.1651,0.005026
scipy-powell,cold,3,1923,29.1795,0.005026
scipy-powell,cold,3,1924,29.1936,0.005026
scipy-powell,cold,3,1925,29.2069,0.005026
scipy-powell,cold,3,1926,29.2202,0.005026
scipy-powell,cold,3,1931,29.2881,0.005026
scipy-powell,cold,3,1939,29.4098,0.005026
scipy-powell,cold,3,1940,29.4251,0.005026
scipy-powell,cold,3,1941,29.4399,0.005026
scipy-powell,cold,3,1942,29.4547,0.005026
scipy-powell,cold,3,1943,29.4685,0.005026
scipy-powell,cold,3,1944,29.4834,0.005026
scipy-powell,cold,3,1945,29.4969,0.005026
scipy-powell,cold,3,1946,29.5118,0.005026
scipy-powell,cold,3,1947,29.5254,0.005026
scipy-powell,cold,3,1948,29.5394,0.005026
scipy-powell,cold,3,1949,29.5536,0.005026
scipy-powell,cold,3,1950,29.5672,0.005026
scipy-powell,cold,3,1951,29.5810,0.005026
scipy-powell,cold,3,1952,29.5948,0.005026
scipy-powell,cold,3,1953,29.6093,0.005026
scipy-powell,cold,3,1954,29.6233,0.005026
scipy-powell,cold,3,1955,29.6369,0.005026
scipy-powell,cold,3,1956,29.6524,0.005026
scipy-powell,cold,3,1957,29.6673,0.005026
scipy-powell,cold,3,1958,29.6811,0.005026
scipy-powell,cold,3,1959,29.6957,0.005026
scipy-powell,cold,3,1960,29.7096,0.005026
scipy-powell,cold,3,1961,29.7236,0.005026
scipy-powell,cold,3,1962,29.7380,0.005026
scipy-powell,cold,3,1963,29.7527,0.005026
scipy-powell,cold,3,1964,29.7668,0.005026
scipy-powell,cold,3,1965,29.7805,0.005026
scipy-powell,cold,3,1966,29.7938,0.005026
scipy-powell,cold,3,1967,29.8070,0.005026
scipy-powell,cold,3,1968,29.8211,0.005026
scipy-powell,cold,3,1969,29.8353,0.005026
scipy-powell,cold,3,1970,29.8493,0.005026
scipy-powell,cold,3,1971,29.8626,0.005026
scipy-powell,cold,3,1972,29.8764,0.005026
scipy-powell,cold,3,1973,29.8906,0.005026
scipy-powell,cold,3,1974,29.9043,0.005026
scipy-powell,cold,3,1975,29.9195,0.005026
scipy-powell,cold,3,1976,29.9363,0.005026
scipy-powell,cold,3,1978,29.9647,0.005025
scipy-powell,cold,3,1979,29.9786,0.005025
scipy-powell,cold,3,1980,29.9962,0.005025
scipy-powell,cold,3,1981,30.0118,0.005025
scipy-powell,cold,3,1984,30.0665,0.005025
scipy-powell,cold,3,1986,30.0933,0.005025
scipy-powell,cold,3,1987,30.1070,0.005025
scipy-powell,cold,3,1988,30.1214,0.005025
scipy-powell,cold,3,1998,30.2760,0.005025
scipy-powell,cold,3,1999,30.2909,0.005024
scipy-powell,cold,3,2000,30.3055,0.005024
scipy-powell,cold,4,0,0.0000,0.006222
scipy-powell,cold,4,3,0.0570,0.006222
scipy-powell,cold,4,4,0.0725,0.006222
scipy-powell,cold,4,5,0.0881,0.006222
scipy-powell,cold,4,6,0.1032,0.006222
scipy-powell,cold,4,7,0.1169,0.006222
scipy-powell,cold,4,8,0.1310,0.006222
scipy-powell,cold,4,9,0.1447,0.006222
scipy-powell,cold,4,10,0.1586,0.006222
scipy-powell,cold,4,11,0.1727,0.006222
scipy-powell,cold,4,12,0.1865,0.006222
scipy-powell,cold,4,13,0.2011,0.006222
scipy-powell,cold,4,14,0.2154,0.006222
scipy-powell,cold,4,15,0.2292,0.006222
scipy-powell,cold,4,16,0.2433,0.006222
scipy-powell,cold,4,17,0.2585,0.006222
scipy-powell,cold,4,18,0.2728,0.006222
scipy-powell,cold,4,19,0.2866,0.006222
scipy-powell,cold,4,20,0.3002,0.006222
scipy-powell,cold,4,21,0.3151,0.006222
scipy-powell,cold,4,22,0.3301,0.006222
scipy-powell,cold,4,23,0.3444,0.006222
scipy-powell,cold,4,24,0.3588,0.006222
scipy-powell,cold,4,25,0.3728,0.006222
scipy-powell,cold,4,26,0.3864,0.006222
scipy-powell,cold,4,27,0.4004,0.006222
scipy-powell,cold,4,28,0.4148,0.006222
scipy-powell,cold,4,29,0.4287,0.006222
scipy-powell,cold,4,30,0.4431,0.006222
scipy-powell,cold,4,31,0.4568,0.006222
scipy-powell,cold,4,32,0.4720,0.006222
scipy-powell,cold,4,33,0.4867,0.006222
scipy-powell,cold,4,34,0.5007,0.006222
scipy-powell,cold,4,35,0.5154,0.006222
scipy-powell,cold,4,36,0.5296,0.006222
scipy-powell,cold,4,37,0.5440,0.006222
scipy-powell,cold,4,38,0.5572,0.006222
scipy-powell,cold,4,39,0.5706,0.006222
scipy-powell,cold,4,41,0.6009,0.006222
scipy-powell,cold,4,42,0.6167,0.006222
scipy-powell,cold,4,43,0.6307,0.006222
scipy-powell,cold,4,44,0.6448,0.006222
scipy-powell,cold,4,45,0.6586,0.006222
scipy-powell,cold,4,47,0.6870,0.006222
scipy-powell,cold,4,48,0.7012,0.006222
scipy-powell,cold,4,49,0.7193,0.006222
scipy-powell,cold,4,50,0.7344,0.006222
scipy-powell,cold,4,52,0.7668,0.006222
scipy-powell,cold,4,53,0.7808,0.006222
scipy-powell,cold,4,54,0.7958,0.006222
scipy-powell,cold,4,56,0.8239,0.006222
scipy-powell,cold,4,57,0.8398,0.006222
scipy-powell,cold,4,70,1.0302,0.006222
scipy-powell,cold,4,71,1.0447,0.006220
scipy-powell,cold,4,72,1.0593,0.006218
scipy-powell,cold,4,73,1.0756,0.006217
scipy-powell,cold,4,74,1.0926,0.006216
scipy-powell,cold,4,75,1.1075,0.006216
scipy-powell,cold,4,76,1.1208,0.006216
scipy-powell,cold,4,77,1.1350,0.006215
scipy-powell,cold,4,78,1.1503,0.006215
scipy-powell,cold,4,79,1.1663,0.006215
scipy-powell,cold,4,80,1.1824,0.006215
scipy-powell,cold,4,81,1.1998,0.006215
scipy-powell,cold,4,82,1.2170,0.006215
scipy-powell,cold,4,83,1.2336,0.006215
scipy-powell,cold,4,84,1.2513,0.006215
scipy-powell,cold,4,85,1.2670,0.006215
scipy-powell,cold,4,86,1.2833,0.006215
scipy-powell,cold,4,87,1.2979,0.006215
scipy-powell,cold,4,88,1.3125,0.006215
scipy-powell,cold,4,89,1.3270,0.006215
scipy-powell,cold,4,90,1.3451,0.006215
scipy-powell,cold,4,91,1.3598,0.006215
scipy-powell,cold,4,92,1.3759,0.006215
scipy-powell,cold,4,93,1.3914,0.006215
scipy-powell,cold,4,94,1.4056,0.006215
scipy-powell,cold,4,95,1.4205,0.006215
scipy-powell,cold,4,96,1.4349,0.006215
scipy-powell,cold,4,97,1.4493,0.006215
scipy-powell,cold,4,98,1.4635,0.006215
scipy-powell,cold,4,99,1.4775,0.006215
scipy-powell,cold,4,100,1.4923,0.006215
scipy-powell,cold,4,101,1.5064,0.006215
scipy-powell,cold,4,102,1.5212,0.006215
scipy-powell,cold,4,103,1.5361,0.006215
scipy-powell,cold,4,104,1.5511,0.006215
scipy-powell,cold,4,105,1.5657,0.006215
scipy-powell,cold,4,106,1.5797,0.006215
scipy-powell,cold,4,107,1.5951,0.006210
scipy-powell,cold,4,109,1.6235,0.006208
scipy-powell,cold,4,110,1.6380,0.006208
scipy-powell,cold,4,113,1.6848,0.006208
scipy-powell,cold,4,114,1.7012,0.006208
scipy-powell,cold,4,115,1.7165,0.006208
scipy-powell,cold,4,117,1.7489,0.006208
scipy-powell,cold,4,118,1.7645,0.006208
scipy-powell,cold,4,119,1.7790,0.006208
scipy-powell,cold,4,120,1.7940,0.006208
scipy-powell,cold,4,121,1.8085,0.006208
scipy-powell,cold,4,122,1.8228,0.006208
scipy-powell,cold,4,125,1.8698,0.006208
scipy-powell,cold,4,147,2.1919,0.006208
scipy-powell,cold,4,148,2.2070,0.006208
scipy-powell,cold,4,149,2.2226,0.006207
scipy-powell,cold,4,150,2.2369,0.006207
scipy-powell,cold,4,151,2.2522,0.006207
scipy-powell,cold,4,152,2.2686,0.006207
scipy-powell,cold,4,153,2.2843,0.006207
scipy-powell,cold,4,154,2.2997,0.006207
scipy-powell,cold,4,155,2.3148,0.006207
scipy-powell,cold,4,156,2.3298,0.006207
scipy-powell,cold,4,157,2.3436,0.006207
scipy-powell,cold,4,158,2.3585,0.006207
scipy-powell,cold,4,159,2.3729,0.006207
scipy-powell,cold,4,160,2.3870,0.006207
scipy-powell,cold,4,161,2.4012,0.006207
scipy-powell,cold,4,162,2.4152,0.006207
scipy-powell,cold,4,163,2.4288,0.006207
scipy-powell,cold,4,164,2.4436,0.006207
scipy-powell,cold,4,165,2.4566,0.006207
scipy-powell,cold,4,166,2.4711,0.006207
scipy-powell,cold,4,167,2.4850,0.006207
scipy-powell,cold,4,168,2.4992,0.006207
scipy-powell,cold,4,169,2.5131,0.006207
scipy-powell,cold,4,170,2.5268,0.006207
scipy-powell,cold,4,171,2.5405,0.006207
scipy-powell,cold,4,172,2.5532,0.006207
scipy-powell,cold,4,173,2.5670,0.006207
scipy-powell,cold,4,174,2.5813,0.006207
scipy-powell,cold,4,175,2.5951,0.006207
scipy-powell,cold,4,176,2.6089,0.006207
scipy-powell,cold,4,177,2.6244,0.006207
scipy-powell,cold,4,178,2.6385,0.006183
scipy-powell,cold,4,180,2.6681,0.006178
scipy-powell,cold,4,181,2.6815,0.006175
scipy-powell,cold,4,182,2.6954,0.006169
scipy-powell,cold,4,183,2.7099,0.006166
scipy-powell,cold,4,184,2.7254,0.006166
scipy-powell,cold,4,185,2.7395,0.006166
scipy-powell,cold,4,186,2.7531,0.006166
scipy-powell,cold,4,187,2.7662,0.006166
scipy-powell,cold,4,188,2.7809,0.006166
scipy-powell,cold,4,190,2.8092,0.006166
scipy-powell,cold,4,191,2.8234,0.006166
scipy-powell,cold,4,192,2.8379,0.006166
scipy-powell,cold,4,193,2.8518,0.006166
scipy-powell,cold,4,196,2.8936,0.006154
scipy-powell,cold,4,197,2.9098,0.006151
scipy-powell,cold,4,198,2.9250,0.006144
scipy-powell,cold,4,200,2.9559,0.006142
scipy-powell,cold,4,201,2.9714,0.006142
scipy-powell,cold,4,203,3.0011,0.006142
scipy-powell,cold,4,204,3.0155,0.006142
scipy-powell,cold,4,209,3.0902,0.006138
scipy-powell,cold,4,211,3.1243,0.006114
scipy-powell,cold,4,215,3.1838,0.006114
scipy-powell,cold,4,216,3.1974,0.006114
scipy-powell,cold,4,218,3.2249,0.006114
scipy-powell,cold,4,219,3.2391,0.006114
scipy-powell,cold,4,220,3.2534,0.006114
scipy-powell,cold,4,221,3.2671,0.006114
scipy-powell,cold,4,225,3.3277,0.006104
scipy-powell,cold,4,227,3.3550,0.006101
scipy-powell,cold,4,228,3.3706,0.006100
scipy-powell,cold,4,229,3.3849,0.006100
scipy-powell,cold,4,230,3.3992,0.006100
scipy-powell,cold,4,231,3.4136,0.006100
scipy-powell,cold,4,232,3.4283,0.006100
scipy-powell,cold,4,233,3.4425,0.006100
scipy-powell,cold,4,236,3.4855,0.006100
scipy-powell,cold,4,239,3.5294,0.006100
scipy-powell,cold,4,243,3.5919,0.006100
scipy-powell,cold,4,245,3.6210,0.006100
scipy-powell,cold,4,246,3.6347,0.006100
scipy-powell,cold,4,247,3.6498,0.006100
scipy-powell,cold,4,248,3.6646,0.006100
scipy-powell,cold,4,249,3.6789,0.006100
scipy-powell,cold,4,250,3.6934,0.006100
scipy-powell,cold,4,252,3.7240,0.006100
scipy-powell,cold,4,259,3.8267,0.006099
scipy-powell,cold,4,260,3.8424,0.006098
scipy-powell,cold,4,262,3.8729,0.006098
scipy-powell,cold,4,263,3.8868,0.006098
scipy-powell,cold,4,265,3.9142,0.006098
scipy-powell,cold,4,278,4.0999,0.006085
scipy-powell,cold,4,280,4.1294,0.006073
scipy-powell,cold,4,282,4.1573,0.006073
scipy-powell,cold,4,283,4.1717,0.006071
scipy-powell,cold,4,284,4.1850,0.006071
scipy-powell,cold,4,285,4.2000,0.006071
scipy-powell,cold,4,287,4.2279,0.006071
scipy-powell,cold,4,289,4.2555,0.006071
scipy-powell,cold,4,290,4.2686,0.006071
scipy-powell,cold,4,291,4.2816,0.006071
scipy-powell,cold,4,294,4.3246,0.006063
scipy-powell,cold,4,298,4.3808,0.006063
scipy-powell,cold,4,299,4.3955,0.006061
scipy-powell,cold,4,301,4.4234,0.006061
scipy-powell,cold,4,302,4.4378,0.006061
scipy-powell,cold,4,303,4.4532,0.006061
scipy-powell,cold,4,304,4.4682,0.006061
scipy-powell,cold,4,305,4.4832,0.006061
scipy-powell,cold,4,311,4.5712,0.006061
scipy-powell,cold,4,312,4.5858,0.006061
scipy-powell,cold,4,313,4.5997,0.006061
scipy-powell,cold,4,315,4.6281,0.006061
scipy-powell,cold,4,316,4.6424,0.006061
scipy-powell,cold,4,317,4.6565,0.006061
scipy-powell,cold,4,318,4.6710,0.006061
scipy-powell,cold,4,319,4.6853,0.006061
scipy-powell,cold,4,320,4.6998,0.006061
scipy-powell,cold,4,325,4.7738,0.006061
scipy-powell,cold,4,331,4.8585,0.006060
scipy-powell,cold,4,332,4.8722,0.006060
scipy-powell,cold,4,333,4.8861,0.006060
scipy-powell,cold,4,334,4.9000,0.006060
scipy-powell,cold,4,335,4.9145,0.006060
scipy-powell,cold,4,357,5.2293,0.006060
scipy-powell,cold,4,358,5.2424,0.006060
scipy-powell,cold,4,359,5.2559,0.006060
scipy-powell,cold,4,360,5.2704,0.006060
scipy-powell,cold,4,365,5.3429,0.006060
scipy-powell,cold,4,370,5.4163,0.006060
scipy-powell,cold,4,371,5.4303,0.006060
scipy-powell,cold,4,372,5.4445,0.006060
scipy-powell,cold,4,373,5.4591,0.006060
scipy-powell,cold,4,374,5.4731,0.006059
scipy-powell,cold,4,375,5.4873,0.006059
scipy-powell,cold,4,376,5.5008,0.006059
scipy-powell,cold,4,377,5.5154,0.006059
scipy-powell,cold,4,378,5.5306,0.006059
scipy-powell,cold,4,379,5.5445,0.006059
scipy-powell,cold,4,380,5.5601,0.006059
scipy-powell,cold,4,381,5.5745,0.006059
scipy-powell,cold,4,382,5.5911,0.006059
scipy-powell,cold,4,383,5.6068,0.006059
scipy-powell,cold,4,384,5.6215,0.006059
scipy-powell,cold,4,385,5.6362,0.006059
scipy-powell,cold,4,386,5.6513,0.006059
scipy-powell,cold,4,387,5.6659,0.006059
scipy-powell,cold,4,388,5.6799,0.006059
scipy-powell,cold,4,389,5.6934,0.006059
scipy-powell,cold,4,390,5.7082,0.006059
scipy-powell,cold,4,391,5.7220,0.006059
scipy-powell,cold,4,392,5.7362,0.006059
scipy-powell,cold,4,393,5.7521,0.006059
scipy-powell,cold,4,394,5.7668,0.006059
scipy-powell,cold,4,395,5.7811,0.006059
scipy-powell,cold,4,396,5.7968,0.006059
scipy-powell,cold,4,397,5.8121,0.006059
scipy-powell,cold,4,398,5.8282,0.006059
scipy-powell,cold,4,399,5.8432,0.006059
scipy-powell,cold,4,400,5.8580,0.006059
scipy-powell,cold,4,401,5.8731,0.006059
scipy-powell,cold,4,402,5.8886,0.006059
scipy-powell,cold,4,403,5.9042,0.006059
scipy-powell,cold,4,404,5.9189,0.006059
scipy-powell,cold,4,405,5.9351,0.006059
scipy-powell,cold,4,406,5.9524,0.006057
scipy-powell,cold,4,408,5.9821,0.006056
scipy-powell,cold,4,409,5.9965,0.006056
scipy-powell,cold,4,411,6.0257,0.006056
scipy-powell,cold,4,412,6.0402,0.006056
scipy-powell,cold,4,414,6.0692,0.006056
scipy-powell,cold,4,415,6.0837,0.006056
scipy-powell,cold,4,416,6.0985,0.006056
scipy-powell,cold,4,418,6.1287,0.006056
scipy-powell,cold,4,419,6.1436,0.006056
scipy-powell,cold,4,420,6.1586,0.006056
scipy-powell,cold,4,421,6.1732,0.006056
scipy-powell,cold,4,422,6.1885,0.006056
scipy-powell,cold,4,434,6.3669,0.006042
scipy-powell,cold,4,435,6.3815,0.006033
scipy-powell,cold,4,436,6.3959,0.006028
scipy-powell,cold,4,437,6.4107,0.006026
scipy-powell,cold,4,438,6.4261,0.006024
scipy-powell,cold,4,439,6.4406,0.006024
scipy-powell,cold,4,440,6.4572,0.006023
scipy-powell,cold,4,441,6.4720,0.006023
scipy-powell,cold,4,442,6.4878,0.006023
scipy-powell,cold,4,443,6.5033,0.006023
scipy-powell,cold,4,444,6.5183,0.006023
scipy-powell,cold,4,445,6.5324,0.006022
scipy-powell,cold,4,446,6.5482,0.006022
scipy-powell,cold,4,447,6.6994,0.006022
scipy-powell,cold,4,448,6.7142,0.006022
scipy-powell,cold,4,449,6.7284,0.006022
scipy-powell,cold,4,450,6.7448,0.006022
scipy-powell,cold,4,451,6.7592,0.006022
scipy-powell,cold,4,452,6.7741,0.006022
scipy-powell,cold,4,453,6.7888,0.006022
scipy-powell,cold,4,454,6.8033,0.006022
scipy-powell,cold,4,455,6.8183,0.006022
scipy-powell,cold,4,456,6.8325,0.006022
scipy-powell,cold,4,457,6.8473,0.006022
scipy-powell,cold,4,458,6.8617,0.006022
scipy-powell,cold,4,459,6.8752,0.006022
scipy-powell,cold,4,460,6.8893,0.006022
scipy-powell,cold,4,461,6.9041,0.006022
scipy-powell,cold,4,462,6.9183,0.006022
scipy-powell,cold,4,463,6.9326,0.006022
scipy-powell,cold,4,464,6.9479,0.006022
scipy-powell,cold,4,465,6.9618,0.006022
scipy-powell,cold,4,466,6.9758,0.006022
scipy-powell,cold,4,467,6.9901,0.006022
scipy-powell,cold,4,468,7.0039,0.006022
scipy-powell,cold,4,469,7.0179,0.006022
scipy-powell,cold,4,470,7.0325,0.006018
scipy-powell,cold,4,472,7.0612,0.006015
scipy-powell,cold,4,474,7.0902,0.006015
scipy-powell,cold,4,476,7.1194,0.006015
scipy-powell,cold,4,477,7.1343,0.006015
scipy-powell,cold,4,478,7.1481,0.006015
scipy-powell,cold,4,479,7.1622,0.006015
scipy-powell,cold,4,486,7.2655,0.006015
scipy-powell,cold,4,493,7.3705,0.006013
scipy-powell,cold,4,494,7.3852,0.006011
scipy-powell,cold,4,495,7.3993,0.006011
scipy-powell,cold,4,496,7.4154,0.006010
scipy-powell,cold,4,497,7.4299,0.006010
scipy-powell,cold,4,498,7.4440,0.006009
scipy-powell,cold,4,499,7.4584,0.006009
scipy-powell,cold,4,500,7.4720,0.006009
scipy-powell,cold,4,501,7.4866,0.006009
scipy-powell,cold,4,502,7.5005,0.006009
scipy-powell,cold,4,503,7.5165,0.006009
scipy-powell,cold,4,504,7.5319,0.006009
scipy-powell,cold,4,505,7.5484,0.006009
scipy-powell,cold,4,506,7.5647,0.006009
scipy-powell,cold,4,507,7.5793,0.006009
scipy-powell,cold,4,508,7.5953,0.006009
scipy-powell,cold,4,509,7.6105,0.006009
scipy-powell,cold,4,510,7.6249,0.006009
scipy-powell,cold,4,511,7.6399,0.006009
scipy-powell,cold,4,512,7.6547,0.006009
scipy-powell,cold,4,513,7.6692,0.006009
scipy-powell,cold,4,514,7.6838,0.006009
scipy-powell,cold,4,515,7.6980,0.006009
scipy-powell,cold,4,516,7.7121,0.006009
scipy-powell,cold,4,517,7.7273,0.006009
scipy-powell,cold,4,518,7.7418,0.006009
scipy-powell,cold,4,519,7.7560,0.006009
scipy-powell,cold,4,520,7.7704,0.006009
scipy-powell,cold,4,521,7.7850,0.006009
scipy-powell,cold,4,522,7.7996,0.006009
scipy-powell,cold,4,523,7.8136,0.006009
scipy-powell,cold,4,524,7.8289,0.006009
scipy-powell,cold,4,525,7.8438,0.006009
scipy-powell,cold,4,526,7.8585,0.006009
scipy-powell,cold,4,527,7.8726,0.006009
scipy-powell,cold,4,529,7.9023,0.006002
scipy-powell,cold,4,531,7.9309,0.006002
scipy-powell,cold,4,533,7.9608,0.006002
scipy-powell,cold,4,534,7.9745,0.006002
scipy-powell,cold,4,535,7.9893,0.006002
scipy-powell,cold,4,537,8.0186,0.006002
scipy-powell,cold,4,538,8.0329,0.006002
scipy-powell,cold,4,539,8.0472,0.006002
scipy-powell,cold,4,540,8.0612,0.006002
scipy-powell,cold,4,553,8.2601,0.006001
scipy-powell,cold,4,554,8.2754,0.006001
scipy-powell,cold,4,555,8.2912,0.006001
scipy-powell,cold,4,556,8.3085,0.006001
scipy-powell,cold,4,557,8.3242,0.006001
scipy-powell,cold,4,558,8.3402,0.006001
scipy-powell,cold,4,559,8.3571,0.006001
scipy-powell,cold,4,560,8.3723,0.006001
scipy-powell,cold,4,561,8.3864,0.006001
scipy-powell,cold,4,562,8.4014,0.006001
scipy-powell,cold,4,563,8.4159,0.006001
scipy-powell,cold,4,564,8.4308,0.006001
scipy-powell,cold,4,565,8.4452,0.006001
scipy-powell,cold,4,566,8.4601,0.006001
scipy-powell,cold,4,567,8.4751,0.006001
scipy-powell,cold,4,568,8.4907,0.006001
scipy-powell,cold,4,569,8.5048,0.006001
scipy-powell,cold,4,570,8.5200,0.006001
scipy-powell,cold,4,571,8.5342,0.006001
scipy-powell,cold,4,572,8.5485,0.006001
scipy-powell,cold,4,573,8.5635,0.006001
scipy-powell,cold,4,574,8.5777,0.006001
scipy-powell,cold,4,575,8.5935,0.006001
scipy-powell,cold,4,576,8.6081,0.006001
scipy-powell,cold,4,577,8.6233,0.006001
scipy-powell,cold,4,578,8.6379,0.006001
scipy-powell,cold,4,579,8.6527,0.006001
scipy-powell,cold,4,580,8.6677,0.006001
scipy-powell,cold,4,581,8.6831,0.006001
scipy-powell,cold,4,582,8.6977,0.006001
scipy-powell,cold,4,583,8.7123,0.006001
scipy-powell,cold,4,584,8.7266,0.006001
scipy-powell,cold,4,585,8.7414,0.006001
scipy-powell,cold,4,590,8.8201,0.006001
scipy-powell,cold,4,592,8.8507,0.006001
scipy-powell,cold,4,593,8.8655,0.006001
scipy-powell,cold,4,594,8.8801,0.006001
scipy-powell,cold,4,595,8.8941,0.006001
scipy-powell,cold,4,596,8.9089,0.006001
scipy-powell,cold,4,605,9.0455,0.006001
scipy-powell,cold,4,607,9.0784,0.006001
scipy-powell,cold,4,608,9.0943,0.006001
scipy-powell,cold,4,609,9.1095,0.006001
scipy-powell,cold,4,610,9.1251,0.006001
scipy-powell,cold,4,611,9.1405,0.006001
scipy-powell,cold,4,612,9.1564,0.006001
scipy-powell,cold,4,615,9.2029,0.006001
scipy-powell,cold,4,624,9.3376,0.006001
scipy-powell,cold,4,625,9.3531,0.006000
scipy-powell,cold,4,626,9.3690,0.006000
scipy-powell,cold,4,627,9.3843,0.006000
scipy-powell,cold,4,628,9.3997,0.006000
scipy-powell,cold,4,629,9.4153,0.006000
scipy-powell,cold,4,630,9.4307,0.006000
scipy-powell,cold,4,631,9.4460,0.006000
scipy-powell,cold,4,632,9.4618,0.006000
scipy-powell,cold,4,633,9.4779,0.006000
scipy-powell,cold,4,634,9.4939,0.006000
scipy-powell,cold,4,635,9.5083,0.006000
scipy-powell,cold,4,636,9.5246,0.006000
scipy-powell,cold,4,637,9.5408,0.006000
scipy-powell,cold,4,638,9.5560,0.006000
scipy-powell,cold,4,639,9.5714,0.006000
scipy-powell,cold,4,640,9.5873,0.006000
scipy-powell,cold,4,641,9.6039,0.006000
scipy-powell,cold,4,642,9.6199,0.006000
scipy-powell,cold,4,643,9.6351,0.006000
scipy-powell,cold,4,644,9.6499,0.006000
scipy-powell,cold,4,645,9.6652,0.006000
scipy-powell,cold,4,646,9.6810,0.006000
scipy-powell,cold,4,647,9.6960,0.006000
scipy-powell,cold,4,648,9.7105,0.006000
scipy-powell,cold,4,649,9.7242,0.006000
scipy-powell,cold,4,650,9.7388,0.006000
scipy-powell,cold,4,651,9.7530,0.006000
scipy-powell,cold,4,652,9.7695,0.006000
scipy-powell,cold,4,653,9.7840,0.006000
scipy-powell,cold,4,654,9.7985,0.006000
scipy-powell,cold,4,655,9.8130,0.006000
scipy-powell,cold,4,656,9.8277,0.006000
scipy-powell,cold,4,657,9.8421,0.006000
scipy-powell,cold,4,658,9.8565,0.006000
scipy-powell,cold,4,659,9.8705,0.006000
scipy-powell,cold,4,660,9.8853,0.006000
scipy-powell,cold,4,662,9.9137,0.006000
scipy-powell,cold,4,664,9.9427,0.006000
scipy-powell,cold,4,665,9.9571,0.006000
scipy-powell,cold,4,666,9.9721,0.006000
scipy-powell,cold,4,667,9.9865,0.006000
scipy-powell,cold,4,668,10.0012,0.006000
scipy-powell,cold,4,677,10.1357,0.006000
scipy-powell,cold,4,678,10.1506,0.006000
scipy-powell,cold,4,679,10.1648,0.006000
scipy-powell,cold,4,680,10.1787,0.006000
scipy-powell,cold,4,681,10.1940,0.006000
scipy-powell,cold,4,682,10.2093,0.006000
scipy-powell,cold,4,683,10.2238,0.006000
scipy-powell,cold,4,684,10.2388,0.006000
scipy-powell,cold,4,685,10.2540,0.006000
scipy-powell,cold,4,686,10.2706,0.006000
scipy-powell,cold,4,687,10.2853,0.006000
scipy-powell,cold,4,688,10.3005,0.006000
scipy-powell,cold,4,689,10.3160,0.006000
scipy-powell,cold,4,690,10.3311,0.006000
scipy-powell,cold,4,691,10.3468,0.006000
scipy-powell,cold,4,692,10.3622,0.006000
scipy-powell,cold,4,693,10.3775,0.006000
scipy-powell,cold,4,694,10.3922,0.006000
scipy-powell,cold,4,695,10.4071,0.006000
scipy-powell,cold,4,696,10.4205,0.006000
scipy-powell,cold,4,697,10.4347,0.006000
scipy-powell,cold,4,698,10.4488,0.006000
scipy-powell,cold,4,699,10.4634,0.006000
scipy-powell,cold,4,700,10.4770,0.006000
scipy-powell,cold,4,701,10.4914,0.006000
scipy-powell,cold,4,702,10.5054,0.006000
scipy-powell,cold,4,703,10.5197,0.006000
scipy-powell,cold,4,704,10.5345,0.006000
scipy-powell,cold,4,705,10.5481,0.006000
scipy-powell,cold,4,706,10.5618,0.006000
scipy-powell,cold,4,707,10.5766,0.006000
scipy-powell,cold,4,708,10.5915,0.006000
scipy-powell,cold,4,709,10.6059,0.006000
scipy-powell,cold,4,710,10.6211,0.006000
scipy-powell,cold,4,711,10.6348,0.006000
scipy-powell,cold,4,712,10.6505,0.006000
scipy-powell,cold,4,717,10.7213,0.006000
scipy-powell,cold,4,718,10.7358,0.006000
scipy-powell,cold,4,719,10.7497,0.006000
scipy-powell,cold,4,720,10.7638,0.006000
scipy-powell,cold,4,725,10.8351,0.006000
scipy-powell,cold,4,727,10.8640,0.006000
scipy-powell,cold,4,733,10.9526,0.006000
scipy-powell,cold,4,734,10.9675,0.006000
scipy-powell,cold,4,735,10.9817,0.006000
scipy-powell,cold,4,737,11.0093,0.006000
scipy-powell,cold,4,738,11.0232,0.006000
scipy-powell,cold,4,739,11.0368,0.006000
scipy-powell,cold,4,740,11.0511,0.006000
scipy-powell,cold,4,741,11.0665,0.006000
scipy-powell,cold,4,742,11.0803,0.006000
scipy-powell,cold,4,743,11.0963,0.006000
scipy-powell,cold,4,744,11.1135,0.006000
scipy-powell,cold,4,745,11.1274,0.006000
scipy-powell,cold,4,746,11.1412,0.006000
scipy-powell,cold,4,747,11.1552,0.006000
scipy-powell,cold,4,748,11.1694,0.006000
scipy-powell,cold,4,749,11.1829,0.006000
scipy-powell,cold,4,750,11.1959,0.006000
scipy-powell,cold,4,751,11.2106,0.006000
scipy-powell,cold,4,752,11.2243,0.006000
scipy-powell,cold,4,753,11.2391,0.006000
scipy-powell,cold,4,754,11.2531,0.006000
scipy-powell,cold,4,755,11.2668,0.006000
scipy-powell,cold,4,756,11.2808,0.006000
scipy-powell,cold,4,757,11.2941,0.006000
scipy-powell,cold,4,758,11.3085,0.006000
scipy-powell,cold,4,759,11.3230,0.006000
scipy-powell,cold,4,760,11.3363,0.006000
scipy-powell,cold,4,761,11.3513,0.006000
scipy-powell,cold,4,762,11.3663,0.006000
scipy-powell,cold,4,763,11.3800,0.006000
scipy-powell,cold,4,764,11.3933,0.006000
scipy-powell,cold,4,765,11.4072,0.006000
scipy-powell,cold,4,766,11.4223,0.006000
scipy-powell,cold,4,767,11.4360,0.006000
scipy-powell,cold,4,768,11.4498,0.006000
scipy-powell,cold,4,773,11.5200,0.005999
scipy-powell,cold,4,774,11.5352,0.005999
scipy-powell,cold,4,775,11.5492,0.005999
scipy-powell,cold,4,776,11.5639,0.005999
scipy-powell,cold,4,777,11.5775,0.005999
scipy-powell,cold,4,789,11.7483,0.005999
scipy-powell,cold,4,795,11.8354,0.005993
scipy-powell,cold,4,798,11.8809,0.005992
scipy-powell,cold,4,800,11.9108,0.005992
scipy-powell,cold,4,801,11.9243,0.005992
scipy-powell,cold,4,802,11.9380,0.005992
scipy-powell,cold,4,803,11.9534,0.005992
scipy-powell,cold,4,804,11.9679,0.005992
scipy-powell,cold,4,812,12.0796,0.005984
scipy-powell,cold,4,813,12.0938,0.005979
scipy-powell,cold,4,814,12.1089,0.005977
scipy-powell,cold,4,815,12.1255,0.005976
scipy-powell,cold,4,816,12.1424,0.005975
scipy-powell,cold,4,817,12.1586,0.005975
scipy-powell,cold,4,818,12.1730,0.005975
scipy-powell,cold,4,819,12.1896,0.005975
scipy-powell,cold,4,820,12.2051,0.005975
scipy-powell,cold,4,821,12.2200,0.005975
scipy-powell,cold,4,822,12.2352,0.005975
scipy-powell,cold,4,823,12.2507,0.005975
scipy-powell,cold,4,824,12.2657,0.005975
scipy-powell,cold,4,825,12.2812,0.005975
scipy-powell,cold,4,826,12.2980,0.005975
scipy-powell,cold,4,827,12.3132,0.005975
scipy-powell,cold,4,828,12.3281,0.005975
scipy-powell,cold,4,829,12.3444,0.005975
scipy-powell,cold,4,830,12.3600,0.005975
scipy-powell,cold,4,831,12.3739,0.005975
scipy-powell,cold,4,832,12.3883,0.005975
scipy-powell,cold,4,833,12.4035,0.005975
scipy-powell,cold,4,834,12.4187,0.005975
scipy-powell,cold,4,835,12.4337,0.005975
scipy-powell,cold,4,836,12.4487,0.005975
scipy-powell,cold,4,837,12.4628,0.005975
scipy-powell,cold,4,838,12.4781,0.005975
scipy-powell,cold,4,839,12.4956,0.005975
scipy-powell,cold,4,840,12.5109,0.005975
scipy-powell,cold,4,841,12.5271,0.005975
scipy-powell,cold,4,842,12.5429,0.005975
scipy-powell,cold,4,843,12.5566,0.005975
scipy-powell,cold,4,844,12.5705,0.005975
scipy-powell,cold,4,845,12.5854,0.005975
scipy-powell,cold,4,846,12.5991,0.005975
scipy-powell,cold,4,847,12.6135,0.005951
scipy-powell,cold,4,850,12.6557,0.005945
scipy-powell,cold,4,851,12.6694,0.005945
scipy-powell,cold,4,852,12.6831,0.005945
scipy-powell,cold,4,854,12.7105,0.005945
scipy-powell,cold,4,855,12.7253,0.005945
scipy-powell,cold,4,856,12.7435,0.005945
scipy-powell,cold,4,857,12.7602,0.005945
scipy-powell,cold,4,858,12.7750,0.005945
scipy-powell,cold,4,866,12.9007,0.005940
scipy-powell,cold,4,867,12.9179,0.005937
scipy-powell,cold,4,868,12.9335,0.005935
scipy-powell,cold,4,869,12.9498,0.005934
scipy-powell,cold,4,870,12.9657,0.005933
scipy-powell,cold,4,871,12.9801,0.005932
scipy-powell,cold,4,872,12.9937,0.005932
scipy-powell,cold,4,873,13.0078,0.005932
scipy-powell,cold,4,874,13.0223,0.005932
scipy-powell,cold,4,875,13.0375,0.005932
scipy-powell,cold,4,876,13.0525,0.005932
scipy-powell,cold,4,877,13.0666,0.005932
scipy-powell,cold,4,878,13.0808,0.005932
scipy-powell,cold,4,879,13.0952,0.005932
scipy-powell,cold,4,880,13.1092,0.005932
scipy-powell,cold,4,881,13.1235,0.005932
scipy-powell,cold,4,882,13.1367,0.005932
scipy-powell,cold,4,883,13.1551,0.005932
scipy-powell,cold,4,884,13.1700,0.005932
scipy-powell,cold,4,885,13.1844,0.005932
scipy-powell,cold,4,886,13.1993,0.005932
scipy-powell,cold,4,887,13.2130,0.005932
scipy-powell,cold,4,888,13.2274,0.005932
scipy-powell,cold,4,889,13.2410,0.005932
scipy-powell,cold,4,890,13.2546,0.005932
scipy-powell,cold,4,891,13.2685,0.005932
scipy-powell,cold,4,892,13.2821,0.005932
scipy-powell,cold,4,893,13.2959,0.005932
scipy-powell,cold,4,894,13.3112,0.005932
scipy-powell,cold,4,895,13.3271,0.005932
scipy-powell,cold,4,896,13.3439,0.005932
scipy-powell,cold,4,897,13.3603,0.005932
scipy-powell,cold,4,898,13.3771,0.005932
scipy-powell,cold,4,899,13.3927,0.005932
scipy-powell,cold,4,900,13.4086,0.005932
scipy-powell,cold,4,901,13.4231,0.005916
scipy-powell,cold,4,902,13.4385,0.005910
scipy-powell,cold,4,904,13.4677,0.005908
scipy-powell,cold,4,905,13.4819,0.005907
scipy-powell,cold,4,906,13.4962,0.005907
scipy-powell,cold,4,907,13.5104,0.005907
scipy-powell,cold,4,908,13.5237,0.005907
scipy-powell,cold,4,909,13.5380,0.005907
scipy-powell,cold,4,910,13.5518,0.005907
scipy-powell,cold,4,911,13.5654,0.005907
scipy-powell,cold,4,916,13.6368,0.005902
scipy-powell,cold,4,919,13.6790,0.005902
scipy-powell,cold,4,920,13.6939,0.005902
scipy-powell,cold,4,921,13.7085,0.005902
scipy-powell,cold,4,922,13.7236,0.005902
scipy-powell,cold,4,923,13.7389,0.005902
scipy-powell,cold,4,925,13.7710,0.005902
scipy-powell,cold,4,932,13.8817,0.005902
scipy-powell,cold,4,934,13.9110,0.005901
scipy-powell,cold,4,937,13.9569,0.005899
scipy-powell,cold,4,938,13.9735,0.005897
scipy-powell,cold,4,940,14.0078,0.005897
scipy-powell,cold,4,941,14.0242,0.005897
scipy-powell,cold,4,942,14.0407,0.005897
scipy-powell,cold,4,943,14.0594,0.005897
scipy-powell,cold,4,944,14.0777,0.005897
scipy-powell,cold,4,945,14.0954,0.005897
scipy-powell,cold,4,946,14.1142,0.005897
scipy-powell,cold,4,949,14.1660,0.005897
scipy-powell,cold,4,950,14.1837,0.005897
scipy-powell,cold,4,951,14.2005,0.005253
scipy-powell,cold,4,955,14.2634,0.005252
scipy-powell,cold,4,956,14.2769,0.005252
scipy-powell,cold,4,957,14.2921,0.005252
scipy-powell,cold,4,958,14.3066,0.005252
scipy-powell,cold,4,959,14.3204,0.005252
scipy-powell,cold,4,960,14.3351,0.005252
scipy-powell,cold,4,963,14.3787,0.005252
scipy-powell,cold,4,966,14.4231,0.005251
scipy-powell,cold,4,967,14.4376,0.005239
scipy-powell,cold,4,968,14.4519,0.005235
scipy-powell,cold,4,969,14.4658,0.005235
scipy-powell,cold,4,970,14.4804,0.005235
scipy-powell,cold,4,972,14.5082,0.005235
scipy-powell,cold,4,973,14.5228,0.005235
scipy-powell,cold,4,974,14.5371,0.005235
scipy-powell,cold,4,975,14.5512,0.005235
scipy-powell,cold,4,976,14.5655,0.005235
scipy-powell,cold,4,984,14.6812,0.005230
scipy-powell,cold,4,986,14.7102,0.005230
scipy-powell,cold,4,987,14.7243,0.005230
scipy-powell,cold,4,988,14.7389,0.005230
scipy-powell,cold,4,989,14.7532,0.005230
scipy-powell,cold,4,990,14.7671,0.005230
scipy-powell,cold,4,991,14.7820,0.005230
scipy-powell,cold,4,999,14.9016,0.005228
scipy-powell,cold,4,1000,14.9177,0.005226
scipy-powell,cold,4,1002,14.9469,0.005225
scipy-powell,cold,4,1004,14.9764,0.005225
scipy-powell,cold,4,1005,14.9915,0.005225
scipy-powell,cold,4,1006,15.0065,0.005225
scipy-powell,cold,4,1007,15.0216,0.005225
scipy-powell,cold,4,1008,15.0363,0.005225
scipy-powell,cold,4,1009,15.0517,0.005225
scipy-powell,cold,4,1010,15.0661,0.005225
scipy-powell,cold,4,1011,15.0806,0.005225
scipy-powell,cold,4,1021,15.2298,0.005225
scipy-powell,cold,4,1022,15.2440,0.005225
scipy-powell,cold,4,1023,15.2594,0.005225
scipy-powell,cold,4,1024,15.2745,0.005225
scipy-powell,cold,4,1025,15.2892,0.005225
scipy-powell,cold,4,1026,15.3046,0.005225
scipy-powell,cold,4,1027,15.3206,0.005225
scipy-powell,cold,4,1028,15.3365,0.005225
scipy-powell,cold,4,1029,15.3522,0.005225
scipy-powell,cold,4,1030,15.3675,0.005225
scipy-powell,cold,4,1031,15.3827,0.005225
scipy-powell,cold,4,1032,15.3973,0.005225
scipy-powell,cold,4,1033,15.4135,0.005225
scipy-powell,cold,4,1034,15.4287,0.005225
scipy-powell,cold,4,1035,15.4435,0.005225
scipy-powell,cold,4,1036,15.4583,0.005225
scipy-powell,cold,4,1037,15.4738,0.005225
scipy-powell,cold,4,1038,15.4891,0.005225
scipy-powell,cold,4,1039,15.5038,0.005225
scipy-powell,cold,4,1040,15.5184,0.005225
scipy-powell,cold,4,1041,15.5330,0.005225
scipy-powell,cold,4,1042,15.5483,0.005225
scipy-powell,cold,4,1043,15.5637,0.005225
scipy-powell,cold,4,1044,15.5789,0.005225
scipy-powell,cold,4,1045,15.5931,0.005225
scipy-powell,cold,4,1046,15.6085,0.005225
scipy-powell,cold,4,1047,15.6250,0.005225
scipy-powell,cold,4,1048,15.6393,0.005225
scipy-powell,cold,4,1049,15.6547,0.005225
scipy-powell,cold,4,1050,15.6697,0.005225
scipy-powell,cold,4,1051,15.6857,0.005225
scipy-powell,cold,4,1052,15.7007,0.005225
scipy-powell,cold,4,1053,15.7171,0.005225
scipy-powell,cold,4,1054,15.7321,0.005225
scipy-powell,cold,4,1055,15.7484,0.005225
scipy-powell,cold,4,1056,15.7665,0.005225
scipy-powell,cold,4,1057,15.7820,0.005225
scipy-powell,cold,4,1059,15.8135,0.005225
scipy-powell,cold,4,1061,15.8485,0.005225
scipy-powell,cold,4,1062,15.8675,0.005225
scipy-powell,cold,4,1063,15.8832,0.005225
scipy-powell,cold,4,1064,15.9008,0.005225
scipy-powell,cold,4,1065,15.9177,0.005225
scipy-powell,cold,4,1066,15.9331,0.005225
scipy-powell,cold,4,1067,15.9502,0.005225
scipy-powell,cold,4,1079,16.1449,0.005225
scipy-powell,cold,4,1080,16.1605,0.005224
scipy-powell,cold,4,1081,16.1765,0.005224
scipy-powell,cold,4,1082,16.1922,0.005224
scipy-powell,cold,4,1083,16.2069,0.005224
scipy-powell,cold,4,1084,16.2218,0.005224
scipy-powell,cold,4,1085,16.2362,0.005224
scipy-powell,cold,4,1086,16.2503,0.005224
scipy-powell,cold,4,1087,16.2647,0.005224
scipy-powell,cold,4,1088,16.2796,0.005224
scipy-powell,cold,4,1089,16.2945,0.005224
scipy-powell,cold,4,1090,16.3095,0.005224
scipy-powell,cold,4,1091,16.3239,0.005224
scipy-powell,cold,4,1092,16.3388,0.005224
scipy-powell,cold,4,1093,16.3536,0.005224
scipy-powell,cold,4,1094,16.3685,0.005224
scipy-powell,cold,4,1095,16.3836,0.005224
scipy-powell,cold,4,1096,16.3988,0.005224
scipy-powell,cold,4,1097,16.4134,0.005224
scipy-powell,cold,4,1098,16.4279,0.005224
scipy-powell,cold,4,1099,16.4421,0.005224
scipy-powell,cold,4,1100,16.4563,0.005224
scipy-powell,cold,4,1101,16.4709,0.005224
scipy-powell,cold,4,1102,16.4852,0.005224
scipy-powell,cold,4,1103,16.4988,0.005224
scipy-powell,cold,4,1104,16.5132,0.005224
scipy-powell,cold,4,1105,16.5269,0.005224
scipy-powell,cold,4,1106,16.5412,0.005224
scipy-powell,cold,4,1107,16.5551,0.005224
scipy-powell,cold,4,1108,16.5697,0.005224
scipy-powell,cold,4,1109,16.5848,0.005224
scipy-powell,cold,4,1110,16.5990,0.005224
scipy-powell,cold,4,1111,16.6138,0.005224
scipy-powell,cold,4,1112,16.6292,0.005224
scipy-powell,cold,4,1113,16.6455,0.005224
scipy-powell,cold,4,1114,16.6613,0.005223
scipy-powell,cold,4,1116,16.6919,0.005220
scipy-powell,cold,4,1117,16.7082,0.005218
scipy-powell,cold,4,1119,16.7399,0.005217
scipy-powell,cold,4,1120,16.7560,0.005217
scipy-powell,cold,4,1121,16.7714,0.005217
scipy-powell,cold,4,1123,16.8029,0.005217
scipy-powell,cold,4,1125,16.8343,0.005217
scipy-powell,cold,4,1126,16.8482,0.005217
scipy-powell,cold,4,1133,16.9530,0.005210
scipy-powell,cold,4,1134,16.9685,0.005205
scipy-powell,cold,4,1135,16.9843,0.005202
scipy-powell,cold,4,1136,16.9995,0.005200
scipy-powell,cold,4,1137,17.0170,0.005199
scipy-powell,cold,4,1138,17.0379,0.005198
scipy-powell,cold,4,1139,17.0553,0.005197
scipy-powell,cold,4,1140,17.0760,0.005197
scipy-powell,cold,4,1141,17.0982,0.005197
scipy-powell,cold,4,1142,17.1163,0.005197
scipy-powell,cold,4,1143,17.1333,0.005196
scipy-powell,cold,4,1144,17.1500,0.005196
scipy-powell,cold,4,1145,17.1652,0.005196
scipy-powell,cold,4,1146,17.1809,0.005196
scipy-powell,cold,4,1147,17.1963,0.005196
scipy-powell,cold,4,1148,17.2111,0.005196
scipy-powell,cold,4,1149,17.2264,0.005196
scipy-powell,cold,4,1150,17.2418,0.005196
scipy-powell,cold,4,1151,17.2563,0.005196
scipy-powell,cold,4,1152,17.2703,0.005196
scipy-powell,cold,4,1153,17.2861,0.005196
scipy-powell,cold,4,1154,17.3008,0.005196
scipy-powell,cold,4,1155,17.3147,0.005196
scipy-powell,cold,4,1156,17.3295,0.005196
scipy-powell,cold,4,1157,17.3444,0.005196
scipy-powell,cold,4,1158,17.3589,0.005196
scipy-powell,cold,4,1159,17.3740,0.005196
scipy-powell,cold,4,1160,17.3896,0.005196
scipy-powell,cold,4,1161,17.4050,0.005196
scipy-powell,cold,4,1162,17.4207,0.005196
scipy-powell,cold,4,1163,17.4361,0.005196
scipy-powell,cold,4,1164,17.4513,0.005196
scipy-powell,cold,4,1165,17.4668,0.005196
scipy-powell,cold,4,1166,17.4813,0.005196
scipy-powell,cold,4,1167,17.4962,0.005196
scipy-powell,cold,4,1168,17.5139,0.005196
scipy-powell,cold,4,1169,17.5318,0.005164
scipy-powell,cold,4,1174,17.6185,0.005164
scipy-powell,cold,4,1176,17.6520,0.005164
scipy-powell,cold,4,1191,17.8930,0.005164
scipy-powell,cold,4,1192,17.9089,0.005163
scipy-powell,cold,4,1193,17.9247,0.005163
scipy-powell,cold,4,1194,17.9409,0.005163
scipy-powell,cold,4,1195,17.9557,0.005163
scipy-powell,cold,4,1196,17.9719,0.005163
scipy-powell,cold,4,1197,17.9875,0.005163
scipy-powell,cold,4,1198,18.0029,0.005163
scipy-powell,cold,4,1199,18.0179,0.005163
scipy-powell,cold,4,1200,18.0325,0.005163
scipy-powell,cold,4,1201,18.0474,0.005163
scipy-powell,cold,4,1202,18.0619,0.005163
scipy-powell,cold,4,1203,18.0769,0.005163
scipy-powell,cold,4,1204,18.0922,0.005163
scipy-powell,cold,4,1205,18.1086,0.005163
scipy-powell,cold,4,1206,18.1240,0.005163
scipy-powell,cold,4,1207,18.1390,0.005163
scipy-powell,cold,4,1208,18.1557,0.005163
scipy-powell,cold,4,1209,18.1712,0.005163
scipy-powell,cold,4,1210,18.1875,0.005163
scipy-powell,cold,4,1211,18.2047,0.005163
scipy-powell,cold,4,1212,18.2198,0.005163
scipy-powell,cold,4,1213,18.2355,0.005163
scipy-powell,cold,4,1214,18.2513,0.005163
scipy-powell,cold,4,1215,18.2659,0.005163
scipy-powell,cold,4,1216,18.2810,0.005163
scipy-powell,cold,4,1217,18.2965,0.005163
scipy-powell,cold,4,1218,18.3121,0.005163
scipy-powell,cold,4,1219,18.3269,0.005163
scipy-powell,cold,4,1220,18.3415,0.005163
scipy-powell,cold,4,1221,18.3562,0.005163
scipy-powell,cold,4,1222,18.3716,0.005163
scipy-powell,cold,4,1223,18.3883,0.005163
scipy-powell,cold,4,1227,18.4534,0.005163
scipy-powell,cold,4,1228,18.4706,0.005163
scipy-powell,cold,4,1229,18.4877,0.005163
scipy-powell,cold,4,1230,18.5073,0.005163
scipy-powell,cold,4,1231,18.5233,0.005163
scipy-powell,cold,4,1232,18.5385,0.005163
scipy-powell,cold,4,1241,18.6726,0.005163
scipy-powell,cold,4,1242,18.6875,0.005162
scipy-powell,cold,4,1243,18.7015,0.005161
scipy-powell,cold,4,1244,18.7167,0.005160
scipy-powell,cold,4,1245,18.7307,0.005159
scipy-powell,cold,4,1246,18.7461,0.005159
scipy-powell,cold,4,1247,18.7606,0.005159
scipy-powell,cold,4,1248,18.7759,0.005159
scipy-powell,cold,4,1249,18.7913,0.005159
scipy-powell,cold,4,1250,18.8053,0.005159
scipy-powell,cold,4,1251,18.8194,0.005159
scipy-powell,cold,4,1252,18.8335,0.005159
scipy-powell,cold,4,1253,18.8483,0.005159
scipy-powell,cold,4,1254,18.8634,0.005159
scipy-powell,cold,4,1255,18.8797,0.005159
scipy-powell,cold,4,1256,18.8959,0.005159
scipy-powell,cold,4,1257,18.9119,0.005159
scipy-powell,cold,4,1258,18.9279,0.005159
scipy-powell,cold,4,1259,18.9438,0.005159
scipy-powell,cold,4,1260,18.9589,0.005159
scipy-powell,cold,4,1261,18.9747,0.005159
scipy-powell,cold,4,1262,18.9902,0.005159
scipy-powell,cold,4,1263,19.0059,0.005159
scipy-powell,cold,4,1264,19.0210,0.005159
scipy-powell,cold,4,1265,19.0366,0.005159
scipy-powell,cold,4,1266,19.0523,0.005159
scipy-powell,cold,4,1267,19.0700,0.005159
scipy-powell,cold,4,1268,19.0859,0.005159
scipy-powell,cold,4,1269,19.1019,0.005159
scipy-powell,cold,4,1270,19.1175,0.005159
scipy-powell,cold,4,1271,19.1333,0.005159
scipy-powell,cold,4,1272,19.1486,0.005159
scipy-powell,cold,4,1273,19.1639,0.005159
scipy-powell,cold,4,1274,19.1795,0.005159
scipy-powell,cold,4,1275,19.1943,0.005159
scipy-powell,cold,4,1276,19.2094,0.005159
scipy-powell,cold,4,1277,19.2245,0.005159
scipy-powell,cold,4,1278,19.2401,0.005155
scipy-powell,cold,4,1280,19.2705,0.005154
scipy-powell,cold,4,1281,19.2861,0.005153
scipy-powell,cold,4,1282,19.3012,0.005153
scipy-powell,cold,4,1284,19.3319,0.005152
scipy-powell,cold,4,1285,19.3480,0.005152
scipy-powell,cold,4,1286,19.3631,0.005152
scipy-powell,cold,4,1287,19.3785,0.005152
scipy-powell,cold,4,1288,19.3940,0.005152
scipy-powell,cold,4,1289,19.4097,0.005152
scipy-powell,cold,4,1291,19.4418,0.005152
scipy-powell,cold,4,1292,19.4573,0.005152
scipy-powell,cold,4,1295,19.5034,0.005150
scipy-powell,cold,4,1296,19.5192,0.005150
scipy-powell,cold,4,1299,19.5649,0.005150
scipy-powell,cold,4,1300,19.5804,0.005150
scipy-powell,cold,4,1301,19.5974,0.005150
scipy-powell,cold,4,1302,19.6133,0.005150
scipy-powell,cold,4,1305,19.6608,0.005150
scipy-powell,cold,4,1320,19.8884,0.005150
scipy-powell,cold,4,1321,19.9042,0.005150
scipy-powell,cold,4,1322,19.9202,0.005150
scipy-powell,cold,4,1323,19.9358,0.005150
scipy-powell,cold,4,1324,19.9500,0.005150
scipy-powell,cold,4,1325,19.9645,0.005150
scipy-powell,cold,4,1326,19.9799,0.005150
scipy-powell,cold,4,1327,19.9950,0.005150
scipy-powell,cold,4,1328,20.0100,0.005150
scipy-powell,cold,4,1329,20.0253,0.005150
scipy-powell,cold,4,1330,20.0422,0.005150
scipy-powell,cold,4,1331,20.0585,0.005150
scipy-powell,cold,4,1332,20.0735,0.005150
scipy-powell,cold,4,1333,20.0890,0.005150
scipy-powell,cold,4,1334,20.1064,0.005150
scipy-powell,cold,4,1335,20.1220,0.005150
scipy-powell,cold,4,1336,20.1378,0.005150
scipy-powell,cold,4,1337,20.1562,0.005150
scipy-powell,cold,4,1338,20.1728,0.005150
scipy-powell,cold,4,1339,20.1888,0.005150
scipy-powell,cold,4,1340,20.2046,0.005150
scipy-powell,cold,4,1341,20.2196,0.005150
scipy-powell,cold,4,1342,20.2362,0.005150
scipy-powell,cold,4,1343,20.2512,0.005150
scipy-powell,cold,4,1344,20.2664,0.005150
scipy-powell,cold,4,1345,20.2817,0.005150
scipy-powell,cold,4,1346,20.2969,0.005150
scipy-powell,cold,4,1347,20.3123,0.005150
scipy-powell,cold,4,1348,20.3288,0.005149
scipy-powell,cold,4,1349,20.3444,0.005136
scipy-powell,cold,4,1350,20.3604,0.005128
scipy-powell,cold,4,1351,20.3777,0.005127
scipy-powell,cold,4,1353,20.4088,0.005127
scipy-powell,cold,4,1354,20.4247,0.005127
scipy-powell,cold,4,1355,20.4402,0.005127
scipy-powell,cold,4,1356,20.4551,0.005127
scipy-powell,cold,4,1357,20.4704,0.005127
scipy-powell,cold,4,1360,20.5150,0.005127
scipy-powell,cold,4,1368,20.6384,0.005126
scipy-powell,cold,4,1369,20.6543,0.005126
scipy-powell,cold,4,1370,20.6696,0.005126
scipy-powell,cold,4,1371,20.6861,0.005126
scipy-powell,cold,4,1372,20.7020,0.005126
scipy-powell,cold,4,1374,20.7332,0.005126
scipy-powell,cold,4,1375,20.7493,0.005126
scipy-powell,cold,4,1376,20.7658,0.005126
scipy-powell,cold,4,1386,20.9139,0.005126
scipy-powell,cold,4,1387,20.9283,0.005126
scipy-powell,cold,4,1388,20.9442,0.005126
scipy-powell,cold,4,1389,20.9591,0.005126
scipy-powell,cold,4,1390,20.9734,0.005126
scipy-powell,cold,4,1391,20.9890,0.005126
scipy-powell,cold,4,1392,21.0061,0.005126
scipy-powell,cold,4,1393,21.0218,0.005126
scipy-powell,cold,4,1394,21.0375,0.005126
scipy-powell,cold,4,1395,21.0528,0.005126
scipy-powell,cold,4,1396,21.0682,0.005126
scipy-powell,cold,4,1397,21.0832,0.005126
scipy-powell,cold,4,1398,21.0989,0.005126
scipy-powell,cold,4,1399,21.1153,0.005126
scipy-powell,cold,4,1400,21.1308,0.005126
scipy-powell,cold,4,1401,21.1468,0.005126
scipy-powell,cold,4,1402,21.1617,0.005126
scipy-powell,cold,4,1403,21.1774,0.005126
scipy-powell,cold,4,1404,21.1931,0.005126
scipy-powell,cold,4,1405,21.2080,0.005126
scipy-powell,cold,4,1406,21.2230,0.005126
scipy-powell,cold,4,1407,21.2388,0.005126
scipy-powell,cold,4,1408,21.2537,0.005126
scipy-powell,cold,4,1409,21.2697,0.005126
scipy-powell,cold,4,1410,21.2874,0.005126
scipy-powell,cold,4,1411,21.3052,0.005126
scipy-powell,cold,4,1412,21.3220,0.005126
scipy-powell,cold,4,1413,21.3406,0.005126
scipy-powell,cold,4,1414,21.3570,0.005126
scipy-powell,cold,4,1415,21.3753,0.005126
scipy-powell,cold,4,1416,21.3917,0.005126
scipy-powell,cold,4,1417,21.4087,0.005126
scipy-powell,cold,4,1418,21.4240,0.005126
scipy-powell,cold,4,1419,21.4415,0.005126
scipy-powell,cold,4,1420,21.4593,0.005126
scipy-powell,cold,4,1421,21.4760,0.005125
scipy-powell,cold,4,1424,21.5221,0.005125
scipy-powell,cold,4,1426,21.5518,0.005125
scipy-powell,cold,4,1427,21.5675,0.005125
scipy-powell,cold,4,1428,21.5816,0.005125
scipy-powell,cold,4,1442,21.7928,0.005125
scipy-powell,cold,4,1444,21.8219,0.005125
scipy-powell,cold,4,1456,22.0042,0.005124
scipy-powell,cold,4,1460,22.0661,0.005124
scipy-powell,cold,4,1462,22.0997,0.005124
scipy-powell,cold,4,1463,22.1160,0.005124
scipy-powell,cold,4,1464,22.1317,0.005124
scipy-powell,cold,4,1465,22.1474,0.005124
scipy-powell,cold,4,1467,22.1793,0.005124
scipy-powell,cold,4,1468,22.1958,0.005124
scipy-powell,cold,4,1470,22.2258,0.005081
scipy-powell,cold,4,1471,22.2420,0.005048
scipy-powell,cold,4,1472,22.2603,0.005040
scipy-powell,cold,4,1473,22.2758,0.005040
scipy-powell,cold,4,1474,22.2901,0.005040
scipy-powell,cold,4,1475,22.3092,0.005040
scipy-powell,cold,4,1476,22.3246,0.005040
scipy-powell,cold,4,1477,22.3401,0.005040
scipy-powell,cold,4,1478,22.3545,0.005040
scipy-powell,cold,4,1485,22.4570,0.005038
scipy-powell,cold,4,1489,22.5197,0.005037
scipy-powell,cold,4,1491,22.5500,0.005037
scipy-powell,cold,4,1492,22.5651,0.005037
scipy-powell,cold,4,1493,22.5822,0.005037
scipy-powell,cold,4,1496,22.6299,0.005037
scipy-powell,cold,4,1501,22.7037,0.005032
scipy-powell,cold,4,1504,22.7488,0.005032
scipy-powell,cold,4,1506,22.7837,0.005032
scipy-powell,cold,4,1508,22.8186,0.005032
scipy-powell,cold,4,1509,22.8393,0.005032
scipy-powell,cold,4,1510,22.8607,0.005032
scipy-powell,cold,4,1513,22.9118,0.005032
scipy-powell,cold,4,1518,22.9850,0.005029
scipy-powell,cold,4,1520,23.0147,0.005028
scipy-powell,cold,4,1522,23.0467,0.005028
scipy-powell,cold,4,1523,23.0612,0.005028
scipy-powell,cold,4,1524,23.0769,0.005028
scipy-powell,cold,4,1525,23.0931,0.005028
scipy-powell,cold,4,1526,23.1099,0.005028
scipy-powell,cold,4,1528,23.1418,0.005028
scipy-powell,cold,4,1534,23.2387,0.005024
scipy-powell,cold,4,1535,23.2548,0.005019
scipy-powell,cold,4,1536,23.2706,0.005016
scipy-powell,cold,4,1537,23.2863,0.005013
scipy-powell,cold,4,1538,23.3017,0.005012
scipy-powell,cold,4,1539,23.3178,0.005011
scipy-powell,cold,4,1540,23.3323,0.005010
scipy-powell,cold,4,1541,23.3483,0.005009
scipy-powell,cold,4,1542,23.3630,0.005009
scipy-powell,cold,4,1543,23.3771,0.005009
scipy-powell,cold,4,1544,23.3925,0.005009
scipy-powell,cold,4,1545,23.4070,0.005009
scipy-powell,cold,4,1546,23.4215,0.005009
scipy-powell,cold,4,1547,23.4357,0.005009
scipy-powell,cold,4,1548,23.4505,0.005009
scipy-powell,cold,4,1549,23.4647,0.005009
scipy-powell,cold,4,1550,23.4798,0.005009
scipy-powell,cold,4,1551,23.4980,0.005009
scipy-powell,cold,4,1552,23.5202,0.005009
scipy-powell,cold,4,1553,23.5410,0.005009
scipy-powell,cold,4,1554,23.5597,0.005009
scipy-powell,cold,4,1555,23.5819,0.005009
scipy-powell,cold,4,1556,23.6039,0.005009
scipy-powell,cold,4,1557,23.6201,0.005009
scipy-powell,cold,4,1558,23.6367,0.005009
scipy-powell,cold,4,1559,23.6521,0.005009
scipy-powell,cold,4,1560,23.6667,0.005009
scipy-powell,cold,4,1561,23.6819,0.005009
scipy-powell,cold,4,1562,23.6960,0.005009
scipy-powell,cold,4,1563,23.7107,0.005009
scipy-powell,cold,4,1564,23.7265,0.005009
scipy-powell,cold,4,1565,23.7488,0.005009
scipy-powell,cold,4,1566,23.7697,0.005009
scipy-powell,cold,4,1567,23.7909,0.005009
scipy-powell,cold,4,1568,23.8118,0.004971
scipy-powell,cold,4,1570,23.8515,0.004923
scipy-powell,cold,4,1571,23.8699,0.004910
scipy-powell,cold,4,1573,23.8988,0.004910
scipy-powell,cold,4,1575,23.9256,0.004909
scipy-powell,cold,4,1577,23.9536,0.004909
scipy-powell,cold,4,1578,23.9672,0.004909
scipy-powell,cold,4,1579,23.9810,0.004909
scipy-powell,cold,4,1580,23.9955,0.004909
scipy-powell,cold,4,1587,24.1064,0.004909
scipy-powell,cold,4,1592,24.1777,0.004905
scipy-powell,cold,4,1593,24.1915,0.004867
scipy-powell,cold,4,1594,24.2069,0.004843
scipy-powell,cold,4,1595,24.2225,0.004829
scipy-powell,cold,4,1596,24.2384,0.004821
scipy-powell,cold,4,1597,24.2532,0.004816
scipy-powell,cold,4,1598,24.2687,0.004813
scipy-powell,cold,4,1599,24.2831,0.004811
scipy-powell,cold,4,1600,24.2980,0.004810
scipy-powell,cold,4,1601,24.3131,0.004810
scipy-powell,cold,4,1602,24.3273,0.004809
scipy-powell,cold,4,1603,24.3425,0.004809
scipy-powell,cold,4,1604,24.3570,0.004809
scipy-powell,cold,4,1605,24.3720,0.004809
scipy-powell,cold,4,1606,24.3872,0.004809
scipy-powell,cold,4,1607,24.4029,0.004808
scipy-powell,cold,4,1608,24.4204,0.004808
scipy-powell,cold,4,1609,24.4368,0.004808
scipy-powell,cold,4,1610,24.4517,0.004808
scipy-powell,cold,4,1611,24.4670,0.004808
scipy-powell,cold,4,1612,24.4818,0.004808
scipy-powell,cold,4,1613,24.4967,0.004808
scipy-powell,cold,4,1614,24.5113,0.004808
scipy-powell,cold,4,1615,24.5259,0.004808
scipy-powell,cold,4,1616,24.5403,0.004808
scipy-powell,cold,4,1617,24.5554,0.004808
scipy-powell,cold,4,1618,24.5704,0.004808
scipy-powell,cold,4,1619,24.5853,0.004808
scipy-powell,cold,4,1620,24.6007,0.004808
scipy-powell,cold,4,1621,24.6149,0.004808
scipy-powell,cold,4,1622,24.6286,0.004808
scipy-powell,cold,4,1623,24.6447,0.004808
scipy-powell,cold,4,1624,24.6627,0.004808
scipy-powell,cold,4,1625,24.6810,0.004808
scipy-powell,cold,4,1626,24.6965,0.004808
scipy-powell,cold,4,1627,24.7118,0.004808
scipy-powell,cold,4,1631,24.7727,0.004772
scipy-powell,cold,4,1632,24.7875,0.004768
scipy-powell,cold,4,1633,24.8025,0.004764
scipy-powell,cold,4,1635,24.8354,0.004764
scipy-powell,cold,4,1636,24.8513,0.004764
scipy-powell,cold,4,1637,24.8655,0.004764
scipy-powell,cold,4,1638,24.8803,0.004764
scipy-powell,cold,4,1643,24.9590,0.004764
scipy-powell,cold,5,0,0.0000,0.006533
scipy-powell,cold,5,2,0.0450,0.006317
scipy-powell,cold,5,4,0.0754,0.006316
scipy-powell,cold,5,5,0.0901,0.006310
scipy-powell,cold,5,7,0.1199,0.006310
scipy-powell,cold,5,9,0.1507,0.006310
scipy-powell,cold,5,11,0.1807,0.006310
scipy-powell,cold,5,12,0.1945,0.006310
scipy-powell,cold,5,13,0.2092,0.006310
scipy-powell,cold,5,26,0.4067,0.006309
scipy-powell,cold,5,27,0.4222,0.006309
scipy-powell,cold,5,28,0.4373,0.006309
scipy-powell,cold,5,29,0.4525,0.006309
scipy-powell,cold,5,30,0.4679,0.006309
scipy-powell,cold,5,31,0.4838,0.006309
scipy-powell,cold,5,35,0.5451,0.006309
scipy-powell,cold,5,45,0.6966,0.006309
scipy-powell,cold,5,46,0.7142,0.006309
scipy-powell,cold,5,47,0.7291,0.006309
scipy-powell,cold,5,48,0.7433,0.006309
scipy-powell,cold,5,49,0.7582,0.006309
scipy-powell,cold,5,50,0.7732,0.006309
scipy-powell,cold,5,57,0.8792,0.006309
scipy-powell,cold,5,59,0.9086,0.006309
scipy-powell,cold,5,60,0.9229,0.006309
scipy-powell,cold,5,61,0.9378,0.006309
scipy-powell,cold,5,62,0.9527,0.006309
scipy-powell,cold,5,63,0.9673,0.006309
scipy-powell,cold,5,64,0.9823,0.006309
scipy-powell,cold,5,72,1.1001,0.006308
scipy-powell,cold,5,75,1.1442,0.006308
scipy-powell,cold,5,77,1.1747,0.006308
scipy-powell,cold,5,78,1.1915,0.006308
scipy-powell,cold,5,79,1.2069,0.006308
scipy-powell,cold,5,80,1.2229,0.006308
scipy-powell,cold,5,81,1.2400,0.006308
scipy-powell,cold,5,96,1.5376,0.006308
scipy-powell,cold,5,104,1.6965,0.006307
scipy-powell,cold,5,105,1.7118,0.006307
scipy-powell,cold,5,106,1.7259,0.006307
scipy-powell,cold,5,108,1.7555,0.006307
scipy-powell,cold,5,109,1.7705,0.006307
scipy-powell,cold,5,110,1.7861,0.006307
scipy-powell,cold,5,111,1.8015,0.006307
scipy-powell,cold,5,114,1.8470,0.006307
scipy-powell,cold,5,116,1.8773,0.006307
scipy-powell,cold,5,117,1.8923,0.006306
scipy-powell,cold,5,118,1.9073,0.006305
scipy-powell,cold,5,119,1.9221,0.006305
scipy-powell,cold,5,120,1.9381,0.006305
scipy-powell,cold,5,121,1.9539,0.006305
scipy-powell,cold,5,122,1.9706,0.006305
scipy-powell,cold,5,151,2.3900,0.006305
scipy-powell,cold,5,152,2.4038,0.006305
scipy-powell,cold,5,153,2.4179,0.006305
scipy-powell,cold,5,154,2.4327,0.006305
scipy-powell,cold,5,155,2.4472,0.006305
scipy-powell,cold,5,156,2.4623,0.006305
scipy-powell,cold,5,157,2.4790,0.006305
scipy-powell,cold,5,158,2.4936,0.006305
scipy-powell,cold,5,159,2.5079,0.006305
scipy-powell,cold,5,160,2.5220,0.006305
scipy-powell,cold,5,161,2.5373,0.006305
scipy-powell,cold,5,162,2.5510,0.006305
scipy-powell,cold,5,163,2.5646,0.006305
scipy-powell,cold,5,164,2.5786,0.006305
scipy-powell,cold,5,165,2.5944,0.006305
scipy-powell,cold,5,166,2.6087,0.006305
scipy-powell,cold,5,167,2.6235,0.006305
scipy-powell,cold,5,168,2.6382,0.006305
scipy-powell,cold,5,169,2.6522,0.006305
scipy-powell,cold,5,170,2.6663,0.006305
scipy-powell,cold,5,171,2.6823,0.006305
scipy-powell,cold,5,172,2.6970,0.006305
scipy-powell,cold,5,173,2.7127,0.006305
scipy-powell,cold,5,174,2.7294,0.006305
scipy-powell,cold,5,175,2.7466,0.006305
scipy-powell,cold,5,176,2.7647,0.006305
scipy-powell,cold,5,177,2.7856,0.006305
scipy-powell,cold,5,178,2.8061,0.006305
scipy-powell,cold,5,179,2.8255,0.006305
scipy-powell,cold,5,180,2.8461,0.006305
scipy-powell,cold,5,181,2.8658,0.006305
scipy-powell,cold,5,182,2.8864,0.006305
scipy-powell,cold,5,183,2.9085,0.006305
scipy-powell,cold,5,184,2.9293,0.006305
scipy-powell,cold,5,187,2.9884,0.006305
scipy-powell,cold,5,188,3.0043,0.006305
scipy-powell,cold,5,189,3.0193,0.006305
scipy-powell,cold,5,190,3.0357,0.006305
scipy-powell,cold,5,191,3.0503,0.006305
scipy-powell,cold,5,192,3.0663,0.006305
scipy-powell,cold,5,193,3.0819,0.006305
scipy-powell,cold,5,194,3.0968,0.006305
scipy-powell,cold,5,195,3.1121,0.006305
scipy-powell,cold,5,196,3.1278,0.006305
scipy-powell,cold,5,197,3.1420,0.006305
scipy-powell,cold,5,198,3.1573,0.006305
scipy-powell,cold,5,199,3.1728,0.006305
scipy-powell,cold,5,200,3.1869,0.006305
scipy-powell,cold,5,201,3.2014,0.006305
scipy-powell,cold,5,202,3.2150,0.006305
scipy-powell,cold,5,203,3.2288,0.006305
scipy-powell,cold,5,204,3.2433,0.006305
scipy-powell,cold,5,205,3.2584,0.006305
scipy-powell,cold,5,206,3.2728,0.006305
scipy-powell,cold,5,207,3.2865,0.006305
scipy-powell,cold,5,208,3.3000,0.006305
scipy-powell,cold,5,209,3.3139,0.006305
scipy-powell,cold,5,210,3.3278,0.006305
scipy-powell,cold,5,211,3.3425,0.006305
scipy-powell,cold,5,212,3.3561,0.006305
scipy-powell,cold,5,213,3.3703,0.006305
scipy-powell,cold,5,214,3.3849,0.006305
scipy-powell,cold,5,215,3.3994,0.006305
scipy-powell,cold,5,216,3.4144,0.006305
scipy-powell,cold,5,217,3.4289,0.006305
scipy-powell,cold,5,218,3.4447,0.006305
scipy-powell,cold,5,219,3.4611,0.006305
scipy-powell,cold,5,220,3.4756,0.006305
scipy-powell,cold,5,221,3.4904,0.006305
scipy-powell,cold,5,222,3.5056,0.006305
scipy-powell,cold,5,223,3.5202,0.006304
scipy-powell,cold,5,225,3.5509,0.006304
scipy-powell,cold,5,226,3.5647,0.006304
scipy-powell,cold,5,227,3.5786,0.006304
scipy-powell,cold,5,228,3.5928,0.006304
scipy-powell,cold,5,231,3.6367,0.006304
scipy-powell,cold,5,232,3.6516,0.006304
scipy-powell,cold,5,234,3.6812,0.006304
scipy-powell,cold,5,235,3.6949,0.006304
scipy-powell,cold,5,236,3.7094,0.006304
scipy-powell,cold,5,237,3.7229,0.006304
scipy-powell,cold,5,243,3.8098,0.006304
scipy-powell,cold,5,251,3.9254,0.006303
scipy-powell,cold,5,252,3.9412,0.006303
scipy-powell,cold,5,253,3.9568,0.006302
scipy-powell,cold,5,254,3.9725,0.006302
scipy-powell,cold,5,255,3.9885,0.006302
scipy-powell,cold,5,256,4.0041,0.006302
scipy-powell,cold,5,257,4.0192,0.006302
scipy-powell,cold,5,258,4.0333,0.006302
scipy-powell,cold,5,259,4.0483,0.006302
scipy-powell,cold,5,260,4.0638,0.006302
scipy-powell,cold,5,261,4.0785,0.006302
scipy-powell,cold,5,262,4.0929,0.006302
scipy-powell,cold,5,263,4.1076,0.006302
scipy-powell,cold,5,264,4.1229,0.006302
scipy-powell,cold,5,265,4.1383,0.006302
scipy-powell,cold,5,266,4.1541,0.006302
scipy-powell,cold,5,267,4.1688,0.006302
scipy-powell,cold,5,268,4.1853,0.006302
scipy-powell,cold,5,269,4.1996,0.006302
scipy-powell,cold,5,270,4.2138,0.006302
scipy-powell,cold,5,271,4.2292,0.006302
scipy-powell,cold,5,272,4.2450,0.006302
scipy-powell,cold,5,273,4.2613,0.006302
scipy-powell,cold,5,274,4.2765,0.006302
scipy-powell,cold,5,275,4.2912,0.006302
scipy-powell,cold,5,276,4.3075,0.006302
scipy-powell,cold,5,277,4.3233,0.006302
scipy-powell,cold,5,278,4.3407,0.006302
scipy-powell,cold,5,279,4.3610,0.006302
scipy-powell,cold,5,280,4.3807,0.006302
scipy-powell,cold,5,281,4.3984,0.006302
scipy-powell,cold,5,282,4.4150,0.006302
scipy-powell,cold,5,283,4.4312,0.006302
scipy-powell,cold,5,284,4.4458,0.006302
scipy-powell,cold,5,285,4.4638,0.006302
scipy-powell,cold,5,289,4.5326,0.006302
scipy-powell,cold,5,290,4.5464,0.006302
scipy-powell,cold,5,292,4.5754,0.006302
scipy-powell,cold,5,293,4.5894,0.006302
scipy-powell,cold,5,294,4.6040,0.006302
scipy-powell,cold,5,296,4.6327,0.006302
scipy-powell,cold,5,297,4.6461,0.006302
scipy-powell,cold,5,298,4.6606,0.006302
scipy-powell,cold,5,299,4.6744,0.006302
scipy-powell,cold,5,300,4.6886,0.006302
scipy-powell,cold,5,301,4.7020,0.006302
scipy-powell,cold,5,303,4.7290,0.006302
scipy-powell,cold,5,309,4.8167,0.006302
scipy-powell,cold,5,310,4.8309,0.006301
scipy-powell,cold,5,311,4.8453,0.006301
scipy-powell,cold,5,312,4.8589,0.006300
scipy-powell,cold,5,313,4.8726,0.006300
scipy-powell,cold,5,314,4.8861,0.006300
scipy-powell,cold,5,315,4.8997,0.006300
scipy-powell,cold,5,316,4.9131,0.006300
scipy-powell,cold,5,317,4.9281,0.006300
scipy-powell,cold,5,318,4.9419,0.006300
scipy-powell,cold,5,319,4.9557,0.006300
scipy-powell,cold,5,320,4.9692,0.006300
scipy-powell,cold,5,321,4.9828,0.006300
scipy-powell,cold,5,322,4.9966,0.006300
scipy-powell,cold,5,323,5.0105,0.006300
scipy-powell,cold,5,324,5.0250,0.006300
scipy-powell,cold,5,325,5.0390,0.006300
scipy-powell,cold,5,326,5.0528,0.006300
scipy-powell,cold,5,327,5.0671,0.006300
scipy-powell,cold,5,328,5.0823,0.006300
scipy-powell,cold,5,329,5.0966,0.006300
scipy-powell,cold,5,330,5.1112,0.006300
scipy-powell,cold,5,331,5.1263,0.006300
scipy-powell,cold,5,332,5.1405,0.006300
scipy-powell,cold,5,333,5.1556,0.006300
scipy-powell,cold,5,334,5.1707,0.006300
scipy-powell,cold,5,335,5.1864,0.006300
scipy-powell,cold,5,336,5.2017,0.006300
scipy-powell,cold,5,337,5.2168,0.006300
scipy-powell,cold,5,338,5.2310,0.006300
scipy-powell,cold,5,339,5.2461,0.006300
scipy-powell,cold,5,340,5.2610,0.006300
scipy-powell,cold,5,341,5.2765,0.006300
scipy-powell,cold,5,342,5.2930,0.006300
scipy-powell,cold,5,343,5.3085,0.006300
scipy-powell,cold,5,344,5.3245,0.006279
scipy-powell,cold,5,346,5.3533,0.006269
scipy-powell,cold,5,351,5.4275,0.006269
scipy-powell,cold,5,352,5.4425,0.006269
scipy-powell,cold,5,353,5.4575,0.006269
scipy-powell,cold,5,354,5.4715,0.006269
scipy-powell,cold,5,355,5.4862,0.006269
scipy-powell,cold,5,368,5.6787,0.006268
scipy-powell,cold,5,371,5.7235,0.006268
scipy-powell,cold,5,372,5.7385,0.006268
scipy-powell,cold,5,373,5.7545,0.006268
scipy-powell,cold,5,374,5.7705,0.006268
scipy-powell,cold,5,375,5.7864,0.006268
scipy-powell,cold,5,376,5.8031,0.006268
scipy-powell,cold,5,377,5.8196,0.006268
scipy-powell,cold,5,393,6.0615,0.006268
scipy-powell,cold,5,395,6.0925,0.006268
scipy-powell,cold,5,396,6.1079,0.006268
scipy-powell,cold,5,397,6.1231,0.006268
scipy-powell,cold,5,404,6.2256,0.006267
scipy-powell,cold,5,405,6.2397,0.006264
scipy-powell,cold,5,406,6.2543,0.006263
scipy-powell,cold,5,407,6.2688,0.006262
scipy-powell,cold,5,408,6.2838,0.006262
scipy-powell,cold,5,409,6.2976,0.006262
scipy-powell,cold,5,410,6.3160,0.006261
scipy-powell,cold,5,411,6.3321,0.006261
scipy-powell,cold,5,412,6.3514,0.006261
scipy-powell,cold,5,413,6.3667,0.006261
scipy-powell,cold,5,414,6.3819,0.006261
scipy-powell,cold,5,415,6.3965,0.006261
scipy-powell,cold,5,416,6.4109,0.006261
scipy-powell,cold,5,417,6.4271,0.006261
scipy-powell,cold,5,418,6.4468,0.006261
scipy-powell,cold,5,419,6.4633,0.006261
scipy-powell,cold,5,420,6.4782,0.006261
scipy-powell,cold,5,421,6.4925,0.006261
scipy-powell,cold,5,422,6.5065,0.006261
scipy-powell,cold,5,423,6.5209,0.006261
scipy-powell,cold,5,424,6.5350,0.006261
scipy-powell,cold,5,425,6.5495,0.006261
scipy-powell,cold,5,426,6.5636,0.006261
scipy-powell,cold,5,427,6.5785,0.006261
scipy-powell,cold,5,428,6.5932,0.006261
scipy-powell,cold,5,429,6.6087,0.006261
scipy-powell,cold,5,430,6.6232,0.006261
scipy-powell,cold,5,431,6.6380,0.006261
scipy-powell,cold,5,432,6.6530,0.006261
scipy-powell,cold,5,433,6.6667,0.006261
scipy-powell,cold,5,434,6.6805,0.006261
scipy-powell,cold,5,435,6.6940,0.006261
scipy-powell,cold,5,436,6.7078,0.006261
scipy-powell,cold,5,437,6.7214,0.006261
scipy-powell,cold,5,438,6.7347,0.006261
scipy-powell,cold,5,439,6.7505,0.006242
scipy-powell,cold,5,441,6.7807,0.006238
scipy-powell,cold,5,446,6.8499,0.006238
scipy-powell,cold,5,448,6.8792,0.006238
scipy-powell,cold,5,450,6.9092,0.006238
scipy-powell,cold,5,451,6.9247,0.006238
scipy-powell,cold,5,470,7.2075,0.006234
scipy-powell,cold,5,471,7.2226,0.006227
scipy-powell,cold,5,472,7.2361,0.006223
scipy-powell,cold,5,473,7.2489,0.006220
scipy-powell,cold,5,474,7.2627,0.006219
scipy-powell,cold,5,475,7.2764,0.006218
scipy-powell,cold,5,476,7.2902,0.006217
scipy-powell,cold,5,477,7.3042,0.006217
scipy-powell,cold,5,478,7.3188,0.006216
scipy-powell,cold,5,479,7.3339,0.006216
scipy-powell,cold,5,480,7.3484,0.006216
scipy-powell,cold,5,481,7.3626,0.006216
scipy-powell,cold,5,482,7.3765,0.006216
scipy-powell,cold,5,483,7.3909,0.006216
scipy-powell,cold,5,484,7.4059,0.006216
scipy-powell,cold,5,485,7.4205,0.006216
scipy-powell,cold,5,486,7.4347,0.006216
scipy-powell,cold,5,487,7.4505,0.006216
scipy-powell,cold,5,488,7.4672,0.006216
scipy-powell,cold,5,489,7.4826,0.006216
scipy-powell,cold,5,490,7.4983,0.006216
scipy-powell,cold,5,491,7.5152,0.006216
scipy-powell,cold,5,492,7.5298,0.006216
scipy-powell,cold,5,493,7.5462,0.006216
scipy-powell,cold,5,494,7.5607,0.006216
scipy-powell,cold,5,495,7.5755,0.006216
scipy-powell,cold,5,496,7.5931,0.006216
scipy-powell,cold,5,497,7.6088,0.006216
scipy-powell,cold,5,498,7.6230,0.006216
scipy-powell,cold,5,499,7.6374,0.006216
scipy-powell,cold,5,500,7.6524,0.006216
scipy-powell,cold,5,501,7.6699,0.006216
scipy-powell,cold,5,502,7.6850,0.006216
scipy-powell,cold,5,503,7.7006,0.006216
scipy-powell,cold,5,504,7.7145,0.006216
scipy-powell,cold,5,505,7.7285,0.006089
scipy-powell,cold,5,507,7.7570,0.006079
scipy-powell,cold,5,508,7.7724,0.006078
scipy-powell,cold,5,509,7.7867,0.006078
scipy-powell,cold,5,510,7.8019,0.006078
scipy-powell,cold,5,511,7.8162,0.006078
scipy-powell,cold,5,512,7.8306,0.006078
scipy-powell,cold,5,513,7.8451,0.006078
scipy-powell,cold,5,514,7.8600,0.006078
scipy-powell,cold,5,516,7.8907,0.006078
scipy-powell,cold,5,520,7.9477,0.006076
scipy-powell,cold,5,522,7.9757,0.006076
scipy-powell,cold,5,523,7.9888,0.006076
scipy-powell,cold,5,524,8.0033,0.006076
scipy-powell,cold,5,525,8.0170,0.006076
scipy-powell,cold,5,526,8.0302,0.006076
scipy-powell,cold,5,535,8.1601,0.006075
scipy-powell,cold,5,536,8.1749,0.006075
scipy-powell,cold,5,537,8.1904,0.006075
scipy-powell,cold,5,538,8.2050,0.006075
scipy-powell,cold,5,539,8.2227,0.006075
scipy-powell,cold,5,540,8.2392,0.006075
scipy-powell,cold,5,543,8.2864,0.006075
scipy-powell,cold,5,547,8.3549,0.006065
scipy-powell,cold,5,549,8.3927,0.006064
scipy-powell,cold,5,550,8.4141,0.006063
scipy-powell,cold,5,551,8.4324,0.006063
scipy-powell,cold,5,552,8.4525,0.006063
scipy-powell,cold,5,553,8.4705,0.006063
scipy-powell,cold,5,554,8.4898,0.006063
scipy-powell,cold,5,555,8.5085,0.006063
scipy-powell,cold,5,560,8.6034,0.006063
scipy-powell,cold,5,564,8.6690,0.006063
scipy-powell,cold,5,567,8.7179,0.006063
scipy-powell,cold,5,569,8.7567,0.006063
scipy-powell,cold,5,570,8.7756,0.006063
scipy-powell,cold,5,571,8.7957,0.006063
scipy-powell,cold,5,572,8.8149,0.006063
scipy-powell,cold,5,573,8.8353,0.006063
scipy-powell,cold,5,581,8.9819,0.006063
scipy-powell,cold,5,586,9.0543,0.006056
scipy-powell,cold,5,588,9.0836,0.006055
scipy-powell,cold,5,589,9.0975,0.006054
scipy-powell,cold,5,590,9.1123,0.006054
scipy-powell,cold,5,595,9.1839,0.006054
scipy-powell,cold,5,596,9.1985,0.006054
scipy-powell,cold,5,597,9.2139,0.006054
scipy-powell,cold,5,598,9.2287,0.006054
scipy-powell,cold,5,599,9.2436,0.006054
scipy-powell,cold,5,600,9.2570,0.006054
scipy-powell,cold,5,601,9.2719,0.006054
scipy-powell,cold,5,602,9.2873,0.006054
scipy-powell,cold,5,603,9.3015,0.006054
scipy-powell,cold,5,604,9.3161,0.006054
scipy-powell,cold,5,605,9.3313,0.006054
scipy-powell,cold,5,606,9.3478,0.006054
scipy-powell,cold,5,607,9.3659,0.006054
scipy-powell,cold,5,608,9.3864,0.006054
scipy-powell,cold,5,609,9.4048,0.006054
scipy-powell,cold,5,610,9.4210,0.006054
scipy-powell,cold,5,611,9.4383,0.006054
scipy-powell,cold,5,612,9.4528,0.006054
scipy-powell,cold,5,613,9.4682,0.006054
scipy-powell,cold,5,614,9.4829,0.006054
scipy-powell,cold,5,615,9.4977,0.006054
scipy-powell,cold,5,616,9.5126,0.006054
scipy-powell,cold,5,617,9.5279,0.006054
scipy-powell,cold,5,618,9.5450,0.006054
scipy-powell,cold,5,622,9.6019,0.006054
scipy-powell,cold,5,624,9.6289,0.006054
scipy-powell,cold,5,625,9.6427,0.006054
scipy-powell,cold,5,627,9.6723,0.006054
scipy-powell,cold,5,628,9.6866,0.006054
scipy-powell,cold,5,629,9.7006,0.006054
scipy-powell,cold,5,630,9.7152,0.006054
scipy-powell,cold,5,631,9.7301,0.006054
scipy-powell,cold,5,632,9.7447,0.006054
scipy-powell,cold,5,633,9.7588,0.006054
scipy-powell,cold,5,634,9.7740,0.006054
scipy-powell,cold,5,635,9.7893,0.006054
scipy-powell,cold,5,636,9.8042,0.006054
scipy-powell,cold,5,637,9.8194,0.006054
scipy-powell,cold,5,638,9.8344,0.006054
scipy-powell,cold,5,639,9.8489,0.006054
scipy-powell,cold,5,640,9.8633,0.006054
scipy-powell,cold,5,641,9.8775,0.006054
scipy-powell,cold,5,642,9.8923,0.006054
scipy-powell,cold,5,643,9.9063,0.006054
scipy-powell,cold,5,644,9.9206,0.006054
scipy-powell,cold,5,645,9.9345,0.006054
scipy-powell,cold,5,646,9.9485,0.006054
scipy-powell,cold,5,647,9.9633,0.006054
scipy-powell,cold,5,648,9.9770,0.006054
scipy-powell,cold,5,649,9.9910,0.006054
scipy-powell,cold,5,650,10.0066,0.006054
scipy-powell,cold,5,651,10.0219,0.006054
scipy-powell,cold,5,652,10.0388,0.006054
scipy-powell,cold,5,653,10.0543,0.006054
scipy-powell,cold,5,654,10.0699,0.006054
scipy-powell,cold,5,655,10.0844,0.006054
scipy-powell,cold,5,656,10.0992,0.006054
scipy-powell,cold,5,657,10.1147,0.006054
scipy-powell,cold,5,658,10.1314,0.006054
scipy-powell,cold,5,659,10.1470,0.006054
scipy-powell,cold,5,662,10.1956,0.006048
scipy-powell,cold,5,663,10.2119,0.006043
scipy-powell,cold,5,664,10.2272,0.006039
scipy-powell,cold,5,665,10.2426,0.006036
scipy-powell,cold,5,666,10.2578,0.006035
scipy-powell,cold,5,667,10.2746,0.006034
scipy-powell,cold,5,668,10.2892,0.006033
scipy-powell,cold,5,669,10.3025,0.006033
scipy-powell,cold,5,670,10.3175,0.006032
scipy-powell,cold,5,671,10.3322,0.006032
scipy-powell,cold,5,672,10.3457,0.006032
scipy-powell,cold,5,673,10.3598,0.006032
scipy-powell,cold,5,674,10.3752,0.006032
scipy-powell,cold,5,675,10.3898,0.006032
scipy-powell,cold,5,676,10.4037,0.006032
scipy-powell,cold,5,677,10.4189,0.006032
scipy-powell,cold,5,678,10.4350,0.006032
scipy-powell,cold,5,679,10.4512,0.006032
scipy-powell,cold,5,680,10.4675,0.006032
scipy-powell,cold,5,681,10.4846,0.006032
scipy-powell,cold,5,682,10.5001,0.006032
scipy-powell,cold,5,683,10.5148,0.006032
scipy-powell,cold,5,684,10.5308,0.006032
scipy-powell,cold,5,685,10.5470,0.006032
scipy-powell,cold,5,686,10.5626,0.006032
scipy-powell,cold,5,687,10.5782,0.006032
scipy-powell,cold,5,688,10.5936,0.006032
scipy-powell,cold,5,689,10.6083,0.006032
scipy-powell,cold,5,690,10.6235,0.006032
scipy-powell,cold,5,691,10.6393,0.006032
scipy-powell,cold,5,692,10.6561,0.006032
scipy-powell,cold,5,693,10.6746,0.006032
scipy-powell,cold,5,694,10.6901,0.006032
scipy-powell,cold,5,695,10.7057,0.006032
scipy-powell,cold,5,696,10.7218,0.006032
scipy-powell,cold,5,697,10.7366,0.006019
scipy-powell,cold,5,701,10.8094,0.006019
scipy-powell,cold,5,703,10.8451,0.006019
scipy-powell,cold,5,704,10.8638,0.006019
scipy-powell,cold,5,705,10.8834,0.006019
scipy-powell,cold,5,706,10.9044,0.006019
scipy-powell,cold,5,707,10.9254,0.006019
scipy-powell,cold,5,713,11.0202,0.006019
scipy-powell,cold,5,714,11.0354,0.005978
scipy-powell,cold,5,715,11.0500,0.005746
scipy-powell,cold,5,716,11.0650,0.005604
scipy-powell,cold,5,717,11.0812,0.005561
scipy-powell,cold,5,718,11.0951,0.005542
scipy-powell,cold,5,719,11.1090,0.005538
scipy-powell,cold,5,720,11.1238,0.005536
scipy-powell,cold,5,721,11.1393,0.005535
scipy-powell,cold,5,722,11.1557,0.005535
scipy-powell,cold,5,723,11.1789,0.005535
scipy-powell,cold,5,724,11.1995,0.005535
scipy-powell,cold,5,725,11.2144,0.005534
scipy-powell,cold,5,726,11.2293,0.005534
scipy-powell,cold,5,727,11.2437,0.005534
scipy-powell,cold,5,728,11.2580,0.005534
scipy-powell,cold,5,729,11.2722,0.005534
scipy-powell,cold,5,730,11.2855,0.005534
scipy-powell,cold,5,731,11.2988,0.005534
scipy-powell,cold,5,732,11.3123,0.005534
scipy-powell,cold,5,733,11.3259,0.005534
scipy-powell,cold,5,734,11.3404,0.005534
scipy-powell,cold,5,735,11.3540,0.005534
scipy-powell,cold,5,736,11.3674,0.005534
scipy-powell,cold,5,737,11.3813,0.005534
scipy-powell,cold,5,738,11.3945,0.005534
scipy-powell,cold,5,739,11.4084,0.005534
scipy-powell,cold,5,740,11.4227,0.005534
scipy-powell,cold,5,741,11.4366,0.005534
scipy-powell,cold,5,742,11.4508,0.005534
scipy-powell,cold,5,743,11.4652,0.005534
scipy-powell,cold,5,744,11.4798,0.005534
scipy-powell,cold,5,745,11.4940,0.005534
scipy-powell,cold,5,746,11.5083,0.005534
scipy-powell,cold,5,747,11.5224,0.005534
scipy-powell,cold,5,748,11.5367,0.005534
scipy-powell,cold,5,749,11.5508,0.005534
scipy-powell,cold,5,755,11.6430,0.005534
scipy-powell,cold,5,756,11.6585,0.005534
scipy-powell,cold,5,757,11.6746,0.005534
scipy-powell,cold,5,758,11.6909,0.005534
scipy-powell,cold,5,759,11.7063,0.005534
scipy-powell,cold,5,760,11.7226,0.005534
scipy-powell,cold,5,774,11.9276,0.005523
scipy-powell,cold,5,775,11.9423,0.005523
scipy-powell,cold,5,776,11.9565,0.005523
scipy-powell,cold,5,777,11.9699,0.005523
scipy-powell,cold,5,778,11.9844,0.005523
scipy-powell,cold,5,779,11.9992,0.005523
scipy-powell,cold,5,787,12.1221,0.005523
scipy-powell,cold,5,799,12.3090,0.005523
scipy-powell,cold,5,801,12.3393,0.005523
scipy-powell,cold,5,804,12.3827,0.005523
scipy-powell,cold,5,807,12.4269,0.005523
scipy-powell,cold,5,812,12.5032,0.005523
scipy-powell,cold,5,813,12.5173,0.005522
scipy-powell,cold,5,814,12.5320,0.005522
scipy-powell,cold,5,815,12.5477,0.005522
scipy-powell,cold,5,816,12.5625,0.005522
scipy-powell,cold,5,817,12.5782,0.005522
scipy-powell,cold,5,818,12.5927,0.005522
scipy-powell,cold,5,819,12.6081,0.005522
scipy-powell,cold,5,820,12.6225,0.005522
scipy-powell,cold,5,821,12.6372,0.005522
scipy-powell,cold,5,822,12.6520,0.005522
scipy-powell,cold,5,823,12.6672,0.005522
scipy-powell,cold,5,824,12.6818,0.005522
scipy-powell,cold,5,825,12.6964,0.005522
scipy-powell,cold,5,826,12.7107,0.005522
scipy-powell,cold,5,827,12.7259,0.005522
scipy-powell,cold,5,828,12.7407,0.005522
scipy-powell,cold,5,829,12.7549,0.005522
scipy-powell,cold,5,830,12.7699,0.005522
scipy-powell,cold,5,831,12.7859,0.005522
scipy-powell,cold,5,832,12.8005,0.005522
scipy-powell,cold,5,833,12.8153,0.005522
scipy-powell,cold,5,834,12.8300,0.005522
scipy-powell,cold,5,835,12.8448,0.005522
scipy-powell,cold,5,836,12.8598,0.005522
scipy-powell,cold,5,837,12.8737,0.005522
scipy-powell,cold,5,838,12.8883,0.005522
scipy-powell,cold,5,839,12.9033,0.005522
scipy-powell,cold,5,840,12.9179,0.005522
scipy-powell,cold,5,841,12.9319,0.005522
scipy-powell,cold,5,842,12.9463,0.005522
scipy-powell,cold,5,843,12.9617,0.005522
scipy-powell,cold,5,844,12.9752,0.005522
scipy-powell,cold,5,845,12.9891,0.005522
scipy-powell,cold,5,846,13.0046,0.005522
scipy-powell,cold,5,847,13.0185,0.005522
scipy-powell,cold,5,850,13.0617,0.005522
scipy-powell,cold,5,851,13.0755,0.005522
scipy-powell,cold,5,852,13.0902,0.005522
scipy-powell,cold,5,853,13.1041,0.005522
scipy-powell,cold,5,854,13.1187,0.005522
scipy-powell,cold,5,855,13.1335,0.005522
scipy-powell,cold,5,858,13.1779,0.005522
scipy-powell,cold,5,863,13.2515,0.005509
scipy-powell,cold,5,864,13.2663,0.005496
scipy-powell,cold,5,865,13.2810,0.005488
scipy-powell,cold,5,866,13.2965,0.005484
scipy-powell,cold,5,867,13.3114,0.005481
scipy-powell,cold,5,868,13.3266,0.005479
scipy-powell,cold,5,869,13.3408,0.005478
scipy-powell,cold,5,870,13.3567,0.005478
scipy-powell,cold,5,871,13.3712,0.005477
scipy-powell,cold,5,872,13.3864,0.005477
scipy-powell,cold,5,873,13.4013,0.005477
scipy-powell,cold,5,874,13.4225,0.005477
scipy-powell,cold,5,875,13.4376,0.005477
scipy-powell,cold,5,876,13.4534,0.005477
scipy-powell,cold,5,877,13.4695,0.005477
scipy-powell,cold,5,878,13.4838,0.005477
scipy-powell,cold,5,879,13.4984,0.005477
scipy-powell,cold,5,880,13.5142,0.005477
scipy-powell,cold,5,881,13.5293,0.005477
scipy-powell,cold,5,882,13.5436,0.005477
scipy-powell,cold,5,883,13.5594,0.005477
scipy-powell,cold,5,884,13.5746,0.005477
scipy-powell,cold,5,885,13.5896,0.005477
scipy-powell,cold,5,886,13.6047,0.005477
scipy-powell,cold,5,887,13.6207,0.005477
scipy-powell,cold,5,888,13.6376,0.005477
scipy-powell,cold,5,889,13.6523,0.005477
scipy-powell,cold,5,890,13.6673,0.005477
scipy-powell,cold,5,891,13.6816,0.005477
scipy-powell,cold,5,892,13.6968,0.005477
scipy-powell,cold,5,893,13.7130,0.005477
scipy-powell,cold,5,894,13.7281,0.005477
scipy-powell,cold,5,895,13.7428,0.005477
scipy-powell,cold,5,896,13.7581,0.005477
scipy-powell,cold,5,897,13.7728,0.005477
scipy-powell,cold,5,898,13.7879,0.005477
scipy-powell,cold,5,901,13.8349,0.005477
scipy-powell,cold,5,902,13.8507,0.005475
scipy-powell,cold,5,904,13.8833,0.005475
scipy-powell,cold,5,905,13.8984,0.005475
scipy-powell,cold,5,906,13.9142,0.005475
scipy-powell,cold,5,907,13.9286,0.005475
scipy-powell,cold,5,908,13.9435,0.005475
scipy-powell,cold,5,915,14.0500,0.005426
scipy-powell,cold,5,917,14.0818,0.005422
scipy-powell,cold,5,919,14.1119,0.005422
scipy-powell,cold,5,920,14.1266,0.005422
scipy-powell,cold,5,921,14.1425,0.005422
scipy-powell,cold,5,924,14.1901,0.005422
scipy-powell,cold,5,930,14.2876,0.005417
scipy-powell,cold,5,934,14.3550,0.005416
scipy-powell,cold,5,935,14.3720,0.005416
scipy-powell,cold,5,936,14.3888,0.005416
scipy-powell,cold,5,937,14.4039,0.005416
scipy-powell,cold,5,938,14.4196,0.005416
scipy-powell,cold,5,943,14.5001,0.005365
scipy-powell,cold,5,947,14.5668,0.005344
scipy-powell,cold,5,949,14.5968,0.005342
scipy-powell,cold,5,950,14.6115,0.005342
scipy-powell,cold,5,951,14.6260,0.005342
scipy-powell,cold,5,952,14.6406,0.005342
scipy-powell,cold,5,953,14.6564,0.005342
scipy-powell,cold,5,954,14.6732,0.005342
scipy-powell,cold,5,955,14.6907,0.005342
scipy-powell,cold,5,964,14.8367,0.005339
scipy-powell,cold,5,965,14.8534,0.005339
scipy-powell,cold,5,966,14.8707,0.005339
scipy-powell,cold,5,967,14.8860,0.005339
scipy-powell,cold,5,968,14.9015,0.005339
scipy-powell,cold,5,969,14.9185,0.005339
scipy-powell,cold,5,970,14.9339,0.005339
scipy-powell,cold,5,982,15.1164,0.005339
scipy-powell,cold,5,983,15.1318,0.005338
scipy-powell,cold,5,984,15.1478,0.005338
scipy-powell,cold,5,985,15.1631,0.005338
scipy-powell,cold,5,986,15.1785,0.005338
scipy-powell,cold,5,987,15.1939,0.005338
scipy-powell,cold,5,988,15.2091,0.005338
scipy-powell,cold,5,989,15.2245,0.005338
scipy-powell,cold,5,990,15.2400,0.005338
scipy-powell,cold,5,991,15.2558,0.005338
scipy-powell,cold,5,992,15.2708,0.005338
scipy-powell,cold,5,993,15.2859,0.005338
scipy-powell,cold,5,994,15.3003,0.005338
scipy-powell,cold,5,995,15.3149,0.005338
scipy-powell,cold,5,996,15.3318,0.005338
scipy-powell,cold,5,997,15.3475,0.005338
scipy-powell,cold,5,998,15.3625,0.005338
scipy-powell,cold,5,999,15.3777,0.005338
scipy-powell,cold,5,1000,15.3935,0.005338
scipy-powell,cold,5,1001,15.4077,0.005338
scipy-powell,cold,5,1002,15.4227,0.005338
scipy-powell,cold,5,1003,15.4388,0.005338
scipy-powell,cold,5,1004,15.4552,0.005338
scipy-powell,cold,5,1005,15.4713,0.005338
scipy-powell,cold,5,1006,15.4869,0.005338
scipy-powell,cold,5,1007,15.5029,0.005338
scipy-powell,cold,5,1008,15.5178,0.005338
scipy-powell,cold,5,1009,15.5328,0.005338
scipy-powell,cold,5,1010,15.5478,0.005338
scipy-powell,cold,5,1011,15.5623,0.005338
scipy-powell,cold,5,1012,15.5780,0.005338
scipy-powell,cold,5,1013,15.5932,0.005338
scipy-powell,cold,5,1014,15.6085,0.005338
scipy-powell,cold,5,1015,15.6235,0.005338
scipy-powell,cold,5,1016,15.6378,0.005338
scipy-powell,cold,5,1017,15.6531,0.005338
scipy-powell,cold,5,1018,15.6680,0.005338
scipy-powell,cold,5,1020,15.6982,0.005338
scipy-powell,cold,5,1022,15.7287,0.005338
scipy-powell,cold,5,1023,15.7433,0.005338
scipy-powell,cold,5,1024,15.7584,0.005338
scipy-powell,cold,5,1025,15.7733,0.005338
scipy-powell,cold,5,1026,15.7885,0.005338
scipy-powell,cold,5,1027,15.8039,0.005338
scipy-powell,cold,5,1028,15.8184,0.005338
scipy-powell,cold,5,1029,15.8335,0.005338
scipy-powell,cold,5,1030,15.8492,0.005338
scipy-powell,cold,5,1031,15.8651,0.005338
scipy-powell,cold,5,1032,15.8809,0.005338
scipy-powell,cold,5,1033,15.8965,0.005338
scipy-powell,cold,5,1034,15.9112,0.005338
scipy-powell,cold,5,1035,15.9261,0.005338
scipy-powell,cold,5,1036,15.9410,0.005338
scipy-powell,cold,5,1037,15.9554,0.005338
scipy-powell,cold,5,1038,15.9701,0.005338
scipy-powell,cold,5,1039,15.9847,0.005338
scipy-powell,cold,5,1040,15.9989,0.005338
scipy-powell,cold,5,1041,16.0136,0.005338
scipy-powell,cold,5,1042,16.0289,0.005338
scipy-powell,cold,5,1043,16.0436,0.005338
scipy-powell,cold,5,1044,16.0582,0.005338
scipy-powell,cold,5,1045,16.0729,0.005338
scipy-powell,cold,5,1046,16.0876,0.005338
scipy-powell,cold,5,1047,16.1021,0.005338
scipy-powell,cold,5,1048,16.1165,0.005338
scipy-powell,cold,5,1049,16.1314,0.005338
scipy-powell,cold,5,1050,16.1465,0.005338
scipy-powell,cold,5,1051,16.1619,0.005338
scipy-powell,cold,5,1052,16.1774,0.005338
scipy-powell,cold,5,1053,16.1925,0.005338
scipy-powell,cold,5,1054,16.2077,0.005338
scipy-powell,cold,5,1055,16.2231,0.005338
scipy-powell,cold,5,1056,16.2385,0.005338
scipy-powell,cold,5,1057,16.2545,0.005338
scipy-powell,cold,5,1058,16.2701,0.005338
scipy-powell,cold,5,1059,16.2861,0.005337
scipy-powell,cold,5,1060,16.3027,0.005337
scipy-powell,cold,5,1061,16.3187,0.005337
scipy-powell,cold,5,1062,16.3344,0.005337
scipy-powell,cold,5,1063,16.3499,0.005337
scipy-powell,cold,5,1064,16.3655,0.005337
scipy-powell,cold,5,1065,16.3830,0.005337
scipy-powell,cold,5,1066,16.3987,0.005337
scipy-powell,cold,5,1067,16.4139,0.005337
scipy-powell,cold,5,1068,16.4289,0.005337
scipy-powell,cold,5,1069,16.4437,0.005337
scipy-powell,cold,5,1070,16.4595,0.005337
scipy-powell,cold,5,1071,16.4745,0.005337
scipy-powell,cold,5,1072,16.4893,0.005337
scipy-powell,cold,5,1073,16.5050,0.005337
scipy-powell,cold,5,1074,16.5207,0.005337
scipy-powell,cold,5,1075,16.5361,0.005337
scipy-powell,cold,5,1076,16.5516,0.005337
scipy-powell,cold,5,1077,16.5666,0.005337
scipy-powell,cold,5,1078,16.5817,0.005337
scipy-powell,cold,5,1079,16.5964,0.005337
scipy-powell,cold,5,1080,16.6113,0.005337
scipy-powell,cold,5,1081,16.6256,0.005337
scipy-powell,cold,5,1082,16.6407,0.005337
scipy-powell,cold,5,1083,16.6554,0.005337
scipy-powell,cold,5,1084,16.6709,0.005337
scipy-powell,cold,5,1085,16.6854,0.005337
scipy-powell,cold,5,1086,16.7006,0.005337
scipy-powell,cold,5,1087,16.7157,0.005337
scipy-powell,cold,5,1088,16.7308,0.005337
scipy-powell,cold,5,1089,16.7461,0.005337
scipy-powell,cold,5,1090,16.7612,0.005337
scipy-powell,cold,5,1091,16.7768,0.005337
scipy-powell,cold,5,1092,16.7926,0.005334
scipy-powell,cold,5,1094,16.8209,0.005334
scipy-powell,cold,5,1097,16.8649,0.005334
scipy-powell,cold,5,1098,16.8798,0.005334
scipy-powell,cold,5,1099,16.8943,0.005334
scipy-powell,cold,5,1100,16.9093,0.005334
scipy-powell,cold,5,1107,17.0152,0.005332
scipy-powell,cold,5,1108,17.0300,0.005322
scipy-powell,cold,5,1109,17.0451,0.005319
scipy-powell,cold,5,1110,17.0613,0.005318
scipy-powell,cold,5,1111,17.0755,0.005317
scipy-powell,cold,5,1112,17.0902,0.005317
scipy-powell,cold,5,1113,17.1044,0.005317
scipy-powell,cold,5,1114,17.1179,0.005317
scipy-powell,cold,5,1115,17.1313,0.005317
scipy-powell,cold,5,1116,17.1450,0.005317
scipy-powell,cold,5,1117,17.1597,0.005317
scipy-powell,cold,5,1119,17.1900,0.005317
scipy-powell,cold,5,1125,17.2809,0.005317
scipy-powell,cold,5,1126,17.2948,0.005317
scipy-powell,cold,5,1127,17.3098,0.005317
scipy-powell,cold,5,1128,17.3246,0.005317
scipy-powell,cold,5,1129,17.3393,0.005317
scipy-powell,cold,5,1130,17.3532,0.005317
scipy-powell,cold,5,1131,17.3676,0.005317
scipy-powell,cold,5,1143,17.5555,0.005317
scipy-powell,cold,5,1145,17.5862,0.005317
scipy-powell,cold,5,1146,17.6017,0.005317
scipy-powell,cold,5,1156,17.7559,0.005316
scipy-powell,cold,5,1160,17.8171,0.005316
scipy-powell,cold,5,1162,17.8488,0.005316
scipy-powell,cold,5,1164,17.8801,0.005316
scipy-powell,cold,5,1167,17.9265,0.005316
scipy-powell,cold,5,1174,18.0380,0.005316
scipy-powell,cold,5,1182,18.1635,0.005316
scipy-powell,cold,5,1183,18.1790,0.005316
scipy-powell,cold,5,1184,18.1939,0.005316
scipy-powell,cold,5,1185,18.2072,0.005316
scipy-powell,cold,5,1186,18.2208,0.005316
scipy-powell,cold,5,1187,18.2336,0.005316
scipy-powell,cold,5,1188,18.2478,0.005316
scipy-powell,cold,5,1189,18.2614,0.005316
scipy-powell,cold,5,1190,18.2751,0.005316
scipy-powell,cold,5,1191,18.2885,0.005316
scipy-powell,cold,5,1192,18.3029,0.005316
scipy-powell,cold,5,1193,18.3168,0.005316
scipy-powell,cold,5,1194,18.3307,0.005316
scipy-powell,cold,5,1195,18.3457,0.005316
scipy-powell,cold,5,1196,18.3608,0.005316
scipy-powell,cold,5,1197,18.3755,0.005316
scipy-powell,cold,5,1198,18.3919,0.005316
scipy-powell,cold,5,1199,18.4075,0.005316
scipy-powell,cold,5,1200,18.4238,0.005316
scipy-powell,cold,5,1201,18.4389,0.005316
scipy-powell,cold,5,1202,18.4554,0.005316
scipy-powell,cold,5,1203,18.4701,0.005316
scipy-powell,cold,5,1204,18.4860,0.005316
scipy-powell,cold,5,1205,18.5015,0.005316
scipy-powell,cold,5,1206,18.5168,0.005316
scipy-powell,cold,5,1207,18.5321,0.005316
scipy-powell,cold,5,1208,18.5469,0.005316
scipy-powell,cold,5,1209,18.5617,0.005316
scipy-powell,cold,5,1210,18.5765,0.005316
scipy-powell,cold,5,1211,18.5911,0.005316
scipy-powell,cold,5,1212,18.6056,0.005316
scipy-powell,cold,5,1213,18.6206,0.005316
scipy-powell,cold,5,1214,18.6345,0.005316
scipy-powell,cold,5,1215,18.6480,0.005316
scipy-powell,cold,5,1217,18.6757,0.005315
scipy-powell,cold,5,1221,18.7326,0.005315
scipy-powell,cold,5,1222,18.7470,0.005315
scipy-powell,cold,5,1223,18.7623,0.005315
scipy-powell,cold,5,1224,18.7763,0.005315
scipy-powell,cold,5,1225,18.7903,0.005315
scipy-powell,cold,5,1232,18.8961,0.005315
scipy-powell,cold,5,1234,18.9242,0.005315
scipy-powell,cold,5,1235,18.9379,0.005310
scipy-powell,cold,5,1236,18.9521,0.005308
scipy-powell,cold,5,1237,18.9670,0.005307
scipy-powell,cold,5,1238,18.9807,0.005307
scipy-powell,cold,5,1239,18.9941,0.005306
scipy-powell,cold,5,1240,19.0093,0.005306
scipy-powell,cold,5,1241,19.0239,0.005306
scipy-powell,cold,5,1242,19.0373,0.005306
scipy-powell,cold,5,1243,19.0515,0.005306
scipy-powell,cold,5,1250,19.1507,0.005306
scipy-powell,cold,5,1253,19.1966,0.005306
scipy-powell,cold,5,1256,19.2417,0.005306
scipy-powell,cold,5,1258,19.2710,0.005306
scipy-powell,cold,5,1259,19.2856,0.005306
scipy-powell,cold,5,1260,19.3002,0.005306
scipy-powell,cold,5,1263,19.3457,0.005306
scipy-powell,cold,5,1273,19.4948,0.005306
scipy-powell,cold,5,1274,19.5098,0.005306
scipy-powell,cold,5,1512,23.3464,0.005303
scipy-powell,cold,5,1515,23.4042,0.005303
scipy-powell,cold,5,1517,23.4393,0.005303
scipy-powell,cold,5,1519,23.4696,0.005303
scipy-powell,cold,5,1520,23.4862,0.005303
scipy-powell,cold,5,1521,23.5048,0.005303
scipy-powell,cold,5,1523,23.5362,0.005303
scipy-powell,cold,5,1527,23.5984,0.005303
scipy-powell,cold,5,1528,23.6146,0.005302
scipy-powell,cold,5,1529,23.6327,0.005302
scipy-powell,cold,5,1530,23.6518,0.005301
scipy-powell,cold,5,1531,23.6688,0.005301
scipy-powell,cold,5,1532,23.6846,0.005301
scipy-powell,cold,5,1533,23.7011,0.005301
scipy-powell,cold,5,1534,23.7172,0.005300
scipy-powell,cold,5,1535,23.7334,0.005300
scipy-powell,cold,5,1536,23.7493,0.005300
scipy-powell,cold,5,1537,23.7652,0.005300
scipy-powell,cold,5,1538,23.7804,0.005300
scipy-powell,cold,5,1539,23.7967,0.005300
scipy-powell,cold,5,1540,23.8126,0.005300
scipy-powell,cold,5,1541,23.8276,0.005300
scipy-powell,cold,5,1542,23.8438,0.005300
scipy-powell,cold,5,1543,23.8592,0.005300
scipy-powell,cold,5,1544,23.8750,0.005300
scipy-powell,cold,5,1545,23.8908,0.005300
scipy-powell,cold,5,1546,23.9059,0.005300
scipy-powell,cold,5,1547,23.9216,0.005300
scipy-powell,cold,5,1548,23.9375,0.005300
scipy-powell,cold,5,1549,23.9537,0.005300
scipy-powell,cold,5,1550,23.9688,0.005300
scipy-powell,cold,5,1551,23.9847,0.005300
scipy-powell,cold,5,1552,24.0001,0.005300
scipy-powell,cold,5,1553,24.0150,0.005300
scipy-powell,cold,5,1554,24.0297,0.005300
scipy-powell,cold,5,1555,24.0447,0.005300
scipy-powell,cold,5,1556,24.0601,0.005300
scipy-powell,cold,5,1557,24.0746,0.005300
scipy-powell,cold,5,1558,24.0899,0.005300
scipy-powell,cold,5,1559,24.1058,0.005300
scipy-powell,cold,5,1560,24.1211,0.005300
scipy-powell,cold,5,1561,24.1369,0.005300
scipy-powell,cold,5,1562,24.1524,0.005300
scipy-powell,cold,5,1563,24.1676,0.005300
scipy-powell,cold,5,1566,24.2159,0.005300
scipy-powell,cold,5,1567,24.2321,0.005300
scipy-powell,cold,5,1568,24.2470,0.005299
scipy-powell,cold,5,1569,24.2640,0.005297
scipy-powell,cold,5,1570,24.2788,0.005295
scipy-powell,cold,5,1571,24.2968,0.005295
scipy-powell,cold,5,1572,24.3118,0.005294
scipy-powell,cold,5,1573,24.3257,0.005294
scipy-powell,cold,5,1574,24.3409,0.005294
scipy-powell,cold,5,1575,24.3558,0.005294
scipy-powell,cold,5,1576,24.3706,0.005294
scipy-powell,cold,5,1578,24.3991,0.005294
scipy-powell,cold,5,1579,24.4137,0.005294
scipy-powell,cold,5,1580,24.4281,0.005294
scipy-powell,cold,5,1581,24.4422,0.005294
scipy-powell,cold,5,1582,24.4568,0.005294
scipy-powell,cold,5,1583,24.4708,0.005294
scipy-powell,cold,5,1584,24.4847,0.005294
scipy-powell,cold,5,1585,24.4990,0.005294
scipy-powell,cold,5,1586,24.5142,0.005294
scipy-powell,cold,5,1587,24.5301,0.005294
scipy-powell,cold,5,1588,24.5457,0.005294
scipy-powell,cold,5,1589,24.5609,0.005294
scipy-powell,cold,5,1590,24.5765,0.005294
scipy-powell,cold,5,1591,24.5915,0.005294
scipy-powell,cold,5,1592,24.6062,0.005294
scipy-powell,cold,5,1593,24.6201,0.005294
scipy-powell,cold,5,1594,24.6338,0.005294
scipy-powell,cold,5,1595,24.6481,0.005294
scipy-powell,cold,5,1596,24.6616,0.005294
scipy-powell,cold,5,1597,24.6761,0.005294
scipy-powell,cold,5,1598,24.6898,0.005294
scipy-powell,cold,5,1599,24.7041,0.005294
scipy-powell,cold,5,1600,24.7177,0.005294
scipy-powell,cold,5,1601,24.7306,0.005292
scipy-powell,cold,5,1602,24.7438,0.005251
scipy-powell,cold,5,1603,24.7581,0.005229
scipy-powell,cold,5,1604,24.7716,0.005220
scipy-powell,cold,5,1605,24.7853,0.005216
scipy-powell,cold,5,1606,24.8025,0.005215
scipy-powell,cold,5,1607,24.8162,0.005215
scipy-powell,cold,5,1608,24.8307,0.005214
scipy-powell,cold,5,1609,24.8463,0.005214
scipy-powell,cold,5,1610,24.8601,0.005214
scipy-powell,cold,5,1611,24.8738,0.005214
scipy-powell,cold,5,1612,24.8881,0.005214
scipy-powell,cold,5,1617,24.9576,0.005214
scipy-powell,cold,5,1619,24.9875,0.005213
scipy-powell,cold,5,1623,25.0468,0.005213
scipy-powell,cold,5,1624,25.0623,0.005213
scipy-powell,cold,5,1625,25.0766,0.005213
scipy-powell,cold,5,1626,25.0908,0.005213
scipy-powell,cold,5,1627,25.1046,0.005213
scipy-powell,cold,5,1628,25.1183,0.005213
scipy-powell,cold,5,1635,25.2167,0.005207
scipy-powell,cold,5,1637,25.2470,0.005204
scipy-powell,cold,5,1639,25.2760,0.005204
scipy-powell,cold,5,1640,25.2913,0.005204
scipy-powell,cold,5,1641,25.3056,0.005204
scipy-powell,cold,5,1642,25.3216,0.005204
scipy-powell,cold,5,1643,25.3378,0.005204
scipy-powell,cold,5,1653,25.4893,0.005201
scipy-powell,cold,5,1655,25.5189,0.005201
scipy-powell,cold,5,1656,25.5335,0.005201
scipy-powell,cold,5,1657,25.5491,0.005201
scipy-powell,cold,5,1658,25.5635,0.005201
scipy-powell,cold,5,1659,25.5777,0.005201
scipy-powell,cold,5,1666,25.6817,0.005201
scipy-powell,cold,5,1668,25.7104,0.005201
scipy-powell,cold,5,1669,25.7256,0.005201
scipy-powell,cold,5,1671,25.7554,0.005201
scipy-powell,cold,5,1677,25.8395,0.005201
scipy-powell,cold,5,1684,25.9419,0.005201
scipy-powell,cold,5,1685,25.9571,0.005201
scipy-powell,cold,5,1695,26.1029,0.005201
scipy-powell,cold,5,1696,26.1176,0.005201
scipy-powell,cold,5,1698,26.1465,0.005201
scipy-powell,cold,5,1699,26.1606,0.005201
scipy-powell,cold,5,1700,26.1751,0.005201
scipy-powell,cold,5,1701,26.1904,0.005201
scipy-powell,cold,5,1702,26.2045,0.005201
scipy-powell,cold,5,1703,26.2182,0.005201
scipy-powell,cold,5,1704,26.2322,0.005201
scipy-powell,cold,5,1705,26.2469,0.005201
scipy-powell,cold,5,1711,26.3366,0.005201
scipy-powell,cold,5,1716,26.4137,0.005201
scipy-powell,cold,5,1717,26.4287,0.005201
scipy-powell,cold,5,1718,26.4443,0.005201
scipy-powell,cold,5,1719,26.4585,0.005201
scipy-powell,cold,5,1720,26.4725,0.005201
scipy-powell,cold,5,1724,26.5271,0.005201
scipy-powell,cold,5,1726,26.5551,0.005201
scipy-powell,cold,5,1731,26.6248,0.005201
scipy-powell,cold,5,1736,26.6944,0.005201
scipy-powell,cold,5,1737,26.7097,0.005201
scipy-powell,cold,5,1738,26.7239,0.005201
scipy-powell,cold,5,1748,26.8699,0.005201
scipy-powell,cold,5,1755,26.9672,0.005201
scipy-powell,cold,5,1756,26.9807,0.005201
scipy-powell,cold,5,1757,26.9936,0.005201
scipy-powell,cold,5,1758,27.0074,0.005201
scipy-powell,cold,5,1759,27.0212,0.005201
scipy-powell,cold,5,1760,27.0351,0.005201
scipy-powell,cold,5,1761,27.0490,0.005201
scipy-powell,cold,5,1763,27.0779,0.005201
scipy-powell,cold,5,1766,27.1223,0.005201
scipy-powell,cold,5,1769,27.1663,0.005200
scipy-powell,cold,5,1771,27.1975,0.005199
scipy-powell,cold,5,1776,27.2743,0.005199
scipy-powell,cold,5,1777,27.2895,0.005199
scipy-powell,cold,5,1778,27.3044,0.005199
scipy-powell,cold,5,1779,27.3199,0.005199
scipy-powell,cold,5,1780,27.3345,0.005199
scipy-powell,cold,5,1784,27.3952,0.005199
scipy-powell,cold,5,1791,27.5075,0.005187
scipy-powell,cold,5,1792,27.5255,0.005179
scipy-powell,cold,5,1793,27.5405,0.005179
scipy-powell,cold,5,1794,27.5570,0.005179
scipy-powell,cold,5,1795,27.5744,0.005179
scipy-powell,cold,5,1796,27.5907,0.005179
scipy-powell,cold,5,1799,27.6400,0.005179
scipy-powell,cold,5,1807,27.7823,0.005174
scipy-powell,cold,5,1808,27.8013,0.005173
scipy-powell,cold,5,1809,27.8211,0.005173
scipy-powell,cold,5,1811,27.8585,0.005172
scipy-powell,cold,5,1812,27.8785,0.005172
scipy-powell,cold,5,1813,27.8973,0.005172
scipy-powell,cold,5,1814,27.9144,0.005172
scipy-powell,cold,5,1815,27.9294,0.005172
scipy-powell,cold,5,1816,27.9441,0.005172
scipy-powell,cold,5,1817,27.9589,0.005172
scipy-powell,cold,5,1820,28.0029,0.005172
scipy-powell,cold,5,1821,28.0177,0.005171
scipy-powell,cold,5,1822,28.0327,0.005171
scipy-powell,cold,5,1823,28.0471,0.005171
scipy-powell,cold,5,1824,28.0615,0.005171
scipy-powell,cold,5,1825,28.0765,0.005171
scipy-powell,cold,5,1826,28.0916,0.005171
scipy-powell,cold,5,1827,28.1067,0.005171
scipy-powell,cold,5,1828,28.1233,0.005171
scipy-powell,cold,5,1829,28.1384,0.005171
scipy-powell,cold,5,1830,28.1520,0.005171
scipy-powell,cold,5,1831,28.1658,0.005171
scipy-powell,cold,5,1832,28.1807,0.005171
scipy-powell,cold,5,1833,28.1946,0.005171
scipy-powell,cold,5,1834,28.2096,0.005171
scipy-powell,cold,5,1835,28.2245,0.005171
scipy-powell,cold,5,1836,28.2387,0.005171
scipy-powell,cold,5,1837,28.2531,0.005171
scipy-powell,cold,5,1838,28.2671,0.005171
scipy-powell,cold,5,1839,28.2818,0.005171
scipy-powell,cold,5,1840,28.2958,0.005171
scipy-powell,cold,5,1841,28.3107,0.005171
scipy-powell,cold,5,1842,28.3244,0.005171
scipy-powell,cold,5,1843,28.3386,0.005171
scipy-powell,cold,5,1844,28.3539,0.005171
scipy-powell,cold,5,1845,28.3681,0.005171
scipy-powell,cold,5,1846,28.3819,0.005171
scipy-powell,cold,5,1847,28.3971,0.005171
scipy-powell,cold,5,1848,28.4113,0.005171
scipy-powell,cold,5,1849,28.4256,0.005171
scipy-powell,cold,5,1850,28.4399,0.005171
scipy-powell,cold,5,1851,28.4541,0.005171
scipy-powell,cold,5,1852,28.4700,0.005171
scipy-powell,cold,5,1853,28.4848,0.005171
scipy-powell,cold,5,1854,28.4996,0.005171
scipy-powell,cold,5,1855,28.5147,0.005171
scipy-powell,cold,5,1856,28.5297,0.005171
scipy-powell,cold,5,1857,28.5463,0.005170
scipy-powell,cold,5,1859,28.5751,0.005170
scipy-powell,cold,5,1862,28.6193,0.005170
scipy-powell,cold,5,1864,28.6502,0.005170
scipy-powell,cold,5,1865,28.6650,0.005170
scipy-powell,cold,5,1866,28.6790,0.005170
scipy-powell,cold,5,1867,28.6933,0.005170
scipy-powell,cold,5,1868,28.7099,0.005170
scipy-powell,cold,5,1869,28.7254,0.005170
scipy-powell,cold,5,1879,28.8706,0.005170
scipy-powell,cold,5,1880,28.8860,0.005170
scipy-powell,cold,5,1881,28.9019,0.005170
scipy-powell,cold,5,1882,28.9181,0.005170
scipy-powell,cold,5,1883,28.9363,0.005170
scipy-powell,cold,5,1884,28.9510,0.005170
scipy-powell,cold,5,1885,28.9681,0.005170
scipy-powell,cold,5,1886,28.9857,0.005170
scipy-powell,cold,5,1887,29.0018,0.005170
scipy-powell,cold,5,1888,29.0192,0.005170
scipy-powell,cold,5,1889,29.0362,0.005170
scipy-powell,cold,5,1890,29.0514,0.005170
scipy-powell,cold,5,1906,29.3043,0.005170
scipy-powell,cold,5,1914,29.4323,0.005170
scipy-powell,cold,5,1915,29.4487,0.005170
scipy-powell,cold,5,1916,29.4655,0.005170
scipy-powell,cold,5,1917,29.4849,0.005170
scipy-powell,cold,5,1918,29.5069,0.005170
scipy-powell,cold,5,1919,29.5252,0.005170
scipy-powell,cold,5,1920,29.5461,0.005170
scipy-powell,cold,5,1925,29.6495,0.005170
scipy-powell,cold,5,1932,29.7761,0.005169
scipy-powell,cold,5,1933,29.7929,0.005168
scipy-powell,cold,5,1934,29.8087,0.005168
scipy-powell,cold,5,1935,29.8240,0.005167
scipy-powell,cold,5,1936,29.8393,0.005167
scipy-powell,cold,5,1937,29.8558,0.005167
scipy-powell,cold,5,1938,29.8718,0.005167
scipy-powell,cold,5,1939,29.8869,0.005167
scipy-powell,cold,5,1940,29.9041,0.005166
scipy-powell,cold,5,1941,29.9199,0.005166
scipy-powell,cold,5,1942,29.9357,0.005166
scipy-powell,cold,5,1943,29.9515,0.005166
scipy-powell,cold,5,1944,29.9672,0.005166
scipy-powell,cold,5,1945,29.9834,0.005166
scipy-powell,cold,5,1946,29.9988,0.005166
scipy-powell,cold,5,1947,30.0139,0.005166
scipy-powell,cold,5,1948,30.0290,0.005166
scipy-powell,cold,5,1949,30.0443,0.005166
scipy-powell,cold,5,1950,30.0628,0.005166
scipy-powell,cold,5,1951,30.0824,0.005166
scipy-powell,cold,5,1952,30.1000,0.005166
scipy-powell,cold,5,1953,30.1178,0.005166
scipy-powell,cold,5,1954,30.1337,0.005166
scipy-powell,cold,5,1955,30.1504,0.005166
scipy-powell,cold,5,1956,30.1672,0.005166
scipy-powell,cold,5,1957,30.1847,0.005166
scipy-powell,cold,5,1958,30.2026,0.005166
scipy-powell,cold,5,1959,30.2212,0.005166
scipy-powell,cold,5,1960,30.2420,0.005166
scipy-powell,cold,5,1961,30.2577,0.005166
scipy-powell,cold,5,1962,30.2756,0.005166
scipy-powell,cold,5,1963,30.2964,0.005166
scipy-powell,cold,5,1964,30.3170,0.005166
scipy-powell,cold,5,1965,30.3353,0.005166
scipy-powell,cold,5,1966,30.3527,0.005166
scipy-powell,cold,5,1967,30.3705,0.005160
scipy-powell,cold,5,1969,30.4012,0.005155
scipy-powell,cold,5,1970,30.4161,0.005152
scipy-powell,cold,5,1972,30.4462,0.005152
scipy-powell,cold,5,1973,30.4617,0.005152
scipy-powell,cold,5,1974,30.4772,0.005152
scipy-powell,cold,5,1975,30.4921,0.005152
scipy-powell,cold,5,1976,30.5074,0.005152
scipy-powell,cold,5,1977,30.5222,0.005152
scipy-powell,cold,5,1978,30.5385,0.005152
scipy-powell,cold,5,1986,30.6603,0.005129
scipy-powell,cold,5,1987,30.6755,0.005116
scipy-powell,cold,5,1988,30.6912,0.005109
scipy-powell,cold,5,1989,30.7073,0.005105
scipy-powell,cold,5,1990,30.7222,0.005103
scipy-powell,cold,5,1991,30.7365,0.005102
scipy-powell,cold,5,1992,30.7514,0.005101
scipy-powell,cold,5,1993,30.7659,0.005100
scipy-powell,cold,5,1994,30.7816,0.005100
scipy-powell,cold,5,1995,30.7969,0.005100
scipy-powell,cold,5,1996,30.8145,0.005100
scipy-powell,cold,5,1997,30.8299,0.005100
scipy-powell,cold,5,1998,30.8460,0.005100
scipy-powell,cold,5,1999,30.8618,0.005100
scipy-powell,cold,5,2000,30.8773,0.005100
scipy-powell,cold,6,0,0.0000,0.005782
scipy-powell,cold,6,5,0.0872,0.005782
scipy-powell,cold,6,6,0.1032,0.005781
scipy-powell,cold,6,7,0.1179,0.005781
scipy-powell,cold,6,8,0.1321,0.005781
scipy-powell,cold,6,9,0.1469,0.005781
scipy-powell,cold,6,10,0.1610,0.005781
scipy-powell,cold,6,11,0.1764,0.005781
scipy-powell,cold,6,12,0.1909,0.005781
scipy-powell,cold,6,13,0.2053,0.005781
scipy-powell,cold,6,14,0.2196,0.005781
scipy-powell,cold,6,15,0.2347,0.005781
scipy-powell,cold,6,16,0.2488,0.005781
scipy-powell,cold,6,17,0.2629,0.005781
scipy-powell,cold,6,18,0.2774,0.005781
scipy-powell,cold,6,19,0.2933,0.005781
scipy-powell,cold,6,20,0.3098,0.005781
scipy-powell,cold,6,21,0.3255,0.005781
scipy-powell,cold,6,22,0.3403,0.005781
scipy-powell,cold,6,23,0.3550,0.005781
scipy-powell,cold,6,24,0.3692,0.005781
scipy-powell,cold,6,25,0.3830,0.005781
scipy-powell,cold,6,26,0.3963,0.005781
scipy-powell,cold,6,27,0.4115,0.005781
scipy-powell,cold,6,28,0.4264,0.005781
scipy-powell,cold,6,29,0.4412,0.005781
scipy-powell,cold,6,30,0.4552,0.005781
scipy-powell,cold,6,31,0.4695,0.005781
scipy-powell,cold,6,32,0.4843,0.005781
scipy-powell,cold,6,33,0.5000,0.005781
scipy-powell,cold,6,34,0.5179,0.005781
scipy-powell,cold,6,35,0.5392,0.005781
scipy-powell,cold,6,36,0.5616,0.005781
scipy-powell,cold,6,37,0.5806,0.005781
scipy-powell,cold,6,38,0.5967,0.005781
scipy-powell,cold,6,39,0.6120,0.005781
scipy-powell,cold,6,40,0.6281,0.005781
scipy-powell,cold,6,42,0.6580,0.005781
scipy-powell,cold,6,43,0.6729,0.005781
scipy-powell,cold,6,44,0.6879,0.005780
scipy-powell,cold,6,46,0.7167,0.005780
scipy-powell,cold,6,47,0.7318,0.005780
scipy-powell,cold,6,48,0.7468,0.005780
scipy-powell,cold,6,49,0.7613,0.005780
scipy-powell,cold,6,50,0.7756,0.005780
scipy-powell,cold,6,59,0.9077,0.005779
scipy-powell,cold,6,61,0.9370,0.005778
scipy-powell,cold,6,62,0.9515,0.005778
scipy-powell,cold,6,63,0.9676,0.005777
scipy-powell,cold,6,64,0.9826,0.005777
scipy-powell,cold,6,65,0.9960,0.005777
scipy-powell,cold,6,66,1.0091,0.005777
scipy-powell,cold,6,67,1.0244,0.005777
scipy-powell,cold,6,68,1.0403,0.005777
scipy-powell,cold,6,69,1.0550,0.005777
scipy-powell,cold,6,70,1.0692,0.005777
scipy-powell,cold,6,71,1.0832,0.005777
scipy-powell,cold,6,72,1.0968,0.005777
scipy-powell,cold,6,73,1.1110,0.005777
scipy-powell,cold,6,74,1.1244,0.005777
scipy-powell,cold,6,75,1.1378,0.005777
scipy-powell,cold,6,76,1.1514,0.005777
scipy-powell,cold,6,77,1.1668,0.005777
scipy-powell,cold,6,78,1.1810,0.005777
scipy-powell,cold,6,79,1.1949,0.005777
scipy-powell,cold,6,80,1.2092,0.005777
scipy-powell,cold,6,81,1.2243,0.005777
scipy-powell,cold,6,82,1.2392,0.005777
scipy-powell,cold,6,83,1.2542,0.005777
scipy-powell,cold,6,84,1.2684,0.005777
scipy-powell,cold,6,85,1.2827,0.005777
scipy-powell,cold,6,86,1.2973,0.005777
scipy-powell,cold,6,87,1.3123,0.005777
scipy-powell,cold,6,88,1.3266,0.005777
scipy-powell,cold,6,89,1.3410,0.005777
scipy-powell,cold,6,90,1.3553,0.005777
scipy-powell,cold,6,91,1.3704,0.005777
scipy-powell,cold,6,92,1.3845,0.005777
scipy-powell,cold,6,93,1.3979,0.005777
scipy-powell,cold,6,94,1.4122,0.005777
scipy-powell,cold,6,95,1.4282,0.005777
scipy-powell,cold,6,98,1.4727,0.005777
scipy-powell,cold,6,100,1.5036,0.005777
scipy-powell,cold,6,101,1.5171,0.005777
scipy-powell,cold,6,102,1.5313,0.005777
scipy-powell,cold,6,103,1.5459,0.005777
scipy-powell,cold,6,104,1.5603,0.005777
scipy-powell,cold,6,105,1.5754,0.005777
scipy-powell,cold,6,106,1.5921,0.005777
scipy-powell,cold,6,119,1.7814,0.005776
scipy-powell,cold,6,120,1.7954,0.005776
scipy-powell,cold,6,121,1.8089,0.005776
scipy-powell,cold,6,122,1.8225,0.005776
scipy-powell,cold,6,123,1.8367,0.005776
scipy-powell,cold,6,124,1.8511,0.005776
scipy-powell,cold,6,125,1.8653,0.005776
scipy-powell,cold,6,126,1.8798,0.005776
scipy-powell,cold,6,127,1.8947,0.005776
scipy-powell,cold,6,128,1.9108,0.005776
scipy-powell,cold,6,129,1.9258,0.005776
scipy-powell,cold,6,130,1.9400,0.005776
scipy-powell,cold,6,131,1.9541,0.005776
scipy-powell,cold,6,132,1.9685,0.005776
scipy-powell,cold,6,133,1.9837,0.005776
scipy-powell,cold,6,134,1.9981,0.005776
scipy-powell,cold,6,135,2.0124,0.005776
scipy-powell,cold,6,136,2.0314,0.005776
scipy-powell,cold,6,137,2.0476,0.005776
scipy-powell,cold,6,138,2.0625,0.005776
scipy-powell,cold,6,139,2.0782,0.005776
scipy-powell,cold,6,140,2.0924,0.005776
scipy-powell,cold,6,141,2.1071,0.005776
scipy-powell,cold,6,142,2.1221,0.005776
scipy-powell,cold,6,143,2.1370,0.005776
scipy-powell,cold,6,144,2.1516,0.005776
scipy-powell,cold,6,145,2.1655,0.005776
scipy-powell,cold,6,146,2.1795,0.005776
scipy-powell,cold,6,147,2.1930,0.005776
scipy-powell,cold,6,148,2.2072,0.005776
scipy-powell,cold,6,149,2.2223,0.005776
scipy-powell,cold,6,150,2.2366,0.005776
scipy-powell,cold,6,151,2.2515,0.005776
scipy-powell,cold,6,152,2.2658,0.005776
scipy-powell,cold,6,153,2.2808,0.005776
scipy-powell,cold,6,154,2.2950,0.005774
scipy-powell,cold,6,161,2.3968,0.005774
scipy-powell,cold,6,162,2.4110,0.005774
scipy-powell,cold,6,164,2.4424,0.005774
scipy-powell,cold,6,165,2.4572,0.005774
scipy-powell,cold,6,170,2.5335,0.005720
scipy-powell,cold,6,172,2.5632,0.005691
scipy-powell,cold,6,173,2.5786,0.005685
scipy-powell,cold,6,174,2.5923,0.005685
scipy-powell,cold,6,175,2.6063,0.005685
scipy-powell,cold,6,176,2.6201,0.005685
scipy-powell,cold,6,177,2.6340,0.005685
scipy-powell,cold,6,178,2.6490,0.005685
scipy-powell,cold,6,179,2.6634,0.005685
scipy-powell,cold,6,180,2.6779,0.005685
scipy-powell,cold,6,183,2.7211,0.005685
scipy-powell,cold,6,186,2.7655,0.005684
scipy-powell,cold,6,189,2.8070,0.005684
scipy-powell,cold,6,190,2.8212,0.005683
scipy-powell,cold,6,192,2.8495,0.005683
scipy-powell,cold,6,193,2.8668,0.005683
scipy-powell,cold,6,194,2.8821,0.005683
scipy-powell,cold,6,195,2.8982,0.005683
scipy-powell,cold,6,203,3.0168,0.005683
scipy-powell,cold,6,210,3.1276,0.005683
scipy-powell,cold,6,211,3.1435,0.005683
scipy-powell,cold,6,212,3.1583,0.005683
scipy-powell,cold,6,213,3.1724,0.005683
scipy-powell,cold,6,214,3.1863,0.005683
scipy-powell,cold,6,215,3.1996,0.005683
scipy-powell,cold,6,216,3.2145,0.005683
scipy-powell,cold,6,217,3.2310,0.005683
scipy-powell,cold,6,218,3.2461,0.005683
scipy-powell,cold,6,219,3.2617,0.005683
scipy-powell,cold,6,220,3.2772,0.005683
scipy-powell,cold,6,228,3.3952,0.005683
scipy-powell,cold,6,236,3.5079,0.005683
scipy-powell,cold,6,238,3.5358,0.005683
scipy-powell,cold,6,239,3.5495,0.005683
scipy-powell,cold,6,240,3.5643,0.005683
scipy-powell,cold,6,241,3.5778,0.005683
scipy-powell,cold,6,242,3.5918,0.005683
scipy-powell,cold,6,247,3.6621,0.005683
scipy-powell,cold,6,249,3.6925,0.005683
scipy-powell,cold,6,255,3.7827,0.005683
scipy-powell,cold,6,257,3.8135,0.005682
scipy-powell,cold,6,259,3.8436,0.005682
scipy-powell,cold,6,261,3.8770,0.005682
scipy-powell,cold,6,262,3.8918,0.005682
scipy-powell,cold,6,263,3.9070,0.005682
scipy-powell,cold,6,264,3.9217,0.005682
scipy-powell,cold,6,266,3.9509,0.005682
scipy-powell,cold,6,274,4.0663,0.005682
scipy-powell,cold,6,276,4.0964,0.005682
scipy-powell,cold,6,277,4.1118,0.005682
scipy-powell,cold,6,278,4.1274,0.005682
scipy-powell,cold,6,279,4.1437,0.005682
scipy-powell,cold,6,280,4.1602,0.005682
scipy-powell,cold,6,281,4.1769,0.005682
scipy-powell,cold,6,283,4.2081,0.005682
scipy-powell,cold,6,287,4.2712,0.005680
scipy-powell,cold,6,292,4.3472,0.005680
scipy-powell,cold,6,294,4.3775,0.005680
scipy-powell,cold,6,295,4.3920,0.005680
scipy-powell,cold,6,296,4.4073,0.005680
scipy-powell,cold,6,297,4.4213,0.005680
scipy-powell,cold,6,298,4.4371,0.005680
scipy-powell,cold,6,307,4.5768,0.005680
scipy-powell,cold,6,309,4.6062,0.005680
scipy-powell,cold,6,310,4.6222,0.005680
scipy-powell,cold,6,311,4.6373,0.005680
scipy-powell,cold,6,312,4.6528,0.005680
scipy-powell,cold,6,313,4.6682,0.005680
scipy-powell,cold,6,314,4.6832,0.005680
scipy-powell,cold,6,315,4.6977,0.005680
scipy-powell,cold,6,316,4.7128,0.005680
scipy-powell,cold,6,468,6.9354,0.005657
scipy-powell,cold,6,469,6.9507,0.005657
scipy-powell,cold,6,470,6.9653,0.005656
scipy-powell,cold,6,472,6.9955,0.005656
scipy-powell,cold,6,473,7.0096,0.005656
scipy-powell,cold,6,475,7.0404,0.005656
scipy-powell,cold,6,476,7.0544,0.005656
scipy-powell,cold,6,477,7.0677,0.005656
scipy-powell,cold,6,479,7.0980,0.005656
scipy-powell,cold,6,480,7.1123,0.005656
scipy-powell,cold,6,489,7.2535,0.005655
scipy-powell,cold,6,490,7.2688,0.005655
scipy-powell,cold,6,491,7.2832,0.005655
scipy-powell,cold,6,492,7.2982,0.005654
scipy-powell,cold,6,493,7.3126,0.005654
scipy-powell,cold,6,494,7.3274,0.005654
scipy-powell,cold,6,495,7.3426,0.005654
scipy-powell,cold,6,497,7.3740,0.005654
scipy-powell,cold,6,498,7.3886,0.005654
scipy-powell,cold,6,499,7.4026,0.005654
scipy-powell,cold,6,500,7.4163,0.005654
scipy-powell,cold,6,540,8.0097,0.005594
scipy-powell,cold,6,541,8.0243,0.005594
scipy-powell,cold,6,542,8.0391,0.005588
scipy-powell,cold,6,544,8.0688,0.005588
scipy-powell,cold,6,546,8.0982,0.005588
scipy-powell,cold,6,547,8.1140,0.005588
scipy-powell,cold,6,548,8.1289,0.005588
scipy-powell,cold,6,552,8.1869,0.005588
scipy-powell,cold,6,553,8.2023,0.005588
scipy-powell,cold,6,554,8.2176,0.005581
scipy-powell,cold,6,555,8.2316,0.005576
scipy-powell,cold,6,556,8.2461,0.005576
scipy-powell,cold,6,558,8.2750,0.005576
scipy-powell,cold,6,559,8.2912,0.005576
scipy-powell,cold,6,560,8.3063,0.005576
scipy-powell,cold,6,561,8.3211,0.005576
scipy-powell,cold,6,562,8.3354,0.005576
scipy-powell,cold,6,563,8.3503,0.005576
scipy-powell,cold,6,564,8.3658,0.005576
scipy-powell,cold,6,569,8.4383,0.005572
scipy-powell,cold,6,570,8.4535,0.005567
scipy-powell,cold,6,571,8.4682,0.005564
scipy-powell,cold,6,572,8.4831,0.005562
scipy-powell,cold,6,573,8.4981,0.005561
scipy-powell,cold,6,574,8.5128,0.005561
scipy-powell,cold,6,575,8.5273,0.005560
scipy-powell,cold,6,576,8.5456,0.005560
scipy-powell,cold,6,577,8.5650,0.005560
scipy-powell,cold,6,578,8.5852,0.005560
scipy-powell,cold,6,579,8.6050,0.005560
scipy-powell,cold,6,580,8.6246,0.005560
scipy-powell,cold,6,581,8.6447,0.005560
scipy-powell,cold,6,582,8.6646,0.005560
scipy-powell,cold,6,583,8.6838,0.005560
scipy-powell,cold,6,584,8.7030,0.005560
scipy-powell,cold,6,585,8.7225,0.005560
scipy-powell,cold,6,586,8.7400,0.005560
scipy-powell,cold,6,587,8.7545,0.005560
scipy-powell,cold,6,588,8.7691,0.005560
scipy-powell,cold,6,589,8.7840,0.005560
scipy-powell,cold,6,590,8.7991,0.005560
scipy-powell,cold,6,591,8.8150,0.005560
scipy-powell,cold,6,592,8.8304,0.005560
scipy-powell,cold,6,593,8.8457,0.005560
scipy-powell,cold,6,594,8.8603,0.005560
scipy-powell,cold,6,595,8.8748,0.005560
scipy-powell,cold,6,596,8.8896,0.005560
scipy-powell,cold,6,597,8.9045,0.005560
scipy-powell,cold,6,598,8.9204,0.005560
scipy-powell,cold,6,599,8.9349,0.005560
scipy-powell,cold,6,600,8.9485,0.005560
scipy-powell,cold,6,601,8.9638,0.005560
scipy-powell,cold,6,602,8.9774,0.005560
scipy-powell,cold,6,603,8.9914,0.005560
scipy-powell,cold,6,604,9.0050,0.005560
scipy-powell,cold,6,607,9.0503,0.005558
scipy-powell,cold,6,608,9.0650,0.005556
scipy-powell,cold,6,610,9.0924,0.005556
scipy-powell,cold,6,611,9.1067,0.005556
scipy-powell,cold,6,612,9.1206,0.005556
scipy-powell,cold,6,614,9.1488,0.005556
scipy-powell,cold,6,615,9.1622,0.005556
scipy-powell,cold,6,616,9.1754,0.005556
scipy-powell,cold,6,617,9.1895,0.005556
scipy-powell,cold,6,618,9.2047,0.005556
scipy-powell,cold,6,620,9.2344,0.005556
scipy-powell,cold,6,626,9.3250,0.005552
scipy-powell,cold,6,630,9.3812,0.005552
scipy-powell,cold,6,632,9.4083,0.005552
scipy-powell,cold,6,633,9.4225,0.005552
scipy-powell,cold,6,634,9.4366,0.005552
scipy-powell,cold,6,635,9.4499,0.005552
scipy-powell,cold,6,636,9.4652,0.005552
scipy-powell,cold,6,645,9.6080,0.005552
scipy-powell,cold,6,652,9.7174,0.005552
scipy-powell,cold,6,653,9.7335,0.005552
scipy-powell,cold,6,655,9.7619,0.005552
scipy-powell,cold,6,656,9.7767,0.005552
scipy-powell,cold,6,657,9.7907,0.005552
scipy-powell,cold,6,658,9.8061,0.005552
scipy-powell,cold,6,662,9.8628,0.005552
scipy-powell,cold,6,665,9.9052,0.005552
scipy-powell,cold,6,672,10.0025,0.005551
scipy-powell,cold,6,674,10.0304,0.005548
scipy-powell,cold,6,675,10.0450,0.005546
scipy-powell,cold,6,676,10.0600,0.005544
scipy-powell,cold,6,677,10.0748,0.005543
scipy-powell,cold,6,678,10.0906,0.005543
scipy-powell,cold,6,679,10.1055,0.005543
scipy-powell,cold,6,680,10.1209,0.005542
scipy-powell,cold,6,681,10.1360,0.005542
scipy-powell,cold,6,682,10.1513,0.005542
scipy-powell,cold,6,683,10.1661,0.005542
scipy-powell,cold,6,684,10.1803,0.005542
scipy-powell,cold,6,685,10.1945,0.005542
scipy-powell,cold,6,686,10.2090,0.005542
scipy-powell,cold,6,687,10.2241,0.005542
scipy-powell,cold,6,688,10.2384,0.005542
scipy-powell,cold,6,689,10.2525,0.005542
scipy-powell,cold,6,690,10.2678,0.005542
scipy-powell,cold,6,691,10.2827,0.005542
scipy-powell,cold,6,692,10.2977,0.005542
scipy-powell,cold,6,693,10.3134,0.005542
scipy-powell,cold,6,694,10.3282,0.005542
scipy-powell,cold,6,695,10.3449,0.005542
scipy-powell,cold,6,696,10.3601,0.005542
scipy-powell,cold,6,697,10.3755,0.005542
scipy-powell,cold,6,698,10.3898,0.005542
scipy-powell,cold,6,699,10.4046,0.005542
scipy-powell,cold,6,700,10.4186,0.005542
scipy-powell,cold,6,701,10.4341,0.005542
scipy-powell,cold,6,702,10.4501,0.005542
scipy-powell,cold,6,703,10.4654,0.005542
scipy-powell,cold,6,704,10.4805,0.005542
scipy-powell,cold,6,705,10.4952,0.005542
scipy-powell,cold,6,706,10.5092,0.005542
scipy-powell,cold,6,707,10.5240,0.005542
scipy-powell,cold,6,708,10.5377,0.005542
scipy-powell,cold,6,709,10.5511,0.005542
scipy-powell,cold,6,710,10.5661,0.005531
scipy-powell,cold,6,712,10.5979,0.005528
scipy-powell,cold,6,716,10.6574,0.005528
scipy-powell,cold,6,717,10.6712,0.005528
scipy-powell,cold,6,718,10.6859,0.005528
scipy-powell,cold,6,719,10.7003,0.005528
scipy-powell,cold,6,720,10.7144,0.005528
scipy-powell,cold,6,721,10.7290,0.005528
scipy-powell,cold,6,724,10.7712,0.005528
scipy-powell,cold,6,732,10.8878,0.005527
scipy-powell,cold,6,733,10.9019,0.005524
scipy-powell,cold,6,734,10.9174,0.005522
scipy-powell,cold,6,735,10.9336,0.005521
scipy-powell,cold,6,736,10.9484,0.005520
scipy-powell,cold,6,737,10.9633,0.005520
scipy-powell,cold,6,738,10.9773,0.005520
scipy-powell,cold,6,739,10.9923,0.005519
scipy-powell,cold,6,740,11.0089,0.005519
scipy-powell,cold,6,741,11.0240,0.005519
scipy-powell,cold,6,742,11.0390,0.005519
scipy-powell,cold,6,743,11.0530,0.005519
scipy-powell,cold,6,744,11.0670,0.005519
scipy-powell,cold,6,745,11.0819,0.005519
scipy-powell,cold,6,746,11.0964,0.005519
scipy-powell,cold,6,747,11.1104,0.005519
scipy-powell,cold,6,748,11.1261,0.005519
scipy-powell,cold,6,749,11.1408,0.005519
scipy-powell,cold,6,750,11.1553,0.005519
scipy-powell,cold,6,751,11.1694,0.005519
scipy-powell,cold,6,752,11.1846,0.005519
scipy-powell,cold,6,753,11.1987,0.005519
scipy-powell,cold,6,754,11.2135,0.005519
scipy-powell,cold,6,755,11.2284,0.005519
scipy-powell,cold,6,756,11.2434,0.005519
scipy-powell,cold,6,757,11.2580,0.005519
scipy-powell,cold,6,758,11.2731,0.005519
scipy-powell,cold,6,759,11.2887,0.005519
scipy-powell,cold,6,760,11.3047,0.005519
scipy-powell,cold,6,761,11.3199,0.005519
scipy-powell,cold,6,762,11.3352,0.005519
scipy-powell,cold,6,763,11.3505,0.005519
scipy-powell,cold,6,764,11.3664,0.005519
scipy-powell,cold,6,765,11.3823,0.005519
scipy-powell,cold,6,766,11.3984,0.005519
scipy-powell,cold,6,767,11.4131,0.005519
scipy-powell,cold,6,769,11.4435,0.005512
scipy-powell,cold,6,771,11.4745,0.005512
scipy-powell,cold,6,772,11.4901,0.005512
scipy-powell,cold,6,773,11.5054,0.005512
scipy-powell,cold,6,774,11.5218,0.005512
scipy-powell,cold,6,775,11.5389,0.005512
scipy-powell,cold,6,776,11.5553,0.005512
scipy-powell,cold,6,777,11.5703,0.005512
scipy-powell,cold,6,784,11.6760,0.005512
scipy-powell,cold,6,790,11.7648,0.005383
scipy-powell,cold,6,794,11.8228,0.005378
scipy-powell,cold,6,795,11.8372,0.005378
scipy-powell,cold,6,796,11.8515,0.005378
scipy-powell,cold,6,797,11.8660,0.005378
scipy-powell,cold,6,798,11.8807,0.005378
scipy-powell,cold,6,799,11.8961,0.005378
scipy-powell,cold,6,1891,28.5543,0.005378
scipy-powell,cold,6,1892,28.5696,0.005377
scipy-powell,cold,6,1893,28.5855,0.005376
scipy-powell,cold,6,1894,28.6004,0.005376
scipy-powell,cold,6,1895,28.6152,0.005376
scipy-powell,cold,6,1896,28.6304,0.005376
scipy-powell,cold,6,1897,28.6447,0.005376
scipy-powell,cold,6,1898,28.6596,0.005376
scipy-powell,cold,6,1899,28.6763,0.005376
scipy-powell,cold,6,1900,28.6910,0.005375
scipy-powell,cold,6,1901,28.7054,0.005375
scipy-powell,cold,6,1902,28.7200,0.005375
scipy-powell,cold,6,1903,28.7352,0.005375
scipy-powell,cold,6,1904,28.7508,0.005375
scipy-powell,cold,6,1905,28.7676,0.005375
scipy-powell,cold,6,1906,28.7834,0.005375
scipy-powell,cold,6,1907,28.8002,0.005375
scipy-powell,cold,6,1908,28.8156,0.005375
scipy-powell,cold,6,1909,28.8313,0.005375
scipy-powell,cold,6,1910,28.8471,0.005375
scipy-powell,cold,6,1911,28.8677,0.005375
scipy-powell,cold,6,1912,28.8905,0.005375
scipy-powell,cold,6,1913,28.9120,0.005375
scipy-powell,cold,6,1914,28.9280,0.005375
scipy-powell,cold,6,1915,28.9438,0.005375
scipy-powell,cold,6,1916,28.9586,0.005375
scipy-powell,cold,6,1917,28.9730,0.005375
scipy-powell,cold,6,1918,28.9884,0.005375
scipy-powell,cold,6,1919,29.0038,0.005375
scipy-powell,cold,6,1920,29.0183,0.005375
scipy-powell,cold,6,1921,29.0335,0.005375
scipy-powell,cold,6,1922,29.0499,0.005375
scipy-powell,cold,6,1923,29.0650,0.005375
scipy-powell,cold,6,1924,29.0802,0.005375
scipy-powell,cold,6,1925,29.0952,0.005375
scipy-powell,cold,6,1926,29.1104,0.005375
scipy-powell,cold,6,1927,29.1247,0.005370
scipy-powell,cold,6,1929,29.1524,0.005369
scipy-powell,cold,6,1936,29.2526,0.005369
scipy-powell,cold,6,1937,29.2680,0.005369
scipy-powell,cold,6,1938,29.2831,0.005369
scipy-powell,cold,6,1939,29.2986,0.005369
scipy-powell,cold,6,1940,29.3133,0.005369
scipy-powell,cold,6,1950,29.4590,0.005367
scipy-powell,cold,6,1951,29.4725,0.005365
scipy-powell,cold,6,1952,29.4864,0.005364
scipy-powell,cold,6,1953,29.5003,0.005363
scipy-powell,cold,6,1954,29.5143,0.005362
scipy-powell,cold,6,1955,29.5275,0.005362
scipy-powell,cold,6,1956,29.5413,0.005362
scipy-powell,cold,6,1957,29.5551,0.005362
scipy-powell,cold,6,1958,29.5684,0.005362
scipy-powell,cold,6,1959,29.5824,0.005362
scipy-powell,cold,6,1960,29.5968,0.005362
scipy-powell,cold,6,1961,29.6117,0.005362
scipy-powell,cold,6,1962,29.6260,0.005362
scipy-powell,cold,6,1963,29.6401,0.005362
scipy-powell,cold,6,1964,29.6537,0.005362
scipy-powell,cold,6,1965,29.6671,0.005362
scipy-powell,cold,6,1966,29.6809,0.005362
scipy-powell,cold,6,1967,29.6958,0.005362
scipy-powell,cold,6,1968,29.7100,0.005362
scipy-powell,cold,6,1969,29.7239,0.005362
scipy-powell,cold,6,1970,29.7376,0.005362
scipy-powell,cold,6,1971,29.7515,0.005362
scipy-powell,cold,6,1972,29.7655,0.005362
scipy-powell,cold,6,1973,29.7804,0.005362
scipy-powell,cold,6,1974,29.7947,0.005362
scipy-powell,cold,6,1975,29.8078,0.005362
scipy-powell,cold,6,1976,29.8215,0.005362
scipy-powell,cold,6,1977,29.8354,0.005362
scipy-powell,cold,6,1978,29.8490,0.005362
scipy-powell,cold,6,1979,29.8626,0.005362
scipy-powell,cold,6,1980,29.8775,0.005362
scipy-powell,cold,6,1981,29.8928,0.005362
scipy-powell,cold,6,1982,29.9076,0.005362
scipy-powell,cold,6,1983,29.9225,0.005362
scipy-powell,cold,6,1984,29.9368,0.005362
scipy-powell,cold,6,1985,29.9524,0.005325
scipy-powell,cold,6,1989,30.0161,0.005325
scipy-powell,cold,6,1990,30.0306,0.005325
scipy-powell,cold,6,1991,30.0449,0.005325
scipy-powell,cold,6,1998,30.1517,0.005325
scipy-powell,cold,7,0,0.0000,0.005357
scipy-powell,cold,7,2,0.0425,0.005353
scipy-powell,cold,7,4,0.0706,0.005349
scipy-powell,cold,7,6,0.1011,0.005349
scipy-powell,cold,7,7,0.1159,0.005349
scipy-powell,cold,7,9,0.1455,0.005349
scipy-powell,cold,7,11,0.1738,0.005349
scipy-powell,cold,7,12,0.1881,0.005349
scipy-powell,cold,7,13,0.2034,0.005349
scipy-powell,cold,7,14,0.2186,0.005349
scipy-powell,cold,7,27,0.4149,0.005348
scipy-powell,cold,7,29,0.4453,0.005347
scipy-powell,cold,7,30,0.4597,0.005347
scipy-powell,cold,7,31,0.4755,0.005347
scipy-powell,cold,7,32,0.4917,0.005347
scipy-powell,cold,7,33,0.5068,0.005347
scipy-powell,cold,7,34,0.5226,0.005347
scipy-powell,cold,7,37,0.5671,0.005347
scipy-powell,cold,7,38,0.5815,0.005347
scipy-powell,cold,7,40,0.6104,0.005346
scipy-powell,cold,7,42,0.6388,0.005328
scipy-powell,cold,7,43,0.6536,0.005317
scipy-powell,cold,7,44,0.6677,0.005312
scipy-powell,cold,7,45,0.6820,0.005310
scipy-powell,cold,7,46,0.6967,0.005308
scipy-powell,cold,7,47,0.7125,0.005308
scipy-powell,cold,7,48,0.7278,0.005307
scipy-powell,cold,7,49,0.7427,0.005307
scipy-powell,cold,7,50,0.7577,0.005307
scipy-powell,cold,7,51,0.7727,0.005307
scipy-powell,cold,7,52,0.7878,0.005307
scipy-powell,cold,7,53,0.8028,0.005307
scipy-powell,cold,7,54,0.8180,0.005307
scipy-powell,cold,7,55,0.8328,0.005307
scipy-powell,cold,7,56,0.8485,0.005307
scipy-powell,cold,7,57,0.8643,0.005307
scipy-powell,cold,7,58,0.8804,0.005307
scipy-powell,cold,7,59,0.8963,0.005307
scipy-powell,cold,7,60,0.9122,0.005307
scipy-powell,cold,7,61,0.9270,0.005307
scipy-powell,cold,7,62,0.9419,0.005307
scipy-powell,cold,7,63,0.9571,0.005307
scipy-powell,cold,7,64,0.9724,0.005307
scipy-powell,cold,7,65,0.9885,0.005307
scipy-powell,cold,7,66,1.0047,0.005307
scipy-powell,cold,7,67,1.0201,0.005307
scipy-powell,cold,7,68,1.0352,0.005307
scipy-powell,cold,7,69,1.0510,0.005307
scipy-powell,cold,7,70,1.0659,0.005307
scipy-powell,cold,7,71,1.0816,0.005307
scipy-powell,cold,7,72,1.0972,0.005307
scipy-powell,cold,7,73,1.1118,0.005307
scipy-powell,cold,7,74,1.1268,0.005307
scipy-powell,cold,7,75,1.1410,0.005307
scipy-powell,cold,7,76,1.1551,0.005306
scipy-powell,cold,7,78,1.1833,0.005304
scipy-powell,cold,7,80,1.2120,0.005302
scipy-powell,cold,7,81,1.2270,0.005302
scipy-powell,cold,7,82,1.2415,0.005302
scipy-powell,cold,7,84,1.2697,0.005302
scipy-powell,cold,7,85,1.2835,0.005302
scipy-powell,cold,7,87,1.3116,0.005302
scipy-powell,cold,7,88,1.3258,0.005302
scipy-powell,cold,7,89,1.3398,0.005302
scipy-powell,cold,7,90,1.3539,0.005302
scipy-powell,cold,7,96,1.4380,0.005302
scipy-powell,cold,7,98,1.4677,0.005302
scipy-powell,cold,7,104,1.5555,0.005302
scipy-powell,cold,7,106,1.5848,0.005301
scipy-powell,cold,7,107,1.5993,0.005301
scipy-powell,cold,7,109,1.6293,0.005301
scipy-powell,cold,7,110,1.6430,0.005301
scipy-powell,cold,7,111,1.6566,0.005301
scipy-powell,cold,7,119,1.7692,0.005301
scipy-powell,cold,7,122,1.8137,0.005301
scipy-powell,cold,7,127,1.8952,0.005300
scipy-powell,cold,7,128,1.9090,0.005300
scipy-powell,cold,7,130,1.9357,0.005300
scipy-powell,cold,7,131,1.9499,0.005300
scipy-powell,cold,7,132,1.9637,0.005300
scipy-powell,cold,7,133,1.9780,0.005300
scipy-powell,cold,7,134,1.9933,0.005300
scipy-powell,cold,7,141,2.1007,0.005300
scipy-powell,cold,7,144,2.1489,0.005288
scipy-powell,cold,7,147,2.1950,0.005288
scipy-powell,cold,7,148,2.2104,0.005288
scipy-powell,cold,7,149,2.2257,0.005288
scipy-powell,cold,7,151,2.2557,0.005288
scipy-powell,cold,7,152,2.2702,0.005288
scipy-powell,cold,7,153,2.2853,0.005288
scipy-powell,cold,7,154,2.3015,0.005288
scipy-powell,cold,7,155,2.3172,0.005288
scipy-powell,cold,7,161,2.4076,0.005288
scipy-powell,cold,7,174,2.6139,0.005288
scipy-powell,cold,7,175,2.6291,0.005288
scipy-powell,cold,7,178,2.6753,0.005288
scipy-powell,cold,7,179,2.6899,0.005288
scipy-powell,cold,7,180,2.7054,0.005288
scipy-powell,cold,7,181,2.7200,0.005288
scipy-powell,cold,7,182,2.7342,0.005288
scipy-powell,cold,7,197,2.9538,0.005288
scipy-powell,cold,7,198,2.9683,0.005288
scipy-powell,cold,7,199,2.9830,0.005288
scipy-powell,cold,7,200,2.9990,0.005288
scipy-powell,cold,7,201,3.0144,0.005288
scipy-powell,cold,7,202,3.0300,0.005288
scipy-powell,cold,7,203,3.0455,0.005288
scipy-powell,cold,7,204,3.0602,0.005288
scipy-powell,cold,7,205,3.0753,0.005288
scipy-powell,cold,7,206,3.0916,0.005288
scipy-powell,cold,7,207,3.1066,0.005288
scipy-powell,cold,7,208,3.1216,0.005288
scipy-powell,cold,7,209,3.1380,0.005288
scipy-powell,cold,7,210,3.1535,0.005288
scipy-powell,cold,7,211,3.1691,0.005288
scipy-powell,cold,7,212,3.1855,0.005288
scipy-powell,cold,7,213,3.2012,0.005288
scipy-powell,cold,7,214,3.2157,0.005288
scipy-powell,cold,7,215,3.2297,0.005288
scipy-powell,cold,7,216,3.2442,0.005288
scipy-powell,cold,7,217,3.2590,0.005288
scipy-powell,cold,7,218,3.2735,0.005288
scipy-powell,cold,7,219,3.2870,0.005288
scipy-powell,cold,7,220,3.3022,0.005288
scipy-powell,cold,7,221,3.3183,0.005288
scipy-powell,cold,7,222,3.3331,0.005288
scipy-powell,cold,7,223,3.3476,0.005288
scipy-powell,cold,7,224,3.3618,0.005288
scipy-powell,cold,7,225,3.3760,0.005288
scipy-powell,cold,7,226,3.3901,0.005288
scipy-powell,cold,7,227,3.4045,0.005288
scipy-powell,cold,7,228,3.4184,0.005288
scipy-powell,cold,7,229,3.4323,0.005288
scipy-powell,cold,7,230,3.4476,0.005288
scipy-powell,cold,7,231,3.4627,0.005288
scipy-powell,cold,7,232,3.4763,0.005288
scipy-powell,cold,7,233,3.4915,0.005287
scipy-powell,cold,7,235,3.5207,0.005287
scipy-powell,cold,7,236,3.5365,0.005287
scipy-powell,cold,7,238,3.5670,0.005287
scipy-powell,cold,7,239,3.5816,0.005287
scipy-powell,cold,7,240,3.5963,0.005287
scipy-powell,cold,7,242,3.6255,0.005287
scipy-powell,cold,7,244,3.6556,0.005287
scipy-powell,cold,7,245,3.6708,0.005287
scipy-powell,cold,7,250,3.7458,0.005287
scipy-powell,cold,7,256,3.8329,0.005285
scipy-powell,cold,7,257,3.8484,0.005284
scipy-powell,cold,7,258,3.8641,0.005283
scipy-powell,cold,7,259,3.8796,0.005283
scipy-powell,cold,7,260,3.8958,0.005283
scipy-powell,cold,7,261,3.9112,0.005283
scipy-powell,cold,7,262,3.9257,0.005283
scipy-powell,cold,7,263,3.9406,0.005283
scipy-powell,cold,7,264,3.9560,0.005283
scipy-powell,cold,7,265,3.9708,0.005283
scipy-powell,cold,7,266,3.9852,0.005283
scipy-powell,cold,7,267,3.9996,0.005283
scipy-powell,cold,7,268,4.0140,0.005283
scipy-powell,cold,7,269,4.0286,0.005283
scipy-powell,cold,7,270,4.0426,0.005283
scipy-powell,cold,7,271,4.0566,0.005283
scipy-powell,cold,7,272,4.0707,0.005283
scipy-powell,cold,7,273,4.0852,0.005283
scipy-powell,cold,7,274,4.1002,0.005283
scipy-powell,cold,7,275,4.1146,0.005283
scipy-powell,cold,7,276,4.1286,0.005283
scipy-powell,cold,7,277,4.1437,0.005283
scipy-powell,cold,7,278,4.1586,0.005283
scipy-powell,cold,7,279,4.1736,0.005283
scipy-powell,cold,7,280,4.1889,0.005283
scipy-powell,cold,7,281,4.2038,0.005283
scipy-powell,cold,7,282,4.2191,0.005283
scipy-powell,cold,7,283,4.2341,0.005283
scipy-powell,cold,7,284,4.2486,0.005283
scipy-powell,cold,7,285,4.2627,0.005283
scipy-powell,cold,7,286,4.2770,0.005283
scipy-powell,cold,7,287,4.2922,0.005283
scipy-powell,cold,7,288,4.3078,0.005283
scipy-powell,cold,7,289,4.3233,0.005283
scipy-powell,cold,7,290,4.3401,0.005283
scipy-powell,cold,7,291,4.3564,0.005283
scipy-powell,cold,7,294,4.4026,0.005282
scipy-powell,cold,7,295,4.4172,0.005282
scipy-powell,cold,7,297,4.4464,0.005282
scipy-powell,cold,7,298,4.4619,0.005282
scipy-powell,cold,7,300,4.4923,0.005282
scipy-powell,cold,7,301,4.5063,0.005282
scipy-powell,cold,7,302,4.5220,0.005282
scipy-powell,cold,7,303,4.5376,0.005282
scipy-powell,cold,7,304,4.5526,0.005282
scipy-powell,cold,7,305,4.5681,0.005282
scipy-powell,cold,7,307,4.5976,0.005282
scipy-powell,cold,7,308,4.6114,0.005282
scipy-powell,cold,7,309,4.6258,0.005282
scipy-powell,cold,7,314,4.7044,0.005280
scipy-powell,cold,7,315,4.7200,0.005276
scipy-powell,cold,7,316,4.7348,0.005274
scipy-powell,cold,7,317,4.7501,0.005273
scipy-powell,cold,7,318,4.7655,0.005272
scipy-powell,cold,7,319,4.7804,0.005272
scipy-powell,cold,7,320,4.7951,0.005272
scipy-powell,cold,7,321,4.8101,0.005272
scipy-powell,cold,7,322,4.8248,0.005272
scipy-powell,cold,7,323,4.8384,0.005272
scipy-powell,cold,7,324,4.8531,0.005272
scipy-powell,cold,7,325,4.8838,0.005272
scipy-powell,cold,7,326,4.8997,0.005272
scipy-powell,cold,7,327,4.9154,0.005272
scipy-powell,cold,7,328,4.9306,0.005272
scipy-powell,cold,7,329,4.9452,0.005272
scipy-powell,cold,7,330,4.9591,0.005272
scipy-powell,cold,7,331,4.9740,0.005271
scipy-powell,cold,7,332,4.9890,0.005271
scipy-powell,cold,7,333,5.0031,0.005271
scipy-powell,cold,7,334,5.0177,0.005271
scipy-powell,cold,7,335,5.0318,0.005271
scipy-powell,cold,7,336,5.0470,0.005271
scipy-powell,cold,7,337,5.0625,0.005271
scipy-powell,cold,7,338,5.0781,0.005271
scipy-powell,cold,7,339,5.0946,0.005271
scipy-powell,cold,7,340,5.1109,0.005271
scipy-powell,cold,7,341,5.1267,0.005271
scipy-powell,cold,7,342,5.1418,0.005271
scipy-powell,cold,7,343,5.1565,0.005271
scipy-powell,cold,7,344,5.1711,0.005271
scipy-powell,cold,7,345,5.1856,0.005271
scipy-powell,cold,7,346,5.2004,0.005271
scipy-powell,cold,7,347,5.2151,0.005271
scipy-powell,cold,7,348,5.3757,0.005271
scipy-powell,cold,7,349,5.3911,0.005271
scipy-powell,cold,7,350,5.4060,0.005268
scipy-powell,cold,7,352,5.4374,0.005267
scipy-powell,cold,7,354,5.4676,0.005267
scipy-powell,cold,7,357,5.5130,0.005267
scipy-powell,cold,7,358,5.5274,0.005267
scipy-powell,cold,7,359,5.5423,0.005267
scipy-powell,cold,7,360,5.5574,0.005267
scipy-powell,cold,7,361,5.5717,0.005267
scipy-powell,cold,7,363,5.6021,0.005267
scipy-powell,cold,7,369,5.6979,0.005263
scipy-powell,cold,7,370,5.7143,0.005262
scipy-powell,cold,7,371,5.7288,0.005262
scipy-powell,cold,7,372,5.7437,0.005262
scipy-powell,cold,7,373,5.7594,0.005262
scipy-powell,cold,7,374,5.7733,0.005262
scipy-powell,cold,7,375,5.7882,0.005262
scipy-powell,cold,7,383,5.9101,0.005262
scipy-powell,cold,7,391,6.0271,0.005255
scipy-powell,cold,7,395,6.0848,0.005255
scipy-powell,cold,7,396,6.0991,0.005255
scipy-powell,cold,7,397,6.1131,0.005255
scipy-powell,cold,7,398,6.1273,0.005255
scipy-powell,cold,7,399,6.1420,0.005255
scipy-powell,cold,7,412,6.3320,0.005255
scipy-powell,cold,7,416,6.3909,0.005255
scipy-powell,cold,7,418,6.4201,0.005255
scipy-powell,cold,7,419,6.4335,0.005255
scipy-powell,cold,7,420,6.4483,0.005255
scipy-powell,cold,7,421,6.4628,0.005255
scipy-powell,cold,7,429,6.5793,0.005255
scipy-powell,cold,7,436,6.6856,0.005255
scipy-powell,cold,7,439,6.7268,0.005255
scipy-powell,cold,7,440,6.7407,0.005255
scipy-powell,cold,7,442,6.7709,0.005255
scipy-powell,cold,7,443,6.7867,0.005255
scipy-powell,cold,7,455,6.9645,0.005254
scipy-powell,cold,7,456,6.9788,0.005253
scipy-powell,cold,7,457,6.9930,0.005252
scipy-powell,cold,7,458,7.0067,0.005252
scipy-powell,cold,7,459,7.0206,0.005252
scipy-powell,cold,7,460,7.0336,0.005252
scipy-powell,cold,7,461,7.0475,0.005252
scipy-powell,cold,7,462,7.0617,0.005252
scipy-powell,cold,7,463,7.0758,0.005252
scipy-powell,cold,7,464,7.0898,0.005252
scipy-powell,cold,7,465,7.1028,0.005252
scipy-powell,cold,7,466,7.1158,0.005252
scipy-powell,cold,7,467,7.1298,0.005252
scipy-powell,cold,7,468,7.1433,0.005252
scipy-powell,cold,7,469,7.1579,0.005252
scipy-powell,cold,7,470,7.1720,0.005252
scipy-powell,cold,7,471,7.1861,0.005252
scipy-powell,cold,7,472,7.2006,0.005252
scipy-powell,cold,7,473,7.2165,0.005252
scipy-powell,cold,7,474,7.2312,0.005252
scipy-powell,cold,7,475,7.2453,0.005252
scipy-powell,cold,7,476,7.2588,0.005252
scipy-powell,cold,7,477,7.2729,0.005252
scipy-powell,cold,7,478,7.2868,0.005252
scipy-powell,cold,7,479,7.3011,0.005252
scipy-powell,cold,7,480,7.3151,0.005252
scipy-powell,cold,7,481,7.3283,0.005252
scipy-powell,cold,7,482,7.3423,0.005252
scipy-powell,cold,7,483,7.3554,0.005252
scipy-powell,cold,7,484,7.3697,0.005252
scipy-powell,cold,7,485,7.3839,0.005252
scipy-powell,cold,7,486,7.3975,0.005252
scipy-powell,cold,7,487,7.4119,0.005252
scipy-powell,cold,7,491,7.4676,0.005251
scipy-powell,cold,7,493,7.4950,0.005251
scipy-powell,cold,7,495,7.5222,0.005251
scipy-powell,cold,7,497,7.5506,0.005251
scipy-powell,cold,7,498,7.5647,0.005251
scipy-powell,cold,7,499,7.5780,0.005251
scipy-powell,cold,7,500,7.5910,0.005251
scipy-powell,cold,7,501,7.6058,0.005251
scipy-powell,cold,7,512,7.7630,0.005250
scipy-powell,cold,7,513,7.7775,0.005249
scipy-powell,cold,7,514,7.7921,0.005249
scipy-powell,cold,7,515,7.8059,0.005248
scipy-powell,cold,7,516,7.8202,0.005248
scipy-powell,cold,7,517,7.8340,0.005248
scipy-powell,cold,7,518,7.8476,0.005248
scipy-powell,cold,7,519,7.8614,0.005248
scipy-powell,cold,7,520,7.8756,0.005248
scipy-powell,cold,7,521,7.8898,0.005248
scipy-powell,cold,7,522,7.9036,0.005248
scipy-powell,cold,7,523,7.9177,0.005248
scipy-powell,cold,7,524,7.9314,0.005248
scipy-powell,cold,7,525,7.9445,0.005248
scipy-powell,cold,7,526,7.9573,0.005248
scipy-powell,cold,7,527,7.9703,0.005248
scipy-powell,cold,7,528,7.9834,0.005248
scipy-powell,cold,7,529,7.9978,0.005248
scipy-powell,cold,7,530,8.0124,0.005248
scipy-powell,cold,7,531,8.0256,0.005248
scipy-powell,cold,7,532,8.0393,0.005248
scipy-powell,cold,7,533,8.0546,0.005248
scipy-powell,cold,7,534,8.0688,0.005248
scipy-powell,cold,7,535,8.0828,0.005248
scipy-powell,cold,7,536,8.0968,0.005248
scipy-powell,cold,7,537,8.1103,0.005248
scipy-powell,cold,7,538,8.1244,0.005248
scipy-powell,cold,7,539,8.1387,0.005248
scipy-powell,cold,7,540,8.1525,0.005248
scipy-powell,cold,7,541,8.1681,0.005248
scipy-powell,cold,7,542,8.1825,0.005248
scipy-powell,cold,7,543,8.1969,0.005248
scipy-powell,cold,7,544,8.2117,0.005248
scipy-powell,cold,7,545,8.2258,0.005248
scipy-powell,cold,7,548,8.2678,0.005245
scipy-powell,cold,7,549,8.2816,0.005240
scipy-powell,cold,7,552,8.3242,0.005240
scipy-powell,cold,7,554,8.3536,0.005240
scipy-powell,cold,7,555,8.3678,0.005240
scipy-powell,cold,7,556,8.3819,0.005240
scipy-powell,cold,7,557,8.3953,0.005240
scipy-powell,cold,7,558,8.4095,0.005240
scipy-powell,cold,7,562,8.4671,0.005240
scipy-powell,cold,7,563,8.4807,0.005240
scipy-powell,cold,7,570,8.5767,0.005239
scipy-powell,cold,7,571,8.5905,0.005238
scipy-powell,cold,7,572,8.6036,0.005237
scipy-powell,cold,7,573,8.6176,0.005237
scipy-powell,cold,7,574,8.6314,0.005236
scipy-powell,cold,7,575,8.6447,0.005236
scipy-powell,cold,7,576,8.6590,0.005236
scipy-powell,cold,7,577,8.6733,0.005236
scipy-powell,cold,7,578,8.6873,0.005236
scipy-powell,cold,7,579,8.7020,0.005236
scipy-powell,cold,7,580,8.7164,0.005236
scipy-powell,cold,7,581,8.7304,0.005236
scipy-powell,cold,7,582,8.7448,0.005236
scipy-powell,cold,7,583,8.7591,0.005236
scipy-powell,cold,7,584,8.7739,0.005236
scipy-powell,cold,7,585,8.7882,0.005236
scipy-powell,cold,7,586,8.8030,0.005236
scipy-powell,cold,7,587,8.8181,0.005236
scipy-powell,cold,7,588,8.8320,0.005236
scipy-powell,cold,7,589,8.8464,0.005236
scipy-powell,cold,7,590,8.8609,0.005236
scipy-powell,cold,7,591,8.8757,0.005236
scipy-powell,cold,7,592,8.8903,0.005236
scipy-powell,cold,7,593,8.9069,0.005236
scipy-powell,cold,7,594,8.9220,0.005236
scipy-powell,cold,7,595,8.9367,0.005236
scipy-powell,cold,7,596,8.9549,0.005236
scipy-powell,cold,7,597,8.9725,0.005236
scipy-powell,cold,7,598,8.9864,0.005236
scipy-powell,cold,7,599,9.0008,0.005236
scipy-powell,cold,7,600,9.0176,0.005236
scipy-powell,cold,7,601,9.0333,0.005236
scipy-powell,cold,7,602,9.0475,0.005236
scipy-powell,cold,7,603,9.0616,0.005221
scipy-powell,cold,7,604,9.0769,0.005212
scipy-powell,cold,7,606,9.1075,0.005204
scipy-powell,cold,7,607,9.1220,0.005201
scipy-powell,cold,7,608,9.1372,0.005200
scipy-powell,cold,7,610,9.1676,0.005199
scipy-powell,cold,7,612,9.1967,0.005199
scipy-powell,cold,7,613,9.2111,0.005199
scipy-powell,cold,7,614,9.2275,0.005199
scipy-powell,cold,7,615,9.2417,0.005199
scipy-powell,cold,7,620,9.3117,0.005099
scipy-powell,cold,7,623,9.3542,0.005098
scipy-powell,cold,7,625,9.3840,0.005097
scipy-powell,cold,7,627,9.4126,0.005097
scipy-powell,cold,7,628,9.4263,0.005097
scipy-powell,cold,7,629,9.4401,0.005097
scipy-powell,cold,7,630,9.4545,0.005097
scipy-powell,cold,7,643,9.6369,0.005097
scipy-powell,cold,7,644,9.6507,0.005097
scipy-powell,cold,7,645,9.6644,0.005097
scipy-powell,cold,7,646,9.6786,0.005097
scipy-powell,cold,7,647,9.6925,0.005097
scipy-powell,cold,7,651,9.7509,0.005097
scipy-powell,cold,7,658,9.8515,0.005097
scipy-powell,cold,7,659,9.8653,0.005097
scipy-powell,cold,7,660,9.8781,0.005096
scipy-powell,cold,7,661,9.8917,0.005096
scipy-powell,cold,7,662,9.9051,0.005096
scipy-powell,cold,7,663,9.9184,0.005096
scipy-powell,cold,7,664,9.9318,0.005096
scipy-powell,cold,7,665,9.9449,0.005096
scipy-powell,cold,7,666,9.9582,0.005096
scipy-powell,cold,7,667,9.9727,0.005096
scipy-powell,cold,7,668,9.9876,0.005096
scipy-powell,cold,7,669,10.0023,0.005096
scipy-powell,cold,7,670,10.0179,0.005096
scipy-powell,cold,7,671,10.0322,0.005096
scipy-powell,cold,7,672,10.0460,0.005096
scipy-powell,cold,7,673,10.0606,0.005096
scipy-powell,cold,7,674,10.0739,0.005096
scipy-powell,cold,7,675,10.0873,0.005096
scipy-powell,cold,7,676,10.1008,0.005096
scipy-powell,cold,7,677,10.1144,0.005096
scipy-powell,cold,7,678,10.1280,0.005096
scipy-powell,cold,7,679,10.1417,0.005096
scipy-powell,cold,7,680,10.1554,0.005096
scipy-powell,cold,7,681,10.1701,0.005096
scipy-powell,cold,7,682,10.1846,0.005096
scipy-powell,cold,7,683,10.1980,0.005096
scipy-powell,cold,7,684,10.2124,0.005096
scipy-powell,cold,7,685,10.2260,0.005096
scipy-powell,cold,7,686,10.2404,0.005096
scipy-powell,cold,7,687,10.2537,0.005096
scipy-powell,cold,7,688,10.2668,0.005096
scipy-powell,cold,7,689,10.2803,0.005096
scipy-powell,cold,7,690,10.2950,0.005096
scipy-powell,cold,7,691,10.3092,0.005096
scipy-powell,cold,7,694,10.3504,0.005096
scipy-powell,cold,7,695,10.3652,0.005096
scipy-powell,cold,7,696,10.3784,0.005096
scipy-powell,cold,7,697,10.3924,0.005096
scipy-powell,cold,7,698,10.4056,0.005096
scipy-powell,cold,7,699,10.4197,0.005096
scipy-powell,cold,7,700,10.4332,0.005096
scipy-powell,cold,7,701,10.4472,0.005096
scipy-powell,cold,7,716,10.6577,0.005096
scipy-powell,cold,7,717,10.6715,0.005096
scipy-powell,cold,7,718,10.6868,0.005096
scipy-powell,cold,7,719,10.7015,0.005096
scipy-powell,cold,7,720,10.7156,0.005096
scipy-powell,cold,7,721,10.7300,0.005096
scipy-powell,cold,7,722,10.7438,0.005096
scipy-powell,cold,7,723,10.7573,0.005096
scipy-powell,cold,7,724,10.7712,0.005096
scipy-powell,cold,7,725,10.7857,0.005096
scipy-powell,cold,7,726,10.7998,0.005096
scipy-powell,cold,7,727,10.8133,0.005096
scipy-powell,cold,7,728,10.8266,0.005096
scipy-powell,cold,7,729,10.8403,0.005096
scipy-powell,cold,7,730,10.8530,0.005096
scipy-powell,cold,7,731,10.8663,0.005096
scipy-powell,cold,7,732,10.8799,0.005096
scipy-powell,cold,7,733,10.8934,0.005096
scipy-powell,cold,7,734,10.9077,0.005096
scipy-powell,cold,7,735,10.9211,0.005096
scipy-powell,cold,7,736,10.9342,0.005096
scipy-powell,cold,7,737,10.9474,0.005096
scipy-powell,cold,7,738,10.9604,0.005096
scipy-powell,cold,7,739,10.9743,0.005096
scipy-powell,cold,7,740,10.9886,0.005096
scipy-powell,cold,7,741,11.0024,0.005096
scipy-powell,cold,7,742,11.0163,0.005096
scipy-powell,cold,7,743,11.0296,0.005096
scipy-powell,cold,7,744,11.0427,0.005096
scipy-powell,cold,7,745,11.0565,0.005096
scipy-powell,cold,7,746,11.0709,0.005096
scipy-powell,cold,7,747,11.0855,0.005096
scipy-powell,cold,7,748,11.0993,0.005096
scipy-powell,cold,7,749,11.1132,0.005096
scipy-powell,cold,7,750,11.1274,0.005096
scipy-powell,cold,7,751,11.1408,0.005095
scipy-powell,cold,7,755,11.1970,0.005094
scipy-powell,cold,7,757,11.2235,0.005094
scipy-powell,cold,7,758,11.2381,0.005094
scipy-powell,cold,7,759,11.2512,0.005094
scipy-powell,cold,7,760,11.2647,0.005094
scipy-powell,cold,7,761,11.2779,0.005094
scipy-powell,cold,7,762,11.2912,0.005094
scipy-powell,cold,7,764,11.3183,0.005094
scipy-powell,cold,7,766,11.3459,0.005094
scipy-powell,cold,7,770,11.4017,0.005093
scipy-powell,cold,7,771,11.4155,0.005087
scipy-powell,cold,7,772,11.4288,0.005083
scipy-powell,cold,7,773,11.4422,0.005080
scipy-powell,cold,7,774,11.4562,0.005079
scipy-powell,cold,7,775,11.4705,0.005078
scipy-powell,cold,7,776,11.4840,0.005078
scipy-powell,cold,7,777,11.4983,0.005078
scipy-powell,cold,7,778,11.5125,0.005078
scipy-powell,cold,7,779,11.5268,0.005078
scipy-powell,cold,7,780,11.5410,0.005078
scipy-powell,cold,7,781,11.5546,0.005078
scipy-powell,cold,7,782,11.5686,0.005078
scipy-powell,cold,7,783,11.5822,0.005078
scipy-powell,cold,7,784,11.5969,0.005078
scipy-powell,cold,7,785,11.6110,0.005078
scipy-powell,cold,7,786,11.6263,0.005078
scipy-powell,cold,7,787,11.6404,0.005078
scipy-powell,cold,7,788,11.6547,0.005078
scipy-powell,cold,7,789,11.6685,0.005078
scipy-powell,cold,7,790,11.6818,0.005078
scipy-powell,cold,7,791,11.6955,0.005078
scipy-powell,cold,7,792,11.7098,0.005078
scipy-powell,cold,7,793,11.7238,0.005078
scipy-powell,cold,7,794,11.7382,0.005078
scipy-powell,cold,7,795,11.7520,0.005078
scipy-powell,cold,7,796,11.7656,0.005078
scipy-powell,cold,7,797,11.7797,0.005078
scipy-powell,cold,7,798,11.7930,0.005078
scipy-powell,cold,7,799,11.8066,0.005078
scipy-powell,cold,7,800,11.8204,0.005078
scipy-powell,cold,7,801,11.8342,0.005078
scipy-powell,cold,7,802,11.8483,0.005078
scipy-powell,cold,7,803,11.8627,0.005078
scipy-powell,cold,7,804,11.8775,0.005078
scipy-powell,cold,7,805,11.8922,0.005078
scipy-powell,cold,7,815,12.0366,0.005078
scipy-powell,cold,7,816,12.0505,0.005078
scipy-powell,cold,7,817,12.0643,0.005078
scipy-powell,cold,7,818,12.0773,0.005078
scipy-powell,cold,7,819,12.0915,0.005078
scipy-powell,cold,7,825,12.1759,0.005078
scipy-powell,cold,7,831,12.2606,0.005077
scipy-powell,cold,7,833,12.2887,0.005061
scipy-powell,cold,7,834,12.3023,0.005053
scipy-powell,cold,7,835,12.3152,0.005048
scipy-powell,cold,7,836,12.3291,0.005045
scipy-powell,cold,7,837,12.3425,0.005044
scipy-powell,cold,7,838,12.3556,0.005043
scipy-powell,cold,7,839,12.3690,0.005042
scipy-powell,cold,7,840,12.3826,0.005042
scipy-powell,cold,7,841,12.3963,0.005042
scipy-powell,cold,7,842,12.4100,0.005042
scipy-powell,cold,7,843,12.4235,0.005042
scipy-powell,cold,7,844,12.4366,0.005042
scipy-powell,cold,7,845,12.4498,0.005042
scipy-powell,cold,7,846,12.4644,0.005042
scipy-powell,cold,7,847,12.4789,0.005042
scipy-powell,cold,7,848,12.4943,0.005042
scipy-powell,cold,7,849,12.5095,0.005042
scipy-powell,cold,7,850,12.5228,0.005042
scipy-powell,cold,7,851,12.5365,0.005042
scipy-powell,cold,7,852,12.5522,0.005042
scipy-powell,cold,7,853,12.5672,0.005042
scipy-powell,cold,7,854,12.5812,0.005042
scipy-powell,cold,7,855,12.5952,0.005042
scipy-powell,cold,7,856,12.6104,0.005042
scipy-powell,cold,7,857,12.6253,0.005042
scipy-powell,cold,7,858,12.6406,0.005042
scipy-powell,cold,7,859,12.6553,0.005042
scipy-powell,cold,7,860,12.6698,0.005042
scipy-powell,cold,7,861,12.6846,0.005042
scipy-powell,cold,7,862,12.6979,0.005042
scipy-powell,cold,7,863,12.7110,0.005042
scipy-powell,cold,7,864,12.7247,0.005042
scipy-powell,cold,7,865,12.7392,0.005042
scipy-powell,cold,7,866,12.7540,0.005042
scipy-powell,cold,7,867,12.7676,0.005042
scipy-powell,cold,7,868,12.7818,0.005042
scipy-powell,cold,7,872,12.8377,0.005038
scipy-powell,cold,7,873,12.8509,0.005038
scipy-powell,cold,7,874,12.8648,0.005038
scipy-powell,cold,7,875,12.8794,0.005038
scipy-powell,cold,7,876,12.8943,0.005038
scipy-powell,cold,7,877,12.9099,0.005038
scipy-powell,cold,7,878,12.9245,0.005038
scipy-powell,cold,7,888,13.0687,0.005038
scipy-powell,cold,7,889,13.0826,0.005038
scipy-powell,cold,7,890,13.0972,0.005038
scipy-powell,cold,7,891,13.1119,0.005038
scipy-powell,cold,7,892,13.1256,0.005038
scipy-powell,cold,7,893,13.1397,0.005038
scipy-powell,cold,7,898,13.2135,0.005038
scipy-powell,cold,7,901,13.2557,0.005038
scipy-powell,cold,7,908,13.3642,0.005035
scipy-powell,cold,7,910,13.3976,0.005035
scipy-powell,cold,7,911,13.4132,0.005035
scipy-powell,cold,7,913,13.4409,0.005035
scipy-powell,cold,7,914,13.4549,0.005035
scipy-powell,cold,7,915,13.4703,0.005035
scipy-powell,cold,7,916,13.4852,0.005035
scipy-powell,cold,7,917,13.5002,0.005035
scipy-powell,cold,7,922,13.5736,0.005035
scipy-powell,cold,7,926,13.6330,0.005033
scipy-powell,cold,7,927,13.6476,0.005032
scipy-powell,cold,7,928,13.6634,0.005031
scipy-powell,cold,7,929,13.6777,0.005030
scipy-powell,cold,7,930,13.6924,0.005030
scipy-powell,cold,7,931,13.7073,0.005030
scipy-powell,cold,7,932,13.7217,0.005030
scipy-powell,cold,7,933,13.7363,0.005030
scipy-powell,cold,7,934,13.7505,0.005030
scipy-powell,cold,7,935,13.7649,0.005030
scipy-powell,cold,7,936,13.7787,0.005030
scipy-powell,cold,7,937,13.7934,0.005030
scipy-powell,cold,7,938,13.8083,0.005030
scipy-powell,cold,7,939,13.8231,0.005030
scipy-powell,cold,7,940,13.8383,0.005030
scipy-powell,cold,7,941,13.8541,0.005030
scipy-powell,cold,7,942,13.8690,0.005030
scipy-powell,cold,7,943,13.8856,0.005030
scipy-powell,cold,7,944,13.9006,0.005030
scipy-powell,cold,7,945,13.9156,0.005030
scipy-powell,cold,7,946,13.9312,0.005030
scipy-powell,cold,7,947,13.9461,0.005030
scipy-powell,cold,7,948,13.9596,0.005030
scipy-powell,cold,7,949,13.9740,0.005030
scipy-powell,cold,7,950,13.9883,0.005030
scipy-powell,cold,7,951,14.0028,0.005030
scipy-powell,cold,7,952,14.0189,0.005030
scipy-powell,cold,7,953,14.0328,0.005030
scipy-powell,cold,7,954,14.0473,0.005030
scipy-powell,cold,7,955,14.0617,0.005030
scipy-powell,cold,7,956,14.0759,0.005030
scipy-powell,cold,7,957,14.0909,0.005030
scipy-powell,cold,7,958,14.1047,0.005030
scipy-powell,cold,7,959,14.1206,0.005030
scipy-powell,cold,7,960,14.1355,0.005030
scipy-powell,cold,7,963,14.1846,0.005030
scipy-powell,cold,7,964,14.2014,0.005028
scipy-powell,cold,7,965,14.2175,0.005027
scipy-powell,cold,7,966,14.2332,0.005026
scipy-powell,cold,7,968,14.2653,0.005026
scipy-powell,cold,7,969,14.2804,0.005026
scipy-powell,cold,7,970,14.2960,0.005026
scipy-powell,cold,7,971,14.3115,0.005026
scipy-powell,cold,7,983,14.4929,0.005026
scipy-powell,cold,7,984,14.5073,0.005026
scipy-powell,cold,7,985,14.5217,0.005025
scipy-powell,cold,7,986,14.5361,0.005025
scipy-powell,cold,7,987,14.5517,0.005025
scipy-powell,cold,7,988,14.5673,0.005025
scipy-powell,cold,7,989,14.5832,0.005025
scipy-powell,cold,7,990,14.6010,0.005025
scipy-powell,cold,7,991,14.6180,0.005025
scipy-powell,cold,7,992,14.6344,0.005025
scipy-powell,cold,7,993,14.6523,0.005025
scipy-powell,cold,7,994,14.6685,0.005025
scipy-powell,cold,7,995,14.6851,0.005025
scipy-powell,cold,7,996,14.7026,0.005025
scipy-powell,cold,7,997,14.7187,0.005025
scipy-powell,cold,7,998,14.7340,0.005025
scipy-powell,cold,7,999,14.7496,0.005025
scipy-powell,cold,7,1000,14.7660,0.005025
scipy-powell,cold,7,1001,14.7823,0.005025
scipy-powell,cold,7,1002,14.7986,0.005025
scipy-powell,cold,7,1003,14.8150,0.005025
scipy-powell,cold,7,1004,14.8314,0.005025
scipy-powell,cold,7,1005,14.8465,0.005025
scipy-powell,cold,7,1006,14.8629,0.005025
scipy-powell,cold,7,1007,14.8784,0.005025
scipy-powell,cold,7,1008,14.8937,0.005025
scipy-powell,cold,7,1009,14.9094,0.005025
scipy-powell,cold,7,1010,14.9245,0.005025
scipy-powell,cold,7,1011,14.9418,0.005025
scipy-powell,cold,7,1012,14.9579,0.005025
scipy-powell,cold,7,1013,14.9746,0.005025
scipy-powell,cold,7,1014,14.9909,0.005025
scipy-powell,cold,7,1015,15.0066,0.005025
scipy-powell,cold,7,1016,15.0224,0.005025
scipy-powell,cold,7,1017,15.0384,0.005025
scipy-powell,cold,7,1018,15.0545,0.005007
scipy-powell,cold,7,1020,15.0885,0.005002
scipy-powell,cold,7,1021,15.1056,0.005002
scipy-powell,cold,7,1022,15.1215,0.005002
scipy-powell,cold,7,1026,15.1830,0.005002
scipy-powell,cold,7,1027,15.1983,0.005002
scipy-powell,cold,7,1028,15.2128,0.005002
scipy-powell,cold,7,1029,15.2285,0.005002
scipy-powell,cold,7,1030,15.2455,0.005002
scipy-powell,cold,7,1038,15.3692,0.005002
scipy-powell,cold,7,1041,15.4145,0.004982
scipy-powell,cold,7,1042,15.4304,0.004965
scipy-powell,cold,7,1043,15.4462,0.004955
scipy-powell,cold,7,1044,15.4616,0.004948
scipy-powell,cold,7,1045,15.4776,0.004944
scipy-powell,cold,7,1046,15.4933,0.004941
scipy-powell,cold,7,1047,15.5090,0.004940
scipy-powell,cold,7,1048,15.5249,0.004939
scipy-powell,cold,7,1049,15.5399,0.004938
scipy-powell,cold,7,1050,15.5552,0.004938
scipy-powell,cold,7,1051,15.5706,0.004938
scipy-powell,cold,7,1052,15.5861,0.004937
scipy-powell,cold,7,1053,15.6017,0.004937
scipy-powell,cold,7,1054,15.6164,0.004937
scipy-powell,cold,7,1055,15.6322,0.004937
scipy-powell,cold,7,1056,15.6487,0.004937
scipy-powell,cold,7,1057,15.6639,0.004937
scipy-powell,cold,7,1058,15.6795,0.004937
scipy-powell,cold,7,1059,15.6943,0.004937
scipy-powell,cold,7,1060,15.7105,0.004937
scipy-powell,cold,7,1061,15.7254,0.004937
scipy-powell,cold,7,1062,15.7406,0.004937
scipy-powell,cold,7,1063,15.7564,0.004937
scipy-powell,cold,7,1064,15.7718,0.004937
scipy-powell,cold,7,1065,15.7873,0.004937
scipy-powell,cold,7,1066,15.8030,0.004937
scipy-powell,cold,7,1067,15.8188,0.004937
scipy-powell,cold,7,1068,15.8342,0.004937
scipy-powell,cold,7,1069,15.8498,0.004937
scipy-powell,cold,7,1070,15.8653,0.004937
scipy-powell,cold,7,1071,15.8815,0.004937
scipy-powell,cold,7,1072,15.8968,0.004937
scipy-powell,cold,7,1073,15.9111,0.004937
scipy-powell,cold,7,1074,15.9268,0.004937
scipy-powell,cold,7,1075,15.9425,0.004937
scipy-powell,cold,7,1076,15.9573,0.004937
scipy-powell,cold,7,1077,15.9724,0.004842
scipy-powell,cold,7,1080,16.0190,0.004837
scipy-powell,cold,7,1081,16.0355,0.004831
scipy-powell,cold,7,1082,16.0506,0.004831
scipy-powell,cold,7,1083,16.0661,0.004831
scipy-powell,cold,7,1084,16.0809,0.004831
scipy-powell,cold,7,1085,16.0963,0.004831
scipy-powell,cold,7,1086,16.1111,0.004831
scipy-powell,cold,7,1087,16.1271,0.004831
scipy-powell,cold,7,1088,16.1425,0.004831
scipy-powell,cold,7,1091,16.1889,0.004803
scipy-powell,cold,7,1094,16.2343,0.004799
scipy-powell,cold,7,1095,16.2508,0.004799
scipy-powell,cold,7,1096,16.2662,0.004798
scipy-powell,cold,7,1097,16.2812,0.004798
scipy-powell,cold,7,1098,16.2964,0.004798
scipy-powell,cold,7,1099,16.3113,0.004798
scipy-powell,cold,7,1100,16.3270,0.004798
scipy-powell,cold,7,1102,16.3576,0.004798
scipy-powell,cold,7,1106,16.4202,0.004797
scipy-powell,cold,7,1111,16.4977,0.004797
scipy-powell,cold,7,1112,16.5131,0.004797
scipy-powell,cold,7,1114,16.5470,0.004797
scipy-powell,cold,7,1115,16.5635,0.004797
scipy-powell,cold,7,1116,16.5787,0.004797
scipy-powell,cold,7,1117,16.5949,0.004797
scipy-powell,cold,7,1118,16.6117,0.004797
scipy-powell,cold,7,1119,16.6273,0.004797
scipy-powell,cold,7,1127,16.7564,0.004797
scipy-powell,cold,7,1131,16.8172,0.004797
scipy-powell,cold,7,1133,16.8455,0.004797
scipy-powell,cold,7,1134,16.8598,0.004797
scipy-powell,cold,7,1135,16.8743,0.004797
scipy-powell,cold,7,1136,16.8877,0.004797
scipy-powell,cold,7,1144,17.0001,0.004796
scipy-powell,cold,7,1147,17.0472,0.004796
scipy-powell,cold,7,1148,17.0634,0.004795
scipy-powell,cold,7,1150,17.0944,0.004795
scipy-powell,cold,7,1151,17.1105,0.004795
scipy-powell,cold,7,1152,17.1254,0.004795
scipy-powell,cold,7,1153,17.1409,0.004795
scipy-powell,cold,7,1154,17.1592,0.004795
scipy-powell,cold,7,1163,17.3032,0.004792
scipy-powell,cold,7,1166,17.3484,0.004785
scipy-powell,cold,7,1170,17.4087,0.004785
scipy-powell,cold,7,1171,17.4235,0.004785
scipy-powell,cold,7,1172,17.4379,0.004785
scipy-powell,cold,7,1173,17.4517,0.004785
scipy-powell,cold,7,1181,17.5786,0.004785
scipy-powell,cold,7,1184,17.6239,0.004785
scipy-powell,cold,7,1185,17.6400,0.004785
scipy-powell,cold,7,1186,17.6563,0.004785
scipy-powell,cold,7,1187,17.6710,0.004785
scipy-powell,cold,7,1188,17.6858,0.004785
scipy-powell,cold,7,1194,17.7773,0.004784
scipy-powell,cold,7,1197,17.8228,0.004783
scipy-powell,cold,7,1200,17.8661,0.004783
scipy-powell,cold,7,1202,17.8971,0.004783
scipy-powell,cold,7,1203,17.9117,0.004783
scipy-powell,cold,7,1204,17.9263,0.004783
scipy-powell,cold,7,1205,17.9414,0.004783
scipy-powell,cold,7,1217,18.1266,0.004783
scipy-powell,cold,7,1219,18.1589,0.004783
scipy-powell,cold,7,1221,18.2078,0.004783
scipy-powell,cold,7,1222,18.2224,0.004783
scipy-powell,cold,7,1223,18.2366,0.004783
scipy-powell,cold,7,1237,18.4354,0.004783
scipy-powell,cold,7,1246,18.5689,0.004781
scipy-powell,cold,7,1247,18.5845,0.004777
scipy-powell,cold,7,1248,18.5993,0.004774
scipy-powell,cold,7,1249,18.6140,0.004773
scipy-powell,cold,7,1250,18.6280,0.004772
scipy-powell,cold,7,1251,18.6424,0.004771
scipy-powell,cold,7,1252,18.6565,0.004771
scipy-powell,cold,7,1253,18.6708,0.004771
scipy-powell,cold,7,1254,18.6854,0.004771
scipy-powell,cold,7,1255,18.7003,0.004771
scipy-powell,cold,7,1256,18.7145,0.004771
scipy-powell,cold,7,1257,18.7296,0.004771
scipy-powell,cold,7,1258,18.7446,0.004771
scipy-powell,cold,7,1259,18.7589,0.004771
scipy-powell,cold,7,1260,18.7730,0.004771
scipy-powell,cold,7,1261,18.7880,0.004771
scipy-powell,cold,7,1262,18.8018,0.004771
scipy-powell,cold,7,1263,18.8163,0.004771
scipy-powell,cold,7,1264,18.8305,0.004771
scipy-powell,cold,7,1265,18.8452,0.004771
scipy-powell,cold,7,1266,18.8594,0.004771
scipy-powell,cold,7,1267,18.8736,0.004771
scipy-powell,cold,7,1268,18.8874,0.004771
scipy-powell,cold,7,1269,18.9011,0.004771
scipy-powell,cold,7,1270,18.9152,0.004771
scipy-powell,cold,7,1271,18.9298,0.004771
scipy-powell,cold,7,1272,18.9441,0.004771
scipy-powell,cold,7,1273,18.9585,0.004771
scipy-powell,cold,7,1274,18.9736,0.004771
scipy-powell,cold,7,1275,18.9876,0.004771
scipy-powell,cold,7,1276,19.0030,0.004771
scipy-powell,cold,7,1277,19.0178,0.004771
scipy-powell,cold,7,1278,19.0331,0.004771
scipy-powell,cold,7,1282,19.0926,0.004757
scipy-powell,cold,7,1286,19.1497,0.004755
scipy-powell,cold,7,1287,19.1635,0.004755
scipy-powell,cold,7,1288,19.1778,0.004755
scipy-powell,cold,7,1289,19.1922,0.004755
scipy-powell,cold,7,1290,19.2068,0.004755
scipy-powell,cold,7,1291,19.2217,0.004755
scipy-powell,cold,7,1292,19.2369,0.004755
scipy-powell,cold,7,1293,19.2520,0.004755
scipy-powell,cold,7,1297,19.3120,0.004755
scipy-powell,cold,7,1298,19.3275,0.004754
scipy-powell,cold,7,1299,19.3442,0.004753
scipy-powell,cold,7,1300,19.3589,0.004752
scipy-powell,cold,7,1301,19.3735,0.004752
scipy-powell,cold,7,1302,19.3880,0.004752
scipy-powell,cold,7,1303,19.4025,0.004751
scipy-powell,cold,7,1304,19.4177,0.004751
scipy-powell,cold,7,1305,19.4332,0.004751
scipy-powell,cold,7,1306,19.4487,0.004751
scipy-powell,cold,7,1307,19.4649,0.004751
scipy-powell,cold,7,1308,19.4786,0.004751
scipy-powell,cold,7,1309,19.4937,0.004751
scipy-powell,cold,7,1310,19.5099,0.004751
scipy-powell,cold,7,1311,19.5281,0.004751
scipy-powell,cold,7,1312,19.5439,0.004751
scipy-powell,cold,7,1313,19.5595,0.004751
scipy-powell,cold,7,1314,19.5760,0.004751
scipy-powell,cold,7,1315,19.5909,0.004751
scipy-powell,cold,7,1316,19.6054,0.004751
scipy-powell,cold,7,1317,19.6214,0.004751
scipy-powell,cold,7,1318,19.6380,0.004751
scipy-powell,cold,7,1319,19.6528,0.004751
scipy-powell,cold,7,1320,19.6674,0.004751
scipy-powell,cold,7,1321,19.6822,0.004751
scipy-powell,cold,7,1322,19.6971,0.004751
scipy-powell,cold,7,1323,19.7112,0.004751
scipy-powell,cold,7,1324,19.7261,0.004751
scipy-powell,cold,7,1325,19.7409,0.004751
scipy-powell,cold,7,1326,19.7557,0.004751
scipy-powell,cold,7,1327,19.7702,0.004751
scipy-powell,cold,7,1328,19.7854,0.004751
scipy-powell,cold,7,1329,19.8002,0.004751
scipy-powell,cold,7,1330,19.8159,0.004751
scipy-powell,cold,7,1331,19.8307,0.004751
scipy-powell,cold,7,1332,19.8469,0.004751
scipy-powell,cold,7,1333,19.8624,0.004749
scipy-powell,cold,7,1335,19.8943,0.004749
scipy-powell,cold,7,1336,19.9090,0.004749
scipy-powell,cold,7,1337,19.9254,0.004749
scipy-powell,cold,7,1338,19.9415,0.004749
scipy-powell,cold,7,1339,19.9563,0.004748
scipy-powell,cold,7,1340,19.9710,0.004748
scipy-powell,cold,7,1341,19.9858,0.004748
scipy-powell,cold,7,1342,19.9998,0.004748
scipy-powell,cold,7,1344,20.0277,0.004748
scipy-powell,cold,7,1345,20.0430,0.004748
scipy-powell,cold,7,1346,20.0574,0.004748
scipy-powell,cold,7,1347,20.0720,0.004748
scipy-powell,cold,7,1348,20.0867,0.004748
scipy-powell,cold,7,1349,20.1035,0.004748
scipy-powell,cold,7,1350,20.1183,0.004748
scipy-powell,cold,7,1352,20.1489,0.004748
scipy-powell,cold,7,1353,20.1631,0.004748
scipy-powell,cold,7,1354,20.1780,0.004748
scipy-powell,cold,7,1355,20.1935,0.004748
scipy-powell,cold,7,1356,20.2085,0.004748
scipy-powell,cold,7,1357,20.2228,0.004748
scipy-powell,cold,7,1358,20.2397,0.004748
scipy-powell,cold,7,1359,20.2563,0.004748
scipy-powell,cold,7,1360,20.2717,0.004748
scipy-powell,cold,7,1361,20.2869,0.004748
scipy-powell,cold,7,1362,20.3031,0.004748
scipy-powell,cold,7,1363,20.3180,0.004748
scipy-powell,cold,7,1364,20.3337,0.004748
scipy-powell,cold,7,1365,20.3489,0.004748
scipy-powell,cold,7,1366,20.3643,0.004748
scipy-powell,cold,7,1367,20.3802,0.004748
scipy-powell,cold,7,1368,20.3947,0.004748
scipy-powell,cold,7,1369,20.4102,0.004748
scipy-powell,cold,7,1370,20.4258,0.004748
scipy-powell,cold,7,1371,20.4407,0.004748
scipy-powell,cold,7,1372,20.4553,0.004748
scipy-powell,cold,7,1373,20.4702,0.004748
scipy-powell,cold,7,1375,20.5005,0.004747
scipy-powell,cold,7,1376,20.5157,0.004745
scipy-powell,cold,7,1377,20.5334,0.004744
scipy-powell,cold,7,1378,20.5501,0.004744
scipy-powell,cold,7,1380,20.5799,0.004744
scipy-powell,cold,7,1381,20.5943,0.004744
scipy-powell,cold,7,1382,20.6107,0.004744
scipy-powell,cold,7,1383,20.6275,0.004744
scipy-powell,cold,7,1392,20.7685,0.004744
scipy-powell,cold,7,1398,20.8644,0.004744
scipy-powell,cold,7,1399,20.8798,0.004744
scipy-powell,cold,7,1400,20.8945,0.004744
scipy-powell,cold,7,1401,20.9091,0.004744
scipy-powell,cold,7,1402,20.9248,0.004744
scipy-powell,cold,7,1403,20.9403,0.004744
scipy-powell,cold,7,1408,21.0150,0.004744
scipy-powell,cold,7,1411,21.0586,0.004744
scipy-powell,cold,7,1415,21.1183,0.004742
scipy-powell,cold,7,1416,21.1322,0.004741
scipy-powell,cold,7,1418,21.1618,0.004741
scipy-powell,cold,7,1419,21.1769,0.004741
scipy-powell,cold,7,1420,21.1932,0.004741
scipy-powell,cold,7,1430,21.3481,0.004740
scipy-powell,cold,7,1433,21.3936,0.004740
scipy-powell,cold,7,1435,21.4274,0.004739
scipy-powell,cold,7,1436,21.4415,0.004739
scipy-powell,cold,7,1437,21.4554,0.004739
scipy-powell,cold,7,1439,21.4858,0.004739
scipy-powell,cold,7,1440,21.5009,0.004739
scipy-powell,cold,7,1441,21.5164,0.004739
scipy-powell,cold,7,1445,21.5772,0.004739
scipy-powell,cold,7,1446,21.5914,0.004739
scipy-powell,cold,7,1447,21.6058,0.004739
scipy-powell,cold,7,1448,21.6204,0.004739
scipy-powell,cold,7,1449,21.6338,0.004739
scipy-powell,cold,7,1450,21.6482,0.004739
scipy-powell,cold,7,1451,21.6632,0.004739
scipy-powell,cold,7,1452,21.6783,0.004739
scipy-powell,cold,7,1453,21.6933,0.004739
scipy-powell,cold,7,1454,21.7084,0.004739
scipy-powell,cold,7,1455,21.7227,0.004739
scipy-powell,cold,7,1456,21.7374,0.004739
scipy-powell,cold,7,1457,21.7520,0.004739
scipy-powell,cold,7,1458,21.7663,0.004739
scipy-powell,cold,7,1459,21.7813,0.004739
scipy-powell,cold,7,1460,21.7966,0.004739
scipy-powell,cold,7,1461,21.8106,0.004739
scipy-powell,cold,7,1462,21.8251,0.004739
scipy-powell,cold,7,1463,21.8401,0.004739
scipy-powell,cold,7,1464,21.8550,0.004739
scipy-powell,cold,7,1465,21.8693,0.004739
scipy-powell,cold,7,1466,21.8847,0.004739
scipy-powell,cold,7,1467,21.8998,0.004739
scipy-powell,cold,7,1468,21.9145,0.004739
scipy-powell,cold,7,1469,21.9289,0.004739
scipy-powell,cold,7,1470,21.9433,0.004739
scipy-powell,cold,7,1471,21.9578,0.004739
scipy-powell,cold,7,1472,21.9726,0.004739
scipy-powell,cold,7,1473,21.9884,0.004739
scipy-powell,cold,7,1474,22.0023,0.004739
scipy-powell,cold,7,1475,22.0180,0.004739
scipy-powell,cold,7,1476,22.0329,0.004739
scipy-powell,cold,7,1477,22.0476,0.004739
scipy-powell,cold,7,1478,22.0628,0.004739
scipy-powell,cold,7,1479,22.0781,0.004739
scipy-powell,cold,7,1480,22.0927,0.004739
scipy-powell,cold,7,1481,22.1071,0.004739
scipy-powell,cold,7,1484,22.1504,0.004739
scipy-powell,cold,7,1485,22.1649,0.004739
scipy-powell,cold,7,1487,22.1935,0.004739
scipy-powell,cold,7,1488,22.2083,0.004739
scipy-powell,cold,7,1489,22.2235,0.004739
scipy-powell,cold,7,1490,22.2389,0.004739
scipy-powell,cold,7,1491,22.2550,0.004739
scipy-powell,cold,7,1492,22.2708,0.004739
scipy-powell,cold,7,1497,22.3493,0.004739
scipy-powell,cold,7,1499,22.3789,0.004739
scipy-powell,cold,7,1505,22.4668,0.004737
scipy-powell,cold,7,1506,22.4820,0.004734
scipy-powell,cold,7,1507,22.4958,0.004732
scipy-powell,cold,7,1508,22.5102,0.004730
scipy-powell,cold,7,1509,22.5245,0.004730
scipy-powell,cold,7,1510,22.5400,0.004729
scipy-powell,cold,7,1511,22.5554,0.004729
scipy-powell,cold,7,1512,22.5697,0.004729
scipy-powell,cold,7,1513,22.5838,0.004729
scipy-powell,cold,7,1514,22.5978,0.004728
scipy-powell,cold,7,1515,22.6137,0.004728
scipy-powell,cold,7,1516,22.6281,0.004728
scipy-powell,cold,7,1517,22.6432,0.004728
scipy-powell,cold,7,1518,22.6579,0.004728
scipy-powell,cold,7,1519,22.6733,0.004728
scipy-powell,cold,7,1520,22.6880,0.004728
scipy-powell,cold,7,1521,22.7023,0.004728
scipy-powell,cold,7,1522,22.7176,0.004728
scipy-powell,cold,7,1523,22.7328,0.004728
scipy-powell,cold,7,1524,22.7473,0.004728
scipy-powell,cold,7,1525,22.7614,0.004728
scipy-powell,cold,7,1526,22.7759,0.004728
scipy-powell,cold,7,1527,22.7913,0.004728
scipy-powell,cold,7,1528,22.8069,0.004728
scipy-powell,cold,7,1529,22.8214,0.004728
scipy-powell,cold,7,1530,22.8375,0.004728
scipy-powell,cold,7,1531,22.8530,0.004728
scipy-powell,cold,7,1532,22.8678,0.004728
scipy-powell,cold,7,1533,22.8853,0.004728
scipy-powell,cold,7,1534,22.9007,0.004728
scipy-powell,cold,7,1535,22.9160,0.004728
scipy-powell,cold,7,1536,22.9328,0.004728
scipy-powell,cold,7,1537,22.9493,0.004728
scipy-powell,cold,7,1538,22.9646,0.004728
scipy-powell,cold,7,1539,22.9796,0.004728
scipy-powell,cold,7,1540,22.9944,0.004722
scipy-powell,cold,7,1542,23.0310,0.004718
scipy-powell,cold,7,1543,23.0477,0.004717
scipy-powell,cold,7,1544,23.0627,0.004717
scipy-powell,cold,7,1545,23.0783,0.004717
scipy-powell,cold,7,1547,23.1098,0.004717
scipy-powell,cold,7,1548,23.1259,0.004717
scipy-powell,cold,7,1550,23.1570,0.004717
scipy-powell,cold,7,1551,23.1726,0.004717
scipy-powell,cold,7,1552,23.1887,0.004717
scipy-powell,cold,7,1556,23.2545,0.004717
scipy-powell,cold,7,1560,23.3149,0.004717
scipy-powell,cold,7,1561,23.3296,0.004717
scipy-powell,cold,7,1562,23.3468,0.004717
scipy-powell,cold,7,1563,23.3619,0.004717
scipy-powell,cold,7,1565,23.3909,0.004717
scipy-powell,cold,7,1566,23.4059,0.004717
scipy-powell,cold,7,1567,23.4212,0.004717
scipy-powell,cold,7,1568,23.4364,0.004717
scipy-powell,cold,7,1581,23.6299,0.004717
scipy-powell,cold,7,1582,23.6452,0.004717
scipy-powell,cold,7,1583,23.6600,0.004717
scipy-powell,cold,7,1584,23.6740,0.004717
scipy-powell,cold,7,1585,23.6887,0.004717
scipy-powell,cold,7,1586,23.7046,0.004717
scipy-powell,cold,7,1592,23.7965,0.004717
scipy-powell,cold,7,1597,23.8749,0.004715
scipy-powell,cold,7,1599,23.9047,0.004715
scipy-powell,cold,7,1600,23.9194,0.004715
scipy-powell,cold,7,1601,23.9349,0.004715
scipy-powell,cold,7,1602,23.9496,0.004715
scipy-powell,cold,7,1603,23.9650,0.004715
scipy-powell,cold,7,1604,23.9793,0.004715
scipy-powell,cold,7,1611,24.0776,0.004715
scipy-powell,cold,7,1615,24.1354,0.004715
scipy-powell,cold,7,1617,24.1656,0.004715
scipy-powell,cold,7,1618,24.1826,0.004715
scipy-powell,cold,7,1619,24.1993,0.004715
scipy-powell,cold,7,1620,24.2156,0.004715
scipy-powell,cold,7,1621,24.2306,0.004715
scipy-powell,cold,7,1622,24.2487,0.004715
scipy-powell,cold,7,1631,24.3940,0.004702
scipy-powell,cold,7,1632,24.4091,0.004702
scipy-powell,cold,7,1633,24.4237,0.004702
scipy-powell,cold,7,1634,24.4390,0.004702
scipy-powell,cold,7,1635,24.4545,0.004702
scipy-powell,cold,7,1636,24.4683,0.004702
scipy-powell,cold,7,1637,24.4834,0.004702
scipy-powell,cold,7,1639,24.5121,0.004702
scipy-powell,cold,7,1646,24.6148,0.004701
scipy-powell,cold,7,1647,24.6304,0.004701
scipy-powell,cold,7,1649,24.6583,0.004701
scipy-powell,cold,7,1650,24.6726,0.004701
scipy-powell,cold,7,1651,24.6865,0.004701
scipy-powell,cold,7,1652,24.7003,0.004701
scipy-powell,cold,7,1653,24.7142,0.004701
scipy-powell,cold,7,1658,24.7860,0.004607
scipy-powell,cold,7,1661,24.8298,0.004587
scipy-powell,cold,7,1663,24.8587,0.004552
scipy-powell,cold,7,1664,24.8733,0.004550
scipy-powell,cold,7,1665,24.8882,0.004548
scipy-powell,cold,7,1667,24.9174,0.004548
scipy-powell,cold,7,1668,24.9326,0.004548
scipy-powell,cold,7,1669,24.9481,0.004548
scipy-powell,cold,7,1670,24.9633,0.004548
scipy-powell,cold,7,1679,25.0998,0.004547
scipy-powell,cold,7,1680,25.1140,0.004544
scipy-powell,cold,7,1681,25.1287,0.004544
scipy-powell,cold,7,1682,25.1435,0.004544
scipy-powell,cold,7,1683,25.1582,0.004544
scipy-powell,cold,7,1684,25.1722,0.004544
scipy-powell,cold,7,1693,25.2993,0.004543
scipy-powell,cold,7,1694,25.3133,0.004541
scipy-powell,cold,7,1695,25.3282,0.004541
scipy-powell,cold,7,1696,25.3419,0.004541
scipy-powell,cold,7,1697,25.3574,0.004541
scipy-powell,cold,7,1698,25.3727,0.004541
scipy-powell,cold,7,1710,25.5390,0.004540
scipy-powell,cold,7,1711,25.5529,0.004540
scipy-powell,cold,7,1712,25.5661,0.004540
scipy-powell,cold,7,1713,25.5790,0.004540
scipy-powell,cold,7,1714,25.5923,0.004540
scipy-powell,cold,7,1715,25.6056,0.004540
scipy-powell,cold,7,1716,25.6185,0.004540
scipy-powell,cold,7,1717,25.6320,0.004540
scipy-powell,cold,7,1718,25.6462,0.004540
scipy-powell,cold,7,1720,25.6739,0.004540
scipy-powell,cold,7,1721,25.6878,0.004540
scipy-powell,cold,7,1722,25.7019,0.004540
scipy-powell,cold,7,1723,25.7157,0.004540
scipy-powell,cold,7,1724,25.7301,0.004540
scipy-powell,cold,7,1725,25.7440,0.004540
scipy-powell,cold,7,1726,25.7575,0.004540
scipy-powell,cold,7,1727,25.7706,0.004540
scipy-powell,cold,7,1728,25.7834,0.004540
scipy-powell,cold,7,1742,25.9721,0.004540
scipy-powell,cold,7,1746,26.0271,0.004540
scipy-powell,cold,7,1747,26.0398,0.004540
scipy-powell,cold,7,1748,26.0535,0.004540
scipy-powell,cold,7,1749,26.0668,0.004540
scipy-powell,cold,7,1752,26.1087,0.004540
scipy-powell,cold,7,1753,26.1232,0.004540
scipy-powell,cold,7,1754,26.1375,0.004540
scipy-powell,cold,7,1755,26.1525,0.004540
scipy-powell,cold,7,1756,26.1674,0.004540
scipy-powell,cold,7,1757,26.1820,0.004540
scipy-powell,cold,7,1758,26.1963,0.004540
scipy-powell,cold,7,1759,26.2092,0.004540
scipy-powell,cold,7,1760,26.2224,0.004540
scipy-powell,cold,7,1761,26.2355,0.004540
scipy-powell,cold,7,1762,26.2511,0.004540
scipy-powell,cold,7,1763,26.2659,0.004540
scipy-powell,cold,7,1764,26.2802,0.004540
scipy-powell,cold,7,1765,26.2945,0.004540
scipy-powell,cold,7,1766,26.3083,0.004540
scipy-powell,cold,7,1767,26.3223,0.004540
scipy-powell,cold,7,1768,26.3356,0.004540
scipy-powell,cold,7,1769,26.3494,0.004540
scipy-powell,cold,7,1770,26.3636,0.004540
scipy-powell,cold,7,1771,26.3779,0.004540
scipy-powell,cold,7,1772,26.3918,0.004540
scipy-powell,cold,7,1773,26.4050,0.004540
scipy-powell,cold,7,1774,26.4184,0.004540
scipy-powell,cold,7,1775,26.4337,0.004540
scipy-powell,cold,7,1776,26.4482,0.004540
scipy-powell,cold,7,1777,26.4620,0.004540
scipy-powell,cold,7,1778,26.4762,0.004540
scipy-powell,cold,7,1779,26.4893,0.004540
scipy-powell,cold,7,1780,26.5037,0.004540
scipy-powell,cold,7,1781,26.5178,0.004540
scipy-powell,cold,7,1782,26.5316,0.004540
scipy-powell,cold,7,1783,26.5450,0.004540
scipy-powell,cold,7,1785,26.5724,0.004540
scipy-powell,cold,7,1787,26.6006,0.004540
scipy-powell,cold,7,1793,26.6873,0.004540
scipy-powell,cold,7,1805,26.8587,0.004540
scipy-powell,cold,7,1806,26.8729,0.004540
scipy-powell,cold,7,1807,26.8880,0.004540
scipy-powell,cold,7,1808,26.9024,0.004540
scipy-powell,cold,7,1809,26.9161,0.004540
scipy-powell,cold,7,1810,26.9296,0.004540
scipy-powell,cold,7,1811,26.9432,0.004540
scipy-powell,cold,7,1812,26.9567,0.004540
scipy-powell,cold,7,1813,26.9716,0.004540
scipy-powell,cold,7,1814,26.9863,0.004540
scipy-powell,cold,7,1815,26.9997,0.004540
scipy-powell,cold,7,1816,27.0135,0.004540
scipy-powell,cold,7,1817,27.0283,0.004540
scipy-powell,cold,7,1818,27.0424,0.004540
scipy-powell,cold,7,1819,27.0563,0.004540
scipy-powell,cold,7,1820,27.0705,0.004540
scipy-powell,cold,7,1821,27.0842,0.004540
scipy-powell,cold,7,1822,27.0983,0.004540
scipy-powell,cold,7,1823,27.1134,0.004540
scipy-powell,cold,7,1824,27.1282,0.004540
scipy-powell,cold,7,1825,27.1422,0.004540
scipy-powell,cold,7,1826,27.1564,0.004540
scipy-powell,cold,7,1827,27.1704,0.004540
scipy-powell,cold,7,1828,27.1850,0.004540
scipy-powell,cold,7,1829,27.1996,0.004540
scipy-powell,cold,7,1830,27.2132,0.004540
scipy-powell,cold,7,1831,27.2267,0.004540
scipy-powell,cold,7,1832,27.2399,0.004540
scipy-powell,cold,7,1833,27.2532,0.004540
scipy-powell,cold,7,1834,27.2673,0.004540
scipy-powell,cold,7,1835,27.2807,0.004540
scipy-powell,cold,7,1836,27.2939,0.004540
scipy-powell,cold,7,1837,27.3078,0.004540
scipy-powell,cold,7,1841,27.3614,0.004540
scipy-powell,cold,7,1843,27.3896,0.004540
scipy-powell,cold,7,1844,27.4028,0.004540
scipy-powell,cold,7,1845,27.4158,0.004540
scipy-powell,cold,7,1846,27.4294,0.004540
scipy-powell,cold,7,1847,27.4429,0.004540
scipy-powell,cold,7,1848,27.4564,0.004540
scipy-powell,cold,7,1849,27.4697,0.004540
scipy-powell,cold,7,1850,27.4838,0.004540
scipy-powell,cold,7,1851,27.4973,0.004540
scipy-powell,cold,7,1852,27.5114,0.004540
scipy-powell,cold,7,1853,27.5249,0.004540
scipy-powell,cold,7,1854,27.5388,0.004540
scipy-powell,cold,7,1855,27.5523,0.004540
scipy-powell,cold,7,1856,27.5666,0.004540
scipy-powell,cold,7,1857,27.7307,0.004540
scipy-powell,cold,7,1858,27.7463,0.004540
scipy-powell,cold,7,1859,27.7615,0.004540
scipy-powell,cold,7,1860,27.7776,0.004540
scipy-powell,cold,7,1861,27.7938,0.004540
scipy-powell,cold,7,1862,27.8095,0.004540
scipy-powell,cold,7,1863,27.8244,0.004540
scipy-powell,cold,7,1864,27.8400,0.004540
scipy-powell,cold,7,1865,27.8544,0.004540
scipy-powell,cold,7,1866,27.8692,0.004540
scipy-powell,cold,7,1867,27.8846,0.004540
scipy-powell,cold,7,1868,27.8989,0.004540
scipy-powell,cold,7,1869,27.9134,0.004540
scipy-powell,cold,7,1870,27.9273,0.004540
scipy-powell,cold,7,1871,27.9419,0.004540
scipy-powell,cold,7,1872,27.9568,0.004540
scipy-powell,cold,7,1873,27.9707,0.004540
scipy-powell,cold,7,1874,27.9845,0.004540
scipy-powell,cold,7,1875,27.9980,0.004540
scipy-powell,cold,7,1876,28.0122,0.004540
scipy-powell,cold,7,1877,28.0266,0.004540
scipy-powell,cold,7,1879,28.0554,0.004540
scipy-powell,cold,7,1881,28.0837,0.004540
scipy-powell,cold,7,1882,28.0973,0.004540
scipy-powell,cold,7,1883,28.1116,0.004540
scipy-powell,cold,7,1884,28.1263,0.004540
scipy-powell,cold,7,1890,28.2090,0.004540
scipy-powell,cold,7,1899,28.3393,0.004540
scipy-powell,cold,7,1901,28.3665,0.004540
scipy-powell,cold,7,1902,28.3810,0.004540
scipy-powell,cold,7,1903,28.3949,0.004540
scipy-powell,cold,7,1904,28.4095,0.004540
scipy-powell,cold,7,1905,28.4244,0.004540
scipy-powell,cold,7,1906,28.4393,0.004540
scipy-powell,cold,7,1907,28.4537,0.004540
scipy-powell,cold,7,1908,28.4684,0.004540
scipy-powell,cold,7,1909,28.4828,0.004540
scipy-powell,cold,7,1910,28.4960,0.004540
scipy-powell,cold,7,1911,28.5100,0.004540
scipy-powell,cold,7,1912,28.5238,0.004540
scipy-powell,cold,7,1913,28.5375,0.004540
scipy-powell,cold,7,1914,28.5561,0.004540
scipy-powell,cold,7,1915,28.5710,0.004540
scipy-powell,cold,7,1916,28.5855,0.004540
scipy-powell,cold,7,1917,28.6004,0.004540
scipy-powell,cold,7,1918,28.6164,0.004540
scipy-powell,cold,7,1919,28.6316,0.004540
scipy-powell,cold,7,1920,28.6463,0.004540
scipy-powell,cold,7,1921,28.6600,0.004540
scipy-powell,cold,7,1922,28.6748,0.004540
scipy-powell,cold,7,1923,28.6887,0.004540
scipy-powell,cold,7,1924,28.7033,0.004540
scipy-powell,cold,7,1925,28.7167,0.004540
scipy-powell,cold,7,1926,28.7311,0.004540
scipy-powell,cold,7,1927,28.7446,0.004540
scipy-powell,cold,7,1928,28.7578,0.004540
scipy-powell,cold,7,1929,28.7712,0.004540
scipy-powell,cold,7,1930,28.7849,0.004540
scipy-powell,cold,7,1931,28.7987,0.004540
scipy-powell,cold,7,1932,28.8127,0.004540
scipy-powell,cold,7,1933,28.8274,0.004540
scipy-powell,cold,7,1934,28.8481,0.004540
scipy-powell,cold,7,1935,28.8656,0.004540
scipy-powell,cold,7,1936,28.8818,0.004540
scipy-powell,cold,7,1937,28.8983,0.004540
scipy-powell,cold,7,1939,28.9293,0.004540
scipy-powell,cold,7,1940,28.9450,0.004540
scipy-powell,cold,7,1941,28.9604,0.004540
scipy-powell,cold,7,1942,28.9757,0.004540
scipy-powell,cold,7,1943,28.9921,0.004540
scipy-powell,cold,7,1944,29.0080,0.004540
scipy-powell,cold,7,1945,29.0241,0.004540
scipy-powell,cold,7,1950,29.1023,0.004540
scipy-powell,cold,7,1963,29.3174,0.004538
scipy-powell,cold,7,1964,29.3336,0.004534
scipy-powell,cold,7,1965,29.3488,0.004531
scipy-powell,cold,7,1966,29.3642,0.004530
scipy-powell,cold,7,1967,29.3809,0.004529
scipy-powell,cold,7,1968,29.3965,0.004528
scipy-powell,cold,7,1969,29.4142,0.004528
scipy-powell,cold,7,1970,29.4299,0.004528
scipy-powell,cold,7,1971,29.4459,0.004528
scipy-powell,cold,7,1972,29.4628,0.004528
scipy-powell,cold,7,1973,29.4778,0.004528
scipy-powell,cold,7,1974,29.4937,0.004528
scipy-powell,cold,7,1975,29.5124,0.004528
scipy-powell,cold,7,1976,29.5297,0.004528
scipy-powell,cold,7,1977,29.5459,0.004528
scipy-powell,cold,7,1978,29.5619,0.004528
scipy-powell,cold,7,1979,29.5775,0.004528
scipy-powell,cold,7,1980,29.5928,0.004528
scipy-powell,cold,7,1981,29.6086,0.004528
scipy-powell,cold,7,1982,29.6249,0.004528
scipy-powell,cold,7,1983,29.6425,0.004528
scipy-powell,cold,7,1984,29.6591,0.004528
scipy-powell,cold,7,1985,29.6750,0.004528
scipy-powell,cold,7,1986,29.6900,0.004528
scipy-powell,cold,7,1987,29.7064,0.004528
scipy-powell,cold,7,1988,29.7222,0.004528
scipy-powell,cold,7,1989,29.7378,0.004528
scipy-powell,cold,7,1990,29.7551,0.004528
scipy-powell,cold,7,1991,29.7719,0.004528
scipy-powell,cold,7,1992,29.7880,0.004528
scipy-powell,cold,7,1993,29.8049,0.004528
scipy-powell,cold,7,1994,29.8225,0.004528
scipy-powell,cold,7,1995,29.8379,0.004528
scipy-powell,cold,7,1996,29.8563,0.004528
scipy-powell,cold,7,1997,29.8738,0.004528
scipy-powell,cold,7,1998,29.8901,0.004528
scipy-powell,cold,7,1999,29.9049,0.004525
scipy-powell,cold,8,0,0.0000,0.006406
scipy-powell,cold,8,5,0.0948,0.006398
scipy-powell,cold,8,6,0.1093,0.006391
scipy-powell,cold,8,7,0.1249,0.006387
scipy-powell,cold,8,8,0.1425,0.006384
scipy-powell,cold,8,9,0.1572,0.006383
scipy-powell,cold,8,10,0.1719,0.006382
scipy-powell,cold,8,11,0.1871,0.006381
scipy-powell,cold,8,12,0.2012,0.006381
scipy-powell,cold,8,13,0.2161,0.006381
scipy-powell,cold,8,14,0.2323,0.006381
scipy-powell,cold,8,15,0.2480,0.006381
scipy-powell,cold,8,16,0.2637,0.006380
scipy-powell,cold,8,17,0.2800,0.006380
scipy-powell,cold,8,18,0.2966,0.006380
scipy-powell,cold,8,19,0.3124,0.006380
scipy-powell,cold,8,20,0.3282,0.006380
scipy-powell,cold,8,21,0.3440,0.006380
scipy-powell,cold,8,22,0.3592,0.006380
scipy-powell,cold,8,23,0.3746,0.006380
scipy-powell,cold,8,24,0.3902,0.006380
scipy-powell,cold,8,25,0.4075,0.006380
scipy-powell,cold,8,26,0.4254,0.006380
scipy-powell,cold,8,27,0.4420,0.006380
scipy-powell,cold,8,28,0.4597,0.006380
scipy-powell,cold,8,29,0.4771,0.006380
scipy-powell,cold,8,30,0.4934,0.006380
scipy-powell,cold,8,31,0.5100,0.006380
scipy-powell,cold,8,32,0.5268,0.006380
scipy-powell,cold,8,33,0.5428,0.006380
scipy-powell,cold,8,34,0.5594,0.006380
scipy-powell,cold,8,35,0.5760,0.006380
scipy-powell,cold,8,36,0.5927,0.006380
scipy-powell,cold,8,37,0.6090,0.006380
scipy-powell,cold,8,38,0.6243,0.006380
scipy-powell,cold,8,39,0.6399,0.006380
scipy-powell,cold,8,40,0.6556,0.006356
scipy-powell,cold,8,42,0.6880,0.006345
scipy-powell,cold,8,46,0.7518,0.006345
scipy-powell,cold,8,47,0.7662,0.006345
scipy-powell,cold,8,48,0.7828,0.006345
scipy-powell,cold,8,49,0.7980,0.006345
scipy-powell,cold,8,50,0.8161,0.006345
scipy-powell,cold,8,59,0.9570,0.006325
scipy-powell,cold,8,60,0.9723,0.006310
scipy-powell,cold,8,61,0.9874,0.006302
scipy-powell,cold,8,62,1.0025,0.006297
scipy-powell,cold,8,63,1.0186,0.006294
scipy-powell,cold,8,64,1.0332,0.006292
scipy-powell,cold,8,65,1.0499,0.006291
scipy-powell,cold,8,66,1.0661,0.006290
scipy-powell,cold,8,67,1.0823,0.006290
scipy-powell,cold,8,68,1.0982,0.006290
scipy-powell,cold,8,69,1.1131,0.006289
scipy-powell,cold,8,70,1.1279,0.006289
scipy-powell,cold,8,71,1.1432,0.006289
scipy-powell,cold,8,72,1.1575,0.006289
scipy-powell,cold,8,73,1.1713,0.006289
scipy-powell,cold,8,74,1.1858,0.006289
scipy-powell,cold,8,75,1.1998,0.006289
scipy-powell,cold,8,76,1.2138,0.006289
scipy-powell,cold,8,77,1.2274,0.006289
scipy-powell,cold,8,78,1.2420,0.006289
scipy-powell,cold,8,79,1.2566,0.006289
scipy-powell,cold,8,80,1.2731,0.006289
scipy-powell,cold,8,81,1.2887,0.006289
scipy-powell,cold,8,82,1.3055,0.006289
scipy-powell,cold,8,83,1.3208,0.006289
scipy-powell,cold,8,84,1.3368,0.006289
scipy-powell,cold,8,85,1.3520,0.006289
scipy-powell,cold,8,86,1.3672,0.006289
scipy-powell,cold,8,87,1.3824,0.006289
scipy-powell,cold,8,88,1.3979,0.006289
scipy-powell,cold,8,89,1.4126,0.006289
scipy-powell,cold,8,90,1.4278,0.006289
scipy-powell,cold,8,91,1.4441,0.006289
scipy-powell,cold,8,92,1.4581,0.006289
scipy-powell,cold,8,93,1.4738,0.006289
scipy-powell,cold,8,94,1.4910,0.006228
scipy-powell,cold,8,95,1.5069,0.006216
scipy-powell,cold,8,97,1.5376,0.006213
scipy-powell,cold,8,98,1.5519,0.006213
scipy-powell,cold,8,99,1.5670,0.006213
scipy-powell,cold,8,100,1.5821,0.006213
scipy-powell,cold,8,101,1.5984,0.006213
scipy-powell,cold,8,105,1.6593,0.006213
scipy-powell,cold,8,107,1.6897,0.006159
scipy-powell,cold,8,111,1.7492,0.006152
scipy-powell,cold,8,113,1.7806,0.006151
scipy-powell,cold,8,114,1.7952,0.006151
scipy-powell,cold,8,115,1.8095,0.006151
scipy-powell,cold,8,116,1.8240,0.006151
scipy-powell,cold,8,117,1.8393,0.006151
scipy-powell,cold,8,118,1.8598,0.006151
scipy-powell,cold,8,119,1.8766,0.006151
scipy-powell,cold,8,120,1.8933,0.006151
scipy-powell,cold,8,129,2.0360,0.006148
scipy-powell,cold,8,132,2.0852,0.006148
scipy-powell,cold,8,133,2.1002,0.006148
scipy-powell,cold,8,134,2.1156,0.006148
scipy-powell,cold,8,135,2.1332,0.006148
scipy-powell,cold,8,136,2.1481,0.006148
scipy-powell,cold,8,137,2.1635,0.006148
scipy-powell,cold,8,143,2.2546,0.006146
scipy-powell,cold,8,144,2.2706,0.006136
scipy-powell,cold,8,145,2.2849,0.006136
scipy-powell,cold,8,146,2.2998,0.006136
scipy-powell,cold,8,147,2.3152,0.006136
scipy-powell,cold,8,148,2.3298,0.006136
scipy-powell,cold,8,149,2.3450,0.006136
scipy-powell,cold,8,155,2.4358,0.006136
scipy-powell,cold,8,156,2.4507,0.006136
scipy-powell,cold,8,157,2.4646,0.006136
scipy-powell,cold,8,158,2.4807,0.006136
scipy-powell,cold,8,159,2.4961,0.006136
scipy-powell,cold,8,160,2.5117,0.006136
scipy-powell,cold,8,161,2.5279,0.006136
scipy-powell,cold,8,178,2.7853,0.006136
scipy-powell,cold,8,183,2.8651,0.006128
scipy-powell,cold,8,185,2.8965,0.006128
scipy-powell,cold,8,186,2.9112,0.006128
scipy-powell,cold,8,188,2.9424,0.006128
scipy-powell,cold,8,190,2.9739,0.006128
scipy-powell,cold,8,191,2.9892,0.006128
scipy-powell,cold,8,192,3.0040,0.006128
scipy-powell,cold,8,196,3.0640,0.006128
scipy-powell,cold,8,208,3.2413,0.006128
scipy-powell,cold,8,209,3.2560,0.006128
scipy-powell,cold,8,210,3.2714,0.006128
scipy-powell,cold,8,211,3.2862,0.006128
scipy-powell,cold,8,213,3.3160,0.006128
scipy-powell,cold,8,214,3.3316,0.006128
scipy-powell,cold,8,222,3.4555,0.006128
scipy-powell,cold,8,227,3.5296,0.006128
scipy-powell,cold,8,228,3.5453,0.006128
scipy-powell,cold,8,229,3.5595,0.006128
scipy-powell,cold,8,230,3.5742,0.006128
scipy-powell,cold,8,231,3.5901,0.006128
scipy-powell,cold,8,232,3.6048,0.006128
scipy-powell,cold,8,233,3.6207,0.006128
scipy-powell,cold,8,234,3.6352,0.006128
scipy-powell,cold,8,249,3.8627,0.006127
scipy-powell,cold,8,250,3.8779,0.006127
scipy-powell,cold,8,251,3.8923,0.006127
scipy-powell,cold,8,252,3.9073,0.006127
scipy-powell,cold,8,253,3.9234,0.006127
scipy-powell,cold,8,255,3.9542,0.006127
scipy-powell,cold,8,256,3.9694,0.006127
scipy-powell,cold,8,257,3.9851,0.006127
scipy-powell,cold,8,267,4.1390,0.006126
scipy-powell,cold,8,269,4.1684,0.006126
scipy-powell,cold,8,270,4.1839,0.006126
scipy-powell,cold,8,271,4.1978,0.006126
scipy-powell,cold,8,272,4.2122,0.006126
scipy-powell,cold,8,273,4.2265,0.006126
scipy-powell,cold,8,274,4.2420,0.006126
scipy-powell,cold,8,280,4.3320,0.006126
scipy-powell,cold,8,286,4.4247,0.006125
scipy-powell,cold,8,288,4.4535,0.006125
scipy-powell,cold,8,289,4.4680,0.006125
scipy-powell,cold,8,291,4.4984,0.006125
scipy-powell,cold,8,292,4.5148,0.006125
scipy-powell,cold,8,293,4.5323,0.006125
scipy-powell,cold,8,294,4.5464,0.006125
scipy-powell,cold,8,295,4.5619,0.006125
scipy-powell,cold,8,302,4.6692,0.006123
scipy-powell,cold,8,304,4.7015,0.006121
scipy-powell,cold,8,305,4.7171,0.006121
scipy-powell,cold,8,306,4.7331,0.006121
scipy-powell,cold,8,307,4.7484,0.006121
scipy-powell,cold,8,308,4.7637,0.006121
scipy-powell,cold,8,309,4.7793,0.006121
scipy-powell,cold,8,310,4.7947,0.006121
scipy-powell,cold,8,318,4.9120,0.006121
scipy-powell,cold,8,319,4.9266,0.006121
scipy-powell,cold,8,320,4.9414,0.006121
scipy-powell,cold,8,322,4.9726,0.006121
scipy-powell,cold,8,323,4.9868,0.006121
scipy-powell,cold,8,324,5.0010,0.006121
scipy-powell,cold,8,325,5.0161,0.006121
scipy-powell,cold,8,326,5.0310,0.006121
scipy-powell,cold,8,327,5.0453,0.006121
scipy-powell,cold,8,329,5.0762,0.006121
scipy-powell,cold,8,334,5.1511,0.006121
scipy-powell,cold,8,337,5.1952,0.006119
scipy-powell,cold,8,338,5.2104,0.006117
scipy-powell,cold,8,339,5.2267,0.006116
scipy-powell,cold,8,340,5.2421,0.006116
scipy-powell,cold,8,341,5.2557,0.006115
scipy-powell,cold,8,342,5.2710,0.006115
scipy-powell,cold,8,343,5.2859,0.006115
scipy-powell,cold,8,344,5.2998,0.006115
scipy-powell,cold,8,345,5.3148,0.006114
scipy-powell,cold,8,346,5.3305,0.006114
scipy-powell,cold,8,347,5.3449,0.006114
scipy-powell,cold,8,348,5.3597,0.006114
scipy-powell,cold,8,349,5.3744,0.006114
scipy-powell,cold,8,350,5.3885,0.006114
scipy-powell,cold,8,351,5.4031,0.006114
scipy-powell,cold,8,352,5.4174,0.006114
scipy-powell,cold,8,353,5.4321,0.006114
scipy-powell,cold,8,354,5.4463,0.006114
scipy-powell,cold,8,355,5.4605,0.006114
scipy-powell,cold,8,356,5.4747,0.006114
scipy-powell,cold,8,357,5.4892,0.006114
scipy-powell,cold,8,358,5.5036,0.006114
scipy-powell,cold,8,359,5.5180,0.006114
scipy-powell,cold,8,360,5.5328,0.006114
scipy-powell,cold,8,361,5.5476,0.006114
scipy-powell,cold,8,362,5.5622,0.006114
scipy-powell,cold,8,363,5.5773,0.006114
scipy-powell,cold,8,364,5.5922,0.006114
scipy-powell,cold,8,365,5.6064,0.006114
scipy-powell,cold,8,366,5.6210,0.006114
scipy-powell,cold,8,367,5.6361,0.006114
scipy-powell,cold,8,368,5.6508,0.006114
scipy-powell,cold,8,369,5.6664,0.006114
scipy-powell,cold,8,370,5.6816,0.006114
scipy-powell,cold,8,371,5.6973,0.006114
scipy-powell,cold,8,372,5.7128,0.006113
scipy-powell,cold,8,374,5.7424,0.006108
scipy-powell,cold,8,375,5.7567,0.006106
scipy-powell,cold,8,377,5.7873,0.006106
scipy-powell,cold,8,378,5.8024,0.006106
scipy-powell,cold,8,379,5.8192,0.006106
scipy-powell,cold,8,381,5.8483,0.006106
scipy-powell,cold,8,382,5.8647,0.006106
scipy-powell,cold,8,383,5.8786,0.006106
scipy-powell,cold,8,384,5.8929,0.006106
scipy-powell,cold,8,392,6.0169,0.006080
scipy-powell,cold,8,394,6.0462,0.006035
scipy-powell,cold,8,395,6.0622,0.006009
scipy-powell,cold,8,396,6.0772,0.005996
scipy-powell,cold,8,397,6.0928,0.005991
scipy-powell,cold,8,398,6.1088,0.005987
scipy-powell,cold,8,399,6.1243,0.005986
scipy-powell,cold,8,400,6.1410,0.005985
scipy-powell,cold,8,401,6.1562,0.005984
scipy-powell,cold,8,402,6.1712,0.005984
scipy-powell,cold,8,403,6.1859,0.005984
scipy-powell,cold,8,404,6.2011,0.005984
scipy-powell,cold,8,405,6.2167,0.005984
scipy-powell,cold,8,406,6.2331,0.005984
scipy-powell,cold,8,407,6.2475,0.005983
scipy-powell,cold,8,408,6.2631,0.005983
scipy-powell,cold,8,409,6.2811,0.005983
scipy-powell,cold,8,410,6.2967,0.005983
scipy-powell,cold,8,411,6.3125,0.005983
scipy-powell,cold,8,412,6.3278,0.005983
scipy-powell,cold,8,413,6.3435,0.005983
scipy-powell,cold,8,414,6.3583,0.005983
scipy-powell,cold,8,415,6.3738,0.005983
scipy-powell,cold,8,416,6.3891,0.005983
scipy-powell,cold,8,417,6.4051,0.005983
scipy-powell,cold,8,418,6.4218,0.005983
scipy-powell,cold,8,419,6.4373,0.005983
scipy-powell,cold,8,420,6.4525,0.005983
scipy-powell,cold,8,421,6.4676,0.005983
scipy-powell,cold,8,422,6.4828,0.005983
scipy-powell,cold,8,423,6.4973,0.005983
scipy-powell,cold,8,424,6.5118,0.005983
scipy-powell,cold,8,425,6.5269,0.005983
scipy-powell,cold,8,426,6.5426,0.005983
scipy-powell,cold,8,427,6.5579,0.005983
scipy-powell,cold,8,430,6.6033,0.005970
scipy-powell,cold,8,431,6.6191,0.005962
scipy-powell,cold,8,432,6.6356,0.005956
scipy-powell,cold,8,433,6.6507,0.005956
scipy-powell,cold,8,434,6.6653,0.005956
scipy-powell,cold,8,435,6.6798,0.005956
scipy-powell,cold,8,436,6.6938,0.005956
scipy-powell,cold,8,437,6.7078,0.005956
scipy-powell,cold,8,438,6.7228,0.005956
scipy-powell,cold,8,439,6.7380,0.005956
scipy-powell,cold,8,440,6.7548,0.005956
scipy-powell,cold,8,441,6.7699,0.005956
scipy-powell,cold,8,442,6.7845,0.005956
scipy-powell,cold,8,445,6.8277,0.005956
scipy-powell,cold,8,450,6.9049,0.005947
scipy-powell,cold,8,451,6.9193,0.005929
scipy-powell,cold,8,452,6.9352,0.005927
scipy-powell,cold,8,453,6.9508,0.005925
scipy-powell,cold,8,454,6.9661,0.005925
scipy-powell,cold,8,455,6.9802,0.005925
scipy-powell,cold,8,457,7.0077,0.005925
scipy-powell,cold,8,458,7.0219,0.005925
scipy-powell,cold,8,459,7.0357,0.005925
scipy-powell,cold,8,460,7.0498,0.005925
scipy-powell,cold,8,461,7.0645,0.005925
scipy-powell,cold,8,462,7.0793,0.005925
scipy-powell,cold,8,486,7.4239,0.005925
scipy-powell,cold,8,487,7.4385,0.005925
scipy-powell,cold,8,488,7.4536,0.005925
scipy-powell,cold,8,489,7.4693,0.005925
scipy-powell,cold,8,495,7.5592,0.005848
scipy-powell,cold,8,497,7.5922,0.005847
scipy-powell,cold,8,499,7.6246,0.005818
scipy-powell,cold,8,501,7.6559,0.005817
scipy-powell,cold,8,502,7.6716,0.005817
scipy-powell,cold,8,503,7.6871,0.005817
scipy-powell,cold,8,505,7.7168,0.005817
scipy-powell,cold,8,506,7.7322,0.005817
scipy-powell,cold,8,507,7.7478,0.005817
scipy-powell,cold,8,509,7.7773,0.005797
scipy-powell,cold,8,511,7.8062,0.005703
scipy-powell,cold,8,513,7.8357,0.005703
scipy-powell,cold,8,514,7.8518,0.005693
scipy-powell,cold,8,516,7.8817,0.005693
scipy-powell,cold,8,517,7.8965,0.005693
scipy-powell,cold,8,518,7.9135,0.005693
scipy-powell,cold,8,519,7.9303,0.005693
scipy-powell,cold,8,520,7.9458,0.005693
scipy-powell,cold,8,521,7.9605,0.005693
scipy-powell,cold,8,529,8.0794,0.005693
scipy-powell,cold,8,530,8.0935,0.005693
scipy-powell,cold,8,531,8.1080,0.005693
scipy-powell,cold,8,532,8.1230,0.005693
scipy-powell,cold,8,533,8.1382,0.005693
scipy-powell,cold,8,549,8.3829,0.005688
scipy-powell,cold,8,551,8.4138,0.005688
scipy-powell,cold,8,552,8.4292,0.005688
scipy-powell,cold,8,553,8.4451,0.005688
scipy-powell,cold,8,554,8.4608,0.005688
scipy-powell,cold,8,555,8.4765,0.005688
scipy-powell,cold,8,561,8.5678,0.005687
scipy-powell,cold,8,566,8.6455,0.005687
scipy-powell,cold,8,567,8.6605,0.005687
scipy-powell,cold,8,568,8.6765,0.005687
scipy-powell,cold,8,569,8.6911,0.005687
scipy-powell,cold,8,570,8.7091,0.005687
scipy-powell,cold,8,571,8.7264,0.005687
scipy-powell,cold,8,581,8.8849,0.005687
scipy-powell,cold,8,584,8.9283,0.005677
scipy-powell,cold,8,586,8.9573,0.005673
scipy-powell,cold,8,587,8.9734,0.005672
scipy-powell,cold,8,588,8.9878,0.005672
scipy-powell,cold,8,590,9.0181,0.005672
scipy-powell,cold,8,591,9.0335,0.005672
scipy-powell,cold,8,592,9.0494,0.005672
scipy-powell,cold,8,593,9.0645,0.005672
scipy-powell,cold,8,594,9.0799,0.005672
scipy-powell,cold,8,610,9.3213,0.005672
scipy-powell,cold,8,611,9.3358,0.005672
scipy-powell,cold,8,612,9.3504,0.005672
scipy-powell,cold,8,614,9.3787,0.005672
scipy-powell,cold,8,615,9.3934,0.005672
scipy-powell,cold,8,616,9.4074,0.005672
scipy-powell,cold,8,628,9.5893,0.005672
scipy-powell,cold,8,629,9.6058,0.005670
scipy-powell,cold,8,630,9.6203,0.005668
scipy-powell,cold,8,631,9.6350,0.005668
scipy-powell,cold,8,632,9.6495,0.005667
scipy-powell,cold,8,633,9.6632,0.005667
scipy-powell,cold,8,634,9.6779,0.005667
scipy-powell,cold,8,635,9.6921,0.005667
scipy-powell,cold,8,636,9.7061,0.005667
scipy-powell,cold,8,637,9.7208,0.005667
scipy-powell,cold,8,638,9.7345,0.005667
scipy-powell,cold,8,639,9.7490,0.005667
scipy-powell,cold,8,640,9.7656,0.005667
scipy-powell,cold,8,641,9.7814,0.005667
scipy-powell,cold,8,642,9.7960,0.005667
scipy-powell,cold,8,643,9.8109,0.005667
scipy-powell,cold,8,644,9.8304,0.005667
scipy-powell,cold,8,645,9.8499,0.005667
scipy-powell,cold,8,646,9.8673,0.005667
scipy-powell,cold,8,647,9.8833,0.005667
scipy-powell,cold,8,648,9.9001,0.005667
scipy-powell,cold,8,649,9.9161,0.005667
scipy-powell,cold,8,650,9.9314,0.005667
scipy-powell,cold,8,651,9.9463,0.005667
scipy-powell,cold,8,652,9.9608,0.005667
scipy-powell,cold,8,653,9.9762,0.005667
scipy-powell,cold,8,654,9.9921,0.005667
scipy-powell,cold,8,655,10.0068,0.005667
scipy-powell,cold,8,656,10.0209,0.005667
scipy-powell,cold,8,657,10.0361,0.005667
scipy-powell,cold,8,658,10.0505,0.005667
scipy-powell,cold,8,659,10.0654,0.005667
scipy-powell,cold,8,660,10.0797,0.005667
scipy-powell,cold,8,661,10.0944,0.005667
scipy-powell,cold,8,662,10.1092,0.005667
scipy-powell,cold,8,663,10.1243,0.005667
scipy-powell,cold,8,664,10.1393,0.005667
scipy-powell,cold,8,665,10.1543,0.005667
scipy-powell,cold,8,668,10.1976,0.005667
scipy-powell,cold,8,669,10.2122,0.005667
scipy-powell,cold,8,670,10.2262,0.005667
scipy-powell,cold,8,671,10.2411,0.005667
scipy-powell,cold,8,679,10.3563,0.005667
scipy-powell,cold,8,685,10.4479,0.005667
scipy-powell,cold,8,686,10.4629,0.005667
scipy-powell,cold,8,687,10.4776,0.005667
scipy-powell,cold,8,688,10.4923,0.005667
scipy-powell,cold,8,689,10.5070,0.005667
scipy-powell,cold,8,690,10.5215,0.005667
scipy-powell,cold,8,691,10.5362,0.005667
scipy-powell,cold,8,692,10.5511,0.005667
scipy-powell,cold,8,693,10.5655,0.005667
scipy-powell,cold,8,694,10.5803,0.005667
scipy-powell,cold,8,695,10.5949,0.005667
scipy-powell,cold,8,696,10.6094,0.005667
scipy-powell,cold,8,697,10.6246,0.005667
scipy-powell,cold,8,698,10.6391,0.005667
scipy-powell,cold,8,699,10.6541,0.005667
scipy-powell,cold,8,700,10.6691,0.005667
scipy-powell,cold,8,701,10.6840,0.005667
scipy-powell,cold,8,702,10.6985,0.005667
scipy-powell,cold,8,703,10.7129,0.005667
scipy-powell,cold,8,704,10.7289,0.005667
scipy-powell,cold,8,705,10.7438,0.005667
scipy-powell,cold,8,706,10.7591,0.005667
scipy-powell,cold,8,707,10.7737,0.005667
scipy-powell,cold,8,708,10.7879,0.005667
scipy-powell,cold,8,709,10.8024,0.005667
scipy-powell,cold,8,710,10.8188,0.005667
scipy-powell,cold,8,711,10.8339,0.005667
scipy-powell,cold,8,712,10.8503,0.005667
scipy-powell,cold,8,713,10.8664,0.005667
scipy-powell,cold,8,714,10.8816,0.005667
scipy-powell,cold,8,715,10.8972,0.005667
scipy-powell,cold,8,716,10.9130,0.005667
scipy-powell,cold,8,717,10.9288,0.005667
scipy-powell,cold,8,718,10.9438,0.005667
scipy-powell,cold,8,719,10.9588,0.005667
scipy-powell,cold,8,721,10.9891,0.005667
scipy-powell,cold,8,722,11.0042,0.005667
scipy-powell,cold,8,723,11.0197,0.005667
scipy-powell,cold,8,724,11.0352,0.005667
scipy-powell,cold,8,725,11.0502,0.005667
scipy-powell,cold,8,726,11.0651,0.005667
scipy-powell,cold,8,727,11.0804,0.005667
scipy-powell,cold,8,728,11.0944,0.005667
scipy-powell,cold,8,729,11.1090,0.005667
scipy-powell,cold,8,730,11.1240,0.005667
scipy-powell,cold,8,740,11.2708,0.005667
scipy-powell,cold,8,741,11.2855,0.005667
scipy-powell,cold,8,742,11.3007,0.005667
scipy-powell,cold,8,743,11.3157,0.005667
scipy-powell,cold,8,744,11.3303,0.005667
scipy-powell,cold,8,745,11.3453,0.005667
scipy-powell,cold,8,746,11.3612,0.005667
scipy-powell,cold,8,747,11.3759,0.005667
scipy-powell,cold,8,748,11.3910,0.005667
scipy-powell,cold,8,749,11.4060,0.005667
scipy-powell,cold,8,750,11.4198,0.005667
scipy-powell,cold,8,751,11.4342,0.005667
scipy-powell,cold,8,752,11.4485,0.005667
scipy-powell,cold,8,753,11.4625,0.005667
scipy-powell,cold,8,754,11.4758,0.005667
scipy-powell,cold,8,755,11.4898,0.005667
scipy-powell,cold,8,756,11.5047,0.005667
scipy-powell,cold,8,757,11.5189,0.005667
scipy-powell,cold,8,758,11.5325,0.005667
scipy-powell,cold,8,759,11.5467,0.005667
scipy-powell,cold,8,760,11.5610,0.005667
scipy-powell,cold,8,761,11.5752,0.005667
scipy-powell,cold,8,762,11.5895,0.005667
scipy-powell,cold,8,763,11.6035,0.005667
scipy-powell,cold,8,764,11.6175,0.005667
scipy-powell,cold,8,765,11.6312,0.005667
scipy-powell,cold,8,766,11.6463,0.005667
scipy-powell,cold,8,767,11.6607,0.005667
scipy-powell,cold,8,768,11.6750,0.005667
scipy-powell,cold,8,769,11.6887,0.005667
scipy-powell,cold,8,770,11.7027,0.005667
scipy-powell,cold,8,771,11.7175,0.005667
scipy-powell,cold,8,772,11.7323,0.005667
scipy-powell,cold,8,773,11.7474,0.005667
scipy-powell,cold,8,774,11.7631,0.005667
scipy-powell,cold,8,775,11.7779,0.005667
scipy-powell,cold,8,776,11.7931,0.005667
scipy-powell,cold,8,777,11.8070,0.005666
scipy-powell,cold,8,779,11.8350,0.005660
scipy-powell,cold,8,780,11.8501,0.005653
scipy-powell,cold,8,781,11.8645,0.005648
scipy-powell,cold,8,782,11.8800,0.005645
scipy-powell,cold,8,783,11.8943,0.005643
scipy-powell,cold,8,784,11.9089,0.005641
scipy-powell,cold,8,785,11.9248,0.005641
scipy-powell,cold,8,786,11.9402,0.005640
scipy-powell,cold,8,787,11.9553,0.005640
scipy-powell,cold,8,788,11.9703,0.005640
scipy-powell,cold,8,789,11.9849,0.005639
scipy-powell,cold,8,790,11.9997,0.005639
scipy-powell,cold,8,791,12.0142,0.005639
scipy-powell,cold,8,792,12.0287,0.005639
scipy-powell,cold,8,793,12.0417,0.005639
scipy-powell,cold,8,794,12.0559,0.005639
scipy-powell,cold,8,795,12.0697,0.005639
scipy-powell,cold,8,796,12.0837,0.005639
scipy-powell,cold,8,797,12.0970,0.005639
scipy-powell,cold,8,798,12.1114,0.005639
scipy-powell,cold,8,799,12.1260,0.005639
scipy-powell,cold,8,800,12.1408,0.005639
scipy-powell,cold,8,801,12.1555,0.005639
scipy-powell,cold,8,802,12.1703,0.005639
scipy-powell,cold,8,803,12.1845,0.005639
scipy-powell,cold,8,804,12.1984,0.005639
scipy-powell,cold,8,805,12.2134,0.005639
scipy-powell,cold,8,806,12.2280,0.005639
scipy-powell,cold,8,807,12.2428,0.005639
scipy-powell,cold,8,808,12.2591,0.005639
scipy-powell,cold,8,809,12.2741,0.005639
scipy-powell,cold,8,810,12.2884,0.005639
scipy-powell,cold,8,811,12.3034,0.005639
scipy-powell,cold,8,812,12.3182,0.005639
scipy-powell,cold,8,813,12.3323,0.005639
scipy-powell,cold,8,814,12.3461,0.005639
scipy-powell,cold,8,815,12.3597,0.005596
scipy-powell,cold,8,817,12.3888,0.005591
scipy-powell,cold,8,818,12.4038,0.005591
scipy-powell,cold,8,819,12.4181,0.005591
scipy-powell,cold,8,820,12.4320,0.005591
scipy-powell,cold,8,822,12.4606,0.005590
scipy-powell,cold,8,823,12.4762,0.005588
scipy-powell,cold,8,824,12.4914,0.005588
scipy-powell,cold,8,825,12.5059,0.005587
scipy-powell,cold,8,826,12.5194,0.005587
scipy-powell,cold,8,827,12.5338,0.005587
scipy-powell,cold,8,828,12.5471,0.005587
scipy-powell,cold,8,829,12.5611,0.005587
scipy-powell,cold,8,830,12.5770,0.005587
scipy-powell,cold,8,831,12.5916,0.005587
scipy-powell,cold,8,832,12.6054,0.005587
scipy-powell,cold,8,833,12.6185,0.005587
scipy-powell,cold,8,834,12.6330,0.005587
scipy-powell,cold,8,835,12.6470,0.005587
scipy-powell,cold,8,836,12.6611,0.005587
scipy-powell,cold,8,837,12.6753,0.005587
scipy-powell,cold,8,838,12.6901,0.005587
scipy-powell,cold,8,839,12.7045,0.005587
scipy-powell,cold,8,840,12.7188,0.005587
scipy-powell,cold,8,841,12.7338,0.005587
scipy-powell,cold,8,842,12.7470,0.005587
scipy-powell,cold,8,843,12.7606,0.005587
scipy-powell,cold,8,844,12.7747,0.005587
scipy-powell,cold,8,845,12.7892,0.005587
scipy-powell,cold,8,846,12.8042,0.005587
scipy-powell,cold,8,847,12.8189,0.005587
scipy-powell,cold,8,848,12.8334,0.005587
scipy-powell,cold,8,849,12.8482,0.005587
scipy-powell,cold,8,850,12.8632,0.005587
scipy-powell,cold,8,851,12.8769,0.005587
scipy-powell,cold,8,852,12.8908,0.005587
scipy-powell,cold,8,853,12.9055,0.005587
scipy-powell,cold,8,854,12.9206,0.005587
scipy-powell,cold,8,855,12.9353,0.005587
scipy-powell,cold,8,856,12.9500,0.005587
scipy-powell,cold,8,860,13.0097,0.005587
scipy-powell,cold,8,862,13.0393,0.005587
scipy-powell,cold,8,863,13.0541,0.005587
scipy-powell,cold,8,864,13.0694,0.005587
scipy-powell,cold,8,865,13.0851,0.005587
scipy-powell,cold,8,867,13.1135,0.005587
scipy-powell,cold,8,876,13.2402,0.005586
scipy-powell,cold,8,878,13.2698,0.005585
scipy-powell,cold,8,880,13.2970,0.005584
scipy-powell,cold,8,881,13.3112,0.005584
scipy-powell,cold,8,882,13.3260,0.005584
scipy-powell,cold,8,883,13.3406,0.005584
scipy-powell,cold,8,884,13.3547,0.005584
scipy-powell,cold,8,885,13.3691,0.005584
scipy-powell,cold,8,886,13.3832,0.005584
scipy-powell,cold,8,896,13.5254,0.005581
scipy-powell,cold,8,897,13.5405,0.005578
scipy-powell,cold,8,898,13.5543,0.005576
scipy-powell,cold,8,899,13.5677,0.005576
scipy-powell,cold,8,900,13.5825,0.005575
scipy-powell,cold,8,901,13.5966,0.005575
scipy-powell,cold,8,902,13.6116,0.005575
scipy-powell,cold,8,903,13.6268,0.005575
scipy-powell,cold,8,904,13.6424,0.005575
scipy-powell,cold,8,905,13.6584,0.005575
scipy-powell,cold,8,906,13.6734,0.005575
scipy-powell,cold,8,907,13.6870,0.005575
scipy-powell,cold,8,908,13.7018,0.005575
scipy-powell,cold,8,909,13.7157,0.005575
scipy-powell,cold,8,910,13.7290,0.005575
scipy-powell,cold,8,911,13.7430,0.005575
scipy-powell,cold,8,912,13.7577,0.005575
scipy-powell,cold,8,913,13.7736,0.005575
scipy-powell,cold,8,914,13.7880,0.005575
scipy-powell,cold,8,915,13.8033,0.005575
scipy-powell,cold,8,916,13.8173,0.005575
scipy-powell,cold,8,917,13.8324,0.005575
scipy-powell,cold,8,918,13.8464,0.005575
scipy-powell,cold,8,919,13.8609,0.005575
scipy-powell,cold,8,920,13.8752,0.005575
scipy-powell,cold,8,921,13.8887,0.005575
scipy-powell,cold,8,922,13.9026,0.005575
scipy-powell,cold,8,923,13.9161,0.005575
scipy-powell,cold,8,924,13.9313,0.005575
scipy-powell,cold,8,925,13.9460,0.005575
scipy-powell,cold,8,926,13.9619,0.005575
scipy-powell,cold,8,927,13.9763,0.005575
scipy-powell,cold,8,928,13.9907,0.005575
scipy-powell,cold,8,929,14.0062,0.005575
scipy-powell,cold,8,932,14.0504,0.005574
scipy-powell,cold,8,933,14.0647,0.005573
scipy-powell,cold,8,935,14.0940,0.005573
scipy-powell,cold,8,936,14.1092,0.005573
scipy-powell,cold,8,937,14.1239,0.005573
scipy-powell,cold,8,938,14.1372,0.005573
scipy-powell,cold,8,939,14.1504,0.005573
scipy-powell,cold,8,947,14.2659,0.005573
scipy-powell,cold,8,950,14.3089,0.005566
scipy-powell,cold,8,951,14.3225,0.005564
scipy-powell,cold,8,953,14.3509,0.005564
scipy-powell,cold,8,954,14.3657,0.005564
scipy-powell,cold,8,955,14.3790,0.005564
scipy-powell,cold,8,956,14.3928,0.005564
scipy-powell,cold,8,957,14.4073,0.005564
scipy-powell,cold,8,959,14.4358,0.005564
scipy-powell,cold,8,963,14.4948,0.005551
scipy-powell,cold,8,965,14.5227,0.005542
scipy-powell,cold,8,968,14.5681,0.005542
scipy-powell,cold,8,969,14.5822,0.005542
scipy-powell,cold,8,971,14.6096,0.005542
scipy-powell,cold,8,972,14.6228,0.005542
scipy-powell,cold,8,973,14.6360,0.005542
scipy-powell,cold,8,974,14.6508,0.005542
scipy-powell,cold,8,975,14.6660,0.005542
scipy-powell,cold,8,979,14.7231,0.005492
scipy-powell,cold,8,982,14.7654,0.005477
scipy-powell,cold,8,983,14.7795,0.005477
scipy-powell,cold,8,985,14.8091,0.005472
scipy-powell,cold,8,987,14.8387,0.005472
scipy-powell,cold,8,989,14.8666,0.005472
scipy-powell,cold,8,990,14.8811,0.005472
scipy-powell,cold,8,991,14.8948,0.005472
scipy-powell,cold,8,993,14.9233,0.005472
scipy-powell,cold,8,997,14.9849,0.005460
scipy-powell,cold,8,1003,15.0713,0.005460
scipy-powell,cold,8,1004,15.0851,0.005460
scipy-powell,cold,8,1005,15.0991,0.005460
scipy-powell,cold,8,1006,15.1132,0.005460
scipy-powell,cold,8,1007,15.1276,0.005460
scipy-powell,cold,8,1009,15.1557,0.005460
scipy-powell,cold,8,1040,15.6073,0.005459
scipy-powell,cold,8,1043,15.6542,0.005456
scipy-powell,cold,8,1045,15.6847,0.005456
scipy-powell,cold,8,1046,15.7000,0.005456
scipy-powell,cold,8,1047,15.7145,0.005456
scipy-powell,cold,8,1048,15.7296,0.005456
scipy-powell,cold,8,1055,15.8309,0.005456
scipy-powell,cold,8,1058,15.8768,0.005456
scipy-powell,cold,8,1059,15.8903,0.005456
scipy-powell,cold,8,1060,15.9051,0.005456
scipy-powell,cold,8,1061,15.9184,0.005456
scipy-powell,cold,8,1062,15.9320,0.005456
scipy-powell,cold,8,1064,15.9616,0.005456
scipy-powell,cold,8,1068,16.0229,0.005456
scipy-powell,cold,8,1075,16.1416,0.005456
scipy-powell,cold,8,1076,16.1552,0.005456
scipy-powell,cold,8,1077,16.1689,0.005456
scipy-powell,cold,8,1078,16.1826,0.005456
scipy-powell,cold,8,1079,16.1971,0.005456
scipy-powell,cold,8,1080,16.2127,0.005456
scipy-powell,cold,8,1081,16.2266,0.005456
scipy-powell,cold,8,1082,16.2408,0.005456
scipy-powell,cold,8,1083,16.2551,0.005456
scipy-powell,cold,8,1084,16.2694,0.005456
scipy-powell,cold,8,1085,16.2829,0.005456
scipy-powell,cold,8,1086,16.2973,0.005456
scipy-powell,cold,8,1087,16.3112,0.005456
scipy-powell,cold,8,1088,16.3255,0.005456
scipy-powell,cold,8,1089,16.3423,0.005456
scipy-powell,cold,8,1090,16.3567,0.005456
scipy-powell,cold,8,1091,16.3701,0.005456
scipy-powell,cold,8,1092,16.3844,0.005456
scipy-powell,cold,8,1093,16.3981,0.005456
scipy-powell,cold,8,1094,16.4125,0.005456
scipy-powell,cold,8,1095,16.4271,0.005456
scipy-powell,cold,8,1096,16.4420,0.005456
scipy-powell,cold,8,1097,16.4566,0.005456
scipy-powell,cold,8,1098,16.4706,0.005456
scipy-powell,cold,8,1099,16.4844,0.005456
scipy-powell,cold,8,1100,16.4997,0.005456
scipy-powell,cold,8,1101,16.5148,0.005456
scipy-powell,cold,8,1102,16.5292,0.005456
scipy-powell,cold,8,1103,16.5435,0.005456
scipy-powell,cold,8,1104,16.5592,0.005456
scipy-powell,cold,8,1105,16.5741,0.005456
scipy-powell,cold,8,1106,16.5883,0.005456
scipy-powell,cold,8,1107,16.6023,0.005456
scipy-powell,cold,8,1108,16.6179,0.005456
scipy-powell,cold,8,1109,16.6333,0.005456
scipy-powell,cold,8,1110,16.6482,0.005456
scipy-powell,cold,8,1113,16.6897,0.005456
scipy-powell,cold,8,1114,16.7032,0.005456
scipy-powell,cold,8,1115,16.7181,0.005456
scipy-powell,cold,8,1116,16.7327,0.005456
scipy-powell,cold,8,1117,16.7476,0.005456
scipy-powell,cold,8,1118,16.7621,0.005456
scipy-powell,cold,8,1125,16.8636,0.005456
scipy-powell,cold,8,1128,16.9069,0.005456
scipy-powell,cold,8,1138,17.0519,0.005456
scipy-powell,cold,8,1139,17.0663,0.005456
scipy-powell,cold,8,1140,17.0830,0.005456
scipy-powell,cold,8,1141,17.0985,0.005456
scipy-powell,cold,8,1142,17.1134,0.005456
scipy-powell,cold,8,1143,17.1276,0.005456
scipy-powell,cold,8,1144,17.1433,0.005456
scipy-powell,cold,8,1145,17.1584,0.005456
scipy-powell,cold,8,1146,17.1741,0.005456
scipy-powell,cold,8,1147,17.1892,0.005456
scipy-powell,cold,8,1148,17.2049,0.005456
scipy-powell,cold,8,1149,17.2197,0.005456
scipy-powell,cold,8,1150,17.2340,0.005456
scipy-powell,cold,8,1151,17.2493,0.005456
scipy-powell,cold,8,1152,17.2633,0.005456
scipy-powell,cold,8,1153,17.2775,0.005456
scipy-powell,cold,8,1154,17.2925,0.005456
scipy-powell,cold,8,1155,17.3077,0.005456
scipy-powell,cold,8,1156,17.3221,0.005456
scipy-powell,cold,8,1157,17.3359,0.005456
scipy-powell,cold,8,1158,17.3497,0.005456
scipy-powell,cold,8,1159,17.3635,0.005456
scipy-powell,cold,8,1160,17.3776,0.005456
scipy-powell,cold,8,1161,17.3926,0.005456
scipy-powell,cold,8,1162,17.4073,0.005456
scipy-powell,cold,8,1163,17.4214,0.005456
scipy-powell,cold,8,1164,17.4352,0.005456
scipy-powell,cold,8,1165,17.4494,0.005456
scipy-powell,cold,8,1166,17.4639,0.005456
scipy-powell,cold,8,1167,17.4792,0.005456
scipy-powell,cold,8,1168,17.4941,0.005456
scipy-powell,cold,8,1169,17.5082,0.005456
scipy-powell,cold,8,1170,17.5234,0.005433
scipy-powell,cold,8,1172,17.5540,0.005423
scipy-powell,cold,8,1173,17.5696,0.005418
scipy-powell,cold,8,1174,17.5860,0.005417
scipy-powell,cold,8,1175,17.6017,0.005417
scipy-powell,cold,8,1176,17.6173,0.005417
scipy-powell,cold,8,1177,17.6313,0.005417
scipy-powell,cold,8,1178,17.6459,0.005417
scipy-powell,cold,8,1179,17.6616,0.005417
scipy-powell,cold,8,1191,17.8418,0.005413
scipy-powell,cold,8,1192,17.8565,0.005411
scipy-powell,cold,8,1193,17.8711,0.005410
scipy-powell,cold,8,1195,17.9019,0.005410
scipy-powell,cold,8,1196,17.9166,0.005410
scipy-powell,cold,8,1197,17.9312,0.005410
scipy-powell,cold,8,1198,17.9467,0.005410
scipy-powell,cold,8,1199,17.9619,0.005410
scipy-powell,cold,8,1200,17.9762,0.005410
scipy-powell,cold,8,1201,17.9899,0.005410
scipy-powell,cold,8,1202,18.0047,0.005410
scipy-powell,cold,8,1203,18.0186,0.005410
scipy-powell,cold,8,1204,18.0335,0.005410
scipy-powell,cold,8,1205,18.0483,0.005410
scipy-powell,cold,8,1206,18.0639,0.005410
scipy-powell,cold,8,1207,18.0794,0.005410
scipy-powell,cold,8,1208,18.0939,0.005410
scipy-powell,cold,8,1209,18.1083,0.005410
scipy-powell,cold,8,1210,18.1230,0.005410
scipy-powell,cold,8,1211,18.1377,0.005410
scipy-powell,cold,8,1212,18.1519,0.005410
scipy-powell,cold,8,1213,18.1658,0.005410
scipy-powell,cold,8,1214,18.1801,0.005410
scipy-powell,cold,8,1215,18.1956,0.005410
scipy-powell,cold,8,1216,18.2104,0.005410
scipy-powell,cold,8,1217,18.2243,0.005410
scipy-powell,cold,8,1218,18.2395,0.005410
scipy-powell,cold,8,1219,18.2538,0.005410
scipy-powell,cold,8,1220,18.2689,0.005410
scipy-powell,cold,8,1221,18.2838,0.005410
scipy-powell,cold,8,1222,18.2988,0.005410
scipy-powell,cold,8,1223,18.3134,0.005410
scipy-powell,cold,8,1224,18.3270,0.005410
scipy-powell,cold,8,1225,18.3419,0.005410
scipy-powell,cold,8,1226,18.3569,0.005410
scipy-powell,cold,8,1227,18.3710,0.005409
scipy-powell,cold,8,1228,18.3860,0.005405
scipy-powell,cold,8,1229,18.4006,0.005403
scipy-powell,cold,8,1230,18.4162,0.005401
scipy-powell,cold,8,1231,18.4310,0.005400
scipy-powell,cold,8,1232,18.4455,0.005400
scipy-powell,cold,8,1233,18.4598,0.005400
scipy-powell,cold,8,1234,18.4747,0.005400
scipy-powell,cold,8,1235,18.4882,0.005400
scipy-powell,cold,8,1236,18.5032,0.005400
scipy-powell,cold,8,1237,18.5178,0.005400
scipy-powell,cold,8,1238,18.5334,0.005399
scipy-powell,cold,8,1239,18.5491,0.005399
scipy-powell,cold,8,1240,18.5656,0.005399
scipy-powell,cold,8,1241,18.5814,0.005399
scipy-powell,cold,8,1242,18.5968,0.005399
scipy-powell,cold,8,1243,18.6121,0.005399
scipy-powell,cold,8,1244,18.6275,0.005399
scipy-powell,cold,8,1245,18.6426,0.005399
scipy-powell,cold,8,1246,18.6576,0.005399
scipy-powell,cold,8,1247,18.6726,0.005399
scipy-powell,cold,8,1248,18.6871,0.005399
scipy-powell,cold,8,1249,18.7027,0.005399
scipy-powell,cold,8,1250,18.7174,0.005399
scipy-powell,cold,8,1251,18.7312,0.005399
scipy-powell,cold,8,1252,18.7454,0.005399
scipy-powell,cold,8,1253,18.7601,0.005399
scipy-powell,cold,8,1254,18.7760,0.005399
scipy-powell,cold,8,1255,18.7911,0.005399
scipy-powell,cold,8,1256,18.8058,0.005399
scipy-powell,cold,8,1257,18.8194,0.005399
scipy-powell,cold,8,1258,18.8334,0.005399
scipy-powell,cold,8,1259,18.8466,0.005399
scipy-powell,cold,8,1260,18.8600,0.005399
scipy-powell,cold,8,1261,18.8737,0.005399
scipy-powell,cold,8,1262,18.8878,0.005399
scipy-powell,cold,8,1263,18.9021,0.005399
scipy-powell,cold,8,1264,18.9164,0.005392
scipy-powell,cold,8,1267,18.9610,0.005391
scipy-powell,cold,8,1268,18.9750,0.005391
scipy-powell,cold,8,1269,18.9887,0.005391
scipy-powell,cold,8,1270,19.0020,0.005391
scipy-powell,cold,8,1271,19.0162,0.005391
scipy-powell,cold,8,1272,19.0300,0.005391
scipy-powell,cold,8,1273,19.0447,0.005391
scipy-powell,cold,8,1274,19.0593,0.005391
scipy-powell,cold,8,1275,19.0741,0.005391
scipy-powell,cold,8,1276,19.0898,0.005391
scipy-powell,cold,8,1281,19.1631,0.005382
scipy-powell,cold,8,1283,19.1930,0.005381
scipy-powell,cold,8,1284,19.2072,0.005380
scipy-powell,cold,8,1285,19.2222,0.005380
scipy-powell,cold,8,1286,19.2367,0.005380
scipy-powell,cold,8,1287,19.2507,0.005380
scipy-powell,cold,8,1288,19.2648,0.005380
scipy-powell,cold,8,1289,19.2786,0.005380
scipy-powell,cold,8,1290,19.2931,0.005380
scipy-powell,cold,8,1293,19.3350,0.005380
scipy-powell,cold,8,1295,19.3632,0.005380
scipy-powell,cold,8,1300,19.4352,0.005380
scipy-powell,cold,8,1303,19.4774,0.005380
scipy-powell,cold,8,1304,19.4919,0.005380
scipy-powell,cold,8,1305,19.5085,0.005380
scipy-powell,cold,8,1306,19.5235,0.005380
scipy-powell,cold,8,1307,19.5377,0.005380
scipy-powell,cold,8,1308,19.5517,0.005380
scipy-powell,cold,8,1309,19.5654,0.005380
scipy-powell,cold,8,1315,19.6503,0.005344
scipy-powell,cold,8,1316,19.6647,0.005333
scipy-powell,cold,8,1317,19.6789,0.005327
scipy-powell,cold,8,1318,19.6921,0.005326
scipy-powell,cold,8,1319,19.7054,0.005324
scipy-powell,cold,8,1322,19.7481,0.005324
scipy-powell,cold,8,1323,19.7627,0.005324
scipy-powell,cold,8,1324,19.7771,0.005324
scipy-powell,cold,8,1325,19.7917,0.005324
scipy-powell,cold,8,1326,19.8060,0.005324
scipy-powell,cold,8,1327,19.8208,0.005324
scipy-powell,cold,8,1328,19.8351,0.005324
scipy-powell,cold,8,1329,19.8492,0.005324
scipy-powell,cold,8,1330,19.8628,0.005324
scipy-powell,cold,8,1331,19.8766,0.005324
scipy-powell,cold,8,1332,19.8903,0.005324
scipy-powell,cold,8,1333,19.9046,0.005324
scipy-powell,cold,8,1334,19.9184,0.005324
scipy-powell,cold,8,1335,19.9330,0.005324
scipy-powell,cold,8,1336,19.9476,0.005324
scipy-powell,cold,8,1337,19.9613,0.005324
scipy-powell,cold,8,1338,19.9755,0.005324
scipy-powell,cold,8,1339,19.9905,0.005324
scipy-powell,cold,8,1340,20.0052,0.005324
scipy-powell,cold,8,1341,20.0186,0.005324
scipy-powell,cold,8,1342,20.0318,0.005324
scipy-powell,cold,8,1343,20.0455,0.005324
scipy-powell,cold,8,1344,20.0600,0.005324
scipy-powell,cold,8,1345,20.0748,0.005324
scipy-powell,cold,8,1346,20.0889,0.005324
scipy-powell,cold,8,1347,20.1035,0.005324
scipy-powell,cold,8,1348,20.1179,0.005324
scipy-powell,cold,8,1349,20.1322,0.005324
scipy-powell,cold,8,1350,20.1466,0.005324
scipy-powell,cold,8,1351,20.1610,0.005323
scipy-powell,cold,8,1356,20.2342,0.005323
scipy-powell,cold,8,1357,20.3663,0.005323
scipy-powell,cold,8,1358,20.3815,0.005323
scipy-powell,cold,8,1359,20.3968,0.005323
scipy-powell,cold,8,1360,20.4137,0.005323
scipy-powell,cold,8,1364,20.4712,0.005319
scipy-powell,cold,8,1368,20.5272,0.005316
scipy-powell,cold,8,1369,20.5407,0.005316
scipy-powell,cold,8,1370,20.5550,0.005316
scipy-powell,cold,8,1372,20.5848,0.005316
scipy-powell,cold,8,1374,20.6134,0.005316
scipy-powell,cold,8,1377,20.6555,0.005316
scipy-powell,cold,8,1379,20.6829,0.005316
scipy-powell,cold,8,1384,20.7601,0.005310
scipy-powell,cold,8,1387,20.8147,0.005307
scipy-powell,cold,8,1389,20.8536,0.005307
scipy-powell,cold,8,1390,20.8702,0.005307
scipy-powell,cold,8,1391,20.8917,0.005307
scipy-powell,cold,8,1392,20.9107,0.005307
scipy-powell,cold,8,1393,20.9309,0.005307
scipy-powell,cold,8,1400,21.0459,0.005306
scipy-powell,cold,8,1401,21.0608,0.005306
scipy-powell,cold,8,1402,21.0773,0.005306
scipy-powell,cold,8,1403,21.0939,0.005306
scipy-powell,cold,8,1404,21.1089,0.005306
scipy-powell,cold,8,1405,21.1246,0.005306
scipy-powell,cold,8,1411,21.2200,0.005306
scipy-powell,cold,8,1415,21.2823,0.005306
scipy-powell,cold,8,1416,21.2974,0.005305
scipy-powell,cold,8,1417,21.3133,0.005305
scipy-powell,cold,8,1418,21.3291,0.005305
scipy-powell,cold,8,1419,21.3441,0.005305
scipy-powell,cold,8,1420,21.3592,0.005305
scipy-powell,cold,8,1421,21.3763,0.005305
scipy-powell,cold,8,1433,21.5591,0.005303
scipy-powell,cold,8,1435,21.5907,0.005303
scipy-powell,cold,8,1437,21.6194,0.005303
scipy-powell,cold,8,1438,21.6337,0.005303
scipy-powell,cold,8,1439,21.6477,0.005303
scipy-powell,cold,8,1440,21.6624,0.005303
scipy-powell,cold,8,1441,21.6780,0.005303
scipy-powell,cold,8,1442,21.6933,0.005303
scipy-powell,cold,8,1443,21.7088,0.005303
scipy-powell,cold,8,1444,21.7232,0.005303
scipy-powell,cold,8,1445,21.7378,0.005303
scipy-powell,cold,8,1446,21.7527,0.005303
scipy-powell,cold,8,1447,21.7661,0.005303
scipy-powell,cold,8,1448,21.7807,0.005303
scipy-powell,cold,8,1449,21.7944,0.005303
scipy-powell,cold,8,1450,21.8087,0.005303
scipy-powell,cold,8,1451,21.8227,0.005303
scipy-powell,cold,8,1452,21.8368,0.005303
scipy-powell,cold,8,1453,21.8513,0.005303
scipy-powell,cold,8,1454,21.8659,0.005303
scipy-powell,cold,8,1455,21.8809,0.005303
scipy-powell,cold,8,1456,21.8955,0.005303
scipy-powell,cold,8,1457,21.9101,0.005303
scipy-powell,cold,8,1458,21.9241,0.005303
scipy-powell,cold,8,1459,21.9388,0.005303
scipy-powell,cold,8,1460,21.9536,0.005303
scipy-powell,cold,8,1461,21.9688,0.005303
scipy-powell,cold,8,1462,21.9829,0.005303
scipy-powell,cold,8,1463,21.9975,0.005303
scipy-powell,cold,8,1464,22.0126,0.005303
scipy-powell,cold,8,1465,22.0275,0.005303
scipy-powell,cold,8,1466,22.0426,0.005303
scipy-powell,cold,8,1467,22.0572,0.005303
scipy-powell,cold,8,1468,22.0720,0.005303
scipy-powell,cold,8,1469,22.0883,0.005303
scipy-powell,cold,8,1470,22.1051,0.005303
scipy-powell,cold,8,1472,22.1359,0.005302
scipy-powell,cold,8,1475,22.1817,0.005302
scipy-powell,cold,8,1476,22.1966,0.005302
scipy-powell,cold,8,1477,22.2106,0.005302
scipy-powell,cold,8,1478,22.2251,0.005302
scipy-powell,cold,8,1479,22.2387,0.005302
scipy-powell,cold,8,1480,22.2530,0.005302
scipy-powell,cold,8,1481,22.2692,0.005302
scipy-powell,cold,8,1484,22.3155,0.005302
scipy-powell,cold,8,1488,22.3754,0.005302
scipy-powell,cold,8,1490,22.4062,0.005302
scipy-powell,cold,8,1491,22.4210,0.005302
scipy-powell,cold,8,1492,22.4356,0.005302
scipy-powell,cold,8,1494,22.4659,0.005302
scipy-powell,cold,8,1495,22.4810,0.005302
scipy-powell,cold,8,1496,22.4973,0.005302
scipy-powell,cold,8,1497,22.5122,0.005302
scipy-powell,cold,8,1498,22.5263,0.005302
scipy-powell,cold,8,1499,22.5403,0.005302
scipy-powell,cold,8,1501,22.5704,0.005302
scipy-powell,cold,8,1504,22.6142,0.005302
scipy-powell,cold,8,1515,22.7761,0.005302
scipy-powell,cold,8,1518,22.8206,0.005302
scipy-powell,cold,8,1519,22.8363,0.005302
scipy-powell,cold,8,1520,22.8507,0.005302
scipy-powell,cold,8,1521,22.8653,0.005302
scipy-powell,cold,8,1522,22.8813,0.005302
scipy-powell,cold,8,1534,23.0771,0.005301
scipy-powell,cold,8,1535,23.0926,0.005300
scipy-powell,cold,8,1537,23.1235,0.005300
scipy-powell,cold,8,1538,23.1382,0.005300
scipy-powell,cold,8,1539,23.1534,0.005300
scipy-powell,cold,8,1540,23.1688,0.005300
scipy-powell,cold,8,1541,23.1841,0.005300
scipy-powell,cold,8,1542,23.1996,0.005300
scipy-powell,cold,8,1551,23.3370,0.005299
scipy-powell,cold,8,1556,23.4112,0.005299
scipy-powell,cold,8,1557,23.4264,0.005299
scipy-powell,cold,8,1558,23.4405,0.005299
scipy-powell,cold,8,1559,23.4552,0.005299
scipy-powell,cold,8,1569,23.6063,0.005299
scipy-powell,cold,8,1572,23.6526,0.005299
scipy-powell,cold,8,1573,23.6684,0.005299
scipy-powell,cold,8,1574,23.6836,0.005299
scipy-powell,cold,8,1594,23.9783,0.005299
scipy-powell,cold,8,1595,23.9938,0.005299
scipy-powell,cold,8,1596,24.0107,0.005299
scipy-powell,cold,8,1598,24.0435,0.005299
scipy-powell,cold,8,1599,24.0582,0.005299
scipy-powell,cold,8,1600,24.0732,0.005299
scipy-powell,cold,8,1601,24.0873,0.005299
scipy-powell,cold,8,1602,24.1007,0.005299
scipy-powell,cold,8,1607,24.1740,0.005299
scipy-powell,cold,8,1611,24.2398,0.005299
scipy-powell,cold,8,1614,24.2993,0.005298
scipy-powell,cold,8,1616,24.3416,0.005298
scipy-powell,cold,8,1617,24.3631,0.005297
scipy-powell,cold,8,1618,24.3846,0.005297
scipy-powell,cold,8,1619,24.4064,0.005297
scipy-powell,cold,8,1620,24.4285,0.005297
scipy-powell,cold,8,1621,24.4469,0.005297
scipy-powell,cold,8,1622,24.4622,0.005297
scipy-powell,cold,8,1623,24.4784,0.005297
scipy-powell,cold,8,1624,24.4940,0.005297
scipy-powell,cold,8,1625,24.5086,0.005297
scipy-powell,cold,8,1626,24.5240,0.005297
scipy-powell,cold,8,1627,24.5389,0.005297
scipy-powell,cold,8,1628,24.5543,0.005297
scipy-powell,cold,8,1629,24.5695,0.005297
scipy-powell,cold,8,1630,24.5857,0.005297
scipy-powell,cold,8,1631,24.6013,0.005297
scipy-powell,cold,8,1632,24.6168,0.005297
scipy-powell,cold,8,1633,24.6326,0.005297
scipy-powell,cold,8,1634,24.6473,0.005297
scipy-powell,cold,8,1635,24.6643,0.005297
scipy-powell,cold,8,1636,24.6797,0.005297
scipy-powell,cold,8,1637,24.6966,0.005297
scipy-powell,cold,8,1638,24.7117,0.005297
scipy-powell,cold,8,1639,24.7273,0.005297
scipy-powell,cold,8,1640,24.7431,0.005297
scipy-powell,cold,8,1641,24.7583,0.005297
scipy-powell,cold,8,1642,24.7730,0.005297
scipy-powell,cold,8,1643,24.7881,0.005297
scipy-powell,cold,8,1644,24.8036,0.005297
scipy-powell,cold,8,1645,24.8190,0.005297
scipy-powell,cold,8,1646,24.8344,0.005297
scipy-powell,cold,8,1647,24.8499,0.005297
scipy-powell,cold,8,1648,24.8657,0.005297
scipy-powell,cold,8,1649,24.8811,0.005297
scipy-powell,cold,8,1650,24.8961,0.005297
scipy-powell,cold,8,1652,24.9254,0.005296
scipy-powell,cold,8,1653,24.9405,0.005296
scipy-powell,cold,8,1654,24.9552,0.005296
scipy-powell,cold,8,1655,24.9705,0.005295
scipy-powell,cold,8,1656,24.9857,0.005295
scipy-powell,cold,8,1657,25.0006,0.005295
scipy-powell,cold,8,1660,25.0476,0.005295
scipy-powell,cold,8,1661,25.0622,0.005295
scipy-powell,cold,8,1662,25.0766,0.005295
scipy-powell,cold,8,1663,25.0910,0.005295
scipy-powell,cold,8,1664,25.1051,0.005295
scipy-powell,cold,8,1667,25.1582,0.005269
scipy-powell,cold,8,1668,25.1795,0.005212
scipy-powell,cold,8,1669,25.1997,0.005178
scipy-powell,cold,8,1670,25.2218,0.005161
scipy-powell,cold,8,1671,25.2428,0.005152
scipy-powell,cold,8,1672,25.2636,0.005148
scipy-powell,cold,8,1673,25.2854,0.005145
scipy-powell,cold,8,1674,25.3058,0.005143
scipy-powell,cold,8,1675,25.3202,0.005143
scipy-powell,cold,8,1676,25.3346,0.005142
scipy-powell,cold,8,1677,25.3500,0.005142
scipy-powell,cold,8,1678,25.3654,0.005141
scipy-powell,cold,8,1679,25.3820,0.005141
scipy-powell,cold,8,1680,25.3987,0.005141
scipy-powell,cold,8,1681,25.4150,0.005141
scipy-powell,cold,8,1682,25.4310,0.005141
scipy-powell,cold,8,1683,25.4462,0.005141
scipy-powell,cold,8,1684,25.4636,0.005141
scipy-powell,cold,8,1685,25.4795,0.005141
scipy-powell,cold,8,1686,25.4957,0.005141
scipy-powell,cold,8,1687,25.5104,0.005141
scipy-powell,cold,8,1688,25.5255,0.005141
scipy-powell,cold,8,1689,25.5410,0.005141
scipy-powell,cold,8,1690,25.5554,0.005141
scipy-powell,cold,8,1691,25.5709,0.005141
scipy-powell,cold,8,1692,25.5857,0.005141
scipy-powell,cold,8,1693,25.6019,0.005141
scipy-powell,cold,8,1694,25.6181,0.005141
scipy-powell,cold,8,1695,25.6332,0.005141
scipy-powell,cold,8,1696,25.6483,0.005141
scipy-powell,cold,8,1697,25.6628,0.005141
scipy-powell,cold,8,1698,25.6777,0.005141
scipy-powell,cold,8,1699,25.6927,0.005141
scipy-powell,cold,8,1700,25.7083,0.005141
scipy-powell,cold,8,1701,25.7226,0.005141
scipy-powell,cold,8,1702,25.7379,0.005141
scipy-powell,cold,8,1703,25.7528,0.005133
scipy-powell,cold,8,1705,25.7849,0.005118
scipy-powell,cold,8,1706,25.8048,0.005117
scipy-powell,cold,8,1707,25.8282,0.005117
scipy-powell,cold,8,1709,25.8716,0.005117
scipy-powell,cold,8,1710,25.8938,0.005117
scipy-powell,cold,8,1711,25.9137,0.005117
scipy-powell,cold,8,1712,25.9294,0.005117
scipy-powell,cold,8,1713,25.9450,0.005117
scipy-powell,cold,8,1714,25.9596,0.005117
scipy-powell,cold,8,1723,26.1123,0.005093
scipy-powell,cold,8,1724,26.1271,0.005076
scipy-powell,cold,8,1725,26.1418,0.005072
scipy-powell,cold,8,1726,26.1558,0.005072
scipy-powell,cold,8,1727,26.1703,0.005072
scipy-powell,cold,8,1728,26.1849,0.005072
scipy-powell,cold,8,1729,26.1996,0.005072
scipy-powell,cold,8,1730,26.2161,0.005072
scipy-powell,cold,8,1731,26.2306,0.005072
scipy-powell,cold,8,1738,26.3757,0.005071
scipy-powell,cold,8,1740,26.4088,0.005071
scipy-powell,cold,8,1741,26.4248,0.005071
scipy-powell,cold,8,1743,26.4687,0.005070
scipy-powell,cold,8,1745,26.5058,0.005070
scipy-powell,cold,8,1746,26.5204,0.005070
scipy-powell,cold,8,1747,26.5358,0.005070
scipy-powell,cold,8,1756,26.6787,0.005070
scipy-powell,cold,8,1757,26.6963,0.005069
scipy-powell,cold,8,1759,26.7396,0.005069
scipy-powell,cold,8,1760,26.7612,0.005069
scipy-powell,cold,8,1761,26.7845,0.005069
scipy-powell,cold,8,1762,26.8078,0.005069
scipy-powell,cold,8,1766,26.8966,0.005069
scipy-powell,cold,8,1775,27.0622,0.005068
scipy-powell,cold,8,1776,27.0773,0.005067
scipy-powell,cold,8,1777,27.0920,0.005067
scipy-powell,cold,8,1778,27.1071,0.005067
scipy-powell,cold,8,1779,27.1245,0.005067
scipy-powell,cold,8,1780,27.1430,0.005067
scipy-powell,cold,8,1781,27.1641,0.005067
scipy-powell,cold,8,1783,27.1969,0.005067
scipy-powell,cold,8,1784,27.2126,0.005067
scipy-powell,cold,8,1792,27.3362,0.005067
scipy-powell,cold,8,1793,27.3507,0.005067
scipy-powell,cold,8,1794,27.3658,0.005067
scipy-powell,cold,8,1795,27.3807,0.005067
scipy-powell,cold,8,1796,27.3959,0.005067
scipy-powell,cold,8,1797,27.4110,0.005067
scipy-powell,cold,8,1798,27.4274,0.005067
scipy-powell,cold,8,1799,27.4431,0.005067
scipy-powell,cold,8,1800,27.4587,0.005067
scipy-powell,cold,8,1801,27.4736,0.005067
scipy-powell,cold,8,1802,27.4881,0.005067
scipy-powell,cold,8,1803,27.5027,0.005067
scipy-powell,cold,8,1804,27.5166,0.005067
scipy-powell,cold,8,1805,27.5306,0.005067
scipy-powell,cold,8,1806,27.5443,0.005067
scipy-powell,cold,8,1807,27.5592,0.005067
scipy-powell,cold,8,1808,27.5737,0.005067
scipy-powell,cold,8,1809,27.5901,0.005067
scipy-powell,cold,8,1810,27.6053,0.005067
scipy-powell,cold,8,1811,27.6197,0.005067
scipy-powell,cold,8,1812,27.6344,0.005067
scipy-powell,cold,8,1813,27.6497,0.005067
scipy-powell,cold,8,1814,27.6652,0.005067
scipy-powell,cold,8,1815,27.6808,0.005067
scipy-powell,cold,8,1816,27.6951,0.005067
scipy-powell,cold,8,1817,27.7102,0.005067
scipy-powell,cold,8,1818,27.7248,0.005067
scipy-powell,cold,8,1819,27.7398,0.005067
scipy-powell,cold,8,1820,27.7549,0.005067
scipy-powell,cold,8,1821,27.7693,0.005067
scipy-powell,cold,8,1822,27.7841,0.005067
scipy-powell,cold,8,1823,27.7989,0.005067
scipy-powell,cold,8,1824,27.8130,0.005067
scipy-powell,cold,8,1825,27.8273,0.005066
scipy-powell,cold,8,1828,27.8734,0.005066
scipy-powell,cold,8,1829,27.8878,0.005066
scipy-powell,cold,8,1830,27.9026,0.005066
scipy-powell,cold,8,1832,27.9351,0.005066
scipy-powell,cold,8,1833,27.9507,0.005066
scipy-powell,cold,8,1834,27.9665,0.005066
scipy-powell,cold,8,1835,27.9829,0.005066
scipy-powell,cold,8,1836,27.9976,0.005066
scipy-powell,cold,8,1848,28.1904,0.005066
scipy-powell,cold,8,1850,28.2212,0.005066
scipy-powell,cold,8,1851,28.2363,0.005066
scipy-powell,cold,8,1854,28.2859,0.005066
scipy-powell,cold,8,1858,28.3503,0.005066
scipy-powell,cold,8,1860,28.3816,0.005064
scipy-powell,cold,8,1865,28.4621,0.005064
scipy-powell,cold,8,1866,28.4776,0.005064
scipy-powell,cold,8,1867,28.4934,0.005064
scipy-powell,cold,8,1868,28.5098,0.005064
scipy-powell,cold,8,1869,28.5251,0.005064
scipy-powell,cold,8,1870,28.5400,0.005064
scipy-powell,cold,8,1871,28.5554,0.005064
scipy-powell,cold,8,1873,28.5862,0.005064
scipy-powell,cold,8,1877,28.6482,0.005057
scipy-powell,cold,8,1882,28.7310,0.005057
scipy-powell,cold,8,1883,28.7458,0.005056
scipy-powell,cold,8,1884,28.7609,0.005056
scipy-powell,cold,8,1885,28.7752,0.005056
scipy-powell,cold,8,1886,28.7901,0.005056
scipy-powell,cold,8,1887,28.8054,0.005056
scipy-powell,cold,8,1888,28.8214,0.005056
scipy-powell,cold,8,1900,29.0027,0.005056
scipy-powell,cold,8,1902,29.0352,0.005056
scipy-powell,cold,8,1903,29.0507,0.005056
scipy-powell,cold,8,1904,29.0659,0.005056
scipy-powell,cold,8,1905,29.0817,0.005056
scipy-powell,cold,8,1910,29.1599,0.005056
scipy-powell,cold,8,1911,29.1809,0.005025
scipy-powell,cold,8,1912,29.1996,0.004985
scipy-powell,cold,8,1913,29.2184,0.004981
scipy-powell,cold,8,1914,29.2353,0.004980
scipy-powell,cold,8,1915,29.2519,0.004980
scipy-powell,cold,8,1916,29.2677,0.004980
scipy-powell,cold,8,1917,29.2837,0.004980
scipy-powell,cold,8,1918,29.3006,0.004980
scipy-powell,cold,8,1921,29.3495,0.004980
scipy-powell,cold,8,1926,29.4329,0.004979
scipy-powell,cold,8,1927,29.4486,0.004979
scipy-powell,cold,8,1928,29.4662,0.004979
scipy-powell,cold,8,1929,29.4842,0.004979
scipy-powell,cold,8,1930,29.5007,0.004979
scipy-powell,cold,8,1931,29.5166,0.004979
scipy-powell,cold,8,1932,29.5330,0.004979
scipy-powell,cold,8,1933,29.5496,0.004979
scipy-powell,cold,8,1935,29.5828,0.004979
scipy-powell,cold,8,1942,29.7002,0.004958
scipy-powell,cold,8,1945,29.7494,0.004956
scipy-powell,cold,8,1947,29.7832,0.004955
scipy-powell,cold,8,1949,29.8149,0.004955
scipy-powell,cold,8,1950,29.8309,0.004955
scipy-powell,cold,8,1951,29.8471,0.004955
scipy-powell,cold,8,1952,29.8641,0.004955
scipy-powell,cold,8,1955,29.9148,0.004833
scipy-powell,cold,8,1959,29.9823,0.004833
scipy-powell,cold,8,1960,29.9989,0.004832
scipy-powell,cold,8,1961,30.0151,0.004832
scipy-powell,cold,8,1962,30.0317,0.004832
scipy-powell,cold,8,1963,30.0488,0.004832
scipy-powell,cold,8,1964,30.0652,0.004832
scipy-powell,cold,8,1965,30.0820,0.004832
scipy-powell,cold,8,1966,30.0979,0.004832
scipy-powell,cold,8,1968,30.1303,0.004832
scipy-powell,cold,8,1971,30.1803,0.004807
scipy-powell,cold,8,1973,30.2156,0.004801
scipy-powell,cold,8,1975,30.2503,0.004800
scipy-powell,cold,8,1976,30.2680,0.004800
scipy-powell,cold,8,1977,30.2857,0.004800
scipy-powell,cold,8,1978,30.3047,0.004800
scipy-powell,cold,8,1979,30.3233,0.004800
scipy-powell,cold,8,1980,30.3424,0.004800
scipy-powell,cold,8,1983,30.3977,0.004800
scipy-powell,cold,8,1988,30.4869,0.004800
scipy-powell,cold,8,1990,30.5233,0.004800
scipy-powell,cold,8,1992,30.5634,0.004800
scipy-powell,cold,8,1994,30.6001,0.004800
scipy-powell,cold,8,1995,30.6209,0.004800
scipy-powell,cold,8,1997,30.6695,0.004800
scipy-powell,cold,9,0,0.0000,0.006225
scipy-powell,cold,9,8,0.1432,0.006224
scipy-powell,cold,9,9,0.1587,0.006224
scipy-powell,cold,9,10,0.1745,0.006224
scipy-powell,cold,9,11,0.1899,0.006223
scipy-powell,cold,9,12,0.2068,0.006223
scipy-powell,cold,9,13,0.2230,0.006223
scipy-powell,cold,9,14,0.2392,0.006223
scipy-powell,cold,9,15,0.2561,0.006223
scipy-powell,cold,9,16,0.2723,0.006223
scipy-powell,cold,9,17,0.2895,0.006223
scipy-powell,cold,9,18,0.3066,0.006223
scipy-powell,cold,9,19,0.3231,0.006223
scipy-powell,cold,9,20,0.3392,0.006223
scipy-powell,cold,9,21,0.3541,0.006223
scipy-powell,cold,9,22,0.3699,0.006223
scipy-powell,cold,9,23,0.3869,0.006223
scipy-powell,cold,9,24,0.4018,0.006223
scipy-powell,cold,9,25,0.4171,0.006223
scipy-powell,cold,9,26,0.4331,0.006223
scipy-powell,cold,9,27,0.4494,0.006223
scipy-powell,cold,9,28,0.4652,0.006223
scipy-powell,cold,9,29,0.4817,0.006223
scipy-powell,cold,9,30,0.4982,0.006223
scipy-powell,cold,9,31,0.5138,0.006223
scipy-powell,cold,9,32,0.5296,0.006223
scipy-powell,cold,9,33,0.5458,0.006223
scipy-powell,cold,9,34,0.5625,0.006223
scipy-powell,cold,9,35,0.5796,0.006223
scipy-powell,cold,9,36,0.5953,0.006223
scipy-powell,cold,9,37,0.6109,0.006223
scipy-powell,cold,9,38,0.6272,0.006223
scipy-powell,cold,9,39,0.6437,0.006223
scipy-powell,cold,9,40,0.6598,0.006223
scipy-powell,cold,9,41,0.6772,0.006210
scipy-powell,cold,9,43,0.7122,0.006206
scipy-powell,cold,9,44,0.7289,0.006206
scipy-powell,cold,9,47,0.7798,0.006205
scipy-powell,cold,9,50,0.8315,0.006205
scipy-powell,cold,9,52,0.8662,0.006205
scipy-powell,cold,9,53,0.8831,0.006205
scipy-powell,cold,9,56,0.9313,0.006205
scipy-powell,cold,9,57,0.9459,0.006205
scipy-powell,cold,9,61,1.0057,0.006205
scipy-powell,cold,9,62,1.0258,0.006205
scipy-powell,cold,9,64,1.0640,0.006205
scipy-powell,cold,9,88,1.4435,0.006185
scipy-powell,cold,9,90,1.4739,0.006178
scipy-powell,cold,9,91,1.4888,0.006178
scipy-powell,cold,9,92,1.5030,0.006178
scipy-powell,cold,9,94,1.5330,0.006177
scipy-powell,cold,9,95,1.5501,0.006177
scipy-powell,cold,9,96,1.5650,0.006177
scipy-powell,cold,9,97,1.5796,0.006177
scipy-powell,cold,9,110,1.7789,0.006175
scipy-powell,cold,9,113,1.8246,0.006174
scipy-powell,cold,9,114,1.8394,0.006174
scipy-powell,cold,9,115,1.8558,0.006174
scipy-powell,cold,9,116,1.8721,0.006174
scipy-powell,cold,9,117,1.8890,0.006174
scipy-powell,cold,9,123,1.9876,0.006174
scipy-powell,cold,9,128,2.0655,0.006161
scipy-powell,cold,9,129,2.0857,0.006149
scipy-powell,cold,9,130,2.1008,0.006141
scipy-powell,cold,9,131,2.1186,0.006136
scipy-powell,cold,9,132,2.1364,0.006133
scipy-powell,cold,9,133,2.1546,0.006131
scipy-powell,cold,9,134,2.1701,0.006130
scipy-powell,cold,9,135,2.1862,0.006129
scipy-powell,cold,9,136,2.2014,0.006129
scipy-powell,cold,9,137,2.2188,0.006128
scipy-powell,cold,9,138,2.2349,0.006128
scipy-powell,cold,9,139,2.2501,0.006128
scipy-powell,cold,9,140,2.2660,0.006128
scipy-powell,cold,9,141,2.2825,0.006128
scipy-powell,cold,9,142,2.2986,0.006128
scipy-powell,cold,9,143,2.3146,0.006128
scipy-powell,cold,9,144,2.3305,0.006128
scipy-powell,cold,9,145,2.3462,0.006128
scipy-powell,cold,9,146,2.3611,0.006128
scipy-powell,cold,9,147,2.3774,0.006128
scipy-powell,cold,9,148,2.3945,0.006128
scipy-powell,cold,9,149,2.4105,0.006128
scipy-powell,cold,9,150,2.4268,0.006128
scipy-powell,cold,9,151,2.4436,0.006128
scipy-powell,cold,9,152,2.4601,0.006128
scipy-powell,cold,9,153,2.4767,0.006128
scipy-powell,cold,9,154,2.4923,0.006128
scipy-powell,cold,9,155,2.5083,0.006128
scipy-powell,cold,9,156,2.5244,0.006128
scipy-powell,cold,9,157,2.5399,0.006128
scipy-powell,cold,9,158,2.5551,0.006128
scipy-powell,cold,9,159,2.5705,0.006128
scipy-powell,cold,9,160,2.5853,0.006128
scipy-powell,cold,9,161,2.6021,0.006128
scipy-powell,cold,9,162,2.6185,0.006128
scipy-powell,cold,9,163,2.6360,0.005970
scipy-powell,cold,9,166,2.6849,0.005967
scipy-powell,cold,9,167,2.7013,0.005966
scipy-powell,cold,9,168,2.7170,0.005966
scipy-powell,cold,9,169,2.7327,0.005966
scipy-powell,cold,9,170,2.7505,0.005966
scipy-powell,cold,9,171,2.7657,0.005966
scipy-powell,cold,9,172,2.7822,0.005966
scipy-powell,cold,9,173,2.7992,0.005966
scipy-powell,cold,9,179,2.8923,0.005933
scipy-powell,cold,9,184,2.9653,0.005933
scipy-powell,cold,9,185,2.9818,0.005933
scipy-powell,cold,9,186,2.9971,0.005933
scipy-powell,cold,9,187,3.0123,0.005933
scipy-powell,cold,9,188,3.0281,0.005933
scipy-powell,cold,9,195,3.1320,0.005933
scipy-powell,cold,9,199,3.1928,0.005930
scipy-powell,cold,9,202,3.2369,0.005930
scipy-powell,cold,9,204,3.2681,0.005930
scipy-powell,cold,9,205,3.2836,0.005930
scipy-powell,cold,9,206,3.2992,0.005930
scipy-powell,cold,9,207,3.3148,0.005930
scipy-powell,cold,9,208,3.3290,0.005930
scipy-powell,cold,9,209,3.3440,0.005930
scipy-powell,cold,9,212,3.3885,0.005930
scipy-powell,cold,9,214,3.4205,0.005929
scipy-powell,cold,9,216,3.4514,0.005929
scipy-powell,cold,9,217,3.4670,0.005929
scipy-powell,cold,9,218,3.4832,0.005929
scipy-powell,cold,9,219,3.4999,0.005929
scipy-powell,cold,9,220,3.5151,0.005929
scipy-powell,cold,9,221,3.5308,0.005929
scipy-powell,cold,9,222,3.5462,0.005929
scipy-powell,cold,9,230,3.6697,0.005929
scipy-powell,cold,9,233,3.7184,0.005929
scipy-powell,cold,9,234,3.7338,0.005929
scipy-powell,cold,9,236,3.7638,0.005929
scipy-powell,cold,9,237,3.7793,0.005929
scipy-powell,cold,9,238,3.7948,0.005929
scipy-powell,cold,9,239,3.8089,0.005929
scipy-powell,cold,9,240,3.8231,0.005929
scipy-powell,cold,9,246,3.9112,0.005929
scipy-powell,cold,9,248,3.9408,0.005929
scipy-powell,cold,9,249,3.9559,0.005928
scipy-powell,cold,9,250,3.9706,0.005928
scipy-powell,cold,9,251,3.9851,0.005928
scipy-powell,cold,9,252,3.9994,0.005928
scipy-powell,cold,9,253,4.0145,0.005928
scipy-powell,cold,9,254,4.0286,0.005928
scipy-powell,cold,9,255,4.0435,0.005928
scipy-powell,cold,9,256,4.0579,0.005928
scipy-powell,cold,9,257,4.0730,0.005928
scipy-powell,cold,9,258,4.0875,0.005928
scipy-powell,cold,9,259,4.1012,0.005928
scipy-powell,cold,9,260,4.1155,0.005928
scipy-powell,cold,9,261,4.1291,0.005928
scipy-powell,cold,9,262,4.1446,0.005928
scipy-powell,cold,9,263,4.1588,0.005928
scipy-powell,cold,9,264,4.1730,0.005928
scipy-powell,cold,9,265,4.1907,0.005928
scipy-powell,cold,9,266,4.2070,0.005928
scipy-powell,cold,9,267,4.2230,0.005928
scipy-powell,cold,9,268,4.2393,0.005928
scipy-powell,cold,9,269,4.2542,0.005928
scipy-powell,cold,9,270,4.2699,0.005928
scipy-powell,cold,9,271,4.2855,0.005928
scipy-powell,cold,9,272,4.3002,0.005928
scipy-powell,cold,9,273,4.3152,0.005928
scipy-powell,cold,9,274,4.3353,0.005928
scipy-powell,cold,9,275,4.3535,0.005928
scipy-powell,cold,9,276,4.3681,0.005928
scipy-powell,cold,9,277,4.3841,0.005928
scipy-powell,cold,9,278,4.3997,0.005928
scipy-powell,cold,9,279,4.4168,0.005928
scipy-powell,cold,9,280,4.4331,0.005928
scipy-powell,cold,9,281,4.4483,0.005928
scipy-powell,cold,9,282,4.4644,0.005928
scipy-powell,cold,9,284,4.4959,0.005928
scipy-powell,cold,9,285,4.5112,0.005928
scipy-powell,cold,9,286,4.5271,0.005928
scipy-powell,cold,9,288,4.5577,0.005928
scipy-powell,cold,9,289,4.5727,0.005928
scipy-powell,cold,9,290,4.5878,0.005928
scipy-powell,cold,9,291,4.6032,0.005928
scipy-powell,cold,9,292,4.6187,0.005928
scipy-powell,cold,9,298,4.7130,0.005927
scipy-powell,cold,9,300,4.7440,0.005924
scipy-powell,cold,9,301,4.7588,0.005922
scipy-powell,cold,9,302,4.7744,0.005921
scipy-powell,cold,9,303,4.7897,0.005920
scipy-powell,cold,9,304,4.8049,0.005919
scipy-powell,cold,9,305,4.8206,0.005919
scipy-powell,cold,9,306,4.8366,0.005919
scipy-powell,cold,9,307,4.8526,0.005919
scipy-powell,cold,9,308,4.8688,0.005919
scipy-powell,cold,9,309,4.8849,0.005919
scipy-powell,cold,9,310,4.9020,0.005918
scipy-powell,cold,9,311,4.9198,0.005918
scipy-powell,cold,9,312,4.9352,0.005918
scipy-powell,cold,9,313,4.9515,0.005918
scipy-powell,cold,9,314,4.9669,0.005918
scipy-powell,cold,9,315,4.9818,0.005918
scipy-powell,cold,9,316,4.9982,0.005918
scipy-powell,cold,9,317,5.0133,0.005918
scipy-powell,cold,9,318,5.0282,0.005918
scipy-powell,cold,9,319,5.0438,0.005918
scipy-powell,cold,9,320,5.0591,0.005918
scipy-powell,cold,9,321,5.0746,0.005918
scipy-powell,cold,9,322,5.0899,0.005918
scipy-powell,cold,9,323,5.1047,0.005918
scipy-powell,cold,9,324,5.1205,0.005918
scipy-powell,cold,9,325,5.1359,0.005918
scipy-powell,cold,9,326,5.1514,0.005918
scipy-powell,cold,9,327,5.1664,0.005918
scipy-powell,cold,9,328,5.1825,0.005918
scipy-powell,cold,9,329,5.1979,0.005918
scipy-powell,cold,9,330,5.2131,0.005918
scipy-powell,cold,9,331,5.2283,0.005918
scipy-powell,cold,9,332,5.2435,0.005918
scipy-powell,cold,9,333,5.2588,0.005918
scipy-powell,cold,9,334,5.2736,0.005918
scipy-powell,cold,9,335,5.2893,0.005914
scipy-powell,cold,9,337,5.3200,0.005909
scipy-powell,cold,9,338,5.3357,0.005907
scipy-powell,cold,9,340,5.3672,0.005907
scipy-powell,cold,9,341,5.3838,0.005907
scipy-powell,cold,9,342,5.3998,0.005907
scipy-powell,cold,9,343,5.4153,0.005907
scipy-powell,cold,9,344,5.4311,0.005907
scipy-powell,cold,9,345,5.4475,0.005907
scipy-powell,cold,9,355,5.6066,0.005875
scipy-powell,cold,9,356,5.6231,0.005842
scipy-powell,cold,9,357,5.6383,0.005817
scipy-powell,cold,9,358,5.6536,0.005800
scipy-powell,cold,9,359,5.6692,0.005788
scipy-powell,cold,9,360,5.6843,0.005781
scipy-powell,cold,9,361,5.6997,0.005777
scipy-powell,cold,9,362,5.7157,0.005774
scipy-powell,cold,9,363,5.7321,0.005772
scipy-powell,cold,9,364,5.7487,0.005771
scipy-powell,cold,9,365,5.7646,0.005770
scipy-powell,cold,9,366,5.7800,0.005770
scipy-powell,cold,9,367,5.7953,0.005769
scipy-powell,cold,9,368,5.8116,0.005769
scipy-powell,cold,9,369,5.8272,0.005769
scipy-powell,cold,9,370,5.8435,0.005769
scipy-powell,cold,9,371,5.8600,0.005769
scipy-powell,cold,9,372,5.8756,0.005769
scipy-powell,cold,9,373,5.8908,0.005769
scipy-powell,cold,9,374,5.9062,0.005769
scipy-powell,cold,9,375,5.9226,0.005769
scipy-powell,cold,9,376,5.9382,0.005769
scipy-powell,cold,9,377,5.9530,0.005769
scipy-powell,cold,9,378,5.9682,0.005769
scipy-powell,cold,9,379,5.9841,0.005769
scipy-powell,cold,9,380,5.9993,0.005769
scipy-powell,cold,9,381,6.0145,0.005769
scipy-powell,cold,9,382,6.0308,0.005769
scipy-powell,cold,9,383,6.0466,0.005769
scipy-powell,cold,9,384,6.0621,0.005769
scipy-powell,cold,9,385,6.0773,0.005769
scipy-powell,cold,9,386,6.0936,0.005769
scipy-powell,cold,9,387,6.1091,0.005769
scipy-powell,cold,9,388,6.1246,0.005769
scipy-powell,cold,9,389,6.1402,0.005769
scipy-powell,cold,9,390,6.1550,0.005769
scipy-powell,cold,9,391,6.1705,0.005482
scipy-powell,cold,9,393,6.2018,0.005410
scipy-powell,cold,9,394,6.2168,0.005390
scipy-powell,cold,9,395,6.2325,0.005388
scipy-powell,cold,9,397,6.2625,0.005388
scipy-powell,cold,9,398,6.2779,0.005388
scipy-powell,cold,9,400,6.3092,0.005388
scipy-powell,cold,9,401,6.3262,0.005388
scipy-powell,cold,9,402,6.3427,0.005388
scipy-powell,cold,9,403,6.3598,0.005388
scipy-powell,cold,9,412,6.5158,0.005388
scipy-powell,cold,9,414,6.5474,0.005388
scipy-powell,cold,9,415,6.5630,0.005388
scipy-powell,cold,9,416,6.5786,0.005388
scipy-powell,cold,9,462,7.2933,0.005388
scipy-powell,cold,9,463,7.3086,0.005388
scipy-powell,cold,9,464,7.3248,0.005388
scipy-powell,cold,9,465,7.3398,0.005388
scipy-powell,cold,9,466,7.3549,0.005388
scipy-powell,cold,9,467,7.3708,0.005388
scipy-powell,cold,9,468,7.3864,0.005388
scipy-powell,cold,9,469,7.4027,0.005388
scipy-powell,cold,9,470,7.4181,0.005388
scipy-powell,cold,9,471,7.4353,0.005388
scipy-powell,cold,9,472,7.4520,0.005388
scipy-powell,cold,9,473,7.4670,0.005388
scipy-powell,cold,9,474,7.4825,0.005388
scipy-powell,cold,9,475,7.4968,0.005388
scipy-powell,cold,9,476,7.5118,0.005388
scipy-powell,cold,9,477,7.5267,0.005388
scipy-powell,cold,9,478,7.5412,0.005388
scipy-powell,cold,9,479,7.5552,0.005388
scipy-powell,cold,9,480,7.5690,0.005388
scipy-powell,cold,9,481,7.5844,0.005388
scipy-powell,cold,9,482,7.5997,0.005388
scipy-powell,cold,9,483,7.6155,0.005388
scipy-powell,cold,9,484,7.6301,0.005388
scipy-powell,cold,9,485,7.6448,0.005388
scipy-powell,cold,9,486,7.6599,0.005388
scipy-powell,cold,9,487,7.6756,0.005388
scipy-powell,cold,9,488,7.6917,0.005388
scipy-powell,cold,9,489,7.7070,0.005388
scipy-powell,cold,9,490,7.7220,0.005388
scipy-powell,cold,9,491,7.7374,0.005388
scipy-powell,cold,9,492,7.7520,0.005388
scipy-powell,cold,9,493,7.7678,0.005388
scipy-powell,cold,9,494,7.7843,0.005388
scipy-powell,cold,9,495,7.7995,0.005388
scipy-powell,cold,9,496,7.8165,0.005388
scipy-powell,cold,9,497,7.8316,0.005388
scipy-powell,cold,9,499,7.8634,0.005388
scipy-powell,cold,9,500,7.8781,0.005388
scipy-powell,cold,9,501,7.8932,0.005388
scipy-powell,cold,9,502,7.9087,0.005388
scipy-powell,cold,9,504,7.9411,0.005388
scipy-powell,cold,9,505,7.9566,0.005388
scipy-powell,cold,9,507,7.9889,0.005388
scipy-powell,cold,9,508,8.0053,0.005388
scipy-powell,cold,9,509,8.0207,0.005388
scipy-powell,cold,9,510,8.0358,0.005388
scipy-powell,cold,9,511,8.0505,0.005388
scipy-powell,cold,9,513,8.0805,0.005388
scipy-powell,cold,9,516,8.1280,0.005388
scipy-powell,cold,9,521,8.2087,0.005388
scipy-powell,cold,9,522,8.2250,0.005388
scipy-powell,cold,9,523,8.2421,0.005388
scipy-powell,cold,9,524,8.2582,0.005388
scipy-powell,cold,9,525,8.2740,0.005388
scipy-powell,cold,9,526,8.2902,0.005388
scipy-powell,cold,9,527,8.3056,0.005388
scipy-powell,cold,9,528,8.3209,0.005388
scipy-powell,cold,9,529,8.3357,0.005388
scipy-powell,cold,9,530,8.3509,0.005388
scipy-powell,cold,9,531,8.3670,0.005388
scipy-powell,cold,9,532,8.3835,0.005388
scipy-powell,cold,9,533,8.4001,0.005388
scipy-powell,cold,9,534,8.4165,0.005388
scipy-powell,cold,9,535,8.4337,0.005388
scipy-powell,cold,9,536,8.4508,0.005388
scipy-powell,cold,9,537,8.4679,0.005388
scipy-powell,cold,9,538,8.4848,0.005388
scipy-powell,cold,9,539,8.5016,0.005388
scipy-powell,cold,9,540,8.5184,0.005388
scipy-powell,cold,9,541,8.5350,0.005388
scipy-powell,cold,9,542,8.5511,0.005388
scipy-powell,cold,9,543,8.5674,0.005388
scipy-powell,cold,9,544,8.5834,0.005388
scipy-powell,cold,9,545,8.6001,0.005388
scipy-powell,cold,9,546,8.6161,0.005388
scipy-powell,cold,9,547,8.6319,0.005388
scipy-powell,cold,9,548,8.6490,0.005388
scipy-powell,cold,9,549,8.6668,0.005388
scipy-powell,cold,9,550,8.6826,0.005388
scipy-powell,cold,9,551,8.6983,0.005388
scipy-powell,cold,9,552,8.7167,0.005388
scipy-powell,cold,9,553,8.7334,0.005388
scipy-powell,cold,9,554,8.7497,0.005388
scipy-powell,cold,9,555,8.7666,0.005388
scipy-powell,cold,9,556,8.7832,0.005388
scipy-powell,cold,9,557,8.8000,0.005388
scipy-powell,cold,9,559,8.8339,0.005387
scipy-powell,cold,9,560,8.8511,0.005387
scipy-powell,cold,9,561,8.8676,0.005387
scipy-powell,cold,9,562,8.8839,0.005387
scipy-powell,cold,9,564,8.9175,0.005387
scipy-powell,cold,9,565,8.9332,0.005387
scipy-powell,cold,9,566,8.9502,0.005387
scipy-powell,cold,9,567,8.9660,0.005387
scipy-powell,cold,9,568,8.9821,0.005387
scipy-powell,cold,9,569,8.9976,0.005387
scipy-powell,cold,9,576,9.1097,0.005383
scipy-powell,cold,9,578,9.1413,0.005379
scipy-powell,cold,9,579,9.1571,0.005377
scipy-powell,cold,9,580,9.1733,0.005375
scipy-powell,cold,9,581,9.1893,0.005374
scipy-powell,cold,9,582,9.2062,0.005374
scipy-powell,cold,9,583,9.2221,0.005373
scipy-powell,cold,9,584,9.2382,0.005373
scipy-powell,cold,9,585,9.2541,0.005373
scipy-powell,cold,9,586,9.2711,0.005373
scipy-powell,cold,9,587,9.2879,0.005373
scipy-powell,cold,9,588,9.3045,0.005373
scipy-powell,cold,9,589,9.3203,0.005373
scipy-powell,cold,9,590,9.3360,0.005373
scipy-powell,cold,9,591,9.3519,0.005373
scipy-powell,cold,9,592,9.3681,0.005373
scipy-powell,cold,9,593,9.3855,0.005373
scipy-powell,cold,9,594,9.4012,0.005373
scipy-powell,cold,9,595,9.4166,0.005373
scipy-powell,cold,9,596,9.4328,0.005373
scipy-powell,cold,9,597,9.4483,0.005373
scipy-powell,cold,9,598,9.4642,0.005373
scipy-powell,cold,9,599,9.4808,0.005373
scipy-powell,cold,9,600,9.4966,0.005373
scipy-powell,cold,9,601,9.5123,0.005373
scipy-powell,cold,9,602,9.5282,0.005373
scipy-powell,cold,9,603,9.5441,0.005373
scipy-powell,cold,9,604,9.5605,0.005373
scipy-powell,cold,9,605,9.5765,0.005373
scipy-powell,cold,9,606,9.5915,0.005373
scipy-powell,cold,9,607,9.6061,0.005373
scipy-powell,cold,9,608,9.6213,0.005373
scipy-powell,cold,9,609,9.6368,0.005373
scipy-powell,cold,9,610,9.6528,0.005373
scipy-powell,cold,9,611,9.6672,0.005373
scipy-powell,cold,9,612,9.6829,0.005366
scipy-powell,cold,9,614,9.7152,0.005361
scipy-powell,cold,9,615,9.7293,0.005360
scipy-powell,cold,9,616,9.7445,0.005360
scipy-powell,cold,9,617,9.7598,0.005360
scipy-powell,cold,9,618,9.7748,0.005360
scipy-powell,cold,9,621,9.8205,0.005360
scipy-powell,cold,9,625,9.8840,0.005360
scipy-powell,cold,9,626,9.8989,0.005360
scipy-powell,cold,9,636,10.0503,0.005360
scipy-powell,cold,9,650,10.2620,0.005227
scipy-powell,cold,9,652,10.2937,0.005153
scipy-powell,cold,9,653,10.3097,0.005144
scipy-powell,cold,9,654,10.3255,0.005144
scipy-powell,cold,9,655,10.3408,0.005144
scipy-powell,cold,9,656,10.3570,0.005144
scipy-powell,cold,9,657,10.3734,0.005144
scipy-powell,cold,9,658,10.3894,0.005144
scipy-powell,cold,9,659,10.4050,0.005144
scipy-powell,cold,9,664,10.4856,0.005142
scipy-powell,cold,9,669,10.5615,0.005142
scipy-powell,cold,9,670,10.5773,0.005142
scipy-powell,cold,9,671,10.5929,0.005142
scipy-powell,cold,9,672,10.6083,0.005142
scipy-powell,cold,9,673,10.6233,0.005142
scipy-powell,cold,9,674,10.6378,0.005142
scipy-powell,cold,9,676,10.6687,0.005142
scipy-powell,cold,9,681,10.7422,0.005136
scipy-powell,cold,9,685,10.8030,0.005136
scipy-powell,cold,9,686,10.8173,0.005136
scipy-powell,cold,9,687,10.8327,0.005136
scipy-powell,cold,9,689,10.8625,0.005136
scipy-powell,cold,9,690,10.8788,0.005136
scipy-powell,cold,9,691,10.8946,0.005136
scipy-powell,cold,9,747,11.7497,0.005128
scipy-powell,cold,9,748,11.7655,0.005123
scipy-powell,cold,9,749,11.7809,0.005122
scipy-powell,cold,9,750,11.7960,0.005122
scipy-powell,cold,9,751,11.8116,0.005122
scipy-powell,cold,9,752,11.8268,0.005122
scipy-powell,cold,9,753,11.8428,0.005122
scipy-powell,cold,9,766,12.0494,0.005122
scipy-powell,cold,9,767,12.0655,0.005122
scipy-powell,cold,9,768,12.0822,0.005122
scipy-powell,cold,9,769,12.0976,0.005122
scipy-powell,cold,9,771,12.1287,0.005122
scipy-powell,cold,9,781,12.2881,0.005120
scipy-powell,cold,9,786,12.3675,0.005120
scipy-powell,cold,9,787,12.3831,0.005120
scipy-powell,cold,9,788,12.3985,0.005120
scipy-powell,cold,9,789,12.4145,0.005120
scipy-powell,cold,9,790,12.4291,0.005120
scipy-powell,cold,9,791,12.4436,0.005120
scipy-powell,cold,9,796,12.5243,0.005120
scipy-powell,cold,9,801,12.6046,0.005120
scipy-powell,cold,9,804,12.6520,0.005119
scipy-powell,cold,9,805,12.6683,0.005119
scipy-powell,cold,9,807,12.7007,0.005119
scipy-powell,cold,9,808,12.7173,0.005119
scipy-powell,cold,9,811,12.7638,0.005119
scipy-powell,cold,9,812,12.7790,0.005119
scipy-powell,cold,9,813,12.7935,0.005119
scipy-powell,cold,9,814,12.8083,0.005119
scipy-powell,cold,9,815,12.8235,0.005119
scipy-powell,cold,9,816,12.8398,0.005119
scipy-powell,cold,9,817,12.8557,0.005119
scipy-powell,cold,9,818,12.8709,0.005119
scipy-powell,cold,9,819,12.8868,0.005119
scipy-powell,cold,9,820,12.9018,0.005119
scipy-powell,cold,9,821,12.9175,0.005119
scipy-powell,cold,9,822,12.9338,0.005119
scipy-powell,cold,9,823,12.9483,0.005119
scipy-powell,cold,9,824,12.9642,0.005119
scipy-powell,cold,9,825,12.9797,0.005119
scipy-powell,cold,9,826,12.9948,0.005119
scipy-powell,cold,9,827,13.0102,0.005119
scipy-powell,cold,9,828,13.0265,0.005119
scipy-powell,cold,9,829,13.0443,0.005119
scipy-powell,cold,9,830,13.0601,0.005119
scipy-powell,cold,9,831,13.0750,0.005119
scipy-powell,cold,9,832,13.0901,0.005119
scipy-powell,cold,9,833,13.1055,0.005119
scipy-powell,cold,9,834,13.1213,0.005119
scipy-powell,cold,9,835,13.1369,0.005119
scipy-powell,cold,9,836,13.1519,0.005119
scipy-powell,cold,9,837,13.1674,0.005119
scipy-powell,cold,9,838,13.1837,0.005119
scipy-powell,cold,9,839,13.1980,0.005119
scipy-powell,cold,9,841,13.2283,0.005119
scipy-powell,cold,9,842,13.2439,0.005119
scipy-powell,cold,9,843,13.2599,0.005119
scipy-powell,cold,9,844,13.2763,0.005119
scipy-powell,cold,9,845,13.2931,0.005119
scipy-powell,cold,9,846,13.3087,0.005119
scipy-powell,cold,9,847,13.3239,0.005119
scipy-powell,cold,9,848,13.3403,0.005119
scipy-powell,cold,9,849,13.3566,0.005119
scipy-powell,cold,9,850,13.3721,0.005119
scipy-powell,cold,9,851,13.3875,0.005119
scipy-powell,cold,9,852,13.4038,0.005119
scipy-powell,cold,9,853,13.4191,0.005119
scipy-powell,cold,9,854,13.4344,0.005119
scipy-powell,cold,9,855,13.4493,0.005119
scipy-powell,cold,9,856,13.4644,0.005119
scipy-powell,cold,9,857,13.5958,0.005119
scipy-powell,cold,9,858,13.6123,0.005119
scipy-powell,cold,9,859,13.6279,0.005119
scipy-powell,cold,9,860,13.6443,0.005119
scipy-powell,cold,9,861,13.6654,0.005119
scipy-powell,cold,9,862,13.6817,0.005119
scipy-powell,cold,9,863,13.6985,0.005119
scipy-powell,cold,9,864,13.7143,0.005119
scipy-powell,cold,9,865,13.7302,0.005119
scipy-powell,cold,9,866,13.7482,0.005119
scipy-powell,cold,9,867,13.7650,0.005119
scipy-powell,cold,9,868,13.7807,0.005119
scipy-powell,cold,9,869,13.7961,0.005119
scipy-powell,cold,9,870,13.8122,0.005119
scipy-powell,cold,9,871,13.8279,0.005119
scipy-powell,cold,9,872,13.8437,0.005119
scipy-powell,cold,9,873,13.8599,0.005119
scipy-powell,cold,9,874,13.8772,0.005119
scipy-powell,cold,9,875,13.8948,0.005119
scipy-powell,cold,9,876,13.9102,0.005119
scipy-powell,cold,9,879,13.9539,0.005119
scipy-powell,cold,9,880,13.9692,0.005119
scipy-powell,cold,9,882,14.0008,0.005119
scipy-powell,cold,9,883,14.0162,0.005119
scipy-powell,cold,9,884,14.0315,0.005119
scipy-powell,cold,9,885,14.0468,0.005119
scipy-powell,cold,9,886,14.0608,0.005119
scipy-powell,cold,9,887,14.0749,0.005119
scipy-powell,cold,9,888,14.0891,0.005119
scipy-powell,cold,9,889,14.1032,0.005119
scipy-powell,cold,9,890,14.1182,0.005119
scipy-powell,cold,9,891,14.1327,0.005119
scipy-powell,cold,9,892,14.1470,0.005119
scipy-powell,cold,9,893,14.1616,0.005119
scipy-powell,cold,9,894,14.1762,0.005119
scipy-powell,cold,9,895,14.1920,0.005119
scipy-powell,cold,9,896,14.2067,0.005119
scipy-powell,cold,9,897,14.2212,0.005119
scipy-powell,cold,9,898,14.2365,0.005119
scipy-powell,cold,9,899,14.2520,0.005119
scipy-powell,cold,9,900,14.2670,0.005119
scipy-powell,cold,9,901,14.2814,0.005119
scipy-powell,cold,9,902,14.2959,0.005119
scipy-powell,cold,9,903,14.3108,0.005119
scipy-powell,cold,9,904,14.3256,0.005119
scipy-powell,cold,9,905,14.3412,0.005119
scipy-powell,cold,9,906,14.3566,0.005119
scipy-powell,cold,9,907,14.3716,0.005119
scipy-powell,cold,9,908,14.3871,0.005119
scipy-powell,cold,9,909,14.4029,0.005119
scipy-powell,cold,9,910,14.4178,0.005119
scipy-powell,cold,9,911,14.4328,0.005119
scipy-powell,cold,9,912,14.4472,0.005119
scipy-powell,cold,9,913,14.4630,0.005119
scipy-powell,cold,9,914,14.4781,0.005119
scipy-powell,cold,9,915,14.4932,0.005119
scipy-powell,cold,9,916,14.5088,0.005119
scipy-powell,cold,9,919,14.5562,0.005118
scipy-powell,cold,9,920,14.5711,0.005118
scipy-powell,cold,9,921,14.5853,0.005118
scipy-powell,cold,9,922,14.6001,0.005118
scipy-powell,cold,9,923,14.6149,0.005117
scipy-powell,cold,9,924,14.6295,0.005117
scipy-powell,cold,9,925,14.6441,0.005117
scipy-powell,cold,9,926,14.6586,0.005117
scipy-powell,cold,9,927,14.6729,0.005117
scipy-powell,cold,9,928,14.6889,0.005117
scipy-powell,cold,9,929,14.7043,0.005117
scipy-powell,cold,9,930,14.7198,0.005117
scipy-powell,cold,9,931,14.7340,0.005117
scipy-powell,cold,9,932,14.7490,0.005117
scipy-powell,cold,9,933,14.7645,0.005117
scipy-powell,cold,9,934,14.7786,0.005117
scipy-powell,cold,9,935,14.7924,0.005117
scipy-powell,cold,9,936,14.8060,0.005117
scipy-powell,cold,9,937,14.8202,0.005117
scipy-powell,cold,9,938,14.8345,0.005117
scipy-powell,cold,9,939,14.8491,0.005117
scipy-powell,cold,9,940,14.8637,0.005117
scipy-powell,cold,9,941,14.8786,0.005117
scipy-powell,cold,9,942,14.8928,0.005117
scipy-powell,cold,9,943,14.9061,0.005117
scipy-powell,cold,9,944,14.9207,0.005117
scipy-powell,cold,9,945,14.9347,0.005117
scipy-powell,cold,9,946,14.9496,0.005117
scipy-powell,cold,9,947,14.9643,0.005117
scipy-powell,cold,9,948,14.9793,0.005117
scipy-powell,cold,9,949,14.9937,0.005117
scipy-powell,cold,9,950,15.0079,0.005117
scipy-powell,cold,9,951,15.0222,0.005117
scipy-powell,cold,9,952,15.0370,0.005117
scipy-powell,cold,9,953,15.0537,0.005117
scipy-powell,cold,9,954,15.0719,0.005117
scipy-powell,cold,9,955,15.0900,0.005114
scipy-powell,cold,9,957,15.1247,0.005113
scipy-powell,cold,9,958,15.1432,0.005112
scipy-powell,cold,9,959,15.1619,0.005112
scipy-powell,cold,9,960,15.1806,0.005112
scipy-powell,cold,9,961,15.1990,0.005112
scipy-powell,cold,9,962,15.2169,0.005112
scipy-powell,cold,9,963,15.2347,0.005112
scipy-powell,cold,9,964,15.2539,0.005111
scipy-powell,cold,9,965,15.2736,0.005111
scipy-powell,cold,9,966,15.2910,0.005111
scipy-powell,cold,9,967,15.3099,0.005111
scipy-powell,cold,9,968,15.3290,0.005111
scipy-powell,cold,9,969,15.3485,0.005111
scipy-powell,cold,9,970,15.3672,0.005111
scipy-powell,cold,9,971,15.3882,0.005111
scipy-powell,cold,9,972,15.4076,0.005111
scipy-powell,cold,9,973,15.4250,0.005111
scipy-powell,cold,9,974,15.4398,0.005111
scipy-powell,cold,9,975,15.4552,0.005111
scipy-powell,cold,9,976,15.4701,0.005111
scipy-powell,cold,9,977,15.4855,0.005111
scipy-powell,cold,9,978,15.5018,0.005111
scipy-powell,cold,9,979,15.5191,0.005111
scipy-powell,cold,9,980,15.5353,0.005111
scipy-powell,cold,9,981,15.5515,0.005111
scipy-powell,cold,9,982,15.5685,0.005111
scipy-powell,cold,9,983,15.5866,0.005111
scipy-powell,cold,9,984,15.6075,0.005111
scipy-powell,cold,9,985,15.6246,0.005111
scipy-powell,cold,9,986,15.6425,0.005111
scipy-powell,cold,9,987,15.6602,0.005111
scipy-powell,cold,9,988,15.6770,0.005111
scipy-powell,cold,9,989,15.6932,0.005111
scipy-powell,cold,9,990,15.7089,0.005111
scipy-powell,cold,9,991,15.7244,0.005110
scipy-powell,cold,9,992,15.7396,0.005110
scipy-powell,cold,9,994,15.7710,0.005110
scipy-powell,cold,9,995,15.7881,0.005110
scipy-powell,cold,9,997,15.8217,0.005110
scipy-powell,cold,9,998,15.8375,0.005110
scipy-powell,cold,9,999,15.8529,0.005110
scipy-powell,cold,9,1001,15.8841,0.005110
scipy-powell,cold,9,1008,15.9929,0.005107
scipy-powell,cold,9,1010,16.0236,0.005104
scipy-powell,cold,9,1011,16.0392,0.005102
scipy-powell,cold,9,1013,16.0754,0.005102
scipy-powell,cold,9,1014,16.0923,0.005102
scipy-powell,cold,9,1015,16.1099,0.005102
scipy-powell,cold,9,1016,16.1253,0.005102
scipy-powell,cold,9,1017,16.1408,0.005102
scipy-powell,cold,9,1018,16.1563,0.005102
scipy-powell,cold,9,1019,16.1712,0.005102
scipy-powell,cold,9,1024,16.2460,0.005095
scipy-powell,cold,9,1025,16.2615,0.005086
scipy-powell,cold,9,1027,16.2928,0.005086
scipy-powell,cold,9,1028,16.3078,0.005086
scipy-powell,cold,9,1029,16.3219,0.005086
scipy-powell,cold,9,1030,16.3372,0.005086
scipy-powell,cold,9,1031,16.3520,0.005086
scipy-powell,cold,9,1032,16.3670,0.005086
scipy-powell,cold,9,1035,16.4124,0.005086
scipy-powell,cold,9,1040,16.4935,0.005085
scipy-powell,cold,9,1041,16.5108,0.005081
scipy-powell,cold,9,1042,16.5273,0.005080
scipy-powell,cold,9,1044,16.5622,0.005080
scipy-powell,cold,9,1045,16.5791,0.005080
scipy-powell,cold,9,1046,16.5981,0.005080
scipy-powell,cold,9,1047,16.6178,0.005080
scipy-powell,cold,9,1048,16.6371,0.005080
scipy-powell,cold,9,1049,16.6560,0.005080
scipy-powell,cold,9,1050,16.6708,0.005080
scipy-powell,cold,9,1061,16.8388,0.005080
scipy-powell,cold,9,1063,16.8684,0.005080
scipy-powell,cold,9,1064,16.8829,0.005080
scipy-powell,cold,9,1065,16.8975,0.005080
scipy-powell,cold,9,1066,16.9112,0.005080
scipy-powell,cold,9,1078,17.0872,0.005076
scipy-powell,cold,9,1080,17.1149,0.005058
scipy-powell,cold,9,1083,17.1567,0.005056
scipy-powell,cold,9,1084,17.1716,0.005056
scipy-powell,cold,9,1085,17.1871,0.005056
scipy-powell,cold,9,1086,17.2017,0.005056
scipy-powell,cold,9,1087,17.2154,0.005056
scipy-powell,cold,9,1088,17.2295,0.005056
scipy-powell,cold,9,1089,17.2437,0.005056
scipy-powell,cold,9,1098,17.3793,0.005056
scipy-powell,cold,9,1099,17.3939,0.005056
scipy-powell,cold,9,1100,17.4094,0.005056
scipy-powell,cold,9,1101,17.4250,0.005056
scipy-powell,cold,9,1108,17.5249,0.005056
scipy-powell,cold,9,1109,17.5394,0.005056
scipy-powell,cold,9,1112,17.5824,0.005056
scipy-powell,cold,9,1113,17.5975,0.005056
scipy-powell,cold,9,1114,17.6125,0.005056
scipy-powell,cold,9,1115,17.6271,0.005056
scipy-powell,cold,9,1117,17.6558,0.005056
scipy-powell,cold,9,1119,17.6857,0.005056
scipy-powell,cold,9,1120,17.7013,0.005056
scipy-powell,cold,9,1121,17.7161,0.005056
scipy-powell,cold,9,1123,17.7458,0.005056
scipy-powell,cold,9,1126,17.7912,0.005056
scipy-powell,cold,9,1133,17.8922,0.005055
scipy-powell,cold,9,1134,17.9070,0.005055
scipy-powell,cold,9,1135,17.9211,0.005054
scipy-powell,cold,9,1136,17.9358,0.005054
scipy-powell,cold,9,1137,17.9508,0.005054
scipy-powell,cold,9,1138,17.9660,0.005054
scipy-powell,cold,9,1139,17.9820,0.005054
scipy-powell,cold,9,1140,17.9967,0.005054
scipy-powell,cold,9,1141,18.0110,0.005054
scipy-powell,cold,9,1142,18.0258,0.005054
scipy-powell,cold,9,1143,18.0399,0.005054
scipy-powell,cold,9,1144,18.0542,0.005054
scipy-powell,cold,9,1145,18.0694,0.005054
scipy-powell,cold,9,1146,18.0843,0.005054
scipy-powell,cold,9,1147,18.0996,0.005054
scipy-powell,cold,9,1148,18.1158,0.005054
scipy-powell,cold,9,1149,18.1312,0.005054
scipy-powell,cold,9,1150,18.1468,0.005054
scipy-powell,cold,9,1151,18.1622,0.005054
scipy-powell,cold,9,1152,18.1772,0.005054
scipy-powell,cold,9,1153,18.1924,0.005054
scipy-powell,cold,9,1154,18.2071,0.005054
scipy-powell,cold,9,1155,18.2219,0.005054
scipy-powell,cold,9,1156,18.2376,0.005054
scipy-powell,cold,9,1157,18.2532,0.005054
scipy-powell,cold,9,1158,18.2696,0.005054
scipy-powell,cold,9,1159,18.2873,0.005054
scipy-powell,cold,9,1160,18.3069,0.005054
scipy-powell,cold,9,1161,18.3277,0.005054
scipy-powell,cold,9,1162,18.3460,0.005054
scipy-powell,cold,9,1163,18.3664,0.005054
scipy-powell,cold,9,1164,18.3823,0.005054
scipy-powell,cold,9,1165,18.3979,0.005054
scipy-powell,cold,9,1166,18.4131,0.005054
scipy-powell,cold,9,1167,18.4279,0.005054
scipy-powell,cold,9,1168,18.4424,0.005054
scipy-powell,cold,9,1171,18.4916,0.005053
scipy-powell,cold,9,1172,18.5068,0.005053
scipy-powell,cold,9,1173,18.5232,0.005052
scipy-powell,cold,9,1174,18.5391,0.005052
scipy-powell,cold,9,1177,18.5849,0.005052
scipy-powell,cold,9,1179,18.6250,0.005052
scipy-powell,cold,9,1180,18.6482,0.005052
scipy-powell,cold,9,1181,18.6701,0.005052
scipy-powell,cold,9,1182,18.6908,0.005052
scipy-powell,cold,9,1183,18.7117,0.005052
scipy-powell,cold,9,1185,18.7439,0.005052
scipy-powell,cold,9,1186,18.7595,0.005052
scipy-powell,cold,9,1188,18.7937,0.005052
scipy-powell,cold,9,1189,18.8102,0.005052
scipy-powell,cold,9,1191,18.8430,0.005052
scipy-powell,cold,9,1192,18.8592,0.005052
scipy-powell,cold,9,1193,18.8748,0.005052
scipy-powell,cold,9,1194,18.8907,0.005052
scipy-powell,cold,9,1195,18.9055,0.005052
scipy-powell,cold,9,1206,19.0733,0.005052
scipy-powell,cold,9,1208,19.1032,0.005052
scipy-powell,cold,9,1214,19.2013,0.005049
scipy-powell,cold,9,1215,19.2178,0.005046
scipy-powell,cold,9,1216,19.2339,0.005044
scipy-powell,cold,9,1217,19.2496,0.005043
scipy-powell,cold,9,1218,19.2647,0.005042
scipy-powell,cold,9,1219,19.2812,0.005041
scipy-powell,cold,9,1220,19.2968,0.005041
scipy-powell,cold,9,1221,19.3148,0.005041
scipy-powell,cold,9,1222,19.3302,0.005041
scipy-powell,cold,9,1223,19.3466,0.005041
scipy-powell,cold,9,1224,19.3622,0.005041
scipy-powell,cold,9,1225,19.3789,0.005041
scipy-powell,cold,9,1226,19.3947,0.005041
scipy-powell,cold,9,1227,19.4099,0.005041
scipy-powell,cold,9,1228,19.4257,0.005041
scipy-powell,cold,9,1229,19.4412,0.005041
scipy-powell,cold,9,1230,19.4575,0.005041
scipy-powell,cold,9,1231,19.4743,0.005041
scipy-powell,cold,9,1232,19.4918,0.005041
scipy-powell,cold,9,1233,19.5099,0.005041
scipy-powell,cold,9,1234,19.5276,0.005041
scipy-powell,cold,9,1235,19.5433,0.005041
scipy-powell,cold,9,1236,19.5588,0.005041
scipy-powell,cold,9,1237,19.5760,0.005041
scipy-powell,cold,9,1238,19.5931,0.005041
scipy-powell,cold,9,1239,19.6099,0.005041
scipy-powell,cold,9,1240,19.6265,0.005041
scipy-powell,cold,9,1241,19.6419,0.005041
scipy-powell,cold,9,1242,19.6575,0.005041
scipy-powell,cold,9,1243,19.6720,0.005041
scipy-powell,cold,9,1244,19.6870,0.005041
scipy-powell,cold,9,1245,19.7027,0.005041
scipy-powell,cold,9,1246,19.7177,0.005041
scipy-powell,cold,9,1247,19.7328,0.005041
scipy-powell,cold,9,1248,19.7505,0.005027
scipy-powell,cold,9,1252,19.8129,0.005027
scipy-powell,cold,9,1253,19.8289,0.005027
scipy-powell,cold,9,1254,19.8442,0.005027
scipy-powell,cold,9,1255,19.8597,0.005027
scipy-powell,cold,9,1256,19.8748,0.005027
scipy-powell,cold,9,1257,19.8910,0.005027
scipy-powell,cold,9,1267,20.0495,0.005026
scipy-powell,cold,9,1268,20.0651,0.005025
scipy-powell,cold,9,1269,20.0805,0.005025
scipy-powell,cold,9,1270,20.0967,0.005025
scipy-powell,cold,9,1271,20.1124,0.005025
scipy-powell,cold,9,1272,20.1277,0.005025
scipy-powell,cold,9,1273,20.1443,0.005025
scipy-powell,cold,9,1274,20.1609,0.005025
scipy-powell,cold,9,1275,20.1760,0.005025
scipy-powell,cold,9,1276,20.1916,0.005024
scipy-powell,cold,9,1277,20.2071,0.005024
scipy-powell,cold,9,1278,20.2224,0.005024
scipy-powell,cold,9,1279,20.2370,0.005024
scipy-powell,cold,9,1280,20.2517,0.005024
scipy-powell,cold,9,1281,20.2662,0.005024
scipy-powell,cold,9,1282,20.2815,0.005024
scipy-powell,cold,9,1283,20.2965,0.005024
scipy-powell,cold,9,1284,20.3120,0.005024
scipy-powell,cold,9,1285,20.3290,0.005024
scipy-powell,cold,9,1286,20.3450,0.005024
scipy-powell,cold,9,1287,20.3597,0.005024
scipy-powell,cold,9,1288,20.3748,0.005024
scipy-powell,cold,9,1289,20.3898,0.005024
scipy-powell,cold,9,1290,20.4050,0.005024
scipy-powell,cold,9,1291,20.4197,0.005024
scipy-powell,cold,9,1292,20.4340,0.005024
scipy-powell,cold,9,1293,20.4495,0.005024
scipy-powell,cold,9,1294,20.4649,0.005024
scipy-powell,cold,9,1295,20.4795,0.005024
scipy-powell,cold,9,1296,20.4946,0.005024
scipy-powell,cold,9,1297,20.5090,0.005024
scipy-powell,cold,9,1298,20.5241,0.005024
scipy-powell,cold,9,1299,20.5391,0.005024
scipy-powell,cold,9,1300,20.5541,0.005024
scipy-powell,cold,9,1303,20.6025,0.005020
scipy-powell,cold,9,1304,20.6192,0.005020
scipy-powell,cold,9,1305,20.6352,0.005020
scipy-powell,cold,9,1308,20.6814,0.005020
scipy-powell,cold,9,1309,20.6971,0.005020
scipy-powell,cold,9,1311,20.7293,0.005020
scipy-powell,cold,9,1313,20.7611,0.005020
scipy-powell,cold,9,1314,20.7777,0.005020
scipy-powell,cold,9,1318,20.8408,0.005020
scipy-powell,cold,9,1319,20.8563,0.005020
scipy-powell,cold,9,1326,20.9660,0.005005
scipy-powell,cold,9,1327,20.9817,0.004969
scipy-powell,cold,9,1328,20.9985,0.004944
scipy-powell,cold,9,1329,21.0144,0.004929
scipy-powell,cold,9,1330,21.0294,0.004919
scipy-powell,cold,9,1331,21.0455,0.004914
scipy-powell,cold,9,1332,21.0615,0.004910
scipy-powell,cold,9,1333,21.0775,0.004908
scipy-powell,cold,9,1334,21.0925,0.004906
scipy-powell,cold,9,1335,21.1071,0.004906
scipy-powell,cold,9,1336,21.1224,0.004905
scipy-powell,cold,9,1337,21.1376,0.004905
scipy-powell,cold,9,1338,21.1522,0.004905
scipy-powell,cold,9,1339,21.1667,0.004904
scipy-powell,cold,9,1340,21.1818,0.004904
scipy-powell,cold,9,1341,21.1989,0.004904
scipy-powell,cold,9,1342,21.2140,0.004904
scipy-powell,cold,9,1343,21.2281,0.004904
scipy-powell,cold,9,1344,21.2429,0.004904
scipy-powell,cold,9,1345,21.2577,0.004904
scipy-powell,cold,9,1346,21.2728,0.004904
scipy-powell,cold,9,1347,21.2881,0.004904
scipy-powell,cold,9,1348,21.3041,0.004904
scipy-powell,cold,9,1349,21.3200,0.004904
scipy-powell,cold,9,1350,21.3356,0.004904
scipy-powell,cold,9,1351,21.3508,0.004904
scipy-powell,cold,9,1352,21.3655,0.004904
scipy-powell,cold,9,1353,21.3813,0.004904
scipy-powell,cold,9,1354,21.3954,0.004904
scipy-powell,cold,9,1355,21.4095,0.004904
scipy-powell,cold,9,1356,21.4238,0.004904
scipy-powell,cold,9,1357,21.4381,0.004904
scipy-powell,cold,9,1358,21.4556,0.004904
scipy-powell,cold,9,1359,21.4700,0.004904
scipy-powell,cold,9,1360,21.4844,0.004904
scipy-powell,cold,9,1361,21.5014,0.004904
scipy-powell,cold,9,1363,21.5321,0.004832
scipy-powell,cold,9,1366,21.5777,0.004827
scipy-powell,cold,9,1367,21.5925,0.004824
scipy-powell,cold,9,1369,21.6224,0.004824
scipy-powell,cold,9,1370,21.6373,0.004824
scipy-powell,cold,9,1371,21.6530,0.004824
scipy-powell,cold,9,1372,21.6676,0.004824
scipy-powell,cold,9,1380,21.7927,0.004818
scipy-powell,cold,9,1381,21.8080,0.004812
scipy-powell,cold,9,1382,21.8233,0.004809
scipy-powell,cold,9,1383,21.8385,0.004807
scipy-powell,cold,9,1384,21.8545,0.004806
scipy-powell,cold,9,1385,21.8697,0.004805
scipy-powell,cold,9,1386,21.8846,0.004804
scipy-powell,cold,9,1387,21.8994,0.004804
scipy-powell,cold,9,1388,21.9142,0.004804
scipy-powell,cold,9,1389,21.9298,0.004804
scipy-powell,cold,9,1390,21.9450,0.004804
scipy-powell,cold,9,1391,21.9604,0.004804
scipy-powell,cold,9,1392,21.9757,0.004804
scipy-powell,cold,9,1393,21.9898,0.004804
scipy-powell,cold,9,1394,22.0045,0.004804
scipy-powell,cold,9,1395,22.0204,0.004804
scipy-powell,cold,9,1396,22.0353,0.004804
scipy-powell,cold,9,1397,22.0505,0.004804
scipy-powell,cold,9,1398,22.0649,0.004804
scipy-powell,cold,9,1399,22.0794,0.004804
scipy-powell,cold,9,1400,22.0941,0.004804
scipy-powell,cold,9,1401,22.1086,0.004804
scipy-powell,cold,9,1402,22.1240,0.004804
scipy-powell,cold,9,1403,22.1394,0.004804
scipy-powell,cold,9,1404,22.1545,0.004804
scipy-powell,cold,9,1405,22.1692,0.004804
scipy-powell,cold,9,1406,22.1839,0.004804
scipy-powell,cold,9,1407,22.1992,0.004804
scipy-powell,cold,9,1408,22.2139,0.004804
scipy-powell,cold,9,1409,22.2282,0.004804
scipy-powell,cold,9,1410,22.2433,0.004804
scipy-powell,cold,9,1411,22.2589,0.004804
scipy-powell,cold,9,1412,22.2734,0.004804
scipy-powell,cold,9,1413,22.2873,0.004804
scipy-powell,cold,9,1414,22.3016,0.004804
scipy-powell,cold,9,1415,22.3170,0.004804
scipy-powell,cold,9,1416,22.3319,0.004791
scipy-powell,cold,9,1418,22.3624,0.004789
scipy-powell,cold,9,1419,22.3768,0.004789
scipy-powell,cold,9,1420,22.3919,0.004789
scipy-powell,cold,9,1422,22.4226,0.004789
scipy-powell,cold,9,1423,22.4378,0.004789
scipy-powell,cold,9,1424,22.4532,0.004789
scipy-powell,cold,9,1425,22.4684,0.004789
scipy-powell,cold,9,1426,22.4837,0.004789
scipy-powell,cold,9,1427,22.4988,0.004789
scipy-powell,cold,9,1430,22.5432,0.004789
scipy-powell,cold,9,1431,22.5589,0.004789
scipy-powell,cold,9,1436,22.6358,0.004788
scipy-powell,cold,9,1437,22.6515,0.004788
scipy-powell,cold,9,1438,22.6661,0.004788
scipy-powell,cold,9,1439,22.6811,0.004788
scipy-powell,cold,9,1440,22.6978,0.004788
scipy-powell,cold,9,1441,22.7153,0.004788
scipy-powell,cold,9,1454,22.9218,0.004786
scipy-powell,cold,9,1455,22.9363,0.004783
scipy-powell,cold,9,1457,22.9683,0.004783
scipy-powell,cold,9,1458,22.9832,0.004783
scipy-powell,cold,9,1459,22.9986,0.004783
scipy-powell,cold,9,1460,23.0137,0.004783
scipy-powell,cold,9,1461,23.0280,0.004783
scipy-powell,cold,9,1462,23.0452,0.004783
scipy-powell,cold,9,1463,23.0607,0.004783
scipy-powell,cold,9,1464,23.0759,0.004783
scipy-powell,cold,9,1473,23.2159,0.004783
scipy-powell,cold,9,1474,23.2318,0.004782
scipy-powell,cold,9,1476,23.2628,0.004782
scipy-powell,cold,9,1477,23.2779,0.004782
scipy-powell,cold,9,1478,23.2936,0.004782
scipy-powell,cold,9,1479,23.3102,0.004782
scipy-powell,cold,9,1481,23.3418,0.004782
scipy-powell,cold,9,1487,23.4372,0.004782
scipy-powell,cold,9,1491,23.5016,0.004782
scipy-powell,cold,9,1492,23.5163,0.004782
scipy-powell,cold,9,1493,23.5321,0.004782
scipy-powell,cold,9,1494,23.5497,0.004782
scipy-powell,cold,9,1495,23.5661,0.004782
scipy-powell,cold,9,1497,23.6015,0.004782
scipy-powell,cold,9,1500,23.6506,0.004780
scipy-powell,cold,9,1502,23.6829,0.004774
scipy-powell,cold,9,1503,23.6987,0.004771
scipy-powell,cold,9,1504,23.7138,0.004769
scipy-powell,cold,9,1505,23.7289,0.004767
scipy-powell,cold,9,1506,23.7456,0.004767
scipy-powell,cold,9,1507,23.7626,0.004766
scipy-powell,cold,9,1508,23.7789,0.004766
scipy-powell,cold,9,1509,23.7973,0.004766
scipy-powell,cold,9,1510,23.8132,0.004766
scipy-powell,cold,9,1511,23.8289,0.004766
scipy-powell,cold,9,1512,23.8442,0.004766
scipy-powell,cold,9,1513,23.8598,0.004766
scipy-powell,cold,9,1514,23.8755,0.004766
scipy-powell,cold,9,1515,23.8911,0.004766
scipy-powell,cold,9,1516,23.9067,0.004766
scipy-powell,cold,9,1517,23.9221,0.004766
scipy-powell,cold,9,1518,23.9381,0.004766
scipy-powell,cold,9,1519,23.9541,0.004766
scipy-powell,cold,9,1520,23.9712,0.004766
scipy-powell,cold,9,1521,23.9867,0.004766
scipy-powell,cold,9,1522,24.0021,0.004766
scipy-powell,cold,9,1523,24.0182,0.004766
scipy-powell,cold,9,1524,24.0339,0.004766
scipy-powell,cold,9,1525,24.0488,0.004766
scipy-powell,cold,9,1526,24.0650,0.004766
scipy-powell,cold,9,1527,24.0814,0.004766
scipy-powell,cold,9,1528,24.0977,0.004766
scipy-powell,cold,9,1529,24.1141,0.004766
scipy-powell,cold,9,1530,24.1309,0.004766
scipy-powell,cold,9,1531,24.1481,0.004766
scipy-powell,cold,9,1532,24.1642,0.004766
scipy-powell,cold,9,1533,24.1811,0.004766
scipy-powell,cold,9,1534,24.1967,0.004766
scipy-powell,cold,9,1535,24.2129,0.004766
scipy-powell,cold,9,1536,24.2289,0.004764
scipy-powell,cold,9,1538,24.2626,0.004757
scipy-powell,cold,9,1539,24.2794,0.004757
scipy-powell,cold,9,1540,24.2945,0.004757
scipy-powell,cold,9,1541,24.3094,0.004757
scipy-powell,cold,9,1542,24.3262,0.004757
scipy-powell,cold,9,1543,24.3432,0.004757
scipy-powell,cold,9,1544,24.3606,0.004757
scipy-powell,cold,9,1545,24.3767,0.004757
scipy-powell,cold,9,1561,24.6344,0.004752
scipy-powell,cold,9,1562,24.6519,0.004749
scipy-powell,cold,9,1563,24.6710,0.004747
scipy-powell,cold,9,1564,24.6893,0.004746
scipy-powell,cold,9,1565,24.7082,0.004745
scipy-powell,cold,9,1566,24.7258,0.004745
scipy-powell,cold,9,1567,24.7414,0.004745
scipy-powell,cold,9,1568,24.7579,0.004745
scipy-powell,cold,9,1569,24.7746,0.004745
scipy-powell,cold,9,1570,24.7912,0.004745
scipy-powell,cold,9,1571,24.8064,0.004745
scipy-powell,cold,9,1572,24.8240,0.004745
scipy-powell,cold,9,1573,24.8402,0.004745
scipy-powell,cold,9,1574,24.8572,0.004745
scipy-powell,cold,9,1575,24.8718,0.004745
scipy-powell,cold,9,1576,24.8875,0.004745
scipy-powell,cold,9,1577,24.9038,0.004745
scipy-powell,cold,9,1578,24.9209,0.004745
scipy-powell,cold,9,1579,24.9368,0.004745
scipy-powell,cold,9,1580,24.9538,0.004745
scipy-powell,cold,9,1581,24.9710,0.004745
scipy-powell,cold,9,1582,24.9861,0.004745
scipy-powell,cold,9,1583,25.0017,0.004745
scipy-powell,cold,9,1584,25.0173,0.004745
scipy-powell,cold,9,1585,25.0335,0.004745
scipy-powell,cold,9,1586,25.0489,0.004745
scipy-powell,cold,9,1587,25.0646,0.004745
scipy-powell,cold,9,1588,25.0802,0.004745
scipy-powell,cold,9,1589,25.0954,0.004745
scipy-powell,cold,9,1590,25.1115,0.004745
scipy-powell,cold,9,1591,25.1269,0.004745
scipy-powell,cold,9,1592,25.1411,0.004745
scipy-powell,cold,9,1593,25.1571,0.004745
scipy-powell,cold,9,1594,25.1727,0.004745
scipy-powell,cold,9,1595,25.1905,0.004745
scipy-powell,cold,9,1596,25.2081,0.004741
scipy-powell,cold,9,1602,25.3066,0.004741
scipy-powell,cold,9,1603,25.3238,0.004741
scipy-powell,cold,9,1604,25.3407,0.004741
scipy-powell,cold,9,1605,25.3575,0.004741
scipy-powell,cold,9,1606,25.3746,0.004741
scipy-powell,cold,9,1611,25.4586,0.004741
scipy-powell,cold,9,1619,25.5964,0.004739
scipy-powell,cold,9,1620,25.6124,0.004738
scipy-powell,cold,9,1621,25.6279,0.004737
scipy-powell,cold,9,1622,25.6434,0.004737
scipy-powell,cold,9,1623,25.6588,0.004736
scipy-powell,cold,9,1624,25.6736,0.004736
scipy-powell,cold,9,1625,25.6890,0.004736
scipy-powell,cold,9,1626,25.7047,0.004736
scipy-powell,cold,9,1627,25.7195,0.004736
scipy-powell,cold,9,1628,25.7361,0.004736
scipy-powell,cold,9,1629,25.7520,0.004736
scipy-powell,cold,9,1630,25.7685,0.004736
scipy-powell,cold,9,1631,25.7858,0.004736
scipy-powell,cold,9,1632,25.8021,0.004736
scipy-powell,cold,9,1633,25.8169,0.004736
scipy-powell,cold,9,1634,25.8319,0.004736
scipy-powell,cold,9,1635,25.8482,0.004736
scipy-powell,cold,9,1636,25.8638,0.004736
scipy-powell,cold,9,1637,25.8795,0.004736
scipy-powell,cold,9,1638,25.8954,0.004736
scipy-powell,cold,9,1639,25.9108,0.004736
scipy-powell,cold,9,1640,25.9255,0.004736
scipy-powell,cold,9,1641,25.9410,0.004736
scipy-powell,cold,9,1642,25.9556,0.004736
scipy-powell,cold,9,1643,25.9707,0.004736
scipy-powell,cold,9,1644,25.9856,0.004736
scipy-powell,cold,9,1645,26.0003,0.004736
scipy-powell,cold,9,1646,26.0148,0.004736
scipy-powell,cold,9,1647,26.0299,0.004736
scipy-powell,cold,9,1648,26.0452,0.004736
scipy-powell,cold,9,1649,26.0606,0.004736
scipy-powell,cold,9,1650,26.0774,0.004736
scipy-powell,cold,9,1651,26.0934,0.004736
scipy-powell,cold,9,1653,26.1233,0.004730
scipy-powell,cold,9,1655,26.1570,0.004728
scipy-powell,cold,9,1656,26.1721,0.004728
scipy-powell,cold,9,1657,26.1880,0.004728
scipy-powell,cold,9,1659,26.2197,0.004728
scipy-powell,cold,9,1660,26.2338,0.004728
scipy-powell,cold,9,1661,26.2481,0.004728
scipy-powell,cold,9,1662,26.2627,0.004728
scipy-powell,cold,9,1663,26.2776,0.004728
scipy-powell,cold,9,1675,26.4606,0.004728
scipy-powell,cold,9,1676,26.4776,0.004726
scipy-powell,cold,9,1677,26.4940,0.004725
scipy-powell,cold,9,1678,26.5111,0.004725
scipy-powell,cold,9,1679,26.5259,0.004725
scipy-powell,cold,9,1680,26.5412,0.004724
scipy-powell,cold,9,1681,26.5578,0.004724
scipy-powell,cold,9,1682,26.5733,0.004724
scipy-powell,cold,9,1683,26.5882,0.004724
scipy-powell,cold,9,1684,26.6026,0.004724
scipy-powell,cold,9,1685,26.6174,0.004724
scipy-powell,cold,9,1686,26.6324,0.004724
scipy-powell,cold,9,1687,26.6475,0.004724
scipy-powell,cold,9,1688,26.6634,0.004724
scipy-powell,cold,9,1689,26.6789,0.004724
scipy-powell,cold,9,1690,26.6963,0.004724
scipy-powell,cold,9,1691,26.7125,0.004724
scipy-powell,cold,9,1692,26.7286,0.004724
scipy-powell,cold,9,1693,26.7442,0.004724
scipy-powell,cold,9,1694,26.7604,0.004724
scipy-powell,cold,9,1695,26.7771,0.004724
scipy-powell,cold,9,1696,26.7926,0.004724
scipy-powell,cold,9,1697,26.8069,0.004724
scipy-powell,cold,9,1698,26.8222,0.004724
scipy-powell,cold,9,1699,26.8372,0.004724
scipy-powell,cold,9,1700,26.8541,0.004724
scipy-powell,cold,9,1701,26.8693,0.004724
scipy-powell,cold,9,1702,26.8840,0.004724
scipy-powell,cold,9,1703,26.8990,0.004724
scipy-powell,cold,9,1704,26.9147,0.004724
scipy-powell,cold,9,1705,26.9308,0.004724
scipy-powell,cold,9,1706,26.9453,0.004724
scipy-powell,cold,9,1707,26.9608,0.004724
scipy-powell,cold,9,1708,26.9765,0.004724
scipy-powell,cold,9,1709,26.9921,0.004724
scipy-powell,cold,9,1710,27.0077,0.004724
scipy-powell,cold,9,1711,27.0233,0.004718
scipy-powell,cold,9,1712,27.0376,0.004718
scipy-powell,cold,9,1714,27.0699,0.004717
scipy-powell,cold,9,1715,27.0842,0.004717
scipy-powell,cold,9,1716,27.0997,0.004717
scipy-powell,cold,9,1718,27.1296,0.004717
scipy-powell,cold,9,1720,27.1602,0.004717
scipy-powell,cold,9,1721,27.1755,0.004717
scipy-powell,cold,9,1727,27.2695,0.004713
scipy-powell,cold,9,1729,27.3014,0.004703
scipy-powell,cold,9,1731,27.3327,0.004701
scipy-powell,cold,9,1732,27.3484,0.004695
scipy-powell,cold,9,1733,27.3641,0.004694
scipy-powell,cold,9,1734,27.3810,0.004694
scipy-powell,cold,9,1735,27.3972,0.004694
scipy-powell,cold,9,1736,27.4129,0.004694
scipy-powell,cold,9,1737,27.4280,0.004694
scipy-powell,cold,9,1738,27.4433,0.004694
scipy-powell,cold,9,1748,27.6033,0.004694
scipy-powell,cold,9,1755,27.7110,0.004693
scipy-powell,cold,9,1757,27.7430,0.004693
scipy-powell,cold,9,1759,27.7747,0.004693
scipy-powell,cold,9,1760,27.7914,0.004693
scipy-powell,cold,9,1761,27.8085,0.004693
scipy-powell,cold,9,1762,27.8239,0.004693
scipy-powell,cold,9,1763,27.8388,0.004693
scipy-powell,cold,9,1768,27.9185,0.004693
scipy-powell,cold,9,1772,27.9829,0.004693
scipy-powell,cold,9,1773,27.9988,0.004684
scipy-powell,cold,9,1774,28.0137,0.004678
scipy-powell,cold,9,1775,28.0298,0.004675
scipy-powell,cold,9,1776,28.0446,0.004673
scipy-powell,cold,9,1777,28.0598,0.004672
scipy-powell,cold,9,1778,28.0752,0.004671
scipy-powell,cold,9,1779,28.0902,0.004671
scipy-powell,cold,9,1780,28.1051,0.004670
scipy-powell,cold,9,1781,28.1194,0.004670
scipy-powell,cold,9,1782,28.1338,0.004670
scipy-powell,cold,9,1783,28.1492,0.004670
scipy-powell,cold,9,1784,28.1645,0.004670
scipy-powell,cold,9,1785,28.1804,0.004670
scipy-powell,cold,9,1786,28.1959,0.004670
scipy-powell,cold,9,1787,28.2113,0.004670
scipy-powell,cold,9,1788,28.2272,0.004670
scipy-powell,cold,9,1789,28.2418,0.004670
scipy-powell,cold,9,1790,28.2563,0.004670
scipy-powell,cold,9,1791,28.2710,0.004670
scipy-powell,cold,9,1792,28.2859,0.004670
scipy-powell,cold,9,1793,28.3016,0.004670
scipy-powell,cold,9,1794,28.3177,0.004670
scipy-powell,cold,9,1795,28.3331,0.004670
scipy-powell,cold,9,1796,28.3489,0.004670
scipy-powell,cold,9,1797,28.3631,0.004670
scipy-powell,cold,9,1798,28.3774,0.004670
scipy-powell,cold,9,1799,28.3951,0.004670
scipy-powell,cold,9,1800,28.4108,0.004670
scipy-powell,cold,9,1801,28.4251,0.004670
scipy-powell,cold,9,1802,28.4401,0.004670
scipy-powell,cold,9,1803,28.4556,0.004670
scipy-powell,cold,9,1804,28.4712,0.004670
scipy-powell,cold,9,1805,28.4867,0.004670
scipy-powell,cold,9,1806,28.5011,0.004670
scipy-powell,cold,9,1807,28.5161,0.004670
scipy-powell,cold,9,1809,28.5468,0.004648
scipy-powell,cold,9,1811,28.5777,0.004648
scipy-powell,cold,9,1813,28.6090,0.004647
scipy-powell,cold,9,1814,28.6247,0.004647
scipy-powell,cold,9,1815,28.6410,0.004647
scipy-powell,cold,9,1817,28.6713,0.004647
scipy-powell,cold,9,1818,28.6871,0.004647
scipy-powell,cold,9,1819,28.7024,0.004647
scipy-powell,cold,9,1820,28.7179,0.004647
scipy-powell,cold,9,1824,28.7845,0.004647
scipy-powell,cold,9,1826,28.8215,0.004647
scipy-powell,cold,9,1828,28.8524,0.004647
scipy-powell,cold,9,1829,28.8688,0.004647
scipy-powell,cold,9,1830,28.8839,0.004647
scipy-powell,cold,9,1843,29.0854,0.004647
scipy-powell,cold,9,1844,29.1008,0.004647
scipy-powell,cold,9,1851,29.2115,0.004647
scipy-powell,cold,9,1852,29.2271,0.004647
scipy-powell,cold,9,1853,29.2424,0.004647
scipy-powell,cold,9,1854,29.2581,0.004647
scipy-powell,cold,9,1855,29.2740,0.004647
scipy-powell,cold,9,1856,29.2892,0.004647
scipy-powell,cold,9,1857,29.3058,0.004647
scipy-powell,cold,9,1858,29.3220,0.004647
scipy-powell,cold,9,1859,29.3384,0.004647
scipy-powell,cold,9,1860,29.3559,0.004647
scipy-powell,cold,9,1861,29.3727,0.004647
scipy-powell,cold,9,1862,29.3887,0.004647
scipy-powell,cold,9,1863,29.4065,0.004647
scipy-powell,cold,9,1864,29.4218,0.004647
scipy-powell,cold,9,1865,29.4375,0.004647
scipy-powell,cold,9,1866,29.4540,0.004647
scipy-powell,cold,9,1867,29.4696,0.004647
scipy-powell,cold,9,1868,29.4865,0.004647
scipy-powell,cold,9,1869,29.5011,0.004647
scipy-powell,cold,9,1870,29.5171,0.004647
scipy-powell,cold,9,1871,29.5342,0.004647
scipy-powell,cold,9,1872,29.5502,0.004647
scipy-powell,cold,9,1873,29.5666,0.004647
scipy-powell,cold,9,1874,29.5827,0.004647
scipy-powell,cold,9,1875,29.5994,0.004647
scipy-powell,cold,9,1876,29.6165,0.004647
scipy-powell,cold,9,1877,29.6337,0.004647
scipy-powell,cold,9,1878,29.6499,0.004647
scipy-powell,cold,9,1879,29.6648,0.004647
scipy-powell,cold,9,1880,29.6799,0.004647
scipy-powell,cold,9,1881,29.6958,0.004647
scipy-powell,cold,9,1882,29.7118,0.004647
scipy-powell,cold,9,1883,29.7270,0.004647
scipy-powell,cold,9,1884,29.7431,0.004647
scipy-powell,cold,9,1885,29.7592,0.004647
scipy-powell,cold,9,1886,29.7754,0.004647
scipy-powell,cold,9,1904,30.0552,0.004646
scipy-powell,cold,9,1905,30.0704,0.004646
scipy-powell,cold,9,1906,30.0854,0.004646
scipy-powell,cold,9,1907,30.1004,0.004646
scipy-powell,cold,9,1909,30.1322,0.004646
scipy-powell,cold,9,1910,30.1481,0.004646
scipy-powell,cold,9,1911,30.1629,0.004646
scipy-powell,cold,9,1912,30.1777,0.004646
scipy-powell,cold,9,1913,30.1927,0.004646
scipy-powell,cold,9,1914,30.2080,0.004646
scipy-powell,cold,9,1915,30.2236,0.004646
scipy-powell,cold,9,1916,30.2390,0.004646
scipy-powell,cold,9,1917,30.2545,0.004646
scipy-powell,cold,9,1918,30.2696,0.004646
scipy-powell,cold,9,1919,30.2858,0.004646
scipy-powell,cold,9,1920,30.3031,0.004646
scipy-powell,cold,9,1921,30.3232,0.004646
scipy-powell,cold,9,1922,30.3447,0.004646
scipy-powell,cold,9,1923,30.3661,0.004646
scipy-powell,cold,9,1924,30.3847,0.004646
scipy-powell,cold,9,1925,30.4004,0.004646
scipy-powell,cold,9,1926,30.4162,0.004646
scipy-powell,cold,9,1927,30.4330,0.004646
scipy-powell,cold,9,1928,30.4509,0.004646
scipy-powell,cold,9,1929,30.4664,0.004646
scipy-powell,cold,9,1930,30.4818,0.004646
scipy-powell,cold,9,1931,30.4972,0.004646
scipy-powell,cold,9,1932,30.5122,0.004646
scipy-powell,cold,9,1933,30.5279,0.004646
scipy-powell,cold,9,1934,30.5438,0.004646
scipy-powell,cold,9,1935,30.5600,0.004646
scipy-powell,cold,9,1936,30.5761,0.004646
scipy-powell,cold,9,1937,30.5916,0.004646
scipy-powell,cold,9,1938,30.6066,0.004646
scipy-powell,cold,9,1939,30.6220,0.004646
scipy-powell,cold,9,1940,30.6381,0.004646
scipy-powell,cold,9,1942,30.6681,0.004646
scipy-powell,cold,9,1943,30.6828,0.004646
scipy-powell,cold,9,1944,30.6986,0.004646
scipy-powell,cold,9,1945,30.7135,0.004646
scipy-powell,cold,9,1946,30.7288,0.004646
scipy-powell,cold,9,1947,30.7435,0.004646
scipy-powell,cold,9,1960,30.9361,0.004646
scipy-powell,cold,9,1961,30.9536,0.004646
scipy-powell,cold,9,1962,30.9699,0.004646
scipy-powell,cold,9,1963,30.9857,0.004646
scipy-powell,cold,9,1964,31.0032,0.004646
scipy-powell,cold,9,1965,31.0191,0.004646
scipy-powell,cold,9,1966,31.0345,0.004646
scipy-powell,cold,9,1967,31.0491,0.004646
scipy-powell,cold,9,1968,31.0645,0.004646
scipy-powell,cold,9,1969,31.0798,0.004646
scipy-powell,cold,9,1970,31.0949,0.004646
scipy-powell,cold,9,1971,31.1093,0.004646
scipy-powell,cold,9,1972,31.1237,0.004646
scipy-powell,cold,9,1973,31.1386,0.004646
scipy-powell,cold,9,1974,31.1531,0.004646
scipy-powell,cold,9,1975,31.1700,0.004646
scipy-powell,cold,9,1976,31.1851,0.004646
scipy-powell,cold,9,1977,31.2000,0.004646
scipy-powell,cold,9,1978,31.2152,0.004646
scipy-powell,cold,9,1979,31.2326,0.004646
scipy-powell,cold,9,1980,31.2496,0.004646
scipy-powell,cold,9,1981,31.2646,0.004646
scipy-powell,cold,9,1982,31.2804,0.004646
scipy-powell,cold,9,1983,31.2961,0.004646
scipy-powell,cold,9,1984,31.3118,0.004646
scipy-powell,cold,9,1985,31.3264,0.004646
scipy-powell,cold,9,1986,31.3417,0.004646
scipy-powell,cold,9,1987,31.3573,0.004646
scipy-powell,cold,9,1988,31.3732,0.004646
scipy-powell,cold,9,1989,31.3889,0.004646
scipy-powell,cold,9,1990,31.4033,0.004646
scipy-powell,cold,9,1991,31.4194,0.004646
scipy-powell,cold,9,1992,31.4350,0.004646
scipy-powell,cold,9,1993,31.4512,0.004646
scipy-powell,cold,9,1994,31.4668,0.004646
scipy-powell,cold,9,1995,31.4816,0.004646
scipy-powell,cold,9,1996,31.4996,0.004646
scipy-powell,cold,9,1997,31.5150,0.004646
scipy-powell,cold,9,1998,31.5298,0.004646
scipy-powell,cold,9,1999,31.5462,0.004646
scipy-powell,cold,9,2000,31.5611,0.004646
scipy-de,cold,0,0,0.0000,0.006495
scipy-de,cold,0,3,0.0914,0.005989
scipy-de,cold,0,5,0.1273,0.005823
scipy-de,cold,0,64,1.1488,0.005672
scipy-de,cold,0,99,1.6764,0.005670
scipy-de,cold,0,130,2.1473,0.005518
scipy-de,cold,0,139,2.2842,0.005493
scipy-de,cold,0,170,2.7740,0.005477
scipy-de,cold,0,745,12.5801,0.005426
scipy-de,cold,0,998,16.6398,0.005230
scipy-de,cold,1,0,0.0000,0.006025
scipy-de,cold,1,1,0.0472,0.006025
scipy-de,cold,1,3,0.0794,0.005552
scipy-de,cold,1,5,0.1135,0.005447
scipy-de,cold,1,19,0.3394,0.005215
scipy-de,cold,1,248,4.0150,0.005161
scipy-de,cold,1,356,5.7244,0.005123
scipy-de,cold,1,983,15.7660,0.005048
scipy-de,cold,2,0,0.0000,0.006439
scipy-de,cold,2,1,0.0453,0.006439
scipy-de,cold,2,5,0.1096,0.005973
scipy-de,cold,2,9,0.1726,0.005911
scipy-de,cold,2,13,0.2332,0.005777
scipy-de,cold,2,14,0.2476,0.005703
scipy-de,cold,2,28,0.4665,0.005649
scipy-de,cold,2,102,1.6715,0.005626
scipy-de,cold,2,135,2.2393,0.005557
scipy-de,cold,2,250,4.1968,0.005466
scipy-de,cold,2,498,8.1588,0.005385
scipy-de,cold,2,1187,19.1646,0.005323
scipy-de,cold,2,1502,24.2217,0.005282
scipy-de,cold,3,0,0.0000,0.006382
scipy-de,cold,3,2,0.0650,0.006053
scipy-de,cold,3,3,0.0814,0.005971
scipy-de,cold,3,6,0.1330,0.005965
scipy-de,cold,3,9,0.1835,0.005534
scipy-de,cold,3,76,1.3354,0.005457
scipy-de,cold,3,218,3.7611,0.005442
scipy-de,cold,3,263,4.5078,0.005404
scipy-de,cold,3,377,6.3148,0.005391
scipy-de,cold,3,712,11.4376,0.005377
scipy-de,cold,3,724,11.6217,0.005099
scipy-de,cold,4,0,0.0000,0.006222
scipy-de,cold,4,2,0.0664,0.005813
scipy-de,cold,4,8,0.1764,0.005775
scipy-de,cold,4,13,0.2643,0.005687
scipy-de,cold,4,25,0.4749,0.005549
scipy-de,cold,4,92,1.6807,0.005243
scipy-de,cold,5,0,0.0000,0.006533
scipy-de,cold,5,1,0.0481,0.006533
scipy-de,cold,5,2,0.0634,0.006388
scipy-de,cold,5,3,0.0802,0.005984
scipy-de,cold,5,4,0.0962,0.005960
scipy-de,cold,5,7,0.1388,0.005854
scipy-de,cold,5,20,0.3436,0.005702
scipy-de,cold,5,21,0.3596,0.005627
scipy-de,cold,5,32,0.5274,0.005360
scipy-de,cold,5,43,0.6961,0.005332
scipy-de,cold,5,1371,22.2399,0.005319
scipy-de,cold,6,0,0.0000,0.005782
scipy-de,cold,6,6,0.1277,0.005720
scipy-de,cold,6,22,0.3820,0.005708
scipy-de,cold,6,114,1.8487,0.005652
scipy-de,cold,6,133,2.1442,0.005603
scipy-de,cold,6,351,5.7735,0.005591
scipy-de,cold,6,423,6.9232,0.005506
scipy-de,cold,6,468,7.6440,0.005428
scipy-de,cold,6,677,11.1237,0.005365
scipy-de,cold,7,0,0.0000,0.005357
scipy-de,cold,7,451,7.5185,0.005339
scipy-de,cold,7,1046,17.3762,0.005302
scipy-de,cold,7,1570,25.7043,0.005169
scipy-de,cold,8,0,0.0000,0.006406
scipy-de,cold,8,2,0.0666,0.005950
scipy-de,cold,8,19,0.3523,0.005927
scipy-de,cold,8,42,0.7395,0.005887
scipy-de,cold,8,97,1.6744,0.005825
scipy-de,cold,8,100,1.7284,0.005816
scipy-de,cold,8,105,1.8145,0.005712
scipy-de,cold,8,121,2.1244,0.005587
scipy-de,cold,8,137,2.4708,0.005380
scipy-de,cold,9,0,0.0000,0.006225
scipy-de,cold,9,1,0.0469,0.006225
scipy-de,cold,9,2,0.0628,0.006026
scipy-de,cold,9,7,0.1406,0.005974
scipy-de,cold,9,14,0.2485,0.005439
scipy-de,cold,9,1301,21.3115,0.005395
opt-ga,cold,0,0,0.0000,0.006495
opt-ga,cold,0,1,0.0699,0.005616
opt-ga,cold,0,57,0.9220,0.005496
opt-ga,cold,0,115,1.8151,0.005456
opt-ga,cold,0,165,2.6126,0.005335
opt-ga,cold,0,225,3.5271,0.005261
opt-ga,cold,0,294,4.6623,0.005259
opt-ga,cold,0,300,4.7728,0.005242
opt-ga,cold,0,370,5.8298,0.005225
opt-ga,cold,0,455,7.1310,0.005209
opt-ga,cold,0,457,7.1617,0.005171
opt-ga,cold,0,551,8.6383,0.005161
opt-ga,cold,0,582,9.1400,0.005139
opt-ga,cold,0,663,10.3574,0.005000
opt-ga,cold,0,919,14.4179,0.004913
opt-ga,cold,0,923,14.4830,0.004903
opt-ga,cold,0,1013,15.9048,0.004826
opt-ga,cold,0,1115,17.4931,0.004819
opt-ga,cold,0,1127,17.6783,0.004816
opt-ga,cold,0,1133,17.7670,0.004813
opt-ga,cold,0,1138,17.8422,0.004792
opt-ga,cold,0,1214,18.9800,0.004787
opt-ga,cold,0,1304,20.3755,0.004781
opt-ga,cold,0,1325,20.6838,0.004776
opt-ga,cold,0,1363,21.2573,0.004752
opt-ga,cold,0,1388,21.6159,0.004732
opt-ga,cold,0,1398,21.7538,0.004694
opt-ga,cold,0,1469,22.7545,0.004680
opt-ga,cold,0,1485,22.9939,0.004677
opt-ga,cold,0,1600,24.5836,0.004675
opt-ga,cold,0,1682,25.8187,0.004642
opt-ga,cold,0,1863,28.3949,0.004633
opt-ga,cold,0,1878,28.6018,0.004618
opt-ga,cold,0,1885,28.7065,0.004604
opt-ga,cold,0,1941,29.5134,0.004593
opt-ga,cold,0,1986,30.1371,0.004590
opt-ga,cold,0,1990,30.1927,0.004588
opt-ga,cold,1,0,0.0000,0.006025
opt-ga,cold,1,3,0.0853,0.005951
opt-ga,cold,1,4,0.0979,0.005660
opt-ga,cold,1,18,0.2841,0.005623
opt-ga,cold,1,26,0.3967,0.005226
opt-ga,cold,1,142,1.9450,0.005170
opt-ga,cold,1,243,3.5157,0.005018
opt-ga,cold,1,303,4.3695,0.005004
opt-ga,cold,1,432,6.1706,0.004999
opt-ga,cold,1,523,7.4227,0.004913
opt-ga,cold,1,559,7.9286,0.004894
opt-ga,cold,1,613,8.7228,0.004833
opt-ga,cold,1,642,9.1349,0.004814
opt-ga,cold,1,789,11.2585,0.004794
opt-ga,cold,1,790,11.2723,0.004773
opt-ga,cold,1,867,12.3833,0.004646
opt-ga,cold,1,1120,15.9483,0.004639
opt-ga,cold,1,1154,16.4420,0.004612
opt-ga,cold,1,1200,17.1273,0.004606
opt-ga,cold,1,1268,18.0795,0.004553
opt-ga,cold,1,1287,18.3533,0.004527
opt-ga,cold,1,1416,20.8906,0.004520
opt-ga,cold,1,1476,21.9064,0.004412
opt-ga,cold,1,1738,25.7625,0.004403
opt-ga,cold,1,1932,28.9150,0.004353
opt-ga,cold,2,0,0.0000,0.006439
opt-ga,cold,2,1,0.0766,0.005669
opt-ga,cold,2,17,0.3208,0.005661
opt-ga,cold,2,67,1.0209,0.005574
opt-ga,cold,2,91,1.3268,0.005513
opt-ga,cold,2,138,2.0259,0.005246
opt-ga,cold,2,277,4.0764,0.005243
opt-ga,cold,2,354,5.2652,0.005234
opt-ga,cold,2,388,5.7947,0.005131
opt-ga,cold,2,426,6.3769,0.005091
opt-ga,cold,2,462,6.8775,0.005089
opt-ga,cold,2,527,7.7571,0.004990
opt-ga,cold,2,647,9.4284,0.004978
opt-ga,cold,2,770,11.1640,0.004955
opt-ga,cold,2,849,12.2528,0.004950
opt-ga,cold,2,917,13.1632,0.004944
opt-ga,cold,2,941,13.4959,0.004910
opt-ga,cold,2,994,14.3745,0.004845
opt-ga,cold,2,1003,14.5170,0.004845
opt-ga,cold,2,1016,14.7027,0.004763
opt-ga,cold,2,1202,17.3532,0.004727
opt-ga,cold,2,1246,17.9762,0.004703
opt-ga,cold,2,1303,18.7575,0.004694
opt-ga,cold,2,1421,20.3077,0.004677
opt-ga,cold,2,1505,21.4584,0.004634
opt-ga,cold,2,1517,21.6280,0.004633
opt-ga,cold,2,1574,22.4089,0.004608
opt-ga,cold,2,1603,22.8091,0.004579
opt-ga,cold,2,1689,23.9237,0.004576
opt-ga,cold,2,1729,24.4498,0.004569
opt-ga,cold,2,1732,24.4890,0.004537
opt-ga,cold,2,1753,24.7709,0.004525
opt-ga,cold,2,1784,25.1720,0.004476
opt-ga,cold,2,1986,27.8460,0.004427
opt-ga,cold,3,0,0.0000,0.006382
opt-ga,cold,3,1,0.0630,0.006195
opt-ga,cold,3,4,0.1039,0.005722
opt-ga,cold,3,23,0.3443,0.005496
opt-ga,cold,3,152,2.0348,0.005474
opt-ga,cold,3,186,2.5045,0.005469
opt-ga,cold,3,257,3.4562,0.005468
opt-ga,cold,3,260,3.4984,0.005268
opt-ga,cold,3,317,4.2990,0.005187
opt-ga,cold,3,595,8.2938,0.005182
opt-ga,cold,3,688,9.6095,0.004925
opt-ga,cold,3,825,11.4993,0.004913
opt-ga,cold,3,949,13.1948,0.004898
opt-ga,cold,3,1045,14.5549,0.004870
opt-ga,cold,3,1088,15.1322,0.004826
opt-ga,cold,3,1124,15.6419,0.004783
opt-ga,cold,3,1207,16.7406,0.004773
opt-ga,cold,3,1342,18.5733,0.004755
opt-ga,cold,3,1396,19.2887,0.004744
opt-ga,cold,3,1397,19.3022,0.004715
opt-ga,cold,3,1480,20.4369,0.004688
opt-ga,cold,3,1612,22.2116,0.004672
opt-ga,cold,3,1732,23.8550,0.004647
opt-ga,cold,3,1812,24.9674,0.004621
opt-ga,cold,3,1870,25.7652,0.004608
opt-ga,cold,3,1902,26.2242,0.004594
opt-ga,cold,3,1976,27.3552,0.004569
opt-ga,cold,4,0,0.0000,0.006222
opt-ga,cold,4,1,0.0600,0.006125
opt-ga,cold,4,6,0.1270,0.006074
opt-ga,cold,4,7,0.1401,0.005989
opt-ga,cold,4,10,0.1819,0.005593
opt-ga,cold,4,16,0.2651,0.005505
opt-ga,cold,4,47,0.6746,0.005363
opt-ga,cold,4,198,2.7494,0.005345
opt-ga,cold,4,281,3.9473,0.005317
opt-ga,cold,4,300,4.2103,0.005303
opt-ga,cold,4,321,4.5094,0.005235
opt-ga,cold,4,327,4.5940,0.005155
opt-ga,cold,4,390,5.5084,0.005109
opt-ga,cold,4,413,5.8112,0.004998
opt-ga,cold,4,613,8.6485,0.004989
opt-ga,cold,4,679,9.5757,0.004956
opt-ga,cold,4,759,10.6972,0.004888
opt-ga,cold,4,856,12.0814,0.004873
opt-ga,cold,4,890,12.5734,0.004870
opt-ga,cold,4,894,12.6304,0.004826
opt-ga,cold,4,940,13.2703,0.004763
opt-ga,cold,4,1173,16.7953,0.004740
opt-ga,cold,4,1235,17.7277,0.004697
opt-ga,cold,4,1277,18.3654,0.004684
opt-ga,cold,4,1334,19.1716,0.004653
opt-ga,cold,4,1376,19.8204,0.004637
opt-ga,cold,4,1509,21.9251,0.004635
opt-ga,cold,4,1560,22.6605,0.004619
opt-ga,cold,4,1657,24.1792,0.004581
opt-ga,cold,4,1661,24.2675,0.004567
opt-ga,cold,4,1662,24.2920,0.004559
opt-ga,cold,4,1716,25.1111,0.004523
opt-ga,cold,4,1796,26.2566,0.004488
opt-ga,cold,4,1966,28.6709,0.004487
opt-ga,cold,5,0,0.0000,0.006533
opt-ga,cold,5,1,0.0581,0.005702
opt-ga,cold,5,3,0.0839,0.005695
opt-ga,cold,5,11,0.1938,0.005662
opt-ga,cold,5,34,0.4860,0.005553
opt-ga,cold,5,84,1.1466,0.005254
opt-ga,cold,5,358,4.8666,0.005179
opt-ga,cold,5,437,5.9277,0.005178
opt-ga,cold,5,460,6.2489,0.005165
opt-ga,cold,5,509,6.9280,0.005108
opt-ga,cold,5,564,7.7099,0.005092
opt-ga,cold,5,757,10.3627,0.005090
opt-ga,cold,5,780,10.6695,0.005060
opt-ga,cold,5,849,11.5894,0.005031
opt-ga,cold,5,1063,14.6863,0.004939
opt-ga,cold,5,1254,17.3039,0.004931
opt-ga,cold,5,1319,18.1923,0.004900
opt-ga,cold,5,1546,21.2348,0.004889
opt-ga,cold,5,1569,21.5442,0.004837
opt-ga,cold,5,1601,21.9949,0.004828
opt-ga,cold,5,1739,23.8665,0.004827
opt-ga,cold,5,1809,24.8259,0.004799
opt-ga,cold,5,1974,27.0831,0.004794
opt-ga,cold,6,0,0.0000,0.005782
opt-ga,cold,6,21,0.3079,0.005715
opt-ga,cold,6,45,0.6213,0.005700
opt-ga,cold,6,66,0.8786,0.005668
opt-ga,cold,6,127,1.6706,0.005586
opt-ga,cold,6,173,2.3421,0.005574
opt-ga,cold,6,209,2.8496,0.005545
opt-ga,cold,6,224,3.0736,0.005519
opt-ga,cold,6,236,3.2303,0.005484
opt-ga,cold,6,322,4.3348,0.005391
opt-ga,cold,6,386,5.1488,0.005318
opt-ga,cold,6,474,6.4587,0.005009
opt-ga,cold,6,1157,15.9402,0.004908
opt-ga,cold,6,1208,16.6477,0.004880
opt-ga,cold,6,1390,19.1166,0.004874
opt-ga,cold,6,1428,19.6612,0.004867
opt-ga,cold,6,1429,19.6760,0.004820
opt-ga,cold,6,1541,21.2530,0.004776
opt-ga,cold,6,1658,22.8349,0.004763
opt-ga,cold,6,1787,24.5425,0.004699
opt-ga,cold,6,1913,26.1690,0.004635
opt-ga,cold,7,0,0.0000,0.005357
opt-ga,cold,7,198,2.6273,0.005259
opt-ga,cold,7,201,2.6635,0.005241
opt-ga,cold,7,262,3.4191,0.005236
opt-ga,cold,7,283,3.6852,0.005195
opt-ga,cold,7,311,4.0371,0.005131
opt-ga,cold,7,354,4.5804,0.005122
opt-ga,cold,7,376,4.8606,0.005084
opt-ga,cold,7,478,6.2585,0.005075
opt-ga,cold,7,484,6.3424,0.005028
opt-ga,cold,7,535,7.0411,0.005018
opt-ga,cold,7,547,7.2024,0.004982
opt-ga,cold,7,567,7.4619,0.004907
opt-ga,cold,7,585,7.7172,0.004893
opt-ga,cold,7,645,8.5181,0.004887
opt-ga,cold,7,651,8.5917,0.004877
opt-ga,cold,7,724,9.5743,0.004850
opt-ga,cold,7,777,10.2774,0.004848
opt-ga,cold,7,799,10.5726,0.004761
opt-ga,cold,7,865,11.4551,0.004727
opt-ga,cold,7,1010,13.4981,0.004726
opt-ga,cold,7,1028,13.7493,0.004717
opt-ga,cold,7,1037,13.8636,0.004708
opt-ga,cold,7,1104,14.7794,0.004694
opt-ga,cold,7,1110,14.8573,0.004679
opt-ga,cold,7,1160,15.5389,0.004670
opt-ga,cold,7,1240,16.6639,0.004633
opt-ga,cold,7,1252,16.8262,0.004588
opt-ga,cold,7,1306,17.6383,0.004581
opt-ga,cold,7,1330,17.9834,0.004562
opt-ga,cold,7,1466,20.0311,0.004524
opt-ga,cold,7,1494,20.4191,0.004518
opt-ga,cold,7,1543,21.1711,0.004500
opt-ga,cold,7,1574,21.6395,0.004499
opt-ga,cold,7,1601,22.0451,0.004496
opt-ga,cold,7,1607,22.1289,0.004491
opt-ga,cold,7,1627,22.4106,0.004486
opt-ga,cold,7,1649,22.7301,0.004475
opt-ga,cold,7,1664,22.9592,0.004446
opt-ga,cold,7,1744,24.0703,0.004439
opt-ga,cold,7,1789,24.6879,0.004436
opt-ga,cold,7,1795,24.7651,0.004426
opt-ga,cold,7,1847,25.4475,0.004425
opt-ga,cold,7,1855,25.5663,0.004366
opt-ga,cold,8,0,0.0000,0.006406
opt-ga,cold,8,1,0.0588,0.005884
opt-ga,cold,8,14,0.2195,0.005811
opt-ga,cold,8,123,1.6435,0.005773
opt-ga,cold,8,134,1.7984,0.005707
opt-ga,cold,8,229,3.0828,0.005456
opt-ga,cold,8,360,4.8964,0.005382
opt-ga,cold,8,377,5.1273,0.005372
opt-ga,cold,8,413,5.6322,0.005358
opt-ga,cold,8,528,7.2554,0.005296
opt-ga,cold,8,598,8.2321,0.005225
opt-ga,cold,8,600,8.2584,0.005200
opt-ga,cold,8,714,9.7810,0.005151
opt-ga,cold,8,911,12.3018,0.005113
opt-ga,cold,8,1003,13.6357,0.005078
opt-ga,cold,8,1053,14.2958,0.005072
opt-ga,cold,8,1068,14.5231,0.005017
opt-ga,cold,8,1257,17.2761,0.005014
opt-ga,cold,8,1288,17.7001,0.004999
opt-ga,cold,8,1331,18.2775,0.004997
opt-ga,cold,8,1434,19.6440,0.004976
opt-ga,cold,8,1438,19.6990,0.004955
opt-ga,cold,8,1505,20.6433,0.004882
opt-ga,cold,8,1608,22.1913,0.004846
opt-ga,cold,8,1730,24.0538,0.004811
opt-ga,cold,8,1758,24.4748,0.004798
opt-ga,cold,8,1797,25.1004,0.004740
opt-ga,cold,8,1947,27.1700,0.004715
opt-ga,cold,8,1992,27.8032,0.004704
opt-ga,cold,9,0,0.0000,0.006225
opt-ga,cold,9,4,0.0990,0.006040
opt-ga,cold,9,11,0.1875,0.006019
opt-ga,cold,9,24,0.3602,0.005457
opt-ga,cold,9,127,1.7475,0.005428
opt-ga,cold,9,160,2.2094,0.005239
opt-ga,cold,9,462,6.5626,0.005165
opt-ga,cold,9,708,10.0686,0.005133
opt-ga,cold,9,736,10.4514,0.005123
opt-ga,cold,9,742,10.5324,0.005101
opt-ga,cold,9,781,11.0785,0.005088
opt-ga,cold,9,808,11.4490,0.005021
opt-ga,cold,9,834,11.7907,0.005012
opt-ga,cold,9,873,12.2735,0.004911
opt-ga,cold,9,1130,15.5795,0.004875
opt-ga,cold,9,1131,15.5951,0.004874
opt-ga,cold,9,1133,15.6226,0.004865
opt-ga,cold,9,1138,15.6918,0.004864
opt-ga,cold,9,1149,15.8427,0.004843
opt-ga,cold,9,1218,16.7888,0.004834
opt-ga,cold,9,1253,17.2914,0.004791
opt-ga,cold,9,1303,17.9769,0.004763
opt-ga,cold,9,1511,20.7960,0.004762
opt-ga,cold,9,1544,21.2379,0.004737
opt-ga,cold,9,1624,22.2960,0.004727
opt-ga,cold,9,1663,22.8762,0.004726
opt-ga,cold,9,1684,23.1515,0.004724
opt-ga,cold,9,1699,23.3447,0.004713
opt-ga,cold,9,1728,23.7493,0.004642
opt-ga,cold,9,1844,25.3670,0.004631
opt-ga,cold,9,1890,25.9697,0.004617
opt-ga,cold,9,1981,27.3262,0.004558
opt-pso,cold,0,0,0.0000,0.006495
opt-pso,cold,0,1,0.0689,0.005616
opt-pso,cold,0,57,0.8371,0.005496
opt-pso,cold,0,1433,20.0360,0.005477
opt-pso,cold,0,1801,25.2709,0.005442
opt-pso,cold,1,0,0.0000,0.006025
opt-pso,cold,1,3,0.0799,0.005951
opt-pso,cold,1,4,0.0920,0.005660
opt-pso,cold,1,18,0.2668,0.005623
opt-pso,cold,1,26,0.3653,0.005226
opt-pso,cold,2,0,0.0000,0.006439
opt-pso,cold,2,1,0.0665,0.005669
opt-pso,cold,2,17,0.3151,0.005661
opt-pso,cold,2,67,1.0894,0.005574
opt-pso,cold,2,91,1.4577,0.005513
opt-pso,cold,2,769,11.0000,0.005412
opt-pso,cold,2,1428,20.1311,0.005263
opt-pso,cold,3,0,0.0000,0.006382
opt-pso,cold,3,1,0.0597,0.006195
opt-pso,cold,3,4,0.1009,0.005722
opt-pso,cold,3,23,0.3736,0.005496
opt-pso,cold,3,122,1.7420,0.005418
opt-pso,cold,3,438,6.1682,0.005277
opt-pso,cold,4,0,0.0000,0.006222
opt-pso,cold,4,1,0.0615,0.006125
opt-pso,cold,4,6,0.1282,0.006074
opt-pso,cold,4,7,0.1417,0.005989
opt-pso,cold,4,10,0.1891,0.005593
opt-pso,cold,4,16,0.2743,0.005505
opt-pso,cold,4,47,0.6813,0.005363
opt-pso,cold,4,1152,16.1469,0.005317
opt-pso,cold,4,1182,16.5562,0.005280
opt-pso,cold,5,0,0.0000,0.006533
opt-pso,cold,5,1,0.0817,0.005702
opt-pso,cold,5,3,0.1196,0.005695
opt-pso,cold,5,11,0.2447,0.005662
opt-pso,cold,5,34,0.5634,0.005553
opt-pso,cold,5,84,1.2156,0.005254
opt-pso,cold,6,0,0.0000,0.005782
opt-pso,cold,6,21,0.3202,0.005715
opt-pso,cold,6,45,0.6417,0.005700
opt-pso,cold,6,66,0.9225,0.005668
opt-pso,cold,6,117,1.6156,0.005617
opt-pso,cold,6,122,1.6924,0.005469
opt-pso,cold,6,152,2.1351,0.005423
opt-pso,cold,7,0,0.0000,0.005357
opt-pso,cold,7,1447,20.4892,0.005304
opt-pso,cold,8,0,0.0000,0.006406
opt-pso,cold,8,1,0.0585,0.005884
opt-pso,cold,8,14,0.2383,0.005811
opt-pso,cold,8,116,1.6423,0.005782
opt-pso,cold,8,463,6.4200,0.005689
opt-pso,cold,8,632,8.6302,0.005624
opt-pso,cold,8,767,10.3631,0.005571
opt-pso,cold,8,1102,14.8427,0.005560
opt-pso,cold,9,0,0.0000,0.006225
opt-pso,cold,9,4,0.0995,0.006040
opt-pso,cold,9,11,0.1931,0.006019
opt-pso,cold,9,24,0.3637,0.005457
opt-pso,cold,9,1746,25.4284,0.005438
opt-pso,cold,9,1751,25.5091,0.005213
opt-aco,cold,0,0,0.0000,0.006495
opt-aco,cold,0,1,0.0577,0.005616
opt-aco,cold,0,57,0.7816,0.005496
opt-aco,cold,0,411,5.7873,0.005386
opt-aco,cold,0,552,8.0316,0.005259
opt-aco,cold,0,847,12.4141,0.005248
opt-aco,cold,0,871,12.7606,0.005242
opt-aco,cold,0,950,13.9111,0.005177
opt-aco,cold,0,967,14.1492,0.005091
opt-aco,cold,0,975,14.2802,0.005076
opt-aco,cold,0,1083,15.8261,0.004863
opt-aco,cold,0,1754,25.9766,0.004856
opt-aco,cold,0,1872,27.7955,0.004837
opt-aco,cold,0,1919,28.5062,0.004783
opt-aco,cold,1,0,0.0000,0.006025
opt-aco,cold,1,3,0.0870,0.005951
opt-aco,cold,1,4,0.1003,0.005660
opt-aco,cold,1,18,0.2847,0.005623
opt-aco,cold,1,26,0.3948,0.005226
opt-aco,cold,1,220,3.1595,0.005219
opt-aco,cold,1,293,4.2095,0.005218
opt-aco,cold,1,370,5.2914,0.005120
opt-aco,cold,1,396,5.6356,0.005071
opt-aco,cold,1,765,11.1089,0.005015
opt-aco,cold,1,814,11.8908,0.004997
opt-aco,cold,1,942,13.7381,0.004901
opt-aco,cold,1,1059,15.4068,0.004825
opt-aco,cold,1,1616,23.6362,0.004776
opt-aco,cold,1,1832,26.7142,0.004770
opt-aco,cold,1,1961,28.5532,0.004762
opt-aco,cold,2,0,0.0000,0.006439
opt-aco,cold,2,1,0.0573,0.005669
opt-aco,cold,2,17,0.2691,0.005661
opt-aco,cold,2,67,0.9726,0.005574
opt-aco,cold,2,91,1.2839,0.005513
opt-aco,cold,2,179,2.5118,0.005478
opt-aco,cold,2,229,3.2536,0.005453
opt-aco,cold,2,314,4.4683,0.005334
opt-aco,cold,2,541,7.5430,0.005328
opt-aco,cold,2,751,10.3736,0.005281
opt-aco,cold,2,844,11.6341,0.005133
opt-aco,cold,2,1083,15.0493,0.005123
opt-aco,cold,2,1110,15.4325,0.004959
opt-aco,cold,2,1648,23.2046,0.004873
opt-aco,cold,2,1941,27.4399,0.004833
opt-aco,cold,3,0,0.0000,0.006382
opt-aco,cold,3,1,0.0630,0.006195
opt-aco,cold,3,4,0.1069,0.005722
opt-aco,cold,3,23,0.3557,0.005496
opt-aco,cold,3,220,3.2834,0.005371
opt-aco,cold,3,254,3.8068,0.005315
opt-aco,cold,3,710,11.2211,0.005295
opt-aco,cold,3,912,14.2961,0.005266
opt-aco,cold,3,1122,17.5450,0.005256
opt-aco,cold,3,1131,17.6770,0.005254
opt-aco,cold,3,1180,18.4066,0.005237
opt-aco,cold,3,1197,18.6506,0.005224
opt-aco,cold,3,1310,20.3039,0.005208
opt-aco,cold,3,1382,21.3740,0.005202
opt-aco,cold,3,1400,21.6607,0.005149
opt-aco,cold,3,1538,23.7430,0.005142
opt-aco,cold,3,1605,24.7497,0.005142
opt-aco,cold,3,1654,25.4922,0.005132
opt-aco,cold,3,1663,25.6353,0.005103
opt-aco,cold,3,1740,26.7720,0.005034
opt-aco,cold,3,1826,28.0209,0.005029
opt-aco,cold,3,1859,28.5109,0.004988
opt-aco,cold,3,1931,29.5510,0.004985
opt-aco,cold,3,1948,29.8142,0.004928
opt-aco,cold,4,0,0.0000,0.006222
opt-aco,cold,4,1,0.0603,0.006125
opt-aco,cold,4,6,0.1307,0.006074
opt-aco,cold,4,7,0.1437,0.005989
opt-aco,cold,4,10,0.1850,0.005593
opt-aco,cold,4,16,0.2649,0.005505
opt-aco,cold,4,47,0.6992,0.005363
opt-aco,cold,4,419,6.2436,0.005359
opt-aco,cold,4,475,7.0866,0.005229
opt-aco,cold,4,643,9.8021,0.005163
opt-aco,cold,4,1190,18.0618,0.005127
opt-aco,cold,4,1349,20.5886,0.005096
opt-aco,cold,4,1391,21.2295,0.004994
opt-aco,cold,4,1466,22.5732,0.004896
opt-aco,cold,4,1923,29.3850,0.004843
opt-aco,cold,5,0,0.0000,0.006533
opt-aco,cold,5,1,0.0628,0.005702
opt-aco,cold,5,3,0.0928,0.005695
opt-aco,cold,5,11,0.2111,0.005662
opt-aco,cold,5,34,0.5827,0.005553
opt-aco,cold,5,84,1.3266,0.005254
opt-aco,cold,5,514,7.8918,0.005204
opt-aco,cold,5,961,15.1485,0.005202
opt-aco,cold,5,1126,17.8085,0.005098
opt-aco,cold,5,1212,19.2491,0.005081
opt-aco,cold,5,1346,21.4301,0.005048
opt-aco,cold,5,1623,25.8958,0.004942
opt-aco,cold,6,0,0.0000,0.005782
opt-aco,cold,6,21,0.3575,0.005715
opt-aco,cold,6,45,0.7091,0.005700
opt-aco,cold,6,66,1.0141,0.005668
opt-aco,cold,6,111,1.6601,0.005513
opt-aco,cold,6,220,3.3370,0.005508
opt-aco,cold,6,268,4.0366,0.005450
opt-aco,cold,6,378,5.6888,0.005371
opt-aco,cold,6,389,5.8525,0.005334
opt-aco,cold,6,524,8.0509,0.005250
opt-aco,cold,6,862,13.3192,0.005185
opt-aco,cold,6,1533,23.4941,0.005137
opt-aco,cold,6,1804,27.5236,0.005134
opt-aco,cold,6,1937,29.5454,0.005102
opt-aco,cold,7,0,0.0000,0.005357
opt-aco,cold,7,206,3.0844,0.005283
opt-aco,cold,7,467,6.8957,0.005217
opt-aco,cold,7,628,9.1970,0.005143
opt-aco,cold,7,771,11.3978,0.005132
opt-aco,cold,7,885,13.2005,0.005117
opt-aco,cold,7,1000,14.9818,0.005086
opt-aco,cold,7,1125,16.9076,0.004863
opt-aco,cold,7,1406,21.2307,0.004857
opt-aco,cold,7,1815,27.7632,0.004822
opt-aco,cold,8,0,0.0000,0.006406
opt-aco,cold,8,1,0.0660,0.005884
opt-aco,cold,8,14,0.2608,0.005811
opt-aco,cold,8,119,1.8484,0.005685
opt-aco,cold,8,158,2.4390,0.005678
opt-aco,cold,8,236,3.5846,0.005614
opt-aco,cold,8,349,5.1435,0.005591
opt-aco,cold,8,485,7.0936,0.005536
opt-aco,cold,8,526,7.6777,0.005385
opt-aco,cold,8,751,10.8329,0.005366
opt-aco,cold,8,952,13.6456,0.005249
opt-aco,cold,8,1160,16.7417,0.005152
opt-aco,cold,8,1268,18.2514,0.005104
opt-aco,cold,8,1676,23.9972,0.005101
opt-aco,cold,8,1794,25.5810,0.005031
opt-aco,cold,9,0,0.0000,0.006225
opt-aco,cold,9,4,0.1006,0.006040
opt-aco,cold,9,11,0.2008,0.006019
opt-aco,cold,9,24,0.3710,0.005457
opt-aco,cold,9,258,3.6054,0.005350
opt-aco,cold,9,397,5.4670,0.005337
opt-aco,cold,9,425,5.8468,0.005296
opt-aco,cold,9,432,5.9487,0.005184
opt-aco,cold,9,838,11.6964,0.005150
opt-aco,cold,9,877,12.2220,0.005146
opt-aco,cold,9,891,12.4170,0.005104
opt-aco,cold,9,925,12.8751,0.005084
opt-aco,cold,9,1098,15.4543,0.004860
opt-aco,cold,9,1570,22.4576,0.004850
opt-aco,cold,9,1856,26.7059,0.004828
opt-aco,cold,9,1878,27.0604,0.004794
opt-aco,cold,9,1934,27.8934,0.004770
opt-aco,cold,9,1982,28.7750,0.004727
opt-gd,cold,0,0,0.0000,0.006495
opt-gd,cold,0,3,0.0580,0.006495
opt-gd,cold,0,5,0.0852,0.006495
opt-gd,cold,0,13,0.1947,0.006495
opt-gd,cold,0,17,0.2496,0.006495
opt-gd,cold,0,18,0.2631,0.006495
opt-gd,cold,0,22,0.3158,0.006495
opt-gd,cold,0,23,0.3304,0.006495
opt-gd,cold,0,40,0.5530,0.006495
opt-gd,cold,0,57,0.7877,0.006495
opt-gd,cold,0,58,0.8020,0.006495
opt-gd,cold,0,146,1.9913,0.006471
opt-gd,cold,0,148,2.0177,0.006471
opt-gd,cold,0,150,2.0439,0.006471
opt-gd,cold,0,158,2.1462,0.006471
opt-gd,cold,0,162,2.1971,0.006471
opt-gd,cold,0,163,2.2093,0.006471
opt-gd,cold,0,167,2.2642,0.006471
opt-gd,cold,0,168,2.2773,0.006471
opt-gd,cold,0,185,2.4993,0.006471
opt-gd,cold,0,202,2.7243,0.006471
opt-gd,cold,0,203,2.7375,0.006471
opt-gd,cold,0,291,3.9340,0.006445
opt-gd,cold,0,293,3.9627,0.006445
opt-gd,cold,0,295,3.9907,0.006445
opt-gd,cold,0,303,4.1044,0.006445
opt-gd,cold,0,307,4.1579,0.006445
opt-gd,cold,0,308,4.1725,0.006445
opt-gd,cold,0,312,4.2303,0.006445
opt-gd,cold,0,313,4.2438,0.006445
opt-gd,cold,0,330,4.4819,0.006445
opt-gd,cold,0,347,4.7192,0.006445
opt-gd,cold,0,348,4.7335,0.006445
opt-gd,cold,0,436,5.9384,0.006332
opt-gd,cold,0,438,5.9662,0.006332
opt-gd,cold,0,440,5.9930,0.006332
opt-gd,cold,0,453,6.1676,0.006332
opt-gd,cold,0,457,6.2196,0.006332
opt-gd,cold,0,458,6.2325,0.006332
opt-gd,cold,0,475,6.4673,0.006332
opt-gd,cold,0,492,6.7200,0.006332
opt-gd,cold,0,493,6.7364,0.006332
opt-gd,cold,0,581,7.9455,0.005945
opt-gd,cold,0,583,7.9733,0.005945
opt-gd,cold,0,585,8.0001,0.005945
opt-gd,cold,0,598,8.1774,0.005945
opt-gd,cold,0,602,8.2323,0.005945
opt-gd,cold,0,603,8.2467,0.005945
opt-gd,cold,0,620,8.4844,0.005945
opt-gd,cold,0,637,8.7155,0.005945
opt-gd,cold,0,638,8.7313,0.005945
opt-gd,cold,0,726,9.9407,0.005445
opt-gd,cold,0,728,9.9667,0.005445
opt-gd,cold,0,730,9.9921,0.005445
opt-gd,cold,0,750,10.2555,0.005445
opt-gd,cold,0,752,10.2805,0.005445
opt-gd,cold,0,753,10.2938,0.005445
opt-gd,cold,0,754,10.3065,0.005445
opt-gd,cold,0,765,10.4531,0.005445
opt-gd,cold,0,796,10.8823,0.005445
opt-gd,cold,0,871,11.9050,0.005436
opt-gd,cold,0,872,11.9202,0.005436
opt-gd,cold,0,874,11.9481,0.005436
opt-gd,cold,0,878,12.0053,0.005436
opt-gd,cold,0,895,12.2382,0.005436
opt-gd,cold,0,897,12.2639,0.005436
opt-gd,cold,0,898,12.2763,0.005436
opt-gd,cold,0,899,12.2898,0.005436
opt-gd,cold,0,911,12.4510,0.005436
opt-gd,cold,0,941,12.8665,0.005436
opt-gd,cold,0,1016,13.9478,0.005310
opt-gd,cold,0,1017,13.9718,0.005310
opt-gd,cold,0,1019,14.0201,0.005310
opt-gd,cold,0,1023,14.0779,0.005310
opt-gd,cold,0,1040,14.3177,0.005310
opt-gd,cold,0,1042,14.3466,0.005310
opt-gd,cold,0,1043,14.3599,0.005310
opt-gd,cold,0,1044,14.3740,0.005310
opt-gd,cold,0,1056,14.5355,0.005310
opt-gd,cold,0,1161,15.9356,0.005227
opt-gd,cold,0,1162,15.9597,0.005227
opt-gd,cold,0,1164,16.0073,0.005227
opt-gd,cold,0,1168,16.0612,0.005227
opt-gd,cold,0,1185,16.2736,0.005227
opt-gd,cold,0,1187,16.2986,0.005227
opt-gd,cold,0,1188,16.3110,0.005227
opt-gd,cold,0,1230,16.8325,0.005227
opt-gd,cold,0,1306,17.8121,0.005122
opt-gd,cold,0,1307,17.8355,0.005122
opt-gd,cold,0,1309,17.8795,0.005122
opt-gd,cold,0,1313,17.9306,0.005122
opt-gd,cold,0,1330,18.1536,0.005122
opt-gd,cold,0,1332,18.1788,0.005122
opt-gd,cold,0,1333,18.1923,0.005122
opt-gd,cold,0,1596,21.8518,0.004912
opt-gd,cold,0,1597,21.8654,0.004912
opt-gd,cold,0,1599,21.8916,0.004912
opt-gd,cold,0,1603,21.9454,0.004912
opt-gd,cold,0,1620,22.1707,0.004912
opt-gd,cold,0,1622,22.1948,0.004912
opt-gd,cold,0,1623,22.2077,0.004912
opt-gd,cold,0,1636,22.3774,0.004912
opt-gd,cold,0,1653,22.6061,0.004912
opt-gd,cold,0,1665,22.7714,0.004912
opt-gd,cold,0,1686,23.0496,0.004912
opt-gd,cold,0,1886,25.7621,0.004884
opt-gd,cold,0,1887,25.7745,0.004884
opt-gd,cold,0,1889,25.8007,0.004884
opt-gd,cold,0,1893,25.8548,0.004884
opt-gd,cold,0,1910,26.0764,0.004884
opt-gd,cold,0,1912,26.1037,0.004884
opt-gd,cold,0,1913,26.1161,0.004884
opt-gd,cold,0,1924,26.2557,0.004884
opt-gd,cold,0,1952,26.6334,0.004884
opt-gd,cold,0,1955,26.6731,0.004884
opt-gd,cold,1,0,0.0000,0.006025
opt-gd,cold,1,3,0.0561,0.006025
opt-gd,cold,1,30,0.4210,0.006025
opt-gd,cold,1,32,0.4471,0.006025
opt-gd,cold,1,35,0.4949,0.006025
opt-gd,cold,1,41,0.5737,0.006025
opt-gd,cold,1,53,0.7367,0.006025
opt-gd,cold,1,98,1.3720,0.006025
opt-gd,cold,1,144,1.9828,0.006023
opt-gd,cold,1,146,2.0121,0.006023
opt-gd,cold,1,173,2.3747,0.006023
opt-gd,cold,1,175,2.4012,0.006023
opt-gd,cold,1,178,2.4395,0.006023
opt-gd,cold,1,179,2.4531,0.006023
opt-gd,cold,1,184,2.5189,0.006023
opt-gd,cold,1,196,2.6871,0.006023
opt-gd,cold,1,241,3.2965,0.006023
opt-gd,cold,1,287,3.9166,0.005878
opt-gd,cold,1,288,3.9301,0.005878
opt-gd,cold,1,289,3.9445,0.005878
opt-gd,cold,1,298,4.0611,0.005878
opt-gd,cold,1,300,4.0876,0.005878
opt-gd,cold,1,301,4.1005,0.005878
opt-gd,cold,1,320,4.3626,0.005878
opt-gd,cold,1,385,5.2351,0.005878
opt-gd,cold,1,430,5.8587,0.005810
opt-gd,cold,1,431,5.8728,0.005810
opt-gd,cold,1,440,5.9963,0.005810
opt-gd,cold,1,528,7.2219,0.005810
opt-gd,cold,1,573,7.8337,0.005650
opt-gd,cold,1,574,7.8570,0.005650
opt-gd,cold,1,582,7.9964,0.005650
opt-gd,cold,1,606,8.3161,0.005650
opt-gd,cold,1,611,8.3863,0.005650
opt-gd,cold,1,671,9.2239,0.005650
opt-gd,cold,1,716,9.8489,0.005557
opt-gd,cold,1,717,9.8730,0.005557
opt-gd,cold,1,725,10.0114,0.005557
opt-gd,cold,1,749,10.3487,0.005557
opt-gd,cold,1,813,11.2438,0.005557
opt-gd,cold,1,859,11.9884,0.005394
opt-gd,cold,1,860,12.0037,0.005394
opt-gd,cold,1,861,12.0179,0.005394
opt-gd,cold,1,868,12.1158,0.005394
opt-gd,cold,1,869,12.1304,0.005394
opt-gd,cold,1,1002,14.2345,0.005275
opt-gd,cold,1,1004,14.2654,0.005275
opt-gd,cold,1,1006,14.2945,0.005275
opt-gd,cold,1,1011,14.3679,0.005275
opt-gd,cold,1,1145,16.4727,0.005225
opt-gd,cold,1,1147,16.5345,0.005225
opt-gd,cold,1,1149,16.5656,0.005225
opt-gd,cold,1,1154,16.6360,0.005225
opt-gd,cold,1,1178,17.1072,0.005225
opt-gd,cold,1,1242,18.0146,0.005225
opt-gd,cold,1,1288,18.7687,0.005109
opt-gd,cold,1,1290,18.7978,0.005109
opt-gd,cold,1,1321,19.2368,0.005109
opt-gd,cold,1,1385,20.2492,0.005109
opt-gd,cold,1,1574,22.9810,0.004987
opt-gd,cold,1,1576,23.0076,0.004987
opt-gd,cold,1,1585,23.1266,0.004987
opt-gd,cold,1,1586,23.1397,0.004987
opt-gd,cold,1,1588,23.1653,0.004987
opt-gd,cold,1,1611,23.4898,0.004987
opt-gd,cold,1,1672,24.3485,0.004987
opt-gd,cold,1,1696,24.7008,0.004987
opt-gd,cold,1,1717,25.0323,0.004912
opt-gd,cold,1,1718,25.0637,0.004912
opt-gd,cold,1,1731,25.2598,0.004912
opt-gd,cold,1,1750,25.5086,0.004912
opt-gd,cold,1,1767,25.7390,0.004912
opt-gd,cold,1,1860,27.1948,0.004865
opt-gd,cold,1,1861,27.2086,0.004865
opt-gd,cold,1,1889,27.6010,0.004865
opt-gd,cold,1,1893,27.6529,0.004865
opt-gd,cold,1,1910,27.9266,0.004865
opt-gd,cold,1,1914,28.0146,0.004865
opt-gd,cold,2,0,0.0000,0.006439
opt-gd,cold,2,2,0.0482,0.006439
opt-gd,cold,2,3,0.0634,0.006439
opt-gd,cold,2,9,0.1555,0.006439
opt-gd,cold,2,58,0.8895,0.006439
opt-gd,cold,2,60,0.9200,0.006439
opt-gd,cold,2,74,1.1318,0.006439
opt-gd,cold,2,76,1.1617,0.006439
opt-gd,cold,2,128,1.9369,0.006439
opt-gd,cold,2,143,2.1662,0.006439
opt-gd,cold,2,146,2.2111,0.006416
opt-gd,cold,2,147,2.2284,0.006416
opt-gd,cold,2,148,2.2436,0.006416
opt-gd,cold,2,154,2.3334,0.006416
opt-gd,cold,2,203,3.0587,0.006416
opt-gd,cold,2,205,3.0910,0.006416
opt-gd,cold,2,219,3.3074,0.006416
opt-gd,cold,2,221,3.3361,0.006416
opt-gd,cold,2,273,4.1121,0.006416
opt-gd,cold,2,288,4.3468,0.006416
opt-gd,cold,2,291,4.3944,0.005884
opt-gd,cold,2,293,4.4280,0.005884
opt-gd,cold,2,348,5.2402,0.005884
opt-gd,cold,2,350,5.2701,0.005884
opt-gd,cold,2,364,5.4719,0.005884
opt-gd,cold,2,422,6.3305,0.005884
opt-gd,cold,2,436,6.5531,0.005684
opt-gd,cold,2,438,6.5828,0.005684
opt-gd,cold,2,493,7.5268,0.005684
opt-gd,cold,2,495,7.5570,0.005684
opt-gd,cold,2,509,7.7723,0.005684
opt-gd,cold,2,567,8.7008,0.005684
opt-gd,cold,2,581,8.9159,0.005672
opt-gd,cold,2,583,8.9639,0.005672
opt-gd,cold,2,638,9.8074,0.005672
opt-gd,cold,2,640,9.8378,0.005672
opt-gd,cold,2,654,10.0426,0.005672
opt-gd,cold,2,713,10.9611,0.005672
opt-gd,cold,2,726,11.1946,0.005634
opt-gd,cold,2,728,11.2317,0.005634
opt-gd,cold,2,783,12.0877,0.005634
opt-gd,cold,2,785,12.1171,0.005634
opt-gd,cold,2,799,12.3212,0.005634
opt-gd,cold,2,854,13.1699,0.005634
opt-gd,cold,2,858,13.2313,0.005634
opt-gd,cold,2,1161,18.1068,0.005514
opt-gd,cold,2,1163,18.1361,0.005514
opt-gd,cold,2,1218,18.9673,0.005514
opt-gd,cold,2,1220,18.9975,0.005514
opt-gd,cold,2,1251,19.4581,0.005514
opt-gd,cold,2,1273,19.7844,0.005514
opt-gd,cold,2,1289,20.0293,0.005514
opt-gd,cold,2,1292,20.0732,0.005514
opt-gd,cold,2,1596,24.7472,0.005480
opt-gd,cold,2,1598,24.7762,0.005480
opt-gd,cold,2,1653,25.6479,0.005480
opt-gd,cold,2,1655,25.6790,0.005480
opt-gd,cold,2,1686,26.1749,0.005480
opt-gd,cold,2,1724,26.7901,0.005480
opt-gd,cold,2,1727,26.8372,0.005480
opt-gd,cold,3,0,0.0000,0.006382
opt-gd,cold,3,4,0.0813,0.006382
opt-gd,cold,3,10,0.1753,0.006382
opt-gd,cold,3,26,0.4491,0.006382
opt-gd,cold,3,27,0.4663,0.006382
opt-gd,cold,3,59,0.9837,0.006382
opt-gd,cold,3,64,1.0679,0.006382
opt-gd,cold,3,142,2.2730,0.006283
opt-gd,cold,3,145,2.3179,0.006283
opt-gd,cold,3,151,2.4089,0.006283
opt-gd,cold,3,155,2.4691,0.006283
opt-gd,cold,3,167,2.6475,0.006283
opt-gd,cold,3,168,2.6615,0.006283
opt-gd,cold,3,205,3.2235,0.006283
opt-gd,cold,3,283,4.4376,0.006118
opt-gd,cold,3,296,4.6352,0.006118
opt-gd,cold,3,308,4.8199,0.006118
opt-gd,cold,3,347,5.4659,0.006118
opt-gd,cold,3,424,6.6988,0.005853
opt-gd,cold,3,435,6.8823,0.005853
opt-gd,cold,3,453,7.1632,0.005853
opt-gd,cold,3,455,7.1964,0.005853
opt-gd,cold,3,469,7.4269,0.005853
opt-gd,cold,3,475,7.5247,0.005853
opt-gd,cold,3,485,7.6877,0.005853
opt-gd,cold,3,565,8.9798,0.005785
opt-gd,cold,3,576,9.1800,0.005785
opt-gd,cold,3,590,9.3940,0.005785
opt-gd,cold,3,591,9.4091,0.005785
opt-gd,cold,3,610,9.6998,0.005785
opt-gd,cold,3,616,9.7992,0.005785
opt-gd,cold,3,629,10.0028,0.005785
opt-gd,cold,3,655,10.4147,0.005785
opt-gd,cold,3,706,11.2340,0.005674
opt-gd,cold,3,717,11.4461,0.005674
opt-gd,cold,3,731,11.6964,0.005674
opt-gd,cold,3,732,11.7196,0.005674
opt-gd,cold,3,757,12.1220,0.005674
opt-gd,cold,3,770,12.3150,0.005674
opt-gd,cold,3,796,12.7104,0.005674
opt-gd,cold,3,988,15.6747,0.005526
opt-gd,cold,3,999,15.8447,0.005526
opt-gd,cold,3,1013,16.0653,0.005526
opt-gd,cold,3,1033,16.3846,0.005526
opt-gd,cold,3,1039,16.4782,0.005526
opt-gd,cold,3,1042,16.5253,0.005526
opt-gd,cold,3,1129,17.9012,0.005455
opt-gd,cold,3,1140,18.1033,0.005455
opt-gd,cold,3,1163,18.4607,0.005455
opt-gd,cold,3,1169,18.5520,0.005455
opt-gd,cold,3,1174,18.6264,0.005455
opt-gd,cold,3,1180,18.7177,0.005455
opt-gd,cold,3,1183,18.7639,0.005455
opt-gd,cold,3,1191,18.8792,0.005455
opt-gd,cold,3,1270,20.1079,0.005416
opt-gd,cold,3,1281,20.3159,0.005416
opt-gd,cold,3,1304,20.6731,0.005416
opt-gd,cold,3,1315,20.8458,0.005416
opt-gd,cold,3,1321,20.9426,0.005416
opt-gd,cold,3,1324,20.9904,0.005416
opt-gd,cold,3,1331,21.1014,0.005416
opt-gd,cold,3,1332,21.1162,0.005416
opt-gd,cold,3,1411,22.3329,0.005349
opt-gd,cold,3,1422,22.5409,0.005349
opt-gd,cold,3,1436,22.7657,0.005349
opt-gd,cold,3,1456,23.0798,0.005349
opt-gd,cold,3,1462,23.1776,0.005349
opt-gd,cold,3,1468,23.2710,0.005349
opt-gd,cold,3,1472,23.3310,0.005349
opt-gd,cold,3,1552,24.8233,0.005314
opt-gd,cold,3,1563,24.9926,0.005314
opt-gd,cold,3,1577,25.2072,0.005314
opt-gd,cold,3,1603,25.5925,0.005314
opt-gd,cold,3,1609,25.6780,0.005314
opt-gd,cold,3,1615,25.7629,0.005314
opt-gd,cold,3,1616,25.7778,0.005314
opt-gd,cold,3,1693,26.9432,0.005251
opt-gd,cold,3,1699,27.0668,0.005251
opt-gd,cold,3,1701,27.0972,0.005251
opt-gd,cold,3,1704,27.1436,0.005251
opt-gd,cold,3,1723,27.4342,0.005251
opt-gd,cold,3,1727,27.4930,0.005251
opt-gd,cold,3,1738,27.6607,0.005251
opt-gd,cold,3,1744,27.7531,0.005251
opt-gd,cold,3,1746,27.7830,0.005251
opt-gd,cold,3,1750,27.8431,0.005251
opt-gd,cold,3,1756,27.9345,0.005251
opt-gd,cold,3,1758,27.9657,0.005251
opt-gd,cold,3,1759,27.9817,0.005251
opt-gd,cold,3,1834,29.1109,0.005214
opt-gd,cold,3,1836,29.1741,0.005214
opt-gd,cold,3,1840,29.2336,0.005214
opt-gd,cold,3,1841,29.2472,0.005214
opt-gd,cold,3,1845,29.3041,0.005214
opt-gd,cold,3,1864,29.5849,0.005214
opt-gd,cold,3,1879,29.8109,0.005214
opt-gd,cold,3,1887,29.9359,0.005214
opt-gd,cold,3,1899,30.1173,0.005214
opt-gd,cold,3,1900,30.1323,0.005214
opt-gd,cold,3,1975,31.2847,0.005066
opt-gd,cold,3,1976,31.3170,0.005066
opt-gd,cold,3,1977,31.3473,0.005066
opt-gd,cold,3,1979,31.3772,0.005066
opt-gd,cold,3,1980,31.3919,0.005066
opt-gd,cold,3,1982,31.4205,0.005066
opt-gd,cold,3,1986,31.4799,0.005066
opt-gd,cold,4,0,0.0000,0.006222
opt-gd,cold,4,2,0.0498,0.006222
opt-gd,cold,4,4,0.0808,0.006222
opt-gd,cold,4,11,0.1882,0.006222
opt-gd,cold,4,17,0.2812,0.006222
opt-gd,cold,4,33,0.5395,0.006222
opt-gd,cold,4,34,0.5545,0.006222
opt-gd,cold,4,41,0.6597,0.006222
opt-gd,cold,4,43,0.6913,0.006222
opt-gd,cold,4,146,2.2944,0.006188
opt-gd,cold,4,147,2.3096,0.006188
opt-gd,cold,4,149,2.3384,0.006188
opt-gd,cold,4,156,2.4444,0.006188
opt-gd,cold,4,162,2.5381,0.006188
opt-gd,cold,4,178,2.7860,0.006188
opt-gd,cold,4,179,2.8022,0.006188
opt-gd,cold,4,186,2.9106,0.006188
opt-gd,cold,4,188,2.9397,0.006188
opt-gd,cold,4,291,4.4955,0.005283
opt-gd,cold,4,292,4.5114,0.005283
opt-gd,cold,4,294,4.5400,0.005283
opt-gd,cold,4,301,4.6482,0.005283
opt-gd,cold,4,307,4.7379,0.005283
opt-gd,cold,4,322,4.9764,0.005283
opt-gd,cold,4,356,5.4915,0.005283
opt-gd,cold,4,436,6.6660,0.005181
opt-gd,cold,4,437,6.6830,0.005181
opt-gd,cold,4,439,6.7140,0.005181
opt-gd,cold,4,446,6.8169,0.005181
opt-gd,cold,4,452,6.9085,0.005181
opt-gd,cold,4,467,7.1386,0.005181
opt-gd,cold,4,581,8.8765,0.005033
opt-gd,cold,4,582,8.9010,0.005033
opt-gd,cold,4,584,8.9485,0.005033
opt-gd,cold,4,591,9.0555,0.005033
opt-gd,cold,4,597,9.1442,0.005033
opt-gd,cold,4,614,9.3981,0.005033
opt-gd,cold,4,619,9.4723,0.005033
opt-gd,cold,4,649,9.9337,0.005033
opt-gd,cold,4,726,11.2132,0.004922
opt-gd,cold,4,727,11.2279,0.004922
opt-gd,cold,4,729,11.2633,0.004922
opt-gd,cold,4,736,11.3689,0.004922
opt-gd,cold,4,742,11.4580,0.004922
opt-gd,cold,4,758,11.6952,0.004922
opt-gd,cold,4,871,13.3856,0.004860
opt-gd,cold,4,872,13.4131,0.004860
opt-gd,cold,4,874,13.4623,0.004860
opt-gd,cold,4,881,13.5657,0.004860
opt-gd,cold,4,887,13.6533,0.004860
opt-gd,cold,4,903,13.8858,0.004860
opt-gd,cold,4,1016,15.7832,0.004813
opt-gd,cold,4,1017,15.7981,0.004813
opt-gd,cold,4,1019,15.8283,0.004813
opt-gd,cold,4,1026,15.9333,0.004813
opt-gd,cold,4,1032,16.0221,0.004813
opt-gd,cold,4,1048,16.2594,0.004813
opt-gd,cold,4,1055,16.3630,0.004813
opt-gd,cold,4,1057,16.3936,0.004813
opt-gd,cold,4,1083,16.7948,0.004813
opt-gd,cold,4,1161,18.0022,0.004715
opt-gd,cold,4,1162,18.0354,0.004715
opt-gd,cold,4,1164,18.0802,0.004715
opt-gd,cold,4,1171,18.1872,0.004715
opt-gd,cold,4,1177,18.2858,0.004715
opt-gd,cold,4,1192,18.5234,0.004715
opt-gd,cold,4,1228,19.0583,0.004715
opt-gd,cold,4,1306,20.2423,0.004633
opt-gd,cold,4,1307,20.2754,0.004633
opt-gd,cold,4,1309,20.3191,0.004633
opt-gd,cold,4,1316,20.4246,0.004633
opt-gd,cold,4,1322,20.5140,0.004633
opt-gd,cold,4,1337,20.7345,0.004633
opt-gd,cold,4,1451,22.4574,0.004576
opt-gd,cold,4,1452,22.4900,0.004576
opt-gd,cold,4,1454,22.5340,0.004576
opt-gd,cold,4,1461,22.6370,0.004576
opt-gd,cold,4,1467,22.7233,0.004576
opt-gd,cold,4,1482,22.9499,0.004576
opt-gd,cold,4,1545,23.9295,0.004576
opt-gd,cold,4,1586,24.5782,0.004576
opt-gd,cold,4,1596,24.7409,0.004526
opt-gd,cold,4,1597,24.7727,0.004526
opt-gd,cold,4,1599,24.8230,0.004526
opt-gd,cold,4,1606,24.9317,0.004526
opt-gd,cold,4,1612,25.0215,0.004526
opt-gd,cold,4,1615,25.0664,0.004526
opt-gd,cold,4,1628,25.2592,0.004526
opt-gd,cold,4,1683,26.1235,0.004526
opt-gd,cold,4,1731,26.8460,0.004526
opt-gd,cold,4,1886,29.3277,0.004513
opt-gd,cold,4,1887,29.3433,0.004513
opt-gd,cold,4,1889,29.3748,0.004513
opt-gd,cold,4,1896,29.4819,0.004513
opt-gd,cold,4,1902,29.5723,0.004513
opt-gd,cold,4,1905,29.6197,0.004513
opt-gd,cold,4,1917,29.8024,0.004513
opt-gd,cold,4,1973,30.6253,0.004513
opt-gd,cold,5,0,0.0000,0.006533
opt-gd,cold,5,3,0.0610,0.006533
opt-gd,cold,5,111,1.7889,0.006533
opt-gd,cold,5,113,1.8201,0.006533
opt-gd,cold,5,142,2.3011,0.006525
opt-gd,cold,5,144,2.3325,0.006525
opt-gd,cold,5,252,4.0521,0.006525
opt-gd,cold,5,254,4.0821,0.006525
opt-gd,cold,5,283,4.5378,0.006516
opt-gd,cold,5,285,4.5678,0.006516
opt-gd,cold,5,393,6.3363,0.006516
opt-gd,cold,5,395,6.3665,0.006516
opt-gd,cold,5,424,6.8090,0.006477
opt-gd,cold,5,426,6.8382,0.006477
opt-gd,cold,5,534,8.5329,0.006477
opt-gd,cold,5,536,8.5649,0.006477
opt-gd,cold,5,565,9.0100,0.006330
opt-gd,cold,5,567,9.0420,0.006330
opt-gd,cold,5,603,9.5741,0.006330
opt-gd,cold,5,605,9.6035,0.006330
opt-gd,cold,5,675,10.6264,0.006330
opt-gd,cold,5,677,10.6569,0.006330
opt-gd,cold,5,706,11.0959,0.006039
opt-gd,cold,5,711,11.1750,0.006039
opt-gd,cold,5,722,11.3327,0.006039
opt-gd,cold,5,723,11.3483,0.006039
opt-gd,cold,5,724,11.3637,0.006039
opt-gd,cold,5,725,11.3789,0.006039
opt-gd,cold,5,728,11.4238,0.006039
opt-gd,cold,5,736,11.5396,0.006039
opt-gd,cold,5,738,11.5701,0.006039
opt-gd,cold,5,988,15.3407,0.006024
opt-gd,cold,5,995,15.4466,0.006024
opt-gd,cold,5,1017,15.7795,0.006024
opt-gd,cold,5,1018,15.7939,0.006024
opt-gd,cold,5,1020,15.8259,0.006024
opt-gd,cold,5,1129,17.4407,0.005827
opt-gd,cold,5,1134,17.5464,0.005827
opt-gd,cold,5,1136,17.5764,0.005827
opt-gd,cold,5,1159,17.9221,0.005827
opt-gd,cold,5,1161,17.9501,0.005827
opt-gd,cold,5,1166,18.0230,0.005827
opt-gd,cold,5,1411,21.9140,0.005717
opt-gd,cold,5,1412,21.9315,0.005717
opt-gd,cold,5,1441,22.3785,0.005717
opt-gd,cold,5,1443,22.4077,0.005717
opt-gd,cold,5,1552,24.1700,0.005580
opt-gd,cold,5,1553,24.2024,0.005580
opt-gd,cold,5,1583,24.6866,0.005580
opt-gd,cold,5,1590,24.7973,0.005580
opt-gd,cold,5,1693,26.3803,0.005436
opt-gd,cold,5,1698,26.4884,0.005436
opt-gd,cold,5,1700,26.5181,0.005436
opt-gd,cold,5,1726,26.9044,0.005436
opt-gd,cold,5,1728,26.9349,0.005436
opt-gd,cold,5,1730,26.9644,0.005436
opt-gd,cold,5,1733,27.0096,0.005436
opt-gd,cold,5,1766,27.5252,0.005436
opt-gd,cold,5,1834,28.6347,0.005341
opt-gd,cold,5,1841,28.7765,0.005341
opt-gd,cold,5,1867,29.1858,0.005341
opt-gd,cold,5,1869,29.2143,0.005341
opt-gd,cold,5,1871,29.2435,0.005341
opt-gd,cold,5,1935,30.3451,0.005341
opt-gd,cold,5,1975,31.0405,0.005276
opt-gd,cold,5,1982,31.1461,0.005276
opt-gd,cold,6,0,0.0000,0.005782
opt-gd,cold,6,2,0.0517,0.005782
opt-gd,cold,6,10,0.1768,0.005782
opt-gd,cold,6,11,0.1916,0.005782
opt-gd,cold,6,12,0.2076,0.005782
opt-gd,cold,6,26,0.4195,0.005782
opt-gd,cold,6,27,0.4359,0.005782
opt-gd,cold,6,148,2.3760,0.005768
opt-gd,cold,6,149,2.3915,0.005768
opt-gd,cold,6,157,2.5194,0.005768
opt-gd,cold,6,158,2.5342,0.005768
opt-gd,cold,6,159,2.5507,0.005768
opt-gd,cold,6,173,2.7602,0.005768
opt-gd,cold,6,174,2.7750,0.005768
opt-gd,cold,6,295,4.6344,0.005754
opt-gd,cold,6,296,4.6494,0.005754
opt-gd,cold,6,304,4.7755,0.005754
opt-gd,cold,6,305,4.7907,0.005754
opt-gd,cold,6,306,4.8052,0.005754
opt-gd,cold,6,320,5.0075,0.005754
opt-gd,cold,6,321,5.0221,0.005754
opt-gd,cold,6,442,7.0212,0.005700
opt-gd,cold,6,443,7.0370,0.005700
opt-gd,cold,6,451,7.1590,0.005700
opt-gd,cold,6,452,7.1749,0.005700
opt-gd,cold,6,453,7.1914,0.005700
opt-gd,cold,6,467,7.4129,0.005700
opt-gd,cold,6,468,7.4288,0.005700
opt-gd,cold,6,589,9.4247,0.005621
opt-gd,cold,6,590,9.4395,0.005621
opt-gd,cold,6,598,9.5583,0.005621
opt-gd,cold,6,599,9.5742,0.005621
opt-gd,cold,6,600,9.5898,0.005621
opt-gd,cold,6,614,9.8102,0.005621
opt-gd,cold,6,615,9.8250,0.005621
opt-gd,cold,6,625,9.9779,0.005621
opt-gd,cold,6,883,13.9869,0.005599
opt-gd,cold,6,884,14.0014,0.005599
opt-gd,cold,6,892,14.1243,0.005599
opt-gd,cold,6,893,14.1387,0.005599
opt-gd,cold,6,894,14.1539,0.005599
opt-gd,cold,6,908,14.3681,0.005599
opt-gd,cold,6,910,14.3995,0.005599
opt-gd,cold,6,918,14.5205,0.005599
opt-gd,cold,6,919,14.5348,0.005599
opt-gd,cold,6,1030,16.2445,0.005592
opt-gd,cold,6,1031,16.2603,0.005592
opt-gd,cold,6,1039,16.3922,0.005592
opt-gd,cold,6,1040,16.4092,0.005592
opt-gd,cold,6,1041,16.4239,0.005592
opt-gd,cold,6,1055,16.6420,0.005592
opt-gd,cold,6,1057,16.6728,0.005592
opt-gd,cold,6,1116,17.6014,0.005592
opt-gd,cold,6,1177,18.5743,0.005584
opt-gd,cold,6,1178,18.5988,0.005584
opt-gd,cold,6,1186,18.7393,0.005584
opt-gd,cold,6,1187,18.7544,0.005584
opt-gd,cold,6,1188,18.7696,0.005584
opt-gd,cold,6,1202,18.9766,0.005584
opt-gd,cold,6,1204,19.0073,0.005584
opt-gd,cold,6,1263,19.9308,0.005584
opt-gd,cold,6,1324,20.9863,0.005584
opt-gd,cold,6,1325,21.0078,0.005584
opt-gd,cold,6,1333,21.1724,0.005584
opt-gd,cold,6,1334,21.1887,0.005584
opt-gd,cold,6,1335,21.2047,0.005584
opt-gd,cold,6,1349,21.4282,0.005584
opt-gd,cold,6,1351,21.4598,0.005584
opt-gd,cold,6,1360,21.6026,0.005584
opt-gd,cold,6,1361,21.6190,0.005584
opt-gd,cold,6,1362,21.6346,0.005584
opt-gd,cold,6,1471,23.9405,0.005556
opt-gd,cold,6,1472,23.9864,0.005556
opt-gd,cold,6,1480,24.1553,0.005556
opt-gd,cold,6,1481,24.1769,0.005556
opt-gd,cold,6,1482,24.1995,0.005556
opt-gd,cold,6,1496,24.4412,0.005556
opt-gd,cold,6,1498,24.4738,0.005556
opt-gd,cold,6,1507,24.6074,0.005556
opt-gd,cold,6,1508,24.6229,0.005556
opt-gd,cold,6,1509,24.6396,0.005556
opt-gd,cold,6,1618,26.3388,0.005528
opt-gd,cold,6,1619,26.3701,0.005528
opt-gd,cold,6,1627,26.5053,0.005528
opt-gd,cold,6,1628,26.5201,0.005528
opt-gd,cold,6,1629,26.5342,0.005528
opt-gd,cold,6,1643,26.7419,0.005528
opt-gd,cold,6,1645,26.7703,0.005528
opt-gd,cold,6,1765,28.6014,0.005497
opt-gd,cold,6,1766,28.6351,0.005497
opt-gd,cold,6,1774,28.7723,0.005497
opt-gd,cold,6,1775,28.7887,0.005497
opt-gd,cold,6,1776,28.8043,0.005497
opt-gd,cold,6,1790,29.0116,0.005497
opt-gd,cold,6,1792,29.0435,0.005497
opt-gd,cold,6,1912,30.9352,0.005448
opt-gd,cold,6,1913,30.9716,0.005448
opt-gd,cold,6,1921,31.1075,0.005448
opt-gd,cold,6,1922,31.1224,0.005448
opt-gd,cold,6,1923,31.1378,0.005448
opt-gd,cold,6,1937,31.3583,0.005448
opt-gd,cold,6,1939,31.3889,0.005448
opt-gd,cold,6,1997,32.2723,0.005448
opt-gd,cold,7,0,0.0000,0.005357
opt-gd,cold,7,2,0.0464,0.005357
opt-gd,cold,7,6,0.1052,0.005357
opt-gd,cold,7,27,0.4372,0.005357
opt-gd,cold,7,142,2.2099,0.005324
opt-gd,cold,7,143,2.2271,0.005324
opt-gd,cold,7,147,2.2871,0.005324
opt-gd,cold,7,168,2.6203,0.005324
opt-gd,cold,7,283,4.3710,0.005269
opt-gd,cold,7,284,4.3864,0.005269
opt-gd,cold,7,288,4.4491,0.005269
opt-gd,cold,7,309,4.7661,0.005269
opt-gd,cold,7,424,6.6042,0.005198
opt-gd,cold,7,425,6.6191,0.005198
opt-gd,cold,7,429,6.6815,0.005198
opt-gd,cold,7,450,6.9971,0.005198
opt-gd,cold,7,495,7.6906,0.005198
opt-gd,cold,7,496,7.7054,0.005198
opt-gd,cold,7,565,8.7938,0.004956
opt-gd,cold,7,566,8.8175,0.004956
opt-gd,cold,7,568,8.8656,0.004956
opt-gd,cold,7,590,9.1895,0.004956
opt-gd,cold,7,616,9.5657,0.004956
opt-gd,cold,7,617,9.5797,0.004956
opt-gd,cold,7,706,10.9714,0.004919
opt-gd,cold,7,707,11.0411,0.004919
opt-gd,cold,7,709,11.0711,0.004919
opt-gd,cold,7,749,11.6857,0.004919
opt-gd,cold,7,751,11.7143,0.004919
opt-gd,cold,7,774,12.0950,0.004919
opt-gd,cold,7,778,12.1506,0.004919
opt-gd,cold,7,847,13.2274,0.004887
opt-gd,cold,7,848,13.2592,0.004887
opt-gd,cold,7,850,13.3042,0.004887
opt-gd,cold,7,892,14.0692,0.004887
opt-gd,cold,7,914,14.4021,0.004887
opt-gd,cold,7,988,15.5882,0.004826
opt-gd,cold,7,989,15.6203,0.004826
opt-gd,cold,7,991,15.6697,0.004826
opt-gd,cold,7,1013,16.0294,0.004826
opt-gd,cold,7,1039,16.4206,0.004826
opt-gd,cold,7,1040,16.4348,0.004826
opt-gd,cold,7,1129,17.8339,0.004769
opt-gd,cold,7,1130,17.8484,0.004769
opt-gd,cold,7,1132,17.8772,0.004769
opt-gd,cold,7,1154,18.2015,0.004769
opt-gd,cold,7,1174,18.5102,0.004769
opt-gd,cold,7,1177,18.5542,0.004769
opt-gd,cold,7,1181,18.6142,0.004769
opt-gd,cold,7,1411,22.2052,0.004742
opt-gd,cold,7,1412,22.2201,0.004742
opt-gd,cold,7,1414,22.2497,0.004742
opt-gd,cold,7,1456,22.8714,0.004742
opt-gd,cold,7,1463,22.9802,0.004742
opt-gd,cold,7,1480,23.2394,0.004742
opt-gd,cold,7,1552,24.3548,0.004724
opt-gd,cold,7,1553,24.3818,0.004724
opt-gd,cold,7,1555,24.4293,0.004724
opt-gd,cold,7,1597,25.0503,0.004724
opt-gd,cold,7,1602,25.1234,0.004724
opt-gd,cold,7,1621,25.4122,0.004724
opt-gd,cold,7,1693,26.4952,0.004676
opt-gd,cold,7,1694,26.5277,0.004676
opt-gd,cold,7,1743,27.2888,0.004676
opt-gd,cold,7,1834,28.6951,0.004638
opt-gd,cold,7,1835,28.7272,0.004638
opt-gd,cold,7,1884,29.4930,0.004638
opt-gd,cold,7,1901,29.7497,0.004638
opt-gd,cold,7,1975,30.9614,0.004561
opt-gd,cold,7,1976,30.9775,0.004561
opt-gd,cold,8,0,0.0000,0.006406
opt-gd,cold,8,6,0.1058,0.006406
opt-gd,cold,8,24,0.3745,0.006406
opt-gd,cold,8,144,2.1625,0.006394
opt-gd,cold,8,149,2.2380,0.006394
opt-gd,cold,8,167,2.5032,0.006394
opt-gd,cold,8,287,4.3195,0.006382
opt-gd,cold,8,292,4.3930,0.006382
opt-gd,cold,8,310,4.6818,0.006382
opt-gd,cold,8,430,6.6135,0.006370
opt-gd,cold,8,440,6.7699,0.006370
opt-gd,cold,8,446,6.8620,0.006370
opt-gd,cold,8,452,6.9513,0.006370
opt-gd,cold,8,453,6.9668,0.006370
opt-gd,cold,8,573,8.7372,0.006357
opt-gd,cold,8,583,8.8827,0.006357
opt-gd,cold,8,589,8.9733,0.006357
opt-gd,cold,8,595,9.0631,0.006357
opt-gd,cold,8,596,9.0782,0.006357
opt-gd,cold,8,716,10.8718,0.006307
opt-gd,cold,8,726,11.0203,0.006307
opt-gd,cold,8,738,11.1979,0.006307
opt-gd,cold,8,739,11.2135,0.006307
opt-gd,cold,8,859,12.9876,0.006213
opt-gd,cold,8,869,13.1338,0.006213
opt-gd,cold,8,881,13.3064,0.006213
opt-gd,cold,8,882,13.3220,0.006213
opt-gd,cold,8,883,13.3378,0.006213
opt-gd,cold,8,1002,15.1071,0.006158
opt-gd,cold,8,1012,15.2527,0.006158
opt-gd,cold,8,1024,15.4278,0.006158
opt-gd,cold,8,1028,15.4866,0.006158
opt-gd,cold,8,1029,15.5012,0.006158
opt-gd,cold,8,1047,15.7666,0.006158
opt-gd,cold,8,1145,17.2025,0.005996
opt-gd,cold,8,1155,17.3535,0.005996
opt-gd,cold,8,1167,17.5316,0.005996
opt-gd,cold,8,1168,17.5472,0.005996
opt-gd,cold,8,1288,19.3583,0.005853
opt-gd,cold,8,1293,19.4315,0.005853
opt-gd,cold,8,1294,19.4501,0.005853
opt-gd,cold,8,1311,19.7344,0.005853
opt-gd,cold,8,1574,23.6774,0.005755
opt-gd,cold,8,1579,23.7479,0.005755
opt-gd,cold,8,1597,24.0026,0.005755
opt-gd,cold,8,1717,25.7102,0.005645
opt-gd,cold,8,1727,25.8831,0.005645
opt-gd,cold,8,1740,26.0685,0.005645
opt-gd,cold,8,1776,26.5801,0.005645
opt-gd,cold,8,1860,27.7198,0.005634
opt-gd,cold,8,1865,27.7867,0.005634
opt-gd,cold,8,1883,28.0234,0.005634
opt-gd,cold,9,0,0.0000,0.006225
opt-gd,cold,9,11,0.1752,0.006225
opt-gd,cold,9,15,0.2299,0.006225
opt-gd,cold,9,20,0.2966,0.006225
opt-gd,cold,9,21,0.3108,0.006225
opt-gd,cold,9,22,0.3248,0.006225
opt-gd,cold,9,23,0.3399,0.006225
opt-gd,cold,9,24,0.3539,0.006225
opt-gd,cold,9,28,0.4102,0.006225
opt-gd,cold,9,146,2.0570,0.006214
opt-gd,cold,9,156,2.1937,0.006214
opt-gd,cold,9,160,2.2504,0.006214
opt-gd,cold,9,165,2.3275,0.006214
opt-gd,cold,9,166,2.3417,0.006214
opt-gd,cold,9,167,2.3563,0.006214
opt-gd,cold,9,168,2.3707,0.006214
opt-gd,cold,9,169,2.3847,0.006214
opt-gd,cold,9,173,2.4442,0.006214
opt-gd,cold,9,291,4.1703,0.006193
opt-gd,cold,9,293,4.1982,0.006193
opt-gd,cold,9,297,4.2540,0.006193
opt-gd,cold,9,310,4.4339,0.006193
opt-gd,cold,9,312,4.4602,0.006193
opt-gd,cold,9,317,4.5295,0.006193
opt-gd,cold,9,436,6.2003,0.005881
opt-gd,cold,9,443,6.3036,0.005881
opt-gd,cold,9,444,6.3178,0.005881
opt-gd,cold,9,446,6.3444,0.005881
opt-gd,cold,9,450,6.4020,0.005881
opt-gd,cold,9,455,6.4714,0.005881
opt-gd,cold,9,457,6.4985,0.005881
opt-gd,cold,9,460,6.5396,0.005881
opt-gd,cold,9,462,6.5667,0.005881
opt-gd,cold,9,464,6.5935,0.005881
opt-gd,cold,9,581,8.2259,0.005741
opt-gd,cold,9,582,8.2499,0.005741
opt-gd,cold,9,584,8.2981,0.005741
opt-gd,cold,9,608,8.6381,0.005741
opt-gd,cold,9,634,9.0112,0.005741
opt-gd,cold,9,645,9.1685,0.005741
opt-gd,cold,9,699,9.9244,0.005741
opt-gd,cold,9,703,9.9787,0.005741
opt-gd,cold,9,714,10.1318,0.005741
opt-gd,cold,9,715,10.1463,0.005741
opt-gd,cold,9,726,10.3307,0.005714
opt-gd,cold,9,727,10.3683,0.005714
opt-gd,cold,9,729,10.4084,0.005714
opt-gd,cold,9,753,10.7492,0.005714
opt-gd,cold,9,761,10.8549,0.005714
opt-gd,cold,9,779,11.0954,0.005714
opt-gd,cold,9,844,11.9998,0.005714
opt-gd,cold,9,848,12.0570,0.005714
opt-gd,cold,9,857,12.1812,0.005714
opt-gd,cold,9,858,12.1960,0.005714
opt-gd,cold,9,871,12.3886,0.005629
opt-gd,cold,9,872,12.4146,0.005629
opt-gd,cold,9,874,12.4625,0.005629
opt-gd,cold,9,898,12.7969,0.005629
opt-gd,cold,9,906,12.9179,0.005629
opt-gd,cold,9,924,13.1864,0.005629
opt-gd,cold,9,989,14.1124,0.005629
opt-gd,cold,9,993,14.1762,0.005629
opt-gd,cold,9,1002,14.3100,0.005629
opt-gd,cold,9,1007,14.3827,0.005629
opt-gd,cold,9,1161,16.7423,0.005588
opt-gd,cold,9,1162,16.7597,0.005588
opt-gd,cold,9,1164,16.7891,0.005588
opt-gd,cold,9,1196,17.2376,0.005588
opt-gd,cold,9,1214,17.4927,0.005588
opt-gd,cold,9,1283,18.4981,0.005588
opt-gd,cold,9,1292,18.6373,0.005588
opt-gd,cold,9,1297,18.7177,0.005588
opt-gd,cold,9,1306,18.8787,0.005532
opt-gd,cold,9,1307,18.9109,0.005532
opt-gd,cold,9,1309,18.9721,0.005532
opt-gd,cold,9,1341,19.4820,0.005532
opt-gd,cold,9,1359,19.7387,0.005532
opt-gd,cold,9,1428,20.8823,0.005532
opt-gd,cold,9,1440,21.0539,0.005532
opt-gd,cold,9,1451,21.3056,0.005482
opt-gd,cold,9,1454,21.3493,0.005482
opt-gd,cold,9,1486,21.8170,0.005482
opt-gd,cold,9,1504,22.0994,0.005482
opt-gd,cold,9,1546,22.7292,0.005482
opt-gd,cold,9,1586,23.3235,0.005482
opt-gd,cold,9,1741,25.6615,0.005463
opt-gd,cold,9,1744,25.7048,0.005463
opt-gd,cold,9,1777,26.1905,0.005463
opt-gd,cold,9,1794,26.4487,0.005463
opt-gd,cold,9,1836,27.0670,0.005463
opt-gd,cold,9,1874,27.6159,0.005463
opt-gd,cold,9,1876,27.6438,0.005463
opt-gd,cold,9,1886,27.8730,0.005427
opt-gd,cold,9,1889,27.9179,0.005427
opt-gd,cold,9,1909,28.2295,0.005427
opt-gd,cold,9,1922,28.4238,0.005427
opt-gd,cold,9,1970,29.1431,0.005427
opt-gd,cold,9,1981,29.3078,0.005427
